{
"type": "FeatureCollection",
"name": "deajeun_joonggu_dong",
"crs": { "type": "name", "properties": { "name": "urn:ogc:def:crs:OGC:1.3:CRS84" } },
"features": [
{ "type": "Feature", "properties": { "EMD_CD": "30140101", "EMD_ENG_NM": "Eunhaeng-dong", "EMD_KOR_NM": "은행동" }, "geometry": { "type": "MultiPolygon", "coordinates": [ [ [ [ 127.425855845419079, 36.328669721266365 ], [ 127.42464485954018, 36.329648621345385 ], [ 127.424309870708598, 36.329914363395901 ], [ 127.424021863174389, 36.330135853179364 ], [ 127.423511189994656, 36.330554682905515 ], [ 127.422949460757238, 36.331013486153353 ], [ 127.422712215274132, 36.33120694760175 ], [ 127.422788080055497, 36.331251702684213 ], [ 127.423085057195181, 36.331424374117269 ], [ 127.423140616193294, 36.331456277814901 ], [ 127.423354413740668, 36.331580389541138 ], [ 127.423691919591306, 36.33177717589453 ], [ 127.424031799315216, 36.331975998547215 ], [ 127.424629661137857, 36.332329034592455 ], [ 127.425046143921492, 36.332575957913583 ], [ 127.425477169283312, 36.332866136711147 ], [ 127.425475003281804, 36.332802307213065 ], [ 127.425502062448217, 36.332791000670099 ], [ 127.4256235945859, 36.332675372926282 ], [ 127.425720875745156, 36.332593967450613 ], [ 127.425920938447021, 36.33243096550617 ], [ 127.426074691905839, 36.332321711301176 ], [ 127.426286280888959, 36.332148493588321 ], [ 127.426504882045549, 36.331988966371121 ], [ 127.426708446591348, 36.331808954583764 ], [ 127.426814898023977, 36.33173484210014 ], [ 127.427167547615397, 36.331442004127737 ], [ 127.427314544192527, 36.331350462352169 ], [ 127.427536481526815, 36.331190795190572 ], [ 127.42773753657913, 36.331033436988371 ], [ 127.427905695642934, 36.330934213137994 ], [ 127.428102961876661, 36.330795116529387 ], [ 127.428132854924911, 36.330772660813352 ], [ 127.428682417760911, 36.330359764350057 ], [ 127.429087203057421, 36.330057416241331 ], [ 127.429452774363497, 36.329631503533626 ], [ 127.429586820606616, 36.329453952577083 ], [ 127.430139970008142, 36.328763611252825 ], [ 127.430346257622347, 36.328504343550179 ], [ 127.430515993030426, 36.32828997683076 ], [ 127.430877605276592, 36.327839598109335 ], [ 127.430469520759885, 36.327693154270122 ], [ 127.430268105820062, 36.327621675176843 ], [ 127.42957542221788, 36.327370190084892 ], [ 127.429527815151403, 36.327350471740992 ], [ 127.429271583112779, 36.327258126889795 ], [ 127.429019556228937, 36.327166865873515 ], [ 127.42712930212403, 36.326496967835297 ], [ 127.426789614382287, 36.327082658254866 ], [ 127.426520758731471, 36.327542247343651 ], [ 127.426478394944894, 36.32761428435537 ], [ 127.426348427505943, 36.327840237290509 ], [ 127.425888887419376, 36.328642658954792 ], [ 127.425855845419079, 36.328669721266365 ] ] ] ] } },
{ "type": "Feature", "properties": { "EMD_CD": "30140102", "EMD_ENG_NM": "Seonhwa-dong", "EMD_KOR_NM": "선화동" }, "geometry": { "type": "MultiPolygon", "coordinates": [ [ [ [ 127.425477169283312, 36.332866136711147 ], [ 127.425046145091017, 36.332575958965521 ], [ 127.424629662452944, 36.332329035410638 ], [ 127.424031800680524, 36.331975999607266 ], [ 127.423691920464975, 36.331777176551491 ], [ 127.423354414527608, 36.331580390251204 ], [ 127.423140617134607, 36.331456278911688 ], [ 127.423085058565491, 36.331424375106884 ], [ 127.42278808149463, 36.331251703325975 ], [ 127.422712216279606, 36.331206948500302 ], [ 127.422949461980195, 36.331013487051081 ], [ 127.4235111914398, 36.330554683652863 ], [ 127.42402186453792, 36.330135853918186 ], [ 127.424309871850824, 36.329914364443496 ], [ 127.424644860350966, 36.329648622442569 ], [ 127.425855846733256, 36.328669721930552 ], [ 127.423649505030298, 36.327849801002898 ], [ 127.421540242667533, 36.327070726111749 ], [ 127.421846286345215, 36.326471479897343 ], [ 127.421215632148503, 36.326054759893175 ], [ 127.420688067135842, 36.325715139218843 ], [ 127.420047313502536, 36.32522354292378 ], [ 127.419834685915163, 36.325059832324349 ], [ 127.419593210658505, 36.324882831184212 ], [ 127.419354872911256, 36.324686253966007 ], [ 127.419247660402121, 36.32459858409652 ], [ 127.419130639467198, 36.324500927928099 ], [ 127.418977832052249, 36.324375090373351 ], [ 127.418684147928431, 36.324134538663017 ], [ 127.418577529854034, 36.324043081339177 ], [ 127.418480094764959, 36.32397798734096 ], [ 127.418420144269803, 36.323935615778851 ], [ 127.417648029753423, 36.323477177064916 ], [ 127.417190629845109, 36.323277122669289 ], [ 127.417112831626014, 36.323243635014393 ], [ 127.417063102144184, 36.323221666394367 ], [ 127.416881524845508, 36.323142291588077 ], [ 127.416763605155239, 36.323090397158509 ], [ 127.416746121743202, 36.323150122563625 ], [ 127.416730674073762, 36.323146942591116 ], [ 127.416704811763793, 36.323142076094193 ], [ 127.416605905827083, 36.323118268274989 ], [ 127.416564654053218, 36.323109399807755 ], [ 127.416544133289676, 36.323103703431471 ], [ 127.416470791621109, 36.323091612059294 ], [ 127.416426306333477, 36.323081944023116 ], [ 127.416386517162209, 36.323075864027295 ], [ 127.41628721231983, 36.323060888634345 ], [ 127.416238626319782, 36.323054929319625 ], [ 127.416076787664565, 36.323028815854968 ], [ 127.416067314083833, 36.323027316874011 ], [ 127.415981732595299, 36.32301707010425 ], [ 127.415889151511692, 36.323009911214747 ], [ 127.415770293561565, 36.32300365462153 ], [ 127.41568743048083, 36.323002049115694 ], [ 127.415563118127452, 36.322996351896954 ], [ 127.415542287842101, 36.322995342689268 ], [ 127.415505753010947, 36.322993847190965 ], [ 127.415460975420658, 36.322992109612116 ], [ 127.41538913752278, 36.322990555922289 ], [ 127.415360843345582, 36.322989031845765 ], [ 127.415300021566068, 36.322985817917576 ], [ 127.415192650728898, 36.322982765069185 ], [ 127.415077355570702, 36.32297631559581 ], [ 127.414995828813048, 36.322974704986805 ], [ 127.414994220086967, 36.322984254149375 ], [ 127.414989673918868, 36.323011223622096 ], [ 127.414867617928564, 36.323727896831343 ], [ 127.414859732339963, 36.323774064592904 ], [ 127.414981546040622, 36.323770398645607 ], [ 127.41502443707796, 36.323773404701363 ], [ 127.415228009387647, 36.323793967782152 ], [ 127.415430044482122, 36.323818681426395 ], [ 127.41619378548215, 36.324197319859188 ], [ 127.416178419651303, 36.32421873088736 ], [ 127.416145310516058, 36.324265057734642 ], [ 127.416132542535948, 36.324282872990103 ], [ 127.416270390041134, 36.324343692444103 ], [ 127.416314995701924, 36.324363372338105 ], [ 127.416360773937171, 36.324383571225574 ], [ 127.416410648936647, 36.324405575928843 ], [ 127.416397253184584, 36.324437415891623 ], [ 127.416407766047286, 36.324452086140155 ], [ 127.416475299443192, 36.324551878212915 ], [ 127.416477066292245, 36.324554489128225 ], [ 127.416413776913785, 36.324581735175613 ], [ 127.416401399682144, 36.324587221249075 ], [ 127.416284972899874, 36.324638847540832 ], [ 127.416195492778158, 36.324679278401355 ], [ 127.416159778175484, 36.324654160262483 ], [ 127.416112939925185, 36.32461672589244 ], [ 127.416104071310102, 36.3246121858935 ], [ 127.41606201080856, 36.324624914294617 ], [ 127.415811293824518, 36.324707195372923 ], [ 127.415574552654377, 36.324919853702134 ], [ 127.415473100819668, 36.325010980082034 ], [ 127.415432179734793, 36.32504372655707 ], [ 127.415402306935789, 36.325068251394718 ], [ 127.415340737856866, 36.32511774078543 ], [ 127.415329105482982, 36.325127090339414 ], [ 127.415320224163153, 36.325138791102553 ], [ 127.415237719018307, 36.325247370733585 ], [ 127.415189317311999, 36.325329247065802 ], [ 127.415079876858059, 36.325478877887655 ], [ 127.414864521764684, 36.325762681050911 ], [ 127.414891707763275, 36.32578405255336 ], [ 127.414879094697923, 36.325793333400533 ], [ 127.414835067969676, 36.325824413913828 ], [ 127.414832720186141, 36.325833298437594 ], [ 127.414802293612752, 36.325847786417221 ], [ 127.414694097812614, 36.326113194708576 ], [ 127.414683843579752, 36.326122260018941 ], [ 127.414574597365601, 36.326216098371297 ], [ 127.414135634567714, 36.326589130971236 ], [ 127.413911437539909, 36.327026531073066 ], [ 127.413864747484595, 36.327196869614227 ], [ 127.413814785799474, 36.327353052815432 ], [ 127.413810093634496, 36.327369335073222 ], [ 127.413779709388464, 36.327474588239582 ], [ 127.413758523498856, 36.327547981017808 ], [ 127.413817967298442, 36.327705462759177 ], [ 127.413853025257552, 36.327815086232789 ], [ 127.413920973273079, 36.327984326292892 ], [ 127.413925311224716, 36.328012788086085 ], [ 127.413937019825497, 36.328095953091982 ], [ 127.413937207225544, 36.328101846028659 ], [ 127.413938494005492, 36.328147377563894 ], [ 127.41394126246324, 36.328245884081525 ], [ 127.413950097756214, 36.32847478698244 ], [ 127.413850729961283, 36.328584279646591 ], [ 127.413811466804759, 36.328625634971537 ], [ 127.413774491821158, 36.328703920826825 ], [ 127.413779371747651, 36.328719133804597 ], [ 127.413706352382547, 36.328857940669231 ], [ 127.413669727264093, 36.328926546936934 ], [ 127.413652523388336, 36.328950334050205 ], [ 127.413641200852311, 36.328965999474214 ], [ 127.413554646681945, 36.329078808941951 ], [ 127.413540930775497, 36.32909669043174 ], [ 127.413465315112617, 36.329246049637348 ], [ 127.413469592886955, 36.329282208232698 ], [ 127.413480458836574, 36.329425258595869 ], [ 127.413484963971925, 36.329481358879548 ], [ 127.413447434375655, 36.329695642245916 ], [ 127.413442287751352, 36.329725065189656 ], [ 127.413440404338573, 36.32973530940734 ], [ 127.413428276530937, 36.329801028202688 ], [ 127.413427047213787, 36.329823571058157 ], [ 127.413416291201088, 36.330031480774764 ], [ 127.413397980873256, 36.330145641193972 ], [ 127.413417548711209, 36.330376138470477 ], [ 127.413569428322447, 36.33066344886484 ], [ 127.413623537084604, 36.330769789536681 ], [ 127.413878103344871, 36.331335648431072 ], [ 127.413989184841427, 36.331755201533028 ], [ 127.413963460768372, 36.33175811141593 ], [ 127.413969046577037, 36.331782486554232 ], [ 127.413918439296623, 36.331799783646609 ], [ 127.413978125042377, 36.331962238828829 ], [ 127.413984886233663, 36.331979265348544 ], [ 127.414036932395405, 36.332110314254223 ], [ 127.41403960546377, 36.332116658432945 ], [ 127.414102123742481, 36.332264937725142 ], [ 127.414193730102539, 36.332482218003086 ], [ 127.41423784614382, 36.33265315271354 ], [ 127.414254562654946, 36.332699360816505 ], [ 127.414260521601562, 36.332695212807451 ], [ 127.41426673862297, 36.332689342860803 ], [ 127.414268687524824, 36.332695644432079 ], [ 127.414276200236529, 36.332688228824281 ], [ 127.415065056202195, 36.333398949314798 ], [ 127.414495032554683, 36.333791433282087 ], [ 127.414197403283083, 36.333997955530187 ], [ 127.413672534884142, 36.334360793044411 ], [ 127.413406353449489, 36.334545892277283 ], [ 127.413307509754787, 36.334625328379296 ], [ 127.413358142522398, 36.33467384426185 ], [ 127.413388317005655, 36.334695223919041 ], [ 127.413614807810305, 36.334860051296467 ], [ 127.413738050612835, 36.334948859920488 ], [ 127.413939385034197, 36.335093064790733 ], [ 127.414753239578616, 36.33568252022539 ], [ 127.415701855573445, 36.336374641997672 ], [ 127.416446112807137, 36.336886727514518 ], [ 127.416781036403847, 36.337156266549719 ], [ 127.416926931690256, 36.337274650745343 ], [ 127.417358165047915, 36.337620191465561 ], [ 127.417857441765065, 36.338019221063412 ], [ 127.417768497025151, 36.338037256712447 ], [ 127.417649008000225, 36.338061229524129 ], [ 127.417645505353391, 36.338062359381517 ], [ 127.417437469232425, 36.338105933674932 ], [ 127.417301261732348, 36.338134200104371 ], [ 127.417000009297155, 36.33815931768175 ], [ 127.416978611945567, 36.338163537646558 ], [ 127.416949695519733, 36.338171721410944 ], [ 127.416237791588813, 36.338342586809325 ], [ 127.415809582346256, 36.338445940349061 ], [ 127.415819785541458, 36.338473300327784 ], [ 127.415821710277498, 36.338496039050533 ], [ 127.415836091191579, 36.338521357133494 ], [ 127.415852742337037, 36.338550695764233 ], [ 127.41590463068448, 36.338642047465193 ], [ 127.41589881988962, 36.338672049754152 ], [ 127.415892856151103, 36.338702827015318 ], [ 127.415902986780722, 36.338735342119207 ], [ 127.415879336028553, 36.33882513568102 ], [ 127.415868803618721, 36.338912243060079 ], [ 127.415880181902565, 36.338946961659587 ], [ 127.415880869010621, 36.338973615934457 ], [ 127.415754073677078, 36.339038029495548 ], [ 127.415622473592592, 36.339065962326337 ], [ 127.415595157215961, 36.339058892835439 ], [ 127.415539874205734, 36.33907115093038 ], [ 127.415500034683959, 36.33908650057532 ], [ 127.415460154231312, 36.339115188027812 ], [ 127.415464466104225, 36.339140675786339 ], [ 127.415430370586364, 36.339165918703742 ], [ 127.415355969626745, 36.339244785013058 ], [ 127.415178740521242, 36.339410988449309 ], [ 127.415111335613631, 36.339471113966184 ], [ 127.41504409379327, 36.339528543733252 ], [ 127.414960427084736, 36.339580533286302 ], [ 127.414813426179762, 36.339624117358149 ], [ 127.414703134956468, 36.339692492344255 ], [ 127.414597933900041, 36.339792462059485 ], [ 127.414624580772184, 36.339818323666641 ], [ 127.41471421433323, 36.339803522699519 ], [ 127.414789745853398, 36.339771909813045 ], [ 127.41484554210723, 36.339761714002215 ], [ 127.414916397012348, 36.339730396625477 ], [ 127.414950440346573, 36.339722600988644 ], [ 127.414989043727658, 36.339719871842512 ], [ 127.415036694340557, 36.339753356706794 ], [ 127.415065389677963, 36.339749499606206 ], [ 127.415080215434131, 36.339730497017314 ], [ 127.415104762762851, 36.339721715542254 ], [ 127.415186601628591, 36.339720035761161 ], [ 127.415425437478106, 36.339715549999653 ], [ 127.415544206501124, 36.339706505316869 ], [ 127.415717638086335, 36.339683636379185 ], [ 127.41583744814973, 36.339660908000752 ], [ 127.415824297710969, 36.33968478034123 ], [ 127.415770758365127, 36.3396961854517 ], [ 127.415775316747627, 36.339717744027347 ], [ 127.415796245747927, 36.339736550707002 ], [ 127.415819332057183, 36.339750501939669 ], [ 127.415822458196544, 36.339758106267297 ], [ 127.415871417470854, 36.339876728702471 ], [ 127.415933204065112, 36.340053185301443 ], [ 127.416034149744561, 36.340000001858385 ], [ 127.416417941537006, 36.339807739334688 ], [ 127.416790189002796, 36.339638044921983 ], [ 127.416915086578385, 36.339591705296584 ], [ 127.417346894945553, 36.339429119599515 ], [ 127.417941374138351, 36.339290180041701 ], [ 127.419199883366858, 36.338999108213514 ], [ 127.419176824118935, 36.339048753106681 ], [ 127.419702500191434, 36.338898501256629 ], [ 127.419807193379512, 36.338850823485764 ], [ 127.420114183413972, 36.338425919724642 ], [ 127.4204421320986, 36.33791560997129 ], [ 127.420521752505707, 36.337811568772182 ], [ 127.4207606564364, 36.3374993873907 ], [ 127.42117585828278, 36.337166191677241 ], [ 127.421413733050102, 36.337029892368541 ], [ 127.421692204033334, 36.336870370916849 ], [ 127.422009682363623, 36.336746469977903 ], [ 127.422173931639605, 36.336631418419771 ], [ 127.422487697066089, 36.336411633837301 ], [ 127.422528091059647, 36.336383888725805 ], [ 127.423087415513805, 36.336023143469376 ], [ 127.423517890428599, 36.335652424098562 ], [ 127.423720763978736, 36.3354486650722 ], [ 127.423875336756211, 36.335293514265636 ], [ 127.423882774282063, 36.335284755648281 ], [ 127.423975433520695, 36.335138546821412 ], [ 127.424048260724362, 36.335024237346296 ], [ 127.42406045749965, 36.334995473950222 ], [ 127.424079888167128, 36.334951193870843 ], [ 127.424261058942818, 36.334501653546901 ], [ 127.424425299613745, 36.334073016885469 ], [ 127.42466777290916, 36.333471754290215 ], [ 127.424723061516261, 36.33333385076741 ], [ 127.424755691892614, 36.33325290929735 ], [ 127.425177950484084, 36.333029418911444 ], [ 127.425477235574391, 36.332871013496245 ], [ 127.425477169283312, 36.332866136711147 ] ] ] ] } },
{ "type": "Feature", "properties": { "EMD_CD": "30140103", "EMD_ENG_NM": "Mok-dong", "EMD_KOR_NM": "목동" }, "geometry": { "type": "MultiPolygon", "coordinates": [ [ [ [ 127.402585709970211, 36.335910721029492 ], [ 127.402675098638085, 36.335981117815678 ], [ 127.402683175273481, 36.335987912563034 ], [ 127.402699485035399, 36.336001609671165 ], [ 127.402724428900598, 36.336028723250678 ], [ 127.402728528343147, 36.336033179292421 ], [ 127.402738317750206, 36.336043825294226 ], [ 127.402795499135465, 36.336117213853839 ], [ 127.402801669569854, 36.336121527763751 ], [ 127.402870757110421, 36.336169787668837 ], [ 127.402891710765985, 36.336184424457841 ], [ 127.402912424291316, 36.336196782332578 ], [ 127.402968119157819, 36.336230010341673 ], [ 127.40299075270427, 36.33624098265642 ], [ 127.403079770241547, 36.336338748916297 ], [ 127.403203714140972, 36.336474877683912 ], [ 127.403231515304299, 36.336455355011864 ], [ 127.403300968098165, 36.336543192887945 ], [ 127.403363223675029, 36.336593773517905 ], [ 127.403388893483097, 36.33662335371983 ], [ 127.403566356441857, 36.336722327118608 ], [ 127.403617976474905, 36.336769899762793 ], [ 127.40365623409447, 36.336805157657224 ], [ 127.403664305083453, 36.336815154339014 ], [ 127.403691701622535, 36.336849087496923 ], [ 127.40371504897071, 36.336888354008053 ], [ 127.403732840374872, 36.336930189524161 ], [ 127.403750098041414, 36.336970030742201 ], [ 127.403767355725705, 36.337009871957342 ], [ 127.403923119648226, 36.337201404919952 ], [ 127.4040491446803, 36.337401580931974 ], [ 127.40436003970666, 36.337741067437861 ], [ 127.404434082189397, 36.337805713359799 ], [ 127.404596492671203, 36.33794751218673 ], [ 127.404590624172855, 36.337945639523276 ], [ 127.404427242975785, 36.337906376773354 ], [ 127.404458572311313, 36.337955484029031 ], [ 127.404608596989746, 36.338013896585828 ], [ 127.40475943660573, 36.338031564317966 ], [ 127.404893160003041, 36.338036970642008 ], [ 127.404994429600848, 36.338040954400448 ], [ 127.405002862265192, 36.338038952368592 ], [ 127.405075974900669, 36.338021574266037 ], [ 127.405117496167037, 36.338016657849565 ], [ 127.405122672500241, 36.338016062375893 ], [ 127.40512718091945, 36.338015543738507 ], [ 127.405169147313117, 36.338010548561513 ], [ 127.405172375496974, 36.338010164312379 ], [ 127.405224068121228, 36.338005619029893 ], [ 127.405258771119847, 36.33800257299464 ], [ 127.405325440797171, 36.338003682772111 ], [ 127.405326276256773, 36.338003696674868 ], [ 127.405440867889197, 36.338020702001941 ], [ 127.405529759068912, 36.338021843400291 ], [ 127.405560347481597, 36.338022244644002 ], [ 127.405806347115345, 36.338025504009977 ], [ 127.405845891385681, 36.338026001047034 ], [ 127.405874935365006, 36.338020675995857 ], [ 127.406134678462664, 36.338019346288803 ], [ 127.406301635219535, 36.338017519274104 ], [ 127.406606036702541, 36.337993327796497 ], [ 127.406626545685029, 36.337997778544533 ], [ 127.406629342364624, 36.337998385464452 ], [ 127.406903289622946, 36.337986822719252 ], [ 127.406916986936864, 36.337986235554006 ], [ 127.406916979464796, 36.337984793707797 ], [ 127.406974435838521, 36.337981264461746 ], [ 127.407003943471139, 36.337979452125239 ], [ 127.407015301271883, 36.337978782769547 ], [ 127.407076655108298, 36.337975060016127 ], [ 127.407163370924096, 36.337986300682438 ], [ 127.407208278047065, 36.337992104978539 ], [ 127.407271486335517, 36.338000172141236 ], [ 127.407287982248391, 36.338002278940742 ], [ 127.407311945970307, 36.33800535166781 ], [ 127.407383058400498, 36.33801475269869 ], [ 127.407385064698772, 36.338015016235964 ], [ 127.407503548637763, 36.33803074472754 ], [ 127.407753787025896, 36.338048034920355 ], [ 127.407829029846098, 36.338054889358631 ], [ 127.407844976777639, 36.338056376140564 ], [ 127.407910564987972, 36.338063704925666 ], [ 127.407970186371699, 36.338080263922201 ], [ 127.407989524900813, 36.338094987992996 ], [ 127.408049617530168, 36.338140741594493 ], [ 127.408126585906501, 36.338199355376318 ], [ 127.408151358556523, 36.338218220469273 ], [ 127.408332028138858, 36.338355790944668 ], [ 127.408349719364708, 36.338369257277023 ], [ 127.408405995958788, 36.338350871071746 ], [ 127.408659953374496, 36.338136555121721 ], [ 127.408663966267312, 36.338083633781274 ], [ 127.408624811005026, 36.338053019262176 ], [ 127.408659274207736, 36.338044584062281 ], [ 127.408725040917716, 36.338024137743716 ], [ 127.408743408498268, 36.338019893730483 ], [ 127.408744749078423, 36.338019584504053 ], [ 127.408752964998854, 36.338017689347517 ], [ 127.408808547270752, 36.337999187382508 ], [ 127.408892489099244, 36.337971245163374 ], [ 127.409071334224009, 36.337906003505424 ], [ 127.409123135142593, 36.337892372377901 ], [ 127.409188750634755, 36.33783868217153 ], [ 127.409201128357736, 36.337828546847625 ], [ 127.40960207983008, 36.33749325899128 ], [ 127.409568928667952, 36.337467021984693 ], [ 127.410238428775628, 36.336904720278639 ], [ 127.410576947343458, 36.336628173606265 ], [ 127.410627011751302, 36.336587269361139 ], [ 127.411009213366555, 36.336308886726535 ], [ 127.411045341760826, 36.336282565924066 ], [ 127.411004501510661, 36.336255616698907 ], [ 127.410990485715317, 36.336246364648396 ], [ 127.412635249006314, 36.335097556972073 ], [ 127.412909553353984, 36.334903951937001 ], [ 127.413307508814512, 36.334625327458461 ], [ 127.413406352649574, 36.334545891153589 ], [ 127.413672533830947, 36.334360792365992 ], [ 127.414197401999132, 36.333997954408147 ], [ 127.414495031190995, 36.333791432516747 ], [ 127.415065054946567, 36.333398948408302 ], [ 127.414276198872471, 36.332688227975332 ], [ 127.414268686600892, 36.332695643515606 ], [ 127.414266737667006, 36.332689342054444 ], [ 127.414260520357999, 36.332695212120882 ], [ 127.414254561269601, 36.332699360060005 ], [ 127.414237844800667, 36.332653151706118 ], [ 127.414193728813061, 36.332482216863497 ], [ 127.414102122556187, 36.332264936549947 ], [ 127.414039604610494, 36.332116657503008 ], [ 127.414036931537495, 36.332110313478317 ], [ 127.4139848849521, 36.33197926467971 ], [ 127.413978123748407, 36.331962237869632 ], [ 127.413918438486093, 36.331799782575736 ], [ 127.41396904574593, 36.331782485703428 ], [ 127.413963459827073, 36.331758110297116 ], [ 127.413989183510921, 36.331755200859995 ], [ 127.413878102286233, 36.33133564774824 ], [ 127.413623535905231, 36.330769788647522 ], [ 127.41356942695748, 36.330663447831093 ], [ 127.413417547765036, 36.330376137457257 ], [ 127.413397980042333, 36.330145640378362 ], [ 127.413416290392419, 36.330031480055922 ], [ 127.413427046114833, 36.32982356993989 ], [ 127.413428275069435, 36.329801027424494 ], [ 127.413440402929723, 36.329735308303306 ], [ 127.413442286899425, 36.329725064510576 ], [ 127.413447433376916, 36.329695641571732 ], [ 127.413484962879679, 36.329481357998866 ], [ 127.413480457640475, 36.329425257623107 ], [ 127.413469591913397, 36.329282207175588 ], [ 127.413465314189821, 36.329246048923281 ], [ 127.413540929335269, 36.329096689565439 ], [ 127.413554645350644, 36.329078808110495 ], [ 127.41364120006412, 36.328965998508856 ], [ 127.41365252206765, 36.328950333165885 ], [ 127.413669726285818, 36.32892654601185 ], [ 127.413706351583613, 36.328857939734725 ], [ 127.413779370845418, 36.32871913287044 ], [ 127.413774490576486, 36.32870391991586 ], [ 127.413811465618593, 36.328625633822753 ], [ 127.413850728967176, 36.328584278818383 ], [ 127.413950096772965, 36.328474786149762 ], [ 127.413941261452408, 36.328245883174162 ], [ 127.413938492608906, 36.328147376719429 ], [ 127.413937205762707, 36.32810184499084 ], [ 127.413937018786399, 36.328095951977872 ], [ 127.413925309773873, 36.328012787263845 ], [ 127.413920972239652, 36.327984325227156 ], [ 127.413853024182089, 36.327815085440044 ], [ 127.413817966314411, 36.32770546177251 ], [ 127.413758522519558, 36.327547979903521 ], [ 127.413656107404137, 36.327615812785652 ], [ 127.413592447442994, 36.327657972782944 ], [ 127.413571249651042, 36.327672014015675 ], [ 127.413548539734052, 36.327687051907766 ], [ 127.413532383268802, 36.327697750271035 ], [ 127.41354004418767, 36.327702623556192 ], [ 127.413550742907205, 36.327709429239242 ], [ 127.413516357590495, 36.327738040863011 ], [ 127.413480597277996, 36.327767796566626 ], [ 127.413469020888527, 36.327777424926879 ], [ 127.413452554462054, 36.327784772153592 ], [ 127.413397355199393, 36.32780939313303 ], [ 127.413384430203791, 36.327810365878804 ], [ 127.413309006460494, 36.327816023776151 ], [ 127.413298110082636, 36.327819431696845 ], [ 127.413221123790123, 36.327843505846339 ], [ 127.413176359631606, 36.3278575020191 ], [ 127.413167365940794, 36.327862696704969 ], [ 127.413165189706021, 36.32786395682794 ], [ 127.413101267866409, 36.327900881661471 ], [ 127.413002659065867, 36.327957832752752 ], [ 127.412924880037423, 36.328002753526476 ], [ 127.412904579488966, 36.328009555149094 ], [ 127.412864493383125, 36.328021552527176 ], [ 127.412814555334052, 36.328036503588763 ], [ 127.412765220354274, 36.328053894727915 ], [ 127.412666966897021, 36.328078933853803 ], [ 127.412586275332359, 36.328099496761936 ], [ 127.412536144070117, 36.328098885148371 ], [ 127.412503454598749, 36.328098483891118 ], [ 127.412442105708053, 36.328107985902435 ], [ 127.412359468814927, 36.328120778239899 ], [ 127.412187249399622, 36.328142881053289 ], [ 127.412052703602598, 36.328153778830533 ], [ 127.411922644141768, 36.328164318606618 ], [ 127.411743870650824, 36.328200294285182 ], [ 127.411702641620039, 36.328206771018429 ], [ 127.411673426557101, 36.328218523383313 ], [ 127.411651396457216, 36.328227385434516 ], [ 127.411575187428369, 36.32825411897133 ], [ 127.411478198565476, 36.32828814181017 ], [ 127.411378356069577, 36.328324630200292 ], [ 127.411107695892255, 36.328423533352357 ], [ 127.410935121215104, 36.328477978608774 ], [ 127.410810648392669, 36.328519786696894 ], [ 127.410737050351898, 36.328553147729735 ], [ 127.410692680042999, 36.328572341381395 ], [ 127.410631497223818, 36.32859881094592 ], [ 127.410627876461234, 36.328593258608592 ], [ 127.410624255699105, 36.328587706271129 ], [ 127.410612703552928, 36.328570274963113 ], [ 127.410606754813628, 36.328561298780841 ], [ 127.410455753386259, 36.328628763518886 ], [ 127.410416464084918, 36.328646317575597 ], [ 127.410359574503119, 36.328669591179512 ], [ 127.410138979932924, 36.328776125011366 ], [ 127.409891628956359, 36.328913858281872 ], [ 127.409847167090376, 36.328939062742997 ], [ 127.409701097613137, 36.329074764367171 ], [ 127.409580714088037, 36.329168509714989 ], [ 127.409574710753191, 36.329185347566273 ], [ 127.40956446856076, 36.329214074312169 ], [ 127.40951645502507, 36.329286539167882 ], [ 127.409457844098881, 36.329374990900199 ], [ 127.40939048456643, 36.329517903181852 ], [ 127.409318407870913, 36.329674655479316 ], [ 127.40930027300071, 36.329708213876025 ], [ 127.409282138115103, 36.329741772269898 ], [ 127.409257270197543, 36.329799306311024 ], [ 127.409197325034313, 36.329937994166769 ], [ 127.409158774398776, 36.330001315756704 ], [ 127.409145312278071, 36.330021124347518 ], [ 127.408987118351931, 36.330209575916008 ], [ 127.408969152658415, 36.330227549583384 ], [ 127.408940705575134, 36.330256009261241 ], [ 127.408891200211642, 36.330303147030769 ], [ 127.408865178629853, 36.330327936813084 ], [ 127.408814864192379, 36.330375852315058 ], [ 127.408707867448342, 36.330459403968639 ], [ 127.408559255971085, 36.330527002349605 ], [ 127.408089196120599, 36.330646223112062 ], [ 127.408084168775062, 36.330647528887972 ], [ 127.407733775509186, 36.330817446517081 ], [ 127.407746676772319, 36.330855756495481 ], [ 127.407757847171709, 36.330888926670397 ], [ 127.407650460652818, 36.330994296044111 ], [ 127.407540858782212, 36.330953962548854 ], [ 127.407455564997889, 36.33105002870392 ], [ 127.407286562653482, 36.331163528300948 ], [ 127.40713933550677, 36.331468587709132 ], [ 127.407130342314645, 36.331504115343598 ], [ 127.407113054828301, 36.331534283314049 ], [ 127.407077328037246, 36.331596629197591 ], [ 127.407039451713302, 36.331661605959546 ], [ 127.407001575326888, 36.33172658270918 ], [ 127.406915458945335, 36.331808196484396 ], [ 127.406850746502627, 36.331865694376127 ], [ 127.406837298460303, 36.331877644447694 ], [ 127.406666749640792, 36.332179114571197 ], [ 127.406663547675436, 36.332184514425691 ], [ 127.406631252873026, 36.332239153729589 ], [ 127.406568815840302, 36.332265129817955 ], [ 127.405897792309176, 36.332538789619129 ], [ 127.405864875582253, 36.332552171067078 ], [ 127.405840142030016, 36.33256222585333 ], [ 127.40581718713797, 36.332577307997646 ], [ 127.405681180301457, 36.332664938235077 ], [ 127.405423123380771, 36.332793127999068 ], [ 127.405304948737779, 36.332883193784141 ], [ 127.405197991976536, 36.333025534511087 ], [ 127.405108040080776, 36.333130743562961 ], [ 127.404953960492833, 36.333385799380835 ], [ 127.405022505130503, 36.333221604291595 ], [ 127.405069447598507, 36.333109155670563 ], [ 127.405069773934684, 36.333102707342505 ], [ 127.405073389587898, 36.33303126320407 ], [ 127.40503956593659, 36.33301866197359 ], [ 127.404928074063378, 36.332977124832034 ], [ 127.404856259851115, 36.332945153149417 ], [ 127.404828630428554, 36.33293285251014 ], [ 127.40481427623557, 36.332929207897365 ], [ 127.404724110367169, 36.332906314244305 ], [ 127.40468594804436, 36.332909804351964 ], [ 127.404654754366163, 36.332929888526678 ], [ 127.404623560671951, 36.332949972693271 ], [ 127.404588563731849, 36.332947511838583 ], [ 127.404551896478992, 36.332944933524466 ], [ 127.404499497096154, 36.33296298944024 ], [ 127.404459752227396, 36.332985760849866 ], [ 127.404447772769416, 36.33300399587106 ], [ 127.404478419529269, 36.333061522401529 ], [ 127.404495445262185, 36.333119139909833 ], [ 127.404498183336855, 36.333153266016808 ], [ 127.404498515933213, 36.333157411280055 ], [ 127.404492414043787, 36.333216116078376 ], [ 127.404489531828972, 36.333309586189642 ], [ 127.404477462613741, 36.33339257962713 ], [ 127.404465297616468, 36.333426702910209 ], [ 127.404436122796355, 36.333477681355866 ], [ 127.404374099908992, 36.3335433244252 ], [ 127.404326488930053, 36.333585091942162 ], [ 127.404128203745444, 36.334126669600444 ], [ 127.404116124222014, 36.334166632140679 ], [ 127.404138933270303, 36.33422477992103 ], [ 127.404165944322401, 36.334266187817654 ], [ 127.404211984204167, 36.334278297626184 ], [ 127.404207560266499, 36.334282205588281 ], [ 127.404133585472835, 36.334347843738115 ], [ 127.404061728029319, 36.334405066790808 ], [ 127.403976056984476, 36.33444883678618 ], [ 127.403811780814891, 36.334541624654534 ], [ 127.403612247377708, 36.334542413291452 ], [ 127.40356001383411, 36.334544650804283 ], [ 127.40350905412879, 36.334546833724339 ], [ 127.403374014375515, 36.334563698176602 ], [ 127.40334792693622, 36.334637501625338 ], [ 127.40331175525202, 36.334739833976172 ], [ 127.403132722520539, 36.334778915710949 ], [ 127.403090457076203, 36.334881574868838 ], [ 127.403053733947985, 36.334939985951365 ], [ 127.402999903260323, 36.335015874115129 ], [ 127.402899288570481, 36.335158299589494 ], [ 127.402868847954181, 36.335175632195927 ], [ 127.402818320302273, 36.335189815067082 ], [ 127.402698581357811, 36.335510438905381 ], [ 127.402677472757148, 36.335562218908848 ], [ 127.402653098829902, 36.335635367602123 ], [ 127.402629010009846, 36.335707650209386 ], [ 127.402595894703595, 36.33575298206862 ], [ 127.40256928323366, 36.335830743231604 ], [ 127.402568824790634, 36.33586516045915 ], [ 127.402585709970211, 36.335910721029492 ] ] ] ] } },
{ "type": "Feature", "properties": { "EMD_CD": "30140104", "EMD_ENG_NM": "Jungchon-dong", "EMD_KOR_NM": "중촌동" }, "geometry": { "type": "MultiPolygon", "coordinates": [ [ [ [ 127.415933203930848, 36.340053185487974 ], [ 127.415871416289917, 36.339876727540521 ], [ 127.415822456896251, 36.339758105167334 ], [ 127.415819331188104, 36.339750501124236 ], [ 127.41579624464535, 36.339736549954011 ], [ 127.415775315589215, 36.339717743010539 ], [ 127.415770757061921, 36.339696184822557 ], [ 127.415824296277023, 36.339684779668552 ], [ 127.415837447209825, 36.339660907163548 ], [ 127.415717636786837, 36.339683635424421 ], [ 127.415544205130544, 36.339706504287555 ], [ 127.415425436020143, 36.339715548900259 ], [ 127.415186600512982, 36.339720034607787 ], [ 127.415104761898945, 36.339721714673992 ], [ 127.415080213976111, 36.339730495909087 ], [ 127.415065388520645, 36.339749498800558 ], [ 127.415036693216294, 36.339753355971432 ], [ 127.414989042870289, 36.339719871185473 ], [ 127.414950439265027, 36.339722600107926 ], [ 127.414916395904115, 36.339730395837293 ], [ 127.414845540738014, 36.339761713232527 ], [ 127.4147897449091, 36.339771909173869 ], [ 127.414714212937355, 36.339803522026749 ], [ 127.414624579554243, 36.33981832270279 ], [ 127.414597932736683, 36.339792461139439 ], [ 127.414703133743174, 36.339692491230792 ], [ 127.414813424734717, 36.339624116641495 ], [ 127.414960426122221, 36.339580532282007 ], [ 127.415044092711085, 36.339528542724942 ], [ 127.415111334242425, 36.339471112822444 ], [ 127.415178739642272, 36.339410987818724 ], [ 127.415355968176684, 36.339244784384455 ], [ 127.415430369357466, 36.339165917726731 ], [ 127.415464464898236, 36.339140675033676 ], [ 127.415460153023261, 36.339115186879127 ], [ 127.415500033542614, 36.339086499694844 ], [ 127.415539873237861, 36.339071149943685 ], [ 127.415595156312818, 36.339058891751719 ], [ 127.415622472293194, 36.339065961398006 ], [ 127.415754072345621, 36.33903802866854 ], [ 127.415880867662807, 36.338973615098659 ], [ 127.415880180680219, 36.338946960893793 ], [ 127.415868802450547, 36.338912242245669 ], [ 127.415879334865167, 36.338825134752213 ], [ 127.415902985444092, 36.338735341344972 ], [ 127.415892855293094, 36.338702826235064 ], [ 127.415898818486028, 36.338672048650153 ], [ 127.415904629842345, 36.338642046596902 ], [ 127.415852741385237, 36.338550694737869 ], [ 127.415836089762308, 36.338521356324392 ], [ 127.415821709435775, 36.338496038261411 ], [ 127.415819784557669, 36.33847329942035 ], [ 127.415809581530084, 36.338445939243023 ], [ 127.416237790305615, 36.338342585850135 ], [ 127.416949694292597, 36.338171720768408 ], [ 127.416978610989062, 36.338163536756632 ], [ 127.417000007955522, 36.338159316991181 ], [ 127.417301260573737, 36.338134199047921 ], [ 127.417437468027046, 36.338105933027911 ], [ 127.417645504167041, 36.338062358228385 ], [ 127.417649006787812, 36.338061228582298 ], [ 127.417768495661122, 36.338037255894335 ], [ 127.417857440873263, 36.338019220063266 ], [ 127.417358163845364, 36.337620190330092 ], [ 127.416926930771027, 36.337274649696923 ], [ 127.416781035397264, 36.337156265439972 ], [ 127.416446111566742, 36.336886726418754 ], [ 127.41570185420909, 36.336374641109195 ], [ 127.414753238774068, 36.335682519264523 ], [ 127.413939383984243, 36.335093063694295 ], [ 127.413738049515828, 36.334948859189417 ], [ 127.41361480682643, 36.334860050362607 ], [ 127.413388315554769, 36.334695223114394 ], [ 127.413358141467185, 36.334673843205024 ], [ 127.413307508814512, 36.334625327458454 ], [ 127.412909553353984, 36.334903951937044 ], [ 127.412635249006314, 36.335097556972073 ], [ 127.410990485715317, 36.336246364648424 ], [ 127.411004501510689, 36.336255616698899 ], [ 127.411045341760826, 36.33628256592408 ], [ 127.411009213366555, 36.336308886726549 ], [ 127.410627011751302, 36.336587269361125 ], [ 127.410576947343486, 36.336628173606272 ], [ 127.410238428775628, 36.336904720278653 ], [ 127.40956892866798, 36.3374670219847 ], [ 127.40960207983008, 36.337493258991294 ], [ 127.409201128357736, 36.337828546847632 ], [ 127.409188750634783, 36.33783868217153 ], [ 127.409123135142593, 36.337892372377922 ], [ 127.409071334224009, 36.337906003505445 ], [ 127.408892489099244, 36.337971245163359 ], [ 127.408808547270752, 36.337999187382522 ], [ 127.408752964998854, 36.338017689347502 ], [ 127.408744749078451, 36.338019584504046 ], [ 127.408743408498268, 36.338019893730504 ], [ 127.408725040917716, 36.338024137743737 ], [ 127.408659274207764, 36.338044584062295 ], [ 127.408624811004998, 36.338053019262198 ], [ 127.408663966267341, 36.33808363378126 ], [ 127.408659953374496, 36.338136555121736 ], [ 127.408405995958788, 36.338350871071746 ], [ 127.408349719364708, 36.338369257277044 ], [ 127.408332028138858, 36.338355790944682 ], [ 127.408151358556552, 36.338218220469301 ], [ 127.408126585906501, 36.338199355376339 ], [ 127.408049617530168, 36.338140741594522 ], [ 127.407989524900813, 36.338094987993003 ], [ 127.407970186371699, 36.338080263922215 ], [ 127.407910564988001, 36.33806370492568 ], [ 127.407844976777668, 36.338056376140571 ], [ 127.407829029846098, 36.338054889358631 ], [ 127.407753787025896, 36.338048034920369 ], [ 127.407503548637763, 36.338030744727533 ], [ 127.407385064698772, 36.338015016235964 ], [ 127.407383058400498, 36.338014752698697 ], [ 127.407311945970307, 36.338005351667832 ], [ 127.407287982248391, 36.338002278940756 ], [ 127.407271486335546, 36.338000172141236 ], [ 127.407208278047065, 36.337992104978539 ], [ 127.407163370924096, 36.337986300682445 ], [ 127.40707665510827, 36.337975060016113 ], [ 127.407015301271883, 36.337978782769547 ], [ 127.407003943471139, 36.337979452125261 ], [ 127.406974435838563, 36.337981264461746 ], [ 127.406916979464754, 36.33798479370784 ], [ 127.406916986936864, 36.337986235554006 ], [ 127.406903289622946, 36.337986822719266 ], [ 127.406629342364624, 36.337998385464452 ], [ 127.406626545685029, 36.337997778544548 ], [ 127.406606036702541, 36.337993327796497 ], [ 127.406301635219563, 36.338017519274096 ], [ 127.406134678462692, 36.338019346288824 ], [ 127.405874935365006, 36.338020675995864 ], [ 127.405845891385709, 36.338026001047048 ], [ 127.40580634711533, 36.338025504010027 ], [ 127.405560347481625, 36.338022244644002 ], [ 127.405529759068941, 36.338021843400298 ], [ 127.405440867889169, 36.338020702001955 ], [ 127.405326276256773, 36.338003696674875 ], [ 127.405325440797142, 36.338003682772133 ], [ 127.405258771119847, 36.33800257299464 ], [ 127.405224068121257, 36.338005619029893 ], [ 127.405172375497003, 36.338010164312379 ], [ 127.405169147313131, 36.338010548561549 ], [ 127.405127180919479, 36.338015543738507 ], [ 127.405122672500241, 36.338016062375893 ], [ 127.405117496167009, 36.338016657849565 ], [ 127.405075974900669, 36.338021574266051 ], [ 127.405002862265235, 36.338038952368592 ], [ 127.404994429600876, 36.338040954400448 ], [ 127.40489316000307, 36.338036970642051 ], [ 127.404759436605758, 36.33803156431798 ], [ 127.404608596989746, 36.338013896585863 ], [ 127.404458572311313, 36.33795548402901 ], [ 127.404427242975814, 36.337906376773361 ], [ 127.404000990290584, 36.337814496937391 ], [ 127.404047088468204, 36.337841863405224 ], [ 127.404077779262664, 36.337857845910044 ], [ 127.404008877175571, 36.337851463397172 ], [ 127.40395811339107, 36.33785251749903 ], [ 127.403924915444179, 36.33785149381297 ], [ 127.403909196581381, 36.337851015049878 ], [ 127.403717117582161, 36.337890817463148 ], [ 127.403411459667694, 36.337950232538724 ], [ 127.403341995038332, 36.337983962602593 ], [ 127.403197344746545, 36.338050099095156 ], [ 127.402962572264954, 36.338157442277044 ], [ 127.402516005783582, 36.338359397733193 ], [ 127.402514363629948, 36.33836249043123 ], [ 127.402518251857202, 36.338362433112991 ], [ 127.402872562018842, 36.338357209524034 ], [ 127.402988287802614, 36.338695038838459 ], [ 127.403087112278783, 36.338982379294023 ], [ 127.403151012686877, 36.339168173900532 ], [ 127.403167378999314, 36.339225999128473 ], [ 127.403267112600858, 36.339578374565043 ], [ 127.403368652995098, 36.33993174222303 ], [ 127.403486913595003, 36.340421643788311 ], [ 127.403619203474179, 36.3409453196222 ], [ 127.403660491867669, 36.341108760205636 ], [ 127.403840206299023, 36.34217829381361 ], [ 127.403803044081528, 36.34229698574682 ], [ 127.403436524664897, 36.343232604213917 ], [ 127.403420995864209, 36.343272244252162 ], [ 127.403358090754978, 36.343432820353449 ], [ 127.403251437383716, 36.343711423878645 ], [ 127.403195949272927, 36.343886491250402 ], [ 127.40311492844944, 36.344141623141418 ], [ 127.402974673643683, 36.344688707392152 ], [ 127.402906714932314, 36.345047438651278 ], [ 127.402811254479701, 36.345506508217646 ], [ 127.402795292402104, 36.345584846344686 ], [ 127.402748873582539, 36.345969125356042 ], [ 127.402748355807745, 36.345970253555343 ], [ 127.402670396212699, 36.346210451435446 ], [ 127.40267895543964, 36.346285057485602 ], [ 127.402703153773473, 36.346318202334125 ], [ 127.402749422065, 36.346380002330839 ], [ 127.402851997815773, 36.346493151043219 ], [ 127.402918867300897, 36.346568678671225 ], [ 127.403116058022647, 36.346802040584393 ], [ 127.403205181389978, 36.346902834113273 ], [ 127.403219193137829, 36.346921945854227 ], [ 127.403255740637405, 36.346986589969092 ], [ 127.403440463957025, 36.347334045113797 ], [ 127.403459838615177, 36.347412552819634 ], [ 127.403548346236093, 36.347768216586473 ], [ 127.403579146893094, 36.347800491935843 ], [ 127.403595195970752, 36.347851379597415 ], [ 127.403735211070355, 36.348295329934288 ], [ 127.403820110062057, 36.3487264784236 ], [ 127.403830602155892, 36.348871197744018 ], [ 127.403837217795342, 36.348870896108281 ], [ 127.403880766870898, 36.349352027328827 ], [ 127.403900139702671, 36.349631324196721 ], [ 127.404660008054222, 36.349378121138585 ], [ 127.405601002602836, 36.34903954603412 ], [ 127.405914260056846, 36.348927246123246 ], [ 127.405988274432744, 36.348901366398898 ], [ 127.406041120291107, 36.348887949353255 ], [ 127.406517591017376, 36.348765245460754 ], [ 127.407260010806226, 36.348572634502844 ], [ 127.407804423273816, 36.348433859226624 ], [ 127.408404354257058, 36.348280928379125 ], [ 127.409572502122714, 36.347751455940561 ], [ 127.409959296394476, 36.347756893254562 ], [ 127.410097660184874, 36.347653633005812 ], [ 127.410759566899912, 36.347114605201725 ], [ 127.410900307634677, 36.346999791913731 ], [ 127.411354180676952, 36.346520328601152 ], [ 127.411653468667637, 36.346105611455151 ], [ 127.411784765645763, 36.345552348032527 ], [ 127.411870773808019, 36.345371520543537 ], [ 127.412035248425255, 36.345025719106552 ], [ 127.412119121702418, 36.34488856147815 ], [ 127.412290701486839, 36.344616774156819 ], [ 127.412495310823587, 36.344269129773856 ], [ 127.412583586586791, 36.344109427451222 ], [ 127.412740155946366, 36.343731245051544 ], [ 127.412759744431398, 36.343683577914923 ], [ 127.412801164703623, 36.343548827804447 ], [ 127.412821695068899, 36.343481169493465 ], [ 127.412955601768417, 36.343030403541476 ], [ 127.413169350447916, 36.342835357422793 ], [ 127.413349669562123, 36.342604370364917 ], [ 127.41340914252244, 36.342528413144535 ], [ 127.413613164157056, 36.342238209284424 ], [ 127.413748417814077, 36.342044270858082 ], [ 127.414153081162638, 36.341548646221526 ], [ 127.414451254027085, 36.341252406979294 ], [ 127.41450351394154, 36.341200485657957 ], [ 127.414893856240653, 36.340962290841432 ], [ 127.414991837174483, 36.340927031580165 ], [ 127.415163876459019, 36.340745643694518 ], [ 127.415437903926048, 36.340465611847272 ], [ 127.41555008199856, 36.34035173002372 ], [ 127.415729072851107, 36.340200452324517 ], [ 127.415766687243107, 36.340170745576835 ], [ 127.415927070743649, 36.340056416928007 ], [ 127.415933203930848, 36.340053185487974 ] ] ] ] } },
{ "type": "Feature", "properties": { "EMD_CD": "30140105", "EMD_ENG_NM": "Daeheung-dong", "EMD_KOR_NM": "대흥동" }, "geometry": { "type": "MultiPolygon", "coordinates": [ [ [ [ 127.425855845419079, 36.328669721266365 ], [ 127.425888887419376, 36.328642658954799 ], [ 127.426348427505943, 36.327840237290502 ], [ 127.426478394944922, 36.327614284355349 ], [ 127.426520758731471, 36.327542247343629 ], [ 127.426789614382287, 36.327082658254838 ], [ 127.427129302124001, 36.326496967835297 ], [ 127.429019556228937, 36.327166865873487 ], [ 127.429271583112779, 36.327258126889774 ], [ 127.429527815151388, 36.327350471740992 ], [ 127.42957542221788, 36.327370190084871 ], [ 127.43026810582009, 36.327621675176829 ], [ 127.430469520759885, 36.327693154270094 ], [ 127.430877605276578, 36.327839598109307 ], [ 127.43120806291212, 36.327439867919452 ], [ 127.432078198485684, 36.326418080447219 ], [ 127.43235265951644, 36.326097265992679 ], [ 127.432690828790712, 36.325701135552876 ], [ 127.432349773655659, 36.325573038377371 ], [ 127.432243893933006, 36.325534065851919 ], [ 127.432562957168784, 36.325135039739969 ], [ 127.432614968670109, 36.325151812193546 ], [ 127.432931951833808, 36.325256925542334 ], [ 127.433441965705669, 36.324649253540649 ], [ 127.433129597543186, 36.324514332155282 ], [ 127.433042076203876, 36.324488252869848 ], [ 127.433020982294693, 36.3244819667567 ], [ 127.43294233911702, 36.324458315542927 ], [ 127.43292478797143, 36.324452268953102 ], [ 127.43277577153674, 36.324400070185618 ], [ 127.432714570293768, 36.324376770427129 ], [ 127.432680892187577, 36.32437049360415 ], [ 127.432566951136721, 36.324331532408081 ], [ 127.432531437980415, 36.324317611219655 ], [ 127.432410569426608, 36.324254244110691 ], [ 127.432388752611061, 36.324244067433092 ], [ 127.432329825641347, 36.324229257319715 ], [ 127.432458503098516, 36.323967399815132 ], [ 127.432483130507251, 36.3239217207827 ], [ 127.432567233732257, 36.323749924676093 ], [ 127.43257799121622, 36.323731664203784 ], [ 127.43264036075405, 36.323601220051252 ], [ 127.432565107301158, 36.323574113883026 ], [ 127.432266297036193, 36.323469375593888 ], [ 127.432354780005497, 36.323294103343329 ], [ 127.432350445080814, 36.323291559642605 ], [ 127.432339502436577, 36.323280226305528 ], [ 127.432342452012449, 36.323269825171799 ], [ 127.432333009231627, 36.323265939112687 ], [ 127.432345861150552, 36.323235685535614 ], [ 127.432337249890551, 36.323233148236248 ], [ 127.432315390386933, 36.323225278694444 ], [ 127.4322383295289, 36.323377592978879 ], [ 127.431960788626498, 36.323288628871843 ], [ 127.432021688960646, 36.323156180709667 ], [ 127.43198257377172, 36.323143263615066 ], [ 127.431857477272004, 36.323104495101539 ], [ 127.431717232796558, 36.323061194016191 ], [ 127.431521034886273, 36.32300085466737 ], [ 127.431468317589875, 36.32311073485586 ], [ 127.431488462876274, 36.323141067903755 ], [ 127.431411659933005, 36.32329195688397 ], [ 127.431362209212239, 36.323386334141901 ], [ 127.431309574792124, 36.323491113328458 ], [ 127.4312715559075, 36.323564289943484 ], [ 127.431236688666004, 36.323631399345722 ], [ 127.431170247581534, 36.323759018719329 ], [ 127.431142840268379, 36.32381168254048 ], [ 127.431076892890616, 36.323938002398457 ], [ 127.431026537625087, 36.324036131631878 ], [ 127.431005501989404, 36.324072884878959 ], [ 127.430944875335371, 36.324062829359697 ], [ 127.430930540717199, 36.324060447697427 ], [ 127.430829566463288, 36.324044291950578 ], [ 127.430803036746653, 36.324045856144622 ], [ 127.430767588740252, 36.324047794805786 ], [ 127.430737246568256, 36.324064917876392 ], [ 127.430712421598756, 36.324070702420627 ], [ 127.430659755803418, 36.324070476981468 ], [ 127.430620487651339, 36.324045952910424 ], [ 127.430604512762628, 36.324036890408713 ], [ 127.430559803876093, 36.323954359447015 ], [ 127.430554159302147, 36.323928245748277 ], [ 127.430552527445315, 36.323851994512857 ], [ 127.430558549542098, 36.32380070527617 ], [ 127.430568497234532, 36.323758557845572 ], [ 127.430571903840487, 36.323744126880435 ], [ 127.430583479089421, 36.323702280004127 ], [ 127.430598762744907, 36.323674649305154 ], [ 127.430636462623241, 36.323591912623542 ], [ 127.430665723505243, 36.323556346487905 ], [ 127.430704789129308, 36.323509453465867 ], [ 127.430733065810159, 36.323479225780261 ], [ 127.430734970135958, 36.323475163672043 ], [ 127.430744899106699, 36.323453995555177 ], [ 127.43075026580297, 36.323443648862408 ], [ 127.430766222842522, 36.323412924706112 ], [ 127.430773765946029, 36.323364874209041 ], [ 127.430777962961528, 36.323307760934902 ], [ 127.43078752179477, 36.323202866334256 ], [ 127.430790841627925, 36.323162472933014 ], [ 127.430793660431874, 36.323128191271152 ], [ 127.430795038740754, 36.323115533878237 ], [ 127.430808616354611, 36.323002261971091 ], [ 127.430811569744122, 36.322984399163154 ], [ 127.430824014996972, 36.322930662686552 ], [ 127.430861979766647, 36.322855720104648 ], [ 127.43087443263282, 36.322831803348961 ], [ 127.430881849281292, 36.322817565237948 ], [ 127.430910823902991, 36.322756280641443 ], [ 127.431022251270704, 36.322573140802994 ], [ 127.431054069277906, 36.322538935159614 ], [ 127.43106455351915, 36.322527668889833 ], [ 127.431133430729844, 36.322452461926012 ], [ 127.431147097493508, 36.322438724012649 ], [ 127.431239253307751, 36.322356124814824 ], [ 127.431299376680172, 36.32231734753163 ], [ 127.431322116442573, 36.32230306330711 ], [ 127.431348177020112, 36.322279043498789 ], [ 127.431381615028613, 36.322258007065457 ], [ 127.431390191608031, 36.322246143842612 ], [ 127.431428416345767, 36.322202470782671 ], [ 127.431461433994329, 36.322169792706106 ], [ 127.431599195319563, 36.322045232855238 ], [ 127.431607284592303, 36.322037922284906 ], [ 127.43167994045838, 36.321977705908466 ], [ 127.431709339782145, 36.321953340571902 ], [ 127.431733754822062, 36.321929840268794 ], [ 127.431750462410392, 36.321906124386693 ], [ 127.4317558124757, 36.321870508863576 ], [ 127.431749473390326, 36.321837620904596 ], [ 127.431746947204502, 36.321813622793698 ], [ 127.431737009600425, 36.32175006290278 ], [ 127.431723324805859, 36.321665248853684 ], [ 127.431715034415717, 36.32161366860948 ], [ 127.431713249292557, 36.321572536562549 ], [ 127.431716880529336, 36.321515956968042 ], [ 127.431718594130402, 36.32149139388126 ], [ 127.431720389388687, 36.321465478743427 ], [ 127.431729058620732, 36.321413765363964 ], [ 127.431731169204099, 36.321390516557997 ], [ 127.431732837346956, 36.321361736152106 ], [ 127.43173461708723, 36.32133097276737 ], [ 127.43173651330271, 36.321317349242904 ], [ 127.431748800061257, 36.32124709475665 ], [ 127.43174356842016, 36.321198891905659 ], [ 127.431735961302863, 36.3211561316675 ], [ 127.431730879366896, 36.321139216947685 ], [ 127.431716382307911, 36.321090975348433 ], [ 127.431671306845743, 36.321028776506864 ], [ 127.431554972587136, 36.320920108297464 ], [ 127.431439965301607, 36.320819816093781 ], [ 127.431421328479757, 36.320802463479595 ], [ 127.431372614342806, 36.320726507707647 ], [ 127.431352816441887, 36.32068022264135 ], [ 127.43133511313917, 36.320630064013756 ], [ 127.431314163129571, 36.320564588129855 ], [ 127.431292266451479, 36.320507199153724 ], [ 127.431278959267402, 36.320466694280341 ], [ 127.431266857737484, 36.320422670501515 ], [ 127.431225927487191, 36.320310099113463 ], [ 127.431215730281011, 36.320245792122144 ], [ 127.431214556466358, 36.320230764800165 ], [ 127.43121428040439, 36.320210903971265 ], [ 127.431216118027521, 36.320200795232054 ], [ 127.431218281004973, 36.320193154533271 ], [ 127.4312144410695, 36.320134682302132 ], [ 127.431215149859597, 36.32012991255651 ], [ 127.431236695297812, 36.320019892168872 ], [ 127.431285923395819, 36.319927912832547 ], [ 127.431290455937955, 36.319919840061935 ], [ 127.43128524329623, 36.319917623898036 ], [ 127.431224798628577, 36.319895510173488 ], [ 127.43113256743051, 36.319860371585101 ], [ 127.431052544518565, 36.31982988415993 ], [ 127.431027010647611, 36.319789432200317 ], [ 127.430994236814556, 36.319760856655179 ], [ 127.430954497094476, 36.319680443698367 ], [ 127.430928421205579, 36.319591916155254 ], [ 127.430801768690117, 36.319548502038813 ], [ 127.430811940826231, 36.319561613601479 ], [ 127.430765561393528, 36.319549695448984 ], [ 127.430799926414934, 36.319584168018359 ], [ 127.430830313498504, 36.319658802062499 ], [ 127.430854886542193, 36.319745406516901 ], [ 127.430847968584317, 36.31974290808401 ], [ 127.430444389783801, 36.319598096791616 ], [ 127.430391496184114, 36.31957810033547 ], [ 127.430207284323032, 36.319512615127827 ], [ 127.430183629384743, 36.319504048712581 ], [ 127.430149881498323, 36.319492742876413 ], [ 127.430129855918139, 36.319486037873077 ], [ 127.430113455936834, 36.319480509413154 ], [ 127.430107344656562, 36.31948296448919 ], [ 127.430087362525299, 36.319474024417048 ], [ 127.430012457905718, 36.319440589132 ], [ 127.429984327054456, 36.319428073566378 ], [ 127.429960677591126, 36.319420498375997 ], [ 127.429908694809754, 36.319404103127169 ], [ 127.429866693185986, 36.319380192362914 ], [ 127.4297659841815, 36.319352346537706 ], [ 127.42973291774274, 36.319333270041291 ], [ 127.429608833748787, 36.319293026590522 ], [ 127.429453307873047, 36.319233430267872 ], [ 127.42939704038632, 36.319213391377296 ], [ 127.429379109813198, 36.319206931076288 ], [ 127.429259507744973, 36.319163517116806 ], [ 127.428978349704977, 36.319063402402641 ], [ 127.428957540857056, 36.319055970053618 ], [ 127.428835533129416, 36.319012411070595 ], [ 127.428805267834477, 36.319000497629339 ], [ 127.428704495218426, 36.318960836769996 ], [ 127.428555969417005, 36.31890224159141 ], [ 127.428408804388539, 36.318844010847776 ], [ 127.428262392618947, 36.31878501123645 ], [ 127.42817816272418, 36.318754545905712 ], [ 127.428024495102051, 36.318686118606358 ], [ 127.428010441842943, 36.318702479960294 ], [ 127.428021993139751, 36.318707214956177 ], [ 127.427998854873167, 36.318740253369263 ], [ 127.427979095692237, 36.318733321760199 ], [ 127.427984336096827, 36.31869365149997 ], [ 127.427989133211724, 36.318695256494415 ], [ 127.42799228151118, 36.318680375925403 ], [ 127.427973523258885, 36.318671160779175 ], [ 127.427964838449384, 36.318650915395217 ], [ 127.427011350865101, 36.318314751639257 ], [ 127.426935614922542, 36.318312317688488 ], [ 127.426925134263982, 36.31831400413305 ], [ 127.426887436829205, 36.318290888049731 ], [ 127.426632551934077, 36.318303176603031 ], [ 127.426441201734704, 36.318343175107763 ], [ 127.426436117563654, 36.318344067317852 ], [ 127.426282903053021, 36.31837103422771 ], [ 127.426213182220792, 36.318383312607011 ], [ 127.426149460143677, 36.318378546496483 ], [ 127.42612779655353, 36.318279143071692 ], [ 127.426118099542407, 36.318275437653099 ], [ 127.425996356994631, 36.318228927983512 ], [ 127.425953147687778, 36.318214022831299 ], [ 127.425897855828026, 36.318194943075177 ], [ 127.42588249327919, 36.318189644653451 ], [ 127.42581490463148, 36.318159731366698 ], [ 127.425787002353246, 36.318117268047978 ], [ 127.425733835398646, 36.318064918411814 ], [ 127.425713985415157, 36.318045271210529 ], [ 127.42568227810257, 36.317993133769207 ], [ 127.425670268229752, 36.317971539243139 ], [ 127.425663721408824, 36.317953214609496 ], [ 127.425591539049648, 36.317979730867968 ], [ 127.425554779930323, 36.317989945388625 ], [ 127.425409940654902, 36.318049972508916 ], [ 127.425307756587117, 36.31809256375363 ], [ 127.42528333427191, 36.318104572843211 ], [ 127.425233346422772, 36.318129288962311 ], [ 127.425175016555954, 36.318155809935824 ], [ 127.42508124716656, 36.318214195744915 ], [ 127.425007200609429, 36.318204959748087 ], [ 127.424996649703459, 36.318224543550194 ], [ 127.424981880672732, 36.318232201764438 ], [ 127.424970822139798, 36.318258816504738 ], [ 127.424855370096751, 36.318209904292146 ], [ 127.424809815342769, 36.318210146723629 ], [ 127.42468813209986, 36.318213587478041 ], [ 127.424652356950403, 36.318218409228948 ], [ 127.424489487438677, 36.318237135258926 ], [ 127.424444398165193, 36.31825964386671 ], [ 127.424354241625693, 36.318269578323587 ], [ 127.424285099654341, 36.31827979885918 ], [ 127.4242668850884, 36.318282494701378 ], [ 127.424197364828061, 36.318292779606168 ], [ 127.424194934178004, 36.318306648227967 ], [ 127.424076815904073, 36.3182815266224 ], [ 127.423954729099535, 36.318255607869794 ], [ 127.423882663872718, 36.318240010910642 ], [ 127.42374732520517, 36.318216058265939 ], [ 127.423696290891741, 36.318207893668905 ], [ 127.423677776961924, 36.31820050636253 ], [ 127.423543391896374, 36.318146856496405 ], [ 127.423532374916775, 36.318142020050892 ], [ 127.423506177575135, 36.31813053247523 ], [ 127.423453774917704, 36.318126734278131 ], [ 127.423429807737818, 36.318124070300669 ], [ 127.423408764716385, 36.318120566919383 ], [ 127.423296984834579, 36.318101955667821 ], [ 127.423053443682463, 36.318028801487522 ], [ 127.422828329918275, 36.317973794551371 ], [ 127.422690326422881, 36.317940784306536 ], [ 127.422660511701267, 36.317941997794847 ], [ 127.422605278022985, 36.317941831911625 ], [ 127.422524767388964, 36.317939772453393 ], [ 127.422439982008555, 36.317971098400868 ], [ 127.422214162788464, 36.317946336129843 ], [ 127.422071262710389, 36.317926283235693 ], [ 127.421824303039656, 36.31791091272386 ], [ 127.421700740911064, 36.317879589817665 ], [ 127.421610804228607, 36.317785219755649 ], [ 127.421592542582189, 36.317764611041056 ], [ 127.421507528281708, 36.317678577467284 ], [ 127.421412476051728, 36.317631068161219 ], [ 127.421284174476611, 36.317600437348716 ], [ 127.421254968182311, 36.31754480240015 ], [ 127.421276915635815, 36.317557116450921 ], [ 127.421253660764265, 36.31752526056345 ], [ 127.421194056105335, 36.31747617571822 ], [ 127.421097421097784, 36.317436611043959 ], [ 127.421053295695813, 36.317435441196615 ], [ 127.420878707112792, 36.317430331381871 ], [ 127.420846211013156, 36.317446495261734 ], [ 127.42074011163848, 36.317490231823335 ], [ 127.420729678351165, 36.317494530958669 ], [ 127.420719915694164, 36.317499296350853 ], [ 127.420630362702198, 36.317538694218243 ], [ 127.420589810907686, 36.317543603595219 ], [ 127.420473052768983, 36.317547482387951 ], [ 127.420297608953106, 36.317557397265794 ], [ 127.420268862992927, 36.317560625039093 ], [ 127.420264311225253, 36.317561127617658 ], [ 127.420263976297605, 36.31755680316369 ], [ 127.420189415670123, 36.317559497500774 ], [ 127.420042801876846, 36.317475688227574 ], [ 127.419977431844217, 36.317468653638471 ], [ 127.41994924714777, 36.317462299907746 ], [ 127.419902817535203, 36.317452955056375 ], [ 127.419839822580201, 36.317440261728045 ], [ 127.419773447123987, 36.317434699456754 ], [ 127.419648103888875, 36.317449061082208 ], [ 127.419583625245366, 36.317460884697596 ], [ 127.419476855619536, 36.317485589723432 ], [ 127.419383186537061, 36.317517521319623 ], [ 127.419300597226098, 36.317526488293005 ], [ 127.419279418770131, 36.317528842277298 ], [ 127.419265296006856, 36.317530396591799 ], [ 127.419151727075047, 36.317549727066734 ], [ 127.419049287990447, 36.317567991221757 ], [ 127.418995013383508, 36.317578481188967 ], [ 127.418981066670284, 36.317581729059135 ], [ 127.418871952796835, 36.317609595835634 ], [ 127.418855260964023, 36.317613853577022 ], [ 127.418847832563657, 36.317615762962156 ], [ 127.418757439689756, 36.317644032882171 ], [ 127.41871531732717, 36.317661428343335 ], [ 127.418687960810772, 36.317674653900809 ], [ 127.418671255907682, 36.317682732633024 ], [ 127.41856459261065, 36.317696153795566 ], [ 127.418534917403022, 36.317719372397761 ], [ 127.418531899038697, 36.317723438203508 ], [ 127.418488435968698, 36.317781832593525 ], [ 127.418439340658395, 36.317846960346138 ], [ 127.418426050470927, 36.317862678087302 ], [ 127.41840165138737, 36.317883418053547 ], [ 127.418392294174296, 36.317880711122996 ], [ 127.418380130436475, 36.317888395484786 ], [ 127.418371162999776, 36.317894059084551 ], [ 127.418322511413109, 36.317883603915213 ], [ 127.418272916484156, 36.317913488490056 ], [ 127.418235258870155, 36.317937086304994 ], [ 127.418212173764104, 36.317951558503857 ], [ 127.418198760958305, 36.317998646456807 ], [ 127.418183634875632, 36.318041856327142 ], [ 127.418119082084957, 36.318062898405067 ], [ 127.418187042949413, 36.318067068261378 ], [ 127.418113742799804, 36.318089105081718 ], [ 127.418065176048017, 36.318102981165872 ], [ 127.417825472408239, 36.318101401090786 ], [ 127.417840779950652, 36.318310041266614 ], [ 127.417726625976471, 36.318303391629144 ], [ 127.417742214060041, 36.318397284565464 ], [ 127.41777384599942, 36.318589088068443 ], [ 127.417792039052571, 36.318699562503376 ], [ 127.417798787162326, 36.318747697648391 ], [ 127.417819351895687, 36.318856019026576 ], [ 127.417813918553094, 36.318856191148555 ], [ 127.417835548138015, 36.318993030913944 ], [ 127.417848454355095, 36.319074659199927 ], [ 127.417858929029066, 36.319140885908112 ], [ 127.41787336800229, 36.319232223486615 ], [ 127.417885663741274, 36.31931002390975 ], [ 127.417902869394425, 36.319416942122906 ], [ 127.41790939915515, 36.319457499158403 ], [ 127.41791239345828, 36.319476106944151 ], [ 127.417918796806148, 36.319515925457914 ], [ 127.417925487995888, 36.319557518277385 ], [ 127.417928372580064, 36.319576432843157 ], [ 127.41794106374077, 36.319655277237921 ], [ 127.417958189107267, 36.319761727106687 ], [ 127.417959867653821, 36.319771634151785 ], [ 127.417983144336645, 36.319912370204655 ], [ 127.418009796408498, 36.320074244996349 ], [ 127.418027554116307, 36.320188577899067 ], [ 127.418050601100219, 36.32033632584681 ], [ 127.418068802307062, 36.320458641576359 ], [ 127.41807975920247, 36.320540078351129 ], [ 127.418087481376034, 36.32058703854586 ], [ 127.418107299181912, 36.32070759134487 ], [ 127.418151457310387, 36.320982375979213 ], [ 127.418173739890392, 36.321120321796478 ], [ 127.418187572695146, 36.321202244171474 ], [ 127.418201621678946, 36.321358242116162 ], [ 127.418203143164149, 36.321376287284266 ], [ 127.418208026763779, 36.321433891187112 ], [ 127.418220134598172, 36.32156621309511 ], [ 127.418224612201556, 36.321620763438325 ], [ 127.418229119748318, 36.321733231987501 ], [ 127.418231728222125, 36.321798566859606 ], [ 127.418235354508496, 36.32202161225144 ], [ 127.41812332678262, 36.322059779882913 ], [ 127.418109553374421, 36.322064360781596 ], [ 127.418110999775351, 36.322072484309601 ], [ 127.418120836698151, 36.322138028291903 ], [ 127.418126859663943, 36.322173270149179 ], [ 127.418129565893494, 36.322202584844632 ], [ 127.418104714791212, 36.322205618290639 ], [ 127.417968050373545, 36.32222229758753 ], [ 127.417911647979892, 36.322229090662283 ], [ 127.417677602304124, 36.322257256321173 ], [ 127.417648221667207, 36.322260846145603 ], [ 127.417427040698982, 36.322287389475655 ], [ 127.417362335689035, 36.322295148399277 ], [ 127.417324807688473, 36.322299568531754 ], [ 127.417285500550094, 36.322310780664139 ], [ 127.417257989870862, 36.322314201677351 ], [ 127.417077412069773, 36.322336665009566 ], [ 127.416910118432028, 36.322356783916312 ], [ 127.416708047334623, 36.322381330996535 ], [ 127.416668583489184, 36.322386118116086 ], [ 127.416654850179526, 36.322387787923333 ], [ 127.41657628800165, 36.32224158429549 ], [ 127.416555977813118, 36.322273529265196 ], [ 127.416511189863016, 36.32234113747927 ], [ 127.416407103804147, 36.322661360706221 ], [ 127.416439496652401, 36.322751185200474 ], [ 127.416464399801214, 36.322770528012668 ], [ 127.416587516535216, 36.322878493475031 ], [ 127.416657455151366, 36.322941927377826 ], [ 127.416663656794256, 36.322947979735375 ], [ 127.416622959009487, 36.323049827312744 ], [ 127.416714006554102, 36.32306807521762 ], [ 127.416724453910305, 36.323072544785106 ], [ 127.416740307858376, 36.323080140659044 ], [ 127.416763603882998, 36.323090396168467 ], [ 127.416881523964008, 36.32314229045145 ], [ 127.417063100942286, 36.323221665342473 ], [ 127.41711283023524, 36.323243634231545 ], [ 127.417190628779039, 36.323277121590522 ], [ 127.417648028802674, 36.323477176196967 ], [ 127.418420142906569, 36.323935615066368 ], [ 127.418480093666432, 36.323977986297514 ], [ 127.418577528560391, 36.324043080419656 ], [ 127.418684146988113, 36.324134537720219 ], [ 127.418977830638511, 36.324375089370612 ], [ 127.419130638613026, 36.324500926831 ], [ 127.419247659566295, 36.324598583377792 ], [ 127.419354871829782, 36.324686253072144 ], [ 127.419593209500619, 36.324882830237812 ], [ 127.419834684507833, 36.325059831510806 ], [ 127.420047312349624, 36.325223541898154 ], [ 127.420688065858485, 36.325715138303657 ], [ 127.421215630782726, 36.326054758718676 ], [ 127.421846284958832, 36.326471478938565 ], [ 127.42154024175899, 36.327070725023681 ], [ 127.423649504219583, 36.327849799905707 ], [ 127.425855845419079, 36.328669721266365 ] ] ] ] } },
{ "type": "Feature", "properties": { "EMD_CD": "30140106", "EMD_ENG_NM": "Munchang-dong", "EMD_KOR_NM": "문창동" }, "geometry": { "type": "MultiPolygon", "coordinates": [ [ [ [ 127.440246375954558, 36.312685363964945 ], [ 127.440012466416363, 36.312747186516454 ], [ 127.439523503841343, 36.312091042104605 ], [ 127.439132271403892, 36.311573030077504 ], [ 127.438833142982503, 36.311185340834427 ], [ 127.437840665190336, 36.311674969818299 ], [ 127.434883296588467, 36.313139138605692 ], [ 127.43552595204406, 36.313388522587701 ], [ 127.43658560233996, 36.313797362583067 ], [ 127.435804719845947, 36.315189854756333 ], [ 127.435476925455418, 36.315777365805118 ], [ 127.435283070853487, 36.316127138400297 ], [ 127.435083582507957, 36.316479373276096 ], [ 127.434786007184059, 36.316995895554669 ], [ 127.43418980262021, 36.318027743048162 ], [ 127.433094338533436, 36.319933481861675 ], [ 127.433141016796398, 36.319953039963657 ], [ 127.433134274399336, 36.319998555448855 ], [ 127.433095966263537, 36.32006107286189 ], [ 127.433097335983916, 36.320083290806139 ], [ 127.433066317665606, 36.32007435503396 ], [ 127.433044601496292, 36.320068098198384 ], [ 127.432929710504993, 36.320253721684253 ], [ 127.432966883054405, 36.32030637814222 ], [ 127.432972417782608, 36.320314486731377 ], [ 127.432991896024149, 36.32034302861701 ], [ 127.433020755529583, 36.320332029276067 ], [ 127.433020533642008, 36.320336220524474 ], [ 127.433017542214387, 36.32039151819356 ], [ 127.433017219251568, 36.320397575231745 ], [ 127.433014011878882, 36.320542990825686 ], [ 127.432877716115513, 36.320494098565284 ], [ 127.432872265940503, 36.320503355241001 ], [ 127.43286998576275, 36.320515970858246 ], [ 127.432845969998965, 36.320524889001561 ], [ 127.432811433538205, 36.320578786521914 ], [ 127.432806498241462, 36.320586500333576 ], [ 127.432639943064629, 36.320549206915373 ], [ 127.432520132550565, 36.320519197411514 ], [ 127.432447679987092, 36.320512817002488 ], [ 127.432366675972318, 36.320508639196611 ], [ 127.432319905498261, 36.320496632943879 ], [ 127.432305965786284, 36.320493051461909 ], [ 127.432254567387432, 36.320479863304236 ], [ 127.432230869822419, 36.320471739024732 ], [ 127.432155283625718, 36.320434180184215 ], [ 127.432148715515524, 36.320430518055566 ], [ 127.432063866191911, 36.320383187782184 ], [ 127.432054834525147, 36.320381093548619 ], [ 127.43196069311449, 36.320359218718288 ], [ 127.431894458980523, 36.320349580374234 ], [ 127.43186489148286, 36.32034526207682 ], [ 127.431821401327284, 36.320342480826206 ], [ 127.431769990756123, 36.32032299331415 ], [ 127.431705585124902, 36.320301587995004 ], [ 127.431378950343188, 36.32022757834509 ], [ 127.431216118027521, 36.320200795232054 ], [ 127.43121428040439, 36.320210903971265 ], [ 127.431214556466358, 36.320230764800165 ], [ 127.431215730281011, 36.320245792122144 ], [ 127.431225927487191, 36.320310099113463 ], [ 127.431266857737484, 36.320422670501515 ], [ 127.431278959267402, 36.320466694280341 ], [ 127.431292266451479, 36.320507199153724 ], [ 127.431314163129571, 36.320564588129855 ], [ 127.43133511313917, 36.320630064013756 ], [ 127.431352816441887, 36.32068022264135 ], [ 127.431372614342806, 36.320726507707647 ], [ 127.431421328479757, 36.320802463479595 ], [ 127.431439965301607, 36.320819816093781 ], [ 127.431554972587136, 36.320920108297464 ], [ 127.431671306845743, 36.321028776506864 ], [ 127.431716382307911, 36.321090975348433 ], [ 127.431730879366896, 36.321139216947685 ], [ 127.431735961302863, 36.3211561316675 ], [ 127.43174356842016, 36.321198891905659 ], [ 127.431748800061257, 36.32124709475665 ], [ 127.43173651330271, 36.321317349242904 ], [ 127.43173461708723, 36.32133097276737 ], [ 127.431732837346956, 36.321361736152113 ], [ 127.431731169204099, 36.321390516557997 ], [ 127.431729058620732, 36.321413765363964 ], [ 127.431720389388687, 36.321465478743427 ], [ 127.431718594130402, 36.32149139388126 ], [ 127.431716880529336, 36.321515956968042 ], [ 127.431713249292557, 36.321572536562549 ], [ 127.431715034415717, 36.32161366860948 ], [ 127.431723324805859, 36.321665248853684 ], [ 127.431737009600425, 36.32175006290278 ], [ 127.431746947204502, 36.321813622793698 ], [ 127.431749473390326, 36.321837620904596 ], [ 127.4317558124757, 36.321870508863576 ], [ 127.431750462410392, 36.321906124386693 ], [ 127.431733754822062, 36.321929840268794 ], [ 127.431709339782145, 36.321953340571902 ], [ 127.43167994045838, 36.321977705908466 ], [ 127.431607284592303, 36.322037922284906 ], [ 127.431599195319563, 36.322045232855238 ], [ 127.431461433994329, 36.322169792706106 ], [ 127.431428416345767, 36.322202470782671 ], [ 127.431390191608031, 36.322246143842612 ], [ 127.431381615028613, 36.322258007065471 ], [ 127.431348177020112, 36.322279043498789 ], [ 127.431322116442573, 36.32230306330711 ], [ 127.431299376680172, 36.32231734753163 ], [ 127.431239253307751, 36.322356124814824 ], [ 127.431147097493508, 36.322438724012649 ], [ 127.431133430729844, 36.322452461926012 ], [ 127.43106455351915, 36.322527668889833 ], [ 127.431054069277906, 36.322538935159614 ], [ 127.431022251270704, 36.322573140803001 ], [ 127.430910823902991, 36.322756280641443 ], [ 127.430881849281292, 36.322817565237948 ], [ 127.43087443263282, 36.322831803348961 ], [ 127.430861979766647, 36.322855720104648 ], [ 127.430824014996972, 36.322930662686552 ], [ 127.430811569744122, 36.322984399163154 ], [ 127.430808616354611, 36.323002261971091 ], [ 127.430795038740754, 36.323115533878237 ], [ 127.430793660431874, 36.323128191271152 ], [ 127.430790841627925, 36.323162472933014 ], [ 127.43078752179477, 36.323202866334256 ], [ 127.430777962961528, 36.323307760934902 ], [ 127.430773765946029, 36.323364874209041 ], [ 127.430766222842522, 36.323412924706112 ], [ 127.43075026580297, 36.323443648862408 ], [ 127.430744899106699, 36.323453995555177 ], [ 127.430734970135958, 36.323475163672043 ], [ 127.430733065810159, 36.323479225780261 ], [ 127.430704789129308, 36.323509453465867 ], [ 127.430665723505243, 36.323556346487905 ], [ 127.430636462623241, 36.323591912623542 ], [ 127.430598762744907, 36.323674649305154 ], [ 127.430583479089421, 36.323702280004127 ], [ 127.430571903840487, 36.323744126880435 ], [ 127.430568497234532, 36.323758557845572 ], [ 127.430558549542098, 36.32380070527617 ], [ 127.430552527445315, 36.323851994512857 ], [ 127.430554159302147, 36.323928245748277 ], [ 127.430559803876093, 36.323954359447015 ], [ 127.430604512762628, 36.324036890408713 ], [ 127.430620487651339, 36.324045952910424 ], [ 127.430659755803418, 36.324070476981468 ], [ 127.430712421598756, 36.324070702420627 ], [ 127.430737246568256, 36.324064917876392 ], [ 127.430767588740252, 36.324047794805786 ], [ 127.430803036746653, 36.324045856144622 ], [ 127.430829566463288, 36.324044291950578 ], [ 127.430930540717199, 36.324060447697427 ], [ 127.430944875335371, 36.324062829359697 ], [ 127.431005501989404, 36.324072884878959 ], [ 127.431026537625087, 36.324036131631878 ], [ 127.431076892890616, 36.323938002398457 ], [ 127.431142840268379, 36.32381168254048 ], [ 127.431170247581534, 36.323759018719329 ], [ 127.431236688666004, 36.323631399345722 ], [ 127.4312715559075, 36.323564289943484 ], [ 127.431309574792124, 36.323491113328458 ], [ 127.431362209212239, 36.323386334141901 ], [ 127.431411659933005, 36.32329195688397 ], [ 127.431488462876274, 36.323141067903755 ], [ 127.431468317589875, 36.323110734855867 ], [ 127.431521034886273, 36.32300085466737 ], [ 127.431717232796558, 36.323061194016191 ], [ 127.431857477272004, 36.323104495101539 ], [ 127.43198257377172, 36.323143263615066 ], [ 127.432021688960646, 36.323156180709667 ], [ 127.431960788626498, 36.323288628871843 ], [ 127.4322383295289, 36.323377592978879 ], [ 127.432315390386933, 36.323225278694444 ], [ 127.432337249890551, 36.323233148236248 ], [ 127.432345861150552, 36.323235685535614 ], [ 127.432333009231627, 36.323265939112687 ], [ 127.432342452012449, 36.323269825171799 ], [ 127.432339502436577, 36.323280226305528 ], [ 127.432350445080814, 36.323291559642605 ], [ 127.432354780005497, 36.323294103343329 ], [ 127.432266297036193, 36.323469375593888 ], [ 127.432565107301158, 36.323574113883026 ], [ 127.43264036075405, 36.323601220051252 ], [ 127.43257799121622, 36.323731664203784 ], [ 127.432567233732257, 36.323749924676093 ], [ 127.432483130507251, 36.3239217207827 ], [ 127.432458503098516, 36.323967399815132 ], [ 127.432329825641347, 36.324229257319715 ], [ 127.432388752611061, 36.324244067433092 ], [ 127.432410569426608, 36.324254244110691 ], [ 127.432531437980415, 36.324317611219655 ], [ 127.432566951136721, 36.324331532408081 ], [ 127.432680892187577, 36.32437049360415 ], [ 127.432714570293768, 36.324376770427129 ], [ 127.43277577153674, 36.324400070185618 ], [ 127.43292478797143, 36.324452268953102 ], [ 127.43294233911702, 36.324458315542927 ], [ 127.433020982294693, 36.3244819667567 ], [ 127.433042076203876, 36.324488252869855 ], [ 127.433129597543186, 36.324514332155282 ], [ 127.433441965705669, 36.324649253540649 ], [ 127.433829606266869, 36.324110583075594 ], [ 127.434096774484402, 36.323694068539602 ], [ 127.434351993527386, 36.323219696420509 ], [ 127.434851049971172, 36.322403292657356 ], [ 127.435115969511244, 36.322089463352135 ], [ 127.435667757442175, 36.321625493074826 ], [ 127.436308230795774, 36.320861531195703 ], [ 127.436739444543193, 36.320293350428834 ], [ 127.437047975630151, 36.319878661084701 ], [ 127.437296662601682, 36.319362527959399 ], [ 127.437598687707165, 36.318788614844927 ], [ 127.437665135367681, 36.318440943734963 ], [ 127.438086302557792, 36.31805021728421 ], [ 127.438284939418679, 36.317722726805727 ], [ 127.438381797446652, 36.317451435585141 ], [ 127.438474024919572, 36.317172609383199 ], [ 127.438552730617459, 36.316831471447365 ], [ 127.438621763986546, 36.316497217717199 ], [ 127.438690494758049, 36.316136795004546 ], [ 127.43880144666484, 36.315737881934389 ], [ 127.439017131254303, 36.315178744587719 ], [ 127.439138016972706, 36.314979800927041 ], [ 127.439231734137053, 36.314797132664324 ], [ 127.439386927556029, 36.314486939578643 ], [ 127.4394377812784, 36.314347495160085 ], [ 127.439571437267745, 36.314043184263575 ], [ 127.439710503689284, 36.313701040185393 ], [ 127.439857742133967, 36.313333065401409 ], [ 127.440082843629568, 36.312922963352364 ], [ 127.440246375954558, 36.312685363964945 ] ] ] ] } },
{ "type": "Feature", "properties": { "EMD_CD": "30140107", "EMD_ENG_NM": "Seokgyo-dong", "EMD_KOR_NM": "석교동" }, "geometry": { "type": "MultiPolygon", "coordinates": [ [ [ [ 127.427962710059361, 36.302531053375546 ], [ 127.428658609557445, 36.30296448514266 ], [ 127.429178918168986, 36.30352639963985 ], [ 127.429537989806974, 36.303917990512247 ], [ 127.429928717366835, 36.304075350834296 ], [ 127.430293002036322, 36.30433607925189 ], [ 127.430716217061928, 36.3046470607324 ], [ 127.431076012353643, 36.305251483514063 ], [ 127.431258979173421, 36.305414641332952 ], [ 127.43141563098412, 36.305556346430421 ], [ 127.43227886009808, 36.306242114382599 ], [ 127.432478722981926, 36.306658367096254 ], [ 127.432665569901985, 36.30671216933122 ], [ 127.432696210174782, 36.306712058824836 ], [ 127.432812536325173, 36.306711639214647 ], [ 127.433018358366468, 36.306749701031279 ], [ 127.433215338470305, 36.306797554130959 ], [ 127.433379416708277, 36.306861386418582 ], [ 127.433517717513851, 36.306914704819128 ], [ 127.433656859192126, 36.30695895421384 ], [ 127.433839498656781, 36.307030856366964 ], [ 127.434061813746482, 36.307113654068573 ], [ 127.434102606462943, 36.307143416414398 ], [ 127.434166640644676, 36.307190126814866 ], [ 127.434253994710318, 36.307253857042006 ], [ 127.434311757555662, 36.307295994079503 ], [ 127.434470879110307, 36.307411480037302 ], [ 127.434574554137797, 36.307490921451603 ], [ 127.434697337895756, 36.307528506127369 ], [ 127.434869696000376, 36.30759515405903 ], [ 127.435120782745699, 36.307693724150823 ], [ 127.435205879513177, 36.307733616814424 ], [ 127.435247301059619, 36.30775012923543 ], [ 127.435333946728548, 36.307832434414514 ], [ 127.435405129869892, 36.307901160898219 ], [ 127.435450876891935, 36.307950775666519 ], [ 127.435481336301763, 36.307954107583257 ], [ 127.435504085035731, 36.307988539938158 ], [ 127.435624808963283, 36.308132361433955 ], [ 127.435702072037031, 36.308221188855818 ], [ 127.435747800106157, 36.308361695904708 ], [ 127.435756850514949, 36.308389491258872 ], [ 127.435835032167631, 36.308585653988999 ], [ 127.435849406221877, 36.308621729798602 ], [ 127.435872282618973, 36.308679114494645 ], [ 127.435927083145927, 36.308815136703451 ], [ 127.435950349138011, 36.308870474303681 ], [ 127.436060325151487, 36.309095584154065 ], [ 127.436072049172068, 36.309119575823274 ], [ 127.436138655095803, 36.309262025431856 ], [ 127.436158277504447, 36.309312825309298 ], [ 127.436160232477988, 36.309317999946444 ], [ 127.436202439916542, 36.309423752336286 ], [ 127.436233421351034, 36.309502960928135 ], [ 127.436240510786902, 36.309520435927666 ], [ 127.436274533183393, 36.309607879181826 ], [ 127.436304723971062, 36.309673005294052 ], [ 127.436346807677069, 36.309762419809672 ], [ 127.436395858154299, 36.309865236442434 ], [ 127.436408743937974, 36.309891873297076 ], [ 127.436413226554777, 36.309911097032035 ], [ 127.436437868056601, 36.309897219439847 ], [ 127.436683936528112, 36.309770303935721 ], [ 127.436747307058582, 36.309737009203594 ], [ 127.437023834471717, 36.309593373486216 ], [ 127.437193936887326, 36.309505574207662 ], [ 127.437403171598092, 36.309394904427585 ], [ 127.437450258026345, 36.309370716472984 ], [ 127.438435949941152, 36.310667041827621 ], [ 127.438833142982503, 36.311185340834427 ], [ 127.439132271403892, 36.311573030077504 ], [ 127.439523503841343, 36.312091042104605 ], [ 127.440012466416363, 36.312747186516454 ], [ 127.440246375954558, 36.312685363964945 ], [ 127.440469741144597, 36.312347586614891 ], [ 127.440627637765942, 36.312261043885648 ], [ 127.442152882707887, 36.311561934291483 ], [ 127.442498149320926, 36.311421736393839 ], [ 127.442743331107465, 36.311343880579166 ], [ 127.443043288654863, 36.311255016906216 ], [ 127.443286729851167, 36.311184610091843 ], [ 127.443766696296976, 36.311053652355021 ], [ 127.444294718990051, 36.31106067346294 ], [ 127.444741314082322, 36.311022457924196 ], [ 127.444881485757264, 36.310939435798936 ], [ 127.445108506965099, 36.31092713069561 ], [ 127.445662308025689, 36.310875690179245 ], [ 127.446186827382363, 36.3108130282845 ], [ 127.446253141596955, 36.310788873491852 ], [ 127.446595970857302, 36.310666443963534 ], [ 127.446735463462673, 36.310617198139852 ], [ 127.447036130566829, 36.310491905439058 ], [ 127.447305613851469, 36.3103557610034 ], [ 127.447506468487603, 36.310247961560421 ], [ 127.447598018578915, 36.310199434284883 ], [ 127.447970750365727, 36.309864113391257 ], [ 127.44840424472828, 36.309439942889348 ], [ 127.448678964783554, 36.30908903535785 ], [ 127.448739146278299, 36.308954544525584 ], [ 127.448600296322638, 36.308951792622956 ], [ 127.448480481365962, 36.308950158940064 ], [ 127.447827131161162, 36.30900724702046 ], [ 127.447541999107628, 36.309028164012616 ], [ 127.447333932732036, 36.309044070809691 ], [ 127.447458379613465, 36.308830605478342 ], [ 127.447801543593854, 36.308215815508674 ], [ 127.448129049673355, 36.30763457959916 ], [ 127.448281550444889, 36.307362603552306 ], [ 127.448338349373913, 36.307216896911356 ], [ 127.448348919300997, 36.307194120812603 ], [ 127.448367040508913, 36.307138585887436 ], [ 127.448419406096093, 36.307080390654761 ], [ 127.448612841010629, 36.306907236964804 ], [ 127.448787953484285, 36.306750561870416 ], [ 127.448939392840046, 36.306615062565825 ], [ 127.448947345554771, 36.30660779638302 ], [ 127.448838707147118, 36.306542804802575 ], [ 127.448376857024755, 36.30627346818504 ], [ 127.448055015937413, 36.306099230367543 ], [ 127.44615828750068, 36.305023666385324 ], [ 127.445903833161807, 36.305325406117085 ], [ 127.445891578833425, 36.305339852416353 ], [ 127.445836002184905, 36.305405231834492 ], [ 127.445777071379865, 36.305474048149108 ], [ 127.445774715508165, 36.305476805482094 ], [ 127.445756421274012, 36.305498168187221 ], [ 127.44570687210566, 36.305554486378881 ], [ 127.445652276473851, 36.305582832856253 ], [ 127.445635369302252, 36.305591600999257 ], [ 127.445604074978078, 36.305607839239464 ], [ 127.44560312029499, 36.30560833843105 ], [ 127.445518451301879, 36.305652278710937 ], [ 127.44535175354801, 36.305736544595895 ], [ 127.445264671637815, 36.305781088428311 ], [ 127.445223983703073, 36.305801885325408 ], [ 127.445205367772104, 36.305811705110521 ], [ 127.44510279488199, 36.305865453223944 ], [ 127.444983607192597, 36.305924597827698 ], [ 127.444875419748101, 36.305979826473362 ], [ 127.444787865430513, 36.30602558829419 ], [ 127.444723410653637, 36.306058963402336 ], [ 127.444707391319625, 36.306067259512517 ], [ 127.444681824780247, 36.306080502405791 ], [ 127.444701340153344, 36.306107618458043 ], [ 127.444821888902936, 36.306275078101997 ], [ 127.444828855596171, 36.306284352375798 ], [ 127.44489487506992, 36.30637197193083 ], [ 127.444945548532203, 36.306441273448705 ], [ 127.444960696722873, 36.306461989302036 ], [ 127.445029999045374, 36.306555156840098 ], [ 127.445038918529221, 36.306567154411056 ], [ 127.445136875628393, 36.306698857877116 ], [ 127.445192939238083, 36.306774204178232 ], [ 127.445182425434396, 36.306820797798785 ], [ 127.44509912820088, 36.306861479452067 ], [ 127.444984452712674, 36.306917471226875 ], [ 127.444877704837339, 36.306969585482591 ], [ 127.444856341945737, 36.306980019185744 ], [ 127.444717419684807, 36.307050420259394 ], [ 127.444522974656536, 36.307148945273326 ], [ 127.444382125302894, 36.307221263585234 ], [ 127.444296857213459, 36.30726404270191 ], [ 127.444142134528335, 36.307163035428459 ], [ 127.44400175476467, 36.307066291484645 ], [ 127.443840784501248, 36.306960963284837 ], [ 127.44372981926962, 36.306887459576863 ], [ 127.443557591193468, 36.306773881839263 ], [ 127.44354843806552, 36.306767796717359 ], [ 127.443486357072274, 36.306693255906751 ], [ 127.443385685594151, 36.306571338841223 ], [ 127.443345446374167, 36.306523815500739 ], [ 127.443228067655113, 36.306384918856793 ], [ 127.443117425901889, 36.306254008638092 ], [ 127.442982480886002, 36.306121439784292 ], [ 127.442734031454975, 36.30582779947261 ], [ 127.442200853551455, 36.305254456951559 ], [ 127.441795395535038, 36.304842961058334 ], [ 127.441530158517381, 36.304492678137137 ], [ 127.441200362968075, 36.304168757069434 ], [ 127.440790260493543, 36.303443323833996 ], [ 127.441067556039897, 36.302884333889494 ], [ 127.440741604642184, 36.302595146573623 ], [ 127.440485455715589, 36.302396197962068 ], [ 127.440014192829139, 36.302166181464926 ], [ 127.439843640926426, 36.301979254549273 ], [ 127.439659175871071, 36.301792810934408 ], [ 127.439304648964736, 36.301396953227055 ], [ 127.438762073117616, 36.30103877551457 ], [ 127.438456121052255, 36.300863182803027 ], [ 127.438087579274537, 36.300651572636234 ], [ 127.438036041073786, 36.300451294598304 ], [ 127.437481853619474, 36.30038899990609 ], [ 127.43709353004968, 36.300252914106025 ], [ 127.436866846201525, 36.300292553332554 ], [ 127.436690472897695, 36.300153855852194 ], [ 127.436607690960173, 36.300096418893283 ], [ 127.435683369758891, 36.300004804296435 ], [ 127.434412565007676, 36.300309683711973 ], [ 127.433601588674108, 36.300361127573552 ], [ 127.4329376929566, 36.300481614973258 ], [ 127.432573073571305, 36.300528619685622 ], [ 127.432190205327146, 36.300966240016265 ], [ 127.431695543901711, 36.30106740240344 ], [ 127.4315373273718, 36.301152204354651 ], [ 127.430761474238381, 36.301121892282303 ], [ 127.430459124607836, 36.300842613028614 ], [ 127.429867832699344, 36.300676375551923 ], [ 127.429543553268672, 36.300700246543443 ], [ 127.429478097434313, 36.300585427904842 ], [ 127.429106889484288, 36.300702674173714 ], [ 127.428940875054906, 36.300905347187886 ], [ 127.428506895472438, 36.300922488226661 ], [ 127.42858038036853, 36.30118695479409 ], [ 127.428109801878307, 36.301455139147656 ], [ 127.428044295630173, 36.301602732919307 ], [ 127.42795961239446, 36.302033643196893 ], [ 127.42801232555918, 36.302380632599757 ], [ 127.427962710059361, 36.302531053375546 ] ] ] ] } },
{ "type": "Feature", "properties": { "EMD_CD": "30140108", "EMD_ENG_NM": "Ho-dong", "EMD_KOR_NM": "호동" }, "geometry": { "type": "MultiPolygon", "coordinates": [ [ [ [ 127.422320757842883, 36.296100172587266 ], [ 127.42231652442689, 36.296536951198462 ], [ 127.422302164946061, 36.296785978485239 ], [ 127.422551448744613, 36.297258632510633 ], [ 127.422795836149348, 36.297803559454266 ], [ 127.42279316695425, 36.297984173387718 ], [ 127.423139766719302, 36.298704441466654 ], [ 127.423299806748616, 36.298690800933372 ], [ 127.423809677362328, 36.298613401545431 ], [ 127.424132534555184, 36.298706875127792 ], [ 127.424315666523839, 36.29902992973026 ], [ 127.425084089417467, 36.29926544449139 ], [ 127.425348386632081, 36.299545322976357 ], [ 127.425759411737147, 36.299790868216505 ], [ 127.42605130574222, 36.300648885958282 ], [ 127.426887750171772, 36.300945679646603 ], [ 127.427551538712351, 36.300972928710209 ], [ 127.428506895472438, 36.300922488226661 ], [ 127.428940875054906, 36.300905347187886 ], [ 127.429106889484288, 36.300702674173714 ], [ 127.429478097434313, 36.300585427904842 ], [ 127.429543553268672, 36.300700246543443 ], [ 127.429867832699344, 36.300676375551923 ], [ 127.430459124607836, 36.300842613028614 ], [ 127.430761474238381, 36.301121892282303 ], [ 127.4315373273718, 36.301152204354651 ], [ 127.431695543901711, 36.30106740240344 ], [ 127.432190205327146, 36.300966240016265 ], [ 127.432573073571305, 36.300528619685622 ], [ 127.4329376929566, 36.300481614973258 ], [ 127.433601588674108, 36.300361127573552 ], [ 127.434412565007676, 36.300309683711973 ], [ 127.435683369758891, 36.300004804296435 ], [ 127.436607690960173, 36.300096418893283 ], [ 127.436690472897695, 36.300153855852194 ], [ 127.436866846201525, 36.300292553332554 ], [ 127.43709353004968, 36.300252914106025 ], [ 127.437481853619474, 36.30038899990609 ], [ 127.438036041073786, 36.300451294598304 ], [ 127.438087579274537, 36.300651572636234 ], [ 127.438456121052255, 36.300863182803027 ], [ 127.438762073117616, 36.30103877551457 ], [ 127.439304648964736, 36.301396953227055 ], [ 127.439659175871071, 36.301792810934408 ], [ 127.439843640926426, 36.301979254549273 ], [ 127.440014192829139, 36.302166181464926 ], [ 127.440485455715589, 36.302396197962068 ], [ 127.440741604642184, 36.302595146573623 ], [ 127.441067556039897, 36.302884333889494 ], [ 127.440790260493543, 36.303443323833996 ], [ 127.441200362968075, 36.304168757069434 ], [ 127.441530158517381, 36.304492678137137 ], [ 127.441795395535038, 36.304842961058334 ], [ 127.442200853551455, 36.305254456951559 ], [ 127.442734031454975, 36.30582779947261 ], [ 127.442982480886002, 36.306121439784292 ], [ 127.443117425901889, 36.306254008638092 ], [ 127.443228067655113, 36.306384918856793 ], [ 127.443345446374167, 36.306523815500739 ], [ 127.443385685594151, 36.306571338841223 ], [ 127.443486357072274, 36.306693255906751 ], [ 127.44354843806552, 36.306767796717359 ], [ 127.443557591193468, 36.306773881839263 ], [ 127.44372981926962, 36.306887459576863 ], [ 127.443840784501248, 36.306960963284837 ], [ 127.44400175476467, 36.307066291484645 ], [ 127.444142134528335, 36.307163035428459 ], [ 127.444296857213459, 36.30726404270191 ], [ 127.444382125302894, 36.307221263585234 ], [ 127.444522974656536, 36.307148945273326 ], [ 127.444717419684807, 36.307050420259394 ], [ 127.444856341945737, 36.306980019185744 ], [ 127.444877704837339, 36.306969585482591 ], [ 127.444984452712674, 36.306917471226875 ], [ 127.44509912820088, 36.306861479452067 ], [ 127.445182425434396, 36.306820797798785 ], [ 127.445192939238083, 36.306774204178232 ], [ 127.445136875628393, 36.306698857877116 ], [ 127.445038918529221, 36.306567154411056 ], [ 127.445029999045374, 36.306555156840098 ], [ 127.444960696722873, 36.306461989302036 ], [ 127.444945548532203, 36.306441273448705 ], [ 127.44489487506992, 36.30637197193083 ], [ 127.444828855596171, 36.306284352375798 ], [ 127.444821888902936, 36.306275078101997 ], [ 127.444701340153344, 36.306107618458043 ], [ 127.444681824780247, 36.306080502405791 ], [ 127.444707391319625, 36.306067259512517 ], [ 127.444723410653637, 36.306058963402336 ], [ 127.444787865430513, 36.30602558829419 ], [ 127.444875419748101, 36.305979826473362 ], [ 127.444983607192597, 36.305924597827698 ], [ 127.44510279488199, 36.305865453223944 ], [ 127.445205367772104, 36.305811705110521 ], [ 127.445223983703073, 36.305801885325408 ], [ 127.445264671637815, 36.305781088428311 ], [ 127.44535175354801, 36.305736544595895 ], [ 127.445518451301879, 36.305652278710937 ], [ 127.44560312029499, 36.30560833843105 ], [ 127.445604074978078, 36.305607839239464 ], [ 127.445635369302252, 36.305591600999257 ], [ 127.445652276473851, 36.305582832856253 ], [ 127.44570687210566, 36.305554486378881 ], [ 127.445756421274012, 36.305498168187221 ], [ 127.445774715508165, 36.305476805482094 ], [ 127.445777071379865, 36.305474048149108 ], [ 127.445836002184905, 36.305405231834492 ], [ 127.445891578833425, 36.305339852416353 ], [ 127.445903833161807, 36.305325406117085 ], [ 127.44615828750068, 36.305023666385324 ], [ 127.448055015937413, 36.306099230367543 ], [ 127.448376857024755, 36.30627346818504 ], [ 127.448838707147118, 36.306542804802575 ], [ 127.448947345554771, 36.30660779638302 ], [ 127.448939392840046, 36.306615062565825 ], [ 127.448787953484285, 36.306750561870416 ], [ 127.448612841010629, 36.306907236964804 ], [ 127.448419406096093, 36.307080390654761 ], [ 127.448367040508913, 36.307138585887436 ], [ 127.448348919300997, 36.307194120812603 ], [ 127.448338349373913, 36.307216896911356 ], [ 127.448281550444889, 36.307362603552306 ], [ 127.448129049673355, 36.30763457959916 ], [ 127.447801543593854, 36.308215815508674 ], [ 127.447458379613465, 36.308830605478342 ], [ 127.447333932732036, 36.309044070809691 ], [ 127.447541999107628, 36.309028164012616 ], [ 127.447827131161162, 36.30900724702046 ], [ 127.448480481365962, 36.308950158940064 ], [ 127.448521517880522, 36.308520191197147 ], [ 127.448536596480125, 36.307933543447113 ], [ 127.448630536732836, 36.30760802195686 ], [ 127.448943672844791, 36.307233656708277 ], [ 127.449442356388417, 36.306752464428556 ], [ 127.449750332467389, 36.306458257683346 ], [ 127.450032139128538, 36.30612087399183 ], [ 127.450278675777383, 36.305823156485864 ], [ 127.450659194096957, 36.305354343115098 ], [ 127.450854473480632, 36.305019120882598 ], [ 127.450620722402121, 36.304883705780284 ], [ 127.450556352724988, 36.30484781953799 ], [ 127.450568032411212, 36.304828463526931 ], [ 127.450632041445772, 36.304725732657246 ], [ 127.450669757453412, 36.304666591155943 ], [ 127.45078501587372, 36.304480588490115 ], [ 127.450831722743686, 36.304430289705294 ], [ 127.450906297106229, 36.304364449055839 ], [ 127.45096426560508, 36.304287964850531 ], [ 127.451123479611127, 36.304133193473156 ], [ 127.451562088117953, 36.303797577374219 ], [ 127.451790047363616, 36.303613312238092 ], [ 127.451678080124253, 36.303549957848638 ], [ 127.451040501262725, 36.303190526722105 ], [ 127.45071921780108, 36.303009435938243 ], [ 127.449852810401424, 36.302521575614165 ], [ 127.448826340615042, 36.301944451878292 ], [ 127.448606767751244, 36.302199836733145 ], [ 127.448553606666465, 36.302258512681135 ], [ 127.448465581016833, 36.302361052905695 ], [ 127.448408778693775, 36.302427465458877 ], [ 127.448377737101623, 36.302462312718625 ], [ 127.448307032706211, 36.302101918259233 ], [ 127.448107651178191, 36.301989737122881 ], [ 127.44795638236053, 36.301905771984103 ], [ 127.447918636853046, 36.30183483735297 ], [ 127.44786858666042, 36.301740031496465 ], [ 127.447895867375891, 36.30151411351936 ], [ 127.447762030369049, 36.3013317199174 ], [ 127.447654630128355, 36.301087794487771 ], [ 127.447615291927747, 36.300914969961354 ], [ 127.447551034299053, 36.300727837626965 ], [ 127.447510659568891, 36.30057429303212 ], [ 127.447421095258946, 36.300369276594978 ], [ 127.447386413393161, 36.300155692526268 ], [ 127.447420860869855, 36.300015161143207 ], [ 127.447473117976202, 36.299877987779652 ], [ 127.447449286524289, 36.299659722192118 ], [ 127.447298420134956, 36.299330572226907 ], [ 127.447074917550353, 36.299015994396072 ], [ 127.446970674086259, 36.298895553392491 ], [ 127.446940168621055, 36.298789598838681 ], [ 127.446951337901965, 36.298684390192498 ], [ 127.447013913264072, 36.298566463686413 ], [ 127.447135777246331, 36.298396805061088 ], [ 127.447194561600938, 36.298123340887322 ], [ 127.446993722841441, 36.297750858996025 ], [ 127.446938491673492, 36.297625269835869 ], [ 127.446871746669359, 36.297424772857333 ], [ 127.446879141660105, 36.297125645505908 ], [ 127.446802900049335, 36.29700527122349 ], [ 127.446697696129178, 36.296946437799249 ], [ 127.446516358826841, 36.29685277790648 ], [ 127.44634611262623, 36.296759572118219 ], [ 127.446217432165028, 36.296575472223203 ], [ 127.446171386197946, 36.296508505969292 ], [ 127.446105407721419, 36.296470036863795 ], [ 127.445898803507092, 36.296315920047888 ], [ 127.445721603987067, 36.296231030006211 ], [ 127.445660049104276, 36.296234421804009 ], [ 127.44565911392192, 36.296226558023079 ], [ 127.444643023838609, 36.295911555645397 ], [ 127.444352902494145, 36.295817502531207 ], [ 127.444115911603603, 36.295765823541409 ], [ 127.443196603114458, 36.295574380074569 ], [ 127.442327414638768, 36.295894945513453 ], [ 127.441685829386913, 36.296495878534621 ], [ 127.441649909233405, 36.296793966177397 ], [ 127.441641700138817, 36.296828862846652 ], [ 127.441230330825491, 36.296706546021468 ], [ 127.440838770710826, 36.295776729356454 ], [ 127.440823796806356, 36.295746820309297 ], [ 127.440793173008586, 36.295175263475485 ], [ 127.440180523231376, 36.294930599812055 ], [ 127.440133386342893, 36.294912262604441 ], [ 127.439659711825982, 36.294545301539209 ], [ 127.439445828483969, 36.294428094252652 ], [ 127.438822864169623, 36.294088792890598 ], [ 127.438882077785323, 36.29397732622084 ], [ 127.438926691570131, 36.293906781230191 ], [ 127.438417726345293, 36.293365701990702 ], [ 127.437784850094047, 36.292691392323746 ], [ 127.437769550376231, 36.292680625029419 ], [ 127.437538875957458, 36.292599288247757 ], [ 127.437218067383284, 36.292486161602127 ], [ 127.436954549755953, 36.292566199714877 ], [ 127.436002655861188, 36.292858372110636 ], [ 127.435985227533109, 36.292849144320954 ], [ 127.435835878548474, 36.292658142049405 ], [ 127.435370407269261, 36.292684992749471 ], [ 127.435024985915092, 36.292547248294802 ], [ 127.434814077346573, 36.292307470983971 ], [ 127.434747942099278, 36.29223698636423 ], [ 127.434697408445516, 36.292095018000374 ], [ 127.434560205941395, 36.291712100765018 ], [ 127.434545751448169, 36.291664814351606 ], [ 127.434527327238015, 36.291604213922483 ], [ 127.434251891560166, 36.291255617945311 ], [ 127.433847473668763, 36.291060264086639 ], [ 127.433685857972975, 36.291162482949922 ], [ 127.43300055583866, 36.290880681982955 ], [ 127.432657589495463, 36.290832877135301 ], [ 127.431274731098853, 36.291297464152663 ], [ 127.430087723007148, 36.291387660764308 ], [ 127.430044577189292, 36.291387896509605 ], [ 127.429005738475155, 36.291854819568876 ], [ 127.428456797066858, 36.292101378088638 ], [ 127.428196116807783, 36.291939321931437 ], [ 127.427942649221791, 36.291885335532889 ], [ 127.427806969145536, 36.291980767240567 ], [ 127.427354141232641, 36.292041768319926 ], [ 127.426768710182145, 36.292312285156783 ], [ 127.425910845105207, 36.292478779420733 ], [ 127.425780600243968, 36.292912554056151 ], [ 127.425340670556992, 36.293424855680399 ], [ 127.425329749712247, 36.294089592626541 ], [ 127.425325276051311, 36.294542656536095 ], [ 127.424993916055101, 36.29461763689693 ], [ 127.424665059598979, 36.294939863038621 ], [ 127.424696831053723, 36.295147976226225 ], [ 127.424076128094299, 36.295237909957663 ], [ 127.423836602056554, 36.295349249381218 ], [ 127.423628993912232, 36.29530802377181 ], [ 127.423589287780416, 36.29529622336819 ], [ 127.4227829532404, 36.296053639413991 ], [ 127.422413414340667, 36.296067088715141 ], [ 127.422320757842883, 36.296100172587266 ] ] ] ] } },
{ "type": "Feature", "properties": { "EMD_CD": "30140109", "EMD_ENG_NM": "Okgye-dong", "EMD_KOR_NM": "옥계동" }, "geometry": { "type": "MultiPolygon", "coordinates": [ [ [ [ 127.446665099211756, 36.296866012187337 ], [ 127.446802900049335, 36.29700527122349 ], [ 127.446879141660105, 36.297125645505908 ], [ 127.446871746669359, 36.297424772857333 ], [ 127.446938491673492, 36.297625269835869 ], [ 127.446993722841441, 36.297750858996025 ], [ 127.447194561600938, 36.298123340887322 ], [ 127.447135777246331, 36.298396805061088 ], [ 127.447013913264072, 36.298566463686413 ], [ 127.446951337901965, 36.298684390192498 ], [ 127.446940168621055, 36.298789598838681 ], [ 127.446970674086259, 36.298895553392491 ], [ 127.447074917550353, 36.299015994396072 ], [ 127.447298420134956, 36.299330572226907 ], [ 127.447449286524289, 36.299659722192118 ], [ 127.447473117976202, 36.299877987779652 ], [ 127.447420860869855, 36.300015161143207 ], [ 127.447386413393161, 36.300155692526268 ], [ 127.447421095258946, 36.300369276594978 ], [ 127.447510659568891, 36.30057429303212 ], [ 127.447551034299053, 36.300727837626965 ], [ 127.447615291927747, 36.300914969961354 ], [ 127.447654630128355, 36.301087794487771 ], [ 127.447762030369049, 36.3013317199174 ], [ 127.447895867375891, 36.30151411351936 ], [ 127.44786858666042, 36.301740031496465 ], [ 127.447918636853046, 36.30183483735297 ], [ 127.44795638236053, 36.301905771984103 ], [ 127.448107651178191, 36.301989737122881 ], [ 127.448307032706211, 36.302101918259225 ], [ 127.448377737101623, 36.302462312718625 ], [ 127.448408778693775, 36.302427465458877 ], [ 127.448465581016833, 36.302361052905695 ], [ 127.448553606666465, 36.302258512681135 ], [ 127.448606767751244, 36.302199836733145 ], [ 127.448826340615042, 36.301944451878292 ], [ 127.449852810401424, 36.302521575614165 ], [ 127.45071921780108, 36.303009435938243 ], [ 127.451040501262725, 36.303190526722105 ], [ 127.451678080124253, 36.303549957848638 ], [ 127.451790047363616, 36.303613312238092 ], [ 127.45199437835717, 36.303459479252091 ], [ 127.452600524217971, 36.302988015987872 ], [ 127.452800048616396, 36.302833504698164 ], [ 127.452823238683251, 36.302813978458367 ], [ 127.453141484554365, 36.302523563496926 ], [ 127.453472348477575, 36.302220699496701 ], [ 127.453886027043367, 36.30204255907595 ], [ 127.454413495950078, 36.301804292279733 ], [ 127.454837592725625, 36.301616366924812 ], [ 127.454837623839694, 36.3016143323538 ], [ 127.455044696833355, 36.301522941118158 ], [ 127.455359425624735, 36.301384876677091 ], [ 127.455507904444232, 36.301324582224936 ], [ 127.455586750711191, 36.301195982719939 ], [ 127.455699830254744, 36.301001900010341 ], [ 127.455802862959644, 36.300843577886525 ], [ 127.455940401490508, 36.300647653724624 ], [ 127.455963535157565, 36.300628280678708 ], [ 127.455986679998389, 36.300608916597547 ], [ 127.456008474026973, 36.300443080883561 ], [ 127.456057930329763, 36.300061759484933 ], [ 127.456064221054703, 36.299952486279082 ], [ 127.456070506819373, 36.299830848986126 ], [ 127.456084720305171, 36.299569328391911 ], [ 127.456097134684072, 36.29943329406651 ], [ 127.456131150489711, 36.299052301634362 ], [ 127.456135298735603, 36.299015103427593 ], [ 127.456180877313543, 36.298708242613358 ], [ 127.456188036734517, 36.298675800161796 ], [ 127.456244543718469, 36.298445028922806 ], [ 127.45628718164248, 36.298276103902751 ], [ 127.456311057119024, 36.29821780625899 ], [ 127.456450526783911, 36.298035274554771 ], [ 127.456645306478251, 36.297782366741572 ], [ 127.456807130718616, 36.297527313144563 ], [ 127.457006599186684, 36.297087492376477 ], [ 127.457006456917213, 36.296417713239833 ], [ 127.457004431384078, 36.295985049173659 ], [ 127.457069766927148, 36.295622987780504 ], [ 127.457163617877441, 36.295399769743668 ], [ 127.457230821960309, 36.295238590908731 ], [ 127.457797766276926, 36.294304596293458 ], [ 127.458155600203938, 36.293733174232159 ], [ 127.45842486964483, 36.293626978483864 ], [ 127.458877154735006, 36.293475654301474 ], [ 127.458891421175693, 36.293451916861081 ], [ 127.458904645426685, 36.293394578604747 ], [ 127.458959185950008, 36.293191263219093 ], [ 127.458965336276293, 36.293165493129564 ], [ 127.458995072118626, 36.293022831554737 ], [ 127.459007967441693, 36.292958753755343 ], [ 127.459058757482865, 36.292778585815768 ], [ 127.458901204796874, 36.29280896341993 ], [ 127.458758083228787, 36.292840042618032 ], [ 127.458674825862502, 36.292841829889866 ], [ 127.458363641472872, 36.292861123874282 ], [ 127.458194888442904, 36.293103337418998 ], [ 127.458146330272271, 36.293174021767847 ], [ 127.458092802107487, 36.293238119464561 ], [ 127.45798756034047, 36.293356809476663 ], [ 127.457860968045424, 36.29347953704071 ], [ 127.457785312714179, 36.293586380654013 ], [ 127.457646740411548, 36.293831307920676 ], [ 127.457511903746337, 36.294064081951539 ], [ 127.457489247137218, 36.294109560518287 ], [ 127.457195711194274, 36.293948585304136 ], [ 127.45672948229425, 36.293433041935572 ], [ 127.456576594184156, 36.293275990431638 ], [ 127.456434172891747, 36.292962058449653 ], [ 127.456216570152634, 36.292731158076982 ], [ 127.455358828889416, 36.293354740538156 ], [ 127.455259133532266, 36.29342079652676 ], [ 127.454982112731116, 36.293436626732628 ], [ 127.454336212083717, 36.293472796567919 ], [ 127.453848076212083, 36.293497479991302 ], [ 127.453722576112369, 36.29348077831132 ], [ 127.453354168499089, 36.293430551780666 ], [ 127.45316383536057, 36.293404253667525 ], [ 127.452891405432936, 36.293366811268648 ], [ 127.452573805169862, 36.293633604057263 ], [ 127.452526086248682, 36.293673102320874 ], [ 127.452505589364563, 36.293690067649834 ], [ 127.452418948360162, 36.29376177647228 ], [ 127.452400345765895, 36.293753916285688 ], [ 127.452293729623463, 36.293708863029089 ], [ 127.452206915720836, 36.29367313428979 ], [ 127.452109017778668, 36.293632211432495 ], [ 127.451955154645418, 36.293567374892326 ], [ 127.451895148387351, 36.293584128482735 ], [ 127.451794120338221, 36.293612553548911 ], [ 127.451004938533885, 36.293837671545013 ], [ 127.451031096518122, 36.293796452598144 ], [ 127.45098059148637, 36.293787053962681 ], [ 127.450873453178431, 36.293798342851886 ], [ 127.450882641727276, 36.293810771567067 ], [ 127.449899022968381, 36.293454796334814 ], [ 127.449501376276714, 36.292626169510207 ], [ 127.449247653504557, 36.292415496914948 ], [ 127.448939345013912, 36.292049575323936 ], [ 127.448630518690166, 36.291990387853652 ], [ 127.448150331114391, 36.292056769724439 ], [ 127.448059315135154, 36.292365212453689 ], [ 127.448039963198198, 36.292938747513602 ], [ 127.447621087987699, 36.293516017733438 ], [ 127.447496527783699, 36.293687696641591 ], [ 127.447149234825801, 36.294149239607897 ], [ 127.447363784963528, 36.294751505995549 ], [ 127.447344464477027, 36.295200453204707 ], [ 127.447330511798668, 36.295360220431341 ], [ 127.447308630645225, 36.29572114138346 ], [ 127.447300178251027, 36.295855646182936 ], [ 127.447297244175715, 36.296016949361892 ], [ 127.447287425844721, 36.296071831456622 ], [ 127.447188577875295, 36.296196679203888 ], [ 127.447114517130586, 36.296242410489917 ], [ 127.447037792259536, 36.296309085943363 ], [ 127.446941659130133, 36.296459246373544 ], [ 127.446854533278426, 36.296517597555813 ], [ 127.446721162826535, 36.296599515371952 ], [ 127.446665099211756, 36.296866012187337 ] ] ], [ [ [ 127.450556352724988, 36.30484781953799 ], [ 127.450620722402121, 36.304883705780284 ], [ 127.450854473480632, 36.305019120882598 ], [ 127.450947603074709, 36.304915487362138 ], [ 127.451015062650214, 36.304841770106606 ], [ 127.45114424397066, 36.304697592271253 ], [ 127.451276823428273, 36.304464717054664 ], [ 127.451358215928551, 36.304318267564163 ], [ 127.451505003679785, 36.303911502295641 ], [ 127.451562088117953, 36.303797577374219 ], [ 127.451123479611127, 36.304133193473156 ], [ 127.45096426560508, 36.304287964850531 ], [ 127.450906297106229, 36.304364449055839 ], [ 127.450831722743686, 36.304430289705294 ], [ 127.45078501587372, 36.304480588490115 ], [ 127.450669757453412, 36.304666591155943 ], [ 127.450632041445772, 36.304725732657246 ], [ 127.450568032411212, 36.304828463526931 ], [ 127.450556352724988, 36.30484781953799 ] ] ] ] } },
{ "type": "Feature", "properties": { "EMD_CD": "30140110", "EMD_ENG_NM": "Daesa-dong", "EMD_KOR_NM": "대사동" }, "geometry": { "type": "MultiPolygon", "coordinates": [ [ [ [ 127.416654850179526, 36.322387787923333 ], [ 127.416668583489184, 36.322386118116086 ], [ 127.416708047334623, 36.322381330996535 ], [ 127.416910118432028, 36.322356783916312 ], [ 127.417077412069773, 36.322336665009566 ], [ 127.417257989870862, 36.322314201677351 ], [ 127.417285500550094, 36.322310780664139 ], [ 127.417324807688473, 36.322299568531754 ], [ 127.417362335689035, 36.322295148399277 ], [ 127.417427040698982, 36.322287389475655 ], [ 127.417648221667207, 36.322260846145603 ], [ 127.417677602304124, 36.322257256321173 ], [ 127.417911647979892, 36.322229090662283 ], [ 127.417968050373545, 36.32222229758753 ], [ 127.418104714791212, 36.322205618290639 ], [ 127.418129565893494, 36.322202584844632 ], [ 127.418126859663943, 36.322173270149179 ], [ 127.418120836698151, 36.322138028291903 ], [ 127.418110999775351, 36.322072484309601 ], [ 127.418109553374421, 36.322064360781596 ], [ 127.41812332678262, 36.322059779882913 ], [ 127.418235354508496, 36.32202161225144 ], [ 127.418231728222125, 36.321798566859606 ], [ 127.418229119748318, 36.321733231987501 ], [ 127.418224612201556, 36.321620763438325 ], [ 127.418220134598172, 36.32156621309511 ], [ 127.418208026763779, 36.321433891187112 ], [ 127.418203143164149, 36.321376287284266 ], [ 127.418201621678946, 36.321358242116162 ], [ 127.418187572695146, 36.321202244171474 ], [ 127.418173739890392, 36.321120321796478 ], [ 127.418151457310387, 36.320982375979213 ], [ 127.418107299181912, 36.32070759134487 ], [ 127.418087481376034, 36.32058703854586 ], [ 127.41807975920247, 36.320540078351129 ], [ 127.418068802307062, 36.320458641576359 ], [ 127.418050601100219, 36.32033632584681 ], [ 127.418027554116307, 36.320188577899067 ], [ 127.418009796408498, 36.320074244996349 ], [ 127.417983144336645, 36.319912370204655 ], [ 127.417959867653821, 36.319771634151785 ], [ 127.417958189107267, 36.319761727106687 ], [ 127.41794106374077, 36.319655277237921 ], [ 127.417928372580064, 36.319576432843157 ], [ 127.417925487995888, 36.319557518277385 ], [ 127.417918796806148, 36.319515925457914 ], [ 127.41791239345828, 36.319476106944151 ], [ 127.41790939915515, 36.319457499158403 ], [ 127.417902869394425, 36.319416942122906 ], [ 127.417885663741274, 36.31931002390975 ], [ 127.41787336800229, 36.319232223486615 ], [ 127.417858929029066, 36.319140885908112 ], [ 127.417848454355095, 36.319074659199927 ], [ 127.417835548138015, 36.318993030913944 ], [ 127.417813918553094, 36.318856191148555 ], [ 127.417819351895687, 36.318856019026576 ], [ 127.417798787162326, 36.318747697648391 ], [ 127.417792039052571, 36.318699562503376 ], [ 127.41777384599942, 36.318589088068443 ], [ 127.417742214060041, 36.318397284565464 ], [ 127.417726625976471, 36.318303391629144 ], [ 127.417840779950652, 36.318310041266614 ], [ 127.417825472408239, 36.318101401090786 ], [ 127.418065176048017, 36.318102981165872 ], [ 127.418113742799804, 36.318089105081718 ], [ 127.418187042949413, 36.318067068261378 ], [ 127.418119082084957, 36.318062898405067 ], [ 127.418183634875632, 36.318041856327142 ], [ 127.418198760958305, 36.317998646456807 ], [ 127.418212173764104, 36.317951558503857 ], [ 127.418235258870155, 36.317937086304994 ], [ 127.418272916484156, 36.317913488490056 ], [ 127.418322511413109, 36.317883603915213 ], [ 127.418371162999776, 36.317894059084551 ], [ 127.418380130436475, 36.317888395484786 ], [ 127.418392294174296, 36.317880711122996 ], [ 127.41840165138737, 36.317883418053547 ], [ 127.418426050470927, 36.317862678087302 ], [ 127.418439340658395, 36.317846960346138 ], [ 127.418488435968698, 36.317781832593525 ], [ 127.418531899038697, 36.317723438203508 ], [ 127.418534917403022, 36.317719372397761 ], [ 127.41856459261065, 36.317696153795566 ], [ 127.418671255907682, 36.317682732633024 ], [ 127.418687960810772, 36.317674653900809 ], [ 127.41871531732717, 36.317661428343335 ], [ 127.418757439689756, 36.317644032882171 ], [ 127.418847832563657, 36.317615762962156 ], [ 127.418855260964023, 36.317613853577022 ], [ 127.418871952796835, 36.317609595835634 ], [ 127.418981066670284, 36.317581729059135 ], [ 127.418995013383508, 36.317578481188967 ], [ 127.419049287990447, 36.317567991221757 ], [ 127.419151727075047, 36.317549727066734 ], [ 127.419265296006856, 36.317530396591799 ], [ 127.419279418770131, 36.317528842277298 ], [ 127.419300597226098, 36.317526488293005 ], [ 127.419383186537061, 36.317517521319623 ], [ 127.419476855619536, 36.317485589723432 ], [ 127.419583625245366, 36.317460884697596 ], [ 127.419648103888875, 36.317449061082208 ], [ 127.419773447123987, 36.317434699456754 ], [ 127.419839822580201, 36.317440261728045 ], [ 127.419902817535203, 36.317452955056375 ], [ 127.41994924714777, 36.317462299907746 ], [ 127.419977431844217, 36.317468653638471 ], [ 127.420042801876846, 36.317475688227574 ], [ 127.420189415670123, 36.317559497500774 ], [ 127.420263976297605, 36.31755680316369 ], [ 127.420264311225253, 36.317561127617658 ], [ 127.420268862992927, 36.317560625039093 ], [ 127.420297608953106, 36.317557397265794 ], [ 127.420473052768983, 36.317547482387951 ], [ 127.420589810907686, 36.317543603595219 ], [ 127.420630362702198, 36.317538694218243 ], [ 127.420719915694164, 36.317499296350853 ], [ 127.420729678351165, 36.317494530958669 ], [ 127.42074011163848, 36.317490231823335 ], [ 127.420846211013156, 36.317446495261734 ], [ 127.420878707112792, 36.317430331381871 ], [ 127.421053295695813, 36.317435441196615 ], [ 127.421097421097784, 36.317436611043959 ], [ 127.421194056105335, 36.31747617571822 ], [ 127.421253660764265, 36.31752526056345 ], [ 127.421276915635815, 36.317557116450921 ], [ 127.421254968182311, 36.31754480240015 ], [ 127.421284174476611, 36.317600437348716 ], [ 127.421412476051728, 36.317631068161219 ], [ 127.421507528281708, 36.317678577467284 ], [ 127.421592542582189, 36.317764611041056 ], [ 127.421610804228607, 36.317785219755649 ], [ 127.421700740911064, 36.317879589817665 ], [ 127.421824303039656, 36.31791091272386 ], [ 127.422071262710389, 36.317926283235693 ], [ 127.422214162788464, 36.317946336129843 ], [ 127.422439982008555, 36.317971098400868 ], [ 127.422524767388964, 36.317939772453393 ], [ 127.422605278022985, 36.317941831911625 ], [ 127.422660511701267, 36.317941997794847 ], [ 127.422690326422881, 36.317940784306536 ], [ 127.422828329918275, 36.317973794551371 ], [ 127.423053443682463, 36.318028801487522 ], [ 127.423296984834579, 36.318101955667821 ], [ 127.423408764716385, 36.318120566919383 ], [ 127.423429807737818, 36.318124070300669 ], [ 127.423453774917704, 36.318126734278131 ], [ 127.423506177575135, 36.31813053247523 ], [ 127.423532374916775, 36.318142020050892 ], [ 127.423543391896374, 36.318146856496405 ], [ 127.423677776961924, 36.31820050636253 ], [ 127.423696290891741, 36.318207893668905 ], [ 127.42374732520517, 36.318216058265939 ], [ 127.423882663872718, 36.318240010910642 ], [ 127.423954729099535, 36.318255607869794 ], [ 127.424076815904073, 36.3182815266224 ], [ 127.424194934178004, 36.318306648227967 ], [ 127.424197364828061, 36.318292779606168 ], [ 127.4242668850884, 36.318282494701378 ], [ 127.424285099654341, 36.31827979885918 ], [ 127.424354241625693, 36.318269578323587 ], [ 127.424444398165193, 36.31825964386671 ], [ 127.424489487438677, 36.318237135258926 ], [ 127.424652356950403, 36.318218409228948 ], [ 127.42468813209986, 36.318213587478041 ], [ 127.424809815342769, 36.318210146723629 ], [ 127.424855370096751, 36.318209904292146 ], [ 127.424970822139798, 36.318258816504738 ], [ 127.424981880672732, 36.318232201764438 ], [ 127.424996649703459, 36.318224543550194 ], [ 127.425007200609429, 36.318204959748087 ], [ 127.42508124716656, 36.318214195744915 ], [ 127.425175016555954, 36.318155809935824 ], [ 127.425233346422772, 36.318129288962311 ], [ 127.42528333427191, 36.318104572843211 ], [ 127.425307756587117, 36.31809256375363 ], [ 127.425409940654902, 36.318049972508916 ], [ 127.425554779930323, 36.317989945388625 ], [ 127.425591539049648, 36.317979730867968 ], [ 127.425663721408824, 36.317953214609496 ], [ 127.425670268229752, 36.317971539243139 ], [ 127.42568227810257, 36.317993133769207 ], [ 127.425713985415157, 36.318045271210529 ], [ 127.425733835398646, 36.318064918411814 ], [ 127.425787002353246, 36.318117268047978 ], [ 127.42581490463148, 36.318159731366698 ], [ 127.42588249327919, 36.318189644653451 ], [ 127.425897855828026, 36.318194943075177 ], [ 127.425953147687778, 36.318214022831299 ], [ 127.425996356994631, 36.318228927983512 ], [ 127.426118099542407, 36.318275437653099 ], [ 127.42612779655353, 36.318279143071692 ], [ 127.426149460143677, 36.318378546496483 ], [ 127.426213182220792, 36.318383312607011 ], [ 127.426282903053021, 36.31837103422771 ], [ 127.426436117563654, 36.318344067317852 ], [ 127.426441201734704, 36.318343175107763 ], [ 127.426632551934077, 36.318303176603031 ], [ 127.426887436829205, 36.318290888049731 ], [ 127.426925134263982, 36.31831400413305 ], [ 127.426935614922542, 36.318312317688488 ], [ 127.427011350865101, 36.318314751639257 ], [ 127.427964838449384, 36.318650915395217 ], [ 127.427973523258885, 36.318671160779175 ], [ 127.42799228151118, 36.318680375925403 ], [ 127.427989133211724, 36.318695256494415 ], [ 127.427984336096827, 36.31869365149997 ], [ 127.427979095692237, 36.318733321760199 ], [ 127.427998854873167, 36.318740253369263 ], [ 127.428021993139751, 36.318707214956177 ], [ 127.428010441842943, 36.318702479960294 ], [ 127.428024495102051, 36.318686118606358 ], [ 127.42817816272418, 36.318754545905712 ], [ 127.428262392618947, 36.31878501123645 ], [ 127.428408804388539, 36.318844010847776 ], [ 127.428555969417005, 36.31890224159141 ], [ 127.428704495218426, 36.318960836769996 ], [ 127.428805267834477, 36.319000497629339 ], [ 127.428835533129416, 36.319012411070595 ], [ 127.428957540857056, 36.319055970053618 ], [ 127.428978349704977, 36.319063402402641 ], [ 127.429259507744973, 36.319163517116806 ], [ 127.429379109813198, 36.319206931076288 ], [ 127.42939704038632, 36.319213391377296 ], [ 127.429453307873047, 36.319233430267872 ], [ 127.429608833748787, 36.319293026590522 ], [ 127.42973291774274, 36.319333270041291 ], [ 127.4297659841815, 36.319352346537706 ], [ 127.429866693185986, 36.319380192362914 ], [ 127.429908694809754, 36.319404103127169 ], [ 127.429960677591126, 36.319420498375997 ], [ 127.429984327054456, 36.319428073566378 ], [ 127.430012457905718, 36.319440589132 ], [ 127.430087362525299, 36.319474024417048 ], [ 127.430107344656562, 36.31948296448919 ], [ 127.430113455936834, 36.319480509413154 ], [ 127.430129855918139, 36.319486037873077 ], [ 127.430149881498323, 36.319492742876413 ], [ 127.430183629384743, 36.319504048712581 ], [ 127.430207284323032, 36.319512615127827 ], [ 127.430391496184114, 36.31957810033547 ], [ 127.430444389783801, 36.319598096791616 ], [ 127.430847968584317, 36.31974290808401 ], [ 127.430854886542193, 36.319745406516901 ], [ 127.430830313498504, 36.319658802062499 ], [ 127.430799926414934, 36.319584168018359 ], [ 127.430765561393528, 36.319549695448984 ], [ 127.430811940826231, 36.319561613601479 ], [ 127.430801768690117, 36.319548502038813 ], [ 127.430928421205579, 36.319591916155254 ], [ 127.430954497094476, 36.319680443698367 ], [ 127.430994236814556, 36.319760856655179 ], [ 127.431027010647611, 36.319789432200317 ], [ 127.431052544518565, 36.31982988415993 ], [ 127.43113256743051, 36.319860371585101 ], [ 127.431224798628577, 36.319895510173488 ], [ 127.431356933958952, 36.319750892686272 ], [ 127.431245005414823, 36.319712049104318 ], [ 127.431258146235692, 36.319695906936005 ], [ 127.431379346753531, 36.319622449199365 ], [ 127.431394928187714, 36.319616792067421 ], [ 127.431449641008982, 36.319596927534548 ], [ 127.431469731845496, 36.319592171971756 ], [ 127.431473107194776, 36.319591373017815 ], [ 127.431521594010292, 36.319549023769163 ], [ 127.431520599197313, 36.319521992198119 ], [ 127.431578585081112, 36.319475634587057 ], [ 127.431654716194103, 36.319379521047843 ], [ 127.431729450327893, 36.319339267107992 ], [ 127.431167545908039, 36.319093547021886 ], [ 127.431258957482527, 36.318936946225499 ], [ 127.431284066328871, 36.318893924130144 ], [ 127.431316853401853, 36.318837744348777 ], [ 127.431287641503616, 36.318810868297533 ], [ 127.431269681147583, 36.31877262405829 ], [ 127.431259207830607, 36.318761442123147 ], [ 127.431248958581591, 36.318703849034385 ], [ 127.431205977506323, 36.318661774635714 ], [ 127.431161592213101, 36.318633691454806 ], [ 127.431112971512547, 36.318625196930718 ], [ 127.431038811545264, 36.318654345989025 ], [ 127.430924198570025, 36.318663778502561 ], [ 127.430859568939297, 36.318673328935432 ], [ 127.430800691922116, 36.31868202927167 ], [ 127.430749257987557, 36.318702715634402 ], [ 127.430712319815058, 36.318712707088793 ], [ 127.430710889535746, 36.318712422046971 ], [ 127.430698061614066, 36.318709865521498 ], [ 127.430672452929045, 36.3187047456464 ], [ 127.430669589707847, 36.318704173210293 ], [ 127.430659804845945, 36.318699447692239 ], [ 127.430627340194874, 36.31868376915839 ], [ 127.430579852985232, 36.318642332518245 ], [ 127.430578229592669, 36.318640743271196 ], [ 127.430471409895048, 36.318536059022364 ], [ 127.430429526619179, 36.318491297433404 ], [ 127.430401614543129, 36.318461467143457 ], [ 127.430348170741482, 36.318434398436914 ], [ 127.430318904613287, 36.318395500707432 ], [ 127.430295294554185, 36.318382869865523 ], [ 127.430214390908631, 36.318363255023669 ], [ 127.430202076326637, 36.318360269384989 ], [ 127.430095934985729, 36.318316276287462 ], [ 127.430039761953665, 36.318295092867849 ], [ 127.429972896342321, 36.318247029743496 ], [ 127.429945463881793, 36.318189092597187 ], [ 127.429945038286732, 36.31813370809634 ], [ 127.429958774091617, 36.318102162905802 ], [ 127.429949861640722, 36.318091272646072 ], [ 127.429922909982807, 36.318087606398883 ], [ 127.429920363588948, 36.318087260012661 ], [ 127.42991620373293, 36.318112570817284 ], [ 127.429907352268359, 36.318108754535473 ], [ 127.429856308535406, 36.318086759614459 ], [ 127.429773153804831, 36.318075711806216 ], [ 127.429627441736514, 36.318071277312676 ], [ 127.429567104389619, 36.317993091433856 ], [ 127.429522989598709, 36.317904321749332 ], [ 127.429501754483823, 36.317790354467135 ], [ 127.429504335294439, 36.317775611064668 ], [ 127.429465139630608, 36.317708124907249 ], [ 127.429444823240217, 36.317673144590337 ], [ 127.429426163297677, 36.31760364463215 ], [ 127.429415439524121, 36.317563703307343 ], [ 127.4294282398658, 36.317479154583786 ], [ 127.42941541564106, 36.317310780445638 ], [ 127.429433798443839, 36.31725133641212 ], [ 127.42943431645385, 36.317207573641539 ], [ 127.42942374018169, 36.317168075082222 ], [ 127.429419254412451, 36.317151322327973 ], [ 127.429360043467042, 36.317041320922208 ], [ 127.429350462244784, 36.317023521018768 ], [ 127.429291587639469, 36.317011079266578 ], [ 127.429222889715561, 36.317008495410107 ], [ 127.429009202960998, 36.316996922753411 ], [ 127.428938854353618, 36.316996912977459 ], [ 127.428868505745797, 36.316996903160117 ], [ 127.428772175652156, 36.316987280545199 ], [ 127.428766339820015, 36.316987128811469 ], [ 127.428452830930055, 36.316978977259893 ], [ 127.428313135210274, 36.316964525669654 ], [ 127.428157033696095, 36.316943346645033 ], [ 127.428068732397634, 36.316945977783355 ], [ 127.427947442960388, 36.316712628439461 ], [ 127.427917054716119, 36.3166472847035 ], [ 127.427911111109168, 36.316634495741702 ], [ 127.427905167504136, 36.316621706779578 ], [ 127.427912821510688, 36.316565184990388 ], [ 127.427887459051476, 36.316475969288277 ], [ 127.427854849295599, 36.316272573865632 ], [ 127.42782281108552, 36.316094355142667 ], [ 127.427817437895442, 36.316089174540735 ], [ 127.427800008646742, 36.31607237576263 ], [ 127.427800973271729, 36.31606343269334 ], [ 127.427805871395606, 36.316018176375707 ], [ 127.427761816848559, 36.315950123739462 ], [ 127.427728817527466, 36.315926657723317 ], [ 127.427723921253815, 36.315923169620511 ], [ 127.427721157499676, 36.315921201112872 ], [ 127.427719930458778, 36.315920327133156 ], [ 127.42766008141912, 36.315880050832433 ], [ 127.427652336275685, 36.315874842631729 ], [ 127.427614216110257, 36.31584753241372 ], [ 127.427566973971466, 36.315813686951621 ], [ 127.427545036321021, 36.31575415258672 ], [ 127.427545366067875, 36.315752559860016 ], [ 127.427545611378605, 36.315751374926329 ], [ 127.427550147479309, 36.315729604458738 ], [ 127.427563755129043, 36.315664175904324 ], [ 127.427562043573431, 36.315656594133031 ], [ 127.427537611887871, 36.315607333007591 ], [ 127.427509059486184, 36.315549759728505 ], [ 127.427510349081714, 36.315470582631043 ], [ 127.427511638675469, 36.315391405532502 ], [ 127.427512123241371, 36.315361764244564 ], [ 127.427536429371557, 36.31535317956704 ], [ 127.427544578797466, 36.315307866608485 ], [ 127.427546957470014, 36.315286617496668 ], [ 127.427547806739938, 36.31527898153935 ], [ 127.427549729254821, 36.315237340520667 ], [ 127.427562439303884, 36.315199328826345 ], [ 127.427538690522184, 36.315081134581071 ], [ 127.427607400663604, 36.314760955428248 ], [ 127.427649513478926, 36.314746548762812 ], [ 127.427702558755882, 36.314719450644048 ], [ 127.427769701483513, 36.314733323606923 ], [ 127.427934765428972, 36.314573112327764 ], [ 127.427976767903601, 36.314532344535266 ], [ 127.428050177477886, 36.314485528247062 ], [ 127.42809719928502, 36.314455540459811 ], [ 127.428130840210557, 36.314429277390857 ], [ 127.428193815883432, 36.314363032724906 ], [ 127.428236006629817, 36.314322122089763 ], [ 127.428248255097316, 36.314303703457426 ], [ 127.428297039016982, 36.314230336063325 ], [ 127.428299323456841, 36.314226570017787 ], [ 127.428326825601062, 36.314181341103549 ], [ 127.428329370496499, 36.314164074562221 ], [ 127.428331120835026, 36.314152208881509 ], [ 127.428343722156058, 36.314082097719407 ], [ 127.428350606044106, 36.314002878091749 ], [ 127.428374546617761, 36.313902825528551 ], [ 127.428306177373415, 36.313845637912408 ], [ 127.4282991601345, 36.313802343597025 ], [ 127.428273597991918, 36.313762206509431 ], [ 127.428242531063233, 36.313723359720115 ], [ 127.428216175955981, 36.31369912213583 ], [ 127.428233817180399, 36.313697689381826 ], [ 127.428265405807167, 36.313666774536088 ], [ 127.428365930832186, 36.313568359031393 ], [ 127.428378829929926, 36.313544720270784 ], [ 127.428384739176877, 36.313533876085778 ], [ 127.428384478453367, 36.313531227569143 ], [ 127.428383006363106, 36.313516273359376 ], [ 127.428377849787935, 36.313488553677729 ], [ 127.428375722158549, 36.313477116382074 ], [ 127.428359504148105, 36.313373990019372 ], [ 127.428340635601401, 36.313250353413594 ], [ 127.428339815805003, 36.313244994363025 ], [ 127.428355408712335, 36.313206909198463 ], [ 127.428362990980375, 36.313188408083747 ], [ 127.428381011948176, 36.313095297650044 ], [ 127.428385248729725, 36.312973759375701 ], [ 127.428382458597724, 36.31287250455506 ], [ 127.428363984012933, 36.312800692982719 ], [ 127.428330709879248, 36.312744984135534 ], [ 127.428333888223435, 36.312651917683873 ], [ 127.428334465034666, 36.312635171833577 ], [ 127.428350567139105, 36.312604726793516 ], [ 127.428335855569131, 36.312557305537261 ], [ 127.428329256600705, 36.312545785074498 ], [ 127.428288695723097, 36.312474917466879 ], [ 127.428264480615695, 36.312432603731509 ], [ 127.428264276556803, 36.312417635978989 ], [ 127.428264103263672, 36.312405963705707 ], [ 127.428264100625952, 36.312405786184073 ], [ 127.428264093340701, 36.312405270775251 ], [ 127.428263575029774, 36.312368596656775 ], [ 127.428267868217389, 36.312351359917393 ], [ 127.428269586975674, 36.312337791130105 ], [ 127.428276186564489, 36.312322871182744 ], [ 127.428290213670223, 36.312299886256547 ], [ 127.428301525817815, 36.312281344792005 ], [ 127.428306405819782, 36.312279378375969 ], [ 127.428307369905284, 36.312278989889833 ], [ 127.428337679270228, 36.312266796947199 ], [ 127.428348823408228, 36.312255226650166 ], [ 127.428359967542917, 36.312243656352074 ], [ 127.428377184792012, 36.312225787698246 ], [ 127.428384713205148, 36.312207638229175 ], [ 127.428393670297439, 36.312186032165755 ], [ 127.428403544113706, 36.312126294203253 ], [ 127.428404019197615, 36.3120725105086 ], [ 127.428402271684305, 36.312064460263279 ], [ 127.428400832420138, 36.312057805735165 ], [ 127.428399445494975, 36.312034199957878 ], [ 127.428425077619067, 36.312019869891849 ], [ 127.428427184905317, 36.312004046781908 ], [ 127.428406648411581, 36.311968604895675 ], [ 127.428405108531052, 36.311965960946274 ], [ 127.428397391187858, 36.311931068054321 ], [ 127.428392345366859, 36.311908277386003 ], [ 127.428351546503521, 36.311889705706136 ], [ 127.428350298637497, 36.311886790361442 ], [ 127.428347610338179, 36.311880509773118 ], [ 127.42834323428086, 36.311870306331166 ], [ 127.428336839735408, 36.311855396492923 ], [ 127.428323869854296, 36.311825145366335 ], [ 127.428317655536006, 36.311810640645582 ], [ 127.428307685525468, 36.311787362896872 ], [ 127.428275607490917, 36.311746726376604 ], [ 127.428261311988607, 36.311728618774588 ], [ 127.428258527260766, 36.311712083180048 ], [ 127.428248010098372, 36.311619047580002 ], [ 127.428238509412012, 36.311612412814107 ], [ 127.428129395137731, 36.311542015121439 ], [ 127.428076745744036, 36.311426744714979 ], [ 127.428053678802584, 36.311405027646188 ], [ 127.428058392911552, 36.311334241709204 ], [ 127.42808815639323, 36.311242342022545 ], [ 127.428053046687481, 36.311201085434668 ], [ 127.428046904471685, 36.311134146741495 ], [ 127.428039765159468, 36.311056341348952 ], [ 127.427964779252363, 36.310977711166849 ], [ 127.427898772965875, 36.310863182219592 ], [ 127.427852191754241, 36.310755910495686 ], [ 127.42782343852565, 36.310679566520214 ], [ 127.427812473772406, 36.310626416211122 ], [ 127.427797946809577, 36.3105559984457 ], [ 127.42777518856272, 36.310490699484575 ], [ 127.427745830968846, 36.310436968076253 ], [ 127.427741594910017, 36.310429215066875 ], [ 127.427686883575333, 36.310366517246493 ], [ 127.427700293623545, 36.310316111882351 ], [ 127.427706502132409, 36.310292767386478 ], [ 127.427331109840779, 36.309829631411532 ], [ 127.427320446265156, 36.309817945129865 ], [ 127.426969478450545, 36.309203540126063 ], [ 127.425767677198195, 36.308556343859131 ], [ 127.425684965000087, 36.307438884702925 ], [ 127.425925605080735, 36.306820041753312 ], [ 127.426259470496049, 36.306315942482577 ], [ 127.426593331637122, 36.305811842265143 ], [ 127.426894723744553, 36.305067148540992 ], [ 127.427118791650813, 36.304884791543891 ], [ 127.427185402387039, 36.304669191820395 ], [ 127.427212162946617, 36.304401970516238 ], [ 127.427197146789666, 36.30409937366786 ], [ 127.427200434649137, 36.304070609080796 ], [ 127.427220677835521, 36.303893506762144 ], [ 127.427568913944611, 36.303172660624128 ], [ 127.427773556078265, 36.303060523500903 ], [ 127.4279781976241, 36.302948386029186 ], [ 127.427963465188128, 36.302551401451808 ], [ 127.427962710059361, 36.302531053375546 ], [ 127.42801232555918, 36.302380632599757 ], [ 127.42795961239446, 36.302033643196893 ], [ 127.428044295630173, 36.301602732919307 ], [ 127.428109801878307, 36.301455139147656 ], [ 127.42858038036853, 36.30118695479409 ], [ 127.428506895472438, 36.300922488226661 ], [ 127.427551538712351, 36.300972928710209 ], [ 127.426887750171772, 36.300945679646603 ], [ 127.42605130574222, 36.300648885958282 ], [ 127.425759411737147, 36.299790868216505 ], [ 127.425348386632081, 36.299545322976371 ], [ 127.425084089417467, 36.29926544449139 ], [ 127.424315666523839, 36.29902992973026 ], [ 127.424132534555184, 36.298706875127792 ], [ 127.423809677362328, 36.298613401545431 ], [ 127.423299806748616, 36.298690800933372 ], [ 127.423139766719302, 36.298704441466654 ], [ 127.422991826147936, 36.299183306808096 ], [ 127.422803003906822, 36.299635379874786 ], [ 127.422662351006963, 36.299956720725831 ], [ 127.422506932475017, 36.300240408234473 ], [ 127.422291675004089, 36.300329814585702 ], [ 127.422201333083038, 36.300910930677439 ], [ 127.421039614265737, 36.301413894130825 ], [ 127.420580594308746, 36.301758337862587 ], [ 127.420565901869438, 36.302114876048698 ], [ 127.419672745429992, 36.302289641017261 ], [ 127.419187547848054, 36.302458162518299 ], [ 127.418705547078105, 36.302547926254299 ], [ 127.418261616897595, 36.302823035116297 ], [ 127.418110535620372, 36.302854480965273 ], [ 127.417679124053237, 36.30278959392831 ], [ 127.416908502878343, 36.302958603748166 ], [ 127.416343608149873, 36.303279779235211 ], [ 127.416704051984667, 36.303551854283896 ], [ 127.41674035088424, 36.303573491585027 ], [ 127.416854249043652, 36.303817314254125 ], [ 127.416900742560031, 36.304100626179263 ], [ 127.416944936488647, 36.30436594059708 ], [ 127.416960733742059, 36.30444752309608 ], [ 127.417003603132954, 36.304668756626455 ], [ 127.416903848727074, 36.304917241637213 ], [ 127.416863623325739, 36.304938423816964 ], [ 127.416768938746543, 36.304988299300284 ], [ 127.416591815643798, 36.305081600175164 ], [ 127.416591223406328, 36.305249265718693 ], [ 127.416737128994271, 36.305422938026055 ], [ 127.416633528188896, 36.305567846161203 ], [ 127.416637298457246, 36.305949381237895 ], [ 127.41659572143304, 36.306100093788977 ], [ 127.416451367622841, 36.306923511085223 ], [ 127.416588214764388, 36.307177365377278 ], [ 127.416715021396158, 36.307444123135596 ], [ 127.416863583062181, 36.30768740167558 ], [ 127.416791219209827, 36.308048032523551 ], [ 127.416812528410532, 36.308200977826459 ], [ 127.417005817857728, 36.308698105617445 ], [ 127.416989667897923, 36.309097976500766 ], [ 127.416793463081234, 36.309407634655834 ], [ 127.416284456840373, 36.309978141468697 ], [ 127.41644302221367, 36.310143920826576 ], [ 127.416558711598086, 36.310375301070664 ], [ 127.416839937829351, 36.310639900201629 ], [ 127.416873262271679, 36.311002786111132 ], [ 127.416895809634312, 36.311248313576186 ], [ 127.417177047617301, 36.311831053047534 ], [ 127.417367319175824, 36.311801797076207 ], [ 127.417558207552645, 36.311978772165396 ], [ 127.417653373919364, 36.312175203092949 ], [ 127.417493934173407, 36.312527287663393 ], [ 127.417574708333944, 36.312745559081947 ], [ 127.41836443094077, 36.313567858875444 ], [ 127.418087071185141, 36.31380901537208 ], [ 127.417852132054691, 36.314009939311376 ], [ 127.417446143695571, 36.314193804083082 ], [ 127.417324388958264, 36.314270737241202 ], [ 127.417205161696202, 36.314353969696569 ], [ 127.41714670581888, 36.314392400713629 ], [ 127.417094891218397, 36.314448516661884 ], [ 127.416925603324756, 36.314628961162001 ], [ 127.416899406381859, 36.314652825137024 ], [ 127.416887189705221, 36.314635772337752 ], [ 127.416828962439752, 36.31468798133799 ], [ 127.416633183428047, 36.314708937759349 ], [ 127.416577063216053, 36.314713350120883 ], [ 127.416560464281844, 36.314724537239485 ], [ 127.416547182951859, 36.314733495952041 ], [ 127.416479078429631, 36.3147793948174 ], [ 127.416344367118711, 36.314870195943712 ], [ 127.416276028857325, 36.314916158586286 ], [ 127.416244306279197, 36.3149374912702 ], [ 127.416155906894403, 36.314996950918193 ], [ 127.416150370228678, 36.315000691966873 ], [ 127.416066288152123, 36.315057478113253 ], [ 127.416061750099786, 36.315060548826779 ], [ 127.41605590269387, 36.315064489206705 ], [ 127.416050435548385, 36.315068743678182 ], [ 127.415945761144144, 36.315150185143246 ], [ 127.415936634447533, 36.315157290991301 ], [ 127.415927540963565, 36.315164360676569 ], [ 127.415905351621717, 36.315179694456091 ], [ 127.415865540475266, 36.315206552232908 ], [ 127.415760986258064, 36.315277106950845 ], [ 127.415452558032612, 36.315316439170083 ], [ 127.415357292186343, 36.315324185670434 ], [ 127.415350647265015, 36.315324722343441 ], [ 127.415327728978994, 36.315328577597228 ], [ 127.415296032787793, 36.315333914119769 ], [ 127.415265981915923, 36.315338740282314 ], [ 127.415187732426801, 36.315351023730429 ], [ 127.415032330698438, 36.315372522689756 ], [ 127.415023885172232, 36.315373687382682 ], [ 127.414988322832599, 36.315378613646224 ], [ 127.414958698435584, 36.315384078089188 ], [ 127.414938257952599, 36.315391141885534 ], [ 127.414922307901591, 36.315396649143388 ], [ 127.414865900708492, 36.315414308936347 ], [ 127.414849781195016, 36.315419357172352 ], [ 127.414786170229902, 36.31543927674506 ], [ 127.414771832449858, 36.315455250091503 ], [ 127.414771745415607, 36.315455277364485 ], [ 127.414771745404536, 36.31545527737353 ], [ 127.414756915454007, 36.315459924622807 ], [ 127.41459787735657, 36.315566830727981 ], [ 127.414534155971268, 36.315610181042061 ], [ 127.414500301418741, 36.315620129804458 ], [ 127.414355888448924, 36.315662542189202 ], [ 127.414321574932586, 36.315678377144735 ], [ 127.414208480163893, 36.31573035077944 ], [ 127.414209146236573, 36.31571626723985 ], [ 127.414210193359835, 36.315694126728609 ], [ 127.414210614102942, 36.315685221688355 ], [ 127.414137948695171, 36.315711282127573 ], [ 127.41414139616397, 36.315729446883616 ], [ 127.414118313388315, 36.315740511901289 ], [ 127.414108140981796, 36.315745386265469 ], [ 127.414063467502658, 36.315766799117476 ], [ 127.414053981887776, 36.315771346729605 ], [ 127.413958195959438, 36.315811554156639 ], [ 127.413668280401325, 36.316131758525508 ], [ 127.41360279386366, 36.316273630635976 ], [ 127.41360676145861, 36.316487942874197 ], [ 127.41370070109528, 36.316911152136981 ], [ 127.413760822036622, 36.317055024297566 ], [ 127.413865859347936, 36.317212817805611 ], [ 127.413976742992773, 36.317446650009401 ], [ 127.413959400175045, 36.317500708110764 ], [ 127.413901998459011, 36.317549749708128 ], [ 127.413887867856701, 36.317628056281734 ], [ 127.413886234211859, 36.317637136725061 ], [ 127.413861254926076, 36.317676901522823 ], [ 127.413834917255414, 36.317718815791373 ], [ 127.414405204608414, 36.317969905562762 ], [ 127.414431622280532, 36.31802131631715 ], [ 127.414532648633568, 36.318226750024969 ], [ 127.414652248580694, 36.318467805873183 ], [ 127.414677805868592, 36.318518597732606 ], [ 127.4147373038914, 36.318685226109771 ], [ 127.41476586581858, 36.318758816233618 ], [ 127.414801693294734, 36.318858659414765 ], [ 127.414832952287298, 36.318945298181987 ], [ 127.414858228885166, 36.319006148051578 ], [ 127.414869773101444, 36.319039208190617 ], [ 127.414894094332041, 36.319108919878886 ], [ 127.414918126993896, 36.31923363110365 ], [ 127.414943925544463, 36.319361652526993 ], [ 127.415107099899416, 36.31949037021667 ], [ 127.415102034573025, 36.31950741121976 ], [ 127.415044383712001, 36.319701362372022 ], [ 127.415012207329994, 36.319708890330368 ], [ 127.415020599188992, 36.319752288788649 ], [ 127.415042740882043, 36.319866787222736 ], [ 127.414995286270369, 36.320097849715424 ], [ 127.415034754914927, 36.320167950537666 ], [ 127.415038325319586, 36.320175580125557 ], [ 127.415184814517644, 36.320442369914041 ], [ 127.415212467516284, 36.320478627492768 ], [ 127.415732582246392, 36.320050743079655 ], [ 127.416133532442089, 36.320368304828456 ], [ 127.416136901533321, 36.320436719136637 ], [ 127.41555965253329, 36.320924532883417 ], [ 127.415616940532445, 36.320982135601788 ], [ 127.415656345729033, 36.321021109945065 ], [ 127.41575430209781, 36.321118547673741 ], [ 127.415911917467056, 36.321273273275537 ], [ 127.415941798740661, 36.321301196124878 ], [ 127.416028196567325, 36.321381821781827 ], [ 127.416013107838694, 36.321413505240216 ], [ 127.416069390606125, 36.321485133455589 ], [ 127.41615520640164, 36.321602979434523 ], [ 127.416202481833835, 36.321655984571755 ], [ 127.416240468468132, 36.321704543094498 ], [ 127.416358315554319, 36.321797756895208 ], [ 127.416417778916639, 36.321860046773111 ], [ 127.416441247896586, 36.321900905543487 ], [ 127.416447598211562, 36.321947627281681 ], [ 127.416462379766287, 36.321984055403625 ], [ 127.416499454192504, 36.322055840204413 ], [ 127.416498979935824, 36.322102919065472 ], [ 127.41655447534697, 36.322200197123671 ], [ 127.41657628800165, 36.32224158429549 ], [ 127.416654850179526, 36.322387787923333 ] ] ] ] } },
{ "type": "Feature", "properties": { "EMD_CD": "30140111", "EMD_ENG_NM": "Busa-dong", "EMD_KOR_NM": "부사동" }, "geometry": { "type": "MultiPolygon", "coordinates": [ [ [ [ 127.427566973971466, 36.315813686951621 ], [ 127.427614216110257, 36.31584753241372 ], [ 127.427652336275685, 36.315874842631729 ], [ 127.42766008141912, 36.315880050832433 ], [ 127.427719930458778, 36.315920327133156 ], [ 127.427721157499676, 36.315921201112872 ], [ 127.427723921253815, 36.315923169620511 ], [ 127.427728817527466, 36.315926657723317 ], [ 127.427761816848559, 36.315950123739462 ], [ 127.427805871395606, 36.316018176375707 ], [ 127.427800973271729, 36.31606343269334 ], [ 127.427800008646742, 36.31607237576263 ], [ 127.427817437895442, 36.316089174540735 ], [ 127.42782281108552, 36.316094355142667 ], [ 127.427854849295599, 36.316272573865632 ], [ 127.427887459051476, 36.316475969288277 ], [ 127.427912821510688, 36.316565184990388 ], [ 127.427905167504136, 36.316621706779578 ], [ 127.427911111109168, 36.316634495741702 ], [ 127.427917054716119, 36.3166472847035 ], [ 127.427947442960388, 36.316712628439461 ], [ 127.428068732397634, 36.316945977783355 ], [ 127.428157033696095, 36.316943346645033 ], [ 127.428313135210274, 36.316964525669654 ], [ 127.428452830930055, 36.316978977259893 ], [ 127.428766339820015, 36.316987128811469 ], [ 127.428772175652156, 36.316987280545199 ], [ 127.428868505745797, 36.316996903160117 ], [ 127.428938854353618, 36.316996912977459 ], [ 127.429009202960998, 36.316996922753411 ], [ 127.429222889715561, 36.317008495410107 ], [ 127.429291587639469, 36.317011079266578 ], [ 127.429350462244784, 36.317023521018768 ], [ 127.429360043467042, 36.317041320922208 ], [ 127.429419254412451, 36.317151322327973 ], [ 127.42942374018169, 36.317168075082222 ], [ 127.42943431645385, 36.317207573641539 ], [ 127.429433798443839, 36.31725133641212 ], [ 127.42941541564106, 36.317310780445638 ], [ 127.4294282398658, 36.317479154583786 ], [ 127.429415439524121, 36.317563703307343 ], [ 127.429426163297677, 36.31760364463215 ], [ 127.429444823240217, 36.317673144590337 ], [ 127.429465139630608, 36.317708124907249 ], [ 127.429504335294439, 36.317775611064668 ], [ 127.429501754483823, 36.317790354467135 ], [ 127.429522989598709, 36.317904321749332 ], [ 127.429567104389619, 36.317993091433856 ], [ 127.429627441736514, 36.318071277312676 ], [ 127.429773153804831, 36.318075711806216 ], [ 127.429856308535406, 36.318086759614459 ], [ 127.429907352268359, 36.318108754535473 ], [ 127.42991620373293, 36.318112570817284 ], [ 127.429920363588948, 36.318087260012661 ], [ 127.429922909982807, 36.318087606398883 ], [ 127.429949861640722, 36.318091272646072 ], [ 127.429958774091617, 36.318102162905802 ], [ 127.429945038286732, 36.31813370809634 ], [ 127.429945463881793, 36.318189092597187 ], [ 127.429972896342321, 36.318247029743496 ], [ 127.430039761953665, 36.318295092867849 ], [ 127.430095934985729, 36.318316276287462 ], [ 127.430202076326637, 36.318360269384989 ], [ 127.430214390908631, 36.318363255023669 ], [ 127.430295294554185, 36.318382869865523 ], [ 127.430318904613287, 36.318395500707432 ], [ 127.430348170741482, 36.318434398436914 ], [ 127.430401614543129, 36.318461467143457 ], [ 127.430429526619179, 36.318491297433404 ], [ 127.430471409895048, 36.318536059022364 ], [ 127.430578229592669, 36.318640743271196 ], [ 127.430579852985232, 36.318642332518245 ], [ 127.430627340194874, 36.31868376915839 ], [ 127.430659804845945, 36.318699447692239 ], [ 127.430669589707847, 36.318704173210293 ], [ 127.430672452929045, 36.3187047456464 ], [ 127.430698061614066, 36.318709865521498 ], [ 127.430710889535746, 36.318712422046971 ], [ 127.430712319815058, 36.318712707088793 ], [ 127.430749257987557, 36.318702715634402 ], [ 127.430800691922116, 36.31868202927167 ], [ 127.430859568939297, 36.318673328935432 ], [ 127.430924198570025, 36.318663778502561 ], [ 127.431038811545264, 36.318654345989025 ], [ 127.431112971512547, 36.318625196930718 ], [ 127.431161592213101, 36.318633691454806 ], [ 127.431205977506323, 36.318661774635714 ], [ 127.431248958581591, 36.318703849034385 ], [ 127.431259207830607, 36.318761442123147 ], [ 127.431269681147583, 36.31877262405829 ], [ 127.431287641503616, 36.318810868297533 ], [ 127.431316853401853, 36.318837744348777 ], [ 127.431284066328871, 36.318893924130144 ], [ 127.431258957482527, 36.318936946225499 ], [ 127.431167545908039, 36.319093547021886 ], [ 127.431729450327893, 36.319339267107992 ], [ 127.431654716194103, 36.319379521047843 ], [ 127.431578585081112, 36.319475634587057 ], [ 127.431520599197313, 36.319521992198119 ], [ 127.431521594010292, 36.319549023769163 ], [ 127.431473107194776, 36.319591373017815 ], [ 127.431469731845496, 36.319592171971756 ], [ 127.431449641008982, 36.319596927534548 ], [ 127.431394928187714, 36.319616792067421 ], [ 127.431379346753531, 36.319622449199365 ], [ 127.431258146235692, 36.319695906936005 ], [ 127.431245005414823, 36.319712049104318 ], [ 127.431356933958952, 36.319750892686272 ], [ 127.431224798628577, 36.319895510173488 ], [ 127.43128524329623, 36.319917623898036 ], [ 127.431290455937955, 36.319919840061935 ], [ 127.431285923395819, 36.319927912832547 ], [ 127.431236695297812, 36.320019892168872 ], [ 127.431215149859597, 36.32012991255651 ], [ 127.4312144410695, 36.320134682302132 ], [ 127.431218281004973, 36.320193154533271 ], [ 127.431216118027521, 36.320200795232054 ], [ 127.431378950343188, 36.32022757834509 ], [ 127.431705585124902, 36.320301587995004 ], [ 127.431769990756123, 36.32032299331415 ], [ 127.431821401327284, 36.320342480826206 ], [ 127.43186489148286, 36.32034526207682 ], [ 127.431894458980523, 36.320349580374234 ], [ 127.43196069311449, 36.320359218718288 ], [ 127.432054834525147, 36.320381093548619 ], [ 127.432063866191911, 36.320383187782184 ], [ 127.432148715515524, 36.320430518055566 ], [ 127.432155283625718, 36.320434180184215 ], [ 127.432230869822419, 36.320471739024732 ], [ 127.432254567387432, 36.320479863304236 ], [ 127.432305965786284, 36.320493051461909 ], [ 127.432319905498261, 36.320496632943879 ], [ 127.432366675972318, 36.320508639196611 ], [ 127.432447679987092, 36.320512817002488 ], [ 127.432520132550565, 36.320519197411514 ], [ 127.432639943064629, 36.320549206915388 ], [ 127.432806498241462, 36.320586500333576 ], [ 127.432811433538205, 36.320578786521914 ], [ 127.432845969998965, 36.320524889001561 ], [ 127.43286998576275, 36.320515970858246 ], [ 127.432872265940503, 36.320503355241001 ], [ 127.432877716115513, 36.320494098565284 ], [ 127.433014011878882, 36.320542990825686 ], [ 127.433017219251568, 36.320397575231745 ], [ 127.433017542214387, 36.32039151819356 ], [ 127.433020533642008, 36.320336220524474 ], [ 127.433020755529583, 36.320332029276067 ], [ 127.432991896024149, 36.32034302861701 ], [ 127.432972417782608, 36.320314486731377 ], [ 127.432966883054405, 36.32030637814222 ], [ 127.432929710504993, 36.320253721684253 ], [ 127.433044601496292, 36.320068098198384 ], [ 127.433066317665606, 36.32007435503396 ], [ 127.433097335983916, 36.320083290806139 ], [ 127.433095966263537, 36.32006107286189 ], [ 127.433134274399336, 36.319998555448855 ], [ 127.433141016796398, 36.319953039963657 ], [ 127.433094338533436, 36.319933481861675 ], [ 127.43418980262021, 36.318027743048162 ], [ 127.434786007184059, 36.316995895554669 ], [ 127.435083582507957, 36.316479373276081 ], [ 127.435283070853487, 36.316127138400297 ], [ 127.435476925455418, 36.315777365805118 ], [ 127.435804719845947, 36.315189854756333 ], [ 127.43658560233996, 36.313797362583067 ], [ 127.43552595204406, 36.313388522587701 ], [ 127.434883296588467, 36.313139138605692 ], [ 127.437840665190336, 36.311674969818299 ], [ 127.438833142982503, 36.311185340834427 ], [ 127.438435949941152, 36.310667041827621 ], [ 127.437450258026345, 36.309370716472984 ], [ 127.437403171598092, 36.309394904427585 ], [ 127.437193936887326, 36.309505574207662 ], [ 127.437023834471717, 36.309593373486216 ], [ 127.436747307058582, 36.309737009203594 ], [ 127.436683936528112, 36.309770303935721 ], [ 127.436437868056601, 36.309897219439847 ], [ 127.436413226554777, 36.309911097032035 ], [ 127.436408743937974, 36.309891873297076 ], [ 127.436395858154299, 36.309865236442434 ], [ 127.436346807677069, 36.309762419809672 ], [ 127.436304723971062, 36.309673005294052 ], [ 127.436274533183393, 36.309607879181826 ], [ 127.436240510786902, 36.309520435927666 ], [ 127.436233421351034, 36.309502960928135 ], [ 127.436202439916542, 36.309423752336286 ], [ 127.436160232477988, 36.309317999946444 ], [ 127.436158277504447, 36.309312825309298 ], [ 127.436138655095803, 36.309262025431856 ], [ 127.436072049172068, 36.309119575823274 ], [ 127.436060325151487, 36.309095584154065 ], [ 127.435950349138011, 36.308870474303681 ], [ 127.435927083145927, 36.308815136703451 ], [ 127.435872282618973, 36.308679114494645 ], [ 127.435849406221877, 36.308621729798602 ], [ 127.435835032167631, 36.308585653988999 ], [ 127.435756850514949, 36.308389491258872 ], [ 127.435747800106157, 36.308361695904708 ], [ 127.435702072037031, 36.308221188855818 ], [ 127.435624808963283, 36.308132361433955 ], [ 127.435504085035731, 36.307988539938158 ], [ 127.435481336301763, 36.307954107583257 ], [ 127.435450876891935, 36.307950775666519 ], [ 127.435405129869892, 36.307901160898219 ], [ 127.435333946728548, 36.307832434414514 ], [ 127.435247301059619, 36.30775012923543 ], [ 127.435205879513177, 36.307733616814424 ], [ 127.435120782745699, 36.307693724150823 ], [ 127.434869696000376, 36.30759515405903 ], [ 127.434697337895756, 36.307528506127369 ], [ 127.434574554137797, 36.307490921451603 ], [ 127.434470879110307, 36.307411480037302 ], [ 127.434311757555662, 36.307295994079503 ], [ 127.434253994710318, 36.307253857042006 ], [ 127.434166640644676, 36.307190126814866 ], [ 127.434102606462943, 36.307143416414398 ], [ 127.434061813746482, 36.307113654068573 ], [ 127.433839498656781, 36.307030856366964 ], [ 127.433656859192126, 36.30695895421384 ], [ 127.433517717513851, 36.306914704819128 ], [ 127.433379416708277, 36.306861386418582 ], [ 127.433215338470305, 36.306797554130959 ], [ 127.433018358366468, 36.306749701031279 ], [ 127.432812536325173, 36.306711639214647 ], [ 127.432696210174782, 36.306712058824836 ], [ 127.432665569901985, 36.30671216933122 ], [ 127.432478722981926, 36.306658367096254 ], [ 127.43227886009808, 36.306242114382599 ], [ 127.43141563098412, 36.305556346430421 ], [ 127.431258979173421, 36.305414641332952 ], [ 127.431076012353643, 36.305251483514063 ], [ 127.430716217061928, 36.3046470607324 ], [ 127.430293002036322, 36.30433607925189 ], [ 127.429928717366835, 36.304075350834296 ], [ 127.429537989806974, 36.303917990512247 ], [ 127.429178918168986, 36.30352639963985 ], [ 127.428658609557445, 36.30296448514266 ], [ 127.427962710059361, 36.302531053375546 ], [ 127.427963465188128, 36.302551401451808 ], [ 127.4279781976241, 36.302948386029186 ], [ 127.427773556078265, 36.303060523500903 ], [ 127.427568913944611, 36.303172660624128 ], [ 127.427220677835521, 36.303893506762144 ], [ 127.427200434649137, 36.304070609080796 ], [ 127.427197146789666, 36.30409937366786 ], [ 127.427212162946617, 36.304401970516238 ], [ 127.427185402387039, 36.304669191820395 ], [ 127.427118791650813, 36.304884791543891 ], [ 127.426894723744553, 36.305067148540992 ], [ 127.426593331637122, 36.305811842265143 ], [ 127.426259470496049, 36.306315942482577 ], [ 127.425925605080735, 36.306820041753312 ], [ 127.425684965000087, 36.307438884702925 ], [ 127.425767677198195, 36.308556343859131 ], [ 127.426969478450545, 36.309203540126063 ], [ 127.427320446265156, 36.309817945129865 ], [ 127.427331109840779, 36.309829631411532 ], [ 127.427706502132409, 36.310292767386478 ], [ 127.427700293623545, 36.310316111882351 ], [ 127.427686883575333, 36.310366517246493 ], [ 127.427741594910017, 36.310429215066875 ], [ 127.427745830968846, 36.310436968076253 ], [ 127.42777518856272, 36.310490699484575 ], [ 127.427797946809577, 36.3105559984457 ], [ 127.427812473772406, 36.310626416211122 ], [ 127.42782343852565, 36.310679566520214 ], [ 127.427852191754241, 36.310755910495686 ], [ 127.427898772965875, 36.310863182219592 ], [ 127.427964779252363, 36.310977711166849 ], [ 127.428039765159468, 36.311056341348952 ], [ 127.428046904471685, 36.311134146741495 ], [ 127.428053046687481, 36.311201085434668 ], [ 127.42808815639323, 36.311242342022545 ], [ 127.428058392911552, 36.311334241709204 ], [ 127.428053678802584, 36.311405027646188 ], [ 127.428076745744036, 36.311426744714979 ], [ 127.428129395137731, 36.311542015121439 ], [ 127.428238509412012, 36.311612412814107 ], [ 127.428248010098372, 36.311619047580002 ], [ 127.428258527260766, 36.311712083180048 ], [ 127.428261311988607, 36.311728618774588 ], [ 127.428275607490917, 36.311746726376604 ], [ 127.428307685525468, 36.311787362896872 ], [ 127.428317655536006, 36.311810640645582 ], [ 127.428323869854296, 36.311825145366335 ], [ 127.428336839735408, 36.311855396492923 ], [ 127.42834323428086, 36.311870306331166 ], [ 127.428347610338179, 36.311880509773118 ], [ 127.428350298637497, 36.311886790361442 ], [ 127.428351546503521, 36.311889705706136 ], [ 127.428392345366859, 36.311908277386003 ], [ 127.428397391187858, 36.311931068054321 ], [ 127.428405108531052, 36.311965960946274 ], [ 127.428406648411581, 36.311968604895675 ], [ 127.428427184905317, 36.312004046781908 ], [ 127.428425077619067, 36.312019869891849 ], [ 127.428399445494975, 36.312034199957878 ], [ 127.428400832420138, 36.312057805735165 ], [ 127.428402271684305, 36.312064460263279 ], [ 127.428404019197615, 36.3120725105086 ], [ 127.428403544113706, 36.312126294203253 ], [ 127.428393670297439, 36.312186032165755 ], [ 127.428384713205148, 36.312207638229175 ], [ 127.428377184792012, 36.312225787698246 ], [ 127.428359967542917, 36.312243656352074 ], [ 127.428348823408228, 36.312255226650166 ], [ 127.428337679270228, 36.312266796947199 ], [ 127.428307369905284, 36.312278989889833 ], [ 127.428306405819782, 36.312279378375969 ], [ 127.428301525817815, 36.312281344792005 ], [ 127.428290213670223, 36.312299886256547 ], [ 127.428276186564489, 36.312322871182744 ], [ 127.428269586975674, 36.312337791130105 ], [ 127.428267868217389, 36.312351359917393 ], [ 127.428263575029774, 36.312368596656775 ], [ 127.428264093340701, 36.312405270775251 ], [ 127.428264100625952, 36.312405786184073 ], [ 127.428264103263672, 36.312405963705707 ], [ 127.428264276556803, 36.312417635978989 ], [ 127.428264480615695, 36.312432603731509 ], [ 127.428288695723097, 36.312474917466879 ], [ 127.428329256600705, 36.312545785074498 ], [ 127.428335855569131, 36.312557305537261 ], [ 127.428350567139105, 36.312604726793516 ], [ 127.428334465034666, 36.312635171833577 ], [ 127.428333888223435, 36.312651917683873 ], [ 127.428330709879248, 36.312744984135534 ], [ 127.428363984012933, 36.312800692982719 ], [ 127.428382458597724, 36.31287250455506 ], [ 127.428385248729725, 36.312973759375701 ], [ 127.428381011948176, 36.313095297650044 ], [ 127.428362990980375, 36.313188408083747 ], [ 127.428355408712335, 36.313206909198463 ], [ 127.428339815805003, 36.313244994363025 ], [ 127.428340635601401, 36.313250353413594 ], [ 127.428359504148105, 36.313373990019372 ], [ 127.428375722158549, 36.313477116382074 ], [ 127.428377849787935, 36.313488553677729 ], [ 127.428383006363106, 36.313516273359376 ], [ 127.428384478453367, 36.313531227569143 ], [ 127.428384739176877, 36.313533876085778 ], [ 127.428378829929926, 36.313544720270784 ], [ 127.428365930832186, 36.313568359031393 ], [ 127.428265405807167, 36.313666774536088 ], [ 127.428233817180399, 36.313697689381826 ], [ 127.428216175955981, 36.31369912213583 ], [ 127.428242531063233, 36.313723359720115 ], [ 127.428273597991918, 36.313762206509431 ], [ 127.4282991601345, 36.313802343597025 ], [ 127.428306177373415, 36.313845637912408 ], [ 127.428374546617761, 36.313902825528551 ], [ 127.428350606044106, 36.314002878091749 ], [ 127.428343722156058, 36.314082097719407 ], [ 127.428331120835026, 36.314152208881509 ], [ 127.428329370496499, 36.314164074562221 ], [ 127.428326825601062, 36.314181341103549 ], [ 127.428299323456841, 36.314226570017787 ], [ 127.428297039016982, 36.314230336063325 ], [ 127.428248255097316, 36.314303703457426 ], [ 127.428236006629817, 36.314322122089763 ], [ 127.428193815883432, 36.314363032724906 ], [ 127.428130840210557, 36.314429277390857 ], [ 127.42809719928502, 36.314455540459811 ], [ 127.428050177477886, 36.314485528247062 ], [ 127.427976767903601, 36.314532344535266 ], [ 127.427934765428972, 36.314573112327764 ], [ 127.427769701483513, 36.314733323606923 ], [ 127.427702558755882, 36.314719450644048 ], [ 127.427649513478926, 36.314746548762812 ], [ 127.427607400663604, 36.314760955428248 ], [ 127.427538690522184, 36.315081134581071 ], [ 127.427562439303884, 36.315199328826345 ], [ 127.427549729254821, 36.315237340520667 ], [ 127.427547806739938, 36.31527898153935 ], [ 127.427546957470014, 36.315286617496668 ], [ 127.427544578797466, 36.315307866608485 ], [ 127.427536429371557, 36.31535317956704 ], [ 127.427512123241371, 36.315361764244564 ], [ 127.427511638675469, 36.315391405532502 ], [ 127.427510349081714, 36.315470582631043 ], [ 127.427509059486184, 36.315549759728505 ], [ 127.427537611887871, 36.315607333007591 ], [ 127.427562043573431, 36.315656594133031 ], [ 127.427563755129043, 36.315664175904324 ], [ 127.427550147479309, 36.315729604458738 ], [ 127.427545611378605, 36.315751374926329 ], [ 127.427545366067875, 36.315752559860016 ], [ 127.427545036321021, 36.31575415258672 ], [ 127.427566973971466, 36.315813686951621 ] ] ] ] } },
{ "type": "Feature", "properties": { "EMD_CD": "30140112", "EMD_ENG_NM": "Yongdu-dong", "EMD_KOR_NM": "용두동" }, "geometry": { "type": "MultiPolygon", "coordinates": [ [ [ [ 127.402514363629948, 36.33836249043123 ], [ 127.402516006784083, 36.338359398750683 ], [ 127.402962573237417, 36.338157443127443 ], [ 127.403197345877899, 36.338050100173824 ], [ 127.403341996489019, 36.337983963372132 ], [ 127.403411460597212, 36.337950233490439 ], [ 127.403717118446224, 36.337890818379883 ], [ 127.403909197449366, 36.337851015680556 ], [ 127.4039249164328, 36.337851494632453 ], [ 127.403958114843732, 36.337852518655794 ], [ 127.404008878442298, 36.337851464352191 ], [ 127.404077780344849, 36.337857846944864 ], [ 127.404047089706566, 36.337841864131505 ], [ 127.404000991112241, 36.337814498069925 ], [ 127.404427243943417, 36.337906377729382 ], [ 127.404590625410904, 36.337945640196764 ], [ 127.404596493921176, 36.337947513058189 ], [ 127.404434081332809, 36.337805713964684 ], [ 127.404360041005162, 36.337741068225554 ], [ 127.404049145926052, 36.33740158204548 ], [ 127.403923121062121, 36.337201405944839 ], [ 127.403767357182574, 36.337009872876507 ], [ 127.40375009942781, 36.336970030649532 ], [ 127.403732841702109, 36.336930190619782 ], [ 127.403715050263088, 36.336888354672567 ], [ 127.403691702883833, 36.336849088460752 ], [ 127.403664305995974, 36.336815154115598 ], [ 127.403656235339412, 36.336805158616684 ], [ 127.403617976155431, 36.33676990003498 ], [ 127.403566357619837, 36.336722327748284 ], [ 127.403388894396883, 36.336623354799208 ], [ 127.403363225094978, 36.336593774666049 ], [ 127.403300969069932, 36.336543193610737 ], [ 127.40323151619404, 36.336455355642514 ], [ 127.40320371497657, 36.336474878367547 ], [ 127.403079771051011, 36.33633874980243 ], [ 127.402990753953389, 36.336240983369493 ], [ 127.402968119979505, 36.33623001148738 ], [ 127.402912425463541, 36.336196783100299 ], [ 127.402891711705621, 36.336184425277551 ], [ 127.40287075716121, 36.336169788382954 ], [ 127.402801670591103, 36.336121528578772 ], [ 127.402795500134104, 36.336117214506146 ], [ 127.402738319021779, 36.336043826143609 ], [ 127.402728529353752, 36.336033180164698 ], [ 127.402724430282333, 36.336028724376909 ], [ 127.402699485851301, 36.336001610750898 ], [ 127.402683176682118, 36.335987913631982 ], [ 127.402675099534619, 36.335981118714713 ], [ 127.402585711080206, 36.335910722191834 ], [ 127.402568825954475, 36.335865161515734 ], [ 127.402569284472222, 36.335830744010686 ], [ 127.402595895808162, 36.335752983230982 ], [ 127.402629011320869, 36.33570765132265 ], [ 127.402653099960332, 36.33563536850037 ], [ 127.402677473720274, 36.33556222006726 ], [ 127.402698582389959, 36.335510439729141 ], [ 127.402818321448777, 36.335189815921261 ], [ 127.402868848752931, 36.33517563311726 ], [ 127.40289928967978, 36.335158300624244 ], [ 127.402999904357458, 36.335015874890281 ], [ 127.403053734832966, 36.334939986718425 ], [ 127.403090458360182, 36.334881576026184 ], [ 127.40313272357983, 36.33477891653024 ], [ 127.403311756087419, 36.334739834620208 ], [ 127.403347928115664, 36.334637502448636 ], [ 127.403374015440619, 36.334563699066294 ], [ 127.403509055406715, 36.334546834758505 ], [ 127.40356001365177, 36.334544651883306 ], [ 127.403612248295474, 36.334542414089228 ], [ 127.403811782167708, 36.334541625446469 ], [ 127.403976058250947, 36.334448837710369 ], [ 127.404061729017883, 36.334405067605942 ], [ 127.404133586766051, 36.334347844569827 ], [ 127.404207561527926, 36.334282206587325 ], [ 127.40421198531844, 36.334278298564115 ], [ 127.404165945538935, 36.334266188548419 ], [ 127.404138934422505, 36.334224780827988 ], [ 127.404116125417772, 36.334166633060732 ], [ 127.404128204566305, 36.334126670587771 ], [ 127.404326490190925, 36.333585092835548 ], [ 127.40437410124035, 36.333543325278775 ], [ 127.404436124117481, 36.333477682332649 ], [ 127.404465298997593, 36.333426703922001 ], [ 127.404477463674851, 36.333392580798431 ], [ 127.404489532992628, 36.333309587206614 ], [ 127.404492415227637, 36.333216116800436 ], [ 127.404498517254737, 36.333157412336057 ], [ 127.404498183872846, 36.33315326622764 ], [ 127.404495446630492, 36.333119140543253 ], [ 127.40447842074154, 36.333061523365501 ], [ 127.404447773572926, 36.333003996660395 ], [ 127.404459753537509, 36.332985761800288 ], [ 127.404499498176762, 36.33296299017583 ], [ 127.404551897700586, 36.332944934180404 ], [ 127.404588562886104, 36.332947512282388 ], [ 127.404623561969586, 36.332949973335751 ], [ 127.404654755637551, 36.332929889349643 ], [ 127.404685949289487, 36.332909805355413 ], [ 127.404724111373682, 36.332906315376185 ], [ 127.40481427652611, 36.332929208704698 ], [ 127.404828631535949, 36.33293285317086 ], [ 127.404856260683587, 36.332945153226568 ], [ 127.404928075394295, 36.332977125601985 ], [ 127.405039566897372, 36.333018662672451 ], [ 127.405073390614831, 36.333031264080653 ], [ 127.40506977412808, 36.333102706596208 ], [ 127.405069448463635, 36.333109156807346 ], [ 127.405022505750253, 36.33322160464683 ], [ 127.404953961932947, 36.333385800229621 ], [ 127.405108041135009, 36.333130744457058 ], [ 127.405197993031152, 36.333025535484417 ], [ 127.405304949862881, 36.33288319471319 ], [ 127.405423124255151, 36.332793128818963 ], [ 127.405681181219791, 36.332664939138425 ], [ 127.405817188215238, 36.332577309138074 ], [ 127.405840143029323, 36.332562226642011 ], [ 127.405864876997995, 36.332552170904655 ], [ 127.405897793439948, 36.33253879059216 ], [ 127.4065688169715, 36.332265130879009 ], [ 127.406631253791744, 36.332239154712141 ], [ 127.40666354913678, 36.332184515177566 ], [ 127.406666750859259, 36.332179115671522 ], [ 127.406837299709622, 36.33187764520472 ], [ 127.406850747894055, 36.331865695277848 ], [ 127.406915460058613, 36.331808197224269 ], [ 127.40700157665826, 36.331726583567161 ], [ 127.407039452702804, 36.331661606963863 ], [ 127.407077329364682, 36.331596630345956 ], [ 127.407113055849081, 36.331534284659973 ], [ 127.407130343401292, 36.331504116197991 ], [ 127.407139336312255, 36.331468588881265 ], [ 127.407286563713598, 36.33116352928743 ], [ 127.40745556594355, 36.331050029637971 ], [ 127.407540859760985, 36.330953963566401 ], [ 127.407650461869295, 36.330994296770434 ], [ 127.407757848155413, 36.330888927599929 ], [ 127.407746676454579, 36.330855757451445 ], [ 127.407733776597212, 36.330817447635461 ], [ 127.408084169617325, 36.330647529804772 ], [ 127.40808919725626, 36.330646223979457 ], [ 127.408559256954376, 36.330527003199911 ], [ 127.408707868431293, 36.330459404752922 ], [ 127.408814865133849, 36.33037585348675 ], [ 127.408865180004724, 36.330327937670837 ], [ 127.408891201158482, 36.330303148189223 ], [ 127.408940706977077, 36.330256010092519 ], [ 127.408969152751339, 36.330227549672031 ], [ 127.408987119361868, 36.330209576660643 ], [ 127.40914531320152, 36.330021125184828 ], [ 127.40915877551825, 36.330001316654936 ], [ 127.40919732646266, 36.329937994848322 ], [ 127.409257270567522, 36.329799305748068 ], [ 127.409282139211498, 36.329741772912982 ], [ 127.409300273896889, 36.329708214700226 ], [ 127.409318409246538, 36.329674656482297 ], [ 127.40939048575153, 36.329517904145874 ], [ 127.409457845174856, 36.329374991794197 ], [ 127.409516456281978, 36.329286540342878 ], [ 127.409564469490903, 36.329214075395889 ], [ 127.409574711242442, 36.329185348607382 ], [ 127.409580715478072, 36.329168510357086 ], [ 127.409701098628233, 36.329074765058941 ], [ 127.409847168285381, 36.328939063517765 ], [ 127.40989162978849, 36.328913859343899 ], [ 127.410138981297862, 36.328776126049554 ], [ 127.410359575806481, 36.328669591883489 ], [ 127.410416464916409, 36.328646318514437 ], [ 127.410455754338187, 36.328628764606918 ], [ 127.410606756063899, 36.328561299722651 ], [ 127.41061270328332, 36.328570274575917 ], [ 127.410624256503993, 36.328587707320068 ], [ 127.410627876689006, 36.328593258493441 ], [ 127.410631498245536, 36.328598811862115 ], [ 127.410692680857977, 36.328572342285085 ], [ 127.410737051635692, 36.328553148847419 ], [ 127.410810649257201, 36.328519787714797 ], [ 127.41093512257801, 36.328477979255361 ], [ 127.411107697213907, 36.328423534430286 ], [ 127.411378357379917, 36.328324631194661 ], [ 127.411478199816642, 36.32828814292796 ], [ 127.411575188542301, 36.328254118607504 ], [ 127.411651397897515, 36.32822738632283 ], [ 127.411673427182834, 36.328218524530477 ], [ 127.41170264263593, 36.328206771859769 ], [ 127.411743871856885, 36.328200295099499 ], [ 127.411922645010137, 36.328164319320869 ], [ 127.412052704966058, 36.328153779587097 ], [ 127.41218725074873, 36.328142882179513 ], [ 127.41235947015204, 36.328120779150574 ], [ 127.412442106648143, 36.32810798681006 ], [ 127.412503455544012, 36.328098484745951 ], [ 127.412536144988522, 36.328098886064858 ], [ 127.412586276668321, 36.32809949745257 ], [ 127.412666968288448, 36.328078934755467 ], [ 127.412765221570396, 36.328053895379391 ], [ 127.412814556422035, 36.328036504693856 ], [ 127.412864494780379, 36.328021553499234 ], [ 127.412904580669689, 36.328009556311088 ], [ 127.41292488109265, 36.328002754605315 ], [ 127.413002660174655, 36.327957833677409 ], [ 127.413101268769381, 36.327900882745226 ], [ 127.413165190821147, 36.327863957928585 ], [ 127.413167366874688, 36.32786269746304 ], [ 127.413176360538415, 36.32785750279487 ], [ 127.413221124707306, 36.327843506525255 ], [ 127.413298111126394, 36.327819432665741 ], [ 127.413309007285633, 36.327816024534556 ], [ 127.413384431300884, 36.327810366645082 ], [ 127.413397356417704, 36.327809394202497 ], [ 127.413452555876205, 36.327784773235599 ], [ 127.413469022241841, 36.32777742581991 ], [ 127.413480598700801, 36.327767797226166 ], [ 127.41351635874463, 36.327738042136509 ], [ 127.413550744207228, 36.327709430339226 ], [ 127.413540045800687, 36.327702623732193 ], [ 127.413532384507164, 36.327697751014817 ], [ 127.413548538872647, 36.327687052773811 ], [ 127.413571251046946, 36.327672014728094 ], [ 127.413592448540342, 36.327657973606421 ], [ 127.413656108757479, 36.327615813683089 ], [ 127.413758523498856, 36.327547981017808 ], [ 127.413779709388464, 36.327474588239582 ], [ 127.413810093634496, 36.327369335073222 ], [ 127.413814785799474, 36.327353052815432 ], [ 127.413864747484595, 36.327196869614227 ], [ 127.413911437539909, 36.327026531073066 ], [ 127.414135634567714, 36.326589130971236 ], [ 127.414574597365601, 36.326216098371297 ], [ 127.414683843579752, 36.326122260018941 ], [ 127.414694097812614, 36.326113194708576 ], [ 127.414802293612752, 36.325847786417221 ], [ 127.414832720186141, 36.325833298437594 ], [ 127.414835067969676, 36.325824413913828 ], [ 127.414879094697923, 36.325793333400533 ], [ 127.414891707763275, 36.32578405255336 ], [ 127.414864521764684, 36.325762681050911 ], [ 127.415079876858059, 36.325478877887655 ], [ 127.415189317311999, 36.325329247065802 ], [ 127.415237719018307, 36.325247370733585 ], [ 127.415320224163153, 36.325138791102553 ], [ 127.415329105482982, 36.325127090339414 ], [ 127.415340737856866, 36.32511774078543 ], [ 127.415402306935789, 36.325068251394718 ], [ 127.415432179734793, 36.32504372655707 ], [ 127.415473100819668, 36.325010980082034 ], [ 127.415574552654377, 36.324919853702134 ], [ 127.415811293824518, 36.324707195372923 ], [ 127.41606201080856, 36.324624914294617 ], [ 127.416104071310102, 36.3246121858935 ], [ 127.416112939925185, 36.32461672589244 ], [ 127.416159778175484, 36.324654160262483 ], [ 127.416195492778158, 36.324679278401355 ], [ 127.416284972899874, 36.324638847540832 ], [ 127.416401399682144, 36.324587221249075 ], [ 127.416413776913785, 36.324581735175613 ], [ 127.416477066292245, 36.324554489128225 ], [ 127.416475299022153, 36.324551878154715 ], [ 127.416407764923505, 36.324452085457622 ], [ 127.416397252189299, 36.324437414830243 ], [ 127.416410648341483, 36.32440557546672 ], [ 127.416360773937171, 36.324383571225574 ], [ 127.416314995701924, 36.324363372338105 ], [ 127.416270390041134, 36.324343692444103 ], [ 127.416132542535948, 36.324282872990103 ], [ 127.416145310516058, 36.324265057734642 ], [ 127.416178419651303, 36.32421873088736 ], [ 127.41619378548215, 36.324197319859188 ], [ 127.415430044482122, 36.323818681426395 ], [ 127.415228009387647, 36.323793967782152 ], [ 127.41502443707796, 36.323773404701363 ], [ 127.414981546040622, 36.323770398645607 ], [ 127.414859732339963, 36.323774064592904 ], [ 127.414867617928564, 36.323727896831343 ], [ 127.414989673918868, 36.323011223622096 ], [ 127.414994220086967, 36.322984254149375 ], [ 127.414995828813048, 36.322974704986805 ], [ 127.415077355570702, 36.32297631559581 ], [ 127.415192650728898, 36.322982765069185 ], [ 127.415300021566068, 36.322985817917576 ], [ 127.415360843345582, 36.322989031845765 ], [ 127.41538913752278, 36.322990555922289 ], [ 127.415460975420658, 36.322992109612116 ], [ 127.415505753010947, 36.322993847190965 ], [ 127.415542287842101, 36.322995342689268 ], [ 127.415563118127452, 36.322996351896954 ], [ 127.41568743048083, 36.323002049115694 ], [ 127.415770293561565, 36.32300365462153 ], [ 127.415889151511692, 36.323009911214747 ], [ 127.415981732595299, 36.32301707010425 ], [ 127.416067314083833, 36.323027316874011 ], [ 127.416076787664565, 36.323028815854968 ], [ 127.416238626319782, 36.323054929319625 ], [ 127.41628721231983, 36.323060888634345 ], [ 127.416386517162209, 36.323075864027295 ], [ 127.416426306333477, 36.323081944023116 ], [ 127.416470791621109, 36.323091612059294 ], [ 127.416544133289676, 36.323103703431471 ], [ 127.416564654053218, 36.323109399807755 ], [ 127.416605905827083, 36.323118268274989 ], [ 127.416704811763793, 36.323142076094193 ], [ 127.416730674073762, 36.323146942591116 ], [ 127.416746121743202, 36.323150122563625 ], [ 127.416763605155239, 36.323090397158509 ], [ 127.416740308726617, 36.32308014134685 ], [ 127.416724454968914, 36.323072545481054 ], [ 127.416714007900922, 36.323068075912602 ], [ 127.416622960443433, 36.323049828029426 ], [ 127.416571319495915, 36.323039067233537 ], [ 127.416417703889209, 36.323009618886815 ], [ 127.416196366112672, 36.32298181944077 ], [ 127.415831671271576, 36.322952147045257 ], [ 127.415572882363236, 36.322930604703863 ], [ 127.415287198828537, 36.322915354861372 ], [ 127.4150083159969, 36.322901540593634 ], [ 127.41501788578158, 36.322845346514519 ], [ 127.414390928013432, 36.322804473817648 ], [ 127.413994652715502, 36.322743201621215 ], [ 127.413265076367807, 36.322598880075482 ], [ 127.413241870061981, 36.322592850262055 ], [ 127.413072227842321, 36.322560577795805 ], [ 127.412955643319393, 36.322512090143952 ], [ 127.412593130295505, 36.322379784238358 ], [ 127.411241146760702, 36.323497697436139 ], [ 127.408084395895727, 36.326101418271477 ], [ 127.407298251297519, 36.326752779778715 ], [ 127.40589338030712, 36.32791119384931 ], [ 127.404525779964416, 36.329035283946034 ], [ 127.403610364722383, 36.329780571515535 ], [ 127.401753040216434, 36.3312968616154 ], [ 127.400580824814256, 36.332260059682831 ], [ 127.399987060416692, 36.332745014193506 ], [ 127.400004761567843, 36.332822158621454 ], [ 127.399994746434544, 36.332830491980594 ], [ 127.39983220969151, 36.332965560356378 ], [ 127.399569161839764, 36.333185268202016 ], [ 127.399461182743394, 36.333275510538925 ], [ 127.399248567161536, 36.333456281361087 ], [ 127.398783378630469, 36.333845746098817 ], [ 127.398572314969485, 36.33401921109116 ], [ 127.39855473632629, 36.334031759591674 ], [ 127.398511691577582, 36.334032407511557 ], [ 127.398489356514773, 36.334014178873446 ], [ 127.398051058643929, 36.334375020771859 ], [ 127.398050310449477, 36.334385012846447 ], [ 127.398119998700594, 36.334330480324212 ], [ 127.398128403440992, 36.334340590601663 ], [ 127.398195035944951, 36.334420246578034 ], [ 127.398208218371309, 36.334436005515258 ], [ 127.398221905562337, 36.33445236786531 ], [ 127.399114879671529, 36.335415905733349 ], [ 127.39935338614265, 36.335738965601465 ], [ 127.399506676588501, 36.33593953334686 ], [ 127.399758638843664, 36.336408708352366 ], [ 127.399950058127104, 36.336884843415511 ], [ 127.39999074059979, 36.336942725109132 ], [ 127.400264655769476, 36.337182829327809 ], [ 127.400352079724712, 36.337259461586306 ], [ 127.400456414956807, 36.337345003862325 ], [ 127.400918562484989, 36.337699143036801 ], [ 127.401410518286283, 36.338065851100737 ], [ 127.401789170622621, 36.338359437237507 ], [ 127.40178924412298, 36.338373801638319 ], [ 127.402469074061585, 36.338363158580961 ], [ 127.402476293250459, 36.338363045540419 ], [ 127.402501364278748, 36.33836268206003 ], [ 127.402514363629948, 36.33836249043123 ] ] ] ] } },
{ "type": "Feature", "properties": { "EMD_CD": "30140113", "EMD_ENG_NM": "Oryu-dong", "EMD_KOR_NM": "오류동" }, "geometry": { "type": "MultiPolygon", "coordinates": [ [ [ [ 127.403641523977058, 36.319829131791863 ], [ 127.403627397058258, 36.320081489605826 ], [ 127.403601646346047, 36.320332120210715 ], [ 127.403600390440488, 36.320386798570134 ], [ 127.403543713713873, 36.320682754009603 ], [ 127.403529426777155, 36.320737079676753 ], [ 127.403484878799162, 36.320931513256149 ], [ 127.403457630019304, 36.321048856427964 ], [ 127.403398880299363, 36.321244905760928 ], [ 127.403232405102159, 36.321650416163926 ], [ 127.403111940279445, 36.3219750627485 ], [ 127.402984282341507, 36.322315278577605 ], [ 127.402774420719339, 36.322921634046992 ], [ 127.402740065679865, 36.323017345710838 ], [ 127.402516589868682, 36.323688576680979 ], [ 127.402463051593585, 36.323846245103887 ], [ 127.402422993602613, 36.323952771834463 ], [ 127.402334919932144, 36.324195122000944 ], [ 127.402269149134781, 36.324373783592627 ], [ 127.402251340860687, 36.324423633048134 ], [ 127.402141429216911, 36.324720757403156 ], [ 127.401937980323453, 36.325266098394941 ], [ 127.401866625801318, 36.325459521614334 ], [ 127.401764292115288, 36.325751645728552 ], [ 127.401724689511596, 36.325864839342302 ], [ 127.401719280459574, 36.325906888102203 ], [ 127.401637129989325, 36.326123633590832 ], [ 127.401519202618047, 36.326435292999136 ], [ 127.401370093341839, 36.326828062911552 ], [ 127.401238564491535, 36.327185285688287 ], [ 127.401153165917719, 36.327422939835181 ], [ 127.401079594102839, 36.327625642994079 ], [ 127.400896516794816, 36.328141499651188 ], [ 127.400888915314624, 36.328164333699277 ], [ 127.400820488543957, 36.328358512427755 ], [ 127.400809283302237, 36.328391001043286 ], [ 127.400683740061581, 36.328756746237843 ], [ 127.400593052602417, 36.329019334980778 ], [ 127.400549885522068, 36.329148355610023 ], [ 127.40053796869347, 36.329183306769693 ], [ 127.400483087073368, 36.329349864215551 ], [ 127.400493414395342, 36.329352650407692 ], [ 127.400455701624949, 36.329428727003787 ], [ 127.400417138762947, 36.329545611456567 ], [ 127.400398977632236, 36.329598796110645 ], [ 127.400370845850787, 36.329679851213406 ], [ 127.400374994750123, 36.329689732227429 ], [ 127.400340472193733, 36.329786498039049 ], [ 127.40025903739793, 36.330014081162489 ], [ 127.400130731311648, 36.330378492163845 ], [ 127.400075775898358, 36.330500279461681 ], [ 127.400067548708861, 36.330522809138252 ], [ 127.399929640668944, 36.330898210155809 ], [ 127.399878767298318, 36.331045315663481 ], [ 127.399768960909199, 36.331381989600949 ], [ 127.399747703645829, 36.331474754874691 ], [ 127.39973836296744, 36.331589288775021 ], [ 127.399716269994443, 36.331773913174054 ], [ 127.399706991896252, 36.331905136542417 ], [ 127.399725577652291, 36.332092761473021 ], [ 127.39971765676782, 36.332315593338045 ], [ 127.399728035102996, 36.332415868080844 ], [ 127.399729862586568, 36.332433551974496 ], [ 127.399724000435882, 36.332459083651301 ], [ 127.399741050012238, 36.332548359902816 ], [ 127.399772856193906, 36.332624321745165 ], [ 127.399781156039197, 36.332666333703415 ], [ 127.399803432317, 36.332786827103114 ], [ 127.399811644069146, 36.332831218442273 ], [ 127.399832208893244, 36.332965559518584 ], [ 127.399994745308987, 36.332830490950272 ], [ 127.400004760274655, 36.332822157776505 ], [ 127.399987059303697, 36.332745013497558 ], [ 127.400580823478037, 36.332260058934871 ], [ 127.401753038852974, 36.331296860849903 ], [ 127.403610363635252, 36.329780570559912 ], [ 127.404525778599293, 36.329035282859394 ], [ 127.405893379436776, 36.327911192752183 ], [ 127.407298249933675, 36.326752778942883 ], [ 127.408084394470734, 36.326101417176275 ], [ 127.411241145734621, 36.323497696713581 ], [ 127.412593129087611, 36.322379783063234 ], [ 127.41195509124266, 36.322132080683204 ], [ 127.409998931728566, 36.321572908746042 ], [ 127.409310790524586, 36.321379722091223 ], [ 127.409202868320065, 36.321349423345644 ], [ 127.409167091255384, 36.321339371132687 ], [ 127.408567013496267, 36.321168787607682 ], [ 127.407938075559315, 36.320989999393497 ], [ 127.407265550782952, 36.320799856861733 ], [ 127.406962201731091, 36.320711147457942 ], [ 127.406879386931251, 36.320686105391808 ], [ 127.40680209557614, 36.320663198342132 ], [ 127.406745745525654, 36.320751064446654 ], [ 127.405637510833941, 36.320415074408942 ], [ 127.404637588300716, 36.320114755716872 ], [ 127.404170229203359, 36.319977361157086 ], [ 127.403843227201918, 36.319882974000421 ], [ 127.403641523977058, 36.319829131791863 ] ] ] ] } },
{ "type": "Feature", "properties": { "EMD_CD": "30140114", "EMD_ENG_NM": "Taepyeong-dong", "EMD_KOR_NM": "태평동" }, "geometry": { "type": "MultiPolygon", "coordinates": [ [ [ [ 127.398050310449477, 36.334385012846447 ], [ 127.398051058099924, 36.334375020206025 ], [ 127.398489355524887, 36.334014177785434 ], [ 127.398511690484099, 36.334032406371115 ], [ 127.398554735342941, 36.334031758723711 ], [ 127.398572314159566, 36.334019210099406 ], [ 127.398783377234153, 36.33384574529385 ], [ 127.399248566100511, 36.333456280189772 ], [ 127.399461181715878, 36.33327550953031 ], [ 127.399569160556581, 36.333185267185435 ], [ 127.399832208893244, 36.332965559518584 ], [ 127.399811644069146, 36.332831218442273 ], [ 127.399803432317015, 36.332786827103121 ], [ 127.399781156039197, 36.332666333703415 ], [ 127.399772856193906, 36.332624321745151 ], [ 127.399741050012238, 36.332548359902837 ], [ 127.399724000435882, 36.332459083651301 ], [ 127.399729862586568, 36.332433551974496 ], [ 127.399728035102996, 36.332415868080844 ], [ 127.39971765676782, 36.332315593338038 ], [ 127.399725577652305, 36.332092761473021 ], [ 127.399706991896252, 36.331905136542431 ], [ 127.399716269994471, 36.331773913174068 ], [ 127.39973836296744, 36.331589288775042 ], [ 127.399747703645801, 36.331474754874741 ], [ 127.399768960909199, 36.331381989600949 ], [ 127.399878767298318, 36.331045315663452 ], [ 127.399929640668944, 36.330898210155844 ], [ 127.400067548708861, 36.330522809138252 ], [ 127.400075775898387, 36.330500279461681 ], [ 127.40013073131162, 36.330378492163845 ], [ 127.400259037397944, 36.330014081162517 ], [ 127.400340472193733, 36.32978649803907 ], [ 127.400374994750123, 36.329689732227436 ], [ 127.40037084585083, 36.32967985121342 ], [ 127.400398977632236, 36.329598796110673 ], [ 127.400417138762933, 36.329545611456588 ], [ 127.400455701624978, 36.329428727003801 ], [ 127.400493414395342, 36.329352650407699 ], [ 127.400483087073368, 36.329349864215551 ], [ 127.40053796869347, 36.329183306769693 ], [ 127.400549885522068, 36.329148355610037 ], [ 127.400593052602417, 36.329019334980778 ], [ 127.400683740061581, 36.328756746237843 ], [ 127.400809283302209, 36.328391001043308 ], [ 127.400820488543985, 36.328358512427791 ], [ 127.400888915314638, 36.32816433369932 ], [ 127.400896516794845, 36.328141499651196 ], [ 127.401079594102868, 36.327625642994079 ], [ 127.401153165917719, 36.327422939835174 ], [ 127.401238564491564, 36.327185285688294 ], [ 127.401370093341839, 36.326828062911524 ], [ 127.401519202618019, 36.326435292999186 ], [ 127.401637129989325, 36.326123633590839 ], [ 127.401719280459574, 36.325906888102189 ], [ 127.401724689511653, 36.325864839342323 ], [ 127.401764292115317, 36.325751645728566 ], [ 127.401866625801318, 36.325459521614356 ], [ 127.401937980323453, 36.325266098394955 ], [ 127.402141429216925, 36.324720757403171 ], [ 127.402251340860687, 36.324423633048156 ], [ 127.402269149134781, 36.324373783592627 ], [ 127.402334919932173, 36.324195122000965 ], [ 127.402422993602613, 36.32395277183447 ], [ 127.402463051593614, 36.323846245103901 ], [ 127.402441733150312, 36.323839098225761 ], [ 127.402445992666088, 36.323759708707996 ], [ 127.402444458709752, 36.323621131619909 ], [ 127.402455966296387, 36.323524009756021 ], [ 127.402465577365732, 36.323445809852871 ], [ 127.402537475088309, 36.32321558954127 ], [ 127.402494930432567, 36.323204017035508 ], [ 127.402480611321465, 36.323200117936977 ], [ 127.402406294814355, 36.323179901595061 ], [ 127.401711938233646, 36.322989963334706 ], [ 127.401451683059918, 36.322916208351607 ], [ 127.401338620937267, 36.322884549927068 ], [ 127.401213405493067, 36.323196738227409 ], [ 127.400912755067836, 36.323927629524576 ], [ 127.400781003749415, 36.323891428040334 ], [ 127.400914845063369, 36.323566820282196 ], [ 127.4008637653519, 36.323486687507412 ], [ 127.39973387115495, 36.323188591559386 ], [ 127.399502902725573, 36.323127360180166 ], [ 127.399361201717838, 36.323089802443839 ], [ 127.398548742796081, 36.322876060371172 ], [ 127.398442058085536, 36.32284782049755 ], [ 127.398365137757111, 36.322827745460572 ], [ 127.397810068797313, 36.322680379968709 ], [ 127.397695297140785, 36.322649444697475 ], [ 127.397051469758082, 36.322479128593301 ], [ 127.396919673459095, 36.322444211657753 ], [ 127.396490164655816, 36.322328614470635 ], [ 127.39629272844725, 36.322275394631617 ], [ 127.39619133892343, 36.322318589215541 ], [ 127.396095529975568, 36.322589599700564 ], [ 127.396079043188067, 36.322634992107474 ], [ 127.395814413884054, 36.322562654107521 ], [ 127.395827100147571, 36.322527682815092 ], [ 127.395929459487562, 36.322243692065825 ], [ 127.395877877744468, 36.322164405884529 ], [ 127.394629812641256, 36.32183346115275 ], [ 127.394523943213244, 36.32180512497073 ], [ 127.39346786885325, 36.321523731963069 ], [ 127.393389699086583, 36.321589458456799 ], [ 127.393520605807851, 36.321952111654305 ], [ 127.393357047975996, 36.321912050116005 ], [ 127.393022074112267, 36.320979875319196 ], [ 127.392930953304401, 36.320744967648068 ], [ 127.392754331346353, 36.32029184141625 ], [ 127.392593397699414, 36.319877981730855 ], [ 127.392225052357333, 36.318944931231002 ], [ 127.392022875735222, 36.31841685560763 ], [ 127.391894923711064, 36.318079144355764 ], [ 127.391540552971335, 36.317144820183529 ], [ 127.391507382718459, 36.31704473595223 ], [ 127.391438771549446, 36.316862598331404 ], [ 127.390542520480693, 36.316618524895091 ], [ 127.387755119459086, 36.315902182216924 ], [ 127.386742703990578, 36.315639855248961 ], [ 127.38675308135187, 36.315612543276657 ], [ 127.38668473563844, 36.315608609105993 ], [ 127.386650629617264, 36.31560664629653 ], [ 127.386146939225753, 36.315578177870208 ], [ 127.385834266235364, 36.315577300083397 ], [ 127.385307372461938, 36.315558356029001 ], [ 127.384971784694898, 36.315464452822155 ], [ 127.384967453760922, 36.315476106346168 ], [ 127.384873694815326, 36.315686128591068 ], [ 127.384462334083295, 36.316607572193213 ], [ 127.384451483528338, 36.316809244559032 ], [ 127.384427306389412, 36.316881695263184 ], [ 127.384349728008502, 36.317171445768764 ], [ 127.384239930581046, 36.317633648812446 ], [ 127.38419158312449, 36.317994272999108 ], [ 127.384170012642315, 36.318420146501879 ], [ 127.384182022832903, 36.318742556901334 ], [ 127.38420645727868, 36.31897087204689 ], [ 127.384351989397103, 36.319305245978846 ], [ 127.384688111099578, 36.319689141175353 ], [ 127.38481141110033, 36.319817163040206 ], [ 127.385007608302757, 36.320020918962044 ], [ 127.385032817357029, 36.320047099122363 ], [ 127.385100788441775, 36.32028287122111 ], [ 127.385173890079415, 36.3205360915372 ], [ 127.385235210002023, 36.320834696644816 ], [ 127.385300456380321, 36.321152709375085 ], [ 127.385390484596059, 36.32169847699577 ], [ 127.385437821490768, 36.322161023142172 ], [ 127.385431832245203, 36.322181877494295 ], [ 127.385411965699916, 36.3222478350567 ], [ 127.385364343225206, 36.32232881418517 ], [ 127.385412188268347, 36.322433989601635 ], [ 127.385617490251519, 36.322571038253535 ], [ 127.385727374086528, 36.322589555651412 ], [ 127.38609191185239, 36.322623862498133 ], [ 127.386675959796065, 36.322676620030819 ], [ 127.386882059036509, 36.322692284982203 ], [ 127.387318433057246, 36.322721012505689 ], [ 127.387631003655486, 36.322769847069843 ], [ 127.387976601426502, 36.32287884446027 ], [ 127.388121781869458, 36.323031294949779 ], [ 127.388203638175511, 36.323207259465818 ], [ 127.38821112013882, 36.323223343218068 ], [ 127.38829311868146, 36.323442179986735 ], [ 127.38842918581733, 36.323827837949935 ], [ 127.38849582452282, 36.324178791089736 ], [ 127.388380685534003, 36.324647773439303 ], [ 127.388214940647501, 36.325265621813799 ], [ 127.388173647964777, 36.325712394371259 ], [ 127.388177789766416, 36.326093126204775 ], [ 127.388174860633029, 36.326167482379795 ], [ 127.388189156963378, 36.326315570799537 ], [ 127.388400149565811, 36.326577913116516 ], [ 127.38862238344089, 36.326863315676512 ], [ 127.388630610769894, 36.326873994953097 ], [ 127.388611504275005, 36.326881653714032 ], [ 127.388593099436221, 36.326889319211332 ], [ 127.388711353207725, 36.327119293763694 ], [ 127.388783218231836, 36.327260716150697 ], [ 127.388806071214603, 36.327307953627837 ], [ 127.388842503018196, 36.327389508781934 ], [ 127.388947892010634, 36.327632978320317 ], [ 127.389026801483908, 36.327815273830808 ], [ 127.389142120303575, 36.328014284154897 ], [ 127.389269182452168, 36.32823212679881 ], [ 127.389464297794348, 36.328450874890827 ], [ 127.389671837764297, 36.328681973414341 ], [ 127.389680593025716, 36.328693488989636 ], [ 127.390014084389321, 36.328989503720592 ], [ 127.390063380715205, 36.329032716863871 ], [ 127.390216512126557, 36.329136980151219 ], [ 127.390360391677149, 36.329235082290843 ], [ 127.390509116055881, 36.329328653617196 ], [ 127.39060602740399, 36.329394799569052 ], [ 127.391779368136895, 36.329762139564131 ], [ 127.391900669337048, 36.329903677922196 ], [ 127.392035440711055, 36.330059536812605 ], [ 127.392276682771239, 36.330348528993632 ], [ 127.392402372819731, 36.330496531896117 ], [ 127.392591019744231, 36.330775277875894 ], [ 127.392660231178212, 36.331078917321236 ], [ 127.392590297072786, 36.331259101052062 ], [ 127.392813951354782, 36.331439729721026 ], [ 127.393402970713481, 36.331915132141084 ], [ 127.393660342355702, 36.332122404402099 ], [ 127.393657549882988, 36.332085240259218 ], [ 127.393677059733875, 36.332020129718757 ], [ 127.393868763870572, 36.332005135873935 ], [ 127.394029363874907, 36.332068528604893 ], [ 127.393917159000054, 36.33218098470455 ], [ 127.393915280332152, 36.332328278261379 ], [ 127.393996367596998, 36.332393626265073 ], [ 127.39399280949786, 36.33237927328409 ], [ 127.39405988931837, 36.332187833509892 ], [ 127.394109947657284, 36.332104599142021 ], [ 127.3942511933558, 36.332197352216497 ], [ 127.394317959997181, 36.332289782189974 ], [ 127.394363428025201, 36.332332717730729 ], [ 127.394477792482206, 36.332441888104832 ], [ 127.394477907089197, 36.332535672588726 ], [ 127.394534979908343, 36.332534070084421 ], [ 127.394531172510227, 36.332607582106206 ], [ 127.394563158990067, 36.332669441430546 ], [ 127.394602054078021, 36.33272084246429 ], [ 127.394792355213596, 36.332876236130886 ], [ 127.394849721333742, 36.332932929254454 ], [ 127.394879472702939, 36.332966625244431 ], [ 127.3949829617425, 36.333094422067497 ], [ 127.395049329546183, 36.333175876666253 ], [ 127.395111498158499, 36.333252830190105 ], [ 127.395167093652745, 36.333338258312615 ], [ 127.396103520509072, 36.334093838885565 ], [ 127.396290495870076, 36.334176020979896 ], [ 127.396456334623863, 36.334069017784053 ], [ 127.396523381583918, 36.334112448910957 ], [ 127.396571001214227, 36.33410017977986 ], [ 127.396617817524174, 36.334100872119144 ], [ 127.39667102919816, 36.334057890589335 ], [ 127.396746306879379, 36.334112279647037 ], [ 127.396787052983868, 36.334150444645218 ], [ 127.396854778584441, 36.33412093259043 ], [ 127.39689787110224, 36.334175986737975 ], [ 127.396954433516015, 36.334143690892887 ], [ 127.397043540663944, 36.334212678025516 ], [ 127.397085121301615, 36.334279281103065 ], [ 127.397168321656295, 36.334349693516707 ], [ 127.397197191406136, 36.334415779906394 ], [ 127.397244235508225, 36.334459267835776 ], [ 127.397291478511178, 36.334509325012867 ], [ 127.39752084996185, 36.334752358487449 ], [ 127.397542351061347, 36.334735678669524 ], [ 127.3975828768951, 36.334730191420938 ], [ 127.397601921626503, 36.334745331051636 ], [ 127.397826528853926, 36.334560125863675 ], [ 127.398050310449477, 36.334385012846447 ] ] ] ] } },
{ "type": "Feature", "properties": { "EMD_CD": "30140115", "EMD_ENG_NM": "Yucheon-dong", "EMD_KOR_NM": "유천동" }, "geometry": { "type": "MultiPolygon", "coordinates": [ [ [ [ 127.387072204984193, 36.31273515871316 ], [ 127.387052574092607, 36.312798824565874 ], [ 127.386980690114243, 36.312937985046069 ], [ 127.38693330501448, 36.313029717756415 ], [ 127.38679888739027, 36.313289935271911 ], [ 127.386579547137103, 36.313617605991752 ], [ 127.38630276254078, 36.313796634949313 ], [ 127.386244811550071, 36.313834118445392 ], [ 127.385973389986759, 36.314010152881394 ], [ 127.385448101799739, 36.314216578859849 ], [ 127.385206616422423, 36.314847320882983 ], [ 127.385031510583715, 36.315304677819206 ], [ 127.384973113850918, 36.315460876375461 ], [ 127.384971784694898, 36.315464452822155 ], [ 127.385307372461938, 36.315558356029001 ], [ 127.385834266235364, 36.315577300083397 ], [ 127.386146939225753, 36.315578177870208 ], [ 127.386650629617264, 36.31560664629653 ], [ 127.38668473563844, 36.315608609105993 ], [ 127.38675308135187, 36.315612543276657 ], [ 127.386742703990578, 36.315639855248961 ], [ 127.387755119459086, 36.315902182216924 ], [ 127.390542520480693, 36.316618524895091 ], [ 127.391438771549446, 36.316862598331404 ], [ 127.391507382718459, 36.31704473595223 ], [ 127.391540552971335, 36.317144820183529 ], [ 127.391894923711064, 36.318079144355764 ], [ 127.392022875735222, 36.31841685560763 ], [ 127.392225052357333, 36.318944931231002 ], [ 127.392593397699414, 36.319877981730855 ], [ 127.392754331346353, 36.32029184141625 ], [ 127.392930953304401, 36.320744967648068 ], [ 127.393022074112267, 36.320979875319196 ], [ 127.393357047975996, 36.321912050116005 ], [ 127.393520605807851, 36.321952111654305 ], [ 127.393389699086583, 36.321589458456799 ], [ 127.39346786885325, 36.321523731963069 ], [ 127.394523943213244, 36.32180512497073 ], [ 127.394629812641256, 36.32183346115275 ], [ 127.395877877744468, 36.322164405884529 ], [ 127.395929459487562, 36.322243692065825 ], [ 127.395827100147571, 36.322527682815092 ], [ 127.395814413884054, 36.322562654107521 ], [ 127.396079043188067, 36.322634992107474 ], [ 127.396095529975568, 36.322589599700564 ], [ 127.39619133892343, 36.322318589215541 ], [ 127.39629272844725, 36.322275394631617 ], [ 127.396490164655816, 36.322328614470635 ], [ 127.396919673459095, 36.322444211657753 ], [ 127.397051469758082, 36.322479128593301 ], [ 127.397695297140785, 36.322649444697475 ], [ 127.397810068797313, 36.322680379968709 ], [ 127.398365137757111, 36.322827745460572 ], [ 127.398442058085536, 36.32284782049755 ], [ 127.398548742796081, 36.322876060371172 ], [ 127.399361201717838, 36.323089802443839 ], [ 127.399502902725573, 36.323127360180166 ], [ 127.39973387115495, 36.323188591559386 ], [ 127.4008637653519, 36.323486687507412 ], [ 127.400914845063369, 36.323566820282196 ], [ 127.400781003749415, 36.323891428040334 ], [ 127.400912755067836, 36.323927629524576 ], [ 127.401213405493067, 36.323196738227409 ], [ 127.401338620937267, 36.322884549927068 ], [ 127.401451683059918, 36.322916208351607 ], [ 127.401711938233646, 36.322989963334706 ], [ 127.402406294814355, 36.323179901595061 ], [ 127.402480611321465, 36.323200117936977 ], [ 127.402494930432567, 36.323204017035508 ], [ 127.402537475088309, 36.32321558954127 ], [ 127.402465577365732, 36.323445809852871 ], [ 127.402455966296387, 36.323524009756021 ], [ 127.402444458709752, 36.323621131619909 ], [ 127.402445992666088, 36.323759708707996 ], [ 127.402441733150312, 36.323839098225761 ], [ 127.402463051593614, 36.323846245103901 ], [ 127.402516589868682, 36.323688576680965 ], [ 127.402740065679865, 36.323017345710866 ], [ 127.402774420719368, 36.32292163404702 ], [ 127.402984282341535, 36.322315278577591 ], [ 127.403111940279473, 36.321975062748514 ], [ 127.403232405102159, 36.321650416163934 ], [ 127.403398880299363, 36.321244905760949 ], [ 127.403457630019332, 36.321048856427957 ], [ 127.403484878799162, 36.320931513256141 ], [ 127.403529426777155, 36.320737079676761 ], [ 127.403543713713873, 36.320682754009631 ], [ 127.403600390440516, 36.320386798570148 ], [ 127.403601646346047, 36.320332120210722 ], [ 127.403627397058258, 36.32008148960584 ], [ 127.403641523977058, 36.319829131791863 ], [ 127.403645450793292, 36.319758953285067 ], [ 127.403667620840267, 36.319524546789538 ], [ 127.403670196543416, 36.319275913607228 ], [ 127.403659745873156, 36.319016933718565 ], [ 127.403647258784844, 36.318886116440432 ], [ 127.40362321969927, 36.31874363178536 ], [ 127.403582961376571, 36.318584863416241 ], [ 127.40353395419028, 36.318303204484721 ], [ 127.403478367602787, 36.31804133937591 ], [ 127.40326980702136, 36.317105974191925 ], [ 127.402928107851835, 36.315072101931058 ], [ 127.402789848661911, 36.314549885583347 ], [ 127.402636106605499, 36.314126291332933 ], [ 127.402528370857397, 36.313897313156531 ], [ 127.402461060990973, 36.31375629801272 ], [ 127.399448857855717, 36.312806937618674 ], [ 127.398101596967763, 36.312452567409601 ], [ 127.398010281924144, 36.312428781939374 ], [ 127.397968110513105, 36.312417062357277 ], [ 127.39609406168583, 36.311920885369176 ], [ 127.395121522511943, 36.311663192608258 ], [ 127.394892820141436, 36.311602251035147 ], [ 127.392656475741859, 36.311016769777645 ], [ 127.391643048441111, 36.313887464061175 ], [ 127.389280432859891, 36.31301573163465 ], [ 127.389312574801892, 36.313100220577311 ], [ 127.389175814914552, 36.313120417890723 ], [ 127.388655266919542, 36.313197136600238 ], [ 127.388546812430519, 36.313212951934098 ], [ 127.38858692620633, 36.313063164075977 ], [ 127.387969881125372, 36.312925316267126 ], [ 127.387912542210557, 36.312913002334525 ], [ 127.3875613096194, 36.312840096653431 ], [ 127.387188728520641, 36.312770998688578 ], [ 127.387078083442503, 36.312735353700951 ], [ 127.387072204984193, 36.31273515871316 ] ] ] ] } },
{ "type": "Feature", "properties": { "EMD_CD": "30140116", "EMD_ENG_NM": "Munhwa-dong", "EMD_KOR_NM": "문화동" }, "geometry": { "type": "MultiPolygon", "coordinates": [ [ [ [ 127.416622959009487, 36.323049827312744 ], [ 127.416663656794256, 36.322947979735375 ], [ 127.416657455151366, 36.322941927377826 ], [ 127.416587516535216, 36.322878493475031 ], [ 127.416464399801214, 36.322770528012668 ], [ 127.416439496652401, 36.322751185200474 ], [ 127.416407103804147, 36.322661360706221 ], [ 127.416511189863016, 36.32234113747927 ], [ 127.416555977813118, 36.322273529265196 ], [ 127.41657628800165, 36.32224158429549 ], [ 127.41655447534697, 36.322200197123671 ], [ 127.416498979935824, 36.322102919065472 ], [ 127.416499454192504, 36.322055840204413 ], [ 127.416462379766287, 36.321984055403625 ], [ 127.416447598211562, 36.321947627281681 ], [ 127.416441247896586, 36.321900905543487 ], [ 127.416417778916639, 36.321860046773111 ], [ 127.416358315554319, 36.321797756895208 ], [ 127.416240468468132, 36.321704543094498 ], [ 127.416202481833835, 36.321655984571755 ], [ 127.41615520640164, 36.321602979434523 ], [ 127.416069390606125, 36.321485133455589 ], [ 127.416013107838694, 36.321413505240216 ], [ 127.416028196567325, 36.321381821781827 ], [ 127.415941798740661, 36.321301196124878 ], [ 127.415911917467056, 36.321273273275537 ], [ 127.41575430209781, 36.321118547673741 ], [ 127.415656345729033, 36.321021109945065 ], [ 127.415616940532445, 36.320982135601788 ], [ 127.41555965253329, 36.320924532883417 ], [ 127.416136901533321, 36.320436719136637 ], [ 127.416133532442089, 36.320368304828456 ], [ 127.415732582246392, 36.320050743079655 ], [ 127.415212467516284, 36.320478627492768 ], [ 127.415184814517644, 36.320442369914041 ], [ 127.415038325319586, 36.320175580125557 ], [ 127.415034754914927, 36.320167950537666 ], [ 127.414995286270369, 36.320097849715424 ], [ 127.415042740882043, 36.319866787222736 ], [ 127.415020599188992, 36.319752288788649 ], [ 127.415012207329994, 36.319708890330368 ], [ 127.415044383712001, 36.319701362372022 ], [ 127.415102034573025, 36.31950741121976 ], [ 127.415107099899416, 36.31949037021667 ], [ 127.414943925544463, 36.319361652526993 ], [ 127.414918126993896, 36.31923363110365 ], [ 127.414894094332041, 36.319108919878886 ], [ 127.414869773101444, 36.319039208190617 ], [ 127.414858228885166, 36.319006148051578 ], [ 127.414832952287298, 36.318945298181987 ], [ 127.414801693294734, 36.318858659414765 ], [ 127.41476586581858, 36.318758816233618 ], [ 127.4147373038914, 36.318685226109771 ], [ 127.414677805868592, 36.318518597732606 ], [ 127.414652248580694, 36.318467805873183 ], [ 127.414532648633568, 36.318226750024969 ], [ 127.414431622280532, 36.31802131631715 ], [ 127.414405204608414, 36.317969905562762 ], [ 127.413834917255414, 36.317718815791373 ], [ 127.413861254926076, 36.317676901522823 ], [ 127.413886234211859, 36.317637136725061 ], [ 127.413887867856701, 36.317628056281734 ], [ 127.413901998459011, 36.317549749708128 ], [ 127.413959400175045, 36.317500708110764 ], [ 127.413976742992773, 36.317446650009401 ], [ 127.413865859347936, 36.317212817805611 ], [ 127.413760822036622, 36.317055024297566 ], [ 127.41370070109528, 36.316911152136981 ], [ 127.41360676145861, 36.316487942874197 ], [ 127.41360279386366, 36.316273630635976 ], [ 127.413668280401325, 36.316131758525508 ], [ 127.413958195959438, 36.315811554156639 ], [ 127.414053981887776, 36.315771346729605 ], [ 127.414063467502658, 36.315766799117476 ], [ 127.414108140981796, 36.315745386265469 ], [ 127.414118313388315, 36.315740511901289 ], [ 127.41414139616397, 36.315729446883616 ], [ 127.414137948695171, 36.315711282127573 ], [ 127.414210614102942, 36.315685221688355 ], [ 127.414210193359835, 36.315694126728609 ], [ 127.414209146236573, 36.31571626723985 ], [ 127.414208480163893, 36.31573035077944 ], [ 127.414321574932586, 36.315678377144735 ], [ 127.414355888448924, 36.315662542189202 ], [ 127.414500301418741, 36.315620129804458 ], [ 127.414534155971268, 36.315610181042061 ], [ 127.41459787735657, 36.315566830727981 ], [ 127.414756915454007, 36.315459924622807 ], [ 127.414771745404536, 36.31545527737353 ], [ 127.414771745415607, 36.315455277364485 ], [ 127.414771832449858, 36.315455250091503 ], [ 127.414786170229902, 36.31543927674506 ], [ 127.414849781195016, 36.315419357172352 ], [ 127.414865900708492, 36.315414308936347 ], [ 127.414922307901591, 36.315396649143388 ], [ 127.414938257952599, 36.315391141885534 ], [ 127.414958698435584, 36.315384078089188 ], [ 127.414988322832599, 36.315378613646224 ], [ 127.415023885172232, 36.315373687382682 ], [ 127.415032330698438, 36.315372522689756 ], [ 127.415187732426801, 36.315351023730429 ], [ 127.415265981915923, 36.315338740282314 ], [ 127.415296032787793, 36.315333914119769 ], [ 127.415327728978994, 36.315328577597228 ], [ 127.415350647265015, 36.315324722343441 ], [ 127.415357292186343, 36.315324185670434 ], [ 127.415452558032612, 36.315316439170083 ], [ 127.415760986258064, 36.315277106950845 ], [ 127.415865540475266, 36.315206552232908 ], [ 127.415905351621717, 36.315179694456091 ], [ 127.415927540963565, 36.315164360676569 ], [ 127.415936634447533, 36.315157290991301 ], [ 127.415945761144144, 36.315150185143246 ], [ 127.416050435548385, 36.315068743678182 ], [ 127.41605590269387, 36.315064489206705 ], [ 127.416061750099786, 36.315060548826779 ], [ 127.416066288152123, 36.315057478113253 ], [ 127.416150370228678, 36.315000691966873 ], [ 127.416155906894403, 36.314996950918193 ], [ 127.416244306279197, 36.3149374912702 ], [ 127.416276028857325, 36.314916158586286 ], [ 127.416344367118711, 36.314870195943712 ], [ 127.416479078429631, 36.3147793948174 ], [ 127.416547182951859, 36.314733495952041 ], [ 127.416560464281844, 36.314724537239485 ], [ 127.416577063216053, 36.314713350120883 ], [ 127.416633183428047, 36.314708937759349 ], [ 127.416828962439752, 36.31468798133799 ], [ 127.416887189705221, 36.314635772337752 ], [ 127.416899406381859, 36.314652825137024 ], [ 127.416925603324756, 36.314628961162001 ], [ 127.417094891218397, 36.314448516661884 ], [ 127.41714670581888, 36.314392400713629 ], [ 127.417205161696202, 36.314353969696569 ], [ 127.417324388958264, 36.314270737241202 ], [ 127.417446143695571, 36.314193804083082 ], [ 127.417852132054691, 36.314009939311376 ], [ 127.418087071185141, 36.31380901537208 ], [ 127.41836443094077, 36.313567858875444 ], [ 127.417574708333944, 36.312745559081947 ], [ 127.417493934173407, 36.312527287663393 ], [ 127.417653373919364, 36.312175203092949 ], [ 127.417558207552645, 36.311978772165396 ], [ 127.417367319175824, 36.311801797076207 ], [ 127.417177047617301, 36.311831053047534 ], [ 127.416895809634312, 36.311248313576186 ], [ 127.416873262271679, 36.311002786111132 ], [ 127.416839937829351, 36.310639900201629 ], [ 127.416558711598086, 36.310375301070664 ], [ 127.41644302221367, 36.310143920826576 ], [ 127.416284456840373, 36.309978141468697 ], [ 127.416793463081234, 36.309407634655834 ], [ 127.416989667897923, 36.309097976500766 ], [ 127.417005817857728, 36.308698105617445 ], [ 127.416812528410532, 36.308200977826459 ], [ 127.416791219209827, 36.308048032523551 ], [ 127.416863583062181, 36.30768740167558 ], [ 127.416715021396158, 36.307444123135596 ], [ 127.416588214764388, 36.307177365377278 ], [ 127.416451367622841, 36.306923511085223 ], [ 127.41659572143304, 36.306100093788977 ], [ 127.416637298457246, 36.305949381237895 ], [ 127.416633528188896, 36.305567846161203 ], [ 127.416737128994271, 36.305422938026055 ], [ 127.416591223406328, 36.305249265718693 ], [ 127.416591815643798, 36.305081600175164 ], [ 127.416768938746543, 36.304988299300284 ], [ 127.416863623325739, 36.304938423816964 ], [ 127.416903848727074, 36.304917241637213 ], [ 127.417003603132954, 36.304668756626455 ], [ 127.416960733742059, 36.30444752309608 ], [ 127.416944936488647, 36.30436594059708 ], [ 127.416900742560031, 36.304100626179263 ], [ 127.416854249043652, 36.303817314254125 ], [ 127.41674035088424, 36.303573491585027 ], [ 127.416704051984667, 36.303551854283896 ], [ 127.416343608149873, 36.303279779235211 ], [ 127.416908502878343, 36.302958603748166 ], [ 127.417679124053237, 36.30278959392831 ], [ 127.418110535620372, 36.302854480965273 ], [ 127.418261616897595, 36.302823035116297 ], [ 127.418705547078105, 36.302547926254299 ], [ 127.419187547848054, 36.302458162518299 ], [ 127.419672745429992, 36.302289641017261 ], [ 127.420565901869438, 36.302114876048698 ], [ 127.420580594308746, 36.301758337862587 ], [ 127.421039614265737, 36.301413894130825 ], [ 127.422201333083038, 36.300910930677439 ], [ 127.422291675004089, 36.300329814585702 ], [ 127.422506932475017, 36.300240408234473 ], [ 127.422662351006963, 36.299956720725831 ], [ 127.422803003906822, 36.299635379874786 ], [ 127.422991826147936, 36.299183306808096 ], [ 127.423139766719302, 36.298704441466654 ], [ 127.42279316695425, 36.297984173387718 ], [ 127.422795836149348, 36.297803559454266 ], [ 127.422551448744613, 36.297258632510633 ], [ 127.422302164946061, 36.296785978485239 ], [ 127.42231652442689, 36.296536951198462 ], [ 127.422320757842883, 36.296100172587266 ], [ 127.422076688314149, 36.296187318901197 ], [ 127.422012231080885, 36.296216401250774 ], [ 127.421813247063227, 36.296046093831094 ], [ 127.421631702640767, 36.295997176227161 ], [ 127.421258614255436, 36.295900817175159 ], [ 127.421052434050736, 36.295745826686108 ], [ 127.420470421562925, 36.295805074120182 ], [ 127.420322850154648, 36.295771932213853 ], [ 127.419974683269572, 36.295857726598527 ], [ 127.419639014624451, 36.295801144582008 ], [ 127.419319810457154, 36.295869641341994 ], [ 127.419223168103429, 36.295742066136185 ], [ 127.419082609205049, 36.295547786005557 ], [ 127.418827148505059, 36.295271115777872 ], [ 127.418621080491263, 36.295250999648928 ], [ 127.418497206048158, 36.295392483757631 ], [ 127.418458406108712, 36.295433685645875 ], [ 127.417979536008332, 36.295886654394891 ], [ 127.417712521478165, 36.296976150251368 ], [ 127.416638267160025, 36.298487389263187 ], [ 127.416484986456524, 36.299213980287981 ], [ 127.416090214551843, 36.299254641062603 ], [ 127.415766140011513, 36.2992896034918 ], [ 127.415441208167948, 36.299320395569822 ], [ 127.415209745112051, 36.299500179113515 ], [ 127.415027251181627, 36.299641222549745 ], [ 127.414931392898822, 36.29971242247202 ], [ 127.414737915969965, 36.299863109969436 ], [ 127.414520100986394, 36.300032733813673 ], [ 127.414214691090223, 36.300173047041483 ], [ 127.414067155139918, 36.300247065085699 ], [ 127.413959541458254, 36.300329371220542 ], [ 127.413406883083553, 36.300672749766463 ], [ 127.41207670043535, 36.301246263927474 ], [ 127.411857271594315, 36.301460316382673 ], [ 127.411257873566541, 36.302045008838711 ], [ 127.410602385277002, 36.30230101540954 ], [ 127.409110787828922, 36.302883555863481 ], [ 127.408915216221686, 36.302750758451467 ], [ 127.408341231387055, 36.302361035311989 ], [ 127.407288111888576, 36.301645945112469 ], [ 127.406873674452669, 36.301622442511004 ], [ 127.405805717359726, 36.301679975997082 ], [ 127.405736368648633, 36.30168445502197 ], [ 127.405565428566831, 36.301695477472741 ], [ 127.404877027410151, 36.300901117958603 ], [ 127.403875833254403, 36.30121436977182 ], [ 127.403715729195241, 36.301451403935147 ], [ 127.403304222998997, 36.301879593224385 ], [ 127.403266253959558, 36.302154444101639 ], [ 127.403341977925265, 36.302999789326485 ], [ 127.403040157473711, 36.303097193067785 ], [ 127.402810393459447, 36.303075236877667 ], [ 127.402514880427546, 36.302973890981811 ], [ 127.402478532456342, 36.302961423474962 ], [ 127.402356465111609, 36.302950658232433 ], [ 127.402045870677341, 36.302917481567931 ], [ 127.402020352263037, 36.302910871325395 ], [ 127.401283027974173, 36.302656386986619 ], [ 127.401088176188821, 36.302555052371545 ], [ 127.400677208779157, 36.302319515217825 ], [ 127.399583622991059, 36.302938601051018 ], [ 127.399533449481481, 36.302968119376423 ], [ 127.399269162694864, 36.303365110515969 ], [ 127.399048928919228, 36.303468126413755 ], [ 127.398631220403402, 36.304017447150443 ], [ 127.398427184336526, 36.304076692089716 ], [ 127.398230785582797, 36.304133721482607 ], [ 127.39803481021265, 36.304184269699867 ], [ 127.397759230164183, 36.304215318693508 ], [ 127.397448018902679, 36.304272177563547 ], [ 127.397254337527258, 36.304307559139943 ], [ 127.396748022166761, 36.30438286006725 ], [ 127.396800140400714, 36.304627987620087 ], [ 127.396815072598542, 36.304740855484937 ], [ 127.396775564007157, 36.304770562679863 ], [ 127.396795774289586, 36.304980631857525 ], [ 127.396842673749362, 36.305318886020643 ], [ 127.396785670821416, 36.305312748253954 ], [ 127.396815670942686, 36.305543259735025 ], [ 127.396960242985884, 36.306656543622928 ], [ 127.396838183693887, 36.306584402737613 ], [ 127.396837078940706, 36.306583910744664 ], [ 127.396074509529456, 36.306232682776738 ], [ 127.396016835394605, 36.306254771658274 ], [ 127.396007982774023, 36.306265605957272 ], [ 127.395473196747403, 36.306925587555533 ], [ 127.395167789884411, 36.307302383470244 ], [ 127.39495743450297, 36.307562073564455 ], [ 127.39475747901227, 36.307808842274277 ], [ 127.394793175291014, 36.307888659042035 ], [ 127.394832977667306, 36.307943589868366 ], [ 127.3948429115012, 36.307957309110279 ], [ 127.394958081127115, 36.30811630286523 ], [ 127.39504887615486, 36.308241636767178 ], [ 127.395052508914333, 36.308246662374579 ], [ 127.395314275412744, 36.308313028004008 ], [ 127.395711523975322, 36.308474416826549 ], [ 127.395968863392994, 36.308578969367012 ], [ 127.396014200499934, 36.308605125049425 ], [ 127.396179034446007, 36.308700402876205 ], [ 127.396219447358575, 36.308723763071782 ], [ 127.396223299816228, 36.308725967241394 ], [ 127.396176118419845, 36.308744822381762 ], [ 127.396160495635272, 36.308735727035376 ], [ 127.396135329362892, 36.308964996802601 ], [ 127.396097493719211, 36.308960372501851 ], [ 127.396026273153723, 36.30898809337652 ], [ 127.396141296289855, 36.309048741270594 ], [ 127.396171011124679, 36.309045966689226 ], [ 127.396250115941115, 36.309051599196778 ], [ 127.396380248515214, 36.309109998102535 ], [ 127.396451952115299, 36.309129487949818 ], [ 127.396555638301763, 36.3091719511484 ], [ 127.396613758400036, 36.309217998334979 ], [ 127.396651332926425, 36.309221595995965 ], [ 127.396709507704315, 36.309256396298252 ], [ 127.396984032195576, 36.309418420788532 ], [ 127.396976332206719, 36.309432648768436 ], [ 127.396964150885992, 36.309467879922465 ], [ 127.396901364586569, 36.309534206760461 ], [ 127.39689340855486, 36.309537423231191 ], [ 127.396889901063389, 36.309550628023963 ], [ 127.396699274739206, 36.310039577655623 ], [ 127.396685116653828, 36.310075878698534 ], [ 127.396699869400649, 36.310077983737209 ], [ 127.396759752195322, 36.310087058848474 ], [ 127.39609406168583, 36.311920885369176 ], [ 127.397968110513077, 36.312417062357248 ], [ 127.398010281924115, 36.312428781939374 ], [ 127.398101596967734, 36.312452567409601 ], [ 127.399448857855688, 36.312806937618618 ], [ 127.402461060990973, 36.31375629801272 ], [ 127.402528370857368, 36.313897313156531 ], [ 127.402636106605499, 36.314126291332926 ], [ 127.402789848661911, 36.314549885583325 ], [ 127.402928107851807, 36.315072101931051 ], [ 127.40326980702136, 36.317105974191925 ], [ 127.403478367602787, 36.318041339375924 ], [ 127.403533954190266, 36.318303204484728 ], [ 127.403582961376543, 36.318584863416213 ], [ 127.40362321969927, 36.318743631785345 ], [ 127.403647258784815, 36.318886116440424 ], [ 127.403659745873128, 36.319016933718508 ], [ 127.403670196543416, 36.319275913607235 ], [ 127.403667620840238, 36.319524546789538 ], [ 127.403645450793292, 36.31975895328506 ], [ 127.403641523977058, 36.319829131791863 ], [ 127.403843227201918, 36.319882974000421 ], [ 127.404170229203359, 36.319977361157086 ], [ 127.404637588300716, 36.320114755716872 ], [ 127.405637510833941, 36.320415074408942 ], [ 127.406745745525654, 36.320751064446654 ], [ 127.40680209557614, 36.320663198342132 ], [ 127.406879386931251, 36.320686105391808 ], [ 127.406962201731091, 36.320711147457942 ], [ 127.407265550782952, 36.320799856861733 ], [ 127.407938075559315, 36.320989999393497 ], [ 127.408567013496267, 36.321168787607682 ], [ 127.409167091255384, 36.321339371132687 ], [ 127.409202868320065, 36.321349423345644 ], [ 127.409310790524586, 36.321379722091223 ], [ 127.409998931728566, 36.321572908746042 ], [ 127.41195509124266, 36.322132080683204 ], [ 127.412593129087611, 36.322379783063234 ], [ 127.412955642222784, 36.322512089452474 ], [ 127.41307222692285, 36.32256057666369 ], [ 127.413241868946912, 36.322592849165822 ], [ 127.413265075324489, 36.322598879172624 ], [ 127.413994651590272, 36.322743200661456 ], [ 127.414390926970313, 36.322804472958815 ], [ 127.415017884830846, 36.322845345646527 ], [ 127.415008314894138, 36.322901539774591 ], [ 127.415287197605451, 36.322915353910744 ], [ 127.415572881183579, 36.322930603735507 ], [ 127.415831670467583, 36.322952146163558 ], [ 127.416196365211576, 36.322981818709067 ], [ 127.416417702991453, 36.323009617759048 ], [ 127.41657131827354, 36.323039066419334 ], [ 127.416622959009487, 36.323049827312744 ] ] ] ] } },
{ "type": "Feature", "properties": { "EMD_CD": "30140117", "EMD_ENG_NM": "Sanseong-dong", "EMD_KOR_NM": "산성동" }, "geometry": { "type": "MultiPolygon", "coordinates": [ [ [ [ 127.381172532456063, 36.302323503591154 ], [ 127.381170048056333, 36.30232763171685 ], [ 127.381166788331797, 36.302333048136141 ], [ 127.381142791137947, 36.302371144950541 ], [ 127.381154450427402, 36.302371675668461 ], [ 127.381228869972986, 36.302365527615819 ], [ 127.381329804953026, 36.302372245180614 ], [ 127.381365659349356, 36.302375510678601 ], [ 127.381285004052643, 36.30252102215033 ], [ 127.381026956780588, 36.302986565250421 ], [ 127.380988872806697, 36.30307257683409 ], [ 127.380906330749127, 36.303258995062158 ], [ 127.380697500229161, 36.303852739375905 ], [ 127.380587488052569, 36.304379437928333 ], [ 127.380575783729924, 36.304434821507286 ], [ 127.380569800785025, 36.304463132120119 ], [ 127.38055828532228, 36.304563703783231 ], [ 127.380540716523001, 36.304563759484466 ], [ 127.380510563820408, 36.304768025420479 ], [ 127.380336352357489, 36.304645792393529 ], [ 127.380312346676234, 36.304608694963534 ], [ 127.380294117045565, 36.304580311619851 ], [ 127.380235965477453, 36.304967154248665 ], [ 127.380334608777218, 36.305040341598641 ], [ 127.380563151345882, 36.305210281823292 ], [ 127.380631288969013, 36.305269768644308 ], [ 127.38089525863532, 36.305499010371697 ], [ 127.38116758897641, 36.305709184485224 ], [ 127.381374596512018, 36.305868943782606 ], [ 127.381452489665833, 36.305930931430893 ], [ 127.381700675877127, 36.306132627513051 ], [ 127.381947466165386, 36.306333201042683 ], [ 127.382340423691033, 36.306647919993466 ], [ 127.382667719024923, 36.306910750056062 ], [ 127.38312826856621, 36.30724187753156 ], [ 127.383218126007151, 36.307331987537971 ], [ 127.383430730547644, 36.307546184716969 ], [ 127.38347551771453, 36.307602293211829 ], [ 127.383687686133541, 36.307868092359875 ], [ 127.383762764399577, 36.307959375658122 ], [ 127.383811904300188, 36.308010477359083 ], [ 127.383972499099741, 36.308157531092476 ], [ 127.384410313351736, 36.308641078884804 ], [ 127.384570877164634, 36.308815446501121 ], [ 127.384359037398994, 36.30893440429783 ], [ 127.384470207255532, 36.309005853837448 ], [ 127.384537222944104, 36.30908280673922 ], [ 127.384713546064262, 36.308993818402868 ], [ 127.384789713079954, 36.309095515123424 ], [ 127.384938679336329, 36.309245425479666 ], [ 127.385044688615821, 36.3093431194646 ], [ 127.385383281012309, 36.309655150622689 ], [ 127.385614849854562, 36.309869571279236 ], [ 127.385724010536805, 36.309955390814245 ], [ 127.385916995671138, 36.310107690739279 ], [ 127.385966589707138, 36.310144136969399 ], [ 127.38600589158186, 36.310177525252797 ], [ 127.386410844301267, 36.310551336028034 ], [ 127.386504615022162, 36.310675335659084 ], [ 127.386777532008608, 36.311036230332881 ], [ 127.386938222422643, 36.311304370471959 ], [ 127.386976642251156, 36.311368734634449 ], [ 127.387119629422486, 36.31175211969596 ], [ 127.387120340580921, 36.311756343909586 ], [ 127.387139465952686, 36.311895675858082 ], [ 127.387176580844269, 36.312117758668194 ], [ 127.38717961493839, 36.312204766265964 ], [ 127.387164758510934, 36.31236702555757 ], [ 127.38714421320789, 36.312470726871432 ], [ 127.387106442428632, 36.312611046433567 ], [ 127.387104913426768, 36.312616726709983 ], [ 127.38708045172099, 36.312706281056755 ], [ 127.387075348762281, 36.312724962971238 ], [ 127.387072204984193, 36.31273515871316 ], [ 127.387078083442503, 36.312735353700951 ], [ 127.387188728520641, 36.312770998688578 ], [ 127.3875613096194, 36.312840096653431 ], [ 127.387912542210557, 36.312913002334525 ], [ 127.387969881125372, 36.312925316267126 ], [ 127.38858692620633, 36.313063164075977 ], [ 127.388546812430519, 36.313212951934098 ], [ 127.388655266919542, 36.313197136600238 ], [ 127.389175814914552, 36.313120417890723 ], [ 127.389312574801892, 36.313100220577311 ], [ 127.389280432859891, 36.31301573163465 ], [ 127.391643048441111, 36.313887464061175 ], [ 127.392656475741859, 36.311016769777645 ], [ 127.394892820141436, 36.311602251035147 ], [ 127.395121522511943, 36.311663192608258 ], [ 127.39609406168583, 36.311920885369176 ], [ 127.396759752195322, 36.310087058848488 ], [ 127.396699869400649, 36.31007798373723 ], [ 127.396685116653856, 36.310075878698548 ], [ 127.396699274739234, 36.310039577655658 ], [ 127.396889901063403, 36.309550628023977 ], [ 127.39689340855486, 36.309537423231205 ], [ 127.396901364586597, 36.309534206760461 ], [ 127.396964150886021, 36.309467879922494 ], [ 127.396976332206734, 36.309432648768471 ], [ 127.396984032195576, 36.309418420788553 ], [ 127.396709507704344, 36.309256396298252 ], [ 127.396651332926425, 36.30922159599595 ], [ 127.396613758400036, 36.309217998335001 ], [ 127.396555638301777, 36.309171951148421 ], [ 127.396451952115299, 36.309129487949818 ], [ 127.396380248515214, 36.309109998102556 ], [ 127.396250115941115, 36.309051599196813 ], [ 127.39617101112465, 36.309045966689226 ], [ 127.396141296289855, 36.309048741270594 ], [ 127.396026273153723, 36.308988093376527 ], [ 127.396097493719211, 36.308960372501851 ], [ 127.396135329362892, 36.308964996802594 ], [ 127.396160495635272, 36.308735727035426 ], [ 127.396176118419845, 36.308744822381762 ], [ 127.396223299816228, 36.308725967241415 ], [ 127.396219447358575, 36.308723763071782 ], [ 127.396179034446007, 36.308700402876205 ], [ 127.396014200499934, 36.308605125049461 ], [ 127.395968863393023, 36.308578969367012 ], [ 127.395711523975322, 36.308474416826549 ], [ 127.395314275412716, 36.308313028004008 ], [ 127.395052508914361, 36.3082466623746 ], [ 127.39504887615486, 36.308241636767221 ], [ 127.394958081127115, 36.30811630286523 ], [ 127.3948429115012, 36.307957309110314 ], [ 127.394832977667335, 36.307943589868366 ], [ 127.394793175291014, 36.307888659042035 ], [ 127.394757479012299, 36.307808842274284 ], [ 127.39495743450297, 36.307562073564455 ], [ 127.395167789884439, 36.307302383470244 ], [ 127.395473196747403, 36.306925587555526 ], [ 127.396007982774023, 36.3062656059573 ], [ 127.396016835394605, 36.306254771658267 ], [ 127.396074509529456, 36.306232682776745 ], [ 127.396837078940706, 36.306583910744671 ], [ 127.396838183693887, 36.306584402737641 ], [ 127.396960242985884, 36.306656543622928 ], [ 127.396815670942701, 36.305543259735039 ], [ 127.396785670821444, 36.305312748253932 ], [ 127.39684267374939, 36.305318886020665 ], [ 127.396795774289615, 36.304980631857518 ], [ 127.396775564007157, 36.304770562679884 ], [ 127.396815072598542, 36.304740855484951 ], [ 127.396800140400728, 36.304627987620101 ], [ 127.396748022166761, 36.304382860067228 ], [ 127.397254337527258, 36.304307559139943 ], [ 127.397448018902693, 36.304272177563547 ], [ 127.397759230164183, 36.304215318693522 ], [ 127.398034810212621, 36.304184269699896 ], [ 127.398230785582797, 36.304133721482621 ], [ 127.398427184336555, 36.304076692089723 ], [ 127.398631220403431, 36.304017447150422 ], [ 127.399048928919228, 36.303468126413776 ], [ 127.399269162694864, 36.303365110515969 ], [ 127.399533449481481, 36.302968119376438 ], [ 127.399583622991059, 36.302938601051025 ], [ 127.400677208779186, 36.302319515217825 ], [ 127.400049131796976, 36.301469143682645 ], [ 127.399587497227373, 36.300885791678724 ], [ 127.399239051576572, 36.300445456401427 ], [ 127.398798530213114, 36.300196547405989 ], [ 127.397689036823436, 36.300641399601062 ], [ 127.397505446829229, 36.300984247291623 ], [ 127.397385802458984, 36.301207657438816 ], [ 127.396472753000225, 36.301503829627386 ], [ 127.395418866542698, 36.301861153124868 ], [ 127.394887714156226, 36.302049256043674 ], [ 127.394579532178128, 36.302162709329401 ], [ 127.394477126928408, 36.302200408703364 ], [ 127.394318321185352, 36.302262832318824 ], [ 127.39418001605496, 36.302317212989884 ], [ 127.394096622846021, 36.302349775975458 ], [ 127.394054842919189, 36.302366098272891 ], [ 127.393890078301794, 36.302421493692115 ], [ 127.393706073609977, 36.302483314300787 ], [ 127.393474467559258, 36.302557384472067 ], [ 127.393252576108395, 36.302628331332173 ], [ 127.393156549590387, 36.302679490260168 ], [ 127.393059845526466, 36.302730993776585 ], [ 127.39299442044846, 36.302761244207332 ], [ 127.392870088703575, 36.302800555011601 ], [ 127.392772248071594, 36.302871996017565 ], [ 127.392432051315993, 36.302840531378813 ], [ 127.392310854884613, 36.302854508318781 ], [ 127.392094517774382, 36.30287869090219 ], [ 127.392038539502479, 36.303028513959063 ], [ 127.391965620009714, 36.303203760405296 ], [ 127.39158719056914, 36.302973537806274 ], [ 127.391411982624049, 36.302803624947636 ], [ 127.391428177423947, 36.302793785364798 ], [ 127.391372549023501, 36.302763615185491 ], [ 127.391275394248368, 36.302704661644185 ], [ 127.391202212334349, 36.302655128276449 ], [ 127.391184168708079, 36.302635739719435 ], [ 127.39118385558578, 36.302543703678317 ], [ 127.391182906354814, 36.302397653243439 ], [ 127.391155841087709, 36.30234620322166 ], [ 127.391136372370369, 36.302324557349877 ], [ 127.391071462246572, 36.302283819449642 ], [ 127.390992565290276, 36.302199870649098 ], [ 127.390959426876961, 36.302165202232175 ], [ 127.390956144506674, 36.302091704026147 ], [ 127.390924405265523, 36.302065249763125 ], [ 127.390917966912056, 36.302042200636564 ], [ 127.390883705693128, 36.302034724324585 ], [ 127.390826019612874, 36.302031685974306 ], [ 127.39073025594297, 36.302041811576856 ], [ 127.390722970426154, 36.302002859446795 ], [ 127.390692368659856, 36.301961072419935 ], [ 127.390645228911382, 36.301972076015566 ], [ 127.390605271615186, 36.301956471534872 ], [ 127.390566652562711, 36.301968213368113 ], [ 127.390518230769345, 36.301958701315129 ], [ 127.390458631767316, 36.301978477768358 ], [ 127.390424250145173, 36.301978130015918 ], [ 127.390377420187022, 36.301968567668965 ], [ 127.39035996260931, 36.301934839372691 ], [ 127.390352295828436, 36.301886326984544 ], [ 127.390334187615082, 36.301862820132705 ], [ 127.390201672213408, 36.301875065440456 ], [ 127.390145658712768, 36.301868029115283 ], [ 127.390074595933058, 36.301850380766638 ], [ 127.390003595537038, 36.301843059646792 ], [ 127.389885201100199, 36.301820157923032 ], [ 127.389729479409851, 36.301773117643592 ], [ 127.3897021511834, 36.30174025939381 ], [ 127.38967330323392, 36.301721996107069 ], [ 127.389658660537577, 36.301712536241979 ], [ 127.389624116444026, 36.301701843288846 ], [ 127.38955128328719, 36.301652641199624 ], [ 127.389535396133056, 36.301641428065579 ], [ 127.38948838698812, 36.301613608129273 ], [ 127.389472083039536, 36.301603657985375 ], [ 127.389452428113813, 36.301578002206881 ], [ 127.389423021043214, 36.301572708592765 ], [ 127.389414986768273, 36.30157126574376 ], [ 127.389391764178058, 36.301567078525942 ], [ 127.389278624597239, 36.301544041997445 ], [ 127.388744718760023, 36.301724998301317 ], [ 127.388384994179219, 36.301827473057472 ], [ 127.388223002399627, 36.301852013472114 ], [ 127.388018846013921, 36.301855755672996 ], [ 127.387852409239144, 36.301857194796739 ], [ 127.387835486342539, 36.301857159363472 ], [ 127.387605332606725, 36.30185168472665 ], [ 127.387388310842596, 36.301838327033551 ], [ 127.386993891057699, 36.301775390621806 ], [ 127.386324867417599, 36.301667043676503 ], [ 127.386092424590856, 36.301641918847238 ], [ 127.385498927302748, 36.301453164702004 ], [ 127.385300135009999, 36.301408563976175 ], [ 127.384900374586906, 36.301420597603268 ], [ 127.384566611827424, 36.301368786423744 ], [ 127.384489499641248, 36.301381848184917 ], [ 127.384159175741985, 36.301436796181136 ], [ 127.383799510428929, 36.301570635916448 ], [ 127.383508783311854, 36.301869205568913 ], [ 127.38287768839092, 36.302120819025852 ], [ 127.382280297310615, 36.30224789645797 ], [ 127.382015387490767, 36.302293519296413 ], [ 127.381634420855718, 36.302357182662583 ], [ 127.381285964151161, 36.302329173065409 ], [ 127.381173703033284, 36.302324032442129 ], [ 127.381172532456063, 36.302323503591154 ] ] ] ] } },
{ "type": "Feature", "properties": { "EMD_CD": "30140118", "EMD_ENG_NM": "Sajeong-dong", "EMD_KOR_NM": "사정동" }, "geometry": { "type": "MultiPolygon", "coordinates": [ [ [ [ 127.378329475908942, 36.293055582532176 ], [ 127.378329940723319, 36.293057938234014 ], [ 127.378331249718045, 36.293064050709681 ], [ 127.378344312102499, 36.29312504670466 ], [ 127.378483142885244, 36.293773323581355 ], [ 127.378846912060681, 36.293893835065433 ], [ 127.379298135539358, 36.294041672204543 ], [ 127.379298126023841, 36.294039698656455 ], [ 127.379440301901141, 36.294160908273717 ], [ 127.379649190654007, 36.294339077432994 ], [ 127.379777778469617, 36.294456382456652 ], [ 127.380098480791986, 36.294770220698922 ], [ 127.38046726502094, 36.295171202694192 ], [ 127.380524311905575, 36.295241142457797 ], [ 127.380695163753828, 36.29546476852606 ], [ 127.380910013587936, 36.295822522189397 ], [ 127.380944766571702, 36.295880390199876 ], [ 127.3810609659877, 36.296073875876303 ], [ 127.381267127325913, 36.29640412437746 ], [ 127.381376413409853, 36.296568075658136 ], [ 127.381378394282038, 36.296571047360636 ], [ 127.381877054953506, 36.29735010635104 ], [ 127.381908594346413, 36.29742721196908 ], [ 127.381929860921502, 36.297479203125775 ], [ 127.381981889155881, 36.297624631669159 ], [ 127.382029340126152, 36.297760504258186 ], [ 127.382068188027347, 36.297951880637854 ], [ 127.382113325474791, 36.298172995015364 ], [ 127.38212609871124, 36.298235566908971 ], [ 127.38216027970941, 36.298611978641709 ], [ 127.382131279739781, 36.298820474926579 ], [ 127.382120112437391, 36.298900762343571 ], [ 127.382096240608405, 36.299072061852733 ], [ 127.382097465480953, 36.299502079832521 ], [ 127.382097723823065, 36.299592774854254 ], [ 127.382096557283617, 36.300030966524481 ], [ 127.38209654895067, 36.300031787186029 ], [ 127.382093025616228, 36.300378777719132 ], [ 127.382014966129191, 36.300352558629804 ], [ 127.382003854603212, 36.300428067499347 ], [ 127.382041709015652, 36.300451323532634 ], [ 127.38210244181785, 36.30049055667476 ], [ 127.382021844409962, 36.300838045399956 ], [ 127.382023590709281, 36.30084000440602 ], [ 127.382070027167742, 36.300800997890448 ], [ 127.382140103290851, 36.300760501252405 ], [ 127.38212194691549, 36.300925870803319 ], [ 127.382009919089924, 36.301190810684048 ], [ 127.381978858384841, 36.301264267274142 ], [ 127.381623066844497, 36.301898754509153 ], [ 127.381581826092301, 36.301972226857409 ], [ 127.381404370790662, 36.302288370130412 ], [ 127.381210799911472, 36.302283992605524 ], [ 127.381196820839392, 36.302283676462487 ], [ 127.381185259020214, 36.302302573134249 ], [ 127.381178453334982, 36.302313696361765 ], [ 127.381177313730305, 36.302315558933905 ], [ 127.381172532456063, 36.302323503591154 ], [ 127.381173703033284, 36.302324032442129 ], [ 127.381285964151161, 36.302329173065409 ], [ 127.381634420855718, 36.302357182662583 ], [ 127.382015387490767, 36.302293519296413 ], [ 127.382280297310615, 36.302247896457949 ], [ 127.38287768839092, 36.302120819025852 ], [ 127.383508783311854, 36.301869205568913 ], [ 127.383799510428929, 36.301570635916448 ], [ 127.384159175741985, 36.301436796181136 ], [ 127.384489499641248, 36.301381848184917 ], [ 127.384566611827424, 36.301368786423744 ], [ 127.384900374586906, 36.301420597603268 ], [ 127.385300135009999, 36.301408563976175 ], [ 127.385498927302748, 36.301453164702004 ], [ 127.386092424590856, 36.301641918847238 ], [ 127.386324867417599, 36.301667043676503 ], [ 127.386993891057699, 36.301775390621806 ], [ 127.387388310842596, 36.301838327033551 ], [ 127.387605332606725, 36.30185168472665 ], [ 127.387835486342539, 36.301857159363472 ], [ 127.387852409239144, 36.301857194796739 ], [ 127.388018846013921, 36.301855755672996 ], [ 127.388223002399627, 36.301852013472114 ], [ 127.388384994179219, 36.301827473057472 ], [ 127.388744718760023, 36.301724998301317 ], [ 127.389278624597239, 36.301544041997445 ], [ 127.389391764178058, 36.301567078525942 ], [ 127.389414986768273, 36.30157126574376 ], [ 127.389423021043214, 36.301572708592765 ], [ 127.389452428113813, 36.301578002206881 ], [ 127.389472083039536, 36.301603657985375 ], [ 127.38948838698812, 36.301613608129273 ], [ 127.389535396133056, 36.301641428065579 ], [ 127.38955128328719, 36.301652641199624 ], [ 127.389624116444026, 36.301701843288846 ], [ 127.389658660537577, 36.301712536241979 ], [ 127.38967330323392, 36.301721996107069 ], [ 127.3897021511834, 36.30174025939381 ], [ 127.389729479409851, 36.301773117643592 ], [ 127.389885201100199, 36.301820157923032 ], [ 127.390003595537038, 36.301843059646792 ], [ 127.390074595933058, 36.301850380766638 ], [ 127.390145658712768, 36.301868029115283 ], [ 127.390201672213408, 36.301875065440456 ], [ 127.390334187615082, 36.301862820132705 ], [ 127.390352295828436, 36.301886326984544 ], [ 127.39035996260931, 36.301934839372691 ], [ 127.390377420187022, 36.301968567668965 ], [ 127.390424250145173, 36.301978130015918 ], [ 127.390458631767316, 36.301978477768358 ], [ 127.390518230769345, 36.301958701315129 ], [ 127.390566652562711, 36.301968213368113 ], [ 127.390605271615186, 36.301956471534872 ], [ 127.390645228911382, 36.301972076015566 ], [ 127.390692368659856, 36.301961072419935 ], [ 127.390722970426154, 36.302002859446795 ], [ 127.39073025594297, 36.302041811576856 ], [ 127.390826019612874, 36.302031685974306 ], [ 127.390883705693128, 36.302034724324585 ], [ 127.390917966912056, 36.302042200636564 ], [ 127.390924405265523, 36.302065249763125 ], [ 127.390956144506674, 36.302091704026147 ], [ 127.390959426876961, 36.302165202232175 ], [ 127.390992565290276, 36.302199870649098 ], [ 127.391071462246572, 36.302283819449642 ], [ 127.391136372370369, 36.302324557349877 ], [ 127.391155841087709, 36.30234620322166 ], [ 127.391182906354814, 36.302397653243439 ], [ 127.39118385558578, 36.302543703678317 ], [ 127.391184168708079, 36.302635739719435 ], [ 127.391202212334349, 36.302655128276449 ], [ 127.391275394248368, 36.302704661644185 ], [ 127.391372549023501, 36.302763615185491 ], [ 127.391428177423947, 36.302793785364798 ], [ 127.391411982624049, 36.302803624947636 ], [ 127.39158719056914, 36.302973537806274 ], [ 127.391965620009714, 36.303203760405296 ], [ 127.392038539502479, 36.303028513959063 ], [ 127.392094517774382, 36.30287869090219 ], [ 127.392310854884613, 36.302854508318781 ], [ 127.392432051315993, 36.302840531378813 ], [ 127.392772248071594, 36.302871996017565 ], [ 127.392870088703575, 36.302800555011601 ], [ 127.39299442044846, 36.302761244207332 ], [ 127.393059845526466, 36.302730993776585 ], [ 127.393156549590387, 36.302679490260168 ], [ 127.393252576108395, 36.302628331332173 ], [ 127.393474467559258, 36.302557384472067 ], [ 127.393706073609977, 36.302483314300787 ], [ 127.393890078301794, 36.302421493692115 ], [ 127.394054842919189, 36.302366098272891 ], [ 127.394096622846021, 36.302349775975458 ], [ 127.39418001605496, 36.302317212989884 ], [ 127.394318321185352, 36.302262832318824 ], [ 127.394477126928408, 36.302200408703364 ], [ 127.394579532178128, 36.302162709329401 ], [ 127.394887714156226, 36.302049256043674 ], [ 127.395418866542698, 36.301861153124868 ], [ 127.396472753000225, 36.301503829627386 ], [ 127.397385802458984, 36.301207657438816 ], [ 127.397505446829229, 36.300984247291623 ], [ 127.397689036823436, 36.300641399601062 ], [ 127.398798530213114, 36.300196547405989 ], [ 127.399239051576572, 36.300445456401427 ], [ 127.399587497227373, 36.300885791678724 ], [ 127.400049131796976, 36.301469143682645 ], [ 127.400677208779186, 36.302319515217825 ], [ 127.401088176188821, 36.302555052371545 ], [ 127.401283027974202, 36.302656386986641 ], [ 127.402020352263051, 36.30291087132543 ], [ 127.402045870677341, 36.302917481567945 ], [ 127.402356465111609, 36.302950658232447 ], [ 127.402478532456342, 36.302961423474962 ], [ 127.402514880427546, 36.302973890981839 ], [ 127.402810393459475, 36.303075236877667 ], [ 127.403040157473711, 36.303097193067828 ], [ 127.403341977925265, 36.302999789326485 ], [ 127.403266253959558, 36.302154444101625 ], [ 127.403304222998997, 36.301879593224406 ], [ 127.403715729195255, 36.301451403935175 ], [ 127.403875833254432, 36.30121436977182 ], [ 127.404877027410151, 36.300901117958574 ], [ 127.405565428566831, 36.301695477472748 ], [ 127.405736368648633, 36.30168445502197 ], [ 127.405805717359755, 36.301679975997104 ], [ 127.40687367445264, 36.301622442511004 ], [ 127.407288111888604, 36.301645945112504 ], [ 127.408341231387055, 36.302361035311989 ], [ 127.408915216221715, 36.302750758451481 ], [ 127.409110787828922, 36.302883555863474 ], [ 127.410602385277002, 36.302301015409569 ], [ 127.411257873566541, 36.302045008838697 ], [ 127.411857271594315, 36.301460316382688 ], [ 127.412076700435364, 36.301246263927474 ], [ 127.413406883083553, 36.300672749766463 ], [ 127.413959541458254, 36.300329371220585 ], [ 127.414067155139946, 36.300247065085699 ], [ 127.414214691090223, 36.30017304704149 ], [ 127.414520100986394, 36.300032733813694 ], [ 127.414737915969994, 36.299863109969479 ], [ 127.414931392898822, 36.29971242247202 ], [ 127.415027251181655, 36.299641222549766 ], [ 127.415209745112051, 36.299500179113551 ], [ 127.415441208167962, 36.299320395569822 ], [ 127.415766140011513, 36.2992896034918 ], [ 127.416090214551843, 36.299254641062632 ], [ 127.416484986456538, 36.299213980288023 ], [ 127.416638267160025, 36.298487389263187 ], [ 127.417712521478165, 36.296976150251368 ], [ 127.417979536008303, 36.295886654394913 ], [ 127.417872437925638, 36.295737288034054 ], [ 127.417765329168745, 36.295587930621245 ], [ 127.417615171843181, 36.295472147539883 ], [ 127.417049261955881, 36.295188226629527 ], [ 127.416672753694655, 36.295150594743284 ], [ 127.416350288661221, 36.295015312005233 ], [ 127.41594995309282, 36.295214526447765 ], [ 127.415579827677746, 36.295230236630658 ], [ 127.415412597060197, 36.295192407534955 ], [ 127.41508546300031, 36.295051667405659 ], [ 127.414958626333586, 36.295025341137034 ], [ 127.414840680254883, 36.295053072579655 ], [ 127.414492066881692, 36.295350394597079 ], [ 127.414416587368166, 36.295354314054826 ], [ 127.414239608990258, 36.295351050041823 ], [ 127.414068653419207, 36.295280158767788 ], [ 127.413631588101197, 36.295295886606972 ], [ 127.413249697464281, 36.29519770346662 ], [ 127.413112357456356, 36.295189335798241 ], [ 127.412702888270516, 36.29527691513016 ], [ 127.412605204026022, 36.295260471134505 ], [ 127.412226235645647, 36.295067507003402 ], [ 127.412070793047121, 36.29489948488991 ], [ 127.411561121299897, 36.294614750009451 ], [ 127.411163275153683, 36.294529790089854 ], [ 127.410121956859044, 36.294232847050019 ], [ 127.409731444594485, 36.29427712200664 ], [ 127.409591979230086, 36.294074040392388 ], [ 127.409539555934643, 36.293975414334788 ], [ 127.409476522416796, 36.293932120632057 ], [ 127.409196486838354, 36.293725913380158 ], [ 127.409078875414778, 36.293640369151007 ], [ 127.409128494007703, 36.293458937394611 ], [ 127.409043065603541, 36.293356170066424 ], [ 127.408904342793932, 36.293186050111366 ], [ 127.4088347447763, 36.293044721420316 ], [ 127.408760507009802, 36.292848103287753 ], [ 127.408749022237046, 36.292720265461163 ], [ 127.408518407100118, 36.29256317357509 ], [ 127.408051648630376, 36.292498200589279 ], [ 127.407901616487351, 36.292200880764568 ], [ 127.407335761731403, 36.292090371847415 ], [ 127.407022539395271, 36.291870574152043 ], [ 127.406792579220323, 36.291505349911446 ], [ 127.406201396019981, 36.291265728737386 ], [ 127.405980914794867, 36.291193848920351 ], [ 127.405824382960986, 36.290894764050222 ], [ 127.405738675611403, 36.290714953627116 ], [ 127.405633851353727, 36.29064443940247 ], [ 127.405597449568887, 36.29051905551637 ], [ 127.405890993157271, 36.289364790873883 ], [ 127.406009034284281, 36.288871258479361 ], [ 127.406267621778525, 36.288656182638341 ], [ 127.406018316236285, 36.288223929509407 ], [ 127.406036295308709, 36.288189777150826 ], [ 127.40584846008376, 36.287923691012956 ], [ 127.404819762526216, 36.287356584619673 ], [ 127.404509160616669, 36.28696591701204 ], [ 127.404055821414445, 36.286561247238005 ], [ 127.404027898837185, 36.286536324544059 ], [ 127.404019611107245, 36.28653296401405 ], [ 127.403959790095271, 36.286508725427154 ], [ 127.403931491408613, 36.286497258557695 ], [ 127.403870456608729, 36.286477250533615 ], [ 127.403743671807675, 36.286429400995594 ], [ 127.403676343199024, 36.286399780454154 ], [ 127.40352269502246, 36.286335935004679 ], [ 127.40318152803421, 36.285962939570602 ], [ 127.403108111524233, 36.285659633455303 ], [ 127.402696772458071, 36.285283069259947 ], [ 127.402369360498582, 36.285190787233489 ], [ 127.401840259047262, 36.28454774893337 ], [ 127.40176769841149, 36.284561167052864 ], [ 127.401295085882879, 36.284743434234016 ], [ 127.401153446801771, 36.284946861970234 ], [ 127.400631569198694, 36.285228366665031 ], [ 127.40046207027747, 36.285255390870425 ], [ 127.400226089664912, 36.285289755832657 ], [ 127.398824749041381, 36.284334160928722 ], [ 127.398524774700221, 36.283752347316323 ], [ 127.397701093097282, 36.28405567615318 ], [ 127.397718838675431, 36.284602380150503 ], [ 127.397297210502842, 36.284970456756668 ], [ 127.396442611801788, 36.28614860762648 ], [ 127.396202421697666, 36.286106117095571 ], [ 127.395160539451467, 36.285920457356809 ], [ 127.39514504914753, 36.285919075477068 ], [ 127.395131497126769, 36.285926852194912 ], [ 127.395131613962093, 36.285932385043068 ], [ 127.394835633139664, 36.287455241116461 ], [ 127.394825771338162, 36.287686029124679 ], [ 127.394531943378738, 36.287793847885489 ], [ 127.39404199609055, 36.288327224176399 ], [ 127.393865710832756, 36.288514679951028 ], [ 127.393428929455993, 36.288564938156284 ], [ 127.393145894321293, 36.288806506962487 ], [ 127.39230750518162, 36.288782566099655 ], [ 127.39223600415319, 36.288933719977621 ], [ 127.392128069732678, 36.288984466473664 ], [ 127.391375423342197, 36.289338309989404 ], [ 127.391020307033685, 36.289397277852515 ], [ 127.390380713105003, 36.289322101669264 ], [ 127.389794293144874, 36.28925310270558 ], [ 127.389491698528772, 36.289200392759049 ], [ 127.389443563086601, 36.289170647860637 ], [ 127.389343953771856, 36.289109096124385 ], [ 127.388829418476746, 36.288942162566137 ], [ 127.388776893558017, 36.288925111185648 ], [ 127.388574488012907, 36.28876040043653 ], [ 127.38851987433948, 36.288685509103033 ], [ 127.388438740506587, 36.288564500177792 ], [ 127.388400803296051, 36.288498882012597 ], [ 127.388185535660668, 36.288131924812951 ], [ 127.387963375489335, 36.287624144374654 ], [ 127.387878328362547, 36.287429224060638 ], [ 127.387594071925918, 36.286869663540685 ], [ 127.387278601837835, 36.286826776308565 ], [ 127.387139802932325, 36.286801170952678 ], [ 127.386693792727883, 36.286736930628805 ], [ 127.385979575111094, 36.286685987554939 ], [ 127.385595251591667, 36.286675435227821 ], [ 127.385339411894208, 36.286764103570803 ], [ 127.383807921693048, 36.28706753399635 ], [ 127.383759307759419, 36.287279033709183 ], [ 127.383550560377913, 36.288187439475386 ], [ 127.383171410592624, 36.288808714767136 ], [ 127.38341698205177, 36.289343032081291 ], [ 127.383790797643513, 36.289529012187685 ], [ 127.383145186980158, 36.290459548909048 ], [ 127.382975328894517, 36.290928613175822 ], [ 127.382940208248911, 36.291022429661837 ], [ 127.382689118728948, 36.291191795639328 ], [ 127.382446459697007, 36.291357556554637 ], [ 127.382049368958036, 36.29153523549499 ], [ 127.381944428999333, 36.291578907054742 ], [ 127.381939044922461, 36.2915888551615 ], [ 127.381978768634653, 36.291654091174344 ], [ 127.382116747296962, 36.291894428654409 ], [ 127.381861269359334, 36.291986260528809 ], [ 127.381881485068917, 36.292022964261719 ], [ 127.381958077314721, 36.292161411794467 ], [ 127.382217571788829, 36.292644157641959 ], [ 127.382206181897104, 36.292705654202926 ], [ 127.380429795595987, 36.293525780957431 ], [ 127.380371037501419, 36.293552912353377 ], [ 127.37997589222006, 36.293152509020942 ], [ 127.379950319025099, 36.293126600009366 ], [ 127.379938214791252, 36.293114328236605 ], [ 127.379737600906509, 36.292927157636235 ], [ 127.379424713588364, 36.292620737330225 ], [ 127.379389812588101, 36.292666492273028 ], [ 127.379343498581349, 36.292681697308169 ], [ 127.379321314286585, 36.292665933720059 ], [ 127.379271416583137, 36.292699786400597 ], [ 127.37923487151123, 36.292725504305764 ], [ 127.379146374533335, 36.292758469546762 ], [ 127.378329973160163, 36.293055423846752 ], [ 127.378330013225209, 36.293055612000657 ], [ 127.378329475908942, 36.293055582532176 ] ] ] ] } },
{ "type": "Feature", "properties": { "EMD_CD": "30140119", "EMD_ENG_NM": "Anyeong-dong", "EMD_KOR_NM": "안영동" }, "geometry": { "type": "MultiPolygon", "coordinates": [ [ [ [ 127.372460160369869, 36.272178515344415 ], [ 127.372456958355457, 36.272259528548922 ], [ 127.372446659624487, 36.272520092628156 ], [ 127.372438263399076, 36.272732521026477 ], [ 127.37248409328744, 36.272937118108302 ], [ 127.372596072008292, 36.273082086080528 ], [ 127.372632791560974, 36.273160537064136 ], [ 127.372656591397941, 36.273267487414117 ], [ 127.372857591934675, 36.27421563531648 ], [ 127.372973987503769, 36.274449013003995 ], [ 127.373054426148101, 36.274579434283488 ], [ 127.372315493836751, 36.274977120584573 ], [ 127.372056722030493, 36.275599178332776 ], [ 127.371619655142339, 36.275961212372529 ], [ 127.371305268022837, 36.276221624467986 ], [ 127.371521018323705, 36.276834886095536 ], [ 127.371207538565486, 36.277475134701945 ], [ 127.371571730462108, 36.277960645448694 ], [ 127.371631576044209, 36.278738574975755 ], [ 127.371547184296446, 36.278803883297144 ], [ 127.37153333547289, 36.27900133859017 ], [ 127.371531000546554, 36.279464047532286 ], [ 127.371361375369418, 36.279532500361995 ], [ 127.371312985480969, 36.279552028203604 ], [ 127.370875929202683, 36.27954830530652 ], [ 127.370707499472132, 36.280194295346739 ], [ 127.370695514251224, 36.280270373883042 ], [ 127.370626012634588, 36.280286079708112 ], [ 127.370272754241512, 36.280386858061121 ], [ 127.370085764093304, 36.28067553263508 ], [ 127.370162480838289, 36.281124191696875 ], [ 127.369528052777923, 36.281606871007504 ], [ 127.369321096376893, 36.281866317456505 ], [ 127.369334383853968, 36.282492776942235 ], [ 127.369337175353024, 36.282624385115177 ], [ 127.369289067195297, 36.283008381373953 ], [ 127.368705055554628, 36.283121129302863 ], [ 127.368207902645494, 36.283768403830187 ], [ 127.368154851128182, 36.284139176413625 ], [ 127.368133433754849, 36.284283998474621 ], [ 127.368116051551311, 36.284358678404061 ], [ 127.368090826420953, 36.284469997277995 ], [ 127.367636856027019, 36.284647118018938 ], [ 127.367532618611762, 36.284895820086355 ], [ 127.367779705962462, 36.285307142007845 ], [ 127.367854975107974, 36.285432440244165 ], [ 127.367831923110572, 36.285599237970985 ], [ 127.367799150632351, 36.285917842004949 ], [ 127.367887760292192, 36.285973894218607 ], [ 127.368052988280624, 36.285973387854341 ], [ 127.368048677203149, 36.28594411275774 ], [ 127.368041180384878, 36.285902456217116 ], [ 127.369074566102725, 36.285851692935566 ], [ 127.369478464188717, 36.286158825084122 ], [ 127.369697678044304, 36.286025505806734 ], [ 127.369745870079797, 36.28613800475236 ], [ 127.369789547817618, 36.286253896999796 ], [ 127.369863629506838, 36.286325763112075 ], [ 127.369974091050082, 36.286440890811612 ], [ 127.370044327442798, 36.286547121588413 ], [ 127.370141942675076, 36.286815768451405 ], [ 127.370243388419595, 36.287157903532986 ], [ 127.370142738702114, 36.287389699596915 ], [ 127.370114496942108, 36.287450895574786 ], [ 127.370214184327054, 36.287641529936998 ], [ 127.370059822885423, 36.287955733066262 ], [ 127.370090951009246, 36.288103484454169 ], [ 127.370320164455549, 36.288393407730112 ], [ 127.370610390585426, 36.288453900483248 ], [ 127.370490508356198, 36.288702941627115 ], [ 127.370538018479635, 36.288930063167349 ], [ 127.370318431997717, 36.289134632241108 ], [ 127.370170938150963, 36.289170007734917 ], [ 127.370137577019364, 36.289177148789783 ], [ 127.37011445522468, 36.289179193649368 ], [ 127.369897175824178, 36.290059638474006 ], [ 127.370065263419264, 36.29014698536399 ], [ 127.370371760549432, 36.290302340585299 ], [ 127.370814191424586, 36.290290548297264 ], [ 127.370963200024818, 36.29058402525073 ], [ 127.371176387903844, 36.291003901030258 ], [ 127.371527871392033, 36.291328355373004 ], [ 127.37287641255655, 36.291404154152453 ], [ 127.37276277993719, 36.29194493434143 ], [ 127.373140011384393, 36.292865527309644 ], [ 127.373312879462659, 36.293287385592777 ], [ 127.373330433731837, 36.293284798696497 ], [ 127.373392812945752, 36.293271934142943 ], [ 127.37473227835126, 36.293077945577963 ], [ 127.37596959587168, 36.292987906392497 ], [ 127.376182090256464, 36.293121570237425 ], [ 127.376297801110795, 36.293198463928206 ], [ 127.376528812322164, 36.293351977728172 ], [ 127.377844054314707, 36.2930411656085 ], [ 127.377847024537772, 36.293045373770262 ], [ 127.377849480051182, 36.293049033833782 ], [ 127.378311224932119, 36.292964779422043 ], [ 127.378314244270641, 36.292976881731782 ], [ 127.378326551890197, 36.293040763460411 ], [ 127.378329475908942, 36.293055582532176 ], [ 127.378329973160163, 36.293055423846752 ], [ 127.379146374533335, 36.292758469546762 ], [ 127.37923487151123, 36.292725504305764 ], [ 127.379271416583137, 36.292699786400597 ], [ 127.379321314286585, 36.292665933720059 ], [ 127.379343498581349, 36.292681697308169 ], [ 127.379389812588101, 36.292666492273028 ], [ 127.379424713588364, 36.292620737330225 ], [ 127.379737600906509, 36.292927157636235 ], [ 127.379938214791252, 36.293114328236605 ], [ 127.379950319025099, 36.293126600009366 ], [ 127.37997589222006, 36.293152509020942 ], [ 127.380371037501419, 36.293552912353377 ], [ 127.380429795595987, 36.293525780957431 ], [ 127.382206181897104, 36.292705654202926 ], [ 127.382217571788829, 36.292644157641959 ], [ 127.381958077314721, 36.292161411794467 ], [ 127.381881485068917, 36.292022964261719 ], [ 127.381861269359334, 36.291986260528809 ], [ 127.382116747296962, 36.291894428654409 ], [ 127.381978768634653, 36.291654091174344 ], [ 127.381939044922461, 36.2915888551615 ], [ 127.381944428999333, 36.291578907054742 ], [ 127.382049368958036, 36.29153523549499 ], [ 127.382446459697007, 36.291357556554637 ], [ 127.382689118728948, 36.291191795639328 ], [ 127.382940208248911, 36.291022429661837 ], [ 127.382975328894517, 36.290928613175822 ], [ 127.383145186980158, 36.290459548909048 ], [ 127.383790797643513, 36.289529012187685 ], [ 127.38341698205177, 36.289343032081291 ], [ 127.383171410592624, 36.288808714767136 ], [ 127.383550560377913, 36.288187439475386 ], [ 127.383759307759419, 36.287279033709183 ], [ 127.383807921693048, 36.28706753399635 ], [ 127.385339411894208, 36.286764103570803 ], [ 127.385530141138418, 36.285893115250047 ], [ 127.385691597393972, 36.285148178266006 ], [ 127.385333431762902, 36.284097292686674 ], [ 127.385311450606068, 36.284020465672086 ], [ 127.385252851530538, 36.283814545181123 ], [ 127.385210367513452, 36.283605815339179 ], [ 127.385237880305766, 36.283221049929615 ], [ 127.385273910695503, 36.283025576784347 ], [ 127.385444317014048, 36.282642848894191 ], [ 127.385589895479811, 36.282315893338527 ], [ 127.385870332668375, 36.28158758774066 ], [ 127.386034983983066, 36.28147371713618 ], [ 127.386045953574978, 36.281202670315537 ], [ 127.386057738167935, 36.280879956267746 ], [ 127.38602636476196, 36.28066729779195 ], [ 127.385979274845994, 36.280295640730408 ], [ 127.385975951667945, 36.280269382043279 ], [ 127.385985722179896, 36.280169139511841 ], [ 127.386015922691612, 36.279793259712598 ], [ 127.386370580332468, 36.279540104083928 ], [ 127.386270850998542, 36.279276478612388 ], [ 127.386418302372121, 36.279090379199644 ], [ 127.386637948367152, 36.27881022534239 ], [ 127.386893462640757, 36.27849110564641 ], [ 127.387127877472977, 36.278195655320062 ], [ 127.387146202770111, 36.278192207792941 ], [ 127.38714498354679, 36.278086890887742 ], [ 127.387139590774083, 36.277816428283138 ], [ 127.387135067399271, 36.277550739113764 ], [ 127.387133428081242, 36.277486724608416 ], [ 127.387346767518665, 36.277308332898201 ], [ 127.388049454187723, 36.277143842383261 ], [ 127.388177890721749, 36.276701101216091 ], [ 127.388328919526899, 36.276513347679447 ], [ 127.387833651121042, 36.27620066222309 ], [ 127.387729706841242, 36.275705078762499 ], [ 127.387516859435763, 36.27556412754263 ], [ 127.387371369075026, 36.275142709726488 ], [ 127.387168607145739, 36.274954224134845 ], [ 127.386931974678248, 36.274801074476983 ], [ 127.386724436256884, 36.274654841813863 ], [ 127.386550172558032, 36.274680203475206 ], [ 127.385986282168787, 36.274434535610695 ], [ 127.385752572342454, 36.274088918188781 ], [ 127.385483682334538, 36.273679195145803 ], [ 127.385255880110222, 36.273477782605603 ], [ 127.384995882070228, 36.273415209555218 ], [ 127.384774832472004, 36.273224183062851 ], [ 127.384621110615313, 36.273100375810145 ], [ 127.384244725623986, 36.273038065757355 ], [ 127.384083780282708, 36.272884235572832 ], [ 127.384058825588994, 36.272865390612395 ], [ 127.383917153188449, 36.272808952186644 ], [ 127.383798547741108, 36.272776771728353 ], [ 127.383685790457733, 36.27264747028255 ], [ 127.383618886092179, 36.27223043754892 ], [ 127.383395744776195, 36.27156051881542 ], [ 127.382826904498557, 36.271361361572261 ], [ 127.38268667278868, 36.27125255847956 ], [ 127.382593583630623, 36.271210103129469 ], [ 127.382554279099509, 36.27119014104813 ], [ 127.382477020013766, 36.271150897443221 ], [ 127.381919965914676, 36.270895707959404 ], [ 127.381887334550512, 36.270877103237297 ], [ 127.381872445679662, 36.270856801930911 ], [ 127.381615941117005, 36.27050695901228 ], [ 127.380859256653665, 36.269479419976783 ], [ 127.380146056405309, 36.269619695877488 ], [ 127.379875211669741, 36.269549819346899 ], [ 127.379728925034613, 36.270071588167283 ], [ 127.379473280888817, 36.270177158624413 ], [ 127.378977605955555, 36.270494984478944 ], [ 127.37890986535534, 36.27053915786 ], [ 127.378776718581832, 36.270650134804498 ], [ 127.3786579421607, 36.270750216067036 ], [ 127.378619629089059, 36.27077648914743 ], [ 127.37761346654095, 36.271469385231349 ], [ 127.377591884251814, 36.271468750180119 ], [ 127.37732799888623, 36.27146089232243 ], [ 127.37694328825819, 36.271309503682808 ], [ 127.376322276562917, 36.271628423842287 ], [ 127.375093293023923, 36.271953332820459 ], [ 127.374213406974548, 36.271888832004755 ], [ 127.37327698863254, 36.272188649580606 ], [ 127.373080552515788, 36.272173222193942 ], [ 127.372460160369869, 36.272178515344415 ] ] ] ] } },
{ "type": "Feature", "properties": { "EMD_CD": "30140120", "EMD_ENG_NM": "Musu-dong", "EMD_KOR_NM": "무수동" }, "geometry": { "type": "MultiPolygon", "coordinates": [ [ [ [ 127.39978675547718, 36.276175203574788 ], [ 127.399858338616667, 36.276314774110077 ], [ 127.399860843001818, 36.276389293293072 ], [ 127.399781642989822, 36.277017976379682 ], [ 127.400129976761747, 36.277655643648785 ], [ 127.399890840760946, 36.277931948971322 ], [ 127.399797809413045, 36.278189076841699 ], [ 127.399943675772164, 36.278567275351385 ], [ 127.399781127921088, 36.27883368261066 ], [ 127.399580894322412, 36.279161855725278 ], [ 127.399665529381735, 36.279359382720976 ], [ 127.399485860298398, 36.279934851737899 ], [ 127.399185724823951, 36.280486145963557 ], [ 127.399218025013766, 36.280839363651971 ], [ 127.399100585879282, 36.281045159805146 ], [ 127.399151135842729, 36.281235203485892 ], [ 127.398941038028497, 36.281538229294853 ], [ 127.399030397683859, 36.28173000946132 ], [ 127.398483641883203, 36.282390974697783 ], [ 127.398285903759628, 36.282722426506474 ], [ 127.398242340778609, 36.283204521205249 ], [ 127.398524774700221, 36.283752347316309 ], [ 127.398824749041353, 36.284334160928687 ], [ 127.400226089664912, 36.285289755832643 ], [ 127.40046207027747, 36.285255390870432 ], [ 127.400631569198666, 36.285228366665031 ], [ 127.401153446801771, 36.284946861970184 ], [ 127.401295085882879, 36.284743434234009 ], [ 127.40176769841149, 36.284561167052864 ], [ 127.401840259047262, 36.284547748933335 ], [ 127.402369360498582, 36.285190787233468 ], [ 127.402696772458071, 36.28528306925994 ], [ 127.403108111524205, 36.285659633455268 ], [ 127.40318152803421, 36.285962939570624 ], [ 127.40352269502246, 36.286335935004672 ], [ 127.403676343198995, 36.286399780454147 ], [ 127.403743671807675, 36.286429400995594 ], [ 127.403870456608701, 36.286477250533601 ], [ 127.403931491408613, 36.286497258557695 ], [ 127.403959790095271, 36.286508725427169 ], [ 127.404019611107245, 36.286532964014043 ], [ 127.404027898837185, 36.286536324544059 ], [ 127.404055821414417, 36.286561247237991 ], [ 127.404509160616669, 36.286965917012033 ], [ 127.404819762526216, 36.287356584619651 ], [ 127.405848460083732, 36.287923691012956 ], [ 127.406036295308709, 36.288189777150826 ], [ 127.406018316236256, 36.288223929509371 ], [ 127.406267621778525, 36.288656182638341 ], [ 127.406009034284281, 36.288871258479318 ], [ 127.405890993157257, 36.289364790873869 ], [ 127.405597449568887, 36.290519055516356 ], [ 127.405633851353727, 36.290644439402463 ], [ 127.405738675611403, 36.290714953627102 ], [ 127.405824382960958, 36.290894764050222 ], [ 127.405980914794853, 36.291193848920365 ], [ 127.406201396019981, 36.291265728737372 ], [ 127.406792579220308, 36.291505349911446 ], [ 127.407022539395271, 36.291870574152043 ], [ 127.407335761731375, 36.292090371847443 ], [ 127.407901616487351, 36.292200880764533 ], [ 127.408051648630348, 36.292498200589257 ], [ 127.408518407100118, 36.292563173575076 ], [ 127.408749022237046, 36.292720265461163 ], [ 127.408760507009802, 36.29284810328776 ], [ 127.408834744776271, 36.293044721420316 ], [ 127.408904342793932, 36.293186050111359 ], [ 127.409043065603541, 36.293356170066424 ], [ 127.409128494007703, 36.293458937394611 ], [ 127.409078875414778, 36.293640369151007 ], [ 127.40919648683834, 36.293725913380179 ], [ 127.409476522416796, 36.293932120632057 ], [ 127.409539555934643, 36.293975414334774 ], [ 127.409591979230086, 36.294074040392374 ], [ 127.409731444594485, 36.294277122006605 ], [ 127.410121956859044, 36.294232847050004 ], [ 127.411163275153655, 36.294529790089875 ], [ 127.411561121299897, 36.294614750009416 ], [ 127.412070793047093, 36.294899484889875 ], [ 127.412226235645647, 36.29506750700336 ], [ 127.412605204026022, 36.295260471134497 ], [ 127.412702888270488, 36.295276915130138 ], [ 127.413112357456356, 36.295189335798227 ], [ 127.413249697464281, 36.295197703466627 ], [ 127.413631588101197, 36.295295886606951 ], [ 127.414068653419179, 36.295280158767774 ], [ 127.414239608990258, 36.295351050041823 ], [ 127.414416587368137, 36.295354314054826 ], [ 127.414492066881692, 36.295350394597065 ], [ 127.414840680254883, 36.295053072579655 ], [ 127.414958626333586, 36.295025341137006 ], [ 127.415085463000281, 36.295051667405637 ], [ 127.415412597060183, 36.295192407534948 ], [ 127.415579827677718, 36.295230236630665 ], [ 127.41594995309282, 36.295214526447737 ], [ 127.416350288661221, 36.295015312005205 ], [ 127.416672753694655, 36.295150594743284 ], [ 127.417049261955881, 36.295188226629527 ], [ 127.417615171843181, 36.295472147539904 ], [ 127.417765329168745, 36.295587930621238 ], [ 127.417872437925638, 36.29573728803404 ], [ 127.417979536008332, 36.295886654394891 ], [ 127.418458406108712, 36.295433685645875 ], [ 127.418497206048158, 36.295392483757631 ], [ 127.418621080491263, 36.295250999648935 ], [ 127.418827148505059, 36.295271115777872 ], [ 127.419082609205049, 36.295547786005557 ], [ 127.419223168103429, 36.295742066136185 ], [ 127.419319810457154, 36.295869641341994 ], [ 127.419639014624451, 36.295801144582008 ], [ 127.419974683269572, 36.295857726598527 ], [ 127.420322850154648, 36.295771932213853 ], [ 127.420470421562925, 36.295805074120182 ], [ 127.421052434050736, 36.295745826686108 ], [ 127.421258614255436, 36.295900817175159 ], [ 127.421631702640767, 36.295997176227161 ], [ 127.421813247063227, 36.296046093831094 ], [ 127.422012231080885, 36.296216401250774 ], [ 127.422076688314149, 36.296187318901197 ], [ 127.422320757842883, 36.296100172587266 ], [ 127.422413414340667, 36.296067088715141 ], [ 127.4227829532404, 36.296053639413991 ], [ 127.423589287780416, 36.29529622336819 ], [ 127.423628993912232, 36.29530802377181 ], [ 127.423836602056554, 36.295349249381218 ], [ 127.424076128094299, 36.295237909957663 ], [ 127.424696831053723, 36.295147976226225 ], [ 127.424665059598979, 36.294939863038621 ], [ 127.424993916055101, 36.29461763689693 ], [ 127.425325276051311, 36.294542656536095 ], [ 127.425329749712247, 36.294089592626541 ], [ 127.425340670556992, 36.293424855680399 ], [ 127.424981491869062, 36.293181855585303 ], [ 127.424691409614496, 36.292888891991453 ], [ 127.424728940295552, 36.292380622079342 ], [ 127.42445713485418, 36.292202078578278 ], [ 127.424287829298379, 36.291905108995962 ], [ 127.423732538073537, 36.29167434237641 ], [ 127.423488421064519, 36.291144132002856 ], [ 127.423119858734296, 36.290941649139135 ], [ 127.422963259924288, 36.291027146079934 ], [ 127.422306242273223, 36.29066933198505 ], [ 127.422069893680927, 36.290648787603971 ], [ 127.421859435091591, 36.290434759292445 ], [ 127.421722410308917, 36.290492087123766 ], [ 127.421409866402087, 36.290155901788232 ], [ 127.421190935635053, 36.290034642096003 ], [ 127.42087698169631, 36.289900152595898 ], [ 127.420454460538821, 36.289521769779746 ], [ 127.420406560925969, 36.289182257096051 ], [ 127.420322051567751, 36.289070041219489 ], [ 127.420135322482096, 36.288862117757972 ], [ 127.419931976765866, 36.288325088321038 ], [ 127.419308667829128, 36.287793915307581 ], [ 127.419131553926249, 36.287642974084335 ], [ 127.419328490418579, 36.287329938193977 ], [ 127.419330477040646, 36.286896618324469 ], [ 127.418968064755589, 36.286260995228844 ], [ 127.418828774667276, 36.286209672751149 ], [ 127.418755856264553, 36.286182801777947 ], [ 127.418583265852803, 36.285908355594827 ], [ 127.418003193128428, 36.285370355955109 ], [ 127.417202533300753, 36.284840347900285 ], [ 127.41674076066225, 36.284730035040575 ], [ 127.416640263798499, 36.284400877440227 ], [ 127.416878896736762, 36.283707349652175 ], [ 127.41670979462836, 36.283372608726808 ], [ 127.416497218196099, 36.282951793734753 ], [ 127.416102025707019, 36.282617565934366 ], [ 127.416284933859757, 36.282236553516029 ], [ 127.416468613821039, 36.281999573378528 ], [ 127.416357464671165, 36.281217240941608 ], [ 127.416493833088268, 36.28107817562821 ], [ 127.416448715909667, 36.280877342455462 ], [ 127.416376207548325, 36.280554593789404 ], [ 127.417040118995018, 36.27991801250986 ], [ 127.41699229963551, 36.279514063329628 ], [ 127.417097280968477, 36.279163698941439 ], [ 127.417934909297415, 36.278733518445804 ], [ 127.418103299959839, 36.277892204650485 ], [ 127.418114409111325, 36.277829642191705 ], [ 127.418122057260177, 36.277794388483194 ], [ 127.41813369822583, 36.277538683602657 ], [ 127.418193921989797, 36.277482114078154 ], [ 127.418289800559975, 36.277361742995879 ], [ 127.418189269199658, 36.27726003485035 ], [ 127.418136743288827, 36.277206904131667 ], [ 127.416983923431914, 36.27599492740039 ], [ 127.417272616153838, 36.275382014693335 ], [ 127.4170053074603, 36.274951828741557 ], [ 127.417167293783521, 36.274665529048995 ], [ 127.417641689362071, 36.274403546719675 ], [ 127.417657794784716, 36.274181467214362 ], [ 127.418275411699412, 36.273616196768799 ], [ 127.418740176583427, 36.273754880797419 ], [ 127.418904078620699, 36.273836397270692 ], [ 127.419412753305295, 36.273772881088135 ], [ 127.419717628556654, 36.273734821959458 ], [ 127.420116876607395, 36.274033770082426 ], [ 127.420383703982623, 36.273827493188861 ], [ 127.420514640991769, 36.273523391271027 ], [ 127.420862498013221, 36.273229703393376 ], [ 127.421244697049417, 36.273387150358047 ], [ 127.421707954904591, 36.273557495564788 ], [ 127.422512710321897, 36.273811176880145 ], [ 127.422770685813646, 36.2734086580789 ], [ 127.422688218193812, 36.273164269438176 ], [ 127.422776268959964, 36.272970845671139 ], [ 127.422856897000216, 36.272798301268274 ], [ 127.423325222930558, 36.272549447966391 ], [ 127.423339211530404, 36.272437580330802 ], [ 127.42382801441866, 36.27155899897312 ], [ 127.424222405473031, 36.271874829721845 ], [ 127.424090356994597, 36.271438738157855 ], [ 127.424351141914173, 36.271106110381851 ], [ 127.425675560474176, 36.270516014483022 ], [ 127.425352167551722, 36.270030397994191 ], [ 127.425457870785806, 36.269534545909963 ], [ 127.425830571176206, 36.269513623551539 ], [ 127.426005067607335, 36.268933347689305 ], [ 127.426173873846039, 36.268784504399839 ], [ 127.425907428200119, 36.268567950489185 ], [ 127.425721226368566, 36.268315316529581 ], [ 127.42580574373082, 36.268008020876515 ], [ 127.425564134644205, 36.26760100383828 ], [ 127.42608612886842, 36.266820055008893 ], [ 127.425659718775407, 36.264600898237994 ], [ 127.425884243341997, 36.263400549797531 ], [ 127.42539331027811, 36.263366901301744 ], [ 127.425189238045888, 36.263554781487358 ], [ 127.424594073548278, 36.263620980183184 ], [ 127.424085896555169, 36.263352810065541 ], [ 127.423449328826237, 36.263440273006566 ], [ 127.42293973233653, 36.263565612455672 ], [ 127.422497815224418, 36.264012505031523 ], [ 127.422422989958562, 36.264236342208925 ], [ 127.421672525989891, 36.264111346684828 ], [ 127.420945486709229, 36.264685210779263 ], [ 127.420610731108255, 36.26494541049631 ], [ 127.419145200999694, 36.26607575946597 ], [ 127.418768819212772, 36.267428942379276 ], [ 127.418714880700577, 36.268182300673594 ], [ 127.417520867791396, 36.268781238508247 ], [ 127.417083833216068, 36.268879769876897 ], [ 127.415903173225502, 36.26994402338584 ], [ 127.41586053763524, 36.269962780465633 ], [ 127.415647570487337, 36.270056501824051 ], [ 127.415178200749523, 36.270067110968114 ], [ 127.414773932251421, 36.270503868476887 ], [ 127.413617417215661, 36.270196961175394 ], [ 127.413107913918552, 36.27042988634485 ], [ 127.412954158653619, 36.270500184730736 ], [ 127.412592712100093, 36.270665415316621 ], [ 127.411903277214407, 36.270980600563078 ], [ 127.411543800832277, 36.270757232536347 ], [ 127.410825193881877, 36.271085605730967 ], [ 127.410421221695557, 36.271779066564179 ], [ 127.410058617741768, 36.272085310027151 ], [ 127.409780377658308, 36.272320323561416 ], [ 127.409490389794698, 36.272408952870798 ], [ 127.409425719571601, 36.272603918361099 ], [ 127.408910056300456, 36.272828339512202 ], [ 127.408728492522144, 36.272905224693133 ], [ 127.408515076360203, 36.273181504830873 ], [ 127.408025470226733, 36.273802821036064 ], [ 127.407633638919563, 36.274292879872462 ], [ 127.407417484391274, 36.274475931299619 ], [ 127.40652366576046, 36.274295030954804 ], [ 127.406336406331462, 36.274257130552783 ], [ 127.40603760764624, 36.274695943560737 ], [ 127.40561711218858, 36.275058638939001 ], [ 127.405543007919832, 36.275241513294645 ], [ 127.405508697781187, 36.275326213887709 ], [ 127.405498136520137, 36.275352275621003 ], [ 127.405461276481347, 36.275443238996644 ], [ 127.403942513994352, 36.275622323019981 ], [ 127.403930496635525, 36.275668377670399 ], [ 127.403943848665918, 36.275687203433499 ], [ 127.403959030410036, 36.275711231853556 ], [ 127.403994362511767, 36.27574287050394 ], [ 127.40403244636218, 36.275766362233476 ], [ 127.404045208644206, 36.275783036151502 ], [ 127.404039059131307, 36.275823069207028 ], [ 127.404160600042687, 36.27586521373388 ], [ 127.40401531417119, 36.275913077799736 ], [ 127.403862122054008, 36.275853890177146 ], [ 127.40372000868453, 36.27575652719262 ], [ 127.403568737949598, 36.275650867927354 ], [ 127.403251889406079, 36.275462126358342 ], [ 127.402531550814558, 36.275116805947569 ], [ 127.402117226445412, 36.274893827933113 ], [ 127.401864055551542, 36.274798655065631 ], [ 127.401473437635431, 36.274804197629024 ], [ 127.401284788267148, 36.274855808120229 ], [ 127.40101494847265, 36.274994752509265 ], [ 127.400794210888918, 36.275177311655796 ], [ 127.400745727283223, 36.275248819893321 ], [ 127.400438657416771, 36.275661350139558 ], [ 127.400175824010972, 36.275929237030091 ], [ 127.400046867898809, 36.276010944209673 ], [ 127.399878940035777, 36.276115490793849 ], [ 127.39978675547718, 36.276175203574788 ] ] ] ] } },
{ "type": "Feature", "properties": { "EMD_CD": "30140121", "EMD_ENG_NM": "Guwan-dong", "EMD_KOR_NM": "구완동" }, "geometry": { "type": "MultiPolygon", "coordinates": [ [ [ [ 127.427806969145536, 36.291980767240567 ], [ 127.427701165989234, 36.291660533029493 ], [ 127.427581755185344, 36.291464195818385 ], [ 127.427575388231801, 36.291247260370859 ], [ 127.42738589640588, 36.291031166535092 ], [ 127.427348020653156, 36.290663504413118 ], [ 127.427359473384826, 36.290296486655784 ], [ 127.427318593163434, 36.289908441558673 ], [ 127.427123413143889, 36.289437469774526 ], [ 127.427303338133754, 36.288688546389167 ], [ 127.427464007585399, 36.288624621447305 ], [ 127.42780350813031, 36.288483738240465 ], [ 127.427912389539586, 36.288390483783594 ], [ 127.427945253270479, 36.288221368958183 ], [ 127.428015262781827, 36.288146429756239 ], [ 127.42800883174553, 36.288138783682314 ], [ 127.428191497827271, 36.287985391602653 ], [ 127.428651545923557, 36.287879041425008 ], [ 127.428860701184504, 36.287660038160062 ], [ 127.429041324945345, 36.287589848699078 ], [ 127.429246946671299, 36.287625232499913 ], [ 127.429437096272267, 36.287579114839616 ], [ 127.429687915281988, 36.287613182619523 ], [ 127.429825707240312, 36.287527131432917 ], [ 127.429931421643559, 36.287360206281875 ], [ 127.430082290426654, 36.287121169265738 ], [ 127.430326962926699, 36.286915013068608 ], [ 127.430369652700676, 36.286758650011897 ], [ 127.430835224167097, 36.28636602187516 ], [ 127.43090446446385, 36.285096979425923 ], [ 127.430961273553066, 36.284773343026906 ], [ 127.43133749886583, 36.284491211583166 ], [ 127.431591595804676, 36.2844954707233 ], [ 127.432475272691605, 36.283680896507946 ], [ 127.43248923896617, 36.283392911090395 ], [ 127.433103708805632, 36.283095379191835 ], [ 127.433136100492362, 36.283043075113262 ], [ 127.433257642516367, 36.282834022857777 ], [ 127.433875886067469, 36.282771977984709 ], [ 127.434239853943339, 36.282533327445627 ], [ 127.434330022510395, 36.282519132004957 ], [ 127.434783219652886, 36.282447271110833 ], [ 127.435249458048958, 36.281843810852692 ], [ 127.435380956968913, 36.28167142525465 ], [ 127.43461728643922, 36.28081576807088 ], [ 127.434123876810276, 36.280525203092296 ], [ 127.433919168737859, 36.280271090481115 ], [ 127.4332206232544, 36.279946099354405 ], [ 127.432897465352951, 36.279559299556723 ], [ 127.432308338043498, 36.279308949341534 ], [ 127.432228486175077, 36.278955686923517 ], [ 127.43264832348197, 36.278360451088112 ], [ 127.432732479343883, 36.278403278030744 ], [ 127.432886670778345, 36.278289299689767 ], [ 127.432961691406774, 36.277725828924943 ], [ 127.433219281460225, 36.277600347514529 ], [ 127.43363630435617, 36.27565099904249 ], [ 127.435381653155375, 36.275204580363265 ], [ 127.435931523805706, 36.275110781182207 ], [ 127.43624663198031, 36.275056079107799 ], [ 127.436663967489622, 36.275011944581962 ], [ 127.436705073968241, 36.274603795571601 ], [ 127.436973871450078, 36.274465216213855 ], [ 127.437020268846041, 36.274292651856499 ], [ 127.43697818834201, 36.273683410270344 ], [ 127.437310369380043, 36.273349602351367 ], [ 127.437743078610865, 36.273307958389935 ], [ 127.437955667744475, 36.2729355638077 ], [ 127.437786892659219, 36.272495458262235 ], [ 127.438247261656144, 36.271803943803775 ], [ 127.438484861628908, 36.27177093086862 ], [ 127.438828652875117, 36.27126257201153 ], [ 127.439319343114036, 36.270917950348284 ], [ 127.439538486393715, 36.270260981651006 ], [ 127.438869623601093, 36.269603171763208 ], [ 127.438569256070892, 36.269327220342419 ], [ 127.438181443884417, 36.268733912815499 ], [ 127.43808622648659, 36.268255977623696 ], [ 127.438239632697133, 36.267826077758556 ], [ 127.437252191982054, 36.267462178445264 ], [ 127.436232763156312, 36.266581722999675 ], [ 127.433614068602353, 36.265315971192955 ], [ 127.433037827441368, 36.264848230538206 ], [ 127.432868331222863, 36.26427479935586 ], [ 127.432146302925588, 36.263583925105792 ], [ 127.431586922133235, 36.262964393856727 ], [ 127.431443857604407, 36.262695446293051 ], [ 127.431066202329916, 36.262177191638671 ], [ 127.430888236657651, 36.262114153238784 ], [ 127.430461039335782, 36.26167171051511 ], [ 127.429299789077433, 36.261536582973704 ], [ 127.425884243341997, 36.263400549797531 ], [ 127.425659718775407, 36.264600898237994 ], [ 127.42608612886842, 36.266820055008893 ], [ 127.425564134644205, 36.26760100383828 ], [ 127.42580574373082, 36.268008020876515 ], [ 127.425721226368566, 36.268315316529581 ], [ 127.425907428200119, 36.268567950489185 ], [ 127.426173873846039, 36.268784504399839 ], [ 127.426005067607335, 36.268933347689305 ], [ 127.425830571176206, 36.269513623551539 ], [ 127.425457870785806, 36.269534545909963 ], [ 127.425352167551722, 36.270030397994191 ], [ 127.425675560474176, 36.270516014483022 ], [ 127.424351141914173, 36.271106110381851 ], [ 127.424090356994597, 36.271438738157855 ], [ 127.424222405473031, 36.271874829721845 ], [ 127.42382801441866, 36.27155899897312 ], [ 127.423339211530404, 36.272437580330802 ], [ 127.423325222930558, 36.272549447966391 ], [ 127.422856897000216, 36.272798301268274 ], [ 127.422776268959964, 36.272970845671139 ], [ 127.422688218193812, 36.273164269438176 ], [ 127.422770685813646, 36.2734086580789 ], [ 127.422512710321897, 36.273811176880145 ], [ 127.421707954904591, 36.273557495564788 ], [ 127.421244697049417, 36.273387150358047 ], [ 127.420862498013221, 36.273229703393376 ], [ 127.420514640991769, 36.273523391271027 ], [ 127.420383703982623, 36.273827493188861 ], [ 127.420116876607395, 36.274033770082426 ], [ 127.419717628556654, 36.273734821959458 ], [ 127.419412753305295, 36.273772881088135 ], [ 127.418904078620699, 36.273836397270692 ], [ 127.418740176583427, 36.273754880797419 ], [ 127.418275411699412, 36.273616196768799 ], [ 127.417657794784716, 36.274181467214362 ], [ 127.417641689362071, 36.274403546719675 ], [ 127.417167293783521, 36.274665529048995 ], [ 127.4170053074603, 36.274951828741557 ], [ 127.417272616153838, 36.275382014693335 ], [ 127.416983923431914, 36.27599492740039 ], [ 127.418136743288827, 36.277206904131667 ], [ 127.418189269199658, 36.27726003485035 ], [ 127.418289800559975, 36.277361742995879 ], [ 127.418193921989797, 36.277482114078154 ], [ 127.41813369822583, 36.277538683602657 ], [ 127.418122057260177, 36.277794388483194 ], [ 127.418114409111325, 36.277829642191705 ], [ 127.418103299959839, 36.277892204650485 ], [ 127.417934909297415, 36.278733518445804 ], [ 127.417097280968477, 36.279163698941439 ], [ 127.41699229963551, 36.279514063329628 ], [ 127.417040118995018, 36.27991801250986 ], [ 127.416376207548325, 36.280554593789404 ], [ 127.416448715909667, 36.280877342455462 ], [ 127.416493833088268, 36.28107817562821 ], [ 127.416357464671165, 36.281217240941608 ], [ 127.416468613821039, 36.281999573378528 ], [ 127.416284933859757, 36.282236553516029 ], [ 127.416102025707019, 36.282617565934366 ], [ 127.416497218196099, 36.282951793734753 ], [ 127.41670979462836, 36.283372608726808 ], [ 127.416878896736762, 36.283707349652175 ], [ 127.416640263798499, 36.284400877440227 ], [ 127.41674076066225, 36.284730035040575 ], [ 127.417202533300753, 36.284840347900285 ], [ 127.418003193128428, 36.285370355955109 ], [ 127.418583265852803, 36.285908355594827 ], [ 127.418755856264553, 36.286182801777947 ], [ 127.418828774667276, 36.286209672751149 ], [ 127.418968064755589, 36.286260995228844 ], [ 127.419330477040646, 36.286896618324469 ], [ 127.419328490418579, 36.287329938193977 ], [ 127.419131553926249, 36.287642974084335 ], [ 127.419308667829128, 36.287793915307581 ], [ 127.419931976765866, 36.288325088321038 ], [ 127.420135322482096, 36.288862117757972 ], [ 127.420322051567751, 36.289070041219489 ], [ 127.420406560925969, 36.289182257096051 ], [ 127.420454460538821, 36.289521769779746 ], [ 127.42087698169631, 36.289900152595898 ], [ 127.421190935635053, 36.290034642096003 ], [ 127.421409866402087, 36.290155901788232 ], [ 127.421722410308917, 36.290492087123766 ], [ 127.421859435091591, 36.290434759292445 ], [ 127.422069893680927, 36.290648787603971 ], [ 127.422306242273223, 36.29066933198505 ], [ 127.422963259924288, 36.291027146079934 ], [ 127.423119858734296, 36.290941649139135 ], [ 127.423488421064519, 36.291144132002856 ], [ 127.423732538073537, 36.29167434237641 ], [ 127.424287829298379, 36.291905108995962 ], [ 127.42445713485418, 36.292202078578278 ], [ 127.424728940295552, 36.292380622079342 ], [ 127.424691409614496, 36.292888891991453 ], [ 127.424981491869062, 36.293181855585303 ], [ 127.425340670556992, 36.293424855680399 ], [ 127.425780600243968, 36.292912554056151 ], [ 127.425910845105207, 36.292478779420733 ], [ 127.426768710182145, 36.292312285156783 ], [ 127.427354141232641, 36.292041768319926 ], [ 127.427806969145536, 36.291980767240567 ] ] ] ] } },
{ "type": "Feature", "properties": { "EMD_CD": "30140122", "EMD_ENG_NM": "Chimsan-dong", "EMD_KOR_NM": "침산동" }, "geometry": { "type": "MultiPolygon", "coordinates": [ [ [ [ 127.399844814907027, 36.267285689957127 ], [ 127.399121662568234, 36.267278507676174 ], [ 127.398398782635496, 36.267501067117486 ], [ 127.397383808400619, 36.266656509968911 ], [ 127.397118741766278, 36.26649985160212 ], [ 127.396930976599634, 36.266463001424334 ], [ 127.396960589594443, 36.266418952926216 ], [ 127.396959175820683, 36.266390164872156 ], [ 127.397177709468906, 36.266309858840998 ], [ 127.397003367070482, 36.266273324841166 ], [ 127.396657693661695, 36.26619929087628 ], [ 127.396439586419987, 36.266154366452753 ], [ 127.395855616560482, 36.266034570786616 ], [ 127.395594095318188, 36.266024384287753 ], [ 127.395153548700861, 36.266035405587942 ], [ 127.394901769599358, 36.266130461472684 ], [ 127.394787350185652, 36.266195164057372 ], [ 127.394725964134082, 36.266054853752848 ], [ 127.394718282444444, 36.266040901690353 ], [ 127.394651803553714, 36.266083376604833 ], [ 127.394603765508421, 36.266090590745868 ], [ 127.394565737281226, 36.266107784093194 ], [ 127.394211826652068, 36.266097150178808 ], [ 127.393912183718854, 36.265965389679742 ], [ 127.393234635553242, 36.265755256398648 ], [ 127.392451920265898, 36.265378068663125 ], [ 127.392168468768077, 36.265493165468378 ], [ 127.391489945468507, 36.264948615116069 ], [ 127.391262966081314, 36.264482993661574 ], [ 127.390679249152271, 36.264504296809086 ], [ 127.390377224552026, 36.264329656924524 ], [ 127.389697603905034, 36.264177185833674 ], [ 127.389610038005102, 36.263459805111644 ], [ 127.389574235540522, 36.263103603096809 ], [ 127.389594488636646, 36.263047447841068 ], [ 127.3896096856583, 36.26301972324368 ], [ 127.389286369394782, 36.262808841014873 ], [ 127.389022906780511, 36.26303855898184 ], [ 127.388051195781074, 36.263791954973215 ], [ 127.387070092515472, 36.264546842230303 ], [ 127.386348640101389, 36.265103103945705 ], [ 127.385271164981376, 36.265930407962209 ], [ 127.384910773185837, 36.266203026622541 ], [ 127.38439572953537, 36.266662837098892 ], [ 127.383726770670322, 36.267414354002334 ], [ 127.383364597911793, 36.267970530288352 ], [ 127.383310627134776, 36.268531165091098 ], [ 127.382813832944521, 36.268585973734162 ], [ 127.382810317486076, 36.268606820246305 ], [ 127.382803237401063, 36.268720806164247 ], [ 127.380809020820323, 36.268395512641888 ], [ 127.380859256653665, 36.269479419976776 ], [ 127.381615941117005, 36.270506959012295 ], [ 127.381872445679662, 36.270856801930911 ], [ 127.381887334550484, 36.270877103237268 ], [ 127.381919965914676, 36.270895707959383 ], [ 127.382477020013738, 36.271150897443221 ], [ 127.382554279099509, 36.271190141048088 ], [ 127.382593583630623, 36.271210103129484 ], [ 127.38268667278868, 36.27125255847956 ], [ 127.382826904498557, 36.271361361572247 ], [ 127.383395744776166, 36.271560518815392 ], [ 127.383618886092179, 36.272230437548899 ], [ 127.383685790457733, 36.27264747028255 ], [ 127.383798547741108, 36.272776771728324 ], [ 127.383917153188449, 36.272808952186622 ], [ 127.384058825588994, 36.272865390612395 ], [ 127.384083780282708, 36.272884235572832 ], [ 127.384244725623986, 36.273038065757341 ], [ 127.384621110615313, 36.273100375810124 ], [ 127.384774832472004, 36.273224183062844 ], [ 127.384995882070228, 36.273415209555196 ], [ 127.385255880110165, 36.273477782605575 ], [ 127.38548368233451, 36.273679195145796 ], [ 127.385752572342454, 36.274088918188781 ], [ 127.385986282168787, 36.274434535610695 ], [ 127.386550172558032, 36.274680203475206 ], [ 127.386724436256884, 36.274654841813856 ], [ 127.386931974678248, 36.274801074476962 ], [ 127.387168607145739, 36.274954224134845 ], [ 127.387371369075026, 36.275142709726481 ], [ 127.387516859435763, 36.275564127542623 ], [ 127.387729706841228, 36.275705078762499 ], [ 127.387833651121014, 36.27620066222309 ], [ 127.388328919526899, 36.276513347679405 ], [ 127.388177890721749, 36.276701101216091 ], [ 127.388049454187694, 36.277143842383239 ], [ 127.387346767518665, 36.277308332898201 ], [ 127.387133428081242, 36.277486724608401 ], [ 127.387135067399271, 36.277550739113714 ], [ 127.387139590774083, 36.277816428283117 ], [ 127.38714498354679, 36.278086890887742 ], [ 127.387146202770111, 36.278192207792934 ], [ 127.387127877472977, 36.278195655320062 ], [ 127.386893462640757, 36.27849110564641 ], [ 127.386637948367181, 36.27881022534239 ], [ 127.386418302372107, 36.279090379199658 ], [ 127.386270850998542, 36.27927647861236 ], [ 127.386370580332468, 36.279540104083914 ], [ 127.386015922691598, 36.279793259712605 ], [ 127.385985722179896, 36.280169139511841 ], [ 127.385975951667945, 36.280269382043272 ], [ 127.385979274845965, 36.280295640730401 ], [ 127.386026364761946, 36.280667297791936 ], [ 127.386057738167935, 36.280879956267761 ], [ 127.386045953574978, 36.281202670315515 ], [ 127.386034983983066, 36.28147371713618 ], [ 127.385870332668375, 36.28158758774066 ], [ 127.385589895479782, 36.282315893338506 ], [ 127.385444317014048, 36.282642848894191 ], [ 127.385273910695503, 36.283025576784333 ], [ 127.385237880305738, 36.283221049929637 ], [ 127.385210367513452, 36.283605815339158 ], [ 127.385252851530538, 36.283814545181095 ], [ 127.385311450606068, 36.28402046567205 ], [ 127.385333431762874, 36.284097292686674 ], [ 127.385691597393944, 36.285148178265977 ], [ 127.385530141138418, 36.28589311525004 ], [ 127.385339411894208, 36.286764103570803 ], [ 127.385595251591667, 36.286675435227821 ], [ 127.385979575111094, 36.286685987554939 ], [ 127.386693792727883, 36.286736930628805 ], [ 127.387139802932325, 36.286801170952664 ], [ 127.387278601837849, 36.286826776308551 ], [ 127.387594071925918, 36.286869663540685 ], [ 127.387878328362547, 36.287429224060617 ], [ 127.387963375489335, 36.287624144374654 ], [ 127.388185535660682, 36.288131924812937 ], [ 127.388400803296051, 36.288498882012583 ], [ 127.388438740506587, 36.288564500177799 ], [ 127.38851987433948, 36.288685509103018 ], [ 127.388574488012907, 36.28876040043653 ], [ 127.388776893558017, 36.288925111185648 ], [ 127.388829418476746, 36.288942162566137 ], [ 127.389343953771856, 36.289109096124385 ], [ 127.389443563086601, 36.289170647860637 ], [ 127.389491698528772, 36.289200392759064 ], [ 127.389794293144874, 36.289253102705572 ], [ 127.390380713104975, 36.289322101669249 ], [ 127.391020307033656, 36.289397277852494 ], [ 127.391375423342197, 36.289338309989404 ], [ 127.392128069732678, 36.28898446647365 ], [ 127.39223600415319, 36.288933719977621 ], [ 127.39230750518162, 36.28878256609962 ], [ 127.393145894321279, 36.288806506962487 ], [ 127.393428929455993, 36.288564938156277 ], [ 127.393865710832728, 36.288514679951028 ], [ 127.39404199609055, 36.288327224176378 ], [ 127.394531943378738, 36.287793847885474 ], [ 127.394825771338162, 36.287686029124679 ], [ 127.394835633139664, 36.287455241116461 ], [ 127.395131613962093, 36.285932385043033 ], [ 127.395131497126755, 36.285926852194898 ], [ 127.395145049147516, 36.285919075477068 ], [ 127.395160539451467, 36.285920457356809 ], [ 127.396202421697666, 36.286106117095571 ], [ 127.396442611801788, 36.286148607626458 ], [ 127.397297210502842, 36.284970456756639 ], [ 127.397718838675402, 36.28460238015051 ], [ 127.397701093097254, 36.28405567615318 ], [ 127.398524774700221, 36.283752347316309 ], [ 127.398242340778609, 36.283204521205249 ], [ 127.398285903759628, 36.282722426506474 ], [ 127.398483641883203, 36.282390974697783 ], [ 127.399030397683859, 36.28173000946132 ], [ 127.398941038028497, 36.281538229294853 ], [ 127.399151135842729, 36.281235203485892 ], [ 127.399100585879282, 36.281045159805146 ], [ 127.399218025013766, 36.280839363651971 ], [ 127.399185724823951, 36.280486145963557 ], [ 127.399485860298398, 36.279934851737899 ], [ 127.399665529381735, 36.279359382720976 ], [ 127.399580894322412, 36.279161855725278 ], [ 127.399781127921088, 36.27883368261066 ], [ 127.399943675772164, 36.278567275351385 ], [ 127.399797809413045, 36.278189076841699 ], [ 127.399890840760946, 36.277931948971322 ], [ 127.400129976761747, 36.277655643648785 ], [ 127.399781642989822, 36.277017976379682 ], [ 127.399860843001818, 36.276389293293072 ], [ 127.399858338616667, 36.276314774110077 ], [ 127.39978675547718, 36.276175203574788 ], [ 127.399702850067513, 36.276219334363645 ], [ 127.399619917500374, 36.276264381057921 ], [ 127.399310567723248, 36.276431308562735 ], [ 127.398999470294143, 36.27659405059174 ], [ 127.39887742130567, 36.276657764035697 ], [ 127.398820997833013, 36.276687212794194 ], [ 127.39874282527407, 36.276714183433306 ], [ 127.398517869572402, 36.276793251930947 ], [ 127.398260370315271, 36.276848222302498 ], [ 127.398134990418512, 36.276880720178973 ], [ 127.398184400825414, 36.2766573522185 ], [ 127.398220421204243, 36.276442652934925 ], [ 127.398240530729311, 36.276303696469128 ], [ 127.39829142820841, 36.275923455219093 ], [ 127.39830228989976, 36.275775932162446 ], [ 127.398313863405875, 36.275595333454582 ], [ 127.398317726694714, 36.275395466071139 ], [ 127.398317054948507, 36.274464414670724 ], [ 127.398316968389224, 36.274286765421088 ], [ 127.398317981099396, 36.274080022439534 ], [ 127.398320547502522, 36.27383941697471 ], [ 127.398320750661171, 36.273675032110646 ], [ 127.398308261636927, 36.273448129455872 ], [ 127.398293524738918, 36.273227857920311 ], [ 127.398251414703438, 36.272993132142858 ], [ 127.398219927156319, 36.272713185946678 ], [ 127.398179430289161, 36.272478247499762 ], [ 127.398135770974534, 36.272341926625387 ], [ 127.397958998164199, 36.272080557756752 ], [ 127.397714576503759, 36.271434455661961 ], [ 127.397202821422482, 36.270488829346441 ], [ 127.397548370770579, 36.270223720878995 ], [ 127.397550514805545, 36.270225164679388 ], [ 127.397583647345442, 36.270218926937062 ], [ 127.397618242062364, 36.270217947226975 ], [ 127.398093557260282, 36.270110321145673 ], [ 127.398492133340383, 36.270386553313806 ], [ 127.398866592688307, 36.270418365069212 ], [ 127.399506910402579, 36.270110213164223 ], [ 127.400086056561562, 36.26947966620579 ], [ 127.400086306321938, 36.269432461549471 ], [ 127.400138388700924, 36.269408334595575 ], [ 127.400186455210644, 36.269395476747768 ], [ 127.400254931507519, 36.269389120440223 ], [ 127.400255272458551, 36.26936862646339 ], [ 127.400257050866642, 36.269309097574705 ], [ 127.40027703112986, 36.269266143786972 ], [ 127.400286245190927, 36.269246341168866 ], [ 127.40027555055805, 36.269106279332611 ], [ 127.399753679266595, 36.268424418792421 ], [ 127.399844814907027, 36.267285689957127 ] ] ] ] } },
{ "type": "Feature", "properties": { "EMD_CD": "30140123", "EMD_ENG_NM": "Mokdal-dong", "EMD_KOR_NM": "목달동" }, "geometry": { "type": "MultiPolygon", "coordinates": [ [ [ [ 127.427038901243321, 36.254501881390311 ], [ 127.426847017270191, 36.253066053089391 ], [ 127.425377223469738, 36.253005610121875 ], [ 127.42451192104933, 36.252664890231223 ], [ 127.424154411011457, 36.25239059948705 ], [ 127.423623216615681, 36.251068629486603 ], [ 127.42340399620258, 36.250921320573021 ], [ 127.423103668067839, 36.250784507526241 ], [ 127.422457969657998, 36.250880882906898 ], [ 127.422334277048805, 36.251160333171754 ], [ 127.422149135652376, 36.25140280759932 ], [ 127.42153001501714, 36.251618337970037 ], [ 127.421073769327407, 36.251967263731984 ], [ 127.420806292207217, 36.251937831745593 ], [ 127.420320209072116, 36.252179924930736 ], [ 127.419073590939689, 36.25265998105646 ], [ 127.418748714836781, 36.252989063875802 ], [ 127.418905087416363, 36.253273904699448 ], [ 127.417996167427248, 36.25399097120053 ], [ 127.417654238513606, 36.254381489882334 ], [ 127.417393801524085, 36.255182050415044 ], [ 127.416802038049468, 36.255642573639271 ], [ 127.415843163639877, 36.255520283122301 ], [ 127.414128848213551, 36.254569991742947 ], [ 127.413399082053985, 36.25457369637747 ], [ 127.412981551073614, 36.25475337816637 ], [ 127.412859765804797, 36.254962772142264 ], [ 127.412648131063179, 36.255076516980729 ], [ 127.412549655036827, 36.254875981929331 ], [ 127.411843161528594, 36.254624084938641 ], [ 127.411569741032096, 36.25467631784386 ], [ 127.411149944882553, 36.254889777322113 ], [ 127.411141901229939, 36.254877170294414 ], [ 127.410915342504993, 36.254466150738523 ], [ 127.410294625357437, 36.254106025362482 ], [ 127.409635787814764, 36.25411900813554 ], [ 127.409388890836183, 36.254363403789547 ], [ 127.408771374943399, 36.254299153767761 ], [ 127.407138757337876, 36.255186156549847 ], [ 127.407048666000989, 36.25522311310106 ], [ 127.405918938223351, 36.255575731450485 ], [ 127.405320546564482, 36.255618216118357 ], [ 127.405171442814719, 36.255716804051829 ], [ 127.404934288270297, 36.25600941592932 ], [ 127.40509130954338, 36.25634671239618 ], [ 127.405209039386946, 36.256605468053763 ], [ 127.404922253760944, 36.256895480736027 ], [ 127.40490328299758, 36.257107719009731 ], [ 127.404993452414246, 36.257559186417119 ], [ 127.405073261460473, 36.257986455894191 ], [ 127.405104783015048, 36.258066176228922 ], [ 127.405227295796109, 36.258337045554967 ], [ 127.405135849055753, 36.258496412757175 ], [ 127.405170465182607, 36.258779609465385 ], [ 127.405220837083789, 36.259170786633135 ], [ 127.4045605337067, 36.259099675274655 ], [ 127.404482858158971, 36.25914379750207 ], [ 127.404341830359854, 36.2592239009563 ], [ 127.403869745229102, 36.259510713927732 ], [ 127.403382009062597, 36.259495095994332 ], [ 127.403235744472568, 36.259652419969591 ], [ 127.402666890094579, 36.259584784971196 ], [ 127.401758948034313, 36.259740856274341 ], [ 127.401044140137913, 36.259857479854603 ], [ 127.400806907256097, 36.260162024345583 ], [ 127.401207448383047, 36.261303817357955 ], [ 127.401238749554224, 36.261703305626725 ], [ 127.401536224157695, 36.261879825821005 ], [ 127.401507187019917, 36.262031609781474 ], [ 127.401465334322083, 36.262395827002685 ], [ 127.400969351192884, 36.263248749324255 ], [ 127.401203405233545, 36.263950041592331 ], [ 127.401312385877731, 36.264269650705486 ], [ 127.401563467053734, 36.265404136939992 ], [ 127.401560193628143, 36.266088901115033 ], [ 127.401494157066267, 36.266252307786289 ], [ 127.40132716775851, 36.266643491916973 ], [ 127.401338344871064, 36.266777487153874 ], [ 127.400106216073254, 36.267293218075274 ], [ 127.399844814907027, 36.267285689957127 ], [ 127.399753679266595, 36.268424418792421 ], [ 127.40027555055805, 36.269106279332611 ], [ 127.400286245190927, 36.269246341168866 ], [ 127.40027703112986, 36.269266143786972 ], [ 127.400257050866642, 36.269309097574705 ], [ 127.400255272458551, 36.26936862646339 ], [ 127.400254931507519, 36.269389120440223 ], [ 127.400186455210644, 36.269395476747768 ], [ 127.400138388700924, 36.269408334595575 ], [ 127.400086306321938, 36.269432461549471 ], [ 127.400086056561562, 36.26947966620579 ], [ 127.399506910402579, 36.270110213164223 ], [ 127.398866592688307, 36.270418365069212 ], [ 127.398492133340383, 36.270386553313806 ], [ 127.398093557260282, 36.270110321145673 ], [ 127.397618242062364, 36.270217947226975 ], [ 127.397583647345442, 36.270218926937062 ], [ 127.397550514805545, 36.270225164679388 ], [ 127.397548370770579, 36.270223720878995 ], [ 127.397202821422482, 36.270488829346441 ], [ 127.397714576503759, 36.271434455661961 ], [ 127.397958998164199, 36.272080557756752 ], [ 127.398135770974534, 36.272341926625387 ], [ 127.398179430289161, 36.272478247499762 ], [ 127.398219927156319, 36.272713185946678 ], [ 127.398251414703438, 36.272993132142858 ], [ 127.398293524738918, 36.273227857920311 ], [ 127.398308261636927, 36.273448129455872 ], [ 127.398320750661171, 36.273675032110646 ], [ 127.398320547502522, 36.27383941697471 ], [ 127.398317981099396, 36.274080022439534 ], [ 127.398316968389224, 36.274286765421088 ], [ 127.398317054948507, 36.274464414670724 ], [ 127.398317726694714, 36.275395466071139 ], [ 127.398313863405875, 36.275595333454582 ], [ 127.39830228989976, 36.275775932162446 ], [ 127.39829142820841, 36.275923455219093 ], [ 127.398240530729311, 36.276303696469128 ], [ 127.398220421204243, 36.276442652934925 ], [ 127.398184400825414, 36.2766573522185 ], [ 127.398134990418512, 36.276880720178973 ], [ 127.398260370315271, 36.276848222302498 ], [ 127.398517869572402, 36.276793251930947 ], [ 127.39874282527407, 36.276714183433306 ], [ 127.398820997833013, 36.276687212794194 ], [ 127.39887742130567, 36.276657764035697 ], [ 127.398999470294143, 36.27659405059174 ], [ 127.399310567723248, 36.276431308562735 ], [ 127.399619917500374, 36.276264381057921 ], [ 127.399702850067513, 36.276219334363645 ], [ 127.39978675547718, 36.276175203574788 ], [ 127.399878940035777, 36.276115490793849 ], [ 127.400046867898809, 36.276010944209673 ], [ 127.400175824010972, 36.275929237030091 ], [ 127.400438657416771, 36.275661350139558 ], [ 127.400745727283223, 36.275248819893321 ], [ 127.400794210888918, 36.275177311655796 ], [ 127.40101494847265, 36.274994752509265 ], [ 127.401284788267148, 36.274855808120229 ], [ 127.401473437635431, 36.274804197629024 ], [ 127.401864055551542, 36.274798655065631 ], [ 127.402117226445412, 36.274893827933113 ], [ 127.402531550814558, 36.275116805947569 ], [ 127.403251889406079, 36.275462126358342 ], [ 127.403568737949598, 36.275650867927354 ], [ 127.40372000868453, 36.27575652719262 ], [ 127.403862122054008, 36.275853890177146 ], [ 127.40401531417119, 36.275913077799736 ], [ 127.404160600042687, 36.27586521373388 ], [ 127.404039059131307, 36.275823069207028 ], [ 127.404045208644206, 36.275783036151502 ], [ 127.40403244636218, 36.275766362233476 ], [ 127.403994362511767, 36.27574287050394 ], [ 127.403959030410036, 36.275711231853556 ], [ 127.403943848665918, 36.275687203433499 ], [ 127.403930496635525, 36.275668377670399 ], [ 127.403942513994352, 36.275622323019981 ], [ 127.405461276481347, 36.275443238996644 ], [ 127.405498136520137, 36.275352275621003 ], [ 127.405508697781187, 36.275326213887709 ], [ 127.405543007919832, 36.275241513294645 ], [ 127.40561711218858, 36.275058638939001 ], [ 127.40603760764624, 36.274695943560737 ], [ 127.406336406331462, 36.274257130552783 ], [ 127.40652366576046, 36.274295030954804 ], [ 127.407417484391274, 36.274475931299619 ], [ 127.407633638919563, 36.274292879872462 ], [ 127.408025470226733, 36.273802821036064 ], [ 127.408515076360203, 36.273181504830873 ], [ 127.408728492522144, 36.272905224693133 ], [ 127.408910056300456, 36.272828339512202 ], [ 127.409425719571601, 36.272603918361099 ], [ 127.409490389794698, 36.272408952870798 ], [ 127.409780377658308, 36.272320323561416 ], [ 127.410058617741768, 36.272085310027151 ], [ 127.410421221695557, 36.271779066564179 ], [ 127.410825193881877, 36.271085605730967 ], [ 127.411543800832277, 36.270757232536347 ], [ 127.411903277214407, 36.270980600563078 ], [ 127.412592712100093, 36.270665415316621 ], [ 127.412954158653619, 36.270500184730736 ], [ 127.413107913918552, 36.27042988634485 ], [ 127.413617417215661, 36.270196961175394 ], [ 127.414773932251421, 36.270503868476887 ], [ 127.415178200749523, 36.270067110968114 ], [ 127.415647570487337, 36.270056501824051 ], [ 127.41586053763524, 36.269962780465633 ], [ 127.415903173225502, 36.26994402338584 ], [ 127.417083833216068, 36.268879769876897 ], [ 127.417520867791396, 36.268781238508247 ], [ 127.418714880700577, 36.268182300673594 ], [ 127.418768819212772, 36.267428942379276 ], [ 127.419145200999694, 36.26607575946597 ], [ 127.420610731108255, 36.26494541049631 ], [ 127.420945486709229, 36.264685210779263 ], [ 127.421672525989891, 36.264111346684828 ], [ 127.422422989958562, 36.264236342208925 ], [ 127.422497815224418, 36.264012505031523 ], [ 127.42293973233653, 36.263565612455672 ], [ 127.423449328826237, 36.263440273006566 ], [ 127.424085896555169, 36.263352810065541 ], [ 127.424594073548278, 36.263620980183184 ], [ 127.425189238045888, 36.263554781487358 ], [ 127.42539331027811, 36.263366901301744 ], [ 127.425884243341997, 36.263400549797531 ], [ 127.429299789077433, 36.261536582973704 ], [ 127.429171771078344, 36.260998684524267 ], [ 127.429187410577555, 36.260844526723325 ], [ 127.429238188306428, 36.260536862322589 ], [ 127.429241063714187, 36.259625388849436 ], [ 127.429623493030221, 36.259397797261876 ], [ 127.429655807920724, 36.257968642972571 ], [ 127.429824153809136, 36.25782663596344 ], [ 127.429783045783466, 36.25752207581467 ], [ 127.429754244343727, 36.257223590595913 ], [ 127.429827352243805, 36.257006117142254 ], [ 127.429099510163368, 36.256684872695018 ], [ 127.428427788042427, 36.256547877288462 ], [ 127.427730127748092, 36.256612988340535 ], [ 127.427699450113906, 36.255670543043799 ], [ 127.428055377778094, 36.255441978379181 ], [ 127.428074936281334, 36.255204122888777 ], [ 127.427038901243321, 36.254501881390311 ] ] ] ] } },
{ "type": "Feature", "properties": { "EMD_CD": "30140124", "EMD_ENG_NM": "Jeongsaeng-dong", "EMD_KOR_NM": "정생동" }, "geometry": { "type": "MultiPolygon", "coordinates": [ [ [ [ 127.412151844184521, 36.236810845778038 ], [ 127.411553687262668, 36.236603966623619 ], [ 127.410702007897541, 36.236282419903631 ], [ 127.410011078886285, 36.236634693074166 ], [ 127.409306835979606, 36.236992775216763 ], [ 127.408142445522429, 36.236624945512418 ], [ 127.407320860346104, 36.236850318744196 ], [ 127.407160915439206, 36.236966194808119 ], [ 127.406631844960756, 36.236820634728168 ], [ 127.406556514532127, 36.236924571118713 ], [ 127.406551868108934, 36.236903679357169 ], [ 127.406510952418117, 36.236901312574901 ], [ 127.406482577311607, 36.236947107716382 ], [ 127.406472951198651, 36.236957170488409 ], [ 127.406414413348358, 36.236956674701538 ], [ 127.406349191396274, 36.236982362904293 ], [ 127.406339977719725, 36.236999066003435 ], [ 127.406157770030063, 36.236948432011019 ], [ 127.40267154658828, 36.236033366379324 ], [ 127.402565891482666, 36.235789607525831 ], [ 127.402702986734965, 36.23560081818102 ], [ 127.402794933497859, 36.235312725296325 ], [ 127.402456515512355, 36.234984755980257 ], [ 127.402201196210981, 36.234909830644199 ], [ 127.401913126274295, 36.234531179681341 ], [ 127.401533888228613, 36.23426159692945 ], [ 127.401598507377244, 36.234148291084132 ], [ 127.401584239715419, 36.234004996213471 ], [ 127.401397216623167, 36.233843408032584 ], [ 127.401312833097435, 36.233677547449872 ], [ 127.400610238606063, 36.233158827570172 ], [ 127.40043666248171, 36.233031194737833 ], [ 127.400231581311388, 36.232880938737914 ], [ 127.399254424273778, 36.232545867927598 ], [ 127.398915850582128, 36.232562114877837 ], [ 127.398513832406763, 36.232588015833272 ], [ 127.398467025906001, 36.232608087343415 ], [ 127.398322940988749, 36.232673793130957 ], [ 127.398138433112578, 36.232752772044719 ], [ 127.397855761765143, 36.232772723791321 ], [ 127.397409707809643, 36.232272041734745 ], [ 127.396571622986897, 36.232131253002208 ], [ 127.396186871644034, 36.232418685406792 ], [ 127.395987403932608, 36.232573527137355 ], [ 127.395049275625553, 36.23246868143903 ], [ 127.39492199163513, 36.232586858012006 ], [ 127.394084937380583, 36.232542989064108 ], [ 127.393449220845895, 36.232962899144709 ], [ 127.393017856223352, 36.233250158636274 ], [ 127.392917781171477, 36.233320201811793 ], [ 127.392538957514262, 36.233432529692159 ], [ 127.392515442247586, 36.233428091601454 ], [ 127.391951065240505, 36.233321521998185 ], [ 127.391472188253346, 36.23342821612971 ], [ 127.391462405963324, 36.233655779455617 ], [ 127.390773896151146, 36.233514850073675 ], [ 127.390307711172142, 36.233417631947646 ], [ 127.390129841981178, 36.233399266885534 ], [ 127.389778842701887, 36.23338732122923 ], [ 127.389161896602033, 36.233811996021664 ], [ 127.387337271900734, 36.234151242665163 ], [ 127.387286584930749, 36.234561896339642 ], [ 127.387036232309754, 36.23516686738035 ], [ 127.387414978196603, 36.236142234379578 ], [ 127.387287773413902, 36.236359325708676 ], [ 127.387380235359245, 36.236544662775785 ], [ 127.387251874804349, 36.237305578240097 ], [ 127.389027146703711, 36.238149307687749 ], [ 127.389542751302997, 36.238978259006849 ], [ 127.389590707438387, 36.239045503100925 ], [ 127.390159473115602, 36.239385980998215 ], [ 127.390302061325173, 36.239497156523861 ], [ 127.390367698851207, 36.239749293057976 ], [ 127.390584096748483, 36.240591702170825 ], [ 127.39029535649027, 36.240863654200886 ], [ 127.390182743800679, 36.24097656909656 ], [ 127.390224935196741, 36.241139636604544 ], [ 127.390200206914741, 36.241418669715131 ], [ 127.390169704240876, 36.241452680399554 ], [ 127.389891802445064, 36.241755371679169 ], [ 127.389968939779621, 36.241961744885671 ], [ 127.390022798180837, 36.242121935821729 ], [ 127.390287194806618, 36.242335838231831 ], [ 127.390792629472784, 36.242747847412986 ], [ 127.39080224075586, 36.242812764514127 ], [ 127.390805722338769, 36.242922580554179 ], [ 127.390820296687636, 36.242938402988095 ], [ 127.390394698285732, 36.243082102289229 ], [ 127.390295808543044, 36.243434895015568 ], [ 127.390350608145567, 36.243524222561618 ], [ 127.390180586461938, 36.243650670541001 ], [ 127.390180587175877, 36.243650814728227 ], [ 127.389950544267862, 36.243822102047076 ], [ 127.389599872219549, 36.243964527859752 ], [ 127.389289786702648, 36.244287760909224 ], [ 127.389143725944109, 36.244558508494393 ], [ 127.38849788212508, 36.244944080446537 ], [ 127.388209959131231, 36.245463399764212 ], [ 127.387879590942575, 36.245892746035572 ], [ 127.388143586933637, 36.246315260440618 ], [ 127.38819229165891, 36.24635762990075 ], [ 127.388163987385653, 36.246608115404726 ], [ 127.388128873808839, 36.246797558663857 ], [ 127.388019979391629, 36.246879404622895 ], [ 127.387908577893697, 36.246940179884312 ], [ 127.387479454016898, 36.247847561551119 ], [ 127.38745094507189, 36.24803209885129 ], [ 127.387417974262931, 36.248255040967933 ], [ 127.387235767387054, 36.248501741942874 ], [ 127.387071644586612, 36.248661284928716 ], [ 127.387385518327903, 36.249035327562822 ], [ 127.387494520865602, 36.249578750177768 ], [ 127.387101310513131, 36.249595203225191 ], [ 127.386794546415615, 36.249969281692998 ], [ 127.386767064043241, 36.250352084875352 ], [ 127.386415052442118, 36.250673129207918 ], [ 127.386618484371581, 36.25096380006763 ], [ 127.386609122911381, 36.251479865894886 ], [ 127.386801971668092, 36.252027876344421 ], [ 127.386604139707103, 36.252275978332406 ], [ 127.386554957670711, 36.25252920695138 ], [ 127.386815841885308, 36.252851855653176 ], [ 127.386886418491045, 36.253047058892406 ], [ 127.386881660261594, 36.253235899135689 ], [ 127.387573111272886, 36.253990582223999 ], [ 127.387881916420426, 36.254170993313537 ], [ 127.38795727383355, 36.25419522601279 ], [ 127.388216317265432, 36.254239132584111 ], [ 127.388286291579576, 36.254345038666784 ], [ 127.38821698132611, 36.254507088179139 ], [ 127.388651004846736, 36.254995504195371 ], [ 127.388779099743417, 36.255368323425593 ], [ 127.388836775441689, 36.255845078643532 ], [ 127.388942457450284, 36.256077043266288 ], [ 127.388929687528318, 36.256483427884199 ], [ 127.389118850931155, 36.256644487216349 ], [ 127.389186629947105, 36.256755797917641 ], [ 127.389090610158121, 36.257029554904598 ], [ 127.388893379932568, 36.257260860493652 ], [ 127.388989004415691, 36.257618842893748 ], [ 127.38877895252574, 36.25797609400464 ], [ 127.389141922279663, 36.258634223276331 ], [ 127.389022750619247, 36.258895754018553 ], [ 127.389276663166541, 36.25921306648597 ], [ 127.389669962546506, 36.259240953068016 ], [ 127.389942061606774, 36.259353880048231 ], [ 127.389984465199106, 36.259643229073312 ], [ 127.389954840091164, 36.25979074065387 ], [ 127.390061952733959, 36.260401916857923 ], [ 127.390340541191563, 36.260927427964567 ], [ 127.390232830459766, 36.261307761403799 ], [ 127.390225751550304, 36.261913748066036 ], [ 127.390156769098041, 36.262259269025456 ], [ 127.389677558641495, 36.262759710351169 ], [ 127.3896096856583, 36.26301972324368 ], [ 127.389594488636646, 36.263047447841068 ], [ 127.389574235540522, 36.263103603096809 ], [ 127.389610038005102, 36.263459805111644 ], [ 127.389697603905034, 36.264177185833674 ], [ 127.390377224552026, 36.264329656924524 ], [ 127.390679249152271, 36.264504296809086 ], [ 127.391262966081314, 36.264482993661574 ], [ 127.391489945468507, 36.264948615116069 ], [ 127.392168468768077, 36.265493165468378 ], [ 127.392451920265898, 36.265378068663125 ], [ 127.393234635553242, 36.265755256398648 ], [ 127.393912183718854, 36.265965389679742 ], [ 127.394211826652068, 36.266097150178808 ], [ 127.394565737281226, 36.266107784093194 ], [ 127.394603765508421, 36.266090590745868 ], [ 127.394651803553714, 36.266083376604833 ], [ 127.394718282444444, 36.266040901690353 ], [ 127.394725964134082, 36.266054853752848 ], [ 127.394787350185652, 36.266195164057372 ], [ 127.394901769599358, 36.266130461472684 ], [ 127.395153548700861, 36.266035405587942 ], [ 127.395594095318188, 36.266024384287753 ], [ 127.395855616560482, 36.266034570786616 ], [ 127.396439586419987, 36.266154366452753 ], [ 127.396657693661695, 36.26619929087628 ], [ 127.397003367070482, 36.266273324841166 ], [ 127.397177709468906, 36.266309858840998 ], [ 127.396959175820683, 36.266390164872156 ], [ 127.396960589594443, 36.266418952926216 ], [ 127.396930976599634, 36.266463001424334 ], [ 127.397118741766278, 36.26649985160212 ], [ 127.397383808400619, 36.266656509968911 ], [ 127.398398782635496, 36.267501067117486 ], [ 127.399121662568234, 36.267278507676174 ], [ 127.399844814907027, 36.267285689957127 ], [ 127.400106216073254, 36.267293218075274 ], [ 127.401338344871064, 36.266777487153874 ], [ 127.40132716775851, 36.266643491916973 ], [ 127.401494157066267, 36.266252307786289 ], [ 127.401560193628143, 36.266088901115033 ], [ 127.401563467053734, 36.265404136939992 ], [ 127.401312385877731, 36.264269650705486 ], [ 127.401203405233545, 36.263950041592331 ], [ 127.400969351192884, 36.263248749324255 ], [ 127.401465334322083, 36.262395827002685 ], [ 127.401507187019917, 36.262031609781474 ], [ 127.401536224157695, 36.261879825821005 ], [ 127.401238749554224, 36.261703305626725 ], [ 127.401207448383047, 36.261303817357955 ], [ 127.400806907256097, 36.260162024345583 ], [ 127.401044140137913, 36.259857479854603 ], [ 127.401758948034313, 36.259740856274341 ], [ 127.402666890094579, 36.259584784971196 ], [ 127.403235744472568, 36.259652419969591 ], [ 127.403382009062597, 36.259495095994332 ], [ 127.403869745229102, 36.259510713927732 ], [ 127.404341830359854, 36.2592239009563 ], [ 127.404482858158971, 36.25914379750207 ], [ 127.4045605337067, 36.259099675274655 ], [ 127.405220837083789, 36.259170786633135 ], [ 127.405170465182607, 36.258779609465385 ], [ 127.405135849055753, 36.258496412757175 ], [ 127.405227295796109, 36.258337045554967 ], [ 127.405104783015048, 36.258066176228922 ], [ 127.405073261460473, 36.257986455894191 ], [ 127.404993452414246, 36.257559186417119 ], [ 127.40490328299758, 36.257107719009731 ], [ 127.404922253760944, 36.256895480736027 ], [ 127.405209039386946, 36.256605468053763 ], [ 127.40509130954338, 36.25634671239618 ], [ 127.404934288270297, 36.25600941592932 ], [ 127.405171442814719, 36.255716804051829 ], [ 127.405320546564482, 36.255618216118357 ], [ 127.405918938223351, 36.255575731450485 ], [ 127.407048666000989, 36.25522311310106 ], [ 127.407138757337876, 36.255186156549847 ], [ 127.408771374943399, 36.254299153767761 ], [ 127.409388890836183, 36.254363403789547 ], [ 127.409635787814764, 36.25411900813554 ], [ 127.410294625357437, 36.254106025362482 ], [ 127.410915342504993, 36.254466150738523 ], [ 127.411141901229939, 36.254877170294414 ], [ 127.411149944882553, 36.254889777322113 ], [ 127.411569741032096, 36.25467631784386 ], [ 127.411843161528594, 36.254624084938641 ], [ 127.412549655036827, 36.254875981929331 ], [ 127.412648131063179, 36.255076516980729 ], [ 127.412859765804797, 36.254962772142264 ], [ 127.412981551073614, 36.25475337816637 ], [ 127.413399082053985, 36.25457369637747 ], [ 127.414128848213551, 36.254569991742947 ], [ 127.415843163639877, 36.255520283122301 ], [ 127.416802038049468, 36.255642573639271 ], [ 127.417393801524085, 36.255182050415044 ], [ 127.417654238513606, 36.254381489882334 ], [ 127.417996167427248, 36.25399097120053 ], [ 127.418905087416363, 36.253273904699448 ], [ 127.418748714836781, 36.252989063875802 ], [ 127.419073590939689, 36.25265998105646 ], [ 127.420320209072116, 36.252179924930736 ], [ 127.420190254923469, 36.251942386626695 ], [ 127.420089013563924, 36.251616332705488 ], [ 127.419611878730194, 36.251391200769291 ], [ 127.419282513097997, 36.251105442065978 ], [ 127.418582001184646, 36.250594951444732 ], [ 127.418541412564551, 36.250228410782761 ], [ 127.418024711804463, 36.249562344520342 ], [ 127.417831362158608, 36.249379275432027 ], [ 127.416796286893458, 36.248885420332023 ], [ 127.416129388223894, 36.248322205320378 ], [ 127.415884431986413, 36.247506591270479 ], [ 127.415260545326404, 36.246536887733683 ], [ 127.41513855518599, 36.246496972626559 ], [ 127.414678000677753, 36.2463462912132 ], [ 127.41458089724631, 36.246257454455787 ], [ 127.414400655971122, 36.246190235599599 ], [ 127.414302480238845, 36.246151264787841 ], [ 127.414172827986448, 36.24609272964517 ], [ 127.41407894543218, 36.246045011372388 ], [ 127.414006581430769, 36.246008231289423 ], [ 127.413984438273957, 36.245996970752778 ], [ 127.413958432907151, 36.246015030011243 ], [ 127.413886095266733, 36.245987486893739 ], [ 127.413780048246949, 36.245960059907063 ], [ 127.413652246842389, 36.245955129218125 ], [ 127.413602722967312, 36.245973323493232 ], [ 127.413506549026494, 36.245953152826786 ], [ 127.413569006419152, 36.24581101934811 ], [ 127.413696103316326, 36.245624631312552 ], [ 127.413771700869333, 36.245514597660744 ], [ 127.413810710919577, 36.245407438672331 ], [ 127.413825402427548, 36.245281510729271 ], [ 127.413819223974841, 36.245176985726111 ], [ 127.413807954900093, 36.245052183612344 ], [ 127.413664357853591, 36.24476136182767 ], [ 127.413569941042624, 36.244598789130897 ], [ 127.413501688106734, 36.244482275866069 ], [ 127.413410645411048, 36.24428625750059 ], [ 127.413364695575567, 36.244169099611064 ], [ 127.413321990867075, 36.244051263654526 ], [ 127.413283249821745, 36.243942479945311 ], [ 127.4132522585126, 36.243862516440011 ], [ 127.413242410218814, 36.243849302934073 ], [ 127.413218373314564, 36.243822584454243 ], [ 127.413256509294527, 36.24370574991103 ], [ 127.413378853337818, 36.243587246662123 ], [ 127.413359120418534, 36.24356873218747 ], [ 127.41313681589321, 36.243360233403074 ], [ 127.412419836536216, 36.2426795918105 ], [ 127.412407093972917, 36.24249594725373 ], [ 127.412374799267653, 36.242455748210766 ], [ 127.41181852455324, 36.24170536694497 ], [ 127.411951537290719, 36.241418937925928 ], [ 127.411900423549454, 36.241319802781753 ], [ 127.411531814623444, 36.240631633706251 ], [ 127.411555445554569, 36.240606481768765 ], [ 127.411684884209961, 36.240468679548897 ], [ 127.412160109692067, 36.239937495364593 ], [ 127.412554922599099, 36.239519251643337 ], [ 127.412228301587547, 36.238859012129574 ], [ 127.412709820102322, 36.23770949227174 ], [ 127.41228586578768, 36.237429247312306 ], [ 127.412151844184521, 36.236810845778038 ] ] ] ] } },
{ "type": "Feature", "properties": { "EMD_CD": "30140125", "EMD_ENG_NM": "Eonam-dong", "EMD_KOR_NM": "어남동" }, "geometry": { "type": "MultiPolygon", "coordinates": [ [ [ [ 127.424043511324925, 36.227752938228782 ], [ 127.424068612237377, 36.227615860334566 ], [ 127.424087107691236, 36.227534895566045 ], [ 127.42409770806789, 36.22750394745502 ], [ 127.424122158961737, 36.227390798324045 ], [ 127.424071139778206, 36.227128418011681 ], [ 127.42402976694602, 36.226928554916647 ], [ 127.423992050579372, 36.22673638402938 ], [ 127.423973195657339, 36.226622279354089 ], [ 127.423961606180512, 36.226597528646614 ], [ 127.423937405364399, 36.226496582128362 ], [ 127.424049648351684, 36.226106567059034 ], [ 127.42563668602665, 36.225284108183637 ], [ 127.4256474904425, 36.22490590515168 ], [ 127.425492165849917, 36.22442168052465 ], [ 127.42609030379154, 36.222293660992449 ], [ 127.425626168301037, 36.221959822216732 ], [ 127.425380573828875, 36.22157676889821 ], [ 127.42579815791926, 36.220773358971186 ], [ 127.426130862914206, 36.219708480965359 ], [ 127.42602632450695, 36.219168157711877 ], [ 127.426184905606391, 36.218764458023472 ], [ 127.426635511560818, 36.218467241639708 ], [ 127.426526635921817, 36.218393983373979 ], [ 127.426366064450022, 36.218149403633589 ], [ 127.425793688141908, 36.217770781943706 ], [ 127.425759055699316, 36.217274314498475 ], [ 127.425959749813643, 36.216969253837327 ], [ 127.425172663735282, 36.216190064620818 ], [ 127.425171476903188, 36.21613701591486 ], [ 127.425136944995003, 36.215716076313527 ], [ 127.424682793240919, 36.214735532795601 ], [ 127.423972743139728, 36.214320377050711 ], [ 127.423817408643714, 36.213909082466195 ], [ 127.425444111495025, 36.212966194663416 ], [ 127.426142065873847, 36.21161079358297 ], [ 127.425999600201905, 36.211503688121525 ], [ 127.424778353710224, 36.210479550590236 ], [ 127.424298003335466, 36.210079669958972 ], [ 127.423545406214728, 36.209757583069042 ], [ 127.422909956134802, 36.208875512931833 ], [ 127.422370822945439, 36.208112372918883 ], [ 127.42219613193042, 36.208109184091008 ], [ 127.421773279700801, 36.208109047584195 ], [ 127.421195728377313, 36.208109515260716 ], [ 127.420836663729887, 36.20804113901567 ], [ 127.420309228109346, 36.207947153438056 ], [ 127.420273716826969, 36.207904471226328 ], [ 127.419964888160351, 36.207588486130824 ], [ 127.419814308341941, 36.2074372793438 ], [ 127.41979172794413, 36.207193586635732 ], [ 127.419594257342808, 36.207136609546403 ], [ 127.419026760242488, 36.207479420364969 ], [ 127.418316006698447, 36.207903383906867 ], [ 127.41805420149565, 36.208059588294304 ], [ 127.417899413456098, 36.208131555174411 ], [ 127.417517741630888, 36.208308470146449 ], [ 127.417220340101693, 36.208448250608704 ], [ 127.416761873621297, 36.208434395866306 ], [ 127.416452719032222, 36.208698975798995 ], [ 127.416173855716934, 36.208763683431691 ], [ 127.415665499294334, 36.208877948149905 ], [ 127.415302813006804, 36.209048698322512 ], [ 127.414980230440946, 36.209334697074127 ], [ 127.415028064585158, 36.209371768927411 ], [ 127.41500985265462, 36.209630220721095 ], [ 127.414573234453499, 36.209997899544092 ], [ 127.414006649602854, 36.210158192647398 ], [ 127.413524430223589, 36.210436798105043 ], [ 127.413430074898287, 36.210494321361374 ], [ 127.413272085410867, 36.210608577049896 ], [ 127.412552985590764, 36.21107252078221 ], [ 127.412172978935601, 36.211428434111475 ], [ 127.412098460963065, 36.211445605108345 ], [ 127.411635680613855, 36.211552324629395 ], [ 127.411614085638178, 36.211556805446435 ], [ 127.411485482309644, 36.211583515730013 ], [ 127.411335283837502, 36.211614697631035 ], [ 127.410671956345965, 36.211638767121421 ], [ 127.410448326135992, 36.211656708154386 ], [ 127.410434375649388, 36.211657828238387 ], [ 127.410224684652675, 36.211674639796342 ], [ 127.410140831141007, 36.211710153612351 ], [ 127.410122101801988, 36.211765325250767 ], [ 127.410128004040331, 36.211773343701118 ], [ 127.409975614172708, 36.211704012793994 ], [ 127.409925203246544, 36.211778650065007 ], [ 127.409896720160461, 36.211820823766388 ], [ 127.409780406874305, 36.211991500227874 ], [ 127.40953685108731, 36.212168675474359 ], [ 127.40913447061736, 36.212451253616869 ], [ 127.408903752391439, 36.212546141371206 ], [ 127.4082993127859, 36.212800350068193 ], [ 127.4080179432938, 36.212920001714309 ], [ 127.408052765257736, 36.2129549576836 ], [ 127.408321558730378, 36.213233025189162 ], [ 127.408456059068769, 36.213375820818236 ], [ 127.408649032404014, 36.213741695821525 ], [ 127.40873601930673, 36.213911138685177 ], [ 127.408829474773214, 36.214240691622535 ], [ 127.408944503137178, 36.214672699211469 ], [ 127.408892413185413, 36.214805855889296 ], [ 127.409247891594418, 36.215197148750903 ], [ 127.409477652127933, 36.215451906604045 ], [ 127.409803701795568, 36.215811693412668 ], [ 127.410018787486436, 36.215925554448262 ], [ 127.410308436137541, 36.216318447576469 ], [ 127.410670287723704, 36.216818253372104 ], [ 127.410661930520078, 36.217146188165088 ], [ 127.41065170780297, 36.217560120656856 ], [ 127.410499694061329, 36.217669999436048 ], [ 127.410058180530925, 36.218079853803864 ], [ 127.409797589936986, 36.218575774611921 ], [ 127.409734527469965, 36.218838433624711 ], [ 127.409691836308909, 36.219012724747842 ], [ 127.409419489364396, 36.219336017238646 ], [ 127.409233730615981, 36.219326511947415 ], [ 127.408941256641199, 36.219569504013663 ], [ 127.408739839124351, 36.219809112468724 ], [ 127.40847940913271, 36.220416029013855 ], [ 127.408392856762831, 36.220615278490577 ], [ 127.407978730825604, 36.220749881408437 ], [ 127.407771967019059, 36.221088069225956 ], [ 127.407458484522095, 36.221406540307946 ], [ 127.406997834940327, 36.221460289924664 ], [ 127.406819209854788, 36.221454730965242 ], [ 127.406599126749882, 36.221445752404207 ], [ 127.40625217470398, 36.221486263266371 ], [ 127.40574978208231, 36.22155279292501 ], [ 127.405337304079978, 36.221929782507104 ], [ 127.404727275278276, 36.222244614738848 ], [ 127.404695632428627, 36.22269526992352 ], [ 127.40443061963289, 36.223073651865143 ], [ 127.404193206565864, 36.223427554202615 ], [ 127.404085100157857, 36.223799026805082 ], [ 127.403866638060421, 36.224112104013635 ], [ 127.403598946683445, 36.224499081367881 ], [ 127.403458837816089, 36.224668605762503 ], [ 127.403245336622547, 36.224921799293831 ], [ 127.403190266952279, 36.225282395847536 ], [ 127.402534208813861, 36.225753492940008 ], [ 127.402461528751388, 36.2259965252412 ], [ 127.40238751069343, 36.226236822364598 ], [ 127.402263818723227, 36.226669040321894 ], [ 127.402145192944658, 36.227006616564196 ], [ 127.401979205922288, 36.227459937387877 ], [ 127.401836859481065, 36.227868678269118 ], [ 127.401689105434087, 36.228292622035191 ], [ 127.401601870317421, 36.228406562387264 ], [ 127.401514813250827, 36.22844412652821 ], [ 127.401406857288336, 36.228597716113953 ], [ 127.401322803722991, 36.228722802313321 ], [ 127.401292433492941, 36.228846483482243 ], [ 127.40127259593983, 36.228908830753724 ], [ 127.401224603072095, 36.229086443699885 ], [ 127.401194920722105, 36.22918798039094 ], [ 127.401144943984264, 36.229356137468457 ], [ 127.401102798216854, 36.229509092391154 ], [ 127.401054109695096, 36.2296069525907 ], [ 127.401009583826436, 36.229698787958164 ], [ 127.400814122826617, 36.230122159855355 ], [ 127.400934490675581, 36.230789987633486 ], [ 127.400968447857537, 36.230979817262735 ], [ 127.400644666248851, 36.231952917040481 ], [ 127.400707703416728, 36.23209308446939 ], [ 127.400787518257673, 36.232288582758159 ], [ 127.400800114113878, 36.232320010134693 ], [ 127.400756113891518, 36.232419323459865 ], [ 127.400730954531838, 36.232452544015239 ], [ 127.400666181815367, 36.232546555546989 ], [ 127.400814600300365, 36.232876344917237 ], [ 127.400610238606063, 36.233158827570172 ], [ 127.401312833097435, 36.233677547449872 ], [ 127.401397216623167, 36.233843408032584 ], [ 127.401584239715419, 36.234004996213471 ], [ 127.401598507377244, 36.234148291084132 ], [ 127.401533888228613, 36.23426159692945 ], [ 127.401913126274295, 36.234531179681341 ], [ 127.402201196210981, 36.234909830644199 ], [ 127.402456515512355, 36.234984755980257 ], [ 127.402794933497859, 36.235312725296325 ], [ 127.402702986734965, 36.23560081818102 ], [ 127.402565891482666, 36.235789607525831 ], [ 127.40267154658828, 36.236033366379324 ], [ 127.406157770030063, 36.236948432011019 ], [ 127.406339977719725, 36.236999066003435 ], [ 127.406349191396274, 36.236982362904293 ], [ 127.406414413348358, 36.236956674701538 ], [ 127.406472951198651, 36.236957170488409 ], [ 127.406482577311607, 36.236947107716382 ], [ 127.406510952418117, 36.236901312574901 ], [ 127.406551868108934, 36.236903679357169 ], [ 127.406556514532127, 36.236924571118713 ], [ 127.406631844960756, 36.236820634728168 ], [ 127.407160915439206, 36.236966194808119 ], [ 127.407320860346104, 36.236850318744196 ], [ 127.408142445522429, 36.236624945512418 ], [ 127.409306835979606, 36.236992775216763 ], [ 127.410011078886285, 36.236634693074166 ], [ 127.410702007897541, 36.236282419903631 ], [ 127.411553687262668, 36.236603966623619 ], [ 127.412151844184521, 36.236810845778038 ], [ 127.412823301165488, 36.236316906891155 ], [ 127.413693298347923, 36.235915553028647 ], [ 127.413775853622766, 36.235912087404223 ], [ 127.414715277799658, 36.235119787130159 ], [ 127.414717813932683, 36.235117651574676 ], [ 127.414740312270581, 36.235078597619932 ], [ 127.414838472365531, 36.234971378008524 ], [ 127.414913895906167, 36.234898130447675 ], [ 127.415160377814232, 36.234667854843011 ], [ 127.416237945302186, 36.234615685779566 ], [ 127.416728229697341, 36.234487765308351 ], [ 127.418046893665533, 36.234129989276603 ], [ 127.418651171848879, 36.233380846631015 ], [ 127.419781909075638, 36.231968454703967 ], [ 127.420885766835355, 36.231177071864622 ], [ 127.421740851938381, 36.230225249606917 ], [ 127.421966224776511, 36.229787932595677 ], [ 127.422101092888965, 36.229532477145305 ], [ 127.422208454077193, 36.229352015789374 ], [ 127.422430735465227, 36.228988425711208 ], [ 127.422689677693995, 36.228255913927505 ], [ 127.424043511324925, 36.227752938228782 ] ] ] ] } },
{ "type": "Feature", "properties": { "EMD_CD": "30140126", "EMD_ENG_NM": "Geum-dong", "EMD_KOR_NM": "금동" }, "geometry": { "type": "MultiPolygon", "coordinates": [ [ [ [ 127.411531814623444, 36.240631633706251 ], [ 127.411900423549454, 36.241319802781753 ], [ 127.411951537290719, 36.241418937925928 ], [ 127.41181852455324, 36.24170536694497 ], [ 127.412374799267653, 36.242455748210766 ], [ 127.412407093972917, 36.24249594725373 ], [ 127.412419836536216, 36.2426795918105 ], [ 127.41313681589321, 36.243360233403074 ], [ 127.413359120418534, 36.24356873218747 ], [ 127.413378853337818, 36.243587246662123 ], [ 127.413256509294527, 36.24370574991103 ], [ 127.413218373314564, 36.243822584454243 ], [ 127.413242410218814, 36.243849302934073 ], [ 127.4132522585126, 36.243862516440011 ], [ 127.413283249821745, 36.243942479945311 ], [ 127.413321990867075, 36.244051263654526 ], [ 127.413364695575567, 36.244169099611064 ], [ 127.413410645411048, 36.24428625750059 ], [ 127.413501688106734, 36.244482275866069 ], [ 127.413569941042624, 36.244598789130897 ], [ 127.413664357853591, 36.24476136182767 ], [ 127.413807954900093, 36.245052183612344 ], [ 127.413819223974841, 36.245176985726111 ], [ 127.413825402427548, 36.245281510729271 ], [ 127.413810710919577, 36.245407438672331 ], [ 127.413771700869333, 36.245514597660744 ], [ 127.413696103316326, 36.245624631312552 ], [ 127.413569006419152, 36.24581101934811 ], [ 127.413506549026494, 36.245953152826786 ], [ 127.413602722967312, 36.245973323493232 ], [ 127.413652246842389, 36.245955129218125 ], [ 127.413780048246949, 36.245960059907063 ], [ 127.413886095266733, 36.245987486893739 ], [ 127.413958432907151, 36.246015030011243 ], [ 127.413984438273957, 36.245996970752778 ], [ 127.414006581430769, 36.246008231289423 ], [ 127.41407894543218, 36.246045011372388 ], [ 127.414172827986448, 36.24609272964517 ], [ 127.414302480238845, 36.246151264787841 ], [ 127.414400655971122, 36.246190235599599 ], [ 127.41458089724631, 36.246257454455787 ], [ 127.414678000677753, 36.2463462912132 ], [ 127.41513855518599, 36.246496972626559 ], [ 127.415260545326404, 36.246536887733683 ], [ 127.415884431986413, 36.247506591270479 ], [ 127.416129388223894, 36.248322205320378 ], [ 127.416796286893458, 36.248885420332023 ], [ 127.417831362158608, 36.249379275432027 ], [ 127.418024711804463, 36.249562344520342 ], [ 127.418541412564551, 36.250228410782761 ], [ 127.418582001184646, 36.250594951444732 ], [ 127.419282513097997, 36.251105442065978 ], [ 127.419611878730194, 36.251391200769291 ], [ 127.420089013563924, 36.251616332705488 ], [ 127.420190254923469, 36.251942386626695 ], [ 127.420320209072116, 36.252179924930736 ], [ 127.420806292207217, 36.251937831745593 ], [ 127.421073769327407, 36.251967263731984 ], [ 127.42153001501714, 36.251618337970037 ], [ 127.422056860985904, 36.251434930848582 ], [ 127.422149135652376, 36.25140280759932 ], [ 127.422334277048805, 36.251160333171754 ], [ 127.422457969657998, 36.250880882906898 ], [ 127.423103668067839, 36.250784507526241 ], [ 127.42340399620258, 36.250921320573021 ], [ 127.423495739934822, 36.250982969466094 ], [ 127.423623216615681, 36.251068629486603 ], [ 127.424154411011457, 36.25239059948705 ], [ 127.424325222044388, 36.252521650407672 ], [ 127.42451192104933, 36.252664890231223 ], [ 127.425377223469738, 36.253005610121875 ], [ 127.426847017270191, 36.253066053089391 ], [ 127.427038901243321, 36.254501881390311 ], [ 127.427089878301075, 36.254474259053794 ], [ 127.42902789982719, 36.254073396714467 ], [ 127.429885617435758, 36.25388861390379 ], [ 127.431236380207764, 36.253866358160977 ], [ 127.431714327890802, 36.253932616331298 ], [ 127.43204535605517, 36.253979665597761 ], [ 127.432179051786377, 36.253989629017894 ], [ 127.43254216137214, 36.254047357553972 ], [ 127.433523832053154, 36.253981995156963 ], [ 127.434312102081321, 36.253527761880605 ], [ 127.434350347397427, 36.253506220436201 ], [ 127.434447042818476, 36.253446852130068 ], [ 127.434496553048973, 36.253418150533498 ], [ 127.434536278756042, 36.253393922574851 ], [ 127.434538379198216, 36.25340031794714 ], [ 127.435684653539425, 36.252751313441486 ], [ 127.435711019327087, 36.252724497707362 ], [ 127.43544890900688, 36.252196184847598 ], [ 127.435337817952359, 36.251981746069909 ], [ 127.435099875973052, 36.251511326749373 ], [ 127.434784747759451, 36.251164567313459 ], [ 127.434702025394643, 36.25107195505376 ], [ 127.43494681721414, 36.250873529266876 ], [ 127.435077260368686, 36.250760859407585 ], [ 127.435104120187148, 36.250646329972113 ], [ 127.435277800084933, 36.249859563222159 ], [ 127.435784751343235, 36.249903161504534 ], [ 127.436266991510038, 36.249677475130483 ], [ 127.437279263392185, 36.249198607637922 ], [ 127.437439437493254, 36.248732969027614 ], [ 127.437554038845803, 36.248405539384088 ], [ 127.437877995803134, 36.247980766425485 ], [ 127.437903740883513, 36.247634627534751 ], [ 127.437909384174915, 36.247545047451801 ], [ 127.437919189721768, 36.247387665249121 ], [ 127.437915331782165, 36.24737213392789 ], [ 127.438509857925709, 36.246667933537623 ], [ 127.438845307299289, 36.246163460374575 ], [ 127.439124423823444, 36.245740659225305 ], [ 127.439978042947317, 36.245023986254282 ], [ 127.440355010787968, 36.244733234271713 ], [ 127.442181330580681, 36.244441990447825 ], [ 127.442077858177271, 36.243877600376386 ], [ 127.441851371260839, 36.243486581960006 ], [ 127.442053379286293, 36.243276295225265 ], [ 127.442349853940115, 36.242641022722964 ], [ 127.442314492281525, 36.241657142340387 ], [ 127.442035733056684, 36.24052420138279 ], [ 127.441813300301206, 36.240223493314481 ], [ 127.441782044751662, 36.240164797120521 ], [ 127.441888807445991, 36.239895067530092 ], [ 127.441998223728504, 36.239515491836926 ], [ 127.442098643458493, 36.23933885960961 ], [ 127.442126202365159, 36.239293906218798 ], [ 127.442210732670233, 36.239170222865148 ], [ 127.442241584564371, 36.239141172215888 ], [ 127.442287759309494, 36.239104999828555 ], [ 127.442509946881671, 36.238984026245106 ], [ 127.442914819761825, 36.238762310967296 ], [ 127.443245961236798, 36.238584655078625 ], [ 127.44307724922696, 36.238456111255068 ], [ 127.442553673958983, 36.238308184720353 ], [ 127.442344200334148, 36.238248298082738 ], [ 127.442099770124969, 36.237935874973573 ], [ 127.441860578973831, 36.237632939547225 ], [ 127.44121817971083, 36.23784999122725 ], [ 127.440089044665683, 36.23759708211211 ], [ 127.4400042334847, 36.237575160780459 ], [ 127.439301549232013, 36.237341687053828 ], [ 127.438714443051595, 36.237141076608744 ], [ 127.437705840520138, 36.236631047208419 ], [ 127.437767530847182, 36.236350040387968 ], [ 127.437808622857503, 36.236169815956465 ], [ 127.437562636880287, 36.235274340961666 ], [ 127.437577454536751, 36.235264437013456 ], [ 127.437549259352039, 36.23515095451998 ], [ 127.437430470275899, 36.235057294743186 ], [ 127.43740960743726, 36.235056289333691 ], [ 127.437656342467406, 36.234134370816754 ], [ 127.43767633490728, 36.233357864498672 ], [ 127.437833300344778, 36.232791267217699 ], [ 127.437640848927842, 36.232352100697511 ], [ 127.436871567361266, 36.231649202654772 ], [ 127.435385884446774, 36.230107147708893 ], [ 127.435204488772683, 36.229913951432955 ], [ 127.434377795168714, 36.229482177322453 ], [ 127.434171554058679, 36.229292935414335 ], [ 127.433825051603861, 36.227808169333827 ], [ 127.432628194085055, 36.227401790402986 ], [ 127.43113782337258, 36.227195309297109 ], [ 127.429633629052489, 36.227983605776096 ], [ 127.429036241181223, 36.228555660504611 ], [ 127.428374138580736, 36.2288446644815 ], [ 127.426792915223231, 36.229162952424851 ], [ 127.426006479699822, 36.229034766804254 ], [ 127.425974235361295, 36.229018542701915 ], [ 127.425546387691895, 36.228639326848487 ], [ 127.424771982463923, 36.228349985486247 ], [ 127.424114253263525, 36.227761330767272 ], [ 127.424040005354072, 36.22775871819843 ], [ 127.422686317259362, 36.22826189160596 ], [ 127.422430735465227, 36.228988425711208 ], [ 127.422208454077193, 36.229352015789374 ], [ 127.422101092888965, 36.229532477145305 ], [ 127.421966224776511, 36.229787932595677 ], [ 127.421740851938381, 36.230225249606917 ], [ 127.420885766835355, 36.231177071864622 ], [ 127.419781909075638, 36.231968454703967 ], [ 127.418651171848879, 36.233380846631015 ], [ 127.418046893665533, 36.234129989276603 ], [ 127.416728229697341, 36.234487765308351 ], [ 127.416237945302186, 36.234615685779566 ], [ 127.415160377814232, 36.234667854843011 ], [ 127.414913895906167, 36.234898130447675 ], [ 127.414838472365531, 36.234971378008524 ], [ 127.414740312270581, 36.235078597619932 ], [ 127.414717813932683, 36.235117651574676 ], [ 127.414715277799658, 36.235119787130159 ], [ 127.413775853622766, 36.235912087404223 ], [ 127.413693298347923, 36.235915553028633 ], [ 127.412823301165488, 36.236316906891155 ], [ 127.412151844184521, 36.236810845778038 ], [ 127.41228586578768, 36.237429247312306 ], [ 127.412709820102293, 36.23770949227174 ], [ 127.412228301587547, 36.238859012129574 ], [ 127.412554922599099, 36.239519251643337 ], [ 127.412160109692067, 36.239937495364593 ], [ 127.411684884209961, 36.240468679548897 ], [ 127.411555445554569, 36.240606481768765 ], [ 127.411531814623444, 36.240631633706251 ] ] ] ] } }
]
}
