{
"type": "FeatureCollection",
"name": "deajeun_yousounggu_dong",
"crs": { "type": "name", "properties": { "name": "urn:ogc:def:crs:OGC:1.3:CRS84" } },
"features": [
{ "type": "Feature", "properties": { "EMD_CD": "30200101", "EMD_ENG_NM": "Wonnae-dong", "EMD_KOR_NM": "원내동" }, "geometry": { "type": "MultiPolygon", "coordinates": [ [ [ [ 127.320405410534363, 36.309710230191527 ], [ 127.320434114639227, 36.30970203358379 ], [ 127.320484427877176, 36.30970370187999 ], [ 127.320564738823521, 36.309716780364539 ], [ 127.32060657326727, 36.309700997289205 ], [ 127.320620739642649, 36.309679862277925 ], [ 127.320724723246457, 36.309682297719654 ], [ 127.32076762428261, 36.309690374557562 ], [ 127.320818657291412, 36.309672161235596 ], [ 127.320826997601642, 36.30965598938986 ], [ 127.320872530597597, 36.309640475960769 ], [ 127.320909498198475, 36.30964358531412 ], [ 127.321696499192669, 36.309766842548164 ], [ 127.3220016885343, 36.30981133589524 ], [ 127.322333361319082, 36.309859695186034 ], [ 127.322594275812833, 36.309348784569274 ], [ 127.322943939571218, 36.30947834466285 ], [ 127.323398951466586, 36.309752420706694 ], [ 127.32377986855974, 36.309418193307643 ], [ 127.323952734194052, 36.309256471280143 ], [ 127.324100034532862, 36.309122140433651 ], [ 127.324539973425686, 36.308948314518901 ], [ 127.324625568648813, 36.308914496366135 ], [ 127.325132586310332, 36.308440592398263 ], [ 127.325473752424486, 36.308069014965859 ], [ 127.325929131451772, 36.307773085757475 ], [ 127.326747756438095, 36.307738716433164 ], [ 127.326899299150682, 36.307724047960924 ], [ 127.327416466296498, 36.307912643350726 ], [ 127.328632169194194, 36.307333722959122 ], [ 127.328570401024521, 36.306694849744616 ], [ 127.329256885535045, 36.306942713020639 ], [ 127.329514066033383, 36.307039604836064 ], [ 127.329824139908467, 36.30711371348427 ], [ 127.330754974458515, 36.306713554112733 ], [ 127.33118374291935, 36.306590569751386 ], [ 127.331373157002204, 36.306514366189774 ], [ 127.331657460784797, 36.306545140535832 ], [ 127.331776072576488, 36.306547913496082 ], [ 127.3319014484576, 36.306551883261484 ], [ 127.332169545530874, 36.306752401635997 ], [ 127.332221149538384, 36.307529677572319 ], [ 127.332408005739396, 36.30777264929182 ], [ 127.332606944135023, 36.307891661527734 ], [ 127.332606967931937, 36.307876491338526 ], [ 127.332606966878316, 36.307876463389292 ], [ 127.332606468649686, 36.307626569162935 ], [ 127.332606310648146, 36.307562946318598 ], [ 127.33260609476477, 36.307457458550488 ], [ 127.332605955770973, 36.307404651514027 ], [ 127.332605737493012, 36.307321972717816 ], [ 127.332605490227124, 36.307184544217314 ], [ 127.332605133219843, 36.307047386020834 ], [ 127.33260348904443, 36.306280246460098 ], [ 127.332603166351902, 36.306134405551624 ], [ 127.332601077171546, 36.305189814038755 ], [ 127.332600797828491, 36.305063130910519 ], [ 127.332600599075079, 36.30497397994651 ], [ 127.332600526053412, 36.30493035427466 ], [ 127.332488103344176, 36.304884525170117 ], [ 127.332487727912365, 36.304664098761762 ], [ 127.332487592530555, 36.304605522744389 ], [ 127.332487574360314, 36.304565413157462 ], [ 127.332506533404342, 36.304160829215718 ], [ 127.332507023766865, 36.304066204152704 ], [ 127.332507215301888, 36.304021816144271 ], [ 127.332508440085277, 36.303766405857125 ], [ 127.33248597963204, 36.30369686979747 ], [ 127.332491108622662, 36.302399908940259 ], [ 127.332494151493563, 36.302311106906359 ], [ 127.332497260623555, 36.302219466912369 ], [ 127.332483408979243, 36.302219184085786 ], [ 127.332483380968895, 36.302212548701448 ], [ 127.332482604995676, 36.301817924886301 ], [ 127.332483856795974, 36.301682177047397 ], [ 127.332483243168454, 36.301597468242747 ], [ 127.332065108404407, 36.301603049397094 ], [ 127.331807855009373, 36.301606752387791 ], [ 127.331674240069844, 36.301608671419771 ], [ 127.331445035284545, 36.301610746508494 ], [ 127.331251812028057, 36.301612495543864 ], [ 127.330613631099752, 36.301565942055603 ], [ 127.330295334773368, 36.301495642570643 ], [ 127.329948011309583, 36.30139699760737 ], [ 127.32988290335291, 36.301378506431959 ], [ 127.329626973167734, 36.301305816314496 ], [ 127.32940114482507, 36.301242092430662 ], [ 127.32936211249104, 36.301226338611379 ], [ 127.329265016582355, 36.301196415482416 ], [ 127.329027484585311, 36.301115798079898 ], [ 127.328873185410473, 36.301064601384375 ], [ 127.328493703830603, 36.300930336348635 ], [ 127.328076878779186, 36.30077088638852 ], [ 127.327879546161057, 36.300678333588209 ], [ 127.327692680582032, 36.300666407014937 ], [ 127.327279702707116, 36.300467651748924 ], [ 127.327020610614653, 36.300381844830085 ], [ 127.326912324674026, 36.30037279398411 ], [ 127.326260679044211, 36.300158291795555 ], [ 127.32506074718431, 36.299710623135759 ], [ 127.324736597866519, 36.299589687661367 ], [ 127.324644437800231, 36.299683475819734 ], [ 127.324583182933267, 36.299745816976625 ], [ 127.32419083458737, 36.299449587022529 ], [ 127.323957070378995, 36.299213387870665 ], [ 127.323900106936094, 36.299114412272708 ], [ 127.323799310199902, 36.298995637673187 ], [ 127.323725697858208, 36.298908872973797 ], [ 127.323636346269197, 36.298811786508352 ], [ 127.32362478181858, 36.298787936149161 ], [ 127.32348431177688, 36.298605105414993 ], [ 127.323467041430277, 36.298574512028651 ], [ 127.323416111721826, 36.298507601296379 ], [ 127.323371565249587, 36.298449865124191 ], [ 127.32334757821225, 36.298410368004852 ], [ 127.323327974678207, 36.298389081344546 ], [ 127.322548445538729, 36.297570573210379 ], [ 127.322321217007953, 36.297318375503963 ], [ 127.322203812729768, 36.297166480841582 ], [ 127.322139420212068, 36.297073742726788 ], [ 127.32200711074077, 36.296843035241928 ], [ 127.321951695546844, 36.296713233675355 ], [ 127.321925939627249, 36.296649138635331 ], [ 127.321896202457808, 36.296575222521156 ], [ 127.32187497796393, 36.296521974416372 ], [ 127.321576235892394, 36.295797650085767 ], [ 127.321172301866497, 36.294823232679299 ], [ 127.321128697801001, 36.294717180701099 ], [ 127.320998544757899, 36.294399394386453 ], [ 127.320900983165856, 36.294380883581518 ], [ 127.320773281859587, 36.294038876261659 ], [ 127.320767799770223, 36.294037674335001 ], [ 127.320712809614477, 36.293896263617938 ], [ 127.320669871226201, 36.293766698431817 ], [ 127.320638241522317, 36.293671258388699 ], [ 127.320631030061449, 36.29364973036715 ], [ 127.320556623466857, 36.293445180421784 ], [ 127.320551972116135, 36.293431963982741 ], [ 127.320452736468027, 36.293190414953635 ], [ 127.320368130325818, 36.292979296122276 ], [ 127.320327712214322, 36.292873290118031 ], [ 127.320315420712419, 36.292807302917026 ], [ 127.320286355158728, 36.292651304620307 ], [ 127.320264749135802, 36.292528471849693 ], [ 127.320259372326703, 36.292487569724742 ], [ 127.320235172722477, 36.292405654039086 ], [ 127.320183533012553, 36.292275007131572 ], [ 127.320178895067286, 36.292263273733724 ], [ 127.320149902690886, 36.292189922630008 ], [ 127.32011575940065, 36.292088324682652 ], [ 127.320093858685695, 36.292024191774836 ], [ 127.320055766866929, 36.291904174708634 ], [ 127.320020678034581, 36.291750761826805 ], [ 127.320003962750121, 36.291653386966502 ], [ 127.319983611312225, 36.291534919496634 ], [ 127.3199731098439, 36.291435788838349 ], [ 127.319960609669067, 36.291317798472861 ], [ 127.319957068084278, 36.291230863627554 ], [ 127.319951737302702, 36.291099999288356 ], [ 127.319953021175095, 36.291022654264317 ], [ 127.319961674108612, 36.290952456137241 ], [ 127.319955870235503, 36.290899400541058 ], [ 127.319940323588753, 36.29087021743625 ], [ 127.319964384029944, 36.290844073152037 ], [ 127.319968362936095, 36.2907767979423 ], [ 127.319998108235154, 36.290542011876774 ], [ 127.320009953138992, 36.290448549759383 ], [ 127.320051811054668, 36.290131502720499 ], [ 127.320044712801916, 36.290129109173066 ], [ 127.320052938012893, 36.289904925018256 ], [ 127.320059271036286, 36.289685597301286 ], [ 127.320058505443029, 36.289423148816098 ], [ 127.320052891063966, 36.289246875083897 ], [ 127.320040189861047, 36.28902772401716 ], [ 127.320021160536186, 36.288808874371654 ], [ 127.319995800639504, 36.28859044514445 ], [ 127.319969296151058, 36.288408061474968 ], [ 127.319934875745361, 36.288266326283832 ], [ 127.319861323487942, 36.287999287449125 ], [ 127.319558577939333, 36.287551197466669 ], [ 127.319281391454552, 36.287140914894508 ], [ 127.319160839484596, 36.286962477086163 ], [ 127.318994252180005, 36.286779087957974 ], [ 127.318807799028548, 36.286656124860698 ], [ 127.318241744201387, 36.286282803287293 ], [ 127.317854955423755, 36.286075131766438 ], [ 127.317693077745616, 36.285990577956561 ], [ 127.317491762435111, 36.285922188341395 ], [ 127.317288569857752, 36.285849125499524 ], [ 127.317149011920435, 36.285822521392255 ], [ 127.31706474935234, 36.285814237024198 ], [ 127.317010002692101, 36.285818788328299 ], [ 127.316845651606258, 36.285782678511367 ], [ 127.316685283072417, 36.28572659731622 ], [ 127.316542919157826, 36.28570245208472 ], [ 127.316425019440999, 36.285702689826998 ], [ 127.316389722810172, 36.285702756011489 ], [ 127.316264465320572, 36.285686234231044 ], [ 127.316174730394238, 36.285679134404546 ], [ 127.31603474423251, 36.285681322737013 ], [ 127.316010018721755, 36.285688877194893 ], [ 127.315871294764122, 36.285731272534754 ], [ 127.315618679984652, 36.285752159343069 ], [ 127.315481480925399, 36.285738857429898 ], [ 127.315401372061515, 36.285731101245418 ], [ 127.31439212594735, 36.285737448528316 ], [ 127.314391200056406, 36.285752131422619 ], [ 127.314390878279241, 36.285757246277811 ], [ 127.314373432991999, 36.286034005496212 ], [ 127.31436561346635, 36.286264025711233 ], [ 127.31442744352384, 36.286327333259614 ], [ 127.314508627571641, 36.286400882819017 ], [ 127.314510839885529, 36.286402895818313 ], [ 127.315632151463177, 36.287424831114969 ], [ 127.315157568978492, 36.28812613166663 ], [ 127.315165465259, 36.288413866994276 ], [ 127.315383339772069, 36.288668887688495 ], [ 127.315549566678669, 36.288863367498621 ], [ 127.315694517519361, 36.289065030874056 ], [ 127.315562869389055, 36.289269161032287 ], [ 127.315396691741995, 36.289292775431043 ], [ 127.315176348304576, 36.289455872212301 ], [ 127.314864966292149, 36.290146875622298 ], [ 127.314724935661729, 36.290441036039581 ], [ 127.314650389168378, 36.290383258716219 ], [ 127.314653814865252, 36.290235086469238 ], [ 127.314623456819888, 36.290245646592517 ], [ 127.314541757530833, 36.290420491263696 ], [ 127.314682776328596, 36.290473606948453 ], [ 127.314178361007464, 36.291552980784608 ], [ 127.313712959572143, 36.291578736460373 ], [ 127.313140726523315, 36.292036207949216 ], [ 127.312511337303519, 36.291649879467393 ], [ 127.311535945903103, 36.291554418664099 ], [ 127.311463114778022, 36.291724389807733 ], [ 127.311075731122216, 36.292225502851657 ], [ 127.3110590944992, 36.292970658971718 ], [ 127.310719727440087, 36.293325114857112 ], [ 127.310442532689081, 36.29395131281786 ], [ 127.310078002233226, 36.294721816300992 ], [ 127.310132036182935, 36.295085734546561 ], [ 127.309654976072466, 36.295645813250658 ], [ 127.309501798205474, 36.295825650453139 ], [ 127.308862418110508, 36.2963435543234 ], [ 127.308562126793959, 36.296795249394478 ], [ 127.30833909717802, 36.296932205911816 ], [ 127.307995220913696, 36.297143350943408 ], [ 127.307764005243044, 36.297402563832307 ], [ 127.307799625120538, 36.297779841016883 ], [ 127.309183578208632, 36.297918449032061 ], [ 127.30933994479517, 36.298262836880575 ], [ 127.310050705089978, 36.298419216010871 ], [ 127.310718528682727, 36.298482420221234 ], [ 127.310726897631753, 36.298498764097403 ], [ 127.31099021861435, 36.29862411319904 ], [ 127.311059643952291, 36.298674894923806 ], [ 127.311134321101378, 36.29873054698205 ], [ 127.311156266245945, 36.298832359649801 ], [ 127.311381895732978, 36.29901769686608 ], [ 127.311429595908336, 36.299047303585098 ], [ 127.311468094509522, 36.299089693947515 ], [ 127.311470464065778, 36.299120211288574 ], [ 127.311508396535046, 36.299151744374548 ], [ 127.311565299500643, 36.299166294589135 ], [ 127.311618952194465, 36.299220523671828 ], [ 127.311691005464283, 36.299259952480021 ], [ 127.311730866884389, 36.29930905329028 ], [ 127.311753538196086, 36.299335362889387 ], [ 127.311783972282512, 36.29941599366078 ], [ 127.311837403766887, 36.299461896556785 ], [ 127.311910582511018, 36.29949615847903 ], [ 127.311992852067405, 36.299503595872082 ], [ 127.312061742877219, 36.299478003876601 ], [ 127.312125713483482, 36.299472520145748 ], [ 127.312349477672726, 36.299467072862257 ], [ 127.312421873692983, 36.299477788575572 ], [ 127.312526331272664, 36.299543969965924 ], [ 127.312545247774423, 36.299572406528064 ], [ 127.312553832556844, 36.299631546790188 ], [ 127.312625308192835, 36.299713205930793 ], [ 127.312665705579619, 36.299765314815673 ], [ 127.312678435012202, 36.299780448356856 ], [ 127.31281409624394, 36.299868393286097 ], [ 127.312906553891722, 36.299904037326783 ], [ 127.31301183485715, 36.299975586464406 ], [ 127.313072026296624, 36.299996716086085 ], [ 127.313149670478666, 36.299985852217688 ], [ 127.313251994337577, 36.299977366651127 ], [ 127.313281095235283, 36.299974362542208 ], [ 127.313387410154462, 36.299997686819275 ], [ 127.313443120924632, 36.300014690964581 ], [ 127.313580949671973, 36.300042736410553 ], [ 127.313764301369844, 36.300040094380314 ], [ 127.313777615822474, 36.300039870963808 ], [ 127.313914527915742, 36.300039152709367 ], [ 127.313984060334946, 36.300034870350395 ], [ 127.314074198633705, 36.299996992751311 ], [ 127.314089736792781, 36.299990445767179 ], [ 127.31409983213554, 36.299950776633615 ], [ 127.315523703118558, 36.299909195356129 ], [ 127.315670976894651, 36.299904933720946 ], [ 127.315288968840832, 36.300981132456307 ], [ 127.315199471679762, 36.301151509687728 ], [ 127.315177809542462, 36.301219064490155 ], [ 127.315160493448545, 36.301287509570479 ], [ 127.315147520927184, 36.301356483408661 ], [ 127.31513900336536, 36.30142598708121 ], [ 127.315134940522981, 36.301495658169159 ], [ 127.315135331293789, 36.301565498474289 ], [ 127.315140064055598, 36.301635147206156 ], [ 127.315147132879005, 36.301704609352193 ], [ 127.315162995290663, 36.301773508213216 ], [ 127.315181082365072, 36.301841770443247 ], [ 127.315203507624503, 36.301909118954669 ], [ 127.315230159694366, 36.301975556276197 ], [ 127.315260926951339, 36.302040720713194 ], [ 127.31528504295072, 36.302085626169898 ], [ 127.315542161752916, 36.302541758026663 ], [ 127.315576231461534, 36.302597721876239 ], [ 127.315614192038055, 36.302652143817873 ], [ 127.315656042332108, 36.30270457217393 ], [ 127.315701445975208, 36.302755009122421 ], [ 127.315750404514276, 36.302803273452014 ], [ 127.3158026945014, 36.302849186306311 ], [ 127.315858201857338, 36.302892477041496 ], [ 127.315916704933613, 36.30293314621079 ], [ 127.315978091444478, 36.302971105284598 ], [ 127.316042026989493, 36.303005992221948 ], [ 127.316108288582541, 36.303037900433353 ], [ 127.316176763942451, 36.303066737783844 ], [ 127.31624711955628, 36.303092235995258 ], [ 127.316322252542989, 36.303115288470096 ], [ 127.318014460296695, 36.303587724218396 ], [ 127.320568862651726, 36.304300974955531 ], [ 127.320144735459252, 36.305283974838595 ], [ 127.32009965771357, 36.305391569363202 ], [ 127.3200800642894, 36.305435770128966 ], [ 127.319931860979054, 36.305780955187238 ], [ 127.319922963799101, 36.30580249030286 ], [ 127.319934865404846, 36.305805297741259 ], [ 127.319968612512668, 36.305821708333994 ], [ 127.320002818659816, 36.305825086040372 ], [ 127.320045316880282, 36.305835895098177 ], [ 127.320085172492014, 36.305843106590672 ], [ 127.320102677022888, 36.30584627771951 ], [ 127.320234049994809, 36.30586916871372 ], [ 127.320264935627094, 36.305874547239647 ], [ 127.320315285691379, 36.305883308081093 ], [ 127.320403348145817, 36.305922516956649 ], [ 127.320491683383878, 36.305922281972919 ], [ 127.320673655234955, 36.305949065287045 ], [ 127.320735908237893, 36.305952395939997 ], [ 127.320778994278996, 36.305954714014071 ], [ 127.320818654225462, 36.305982103249569 ], [ 127.320910873408764, 36.306011388462935 ], [ 127.320961279271131, 36.306011956816647 ], [ 127.321038162997397, 36.306012751729725 ], [ 127.321054248260594, 36.306036363913407 ], [ 127.32107563730824, 36.306069325861692 ], [ 127.32095344947642, 36.3062267821308 ], [ 127.320823208633669, 36.306394586607439 ], [ 127.320819993134506, 36.306523445256488 ], [ 127.320943169039921, 36.306703586018514 ], [ 127.32089373615328, 36.306903554197817 ], [ 127.320897171166919, 36.307060629380274 ], [ 127.32084097149621, 36.307217484654934 ], [ 127.320826409366646, 36.307253471983032 ], [ 127.320857490668999, 36.307405138212147 ], [ 127.320903766763081, 36.30751219121079 ], [ 127.320738094454143, 36.307625100433718 ], [ 127.3205880740325, 36.307781315158202 ], [ 127.320455346714269, 36.30806682864587 ], [ 127.320455331571978, 36.30823531208577 ], [ 127.320472475139482, 36.308343822189158 ], [ 127.320471227998922, 36.3083465384451 ], [ 127.320402812270828, 36.308593724643686 ], [ 127.320175726882439, 36.308921907178075 ], [ 127.320129311039182, 36.308920021983624 ], [ 127.319921124834238, 36.308915854647999 ], [ 127.319873267599689, 36.308915423152762 ], [ 127.319712492020386, 36.308979825580558 ], [ 127.319696262197965, 36.3089862577365 ], [ 127.319577796964765, 36.309099796938575 ], [ 127.319582343327383, 36.30924055771451 ], [ 127.319660061041134, 36.309360883683006 ], [ 127.319726383555661, 36.309463567167505 ], [ 127.319453153210674, 36.309789646045672 ], [ 127.319810578839963, 36.30990667676717 ], [ 127.320103947093614, 36.309987641418552 ], [ 127.320173849994731, 36.309987706872853 ], [ 127.320210922776738, 36.309994520128207 ], [ 127.320232443093602, 36.30998839793984 ], [ 127.32024884605157, 36.30996690664989 ], [ 127.320291771848517, 36.309866103801532 ], [ 127.320315712897283, 36.309830974608566 ], [ 127.320332975225142, 36.30982655797451 ], [ 127.320361814309706, 36.309807700877471 ], [ 127.320385212781929, 36.309767779162726 ], [ 127.320405410534363, 36.309710230191527 ] ] ] ] } },
{ "type": "Feature", "properties": { "EMD_CD": "30200102", "EMD_ENG_NM": "Gyochon-dong", "EMD_KOR_NM": "교촌동" }, "geometry": { "type": "MultiPolygon", "coordinates": [ [ [ [ 127.319453153210674, 36.309789646045672 ], [ 127.319726383555661, 36.309463567167505 ], [ 127.319660061041134, 36.309360883683006 ], [ 127.319582343327383, 36.30924055771451 ], [ 127.319577796964765, 36.309099796938575 ], [ 127.319696262197965, 36.3089862577365 ], [ 127.319712492020386, 36.308979825580558 ], [ 127.319873267599689, 36.308915423152762 ], [ 127.319921124834238, 36.308915854647999 ], [ 127.320129311039182, 36.308920021983624 ], [ 127.320175726882439, 36.308921907178075 ], [ 127.320402812270828, 36.308593724643686 ], [ 127.320471227998922, 36.3083465384451 ], [ 127.320472475139482, 36.308343822189158 ], [ 127.320455331571978, 36.30823531208577 ], [ 127.320455346714269, 36.30806682864587 ], [ 127.3205880740325, 36.307781315158202 ], [ 127.320738094454143, 36.307625100433718 ], [ 127.320903766763081, 36.30751219121079 ], [ 127.320857490668999, 36.307405138212147 ], [ 127.320826409366646, 36.307253471983032 ], [ 127.32084097149621, 36.307217484654934 ], [ 127.320897171166919, 36.307060629380274 ], [ 127.32089373615328, 36.306903554197817 ], [ 127.320943169039921, 36.306703586018514 ], [ 127.320819993134506, 36.306523445256488 ], [ 127.320823208633669, 36.306394586607439 ], [ 127.32095344947642, 36.3062267821308 ], [ 127.32107563730824, 36.306069325861692 ], [ 127.321054248260594, 36.306036363913407 ], [ 127.321038162997397, 36.306012751729725 ], [ 127.320961279271131, 36.306011956816647 ], [ 127.320910873408764, 36.306011388462935 ], [ 127.320818654225462, 36.305982103249569 ], [ 127.320778994278996, 36.305954714014071 ], [ 127.320735908237893, 36.305952395939997 ], [ 127.320673655234955, 36.305949065287045 ], [ 127.320491683383878, 36.305922281972919 ], [ 127.320403348145817, 36.305922516956649 ], [ 127.320315285691379, 36.305883308081093 ], [ 127.320264935627094, 36.305874547239647 ], [ 127.320234049994809, 36.30586916871372 ], [ 127.320102677022888, 36.30584627771951 ], [ 127.320085172492014, 36.305843106590672 ], [ 127.320045316880282, 36.305835895098177 ], [ 127.320002818659816, 36.305825086040372 ], [ 127.319968612512668, 36.305821708333994 ], [ 127.319934865404846, 36.305805297741259 ], [ 127.319922963799101, 36.30580249030286 ], [ 127.319931860979054, 36.305780955187238 ], [ 127.3200800642894, 36.305435770128966 ], [ 127.32009965771357, 36.305391569363202 ], [ 127.320144735459252, 36.305283974838595 ], [ 127.320568862651726, 36.304300974955531 ], [ 127.318014460296695, 36.303587724218396 ], [ 127.316322252542989, 36.303115288470096 ], [ 127.31624711955628, 36.303092235995258 ], [ 127.316176763942451, 36.303066737783844 ], [ 127.316108288582541, 36.303037900433353 ], [ 127.316042026989493, 36.303005992221948 ], [ 127.315978091444478, 36.302971105284598 ], [ 127.315916704933613, 36.30293314621079 ], [ 127.315858201857338, 36.302892477041496 ], [ 127.3158026945014, 36.302849186306311 ], [ 127.315750404514276, 36.302803273452014 ], [ 127.315701445975208, 36.302755009122421 ], [ 127.315656042332108, 36.30270457217393 ], [ 127.315614192038055, 36.302652143817873 ], [ 127.315576231461534, 36.302597721876239 ], [ 127.315542161752916, 36.302541758026663 ], [ 127.31528504295072, 36.302085626169898 ], [ 127.315260926951339, 36.302040720713194 ], [ 127.315230159694366, 36.301975556276197 ], [ 127.315203507624503, 36.301909118954669 ], [ 127.315181082365072, 36.301841770443247 ], [ 127.315162995290663, 36.301773508213216 ], [ 127.315147132879005, 36.301704609352193 ], [ 127.315140064055598, 36.301635147206156 ], [ 127.315135331293789, 36.301565498474289 ], [ 127.315134940522981, 36.301495658169159 ], [ 127.31513900336536, 36.30142598708121 ], [ 127.315147520927184, 36.301356483408661 ], [ 127.315160493448545, 36.301287509570479 ], [ 127.315177809542462, 36.301219064490155 ], [ 127.315199471679762, 36.301151509687728 ], [ 127.315288968840832, 36.300981132456307 ], [ 127.315670976894651, 36.299904933720946 ], [ 127.315523703118558, 36.299909195356129 ], [ 127.31409983213554, 36.299950776633615 ], [ 127.314089736792781, 36.299990445767179 ], [ 127.314074198633705, 36.299996992751311 ], [ 127.313984060334946, 36.300034870350395 ], [ 127.313914527915742, 36.300039152709367 ], [ 127.313777615822474, 36.300039870963808 ], [ 127.313764301369844, 36.300040094380314 ], [ 127.313580949671973, 36.300042736410553 ], [ 127.313443120924632, 36.300014690964581 ], [ 127.313387410154462, 36.299997686819275 ], [ 127.313281095235283, 36.299974362542208 ], [ 127.313251994337577, 36.299977366651127 ], [ 127.313149670478666, 36.299985852217688 ], [ 127.313072026296624, 36.299996716086085 ], [ 127.313013631759205, 36.299976807279101 ], [ 127.31301183485715, 36.299975586464406 ], [ 127.312906553891722, 36.299904037326783 ], [ 127.31281409624394, 36.299868393286097 ], [ 127.312678435012202, 36.299780448356856 ], [ 127.312665705579619, 36.299765314815673 ], [ 127.312625308192835, 36.299713205930793 ], [ 127.312553832556844, 36.299631546790188 ], [ 127.312545247774423, 36.299572406528064 ], [ 127.312526331272664, 36.299543969965924 ], [ 127.312421873692983, 36.299477788575572 ], [ 127.312349477672726, 36.299467072862257 ], [ 127.312125713483482, 36.299472520145748 ], [ 127.312061742877219, 36.299478003876601 ], [ 127.311992852067405, 36.299503595872082 ], [ 127.311910582511018, 36.29949615847903 ], [ 127.311837403766887, 36.299461896556785 ], [ 127.311783972282512, 36.29941599366078 ], [ 127.311753538196086, 36.299335362889387 ], [ 127.311730866884389, 36.29930905329028 ], [ 127.311691005464283, 36.299259952480021 ], [ 127.311618952194465, 36.299220523671828 ], [ 127.311565299500643, 36.299166294589135 ], [ 127.311508396535046, 36.299151744374548 ], [ 127.311470464065778, 36.299120211288574 ], [ 127.311468094509522, 36.299089693947515 ], [ 127.311429595908336, 36.299047303585098 ], [ 127.311381895732978, 36.29901769686608 ], [ 127.311156266245945, 36.298832359649801 ], [ 127.311134321101378, 36.29873054698205 ], [ 127.311059643952291, 36.298674894923806 ], [ 127.31099021861435, 36.29862411319904 ], [ 127.310726897631753, 36.298498764097403 ], [ 127.310718528682727, 36.298482420221234 ], [ 127.310050705089978, 36.298419216010871 ], [ 127.30933994479517, 36.298262836880575 ], [ 127.309183578208632, 36.297918449032061 ], [ 127.307799625120538, 36.297779841016883 ], [ 127.307469719740027, 36.297786850309414 ], [ 127.307312954423494, 36.297839870661846 ], [ 127.307360284712402, 36.298351420933287 ], [ 127.307370570990557, 36.298462546323158 ], [ 127.306956793386505, 36.298773798280166 ], [ 127.306747560936529, 36.298931075127342 ], [ 127.306713535568946, 36.299090291441424 ], [ 127.306686278512842, 36.299257944573995 ], [ 127.306673968951117, 36.29937321905053 ], [ 127.306718312920424, 36.300019331341552 ], [ 127.306747156399069, 36.300264288330787 ], [ 127.30655258993211, 36.300377756638937 ], [ 127.306401499142552, 36.301161166833943 ], [ 127.306093426917144, 36.301652869219012 ], [ 127.305621816823134, 36.302415564961748 ], [ 127.305267735493075, 36.302710384252066 ], [ 127.305223457034089, 36.302802146146604 ], [ 127.305048639537844, 36.303164467834442 ], [ 127.304990698720999, 36.303221542043026 ], [ 127.304340889854785, 36.30386159324523 ], [ 127.303812767588809, 36.304381773981383 ], [ 127.303729114613844, 36.304481620120399 ], [ 127.303352177689874, 36.304942911251089 ], [ 127.303284584518323, 36.305214634429788 ], [ 127.302856221181003, 36.305877872978364 ], [ 127.302979544925776, 36.305974168463173 ], [ 127.302939806141438, 36.306240061396799 ], [ 127.302938099199721, 36.306536887105374 ], [ 127.302963738114357, 36.307210100761104 ], [ 127.302987442293912, 36.307522596808759 ], [ 127.302904574074162, 36.307558077255159 ], [ 127.302419619081888, 36.307765714129133 ], [ 127.302185674999052, 36.308046217249057 ], [ 127.302066376376146, 36.308529314103389 ], [ 127.301580930485201, 36.309029055560138 ], [ 127.301553252140508, 36.309122595431532 ], [ 127.301486218329046, 36.309438346824081 ], [ 127.301469071975475, 36.309490748091676 ], [ 127.301404929490843, 36.309913209599834 ], [ 127.301385467343636, 36.310041405732534 ], [ 127.301312374728923, 36.310418127882173 ], [ 127.301067576828515, 36.310847999220663 ], [ 127.300996807267538, 36.310994302322015 ], [ 127.300718676333872, 36.31146101520887 ], [ 127.301129930540228, 36.31155205826574 ], [ 127.302091675120607, 36.311781390410836 ], [ 127.302382951252653, 36.311862754730065 ], [ 127.30276159743137, 36.31196852762308 ], [ 127.3031681436523, 36.312148422389939 ], [ 127.303876925915631, 36.312440586739896 ], [ 127.304039297475938, 36.31250753916121 ], [ 127.304387579696098, 36.312638075230794 ], [ 127.304498727252977, 36.31268385286139 ], [ 127.304673240694527, 36.312768986837014 ], [ 127.304716701101242, 36.312774787653538 ], [ 127.305047647516659, 36.31281899791729 ], [ 127.305600034455082, 36.312837303023443 ], [ 127.305806436331196, 36.312847015217237 ], [ 127.305831082790164, 36.312848177969023 ], [ 127.30595607449753, 36.312823014029682 ], [ 127.305970124634428, 36.312770827057157 ], [ 127.305963885977533, 36.312689854108825 ], [ 127.306019116595365, 36.312696003663142 ], [ 127.306168791126012, 36.312712663498296 ], [ 127.306391396487925, 36.312737446041012 ], [ 127.306536970781224, 36.312753647053391 ], [ 127.30661283270237, 36.31276208742667 ], [ 127.30681662459736, 36.312784772183754 ], [ 127.306899371077122, 36.312793978173012 ], [ 127.306964026546382, 36.31280117579378 ], [ 127.306990971366545, 36.31280939749324 ], [ 127.307009438551717, 36.312807962531743 ], [ 127.307357370338394, 36.312775937319337 ], [ 127.307475416342228, 36.312751537639542 ], [ 127.307444910902888, 36.31288375478524 ], [ 127.307392168154749, 36.313109697720435 ], [ 127.307384643804227, 36.313141907423706 ], [ 127.307373288069257, 36.313210723320722 ], [ 127.3073587805697, 36.313256773836081 ], [ 127.307448063754251, 36.313234719265139 ], [ 127.307680527947554, 36.313177295919957 ], [ 127.307874389945525, 36.313129415518972 ], [ 127.307991939806243, 36.31310038422145 ], [ 127.308048549963743, 36.313080368792001 ], [ 127.308326139408976, 36.313010689538878 ], [ 127.308514279969771, 36.312963471402568 ], [ 127.308554949692507, 36.312953255881546 ], [ 127.308603266911334, 36.312942479305249 ], [ 127.308849948750051, 36.312893722380032 ], [ 127.308970292422359, 36.312901542339311 ], [ 127.309145153079896, 36.312985820199167 ], [ 127.309779799909748, 36.313386597386852 ], [ 127.310374100230362, 36.31376815259749 ], [ 127.310423721732604, 36.313800007560296 ], [ 127.31040515179204, 36.313823396268234 ], [ 127.310403833267443, 36.313825057501013 ], [ 127.310375500499674, 36.313854869394419 ], [ 127.310576795084501, 36.313986019664142 ], [ 127.310810184096709, 36.313973773260805 ], [ 127.311183461841495, 36.314105054224143 ], [ 127.311277740621421, 36.314138207800781 ], [ 127.311291589844359, 36.314143073803457 ], [ 127.31136403162013, 36.314111102337371 ], [ 127.311471323889094, 36.314118051578554 ], [ 127.311576020782226, 36.314172715075017 ], [ 127.311604390500875, 36.314180355603092 ], [ 127.311677431657614, 36.314103278184078 ], [ 127.311779638532485, 36.313995800215139 ], [ 127.31178662524222, 36.313988464657051 ], [ 127.311905353725791, 36.313863640128218 ], [ 127.311997080997074, 36.313767201829179 ], [ 127.312024526298302, 36.313738355495495 ], [ 127.312487735597088, 36.314033196903779 ], [ 127.312584138932209, 36.314099236455853 ], [ 127.312827821596187, 36.31425365912861 ], [ 127.312879876797069, 36.314286650146279 ], [ 127.313778452061882, 36.314856508224509 ], [ 127.313815190717733, 36.314879824708925 ], [ 127.314637456713086, 36.315401869571851 ], [ 127.314762646757956, 36.315481395192229 ], [ 127.31490649240574, 36.315542442099343 ], [ 127.31501559429222, 36.315583817157986 ], [ 127.31502068279417, 36.315502959739625 ], [ 127.315022944767009, 36.315467158640828 ], [ 127.315030014178674, 36.315425019105348 ], [ 127.31504911056436, 36.315294262601022 ], [ 127.315152703657816, 36.315086071181767 ], [ 127.315355702215257, 36.314822800759622 ], [ 127.315564653957196, 36.314547637115361 ], [ 127.315676450196719, 36.314400460626487 ], [ 127.31566751598325, 36.314396789196287 ], [ 127.315636920721303, 36.314386532610037 ], [ 127.316037220136238, 36.313838069840706 ], [ 127.31636733220887, 36.313414729868832 ], [ 127.316707288315683, 36.312995030156642 ], [ 127.316812564762557, 36.31268958712969 ], [ 127.316842380665037, 36.312603077264889 ], [ 127.316854433169084, 36.312590464406199 ], [ 127.316890504112379, 36.312605409931059 ], [ 127.317030000523758, 36.312317485948576 ], [ 127.317048078960141, 36.31228044433086 ], [ 127.31713189035878, 36.312310764350215 ], [ 127.317136362368558, 36.31231237418308 ], [ 127.317219995752751, 36.312342631659867 ], [ 127.317512892825462, 36.312448610627868 ], [ 127.317592890519677, 36.312477480188818 ], [ 127.317594188194022, 36.312492688453609 ], [ 127.317637289818592, 36.312492232747012 ], [ 127.317640529238773, 36.31249219715891 ], [ 127.317773519114709, 36.312490790527647 ], [ 127.31790300681952, 36.312121560107073 ], [ 127.317925802191425, 36.31201185428538 ], [ 127.31795072538857, 36.311954789021542 ], [ 127.317841058025508, 36.311800248175146 ], [ 127.317809880758475, 36.311709311554537 ], [ 127.317811943438912, 36.311690922410861 ], [ 127.317834837030389, 36.311487078867678 ], [ 127.318140173395562, 36.311247052723303 ], [ 127.318529959930331, 36.311008803057355 ], [ 127.318875124667002, 36.310555757890519 ], [ 127.319161811644975, 36.310100965498251 ], [ 127.319453153210674, 36.309789646045672 ] ] ] ] } },
{ "type": "Feature", "properties": { "EMD_CD": "30200103", "EMD_ENG_NM": "Daejeong-dong", "EMD_KOR_NM": "대정동" }, "geometry": { "type": "MultiPolygon", "coordinates": [ [ [ [ 127.339042778553619, 36.313248467211857 ], [ 127.339042756527135, 36.313248345474022 ], [ 127.337742617994849, 36.313452268176924 ], [ 127.337482074242274, 36.313453334599394 ], [ 127.33750904817478, 36.312943364215272 ], [ 127.337176046623469, 36.312449897255462 ], [ 127.33704220113141, 36.312251536733484 ], [ 127.336584639105382, 36.312249566848031 ], [ 127.336470821236247, 36.312187848160299 ], [ 127.3362137005183, 36.312048426872074 ], [ 127.336229404477308, 36.311679558246382 ], [ 127.336086046444322, 36.311494903120973 ], [ 127.335918940004575, 36.311459477514383 ], [ 127.335843944148408, 36.311505692062447 ], [ 127.33569425961673, 36.311067183759967 ], [ 127.335643056312449, 36.310917146057406 ], [ 127.335614870468603, 36.310913646847538 ], [ 127.335576313744198, 36.310791456299611 ], [ 127.335301411667473, 36.3107814370602 ], [ 127.335063580314042, 36.310557753288982 ], [ 127.334921900698546, 36.310441986662866 ], [ 127.334640231937982, 36.310372299759592 ], [ 127.334473880740418, 36.310031668460624 ], [ 127.334460052073311, 36.310026750173833 ], [ 127.334343676814697, 36.309988144068186 ], [ 127.33390268588937, 36.309703157545449 ], [ 127.333527578106441, 36.309414696360783 ], [ 127.33333284162002, 36.309061173895671 ], [ 127.333309679277647, 36.308994813189706 ], [ 127.333195547601576, 36.308723280826371 ], [ 127.333194186788688, 36.308720004516132 ], [ 127.333120942929952, 36.308543423958966 ], [ 127.333084400167593, 36.308493491164683 ], [ 127.33296286846452, 36.30832748066279 ], [ 127.332743125814403, 36.307973124969891 ], [ 127.332664608585006, 36.307926157466902 ], [ 127.332580845190108, 36.307876049647945 ], [ 127.332408005739396, 36.30777264929182 ], [ 127.332221149538384, 36.307529677572326 ], [ 127.332169545530874, 36.306752401636018 ], [ 127.3319014484576, 36.306551883261463 ], [ 127.331776072576488, 36.306547913496082 ], [ 127.331657460784825, 36.306545140535832 ], [ 127.331373157002176, 36.306514366189795 ], [ 127.33118374291935, 36.306590569751371 ], [ 127.330754974458515, 36.30671355411274 ], [ 127.329824139908482, 36.30711371348427 ], [ 127.329514066033383, 36.307039604836064 ], [ 127.329429965012935, 36.307009159626212 ], [ 127.329256885535074, 36.306942713020639 ], [ 127.328570401024521, 36.306694849744616 ], [ 127.328632169194194, 36.307333722959122 ], [ 127.327416466296498, 36.307912643350726 ], [ 127.326899299150625, 36.307724047960939 ], [ 127.326747756438124, 36.307738716433164 ], [ 127.325929131451772, 36.307773085757475 ], [ 127.325473752424514, 36.308069014965859 ], [ 127.325132586310332, 36.308440592398277 ], [ 127.324625568648813, 36.308914496366135 ], [ 127.324539973425686, 36.308948314518929 ], [ 127.324100034532862, 36.309122140433651 ], [ 127.32395273419408, 36.309256471280158 ], [ 127.32377986855974, 36.309418193307657 ], [ 127.323398951466643, 36.309752420706708 ], [ 127.322943939571218, 36.30947834466285 ], [ 127.322594275812861, 36.309348784569274 ], [ 127.322333361319082, 36.309859695186034 ], [ 127.3220016885343, 36.30981133589524 ], [ 127.321696499192669, 36.309766842548171 ], [ 127.320909498198475, 36.309643585314134 ], [ 127.320872530597626, 36.309640475960784 ], [ 127.320826997601642, 36.309655989389881 ], [ 127.320818657291412, 36.309672161235596 ], [ 127.32076762428261, 36.309690374557583 ], [ 127.320724723246457, 36.309682297719668 ], [ 127.320620739642649, 36.309679862277953 ], [ 127.320606573267298, 36.309700997289248 ], [ 127.320564738823521, 36.309716780364539 ], [ 127.320484427877176, 36.30970370187999 ], [ 127.320434114639227, 36.309702033583804 ], [ 127.320405410534363, 36.309710230191527 ], [ 127.320385212781929, 36.309767779162726 ], [ 127.32036181430972, 36.309807700877471 ], [ 127.32033297522517, 36.309826557974525 ], [ 127.320315712897283, 36.309830974608566 ], [ 127.320291771848517, 36.309866103801554 ], [ 127.320248846051541, 36.309966906649912 ], [ 127.320232443093602, 36.30998839793984 ], [ 127.320210922776738, 36.309994520128242 ], [ 127.320173849994703, 36.309987706872867 ], [ 127.320103947093614, 36.309987641418566 ], [ 127.319810578839963, 36.30990667676717 ], [ 127.319453153210674, 36.309789646045665 ], [ 127.319161811644975, 36.310100965498251 ], [ 127.318875124667031, 36.31055575789054 ], [ 127.318529959930359, 36.311008803057383 ], [ 127.318140173395562, 36.311247052723324 ], [ 127.317834837030389, 36.311487078867692 ], [ 127.317811943438912, 36.311690922410868 ], [ 127.317809880758475, 36.311709311554559 ], [ 127.317841058025508, 36.31180024817516 ], [ 127.317950725388599, 36.311954789021549 ], [ 127.317925802191425, 36.312011854285394 ], [ 127.31790300681952, 36.312121560107094 ], [ 127.317773519114709, 36.312490790527676 ], [ 127.317640529238773, 36.312492197158932 ], [ 127.31763728981862, 36.312492232747019 ], [ 127.317594188194022, 36.312492688453609 ], [ 127.317592890519677, 36.312477480188818 ], [ 127.317512892825462, 36.312448610627868 ], [ 127.317219995752751, 36.312342631659909 ], [ 127.317136362368572, 36.31231237418308 ], [ 127.317131890358795, 36.312310764350229 ], [ 127.317048078960141, 36.31228044433086 ], [ 127.317030000523758, 36.31231748594859 ], [ 127.316890504112379, 36.312605409931066 ], [ 127.316854433169084, 36.312590464406199 ], [ 127.316842380665037, 36.312603077264889 ], [ 127.316812564762557, 36.312689587129711 ], [ 127.316707288315712, 36.312995030156678 ], [ 127.31636733220887, 36.313414729868853 ], [ 127.316037220136238, 36.313838069840706 ], [ 127.315636920721332, 36.314386532610037 ], [ 127.315667515983279, 36.314396789196266 ], [ 127.315676450196719, 36.314400460626501 ], [ 127.31556465395721, 36.314547637115361 ], [ 127.3153557022153, 36.314822800759636 ], [ 127.315152703657816, 36.315086071181817 ], [ 127.315049110564416, 36.315294262601022 ], [ 127.315030014178674, 36.315425019105348 ], [ 127.315022944767037, 36.315467158640828 ], [ 127.315020682794142, 36.315502959739668 ], [ 127.315015594292248, 36.315583817158007 ], [ 127.31490649240574, 36.315542442099364 ], [ 127.314762646757956, 36.315481395192258 ], [ 127.314637456713129, 36.315401869571879 ], [ 127.313815190717733, 36.314879824708939 ], [ 127.313778452061882, 36.31485650822453 ], [ 127.312879876797069, 36.314286650146279 ], [ 127.312827821596201, 36.314253659128617 ], [ 127.312584138932209, 36.314099236455853 ], [ 127.312487735597117, 36.3140331969038 ], [ 127.31202452629833, 36.313738355495516 ], [ 127.311997080997074, 36.313767201829179 ], [ 127.311905353725791, 36.313863640128218 ], [ 127.31178662524222, 36.313988464657051 ], [ 127.311779638532485, 36.313995800215146 ], [ 127.311677431657614, 36.314103278184078 ], [ 127.311604390500904, 36.314180355603142 ], [ 127.311576020782226, 36.314172715075017 ], [ 127.311471323889094, 36.314118051578554 ], [ 127.31136403162013, 36.314111102337392 ], [ 127.311291589844387, 36.314143073803457 ], [ 127.311277740621421, 36.314138207800823 ], [ 127.311183461841495, 36.314105054224164 ], [ 127.310810184096709, 36.313973773260805 ], [ 127.310576795084529, 36.313986019664164 ], [ 127.310375500499688, 36.313854869394447 ], [ 127.310403833267443, 36.313825057501013 ], [ 127.31040515179204, 36.313823396268262 ], [ 127.310423721732604, 36.313800007560296 ], [ 127.310374100230362, 36.31376815259749 ], [ 127.309779799909748, 36.313386597386852 ], [ 127.309145153079911, 36.312985820199174 ], [ 127.308970292422359, 36.312901542339311 ], [ 127.308849948750051, 36.312893722380039 ], [ 127.308603266911334, 36.312942479305249 ], [ 127.308554949692507, 36.312953255881546 ], [ 127.308514279969771, 36.312963471402576 ], [ 127.308326139408976, 36.313010689538878 ], [ 127.308048549963772, 36.313080368792001 ], [ 127.307991939806243, 36.313100384221478 ], [ 127.307874389945525, 36.313129415518986 ], [ 127.307680527947582, 36.313177295919964 ], [ 127.307448063754251, 36.313234719265139 ], [ 127.3073587805697, 36.313256773836088 ], [ 127.307373288069257, 36.313210723320729 ], [ 127.307384643804227, 36.313141907423706 ], [ 127.307392168154749, 36.313109697720456 ], [ 127.307444910902916, 36.31288375478524 ], [ 127.307475416342228, 36.312751537639542 ], [ 127.307357370338394, 36.312775937319373 ], [ 127.307009438551717, 36.312807962531743 ], [ 127.30699097136656, 36.31280939749324 ], [ 127.306964026546382, 36.312801175793815 ], [ 127.306899371077122, 36.312793978173012 ], [ 127.30681662459736, 36.312784772183754 ], [ 127.30661283270237, 36.31276208742667 ], [ 127.306536970781224, 36.312753647053391 ], [ 127.306391396487925, 36.312737446041041 ], [ 127.306168791126012, 36.312712663498274 ], [ 127.306019116595422, 36.31269600366317 ], [ 127.305963885977533, 36.312689854108839 ], [ 127.305970124634399, 36.312770827057186 ], [ 127.30595607449753, 36.312823014029682 ], [ 127.305831082790164, 36.312848177969023 ], [ 127.305806436331196, 36.312847015217244 ], [ 127.305600034455082, 36.312837303023485 ], [ 127.305047647516631, 36.312818997917304 ], [ 127.304716701101242, 36.312774787653559 ], [ 127.304673240694555, 36.312768986837057 ], [ 127.304498727252977, 36.31268385286139 ], [ 127.304387579696098, 36.312638075230794 ], [ 127.304039297475938, 36.312507539161217 ], [ 127.303876925915631, 36.312440586739896 ], [ 127.303168143652329, 36.312148422389939 ], [ 127.30276159743137, 36.311968527623058 ], [ 127.302382951252682, 36.311862754730065 ], [ 127.302091675120607, 36.311781390410871 ], [ 127.301129930540228, 36.31155205826574 ], [ 127.300718676333872, 36.31146101520887 ], [ 127.300540389153682, 36.3120215606939 ], [ 127.300330902658445, 36.312285363078225 ], [ 127.300133670984579, 36.312533742351825 ], [ 127.299236792325615, 36.313261372776509 ], [ 127.298250513683499, 36.314079651045191 ], [ 127.297587371587042, 36.315811248206728 ], [ 127.297122766404684, 36.316358600412556 ], [ 127.296918244183061, 36.316521741972615 ], [ 127.29672799896602, 36.316673483331869 ], [ 127.296339371290415, 36.316857281831538 ], [ 127.29436554155923, 36.317782874372021 ], [ 127.293663624768271, 36.318113476501885 ], [ 127.293598175116358, 36.318195679475174 ], [ 127.293294422360916, 36.318577167851792 ], [ 127.292655972145226, 36.320145445672495 ], [ 127.293060570405643, 36.320436927504964 ], [ 127.293447999083838, 36.320716030617263 ], [ 127.293581776612299, 36.320942781965066 ], [ 127.293825204758875, 36.32135542154824 ], [ 127.293223934518807, 36.322483305573634 ], [ 127.293183617163592, 36.322840818530899 ], [ 127.293395449124986, 36.323338471088135 ], [ 127.294133897858657, 36.323511457442997 ], [ 127.294353510063019, 36.323943268044545 ], [ 127.294308937025392, 36.324820120779329 ], [ 127.294860198471014, 36.325603566897115 ], [ 127.29590159861408, 36.324375065878662 ], [ 127.296391393489472, 36.325213393069376 ], [ 127.297062688468344, 36.325247664467028 ], [ 127.29714569846368, 36.325052120489033 ], [ 127.2979555571155, 36.324334131067801 ], [ 127.298050833879856, 36.324387956360795 ], [ 127.298830600078176, 36.324828433210179 ], [ 127.298859345976098, 36.324814420657979 ], [ 127.300061486591929, 36.324228706564867 ], [ 127.301059682546864, 36.32362121440562 ], [ 127.301454272334297, 36.323400689345682 ], [ 127.301530014302713, 36.323352178097593 ], [ 127.301533528625441, 36.323231610517055 ], [ 127.301505766227066, 36.323138849937344 ], [ 127.301497395124031, 36.323110871134197 ], [ 127.301496332683485, 36.323103736390109 ], [ 127.301492164308485, 36.323033311203901 ], [ 127.301999589066199, 36.322764675843786 ], [ 127.302342595317512, 36.322731641094322 ], [ 127.302851228515294, 36.322815989535783 ], [ 127.302960303994411, 36.322736573946315 ], [ 127.302966447215567, 36.322747056411352 ], [ 127.303049167972532, 36.322767304352674 ], [ 127.30319697999974, 36.322807485035916 ], [ 127.303421089536286, 36.32282511378574 ], [ 127.303833825883672, 36.322873797469818 ], [ 127.304338559336898, 36.322974369833027 ], [ 127.304559617498569, 36.322741577561295 ], [ 127.305118732946539, 36.322759542641705 ], [ 127.305972675643147, 36.322786965158961 ], [ 127.306357485465099, 36.322730615778994 ], [ 127.306868566930035, 36.322416730111136 ], [ 127.307071937193783, 36.322436306144191 ], [ 127.307225274966427, 36.322451071974491 ], [ 127.307281808016867, 36.32252916759262 ], [ 127.307513980246583, 36.322529735654577 ], [ 127.307575396487508, 36.322506706333598 ], [ 127.307872262496545, 36.322368445306964 ], [ 127.307997024600127, 36.322283855849889 ], [ 127.308272747244231, 36.322098624628211 ], [ 127.308379573776136, 36.322026814830551 ], [ 127.308394970646461, 36.322017186932349 ], [ 127.308433965591746, 36.321993205889981 ], [ 127.308501120788378, 36.321971558400143 ], [ 127.308715200827478, 36.321902536751239 ], [ 127.308913500497354, 36.321932810846057 ], [ 127.30904160129424, 36.321947260525683 ], [ 127.309071493632985, 36.321950635316803 ], [ 127.309953883508229, 36.322043183347205 ], [ 127.310177435519307, 36.321736152872816 ], [ 127.310480511517454, 36.321488808261428 ], [ 127.310602183311602, 36.321479661759334 ], [ 127.310602799830562, 36.321511922483339 ], [ 127.311160656415169, 36.32150073670401 ], [ 127.311202258853299, 36.321499899587629 ], [ 127.311586610015709, 36.321375424113768 ], [ 127.311955578257013, 36.321255934664094 ], [ 127.312548460665454, 36.320979552757862 ], [ 127.312611383941871, 36.32095552612018 ], [ 127.31312100379246, 36.320770404127998 ], [ 127.313203175980377, 36.3207391888876 ], [ 127.313338549014077, 36.320723164406779 ], [ 127.313395349016346, 36.32068289642207 ], [ 127.313885520911697, 36.320810051465678 ], [ 127.313896948840963, 36.320813338375956 ], [ 127.314201180315507, 36.32090086700218 ], [ 127.314584225272299, 36.320927854484729 ], [ 127.315534438624439, 36.321034043611554 ], [ 127.316124762933129, 36.320271773877757 ], [ 127.316292837723125, 36.320052670219205 ], [ 127.316933335888507, 36.31959703232846 ], [ 127.316981536082764, 36.319597932534805 ], [ 127.317007568640364, 36.319597134277124 ], [ 127.317013620035098, 36.319573525108112 ], [ 127.317014879909763, 36.319571205590385 ], [ 127.317027269925092, 36.31955054521665 ], [ 127.317057098922774, 36.319508210810895 ], [ 127.317086926599927, 36.319495749776912 ], [ 127.31712269012715, 36.319480813249122 ], [ 127.317147424949042, 36.319464805807307 ], [ 127.317216476887126, 36.319420113906304 ], [ 127.317374659673291, 36.319311888999508 ], [ 127.3176061348464, 36.319296443981571 ], [ 127.317628656392245, 36.319294942397349 ], [ 127.317801132189047, 36.319370157832353 ], [ 127.317858555604218, 36.319476407622844 ], [ 127.317982756275725, 36.319697514939207 ], [ 127.318099026903681, 36.319898584080256 ], [ 127.318090702591675, 36.319908167286741 ], [ 127.31805975891865, 36.319941908575963 ], [ 127.318076543908603, 36.320055709387162 ], [ 127.318081266160732, 36.320052938991616 ], [ 127.318175021369512, 36.319979046641329 ], [ 127.31819114018856, 36.31996633351811 ], [ 127.318245808584408, 36.319920192738728 ], [ 127.318547475119075, 36.319967975585811 ], [ 127.31869975681694, 36.319992092069306 ], [ 127.318733944286834, 36.31999750758731 ], [ 127.318979859984509, 36.320038624679064 ], [ 127.319175550821072, 36.320071348893904 ], [ 127.319510791951899, 36.320116047659141 ], [ 127.319604657110645, 36.32013238934293 ], [ 127.319687061286672, 36.320027696405432 ], [ 127.319694766864203, 36.320022061787128 ], [ 127.320275340106832, 36.31959802554281 ], [ 127.320364238004885, 36.319546160411868 ], [ 127.320712622706893, 36.319335374267695 ], [ 127.321091337329278, 36.319172943619961 ], [ 127.321176517220536, 36.319148897359305 ], [ 127.321379279693673, 36.319181653878182 ], [ 127.321546219913017, 36.319215163019308 ], [ 127.322357636494004, 36.319142137120593 ], [ 127.322472782906004, 36.319025765880582 ], [ 127.32258774900049, 36.319153442588735 ], [ 127.322688723158407, 36.319271368853883 ], [ 127.322730359538269, 36.319319992496538 ], [ 127.323381616491119, 36.319896452656657 ], [ 127.323318806629615, 36.32031011658291 ], [ 127.323832476926697, 36.320336985049885 ], [ 127.323965404691236, 36.320279383969918 ], [ 127.32428329327918, 36.320141646110045 ], [ 127.324492654613977, 36.320070014371282 ], [ 127.324766121528469, 36.320029802803248 ], [ 127.324911766968782, 36.31994560874989 ], [ 127.324921287763445, 36.319940104493597 ], [ 127.325231402346006, 36.319889186114892 ], [ 127.325187457394875, 36.319619205158439 ], [ 127.32538419257115, 36.319411203617314 ], [ 127.325451338205724, 36.319340207162575 ], [ 127.325502306251309, 36.319286305273707 ], [ 127.325607093023663, 36.319175491778807 ], [ 127.325749021535486, 36.319025395049849 ], [ 127.325816980849211, 36.319051723394331 ], [ 127.326121846611954, 36.319169850625741 ], [ 127.326431382304762, 36.319146435122313 ], [ 127.326740817517233, 36.319128525268958 ], [ 127.327129086118418, 36.319106102013045 ], [ 127.327319445784156, 36.319141557525889 ], [ 127.327476661202496, 36.319170841247484 ], [ 127.327526187400778, 36.319180069350267 ], [ 127.327799013113491, 36.31920081735985 ], [ 127.328275842178357, 36.319244276344001 ], [ 127.328293254398531, 36.319245860330376 ], [ 127.328365747008675, 36.319245328839898 ], [ 127.328616272847583, 36.319525719205956 ], [ 127.328708866008782, 36.31950665839625 ], [ 127.328952988241028, 36.319456389551995 ], [ 127.328964938380082, 36.31945393297503 ], [ 127.329148286587369, 36.319413084544578 ], [ 127.329214683528775, 36.319398285917011 ], [ 127.329385922669829, 36.319350999814567 ], [ 127.329482191585697, 36.319324412241286 ], [ 127.329568206762531, 36.319335404914014 ], [ 127.329646656436736, 36.319345427413623 ], [ 127.329760714332082, 36.319356874058052 ], [ 127.329938104720242, 36.319374689803119 ], [ 127.33017958844431, 36.31939893495862 ], [ 127.33018144848576, 36.319399118833161 ], [ 127.330423722135976, 36.319417791314798 ], [ 127.330573826923342, 36.319429364485231 ], [ 127.330770459766129, 36.319449540586611 ], [ 127.330813468819187, 36.319413041892034 ], [ 127.331023487691184, 36.319234814310036 ], [ 127.331292848708031, 36.319529774064698 ], [ 127.33145091458222, 36.319707635470984 ], [ 127.331648782335179, 36.319930328133317 ], [ 127.33251603203999, 36.319733843258241 ], [ 127.332668858003643, 36.319769809676885 ], [ 127.332870600438255, 36.319862783383471 ], [ 127.33301748754775, 36.319966191402692 ], [ 127.333255987632924, 36.319882441634604 ], [ 127.333294705534527, 36.319871375630576 ], [ 127.333550411589542, 36.319746006501148 ], [ 127.333858870469328, 36.319597536744062 ], [ 127.333985642891321, 36.319534994372979 ], [ 127.334161996423063, 36.319504827912972 ], [ 127.334424556671735, 36.319459920721734 ], [ 127.334854021945645, 36.319380952966462 ], [ 127.335095384618512, 36.31926683967712 ], [ 127.3351042534496, 36.319262651750627 ], [ 127.335942720888212, 36.318859465589846 ], [ 127.33755997088646, 36.318495758446346 ], [ 127.337754220127152, 36.317805353753521 ], [ 127.338522328384428, 36.317775362322692 ], [ 127.339737262747903, 36.317713652033383 ], [ 127.339538919925744, 36.317008241030528 ], [ 127.339404000105517, 36.316055921773923 ], [ 127.339371186886666, 36.315824310574286 ], [ 127.339373322206683, 36.315570965556113 ], [ 127.339881766985854, 36.314621356372079 ], [ 127.339787397427372, 36.314449048230891 ], [ 127.339361666477515, 36.314330260911561 ], [ 127.339302249017535, 36.314239175305644 ], [ 127.33920228191181, 36.314085924861928 ], [ 127.339108532526737, 36.313623075095066 ], [ 127.339042778553619, 36.313248467211857 ] ] ] ] } },
{ "type": "Feature", "properties": { "EMD_CD": "30200104", "EMD_ENG_NM": "Yonggye-dong", "EMD_KOR_NM": "용계동" }, "geometry": { "type": "MultiPolygon", "coordinates": [ [ [ [ 127.311668513552888, 36.327992797119272 ], [ 127.311698910902351, 36.328505215873463 ], [ 127.311718768917743, 36.328696366405666 ], [ 127.311796447713419, 36.328712394911676 ], [ 127.311804676751919, 36.32876541664367 ], [ 127.311836436465967, 36.328991979415783 ], [ 127.311835269491752, 36.329015061508215 ], [ 127.311828811159302, 36.329141765295788 ], [ 127.311824408902822, 36.329236490095013 ], [ 127.311805049985068, 36.329412855011441 ], [ 127.311791520258296, 36.329503268855603 ], [ 127.311758325124288, 36.329496163661169 ], [ 127.311772585276387, 36.329511311422131 ], [ 127.311790855878158, 36.329537947747419 ], [ 127.311774029681843, 36.329575047693766 ], [ 127.311751646260944, 36.329637512080801 ], [ 127.311747921626747, 36.329684067373606 ], [ 127.311734698040695, 36.329820827778185 ], [ 127.311740270868356, 36.329858392257833 ], [ 127.311733295456889, 36.329958665939941 ], [ 127.311727509518576, 36.330030288220698 ], [ 127.311723383744337, 36.330135799333874 ], [ 127.311712398481305, 36.330539409456627 ], [ 127.31170994149592, 36.330613564399137 ], [ 127.311724461854652, 36.33077857665721 ], [ 127.311722531269055, 36.330833805585485 ], [ 127.311733510776378, 36.33100745125747 ], [ 127.311754202260033, 36.331074345731302 ], [ 127.311763774090238, 36.33111765831994 ], [ 127.311774165195885, 36.331156922511497 ], [ 127.311803338049302, 36.331275783657468 ], [ 127.311834807945388, 36.331392494036606 ], [ 127.311845310564721, 36.331423349981804 ], [ 127.311896918388683, 36.331632964092769 ], [ 127.311907216338071, 36.331688017069851 ], [ 127.311918443015443, 36.33172730610989 ], [ 127.311981489611696, 36.331956563078933 ], [ 127.312043631972656, 36.332218877393551 ], [ 127.312130274617004, 36.332570163913516 ], [ 127.312194746854203, 36.332880432506073 ], [ 127.312210258587726, 36.332949737463629 ], [ 127.312214894999556, 36.332970145996171 ], [ 127.312222739678418, 36.333004721642851 ], [ 127.31228647234947, 36.333288443522079 ], [ 127.312286854576243, 36.332969670525046 ], [ 127.312305990206383, 36.33288296394516 ], [ 127.312379890580686, 36.332734645896835 ], [ 127.31251853317977, 36.332642032086603 ], [ 127.312657643666228, 36.332591537736576 ], [ 127.312849197384011, 36.332534364103076 ], [ 127.312982757622308, 36.332488651039675 ], [ 127.313194858214601, 36.332294030419625 ], [ 127.3133051376238, 36.332230949014878 ], [ 127.313710844410664, 36.332137132143437 ], [ 127.313742606665031, 36.332111392764951 ], [ 127.313959821337278, 36.331973756635939 ], [ 127.314085886543751, 36.331892357444502 ], [ 127.31424270162168, 36.331785644807688 ], [ 127.314398283574221, 36.331679827354101 ], [ 127.314544808051338, 36.331545628434796 ], [ 127.314636762510361, 36.331429307408882 ], [ 127.314723301713769, 36.331320804664109 ], [ 127.314787948457735, 36.331268997992339 ], [ 127.314820519662916, 36.331261883459781 ], [ 127.314942174391746, 36.331236601980407 ], [ 127.315218812589549, 36.331170712331158 ], [ 127.315582611165397, 36.330940696614512 ], [ 127.315852645076944, 36.330667336669826 ], [ 127.315915215699079, 36.330603630343866 ], [ 127.31599232316789, 36.330543328218361 ], [ 127.316180833470952, 36.330412513349792 ], [ 127.316319524948938, 36.330289894917676 ], [ 127.316457070226448, 36.330170388392204 ], [ 127.316672032622606, 36.329982107291833 ], [ 127.316777622235577, 36.329837361675573 ], [ 127.316878357478487, 36.329701379168242 ], [ 127.31705829765265, 36.329534160079731 ], [ 127.317135925996496, 36.329354963994028 ], [ 127.31720695701182, 36.329092030195852 ], [ 127.317360144876289, 36.328853427234812 ], [ 127.317397337959235, 36.328802457683388 ], [ 127.317495974521833, 36.328483821271242 ], [ 127.317657060252188, 36.328265428381869 ], [ 127.317989930051723, 36.328089836872365 ], [ 127.318213114569531, 36.328033940658038 ], [ 127.318623155660788, 36.328018894264083 ], [ 127.318829657810383, 36.328001863728247 ], [ 127.318907195906064, 36.327996746448989 ], [ 127.319125485568435, 36.328022003221889 ], [ 127.319327318339845, 36.328053638608857 ], [ 127.319524104354102, 36.328076608778922 ], [ 127.319679441643444, 36.328062101010339 ], [ 127.319921330431654, 36.328040612702509 ], [ 127.320026535637311, 36.328011494823393 ], [ 127.320028682839464, 36.328010939385223 ], [ 127.320063293926822, 36.328001979593488 ], [ 127.320144063902973, 36.327991932489425 ], [ 127.320263796923797, 36.327975022622802 ], [ 127.320309802115432, 36.327977215938972 ], [ 127.320548167547216, 36.327987628301464 ], [ 127.320652101803546, 36.327950069266308 ], [ 127.320794682089783, 36.327890769727283 ], [ 127.320833269218639, 36.327876410072022 ], [ 127.320987024348852, 36.327679110736973 ], [ 127.321084678911305, 36.3275957344094 ], [ 127.321106081059142, 36.327570390245413 ], [ 127.321219719925764, 36.32750953645747 ], [ 127.321494235055226, 36.327492751937875 ], [ 127.321547071053004, 36.327509552542388 ], [ 127.32188354162119, 36.327691400161818 ], [ 127.32207192321026, 36.327704529825269 ], [ 127.322464491089562, 36.3274350436633 ], [ 127.322628788582762, 36.327441451282731 ], [ 127.322812797124826, 36.32761024226712 ], [ 127.323146003208606, 36.327755723725126 ], [ 127.323434657179732, 36.327688827486547 ], [ 127.323709658213275, 36.327608792196294 ], [ 127.323770509666772, 36.327557062979245 ], [ 127.324009362187113, 36.327407517796189 ], [ 127.324145885722572, 36.327384629013942 ], [ 127.324261963509372, 36.327362200816246 ], [ 127.324370222828975, 36.327345119562814 ], [ 127.324741703780958, 36.326966316431786 ], [ 127.325044230401559, 36.326791733574744 ], [ 127.325613719959819, 36.327354307455785 ], [ 127.325698800314257, 36.327406516017703 ], [ 127.326217781333384, 36.327735612681835 ], [ 127.326250018546531, 36.328018989270745 ], [ 127.326240022158629, 36.32822947651659 ], [ 127.326201899871037, 36.328315407858547 ], [ 127.326171624624067, 36.328537142752019 ], [ 127.326140553440609, 36.329122782660626 ], [ 127.326131626100974, 36.329515898761287 ], [ 127.326259450946509, 36.329956441575199 ], [ 127.326315369108841, 36.330087275168424 ], [ 127.326364877967123, 36.330206059442496 ], [ 127.326462500659048, 36.330391877333405 ], [ 127.326531385984353, 36.330520629894913 ], [ 127.326639275864196, 36.330713917469659 ], [ 127.326766299121346, 36.330933656374782 ], [ 127.326868176438097, 36.331113685808852 ], [ 127.327080438859682, 36.331465051936583 ], [ 127.327143559991498, 36.331543705584863 ], [ 127.327263613322629, 36.33169643366346 ], [ 127.327413214648701, 36.331886434669222 ], [ 127.327703813897756, 36.332254005366991 ], [ 127.327983699676437, 36.332316872975042 ], [ 127.328675200548631, 36.332467036961823 ], [ 127.331531883748482, 36.332450387467752 ], [ 127.331572926202227, 36.332451688777645 ], [ 127.331570848850575, 36.332435798019532 ], [ 127.331573075747201, 36.332366996336184 ], [ 127.331573076534738, 36.332366992918558 ], [ 127.33157307653461, 36.332366992891529 ], [ 127.331593713940407, 36.332277227583049 ], [ 127.331591986933418, 36.332229677777015 ], [ 127.334210595685875, 36.332220567565486 ], [ 127.334284856442039, 36.33222030847265 ], [ 127.33443743921066, 36.332219775654465 ], [ 127.336364379543298, 36.332213030086699 ], [ 127.336644665672139, 36.332212047511149 ], [ 127.336719489319123, 36.332211783606084 ], [ 127.33692700870597, 36.332211057829923 ], [ 127.336954879418514, 36.332210960963948 ], [ 127.336990294841769, 36.33221083452402 ], [ 127.337122845909875, 36.332210372266587 ], [ 127.337621464144448, 36.332208619610583 ], [ 127.337785553674706, 36.332208040884915 ], [ 127.337928631640239, 36.332207539102995 ], [ 127.337997756066386, 36.332207290439889 ], [ 127.338071853644749, 36.33220703674418 ], [ 127.338093014949436, 36.332206959128271 ], [ 127.338142565841238, 36.332206783526146 ], [ 127.33814241240006, 36.332119343173026 ], [ 127.338142250345399, 36.332022134130774 ], [ 127.338142131603107, 36.331953113647479 ], [ 127.338139665440494, 36.331799272385943 ], [ 127.33814186541602, 36.331792867863129 ], [ 127.338157703368026, 36.331746322739626 ], [ 127.338208572263042, 36.331506377373515 ], [ 127.338211203250566, 36.331444184984228 ], [ 127.338210315954029, 36.33123798315944 ], [ 127.338180546212627, 36.331179330595319 ], [ 127.338138532012763, 36.331121593650536 ], [ 127.338136740587245, 36.33013562541057 ], [ 127.337034378072943, 36.330139896662651 ], [ 127.336014541820163, 36.330143746545353 ], [ 127.335909039113702, 36.330144212996665 ], [ 127.335907848627954, 36.329920872451538 ], [ 127.335907754878789, 36.329903284356561 ], [ 127.335906564029585, 36.329683332475668 ], [ 127.335906484129083, 36.329668369791939 ], [ 127.335905638137064, 36.329509949058171 ], [ 127.335905502234652, 36.329483356296457 ], [ 127.335905104851776, 36.329408592253365 ], [ 127.335903147742997, 36.329044442529245 ], [ 127.335901602767592, 36.328755866768333 ], [ 127.335901511499372, 36.328739723423887 ], [ 127.3358999505501, 36.328447401875842 ], [ 127.335897103733032, 36.327916235010825 ], [ 127.335896328161795, 36.327771683524567 ], [ 127.33589451643337, 36.327433689744787 ], [ 127.335963092270802, 36.327433512841878 ], [ 127.335951485619162, 36.327364163911398 ], [ 127.33593517696734, 36.327266720660418 ], [ 127.336003578568281, 36.327232410825516 ], [ 127.336980321434524, 36.326573889393487 ], [ 127.337096401089028, 36.325672588167429 ], [ 127.337292721803706, 36.325169398146862 ], [ 127.337159726039275, 36.324673116788482 ], [ 127.337006281352416, 36.324365580428655 ], [ 127.337002406132228, 36.324357859233807 ], [ 127.336752080206793, 36.323859194079851 ], [ 127.336759660636176, 36.32332017162657 ], [ 127.336756162694883, 36.323247114244296 ], [ 127.336636481159559, 36.322693498131407 ], [ 127.336689090135124, 36.322462244502056 ], [ 127.336782397755101, 36.322050623820552 ], [ 127.336803746496102, 36.321957157225299 ], [ 127.337105863592441, 36.321139403867377 ], [ 127.337334703029512, 36.320722220324527 ], [ 127.337706742698245, 36.319224891327742 ], [ 127.337556639804404, 36.319099752742403 ], [ 127.337545729500349, 36.31909003270416 ], [ 127.337426107708211, 36.318983489609472 ], [ 127.337559971255516, 36.318495758054553 ], [ 127.335942720479096, 36.318859465950283 ], [ 127.335104253182791, 36.319262651406 ], [ 127.335095384610881, 36.319266839583314 ], [ 127.334854021835326, 36.319380952790965 ], [ 127.33442455722215, 36.3194599210509 ], [ 127.33416199667893, 36.319504827610288 ], [ 127.33398564308294, 36.319534993942746 ], [ 127.333858870234849, 36.319597536554838 ], [ 127.333550411627982, 36.319746006209336 ], [ 127.333294705180236, 36.319871375736312 ], [ 127.333255987831322, 36.319882441481241 ], [ 127.333017487459969, 36.319966191472794 ], [ 127.332870600660698, 36.319862783430409 ], [ 127.332668858230903, 36.319769809595329 ], [ 127.332516032457022, 36.319733843458096 ], [ 127.331648781827511, 36.319930327873898 ], [ 127.331450914887597, 36.319707635197155 ], [ 127.331292848328161, 36.319529773968739 ], [ 127.331023487597747, 36.319234814321156 ], [ 127.330813468896935, 36.319413041681443 ], [ 127.330770459720128, 36.319449540587414 ], [ 127.330573826416185, 36.319429364054024 ], [ 127.330423721688533, 36.319417791559452 ], [ 127.330181448874626, 36.319399118753026 ], [ 127.330179588408782, 36.31939893462188 ], [ 127.329938105252111, 36.319374689890161 ], [ 127.329760713908129, 36.319356874296147 ], [ 127.329646656796115, 36.319345427122791 ], [ 127.329568207084193, 36.31933540510704 ], [ 127.329482192066934, 36.319324412505104 ], [ 127.329385922434071, 36.319350999926264 ], [ 127.32921468353895, 36.31939828554092 ], [ 127.329148286517707, 36.319413084608762 ], [ 127.328964937968522, 36.319453932622118 ], [ 127.328952988296521, 36.319456389517427 ], [ 127.328708865776292, 36.319506658669894 ], [ 127.32861627246065, 36.319525719610056 ], [ 127.328365746562937, 36.319245328475191 ], [ 127.328293254311006, 36.319245860113156 ], [ 127.328275842346216, 36.319244276586616 ], [ 127.327799012841183, 36.319200817777215 ], [ 127.327526187011685, 36.319180069174031 ], [ 127.327476660848205, 36.319170841034222 ], [ 127.327319445490531, 36.319141557918229 ], [ 127.327129086569528, 36.319106101719569 ], [ 127.32674081716803, 36.319128525626198 ], [ 127.326431381761779, 36.319146435403056 ], [ 127.326121846547224, 36.319169850829368 ], [ 127.325816980881882, 36.319051723253402 ], [ 127.325749021178623, 36.319025395047397 ], [ 127.325607092800794, 36.319175492151828 ], [ 127.325502306475059, 36.31928630533038 ], [ 127.325451337936343, 36.319340207567592 ], [ 127.325384192794274, 36.319411203844489 ], [ 127.325187457646493, 36.319619205232321 ], [ 127.325231402872731, 36.319889186370915 ], [ 127.324921287549486, 36.319940104122018 ], [ 127.324911766771663, 36.319945609024764 ], [ 127.324766121962369, 36.320029803239656 ], [ 127.324492654664027, 36.320070013936657 ], [ 127.324283292895501, 36.320141646112205 ], [ 127.323965404307401, 36.320279383538633 ], [ 127.323832477056669, 36.320336984683728 ], [ 127.323318806751445, 36.320310116882084 ], [ 127.323381616763086, 36.319896452671649 ], [ 127.322730359009356, 36.319319992675617 ], [ 127.322688722917619, 36.319271369010274 ], [ 127.322587749148269, 36.319153442157486 ], [ 127.322472782509394, 36.319025766028354 ], [ 127.322357636105522, 36.319142137495639 ], [ 127.32154622021099, 36.319215163107359 ], [ 127.321379279218178, 36.319181653678683 ], [ 127.321176517408347, 36.319148897674872 ], [ 127.321091337218974, 36.319172943499318 ], [ 127.32071262322151, 36.319335373906306 ], [ 127.320364238366906, 36.319546160373477 ], [ 127.32027534002502, 36.319598025797113 ], [ 127.319694766538902, 36.320022061526501 ], [ 127.319687061074646, 36.320027696357961 ], [ 127.319604657102303, 36.3201323888959 ], [ 127.319510792253851, 36.320116048017589 ], [ 127.319175551184188, 36.320071348973734 ], [ 127.318979859451275, 36.320038624533083 ], [ 127.318733944033667, 36.319997507953978 ], [ 127.318699756923024, 36.319992092498175 ], [ 127.318547475041967, 36.319967975522779 ], [ 127.318245808735952, 36.31992019291075 ], [ 127.318191139647453, 36.319966333735664 ], [ 127.318175021649125, 36.319979046958039 ], [ 127.318081266067452, 36.320052939324952 ], [ 127.318076544477748, 36.320055709425304 ], [ 127.318059758932279, 36.319941908433243 ], [ 127.318090702956837, 36.319908167593063 ], [ 127.318099027304555, 36.319898584078203 ], [ 127.317982756782683, 36.319697515385784 ], [ 127.317858555067147, 36.319476407403954 ], [ 127.317801132232475, 36.319370157611779 ], [ 127.317628656580055, 36.319294942189373 ], [ 127.317606134769633, 36.319296443629113 ], [ 127.317374659993362, 36.319311888867162 ], [ 127.317216477040617, 36.319420114346499 ], [ 127.317147425401515, 36.319464805745497 ], [ 127.317122690293587, 36.319480812847026 ], [ 127.317086926316776, 36.319495749627499 ], [ 127.31705709891925, 36.319508210517547 ], [ 127.317027269427356, 36.319550545362176 ], [ 127.317014880479022, 36.31957120596261 ], [ 127.317013620332858, 36.31957352530889 ], [ 127.317007568460127, 36.319597134047989 ], [ 127.31698153590429, 36.319597932708142 ], [ 127.316933336027063, 36.319597032568495 ], [ 127.316292837414053, 36.320052669956183 ], [ 127.316124762904366, 36.320271773579186 ], [ 127.315534438406786, 36.321034043781211 ], [ 127.314584224963212, 36.320927854650613 ], [ 127.314201179831983, 36.320900866810987 ], [ 127.313896948526292, 36.320813338124694 ], [ 127.313885520917665, 36.320810051665397 ], [ 127.313395349231484, 36.320682896178866 ], [ 127.31333854863496, 36.320723164686378 ], [ 127.313203175455953, 36.32073918920171 ], [ 127.313121004080244, 36.320770403869204 ], [ 127.312611384168704, 36.320955525992765 ], [ 127.312548460385059, 36.320979552862966 ], [ 127.311955578405886, 36.32125593453722 ], [ 127.311586609809893, 36.321375423810181 ], [ 127.311202258463382, 36.321499899251684 ], [ 127.311160656972632, 36.321500736982372 ], [ 127.310602800299392, 36.321511922550954 ], [ 127.310602182916227, 36.321479662081543 ], [ 127.310480511630061, 36.321488808164716 ], [ 127.310177435656769, 36.32173615268136 ], [ 127.309953883134455, 36.322043183328489 ], [ 127.3101591850711, 36.322849286006686 ], [ 127.310231274483641, 36.322977255904512 ], [ 127.310404564972373, 36.323233273529993 ], [ 127.310568829427311, 36.323428385806075 ], [ 127.311109385056852, 36.323609276502253 ], [ 127.311312701878535, 36.32397450945674 ], [ 127.311309335288783, 36.323973662066692 ], [ 127.311158539542618, 36.32396345500306 ], [ 127.311169046141814, 36.323998456441984 ], [ 127.311187838423706, 36.324002517111474 ], [ 127.311534434811648, 36.324076830656544 ], [ 127.311555797337689, 36.324097168826526 ], [ 127.311717863643381, 36.324090530219998 ], [ 127.311781425156539, 36.3240834081736 ], [ 127.311568467319745, 36.325707075165852 ], [ 127.311534724681522, 36.326002729853343 ], [ 127.311512652915738, 36.326163349327963 ], [ 127.311489922058783, 36.326390963798652 ], [ 127.31147442612783, 36.326538850633298 ], [ 127.311505634729926, 36.326742038552531 ], [ 127.311549900188794, 36.32687318877074 ], [ 127.311584059846226, 36.326941310030186 ], [ 127.31162224951342, 36.327017450284629 ], [ 127.311698375773901, 36.327167640686277 ], [ 127.311748640317774, 36.327269604244854 ], [ 127.311772889436398, 36.327366084082954 ], [ 127.311802195368031, 36.327591905314101 ], [ 127.311727341759834, 36.327821917026441 ], [ 127.311703319235946, 36.32795120772996 ], [ 127.311668513552888, 36.327992797119272 ] ] ] ] } },
{ "type": "Feature", "properties": { "EMD_CD": "30200105", "EMD_ENG_NM": "Hakha-dong", "EMD_KOR_NM": "학하동" }, "geometry": { "type": "MultiPolygon", "coordinates": [ [ [ [ 127.311703319235946, 36.32795120772996 ], [ 127.31154215890821, 36.327941163248866 ], [ 127.311454608883977, 36.32800833853463 ], [ 127.311407685306676, 36.328044164722705 ], [ 127.311047551640257, 36.328319153967556 ], [ 127.310816549393707, 36.32849504835864 ], [ 127.310758187982373, 36.328539492077155 ], [ 127.310664775810181, 36.328625732765389 ], [ 127.310413097771345, 36.328857210187238 ], [ 127.310127056052224, 36.329121632609848 ], [ 127.310091520746894, 36.329136701871484 ], [ 127.309742481464724, 36.329284484855684 ], [ 127.30969008989554, 36.329306671682566 ], [ 127.309420579263048, 36.329420121181833 ], [ 127.309350815583556, 36.329448552689364 ], [ 127.309153602597334, 36.329532410048017 ], [ 127.308741582839417, 36.329582133266271 ], [ 127.308597106523564, 36.329598464352586 ], [ 127.308482506338024, 36.329653189645995 ], [ 127.308312651995195, 36.329733082275517 ], [ 127.308102189047872, 36.329832517159488 ], [ 127.308032174131682, 36.329865265164372 ], [ 127.307997285189415, 36.329883468230335 ], [ 127.307775325952178, 36.330005236069681 ], [ 127.307737982147756, 36.33002797825457 ], [ 127.307608007002088, 36.330098737935543 ], [ 127.307278377233175, 36.330285097328762 ], [ 127.307080285024824, 36.330421564038012 ], [ 127.307031562311039, 36.330456735244105 ], [ 127.306991868860848, 36.330485385889517 ], [ 127.306788827109415, 36.33063808589128 ], [ 127.306682046020185, 36.33071937410773 ], [ 127.306450092209403, 36.330861198089607 ], [ 127.306307470694662, 36.331002739764564 ], [ 127.306138363412813, 36.331169996180314 ], [ 127.306053109329852, 36.331256870307257 ], [ 127.305784188563649, 36.331456354152564 ], [ 127.30564456812759, 36.331559668613636 ], [ 127.305232590778658, 36.331867538842808 ], [ 127.305176565059057, 36.331904007513089 ], [ 127.305130963088629, 36.33193733161621 ], [ 127.305085505413246, 36.331970538182759 ], [ 127.305054904517931, 36.331994911545806 ], [ 127.304857695930309, 36.33216605847597 ], [ 127.304791065814698, 36.332225281476369 ], [ 127.304561742418343, 36.332409891830672 ], [ 127.30435660178162, 36.332604101045916 ], [ 127.304240808589867, 36.332706461314395 ], [ 127.303969344505205, 36.332939110674062 ], [ 127.303809986714185, 36.333052088446109 ], [ 127.303769572530385, 36.333065292814354 ], [ 127.303419318502378, 36.333179735825894 ], [ 127.30335216389247, 36.33320167786146 ], [ 127.3026252557612, 36.333168023296032 ], [ 127.302489672449525, 36.333161745537943 ], [ 127.30219168857127, 36.333549545242278 ], [ 127.302192254749713, 36.333575146154317 ], [ 127.302192740318034, 36.33359716059892 ], [ 127.302146355154662, 36.334137404555307 ], [ 127.302178116701626, 36.334287072623468 ], [ 127.302345207599387, 36.335074547901669 ], [ 127.303333463179086, 36.335629711116574 ], [ 127.303776468033931, 36.335432117744695 ], [ 127.304038664410783, 36.335418684693394 ], [ 127.3042110774348, 36.335420041462172 ], [ 127.304647320016997, 36.335461552219073 ], [ 127.304712450025619, 36.335778996424999 ], [ 127.304477530146116, 36.336189355545514 ], [ 127.305105344975019, 36.336928418313398 ], [ 127.30498127233443, 36.337068559409516 ], [ 127.304970175988387, 36.337289014450413 ], [ 127.304957336850464, 36.337545475758247 ], [ 127.30494440365463, 36.337789194710716 ], [ 127.30494403154232, 36.338058030697766 ], [ 127.30496278375935, 36.338076739278037 ], [ 127.304984723654158, 36.338104664977628 ], [ 127.304992285735352, 36.3381015367289 ], [ 127.305032918874716, 36.33806700874203 ], [ 127.305200843561181, 36.337969435723025 ], [ 127.305230394799622, 36.337949534826215 ], [ 127.30537339338504, 36.338173743546058 ], [ 127.304209620675849, 36.338659094607543 ], [ 127.304107373384241, 36.338631687546332 ], [ 127.30370842612777, 36.338814643773247 ], [ 127.304822815553948, 36.340702029737223 ], [ 127.304865885876296, 36.340836014844328 ], [ 127.305008509287561, 36.341077256989713 ], [ 127.305114874009547, 36.341188822282895 ], [ 127.305756253375023, 36.342190105533149 ], [ 127.305891069207703, 36.342341519590292 ], [ 127.306404482822956, 36.343144146255668 ], [ 127.306439332869786, 36.343254360768434 ], [ 127.30672836243015, 36.343673568966935 ], [ 127.308580643523484, 36.342832133040723 ], [ 127.308726982350777, 36.342765653691316 ], [ 127.309239714742304, 36.342537689738975 ], [ 127.30973559411882, 36.342330403889932 ], [ 127.309798180118435, 36.34229807061363 ], [ 127.310168128561145, 36.342161309062917 ], [ 127.310471657405898, 36.342045354941625 ], [ 127.31072161122853, 36.341958826772135 ], [ 127.310826490088033, 36.341917642150491 ], [ 127.310915119834419, 36.341880014078662 ], [ 127.311011854199791, 36.341835606161766 ], [ 127.311162240879142, 36.34175348028765 ], [ 127.311387125370601, 36.34163763747577 ], [ 127.311576834484129, 36.341528013480826 ], [ 127.312119659423942, 36.341196324300228 ], [ 127.31251995191127, 36.340933402626447 ], [ 127.312707173724675, 36.340787375954037 ], [ 127.312750661115601, 36.340742834920825 ], [ 127.312977687866109, 36.340578860940084 ], [ 127.313282297020677, 36.340373230233851 ], [ 127.313535325113406, 36.340193867426279 ], [ 127.313877181902114, 36.339972097075368 ], [ 127.314160099683548, 36.339802838054645 ], [ 127.314173950989016, 36.339784778373158 ], [ 127.314312529175922, 36.33970412129203 ], [ 127.314340786781941, 36.339695396073026 ], [ 127.314559284552303, 36.339572805202479 ], [ 127.314742589829706, 36.339479684391179 ], [ 127.314777567164427, 36.339452287191513 ], [ 127.316222906735831, 36.338754226663625 ], [ 127.316241607056384, 36.338778779419457 ], [ 127.316287130834837, 36.338813076138401 ], [ 127.316329410532063, 36.338794769251948 ], [ 127.316411519921616, 36.338760389482843 ], [ 127.316713836422039, 36.338636627546187 ], [ 127.317203681953927, 36.338441195027002 ], [ 127.31762701350064, 36.338261526737369 ], [ 127.318061106662356, 36.338055252870888 ], [ 127.318248289614303, 36.337967153958601 ], [ 127.318440714936642, 36.337875454184548 ], [ 127.318838369235053, 36.337685513245042 ], [ 127.318996415343619, 36.337631131286301 ], [ 127.319227118915791, 36.337568868979872 ], [ 127.319649026764679, 36.337520732427819 ], [ 127.320079366099733, 36.337472644006041 ], [ 127.320238226886261, 36.337429901381434 ], [ 127.320347814981844, 36.337401798884606 ], [ 127.320634556204567, 36.337326353395845 ], [ 127.321014892429304, 36.337228929767988 ], [ 127.321086634687049, 36.337179768239785 ], [ 127.321423784327095, 36.336893987590955 ], [ 127.321852424490103, 36.336627903728733 ], [ 127.322578922145965, 36.336331955683889 ], [ 127.323097466026809, 36.336185752078897 ], [ 127.32337334350494, 36.3361083737081 ], [ 127.323508072617244, 36.336070648174498 ], [ 127.323809379733561, 36.3359828998788 ], [ 127.32401060582248, 36.335907857112957 ], [ 127.324043373811477, 36.335840144700242 ], [ 127.324793723569769, 36.335209621587069 ], [ 127.325278655298149, 36.334803105608771 ], [ 127.325412711669784, 36.334692429824713 ], [ 127.325680113361869, 36.334471782645295 ], [ 127.325669426264184, 36.334448894811587 ], [ 127.325604901567246, 36.334305882477757 ], [ 127.325746382572177, 36.334293900636808 ], [ 127.32579510932112, 36.334301473459753 ], [ 127.325873004657439, 36.334265611684103 ], [ 127.325898248465478, 36.334266840857985 ], [ 127.325999836400342, 36.33427178287188 ], [ 127.326049357031408, 36.334247875473601 ], [ 127.326102129414508, 36.334231898554791 ], [ 127.326099722227468, 36.334212773196192 ], [ 127.326008914964063, 36.334250562640797 ], [ 127.325970584716444, 36.334254875183646 ], [ 127.325948715505831, 36.334245535321685 ], [ 127.326072881321537, 36.334143365675331 ], [ 127.326079499420885, 36.334111662469958 ], [ 127.326089557974015, 36.33406625209512 ], [ 127.326117322054429, 36.334044079934486 ], [ 127.32627907593502, 36.333930696514862 ], [ 127.326353639585676, 36.333889265219312 ], [ 127.326488722220134, 36.333814569256994 ], [ 127.326508470351527, 36.333769123485702 ], [ 127.326591226007139, 36.3335602318638 ], [ 127.3266417361381, 36.333447601065927 ], [ 127.326716035648587, 36.333270426600166 ], [ 127.327317818348746, 36.332811370298437 ], [ 127.327704899174208, 36.332487613464465 ], [ 127.327703813897756, 36.332254005366991 ], [ 127.327413214648701, 36.331886434669222 ], [ 127.327263613322629, 36.33169643366346 ], [ 127.327143559991498, 36.331543705584863 ], [ 127.327080438859682, 36.331465051936583 ], [ 127.326868176438097, 36.331113685808852 ], [ 127.326766299121346, 36.330933656374782 ], [ 127.326639275864196, 36.330713917469659 ], [ 127.326531385984353, 36.330520629894913 ], [ 127.326462500659048, 36.330391877333405 ], [ 127.326364877967123, 36.330206059442496 ], [ 127.326315369108841, 36.330087275168424 ], [ 127.326259450946509, 36.329956441575199 ], [ 127.326131626100974, 36.329515898761287 ], [ 127.326140553440609, 36.329122782660626 ], [ 127.326171624624067, 36.328537142752019 ], [ 127.326201899871037, 36.328315407858547 ], [ 127.326240022158629, 36.32822947651659 ], [ 127.326250018546531, 36.328018989270745 ], [ 127.326217781333384, 36.327735612681835 ], [ 127.325698800314257, 36.327406516017703 ], [ 127.325613719959819, 36.327354307455785 ], [ 127.325044230401559, 36.326791733574744 ], [ 127.324741703780958, 36.326966316431786 ], [ 127.324370222828975, 36.327345119562814 ], [ 127.324261963509372, 36.327362200816246 ], [ 127.324145885722572, 36.327384629013942 ], [ 127.324009362187113, 36.327407517796189 ], [ 127.323770509666772, 36.327557062979245 ], [ 127.323709658213275, 36.327608792196294 ], [ 127.323434657179732, 36.327688827486547 ], [ 127.323146003208606, 36.327755723725126 ], [ 127.322812797124826, 36.32761024226712 ], [ 127.322628788582762, 36.327441451282731 ], [ 127.322464491089562, 36.3274350436633 ], [ 127.32207192321026, 36.327704529825269 ], [ 127.32188354162119, 36.327691400161818 ], [ 127.321547071053004, 36.327509552542388 ], [ 127.321494235055226, 36.327492751937875 ], [ 127.321219719925764, 36.32750953645747 ], [ 127.321106081059142, 36.327570390245413 ], [ 127.321084678911305, 36.3275957344094 ], [ 127.320987024348852, 36.327679110736973 ], [ 127.320833269218639, 36.327876410072022 ], [ 127.320794682089783, 36.327890769727283 ], [ 127.320652101803546, 36.327950069266308 ], [ 127.320548167547216, 36.327987628301464 ], [ 127.320309802115432, 36.327977215938972 ], [ 127.320263796923797, 36.327975022622802 ], [ 127.320144063902973, 36.327991932489425 ], [ 127.320063293926822, 36.328001979593488 ], [ 127.320028682839464, 36.328010939385223 ], [ 127.320026535637311, 36.328011494823393 ], [ 127.319921330431654, 36.328040612702509 ], [ 127.319679441643444, 36.328062101010339 ], [ 127.319524104354102, 36.328076608778922 ], [ 127.319327318339845, 36.328053638608857 ], [ 127.319125485568435, 36.328022003221889 ], [ 127.318907195906064, 36.327996746448989 ], [ 127.318829657810383, 36.328001863728247 ], [ 127.318623155660788, 36.328018894264083 ], [ 127.318213114569531, 36.328033940658038 ], [ 127.317989930051723, 36.328089836872365 ], [ 127.317657060252188, 36.328265428381869 ], [ 127.317495974521833, 36.328483821271242 ], [ 127.317397337959235, 36.328802457683388 ], [ 127.317360144876289, 36.328853427234812 ], [ 127.31720695701182, 36.329092030195852 ], [ 127.317135925996496, 36.329354963994028 ], [ 127.31705829765265, 36.329534160079731 ], [ 127.316878357478487, 36.329701379168242 ], [ 127.316777622235577, 36.329837361675573 ], [ 127.316672032622606, 36.329982107291833 ], [ 127.316457070226448, 36.330170388392204 ], [ 127.316319524948938, 36.330289894917676 ], [ 127.316180833470952, 36.330412513349792 ], [ 127.31599232316789, 36.330543328218361 ], [ 127.315915215699079, 36.330603630343866 ], [ 127.315852645076944, 36.330667336669826 ], [ 127.315582611165397, 36.330940696614512 ], [ 127.315218812589549, 36.331170712331158 ], [ 127.314942174391746, 36.331236601980407 ], [ 127.314820519662916, 36.331261883459781 ], [ 127.314787948457735, 36.331268997992339 ], [ 127.314723301713769, 36.331320804664109 ], [ 127.314636762510361, 36.331429307408882 ], [ 127.314544808051338, 36.331545628434796 ], [ 127.314398283574221, 36.331679827354101 ], [ 127.31424270162168, 36.331785644807688 ], [ 127.314085886543751, 36.331892357444502 ], [ 127.313959821337278, 36.331973756635939 ], [ 127.313742606665031, 36.332111392764951 ], [ 127.313710844410664, 36.332137132143437 ], [ 127.3133051376238, 36.332230949014878 ], [ 127.313194858214601, 36.332294030419625 ], [ 127.312982757622308, 36.332488651039675 ], [ 127.312849197384011, 36.332534364103076 ], [ 127.312657643666228, 36.332591537736576 ], [ 127.31251853317977, 36.332642032086603 ], [ 127.312379890580686, 36.332734645896835 ], [ 127.312305990206383, 36.33288296394516 ], [ 127.312286854576243, 36.332969670525046 ], [ 127.31228647234947, 36.333288443522079 ], [ 127.312222739678418, 36.333004721642851 ], [ 127.312214894999556, 36.332970145996171 ], [ 127.312210258587726, 36.332949737463629 ], [ 127.312194746854203, 36.332880432506073 ], [ 127.312130274617004, 36.332570163913516 ], [ 127.312043631972656, 36.332218877393551 ], [ 127.311981489611696, 36.331956563078933 ], [ 127.311918443015443, 36.33172730610989 ], [ 127.311907216338071, 36.331688017069851 ], [ 127.311896918388683, 36.331632964092769 ], [ 127.311845310564721, 36.331423349981804 ], [ 127.311834807945388, 36.331392494036606 ], [ 127.311803338049302, 36.331275783657468 ], [ 127.311774165195885, 36.331156922511497 ], [ 127.311763774090238, 36.33111765831994 ], [ 127.311754202260033, 36.331074345731302 ], [ 127.311733510776378, 36.33100745125747 ], [ 127.311722531269055, 36.330833805585485 ], [ 127.311724461854652, 36.33077857665721 ], [ 127.31170994149592, 36.330613564399137 ], [ 127.311712398481305, 36.330539409456627 ], [ 127.311723383744337, 36.330135799333874 ], [ 127.311727509518576, 36.330030288220698 ], [ 127.311733295456889, 36.329958665939941 ], [ 127.311740270868356, 36.329858392257833 ], [ 127.311734698040695, 36.329820827778185 ], [ 127.311747921626747, 36.329684067373606 ], [ 127.311751646260944, 36.329637512080801 ], [ 127.311774029681843, 36.329575047693766 ], [ 127.311790855878158, 36.329537947747419 ], [ 127.311772585276387, 36.329511311422131 ], [ 127.311758325124288, 36.329496163661169 ], [ 127.311791520258296, 36.329503268855603 ], [ 127.311805049985068, 36.329412855011441 ], [ 127.311824408902822, 36.329236490095013 ], [ 127.311828811159302, 36.329141765295788 ], [ 127.311835269491752, 36.329015061508215 ], [ 127.311836436465967, 36.328991979415783 ], [ 127.311804676751919, 36.32876541664367 ], [ 127.311796447713419, 36.328712394911676 ], [ 127.311718768917743, 36.328696366405666 ], [ 127.311698910902351, 36.328505215873463 ], [ 127.311668513552888, 36.327992797119272 ], [ 127.311703319235946, 36.32795120772996 ] ] ] ] } },
{ "type": "Feature", "properties": { "EMD_CD": "30200106", "EMD_ENG_NM": "Gyesan-dong", "EMD_KOR_NM": "계산동" }, "geometry": { "type": "MultiPolygon", "coordinates": [ [ [ [ 127.311748640317774, 36.327269604244854 ], [ 127.311698375773901, 36.327167640686277 ], [ 127.31162224951342, 36.327017450284629 ], [ 127.311584059846226, 36.326941310030186 ], [ 127.311549900188794, 36.32687318877074 ], [ 127.311505634729926, 36.326742038552531 ], [ 127.31147442612783, 36.326538850633298 ], [ 127.311489922058783, 36.326390963798652 ], [ 127.311512652915738, 36.326163349327963 ], [ 127.311534724681522, 36.326002729853343 ], [ 127.311568467319745, 36.325707075165852 ], [ 127.311781425156539, 36.3240834081736 ], [ 127.311717863643381, 36.324090530219998 ], [ 127.311555797337689, 36.324097168826526 ], [ 127.311534434811648, 36.324076830656544 ], [ 127.311187838423706, 36.324002517111474 ], [ 127.311169046141814, 36.323998456441984 ], [ 127.311158539542618, 36.32396345500306 ], [ 127.311309335288783, 36.323973662066692 ], [ 127.311312701878535, 36.32397450945674 ], [ 127.311109385056852, 36.323609276502253 ], [ 127.310568829427311, 36.323428385806075 ], [ 127.310404564972373, 36.323233273529993 ], [ 127.310231274483641, 36.322977255904512 ], [ 127.3101591850711, 36.322849286006686 ], [ 127.309953883134455, 36.322043183328489 ], [ 127.309071493685707, 36.321950635438952 ], [ 127.309041601856279, 36.321947260849889 ], [ 127.308913500458601, 36.321932811098009 ], [ 127.308715200897453, 36.321902536779298 ], [ 127.308501121104015, 36.321971558077152 ], [ 127.30843396526403, 36.321993205537545 ], [ 127.308394971011921, 36.322017186797297 ], [ 127.308379573896488, 36.322026814829677 ], [ 127.308272746725621, 36.322098624313078 ], [ 127.307997025114162, 36.322283856205551 ], [ 127.307872262116263, 36.322368444920166 ], [ 127.307575396347829, 36.322506706719814 ], [ 127.307513980407109, 36.322529735786368 ], [ 127.307281807824666, 36.322529167429117 ], [ 127.307225275430483, 36.322451072024258 ], [ 127.307071937392408, 36.322436306352202 ], [ 127.306868567420494, 36.322416729871087 ], [ 127.306357485723993, 36.322730615984895 ], [ 127.305972676182918, 36.322786964982718 ], [ 127.305118732838025, 36.322759542518284 ], [ 127.304559617461166, 36.322741577125633 ], [ 127.304338559175662, 36.322974370180624 ], [ 127.303833825346871, 36.322873797084029 ], [ 127.303421090085536, 36.322825113473883 ], [ 127.303196980430187, 36.322807484610934 ], [ 127.303049168397607, 36.322767304719655 ], [ 127.302966447392663, 36.322747056702489 ], [ 127.302960304287382, 36.322736573506546 ], [ 127.302851228629848, 36.322815989737073 ], [ 127.302342595527307, 36.322731641316189 ], [ 127.301999588588529, 36.322764676066818 ], [ 127.301492164806518, 36.323033311249361 ], [ 127.301496332470691, 36.323103736628653 ], [ 127.301497395502977, 36.323110871266735 ], [ 127.301505765965246, 36.323138849765854 ], [ 127.301533528278753, 36.323231610119649 ], [ 127.301530014728243, 36.323352178127642 ], [ 127.301454272274967, 36.323400689223462 ], [ 127.301059682731065, 36.323621213997022 ], [ 127.300061486176944, 36.324228706211187 ], [ 127.298859345821441, 36.324814420555875 ], [ 127.298830599638478, 36.324828433240263 ], [ 127.298050834043948, 36.32438795660007 ], [ 127.297955556978678, 36.324334131460162 ], [ 127.29714569839895, 36.325052120751025 ], [ 127.297062688863448, 36.325247664691268 ], [ 127.296391393724477, 36.325213392903173 ], [ 127.295901598987655, 36.324375065756406 ], [ 127.294860198128816, 36.325603566479906 ], [ 127.29493580521347, 36.32631929212473 ], [ 127.294630719422827, 36.32696396603918 ], [ 127.293785485263456, 36.328006369836864 ], [ 127.293343855991949, 36.328562410210104 ], [ 127.293323388210695, 36.328601877552011 ], [ 127.292722680323749, 36.329759945839818 ], [ 127.292631417429646, 36.33001950808103 ], [ 127.292242486608785, 36.330891421563855 ], [ 127.291707835688712, 36.331295527708029 ], [ 127.291314389410545, 36.331596293960914 ], [ 127.290871459584807, 36.331901197961074 ], [ 127.29064751263131, 36.332223233745893 ], [ 127.290610137821972, 36.332631087306204 ], [ 127.289619450059845, 36.332644987612881 ], [ 127.288505816204562, 36.332162078467611 ], [ 127.288020228471211, 36.331847237869212 ], [ 127.287665584417709, 36.331622316386877 ], [ 127.287069385064854, 36.331295327499753 ], [ 127.286703671606404, 36.33109072402128 ], [ 127.28566333988374, 36.330828527099392 ], [ 127.285271156664422, 36.33072785148309 ], [ 127.284806019365774, 36.330604403627547 ], [ 127.283959187984223, 36.33100461878562 ], [ 127.282742784963034, 36.330662553808267 ], [ 127.281946142414071, 36.331585696158122 ], [ 127.280435170697629, 36.332352346287863 ], [ 127.279838193446949, 36.333859960261847 ], [ 127.280056852948377, 36.33479510355955 ], [ 127.280212875792955, 36.335764474772695 ], [ 127.280161647795751, 36.336276397724667 ], [ 127.280770585411503, 36.336640212958066 ], [ 127.281502790909784, 36.337372541512018 ], [ 127.281967728182252, 36.337961665737254 ], [ 127.281972266564082, 36.338217813568761 ], [ 127.282264220949898, 36.338339164917578 ], [ 127.282892509234031, 36.339222990666215 ], [ 127.28384524372963, 36.340165983881917 ], [ 127.284516216506304, 36.340625148423342 ], [ 127.28457544689978, 36.340684945140964 ], [ 127.284595562086679, 36.340721404001009 ], [ 127.284634558275684, 36.34089339956315 ], [ 127.284680711193559, 36.341116096147807 ], [ 127.284712812377961, 36.341211084783055 ], [ 127.284900219025801, 36.341765600636371 ], [ 127.285075765045576, 36.342046638427121 ], [ 127.285273930567101, 36.342292413426257 ], [ 127.285441456775089, 36.342456263204333 ], [ 127.286618478312334, 36.343428024693843 ], [ 127.286944748433825, 36.343730057724905 ], [ 127.287350275979122, 36.344080320270855 ], [ 127.287487360576463, 36.344163395773663 ], [ 127.287645029609251, 36.344291723754196 ], [ 127.287778057675126, 36.344410648247134 ], [ 127.287920450534926, 36.344482878441582 ], [ 127.288079978420555, 36.344507079961502 ], [ 127.288319494980755, 36.344691182532401 ], [ 127.288338921326499, 36.344706113385286 ], [ 127.288549581151187, 36.344936983480316 ], [ 127.28873645592283, 36.345160881223109 ], [ 127.288874657532858, 36.345310567058412 ], [ 127.289103227590559, 36.345558118826951 ], [ 127.289236615159098, 36.345625205390036 ], [ 127.289318996945369, 36.345659648050855 ], [ 127.289516720176451, 36.345748955428277 ], [ 127.289588684423151, 36.345764651599389 ], [ 127.289635772931916, 36.345771026509347 ], [ 127.289845838658422, 36.34579966372582 ], [ 127.28992769423067, 36.345806080790453 ], [ 127.29003462139751, 36.345820529790103 ], [ 127.290133086189385, 36.345826933645476 ], [ 127.290228924350387, 36.345830946648796 ], [ 127.290430988143797, 36.345828340518153 ], [ 127.290885498855559, 36.345979268426852 ], [ 127.29097464199242, 36.346007277225468 ], [ 127.291304157917878, 36.346104571118396 ], [ 127.291897094816221, 36.346075700046391 ], [ 127.292422609033196, 36.345976653734638 ], [ 127.292927277636892, 36.345900996299314 ], [ 127.293141855535495, 36.34586665184402 ], [ 127.293855622820161, 36.345772492619432 ], [ 127.294366652878978, 36.345715602976838 ], [ 127.295045453459693, 36.345598623563525 ], [ 127.295698832156646, 36.345274550528835 ], [ 127.295954444649638, 36.34534359056515 ], [ 127.295999037226721, 36.345355637488133 ], [ 127.296127566926316, 36.345382545073619 ], [ 127.296644447399729, 36.345259449217671 ], [ 127.296734630328004, 36.345237976822688 ], [ 127.296888421118169, 36.345228558027777 ], [ 127.296989778941324, 36.345222359714228 ], [ 127.297090396306189, 36.345202988015089 ], [ 127.297539506035875, 36.345116526322727 ], [ 127.297807240084126, 36.345112222044463 ], [ 127.297967227738837, 36.345109644413732 ], [ 127.298275878966891, 36.345041191293291 ], [ 127.298341871979218, 36.345059420302917 ], [ 127.299246641361108, 36.345309245216875 ], [ 127.299322224705691, 36.345332982982491 ], [ 127.299617543417014, 36.345425752205458 ], [ 127.299833846789454, 36.345424347284322 ], [ 127.30012111690192, 36.345322797683686 ], [ 127.300207187601586, 36.345292357276271 ], [ 127.300593598146847, 36.345234310574732 ], [ 127.301008063664412, 36.345172046924567 ], [ 127.301152107569962, 36.345145416669702 ], [ 127.301266062518977, 36.345124358868468 ], [ 127.301268533749464, 36.345123902083678 ], [ 127.301567719345172, 36.345068585271108 ], [ 127.301686150868008, 36.345035656847195 ], [ 127.301894653605416, 36.345033699617225 ], [ 127.301927805646002, 36.345080296971226 ], [ 127.30203042186605, 36.344940807929277 ], [ 127.302590947475593, 36.344936783593738 ], [ 127.30303476442019, 36.34491259457203 ], [ 127.303472470111586, 36.344863637124568 ], [ 127.303904052647809, 36.344786937482475 ], [ 127.304329732631643, 36.344682044566959 ], [ 127.30466284856395, 36.344578736749469 ], [ 127.305067169584987, 36.344424421065035 ], [ 127.30672836243015, 36.343673568966935 ], [ 127.306439332869786, 36.343254360768434 ], [ 127.306404482822956, 36.343144146255668 ], [ 127.305891069207703, 36.342341519590292 ], [ 127.305756253375023, 36.342190105533149 ], [ 127.305114874009547, 36.341188822282895 ], [ 127.305008509287561, 36.341077256989713 ], [ 127.304865885876296, 36.340836014844328 ], [ 127.304822815553948, 36.340702029737223 ], [ 127.30370842612777, 36.338814643773247 ], [ 127.304107373384241, 36.338631687546332 ], [ 127.304213188839668, 36.338660076859576 ], [ 127.30537339338504, 36.338173743546058 ], [ 127.305230394799622, 36.337949534826215 ], [ 127.305200843561181, 36.337969435723025 ], [ 127.305032918874716, 36.33806700874203 ], [ 127.304992285735352, 36.3381015367289 ], [ 127.304984723479379, 36.338104619919434 ], [ 127.30496281699989, 36.338076694135012 ], [ 127.30494403154232, 36.338058030697766 ], [ 127.30494440365463, 36.337789194710716 ], [ 127.304957336850464, 36.337545475758247 ], [ 127.304970175988387, 36.337289014450413 ], [ 127.30498127233443, 36.337068559409516 ], [ 127.305105344975019, 36.336928418313398 ], [ 127.304477530146116, 36.336189355545514 ], [ 127.304712450025619, 36.335778996424999 ], [ 127.304647320016997, 36.335461552219073 ], [ 127.3042110774348, 36.335420041462172 ], [ 127.304038664410783, 36.335418684693394 ], [ 127.303776468033931, 36.335432117744695 ], [ 127.303333463179086, 36.335629711116574 ], [ 127.302345207599387, 36.335074547901669 ], [ 127.302178116701626, 36.334287072623468 ], [ 127.302146355154662, 36.334137404555307 ], [ 127.302192740318034, 36.33359716059892 ], [ 127.302192254749713, 36.333575146154317 ], [ 127.30219168857127, 36.333549545242278 ], [ 127.302489672449525, 36.333161745537943 ], [ 127.3026252557612, 36.333168023296032 ], [ 127.30335216389247, 36.33320167786146 ], [ 127.303419318502378, 36.333179735825894 ], [ 127.303769572530385, 36.333065292814354 ], [ 127.303809986714185, 36.333052088446109 ], [ 127.303969344505205, 36.332939110674062 ], [ 127.304240808589867, 36.332706461314395 ], [ 127.30435660178162, 36.332604101045916 ], [ 127.304561742418343, 36.332409891830672 ], [ 127.304791065814698, 36.332225281476369 ], [ 127.304857695930309, 36.33216605847597 ], [ 127.305054904517931, 36.331994911545806 ], [ 127.305085505413246, 36.331970538182759 ], [ 127.305130963088629, 36.33193733161621 ], [ 127.305176565059057, 36.331904007513089 ], [ 127.305232590778658, 36.331867538842808 ], [ 127.30564456812759, 36.331559668613636 ], [ 127.305784188563649, 36.331456354152564 ], [ 127.306053109329852, 36.331256870307257 ], [ 127.306138363412813, 36.331169996180314 ], [ 127.306307470694662, 36.331002739764564 ], [ 127.306450092209403, 36.330861198089607 ], [ 127.306682046020185, 36.33071937410773 ], [ 127.306788827109415, 36.33063808589128 ], [ 127.306991868860848, 36.330485385889517 ], [ 127.307031562311039, 36.330456735244105 ], [ 127.307080285024824, 36.330421564038012 ], [ 127.307278377233175, 36.330285097328762 ], [ 127.307608007002088, 36.330098737935543 ], [ 127.307737982147756, 36.33002797825457 ], [ 127.307775325952178, 36.330005236069681 ], [ 127.307997285189415, 36.329883468230335 ], [ 127.308032174131682, 36.329865265164372 ], [ 127.308102189047872, 36.329832517159488 ], [ 127.308312651995195, 36.329733082275517 ], [ 127.308482506338024, 36.329653189645995 ], [ 127.308597106523564, 36.329598464352586 ], [ 127.308741582839417, 36.329582133266271 ], [ 127.309153602597334, 36.329532410048017 ], [ 127.309350815583556, 36.329448552689364 ], [ 127.309420579263048, 36.329420121181833 ], [ 127.30969008989554, 36.329306671682566 ], [ 127.309742481464724, 36.329284484855684 ], [ 127.310091520746894, 36.329136701871484 ], [ 127.310127056052224, 36.329121632609848 ], [ 127.310413097771345, 36.328857210187238 ], [ 127.310664775810181, 36.328625732765389 ], [ 127.310758187982373, 36.328539492077155 ], [ 127.310816549393707, 36.32849504835864 ], [ 127.311047551640257, 36.328319153967556 ], [ 127.311407685306676, 36.328044164722705 ], [ 127.311454608883977, 36.32800833853463 ], [ 127.31154215890821, 36.327941163248866 ], [ 127.311703319235946, 36.32795120772996 ], [ 127.311727341759834, 36.327821917026441 ], [ 127.311802195368031, 36.327591905314101 ], [ 127.311772889436398, 36.327366084082954 ], [ 127.311748640317774, 36.327269604244854 ] ] ] ] } },
{ "type": "Feature", "properties": { "EMD_CD": "30200107", "EMD_ENG_NM": "Seongbuk-dong", "EMD_KOR_NM": "성북동" }, "geometry": { "type": "MultiPolygon", "coordinates": [ [ [ [ 127.30779962490729, 36.297779841132545 ], [ 127.307764005719335, 36.29740256378841 ], [ 127.307995221137489, 36.297143351026349 ], [ 127.308339096858674, 36.296932205997805 ], [ 127.308562126928848, 36.296795249028136 ], [ 127.308582812238413, 36.296758526937019 ], [ 127.308862417877251, 36.296343554598252 ], [ 127.309501798616836, 36.29582565090373 ], [ 127.309654976416198, 36.295645813468624 ], [ 127.310132036115633, 36.295085734877809 ], [ 127.31007800214033, 36.294721816020683 ], [ 127.30956695169283, 36.294663340601183 ], [ 127.309415907307084, 36.29464059640361 ], [ 127.308587850558794, 36.294379906087109 ], [ 127.30741657048047, 36.29400287225635 ], [ 127.307352847864991, 36.294062395951983 ], [ 127.307175864023861, 36.294244337029802 ], [ 127.306763215282331, 36.294145342329955 ], [ 127.306237887576714, 36.294026573182592 ], [ 127.305956104359026, 36.293962820647472 ], [ 127.305934399606571, 36.293957910413944 ], [ 127.30562079364671, 36.293883694308313 ], [ 127.305214522254104, 36.293852266480336 ], [ 127.304567274818666, 36.294014607090467 ], [ 127.304126128168647, 36.294127930278165 ], [ 127.303781435342216, 36.293968338197807 ], [ 127.303663746335218, 36.293913861986852 ], [ 127.303374504024916, 36.293779992430331 ], [ 127.303077789061163, 36.293656675804378 ], [ 127.303062308985488, 36.293640583735439 ], [ 127.302899997029556, 36.293489045121234 ], [ 127.302557930422068, 36.293391561167567 ], [ 127.301771302738473, 36.293399126503743 ], [ 127.30153808982881, 36.293203164683433 ], [ 127.301220935132832, 36.292956000547193 ], [ 127.300990682406933, 36.292776557852847 ], [ 127.30089126205749, 36.292989386088742 ], [ 127.30088329794205, 36.292959036277708 ], [ 127.300855100833161, 36.292889256444688 ], [ 127.300829514444231, 36.292783098459203 ], [ 127.300832763505454, 36.292666135233461 ], [ 127.300852735274532, 36.29262846098446 ], [ 127.300886683528134, 36.292522361213926 ], [ 127.300893963273168, 36.292487233026783 ], [ 127.300900706811504, 36.292463271797693 ], [ 127.300908230607234, 36.292422096082674 ], [ 127.30091275577881, 36.292397329345775 ], [ 127.300898698730165, 36.292392218808793 ], [ 127.300855304890106, 36.292397761570264 ], [ 127.300851191117317, 36.292402007413848 ], [ 127.300809898907872, 36.292427343814758 ], [ 127.300742951696392, 36.29246841592397 ], [ 127.300634922164207, 36.292508202963418 ], [ 127.300556912856393, 36.292553069573302 ], [ 127.300547826747533, 36.292558292104786 ], [ 127.300546891580481, 36.292564107052442 ], [ 127.300539203064915, 36.292611762637861 ], [ 127.300503496086378, 36.292627595542321 ], [ 127.300468455843415, 36.29264312036792 ], [ 127.300385414434402, 36.292644166069273 ], [ 127.300184742346815, 36.292707101239486 ], [ 127.299904809063335, 36.29279627799874 ], [ 127.299799274605462, 36.292845457359661 ], [ 127.299756589843483, 36.292858973393471 ], [ 127.299728848829901, 36.29285318492007 ], [ 127.299708292955032, 36.292836987919429 ], [ 127.299660530349229, 36.292812054236023 ], [ 127.299606819339402, 36.2928153603103 ], [ 127.299570348829263, 36.292841252004564 ], [ 127.299558714339938, 36.29286721695707 ], [ 127.299535245499314, 36.292875386073568 ], [ 127.299523281508343, 36.29289667472149 ], [ 127.299518539939783, 36.292920279422326 ], [ 127.299490188952944, 36.292947295352441 ], [ 127.299415079073498, 36.292987927458029 ], [ 127.299379937113429, 36.293026576487016 ], [ 127.299365093212742, 36.29304289778181 ], [ 127.299354028245901, 36.293075214611264 ], [ 127.299311143237958, 36.29312396710742 ], [ 127.299308926382864, 36.293126486920002 ], [ 127.299254090547308, 36.293182460573618 ], [ 127.298596094237993, 36.292452393495857 ], [ 127.298798778110722, 36.292186014658483 ], [ 127.298842494474854, 36.292130510434966 ], [ 127.298862355115972, 36.292095603411518 ], [ 127.298909263310719, 36.292024654015499 ], [ 127.298955892425155, 36.291956453893015 ], [ 127.299101559466692, 36.291737906787901 ], [ 127.299184584179557, 36.291515865690748 ], [ 127.299151318975561, 36.291397848882042 ], [ 127.299142806422168, 36.291360633319762 ], [ 127.299573635694728, 36.290705636926276 ], [ 127.299975424775411, 36.290135007798028 ], [ 127.300011840077346, 36.29008329730091 ], [ 127.300527400245471, 36.289174484697277 ], [ 127.300730439105223, 36.288666810577624 ], [ 127.301042491039311, 36.288341108735644 ], [ 127.300259193835501, 36.287389880864701 ], [ 127.300861345589908, 36.286629689060042 ], [ 127.30083207210771, 36.286350324270224 ], [ 127.300730817895754, 36.28538398031602 ], [ 127.299718511283046, 36.285745827966828 ], [ 127.299401599294399, 36.286311550036636 ], [ 127.298482898074823, 36.286646596184255 ], [ 127.297932934563562, 36.286304574931492 ], [ 127.297868969051592, 36.28626480216812 ], [ 127.297693853598261, 36.286155913824771 ], [ 127.296816490420383, 36.286736749954095 ], [ 127.296103425542015, 36.28651845856043 ], [ 127.295855155752292, 36.286557252988437 ], [ 127.295595785425391, 36.287040365275232 ], [ 127.295046674086194, 36.287089693388261 ], [ 127.294917967596049, 36.287111781800469 ], [ 127.294425358464892, 36.287372727823545 ], [ 127.294128630755523, 36.287790250357126 ], [ 127.293755790231415, 36.287860471990726 ], [ 127.293189146431828, 36.287747036164411 ], [ 127.292787834610465, 36.287365949902835 ], [ 127.292631431110621, 36.287351776730212 ], [ 127.292156835854954, 36.287321930661207 ], [ 127.291528521472372, 36.287275180011818 ], [ 127.291485874891634, 36.287274517438 ], [ 127.291131555547381, 36.287160610810488 ], [ 127.291085522937706, 36.28720153677272 ], [ 127.290444574344377, 36.287740055775977 ], [ 127.290216913344608, 36.287800038542692 ], [ 127.289789625422387, 36.287873272058533 ], [ 127.288230479274446, 36.288140472034975 ], [ 127.287793145672779, 36.287865947883688 ], [ 127.287705360287717, 36.287810248780588 ], [ 127.287663673434437, 36.287965802217499 ], [ 127.28761504598647, 36.288147281186866 ], [ 127.286741413279785, 36.288651199822311 ], [ 127.285718922266014, 36.288886301365693 ], [ 127.284905214129068, 36.290083125959598 ], [ 127.2847622801592, 36.290242568047361 ], [ 127.284456471461979, 36.290517746584541 ], [ 127.284358183966972, 36.29075386308498 ], [ 127.283916333442804, 36.291045628270012 ], [ 127.283661216203868, 36.291572015164249 ], [ 127.283590856264425, 36.291721858196986 ], [ 127.283621830052468, 36.292112744109005 ], [ 127.283590838945159, 36.29254888025342 ], [ 127.28357658727208, 36.292872861064779 ], [ 127.283571666882494, 36.292950175893722 ], [ 127.283496553703245, 36.293406692581158 ], [ 127.28336271688714, 36.293857003327631 ], [ 127.283325760592561, 36.294058972752175 ], [ 127.283216395696741, 36.294346589689177 ], [ 127.283015487072518, 36.294900288131963 ], [ 127.282931663497791, 36.295133719781695 ], [ 127.282967299483829, 36.295691808546906 ], [ 127.282999675920735, 36.296157434891143 ], [ 127.282925406642732, 36.296615093497536 ], [ 127.282919886096039, 36.29670532356694 ], [ 127.282755178955227, 36.29739088683754 ], [ 127.282608481767838, 36.297800259101336 ], [ 127.282355024419459, 36.2984596708448 ], [ 127.282326504111737, 36.298637324206652 ], [ 127.282309465583154, 36.298735286353462 ], [ 127.282185182104143, 36.298904450147916 ], [ 127.281418733158489, 36.299116735430175 ], [ 127.280823490891919, 36.299199801400881 ], [ 127.280390638290868, 36.300081552186207 ], [ 127.280141474681315, 36.30040917999802 ], [ 127.280118082293299, 36.300596562579408 ], [ 127.280097319357836, 36.301006800560693 ], [ 127.280303557970811, 36.301537033022662 ], [ 127.280306573055583, 36.30154583952006 ], [ 127.280317407076424, 36.301577472665322 ], [ 127.28030739915593, 36.301734147908022 ], [ 127.280294469121117, 36.302089584924552 ], [ 127.279917685109396, 36.302441805478104 ], [ 127.279819069306058, 36.302533982345309 ], [ 127.279336820129316, 36.30309854790994 ], [ 127.278089552923831, 36.303040285947567 ], [ 127.27776514114548, 36.303709025617536 ], [ 127.277735330409044, 36.303770491790985 ], [ 127.277904389754823, 36.304349441647318 ], [ 127.277731865260549, 36.304521127368886 ], [ 127.277842865876863, 36.304845249999325 ], [ 127.277957636267473, 36.305180421247492 ], [ 127.277809056367815, 36.305392361390851 ], [ 127.277413172195025, 36.305971940250551 ], [ 127.277498449813507, 36.306699300549369 ], [ 127.27749319520548, 36.30691434277329 ], [ 127.277488723434089, 36.307038742698523 ], [ 127.277571825720528, 36.307221102450889 ], [ 127.277877740134073, 36.307531184869489 ], [ 127.277990917321773, 36.307647283264615 ], [ 127.278042962857526, 36.307698908519797 ], [ 127.278063839349883, 36.308792908115485 ], [ 127.278034513477095, 36.308884950152695 ], [ 127.277671433111834, 36.310126179363976 ], [ 127.277648811988797, 36.310203192181099 ], [ 127.277500380661976, 36.310498111862323 ], [ 127.277068990223626, 36.311355216590776 ], [ 127.275896692634149, 36.311549917999209 ], [ 127.275708861794385, 36.312637898743148 ], [ 127.275601032402761, 36.312835503836652 ], [ 127.275073627003891, 36.313833702216726 ], [ 127.275079552169942, 36.313872313104319 ], [ 127.275129881625631, 36.314200136222823 ], [ 127.275664391478728, 36.314874244510271 ], [ 127.275401222124927, 36.315329797905136 ], [ 127.275162694870062, 36.316050492565076 ], [ 127.275025947446977, 36.316336091043993 ], [ 127.274861342915628, 36.316632666310362 ], [ 127.274369922992719, 36.317243236775205 ], [ 127.274363228519675, 36.317830539762006 ], [ 127.274351079126177, 36.317887945398262 ], [ 127.274275184307882, 36.31829555848531 ], [ 127.274383626770899, 36.318813829816094 ], [ 127.274261971215424, 36.319335717305634 ], [ 127.274130392341945, 36.319912085335851 ], [ 127.27356535228347, 36.320011213416748 ], [ 127.273727423046722, 36.320231470362771 ], [ 127.27288165428719, 36.320858088773484 ], [ 127.27261619597887, 36.321370550107062 ], [ 127.272145593265151, 36.321705871734601 ], [ 127.272131662995193, 36.322002534328433 ], [ 127.271725600331635, 36.322134574090683 ], [ 127.271131020925651, 36.322166421581187 ], [ 127.270696309747194, 36.322200339358822 ], [ 127.270544108952308, 36.322935518811057 ], [ 127.270383959467793, 36.323704744257313 ], [ 127.27002877252508, 36.324091336010852 ], [ 127.269657697110205, 36.32448646943385 ], [ 127.269518007601292, 36.324635251408473 ], [ 127.269134258745609, 36.325338063882135 ], [ 127.268957392273734, 36.32582253514439 ], [ 127.268685645919774, 36.326201861835628 ], [ 127.268319718842093, 36.326491740241757 ], [ 127.267775743539289, 36.326922651706646 ], [ 127.26720761528675, 36.327372692249305 ], [ 127.26666516881393, 36.327525438507664 ], [ 127.26618642271076, 36.328392249540201 ], [ 127.266116641102684, 36.328518586577424 ], [ 127.266112036976153, 36.328533314058468 ], [ 127.265987488303821, 36.329060218251314 ], [ 127.266179921587266, 36.329617673640847 ], [ 127.266700273174436, 36.330105453216298 ], [ 127.267066770661444, 36.330449004315753 ], [ 127.26769506079718, 36.331287951978076 ], [ 127.268236994543926, 36.331445017480313 ], [ 127.26823548751976, 36.331448100438344 ], [ 127.268764207570044, 36.331625533416073 ], [ 127.269236080805655, 36.331298153008667 ], [ 127.270492819301253, 36.330985507392263 ], [ 127.27098125191614, 36.331314011700549 ], [ 127.27175844483088, 36.331220553327327 ], [ 127.27240440097593, 36.331232996071009 ], [ 127.272735838792727, 36.331048233561376 ], [ 127.273435521755431, 36.33102877338596 ], [ 127.275139871718196, 36.331258972526392 ], [ 127.276349110373118, 36.331524531547828 ], [ 127.276986234057389, 36.331902945720699 ], [ 127.277183274494391, 36.332024131888872 ], [ 127.277657702961946, 36.331256137321724 ], [ 127.278123662566799, 36.330700612261872 ], [ 127.279123736009524, 36.329750312014745 ], [ 127.27996178711102, 36.329618070658199 ], [ 127.280715706107927, 36.329448981724866 ], [ 127.281492398896049, 36.32918997857589 ], [ 127.281876535705081, 36.328928990094283 ], [ 127.282001807793449, 36.329948176867873 ], [ 127.282742784963034, 36.330662553808267 ], [ 127.283959187984223, 36.33100461878562 ], [ 127.284806019365774, 36.330604403627547 ], [ 127.285271156664422, 36.33072785148309 ], [ 127.28566333988374, 36.330828527099392 ], [ 127.286703671606404, 36.33109072402128 ], [ 127.287069385064854, 36.331295327499753 ], [ 127.287665584417709, 36.331622316386877 ], [ 127.288020228471211, 36.331847237869212 ], [ 127.288505816204562, 36.332162078467611 ], [ 127.289619450059845, 36.332644987612881 ], [ 127.290610137821972, 36.332631087306204 ], [ 127.29064751263131, 36.332223233745893 ], [ 127.290871459584807, 36.331901197961074 ], [ 127.291314389410545, 36.331596293960921 ], [ 127.291707835688712, 36.331295527708029 ], [ 127.292242486608785, 36.330891421563855 ], [ 127.292631417429646, 36.33001950808103 ], [ 127.292722680323749, 36.329759945839818 ], [ 127.293323388210695, 36.328601877552011 ], [ 127.293343855991949, 36.328562410210104 ], [ 127.293785485263456, 36.328006369836864 ], [ 127.294630719422827, 36.32696396603918 ], [ 127.29493580521347, 36.32631929212473 ], [ 127.294860198128816, 36.325603566479906 ], [ 127.294308936664223, 36.324820121040105 ], [ 127.294353510030504, 36.323943267706696 ], [ 127.294133897777357, 36.323511457801182 ], [ 127.293395449647448, 36.323338471448871 ], [ 127.293183617236181, 36.322840818900609 ], [ 127.293223934870809, 36.32248330538367 ], [ 127.293825205223129, 36.32135542129312 ], [ 127.293581776674827, 36.320942782338548 ], [ 127.293447999168464, 36.320716030935053 ], [ 127.293060570919707, 36.320436927226076 ], [ 127.292655972224352, 36.320145445865876 ], [ 127.293294422219461, 36.318577167943943 ], [ 127.293598174847276, 36.318195679261912 ], [ 127.29366362452339, 36.318113476254773 ], [ 127.294365541242811, 36.317782874460811 ], [ 127.296339371036254, 36.316857281783172 ], [ 127.296727998476371, 36.316673482999512 ], [ 127.29691824396231, 36.316521741575556 ], [ 127.297122765875699, 36.316358600710615 ], [ 127.297587371987063, 36.315811247959353 ], [ 127.298250513251247, 36.314079651458187 ], [ 127.299236792124546, 36.313261373005126 ], [ 127.300133671071933, 36.312533742785462 ], [ 127.300330902437835, 36.312285363258127 ], [ 127.30054038879787, 36.312021560644489 ], [ 127.300718675861717, 36.311461015157228 ], [ 127.300996807690098, 36.310994302125359 ], [ 127.301067576881238, 36.310847998980002 ], [ 127.30131237488645, 36.310418127706924 ], [ 127.30138546734949, 36.310041405606576 ], [ 127.301404929531458, 36.30991320941488 ], [ 127.301469071912649, 36.309490747914033 ], [ 127.301486218706842, 36.3094383465004 ], [ 127.30155325211112, 36.309122595064117 ], [ 127.301580930183633, 36.309029055500389 ], [ 127.302066376829742, 36.308529313799127 ], [ 127.302185674840018, 36.308046217114082 ], [ 127.302419619403096, 36.307765713806134 ], [ 127.302904573759776, 36.307558077489446 ], [ 127.30298744270533, 36.307522596456479 ], [ 127.302963737601672, 36.307210100891496 ], [ 127.302938098776465, 36.306536886868585 ], [ 127.302939806671915, 36.30624006172723 ], [ 127.30297954482819, 36.305974168219365 ], [ 127.302856221724568, 36.305877872905242 ], [ 127.30328458426284, 36.305214634088735 ], [ 127.303352177420663, 36.304942911573249 ], [ 127.303729114940467, 36.304481619672153 ], [ 127.303812767279354, 36.304381773958951 ], [ 127.304340889933911, 36.303861593244555 ], [ 127.304990699111499, 36.303221542056484 ], [ 127.30504863981929, 36.303164467551824 ], [ 127.305223457297217, 36.302802146548359 ], [ 127.305267735774819, 36.302710384252791 ], [ 127.305621817216235, 36.302415564879773 ], [ 127.306093427117261, 36.301652868823055 ], [ 127.306401499661135, 36.301161166756948 ], [ 127.306552589471124, 36.300377756566846 ], [ 127.30674715625463, 36.300264288266064 ], [ 127.306718313267581, 36.300019331505247 ], [ 127.30667396911042, 36.299373218661813 ], [ 127.306686278514221, 36.299257944537693 ], [ 127.306713535848303, 36.299090291804518 ], [ 127.306747561390637, 36.298931074836091 ], [ 127.306956793748867, 36.298773798489918 ], [ 127.307370570743061, 36.298462545986503 ], [ 127.307360284268654, 36.298351420932171 ], [ 127.307312954280704, 36.297839870784209 ], [ 127.307469720072888, 36.297786849891864 ], [ 127.30779962490729, 36.297779841132545 ] ] ] ] } },
{ "type": "Feature", "properties": { "EMD_CD": "30200108", "EMD_ENG_NM": "Se-dong", "EMD_KOR_NM": "세동" }, "geometry": { "type": "MultiPolygon", "coordinates": [ [ [ [ 127.260663889193907, 36.30185205908964 ], [ 127.259982368563016, 36.302543262033232 ], [ 127.259508578442905, 36.303093166395435 ], [ 127.258420397422256, 36.303505258028977 ], [ 127.258400361593246, 36.304131331659889 ], [ 127.258521144409201, 36.304889188729433 ], [ 127.258528969093561, 36.305472414056425 ], [ 127.25837896182739, 36.306785916999139 ], [ 127.258348790888846, 36.307561003111843 ], [ 127.258374851719168, 36.308180499340509 ], [ 127.258249080547543, 36.308344108075119 ], [ 127.258291871340347, 36.308555503518171 ], [ 127.258470239771583, 36.308726921850493 ], [ 127.258640772893941, 36.309214876664178 ], [ 127.258011935397391, 36.309933501150141 ], [ 127.258048849221211, 36.310073690291496 ], [ 127.258383470052308, 36.311232103697556 ], [ 127.258700627689507, 36.311549366334084 ], [ 127.258576928769187, 36.311921647631429 ], [ 127.258393104960348, 36.312315749186801 ], [ 127.258430027488899, 36.312749911037841 ], [ 127.258591218639751, 36.313042167767378 ], [ 127.258628772200353, 36.313457773261447 ], [ 127.25830210500942, 36.313692484571988 ], [ 127.258137877029725, 36.314332672038667 ], [ 127.258205032449879, 36.314811278280679 ], [ 127.258468093883565, 36.315812435586487 ], [ 127.258354440144885, 36.316388026331424 ], [ 127.258416672264801, 36.317638555921931 ], [ 127.259462942452245, 36.319290241240935 ], [ 127.260112416507283, 36.319484555000813 ], [ 127.260436944925644, 36.320223385311699 ], [ 127.260425154177412, 36.320500521483993 ], [ 127.260599748741498, 36.321490671051116 ], [ 127.260784266424139, 36.32169633388812 ], [ 127.260632707129417, 36.322645998582807 ], [ 127.26082835808775, 36.32324316162746 ], [ 127.260746706995974, 36.323811927151446 ], [ 127.260500577499741, 36.324521568472598 ], [ 127.260081360693519, 36.325040939814635 ], [ 127.259750497776508, 36.325654463566288 ], [ 127.260072957904981, 36.326128001033752 ], [ 127.259893882332534, 36.326760346593602 ], [ 127.259768063238326, 36.326914088696739 ], [ 127.259752464706452, 36.327249530857216 ], [ 127.260880064557256, 36.327137822772222 ], [ 127.261844043895962, 36.327273156195609 ], [ 127.263042237300738, 36.327251390361759 ], [ 127.263804237617848, 36.327558652469236 ], [ 127.264657347303356, 36.328045385320564 ], [ 127.264975193755262, 36.32802328218316 ], [ 127.266112036976153, 36.328533314058468 ], [ 127.266116641102684, 36.328518586577424 ], [ 127.26666516881393, 36.327525438507664 ], [ 127.26720761528675, 36.327372692249305 ], [ 127.267775743539289, 36.326922651706646 ], [ 127.268319718842093, 36.326491740241757 ], [ 127.268685645919774, 36.326201861835628 ], [ 127.268957392273734, 36.32582253514439 ], [ 127.269134258745609, 36.325338063882135 ], [ 127.269518007601292, 36.324635251408473 ], [ 127.269657697110205, 36.32448646943385 ], [ 127.27002877252508, 36.324091336010852 ], [ 127.270383959467793, 36.323704744257313 ], [ 127.270544108952308, 36.322935518811057 ], [ 127.270696309747194, 36.322200339358822 ], [ 127.271131020925651, 36.322166421581187 ], [ 127.271725600331635, 36.322134574090683 ], [ 127.272131662995193, 36.322002534328433 ], [ 127.272145593265151, 36.321705871734601 ], [ 127.27261619597887, 36.321370550107062 ], [ 127.27288165428719, 36.320858088773484 ], [ 127.273727423046722, 36.320231470362771 ], [ 127.27356535228347, 36.320011213416748 ], [ 127.274130392341945, 36.319912085335851 ], [ 127.274261971215424, 36.319335717305634 ], [ 127.274383626770899, 36.318813829816094 ], [ 127.274275184307882, 36.31829555848531 ], [ 127.274351079126177, 36.317887945398262 ], [ 127.274363228519675, 36.317830539762006 ], [ 127.274369922992719, 36.317243236775205 ], [ 127.274861342915628, 36.316632666310362 ], [ 127.275025947446977, 36.316336091043993 ], [ 127.275162694870062, 36.316050492565076 ], [ 127.275401222124927, 36.315329797905136 ], [ 127.275664391478728, 36.314874244510271 ], [ 127.275129881625631, 36.314200136222823 ], [ 127.275079552169942, 36.313872313104319 ], [ 127.275073627003891, 36.313833702216726 ], [ 127.275601032402761, 36.312835503836652 ], [ 127.275708861794385, 36.312637898743148 ], [ 127.275896692634149, 36.311549917999209 ], [ 127.277068990223626, 36.311355216590776 ], [ 127.277500380661976, 36.310498111862323 ], [ 127.277648811988797, 36.310203192181099 ], [ 127.277671433111834, 36.310126179363976 ], [ 127.278034513477095, 36.308884950152695 ], [ 127.278063839349883, 36.308792908115485 ], [ 127.278042962857526, 36.307698908519797 ], [ 127.277990917321773, 36.307647283264615 ], [ 127.277877740134073, 36.307531184869489 ], [ 127.277571825720528, 36.307221102450889 ], [ 127.277488723434089, 36.307038742698523 ], [ 127.27749319520548, 36.30691434277329 ], [ 127.277498449813507, 36.306699300549369 ], [ 127.277413172195025, 36.305971940250551 ], [ 127.277809056367815, 36.305392361390851 ], [ 127.277957636267473, 36.305180421247492 ], [ 127.277842865876863, 36.304845249999325 ], [ 127.277731865260549, 36.304521127368886 ], [ 127.277904389754823, 36.304349441647318 ], [ 127.277735330409044, 36.303770491790985 ], [ 127.27776514114548, 36.303709025617536 ], [ 127.278089552923831, 36.303040285947567 ], [ 127.279336820129316, 36.30309854790994 ], [ 127.279819069306058, 36.302533982345309 ], [ 127.279917685109396, 36.302441805478104 ], [ 127.280294469121117, 36.302089584924552 ], [ 127.28030739915593, 36.301734147908022 ], [ 127.280317407076424, 36.301577472665322 ], [ 127.280306573055583, 36.30154583952006 ], [ 127.280303557970811, 36.301537033022662 ], [ 127.280097319357836, 36.301006800560693 ], [ 127.280118082293299, 36.300596562579408 ], [ 127.280141474681315, 36.30040917999802 ], [ 127.280390638290868, 36.300081552186207 ], [ 127.280823490891919, 36.299199801400881 ], [ 127.281418733158489, 36.299116735430175 ], [ 127.282185182104143, 36.298904450147916 ], [ 127.282309465583154, 36.298735286353462 ], [ 127.282326504111737, 36.298637324206652 ], [ 127.282355024419459, 36.2984596708448 ], [ 127.282608481767838, 36.297800259101336 ], [ 127.282755178955227, 36.29739088683754 ], [ 127.282919886096039, 36.29670532356694 ], [ 127.282925406642732, 36.296615093497536 ], [ 127.282999675920735, 36.296157434891143 ], [ 127.282967299483829, 36.295691808546906 ], [ 127.282931663497791, 36.295133719781695 ], [ 127.283015487072518, 36.294900288131963 ], [ 127.283216395696741, 36.294346589689177 ], [ 127.283325760592561, 36.294058972752175 ], [ 127.28336271688714, 36.293857003327631 ], [ 127.283496553703245, 36.293406692581158 ], [ 127.283571666882494, 36.292950175893722 ], [ 127.28357658727208, 36.292872861064779 ], [ 127.283590838945159, 36.29254888025342 ], [ 127.283621830052468, 36.292112744109005 ], [ 127.283590856264425, 36.291721858196986 ], [ 127.283661216203868, 36.291572015164249 ], [ 127.283916333442804, 36.291045628270012 ], [ 127.284358183966972, 36.29075386308498 ], [ 127.284456471461979, 36.290517746584541 ], [ 127.2847622801592, 36.290242568047361 ], [ 127.284905214129068, 36.290083125959598 ], [ 127.285718922266014, 36.288886301365693 ], [ 127.286741413279785, 36.288651199822311 ], [ 127.28761504598647, 36.288147281186866 ], [ 127.287663673434437, 36.287965802217499 ], [ 127.287705360287717, 36.287810248780588 ], [ 127.28779332382733, 36.287482008429023 ], [ 127.28742059435028, 36.287327536684195 ], [ 127.287183540072078, 36.28722641403148 ], [ 127.286486973612568, 36.286831097013952 ], [ 127.286092877197348, 36.286599819316443 ], [ 127.285808326755316, 36.286525445856086 ], [ 127.284860970712188, 36.286137609341012 ], [ 127.284644954180237, 36.286068432705719 ], [ 127.284470553974401, 36.286010638251348 ], [ 127.284643670795916, 36.285713172150999 ], [ 127.285113468663795, 36.284903627255098 ], [ 127.285088457668266, 36.284814505681148 ], [ 127.284883952967888, 36.283969186814645 ], [ 127.284998007693474, 36.283749785215555 ], [ 127.284739426760723, 36.283641814623586 ], [ 127.284793891023511, 36.28305697205932 ], [ 127.284846942025254, 36.282724941221687 ], [ 127.284914131340386, 36.282304416851666 ], [ 127.284733524057074, 36.282048251317633 ], [ 127.284630216338542, 36.281988396154006 ], [ 127.284352732611993, 36.281822289146014 ], [ 127.284077320073223, 36.28165919555164 ], [ 127.283903018832106, 36.281008088935494 ], [ 127.28371173488992, 36.280270211213043 ], [ 127.283848278515549, 36.280062220538902 ], [ 127.283658848582434, 36.279656216542335 ], [ 127.283870686841141, 36.27946047544588 ], [ 127.283912300245831, 36.279330012184687 ], [ 127.284060505008512, 36.278865391107075 ], [ 127.283555218407116, 36.27870746219439 ], [ 127.282818022833141, 36.278197813782548 ], [ 127.281798378473795, 36.27748838213062 ], [ 127.280873755077948, 36.277784196009492 ], [ 127.280681944885742, 36.277782192731109 ], [ 127.280106109769747, 36.278266812697815 ], [ 127.279630668813326, 36.279261806256599 ], [ 127.27959129310095, 36.27934421180759 ], [ 127.279176126616022, 36.280098790069822 ], [ 127.278871236112309, 36.28015919193097 ], [ 127.278264215521105, 36.280936182605075 ], [ 127.278261718489844, 36.281023377736922 ], [ 127.27827465290369, 36.281086664843691 ], [ 127.278278203825749, 36.281096209153525 ], [ 127.278249185411724, 36.281146282897815 ], [ 127.278196993377065, 36.281231060700968 ], [ 127.278041024497455, 36.281143421069778 ], [ 127.277990325108888, 36.281124451269079 ], [ 127.277923438179215, 36.281142260053073 ], [ 127.277924252014202, 36.281148944941748 ], [ 127.277894103153855, 36.281143643584002 ], [ 127.277857826974667, 36.281234638655135 ], [ 127.277674154625785, 36.28172197154769 ], [ 127.277423734592162, 36.281850202028856 ], [ 127.277297600626596, 36.281915954848287 ], [ 127.277189725775017, 36.281970517821819 ], [ 127.276950903898239, 36.282058041224786 ], [ 127.27680946156876, 36.282110247979496 ], [ 127.276654507417931, 36.282159547804923 ], [ 127.276489191907956, 36.282212430924716 ], [ 127.276472552840517, 36.282187389296837 ], [ 127.275530820963453, 36.281113188382911 ], [ 127.275481811884433, 36.280819722616457 ], [ 127.274904829384596, 36.280879259514556 ], [ 127.274071853674627, 36.280611293052267 ], [ 127.273191622508946, 36.280998001756167 ], [ 127.272937876626798, 36.281218322217633 ], [ 127.272665293143532, 36.281759442552072 ], [ 127.27263904240921, 36.281812734892384 ], [ 127.272174334058462, 36.2821974027732 ], [ 127.2721740356249, 36.282433323851883 ], [ 127.272178323028839, 36.282575763961795 ], [ 127.27200455059122, 36.283094940501698 ], [ 127.27194303071883, 36.283278758513305 ], [ 127.271862253112033, 36.283546141549813 ], [ 127.271857014722571, 36.283563501140854 ], [ 127.271849416458096, 36.283584047238229 ], [ 127.271830779078613, 36.283634411357625 ], [ 127.271840081763358, 36.283966052212698 ], [ 127.271839423885723, 36.283975398953494 ], [ 127.271845790111428, 36.284162397770153 ], [ 127.271700130415269, 36.284336528869112 ], [ 127.27168958163395, 36.284392389914821 ], [ 127.271645177773422, 36.284627401232378 ], [ 127.271654010042155, 36.284703251751971 ], [ 127.27168694185346, 36.284986040198092 ], [ 127.271715380796323, 36.285244110355272 ], [ 127.27175034875944, 36.285600773006735 ], [ 127.271859883496234, 36.285818349953793 ], [ 127.271457241698755, 36.285903700320198 ], [ 127.270265751169774, 36.285851195923655 ], [ 127.270045192132542, 36.285797251084603 ], [ 127.269969670966589, 36.28577878423269 ], [ 127.269917556738463, 36.285769528938474 ], [ 127.269701506142795, 36.285718799573168 ], [ 127.269326008331333, 36.285630631496119 ], [ 127.26917744479141, 36.285595745978732 ], [ 127.26835121288174, 36.285803864074246 ], [ 127.268090596434462, 36.286035237944922 ], [ 127.267293805900778, 36.286015626645884 ], [ 127.266859260286466, 36.286003569679174 ], [ 127.266588243850748, 36.286554657450722 ], [ 127.266567091653286, 36.286593310949939 ], [ 127.266482961716136, 36.286692077638961 ], [ 127.266532539127553, 36.286718056964538 ], [ 127.266558117304683, 36.286780163757747 ], [ 127.266588991923683, 36.286861399894256 ], [ 127.266620436219199, 36.286943202502741 ], [ 127.266644334001157, 36.287005394106906 ], [ 127.266664395305611, 36.287098315482766 ], [ 127.266615049404876, 36.287078337568069 ], [ 127.266544676616931, 36.28705839722965 ], [ 127.266517176987293, 36.287053537730408 ], [ 127.266492768723722, 36.287511950630005 ], [ 127.26671387547519, 36.288467154011968 ], [ 127.26661637160683, 36.289140831817299 ], [ 127.266362465012705, 36.289560686958403 ], [ 127.265803185620982, 36.290467638278777 ], [ 127.265816397879036, 36.29085343158809 ], [ 127.265832880720026, 36.291406837241269 ], [ 127.265898340936616, 36.291533542696627 ], [ 127.266061138305119, 36.291887481750535 ], [ 127.266357166130589, 36.292482047106155 ], [ 127.266744167931066, 36.293427735038762 ], [ 127.265922731626276, 36.294291569418277 ], [ 127.266092533528806, 36.295221328821469 ], [ 127.265542950249312, 36.296236758747945 ], [ 127.265415384668785, 36.296842453026947 ], [ 127.265221415744534, 36.297515972194432 ], [ 127.265098690442983, 36.297860862957222 ], [ 127.264914162592774, 36.298089033789537 ], [ 127.264559451515851, 36.298554571098421 ], [ 127.26447450581216, 36.298660295105684 ], [ 127.265159721947384, 36.299558217210816 ], [ 127.26537821346426, 36.299711665637425 ], [ 127.265552123436606, 36.299833797014735 ], [ 127.265547727992853, 36.29985755279835 ], [ 127.265426438615592, 36.300768074774759 ], [ 127.265481088160087, 36.301279084934301 ], [ 127.265533177474083, 36.30170743552106 ], [ 127.265594825663854, 36.302236570822394 ], [ 127.265043056852434, 36.302559238921333 ], [ 127.265005058381035, 36.302648656546808 ], [ 127.264854996905555, 36.303001834788581 ], [ 127.264788340321815, 36.303945858282461 ], [ 127.26373430182413, 36.303779789625366 ], [ 127.263582469685787, 36.303755871838959 ], [ 127.2627385342129, 36.303481390422917 ], [ 127.262555949639832, 36.303416724131246 ], [ 127.261602906798217, 36.30339208140196 ], [ 127.260952237735012, 36.303181078329857 ], [ 127.260961747007642, 36.303050350695777 ], [ 127.260994891916468, 36.302334589409618 ], [ 127.260663889193907, 36.30185205908964 ] ] ] ] } },
{ "type": "Feature", "properties": { "EMD_CD": "30200109", "EMD_ENG_NM": "Songjeong-dong", "EMD_KOR_NM": "송정동" }, "geometry": { "type": "MultiPolygon", "coordinates": [ [ [ [ 127.266446582801947, 36.273626816857679 ], [ 127.266307969863988, 36.273726543502292 ], [ 127.266167992112457, 36.273824792864929 ], [ 127.265785228107873, 36.27408545047463 ], [ 127.265352317573104, 36.274360987892607 ], [ 127.264844243711437, 36.274589395176598 ], [ 127.264521183626641, 36.274688037702695 ], [ 127.264209386709908, 36.274790259347412 ], [ 127.263718141014238, 36.274934030810357 ], [ 127.263193889717272, 36.275153148313343 ], [ 127.26267157484078, 36.275282888954798 ], [ 127.262347057404114, 36.275380059861376 ], [ 127.261743285485622, 36.275487120976834 ], [ 127.26115801775569, 36.2755638663509 ], [ 127.260030268505218, 36.275772734634707 ], [ 127.259410133545614, 36.275904406760716 ], [ 127.259100351281631, 36.27597018089503 ], [ 127.258771586735463, 36.276050580232898 ], [ 127.258317384185091, 36.276373730099436 ], [ 127.258165552506924, 36.276476007344669 ], [ 127.257866217949271, 36.276677720270463 ], [ 127.257510434875329, 36.276996059337847 ], [ 127.257315717348732, 36.277200648038971 ], [ 127.257159853916448, 36.277364428903354 ], [ 127.256782513110721, 36.277759773984528 ], [ 127.256624360104084, 36.277901200732799 ], [ 127.256285813483515, 36.278265251890055 ], [ 127.25592731097889, 36.278642781014575 ], [ 127.255539240874569, 36.279097297471395 ], [ 127.25510288047694, 36.279666883478647 ], [ 127.254817255000759, 36.2800397177935 ], [ 127.254532970930015, 36.280246187799449 ], [ 127.254219520809272, 36.280473838495666 ], [ 127.254153404583477, 36.281056926123838 ], [ 127.254058610917568, 36.281268616567289 ], [ 127.253925608188766, 36.281551083931284 ], [ 127.253878274931765, 36.281756203978553 ], [ 127.253805342394429, 36.282107718704594 ], [ 127.253637879325836, 36.282362836147868 ], [ 127.253220299427326, 36.282770582637596 ], [ 127.252391310058925, 36.283283176951109 ], [ 127.252052006889429, 36.283501020231711 ], [ 127.251259106584556, 36.283991280801601 ], [ 127.250804727960571, 36.285273602705686 ], [ 127.250720943756349, 36.285501324676858 ], [ 127.250683904048117, 36.285565332755731 ], [ 127.250156544119193, 36.286217803699707 ], [ 127.250138841778863, 36.286227149717419 ], [ 127.249885586814557, 36.286385383795064 ], [ 127.24984340130861, 36.286410533332521 ], [ 127.249827087387317, 36.286422670242111 ], [ 127.249492570177608, 36.286619379356011 ], [ 127.249404530137909, 36.286667703038844 ], [ 127.249349509240815, 36.286702747997793 ], [ 127.249132806336164, 36.28683017236883 ], [ 127.248898310358342, 36.286969818236422 ], [ 127.248857751456427, 36.287013267006088 ], [ 127.248783589471984, 36.287095933688981 ], [ 127.248761563927488, 36.287118507677022 ], [ 127.248754168524087, 36.287144991329711 ], [ 127.248630194671989, 36.287324077441113 ], [ 127.248544168084194, 36.287510123909804 ], [ 127.248507955180358, 36.287608211229745 ], [ 127.248492186936431, 36.287736932529036 ], [ 127.248452447155103, 36.287987111292146 ], [ 127.24841024254161, 36.288229382176176 ], [ 127.248391402150176, 36.288280769404686 ], [ 127.248319034584554, 36.288704087283911 ], [ 127.248283572171388, 36.288931437718531 ], [ 127.248242171669574, 36.288983342080222 ], [ 127.248234769691038, 36.288994558044088 ], [ 127.247153012791927, 36.290482113189732 ], [ 127.246897388157933, 36.290722000577311 ], [ 127.246851035650877, 36.29075104098073 ], [ 127.246652717747196, 36.290959629601282 ], [ 127.246919413630906, 36.291094259667233 ], [ 127.247665687366847, 36.291449251502918 ], [ 127.247772090340234, 36.292155342321422 ], [ 127.247980444915356, 36.292978925825025 ], [ 127.248564733585468, 36.292931812683165 ], [ 127.249197579999716, 36.292891086648133 ], [ 127.249682370277284, 36.293227447157186 ], [ 127.24995403663489, 36.293643412198271 ], [ 127.250155526118988, 36.29395192282459 ], [ 127.250229500274244, 36.294295623414214 ], [ 127.250552181242369, 36.294743290110382 ], [ 127.25078027980696, 36.295088353987943 ], [ 127.251038938860077, 36.29530748650064 ], [ 127.251161614484957, 36.295480698272293 ], [ 127.251169712274901, 36.295678111237663 ], [ 127.251719051550154, 36.295791007234904 ], [ 127.25180006663895, 36.295833923091514 ], [ 127.252915289330218, 36.296394551461283 ], [ 127.254052375775373, 36.296874555787795 ], [ 127.254337689740325, 36.296672323748304 ], [ 127.254562489442904, 36.296419787800708 ], [ 127.254657401335507, 36.296187551145252 ], [ 127.257493655791762, 36.295612073673823 ], [ 127.258102767995055, 36.295591491376271 ], [ 127.258908889188774, 36.295564247230573 ], [ 127.25984831286975, 36.295654321033197 ], [ 127.259374528934558, 36.296196891066266 ], [ 127.259277961043182, 36.297136300013221 ], [ 127.259449682457884, 36.297676916995961 ], [ 127.259786336481042, 36.298945448820881 ], [ 127.259967431917644, 36.300176004123706 ], [ 127.259943332433764, 36.3005686374484 ], [ 127.260323866010467, 36.301229395937149 ], [ 127.260663889193907, 36.30185205908964 ], [ 127.260994891916468, 36.302334589409618 ], [ 127.260961747007642, 36.303050350695777 ], [ 127.260952237735012, 36.303181078329857 ], [ 127.261602906798217, 36.30339208140196 ], [ 127.262555949639832, 36.303416724131246 ], [ 127.2627385342129, 36.303481390422917 ], [ 127.263582469685787, 36.303755871838959 ], [ 127.26373430182413, 36.303779789625366 ], [ 127.264788340321815, 36.303945858282461 ], [ 127.264854996905555, 36.303001834788581 ], [ 127.265005058381035, 36.302648656546808 ], [ 127.265043056852434, 36.302559238921333 ], [ 127.265594825663854, 36.302236570822394 ], [ 127.265533177474083, 36.30170743552106 ], [ 127.265481088160087, 36.301279084934301 ], [ 127.265426438615592, 36.300768074774759 ], [ 127.265547727992853, 36.29985755279835 ], [ 127.265552123436606, 36.299833797014735 ], [ 127.26537821346426, 36.299711665637425 ], [ 127.265159721947384, 36.299558217210816 ], [ 127.26447450581216, 36.298660295105684 ], [ 127.264559451515851, 36.298554571098421 ], [ 127.264914162592774, 36.298089033789537 ], [ 127.265098690442983, 36.297860862957222 ], [ 127.265221415744534, 36.297515972194432 ], [ 127.265415384668785, 36.296842453026947 ], [ 127.265542950249312, 36.296236758747945 ], [ 127.266092533528806, 36.295221328821469 ], [ 127.265922731626276, 36.294291569418277 ], [ 127.266744167931066, 36.293427735038762 ], [ 127.266357166130589, 36.292482047106155 ], [ 127.266061138305119, 36.291887481750535 ], [ 127.265898340936616, 36.291533542696627 ], [ 127.265832880720026, 36.291406837241269 ], [ 127.265816397879036, 36.29085343158809 ], [ 127.265803185620982, 36.290467638278777 ], [ 127.266362465012705, 36.289560686958403 ], [ 127.26661637160683, 36.289140831817299 ], [ 127.26671387547519, 36.288467154011968 ], [ 127.266492768723722, 36.287511950630005 ], [ 127.266517176987293, 36.287053537730408 ], [ 127.266544676616931, 36.28705839722965 ], [ 127.266615049404876, 36.287078337568069 ], [ 127.266664395305611, 36.287098315482766 ], [ 127.266644334001157, 36.287005394106906 ], [ 127.266620436219199, 36.286943202502741 ], [ 127.266588991923683, 36.286861399894256 ], [ 127.266558117304683, 36.286780163757747 ], [ 127.266532539127553, 36.286718056964538 ], [ 127.266482961716136, 36.286692077638961 ], [ 127.266567091653286, 36.286593310949939 ], [ 127.266588243850748, 36.286554657450722 ], [ 127.266859260286466, 36.286003569679174 ], [ 127.267293805900778, 36.286015626645884 ], [ 127.268090596434462, 36.286035237944922 ], [ 127.26835121288174, 36.285803864074246 ], [ 127.26917744479141, 36.285595745978732 ], [ 127.269326008331333, 36.285630631496119 ], [ 127.269701506142795, 36.285718799573168 ], [ 127.269917556738463, 36.285769528938474 ], [ 127.269969670966589, 36.28577878423269 ], [ 127.270045192132542, 36.285797251084603 ], [ 127.270265751169774, 36.285851195923655 ], [ 127.271457241698755, 36.285903700320198 ], [ 127.271859883496234, 36.285818349953793 ], [ 127.27175034875944, 36.285600773006735 ], [ 127.271715380796323, 36.285244110355272 ], [ 127.27168694185346, 36.284986040198092 ], [ 127.271654010042155, 36.284703251751971 ], [ 127.271645177773422, 36.284627401232378 ], [ 127.27168958163395, 36.284392389914821 ], [ 127.271700130415269, 36.284336528869112 ], [ 127.271845790111428, 36.284162397770153 ], [ 127.271839423885723, 36.283975398953494 ], [ 127.271840081763358, 36.283966052212698 ], [ 127.271830779078613, 36.283634411357625 ], [ 127.271849416458096, 36.283584047238229 ], [ 127.271857014722571, 36.283563501140854 ], [ 127.271862253112033, 36.283546141549813 ], [ 127.27194303071883, 36.283278758513305 ], [ 127.27200455059122, 36.283094940501698 ], [ 127.272178323028839, 36.282575763961795 ], [ 127.2721740356249, 36.282433323851883 ], [ 127.272174334058462, 36.2821974027732 ], [ 127.27263904240921, 36.281812734892384 ], [ 127.272665293143532, 36.281759442552072 ], [ 127.272937876626798, 36.281218322217633 ], [ 127.272743000413172, 36.280995253227267 ], [ 127.272736129613094, 36.280987861094935 ], [ 127.2725474900449, 36.280784819919262 ], [ 127.272029549559022, 36.2803564983504 ], [ 127.272007323162697, 36.279963236667719 ], [ 127.272005758613119, 36.279948505877222 ], [ 127.271996348041711, 36.279859823795448 ], [ 127.27219569029792, 36.279127774911736 ], [ 127.272076403053461, 36.278836052766025 ], [ 127.272078083262059, 36.278465059192257 ], [ 127.272131208275084, 36.278059118481046 ], [ 127.272253241429752, 36.277283419705775 ], [ 127.27205479730705, 36.276922855047445 ], [ 127.271447883677169, 36.276511737201048 ], [ 127.271167876983384, 36.276345839357809 ], [ 127.271102691246796, 36.276320356690363 ], [ 127.271063361354706, 36.276304972039746 ], [ 127.270584527905498, 36.27611776626852 ], [ 127.270521058833737, 36.276092955306908 ], [ 127.27040407297612, 36.276047213026196 ], [ 127.269480847297302, 36.276062803113071 ], [ 127.268751604146274, 36.275318327599031 ], [ 127.268235075986979, 36.275327681536076 ], [ 127.26791078842966, 36.275058139585951 ], [ 127.267910959223641, 36.275108407196875 ], [ 127.267902107101378, 36.275103930012655 ], [ 127.267887909804728, 36.275124787978207 ], [ 127.26777580556255, 36.275050690032167 ], [ 127.267719700596444, 36.275014443189818 ], [ 127.267515016902934, 36.274847350693008 ], [ 127.26748182402234, 36.274806654997008 ], [ 127.267395356518605, 36.274724046570356 ], [ 127.267308970924176, 36.274695094341865 ], [ 127.267109677421828, 36.274449676340922 ], [ 127.266993591114343, 36.274306727085829 ], [ 127.266989606235143, 36.274293425456172 ], [ 127.26680993542098, 36.273936000364976 ], [ 127.266703563350717, 36.273815180347952 ], [ 127.266446582801947, 36.273626816857679 ] ] ] ] } },
{ "type": "Feature", "properties": { "EMD_CD": "30200110", "EMD_ENG_NM": "Bang-dong", "EMD_KOR_NM": "방동" }, "geometry": { "type": "MultiPolygon", "coordinates": [ [ [ [ 127.272937876626798, 36.281218322217633 ], [ 127.273191622508946, 36.280998001756167 ], [ 127.274071853674627, 36.280611293052267 ], [ 127.274904829384596, 36.280879259514556 ], [ 127.275481811884433, 36.280819722616457 ], [ 127.275530820963453, 36.281113188382911 ], [ 127.276472552840517, 36.282187389296837 ], [ 127.276489191907956, 36.282212430924716 ], [ 127.276654507417931, 36.282159547804923 ], [ 127.27680946156876, 36.282110247979496 ], [ 127.276950903898239, 36.282058041224786 ], [ 127.277189725775017, 36.281970517821819 ], [ 127.277297600626596, 36.281915954848287 ], [ 127.277423734592162, 36.281850202028856 ], [ 127.277674154625785, 36.28172197154769 ], [ 127.277857826974667, 36.281234638655135 ], [ 127.277894103153855, 36.281143643584002 ], [ 127.277924252014202, 36.281148944941748 ], [ 127.277923438179215, 36.281142260053073 ], [ 127.277990325108888, 36.281124451269079 ], [ 127.278041024497455, 36.281143421069778 ], [ 127.278196993377065, 36.281231060700968 ], [ 127.278249185411724, 36.281146282897815 ], [ 127.278278203825749, 36.281096209153525 ], [ 127.27827465290369, 36.281086664843691 ], [ 127.278261718489844, 36.281023377736922 ], [ 127.278264215521105, 36.280936182605075 ], [ 127.278871236112309, 36.28015919193097 ], [ 127.279176126616022, 36.280098790069822 ], [ 127.27959129310095, 36.27934421180759 ], [ 127.279630668813326, 36.279261806256599 ], [ 127.280106109769747, 36.278266812697815 ], [ 127.280681944885742, 36.277782192731109 ], [ 127.280873755077948, 36.277784196009492 ], [ 127.281798378473795, 36.27748838213062 ], [ 127.282818022833141, 36.278197813782548 ], [ 127.283555218407116, 36.27870746219439 ], [ 127.284060505008512, 36.278865391107075 ], [ 127.283912300245831, 36.279330012184687 ], [ 127.283870686841141, 36.27946047544588 ], [ 127.283658848582434, 36.279656216542335 ], [ 127.283848278515549, 36.280062220538902 ], [ 127.28371173488992, 36.280270211213043 ], [ 127.283903018832106, 36.281008088935494 ], [ 127.284077320073223, 36.28165919555164 ], [ 127.284352732611993, 36.281822289146014 ], [ 127.284630216338542, 36.281988396154006 ], [ 127.284733524057074, 36.282048251317633 ], [ 127.284914131340386, 36.282304416851666 ], [ 127.284846942025254, 36.282724941221687 ], [ 127.284793891023511, 36.28305697205932 ], [ 127.284739426760723, 36.283641814623586 ], [ 127.284998007693474, 36.283749785215555 ], [ 127.284883952967888, 36.283969186814645 ], [ 127.285088457668266, 36.284814505681148 ], [ 127.285113468663795, 36.284903627255098 ], [ 127.284643670795916, 36.285713172150999 ], [ 127.284470553974401, 36.286010638251348 ], [ 127.284644954180237, 36.286068432705719 ], [ 127.284860970712188, 36.286137609341012 ], [ 127.285808326755316, 36.286525445856086 ], [ 127.286092877197348, 36.286599819316443 ], [ 127.286486973612568, 36.286831097013952 ], [ 127.287183540072078, 36.28722641403148 ], [ 127.28742059435028, 36.287327536684195 ], [ 127.28779332382733, 36.287482008429023 ], [ 127.287705360287717, 36.287810248780588 ], [ 127.287793145672779, 36.287865947883688 ], [ 127.288230479274446, 36.288140472034975 ], [ 127.289789625422387, 36.287873272058533 ], [ 127.290216913344608, 36.287800038542692 ], [ 127.290444574344377, 36.287740055775977 ], [ 127.291085522937706, 36.28720153677272 ], [ 127.291131555547381, 36.287160610810488 ], [ 127.291485874891634, 36.287274517438 ], [ 127.291528521472372, 36.287275180011818 ], [ 127.292156835854954, 36.287321930661207 ], [ 127.292631431110621, 36.287351776730212 ], [ 127.292787834610465, 36.287365949902835 ], [ 127.293189146431828, 36.287747036164411 ], [ 127.293755790231415, 36.287860471990726 ], [ 127.294128630755523, 36.287790250357126 ], [ 127.294425358464892, 36.287372727823545 ], [ 127.294917967596049, 36.287111781800469 ], [ 127.295046674086194, 36.287089693388261 ], [ 127.295595785425391, 36.287040365275232 ], [ 127.295855155752292, 36.286557252988437 ], [ 127.296103425542015, 36.28651845856043 ], [ 127.296816490420383, 36.286736749954095 ], [ 127.297693853598261, 36.286155913824771 ], [ 127.297868969051592, 36.28626480216812 ], [ 127.297932934563562, 36.286304574931492 ], [ 127.298482898074823, 36.286646596184255 ], [ 127.299401599294399, 36.286311550036636 ], [ 127.299718511283046, 36.285745827966828 ], [ 127.300730817895754, 36.28538398031602 ], [ 127.30083207210771, 36.286350324270224 ], [ 127.300861345589908, 36.286629689060042 ], [ 127.300259193835501, 36.287389880864701 ], [ 127.301042491039311, 36.288341108735644 ], [ 127.300730439105223, 36.288666810577624 ], [ 127.300527400245471, 36.289174484697277 ], [ 127.300011840077346, 36.29008329730091 ], [ 127.299975424775411, 36.290135007798028 ], [ 127.299573635694728, 36.290705636926276 ], [ 127.299142806422168, 36.291360633319762 ], [ 127.299151318975561, 36.291397848882042 ], [ 127.299184584179557, 36.291515865690748 ], [ 127.299101559466692, 36.291737906787901 ], [ 127.298955892425155, 36.291956453893015 ], [ 127.298909263310719, 36.292024654015499 ], [ 127.298862355115972, 36.292095603411518 ], [ 127.298842494474854, 36.292130510434966 ], [ 127.298798778110722, 36.292186014658483 ], [ 127.298596094237993, 36.292452393495857 ], [ 127.299254090547308, 36.293182460573618 ], [ 127.299308926382864, 36.293126486920002 ], [ 127.299311143237958, 36.29312396710742 ], [ 127.299354028245901, 36.293075214611264 ], [ 127.299365093212742, 36.29304289778181 ], [ 127.299379937113429, 36.293026576487016 ], [ 127.299415079073498, 36.292987927458029 ], [ 127.299490188952944, 36.292947295352441 ], [ 127.299518539939783, 36.292920279422326 ], [ 127.299523281508343, 36.29289667472149 ], [ 127.299535245499314, 36.292875386073568 ], [ 127.299558714339938, 36.29286721695707 ], [ 127.299570348829263, 36.292841252004564 ], [ 127.299606819339402, 36.2928153603103 ], [ 127.299660530349229, 36.292812054236023 ], [ 127.299708292955032, 36.292836987919429 ], [ 127.299728848829901, 36.29285318492007 ], [ 127.299756589843483, 36.292858973393471 ], [ 127.299799274605462, 36.292845457359661 ], [ 127.299904809063335, 36.29279627799874 ], [ 127.300184742346815, 36.292707101239486 ], [ 127.300385414434402, 36.292644166069273 ], [ 127.300468455843415, 36.29264312036792 ], [ 127.300503496086378, 36.292627595542321 ], [ 127.300539203064915, 36.292611762637861 ], [ 127.300546891580481, 36.292564107052442 ], [ 127.300547826747533, 36.292558292104786 ], [ 127.300556912856393, 36.292553069573302 ], [ 127.300634922164207, 36.292508202963418 ], [ 127.300742951696392, 36.29246841592397 ], [ 127.300809898907872, 36.292427343814758 ], [ 127.300851191117317, 36.292402007413848 ], [ 127.300855304890106, 36.292397761570264 ], [ 127.300898698730165, 36.292392218808793 ], [ 127.30091275577881, 36.292397329345775 ], [ 127.300908230607234, 36.292422096082674 ], [ 127.300900706811504, 36.292463271797693 ], [ 127.300893963273168, 36.292487233026783 ], [ 127.300886683528134, 36.292522361213926 ], [ 127.300852735274532, 36.29262846098446 ], [ 127.300832763505454, 36.292666135233461 ], [ 127.300829514444231, 36.292783098459203 ], [ 127.300855100833161, 36.292889256444688 ], [ 127.30088329794205, 36.292959036277708 ], [ 127.30089126205749, 36.292989386088742 ], [ 127.300990682406933, 36.292776557852847 ], [ 127.301220935132832, 36.292956000547193 ], [ 127.30153808982881, 36.293203164683433 ], [ 127.301771302738473, 36.293399126503743 ], [ 127.302557930422068, 36.293391561167567 ], [ 127.302899997029556, 36.293489045121234 ], [ 127.303062308985488, 36.293640583735439 ], [ 127.303077789061163, 36.293656675804378 ], [ 127.303374504024916, 36.293779992430331 ], [ 127.303663746335218, 36.293913861986852 ], [ 127.303781435342216, 36.293968338197807 ], [ 127.304126128168647, 36.294127930278165 ], [ 127.304567274818666, 36.294014607090467 ], [ 127.305214522254104, 36.293852266480336 ], [ 127.30562079364671, 36.293883694308313 ], [ 127.305934399606571, 36.293957910413944 ], [ 127.305956104359026, 36.293962820647472 ], [ 127.306237887576714, 36.294026573182592 ], [ 127.306763215282331, 36.294145342329955 ], [ 127.307175864023861, 36.294244337029802 ], [ 127.307352847864991, 36.294062395951983 ], [ 127.30741657048047, 36.29400287225635 ], [ 127.308587850558794, 36.294379906087109 ], [ 127.309415907307084, 36.29464059640361 ], [ 127.30956695169283, 36.294663340601183 ], [ 127.31007800214033, 36.294721816020683 ], [ 127.310442533165627, 36.293951312762459 ], [ 127.310719726969651, 36.293325114750203 ], [ 127.311059093968638, 36.292970658928851 ], [ 127.311075731499002, 36.292225502710338 ], [ 127.31146311426815, 36.29172438957945 ], [ 127.311535946101742, 36.291554418534659 ], [ 127.312511337554028, 36.291649879742671 ], [ 127.313140726830113, 36.292036207785891 ], [ 127.313712959161236, 36.291578736224785 ], [ 127.314178360538875, 36.291552980998901 ], [ 127.314682776082265, 36.290473606852743 ], [ 127.314541758042807, 36.290420491108314 ], [ 127.314623456795189, 36.29024564660304 ], [ 127.314653815394479, 36.290235086380825 ], [ 127.31465038892452, 36.290383258300047 ], [ 127.314724935523614, 36.290441035932773 ], [ 127.314864965808397, 36.290146875463634 ], [ 127.315176348584828, 36.28945587251944 ], [ 127.315396691642434, 36.289292775538819 ], [ 127.315562869869822, 36.289269160844576 ], [ 127.31569451760933, 36.289065031213987 ], [ 127.315549566690649, 36.288863367480154 ], [ 127.315383339563155, 36.28866888774629 ], [ 127.315165465721464, 36.288413866817493 ], [ 127.315157568482732, 36.288126131765615 ], [ 127.315632151834791, 36.28742483130727 ], [ 127.31451083966833, 36.286402895605725 ], [ 127.314508627652216, 36.286400882752169 ], [ 127.314427443574303, 36.286327333628257 ], [ 127.314365613123258, 36.286264025291459 ], [ 127.314373432899757, 36.286034005599689 ], [ 127.314404209256921, 36.285545746670543 ], [ 127.314420471713575, 36.285275286914711 ], [ 127.314048581609867, 36.284258673522174 ], [ 127.313718291495846, 36.283165259690371 ], [ 127.31358123662109, 36.282516118418314 ], [ 127.312399811726479, 36.282489168437046 ], [ 127.312190550311129, 36.282507492601596 ], [ 127.311300809476322, 36.282509963142097 ], [ 127.311047490085812, 36.282006183097877 ], [ 127.31091903450428, 36.281039557261465 ], [ 127.310670880190699, 36.2805425488094 ], [ 127.310748704319479, 36.279792159224186 ], [ 127.310272285488367, 36.278806128005243 ], [ 127.310502380862772, 36.278154393974489 ], [ 127.310277643071558, 36.277769998676 ], [ 127.309873329365857, 36.277632593379565 ], [ 127.309723195732445, 36.277374539527436 ], [ 127.30953423456414, 36.277369538196396 ], [ 127.309528301385939, 36.277369301147743 ], [ 127.308997078357137, 36.27728620948433 ], [ 127.308559997547107, 36.277164465407544 ], [ 127.30864657510493, 36.276797489115602 ], [ 127.308666065241937, 36.27640305483343 ], [ 127.308728183108613, 36.276250325171745 ], [ 127.308783805954832, 36.276113067433506 ], [ 127.308857275055104, 36.275931786122214 ], [ 127.309011505589751, 36.275675093485795 ], [ 127.309099710410905, 36.275542293763401 ], [ 127.309297144950179, 36.275376418883226 ], [ 127.309901368042148, 36.275230871395081 ], [ 127.30991124271408, 36.274860883651527 ], [ 127.309875621126864, 36.273744104370316 ], [ 127.30991775287437, 36.273530821054969 ], [ 127.310034187523243, 36.272970544043929 ], [ 127.31051358336758, 36.272442790507043 ], [ 127.308911528355537, 36.272047199657642 ], [ 127.308256482878477, 36.272165377459551 ], [ 127.307872764159768, 36.272457037481971 ], [ 127.306704578459858, 36.272320881755491 ], [ 127.306511145563547, 36.272161622592613 ], [ 127.305520783045381, 36.271780096242082 ], [ 127.305062179788905, 36.271514222687522 ], [ 127.304507033805123, 36.271340179196642 ], [ 127.303992349947066, 36.271132966389345 ], [ 127.302946585553485, 36.270712564529873 ], [ 127.302867273552522, 36.270693388975779 ], [ 127.302529673905823, 36.270602931336207 ], [ 127.302001199785053, 36.270543727877879 ], [ 127.301464665133551, 36.270503854650293 ], [ 127.301211422199245, 36.270351450642181 ], [ 127.300754842245325, 36.270326901218283 ], [ 127.300444809966379, 36.270048823492793 ], [ 127.30042514026421, 36.270041681215702 ], [ 127.299411121123796, 36.269572955647845 ], [ 127.298877123561354, 36.269375366421535 ], [ 127.297883158899012, 36.268628184389854 ], [ 127.29776073868544, 36.26839125117403 ], [ 127.297317129196159, 36.268013771055614 ], [ 127.296940552237984, 36.2675065785618 ], [ 127.296757736712436, 36.267268153282906 ], [ 127.295736193701643, 36.267474924015836 ], [ 127.294003001973621, 36.265707628292844 ], [ 127.29350296062448, 36.265040027459392 ], [ 127.293370931814493, 36.264479660042021 ], [ 127.293301306361684, 36.264163388136751 ], [ 127.292881222619584, 36.264178407655898 ], [ 127.292842914622554, 36.264182988871291 ], [ 127.292511569320567, 36.264228953854676 ], [ 127.292359870829159, 36.264294766844522 ], [ 127.292287715674149, 36.264327583179607 ], [ 127.292261705667045, 36.264320581128771 ], [ 127.291935217074368, 36.264241880918384 ], [ 127.291915685468197, 36.264235367723806 ], [ 127.29175087404451, 36.264688171232009 ], [ 127.291526537517257, 36.264963801864837 ], [ 127.291322567756296, 36.26518924083809 ], [ 127.291222440569797, 36.265295859182217 ], [ 127.291126011500467, 36.265412552735185 ], [ 127.290978428727854, 36.265508985244566 ], [ 127.290738672422634, 36.26566636228484 ], [ 127.290622524872148, 36.26572020047 ], [ 127.29046056186715, 36.265795137814003 ], [ 127.290298705118602, 36.265853682145739 ], [ 127.290136323874819, 36.265911894086067 ], [ 127.289787372944332, 36.265890467430388 ], [ 127.289211516984793, 36.26579338167992 ], [ 127.288347772862878, 36.265612198714379 ], [ 127.287763387291434, 36.265486749983239 ], [ 127.287469611756933, 36.265367397003942 ], [ 127.287077318919927, 36.265171578785036 ], [ 127.286506293074723, 36.264949753571237 ], [ 127.285862606511259, 36.264814639110178 ], [ 127.285408775216339, 36.264789132299079 ], [ 127.284780212307595, 36.264773455111659 ], [ 127.284568075730448, 36.264776300437745 ], [ 127.284049576788433, 36.264768586686053 ], [ 127.28345785804045, 36.264789637894182 ], [ 127.282985886411595, 36.264822390167538 ], [ 127.282560732412122, 36.264864988658061 ], [ 127.282092373814208, 36.264928071791722 ], [ 127.281228819507461, 36.265184561966194 ], [ 127.280954950091811, 36.26536447475528 ], [ 127.280509109784347, 36.265543039908032 ], [ 127.280052995765132, 36.265696457249959 ], [ 127.27964471983762, 36.265890486126153 ], [ 127.279495619838087, 36.266034057975091 ], [ 127.279444404010349, 36.266083372649334 ], [ 127.2793400382443, 36.2662549392576 ], [ 127.279259984072695, 36.266384679429173 ], [ 127.279009753755602, 36.266696682481147 ], [ 127.278645477696273, 36.267068715846435 ], [ 127.278115681618488, 36.267405444128997 ], [ 127.276781880987627, 36.267715131341653 ], [ 127.276339960564584, 36.267812051674333 ], [ 127.276111365942555, 36.267862159900851 ], [ 127.275606413136927, 36.26812831138011 ], [ 127.27506434492723, 36.268462062321724 ], [ 127.274505769155269, 36.268805671383376 ], [ 127.274010529976891, 36.268997761679344 ], [ 127.27345569590193, 36.269322035916041 ], [ 127.273344372532378, 36.269376008568244 ], [ 127.272614989057402, 36.269723042893908 ], [ 127.27257865052978, 36.269741536447533 ], [ 127.272490920208256, 36.269782937383859 ], [ 127.272154915961906, 36.26993716983624 ], [ 127.271897414779914, 36.270059457156457 ], [ 127.27175452581173, 36.270135479559393 ], [ 127.271507438656528, 36.270263834507446 ], [ 127.271041540787181, 36.270507646288692 ], [ 127.270797089746821, 36.270649223200977 ], [ 127.270522915841539, 36.270808061058581 ], [ 127.270398209791622, 36.270884320301626 ], [ 127.270164644457608, 36.27098154221833 ], [ 127.269805143988336, 36.271131287883655 ], [ 127.269599296315889, 36.271253571508872 ], [ 127.269357207472112, 36.271397420169194 ], [ 127.268975876873824, 36.271680208899483 ], [ 127.268866504364624, 36.271776195200708 ], [ 127.268742773541319, 36.271884821043685 ], [ 127.268457758606573, 36.272068677205503 ], [ 127.268297933548965, 36.272170398975867 ], [ 127.268080171329544, 36.27230869354873 ], [ 127.267901843433322, 36.272425298521043 ], [ 127.267735177864424, 36.272561396898411 ], [ 127.267439031311852, 36.272801770589915 ], [ 127.267410216247498, 36.27282434622343 ], [ 127.267132218765369, 36.273103889282901 ], [ 127.266812245718398, 36.273401764765438 ], [ 127.266446582801947, 36.273626816857679 ], [ 127.266703563350717, 36.273815180347952 ], [ 127.26680993542098, 36.273936000364976 ], [ 127.266989606235143, 36.274293425456172 ], [ 127.266993591114343, 36.274306727085829 ], [ 127.267109677421828, 36.274449676340922 ], [ 127.267308970924176, 36.274695094341865 ], [ 127.267395356518605, 36.274724046570356 ], [ 127.26748182402234, 36.274806654997008 ], [ 127.267515016902934, 36.274847350693008 ], [ 127.267719700596444, 36.275014443189818 ], [ 127.26777580556255, 36.275050690032167 ], [ 127.267887909804728, 36.275124787978207 ], [ 127.267902107101378, 36.275103930012655 ], [ 127.267910959223641, 36.275108407196875 ], [ 127.26791078842966, 36.275058139585951 ], [ 127.268235075986979, 36.275327681536076 ], [ 127.268751604146274, 36.275318327599031 ], [ 127.269480847297302, 36.276062803113071 ], [ 127.27040407297612, 36.276047213026196 ], [ 127.270521058833737, 36.276092955306908 ], [ 127.270584527905498, 36.27611776626852 ], [ 127.271063361354706, 36.276304972039746 ], [ 127.271102691246796, 36.276320356690363 ], [ 127.271167876983384, 36.276345839357809 ], [ 127.271447883677169, 36.276511737201048 ], [ 127.27205479730705, 36.276922855047445 ], [ 127.272253241429752, 36.277283419705775 ], [ 127.272131208275084, 36.278059118481046 ], [ 127.272078083262059, 36.278465059192257 ], [ 127.272076403053461, 36.278836052766025 ], [ 127.27219569029792, 36.279127774911736 ], [ 127.271996348041711, 36.279859823795448 ], [ 127.272005758613119, 36.279948505877222 ], [ 127.272007323162697, 36.279963236667719 ], [ 127.272029549559022, 36.2803564983504 ], [ 127.2725474900449, 36.280784819919262 ], [ 127.272736129613094, 36.280987861094935 ], [ 127.272743000413172, 36.280995253227267 ], [ 127.272937876626798, 36.281218322217633 ] ] ] ] } },
{ "type": "Feature", "properties": { "EMD_CD": "30200111", "EMD_ENG_NM": "Bongmyeong-dong", "EMD_KOR_NM": "봉명동" }, "geometry": { "type": "MultiPolygon", "coordinates": [ [ [ [ 127.362790142874999, 36.363382686642183 ], [ 127.362369094919444, 36.362939179605604 ], [ 127.361754112048246, 36.362296844912315 ], [ 127.36171426686208, 36.362253095616147 ], [ 127.361481537113235, 36.362007219527236 ], [ 127.361245726153257, 36.361779123896675 ], [ 127.361024371751213, 36.361517847645658 ], [ 127.36061661316208, 36.3610813494357 ], [ 127.360248228721346, 36.36068501456365 ], [ 127.359815025430663, 36.360223239665928 ], [ 127.359755225727312, 36.360159481764008 ], [ 127.359738050474334, 36.360141086347561 ], [ 127.359341848288551, 36.359716714913766 ], [ 127.358952491863917, 36.359299675262093 ], [ 127.35854434387285, 36.358858358796169 ], [ 127.358528734034664, 36.358858279720813 ], [ 127.358525675639726, 36.358832640967037 ], [ 127.358513094935191, 36.358727314221753 ], [ 127.358503564726064, 36.35870193006992 ], [ 127.358259432573504, 36.357996458435615 ], [ 127.358140363227676, 36.357524764165099 ], [ 127.358103067172621, 36.357271890701469 ], [ 127.358079976649336, 36.357167874724482 ], [ 127.358071332807313, 36.357129149802709 ], [ 127.355821762414024, 36.355571503661501 ], [ 127.355371914936541, 36.355269809815368 ], [ 127.353909025748379, 36.354288687018084 ], [ 127.353902041993322, 36.354284003039638 ], [ 127.353830904981436, 36.354268424114153 ], [ 127.353824254963257, 36.354268795443431 ], [ 127.353813251120982, 36.354269404806622 ], [ 127.353697559244154, 36.35427577447328 ], [ 127.353683692985186, 36.354276536250055 ], [ 127.353123274427602, 36.354303618089517 ], [ 127.352692110013223, 36.354298136229303 ], [ 127.352200246138835, 36.354078244561279 ], [ 127.351734950791155, 36.353842142125188 ], [ 127.350989132379752, 36.353610544205928 ], [ 127.350921055044068, 36.35356648704483 ], [ 127.350674370860759, 36.353430501465432 ], [ 127.350298737123438, 36.352958024268517 ], [ 127.350044302518697, 36.352587106750867 ], [ 127.349867877946238, 36.352204110644301 ], [ 127.349815421673313, 36.352090247947139 ], [ 127.349581868215765, 36.351518901582736 ], [ 127.349440247958483, 36.351200264463593 ], [ 127.349293447322367, 36.350818776414584 ], [ 127.349170111138349, 36.35024966820761 ], [ 127.349096055541338, 36.349731882111833 ], [ 127.349163690904831, 36.34917893464133 ], [ 127.349396948191483, 36.348369014475026 ], [ 127.349398934186652, 36.348362114853174 ], [ 127.349587322724432, 36.3479142069625 ], [ 127.349706815324325, 36.347677797864776 ], [ 127.350019457385045, 36.347102868352046 ], [ 127.349626546219284, 36.34696567454278 ], [ 127.349526475840833, 36.346942752042338 ], [ 127.349366288361452, 36.346938333590238 ], [ 127.349357139997096, 36.346930313611999 ], [ 127.349295747317782, 36.346892417868204 ], [ 127.349213206310154, 36.346833270315109 ], [ 127.349096961135515, 36.346923167455621 ], [ 127.348988710805898, 36.346934665493599 ], [ 127.348846792977483, 36.346930437340383 ], [ 127.348710614690134, 36.346883882082473 ], [ 127.348643684082319, 36.34684063101998 ], [ 127.348620065999512, 36.346787593269411 ], [ 127.348494722584178, 36.346742736591004 ], [ 127.348445919379387, 36.346682455186432 ], [ 127.348405977412838, 36.346663556546801 ], [ 127.348290134152407, 36.346590582129487 ], [ 127.348194896573716, 36.346509203776634 ], [ 127.348076864833928, 36.346354499500087 ], [ 127.347797434422077, 36.345891206818621 ], [ 127.347638735194622, 36.345618548848279 ], [ 127.347560483113298, 36.345556414371423 ], [ 127.347456640238462, 36.345475970045776 ], [ 127.347290685409163, 36.345355694127555 ], [ 127.347118963187953, 36.34524093062749 ], [ 127.346941696264594, 36.345131770864 ], [ 127.346759108265857, 36.345028393606142 ], [ 127.346571646628817, 36.344931068067218 ], [ 127.346379532916586, 36.344839883764074 ], [ 127.346182992968394, 36.344755019471947 ], [ 127.345982470282394, 36.344676474844697 ], [ 127.343997191954003, 36.34393862566364 ], [ 127.343318816446924, 36.343686618043556 ], [ 127.343146099672722, 36.343622497552047 ], [ 127.343098454387842, 36.343604249555042 ], [ 127.342903471158536, 36.343517213730337 ], [ 127.342720228324467, 36.343414822907363 ], [ 127.342550513449154, 36.34329815504816 ], [ 127.342396003556956, 36.343168377225396 ], [ 127.342258373228177, 36.343026744862186 ], [ 127.341584862106671, 36.342258995198009 ], [ 127.341159635958007, 36.342385929719967 ], [ 127.341159600366794, 36.342385896315406 ], [ 127.340789680406857, 36.342496364122503 ], [ 127.339440400484932, 36.342899119937343 ], [ 127.339533668959021, 36.343062792972212 ], [ 127.339621851349264, 36.343228300879026 ], [ 127.339704892124971, 36.343395539917168 ], [ 127.339782740209671, 36.343564407252984 ], [ 127.339855346765276, 36.343734794646217 ], [ 127.339922666287819, 36.343906597466663 ], [ 127.340003742942002, 36.344138467384148 ], [ 127.340041277839489, 36.344254018265076 ], [ 127.340092495585253, 36.344429419789897 ], [ 127.340138277737125, 36.344605801131017 ], [ 127.340178596625051, 36.344783053171497 ], [ 127.34021342458, 36.344961065892115 ], [ 127.340242742852922, 36.345139726580406 ], [ 127.340266530461619, 36.345318924323202 ], [ 127.340284774226063, 36.345498547315636 ], [ 127.340297460965772, 36.345678483751996 ], [ 127.340304585306427, 36.345858619131867 ], [ 127.34030626766635, 36.345989151029556 ], [ 127.340310581334322, 36.348533208364955 ], [ 127.340019938406087, 36.348533310998555 ], [ 127.339194609069892, 36.348533227178415 ], [ 127.339194490938141, 36.348533227017988 ], [ 127.339148394869412, 36.348597146315065 ], [ 127.339029112857531, 36.348758522076963 ], [ 127.33853104908124, 36.349432381050278 ], [ 127.337961857568558, 36.350329026859967 ], [ 127.337898564012875, 36.350428694996879 ], [ 127.33762199528924, 36.350465068954662 ], [ 127.337655822804138, 36.350551936675373 ], [ 127.33788164763682, 36.351131744934207 ], [ 127.337773602296082, 36.351161544135422 ], [ 127.337519923517391, 36.351231485367535 ], [ 127.33745769271961, 36.351337665590947 ], [ 127.337330996709042, 36.351553959864148 ], [ 127.337005646173836, 36.352116212151181 ], [ 127.336712962317606, 36.352467156554738 ], [ 127.336777362456189, 36.352669071705051 ], [ 127.336123694210968, 36.352845199609426 ], [ 127.335822990219384, 36.352924181231053 ], [ 127.335791475962878, 36.352932695801805 ], [ 127.335112701056346, 36.353116132653682 ], [ 127.335631050610075, 36.354309274717188 ], [ 127.333454848148421, 36.354898757666696 ], [ 127.333473073707893, 36.354940521583863 ], [ 127.333859312033923, 36.355827099061429 ], [ 127.332815473835453, 36.356109090421093 ], [ 127.332906795389562, 36.356179398230921 ], [ 127.333536769283285, 36.356664551008677 ], [ 127.333476653085853, 36.356675298427859 ], [ 127.333439469036122, 36.356681943635138 ], [ 127.333444070183816, 36.356723853365828 ], [ 127.33348362779266, 36.356859045194156 ], [ 127.334039169922207, 36.356753667572917 ], [ 127.334695654435336, 36.356526212847903 ], [ 127.33503496283052, 36.356464609062819 ], [ 127.335365950468343, 36.35643447789284 ], [ 127.335581733254898, 36.356437335302189 ], [ 127.335847595737945, 36.356492274802477 ], [ 127.336274937315977, 36.356580879434709 ], [ 127.336816573623395, 36.35661114500423 ], [ 127.337052520657153, 36.356603381336022 ], [ 127.337362645099844, 36.356589965512875 ], [ 127.337873764791681, 36.356702895541297 ], [ 127.338197669318788, 36.356722908139375 ], [ 127.338450724305531, 36.356736956044834 ], [ 127.338638944070581, 36.356801669598198 ], [ 127.338817932274566, 36.356864715074195 ], [ 127.339111167372536, 36.356959645028994 ], [ 127.339518515875611, 36.357047970185697 ], [ 127.339663180194592, 36.357167894279435 ], [ 127.339754219921673, 36.357230925606231 ], [ 127.339777490863526, 36.357253172677964 ], [ 127.339879608493433, 36.357319479743701 ], [ 127.340217672948569, 36.357559674829751 ], [ 127.340435463743304, 36.357708831486832 ], [ 127.340612924480482, 36.357832329018372 ], [ 127.340926484568058, 36.358073131886599 ], [ 127.340966057982953, 36.358103569417587 ], [ 127.341256745420083, 36.358259546096264 ], [ 127.341694226772177, 36.358608225483096 ], [ 127.341750094351099, 36.358747567182 ], [ 127.341737640683647, 36.358830059731176 ], [ 127.341682088395658, 36.359198435645226 ], [ 127.341911535185318, 36.35931051790709 ], [ 127.34191940931683, 36.359353390899898 ], [ 127.342087857584772, 36.359427257417671 ], [ 127.342127091374138, 36.359430749993322 ], [ 127.342474440318867, 36.359624682541394 ], [ 127.342625385458717, 36.359721217490211 ], [ 127.343286171158255, 36.359715814017257 ], [ 127.343454195824094, 36.359717946685727 ], [ 127.344073147648317, 36.359725906453072 ], [ 127.344764793565929, 36.359719956666261 ], [ 127.345269700202437, 36.359738150780608 ], [ 127.345529632260352, 36.359737672602634 ], [ 127.346111137364915, 36.359768348362053 ], [ 127.346192690715569, 36.359767572671124 ], [ 127.346489778011005, 36.359779151805157 ], [ 127.347070647983656, 36.359666179036886 ], [ 127.347487075777124, 36.359580263911418 ], [ 127.347675308540587, 36.359541418574153 ], [ 127.348341196011773, 36.359505964551744 ], [ 127.348842052669795, 36.359465399003334 ], [ 127.348915894943076, 36.359459416970687 ], [ 127.349516198912184, 36.359408376198452 ], [ 127.349906662854337, 36.359397505587417 ], [ 127.350148666841875, 36.359399682989796 ], [ 127.350498860703084, 36.359402806223414 ], [ 127.350775944488717, 36.359401095087627 ], [ 127.35118550835675, 36.359450993281776 ], [ 127.351820685855543, 36.359723628807984 ], [ 127.352392842295572, 36.359902480615283 ], [ 127.352789702692903, 36.360092119401557 ], [ 127.353175035119051, 36.360351810594352 ], [ 127.353133564188894, 36.360373705131892 ], [ 127.353138897713151, 36.360375437286933 ], [ 127.35381096226628, 36.360592135426096 ], [ 127.353823634423932, 36.360600406421469 ], [ 127.353909217041689, 36.360655612025859 ], [ 127.353960297878743, 36.360666969500706 ], [ 127.353966733259739, 36.360668400965515 ], [ 127.35397589266347, 36.360668716990325 ], [ 127.354101869658962, 36.360673022185416 ], [ 127.354105536477576, 36.360673182672997 ], [ 127.354783253966062, 36.360702261613284 ], [ 127.35518196121545, 36.360726882649047 ], [ 127.355835506444464, 36.360747097314345 ], [ 127.356290148529695, 36.360779514360829 ], [ 127.357076724145131, 36.360833589408422 ], [ 127.357337220785524, 36.360846241398896 ], [ 127.357706301862763, 36.360975577287398 ], [ 127.358188350290618, 36.361146081719639 ], [ 127.358235318952197, 36.36126212924129 ], [ 127.358273523101658, 36.361357025295646 ], [ 127.358319722258358, 36.36143873968792 ], [ 127.358423085488383, 36.361619268293161 ], [ 127.358538662446676, 36.361788153695755 ], [ 127.358590360041703, 36.361846431099153 ], [ 127.358660167778496, 36.361925209343021 ], [ 127.358738710109989, 36.362013703880208 ], [ 127.358776743138947, 36.362056332300817 ], [ 127.358856941048089, 36.362141127042705 ], [ 127.358914767340721, 36.362201908863099 ], [ 127.359325314857116, 36.362304143147682 ], [ 127.359779172822769, 36.362525271925584 ], [ 127.360109679562214, 36.362666484597206 ], [ 127.360661537341031, 36.362824946796025 ], [ 127.361320774138022, 36.362976287728344 ], [ 127.361557112917467, 36.363042424368594 ], [ 127.361787644439246, 36.363105594922338 ], [ 127.362362329692985, 36.363281336687173 ], [ 127.362790142874999, 36.363382686642183 ] ] ] ] } },
{ "type": "Feature", "properties": { "EMD_CD": "30200112", "EMD_ENG_NM": "Guam-dong", "EMD_KOR_NM": "구암동" }, "geometry": { "type": "MultiPolygon", "coordinates": [ [ [ [ 127.304559389638825, 36.360459622778322 ], [ 127.304534257347953, 36.360475349598723 ], [ 127.304725780062796, 36.360617969384045 ], [ 127.304730953925002, 36.36062189436327 ], [ 127.304843454615678, 36.36070570932943 ], [ 127.304768901569673, 36.360693377924491 ], [ 127.304694359752929, 36.360681022824828 ], [ 127.304735995854173, 36.360792851393796 ], [ 127.304514564190455, 36.361261381304963 ], [ 127.304531889015564, 36.361298546641187 ], [ 127.304713509052775, 36.361688283092469 ], [ 127.304383856363003, 36.362022623853534 ], [ 127.304150324729989, 36.362317131899303 ], [ 127.304065885547502, 36.362456855728105 ], [ 127.303848315577909, 36.362816981914783 ], [ 127.303700115122098, 36.363658507871335 ], [ 127.303513827090413, 36.363981020582266 ], [ 127.303544419108576, 36.364271029467091 ], [ 127.303367696094824, 36.364739588169122 ], [ 127.304089913315721, 36.364815324855428 ], [ 127.304356243898667, 36.365199259793172 ], [ 127.304687963852501, 36.365569537699201 ], [ 127.304696824221523, 36.365980781465822 ], [ 127.304713064966833, 36.36605988987327 ], [ 127.304835950851029, 36.366658530490945 ], [ 127.305496382645387, 36.366929977989621 ], [ 127.305905695555595, 36.366912399386813 ], [ 127.306259393388899, 36.367522922299578 ], [ 127.306772689426481, 36.367353174529306 ], [ 127.307128418879088, 36.36731279390478 ], [ 127.307513820642683, 36.367266631830738 ], [ 127.30826970583955, 36.366930990805507 ], [ 127.309475484952657, 36.366393369813046 ], [ 127.309484284157392, 36.366180446128155 ], [ 127.309488371860937, 36.366112590793996 ], [ 127.309541240597781, 36.366190534348412 ], [ 127.309546349283082, 36.366028078797534 ], [ 127.309493759288699, 36.366023160148835 ], [ 127.309497472130275, 36.365961527363886 ], [ 127.309683380111238, 36.365553377436555 ], [ 127.309801507179216, 36.365580269939478 ], [ 127.310182658001722, 36.365281350526793 ], [ 127.310102424790287, 36.365206021854156 ], [ 127.309842974926113, 36.364929573404105 ], [ 127.309781420094978, 36.3648098317802 ], [ 127.309663700729999, 36.364580851162671 ], [ 127.309539472080928, 36.363856415695892 ], [ 127.30947483422041, 36.363570362149289 ], [ 127.309285963211053, 36.363318575672515 ], [ 127.309290182275689, 36.362907352490922 ], [ 127.309492723403366, 36.362749080964029 ], [ 127.309854913675522, 36.362809993991931 ], [ 127.310114753489756, 36.362591582714607 ], [ 127.31051438764824, 36.362451319228178 ], [ 127.311111041981903, 36.362501717983996 ], [ 127.311513454259611, 36.362247797560293 ], [ 127.311753045524554, 36.362313618841199 ], [ 127.312112125917324, 36.362407930422634 ], [ 127.312513806251687, 36.362542223038382 ], [ 127.312779551324468, 36.362577694902058 ], [ 127.312960328071085, 36.362593760241943 ], [ 127.31312449718645, 36.362488138750948 ], [ 127.313395518993431, 36.362430297482057 ], [ 127.313742897957709, 36.362478783235211 ], [ 127.313886443163312, 36.362239661383185 ], [ 127.314511776087784, 36.362039308082657 ], [ 127.314599443604237, 36.362012133437993 ], [ 127.314766640413751, 36.362023401369058 ], [ 127.314963501292084, 36.36203847528288 ], [ 127.315576058545602, 36.361965016472112 ], [ 127.316180484156817, 36.361798241889836 ], [ 127.316333736085099, 36.361827360461362 ], [ 127.316444522604982, 36.36173668126191 ], [ 127.316608684655662, 36.361617104908717 ], [ 127.316798335490233, 36.361543654982917 ], [ 127.317018040456233, 36.361463123314302 ], [ 127.317151040694228, 36.361429924424058 ], [ 127.317260522383336, 36.361479974433365 ], [ 127.317446608249526, 36.361619109605364 ], [ 127.3175654058536, 36.361707939025081 ], [ 127.318019005107402, 36.361727402064197 ], [ 127.318114061656118, 36.36166533904985 ], [ 127.318117450410284, 36.361662987031281 ], [ 127.318145638013448, 36.361643384006783 ], [ 127.318343651674539, 36.361505890440057 ], [ 127.318562641362703, 36.361353823053882 ], [ 127.318785351249389, 36.361242847694342 ], [ 127.318867432791123, 36.361182368542792 ], [ 127.318878785816707, 36.361174011586996 ], [ 127.319053636789434, 36.361042895555606 ], [ 127.319407431178277, 36.361102450206864 ], [ 127.319649397633441, 36.361140628517205 ], [ 127.319743187896051, 36.361181264771744 ], [ 127.319806685858495, 36.361208779533086 ], [ 127.3199154572618, 36.36125644090356 ], [ 127.320080929224545, 36.361328588959225 ], [ 127.320232803988063, 36.361391454972107 ], [ 127.32035033897904, 36.361443210907069 ], [ 127.320494528901804, 36.361506718898951 ], [ 127.320631742793907, 36.361567145328031 ], [ 127.3207250568923, 36.361608250686231 ], [ 127.320788401105531, 36.361636143823937 ], [ 127.320862119572993, 36.361683393337373 ], [ 127.3208731095404, 36.361665295530166 ], [ 127.32088755854997, 36.361599354442056 ], [ 127.320724210197909, 36.361529157372104 ], [ 127.320604347198426, 36.36147765133952 ], [ 127.320461681528712, 36.361416347274321 ], [ 127.320321694841368, 36.361356198396912 ], [ 127.320183921339122, 36.361297737648677 ], [ 127.319998367220848, 36.361219010666559 ], [ 127.32021404816237, 36.361128138435411 ], [ 127.320282599109092, 36.361099658861079 ], [ 127.320724669729074, 36.360915991917892 ], [ 127.320769071187058, 36.360897237111544 ], [ 127.320974349678579, 36.360810500632475 ], [ 127.321103263831702, 36.360775983552827 ], [ 127.321309326663581, 36.360723173405752 ], [ 127.321407551993602, 36.360698542851985 ], [ 127.321439004611335, 36.360687509435259 ], [ 127.321597229359412, 36.360567924104039 ], [ 127.321613922265939, 36.360554947610062 ], [ 127.321603232722069, 36.360347049561838 ], [ 127.321599766804312, 36.36031963627876 ], [ 127.32158567806492, 36.36019854791401 ], [ 127.321590223914967, 36.360176790531028 ], [ 127.321626514074154, 36.360003083119466 ], [ 127.321637136944048, 36.35995530171737 ], [ 127.321692963641809, 36.359695885825381 ], [ 127.321705835586101, 36.359623271182997 ], [ 127.321710257109004, 36.359598378058671 ], [ 127.321713404365283, 36.359572479039784 ], [ 127.321705995757398, 36.359572616046137 ], [ 127.321714350266248, 36.359536844283625 ], [ 127.321730553609427, 36.359515929784969 ], [ 127.321756022333801, 36.359483058973161 ], [ 127.321870817332538, 36.359494700734501 ], [ 127.322006112056755, 36.359495266102499 ], [ 127.322300905411609, 36.359497457858652 ], [ 127.322444383365038, 36.359488457380046 ], [ 127.322537992010169, 36.359428034853707 ], [ 127.32272421053537, 36.359422136368046 ], [ 127.322853533028734, 36.359406387650722 ], [ 127.322910348932496, 36.35939946705335 ], [ 127.323134633305656, 36.359324697323203 ], [ 127.323220849119124, 36.359314435203572 ], [ 127.323347646266754, 36.359299675025603 ], [ 127.323466492124467, 36.359285846319644 ], [ 127.323961380701178, 36.359278347771742 ], [ 127.324422717278082, 36.359267026783662 ], [ 127.32485582507212, 36.359256690592126 ], [ 127.325249979893215, 36.359251261611846 ], [ 127.325862913675621, 36.359174144406495 ], [ 127.32638940866272, 36.359110064732491 ], [ 127.326658797239631, 36.35907726835589 ], [ 127.326862671007831, 36.359057284176309 ], [ 127.327265762920987, 36.359017760028337 ], [ 127.327328029735753, 36.359011651545465 ], [ 127.327336333843505, 36.35899382180299 ], [ 127.327383930495827, 36.358988492253857 ], [ 127.327608071261267, 36.358963404979818 ], [ 127.327770398869447, 36.358946353293717 ], [ 127.327841973993046, 36.358938831325354 ], [ 127.327933906902913, 36.35892918101036 ], [ 127.328073705869585, 36.35881070081539 ], [ 127.328095886692935, 36.358788913007295 ], [ 127.328477466074844, 36.358382694848217 ], [ 127.328857308286942, 36.357990934962459 ], [ 127.328935246187939, 36.358132853788291 ], [ 127.328976552446363, 36.358211196360514 ], [ 127.328983932028876, 36.358204165040505 ], [ 127.329012446557257, 36.358244927864327 ], [ 127.329032323478856, 36.358284966388069 ], [ 127.329045836560724, 36.358311207433033 ], [ 127.329471719268227, 36.358213361810215 ], [ 127.329611019246286, 36.358181249215328 ], [ 127.329654150466183, 36.358171308027792 ], [ 127.330179994032662, 36.357962602866849 ], [ 127.33024189850876, 36.357934171907736 ], [ 127.331087573226554, 36.357595940509604 ], [ 127.331489097106029, 36.357435352417312 ], [ 127.331496129614195, 36.357433269318427 ], [ 127.331658173928901, 36.357302611768787 ], [ 127.331692743273706, 36.357273111099161 ], [ 127.331765266587837, 36.357192481328788 ], [ 127.331826556418335, 36.357124336725782 ], [ 127.332168590169843, 36.357078899966702 ], [ 127.332175682259404, 36.357077744867084 ], [ 127.332583705480999, 36.357011334311139 ], [ 127.333483627390265, 36.356859045067381 ], [ 127.333444070236041, 36.356723853439263 ], [ 127.333439469231763, 36.356681943834666 ], [ 127.333476652591216, 36.35667529804639 ], [ 127.333536769377631, 36.356664551283806 ], [ 127.332906795296822, 36.356179398503251 ], [ 127.332815474380212, 36.356109090200199 ], [ 127.33385931169839, 36.355827099244927 ], [ 127.333473074124598, 36.354940521177866 ], [ 127.333454848470254, 36.354898757552832 ], [ 127.335631050888537, 36.354309275073547 ], [ 127.335112700672838, 36.353116133098993 ], [ 127.335791475764921, 36.352932695497685 ], [ 127.335822989699366, 36.352924181395736 ], [ 127.33612369446908, 36.352845199283486 ], [ 127.336777362934001, 36.35266907179286 ], [ 127.336712962323347, 36.352467156169368 ], [ 127.337005646005466, 36.352116212320716 ], [ 127.337330996935549, 36.351553959770726 ], [ 127.337457692714779, 36.351337665335173 ], [ 127.337519923617023, 36.351231485755825 ], [ 127.33777360198124, 36.351161544285809 ], [ 127.337881647106002, 36.351131744900158 ], [ 127.337655822899478, 36.350551936869849 ], [ 127.337621995123143, 36.350465069128497 ], [ 127.337898563803094, 36.35042869466389 ], [ 127.337961857459931, 36.350329027308192 ], [ 127.338531049097526, 36.349432381281297 ], [ 127.339029113366621, 36.348758522390831 ], [ 127.326755769673539, 36.348758043686331 ], [ 127.326673244786349, 36.348870734350612 ], [ 127.326590116906473, 36.34875804386386 ], [ 127.326589836834557, 36.348757666134176 ], [ 127.326376193281845, 36.348468214430213 ], [ 127.326358437385949, 36.348471209528419 ], [ 127.326351045584488, 36.348472455214662 ], [ 127.326248985348244, 36.348489674620481 ], [ 127.326201584314262, 36.348497670645706 ], [ 127.326193132495803, 36.348498504663979 ], [ 127.326193122964725, 36.348498505605143 ], [ 127.326192448845887, 36.34849751523393 ], [ 127.326078459410525, 36.348509810468585 ], [ 127.325740224599798, 36.34798828405382 ], [ 127.325629039296246, 36.347814209163509 ], [ 127.325517000891452, 36.347659962231539 ], [ 127.325458706549867, 36.347574103536395 ], [ 127.325411501897392, 36.34748147399587 ], [ 127.325279255476758, 36.34722199782555 ], [ 127.32525452560435, 36.34715755902414 ], [ 127.325244063924231, 36.347130317939403 ], [ 127.325160786832271, 36.346913334325137 ], [ 127.325149041384407, 36.346882735340706 ], [ 127.325036363458963, 36.346716062515021 ], [ 127.324963912655818, 36.346608884138959 ], [ 127.324926465674579, 36.346553500403857 ], [ 127.324906307057034, 36.346492590751581 ], [ 127.324904110327537, 36.34650283399759 ], [ 127.324893619838846, 36.346519759340886 ], [ 127.32487271584607, 36.346537208506625 ], [ 127.324852176837226, 36.346537858856237 ], [ 127.324823790427814, 36.34652921232771 ], [ 127.324709631667048, 36.346381296554057 ], [ 127.324708225920361, 36.346381575510812 ], [ 127.324707605898041, 36.346381698548214 ], [ 127.324624097709389, 36.346275387952751 ], [ 127.324549888358916, 36.346187219765298 ], [ 127.3245570682829, 36.346185633427041 ], [ 127.324557155949876, 36.346185614057823 ], [ 127.324523488753456, 36.346141385161573 ], [ 127.324492697253021, 36.346100934040003 ], [ 127.324488977700753, 36.346103774597864 ], [ 127.324488977185638, 36.34610377377134 ], [ 127.324393456575962, 36.345977498491088 ], [ 127.324358028073377, 36.345930571111857 ], [ 127.324336983346882, 36.345903124228087 ], [ 127.3243637958835, 36.345875989626606 ], [ 127.324383564983549, 36.345848090031097 ], [ 127.324313437086246, 36.345677147116476 ], [ 127.324292936975226, 36.345590005184235 ], [ 127.324267283462476, 36.345560561123762 ], [ 127.32424301059423, 36.345471563946802 ], [ 127.324149582284534, 36.345277028108228 ], [ 127.324058712182847, 36.345132740647713 ], [ 127.323808976676702, 36.345284624906775 ], [ 127.323535895805975, 36.345240023194123 ], [ 127.323135293083581, 36.345174604642324 ], [ 127.32297394189645, 36.345219250252939 ], [ 127.322764656150824, 36.34525827504747 ], [ 127.322755955107439, 36.34546683844173 ], [ 127.322735724266749, 36.345678055229698 ], [ 127.322541396238094, 36.345760142435658 ], [ 127.322453621703048, 36.345783276963445 ], [ 127.32241610696984, 36.345765147022121 ], [ 127.32198567330768, 36.345499240095748 ], [ 127.321741337384111, 36.345627131456204 ], [ 127.321652582346672, 36.345837999980638 ], [ 127.321516685170209, 36.346267014986275 ], [ 127.321223045168395, 36.346461165225911 ], [ 127.320686249350885, 36.346481732056539 ], [ 127.319641248735351, 36.346467153087559 ], [ 127.319617719020783, 36.346633571892887 ], [ 127.319587035226661, 36.346928165252955 ], [ 127.318880718796223, 36.347038706421337 ], [ 127.318540722379282, 36.347533838091181 ], [ 127.318196065417482, 36.348001522438857 ], [ 127.317910746613478, 36.34810010934693 ], [ 127.317504550553423, 36.348171989169714 ], [ 127.317262830500241, 36.348192904471624 ], [ 127.316654570767298, 36.348169484658392 ], [ 127.316024771553487, 36.348155589748053 ], [ 127.315756731625285, 36.348438145121335 ], [ 127.315482561883016, 36.348964644891133 ], [ 127.315473768190373, 36.349474126828362 ], [ 127.314671637142908, 36.349848316036955 ], [ 127.313613629478652, 36.349974346232777 ], [ 127.312864783993746, 36.350075473615149 ], [ 127.312727683257123, 36.35019643443492 ], [ 127.312144761699059, 36.350783630999949 ], [ 127.311678363995341, 36.350571337212365 ], [ 127.311148241923419, 36.351064048296152 ], [ 127.311053112336253, 36.351336574424955 ], [ 127.310615236098911, 36.351589855441446 ], [ 127.310545965229934, 36.351947970500866 ], [ 127.30963000484644, 36.352041876803959 ], [ 127.309441539101087, 36.35229331155783 ], [ 127.309010111614512, 36.352868945720452 ], [ 127.309532244310518, 36.35385957303572 ], [ 127.309508236753885, 36.353910695221366 ], [ 127.30932605194802, 36.354298550687226 ], [ 127.309249476304117, 36.35446156232895 ], [ 127.309428610187553, 36.354650986377322 ], [ 127.309655720400045, 36.355137852758048 ], [ 127.309446295953251, 36.355283039448935 ], [ 127.30930760300177, 36.355529964877526 ], [ 127.309444464185319, 36.355525107420874 ], [ 127.309471484796063, 36.355511880701123 ], [ 127.309505595466518, 36.355488452479776 ], [ 127.309529842187459, 36.35547811664059 ], [ 127.30961029901728, 36.355454568906239 ], [ 127.309672445054957, 36.355449271975765 ], [ 127.309712450971489, 36.355457369437659 ], [ 127.30974270776035, 36.355468105428479 ], [ 127.309794112712595, 36.355496422744501 ], [ 127.309824789296414, 36.355517548120162 ], [ 127.30989256810274, 36.35558451036529 ], [ 127.309985917676372, 36.355663256941689 ], [ 127.310053493638705, 36.355709808119791 ], [ 127.310326261596899, 36.355758100057074 ], [ 127.310502172079509, 36.355764791557277 ], [ 127.310482052886258, 36.356281051666755 ], [ 127.310436979752581, 36.357170118040756 ], [ 127.310567539765543, 36.357447962449839 ], [ 127.31056032627427, 36.357829941821556 ], [ 127.310236191717209, 36.35787818129004 ], [ 127.310072431184025, 36.357910866178017 ], [ 127.308916134611493, 36.358211142513632 ], [ 127.308585747509809, 36.358309285344511 ], [ 127.307700015479924, 36.358572389922742 ], [ 127.306721582303439, 36.358860473893834 ], [ 127.306535997293821, 36.358925922136464 ], [ 127.306353799382066, 36.359002896417998 ], [ 127.30612585293143, 36.359119638520383 ], [ 127.305913014492276, 36.359253734267256 ], [ 127.305718719973598, 36.359400579026264 ], [ 127.305541088299847, 36.35956351200025 ], [ 127.305325418011677, 36.359800887909792 ], [ 127.304964306870104, 36.360228689507558 ], [ 127.304888571506169, 36.360356335195334 ], [ 127.304771523545639, 36.360553608931795 ], [ 127.304559389638825, 36.360459622778322 ] ] ] ] } },
{ "type": "Feature", "properties": { "EMD_CD": "30200113", "EMD_ENG_NM": "Deongmyeong-dong", "EMD_KOR_NM": "덕명동" }, "geometry": { "type": "MultiPolygon", "coordinates": [ [ [ [ 127.304559389638825, 36.360459622778322 ], [ 127.304771523545639, 36.360553608931795 ], [ 127.304888571506169, 36.360356335195334 ], [ 127.304964306870104, 36.360228689507558 ], [ 127.305325418011677, 36.359800887909792 ], [ 127.305541088299847, 36.35956351200025 ], [ 127.305718719973598, 36.359400579026264 ], [ 127.305913014492276, 36.359253734267256 ], [ 127.30612585293143, 36.359119638520383 ], [ 127.306353799382066, 36.359002896417998 ], [ 127.306535997293821, 36.358925922136464 ], [ 127.306721582303439, 36.358860473893834 ], [ 127.307700015479924, 36.358572389922742 ], [ 127.308585747509809, 36.358309285344511 ], [ 127.308916134611493, 36.358211142513632 ], [ 127.310072431184025, 36.357910866178017 ], [ 127.310236191717209, 36.35787818129004 ], [ 127.31056032627427, 36.357829941821556 ], [ 127.310567539765543, 36.357447962449839 ], [ 127.310436979752581, 36.357170118040756 ], [ 127.310482052886258, 36.356281051666755 ], [ 127.310502172079509, 36.355764791557277 ], [ 127.310326261596899, 36.355758100057074 ], [ 127.310053493638705, 36.355709808119791 ], [ 127.309985917676372, 36.355663256941689 ], [ 127.30989256810274, 36.35558451036529 ], [ 127.309824789296414, 36.355517548120162 ], [ 127.309794112712595, 36.355496422744501 ], [ 127.30974270776035, 36.355468105428479 ], [ 127.309712450971489, 36.355457369437659 ], [ 127.309672445054957, 36.355449271975765 ], [ 127.30961029901728, 36.355454568906239 ], [ 127.309529842187459, 36.35547811664059 ], [ 127.309505595466518, 36.355488452479776 ], [ 127.309471484796063, 36.355511880701123 ], [ 127.309444464185319, 36.355525107420874 ], [ 127.30930760300177, 36.355529964877526 ], [ 127.309446295953251, 36.355283039448935 ], [ 127.309655720400045, 36.355137852758048 ], [ 127.309428610187553, 36.354650986377322 ], [ 127.309249476304117, 36.35446156232895 ], [ 127.30932605194802, 36.354298550687226 ], [ 127.309508236753885, 36.353910695221366 ], [ 127.309532244310518, 36.35385957303572 ], [ 127.309010111614512, 36.352868945720452 ], [ 127.309441539101087, 36.35229331155783 ], [ 127.30963000484644, 36.352041876803959 ], [ 127.310545965229934, 36.351947970500866 ], [ 127.310615236098911, 36.351589855441446 ], [ 127.311053112336253, 36.351336574424955 ], [ 127.311148241923419, 36.351064048296152 ], [ 127.311678363995341, 36.350571337212365 ], [ 127.31165903418092, 36.350495166376156 ], [ 127.311605090924857, 36.350475039049122 ], [ 127.309047185831361, 36.350274019948245 ], [ 127.30848723312215, 36.34997391002382 ], [ 127.308371560184426, 36.349907655668865 ], [ 127.307418715649504, 36.349412697549518 ], [ 127.307537135571067, 36.349304524177654 ], [ 127.307213214382557, 36.349130940689548 ], [ 127.305644556719727, 36.349161014374836 ], [ 127.305335202367502, 36.349005132762514 ], [ 127.304949206709949, 36.349027561436259 ], [ 127.304647347517559, 36.348965470905647 ], [ 127.304541729375146, 36.348810539120144 ], [ 127.30467188769822, 36.348649016510187 ], [ 127.304852615448439, 36.348543436257991 ], [ 127.304895494348543, 36.348431681315809 ], [ 127.305071400104737, 36.348338206689149 ], [ 127.30520383418073, 36.348344358617233 ], [ 127.305424717299928, 36.348131976777736 ], [ 127.305706070077861, 36.34821824191372 ], [ 127.30604493539019, 36.348140445817982 ], [ 127.306371129288678, 36.348030040672626 ], [ 127.306648066975328, 36.347678399758777 ], [ 127.306560807213359, 36.347623939481736 ], [ 127.306572014400103, 36.347550633759617 ], [ 127.306829193362631, 36.347433350069927 ], [ 127.30741635113398, 36.347292481180503 ], [ 127.307740131200418, 36.347214799513516 ], [ 127.30791241985564, 36.347173464317855 ], [ 127.307908331939899, 36.347127261280278 ], [ 127.307905611289414, 36.347096511607155 ], [ 127.307887844158969, 36.346895700765529 ], [ 127.307955285263418, 36.346842008328984 ], [ 127.308154146681275, 36.34668368648807 ], [ 127.308396106367255, 36.346491051025907 ], [ 127.308406212530613, 36.346483004998483 ], [ 127.307868350164526, 36.346169861921105 ], [ 127.307710365726791, 36.346146800340129 ], [ 127.307188819279304, 36.346070652888777 ], [ 127.307141333142397, 36.346048452334379 ], [ 127.306782373904881, 36.345878760104434 ], [ 127.306707483649419, 36.345842084473205 ], [ 127.306532831071124, 36.345792236027229 ], [ 127.306048241839008, 36.34545667715048 ], [ 127.3057416411459, 36.345146013231698 ], [ 127.305840563454069, 36.344892018464307 ], [ 127.305908105439173, 36.344710341817688 ], [ 127.305687889718897, 36.344804398762143 ], [ 127.305663682474162, 36.344766881520847 ], [ 127.305628837694329, 36.344629271177723 ], [ 127.305575098615321, 36.344617242110346 ], [ 127.305331652975028, 36.344304878208142 ], [ 127.305067169584987, 36.344424421065035 ], [ 127.30466284856395, 36.344578736749469 ], [ 127.304598150818677, 36.344598801278096 ], [ 127.304329732631643, 36.344682044566959 ], [ 127.303904052647809, 36.344786937482475 ], [ 127.303472470111586, 36.344863637124568 ], [ 127.30303476442019, 36.34491259457203 ], [ 127.302590947475593, 36.344936783593738 ], [ 127.30203042186605, 36.344940807929277 ], [ 127.301997851401026, 36.34498508191902 ], [ 127.301927805646002, 36.345080296971226 ], [ 127.301894653605416, 36.345033699617225 ], [ 127.301686150868008, 36.345035656847195 ], [ 127.301567719345172, 36.345068585271108 ], [ 127.301268533749464, 36.345123902083678 ], [ 127.301266062518977, 36.345124358868468 ], [ 127.301152107569962, 36.345145416669702 ], [ 127.301008063664412, 36.345172046924567 ], [ 127.300593598146847, 36.345234310574732 ], [ 127.300207187601586, 36.345292357276271 ], [ 127.30012111690192, 36.345322797683686 ], [ 127.299833846789454, 36.345424347284322 ], [ 127.299617543417014, 36.345425752205458 ], [ 127.299322224705691, 36.345332982982491 ], [ 127.299246641361108, 36.345309245216875 ], [ 127.298341871979218, 36.345059420302917 ], [ 127.298275878966891, 36.345041191293291 ], [ 127.297967227738837, 36.345109644413732 ], [ 127.297807240084126, 36.345112222044463 ], [ 127.297539506035875, 36.345116526322727 ], [ 127.297090396306189, 36.345202988015089 ], [ 127.296989778941324, 36.345222359714228 ], [ 127.296888421118169, 36.345228558027777 ], [ 127.296734630328004, 36.345237976822688 ], [ 127.296644447399729, 36.345259449217671 ], [ 127.296127566926316, 36.345382545073619 ], [ 127.295999037226721, 36.345355637488133 ], [ 127.295954444649638, 36.34534359056515 ], [ 127.295698832156646, 36.345274550528835 ], [ 127.295045453459693, 36.345598623563525 ], [ 127.294366652878978, 36.345715602976838 ], [ 127.293855622820161, 36.345772492619432 ], [ 127.293141855535495, 36.34586665184402 ], [ 127.292927277636892, 36.345900996299314 ], [ 127.292422609033196, 36.345976653734638 ], [ 127.291897094816221, 36.346075700046391 ], [ 127.291304157917878, 36.346104571118396 ], [ 127.29097464199242, 36.346007277225468 ], [ 127.290885498855559, 36.345979268426852 ], [ 127.290430988143797, 36.345828340518153 ], [ 127.290228924350387, 36.345830946648796 ], [ 127.290133086189385, 36.345826933645476 ], [ 127.29003462139751, 36.345820529790103 ], [ 127.28992769423067, 36.345806080790453 ], [ 127.289845838658422, 36.34579966372582 ], [ 127.289635772931916, 36.345771026509347 ], [ 127.289588684423151, 36.345764651599389 ], [ 127.289516720176451, 36.345748955428277 ], [ 127.289318996945369, 36.345659648050855 ], [ 127.289236615159098, 36.345625205390036 ], [ 127.289103227590559, 36.345558118826951 ], [ 127.288874657532858, 36.345310567058412 ], [ 127.28873645592283, 36.345160881223109 ], [ 127.288549581151187, 36.344936983480316 ], [ 127.288338921326499, 36.344706113385286 ], [ 127.288319494980755, 36.344691182532401 ], [ 127.288079978420555, 36.344507079961502 ], [ 127.287920450534926, 36.344482878441582 ], [ 127.287778057675126, 36.344410648247134 ], [ 127.287645029609251, 36.344291723754196 ], [ 127.287487360576463, 36.344163395773663 ], [ 127.287350275979122, 36.344080320270855 ], [ 127.286944748433825, 36.343730057724905 ], [ 127.286618478312334, 36.343428024693843 ], [ 127.285441456775089, 36.342456263204333 ], [ 127.285273930567101, 36.342292413426257 ], [ 127.285075765045576, 36.342046638427121 ], [ 127.284900219025801, 36.341765600636371 ], [ 127.284712812377961, 36.341211084783055 ], [ 127.284680711193559, 36.341116096147807 ], [ 127.284634558275684, 36.34089339956315 ], [ 127.284595562086679, 36.340721404001009 ], [ 127.28457544689978, 36.340684945140964 ], [ 127.284516216506304, 36.340625148423342 ], [ 127.28384524372963, 36.340165983881917 ], [ 127.282892509234031, 36.339222990666215 ], [ 127.282264220949898, 36.338339164917578 ], [ 127.281972266564082, 36.338217813568761 ], [ 127.281967728182252, 36.337961665737254 ], [ 127.281502790909784, 36.337372541512018 ], [ 127.280770585411503, 36.336640212958066 ], [ 127.280161647795751, 36.336276397724667 ], [ 127.280212875792955, 36.335764474772695 ], [ 127.280056852948377, 36.33479510355955 ], [ 127.279838193446949, 36.333859960261847 ], [ 127.280435170697629, 36.332352346287863 ], [ 127.281946142414071, 36.331585696158122 ], [ 127.282742784963034, 36.330662553808267 ], [ 127.282001807793449, 36.329948176867873 ], [ 127.281876535705081, 36.328928990094283 ], [ 127.281492398896049, 36.32918997857589 ], [ 127.280715706107927, 36.329448981724866 ], [ 127.27996178711102, 36.329618070658199 ], [ 127.279123736009524, 36.329750312014745 ], [ 127.278123662566799, 36.330700612261872 ], [ 127.277657702961946, 36.331256137321724 ], [ 127.277183274494391, 36.332024131888872 ], [ 127.276986234057389, 36.331902945720699 ], [ 127.276349110373118, 36.331524531547828 ], [ 127.275139871718196, 36.331258972526392 ], [ 127.273435521755431, 36.33102877338596 ], [ 127.272735838792727, 36.331048233561376 ], [ 127.27240440097593, 36.331232996071009 ], [ 127.27175844483088, 36.331220553327327 ], [ 127.27098125191614, 36.331314011700549 ], [ 127.270492819301253, 36.330985507392263 ], [ 127.269236080805655, 36.331298153008667 ], [ 127.268764208218983, 36.33162553390747 ], [ 127.26823548751976, 36.331448100438344 ], [ 127.267846735568995, 36.332247940982313 ], [ 127.266615411715236, 36.33344641147324 ], [ 127.266668171199726, 36.334635853664345 ], [ 127.266390038384884, 36.335190683108088 ], [ 127.265593655505242, 36.335809470832217 ], [ 127.265573816784965, 36.336478915126087 ], [ 127.265421942524284, 36.337221034205442 ], [ 127.265728063140571, 36.33803957875363 ], [ 127.266415215457741, 36.3386688790047 ], [ 127.267422280123625, 36.339405325189418 ], [ 127.267972230884141, 36.33996057471704 ], [ 127.268646034472155, 36.341002178324153 ], [ 127.27031434999904, 36.34142930573082 ], [ 127.271279135909495, 36.341946153702096 ], [ 127.271919142290812, 36.342509688963382 ], [ 127.272428231242742, 36.342957941142011 ], [ 127.273125877074804, 36.34427460177313 ], [ 127.275729179482497, 36.34387214036942 ], [ 127.276810443314972, 36.34423209675618 ], [ 127.278489008540348, 36.344476599146397 ], [ 127.279125724171962, 36.344826578836219 ], [ 127.278581364595951, 36.345293919442845 ], [ 127.278207036297488, 36.345748509742968 ], [ 127.278109524711681, 36.345866928318706 ], [ 127.278068361845484, 36.345916916585395 ], [ 127.277807938011961, 36.346594524520356 ], [ 127.277475059583935, 36.34711544113155 ], [ 127.277649369956634, 36.348419764091297 ], [ 127.277912650196711, 36.348820795859623 ], [ 127.277986086005725, 36.348932653359697 ], [ 127.277934684878787, 36.348967124495843 ], [ 127.277892421391599, 36.349009287567178 ], [ 127.278665150105851, 36.349139538175564 ], [ 127.278939077668937, 36.349441759238331 ], [ 127.279549392890601, 36.349752100983039 ], [ 127.279945764989876, 36.349849937414874 ], [ 127.280405645615957, 36.350996353472887 ], [ 127.280844699999449, 36.351220918099571 ], [ 127.280818053669108, 36.351670439524732 ], [ 127.281443008919751, 36.352304041348354 ], [ 127.282109188386073, 36.352656476801997 ], [ 127.282144732685424, 36.35310189619981 ], [ 127.282264969680682, 36.353175086210861 ], [ 127.282573923063453, 36.353367021204534 ], [ 127.282726356466128, 36.353672186499374 ], [ 127.28307938610385, 36.35391674392374 ], [ 127.283372391222088, 36.354009928062794 ], [ 127.283843356405328, 36.353867431480374 ], [ 127.284014347431921, 36.353861800538176 ], [ 127.284686246835136, 36.353996431046021 ], [ 127.284892598003765, 36.354503796569169 ], [ 127.284945217641678, 36.354633188004826 ], [ 127.285380496555447, 36.354940940785667 ], [ 127.286474289729242, 36.355355561113086 ], [ 127.28663762342839, 36.355586411802484 ], [ 127.286804225719422, 36.355671625314756 ], [ 127.287213222417478, 36.355722672624317 ], [ 127.287495028954339, 36.35584262912824 ], [ 127.288339926832307, 36.355500168759981 ], [ 127.289510217775288, 36.355730810895686 ], [ 127.289782462696095, 36.355855155720278 ], [ 127.290298736100553, 36.35598359645185 ], [ 127.290552426000886, 36.356157224301 ], [ 127.29089146293542, 36.356280945393301 ], [ 127.291223254203075, 36.356418353839672 ], [ 127.291431853955501, 36.356503459036041 ], [ 127.29201186508719, 36.356743662997111 ], [ 127.292039238421751, 36.356740496415931 ], [ 127.292080628713279, 36.356737683244944 ], [ 127.292263354042916, 36.356725244165624 ], [ 127.292322376369739, 36.356721225494304 ], [ 127.292550056158746, 36.356705729727359 ], [ 127.29271412662591, 36.356692127829085 ], [ 127.292850165987829, 36.35672342727122 ], [ 127.293331368332773, 36.356831492819481 ], [ 127.293547535430548, 36.356889504678179 ], [ 127.293910004886456, 36.357095175385467 ], [ 127.294192449247063, 36.357140398468708 ], [ 127.294343701116532, 36.357163656550689 ], [ 127.294383231748753, 36.357196740741472 ], [ 127.294530647879284, 36.357323146894515 ], [ 127.294521984771364, 36.357330377499459 ], [ 127.294567602881884, 36.357337826436698 ], [ 127.294571773408691, 36.35732692106243 ], [ 127.294613902976337, 36.357334018070425 ], [ 127.294630380763905, 36.35732208220395 ], [ 127.294680321291068, 36.35732942136552 ], [ 127.294749814097742, 36.357339542195774 ], [ 127.294758230939976, 36.357340918352108 ], [ 127.294924091051371, 36.357578275849221 ], [ 127.295043174396639, 36.357748673953623 ], [ 127.29508147901312, 36.357760709591801 ], [ 127.295110791327289, 36.357772415858157 ], [ 127.295274869062538, 36.357837356393304 ], [ 127.29534157052619, 36.357863524564372 ], [ 127.295629033248389, 36.357977157725699 ], [ 127.295754415486996, 36.358026692723612 ], [ 127.295771932418802, 36.358033318241112 ], [ 127.295882588682503, 36.358074715759443 ], [ 127.296047256421261, 36.358156929200049 ], [ 127.296593900466888, 36.358387595589747 ], [ 127.296826811070716, 36.358747028448526 ], [ 127.296832564856217, 36.358751240713048 ], [ 127.296935660397892, 36.358870021354548 ], [ 127.297043452993762, 36.359016951838534 ], [ 127.297173844654651, 36.359191339009456 ], [ 127.297231665321064, 36.359284512030392 ], [ 127.297262166294828, 36.359330396185946 ], [ 127.297272777592113, 36.359346311609841 ], [ 127.297478911452444, 36.359514941691785 ], [ 127.297517360734332, 36.35954719843005 ], [ 127.297602092672236, 36.359617784362968 ], [ 127.297819888852672, 36.35980288535854 ], [ 127.298088041660122, 36.36003077465439 ], [ 127.298094994185149, 36.360036678079958 ], [ 127.298104803810602, 36.360043854073439 ], [ 127.29814449821184, 36.360072313591552 ], [ 127.298313688510362, 36.360193614382389 ], [ 127.298381609623007, 36.36027609188924 ], [ 127.298525822394609, 36.360415360669478 ], [ 127.29859675038108, 36.360406488042976 ], [ 127.29861686351542, 36.360442268526157 ], [ 127.29864330176396, 36.360488874344 ], [ 127.298608569376114, 36.36048500458098 ], [ 127.298654072951507, 36.360555525081089 ], [ 127.29865907251515, 36.360563506019766 ], [ 127.298712924857128, 36.360649595962769 ], [ 127.298834731806309, 36.360844260901018 ], [ 127.299366991671633, 36.361114592675541 ], [ 127.299592253502539, 36.361227542176117 ], [ 127.300086658095694, 36.361424862306272 ], [ 127.300620439202874, 36.361569390444615 ], [ 127.300851115434597, 36.361562099020666 ], [ 127.300960344579465, 36.361560527624469 ], [ 127.30115960846922, 36.36155528789061 ], [ 127.301181834853608, 36.361554844642463 ], [ 127.301284022541637, 36.361553335669818 ], [ 127.30149703234045, 36.361550178631333 ], [ 127.301655260982812, 36.361600174625565 ], [ 127.301697217658827, 36.361596302330426 ], [ 127.301784439206585, 36.361602814889764 ], [ 127.301955621897761, 36.361619813160452 ], [ 127.3019812469378, 36.361622362110388 ], [ 127.302046979263551, 36.361629775617388 ], [ 127.302233125275833, 36.361652467286149 ], [ 127.302536066632413, 36.361685318017351 ], [ 127.303157897618448, 36.3617345846436 ], [ 127.303333980267681, 36.361710394150293 ], [ 127.303408425708966, 36.361665868543959 ], [ 127.30367204667715, 36.361508218473446 ], [ 127.303859157856564, 36.361204312456117 ], [ 127.304028369258646, 36.360936642412142 ], [ 127.30403965372652, 36.360918806735981 ], [ 127.304153449956459, 36.360738807375192 ], [ 127.304313004691295, 36.360610536210068 ], [ 127.304534257347953, 36.360475349598723 ], [ 127.304559389638825, 36.360459622778322 ] ] ] ] } },
{ "type": "Feature", "properties": { "EMD_CD": "30200114", "EMD_ENG_NM": "Wonsinheung-dong", "EMD_KOR_NM": "원신흥동" }, "geometry": { "type": "MultiPolygon", "coordinates": [ [ [ [ 127.350019457194136, 36.347102867998125 ], [ 127.350139405792049, 36.346879352351536 ], [ 127.350603026764787, 36.346316533819703 ], [ 127.350657207144579, 36.346230989654515 ], [ 127.350765058713861, 36.346060704777329 ], [ 127.350939213746955, 36.345788366666142 ], [ 127.351053754813591, 36.345415262594187 ], [ 127.35111633925203, 36.345211433045378 ], [ 127.35137577162692, 36.344739064289399 ], [ 127.351692231850748, 36.344303376703031 ], [ 127.351799873676413, 36.34391076368896 ], [ 127.351883874212234, 36.343403185446448 ], [ 127.351980794062911, 36.342766089013367 ], [ 127.352035630441378, 36.342328202527987 ], [ 127.352121995926765, 36.341886708922473 ], [ 127.352268807652123, 36.341215743901799 ], [ 127.352396326056748, 36.340696628523823 ], [ 127.352567495887754, 36.340254452897526 ], [ 127.352719859864976, 36.339866483638239 ], [ 127.352963081645044, 36.339213383779651 ], [ 127.353147001758273, 36.338813984378788 ], [ 127.353395022628277, 36.338268505326511 ], [ 127.353454546536966, 36.338134686339899 ], [ 127.353546427141694, 36.337810165255291 ], [ 127.353688707988923, 36.337309866269393 ], [ 127.353735749099357, 36.337088003406869 ], [ 127.353766024874346, 36.336999310991516 ], [ 127.353827671419296, 36.336800475023772 ], [ 127.353934492400683, 36.336445359814427 ], [ 127.354131660682626, 36.335980350424535 ], [ 127.354426062127516, 36.335438634232197 ], [ 127.354574280636712, 36.334992576037664 ], [ 127.354500423374418, 36.334471565426341 ], [ 127.354446025937236, 36.334217397347544 ], [ 127.354365335615256, 36.333847920804182 ], [ 127.354179709887262, 36.333482007104259 ], [ 127.354146119293347, 36.333064647273261 ], [ 127.353840364716831, 36.332592424635081 ], [ 127.353781538988628, 36.332296427793231 ], [ 127.353777588141725, 36.332274838339913 ], [ 127.353753152411926, 36.332154063145161 ], [ 127.353496764979525, 36.332151718483537 ], [ 127.353480841403154, 36.332151981632769 ], [ 127.353257129311373, 36.332155767335237 ], [ 127.353078525030753, 36.332156382962367 ], [ 127.352969978181193, 36.332156756281215 ], [ 127.35274929340774, 36.332157512933442 ], [ 127.352419864011566, 36.33215864306505 ], [ 127.352243841858453, 36.332159249863643 ], [ 127.352083314920691, 36.33215979292936 ], [ 127.351868535579129, 36.332160530876585 ], [ 127.351746549160268, 36.332160951492739 ], [ 127.351419487008059, 36.332162071686803 ], [ 127.351084537104981, 36.332163214056969 ], [ 127.351003017436, 36.332163497523439 ], [ 127.350754692224641, 36.33216434057114 ], [ 127.350426689232918, 36.332165460797896 ], [ 127.350347968098646, 36.33216573564755 ], [ 127.350099035297447, 36.332166579106463 ], [ 127.350099024772504, 36.332166579146183 ], [ 127.350021932422905, 36.332166849021519 ], [ 127.349686053808881, 36.332167990180864 ], [ 127.349352149515312, 36.33216913366207 ], [ 127.349165740590635, 36.332169767094037 ], [ 127.349022430756477, 36.332170255028849 ], [ 127.348897328419454, 36.332170681797074 ], [ 127.348793848822311, 36.33217102758325 ], [ 127.348687426187553, 36.332171390840614 ], [ 127.348528122326911, 36.332171934590562 ], [ 127.348352228794383, 36.332172535284741 ], [ 127.348110003741255, 36.332173355134984 ], [ 127.348027406770171, 36.332173630684466 ], [ 127.347691696736703, 36.332174774762535 ], [ 127.347584148188389, 36.33217514029878 ], [ 127.3474889893034, 36.332175460879569 ], [ 127.347411246939245, 36.332175721932003 ], [ 127.347318936536666, 36.332176034070351 ], [ 127.347249254630654, 36.332176271758257 ], [ 127.346972434598825, 36.332177207397926 ], [ 127.346945782408866, 36.332177302456074 ], [ 127.346906889912759, 36.332177475958609 ], [ 127.346883718000839, 36.332177508857335 ], [ 127.346077015500811, 36.332180242822751 ], [ 127.346047734882006, 36.33218033624663 ], [ 127.344796176851588, 36.332184559426373 ], [ 127.344610842558836, 36.332185157282112 ], [ 127.344566055540739, 36.332185332111095 ], [ 127.344516028054997, 36.332185498938223 ], [ 127.344253755764797, 36.332186188271706 ], [ 127.343991967147289, 36.332186875643728 ], [ 127.343859796460691, 36.332186965936678 ], [ 127.343563618929593, 36.332188706113442 ], [ 127.343269901351093, 36.332189690548915 ], [ 127.343252678566529, 36.332189748808041 ], [ 127.340998421293804, 36.332197290740588 ], [ 127.340655873166924, 36.332198434481008 ], [ 127.340172134826503, 36.332200040480203 ], [ 127.340172134837616, 36.33220004048016 ], [ 127.339909130222452, 36.33220092061358 ], [ 127.339807862593062, 36.332201252357301 ], [ 127.33964759335548, 36.332201787004038 ], [ 127.339613189488631, 36.332201902357959 ], [ 127.339335519381024, 36.332202822715701 ], [ 127.33904280244623, 36.332203793935449 ], [ 127.338925022935229, 36.332204189585369 ], [ 127.338640035454901, 36.332205137997057 ], [ 127.338529907407676, 36.332205502662632 ], [ 127.338448280320179, 36.33220576885779 ], [ 127.33825447590597, 36.332206414196555 ], [ 127.338142565841238, 36.332206783526146 ], [ 127.338093014949436, 36.332206959128271 ], [ 127.338071853644749, 36.33220703674418 ], [ 127.337997756066386, 36.332207290439889 ], [ 127.337928631640239, 36.332207539102995 ], [ 127.337785553674706, 36.332208040884915 ], [ 127.337621464144448, 36.332208619610583 ], [ 127.337123123994573, 36.332212768605096 ], [ 127.336990294841769, 36.33221083452402 ], [ 127.336954879418514, 36.332210960963948 ], [ 127.33692700870597, 36.332211057829923 ], [ 127.336644665672139, 36.332212047511149 ], [ 127.336364379543298, 36.332213030086699 ], [ 127.334284856442039, 36.33222030847265 ], [ 127.334210595685875, 36.332220567565486 ], [ 127.33285199706539, 36.332225168780965 ], [ 127.332739269440111, 36.332225692329551 ], [ 127.332708738099939, 36.33222580397549 ], [ 127.332523505567224, 36.332226443302893 ], [ 127.332409680078186, 36.332226839605134 ], [ 127.332203801381468, 36.332227553620683 ], [ 127.332032128959881, 36.332228154666062 ], [ 127.331966746390648, 36.332228380521485 ], [ 127.331665142974501, 36.33222942133515 ], [ 127.331639063549176, 36.332229511388988 ], [ 127.331591986933418, 36.332229677777015 ], [ 127.331593713940407, 36.332277227583049 ], [ 127.33157307653461, 36.332366992891529 ], [ 127.331570848850575, 36.332435798019532 ], [ 127.331573231239304, 36.332454022166338 ], [ 127.331579094815041, 36.332480112949462 ], [ 127.332444291736621, 36.332477720399936 ], [ 127.33253884040613, 36.332554148366377 ], [ 127.332542661379549, 36.33285179514354 ], [ 127.332563822824937, 36.333193911804884 ], [ 127.332600068754857, 36.33328419901828 ], [ 127.332611450909766, 36.333368246894963 ], [ 127.332212045205338, 36.333209755047925 ], [ 127.332115092598087, 36.333197136509114 ], [ 127.332041769323766, 36.333162193579135 ], [ 127.331855483783457, 36.333095030554105 ], [ 127.33164376110598, 36.333038013489208 ], [ 127.331644171841276, 36.333099777867865 ], [ 127.331645787316887, 36.333340891190815 ], [ 127.331963478048934, 36.333443658597481 ], [ 127.332533058083072, 36.333642167567113 ], [ 127.334114798124062, 36.334193409581623 ], [ 127.334290550547593, 36.334262721103286 ], [ 127.334479936799852, 36.334357448673281 ], [ 127.334655782477171, 36.33446795133753 ], [ 127.334816088813284, 36.334592973069682 ], [ 127.334959033594274, 36.334731092819986 ], [ 127.335082991954764, 36.334880740638674 ], [ 127.335186554788848, 36.335040215545234 ], [ 127.335241080612334, 36.33514740433062 ], [ 127.335300111419158, 36.335290847158305 ], [ 127.33537681612367, 36.335506173943834 ], [ 127.335589526077314, 36.336018662579654 ], [ 127.335721764203853, 36.336292982387249 ], [ 127.335909712667757, 36.336664223413059 ], [ 127.336063878311222, 36.336968732785579 ], [ 127.336227544421121, 36.337282042753813 ], [ 127.336317739327299, 36.337446841226928 ], [ 127.33641032554776, 36.337610771269858 ], [ 127.336505288548381, 36.337773807099289 ], [ 127.336602831966005, 36.3379362820138 ], [ 127.336702515663433, 36.33809746284058 ], [ 127.336804536584694, 36.338257683617861 ], [ 127.336955682735692, 36.338487342075716 ], [ 127.337064860475266, 36.338644434081679 ], [ 127.337181286293273, 36.338798081704006 ], [ 127.337304794458788, 36.338948066150337 ], [ 127.337435209122546, 36.339094173846966 ], [ 127.337590029962712, 36.339253673032907 ], [ 127.338559079770462, 36.340211253056957 ], [ 127.338965832005385, 36.340613094956666 ], [ 127.339173556170806, 36.340818331391581 ], [ 127.339321435544292, 36.340953065547339 ], [ 127.339424736826103, 36.341033244580622 ], [ 127.339482151319146, 36.341077807695463 ], [ 127.339654675481242, 36.341191759858724 ], [ 127.339837904413329, 36.341294193080664 ], [ 127.339996104571043, 36.341369476729227 ], [ 127.340862758563944, 36.341751365526243 ], [ 127.341052751991469, 36.341845337390289 ], [ 127.341230200556438, 36.341954184719555 ], [ 127.34139333127149, 36.342076820004692 ], [ 127.341474127078982, 36.342147645326591 ], [ 127.3415848618247, 36.342258995591266 ], [ 127.342258373031143, 36.34302674479612 ], [ 127.342396003015551, 36.34316837681763 ], [ 127.342550513524245, 36.343298155164774 ], [ 127.342720228192064, 36.34341482292006 ], [ 127.342903471010956, 36.343517213285466 ], [ 127.343098454939948, 36.343604249902761 ], [ 127.343146099567022, 36.343622497589429 ], [ 127.343318816588294, 36.343686617644209 ], [ 127.343997191816584, 36.343938625304325 ], [ 127.34598247016477, 36.344676474989804 ], [ 127.346182992721452, 36.344755019573356 ], [ 127.346379533326356, 36.344839883503781 ], [ 127.346571646439614, 36.3449310680869 ], [ 127.346759108509389, 36.345028393755435 ], [ 127.346941696376788, 36.345131771058952 ], [ 127.347118963293909, 36.345240930960308 ], [ 127.347290685692798, 36.34535569389562 ], [ 127.34745664039869, 36.34547597041751 ], [ 127.347560483145841, 36.345556414621029 ], [ 127.347638735355829, 36.345618548982031 ], [ 127.347638780764825, 36.345618605245733 ], [ 127.347658212602369, 36.345692030662946 ], [ 127.347686018323103, 36.345731810711172 ], [ 127.347797434470337, 36.34589120690827 ], [ 127.348076864829608, 36.346354499545527 ], [ 127.348194896406923, 36.346509203516504 ], [ 127.348290134409623, 36.346590582212109 ], [ 127.34840597730539, 36.346663556181525 ], [ 127.348445919205446, 36.346682454917676 ], [ 127.348494722616422, 36.346742736679928 ], [ 127.348620065898885, 36.346787593378266 ], [ 127.348643683717242, 36.346840630730902 ], [ 127.348710614189415, 36.346883881698012 ], [ 127.348846793248384, 36.346930436919656 ], [ 127.348988710773369, 36.34693466536114 ], [ 127.349096960780486, 36.346923167020364 ], [ 127.349213205889455, 36.346833270551151 ], [ 127.349295747368217, 36.346892417465476 ], [ 127.349357140224114, 36.346930313211573 ], [ 127.349366288255808, 36.346938334031542 ], [ 127.349526475934056, 36.34694275196501 ], [ 127.349626546527404, 36.346965674628919 ], [ 127.350019457194136, 36.347102867998125 ] ] ] ] } },
{ "type": "Feature", "properties": { "EMD_CD": "30200115", "EMD_ENG_NM": "Sangdae-dong", "EMD_KOR_NM": "상대동" }, "geometry": { "type": "MultiPolygon", "coordinates": [ [ [ [ 127.324058712182847, 36.345132740647713 ], [ 127.324149582284534, 36.345277028108228 ], [ 127.32424301059423, 36.345471563946802 ], [ 127.324267283462476, 36.345560561123762 ], [ 127.324292936975226, 36.345590005184235 ], [ 127.324313437086246, 36.345677147116476 ], [ 127.324383564983549, 36.345848090031097 ], [ 127.3243637958835, 36.345875989626606 ], [ 127.324336983346882, 36.345903124228087 ], [ 127.324358028073377, 36.345930571111857 ], [ 127.324393456575962, 36.345977498491088 ], [ 127.324488977185638, 36.34610377377134 ], [ 127.324488977700753, 36.346103774597864 ], [ 127.324492697253021, 36.346100934040003 ], [ 127.324523488753456, 36.346141385161573 ], [ 127.324557155949876, 36.346185614057823 ], [ 127.3245570682829, 36.346185633427041 ], [ 127.324549888358916, 36.346187219765298 ], [ 127.324624097709389, 36.346275387952751 ], [ 127.324707605898041, 36.346381698548214 ], [ 127.324708225920361, 36.346381575510812 ], [ 127.324709631667048, 36.346381296554057 ], [ 127.324823790427814, 36.34652921232771 ], [ 127.324852176837226, 36.346537858856237 ], [ 127.32487271584607, 36.346537208506625 ], [ 127.324893619838846, 36.346519759340886 ], [ 127.324904110327537, 36.34650283399759 ], [ 127.324906307057034, 36.346492590751581 ], [ 127.324926465674579, 36.346553500403857 ], [ 127.324963912655818, 36.346608884138959 ], [ 127.325036363458963, 36.346716062515021 ], [ 127.325149041384407, 36.346882735340706 ], [ 127.325160786832271, 36.346913334325137 ], [ 127.325244063924231, 36.347130317939403 ], [ 127.32525452560435, 36.34715755902414 ], [ 127.325279255476758, 36.34722199782555 ], [ 127.325411501897392, 36.34748147399587 ], [ 127.325458706549867, 36.347574103536395 ], [ 127.325517000891452, 36.347659962231539 ], [ 127.325629039296246, 36.347814209163509 ], [ 127.325740224599798, 36.34798828405382 ], [ 127.326078459410525, 36.348509810468585 ], [ 127.326192448845887, 36.34849751523393 ], [ 127.326193122964725, 36.348498505605143 ], [ 127.326193132495803, 36.348498504663979 ], [ 127.326201584314262, 36.348497670645706 ], [ 127.326248985348244, 36.348489674620481 ], [ 127.326351045584488, 36.348472455214662 ], [ 127.326358437385949, 36.348471209528419 ], [ 127.326376193281845, 36.348468214430213 ], [ 127.326589836834557, 36.348757666134176 ], [ 127.326590116906473, 36.34875804386386 ], [ 127.326673244786349, 36.348870734350612 ], [ 127.326755769673539, 36.348758043686331 ], [ 127.339029113366621, 36.348758522390831 ], [ 127.339148395038379, 36.348597146310958 ], [ 127.339194608976314, 36.348533227105236 ], [ 127.340019938062838, 36.348533310885408 ], [ 127.340310580962537, 36.348533208132274 ], [ 127.340306267396514, 36.34598915098114 ], [ 127.340304584921938, 36.345858619504519 ], [ 127.340297461388488, 36.345678483349971 ], [ 127.34028477392917, 36.345498547531697 ], [ 127.340266530499449, 36.345318924500411 ], [ 127.340242742551439, 36.345139726515917 ], [ 127.340213424988988, 36.344961065566181 ], [ 127.340178596156022, 36.344783053304198 ], [ 127.340138277880683, 36.344605800975863 ], [ 127.340092495385946, 36.344429419348153 ], [ 127.340041277311315, 36.344254018664017 ], [ 127.340003742593296, 36.344138467798956 ], [ 127.339922665993996, 36.343906597847337 ], [ 127.339855346942613, 36.343734794833154 ], [ 127.339782740659629, 36.343564406837054 ], [ 127.339704892549619, 36.343395540338548 ], [ 127.339621851297665, 36.343228300852005 ], [ 127.339533668835614, 36.343062792899758 ], [ 127.33944040028608, 36.34289911990426 ], [ 127.340789680499853, 36.342496363863532 ], [ 127.341159599920744, 36.342385895958998 ], [ 127.341159636525859, 36.342385929729971 ], [ 127.3415848618247, 36.342258995591266 ], [ 127.341474127078982, 36.342147645326591 ], [ 127.34139333127149, 36.342076820004692 ], [ 127.341230200556438, 36.341954184719555 ], [ 127.341052751991469, 36.341845337390289 ], [ 127.340862758563944, 36.341751365526243 ], [ 127.339996104571043, 36.341369476729227 ], [ 127.339837904413329, 36.341294193080664 ], [ 127.339654675481242, 36.341191759858724 ], [ 127.339482151319146, 36.341077807695463 ], [ 127.339424736826103, 36.341033244580622 ], [ 127.339321435544292, 36.340953065547339 ], [ 127.339173556170806, 36.340818331391581 ], [ 127.338965832005385, 36.340613094956666 ], [ 127.338559079770462, 36.340211253056957 ], [ 127.337590029962712, 36.339253673032907 ], [ 127.337435209122546, 36.339094173846966 ], [ 127.337304794458788, 36.338948066150337 ], [ 127.337181286293273, 36.338798081704006 ], [ 127.337064860475266, 36.338644434081679 ], [ 127.336955682735692, 36.338487342075716 ], [ 127.336804536584694, 36.338257683617861 ], [ 127.336702515663433, 36.33809746284058 ], [ 127.336602831966005, 36.3379362820138 ], [ 127.336505288548381, 36.337773807099289 ], [ 127.33641032554776, 36.337610771269858 ], [ 127.336317739327299, 36.337446841226928 ], [ 127.336227544421121, 36.337282042753813 ], [ 127.336063878311222, 36.336968732785579 ], [ 127.335909712667757, 36.336664223413059 ], [ 127.335721764203853, 36.336292982387249 ], [ 127.335589526077314, 36.336018662579654 ], [ 127.33537681612367, 36.335506173943834 ], [ 127.335300111419158, 36.335290847158305 ], [ 127.335241080612334, 36.33514740433062 ], [ 127.335186554788848, 36.335040215545234 ], [ 127.335082991954764, 36.334880740638674 ], [ 127.334959033594274, 36.334731092819986 ], [ 127.334816088813284, 36.334592973069682 ], [ 127.334655782477171, 36.33446795133753 ], [ 127.334479936799852, 36.334357448673281 ], [ 127.334290550547593, 36.334262721103286 ], [ 127.334114798124062, 36.334193409581623 ], [ 127.332533058083072, 36.333642167567113 ], [ 127.331963478048934, 36.333443658597481 ], [ 127.331645787316887, 36.333340891190815 ], [ 127.331644171841276, 36.333099777867865 ], [ 127.33164410758998, 36.333099747110126 ], [ 127.331643735828905, 36.333038030708344 ], [ 127.33165342220147, 36.333037192896199 ], [ 127.331855483783457, 36.333095030554105 ], [ 127.332041769323766, 36.333162193579135 ], [ 127.332115092598087, 36.333197136509114 ], [ 127.332212045205338, 36.333209755047925 ], [ 127.332611450909766, 36.333368246894963 ], [ 127.332600068754857, 36.33328419901828 ], [ 127.332563822824937, 36.333193911804884 ], [ 127.332542661379549, 36.33285179514354 ], [ 127.33253884040613, 36.332554148366377 ], [ 127.332444291736621, 36.332477720399936 ], [ 127.331579121790341, 36.33248011287499 ], [ 127.331573231239304, 36.332454022166338 ], [ 127.331572926202227, 36.332451688777645 ], [ 127.331531883748482, 36.332450387467752 ], [ 127.328675200548631, 36.332467036961823 ], [ 127.327983800516407, 36.332317016887259 ], [ 127.32806537940094, 36.33242062474816 ], [ 127.328156564351218, 36.332492012215752 ], [ 127.328411506193362, 36.332491720697611 ], [ 127.328435730447978, 36.33828894190782 ], [ 127.331885571663676, 36.338278717259634 ], [ 127.331886119479776, 36.338305812582597 ], [ 127.331909986931976, 36.338373785079639 ], [ 127.331951098093825, 36.338434113014429 ], [ 127.331995844294724, 36.33848742877656 ], [ 127.332035421640157, 36.338532693328581 ], [ 127.332083836897965, 36.338597578967601 ], [ 127.332091810253374, 36.338626124060468 ], [ 127.332087100373343, 36.338655533314991 ], [ 127.332087067947995, 36.338655767709376 ], [ 127.33203421061053, 36.338704775446644 ], [ 127.332017861467762, 36.338723790329858 ], [ 127.33210185160894, 36.338798733776095 ], [ 127.33209004363458, 36.338843302351769 ], [ 127.332067842125539, 36.33892713669605 ], [ 127.332031770861761, 36.338992030716931 ], [ 127.332043496820788, 36.339036119657912 ], [ 127.332065867634014, 36.33907405118623 ], [ 127.332075146571611, 36.339140045366328 ], [ 127.33203881878282, 36.339146886610344 ], [ 127.331533754301674, 36.339267705710299 ], [ 127.331344783925189, 36.339380792774705 ], [ 127.330986506072605, 36.339666244944112 ], [ 127.330786199957572, 36.339825574459539 ], [ 127.330682600314191, 36.339910813319221 ], [ 127.330516725644031, 36.340081348228544 ], [ 127.330180438003694, 36.340427097897539 ], [ 127.329923509558725, 36.340711186666653 ], [ 127.328506714567325, 36.341240806260259 ], [ 127.328271130842722, 36.341236908740612 ], [ 127.327005442390686, 36.34121596807536 ], [ 127.326030468464964, 36.341532695959586 ], [ 127.325811546035084, 36.341705648329679 ], [ 127.325731146737525, 36.341937341409093 ], [ 127.325584282386657, 36.342166970769831 ], [ 127.325242108428228, 36.34270198648349 ], [ 127.325174988108614, 36.342810750437664 ], [ 127.32505954650621, 36.342997821809298 ], [ 127.324967498074955, 36.34315017970961 ], [ 127.324998979822837, 36.343207264805478 ], [ 127.325143396619055, 36.343478216477614 ], [ 127.325210234384699, 36.343658999659716 ], [ 127.325232559504087, 36.343750957784223 ], [ 127.325246832088823, 36.343800141094725 ], [ 127.32530549365049, 36.344002349178993 ], [ 127.325413178151393, 36.34436009267371 ], [ 127.325527188593298, 36.344779125566497 ], [ 127.325579707692867, 36.344963741251334 ], [ 127.325930422409243, 36.344904159452824 ], [ 127.325947852751312, 36.344900750763436 ], [ 127.324996113957681, 36.345813522658048 ], [ 127.324892623349328, 36.345699579342011 ], [ 127.324547306497905, 36.345319453151859 ], [ 127.324221834175546, 36.344877641249894 ], [ 127.324172190065553, 36.34488958064572 ], [ 127.32426776943656, 36.345011611455135 ], [ 127.324211530849894, 36.345039798769704 ], [ 127.324058712182847, 36.345132740647713 ] ] ] ] } },
{ "type": "Feature", "properties": { "EMD_CD": "30200116", "EMD_ENG_NM": "Bogyong-dong", "EMD_KOR_NM": "복용동" }, "geometry": { "type": "MultiPolygon", "coordinates": [ [ [ [ 127.328411506193362, 36.332491720697611 ], [ 127.328159558150034, 36.332494139813214 ], [ 127.32806537940094, 36.33242062474816 ], [ 127.327983699676437, 36.332316872975042 ], [ 127.327703813897756, 36.332254005366991 ], [ 127.327704899174208, 36.332487613464465 ], [ 127.327317818348746, 36.332811370298437 ], [ 127.326716035648587, 36.333270426600166 ], [ 127.3266417361381, 36.333447601065927 ], [ 127.326591226007139, 36.3335602318638 ], [ 127.326508470351527, 36.333769123485702 ], [ 127.326488722220134, 36.333814569256994 ], [ 127.326353639585676, 36.333889265219312 ], [ 127.32627907593502, 36.333930696514862 ], [ 127.326117322054429, 36.334044079934486 ], [ 127.326089557974015, 36.33406625209512 ], [ 127.326079499420885, 36.334111662469958 ], [ 127.326072881321537, 36.334143365675331 ], [ 127.325948715505831, 36.334245535321685 ], [ 127.325970584716444, 36.334254875183646 ], [ 127.326008914964063, 36.334250562640797 ], [ 127.326099722227468, 36.334212773196192 ], [ 127.326102129414508, 36.334231898554791 ], [ 127.326049357031408, 36.334247875473601 ], [ 127.325999836400342, 36.33427178287188 ], [ 127.325898248465478, 36.334266840857985 ], [ 127.325873004657439, 36.334265611684103 ], [ 127.32579510932112, 36.334301473459753 ], [ 127.325746382572177, 36.334293900636808 ], [ 127.325604901567246, 36.334305882477757 ], [ 127.325669426264184, 36.334448894811587 ], [ 127.325680113361869, 36.334471782645295 ], [ 127.325412711669784, 36.334692429824713 ], [ 127.325278655298149, 36.334803105608771 ], [ 127.324793723569769, 36.335209621587069 ], [ 127.324043373811477, 36.335840144700242 ], [ 127.32401060582248, 36.335907857112957 ], [ 127.323809379733561, 36.3359828998788 ], [ 127.323508072617244, 36.336070648174498 ], [ 127.32337334350494, 36.3361083737081 ], [ 127.323097466026809, 36.336185752078897 ], [ 127.322578922145965, 36.336331955683889 ], [ 127.321852424490103, 36.336627903728733 ], [ 127.321423784327095, 36.336893987590955 ], [ 127.321086634687049, 36.337179768239785 ], [ 127.321014892429304, 36.337228929767988 ], [ 127.320634556204567, 36.337326353395845 ], [ 127.320347814981844, 36.337401798884606 ], [ 127.320238226886261, 36.337429901381434 ], [ 127.320079366099733, 36.337472644006041 ], [ 127.319649026764679, 36.337520732427819 ], [ 127.319227118915791, 36.337568868979872 ], [ 127.318996415343619, 36.337631131286301 ], [ 127.318838369235053, 36.337685513245042 ], [ 127.318440714936642, 36.337875454184548 ], [ 127.318248289614303, 36.337967153958601 ], [ 127.318061106662356, 36.338055252870888 ], [ 127.31762701350064, 36.338261526737369 ], [ 127.317203681953927, 36.338441195027002 ], [ 127.316713836422039, 36.338636627546187 ], [ 127.316411519921616, 36.338760389482843 ], [ 127.316329410532063, 36.338794769251948 ], [ 127.316287130834837, 36.338813076138401 ], [ 127.316241607056384, 36.338778779419457 ], [ 127.316222906735831, 36.338754226663625 ], [ 127.314777567164427, 36.339452287191513 ], [ 127.314742589829706, 36.339479684391179 ], [ 127.314559284552303, 36.339572805202479 ], [ 127.314340786781941, 36.339695396073026 ], [ 127.314312529175922, 36.33970412129203 ], [ 127.314173950989016, 36.339784778373158 ], [ 127.314160099683548, 36.339802838054645 ], [ 127.313877181902114, 36.339972097075368 ], [ 127.313535325113406, 36.340193867426279 ], [ 127.313282297020677, 36.340373230233851 ], [ 127.312977687866109, 36.340578860940084 ], [ 127.312750661115601, 36.340742834920825 ], [ 127.312707173724675, 36.340787375954037 ], [ 127.31251995191127, 36.340933402626447 ], [ 127.312119659423942, 36.341196324300228 ], [ 127.311576834484129, 36.341528013480826 ], [ 127.311387125370601, 36.34163763747577 ], [ 127.311162240879142, 36.34175348028765 ], [ 127.311011854199791, 36.341835606161766 ], [ 127.310915119834419, 36.341880014078662 ], [ 127.310826490088033, 36.341917642150491 ], [ 127.31072161122853, 36.341958826772135 ], [ 127.310471657405898, 36.342045354941625 ], [ 127.310168128561145, 36.342161309062917 ], [ 127.309798180118435, 36.34229807061363 ], [ 127.30973559411882, 36.342330403889932 ], [ 127.309239714742304, 36.342537689738975 ], [ 127.308726982350777, 36.342765653691316 ], [ 127.308580643523484, 36.342832133040723 ], [ 127.30672836243015, 36.343673568966935 ], [ 127.306135395867813, 36.343941591634277 ], [ 127.305331652975028, 36.344304878208142 ], [ 127.305575098615321, 36.344617242110346 ], [ 127.305628837694329, 36.344629271177723 ], [ 127.305663682474162, 36.344766881520847 ], [ 127.305687900858288, 36.344804398733793 ], [ 127.305908108143939, 36.344710334542235 ], [ 127.305840563454069, 36.344892018464307 ], [ 127.3057416411459, 36.345146013231698 ], [ 127.306048241839008, 36.34545667715048 ], [ 127.306532831071124, 36.345792236027229 ], [ 127.306707483649419, 36.345842084473205 ], [ 127.306782373904881, 36.345878760104434 ], [ 127.307141333142397, 36.346048452334379 ], [ 127.307188819279304, 36.346070652888777 ], [ 127.307710365726791, 36.346146800340129 ], [ 127.307868350164526, 36.346169861921105 ], [ 127.308406212530613, 36.346483004998483 ], [ 127.308154146681275, 36.34668368648807 ], [ 127.307887844158969, 36.346895700765529 ], [ 127.307908331939899, 36.347127261280278 ], [ 127.30791241985564, 36.347173464317855 ], [ 127.307740131200418, 36.347214799513516 ], [ 127.30741635113398, 36.347292481180503 ], [ 127.306829193362631, 36.347433350069927 ], [ 127.306572014400103, 36.347550633759617 ], [ 127.306560807213359, 36.347623939481736 ], [ 127.306648066975328, 36.347678399758777 ], [ 127.306371129288678, 36.348030040672626 ], [ 127.30604493539019, 36.348140445817982 ], [ 127.305706070077861, 36.34821824191372 ], [ 127.305424717299928, 36.348131976777736 ], [ 127.30520383418073, 36.348344358617233 ], [ 127.305071400104737, 36.348338206689149 ], [ 127.304895494348543, 36.348431681315809 ], [ 127.304852615448439, 36.348543436257991 ], [ 127.30467188769822, 36.348649016510187 ], [ 127.304541729375146, 36.348810539120144 ], [ 127.304647347517559, 36.348965470905647 ], [ 127.304949206709949, 36.349027561436259 ], [ 127.305335202367502, 36.349005132762514 ], [ 127.305644556719727, 36.349161014374836 ], [ 127.307213214382557, 36.349130940689548 ], [ 127.307537135571067, 36.349304524177654 ], [ 127.307418715649504, 36.349412697549518 ], [ 127.308371560184426, 36.349907655668865 ], [ 127.30848723312215, 36.34997391002382 ], [ 127.309047185831361, 36.350274019948245 ], [ 127.311605090924857, 36.350475039049122 ], [ 127.31165903418092, 36.350495166376156 ], [ 127.311678363995341, 36.350571337212365 ], [ 127.312144761699059, 36.350783630999949 ], [ 127.312727683257123, 36.35019643443492 ], [ 127.312864783993746, 36.350075473615149 ], [ 127.313613629478652, 36.349974346232777 ], [ 127.314671637142908, 36.349848316036955 ], [ 127.315473768190373, 36.349474126828362 ], [ 127.315482561883016, 36.348964644891133 ], [ 127.315756731625285, 36.348438145121335 ], [ 127.316024771553487, 36.348155589748053 ], [ 127.316654570767298, 36.348169484658392 ], [ 127.317262830500241, 36.348192904471624 ], [ 127.317504550553423, 36.348171989169714 ], [ 127.317910746613478, 36.34810010934693 ], [ 127.318196065417482, 36.348001522438857 ], [ 127.318540722379282, 36.347533838091181 ], [ 127.318880718796223, 36.347038706421337 ], [ 127.319587035226661, 36.346928165252955 ], [ 127.319617719020783, 36.346633571892887 ], [ 127.319641248735351, 36.346467153087559 ], [ 127.320686249350885, 36.346481732056539 ], [ 127.321223045168395, 36.346461165225911 ], [ 127.321516685170209, 36.346267014986275 ], [ 127.321652582346672, 36.345837999980638 ], [ 127.321741337384111, 36.345627131456204 ], [ 127.32198567330768, 36.345499240095748 ], [ 127.32241610696984, 36.345765147022121 ], [ 127.322453621703048, 36.345783276963445 ], [ 127.322541396238094, 36.345760142435658 ], [ 127.322735724266749, 36.345678055229698 ], [ 127.322755955107439, 36.34546683844173 ], [ 127.322764656150824, 36.34525827504747 ], [ 127.32297394189645, 36.345219250252939 ], [ 127.323135293083581, 36.345174604642324 ], [ 127.323535895805975, 36.345240023194123 ], [ 127.323808976676702, 36.345284624906775 ], [ 127.324211530849894, 36.345039798769704 ], [ 127.32426776943656, 36.345011611455135 ], [ 127.324172190065553, 36.34488958064572 ], [ 127.324221834175546, 36.344877641249894 ], [ 127.324547306497905, 36.345319453151859 ], [ 127.324892623349328, 36.345699579342011 ], [ 127.324996113957681, 36.345813522658048 ], [ 127.325947852751312, 36.344900750763436 ], [ 127.325930422409243, 36.344904159452824 ], [ 127.325579707692867, 36.344963741251334 ], [ 127.325527188593298, 36.344779125566497 ], [ 127.325413178151393, 36.34436009267371 ], [ 127.32530549365049, 36.344002349178993 ], [ 127.325246832088823, 36.343800141094725 ], [ 127.325232559504087, 36.343750957784223 ], [ 127.325210234384699, 36.343658999659716 ], [ 127.325143396619055, 36.343478216477614 ], [ 127.324998979822837, 36.343207264805478 ], [ 127.324967498074955, 36.34315017970961 ], [ 127.32505954650621, 36.342997821809298 ], [ 127.325174988108614, 36.342810750437664 ], [ 127.325242108428228, 36.34270198648349 ], [ 127.325584282386657, 36.342166970769831 ], [ 127.325731146737525, 36.341937341409093 ], [ 127.325811546035084, 36.341705648329679 ], [ 127.326030468464964, 36.341532695959586 ], [ 127.327005442390686, 36.34121596807536 ], [ 127.328271130842722, 36.341236908740612 ], [ 127.328506714567325, 36.341240806260259 ], [ 127.329923509558725, 36.340711186666653 ], [ 127.330180438003694, 36.340427097897539 ], [ 127.330516725644031, 36.340081348228544 ], [ 127.330682600314191, 36.339910813319221 ], [ 127.330786199957572, 36.339825574459539 ], [ 127.330986506072605, 36.339666244944112 ], [ 127.331344783925189, 36.339380792774705 ], [ 127.331533754301674, 36.339267705710299 ], [ 127.33203881878282, 36.339146886610344 ], [ 127.332075146571611, 36.339140045366328 ], [ 127.332065867634014, 36.33907405118623 ], [ 127.332043496820788, 36.339036119657912 ], [ 127.332031770861761, 36.338992030716931 ], [ 127.332067842125539, 36.33892713669605 ], [ 127.33209004363458, 36.338843302351769 ], [ 127.33210185160894, 36.338798733776095 ], [ 127.332017861467762, 36.338723790329858 ], [ 127.33203421061053, 36.338704775446644 ], [ 127.332087067947995, 36.338655767709376 ], [ 127.332087100373343, 36.338655533314991 ], [ 127.332091810253374, 36.338626124060468 ], [ 127.332083836897965, 36.338597578967601 ], [ 127.332035421640157, 36.338532693328581 ], [ 127.331995844294724, 36.33848742877656 ], [ 127.331951098093825, 36.338434113014429 ], [ 127.331909986931976, 36.338373785079639 ], [ 127.331886119479776, 36.338305812582597 ], [ 127.331885571663676, 36.338278717259634 ], [ 127.328435730447978, 36.33828894190782 ], [ 127.328411506193362, 36.332491720697611 ] ] ] ] } },
{ "type": "Feature", "properties": { "EMD_CD": "30200117", "EMD_ENG_NM": "Jangdae-dong", "EMD_KOR_NM": "장대동" }, "geometry": { "type": "MultiPolygon", "coordinates": [ [ [ [ 127.339282119094548, 36.365695132331389 ], [ 127.339366140915189, 36.365653043846947 ], [ 127.339535793407819, 36.365562113701721 ], [ 127.339730879861392, 36.365457540605512 ], [ 127.339951513461187, 36.365331923008675 ], [ 127.340303911798301, 36.365143572106078 ], [ 127.340651321498328, 36.364910174706338 ], [ 127.340805147932855, 36.364667955185844 ], [ 127.340842488874046, 36.36433757135238 ], [ 127.340666978719838, 36.363850294264942 ], [ 127.340638918875683, 36.363772395672584 ], [ 127.34062951331174, 36.36371821715565 ], [ 127.340610920423202, 36.363611076578863 ], [ 127.340612387281027, 36.363487070995866 ], [ 127.340601017877489, 36.363229189522791 ], [ 127.340606593590508, 36.363050381710664 ], [ 127.340613518797497, 36.362669168180226 ], [ 127.340619918398289, 36.36193559898507 ], [ 127.340521083875828, 36.361497731305342 ], [ 127.340389607524372, 36.361060317158646 ], [ 127.340094377187185, 36.360629494670142 ], [ 127.340078108658844, 36.360603316530685 ], [ 127.33990610223573, 36.360325432751871 ], [ 127.339729371574975, 36.359830741725617 ], [ 127.339939687058489, 36.359435884404057 ], [ 127.340239495230549, 36.359176129481938 ], [ 127.340694180816783, 36.358919087645511 ], [ 127.341737640683647, 36.358830059731176 ], [ 127.341750094351099, 36.358747567182 ], [ 127.341694226772177, 36.358608225483096 ], [ 127.341256745420083, 36.358259546096264 ], [ 127.340966057982953, 36.358103569417587 ], [ 127.340926484568058, 36.358073131886599 ], [ 127.340612924480482, 36.357832329018372 ], [ 127.340435463743304, 36.357708831486832 ], [ 127.340217672948569, 36.357559674829751 ], [ 127.339879608493433, 36.357319479743701 ], [ 127.339777490863526, 36.357253172677964 ], [ 127.339754219921673, 36.357230925606231 ], [ 127.339663180194592, 36.357167894279435 ], [ 127.339518515875611, 36.357047970185697 ], [ 127.339111167372536, 36.356959645028994 ], [ 127.338817932274566, 36.356864715074195 ], [ 127.338638944070581, 36.356801669598198 ], [ 127.338450724305531, 36.356736956044834 ], [ 127.338197669318788, 36.356722908139375 ], [ 127.337873764791681, 36.356702895541297 ], [ 127.337362645099844, 36.356589965512875 ], [ 127.337052520657153, 36.356603381336022 ], [ 127.336816573623395, 36.35661114500423 ], [ 127.336274937315977, 36.356580879434709 ], [ 127.335847595737945, 36.356492274802477 ], [ 127.335581733254898, 36.356437335302189 ], [ 127.335365950468343, 36.35643447789284 ], [ 127.33503496283052, 36.356464609062819 ], [ 127.334695654435336, 36.356526212847903 ], [ 127.334039169922207, 36.356753667572917 ], [ 127.33348362779266, 36.356859045194156 ], [ 127.332583705632999, 36.357011333895223 ], [ 127.332175682372281, 36.357077744927004 ], [ 127.332168590060775, 36.35707889965925 ], [ 127.331826556603957, 36.357124336853325 ], [ 127.331765266408325, 36.357192481451158 ], [ 127.3316927430308, 36.357273110713805 ], [ 127.33165817385472, 36.357302612041671 ], [ 127.331496129947723, 36.357433268916417 ], [ 127.331489096876751, 36.357435352271466 ], [ 127.331087572772418, 36.357595940255209 ], [ 127.330241898357315, 36.357934172092669 ], [ 127.33017999431533, 36.357962602461534 ], [ 127.329654150297117, 36.358171307855628 ], [ 127.329611019428, 36.358181249238612 ], [ 127.329471719694368, 36.358213361548664 ], [ 127.329045835997945, 36.358311207768715 ], [ 127.32903232371892, 36.358284966285638 ], [ 127.329012446359428, 36.35824492757115 ], [ 127.328983932537739, 36.358204165077197 ], [ 127.328976552921276, 36.358211196297525 ], [ 127.328935246322459, 36.35813285385867 ], [ 127.328857308787519, 36.357990934684587 ], [ 127.328477466397018, 36.358382694604622 ], [ 127.328095886134406, 36.358788913153496 ], [ 127.32807370632527, 36.35881070076676 ], [ 127.327933906597636, 36.358929180995091 ], [ 127.327841974034655, 36.358938830878358 ], [ 127.327770398800141, 36.358946352917769 ], [ 127.327608071561798, 36.358963404627417 ], [ 127.327383930597023, 36.358988492491051 ], [ 127.327336334136064, 36.358993821515547 ], [ 127.32732802964189, 36.359011651646867 ], [ 127.327265763258609, 36.359017759823686 ], [ 127.326862671511762, 36.359057284271266 ], [ 127.326658797142201, 36.359077267961503 ], [ 127.326389408783683, 36.359110064374534 ], [ 127.325862913275301, 36.35917414442757 ], [ 127.325249979951991, 36.359251261598189 ], [ 127.324855825262645, 36.359256690176657 ], [ 127.324422717303747, 36.359267027189063 ], [ 127.323961380715687, 36.359278347545136 ], [ 127.32346649190589, 36.359285845932526 ], [ 127.323347646717096, 36.359299675040162 ], [ 127.323220848874655, 36.359314435169487 ], [ 127.323134632933588, 36.359324697589869 ], [ 127.322910349280775, 36.359399466616125 ], [ 127.322853533052694, 36.359406387508557 ], [ 127.322724210326825, 36.359422135923325 ], [ 127.322537991504717, 36.359428034511879 ], [ 127.322444383195432, 36.359488457454013 ], [ 127.322300905690682, 36.359497457867398 ], [ 127.322006112192653, 36.359495266499906 ], [ 127.321870817773458, 36.359494700805072 ], [ 127.321756021961292, 36.359483058908019 ], [ 127.321730553358336, 36.359515930144276 ], [ 127.321714350117475, 36.359536843863104 ], [ 127.321705995221791, 36.359572615825115 ], [ 127.321713404350561, 36.359572479120118 ], [ 127.321710257323531, 36.359598378120147 ], [ 127.321705835264055, 36.359623270894502 ], [ 127.32169296392739, 36.359695886202132 ], [ 127.321637136994582, 36.359955302013738 ], [ 127.321626514009381, 36.360003083474204 ], [ 127.32159022363625, 36.360176790213586 ], [ 127.321585678308523, 36.360198548167133 ], [ 127.32159976712127, 36.360319636166722 ], [ 127.321603232932247, 36.360347049772592 ], [ 127.321613921976152, 36.360554947514764 ], [ 127.321597229597089, 36.360567924287864 ], [ 127.321439004089513, 36.360687509565274 ], [ 127.321407551789378, 36.360698542906512 ], [ 127.321309326537857, 36.360723173462027 ], [ 127.321103264031024, 36.360775983578733 ], [ 127.32097435011903, 36.360810500613042 ], [ 127.320769071451295, 36.360897236899014 ], [ 127.320724669188564, 36.360915991932949 ], [ 127.320282599425056, 36.361099658717265 ], [ 127.320214048164431, 36.361128138730642 ], [ 127.319998367604498, 36.361219010363726 ], [ 127.320183920889718, 36.361297737957912 ], [ 127.320321694717833, 36.361356198514464 ], [ 127.32046168185488, 36.361416347228541 ], [ 127.320604347237563, 36.361477651088983 ], [ 127.32072420993633, 36.361529157595186 ], [ 127.320887558490938, 36.361599354464005 ], [ 127.320873109774411, 36.361665295935424 ], [ 127.320905792626903, 36.361685349427361 ], [ 127.321102137833108, 36.361803130047129 ], [ 127.321192723017276, 36.361855128294359 ], [ 127.321240684771482, 36.361884224575157 ], [ 127.321382539966805, 36.36197028505957 ], [ 127.321415271960106, 36.361988473215447 ], [ 127.321591184231664, 36.362068322724994 ], [ 127.322167546104808, 36.362334253888832 ], [ 127.322352628383868, 36.362427036793385 ], [ 127.322439782058169, 36.362470734852266 ], [ 127.322436871252634, 36.362472877940299 ], [ 127.322473388628651, 36.362490280833619 ], [ 127.322486919125069, 36.362496723617141 ], [ 127.323023977384409, 36.362730105950533 ], [ 127.323467093126141, 36.362656143487534 ], [ 127.323502316124205, 36.362651281704352 ], [ 127.32376998359851, 36.36266256337904 ], [ 127.323919673515903, 36.362737308352699 ], [ 127.32415103620049, 36.362847707356359 ], [ 127.324407303977708, 36.363117203726077 ], [ 127.32451625948498, 36.363175952998986 ], [ 127.324642136741787, 36.363144585732961 ], [ 127.324706238783222, 36.363128768541436 ], [ 127.324782734091997, 36.363113718815747 ], [ 127.324864633466362, 36.363096104957762 ], [ 127.324974219874136, 36.363035042038028 ], [ 127.324964611510751, 36.363026155867686 ], [ 127.325075913182289, 36.362989303326721 ], [ 127.325351381069154, 36.362898296130417 ], [ 127.325401046099728, 36.362888743667511 ], [ 127.32545222505783, 36.36298352501764 ], [ 127.325519092202939, 36.363107867244146 ], [ 127.325585521030746, 36.363231426255872 ], [ 127.325613205372136, 36.363281699468438 ], [ 127.325626688966111, 36.363306193202874 ], [ 127.325721944238666, 36.363362942349987 ], [ 127.326005687748435, 36.36354213497026 ], [ 127.326068653944304, 36.363579984482371 ], [ 127.326170939948014, 36.363647231112182 ], [ 127.3261602946707, 36.363659741379017 ], [ 127.326265117293545, 36.363696404472435 ], [ 127.326343525410209, 36.363728714029023 ], [ 127.326413140330104, 36.363763346520706 ], [ 127.32646322395604, 36.363798022488432 ], [ 127.326507685541316, 36.36386044206106 ], [ 127.326611187477766, 36.363938562567611 ], [ 127.326634837625278, 36.363916076908183 ], [ 127.32668426838751, 36.3639571707348 ], [ 127.326732927346185, 36.363997491700722 ], [ 127.326785798238745, 36.364061961829655 ], [ 127.326791966538764, 36.364069082131429 ], [ 127.326871749980327, 36.364161117136078 ], [ 127.326882255270149, 36.364192791583051 ], [ 127.326887310792245, 36.364208052890007 ], [ 127.326897441802856, 36.364243612391078 ], [ 127.326947607516203, 36.364346091585993 ], [ 127.326992408718581, 36.364436447237793 ], [ 127.327114413570428, 36.364569442617437 ], [ 127.327166729089114, 36.36459685790139 ], [ 127.327194118635347, 36.36461054344084 ], [ 127.327332097556095, 36.364785048585603 ], [ 127.327356665533785, 36.364814422939681 ], [ 127.327378590351699, 36.364906966476404 ], [ 127.327378715168209, 36.364907479629885 ], [ 127.327401905767957, 36.365015287037018 ], [ 127.327486925395419, 36.365138901791106 ], [ 127.327614483364968, 36.365280407078956 ], [ 127.327625984690641, 36.365288955008822 ], [ 127.327669817129546, 36.365373932249064 ], [ 127.327673651331466, 36.365427721406931 ], [ 127.32767588572726, 36.365493140701062 ], [ 127.327666372675154, 36.365509792578727 ], [ 127.327698521022128, 36.365571714165668 ], [ 127.327739059910712, 36.365606983340555 ], [ 127.327828834619922, 36.365679047959837 ], [ 127.327886467919413, 36.365754787342617 ], [ 127.327966815062013, 36.365882469876595 ], [ 127.327979452572492, 36.365898971832522 ], [ 127.327993275638335, 36.365919210554082 ], [ 127.328000471039232, 36.365937286794065 ], [ 127.328007350111847, 36.36595675994846 ], [ 127.32799462112493, 36.365998536475423 ], [ 127.327980693200928, 36.366030548573598 ], [ 127.327967011860636, 36.366060441527146 ], [ 127.327977061545084, 36.366105346085376 ], [ 127.32800638931414, 36.366153595367166 ], [ 127.328116300424156, 36.366252523086274 ], [ 127.328193309367535, 36.366298497510073 ], [ 127.328330752585686, 36.366338277602665 ], [ 127.328476225740857, 36.366358669105217 ], [ 127.328570111545304, 36.366358348829536 ], [ 127.328658145406621, 36.366354881784623 ], [ 127.328766539326423, 36.366373131350656 ], [ 127.328880219872801, 36.366440560693363 ], [ 127.328947198682187, 36.366531250532987 ], [ 127.329030213101035, 36.366614209405334 ], [ 127.329064865831384, 36.366651224912239 ], [ 127.329107302866745, 36.366697734849431 ], [ 127.329124923470729, 36.366738518509749 ], [ 127.329133575199222, 36.36675853687607 ], [ 127.329326815118833, 36.366876456299778 ], [ 127.329363077469736, 36.36689588515766 ], [ 127.329409518097819, 36.366911356514613 ], [ 127.329455646760479, 36.366924233698107 ], [ 127.329478772954118, 36.366930676879868 ], [ 127.329501381537824, 36.366938815092972 ], [ 127.329706601061503, 36.366953337362091 ], [ 127.330057845254203, 36.366978460818032 ], [ 127.330410542990307, 36.367070932432654 ], [ 127.330617319428768, 36.367399424531591 ], [ 127.330753381144518, 36.367586762528674 ], [ 127.330903006174651, 36.367787482228273 ], [ 127.331057874732409, 36.367873611950557 ], [ 127.33127659551451, 36.367947390409427 ], [ 127.331770272629541, 36.36795147877303 ], [ 127.331911851466771, 36.36797752758708 ], [ 127.332203934406351, 36.36802942008773 ], [ 127.332358132131773, 36.368004030442961 ], [ 127.332784938824361, 36.367975758643944 ], [ 127.333432256805438, 36.367915260290026 ], [ 127.333457742555069, 36.367910737988375 ], [ 127.333780922097688, 36.367817496750703 ], [ 127.334117587220248, 36.367722513737 ], [ 127.334616442844563, 36.367577459941714 ], [ 127.335081729653325, 36.367423188738151 ], [ 127.335200045954508, 36.367402915729393 ], [ 127.335389712304845, 36.367381018977525 ], [ 127.335653780753148, 36.367351713644332 ], [ 127.335685783918308, 36.367354570833555 ], [ 127.335752231706934, 36.367360711390965 ], [ 127.335977580706839, 36.367381132401107 ], [ 127.336193464580006, 36.367403200514552 ], [ 127.336438012868427, 36.367402948049012 ], [ 127.336481212897652, 36.367402907642152 ], [ 127.336484890368766, 36.367402906409609 ], [ 127.336605585120722, 36.367402171481849 ], [ 127.336774857456817, 36.367400272813285 ], [ 127.336830571510717, 36.36738481440743 ], [ 127.337039682769515, 36.367326796723376 ], [ 127.33708240973985, 36.367315276246408 ], [ 127.337098810233115, 36.367306984886035 ], [ 127.337201006052737, 36.367267000970621 ], [ 127.337219527861123, 36.367259758286799 ], [ 127.337323466031535, 36.367218102517221 ], [ 127.337344331016382, 36.367209239374716 ], [ 127.337476087893648, 36.36715859284358 ], [ 127.337521612979643, 36.367139477039636 ], [ 127.337529587009683, 36.3671360747826 ], [ 127.337576867703618, 36.36711591829431 ], [ 127.337695474811639, 36.367013265758153 ], [ 127.337926351224752, 36.366827002818439 ], [ 127.338032178411183, 36.366742986040208 ], [ 127.338193875539702, 36.366540128088225 ], [ 127.338504211383366, 36.36610416984044 ], [ 127.339118645737315, 36.36577702363811 ], [ 127.339282119094548, 36.365695132331389 ] ] ] ] } },
{ "type": "Feature", "properties": { "EMD_CD": "30200118", "EMD_ENG_NM": "Gap-dong", "EMD_KOR_NM": "갑동" }, "geometry": { "type": "MultiPolygon", "coordinates": [ [ [ [ 127.283049139032059, 36.382860944198974 ], [ 127.283497357255527, 36.38278128719908 ], [ 127.283902410318049, 36.382849584940118 ], [ 127.284314434476173, 36.3826699088754 ], [ 127.284756898878186, 36.382301211648119 ], [ 127.285092700978936, 36.382284851768077 ], [ 127.285252607168573, 36.382208098182481 ], [ 127.285385457456343, 36.382141663957661 ], [ 127.286836894549424, 36.382291250908018 ], [ 127.286969256169883, 36.382304893737611 ], [ 127.287469030021299, 36.382056634581353 ], [ 127.287941046673922, 36.381919860108447 ], [ 127.288350537577287, 36.381412367886945 ], [ 127.289724996291525, 36.38100195754955 ], [ 127.290918371956181, 36.381388033698158 ], [ 127.291012435196464, 36.381532821465655 ], [ 127.291816670202493, 36.381705786028419 ], [ 127.29199096977085, 36.381551704422272 ], [ 127.292443405805713, 36.381654426723486 ], [ 127.292577135241601, 36.381774956360871 ], [ 127.29285452359747, 36.381797440107277 ], [ 127.293006844886207, 36.381742178457976 ], [ 127.293249498223176, 36.381380650926118 ], [ 127.293828620474969, 36.38120732863743 ], [ 127.294816386959212, 36.380978939882468 ], [ 127.295252438751689, 36.381238206356322 ], [ 127.295521137617357, 36.381137551890042 ], [ 127.296031815819376, 36.381298783165235 ], [ 127.296214249579975, 36.381427362211852 ], [ 127.296465683238097, 36.381450271083537 ], [ 127.29692315635927, 36.381589821671781 ], [ 127.297427318914316, 36.381135809827065 ], [ 127.297433700865525, 36.380961220076905 ], [ 127.297771633518053, 36.380762513341075 ], [ 127.298155207854563, 36.380242669803081 ], [ 127.298509752663989, 36.380208247410984 ], [ 127.299397052290047, 36.380580247363149 ], [ 127.299602188334305, 36.380293344961821 ], [ 127.299462484246959, 36.379704312632683 ], [ 127.299650651077727, 36.379500810337717 ], [ 127.299101270333153, 36.378903138773119 ], [ 127.299141290100025, 36.378628300398539 ], [ 127.299950768927218, 36.377207564999239 ], [ 127.300167301226921, 36.377094377988726 ], [ 127.300328152281395, 36.376758552414536 ], [ 127.300329674076579, 36.37666112345309 ], [ 127.300343051563175, 36.375802953729185 ], [ 127.300906973415948, 36.375161821243836 ], [ 127.301629882782919, 36.374955226061708 ], [ 127.301762816709868, 36.374934786982308 ], [ 127.302088436329029, 36.374603996762247 ], [ 127.302286930181467, 36.374688260951032 ], [ 127.302665013009658, 36.374693274155071 ], [ 127.302844314966791, 36.374493591974392 ], [ 127.303411938204903, 36.374232640709899 ], [ 127.303289942470656, 36.373639791649637 ], [ 127.303292383666601, 36.373114936609731 ], [ 127.303213937395697, 36.372683196194743 ], [ 127.303419766898145, 36.372688506754145 ], [ 127.303853997437997, 36.372579710058652 ], [ 127.304177768115579, 36.372469686740658 ], [ 127.304641756879249, 36.372253690008222 ], [ 127.305262372856618, 36.372395534438922 ], [ 127.306082677847343, 36.371867443470066 ], [ 127.306517492414329, 36.371482202467618 ], [ 127.306506598181414, 36.370198616092502 ], [ 127.306598591257128, 36.369989112024705 ], [ 127.306454355110418, 36.369820682538318 ], [ 127.306435422436536, 36.368958196057996 ], [ 127.306411795172025, 36.368697251084917 ], [ 127.30635753128972, 36.368097986661759 ], [ 127.306259393388899, 36.367522922299578 ], [ 127.305905695555595, 36.366912399386813 ], [ 127.305496382645387, 36.366929977989621 ], [ 127.304835950851029, 36.366658530490945 ], [ 127.304713064966833, 36.36605988987327 ], [ 127.304696824221523, 36.365980781465822 ], [ 127.304687963852501, 36.365569537699201 ], [ 127.304356243898667, 36.365199259793172 ], [ 127.304089913315721, 36.364815324855428 ], [ 127.303367696094824, 36.364739588169122 ], [ 127.303544419108576, 36.364271029467091 ], [ 127.303513827090413, 36.363981020582266 ], [ 127.303700115122098, 36.363658507871335 ], [ 127.303848315577909, 36.362816981914783 ], [ 127.304065885547502, 36.362456855728105 ], [ 127.304150324729989, 36.362317131899303 ], [ 127.304383856363003, 36.362022623853534 ], [ 127.304713509052775, 36.361688283092469 ], [ 127.304531889015564, 36.361298546641187 ], [ 127.304514564190455, 36.361261381304963 ], [ 127.304735995854173, 36.360792851393796 ], [ 127.304694359752929, 36.360681022824828 ], [ 127.304768901569673, 36.360693377924491 ], [ 127.304843454615678, 36.36070570932943 ], [ 127.304730953925002, 36.36062189436327 ], [ 127.304725780062796, 36.360617969384045 ], [ 127.304534257347953, 36.360475349598723 ], [ 127.304313004691295, 36.360610536210068 ], [ 127.304153449956459, 36.360738807375192 ], [ 127.30403965372652, 36.360918806735981 ], [ 127.304028369258646, 36.360936642412142 ], [ 127.303859157856564, 36.361204312456117 ], [ 127.30367204667715, 36.361508218473446 ], [ 127.303408425708966, 36.361665868543959 ], [ 127.303333980267681, 36.361710394150293 ], [ 127.303157897618448, 36.3617345846436 ], [ 127.302536066632413, 36.361685318017351 ], [ 127.302233125275833, 36.361652467286149 ], [ 127.302046979263551, 36.361629775617388 ], [ 127.3019812469378, 36.361622362110388 ], [ 127.301955621897761, 36.361619813160452 ], [ 127.301784439206585, 36.361602814889764 ], [ 127.301697217658827, 36.361596302330426 ], [ 127.301655260982812, 36.361600174625565 ], [ 127.30149703234045, 36.361550178631333 ], [ 127.301284022541637, 36.361553335669818 ], [ 127.301181834853608, 36.361554844642463 ], [ 127.30115960846922, 36.36155528789061 ], [ 127.300960344579465, 36.361560527624469 ], [ 127.300851115434597, 36.361562099020666 ], [ 127.300620439202874, 36.361569390444615 ], [ 127.300086658095694, 36.361424862306272 ], [ 127.299592253502539, 36.361227542176117 ], [ 127.299366991671633, 36.361114592675541 ], [ 127.298834731806309, 36.360844260901018 ], [ 127.298712924857128, 36.360649595962769 ], [ 127.29865907251515, 36.360563506019766 ], [ 127.298654072951507, 36.360555525081089 ], [ 127.298608569376114, 36.36048500458098 ], [ 127.29864330176396, 36.360488874344 ], [ 127.29861686351542, 36.360442268526157 ], [ 127.29859675038108, 36.360406488042976 ], [ 127.298525822394609, 36.360415360669478 ], [ 127.298381609623007, 36.36027609188924 ], [ 127.298313688510362, 36.360193614382389 ], [ 127.29814449821184, 36.360072313591552 ], [ 127.298104803810602, 36.360043854073439 ], [ 127.298094994185149, 36.360036678079958 ], [ 127.298088041660122, 36.36003077465439 ], [ 127.297819888852672, 36.35980288535854 ], [ 127.297602092672236, 36.359617784362968 ], [ 127.297517360734332, 36.35954719843005 ], [ 127.297478911452444, 36.359514941691785 ], [ 127.297272777592113, 36.359346311609841 ], [ 127.297262166294828, 36.359330396185946 ], [ 127.297231665321064, 36.359284512030392 ], [ 127.297173844654651, 36.359191339009456 ], [ 127.297043452993762, 36.359016951838534 ], [ 127.296935660397892, 36.358870021354548 ], [ 127.296832564856217, 36.358751240713048 ], [ 127.296826811070716, 36.358747028448526 ], [ 127.296593900466888, 36.358387595589747 ], [ 127.296047256421261, 36.358156929200049 ], [ 127.295882588682503, 36.358074715759443 ], [ 127.295771932418802, 36.358033318241112 ], [ 127.295754415486996, 36.358026692723612 ], [ 127.295629033248389, 36.357977157725699 ], [ 127.29534157052619, 36.357863524564372 ], [ 127.295274869062538, 36.357837356393304 ], [ 127.295110791327289, 36.357772415858157 ], [ 127.29508147901312, 36.357760709591801 ], [ 127.295043174396639, 36.357748673953623 ], [ 127.294924091051371, 36.357578275849221 ], [ 127.294758230939976, 36.357340918352108 ], [ 127.294749814097742, 36.357339542195774 ], [ 127.294680321291068, 36.35732942136552 ], [ 127.294630380763905, 36.35732208220395 ], [ 127.294613902976337, 36.357334018070425 ], [ 127.294571773408691, 36.35732692106243 ], [ 127.294567602881884, 36.357337826436698 ], [ 127.294521984771364, 36.357330377499459 ], [ 127.294530647879284, 36.357323146894515 ], [ 127.294383231748753, 36.357196740741472 ], [ 127.294343701116532, 36.357163656550689 ], [ 127.294192449247063, 36.357140398468708 ], [ 127.293910004886456, 36.357095175385467 ], [ 127.293547535430548, 36.356889504678179 ], [ 127.293331368332773, 36.356831492819481 ], [ 127.292850165987829, 36.35672342727122 ], [ 127.29271412662591, 36.356692127829085 ], [ 127.292550056158746, 36.356705729727359 ], [ 127.292322376369739, 36.356721225494304 ], [ 127.292263354042916, 36.356725244165624 ], [ 127.292080628713279, 36.356737683244944 ], [ 127.292039238421751, 36.356740496415931 ], [ 127.29201186508719, 36.356743662997111 ], [ 127.291431853955501, 36.356503459036041 ], [ 127.291223254203075, 36.356418353839672 ], [ 127.29089146293542, 36.356280945393301 ], [ 127.290552426000886, 36.356157224301 ], [ 127.290298736100553, 36.35598359645185 ], [ 127.289782462696095, 36.355855155720278 ], [ 127.289510217775288, 36.355730810895686 ], [ 127.288339926832307, 36.355500168759981 ], [ 127.287495028954339, 36.35584262912824 ], [ 127.287213222417478, 36.355722672624317 ], [ 127.286804225719422, 36.355671625314756 ], [ 127.28663762342839, 36.355586411802484 ], [ 127.286474289729242, 36.355355561113086 ], [ 127.285380496555447, 36.354940940785667 ], [ 127.284945217641678, 36.354633188004826 ], [ 127.284892598003765, 36.354503796569169 ], [ 127.284686246835136, 36.353996431046021 ], [ 127.284014347431921, 36.353861800538176 ], [ 127.283843356405328, 36.353867431480374 ], [ 127.283372391222088, 36.354009928062794 ], [ 127.28307938610385, 36.35391674392374 ], [ 127.282726356466128, 36.353672186499374 ], [ 127.282573923063453, 36.353367021204534 ], [ 127.282264969680682, 36.353175086210861 ], [ 127.282144732685424, 36.35310189619981 ], [ 127.282109188386073, 36.352656476801997 ], [ 127.281443008919751, 36.352304041348354 ], [ 127.280818053669108, 36.351670439524732 ], [ 127.280844699999449, 36.351220918099571 ], [ 127.280405645615957, 36.350996353472887 ], [ 127.279945764989876, 36.349849937414874 ], [ 127.279549392890601, 36.349752100983039 ], [ 127.278939077668937, 36.349441759238331 ], [ 127.278665150105851, 36.349139538175564 ], [ 127.277892421391599, 36.349009287567178 ], [ 127.277887150054099, 36.349014545959953 ], [ 127.277646171170232, 36.349286869796224 ], [ 127.277418421242601, 36.349908636628825 ], [ 127.277079360647264, 36.350061491732916 ], [ 127.276514317256726, 36.350749377888611 ], [ 127.27641746094362, 36.351122739834089 ], [ 127.276105856434697, 36.351117544587133 ], [ 127.274886245339701, 36.352139511719862 ], [ 127.274307125769624, 36.35284205469965 ], [ 127.2740909378075, 36.352943370991341 ], [ 127.273920150161544, 36.353038942275774 ], [ 127.27364616924244, 36.353241203620932 ], [ 127.273332297011379, 36.353335982192363 ], [ 127.272986235580348, 36.353587123333753 ], [ 127.272532725314008, 36.354074785205746 ], [ 127.272412595754034, 36.354120395591352 ], [ 127.27246953783613, 36.354930761475387 ], [ 127.272518107646391, 36.35508047097639 ], [ 127.272237285718546, 36.355623495361804 ], [ 127.271893500389368, 36.356134002906209 ], [ 127.27169458028925, 36.356403109988889 ], [ 127.271094403261714, 36.357426447213271 ], [ 127.271096492944707, 36.358232710636059 ], [ 127.270833550039967, 36.358716276815422 ], [ 127.271039523563715, 36.359533903771961 ], [ 127.27099482896179, 36.360356322333807 ], [ 127.270569531937014, 36.360862783106398 ], [ 127.270721551276182, 36.36117672369727 ], [ 127.270986113296473, 36.361302523633562 ], [ 127.271307460162149, 36.361455323573871 ], [ 127.271756812409308, 36.361561610164017 ], [ 127.271914360110685, 36.361610250412284 ], [ 127.271993822141184, 36.36173200788992 ], [ 127.272055222979617, 36.361918014010364 ], [ 127.272349791312124, 36.362621394839124 ], [ 127.273252812899429, 36.362971359362042 ], [ 127.273527561798389, 36.363127032942934 ], [ 127.27430269973884, 36.363446866102883 ], [ 127.275286099990112, 36.363823107875021 ], [ 127.276047334175928, 36.364142690897417 ], [ 127.276184968478773, 36.364321761377845 ], [ 127.276667562399524, 36.364466802152329 ], [ 127.276728086971673, 36.364548903794343 ], [ 127.27684065863707, 36.364675646369641 ], [ 127.277081759028263, 36.364815339370118 ], [ 127.277524874231972, 36.365165959612277 ], [ 127.277680418850281, 36.365289035020631 ], [ 127.277458716480012, 36.365714791437981 ], [ 127.277409538446165, 36.365839095183098 ], [ 127.277460203976077, 36.366331520631988 ], [ 127.277171689579191, 36.36701398448524 ], [ 127.27727661986664, 36.367392792091927 ], [ 127.277046773923928, 36.368374190521607 ], [ 127.277485964939885, 36.368694497545754 ], [ 127.277947914072968, 36.368904645333977 ], [ 127.278676683290215, 36.369086281143474 ], [ 127.279347039840431, 36.369391968928127 ], [ 127.279253282795608, 36.369758854263807 ], [ 127.27928139113925, 36.370318360376707 ], [ 127.279226995118805, 36.37063952806556 ], [ 127.279346199789984, 36.371258515871745 ], [ 127.279385244947022, 36.371352011381191 ], [ 127.279622074539603, 36.371919106108415 ], [ 127.27988482339957, 36.372115912880467 ], [ 127.280014070367457, 36.372717700136029 ], [ 127.280148292354212, 36.373051666342292 ], [ 127.280349885555808, 36.373334496234285 ], [ 127.280551681911319, 36.374210410753989 ], [ 127.281038084871128, 36.374865161323051 ], [ 127.280572007036469, 36.375610840725365 ], [ 127.280541728526941, 36.375957013902429 ], [ 127.280663204630088, 36.376426743047318 ], [ 127.280719973348624, 36.376820024062312 ], [ 127.280470044992001, 36.377387784539941 ], [ 127.280304766692382, 36.378696268671426 ], [ 127.280080399231835, 36.378965456937316 ], [ 127.279762030507598, 36.379094894667418 ], [ 127.27936244641829, 36.379333953807375 ], [ 127.279017283958524, 36.379540451868635 ], [ 127.278842058294913, 36.37991681659971 ], [ 127.279045635977994, 36.382056109920619 ], [ 127.28087173141418, 36.381979687044677 ], [ 127.281295192133769, 36.38209544207335 ], [ 127.281402945741419, 36.382187126648851 ], [ 127.281863580019873, 36.382338019144079 ], [ 127.28214721869243, 36.382313715507216 ], [ 127.282609499368718, 36.382500314477248 ], [ 127.283049139032059, 36.382860944198974 ] ] ] ] } },
{ "type": "Feature", "properties": { "EMD_CD": "30200119", "EMD_ENG_NM": "Noeun-dong", "EMD_KOR_NM": "노은동" }, "geometry": { "type": "MultiPolygon", "coordinates": [ [ [ [ 127.325456598188154, 36.377100749689369 ], [ 127.325659801033112, 36.376980108660298 ], [ 127.326091275178541, 36.376829442683125 ], [ 127.326384855640981, 36.376537568425981 ], [ 127.326431078855222, 36.376486175022265 ], [ 127.326537567596134, 36.376375492386813 ], [ 127.326717924070707, 36.376177907453332 ], [ 127.327005221624518, 36.376058954853221 ], [ 127.327274427238436, 36.37594422409181 ], [ 127.327664942113032, 36.375775550410864 ], [ 127.327817218584755, 36.375707718041873 ], [ 127.328092726488364, 36.375573773061895 ], [ 127.328208393309694, 36.375513412128605 ], [ 127.328394557585128, 36.375389731484027 ], [ 127.328652933541605, 36.375212629371113 ], [ 127.3289878507005, 36.37480865623143 ], [ 127.329192255544768, 36.37441680889571 ], [ 127.329345601833126, 36.373802874032371 ], [ 127.329384209006847, 36.37320406905868 ], [ 127.329533340158221, 36.372895388736104 ], [ 127.32954405647439, 36.37285751012088 ], [ 127.329629836865152, 36.372671031112475 ], [ 127.329745380514026, 36.372264521256909 ], [ 127.329824432648905, 36.372142710036968 ], [ 127.330087532784745, 36.37188159423431 ], [ 127.330099673583746, 36.371869548265984 ], [ 127.330104678526908, 36.371864668246474 ], [ 127.330416009108816, 36.371673241593747 ], [ 127.33105989780843, 36.371465685433257 ], [ 127.331193070523312, 36.37140482273692 ], [ 127.331483681893801, 36.371279470307208 ], [ 127.33174825699183, 36.371097550587606 ], [ 127.331908256707607, 36.370982741522432 ], [ 127.331948206349537, 36.370872490491251 ], [ 127.331728174072097, 36.370421820976851 ], [ 127.331650015733828, 36.370084270438809 ], [ 127.331499895935025, 36.369593576254978 ], [ 127.331391466362234, 36.369116626443024 ], [ 127.331420267165811, 36.368952092910021 ], [ 127.331494521939433, 36.368766832925338 ], [ 127.331683052472641, 36.368511903623897 ], [ 127.331774431617006, 36.368434565760388 ], [ 127.331896091596448, 36.368332415587723 ], [ 127.332070446154944, 36.368243492454148 ], [ 127.332161998240565, 36.368196630803489 ], [ 127.332239733812116, 36.368147382993136 ], [ 127.332358132131773, 36.368004030442961 ], [ 127.332203934406351, 36.36802942008773 ], [ 127.331911851466771, 36.36797752758708 ], [ 127.331770272629541, 36.36795147877303 ], [ 127.33127659551451, 36.367947390409427 ], [ 127.331057874732409, 36.367873611950557 ], [ 127.330903006174651, 36.367787482228273 ], [ 127.330753381144518, 36.367586762528674 ], [ 127.330617319428768, 36.367399424531591 ], [ 127.330410542990307, 36.367070932432654 ], [ 127.330057845254203, 36.366978460818032 ], [ 127.329706601061503, 36.366953337362091 ], [ 127.329501381537824, 36.366938815092972 ], [ 127.329478772954118, 36.366930676879868 ], [ 127.329455646760479, 36.366924233698107 ], [ 127.329409518097819, 36.366911356514613 ], [ 127.329363077469736, 36.36689588515766 ], [ 127.329326815118833, 36.366876456299778 ], [ 127.329133575199222, 36.36675853687607 ], [ 127.329124923470729, 36.366738518509749 ], [ 127.329107302866745, 36.366697734849431 ], [ 127.329064865831384, 36.366651224912239 ], [ 127.329030213101035, 36.366614209405334 ], [ 127.328947198682187, 36.366531250532987 ], [ 127.328880219872801, 36.366440560693363 ], [ 127.328766539326423, 36.366373131350656 ], [ 127.328658145406621, 36.366354881784623 ], [ 127.328570111545304, 36.366358348829536 ], [ 127.328476225740857, 36.366358669105217 ], [ 127.328330752585686, 36.366338277602665 ], [ 127.328193309367535, 36.366298497510073 ], [ 127.328116300424156, 36.366252523086274 ], [ 127.32800638931414, 36.366153595367166 ], [ 127.327977061545084, 36.366105346085376 ], [ 127.327967011860636, 36.366060441527146 ], [ 127.327980693200928, 36.366030548573598 ], [ 127.32799462112493, 36.365998536475423 ], [ 127.328007350111847, 36.36595675994846 ], [ 127.328000471039232, 36.365937286794065 ], [ 127.327993275638335, 36.365919210554082 ], [ 127.327979452572492, 36.365898971832522 ], [ 127.327966815062013, 36.365882469876595 ], [ 127.327886467919413, 36.365754787342617 ], [ 127.327828834619922, 36.365679047959837 ], [ 127.327739059910712, 36.365606983340555 ], [ 127.327698521022128, 36.365571714165668 ], [ 127.327666372675154, 36.365509792578727 ], [ 127.32767588572726, 36.365493140701062 ], [ 127.327673651331466, 36.365427721406931 ], [ 127.327669817129546, 36.365373932249064 ], [ 127.327625984690641, 36.365288955008822 ], [ 127.327614483364968, 36.365280407078956 ], [ 127.327486925395419, 36.365138901791106 ], [ 127.327401905767957, 36.365015287037018 ], [ 127.327378715168209, 36.364907479629885 ], [ 127.327378590351699, 36.364906966476404 ], [ 127.327356665533785, 36.364814422939681 ], [ 127.327332097556095, 36.364785048585603 ], [ 127.327194118635347, 36.36461054344084 ], [ 127.327166729089114, 36.36459685790139 ], [ 127.327114413570428, 36.364569442617437 ], [ 127.326992408718581, 36.364436447237793 ], [ 127.326947607516203, 36.364346091585993 ], [ 127.326897441802856, 36.364243612391078 ], [ 127.326887310792245, 36.364208052890007 ], [ 127.326882255270149, 36.364192791583051 ], [ 127.326871749980327, 36.364161117136078 ], [ 127.326791966538764, 36.364069082131429 ], [ 127.326785798238745, 36.364061961829655 ], [ 127.326732927346185, 36.363997491700722 ], [ 127.32668426838751, 36.3639571707348 ], [ 127.326634837625278, 36.363916076908183 ], [ 127.326611187477766, 36.363938562567611 ], [ 127.326507685541316, 36.36386044206106 ], [ 127.32646322395604, 36.363798022488432 ], [ 127.326413140330104, 36.363763346520706 ], [ 127.326343525410209, 36.363728714029023 ], [ 127.326265117293545, 36.363696404472435 ], [ 127.3261602946707, 36.363659741379017 ], [ 127.326170939948014, 36.363647231112182 ], [ 127.326068653944304, 36.363579984482371 ], [ 127.326005687748435, 36.36354213497026 ], [ 127.325721944238666, 36.363362942349987 ], [ 127.325626688966111, 36.363306193202874 ], [ 127.325613205372136, 36.363281699468438 ], [ 127.325585521030746, 36.363231426255872 ], [ 127.325519092202939, 36.363107867244146 ], [ 127.32545222505783, 36.36298352501764 ], [ 127.325401046099728, 36.362888743667511 ], [ 127.325351381069154, 36.362898296130417 ], [ 127.325075913182289, 36.362989303326721 ], [ 127.324964611510751, 36.363026155867686 ], [ 127.324974219874136, 36.363035042038028 ], [ 127.324864633466362, 36.363096104957762 ], [ 127.324782734091997, 36.363113718815747 ], [ 127.324706238783222, 36.363128768541436 ], [ 127.324642136741787, 36.363144585732961 ], [ 127.32451625948498, 36.363175952998986 ], [ 127.324407303977708, 36.363117203726077 ], [ 127.32415103620049, 36.362847707356359 ], [ 127.323919673515903, 36.362737308352699 ], [ 127.32376998359851, 36.36266256337904 ], [ 127.323502316124205, 36.362651281704352 ], [ 127.323467093126141, 36.362656143487534 ], [ 127.323023977384409, 36.362730105950533 ], [ 127.322486919125069, 36.362496723617141 ], [ 127.322473388628651, 36.362490280833619 ], [ 127.322436871252634, 36.362472877940299 ], [ 127.322439782058169, 36.362470734852266 ], [ 127.322352628383868, 36.362427036793385 ], [ 127.322167546104808, 36.362334253888832 ], [ 127.321591184231664, 36.362068322724994 ], [ 127.321415271960106, 36.361988473215447 ], [ 127.321382539966805, 36.36197028505957 ], [ 127.321240684771482, 36.361884224575157 ], [ 127.321192723017276, 36.361855128294359 ], [ 127.321102137833108, 36.361803130047129 ], [ 127.320905792626903, 36.361685349427361 ], [ 127.320873109774411, 36.361665295935424 ], [ 127.320862119964616, 36.361683392909512 ], [ 127.320788400979424, 36.361636143944921 ], [ 127.320725056972449, 36.361608250298147 ], [ 127.320631743070493, 36.361567145286678 ], [ 127.320494529394637, 36.361506718794004 ], [ 127.320350338755787, 36.361443210949041 ], [ 127.320232804374001, 36.361391455170171 ], [ 127.320080929490828, 36.361328588954642 ], [ 127.319915456692399, 36.361256441345844 ], [ 127.319806685530281, 36.361208779698444 ], [ 127.319743187520302, 36.361181264841022 ], [ 127.319649397605644, 36.361140628936681 ], [ 127.319407430689694, 36.361102450233233 ], [ 127.319053637219355, 36.361042895430458 ], [ 127.318878785273697, 36.36117401136422 ], [ 127.318867433276978, 36.361182368349489 ], [ 127.318785350787223, 36.361242847484782 ], [ 127.318562641364252, 36.361353823466864 ], [ 127.318343651559147, 36.361505890258478 ], [ 127.318145638050041, 36.361643384007721 ], [ 127.318117450758166, 36.361662986946527 ], [ 127.318114061193171, 36.361665339251772 ], [ 127.318019005049777, 36.36172740177075 ], [ 127.317565405364675, 36.36170793909298 ], [ 127.31744660877429, 36.361619109435729 ], [ 127.317260522153703, 36.361479974119788 ], [ 127.317151041224648, 36.361429924411667 ], [ 127.317018040231659, 36.361463123643773 ], [ 127.316798335562794, 36.361543655324965 ], [ 127.31660868449454, 36.361617104686431 ], [ 127.316444522712061, 36.361736681344226 ], [ 127.316333735545129, 36.3618273607361 ], [ 127.316180484407482, 36.361798241702338 ], [ 127.315576058878762, 36.361965016698974 ], [ 127.314963501390153, 36.362038475483381 ], [ 127.314766640879355, 36.362023400945318 ], [ 127.31459944318911, 36.362012133669687 ], [ 127.314511776017596, 36.362039308443848 ], [ 127.313886442878413, 36.362239661194309 ], [ 127.313742898226408, 36.362478783482644 ], [ 127.31339551892934, 36.362430297335933 ], [ 127.313124497100802, 36.362488139146386 ], [ 127.312960328379873, 36.362593760673903 ], [ 127.312779551470058, 36.362577694913909 ], [ 127.312513805871291, 36.362542223393014 ], [ 127.31211212624082, 36.362407929974687 ], [ 127.311753045332097, 36.362313619079352 ], [ 127.311513454294783, 36.362247797117512 ], [ 127.311111041999084, 36.362501717760409 ], [ 127.310514387227997, 36.362451319385954 ], [ 127.310114753526975, 36.362591582269438 ], [ 127.309854914113458, 36.362809993786968 ], [ 127.309492723550008, 36.362749080989282 ], [ 127.30929018274071, 36.362907352877833 ], [ 127.309285963635219, 36.363318575317784 ], [ 127.309474834578538, 36.363570362142511 ], [ 127.309539471689035, 36.36385641562218 ], [ 127.30966370074681, 36.364580851542215 ], [ 127.309781420221498, 36.364809832044244 ], [ 127.309842974915483, 36.364929573033834 ], [ 127.310102424586049, 36.365206021584811 ], [ 127.310182658437824, 36.365281350412211 ], [ 127.309801506805556, 36.365580269813307 ], [ 127.309683380497347, 36.365553377800701 ], [ 127.309497472280256, 36.365961527064293 ], [ 127.309493759414153, 36.366023159700191 ], [ 127.309546349006723, 36.366028079099763 ], [ 127.309541240429155, 36.36619053405623 ], [ 127.309488371967404, 36.366112591068593 ], [ 127.30948428375055, 36.366180446370365 ], [ 127.309475485101586, 36.366393369424031 ], [ 127.308269705889629, 36.366930990411078 ], [ 127.307513820716906, 36.367266631882821 ], [ 127.307128418659147, 36.367312794185615 ], [ 127.306772689936224, 36.36735317430184 ], [ 127.306259392849327, 36.367522922668677 ], [ 127.306357530857341, 36.368097986614188 ], [ 127.30641179503786, 36.368697250722178 ], [ 127.306435422806317, 36.368958195940792 ], [ 127.306454354636983, 36.369820682601315 ], [ 127.306598590931586, 36.369989112025848 ], [ 127.306506597817332, 36.370198616515545 ], [ 127.306517492629538, 36.371482202892793 ], [ 127.306082678175954, 36.371867443186396 ], [ 127.305262372817921, 36.372395534270339 ], [ 127.305968115106722, 36.372685869683622 ], [ 127.306930202154064, 36.372638202167771 ], [ 127.307216882421699, 36.372775716566231 ], [ 127.307483806075268, 36.372753838292816 ], [ 127.308323608887193, 36.373124596455106 ], [ 127.308564566179285, 36.373260810310164 ], [ 127.308750494996104, 36.373274625216595 ], [ 127.308831940227591, 36.373211415052019 ], [ 127.30908674597093, 36.37315690531068 ], [ 127.309643488874443, 36.373385809252369 ], [ 127.309919575809843, 36.373451990009045 ], [ 127.31004197594369, 36.373254147039717 ], [ 127.310186388364755, 36.373020777418198 ], [ 127.3102126822305, 36.372892743607999 ], [ 127.310017712345612, 36.372666288752825 ], [ 127.309918745693409, 36.372445523831807 ], [ 127.309891260575696, 36.372260882394215 ], [ 127.309979573065846, 36.372119928149253 ], [ 127.310148754793332, 36.37201329751371 ], [ 127.31028275412632, 36.371909109383083 ], [ 127.310505607067313, 36.371617880176238 ], [ 127.310651601067505, 36.371503784041863 ], [ 127.311113014837559, 36.371633924894951 ], [ 127.3117854303689, 36.372022350472726 ], [ 127.312159673537195, 36.37208490986054 ], [ 127.312552105662846, 36.372327051057319 ], [ 127.312679145276391, 36.372476475897656 ], [ 127.313166793684687, 36.372412365945941 ], [ 127.313506683578211, 36.372508047792721 ], [ 127.313808549253437, 36.372511098002498 ], [ 127.313988281866017, 36.372466561497447 ], [ 127.314280399782945, 36.372397893795004 ], [ 127.314394610132084, 36.372311839491339 ], [ 127.314402941826529, 36.372305429132425 ], [ 127.314688426461274, 36.372322280044393 ], [ 127.315032620818769, 36.372340923995061 ], [ 127.315171646097639, 36.37234906621817 ], [ 127.315457524951412, 36.372367167231772 ], [ 127.315485678135559, 36.372246247304005 ], [ 127.315613418224927, 36.372200041609375 ], [ 127.325354766778517, 36.372174032205727 ], [ 127.325389412750539, 36.37242163277341 ], [ 127.325415262193616, 36.372606347613996 ], [ 127.325418019205117, 36.37262608437873 ], [ 127.325466388669383, 36.372971713220167 ], [ 127.325555360512666, 36.37314422501337 ], [ 127.325555060709888, 36.373152607002801 ], [ 127.325579618341294, 36.373208241449305 ], [ 127.325591513760585, 36.373233793010634 ], [ 127.32560667383504, 36.373264571942634 ], [ 127.325691993932452, 36.373523425939183 ], [ 127.325742635586096, 36.373777057682631 ], [ 127.325727760520849, 36.373831131234446 ], [ 127.325674329668175, 36.374025379309394 ], [ 127.325671936642337, 36.374034081867194 ], [ 127.32567115091129, 36.37403795007949 ], [ 127.325655839846391, 36.374113328845986 ], [ 127.325655010189649, 36.37411739533016 ], [ 127.325682565272473, 36.374111391116465 ], [ 127.325697217818913, 36.374108196916353 ], [ 127.325682467689774, 36.374120078119709 ], [ 127.325673313256658, 36.37416694603256 ], [ 127.325670829341789, 36.374194239815836 ], [ 127.325678370698284, 36.374185496151185 ], [ 127.3257806829602, 36.374102806828752 ], [ 127.325840449397703, 36.374049763912339 ], [ 127.325841899045869, 36.37404463272933 ], [ 127.325904067726427, 36.373966332429717 ], [ 127.325986670642067, 36.373916904775925 ], [ 127.326014286098456, 36.373906312685769 ], [ 127.326181107923944, 36.373949620068501 ], [ 127.326294539045108, 36.373979059135664 ], [ 127.326287217243831, 36.373997814656846 ], [ 127.326188269004561, 36.374230098485441 ], [ 127.326021529137776, 36.374603768855089 ], [ 127.325961633896512, 36.374746767262685 ], [ 127.325856254418142, 36.374984546080192 ], [ 127.32574538147513, 36.375244149071534 ], [ 127.325630489150726, 36.375513008352847 ], [ 127.325681156183421, 36.375530894448204 ], [ 127.325702870812478, 36.375481424277247 ], [ 127.325717535940257, 36.375532219130434 ], [ 127.325671774465519, 36.375633112360937 ], [ 127.325664704095701, 36.37564800064397 ], [ 127.325634918767165, 36.375774875124385 ], [ 127.325626123703074, 36.375857626251275 ], [ 127.325590805670771, 36.375993726043667 ], [ 127.325536458127829, 36.376165996035695 ], [ 127.325491065307546, 36.37625391130161 ], [ 127.325482628525279, 36.376321043930631 ], [ 127.325442910635047, 36.376401318954557 ], [ 127.325441584613316, 36.376403999052599 ], [ 127.325367275092376, 36.376567825560755 ], [ 127.325252801755923, 36.376820003121793 ], [ 127.325192911693776, 36.376964757274585 ], [ 127.325204885404631, 36.376979522168547 ], [ 127.325223890120753, 36.37700188290713 ], [ 127.325255671340074, 36.377036508871498 ], [ 127.325376685328294, 36.376964097017925 ], [ 127.325456598188154, 36.377100749689369 ] ] ] ] } },
{ "type": "Feature", "properties": { "EMD_CD": "30200120", "EMD_ENG_NM": "Jijok-dong", "EMD_KOR_NM": "지족동" }, "geometry": { "type": "MultiPolygon", "coordinates": [ [ [ [ 127.289102898841605, 36.39149962257062 ], [ 127.289211927998437, 36.391498891389915 ], [ 127.289927026160512, 36.391436716609185 ], [ 127.290028789235649, 36.391321725503452 ], [ 127.290047427558022, 36.391313209529002 ], [ 127.290059273962783, 36.391382047934954 ], [ 127.290067868852134, 36.391412531603585 ], [ 127.290227781101407, 36.391321650179094 ], [ 127.290440509999073, 36.391039801082655 ], [ 127.290597800350085, 36.39093048766636 ], [ 127.290718947462395, 36.390846304938229 ], [ 127.29107614019486, 36.390288798885258 ], [ 127.291291272476784, 36.389770161272402 ], [ 127.291476587466704, 36.389473804938653 ], [ 127.29161896140242, 36.389247861521291 ], [ 127.291790052081808, 36.38892757724372 ], [ 127.291881146392669, 36.38875664808706 ], [ 127.292224673985501, 36.388434285698096 ], [ 127.292900699072675, 36.388399232210197 ], [ 127.293238793498247, 36.388399208968103 ], [ 127.293531705200991, 36.388399736813184 ], [ 127.293824539421493, 36.38831406766851 ], [ 127.293976667344864, 36.388201004548264 ], [ 127.294268684242141, 36.387974961790988 ], [ 127.294333755256758, 36.388005378824474 ], [ 127.294389112570002, 36.388031259744146 ], [ 127.294634871453837, 36.388146186283052 ], [ 127.294752689440728, 36.388163163418909 ], [ 127.295105731215372, 36.388214068106585 ], [ 127.295333291219336, 36.388118814095549 ], [ 127.295466155305164, 36.388064552444035 ], [ 127.2958526244051, 36.387929552369201 ], [ 127.296159144777022, 36.387830073970441 ], [ 127.296540819326253, 36.387854481618561 ], [ 127.296956935354203, 36.38788214618382 ], [ 127.297235129523074, 36.387946539903666 ], [ 127.297539118605457, 36.388088261119719 ], [ 127.297856916339924, 36.388232398466855 ], [ 127.298034924047499, 36.388382000696645 ], [ 127.29823762074102, 36.388552259112423 ], [ 127.298495248280233, 36.388755696685031 ], [ 127.298685485639666, 36.388902446871846 ], [ 127.299160596181068, 36.389150607217232 ], [ 127.299385794778487, 36.389135221649283 ], [ 127.299629913179714, 36.389115417785817 ], [ 127.300129483893912, 36.389171718257074 ], [ 127.300192592578114, 36.38918653782558 ], [ 127.30059589320021, 36.389288279476617 ], [ 127.300746841985685, 36.38932621894088 ], [ 127.300869101822983, 36.389367158906303 ], [ 127.300875709163336, 36.389369503398441 ], [ 127.301188607572243, 36.389480003618594 ], [ 127.301319335652678, 36.389525941363033 ], [ 127.301511099410263, 36.389595246082571 ], [ 127.301516133536083, 36.389597152919677 ], [ 127.301739087525718, 36.389681896986403 ], [ 127.301947815870804, 36.389614992341194 ], [ 127.302373638000347, 36.38949459725432 ], [ 127.30243787971915, 36.389476430144207 ], [ 127.302891118889491, 36.389347303939758 ], [ 127.303156197959353, 36.38938116743374 ], [ 127.30320362474734, 36.389387229642367 ], [ 127.303372753071116, 36.389416306471965 ], [ 127.303428466150777, 36.389426511031225 ], [ 127.303631710195873, 36.389463719877718 ], [ 127.303669387660818, 36.389470617609255 ], [ 127.303831942840532, 36.38950035925437 ], [ 127.303924531831328, 36.389540686298147 ], [ 127.303952063955379, 36.38955265614991 ], [ 127.304091801415495, 36.389613428251472 ], [ 127.304357787236114, 36.389731275340978 ], [ 127.304942729461004, 36.389964778520159 ], [ 127.305503088430129, 36.390207199837178 ], [ 127.306035390584213, 36.390293824597663 ], [ 127.306153817950019, 36.39025127599912 ], [ 127.307312757786065, 36.389864823793445 ], [ 127.308088979833059, 36.389812963496226 ], [ 127.308623881229721, 36.389885953456826 ], [ 127.308700506085046, 36.38989640817956 ], [ 127.308893129703719, 36.389848159904766 ], [ 127.30933475143928, 36.389740144451743 ], [ 127.309625626642486, 36.38966112830763 ], [ 127.309668518780285, 36.389571441881671 ], [ 127.31221287209668, 36.38914364607691 ], [ 127.312277142331794, 36.389133295715375 ], [ 127.312341639409951, 36.389123936010201 ], [ 127.312406363692347, 36.389115657076509 ], [ 127.312698625483918, 36.389092276766071 ], [ 127.312992299712519, 36.389087726400241 ], [ 127.313285379283698, 36.389101740857733 ], [ 127.31369948404425, 36.389111112744168 ], [ 127.314111172507324, 36.389073719071149 ], [ 127.314512309390921, 36.388990031765445 ], [ 127.314895098920573, 36.388861783599857 ], [ 127.315842084431992, 36.388483960144342 ], [ 127.316287341140111, 36.388314269765694 ], [ 127.316610164690601, 36.388214650924901 ], [ 127.316941877225133, 36.388136004877154 ], [ 127.31728013914514, 36.38807851796669 ], [ 127.317569332066725, 36.388014220979663 ], [ 127.317851428707826, 36.387931648442112 ], [ 127.318124424527113, 36.387831256299847 ], [ 127.318200253115748, 36.387758241162523 ], [ 127.318333672823812, 36.387567561342301 ], [ 127.318380343343748, 36.387505347286321 ], [ 127.318624988877673, 36.387175953098094 ], [ 127.31868738732723, 36.38708954594378 ], [ 127.318766410744587, 36.386980205012101 ], [ 127.318880245115494, 36.386825172594619 ], [ 127.319055592377467, 36.386585537397103 ], [ 127.319214792174762, 36.386376854843427 ], [ 127.319336660392679, 36.38622450410567 ], [ 127.319456328435635, 36.386079368417256 ], [ 127.319973349303879, 36.385474751212399 ], [ 127.320090600951048, 36.385338903318491 ], [ 127.320177823865265, 36.385273336185023 ], [ 127.320251708875247, 36.38521672611423 ], [ 127.320355204453733, 36.385096775169401 ], [ 127.320752602538491, 36.384568622229253 ], [ 127.321200842174932, 36.38404664003049 ], [ 127.321520847094703, 36.383672971076081 ], [ 127.321545802782737, 36.383643526227274 ], [ 127.321571312743174, 36.383613358955785 ], [ 127.321602364851927, 36.383575787271859 ], [ 127.321633417300291, 36.383538305695303 ], [ 127.321664022814758, 36.383500554958786 ], [ 127.321694293583491, 36.383462714994984 ], [ 127.321730435271874, 36.383416117981021 ], [ 127.321883636916624, 36.383215648474348 ], [ 127.322508256232553, 36.38222566344978 ], [ 127.322529647242916, 36.38211548353808 ], [ 127.322900951513247, 36.381401302675435 ], [ 127.323009596936046, 36.381262140690495 ], [ 127.323109888636338, 36.381070102669966 ], [ 127.323258942598443, 36.380784572462446 ], [ 127.323357906882222, 36.380595241293641 ], [ 127.323377316255062, 36.380491374703062 ], [ 127.323507553394492, 36.380237615897826 ], [ 127.323979893970616, 36.379328146806834 ], [ 127.324076528900548, 36.379142335839688 ], [ 127.324388985559281, 36.37854140528556 ], [ 127.324639963087137, 36.378058332471575 ], [ 127.3247826984082, 36.377783631329073 ], [ 127.324863119379131, 36.377639317205286 ], [ 127.32492532849713, 36.377537587374611 ], [ 127.324984587153679, 36.377450013808485 ], [ 127.325014747023346, 36.377413254673499 ], [ 127.325159099581938, 36.377179822090213 ], [ 127.32521359316388, 36.377232205886678 ], [ 127.325238986917967, 36.377256637313309 ], [ 127.325456598196652, 36.377100749426901 ], [ 127.325376685606955, 36.376964096977979 ], [ 127.325255671189382, 36.377036509285723 ], [ 127.325223889605255, 36.377001882488983 ], [ 127.325204885425038, 36.376979521980978 ], [ 127.325192911215325, 36.376964757276731 ], [ 127.325252801402101, 36.376820002860491 ], [ 127.325367275311891, 36.376567825611417 ], [ 127.325441584147399, 36.376403999369757 ], [ 127.325442910314706, 36.376401319309714 ], [ 127.325482628952258, 36.376321043844193 ], [ 127.325491065135324, 36.376253911108051 ], [ 127.325536457677217, 36.376165996367654 ], [ 127.325590805370837, 36.375993726165881 ], [ 127.32562612420557, 36.375857626314101 ], [ 127.325634918886067, 36.375774875376408 ], [ 127.325664703877607, 36.375648000443917 ], [ 127.325671774192628, 36.375633112012494 ], [ 127.325717535783724, 36.375532219397158 ], [ 127.325702871374219, 36.375481424394607 ], [ 127.325681156654298, 36.375530894278249 ], [ 127.325630489222959, 36.375513008429856 ], [ 127.325745381121095, 36.375244149044441 ], [ 127.325856254323256, 36.374984546417814 ], [ 127.325961634401025, 36.374746766828466 ], [ 127.326021528791173, 36.374603769243443 ], [ 127.326188268730164, 36.374230098041586 ], [ 127.326287217464994, 36.373997814711828 ], [ 127.326294538887282, 36.373979059552376 ], [ 127.326181107806846, 36.373949620371015 ], [ 127.326014285689823, 36.373906312980147 ], [ 127.325986671140853, 36.373916904602822 ], [ 127.325904067904034, 36.373966332635007 ], [ 127.325841899325795, 36.374044632583612 ], [ 127.325840449664824, 36.374049764157661 ], [ 127.325780683450262, 36.374102806861622 ], [ 127.325678370998048, 36.374185496225188 ], [ 127.325670829569361, 36.374194239982124 ], [ 127.325673312797363, 36.374166945917658 ], [ 127.325682467877087, 36.374120078432135 ], [ 127.325697217381673, 36.374108197077426 ], [ 127.325682565552995, 36.374111390920469 ], [ 127.325655009859688, 36.374117395368351 ], [ 127.325655839907057, 36.37411332885452 ], [ 127.32567115057644, 36.374037949776799 ], [ 127.325671936870577, 36.374034081638193 ], [ 127.325674330079778, 36.374025378885804 ], [ 127.325727760182616, 36.373831131597861 ], [ 127.325742635396793, 36.373777057270594 ], [ 127.325691993795687, 36.373523426152744 ], [ 127.325606674394223, 36.373264572200746 ], [ 127.325591514059042, 36.373233793424063 ], [ 127.325579618190076, 36.373208241568967 ], [ 127.325555061066112, 36.373152607061904 ], [ 127.325555360608064, 36.37314422539805 ], [ 127.325466388435274, 36.372971713019389 ], [ 127.325418019014933, 36.372626084470333 ], [ 127.325415262756906, 36.37260634737671 ], [ 127.325389413095081, 36.372421633184487 ], [ 127.325354767043038, 36.372174032360547 ], [ 127.315613418690504, 36.372200041844238 ], [ 127.315485678026704, 36.372246247048224 ], [ 127.315457525340605, 36.372367167556838 ], [ 127.315171645878024, 36.372349066071486 ], [ 127.315032621185864, 36.372340923988212 ], [ 127.314688426184432, 36.37232228047548 ], [ 127.314402942082992, 36.372305428735878 ], [ 127.314394610188486, 36.372311839833415 ], [ 127.314280400261737, 36.372397893972689 ], [ 127.313988282212151, 36.372466561356973 ], [ 127.313808549261026, 36.372511098416595 ], [ 127.313506683173969, 36.37250804818423 ], [ 127.313166793867836, 36.372412366280379 ], [ 127.312679144777832, 36.372476475841758 ], [ 127.31255210516602, 36.372327050697479 ], [ 127.31215967373052, 36.3720849098234 ], [ 127.311785430677872, 36.37202235009606 ], [ 127.311113015086377, 36.371633925168709 ], [ 127.310651600858023, 36.371503783917476 ], [ 127.310505606677424, 36.371617879935627 ], [ 127.310282754422985, 36.37190910965581 ], [ 127.310148754665974, 36.372013297436865 ], [ 127.309979573339575, 36.372119927960405 ], [ 127.309891261074739, 36.372260882252519 ], [ 127.309918745283014, 36.372445523571713 ], [ 127.310017712780379, 36.372666288330265 ], [ 127.310212682374484, 36.37289274365326 ], [ 127.310186388083977, 36.37302077734396 ], [ 127.310041975784458, 36.373254147177995 ], [ 127.30991957584844, 36.373451990065014 ], [ 127.3096434886791, 36.373385808858124 ], [ 127.309086745686258, 36.373156905231056 ], [ 127.308831939999706, 36.373211414746351 ], [ 127.308750495168127, 36.373274624837173 ], [ 127.308564566204069, 36.373260810357735 ], [ 127.308323608892053, 36.373124596205749 ], [ 127.307483805756746, 36.372753838036829 ], [ 127.307216882166898, 36.372775716842561 ], [ 127.30693020193381, 36.372638202023225 ], [ 127.30596811516898, 36.372685869365156 ], [ 127.305262372856618, 36.372395534438922 ], [ 127.304641756879249, 36.372253690008222 ], [ 127.304177768115579, 36.372469686740658 ], [ 127.303853997437997, 36.372579710058652 ], [ 127.303419766898145, 36.372688506754145 ], [ 127.303213937395697, 36.372683196194743 ], [ 127.303292383666601, 36.373114936609731 ], [ 127.303289942470656, 36.373639791649637 ], [ 127.303411938204903, 36.374232640709899 ], [ 127.302844314966791, 36.374493591974392 ], [ 127.302665013009658, 36.374693274155071 ], [ 127.302286930181467, 36.374688260951032 ], [ 127.302088436329029, 36.374603996762247 ], [ 127.301762816709868, 36.374934786982308 ], [ 127.301629882782919, 36.374955226061708 ], [ 127.300906973415948, 36.375161821243836 ], [ 127.300343051563175, 36.375802953729185 ], [ 127.300329674076579, 36.37666112345309 ], [ 127.300328152281395, 36.376758552414536 ], [ 127.300167301226921, 36.377094377988726 ], [ 127.299950768927218, 36.377207564999239 ], [ 127.299141290100025, 36.378628300398539 ], [ 127.299101270333153, 36.378903138773119 ], [ 127.299650651077727, 36.379500810337717 ], [ 127.299462484246959, 36.379704312632683 ], [ 127.299602188334305, 36.380293344961821 ], [ 127.299397052290047, 36.380580247363149 ], [ 127.298509752663989, 36.380208247410984 ], [ 127.298155207854563, 36.380242669803081 ], [ 127.297771633518053, 36.380762513341075 ], [ 127.297433700865525, 36.380961220076905 ], [ 127.297427318914316, 36.381135809827065 ], [ 127.29692315635927, 36.381589821671781 ], [ 127.296465683238097, 36.381450271083537 ], [ 127.296214249579975, 36.381427362211852 ], [ 127.296031815819376, 36.381298783165235 ], [ 127.295521137617357, 36.381137551890042 ], [ 127.295252438751689, 36.381238206356322 ], [ 127.294816386959212, 36.380978939882468 ], [ 127.293828620474969, 36.38120732863743 ], [ 127.293249498223176, 36.381380650926118 ], [ 127.293006844886207, 36.381742178457976 ], [ 127.29285452359747, 36.381797440107277 ], [ 127.292577135241601, 36.381774956360871 ], [ 127.292443405805713, 36.381654426723486 ], [ 127.29199096977085, 36.381551704422272 ], [ 127.291816670202493, 36.381705786028419 ], [ 127.291012435196464, 36.381532821465655 ], [ 127.290918371956181, 36.381388033698158 ], [ 127.289724996291525, 36.38100195754955 ], [ 127.288350537577287, 36.381412367886945 ], [ 127.287941046673922, 36.381919860108447 ], [ 127.287469030021299, 36.382056634581353 ], [ 127.286969256169883, 36.382304893737611 ], [ 127.286836894549424, 36.382291250908018 ], [ 127.285385457456343, 36.382141663957661 ], [ 127.285252607168573, 36.382208098182481 ], [ 127.285092700978936, 36.382284851768077 ], [ 127.284756898878186, 36.382301211648119 ], [ 127.284314434476173, 36.3826699088754 ], [ 127.283902410318049, 36.382849584940118 ], [ 127.283497357255527, 36.38278128719908 ], [ 127.283049139032059, 36.382860944198974 ], [ 127.282609499368718, 36.382500314477248 ], [ 127.28214721869243, 36.382313715507216 ], [ 127.281863580019873, 36.382338019144079 ], [ 127.281402945741419, 36.382187126648851 ], [ 127.281295192133769, 36.38209544207335 ], [ 127.28087173141418, 36.381979687044677 ], [ 127.279045635977994, 36.382056109920619 ], [ 127.279049167595431, 36.382093212133931 ], [ 127.278594471510047, 36.382382920451199 ], [ 127.278628226486177, 36.382815402079373 ], [ 127.279033536290797, 36.383769418079467 ], [ 127.278998923546567, 36.384419744093968 ], [ 127.278877372825647, 36.384959040840279 ], [ 127.278763627312898, 36.385195293396741 ], [ 127.278485981152329, 36.38552345728607 ], [ 127.278366075205327, 36.386380401266592 ], [ 127.278122397170691, 36.386712433070443 ], [ 127.27746015526904, 36.387018667177294 ], [ 127.278513391539462, 36.387799395930962 ], [ 127.278839812971597, 36.388552238276688 ], [ 127.278830983574522, 36.389449207264335 ], [ 127.278998204977057, 36.389656086948975 ], [ 127.279119615405477, 36.39030126454054 ], [ 127.279091498020676, 36.391061120473438 ], [ 127.279180803434159, 36.391149623544202 ], [ 127.279164917540513, 36.391481118096195 ], [ 127.279506402479328, 36.391315481490302 ], [ 127.280218895446737, 36.391274259886238 ], [ 127.280820830431836, 36.391329987646486 ], [ 127.281649057294416, 36.391417263309897 ], [ 127.282474370577546, 36.391459436766709 ], [ 127.282951644881237, 36.391482896879843 ], [ 127.283722617875114, 36.391428359555192 ], [ 127.284163903523577, 36.391390836908407 ], [ 127.285304209019387, 36.391043743697857 ], [ 127.285389555482482, 36.391019416691975 ], [ 127.285909212011305, 36.390906985709933 ], [ 127.287374093212151, 36.390997074701652 ], [ 127.287569737429394, 36.390956630613111 ], [ 127.288219698228929, 36.391287088418146 ], [ 127.288216640947454, 36.391340841236648 ], [ 127.288283911161486, 36.391384196997599 ], [ 127.28837205451002, 36.391408343823358 ], [ 127.288445145596128, 36.39142506509954 ], [ 127.288625512342122, 36.391452225332884 ], [ 127.288969255425116, 36.391438854316789 ], [ 127.289102898841605, 36.39149962257062 ] ] ] ] } },
{ "type": "Feature", "properties": { "EMD_CD": "30200121", "EMD_ENG_NM": "Juk-dong", "EMD_KOR_NM": "죽동" }, "geometry": { "type": "MultiPolygon", "coordinates": [ [ [ [ 127.321730435783962, 36.383416118196358 ], [ 127.32182019524052, 36.383399475763902 ], [ 127.321908086337331, 36.383443307719993 ], [ 127.322450511999904, 36.383713823216375 ], [ 127.322678791468007, 36.38380233462297 ], [ 127.322716522052403, 36.38381674162472 ], [ 127.322566812905904, 36.384465352307544 ], [ 127.322736672158726, 36.384464445406152 ], [ 127.322853484750269, 36.384464491207801 ], [ 127.322840164447712, 36.384496581941704 ], [ 127.322787755209475, 36.384663366615527 ], [ 127.322787943572706, 36.384836398207803 ], [ 127.322795486599276, 36.384860169279655 ], [ 127.322807559746863, 36.384871761162863 ], [ 127.322817697060074, 36.384954623206013 ], [ 127.322818803627314, 36.384963659080036 ], [ 127.322847390919179, 36.384944423540325 ], [ 127.322897920529442, 36.384930202644497 ], [ 127.322939493720085, 36.384930540651929 ], [ 127.323153851333188, 36.384687451673756 ], [ 127.32340628575696, 36.384645903530945 ], [ 127.32372319636363, 36.384742455929967 ], [ 127.323910120489955, 36.384730903158875 ], [ 127.324037704303251, 36.384702388957649 ], [ 127.324187560720887, 36.384672362455952 ], [ 127.324383306495733, 36.384632669095332 ], [ 127.324416406891416, 36.384616286896673 ], [ 127.324589328623759, 36.384525576110775 ], [ 127.324939007383264, 36.384444822354517 ], [ 127.325201084553854, 36.384309893490702 ], [ 127.325358480935833, 36.384225180887434 ], [ 127.325466408185775, 36.384238027168017 ], [ 127.325619505031781, 36.384266629159661 ], [ 127.32581181536564, 36.384258987663564 ], [ 127.326277700264257, 36.384099919109104 ], [ 127.326392410722761, 36.384098426669112 ], [ 127.326448111255189, 36.384103195340202 ], [ 127.326696904689939, 36.384207792565775 ], [ 127.326775247656883, 36.384513767951432 ], [ 127.327192341696104, 36.384815198418657 ], [ 127.327451754833774, 36.384769323667527 ], [ 127.327627419126955, 36.384740917133243 ], [ 127.327792511823674, 36.38471421598927 ], [ 127.327958568523599, 36.384776492402814 ], [ 127.328221614302393, 36.384916795967314 ], [ 127.328581954077507, 36.385090654065863 ], [ 127.329071127267468, 36.385180358161243 ], [ 127.329189721633398, 36.385148023737642 ], [ 127.329250242765994, 36.385111495415828 ], [ 127.329480695067602, 36.385241937872181 ], [ 127.330048035081731, 36.385345670990368 ], [ 127.330001456770731, 36.385106530432026 ], [ 127.329908508366486, 36.384688654669361 ], [ 127.32993649558459, 36.384593549309209 ], [ 127.329974428855706, 36.384451953754699 ], [ 127.329955044302977, 36.384358430166245 ], [ 127.329924337533612, 36.384196295684106 ], [ 127.329797911218719, 36.383987680573725 ], [ 127.330284221528558, 36.383957218015709 ], [ 127.330701465103004, 36.383931989110565 ], [ 127.330937310013766, 36.384054501232605 ], [ 127.33138397902367, 36.38428310226243 ], [ 127.331737338597364, 36.384239013440471 ], [ 127.332022717989943, 36.384212144632556 ], [ 127.332348764453883, 36.384179539499002 ], [ 127.33236888915421, 36.384170949372113 ], [ 127.332430932777925, 36.384144454701207 ], [ 127.332665825429856, 36.384044161801164 ], [ 127.332737064061789, 36.383962381978399 ], [ 127.332827752440593, 36.383852449577653 ], [ 127.333107474826136, 36.38371393925776 ], [ 127.333310395688656, 36.384520116259225 ], [ 127.333338714486686, 36.384632611935082 ], [ 127.333339580235048, 36.384629256761485 ], [ 127.333353263968448, 36.384576031723 ], [ 127.333355906231176, 36.384565769731864 ], [ 127.333381433704275, 36.384540762984606 ], [ 127.333839596074228, 36.384091826925058 ], [ 127.333909529581746, 36.384023297047207 ], [ 127.334296565412146, 36.383774831584653 ], [ 127.334356258306073, 36.383725146195495 ], [ 127.334470179012925, 36.383627557221295 ], [ 127.334528873538176, 36.383584254076013 ], [ 127.334648578186801, 36.383528427331584 ], [ 127.334792293094566, 36.383455383210816 ], [ 127.335419579472983, 36.383158409615696 ], [ 127.335593528833925, 36.383082387326709 ], [ 127.33582960033543, 36.38298586992795 ], [ 127.335975740029411, 36.382917197448478 ], [ 127.336019852073534, 36.382896473796364 ], [ 127.336085763968129, 36.382865505582352 ], [ 127.336593114653539, 36.382761791793719 ], [ 127.336667619452072, 36.382746488369293 ], [ 127.33687189495204, 36.382705011174828 ], [ 127.336918929883268, 36.38269546206574 ], [ 127.336968364488328, 36.382684166374368 ], [ 127.337073692858752, 36.382447404806527 ], [ 127.337336753076315, 36.382081423786254 ], [ 127.337424648042813, 36.381955932630937 ], [ 127.337477896578662, 36.381911572063693 ], [ 127.337608616469709, 36.381795711088188 ], [ 127.33801379501574, 36.381549876388171 ], [ 127.338394028727606, 36.381324523258755 ], [ 127.338414344316405, 36.381318887581855 ], [ 127.338779912645961, 36.380815582457423 ], [ 127.338850380085645, 36.380880168419132 ], [ 127.338952221990724, 36.38097874682483 ], [ 127.33904319711931, 36.381066570446471 ], [ 127.33904464029078, 36.381067953551934 ], [ 127.339243463709707, 36.381256798448916 ], [ 127.339416869369359, 36.381422880072918 ], [ 127.339596506207826, 36.381594223998817 ], [ 127.339683177422117, 36.381740481135942 ], [ 127.339762741359095, 36.381882395836023 ], [ 127.340401524932744, 36.381943694650829 ], [ 127.340394271452098, 36.381735968885742 ], [ 127.340402779763949, 36.381472516487548 ], [ 127.340409906287235, 36.381216800041862 ], [ 127.340433786191468, 36.380941272519607 ], [ 127.340477942629363, 36.380718307141315 ], [ 127.340518801388924, 36.380610898967753 ], [ 127.340587663053, 36.38049274079038 ], [ 127.340808451758235, 36.380113886108184 ], [ 127.340849292382785, 36.380005161551992 ], [ 127.34096672307183, 36.379692493074778 ], [ 127.34119562123982, 36.379008560000159 ], [ 127.341353364566757, 36.378935640326581 ], [ 127.341891688707449, 36.378686818055179 ], [ 127.342091104804325, 36.378520570786421 ], [ 127.342070462026086, 36.37848378967162 ], [ 127.34201226716273, 36.378149155134764 ], [ 127.341970399644453, 36.377550998966086 ], [ 127.341941459194274, 36.377244541055042 ], [ 127.34194013885498, 36.377230514187495 ], [ 127.341943490598382, 36.377112361416913 ], [ 127.341946022645146, 36.37702327378377 ], [ 127.341955339413218, 36.376941430889914 ], [ 127.341964483557845, 36.376861128478765 ], [ 127.341986107822365, 36.376670298894545 ], [ 127.342003214584565, 36.376599085515814 ], [ 127.34187094365079, 36.376342729144092 ], [ 127.341707753449555, 36.37612556226469 ], [ 127.341684521982998, 36.375988345326604 ], [ 127.34164047462852, 36.375684741136567 ], [ 127.341621585950477, 36.375467308205096 ], [ 127.341559679849411, 36.375379764286862 ], [ 127.341516510161966, 36.375318725174544 ], [ 127.341472788663026, 36.375276756281906 ], [ 127.341428749395746, 36.375228299534307 ], [ 127.341347324992057, 36.375144669042442 ], [ 127.341297892404029, 36.374768275106497 ], [ 127.341288152544209, 36.374694137307429 ], [ 127.341259330783316, 36.374467512482695 ], [ 127.341279691344567, 36.374449846346259 ], [ 127.341327272990597, 36.374408563240671 ], [ 127.341251276654219, 36.374314526369211 ], [ 127.341250779376992, 36.374223230404631 ], [ 127.341174162390629, 36.374153085914706 ], [ 127.341058196252106, 36.374046897642167 ], [ 127.340855001051423, 36.373707833932876 ], [ 127.340747316364855, 36.373529790065142 ], [ 127.340679106947221, 36.373417013257445 ], [ 127.340649026998136, 36.373367282200491 ], [ 127.340635306441285, 36.373343756316892 ], [ 127.340547185515774, 36.373192691659241 ], [ 127.340534787855503, 36.373168295765112 ], [ 127.340508656859342, 36.373116877817182 ], [ 127.340487048770811, 36.373075683005744 ], [ 127.340436046083596, 36.373006663394875 ], [ 127.340428916707438, 36.372997032648726 ], [ 127.340328277973342, 36.372860268158099 ], [ 127.340267133678282, 36.372778012041387 ], [ 127.340185134290465, 36.372666391927552 ], [ 127.34009442303136, 36.372549902540278 ], [ 127.34010916680846, 36.372588475518725 ], [ 127.34006771747454, 36.372579347424455 ], [ 127.339886512446384, 36.372522447582931 ], [ 127.339827429260637, 36.372460551492885 ], [ 127.339759748012241, 36.372389379604584 ], [ 127.339665583176881, 36.372141438404967 ], [ 127.33962007548773, 36.372069734808655 ], [ 127.339501088048237, 36.371882268789932 ], [ 127.339368138616166, 36.37167648442923 ], [ 127.339215318010602, 36.371451813802544 ], [ 127.339192737819374, 36.371417616011691 ], [ 127.339291719663365, 36.371220764087454 ], [ 127.33935045211291, 36.371103960300921 ], [ 127.339468217512334, 36.370857428691707 ], [ 127.339484850910836, 36.370823065046274 ], [ 127.339442003523502, 36.370505903295026 ], [ 127.339428877822399, 36.370415805403795 ], [ 127.339463030761166, 36.370248110128124 ], [ 127.339454985860073, 36.37004471288185 ], [ 127.33941636630891, 36.369911314122206 ], [ 127.339378853639502, 36.369781237188484 ], [ 127.339372330811358, 36.369751869072388 ], [ 127.339339336719647, 36.369571665902662 ], [ 127.339267158377595, 36.369384923009868 ], [ 127.339204263085236, 36.369242103562229 ], [ 127.339184602492566, 36.369197442944355 ], [ 127.339156603581941, 36.369097519745722 ], [ 127.33912296811782, 36.368977435146498 ], [ 127.339170290752634, 36.368727028780249 ], [ 127.339267032916553, 36.368538835654761 ], [ 127.339270559285609, 36.368454836644624 ], [ 127.339210450559847, 36.368260426315913 ], [ 127.339227683078562, 36.368058083846876 ], [ 127.339231032212481, 36.368039059769323 ], [ 127.339164734629961, 36.367969848402907 ], [ 127.339159720309553, 36.367964608200637 ], [ 127.339122130290534, 36.367922314967942 ], [ 127.33907881138623, 36.367868916985209 ], [ 127.339009293107566, 36.36776349654825 ], [ 127.338851465387549, 36.367582510335765 ], [ 127.338748348079605, 36.367458160526581 ], [ 127.338688299463257, 36.367385723606795 ], [ 127.33867646591014, 36.36731599745427 ], [ 127.338709492602661, 36.367292572877389 ], [ 127.338741440872312, 36.367269908616677 ], [ 127.33881611365841, 36.367216934425961 ], [ 127.338838138282995, 36.36714355268699 ], [ 127.338880318565316, 36.36700296033942 ], [ 127.338894927902544, 36.366954265054474 ], [ 127.33890015651761, 36.366936830235851 ], [ 127.339015410720563, 36.366672264842975 ], [ 127.33912236014821, 36.366469127430477 ], [ 127.339147402277376, 36.366423953244023 ], [ 127.339204906995036, 36.366320210957909 ], [ 127.339260481112277, 36.366218509793647 ], [ 127.339264809490388, 36.366119162359183 ], [ 127.339268502234518, 36.366050545476313 ], [ 127.339270544164947, 36.366012510818244 ], [ 127.339273056025178, 36.365967184306967 ], [ 127.339281652071818, 36.365775148058702 ], [ 127.339282119094548, 36.365695132331389 ], [ 127.339118645737315, 36.36577702363811 ], [ 127.338504211383366, 36.36610416984044 ], [ 127.338193875539702, 36.366540128088225 ], [ 127.338032178411183, 36.366742986040208 ], [ 127.337926351224752, 36.366827002818439 ], [ 127.337695474811639, 36.367013265758153 ], [ 127.337576867703618, 36.36711591829431 ], [ 127.337529587009683, 36.3671360747826 ], [ 127.337521612979643, 36.367139477039636 ], [ 127.337476087893648, 36.36715859284358 ], [ 127.337344331016382, 36.367209239374716 ], [ 127.337323466031535, 36.367218102517221 ], [ 127.337219527861123, 36.367259758286799 ], [ 127.337201006052737, 36.367267000970621 ], [ 127.337098810233115, 36.367306984886035 ], [ 127.33708240973985, 36.367315276246408 ], [ 127.337039682769515, 36.367326796723376 ], [ 127.336830571510717, 36.36738481440743 ], [ 127.336774857456817, 36.367400272813285 ], [ 127.336605585120722, 36.367402171481849 ], [ 127.336484890368766, 36.367402906409609 ], [ 127.336481212897652, 36.367402907642152 ], [ 127.336438012868427, 36.367402948049012 ], [ 127.336193464580006, 36.367403200514552 ], [ 127.335977580706839, 36.367381132401107 ], [ 127.335752231706934, 36.367360711390965 ], [ 127.335685783918308, 36.367354570833555 ], [ 127.335653780753148, 36.367351713644332 ], [ 127.335389712304845, 36.367381018977525 ], [ 127.335200045954508, 36.367402915729393 ], [ 127.335081729653325, 36.367423188738151 ], [ 127.334616442844563, 36.367577459941714 ], [ 127.334117587220248, 36.367722513737 ], [ 127.333780922097688, 36.367817496750703 ], [ 127.333457742555069, 36.367910737988375 ], [ 127.333432256805438, 36.367915260290026 ], [ 127.332784938824361, 36.367975758643944 ], [ 127.332358132131773, 36.368004030442961 ], [ 127.332239733812116, 36.368147382993136 ], [ 127.332161998240565, 36.368196630803489 ], [ 127.332070446154944, 36.368243492454148 ], [ 127.331896091596448, 36.368332415587723 ], [ 127.331774431617006, 36.368434565760388 ], [ 127.331683052472641, 36.368511903623897 ], [ 127.331494521939433, 36.368766832925338 ], [ 127.331420267165811, 36.368952092910021 ], [ 127.331391466362234, 36.369116626443024 ], [ 127.331499895935025, 36.369593576254978 ], [ 127.331650015733828, 36.370084270438809 ], [ 127.331728174072097, 36.370421820976851 ], [ 127.331948206349537, 36.370872490491251 ], [ 127.331908256707607, 36.370982741522432 ], [ 127.33174825699183, 36.371097550587606 ], [ 127.331483681893801, 36.371279470307208 ], [ 127.331193070523312, 36.37140482273692 ], [ 127.33105989780843, 36.371465685433257 ], [ 127.330416009108816, 36.371673241593747 ], [ 127.330104678526908, 36.371864668246474 ], [ 127.330099673583746, 36.371869548265984 ], [ 127.330087532784745, 36.37188159423431 ], [ 127.329824432648905, 36.372142710036968 ], [ 127.329745380514026, 36.372264521256909 ], [ 127.329629836865152, 36.372671031112475 ], [ 127.32954405647439, 36.37285751012088 ], [ 127.329533340158221, 36.372895388736104 ], [ 127.329384209006847, 36.37320406905868 ], [ 127.329345601833126, 36.373802874032371 ], [ 127.329192255544768, 36.37441680889571 ], [ 127.3289878507005, 36.37480865623143 ], [ 127.328652933541605, 36.375212629371113 ], [ 127.328394557585128, 36.375389731484027 ], [ 127.328208393309694, 36.375513412128605 ], [ 127.328092726488364, 36.375573773061895 ], [ 127.327817218584755, 36.375707718041873 ], [ 127.327664942113032, 36.375775550410864 ], [ 127.327274427238436, 36.37594422409181 ], [ 127.327005221624518, 36.376058954853221 ], [ 127.326717924070707, 36.376177907453332 ], [ 127.326537567596134, 36.376375492386813 ], [ 127.326431078855222, 36.376486175022265 ], [ 127.326384855640981, 36.376537568425981 ], [ 127.326091275178541, 36.376829442683125 ], [ 127.325659801033112, 36.376980108660298 ], [ 127.325456598188154, 36.377100749689369 ], [ 127.325238986996027, 36.377256636965832 ], [ 127.325213593149982, 36.377232205906978 ], [ 127.325159099849301, 36.377179822337503 ], [ 127.325014746527685, 36.377413255106724 ], [ 127.324984586660804, 36.377450013709691 ], [ 127.324925328758923, 36.377537587311707 ], [ 127.324863118882078, 36.377639316848153 ], [ 127.324782698125745, 36.377783631126533 ], [ 127.324639962700459, 36.378058332433113 ], [ 127.324388985355071, 36.378541405094509 ], [ 127.324076528791792, 36.379142335733029 ], [ 127.32397989386304, 36.379328147100317 ], [ 127.323507553668591, 36.380237615952822 ], [ 127.323377316098956, 36.380491374586512 ], [ 127.323357907285569, 36.380595241501929 ], [ 127.323258942901646, 36.380784572841065 ], [ 127.323109888195006, 36.381070102727676 ], [ 127.323009597469138, 36.381262140958668 ], [ 127.322900951493068, 36.381401302738212 ], [ 127.322529647443531, 36.382115483979092 ], [ 127.322508255883193, 36.382225663868965 ], [ 127.321883637142008, 36.3832156484347 ], [ 127.321730435783962, 36.383416118196358 ] ] ] ] } },
{ "type": "Feature", "properties": { "EMD_CD": "30200122", "EMD_ENG_NM": "Gung-dong", "EMD_KOR_NM": "궁동" }, "geometry": { "type": "MultiPolygon", "coordinates": [ [ [ [ 127.353133564188894, 36.360373705131892 ], [ 127.353175035119051, 36.360351810594352 ], [ 127.352789702692903, 36.360092119401557 ], [ 127.352392842295572, 36.359902480615283 ], [ 127.351820685855543, 36.359723628807984 ], [ 127.35118550835675, 36.359450993281776 ], [ 127.350775944488717, 36.359401095087627 ], [ 127.350498860703084, 36.359402806223414 ], [ 127.350148666841875, 36.359399682989796 ], [ 127.349906662854337, 36.359397505587417 ], [ 127.349516198912184, 36.359408376198452 ], [ 127.348915894943076, 36.359459416970687 ], [ 127.348842052669795, 36.359465399003334 ], [ 127.348341196011773, 36.359505964551744 ], [ 127.347675308540587, 36.359541418574153 ], [ 127.347487075777124, 36.359580263911418 ], [ 127.347070647983656, 36.359666179036886 ], [ 127.346489778011005, 36.359779151805157 ], [ 127.346192690715569, 36.359767572671124 ], [ 127.346111137364915, 36.359768348362053 ], [ 127.345529632260352, 36.359737672602634 ], [ 127.345269700202437, 36.359738150780608 ], [ 127.344764793565929, 36.359719956666261 ], [ 127.344073147648317, 36.359725906453072 ], [ 127.343454195824094, 36.359717946685727 ], [ 127.343286171158255, 36.359715814017257 ], [ 127.342625385458717, 36.359721217490211 ], [ 127.342474440318867, 36.359624682541394 ], [ 127.342127091374138, 36.359430749993322 ], [ 127.342087857584772, 36.359427257417671 ], [ 127.34191940931683, 36.359353390899898 ], [ 127.341911535185318, 36.35931051790709 ], [ 127.341682088395658, 36.359198435645226 ], [ 127.341737640683647, 36.358830059731176 ], [ 127.340694180816783, 36.358919087645511 ], [ 127.340239495230549, 36.359176129481938 ], [ 127.339939687058489, 36.359435884404057 ], [ 127.339729371574975, 36.359830741725617 ], [ 127.33990610223573, 36.360325432751871 ], [ 127.340078108658844, 36.360603316530685 ], [ 127.340094377187185, 36.360629494670142 ], [ 127.340389607524372, 36.361060317158646 ], [ 127.340521083875828, 36.361497731305342 ], [ 127.340619918398289, 36.36193559898507 ], [ 127.340613518797497, 36.362669168180226 ], [ 127.340606593590508, 36.363050381710664 ], [ 127.340601017877489, 36.363229189522791 ], [ 127.340612387281027, 36.363487070995866 ], [ 127.340610920423202, 36.363611076578863 ], [ 127.34062951331174, 36.36371821715565 ], [ 127.340638918875683, 36.363772395672584 ], [ 127.340666978719838, 36.363850294264942 ], [ 127.340842488874046, 36.36433757135238 ], [ 127.340805147932855, 36.364667955185844 ], [ 127.340651321498328, 36.364910174706338 ], [ 127.340303911798301, 36.365143572106078 ], [ 127.339951513461187, 36.365331923008675 ], [ 127.339730879861392, 36.365457540605512 ], [ 127.339535793407819, 36.365562113701721 ], [ 127.339366140915189, 36.365653043846947 ], [ 127.339282119094548, 36.365695132331389 ], [ 127.339281652071818, 36.365775148058702 ], [ 127.339273056025178, 36.365967184306967 ], [ 127.339270544164947, 36.366012510818244 ], [ 127.339268502234518, 36.366050545476313 ], [ 127.339264809490388, 36.366119162359183 ], [ 127.339260481112277, 36.366218509793647 ], [ 127.339204906995036, 36.366320210957909 ], [ 127.339147402277376, 36.366423953244023 ], [ 127.33912236014821, 36.366469127430477 ], [ 127.339015410720563, 36.366672264842975 ], [ 127.33890015651761, 36.366936830235851 ], [ 127.338894927902544, 36.366954265054474 ], [ 127.338880318565316, 36.36700296033942 ], [ 127.338838138282995, 36.36714355268699 ], [ 127.33881611365841, 36.367216934425961 ], [ 127.338741440872312, 36.367269908616677 ], [ 127.338709492602661, 36.367292572877389 ], [ 127.33867646591014, 36.36731599745427 ], [ 127.338688299463257, 36.367385723606795 ], [ 127.338748348079605, 36.367458160526581 ], [ 127.338851465387549, 36.367582510335765 ], [ 127.339009293107566, 36.36776349654825 ], [ 127.33907881138623, 36.367868916985209 ], [ 127.339122130290534, 36.367922314967942 ], [ 127.339159720309553, 36.367964608200637 ], [ 127.339164734629961, 36.367969848402907 ], [ 127.339231032212481, 36.368039059769323 ], [ 127.339227683078562, 36.368058083846876 ], [ 127.339210450559847, 36.368260426315913 ], [ 127.339270559285609, 36.368454836644624 ], [ 127.339267032916553, 36.368538835654761 ], [ 127.339170290752634, 36.368727028780249 ], [ 127.33912296811782, 36.368977435146498 ], [ 127.339156603581941, 36.369097519745722 ], [ 127.339184602492566, 36.369197442944355 ], [ 127.339204263085236, 36.369242103562229 ], [ 127.339267158377595, 36.369384923009868 ], [ 127.339339336719647, 36.369571665902662 ], [ 127.339372330811358, 36.369751869072388 ], [ 127.339378853639502, 36.369781237188484 ], [ 127.33941636630891, 36.369911314122206 ], [ 127.339454985860073, 36.37004471288185 ], [ 127.339463030761166, 36.370248110128124 ], [ 127.339428877822399, 36.370415805403795 ], [ 127.339442003523502, 36.370505903295026 ], [ 127.339484850910836, 36.370823065046274 ], [ 127.339468217512334, 36.370857428691707 ], [ 127.33935045211291, 36.371103960300921 ], [ 127.339291719663365, 36.371220764087454 ], [ 127.339192737819374, 36.371417616011691 ], [ 127.339215318010602, 36.371451813802544 ], [ 127.339368138616166, 36.37167648442923 ], [ 127.339501088048237, 36.371882268789932 ], [ 127.33962007548773, 36.372069734808655 ], [ 127.339665583176881, 36.372141438404967 ], [ 127.339759748012241, 36.372389379604584 ], [ 127.339827429260637, 36.372460551492885 ], [ 127.339886512446384, 36.372522447582931 ], [ 127.34006771747454, 36.372579347424455 ], [ 127.34010916680846, 36.372588475518725 ], [ 127.34009442303136, 36.372549902540278 ], [ 127.340185134290465, 36.372666391927552 ], [ 127.340267133678282, 36.372778012041387 ], [ 127.340328277973342, 36.372860268158099 ], [ 127.340428916707438, 36.372997032648726 ], [ 127.340436046083596, 36.373006663394875 ], [ 127.340487048770811, 36.373075683005744 ], [ 127.340508656859342, 36.373116877817182 ], [ 127.340534787855503, 36.373168295765112 ], [ 127.340547185515774, 36.373192691659241 ], [ 127.340635306441285, 36.373343756316892 ], [ 127.340649026998136, 36.373367282200491 ], [ 127.340679106947221, 36.373417013257445 ], [ 127.340747316364855, 36.373529790065142 ], [ 127.340855001051423, 36.373707833932876 ], [ 127.341058196252106, 36.374046897642167 ], [ 127.341174162390629, 36.374153085914706 ], [ 127.341250779376992, 36.374223230404631 ], [ 127.341251276654219, 36.374314526369211 ], [ 127.341327272990597, 36.374408563240671 ], [ 127.341279691344567, 36.374449846346259 ], [ 127.341259330783316, 36.374467512482695 ], [ 127.341288152544209, 36.374694137307429 ], [ 127.341297892404029, 36.374768275106497 ], [ 127.341347324992057, 36.375144669042442 ], [ 127.341428749395746, 36.375228299534307 ], [ 127.341472788663026, 36.375276756281906 ], [ 127.341516510161966, 36.375318725174544 ], [ 127.341559679849411, 36.375379764286862 ], [ 127.341621585950477, 36.375467308205096 ], [ 127.34164047462852, 36.375684741136567 ], [ 127.341684521982998, 36.375988345326604 ], [ 127.341707753449555, 36.37612556226469 ], [ 127.34187094365079, 36.376342729144092 ], [ 127.342003214584565, 36.376599085515814 ], [ 127.341986107822365, 36.376670298894545 ], [ 127.341964483557845, 36.376861128478765 ], [ 127.341955339413218, 36.376941430889914 ], [ 127.341946022645146, 36.37702327378377 ], [ 127.341943490598382, 36.377112361416913 ], [ 127.34194013885498, 36.377230514187495 ], [ 127.341941459194274, 36.377244541055042 ], [ 127.341970399644453, 36.377550998966086 ], [ 127.34201226716273, 36.378149155134764 ], [ 127.342070462026086, 36.37848378967162 ], [ 127.342091104804325, 36.378520570786421 ], [ 127.34211203815569, 36.378506191362078 ], [ 127.342114571364419, 36.378504453886883 ], [ 127.342157386382681, 36.378498862004506 ], [ 127.342337675967556, 36.378475322640753 ], [ 127.342477891582931, 36.378457016249428 ], [ 127.34248715869137, 36.378455809713984 ], [ 127.342517732358459, 36.378451820558688 ], [ 127.342548272557835, 36.378447840366377 ], [ 127.342732377312345, 36.378422514141697 ], [ 127.342773385122854, 36.378416872757462 ], [ 127.342796786295125, 36.378413652022886 ], [ 127.342836045461382, 36.378408258919883 ], [ 127.343067940532592, 36.378093134799386 ], [ 127.34330462235171, 36.377886910561408 ], [ 127.343458354536935, 36.377662449996173 ], [ 127.343566298077178, 36.377504842981587 ], [ 127.344150451049714, 36.377296261233319 ], [ 127.344273741584232, 36.377395981305014 ], [ 127.344498002993404, 36.377539857481963 ], [ 127.344683998157308, 36.377658890041047 ], [ 127.344926151230425, 36.37766933268329 ], [ 127.345759619621433, 36.377675909548742 ], [ 127.345781566097799, 36.37704196680712 ], [ 127.347117630168484, 36.376412068554323 ], [ 127.347364831647951, 36.376468577368335 ], [ 127.34870071382602, 36.376003395943528 ], [ 127.348637612933743, 36.375170000862006 ], [ 127.348752978652271, 36.374549212884581 ], [ 127.348935305839703, 36.37420209416203 ], [ 127.349200726177898, 36.37417194388172 ], [ 127.349272340357302, 36.373937657883673 ], [ 127.349308146684621, 36.373820536951449 ], [ 127.349237576959823, 36.373513174707796 ], [ 127.349662550283213, 36.373328368843381 ], [ 127.350013960977421, 36.37326561483777 ], [ 127.350092395163898, 36.373037300581316 ], [ 127.349997147981171, 36.372144612827142 ], [ 127.350212958618172, 36.371437108624384 ], [ 127.350238663525431, 36.371306778860387 ], [ 127.350195026206805, 36.371154419842213 ], [ 127.349840070385412, 36.370889602164084 ], [ 127.349780447333089, 36.370493100654173 ], [ 127.349387631007403, 36.370293455715348 ], [ 127.349321826964825, 36.370260016176715 ], [ 127.349132810071694, 36.370150740515449 ], [ 127.348987873230868, 36.370055909260074 ], [ 127.348845797812686, 36.369940224555563 ], [ 127.348632046629348, 36.369766173023528 ], [ 127.348579516961678, 36.369545179237733 ], [ 127.34844649582935, 36.368903574724435 ], [ 127.348443473779341, 36.368258032798536 ], [ 127.348432474865945, 36.367971628261287 ], [ 127.348561601769774, 36.367415665742222 ], [ 127.348872302213877, 36.367048906955326 ], [ 127.348908773866583, 36.366828898634637 ], [ 127.348922349316382, 36.366676759934109 ], [ 127.348917064726507, 36.366340279858328 ], [ 127.348856085844702, 36.365932678904194 ], [ 127.348817103128439, 36.365510054018316 ], [ 127.34862000699853, 36.36488602839988 ], [ 127.348945060155586, 36.364574459581362 ], [ 127.349774502986719, 36.364466437351332 ], [ 127.349965988975171, 36.364577686869673 ], [ 127.35000169677042, 36.364736971570608 ], [ 127.350047133813035, 36.364769047077324 ], [ 127.35008115763641, 36.36479306283325 ], [ 127.350085824517279, 36.364785164112533 ], [ 127.35009029279199, 36.364772760183861 ], [ 127.350121121151176, 36.36478452095951 ], [ 127.350113515717965, 36.364815570009071 ], [ 127.350196979585149, 36.364842288938917 ], [ 127.350236367517525, 36.364734881578642 ], [ 127.351898397408007, 36.365685535157979 ], [ 127.351976079389388, 36.365886105151411 ], [ 127.352633478616426, 36.3651105769572 ], [ 127.352675904420479, 36.36505750882165 ], [ 127.352691672347447, 36.365035501322375 ], [ 127.35271534654153, 36.36500247612345 ], [ 127.352752008475704, 36.364946324755891 ], [ 127.352786212904562, 36.364888774746618 ], [ 127.352816424935341, 36.364830398464008 ], [ 127.352843490077817, 36.364770895851088 ], [ 127.352867239418956, 36.364709997141794 ], [ 127.352887164754421, 36.364648830424379 ], [ 127.352904289890844, 36.364586536010506 ], [ 127.352916238494174, 36.364532998952178 ], [ 127.352988972537389, 36.364175697639261 ], [ 127.35300511114697, 36.364087506366559 ], [ 127.353006979623615, 36.364076795780107 ], [ 127.353028353636191, 36.363951137014709 ], [ 127.353047976968753, 36.363825194789946 ], [ 127.353063994928789, 36.363707717075982 ], [ 127.353166379595478, 36.362860597567362 ], [ 127.353176728363849, 36.36276115875787 ], [ 127.353180871221625, 36.362716088176548 ], [ 127.353213514087727, 36.362309340079804 ], [ 127.353225209798467, 36.362162577876973 ], [ 127.353234767947143, 36.362040891851322 ], [ 127.353237889629355, 36.362001744867818 ], [ 127.353242679926012, 36.361942028782899 ], [ 127.35324467691234, 36.361922872790672 ], [ 127.353247345470891, 36.361896957038319 ], [ 127.353250730461554, 36.361874129022233 ], [ 127.353253928209398, 36.361851878656083 ], [ 127.353263131534248, 36.361807351655564 ], [ 127.353268090077265, 36.361787628665752 ], [ 127.353274071998584, 36.361762541022685 ], [ 127.353286932498037, 36.361718571195013 ], [ 127.353301007948758, 36.361674597463036 ], [ 127.353312365834554, 36.361643590709775 ], [ 127.353316834530929, 36.361631186653661 ], [ 127.35333527223591, 36.361588606686055 ], [ 127.353347513368362, 36.361563229292528 ], [ 127.353355793761082, 36.36154630877359 ], [ 127.353377714256766, 36.3615051232794 ], [ 127.353392229235496, 36.361479739683752 ], [ 127.353424696223925, 36.361422753465249 ], [ 127.353447331950562, 36.361384666509892 ], [ 127.353503139008353, 36.361290167556007 ], [ 127.353558769303959, 36.361195940618465 ], [ 127.353614577223354, 36.361101432594971 ], [ 127.353670727728598, 36.36100664459083 ], [ 127.353690432687799, 36.360973360032418 ], [ 127.353700972272094, 36.360955864399365 ], [ 127.353705285845749, 36.360948813436941 ], [ 127.353721890715178, 36.360925109234074 ], [ 127.353740596764922, 36.360902524625757 ], [ 127.353761571229356, 36.360881627783421 ], [ 127.353785162478502, 36.360862687793244 ], [ 127.353799912653088, 36.360852506081585 ], [ 127.353811021572099, 36.36084514707516 ], [ 127.353812735082371, 36.360607179692032 ], [ 127.353547306487641, 36.360543285212223 ], [ 127.353414854772808, 36.360511377293172 ], [ 127.353384026072291, 36.360503952831074 ], [ 127.353208027235041, 36.360468532424719 ], [ 127.35310288816801, 36.36044737546915 ], [ 127.352831522986818, 36.36040816230723 ], [ 127.352481925544367, 36.360372746530416 ], [ 127.352439958137694, 36.360368471414169 ], [ 127.352436939549804, 36.360165123307084 ], [ 127.352436653710015, 36.360146091591595 ], [ 127.353133564188894, 36.360373705131892 ] ] ] ] } },
{ "type": "Feature", "properties": { "EMD_CD": "30200123", "EMD_ENG_NM": "Eoeun-dong", "EMD_KOR_NM": "어은동" }, "geometry": { "type": "MultiPolygon", "coordinates": [ [ [ [ 127.36241423664255, 36.376795465981282 ], [ 127.362153501684062, 36.376404804910216 ], [ 127.36212691127426, 36.376416735405421 ], [ 127.362108673333964, 36.376424909945449 ], [ 127.362104834105779, 36.376358487910032 ], [ 127.362091119980619, 36.376308694803903 ], [ 127.36208371016312, 36.376258378050011 ], [ 127.362084399786525, 36.376258015537807 ], [ 127.362105046338414, 36.376247644076514 ], [ 127.362297557958314, 36.376150907986741 ], [ 127.36262072996314, 36.376058679711946 ], [ 127.363079499198648, 36.375927758958049 ], [ 127.363226672462517, 36.37589537598538 ], [ 127.363470730814399, 36.375841675402711 ], [ 127.364155460201005, 36.375691005442917 ], [ 127.364637015285453, 36.375600867592787 ], [ 127.365059423215385, 36.375493155256294 ], [ 127.365091594292338, 36.375480909531703 ], [ 127.365223616308938, 36.375430655588474 ], [ 127.365494693150808, 36.375321284205022 ], [ 127.363965294113015, 36.37494478628075 ], [ 127.363659222103692, 36.374765202074883 ], [ 127.363451936415416, 36.374709787294933 ], [ 127.363291491194772, 36.374693655552022 ], [ 127.363036483566788, 36.374709359800299 ], [ 127.362419089105799, 36.374755717128522 ], [ 127.361240130895936, 36.374834745723746 ], [ 127.361205254511972, 36.37478698044761 ], [ 127.36056889968502, 36.374837612562324 ], [ 127.36057696160502, 36.374470083301446 ], [ 127.361030724865657, 36.374470683390889 ], [ 127.361028795288959, 36.373521086030145 ], [ 127.361614437498034, 36.373047624537335 ], [ 127.361251594493964, 36.372750206956333 ], [ 127.361186401518438, 36.371636047977489 ], [ 127.360913771284672, 36.371493529021357 ], [ 127.360851174773188, 36.371511741119917 ], [ 127.360653138932463, 36.371534306690776 ], [ 127.360568306382035, 36.371524982204178 ], [ 127.360477930368802, 36.371524127312263 ], [ 127.360346170134804, 36.371533255714574 ], [ 127.360309354199103, 36.371516748457267 ], [ 127.360257979148258, 36.371513244796859 ], [ 127.360208262116714, 36.371531137312694 ], [ 127.360145266626006, 36.371538085739559 ], [ 127.359974801326004, 36.371572949931497 ], [ 127.359907043836373, 36.371569214856905 ], [ 127.359860105269206, 36.371546826498225 ], [ 127.359813204554925, 36.371493735618081 ], [ 127.359810143962903, 36.371433763032172 ], [ 127.358458714705009, 36.371481460427177 ], [ 127.35845043375086, 36.371498102697636 ], [ 127.358295957422882, 36.371488985303444 ], [ 127.358252611791812, 36.371455320660452 ], [ 127.358174932660845, 36.371411620451603 ], [ 127.358063559508281, 36.371385485756356 ], [ 127.358242745483381, 36.371315110808276 ], [ 127.358733468673378, 36.371138755454467 ], [ 127.358987800715028, 36.370977757961732 ], [ 127.358925286007505, 36.370441471476141 ], [ 127.358888669577055, 36.370127299078831 ], [ 127.358851768369803, 36.369938165123564 ], [ 127.358822117926834, 36.369811810741439 ], [ 127.358814207765874, 36.369758602825101 ], [ 127.358815262704439, 36.369721147254147 ], [ 127.358825982936665, 36.369667612688666 ], [ 127.358850191383596, 36.369593473493353 ], [ 127.358892557081745, 36.369491118191142 ], [ 127.35902305478136, 36.369206581004242 ], [ 127.359089390410091, 36.369053463714167 ], [ 127.359114831382186, 36.369022126139171 ], [ 127.35915095589381, 36.369000056408822 ], [ 127.359193902055182, 36.368988095551344 ], [ 127.359260028709414, 36.368981986166318 ], [ 127.359336459638484, 36.36897978362019 ], [ 127.359444595586041, 36.368983406551429 ], [ 127.359520193818113, 36.368991624603403 ], [ 127.359573184615485, 36.369004982437296 ], [ 127.359653781211875, 36.369039102836659 ], [ 127.359753982320939, 36.369095683755745 ], [ 127.359950390331534, 36.369212814560768 ], [ 127.360203337710999, 36.369359052943111 ], [ 127.360259851135922, 36.369380007335977 ], [ 127.360299924272397, 36.369385518875497 ], [ 127.360540912277017, 36.369276086988087 ], [ 127.36063443841698, 36.369208786148803 ], [ 127.360672467700823, 36.369186710991833 ], [ 127.360736473766522, 36.36917215364435 ], [ 127.360905293201711, 36.369156154564557 ], [ 127.360952949312562, 36.369145873661928 ], [ 127.361013603820822, 36.369122314938416 ], [ 127.361117810759453, 36.369066245835484 ], [ 127.361167047374209, 36.369021886103674 ], [ 127.361269324642905, 36.368885556647847 ], [ 127.361286490494564, 36.368833407857686 ], [ 127.361308627919456, 36.368801232921989 ], [ 127.361323384400961, 36.368792177217763 ], [ 127.36143308152775, 36.368793540942214 ], [ 127.361473259618165, 36.368783281718009 ], [ 127.361509893121138, 36.36876289502883 ], [ 127.361603396484739, 36.368688825598696 ], [ 127.361605242548904, 36.368371158636229 ], [ 127.361615521732958, 36.368333675062537 ], [ 127.361643892444476, 36.368295290395096 ], [ 127.361692749783117, 36.368279931371198 ], [ 127.361757300371039, 36.368270166653524 ], [ 127.361797451863666, 36.368256527445439 ], [ 127.361834943633468, 36.368231632195908 ], [ 127.361879318266517, 36.368188973080592 ], [ 127.361918808527022, 36.368142948234556 ], [ 127.36194574075968, 36.368094717086727 ], [ 127.361959943188864, 36.368040604801394 ], [ 127.36196004847298, 36.367988499091169 ], [ 127.361946050877862, 36.367934759563994 ], [ 127.361840538562475, 36.367707533222259 ], [ 127.36182561540943, 36.367680255261178 ], [ 127.361804061892073, 36.367650473205885 ], [ 127.361743045894656, 36.367595181234911 ], [ 127.361717040992318, 36.367581174371296 ], [ 127.361690713099676, 36.367574494775056 ], [ 127.361661127950015, 36.367576558023629 ], [ 127.361622173267321, 36.36758624537147 ], [ 127.361212202882058, 36.367747158831122 ], [ 127.361167493581092, 36.367755745716536 ], [ 127.36110013207076, 36.367759886664949 ], [ 127.360894453040231, 36.367707562446597 ], [ 127.360510823168028, 36.367730397923708 ], [ 127.360431402680277, 36.36783821755477 ], [ 127.360208062480112, 36.367807906546496 ], [ 127.359922977364164, 36.367791306407447 ], [ 127.359905463915226, 36.367655904427927 ], [ 127.359858001109984, 36.367557477535435 ], [ 127.35958662418804, 36.367264284835819 ], [ 127.359542393978558, 36.367185286057072 ], [ 127.359463519703297, 36.367108644164389 ], [ 127.359985491160572, 36.366028607838082 ], [ 127.360901172034929, 36.364133856533684 ], [ 127.360936645766699, 36.364060547785492 ], [ 127.360787354354144, 36.363983568749752 ], [ 127.360727031818257, 36.363952470569437 ], [ 127.360606499391153, 36.363890319326565 ], [ 127.360394729673772, 36.363754338358497 ], [ 127.360172791311655, 36.363611718724492 ], [ 127.360098213988735, 36.36355525948688 ], [ 127.359941760999419, 36.363437324213166 ], [ 127.35981992389253, 36.363345491276817 ], [ 127.359583455812441, 36.363182647266484 ], [ 127.359547811111696, 36.363158107590245 ], [ 127.359515486216182, 36.363135846413975 ], [ 127.359394066533653, 36.363052221087742 ], [ 127.359361216258037, 36.363029601336308 ], [ 127.359352039598875, 36.363023285103154 ], [ 127.359316637598425, 36.36299102041388 ], [ 127.35918913144387, 36.362874809856422 ], [ 127.359012396612471, 36.362770361371844 ], [ 127.358956413141314, 36.362737266965539 ], [ 127.358954983311847, 36.362736505268181 ], [ 127.358932175071942, 36.362724362365164 ], [ 127.358396393552098, 36.36243750073627 ], [ 127.358341786792479, 36.362408267150279 ], [ 127.358162753374216, 36.362312404452396 ], [ 127.35792091706827, 36.362182925429934 ], [ 127.357686609171481, 36.362057469500606 ], [ 127.357758908788597, 36.362057298643151 ], [ 127.357808988019315, 36.362056473560848 ], [ 127.357875159756404, 36.362093070584919 ], [ 127.35788721250249, 36.362097279900546 ], [ 127.357923491004001, 36.36214639301064 ], [ 127.357966189939717, 36.362149357152717 ], [ 127.358030172668279, 36.362172587141686 ], [ 127.358054184920022, 36.362185068836062 ], [ 127.358343861026995, 36.362196505031569 ], [ 127.358914767340721, 36.362201908863099 ], [ 127.358856941048089, 36.362141127042705 ], [ 127.358776743138947, 36.362056332300817 ], [ 127.358738710109989, 36.362013703880208 ], [ 127.358660167778496, 36.361925209343021 ], [ 127.358590360041703, 36.361846431099153 ], [ 127.358538662446676, 36.361788153695755 ], [ 127.358423085488383, 36.361619268293161 ], [ 127.358319722258358, 36.36143873968792 ], [ 127.358273523101658, 36.361357025295646 ], [ 127.358235318952197, 36.36126212924129 ], [ 127.358188350290618, 36.361146081719639 ], [ 127.357706301862763, 36.360975577287398 ], [ 127.357337220785524, 36.360846241398896 ], [ 127.357076724145131, 36.360833589408422 ], [ 127.356290148529695, 36.360779514360829 ], [ 127.355835506444464, 36.360747097314345 ], [ 127.35518196121545, 36.360726882649047 ], [ 127.354783253966062, 36.360702261613284 ], [ 127.354105536477576, 36.360673182672997 ], [ 127.354101869658962, 36.360673022185416 ], [ 127.35397589266347, 36.360668716990325 ], [ 127.353966733259739, 36.360668400965515 ], [ 127.353960297878743, 36.360666969500706 ], [ 127.353909217041689, 36.360655612025859 ], [ 127.353823634423932, 36.360600406421469 ], [ 127.35381096226628, 36.360592135426096 ], [ 127.353138897713151, 36.360375437286933 ], [ 127.353133564188894, 36.360373705131892 ], [ 127.352436653710015, 36.360146091591595 ], [ 127.352436939549804, 36.360165123307084 ], [ 127.352439958137694, 36.360368471414169 ], [ 127.352481925544367, 36.360372746530416 ], [ 127.352831522986818, 36.36040816230723 ], [ 127.35310288816801, 36.36044737546915 ], [ 127.353208027235041, 36.360468532424719 ], [ 127.353384026072291, 36.360503952831074 ], [ 127.353414854772808, 36.360511377293172 ], [ 127.353547306487641, 36.360543285212223 ], [ 127.353812735082371, 36.360607179692032 ], [ 127.353811021572099, 36.36084514707516 ], [ 127.353799912653088, 36.360852506081585 ], [ 127.353785162478502, 36.360862687793244 ], [ 127.353761571229356, 36.360881627783421 ], [ 127.353740596764922, 36.360902524625757 ], [ 127.353721890715178, 36.360925109234074 ], [ 127.353705285845749, 36.360948813436941 ], [ 127.353700972272094, 36.360955864399365 ], [ 127.353690432687799, 36.360973360032418 ], [ 127.353670727728598, 36.36100664459083 ], [ 127.353614577223354, 36.361101432594971 ], [ 127.353558769303959, 36.361195940618465 ], [ 127.353503139008353, 36.361290167556007 ], [ 127.353447331950562, 36.361384666509892 ], [ 127.353424696223925, 36.361422753465249 ], [ 127.353392229235496, 36.361479739683752 ], [ 127.353377714256766, 36.3615051232794 ], [ 127.353355793761082, 36.36154630877359 ], [ 127.353347513368362, 36.361563229292528 ], [ 127.35333527223591, 36.361588606686055 ], [ 127.353316834530929, 36.361631186653661 ], [ 127.353312365834554, 36.361643590709775 ], [ 127.353301007948758, 36.361674597463036 ], [ 127.353286932498037, 36.361718571195013 ], [ 127.353274071998584, 36.361762541022685 ], [ 127.353268090077265, 36.361787628665752 ], [ 127.353263131534248, 36.361807351655564 ], [ 127.353253928209398, 36.361851878656083 ], [ 127.353250730461554, 36.361874129022233 ], [ 127.353247345470891, 36.361896957038319 ], [ 127.35324467691234, 36.361922872790672 ], [ 127.353242679926012, 36.361942028782899 ], [ 127.353237889629355, 36.362001744867818 ], [ 127.353234767947143, 36.362040891851322 ], [ 127.353225209798467, 36.362162577876973 ], [ 127.353213514087727, 36.362309340079804 ], [ 127.353180871221625, 36.362716088176548 ], [ 127.353176728363849, 36.36276115875787 ], [ 127.353166379595478, 36.362860597567362 ], [ 127.353063994928789, 36.363707717075982 ], [ 127.353047976968753, 36.363825194789946 ], [ 127.353028353636191, 36.363951137014709 ], [ 127.353006979623615, 36.364076795780107 ], [ 127.35300511114697, 36.364087506366559 ], [ 127.352988972537389, 36.364175697639261 ], [ 127.352916238494174, 36.364532998952178 ], [ 127.352904289890844, 36.364586536010506 ], [ 127.352887164754421, 36.364648830424379 ], [ 127.352867239418956, 36.364709997141794 ], [ 127.352843490077817, 36.364770895851088 ], [ 127.352816424935341, 36.364830398464008 ], [ 127.352786212904562, 36.364888774746618 ], [ 127.352752008475704, 36.364946324755891 ], [ 127.35271534654153, 36.36500247612345 ], [ 127.352691672347447, 36.365035501322375 ], [ 127.352675904420479, 36.36505750882165 ], [ 127.352633478616426, 36.3651105769572 ], [ 127.351976079389388, 36.365886105151411 ], [ 127.351898397408007, 36.365685535157979 ], [ 127.350236367517525, 36.364734881578642 ], [ 127.350196979585149, 36.364842288938917 ], [ 127.350113515717965, 36.364815570009071 ], [ 127.350121121151176, 36.36478452095951 ], [ 127.35009029279199, 36.364772760183861 ], [ 127.350085824517279, 36.364785164112533 ], [ 127.35008115763641, 36.36479306283325 ], [ 127.350047133813035, 36.364769047077324 ], [ 127.35000169677042, 36.364736971570608 ], [ 127.349965988975171, 36.364577686869673 ], [ 127.349774502986719, 36.364466437351332 ], [ 127.348945060155586, 36.364574459581362 ], [ 127.34862000699853, 36.36488602839988 ], [ 127.348817103128439, 36.365510054018316 ], [ 127.348856085844702, 36.365932678904194 ], [ 127.348917064726507, 36.366340279858328 ], [ 127.348922349316382, 36.366676759934109 ], [ 127.348908773866583, 36.366828898634637 ], [ 127.348872302213877, 36.367048906955326 ], [ 127.348561601769774, 36.367415665742222 ], [ 127.348432474865945, 36.367971628261287 ], [ 127.348443473779341, 36.368258032798536 ], [ 127.34844649582935, 36.368903574724435 ], [ 127.348579516961678, 36.369545179237733 ], [ 127.348632046629348, 36.369766173023528 ], [ 127.348845797812686, 36.369940224555563 ], [ 127.348987873230868, 36.370055909260074 ], [ 127.349132810071694, 36.370150740515449 ], [ 127.349321826964825, 36.370260016176715 ], [ 127.349387631007403, 36.370293455715348 ], [ 127.349780447333089, 36.370493100654173 ], [ 127.349840070385412, 36.370889602164084 ], [ 127.350195026206805, 36.371154419842213 ], [ 127.350238663525431, 36.371306778860387 ], [ 127.350212958618172, 36.371437108624384 ], [ 127.351016958425106, 36.371365098890656 ], [ 127.351134250079895, 36.371354572410752 ], [ 127.351411895169832, 36.371493620220889 ], [ 127.352052111121012, 36.371650078281775 ], [ 127.352047965580439, 36.371694788139045 ], [ 127.352025850067193, 36.371931653099317 ], [ 127.351884582323777, 36.371923343595874 ], [ 127.351937704692546, 36.372003446221896 ], [ 127.351947172297173, 36.372134087216907 ], [ 127.351947416105432, 36.37218843632099 ], [ 127.351935605951397, 36.372350401422281 ], [ 127.351917013145041, 36.372475772096877 ], [ 127.351911157227505, 36.372529300381217 ], [ 127.3519039671869, 36.372672940424373 ], [ 127.351905803917191, 36.372888655640011 ], [ 127.35191100956807, 36.373000718844537 ], [ 127.351907579632993, 36.373336584391382 ], [ 127.351907379498343, 36.373356690082154 ], [ 127.351903000736499, 36.373428796250451 ], [ 127.351893226611438, 36.373463465905317 ], [ 127.351889127921353, 36.373473705770195 ], [ 127.351852073623562, 36.373565246790157 ], [ 127.3517711477229, 36.373729108627636 ], [ 127.3517309399342, 36.373770905495924 ], [ 127.351692400585691, 36.373797206226278 ], [ 127.3515987579963, 36.373843944951922 ], [ 127.351543536103748, 36.373875089364915 ], [ 127.351511438657582, 36.373901650548923 ], [ 127.351449801370137, 36.373978429564929 ], [ 127.351357618651178, 36.374079801794771 ], [ 127.351322302611109, 36.37412664873348 ], [ 127.351314380009185, 36.37414441606073 ], [ 127.35130583917288, 36.374180487290282 ], [ 127.351298491537989, 36.374251754876596 ], [ 127.351276729627742, 36.374292091754697 ], [ 127.351225502768017, 36.374322097899316 ], [ 127.351193235535973, 36.374348100734494 ], [ 127.351170218878835, 36.374379420707164 ], [ 127.351158357435608, 36.374415789759801 ], [ 127.351155723142085, 36.374487044332305 ], [ 127.351170118569641, 36.37463090887416 ], [ 127.351189394230929, 36.374774471226402 ], [ 127.351222605469587, 36.374879702690926 ], [ 127.351291773801378, 36.375046215816191 ], [ 127.351333070585127, 36.375130290372653 ], [ 127.351373932610613, 36.375194667727577 ], [ 127.351417896926932, 36.375252267651504 ], [ 127.3513377741385, 36.3754017534471 ], [ 127.351339155905364, 36.375439210171372 ], [ 127.351357937375056, 36.375472381246702 ], [ 127.351414915359143, 36.375519525341765 ], [ 127.351495763671437, 36.375571665007698 ], [ 127.351574479270639, 36.375612833922432 ], [ 127.351829434093546, 36.375815416418476 ], [ 127.351972593569187, 36.375900886744397 ], [ 127.352148499706729, 36.376024848106681 ], [ 127.352247202802118, 36.376253508500888 ], [ 127.352267901288997, 36.37628667370997 ], [ 127.352299541159084, 36.376314463228873 ], [ 127.352337933763962, 36.376334626107976 ], [ 127.352403190609749, 36.376363722406481 ], [ 127.352464925522341, 36.376382970466047 ], [ 127.352724193385768, 36.376420796322464 ], [ 127.352906002308785, 36.376580777344842 ], [ 127.352951314084208, 36.376630207799018 ], [ 127.353063141272855, 36.376636917122681 ], [ 127.353055737893754, 36.376656088885831 ], [ 127.353087705072653, 36.376679650423931 ], [ 127.353123930792862, 36.376720943131552 ], [ 127.353140961058116, 36.376751028512189 ], [ 127.353187297704821, 36.376869728330945 ], [ 127.353137979223732, 36.376977454974046 ], [ 127.353052606438695, 36.377198212147469 ], [ 127.352981540899407, 36.3774262452553 ], [ 127.352973340323004, 36.377538068086267 ], [ 127.352971035453422, 36.377568209687787 ], [ 127.352973463753415, 36.377605096111068 ], [ 127.353017495788265, 36.37775393848132 ], [ 127.353017786327243, 36.377818703870531 ], [ 127.352989588998014, 36.377976490701869 ], [ 127.352978341188475, 36.378263211992106 ], [ 127.352985297109342, 36.378300644055088 ], [ 127.353004604525779, 36.378334101295835 ], [ 127.353035555955572, 36.378362171934754 ], [ 127.353073429724844, 36.378383183168559 ], [ 127.353174607119954, 36.378422591179117 ], [ 127.353397413159101, 36.378481637397009 ], [ 127.353463138471525, 36.378500593278531 ], [ 127.353855924932645, 36.378835398175532 ], [ 127.353900164784918, 36.378876668081631 ], [ 127.353994301083375, 36.378977771019798 ], [ 127.354054263904203, 36.379031096604287 ], [ 127.354122912311155, 36.379077646157832 ], [ 127.354172711059178, 36.379116077584889 ], [ 127.354214747943914, 36.379130877538579 ], [ 127.354281305214045, 36.379138854260162 ], [ 127.35457664493893, 36.379220771988948 ], [ 127.354663103909289, 36.379240792165803 ], [ 127.354710657910829, 36.379243472244639 ], [ 127.354755565644894, 36.379239960051173 ], [ 127.354903258921368, 36.379207135430619 ], [ 127.355122216678481, 36.379146506415601 ], [ 127.355235458367318, 36.379120261813043 ], [ 127.355289291331019, 36.379114028707889 ], [ 127.355485374765465, 36.379091360607475 ], [ 127.355627771092003, 36.379082765350304 ], [ 127.355671941975032, 36.379145435936913 ], [ 127.355699727751016, 36.379207308493832 ], [ 127.35571586537101, 36.379271469340161 ], [ 127.355720424775072, 36.379315955491926 ], [ 127.355713177892994, 36.379600401897427 ], [ 127.355707551559874, 36.379625200629299 ], [ 127.355605444326912, 36.379765184569941 ], [ 127.355628777492754, 36.380039564837823 ], [ 127.355633756573027, 36.380098126184045 ], [ 127.355637092195664, 36.380138226699025 ], [ 127.355581257992853, 36.380307648844777 ], [ 127.355533313945898, 36.380563496739114 ], [ 127.35558136146912, 36.380674873621381 ], [ 127.355555320919976, 36.380845324704758 ], [ 127.355655028766066, 36.380869243231245 ], [ 127.355707215925477, 36.380780098746335 ], [ 127.355764954744785, 36.380686431722893 ], [ 127.355821503599572, 36.380600653407988 ], [ 127.355892274193465, 36.380500476934941 ], [ 127.355951646133278, 36.380422855431576 ], [ 127.356088453118701, 36.380255166158705 ], [ 127.356080763559262, 36.380250403033429 ], [ 127.356093072817771, 36.38023684908773 ], [ 127.3561138462087, 36.380249178445553 ], [ 127.356938716891449, 36.37932979202764 ], [ 127.357038516699419, 36.37921994950571 ], [ 127.357111119376825, 36.37914341351869 ], [ 127.357119617111465, 36.379134943995481 ], [ 127.35718791569596, 36.379067712860639 ], [ 127.357267686705896, 36.378994255143553 ], [ 127.35735007675045, 36.378923043538599 ], [ 127.357434570772625, 36.378854068404188 ], [ 127.357434903505606, 36.378853797444812 ], [ 127.357522883330788, 36.37878679448994 ], [ 127.35760948949671, 36.378724013483769 ], [ 127.357695415536071, 36.378666028637269 ], [ 127.357783444972583, 36.378610002578583 ], [ 127.357873748444064, 36.378556509782946 ], [ 127.357918949782103, 36.378619835295389 ], [ 127.358106779566072, 36.378698838357145 ], [ 127.357981123856575, 36.378771342709584 ], [ 127.358408589996458, 36.379069424323035 ], [ 127.361788705001871, 36.377120367222197 ], [ 127.361913212625325, 36.377046772054655 ], [ 127.36200943213656, 36.376994097106994 ], [ 127.36210653804028, 36.376942554535951 ], [ 127.362207987838474, 36.376890711330425 ], [ 127.362310839213052, 36.376840557335839 ], [ 127.36241423664255, 36.376795465981282 ] ] ] ] } },
{ "type": "Feature", "properties": { "EMD_CD": "30200124", "EMD_ENG_NM": "Guseong-dong", "EMD_KOR_NM": "구성동" }, "geometry": { "type": "MultiPolygon", "coordinates": [ [ [ [ 127.358914767340721, 36.362201908863099 ], [ 127.358343861026995, 36.362196505031569 ], [ 127.358054184920022, 36.362185068836062 ], [ 127.358030172668279, 36.362172587141686 ], [ 127.357966189939717, 36.362149357152717 ], [ 127.357923491004001, 36.36214639301064 ], [ 127.35788721250249, 36.362097279900546 ], [ 127.357875159756404, 36.362093070584919 ], [ 127.357808988019315, 36.362056473560848 ], [ 127.357758908788597, 36.362057298643151 ], [ 127.357686609171481, 36.362057469500606 ], [ 127.35792091706827, 36.362182925429934 ], [ 127.358162753374216, 36.362312404452396 ], [ 127.358341786792479, 36.362408267150279 ], [ 127.358396393552098, 36.36243750073627 ], [ 127.358932175071942, 36.362724362365164 ], [ 127.358954983311847, 36.362736505268181 ], [ 127.358956413141314, 36.362737266965539 ], [ 127.359012396612471, 36.362770361371844 ], [ 127.35918913144387, 36.362874809856422 ], [ 127.359316637598425, 36.36299102041388 ], [ 127.359352039598875, 36.363023285103154 ], [ 127.359361216258037, 36.363029601336308 ], [ 127.359394066533653, 36.363052221087742 ], [ 127.359515486216182, 36.363135846413975 ], [ 127.359547811111696, 36.363158107590245 ], [ 127.359583455812441, 36.363182647266484 ], [ 127.35981992389253, 36.363345491276817 ], [ 127.359941760999419, 36.363437324213166 ], [ 127.360098213988735, 36.36355525948688 ], [ 127.360172791311655, 36.363611718724492 ], [ 127.360394729673772, 36.363754338358497 ], [ 127.360606499391153, 36.363890319326565 ], [ 127.360727031818257, 36.363952470569437 ], [ 127.360787354354144, 36.363983568749752 ], [ 127.360936645766699, 36.364060547785492 ], [ 127.360901172034929, 36.364133856533684 ], [ 127.359985491160572, 36.366028607838082 ], [ 127.359463519703297, 36.367108644164389 ], [ 127.359542393978558, 36.367185286057072 ], [ 127.35958662418804, 36.367264284835819 ], [ 127.359858001109984, 36.367557477535435 ], [ 127.359905463915226, 36.367655904427927 ], [ 127.359922977364164, 36.367791306407447 ], [ 127.360208062480112, 36.367807906546496 ], [ 127.360431402680277, 36.36783821755477 ], [ 127.360510823168028, 36.367730397923708 ], [ 127.360894453040231, 36.367707562446597 ], [ 127.36110013207076, 36.367759886664949 ], [ 127.361167493581092, 36.367755745716536 ], [ 127.361212202882058, 36.367747158831122 ], [ 127.361622173267321, 36.36758624537147 ], [ 127.361661127950015, 36.367576558023629 ], [ 127.361690713099676, 36.367574494775056 ], [ 127.361717040992318, 36.367581174371296 ], [ 127.361743045894656, 36.367595181234911 ], [ 127.361804061892073, 36.367650473205885 ], [ 127.36182561540943, 36.367680255261178 ], [ 127.361840538562475, 36.367707533222259 ], [ 127.361946050877862, 36.367934759563994 ], [ 127.36196004847298, 36.367988499091169 ], [ 127.361959943188864, 36.368040604801394 ], [ 127.36194574075968, 36.368094717086727 ], [ 127.361918808527022, 36.368142948234556 ], [ 127.361879318266517, 36.368188973080592 ], [ 127.361834943633468, 36.368231632195908 ], [ 127.361797451863666, 36.368256527445439 ], [ 127.361757300371039, 36.368270166653524 ], [ 127.361692749783117, 36.368279931371198 ], [ 127.361643892444476, 36.368295290395096 ], [ 127.361615521732958, 36.368333675062537 ], [ 127.361605242548904, 36.368371158636229 ], [ 127.361603396484739, 36.368688825598696 ], [ 127.361509893121138, 36.36876289502883 ], [ 127.361473259618165, 36.368783281718009 ], [ 127.36143308152775, 36.368793540942214 ], [ 127.361323384400961, 36.368792177217763 ], [ 127.361308627919456, 36.368801232921989 ], [ 127.361286490494564, 36.368833407857686 ], [ 127.361269324642905, 36.368885556647847 ], [ 127.361167047374209, 36.369021886103674 ], [ 127.361117810759453, 36.369066245835484 ], [ 127.361013603820822, 36.369122314938416 ], [ 127.360952949312562, 36.369145873661928 ], [ 127.360905293201711, 36.369156154564557 ], [ 127.360736473766522, 36.36917215364435 ], [ 127.360672467700823, 36.369186710991833 ], [ 127.36063443841698, 36.369208786148803 ], [ 127.360540912277017, 36.369276086988087 ], [ 127.360299924272397, 36.369385518875497 ], [ 127.360259851135922, 36.369380007335977 ], [ 127.360203337710999, 36.369359052943111 ], [ 127.359950390331534, 36.369212814560768 ], [ 127.359753982320939, 36.369095683755745 ], [ 127.359653781211875, 36.369039102836659 ], [ 127.359573184615485, 36.369004982437296 ], [ 127.359520193818113, 36.368991624603403 ], [ 127.359444595586041, 36.368983406551429 ], [ 127.359336459638484, 36.36897978362019 ], [ 127.359260028709414, 36.368981986166318 ], [ 127.359193902055182, 36.368988095551344 ], [ 127.35915095589381, 36.369000056408822 ], [ 127.359114831382186, 36.369022126139171 ], [ 127.359089390410091, 36.369053463714167 ], [ 127.35902305478136, 36.369206581004242 ], [ 127.358892557081745, 36.369491118191142 ], [ 127.358850191383596, 36.369593473493353 ], [ 127.358825982936665, 36.369667612688666 ], [ 127.358815262704439, 36.369721147254147 ], [ 127.358814207765874, 36.369758602825101 ], [ 127.358822117926834, 36.369811810741439 ], [ 127.358851768369803, 36.369938165123564 ], [ 127.358888669577055, 36.370127299078831 ], [ 127.358925286007505, 36.370441471476141 ], [ 127.358987800715028, 36.370977757961732 ], [ 127.358733468673378, 36.371138755454467 ], [ 127.358242745483381, 36.371315110808276 ], [ 127.358063559508281, 36.371385485756356 ], [ 127.358174932660845, 36.371411620451603 ], [ 127.358252611791812, 36.371455320660452 ], [ 127.358295957422882, 36.371488985303444 ], [ 127.35845043375086, 36.371498102697636 ], [ 127.358458714705009, 36.371481460427177 ], [ 127.359810143962903, 36.371433763032172 ], [ 127.359813204554925, 36.371493735618081 ], [ 127.359860105269206, 36.371546826498225 ], [ 127.359907043836373, 36.371569214856905 ], [ 127.359974801326004, 36.371572949931497 ], [ 127.360145266626006, 36.371538085739559 ], [ 127.360208262116714, 36.371531137312694 ], [ 127.360257979148258, 36.371513244796859 ], [ 127.360309354199103, 36.371516748457267 ], [ 127.360346170134804, 36.371533255714574 ], [ 127.360477930368802, 36.371524127312263 ], [ 127.360568306382035, 36.371524982204178 ], [ 127.360653138932463, 36.371534306690776 ], [ 127.360851174773188, 36.371511741119917 ], [ 127.360913771284672, 36.371493529021357 ], [ 127.361186401518438, 36.371636047977489 ], [ 127.361251594493964, 36.372750206956333 ], [ 127.361614437498034, 36.373047624537335 ], [ 127.361028795288959, 36.373521086030145 ], [ 127.361030724865657, 36.374470683390889 ], [ 127.36057696160502, 36.374470083301446 ], [ 127.36056889968502, 36.374837612562324 ], [ 127.361205254511972, 36.37478698044761 ], [ 127.361240130895936, 36.374834745723746 ], [ 127.362419089105799, 36.374755717128522 ], [ 127.363036483566788, 36.374709359800299 ], [ 127.363291491194772, 36.374693655552022 ], [ 127.363451936415416, 36.374709787294933 ], [ 127.363659222103692, 36.374765202074883 ], [ 127.363965294113015, 36.37494478628075 ], [ 127.365494693150808, 36.375321284205022 ], [ 127.365223616308938, 36.375430655588474 ], [ 127.365091594292338, 36.375480909531703 ], [ 127.365059423215385, 36.375493155256294 ], [ 127.364637015285453, 36.375600867592787 ], [ 127.364155460201005, 36.375691005442917 ], [ 127.363470730814399, 36.375841675402711 ], [ 127.363226672462517, 36.37589537598538 ], [ 127.363079499198648, 36.375927758958049 ], [ 127.36262072996314, 36.376058679711946 ], [ 127.362297557958314, 36.376150907986741 ], [ 127.362105046338414, 36.376247644076514 ], [ 127.362084399786525, 36.376258015537807 ], [ 127.36208371016312, 36.376258378050011 ], [ 127.362091119980619, 36.376308694803903 ], [ 127.362104834105779, 36.376358487910032 ], [ 127.362108673333964, 36.376424909945449 ], [ 127.36212691127426, 36.376416735405421 ], [ 127.362153501684062, 36.376404804910216 ], [ 127.36241423664255, 36.376795465981282 ], [ 127.362522850391656, 36.376750358967151 ], [ 127.36262871070744, 36.376710053811337 ], [ 127.362739101456626, 36.376671132262544 ], [ 127.362855069337371, 36.376633050096842 ], [ 127.362965989611794, 36.376597793673604 ], [ 127.363078675308415, 36.376565912719322 ], [ 127.363192603081714, 36.376537685196304 ], [ 127.363307223064496, 36.376511997074921 ], [ 127.363540156572924, 36.376464259737247 ], [ 127.363631411508862, 36.376446653592843 ], [ 127.366115245933358, 36.375967546171452 ], [ 127.366634845642963, 36.375858666290377 ], [ 127.366745661288959, 36.375837204159339 ], [ 127.366857351836728, 36.375817145692913 ], [ 127.366969753533212, 36.375799066782434 ], [ 127.367082509045389, 36.375782663208078 ], [ 127.367195273366406, 36.375768242003083 ], [ 127.367307866890187, 36.375755226887634 ], [ 127.367420642410181, 36.375743327965196 ], [ 127.367534293333463, 36.375732562240259 ], [ 127.367682242978518, 36.375721412004637 ], [ 127.367796439103586, 36.375715141672792 ], [ 127.367910294356079, 36.375710007680908 ], [ 127.368034249776571, 36.375705689027512 ], [ 127.368118332061613, 36.375701204037888 ], [ 127.368913074237753, 36.375673701111104 ], [ 127.36908214868177, 36.375673739840202 ], [ 127.369245748984994, 36.375694359626792 ], [ 127.369408391053241, 36.375733843561726 ], [ 127.369567075480774, 36.375782640225353 ], [ 127.369721936193528, 36.375833421237957 ], [ 127.36987319023055, 36.375894342100061 ], [ 127.37000657460861, 36.375970529461512 ], [ 127.370137955323585, 36.376063619973706 ], [ 127.370259412909505, 36.376158147300174 ], [ 127.370375679785951, 36.37625748388119 ], [ 127.370504702657428, 36.376370370814655 ], [ 127.371004606994148, 36.376807783294986 ], [ 127.371516361163231, 36.377256628939001 ], [ 127.371766091427133, 36.377475666625536 ], [ 127.371881119125973, 36.377571626850795 ], [ 127.371989779046146, 36.377645347420184 ], [ 127.371993800471529, 36.377647309001304 ], [ 127.372114242947617, 36.377710016509091 ], [ 127.372216657514542, 36.377752225225748 ], [ 127.372278230444692, 36.377775968722517 ], [ 127.372370494357043, 36.377806664604094 ], [ 127.372494642162167, 36.377842325311157 ], [ 127.372647842131343, 36.377872822602619 ], [ 127.372772944642406, 36.377888772087267 ], [ 127.372908811149259, 36.377897361210962 ], [ 127.373035727944341, 36.377894145836223 ], [ 127.373165765328025, 36.377886135733362 ], [ 127.373555105922577, 36.37784775048317 ], [ 127.374711510526012, 36.377741636072656 ], [ 127.376102156557053, 36.377610840914983 ], [ 127.376591522636758, 36.377008183554025 ], [ 127.376845010251827, 36.37669599037126 ], [ 127.376852731294463, 36.376686485474252 ], [ 127.376812650108747, 36.376680141056724 ], [ 127.37680273595457, 36.376634573663019 ], [ 127.376663093765629, 36.376656189004223 ], [ 127.376803932155696, 36.376387289556384 ], [ 127.376812783660284, 36.376369382673552 ], [ 127.376955014298488, 36.376081770511433 ], [ 127.377311674009661, 36.375639006885081 ], [ 127.37760309074126, 36.375260203955918 ], [ 127.37769478800017, 36.375175854401924 ], [ 127.377953215501748, 36.374938142054354 ], [ 127.378143773517721, 36.374695155457353 ], [ 127.378396286251302, 36.374373165412841 ], [ 127.378600980302721, 36.374111326282573 ], [ 127.378736672643583, 36.373974379849209 ], [ 127.378825956587335, 36.37383840976424 ], [ 127.378907500398952, 36.373694416155587 ], [ 127.379023639694708, 36.373489331434087 ], [ 127.37902407229447, 36.373057519175248 ], [ 127.379008797350664, 36.372733129873261 ], [ 127.379006869952576, 36.372705334590073 ], [ 127.379004825908652, 36.37244612962737 ], [ 127.379023264342024, 36.37200953779854 ], [ 127.378452183775352, 36.372015225783478 ], [ 127.378113883497079, 36.372013003576562 ], [ 127.37782952509788, 36.372010411627414 ], [ 127.377798129791685, 36.372009401872127 ], [ 127.377101137054154, 36.37196120188991 ], [ 127.376383894993978, 36.37187753834619 ], [ 127.375924080336389, 36.37179481112998 ], [ 127.375433934405109, 36.3716886391827 ], [ 127.375400223367478, 36.371681021735434 ], [ 127.374708204460873, 36.371504510701101 ], [ 127.374099024444973, 36.371154363400088 ], [ 127.373696630681223, 36.370747172635433 ], [ 127.373551793318356, 36.370635311580799 ], [ 127.373389174916724, 36.37050972710697 ], [ 127.373028799509115, 36.370276553955328 ], [ 127.372532138148969, 36.369994572536207 ], [ 127.372358195514977, 36.369910232119985 ], [ 127.371990955809494, 36.369732165342349 ], [ 127.371956857397592, 36.369720213741253 ], [ 127.371399437921028, 36.369524864721569 ], [ 127.37126600908492, 36.369477119413013 ], [ 127.37064147270425, 36.369181341489984 ], [ 127.370195060258581, 36.368953994882858 ], [ 127.369716292135621, 36.36858952580473 ], [ 127.369317636177541, 36.368159410938674 ], [ 127.369009021162285, 36.367668116549488 ], [ 127.368729369230678, 36.367126996083627 ], [ 127.368598587311979, 36.366846910592685 ], [ 127.368506292406423, 36.366659454227033 ], [ 127.367998268354881, 36.365882522568874 ], [ 127.367932825834345, 36.365794183131555 ], [ 127.367590414434673, 36.365391492085493 ], [ 127.367262989335131, 36.365073689825017 ], [ 127.366790397379717, 36.364687759288202 ], [ 127.366443453553984, 36.364479109221513 ], [ 127.366381160836312, 36.364441639638116 ], [ 127.365772375437857, 36.364189593526866 ], [ 127.365604269702146, 36.364129439762578 ], [ 127.365194377089509, 36.363982761527161 ], [ 127.36493383393811, 36.363921734148477 ], [ 127.364329444327169, 36.363777203359838 ], [ 127.364007992516264, 36.363700327217337 ], [ 127.363473824670692, 36.363543891500228 ], [ 127.362790142874999, 36.363382686642183 ], [ 127.362362329692985, 36.363281336687173 ], [ 127.361787644439246, 36.363105594922338 ], [ 127.361557112917467, 36.363042424368594 ], [ 127.361320774138022, 36.362976287728344 ], [ 127.360661537341031, 36.362824946796025 ], [ 127.360109679562214, 36.362666484597206 ], [ 127.359779172822769, 36.362525271925584 ], [ 127.359325314857116, 36.362304143147682 ], [ 127.358914767340721, 36.362201908863099 ] ] ] ] } },
{ "type": "Feature", "properties": { "EMD_CD": "30200125", "EMD_ENG_NM": "Sinseong-dong", "EMD_KOR_NM": "신성동" }, "geometry": { "type": "MultiPolygon", "coordinates": [ [ [ [ 127.34211203815569, 36.378506191362078 ], [ 127.342091104804325, 36.378520570786421 ], [ 127.341891688707449, 36.378686818055179 ], [ 127.341353364566757, 36.378935640326581 ], [ 127.34119562123982, 36.379008560000159 ], [ 127.34096672307183, 36.379692493074778 ], [ 127.340849292382785, 36.380005161551992 ], [ 127.340808451758235, 36.380113886108184 ], [ 127.340587663053, 36.38049274079038 ], [ 127.340518801388924, 36.380610898967753 ], [ 127.340477942629363, 36.380718307141315 ], [ 127.340433786191468, 36.380941272519607 ], [ 127.340409906287235, 36.381216800041862 ], [ 127.340402779763949, 36.381472516487548 ], [ 127.340394271452098, 36.381735968885742 ], [ 127.340401524932744, 36.381943694650829 ], [ 127.340524923105818, 36.381995647520071 ], [ 127.340530353919021, 36.382153110550519 ], [ 127.340559389091339, 36.382384691252582 ], [ 127.340551521278854, 36.382772556428492 ], [ 127.340628332541044, 36.383255146606828 ], [ 127.34053625997656, 36.383411039441441 ], [ 127.340517468073259, 36.38374943464671 ], [ 127.340453609813352, 36.384024849574729 ], [ 127.340708486003194, 36.384391648190366 ], [ 127.340726870189414, 36.384416252217697 ], [ 127.341133512910034, 36.384949334599526 ], [ 127.341300857054421, 36.38513357017019 ], [ 127.341467130086102, 36.385224943884083 ], [ 127.341617139029651, 36.385331169026294 ], [ 127.341889473140156, 36.385691499208903 ], [ 127.342317364378005, 36.38624314308246 ], [ 127.342431327174182, 36.386393925897963 ], [ 127.342544796576533, 36.38640110793861 ], [ 127.342784076899889, 36.386416221936578 ], [ 127.343264990115856, 36.386446621999575 ], [ 127.343477462371737, 36.386460901248057 ], [ 127.343504910903263, 36.386462751425078 ], [ 127.343728873898414, 36.386985659077823 ], [ 127.343987081923999, 36.387227089272685 ], [ 127.34591809041855, 36.386963975016108 ], [ 127.345954227682853, 36.386904033446228 ], [ 127.346146098518105, 36.38711124343012 ], [ 127.34616534525739, 36.387126048116578 ], [ 127.346188046432346, 36.387186198774465 ], [ 127.346240372885163, 36.387304352617178 ], [ 127.346475667809997, 36.387673078653371 ], [ 127.346650346819771, 36.387886140757402 ], [ 127.346680884840254, 36.387984017821083 ], [ 127.346713614496522, 36.388025917298805 ], [ 127.346972897941001, 36.388285875127124 ], [ 127.347015742861871, 36.388321256930254 ], [ 127.347008062558828, 36.388323531472338 ], [ 127.347286925637647, 36.388599832492339 ], [ 127.347488310791391, 36.388746589740968 ], [ 127.347511568381023, 36.388763374626322 ], [ 127.347523061682196, 36.388766405052124 ], [ 127.347578345413595, 36.388816979913265 ], [ 127.347578732480244, 36.388828784123994 ], [ 127.347579523330538, 36.38885635748904 ], [ 127.347615254974073, 36.389275980253018 ], [ 127.347645966953806, 36.389712081859805 ], [ 127.347642924495403, 36.389857862281687 ], [ 127.347632561181385, 36.390353694887992 ], [ 127.347632243260421, 36.390377531786264 ], [ 127.347631582361487, 36.39042716998015 ], [ 127.347613690587593, 36.39052206884044 ], [ 127.347569127950379, 36.390758320900403 ], [ 127.347474881958192, 36.390895327273533 ], [ 127.347322880398949, 36.391116291385522 ], [ 127.347278504033511, 36.391180807862327 ], [ 127.347227404555028, 36.391255085500269 ], [ 127.347218629791257, 36.391606889181467 ], [ 127.347220228378035, 36.391776428998192 ], [ 127.347221035084033, 36.39186309212306 ], [ 127.347222172473266, 36.391983871295231 ], [ 127.347314394737879, 36.39230571682738 ], [ 127.347359928621472, 36.39246462209784 ], [ 127.347417622525597, 36.39266598155379 ], [ 127.347795073758164, 36.392525991694853 ], [ 127.348036613186295, 36.392400273115101 ], [ 127.348089602415826, 36.392372687703237 ], [ 127.348289245283837, 36.392270240935424 ], [ 127.348332305135386, 36.392248055454722 ], [ 127.348369972429609, 36.392228724496242 ], [ 127.348425457228402, 36.392201005100794 ], [ 127.348644919278513, 36.392091353774305 ], [ 127.348699769641044, 36.392041288166332 ], [ 127.348798355922256, 36.392058214190769 ], [ 127.348803041002398, 36.392059020735857 ], [ 127.348852947297132, 36.392067562481245 ], [ 127.349389717266646, 36.392160351718296 ], [ 127.349692057687122, 36.392212603890073 ], [ 127.349728511163292, 36.392218652578755 ], [ 127.349922740936989, 36.392252465758006 ], [ 127.350157516483733, 36.392293044571652 ], [ 127.350212867139859, 36.392302606864575 ], [ 127.350237575681078, 36.392306878037189 ], [ 127.350513752014194, 36.392171067818367 ], [ 127.350716325054364, 36.392071455995264 ], [ 127.350786399579675, 36.392083642020893 ], [ 127.350819577589107, 36.392104984273246 ], [ 127.35082780441931, 36.392110285716861 ], [ 127.350854487884533, 36.392179795621217 ], [ 127.350904506512876, 36.392240684775089 ], [ 127.351006131037281, 36.392294042651358 ], [ 127.351175120245017, 36.39238367345709 ], [ 127.351389619313935, 36.392570334066832 ], [ 127.351526584352442, 36.392689589807887 ], [ 127.351623198809733, 36.392773682066967 ], [ 127.351671457916552, 36.392740305831069 ], [ 127.351800256113236, 36.392867479049478 ], [ 127.3519107504857, 36.393048829065158 ], [ 127.352027612080136, 36.393004969053415 ], [ 127.35206407912888, 36.393083461121201 ], [ 127.352070854406122, 36.393098031073855 ], [ 127.352074904794321, 36.393101326716653 ], [ 127.352083071277335, 36.393107962258881 ], [ 127.352221943665782, 36.393222146682319 ], [ 127.35224205460824, 36.393269840094383 ], [ 127.352260142846703, 36.393316340959188 ], [ 127.352281477924024, 36.39337118591029 ], [ 127.352304219134183, 36.393391612281022 ], [ 127.352344229193065, 36.393427541244499 ], [ 127.352334708390657, 36.393442203525638 ], [ 127.352346113077559, 36.393459976961147 ], [ 127.35243265943744, 36.39368925875641 ], [ 127.352463594796916, 36.393764459525883 ], [ 127.352508922281586, 36.393865067060787 ], [ 127.352431738577224, 36.393794291903198 ], [ 127.352374575308005, 36.393669305776328 ], [ 127.352381260293939, 36.393797782729436 ], [ 127.352410444374812, 36.393830643779026 ], [ 127.352510600105347, 36.393868784349102 ], [ 127.352537013142154, 36.393927417491348 ], [ 127.352556141381584, 36.393969616611464 ], [ 127.352566023251185, 36.39401062680632 ], [ 127.35260376524721, 36.394082428246286 ], [ 127.352650371822776, 36.394167397614005 ], [ 127.352667277749802, 36.39422365236878 ], [ 127.352686779036972, 36.394301887795571 ], [ 127.352769304884262, 36.394474505999533 ], [ 127.352826711919676, 36.394593921685903 ], [ 127.352891839519799, 36.394704888814424 ], [ 127.352896670732079, 36.394713390820414 ], [ 127.352912322387951, 36.394740964578737 ], [ 127.353030260798704, 36.394950526154915 ], [ 127.353076098459667, 36.395000540362098 ], [ 127.353155059309714, 36.395091803610228 ], [ 127.35324476795634, 36.395165984476137 ], [ 127.353288122759281, 36.395201767611326 ], [ 127.35333906496524, 36.395236916450074 ], [ 127.353357122093058, 36.395249262724796 ], [ 127.353422436579592, 36.395275303185841 ], [ 127.353455872626924, 36.395313973277474 ], [ 127.353506919215221, 36.395352373983286 ], [ 127.353531206646494, 36.395394107830221 ], [ 127.35356865348453, 36.395424753853135 ], [ 127.353609995206313, 36.395483802802786 ], [ 127.353607741528009, 36.395540330295667 ], [ 127.353713709079855, 36.395694936365672 ], [ 127.353725732334937, 36.395740914715965 ], [ 127.353739537471213, 36.395784003168473 ], [ 127.353745329585323, 36.395798071456355 ], [ 127.353815743049367, 36.395923737693003 ], [ 127.353849281717089, 36.395982692165255 ], [ 127.353855432374729, 36.39601416037015 ], [ 127.353857737326337, 36.396025967819078 ], [ 127.353887673275196, 36.396081868861273 ], [ 127.353944628225292, 36.396191840824379 ], [ 127.353961347742086, 36.396216456945091 ], [ 127.353989100453362, 36.396230423421152 ], [ 127.354017192158011, 36.396243218323612 ], [ 127.354018449515053, 36.396262382742435 ], [ 127.35400585457306, 36.39626506907063 ], [ 127.353987548951409, 36.396271926925699 ], [ 127.35403722139894, 36.396341656484474 ], [ 127.354288801680482, 36.396217381985572 ], [ 127.354499218031108, 36.39612582412596 ], [ 127.354759369890402, 36.396031279832386 ], [ 127.354908779655261, 36.395976615232925 ], [ 127.355072074458533, 36.395926297501973 ], [ 127.355160375191375, 36.396004076798278 ], [ 127.355442239223109, 36.39597116078405 ], [ 127.355498775201681, 36.396000388895978 ], [ 127.355552472631942, 36.396028138614433 ], [ 127.355592180888337, 36.396048667117874 ], [ 127.35562096614305, 36.396054438690385 ], [ 127.355718478021629, 36.396073975722857 ], [ 127.355740622721939, 36.396026562565808 ], [ 127.355804421087242, 36.395889982347278 ], [ 127.355823353532912, 36.395849454728776 ], [ 127.355795805469398, 36.395838659599555 ], [ 127.355659873750255, 36.395785416303276 ], [ 127.355631476977933, 36.395766937282687 ], [ 127.35560709030463, 36.395747814052733 ], [ 127.355590269020865, 36.3957255158629 ], [ 127.355578282769358, 36.395687792130147 ], [ 127.355572063422997, 36.395668255644281 ], [ 127.355572909802646, 36.395633648839784 ], [ 127.355602247340727, 36.395540110622321 ], [ 127.355719697748825, 36.395212820994345 ], [ 127.356139516952027, 36.394042857524752 ], [ 127.356256231534303, 36.393677089179064 ], [ 127.356270408124885, 36.393632529468405 ], [ 127.356326393143007, 36.393320380385077 ], [ 127.356334630012128, 36.393195184397413 ], [ 127.356335291942301, 36.392997467508437 ], [ 127.356328796861035, 36.392843748200512 ], [ 127.356335312813641, 36.392658720207251 ], [ 127.35631604993776, 36.392565056890604 ], [ 127.356434609091906, 36.39140454660626 ], [ 127.356457668307385, 36.39123001350341 ], [ 127.356476255020596, 36.391150294995498 ], [ 127.356498417042175, 36.391072729164698 ], [ 127.356521146466662, 36.391021655424495 ], [ 127.356565602952244, 36.390944654844162 ], [ 127.356631367916918, 36.390847313661354 ], [ 127.356910428446881, 36.390496381136273 ], [ 127.357249447511379, 36.3900467732362 ], [ 127.357305353225527, 36.389963068901601 ], [ 127.357399894621651, 36.389772641330985 ], [ 127.35738409408188, 36.389754124711985 ], [ 127.357422660969135, 36.389730039114283 ], [ 127.357449699015135, 36.389671112658704 ], [ 127.357435734257663, 36.389663854743894 ], [ 127.357450507816608, 36.389603792898029 ], [ 127.357466825750535, 36.389515881090972 ], [ 127.357466821251151, 36.389441534736456 ], [ 127.357450855454871, 36.389239992314302 ], [ 127.357434491136544, 36.38916870495018 ], [ 127.357397408752064, 36.38900720097579 ], [ 127.357385859400722, 36.388943072137344 ], [ 127.357203631712565, 36.388137074022886 ], [ 127.357127878024869, 36.388147572764616 ], [ 127.356982418870572, 36.388167740801322 ], [ 127.357003392717786, 36.388074137908468 ], [ 127.35707356700415, 36.388064736873666 ], [ 127.357130319051535, 36.388056953149416 ], [ 127.357193119308064, 36.388048367130807 ], [ 127.357192651370383, 36.388021613701575 ], [ 127.357191058745428, 36.387938539513996 ], [ 127.357195175312654, 36.387773218542854 ], [ 127.357232977420907, 36.387623007300199 ], [ 127.357272148596479, 36.387543453209069 ], [ 127.357317800303605, 36.387457761203073 ], [ 127.357476923212005, 36.387159037724899 ], [ 127.357448053846994, 36.387134071140913 ], [ 127.357487421128525, 36.387139000377893 ], [ 127.357854752501552, 36.386449686431618 ], [ 127.3583546766681, 36.385543902680801 ], [ 127.358370085580319, 36.385515983655942 ], [ 127.358280929111942, 36.385514961765423 ], [ 127.358361670511172, 36.385376815345538 ], [ 127.358414261316085, 36.385164064273873 ], [ 127.358427248005228, 36.385096186566841 ], [ 127.358574817111602, 36.385075505406412 ], [ 127.358661314482163, 36.385063386815261 ], [ 127.358752480402899, 36.384777832724097 ], [ 127.358799199034124, 36.384292479040859 ], [ 127.358777440697182, 36.384067811783879 ], [ 127.358723001569444, 36.383929988553788 ], [ 127.358678490228257, 36.383754953016116 ], [ 127.3585415053291, 36.3835010636653 ], [ 127.358454992770461, 36.383395155729652 ], [ 127.358400320599273, 36.383359551973179 ], [ 127.358372475316784, 36.383361050318918 ], [ 127.358274037753404, 36.383313465032408 ], [ 127.358021066566749, 36.383095688278864 ], [ 127.357884663772879, 36.382932074405744 ], [ 127.357554080979455, 36.382535547233594 ], [ 127.357427266631092, 36.382259943751748 ], [ 127.357390254110157, 36.382162052504476 ], [ 127.35735333008499, 36.38216187363642 ], [ 127.357344323601495, 36.382095439872963 ], [ 127.357246683195612, 36.38183834011123 ], [ 127.357208665941016, 36.38171059613822 ], [ 127.357179307276141, 36.381611843182156 ], [ 127.357152397541554, 36.381478433866974 ], [ 127.357139460462307, 36.381351462119987 ], [ 127.357138188927408, 36.381339075368544 ], [ 127.35713077582929, 36.381203922598637 ], [ 127.357134647710225, 36.381058039930608 ], [ 127.357144972303473, 36.380917201901681 ], [ 127.357169110484833, 36.380787307998013 ], [ 127.357201933812604, 36.380653153127319 ], [ 127.357245898281377, 36.380518414882886 ], [ 127.357293532762625, 36.380386757068329 ], [ 127.357328316095263, 36.380301331307244 ], [ 127.357362934444637, 36.38021645617048 ], [ 127.357400344380608, 36.380135239191254 ], [ 127.357441946363863, 36.380054578088107 ], [ 127.357493781611694, 36.379966839671702 ], [ 127.357544073129219, 36.379883052580304 ], [ 127.357599773630682, 36.379800087865355 ], [ 127.357656706832685, 36.379723319019526 ], [ 127.357716095410069, 36.37964992211765 ], [ 127.357780011248977, 36.379574826739116 ], [ 127.357848307336951, 36.379507035378381 ], [ 127.357918002345059, 36.379438114238553 ], [ 127.357993086303551, 36.37937058157506 ], [ 127.358075483612822, 36.379301342932067 ], [ 127.358155123426585, 36.379238302548409 ], [ 127.358227665437155, 36.379185143385079 ], [ 127.358313954638177, 36.379128562216017 ], [ 127.358408589996458, 36.379069424323035 ], [ 127.357981123856575, 36.378771342709584 ], [ 127.358106779566072, 36.378698838357145 ], [ 127.357918949782103, 36.378619835295389 ], [ 127.357873748444064, 36.378556509782946 ], [ 127.357783444972583, 36.378610002578583 ], [ 127.357695415536071, 36.378666028637269 ], [ 127.35760948949671, 36.378724013483769 ], [ 127.357522883330788, 36.37878679448994 ], [ 127.357434903505606, 36.378853797444812 ], [ 127.357434570772625, 36.378854068404188 ], [ 127.35735007675045, 36.378923043538599 ], [ 127.357267686705896, 36.378994255143553 ], [ 127.35718791569596, 36.379067712860639 ], [ 127.357119617111465, 36.379134943995481 ], [ 127.357111119376825, 36.37914341351869 ], [ 127.357038516699419, 36.37921994950571 ], [ 127.356938716891449, 36.37932979202764 ], [ 127.3561138462087, 36.380249178445553 ], [ 127.356093072817771, 36.38023684908773 ], [ 127.356080763559262, 36.380250403033429 ], [ 127.356088453118701, 36.380255166158705 ], [ 127.355951646133278, 36.380422855431576 ], [ 127.355892274193465, 36.380500476934941 ], [ 127.355821503599572, 36.380600653407988 ], [ 127.355764954744785, 36.380686431722893 ], [ 127.355707215925477, 36.380780098746335 ], [ 127.355655028766066, 36.380869243231245 ], [ 127.355555320919976, 36.380845324704758 ], [ 127.35558136146912, 36.380674873621381 ], [ 127.355533313945898, 36.380563496739114 ], [ 127.355581257992853, 36.380307648844777 ], [ 127.355637092195664, 36.380138226699025 ], [ 127.355633756573027, 36.380098126184045 ], [ 127.355628777492754, 36.380039564837823 ], [ 127.355605444326912, 36.379765184569941 ], [ 127.355707551559874, 36.379625200629299 ], [ 127.355713177892994, 36.379600401897427 ], [ 127.355720424775072, 36.379315955491926 ], [ 127.35571586537101, 36.379271469340161 ], [ 127.355699727751016, 36.379207308493832 ], [ 127.355671941975032, 36.379145435936913 ], [ 127.355627771092003, 36.379082765350304 ], [ 127.355485374765465, 36.379091360607475 ], [ 127.355289291331019, 36.379114028707889 ], [ 127.355235458367318, 36.379120261813043 ], [ 127.355122216678481, 36.379146506415601 ], [ 127.354903258921368, 36.379207135430619 ], [ 127.354755565644894, 36.379239960051173 ], [ 127.354710657910829, 36.379243472244639 ], [ 127.354663103909289, 36.379240792165803 ], [ 127.35457664493893, 36.379220771988948 ], [ 127.354281305214045, 36.379138854260162 ], [ 127.354214747943914, 36.379130877538579 ], [ 127.354172711059178, 36.379116077584889 ], [ 127.354122912311155, 36.379077646157832 ], [ 127.354054263904203, 36.379031096604287 ], [ 127.353994301083375, 36.378977771019798 ], [ 127.353900164784918, 36.378876668081631 ], [ 127.353855924932645, 36.378835398175532 ], [ 127.353463138471525, 36.378500593278531 ], [ 127.353397413159101, 36.378481637397009 ], [ 127.353174607119954, 36.378422591179117 ], [ 127.353073429724844, 36.378383183168559 ], [ 127.353035555955572, 36.378362171934754 ], [ 127.353004604525779, 36.378334101295835 ], [ 127.352985297109342, 36.378300644055088 ], [ 127.352978341188475, 36.378263211992106 ], [ 127.352989588998014, 36.377976490701869 ], [ 127.353017786327243, 36.377818703870531 ], [ 127.353017495788265, 36.37775393848132 ], [ 127.352973463753415, 36.377605096111068 ], [ 127.352971035453422, 36.377568209687787 ], [ 127.352973340323004, 36.377538068086267 ], [ 127.352981540899407, 36.3774262452553 ], [ 127.353052606438695, 36.377198212147469 ], [ 127.353137979223732, 36.376977454974046 ], [ 127.353187297704821, 36.376869728330945 ], [ 127.353140961058116, 36.376751028512189 ], [ 127.353123930792862, 36.376720943131552 ], [ 127.353087705072653, 36.376679650423931 ], [ 127.353055737893754, 36.376656088885831 ], [ 127.353063141272855, 36.376636917122681 ], [ 127.352951314084208, 36.376630207799018 ], [ 127.352906002308785, 36.376580777344842 ], [ 127.352724193385768, 36.376420796322464 ], [ 127.352464925522341, 36.376382970466047 ], [ 127.352403190609749, 36.376363722406481 ], [ 127.352337933763962, 36.376334626107976 ], [ 127.352299541159084, 36.376314463228873 ], [ 127.352267901288997, 36.37628667370997 ], [ 127.352247202802118, 36.376253508500888 ], [ 127.352148499706729, 36.376024848106681 ], [ 127.351972593569187, 36.375900886744397 ], [ 127.351829434093546, 36.375815416418476 ], [ 127.351574479270639, 36.375612833922432 ], [ 127.351495763671437, 36.375571665007698 ], [ 127.351414915359143, 36.375519525341765 ], [ 127.351357937375056, 36.375472381246702 ], [ 127.351339155905364, 36.375439210171372 ], [ 127.3513377741385, 36.3754017534471 ], [ 127.351417896926932, 36.375252267651504 ], [ 127.351373932610613, 36.375194667727577 ], [ 127.351333070585127, 36.375130290372653 ], [ 127.351291773801378, 36.375046215816191 ], [ 127.351222605469587, 36.374879702690926 ], [ 127.351189394230929, 36.374774471226402 ], [ 127.351170118569641, 36.37463090887416 ], [ 127.351155723142085, 36.374487044332305 ], [ 127.351158357435608, 36.374415789759801 ], [ 127.351170218878835, 36.374379420707164 ], [ 127.351193235535973, 36.374348100734494 ], [ 127.351225502768017, 36.374322097899316 ], [ 127.351276729627742, 36.374292091754697 ], [ 127.351298491537989, 36.374251754876596 ], [ 127.35130583917288, 36.374180487290282 ], [ 127.351314380009185, 36.37414441606073 ], [ 127.351322302611109, 36.37412664873348 ], [ 127.351357618651178, 36.374079801794771 ], [ 127.351449801370137, 36.373978429564929 ], [ 127.351511438657582, 36.373901650548923 ], [ 127.351543536103748, 36.373875089364915 ], [ 127.3515987579963, 36.373843944951922 ], [ 127.351692400585691, 36.373797206226278 ], [ 127.3517309399342, 36.373770905495924 ], [ 127.3517711477229, 36.373729108627636 ], [ 127.351852073623562, 36.373565246790157 ], [ 127.351889127921353, 36.373473705770195 ], [ 127.351893226611438, 36.373463465905317 ], [ 127.351903000736499, 36.373428796250451 ], [ 127.351907379498343, 36.373356690082154 ], [ 127.351907579632993, 36.373336584391382 ], [ 127.35191100956807, 36.373000718844537 ], [ 127.351905803917191, 36.372888655640011 ], [ 127.3519039671869, 36.372672940424373 ], [ 127.351911157227505, 36.372529300381217 ], [ 127.351917013145041, 36.372475772096877 ], [ 127.351935605951397, 36.372350401422281 ], [ 127.351947416105432, 36.37218843632099 ], [ 127.351947172297173, 36.372134087216907 ], [ 127.351937704692546, 36.372003446221896 ], [ 127.351884582323777, 36.371923343595874 ], [ 127.352025850067193, 36.371931653099317 ], [ 127.352047965580439, 36.371694788139045 ], [ 127.352052111121012, 36.371650078281775 ], [ 127.351411895169832, 36.371493620220889 ], [ 127.351134250079895, 36.371354572410752 ], [ 127.351016958425106, 36.371365098890656 ], [ 127.350212958618172, 36.371437108624384 ], [ 127.349997147981171, 36.372144612827142 ], [ 127.350092395163898, 36.373037300581316 ], [ 127.350013960977421, 36.37326561483777 ], [ 127.349662550283213, 36.373328368843381 ], [ 127.349237576959823, 36.373513174707796 ], [ 127.349308146684621, 36.373820536951449 ], [ 127.349272340357302, 36.373937657883673 ], [ 127.349200726177898, 36.37417194388172 ], [ 127.348935305839703, 36.37420209416203 ], [ 127.348752978652271, 36.374549212884581 ], [ 127.348637612933743, 36.375170000862006 ], [ 127.34870071382602, 36.376003395943528 ], [ 127.347364831647951, 36.376468577368335 ], [ 127.347117630168484, 36.376412068554323 ], [ 127.345781566097799, 36.37704196680712 ], [ 127.345759619621433, 36.377675909548742 ], [ 127.344926151230425, 36.37766933268329 ], [ 127.344683998157308, 36.377658890041047 ], [ 127.344498002993404, 36.377539857481963 ], [ 127.344273741584232, 36.377395981305014 ], [ 127.344150451049714, 36.377296261233319 ], [ 127.343566298077178, 36.377504842981587 ], [ 127.343458354536935, 36.377662449996173 ], [ 127.34330462235171, 36.377886910561408 ], [ 127.343067940532592, 36.378093134799386 ], [ 127.342836045461382, 36.378408258919883 ], [ 127.342796786295125, 36.378413652022886 ], [ 127.342773385122854, 36.378416872757462 ], [ 127.342732377312345, 36.378422514141697 ], [ 127.342548272557835, 36.378447840366377 ], [ 127.342517732358459, 36.378451820558688 ], [ 127.34248715869137, 36.378455809713984 ], [ 127.342477891582931, 36.378457016249428 ], [ 127.342337675967556, 36.378475322640753 ], [ 127.342157386382681, 36.378498862004506 ], [ 127.342114571364419, 36.378504453886883 ], [ 127.34211203815569, 36.378506191362078 ] ] ] ] } },
{ "type": "Feature", "properties": { "EMD_CD": "30200126", "EMD_ENG_NM": "Gajeong-dong", "EMD_KOR_NM": "가정동" }, "geometry": { "type": "MultiPolygon", "coordinates": [ [ [ [ 127.36241423664255, 36.376795465981282 ], [ 127.362310839213052, 36.376840557335839 ], [ 127.362207987838474, 36.376890711330425 ], [ 127.36210653804028, 36.376942554535951 ], [ 127.36200943213656, 36.376994097106994 ], [ 127.361913212625325, 36.377046772054655 ], [ 127.361788705001871, 36.377120367222197 ], [ 127.358408589996458, 36.379069424323035 ], [ 127.358313954638177, 36.379128562216017 ], [ 127.358227665437155, 36.379185143385079 ], [ 127.358155123426585, 36.379238302548409 ], [ 127.358075483612822, 36.379301342932067 ], [ 127.357993086303551, 36.37937058157506 ], [ 127.357918002345059, 36.379438114238553 ], [ 127.357848307336951, 36.379507035378381 ], [ 127.357780011248977, 36.379574826739116 ], [ 127.357716095410069, 36.37964992211765 ], [ 127.357656706832685, 36.379723319019526 ], [ 127.357599773630682, 36.379800087865355 ], [ 127.357544073129219, 36.379883052580304 ], [ 127.357493781611694, 36.379966839671702 ], [ 127.357441946363863, 36.380054578088107 ], [ 127.357400344380608, 36.380135239191254 ], [ 127.357362934444637, 36.38021645617048 ], [ 127.357328316095263, 36.380301331307244 ], [ 127.357293532762625, 36.380386757068329 ], [ 127.357245898281377, 36.380518414882886 ], [ 127.357201933812604, 36.380653153127319 ], [ 127.357169110484833, 36.380787307998013 ], [ 127.357144972303473, 36.380917201901681 ], [ 127.357134647710225, 36.381058039930608 ], [ 127.35713077582929, 36.381203922598637 ], [ 127.357138188927408, 36.381339075368544 ], [ 127.357139460462307, 36.381351462119987 ], [ 127.357152397541554, 36.381478433866974 ], [ 127.357179307276141, 36.381611843182156 ], [ 127.357208665941016, 36.38171059613822 ], [ 127.357246683195612, 36.38183834011123 ], [ 127.357344323601495, 36.382095439872963 ], [ 127.35742148403159, 36.381983970455522 ], [ 127.357509356396378, 36.381777575611764 ], [ 127.357512043799602, 36.381719271518421 ], [ 127.357641976144421, 36.381571597896233 ], [ 127.357800175563838, 36.381437357563904 ], [ 127.357849799974929, 36.381431730385962 ], [ 127.35837466110668, 36.381241793092528 ], [ 127.359193868645264, 36.38126015938257 ], [ 127.359235139187859, 36.381257963719619 ], [ 127.359519865383376, 36.381241349124181 ], [ 127.359603736894826, 36.381267447973535 ], [ 127.360012595317457, 36.381394664464942 ], [ 127.360103280402939, 36.381423869589057 ], [ 127.360156977236485, 36.381441163157632 ], [ 127.360179113832729, 36.38144681939508 ], [ 127.36021549769913, 36.381458209076044 ], [ 127.360248243467069, 36.381468428767086 ], [ 127.360356591766447, 36.381502338926971 ], [ 127.360469522665554, 36.381521951628478 ], [ 127.360872333960202, 36.381598538045253 ], [ 127.360950182785217, 36.381608910689415 ], [ 127.361016357740539, 36.381966833594674 ], [ 127.36099284970561, 36.382041070359747 ], [ 127.360984730146313, 36.382044519079017 ], [ 127.360940469017237, 36.382065289649084 ], [ 127.360932941107009, 36.38209559112132 ], [ 127.360930524633972, 36.382108214201047 ], [ 127.360956630480288, 36.382162296120477 ], [ 127.361005008187078, 36.382624358085693 ], [ 127.361018097724326, 36.382756338470934 ], [ 127.361018559518882, 36.382759942427484 ], [ 127.361043584521596, 36.383208827163038 ], [ 127.361047258636177, 36.383401484721652 ], [ 127.36105151405188, 36.383502763033334 ], [ 127.361070659933006, 36.383938201698236 ], [ 127.361082997817533, 36.38393585779783 ], [ 127.3610833911914, 36.38393907401538 ], [ 127.361084271336409, 36.383946271057113 ], [ 127.361074014982819, 36.383950528646345 ], [ 127.361076520479088, 36.384013070682585 ], [ 127.361078926449679, 36.384073297473812 ], [ 127.361080553906717, 36.384114448791706 ], [ 127.361101389360059, 36.384628617238953 ], [ 127.361241338752492, 36.384621346696598 ], [ 127.361280048894457, 36.384614760483103 ], [ 127.36133672220555, 36.384605109396503 ], [ 127.361388940955734, 36.384596219359182 ], [ 127.361421259251145, 36.384590715553109 ], [ 127.362350970578547, 36.384432450315515 ], [ 127.362391617785804, 36.384425551363655 ], [ 127.36251292940301, 36.384405484762659 ], [ 127.36264976005161, 36.384381712758163 ], [ 127.362698742413727, 36.384362415639785 ], [ 127.362783078626066, 36.3843722987829 ], [ 127.362892001871643, 36.384353386696631 ], [ 127.362909296946981, 36.384350387537417 ], [ 127.362914453021219, 36.384349489284141 ], [ 127.363014533064117, 36.384332037222826 ], [ 127.363106706630205, 36.384315969684167 ], [ 127.363405075434642, 36.384263627730874 ], [ 127.363452960970022, 36.38425537186783 ], [ 127.363505065602538, 36.38424832890783 ], [ 127.363784824674028, 36.384194367000127 ], [ 127.363836901239551, 36.384246232495514 ], [ 127.364250471005107, 36.384658134713845 ], [ 127.364282396044914, 36.384692966806909 ], [ 127.364334709436463, 36.384750031472947 ], [ 127.364458300341923, 36.384884875288996 ], [ 127.364554257510846, 36.384989560901822 ], [ 127.364671300731587, 36.385027125589623 ], [ 127.364855549358467, 36.385086249581676 ], [ 127.365017409939227, 36.385229384665209 ], [ 127.36515092193919, 36.385347445402374 ], [ 127.365250435272173, 36.385435447202333 ], [ 127.365370956618463, 36.385494412964121 ], [ 127.365396482420564, 36.385506897571325 ], [ 127.366003257500239, 36.385803746770677 ], [ 127.366031240068907, 36.385841159505397 ], [ 127.366118264616048, 36.385963442386632 ], [ 127.366663144035641, 36.386627071873946 ], [ 127.366662492654612, 36.38695014938051 ], [ 127.366633588673196, 36.387097262511027 ], [ 127.366627251242122, 36.387410292344214 ], [ 127.366675941628301, 36.387623980795631 ], [ 127.366923992872898, 36.387863264766231 ], [ 127.367091261033224, 36.388188325274598 ], [ 127.367106443328709, 36.38835539924164 ], [ 127.367345081725446, 36.388685621547019 ], [ 127.367612261502899, 36.388784200505341 ], [ 127.368163534110522, 36.388853719941864 ], [ 127.368614400975588, 36.38867320160869 ], [ 127.368865463407275, 36.388536760145541 ], [ 127.369035804727176, 36.388432781984584 ], [ 127.369032577919256, 36.38848139154279 ], [ 127.369196184139142, 36.388769738376119 ], [ 127.369204564787935, 36.388738739575778 ], [ 127.369230462362609, 36.388676218382734 ], [ 127.369254104684899, 36.388652922005846 ], [ 127.369349936207811, 36.38861038122419 ], [ 127.369400283321681, 36.388518523340139 ], [ 127.369419334073186, 36.388469396659914 ], [ 127.369416273069263, 36.388328454576872 ], [ 127.369437840827501, 36.388243444419118 ], [ 127.369465873450025, 36.388182160623856 ], [ 127.369495061268381, 36.38814853790349 ], [ 127.369662295142291, 36.388045479474513 ], [ 127.369692787061155, 36.388009411394705 ], [ 127.369720617379102, 36.387933708261315 ], [ 127.369805583912168, 36.387790143321283 ], [ 127.369886615778697, 36.387684647351293 ], [ 127.369925100414079, 36.387549624481068 ], [ 127.369936043272858, 36.387504523122686 ], [ 127.36995375033672, 36.387468349839381 ], [ 127.369977668978947, 36.387428273460159 ], [ 127.370032509622334, 36.387403061255952 ], [ 127.370064006789818, 36.38737233303759 ], [ 127.370089842992726, 36.387323076672239 ], [ 127.370119509322052, 36.387287011176717 ], [ 127.370156840667846, 36.387261924805991 ], [ 127.370189671067266, 36.3872233619295 ], [ 127.370209713508032, 36.387207313299676 ], [ 127.370290417597658, 36.38719071735855 ], [ 127.370337670368897, 36.387166167417398 ], [ 127.370397373508297, 36.387108912829795 ], [ 127.370458025101982, 36.387030585110047 ], [ 127.370517988851162, 36.386952783097264 ], [ 127.370546149547479, 36.386921398384303 ], [ 127.370716239376577, 36.386845643490211 ], [ 127.370841432740292, 36.38676697240119 ], [ 127.370960956452791, 36.386712767893194 ], [ 127.371016192328256, 36.386665393376468 ], [ 127.371062893077408, 36.386604519936633 ], [ 127.371097952592663, 36.386530650852599 ], [ 127.371129254782844, 36.386479999243932 ], [ 127.371178641350085, 36.386409771716814 ], [ 127.37123749171711, 36.386358367596209 ], [ 127.371276784148662, 36.386284089269353 ], [ 127.371302752165718, 36.38625809132526 ], [ 127.37141115179611, 36.386185040393386 ], [ 127.371505287824974, 36.386110250120282 ], [ 127.371505941410334, 36.386050501084945 ], [ 127.37151594339997, 36.386009304871592 ], [ 127.371519033365388, 36.385871074961081 ], [ 127.371562012937417, 36.385770416391289 ], [ 127.371689133810264, 36.385697082644853 ], [ 127.371775515445009, 36.385627632499677 ], [ 127.371807157424243, 36.385637104959883 ], [ 127.371838536554975, 36.385614838789955 ], [ 127.371864641142352, 36.385596328970443 ], [ 127.371962797773321, 36.385547082112552 ], [ 127.372060969868969, 36.385540911159268 ], [ 127.372145342140129, 36.385515696607982 ], [ 127.372229899386639, 36.385404951411445 ], [ 127.372239480023367, 36.385326349325446 ], [ 127.372376651734612, 36.385222253814284 ], [ 127.372353260094883, 36.385206393170499 ], [ 127.372367671242586, 36.385206349245671 ], [ 127.372456531412041, 36.385217905491047 ], [ 127.373578721441262, 36.385364801160158 ], [ 127.373786791305974, 36.385392593414196 ], [ 127.37395389814202, 36.385414881021944 ], [ 127.373925949089738, 36.385359492777027 ], [ 127.37390238954373, 36.385313101967661 ], [ 127.373949666019882, 36.385149051573045 ], [ 127.373957411723637, 36.385127903652872 ], [ 127.373967058718506, 36.385105912127059 ], [ 127.373976701182116, 36.385085326981248 ], [ 127.373989647741809, 36.385061062613403 ], [ 127.374003116558157, 36.385036518425764 ], [ 127.374015549204486, 36.385014238674131 ], [ 127.374032335663145, 36.384991369458206 ], [ 127.374046687376065, 36.38496964258492 ], [ 127.374064004138518, 36.384950438646833 ], [ 127.374083408006854, 36.384929254468886 ], [ 127.374103338981584, 36.384908916484228 ], [ 127.374124140274688, 36.384888863405777 ], [ 127.374145468044333, 36.384869359014608 ], [ 127.374168013533577, 36.384850427486938 ], [ 127.37419160533085, 36.384831204072739 ], [ 127.374213987761166, 36.38481311078484 ], [ 127.374237934242018, 36.384795851270177 ], [ 127.374262060870223, 36.384778878628872 ], [ 127.375001412290899, 36.384292194102102 ], [ 127.375022772868434, 36.384279735941064 ], [ 127.375194414038802, 36.384194714857458 ], [ 127.375209484094398, 36.384176645204057 ], [ 127.375225253538417, 36.384162519577878 ], [ 127.375241390267675, 36.38414810404516 ], [ 127.375255765990445, 36.384133983252795 ], [ 127.375269634160148, 36.384120701246388 ], [ 127.375284545070656, 36.384106570197538 ], [ 127.37529840658155, 36.384091882696247 ], [ 127.375306038535243, 36.384084262014447 ], [ 127.375325438957944, 36.384062798153373 ], [ 127.375345184359404, 36.384041045262293 ], [ 127.37536544113307, 36.38401676772353 ], [ 127.375378080664191, 36.384000669832069 ], [ 127.375390184329234, 36.383984302717828 ], [ 127.375401425923272, 36.383967370335043 ], [ 127.375410924118981, 36.383951570235531 ], [ 127.375420444318749, 36.383938023080709 ], [ 127.375433936638359, 36.383918551657935 ], [ 127.375446358516072, 36.383894290179398 ], [ 127.375455447677666, 36.38386525338796 ], [ 127.375472327559905, 36.383826909308574 ], [ 127.375479733441836, 36.383809422037523 ], [ 127.37548713754137, 36.383791655289912 ], [ 127.375494015162687, 36.383773330841322 ], [ 127.37550002422563, 36.383755009082449 ], [ 127.375506375379118, 36.38373611881881 ], [ 127.375512005926325, 36.383713292618388 ], [ 127.37557275994584, 36.383453170719562 ], [ 127.375550871169395, 36.383427610019339 ], [ 127.375624032387776, 36.383121561913136 ], [ 127.375633241131212, 36.383101248431174 ], [ 127.375769213847619, 36.382823147076124 ], [ 127.375802774267441, 36.382754147749068 ], [ 127.375882583718592, 36.382591399185948 ], [ 127.375914721450215, 36.382474436044674 ], [ 127.375957328027383, 36.38236044000849 ], [ 127.375991970158225, 36.382319527116337 ], [ 127.376023003417657, 36.382295143578766 ], [ 127.376026147916349, 36.382276857546188 ], [ 127.376043514032787, 36.382265818518583 ], [ 127.376060349189132, 36.382255627270524 ], [ 127.376078064475976, 36.382245154765123 ], [ 127.376095945885908, 36.382234680628358 ], [ 127.376113137808517, 36.382224488845715 ], [ 127.376149260947372, 36.382204098983841 ], [ 127.376167500899527, 36.382193903785129 ], [ 127.376184872975941, 36.382183990753767 ], [ 127.376202058610133, 36.382174924962342 ], [ 127.376221513831211, 36.382164726522056 ], [ 127.376239408801482, 36.382154811326323 ], [ 127.376258001026784, 36.38214602106644 ], [ 127.376276230455915, 36.382136113427954 ], [ 127.376294478823141, 36.38212760407928 ], [ 127.376312892632427, 36.382118822639121 ], [ 127.376332011312002, 36.382110589163112 ], [ 127.376350948018455, 36.382101806461762 ], [ 127.376370414089024, 36.382093860029897 ], [ 127.376389876604037, 36.382085346528889 ], [ 127.376427760236055, 36.382069736533602 ], [ 127.376446705374065, 36.382062638785065 ], [ 127.376466530641409, 36.382055258874125 ], [ 127.376486522044019, 36.382047870118413 ], [ 127.376505816367924, 36.382041329871235 ], [ 127.376525810200931, 36.382034508173717 ], [ 127.376545973039754, 36.382027974237609 ], [ 127.376566671058697, 36.382021430039323 ], [ 127.376877372373954, 36.381920758818254 ], [ 127.376898054950175, 36.381913376123492 ], [ 127.37691804871632, 36.381906554360071 ], [ 127.376937343638673, 36.381900293517866 ], [ 127.376970907085152, 36.381890050160742 ], [ 127.376984287477896, 36.381884376353256 ], [ 127.377001842407168, 36.381877850440638 ], [ 127.377032257939717, 36.38186649039681 ], [ 127.377062685282439, 36.381855409831815 ], [ 127.377094489126137, 36.381843197469159 ], [ 127.377126296755847, 36.381829301044178 ], [ 127.377185706240567, 36.381800952958258 ], [ 127.377214723391205, 36.381786217888127 ], [ 127.377243728711207, 36.381771203324355 ], [ 127.377637686796447, 36.381554251699079 ], [ 127.377635743683911, 36.381569595526919 ], [ 127.377632715620166, 36.381593458589101 ], [ 127.377659646428569, 36.381576008543924 ], [ 127.377809357524811, 36.381468217128386 ], [ 127.377827554363577, 36.381449091976002 ], [ 127.377878613453063, 36.381387750624228 ], [ 127.377915705138761, 36.381355750422522 ], [ 127.3779440365158, 36.381376838559987 ], [ 127.37814157290255, 36.381281485894306 ], [ 127.378368272390105, 36.381282645594844 ], [ 127.378439007994359, 36.381234155752466 ], [ 127.378436622508715, 36.380502003634078 ], [ 127.378432970277416, 36.380387206243327 ], [ 127.378503889184358, 36.380268480135356 ], [ 127.378578436915149, 36.38012564448934 ], [ 127.378774546950723, 36.379735605215487 ], [ 127.378774210735799, 36.379606118086166 ], [ 127.3787648067144, 36.379426473119004 ], [ 127.378681033771144, 36.379424205338104 ], [ 127.37867371509509, 36.379521689295302 ], [ 127.378485962072432, 36.379528139527991 ], [ 127.378551634456315, 36.379349952052259 ], [ 127.378688287512361, 36.379289999279877 ], [ 127.378733904682846, 36.379269984403464 ], [ 127.378756142887568, 36.379254720902061 ], [ 127.378760895286831, 36.379179737396768 ], [ 127.378763318819367, 36.3791415654877 ], [ 127.378766913754276, 36.379085159528209 ], [ 127.378768467300844, 36.379060706212989 ], [ 127.378770104159102, 36.37903502690201 ], [ 127.378812114905941, 36.378595846265831 ], [ 127.378874876891359, 36.378314034591085 ], [ 127.379077853758403, 36.377637429536897 ], [ 127.379078829896798, 36.377634182322488 ], [ 127.379082977943895, 36.377620904322946 ], [ 127.379165428508117, 36.377357143227776 ], [ 127.379228564961082, 36.377155173042944 ], [ 127.379382489803959, 36.376662758449974 ], [ 127.379475529946191, 36.376351544128802 ], [ 127.379527247120762, 36.376178464263106 ], [ 127.379533068913787, 36.376156286238327 ], [ 127.379590199524941, 36.375938898020735 ], [ 127.379628522790824, 36.37572700344856 ], [ 127.379672996518281, 36.37538131983348 ], [ 127.379684816431904, 36.375196543294912 ], [ 127.379691349720545, 36.374994625962159 ], [ 127.379709482205101, 36.374941849891215 ], [ 127.379757612442816, 36.374870505799059 ], [ 127.379790167467448, 36.374848459567147 ], [ 127.379825789210329, 36.374824366367527 ], [ 127.379843360709515, 36.374812469624928 ], [ 127.379687645656773, 36.374666739885747 ], [ 127.37934320412954, 36.374480071566083 ], [ 127.378600980302721, 36.374111326282573 ], [ 127.378396286251302, 36.374373165412841 ], [ 127.378143773517721, 36.374695155457353 ], [ 127.377953215501748, 36.374938142054354 ], [ 127.37769478800017, 36.375175854401924 ], [ 127.37760309074126, 36.375260203955918 ], [ 127.377311674009661, 36.375639006885081 ], [ 127.376955014298488, 36.376081770511433 ], [ 127.376812783660284, 36.376369382673552 ], [ 127.376803932155696, 36.376387289556384 ], [ 127.376663093765629, 36.376656189004223 ], [ 127.37680273595457, 36.376634573663019 ], [ 127.376812650108747, 36.376680141056724 ], [ 127.376852731294463, 36.376686485474252 ], [ 127.376845010251827, 36.37669599037126 ], [ 127.376591522636758, 36.377008183554025 ], [ 127.376102156557053, 36.377610840914983 ], [ 127.374711510526012, 36.377741636072656 ], [ 127.373555105922577, 36.37784775048317 ], [ 127.373165765328025, 36.377886135733362 ], [ 127.373035727944341, 36.377894145836223 ], [ 127.372908811149259, 36.377897361210962 ], [ 127.372772944642406, 36.377888772087267 ], [ 127.372647842131343, 36.377872822602619 ], [ 127.372494642162167, 36.377842325311157 ], [ 127.372370494357043, 36.377806664604094 ], [ 127.372278230444692, 36.377775968722517 ], [ 127.372216657514542, 36.377752225225748 ], [ 127.372114242947617, 36.377710016509091 ], [ 127.371993800471529, 36.377647309001304 ], [ 127.371989779046146, 36.377645347420184 ], [ 127.371881119125973, 36.377571626850795 ], [ 127.371766091427133, 36.377475666625536 ], [ 127.371516361163231, 36.377256628939001 ], [ 127.371004606994148, 36.376807783294986 ], [ 127.370504702657428, 36.376370370814655 ], [ 127.370375679785951, 36.37625748388119 ], [ 127.370259412909505, 36.376158147300174 ], [ 127.370137955323585, 36.376063619973706 ], [ 127.37000657460861, 36.375970529461512 ], [ 127.36987319023055, 36.375894342100061 ], [ 127.369721936193528, 36.375833421237957 ], [ 127.369567075480774, 36.375782640225353 ], [ 127.369408391053241, 36.375733843561726 ], [ 127.369245748984994, 36.375694359626792 ], [ 127.36908214868177, 36.375673739840202 ], [ 127.368913074237753, 36.375673701111104 ], [ 127.368118332061613, 36.375701204037888 ], [ 127.368034249776571, 36.375705689027512 ], [ 127.367910294356079, 36.375710007680908 ], [ 127.367796439103586, 36.375715141672792 ], [ 127.367682242978518, 36.375721412004637 ], [ 127.367534293333463, 36.375732562240259 ], [ 127.367420642410181, 36.375743327965196 ], [ 127.367307866890187, 36.375755226887634 ], [ 127.367195273366406, 36.375768242003083 ], [ 127.367082509045389, 36.375782663208078 ], [ 127.366969753533212, 36.375799066782434 ], [ 127.366857351836728, 36.375817145692913 ], [ 127.366745661288959, 36.375837204159339 ], [ 127.366634845642963, 36.375858666290377 ], [ 127.366115245933358, 36.375967546171452 ], [ 127.363631411508862, 36.376446653592843 ], [ 127.363540156572924, 36.376464259737247 ], [ 127.363307223064496, 36.376511997074921 ], [ 127.363192603081714, 36.376537685196304 ], [ 127.363078675308415, 36.376565912719322 ], [ 127.362965989611794, 36.376597793673604 ], [ 127.362855069337371, 36.376633050096842 ], [ 127.362739101456626, 36.376671132262544 ], [ 127.36262871070744, 36.376710053811337 ], [ 127.362522850391656, 36.376750358967151 ], [ 127.36241423664255, 36.376795465981282 ] ], [ [ 127.375962980150391, 36.382321267266072 ], [ 127.375781517213994, 36.382609081874314 ], [ 127.375803507198668, 36.382620844729644 ], [ 127.375703170177005, 36.382795471820799 ], [ 127.375745692845044, 36.382619620020897 ], [ 127.375750673679192, 36.382605519928823 ], [ 127.375757381829928, 36.382589169632979 ], [ 127.375763580013228, 36.382573091062085 ], [ 127.375770992353267, 36.38255701827606 ], [ 127.37577822629892, 36.382540946203363 ], [ 127.375785813197822, 36.382526557657549 ], [ 127.375794456843991, 36.382511607668455 ], [ 127.375803613376362, 36.382496646498332 ], [ 127.375813465368168, 36.382482538906167 ], [ 127.375824193499142, 36.382467861566361 ], [ 127.375835966574769, 36.382452334280451 ], [ 127.375846861273672, 36.38243737673794 ], [ 127.375857762627462, 36.382423824686313 ], [ 127.375870066358345, 36.382409709750505 ], [ 127.375882190593359, 36.382395586510938 ], [ 127.375894307221159, 36.382382031225831 ], [ 127.375906785504625, 36.382369601428799 ], [ 127.375919622346629, 36.38235744967843 ], [ 127.375933838817474, 36.382345013591532 ], [ 127.375962980150391, 36.382321267266072 ] ] ] ] } },
{ "type": "Feature", "properties": { "EMD_CD": "30200127", "EMD_ENG_NM": "Doryong-dong", "EMD_KOR_NM": "도룡동" }, "geometry": { "type": "MultiPolygon", "coordinates": [ [ [ [ 127.375781517213994, 36.382609081874314 ], [ 127.375962980150391, 36.382321267266072 ], [ 127.375933838817474, 36.382345013591532 ], [ 127.375919622346629, 36.38235744967843 ], [ 127.375906785504625, 36.382369601428799 ], [ 127.375894307221159, 36.382382031225831 ], [ 127.375882190593359, 36.382395586510938 ], [ 127.375870066358345, 36.382409709750505 ], [ 127.375857762627462, 36.382423824686313 ], [ 127.375846861273672, 36.38243737673794 ], [ 127.375835966574769, 36.382452334280451 ], [ 127.375824193499142, 36.382467861566361 ], [ 127.375813465368168, 36.382482538906167 ], [ 127.375803613376362, 36.382496646498332 ], [ 127.375794456843991, 36.382511607668455 ], [ 127.375785813197822, 36.382526557657549 ], [ 127.37577822629892, 36.382540946203363 ], [ 127.375770992353267, 36.38255701827606 ], [ 127.375763580013228, 36.382573091062085 ], [ 127.375757381829928, 36.382589169632979 ], [ 127.375750673679192, 36.382605519928823 ], [ 127.375745692845044, 36.382619620020897 ], [ 127.375703170177005, 36.382795471820799 ], [ 127.375803507198668, 36.382620844729644 ], [ 127.375781517213994, 36.382609081874314 ] ] ], [ [ [ 127.381217908449898, 36.392247427783815 ], [ 127.381527843301782, 36.391778404651639 ], [ 127.381543987268259, 36.391763177819691 ], [ 127.381972825247615, 36.391358299366303 ], [ 127.382438491935673, 36.391352426585371 ], [ 127.382439439796713, 36.390685328879087 ], [ 127.383057117208921, 36.390482127934462 ], [ 127.383443226206154, 36.39017904923152 ], [ 127.383450662401671, 36.390168022769878 ], [ 127.383618893710292, 36.389918592544134 ], [ 127.383657231722509, 36.389872401775065 ], [ 127.383722341463965, 36.389793945530144 ], [ 127.384030492054251, 36.389468694248251 ], [ 127.384385378189279, 36.389214573519176 ], [ 127.384483396419782, 36.388771725896348 ], [ 127.384639664266871, 36.388529496485781 ], [ 127.384635853344932, 36.388361666836424 ], [ 127.384435984386556, 36.388003924783895 ], [ 127.384544878126718, 36.387629313590196 ], [ 127.384563892017624, 36.386940655916426 ], [ 127.384958972704254, 36.386776313616267 ], [ 127.38501838563343, 36.386705156155017 ], [ 127.385317093568986, 36.386385148980906 ], [ 127.385487946970272, 36.386112178669961 ], [ 127.385497046821598, 36.385911433154689 ], [ 127.385512881499821, 36.385561757911788 ], [ 127.385584139770401, 36.385324479615711 ], [ 127.38568010777216, 36.385005927999657 ], [ 127.386089451836312, 36.384898577795084 ], [ 127.386444800404831, 36.384805385914206 ], [ 127.386413434031752, 36.384605591189029 ], [ 127.386385664155924, 36.384504524612908 ], [ 127.386330599326712, 36.384304084966644 ], [ 127.386260887308794, 36.384037285795145 ], [ 127.386253942060378, 36.383781188783871 ], [ 127.386343373327733, 36.383682457440266 ], [ 127.386547442675706, 36.3834368185139 ], [ 127.386682841372405, 36.383278219064259 ], [ 127.386770313231295, 36.383109942404595 ], [ 127.38685302840949, 36.382937832314859 ], [ 127.387002462800822, 36.382767021210377 ], [ 127.387207286928131, 36.382537402024049 ], [ 127.387282688320255, 36.382378571370253 ], [ 127.387354697001982, 36.382216454051459 ], [ 127.387587709498888, 36.382053482373728 ], [ 127.387803359457536, 36.381908815509867 ], [ 127.387969192850562, 36.381694874245355 ], [ 127.38821900643957, 36.381380569321529 ], [ 127.388350444231861, 36.381463221721177 ], [ 127.388499385012636, 36.381544673463694 ], [ 127.388596240553937, 36.381602673900034 ], [ 127.388760108768778, 36.381693980521391 ], [ 127.388952510730917, 36.381738765999955 ], [ 127.389117853168813, 36.381769905406252 ], [ 127.389420211219957, 36.381828454381363 ], [ 127.38957246330456, 36.381975011875326 ], [ 127.389724633168839, 36.382111638742821 ], [ 127.390067792165723, 36.382136296059507 ], [ 127.39044596302989, 36.382157459954136 ], [ 127.390614119602134, 36.381983807456997 ], [ 127.390844975967624, 36.381743029880631 ], [ 127.391087300703134, 36.381486859804014 ], [ 127.391235414412975, 36.381209998754265 ], [ 127.391367181831214, 36.380967551878001 ], [ 127.39143072579428, 36.380848553456389 ], [ 127.391734017181534, 36.380866811666493 ], [ 127.391961127214643, 36.380876640306525 ], [ 127.392324394378136, 36.380827239856416 ], [ 127.392529036287215, 36.380812520757942 ], [ 127.392750690059827, 36.380796583499368 ], [ 127.393013705448851, 36.380759315320745 ], [ 127.393091754524946, 36.380610988877216 ], [ 127.393169033981223, 36.38045384291231 ], [ 127.393257499751059, 36.380269588996597 ], [ 127.393395540297547, 36.38012813133777 ], [ 127.393566965509777, 36.379957239862129 ], [ 127.393767450132785, 36.379934098195918 ], [ 127.393982719901075, 36.379908122464698 ], [ 127.394118734537031, 36.379767778231781 ], [ 127.394239261882987, 36.379628071745785 ], [ 127.394370464968333, 36.379479470290562 ], [ 127.394520317332152, 36.379309811209957 ], [ 127.39466334047296, 36.379131901334418 ], [ 127.394660942835003, 36.378890198873329 ], [ 127.394808492393324, 36.378695170088541 ], [ 127.3949105824138, 36.378668141356322 ], [ 127.394996503101055, 36.37864119278693 ], [ 127.395194847884085, 36.378609801411798 ], [ 127.395379035732148, 36.378580050542318 ], [ 127.395424160427211, 36.378512016938771 ], [ 127.395509574883491, 36.378300763148857 ], [ 127.395689961820239, 36.378226966854044 ], [ 127.395767749480456, 36.378127780795161 ], [ 127.395830877265269, 36.378045223976258 ], [ 127.396042746121068, 36.377955813423647 ], [ 127.396367241490097, 36.377818899916115 ], [ 127.396616881154557, 36.377803241532028 ], [ 127.396885292244548, 36.377779761153811 ], [ 127.396905851678738, 36.377753037046858 ], [ 127.397003375992568, 36.377608067885397 ], [ 127.397080731359253, 36.377470258104047 ], [ 127.397110391227926, 36.377277517814832 ], [ 127.397183424313923, 36.377025716434233 ], [ 127.397198739165106, 36.377024034924773 ], [ 127.397244036950909, 36.37701909890545 ], [ 127.397322782131027, 36.377010457892581 ], [ 127.397335014329357, 36.376939405390885 ], [ 127.397588227096961, 36.376745446927472 ], [ 127.397917592358965, 36.376581513628395 ], [ 127.398123554268921, 36.376475844144288 ], [ 127.398416134089189, 36.376354026907599 ], [ 127.398684009617867, 36.376239409862364 ], [ 127.398917273328223, 36.376155816641038 ], [ 127.399110752475096, 36.376094073544664 ], [ 127.399325579824961, 36.376044876063474 ], [ 127.399483632459862, 36.376007492084447 ], [ 127.399798431832025, 36.375942973695423 ], [ 127.400045094445488, 36.375893298954026 ], [ 127.400170655001091, 36.375882895441322 ], [ 127.400858312231151, 36.375524342666139 ], [ 127.40057766796339, 36.375390762323967 ], [ 127.400926257218387, 36.374982938493822 ], [ 127.400467011125556, 36.374769311938678 ], [ 127.400246444875037, 36.374666710412569 ], [ 127.399749540890483, 36.374468985544276 ], [ 127.397925366220719, 36.373903371779399 ], [ 127.397328652162443, 36.373763696339154 ], [ 127.396438093818986, 36.373672021613196 ], [ 127.396031001806961, 36.373599627058567 ], [ 127.395846776687492, 36.373566864951272 ], [ 127.395553480434174, 36.373514705927526 ], [ 127.394977969382765, 36.373438871366204 ], [ 127.394743795711463, 36.373408013937514 ], [ 127.394235748884157, 36.373341065648823 ], [ 127.393086211480906, 36.373131379682299 ], [ 127.392962848019025, 36.372874719822335 ], [ 127.392844981030322, 36.372629491732958 ], [ 127.392652856420469, 36.372126306515362 ], [ 127.392787432159693, 36.37175490246721 ], [ 127.392838245066585, 36.37161466586285 ], [ 127.3929004566629, 36.371442970730726 ], [ 127.392902937644962, 36.371436124049744 ], [ 127.392910288824694, 36.371415837253501 ], [ 127.392910813670127, 36.37141438806762 ], [ 127.392916742536769, 36.371405226681517 ], [ 127.392678537013197, 36.371497608118005 ], [ 127.392602707042514, 36.371517832517753 ], [ 127.39238530377142, 36.371535954233693 ], [ 127.392255373783414, 36.371547064103254 ], [ 127.392144321511125, 36.371556559335602 ], [ 127.392058003017439, 36.371551632779934 ], [ 127.391954216245949, 36.371544868154992 ], [ 127.391879072311397, 36.371539970645202 ], [ 127.391700579191323, 36.371517610169406 ], [ 127.391504855371593, 36.371490231871121 ], [ 127.391178902329798, 36.371420671241985 ], [ 127.390991917484058, 36.371346926287025 ], [ 127.390877769513494, 36.371300563991284 ], [ 127.390814528688395, 36.371284423011005 ], [ 127.39069528944782, 36.371253982282248 ], [ 127.390576687092732, 36.371221791251202 ], [ 127.390234952626983, 36.371175980473808 ], [ 127.390192066607057, 36.371170109429876 ], [ 127.389899668369722, 36.371136617087757 ], [ 127.389751412142331, 36.371142010341273 ], [ 127.389613101474382, 36.371146164101695 ], [ 127.389516938774491, 36.371149179804981 ], [ 127.389442146922164, 36.371151783638645 ], [ 127.389275436849815, 36.371157020159949 ], [ 127.389115354161845, 36.371166091486216 ], [ 127.388894223607281, 36.371163077755696 ], [ 127.388825003188444, 36.3711634912233 ], [ 127.388802309525175, 36.371166691897983 ], [ 127.388776854011965, 36.371170271311037 ], [ 127.388494583931205, 36.371199364899951 ], [ 127.388172997823673, 36.371248339884112 ], [ 127.387901688946954, 36.371278902045425 ], [ 127.387796649226786, 36.371289451941308 ], [ 127.387526668771926, 36.371318557639533 ], [ 127.387401282014793, 36.37133139029185 ], [ 127.386967126047495, 36.371376083108558 ], [ 127.386660278725486, 36.371410830255691 ], [ 127.386578603810591, 36.371421060752311 ], [ 127.386450087971141, 36.371434361799238 ], [ 127.385973217430703, 36.371467410766982 ], [ 127.385774806737459, 36.371482305920878 ], [ 127.385562965900561, 36.371480869094285 ], [ 127.385495065718317, 36.371480105414662 ], [ 127.385339136501756, 36.371470576215046 ], [ 127.385130658532219, 36.371468704648024 ], [ 127.384999452515515, 36.371472208177671 ], [ 127.384997121067769, 36.371471756040499 ], [ 127.384404617127174, 36.371477774341486 ], [ 127.384116524544595, 36.371483527454863 ], [ 127.383695773012008, 36.371478152290528 ], [ 127.383365216333587, 36.371486724987605 ], [ 127.383153604378322, 36.37148655347179 ], [ 127.382841696447329, 36.371487270112986 ], [ 127.381932527850452, 36.371480661708809 ], [ 127.381448076914893, 36.371490448956237 ], [ 127.380524959099262, 36.371514126216518 ], [ 127.380521170928347, 36.371514218845412 ], [ 127.380142664215072, 36.371525305241171 ], [ 127.380092221539726, 36.371516642575479 ], [ 127.380064378800128, 36.371513027091375 ], [ 127.379895102843975, 36.37197353570982 ], [ 127.379738583348072, 36.371984926750599 ], [ 127.379674749041357, 36.372002359513708 ], [ 127.37903100627355, 36.372011136034459 ], [ 127.379023264342024, 36.37200953779854 ], [ 127.379004825908652, 36.37244612962737 ], [ 127.379006869952576, 36.372705334590073 ], [ 127.379008797350664, 36.372733129873261 ], [ 127.37902407229447, 36.373057519175248 ], [ 127.379023639694708, 36.373489331434087 ], [ 127.378907500398952, 36.373694416155587 ], [ 127.378825956587335, 36.37383840976424 ], [ 127.378736672643583, 36.373974379849209 ], [ 127.378600980302721, 36.374111326282573 ], [ 127.37934320412954, 36.374480071566083 ], [ 127.379687645656773, 36.374666739885747 ], [ 127.379843360709515, 36.374812469624928 ], [ 127.379825789210329, 36.374824366367527 ], [ 127.379790167467448, 36.374848459567147 ], [ 127.379757612442816, 36.374870505799059 ], [ 127.379709482205101, 36.374941849891215 ], [ 127.379691349720545, 36.374994625962159 ], [ 127.379684816431904, 36.375196543294912 ], [ 127.379672996518281, 36.37538131983348 ], [ 127.379628522790824, 36.37572700344856 ], [ 127.379590199524941, 36.375938898020735 ], [ 127.379533068913787, 36.376156286238327 ], [ 127.379527247120762, 36.376178464263106 ], [ 127.379475529946191, 36.376351544128802 ], [ 127.379382489803959, 36.376662758449974 ], [ 127.379228564961082, 36.377155173042944 ], [ 127.379165428508117, 36.377357143227776 ], [ 127.379082977943895, 36.377620904322946 ], [ 127.379078829896798, 36.377634182322488 ], [ 127.379077853758403, 36.377637429536897 ], [ 127.378874876891359, 36.378314034591085 ], [ 127.378812114905941, 36.378595846265831 ], [ 127.378770104159102, 36.37903502690201 ], [ 127.378768467300844, 36.379060706212989 ], [ 127.378766913754276, 36.379085159528209 ], [ 127.378763318819367, 36.3791415654877 ], [ 127.378760895286831, 36.379179737396768 ], [ 127.378756142887568, 36.379254720902061 ], [ 127.378733904682846, 36.379269984403464 ], [ 127.378688287512361, 36.379289999279877 ], [ 127.378551634456315, 36.379349952052259 ], [ 127.378485962072432, 36.379528139527991 ], [ 127.37867371509509, 36.379521689295302 ], [ 127.378681033771144, 36.379424205338104 ], [ 127.3787648067144, 36.379426473119004 ], [ 127.378774210735799, 36.379606118086166 ], [ 127.378774546950723, 36.379735605215487 ], [ 127.378578436915149, 36.38012564448934 ], [ 127.378503889184358, 36.380268480135356 ], [ 127.378432970277416, 36.380387206243327 ], [ 127.378436622508715, 36.380502003634078 ], [ 127.378439007994359, 36.381234155752466 ], [ 127.378368272390105, 36.381282645594844 ], [ 127.37814157290255, 36.381281485894306 ], [ 127.3779440365158, 36.381376838559987 ], [ 127.377915705138761, 36.381355750422522 ], [ 127.377878613453063, 36.381387750624228 ], [ 127.377827554363577, 36.381449091976002 ], [ 127.377809357524811, 36.381468217128386 ], [ 127.377659646428569, 36.381576008543924 ], [ 127.377632715620166, 36.381593458589101 ], [ 127.377635743683911, 36.381569595526919 ], [ 127.377637686796447, 36.381554251699079 ], [ 127.377243728711207, 36.381771203324355 ], [ 127.377214723391205, 36.381786217888127 ], [ 127.377185706240567, 36.381800952958258 ], [ 127.377126296755847, 36.381829301044178 ], [ 127.377094489126137, 36.381843197469159 ], [ 127.377062685282439, 36.381855409831815 ], [ 127.377032257939717, 36.38186649039681 ], [ 127.377001842407168, 36.381877850440638 ], [ 127.376984287477896, 36.381884376353256 ], [ 127.376970907085152, 36.381890050160742 ], [ 127.376937343638673, 36.381900293517866 ], [ 127.37691804871632, 36.381906554360071 ], [ 127.376898054950175, 36.381913376123492 ], [ 127.376877372373954, 36.381920758818254 ], [ 127.376566671058697, 36.382021430039323 ], [ 127.376545973039754, 36.382027974237609 ], [ 127.376525810200931, 36.382034508173717 ], [ 127.376505816367924, 36.382041329871235 ], [ 127.376486522044019, 36.382047870118413 ], [ 127.376466530641409, 36.382055258874125 ], [ 127.376446705374065, 36.382062638785065 ], [ 127.376427760236055, 36.382069736533602 ], [ 127.376389876604037, 36.382085346528889 ], [ 127.376370414089024, 36.382093860029897 ], [ 127.376350948018455, 36.382101806461762 ], [ 127.376332011312002, 36.382110589163112 ], [ 127.376312892632427, 36.382118822639121 ], [ 127.376294478823141, 36.38212760407928 ], [ 127.376276230455915, 36.382136113427954 ], [ 127.376258001026784, 36.38214602106644 ], [ 127.376239408801482, 36.382154811326323 ], [ 127.376221513831211, 36.382164726522056 ], [ 127.376202058610133, 36.382174924962342 ], [ 127.376184872975941, 36.382183990753767 ], [ 127.376167500899527, 36.382193903785129 ], [ 127.376149260947372, 36.382204098983841 ], [ 127.376113137808517, 36.382224488845715 ], [ 127.376095945885908, 36.382234680628358 ], [ 127.376078064475976, 36.382245154765123 ], [ 127.376060349189132, 36.382255627270524 ], [ 127.376043514032787, 36.382265818518583 ], [ 127.376026147916349, 36.382276857546188 ], [ 127.376023003417657, 36.382295143578766 ], [ 127.375991970158225, 36.382319527116337 ], [ 127.375957328027383, 36.38236044000849 ], [ 127.375914721450215, 36.382474436044674 ], [ 127.375882583718592, 36.382591399185948 ], [ 127.375802774267441, 36.382754147749068 ], [ 127.375769213847619, 36.382823147076124 ], [ 127.375633241131212, 36.383101248431174 ], [ 127.375624032387776, 36.383121561913136 ], [ 127.375550871169395, 36.383427610019339 ], [ 127.37557275994584, 36.383453170719562 ], [ 127.375512005926325, 36.383713292618388 ], [ 127.375506375379118, 36.38373611881881 ], [ 127.37550002422563, 36.383755009082449 ], [ 127.375494015162687, 36.383773330841322 ], [ 127.37548713754137, 36.383791655289912 ], [ 127.375479733441836, 36.383809422037523 ], [ 127.375472327559905, 36.383826909308574 ], [ 127.375455447677666, 36.38386525338796 ], [ 127.375446358516072, 36.383894290179398 ], [ 127.375433936638359, 36.383918551657935 ], [ 127.375420444318749, 36.383938023080709 ], [ 127.375410924118981, 36.383951570235531 ], [ 127.375401425923272, 36.383967370335043 ], [ 127.375390184329234, 36.383984302717828 ], [ 127.375378080664191, 36.384000669832069 ], [ 127.37536544113307, 36.38401676772353 ], [ 127.375345184359404, 36.384041045262293 ], [ 127.375325438957944, 36.384062798153373 ], [ 127.375306038535243, 36.384084262014447 ], [ 127.37529840658155, 36.384091882696247 ], [ 127.375284545070656, 36.384106570197538 ], [ 127.375269634160148, 36.384120701246388 ], [ 127.375255765990445, 36.384133983252795 ], [ 127.375241390267675, 36.38414810404516 ], [ 127.375225253538417, 36.384162519577878 ], [ 127.375209484094398, 36.384176645204057 ], [ 127.375194414038802, 36.384194714857458 ], [ 127.375022772868434, 36.384279735941064 ], [ 127.375001412290899, 36.384292194102102 ], [ 127.374262060870223, 36.384778878628872 ], [ 127.374237934242018, 36.384795851270177 ], [ 127.374213987761166, 36.38481311078484 ], [ 127.37419160533085, 36.384831204072739 ], [ 127.374168013533577, 36.384850427486938 ], [ 127.374145468044333, 36.384869359014608 ], [ 127.374124140274688, 36.384888863405777 ], [ 127.374103338981584, 36.384908916484228 ], [ 127.374083408006854, 36.384929254468886 ], [ 127.374064004138518, 36.384950438646833 ], [ 127.374046687376065, 36.38496964258492 ], [ 127.374032335663145, 36.384991369458206 ], [ 127.374015549204486, 36.385014238674131 ], [ 127.374003116558157, 36.385036518425764 ], [ 127.373989647741809, 36.385061062613403 ], [ 127.373976701182116, 36.385085326981248 ], [ 127.373967058718506, 36.385105912127059 ], [ 127.373957411723637, 36.385127903652872 ], [ 127.373949666019882, 36.385149051573045 ], [ 127.37390238954373, 36.385313101967661 ], [ 127.373925949089738, 36.385359492777027 ], [ 127.37395389814202, 36.385414881021944 ], [ 127.373786791305974, 36.385392593414196 ], [ 127.373578721441262, 36.385364801160158 ], [ 127.372456531412041, 36.385217905491047 ], [ 127.372367671242586, 36.385206349245671 ], [ 127.372353260094883, 36.385206393170499 ], [ 127.372376651734612, 36.385222253814284 ], [ 127.372239480023367, 36.385326349325446 ], [ 127.372229899386639, 36.385404951411445 ], [ 127.372145342140129, 36.385515696607982 ], [ 127.372060969868969, 36.385540911159268 ], [ 127.371962797773321, 36.385547082112552 ], [ 127.371864641142352, 36.385596328970443 ], [ 127.371838536554975, 36.385614838789955 ], [ 127.371807157424243, 36.385637104959883 ], [ 127.371775515445009, 36.385627632499677 ], [ 127.371689133810264, 36.385697082644853 ], [ 127.371562012937417, 36.385770416391289 ], [ 127.371519033365388, 36.385871074961081 ], [ 127.37151594339997, 36.386009304871592 ], [ 127.371505941410334, 36.386050501084945 ], [ 127.371505287824974, 36.386110250120282 ], [ 127.37141115179611, 36.386185040393386 ], [ 127.371302752165718, 36.38625809132526 ], [ 127.371276784148662, 36.386284089269353 ], [ 127.37123749171711, 36.386358367596209 ], [ 127.371178641350085, 36.386409771716814 ], [ 127.371129254782844, 36.386479999243932 ], [ 127.371097952592663, 36.386530650852599 ], [ 127.371062893077408, 36.386604519936633 ], [ 127.371016192328256, 36.386665393376468 ], [ 127.370960956452791, 36.386712767893194 ], [ 127.370841432740292, 36.38676697240119 ], [ 127.370716239376577, 36.386845643490211 ], [ 127.370546149547479, 36.386921398384303 ], [ 127.370517988851162, 36.386952783097264 ], [ 127.370458025101982, 36.387030585110047 ], [ 127.370397373508297, 36.387108912829795 ], [ 127.370337670368897, 36.387166167417398 ], [ 127.370290417597658, 36.38719071735855 ], [ 127.370209713508032, 36.387207313299676 ], [ 127.370189671067266, 36.3872233619295 ], [ 127.370156840667846, 36.387261924805991 ], [ 127.370119509322052, 36.387287011176717 ], [ 127.370089842992726, 36.387323076672239 ], [ 127.370064006789818, 36.38737233303759 ], [ 127.370032509622334, 36.387403061255952 ], [ 127.369977668978947, 36.387428273460159 ], [ 127.36995375033672, 36.387468349839381 ], [ 127.369936043272858, 36.387504523122686 ], [ 127.369925100414079, 36.387549624481068 ], [ 127.369886615778697, 36.387684647351293 ], [ 127.369805583912168, 36.387790143321283 ], [ 127.369720617379102, 36.387933708261315 ], [ 127.369692787061155, 36.388009411394705 ], [ 127.369662295142291, 36.388045479474513 ], [ 127.369495061268381, 36.38814853790349 ], [ 127.369465873450025, 36.388182160623856 ], [ 127.369437840827501, 36.388243444419118 ], [ 127.369416273069263, 36.388328454576872 ], [ 127.369419334073186, 36.388469396659914 ], [ 127.369400283321681, 36.388518523340139 ], [ 127.369349936207811, 36.38861038122419 ], [ 127.369254104684899, 36.388652922005846 ], [ 127.369230462362609, 36.388676218382734 ], [ 127.369204564787935, 36.388738739575778 ], [ 127.369196184139142, 36.388769738376119 ], [ 127.369032577919256, 36.38848139154279 ], [ 127.369035804727176, 36.388432781984584 ], [ 127.368865463407275, 36.388536760145541 ], [ 127.368614400975588, 36.38867320160869 ], [ 127.368163534110522, 36.388853719941864 ], [ 127.367612261502899, 36.388784200505341 ], [ 127.367792177639032, 36.389197959335846 ], [ 127.367854846787907, 36.389342088320333 ], [ 127.368347411302253, 36.389680404994863 ], [ 127.368753656240514, 36.390102253137613 ], [ 127.369133467839461, 36.390559524098002 ], [ 127.369609227379044, 36.390702262757614 ], [ 127.370122779659312, 36.391131660401783 ], [ 127.370128629049105, 36.391135769689484 ], [ 127.370132958716184, 36.391139153378582 ], [ 127.37014385524914, 36.39114768119645 ], [ 127.370680136704166, 36.391269934473982 ], [ 127.370911267468571, 36.391457057931916 ], [ 127.371239679456636, 36.391777640207081 ], [ 127.37136488703112, 36.391848786431815 ], [ 127.3714985428727, 36.391901027654647 ], [ 127.371713155595657, 36.391988730867489 ], [ 127.371793739156814, 36.392267697127274 ], [ 127.37221696476368, 36.39253569697474 ], [ 127.372393233150035, 36.392521740808846 ], [ 127.372829521928949, 36.392418958560931 ], [ 127.373109789526822, 36.392354465443169 ], [ 127.373243772006717, 36.392383552014103 ], [ 127.373656745408681, 36.392473193643184 ], [ 127.373857990056621, 36.392456525900926 ], [ 127.37397012419315, 36.392450048267385 ], [ 127.374078814632099, 36.392443761585895 ], [ 127.374229401500642, 36.392415860228546 ], [ 127.374500857144497, 36.392366792227861 ], [ 127.374780405030521, 36.392310569551064 ], [ 127.374809442873101, 36.392348318485531 ], [ 127.374912564150421, 36.392331179754528 ], [ 127.375061002527701, 36.392140949498589 ], [ 127.375172636994051, 36.391992890598182 ], [ 127.37522715145829, 36.391973813289809 ], [ 127.375343542308514, 36.39192788618287 ], [ 127.375535951861011, 36.391849522811754 ], [ 127.375757232004801, 36.391848298138221 ], [ 127.376008905791451, 36.391853925045154 ], [ 127.376030525061964, 36.392041155515102 ], [ 127.376072277021251, 36.392310391192211 ], [ 127.376171065207089, 36.392442371317919 ], [ 127.37628541960288, 36.392580332185432 ], [ 127.376640832047158, 36.392647930210323 ], [ 127.376862462512833, 36.392689219026799 ], [ 127.377016547972957, 36.392721492109871 ], [ 127.377171147251261, 36.392823332853787 ], [ 127.377365099017155, 36.392954220058769 ], [ 127.377474558641225, 36.39306349347585 ], [ 127.377568699327639, 36.393118744857325 ], [ 127.377780765928932, 36.393226477292664 ], [ 127.378386045571972, 36.393424374944985 ], [ 127.378795448390463, 36.393635576104067 ], [ 127.38003633148378, 36.393367754210843 ], [ 127.380589825727796, 36.39311006840132 ], [ 127.380715469734156, 36.392727144266843 ], [ 127.381217908449898, 36.392247427783815 ] ] ] ] } },
{ "type": "Feature", "properties": { "EMD_CD": "30200128", "EMD_ENG_NM": "Jang-dong", "EMD_KOR_NM": "장동" }, "geometry": { "type": "MultiPolygon", "coordinates": [ [ [ [ 127.350452336533621, 36.409033835275075 ], [ 127.351133132262959, 36.409002187035576 ], [ 127.351367058936248, 36.408836841311242 ], [ 127.351837065817818, 36.40852211267859 ], [ 127.352334647643005, 36.408519272330338 ], [ 127.352533249240992, 36.408519509358435 ], [ 127.352700146828681, 36.408525128340365 ], [ 127.352743618779229, 36.40852836216726 ], [ 127.352765784357672, 36.408531333250288 ], [ 127.352864008488027, 36.40855479961845 ], [ 127.352927931834827, 36.408569200779283 ], [ 127.353170910829121, 36.4085705133649 ], [ 127.353200340866508, 36.408572679310403 ], [ 127.353363147857578, 36.408598171826597 ], [ 127.353445890266613, 36.408610066367125 ], [ 127.353630954696712, 36.408535418504123 ], [ 127.353795116472071, 36.408468590484325 ], [ 127.353915409282308, 36.408419014629636 ], [ 127.354127270666481, 36.408393192368443 ], [ 127.354335537217366, 36.408370949767928 ], [ 127.354461231335065, 36.408238891327166 ], [ 127.354463705507342, 36.408236297979109 ], [ 127.354595141116619, 36.408136646390233 ], [ 127.35474330982386, 36.408216420614082 ], [ 127.354873122712078, 36.408201428994651 ], [ 127.354983733773892, 36.408151158622154 ], [ 127.355086664458, 36.408111130882062 ], [ 127.355257518488997, 36.408045308839796 ], [ 127.35544023231418, 36.407974143287689 ], [ 127.355557916577851, 36.407969451347967 ], [ 127.355639358462483, 36.407965100894756 ], [ 127.355669496994224, 36.407963451840509 ], [ 127.355756723593601, 36.407958687356953 ], [ 127.355927471531274, 36.408029390367176 ], [ 127.356058038719254, 36.408094716198704 ], [ 127.356322023176475, 36.408226663683799 ], [ 127.356367401726573, 36.408266783527957 ], [ 127.356855421573457, 36.408505158269968 ], [ 127.357030169044265, 36.408491472733374 ], [ 127.357045626963725, 36.408057157121334 ], [ 127.35767381470832, 36.408114031526402 ], [ 127.357790421990046, 36.407895350859484 ], [ 127.357920170866436, 36.407783597800965 ], [ 127.35800699677894, 36.407727854420706 ], [ 127.358130495235386, 36.407641442721648 ], [ 127.358203199728791, 36.407576775172757 ], [ 127.358310492505538, 36.407489141207499 ], [ 127.358437107066877, 36.407340899974521 ], [ 127.358509221698682, 36.407261869321758 ], [ 127.358600817075498, 36.407096277589069 ], [ 127.358754216198889, 36.40677429353115 ], [ 127.358827511054187, 36.406619615248182 ], [ 127.358866721833607, 36.406510547691028 ], [ 127.358951846737696, 36.406302935929965 ], [ 127.358973414760612, 36.40620478819524 ], [ 127.359003983565458, 36.406075785647801 ], [ 127.359024855157088, 36.405981507320213 ], [ 127.359036134416627, 36.405910353409361 ], [ 127.359053596449655, 36.405821014074739 ], [ 127.359137922743756, 36.405738720534579 ], [ 127.359213224495335, 36.405691697405764 ], [ 127.359287174783759, 36.405646327821856 ], [ 127.359325216717195, 36.405615646393947 ], [ 127.359520776385224, 36.405559440757159 ], [ 127.359583851124086, 36.40546453993877 ], [ 127.35963607764495, 36.40538614396344 ], [ 127.359651393469989, 36.405339562268111 ], [ 127.359687288084515, 36.405292999593847 ], [ 127.3597788183381, 36.405189488613935 ], [ 127.359907529462419, 36.405059848532602 ], [ 127.360009009856824, 36.404974591547187 ], [ 127.36026460721564, 36.404762519701556 ], [ 127.360522467783127, 36.404543303572524 ], [ 127.360542076977637, 36.404528645358738 ], [ 127.360625140573845, 36.404645051046984 ], [ 127.360985286221165, 36.40439046230906 ], [ 127.361261700696105, 36.404218733552611 ], [ 127.361493746847032, 36.404073965491271 ], [ 127.361877989687841, 36.403708368482299 ], [ 127.362310737667386, 36.403196788470723 ], [ 127.362523574111862, 36.402751583925102 ], [ 127.362535709337294, 36.402307167087542 ], [ 127.362585378514254, 36.402267356646682 ], [ 127.362992713914238, 36.402192526018531 ], [ 127.363099845012371, 36.402272531753738 ], [ 127.363100091148553, 36.402325555325717 ], [ 127.363185997425049, 36.402371686771083 ], [ 127.363327332145062, 36.402437602272151 ], [ 127.3635410214345, 36.402547842703157 ], [ 127.363776062616225, 36.402666137266216 ], [ 127.363868654947822, 36.402725837590815 ], [ 127.363970994603633, 36.402786751701861 ], [ 127.364031281966277, 36.402822633334551 ], [ 127.364086225924936, 36.402843536237626 ], [ 127.364176180943304, 36.402897035293847 ], [ 127.364377727137878, 36.403034966875836 ], [ 127.364465268990742, 36.403149581029687 ], [ 127.364489892945187, 36.403194916389367 ], [ 127.364514192618543, 36.403213432762286 ], [ 127.364553711586851, 36.403208608929361 ], [ 127.36468974164373, 36.403291029990413 ], [ 127.364744598697968, 36.403324268978047 ], [ 127.364867138117646, 36.403408614475701 ], [ 127.364915992451415, 36.403474106740283 ], [ 127.364983501258649, 36.403564585374163 ], [ 127.365071212655948, 36.403631535567442 ], [ 127.365099749055261, 36.403698117031723 ], [ 127.365158679006669, 36.403720105822238 ], [ 127.365335322996103, 36.403831446577733 ], [ 127.365439785666666, 36.403897282372434 ], [ 127.365547318220649, 36.403966642029594 ], [ 127.365566629291123, 36.403979100562353 ], [ 127.365648999571633, 36.404076841291484 ], [ 127.365650055349803, 36.404080893050065 ], [ 127.365658705323312, 36.404114146671155 ], [ 127.365659477447977, 36.404117136109058 ], [ 127.365698129401324, 36.404267935995414 ], [ 127.365764772913749, 36.40438041404164 ], [ 127.36579593703253, 36.404436479308934 ], [ 127.365799449867069, 36.404448787330537 ], [ 127.365923546008389, 36.40464149154954 ], [ 127.365970159522377, 36.404713874798993 ], [ 127.366183838170244, 36.404908053368622 ], [ 127.366190610511808, 36.404911628379359 ], [ 127.366377879159813, 36.405007579738147 ], [ 127.366585039891717, 36.405044912596395 ], [ 127.366615255853688, 36.405019614734009 ], [ 127.366462526731354, 36.404981511364134 ], [ 127.36641837397552, 36.404965839796894 ], [ 127.366338744569191, 36.404937453519835 ], [ 127.366358599743194, 36.40490897964132 ], [ 127.366370337995747, 36.404892137084396 ], [ 127.366438405281286, 36.404796243890615 ], [ 127.366485459212001, 36.404752961617234 ], [ 127.366556388945469, 36.404687473759573 ], [ 127.366581479384024, 36.404665219075731 ], [ 127.366614873314433, 36.404594952162306 ], [ 127.366689232613965, 36.404435589457457 ], [ 127.366834101830662, 36.404123831059017 ], [ 127.366869134439966, 36.404053721879009 ], [ 127.36701130786966, 36.403714089516477 ], [ 127.367459837810202, 36.403653654067355 ], [ 127.367734467390818, 36.403570671684058 ], [ 127.3679678737236, 36.403500151273832 ], [ 127.368183890825279, 36.403434875013872 ], [ 127.368635873995146, 36.403495225515648 ], [ 127.368733502058134, 36.403508261951089 ], [ 127.36890363659387, 36.403533575562356 ], [ 127.369076508319409, 36.403552805760398 ], [ 127.369216262799171, 36.403577482123495 ], [ 127.36921696434456, 36.40357020758173 ], [ 127.370038842282668, 36.402944891112831 ], [ 127.371264929294043, 36.402509246124986 ], [ 127.371254493344779, 36.401826595117093 ], [ 127.371055943851886, 36.401478271035771 ], [ 127.370961201535749, 36.401245343733152 ], [ 127.370699695162372, 36.40089495153105 ], [ 127.370514313986732, 36.400381295463227 ], [ 127.370514841509134, 36.400372633268965 ], [ 127.36986708889782, 36.400422448252165 ], [ 127.369484386649589, 36.400143474841883 ], [ 127.369887513354982, 36.399556053700934 ], [ 127.369689563111748, 36.399367753459522 ], [ 127.36962215178788, 36.399356452343952 ], [ 127.369420024260322, 36.399245196957551 ], [ 127.369279583855942, 36.399082880307638 ], [ 127.368627660423996, 36.398909880551443 ], [ 127.368547720465813, 36.398740887788328 ], [ 127.36833833990184, 36.39854318496225 ], [ 127.368079347879913, 36.398296521216885 ], [ 127.367986700279943, 36.398079247901521 ], [ 127.367867869938479, 36.397637465814782 ], [ 127.367855619715897, 36.397630447243522 ], [ 127.367391627982926, 36.397364621291466 ], [ 127.367109210994954, 36.396932243296909 ], [ 127.367197580468158, 36.396598434924528 ], [ 127.367913893157876, 36.396017296601045 ], [ 127.36802186903769, 36.3958053094766 ], [ 127.367753860199016, 36.395395201399936 ], [ 127.367722883950009, 36.394950870410639 ], [ 127.367226214580455, 36.393956797087704 ], [ 127.368206499354486, 36.393008895074594 ], [ 127.368590805798831, 36.392637274301791 ], [ 127.368789937895514, 36.392744530494738 ], [ 127.3695737692113, 36.392962001562218 ], [ 127.369875418706286, 36.393126443944375 ], [ 127.370382613555208, 36.393272804893769 ], [ 127.371466234645183, 36.393635532636715 ], [ 127.371463330523085, 36.393617698153264 ], [ 127.372032269340394, 36.392728073301754 ], [ 127.37221696476368, 36.39253569697474 ], [ 127.371793739156814, 36.392267697127274 ], [ 127.371713155595657, 36.391988730867489 ], [ 127.3714985428727, 36.391901027654647 ], [ 127.37136488703112, 36.391848786431815 ], [ 127.371239679456636, 36.391777640207081 ], [ 127.370911267468571, 36.391457057931916 ], [ 127.370680136704166, 36.391269934473982 ], [ 127.37014385524914, 36.39114768119645 ], [ 127.370132958716184, 36.391139153378582 ], [ 127.370128629049105, 36.391135769689484 ], [ 127.370122779659312, 36.391131660401783 ], [ 127.369609227379044, 36.390702262757614 ], [ 127.369133467839461, 36.390559524098002 ], [ 127.368753656240514, 36.390102253137613 ], [ 127.368347411302253, 36.389680404994863 ], [ 127.367854846787907, 36.389342088320333 ], [ 127.367792177639032, 36.389197959335846 ], [ 127.367612261502899, 36.388784200505341 ], [ 127.367345081725446, 36.388685621547019 ], [ 127.367106443328709, 36.38835539924164 ], [ 127.367091261033224, 36.388188325274598 ], [ 127.366923992872898, 36.387863264766231 ], [ 127.366675941628301, 36.387623980795631 ], [ 127.366627251242122, 36.387410292344214 ], [ 127.366633588673196, 36.387097262511027 ], [ 127.366662492654612, 36.38695014938051 ], [ 127.366663144035641, 36.386627071873946 ], [ 127.366118264616048, 36.385963442386632 ], [ 127.366031240068907, 36.385841159505397 ], [ 127.366003257500239, 36.385803746770677 ], [ 127.365396482420564, 36.385506897571325 ], [ 127.365370956618463, 36.385494412964121 ], [ 127.365250435272173, 36.385435447202333 ], [ 127.36515092193919, 36.385347445402374 ], [ 127.365017409939227, 36.385229384665209 ], [ 127.364855549358467, 36.385086249581676 ], [ 127.364671300731587, 36.385027125589623 ], [ 127.364554257510846, 36.384989560901822 ], [ 127.364458300341923, 36.384884875288996 ], [ 127.364334709436463, 36.384750031472947 ], [ 127.364282396044914, 36.384692966806909 ], [ 127.364250471005107, 36.384658134713845 ], [ 127.363836901239551, 36.384246232495514 ], [ 127.363784824674028, 36.384194367000127 ], [ 127.363505065602538, 36.38424832890783 ], [ 127.363452960970022, 36.38425537186783 ], [ 127.363405075434642, 36.384263627730874 ], [ 127.363106706630205, 36.384315969684167 ], [ 127.363014533064117, 36.384332037222826 ], [ 127.362914453021219, 36.384349489284141 ], [ 127.362909296946981, 36.384350387537417 ], [ 127.362892001871643, 36.384353386696631 ], [ 127.362783078626066, 36.3843722987829 ], [ 127.362698742413727, 36.384362415639785 ], [ 127.36264976005161, 36.384381712758163 ], [ 127.36251292940301, 36.384405484762659 ], [ 127.362391617785804, 36.384425551363655 ], [ 127.362350970578547, 36.384432450315515 ], [ 127.361421259251145, 36.384590715553109 ], [ 127.361388940955734, 36.384596219359182 ], [ 127.36133672220555, 36.384605109396503 ], [ 127.361280048894457, 36.384614760483103 ], [ 127.361241338752492, 36.384621346696598 ], [ 127.361101389360059, 36.384628617238953 ], [ 127.361080553906717, 36.384114448791706 ], [ 127.361078926449679, 36.384073297473812 ], [ 127.361076520479088, 36.384013070682585 ], [ 127.361074014982819, 36.383950528646345 ], [ 127.361084271336409, 36.383946271057113 ], [ 127.3610833911914, 36.38393907401538 ], [ 127.361082997817533, 36.38393585779783 ], [ 127.361070659933006, 36.383938201698236 ], [ 127.36105151405188, 36.383502763033334 ], [ 127.361047258636177, 36.383401484721652 ], [ 127.361043584521596, 36.383208827163038 ], [ 127.361018559518882, 36.382759942427484 ], [ 127.361018097724326, 36.382756338470934 ], [ 127.361005008187078, 36.382624358085693 ], [ 127.360956630480288, 36.382162296120477 ], [ 127.360930524633972, 36.382108214201047 ], [ 127.360932941107009, 36.38209559112132 ], [ 127.360940469017237, 36.382065289649084 ], [ 127.360984730146313, 36.382044519079017 ], [ 127.36099284970561, 36.382041070359747 ], [ 127.361016357740539, 36.381966833594674 ], [ 127.360950182785217, 36.381608910689415 ], [ 127.360872333960202, 36.381598538045253 ], [ 127.360469522665554, 36.381521951628478 ], [ 127.360356591766447, 36.381502338926971 ], [ 127.360248243467069, 36.381468428767086 ], [ 127.36021549769913, 36.381458209076044 ], [ 127.360179113832729, 36.38144681939508 ], [ 127.360156977236485, 36.381441163157632 ], [ 127.360103280402939, 36.381423869589057 ], [ 127.360012595317457, 36.381394664464942 ], [ 127.359603736894826, 36.381267447973535 ], [ 127.359519865383376, 36.381241349124181 ], [ 127.359235139187859, 36.381257963719619 ], [ 127.359193868645264, 36.38126015938257 ], [ 127.35837466110668, 36.381241793092528 ], [ 127.357849799974929, 36.381431730385962 ], [ 127.357800175563838, 36.381437357563904 ], [ 127.357641976144421, 36.381571597896233 ], [ 127.357512043799602, 36.381719271518421 ], [ 127.357509356396378, 36.381777575611764 ], [ 127.35742148403159, 36.381983970455522 ], [ 127.357344323601495, 36.382095439872963 ], [ 127.35735333008499, 36.38216187363642 ], [ 127.357390254110157, 36.382162052504476 ], [ 127.357427266631092, 36.382259943751748 ], [ 127.357554080979455, 36.382535547233594 ], [ 127.357884663772879, 36.382932074405744 ], [ 127.358021066566749, 36.383095688278864 ], [ 127.358274037753404, 36.383313465032408 ], [ 127.358372475316784, 36.383361050318918 ], [ 127.358400320599273, 36.383359551973179 ], [ 127.358454992770461, 36.383395155729652 ], [ 127.3585415053291, 36.3835010636653 ], [ 127.358678490228257, 36.383754953016116 ], [ 127.358723001569444, 36.383929988553788 ], [ 127.358777440697182, 36.384067811783879 ], [ 127.358799199034124, 36.384292479040859 ], [ 127.358752480402899, 36.384777832724097 ], [ 127.358661314482163, 36.385063386815261 ], [ 127.358574817111602, 36.385075505406412 ], [ 127.358427248005228, 36.385096186566841 ], [ 127.358414261316085, 36.385164064273873 ], [ 127.358361670511172, 36.385376815345538 ], [ 127.358280929111942, 36.385514961765423 ], [ 127.358370085580319, 36.385515983655942 ], [ 127.3583546766681, 36.385543902680801 ], [ 127.357854752501552, 36.386449686431618 ], [ 127.357487421128525, 36.387139000377893 ], [ 127.357448053846994, 36.387134071140913 ], [ 127.357476923212005, 36.387159037724899 ], [ 127.357317800303605, 36.387457761203073 ], [ 127.357272148596479, 36.387543453209069 ], [ 127.357232977420907, 36.387623007300199 ], [ 127.357195175312654, 36.387773218542854 ], [ 127.357191058745428, 36.387938539513996 ], [ 127.357192651370383, 36.388021613701575 ], [ 127.357193119308064, 36.388048367130807 ], [ 127.357130319051535, 36.388056953149416 ], [ 127.35707356700415, 36.388064736873666 ], [ 127.357003392717786, 36.388074137908468 ], [ 127.356982418870572, 36.388167740801322 ], [ 127.357127878024869, 36.388147572764616 ], [ 127.357203631712565, 36.388137074022886 ], [ 127.357385859400722, 36.388943072137344 ], [ 127.357397408752064, 36.38900720097579 ], [ 127.357434491136544, 36.38916870495018 ], [ 127.357450855454871, 36.389239992314302 ], [ 127.357466821251151, 36.389441534736456 ], [ 127.357466825750535, 36.389515881090972 ], [ 127.357450507816608, 36.389603792898029 ], [ 127.357435734257663, 36.389663854743894 ], [ 127.357449699015135, 36.389671112658704 ], [ 127.357422660969135, 36.389730039114283 ], [ 127.35738409408188, 36.389754124711985 ], [ 127.357399894621651, 36.389772641330985 ], [ 127.357305353225527, 36.389963068901601 ], [ 127.357249447511379, 36.3900467732362 ], [ 127.356910428446881, 36.390496381136273 ], [ 127.356631367916918, 36.390847313661354 ], [ 127.356565602952244, 36.390944654844162 ], [ 127.356521146466662, 36.391021655424495 ], [ 127.356498417042175, 36.391072729164698 ], [ 127.356476255020596, 36.391150294995498 ], [ 127.356457668307385, 36.39123001350341 ], [ 127.356434609091906, 36.39140454660626 ], [ 127.35631604993776, 36.392565056890604 ], [ 127.356335312813641, 36.392658720207251 ], [ 127.356328796861035, 36.392843748200512 ], [ 127.356335291942301, 36.392997467508437 ], [ 127.356334630012128, 36.393195184397413 ], [ 127.356326393143007, 36.393320380385077 ], [ 127.356270408124885, 36.393632529468405 ], [ 127.356256231534303, 36.393677089179064 ], [ 127.356139516952027, 36.394042857524752 ], [ 127.355719697748825, 36.395212820994345 ], [ 127.355602247340727, 36.395540110622321 ], [ 127.355572909802646, 36.395633648839784 ], [ 127.355572063422997, 36.395668255644281 ], [ 127.355578282769358, 36.395687792130147 ], [ 127.355590269020865, 36.3957255158629 ], [ 127.35560709030463, 36.395747814052733 ], [ 127.355631476977933, 36.395766937282687 ], [ 127.355659873750255, 36.395785416303276 ], [ 127.355795805469398, 36.395838659599555 ], [ 127.355823353532912, 36.395849454728776 ], [ 127.355804421087242, 36.395889982347278 ], [ 127.355740622721939, 36.396026562565808 ], [ 127.355718478021629, 36.396073975722857 ], [ 127.35562096614305, 36.396054438690385 ], [ 127.355592180888337, 36.396048667117874 ], [ 127.355552472631942, 36.396028138614433 ], [ 127.355498775201681, 36.396000388895978 ], [ 127.355442239223109, 36.39597116078405 ], [ 127.355160375191375, 36.396004076798278 ], [ 127.355072074458533, 36.395926297501973 ], [ 127.354908779655261, 36.395976615232925 ], [ 127.354759369890402, 36.396031279832386 ], [ 127.354499218031108, 36.39612582412596 ], [ 127.354288801680482, 36.396217381985572 ], [ 127.35403722139894, 36.396341656484474 ], [ 127.353953546684622, 36.396379698596597 ], [ 127.353683603712128, 36.396505621097276 ], [ 127.353535230847541, 36.396607646279485 ], [ 127.353502888153614, 36.396927852160935 ], [ 127.353483748609875, 36.39715037857146 ], [ 127.353406527906785, 36.397391487384873 ], [ 127.353288628554253, 36.397335124637756 ], [ 127.353270557241856, 36.397386391001831 ], [ 127.35313719255592, 36.397331488321072 ], [ 127.352946485761294, 36.39725384619824 ], [ 127.35290946920351, 36.397323741546437 ], [ 127.35280744375055, 36.397381346601613 ], [ 127.352741224843783, 36.397402502340213 ], [ 127.352691504915654, 36.397597245119123 ], [ 127.352663988233616, 36.397705024474959 ], [ 127.352651153148912, 36.397733503052393 ], [ 127.352298329748535, 36.39837158031176 ], [ 127.35193760411633, 36.399031145274236 ], [ 127.35155279559244, 36.399623922579735 ], [ 127.351091608029037, 36.399979610878241 ], [ 127.350978347525995, 36.400055873518127 ], [ 127.3511042205932, 36.400301577296837 ], [ 127.351214293838069, 36.400529014156653 ], [ 127.351171901126989, 36.401138675026885 ], [ 127.351167071140381, 36.401481527629393 ], [ 127.351158474441803, 36.401744773383292 ], [ 127.350990796825599, 36.401999760952656 ], [ 127.350995181401871, 36.402179890566551 ], [ 127.35099634548061, 36.402243049371101 ], [ 127.35093360607641, 36.402449716466222 ], [ 127.350954014748709, 36.402578621700307 ], [ 127.350974104561757, 36.402671076011366 ], [ 127.351030002988111, 36.402801274557255 ], [ 127.351110027420589, 36.402984120134597 ], [ 127.351226376868226, 36.40318819902685 ], [ 127.35122955095737, 36.403339332185269 ], [ 127.351288679533013, 36.403468620512164 ], [ 127.351319763036003, 36.403665910836388 ], [ 127.351284841151255, 36.403739124047583 ], [ 127.351226848728089, 36.403860716578912 ], [ 127.351200318849465, 36.403915990031393 ], [ 127.351033897467246, 36.40399191350614 ], [ 127.351002485719945, 36.404062359760211 ], [ 127.350918419940498, 36.404269151368091 ], [ 127.350857298353205, 36.404416706420527 ], [ 127.350849317786512, 36.404436843661784 ], [ 127.350838269036572, 36.404461666771567 ], [ 127.350742929369474, 36.404737764164658 ], [ 127.350677687970489, 36.404928847704618 ], [ 127.350664299011527, 36.404956119992164 ], [ 127.350604564031215, 36.405124893161286 ], [ 127.350596219577312, 36.405280683442477 ], [ 127.350568639090497, 36.405407584356638 ], [ 127.35057481967776, 36.405535738672299 ], [ 127.350596760449974, 36.405585859681445 ], [ 127.350599859795366, 36.405585850975442 ], [ 127.350620007387178, 36.4056289756764 ], [ 127.350698289568896, 36.405753458062115 ], [ 127.350777115485371, 36.405857545859696 ], [ 127.350892287844886, 36.406006982013317 ], [ 127.35090778003233, 36.406093151358341 ], [ 127.351026885618609, 36.406834305192234 ], [ 127.350717386435008, 36.407263072708588 ], [ 127.35071740691501, 36.407265172387774 ], [ 127.350720272889959, 36.40751704695252 ], [ 127.350660196325393, 36.407614611739753 ], [ 127.350511337026745, 36.407855359093844 ], [ 127.350413741528769, 36.40800460585713 ], [ 127.350459719588684, 36.408386257230276 ], [ 127.350448239224974, 36.40842915983508 ], [ 127.350403778860169, 36.408653687126396 ], [ 127.350452336533621, 36.409033835275075 ] ] ] ] } },
{ "type": "Feature", "properties": { "EMD_CD": "30200129", "EMD_ENG_NM": "Banghyeon-dong", "EMD_KOR_NM": "방현동" }, "geometry": { "type": "MultiPolygon", "coordinates": [ [ [ [ 127.369223927710394, 36.414768371559354 ], [ 127.369053807272039, 36.414408133868172 ], [ 127.369101272131971, 36.413930661394147 ], [ 127.369130577266205, 36.413623924777625 ], [ 127.369105846215774, 36.413320670346828 ], [ 127.36908355114052, 36.413051707199195 ], [ 127.368769200570043, 36.412651766328423 ], [ 127.368784566997988, 36.412493719007443 ], [ 127.368797162130491, 36.412343934685325 ], [ 127.368848814298048, 36.412132868392007 ], [ 127.368850794447084, 36.412124769485942 ], [ 127.368841544452962, 36.412052119723711 ], [ 127.369172249491683, 36.411969475015631 ], [ 127.369309675930523, 36.411922902936361 ], [ 127.369436630760177, 36.411833108115978 ], [ 127.369692571184771, 36.411651853386203 ], [ 127.370009230542124, 36.411036807704207 ], [ 127.369889235203146, 36.41074169735063 ], [ 127.36993823479196, 36.4104536607706 ], [ 127.371481308203656, 36.410038826665783 ], [ 127.372783177410298, 36.409221489134332 ], [ 127.373453850055682, 36.408466483485427 ], [ 127.37340411281248, 36.408461068785066 ], [ 127.373228204677091, 36.408441006781977 ], [ 127.373071830935942, 36.40848010831926 ], [ 127.373014683709343, 36.408494272038432 ], [ 127.372878243729971, 36.408559066608937 ], [ 127.372809997190643, 36.408520258147369 ], [ 127.373031579177933, 36.40838065559128 ], [ 127.373098225748905, 36.408338480850645 ], [ 127.373313713660608, 36.40835446375015 ], [ 127.373412844674817, 36.408361103446886 ], [ 127.373591977562384, 36.408348857045361 ], [ 127.373691790042102, 36.408341877890088 ], [ 127.373918203651826, 36.408341478043553 ], [ 127.374056355868419, 36.40834134424361 ], [ 127.374161611419424, 36.408330004413337 ], [ 127.374304406526932, 36.408321727285596 ], [ 127.374329095380872, 36.408385812389923 ], [ 127.37440588323895, 36.408378264502943 ], [ 127.374586966810824, 36.408277462705797 ], [ 127.374693071113199, 36.40827357171495 ], [ 127.374723345680337, 36.408272458912194 ], [ 127.374793267666007, 36.408251108340622 ], [ 127.37481137918391, 36.408245572348733 ], [ 127.374836360482774, 36.408270582826134 ], [ 127.375330517479554, 36.407902562029371 ], [ 127.375605415874489, 36.407820903367771 ], [ 127.375882753662296, 36.407927227408017 ], [ 127.37603487074675, 36.408128421237812 ], [ 127.376230189063563, 36.408334390487113 ], [ 127.376348425419096, 36.408349438282762 ], [ 127.376356551941299, 36.408175299050903 ], [ 127.376364494768623, 36.407988409340426 ], [ 127.376352941956554, 36.407762669577522 ], [ 127.376353127050692, 36.407743222054378 ], [ 127.376341295310183, 36.407533585946886 ], [ 127.376340210641743, 36.406841237183507 ], [ 127.376334868601802, 36.406822347319867 ], [ 127.376494671746471, 36.406261413827991 ], [ 127.376652983286192, 36.405734206407402 ], [ 127.376572147845692, 36.405710931035053 ], [ 127.376583269742113, 36.405666063788743 ], [ 127.376568646131119, 36.40566200965803 ], [ 127.376537300920731, 36.405653312303031 ], [ 127.376176154727531, 36.405553173770066 ], [ 127.375939362660873, 36.405505776188292 ], [ 127.375681619007224, 36.405459372091187 ], [ 127.375238101262823, 36.405075235273856 ], [ 127.375176004801318, 36.404651335044257 ], [ 127.374826734826968, 36.404221888199039 ], [ 127.37475889783677, 36.403920896629892 ], [ 127.374404235764644, 36.403901683320491 ], [ 127.373916103191348, 36.403586673570715 ], [ 127.373687682710226, 36.40358425851646 ], [ 127.373209368634591, 36.40322066138426 ], [ 127.372732358340741, 36.403113923978303 ], [ 127.372292451980684, 36.40301459478448 ], [ 127.371995357093454, 36.403062720209064 ], [ 127.371699214869381, 36.403111814168604 ], [ 127.371625168000079, 36.40294886119058 ], [ 127.371577302513941, 36.402846223527938 ], [ 127.371264929294043, 36.402509246124986 ], [ 127.370038842282668, 36.402944891112831 ], [ 127.36921696434456, 36.40357020758173 ], [ 127.369216262799171, 36.403577482123495 ], [ 127.369076508319409, 36.403552805760398 ], [ 127.36890363659387, 36.403533575562356 ], [ 127.368733502058134, 36.403508261951089 ], [ 127.368635873995146, 36.403495225515648 ], [ 127.368183890825279, 36.403434875013872 ], [ 127.3679678737236, 36.403500151273832 ], [ 127.367734467390818, 36.403570671684058 ], [ 127.367459837810202, 36.403653654067355 ], [ 127.36701130786966, 36.403714089516477 ], [ 127.366869134439966, 36.404053721879009 ], [ 127.366834101830662, 36.404123831059017 ], [ 127.366689232613965, 36.404435589457457 ], [ 127.366614873314433, 36.404594952162306 ], [ 127.366581479384024, 36.404665219075731 ], [ 127.366556388945469, 36.404687473759573 ], [ 127.366485459212001, 36.404752961617234 ], [ 127.366438405281286, 36.404796243890615 ], [ 127.366370337995747, 36.404892137084396 ], [ 127.366358599743194, 36.40490897964132 ], [ 127.366338744569191, 36.404937453519835 ], [ 127.36641837397552, 36.404965839796894 ], [ 127.366462526731354, 36.404981511364134 ], [ 127.366615255853688, 36.405019614734009 ], [ 127.366585039891717, 36.405044912596395 ], [ 127.366377879159813, 36.405007579738147 ], [ 127.366190610511808, 36.404911628379359 ], [ 127.366183838170244, 36.404908053368622 ], [ 127.365970159522377, 36.404713874798993 ], [ 127.365923546008389, 36.40464149154954 ], [ 127.365799449867069, 36.404448787330537 ], [ 127.36579593703253, 36.404436479308934 ], [ 127.365764772913749, 36.40438041404164 ], [ 127.365698129401324, 36.404267935995414 ], [ 127.365659477447977, 36.404117136109058 ], [ 127.365658705323312, 36.404114146671155 ], [ 127.365650055349803, 36.404080893050065 ], [ 127.365648999571633, 36.404076841291484 ], [ 127.365566629291123, 36.403979100562353 ], [ 127.365547318220649, 36.403966642029594 ], [ 127.365439785666666, 36.403897282372434 ], [ 127.365335322996103, 36.403831446577733 ], [ 127.365158679006669, 36.403720105822238 ], [ 127.365099749055261, 36.403698117031723 ], [ 127.365071212655948, 36.403631535567442 ], [ 127.364983501258649, 36.403564585374163 ], [ 127.364915992451415, 36.403474106740283 ], [ 127.364867138117646, 36.403408614475701 ], [ 127.364744598697968, 36.403324268978047 ], [ 127.36468974164373, 36.403291029990413 ], [ 127.364553711586851, 36.403208608929361 ], [ 127.364514192618543, 36.403213432762286 ], [ 127.364489892945187, 36.403194916389367 ], [ 127.364465268990742, 36.403149581029687 ], [ 127.364377727137878, 36.403034966875836 ], [ 127.364176180943304, 36.402897035293847 ], [ 127.364086225924936, 36.402843536237626 ], [ 127.364031281966277, 36.402822633334551 ], [ 127.363970994603633, 36.402786751701861 ], [ 127.363868654947822, 36.402725837590815 ], [ 127.363776062616225, 36.402666137266216 ], [ 127.3635410214345, 36.402547842703157 ], [ 127.363327332145062, 36.402437602272151 ], [ 127.363185997425049, 36.402371686771083 ], [ 127.363100091148553, 36.402325555325717 ], [ 127.363099845012371, 36.402272531753738 ], [ 127.362992713914238, 36.402192526018531 ], [ 127.362585378514254, 36.402267356646682 ], [ 127.362535709337294, 36.402307167087542 ], [ 127.362523574111862, 36.402751583925102 ], [ 127.362310737667386, 36.403196788470723 ], [ 127.361877989687841, 36.403708368482299 ], [ 127.361493746847032, 36.404073965491271 ], [ 127.361261700696105, 36.404218733552611 ], [ 127.360985286221165, 36.40439046230906 ], [ 127.360625140573845, 36.404645051046984 ], [ 127.360542076977637, 36.404528645358738 ], [ 127.360522467783127, 36.404543303572524 ], [ 127.36026460721564, 36.404762519701556 ], [ 127.360009009856824, 36.404974591547187 ], [ 127.359907529462419, 36.405059848532602 ], [ 127.3597788183381, 36.405189488613935 ], [ 127.359687288084515, 36.405292999593847 ], [ 127.359651393469989, 36.405339562268111 ], [ 127.35963607764495, 36.40538614396344 ], [ 127.359583851124086, 36.40546453993877 ], [ 127.359520776385224, 36.405559440757159 ], [ 127.359325216717195, 36.405615646393947 ], [ 127.359287174783759, 36.405646327821856 ], [ 127.359213224495335, 36.405691697405764 ], [ 127.359137922743756, 36.405738720534579 ], [ 127.359053596449655, 36.405821014074739 ], [ 127.359036134416627, 36.405910353409361 ], [ 127.359024855157088, 36.405981507320213 ], [ 127.359003983565458, 36.406075785647801 ], [ 127.358973414760612, 36.40620478819524 ], [ 127.358951846737696, 36.406302935929965 ], [ 127.358866721833607, 36.406510547691028 ], [ 127.358827511054187, 36.406619615248182 ], [ 127.358754216198889, 36.40677429353115 ], [ 127.358600817075498, 36.407096277589069 ], [ 127.358509221698682, 36.407261869321758 ], [ 127.358437107066877, 36.407340899974521 ], [ 127.358310492505538, 36.407489141207499 ], [ 127.358203199728791, 36.407576775172757 ], [ 127.358130495235386, 36.407641442721648 ], [ 127.35800699677894, 36.407727854420706 ], [ 127.357920170866436, 36.407783597800965 ], [ 127.357790421990046, 36.407895350859484 ], [ 127.35767381470832, 36.408114031526402 ], [ 127.357045626963725, 36.408057157121334 ], [ 127.357030169044265, 36.408491472733374 ], [ 127.35679640497672, 36.409081427556679 ], [ 127.356819943078293, 36.409806746805458 ], [ 127.356707049311439, 36.409999859183571 ], [ 127.35646566600164, 36.410651655810327 ], [ 127.356537519850988, 36.41123931479212 ], [ 127.356633349232368, 36.411578307141546 ], [ 127.356637398317275, 36.411769782459594 ], [ 127.356642227230481, 36.411997815557832 ], [ 127.356266605780647, 36.412795287465762 ], [ 127.356576946467129, 36.413356842014785 ], [ 127.356576656684069, 36.413447409749246 ], [ 127.356558136691248, 36.413518385962426 ], [ 127.356569500222747, 36.41355320041216 ], [ 127.356574411497377, 36.413586095799353 ], [ 127.356621216681148, 36.413689202274888 ], [ 127.356636575654463, 36.413717362901558 ], [ 127.356645817488797, 36.41373431376072 ], [ 127.356702222970526, 36.413800759620045 ], [ 127.356720686469416, 36.413817907366273 ], [ 127.356738891655823, 36.41383481318789 ], [ 127.356801507569145, 36.413879107949064 ], [ 127.356887772697206, 36.413926027703781 ], [ 127.356957845200398, 36.414001597189959 ], [ 127.357035872454816, 36.414080964462698 ], [ 127.357091825424334, 36.414155378164445 ], [ 127.357264409618864, 36.414383532714211 ], [ 127.3573319059212, 36.414514865378258 ], [ 127.357972072792194, 36.415603169822006 ], [ 127.358029404184393, 36.415700621379415 ], [ 127.35813769218845, 36.415884323428067 ], [ 127.358171888144611, 36.415942850868376 ], [ 127.358235855081702, 36.416038182686485 ], [ 127.358389049084238, 36.416466695017029 ], [ 127.358654872943447, 36.417222404977288 ], [ 127.35877515607379, 36.417409432949945 ], [ 127.35885330122133, 36.417537613968612 ], [ 127.359046695224222, 36.418106766051231 ], [ 127.359203009228054, 36.418459768359028 ], [ 127.359340631202102, 36.418780051721676 ], [ 127.35952218410408, 36.41950324574745 ], [ 127.359671692855017, 36.419737954831 ], [ 127.359823998767382, 36.419977089011653 ], [ 127.359912231122607, 36.42011563885913 ], [ 127.360604097160234, 36.419557184985081 ], [ 127.360644851844697, 36.419414489359184 ], [ 127.360745241315215, 36.419313816429288 ], [ 127.360981767694838, 36.419076595656534 ], [ 127.360800194148609, 36.418881761786224 ], [ 127.361004954396435, 36.41853110892059 ], [ 127.361335451045889, 36.418352152532421 ], [ 127.36147950086756, 36.418280355527735 ], [ 127.362191345567652, 36.418301195458916 ], [ 127.362273140035086, 36.417748826890602 ], [ 127.363206474873763, 36.417520271357056 ], [ 127.36364153909021, 36.417413724614285 ], [ 127.363998459218735, 36.417167283361643 ], [ 127.364741708696528, 36.417251598927791 ], [ 127.365430347784127, 36.416745735949839 ], [ 127.366410092215673, 36.416353445356854 ], [ 127.366746507310054, 36.416061847730461 ], [ 127.366755097835096, 36.416058216164416 ], [ 127.367495349855886, 36.415745401365008 ], [ 127.367591521526265, 36.415746909292622 ], [ 127.367986692834876, 36.41575311332187 ], [ 127.368394765747041, 36.415430038632024 ], [ 127.368698335301843, 36.415036848394649 ], [ 127.368733564291915, 36.4149889336557 ], [ 127.368762971300924, 36.414973533137825 ], [ 127.368780739729317, 36.414965620366679 ], [ 127.368837072230804, 36.414940547536851 ], [ 127.369051250598829, 36.414845221804661 ], [ 127.369223927710394, 36.414768371559354 ] ] ] ] } },
{ "type": "Feature", "properties": { "EMD_CD": "30200130", "EMD_ENG_NM": "Hwaam-dong", "EMD_KOR_NM": "화암동" }, "geometry": { "type": "MultiPolygon", "coordinates": [ [ [ [ 127.377427275095656, 36.417339589887156 ], [ 127.377756134394744, 36.4169894904473 ], [ 127.37787640892607, 36.416994518386858 ], [ 127.378036099059173, 36.417008964613316 ], [ 127.378346155111444, 36.41702333316865 ], [ 127.37839265564412, 36.417013165931493 ], [ 127.378835782476798, 36.416916324805193 ], [ 127.379313142003468, 36.41671253223398 ], [ 127.379507951308568, 36.416599829832322 ], [ 127.379536042045373, 36.416566379502015 ], [ 127.379773395879141, 36.416310924907634 ], [ 127.379888849577299, 36.416188685784689 ], [ 127.380005917091864, 36.416137255740431 ], [ 127.380237547959993, 36.416035564745719 ], [ 127.380448916672577, 36.415942515517003 ], [ 127.380575814752106, 36.415897541677168 ], [ 127.380812002017151, 36.415815868024829 ], [ 127.381036070767962, 36.415741530912001 ], [ 127.381154370784458, 36.415602412370696 ], [ 127.381017749427599, 36.41536056141846 ], [ 127.380883725456528, 36.415123117774066 ], [ 127.38075308783516, 36.414894133697153 ], [ 127.38071653703922, 36.414668734451297 ], [ 127.380745539296996, 36.414476497358187 ], [ 127.380777322542116, 36.414260172512208 ], [ 127.380794240994703, 36.414178572751332 ], [ 127.38090099683167, 36.414077826084487 ], [ 127.38112397173164, 36.41386910275002 ], [ 127.381364869147674, 36.413698378269224 ], [ 127.381597976372575, 36.413533013157306 ], [ 127.38175807473759, 36.413433538108116 ], [ 127.381990378539413, 36.413289189572971 ], [ 127.382225606328234, 36.413147543569337 ], [ 127.382428883985881, 36.413093943360451 ], [ 127.382673283096537, 36.413029288649767 ], [ 127.38278481843723, 36.412972015673681 ], [ 127.382792145660034, 36.412892609404672 ], [ 127.382580440546192, 36.412617890702847 ], [ 127.38247429345067, 36.412483876022897 ], [ 127.382335562144917, 36.412236850495987 ], [ 127.382278250807332, 36.41213286817441 ], [ 127.382177743956262, 36.411644462922524 ], [ 127.382134935766132, 36.411366484377567 ], [ 127.382074456551777, 36.411156868844394 ], [ 127.382000491273573, 36.410934635554611 ], [ 127.381949207968319, 36.41081143856016 ], [ 127.381986140035522, 36.410783214496334 ], [ 127.38210756644213, 36.410731317003098 ], [ 127.382564778757441, 36.410534217324056 ], [ 127.38309108170354, 36.410310581275972 ], [ 127.383093432287851, 36.410310204063798 ], [ 127.383507935706248, 36.410055616805131 ], [ 127.383985352305004, 36.409776441390974 ], [ 127.38405653498792, 36.409559872068066 ], [ 127.383931714646508, 36.409105195488763 ], [ 127.383869179078786, 36.408872616895266 ], [ 127.384264547193652, 36.408643862053779 ], [ 127.384158624661012, 36.408261992488526 ], [ 127.384228628975436, 36.408267264842557 ], [ 127.384836315521738, 36.408313041660591 ], [ 127.38480310999887, 36.408468598172206 ], [ 127.384563673402582, 36.408768443214441 ], [ 127.384867028590847, 36.408961778112605 ], [ 127.384849880711272, 36.409088562775992 ], [ 127.384768348533157, 36.409335517418874 ], [ 127.385571142952983, 36.409034149262013 ], [ 127.386578982806967, 36.40887882378756 ], [ 127.386026217653011, 36.408694461476273 ], [ 127.385786268330776, 36.408536404551626 ], [ 127.385775879537391, 36.408326323625388 ], [ 127.385760967928633, 36.408023942785363 ], [ 127.385804298075243, 36.407636033782076 ], [ 127.38575152078657, 36.40728276925315 ], [ 127.385649122312486, 36.407146861392611 ], [ 127.386793564029219, 36.406897256819306 ], [ 127.386981656800359, 36.406048397025614 ], [ 127.386996831825911, 36.405981085589382 ], [ 127.387030127673626, 36.405589874008697 ], [ 127.386749580245805, 36.405442358543297 ], [ 127.386811945874342, 36.405399883519635 ], [ 127.386619555797807, 36.405064254204035 ], [ 127.386532218617631, 36.405086217911382 ], [ 127.386603882556969, 36.405037306028191 ], [ 127.386576331027257, 36.404988921647558 ], [ 127.386538890677642, 36.404954068671202 ], [ 127.386432843485167, 36.404855336870369 ], [ 127.386576007846358, 36.404751656702452 ], [ 127.386438228500268, 36.404663543202112 ], [ 127.386395330516791, 36.404636115303418 ], [ 127.38604281192076, 36.40441069008714 ], [ 127.385720632893239, 36.403842013548399 ], [ 127.385707464007751, 36.403818770246808 ], [ 127.385371592590985, 36.40376508645744 ], [ 127.385158021085303, 36.403730951498183 ], [ 127.38452888556246, 36.403823168216483 ], [ 127.38396465986753, 36.403505280645 ], [ 127.383387329489352, 36.403602173456044 ], [ 127.383326083322117, 36.403615797156789 ], [ 127.382966302191988, 36.403653443655784 ], [ 127.382555178420859, 36.403760588031474 ], [ 127.382384120392018, 36.403805164858056 ], [ 127.381337147709957, 36.403698467299542 ], [ 127.381170189028978, 36.403295746872324 ], [ 127.381154137055645, 36.402830853062071 ], [ 127.381175797636857, 36.402658978076083 ], [ 127.381101012719895, 36.402263497593637 ], [ 127.380944753184565, 36.4020658921091 ], [ 127.380851958833645, 36.401948549454168 ], [ 127.380770290674178, 36.401845283592046 ], [ 127.380580148780695, 36.401604835268131 ], [ 127.380444457994344, 36.401489575562444 ], [ 127.380155034006407, 36.401243719513111 ], [ 127.380045144930023, 36.400888189848281 ], [ 127.380307217149479, 36.400368064848408 ], [ 127.380193948175787, 36.400023487197238 ], [ 127.380298054436594, 36.399568728234783 ], [ 127.380272572180488, 36.399095653909512 ], [ 127.380296925054751, 36.398936386862076 ], [ 127.380324675606076, 36.398714703302758 ], [ 127.380588719198911, 36.398292482657602 ], [ 127.380786716059433, 36.39758159409336 ], [ 127.381005460910515, 36.397374425726596 ], [ 127.381176314816202, 36.397077373305727 ], [ 127.381463210569308, 36.396891082663032 ], [ 127.381726632165467, 36.396233829562895 ], [ 127.381473229459246, 36.39515697254739 ], [ 127.381121878971342, 36.394937737984904 ], [ 127.380946322574417, 36.394828182188313 ], [ 127.380876635815852, 36.394755220611088 ], [ 127.380587427319526, 36.394452374576076 ], [ 127.380515320608325, 36.394261917796726 ], [ 127.380388440617779, 36.393926781424142 ], [ 127.38003633148378, 36.393367754210843 ], [ 127.378795448390463, 36.393635576104067 ], [ 127.378386045571972, 36.393424374944985 ], [ 127.377780765928932, 36.393226477292664 ], [ 127.377568699327639, 36.393118744857325 ], [ 127.377474558641225, 36.39306349347585 ], [ 127.377365099017155, 36.392954220058769 ], [ 127.377171147251261, 36.392823332853787 ], [ 127.377016547972957, 36.392721492109871 ], [ 127.376862462512833, 36.392689219026799 ], [ 127.376640832047158, 36.392647930210323 ], [ 127.37628541960288, 36.392580332185432 ], [ 127.376171065207089, 36.392442371317919 ], [ 127.376072277021251, 36.392310391192211 ], [ 127.376030525061964, 36.392041155515102 ], [ 127.376008905791451, 36.391853925045154 ], [ 127.375757232004801, 36.391848298138221 ], [ 127.375535951861011, 36.391849522811754 ], [ 127.375343542308514, 36.39192788618287 ], [ 127.37522715145829, 36.391973813289809 ], [ 127.375172636994051, 36.391992890598182 ], [ 127.375061002527701, 36.392140949498589 ], [ 127.374912564150421, 36.392331179754528 ], [ 127.374809442873101, 36.392348318485531 ], [ 127.374780405030521, 36.392310569551064 ], [ 127.374500857144497, 36.392366792227861 ], [ 127.374229401500642, 36.392415860228546 ], [ 127.374078814632099, 36.392443761585895 ], [ 127.37397012419315, 36.392450048267385 ], [ 127.373857990056621, 36.392456525900926 ], [ 127.373656745408681, 36.392473193643184 ], [ 127.373243772006717, 36.392383552014103 ], [ 127.373109789526822, 36.392354465443169 ], [ 127.372829521928949, 36.392418958560931 ], [ 127.372393233150035, 36.392521740808846 ], [ 127.37221696476368, 36.39253569697474 ], [ 127.372032269340394, 36.392728073301754 ], [ 127.371463330523085, 36.393617698153264 ], [ 127.371466234645183, 36.393635532636715 ], [ 127.370382613555208, 36.393272804893769 ], [ 127.369875418706286, 36.393126443944375 ], [ 127.3695737692113, 36.392962001562218 ], [ 127.368789937895514, 36.392744530494738 ], [ 127.368590805798831, 36.392637274301791 ], [ 127.368206499354486, 36.393008895074594 ], [ 127.367226214580455, 36.393956797087704 ], [ 127.367722883950009, 36.394950870410639 ], [ 127.367753860199016, 36.395395201399936 ], [ 127.36802186903769, 36.3958053094766 ], [ 127.367913893157876, 36.396017296601045 ], [ 127.367197580468158, 36.396598434924528 ], [ 127.367109210994954, 36.396932243296909 ], [ 127.367391627982926, 36.397364621291466 ], [ 127.367855619715897, 36.397630447243522 ], [ 127.367867869938479, 36.397637465814782 ], [ 127.367986700279943, 36.398079247901521 ], [ 127.368079347879913, 36.398296521216885 ], [ 127.36833833990184, 36.39854318496225 ], [ 127.368547720465813, 36.398740887788328 ], [ 127.368627660423996, 36.398909880551443 ], [ 127.369279583855942, 36.399082880307638 ], [ 127.369420024260322, 36.399245196957551 ], [ 127.36962215178788, 36.399356452343952 ], [ 127.369689563111748, 36.399367753459522 ], [ 127.369887513354982, 36.399556053700934 ], [ 127.369484386649589, 36.400143474841883 ], [ 127.36986708889782, 36.400422448252165 ], [ 127.370514841509134, 36.400372633268965 ], [ 127.370514313986732, 36.400381295463227 ], [ 127.370699695162372, 36.40089495153105 ], [ 127.370961201535749, 36.401245343733152 ], [ 127.371055943851886, 36.401478271035771 ], [ 127.371254493344779, 36.401826595117093 ], [ 127.371264929294043, 36.402509246124986 ], [ 127.371577302513941, 36.402846223527938 ], [ 127.371625168000079, 36.40294886119058 ], [ 127.371699214869381, 36.403111814168604 ], [ 127.371995357093454, 36.403062720209064 ], [ 127.372292451980684, 36.40301459478448 ], [ 127.372732358340741, 36.403113923978303 ], [ 127.373209368634591, 36.40322066138426 ], [ 127.373687682710226, 36.40358425851646 ], [ 127.373916103191348, 36.403586673570715 ], [ 127.374404235764644, 36.403901683320491 ], [ 127.37475889783677, 36.403920896629892 ], [ 127.374826734826968, 36.404221888199039 ], [ 127.375176004801318, 36.404651335044257 ], [ 127.375238101262823, 36.405075235273856 ], [ 127.375681619007224, 36.405459372091187 ], [ 127.375939362660873, 36.405505776188292 ], [ 127.376176154727531, 36.405553173770066 ], [ 127.376537300920731, 36.405653312303031 ], [ 127.376568646131119, 36.40566200965803 ], [ 127.376583269742113, 36.405666063788743 ], [ 127.376572147845692, 36.405710931035053 ], [ 127.376652983286192, 36.405734206407402 ], [ 127.376494671746471, 36.406261413827991 ], [ 127.376334868601802, 36.406822347319867 ], [ 127.376340210641743, 36.406841237183507 ], [ 127.376341295310183, 36.407533585946886 ], [ 127.376353127050692, 36.407743222054378 ], [ 127.376352941956554, 36.407762669577522 ], [ 127.376364494768623, 36.407988409340426 ], [ 127.376356551941299, 36.408175299050903 ], [ 127.376348425419096, 36.408349438282762 ], [ 127.376230189063563, 36.408334390487113 ], [ 127.37603487074675, 36.408128421237812 ], [ 127.375882753662296, 36.407927227408017 ], [ 127.375605415874489, 36.407820903367771 ], [ 127.375330517479554, 36.407902562029371 ], [ 127.374836360482774, 36.408270582826134 ], [ 127.37481137918391, 36.408245572348733 ], [ 127.374793267666007, 36.408251108340622 ], [ 127.374723345680337, 36.408272458912194 ], [ 127.374693071113199, 36.40827357171495 ], [ 127.374586966810824, 36.408277462705797 ], [ 127.37440588323895, 36.408378264502943 ], [ 127.374329095380872, 36.408385812389923 ], [ 127.374304406526932, 36.408321727285596 ], [ 127.374161611419424, 36.408330004413337 ], [ 127.374056355868419, 36.40834134424361 ], [ 127.373918203651826, 36.408341478043553 ], [ 127.373691790042102, 36.408341877890088 ], [ 127.373591977562384, 36.408348857045361 ], [ 127.373412844674817, 36.408361103446886 ], [ 127.373313713660608, 36.40835446375015 ], [ 127.373098225748905, 36.408338480850645 ], [ 127.373031579177933, 36.40838065559128 ], [ 127.372809997190643, 36.408520258147369 ], [ 127.372878243729971, 36.408559066608937 ], [ 127.373014683709343, 36.408494272038432 ], [ 127.373071830935942, 36.40848010831926 ], [ 127.373228204677091, 36.408441006781977 ], [ 127.37340411281248, 36.408461068785066 ], [ 127.373453850055682, 36.408466483485427 ], [ 127.372783177410298, 36.409221489134332 ], [ 127.371481308203656, 36.410038826665783 ], [ 127.36993823479196, 36.4104536607706 ], [ 127.369889235203146, 36.41074169735063 ], [ 127.370009230542124, 36.411036807704207 ], [ 127.369692571184771, 36.411651853386203 ], [ 127.369436630760177, 36.411833108115978 ], [ 127.369309675930523, 36.411922902936361 ], [ 127.369172249491683, 36.411969475015631 ], [ 127.368841544452962, 36.412052119723711 ], [ 127.368850794447084, 36.412124769485942 ], [ 127.368848814298048, 36.412132868392007 ], [ 127.368797162130491, 36.412343934685325 ], [ 127.368784566997988, 36.412493719007443 ], [ 127.368769200570043, 36.412651766328423 ], [ 127.36908355114052, 36.413051707199195 ], [ 127.369105846215774, 36.413320670346828 ], [ 127.369130577266205, 36.413623924777625 ], [ 127.369101272131971, 36.413930661394147 ], [ 127.369053807272039, 36.414408133868172 ], [ 127.369223927710394, 36.414768371559354 ], [ 127.370215519417556, 36.414353565140352 ], [ 127.370678918357385, 36.41465897829454 ], [ 127.370934062101085, 36.415030989494575 ], [ 127.371319159021624, 36.415582099895786 ], [ 127.37168273159358, 36.415745695910957 ], [ 127.372238081268222, 36.415959133757568 ], [ 127.372498506517218, 36.416093318763728 ], [ 127.372575146247854, 36.416055231863261 ], [ 127.372793607532984, 36.415946323491745 ], [ 127.372951102734589, 36.415959441698973 ], [ 127.373183660202471, 36.415977822325686 ], [ 127.373339929538645, 36.415991033363305 ], [ 127.373416673784902, 36.415998363943245 ], [ 127.373499209305848, 36.416004324953754 ], [ 127.373757967855084, 36.416162573430853 ], [ 127.37393777804094, 36.416272314364747 ], [ 127.37411960404097, 36.416383580752644 ], [ 127.374271578783251, 36.416475502608968 ], [ 127.37440438783679, 36.416518623285995 ], [ 127.374490728854752, 36.416548469947706 ], [ 127.374753854301275, 36.416637656005982 ], [ 127.374821766441571, 36.41666067545863 ], [ 127.374953008236858, 36.416706980751741 ], [ 127.375202998776103, 36.416802794334515 ], [ 127.375416250058166, 36.416886781182747 ], [ 127.375559022175608, 36.416942449493646 ], [ 127.375897848169359, 36.417078535302359 ], [ 127.375985788372148, 36.417058027912653 ], [ 127.376046667362971, 36.417051195209837 ], [ 127.376088815353015, 36.417046855358812 ], [ 127.376150586226871, 36.417040299405983 ], [ 127.376475898483406, 36.4170507680968 ], [ 127.376658520921993, 36.417055276518596 ], [ 127.376742670989188, 36.417065258675997 ], [ 127.376816516869667, 36.41709538630279 ], [ 127.376871128073006, 36.417141705929993 ], [ 127.376863904927177, 36.417179162144507 ], [ 127.376930888847852, 36.417194595804055 ], [ 127.376952411722826, 36.417250832808264 ], [ 127.376972389306516, 36.417254933036787 ], [ 127.377021367393468, 36.417272820752892 ], [ 127.377095255412669, 36.417281608264723 ], [ 127.377241257014816, 36.417322188209603 ], [ 127.37732627909503, 36.417288406357422 ], [ 127.377335147952721, 36.417284881601525 ], [ 127.377427275095656, 36.417339589887156 ] ] ] ] } },
{ "type": "Feature", "properties": { "EMD_CD": "30200131", "EMD_ENG_NM": "Deokjin-dong", "EMD_KOR_NM": "덕진동" }, "geometry": { "type": "MultiPolygon", "coordinates": [ [ [ [ 127.371861049484494, 36.43550829480651 ], [ 127.372003469339589, 36.435074910263722 ], [ 127.371873932564455, 36.434572043330249 ], [ 127.372024913524186, 36.434492687492657 ], [ 127.372217319621754, 36.434390980712593 ], [ 127.372595064143638, 36.433832270616527 ], [ 127.3729747483209, 36.433674649379604 ], [ 127.373265855945334, 36.433611978404976 ], [ 127.373517385046938, 36.433381255772481 ], [ 127.373554336841678, 36.433347355770344 ], [ 127.373664354485086, 36.433345499260319 ], [ 127.373779223429281, 36.433315475275144 ], [ 127.374048056846661, 36.43294442376915 ], [ 127.374086212524887, 36.432891766914764 ], [ 127.374183032016603, 36.432718631890765 ], [ 127.37421601670475, 36.432659656120308 ], [ 127.373942582123419, 36.431805645411906 ], [ 127.374017824270638, 36.431661063892136 ], [ 127.374046612532041, 36.431491619252512 ], [ 127.373704375574121, 36.431174623547392 ], [ 127.373695761952561, 36.431169063656434 ], [ 127.374863950815794, 36.429867957104847 ], [ 127.375216047019819, 36.429475789893111 ], [ 127.375278332622969, 36.429355849558561 ], [ 127.375333938388934, 36.429240362866167 ], [ 127.375888963433638, 36.428915622663609 ], [ 127.375909219890445, 36.42874490638588 ], [ 127.376055324311253, 36.428073537270215 ], [ 127.376222154920328, 36.428009779098431 ], [ 127.376290353654255, 36.427983710965094 ], [ 127.376611456931357, 36.427860983910236 ], [ 127.376790938972078, 36.427717387584401 ], [ 127.376878153634394, 36.4273840458699 ], [ 127.376892224449719, 36.427330274791977 ], [ 127.376934846875287, 36.427205555691515 ], [ 127.377025505445204, 36.426858099581132 ], [ 127.377140694111972, 36.42669770971775 ], [ 127.377188766711598, 36.426702316964871 ], [ 127.377357399879813, 36.426650276160089 ], [ 127.377615270043236, 36.426599215717459 ], [ 127.377807709359161, 36.426660148989065 ], [ 127.378002112171046, 36.426506330368731 ], [ 127.378246090715166, 36.425620652007986 ], [ 127.378280376891254, 36.425398461910191 ], [ 127.378765336657068, 36.425378204604883 ], [ 127.379278297844991, 36.424872980595701 ], [ 127.378906861508469, 36.424502048553897 ], [ 127.378592598275489, 36.424045695339906 ], [ 127.378687431812139, 36.423309582648258 ], [ 127.378202764810666, 36.422845042936729 ], [ 127.378390869940745, 36.422691441553042 ], [ 127.379016419220335, 36.422850592411571 ], [ 127.379236768515668, 36.422685128054162 ], [ 127.379511290581092, 36.422483949774438 ], [ 127.379917261398049, 36.422045170221978 ], [ 127.37996670014401, 36.42199170067915 ], [ 127.379986255483047, 36.421970560911753 ], [ 127.38044215249208, 36.421915099651265 ], [ 127.380676624948777, 36.421759049813708 ], [ 127.380814416805606, 36.421716626385283 ], [ 127.381077213772414, 36.421609680626879 ], [ 127.381005871620857, 36.421345705589275 ], [ 127.38097051171961, 36.421217114404861 ], [ 127.380967294440225, 36.421165263616004 ], [ 127.380957655701835, 36.420992586812083 ], [ 127.380954881489018, 36.420921836919867 ], [ 127.380952806787917, 36.420869071332874 ], [ 127.380951928864235, 36.420846716258467 ], [ 127.380949472327416, 36.420784066877985 ], [ 127.380949336748102, 36.420781571322763 ], [ 127.380943713767138, 36.420673179925657 ], [ 127.380918351955586, 36.420607619838997 ], [ 127.380817287647091, 36.420349047218409 ], [ 127.380703793317707, 36.420246694249172 ], [ 127.380494656114593, 36.420025691188414 ], [ 127.380410652030534, 36.419913538492338 ], [ 127.380322960895654, 36.419841308694757 ], [ 127.380270558044899, 36.419743104782533 ], [ 127.380264537535211, 36.419731823309192 ], [ 127.380243001897583, 36.419602161374094 ], [ 127.380237060037032, 36.419584066259418 ], [ 127.380228782244927, 36.419558888201848 ], [ 127.380217706678451, 36.419557509343562 ], [ 127.380088035436145, 36.419406497612307 ], [ 127.380004783809383, 36.419304051194509 ], [ 127.380146330620704, 36.419411620718343 ], [ 127.380178077760377, 36.419422462245493 ], [ 127.380187618738077, 36.419386337945916 ], [ 127.38017345760781, 36.419266745392591 ], [ 127.380126954962591, 36.419141324976351 ], [ 127.38007748219043, 36.418916156877287 ], [ 127.380036501788609, 36.418846383208979 ], [ 127.379983762238808, 36.418773078913446 ], [ 127.379906634354654, 36.418691975924006 ], [ 127.379797122385071, 36.418554626243697 ], [ 127.379697328345117, 36.418477464922368 ], [ 127.379550448712237, 36.418554680255411 ], [ 127.379522767578862, 36.418686697350978 ], [ 127.379712169936113, 36.418930895384591 ], [ 127.379571003941564, 36.418847534358505 ], [ 127.379507800676706, 36.418782112015748 ], [ 127.379426130928479, 36.418702572729693 ], [ 127.379331741614095, 36.418591110023335 ], [ 127.379360692368849, 36.418564578021837 ], [ 127.379528499871199, 36.418504777404635 ], [ 127.379645979079044, 36.418447812797702 ], [ 127.379559802921463, 36.418418356791364 ], [ 127.379450573192642, 36.418410682336365 ], [ 127.379254195082268, 36.418409690867307 ], [ 127.379209187411504, 36.41844049946323 ], [ 127.379174414564744, 36.418446034373666 ], [ 127.379121470949315, 36.418454447254945 ], [ 127.379061063589504, 36.418455196717225 ], [ 127.379027916173982, 36.418455608085523 ], [ 127.379005557169805, 36.41841567647807 ], [ 127.378909052077461, 36.418304670139015 ], [ 127.378849017991399, 36.418223440662793 ], [ 127.378662728948285, 36.418095334632099 ], [ 127.378650130743893, 36.418088471892659 ], [ 127.378434207600435, 36.417979212038148 ], [ 127.378364758507061, 36.417937744263398 ], [ 127.378345305858915, 36.417959910722303 ], [ 127.378295084902021, 36.417931835944479 ], [ 127.378067216647281, 36.41778005081725 ], [ 127.377985518455034, 36.417767980592465 ], [ 127.377912220950364, 36.417680393796687 ], [ 127.377868867987928, 36.417652387248616 ], [ 127.377783797915171, 36.417597450416473 ], [ 127.377676050856238, 36.417489948269981 ], [ 127.377607666001708, 36.417452450567765 ], [ 127.37754541970348, 36.417418311966401 ], [ 127.377348641040371, 36.417583708611943 ], [ 127.377261829203576, 36.417813101382656 ], [ 127.377256939129708, 36.417948272665079 ], [ 127.377266510930127, 36.418004907367134 ], [ 127.377295504043886, 36.418093606948844 ], [ 127.377303391058732, 36.418117625448303 ], [ 127.377250011215963, 36.418107196089444 ], [ 127.377241194914006, 36.418061552656489 ], [ 127.377235612880654, 36.418046358868203 ], [ 127.377224473332902, 36.418015988445248 ], [ 127.377217269485854, 36.417960157659152 ], [ 127.377209072669999, 36.41785335996083 ], [ 127.377204242979062, 36.417832243036706 ], [ 127.377220698539873, 36.417771678622429 ], [ 127.377218709055953, 36.4177545809451 ], [ 127.377269351459674, 36.417631846004923 ], [ 127.377306365358123, 36.417554608528562 ], [ 127.377359596111035, 36.417492359512273 ], [ 127.377502269524669, 36.417367460864803 ], [ 127.377427275095656, 36.417339589887156 ], [ 127.377335147952721, 36.417284881601525 ], [ 127.37732627909503, 36.417288406357422 ], [ 127.377241257014816, 36.417322188209603 ], [ 127.377095255412669, 36.417281608264723 ], [ 127.377021367393468, 36.417272820752892 ], [ 127.376972389306516, 36.417254933036787 ], [ 127.376952411722826, 36.417250832808264 ], [ 127.376930888847852, 36.417194595804055 ], [ 127.376863904927177, 36.417179162144507 ], [ 127.376871128073006, 36.417141705929993 ], [ 127.376816516869667, 36.41709538630279 ], [ 127.376742670989188, 36.417065258675997 ], [ 127.376658520921993, 36.417055276518596 ], [ 127.376475898483406, 36.4170507680968 ], [ 127.376150586226871, 36.417040299405983 ], [ 127.376088815353015, 36.417046855358812 ], [ 127.376046667362971, 36.417051195209837 ], [ 127.375985788372148, 36.417058027912653 ], [ 127.375897848169359, 36.417078535302359 ], [ 127.375559022175608, 36.416942449493646 ], [ 127.375416250058166, 36.416886781182747 ], [ 127.375202998776103, 36.416802794334515 ], [ 127.374953008236858, 36.416706980751741 ], [ 127.374821766441571, 36.41666067545863 ], [ 127.374753854301275, 36.416637656005982 ], [ 127.374490728854752, 36.416548469947706 ], [ 127.37440438783679, 36.416518623285995 ], [ 127.374271578783251, 36.416475502608968 ], [ 127.37411960404097, 36.416383580752644 ], [ 127.37393777804094, 36.416272314364747 ], [ 127.373757967855084, 36.416162573430853 ], [ 127.373499209305848, 36.416004324953754 ], [ 127.373416673784902, 36.415998363943245 ], [ 127.373339929538645, 36.415991033363305 ], [ 127.373183660202471, 36.415977822325686 ], [ 127.372951102734589, 36.415959441698973 ], [ 127.372793607532984, 36.415946323491745 ], [ 127.372575146247854, 36.416055231863261 ], [ 127.372498506517218, 36.416093318763728 ], [ 127.372238081268222, 36.415959133757568 ], [ 127.37168273159358, 36.415745695910957 ], [ 127.371319159021624, 36.415582099895786 ], [ 127.370934062101085, 36.415030989494575 ], [ 127.370678918357385, 36.41465897829454 ], [ 127.370215519417556, 36.414353565140352 ], [ 127.369223927710394, 36.414768371559354 ], [ 127.369051250598829, 36.414845221804661 ], [ 127.368837072230804, 36.414940547536851 ], [ 127.368780739729317, 36.414965620366679 ], [ 127.368762971300924, 36.414973533137825 ], [ 127.368733564291915, 36.4149889336557 ], [ 127.368698335301843, 36.415036848394649 ], [ 127.368394765747041, 36.415430038632024 ], [ 127.367986692834876, 36.41575311332187 ], [ 127.367591521526265, 36.415746909292622 ], [ 127.367495349855886, 36.415745401365008 ], [ 127.366755097835096, 36.416058216164416 ], [ 127.366746507310054, 36.416061847730461 ], [ 127.366410092215673, 36.416353445356854 ], [ 127.365430347784127, 36.416745735949839 ], [ 127.364741708696528, 36.417251598927791 ], [ 127.363998459218735, 36.417167283361643 ], [ 127.36364153909021, 36.417413724614285 ], [ 127.363206474873763, 36.417520271357056 ], [ 127.362273140035086, 36.417748826890602 ], [ 127.362191345567652, 36.418301195458916 ], [ 127.36147950086756, 36.418280355527735 ], [ 127.361335451045889, 36.418352152532421 ], [ 127.361004954396435, 36.41853110892059 ], [ 127.360800194148609, 36.418881761786224 ], [ 127.360981767694838, 36.419076595656534 ], [ 127.360745241315215, 36.419313816429288 ], [ 127.360644851844697, 36.419414489359184 ], [ 127.360604097160234, 36.419557184985081 ], [ 127.359912231122607, 36.42011563885913 ], [ 127.359935387466052, 36.42034051626937 ], [ 127.359971602617861, 36.42069220215015 ], [ 127.359948331568788, 36.420794156741898 ], [ 127.359742851892989, 36.421148082032673 ], [ 127.359567117670309, 36.421249187453036 ], [ 127.359391856710189, 36.421332123867927 ], [ 127.359331494977482, 36.422018969745082 ], [ 127.359452183843402, 36.422275420097066 ], [ 127.359406928608877, 36.422478262240631 ], [ 127.359395976097332, 36.42253116593308 ], [ 127.359426715090478, 36.422741854278819 ], [ 127.359483586592503, 36.423174808219379 ], [ 127.359631344835364, 36.423736056797281 ], [ 127.359375654461147, 36.42397809937637 ], [ 127.35920540494655, 36.424476778865035 ], [ 127.359324322980257, 36.424752465637305 ], [ 127.359390150722845, 36.425511277530454 ], [ 127.359732555737196, 36.425873642357452 ], [ 127.35912140390721, 36.425680030864868 ], [ 127.358508357814586, 36.425958467633322 ], [ 127.358322011351902, 36.426033901077105 ], [ 127.358231387259593, 36.426070588053001 ], [ 127.357738060910805, 36.426319230238008 ], [ 127.357594091920575, 36.426305250021237 ], [ 127.357168244412534, 36.426259407551278 ], [ 127.355887346872905, 36.42632514321847 ], [ 127.35482852894846, 36.426621301378354 ], [ 127.354825734091577, 36.42662208497525 ], [ 127.354373298719736, 36.426777547784489 ], [ 127.35426986387661, 36.426817865327436 ], [ 127.353891401348022, 36.426689062774933 ], [ 127.35378863152927, 36.426654428119839 ], [ 127.353309931591312, 36.426762680427004 ], [ 127.352606541836991, 36.427090663901467 ], [ 127.352535928255762, 36.427208598685134 ], [ 127.352306331958133, 36.42759203166873 ], [ 127.351508484807141, 36.428311604818703 ], [ 127.351218681499162, 36.428619730653018 ], [ 127.35127310305495, 36.42892351391766 ], [ 127.351303782019301, 36.429100222046756 ], [ 127.351330335233499, 36.429242364213835 ], [ 127.351698230144109, 36.429727649649173 ], [ 127.352077964912851, 36.430270744418912 ], [ 127.352371762225602, 36.430700824017897 ], [ 127.352596532742126, 36.430937644971266 ], [ 127.352715339457617, 36.431062817941331 ], [ 127.353804660246098, 36.431534662817306 ], [ 127.354603681562892, 36.431724293655321 ], [ 127.354826756236989, 36.431771773347563 ], [ 127.35531782326558, 36.432229783398476 ], [ 127.355769098283545, 36.432349984055492 ], [ 127.356100966278476, 36.432611479255293 ], [ 127.356260857988829, 36.432980108690856 ], [ 127.357229976979298, 36.433413475708157 ], [ 127.357339623946928, 36.433466929533459 ], [ 127.357304163190619, 36.433660811265305 ], [ 127.357478235346989, 36.433728528183032 ], [ 127.357684920217537, 36.433594693043794 ], [ 127.358821433143348, 36.433627857542106 ], [ 127.359390233109877, 36.433619449352975 ], [ 127.359504777263382, 36.433811439360966 ], [ 127.359914597317442, 36.434087649181272 ], [ 127.360781437541021, 36.434123748411132 ], [ 127.36085321829519, 36.434127236220093 ], [ 127.361064833866067, 36.434139764899321 ], [ 127.36117231634654, 36.43414631729943 ], [ 127.361295922985974, 36.434155136028735 ], [ 127.361470172622447, 36.434009164143752 ], [ 127.361719106548733, 36.433817350515504 ], [ 127.362016469432746, 36.433269973220682 ], [ 127.362135839225189, 36.4330549752083 ], [ 127.362216115471867, 36.432906321355773 ], [ 127.362312366556324, 36.432840759510491 ], [ 127.362447017702124, 36.432737413544089 ], [ 127.362616493713745, 36.432698547819399 ], [ 127.362787299655523, 36.432665192599352 ], [ 127.362875415281394, 36.432641928371666 ], [ 127.363008383096798, 36.43240657625666 ], [ 127.363105601592224, 36.432227690862405 ], [ 127.363372147902552, 36.432113076139245 ], [ 127.363835755552458, 36.431913731412564 ], [ 127.364135748320507, 36.431428322308378 ], [ 127.364456662039686, 36.430912480290672 ], [ 127.364580810207201, 36.43077982215376 ], [ 127.3647967219609, 36.430557831639277 ], [ 127.364878391757159, 36.430472865567381 ], [ 127.364939607229601, 36.430468993227173 ], [ 127.365305502049054, 36.430446405126858 ], [ 127.365432885634306, 36.430508079234116 ], [ 127.365443738180034, 36.430513335754327 ], [ 127.365762729747232, 36.430985056084594 ], [ 127.365953336798043, 36.431116412518271 ], [ 127.366353147951486, 36.43152800215482 ], [ 127.365955086563474, 36.431994178870859 ], [ 127.36600436557697, 36.432289617606088 ], [ 127.36596447829686, 36.432970319731126 ], [ 127.366144193339295, 36.433296719448549 ], [ 127.366346878444773, 36.433371923182293 ], [ 127.366431790925574, 36.433374313626977 ], [ 127.366464984626404, 36.433385017072162 ], [ 127.366913251109594, 36.433550512449081 ], [ 127.367007221660145, 36.433579567089105 ], [ 127.367233079723292, 36.433556904560483 ], [ 127.3672888813486, 36.43354890317481 ], [ 127.367388368986084, 36.433541650413687 ], [ 127.367699096298523, 36.433851488727214 ], [ 127.367718233013875, 36.433889440797721 ], [ 127.367775655613784, 36.433977234908831 ], [ 127.368018111801248, 36.43415895726843 ], [ 127.368198840039341, 36.434153193777199 ], [ 127.368332558733016, 36.434144455766628 ], [ 127.368605068199102, 36.434048249630663 ], [ 127.368707774108557, 36.434065802922888 ], [ 127.368873656449779, 36.434078675288383 ], [ 127.368991186792371, 36.434087487417159 ], [ 127.369183865178243, 36.434113712673621 ], [ 127.36935496525156, 36.434159117059167 ], [ 127.369415318991159, 36.434184740171276 ], [ 127.369569592644751, 36.434232819383567 ], [ 127.369713105130671, 36.434425178690574 ], [ 127.36985864308069, 36.434607087809084 ], [ 127.369919349182865, 36.434832126761144 ], [ 127.369989458198518, 36.43505281086172 ], [ 127.370371699213891, 36.43516209445793 ], [ 127.370704279666455, 36.435257373201679 ], [ 127.370901451009843, 36.435306281087676 ], [ 127.370991268226504, 36.435335922147431 ], [ 127.371267533466352, 36.435408366225332 ], [ 127.371420410792609, 36.435448237669803 ], [ 127.371861049484494, 36.43550829480651 ] ] ] ] } },
{ "type": "Feature", "properties": { "EMD_CD": "30200132", "EMD_ENG_NM": "Hagi-dong", "EMD_KOR_NM": "하기동" }, "geometry": { "type": "MultiPolygon", "coordinates": [ [ [ [ 127.32607481172235, 36.398425257647339 ], [ 127.326294183846457, 36.398424156083429 ], [ 127.327575400585033, 36.398687734316162 ], [ 127.328013829009848, 36.399297524374269 ], [ 127.328077632647108, 36.399387439718247 ], [ 127.32807528832727, 36.399610429812341 ], [ 127.328322515318334, 36.399746621477654 ], [ 127.328449714441305, 36.399732467933006 ], [ 127.328532645917235, 36.399709937187673 ], [ 127.328572914384253, 36.399708284389995 ], [ 127.328622979509746, 36.399706229251485 ], [ 127.328633960302255, 36.399711957214429 ], [ 127.328872763450789, 36.399710429174597 ], [ 127.329444982467294, 36.399737966947363 ], [ 127.329726200039588, 36.399865925941782 ], [ 127.330086848087831, 36.399762129257375 ], [ 127.33066049838952, 36.39980917590227 ], [ 127.330707848397608, 36.399417003816474 ], [ 127.330749739235586, 36.399057423988403 ], [ 127.330955939357665, 36.398549986816363 ], [ 127.331100237376361, 36.398277699054908 ], [ 127.331253178812375, 36.398075092515896 ], [ 127.331628774182747, 36.39791286374237 ], [ 127.331706120323076, 36.39770932960063 ], [ 127.331971739084835, 36.397523901243787 ], [ 127.331842421213878, 36.397383974671691 ], [ 127.332038996443899, 36.396954486760798 ], [ 127.33225257843543, 36.396800860117025 ], [ 127.332329256426135, 36.396587396066053 ], [ 127.332747663272968, 36.396618299888054 ], [ 127.333068005077422, 36.396744835944894 ], [ 127.333431125801496, 36.396744502635983 ], [ 127.33360010668703, 36.396858480512819 ], [ 127.333879381183237, 36.397046840184828 ], [ 127.334634783828179, 36.396972805036754 ], [ 127.334984198088748, 36.397082879514713 ], [ 127.335110442247782, 36.397431034024549 ], [ 127.335437497832643, 36.397587941004751 ], [ 127.33606454870413, 36.397943560072754 ], [ 127.336271284111987, 36.397834679396169 ], [ 127.33648269330304, 36.397752882177343 ], [ 127.336794633726953, 36.397690926103408 ], [ 127.336915912966063, 36.3978075479993 ], [ 127.33740523395052, 36.397822708686853 ], [ 127.337999978882991, 36.39776162983344 ], [ 127.338701058846141, 36.397492863955563 ], [ 127.339018755233354, 36.397607684935316 ], [ 127.339293781896032, 36.39781285857557 ], [ 127.339760572174626, 36.397588220618559 ], [ 127.339828195083797, 36.397509582701048 ], [ 127.340089270986965, 36.397201645941642 ], [ 127.340353211758412, 36.3967527397567 ], [ 127.340513025511953, 36.396480928417859 ], [ 127.340034795271265, 36.395924014552506 ], [ 127.339931065231951, 36.395803642120747 ], [ 127.33988391183847, 36.395751490795952 ], [ 127.340122872744857, 36.395339640045385 ], [ 127.340017490249338, 36.39501029319733 ], [ 127.339986836936774, 36.394778961289859 ], [ 127.34029087329337, 36.394591693767055 ], [ 127.340942234987196, 36.394060717493211 ], [ 127.341034937870319, 36.393937030756192 ], [ 127.341153938248894, 36.393814232990096 ], [ 127.341518652841046, 36.393341156685601 ], [ 127.341598509394871, 36.393196148289242 ], [ 127.342334177487402, 36.393064572752117 ], [ 127.342411697619411, 36.393051293729073 ], [ 127.342412611230642, 36.393051120049293 ], [ 127.342517370509853, 36.393031914522716 ], [ 127.342997471951094, 36.392943886302646 ], [ 127.343255346193232, 36.392949754522476 ], [ 127.343306156139164, 36.392950907253223 ], [ 127.34336314188883, 36.392949634913819 ], [ 127.343416003855637, 36.392948456258601 ], [ 127.343589669717346, 36.392944598406991 ], [ 127.343621445541672, 36.392943893938579 ], [ 127.343792257751772, 36.392940097832778 ], [ 127.343886931746923, 36.392916450387318 ], [ 127.34418114037878, 36.392842954364653 ], [ 127.344254512233917, 36.392826721587518 ], [ 127.344617351649759, 36.392746431636958 ], [ 127.344869529961684, 36.39272706143867 ], [ 127.345484707213714, 36.392418400729142 ], [ 127.345687120851551, 36.392622399372414 ], [ 127.345745939834842, 36.392677993958998 ], [ 127.346046383477599, 36.392873987068405 ], [ 127.346638786692338, 36.392898499983616 ], [ 127.346945843594426, 36.392824663107923 ], [ 127.347112060957471, 36.392782656772106 ], [ 127.347417622525597, 36.39266598155379 ], [ 127.347359928621472, 36.39246462209784 ], [ 127.347314394737879, 36.39230571682738 ], [ 127.347222172473266, 36.391983871295231 ], [ 127.347221035084033, 36.39186309212306 ], [ 127.347220228378035, 36.391776428998192 ], [ 127.347218629791257, 36.391606889181467 ], [ 127.347227404555028, 36.391255085500269 ], [ 127.347278504033511, 36.391180807862327 ], [ 127.347322880398949, 36.391116291385522 ], [ 127.347474881958192, 36.390895327273533 ], [ 127.347569127950379, 36.390758320900403 ], [ 127.347613690587593, 36.39052206884044 ], [ 127.347631582361487, 36.39042716998015 ], [ 127.347632243260421, 36.390377531786264 ], [ 127.347632561181385, 36.390353694887992 ], [ 127.347642924495403, 36.389857862281687 ], [ 127.347645966953806, 36.389712081859805 ], [ 127.347615254974073, 36.389275980253018 ], [ 127.347579523330538, 36.38885635748904 ], [ 127.347578732480244, 36.388828784123994 ], [ 127.347578345413595, 36.388816979913265 ], [ 127.347523061682196, 36.388766405052124 ], [ 127.347511568381023, 36.388763374626322 ], [ 127.347488310791391, 36.388746589740968 ], [ 127.347286925637647, 36.388599832492339 ], [ 127.347008062558828, 36.388323531472338 ], [ 127.347015742861871, 36.388321256930254 ], [ 127.346972897941001, 36.388285875127124 ], [ 127.346713614496522, 36.388025917298805 ], [ 127.346680884840254, 36.387984017821083 ], [ 127.346650346819771, 36.387886140757402 ], [ 127.346475667809997, 36.387673078653371 ], [ 127.346240372885163, 36.387304352617178 ], [ 127.346188046432346, 36.387186198774465 ], [ 127.34616534525739, 36.387126048116578 ], [ 127.346146098518105, 36.38711124343012 ], [ 127.345954227682853, 36.386904033446228 ], [ 127.34591809041855, 36.386963975016108 ], [ 127.343987081923999, 36.387227089272685 ], [ 127.343728873898414, 36.386985659077823 ], [ 127.343504910903263, 36.386462751425078 ], [ 127.343477462371737, 36.386460901248057 ], [ 127.343264990115856, 36.386446621999575 ], [ 127.342784076899889, 36.386416221936578 ], [ 127.342544796576533, 36.38640110793861 ], [ 127.342431327174182, 36.386393925897963 ], [ 127.342317364378005, 36.38624314308246 ], [ 127.341889473140156, 36.385691499208903 ], [ 127.341617139029651, 36.385331169026294 ], [ 127.341467130086102, 36.385224943884083 ], [ 127.341300857054421, 36.38513357017019 ], [ 127.341133512910034, 36.384949334599526 ], [ 127.340726870189414, 36.384416252217697 ], [ 127.340708486003194, 36.384391648190366 ], [ 127.340453609813352, 36.384024849574729 ], [ 127.340517468073259, 36.38374943464671 ], [ 127.34053625997656, 36.383411039441441 ], [ 127.340628332541044, 36.383255146606828 ], [ 127.340551521278854, 36.382772556428492 ], [ 127.340559389091339, 36.382384691252582 ], [ 127.340530353919021, 36.382153110550519 ], [ 127.340524923105818, 36.381995647520071 ], [ 127.340401524932744, 36.381943694650829 ], [ 127.339762741359095, 36.381882395836023 ], [ 127.339683177422117, 36.381740481135942 ], [ 127.339596506207826, 36.381594223998817 ], [ 127.339416869369359, 36.381422880072918 ], [ 127.339243463709707, 36.381256798448916 ], [ 127.33904464029078, 36.381067953551934 ], [ 127.33904319711931, 36.381066570446471 ], [ 127.338952221990724, 36.38097874682483 ], [ 127.338850380085645, 36.380880168419132 ], [ 127.338779912645961, 36.380815582457423 ], [ 127.338414344316405, 36.381318887581855 ], [ 127.338394028727606, 36.381324523258755 ], [ 127.33801379501574, 36.381549876388171 ], [ 127.337608616469709, 36.381795711088188 ], [ 127.337477896578662, 36.381911572063693 ], [ 127.337424648042813, 36.381955932630937 ], [ 127.337336753076315, 36.382081423786254 ], [ 127.337073692858752, 36.382447404806527 ], [ 127.336968364488328, 36.382684166374368 ], [ 127.336918929883268, 36.38269546206574 ], [ 127.33687189495204, 36.382705011174828 ], [ 127.336667619452072, 36.382746488369293 ], [ 127.336593114653539, 36.382761791793719 ], [ 127.336085763968129, 36.382865505582352 ], [ 127.336019852073534, 36.382896473796364 ], [ 127.335975740029411, 36.382917197448478 ], [ 127.33582960033543, 36.38298586992795 ], [ 127.335593528833925, 36.383082387326709 ], [ 127.335419579472983, 36.383158409615696 ], [ 127.334792293094566, 36.383455383210816 ], [ 127.334648578186801, 36.383528427331584 ], [ 127.334528873538176, 36.383584254076013 ], [ 127.334470179012925, 36.383627557221295 ], [ 127.334356258306073, 36.383725146195495 ], [ 127.334296565412146, 36.383774831584653 ], [ 127.333909529581746, 36.384023297047207 ], [ 127.333839596074228, 36.384091826925058 ], [ 127.333381433704275, 36.384540762984606 ], [ 127.333355906231176, 36.384565769731864 ], [ 127.333353263968448, 36.384576031723 ], [ 127.333339580235048, 36.384629256761485 ], [ 127.333338714486686, 36.384632611935082 ], [ 127.333310395688656, 36.384520116259225 ], [ 127.333107474826136, 36.38371393925776 ], [ 127.332827752440593, 36.383852449577653 ], [ 127.332737064061789, 36.383962381978399 ], [ 127.332665825429856, 36.384044161801164 ], [ 127.332430932777925, 36.384144454701207 ], [ 127.33236888915421, 36.384170949372113 ], [ 127.332348764453883, 36.384179539499002 ], [ 127.332022717989943, 36.384212144632556 ], [ 127.331737338597364, 36.384239013440471 ], [ 127.33138397902367, 36.38428310226243 ], [ 127.330937310013766, 36.384054501232605 ], [ 127.330701465103004, 36.383931989110565 ], [ 127.330284221528558, 36.383957218015709 ], [ 127.329797911218719, 36.383987680573725 ], [ 127.329924337533612, 36.384196295684106 ], [ 127.329955044302977, 36.384358430166245 ], [ 127.329974428855706, 36.384451953754699 ], [ 127.32993649558459, 36.384593549309209 ], [ 127.329908508366486, 36.384688654669361 ], [ 127.330001456770731, 36.385106530432026 ], [ 127.330048035081731, 36.385345670990368 ], [ 127.329480695067602, 36.385241937872181 ], [ 127.329250242765994, 36.385111495415828 ], [ 127.329189721633398, 36.385148023737642 ], [ 127.329071127267468, 36.385180358161243 ], [ 127.328581954077507, 36.385090654065863 ], [ 127.328221614302393, 36.384916795967314 ], [ 127.327958568523599, 36.384776492402814 ], [ 127.327792511823674, 36.38471421598927 ], [ 127.327627419126955, 36.384740917133243 ], [ 127.327451754833774, 36.384769323667527 ], [ 127.327192341696104, 36.384815198418657 ], [ 127.326775247656883, 36.384513767951432 ], [ 127.326696904689939, 36.384207792565775 ], [ 127.326448111255189, 36.384103195340202 ], [ 127.326392410722761, 36.384098426669112 ], [ 127.326277700264257, 36.384099919109104 ], [ 127.32581181536564, 36.384258987663564 ], [ 127.325619505031781, 36.384266629159661 ], [ 127.325466408185775, 36.384238027168017 ], [ 127.325358480935833, 36.384225180887434 ], [ 127.325201084553854, 36.384309893490702 ], [ 127.324939007383264, 36.384444822354517 ], [ 127.324589328623759, 36.384525576110775 ], [ 127.324416406891416, 36.384616286896673 ], [ 127.324383306495733, 36.384632669095332 ], [ 127.324187560720887, 36.384672362455952 ], [ 127.324037704303251, 36.384702388957649 ], [ 127.323910120489955, 36.384730903158875 ], [ 127.32372319636363, 36.384742455929967 ], [ 127.32340628575696, 36.384645903530945 ], [ 127.323153851333188, 36.384687451673756 ], [ 127.322939493720085, 36.384930540651929 ], [ 127.322897920529442, 36.384930202644497 ], [ 127.322847390919179, 36.384944423540325 ], [ 127.322818803627314, 36.384963659080036 ], [ 127.322817697060074, 36.384954623206013 ], [ 127.322807559746863, 36.384871761162863 ], [ 127.322795486599276, 36.384860169279655 ], [ 127.322787943572706, 36.384836398207803 ], [ 127.322787755209475, 36.384663366615527 ], [ 127.322840164447712, 36.384496581941704 ], [ 127.322853484750269, 36.384464491207801 ], [ 127.322736672158726, 36.384464445406152 ], [ 127.322566812905904, 36.384465352307544 ], [ 127.322716522052403, 36.38381674162472 ], [ 127.322678791468007, 36.38380233462297 ], [ 127.322450511999904, 36.383713823216375 ], [ 127.321908086337331, 36.383443307719993 ], [ 127.32182019524052, 36.383399475763902 ], [ 127.321730435783962, 36.383416118196358 ], [ 127.321694293329102, 36.383462715226614 ], [ 127.321664022259611, 36.383500554616106 ], [ 127.321633416877688, 36.38353830604607 ], [ 127.321602364992359, 36.383575787238478 ], [ 127.321571312869537, 36.38361335857509 ], [ 127.32154580236957, 36.383643525879684 ], [ 127.321520846531058, 36.383672970988037 ], [ 127.321200841819191, 36.384046640107016 ], [ 127.320752602164632, 36.384568622340076 ], [ 127.32035520397956, 36.385096775167526 ], [ 127.320251709118907, 36.385216726162 ], [ 127.320177824266253, 36.385273336430657 ], [ 127.320090601211689, 36.385338902921468 ], [ 127.31997334885412, 36.385474751069012 ], [ 127.319456328456084, 36.386079368756086 ], [ 127.319336660565881, 36.386224503730503 ], [ 127.319214792233993, 36.38637685466329 ], [ 127.319055592270928, 36.386585537263329 ], [ 127.318880245264552, 36.386825172378295 ], [ 127.318766410214408, 36.386980205441688 ], [ 127.318687387256873, 36.387089546315714 ], [ 127.318624988970242, 36.38717595336233 ], [ 127.318380343002488, 36.387505346858489 ], [ 127.318333673359277, 36.387567561001532 ], [ 127.318200253148262, 36.387758241453639 ], [ 127.318124424785353, 36.387831256155671 ], [ 127.318069468518644, 36.38788421049766 ], [ 127.317927360617688, 36.388076535204512 ], [ 127.317868392503257, 36.388157345014115 ], [ 127.316723153498117, 36.389726056355194 ], [ 127.31670009683458, 36.389757567857465 ], [ 127.316418213855641, 36.390143649839089 ], [ 127.315850226265468, 36.39092167861287 ], [ 127.315665661365202, 36.391174490143364 ], [ 127.315606134669878, 36.391256111998288 ], [ 127.315590948260379, 36.391276879397104 ], [ 127.315654767989471, 36.391237420562305 ], [ 127.315772524375987, 36.391167450413135 ], [ 127.315845246484031, 36.391124273892196 ], [ 127.315896486387544, 36.391088813485688 ], [ 127.315919619439526, 36.391076136079683 ], [ 127.316218083174789, 36.391041286500631 ], [ 127.316303353133989, 36.39098663107513 ], [ 127.316379686548359, 36.39089919751985 ], [ 127.316433644357005, 36.390791365546569 ], [ 127.316465640339757, 36.390655115834726 ], [ 127.316500381130822, 36.390618796598723 ], [ 127.316609135477762, 36.390500637637736 ], [ 127.31662968364104, 36.390482740754024 ], [ 127.316640215192322, 36.390468654451674 ], [ 127.316703589489592, 36.390291318307149 ], [ 127.316888130082276, 36.390061575187758 ], [ 127.316925719129031, 36.390013083288579 ], [ 127.317043605863006, 36.389921123804946 ], [ 127.317050272827984, 36.389915879092463 ], [ 127.317229402777869, 36.389809338891205 ], [ 127.317480239860032, 36.389712520981867 ], [ 127.317940100412741, 36.389515120369225 ], [ 127.318087427757703, 36.389372346277852 ], [ 127.318455920559643, 36.389182844988802 ], [ 127.318455890353761, 36.389175275713512 ], [ 127.318787797357146, 36.388869890813496 ], [ 127.319226968344893, 36.388574943385223 ], [ 127.319257307513212, 36.388553234894374 ], [ 127.319300984705734, 36.388522389015115 ], [ 127.319273074129612, 36.388568449692386 ], [ 127.319350259809227, 36.388560638457726 ], [ 127.319407496876551, 36.388586178552472 ], [ 127.319774044091744, 36.388749700488951 ], [ 127.319949966714177, 36.388828182726293 ], [ 127.319706235227443, 36.389458494051908 ], [ 127.319695735231889, 36.389485665452746 ], [ 127.319506686166562, 36.389657011408097 ], [ 127.319444352676342, 36.389713212347949 ], [ 127.319283765219197, 36.389957620562363 ], [ 127.319215051849696, 36.390062202959896 ], [ 127.319148000457901, 36.390059975733379 ], [ 127.318936276523573, 36.390052932391399 ], [ 127.318810306940392, 36.390157621775188 ], [ 127.318771411354646, 36.390334173395992 ], [ 127.318875054272709, 36.39054722135451 ], [ 127.318948060919709, 36.39070904808483 ], [ 127.319374276896681, 36.391333574716292 ], [ 127.319375412936438, 36.391467538951822 ], [ 127.319381367762162, 36.391684451072301 ], [ 127.31938894886423, 36.392062776062858 ], [ 127.319406483516005, 36.392161712985484 ], [ 127.319501541385549, 36.39263587739967 ], [ 127.319329564288253, 36.393246360447662 ], [ 127.319249255776398, 36.393531449663421 ], [ 127.319621196786329, 36.39374639699875 ], [ 127.319703529663613, 36.393793975109972 ], [ 127.319822842947147, 36.393854377739672 ], [ 127.319965764688078, 36.393923205739917 ], [ 127.320098579931653, 36.393987005731034 ], [ 127.320164120244485, 36.394003231753572 ], [ 127.320792126962516, 36.394158663667866 ], [ 127.321202683689535, 36.394217565027674 ], [ 127.321398237670593, 36.394162800125223 ], [ 127.321574426451477, 36.394074663651914 ], [ 127.321829746932323, 36.394229303745348 ], [ 127.321943591914703, 36.394284816063887 ], [ 127.322011833622753, 36.39444561674803 ], [ 127.322140301904625, 36.394547058417373 ], [ 127.32223430849622, 36.394632749945849 ], [ 127.322298518250975, 36.394688377653132 ], [ 127.32268356476618, 36.394834115829802 ], [ 127.322768498424537, 36.395190748244168 ], [ 127.322757200893349, 36.395416889337127 ], [ 127.322859632248367, 36.395488219921674 ], [ 127.323003173915382, 36.395586880340495 ], [ 127.323196170164906, 36.395890359318201 ], [ 127.3233080169841, 36.395838818218586 ], [ 127.32341621578999, 36.395829938146562 ], [ 127.323641303265674, 36.395800539310713 ], [ 127.32375189767977, 36.39578609286685 ], [ 127.323949888766023, 36.395988995583437 ], [ 127.323989654711681, 36.39601186872224 ], [ 127.324256723114217, 36.396109508479014 ], [ 127.324361626596868, 36.396287575023401 ], [ 127.324602968169955, 36.396417131378037 ], [ 127.324713014040441, 36.396719624053432 ], [ 127.325303625647663, 36.397335924864542 ], [ 127.32536108012232, 36.397417099228051 ], [ 127.32607481172235, 36.398425257647339 ] ] ] ] } },
{ "type": "Feature", "properties": { "EMD_CD": "30200133", "EMD_ENG_NM": "Chumok-dong", "EMD_KOR_NM": "추목동" }, "geometry": { "type": "MultiPolygon", "coordinates": [ [ [ [ 127.350452336453571, 36.409033835325474 ], [ 127.3502593750123, 36.409230770924331 ], [ 127.349781003927873, 36.409734555036245 ], [ 127.349565540749509, 36.409961464640602 ], [ 127.349346170265576, 36.410192485512283 ], [ 127.349324920055452, 36.410214869153862 ], [ 127.349258424320908, 36.410526612025983 ], [ 127.349124559250356, 36.410581530992296 ], [ 127.348957782896605, 36.410949482553463 ], [ 127.348280811196105, 36.410990182179646 ], [ 127.347849395591041, 36.410975934211223 ], [ 127.347849238787916, 36.410975772457114 ], [ 127.347887949737526, 36.41095107652184 ], [ 127.347867315262263, 36.410913900420809 ], [ 127.347826945063986, 36.410936519480757 ], [ 127.347663158621444, 36.410906922633359 ], [ 127.347475806183454, 36.410872906057364 ], [ 127.347336410895807, 36.41083510061501 ], [ 127.347170081949074, 36.410790190724001 ], [ 127.347055088442374, 36.410706292048928 ], [ 127.346878522385964, 36.410577621463048 ], [ 127.346680221239282, 36.410432350978709 ], [ 127.346466812720053, 36.410274147087748 ], [ 127.346419895715599, 36.410291188378508 ], [ 127.346413752545686, 36.410291152051762 ], [ 127.3464137082875, 36.410281140285122 ], [ 127.346373195006933, 36.410231053630625 ], [ 127.346318929064338, 36.410199741801762 ], [ 127.346234494164349, 36.410186026591752 ], [ 127.346174845549797, 36.410175384836919 ], [ 127.346100251318418, 36.410140617051376 ], [ 127.345998371968733, 36.410046856850684 ], [ 127.345883507443574, 36.409968913331291 ], [ 127.345734349210161, 36.409868161051634 ], [ 127.345730245376203, 36.409865388294307 ], [ 127.34563396536997, 36.410007129985111 ], [ 127.345580736386751, 36.410124902852651 ], [ 127.345545408890828, 36.410158473740942 ], [ 127.345512963379235, 36.410145275090031 ], [ 127.345463777150513, 36.410100286642368 ], [ 127.345413888939632, 36.410080667868634 ], [ 127.345304755715077, 36.410058453086577 ], [ 127.345281210898875, 36.410025889839304 ], [ 127.34507533047541, 36.410120581531721 ], [ 127.344908018673962, 36.410196219570047 ], [ 127.344736358016178, 36.410256541130281 ], [ 127.344480801566064, 36.410392836965656 ], [ 127.344452350772428, 36.410469174887815 ], [ 127.344396135398469, 36.410547178569274 ], [ 127.34442283257232, 36.410614670934059 ], [ 127.344368712714754, 36.410735726037565 ], [ 127.344261599630173, 36.410871495982612 ], [ 127.344147117292124, 36.411007395113103 ], [ 127.34403775488596, 36.411110954816984 ], [ 127.343957281627112, 36.411276034913222 ], [ 127.343838512703996, 36.411484651663976 ], [ 127.343752646739688, 36.411630363110923 ], [ 127.343709970318656, 36.411684212600477 ], [ 127.343587115520933, 36.411838509834489 ], [ 127.343513184832148, 36.411858565145664 ], [ 127.343498359589603, 36.411907576662919 ], [ 127.34348692695626, 36.412010756228185 ], [ 127.343476738898644, 36.412115545303763 ], [ 127.343434359947864, 36.412181406307994 ], [ 127.343402980183328, 36.412271585159914 ], [ 127.343385742507323, 36.412327299188782 ], [ 127.343308668598993, 36.412457088659856 ], [ 127.343250122864688, 36.412555996360922 ], [ 127.343209157738428, 36.412758928734917 ], [ 127.343039795753199, 36.412887495152425 ], [ 127.342914380402519, 36.412982241309827 ], [ 127.342810759022512, 36.413226778990371 ], [ 127.342794358182331, 36.413262394660741 ], [ 127.342714542765961, 36.413415838012611 ], [ 127.342717276978121, 36.413452128934644 ], [ 127.342628168150185, 36.413586422089438 ], [ 127.342624931339699, 36.413628966098031 ], [ 127.342556144299394, 36.413767652874661 ], [ 127.342497009136068, 36.413844384320569 ], [ 127.342447356481713, 36.413922413368816 ], [ 127.342388350341295, 36.41405934188991 ], [ 127.342338114263711, 36.414134038263377 ], [ 127.342350018968958, 36.41415380277283 ], [ 127.342194081861436, 36.414316799026899 ], [ 127.341837199191986, 36.414480115615667 ], [ 127.341832870685096, 36.414482092480924 ], [ 127.341555192904366, 36.414663457994067 ], [ 127.341462299416875, 36.414707834272853 ], [ 127.341170751955204, 36.414846117864421 ], [ 127.340859931148273, 36.415026602772677 ], [ 127.340819979826051, 36.415067016178881 ], [ 127.340657742091281, 36.415238598348772 ], [ 127.340450998218586, 36.415457212009017 ], [ 127.340083517599723, 36.415197368684268 ], [ 127.339774040192992, 36.415128036378796 ], [ 127.339669213458691, 36.415274906964733 ], [ 127.339509849859027, 36.415498070848187 ], [ 127.339448641947129, 36.415583764169995 ], [ 127.339343440381043, 36.415595452511099 ], [ 127.339034095989277, 36.415484925893587 ], [ 127.339004320147538, 36.415486010340935 ], [ 127.338734275118, 36.415495829927444 ], [ 127.338658950451958, 36.415547868338727 ], [ 127.338456848184791, 36.415683567735485 ], [ 127.338434135392248, 36.41569881636925 ], [ 127.338118372104475, 36.415914408266225 ], [ 127.337795420273537, 36.416066442733097 ], [ 127.337505809768714, 36.416092805872417 ], [ 127.33743636553551, 36.416135869433965 ], [ 127.337378418738254, 36.416171673313421 ], [ 127.3372861596212, 36.416227110802403 ], [ 127.337221335069046, 36.416312542801016 ], [ 127.337175705165535, 36.41643826573894 ], [ 127.337152935375613, 36.416520704773028 ], [ 127.33701926686048, 36.416589406365489 ], [ 127.336863987170588, 36.41665747461046 ], [ 127.336790648514722, 36.416689626673431 ], [ 127.336771902297713, 36.416792582757452 ], [ 127.336741751126013, 36.416958111351327 ], [ 127.336553077825229, 36.417021226439971 ], [ 127.33652659783904, 36.417184960377156 ], [ 127.336155226887186, 36.417238674519197 ], [ 127.336073554854423, 36.417381764247246 ], [ 127.336030782615268, 36.41745683354268 ], [ 127.335938733426588, 36.417577414238735 ], [ 127.335714755647899, 36.417869115935929 ], [ 127.335592466085245, 36.418007741107068 ], [ 127.335404549576324, 36.418222409303894 ], [ 127.33529935045253, 36.418339863195293 ], [ 127.335093051329196, 36.418704391061283 ], [ 127.334849129066257, 36.418933065637844 ], [ 127.33462134922236, 36.418889868892109 ], [ 127.332825178031442, 36.417982775371527 ], [ 127.332264092557736, 36.418498577707972 ], [ 127.331646283983702, 36.418451777987435 ], [ 127.331085837940648, 36.418794343069422 ], [ 127.331058819275881, 36.418981219041889 ], [ 127.330611446199697, 36.419309312539845 ], [ 127.330415616160366, 36.419272228699192 ], [ 127.330190320881542, 36.419225592249745 ], [ 127.329650330885073, 36.418957711758779 ], [ 127.328600717429907, 36.419228785737694 ], [ 127.326823647869546, 36.420157194000552 ], [ 127.326649299886327, 36.420180639436069 ], [ 127.326464796429036, 36.420210041885774 ], [ 127.326260123212236, 36.420935978130821 ], [ 127.326244540627172, 36.421237260117458 ], [ 127.326230126570266, 36.421495175115929 ], [ 127.32630082487448, 36.42211527608854 ], [ 127.3269988183322, 36.422334387444245 ], [ 127.327091841152765, 36.422495792796759 ], [ 127.327395580489423, 36.422676601846206 ], [ 127.327339076369455, 36.422747713329969 ], [ 127.328014430493553, 36.423132528860947 ], [ 127.329149103427099, 36.423321484737357 ], [ 127.330262197646988, 36.4240508962653 ], [ 127.33042393658215, 36.424393738316923 ], [ 127.330920510905486, 36.424603294606356 ], [ 127.33143610210044, 36.424939805594398 ], [ 127.331537417588095, 36.425165941739358 ], [ 127.332251647019561, 36.4255494901318 ], [ 127.332352160020662, 36.425746060762343 ], [ 127.332727894952328, 36.426504812884701 ], [ 127.332837304272914, 36.42654279954975 ], [ 127.333639922784698, 36.426810367422959 ], [ 127.333788807846503, 36.426829940866533 ], [ 127.33435338190327, 36.426921295791956 ], [ 127.334367329185199, 36.426923230447123 ], [ 127.334717977016851, 36.426985333475855 ], [ 127.335502680718406, 36.427579590645259 ], [ 127.335855019062222, 36.42782699076362 ], [ 127.336526194623957, 36.428112074196285 ], [ 127.336806614076806, 36.428209567336616 ], [ 127.337271992716296, 36.428284010863855 ], [ 127.337522753244414, 36.428332878122347 ], [ 127.337572657508545, 36.428348787292833 ], [ 127.337733059745887, 36.42849364744373 ], [ 127.338042867346175, 36.428780018738706 ], [ 127.338383039548887, 36.428993363811749 ], [ 127.338835405169405, 36.429159359540584 ], [ 127.339056416666423, 36.4296588775563 ], [ 127.339462204392859, 36.429896257105142 ], [ 127.339815889784006, 36.429968195159184 ], [ 127.339818339317176, 36.42996988239495 ], [ 127.340279848500217, 36.430398029532441 ], [ 127.340472365909719, 36.43050956010557 ], [ 127.340849298171477, 36.430834541742882 ], [ 127.341666011106454, 36.430754622584296 ], [ 127.342112822571991, 36.430556635049108 ], [ 127.342337187882862, 36.430631421663726 ], [ 127.34275183347367, 36.430761671101038 ], [ 127.342887289676767, 36.430590054908194 ], [ 127.342921278881633, 36.430551559391319 ], [ 127.343045474482096, 36.430497810589792 ], [ 127.343182591757625, 36.430428110236853 ], [ 127.343697989265692, 36.430039046267346 ], [ 127.343733655502319, 36.430034699587523 ], [ 127.343972220612912, 36.42997069118379 ], [ 127.344194645285782, 36.429931231109286 ], [ 127.344615034534201, 36.429846360279036 ], [ 127.345068095936142, 36.429611909917355 ], [ 127.345667328075521, 36.42925843520878 ], [ 127.345768354452261, 36.429198838761636 ], [ 127.345904434227833, 36.429190705369493 ], [ 127.346256748457179, 36.429163789319254 ], [ 127.346372462495594, 36.429157516513101 ], [ 127.346627538650964, 36.429194393793892 ], [ 127.347134660562077, 36.429107623252399 ], [ 127.347287337604257, 36.429085328107298 ], [ 127.348026469076061, 36.428961781254216 ], [ 127.348107389646742, 36.428962961190088 ], [ 127.348588285056692, 36.42896999903774 ], [ 127.348877846119152, 36.42880002765348 ], [ 127.34928703493587, 36.428579197277379 ], [ 127.34933688280347, 36.428604392624941 ], [ 127.349636407023581, 36.42866097747936 ], [ 127.350108965891181, 36.428761753916902 ], [ 127.350417467501501, 36.428661184737884 ], [ 127.350619848266547, 36.428597331877604 ], [ 127.351206468503563, 36.428619279565702 ], [ 127.351218681369645, 36.428619730419896 ], [ 127.351508485031744, 36.428311604472377 ], [ 127.352306331567178, 36.427592031507594 ], [ 127.352535928128688, 36.427208598927209 ], [ 127.352606542092516, 36.427090664035269 ], [ 127.353309931966493, 36.426762680820964 ], [ 127.353788631803411, 36.426654428106822 ], [ 127.353891401423255, 36.426689062736685 ], [ 127.354269864116503, 36.42681786510267 ], [ 127.354373298589053, 36.426777548049969 ], [ 127.354825733962514, 36.426622085044897 ], [ 127.354828529356766, 36.426621301777061 ], [ 127.355887347282561, 36.426325143351448 ], [ 127.357168244884946, 36.426259407162064 ], [ 127.357594092328185, 36.426305250438915 ], [ 127.357738061429927, 36.426319230503267 ], [ 127.358231387109072, 36.426070588049313 ], [ 127.358322011399721, 36.42603390147022 ], [ 127.358508357480062, 36.42595846723593 ], [ 127.359121404277744, 36.425680031261756 ], [ 127.359732556258763, 36.425873642359988 ], [ 127.35939015023574, 36.425511277235437 ], [ 127.359324323068591, 36.424752465187119 ], [ 127.359205405359987, 36.424476778753302 ], [ 127.35937565413704, 36.423978099377784 ], [ 127.359631345274707, 36.423736056660751 ], [ 127.359483586124938, 36.423174807807897 ], [ 127.359426715453978, 36.422741854569367 ], [ 127.35939597645195, 36.422531165763402 ], [ 127.359406928850831, 36.422478261972223 ], [ 127.359452183534756, 36.422275419744182 ], [ 127.359331495349039, 36.422018969342034 ], [ 127.359391856797387, 36.421332123668769 ], [ 127.359567117302376, 36.421249187293 ], [ 127.359742851498439, 36.421148081881469 ], [ 127.359948332137861, 36.420794156984307 ], [ 127.3599716025997, 36.420692202130638 ], [ 127.359935386938616, 36.420340516520767 ], [ 127.35991223142635, 36.420115638784367 ], [ 127.359823998652118, 36.419977089091745 ], [ 127.359671692421699, 36.419737954948388 ], [ 127.359522183829654, 36.419503245912288 ], [ 127.359340630824121, 36.41878005137611 ], [ 127.359203008816138, 36.418459768261243 ], [ 127.359046695594373, 36.418106765779676 ], [ 127.358853301334008, 36.417537613871318 ], [ 127.358775155745974, 36.417409432521382 ], [ 127.358654873361672, 36.417222405293487 ], [ 127.35838904932659, 36.416466694862898 ], [ 127.358235854937277, 36.416038182726389 ], [ 127.358171888323795, 36.415942850903456 ], [ 127.358137692390798, 36.415884323603741 ], [ 127.358029403787199, 36.415700621192414 ], [ 127.357972073177152, 36.415603169741203 ], [ 127.357331905582285, 36.414514865173011 ], [ 127.357264410035668, 36.414383533007936 ], [ 127.357091825122311, 36.414155377770335 ], [ 127.357035872855235, 36.414080964388845 ], [ 127.356957844681219, 36.414001597233579 ], [ 127.356887772303381, 36.413926027266932 ], [ 127.35680150791093, 36.413879108246462 ], [ 127.356738892171109, 36.413834813283728 ], [ 127.356720686367566, 36.413817907613293 ], [ 127.356702223032883, 36.413800759392885 ], [ 127.356645817093948, 36.413734313424719 ], [ 127.356636575186613, 36.413717363059 ], [ 127.356621217023616, 36.413689202429822 ], [ 127.356574411172986, 36.413586095730452 ], [ 127.356569500700743, 36.413553199974054 ], [ 127.356558137209603, 36.413518385910237 ], [ 127.35657665647615, 36.413447409566643 ], [ 127.356576946673215, 36.413356842138199 ], [ 127.356266606276193, 36.412795287517966 ], [ 127.35664222702087, 36.41199781594004 ], [ 127.356637398345981, 36.411769782728896 ], [ 127.356633349304303, 36.411578307256931 ], [ 127.356537519454207, 36.411239314410622 ], [ 127.356465666506864, 36.410651656131016 ], [ 127.356707049276338, 36.409999859085545 ], [ 127.356819943280541, 36.40980674701337 ], [ 127.356796405485909, 36.409081427939576 ], [ 127.357030169330216, 36.408491472371288 ], [ 127.356855421979986, 36.408505158430373 ], [ 127.356367401417714, 36.408266783701961 ], [ 127.356322022781782, 36.408226663689398 ], [ 127.356058038996636, 36.408094715767234 ], [ 127.355927471821232, 36.408029390698665 ], [ 127.355756723545838, 36.407958687604349 ], [ 127.355669497004399, 36.407963452121791 ], [ 127.355639358937609, 36.407965100504505 ], [ 127.355557916576942, 36.407969451277332 ], [ 127.355440231973446, 36.407974143713609 ], [ 127.355257518483583, 36.408045309049577 ], [ 127.355086664773637, 36.408111131156112 ], [ 127.354983733416546, 36.408151159030403 ], [ 127.354873122401358, 36.408201428702419 ], [ 127.354743309828365, 36.408216420558794 ], [ 127.354595141524314, 36.408136646417688 ], [ 127.354463705221463, 36.408236297807733 ], [ 127.354461230828989, 36.408238891452065 ], [ 127.354335537295484, 36.408370949488578 ], [ 127.354127271225394, 36.408393192480986 ], [ 127.353915409063333, 36.40841901431876 ], [ 127.35379511688491, 36.408468590632559 ], [ 127.353630954697493, 36.408535418240454 ], [ 127.353445890443481, 36.408610066217058 ], [ 127.353363147678536, 36.408598171400023 ], [ 127.35320034136123, 36.40857267952142 ], [ 127.353170910470809, 36.408570513289419 ], [ 127.35292793220917, 36.408569200936689 ], [ 127.352864008240658, 36.408554799236839 ], [ 127.352765783890689, 36.408531333592336 ], [ 127.352743618277998, 36.408528361875284 ], [ 127.352700146547122, 36.408525128394963 ], [ 127.352533249280796, 36.408519509218436 ], [ 127.352334647377234, 36.408519272765822 ], [ 127.351837065460018, 36.408522112265914 ], [ 127.351367058833219, 36.408836841740722 ], [ 127.351133132257615, 36.409002186913014 ], [ 127.350452336453571, 36.409033835325474 ] ] ] ] } },
{ "type": "Feature", "properties": { "EMD_CD": "30200134", "EMD_ENG_NM": "Jaun-dong", "EMD_KOR_NM": "자운동" }, "geometry": { "type": "MultiPolygon", "coordinates": [ [ [ [ 127.35403722139894, 36.396341656484474 ], [ 127.353987548951409, 36.396271926925699 ], [ 127.35400585457306, 36.39626506907063 ], [ 127.354018449515053, 36.396262382742435 ], [ 127.354017192158011, 36.396243218323612 ], [ 127.353989100453362, 36.396230423421152 ], [ 127.353961347742086, 36.396216456945091 ], [ 127.353944628225292, 36.396191840824379 ], [ 127.353887673275196, 36.396081868861273 ], [ 127.353857737326337, 36.396025967819078 ], [ 127.353855432374729, 36.39601416037015 ], [ 127.353849281717089, 36.395982692165255 ], [ 127.353815743049367, 36.395923737693003 ], [ 127.353745329585323, 36.395798071456355 ], [ 127.353739537471213, 36.395784003168473 ], [ 127.353725732334937, 36.395740914715965 ], [ 127.353713709079855, 36.395694936365672 ], [ 127.353607741528009, 36.395540330295667 ], [ 127.353609995206313, 36.395483802802786 ], [ 127.35356865348453, 36.395424753853135 ], [ 127.353531206646494, 36.395394107830221 ], [ 127.353506919215221, 36.395352373983286 ], [ 127.353455872626924, 36.395313973277474 ], [ 127.353422436579592, 36.395275303185841 ], [ 127.353357122093058, 36.395249262724796 ], [ 127.35333906496524, 36.395236916450074 ], [ 127.353288122759281, 36.395201767611326 ], [ 127.35324476795634, 36.395165984476137 ], [ 127.353155059309714, 36.395091803610228 ], [ 127.353076098459667, 36.395000540362098 ], [ 127.353030260798704, 36.394950526154915 ], [ 127.352912322387951, 36.394740964578737 ], [ 127.352896670732079, 36.394713390820414 ], [ 127.352891839519799, 36.394704888814424 ], [ 127.352826711919676, 36.394593921685903 ], [ 127.352769304884262, 36.394474505999533 ], [ 127.352686779036972, 36.394301887795571 ], [ 127.352667277749802, 36.39422365236878 ], [ 127.352650371822776, 36.394167397614005 ], [ 127.35260376524721, 36.394082428246286 ], [ 127.352566023251185, 36.39401062680632 ], [ 127.352556141381584, 36.393969616611464 ], [ 127.352537013142154, 36.393927417491348 ], [ 127.352510600105347, 36.393868784349102 ], [ 127.352410444374812, 36.393830643779026 ], [ 127.352381260293939, 36.393797782729436 ], [ 127.352374575308005, 36.393669305776328 ], [ 127.352431738577224, 36.393794291903198 ], [ 127.352508922281586, 36.393865067060787 ], [ 127.352463594796916, 36.393764459525883 ], [ 127.35243265943744, 36.39368925875641 ], [ 127.352346113077559, 36.393459976961147 ], [ 127.352334708390657, 36.393442203525638 ], [ 127.352344229193065, 36.393427541244499 ], [ 127.352304219134183, 36.393391612281022 ], [ 127.352281477924024, 36.39337118591029 ], [ 127.352260142846703, 36.393316340959188 ], [ 127.35224205460824, 36.393269840094383 ], [ 127.352221943665782, 36.393222146682319 ], [ 127.352083071277335, 36.393107962258881 ], [ 127.352074904794321, 36.393101326716653 ], [ 127.352070854406122, 36.393098031073855 ], [ 127.35206407912888, 36.393083461121201 ], [ 127.352027612080136, 36.393004969053415 ], [ 127.3519107504857, 36.393048829065158 ], [ 127.351800256113236, 36.392867479049478 ], [ 127.351671457916552, 36.392740305831069 ], [ 127.351623198809733, 36.392773682066967 ], [ 127.351526584352442, 36.392689589807887 ], [ 127.351389619313935, 36.392570334066832 ], [ 127.351175120245017, 36.39238367345709 ], [ 127.351006131037281, 36.392294042651358 ], [ 127.350904506512876, 36.392240684775089 ], [ 127.350854487884533, 36.392179795621217 ], [ 127.35082780441931, 36.392110285716861 ], [ 127.350819577589107, 36.392104984273246 ], [ 127.350786399579675, 36.392083642020893 ], [ 127.350716325054364, 36.392071455995264 ], [ 127.350513752014194, 36.392171067818367 ], [ 127.350237575681078, 36.392306878037189 ], [ 127.350212867139859, 36.392302606864575 ], [ 127.350157516483733, 36.392293044571652 ], [ 127.349922740936989, 36.392252465758006 ], [ 127.349728511163292, 36.392218652578755 ], [ 127.349692057687122, 36.392212603890073 ], [ 127.349389717266646, 36.392160351718296 ], [ 127.348852947297132, 36.392067562481245 ], [ 127.348803041002398, 36.392059020735857 ], [ 127.348798355922256, 36.392058214190769 ], [ 127.348699769641044, 36.392041288166332 ], [ 127.348644919278513, 36.392091353774305 ], [ 127.348425457228402, 36.392201005100794 ], [ 127.348369972429609, 36.392228724496242 ], [ 127.348332305135386, 36.392248055454722 ], [ 127.348289245283837, 36.392270240935424 ], [ 127.348089602415826, 36.392372687703237 ], [ 127.348036613186295, 36.392400273115101 ], [ 127.347795073758164, 36.392525991694853 ], [ 127.347417622525597, 36.39266598155379 ], [ 127.347112060957471, 36.392782656772106 ], [ 127.346945843594426, 36.392824663107923 ], [ 127.346638786692338, 36.392898499983616 ], [ 127.346046383477599, 36.392873987068405 ], [ 127.345745939834842, 36.392677993958998 ], [ 127.345687120851551, 36.392622399372414 ], [ 127.345484707213714, 36.392418400729142 ], [ 127.344869529961684, 36.39272706143867 ], [ 127.344617351649759, 36.392746431636958 ], [ 127.344254512233917, 36.392826721587518 ], [ 127.34418114037878, 36.392842954364653 ], [ 127.343886931746923, 36.392916450387318 ], [ 127.343792257751772, 36.392940097832778 ], [ 127.343621445541672, 36.392943893938579 ], [ 127.343589669717346, 36.392944598406991 ], [ 127.343416003855637, 36.392948456258601 ], [ 127.34336314188883, 36.392949634913819 ], [ 127.343306156139164, 36.392950907253223 ], [ 127.343255346193232, 36.392949754522476 ], [ 127.342997471951094, 36.392943886302646 ], [ 127.342517370509853, 36.393031914522716 ], [ 127.342412611230642, 36.393051120049293 ], [ 127.342411697619411, 36.393051293729073 ], [ 127.342334177487402, 36.393064572752117 ], [ 127.341598509394871, 36.393196148289242 ], [ 127.341518652841046, 36.393341156685601 ], [ 127.341153938248894, 36.393814232990096 ], [ 127.341034937870319, 36.393937030756192 ], [ 127.340942234987196, 36.394060717493211 ], [ 127.34029087329337, 36.394591693767055 ], [ 127.339986836936774, 36.394778961289859 ], [ 127.340017490249338, 36.39501029319733 ], [ 127.340122872744857, 36.395339640045385 ], [ 127.33988391183847, 36.395751490795952 ], [ 127.339931065231951, 36.395803642120747 ], [ 127.340034795271265, 36.395924014552506 ], [ 127.340513025511953, 36.396480928417859 ], [ 127.340353211758412, 36.3967527397567 ], [ 127.340089270986965, 36.397201645941642 ], [ 127.339828195083797, 36.397509582701048 ], [ 127.339760572174626, 36.397588220618559 ], [ 127.339293781896032, 36.39781285857557 ], [ 127.339226402464092, 36.397963363541017 ], [ 127.339526194766663, 36.398234378134099 ], [ 127.339506498473824, 36.398486587834597 ], [ 127.339364596595971, 36.398798746431737 ], [ 127.339350479481993, 36.399577913252415 ], [ 127.339245011352986, 36.400906372348373 ], [ 127.339347969448639, 36.400975902644525 ], [ 127.339393137235021, 36.401011398446357 ], [ 127.33901058644588, 36.401237887571362 ], [ 127.338739580035821, 36.401522095363504 ], [ 127.338467727661083, 36.402016050489593 ], [ 127.338427117980089, 36.402150673173765 ], [ 127.338478751087209, 36.402219745570854 ], [ 127.338541529076466, 36.4022726020698 ], [ 127.338552470842458, 36.402320521398252 ], [ 127.338380639210655, 36.40249321855034 ], [ 127.338322670923276, 36.402526878096907 ], [ 127.338206600462215, 36.402650664919044 ], [ 127.33819034322245, 36.402735176103675 ], [ 127.338157090250533, 36.402786997243801 ], [ 127.338099114462324, 36.402824089681381 ], [ 127.338101423847959, 36.402837529186833 ], [ 127.338102516425948, 36.402847817095264 ], [ 127.338101498379544, 36.402854668203346 ], [ 127.338159470674654, 36.402915189410379 ], [ 127.338173963262406, 36.402966803570116 ], [ 127.338214273986338, 36.402951522817212 ], [ 127.338190070750485, 36.402899531170227 ], [ 127.338207564521511, 36.402858875518888 ], [ 127.338212811507603, 36.402857887406441 ], [ 127.338232453031978, 36.402852496982803 ], [ 127.338311741015985, 36.402817425970426 ], [ 127.338415136698032, 36.402771192668133 ], [ 127.338506979338504, 36.402749666065965 ], [ 127.338560196480188, 36.402743965294043 ], [ 127.338639920939613, 36.402711775936041 ], [ 127.338728792104476, 36.40267599198198 ], [ 127.338790971598456, 36.402649736801052 ], [ 127.338877649373288, 36.402645346300943 ], [ 127.33889358630617, 36.402652132147416 ], [ 127.338762001244518, 36.402908182032341 ], [ 127.33867277585172, 36.403076239250844 ], [ 127.338574632725866, 36.403081832827475 ], [ 127.338647838629356, 36.404464783482048 ], [ 127.338473561895142, 36.404542090513146 ], [ 127.33858948509463, 36.405111459501562 ], [ 127.338575106440118, 36.405431844877192 ], [ 127.338724444863374, 36.405919050895456 ], [ 127.338697160295865, 36.40589739241959 ], [ 127.338668411429978, 36.40587464650433 ], [ 127.338634868992898, 36.405849301258321 ], [ 127.338597182244683, 36.405822346536674 ], [ 127.338563927137116, 36.405837822748481 ], [ 127.33857286189685, 36.405844078902966 ], [ 127.338607212621156, 36.405883443993964 ], [ 127.338684008850578, 36.405947191003527 ], [ 127.338720566587384, 36.405978637362999 ], [ 127.338767483460032, 36.406021102748902 ], [ 127.338789264029415, 36.406048734432702 ], [ 127.338872535249678, 36.406158269614977 ], [ 127.338878947220721, 36.40615868403107 ], [ 127.338890890240435, 36.406159443147111 ], [ 127.338898316972916, 36.406147076210615 ], [ 127.339065864067791, 36.406177972269084 ], [ 127.339168028009524, 36.406214333554637 ], [ 127.339276043265272, 36.40625797801183 ], [ 127.339433476037712, 36.406334653716726 ], [ 127.339499644133767, 36.406371306651003 ], [ 127.339568613572951, 36.406411329642964 ], [ 127.339661646305942, 36.406434704270467 ], [ 127.339716615302692, 36.406441595169241 ], [ 127.339767750895689, 36.406433511018598 ], [ 127.339831461078234, 36.406443279649714 ], [ 127.339908585910237, 36.406469185673998 ], [ 127.339983547922529, 36.406469388030132 ], [ 127.34004542788152, 36.406488912186177 ], [ 127.340086119492724, 36.406519895821461 ], [ 127.340141333368678, 36.406583171876662 ], [ 127.340190517654207, 36.406641814936691 ], [ 127.340231801854159, 36.406691036284187 ], [ 127.340251899094284, 36.406708389837064 ], [ 127.340271429814251, 36.406713308780247 ], [ 127.340305855235883, 36.406718185615993 ], [ 127.340386871862719, 36.406728895958793 ], [ 127.340436701428217, 36.40673331482283 ], [ 127.340530687765053, 36.406739680072967 ], [ 127.340638507018099, 36.40674061776226 ], [ 127.340735016392827, 36.406734954488165 ], [ 127.340823157837434, 36.406733055469623 ], [ 127.340918665330932, 36.40673568563686 ], [ 127.341020385144191, 36.406749075668969 ], [ 127.34109340338378, 36.406773749335485 ], [ 127.341153013476614, 36.406796911131146 ], [ 127.341184880189701, 36.406803038300922 ], [ 127.341231109689701, 36.406807466426201 ], [ 127.341265500813606, 36.40680736922242 ], [ 127.341420619561575, 36.406820192253363 ], [ 127.341510004762341, 36.406832374422287 ], [ 127.341550009194762, 36.406836053933603 ], [ 127.341624970186558, 36.406835840556731 ], [ 127.341715818922964, 36.40683102175695 ], [ 127.341780465441715, 36.406820060018788 ], [ 127.341816417352916, 36.406822444840373 ], [ 127.341927981833933, 36.406856127980717 ], [ 127.342020854039276, 36.406883348267151 ], [ 127.34220135862769, 36.406950006323029 ], [ 127.342263405632607, 36.406974484337049 ], [ 127.34236564816392, 36.406989954641482 ], [ 127.34246133420865, 36.407033216474595 ], [ 127.342614614387386, 36.407145801937503 ], [ 127.342666127857029, 36.407183386533703 ], [ 127.342716970363895, 36.407215296013526 ], [ 127.342921200368835, 36.407315101156009 ], [ 127.34305698872538, 36.407376424618057 ], [ 127.343169253851443, 36.407417241298511 ], [ 127.343361100389913, 36.407479232812314 ], [ 127.343381235253744, 36.407512590670443 ], [ 127.343394677758141, 36.407557808250893 ], [ 127.343417280229829, 36.407599710421735 ], [ 127.343432672719956, 36.40762434965135 ], [ 127.343452124889396, 36.407644037663147 ], [ 127.343526971065401, 36.407749971262376 ], [ 127.343561038658862, 36.407792562006705 ], [ 127.34360615115429, 36.407854972955377 ], [ 127.343659618443851, 36.407964257123808 ], [ 127.343674964681412, 36.4079781987583 ], [ 127.343746392624965, 36.408001036798964 ], [ 127.343850325412348, 36.407999919093363 ], [ 127.343923794459798, 36.408022742592834 ], [ 127.344031056315742, 36.408084155323252 ], [ 127.344271025928535, 36.408314524507794 ], [ 127.344294535386581, 36.408331732215451 ], [ 127.344323114380259, 36.408343175924962 ], [ 127.344368163944651, 36.408390771730737 ], [ 127.344408446217898, 36.408439733371317 ], [ 127.344450360971734, 36.408471703390049 ], [ 127.344558594492668, 36.408520757908761 ], [ 127.344599408077542, 36.408532986627499 ], [ 127.344688125120484, 36.408547547369672 ], [ 127.344742187051821, 36.408560557925028 ], [ 127.344825914299236, 36.408598986212333 ], [ 127.344872872147533, 36.408609024977615 ], [ 127.344868505295764, 36.408599782222048 ], [ 127.345050073665703, 36.408673642346507 ], [ 127.345053312125103, 36.408674957406078 ], [ 127.345086979834932, 36.408737942395213 ], [ 127.345233340188329, 36.408847057160088 ], [ 127.345287778509132, 36.408917902616402 ], [ 127.345389063178345, 36.408978340769764 ], [ 127.345472588646174, 36.409013759046545 ], [ 127.345525490964164, 36.409036883748087 ], [ 127.345567377216753, 36.409095230163956 ], [ 127.345605130939873, 36.409172170540337 ], [ 127.345621218639138, 36.409204944852945 ], [ 127.34566084475874, 36.409284285711273 ], [ 127.345667884919251, 36.409409274251516 ], [ 127.34565763645405, 36.409509693502962 ], [ 127.345658587662129, 36.40957121302614 ], [ 127.345678563789022, 36.409669192512439 ], [ 127.3456841783062, 36.409749091201761 ], [ 127.345718353370273, 36.409851174912468 ], [ 127.345730245630165, 36.409865388542734 ], [ 127.345734348967881, 36.409868160674783 ], [ 127.345883507304677, 36.409968913021729 ], [ 127.345998371530229, 36.410046857028277 ], [ 127.34610025102171, 36.410140616616481 ], [ 127.346174845531735, 36.410175384497492 ], [ 127.346234494678015, 36.410186027023357 ], [ 127.346318929362468, 36.410199741665892 ], [ 127.346373195012603, 36.410231053608406 ], [ 127.346413708129973, 36.410281139963146 ], [ 127.346413752921933, 36.410291152359925 ], [ 127.346419896114284, 36.410291188283296 ], [ 127.346466813064211, 36.410274147255514 ], [ 127.346680220723343, 36.410432350531103 ], [ 127.346878521950998, 36.410577621323228 ], [ 127.347055088661193, 36.410706291847262 ], [ 127.347170081668295, 36.410790190361119 ], [ 127.347336410881113, 36.410835100965144 ], [ 127.347475806503539, 36.410872905948047 ], [ 127.347663158350741, 36.410906923030211 ], [ 127.347826945155731, 36.410936519075577 ], [ 127.347867314947379, 36.410913900355503 ], [ 127.347887949238327, 36.410951076940364 ], [ 127.347849238323477, 36.410975772210428 ], [ 127.347849395268966, 36.41097593378533 ], [ 127.34828081156958, 36.410990182137006 ], [ 127.348957782716226, 36.410949482897614 ], [ 127.349124559192873, 36.410581530934579 ], [ 127.349258424468999, 36.410526612132152 ], [ 127.349324919848613, 36.410214869216368 ], [ 127.349346170445543, 36.410192485272397 ], [ 127.349565541197137, 36.409961464687342 ], [ 127.349781003473353, 36.409734555089059 ], [ 127.350259375361659, 36.409230770941711 ], [ 127.350452336533621, 36.409033835275075 ], [ 127.350403778860169, 36.408653687126396 ], [ 127.350448239224974, 36.40842915983508 ], [ 127.350459719588684, 36.408386257230276 ], [ 127.350413741528769, 36.40800460585713 ], [ 127.350511337026745, 36.407855359093844 ], [ 127.350660196325393, 36.407614611739753 ], [ 127.350720272889959, 36.40751704695252 ], [ 127.35071740691501, 36.407265172387774 ], [ 127.350717386435008, 36.407263072708588 ], [ 127.351026885618609, 36.406834305192234 ], [ 127.35090778003233, 36.406093151358341 ], [ 127.350892287844886, 36.406006982013317 ], [ 127.350777115485371, 36.405857545859696 ], [ 127.350698289568896, 36.405753458062115 ], [ 127.350620007387178, 36.4056289756764 ], [ 127.350599859795366, 36.405585850975442 ], [ 127.350596760449974, 36.405585859681445 ], [ 127.35057481967776, 36.405535738672299 ], [ 127.350568639090497, 36.405407584356638 ], [ 127.350596219577312, 36.405280683442477 ], [ 127.350604564031215, 36.405124893161286 ], [ 127.350664299011527, 36.404956119992164 ], [ 127.350677687970489, 36.404928847704618 ], [ 127.350742929369474, 36.404737764164658 ], [ 127.350838269036572, 36.404461666771567 ], [ 127.350849317786512, 36.404436843661784 ], [ 127.350857298353205, 36.404416706420527 ], [ 127.350918419940498, 36.404269151368091 ], [ 127.351002485719945, 36.404062359760211 ], [ 127.351033897467246, 36.40399191350614 ], [ 127.351200318849465, 36.403915990031393 ], [ 127.351226848728089, 36.403860716578912 ], [ 127.351284841151255, 36.403739124047583 ], [ 127.351319763036003, 36.403665910836388 ], [ 127.351288679533013, 36.403468620512164 ], [ 127.35122955095737, 36.403339332185269 ], [ 127.351226376868226, 36.40318819902685 ], [ 127.351110027420589, 36.402984120134597 ], [ 127.351030002988111, 36.402801274557255 ], [ 127.350974104561757, 36.402671076011366 ], [ 127.350954014748709, 36.402578621700307 ], [ 127.35093360607641, 36.402449716466222 ], [ 127.35099634548061, 36.402243049371101 ], [ 127.350995181401871, 36.402179890566551 ], [ 127.350990796825599, 36.401999760952656 ], [ 127.351158474441803, 36.401744773383292 ], [ 127.351167071140381, 36.401481527629393 ], [ 127.351171901126989, 36.401138675026885 ], [ 127.351214293838069, 36.400529014156653 ], [ 127.3511042205932, 36.400301577296837 ], [ 127.350978347525995, 36.400055873518127 ], [ 127.351091608029037, 36.399979610878241 ], [ 127.35155279559244, 36.399623922579735 ], [ 127.35193760411633, 36.399031145274236 ], [ 127.352298329748535, 36.39837158031176 ], [ 127.352651153148912, 36.397733503052393 ], [ 127.352663988233616, 36.397705024474959 ], [ 127.352691504915654, 36.397597245119123 ], [ 127.352741224843783, 36.397402502340213 ], [ 127.35280744375055, 36.397381346601613 ], [ 127.35290946920351, 36.397323741546437 ], [ 127.352946485761294, 36.39725384619824 ], [ 127.35313719255592, 36.397331488321072 ], [ 127.353270557241856, 36.397386391001831 ], [ 127.353288628554253, 36.397335124637756 ], [ 127.353406527906785, 36.397391487384873 ], [ 127.353483748609875, 36.39715037857146 ], [ 127.353502888153614, 36.396927852160935 ], [ 127.353535230847541, 36.396607646279485 ], [ 127.353683603712128, 36.396505621097276 ], [ 127.353953546684622, 36.396379698596597 ], [ 127.35403722139894, 36.396341656484474 ] ] ] ] } },
{ "type": "Feature", "properties": { "EMD_CD": "30200135", "EMD_ENG_NM": "Sinbong-dong", "EMD_KOR_NM": "신봉동" }, "geometry": { "type": "MultiPolygon", "coordinates": [ [ [ [ 127.32607481172235, 36.398425257647339 ], [ 127.325864734896172, 36.398562498497128 ], [ 127.325824409362113, 36.398671027186701 ], [ 127.325830355015853, 36.398900185070332 ], [ 127.325724933799236, 36.399001537385232 ], [ 127.325686607269731, 36.399156649938298 ], [ 127.325866349934046, 36.399476949058503 ], [ 127.325850825067178, 36.399660044299111 ], [ 127.325787273803599, 36.400733384829167 ], [ 127.325722687658669, 36.401090735978158 ], [ 127.325559554925562, 36.401203436325829 ], [ 127.32552325110413, 36.401333302700628 ], [ 127.325563497991155, 36.401382694401882 ], [ 127.325648570660022, 36.401784093494214 ], [ 127.325649854067322, 36.401902502732717 ], [ 127.325699723487531, 36.402051391959588 ], [ 127.325877076976425, 36.402581028967887 ], [ 127.326213782752191, 36.403020277315768 ], [ 127.32650290865611, 36.403308727966383 ], [ 127.326380112418548, 36.403843604543042 ], [ 127.326200914493214, 36.403916959399993 ], [ 127.325850298550066, 36.404442371069464 ], [ 127.325741279702584, 36.405168832330425 ], [ 127.325262972609337, 36.405830455920103 ], [ 127.324920872789548, 36.406060440118857 ], [ 127.324684535657539, 36.406750892513479 ], [ 127.324697959183354, 36.406979841234765 ], [ 127.324707483511162, 36.407185253461634 ], [ 127.324728420513694, 36.407508425382375 ], [ 127.323681406824392, 36.408151980216786 ], [ 127.323131168787157, 36.408429949254234 ], [ 127.322837036070538, 36.408641081378235 ], [ 127.322809240525103, 36.408662414057666 ], [ 127.323323458225616, 36.409292022995793 ], [ 127.323761996747677, 36.409292894532989 ], [ 127.324803447371679, 36.409665611979804 ], [ 127.325122244916216, 36.410047246104803 ], [ 127.325563269146485, 36.410194634138826 ], [ 127.325863454630081, 36.41053594428729 ], [ 127.326469532334556, 36.410507217070311 ], [ 127.32658224587793, 36.410501350083436 ], [ 127.327327349424095, 36.410467301088701 ], [ 127.327360359362942, 36.41046411094203 ], [ 127.327425096533176, 36.410815260891241 ], [ 127.327579484387826, 36.411057477594973 ], [ 127.327509023439234, 36.41143921218648 ], [ 127.327524913402527, 36.411482433693237 ], [ 127.327809831271225, 36.412795196872857 ], [ 127.327937091073451, 36.412841096372937 ], [ 127.328183106103651, 36.413223786551839 ], [ 127.328154931902446, 36.413529960167047 ], [ 127.328132573593763, 36.41376863966115 ], [ 127.328114838904312, 36.413910729320335 ], [ 127.328088502014893, 36.414136749219281 ], [ 127.328085452856826, 36.414193819396409 ], [ 127.328171876206852, 36.414298955299586 ], [ 127.327909646752985, 36.414601155767741 ], [ 127.327833150887784, 36.414683740483319 ], [ 127.327803003696403, 36.414755996184475 ], [ 127.327778430825816, 36.414814900297436 ], [ 127.327620994519677, 36.415192267402702 ], [ 127.327350681626044, 36.415837506378786 ], [ 127.326886344955298, 36.416393707029499 ], [ 127.326591176719248, 36.417094154086151 ], [ 127.326349976898655, 36.41790650358552 ], [ 127.326367186228524, 36.418402778855871 ], [ 127.326533136732891, 36.418749219786051 ], [ 127.326663257065405, 36.419214486523039 ], [ 127.326579114770297, 36.419507844383595 ], [ 127.326564251437574, 36.419620151539377 ], [ 127.326550555056087, 36.419983049661326 ], [ 127.326488656778821, 36.420059924732037 ], [ 127.326464796835111, 36.420210042094936 ], [ 127.326649300038497, 36.420180639616134 ], [ 127.326823647863421, 36.420157193690429 ], [ 127.328600717065953, 36.419228786165 ], [ 127.329650330581003, 36.418957711872572 ], [ 127.330190321356838, 36.419225591956973 ], [ 127.330415616068024, 36.419272228872316 ], [ 127.330611445813332, 36.419309312132484 ], [ 127.331058818719328, 36.418981218941035 ], [ 127.331085838433324, 36.418794342793881 ], [ 127.331646284428118, 36.418451777824266 ], [ 127.332264092663038, 36.418498577570084 ], [ 127.33282517807983, 36.417982775640013 ], [ 127.334621348807133, 36.418889868869485 ], [ 127.334849128881118, 36.418933065191005 ], [ 127.335093050883202, 36.418704391226655 ], [ 127.335299350018317, 36.418339863367763 ], [ 127.335404549387448, 36.418222409538714 ], [ 127.335592465849984, 36.418007741130126 ], [ 127.335714755520527, 36.417869115932895 ], [ 127.335938733064125, 36.417577414015021 ], [ 127.336030782720201, 36.417456833834834 ], [ 127.336073554934259, 36.417381764586615 ], [ 127.336155227007595, 36.417238674203908 ], [ 127.336526598262481, 36.417184960179739 ], [ 127.336553077908405, 36.417021226802646 ], [ 127.336741751346693, 36.416958110984474 ], [ 127.336771901776757, 36.416792583173631 ], [ 127.336790648610915, 36.416689627032419 ], [ 127.336863987681141, 36.416657474322015 ], [ 127.337019266805072, 36.416589405929152 ], [ 127.337152935658182, 36.416520704479289 ], [ 127.337175705538414, 36.41643826618629 ], [ 127.337221335604241, 36.416312542901331 ], [ 127.337286159620689, 36.416227110760857 ], [ 127.337378418806509, 36.41617167303292 ], [ 127.337436365360958, 36.416135869278712 ], [ 127.337505809230208, 36.416092805983133 ], [ 127.337795420247531, 36.416066442442663 ], [ 127.338118371914405, 36.415914408065049 ], [ 127.338434135816613, 36.415698816354734 ], [ 127.338456848467885, 36.415683567427294 ], [ 127.338658950931091, 36.415547868043518 ], [ 127.338734274914501, 36.415495830158271 ], [ 127.339004320275166, 36.4154860106378 ], [ 127.339034096143067, 36.415484926042048 ], [ 127.339343440363464, 36.41559545229476 ], [ 127.339448642268181, 36.415583764374688 ], [ 127.339509849856029, 36.415498070974898 ], [ 127.339669213898617, 36.415274907315741 ], [ 127.339774039663851, 36.415128036825976 ], [ 127.340083517822507, 36.415197368898866 ], [ 127.340450998140966, 36.415457211884437 ], [ 127.340657742485959, 36.415238598567257 ], [ 127.340819980192904, 36.415067016142416 ], [ 127.340859931242875, 36.415026603156903 ], [ 127.341170752046295, 36.41484611820372 ], [ 127.341462298907388, 36.414707834015502 ], [ 127.341555193200634, 36.41466345830159 ], [ 127.341832871031784, 36.414482092411454 ], [ 127.34183719946131, 36.414480115745299 ], [ 127.342194082156468, 36.4143167988043 ], [ 127.342350018521131, 36.414153802801316 ], [ 127.342338114126704, 36.414134038141945 ], [ 127.342388350784589, 36.414059341644773 ], [ 127.342447356220134, 36.413922413743549 ], [ 127.342497009389035, 36.413844384385861 ], [ 127.342556143927226, 36.413767653198114 ], [ 127.34262493098602, 36.413628965820791 ], [ 127.342628168562968, 36.413586421771157 ], [ 127.342717276417574, 36.413452129250622 ], [ 127.342714542855717, 36.41341583834793 ], [ 127.342794358069, 36.413262394944219 ], [ 127.34281075850754, 36.413226778562851 ], [ 127.342914379870052, 36.412982241483391 ], [ 127.343039795217621, 36.412887495411567 ], [ 127.34320915753986, 36.412758929056544 ], [ 127.343250122825935, 36.412555996020643 ], [ 127.343308668186296, 36.412457088855405 ], [ 127.343385741943635, 36.412327299212876 ], [ 127.343402980116934, 36.412271585258324 ], [ 127.343434359486935, 36.412181406690124 ], [ 127.343476739416616, 36.412115545072261 ], [ 127.343486927392831, 36.412010756284602 ], [ 127.343498359053157, 36.411907576558242 ], [ 127.343513184349959, 36.41185856493405 ], [ 127.343587115111177, 36.411838510011648 ], [ 127.343709970246636, 36.411684212305538 ], [ 127.343752646611563, 36.41163036289359 ], [ 127.343838513181353, 36.411484651900615 ], [ 127.34395728209175, 36.411276035261359 ], [ 127.344037755231994, 36.411110954948825 ], [ 127.344147117427681, 36.411007394843224 ], [ 127.344261599229824, 36.410871495557473 ], [ 127.344368712427752, 36.41073572620148 ], [ 127.344422832640916, 36.410614671178571 ], [ 127.344396135680626, 36.41054717854977 ], [ 127.34445235067983, 36.410469174991043 ], [ 127.344480801498534, 36.41039283698926 ], [ 127.344736357891861, 36.410256541118592 ], [ 127.344908018450511, 36.41019621985825 ], [ 127.345075330651241, 36.410120581152022 ], [ 127.34528121089798, 36.410025890240739 ], [ 127.345304756164097, 36.41005845347091 ], [ 127.345413889293596, 36.41008066817281 ], [ 127.345463776777109, 36.41010028653325 ], [ 127.345512963337555, 36.41014527467933 ], [ 127.345545408754973, 36.410158473904943 ], [ 127.34558073596007, 36.410124903052235 ], [ 127.345633965085867, 36.410007129657075 ], [ 127.345730245630165, 36.409865388542734 ], [ 127.345718353370273, 36.409851174912468 ], [ 127.3456841783062, 36.409749091201761 ], [ 127.345678563789022, 36.409669192512439 ], [ 127.345658587662129, 36.40957121302614 ], [ 127.34565763645405, 36.409509693502962 ], [ 127.345667884919251, 36.409409274251516 ], [ 127.34566084475874, 36.409284285711273 ], [ 127.345621218639138, 36.409204944852945 ], [ 127.345605130939873, 36.409172170540337 ], [ 127.345567377216753, 36.409095230163956 ], [ 127.345525490964164, 36.409036883748087 ], [ 127.345472588646174, 36.409013759046545 ], [ 127.345389063178345, 36.408978340769764 ], [ 127.345287778509132, 36.408917902616402 ], [ 127.345233340188329, 36.408847057160088 ], [ 127.345086979834932, 36.408737942395213 ], [ 127.345053312125103, 36.408674957406078 ], [ 127.345050073665703, 36.408673642346507 ], [ 127.344868505295764, 36.408599782222048 ], [ 127.344872872147533, 36.408609024977615 ], [ 127.344825914299236, 36.408598986212333 ], [ 127.344742187051821, 36.408560557925028 ], [ 127.344688125120484, 36.408547547369672 ], [ 127.344599408077542, 36.408532986627499 ], [ 127.344558594492668, 36.408520757908761 ], [ 127.344450360971734, 36.408471703390049 ], [ 127.344408446217898, 36.408439733371317 ], [ 127.344368163944651, 36.408390771730737 ], [ 127.344323114380259, 36.408343175924962 ], [ 127.344294535386581, 36.408331732215451 ], [ 127.344271025928535, 36.408314524507794 ], [ 127.344031056315742, 36.408084155323252 ], [ 127.343923794459798, 36.408022742592834 ], [ 127.343850325412348, 36.407999919093363 ], [ 127.343746392624965, 36.408001036798964 ], [ 127.343674964681412, 36.4079781987583 ], [ 127.343659618443851, 36.407964257123808 ], [ 127.34360615115429, 36.407854972955377 ], [ 127.343561038658862, 36.407792562006705 ], [ 127.343526971065401, 36.407749971262376 ], [ 127.343452124889396, 36.407644037663147 ], [ 127.343432672719956, 36.40762434965135 ], [ 127.343417280229829, 36.407599710421735 ], [ 127.343394677758141, 36.407557808250893 ], [ 127.343381235253744, 36.407512590670443 ], [ 127.343361100389913, 36.407479232812314 ], [ 127.343169253851443, 36.407417241298511 ], [ 127.34305698872538, 36.407376424618057 ], [ 127.342921200368835, 36.407315101156009 ], [ 127.342716970363895, 36.407215296013526 ], [ 127.342666127857029, 36.407183386533703 ], [ 127.342614614387386, 36.407145801937503 ], [ 127.34246133420865, 36.407033216474595 ], [ 127.34236564816392, 36.406989954641482 ], [ 127.342263405632607, 36.406974484337049 ], [ 127.34220135862769, 36.406950006323029 ], [ 127.342020854039276, 36.406883348267151 ], [ 127.341927981833933, 36.406856127980717 ], [ 127.341816417352916, 36.406822444840373 ], [ 127.341780465441715, 36.406820060018788 ], [ 127.341715818922964, 36.40683102175695 ], [ 127.341624970186558, 36.406835840556731 ], [ 127.341550009194762, 36.406836053933603 ], [ 127.341510004762341, 36.406832374422287 ], [ 127.341420619561575, 36.406820192253363 ], [ 127.341265500813606, 36.40680736922242 ], [ 127.341231109689701, 36.406807466426201 ], [ 127.341184880189701, 36.406803038300922 ], [ 127.341153013476614, 36.406796911131146 ], [ 127.34109340338378, 36.406773749335485 ], [ 127.341020385144191, 36.406749075668969 ], [ 127.340918665330932, 36.40673568563686 ], [ 127.340823157837434, 36.406733055469623 ], [ 127.340735016392827, 36.406734954488165 ], [ 127.340638507018099, 36.40674061776226 ], [ 127.340530687765053, 36.406739680072967 ], [ 127.340436701428217, 36.40673331482283 ], [ 127.340386871862719, 36.406728895958793 ], [ 127.340305855235883, 36.406718185615993 ], [ 127.340271429814251, 36.406713308780247 ], [ 127.340251899094284, 36.406708389837064 ], [ 127.340231801854159, 36.406691036284187 ], [ 127.340190517654207, 36.406641814936691 ], [ 127.340141333368678, 36.406583171876662 ], [ 127.340086119492724, 36.406519895821461 ], [ 127.34004542788152, 36.406488912186177 ], [ 127.339983547922529, 36.406469388030132 ], [ 127.339908585910237, 36.406469185673998 ], [ 127.339831461078234, 36.406443279649714 ], [ 127.339767750895689, 36.406433511018598 ], [ 127.339716615302692, 36.406441595169241 ], [ 127.339661646305942, 36.406434704270467 ], [ 127.339568613572951, 36.406411329642964 ], [ 127.339499644133767, 36.406371306651003 ], [ 127.339433476037712, 36.406334653716726 ], [ 127.339276043265272, 36.40625797801183 ], [ 127.339168028009524, 36.406214333554637 ], [ 127.339065864067791, 36.406177972269084 ], [ 127.338898316972916, 36.406147076210615 ], [ 127.338890890240435, 36.406159443147111 ], [ 127.338878947220721, 36.40615868403107 ], [ 127.338872535249678, 36.406158269614977 ], [ 127.338789264029415, 36.406048734432702 ], [ 127.338767483460032, 36.406021102748902 ], [ 127.338720566587384, 36.405978637362999 ], [ 127.338684008850578, 36.405947191003527 ], [ 127.338607212621156, 36.405883443993964 ], [ 127.33857286189685, 36.405844078902966 ], [ 127.338563927137116, 36.405837822748481 ], [ 127.338597182244683, 36.405822346536674 ], [ 127.338634868992898, 36.405849301258321 ], [ 127.338668411429978, 36.40587464650433 ], [ 127.338697160295865, 36.40589739241959 ], [ 127.338724444863374, 36.405919050895456 ], [ 127.338575106440118, 36.405431844877192 ], [ 127.33858948509463, 36.405111459501562 ], [ 127.338473561895142, 36.404542090513146 ], [ 127.338647838629356, 36.404464783482048 ], [ 127.338574632725866, 36.403081832827475 ], [ 127.33867277585172, 36.403076239250844 ], [ 127.338762001244518, 36.402908182032341 ], [ 127.33889358630617, 36.402652132147416 ], [ 127.338877649373288, 36.402645346300943 ], [ 127.338790971598456, 36.402649736801052 ], [ 127.338728792104476, 36.40267599198198 ], [ 127.338639920939613, 36.402711775936041 ], [ 127.338560196480188, 36.402743965294043 ], [ 127.338506979338504, 36.402749666065965 ], [ 127.338415136698032, 36.402771192668133 ], [ 127.338311741015985, 36.402817425970426 ], [ 127.338232453031978, 36.402852496982803 ], [ 127.338212811507603, 36.402857887406441 ], [ 127.338207564521511, 36.402858875518888 ], [ 127.338190070750485, 36.402899531170227 ], [ 127.338214273986338, 36.402951522817212 ], [ 127.338173963262406, 36.402966803570116 ], [ 127.338159470674654, 36.402915189410379 ], [ 127.338101498379544, 36.402854668203346 ], [ 127.338102516425948, 36.402847817095264 ], [ 127.338101423847959, 36.402837529186833 ], [ 127.338099114462324, 36.402824089681381 ], [ 127.338157090250533, 36.402786997243801 ], [ 127.33819034322245, 36.402735176103675 ], [ 127.338206600462215, 36.402650664919044 ], [ 127.338322670923276, 36.402526878096907 ], [ 127.338380639210655, 36.40249321855034 ], [ 127.338552470842458, 36.402320521398252 ], [ 127.338541529076466, 36.4022726020698 ], [ 127.338478751087209, 36.402219745570854 ], [ 127.338427117980089, 36.402150673173765 ], [ 127.338467727661083, 36.402016050489593 ], [ 127.338739580035821, 36.401522095363504 ], [ 127.33901058644588, 36.401237887571362 ], [ 127.339393137235021, 36.401011398446357 ], [ 127.339347969448639, 36.400975902644525 ], [ 127.339245011352986, 36.400906372348373 ], [ 127.339350479481993, 36.399577913252415 ], [ 127.339364596595971, 36.398798746431737 ], [ 127.339506498473824, 36.398486587834597 ], [ 127.339526194766663, 36.398234378134099 ], [ 127.339226402464092, 36.397963363541017 ], [ 127.339293781896032, 36.39781285857557 ], [ 127.339018755233354, 36.397607684935316 ], [ 127.338701058846141, 36.397492863955563 ], [ 127.337999978882991, 36.39776162983344 ], [ 127.33740523395052, 36.397822708686853 ], [ 127.336915912966063, 36.3978075479993 ], [ 127.336794633726953, 36.397690926103408 ], [ 127.33648269330304, 36.397752882177343 ], [ 127.336271284111987, 36.397834679396169 ], [ 127.33606454870413, 36.397943560072754 ], [ 127.335437497832643, 36.397587941004751 ], [ 127.335110442247782, 36.397431034024549 ], [ 127.334984198088748, 36.397082879514713 ], [ 127.334634783828179, 36.396972805036754 ], [ 127.333879381183237, 36.397046840184828 ], [ 127.33360010668703, 36.396858480512819 ], [ 127.333431125801496, 36.396744502635983 ], [ 127.333068005077422, 36.396744835944894 ], [ 127.332747663272968, 36.396618299888054 ], [ 127.332329256426135, 36.396587396066053 ], [ 127.33225257843543, 36.396800860117025 ], [ 127.332038996443899, 36.396954486760798 ], [ 127.331842421213878, 36.397383974671691 ], [ 127.331971739084835, 36.397523901243787 ], [ 127.331706120323076, 36.39770932960063 ], [ 127.331628774182747, 36.39791286374237 ], [ 127.331253178812375, 36.398075092515896 ], [ 127.331100237376361, 36.398277699054908 ], [ 127.330955939357665, 36.398549986816363 ], [ 127.330749739235586, 36.399057423988403 ], [ 127.330707848397608, 36.399417003816474 ], [ 127.33066049838952, 36.39980917590227 ], [ 127.330086848087831, 36.399762129257375 ], [ 127.329726200039588, 36.399865925941782 ], [ 127.329444982467294, 36.399737966947363 ], [ 127.328872763450789, 36.399710429174597 ], [ 127.328633960302255, 36.399711957214429 ], [ 127.328622979509746, 36.399706229251485 ], [ 127.328572914384253, 36.399708284389995 ], [ 127.328532645917235, 36.399709937187673 ], [ 127.328449714441305, 36.399732467933006 ], [ 127.328322515318334, 36.399746621477654 ], [ 127.32807528832727, 36.399610429812341 ], [ 127.328077632647108, 36.399387439718247 ], [ 127.328013829009848, 36.399297524374269 ], [ 127.327575400585033, 36.398687734316162 ], [ 127.326294183846457, 36.398424156083429 ], [ 127.32607481172235, 36.398425257647339 ] ] ] ] } },
{ "type": "Feature", "properties": { "EMD_CD": "30200136", "EMD_ENG_NM": "Sunam-dong", "EMD_KOR_NM": "수남동" }, "geometry": { "type": "MultiPolygon", "coordinates": [ [ [ [ 127.301466422686801, 36.421826778482888 ], [ 127.301851383931762, 36.422530689052408 ], [ 127.301920585614781, 36.423124433445345 ], [ 127.30244329373815, 36.42385193893417 ], [ 127.302614332193954, 36.424154234459628 ], [ 127.302826350048406, 36.424286052471821 ], [ 127.303501616782725, 36.424675792602365 ], [ 127.304133534811385, 36.424580138510137 ], [ 127.305035507594468, 36.424794686108143 ], [ 127.30637985538695, 36.424829839736574 ], [ 127.306877779306461, 36.424733377391377 ], [ 127.307526975601775, 36.424779314910346 ], [ 127.308586869161047, 36.424475831751451 ], [ 127.309544604180232, 36.42455982194047 ], [ 127.309940991967508, 36.424781546840592 ], [ 127.310295256551669, 36.424882859194248 ], [ 127.310956220801117, 36.424687119323906 ], [ 127.311619552119183, 36.424080774487749 ], [ 127.311661974070518, 36.423661345729869 ], [ 127.313024189702475, 36.423160188271098 ], [ 127.313714123191531, 36.42302546522393 ], [ 127.314121054290212, 36.422922181820226 ], [ 127.314560538326873, 36.422723054681228 ], [ 127.314941239984336, 36.422381021153576 ], [ 127.315212415750878, 36.421922123446329 ], [ 127.315707246277242, 36.421541217644283 ], [ 127.315728663541762, 36.42153777313554 ], [ 127.31601776274573, 36.421551944055821 ], [ 127.316371062987145, 36.421070857160437 ], [ 127.316371358182948, 36.420494961128838 ], [ 127.31644699568507, 36.420460409333785 ], [ 127.316758119035356, 36.420533924658201 ], [ 127.317482775639263, 36.420852768561495 ], [ 127.318088768260381, 36.420988310866804 ], [ 127.319030062608476, 36.421492704451246 ], [ 127.319206609049488, 36.421462956505472 ], [ 127.319765757210405, 36.422588205123297 ], [ 127.320336486886021, 36.422917570403371 ], [ 127.320553461723989, 36.423273228202248 ], [ 127.321697786502767, 36.423695683392829 ], [ 127.321990386184012, 36.423414412569372 ], [ 127.323379849200748, 36.422734814391099 ], [ 127.323976161132109, 36.422632095616322 ], [ 127.325047027050388, 36.422477686385221 ], [ 127.32550682914578, 36.422605711191721 ], [ 127.325866352630911, 36.422502507624586 ], [ 127.326316728930365, 36.422208965366771 ], [ 127.326307806644877, 36.42211746783979 ], [ 127.32630082487448, 36.42211527608854 ], [ 127.326230126570266, 36.421495175115929 ], [ 127.326244540627172, 36.421237260117458 ], [ 127.326260123212236, 36.420935978130821 ], [ 127.326464796429036, 36.420210041885774 ], [ 127.326488656901844, 36.420059924852424 ], [ 127.326550554861669, 36.419983049659976 ], [ 127.326564251328946, 36.419620151404807 ], [ 127.326579114746195, 36.419507844460099 ], [ 127.326663257402984, 36.419214486108899 ], [ 127.326533136792932, 36.418749220090213 ], [ 127.326367185998251, 36.418402779196136 ], [ 127.326349977457966, 36.417906503147492 ], [ 127.326591176752373, 36.417094153848652 ], [ 127.326886345273223, 36.416393707179274 ], [ 127.327350682114627, 36.415837506535205 ], [ 127.32762099463244, 36.415192267755067 ], [ 127.327778431082493, 36.414814900318191 ], [ 127.327803003464524, 36.414755996411415 ], [ 127.32783315043838, 36.414683740090489 ], [ 127.327909647050717, 36.414601155942144 ], [ 127.328171876768025, 36.414298955639033 ], [ 127.328085452335415, 36.414193819329192 ], [ 127.328088502494168, 36.414136749502802 ], [ 127.328114838786306, 36.413910729489082 ], [ 127.328132573424867, 36.413768640051934 ], [ 127.328154931910305, 36.413529960577733 ], [ 127.328183106286588, 36.413223786269562 ], [ 127.327937090882983, 36.412841096250368 ], [ 127.32780983138133, 36.412795196485838 ], [ 127.327524913100561, 36.411482433618517 ], [ 127.327509023538965, 36.411439212259808 ], [ 127.327579484154967, 36.411057477336655 ], [ 127.327425096181699, 36.410815261187828 ], [ 127.327360359493809, 36.410464111191679 ], [ 127.327327349867389, 36.410467301253725 ], [ 127.326582245584007, 36.410501350121685 ], [ 127.326469532606225, 36.410507217054857 ], [ 127.32586345425743, 36.410535944676617 ], [ 127.325563268985931, 36.410194633805339 ], [ 127.325122245410014, 36.410047246297012 ], [ 127.324803446988184, 36.40966561188867 ], [ 127.323761996292319, 36.409292894842707 ], [ 127.323323458490776, 36.409292022786367 ], [ 127.32280924071415, 36.408662414161192 ], [ 127.322157907086023, 36.408833754388397 ], [ 127.321385618417224, 36.408632451400301 ], [ 127.32125470538432, 36.408598323549917 ], [ 127.320162790041564, 36.408309256782402 ], [ 127.319656652450675, 36.407780569994394 ], [ 127.319163958488843, 36.407269030396137 ], [ 127.318838289459237, 36.407216565458413 ], [ 127.317811946457766, 36.40728023384299 ], [ 127.317564131551407, 36.407531503059474 ], [ 127.317258779228311, 36.408212931248002 ], [ 127.316909948297123, 36.409163470166547 ], [ 127.316830439222628, 36.409324303171452 ], [ 127.316012830818664, 36.409491362795094 ], [ 127.315779186416506, 36.409197865793963 ], [ 127.315631033137279, 36.409009975894236 ], [ 127.313525337377683, 36.408571556887374 ], [ 127.313276516989319, 36.408720754241592 ], [ 127.312938783064354, 36.409201801476712 ], [ 127.312681139259524, 36.409549059873882 ], [ 127.312504308676566, 36.409753146994277 ], [ 127.311921787029462, 36.410199124511585 ], [ 127.311112851328119, 36.410202314916411 ], [ 127.310740322296013, 36.41041563888173 ], [ 127.310644846850892, 36.410472785417234 ], [ 127.310001633701575, 36.410768569874499 ], [ 127.309227529398896, 36.410810587713556 ], [ 127.308579097390947, 36.411204469385837 ], [ 127.308126057183614, 36.41120978784101 ], [ 127.307669183177168, 36.411363229309018 ], [ 127.307604616495809, 36.411402297969317 ], [ 127.307449911444664, 36.411498605035497 ], [ 127.307406873013804, 36.411529066409344 ], [ 127.307360116954356, 36.411799994195349 ], [ 127.307285612112352, 36.411954716154852 ], [ 127.306876335458298, 36.411953492527495 ], [ 127.30672764821702, 36.412006869958731 ], [ 127.306324634877456, 36.412147759608615 ], [ 127.306208899571743, 36.412265737640865 ], [ 127.306203635841442, 36.412271103970291 ], [ 127.306144495998183, 36.412335534695451 ], [ 127.306012278556082, 36.412609815957033 ], [ 127.305986909671688, 36.412682937792781 ], [ 127.306025796644732, 36.412748271956779 ], [ 127.306473253785654, 36.413499969173678 ], [ 127.306800821515225, 36.413822171400831 ], [ 127.307009763525713, 36.414033644196564 ], [ 127.307057629519079, 36.41408815912478 ], [ 127.306768564143596, 36.414841620209202 ], [ 127.306433615424794, 36.41500252217854 ], [ 127.306312650396194, 36.415141357470169 ], [ 127.306694820603539, 36.415653646543795 ], [ 127.306786699232106, 36.415826065092112 ], [ 127.305871235898621, 36.416391924888977 ], [ 127.305274025607289, 36.416738950651052 ], [ 127.305194660550058, 36.41737447079678 ], [ 127.305183383025124, 36.418006104903924 ], [ 127.304774447217738, 36.418421894312232 ], [ 127.304735520621776, 36.418467294507295 ], [ 127.304704619113693, 36.418503347301716 ], [ 127.304715339906636, 36.418550685073114 ], [ 127.30472980278897, 36.418594039222995 ], [ 127.304750481272265, 36.418653021731309 ], [ 127.304761665131508, 36.418756356430471 ], [ 127.304798677357113, 36.418829373571015 ], [ 127.304828516323568, 36.418852664866456 ], [ 127.304867298834893, 36.418881989231082 ], [ 127.304887047969615, 36.418896925353231 ], [ 127.3049056590406, 36.418914531798528 ], [ 127.304902226159697, 36.418934942792426 ], [ 127.304888065657778, 36.419018101805662 ], [ 127.304828631696864, 36.419037159141418 ], [ 127.304774268742818, 36.419069973299045 ], [ 127.304749743115991, 36.419088365188294 ], [ 127.304717123748631, 36.419112815399707 ], [ 127.30466710535471, 36.419072912857025 ], [ 127.304663403182573, 36.419069957438701 ], [ 127.304629942987773, 36.419078891779399 ], [ 127.304424234079136, 36.419136159878057 ], [ 127.304408984721192, 36.419151545323636 ], [ 127.303527790121151, 36.419560218766662 ], [ 127.303193177638207, 36.420178215268663 ], [ 127.302566359984098, 36.42077183255082 ], [ 127.302298367520095, 36.421331425490273 ], [ 127.302005985966332, 36.421581602783782 ], [ 127.301466422686801, 36.421826778482888 ] ] ] ] } },
{ "type": "Feature", "properties": { "EMD_CD": "30200137", "EMD_ENG_NM": "Ansan-dong", "EMD_KOR_NM": "안산동" }, "geometry": { "type": "MultiPolygon", "coordinates": [ [ [ [ 127.27864055856989, 36.396593354928036 ], [ 127.278467809098601, 36.396752018244541 ], [ 127.278857472442937, 36.398182559316353 ], [ 127.278767657566959, 36.398690231499188 ], [ 127.279350907698046, 36.399800687127517 ], [ 127.27943028596259, 36.399931459412791 ], [ 127.279576680678986, 36.400299748787745 ], [ 127.279615307286207, 36.400628304217946 ], [ 127.280233283921675, 36.402090695667482 ], [ 127.280725311057722, 36.403325301844298 ], [ 127.280672564738438, 36.403744142718509 ], [ 127.28072862423663, 36.404052406165334 ], [ 127.280768701456765, 36.404272783723854 ], [ 127.281040278120429, 36.404814540329973 ], [ 127.280925130043656, 36.404957869439869 ], [ 127.280880300906574, 36.405720015902233 ], [ 127.280640391495552, 36.405997405090005 ], [ 127.280623268893194, 36.406807932866897 ], [ 127.281055702521911, 36.407464490779084 ], [ 127.281187129223042, 36.407734523056156 ], [ 127.281165678207032, 36.408063776515441 ], [ 127.281166597807996, 36.408174166780078 ], [ 127.281835407194762, 36.408924231690527 ], [ 127.281743085686529, 36.409799693 ], [ 127.281556650446447, 36.410027962607494 ], [ 127.281380292391631, 36.410495574572742 ], [ 127.281479320619695, 36.410664589771578 ], [ 127.281821468202779, 36.411151261723177 ], [ 127.282143302380362, 36.41151294415166 ], [ 127.282296744283073, 36.411989352284117 ], [ 127.282115572059311, 36.41237699837987 ], [ 127.282185360238202, 36.413376556396351 ], [ 127.281978226101572, 36.414051787925885 ], [ 127.281957177949266, 36.414108159965735 ], [ 127.282124284839412, 36.414603964556235 ], [ 127.283146353296331, 36.414936403312893 ], [ 127.283361906520014, 36.415001228932049 ], [ 127.284325498358058, 36.415054714379259 ], [ 127.284593648030679, 36.415209241119918 ], [ 127.285199278262368, 36.41527595855684 ], [ 127.285732609809699, 36.415151339428441 ], [ 127.286810532397965, 36.415314636684592 ], [ 127.287512021439895, 36.415498119057666 ], [ 127.287518748719748, 36.415499229396374 ], [ 127.288782687347492, 36.415761615520921 ], [ 127.289209915085195, 36.41601460616382 ], [ 127.289301612199282, 36.416030146167671 ], [ 127.28958005331117, 36.416090591907327 ], [ 127.290742723758115, 36.41607961677235 ], [ 127.291080105700843, 36.416155677199875 ], [ 127.291127808359704, 36.418541105759068 ], [ 127.291248798122453, 36.418514336240186 ], [ 127.291299662155268, 36.418513653982423 ], [ 127.2912480362303, 36.418684432185195 ], [ 127.291744585115651, 36.418739269411432 ], [ 127.29224615752976, 36.418738896245017 ], [ 127.292823876263924, 36.418646525073314 ], [ 127.29315494942783, 36.418567432958938 ], [ 127.293324024498759, 36.418572482879711 ], [ 127.293486008610586, 36.418577320783101 ], [ 127.293930073741578, 36.41880433546428 ], [ 127.294380473537203, 36.419140887982167 ], [ 127.294794093258815, 36.419471616903593 ], [ 127.295313884533769, 36.419771660203516 ], [ 127.29518909799333, 36.419945161166901 ], [ 127.295219267175057, 36.420462407174711 ], [ 127.295178586367712, 36.42085507962075 ], [ 127.29499529906461, 36.421039421099543 ], [ 127.294583835319614, 36.42137977271932 ], [ 127.294209461728371, 36.421437022351448 ], [ 127.294157600715764, 36.421728043714623 ], [ 127.294278841449213, 36.421769993334806 ], [ 127.294247903430474, 36.422255569239987 ], [ 127.295546298282872, 36.422728867284128 ], [ 127.295810715491569, 36.422942241343897 ], [ 127.296108888140353, 36.423055556891775 ], [ 127.296465118840032, 36.423264764741837 ], [ 127.296590625049802, 36.423236572801216 ], [ 127.297003670243782, 36.423127970386254 ], [ 127.297364371459551, 36.423142289197592 ], [ 127.29826969241897, 36.423194112125408 ], [ 127.298588583070412, 36.423115873493458 ], [ 127.299393373669844, 36.422940962736057 ], [ 127.299430089678367, 36.422928480181604 ], [ 127.299662159630827, 36.42251787313495 ], [ 127.299910570664025, 36.422418404393554 ], [ 127.300861475187176, 36.421954747289838 ], [ 127.301466422686801, 36.421826778482888 ], [ 127.302005985966332, 36.421581602783782 ], [ 127.302298367520095, 36.421331425490273 ], [ 127.302566359984098, 36.42077183255082 ], [ 127.303193177638207, 36.420178215268663 ], [ 127.303527790121151, 36.419560218766662 ], [ 127.304408984721192, 36.419151545323636 ], [ 127.304424234079136, 36.419136159878057 ], [ 127.304629942987773, 36.419078891779399 ], [ 127.304663403182573, 36.419069957438701 ], [ 127.30466710535471, 36.419072912857025 ], [ 127.304717123748631, 36.419112815399707 ], [ 127.304749743115991, 36.419088365188294 ], [ 127.304774268742818, 36.419069973299045 ], [ 127.304828631696864, 36.419037159141418 ], [ 127.304888065657778, 36.419018101805662 ], [ 127.304902226159697, 36.418934942792426 ], [ 127.3049056590406, 36.418914531798528 ], [ 127.304887047969615, 36.418896925353231 ], [ 127.304867298834893, 36.418881989231082 ], [ 127.304828516323568, 36.418852664866456 ], [ 127.304798677357113, 36.418829373571015 ], [ 127.304761665131508, 36.418756356430471 ], [ 127.304750481272265, 36.418653021731309 ], [ 127.30472980278897, 36.418594039222995 ], [ 127.304715339906636, 36.418550685073114 ], [ 127.304704619113693, 36.418503347301716 ], [ 127.304735520621776, 36.418467294507295 ], [ 127.304774447217738, 36.418421894312232 ], [ 127.305183383025124, 36.418006104903924 ], [ 127.305194660550058, 36.41737447079678 ], [ 127.305274025607289, 36.416738950651052 ], [ 127.305871235898621, 36.416391924888977 ], [ 127.306786699232106, 36.415826065092112 ], [ 127.306694820603539, 36.415653646543795 ], [ 127.306312650396194, 36.415141357470169 ], [ 127.306433615424794, 36.41500252217854 ], [ 127.306768564143596, 36.414841620209202 ], [ 127.307057629519079, 36.41408815912478 ], [ 127.307009763525713, 36.414033644196564 ], [ 127.306800821515225, 36.413822171400831 ], [ 127.306473253785654, 36.413499969173678 ], [ 127.306025796644732, 36.412748271956779 ], [ 127.305986909671688, 36.412682937792781 ], [ 127.306012278556082, 36.412609815957033 ], [ 127.306144495998183, 36.412335534695451 ], [ 127.306203635841442, 36.412271103970291 ], [ 127.306208899571743, 36.412265737640865 ], [ 127.306324634877456, 36.412147759608615 ], [ 127.30672764821702, 36.412006869958731 ], [ 127.306876335458298, 36.411953492527495 ], [ 127.307285612112352, 36.411954716154852 ], [ 127.307360116954356, 36.411799994195349 ], [ 127.307406873013804, 36.411529066409344 ], [ 127.307449911444664, 36.411498605035497 ], [ 127.307604616495809, 36.411402297969317 ], [ 127.307669183177168, 36.411363229309018 ], [ 127.308126057183614, 36.41120978784101 ], [ 127.308579097390947, 36.411204469385837 ], [ 127.309227529398896, 36.410810587713556 ], [ 127.310001633701575, 36.410768569874499 ], [ 127.310644846850892, 36.410472785417234 ], [ 127.310740322296013, 36.41041563888173 ], [ 127.310419784499402, 36.410298200041872 ], [ 127.309068176527148, 36.409893913114757 ], [ 127.307727826694972, 36.409511101707636 ], [ 127.307707781093043, 36.409505376661095 ], [ 127.307578881364989, 36.409466092030335 ], [ 127.307396627124547, 36.409410551805522 ], [ 127.307016096942576, 36.409299015868399 ], [ 127.306473005576777, 36.409297907799591 ], [ 127.306410561157293, 36.409297778878383 ], [ 127.306381143733759, 36.409267421749007 ], [ 127.306291805409458, 36.409226502744517 ], [ 127.306263816625602, 36.409250770370058 ], [ 127.306177292248904, 36.409322327118211 ], [ 127.306135026620353, 36.409356372695747 ], [ 127.306081336805292, 36.40940268517317 ], [ 127.306003596925521, 36.409482717345313 ], [ 127.305945477341027, 36.409542405285478 ], [ 127.305767895522067, 36.409644139441951 ], [ 127.305479015901028, 36.409688860820253 ], [ 127.305077065713277, 36.409968702731881 ], [ 127.30465161308193, 36.410059728459373 ], [ 127.304499144831624, 36.410069108998535 ], [ 127.304402626675042, 36.410076995700344 ], [ 127.304134836604945, 36.410086803398386 ], [ 127.304021858044976, 36.410150991033447 ], [ 127.303869695319818, 36.410239275717984 ], [ 127.303653685898226, 36.410394587967751 ], [ 127.303497595531155, 36.410511070452294 ], [ 127.303457196280917, 36.410529466192145 ], [ 127.303167428472932, 36.41067726811464 ], [ 127.302957207069696, 36.410787533428497 ], [ 127.302851868949745, 36.410792503355452 ], [ 127.30285906963104, 36.410751698606759 ], [ 127.302866957126966, 36.41069532005006 ], [ 127.302874240085472, 36.410644070628059 ], [ 127.302879426436334, 36.410592664287272 ], [ 127.302978208129588, 36.410350939656098 ], [ 127.302986471703505, 36.410210148316473 ], [ 127.302990128982543, 36.410155447575477 ], [ 127.302938660584417, 36.410041508442831 ], [ 127.302960658111289, 36.409836871161652 ], [ 127.302872884017873, 36.409738811991986 ], [ 127.302760573948262, 36.40958646558235 ], [ 127.302634413784006, 36.409488016433578 ], [ 127.302561747467948, 36.409494093245918 ], [ 127.302393269263305, 36.409503160002487 ], [ 127.302297078726639, 36.409491795358889 ], [ 127.3021314285632, 36.409308925159401 ], [ 127.302068640099989, 36.409207909755565 ], [ 127.301868828262343, 36.409142925047774 ], [ 127.301852893246178, 36.40910145760639 ], [ 127.301889580270156, 36.409022414531073 ], [ 127.301813039885971, 36.408905311788949 ], [ 127.301754883089004, 36.408901006282086 ], [ 127.301725694579446, 36.408865889288926 ], [ 127.301756213555251, 36.408754230681041 ], [ 127.301744858196798, 36.408642560197336 ], [ 127.301732451624517, 36.408512652833252 ], [ 127.301539591022504, 36.408123880569875 ], [ 127.30115451965429, 36.407772420907484 ], [ 127.300921005184989, 36.407444596061367 ], [ 127.300688320773887, 36.407254240962992 ], [ 127.300640629261508, 36.407144103227644 ], [ 127.300623471428722, 36.407138171498175 ], [ 127.300447160429144, 36.40710932520026 ], [ 127.300183510548649, 36.4070448759079 ], [ 127.300078734180772, 36.406874890322079 ], [ 127.300052450388321, 36.406832240937007 ], [ 127.299950579975871, 36.406666952034406 ], [ 127.299936535096592, 36.406644160689467 ], [ 127.299818489048363, 36.406452643204418 ], [ 127.299626118543742, 36.406176637932674 ], [ 127.299457429455828, 36.405965186606103 ], [ 127.299427435051612, 36.405928665226568 ], [ 127.299267820273698, 36.40573437615312 ], [ 127.299219131465421, 36.405616283037013 ], [ 127.299190655652566, 36.405548190085035 ], [ 127.299016291421353, 36.405131188049069 ], [ 127.29891072163467, 36.404848197550827 ], [ 127.298706304395893, 36.404539229139843 ], [ 127.298641495661315, 36.404441235758604 ], [ 127.298374435581948, 36.40414866154849 ], [ 127.298218498866234, 36.403973042963933 ], [ 127.298065212110146, 36.403805185612647 ], [ 127.29787922187856, 36.40357375107429 ], [ 127.297687212857582, 36.403333490753504 ], [ 127.297374072781849, 36.402943270344721 ], [ 127.296949286957343, 36.402596112549098 ], [ 127.296900106993149, 36.402555916165589 ], [ 127.296677498006147, 36.402379171734069 ], [ 127.296553537492244, 36.402261795151432 ], [ 127.296504655397015, 36.402205917627512 ], [ 127.296359017223978, 36.401953879500041 ], [ 127.295751677063777, 36.4019172401687 ], [ 127.295214745958589, 36.401246663523025 ], [ 127.294797629163313, 36.400713406859602 ], [ 127.294238597251919, 36.400324944102493 ], [ 127.293901728808223, 36.400073858068737 ], [ 127.293757909432969, 36.399839817448722 ], [ 127.293676952341229, 36.399713420066966 ], [ 127.293570993406291, 36.399298414026283 ], [ 127.293401859938683, 36.399284652209808 ], [ 127.293135094639183, 36.399499546540241 ], [ 127.292626585221015, 36.399690166675271 ], [ 127.292048955008084, 36.400050236395074 ], [ 127.291292623690993, 36.400082434149333 ], [ 127.291293567800153, 36.400045484151512 ], [ 127.290845338499082, 36.399855001534291 ], [ 127.290077202612224, 36.399525150649268 ], [ 127.289886336673348, 36.399443263328592 ], [ 127.289667354014611, 36.399309058895547 ], [ 127.289158676875928, 36.399271634219197 ], [ 127.289041309293623, 36.399359969552584 ], [ 127.288810346263318, 36.399271535458325 ], [ 127.288626536296491, 36.399201173051047 ], [ 127.288197933946208, 36.399164506982878 ], [ 127.287741740346874, 36.39912724765562 ], [ 127.287001648073016, 36.39928786724478 ], [ 127.286350531621849, 36.398898956647614 ], [ 127.286014310447356, 36.398780110527859 ], [ 127.285682244654311, 36.398611302053197 ], [ 127.285169219849436, 36.398670196128101 ], [ 127.284618275294122, 36.398548818940156 ], [ 127.283964421620553, 36.398381173554938 ], [ 127.283187407786784, 36.398504359411035 ], [ 127.282728128096778, 36.398614356420005 ], [ 127.282113817342179, 36.398180169615699 ], [ 127.281648754124859, 36.397802943665901 ], [ 127.281196817515138, 36.397575620834196 ], [ 127.280971613556147, 36.397407414018794 ], [ 127.280657690778355, 36.397157921881728 ], [ 127.280410951071147, 36.396967262253199 ], [ 127.280018066090165, 36.396804969205903 ], [ 127.279616986508529, 36.396698079502691 ], [ 127.279472158098216, 36.396674013125306 ], [ 127.279454100549856, 36.396671009214522 ], [ 127.279065747587055, 36.396591041864156 ], [ 127.278729689480301, 36.396584136432985 ], [ 127.27864055856989, 36.396593354928036 ] ] ] ] } },
{ "type": "Feature", "properties": { "EMD_CD": "30200138", "EMD_ENG_NM": "Oesam-dong", "EMD_KOR_NM": "외삼동" }, "geometry": { "type": "MultiPolygon", "coordinates": [ [ [ [ 127.293570993705885, 36.399298414290499 ], [ 127.293676952580228, 36.399713419649508 ], [ 127.293757909692772, 36.399839817378464 ], [ 127.293901729350623, 36.400073858329272 ], [ 127.294238597724203, 36.400324943991258 ], [ 127.2947976293962, 36.400713406498895 ], [ 127.295214745850757, 36.401246663358478 ], [ 127.295751676854366, 36.401917240000778 ], [ 127.296359017635382, 36.401953879500823 ], [ 127.296504655193388, 36.402205917530097 ], [ 127.296553537943353, 36.402261795029133 ], [ 127.29667749770293, 36.402379171721442 ], [ 127.296900106474013, 36.402555915972584 ], [ 127.296949287317887, 36.40259611268133 ], [ 127.297374072705409, 36.402943270376916 ], [ 127.297687212666062, 36.403333490395866 ], [ 127.297879221471575, 36.403573750753061 ], [ 127.298065212081241, 36.40380518542846 ], [ 127.298218498652929, 36.403973042674316 ], [ 127.298374435582204, 36.404148661852716 ], [ 127.298641495968127, 36.404441236060613 ], [ 127.298706303953892, 36.404539229220056 ], [ 127.298910721705681, 36.404848197961449 ], [ 127.29901629155033, 36.405131188148957 ], [ 127.299190655596846, 36.405548190192583 ], [ 127.29921913142455, 36.405616282835645 ], [ 127.299267820237063, 36.405734375825865 ], [ 127.299427435238499, 36.405928664989567 ], [ 127.299457429606719, 36.405965186927745 ], [ 127.299626118531961, 36.40617663817536 ], [ 127.299818489549594, 36.406452643202947 ], [ 127.299936534606232, 36.406644160500932 ], [ 127.299950579602225, 36.406666952215652 ], [ 127.300052449995121, 36.40683224107795 ], [ 127.300078734248444, 36.406874890574365 ], [ 127.300183510660347, 36.407044875756235 ], [ 127.300447160315656, 36.407109325395844 ], [ 127.300623471166446, 36.407138171528246 ], [ 127.300640629117339, 36.407144103567809 ], [ 127.300688321002951, 36.407254241023409 ], [ 127.300921005572121, 36.407444595914342 ], [ 127.301154519479113, 36.407772420762733 ], [ 127.301539591252165, 36.408123880905073 ], [ 127.301732451374775, 36.408512652626712 ], [ 127.301744857918337, 36.408642560557851 ], [ 127.30175621371383, 36.408754230685183 ], [ 127.301725695122769, 36.408865889379058 ], [ 127.30175488333694, 36.408901006604538 ], [ 127.301813040409669, 36.40890531216391 ], [ 127.30188958045531, 36.409022414735503 ], [ 127.301852892918248, 36.409101457703748 ], [ 127.301868828446999, 36.409142924724293 ], [ 127.30206863992592, 36.409207909552414 ], [ 127.302131428584602, 36.409308924734674 ], [ 127.302297078654192, 36.409491795018624 ], [ 127.302393269647979, 36.409503159552756 ], [ 127.30256174775171, 36.409494093273729 ], [ 127.302634414233438, 36.409488016299697 ], [ 127.30276057416593, 36.409586465423438 ], [ 127.302872884311483, 36.409738811569625 ], [ 127.302960658599545, 36.409836871188638 ], [ 127.302938660056682, 36.41004150864903 ], [ 127.302990129359245, 36.410155447738376 ], [ 127.302986471338983, 36.410210147971647 ], [ 127.302978207694579, 36.410350939748511 ], [ 127.302879426258727, 36.410592664466584 ], [ 127.302874239585933, 36.410644070684327 ], [ 127.302866957581784, 36.410695320157693 ], [ 127.302859069151722, 36.410751698295819 ], [ 127.302851869480676, 36.410792503743373 ], [ 127.30295720713562, 36.410787532987612 ], [ 127.303167428027237, 36.410677267897839 ], [ 127.303457195797975, 36.410529465958128 ], [ 127.30349759537873, 36.410511070616479 ], [ 127.303653685445937, 36.410394588155881 ], [ 127.303869695426684, 36.410239275916105 ], [ 127.304021858453453, 36.410150990666018 ], [ 127.304134836619539, 36.410086803139855 ], [ 127.30440262672451, 36.410076995901456 ], [ 127.304499145065961, 36.4100691090254 ], [ 127.304651613259097, 36.410059728511719 ], [ 127.305077065543571, 36.409968702404562 ], [ 127.305479016021735, 36.409688860555129 ], [ 127.305767895973247, 36.409644139060894 ], [ 127.305945477502746, 36.409542405286295 ], [ 127.306003597070742, 36.409482717619206 ], [ 127.3060813369286, 36.409402684861945 ], [ 127.306135026209986, 36.409356373015427 ], [ 127.30617729173288, 36.40932232754146 ], [ 127.30626381660673, 36.409250770739646 ], [ 127.306291804902656, 36.409226502362209 ], [ 127.306381143356063, 36.409267421596191 ], [ 127.306410560973049, 36.409297778910279 ], [ 127.306473005177097, 36.409297907931425 ], [ 127.307016097371076, 36.409299016135584 ], [ 127.307396626962898, 36.409410551521773 ], [ 127.307578880814404, 36.409466092092735 ], [ 127.307707781432271, 36.409505376987411 ], [ 127.307727826298631, 36.409511101735035 ], [ 127.309068176379114, 36.409893913136912 ], [ 127.310419784267197, 36.410298200014388 ], [ 127.310740321960694, 36.410415639217646 ], [ 127.311112851540017, 36.410202315320326 ], [ 127.31192178679143, 36.410199124124844 ], [ 127.312504308836765, 36.409753147043567 ], [ 127.312681139091566, 36.409549060058325 ], [ 127.312938782504162, 36.409201801229088 ], [ 127.313276516867361, 36.408720754642388 ], [ 127.313525337567427, 36.408571556445473 ], [ 127.31563103295197, 36.409009976331689 ], [ 127.315779186045759, 36.40919786550635 ], [ 127.316012830277927, 36.409491362989918 ], [ 127.316830439335192, 36.409324303462355 ], [ 127.316909948392919, 36.409163469907504 ], [ 127.317258779759229, 36.40821293115664 ], [ 127.317564131138909, 36.407531503476029 ], [ 127.317811946576825, 36.407280233985652 ], [ 127.318838289541006, 36.407216565432734 ], [ 127.319163958887913, 36.407269030534707 ], [ 127.319656652493904, 36.407780569580957 ], [ 127.320162790058532, 36.408309256848561 ], [ 127.321254705173644, 36.408598323876213 ], [ 127.321385618469549, 36.408632451153551 ], [ 127.322157906639674, 36.408833754481996 ], [ 127.322809240525103, 36.408662414057666 ], [ 127.322837036070538, 36.408641081378235 ], [ 127.323131168787157, 36.408429949254234 ], [ 127.323681406824392, 36.408151980216786 ], [ 127.324728420513694, 36.407508425382375 ], [ 127.324707483511162, 36.407185253461634 ], [ 127.324697959183354, 36.406979841234765 ], [ 127.324684535657539, 36.406750892513479 ], [ 127.324920872789548, 36.406060440118857 ], [ 127.325262972609337, 36.405830455920103 ], [ 127.325741279702584, 36.405168832330425 ], [ 127.325850298550066, 36.404442371069464 ], [ 127.326200914493214, 36.403916959399993 ], [ 127.326380112418548, 36.403843604543042 ], [ 127.32650290865611, 36.403308727966383 ], [ 127.326213782752191, 36.403020277315768 ], [ 127.325877076976425, 36.402581028967887 ], [ 127.325699723487531, 36.402051391959588 ], [ 127.325649854067322, 36.401902502732717 ], [ 127.325648570660022, 36.401784093494214 ], [ 127.325563497991155, 36.401382694401882 ], [ 127.32552325110413, 36.401333302700628 ], [ 127.325559554925562, 36.401203436325829 ], [ 127.325722687658669, 36.401090735978158 ], [ 127.325787273803599, 36.400733384829167 ], [ 127.325850825067178, 36.399660044299111 ], [ 127.325866349934046, 36.399476949058503 ], [ 127.325686607269731, 36.399156649938298 ], [ 127.325724933799236, 36.399001537385232 ], [ 127.325830355015853, 36.398900185070332 ], [ 127.325824409362113, 36.398671027186701 ], [ 127.325864734896172, 36.398562498497128 ], [ 127.32607481172235, 36.398425257647339 ], [ 127.32536108012232, 36.397417099228051 ], [ 127.325303625647663, 36.397335924864542 ], [ 127.324713014040441, 36.396719624053432 ], [ 127.324602968169955, 36.396417131378037 ], [ 127.324361626596868, 36.396287575023401 ], [ 127.324256723114217, 36.396109508479014 ], [ 127.323989654711681, 36.39601186872224 ], [ 127.323949888766023, 36.395988995583437 ], [ 127.32375189767977, 36.39578609286685 ], [ 127.323641303265674, 36.395800539310713 ], [ 127.32341621578999, 36.395829938146562 ], [ 127.3233080169841, 36.395838818218586 ], [ 127.323196170164906, 36.395890359318201 ], [ 127.323003173915382, 36.395586880340495 ], [ 127.322859632248367, 36.395488219921674 ], [ 127.322757200893349, 36.395416889337127 ], [ 127.322768498424537, 36.395190748244168 ], [ 127.32268356476618, 36.394834115829802 ], [ 127.322298518250975, 36.394688377653132 ], [ 127.32223430849622, 36.394632749945849 ], [ 127.322140301904625, 36.394547058417373 ], [ 127.322011833622753, 36.39444561674803 ], [ 127.321943591914703, 36.394284816063887 ], [ 127.321829746932323, 36.394229303745348 ], [ 127.321574426451477, 36.394074663651914 ], [ 127.321398237670593, 36.394162800125223 ], [ 127.321202683689535, 36.394217565027674 ], [ 127.320792126962516, 36.394158663667866 ], [ 127.320164120244485, 36.394003231753572 ], [ 127.320098579931653, 36.393987005731034 ], [ 127.319965764688078, 36.393923205739917 ], [ 127.319822842947147, 36.393854377739672 ], [ 127.319703529663613, 36.393793975109972 ], [ 127.319621196786329, 36.39374639699875 ], [ 127.319249255776398, 36.393531449663421 ], [ 127.318729952136451, 36.394046719375737 ], [ 127.318736780353319, 36.3942075586762 ], [ 127.318738161596514, 36.394240114035988 ], [ 127.318744263731432, 36.394383878196301 ], [ 127.318703213874898, 36.394738496015755 ], [ 127.318693104237425, 36.394766134891235 ], [ 127.318563581508712, 36.395120329634054 ], [ 127.31801009331744, 36.395799680217216 ], [ 127.317708095114654, 36.395753024435805 ], [ 127.317393093536467, 36.395757552781014 ], [ 127.317357383717464, 36.39582190913918 ], [ 127.317289126782114, 36.395958498831398 ], [ 127.317067867082386, 36.396389587649438 ], [ 127.317054457426352, 36.396436384137751 ], [ 127.316911556674768, 36.396439897539643 ], [ 127.316704056747426, 36.396445005728722 ], [ 127.316530795911049, 36.39636634080631 ], [ 127.316312470603009, 36.396271699241467 ], [ 127.316067198763079, 36.396178417326446 ], [ 127.315937939566695, 36.396183930491624 ], [ 127.31534450947197, 36.396551084410092 ], [ 127.315343764510615, 36.396551572778293 ], [ 127.315338338691703, 36.396555128960124 ], [ 127.315205278081109, 36.396585559017531 ], [ 127.315146187700108, 36.396602043226707 ], [ 127.315079981943924, 36.396614644245446 ], [ 127.315027099196314, 36.396600436587093 ], [ 127.314871221635983, 36.3965589771636 ], [ 127.314863923211661, 36.396526257466896 ], [ 127.314855155274074, 36.396449591449937 ], [ 127.314485385380124, 36.396281348991145 ], [ 127.314460560568847, 36.396270050956673 ], [ 127.314259537394904, 36.39613064487569 ], [ 127.314204363247825, 36.396092381425625 ], [ 127.313925402261845, 36.395925170275142 ], [ 127.313698130236418, 36.395833305517392 ], [ 127.313665999274207, 36.395812311629186 ], [ 127.313484026452656, 36.395758915514897 ], [ 127.313364375742722, 36.395741736062966 ], [ 127.313224882692012, 36.395721716062738 ], [ 127.313180592030463, 36.39570926918784 ], [ 127.31315203518021, 36.395701242047942 ], [ 127.313137636097807, 36.395699171075663 ], [ 127.31299584442651, 36.39591583856356 ], [ 127.312910216494885, 36.396005628016802 ], [ 127.312830385407111, 36.39605640938165 ], [ 127.312752625063993, 36.396103941255447 ], [ 127.312628573451292, 36.396199337686994 ], [ 127.312537132810519, 36.396279868913595 ], [ 127.31243766832722, 36.396385834767415 ], [ 127.312363072641801, 36.396469539745965 ], [ 127.312089519881184, 36.396652367786857 ], [ 127.31193332519193, 36.396760498869895 ], [ 127.311798630975673, 36.396857219009028 ], [ 127.311791773817347, 36.396862328791464 ], [ 127.311756008931269, 36.396888960786491 ], [ 127.311698260423526, 36.396931970138006 ], [ 127.311560908376933, 36.397013503171557 ], [ 127.311378858777871, 36.397117934013863 ], [ 127.3112053915887, 36.397259128080456 ], [ 127.31098835376649, 36.397468408726901 ], [ 127.310983501495684, 36.397473080813079 ], [ 127.310701398570544, 36.39773631087342 ], [ 127.310552828102672, 36.397924425821216 ], [ 127.310498258580552, 36.398103277172936 ], [ 127.310492764428389, 36.398174285237069 ], [ 127.310482838002514, 36.398310719906483 ], [ 127.31045944806057, 36.398450839216558 ], [ 127.310461424077232, 36.398462710972467 ], [ 127.31046547818994, 36.398487121776895 ], [ 127.310517785666349, 36.398682881727964 ], [ 127.310611745726604, 36.3988687833127 ], [ 127.310578446207586, 36.399070549397976 ], [ 127.310567767500416, 36.399093267923625 ], [ 127.310548930824851, 36.399096569856162 ], [ 127.310547301397222, 36.399113048054865 ], [ 127.310551712145028, 36.399126175018488 ], [ 127.310523494684602, 36.39911394758461 ], [ 127.310430672053741, 36.399046501110753 ], [ 127.310199284743049, 36.398868091947989 ], [ 127.310191324094532, 36.398861948819899 ], [ 127.310132281223915, 36.398848818177342 ], [ 127.309955969918164, 36.398796339926314 ], [ 127.309963136421274, 36.398780713540383 ], [ 127.309957291406803, 36.398780880867527 ], [ 127.309535599196664, 36.398872843011183 ], [ 127.309329287011863, 36.398944872308057 ], [ 127.309127153424157, 36.39898097674218 ], [ 127.308468248275574, 36.399098664676892 ], [ 127.308100392520231, 36.399164371537402 ], [ 127.307658423265366, 36.399243311331453 ], [ 127.30756016052564, 36.399260861422533 ], [ 127.307166809555426, 36.399258768900296 ], [ 127.306880289193657, 36.399226690421855 ], [ 127.30679766767301, 36.399250089227102 ], [ 127.306692048782452, 36.399170759417991 ], [ 127.30655765107285, 36.399035053387351 ], [ 127.305978203525626, 36.398860147857981 ], [ 127.305399073313822, 36.398780148221654 ], [ 127.304886760340679, 36.398513877820761 ], [ 127.304880654981559, 36.39834554648796 ], [ 127.304307232622051, 36.398183882578188 ], [ 127.303742009962875, 36.398706005680452 ], [ 127.303422108496719, 36.3992825867957 ], [ 127.303156618032929, 36.399693133126661 ], [ 127.303140628153102, 36.399717866090135 ], [ 127.3028432977313, 36.400177722776249 ], [ 127.301567663144027, 36.40036825967519 ], [ 127.301550349966831, 36.400367753789375 ], [ 127.300863499747905, 36.4003473806887 ], [ 127.300331679945671, 36.400417659930277 ], [ 127.300193716847829, 36.400682037104183 ], [ 127.299548361966572, 36.400523224026315 ], [ 127.298808827258696, 36.400341229931669 ], [ 127.297880734495351, 36.399971022960024 ], [ 127.297858806792505, 36.3997122989947 ], [ 127.296658388000537, 36.39963980851266 ], [ 127.29557561152815, 36.399159888320298 ], [ 127.294643055849861, 36.398905160109351 ], [ 127.294211562219118, 36.399188841809845 ], [ 127.29382923287352, 36.399155903116785 ], [ 127.293638846459771, 36.399197119712646 ], [ 127.293570993705885, 36.399298414290499 ] ] ] ] } },
{ "type": "Feature", "properties": { "EMD_CD": "30200139", "EMD_ENG_NM": "Banseok-dong", "EMD_KOR_NM": "반석동" }, "geometry": { "type": "MultiPolygon", "coordinates": [ [ [ [ 127.300193716674585, 36.40068203725491 ], [ 127.300331680088803, 36.400417660303496 ], [ 127.300863500218, 36.400347380456587 ], [ 127.301550349491905, 36.400367753394782 ], [ 127.301567663403389, 36.400368259605628 ], [ 127.30284329783575, 36.400177723041054 ], [ 127.303140627896624, 36.39971786581134 ], [ 127.303156617925822, 36.399693133550194 ], [ 127.303422108937198, 36.399282586559302 ], [ 127.303742010388618, 36.398706006092368 ], [ 127.304307232277864, 36.398183882129054 ], [ 127.304880655440542, 36.398345546559085 ], [ 127.304886760648643, 36.398513877405669 ], [ 127.305399073349463, 36.398780148401002 ], [ 127.305978204091559, 36.398860147603713 ], [ 127.306557651191511, 36.399035053714016 ], [ 127.306692049024761, 36.399170758995659 ], [ 127.306797667489761, 36.399250088819869 ], [ 127.306880288713089, 36.399226690663355 ], [ 127.307166809984523, 36.399258769076312 ], [ 127.307560160903492, 36.39926086173589 ], [ 127.307658423219735, 36.399243311457688 ], [ 127.308100392019156, 36.399164371908483 ], [ 127.308468248821328, 36.399098664873272 ], [ 127.30912715310555, 36.398980976333441 ], [ 127.309329286586362, 36.39894487196154 ], [ 127.309535598682615, 36.398872842868506 ], [ 127.309957291251408, 36.398780881227452 ], [ 127.309963136084278, 36.398780713925809 ], [ 127.309955970084999, 36.398796339590589 ], [ 127.310132281164812, 36.398848818449608 ], [ 127.310191324152811, 36.398861949009508 ], [ 127.310199285267075, 36.398868092390046 ], [ 127.310430671892448, 36.399046501186689 ], [ 127.310523494470786, 36.399113947428901 ], [ 127.310551711992588, 36.399126175294697 ], [ 127.31054730143984, 36.399113047747065 ], [ 127.310548930581973, 36.399096570267069 ], [ 127.31056776750728, 36.399093268323945 ], [ 127.31057844578946, 36.399070549399724 ], [ 127.310611746191015, 36.398868782876477 ], [ 127.310517786045438, 36.398682881724511 ], [ 127.31046547772354, 36.398487122163516 ], [ 127.310461423858314, 36.39846271112318 ], [ 127.310459448408082, 36.398450838900203 ], [ 127.310482837853712, 36.398310719581801 ], [ 127.310492764937095, 36.398174284796653 ], [ 127.310498258054949, 36.398103276931764 ], [ 127.31055282844838, 36.397924426018527 ], [ 127.310701398471721, 36.397736311117193 ], [ 127.310983501198081, 36.397473080558072 ], [ 127.31098835392325, 36.397468408968351 ], [ 127.311205392049573, 36.397259127895822 ], [ 127.311378858317582, 36.397117934244974 ], [ 127.311560908220855, 36.397013503553794 ], [ 127.311698260231552, 36.396931970094933 ], [ 127.311756008793637, 36.39688896075991 ], [ 127.311791773766615, 36.396862328583047 ], [ 127.311798631112737, 36.396857219193727 ], [ 127.311933324973708, 36.396760498751348 ], [ 127.312089520062784, 36.396652367584608 ], [ 127.312363072631584, 36.396469539766755 ], [ 127.312437668509503, 36.396385834759442 ], [ 127.312537133330792, 36.396279869284179 ], [ 127.312628573209921, 36.396199337444372 ], [ 127.31275262497654, 36.396103941469143 ], [ 127.312830385138668, 36.396056409688441 ], [ 127.312910216695997, 36.396005628267076 ], [ 127.312995844887638, 36.395915838322182 ], [ 127.3131376366251, 36.395699171135874 ], [ 127.313152035365903, 36.395701242289341 ], [ 127.313180591983865, 36.395709269235184 ], [ 127.313224883197023, 36.395721715869826 ], [ 127.313364375793313, 36.395741736049509 ], [ 127.313484026997514, 36.395758915159384 ], [ 127.313665999788626, 36.395812311260116 ], [ 127.313698130741628, 36.395833305496978 ], [ 127.313925402311966, 36.395925170615612 ], [ 127.314204363021318, 36.396092381448533 ], [ 127.314259537023219, 36.396130644577724 ], [ 127.314460560412385, 36.396270050698512 ], [ 127.314485385149396, 36.396281349321548 ], [ 127.314855154878103, 36.39644959126251 ], [ 127.314863923109215, 36.396526257276349 ], [ 127.314871221904056, 36.3965589773982 ], [ 127.315027099271319, 36.396600436377625 ], [ 127.315079981465772, 36.396614644072805 ], [ 127.315146187975429, 36.396602043187123 ], [ 127.315205278288474, 36.396585558917607 ], [ 127.315338338988482, 36.396555128520383 ], [ 127.315343764372784, 36.396551572691749 ], [ 127.315344509249741, 36.396551084106143 ], [ 127.315937939599706, 36.396183930255617 ], [ 127.316067198345564, 36.396178417216653 ], [ 127.316312470417486, 36.39627169926667 ], [ 127.316530795457354, 36.396366340552561 ], [ 127.316704056596109, 36.39644500559077 ], [ 127.316911557225311, 36.39643989791891 ], [ 127.317054457024483, 36.396436384416624 ], [ 127.317067867028769, 36.396389587612511 ], [ 127.317289127262299, 36.395958498972512 ], [ 127.317357383801124, 36.395821909356407 ], [ 127.317393094039701, 36.395757552939514 ], [ 127.317708094591396, 36.395753024640506 ], [ 127.318010093703094, 36.395799680009645 ], [ 127.318563580971045, 36.395120329700994 ], [ 127.318693104188469, 36.394766134867496 ], [ 127.31870321334732, 36.394738496364376 ], [ 127.318744263229689, 36.394383878534271 ], [ 127.318738161480269, 36.39424011405935 ], [ 127.318736780776675, 36.394207558678595 ], [ 127.318729952028804, 36.394046719075448 ], [ 127.319249255923083, 36.393531450020845 ], [ 127.319329564745658, 36.393246360416057 ], [ 127.319501541800648, 36.392635877745306 ], [ 127.319406483534621, 36.392161712970342 ], [ 127.319388948908554, 36.392062775773766 ], [ 127.319381367319707, 36.391684451200682 ], [ 127.319375412685361, 36.391467538806289 ], [ 127.319374276535072, 36.391333574758868 ], [ 127.318948061469982, 36.390709047934479 ], [ 127.318875054675203, 36.390547221604315 ], [ 127.318771411460588, 36.390334173316276 ], [ 127.318810306848533, 36.390157622007713 ], [ 127.318936276548456, 36.390052932462844 ], [ 127.319148000344143, 36.390059975434781 ], [ 127.319215052340581, 36.390062203211549 ], [ 127.319283765072413, 36.389957620525308 ], [ 127.31944435258211, 36.389713211918973 ], [ 127.319506685672906, 36.389657011578059 ], [ 127.319695735208143, 36.389485665356496 ], [ 127.319706235352726, 36.389458494310233 ], [ 127.319949966198337, 36.388828183082502 ], [ 127.319774044525573, 36.388749700931754 ], [ 127.319407496590344, 36.388586178458979 ], [ 127.319350259532129, 36.388560638575647 ], [ 127.31927307361282, 36.388568449770545 ], [ 127.319300984571058, 36.3885223890831 ], [ 127.319257307345154, 36.388553234995669 ], [ 127.319226967801271, 36.388574943652529 ], [ 127.318787797884838, 36.388869890683623 ], [ 127.318455889901884, 36.389175275378726 ], [ 127.318455920628637, 36.389182845079574 ], [ 127.318087427535389, 36.389372345938227 ], [ 127.317940100591471, 36.389515120324816 ], [ 127.317480240212518, 36.389712521220453 ], [ 127.317229402932597, 36.389809338764906 ], [ 127.31705027268967, 36.389915879180307 ], [ 127.317043606320894, 36.389921123545136 ], [ 127.316925719409099, 36.390013083338246 ], [ 127.316888130504225, 36.390061575126722 ], [ 127.31670358920843, 36.39029131848806 ], [ 127.316640215506823, 36.39046865463375 ], [ 127.316629683642091, 36.390482740584901 ], [ 127.316609135736783, 36.390500637849293 ], [ 127.316500381426721, 36.390618797007825 ], [ 127.316465640833798, 36.390655115428778 ], [ 127.316433643954682, 36.39079136573541 ], [ 127.316379686036314, 36.390899197132136 ], [ 127.316303353543489, 36.390986631043383 ], [ 127.316218083334178, 36.391041286072706 ], [ 127.315919619706207, 36.391076136112929 ], [ 127.315896486858676, 36.391088813304847 ], [ 127.315845246079803, 36.391124273808884 ], [ 127.315772524311583, 36.391167450708323 ], [ 127.315654768471177, 36.39123742048092 ], [ 127.315590948440303, 36.391276879082767 ], [ 127.315606135096729, 36.391256112367707 ], [ 127.315665661383576, 36.391174490560431 ], [ 127.315850226393124, 36.390921678955095 ], [ 127.316418213556744, 36.390143649430314 ], [ 127.316700097029738, 36.389757567979295 ], [ 127.316723153318136, 36.389726056493508 ], [ 127.317868392855004, 36.388157345283801 ], [ 127.317927360439555, 36.388076534845418 ], [ 127.318069468289551, 36.387884210215589 ], [ 127.318124424527113, 36.387831256299847 ], [ 127.317851428707826, 36.387931648442112 ], [ 127.317569332066725, 36.388014220979663 ], [ 127.31728013914514, 36.38807851796669 ], [ 127.316941877225133, 36.388136004877154 ], [ 127.316610164690601, 36.388214650924901 ], [ 127.316287341140111, 36.388314269765694 ], [ 127.315842084431992, 36.388483960144342 ], [ 127.314895098920573, 36.388861783599857 ], [ 127.314512309390921, 36.388990031765445 ], [ 127.314111172507324, 36.389073719071149 ], [ 127.31369948404425, 36.389111112744168 ], [ 127.313285379283698, 36.389101740857733 ], [ 127.312992299712519, 36.389087726400241 ], [ 127.312698625483918, 36.389092276766071 ], [ 127.312406363692347, 36.389115657076509 ], [ 127.312341639409951, 36.389123936010201 ], [ 127.312277142331794, 36.389133295715375 ], [ 127.31221287209668, 36.38914364607691 ], [ 127.309668518780285, 36.389571441881671 ], [ 127.309625626642486, 36.38966112830763 ], [ 127.30933475143928, 36.389740144451743 ], [ 127.308893129703719, 36.389848159904766 ], [ 127.308700506085046, 36.38989640817956 ], [ 127.308623881229721, 36.389885953456826 ], [ 127.308088979833059, 36.389812963496226 ], [ 127.307312757786065, 36.389864823793445 ], [ 127.306153817950019, 36.39025127599912 ], [ 127.306035390584213, 36.390293824597663 ], [ 127.305503088430129, 36.390207199837178 ], [ 127.304942729461004, 36.389964778520159 ], [ 127.304357787236114, 36.389731275340978 ], [ 127.304091801415495, 36.389613428251472 ], [ 127.303952063955379, 36.38955265614991 ], [ 127.303924531831328, 36.389540686298147 ], [ 127.303831942840532, 36.38950035925437 ], [ 127.303669387660818, 36.389470617609255 ], [ 127.303631710195873, 36.389463719877718 ], [ 127.303428466150777, 36.389426511031225 ], [ 127.303372753071116, 36.389416306471965 ], [ 127.30320362474734, 36.389387229642367 ], [ 127.303156197959353, 36.38938116743374 ], [ 127.302891118889491, 36.389347303939758 ], [ 127.30243787971915, 36.389476430144207 ], [ 127.302373638000347, 36.38949459725432 ], [ 127.301947815870804, 36.389614992341194 ], [ 127.301739087525718, 36.389681896986403 ], [ 127.301516133536083, 36.389597152919677 ], [ 127.301511099410263, 36.389595246082571 ], [ 127.301319335652678, 36.389525941363033 ], [ 127.301188607572243, 36.389480003618594 ], [ 127.300875709163336, 36.389369503398441 ], [ 127.300869101822983, 36.389367158906303 ], [ 127.300746841985685, 36.38932621894088 ], [ 127.30059589320021, 36.389288279476617 ], [ 127.300192592578114, 36.38918653782558 ], [ 127.300129483893912, 36.389171718257074 ], [ 127.299629913179714, 36.389115417785817 ], [ 127.299385794778487, 36.389135221649283 ], [ 127.299160596181068, 36.389150607217232 ], [ 127.298685485639666, 36.388902446871846 ], [ 127.298495248280233, 36.388755696685031 ], [ 127.29823762074102, 36.388552259112423 ], [ 127.298034924047499, 36.388382000696645 ], [ 127.297856916339924, 36.388232398466855 ], [ 127.297539118605457, 36.388088261119719 ], [ 127.297235129523074, 36.387946539903666 ], [ 127.296956935354203, 36.38788214618382 ], [ 127.296540819326253, 36.387854481618561 ], [ 127.296159144777022, 36.387830073970441 ], [ 127.2958526244051, 36.387929552369201 ], [ 127.295466155305164, 36.388064552444035 ], [ 127.295333291219336, 36.388118814095549 ], [ 127.295105731215372, 36.388214068106585 ], [ 127.294752689440728, 36.388163163418909 ], [ 127.294634871453837, 36.388146186283052 ], [ 127.294389112570002, 36.388031259744146 ], [ 127.294333755256758, 36.388005378824474 ], [ 127.294268684242141, 36.387974961790988 ], [ 127.293976667344864, 36.388201004548264 ], [ 127.293824539421493, 36.38831406766851 ], [ 127.293531705200991, 36.388399736813184 ], [ 127.293238793498247, 36.388399208968103 ], [ 127.292900699072675, 36.388399232210197 ], [ 127.292224673985501, 36.388434285698096 ], [ 127.291881146392669, 36.38875664808706 ], [ 127.291790052081808, 36.38892757724372 ], [ 127.29161896140242, 36.389247861521291 ], [ 127.291476587466704, 36.389473804938653 ], [ 127.291291272476784, 36.389770161272402 ], [ 127.29107614019486, 36.390288798885258 ], [ 127.290718947462395, 36.390846304938229 ], [ 127.290597800350085, 36.39093048766636 ], [ 127.290440509999073, 36.391039801082655 ], [ 127.290227781101407, 36.391321650179094 ], [ 127.290067868852134, 36.391412531603585 ], [ 127.290059273962783, 36.391382047934954 ], [ 127.290047427558022, 36.391313209529002 ], [ 127.290028789235649, 36.391321725503452 ], [ 127.289927026160512, 36.391436716609185 ], [ 127.289211927998437, 36.391498891389915 ], [ 127.289102898841605, 36.39149962257062 ], [ 127.288969255425116, 36.391438854316789 ], [ 127.288625512342122, 36.391452225332884 ], [ 127.288445145596128, 36.39142506509954 ], [ 127.28837205451002, 36.391408343823358 ], [ 127.288283911161486, 36.391384196997599 ], [ 127.288216640947454, 36.391340841236648 ], [ 127.288219698228929, 36.391287088418146 ], [ 127.287569737429394, 36.390956630613111 ], [ 127.287374093212151, 36.390997074701652 ], [ 127.285909212011305, 36.390906985709933 ], [ 127.285389555482482, 36.391019416691975 ], [ 127.285304209019387, 36.391043743697857 ], [ 127.284163903523577, 36.391390836908407 ], [ 127.283722617875114, 36.391428359555192 ], [ 127.282951644881237, 36.391482896879843 ], [ 127.282474370577546, 36.391459436766709 ], [ 127.281649057294416, 36.391417263309897 ], [ 127.280820830431836, 36.391329987646486 ], [ 127.280218895446737, 36.391274259886238 ], [ 127.279506402479328, 36.391315481490302 ], [ 127.279164917540513, 36.391481118096195 ], [ 127.278989508808777, 36.391963657877895 ], [ 127.2790465812717, 36.392391290464985 ], [ 127.279024764078144, 36.392474698924005 ], [ 127.278962976541237, 36.392781238570265 ], [ 127.278922609952389, 36.39308379022178 ], [ 127.278888302326635, 36.393429124305236 ], [ 127.278813580062604, 36.393671765285454 ], [ 127.27886648439663, 36.394638988698176 ], [ 127.278652351312275, 36.394960525686976 ], [ 127.278583750593029, 36.395408446070505 ], [ 127.278619238208336, 36.395787421029283 ], [ 127.278806040430069, 36.396450758023917 ], [ 127.278729689480301, 36.396584136432985 ], [ 127.279065747587055, 36.396591041864156 ], [ 127.279454100549856, 36.396671009214522 ], [ 127.279472158098216, 36.396674013125306 ], [ 127.279616986508529, 36.396698079502691 ], [ 127.280018066090165, 36.396804969205903 ], [ 127.280410951071147, 36.396967262253199 ], [ 127.280657690778355, 36.397157921881728 ], [ 127.280971613556147, 36.397407414018794 ], [ 127.281196817515138, 36.397575620834196 ], [ 127.281648754124859, 36.397802943665901 ], [ 127.282113817342179, 36.398180169615699 ], [ 127.282728128096778, 36.398614356420005 ], [ 127.283187407786784, 36.398504359411035 ], [ 127.283964421620553, 36.398381173554938 ], [ 127.284618275294122, 36.398548818940156 ], [ 127.285169219849436, 36.398670196128101 ], [ 127.285682244654311, 36.398611302053197 ], [ 127.286014310447356, 36.398780110527859 ], [ 127.286350531621849, 36.398898956647614 ], [ 127.287001648073016, 36.39928786724478 ], [ 127.287741740346874, 36.39912724765562 ], [ 127.288197933946208, 36.399164506982878 ], [ 127.288626536296491, 36.399201173051047 ], [ 127.288810346263318, 36.399271535458325 ], [ 127.289041309293623, 36.399359969552584 ], [ 127.289158676875928, 36.399271634219197 ], [ 127.289667354014611, 36.399309058895547 ], [ 127.289886336673348, 36.399443263328592 ], [ 127.290077202612224, 36.399525150649268 ], [ 127.290845338499082, 36.399855001534277 ], [ 127.291293567800153, 36.400045484151512 ], [ 127.291292623690993, 36.400082434149326 ], [ 127.292048955008084, 36.400050236395074 ], [ 127.292626585221015, 36.399690166675271 ], [ 127.293135094639183, 36.399499546540241 ], [ 127.293401859938683, 36.399284652209808 ], [ 127.293570993406291, 36.399298414026283 ], [ 127.293638846811263, 36.399197119489564 ], [ 127.293829232723851, 36.399155903030071 ], [ 127.29421156246525, 36.399188841366055 ], [ 127.294643055662661, 36.398905160131058 ], [ 127.295575611434572, 36.399159888492598 ], [ 127.296658387496478, 36.399639808649894 ], [ 127.297858806743804, 36.399712299442065 ], [ 127.297880735014459, 36.399971023128096 ], [ 127.298808826745173, 36.400341230327157 ], [ 127.299548362299006, 36.400523224408836 ], [ 127.300193716674585, 36.40068203725491 ] ] ] ] } },
{ "type": "Feature", "properties": { "EMD_CD": "30200140", "EMD_ENG_NM": "Munji-dong", "EMD_KOR_NM": "문지동" }, "geometry": { "type": "MultiPolygon", "coordinates": [ [ [ [ 127.393683044146229, 36.385956083742656 ], [ 127.393839125706137, 36.385814512172082 ], [ 127.393982051507649, 36.385820819050686 ], [ 127.394213736056088, 36.385830989207776 ], [ 127.394350023973203, 36.385924586582171 ], [ 127.394735813612314, 36.38600077218446 ], [ 127.394987350595358, 36.38611766269635 ], [ 127.395037082543169, 36.386104540182281 ], [ 127.39506236146687, 36.386144729443934 ], [ 127.395239633457436, 36.386108098518584 ], [ 127.395311554997122, 36.386072662034245 ], [ 127.39501572046909, 36.385917222102137 ], [ 127.39448842531705, 36.385755965043444 ], [ 127.394473505051039, 36.38574993126619 ], [ 127.394273354548304, 36.385649713601687 ], [ 127.394154290464442, 36.385590095832136 ], [ 127.393998181406928, 36.385619518434531 ], [ 127.393257863475071, 36.385759060431546 ], [ 127.392974777351654, 36.385699935576255 ], [ 127.392607688386278, 36.385562736801823 ], [ 127.392461903204179, 36.385455011719692 ], [ 127.39210735837284, 36.385534600118056 ], [ 127.392137607742214, 36.385768803684613 ], [ 127.392238854143898, 36.385885055670876 ], [ 127.392295855835258, 36.385932748201412 ], [ 127.392515611148752, 36.385962163809864 ], [ 127.392995767749383, 36.38617855495886 ], [ 127.393597246139763, 36.386035775415223 ], [ 127.393584007384931, 36.386000620040264 ], [ 127.393683044146229, 36.385956083742656 ] ] ], [ [ [ 127.398762331285667, 36.396422624149452 ], [ 127.398779989688336, 36.396368216801129 ], [ 127.399760446349376, 36.396382182008161 ], [ 127.40014584111718, 36.396387203836589 ], [ 127.40020759086093, 36.396388800523496 ], [ 127.400248800968754, 36.396343045953579 ], [ 127.400430380628748, 36.396362148015704 ], [ 127.4026458072981, 36.396358954003652 ], [ 127.403386875936405, 36.396357851078335 ], [ 127.404754101523054, 36.396355792668288 ], [ 127.404785849751065, 36.39633034480017 ], [ 127.404808215373038, 36.396311967226026 ], [ 127.404808854039885, 36.396267186146332 ], [ 127.404800435954058, 36.396154569478682 ], [ 127.404801448496997, 36.396145563132521 ], [ 127.404811892728276, 36.396052889102641 ], [ 127.404844743556893, 36.396040152752541 ], [ 127.405043160497357, 36.395995586503936 ], [ 127.405040872447714, 36.396036047936434 ], [ 127.405067277533163, 36.396055108621219 ], [ 127.405067584461221, 36.395991683671944 ], [ 127.405067613296836, 36.395986393529078 ], [ 127.405127587736459, 36.39596795158338 ], [ 127.405303895225757, 36.395913862254865 ], [ 127.405439714688981, 36.395872192924919 ], [ 127.405537794286332, 36.395869879088238 ], [ 127.405541260211606, 36.395869795325389 ], [ 127.405632251835016, 36.395867648811389 ], [ 127.405635873879191, 36.395867564269501 ], [ 127.406507164782909, 36.395993037989427 ], [ 127.406849882915608, 36.396042394583461 ], [ 127.407034722867351, 36.396069008835234 ], [ 127.4071056648324, 36.396067596317366 ], [ 127.407214622625986, 36.396067226180342 ], [ 127.407422547994429, 36.396020920828441 ], [ 127.40758846492119, 36.395983967908968 ], [ 127.407626899279379, 36.395975411961182 ], [ 127.407646507305074, 36.39597113699427 ], [ 127.407649084609147, 36.395952383630394 ], [ 127.408587772849728, 36.395977484713846 ], [ 127.40939803374431, 36.395999232182362 ], [ 127.409725214393049, 36.396007774406876 ], [ 127.409725831994066, 36.395993696619932 ], [ 127.409811006053644, 36.395996261953016 ], [ 127.409852913436382, 36.395997524692596 ], [ 127.40994066336259, 36.396000171243593 ], [ 127.409943229771145, 36.396000703308779 ], [ 127.410078017338805, 36.396005018463093 ], [ 127.410079116496618, 36.396023424899973 ], [ 127.410085595806024, 36.396132632845664 ], [ 127.410146189712307, 36.396143292881973 ], [ 127.410419471195965, 36.396093407224072 ], [ 127.410483623562868, 36.396081057398291 ], [ 127.411001848705098, 36.395981298510513 ], [ 127.411271450351379, 36.395929404918576 ], [ 127.41149452557444, 36.395883860297893 ], [ 127.411717589396105, 36.395838307137765 ], [ 127.411721777756355, 36.395836423386932 ], [ 127.41172187147582, 36.395836381085523 ], [ 127.41171971556507, 36.395825060780822 ], [ 127.411584239099696, 36.395113742478145 ], [ 127.411582092094491, 36.395102469957294 ], [ 127.411472578221748, 36.394578477898058 ], [ 127.411395830389424, 36.393529168198313 ], [ 127.411358446001941, 36.393042948419996 ], [ 127.41134286941292, 36.392881560364287 ], [ 127.411314431525852, 36.392586895943268 ], [ 127.411310397559134, 36.392548889864138 ], [ 127.411210847564888, 36.391964323041329 ], [ 127.411170728759259, 36.39145586300215 ], [ 127.411172389243504, 36.391089360370685 ], [ 127.411172908590672, 36.390974861199822 ], [ 127.411172252243574, 36.390718032276865 ], [ 127.411174908451599, 36.390459506465142 ], [ 127.411232101020516, 36.38997577395449 ], [ 127.411308522101962, 36.389505222723685 ], [ 127.41133853936735, 36.389284615081692 ], [ 127.411347256392645, 36.389219202203911 ], [ 127.411365348371874, 36.389083455493399 ], [ 127.411376656377087, 36.388980621191919 ], [ 127.411458558653237, 36.38859284060608 ], [ 127.411520743316416, 36.388295956197389 ], [ 127.411526696817944, 36.388267534563518 ], [ 127.411549769684754, 36.38815738055871 ], [ 127.411548402673233, 36.388157378628065 ], [ 127.410803764272458, 36.388177091117242 ], [ 127.410329739156097, 36.388189645671567 ], [ 127.410206061794199, 36.388192916646972 ], [ 127.409793484947016, 36.388201924315368 ], [ 127.409788490696343, 36.388248522328972 ], [ 127.409763109047503, 36.388247942093273 ], [ 127.409445450120529, 36.388238123541996 ], [ 127.409332036601484, 36.38823461751241 ], [ 127.40911235326017, 36.388227833331811 ], [ 127.408778598666913, 36.388217509227374 ], [ 127.408439971688736, 36.388207047871028 ], [ 127.40811370881535, 36.388196956732145 ], [ 127.407918872992894, 36.388190933536052 ], [ 127.40772322438184, 36.388184885042989 ], [ 127.407438696439939, 36.388176084245053 ], [ 127.407105265635366, 36.388165771948145 ], [ 127.406851660621726, 36.388157927260444 ], [ 127.406773840761133, 36.388155524319494 ], [ 127.406502502827507, 36.388147451168294 ], [ 127.406441815655214, 36.388145637708547 ], [ 127.40610770145112, 36.388134541359435 ], [ 127.405772230437307, 36.388124295835425 ], [ 127.40543824354333, 36.388114098343571 ], [ 127.405204181497311, 36.38810921206624 ], [ 127.405186410733691, 36.388106172211018 ], [ 127.405186568056081, 36.388054543565012 ], [ 127.405189448244727, 36.387807589091821 ], [ 127.405193092284392, 36.38740863198052 ], [ 127.405195416117849, 36.387155280681341 ], [ 127.405197525982345, 36.387117072864726 ], [ 127.405202535993894, 36.387014629814104 ], [ 127.405222401230134, 36.386642544985897 ], [ 127.405194860716847, 36.386642602126066 ], [ 127.404876519742515, 36.386643677580466 ], [ 127.404837683302134, 36.386610303103978 ], [ 127.404437641122144, 36.38661040973642 ], [ 127.404370769140726, 36.386610428419118 ], [ 127.403865423345721, 36.386610481746217 ], [ 127.402107757770111, 36.386611036682112 ], [ 127.402051682054463, 36.386610377884523 ], [ 127.402007272201956, 36.386609121144353 ], [ 127.401962498433519, 36.386606450486418 ], [ 127.401918076961877, 36.386602940781522 ], [ 127.401862489039459, 36.386597494279172 ], [ 127.401747307628639, 36.38658351642551 ], [ 127.401686479763967, 36.386573302686884 ], [ 127.40162111714109, 36.386561410085129 ], [ 127.401567245728742, 36.386549487391655 ], [ 127.401502898745676, 36.38653336469725 ], [ 127.401461040756885, 36.386521113935807 ], [ 127.401357251512735, 36.386487947175333 ], [ 127.401326369688277, 36.386477354462727 ], [ 127.401295838324828, 36.386465624305934 ], [ 127.401205619392101, 36.386429320652645 ], [ 127.401155708716786, 36.386409491079071 ], [ 127.40112483548674, 36.386398329456441 ], [ 127.401089765383816, 36.386386334891952 ], [ 127.401037430116631, 36.386369613507746 ], [ 127.400995065745221, 36.386358490871842 ], [ 127.400952171426724, 36.386348496489738 ], [ 127.400908591420475, 36.386339350755705 ], [ 127.400865350046374, 36.3863313313012 ], [ 127.400810285999384, 36.386323630025373 ], [ 127.40073292831471, 36.386315435720554 ], [ 127.400677349643175, 36.386311683549778 ], [ 127.400632415192931, 36.386310139169566 ], [ 127.400587653970888, 36.386310009418366 ], [ 127.400309891677168, 36.386310658007098 ], [ 127.399662955856982, 36.386312536193174 ], [ 127.397117416749694, 36.386319417004799 ], [ 127.396920524997441, 36.386319951634945 ], [ 127.39682919436801, 36.386303636921163 ], [ 127.396472625116147, 36.386304572644441 ], [ 127.395180568016059, 36.386307954705082 ], [ 127.395075543513087, 36.386305489281909 ], [ 127.394962802918016, 36.386293469690735 ], [ 127.394810792276814, 36.38626270910197 ], [ 127.394074520980524, 36.386057304870384 ], [ 127.394013849289678, 36.386044825428307 ], [ 127.393959853562151, 36.38604331726615 ], [ 127.393879458557521, 36.386053719750393 ], [ 127.393828860683584, 36.386069655576925 ], [ 127.393775357531581, 36.386097424941902 ], [ 127.393564589666681, 36.38622428005241 ], [ 127.393495102793793, 36.386258580855632 ], [ 127.393424887354954, 36.386287540299335 ], [ 127.393370985052925, 36.386304614278295 ], [ 127.393304179463541, 36.386318071333449 ], [ 127.393238575045686, 36.386326451124738 ], [ 127.393185648148332, 36.386329157329151 ], [ 127.393149762428365, 36.386327310013975 ], [ 127.393051107837863, 36.386310448459177 ], [ 127.392960942787838, 36.386283997755243 ], [ 127.392233634642579, 36.38599124745366 ], [ 127.392189991097197, 36.385969420273575 ], [ 127.392117688963836, 36.385997818092953 ], [ 127.391905893950536, 36.385852918631947 ], [ 127.391776234337655, 36.38572915307261 ], [ 127.39175140997186, 36.385596871399009 ], [ 127.390843974408341, 36.385785183438138 ], [ 127.390448396737966, 36.386152902757836 ], [ 127.390358038994421, 36.386405252360589 ], [ 127.390346966162369, 36.386700529861216 ], [ 127.389816456137112, 36.38709469219291 ], [ 127.389283036552087, 36.386983328646927 ], [ 127.388381580069179, 36.387314729060364 ], [ 127.388207225007704, 36.387378732002148 ], [ 127.386950878939231, 36.387532836029834 ], [ 127.386927037264527, 36.3875347153962 ], [ 127.386663103120384, 36.387336824292547 ], [ 127.386543213633715, 36.387247040210809 ], [ 127.386058179307128, 36.387047102922764 ], [ 127.385805209560914, 36.386632345032069 ], [ 127.385487946970272, 36.386112178669961 ], [ 127.385317093568986, 36.386385148980906 ], [ 127.38501838563343, 36.386705156155017 ], [ 127.384958972704254, 36.386776313616267 ], [ 127.384563892017624, 36.386940655916426 ], [ 127.384544878126718, 36.387629313590196 ], [ 127.384435984386556, 36.388003924783895 ], [ 127.384635853344932, 36.388361666836424 ], [ 127.384639664266871, 36.388529496485781 ], [ 127.384483396419782, 36.388771725896348 ], [ 127.384385378189279, 36.389214573519176 ], [ 127.384030492054251, 36.389468694248251 ], [ 127.383722341463965, 36.389793945530144 ], [ 127.383657231722509, 36.389872401775065 ], [ 127.383618893710292, 36.389918592544134 ], [ 127.383450662401671, 36.390168022769878 ], [ 127.383443226206154, 36.39017904923152 ], [ 127.383057117208921, 36.390482127934462 ], [ 127.382439439796713, 36.390685328879087 ], [ 127.382438491935673, 36.391352426585371 ], [ 127.381972825247615, 36.391358299366303 ], [ 127.381543987268259, 36.391763177819691 ], [ 127.381527843301782, 36.391778404651639 ], [ 127.381217908449898, 36.392247427783815 ], [ 127.380715469734156, 36.392727144266843 ], [ 127.380589825727796, 36.39311006840132 ], [ 127.38003633148378, 36.393367754210843 ], [ 127.380388440617779, 36.393926781424142 ], [ 127.380515320608325, 36.394261917796726 ], [ 127.380587427319526, 36.394452374576076 ], [ 127.380876635815852, 36.394755220611088 ], [ 127.380946322574417, 36.394828182188313 ], [ 127.381121878971342, 36.394937737984904 ], [ 127.381473229459246, 36.39515697254739 ], [ 127.381487398397439, 36.395159721115661 ], [ 127.381984585203938, 36.395770369964644 ], [ 127.382371254638542, 36.395916558445258 ], [ 127.382905880057422, 36.395769098255485 ], [ 127.383274329395704, 36.395667478104606 ], [ 127.384365613472383, 36.395696291254019 ], [ 127.385120908682524, 36.395286416812773 ], [ 127.38513540897884, 36.395286162281728 ], [ 127.386494961194387, 36.395261827584754 ], [ 127.386944338058001, 36.395760459856483 ], [ 127.387226409849134, 36.395948504717921 ], [ 127.38730548915801, 36.396001228654718 ], [ 127.387508472963546, 36.396136548900152 ], [ 127.387860023410354, 36.396477322337347 ], [ 127.388406699226167, 36.39643916374623 ], [ 127.388588926497391, 36.396438861004398 ], [ 127.389148397357459, 36.39651964696273 ], [ 127.389721401867931, 36.396423416268682 ], [ 127.390305873808543, 36.396503611664478 ], [ 127.390938093087669, 36.396068516176463 ], [ 127.391065004662437, 36.396005002821049 ], [ 127.391306765475562, 36.395886216262625 ], [ 127.39131874454084, 36.395878860025178 ], [ 127.39144763290966, 36.395878438807465 ], [ 127.391570225493766, 36.395769331570513 ], [ 127.39214303131655, 36.395519081944876 ], [ 127.39246314348091, 36.395606042014244 ], [ 127.392528968459288, 36.39562904866235 ], [ 127.39326680541194, 36.395964954326857 ], [ 127.393492665612541, 36.396067774237103 ], [ 127.39395783847209, 36.395989278628825 ], [ 127.394123428831264, 36.395992456704676 ], [ 127.394139753148878, 36.395995763755153 ], [ 127.39432130833228, 36.396032637885114 ], [ 127.394568357117549, 36.396221348000616 ], [ 127.394636670038238, 36.396262242926475 ], [ 127.394730532433826, 36.396294592528463 ], [ 127.394885700638255, 36.396290990660823 ], [ 127.395387622622778, 36.396322498756675 ], [ 127.395985055067882, 36.397283400186041 ], [ 127.396454472557394, 36.397650792410715 ], [ 127.396625061956399, 36.397958200026167 ], [ 127.396785863588761, 36.397998842204132 ], [ 127.396858776462111, 36.398062628764656 ], [ 127.396993950690671, 36.398083438946927 ], [ 127.397689326088312, 36.398208387497661 ], [ 127.398163441722616, 36.398295389354743 ], [ 127.398197064215893, 36.398256392205617 ], [ 127.398206666269459, 36.398226513967487 ], [ 127.39800408508107, 36.398188319421948 ], [ 127.397738266436335, 36.397884239788404 ], [ 127.397734058933011, 36.397670272973635 ], [ 127.39774401710838, 36.397468984016811 ], [ 127.397751469744335, 36.397318699511359 ], [ 127.398485179158683, 36.397194624284069 ], [ 127.398751400099471, 36.39645613896343 ], [ 127.398762331285667, 36.396422624149452 ] ] ] ] } },
{ "type": "Feature", "properties": { "EMD_CD": "30200141", "EMD_ENG_NM": "Jeonmin-dong", "EMD_KOR_NM": "전민동" }, "geometry": { "type": "MultiPolygon", "coordinates": [ [ [ [ 127.417408113553705, 36.407605196949866 ], [ 127.417408034508483, 36.40760506617292 ], [ 127.417560941696479, 36.407468224651325 ], [ 127.417549518291167, 36.407447997191831 ], [ 127.417383769549801, 36.407170901053796 ], [ 127.417161134529408, 36.406873166450765 ], [ 127.417044469704578, 36.406716716977009 ], [ 127.416866033629518, 36.406476557476061 ], [ 127.416761197781398, 36.406317812695356 ], [ 127.416504112888191, 36.406224364439886 ], [ 127.416053972718686, 36.405987688314589 ], [ 127.415695492680499, 36.405759136904045 ], [ 127.415660354571017, 36.405736161499071 ], [ 127.415614720010453, 36.40570365300821 ], [ 127.415478682625576, 36.405605564599732 ], [ 127.415335840522374, 36.405472850702417 ], [ 127.415257679378527, 36.4053506176122 ], [ 127.414972162119952, 36.40488723019449 ], [ 127.414874249899313, 36.404765930940833 ], [ 127.414813629875454, 36.40469083126343 ], [ 127.414499979074051, 36.404302263398698 ], [ 127.414205511901471, 36.403856368894296 ], [ 127.413835549259204, 36.403297801317777 ], [ 127.413671151403022, 36.402974510202711 ], [ 127.413648702593832, 36.402854881800927 ], [ 127.413591935689126, 36.402552365107489 ], [ 127.413530908003892, 36.401780677899239 ], [ 127.413532091193687, 36.401620383633599 ], [ 127.41353517208897, 36.401203074364247 ], [ 127.413511003372591, 36.399661335692279 ], [ 127.413437213879092, 36.399248057174731 ], [ 127.413369750573963, 36.398870207875603 ], [ 127.413242783290201, 36.398177031410967 ], [ 127.412872059459403, 36.397697873553525 ], [ 127.412650599587849, 36.397392101058692 ], [ 127.412627308340134, 36.397359942465485 ], [ 127.412213190094363, 36.396644376808702 ], [ 127.412170307493966, 36.396570178755056 ], [ 127.411970506915111, 36.396166469219544 ], [ 127.411923290877155, 36.3961043933759 ], [ 127.411816432927097, 36.395963903828402 ], [ 127.411735458528895, 36.395857443777466 ], [ 127.411722685072149, 36.395840650432177 ], [ 127.41172187147582, 36.395836381085523 ], [ 127.411721777756355, 36.395836423386932 ], [ 127.411717589396105, 36.395838307137765 ], [ 127.41149452557444, 36.395883860297893 ], [ 127.411271450351379, 36.395929404918576 ], [ 127.411001848705098, 36.395981298510513 ], [ 127.410483623562868, 36.396081057398291 ], [ 127.410419471195965, 36.396093407224072 ], [ 127.410146189712307, 36.396143292881973 ], [ 127.410085595806024, 36.396132632845664 ], [ 127.410079116496618, 36.396023424899973 ], [ 127.410078017338805, 36.396005018463093 ], [ 127.409943229771145, 36.396000703308779 ], [ 127.40994066336259, 36.396000171243593 ], [ 127.409852913436382, 36.395997524692596 ], [ 127.409811006053644, 36.395996261953016 ], [ 127.409725831994066, 36.395993696619932 ], [ 127.409725214393049, 36.396007774406876 ], [ 127.40939803374431, 36.395999232182362 ], [ 127.408587772849728, 36.395977484713846 ], [ 127.407649084609147, 36.395952383630394 ], [ 127.407646507305074, 36.39597113699427 ], [ 127.407626899279379, 36.395975411961182 ], [ 127.40758846492119, 36.395983967908968 ], [ 127.407422547994429, 36.396020920828441 ], [ 127.407214622625986, 36.396067226180342 ], [ 127.4071056648324, 36.396067596317366 ], [ 127.407034722867351, 36.396069008835234 ], [ 127.406849882915608, 36.396042394583461 ], [ 127.406507164782909, 36.395993037989427 ], [ 127.405635873879191, 36.395867564269501 ], [ 127.405632251835016, 36.395867648811389 ], [ 127.405541260211606, 36.395869795325389 ], [ 127.405537794286332, 36.395869879088238 ], [ 127.405439714688981, 36.395872192924919 ], [ 127.405303895225757, 36.395913862254865 ], [ 127.405127587736459, 36.39596795158338 ], [ 127.405067613296836, 36.395986393529078 ], [ 127.405067584461221, 36.395991683671944 ], [ 127.405067277533163, 36.396055108621219 ], [ 127.405040872447714, 36.396036047936434 ], [ 127.405043160497357, 36.395995586503936 ], [ 127.404844743556893, 36.396040152752541 ], [ 127.404811892728276, 36.396052889102641 ], [ 127.404801448496997, 36.396145563132521 ], [ 127.404800435954058, 36.396154569478682 ], [ 127.404808854039885, 36.396267186146332 ], [ 127.404808215373038, 36.396311967226026 ], [ 127.404785849751065, 36.39633034480017 ], [ 127.404754101523054, 36.396355792668288 ], [ 127.403386875936405, 36.396357851078335 ], [ 127.4026458072981, 36.396358954003652 ], [ 127.400430380628748, 36.396362148015704 ], [ 127.400248800968754, 36.396343045953579 ], [ 127.40020759086093, 36.396388800523496 ], [ 127.40014584111718, 36.396387203836589 ], [ 127.399760446349376, 36.396382182008161 ], [ 127.398779989688336, 36.396368216801129 ], [ 127.398762331285667, 36.396422624149452 ], [ 127.398751400099471, 36.39645613896343 ], [ 127.398485179158683, 36.397194624284069 ], [ 127.397751469744335, 36.397318699511359 ], [ 127.39774401710838, 36.397468984016811 ], [ 127.397734058933011, 36.397670272973635 ], [ 127.397738266436335, 36.397884239788404 ], [ 127.39800408508107, 36.398188319421948 ], [ 127.398206666269459, 36.398226513967487 ], [ 127.398197064215893, 36.398256392205617 ], [ 127.398163441722616, 36.398295389354743 ], [ 127.397689326088312, 36.398208387497661 ], [ 127.396993950690671, 36.398083438946927 ], [ 127.396858776462111, 36.398062628764656 ], [ 127.396785863588761, 36.397998842204132 ], [ 127.396625061956399, 36.397958200026167 ], [ 127.396454472557394, 36.397650792410715 ], [ 127.395985055067882, 36.397283400186041 ], [ 127.395387622622778, 36.396322498756675 ], [ 127.394885700638255, 36.396290990660823 ], [ 127.394730532433826, 36.396294592528463 ], [ 127.394636670038238, 36.396262242926475 ], [ 127.394568357117549, 36.396221348000616 ], [ 127.39432130833228, 36.396032637885114 ], [ 127.394139753148878, 36.395995763755153 ], [ 127.394123428831264, 36.395992456704676 ], [ 127.39395783847209, 36.395989278628825 ], [ 127.393492665612541, 36.396067774237103 ], [ 127.39326680541194, 36.395964954326857 ], [ 127.392528968459288, 36.39562904866235 ], [ 127.39246314348091, 36.395606042014244 ], [ 127.39214303131655, 36.395519081944876 ], [ 127.391570225493766, 36.395769331570513 ], [ 127.39144763290966, 36.395878438807465 ], [ 127.39131874454084, 36.395878860025178 ], [ 127.391306765475562, 36.395886216262625 ], [ 127.391065004662437, 36.396005002821049 ], [ 127.390938093087669, 36.396068516176463 ], [ 127.390305873808543, 36.396503611664478 ], [ 127.389721401867931, 36.396423416268682 ], [ 127.389148397357459, 36.39651964696273 ], [ 127.388588926497391, 36.396438861004398 ], [ 127.388406699226167, 36.39643916374623 ], [ 127.387860023410354, 36.396477322337347 ], [ 127.387508472963546, 36.396136548900152 ], [ 127.38730548915801, 36.396001228654718 ], [ 127.387226409849134, 36.395948504717921 ], [ 127.386944338058001, 36.395760459856483 ], [ 127.386494961194387, 36.395261827584754 ], [ 127.38513540897884, 36.395286162281728 ], [ 127.385120908682524, 36.395286416812773 ], [ 127.384365613472383, 36.395696291254019 ], [ 127.383274329395704, 36.395667478104606 ], [ 127.382905880057422, 36.395769098255485 ], [ 127.382371254638542, 36.395916558445258 ], [ 127.381984585203938, 36.395770369964644 ], [ 127.381487398397439, 36.395159721115661 ], [ 127.381473229459246, 36.39515697254739 ], [ 127.381726632165467, 36.396233829562895 ], [ 127.381463210569308, 36.396891082663032 ], [ 127.381176314816202, 36.397077373305727 ], [ 127.381005460910515, 36.397374425726596 ], [ 127.380786716059433, 36.39758159409336 ], [ 127.380588719198911, 36.398292482657602 ], [ 127.380324675606076, 36.398714703302758 ], [ 127.380296925054751, 36.398936386862076 ], [ 127.380272572180488, 36.399095653909512 ], [ 127.380298054436594, 36.399568728234783 ], [ 127.380193948175787, 36.400023487197238 ], [ 127.380307217149479, 36.400368064848408 ], [ 127.380045144930023, 36.400888189848281 ], [ 127.380155034006407, 36.401243719513111 ], [ 127.380444457994344, 36.401489575562444 ], [ 127.380580148780695, 36.401604835268131 ], [ 127.380770290674178, 36.401845283592046 ], [ 127.380851958833645, 36.401948549454168 ], [ 127.380944753184565, 36.4020658921091 ], [ 127.381101012719895, 36.402263497593637 ], [ 127.381175797636857, 36.402658978076083 ], [ 127.381154137055645, 36.402830853062071 ], [ 127.381170189028978, 36.403295746872324 ], [ 127.381337147709957, 36.403698467299542 ], [ 127.382384120392018, 36.403805164858056 ], [ 127.382555178420859, 36.403760588031474 ], [ 127.382966302191988, 36.403653443655784 ], [ 127.383326083322117, 36.403615797156789 ], [ 127.383387329489352, 36.403602173456044 ], [ 127.38396465986753, 36.403505280645 ], [ 127.38452888556246, 36.403823168216483 ], [ 127.385158021085303, 36.403730951498183 ], [ 127.385371592590985, 36.40376508645744 ], [ 127.385707464007751, 36.403818770246808 ], [ 127.385720632893239, 36.403842013548399 ], [ 127.38604281192076, 36.40441069008714 ], [ 127.386395330516791, 36.404636115303418 ], [ 127.386438228500268, 36.404663543202112 ], [ 127.386576007846358, 36.404751656702452 ], [ 127.386432843485167, 36.404855336870369 ], [ 127.386538890677642, 36.404954068671202 ], [ 127.386576331027257, 36.404988921647558 ], [ 127.386603882556969, 36.405037306028191 ], [ 127.386532218617631, 36.405086217911382 ], [ 127.386619555797807, 36.405064254204035 ], [ 127.386811945874342, 36.405399883519635 ], [ 127.386749580245805, 36.405442358543297 ], [ 127.387030127673626, 36.405589874008697 ], [ 127.386996831825911, 36.405981085589382 ], [ 127.386981656800359, 36.406048397025614 ], [ 127.386793564029219, 36.406897256819306 ], [ 127.386681428236031, 36.407539685671892 ], [ 127.386624626814935, 36.407614295448198 ], [ 127.386871772678518, 36.408144020722482 ], [ 127.387193995352177, 36.4082650961087 ], [ 127.387498023908663, 36.408212828588205 ], [ 127.387854719104354, 36.409173843472807 ], [ 127.387732478045081, 36.409341287401375 ], [ 127.388257037666264, 36.410225753456437 ], [ 127.388120561259726, 36.410589398601175 ], [ 127.388080219284234, 36.410734543786731 ], [ 127.38807302711642, 36.41077705650968 ], [ 127.388097670381867, 36.410777976925729 ], [ 127.388042460903932, 36.410876967900272 ], [ 127.387817157711623, 36.4113014317089 ], [ 127.387779969428621, 36.411372048862304 ], [ 127.387618206984229, 36.411705136420132 ], [ 127.387624205518492, 36.411968732841856 ], [ 127.387613082891079, 36.412005599133437 ], [ 127.387603246071762, 36.412038775804916 ], [ 127.387680864945466, 36.412025124067192 ], [ 127.387693229653905, 36.412022948747982 ], [ 127.388038931591666, 36.411958136101966 ], [ 127.38808446540034, 36.411949428237655 ], [ 127.388120476975359, 36.411942534202304 ], [ 127.388218825554816, 36.411922849849248 ], [ 127.388390165893796, 36.411887411883242 ], [ 127.388429092400514, 36.411879363857821 ], [ 127.388526089550439, 36.411859305642096 ], [ 127.388633730557615, 36.411833813994775 ], [ 127.389019707716926, 36.411752611663452 ], [ 127.389241293441117, 36.411702896342007 ], [ 127.389342934005512, 36.41168163197856 ], [ 127.389295150782615, 36.41162365327434 ], [ 127.389763968485056, 36.411467302133588 ], [ 127.39006407787943, 36.411395891376181 ], [ 127.390131226977275, 36.411379911355183 ], [ 127.390375968817082, 36.411321675360043 ], [ 127.391105794383634, 36.411128007522372 ], [ 127.391272503163279, 36.411082964393891 ], [ 127.391228335252535, 36.411186498095113 ], [ 127.39131168516667, 36.411162048107478 ], [ 127.391336844449611, 36.411154666182497 ], [ 127.391700546649687, 36.411047943992216 ], [ 127.391770963561598, 36.411030033180765 ], [ 127.391834163807843, 36.411013956617658 ], [ 127.391889570556813, 36.41099986163519 ], [ 127.392546766275444, 36.410822013105111 ], [ 127.392816513677062, 36.41056850732452 ], [ 127.393557236741842, 36.410340707130864 ], [ 127.39290548442753, 36.410155611047671 ], [ 127.393455278630853, 36.409090899176284 ], [ 127.393495932721549, 36.409012184950072 ], [ 127.3935072782199, 36.408998125994508 ], [ 127.393612778389922, 36.408867335992213 ], [ 127.393702126626252, 36.408754839507424 ], [ 127.393881499683118, 36.40879327101883 ], [ 127.394135058492409, 36.408847606067674 ], [ 127.39428575004294, 36.408879895237483 ], [ 127.394409850234524, 36.408812296551467 ], [ 127.395037876371063, 36.408470167171117 ], [ 127.395081222156705, 36.40859175223158 ], [ 127.395100606451834, 36.408586705627592 ], [ 127.395123571449389, 36.408619711112692 ], [ 127.395224035585855, 36.408572042197477 ], [ 127.395330239356127, 36.408521641265828 ], [ 127.395425951575362, 36.408502202848666 ], [ 127.395654792391014, 36.40843033784909 ], [ 127.395660540425638, 36.40843382463553 ], [ 127.395682371754006, 36.408434446195926 ], [ 127.395865493288127, 36.408391532457777 ], [ 127.395921958085353, 36.408360138050853 ], [ 127.396007887808324, 36.408333116799994 ], [ 127.396081972781133, 36.408329312852722 ], [ 127.396138247467292, 36.408326288297694 ], [ 127.396312268015279, 36.408313682362902 ], [ 127.396342078614836, 36.408311529620939 ], [ 127.396545829663964, 36.408254262671946 ], [ 127.396573123396365, 36.408245998920471 ], [ 127.397014948209232, 36.408128819082485 ], [ 127.397489087112476, 36.408278984451051 ], [ 127.398049098163867, 36.408370738536696 ], [ 127.398219530970195, 36.408115081603 ], [ 127.39897966149239, 36.407986544994536 ], [ 127.399029109062923, 36.407867129803414 ], [ 127.399039571409531, 36.407841862689949 ], [ 127.399878730463712, 36.407910158808093 ], [ 127.400191913804719, 36.407938509163543 ], [ 127.40054300188811, 36.408012673840418 ], [ 127.40059089099752, 36.408053038664711 ], [ 127.400695042881424, 36.408140824354057 ], [ 127.401417866662015, 36.408114453062851 ], [ 127.401451406555651, 36.408113223529412 ], [ 127.401457391558921, 36.408113004963404 ], [ 127.401498042951005, 36.408111526240518 ], [ 127.401690015847009, 36.408136800607267 ], [ 127.401827227825436, 36.408159987029649 ], [ 127.401901231814776, 36.408164235441809 ], [ 127.402288864737841, 36.408229386749348 ], [ 127.40267830565125, 36.408142595086645 ], [ 127.403314775960339, 36.407878921374284 ], [ 127.404070705635391, 36.40785225110524 ], [ 127.404298788747468, 36.408160597477675 ], [ 127.404633354283703, 36.40850774853466 ], [ 127.404877998213919, 36.408762167092718 ], [ 127.40509158001241, 36.408813352506989 ], [ 127.405346234130619, 36.409230737106228 ], [ 127.405681627151779, 36.409283870282742 ], [ 127.406468961505183, 36.409235181248953 ], [ 127.406679712861603, 36.409331241334236 ], [ 127.407188548973323, 36.409513458491084 ], [ 127.407728835766775, 36.409626528592817 ], [ 127.407866065415121, 36.409654475357513 ], [ 127.407956204068157, 36.409793893033687 ], [ 127.408067189623097, 36.409937088112059 ], [ 127.408700511752073, 36.409940274646495 ], [ 127.408905037349641, 36.410342007229055 ], [ 127.409039085513371, 36.410594955691103 ], [ 127.409209791831998, 36.410950366378877 ], [ 127.409744398678498, 36.410614796696159 ], [ 127.409958319150618, 36.409924047645156 ], [ 127.410474651888251, 36.40996656329785 ], [ 127.410922291028712, 36.409997354398655 ], [ 127.411031729981232, 36.409999889480893 ], [ 127.41164613041056, 36.409960130726816 ], [ 127.411731556613361, 36.409954601886149 ], [ 127.411800990692996, 36.41019406235565 ], [ 127.411778648858316, 36.410289643379109 ], [ 127.411815301675276, 36.410316246081663 ], [ 127.411832268227244, 36.410318133992277 ], [ 127.411846491414181, 36.410319707913644 ], [ 127.411877425775188, 36.410323142500069 ], [ 127.411875035819406, 36.410409401403804 ], [ 127.411875136123768, 36.410411410078623 ], [ 127.411876834950434, 36.410448171970401 ], [ 127.411872236831798, 36.410476943421777 ], [ 127.411854631646804, 36.410625136546962 ], [ 127.411807818708809, 36.410816216759649 ], [ 127.411664071738912, 36.411008450163138 ], [ 127.411502915457703, 36.41111674544014 ], [ 127.411314130220447, 36.411174059097647 ], [ 127.411242488871338, 36.411225436128575 ], [ 127.411186715682248, 36.411302685378637 ], [ 127.411171978865667, 36.41133711522189 ], [ 127.411157242046457, 36.411371536047845 ], [ 127.411159454956604, 36.411391723782927 ], [ 127.411181416755056, 36.411380663344055 ], [ 127.4111876762516, 36.41139017556646 ], [ 127.411303209014193, 36.4115656312363 ], [ 127.41139212972368, 36.411700662142671 ], [ 127.411468002714557, 36.41181588564416 ], [ 127.41147711237582, 36.411828956517382 ], [ 127.41193750057802, 36.411608483800102 ], [ 127.411990451664536, 36.411590324390744 ], [ 127.412618293883313, 36.411289277028729 ], [ 127.412906435041407, 36.411151227682112 ], [ 127.41331022193674, 36.410958005851292 ], [ 127.414602421685558, 36.410329995243607 ], [ 127.414631745977175, 36.410366183986177 ], [ 127.414835536543563, 36.410652812577752 ], [ 127.414895727758875, 36.410759698758895 ], [ 127.414959125921797, 36.410735670359749 ], [ 127.415021083730622, 36.41068986633119 ], [ 127.415152060293011, 36.410668875290618 ], [ 127.41517338926117, 36.410658518651566 ], [ 127.415245792530854, 36.410623375384446 ], [ 127.415363673922769, 36.410630491442831 ], [ 127.415393897637045, 36.410632315382415 ], [ 127.415442917337501, 36.410627828652871 ], [ 127.415661216999169, 36.41060785915289 ], [ 127.415776901579804, 36.410516116409099 ], [ 127.415887111497057, 36.410428727604184 ], [ 127.415923711052926, 36.410413694740839 ], [ 127.415826180909974, 36.410021011208904 ], [ 127.415853595841654, 36.409957924954178 ], [ 127.415854283918733, 36.409850261613798 ], [ 127.415881258414942, 36.409840877132986 ], [ 127.41591891419651, 36.409766589528473 ], [ 127.415955095364325, 36.40964556484704 ], [ 127.415975394876114, 36.409544276709859 ], [ 127.416024242511966, 36.409448773355088 ], [ 127.416096195866231, 36.409217971048079 ], [ 127.416154359469033, 36.409153011686591 ], [ 127.416237702955357, 36.409095715211471 ], [ 127.416245892894622, 36.409084341093099 ], [ 127.416320648009332, 36.408980295204096 ], [ 127.416340403192734, 36.408955128763644 ], [ 127.41634093623405, 36.40893577968923 ], [ 127.41634381600413, 36.408831486892453 ], [ 127.416380161101884, 36.408643000979076 ], [ 127.41641094043068, 36.408483343693945 ], [ 127.416487369657688, 36.408425638228735 ], [ 127.416496241419296, 36.408418948005526 ], [ 127.416581531104242, 36.408354561262612 ], [ 127.416690237886286, 36.408272493224374 ], [ 127.416932136391765, 36.408012406716118 ], [ 127.417271831175483, 36.407732090834251 ], [ 127.417269235472034, 36.407730396839241 ], [ 127.417288671231333, 36.407712305189285 ], [ 127.417298389674471, 36.407703250798995 ], [ 127.417308106990376, 36.407694205422359 ], [ 127.417358205195569, 36.407649613364811 ], [ 127.417408113553705, 36.407605196949866 ] ] ] ] } },
{ "type": "Feature", "properties": { "EMD_CD": "30200142", "EMD_ENG_NM": "Wonchon-dong", "EMD_KOR_NM": "원촌동" }, "geometry": { "type": "MultiPolygon", "coordinates": [ [ [ [ 127.411549769684754, 36.38815738055871 ], [ 127.411550643089768, 36.388153208037494 ], [ 127.411619522611602, 36.387773077775989 ], [ 127.411726411418172, 36.387368313777003 ], [ 127.411768654468219, 36.387285937612255 ], [ 127.411919984444765, 36.386988313873786 ], [ 127.411928464931407, 36.386746385798006 ], [ 127.41190414010795, 36.386325455174308 ], [ 127.411846039658428, 36.385773972121271 ], [ 127.411829842904694, 36.385311056064317 ], [ 127.411796661943214, 36.383791697471757 ], [ 127.411792243744273, 36.383589406172369 ], [ 127.411778672377707, 36.383161391036353 ], [ 127.411778286515968, 36.383119722932541 ], [ 127.41178119354997, 36.382247549786875 ], [ 127.411778343898973, 36.382137734967557 ], [ 127.411762083938001, 36.381791968813204 ], [ 127.411635801564728, 36.381288877745206 ], [ 127.411519306857187, 36.380991606032339 ], [ 127.411206436906582, 36.380370038919033 ], [ 127.411099180909574, 36.380172150334126 ], [ 127.410822229070249, 36.379857413650321 ], [ 127.409936078717934, 36.378828325972918 ], [ 127.409856262518204, 36.378681312590331 ], [ 127.409818983226344, 36.378612726195087 ], [ 127.409667092140694, 36.378491749462832 ], [ 127.409375378634309, 36.378259408723729 ], [ 127.409227462944429, 36.378143585837442 ], [ 127.40900942240259, 36.377972853069743 ], [ 127.408549051954992, 36.377674785159684 ], [ 127.408420462430612, 36.377591865942151 ], [ 127.408003015345187, 36.377346026170081 ], [ 127.407559437061678, 36.377063388243016 ], [ 127.407081343614536, 36.376874083030309 ], [ 127.4064872100912, 36.376667704260647 ], [ 127.405683399003223, 36.376423453469556 ], [ 127.405087510560094, 36.376249173445565 ], [ 127.404337096980669, 36.376259591376915 ], [ 127.403927793711816, 36.376305749829541 ], [ 127.403520013496177, 36.376242914838798 ], [ 127.403153043988667, 36.376146487649343 ], [ 127.402907317111229, 36.376081918557944 ], [ 127.402564843534861, 36.37605406038135 ], [ 127.40230111958482, 36.376034109940477 ], [ 127.401633498693471, 36.375755581208715 ], [ 127.400963068584772, 36.375574204374459 ], [ 127.400858312231151, 36.375524342666139 ], [ 127.400170655001091, 36.375882895441322 ], [ 127.400045094445488, 36.375893298954026 ], [ 127.399798431832025, 36.375942973695423 ], [ 127.399483632459862, 36.376007492084447 ], [ 127.399325579824961, 36.376044876063474 ], [ 127.399110752475096, 36.376094073544664 ], [ 127.398917273328223, 36.376155816641038 ], [ 127.398684009617867, 36.376239409862364 ], [ 127.398416134089189, 36.376354026907599 ], [ 127.398123554268921, 36.376475844144288 ], [ 127.397917592358965, 36.376581513628395 ], [ 127.397588227096961, 36.376745446927472 ], [ 127.397335014329357, 36.376939405390885 ], [ 127.397322782131027, 36.377010457892581 ], [ 127.397244036950909, 36.37701909890545 ], [ 127.397198739165106, 36.377024034924773 ], [ 127.397183424313923, 36.377025716434233 ], [ 127.397110391227926, 36.377277517814832 ], [ 127.397080731359253, 36.377470258104047 ], [ 127.397003375992568, 36.377608067885397 ], [ 127.396905851678738, 36.377753037046858 ], [ 127.396885292244548, 36.377779761153811 ], [ 127.396616881154557, 36.377803241532028 ], [ 127.396367241490097, 36.377818899916115 ], [ 127.396042746121068, 36.377955813423647 ], [ 127.395830877265269, 36.378045223976258 ], [ 127.395767749480456, 36.378127780795161 ], [ 127.395689961820239, 36.378226966854044 ], [ 127.395509574883491, 36.378300763148857 ], [ 127.395424160427211, 36.378512016938771 ], [ 127.395379035732148, 36.378580050542318 ], [ 127.395194847884085, 36.378609801411798 ], [ 127.394996503101055, 36.37864119278693 ], [ 127.3949105824138, 36.378668141356322 ], [ 127.394808492393324, 36.378695170088541 ], [ 127.394660942835003, 36.378890198873329 ], [ 127.39466334047296, 36.379131901334418 ], [ 127.394520317332152, 36.379309811209957 ], [ 127.394370464968333, 36.379479470290562 ], [ 127.394239261882987, 36.379628071745785 ], [ 127.394118734537031, 36.379767778231781 ], [ 127.393982719901075, 36.379908122464698 ], [ 127.393767450132785, 36.379934098195918 ], [ 127.393566965509777, 36.379957239862129 ], [ 127.393395540297547, 36.38012813133777 ], [ 127.393257499751059, 36.380269588996597 ], [ 127.393169033981223, 36.38045384291231 ], [ 127.393091754524946, 36.380610988877216 ], [ 127.393013705448851, 36.380759315320745 ], [ 127.392750690059827, 36.380796583499368 ], [ 127.392529036287215, 36.380812520757942 ], [ 127.392324394378136, 36.380827239856416 ], [ 127.391961127214643, 36.380876640306525 ], [ 127.391734017181534, 36.380866811666493 ], [ 127.39143072579428, 36.380848553456389 ], [ 127.391367181831214, 36.380967551878001 ], [ 127.391235414412975, 36.381209998754265 ], [ 127.391087300703134, 36.381486859804014 ], [ 127.390844975967624, 36.381743029880631 ], [ 127.390614119602134, 36.381983807456997 ], [ 127.39044596302989, 36.382157459954136 ], [ 127.390067792165723, 36.382136296059507 ], [ 127.389724633168839, 36.382111638742821 ], [ 127.38957246330456, 36.381975011875326 ], [ 127.389420211219957, 36.381828454381363 ], [ 127.389117853168813, 36.381769905406252 ], [ 127.388952510730917, 36.381738765999955 ], [ 127.388760108768778, 36.381693980521391 ], [ 127.388596240553937, 36.381602673900034 ], [ 127.388499385012636, 36.381544673463694 ], [ 127.388350444231861, 36.381463221721177 ], [ 127.38821900643957, 36.381380569321529 ], [ 127.387969192850562, 36.381694874245355 ], [ 127.387803359457536, 36.381908815509867 ], [ 127.387587709498888, 36.382053482373728 ], [ 127.387354697001982, 36.382216454051459 ], [ 127.387282688320255, 36.382378571370253 ], [ 127.387207286928131, 36.382537402024049 ], [ 127.387002462800822, 36.382767021210377 ], [ 127.38685302840949, 36.382937832314859 ], [ 127.386770313231295, 36.383109942404595 ], [ 127.386682841372405, 36.383278219064259 ], [ 127.386547442675706, 36.3834368185139 ], [ 127.386343373327733, 36.383682457440266 ], [ 127.386253942060378, 36.383781188783871 ], [ 127.386260887308794, 36.384037285795145 ], [ 127.386330599326712, 36.384304084966644 ], [ 127.386385664155924, 36.384504524612908 ], [ 127.386413434031752, 36.384605591189029 ], [ 127.386444800404831, 36.384805385914206 ], [ 127.386089451836312, 36.384898577795084 ], [ 127.38568010777216, 36.385005927999657 ], [ 127.385584139770401, 36.385324479615711 ], [ 127.385512881499821, 36.385561757911788 ], [ 127.385497046821598, 36.385911433154689 ], [ 127.385487946970272, 36.386112178669961 ], [ 127.385805209560914, 36.386632345032069 ], [ 127.386058179307128, 36.387047102922764 ], [ 127.386543213633715, 36.387247040210809 ], [ 127.386663103120384, 36.387336824292547 ], [ 127.386927037264527, 36.3875347153962 ], [ 127.386950878939231, 36.387532836029834 ], [ 127.388207225007704, 36.387378732002148 ], [ 127.388381580069179, 36.387314729060364 ], [ 127.389283036552087, 36.386983328646927 ], [ 127.389816456137112, 36.38709469219291 ], [ 127.390346966162369, 36.386700529861216 ], [ 127.390358038994421, 36.386405252360589 ], [ 127.390448396737966, 36.386152902757836 ], [ 127.390843974408341, 36.385785183438138 ], [ 127.39175140997186, 36.385596871399009 ], [ 127.391776234337655, 36.38572915307261 ], [ 127.391905893950536, 36.385852918631947 ], [ 127.392117688963836, 36.385997818092953 ], [ 127.392189991097197, 36.385969420273575 ], [ 127.392233634642579, 36.38599124745366 ], [ 127.392960942787838, 36.386283997755243 ], [ 127.393051107837863, 36.386310448459177 ], [ 127.393149762428365, 36.386327310013975 ], [ 127.393185648148332, 36.386329157329151 ], [ 127.393238575045686, 36.386326451124738 ], [ 127.393304179463541, 36.386318071333449 ], [ 127.393370985052925, 36.386304614278295 ], [ 127.393424887354954, 36.386287540299335 ], [ 127.393495102793793, 36.386258580855632 ], [ 127.393564589666681, 36.38622428005241 ], [ 127.393775357531581, 36.386097424941902 ], [ 127.393828860683584, 36.386069655576925 ], [ 127.393879458557521, 36.386053719750393 ], [ 127.393959853562151, 36.38604331726615 ], [ 127.394013849289678, 36.386044825428307 ], [ 127.394074520980524, 36.386057304870384 ], [ 127.394810792276814, 36.38626270910197 ], [ 127.394962802918016, 36.386293469690735 ], [ 127.395075543513087, 36.386305489281909 ], [ 127.395180568016059, 36.386307954705082 ], [ 127.396472625116147, 36.386304572644441 ], [ 127.39682919436801, 36.386303636921163 ], [ 127.396920524997441, 36.386319951634945 ], [ 127.397117416749694, 36.386319417004799 ], [ 127.399662955856982, 36.386312536193174 ], [ 127.400309891677168, 36.386310658007098 ], [ 127.400587653970888, 36.386310009418366 ], [ 127.400632415192931, 36.386310139169566 ], [ 127.400677349643175, 36.386311683549778 ], [ 127.40073292831471, 36.386315435720554 ], [ 127.400810285999384, 36.386323630025373 ], [ 127.400865350046374, 36.3863313313012 ], [ 127.400908591420475, 36.386339350755705 ], [ 127.400952171426724, 36.386348496489738 ], [ 127.400995065745221, 36.386358490871842 ], [ 127.401037430116631, 36.386369613507746 ], [ 127.401089765383816, 36.386386334891952 ], [ 127.40112483548674, 36.386398329456441 ], [ 127.401155708716786, 36.386409491079071 ], [ 127.401205619392101, 36.386429320652645 ], [ 127.401295838324828, 36.386465624305934 ], [ 127.401326369688277, 36.386477354462727 ], [ 127.401357251512735, 36.386487947175333 ], [ 127.401461040756885, 36.386521113935807 ], [ 127.401502898745676, 36.38653336469725 ], [ 127.401567245728742, 36.386549487391655 ], [ 127.40162111714109, 36.386561410085129 ], [ 127.401686479763967, 36.386573302686884 ], [ 127.401747307628639, 36.38658351642551 ], [ 127.401862489039459, 36.386597494279172 ], [ 127.401918076961877, 36.386602940781522 ], [ 127.401962498433519, 36.386606450486418 ], [ 127.402007272201956, 36.386609121144353 ], [ 127.402051682054463, 36.386610377884523 ], [ 127.402107757770111, 36.386611036682112 ], [ 127.403865423345721, 36.386610481746217 ], [ 127.404370769140726, 36.386610428419118 ], [ 127.404437641122144, 36.38661040973642 ], [ 127.404837683302134, 36.386610303103978 ], [ 127.404876519742515, 36.386643677580466 ], [ 127.405194860716847, 36.386642602126066 ], [ 127.405222401230134, 36.386642544985897 ], [ 127.405202535993894, 36.387014629814104 ], [ 127.405197525982345, 36.387117072864726 ], [ 127.405195416117849, 36.387155280681341 ], [ 127.405193092284392, 36.38740863198052 ], [ 127.405189448244727, 36.387807589091821 ], [ 127.405186568056081, 36.388054543565012 ], [ 127.405186410733691, 36.388106172211018 ], [ 127.405204181497311, 36.38810921206624 ], [ 127.40543824354333, 36.388114098343571 ], [ 127.405772230437307, 36.388124295835425 ], [ 127.40610770145112, 36.388134541359435 ], [ 127.406441815655214, 36.388145637708547 ], [ 127.406502502827507, 36.388147451168294 ], [ 127.406773840761133, 36.388155524319494 ], [ 127.406851660621726, 36.388157927260444 ], [ 127.407105265635366, 36.388165771948145 ], [ 127.407438696439939, 36.388176084245053 ], [ 127.40772322438184, 36.388184885042989 ], [ 127.407918872992894, 36.388190933536052 ], [ 127.40811370881535, 36.388196956732145 ], [ 127.408439971688736, 36.388207047871028 ], [ 127.408778598666913, 36.388217509227374 ], [ 127.40911235326017, 36.388227833331811 ], [ 127.409332036601484, 36.38823461751241 ], [ 127.409445450120529, 36.388238123541996 ], [ 127.409763109047503, 36.388247942093273 ], [ 127.409788490696343, 36.388248522328972 ], [ 127.409793484947016, 36.388201924315368 ], [ 127.410206061794199, 36.388192916646972 ], [ 127.410329739156097, 36.388189645671567 ], [ 127.410803764272458, 36.388177091117242 ], [ 127.411548402673233, 36.388157378628065 ], [ 127.411549769684754, 36.38815738055871 ] ], [ [ 127.39506236146687, 36.386144729443934 ], [ 127.395037082543169, 36.386104540182281 ], [ 127.394987350595358, 36.38611766269635 ], [ 127.394735813612314, 36.38600077218446 ], [ 127.394350023973203, 36.385924586582171 ], [ 127.394213736056088, 36.385830989207776 ], [ 127.393982051507649, 36.385820819050686 ], [ 127.393839125706137, 36.385814512172082 ], [ 127.393683044146229, 36.385956083742656 ], [ 127.393584007384931, 36.386000620040264 ], [ 127.393597246139763, 36.386035775415223 ], [ 127.392995767749383, 36.38617855495886 ], [ 127.392515611148752, 36.385962163809864 ], [ 127.392295855835258, 36.385932748201412 ], [ 127.392238854143898, 36.385885055670876 ], [ 127.392137607742214, 36.385768803684613 ], [ 127.39210735837284, 36.385534600118056 ], [ 127.392461903204179, 36.385455011719692 ], [ 127.392607688386278, 36.385562736801823 ], [ 127.392974777351654, 36.385699935576255 ], [ 127.393257863475071, 36.385759060431546 ], [ 127.393998181406928, 36.385619518434531 ], [ 127.394154290464442, 36.385590095832136 ], [ 127.394273354548304, 36.385649713601687 ], [ 127.394473505051039, 36.38574993126619 ], [ 127.39448842531705, 36.385755965043444 ], [ 127.39501572046909, 36.385917222102137 ], [ 127.395311554997122, 36.386072662034245 ], [ 127.395239633457436, 36.386108098518584 ], [ 127.39506236146687, 36.386144729443934 ] ] ] ] } },
{ "type": "Feature", "properties": { "EMD_CD": "30200143", "EMD_ENG_NM": "Tamnip-dong", "EMD_KOR_NM": "탑립동" }, "geometry": { "type": "MultiPolygon", "coordinates": [ [ [ [ 127.417408113553705, 36.407605196949866 ], [ 127.417358205195569, 36.407649613364811 ], [ 127.417308106990376, 36.407694205422359 ], [ 127.417298389674471, 36.407703250798995 ], [ 127.417288671231333, 36.407712305189285 ], [ 127.417269235472034, 36.407730396839241 ], [ 127.417271831175483, 36.407732090834251 ], [ 127.416932136391765, 36.408012406716118 ], [ 127.416690237886286, 36.408272493224374 ], [ 127.416581531104242, 36.408354561262612 ], [ 127.416496241419296, 36.408418948005526 ], [ 127.416487369657688, 36.408425638228735 ], [ 127.41641094043068, 36.408483343693945 ], [ 127.416380161101884, 36.408643000979076 ], [ 127.41634381600413, 36.408831486892453 ], [ 127.41634093623405, 36.40893577968923 ], [ 127.416340403192734, 36.408955128763644 ], [ 127.416320648009332, 36.408980295204096 ], [ 127.416245892894622, 36.409084341093099 ], [ 127.416237702955357, 36.409095715211471 ], [ 127.416154359469033, 36.409153011686591 ], [ 127.416096195866231, 36.409217971048079 ], [ 127.416024242511966, 36.409448773355088 ], [ 127.415975394876114, 36.409544276709859 ], [ 127.415955095364325, 36.40964556484704 ], [ 127.41591891419651, 36.409766589528473 ], [ 127.415881258414942, 36.409840877132986 ], [ 127.415854283918733, 36.409850261613798 ], [ 127.415853595841654, 36.409957924954178 ], [ 127.415826180909974, 36.410021011208904 ], [ 127.415923711052926, 36.410413694740839 ], [ 127.415887111497057, 36.410428727604184 ], [ 127.415776901579804, 36.410516116409099 ], [ 127.415661216999169, 36.41060785915289 ], [ 127.415442917337501, 36.410627828652871 ], [ 127.415393897637045, 36.410632315382415 ], [ 127.415363673922769, 36.410630491442831 ], [ 127.415245792530854, 36.410623375384446 ], [ 127.41517338926117, 36.410658518651566 ], [ 127.415152060293011, 36.410668875290618 ], [ 127.415021083730622, 36.41068986633119 ], [ 127.414959125921797, 36.410735670359749 ], [ 127.414895727758875, 36.410759698758895 ], [ 127.414835536543563, 36.410652812577752 ], [ 127.414631745977175, 36.410366183986177 ], [ 127.414602421685558, 36.410329995243607 ], [ 127.41331022193674, 36.410958005851292 ], [ 127.412906435041407, 36.411151227682112 ], [ 127.412618293883313, 36.411289277028729 ], [ 127.411990451664536, 36.411590324390744 ], [ 127.41193750057802, 36.411608483800102 ], [ 127.41147711237582, 36.411828956517382 ], [ 127.411468002714557, 36.41181588564416 ], [ 127.41139212972368, 36.411700662142671 ], [ 127.411303209014193, 36.4115656312363 ], [ 127.4111876762516, 36.41139017556646 ], [ 127.411181416755056, 36.411380663344055 ], [ 127.411159454956604, 36.411391723782927 ], [ 127.411157242046457, 36.411371536047845 ], [ 127.411171978865667, 36.41133711522189 ], [ 127.411186715682248, 36.411302685378637 ], [ 127.411242488871338, 36.411225436128575 ], [ 127.411314130220447, 36.411174059097647 ], [ 127.411502915457703, 36.41111674544014 ], [ 127.411664071738912, 36.411008450163138 ], [ 127.411807818708809, 36.410816216759649 ], [ 127.411854631646804, 36.410625136546962 ], [ 127.411872236831798, 36.410476943421777 ], [ 127.411876834950434, 36.410448171970401 ], [ 127.411875136123768, 36.410411410078623 ], [ 127.411875035819406, 36.410409401403804 ], [ 127.411877425775188, 36.410323142500069 ], [ 127.411846491414181, 36.410319707913644 ], [ 127.411832268227244, 36.410318133992277 ], [ 127.411815301675276, 36.410316246081663 ], [ 127.411778648858316, 36.410289643379109 ], [ 127.411800990692996, 36.41019406235565 ], [ 127.411731556613361, 36.409954601886149 ], [ 127.41164613041056, 36.409960130726816 ], [ 127.411031729981232, 36.409999889480893 ], [ 127.410922291028712, 36.409997354398655 ], [ 127.410474651888251, 36.40996656329785 ], [ 127.409958319150618, 36.409924047645156 ], [ 127.409744398678498, 36.410614796696159 ], [ 127.409209791831998, 36.410950366378877 ], [ 127.409039085513371, 36.410594955691103 ], [ 127.408905037349641, 36.410342007229055 ], [ 127.408700511752073, 36.409940274646495 ], [ 127.408067189623097, 36.409937088112059 ], [ 127.407956204068157, 36.409793893033687 ], [ 127.407866065415121, 36.409654475357513 ], [ 127.407728835766775, 36.409626528592817 ], [ 127.407188548973323, 36.409513458491084 ], [ 127.406679712861603, 36.409331241334236 ], [ 127.406468961505183, 36.409235181248953 ], [ 127.405681627151779, 36.409283870282742 ], [ 127.405346234130619, 36.409230737106228 ], [ 127.40509158001241, 36.408813352506989 ], [ 127.404877998213919, 36.408762167092718 ], [ 127.404633354283703, 36.40850774853466 ], [ 127.404298788747468, 36.408160597477675 ], [ 127.404070705635391, 36.40785225110524 ], [ 127.403314775960339, 36.407878921374284 ], [ 127.40267830565125, 36.408142595086645 ], [ 127.402288864737841, 36.408229386749348 ], [ 127.401901231814776, 36.408164235441809 ], [ 127.401827227825436, 36.408159987029649 ], [ 127.401690015847009, 36.408136800607267 ], [ 127.401498042951005, 36.408111526240518 ], [ 127.401457391558921, 36.408113004963404 ], [ 127.401451406555651, 36.408113223529412 ], [ 127.401417866662015, 36.408114453062851 ], [ 127.400695042881424, 36.408140824354057 ], [ 127.40059089099752, 36.408053038664711 ], [ 127.40054300188811, 36.408012673840418 ], [ 127.400191913804719, 36.407938509163543 ], [ 127.399878730463712, 36.407910158808093 ], [ 127.399039571409531, 36.407841862689949 ], [ 127.399029109062923, 36.407867129803414 ], [ 127.39897966149239, 36.407986544994536 ], [ 127.398219530970195, 36.408115081603 ], [ 127.398049098163867, 36.408370738536696 ], [ 127.397489087112476, 36.408278984451051 ], [ 127.397014948209232, 36.408128819082485 ], [ 127.396573123396365, 36.408245998920471 ], [ 127.396545829663964, 36.408254262671946 ], [ 127.396342078614836, 36.408311529620939 ], [ 127.396312268015279, 36.408313682362902 ], [ 127.396138247467292, 36.408326288297694 ], [ 127.396081972781133, 36.408329312852722 ], [ 127.396007887808324, 36.408333116799994 ], [ 127.395921958085353, 36.408360138050853 ], [ 127.395865493288127, 36.408391532457777 ], [ 127.395682371754006, 36.408434446195926 ], [ 127.395660540425638, 36.40843382463553 ], [ 127.395654792391014, 36.40843033784909 ], [ 127.395425951575362, 36.408502202848666 ], [ 127.395330239356127, 36.408521641265828 ], [ 127.395224035585855, 36.408572042197477 ], [ 127.395123571449389, 36.408619711112692 ], [ 127.395100606451834, 36.408586705627592 ], [ 127.395081222156705, 36.40859175223158 ], [ 127.395037876371063, 36.408470167171117 ], [ 127.394409850234524, 36.408812296551467 ], [ 127.39428575004294, 36.408879895237483 ], [ 127.394135058492409, 36.408847606067674 ], [ 127.393881499683118, 36.40879327101883 ], [ 127.393702126626252, 36.408754839507424 ], [ 127.393612778389922, 36.408867335992213 ], [ 127.3935072782199, 36.408998125994508 ], [ 127.393495932721549, 36.409012184950072 ], [ 127.393455278630853, 36.409090899176284 ], [ 127.39290548442753, 36.410155611047671 ], [ 127.393557236741842, 36.410340707130864 ], [ 127.393638035651122, 36.410363664445676 ], [ 127.393822685413625, 36.410880855095371 ], [ 127.393840846667729, 36.410931711198685 ], [ 127.393846749096284, 36.410943821302524 ], [ 127.394143821289219, 36.410981026872911 ], [ 127.394196589220016, 36.410987639195653 ], [ 127.394251330984275, 36.410994496679194 ], [ 127.394319014049273, 36.411003024557417 ], [ 127.394434512632301, 36.411017594917332 ], [ 127.394450703656588, 36.41102036268763 ], [ 127.394462074170505, 36.411022307551008 ], [ 127.394478175981547, 36.411025066222372 ], [ 127.394516951892271, 36.411031724465794 ], [ 127.394530822421501, 36.411034102490895 ], [ 127.394536558071536, 36.411032894173616 ], [ 127.394631490303937, 36.411012855289442 ], [ 127.394633048893056, 36.411012525823949 ], [ 127.394690232104679, 36.411008047704634 ], [ 127.395351190964675, 36.410958432728201 ], [ 127.39562665505872, 36.41091601700581 ], [ 127.395655361418122, 36.410963990085627 ], [ 127.395690388940892, 36.41106509295679 ], [ 127.395748938734073, 36.411234064556361 ], [ 127.395785459725602, 36.411339451865338 ], [ 127.395795936526753, 36.411369687485696 ], [ 127.395837462871768, 36.411463892175277 ], [ 127.395847106668612, 36.411485795154704 ], [ 127.395878979277413, 36.411558097741718 ], [ 127.39593723139815, 36.411661583962648 ], [ 127.395951218216368, 36.411673757000074 ], [ 127.396033011769561, 36.411743011412099 ], [ 127.396271295421272, 36.411944786434503 ], [ 127.396480914331704, 36.412150746802624 ], [ 127.39657223433565, 36.412247166767685 ], [ 127.397141714339455, 36.412848526014578 ], [ 127.397480657266811, 36.412821493717544 ], [ 127.397657092069153, 36.412939870559413 ], [ 127.397803049375185, 36.412999800040524 ], [ 127.397922678063793, 36.413093655254215 ], [ 127.398270931821557, 36.413347400728917 ], [ 127.398292716601716, 36.413401983469072 ], [ 127.398458543730683, 36.413615502334615 ], [ 127.399005250542615, 36.413438309114717 ], [ 127.399186278946431, 36.412880294832107 ], [ 127.399515706779937, 36.412834797089118 ], [ 127.399670970718176, 36.412795692461522 ], [ 127.399873191395628, 36.412744759911163 ], [ 127.400210127970993, 36.412953678000044 ], [ 127.400689961560929, 36.414214318868417 ], [ 127.401172425935926, 36.414205143667218 ], [ 127.40127702020952, 36.41438178165167 ], [ 127.401706003148306, 36.415111634187987 ], [ 127.401884486259874, 36.415411752998104 ], [ 127.402711788576084, 36.416821991376409 ], [ 127.405050395348908, 36.420216792070015 ], [ 127.405077358187512, 36.420255991380422 ], [ 127.405100770764179, 36.42027690941449 ], [ 127.405340238945797, 36.420506255488633 ], [ 127.405326600078766, 36.42056406556766 ], [ 127.405691025542708, 36.420915005386483 ], [ 127.405879739678582, 36.421096670392515 ], [ 127.407009575718632, 36.422184590339484 ], [ 127.407237078512409, 36.422405321637136 ], [ 127.408282795399799, 36.423413582692902 ], [ 127.408355940981906, 36.423412973531995 ], [ 127.408567642653466, 36.423617174915996 ], [ 127.408609669841624, 36.423657673406233 ], [ 127.408348508576751, 36.423826539072124 ], [ 127.408062837209499, 36.424021171272557 ], [ 127.407877409937157, 36.42415147835186 ], [ 127.407467998581652, 36.424438718440612 ], [ 127.406975335116996, 36.424778055210048 ], [ 127.40696477282674, 36.424762681281891 ], [ 127.406955442566783, 36.424791099837357 ], [ 127.406898468423407, 36.424835269948517 ], [ 127.406901054814497, 36.424839406384308 ], [ 127.406613205846085, 36.425045486309045 ], [ 127.406384974166031, 36.42518620118102 ], [ 127.406352723205302, 36.425252419442266 ], [ 127.406228995191114, 36.425506487334253 ], [ 127.40626171479505, 36.42561211789053 ], [ 127.406416391713947, 36.425773432625235 ], [ 127.406395245069433, 36.425933666988762 ], [ 127.406189758280178, 36.426132419816945 ], [ 127.406055875878664, 36.426456433091076 ], [ 127.405840769799042, 36.426671331106711 ], [ 127.405824599152751, 36.426716271712017 ], [ 127.405775538607415, 36.426852612139754 ], [ 127.405784637161574, 36.427041742786159 ], [ 127.405786439527915, 36.427042980218992 ], [ 127.406362919702332, 36.427441690509511 ], [ 127.406372700679881, 36.427459425852554 ], [ 127.4065027279037, 36.427695180294741 ], [ 127.406631880580449, 36.427601337027831 ], [ 127.406788109956494, 36.427487603152187 ], [ 127.407281670801851, 36.427141513818519 ], [ 127.4075429208267, 36.426719335233926 ], [ 127.408251446406439, 36.42663441439062 ], [ 127.409335802541804, 36.425917395540118 ], [ 127.409978916480824, 36.425653294741366 ], [ 127.410068032643821, 36.425627570408743 ], [ 127.410574248789416, 36.425481442160908 ], [ 127.411022948088089, 36.425291508251476 ], [ 127.411851801582273, 36.425031554177657 ], [ 127.412137834711118, 36.424855971422531 ], [ 127.412696860171181, 36.424707321437815 ], [ 127.412922161791272, 36.42461192362429 ], [ 127.413019082375371, 36.424488807660531 ], [ 127.413131067093701, 36.42434677797597 ], [ 127.413247713737178, 36.423869042206114 ], [ 127.413257265390769, 36.423830151216059 ], [ 127.413381745318688, 36.423647228374605 ], [ 127.413391182174834, 36.423632855129824 ], [ 127.413428071363711, 36.423576670522586 ], [ 127.413539032250583, 36.423407888759584 ], [ 127.414696756578522, 36.422316299670065 ], [ 127.414897292631494, 36.422088063952856 ], [ 127.415195267207864, 36.421724091839138 ], [ 127.415234850611995, 36.421675741944256 ], [ 127.415467730512418, 36.421369667559937 ], [ 127.415559241626909, 36.421245720670861 ], [ 127.415672360008713, 36.421089878885347 ], [ 127.415837533459722, 36.420895278137337 ], [ 127.415881479448686, 36.420837109042537 ], [ 127.416010358676488, 36.420665730533678 ], [ 127.41616990150699, 36.420459036741001 ], [ 127.416382109434878, 36.420198369943812 ], [ 127.416711511584822, 36.419796489180115 ], [ 127.416928004314059, 36.419553829669866 ], [ 127.417023769685755, 36.419446493415613 ], [ 127.417236256543333, 36.419172306889394 ], [ 127.417377385346768, 36.418981504935381 ], [ 127.417537399970058, 36.418765169582244 ], [ 127.417745852528341, 36.418389615453627 ], [ 127.417931694483499, 36.4180876474001 ], [ 127.418158198293213, 36.41770020681021 ], [ 127.418287130365698, 36.417473899484058 ], [ 127.418515494903559, 36.41704308801053 ], [ 127.418682376108961, 36.416616140664487 ], [ 127.418916453345446, 36.416312029036355 ], [ 127.419022085108779, 36.416159868705201 ], [ 127.419103070784004, 36.416056800051088 ], [ 127.419279156312982, 36.415895842299705 ], [ 127.419314913043479, 36.415863156872931 ], [ 127.419608899160437, 36.415489553122327 ], [ 127.419723944940898, 36.415305260131412 ], [ 127.41987620368252, 36.414818940046572 ], [ 127.420252540830802, 36.413690894413755 ], [ 127.420259890099345, 36.413480891772494 ], [ 127.420265079252161, 36.413332640344869 ], [ 127.420259250260969, 36.412734796060128 ], [ 127.420235162524392, 36.412627868662717 ], [ 127.419976454576428, 36.412007823216058 ], [ 127.419876568812086, 36.411779300289766 ], [ 127.419831307796883, 36.411675750766044 ], [ 127.419630364325997, 36.411302473524408 ], [ 127.419052916509628, 36.410398541959843 ], [ 127.418879882384246, 36.410062059487451 ], [ 127.418874862675722, 36.410053250811792 ], [ 127.418680994190794, 36.409712996060165 ], [ 127.418611999296303, 36.409580316604028 ], [ 127.418476940629986, 36.409373233342649 ], [ 127.418364261190746, 36.409183256629468 ], [ 127.417897874953184, 36.408413424509952 ], [ 127.417607856006057, 36.407934699192985 ], [ 127.417413054463481, 36.407613346619414 ], [ 127.417408698048007, 36.407606159289855 ], [ 127.417408113553705, 36.407605196949866 ] ] ] ] } },
{ "type": "Feature", "properties": { "EMD_CD": "30200144", "EMD_ENG_NM": "Yongsan-dong", "EMD_KOR_NM": "용산동" }, "geometry": { "type": "MultiPolygon", "coordinates": [ [ [ [ 127.4065027279037, 36.427695180294741 ], [ 127.406362919702332, 36.427441690509511 ], [ 127.405786439527915, 36.427042980218992 ], [ 127.405784637161574, 36.427041742786159 ], [ 127.405775538607415, 36.426852612139754 ], [ 127.405824599152751, 36.426716271712017 ], [ 127.405840769799042, 36.426671331106711 ], [ 127.406055875878664, 36.426456433091076 ], [ 127.406189758280178, 36.426132419816945 ], [ 127.406395245069433, 36.425933666988762 ], [ 127.406416391713947, 36.425773432625235 ], [ 127.40626171479505, 36.42561211789053 ], [ 127.406228995191114, 36.425506487334253 ], [ 127.406352723205302, 36.425252419442266 ], [ 127.406384974166031, 36.42518620118102 ], [ 127.406613205846085, 36.425045486309045 ], [ 127.406901054814497, 36.424839406384308 ], [ 127.406898468423407, 36.424835269948517 ], [ 127.406955442566783, 36.424791099837357 ], [ 127.40696477282674, 36.424762681281891 ], [ 127.406975335116996, 36.424778055210048 ], [ 127.407467998581652, 36.424438718440612 ], [ 127.407877409937157, 36.42415147835186 ], [ 127.408062837209499, 36.424021171272557 ], [ 127.408348508576751, 36.423826539072124 ], [ 127.408609669841624, 36.423657673406233 ], [ 127.408567642653466, 36.423617174915996 ], [ 127.408355940981906, 36.423412973531995 ], [ 127.408282795399799, 36.423413582692902 ], [ 127.407237078512409, 36.422405321637136 ], [ 127.407009575718632, 36.422184590339484 ], [ 127.405879739678582, 36.421096670392515 ], [ 127.405691025542708, 36.420915005386483 ], [ 127.405326600078766, 36.42056406556766 ], [ 127.405340238945797, 36.420506255488633 ], [ 127.405100770764179, 36.42027690941449 ], [ 127.405077358187512, 36.420255991380422 ], [ 127.405050395348908, 36.420216792070015 ], [ 127.402711788576084, 36.416821991376409 ], [ 127.401884486259874, 36.415411752998104 ], [ 127.401706003148306, 36.415111634187987 ], [ 127.40127702020952, 36.41438178165167 ], [ 127.401172425935926, 36.414205143667218 ], [ 127.400689961560929, 36.414214318868417 ], [ 127.400210127970993, 36.412953678000044 ], [ 127.399873191395628, 36.412744759911163 ], [ 127.399670970718176, 36.412795692461522 ], [ 127.399515706779937, 36.412834797089118 ], [ 127.399186278946431, 36.412880294832107 ], [ 127.399005250542615, 36.413438309114717 ], [ 127.398458543730683, 36.413615502334615 ], [ 127.398292716601716, 36.413401983469072 ], [ 127.398270931821557, 36.413347400728917 ], [ 127.397922678063793, 36.413093655254215 ], [ 127.397803049375185, 36.412999800040524 ], [ 127.397657092069153, 36.412939870559413 ], [ 127.397480657266811, 36.412821493717544 ], [ 127.397141714339455, 36.412848526014578 ], [ 127.39657223433565, 36.412247166767685 ], [ 127.396480914331704, 36.412150746802624 ], [ 127.396271295421272, 36.411944786434503 ], [ 127.396033011769561, 36.411743011412099 ], [ 127.395951218216368, 36.411673757000074 ], [ 127.39593723139815, 36.411661583962648 ], [ 127.395878979277413, 36.411558097741718 ], [ 127.395847106668612, 36.411485795154704 ], [ 127.395837462871768, 36.411463892175277 ], [ 127.395795936526753, 36.411369687485696 ], [ 127.395785459725602, 36.411339451865338 ], [ 127.395748938734073, 36.411234064556361 ], [ 127.395690388940892, 36.41106509295679 ], [ 127.395655361418122, 36.410963990085627 ], [ 127.39562665505872, 36.41091601700581 ], [ 127.395351190964675, 36.410958432728201 ], [ 127.394690232104679, 36.411008047704634 ], [ 127.394633048893056, 36.411012525823949 ], [ 127.394631490303937, 36.411012855289442 ], [ 127.394536558071536, 36.411032894173616 ], [ 127.394530822421501, 36.411034102490895 ], [ 127.394516951892271, 36.411031724465794 ], [ 127.394478175981547, 36.411025066222372 ], [ 127.394462074170505, 36.411022307551008 ], [ 127.394450703656588, 36.41102036268763 ], [ 127.394434512632301, 36.411017594917332 ], [ 127.394319014049273, 36.411003024557417 ], [ 127.394251330984275, 36.410994496679194 ], [ 127.394196589220016, 36.410987639195653 ], [ 127.394143821289219, 36.410981026872911 ], [ 127.393846749096284, 36.410943821302524 ], [ 127.393840846667729, 36.410931711198685 ], [ 127.393822685413625, 36.410880855095371 ], [ 127.393638035651122, 36.410363664445676 ], [ 127.393557236741842, 36.410340707130864 ], [ 127.392816513677062, 36.41056850732452 ], [ 127.392546766275444, 36.410822013105111 ], [ 127.391889570556813, 36.41099986163519 ], [ 127.391834163807843, 36.411013956617658 ], [ 127.391770963561598, 36.411030033180765 ], [ 127.391700546649687, 36.411047943992216 ], [ 127.391336844449611, 36.411154666182497 ], [ 127.39131168516667, 36.411162048107478 ], [ 127.391228335252535, 36.411186498095113 ], [ 127.391272503163279, 36.411082964393891 ], [ 127.391105794383634, 36.411128007522372 ], [ 127.390375968817082, 36.411321675360043 ], [ 127.390131226977275, 36.411379911355183 ], [ 127.39006407787943, 36.411395891376181 ], [ 127.389763968485056, 36.411467302133588 ], [ 127.389295150782615, 36.41162365327434 ], [ 127.389342934005512, 36.41168163197856 ], [ 127.389241293441117, 36.411702896342007 ], [ 127.389019707716926, 36.411752611663452 ], [ 127.388633730557615, 36.411833813994775 ], [ 127.388526089550439, 36.411859305642096 ], [ 127.388429092400514, 36.411879363857821 ], [ 127.388390165893796, 36.411887411883242 ], [ 127.388218825554816, 36.411922849849248 ], [ 127.388120476975359, 36.411942534202304 ], [ 127.38808446540034, 36.411949428237655 ], [ 127.388038931591666, 36.411958136101966 ], [ 127.387693229653905, 36.412022948747982 ], [ 127.387680864945466, 36.412025124067192 ], [ 127.387603246071762, 36.412038775804916 ], [ 127.387533402825582, 36.4122743480821 ], [ 127.387539367768056, 36.412398094435353 ], [ 127.387511380592528, 36.412402203928778 ], [ 127.387523980522758, 36.412445211497563 ], [ 127.387534705664436, 36.412483548276406 ], [ 127.387553083267491, 36.41287178873803 ], [ 127.387553158390517, 36.412936447101693 ], [ 127.387527263048526, 36.413090521004492 ], [ 127.387521825326004, 36.413118195344467 ], [ 127.387451670194864, 36.413394618042425 ], [ 127.387426582649667, 36.41354750807843 ], [ 127.38728219893558, 36.413721087683932 ], [ 127.387055387346933, 36.414149536745988 ], [ 127.387434363228067, 36.41488151383485 ], [ 127.387444531910219, 36.414910804173672 ], [ 127.387739059099061, 36.415251337680807 ], [ 127.388071931776238, 36.415542307672226 ], [ 127.388397160629296, 36.415734877067592 ], [ 127.388647804938529, 36.415836030830981 ], [ 127.388886182734282, 36.415932421466977 ], [ 127.38901114344965, 36.415969873161963 ], [ 127.389505549065959, 36.416119446350599 ], [ 127.389686532699699, 36.41617141391756 ], [ 127.389909709322126, 36.416235255853429 ], [ 127.390007632186197, 36.416263278338107 ], [ 127.390025732063862, 36.416282054158891 ], [ 127.390376606189093, 36.416775044533438 ], [ 127.390651773785081, 36.417184588804759 ], [ 127.390920046919604, 36.417600052655764 ], [ 127.390556093508636, 36.417713718338895 ], [ 127.390457460764253, 36.417744950152596 ], [ 127.390076401008116, 36.417865413990512 ], [ 127.391396628570192, 36.418818139661354 ], [ 127.391609245473418, 36.418971273668767 ], [ 127.391881793772527, 36.419157642915721 ], [ 127.392121514946155, 36.419312399278851 ], [ 127.392399799360987, 36.419485862759778 ], [ 127.392923120838304, 36.419783873294179 ], [ 127.393531037963896, 36.420118461641756 ], [ 127.394092922257798, 36.420433552404596 ], [ 127.394512403575263, 36.420722796160021 ], [ 127.394824456258789, 36.421023565878983 ], [ 127.395102374114003, 36.421409246861245 ], [ 127.395248237903587, 36.421721647494692 ], [ 127.395316554599745, 36.421957526181906 ], [ 127.395396769366329, 36.422363413046831 ], [ 127.395510829576438, 36.42313388625724 ], [ 127.395597559483136, 36.423482708633344 ], [ 127.395731453809148, 36.42383056389864 ], [ 127.395844288886167, 36.424092968382858 ], [ 127.395981968356367, 36.424373043828751 ], [ 127.396383954576933, 36.424879427071389 ], [ 127.396553486155156, 36.425084961241211 ], [ 127.400211969790519, 36.429332566800277 ], [ 127.400047091639436, 36.429600327885957 ], [ 127.400646041546892, 36.429907171732253 ], [ 127.401465699688544, 36.430325079520955 ], [ 127.401706249741522, 36.430518908011464 ], [ 127.401742767347798, 36.430491107613086 ], [ 127.402979556699592, 36.429576788471778 ], [ 127.404874977914943, 36.428669244004432 ], [ 127.406069989527552, 36.428009609320313 ], [ 127.4065027279037, 36.427695180294741 ] ] ] ] } },
{ "type": "Feature", "properties": { "EMD_CD": "30200145", "EMD_ENG_NM": "Bongsan-dong", "EMD_KOR_NM": "봉산동" }, "geometry": { "type": "MultiPolygon", "coordinates": [ [ [ [ 127.399574928114916, 36.455897382805624 ], [ 127.399720056505757, 36.455748488031759 ], [ 127.399909600121234, 36.455627055825417 ], [ 127.400226086373607, 36.455280452524519 ], [ 127.400687142154396, 36.455012233403984 ], [ 127.40082597949862, 36.454894897593007 ], [ 127.400795686078268, 36.454867405651669 ], [ 127.400543355876437, 36.454640987880076 ], [ 127.400466837775966, 36.454572521784854 ], [ 127.400453692027483, 36.454558480712024 ], [ 127.400399180508202, 36.454500385373166 ], [ 127.400338143133567, 36.454457505241507 ], [ 127.400262907946953, 36.454404237165356 ], [ 127.39997094064536, 36.454196252969318 ], [ 127.399857767865242, 36.454114697937577 ], [ 127.399773112611612, 36.454041917960289 ], [ 127.399460015372782, 36.453772739680545 ], [ 127.399375810189809, 36.4537014869031 ], [ 127.399345529251235, 36.453676247425072 ], [ 127.399158783033414, 36.453492692153354 ], [ 127.398600870433981, 36.452773627423916 ], [ 127.398574590328508, 36.45274752735164 ], [ 127.398085473768703, 36.452261683852647 ], [ 127.397961330615246, 36.45214747862061 ], [ 127.396939819274976, 36.451125805647479 ], [ 127.396790361179967, 36.451108845333515 ], [ 127.396198467140252, 36.451072504899102 ], [ 127.395831622769421, 36.451043591762776 ], [ 127.39574390047467, 36.451036555141009 ], [ 127.395242155729093, 36.450939922437556 ], [ 127.395021614969323, 36.450893050782135 ], [ 127.394623288692358, 36.45080791564363 ], [ 127.39425013977052, 36.450671997465811 ], [ 127.394052305737333, 36.450599708877952 ], [ 127.393745016932343, 36.450461887355431 ], [ 127.393533111836746, 36.450361771470881 ], [ 127.3926777612553, 36.449680268784256 ], [ 127.392197719641558, 36.449251251817223 ], [ 127.3919625590827, 36.448965625692345 ], [ 127.391881668149352, 36.448856625403387 ], [ 127.391773938631616, 36.448713919550748 ], [ 127.391665057377679, 36.448341134852299 ], [ 127.39119338551447, 36.447247782930873 ], [ 127.390978926003555, 36.446951093091123 ], [ 127.390732009009199, 36.446714507499642 ], [ 127.390641112467293, 36.446626932332343 ], [ 127.3906146852256, 36.446601687043412 ], [ 127.390604653028362, 36.446585102467537 ], [ 127.390557388243877, 36.446508099727701 ], [ 127.390517180435694, 36.446450484824688 ], [ 127.390501232483601, 36.446430828559734 ], [ 127.39036804743445, 36.446284266268705 ], [ 127.390249646922001, 36.44616778125345 ], [ 127.390147891530532, 36.446067570836838 ], [ 127.389990593335298, 36.445838297601895 ], [ 127.389831019206511, 36.445606490297664 ], [ 127.389635493346518, 36.445364950051285 ], [ 127.389518928959532, 36.445159748712278 ], [ 127.389508502160126, 36.445128791914499 ], [ 127.389504606489609, 36.445116990446593 ], [ 127.38948846002647, 36.445061838227012 ], [ 127.389444838304811, 36.444911883769208 ], [ 127.389433590297273, 36.444823499081068 ], [ 127.38940657284968, 36.444643635407644 ], [ 127.389355645574085, 36.444426397439351 ], [ 127.389301314523834, 36.444121307962142 ], [ 127.389320521586086, 36.443881592609266 ], [ 127.389314893080041, 36.443873446436541 ], [ 127.38932115704165, 36.443870326116695 ], [ 127.389347003283859, 36.443532588651344 ], [ 127.389340594937735, 36.443396877607732 ], [ 127.389336843746392, 36.44331099176344 ], [ 127.389333735563724, 36.442964345799446 ], [ 127.389333070841758, 36.442761299847724 ], [ 127.389394984461802, 36.442353614672498 ], [ 127.389441735962734, 36.442045934771613 ], [ 127.389489656353419, 36.441870062916692 ], [ 127.38946339416205, 36.441846204588884 ], [ 127.389725917979888, 36.441511923967283 ], [ 127.389774925503559, 36.441446998605826 ], [ 127.389869293425718, 36.441323909333875 ], [ 127.38996587501741, 36.441121394023533 ], [ 127.389956491684714, 36.441096084087178 ], [ 127.390033004985341, 36.440953335511402 ], [ 127.390161446904301, 36.440745660861168 ], [ 127.390191132795593, 36.440653195855248 ], [ 127.390260663867707, 36.4404457038668 ], [ 127.390305039709503, 36.4403267150646 ], [ 127.390349033169898, 36.440200410112553 ], [ 127.390405198506699, 36.440039145743164 ], [ 127.390446785727349, 36.439920174977011 ], [ 127.390450394628118, 36.43991029557418 ], [ 127.390493880396065, 36.43978962443294 ], [ 127.390562275898432, 36.439667754666281 ], [ 127.390590148053064, 36.43966343741436 ], [ 127.390664833910066, 36.439651082459193 ], [ 127.390732113209637, 36.439582708784727 ], [ 127.390700557519537, 36.439546206751402 ], [ 127.390821288726784, 36.439432321656334 ], [ 127.390847238237626, 36.439393667601792 ], [ 127.390873512357672, 36.439353020930341 ], [ 127.390881459603222, 36.439340892500034 ], [ 127.3909523680435, 36.439228854918923 ], [ 127.391034176642563, 36.439144384104459 ], [ 127.391163191066738, 36.439014422062726 ], [ 127.391186576384086, 36.438915795428777 ], [ 127.391192198979155, 36.438891563042432 ], [ 127.391218158522733, 36.438783610055481 ], [ 127.391410996777452, 36.438666388977133 ], [ 127.391546967173085, 36.438605116863755 ], [ 127.391795590399937, 36.438492218670049 ], [ 127.39225392164856, 36.438286274388389 ], [ 127.392431255904029, 36.438204869246334 ], [ 127.392721896999234, 36.438093534711363 ], [ 127.393047315903331, 36.437934207048201 ], [ 127.393121018336728, 36.43791004346599 ], [ 127.393400477385526, 36.437818421360184 ], [ 127.393438243154364, 36.437805618132764 ], [ 127.393607719270719, 36.43772114607853 ], [ 127.393860634840763, 36.437593603739323 ], [ 127.393857860869716, 36.437465355938819 ], [ 127.393857437052489, 36.437445761735624 ], [ 127.393747182381503, 36.43736616453586 ], [ 127.393707245653772, 36.43729988060953 ], [ 127.393637985929246, 36.437248580068541 ], [ 127.393600607875811, 36.437220893186414 ], [ 127.393574359742161, 36.437206416722255 ], [ 127.393566272473251, 36.437201667158682 ], [ 127.39348302862534, 36.437152809521763 ], [ 127.393243116779672, 36.437029372737463 ], [ 127.392980380240189, 36.436920050309915 ], [ 127.392737306062415, 36.436788422357139 ], [ 127.392656901555767, 36.436725127338285 ], [ 127.392605537397387, 36.436646048021672 ], [ 127.392584638305905, 36.43659509307291 ], [ 127.392557770206778, 36.436483636083857 ], [ 127.392494388681953, 36.436367720803247 ], [ 127.39244367523925, 36.436307121975304 ], [ 127.392387546201888, 36.436145106813171 ], [ 127.392381661123167, 36.43611465801937 ], [ 127.392348189316778, 36.435949441641675 ], [ 127.392318184613941, 36.435826198729465 ], [ 127.392257307876193, 36.43586048869998 ], [ 127.392193517357555, 36.435896419265738 ], [ 127.392034674723988, 36.435985892007487 ], [ 127.39195351328118, 36.436031701859037 ], [ 127.39187946914798, 36.436073478242051 ], [ 127.39181828093102, 36.43610800330719 ], [ 127.391768054978698, 36.4361357248305 ], [ 127.391763567869376, 36.436132738650869 ], [ 127.391702229694957, 36.436090539779876 ], [ 127.391629006735485, 36.436040170188022 ], [ 127.391580650304988, 36.436006904339862 ], [ 127.391544525685774, 36.435982051348695 ], [ 127.391515171681334, 36.435961862236766 ], [ 127.391421469436651, 36.43589740226345 ], [ 127.391303740283803, 36.435816403359212 ], [ 127.391277452719009, 36.435798321891284 ], [ 127.391243029342093, 36.435774643766941 ], [ 127.391131198210502, 36.435697707670059 ], [ 127.391084610342389, 36.435665652406037 ], [ 127.391014577606271, 36.435617479852262 ], [ 127.390853416682418, 36.435506442491068 ], [ 127.390815915850212, 36.435480602493136 ], [ 127.390754164358057, 36.435438062036333 ], [ 127.390629195506335, 36.43535195848586 ], [ 127.390461242818105, 36.435236238691708 ], [ 127.390417867062652, 36.435206353495154 ], [ 127.390358107928009, 36.435165176096611 ], [ 127.390108149898793, 36.434992959075643 ], [ 127.389762903893356, 36.434755086849705 ], [ 127.389754600372143, 36.434749364479799 ], [ 127.389555184736238, 36.434612496454008 ], [ 127.389554804353025, 36.43461225437833 ], [ 127.38949096436582, 36.434571071779878 ], [ 127.38943400459226, 36.43453196648408 ], [ 127.389344231467433, 36.434469763001111 ], [ 127.38933821079128, 36.43446559218529 ], [ 127.389041973613274, 36.43423468676955 ], [ 127.38894829626598, 36.434145235695858 ], [ 127.388843364111494, 36.434035094478837 ], [ 127.388799206204823, 36.433968732436618 ], [ 127.388475974709777, 36.43427509211044 ], [ 127.386831471789307, 36.435833462681494 ], [ 127.386608458345492, 36.436247091714129 ], [ 127.385727661251181, 36.437879939501222 ], [ 127.385681785245197, 36.437964975963304 ], [ 127.385496809572217, 36.437906995970721 ], [ 127.385352973629466, 36.437891417954532 ], [ 127.385258052640694, 36.437889199871783 ], [ 127.383854448927266, 36.437929028659106 ], [ 127.381109237833485, 36.438006907664167 ], [ 127.381106672145762, 36.437956415073423 ], [ 127.38110467293545, 36.437916896753883 ], [ 127.381102028246701, 36.437799800015895 ], [ 127.381089508572899, 36.437244295496747 ], [ 127.380873047533925, 36.437299557509306 ], [ 127.380831655575037, 36.437310124412342 ], [ 127.380801005012373, 36.437307220946863 ], [ 127.380752122517578, 36.437302582091782 ], [ 127.380001826718825, 36.437436045239181 ], [ 127.379414471725553, 36.437243292369907 ], [ 127.37902267913735, 36.437287255707517 ], [ 127.378235193392769, 36.437304522215491 ], [ 127.378191163223434, 36.437295424302455 ], [ 127.378130786046228, 36.437321532023688 ], [ 127.378088750093582, 36.437339696750008 ], [ 127.377876405846962, 36.437428093863168 ], [ 127.377756020084718, 36.437478208102569 ], [ 127.377656060318543, 36.437508666743511 ], [ 127.377591645549359, 36.437527848015385 ], [ 127.377291252521886, 36.437283778731249 ], [ 127.377269464013068, 36.43726606751148 ], [ 127.377204999292928, 36.437212390299543 ], [ 127.377129719402902, 36.437163928725226 ], [ 127.37710966044115, 36.437151015193692 ], [ 127.376865395994969, 36.436993792819209 ], [ 127.37674996736915, 36.436922234444289 ], [ 127.376188536987371, 36.436881382107075 ], [ 127.376170898493882, 36.436880094740481 ], [ 127.375429144991728, 36.436825926795706 ], [ 127.375353050354661, 36.436735175405992 ], [ 127.375320286172069, 36.436696095746377 ], [ 127.375313298740963, 36.436694865018218 ], [ 127.374820795084773, 36.436607714311286 ], [ 127.374521130336646, 36.436468998851154 ], [ 127.374425463639, 36.43642471753693 ], [ 127.374410743081711, 36.436417896709941 ], [ 127.374066158547279, 36.436258431604664 ], [ 127.373805737653882, 36.436279880461818 ], [ 127.373798371829025, 36.436281138014913 ], [ 127.373225207243252, 36.436378960159232 ], [ 127.372887576656424, 36.435927594594801 ], [ 127.372611624811938, 36.435682770528587 ], [ 127.371861049527624, 36.435508294446045 ], [ 127.371744594139102, 36.435576035085425 ], [ 127.371486291943995, 36.43572631960253 ], [ 127.370873536475713, 36.436082884925916 ], [ 127.370503982492522, 36.436602651976251 ], [ 127.370679446436199, 36.437092491527338 ], [ 127.371114713885689, 36.438308741359464 ], [ 127.371142666025051, 36.438662160147636 ], [ 127.371338887201389, 36.438995358492967 ], [ 127.371435387174003, 36.439125609913134 ], [ 127.371428128795529, 36.439173069230726 ], [ 127.371409240008816, 36.439284429474959 ], [ 127.371318939515007, 36.43981673339416 ], [ 127.371171525448418, 36.43989344572141 ], [ 127.371127444017688, 36.440242897074143 ], [ 127.370990442096684, 36.440629331059249 ], [ 127.371097686122212, 36.441061057987362 ], [ 127.371246433656836, 36.441180306847286 ], [ 127.371295793639831, 36.441221715240125 ], [ 127.371407152253994, 36.441664450222781 ], [ 127.371009148695492, 36.442062524459068 ], [ 127.37061161334006, 36.442404886499823 ], [ 127.37056700099312, 36.442763152445579 ], [ 127.370978305189425, 36.443009661755035 ], [ 127.371041851844097, 36.44333768370889 ], [ 127.371179280471949, 36.443555193513539 ], [ 127.371558212838536, 36.44375258895257 ], [ 127.372087268257516, 36.444218259617159 ], [ 127.372242776677894, 36.444359726663016 ], [ 127.372252108088219, 36.44436821359497 ], [ 127.372280113570682, 36.444393692374518 ], [ 127.372422881304118, 36.444515607647986 ], [ 127.372494618394995, 36.444585125090939 ], [ 127.372523937969873, 36.444612483141356 ], [ 127.372550792708438, 36.444637523866554 ], [ 127.372576664070152, 36.444638750124916 ], [ 127.372724205468032, 36.444645716929351 ], [ 127.372933518287965, 36.444662458142318 ], [ 127.373471244794572, 36.444705472108396 ], [ 127.37391816994743, 36.444599283426975 ], [ 127.37435237467534, 36.444799975944569 ], [ 127.374628407868457, 36.444928068711945 ], [ 127.3747026924664, 36.444946787784737 ], [ 127.374859956252251, 36.444966788293236 ], [ 127.37503681388408, 36.444995378369711 ], [ 127.37529704689544, 36.445128736704838 ], [ 127.375586381792502, 36.445280819381381 ], [ 127.375601422358812, 36.445700097429516 ], [ 127.375624920731639, 36.446217556738311 ], [ 127.37535579339918, 36.446435154525162 ], [ 127.375234397756685, 36.446636077518455 ], [ 127.374919859291097, 36.446979266157179 ], [ 127.374758546904388, 36.447493401507359 ], [ 127.374647341936821, 36.447847821638554 ], [ 127.374443942598475, 36.447980124888367 ], [ 127.374279405625586, 36.448087137204581 ], [ 127.374185539336125, 36.448380251292043 ], [ 127.374147909077763, 36.448497753092056 ], [ 127.37453500418961, 36.449037542845154 ], [ 127.375004878211385, 36.449692915624993 ], [ 127.37492669860525, 36.449916754497423 ], [ 127.374787788323871, 36.450076693183135 ], [ 127.374521203630991, 36.45038362141787 ], [ 127.374883818388867, 36.451084666670127 ], [ 127.374599126493621, 36.452048412357129 ], [ 127.375390421552737, 36.452203277858622 ], [ 127.376556687213835, 36.452049441939941 ], [ 127.377083598623699, 36.45191824442432 ], [ 127.377158422333878, 36.45188070122412 ], [ 127.377285406641519, 36.451699980732769 ], [ 127.378473445511375, 36.45200245570588 ], [ 127.378927398995415, 36.452483273430019 ], [ 127.379161689146358, 36.452417496174654 ], [ 127.379688982039895, 36.452050481181558 ], [ 127.380232035521288, 36.452145471198826 ], [ 127.380852253164321, 36.451923052644148 ], [ 127.381177259453068, 36.451941493263583 ], [ 127.381966400052391, 36.451986264151444 ], [ 127.382072571717188, 36.451698629027398 ], [ 127.3827023821691, 36.451694537748637 ], [ 127.382879003626641, 36.451602821929917 ], [ 127.383205288100569, 36.451643268121629 ], [ 127.383420344999649, 36.451828533218865 ], [ 127.384057969112519, 36.451929826687618 ], [ 127.384220313193381, 36.452117764457071 ], [ 127.384321826470185, 36.45215727892397 ], [ 127.384803510087309, 36.452344750039835 ], [ 127.385070267005574, 36.452385553470236 ], [ 127.385400587798813, 36.452436073588679 ], [ 127.385454693628674, 36.452416677971939 ], [ 127.385608618463266, 36.45232599536611 ], [ 127.385659070241758, 36.4522962751888 ], [ 127.385717827798999, 36.452276945586021 ], [ 127.385751516526796, 36.452265870112747 ], [ 127.385818548692825, 36.452243828387736 ], [ 127.385837180452199, 36.452237694627875 ], [ 127.385872347590208, 36.452221054245804 ], [ 127.386314350173237, 36.452011842281365 ], [ 127.386386720554313, 36.451977590426651 ], [ 127.386409757119935, 36.451966693297777 ], [ 127.386429545526539, 36.451962141745334 ], [ 127.386986093560964, 36.451834139256974 ], [ 127.387498188545337, 36.451938117589542 ], [ 127.387631779326895, 36.451978859213881 ], [ 127.387949993601467, 36.452075901928715 ], [ 127.388045440045744, 36.452185019903048 ], [ 127.388307229704097, 36.452314784997043 ], [ 127.388655595374885, 36.452685191989801 ], [ 127.389001018188793, 36.453032916457801 ], [ 127.38940635802291, 36.453060391759848 ], [ 127.389694746568338, 36.45331780574957 ], [ 127.389741758394237, 36.453627640401059 ], [ 127.389678994765561, 36.45381906012576 ], [ 127.390006238983119, 36.454152278080613 ], [ 127.39027068387324, 36.454309181885932 ], [ 127.390534784499494, 36.454756554735148 ], [ 127.390787137586642, 36.454861581382865 ], [ 127.391088615924147, 36.454814341631412 ], [ 127.39142908754522, 36.454824070771814 ], [ 127.391703097942028, 36.454807342104473 ], [ 127.392167503095266, 36.454316470206841 ], [ 127.393263519579676, 36.454115390499815 ], [ 127.393292367597212, 36.454139978385655 ], [ 127.393658386294703, 36.454451981032399 ], [ 127.394428022151516, 36.45453348250647 ], [ 127.394531748730955, 36.454508143045693 ], [ 127.394756780016422, 36.454437148035602 ], [ 127.39497110043429, 36.454354806352647 ], [ 127.395492735444236, 36.454189229174226 ], [ 127.395892720792645, 36.454380322349529 ], [ 127.396091355116084, 36.454570926478709 ], [ 127.396146611124493, 36.454580629446824 ], [ 127.396458664345388, 36.454635423723865 ], [ 127.396907955501376, 36.454823376513488 ], [ 127.397487343030917, 36.455090738178889 ], [ 127.39749879310682, 36.455286980172083 ], [ 127.397701712074749, 36.455408566133791 ], [ 127.397840230484107, 36.455770982249291 ], [ 127.397457154547723, 36.45615241365973 ], [ 127.397243172106428, 36.4564817734732 ], [ 127.397226837679668, 36.456889616960176 ], [ 127.397320455808938, 36.456966706497006 ], [ 127.397642515966481, 36.457012966580585 ], [ 127.398191555950106, 36.457422501005141 ], [ 127.398076598953949, 36.457740403872549 ], [ 127.398050989247025, 36.457811220367724 ], [ 127.398209488689687, 36.458060997623107 ], [ 127.398638765119784, 36.457832633046905 ], [ 127.399256080328087, 36.457821070380348 ], [ 127.399282728222644, 36.457818323179367 ], [ 127.399551754660152, 36.457806936918487 ], [ 127.399715282923168, 36.457800020324633 ], [ 127.39982030341163, 36.45779772485951 ], [ 127.39977597489704, 36.457687472278288 ], [ 127.399721708157827, 36.457652652301391 ], [ 127.3995405877275, 36.457536467498194 ], [ 127.399478947468225, 36.457513017799037 ], [ 127.399439641802786, 36.45746190023322 ], [ 127.399372737526662, 36.457330041591199 ], [ 127.399351858510755, 36.457201975898528 ], [ 127.399366441837955, 36.456883712960206 ], [ 127.399261646029885, 36.456874771294409 ], [ 127.399250597216593, 36.456760190645078 ], [ 127.399280060296647, 36.456645483793267 ], [ 127.399288523889311, 36.456611374177484 ], [ 127.39928785803599, 36.456513655524574 ], [ 127.399275915461132, 36.45642724765063 ], [ 127.399277399740868, 36.456377111721835 ], [ 127.399289259705725, 36.4563446848464 ], [ 127.399326784932668, 36.45628542608145 ], [ 127.399446760679055, 36.456056079407212 ], [ 127.399574928114916, 36.455897382805624 ] ] ] ] } },
{ "type": "Feature", "properties": { "EMD_CD": "30200146", "EMD_ENG_NM": "Gwanpyeong-dong", "EMD_KOR_NM": "관평동" }, "geometry": { "type": "MultiPolygon", "coordinates": [ [ [ [ 127.401706249741522, 36.430518908011464 ], [ 127.401465699688544, 36.430325079520955 ], [ 127.400646041546892, 36.429907171732253 ], [ 127.400047091639436, 36.429600327885957 ], [ 127.400211969790519, 36.429332566800277 ], [ 127.396553486155156, 36.425084961241211 ], [ 127.396383954576933, 36.424879427071389 ], [ 127.395981968356367, 36.424373043828751 ], [ 127.395844288886167, 36.424092968382858 ], [ 127.395731453809148, 36.42383056389864 ], [ 127.395597559483136, 36.423482708633344 ], [ 127.395510829576438, 36.42313388625724 ], [ 127.395396769366329, 36.422363413046831 ], [ 127.395316554599745, 36.421957526181906 ], [ 127.395248237903587, 36.421721647494692 ], [ 127.395102374114003, 36.421409246861245 ], [ 127.394824456258789, 36.421023565878983 ], [ 127.394512403575263, 36.420722796160021 ], [ 127.394092922257798, 36.420433552404596 ], [ 127.393531037963896, 36.420118461641756 ], [ 127.392923120838304, 36.419783873294179 ], [ 127.392399799360987, 36.419485862759778 ], [ 127.392121514946155, 36.419312399278851 ], [ 127.391881793772527, 36.419157642915721 ], [ 127.391609245473418, 36.418971273668767 ], [ 127.391396628570192, 36.418818139661354 ], [ 127.390076401008116, 36.417865413990512 ], [ 127.390457460764253, 36.417744950152596 ], [ 127.390556093508636, 36.417713718338895 ], [ 127.390920046919604, 36.417600052655764 ], [ 127.390651773785081, 36.417184588804759 ], [ 127.390376606189093, 36.416775044533438 ], [ 127.390025732063862, 36.416282054158891 ], [ 127.390007632186197, 36.416263278338107 ], [ 127.389909709322126, 36.416235255853429 ], [ 127.389686532699699, 36.41617141391756 ], [ 127.389505549065959, 36.416119446350599 ], [ 127.38901114344965, 36.415969873161963 ], [ 127.388886182734282, 36.415932421466977 ], [ 127.388647804938529, 36.415836030830981 ], [ 127.388397160629296, 36.415734877067592 ], [ 127.388071931776238, 36.415542307672226 ], [ 127.387739059099061, 36.415251337680807 ], [ 127.387444531910219, 36.414910804173672 ], [ 127.387434363228067, 36.41488151383485 ], [ 127.387055387346933, 36.414149536745988 ], [ 127.38728219893558, 36.413721087683932 ], [ 127.387426582649667, 36.41354750807843 ], [ 127.387451670194864, 36.413394618042425 ], [ 127.387521825326004, 36.413118195344467 ], [ 127.387527263048526, 36.413090521004492 ], [ 127.387553158390517, 36.412936447101693 ], [ 127.387553083267491, 36.41287178873803 ], [ 127.387534705664436, 36.412483548276406 ], [ 127.387523980522758, 36.412445211497563 ], [ 127.387511380592528, 36.412402203928778 ], [ 127.387539367768056, 36.412398094435353 ], [ 127.387533402825582, 36.4122743480821 ], [ 127.387603246071762, 36.412038775804916 ], [ 127.387613082891079, 36.412005599133437 ], [ 127.387624205518492, 36.411968732841856 ], [ 127.387618206984229, 36.411705136420132 ], [ 127.387779969428621, 36.411372048862304 ], [ 127.387817157711623, 36.4113014317089 ], [ 127.388042460903932, 36.410876967900272 ], [ 127.388097670381867, 36.410777976925729 ], [ 127.38807302711642, 36.41077705650968 ], [ 127.388080219284234, 36.410734543786731 ], [ 127.388120561259726, 36.410589398601175 ], [ 127.388257037666264, 36.410225753456437 ], [ 127.387732478045081, 36.409341287401375 ], [ 127.387854719104354, 36.409173843472807 ], [ 127.387498023908663, 36.408212828588205 ], [ 127.387193995352177, 36.4082650961087 ], [ 127.386871772678518, 36.408144020722482 ], [ 127.386624626814935, 36.407614295448198 ], [ 127.386681428236031, 36.407539685671892 ], [ 127.386793564029219, 36.406897256819306 ], [ 127.385649122312486, 36.407146861392611 ], [ 127.38575152078657, 36.40728276925315 ], [ 127.385804298075243, 36.407636033782076 ], [ 127.385760967928633, 36.408023942785363 ], [ 127.385775879537391, 36.408326323625388 ], [ 127.385786268330776, 36.408536404551626 ], [ 127.386026217653011, 36.408694461476273 ], [ 127.386578982806967, 36.40887882378756 ], [ 127.385571142952983, 36.409034149262013 ], [ 127.384768348533157, 36.409335517418874 ], [ 127.384849880711272, 36.409088562775992 ], [ 127.384867028590847, 36.408961778112605 ], [ 127.384563673402582, 36.408768443214441 ], [ 127.38480310999887, 36.408468598172206 ], [ 127.384836315521738, 36.408313041660591 ], [ 127.384228628975436, 36.408267264842557 ], [ 127.384158624661012, 36.408261992488526 ], [ 127.384264547193652, 36.408643862053779 ], [ 127.383869179078786, 36.408872616895266 ], [ 127.383931714646508, 36.409105195488763 ], [ 127.38405653498792, 36.409559872068066 ], [ 127.383985352305004, 36.409776441390974 ], [ 127.383507935706248, 36.410055616805131 ], [ 127.383093432287851, 36.410310204063798 ], [ 127.38309108170354, 36.410310581275972 ], [ 127.382564778757441, 36.410534217324056 ], [ 127.38210756644213, 36.410731317003098 ], [ 127.381986140035522, 36.410783214496334 ], [ 127.381949207968319, 36.41081143856016 ], [ 127.382000491273573, 36.410934635554611 ], [ 127.382074456551777, 36.411156868844394 ], [ 127.382134935766132, 36.411366484377567 ], [ 127.382177743956262, 36.411644462922524 ], [ 127.382278250807332, 36.41213286817441 ], [ 127.382335562144917, 36.412236850495987 ], [ 127.38247429345067, 36.412483876022897 ], [ 127.382580440546192, 36.412617890702847 ], [ 127.382792145660034, 36.412892609404672 ], [ 127.38278481843723, 36.412972015673681 ], [ 127.382673283096537, 36.413029288649767 ], [ 127.382428883985881, 36.413093943360451 ], [ 127.382225606328234, 36.413147543569337 ], [ 127.381990378539413, 36.413289189572971 ], [ 127.38175807473759, 36.413433538108116 ], [ 127.381597976372575, 36.413533013157306 ], [ 127.381364869147674, 36.413698378269224 ], [ 127.38112397173164, 36.41386910275002 ], [ 127.38090099683167, 36.414077826084487 ], [ 127.380794240994703, 36.414178572751332 ], [ 127.380777322542116, 36.414260172512208 ], [ 127.380745539296996, 36.414476497358187 ], [ 127.38071653703922, 36.414668734451297 ], [ 127.38075308783516, 36.414894133697153 ], [ 127.380883725456528, 36.415123117774066 ], [ 127.381017749427599, 36.41536056141846 ], [ 127.381154370784458, 36.415602412370696 ], [ 127.381036070767962, 36.415741530912001 ], [ 127.380812002017151, 36.415815868024829 ], [ 127.380575814752106, 36.415897541677168 ], [ 127.380448916672577, 36.415942515517003 ], [ 127.380237547959993, 36.416035564745719 ], [ 127.380005917091864, 36.416137255740431 ], [ 127.379888849577299, 36.416188685784689 ], [ 127.379773395879141, 36.416310924907634 ], [ 127.379536042045373, 36.416566379502015 ], [ 127.379507951308568, 36.416599829832322 ], [ 127.379313142003468, 36.41671253223398 ], [ 127.378835782476798, 36.416916324805193 ], [ 127.37839265564412, 36.417013165931493 ], [ 127.378346155111444, 36.41702333316865 ], [ 127.378036099059173, 36.417008964613316 ], [ 127.37787640892607, 36.416994518386858 ], [ 127.377756134394744, 36.4169894904473 ], [ 127.377427275095656, 36.417339589887156 ], [ 127.377502269524669, 36.417367460864803 ], [ 127.377359596111035, 36.417492359512273 ], [ 127.377306365358123, 36.417554608528562 ], [ 127.377269351459674, 36.417631846004923 ], [ 127.377218709055953, 36.4177545809451 ], [ 127.377220698539873, 36.417771678622429 ], [ 127.377204242979062, 36.417832243036706 ], [ 127.377209072669999, 36.41785335996083 ], [ 127.377217269485854, 36.417960157659152 ], [ 127.377224473332902, 36.418015988445248 ], [ 127.377235612880654, 36.418046358868203 ], [ 127.377241194914006, 36.418061552656489 ], [ 127.377250011215963, 36.418107196089444 ], [ 127.377303391058732, 36.418117625448303 ], [ 127.377295504043886, 36.418093606948844 ], [ 127.377266510930127, 36.418004907367134 ], [ 127.377256939129708, 36.417948272665079 ], [ 127.377261829203576, 36.417813101382656 ], [ 127.377348641040371, 36.417583708611943 ], [ 127.37754541970348, 36.417418311966401 ], [ 127.377607666001708, 36.417452450567765 ], [ 127.377676050856238, 36.417489948269981 ], [ 127.377783797915171, 36.417597450416473 ], [ 127.377868867987928, 36.417652387248616 ], [ 127.377912220950364, 36.417680393796687 ], [ 127.377985518455034, 36.417767980592465 ], [ 127.378067216647281, 36.41778005081725 ], [ 127.378295084902021, 36.417931835944479 ], [ 127.378345305858915, 36.417959910722303 ], [ 127.378364758507061, 36.417937744263398 ], [ 127.378434207600435, 36.417979212038148 ], [ 127.378650130743893, 36.418088471892659 ], [ 127.378662728948285, 36.418095334632099 ], [ 127.378849017991399, 36.418223440662793 ], [ 127.378909052077461, 36.418304670139015 ], [ 127.379005557169805, 36.41841567647807 ], [ 127.379027916173982, 36.418455608085523 ], [ 127.379061063589504, 36.418455196717225 ], [ 127.379121470949315, 36.418454447254945 ], [ 127.379174414564744, 36.418446034373666 ], [ 127.379209187411504, 36.41844049946323 ], [ 127.379254195082268, 36.418409690867307 ], [ 127.379450573192642, 36.418410682336365 ], [ 127.379559802921463, 36.418418356791364 ], [ 127.379645979079044, 36.418447812797702 ], [ 127.379528499871199, 36.418504777404635 ], [ 127.379360692368849, 36.418564578021837 ], [ 127.379331741614095, 36.418591110023335 ], [ 127.379426130928479, 36.418702572729693 ], [ 127.379507800676706, 36.418782112015748 ], [ 127.379571003941564, 36.418847534358505 ], [ 127.379712169936113, 36.418930895384591 ], [ 127.379522767578862, 36.418686697350978 ], [ 127.379550448712237, 36.418554680255411 ], [ 127.379697328345117, 36.418477464922368 ], [ 127.379797122385071, 36.418554626243697 ], [ 127.379906634354654, 36.418691975924006 ], [ 127.379983762238808, 36.418773078913446 ], [ 127.380036501788609, 36.418846383208979 ], [ 127.38007748219043, 36.418916156877287 ], [ 127.380126954962591, 36.419141324976351 ], [ 127.38017345760781, 36.419266745392591 ], [ 127.380187618738077, 36.419386337945916 ], [ 127.380178077760377, 36.419422462245493 ], [ 127.380146330620704, 36.419411620718343 ], [ 127.380004783809383, 36.419304051194509 ], [ 127.380088035436145, 36.419406497612307 ], [ 127.380217706678451, 36.419557509343562 ], [ 127.380228782244927, 36.419558888201848 ], [ 127.380237060037032, 36.419584066259418 ], [ 127.380243001897583, 36.419602161374094 ], [ 127.3803115717607, 36.419709289665853 ], [ 127.380462323954674, 36.419870479083549 ], [ 127.380783782421858, 36.420213971366103 ], [ 127.381074170839256, 36.420519171664644 ], [ 127.381743057210528, 36.421247162208331 ], [ 127.382651563000536, 36.422199673209192 ], [ 127.383341941199348, 36.422938579027864 ], [ 127.383495173528104, 36.423102640149374 ], [ 127.383538892144841, 36.42314963108273 ], [ 127.383533225703658, 36.423153795032853 ], [ 127.383684152360246, 36.423347871661214 ], [ 127.38377729336662, 36.423400021084447 ], [ 127.383909785813799, 36.423631915291843 ], [ 127.383975064072871, 36.423686766935873 ], [ 127.384188588381079, 36.423866133930908 ], [ 127.384569621637752, 36.424186354613049 ], [ 127.384691144219829, 36.424340783697822 ], [ 127.384735166612529, 36.424449591945702 ], [ 127.384737414808143, 36.424498518018602 ], [ 127.384740298283262, 36.424563481912671 ], [ 127.384730904046577, 36.424603163199187 ], [ 127.384707530543693, 36.424702726228467 ], [ 127.384620667658922, 36.424771312094762 ], [ 127.384609002527526, 36.42478018158539 ], [ 127.384577563924324, 36.424804253039596 ], [ 127.384528790654372, 36.424863435368174 ], [ 127.384483674149124, 36.424918100119335 ], [ 127.385639126778386, 36.427429697393151 ], [ 127.385715860558221, 36.427432154535801 ], [ 127.385758823163741, 36.427528800680989 ], [ 127.385773149859745, 36.427562367447571 ], [ 127.385879381450081, 36.427802994867861 ], [ 127.385883275311258, 36.427846327633958 ], [ 127.386040709149484, 36.42818087102313 ], [ 127.386213127175012, 36.428546094854141 ], [ 127.386597189855905, 36.429360313786646 ], [ 127.387203885077739, 36.430610421672604 ], [ 127.387886547817601, 36.432063761995039 ], [ 127.387892908936621, 36.432064732675499 ], [ 127.387893298754591, 36.432075905612578 ], [ 127.388244861437116, 36.432828674371031 ], [ 127.388262370288359, 36.432851146991496 ], [ 127.38835791888549, 36.433048551014195 ], [ 127.38837613562815, 36.433089918389783 ], [ 127.388403374051606, 36.433151766072079 ], [ 127.388729889039823, 36.433843966933985 ], [ 127.388787295564086, 36.433950747819338 ], [ 127.388799206162872, 36.433968732705559 ], [ 127.388843364608149, 36.434035094840652 ], [ 127.38894829662695, 36.434145235366493 ], [ 127.389041973696621, 36.434234686989612 ], [ 127.389338211020998, 36.43446559204655 ], [ 127.389344231931233, 36.434469762732959 ], [ 127.38943400506885, 36.434531966383787 ], [ 127.389490964708855, 36.434571071951247 ], [ 127.389555184173815, 36.434612496700808 ], [ 127.389754600485247, 36.434749364114012 ], [ 127.389762904139175, 36.434755086631391 ], [ 127.390108150049798, 36.434992959295492 ], [ 127.390358107791826, 36.435165176424178 ], [ 127.390417866908862, 36.435206353144139 ], [ 127.390461242608083, 36.435236238365711 ], [ 127.390629195014625, 36.435351958699691 ], [ 127.390754164306941, 36.435438061813031 ], [ 127.390815915654244, 36.435480602379229 ], [ 127.390853416565193, 36.435506442292592 ], [ 127.391014577709953, 36.435617479593823 ], [ 127.391084609887614, 36.435665652275738 ], [ 127.391131198469822, 36.435697707481069 ], [ 127.39124302884602, 36.435774643882247 ], [ 127.39127745264804, 36.435798321675556 ], [ 127.391303739766158, 36.435816403417206 ], [ 127.391421469040409, 36.435897401941233 ], [ 127.391515171799213, 36.43596186234317 ], [ 127.391544525354647, 36.435982051007379 ], [ 127.391580650245956, 36.436006904060228 ], [ 127.391629007035078, 36.43604017053957 ], [ 127.391702230024052, 36.436090540096032 ], [ 127.391763567843782, 36.436132739012841 ], [ 127.391768055470408, 36.43613572446899 ], [ 127.391818281109536, 36.436108003740465 ], [ 127.391879469148236, 36.436073478451213 ], [ 127.391953513531959, 36.436031702265311 ], [ 127.392034674990583, 36.435985891936724 ], [ 127.392193516969016, 36.435896418957562 ], [ 127.392257307343399, 36.435860488579586 ], [ 127.392318184498578, 36.435826198978077 ], [ 127.392348189437968, 36.435949441898288 ], [ 127.392381661354676, 36.436114658322069 ], [ 127.392387546482823, 36.436145107187677 ], [ 127.392443675253702, 36.43630712224963 ], [ 127.392494388694146, 36.436367721061934 ], [ 127.392557769668329, 36.436483636159871 ], [ 127.392584638699333, 36.43659509325817 ], [ 127.392605537332201, 36.436646048292232 ], [ 127.392656901442464, 36.436725127016828 ], [ 127.392737306295601, 36.436788422186353 ], [ 127.392980380062511, 36.436920050023488 ], [ 127.393243116682044, 36.437029372613452 ], [ 127.393483028063741, 36.437152809838508 ], [ 127.3935662723256, 36.437201667342912 ], [ 127.393574359186374, 36.437206416655563 ], [ 127.393600607671814, 36.437220893569723 ], [ 127.393637986174795, 36.437248579709411 ], [ 127.393707246150115, 36.437299880227712 ], [ 127.393747182173797, 36.437366164583494 ], [ 127.393857437332429, 36.437445761994596 ], [ 127.394004238417736, 36.437459717262044 ], [ 127.394034916808309, 36.437462633349199 ], [ 127.394298484932037, 36.437544128894807 ], [ 127.394508954173119, 36.43760920646735 ], [ 127.394772111454728, 36.436887974044609 ], [ 127.394935382129376, 36.436623367277093 ], [ 127.395081164447888, 36.436387102958186 ], [ 127.395385798511086, 36.435981416083528 ], [ 127.395557573463833, 36.435785002582669 ], [ 127.396456513283667, 36.434757102482145 ], [ 127.396680110905123, 36.434620330712349 ], [ 127.396908180832042, 36.434480822711642 ], [ 127.396989300477728, 36.434431201835324 ], [ 127.39733112563593, 36.434145078814474 ], [ 127.398528572177128, 36.43325477152181 ], [ 127.399086177699644, 36.43284017753053 ], [ 127.39944435589787, 36.432455197845471 ], [ 127.399807622813071, 36.432064743741186 ], [ 127.400437303775632, 36.431476042265714 ], [ 127.400527831060501, 36.431408034955474 ], [ 127.401322905435038, 36.430810739916055 ], [ 127.401706249741522, 36.430518908011464 ] ] ] ] } },
{ "type": "Feature", "properties": { "EMD_CD": "30200147", "EMD_ENG_NM": "Songgang-dong", "EMD_KOR_NM": "송강동" }, "geometry": { "type": "MultiPolygon", "coordinates": [ [ [ [ 127.381743057210528, 36.421247162208331 ], [ 127.380814416805606, 36.421716626385283 ], [ 127.380676624948777, 36.421759049813708 ], [ 127.38044215249208, 36.421915099651265 ], [ 127.379986255483047, 36.421970560911753 ], [ 127.37996670014401, 36.42199170067915 ], [ 127.379917261398049, 36.422045170221978 ], [ 127.379511290581092, 36.422483949774438 ], [ 127.379236768515668, 36.422685128054162 ], [ 127.379016419220335, 36.422850592411571 ], [ 127.378390869940745, 36.422691441553042 ], [ 127.378202764810666, 36.422845042936729 ], [ 127.378687431812139, 36.423309582648258 ], [ 127.378592598275489, 36.424045695339906 ], [ 127.378906861508469, 36.424502048553897 ], [ 127.379278297844991, 36.424872980595701 ], [ 127.378765336657068, 36.425378204604883 ], [ 127.378280376891254, 36.425398461910191 ], [ 127.378246090715166, 36.425620652007986 ], [ 127.378002112171046, 36.426506330368731 ], [ 127.377807709359161, 36.426660148989065 ], [ 127.377615270043236, 36.426599215717459 ], [ 127.377357399879813, 36.426650276160089 ], [ 127.377188766711598, 36.426702316964871 ], [ 127.377140694111972, 36.42669770971775 ], [ 127.377025505445204, 36.426858099581132 ], [ 127.376934846875287, 36.427205555691515 ], [ 127.376892224449719, 36.427330274791977 ], [ 127.376878153634394, 36.4273840458699 ], [ 127.376790938972078, 36.427717387584401 ], [ 127.376611456931357, 36.427860983910236 ], [ 127.376290353654255, 36.427983710965094 ], [ 127.376222154920328, 36.428009779098431 ], [ 127.376055324311253, 36.428073537270215 ], [ 127.375909219890445, 36.42874490638588 ], [ 127.375888963433638, 36.428915622663609 ], [ 127.375333938388934, 36.429240362866167 ], [ 127.375278332622969, 36.429355849558561 ], [ 127.375216047019819, 36.429475789893111 ], [ 127.374863950815794, 36.429867957104847 ], [ 127.373695761952561, 36.431169063656434 ], [ 127.373704375574121, 36.431174623547392 ], [ 127.374046612532041, 36.431491619252512 ], [ 127.374017824270638, 36.431661063892136 ], [ 127.373942582123419, 36.431805645411906 ], [ 127.37421601670475, 36.432659656120308 ], [ 127.374183032016603, 36.432718631890765 ], [ 127.374086212524887, 36.432891766914764 ], [ 127.374048056846661, 36.43294442376915 ], [ 127.373779223429281, 36.433315475275144 ], [ 127.373664354485086, 36.433345499260319 ], [ 127.373554336841678, 36.433347355770344 ], [ 127.373517385046938, 36.433381255772481 ], [ 127.373265855945334, 36.433611978404976 ], [ 127.3729747483209, 36.433674649379604 ], [ 127.372595064143638, 36.433832270616527 ], [ 127.372217319621754, 36.434390980712593 ], [ 127.372024913524186, 36.434492687492657 ], [ 127.371873932564455, 36.434572043330249 ], [ 127.372003469339589, 36.435074910263722 ], [ 127.371861049484494, 36.43550829480651 ], [ 127.372611624338674, 36.435682770101032 ], [ 127.37288757672755, 36.435927594544836 ], [ 127.373225207516938, 36.43637896009205 ], [ 127.373798372083115, 36.436281138174415 ], [ 127.373805737808681, 36.436279880314828 ], [ 127.374066158765871, 36.436258431839157 ], [ 127.37441074253168, 36.436417896884286 ], [ 127.374425463235127, 36.43642471723475 ], [ 127.374521130101158, 36.436468998964266 ], [ 127.374820795180497, 36.436607714312451 ], [ 127.375313298806304, 36.436694864768604 ], [ 127.375320285639589, 36.436696095516169 ], [ 127.375353050028707, 36.436735175028495 ], [ 127.375429144442052, 36.436825926814421 ], [ 127.376170898308217, 36.436880094815301 ], [ 127.37618853681731, 36.436881381766945 ], [ 127.376749967554076, 36.436922234259114 ], [ 127.376865395604014, 36.436993793154194 ], [ 127.377109660863724, 36.437151015356655 ], [ 127.377129719865493, 36.437163928908184 ], [ 127.377204999421153, 36.437212390141596 ], [ 127.377269463886321, 36.437266067097696 ], [ 127.377291252478344, 36.437283778515273 ], [ 127.377591645183614, 36.437527848460888 ], [ 127.377656060783053, 36.437508666900477 ], [ 127.377756020025402, 36.43747820804947 ], [ 127.377876405784619, 36.437428093656585 ], [ 127.378088749598888, 36.437339696446458 ], [ 127.378130786394721, 36.437321531854707 ], [ 127.378191163692478, 36.437295423950907 ], [ 127.37823519352763, 36.437304522487118 ], [ 127.379022679103272, 36.437287255463957 ], [ 127.379414472134272, 36.437243292794335 ], [ 127.380001826325838, 36.437436044830996 ], [ 127.380752122779398, 36.437302581942944 ], [ 127.380801005402063, 36.43730722100733 ], [ 127.380831655361277, 36.437310124230521 ], [ 127.380873047133264, 36.437299557846771 ], [ 127.381089508825212, 36.437244295777703 ], [ 127.381102028467055, 36.437799799765507 ], [ 127.381104672663909, 36.437916896536464 ], [ 127.381106672391937, 36.437956414938938 ], [ 127.381109237587765, 36.438006907229259 ], [ 127.383854448933576, 36.437929028408206 ], [ 127.385258052792295, 36.437889199842736 ], [ 127.385352973568629, 36.437891417991807 ], [ 127.38549680927855, 36.437906996360006 ], [ 127.38568178486949, 36.437964976052939 ], [ 127.385727661700827, 36.437879939455456 ], [ 127.386608458654109, 36.436247091536892 ], [ 127.386831471925262, 36.435833462347183 ], [ 127.388475974184445, 36.434275092560434 ], [ 127.388799206162872, 36.433968732705559 ], [ 127.388787295564086, 36.433950747819338 ], [ 127.388729889039823, 36.433843966933985 ], [ 127.388403374051606, 36.433151766072079 ], [ 127.38837613562815, 36.433089918389783 ], [ 127.38835791888549, 36.433048551014195 ], [ 127.388262370288359, 36.432851146991496 ], [ 127.388244861437116, 36.432828674371031 ], [ 127.387893298754591, 36.432075905612578 ], [ 127.387892908936621, 36.432064732675499 ], [ 127.387886547817601, 36.432063761995039 ], [ 127.387203885077739, 36.430610421672604 ], [ 127.386597189855905, 36.429360313786646 ], [ 127.386213127175012, 36.428546094854141 ], [ 127.386040709149484, 36.42818087102313 ], [ 127.385883275311258, 36.427846327633958 ], [ 127.385879381450081, 36.427802994867861 ], [ 127.385773149859745, 36.427562367447571 ], [ 127.385758823163741, 36.427528800680989 ], [ 127.385715860558221, 36.427432154535801 ], [ 127.385639126778386, 36.427429697393151 ], [ 127.384483674149124, 36.424918100119335 ], [ 127.384528790654372, 36.424863435368174 ], [ 127.384577563924324, 36.424804253039596 ], [ 127.384609002527526, 36.42478018158539 ], [ 127.384620667658922, 36.424771312094762 ], [ 127.384707530543693, 36.424702726228467 ], [ 127.384730904046577, 36.424603163199187 ], [ 127.384740298283262, 36.424563481912671 ], [ 127.384737414808143, 36.424498518018602 ], [ 127.384735166612529, 36.424449591945702 ], [ 127.384691144219829, 36.424340783697822 ], [ 127.384569621637752, 36.424186354613049 ], [ 127.384188588381079, 36.423866133930908 ], [ 127.383975064072871, 36.423686766935873 ], [ 127.383909785813799, 36.423631915291843 ], [ 127.38377729336662, 36.423400021084447 ], [ 127.383684152360246, 36.423347871661214 ], [ 127.383533225703658, 36.423153795032853 ], [ 127.383538892144841, 36.42314963108273 ], [ 127.383495173528104, 36.423102640149374 ], [ 127.383341941199348, 36.422938579027864 ], [ 127.382651563000536, 36.422199673209192 ], [ 127.381743057210528, 36.421247162208331 ] ] ] ] } },
{ "type": "Feature", "properties": { "EMD_CD": "30200148", "EMD_ENG_NM": "Geumgo-dong", "EMD_KOR_NM": "금고동" }, "geometry": { "type": "MultiPolygon", "coordinates": [ [ [ [ 127.398534954312652, 36.472291934389169 ], [ 127.3985146012934, 36.472165282326074 ], [ 127.398469900084777, 36.472080938889142 ], [ 127.39842859669389, 36.471947877277358 ], [ 127.398428649732111, 36.471890428806319 ], [ 127.39845701944725, 36.471675194297987 ], [ 127.398389805958317, 36.471592061487492 ], [ 127.398372932535977, 36.471527910678688 ], [ 127.398369584755486, 36.471418377990354 ], [ 127.398344862854259, 36.471322704230957 ], [ 127.398325089297742, 36.471206746940631 ], [ 127.398293620546482, 36.470949744453989 ], [ 127.398338958580695, 36.470779501667735 ], [ 127.398285369877499, 36.470699143972283 ], [ 127.398327426690813, 36.470638176520843 ], [ 127.39831942032896, 36.470400515496344 ], [ 127.3983032495656, 36.470237803999801 ], [ 127.398255122466963, 36.47009884402339 ], [ 127.398241826527112, 36.470023426260859 ], [ 127.398219812646929, 36.469806096994603 ], [ 127.398207271528662, 36.469639705330188 ], [ 127.398185855053896, 36.469575001954205 ], [ 127.398289422404019, 36.469508197853877 ], [ 127.398230545773089, 36.469142589558331 ], [ 127.398122933540265, 36.469134215137437 ], [ 127.398211061335815, 36.468909751780096 ], [ 127.398213977043724, 36.468866667395467 ], [ 127.398187075880017, 36.468789879636141 ], [ 127.398167983721564, 36.468669414252126 ], [ 127.398146432342955, 36.468442494912118 ], [ 127.398161621099064, 36.46841259878039 ], [ 127.398264030855344, 36.468291450115018 ], [ 127.398293575056812, 36.468204336770619 ], [ 127.398333029821174, 36.467633101570435 ], [ 127.39832455186891, 36.467544141159166 ], [ 127.398341475789621, 36.467510561807444 ], [ 127.398334986579741, 36.467469761557268 ], [ 127.398364977110219, 36.467369688263005 ], [ 127.398423704503685, 36.467261354917063 ], [ 127.398440818927881, 36.46716498259579 ], [ 127.398544853813192, 36.466952028511855 ], [ 127.398559029643579, 36.466894244249737 ], [ 127.39857889711368, 36.466790825256318 ], [ 127.398601120464832, 36.466738106285909 ], [ 127.398632343236983, 36.466706453330389 ], [ 127.398748136156797, 36.466613690703475 ], [ 127.398885309357524, 36.466576917977342 ], [ 127.399074672490926, 36.466447026355397 ], [ 127.39913751301458, 36.466360648889257 ], [ 127.3994772442407, 36.465912032362034 ], [ 127.399724445566676, 36.465811801841326 ], [ 127.399693780942016, 36.465437647229948 ], [ 127.399593155015893, 36.465124833040598 ], [ 127.399593493109776, 36.464815620167101 ], [ 127.39910074756807, 36.464384710278189 ], [ 127.399061632305717, 36.464304304618928 ], [ 127.399009875048066, 36.464307856324197 ], [ 127.399005749824312, 36.464251548134655 ], [ 127.398984330990373, 36.464118979123604 ], [ 127.398992908774673, 36.463921544388377 ], [ 127.39899187587659, 36.463581922168437 ], [ 127.399098888023474, 36.463201117650705 ], [ 127.399088236921344, 36.463096961944132 ], [ 127.399115472351866, 36.463034061252941 ], [ 127.399136858657229, 36.462923040182751 ], [ 127.399169310256354, 36.462823805447655 ], [ 127.399305759818347, 36.462305468269832 ], [ 127.399380624058551, 36.462322403523395 ], [ 127.399473141623304, 36.46221028941094 ], [ 127.399587627503976, 36.462101769483809 ], [ 127.39977423030453, 36.461809678679217 ], [ 127.399794831676061, 36.461510544770142 ], [ 127.399859740113826, 36.46124870552535 ], [ 127.399953823241063, 36.460660678999886 ], [ 127.400064458269725, 36.46044769201054 ], [ 127.40003295631054, 36.460149011378128 ], [ 127.400044231450195, 36.459765137322506 ], [ 127.400043162510244, 36.459145878607586 ], [ 127.40003233594598, 36.458867972403397 ], [ 127.399991400220216, 36.458568196736877 ], [ 127.399884909928687, 36.458197944765125 ], [ 127.399876268237151, 36.457936918454024 ], [ 127.39982030341163, 36.45779772485951 ], [ 127.399715282923168, 36.457800020324584 ], [ 127.399551754660152, 36.457806936918502 ], [ 127.399282728222644, 36.457818323179339 ], [ 127.399256080328115, 36.457821070380348 ], [ 127.398638765119728, 36.457832633046905 ], [ 127.398209488689659, 36.4580609976231 ], [ 127.398050989247025, 36.457811220367709 ], [ 127.398076598953949, 36.457740403872549 ], [ 127.398191555950106, 36.457422501005126 ], [ 127.397642515966481, 36.457012966580578 ], [ 127.397320455808909, 36.456966706496999 ], [ 127.397226837679668, 36.456889616960162 ], [ 127.397243172106414, 36.4564817734732 ], [ 127.397457154547695, 36.456152413659723 ], [ 127.397840230484107, 36.455770982249284 ], [ 127.397701712074721, 36.455408566133805 ], [ 127.397498793106791, 36.455286980172083 ], [ 127.397487343030917, 36.455090738178868 ], [ 127.396907955501376, 36.454823376513488 ], [ 127.396458664345388, 36.454635423723836 ], [ 127.396146611124465, 36.454580629446816 ], [ 127.396091355116084, 36.454570926478709 ], [ 127.395892720792645, 36.454380322349529 ], [ 127.395492735444236, 36.454189229174226 ], [ 127.394971100434304, 36.454354806352626 ], [ 127.394756780016422, 36.454437148035566 ], [ 127.394531748730955, 36.4545081430457 ], [ 127.394428022151516, 36.454533482506498 ], [ 127.393658386294703, 36.454451981032399 ], [ 127.393292367597198, 36.454139978385655 ], [ 127.393263519579648, 36.454115390499794 ], [ 127.392167503095266, 36.454316470206827 ], [ 127.391703097942028, 36.45480734210448 ], [ 127.391429087545163, 36.454824070771792 ], [ 127.391088615924147, 36.454814341631398 ], [ 127.390787137586642, 36.454861581382843 ], [ 127.390534784499494, 36.454756554735098 ], [ 127.390270683873183, 36.454309181885947 ], [ 127.390006238983105, 36.454152278080599 ], [ 127.389678994765532, 36.45381906012571 ], [ 127.389741758394237, 36.453627640401095 ], [ 127.389694746568338, 36.453317805749592 ], [ 127.38940635802291, 36.453060391759827 ], [ 127.389001018188793, 36.453032916457779 ], [ 127.388655595374885, 36.452685191989787 ], [ 127.388307229704068, 36.452314784997036 ], [ 127.388045440045744, 36.452185019903048 ], [ 127.387949993601467, 36.452075901928715 ], [ 127.387631779326895, 36.451978859213867 ], [ 127.387498188545337, 36.451938117589506 ], [ 127.386986093560935, 36.451834139256974 ], [ 127.386429545526539, 36.451962141745312 ], [ 127.386409757119907, 36.451966693297798 ], [ 127.386386720554313, 36.451977590426615 ], [ 127.386314350173237, 36.452011842281365 ], [ 127.38587234759018, 36.452221054245783 ], [ 127.385837180452171, 36.452237694627854 ], [ 127.385818548692825, 36.452243828387736 ], [ 127.385751516526767, 36.452265870112747 ], [ 127.38571782779897, 36.452276945586021 ], [ 127.385659070241729, 36.452296275188786 ], [ 127.385608618463266, 36.452325995366095 ], [ 127.385454693628674, 36.452416677971939 ], [ 127.385400587798813, 36.452436073588679 ], [ 127.385070267005545, 36.452385553470236 ], [ 127.384803510087309, 36.452344750039799 ], [ 127.38432182647017, 36.45215727892397 ], [ 127.384220313193353, 36.452117764457071 ], [ 127.38405796911249, 36.451929826687589 ], [ 127.383420344999649, 36.451828533218837 ], [ 127.383205288100569, 36.4516432681216 ], [ 127.382879003626641, 36.451602821929889 ], [ 127.3827023821691, 36.451694537748622 ], [ 127.382072571717188, 36.451698629027398 ], [ 127.381966400052363, 36.451986264151408 ], [ 127.381177259453068, 36.451941493263554 ], [ 127.380852253164292, 36.451923052644162 ], [ 127.380232035521288, 36.452145471198811 ], [ 127.379688982039866, 36.452050481181523 ], [ 127.379161689146358, 36.452417496174654 ], [ 127.378927398995415, 36.452483273429984 ], [ 127.378473445511347, 36.452002455705845 ], [ 127.377285406641519, 36.451699980732769 ], [ 127.377158422333849, 36.451880701224134 ], [ 127.377083598623699, 36.45191824442432 ], [ 127.376556687213835, 36.452049441939941 ], [ 127.375390421552709, 36.452203277858622 ], [ 127.374599126493592, 36.452048412357129 ], [ 127.374446871257831, 36.452373925185547 ], [ 127.37439204524479, 36.452891295431087 ], [ 127.374388091627907, 36.453109359853386 ], [ 127.374386401405857, 36.453240978573675 ], [ 127.374311220729027, 36.453335014449095 ], [ 127.374221817515206, 36.453447757570835 ], [ 127.374077558940911, 36.453629240606119 ], [ 127.374047791863987, 36.453914999086031 ], [ 127.374018716030108, 36.454191392406791 ], [ 127.374030076092637, 36.454399865768778 ], [ 127.373900294531339, 36.455708330410843 ], [ 127.374429572924782, 36.456771417079011 ], [ 127.374265956543695, 36.4568998287684 ], [ 127.374176154727124, 36.456951105415911 ], [ 127.373910864760305, 36.457102561091908 ], [ 127.373714894309842, 36.457459443078704 ], [ 127.373573702524681, 36.457787290065305 ], [ 127.373800599335127, 36.457820510965355 ], [ 127.373798120032632, 36.45803698456524 ], [ 127.373384848569458, 36.458628320533798 ], [ 127.373060963704532, 36.458974371479577 ], [ 127.373011818047331, 36.459195631222094 ], [ 127.372924351180316, 36.459634323089233 ], [ 127.372830792808756, 36.460080161928339 ], [ 127.372787569636472, 36.460095489817469 ], [ 127.372381777887156, 36.460209206212475 ], [ 127.372111708314435, 36.460282993368658 ], [ 127.372093725073796, 36.460463559019601 ], [ 127.372490909391686, 36.461097601411637 ], [ 127.372915250247203, 36.46135416441458 ], [ 127.373248188460849, 36.461682562080476 ], [ 127.373223553712876, 36.461841097379683 ], [ 127.373079304502141, 36.462039944168758 ], [ 127.372934214571657, 36.462647438767455 ], [ 127.372972877681661, 36.46389067365196 ], [ 127.372745894775832, 36.464273621405326 ], [ 127.373033555061568, 36.464923619100915 ], [ 127.372916920968308, 36.465234176499195 ], [ 127.373257488263704, 36.465808663611206 ], [ 127.373376786489857, 36.466406458221513 ], [ 127.374066086573819, 36.46658982851141 ], [ 127.374909650104442, 36.466676487336223 ], [ 127.375727743344186, 36.466944018022083 ], [ 127.375942535473371, 36.466936820005401 ], [ 127.37641660734441, 36.46662225379643 ], [ 127.376821234628792, 36.466731138776225 ], [ 127.377021426440393, 36.466706421295683 ], [ 127.377155911048064, 36.466694724680465 ], [ 127.377732489374097, 36.4664201751063 ], [ 127.378009300735727, 36.466288364918761 ], [ 127.378022498655767, 36.466258242856014 ], [ 127.378639805576867, 36.466633560751276 ], [ 127.379013748284933, 36.466628404457531 ], [ 127.379240128678774, 36.466625282114691 ], [ 127.37987853694581, 36.466893920600334 ], [ 127.380268208599077, 36.467209141788061 ], [ 127.380168344688229, 36.467372458864638 ], [ 127.380016334695696, 36.467912613323797 ], [ 127.38012440997953, 36.468242326032758 ], [ 127.380108935941379, 36.468322811846136 ], [ 127.380478037050182, 36.468962520788608 ], [ 127.380791313551683, 36.468915260519303 ], [ 127.381097010493392, 36.468995446247028 ], [ 127.381312637935139, 36.469325383399529 ], [ 127.381359963707865, 36.469766039614058 ], [ 127.381507288125277, 36.469951802390682 ], [ 127.38148390921441, 36.470094952499103 ], [ 127.381506488020506, 36.470624504772232 ], [ 127.381561336991808, 36.471072237915827 ], [ 127.381771518068845, 36.471464235646948 ], [ 127.381699222183741, 36.471696052597622 ], [ 127.381614868081172, 36.471766367707957 ], [ 127.381554755988915, 36.471973120812805 ], [ 127.381593852844091, 36.472329707600984 ], [ 127.381442846649605, 36.472503894148076 ], [ 127.381174911191408, 36.473015329502076 ], [ 127.381238776296968, 36.473088083416741 ], [ 127.381195029028703, 36.4731755260282 ], [ 127.380630354599546, 36.473281061631582 ], [ 127.38056383320864, 36.473297439572221 ], [ 127.380816502966923, 36.474234067046638 ], [ 127.380845844060531, 36.474217140304262 ], [ 127.380895250590328, 36.474258147775508 ], [ 127.380833698306859, 36.474273176366751 ], [ 127.380864174437136, 36.474287669109621 ], [ 127.380931517529149, 36.474302360038557 ], [ 127.38097586188529, 36.474312032565038 ], [ 127.381094443075355, 36.474354297859982 ], [ 127.381181482007563, 36.474550093168943 ], [ 127.381653642281094, 36.474608976114219 ], [ 127.382000038723774, 36.474633149437281 ], [ 127.382228881872948, 36.474642899958553 ], [ 127.382238189599647, 36.474643293804469 ], [ 127.382304027422478, 36.474637559692638 ], [ 127.382446305207367, 36.474626508092527 ], [ 127.382606131081303, 36.474591961379105 ], [ 127.382619699415343, 36.474607949503955 ], [ 127.38242908492947, 36.474744370373486 ], [ 127.382368255080706, 36.474809005745094 ], [ 127.382363970315723, 36.47481355220301 ], [ 127.38238051262266, 36.474842155971729 ], [ 127.382427163500225, 36.474928598555856 ], [ 127.382453055252256, 36.474982062226943 ], [ 127.382527731632692, 36.475060890703794 ], [ 127.382548528830839, 36.475083380078985 ], [ 127.38257712037209, 36.475113927874922 ], [ 127.382664692800802, 36.475208097708922 ], [ 127.38263038176153, 36.475353977267595 ], [ 127.382609709558395, 36.47540489516274 ], [ 127.382612962335529, 36.47541974473333 ], [ 127.382264923984152, 36.475708484642759 ], [ 127.381887389659781, 36.475894027780335 ], [ 127.381918281148842, 36.476194246430872 ], [ 127.381836392544386, 36.476603377018819 ], [ 127.381551218086855, 36.476879604741796 ], [ 127.380961376138401, 36.477074120460266 ], [ 127.380746136695748, 36.477430263074965 ], [ 127.380784014715829, 36.477530017086217 ], [ 127.38103347482766, 36.478187135104925 ], [ 127.380768342752958, 36.478529567680091 ], [ 127.380546194926183, 36.478684838616083 ], [ 127.380058917747263, 36.479227967034376 ], [ 127.380086526759342, 36.479444092168904 ], [ 127.379940775795873, 36.479619377405001 ], [ 127.379842471532626, 36.479895711085895 ], [ 127.379837287817935, 36.479963331724925 ], [ 127.379711540464115, 36.480464129382881 ], [ 127.380212905323432, 36.480582725560758 ], [ 127.38041752718263, 36.480631134552887 ], [ 127.380511602230911, 36.48104012863223 ], [ 127.380875909604683, 36.48117540494296 ], [ 127.381411808709871, 36.48137441291734 ], [ 127.381698640180048, 36.481468174096406 ], [ 127.381807827298999, 36.481369204445933 ], [ 127.382068539853307, 36.48113288507075 ], [ 127.382470844065054, 36.480950776862471 ], [ 127.382715794973223, 36.480882651750591 ], [ 127.382793009648438, 36.480861110911647 ], [ 127.383069107850787, 36.480527380055584 ], [ 127.38328306249889, 36.480153178527615 ], [ 127.383471156644305, 36.479994235730132 ], [ 127.383885869989214, 36.479643775423163 ], [ 127.383892655403173, 36.479478167548301 ], [ 127.384079781183218, 36.479197724956606 ], [ 127.384116013805951, 36.479109278159811 ], [ 127.384469746447635, 36.478245824869738 ], [ 127.384422353979417, 36.478057150144011 ], [ 127.384834498544492, 36.477722762199122 ], [ 127.385288332215183, 36.477753672811389 ], [ 127.38550030181284, 36.477571111973091 ], [ 127.385687984767529, 36.477385294692482 ], [ 127.385745373168405, 36.47725206424299 ], [ 127.385764680924979, 36.476771401104536 ], [ 127.386090326540199, 36.476511839366459 ], [ 127.386658765136531, 36.476563966939523 ], [ 127.387013382440969, 36.476430064575474 ], [ 127.387098093972128, 36.476398088456087 ], [ 127.387446801505931, 36.476256318842182 ], [ 127.387670672300871, 36.476031929338738 ], [ 127.387808268121603, 36.475850560237461 ], [ 127.388120057868733, 36.475458875215089 ], [ 127.388599752417605, 36.475031481996602 ], [ 127.388661406023104, 36.474772291609085 ], [ 127.388744524729347, 36.474674084990347 ], [ 127.388807634278308, 36.474597778107103 ], [ 127.388922678107747, 36.474515751522567 ], [ 127.38899093663521, 36.474467435556306 ], [ 127.389029346752054, 36.474412259604321 ], [ 127.38906456570173, 36.474410883625232 ], [ 127.389107284121337, 36.474380637478561 ], [ 127.389174163542876, 36.474378077253583 ], [ 127.389178915918421, 36.474377890597196 ], [ 127.38917951096613, 36.474367426316853 ], [ 127.389185584170647, 36.474262783113709 ], [ 127.389183376490649, 36.474256383111396 ], [ 127.389171092636118, 36.474218511648935 ], [ 127.389117198518321, 36.47405246964955 ], [ 127.389101571992711, 36.47400432691726 ], [ 127.390170063934207, 36.473650538920637 ], [ 127.39020520846033, 36.473647739031556 ], [ 127.390257863922201, 36.473643548389823 ], [ 127.391481973415011, 36.473238191496101 ], [ 127.391566423693362, 36.473262021259124 ], [ 127.391599433801275, 36.473263066834008 ], [ 127.391827827495277, 36.473292796940264 ], [ 127.391886230862085, 36.473295669817979 ], [ 127.391916407135312, 36.473301212300541 ], [ 127.392069351427068, 36.473370911423658 ], [ 127.392393509916815, 36.473308833271275 ], [ 127.392544324444842, 36.47327654663799 ], [ 127.392744609388018, 36.473239168355271 ], [ 127.393127517991147, 36.473136001420663 ], [ 127.393211770482054, 36.473096056303405 ], [ 127.393328082121997, 36.473045597594712 ], [ 127.393565575084807, 36.472868201285344 ], [ 127.393717902642791, 36.472604988576848 ], [ 127.393938260400802, 36.47232461036441 ], [ 127.394081065388605, 36.472155986138802 ], [ 127.394273220472229, 36.471929949283854 ], [ 127.394908271998148, 36.471524340695325 ], [ 127.395083731951345, 36.471510271966096 ], [ 127.395257424660954, 36.471510798426401 ], [ 127.395743221766111, 36.47151443031521 ], [ 127.396097867767935, 36.471517088138633 ], [ 127.39626658079095, 36.471563146673439 ], [ 127.396315206967856, 36.471583225644025 ], [ 127.396512972271708, 36.471650806299401 ], [ 127.396942761392083, 36.471797658174836 ], [ 127.397233451828868, 36.472026118347323 ], [ 127.397317626240465, 36.472092163823987 ], [ 127.397988171525071, 36.472625148813769 ], [ 127.398348043395558, 36.472785186375184 ], [ 127.398895845855492, 36.472892483729289 ], [ 127.398749253013975, 36.472642669618494 ], [ 127.398731118877663, 36.472572052656915 ], [ 127.398667181248925, 36.472514528956715 ], [ 127.39863573834252, 36.472433530125812 ], [ 127.398587200968024, 36.472352308755113 ], [ 127.398534954312652, 36.472291934389169 ] ] ] ] } },
{ "type": "Feature", "properties": { "EMD_CD": "30200149", "EMD_ENG_NM": "Dae-dong", "EMD_KOR_NM": "대동" }, "geometry": { "type": "MultiPolygon", "coordinates": [ [ [ [ 127.402494447405019, 36.473223054629798 ], [ 127.40242159444918, 36.473089975493998 ], [ 127.400928552906294, 36.473298316938269 ], [ 127.400247145827564, 36.47317837280368 ], [ 127.400170495811068, 36.473155243766747 ], [ 127.399509917425718, 36.473019465065946 ], [ 127.399432934058567, 36.47300086056358 ], [ 127.399433257109891, 36.472996912557136 ], [ 127.399321620021624, 36.472971979417956 ], [ 127.398895845855492, 36.472892483729289 ], [ 127.398348043395558, 36.472785186375184 ], [ 127.397988171525071, 36.472625148813769 ], [ 127.397317626240465, 36.472092163823987 ], [ 127.397233451828868, 36.472026118347323 ], [ 127.396942761392083, 36.471797658174836 ], [ 127.396512972271708, 36.471650806299401 ], [ 127.396315206967856, 36.471583225644025 ], [ 127.39626658079095, 36.471563146673439 ], [ 127.396097867767935, 36.471517088138633 ], [ 127.395743221766111, 36.47151443031521 ], [ 127.395257424660954, 36.471510798426401 ], [ 127.395083731951345, 36.471510271966096 ], [ 127.394908271998148, 36.471524340695325 ], [ 127.394273220472229, 36.471929949283854 ], [ 127.394081065388605, 36.472155986138802 ], [ 127.393938260400802, 36.47232461036441 ], [ 127.393717902642791, 36.472604988576848 ], [ 127.393565575084807, 36.472868201285344 ], [ 127.393328082121997, 36.473045597594712 ], [ 127.393211770482054, 36.473096056303405 ], [ 127.393127517991147, 36.473136001420663 ], [ 127.392744609388018, 36.473239168355271 ], [ 127.392544324444842, 36.47327654663799 ], [ 127.392393509916815, 36.473308833271275 ], [ 127.392069351427068, 36.473370911423658 ], [ 127.391916407135312, 36.473301212300541 ], [ 127.391886230862085, 36.473295669817979 ], [ 127.391827827495277, 36.473292796940264 ], [ 127.391599433801275, 36.473263066834008 ], [ 127.391566423693362, 36.473262021259124 ], [ 127.391481973415011, 36.473238191496101 ], [ 127.390257863922201, 36.473643548389823 ], [ 127.39020520846033, 36.473647739031556 ], [ 127.390170063934207, 36.473650538920637 ], [ 127.389101571992711, 36.47400432691726 ], [ 127.389117198518321, 36.47405246964955 ], [ 127.389171092636118, 36.474218511648935 ], [ 127.389183376490649, 36.474256383111396 ], [ 127.389185584170647, 36.474262783113709 ], [ 127.38917951096613, 36.474367426316853 ], [ 127.389178915918421, 36.474377890597196 ], [ 127.389174163542876, 36.474378077253583 ], [ 127.389107284121337, 36.474380637478561 ], [ 127.38906456570173, 36.474410883625232 ], [ 127.389029346752054, 36.474412259604321 ], [ 127.38899093663521, 36.474467435556306 ], [ 127.388922678107747, 36.474515751522567 ], [ 127.388807634278308, 36.474597778107103 ], [ 127.388744524729347, 36.474674084990347 ], [ 127.388661406023104, 36.474772291609085 ], [ 127.388599752417605, 36.475031481996602 ], [ 127.388120057868733, 36.475458875215089 ], [ 127.387808268121603, 36.475850560237461 ], [ 127.387670672300871, 36.476031929338738 ], [ 127.387446801505931, 36.476256318842182 ], [ 127.387098093972128, 36.476398088456087 ], [ 127.387013382440969, 36.476430064575474 ], [ 127.386658765136531, 36.476563966939523 ], [ 127.386090326540199, 36.476511839366459 ], [ 127.385764680924979, 36.476771401104536 ], [ 127.385745373168405, 36.47725206424299 ], [ 127.385687984767529, 36.477385294692482 ], [ 127.38550030181284, 36.477571111973091 ], [ 127.385288332215183, 36.477753672811389 ], [ 127.384834498544492, 36.477722762199122 ], [ 127.384422353979417, 36.478057150144011 ], [ 127.384469746447635, 36.478245824869738 ], [ 127.384116013805951, 36.479109278159811 ], [ 127.384079781183218, 36.479197724956606 ], [ 127.383892655403173, 36.479478167548301 ], [ 127.383885869989214, 36.479643775423163 ], [ 127.383471156644305, 36.479994235730132 ], [ 127.38328306249889, 36.480153178527615 ], [ 127.383069107850787, 36.480527380055584 ], [ 127.382793009648438, 36.480861110911647 ], [ 127.382715794973223, 36.480882651750591 ], [ 127.382470844065054, 36.480950776862471 ], [ 127.382068539853307, 36.48113288507075 ], [ 127.381807827298999, 36.481369204445933 ], [ 127.381698640180048, 36.481468174096406 ], [ 127.381951456938069, 36.48201104940371 ], [ 127.381890865559669, 36.482493248966513 ], [ 127.382389103055772, 36.482744720246501 ], [ 127.382456454267214, 36.483115111603823 ], [ 127.382459541093127, 36.483672696383408 ], [ 127.382516379917533, 36.483846797017044 ], [ 127.382787220886769, 36.484009201984229 ], [ 127.382825283234496, 36.485418305035111 ], [ 127.383707411644451, 36.485731254133114 ], [ 127.383895972446808, 36.485501226723763 ], [ 127.384364067644896, 36.485180430943032 ], [ 127.385173150477954, 36.485179129901269 ], [ 127.385730396822765, 36.485035649371149 ], [ 127.385740106387715, 36.485015468434106 ], [ 127.387286387995402, 36.485113750900062 ], [ 127.387376733148031, 36.485270781207795 ], [ 127.387925780519595, 36.48562076757861 ], [ 127.388311803453789, 36.486078913069562 ], [ 127.388571655166672, 36.486255884942828 ], [ 127.388588943632612, 36.48628546761406 ], [ 127.388962829850641, 36.486606486594908 ], [ 127.389005731763902, 36.486640870252231 ], [ 127.389129805432432, 36.486739341197392 ], [ 127.389540256784301, 36.487065069696307 ], [ 127.389894578117421, 36.487259024417874 ], [ 127.390789647846759, 36.487115231260034 ], [ 127.390945020715833, 36.486824329427769 ], [ 127.391113113837136, 36.486782895629844 ], [ 127.391574892356303, 36.486669040888785 ], [ 127.392562111005603, 36.487056267857859 ], [ 127.393050096861543, 36.486785891306589 ], [ 127.393527425092529, 36.486954722068802 ], [ 127.393886061594458, 36.487077487116217 ], [ 127.39413119919179, 36.4873939567848 ], [ 127.394237519446051, 36.487451496612792 ], [ 127.394565052928755, 36.487628728192995 ], [ 127.39484894793577, 36.487760883147565 ], [ 127.394869295665615, 36.487799042744214 ], [ 127.394887086646861, 36.487801660500317 ], [ 127.394878402936428, 36.487814647628312 ], [ 127.395038229705492, 36.487884148783479 ], [ 127.395065907162177, 36.487853427497981 ], [ 127.395249578394797, 36.487935258520224 ], [ 127.395351780800624, 36.4879065440945 ], [ 127.395426302031112, 36.487896781983622 ], [ 127.395532062254915, 36.487889692207027 ], [ 127.395607558023073, 36.487896075326141 ], [ 127.395650732211209, 36.487893166198923 ], [ 127.395697165927928, 36.487903637338157 ], [ 127.395690374113713, 36.487997054689501 ], [ 127.395692146433504, 36.488040691401601 ], [ 127.395768069139194, 36.488034393864766 ], [ 127.395814737310772, 36.488044864183038 ], [ 127.395854833795468, 36.48807104517747 ], [ 127.396114810384972, 36.488193138238522 ], [ 127.39618048825254, 36.488202220858227 ], [ 127.396290570746359, 36.488208921689122 ], [ 127.396411353754473, 36.488210846969842 ], [ 127.396478149145295, 36.488209229108435 ], [ 127.396518049715922, 36.488203356717079 ], [ 127.396605590403567, 36.488216908506871 ], [ 127.396680909492218, 36.48823896248205 ], [ 127.396721683909405, 36.488264510134947 ], [ 127.396703220627685, 36.488309727778137 ], [ 127.396688472170609, 36.488378831541048 ], [ 127.396664262803, 36.488419922930355 ], [ 127.39664662552245, 36.488469580484349 ], [ 127.396630013994468, 36.488543223178766 ], [ 127.396672742738133, 36.488562411286964 ], [ 127.396712922407943, 36.488574101265975 ], [ 127.396710770967431, 36.488581173386208 ], [ 127.39670053508631, 36.488609314070686 ], [ 127.396696416499012, 36.488617996747926 ], [ 127.396722373054232, 36.488626453653417 ], [ 127.396724302553409, 36.488624023176442 ], [ 127.396731785539103, 36.488631748257248 ], [ 127.396768115459309, 36.488650110446876 ], [ 127.397219890935048, 36.489076955343286 ], [ 127.398113558878279, 36.489838693800081 ], [ 127.398922406301864, 36.489104667584371 ], [ 127.400162766750583, 36.487983945145473 ], [ 127.401106887178571, 36.487149767506899 ], [ 127.401505456626552, 36.486799516890713 ], [ 127.402371350111892, 36.486049226365559 ], [ 127.403014105745243, 36.485483621825658 ], [ 127.404139475544568, 36.481132825958085 ], [ 127.404173404146675, 36.480982078296186 ], [ 127.404160316777592, 36.476567692646263 ], [ 127.403314828712311, 36.474863920138375 ], [ 127.402494447405019, 36.473223054629798 ] ] ] ] } },
{ "type": "Feature", "properties": { "EMD_CD": "30200150", "EMD_ENG_NM": "Geumtan-dong", "EMD_KOR_NM": "금탄동" }, "geometry": { "type": "MultiPolygon", "coordinates": [ [ [ [ 127.381698640180048, 36.481468174096406 ], [ 127.381411808709871, 36.48137441291734 ], [ 127.380875909604683, 36.48117540494296 ], [ 127.380511602230911, 36.48104012863223 ], [ 127.38041752718263, 36.480631134552887 ], [ 127.380212905323432, 36.480582725560758 ], [ 127.379711540464115, 36.480464129382881 ], [ 127.379285069598822, 36.480263893223757 ], [ 127.378853570022017, 36.480059408994514 ], [ 127.378672423998381, 36.479984690662455 ], [ 127.378284812628152, 36.4796852106751 ], [ 127.378092721390928, 36.479624349640915 ], [ 127.377938181350657, 36.479575382166473 ], [ 127.377339817482579, 36.479487865177042 ], [ 127.37727620547966, 36.479479432493918 ], [ 127.376615756036685, 36.479391927125434 ], [ 127.376367167269649, 36.479323491001793 ], [ 127.376280011998972, 36.478907505858402 ], [ 127.375930596746585, 36.478653748650665 ], [ 127.375781506624577, 36.478553990508843 ], [ 127.37540599007022, 36.478721997468782 ], [ 127.375036924428528, 36.478904545628538 ], [ 127.374908330882405, 36.478943814648623 ], [ 127.374166036729676, 36.478631913233365 ], [ 127.37390278130502, 36.479063024887935 ], [ 127.373849663367849, 36.479554596396603 ], [ 127.373931933373584, 36.480097201006181 ], [ 127.373622987948025, 36.480458435248401 ], [ 127.373576265835553, 36.480673180600462 ], [ 127.373608349483959, 36.480904603798756 ], [ 127.373369889229991, 36.480887216015745 ], [ 127.373120477811185, 36.481023147327861 ], [ 127.372871766974527, 36.481154074559996 ], [ 127.372783162404644, 36.481492731753605 ], [ 127.372765591596973, 36.481547504191965 ], [ 127.372754401385833, 36.481952650550234 ], [ 127.372421875405053, 36.482400573399403 ], [ 127.372119820936376, 36.482808560870772 ], [ 127.37204485686614, 36.482905378809306 ], [ 127.371784140263401, 36.482951506879068 ], [ 127.371643339114144, 36.482976229666683 ], [ 127.371503692618333, 36.483215647422973 ], [ 127.371539761834185, 36.483558783161136 ], [ 127.371583864542259, 36.483927396462299 ], [ 127.371213785973509, 36.484303106101677 ], [ 127.371004187344838, 36.484467115545591 ], [ 127.370802704648867, 36.484617834593713 ], [ 127.371155357833658, 36.484886222146983 ], [ 127.371196899279028, 36.48513640549222 ], [ 127.371206091774098, 36.485199196077552 ], [ 127.371235053783849, 36.485397097686466 ], [ 127.371262496719226, 36.485594679575151 ], [ 127.370903733056352, 36.486195468996861 ], [ 127.371120424904689, 36.486341973531914 ], [ 127.371353280373427, 36.48649625854852 ], [ 127.37121161063105, 36.486797536930858 ], [ 127.371057131548838, 36.48712533955198 ], [ 127.370610613664525, 36.487247241178849 ], [ 127.370184985156968, 36.487361975546342 ], [ 127.37021811803281, 36.48804472722712 ], [ 127.370094187366178, 36.488110830850168 ], [ 127.369781000935703, 36.488274977784009 ], [ 127.369508884093221, 36.488415963892173 ], [ 127.369465105157957, 36.488435221266919 ], [ 127.369316282925183, 36.488484071760006 ], [ 127.369198281340417, 36.488522806329904 ], [ 127.369154196576886, 36.488583373817448 ], [ 127.368905228578868, 36.489590335911927 ], [ 127.370819638853035, 36.490157771849333 ], [ 127.371432833496598, 36.490541401758577 ], [ 127.371951137604071, 36.490880535243846 ], [ 127.372701117405782, 36.49137964737141 ], [ 127.373208810571541, 36.491768201765964 ], [ 127.374214173253478, 36.492537520069881 ], [ 127.377591136586176, 36.495619262667205 ], [ 127.379402920334584, 36.49826995666956 ], [ 127.380081384717514, 36.499215973987972 ], [ 127.380336594430176, 36.499539368152611 ], [ 127.383855139654642, 36.500230641377172 ], [ 127.385383741785091, 36.49944487300084 ], [ 127.386932424177573, 36.498638715914069 ], [ 127.389158184737369, 36.496960438770046 ], [ 127.390893793691902, 36.495697407457719 ], [ 127.390912713249449, 36.495679881599713 ], [ 127.390945724316381, 36.495654712922239 ], [ 127.391058872083789, 36.495576060861254 ], [ 127.391275741663563, 36.495413622962502 ], [ 127.391434315011509, 36.495294902115887 ], [ 127.391504563407821, 36.495239746987032 ], [ 127.391981247078576, 36.494896977821867 ], [ 127.392661906484065, 36.494230631538329 ], [ 127.392963512563256, 36.493939301484417 ], [ 127.393349121290299, 36.493563222223479 ], [ 127.393479818757399, 36.493475912337367 ], [ 127.393797745669872, 36.493263927063587 ], [ 127.395759898819833, 36.49195602475065 ], [ 127.396140666660031, 36.491708392222087 ], [ 127.396143146924459, 36.49170666301756 ], [ 127.396208843889099, 36.491663920645621 ], [ 127.396475880299363, 36.491402272032786 ], [ 127.396897045119388, 36.490996766898817 ], [ 127.396968901030647, 36.490929789774377 ], [ 127.397715428110587, 36.490210901393795 ], [ 127.398113558878279, 36.489838693800081 ], [ 127.397219890935048, 36.489076955343286 ], [ 127.396768115459309, 36.488650110446876 ], [ 127.396731785539103, 36.488631748257248 ], [ 127.396724302553409, 36.488624023176442 ], [ 127.396722373054232, 36.488626453653417 ], [ 127.396696416499012, 36.488617996747926 ], [ 127.39670053508631, 36.488609314070686 ], [ 127.396710770967431, 36.488581173386208 ], [ 127.396712922407943, 36.488574101265975 ], [ 127.396672742738133, 36.488562411286964 ], [ 127.396630013994468, 36.488543223178766 ], [ 127.39664662552245, 36.488469580484349 ], [ 127.396664262803, 36.488419922930355 ], [ 127.396688472170609, 36.488378831541048 ], [ 127.396703220627685, 36.488309727778137 ], [ 127.396721683909405, 36.488264510134947 ], [ 127.396680909492218, 36.48823896248205 ], [ 127.396605590403567, 36.488216908506871 ], [ 127.396518049715922, 36.488203356717079 ], [ 127.396478149145295, 36.488209229108435 ], [ 127.396411353754473, 36.488210846969842 ], [ 127.396290570746359, 36.488208921689122 ], [ 127.39618048825254, 36.488202220858227 ], [ 127.396114810384972, 36.488193138238522 ], [ 127.395854833795468, 36.48807104517747 ], [ 127.395814737310772, 36.488044864183038 ], [ 127.395768069139194, 36.488034393864766 ], [ 127.395692146433504, 36.488040691401601 ], [ 127.395690374113713, 36.487997054689501 ], [ 127.395697165927928, 36.487903637338157 ], [ 127.395650732211209, 36.487893166198923 ], [ 127.395607558023073, 36.487896075326141 ], [ 127.395532062254915, 36.487889692207027 ], [ 127.395426302031112, 36.487896781983622 ], [ 127.395351780800624, 36.4879065440945 ], [ 127.395249578394797, 36.487935258520224 ], [ 127.395065907162177, 36.487853427497981 ], [ 127.395038229705492, 36.487884148783479 ], [ 127.394878402936428, 36.487814647628312 ], [ 127.394887086646861, 36.487801660500317 ], [ 127.394869295665615, 36.487799042744214 ], [ 127.39484894793577, 36.487760883147565 ], [ 127.394565052928755, 36.487628728192995 ], [ 127.394237519446051, 36.487451496612792 ], [ 127.39413119919179, 36.4873939567848 ], [ 127.393886061594458, 36.487077487116217 ], [ 127.393527425092529, 36.486954722068802 ], [ 127.393050096861543, 36.486785891306589 ], [ 127.392562111005603, 36.487056267857859 ], [ 127.391574892356303, 36.486669040888785 ], [ 127.391113113837136, 36.486782895629844 ], [ 127.390945020715833, 36.486824329427769 ], [ 127.390789647846759, 36.487115231260034 ], [ 127.389894578117421, 36.487259024417874 ], [ 127.389540256784301, 36.487065069696307 ], [ 127.389129805432432, 36.486739341197392 ], [ 127.389005731763902, 36.486640870252231 ], [ 127.388962829850641, 36.486606486594908 ], [ 127.388588943632612, 36.48628546761406 ], [ 127.388571655166672, 36.486255884942828 ], [ 127.388311803453789, 36.486078913069562 ], [ 127.387925780519595, 36.48562076757861 ], [ 127.387376733148031, 36.485270781207795 ], [ 127.387286387995402, 36.485113750900062 ], [ 127.385740106387715, 36.485015468434106 ], [ 127.385730396822765, 36.485035649371149 ], [ 127.385173150477954, 36.485179129901269 ], [ 127.384364067644896, 36.485180430943032 ], [ 127.383895972446808, 36.485501226723763 ], [ 127.383707411644451, 36.485731254133114 ], [ 127.382825283234496, 36.485418305035111 ], [ 127.382787220886769, 36.484009201984229 ], [ 127.382516379917533, 36.483846797017044 ], [ 127.382459541093127, 36.483672696383408 ], [ 127.382456454267214, 36.483115111603823 ], [ 127.382389103055772, 36.482744720246501 ], [ 127.381890865559669, 36.482493248966513 ], [ 127.381951456938069, 36.48201104940371 ], [ 127.381698640180048, 36.481468174096406 ] ] ] ] } },
{ "type": "Feature", "properties": { "EMD_CD": "30200151", "EMD_ENG_NM": "Sin-dong", "EMD_KOR_NM": "신동" }, "geometry": { "type": "MultiPolygon", "coordinates": [ [ [ [ 127.362343493787904, 36.470724831163693 ], [ 127.362081894817479, 36.471202638922065 ], [ 127.36202543992232, 36.471735605596798 ], [ 127.362249136422804, 36.471891504584072 ], [ 127.362710146215335, 36.472843365839815 ], [ 127.362915148302022, 36.473588437970463 ], [ 127.363330065603122, 36.473847685486653 ], [ 127.363394492405263, 36.473869451277857 ], [ 127.363432316142635, 36.473905094384129 ], [ 127.363636587241814, 36.474080757318006 ], [ 127.363663036335751, 36.47410827973912 ], [ 127.363753302416697, 36.474172500954936 ], [ 127.363852159483173, 36.4743614424277 ], [ 127.363986435356153, 36.474816674408679 ], [ 127.36398747510961, 36.474927341574869 ], [ 127.36394475874711, 36.47503927687562 ], [ 127.363890852913116, 36.475218814258533 ], [ 127.363015556266248, 36.475800746798107 ], [ 127.362897893162142, 36.475918532114626 ], [ 127.362824802738885, 36.475948878493611 ], [ 127.362825998902494, 36.475942448909819 ], [ 127.362721263625957, 36.475914839984561 ], [ 127.362574933409888, 36.475979489766345 ], [ 127.362517636503796, 36.475994036743231 ], [ 127.362464320967064, 36.476000947844724 ], [ 127.362414421694268, 36.476068405619856 ], [ 127.362373030610513, 36.476091347755435 ], [ 127.362312464831547, 36.476151790905583 ], [ 127.36230187160443, 36.476160555025459 ], [ 127.362223972269902, 36.476280192914309 ], [ 127.362200709343171, 36.476340802654846 ], [ 127.362213257878579, 36.476453129085201 ], [ 127.362182563036058, 36.476602749308746 ], [ 127.362111629222738, 36.476643524780485 ], [ 127.36207215243968, 36.476701660001822 ], [ 127.362029757846443, 36.476736977712292 ], [ 127.361986305835401, 36.476688393298943 ], [ 127.361943965423492, 36.47665585449819 ], [ 127.361898784832775, 36.476650917031662 ], [ 127.361841794753971, 36.476657289484187 ], [ 127.361954360406443, 36.476717497761847 ], [ 127.361985727612932, 36.476751475552845 ], [ 127.361958287660514, 36.47677521362796 ], [ 127.361948168057339, 36.476811569056714 ], [ 127.361911608817522, 36.47682266499146 ], [ 127.361893257477391, 36.476888621413011 ], [ 127.361761906274253, 36.476986171056318 ], [ 127.361719795170316, 36.477003194739552 ], [ 127.361646004211451, 36.476957233512813 ], [ 127.361581445202575, 36.477023049916212 ], [ 127.361562490139264, 36.477108148745607 ], [ 127.361503800489231, 36.477198161404075 ], [ 127.361469134524313, 36.477317091386212 ], [ 127.361410275349471, 36.477370500238244 ], [ 127.361381259979382, 36.477504912666134 ], [ 127.361359993466408, 36.477543843840948 ], [ 127.361319785364486, 36.477634638349201 ], [ 127.361298393813797, 36.477646535389923 ], [ 127.361250618372935, 36.47768385185919 ], [ 127.361226272378715, 36.477809806836241 ], [ 127.361151551133702, 36.477862118232821 ], [ 127.361161783005855, 36.477929682992531 ], [ 127.361104447846145, 36.478122197166627 ], [ 127.361089174299352, 36.478173491691742 ], [ 127.360571038408665, 36.47859916870555 ], [ 127.360436499379688, 36.479068721375278 ], [ 127.360433746283036, 36.479187852593157 ], [ 127.360461461416605, 36.479375884241144 ], [ 127.360604431071295, 36.479640022552594 ], [ 127.36077343060937, 36.479952248845152 ], [ 127.360789293903494, 36.480367009318272 ], [ 127.360820522081127, 36.480597834869037 ], [ 127.360609847968789, 36.480964272273873 ], [ 127.360306352915671, 36.481471523509462 ], [ 127.360258227373109, 36.481619807839891 ], [ 127.360041362143065, 36.481702113089348 ], [ 127.360003240932443, 36.481697098981151 ], [ 127.359902306913057, 36.481760014030755 ], [ 127.359625529418267, 36.481823043471344 ], [ 127.35941914802541, 36.481875199344429 ], [ 127.359277109279191, 36.482075292797191 ], [ 127.359137361225692, 36.48209906931698 ], [ 127.359132185340457, 36.482145557493546 ], [ 127.359084483701437, 36.482163444022589 ], [ 127.359024332266742, 36.48216503010137 ], [ 127.359063359699178, 36.482233914014046 ], [ 127.359077529702503, 36.482318344955125 ], [ 127.359069106977955, 36.482384551098015 ], [ 127.359016238866602, 36.482450880506327 ], [ 127.358955537654452, 36.482522325420689 ], [ 127.358912716103475, 36.48249963674283 ], [ 127.358867641524029, 36.482554967134568 ], [ 127.358856862188802, 36.482564857936332 ], [ 127.358825866862517, 36.482723778316881 ], [ 127.358788605911343, 36.482811193122728 ], [ 127.358734113696585, 36.482791359816488 ], [ 127.358780314513609, 36.482560860809841 ], [ 127.35810172701062, 36.482529655763628 ], [ 127.357974162995859, 36.482772509540411 ], [ 127.357763306194343, 36.483181197501111 ], [ 127.357891366653632, 36.483655594341535 ], [ 127.357945392311422, 36.484107143329325 ], [ 127.357990371108173, 36.484179091542465 ], [ 127.358420707696368, 36.484788901786487 ], [ 127.359060934819183, 36.485237280147686 ], [ 127.359157192153603, 36.486071392022225 ], [ 127.359128760689629, 36.487317604038019 ], [ 127.360154811147311, 36.488538112886637 ], [ 127.360229390163354, 36.489737821744157 ], [ 127.360114785778535, 36.49003075998025 ], [ 127.360983937532339, 36.490883919557938 ], [ 127.361482854282173, 36.490612107299867 ], [ 127.361938176217478, 36.490311659853631 ], [ 127.362309893992176, 36.490189449042518 ], [ 127.362505291951962, 36.490057902800288 ], [ 127.363329351173789, 36.489671013549035 ], [ 127.363450260993972, 36.489611224639965 ], [ 127.363725836630934, 36.489548155601653 ], [ 127.365065623235154, 36.489110412164969 ], [ 127.365479823231695, 36.489046627862528 ], [ 127.36584698342206, 36.488954545478762 ], [ 127.366129873665471, 36.488855402081541 ], [ 127.367156446291304, 36.488561360956588 ], [ 127.367289405890901, 36.488544615728145 ], [ 127.36753421473631, 36.488466708596818 ], [ 127.367912312777833, 36.488290662485511 ], [ 127.368143057604627, 36.488226873331698 ], [ 127.368246194123145, 36.488242614684069 ], [ 127.368473480750438, 36.488299931705903 ], [ 127.368522591566304, 36.488358067078991 ], [ 127.368607805830067, 36.488421155369608 ], [ 127.368697206970552, 36.488446797645636 ], [ 127.368935317294728, 36.488538999964206 ], [ 127.369006993710755, 36.488578204457156 ], [ 127.369154196576886, 36.488583373817448 ], [ 127.369198281340417, 36.488522806329904 ], [ 127.369316282925183, 36.488484071760006 ], [ 127.369465105157957, 36.488435221266919 ], [ 127.369508884093221, 36.488415963892173 ], [ 127.369781000935703, 36.488274977784009 ], [ 127.370094187366178, 36.488110830850168 ], [ 127.37021811803281, 36.48804472722712 ], [ 127.370184985156968, 36.487361975546342 ], [ 127.370610613664525, 36.487247241178849 ], [ 127.371057131548838, 36.48712533955198 ], [ 127.37121161063105, 36.486797536930858 ], [ 127.371353280373427, 36.48649625854852 ], [ 127.371120424904689, 36.486341973531914 ], [ 127.370903733056352, 36.486195468996861 ], [ 127.371262496719226, 36.485594679575151 ], [ 127.371235053783849, 36.485397097686466 ], [ 127.371206091774098, 36.485199196077552 ], [ 127.371196899279028, 36.48513640549222 ], [ 127.371155357833658, 36.484886222146983 ], [ 127.370802704648867, 36.484617834593713 ], [ 127.371004187344838, 36.484467115545591 ], [ 127.371213785973509, 36.484303106101677 ], [ 127.371583864542259, 36.483927396462299 ], [ 127.371539761834185, 36.483558783161136 ], [ 127.371503692618333, 36.483215647422973 ], [ 127.371643339114144, 36.482976229666683 ], [ 127.371784140263401, 36.482951506879068 ], [ 127.37204485686614, 36.482905378809306 ], [ 127.372119820936376, 36.482808560870772 ], [ 127.372421875405053, 36.482400573399403 ], [ 127.372754401385833, 36.481952650550234 ], [ 127.372765591596973, 36.481547504191965 ], [ 127.372783162404644, 36.481492731753605 ], [ 127.372871766974527, 36.481154074559996 ], [ 127.373120477811185, 36.481023147327861 ], [ 127.373369889229991, 36.480887216015745 ], [ 127.373608349483959, 36.480904603798756 ], [ 127.373576265835553, 36.480673180600462 ], [ 127.373622987948025, 36.480458435248401 ], [ 127.373931933373584, 36.480097201006181 ], [ 127.373849663367849, 36.479554596396603 ], [ 127.37390278130502, 36.479063024887935 ], [ 127.374166036729676, 36.478631913233365 ], [ 127.374908330882405, 36.478943814648623 ], [ 127.375036924428528, 36.478904545628538 ], [ 127.37540599007022, 36.478721997468782 ], [ 127.375781506624577, 36.478553990508843 ], [ 127.375930596746585, 36.478653748650665 ], [ 127.376280011998972, 36.478907505858402 ], [ 127.376367167269649, 36.479323491001793 ], [ 127.376615756036685, 36.479391927125434 ], [ 127.37727620547966, 36.479479432493918 ], [ 127.377339817482579, 36.479487865177042 ], [ 127.377938181350657, 36.479575382166473 ], [ 127.378092721390928, 36.479624349640915 ], [ 127.378284812628152, 36.4796852106751 ], [ 127.378672423998381, 36.479984690662455 ], [ 127.378853570022017, 36.480059408994514 ], [ 127.379285069598822, 36.480263893223757 ], [ 127.379711540464115, 36.480464129382881 ], [ 127.379837287817935, 36.479963331724925 ], [ 127.379842471532626, 36.479895711085895 ], [ 127.379940775795873, 36.479619377405001 ], [ 127.380086526759342, 36.479444092168904 ], [ 127.380058917747263, 36.479227967034376 ], [ 127.380546194926183, 36.478684838616083 ], [ 127.380768342752958, 36.478529567680091 ], [ 127.38103347482766, 36.478187135104925 ], [ 127.380784014715829, 36.477530017086217 ], [ 127.380746136695748, 36.477430263074965 ], [ 127.380961376138401, 36.477074120460266 ], [ 127.381551218086855, 36.476879604741796 ], [ 127.381836392544386, 36.476603377018819 ], [ 127.381918281148842, 36.476194246430872 ], [ 127.381887389659781, 36.475894027780335 ], [ 127.382264923984152, 36.475708484642759 ], [ 127.382612962335529, 36.47541974473333 ], [ 127.382609709558395, 36.47540489516274 ], [ 127.38263038176153, 36.475353977267595 ], [ 127.382664692800802, 36.475208097708922 ], [ 127.38257712037209, 36.475113927874922 ], [ 127.382548528830839, 36.475083380078985 ], [ 127.382527731632692, 36.475060890703794 ], [ 127.382453055252256, 36.474982062226943 ], [ 127.382427163500225, 36.474928598555856 ], [ 127.38238051262266, 36.474842155971729 ], [ 127.382363970315723, 36.47481355220301 ], [ 127.382368255080706, 36.474809005745094 ], [ 127.38242908492947, 36.474744370373486 ], [ 127.382619699415343, 36.474607949503955 ], [ 127.382606131081303, 36.474591961379105 ], [ 127.382446305207367, 36.474626508092527 ], [ 127.382304027422478, 36.474637559692638 ], [ 127.382238189599647, 36.474643293804469 ], [ 127.382228881872948, 36.474642899958553 ], [ 127.382000038723774, 36.474633149437281 ], [ 127.381653642281094, 36.474608976114219 ], [ 127.381181482007563, 36.474550093168943 ], [ 127.381094443075355, 36.474354297859982 ], [ 127.38097586188529, 36.474312032565038 ], [ 127.380931517529149, 36.474302360038557 ], [ 127.380864174437136, 36.474287669109621 ], [ 127.380833698306859, 36.474273176366751 ], [ 127.380895250590328, 36.474258147775508 ], [ 127.380845844060531, 36.474217140304262 ], [ 127.380816502966923, 36.474234067046638 ], [ 127.38056383320864, 36.473297439572221 ], [ 127.380630354599546, 36.473281061631582 ], [ 127.381195029028703, 36.4731755260282 ], [ 127.381238776296968, 36.473088083416741 ], [ 127.381174911191408, 36.473015329502076 ], [ 127.381442846649605, 36.472503894148076 ], [ 127.381593852844091, 36.472329707600984 ], [ 127.381554755988915, 36.471973120812805 ], [ 127.381614868081172, 36.471766367707957 ], [ 127.381699222183741, 36.471696052597622 ], [ 127.381771518068845, 36.471464235646948 ], [ 127.381561336991808, 36.471072237915827 ], [ 127.381506488020506, 36.470624504772232 ], [ 127.38148390921441, 36.470094952499103 ], [ 127.381507288125277, 36.469951802390682 ], [ 127.381359963707865, 36.469766039614058 ], [ 127.381312637935139, 36.469325383399529 ], [ 127.381097010493392, 36.468995446247028 ], [ 127.380791313551683, 36.468915260519303 ], [ 127.380478037050182, 36.468962520788608 ], [ 127.380108935941379, 36.468322811846136 ], [ 127.38012440997953, 36.468242326032758 ], [ 127.380016334695696, 36.467912613323797 ], [ 127.380168344688229, 36.467372458864638 ], [ 127.380268208599077, 36.467209141788061 ], [ 127.37987853694581, 36.466893920600334 ], [ 127.379240128678774, 36.466625282114691 ], [ 127.379013748284933, 36.466628404457531 ], [ 127.378639805576867, 36.466633560751276 ], [ 127.378022498655767, 36.466258242856014 ], [ 127.378009300735727, 36.466288364918761 ], [ 127.377732489374097, 36.4664201751063 ], [ 127.377155911048064, 36.466694724680465 ], [ 127.377021426440393, 36.466706421295683 ], [ 127.376821234628792, 36.466731138776225 ], [ 127.37641660734441, 36.46662225379643 ], [ 127.375942535473371, 36.466936820005401 ], [ 127.375727743344186, 36.466944018022083 ], [ 127.374909650104442, 36.466676487336223 ], [ 127.374066086573819, 36.46658982851141 ], [ 127.373376786489857, 36.466406458221513 ], [ 127.373257488263704, 36.465808663611206 ], [ 127.372916920968308, 36.465234176499195 ], [ 127.373033555061568, 36.464923619100915 ], [ 127.372745894775832, 36.464273621405326 ], [ 127.372972877681661, 36.46389067365196 ], [ 127.372934214571657, 36.462647438767455 ], [ 127.373079304502141, 36.462039944168758 ], [ 127.373223553712876, 36.461841097379683 ], [ 127.373248188460849, 36.461682562080476 ], [ 127.372915250247203, 36.46135416441458 ], [ 127.372490909391686, 36.461097601411637 ], [ 127.371734374468616, 36.461469350788462 ], [ 127.371386503364761, 36.46164316218271 ], [ 127.370788735917301, 36.461942528530855 ], [ 127.37025159279483, 36.461998087146704 ], [ 127.369819289895204, 36.462529011007227 ], [ 127.369720968806277, 36.46275067335484 ], [ 127.369655924751285, 36.462879909955781 ], [ 127.36947534665687, 36.463082667296604 ], [ 127.368751714671362, 36.462991347493265 ], [ 127.368519323057626, 36.463146636926503 ], [ 127.368558436921177, 36.463773763438851 ], [ 127.368593174523724, 36.464236839635802 ], [ 127.368403771398661, 36.464485797483832 ], [ 127.368552988330691, 36.464726712179129 ], [ 127.368650223141245, 36.46529563458045 ], [ 127.368680127023993, 36.465499941798107 ], [ 127.368364562602736, 36.465777773001932 ], [ 127.368550463295918, 36.466200463299991 ], [ 127.368249452143033, 36.466612638134976 ], [ 127.367424626092784, 36.46695032611634 ], [ 127.36723016723785, 36.467386394564791 ], [ 127.367565648140385, 36.468174477215676 ], [ 127.367529511912835, 36.468687451216816 ], [ 127.36680887123859, 36.468925661656009 ], [ 127.366222445263418, 36.468817956313444 ], [ 127.365717717481772, 36.46899723172033 ], [ 127.365669620616686, 36.469455631863319 ], [ 127.365530431400387, 36.469605548451092 ], [ 127.365397335827367, 36.469777434380148 ], [ 127.365093674560569, 36.470259376276339 ], [ 127.363758553921016, 36.470179737407925 ], [ 127.363481689203155, 36.47041623747711 ], [ 127.363204541206741, 36.470440832098724 ], [ 127.362982696261511, 36.470457310432344 ], [ 127.36275318400024, 36.470615211168756 ], [ 127.362649905487331, 36.470688688192787 ], [ 127.362343493787904, 36.470724831163693 ] ] ] ] } },
{ "type": "Feature", "properties": { "EMD_CD": "30200152", "EMD_ENG_NM": "Dungok-dong", "EMD_KOR_NM": "둔곡동" }, "geometry": { "type": "MultiPolygon", "coordinates": [ [ [ [ 127.359375596207784, 36.467318649463273 ], [ 127.359315811042464, 36.467283340921924 ], [ 127.358991477681087, 36.467604221663095 ], [ 127.359485814240387, 36.468012205611466 ], [ 127.359718910993038, 36.468204415550574 ], [ 127.359731190394214, 36.468562298178533 ], [ 127.360016697591107, 36.469004699096814 ], [ 127.359781659067281, 36.469831364178795 ], [ 127.359973915067329, 36.469918221205475 ], [ 127.360322868841422, 36.470075869541944 ], [ 127.360755269478375, 36.470464316575239 ], [ 127.361520890050926, 36.470705202085085 ], [ 127.362179408593505, 36.47057828785433 ], [ 127.362361423874191, 36.470692084925574 ], [ 127.362343493787904, 36.470724831163693 ], [ 127.362649905487331, 36.470688688192787 ], [ 127.36275318400024, 36.470615211168756 ], [ 127.362982696261511, 36.470457310432344 ], [ 127.363204541206741, 36.470440832098724 ], [ 127.363481689203155, 36.47041623747711 ], [ 127.363758553921016, 36.470179737407925 ], [ 127.365093674560569, 36.470259376276339 ], [ 127.365397335827367, 36.469777434380148 ], [ 127.365530431400387, 36.469605548451092 ], [ 127.365669620616686, 36.469455631863319 ], [ 127.365717717481772, 36.46899723172033 ], [ 127.366222445263418, 36.468817956313444 ], [ 127.36680887123859, 36.468925661656009 ], [ 127.367529511912835, 36.468687451216816 ], [ 127.367565648140385, 36.468174477215676 ], [ 127.36723016723785, 36.467386394564791 ], [ 127.367424626092784, 36.46695032611634 ], [ 127.368249452143033, 36.466612638134976 ], [ 127.368550463295918, 36.466200463299991 ], [ 127.368364562602736, 36.465777773001932 ], [ 127.368680127023993, 36.465499941798107 ], [ 127.368650223141245, 36.46529563458045 ], [ 127.368552988330691, 36.464726712179129 ], [ 127.368403771398661, 36.464485797483832 ], [ 127.368593174523724, 36.464236839635802 ], [ 127.368558436921177, 36.463773763438851 ], [ 127.368519323057626, 36.463146636926503 ], [ 127.368751714671362, 36.462991347493265 ], [ 127.36947534665687, 36.463082667296604 ], [ 127.369655924751285, 36.462879909955781 ], [ 127.369720968806277, 36.46275067335484 ], [ 127.369819289895204, 36.462529011007227 ], [ 127.37025159279483, 36.461998087146704 ], [ 127.370788735917301, 36.461942528530855 ], [ 127.371386503364761, 36.46164316218271 ], [ 127.371734374468616, 36.461469350788462 ], [ 127.372490909391686, 36.461097601411637 ], [ 127.372093725073796, 36.460463559019601 ], [ 127.372111708314435, 36.460282993368658 ], [ 127.372381777887156, 36.460209206212475 ], [ 127.372787569636472, 36.460095489817469 ], [ 127.372830792808756, 36.460080161928339 ], [ 127.372924351180316, 36.459634323089233 ], [ 127.373011818047331, 36.459195631222094 ], [ 127.373060963704532, 36.458974371479577 ], [ 127.373384848569458, 36.458628320533798 ], [ 127.373798120032632, 36.45803698456524 ], [ 127.373800599335127, 36.457820510965355 ], [ 127.373573702524681, 36.457787290065305 ], [ 127.373714894309842, 36.457459443078704 ], [ 127.373910864760305, 36.457102561091908 ], [ 127.374176154727124, 36.456951105415911 ], [ 127.374265956543695, 36.4568998287684 ], [ 127.374429572924782, 36.456771417079011 ], [ 127.373900294531339, 36.455708330410843 ], [ 127.374030076092637, 36.454399865768778 ], [ 127.374018716030108, 36.454191392406791 ], [ 127.374047791863987, 36.453914999086031 ], [ 127.374077558940911, 36.453629240606119 ], [ 127.374221817515206, 36.453447757570835 ], [ 127.374311220729027, 36.453335014449095 ], [ 127.374386401405857, 36.453240978573675 ], [ 127.374388091627907, 36.453109359853386 ], [ 127.37439204524479, 36.452891295431087 ], [ 127.374446871257831, 36.452373925185547 ], [ 127.374599126493592, 36.452048412357129 ], [ 127.374883818388867, 36.451084666670127 ], [ 127.374521203630991, 36.450383621417856 ], [ 127.374787788323871, 36.4500766931831 ], [ 127.374926698605279, 36.449916754497444 ], [ 127.375004878211385, 36.449692915624993 ], [ 127.37453500418961, 36.449037542845147 ], [ 127.374147909077763, 36.44849775309202 ], [ 127.373453739767285, 36.448443118319304 ], [ 127.372931776671322, 36.448574491712812 ], [ 127.372892001125891, 36.448787585200442 ], [ 127.372476303863209, 36.449219151785407 ], [ 127.371470855859229, 36.449521770719919 ], [ 127.370965912683133, 36.449671466310456 ], [ 127.370498382925703, 36.449810068066206 ], [ 127.37033797296742, 36.44989309148928 ], [ 127.370065694740205, 36.450016327196771 ], [ 127.36975979306969, 36.44991241301976 ], [ 127.369318899395992, 36.4500610389318 ], [ 127.36939324502903, 36.450136795126532 ], [ 127.36945232313073, 36.450222610155315 ], [ 127.369310764540799, 36.450417136938846 ], [ 127.369156832542103, 36.450637186290919 ], [ 127.369084100749731, 36.451007559211241 ], [ 127.369003801231614, 36.451100381983821 ], [ 127.367986081729896, 36.451076413191565 ], [ 127.367832925384008, 36.451353366304936 ], [ 127.367818807884774, 36.451373271058337 ], [ 127.367360210715319, 36.451555124538615 ], [ 127.36690206842178, 36.451917656188016 ], [ 127.366758157935834, 36.45238579539091 ], [ 127.366749455450403, 36.452413983071075 ], [ 127.366513038887206, 36.452509093068308 ], [ 127.366129650296344, 36.452638697221623 ], [ 127.365638147270772, 36.452730159752697 ], [ 127.365466647129722, 36.452471294729705 ], [ 127.364803391244251, 36.452402178148255 ], [ 127.36418537266961, 36.452609304283499 ], [ 127.363943127625717, 36.452874240304567 ], [ 127.363562382307137, 36.453297874623559 ], [ 127.362977310964055, 36.453484600580836 ], [ 127.36246197675689, 36.453449555184939 ], [ 127.362089578193277, 36.45340379369965 ], [ 127.361991716278524, 36.4533871115502 ], [ 127.361940249182496, 36.453315228748181 ], [ 127.361873137395094, 36.453338609051166 ], [ 127.361849938475729, 36.453346591216096 ], [ 127.361591144031749, 36.453515806820199 ], [ 127.36151862238512, 36.453565868379286 ], [ 127.361468964018684, 36.453617383898333 ], [ 127.361411382708567, 36.453801086473334 ], [ 127.361383770955527, 36.453887365065086 ], [ 127.361361218516322, 36.453960480566266 ], [ 127.361343683935573, 36.453963155784379 ], [ 127.361213071825702, 36.45398306844389 ], [ 127.361177807532741, 36.453977569532974 ], [ 127.361185431741688, 36.453961803406351 ], [ 127.361161600798454, 36.453956170911191 ], [ 127.361115487162152, 36.453946820699365 ], [ 127.361042365170718, 36.453953970842477 ], [ 127.360934915325444, 36.453965162354436 ], [ 127.360912997224943, 36.453958262434682 ], [ 127.360865534480965, 36.453965975025781 ], [ 127.360787831042217, 36.453988359289937 ], [ 127.36072257018678, 36.454009345317459 ], [ 127.360535616324654, 36.454010511564441 ], [ 127.360399216936898, 36.454011597619505 ], [ 127.36024253642519, 36.454012429069287 ], [ 127.360205494693872, 36.454020632747564 ], [ 127.360164148163392, 36.454019378224885 ], [ 127.360116800557137, 36.45401093248848 ], [ 127.360058354219689, 36.454002610187977 ], [ 127.359829853696112, 36.453966285970225 ], [ 127.359797391937946, 36.454026814774885 ], [ 127.359767036204801, 36.45402864511501 ], [ 127.359635460165137, 36.453994291471957 ], [ 127.359583480605366, 36.453992545980817 ], [ 127.359496405375822, 36.45398798599112 ], [ 127.358554786253237, 36.453945000680385 ], [ 127.35829399603719, 36.454096949008182 ], [ 127.357989980414686, 36.454278520624484 ], [ 127.357558448644923, 36.454442675165971 ], [ 127.357877695727325, 36.454849494442144 ], [ 127.358064508759256, 36.45544820361561 ], [ 127.358621536185368, 36.455895699865046 ], [ 127.358370332799353, 36.456685528480826 ], [ 127.358087417769525, 36.456797323544286 ], [ 127.357908350557196, 36.457051028842507 ], [ 127.357938557615341, 36.457404073093194 ], [ 127.357801636553432, 36.457728906363769 ], [ 127.357752221242137, 36.458129778218606 ], [ 127.357312526720079, 36.458336381471874 ], [ 127.356771107873669, 36.458754777467796 ], [ 127.356678857155984, 36.458974158577007 ], [ 127.356890935123346, 36.459459572908031 ], [ 127.356764716621072, 36.459799304973245 ], [ 127.35697355664341, 36.459995233395929 ], [ 127.357094719530423, 36.460722832724294 ], [ 127.357660866110081, 36.461478959914444 ], [ 127.357170587519875, 36.461723454220078 ], [ 127.35703218048387, 36.462563353013664 ], [ 127.356066648440077, 36.464019323946836 ], [ 127.356737082591508, 36.464516911563472 ], [ 127.357228221128238, 36.46430508385798 ], [ 127.357916084590414, 36.464837811355714 ], [ 127.358549710882798, 36.465058393812555 ], [ 127.35855409379819, 36.465021487591748 ], [ 127.358492390626949, 36.464720633275974 ], [ 127.358489252914595, 36.464644603558376 ], [ 127.358498148807143, 36.464419288937023 ], [ 127.358523255677696, 36.464266865013713 ], [ 127.35854573646435, 36.464191605686466 ], [ 127.358627386254227, 36.464088296531635 ], [ 127.358669713312793, 36.463966514337478 ], [ 127.358685548363098, 36.463887048517265 ], [ 127.358724694743557, 36.463833141640364 ], [ 127.35927378308574, 36.463828126446479 ], [ 127.359121863522944, 36.464075551544383 ], [ 127.359087290192534, 36.464177881773061 ], [ 127.358971593520323, 36.464339868101838 ], [ 127.358849768712176, 36.464457670891242 ], [ 127.358813139174103, 36.464683339175224 ], [ 127.358847373436163, 36.464925141871937 ], [ 127.359007389081455, 36.465111362943261 ], [ 127.359101658343576, 36.465139530291445 ], [ 127.359177849558208, 36.465183800761629 ], [ 127.359357862104588, 36.465433610225581 ], [ 127.359446771032012, 36.465509094493726 ], [ 127.35950250499458, 36.465537088325988 ], [ 127.359837525147142, 36.465911755016343 ], [ 127.359929740804375, 36.46587148510374 ], [ 127.359976835207348, 36.465876696452234 ], [ 127.359970352864039, 36.466022026649007 ], [ 127.35997345598912, 36.466165354582579 ], [ 127.359923503561461, 36.466259287309988 ], [ 127.359900382297738, 36.466461827673371 ], [ 127.359895340663627, 36.466537323069204 ], [ 127.35983555458337, 36.466618038617661 ], [ 127.359796151071365, 36.466618715734988 ], [ 127.35964369796767, 36.466748434454779 ], [ 127.359567734331051, 36.466948321597059 ], [ 127.359464459981041, 36.467121814321615 ], [ 127.359375596207784, 36.467318649463273 ] ] ] ] } },
{ "type": "Feature", "properties": { "EMD_CD": "30200153", "EMD_ENG_NM": "Guryong-dong", "EMD_KOR_NM": "구룡동" }, "geometry": { "type": "MultiPolygon", "coordinates": [ [ [ [ 127.351218681369645, 36.428619730419896 ], [ 127.351206468503563, 36.428619279565702 ], [ 127.350619848266547, 36.428597331877604 ], [ 127.350417467501501, 36.428661184737884 ], [ 127.350108965891181, 36.428761753916902 ], [ 127.349636407023581, 36.42866097747936 ], [ 127.34933688280347, 36.428604392624941 ], [ 127.34928703493587, 36.428579197277379 ], [ 127.348877846119152, 36.42880002765348 ], [ 127.348588285056692, 36.42896999903774 ], [ 127.348107389646742, 36.428962961190088 ], [ 127.348026469076061, 36.428961781254216 ], [ 127.347287337604257, 36.429085328107298 ], [ 127.347134660562077, 36.429107623252399 ], [ 127.346627538650964, 36.429194393793892 ], [ 127.346372462495594, 36.429157516513101 ], [ 127.346256748457179, 36.429163789319254 ], [ 127.345904434227833, 36.429190705369493 ], [ 127.345768354452261, 36.429198838761636 ], [ 127.345667328075521, 36.42925843520878 ], [ 127.345068095936142, 36.429611909917355 ], [ 127.344615034534201, 36.429846360279036 ], [ 127.344194645285782, 36.429931231109286 ], [ 127.343972220612912, 36.42997069118379 ], [ 127.343733655502319, 36.430034699587523 ], [ 127.343697989265692, 36.430039046267346 ], [ 127.343182591757625, 36.430428110236853 ], [ 127.343045474482096, 36.430497810589792 ], [ 127.342921278881633, 36.430551559391319 ], [ 127.342887289676767, 36.430590054908194 ], [ 127.34275183347367, 36.430761671101038 ], [ 127.342337187882862, 36.430631421663726 ], [ 127.342112822571991, 36.430556635049108 ], [ 127.341666011106454, 36.430754622584296 ], [ 127.340849299129431, 36.430834542656235 ], [ 127.341008949259304, 36.430972131903381 ], [ 127.340897776452252, 36.431289547213851 ], [ 127.340863271817938, 36.431368775993441 ], [ 127.340855504941231, 36.431423993970739 ], [ 127.340821940422728, 36.43172175076819 ], [ 127.340763402636711, 36.431844420419708 ], [ 127.340593295823766, 36.432235213097755 ], [ 127.340675483736575, 36.432544977469817 ], [ 127.340688529647196, 36.432898140306897 ], [ 127.340638811341506, 36.433002761672924 ], [ 127.340587112567533, 36.433098088856376 ], [ 127.340475677627467, 36.433320603489705 ], [ 127.340542618199123, 36.434124408028751 ], [ 127.340778143790345, 36.434711464566966 ], [ 127.340710483617514, 36.434860347736233 ], [ 127.340436967295545, 36.435515869222826 ], [ 127.340336820033556, 36.43572934003064 ], [ 127.340252445835475, 36.435840809419261 ], [ 127.340147250610599, 36.435973190261279 ], [ 127.340160085281241, 36.436160143908189 ], [ 127.340913548015109, 36.43663335511404 ], [ 127.340913792081665, 36.436689406657351 ], [ 127.34090214591123, 36.436773346239072 ], [ 127.340900728169913, 36.436890789408302 ], [ 127.341078019082616, 36.437064316207916 ], [ 127.341262328132373, 36.437253602906971 ], [ 127.341318758196337, 36.437324687799119 ], [ 127.341345108599555, 36.437375014093718 ], [ 127.341407752277604, 36.437471998858037 ], [ 127.341497496032034, 36.43763254564891 ], [ 127.341593387095955, 36.437844602597153 ], [ 127.341667593673122, 36.437997029526507 ], [ 127.342199089840662, 36.438034939550704 ], [ 127.342235956180232, 36.438018495925348 ], [ 127.34231600319039, 36.437991232743734 ], [ 127.342581255436144, 36.437880372312229 ], [ 127.342604042553461, 36.437908747761625 ], [ 127.342646247991567, 36.438037041972237 ], [ 127.342947979306842, 36.438493516304788 ], [ 127.343108310946164, 36.438732143504076 ], [ 127.343062189867041, 36.438904342213007 ], [ 127.343018878982107, 36.439081597464835 ], [ 127.343039612121643, 36.439413102099138 ], [ 127.343053890792987, 36.439596282843638 ], [ 127.343145717136309, 36.439953391468109 ], [ 127.343200964191226, 36.440191192709612 ], [ 127.343556356429303, 36.440800698893739 ], [ 127.343730800895202, 36.44111758639179 ], [ 127.343719097897903, 36.441350505843758 ], [ 127.343948871356545, 36.44168665399507 ], [ 127.344002566866891, 36.442047809349276 ], [ 127.344083682070334, 36.442541806454855 ], [ 127.344196282832726, 36.442938577206782 ], [ 127.344260468083291, 36.443153805499385 ], [ 127.344623905524301, 36.443328486810934 ], [ 127.344650717871346, 36.443799542967042 ], [ 127.344766295350183, 36.444040828624011 ], [ 127.344858168934621, 36.444248677217011 ], [ 127.345333062588921, 36.444365587036131 ], [ 127.345929669769859, 36.44488681675962 ], [ 127.346045258384095, 36.444978004049482 ], [ 127.346214911123838, 36.445230964221984 ], [ 127.346411143794384, 36.445546649355144 ], [ 127.34665144117487, 36.445697465959249 ], [ 127.346792314045842, 36.445787741719123 ], [ 127.346884298850199, 36.445857873972571 ], [ 127.347316830445436, 36.446203287105902 ], [ 127.347805716376783, 36.446287759015938 ], [ 127.348031426178167, 36.446329908894462 ], [ 127.348252749665363, 36.446406423224175 ], [ 127.348963927762185, 36.446821427755474 ], [ 127.349010947082292, 36.446852543101897 ], [ 127.349003794578323, 36.446889457156054 ], [ 127.348957025747779, 36.447072077176131 ], [ 127.349270209432461, 36.447381784245771 ], [ 127.349441776442603, 36.447557856539973 ], [ 127.349646784040004, 36.447761135763976 ], [ 127.349961633238863, 36.447706147822359 ], [ 127.350437255464357, 36.447628169691022 ], [ 127.35070265671439, 36.447580641807761 ], [ 127.350789729383862, 36.447603762968711 ], [ 127.351032903371831, 36.447499706598521 ], [ 127.351675599243649, 36.447252528947608 ], [ 127.352097024618374, 36.44702206511996 ], [ 127.352097110384605, 36.447080919346398 ], [ 127.352151012511996, 36.447089483814771 ], [ 127.353099230304281, 36.447580645198535 ], [ 127.353278246749525, 36.447662906442886 ], [ 127.353307276777173, 36.447686764965773 ], [ 127.353813412733686, 36.448321523557745 ], [ 127.353809524573634, 36.448524763442379 ], [ 127.353964967542595, 36.448827326608267 ], [ 127.354223140574334, 36.448956663825413 ], [ 127.35427215003952, 36.449155620028691 ], [ 127.354344147306875, 36.449506848134398 ], [ 127.355137815481427, 36.449958177209282 ], [ 127.355330481310233, 36.449934798012457 ], [ 127.355683671942828, 36.450186362016751 ], [ 127.355798579189155, 36.450273036534682 ], [ 127.356004046325936, 36.450729194683639 ], [ 127.356129111685846, 36.451018327786031 ], [ 127.355836584455034, 36.451578182651126 ], [ 127.35584620506711, 36.451623490657902 ], [ 127.355889681510732, 36.451754876513704 ], [ 127.355940715200333, 36.451938902750229 ], [ 127.356003141053009, 36.452138377110792 ], [ 127.356120005087277, 36.452539043505389 ], [ 127.355760540228829, 36.453557297097127 ], [ 127.356001889589521, 36.453929712348824 ], [ 127.356556840647642, 36.453965784993706 ], [ 127.356895099550499, 36.454145018447946 ], [ 127.357280408600943, 36.454321001440825 ], [ 127.357558448644923, 36.454442675165971 ], [ 127.357989980414686, 36.454278520624484 ], [ 127.35829399603719, 36.454096949008182 ], [ 127.358554786253237, 36.453945000680385 ], [ 127.359496405375822, 36.45398798599112 ], [ 127.359583480605366, 36.453992545980817 ], [ 127.359635460165137, 36.453994291471957 ], [ 127.359767036204801, 36.45402864511501 ], [ 127.359797391937946, 36.454026814774885 ], [ 127.359829853696112, 36.453966285970225 ], [ 127.360058354219689, 36.454002610187977 ], [ 127.360116800557137, 36.45401093248848 ], [ 127.360164148163392, 36.454019378224885 ], [ 127.360205494693872, 36.454020632747564 ], [ 127.36024253642519, 36.454012429069287 ], [ 127.360399216936898, 36.454011597619505 ], [ 127.360535616324654, 36.454010511564441 ], [ 127.36072257018678, 36.454009345317459 ], [ 127.360787831042217, 36.453988359289937 ], [ 127.360865534480965, 36.453965975025781 ], [ 127.360912997224943, 36.453958262434682 ], [ 127.360934915325444, 36.453965162354436 ], [ 127.361042365170718, 36.453953970842477 ], [ 127.361115487162152, 36.453946820699365 ], [ 127.361161600798454, 36.453956170911191 ], [ 127.361185431741688, 36.453961803406351 ], [ 127.361177807532741, 36.453977569532974 ], [ 127.361213071825702, 36.45398306844389 ], [ 127.361343683935573, 36.453963155784379 ], [ 127.361361218516322, 36.453960480566266 ], [ 127.361383770955527, 36.453887365065086 ], [ 127.361411382708567, 36.453801086473334 ], [ 127.361468964018684, 36.453617383898333 ], [ 127.36151862238512, 36.453565868379286 ], [ 127.361591144031749, 36.453515806820199 ], [ 127.361849938475729, 36.453346591216096 ], [ 127.361873137395094, 36.453338609051166 ], [ 127.361940249182496, 36.453315228748181 ], [ 127.361991716278524, 36.4533871115502 ], [ 127.362089578193277, 36.45340379369965 ], [ 127.36246197675689, 36.453449555184939 ], [ 127.362977310964055, 36.453484600580836 ], [ 127.363562382307137, 36.453297874623559 ], [ 127.363943127625717, 36.452874240304567 ], [ 127.36418537266961, 36.452609304283499 ], [ 127.364803391244251, 36.452402178148255 ], [ 127.365466647129722, 36.452471294729705 ], [ 127.365638147270772, 36.452730159752697 ], [ 127.366129650296344, 36.452638697221623 ], [ 127.366513038887206, 36.452509093068308 ], [ 127.366749455450403, 36.452413983071075 ], [ 127.366758157935834, 36.45238579539091 ], [ 127.36690206842178, 36.451917656188016 ], [ 127.367360210715319, 36.451555124538615 ], [ 127.367818807884774, 36.451373271058337 ], [ 127.367832925384008, 36.451353366304936 ], [ 127.367986081729896, 36.451076413191565 ], [ 127.369003801231614, 36.451100381983821 ], [ 127.369084100749731, 36.451007559211241 ], [ 127.369156832542103, 36.450637186290919 ], [ 127.369310764540799, 36.450417136938846 ], [ 127.36945232313073, 36.450222610155315 ], [ 127.36939324502903, 36.450136795126532 ], [ 127.369318899395992, 36.4500610389318 ], [ 127.36975979306969, 36.44991241301976 ], [ 127.370065694740205, 36.450016327196771 ], [ 127.37033797296742, 36.44989309148928 ], [ 127.370498382925703, 36.449810068066206 ], [ 127.370965912683133, 36.449671466310456 ], [ 127.371470855859229, 36.449521770719919 ], [ 127.372476303863209, 36.449219151785407 ], [ 127.372892001125891, 36.448787585200442 ], [ 127.372931776671322, 36.448574491712812 ], [ 127.373453739767285, 36.448443118319304 ], [ 127.374147909077763, 36.44849775309202 ], [ 127.374185539336096, 36.448380251292058 ], [ 127.374279405625586, 36.448087137204553 ], [ 127.374443942598475, 36.447980124888325 ], [ 127.374647341936821, 36.447847821638561 ], [ 127.374758546904388, 36.447493401507337 ], [ 127.374919859291097, 36.446979266157165 ], [ 127.375234397756685, 36.446636077518441 ], [ 127.37535579339918, 36.446435154525162 ], [ 127.375624920731639, 36.446217556738283 ], [ 127.375601422358812, 36.445700097429516 ], [ 127.375586381792502, 36.445280819381352 ], [ 127.37529704689544, 36.44512873670481 ], [ 127.37503681388408, 36.444995378369711 ], [ 127.374859956252237, 36.444966788293236 ], [ 127.3747026924664, 36.444946787784737 ], [ 127.374628407868457, 36.444928068711931 ], [ 127.37435237467534, 36.444799975944548 ], [ 127.37391816994743, 36.444599283426939 ], [ 127.373471244794572, 36.444705472108396 ], [ 127.372933518287965, 36.444662458142304 ], [ 127.372724205468032, 36.444645716929365 ], [ 127.372576664070095, 36.444638750124902 ], [ 127.372550792708438, 36.444637523866568 ], [ 127.372523937969873, 36.444612483141356 ], [ 127.372494618394995, 36.444585125090924 ], [ 127.372422881304118, 36.444515607647986 ], [ 127.372280113570682, 36.444393692374518 ], [ 127.372252108088219, 36.444368213594949 ], [ 127.372242776677894, 36.444359726663016 ], [ 127.372087268257573, 36.444218259617145 ], [ 127.371558212838536, 36.44375258895257 ], [ 127.371179280471949, 36.443555193513525 ], [ 127.371041851844097, 36.443337683708855 ], [ 127.370978305189425, 36.443009661755006 ], [ 127.37056700099312, 36.442763152445565 ], [ 127.37061161334006, 36.442404886499801 ], [ 127.371009148695492, 36.442062524459068 ], [ 127.371407152253994, 36.441664450222774 ], [ 127.371295793639831, 36.441221715240125 ], [ 127.371246433656808, 36.441180306847258 ], [ 127.371097686122212, 36.441061057987362 ], [ 127.370990442096627, 36.440629331059249 ], [ 127.371127444017688, 36.440242897074128 ], [ 127.371171525448418, 36.439893445721417 ], [ 127.371318939515007, 36.439816733394167 ], [ 127.371409240008816, 36.439284429474924 ], [ 127.3714281287955, 36.439173069230712 ], [ 127.371435387174003, 36.439125609913098 ], [ 127.371338887201389, 36.438995358492917 ], [ 127.371142666025051, 36.438662160147629 ], [ 127.371114713885689, 36.438308741359471 ], [ 127.370679446436199, 36.437092491527316 ], [ 127.370503982492522, 36.436602651976251 ], [ 127.370873536475713, 36.436082884925902 ], [ 127.371486291943995, 36.435726319602509 ], [ 127.371744594139088, 36.435576035085383 ], [ 127.371861049527595, 36.435508294445995 ], [ 127.371420410686383, 36.435448237746506 ], [ 127.371267533703929, 36.435408366567806 ], [ 127.370991268306796, 36.435335921843034 ], [ 127.370901451323959, 36.435306281393885 ], [ 127.370704279358833, 36.435257372765697 ], [ 127.370371698932544, 36.435162094222214 ], [ 127.36998945852082, 36.43505281086712 ], [ 127.369919348916525, 36.434832126814683 ], [ 127.369858642836192, 36.434607088149363 ], [ 127.369713104746324, 36.434425179107883 ], [ 127.369569592314022, 36.434232819235085 ], [ 127.369415319347581, 36.434184740437431 ], [ 127.369354965162145, 36.434159117291337 ], [ 127.369183865210474, 36.43411371240235 ], [ 127.368991187091595, 36.434087487213901 ], [ 127.36887365680623, 36.434078675146054 ], [ 127.368707773663303, 36.434065803288732 ], [ 127.368605068193233, 36.434048249200316 ], [ 127.368332559024225, 36.434144456178586 ], [ 127.368198840160304, 36.434153193641919 ], [ 127.368018111734656, 36.43415895727761 ], [ 127.367775655745433, 36.433977235195378 ], [ 127.367718233181677, 36.433889440455403 ], [ 127.367699096157196, 36.433851488375829 ], [ 127.367388369186031, 36.433541650191586 ], [ 127.367288881395524, 36.433548902955806 ], [ 127.367233080096355, 36.433556904954195 ], [ 127.367007221358804, 36.43357956680633 ], [ 127.366913250903224, 36.433550512794582 ], [ 127.366464984734037, 36.433385016766394 ], [ 127.366431790494303, 36.433374313364624 ], [ 127.366346878141371, 36.433371923474802 ], [ 127.366144193284427, 36.433296719366517 ], [ 127.365964478770962, 36.432970319484518 ], [ 127.366004365430484, 36.432289617167427 ], [ 127.365955086581678, 36.431994179179924 ], [ 127.366353147819808, 36.431528002563738 ], [ 127.365953336345228, 36.431116412709727 ], [ 127.36576272928238, 36.430985056000026 ], [ 127.365443738420893, 36.430513335903107 ], [ 127.365432885562015, 36.43050807919272 ], [ 127.365305501616803, 36.430446404721707 ], [ 127.364939607727521, 36.430468993627677 ], [ 127.364878391705346, 36.430472865684585 ], [ 127.364796722142273, 36.43055783198713 ], [ 127.364580810211805, 36.430779821938295 ], [ 127.364456661893257, 36.4309124802406 ], [ 127.36413574884412, 36.431428322377329 ], [ 127.36383575612254, 36.431913731145329 ], [ 127.363372148082647, 36.432113076293888 ], [ 127.363105601618159, 36.432227690968453 ], [ 127.363008383016904, 36.432406576627869 ], [ 127.362875415847327, 36.43264192875548 ], [ 127.362787299974968, 36.432665192949166 ], [ 127.362616493853608, 36.432698547842726 ], [ 127.362447017888456, 36.432737413550186 ], [ 127.362312366916015, 36.432840759683714 ], [ 127.36221611577048, 36.432906321303726 ], [ 127.362135839444619, 36.433054975313055 ], [ 127.362016469224301, 36.433269973324649 ], [ 127.36171910690075, 36.433817350284833 ], [ 127.361470172284129, 36.434009164313217 ], [ 127.3612959233797, 36.434155136225677 ], [ 127.361172315826707, 36.434146316865878 ], [ 127.361064833747704, 36.434139764787325 ], [ 127.360853217967062, 36.434127236013488 ], [ 127.360781437228212, 36.434123748289124 ], [ 127.359914597250949, 36.434087649021251 ], [ 127.359504777824682, 36.433811439499067 ], [ 127.359390233247836, 36.433619449039902 ], [ 127.358821433153111, 36.433627857327522 ], [ 127.357684920161404, 36.433594693388464 ], [ 127.357478234848386, 36.433728527821621 ], [ 127.357304163600119, 36.433660811114201 ], [ 127.357339623558914, 36.433466929691306 ], [ 127.357229977080848, 36.433413475395909 ], [ 127.356260857999871, 36.432980108916851 ], [ 127.356100966753687, 36.432611479038648 ], [ 127.355769098622062, 36.432349984236815 ], [ 127.35531782321722, 36.432229783374865 ], [ 127.354826755884616, 36.431771773665631 ], [ 127.354603681166623, 36.431724293793373 ], [ 127.353804660555994, 36.431534662650151 ], [ 127.352715338975258, 36.431062817944117 ], [ 127.352596532704311, 36.430937645166765 ], [ 127.352371762081063, 36.430700823926685 ], [ 127.352077964531588, 36.430270744478001 ], [ 127.351698229988955, 36.429727649868809 ], [ 127.351330335432934, 36.429242364606296 ], [ 127.351303781534725, 36.429100221710016 ], [ 127.351273102741416, 36.428923513468902 ], [ 127.351218681369645, 36.428619730419896 ] ] ] ] } }
]
}
