{
"type": "FeatureCollection",
"name": "deajeun_donggu_dong",
"crs": { "type": "name", "properties": { "name": "urn:ogc:def:crs:OGC:1.3:CRS84" } },
"features": [
{ "type": "Feature", "properties": { "EMD_CD": "30110101", "EMD_ENG_NM": "Won-dong", "EMD_KOR_NM": "원동" }, "geometry": { "type": "MultiPolygon", "coordinates": [ [ [ [ 127.434288289284808, 36.329039317106094 ], [ 127.434305513921444, 36.329008272507508 ], [ 127.434353992689481, 36.329026120357234 ], [ 127.434373845405474, 36.32899703979399 ], [ 127.434408716466038, 36.328946790417312 ], [ 127.434442382874835, 36.3288982305818 ], [ 127.434489519251173, 36.328830472075914 ], [ 127.434505914071664, 36.32880647760441 ], [ 127.43455943603189, 36.328729395860996 ], [ 127.434662558030993, 36.328685657882851 ], [ 127.434713769719934, 36.32866406948925 ], [ 127.434775929459363, 36.328638503274448 ], [ 127.434860833411022, 36.32860327512789 ], [ 127.434939482769195, 36.32857088125327 ], [ 127.435012393248087, 36.328539922978699 ], [ 127.435014138599755, 36.328539348911207 ], [ 127.4351500568673, 36.32847915334289 ], [ 127.435300946069887, 36.328419471023693 ], [ 127.43534400944904, 36.328402697146473 ], [ 127.435488308219902, 36.328345570800181 ], [ 127.435591602439629, 36.32830294884657 ], [ 127.435657750344134, 36.328275673489337 ], [ 127.435713314643834, 36.328251815932042 ], [ 127.435764691258598, 36.328229947126459 ], [ 127.435859312519725, 36.328189897751855 ], [ 127.435894905732113, 36.328175683110857 ], [ 127.435915229742776, 36.328167444643739 ], [ 127.436021482794814, 36.328124252839508 ], [ 127.435997774484306, 36.328086598016995 ], [ 127.436043824906889, 36.328042219197535 ], [ 127.436074288607813, 36.328012820409953 ], [ 127.436289078960186, 36.327804490770966 ], [ 127.43633151999029, 36.327768010208594 ], [ 127.436528451118861, 36.32804158280333 ], [ 127.436551288974371, 36.32804882619444 ], [ 127.43662167809768, 36.328001258537704 ], [ 127.436743546781301, 36.327948429805446 ], [ 127.436795104202304, 36.327927118624494 ], [ 127.436803626840785, 36.327893582078119 ], [ 127.436805291751014, 36.327848517504194 ], [ 127.436821481370217, 36.3278498643677 ], [ 127.436822316225857, 36.32778171483524 ], [ 127.436836236821293, 36.327749555439986 ], [ 127.43686355128257, 36.327686653400043 ], [ 127.436891381308513, 36.327622343649736 ], [ 127.437064855445726, 36.32730489620814 ], [ 127.437086551566722, 36.327265111581561 ], [ 127.43701737637636, 36.327060347406089 ], [ 127.437546718350674, 36.325997568734962 ], [ 127.437553780015065, 36.325983746053751 ], [ 127.437609333420909, 36.325866391215456 ], [ 127.437728572263779, 36.325656145592752 ], [ 127.4378102597517, 36.32551222789774 ], [ 127.437873155650664, 36.325401604907029 ], [ 127.437879706351495, 36.325390036997305 ], [ 127.437908905639446, 36.32535388357136 ], [ 127.437940362617567, 36.32531518960544 ], [ 127.437988575047214, 36.325255590371363 ], [ 127.438010353497745, 36.325228755087089 ], [ 127.438103163202697, 36.325114363974023 ], [ 127.438117851838825, 36.325096286909087 ], [ 127.437914648446636, 36.324947768104792 ], [ 127.437914829035051, 36.324980155517181 ], [ 127.437732906663214, 36.324933228769069 ], [ 127.436390934489722, 36.324462751274083 ], [ 127.435576071088192, 36.326004741464097 ], [ 127.435169804913698, 36.326767146486588 ], [ 127.435140507147025, 36.326755699775312 ], [ 127.433243139576234, 36.326013190833017 ], [ 127.432952957050077, 36.325899618733565 ], [ 127.432629816307724, 36.325772935620371 ], [ 127.432420425842267, 36.326016159662963 ], [ 127.431815650597073, 36.326728569017099 ], [ 127.431208244217629, 36.327440435005052 ], [ 127.431042096423639, 36.327638163239158 ], [ 127.43088858381266, 36.327822887017689 ], [ 127.430651641794839, 36.328119150645357 ], [ 127.430636241533193, 36.328135823519837 ], [ 127.430524943437092, 36.328275057370234 ], [ 127.430220776752861, 36.328661119713296 ], [ 127.430585424656499, 36.328800339720168 ], [ 127.432371144820095, 36.32945487008719 ], [ 127.432822933092638, 36.329619389330801 ], [ 127.433755193829057, 36.329970577831077 ], [ 127.433773290710789, 36.329940097895424 ], [ 127.433779670371734, 36.329929648285528 ], [ 127.43381070974921, 36.32987716002156 ], [ 127.433822428483623, 36.329857409047001 ], [ 127.433841231864761, 36.329825800082695 ], [ 127.433851747493478, 36.329808018007647 ], [ 127.433859680387016, 36.32979447176168 ], [ 127.433867438171163, 36.329781484874012 ], [ 127.433878119300999, 36.32976342283515 ], [ 127.433903808396721, 36.32972024496339 ], [ 127.433906742878378, 36.329715169771696 ], [ 127.43396048524842, 36.329615278893257 ], [ 127.433970819541301, 36.329596938737943 ], [ 127.434011679035649, 36.329525823749293 ], [ 127.434032880554142, 36.32948885312549 ], [ 127.434035980480871, 36.329483488957365 ], [ 127.434051486662554, 36.329455839015282 ], [ 127.434063553839096, 36.329434671918087 ], [ 127.434094055116077, 36.329381617787604 ], [ 127.434117670659248, 36.329340132560645 ], [ 127.434167306224921, 36.329252935912166 ], [ 127.434176440487548, 36.329237132370181 ], [ 127.434183509263832, 36.329224436329739 ], [ 127.434234683583526, 36.329133566319378 ], [ 127.434273464442697, 36.329065279425222 ], [ 127.434288289284808, 36.329039317106094 ] ] ] ] } },
{ "type": "Feature", "properties": { "EMD_CD": "30110102", "EMD_ENG_NM": "In-dong", "EMD_KOR_NM": "인동" }, "geometry": { "type": "MultiPolygon", "coordinates": [ [ [ [ 127.439089871252577, 36.324265100857893 ], [ 127.438984552623609, 36.324241885343042 ], [ 127.438921757777422, 36.324226669089299 ], [ 127.438812655365524, 36.324197158440228 ], [ 127.438721627580193, 36.324169636248698 ], [ 127.438689108473426, 36.324107745635786 ], [ 127.438874225714926, 36.323742139336154 ], [ 127.439091357228378, 36.323312576597431 ], [ 127.439245930574685, 36.323021869667002 ], [ 127.439353677298456, 36.322827209632742 ], [ 127.439448391594311, 36.322642068551872 ], [ 127.439593013865675, 36.322432268686477 ], [ 127.439779725508131, 36.322561704309969 ], [ 127.439930854327173, 36.322682663972628 ], [ 127.440136590732521, 36.322868235274221 ], [ 127.440316711761412, 36.323059280241537 ], [ 127.440309783185654, 36.323084790787249 ], [ 127.440343755081287, 36.323473187827922 ], [ 127.441161989877543, 36.323076198180225 ], [ 127.441282853206943, 36.32323731473587 ], [ 127.441282911569274, 36.323237288209221 ], [ 127.44133255403203, 36.32321485564983 ], [ 127.441711096844415, 36.323043645552183 ], [ 127.442091380070821, 36.322871310389282 ], [ 127.442222712003314, 36.322833932306175 ], [ 127.442308189914485, 36.322809393646338 ], [ 127.442416223838734, 36.322744228053203 ], [ 127.442299049117864, 36.322701007497571 ], [ 127.442053370020886, 36.322609822579594 ], [ 127.441862618072065, 36.322572514076427 ], [ 127.441827778236529, 36.32256559526536 ], [ 127.441655144773136, 36.322530184238033 ], [ 127.441564208298885, 36.322510810448804 ], [ 127.44151733534008, 36.322500844830316 ], [ 127.441397130390186, 36.322475099231937 ], [ 127.441371352195219, 36.322469561777623 ], [ 127.441179702173315, 36.322426893519761 ], [ 127.441221974064717, 36.322392944116572 ], [ 127.44122177341356, 36.322392908807885 ], [ 127.441222018102664, 36.322392853837513 ], [ 127.441898374579736, 36.322520673161854 ], [ 127.4419452409483, 36.322497790978055 ], [ 127.441972230051661, 36.322484985019827 ], [ 127.442006216091926, 36.322468818938496 ], [ 127.442024335115306, 36.322460957037244 ], [ 127.442054720889118, 36.322448174589248 ], [ 127.442116312060662, 36.322421822630282 ], [ 127.442147303995711, 36.322407920472557 ], [ 127.443691884121634, 36.321714352892265 ], [ 127.444045894852167, 36.321555337881733 ], [ 127.443984539134775, 36.321516724552311 ], [ 127.443954690506814, 36.321535759628617 ], [ 127.443933006873095, 36.321521691504408 ], [ 127.443811409760983, 36.321444550690622 ], [ 127.443789367450435, 36.321465539416316 ], [ 127.443591335989737, 36.321558642003083 ], [ 127.443439447479747, 36.321323457335339 ], [ 127.443303287398834, 36.321112545948353 ], [ 127.443090174612166, 36.320782603653527 ], [ 127.443111377958445, 36.320731338806219 ], [ 127.443206162921101, 36.320694941755285 ], [ 127.443497073138047, 36.320583202634097 ], [ 127.443581503282758, 36.320606320863703 ], [ 127.443667714024429, 36.320688369033881 ], [ 127.443471548405583, 36.320370007838427 ], [ 127.443471559337837, 36.320369971751155 ], [ 127.443498541387811, 36.320310728125719 ], [ 127.443530857464864, 36.32023964140425 ], [ 127.443491699464047, 36.320238939097841 ], [ 127.443459168856009, 36.320240474215112 ], [ 127.443435984478754, 36.32017155725817 ], [ 127.443450360863096, 36.320128139751709 ], [ 127.443469519230803, 36.320069772156828 ], [ 127.44347410570353, 36.320020190785577 ], [ 127.443454359012463, 36.320003934573535 ], [ 127.443377435488188, 36.319941416332753 ], [ 127.443344222622997, 36.319912809764624 ], [ 127.443340920262031, 36.319884101645549 ], [ 127.443365481029929, 36.319825993459176 ], [ 127.443368236360726, 36.319820918692095 ], [ 127.443382685820637, 36.319792424316184 ], [ 127.443416471634279, 36.31973512911788 ], [ 127.443416829679606, 36.319705839730098 ], [ 127.44342957210722, 36.319682695604079 ], [ 127.443491790466638, 36.319576577949334 ], [ 127.443525382070831, 36.31951844534759 ], [ 127.443607631477988, 36.319447453306992 ], [ 127.443650818678819, 36.319361123578254 ], [ 127.443657358457571, 36.319347861182884 ], [ 127.443721259286576, 36.319200616736353 ], [ 127.443736534115047, 36.319164513376535 ], [ 127.443760990957884, 36.318997426843623 ], [ 127.443748484115758, 36.318938049879108 ], [ 127.443735286905394, 36.318912190027959 ], [ 127.443690776622958, 36.318825337583441 ], [ 127.443682590483121, 36.318763980073577 ], [ 127.443689963774645, 36.318712973536172 ], [ 127.443703792516743, 36.31866533152207 ], [ 127.443716089308495, 36.318655994955954 ], [ 127.44375422044088, 36.318628818748891 ], [ 127.443766028813329, 36.318594134034257 ], [ 127.443785585921745, 36.318576885349827 ], [ 127.443799936348015, 36.318560494016609 ], [ 127.443782965890648, 36.318542821754363 ], [ 127.443775093115065, 36.318566506631001 ], [ 127.443751549476374, 36.318587708181411 ], [ 127.44373595345175, 36.318630012793449 ], [ 127.443672291795281, 36.318663762856417 ], [ 127.443651638595128, 36.318674256791297 ], [ 127.443634970302355, 36.318680509490157 ], [ 127.443601811927721, 36.318693023233592 ], [ 127.443518201762714, 36.318708264836992 ], [ 127.443472811809386, 36.31871209142227 ], [ 127.44344168008196, 36.318714738813547 ], [ 127.443390768500691, 36.318726759405507 ], [ 127.443264282989688, 36.318790867629751 ], [ 127.443210452144811, 36.318808522242584 ], [ 127.443108409275396, 36.318825237496725 ], [ 127.443052227330782, 36.318828824427456 ], [ 127.442971572557866, 36.318842919256376 ], [ 127.442930585720688, 36.318857435290333 ], [ 127.442850880449114, 36.318885891202974 ], [ 127.442784944985235, 36.318917396260552 ], [ 127.442675106907103, 36.318940051605601 ], [ 127.442607130645058, 36.318949314176464 ], [ 127.442515780505303, 36.318980345127358 ], [ 127.442364339852929, 36.319001180099868 ], [ 127.442316739894537, 36.319014026110821 ], [ 127.442175223500712, 36.319064959416288 ], [ 127.44210427167485, 36.319103520739603 ], [ 127.442020835087334, 36.319147760350972 ], [ 127.441984526487843, 36.319158591053231 ], [ 127.441965249088184, 36.319164294407535 ], [ 127.44195047368531, 36.319168575343454 ], [ 127.441870219764425, 36.319160985770743 ], [ 127.441732126473624, 36.319200920662951 ], [ 127.441683840605847, 36.319216589614506 ], [ 127.441622823681925, 36.319227799564487 ], [ 127.44155099023591, 36.319262137312073 ], [ 127.44149834232438, 36.319276407407528 ], [ 127.4415021485393, 36.319240346543729 ], [ 127.441476573283452, 36.319241008417663 ], [ 127.441424509833041, 36.319234441247858 ], [ 127.44136135510854, 36.319235800117461 ], [ 127.441350564723805, 36.319235839822049 ], [ 127.441279906327793, 36.31923356750309 ], [ 127.441195747457272, 36.319210780071302 ], [ 127.441127927774275, 36.319186526662847 ], [ 127.441079076724705, 36.319165024130101 ], [ 127.441070881047452, 36.319161107137234 ], [ 127.441013836032099, 36.319134002387401 ], [ 127.440915910751443, 36.319108742092759 ], [ 127.440867134113233, 36.319098494829888 ], [ 127.440798886010796, 36.319093113337367 ], [ 127.440665798048087, 36.319064602660845 ], [ 127.440646637005273, 36.319061284649592 ], [ 127.440582525428141, 36.319046885134625 ], [ 127.44054731366866, 36.319034902723772 ], [ 127.440465560690129, 36.319008167820165 ], [ 127.440181902496192, 36.318845871801258 ], [ 127.44014577338848, 36.318825160286295 ], [ 127.44010739007048, 36.318807566072941 ], [ 127.440072394521891, 36.318802341513781 ], [ 127.440023113741546, 36.318795475147716 ], [ 127.43999021003647, 36.318791937092954 ], [ 127.439912381094231, 36.318783778581938 ], [ 127.439860877722751, 36.318783688098051 ], [ 127.439782957394357, 36.318789038398215 ], [ 127.439724379289729, 36.31879826487242 ], [ 127.439644382806776, 36.318806722723295 ], [ 127.439561753815795, 36.318810404947243 ], [ 127.439475289599756, 36.31881128951094 ], [ 127.439402880272439, 36.318806481192524 ], [ 127.439336535376313, 36.31879687440918 ], [ 127.439288799473971, 36.318787469789804 ], [ 127.439283753517913, 36.318787208906436 ], [ 127.439225619867798, 36.318784321763737 ], [ 127.439211173808076, 36.318813662734911 ], [ 127.439157856141492, 36.318799781655919 ], [ 127.439002764536525, 36.318759228924407 ], [ 127.438789481590177, 36.318701433184643 ], [ 127.438514323276522, 36.318626686955177 ], [ 127.438463266314912, 36.318612788288668 ], [ 127.438395649614932, 36.318594732641699 ], [ 127.43835121663507, 36.318582503919878 ], [ 127.438316546448192, 36.318637548010493 ], [ 127.43768001966923, 36.318440208721043 ], [ 127.437607695728062, 36.318732506261789 ], [ 127.437593383811688, 36.318788034595563 ], [ 127.437280978374361, 36.319365644295466 ], [ 127.437027930997061, 36.319888678224821 ], [ 127.436453149965786, 36.320660146085302 ], [ 127.436362177427725, 36.320790020444939 ], [ 127.436193472800895, 36.320991712407974 ], [ 127.436092164942934, 36.321109512399829 ], [ 127.435974951273494, 36.321246808381893 ], [ 127.435775513126643, 36.321491408069903 ], [ 127.435657292140419, 36.32163602490489 ], [ 127.43529736893052, 36.321934997475701 ], [ 127.435116720656865, 36.322084346161667 ], [ 127.435053628300423, 36.322161742300224 ], [ 127.434900851408941, 36.322349000961502 ], [ 127.434859729632663, 36.32240210286615 ], [ 127.434360617476145, 36.323238621003938 ], [ 127.434115417278619, 36.323676008871466 ], [ 127.43410077310034, 36.323702249898716 ], [ 127.433825962734588, 36.324132426799125 ], [ 127.433818889722488, 36.324144284754432 ], [ 127.433789269794531, 36.324199309232398 ], [ 127.433519431494688, 36.324586652795439 ], [ 127.433450723856552, 36.324656183117014 ], [ 127.432933059637847, 36.325257889983313 ], [ 127.432768488137015, 36.32520244907699 ], [ 127.432426494325995, 36.325601324097292 ], [ 127.432691538677759, 36.325700623511572 ], [ 127.432663532103874, 36.325733391976385 ], [ 127.432629816287346, 36.325772939807287 ], [ 127.432952957029769, 36.325899622920467 ], [ 127.433243139555955, 36.326013195019918 ], [ 127.435140507127059, 36.326755703962228 ], [ 127.435169804893732, 36.32676715067354 ], [ 127.43557607106824, 36.326004745650948 ], [ 127.436390934469827, 36.324462755460765 ], [ 127.437732906643518, 36.324933232955793 ], [ 127.437914829015384, 36.324980159703905 ], [ 127.437914648426997, 36.324947772291502 ], [ 127.438117851819158, 36.325096291095804 ], [ 127.438149871267271, 36.325064633161418 ], [ 127.438168556299289, 36.325046262128247 ], [ 127.438190364445774, 36.325024770643722 ], [ 127.438210957078013, 36.325004986808544 ], [ 127.438244527704029, 36.3249719173551 ], [ 127.438264786166243, 36.324952125719854 ], [ 127.438297523754756, 36.324924192893995 ], [ 127.438499085449493, 36.324502558484753 ], [ 127.438573295809803, 36.324475963958491 ], [ 127.438719707700372, 36.32451880576636 ], [ 127.4387274534987, 36.324512807766752 ], [ 127.438774058165137, 36.324476590458943 ], [ 127.438791045073913, 36.324463290118757 ], [ 127.438822401726668, 36.324438672570089 ], [ 127.438837991785846, 36.324426512808778 ], [ 127.438843191109058, 36.324422267295176 ], [ 127.438968713520936, 36.324340981969947 ], [ 127.43899628652936, 36.324322857640134 ], [ 127.439089871252577, 36.324265100857893 ] ] ] ] } },
{ "type": "Feature", "properties": { "EMD_CD": "30110103", "EMD_ENG_NM": "Hyo-dong", "EMD_KOR_NM": "효동" }, "geometry": { "type": "MultiPolygon", "coordinates": [ [ [ [ 127.441550990255251, 36.319262133125925 ], [ 127.441622823701266, 36.319227795378346 ], [ 127.44168384062516, 36.319216585428357 ], [ 127.441732126492994, 36.319200916476809 ], [ 127.441870219783738, 36.319160981584581 ], [ 127.441950473704594, 36.319168571157313 ], [ 127.441965249107497, 36.319164290221387 ], [ 127.441984526507156, 36.31915858686709 ], [ 127.442020835106618, 36.319147756164838 ], [ 127.442104271694134, 36.319103516553476 ], [ 127.442175223519982, 36.319064955230175 ], [ 127.442316739913792, 36.319014021924708 ], [ 127.442364351007711, 36.319001175872692 ], [ 127.442515780524516, 36.318980340941231 ], [ 127.442607130664271, 36.318949309990352 ], [ 127.442675106926302, 36.31894004741951 ], [ 127.442784945004476, 36.318917392074447 ], [ 127.442850880468299, 36.31888588701689 ], [ 127.442930585739845, 36.318857431104227 ], [ 127.442971572576994, 36.318842915070285 ], [ 127.443052227349938, 36.318828820241357 ], [ 127.443108409294524, 36.318825233310626 ], [ 127.443210441028413, 36.31880851809764 ], [ 127.44326428300883, 36.318790863443667 ], [ 127.443390768519777, 36.318726755219465 ], [ 127.44344168010106, 36.318714734627491 ], [ 127.443472811828485, 36.318712087236229 ], [ 127.443518201781799, 36.318708260650929 ], [ 127.443601811946834, 36.318693019047522 ], [ 127.44363497032144, 36.318680505304123 ], [ 127.443651638614213, 36.318674252605227 ], [ 127.44367228067884, 36.318663758711544 ], [ 127.443735953470807, 36.318630008607407 ], [ 127.44375154949546, 36.318587703995355 ], [ 127.443775093134121, 36.318566502444959 ], [ 127.443782965909705, 36.318542817568328 ], [ 127.443792273548837, 36.31852869782211 ], [ 127.443799936327352, 36.318499381400152 ], [ 127.443769393300471, 36.318450497718878 ], [ 127.44374380077312, 36.318418483666534 ], [ 127.443699125299432, 36.318363452190361 ], [ 127.443636000101591, 36.318245686301715 ], [ 127.443583803633558, 36.318185897377361 ], [ 127.443519896076793, 36.318083346090269 ], [ 127.443493907697871, 36.31804232173095 ], [ 127.443439820038009, 36.317984792662195 ], [ 127.443391386105986, 36.317910904429823 ], [ 127.443322983832473, 36.317753740629989 ], [ 127.443302366113898, 36.317707343417105 ], [ 127.443272258413884, 36.317583543602531 ], [ 127.443201673821548, 36.317469752163149 ], [ 127.443189577757479, 36.317453458617202 ], [ 127.443171161720429, 36.317428185716928 ], [ 127.44311704793553, 36.317334321352845 ], [ 127.443086321538686, 36.317254744257973 ], [ 127.44300367487979, 36.317130570694978 ], [ 127.442915719667383, 36.317052322356652 ], [ 127.442816295287273, 36.316978063425672 ], [ 127.442673359757705, 36.316869323960198 ], [ 127.442648199119077, 36.316850546279611 ], [ 127.442524171871213, 36.316731887045961 ], [ 127.442469408069599, 36.316678577498422 ], [ 127.44239435162855, 36.316604796055358 ], [ 127.442363560107268, 36.316574774434869 ], [ 127.442359529206769, 36.316570842168417 ], [ 127.442309109447265, 36.316545398777961 ], [ 127.442249436469979, 36.316516051362463 ], [ 127.442204272437792, 36.316498473802056 ], [ 127.442066175558509, 36.316414218618057 ], [ 127.441973785900331, 36.316321350885119 ], [ 127.441857238488453, 36.316203780835131 ], [ 127.441743506160762, 36.316058038681675 ], [ 127.441693631644839, 36.316006684329793 ], [ 127.441617159311733, 36.315928392728949 ], [ 127.441591283882204, 36.315720939100579 ], [ 127.441576381829876, 36.31566889721465 ], [ 127.44153273182242, 36.315518390967625 ], [ 127.441464693942805, 36.315393324425955 ], [ 127.441335952153779, 36.315241446047182 ], [ 127.441290925122289, 36.315248091133171 ], [ 127.441208052132453, 36.315144193473522 ], [ 127.441121385252288, 36.315048762699291 ], [ 127.441072026693888, 36.315057388186794 ], [ 127.440900015617061, 36.315038591294538 ], [ 127.440870725130779, 36.315057569494179 ], [ 127.440850155170878, 36.315112562516831 ], [ 127.440830977745804, 36.315106153570177 ], [ 127.440846673837001, 36.315049772634985 ], [ 127.440904455920275, 36.315022245736799 ], [ 127.440970381495347, 36.315019182728598 ], [ 127.441059166811755, 36.315027868019861 ], [ 127.441083075850216, 36.315010324402799 ], [ 127.441081861004761, 36.314950626224736 ], [ 127.441078085441305, 36.314926695967728 ], [ 127.441079753960949, 36.314884731263291 ], [ 127.441094201255339, 36.314824128389411 ], [ 127.441110518500665, 36.31478520984755 ], [ 127.441120295792643, 36.314761518126268 ], [ 127.441154327303138, 36.314716334369315 ], [ 127.441170033015865, 36.314695432497047 ], [ 127.441193355381557, 36.314664652797738 ], [ 127.441223400399565, 36.314623430816845 ], [ 127.44123270961272, 36.314609590618204 ], [ 127.441259261512798, 36.314565002081906 ], [ 127.441260419848646, 36.314555138998465 ], [ 127.441269199879457, 36.314476821882003 ], [ 127.441305068467855, 36.314481195786698 ], [ 127.441332755452706, 36.314454338123845 ], [ 127.44133639028864, 36.314451224718404 ], [ 127.441351282858491, 36.314438220080888 ], [ 127.441408450749876, 36.314394636311633 ], [ 127.441438593628675, 36.314370869618628 ], [ 127.441487525069618, 36.314318025038027 ], [ 127.441558976561467, 36.314244262441157 ], [ 127.441604690302725, 36.314175659144816 ], [ 127.441610269837994, 36.314084683302163 ], [ 127.441574582990071, 36.313958082842994 ], [ 127.441562055622057, 36.313926308570302 ], [ 127.441530556993825, 36.313863342466441 ], [ 127.441519385100193, 36.313825083771476 ], [ 127.441518033168492, 36.313709342193889 ], [ 127.441517046207352, 36.313624860934148 ], [ 127.441517123037599, 36.313608810774575 ], [ 127.441516724078539, 36.313599241794307 ], [ 127.441479074100926, 36.313493771997663 ], [ 127.441448862165259, 36.313443750976226 ], [ 127.441439544506892, 36.313426329560514 ], [ 127.441416983866333, 36.31337459518047 ], [ 127.441416906302734, 36.31336078950725 ], [ 127.441416851207734, 36.313289543032518 ], [ 127.441416074828922, 36.313242522721453 ], [ 127.441410823475337, 36.313207621620791 ], [ 127.441402857445752, 36.313151318656054 ], [ 127.441394737066801, 36.313099251767866 ], [ 127.44139090455225, 36.313067166113754 ], [ 127.44139034168245, 36.313060130029399 ], [ 127.441388829558306, 36.313038723740007 ], [ 127.44138965062956, 36.313030276734423 ], [ 127.441395188875362, 36.312993362361851 ], [ 127.441406777598132, 36.312919540742087 ], [ 127.441414471677135, 36.312866000817536 ], [ 127.441434904390661, 36.312848190555044 ], [ 127.441493595195482, 36.312796436511647 ], [ 127.441548296434618, 36.312748076521039 ], [ 127.441586045501808, 36.312714711337861 ], [ 127.441536376621158, 36.312669826544926 ], [ 127.441512248470588, 36.312648233148799 ], [ 127.441473610642717, 36.3126145813929 ], [ 127.441504775684336, 36.312588557985535 ], [ 127.441494512779343, 36.312587189929999 ], [ 127.441462120627435, 36.312583082647372 ], [ 127.441449062928839, 36.312581724873425 ], [ 127.441414680438101, 36.312591989589961 ], [ 127.441387058284832, 36.312600535217292 ], [ 127.441290000279096, 36.31266679504909 ], [ 127.441278397716431, 36.312674722990259 ], [ 127.441274581616881, 36.312677269322847 ], [ 127.44121478240946, 36.312718042046015 ], [ 127.44111928777626, 36.312783169523009 ], [ 127.441018741483461, 36.312878721050602 ], [ 127.44098524303304, 36.312893767618519 ], [ 127.440961922295671, 36.312893015259462 ], [ 127.440909712327453, 36.312921089447848 ], [ 127.440863162859372, 36.312965751415575 ], [ 127.440771406252026, 36.313016500188922 ], [ 127.440745306909463, 36.313046442914839 ], [ 127.44063246947546, 36.313122610001514 ], [ 127.44061133478354, 36.313108611323067 ], [ 127.440595472484404, 36.313071775592483 ], [ 127.440559388595801, 36.313058669902709 ], [ 127.440370747423145, 36.312988395259595 ], [ 127.440103301391488, 36.312889689107159 ], [ 127.439851229767953, 36.313361196845072 ], [ 127.439768349574038, 36.313567643881363 ], [ 127.439670532147815, 36.313809066029073 ], [ 127.439587118197664, 36.314013820679833 ], [ 127.439404392167091, 36.314441988220601 ], [ 127.439386018673034, 36.314485699290294 ], [ 127.439153589463032, 36.314954880579023 ], [ 127.439145491837863, 36.314970401372456 ], [ 127.439140154436686, 36.314979711996472 ], [ 127.439101873433543, 36.315041807714081 ], [ 127.439064629642758, 36.315102214430759 ], [ 127.439024169943082, 36.315178962143037 ], [ 127.438818217800616, 36.315716192455021 ], [ 127.438733572146887, 36.316012203634571 ], [ 127.438705751872135, 36.316109172356171 ], [ 127.43869810471783, 36.316141588442832 ], [ 127.438565806785903, 36.316784157177189 ], [ 127.438474651620169, 36.31719311776174 ], [ 127.438398327338064, 36.317422348431151 ], [ 127.438292001615181, 36.317731108932968 ], [ 127.438093022487521, 36.318055131161927 ], [ 127.437752059742266, 36.318378824191804 ], [ 127.437680008553656, 36.318440204575495 ], [ 127.438316546467959, 36.318637543824323 ], [ 127.438351205519382, 36.318582499774422 ], [ 127.438395649634728, 36.318594728455537 ], [ 127.438463266334708, 36.318612784102484 ], [ 127.438514323296303, 36.318626682769001 ], [ 127.438789470474404, 36.318701429039201 ], [ 127.43900276455625, 36.318759224738251 ], [ 127.43915785611081, 36.318799768458199 ], [ 127.439211173827744, 36.318813658548727 ], [ 127.439225619887466, 36.318784317577602 ], [ 127.43928375353758, 36.318787204720245 ], [ 127.439288799493639, 36.318787465603641 ], [ 127.439336535395981, 36.318796870223004 ], [ 127.439402880292079, 36.318806477006348 ], [ 127.439475289619395, 36.318811285324777 ], [ 127.439561753835434, 36.318810400761102 ], [ 127.439644382826373, 36.318806718537139 ], [ 127.439724379309382, 36.318798260686258 ], [ 127.439782957413939, 36.318789034212067 ], [ 127.439860877691899, 36.318783674900352 ], [ 127.4399123811138, 36.318783774395776 ], [ 127.439990210056067, 36.318791932906812 ], [ 127.440023113761143, 36.318795470961547 ], [ 127.44007239454146, 36.318802337327647 ], [ 127.440107390090049, 36.318807561886771 ], [ 127.440145773408048, 36.318825156100139 ], [ 127.440181902515732, 36.318845867615096 ], [ 127.44046556070964, 36.319008163634038 ], [ 127.440547313688114, 36.319034898537609 ], [ 127.440582525397105, 36.319046871936933 ], [ 127.44064663702477, 36.319061280463437 ], [ 127.440665798067542, 36.319064598474696 ], [ 127.440798886030265, 36.319093109151211 ], [ 127.440867134132674, 36.319098490643746 ], [ 127.440915910720278, 36.319108728895067 ], [ 127.441013836051511, 36.319133998201238 ], [ 127.441070881066864, 36.319161102951071 ], [ 127.441079076744089, 36.319165019943938 ], [ 127.441127916658118, 36.319186522517647 ], [ 127.441195736341115, 36.319210775926081 ], [ 127.441279906296543, 36.319233554305413 ], [ 127.441350564743161, 36.319235835635908 ], [ 127.44136135512791, 36.319235795931299 ], [ 127.441424509852396, 36.319234437061723 ], [ 127.441476573302765, 36.319241004231515 ], [ 127.441502148558669, 36.319240342357574 ], [ 127.441498342343721, 36.319276403221359 ], [ 127.441550990255251, 36.319262133125925 ] ] ] ] } },
{ "type": "Feature", "properties": { "EMD_CD": "30110104", "EMD_ENG_NM": "Cheon-dong", "EMD_KOR_NM": "천동" }, "geometry": { "type": "MultiPolygon", "coordinates": [ [ [ [ 127.446746275317892, 36.319520852260283 ], [ 127.446800858589469, 36.319512195954779 ], [ 127.446839854069594, 36.319515709437638 ], [ 127.446871955516485, 36.319530801607243 ], [ 127.44689223089199, 36.319545928820403 ], [ 127.446954528485321, 36.319548517351812 ], [ 127.44702381642378, 36.319523188551976 ], [ 127.447106747723851, 36.31951190316984 ], [ 127.447114046277605, 36.319510749498576 ], [ 127.447205895888871, 36.319507027673993 ], [ 127.447470854858253, 36.319499839403711 ], [ 127.447587178428748, 36.319485887801797 ], [ 127.447591347865185, 36.319484745778489 ], [ 127.447730327987159, 36.31947775664343 ], [ 127.447908449587601, 36.31946863860491 ], [ 127.448020133151402, 36.319463156894457 ], [ 127.448095230807951, 36.319390494291241 ], [ 127.447959402543347, 36.319401428219415 ], [ 127.4479409152421, 36.319272233283634 ], [ 127.447897117792721, 36.319190164982444 ], [ 127.447887796363233, 36.319172455732115 ], [ 127.447946266117938, 36.319173643203129 ], [ 127.448020321740216, 36.319160416771517 ], [ 127.44816041684534, 36.319134264075124 ], [ 127.448182325206545, 36.319133055747614 ], [ 127.448288841596792, 36.319076902220161 ], [ 127.448299758763198, 36.319069814257283 ], [ 127.448405406699862, 36.319044925498297 ], [ 127.448387763786315, 36.319001338727219 ], [ 127.448367285698538, 36.318950724405241 ], [ 127.44835793528388, 36.318927950717651 ], [ 127.448458018384002, 36.318903632428906 ], [ 127.448466878448443, 36.31884051732024 ], [ 127.448476407879184, 36.318771767387659 ], [ 127.448533469987169, 36.318495290971562 ], [ 127.448566979264911, 36.318331828371853 ], [ 127.448760341124867, 36.318250279011473 ], [ 127.448823863778841, 36.318221879721818 ], [ 127.449004639798261, 36.318130238886326 ], [ 127.449650099914734, 36.317815799290017 ], [ 127.449670209731892, 36.31768138629586 ], [ 127.449692920023978, 36.317604422227603 ], [ 127.4497011199593, 36.317577915070594 ], [ 127.449750241438366, 36.317436364142978 ], [ 127.449772327455719, 36.317372919967703 ], [ 127.449862348846793, 36.317112648495311 ], [ 127.449850957074602, 36.317005677121664 ], [ 127.449844579908685, 36.316864334283856 ], [ 127.449756856954792, 36.316829733856686 ], [ 127.449958430542424, 36.316814054426104 ], [ 127.449959294257638, 36.3167529427527 ], [ 127.450061257003298, 36.316662722417725 ], [ 127.450271258272153, 36.316479735396086 ], [ 127.450348437677363, 36.316497180686113 ], [ 127.450443741947666, 36.316308144539043 ], [ 127.450829082653968, 36.315873566709591 ], [ 127.450813609240683, 36.315816175184828 ], [ 127.450805613203698, 36.31578691716394 ], [ 127.450680504944359, 36.315147834864014 ], [ 127.450626133125212, 36.314860799699538 ], [ 127.450581543732994, 36.314638765309446 ], [ 127.450203208411267, 36.31404682744526 ], [ 127.450043145078823, 36.313470110394789 ], [ 127.449840817305088, 36.312712758451362 ], [ 127.449779703019885, 36.312491921120767 ], [ 127.449838269641447, 36.312390319634183 ], [ 127.449865157969285, 36.312347133754535 ], [ 127.449814827631513, 36.312094147219106 ], [ 127.449752933416534, 36.31185950681747 ], [ 127.450283192417331, 36.311428054785146 ], [ 127.450348819193579, 36.311373458708879 ], [ 127.450581993102873, 36.311199107369312 ], [ 127.450641737750146, 36.311149877178757 ], [ 127.450532606177546, 36.311021590725566 ], [ 127.450711834796365, 36.310692548243573 ], [ 127.45084715225623, 36.310443937955299 ], [ 127.450868311658866, 36.310401899838261 ], [ 127.450879011283178, 36.310326107072356 ], [ 127.450949085594914, 36.309834136959452 ], [ 127.450272617522501, 36.309339906895261 ], [ 127.450085058097102, 36.30918628501523 ], [ 127.450006890796757, 36.309115610953562 ], [ 127.449977416069274, 36.309101645211513 ], [ 127.449966531934166, 36.309085068418952 ], [ 127.449957828127197, 36.309083695239586 ], [ 127.449903139747164, 36.309074609283641 ], [ 127.449863184094227, 36.309054194381183 ], [ 127.449847481170366, 36.309045809285088 ], [ 127.449872943370522, 36.309025996136619 ], [ 127.449820033092053, 36.30899296832974 ], [ 127.449755087831861, 36.308952370716192 ], [ 127.449736580471267, 36.308940337359644 ], [ 127.449710812727503, 36.308937892661653 ], [ 127.449674957532466, 36.308935494786162 ], [ 127.449660659308464, 36.308929357330761 ], [ 127.449136214887261, 36.308731658347604 ], [ 127.448621021233464, 36.30875160071399 ], [ 127.448543281613382, 36.308938893771945 ], [ 127.448608001103423, 36.308940057575612 ], [ 127.448748038194282, 36.308967416052909 ], [ 127.448684135286626, 36.309080013303124 ], [ 127.448654427062976, 36.309118712635168 ], [ 127.448499181487108, 36.309321768656325 ], [ 127.448427338054472, 36.309412722253477 ], [ 127.448375094723147, 36.30946529369804 ], [ 127.448178929229002, 36.309662599565932 ], [ 127.448146753083904, 36.309694260821161 ], [ 127.447978743051038, 36.309855972988856 ], [ 127.447914358308267, 36.309913663174726 ], [ 127.447598279995916, 36.310196459440199 ], [ 127.447549883532361, 36.310220854525888 ], [ 127.447495926409118, 36.310248370370239 ], [ 127.447371904293931, 36.310311915060616 ], [ 127.447298349512877, 36.310349083368983 ], [ 127.447109074945857, 36.310445259232935 ], [ 127.447035527818073, 36.310481859612388 ], [ 127.446674831571784, 36.310628238004433 ], [ 127.446187185802103, 36.310815360987938 ], [ 127.445916656051253, 36.310846213804894 ], [ 127.445650484492077, 36.310879870488435 ], [ 127.445123783919286, 36.310929137691566 ], [ 127.444898030907723, 36.310941239862331 ], [ 127.44474591370313, 36.311024603684402 ], [ 127.44429711423939, 36.311066810587505 ], [ 127.443759281903823, 36.311055851609858 ], [ 127.4431575731668, 36.311225072339241 ], [ 127.44250696196876, 36.31142264110418 ], [ 127.442147636650589, 36.311567585956304 ], [ 127.441537151223343, 36.311846665789368 ], [ 127.440706203130858, 36.312246796107871 ], [ 127.440543364986681, 36.312311891161706 ], [ 127.440486267300045, 36.312336035982241 ], [ 127.440465642152276, 36.312351314496489 ], [ 127.440232296418571, 36.312686451985478 ], [ 127.440103301391488, 36.312889689107159 ], [ 127.440370747423145, 36.312988395259595 ], [ 127.440559388595801, 36.313058669902709 ], [ 127.440595472484404, 36.313071775592483 ], [ 127.44061133478354, 36.313108611323067 ], [ 127.44063246947546, 36.313122610001514 ], [ 127.440745306909463, 36.313046442914839 ], [ 127.440771406252026, 36.313016500188922 ], [ 127.440863162859372, 36.312965751415575 ], [ 127.440909712327453, 36.312921089447848 ], [ 127.440961922295671, 36.312893015259462 ], [ 127.44098524303304, 36.312893767618519 ], [ 127.441018741483461, 36.312878721050602 ], [ 127.44111928777626, 36.312783169523009 ], [ 127.44121478240946, 36.312718042046015 ], [ 127.441274581616881, 36.312677269322847 ], [ 127.441278397716431, 36.312674722990259 ], [ 127.441290000279096, 36.31266679504909 ], [ 127.441387058284832, 36.312600535217292 ], [ 127.441414680438101, 36.312591989589961 ], [ 127.441449062928839, 36.312581724873425 ], [ 127.441462120627435, 36.312583082647372 ], [ 127.441494512779343, 36.312587189929999 ], [ 127.441504775684336, 36.312588557985535 ], [ 127.441473610642717, 36.3126145813929 ], [ 127.441512248470588, 36.312648233148799 ], [ 127.441536376621158, 36.312669826544926 ], [ 127.441586045501808, 36.312714711337861 ], [ 127.441548296434618, 36.312748076521039 ], [ 127.441493595195482, 36.312796436511647 ], [ 127.441434904390661, 36.312848190555044 ], [ 127.441414471677135, 36.312866000817536 ], [ 127.441406777598132, 36.312919540742087 ], [ 127.441395188875362, 36.312993362361851 ], [ 127.44138965062956, 36.313030276734423 ], [ 127.441388829558306, 36.313038723740007 ], [ 127.44139034168245, 36.313060130029399 ], [ 127.44139090455225, 36.313067166113754 ], [ 127.441394737066801, 36.313099251767866 ], [ 127.441402857445752, 36.313151318656054 ], [ 127.441410823475337, 36.313207621620791 ], [ 127.441416074828922, 36.313242522721453 ], [ 127.441416851207734, 36.313289543032518 ], [ 127.441416906302734, 36.31336078950725 ], [ 127.441416983866333, 36.31337459518047 ], [ 127.441439544506892, 36.313426329560514 ], [ 127.441448862165259, 36.313443750976226 ], [ 127.441479074100926, 36.313493771997663 ], [ 127.441516724078539, 36.313599241794307 ], [ 127.441517123037599, 36.313608810774575 ], [ 127.441517046207352, 36.313624860934148 ], [ 127.441518033168492, 36.313709342193889 ], [ 127.441519385100193, 36.313825083771476 ], [ 127.441530556993825, 36.313863342466441 ], [ 127.441562055622057, 36.313926308570302 ], [ 127.441574582990071, 36.313958082842994 ], [ 127.441610269837994, 36.314084683302163 ], [ 127.441604690302725, 36.314175659144816 ], [ 127.441558976561467, 36.314244262441157 ], [ 127.441487525069618, 36.314318025038027 ], [ 127.441438593628675, 36.314370869618628 ], [ 127.441408450749876, 36.314394636311633 ], [ 127.441351282858491, 36.314438220080888 ], [ 127.44133639028864, 36.314451224718404 ], [ 127.441332755452706, 36.314454338123845 ], [ 127.441305068467855, 36.314481195786698 ], [ 127.441269199879457, 36.314476821882003 ], [ 127.441260419848646, 36.314555138998465 ], [ 127.441259261512798, 36.314565002081906 ], [ 127.44123270961272, 36.314609590618204 ], [ 127.441223400399565, 36.314623430816845 ], [ 127.441193355381557, 36.314664652797738 ], [ 127.441170033015865, 36.314695432497047 ], [ 127.441154327303138, 36.314716334369315 ], [ 127.441120295792643, 36.314761518126268 ], [ 127.441110518500665, 36.31478520984755 ], [ 127.441094201255339, 36.314824128389411 ], [ 127.441079753960949, 36.314884731263291 ], [ 127.441078085441305, 36.314926695967728 ], [ 127.441081861004761, 36.314950626224736 ], [ 127.441083075850216, 36.315010324402799 ], [ 127.441059166811755, 36.315027868019861 ], [ 127.440970381495347, 36.315019182728598 ], [ 127.440904455920275, 36.315022245736799 ], [ 127.440846673837001, 36.315049772634985 ], [ 127.440830977745804, 36.315106153570177 ], [ 127.440850155170878, 36.315112562516831 ], [ 127.440870725130779, 36.315057569494179 ], [ 127.440900015617061, 36.315038591294538 ], [ 127.441072026693888, 36.315057388186794 ], [ 127.441121385252288, 36.315048762699291 ], [ 127.441208052132453, 36.315144193473522 ], [ 127.441290925122289, 36.315248091133171 ], [ 127.441335952153779, 36.315241446047182 ], [ 127.441464693942805, 36.315393324425955 ], [ 127.44153273182242, 36.315518390967625 ], [ 127.441576381829876, 36.31566889721465 ], [ 127.441591283882204, 36.315720939100579 ], [ 127.441617159311733, 36.315928392728949 ], [ 127.441693631644839, 36.316006684329793 ], [ 127.441743506160762, 36.316058038681675 ], [ 127.441857238488453, 36.316203780835131 ], [ 127.441973785900331, 36.316321350885119 ], [ 127.442066175558509, 36.316414218618057 ], [ 127.442204272437792, 36.316498473802056 ], [ 127.442249436469979, 36.316516051362463 ], [ 127.442309109447265, 36.316545398777961 ], [ 127.442359529206769, 36.316570842168417 ], [ 127.442363560107268, 36.316574774434869 ], [ 127.44239435162855, 36.316604796055358 ], [ 127.442469408069599, 36.316678577498422 ], [ 127.442524171871213, 36.316731887045961 ], [ 127.442648199119077, 36.316850546279611 ], [ 127.442673359757705, 36.316869323960198 ], [ 127.442816295287273, 36.316978063425672 ], [ 127.442915719667383, 36.317052322356652 ], [ 127.44300367487979, 36.317130570694978 ], [ 127.443086321538686, 36.317254744257973 ], [ 127.44311704793553, 36.317334321352845 ], [ 127.443171161720429, 36.317428185716928 ], [ 127.443189577757479, 36.317453458617202 ], [ 127.443201673821548, 36.317469752163149 ], [ 127.443272258413884, 36.317583543602531 ], [ 127.443302366113898, 36.317707343417105 ], [ 127.443322983832473, 36.317753740629989 ], [ 127.443391386105986, 36.317910904429823 ], [ 127.443439820038009, 36.317984792662195 ], [ 127.443493907697871, 36.31804232173095 ], [ 127.443519896076793, 36.318083346090269 ], [ 127.443583803633558, 36.318185897377361 ], [ 127.443636000101591, 36.318245686301715 ], [ 127.443699125299432, 36.318363452190361 ], [ 127.44374380077312, 36.318418483666534 ], [ 127.443769393300471, 36.318450497718878 ], [ 127.443799936327352, 36.318499381400152 ], [ 127.443792273548837, 36.31852869782211 ], [ 127.443782965909705, 36.318542817568328 ], [ 127.443799936367071, 36.31856048983056 ], [ 127.443835818154753, 36.318598377480654 ], [ 127.443848046516877, 36.318606496843323 ], [ 127.443966849695784, 36.31866097454099 ], [ 127.443984983106915, 36.318669639770086 ], [ 127.444037218287718, 36.31870464615745 ], [ 127.444051672219246, 36.318708539778044 ], [ 127.444080945877204, 36.31871602827308 ], [ 127.444150019445061, 36.318715772514956 ], [ 127.444251764335107, 36.318675969466696 ], [ 127.444302798231334, 36.318656071817927 ], [ 127.444387456286378, 36.318609573162028 ], [ 127.444403621782584, 36.31860697196521 ], [ 127.444454708163676, 36.318596365133629 ], [ 127.444464669761103, 36.3186033753801 ], [ 127.444505871301516, 36.318628842997185 ], [ 127.444528039008844, 36.318640025484214 ], [ 127.444596438417577, 36.318674133629358 ], [ 127.444607787130025, 36.318680282609343 ], [ 127.444656327164878, 36.318711643666838 ], [ 127.444703109348367, 36.318737378901126 ], [ 127.444764896002553, 36.318771790829231 ], [ 127.444845188467994, 36.318815704531254 ], [ 127.444912916947644, 36.318855167939127 ], [ 127.444941016885039, 36.318869707736063 ], [ 127.444992501661062, 36.318897957702255 ], [ 127.445002275527472, 36.318903265386083 ], [ 127.445092684225628, 36.31895193561828 ], [ 127.445107171704606, 36.318959767104651 ], [ 127.445186926880609, 36.319003123842222 ], [ 127.44527060370288, 36.319060542262157 ], [ 127.445374479090731, 36.319123517942344 ], [ 127.445473012204502, 36.319161451801335 ], [ 127.445535905361311, 36.319206276755871 ], [ 127.44556822294858, 36.319230091811903 ], [ 127.445673269414513, 36.319283492440782 ], [ 127.445729813505608, 36.319312291024303 ], [ 127.445736447223823, 36.319315645763687 ], [ 127.445875015813598, 36.31938919798278 ], [ 127.445920565902441, 36.319413531488365 ], [ 127.446022423810803, 36.31948580517372 ], [ 127.446084261171777, 36.319528939559916 ], [ 127.446126467376644, 36.31954681501378 ], [ 127.446169187300754, 36.319562985328204 ], [ 127.446175816247248, 36.319565492959832 ], [ 127.446188905595093, 36.319572203050704 ], [ 127.44620794318449, 36.319585091068767 ], [ 127.44621022931355, 36.319589588419433 ], [ 127.446236670037692, 36.319588363586497 ], [ 127.446335129539662, 36.31958377073768 ], [ 127.446358262977583, 36.319582558185232 ], [ 127.446413186778301, 36.319573062700123 ], [ 127.446443959089891, 36.31956787456987 ], [ 127.4464959431469, 36.319560363553855 ], [ 127.446585826287716, 36.319547637814779 ], [ 127.446742971216324, 36.319521423293217 ], [ 127.446746275317892, 36.319520852260283 ] ] ] ] } },
{ "type": "Feature", "properties": { "EMD_CD": "30110105", "EMD_ENG_NM": "Gao-dong", "EMD_KOR_NM": "가오동" }, "geometry": { "type": "MultiPolygon", "coordinates": [ [ [ [ 127.454147531617011, 36.312161282344817 ], [ 127.45425228290874, 36.312254787790344 ], [ 127.454384153444124, 36.312857532752176 ], [ 127.454913320937123, 36.312804277265421 ], [ 127.454940949450048, 36.312825917749471 ], [ 127.454991536578248, 36.312860745398034 ], [ 127.455124244444647, 36.312864946022486 ], [ 127.455200041149922, 36.31289017055817 ], [ 127.455332848323707, 36.312857701893449 ], [ 127.45541575211432, 36.312837336065279 ], [ 127.455558019410375, 36.312790673821397 ], [ 127.455613868226976, 36.312772735635647 ], [ 127.455756465987974, 36.31275620708567 ], [ 127.455805070588553, 36.312750588320618 ], [ 127.455874973083453, 36.31274250949469 ], [ 127.456020738012569, 36.31276136661991 ], [ 127.456172069141004, 36.312781914623663 ], [ 127.456317317111399, 36.312801845747209 ], [ 127.45636499372911, 36.31268248438294 ], [ 127.456368591917695, 36.312673179610918 ], [ 127.456443337907544, 36.312481107800018 ], [ 127.456457908684797, 36.31244387901156 ], [ 127.456438043717924, 36.312349899305822 ], [ 127.456462543553101, 36.312314038558533 ], [ 127.456484737231335, 36.312270301329463 ], [ 127.456520526991, 36.312201739133165 ], [ 127.456590363315897, 36.312184287954572 ], [ 127.456632861983906, 36.312191452691046 ], [ 127.456667773572235, 36.312123173156856 ], [ 127.456696674316063, 36.312066730862576 ], [ 127.456729094883073, 36.312046898782668 ], [ 127.456821341937427, 36.311992477163777 ], [ 127.456918255220344, 36.311934378939839 ], [ 127.457000087291675, 36.311885061444421 ], [ 127.457085846760023, 36.31191176980964 ], [ 127.457218297383776, 36.311952385450638 ], [ 127.457348505118631, 36.311992153383329 ], [ 127.457540485229572, 36.312037047517421 ], [ 127.457613311515289, 36.312055072483155 ], [ 127.457640915875672, 36.312074396424904 ], [ 127.457733604400246, 36.312126427848135 ], [ 127.457864868670839, 36.312200273501176 ], [ 127.458156723140988, 36.312364469958872 ], [ 127.458401071717162, 36.31246660333759 ], [ 127.458442322284213, 36.31244110472381 ], [ 127.458718997078407, 36.312268824241478 ], [ 127.45878709546875, 36.312226506087349 ], [ 127.458819025487315, 36.312206648283968 ], [ 127.458821843508446, 36.312204898242307 ], [ 127.458861136854807, 36.312179875580334 ], [ 127.458973345257803, 36.312107956286667 ], [ 127.45900442577711, 36.31210089832377 ], [ 127.45908953382434, 36.312082666304185 ], [ 127.459119526876762, 36.312076252305829 ], [ 127.459229657543816, 36.312109931022071 ], [ 127.459315660591642, 36.312136231323485 ], [ 127.459649958458442, 36.312244325851047 ], [ 127.459751086893334, 36.312277020260055 ], [ 127.45980743552046, 36.31229524222325 ], [ 127.459968475745399, 36.3123461266986 ], [ 127.460162335678405, 36.312407392703939 ], [ 127.460166697484041, 36.312408772785162 ], [ 127.460383037874649, 36.31247744992617 ], [ 127.460949117280407, 36.312658754224351 ], [ 127.460978223721114, 36.312668221811457 ], [ 127.461040186770205, 36.312641227854748 ], [ 127.461250699116547, 36.312610283276413 ], [ 127.461632584860567, 36.312728507628186 ], [ 127.461836974095021, 36.312839799471064 ], [ 127.461916676576962, 36.312814989679808 ], [ 127.462142621888219, 36.312744278473531 ], [ 127.46282542406405, 36.313086343620313 ], [ 127.462966316995178, 36.313317292760424 ], [ 127.463023979376985, 36.313357902238309 ], [ 127.4631555350675, 36.313449764346984 ], [ 127.463449905624998, 36.313271492944537 ], [ 127.464244464893255, 36.312766863986091 ], [ 127.46431988955618, 36.312694757650767 ], [ 127.464477950674876, 36.312502926039372 ], [ 127.464620223982806, 36.312407472590493 ], [ 127.464801686070899, 36.312318625889723 ], [ 127.464945357133743, 36.312224293100826 ], [ 127.464978634119532, 36.312202761268267 ], [ 127.46498298428088, 36.312113744701236 ], [ 127.465158878039134, 36.311733444110224 ], [ 127.465161248139324, 36.311721890909709 ], [ 127.465199833039293, 36.311538127537126 ], [ 127.465262648919463, 36.311305832173851 ], [ 127.465572369363286, 36.310871509144135 ], [ 127.465831709171042, 36.310479618902086 ], [ 127.466199680116517, 36.309981697547066 ], [ 127.466408748792873, 36.309709127320225 ], [ 127.466543061546162, 36.309476264796551 ], [ 127.467005512799332, 36.308894623958039 ], [ 127.467060903098769, 36.308497045492622 ], [ 127.467110649715423, 36.308142862368825 ], [ 127.466990658785178, 36.307712452208143 ], [ 127.467026503623458, 36.307158659486525 ], [ 127.467043209807215, 36.306457085890074 ], [ 127.466862393243971, 36.306035365303515 ], [ 127.466914081772089, 36.305979967288074 ], [ 127.467460010590941, 36.305457693097743 ], [ 127.467981019287279, 36.304695017712994 ], [ 127.468144337007786, 36.303988086349776 ], [ 127.467980299131611, 36.304018861704698 ], [ 127.467622129371279, 36.304080520060388 ], [ 127.467389266286403, 36.304123106937617 ], [ 127.467090017378908, 36.304175810733845 ], [ 127.4667664867128, 36.304181855440156 ], [ 127.46643081194884, 36.304135849703748 ], [ 127.466205707949072, 36.303932555174931 ], [ 127.465971396132247, 36.303729007607963 ], [ 127.465753189654862, 36.303601437995596 ], [ 127.465606356021681, 36.303512458527663 ], [ 127.465397065991851, 36.30342202702429 ], [ 127.465183386678248, 36.303325421116945 ], [ 127.464813788451224, 36.30316012795798 ], [ 127.46416020264148, 36.302863586674277 ], [ 127.464076319106653, 36.302828990797074 ], [ 127.463616121710601, 36.303199692613056 ], [ 127.462441039872829, 36.303380516196654 ], [ 127.462213168383684, 36.303531773237594 ], [ 127.461902511821293, 36.303530491710085 ], [ 127.461896377148108, 36.303530479286763 ], [ 127.461854171379926, 36.303517493692027 ], [ 127.461477398491667, 36.303401566063123 ], [ 127.461400350492312, 36.303380063089946 ], [ 127.461400361361086, 36.303380017989483 ], [ 127.461042433844568, 36.303418847027025 ], [ 127.460841965163823, 36.303438208591864 ], [ 127.460733957726745, 36.303451375104189 ], [ 127.460494923608152, 36.303368375781879 ], [ 127.460407724888483, 36.303353048125309 ], [ 127.460320190942767, 36.303500969187574 ], [ 127.460242930900591, 36.30349265044336 ], [ 127.460187798330352, 36.303584060683278 ], [ 127.460155048400267, 36.303638166588236 ], [ 127.460005747236679, 36.303885480418458 ], [ 127.459972521128336, 36.303934361294402 ], [ 127.459861238963924, 36.304095827589151 ], [ 127.459099610459091, 36.303738005545398 ], [ 127.458976580334195, 36.303680170474408 ], [ 127.45863682767326, 36.304469996396939 ], [ 127.458487585539004, 36.30436594076312 ], [ 127.45578218710277, 36.30248081382296 ], [ 127.455809739286124, 36.302451421395126 ], [ 127.455880549683542, 36.30237491339085 ], [ 127.455992112893981, 36.302260850969311 ], [ 127.456056874995141, 36.302197432975085 ], [ 127.45621235337326, 36.302072930418198 ], [ 127.456205257345061, 36.302039613879842 ], [ 127.456323538963545, 36.301932374600447 ], [ 127.45641734582972, 36.301847487599559 ], [ 127.456511816109654, 36.301761967662387 ], [ 127.456584802807441, 36.301696174390003 ], [ 127.456570209633455, 36.301673646695946 ], [ 127.456562761856887, 36.301662149109767 ], [ 127.456549836845468, 36.301646977250478 ], [ 127.45650229767142, 36.301616373949713 ], [ 127.456471494352186, 36.30159381772625 ], [ 127.456462527202376, 36.301587237156703 ], [ 127.456406857775491, 36.301546364843958 ], [ 127.456379776815822, 36.301526479692825 ], [ 127.456349801523515, 36.301504559975101 ], [ 127.456319355921693, 36.301482272416898 ], [ 127.456266821855664, 36.301456014028659 ], [ 127.455919697249698, 36.301256444330946 ], [ 127.455817988198675, 36.301199642308227 ], [ 127.45576685602849, 36.301223132127127 ], [ 127.455606989054004, 36.301285767161552 ], [ 127.455507905557454, 36.301324587434607 ], [ 127.455359425606716, 36.30138488086142 ], [ 127.455044696815293, 36.30152294530248 ], [ 127.454837623821604, 36.301614336538144 ], [ 127.454837593750938, 36.301616372651871 ], [ 127.454413505798115, 36.301804295432262 ], [ 127.454200958985098, 36.30190056171206 ], [ 127.453886037309061, 36.302042562068557 ], [ 127.453472358324973, 36.302220702543785 ], [ 127.453141483268865, 36.302523566638918 ], [ 127.452823248370109, 36.302813981950585 ], [ 127.452800047363453, 36.302833507840084 ], [ 127.452600534516264, 36.302988018980606 ], [ 127.451994388107011, 36.303459482352608 ], [ 127.451797127327538, 36.303613145569521 ], [ 127.451600750333228, 36.303769616793069 ], [ 127.451569231016819, 36.303794797079618 ], [ 127.451508691502227, 36.30391583625476 ], [ 127.451432296502347, 36.30412198780094 ], [ 127.451359319927406, 36.304320520527838 ], [ 127.451258567589008, 36.304496349002861 ], [ 127.451135406518603, 36.304709714425009 ], [ 127.450841196033892, 36.305037495820095 ], [ 127.450734907084723, 36.305218967968457 ], [ 127.450655135637078, 36.305355290755216 ], [ 127.450648233670648, 36.305365175518524 ], [ 127.4506166174546, 36.305402747044461 ], [ 127.450416716075267, 36.305642876423001 ], [ 127.450319446337417, 36.305760673481814 ], [ 127.450151741138697, 36.305973357971133 ], [ 127.450065549490319, 36.306081542788981 ], [ 127.44996635386785, 36.306195688018725 ], [ 127.449842947410673, 36.306338085616538 ], [ 127.449737519916681, 36.306458733457326 ], [ 127.449064941553118, 36.307096580146606 ], [ 127.4489279628188, 36.307235648198784 ], [ 127.448842387575283, 36.30733142967609 ], [ 127.44862799678414, 36.307594139555945 ], [ 127.448548179110745, 36.30793603661678 ], [ 127.448535673846507, 36.308091815046502 ], [ 127.448529593758138, 36.308156046341026 ], [ 127.448514833037862, 36.308525302991598 ], [ 127.448497300423838, 36.308744470662958 ], [ 127.448621032348839, 36.308751604857456 ], [ 127.449136226002707, 36.308731662490985 ], [ 127.449660670423995, 36.308929361474114 ], [ 127.449674968648026, 36.3089354989295 ], [ 127.449710823843034, 36.308937896804991 ], [ 127.449736580452722, 36.308940341544734 ], [ 127.449755098947421, 36.30895237485953 ], [ 127.449820044207613, 36.308992972473085 ], [ 127.449872943351991, 36.309026000321701 ], [ 127.44984749228594, 36.309045813428412 ], [ 127.449863195209829, 36.309054198524535 ], [ 127.449903150862781, 36.309074613426979 ], [ 127.449957828108694, 36.309083699424683 ], [ 127.449966543049797, 36.309085072562276 ], [ 127.449977416050743, 36.309101649396617 ], [ 127.450006901912374, 36.309115615096893 ], [ 127.450085069212747, 36.309186289158546 ], [ 127.450272628638203, 36.309339911038577 ], [ 127.450949096710772, 36.309834141102741 ], [ 127.450879022399121, 36.310326111215701 ], [ 127.450868322774838, 36.310401903981607 ], [ 127.450847163372188, 36.310443942098637 ], [ 127.450711845912352, 36.310692552386953 ], [ 127.450532617293561, 36.31102159486899 ], [ 127.450641748866232, 36.311149881322166 ], [ 127.451451837762022, 36.311854822965671 ], [ 127.45206674285744, 36.311742392796432 ], [ 127.45237206044176, 36.311632650450875 ], [ 127.452431496683488, 36.311634417864198 ], [ 127.45249536538897, 36.311636330737507 ], [ 127.452657660438092, 36.311718599164486 ], [ 127.452989735841101, 36.311862190878607 ], [ 127.453397616386056, 36.311941818324335 ], [ 127.453527680537221, 36.312018773324411 ], [ 127.453737512385857, 36.312141611516992 ], [ 127.453936320714135, 36.312096665803168 ], [ 127.454055458183447, 36.312130504451964 ], [ 127.454147531617011, 36.312161282344817 ] ] ] ] } },
{ "type": "Feature", "properties": { "EMD_CD": "30110106", "EMD_ENG_NM": "Sinheung-dong", "EMD_KOR_NM": "신흥동" }, "geometry": { "type": "MultiPolygon", "coordinates": [ [ [ [ 127.438719707700372, 36.32451880576636 ], [ 127.43879329894277, 36.324537808685875 ], [ 127.438919870218015, 36.324568435957673 ], [ 127.439005278929855, 36.324586777609611 ], [ 127.439077075130072, 36.32460048294616 ], [ 127.439137940090163, 36.324611074165226 ], [ 127.439201366428662, 36.324621655973921 ], [ 127.43942191628031, 36.32464968561704 ], [ 127.43927415693777, 36.325370622607032 ], [ 127.439234009334783, 36.325480171736864 ], [ 127.43919170859175, 36.325686649619136 ], [ 127.439131834730503, 36.326068559583739 ], [ 127.440133704606197, 36.32618852782133 ], [ 127.440218909303567, 36.326209843205454 ], [ 127.440939111898743, 36.326286518621608 ], [ 127.440924041812877, 36.326659255892061 ], [ 127.440969986759555, 36.326628291087502 ], [ 127.441024665140716, 36.326621691730772 ], [ 127.441094961481696, 36.326617801504 ], [ 127.441196328838444, 36.326621691193928 ], [ 127.441238848531555, 36.32582471999455 ], [ 127.441317417290477, 36.325854259660268 ], [ 127.441496644338898, 36.325920196536316 ], [ 127.441670739752382, 36.325984529932875 ], [ 127.442277655072004, 36.326214885459436 ], [ 127.442281807072817, 36.326220457403998 ], [ 127.442664386851774, 36.326364134380213 ], [ 127.442703161301111, 36.326406886965636 ], [ 127.442730236253652, 36.326448601322028 ], [ 127.442754340323106, 36.326516460575149 ], [ 127.442949397845325, 36.326170141559416 ], [ 127.443010265284343, 36.326042671506478 ], [ 127.443047942526974, 36.325969898007159 ], [ 127.443059567284593, 36.325937953636434 ], [ 127.443062850839524, 36.325888287023957 ], [ 127.443107817037301, 36.325824408163328 ], [ 127.443129472248771, 36.325774042852736 ], [ 127.443163488445563, 36.325703806117836 ], [ 127.44317614794933, 36.325677625401227 ], [ 127.443466398510225, 36.325785008386099 ], [ 127.443524745876871, 36.325807042524275 ], [ 127.443565587744786, 36.325774124931357 ], [ 127.444409641671854, 36.326077163900528 ], [ 127.444451168609348, 36.326088590054688 ], [ 127.444626705259822, 36.326157176329254 ], [ 127.444737999635805, 36.325971122619094 ], [ 127.444828979570815, 36.325806610022973 ], [ 127.444970412807592, 36.325546548340242 ], [ 127.445404549866538, 36.324758188136613 ], [ 127.445418767303948, 36.32473195633694 ], [ 127.445470424262879, 36.324636709028823 ], [ 127.445499400682991, 36.324583531475049 ], [ 127.445598934090043, 36.32441576030255 ], [ 127.445629435206044, 36.324354583669411 ], [ 127.4456498304408, 36.324320002071957 ], [ 127.445745432673959, 36.324148424416585 ], [ 127.445772261715916, 36.324093695749404 ], [ 127.446035263949867, 36.323831378506746 ], [ 127.446121540346056, 36.323857245631785 ], [ 127.446225597526166, 36.323764767915534 ], [ 127.446321319998404, 36.323677394714572 ], [ 127.446441458375674, 36.323567401291648 ], [ 127.446499463363111, 36.323515647421402 ], [ 127.446535117062268, 36.323483405977974 ], [ 127.446660601688436, 36.323579255821485 ], [ 127.446714771272298, 36.323618759644262 ], [ 127.446801448539645, 36.323683771632254 ], [ 127.446859288584761, 36.323726361740945 ], [ 127.446909796099561, 36.323764193929179 ], [ 127.447011095660301, 36.323831124838307 ], [ 127.447029282043829, 36.323815565934019 ], [ 127.447180961204396, 36.323684610134968 ], [ 127.447204166617382, 36.323664535649534 ], [ 127.447355846784276, 36.323533858986202 ], [ 127.447543208417841, 36.323372075757099 ], [ 127.44771636337795, 36.323222736361288 ], [ 127.447789430742418, 36.323160508105623 ], [ 127.447693503662862, 36.323090466778716 ], [ 127.447629201282808, 36.323043395335638 ], [ 127.447543403860408, 36.322980345209473 ], [ 127.447474561148411, 36.322929911234475 ], [ 127.447473164309045, 36.322929069345669 ], [ 127.447436289780356, 36.32290133371108 ], [ 127.4473048952798, 36.322806074449232 ], [ 127.44732721408036, 36.322782894205993 ], [ 127.447426071262228, 36.322694940684556 ], [ 127.447533930596862, 36.322599915347546 ], [ 127.447607514445721, 36.322534594255487 ], [ 127.447630541182548, 36.322514511339996 ], [ 127.44769892451815, 36.322453147716388 ], [ 127.447838444298739, 36.322325048105576 ], [ 127.447968117005047, 36.322210232319186 ], [ 127.447972084167716, 36.322173602937433 ], [ 127.448078876161432, 36.322104498760019 ], [ 127.44813304052289, 36.32211386682318 ], [ 127.448193617213064, 36.322087731810122 ], [ 127.448310779085901, 36.322036603075311 ], [ 127.448425330283669, 36.321986610450118 ], [ 127.448539370675491, 36.32193689898839 ], [ 127.448654101350797, 36.321887184835724 ], [ 127.448774738541715, 36.321834357456716 ], [ 127.448787911399208, 36.321795161311051 ], [ 127.448755265708144, 36.321747413276029 ], [ 127.448698595974193, 36.321663987645884 ], [ 127.448637172374916, 36.321572964877213 ], [ 127.448566982715235, 36.321469881149383 ], [ 127.448496786757616, 36.32136566192635 ], [ 127.448434315182595, 36.32127239905094 ], [ 127.448399736861745, 36.321221558111667 ], [ 127.448321656579523, 36.321107509447607 ], [ 127.448287267714704, 36.32105666776576 ], [ 127.448203041856388, 36.320933071555665 ], [ 127.448142317905535, 36.320843460741557 ], [ 127.448099856776068, 36.320781105165331 ], [ 127.4480473901409, 36.320704133912194 ], [ 127.448034754791621, 36.320685319606255 ], [ 127.44803177646196, 36.320680536502806 ], [ 127.447986483474807, 36.3206117120437 ], [ 127.447939278283428, 36.320541479869696 ], [ 127.447887699760756, 36.320465920063839 ], [ 127.447860497739626, 36.320425468949786 ], [ 127.447825398382605, 36.320374909143347 ], [ 127.447798488539192, 36.320383741962537 ], [ 127.447707373197531, 36.320424634805633 ], [ 127.447503087495846, 36.320515234921459 ], [ 127.447421181018029, 36.320554119622564 ], [ 127.447288313988636, 36.320627835336495 ], [ 127.447109812639923, 36.320783952873875 ], [ 127.447001896231725, 36.320678800968494 ], [ 127.446996558416714, 36.320672287372744 ], [ 127.446990446951389, 36.320664848453916 ], [ 127.44703892273894, 36.320586707485987 ], [ 127.447061102574821, 36.320550947457114 ], [ 127.44715310564591, 36.320399874635193 ], [ 127.447169818720454, 36.320352572942703 ], [ 127.447178265440471, 36.320328137740475 ], [ 127.447271566735523, 36.320285840332765 ], [ 127.447233121836021, 36.320206987045054 ], [ 127.447215332019567, 36.320170781246411 ], [ 127.447170684641364, 36.320133026438164 ], [ 127.447278328184254, 36.320082799316758 ], [ 127.447282437667894, 36.320080900544184 ], [ 127.447336570645206, 36.320055691161642 ], [ 127.447382871916048, 36.320033845300451 ], [ 127.447415058352618, 36.320018837893116 ], [ 127.447449633200094, 36.320002812255304 ], [ 127.447537508476543, 36.319962066872485 ], [ 127.447649283652297, 36.319911959176046 ], [ 127.447666144874589, 36.319904398500817 ], [ 127.447696000724846, 36.31989080554338 ], [ 127.4478217973451, 36.319833156615942 ], [ 127.447856339749904, 36.319817329239271 ], [ 127.447985966008844, 36.319757575122281 ], [ 127.448034724403414, 36.319735107034703 ], [ 127.448049351911152, 36.319728365703398 ], [ 127.448115594228156, 36.319698199349268 ], [ 127.44824785306416, 36.319637353707265 ], [ 127.448296034826711, 36.319615338253676 ], [ 127.448454261066729, 36.319542589981538 ], [ 127.448537140430034, 36.319504692220832 ], [ 127.448604836912565, 36.319473781197217 ], [ 127.448744015836212, 36.319409998340653 ], [ 127.448977372047636, 36.319303669987939 ], [ 127.449006738657872, 36.319290285803973 ], [ 127.449075810015216, 36.319258396101937 ], [ 127.448909072042838, 36.319265950292902 ], [ 127.448694102954974, 36.319296574439861 ], [ 127.448566208407925, 36.319320041701282 ], [ 127.448460400287829, 36.319326682486903 ], [ 127.448095219345433, 36.319390444449752 ], [ 127.448094997044691, 36.319390517373947 ], [ 127.448095230789448, 36.319390498477276 ], [ 127.448020133132928, 36.319463161080506 ], [ 127.447908449569127, 36.319468642790952 ], [ 127.447730327968642, 36.31947776082945 ], [ 127.447591347846654, 36.319484749964531 ], [ 127.447587178410231, 36.319485891987838 ], [ 127.447470854839693, 36.319499843589732 ], [ 127.447205895870297, 36.31950703186007 ], [ 127.447114046259031, 36.319510753684625 ], [ 127.447106747705249, 36.319511907355881 ], [ 127.447023816405178, 36.319523192738025 ], [ 127.446954528466719, 36.319548521537854 ], [ 127.446892230873402, 36.319545933006459 ], [ 127.446871955497869, 36.319530805793292 ], [ 127.446839854050964, 36.319515713623701 ], [ 127.446800858570811, 36.319512200140835 ], [ 127.446746275299233, 36.319520856446346 ], [ 127.446742971197665, 36.31952142747928 ], [ 127.446585826269043, 36.319547642000835 ], [ 127.446495943128227, 36.319560367739911 ], [ 127.446443959071217, 36.319567878755933 ], [ 127.446413186759628, 36.319573066886221 ], [ 127.446358262958881, 36.319582562371295 ], [ 127.446335129520961, 36.319583774923757 ], [ 127.446236670019019, 36.31958836777256 ], [ 127.44621022929482, 36.319589592605496 ], [ 127.446207943165788, 36.319585095254823 ], [ 127.446188905576392, 36.319572207236781 ], [ 127.446175816228546, 36.319565497145902 ], [ 127.446169187282052, 36.319562989514282 ], [ 127.446126467357942, 36.319546819199829 ], [ 127.446084261153075, 36.319528943745972 ], [ 127.446022423792044, 36.319485809359797 ], [ 127.445920565883711, 36.319413535674435 ], [ 127.445875015794826, 36.31938920216885 ], [ 127.445736447205064, 36.319315649949765 ], [ 127.445729813486821, 36.319312295210352 ], [ 127.445673269395726, 36.319283496626802 ], [ 127.445568222929779, 36.319230095997966 ], [ 127.44553590534251, 36.319206280941913 ], [ 127.445473012185673, 36.319161455987377 ], [ 127.445374479071901, 36.319123522128393 ], [ 127.445270603684023, 36.31906054644822 ], [ 127.445186926861737, 36.319003128028271 ], [ 127.445107171685734, 36.318959771290714 ], [ 127.445092684206742, 36.318951939804329 ], [ 127.445002275508571, 36.318903269572147 ], [ 127.444992501642147, 36.318897961888275 ], [ 127.444941016866153, 36.318869711922133 ], [ 127.444912916928772, 36.318855172125168 ], [ 127.444845188449065, 36.318815708717281 ], [ 127.444764895983653, 36.318771795015294 ], [ 127.444703109329438, 36.318737383087175 ], [ 127.444656327145921, 36.318711647852872 ], [ 127.444607787111067, 36.318680286795377 ], [ 127.444596438398619, 36.318674137815378 ], [ 127.444528038989887, 36.318640029670242 ], [ 127.44450587128253, 36.31862884718322 ], [ 127.444464669742146, 36.318603379566142 ], [ 127.44445470814469, 36.318596369319643 ], [ 127.444403621763598, 36.318606976151237 ], [ 127.444387456267364, 36.318609577348049 ], [ 127.444302798212362, 36.318656076003961 ], [ 127.444251764316121, 36.318675973652766 ], [ 127.444150019426047, 36.318715776701019 ], [ 127.444080945858175, 36.318716032459143 ], [ 127.444051672200231, 36.318708543964092 ], [ 127.444037218268718, 36.318704650343484 ], [ 127.443984983087859, 36.318669643956142 ], [ 127.443966849676784, 36.318660978727038 ], [ 127.443848046497806, 36.318606501029358 ], [ 127.443835818135668, 36.318598381666682 ], [ 127.443799936348015, 36.318560494016609 ], [ 127.443785585921745, 36.318576885349827 ], [ 127.443766028813329, 36.318594134034257 ], [ 127.44375422044088, 36.318628818748891 ], [ 127.443716089308495, 36.318655994955954 ], [ 127.443703781381217, 36.318665331563267 ], [ 127.443689963774645, 36.318712973536172 ], [ 127.443682590483121, 36.318763980073577 ], [ 127.443690776622958, 36.318825337583441 ], [ 127.443735286905394, 36.318912190027959 ], [ 127.443748484115758, 36.318938049879108 ], [ 127.443760990957884, 36.318997426843623 ], [ 127.443736534115047, 36.319164513376535 ], [ 127.443721259286576, 36.319200616736353 ], [ 127.443657358457571, 36.319347861182884 ], [ 127.443650818678819, 36.319361123578254 ], [ 127.443607631477988, 36.319447453306992 ], [ 127.443525382070831, 36.31951844534759 ], [ 127.443491790466638, 36.319576577949334 ], [ 127.44342957210722, 36.319682695604079 ], [ 127.443416829679606, 36.319705839730098 ], [ 127.443416471634279, 36.31973512911788 ], [ 127.443382685820637, 36.319792424316184 ], [ 127.443368236360726, 36.319820918692095 ], [ 127.443365481029929, 36.319825993459176 ], [ 127.443340920262031, 36.319884101645549 ], [ 127.443344222622997, 36.319912809764624 ], [ 127.443377446623899, 36.319941416291577 ], [ 127.443454359012463, 36.320003934573535 ], [ 127.44347410570353, 36.320020190785577 ], [ 127.44346950809512, 36.320069772198011 ], [ 127.443450349727399, 36.320128139792885 ], [ 127.443435984478754, 36.32017155725817 ], [ 127.443459168856009, 36.320240474215112 ], [ 127.443491699464047, 36.320238939097841 ], [ 127.443530857464864, 36.32023964140425 ], [ 127.443498541387811, 36.320310728125719 ], [ 127.443471559286948, 36.32036996273964 ], [ 127.443471548405583, 36.320370007838427 ], [ 127.443667714024429, 36.320688369033881 ], [ 127.443581503282758, 36.320606320863703 ], [ 127.443497073138047, 36.320583202634097 ], [ 127.443206162921101, 36.320694941755285 ], [ 127.443111377958445, 36.320731338806219 ], [ 127.443090174612166, 36.320782603653527 ], [ 127.443303287398834, 36.321112545948353 ], [ 127.443439447479747, 36.321323457335339 ], [ 127.443591335989737, 36.321558642003083 ], [ 127.443789367450435, 36.321465539416316 ], [ 127.443811409760983, 36.321444550690622 ], [ 127.443933006873095, 36.321521691504408 ], [ 127.443954690506814, 36.321535759628617 ], [ 127.443984539134775, 36.321516724552311 ], [ 127.444045894852167, 36.321555337881733 ], [ 127.443691884121634, 36.321714352892265 ], [ 127.442147303995711, 36.322407920472557 ], [ 127.442116312060662, 36.322421822630282 ], [ 127.442054720889118, 36.322448174589248 ], [ 127.442024335115306, 36.322460957037244 ], [ 127.442006216091926, 36.322468818938496 ], [ 127.441972230051661, 36.322484985019827 ], [ 127.4419452409483, 36.322497790978055 ], [ 127.441898374579736, 36.322520673161854 ], [ 127.441222018102664, 36.322392853837513 ], [ 127.44122177341356, 36.322392908807885 ], [ 127.441221974064717, 36.322392944116572 ], [ 127.441179702173315, 36.322426893519761 ], [ 127.441371352195219, 36.322469561777623 ], [ 127.441397130390186, 36.322475099231937 ], [ 127.44151733534008, 36.322500844830316 ], [ 127.441564197162847, 36.322510810489817 ], [ 127.441655144773136, 36.322530184238033 ], [ 127.441827778236529, 36.32256559526536 ], [ 127.441862618021389, 36.322572505064905 ], [ 127.442053370020886, 36.322609822579594 ], [ 127.442299049117864, 36.322701007497571 ], [ 127.442416223838734, 36.322744228053203 ], [ 127.442308189914485, 36.322809393646338 ], [ 127.442222712003314, 36.322833932306175 ], [ 127.442091380020116, 36.322871301377766 ], [ 127.441711096844415, 36.323043645552183 ], [ 127.44133255403203, 36.32321485564983 ], [ 127.441282922705412, 36.323237288168244 ], [ 127.441282856013842, 36.323237318477652 ], [ 127.441161989877543, 36.323076198180225 ], [ 127.440343755081287, 36.323473187827922 ], [ 127.440309783185654, 36.323084790787249 ], [ 127.440316711761412, 36.323059280241537 ], [ 127.440136590732521, 36.322868235274221 ], [ 127.439930854327173, 36.322682663972628 ], [ 127.439779725508131, 36.322561704309969 ], [ 127.439593013865675, 36.322432268686477 ], [ 127.439448391594311, 36.322642068551872 ], [ 127.439353677298456, 36.322827209632742 ], [ 127.439245930574685, 36.323021869667002 ], [ 127.439091357228378, 36.323312576597431 ], [ 127.438874225714926, 36.323742139336154 ], [ 127.438689108473426, 36.324107745635786 ], [ 127.438721627580193, 36.324169636248698 ], [ 127.438812655365524, 36.324197158440228 ], [ 127.438921757777422, 36.324226669089299 ], [ 127.438984552623609, 36.324241885343042 ], [ 127.439089871252577, 36.324265100857893 ], [ 127.43899628652936, 36.324322857640134 ], [ 127.438968713520936, 36.324340981969947 ], [ 127.438843191109058, 36.324422267295176 ], [ 127.438837991735497, 36.32442650379727 ], [ 127.438822401726668, 36.324438672570089 ], [ 127.438791033937605, 36.324463290159507 ], [ 127.438774058165137, 36.324476590458943 ], [ 127.4387274534987, 36.324512807766752 ], [ 127.438719707700372, 36.32451880576636 ] ] ] ] } },
{ "type": "Feature", "properties": { "EMD_CD": "30110107", "EMD_ENG_NM": "Panam-dong", "EMD_KOR_NM": "판암동" }, "geometry": { "type": "MultiPolygon", "coordinates": [ [ [ [ 127.454147520482479, 36.312161282386988 ], [ 127.454055447048901, 36.312130504494128 ], [ 127.453936309579603, 36.312096665845338 ], [ 127.453737512385857, 36.312141611516992 ], [ 127.453527669402675, 36.312018773366532 ], [ 127.453397616438068, 36.311941827335858 ], [ 127.452989724706555, 36.311862190920657 ], [ 127.452657649303603, 36.311718599206493 ], [ 127.452495354254452, 36.311636330779521 ], [ 127.452431485548999, 36.311634417906198 ], [ 127.452372049307272, 36.311632650492882 ], [ 127.452066731722951, 36.311742392838397 ], [ 127.451451826627476, 36.311854823007593 ], [ 127.4506417377318, 36.311149881363995 ], [ 127.450581993084526, 36.311199111554593 ], [ 127.450348819175176, 36.311373462894167 ], [ 127.450283192398913, 36.311428058970435 ], [ 127.449752933398074, 36.311859511002801 ], [ 127.449814827613068, 36.312094151404459 ], [ 127.449865157950839, 36.312347137939895 ], [ 127.449838269623029, 36.312390323819557 ], [ 127.449779703001468, 36.312491925306126 ], [ 127.449840817286699, 36.312712762636757 ], [ 127.450043145060448, 36.313470114580255 ], [ 127.450203208392921, 36.314046831630762 ], [ 127.450581543714719, 36.314638769494998 ], [ 127.450626133106965, 36.314860803885139 ], [ 127.450680504926112, 36.315147839049601 ], [ 127.450805613185508, 36.315786921349591 ], [ 127.450813609222493, 36.315816179370444 ], [ 127.450829082635778, 36.315873570895235 ], [ 127.450443741929448, 36.316308148724758 ], [ 127.450348437659116, 36.316497184871828 ], [ 127.450271258253878, 36.316479739581808 ], [ 127.450061256985023, 36.316662726603454 ], [ 127.449959294239349, 36.316752946938443 ], [ 127.449958430524134, 36.316814058611847 ], [ 127.449756856936474, 36.316829738042451 ], [ 127.44984457989041, 36.316864338469621 ], [ 127.449850957056313, 36.31700568130745 ], [ 127.449862348828503, 36.317112652681075 ], [ 127.449772327437444, 36.31737292415351 ], [ 127.449750241420048, 36.317436368328771 ], [ 127.449701119940983, 36.317577919256415 ], [ 127.449692920005688, 36.317604426413418 ], [ 127.449670209713588, 36.31768139048171 ], [ 127.449650099896417, 36.31781580347586 ], [ 127.449004639779886, 36.318130243072233 ], [ 127.448823863760481, 36.318221883907718 ], [ 127.448760341106464, 36.318250283197386 ], [ 127.448566979246493, 36.318331832557753 ], [ 127.448533469968723, 36.31849529515749 ], [ 127.448476407860767, 36.318771771573608 ], [ 127.448466878430025, 36.318840521506189 ], [ 127.448458018365585, 36.318903636614863 ], [ 127.448357935265435, 36.318927954903621 ], [ 127.448367285680078, 36.318950728591219 ], [ 127.448387763767883, 36.319001342913189 ], [ 127.448405406681431, 36.319044929684281 ], [ 127.448299758744781, 36.319069818443268 ], [ 127.448288841578361, 36.319076906406146 ], [ 127.4481823251881, 36.319133059933627 ], [ 127.448160416826866, 36.319134268261131 ], [ 127.448020321721756, 36.319160420957523 ], [ 127.447946266099407, 36.319173647389114 ], [ 127.447887796344745, 36.319172459918143 ], [ 127.447897117774204, 36.319190169168444 ], [ 127.447940915223626, 36.319272237469654 ], [ 127.447959402524873, 36.319401432405428 ], [ 127.448094997044691, 36.319390517373947 ], [ 127.448095219345433, 36.319390444449752 ], [ 127.448460400287829, 36.319326682486903 ], [ 127.448566208407925, 36.319320041701282 ], [ 127.448694102954974, 36.319296574439861 ], [ 127.448909072042838, 36.319265950292902 ], [ 127.449075810015216, 36.319258396101937 ], [ 127.449006738657872, 36.319290285803973 ], [ 127.448977372047636, 36.319303669987939 ], [ 127.448744015836212, 36.319409998340653 ], [ 127.448604836912565, 36.319473781197217 ], [ 127.448537140430034, 36.319504692220832 ], [ 127.448454261066729, 36.319542589981538 ], [ 127.448296034826711, 36.319615338253676 ], [ 127.44824785306416, 36.319637353707265 ], [ 127.448115594228156, 36.319698199349268 ], [ 127.448049351911152, 36.319728365703398 ], [ 127.448034724403414, 36.319735107034703 ], [ 127.447985966008844, 36.319757575122281 ], [ 127.447856339749904, 36.319817329239271 ], [ 127.4478217973451, 36.319833156615942 ], [ 127.447696000724846, 36.31989080554338 ], [ 127.447666144874589, 36.319904398500817 ], [ 127.447649283652297, 36.319911959176046 ], [ 127.447537508476543, 36.319962066872485 ], [ 127.447449633200094, 36.320002812255304 ], [ 127.447415058352618, 36.320018837893116 ], [ 127.447382871916048, 36.320033845300451 ], [ 127.447336570645206, 36.320055691161642 ], [ 127.447282437667894, 36.320080900544184 ], [ 127.447278328184254, 36.320082799316758 ], [ 127.447170684641364, 36.320133026438164 ], [ 127.447215332019567, 36.320170781246411 ], [ 127.447233121836021, 36.320206987045054 ], [ 127.447271566735523, 36.320285840332765 ], [ 127.447178265440471, 36.320328137740475 ], [ 127.447169818720454, 36.320352572942703 ], [ 127.44715310564591, 36.320399874635193 ], [ 127.447061102574821, 36.320550947457114 ], [ 127.44703892273894, 36.320586707485987 ], [ 127.446990446951389, 36.320664848453916 ], [ 127.446996558416714, 36.320672287372744 ], [ 127.447001896231725, 36.320678800968494 ], [ 127.447109812639923, 36.320783952873875 ], [ 127.447288313988636, 36.320627835336495 ], [ 127.447421181018029, 36.320554119622564 ], [ 127.447503087495846, 36.320515234921459 ], [ 127.447707373197531, 36.320424634805633 ], [ 127.447798488539192, 36.320383741962537 ], [ 127.447825398382605, 36.320374909143347 ], [ 127.447860497739626, 36.320425468949786 ], [ 127.447887699760756, 36.320465920063839 ], [ 127.447939278283428, 36.320541479869696 ], [ 127.447986483474807, 36.3206117120437 ], [ 127.44803177646196, 36.320680536502806 ], [ 127.448034754791621, 36.320685319606255 ], [ 127.4480473901409, 36.320704133912194 ], [ 127.448099856776068, 36.320781105165331 ], [ 127.448142317905535, 36.320843460741557 ], [ 127.448203041856388, 36.320933071555665 ], [ 127.448287267714704, 36.32105666776576 ], [ 127.448321656579523, 36.321107509447607 ], [ 127.448399736861745, 36.321221558111667 ], [ 127.448434315182595, 36.32127239905094 ], [ 127.448496786757616, 36.32136566192635 ], [ 127.448566982715235, 36.321469881149383 ], [ 127.448637172374916, 36.321572964877213 ], [ 127.448698595974193, 36.321663987645884 ], [ 127.448755265708144, 36.321747413276029 ], [ 127.448787911399208, 36.321795161311051 ], [ 127.448774738541715, 36.321834357456716 ], [ 127.448654101350797, 36.321887184835724 ], [ 127.448539370675491, 36.32193689898839 ], [ 127.448425330283669, 36.321986610450118 ], [ 127.448310779085901, 36.322036603075311 ], [ 127.448193617213064, 36.322087731810122 ], [ 127.44813304052289, 36.32211386682318 ], [ 127.448078876161432, 36.322104498760019 ], [ 127.447972084167716, 36.322173602937433 ], [ 127.447968117005047, 36.322210232319186 ], [ 127.447838444298739, 36.322325048105576 ], [ 127.44769892451815, 36.322453147716388 ], [ 127.447630541182548, 36.322514511339996 ], [ 127.447607514445721, 36.322534594255487 ], [ 127.447533930596862, 36.322599915347546 ], [ 127.447426071262228, 36.322694940684556 ], [ 127.44732721408036, 36.322782894205993 ], [ 127.4473048952798, 36.322806074449232 ], [ 127.447436289780356, 36.32290133371108 ], [ 127.447473164309045, 36.322929069345669 ], [ 127.447474561148411, 36.322929911234475 ], [ 127.447543403860408, 36.322980345209473 ], [ 127.447629201282808, 36.323043395335638 ], [ 127.447693503662862, 36.323090466778716 ], [ 127.447789430742418, 36.323160508105623 ], [ 127.44771636337795, 36.323222736361288 ], [ 127.447543208417841, 36.323372075757099 ], [ 127.447355846784276, 36.323533858986202 ], [ 127.447204166617382, 36.323664535649534 ], [ 127.447180961204396, 36.323684610134968 ], [ 127.447029282043829, 36.323815565934019 ], [ 127.447011095660301, 36.323831124838307 ], [ 127.44704097832448, 36.32385326335671 ], [ 127.447105451249044, 36.323900893198768 ], [ 127.447231275948795, 36.323993641138131 ], [ 127.447318641274364, 36.324058082441233 ], [ 127.447347650657989, 36.324079377038466 ], [ 127.447409853690971, 36.32412532999124 ], [ 127.447435072470128, 36.324122424259123 ], [ 127.447486198828457, 36.324116321834481 ], [ 127.447589657310701, 36.324102697582248 ], [ 127.447602866408388, 36.324100954085225 ], [ 127.447689978513154, 36.324089643677091 ], [ 127.447722152608364, 36.324085864821235 ], [ 127.447826129698711, 36.32407336489149 ], [ 127.448020359242832, 36.324049551505702 ], [ 127.44806279291781, 36.3240443284066 ], [ 127.44817373954865, 36.32403151376235 ], [ 127.448250237092225, 36.324019972259734 ], [ 127.448309193012534, 36.323922308344329 ], [ 127.448398387288606, 36.323910989637405 ], [ 127.448498711263014, 36.323896538229796 ], [ 127.448649811329133, 36.323877102577697 ], [ 127.448724401197026, 36.323866964722399 ], [ 127.448783007639321, 36.323860275031429 ], [ 127.449021554762382, 36.323827841200334 ], [ 127.449268622339133, 36.323793680775992 ], [ 127.449273673339036, 36.323792814754661 ], [ 127.44930932787031, 36.323852383722787 ], [ 127.449322338191024, 36.32387430551433 ], [ 127.44938434753638, 36.323977707773288 ], [ 127.449410353832732, 36.324020974642089 ], [ 127.449416325200716, 36.324031090432321 ], [ 127.449476232971861, 36.32413112112652 ], [ 127.449491167031297, 36.324156415077333 ], [ 127.449543888086325, 36.324246046129332 ], [ 127.44957269819345, 36.324294664413891 ], [ 127.449597829620259, 36.324336808055612 ], [ 127.449659831651573, 36.324438804363112 ], [ 127.449661766447335, 36.324442176497449 ], [ 127.449662998055771, 36.324445271905446 ], [ 127.449673208344748, 36.324464383491296 ], [ 127.449702026612158, 36.324514398525693 ], [ 127.449724518590216, 36.324552613921831 ], [ 127.449790069553387, 36.324665582114029 ], [ 127.449815906176198, 36.324710255350041 ], [ 127.449823635761859, 36.324722058723992 ], [ 127.449896596365562, 36.324761769971701 ], [ 127.449986494664785, 36.324810997063686 ], [ 127.450147430472455, 36.324898545583387 ], [ 127.450297551008418, 36.324979925429716 ], [ 127.450411005938889, 36.325041175476272 ], [ 127.450556761412315, 36.325120606835895 ], [ 127.450684707540901, 36.32518996677922 ], [ 127.450687854666214, 36.32519305497776 ], [ 127.450785709317344, 36.325233239861191 ], [ 127.450910243217677, 36.325284309621757 ], [ 127.45098010219742, 36.325268555831954 ], [ 127.451121918585883, 36.325237887336485 ], [ 127.451146944846457, 36.325232449257307 ], [ 127.451420664384443, 36.325172834205439 ], [ 127.451625921567398, 36.325127850024003 ], [ 127.451836208950752, 36.325082287813714 ], [ 127.451981497604905, 36.325051325854965 ], [ 127.452737694797506, 36.324890480408484 ], [ 127.452957374221924, 36.324662393828106 ], [ 127.453118056287465, 36.324495070369203 ], [ 127.453433030093493, 36.324166917358731 ], [ 127.453573487820435, 36.324021072535608 ], [ 127.453623988856066, 36.323968505517612 ], [ 127.454065122122316, 36.323520756888932 ], [ 127.454154215423415, 36.323430581876451 ], [ 127.45440181927664, 36.323911211312094 ], [ 127.454516782012405, 36.324142259243878 ], [ 127.454830199869718, 36.324746540139031 ], [ 127.454922731978129, 36.324769286156361 ], [ 127.455057468568938, 36.324808759891496 ], [ 127.455320668883331, 36.324885207444261 ], [ 127.455358610804822, 36.324887036947224 ], [ 127.455498893615172, 36.324893830723582 ], [ 127.455537013674089, 36.324895650481594 ], [ 127.455599151960612, 36.324898793821262 ], [ 127.455917887811736, 36.324918985302602 ], [ 127.455970524000207, 36.32490442053615 ], [ 127.456279247289459, 36.324819050026989 ], [ 127.456311902412395, 36.324809914080134 ], [ 127.457285539415878, 36.324520642724821 ], [ 127.4572982278995, 36.324517494316964 ], [ 127.457284947357564, 36.324537541919248 ], [ 127.457280832701414, 36.324607398280683 ], [ 127.45728157725668, 36.324616686503866 ], [ 127.457291661831022, 36.324734367880026 ], [ 127.45738604676869, 36.324895371423558 ], [ 127.457400093880395, 36.324918973557651 ], [ 127.457544853294579, 36.325093870111424 ], [ 127.45755008481872, 36.325097229538507 ], [ 127.457724057166345, 36.325209211880555 ], [ 127.457740359088803, 36.325199290860169 ], [ 127.457771058585408, 36.325152709360772 ], [ 127.457818582484094, 36.325126619310311 ], [ 127.457872059654548, 36.325135994580201 ], [ 127.458099819760179, 36.325281844228087 ], [ 127.458222134250406, 36.325606356781755 ], [ 127.458178844422875, 36.325464876317341 ], [ 127.458235037029141, 36.325403264915849 ], [ 127.458291060870295, 36.325341374769863 ], [ 127.458376819184053, 36.325246991916593 ], [ 127.458462400740132, 36.32515288903933 ], [ 127.458547814992471, 36.325058777728032 ], [ 127.458634956525088, 36.324962983573123 ], [ 127.458720017316708, 36.324869441225893 ], [ 127.458805089041959, 36.32477589877552 ], [ 127.458889804201647, 36.324682357628184 ], [ 127.458974533613997, 36.324589384102495 ], [ 127.459060455643097, 36.324494711751257 ], [ 127.459145691967393, 36.324400889062495 ], [ 127.45923507784353, 36.324302544572262 ], [ 127.459324298138384, 36.32420448902289 ], [ 127.459364930204373, 36.324159833617621 ], [ 127.459434430547148, 36.324083247294723 ], [ 127.459463300481147, 36.324051595740364 ], [ 127.459550272734688, 36.323955801557879 ], [ 127.459634645803732, 36.323863099274583 ], [ 127.459719537221602, 36.323769565867494 ], [ 127.459806321117583, 36.323674042569294 ], [ 127.459892075787465, 36.323579658628411 ], [ 127.459975926337805, 36.323487246479203 ], [ 127.460060818579123, 36.32339399218607 ], [ 127.460146407179039, 36.323299879048385 ], [ 127.460249963494775, 36.32318570894077 ], [ 127.460409034757504, 36.323280568298365 ], [ 127.460463347914526, 36.32331302718169 ], [ 127.460473554350116, 36.323302570466673 ], [ 127.460564890721287, 36.323210696896744 ], [ 127.460574908856216, 36.32310927679125 ], [ 127.460576542022565, 36.323091526480503 ], [ 127.460604948208598, 36.322802475218083 ], [ 127.46070202374176, 36.322798722943034 ], [ 127.460825073721935, 36.322774873817039 ], [ 127.460828032635746, 36.322774303721509 ], [ 127.460914982578416, 36.32273594920391 ], [ 127.460960274758662, 36.322715219429732 ], [ 127.460994637131506, 36.322699316866967 ], [ 127.46113975390567, 36.322640462247911 ], [ 127.461368032357456, 36.322607484559128 ], [ 127.461402538449008, 36.322587634201277 ], [ 127.461412150759585, 36.322504527357033 ], [ 127.461446672705634, 36.322428633155347 ], [ 127.461485321196051, 36.322401169969851 ], [ 127.461670558291814, 36.322417633308895 ], [ 127.46197000420122, 36.322444641722946 ], [ 127.462178395391689, 36.322463268002878 ], [ 127.462347098642283, 36.322478388186511 ], [ 127.462412365854277, 36.322540380357317 ], [ 127.462419185846741, 36.322546833472671 ], [ 127.462565266872176, 36.32155723586915 ], [ 127.462751708744477, 36.321602701562796 ], [ 127.46276372980364, 36.321605466827442 ], [ 127.462952625147437, 36.321651490476299 ], [ 127.463229563992371, 36.321727858615532 ], [ 127.463233221567151, 36.321728691587275 ], [ 127.463285346564504, 36.321745107808198 ], [ 127.463508321546129, 36.321816051444983 ], [ 127.46400790278831, 36.321820040182963 ], [ 127.464835794777002, 36.321875689431437 ], [ 127.465160292296716, 36.321815575770344 ], [ 127.465495750017723, 36.321840462105335 ], [ 127.466093760554571, 36.321806319012268 ], [ 127.466690811786023, 36.322077438989432 ], [ 127.466955906171592, 36.32209189814386 ], [ 127.467452117411639, 36.322318916149371 ], [ 127.468113048562159, 36.321686645477278 ], [ 127.468723120303892, 36.320787318923145 ], [ 127.468831454110017, 36.320629190668697 ], [ 127.469116789057168, 36.319605246643668 ], [ 127.469210207248977, 36.319165281287354 ], [ 127.469220132652055, 36.319108072206831 ], [ 127.469233721061315, 36.319024660782162 ], [ 127.469190616187092, 36.319002579540509 ], [ 127.46921966206726, 36.318796323175206 ], [ 127.469225681321191, 36.318756314693672 ], [ 127.469264350673356, 36.318762922161781 ], [ 127.469266044032366, 36.318755589020327 ], [ 127.469272502299788, 36.318671646761693 ], [ 127.469273432943481, 36.318652213886189 ], [ 127.469291696367947, 36.318592719240996 ], [ 127.469286766689962, 36.318554159426924 ], [ 127.469230492300667, 36.318484250547407 ], [ 127.469135725020593, 36.31846519207874 ], [ 127.46899841039945, 36.318459538131698 ], [ 127.468816751282702, 36.318399419427372 ], [ 127.468704929142618, 36.318349445047218 ], [ 127.46865330344869, 36.318328802735735 ], [ 127.468579865471838, 36.318299242938465 ], [ 127.468563633620917, 36.318290574018597 ], [ 127.468467020297624, 36.318283066224588 ], [ 127.468330197481095, 36.31827205663469 ], [ 127.468118265752139, 36.318182767040049 ], [ 127.468036642437923, 36.318093247936083 ], [ 127.46802096459777, 36.318059803601692 ], [ 127.467983789792513, 36.317982502079381 ], [ 127.467918925580776, 36.31787236178959 ], [ 127.467897580805968, 36.317852168732479 ], [ 127.467834930658086, 36.317792142863645 ], [ 127.467766532545895, 36.317729895466321 ], [ 127.467960497515804, 36.317781235420021 ], [ 127.467981676155844, 36.317773546896738 ], [ 127.468163044101345, 36.31769736597056 ], [ 127.468168852912527, 36.317679887619647 ], [ 127.4682073506291, 36.31762792001463 ], [ 127.468259803308158, 36.317583783151676 ], [ 127.468320639471372, 36.317515110698544 ], [ 127.468340827018963, 36.317457014497968 ], [ 127.468372688968486, 36.3174033875639 ], [ 127.46837886164252, 36.317329296242107 ], [ 127.468408203757377, 36.317230332232349 ], [ 127.468421085301586, 36.31720381453637 ], [ 127.468482685631116, 36.317173718128799 ], [ 127.468493969475773, 36.317170583032954 ], [ 127.468541558854497, 36.317156879552833 ], [ 127.468634247838779, 36.317148911504489 ], [ 127.468691347932861, 36.31715404131247 ], [ 127.468707735837469, 36.317159041842956 ], [ 127.468781287751881, 36.317179877793563 ], [ 127.468874937825518, 36.317217252708026 ], [ 127.468927321416999, 36.31721760661555 ], [ 127.469042959022104, 36.317235457170028 ], [ 127.469141101456074, 36.317238173306173 ], [ 127.469276849998636, 36.317242995137157 ], [ 127.469306765384715, 36.317242030970711 ], [ 127.469377998157384, 36.317253016822271 ], [ 127.469471126619979, 36.317260816890482 ], [ 127.4695600838308, 36.317267515767107 ], [ 127.469673698604424, 36.317267350219105 ], [ 127.469726409550304, 36.317266576031003 ], [ 127.469785877700531, 36.317259872682015 ], [ 127.46985611631014, 36.317251712267904 ], [ 127.469866554446924, 36.317250544907985 ], [ 127.469902365775567, 36.317246736827848 ], [ 127.469932123794891, 36.317217611540677 ], [ 127.469921644619731, 36.317124444528915 ], [ 127.470048203495935, 36.317106483854339 ], [ 127.470046759331666, 36.317097757171688 ], [ 127.470026634761481, 36.317078695185543 ], [ 127.469997381385525, 36.316899981538768 ], [ 127.470045564865273, 36.316780946307503 ], [ 127.470123927150965, 36.316617581319449 ], [ 127.470216896236721, 36.316424032868696 ], [ 127.47045913239964, 36.315995873836435 ], [ 127.470462757032479, 36.315989380199397 ], [ 127.470560026708881, 36.315556715959232 ], [ 127.470660352556067, 36.315225430352605 ], [ 127.470651971383418, 36.315017905568283 ], [ 127.470633596607328, 36.314854081726168 ], [ 127.470624624779575, 36.31463530361939 ], [ 127.47061902654049, 36.31451309977065 ], [ 127.470645259483973, 36.314362330047203 ], [ 127.47066951141511, 36.314228474057565 ], [ 127.470673047167097, 36.314209021922181 ], [ 127.470675244425223, 36.314196622197173 ], [ 127.470715454580784, 36.31414296185482 ], [ 127.470778796965305, 36.314058507797164 ], [ 127.470910497728127, 36.313883109474922 ], [ 127.47106429178092, 36.3136783361658 ], [ 127.471352252671338, 36.313303209715272 ], [ 127.471509044134521, 36.31310658865165 ], [ 127.47157006584996, 36.312780521273332 ], [ 127.471860180929582, 36.312533252277824 ], [ 127.472035192379607, 36.312385843875198 ], [ 127.472109434267423, 36.312349784150868 ], [ 127.47230511199902, 36.312254390704958 ], [ 127.472719063409627, 36.311914541165507 ], [ 127.472989485979923, 36.311693246699711 ], [ 127.473116210144653, 36.311589679877919 ], [ 127.473667774101955, 36.311424444753648 ], [ 127.474428249792808, 36.311195578196092 ], [ 127.474950813116479, 36.311039472606318 ], [ 127.475007259780639, 36.311023757911315 ], [ 127.475565654428792, 36.310868057426397 ], [ 127.476346722523715, 36.310650938412188 ], [ 127.476396568502935, 36.310637502207953 ], [ 127.476620804152091, 36.310576340907559 ], [ 127.47688412613175, 36.310504894602317 ], [ 127.477642977344274, 36.310299390465943 ], [ 127.47815207200702, 36.310162465422863 ], [ 127.478521319844376, 36.309916549915336 ], [ 127.479085175809544, 36.309545097829165 ], [ 127.479119134642843, 36.309523000617631 ], [ 127.479648506214374, 36.309232509697978 ], [ 127.480224538554964, 36.308918453209984 ], [ 127.480312273472464, 36.308870510993792 ], [ 127.480831719329473, 36.309035425523476 ], [ 127.480848108050779, 36.309040712771214 ], [ 127.481109917280506, 36.309121894633883 ], [ 127.481132807539382, 36.308143473053121 ], [ 127.481068161356291, 36.308041503490983 ], [ 127.480624787918003, 36.307885287797745 ], [ 127.480337773451481, 36.307607083515308 ], [ 127.480389345732746, 36.307078844415393 ], [ 127.480438622017815, 36.306573990842928 ], [ 127.47990462736216, 36.305790694483086 ], [ 127.479915830671786, 36.305603377111403 ], [ 127.479699558145427, 36.305084094886865 ], [ 127.479809453218607, 36.30481865662518 ], [ 127.479789682463434, 36.304629489580925 ], [ 127.479907395375108, 36.304249688226015 ], [ 127.479633904398014, 36.303904389714326 ], [ 127.479700297663882, 36.303751771999927 ], [ 127.479551215340081, 36.303125485712435 ], [ 127.479347737691128, 36.302763856617176 ], [ 127.479312223845284, 36.302189221751419 ], [ 127.479489040194125, 36.301860154761087 ], [ 127.479602140663985, 36.301806758658891 ], [ 127.479622668634335, 36.301664174154176 ], [ 127.479669719871424, 36.301336184460453 ], [ 127.479827828389034, 36.301247687692168 ], [ 127.480012866790901, 36.301210053261293 ], [ 127.480205012369694, 36.300941752977778 ], [ 127.480437348855887, 36.300617247460451 ], [ 127.480280916255921, 36.300467765652307 ], [ 127.47968354525824, 36.299896794128941 ], [ 127.479258167582941, 36.299629269245635 ], [ 127.478418988070572, 36.299597131350509 ], [ 127.477690972990644, 36.299565112613962 ], [ 127.477303324425293, 36.299550885363679 ], [ 127.477234553052597, 36.299570588308924 ], [ 127.476866066111356, 36.299648374263299 ], [ 127.476729715976802, 36.299680736710755 ], [ 127.476300221392918, 36.299795657417135 ], [ 127.47600616801023, 36.299869765718292 ], [ 127.475639873577123, 36.299964427178736 ], [ 127.475379140376504, 36.300112180831185 ], [ 127.475137319482542, 36.300252262108749 ], [ 127.474997948752389, 36.300332225493094 ], [ 127.474361399841854, 36.300671278716628 ], [ 127.474136950901254, 36.3008366302453 ], [ 127.473741545043836, 36.301182053199028 ], [ 127.473663837618687, 36.30124712739461 ], [ 127.473113373409063, 36.301525842898712 ], [ 127.472698680319979, 36.30173306251271 ], [ 127.472578318573696, 36.301792392404543 ], [ 127.472380134029137, 36.301814575957351 ], [ 127.472102336289865, 36.30184439910893 ], [ 127.471901352996326, 36.301864060589281 ], [ 127.471668763944948, 36.302008316015993 ], [ 127.471315893478419, 36.302225705263389 ], [ 127.471193121152893, 36.302291802030297 ], [ 127.470998494736392, 36.302384089573373 ], [ 127.470700323094292, 36.302527762541644 ], [ 127.47033466549334, 36.302704078559124 ], [ 127.46940384581454, 36.302564943185985 ], [ 127.469242928756486, 36.302826912950614 ], [ 127.469018409025125, 36.303186575026317 ], [ 127.468864092211447, 36.303271374930638 ], [ 127.468615938095496, 36.303404141238666 ], [ 127.468407323559148, 36.303515349773463 ], [ 127.468372216013108, 36.303578289598974 ], [ 127.468199937175811, 36.303890713900103 ], [ 127.46814432587442, 36.303988086393211 ], [ 127.467981019287279, 36.304695017712994 ], [ 127.467459999457361, 36.305457693141115 ], [ 127.466914070638438, 36.30597996733141 ], [ 127.466862382110335, 36.306035365346851 ], [ 127.467043209807215, 36.306457085890074 ], [ 127.467026503623458, 36.307158659486525 ], [ 127.466990647651258, 36.307712452251501 ], [ 127.467110638581502, 36.308142862412183 ], [ 127.467060891964749, 36.308497045535987 ], [ 127.467005501665255, 36.308894624001397 ], [ 127.466543050412, 36.309476264839851 ], [ 127.466408737658696, 36.309709127363512 ], [ 127.466199668982298, 36.309981697590352 ], [ 127.465831698036737, 36.310479618945322 ], [ 127.46557235822894, 36.310871509187358 ], [ 127.465262637785031, 36.311305832217059 ], [ 127.465199821904832, 36.311538127580306 ], [ 127.46516123700485, 36.311721890952882 ], [ 127.465158878039134, 36.311733444110224 ], [ 127.464982973146348, 36.312113744744408 ], [ 127.464978622984987, 36.312202761311468 ], [ 127.464945345999183, 36.312224293143984 ], [ 127.464801674936339, 36.312318625932896 ], [ 127.464620212848246, 36.312407472633623 ], [ 127.464477939540288, 36.312502926082495 ], [ 127.464319878421563, 36.31269475769389 ], [ 127.46424445375861, 36.312766864029186 ], [ 127.463449894490253, 36.313271492987553 ], [ 127.463155523932784, 36.313449764389986 ], [ 127.463023968242268, 36.313357902281304 ], [ 127.462966316995178, 36.313317292760424 ], [ 127.462825412929362, 36.313086343663294 ], [ 127.462142610753574, 36.312744278516433 ], [ 127.461916676576962, 36.312814989679808 ], [ 127.461836962960376, 36.312839799513938 ], [ 127.461632573725936, 36.312728507671039 ], [ 127.461250688034852, 36.31261029233076 ], [ 127.461040175635603, 36.312641227897558 ], [ 127.460978212586497, 36.312668221854267 ], [ 127.460949106198669, 36.312658763278669 ], [ 127.460383037874649, 36.31247744992617 ], [ 127.460166697484041, 36.312408772785162 ], [ 127.460162335678405, 36.312407392703939 ], [ 127.459968475745399, 36.3123461266986 ], [ 127.45980743552046, 36.31229524222325 ], [ 127.459751086893334, 36.312277020260055 ], [ 127.459649958458442, 36.312244325851047 ], [ 127.459315660591642, 36.312136231323485 ], [ 127.459229657543816, 36.312109931022071 ], [ 127.459119526876762, 36.312076252305829 ], [ 127.45908953382434, 36.312082666304185 ], [ 127.459004414642521, 36.312100898366388 ], [ 127.458973334123272, 36.312107956329278 ], [ 127.458861125720261, 36.312179875622924 ], [ 127.458821832373886, 36.312204898284918 ], [ 127.458819014352727, 36.31220664832658 ], [ 127.458787084334162, 36.312226506129953 ], [ 127.458718985943818, 36.312268824284061 ], [ 127.458442311149625, 36.31244110476635 ], [ 127.458401060582545, 36.312466603380152 ], [ 127.458156712006428, 36.312364470001391 ], [ 127.457864857536279, 36.312200273543681 ], [ 127.457733593265715, 36.312126427890639 ], [ 127.457640904793649, 36.312074405478889 ], [ 127.457613311515289, 36.312055072483155 ], [ 127.45754047409504, 36.312037047559905 ], [ 127.457348493984085, 36.31199215342577 ], [ 127.457218297383776, 36.311952385450638 ], [ 127.457085835625492, 36.311911769852067 ], [ 127.457000076157172, 36.311885061486841 ], [ 127.456918244085827, 36.311934378982258 ], [ 127.456821330802882, 36.311992477206211 ], [ 127.456729083748542, 36.312046898825052 ], [ 127.456696663181532, 36.312066730904967 ], [ 127.456667762437689, 36.312123173199254 ], [ 127.456632850849374, 36.312191452733451 ], [ 127.456590352181337, 36.312184287996963 ], [ 127.456520515856425, 36.312201739175542 ], [ 127.456484726096761, 36.312270301371846 ], [ 127.456462532418527, 36.312314038600924 ], [ 127.45643803258335, 36.312349899348206 ], [ 127.456457897550209, 36.31244387905393 ], [ 127.456443326772956, 36.312481107842395 ], [ 127.45636858078305, 36.312673179653295 ], [ 127.456364982594465, 36.312682484425295 ], [ 127.456317305976739, 36.312801845789586 ], [ 127.456172058006331, 36.312781914666012 ], [ 127.45602072687791, 36.312761366662251 ], [ 127.455874961948822, 36.312742509537017 ], [ 127.455805059453922, 36.312750588362917 ], [ 127.455756454853315, 36.312756207127954 ], [ 127.455613857092331, 36.31277273567796 ], [ 127.45555800827573, 36.312790673863717 ], [ 127.455415740979674, 36.312837336107549 ], [ 127.455332837189061, 36.312857701935712 ], [ 127.455200030015263, 36.312890170600426 ], [ 127.455124233309988, 36.312864946064742 ], [ 127.454991525443617, 36.312860745440275 ], [ 127.454940938315389, 36.312825917791713 ], [ 127.454913311022523, 36.312804278263251 ], [ 127.454384153444124, 36.312857532752176 ], [ 127.45425228290874, 36.312254787790344 ], [ 127.454147520482479, 36.312161282386988 ] ] ] ] } },
{ "type": "Feature", "properties": { "EMD_CD": "30110108", "EMD_ENG_NM": "Samjeong-dong", "EMD_KOR_NM": "삼정동" }, "geometry": { "type": "MultiPolygon", "coordinates": [ [ [ [ 127.481559455965169, 36.331620886781813 ], [ 127.481754931793844, 36.331542934484382 ], [ 127.481768843629098, 36.331568507801158 ], [ 127.481776439783062, 36.331530457001335 ], [ 127.48165142158399, 36.331519694696006 ], [ 127.481576465624585, 36.331528728106775 ], [ 127.481462705803423, 36.331535844613938 ], [ 127.481223533288272, 36.331553233104515 ], [ 127.481091011520732, 36.331568417920934 ], [ 127.480891269876324, 36.331006547928396 ], [ 127.481130305858116, 36.331016204708391 ], [ 127.481292418007911, 36.331039011469016 ], [ 127.481337013465605, 36.331046438303055 ], [ 127.481496328179603, 36.331088883457205 ], [ 127.48150408194374, 36.331047461669876 ], [ 127.48131533351507, 36.330972737696115 ], [ 127.481347163024921, 36.330941636768507 ], [ 127.481350273566207, 36.330938524262486 ], [ 127.481332115071865, 36.330872415378195 ], [ 127.481327205345735, 36.330836397376551 ], [ 127.481287086707326, 36.330765303064773 ], [ 127.481284801717536, 36.330761374132472 ], [ 127.481283127780173, 36.3307444839499 ], [ 127.481404182547365, 36.330704851216346 ], [ 127.481696332274552, 36.330585678884709 ], [ 127.481611414455017, 36.330473941739001 ], [ 127.481546343706839, 36.330389439226238 ], [ 127.4815154584753, 36.330349290062358 ], [ 127.48088879020716, 36.329521883273209 ], [ 127.48060910203219, 36.329145640468759 ], [ 127.481014424982817, 36.329008560457872 ], [ 127.481242757645973, 36.328955547669047 ], [ 127.481396196917416, 36.328921417256907 ], [ 127.481533653858975, 36.328889045033058 ], [ 127.481323469341902, 36.328554203747508 ], [ 127.480960706859079, 36.327968205743751 ], [ 127.480861204972982, 36.32780216801531 ], [ 127.480655208769477, 36.327695700848935 ], [ 127.480476396843542, 36.327110378546976 ], [ 127.480432133869101, 36.32670192996639 ], [ 127.480165459365267, 36.32631915435627 ], [ 127.480084848468792, 36.326196692889518 ], [ 127.480008619028268, 36.32596748839574 ], [ 127.480657394874754, 36.325522469561633 ], [ 127.480815950034781, 36.325413693590257 ], [ 127.480624090287861, 36.325141291446563 ], [ 127.480506497158274, 36.324977299404715 ], [ 127.480309118375928, 36.324570599595539 ], [ 127.480102779910339, 36.324149841014972 ], [ 127.480072942096982, 36.324021832249997 ], [ 127.480004615034773, 36.323747807914067 ], [ 127.479992066240683, 36.323658867687435 ], [ 127.479989339066819, 36.323640855219793 ], [ 127.480002437979493, 36.32361940001487 ], [ 127.480098048125953, 36.323461591984 ], [ 127.480021429656929, 36.323310394155314 ], [ 127.480056915167921, 36.322994275100569 ], [ 127.480089302358849, 36.322686909767505 ], [ 127.480146019203119, 36.322200609918134 ], [ 127.480283001735501, 36.32215077637057 ], [ 127.480466673016224, 36.322081894120331 ], [ 127.480330702067846, 36.321841934760847 ], [ 127.480343254823055, 36.321816822953124 ], [ 127.480527539012144, 36.321449705113338 ], [ 127.480632535995923, 36.321234130070849 ], [ 127.480731418502401, 36.320987597233241 ], [ 127.480758677117507, 36.320919900227373 ], [ 127.480802112437928, 36.320653322307827 ], [ 127.480895544746517, 36.320084363635537 ], [ 127.481135277014658, 36.319822342103315 ], [ 127.481425024567031, 36.319290615448438 ], [ 127.481333058400949, 36.319189603034104 ], [ 127.481420136531597, 36.318862020663211 ], [ 127.481358277237746, 36.318620358945829 ], [ 127.481414640581164, 36.318419622363635 ], [ 127.481469279791398, 36.318335486043864 ], [ 127.481677329458847, 36.318014446791132 ], [ 127.481916207659154, 36.317643727931838 ], [ 127.482037344210767, 36.317139991613111 ], [ 127.482138499369057, 36.316697452837722 ], [ 127.482382712854502, 36.316487507337747 ], [ 127.482576738383344, 36.316321136642863 ], [ 127.483015926714558, 36.31581921890627 ], [ 127.48292734287476, 36.315644973940785 ], [ 127.482770764022845, 36.315336106473296 ], [ 127.482666255368429, 36.314976626746002 ], [ 127.482642253666384, 36.314894212185635 ], [ 127.482526050814954, 36.314472535524388 ], [ 127.482497942025404, 36.314370419842035 ], [ 127.482295430144219, 36.314174950537037 ], [ 127.482286335064686, 36.314166254773255 ], [ 127.482077340737476, 36.313961240727565 ], [ 127.481866067283576, 36.313754811614274 ], [ 127.4818478645266, 36.313737149718214 ], [ 127.481751808324645, 36.31364910376832 ], [ 127.481703872681351, 36.313463997615358 ], [ 127.481984478542529, 36.313032840462981 ], [ 127.482184624160595, 36.312533291905808 ], [ 127.482283358706979, 36.312292399404186 ], [ 127.482024206440087, 36.312050963308309 ], [ 127.481894816107172, 36.311974045709825 ], [ 127.481642317865308, 36.311824113960405 ], [ 127.480898087605908, 36.311379326860283 ], [ 127.481167517332864, 36.311140003531911 ], [ 127.481171931329087, 36.310809931908274 ], [ 127.481103523794573, 36.310606875119554 ], [ 127.480974531374272, 36.310225241883643 ], [ 127.481079013574742, 36.309813663415589 ], [ 127.481167522512123, 36.30946663674149 ], [ 127.48110991729483, 36.309121890449518 ], [ 127.480848108065118, 36.309040708586828 ], [ 127.480831719343826, 36.309035421339111 ], [ 127.480312273486916, 36.308870506809399 ], [ 127.480224538569416, 36.308918449025612 ], [ 127.479648506228912, 36.309232505513542 ], [ 127.479119134657395, 36.309522996433174 ], [ 127.479085175824153, 36.309545093644708 ], [ 127.478521319858984, 36.309916545730836 ], [ 127.4781520720217, 36.31016246123832 ], [ 127.477642977359039, 36.310299386281365 ], [ 127.476884126146601, 36.310504890417718 ], [ 127.47662080416697, 36.310576336722953 ], [ 127.476396568517842, 36.310637498023347 ], [ 127.476346722538636, 36.310650934227567 ], [ 127.475565654443812, 36.310868053241741 ], [ 127.475007259795731, 36.31102375372663 ], [ 127.474950813131599, 36.311039468421612 ], [ 127.474428249807971, 36.311195574011379 ], [ 127.473667774117217, 36.311424440568899 ], [ 127.473116210160001, 36.311589675693142 ], [ 127.472989485995242, 36.31169324251492 ], [ 127.472719063424961, 36.311914536980687 ], [ 127.472305112014425, 36.312254386520117 ], [ 127.472109434282856, 36.312349779966006 ], [ 127.472035192395055, 36.312385839690329 ], [ 127.471860180945043, 36.312533248092954 ], [ 127.47157006586545, 36.312780517088434 ], [ 127.471509044150011, 36.313106584466709 ], [ 127.47135225268687, 36.313303205530325 ], [ 127.471064291796495, 36.313678331980768 ], [ 127.470910497743674, 36.313883105289904 ], [ 127.470778796980881, 36.314058503612138 ], [ 127.470715454596359, 36.314142957669766 ], [ 127.470675244440798, 36.314196618012133 ], [ 127.470673047182686, 36.31420901773712 ], [ 127.470669511430685, 36.314228469872489 ], [ 127.470645259499562, 36.314362325862149 ], [ 127.470619026556065, 36.314513095585568 ], [ 127.470624624795121, 36.3146352994343 ], [ 127.470633596622889, 36.31485407754105 ], [ 127.470651971398993, 36.31501790138315 ], [ 127.470660352571642, 36.315225426167459 ], [ 127.470560026724428, 36.315556711774072 ], [ 127.470462757048026, 36.315989376014194 ], [ 127.470459132415215, 36.315995869651232 ], [ 127.470216896252296, 36.316424028683429 ], [ 127.470123927166554, 36.316617577134181 ], [ 127.470045564880849, 36.316780942122229 ], [ 127.4699973814011, 36.316899977353486 ], [ 127.470026634777042, 36.317078691000233 ], [ 127.470046759347241, 36.317097752986371 ], [ 127.470048203511496, 36.317106479669008 ], [ 127.469921644635306, 36.317124440343619 ], [ 127.469932123810494, 36.317217607355332 ], [ 127.469902365791143, 36.317246732642516 ], [ 127.469866554462527, 36.317250540722654 ], [ 127.469856116325758, 36.317251708082544 ], [ 127.46978587771612, 36.317259868496656 ], [ 127.469726409565894, 36.317266571845671 ], [ 127.469673698620042, 36.317267346033745 ], [ 127.469560083846389, 36.317267511581747 ], [ 127.469471126635625, 36.317260812705157 ], [ 127.46937799817303, 36.317253012636947 ], [ 127.46930676540039, 36.317242026785372 ], [ 127.46927685001431, 36.317242990951819 ], [ 127.469141101471749, 36.31723816912082 ], [ 127.469042959037807, 36.317235452984704 ], [ 127.46892732143273, 36.317217602430219 ], [ 127.468874937841235, 36.317217248522695 ], [ 127.468781287767598, 36.317179873608211 ], [ 127.468707735853215, 36.317159037657603 ], [ 127.468691347948578, 36.317154037127125 ], [ 127.468634247854553, 36.317148907319137 ], [ 127.468541558870285, 36.31715687536748 ], [ 127.468493969491547, 36.317170578847602 ], [ 127.46848268564689, 36.317173713943454 ], [ 127.468421085317388, 36.317203810351018 ], [ 127.468408203773151, 36.317230328046982 ], [ 127.468378861658323, 36.317329292056762 ], [ 127.468372688984289, 36.31740338337849 ], [ 127.468340827034766, 36.317457010312609 ], [ 127.46832063948716, 36.317515106513149 ], [ 127.46825980332396, 36.317583778966281 ], [ 127.468207350644931, 36.317627915829235 ], [ 127.468168852928329, 36.317679883434238 ], [ 127.468163044117162, 36.317697361785164 ], [ 127.467981676171661, 36.317773542711329 ], [ 127.467960497531635, 36.317781231234605 ], [ 127.467766532561754, 36.317729891280905 ], [ 127.467834930673931, 36.317792138678215 ], [ 127.467897580821798, 36.317852164547041 ], [ 127.467918925596621, 36.317872357604145 ], [ 127.467983789808358, 36.317982497893922 ], [ 127.468020964613629, 36.318059799416254 ], [ 127.468036642453725, 36.318093243750646 ], [ 127.468118265767941, 36.318182762854569 ], [ 127.468330197496869, 36.318272052449231 ], [ 127.468467020313369, 36.31828306203915 ], [ 127.468563633636677, 36.318290569833138 ], [ 127.468579865487598, 36.318299238753021 ], [ 127.468653303464436, 36.318328798550276 ], [ 127.468704929158335, 36.318349440861759 ], [ 127.468816751298419, 36.318399415241899 ], [ 127.468998410415125, 36.318459533946267 ], [ 127.469135725036296, 36.318465187893281 ], [ 127.469230492316299, 36.318484246361962 ], [ 127.469286766705622, 36.318554155241451 ], [ 127.469291696383593, 36.31859271505553 ], [ 127.469273432959127, 36.318652209700709 ], [ 127.46927250231542, 36.31867164257622 ], [ 127.469266044047998, 36.31875558483484 ], [ 127.469264350689002, 36.318762917976322 ], [ 127.469225681336823, 36.318756310508185 ], [ 127.469219662082892, 36.318796318989747 ], [ 127.469190616202738, 36.319002575354993 ], [ 127.469233721076947, 36.319024656596696 ], [ 127.469220132667687, 36.319108068021315 ], [ 127.469210207264624, 36.319165277101852 ], [ 127.4691167890728, 36.31960524245811 ], [ 127.468831454125677, 36.320629186483053 ], [ 127.468723120319538, 36.32078731473748 ], [ 127.468113048577862, 36.321686641291528 ], [ 127.467452117427413, 36.322318911963528 ], [ 127.467466329158341, 36.322629769188673 ], [ 127.467431991322158, 36.322795493000449 ], [ 127.467494775458647, 36.322907326748989 ], [ 127.4674474062667, 36.32313448904565 ], [ 127.46756217001797, 36.323383836883259 ], [ 127.467992950512752, 36.32384204140309 ], [ 127.468075331278868, 36.323999703922645 ], [ 127.46835627699997, 36.324133214669779 ], [ 127.468442980871473, 36.324636404493575 ], [ 127.468795605864827, 36.325204736790063 ], [ 127.468825118048414, 36.325251374080523 ], [ 127.468991842774543, 36.325575422468013 ], [ 127.469303932478709, 36.326085047302129 ], [ 127.469122975585222, 36.326262898221586 ], [ 127.46900633670748, 36.326982027910134 ], [ 127.469248205427988, 36.327272276431962 ], [ 127.469717203043515, 36.327828606264866 ], [ 127.470177050404004, 36.328077716520234 ], [ 127.470550979664736, 36.328709888595405 ], [ 127.470642507993034, 36.329407088082249 ], [ 127.470317207925348, 36.329744896901765 ], [ 127.470394923451622, 36.330110971177433 ], [ 127.470128470591774, 36.330484306952712 ], [ 127.470457144796754, 36.330736759864834 ], [ 127.470511085134817, 36.330939590492164 ], [ 127.471982016795138, 36.330664585405088 ], [ 127.472387959074013, 36.330569211209649 ], [ 127.472858895840844, 36.330458646978478 ], [ 127.473799016854542, 36.330237528893512 ], [ 127.473964973468568, 36.33019857334164 ], [ 127.474047408855554, 36.330247811721669 ], [ 127.47413006504739, 36.330304087296611 ], [ 127.474141061412283, 36.330310243852502 ], [ 127.474145954762193, 36.330312756785695 ], [ 127.474237002173609, 36.330377172700764 ], [ 127.47438865055689, 36.330475133600821 ], [ 127.474531263555448, 36.330576230083985 ], [ 127.474578793930533, 36.330608709320856 ], [ 127.474619748046692, 36.330647693970704 ], [ 127.474727338920843, 36.330742170077997 ], [ 127.474852049048053, 36.330903048466148 ], [ 127.474893511529828, 36.330939489711298 ], [ 127.474962816129306, 36.331005117637012 ], [ 127.474997982140607, 36.331035392760491 ], [ 127.475047991249582, 36.331074341387094 ], [ 127.475247313599169, 36.331229841124944 ], [ 127.475357819101902, 36.331316140513252 ], [ 127.475594674872596, 36.33148980258909 ], [ 127.475685053118113, 36.331557320052653 ], [ 127.475769115937524, 36.331615553439214 ], [ 127.47591297927076, 36.331722005230574 ], [ 127.475952667721771, 36.331752262116439 ], [ 127.476028194677284, 36.331809691114579 ], [ 127.476182629018453, 36.331907079912874 ], [ 127.476291487512597, 36.331980426165046 ], [ 127.47638480206183, 36.332043416573519 ], [ 127.476540144108426, 36.332178262853539 ], [ 127.476662401296124, 36.33227718472768 ], [ 127.476838593555982, 36.332404621222487 ], [ 127.477003373179301, 36.332516044043622 ], [ 127.477102101748486, 36.33258268009677 ], [ 127.477418566236821, 36.332796574244639 ], [ 127.477444422221723, 36.332813926909374 ], [ 127.477711116772326, 36.33299900985228 ], [ 127.477789589979068, 36.333053334972114 ], [ 127.477843054392963, 36.333088609895931 ], [ 127.477884464560375, 36.333116038611202 ], [ 127.477990158254755, 36.333210519279227 ], [ 127.478032433862282, 36.333237385767994 ], [ 127.478090102528654, 36.333277149656048 ], [ 127.478114049143187, 36.333293662689336 ], [ 127.478481381492756, 36.333543397831932 ], [ 127.478486794433323, 36.333547043982705 ], [ 127.478592721344924, 36.333622932084658 ], [ 127.478691466399866, 36.333691819656835 ], [ 127.478914865299814, 36.333911992969199 ], [ 127.47900695192925, 36.334001183145176 ], [ 127.479078056527896, 36.334103406870184 ], [ 127.479114738034141, 36.334153383238046 ], [ 127.479170200832826, 36.33423116666178 ], [ 127.479210573467995, 36.334287328280169 ], [ 127.479227246204204, 36.334310917289862 ], [ 127.479324779335442, 36.334409097118225 ], [ 127.480689256132422, 36.334847179936119 ], [ 127.48081079539017, 36.33488555092493 ], [ 127.480936163686678, 36.334925321262723 ], [ 127.480977075457673, 36.334871087092374 ], [ 127.48102262864559, 36.334807263886972 ], [ 127.481105806908118, 36.334690904819446 ], [ 127.481164986375759, 36.334607868056452 ], [ 127.48122364744026, 36.334525680441686 ], [ 127.481250087770803, 36.334494601184296 ], [ 127.481333378574334, 36.334398517772854 ], [ 127.481378665354399, 36.334347645276019 ], [ 127.481439991719512, 36.334273332067724 ], [ 127.481482263887131, 36.334214018684612 ], [ 127.481291958343519, 36.334001043859011 ], [ 127.481290557519785, 36.33399964366091 ], [ 127.481136833798033, 36.333820027133406 ], [ 127.481555221805806, 36.333568489650467 ], [ 127.481352541466578, 36.333246207893964 ], [ 127.481370003051893, 36.333127760393943 ], [ 127.481409532267392, 36.332844680059814 ], [ 127.481750592092709, 36.33225856035039 ], [ 127.481715738444208, 36.331991143647066 ], [ 127.481638913022294, 36.331808118690617 ], [ 127.481559455965169, 36.331620886781813 ] ] ] ] } },
{ "type": "Feature", "properties": { "EMD_CD": "30110109", "EMD_ENG_NM": "Yongun-dong", "EMD_KOR_NM": "용운동" }, "geometry": { "type": "MultiPolygon", "coordinates": [ [ [ [ 127.462637906663019, 36.344783090625761 ], [ 127.463406830360043, 36.344596571462034 ], [ 127.464876290724888, 36.345112432930605 ], [ 127.465072927931601, 36.344988886370182 ], [ 127.465229506218606, 36.344624721241267 ], [ 127.465620875494182, 36.344318211094951 ], [ 127.465809420280209, 36.344002917461303 ], [ 127.466454953797921, 36.343676546386455 ], [ 127.466662478487393, 36.343567878162759 ], [ 127.466641530545161, 36.343411381974633 ], [ 127.467077651367447, 36.343111460608135 ], [ 127.467787882450551, 36.343275119057168 ], [ 127.468117250129779, 36.342848032200564 ], [ 127.468550189411502, 36.342598799505012 ], [ 127.46862348543408, 36.342427291338389 ], [ 127.468564856918405, 36.342199137769597 ], [ 127.468418695492971, 36.341826851101771 ], [ 127.468367903795752, 36.341715250761318 ], [ 127.468274580751853, 36.341330645770427 ], [ 127.468090870836221, 36.340614367592323 ], [ 127.46808339089705, 36.340585388225094 ], [ 127.467812522326881, 36.340313562989046 ], [ 127.467953695737137, 36.339443106317489 ], [ 127.46916699536969, 36.338548182578862 ], [ 127.4695309522792, 36.338409329801017 ], [ 127.4696607608047, 36.338318136907361 ], [ 127.469828867604164, 36.338199767791238 ], [ 127.469835652240107, 36.337967411225918 ], [ 127.469850366838415, 36.337459599747639 ], [ 127.469873151096849, 36.337049479216027 ], [ 127.469794571992438, 36.336599482680619 ], [ 127.47021673775302, 36.336415900051861 ], [ 127.470735078612719, 36.336311926020862 ], [ 127.471305034263054, 36.33631024567422 ], [ 127.471403009084469, 36.336221717297747 ], [ 127.471445820040913, 36.336220990246268 ], [ 127.471817203498873, 36.336134197802537 ], [ 127.471973054129577, 36.334527252840083 ], [ 127.471861011012464, 36.334331689811769 ], [ 127.471808388335603, 36.334234174242603 ], [ 127.471651353713128, 36.333876298436898 ], [ 127.471239763908727, 36.333525614152386 ], [ 127.470940738178939, 36.332909777216031 ], [ 127.470545642078477, 36.332726579884145 ], [ 127.470274806031796, 36.331962496489432 ], [ 127.470333706094138, 36.33154125761989 ], [ 127.470619160250152, 36.331288369135528 ], [ 127.470511085134817, 36.330939590492164 ], [ 127.470457144796754, 36.330736759864834 ], [ 127.470128470591774, 36.330484306952712 ], [ 127.470394923451622, 36.330110971177433 ], [ 127.470317207925348, 36.329744896901765 ], [ 127.470642507993034, 36.329407088082249 ], [ 127.470550979664736, 36.328709888595405 ], [ 127.470177050404004, 36.328077716520234 ], [ 127.469717203043515, 36.327828606264866 ], [ 127.469248205427988, 36.327272276431962 ], [ 127.46900633670748, 36.326982027910134 ], [ 127.469122975585222, 36.326262898221586 ], [ 127.469303932478709, 36.326085047302129 ], [ 127.468991842774543, 36.325575422468013 ], [ 127.468825118048414, 36.325251374080523 ], [ 127.468795605864827, 36.325204736790063 ], [ 127.468442980871473, 36.324636404493575 ], [ 127.46835627699997, 36.324133214669779 ], [ 127.468075331278868, 36.323999703922645 ], [ 127.467992950512752, 36.32384204140309 ], [ 127.46756217001797, 36.323383836883259 ], [ 127.4674474062667, 36.32313448904565 ], [ 127.467494775458647, 36.322907326748989 ], [ 127.467431991322158, 36.322795493000449 ], [ 127.467466329158341, 36.322629769188673 ], [ 127.467452117427413, 36.322318911963528 ], [ 127.466955906187437, 36.322091893958074 ], [ 127.466690811801897, 36.322077434803617 ], [ 127.466093760570502, 36.321806314826453 ], [ 127.465495750033753, 36.321840457919521 ], [ 127.465160292312831, 36.321815571584509 ], [ 127.464835794793132, 36.321875685245608 ], [ 127.464007902804539, 36.321820035997106 ], [ 127.463508321562415, 36.321816047259119 ], [ 127.463285346580847, 36.32174510362232 ], [ 127.463233221583494, 36.321728687401404 ], [ 127.463229564008714, 36.32172785442966 ], [ 127.462952625163808, 36.321651486290435 ], [ 127.462763729820026, 36.321605462641571 ], [ 127.462751708760891, 36.321602697376932 ], [ 127.462565266888589, 36.3215572316833 ], [ 127.462419185863169, 36.322546829286694 ], [ 127.462412365870691, 36.322540376171354 ], [ 127.462347098658725, 36.322478384000554 ], [ 127.462178395408131, 36.322463263816928 ], [ 127.461970004217733, 36.322444637537011 ], [ 127.461670558308327, 36.322417629122917 ], [ 127.461485321212621, 36.322401165783873 ], [ 127.461446672722204, 36.322428628969384 ], [ 127.461412150776127, 36.322504523171084 ], [ 127.461402538465578, 36.322587630015271 ], [ 127.461368032374025, 36.322607480373129 ], [ 127.461139753922254, 36.322640458061905 ], [ 127.460994637148147, 36.322699312680967 ], [ 127.460960274775289, 36.322715215243733 ], [ 127.460914982595057, 36.322735945017897 ], [ 127.460828032652358, 36.322774299535503 ], [ 127.460825073738576, 36.322774869631033 ], [ 127.460702023758401, 36.322798718757021 ], [ 127.460604948225239, 36.32280247103207 ], [ 127.460576542039192, 36.323091522294455 ], [ 127.460574908872886, 36.323109272605201 ], [ 127.460564890737928, 36.32321069271066 ], [ 127.460473554366814, 36.323302566280617 ], [ 127.460463347931196, 36.32331302299562 ], [ 127.460409034774173, 36.323280564112316 ], [ 127.460249963511458, 36.323185704754721 ], [ 127.460146407195751, 36.323299874862336 ], [ 127.460060818595863, 36.323393988 ], [ 127.459975926354559, 36.323487242293119 ], [ 127.459892075804206, 36.323579654442305 ], [ 127.459806321134323, 36.323674038383174 ], [ 127.459719537238342, 36.323769561681367 ], [ 127.459634645820472, 36.323863095088448 ], [ 127.459550272751457, 36.323955797371724 ], [ 127.459463300497944, 36.324051591554202 ], [ 127.459434430563931, 36.324083243108561 ], [ 127.45936493022117, 36.324159829431466 ], [ 127.459324298155153, 36.324204484836734 ], [ 127.459235077860328, 36.3243025403861 ], [ 127.459145691984219, 36.324400884876297 ], [ 127.459060455659881, 36.324494707565066 ], [ 127.458974533630837, 36.324589379916283 ], [ 127.458889804218487, 36.324682353441965 ], [ 127.458805089058785, 36.324775894589287 ], [ 127.458720017333576, 36.324869437039659 ], [ 127.458634956541957, 36.324962979386896 ], [ 127.458547815009339, 36.325058773541762 ], [ 127.458462400757, 36.325152884853061 ], [ 127.458376819200936, 36.325246987730296 ], [ 127.458291060887191, 36.325341370583565 ], [ 127.458235037046038, 36.325403260729544 ], [ 127.458178844439772, 36.325464872131057 ], [ 127.458222134267274, 36.325606352595436 ], [ 127.458099819777132, 36.325281840041811 ], [ 127.45787205967153, 36.325135990393932 ], [ 127.457818582501048, 36.325126615124006 ], [ 127.457771058602376, 36.325152705174496 ], [ 127.457740359105742, 36.325199286673879 ], [ 127.457724057183313, 36.325209207694257 ], [ 127.457550084835717, 36.325097225352252 ], [ 127.457544853311589, 36.325093865925155 ], [ 127.457400093897434, 36.324918969371382 ], [ 127.457386046785714, 36.324895367237275 ], [ 127.457291661848103, 36.324734363693764 ], [ 127.457281577273719, 36.324616682317625 ], [ 127.457280832718467, 36.324607394094436 ], [ 127.457284947374632, 36.324537537733022 ], [ 127.457298227916525, 36.324517490130731 ], [ 127.457285539432931, 36.324520638538559 ], [ 127.456311902429604, 36.324809909893858 ], [ 127.456279247306654, 36.324819045840691 ], [ 127.455970524017431, 36.324904416349852 ], [ 127.455917887828988, 36.324918981116305 ], [ 127.455599151977879, 36.324898789634958 ], [ 127.455537013691369, 36.324895646295289 ], [ 127.455498893632452, 36.324893826537291 ], [ 127.455358610822145, 36.324887032760913 ], [ 127.455320668900654, 36.324885203257928 ], [ 127.45505746858629, 36.32480875570517 ], [ 127.454922731995509, 36.324769281970063 ], [ 127.454830199887127, 36.324746535952713 ], [ 127.454516782029827, 36.324142255057588 ], [ 127.454401819294077, 36.323911207125846 ], [ 127.454154215440951, 36.32343057769021 ], [ 127.454065122139838, 36.32352075270272 ], [ 127.453623988873616, 36.323968501331336 ], [ 127.453573487838, 36.32402106834931 ], [ 127.4534330301111, 36.324166913172448 ], [ 127.453118056305101, 36.324495066182855 ], [ 127.45295737423956, 36.324662389641759 ], [ 127.452737694815198, 36.324890476222095 ], [ 127.451981497622668, 36.325051321668553 ], [ 127.451836208968572, 36.32508228362731 ], [ 127.451625921585176, 36.325127845837585 ], [ 127.451420664402278, 36.325172830019007 ], [ 127.45114694486432, 36.325232445070881 ], [ 127.451121918603775, 36.325237883150052 ], [ 127.45098010221534, 36.325268551645507 ], [ 127.450910243235583, 36.325284305435297 ], [ 127.450785709335236, 36.325233235674744 ], [ 127.450687854684162, 36.32519305079132 ], [ 127.450684707558807, 36.325189962592773 ], [ 127.450556761430306, 36.325120602649463 ], [ 127.450411005956852, 36.325041171289861 ], [ 127.450297551026409, 36.324979921243276 ], [ 127.450147430490475, 36.324898541396948 ], [ 127.44998649468279, 36.324810992877254 ], [ 127.449896596383596, 36.324761765785262 ], [ 127.44982363577995, 36.32472205453756 ], [ 127.449815906194274, 36.324710251163623 ], [ 127.449790069571449, 36.32466557792759 ], [ 127.449724518608278, 36.324552609735406 ], [ 127.449702026630277, 36.324514394339282 ], [ 127.449673208362839, 36.324464379304892 ], [ 127.449662998073862, 36.324445267719028 ], [ 127.449661766465425, 36.324442172311024 ], [ 127.449659831669663, 36.324438800176701 ], [ 127.449597829638392, 36.324336803869208 ], [ 127.449572698211568, 36.324294660227501 ], [ 127.449543888104458, 36.324246041942963 ], [ 127.449491167049402, 36.324156410890929 ], [ 127.449476232990008, 36.324131116940123 ], [ 127.449416325218863, 36.324031086245938 ], [ 127.44941035385088, 36.324020970455713 ], [ 127.449384347554513, 36.323977703586898 ], [ 127.4493223382092, 36.32387430132799 ], [ 127.449309327888471, 36.323852379536419 ], [ 127.449273673357197, 36.323792810568285 ], [ 127.449268622357295, 36.323793676589638 ], [ 127.449021554780572, 36.323827837013944 ], [ 127.448783007657568, 36.323860270845053 ], [ 127.448724401215273, 36.323866960536037 ], [ 127.44864981134738, 36.323877098391307 ], [ 127.448498711281289, 36.323896534043421 ], [ 127.448398387306867, 36.323910985451 ], [ 127.448309193030838, 36.323922304157904 ], [ 127.448250237110514, 36.324019968073344 ], [ 127.44817373956694, 36.324031509575939 ], [ 127.448062792936128, 36.32404432422021 ], [ 127.448020359261179, 36.324049547319291 ], [ 127.447826129717086, 36.324073360705064 ], [ 127.447722152626739, 36.32408586063481 ], [ 127.447689978531528, 36.324089639490651 ], [ 127.447602866426777, 36.324100949898785 ], [ 127.447589657329075, 36.324102693395801 ], [ 127.447486198846846, 36.324116317648063 ], [ 127.447435072488545, 36.324122420072719 ], [ 127.447409853709388, 36.324125325804815 ], [ 127.447446036820423, 36.324152793668468 ], [ 127.447475219736276, 36.32417521404976 ], [ 127.447583756563759, 36.324259293770332 ], [ 127.447611019175625, 36.324278900621017 ], [ 127.447716216700215, 36.324357360367017 ], [ 127.447828056695144, 36.324440580430576 ], [ 127.447974502287821, 36.32455184171738 ], [ 127.448042667511203, 36.324604242467402 ], [ 127.448081121410027, 36.324633395852167 ], [ 127.4481443721304, 36.324679344501369 ], [ 127.448232793813716, 36.324745187002456 ], [ 127.448324020597909, 36.324812722162889 ], [ 127.448387628049929, 36.324860633898702 ], [ 127.448444421411139, 36.324902947776906 ], [ 127.448538792299644, 36.324972994290746 ], [ 127.448626346058106, 36.325038848753032 ], [ 127.448682454059949, 36.325082012179735 ], [ 127.448736781649984, 36.325123470017843 ], [ 127.448740472835823, 36.325126285881225 ], [ 127.448775738436893, 36.325152837574201 ], [ 127.448764287146105, 36.32516209038296 ], [ 127.448676143384816, 36.325224970392789 ], [ 127.448560300592533, 36.325308951203851 ], [ 127.448517268439304, 36.32534209497058 ], [ 127.448484820835645, 36.3253643670758 ], [ 127.448484765410711, 36.325364412341578 ], [ 127.448455414514953, 36.325384861506535 ], [ 127.448439943128804, 36.325396120902283 ], [ 127.448398464240015, 36.32542630298007 ], [ 127.448354934820969, 36.32545624939322 ], [ 127.448289719125313, 36.325501263312873 ], [ 127.448257058023287, 36.325529078350549 ], [ 127.448182784258037, 36.325583182826854 ], [ 127.44812820545728, 36.32562456123874 ], [ 127.448098007957256, 36.325678185551702 ], [ 127.44808811187859, 36.325692632236311 ], [ 127.448069145365864, 36.325727650475187 ], [ 127.448027671136344, 36.325797745230858 ], [ 127.447991086633706, 36.325862117299799 ], [ 127.447958755175279, 36.325918480092646 ], [ 127.447956715119673, 36.325922029311002 ], [ 127.447935358080883, 36.325961652423999 ], [ 127.447898339940934, 36.326028125809202 ], [ 127.447888815484305, 36.326047212114759 ], [ 127.447873798440213, 36.326071780021998 ], [ 127.447873720381594, 36.326071762290091 ], [ 127.447873720689969, 36.326071816359153 ], [ 127.447855790824903, 36.326101171343183 ], [ 127.447507394741436, 36.326036010548144 ], [ 127.447531313308318, 36.326109700092601 ], [ 127.447537865791787, 36.326129951968404 ], [ 127.447554331331645, 36.326179743253036 ], [ 127.447558403162958, 36.32619267787188 ], [ 127.44756053694995, 36.326199708047291 ], [ 127.447564742063889, 36.326236027531806 ], [ 127.44757607748133, 36.326331446173754 ], [ 127.447576340773708, 36.326346377578957 ], [ 127.44757522954734, 36.326395657704168 ], [ 127.447575243980083, 36.326398189938118 ], [ 127.447555072058961, 36.326645807611165 ], [ 127.447547653750021, 36.326747216919394 ], [ 127.447554814948006, 36.326753110882414 ], [ 127.447568098240041, 36.326762352373855 ], [ 127.447572923076493, 36.326784295880572 ], [ 127.447554607486836, 36.326900389866367 ], [ 127.447545102082927, 36.32694239282344 ], [ 127.447524569070993, 36.32700357777982 ], [ 127.447497827007382, 36.327042256651602 ], [ 127.447424285371227, 36.327147012679568 ], [ 127.447395899102389, 36.32717273883835 ], [ 127.447326283167016, 36.327231583575596 ], [ 127.447299939194892, 36.327281525541338 ], [ 127.447288564546824, 36.32733169103529 ], [ 127.447301226524885, 36.327355020158237 ], [ 127.447318825635321, 36.32742000997311 ], [ 127.447330855885923, 36.327484930439233 ], [ 127.447368185828225, 36.327514034157716 ], [ 127.44738067267015, 36.32752420684443 ], [ 127.447420279648654, 36.327560060826208 ], [ 127.447389908901869, 36.327593265083941 ], [ 127.447375381320228, 36.327639314987316 ], [ 127.447385679987676, 36.327672007058894 ], [ 127.44738839081306, 36.327680621141923 ], [ 127.447376619237119, 36.327704122505686 ], [ 127.447370291189742, 36.327731100101495 ], [ 127.447339960474352, 36.327755707036211 ], [ 127.447340313744292, 36.327768844774859 ], [ 127.447340499398535, 36.327811208076632 ], [ 127.447383578495618, 36.327836802816272 ], [ 127.447444774827446, 36.327873639629139 ], [ 127.447457408447761, 36.327878287588376 ], [ 127.447552409072813, 36.327913745590486 ], [ 127.447624912186669, 36.327941258065856 ], [ 127.447647816131976, 36.327946246162576 ], [ 127.447669091998236, 36.32795087085254 ], [ 127.44768362161426, 36.327954033791876 ], [ 127.447720017804443, 36.327959944772005 ], [ 127.447819472860886, 36.327975767464814 ], [ 127.447838703716798, 36.327979174169734 ], [ 127.447845255406136, 36.327979717441153 ], [ 127.447876295560889, 36.327995543218627 ], [ 127.447915894002819, 36.328012247205798 ], [ 127.447915938704313, 36.328012274073934 ], [ 127.448078680934458, 36.327896478621767 ], [ 127.448123781937639, 36.327870401474591 ], [ 127.44815605230211, 36.32785395169234 ], [ 127.448194396789305, 36.327834379177311 ], [ 127.448237951243797, 36.327781263660796 ], [ 127.448243269124916, 36.327768573337323 ], [ 127.448289693004682, 36.327730388472418 ], [ 127.448372141295039, 36.327695439286863 ], [ 127.448443504065992, 36.327667569632908 ], [ 127.448543755625721, 36.327639600904789 ], [ 127.448635139140293, 36.327613071092003 ], [ 127.448702982547104, 36.327610555344009 ], [ 127.448758997066221, 36.327605848919418 ], [ 127.448831426283505, 36.327612616011351 ], [ 127.448859452924737, 36.32761560213082 ], [ 127.44893977846769, 36.327602919393513 ], [ 127.449037634254069, 36.327582556081524 ], [ 127.449070302627888, 36.327575386611457 ], [ 127.449123173283894, 36.327570124051476 ], [ 127.449159712847745, 36.327568013645589 ], [ 127.449230167156387, 36.327655902186045 ], [ 127.449295012908749, 36.327736764547431 ], [ 127.449357056856371, 36.327814537346264 ], [ 127.44942384078395, 36.327897356922655 ], [ 127.449493587620069, 36.327984121490168 ], [ 127.449551503426946, 36.328056637813162 ], [ 127.449601820810287, 36.328103337046059 ], [ 127.449627491189304, 36.328118794995156 ], [ 127.449792412216652, 36.328142679367005 ], [ 127.449870760767723, 36.328154199825057 ], [ 127.450309491172888, 36.328427346910914 ], [ 127.450490983491534, 36.32858489264958 ], [ 127.450503614250792, 36.328647224162218 ], [ 127.450523299027978, 36.328721929266713 ], [ 127.450581359376571, 36.328931935973813 ], [ 127.450651951794512, 36.329093845193277 ], [ 127.45072158801257, 36.329250161696919 ], [ 127.450872021743493, 36.329386456824501 ], [ 127.451142822966204, 36.329632412899358 ], [ 127.451395201448904, 36.32979255624813 ], [ 127.451581486095094, 36.329928436151057 ], [ 127.451593460837231, 36.330014002147202 ], [ 127.451623921936914, 36.330196085851931 ], [ 127.45178365806828, 36.330585807637128 ], [ 127.451896203642491, 36.330851228512621 ], [ 127.451920938201894, 36.330914775872905 ], [ 127.451951497706233, 36.330993801384786 ], [ 127.451982582280465, 36.331073095259342 ], [ 127.452010503363795, 36.331146498390581 ], [ 127.452217680756561, 36.331525046430642 ], [ 127.451877380195725, 36.331994657772078 ], [ 127.451807471659961, 36.332093770409593 ], [ 127.451587197574682, 36.332404656316811 ], [ 127.45158288797434, 36.332410584214166 ], [ 127.451572006690938, 36.33242611628436 ], [ 127.451585539288388, 36.332447468088304 ], [ 127.451599057541927, 36.332468261219887 ], [ 127.451718818987857, 36.332655640802685 ], [ 127.451793350285612, 36.332784903064749 ], [ 127.451872194454054, 36.33284684071964 ], [ 127.452282042262908, 36.333061585191871 ], [ 127.452327140487441, 36.333096614747113 ], [ 127.452328897181602, 36.333098013944308 ], [ 127.452350400899107, 36.333114829746776 ], [ 127.45239655909721, 36.333152108199023 ], [ 127.45242679890822, 36.333206343606811 ], [ 127.452479237410159, 36.333245292529142 ], [ 127.452522583771639, 36.33327779633472 ], [ 127.452714671236905, 36.333421546700109 ], [ 127.452852817261203, 36.333717563682555 ], [ 127.453110954300996, 36.333757141170622 ], [ 127.453261977278146, 36.333781064192998 ], [ 127.45345260621184, 36.33403436492987 ], [ 127.453733654990216, 36.334393769290187 ], [ 127.454180669414754, 36.335495449746411 ], [ 127.454242995706579, 36.335648971019339 ], [ 127.454289074506349, 36.335762568968669 ], [ 127.45439147480225, 36.336013940386778 ], [ 127.454614232667225, 36.336555211878938 ], [ 127.454683219116689, 36.336716034136714 ], [ 127.454782987291622, 36.33681449592099 ], [ 127.454972783274798, 36.337010347753441 ], [ 127.455020159088122, 36.337437664127165 ], [ 127.455055608796769, 36.337579175202116 ], [ 127.455132391525993, 36.337885560288839 ], [ 127.45519717988887, 36.338101883054911 ], [ 127.455623442917073, 36.338649408828573 ], [ 127.455713504158609, 36.338903646506758 ], [ 127.455654866173759, 36.339564821864158 ], [ 127.455783898479297, 36.339937189608207 ], [ 127.455783989319173, 36.340282732994119 ], [ 127.456349253644476, 36.341084027936773 ], [ 127.456513792526479, 36.341245891106659 ], [ 127.456643385298577, 36.341711472417892 ], [ 127.456713562637319, 36.342106033588628 ], [ 127.456758823041994, 36.342707381333597 ], [ 127.456832521088543, 36.34322809235551 ], [ 127.456754207622794, 36.343527749422172 ], [ 127.456830969221215, 36.343738384150527 ], [ 127.457025998158542, 36.34390323036282 ], [ 127.457235013332621, 36.344227700695974 ], [ 127.457410727066787, 36.344363611352399 ], [ 127.457430450002946, 36.34437423296044 ], [ 127.457745141995858, 36.344457074786291 ], [ 127.457854643189833, 36.344485863507018 ], [ 127.458246520476195, 36.344448427874255 ], [ 127.458376177589912, 36.344436045868434 ], [ 127.458489596207301, 36.344424140355763 ], [ 127.459355913809446, 36.344434819548162 ], [ 127.459963347145191, 36.345073679980622 ], [ 127.460722937760053, 36.34524444537513 ], [ 127.461615237870745, 36.34503098728316 ], [ 127.462637906663019, 36.344783090625761 ] ] ] ] } },
{ "type": "Feature", "properties": { "EMD_CD": "30110110", "EMD_ENG_NM": "Dae-dong", "EMD_KOR_NM": "대동" }, "geometry": { "type": "MultiPolygon", "coordinates": [ [ [ [ 127.440924041812877, 36.326659255892061 ], [ 127.440939111898743, 36.326286518621608 ], [ 127.440218909303567, 36.326209843205454 ], [ 127.440133704606197, 36.32618852782133 ], [ 127.439131834730503, 36.326068559583739 ], [ 127.43919170859175, 36.325686649619136 ], [ 127.439234009334783, 36.325480171736864 ], [ 127.43927415693777, 36.325370622607032 ], [ 127.43942191628031, 36.32464968561704 ], [ 127.439201366428662, 36.324621655973921 ], [ 127.439137940090163, 36.324611074165226 ], [ 127.439077075130072, 36.32460048294616 ], [ 127.439005278929855, 36.324586777609611 ], [ 127.438919870218015, 36.324568435957673 ], [ 127.43879329894277, 36.324537808685875 ], [ 127.438719707700372, 36.32451880576636 ], [ 127.438573295809803, 36.324475963958491 ], [ 127.438499085449493, 36.324502558484753 ], [ 127.438297523754756, 36.324924192893995 ], [ 127.438264786166243, 36.324952125719854 ], [ 127.438244538840422, 36.3249719173144 ], [ 127.438210957078013, 36.325004986808544 ], [ 127.438190364445774, 36.325024770643722 ], [ 127.438168556299289, 36.325046262128247 ], [ 127.438149871267271, 36.325064633161418 ], [ 127.438117851819158, 36.325096291095804 ], [ 127.438103163183058, 36.325114368160747 ], [ 127.438010353478106, 36.32522875927382 ], [ 127.437988575027561, 36.325255594558108 ], [ 127.437940362597899, 36.325315193792193 ], [ 127.437964439734841, 36.325357064377968 ], [ 127.437974915408361, 36.325364343630511 ], [ 127.437978867316815, 36.325386020374737 ], [ 127.437978878482767, 36.325386023853618 ], [ 127.437991474344315, 36.32540005062188 ], [ 127.438044408337532, 36.325500112531543 ], [ 127.438045618661207, 36.325505461064125 ], [ 127.437860609905172, 36.325977845290048 ], [ 127.437578188680703, 36.326858643583193 ], [ 127.43744855747579, 36.327262930865366 ], [ 127.437477847933238, 36.32731095553639 ], [ 127.438457179533799, 36.327642479553994 ], [ 127.438413159830631, 36.327731135380816 ], [ 127.440006337236099, 36.328276330608354 ], [ 127.44002368311827, 36.328280404060735 ], [ 127.440023683406352, 36.328280404128385 ], [ 127.439948851206111, 36.328368433801067 ], [ 127.439915997208047, 36.328406295312583 ], [ 127.439896111977163, 36.328429176861938 ], [ 127.439871605810282, 36.328434340329778 ], [ 127.439864702084151, 36.328476324125276 ], [ 127.439842824244948, 36.328578912448386 ], [ 127.439821285368751, 36.328678399498145 ], [ 127.439798937537986, 36.328726919335459 ], [ 127.439785524068753, 36.328755977182951 ], [ 127.439732757735015, 36.328873602116218 ], [ 127.439683223287432, 36.328914057005633 ], [ 127.439605270760566, 36.328979118851194 ], [ 127.439586566221095, 36.328994110782936 ], [ 127.439515296736545, 36.329039430476286 ], [ 127.439508522180745, 36.329040861127353 ], [ 127.439486290685437, 36.329050522030322 ], [ 127.439371037342838, 36.329164996372519 ], [ 127.439299751587228, 36.329269171403674 ], [ 127.439297686307299, 36.329272278992875 ], [ 127.439372296601832, 36.329296499484769 ], [ 127.439484582858739, 36.329334396811646 ], [ 127.439555213991824, 36.329362011156839 ], [ 127.439572103947683, 36.329365049279041 ], [ 127.439625715920627, 36.329398367281456 ], [ 127.439679665265359, 36.329430269186041 ], [ 127.43969861127978, 36.329456396736461 ], [ 127.439806609726034, 36.32959962018694 ], [ 127.439841679625445, 36.329647082356963 ], [ 127.439864450458359, 36.329674033940663 ], [ 127.439868833475501, 36.329679091451752 ], [ 127.439841441778782, 36.329729882712961 ], [ 127.439837306360118, 36.329737215377939 ], [ 127.43984891502339, 36.329757737499776 ], [ 127.439856823244796, 36.329771784769122 ], [ 127.439851896514639, 36.329824746564164 ], [ 127.439902084500318, 36.329869053244174 ], [ 127.439967652590411, 36.329954991596999 ], [ 127.440045143094636, 36.330057774089738 ], [ 127.4401662968354, 36.33021898133395 ], [ 127.440257302816121, 36.330340584572745 ], [ 127.440284494976254, 36.330379352200232 ], [ 127.440289220007855, 36.330385805252554 ], [ 127.440292914154128, 36.330391144638789 ], [ 127.440343030433937, 36.330454330895911 ], [ 127.440385096512799, 36.330507958245825 ], [ 127.440409471287467, 36.330540815503916 ], [ 127.440414390473379, 36.330548123949264 ], [ 127.440441412474456, 36.330588297988797 ], [ 127.440480718099735, 36.330646161926673 ], [ 127.440510374806834, 36.330689426296672 ], [ 127.440527216485762, 36.330713578864398 ], [ 127.440570369207947, 36.330776222862625 ], [ 127.440613321717379, 36.330832946895519 ], [ 127.440661020078437, 36.33089782708317 ], [ 127.440718599581089, 36.330986894379329 ], [ 127.440748484130495, 36.331070701469514 ], [ 127.440763589509274, 36.331156536428644 ], [ 127.440783051165809, 36.331244617309558 ], [ 127.44078083769611, 36.331253069403481 ], [ 127.440785063145796, 36.331263759767985 ], [ 127.440791775126684, 36.331280911390749 ], [ 127.440782367842672, 36.331309386876768 ], [ 127.440765602747007, 36.331360418641907 ], [ 127.440743371230013, 36.331399926511722 ], [ 127.440779229067914, 36.331432750499204 ], [ 127.440807347999979, 36.331511499484108 ], [ 127.440810169155142, 36.331549788819189 ], [ 127.441032036704058, 36.331578819862528 ], [ 127.441249560847581, 36.331607866473803 ], [ 127.441282348831194, 36.331621551751404 ], [ 127.441334756256509, 36.33162642347925 ], [ 127.441365056139446, 36.331629411996694 ], [ 127.441426412066562, 36.331676776939204 ], [ 127.441563952505476, 36.331782158025057 ], [ 127.44174852089138, 36.331923980249279 ], [ 127.441958485249813, 36.331969112249233 ], [ 127.441999597945909, 36.331977684054678 ], [ 127.442051947620854, 36.331940597232261 ], [ 127.442178295085242, 36.33185002352554 ], [ 127.442200492167231, 36.33183417121792 ], [ 127.442340183520429, 36.331733959694667 ], [ 127.442351453084896, 36.331725753532972 ], [ 127.442539331076176, 36.33159101145381 ], [ 127.442577635936303, 36.331563835018862 ], [ 127.442624268383, 36.331530148428669 ], [ 127.442647663340097, 36.331513444517419 ], [ 127.442669503836711, 36.331497593438534 ], [ 127.442684222407195, 36.331516409598194 ], [ 127.442695281597409, 36.331532139241034 ], [ 127.442719403588598, 36.331521912040394 ], [ 127.44274995823433, 36.331508849438478 ], [ 127.442808116991884, 36.331546087317307 ], [ 127.442929713708395, 36.331628428723853 ], [ 127.442957315075418, 36.331648603092937 ], [ 127.443026199421183, 36.331673977905851 ], [ 127.443101002478443, 36.331700168898557 ], [ 127.443123538090987, 36.331714738648174 ], [ 127.443172625000173, 36.33174693628294 ], [ 127.44324162090679, 36.331762451765407 ], [ 127.443285249081811, 36.331784540384341 ], [ 127.443380591190575, 36.33184248458376 ], [ 127.443411207754551, 36.331869965194592 ], [ 127.443425875678926, 36.331879769754551 ], [ 127.443451556837942, 36.331897130447715 ], [ 127.4434589250084, 36.331908088457006 ], [ 127.443478393137596, 36.331933645724256 ], [ 127.443471398828876, 36.331959300844673 ], [ 127.44347922836225, 36.331988839258543 ], [ 127.443491917006199, 36.332016953878629 ], [ 127.443519924379402, 36.332045858945072 ], [ 127.443587162508678, 36.332089262906045 ], [ 127.443667514198708, 36.332141341635023 ], [ 127.443759857830543, 36.332190843650864 ], [ 127.443830030145065, 36.33222917204462 ], [ 127.44386599307181, 36.33228028844394 ], [ 127.443937365249951, 36.332345638399474 ], [ 127.443952386568469, 36.332354882860422 ], [ 127.443979078438829, 36.332397301213895 ], [ 127.444097968889352, 36.332587521389407 ], [ 127.444135901995125, 36.332648209836435 ], [ 127.444149076160571, 36.332669554803665 ], [ 127.444216859870508, 36.332777732425093 ], [ 127.444242856762159, 36.332819315202642 ], [ 127.444271186603402, 36.332907074252361 ], [ 127.44428500547896, 36.332949828594678 ], [ 127.444323268826651, 36.333068812387005 ], [ 127.44433142014114, 36.333094123062658 ], [ 127.44438029899672, 36.333181805944484 ], [ 127.444420741917597, 36.333256849629223 ], [ 127.444481077070179, 36.33336927216159 ], [ 127.444638661560361, 36.333508080831706 ], [ 127.444778057080697, 36.33363091594105 ], [ 127.444799045416119, 36.333649420202924 ], [ 127.444840747160725, 36.333698838832852 ], [ 127.44489628688126, 36.333764805645586 ], [ 127.444977235483407, 36.333860822257989 ], [ 127.445039951462334, 36.333935215338876 ], [ 127.445125632456268, 36.334036846590891 ], [ 127.44514735142657, 36.334062386207499 ], [ 127.445243373523297, 36.334176649421558 ], [ 127.445374612550921, 36.334117865473274 ], [ 127.44543622725628, 36.334090322199245 ], [ 127.445540037363941, 36.334044031020071 ], [ 127.44585341698594, 36.33388178238306 ], [ 127.446001488622557, 36.333815897034782 ], [ 127.446232882703939, 36.333712816642461 ], [ 127.446316714290262, 36.333673069520621 ], [ 127.446374355487421, 36.333648081847777 ], [ 127.446530066559518, 36.333580193849166 ], [ 127.44669603496834, 36.333508329332417 ], [ 127.44672606460324, 36.333494979299537 ], [ 127.446881251594945, 36.333427092795837 ], [ 127.447014061754672, 36.333368868929568 ], [ 127.447137487712354, 36.333315465113152 ], [ 127.447335096622766, 36.333239534611607 ], [ 127.447426790587201, 36.333205678063329 ], [ 127.447465518358413, 36.333190330843458 ], [ 127.447546254554851, 36.333158768012296 ], [ 127.447593062507579, 36.333126773039062 ], [ 127.447621322270564, 36.333107797080721 ], [ 127.447668642373344, 36.333073826605954 ], [ 127.447759658345717, 36.333012937262303 ], [ 127.447853612821362, 36.332949792964314 ], [ 127.447983460345725, 36.332862561441708 ], [ 127.448033566166231, 36.332828868789761 ], [ 127.448110711125452, 36.332777042690402 ], [ 127.44820485431967, 36.332713888398771 ], [ 127.448318059211161, 36.33263799233675 ], [ 127.448342845506488, 36.332621291126934 ], [ 127.448388955936366, 36.332590136536176 ], [ 127.448404912130556, 36.332579659360405 ], [ 127.448593072626053, 36.332616687604727 ], [ 127.448757599981136, 36.332659724672233 ], [ 127.4488327141365, 36.332679440506382 ], [ 127.448840166705779, 36.332703068300809 ], [ 127.448855678372993, 36.332708354175537 ], [ 127.448891602461032, 36.332720899158062 ], [ 127.44890985077835, 36.332655496093679 ], [ 127.448931039212027, 36.332588108459284 ], [ 127.448959265729101, 36.332532247459191 ], [ 127.448963395538954, 36.332524058394654 ], [ 127.448969241921347, 36.332512213168656 ], [ 127.449003758783135, 36.332492934095043 ], [ 127.449057883604269, 36.332492163695534 ], [ 127.449075456922117, 36.332491818526961 ], [ 127.449119134853376, 36.33249109623182 ], [ 127.449171686092811, 36.332489772949188 ], [ 127.449219195411729, 36.332491000815345 ], [ 127.449267931451431, 36.332492503429322 ], [ 127.449307148788023, 36.332502494653035 ], [ 127.449321780480716, 36.332505819215903 ], [ 127.449325963476582, 36.332506930004307 ], [ 127.449360108167255, 36.332512155009184 ], [ 127.449369513036146, 36.332512966866553 ], [ 127.449499816090906, 36.332505719756334 ], [ 127.449537557541831, 36.332503036987866 ], [ 127.449591838174015, 36.332500301213962 ], [ 127.449668885780099, 36.332523109295813 ], [ 127.449694961339361, 36.332517658573281 ], [ 127.449837499468615, 36.332488115350223 ], [ 127.449972733092082, 36.332460852288534 ], [ 127.449977950154647, 36.332459715263106 ], [ 127.450025749692372, 36.332449397744327 ], [ 127.450033214814553, 36.332447954894441 ], [ 127.450160456465738, 36.332421568711041 ], [ 127.450210276603855, 36.332429555288421 ], [ 127.450232209450604, 36.332430031670299 ], [ 127.450238125039618, 36.332430288822991 ], [ 127.450267015770947, 36.33243215391051 ], [ 127.450290347312617, 36.332433760503008 ], [ 127.450333524272565, 36.332436968742279 ], [ 127.45035667761762, 36.332438575990977 ], [ 127.450550981417578, 36.332453337229552 ], [ 127.450565714168548, 36.332412161534016 ], [ 127.450579801437982, 36.332411829242098 ], [ 127.450679160081108, 36.33240977069255 ], [ 127.450733628477181, 36.332408718880821 ], [ 127.450733937815897, 36.332433499866127 ], [ 127.45085071720311, 36.332433619605673 ], [ 127.450915791726942, 36.332433095572227 ], [ 127.45096364935479, 36.332432915611662 ], [ 127.450982627571534, 36.332432844241971 ], [ 127.451077116100947, 36.332432209500077 ], [ 127.451093122222971, 36.332432428654691 ], [ 127.451113837881593, 36.332432350728553 ], [ 127.451185886050666, 36.33243207967687 ], [ 127.451207982752791, 36.332431996538382 ], [ 127.451264355658708, 36.332430937318883 ], [ 127.451303858589313, 36.332430509298547 ], [ 127.451550256841628, 36.332426481733435 ], [ 127.451572006673331, 36.332426120471382 ], [ 127.451582887956732, 36.332410588401196 ], [ 127.451587197557103, 36.332404660503848 ], [ 127.451807471642368, 36.332093774596608 ], [ 127.451877380178161, 36.331994661959079 ], [ 127.452217680739025, 36.331525050617586 ], [ 127.45201050334623, 36.331146502577504 ], [ 127.451982582262858, 36.331073099446279 ], [ 127.451951497688654, 36.330993805571694 ], [ 127.451920938184315, 36.330914780059821 ], [ 127.451896203624884, 36.330851232699537 ], [ 127.451783658050644, 36.330585811823987 ], [ 127.45162392197112, 36.330196099050298 ], [ 127.451593460819581, 36.330014006334018 ], [ 127.45158148607743, 36.329928440337888 ], [ 127.451395201431225, 36.329792560434939 ], [ 127.451142823000254, 36.32963242609766 ], [ 127.450872021725701, 36.329386461011289 ], [ 127.450721587994749, 36.329250165883714 ], [ 127.450651951776706, 36.329093849380072 ], [ 127.45058135935875, 36.328931940160587 ], [ 127.450523299010143, 36.328721933453465 ], [ 127.450503614232957, 36.32864722834897 ], [ 127.450490983473685, 36.328584896836318 ], [ 127.450309491155011, 36.328427351097645 ], [ 127.449870760749775, 36.328154204011774 ], [ 127.44979241219869, 36.328142683553722 ], [ 127.449627491171285, 36.32811879918188 ], [ 127.449601820792267, 36.328103341232769 ], [ 127.449551503408969, 36.328056641999879 ], [ 127.449493587602021, 36.327984125676892 ], [ 127.449423840817516, 36.32789737012088 ], [ 127.449357056838338, 36.327814541532973 ], [ 127.449295012890687, 36.327736768734134 ], [ 127.449230167138353, 36.32765590637274 ], [ 127.449159712829669, 36.327568017832284 ], [ 127.449123173265832, 36.327570128238165 ], [ 127.449070302609798, 36.32757539079816 ], [ 127.449037634236007, 36.327582560268219 ], [ 127.448939778449599, 36.327602923580216 ], [ 127.448859452958118, 36.32761561532903 ], [ 127.448831426265386, 36.327612620198032 ], [ 127.448758996996602, 36.327605844094599 ], [ 127.448702982528957, 36.327610559530733 ], [ 127.448635139122146, 36.327613075278727 ], [ 127.448543755607588, 36.327639605091484 ], [ 127.44844350404783, 36.32766757381961 ], [ 127.448372141276863, 36.327695443473587 ], [ 127.448289692986521, 36.32773039265912 ], [ 127.448243269106769, 36.32776857752404 ], [ 127.448237951225622, 36.327781267847513 ], [ 127.448194396771086, 36.327834383364063 ], [ 127.448156052283892, 36.327853955879071 ], [ 127.448123781919435, 36.327870405661329 ], [ 127.448078680916268, 36.327896482808505 ], [ 127.447916093984816, 36.32801216954028 ], [ 127.447916017363553, 36.328012404130611 ], [ 127.447915893984572, 36.328012251392551 ], [ 127.44787629554267, 36.327995547405393 ], [ 127.44784525538789, 36.327979721627905 ], [ 127.447838703698579, 36.327979178356479 ], [ 127.447819472842667, 36.327975771651545 ], [ 127.447720017786168, 36.327959948958764 ], [ 127.447683621595985, 36.327954037978657 ], [ 127.447669091979961, 36.327950875039278 ], [ 127.447647816113715, 36.327946250349321 ], [ 127.447624912168408, 36.327941262252601 ], [ 127.447552409054552, 36.327913749777231 ], [ 127.447457408429457, 36.327878291775114 ], [ 127.447444774809156, 36.327873643815892 ], [ 127.4473835784773, 36.327836807003024 ], [ 127.447340499380218, 36.327811212263391 ], [ 127.447340313726002, 36.327768848961604 ], [ 127.447339960456034, 36.327755711222963 ], [ 127.447370291171453, 36.327731104288269 ], [ 127.447376619218829, 36.327704126692453 ], [ 127.447388390794742, 36.327680625328647 ], [ 127.447385679969358, 36.32767201124561 ], [ 127.447375381301924, 36.327639319174047 ], [ 127.447389908883565, 36.327593269270686 ], [ 127.447420279630364, 36.327560065012932 ], [ 127.447380672651832, 36.327524211031154 ], [ 127.447368185809893, 36.327514038344439 ], [ 127.447330855867605, 36.32748493462595 ], [ 127.447330844884846, 36.327484961702012 ], [ 127.447318825617003, 36.327420014159827 ], [ 127.447301226506539, 36.327355024344968 ], [ 127.447288564528463, 36.327331695222 ], [ 127.447299939176546, 36.327281529728054 ], [ 127.447326283148698, 36.327231587762284 ], [ 127.447395899135415, 36.327172752036553 ], [ 127.447424285352938, 36.327147016866277 ], [ 127.447497826989093, 36.327042260838262 ], [ 127.447524569052703, 36.327003581966501 ], [ 127.447545102064609, 36.326942397010107 ], [ 127.447554607468547, 36.326900394053013 ], [ 127.447572923058161, 36.326784300067224 ], [ 127.447568098221751, 36.326762356560529 ], [ 127.447554814929688, 36.326753115069046 ], [ 127.447547642595069, 36.326747221147613 ], [ 127.447555072040643, 36.32664581179781 ], [ 127.447575243961765, 36.326398194124756 ], [ 127.44757522952905, 36.326395661890793 ], [ 127.44757634075539, 36.326346381765553 ], [ 127.447576077463012, 36.326331450360371 ], [ 127.447564742045572, 36.326236031718395 ], [ 127.447560536931604, 36.32619971223388 ], [ 127.447558403144612, 36.326192682058469 ], [ 127.447554331313327, 36.326179747439639 ], [ 127.447537865773441, 36.326129956154972 ], [ 127.44753131329, 36.326109704279212 ], [ 127.44750739472309, 36.326036014734747 ], [ 127.447855790806585, 36.326101175529764 ], [ 127.44787373180823, 36.326071820504154 ], [ 127.44787372036329, 36.326071766476694 ], [ 127.447873798421938, 36.326071784208587 ], [ 127.447888815466015, 36.32604721630134 ], [ 127.447898339922645, 36.32602812999577 ], [ 127.447935358062608, 36.325961656610602 ], [ 127.447956715101412, 36.325922033497569 ], [ 127.447958755157018, 36.325918484279228 ], [ 127.447991086615417, 36.325862121486381 ], [ 127.448027671118098, 36.325797749417404 ], [ 127.448069145347588, 36.325727654661726 ], [ 127.448088111860301, 36.325692636422843 ], [ 127.448098007938995, 36.325678189738262 ], [ 127.448128205439019, 36.325624565425279 ], [ 127.448182784239776, 36.3255831870134 ], [ 127.448257058005041, 36.325529082537081 ], [ 127.448289719107038, 36.325501267499405 ], [ 127.448354934802722, 36.325456253579766 ], [ 127.448398464221796, 36.32542630716658 ], [ 127.448455414496735, 36.32538486569306 ], [ 127.448484765392493, 36.325364416528075 ], [ 127.448517268421057, 36.325342099157076 ], [ 127.448560300574314, 36.325308955390355 ], [ 127.448676143366598, 36.325224974579264 ], [ 127.448764287127887, 36.325162094569443 ], [ 127.448775738418689, 36.325152841760705 ], [ 127.448740472817605, 36.325126290067693 ], [ 127.448736781631794, 36.325123474204318 ], [ 127.448682442905337, 36.325082016407876 ], [ 127.448626346039887, 36.325038852939507 ], [ 127.448538792281425, 36.324972998477229 ], [ 127.448444421392907, 36.324902951963395 ], [ 127.448387628031682, 36.32486063808517 ], [ 127.448324020579633, 36.32481272634935 ], [ 127.448232793795455, 36.324745191188939 ], [ 127.448144372112097, 36.324679348687859 ], [ 127.448081121391681, 36.324633400038614 ], [ 127.448042667544286, 36.324604255665378 ], [ 127.447974513405839, 36.324551845862217 ], [ 127.44782805672817, 36.324440593628523 ], [ 127.44771621668184, 36.324357364553471 ], [ 127.447611019157279, 36.32427890480745 ], [ 127.447583756545384, 36.324259297956772 ], [ 127.447475219717887, 36.324175218236199 ], [ 127.447446036802035, 36.324152797854886 ], [ 127.447409853690971, 36.32412532999124 ], [ 127.447347650657989, 36.324079377038466 ], [ 127.447318641274364, 36.324058082441233 ], [ 127.44723126481253, 36.323993641179669 ], [ 127.447105451249044, 36.323900893198768 ], [ 127.44704097832448, 36.32385326335671 ], [ 127.447011095660301, 36.323831124838307 ], [ 127.446909784963339, 36.323764193970682 ], [ 127.446859288584761, 36.323726361740945 ], [ 127.446801448539645, 36.323683771632254 ], [ 127.446714771272298, 36.323618759644262 ], [ 127.446660601688436, 36.323579255821485 ], [ 127.446535117062268, 36.323483405977974 ], [ 127.446499463363111, 36.323515647421402 ], [ 127.446441458375674, 36.323567401291648 ], [ 127.446321331134584, 36.323677394673133 ], [ 127.446225597526166, 36.323764767915534 ], [ 127.446121540346056, 36.323857245631785 ], [ 127.446035263949867, 36.323831378506746 ], [ 127.445772261715916, 36.324093695749404 ], [ 127.445745432673959, 36.324148424416585 ], [ 127.4456498304408, 36.324320002071957 ], [ 127.445629435206044, 36.324354583669411 ], [ 127.445598934090043, 36.32441576030255 ], [ 127.445499400682991, 36.324583531475049 ], [ 127.445470424262879, 36.324636709028823 ], [ 127.445418767303948, 36.32473195633694 ], [ 127.445404549866538, 36.324758188136613 ], [ 127.444970412807592, 36.325546548340242 ], [ 127.444828979570815, 36.325806610022973 ], [ 127.444737999635805, 36.325971122619094 ], [ 127.444626705259822, 36.326157176329254 ], [ 127.444451168609348, 36.326088590054688 ], [ 127.444409641671854, 36.326077163900528 ], [ 127.443565587744786, 36.325774124931357 ], [ 127.443524745876871, 36.325807042524275 ], [ 127.443466398510225, 36.325785008386099 ], [ 127.44317614794933, 36.325677625401227 ], [ 127.443163488445563, 36.325703806117836 ], [ 127.443129472248771, 36.325774042852736 ], [ 127.443107817037301, 36.325824408163328 ], [ 127.443062850839524, 36.325888287023957 ], [ 127.443059567284593, 36.325937953636434 ], [ 127.443047942526974, 36.325969898007159 ], [ 127.443010265284343, 36.326042671506478 ], [ 127.442949397845325, 36.326170141559416 ], [ 127.442754340323106, 36.326516460575149 ], [ 127.442730236253652, 36.326448601322028 ], [ 127.442703161301111, 36.326406886965636 ], [ 127.442664386851774, 36.326364134380213 ], [ 127.442281807072817, 36.326220457403998 ], [ 127.442277655072004, 36.326214885459436 ], [ 127.441670739752382, 36.325984529932875 ], [ 127.441496644338898, 36.325920196536316 ], [ 127.441317417290477, 36.325854259660268 ], [ 127.441238848531555, 36.32582471999455 ], [ 127.441196328838444, 36.326621691193928 ], [ 127.441094961481696, 36.326617801504 ], [ 127.441024665140716, 36.326621691730772 ], [ 127.440969986759555, 36.326628291087502 ], [ 127.440924041812877, 36.326659255892061 ] ] ] ] } },
{ "type": "Feature", "properties": { "EMD_CD": "30110111", "EMD_ENG_NM": "Jayang-dong", "EMD_KOR_NM": "자양동" }, "geometry": { "type": "MultiPolygon", "coordinates": [ [ [ [ 127.453516143246702, 36.345181291342712 ], [ 127.453671878208851, 36.344962448553368 ], [ 127.453706987267012, 36.344985124243195 ], [ 127.453781773079442, 36.345034405416051 ], [ 127.453917951225591, 36.345076416026224 ], [ 127.454017618369534, 36.345096035563976 ], [ 127.454079834326137, 36.34510791164525 ], [ 127.454083131544436, 36.345107899158251 ], [ 127.454134642391764, 36.345106289235936 ], [ 127.454247377587521, 36.345126138446481 ], [ 127.454349208310589, 36.345128852629713 ], [ 127.454476475100805, 36.345134281955907 ], [ 127.454692246925404, 36.345153460786115 ], [ 127.454832292091112, 36.345082242083194 ], [ 127.455046265863018, 36.344973857901429 ], [ 127.455264589247051, 36.344862636168401 ], [ 127.455335739510858, 36.344826598671069 ], [ 127.455377221875622, 36.344805317775936 ], [ 127.455543652741767, 36.344722174713738 ], [ 127.455637892790335, 36.34467619955295 ], [ 127.455833489458456, 36.344578292274292 ], [ 127.457025998158542, 36.34390323036282 ], [ 127.456830969221215, 36.343738384150527 ], [ 127.456754207622794, 36.343527749422172 ], [ 127.456832521088543, 36.34322809235551 ], [ 127.456758823041994, 36.342707381333597 ], [ 127.456713562637319, 36.342106033588628 ], [ 127.456643385298577, 36.341711472417892 ], [ 127.456513792526479, 36.341245891106659 ], [ 127.456349253644476, 36.341084027936773 ], [ 127.455783989319173, 36.340282732994119 ], [ 127.455783898479297, 36.339937189608207 ], [ 127.455654866173759, 36.339564821864158 ], [ 127.455713504158609, 36.338903646506758 ], [ 127.455623442917073, 36.338649408828573 ], [ 127.45519717988887, 36.338101883054911 ], [ 127.455132391525993, 36.337885560288839 ], [ 127.455055608796769, 36.337579175202116 ], [ 127.455020159088122, 36.337437664127165 ], [ 127.454972783274798, 36.337010347753441 ], [ 127.454782987291622, 36.33681449592099 ], [ 127.454683219116689, 36.336716034136714 ], [ 127.454614232667225, 36.336555211878938 ], [ 127.45439147480225, 36.336013940386778 ], [ 127.454289074506349, 36.335762568968669 ], [ 127.454242995706579, 36.335648971019339 ], [ 127.454180669414754, 36.335495449746411 ], [ 127.453733654990216, 36.334393769290187 ], [ 127.45345260621184, 36.33403436492987 ], [ 127.453261977278146, 36.333781064192998 ], [ 127.453110954300996, 36.333757141170622 ], [ 127.452852817261203, 36.333717563682555 ], [ 127.452714671236905, 36.333421546700109 ], [ 127.452522583771639, 36.33327779633472 ], [ 127.452479237410159, 36.333245292529142 ], [ 127.45242679890822, 36.333206343606811 ], [ 127.45239655909721, 36.333152108199023 ], [ 127.452350400899107, 36.333114829746776 ], [ 127.452328897181602, 36.333098013944308 ], [ 127.452327140487441, 36.333096614747113 ], [ 127.452282042262908, 36.333061585191871 ], [ 127.451872194454054, 36.33284684071964 ], [ 127.451793350285612, 36.332784903064749 ], [ 127.451718818987857, 36.332655640802685 ], [ 127.451599057541927, 36.332468261219887 ], [ 127.451585539288388, 36.332447468088304 ], [ 127.451572006690938, 36.33242611628436 ], [ 127.451550256859235, 36.332426477546392 ], [ 127.451303858606948, 36.332430505111496 ], [ 127.451264355676344, 36.332430933131818 ], [ 127.451207982770484, 36.332431992351317 ], [ 127.45118588606833, 36.332432075489805 ], [ 127.451113837899257, 36.332432346541488 ], [ 127.451093122240636, 36.332432424467619 ], [ 127.451077116118611, 36.332432205313033 ], [ 127.450982627589212, 36.332432840054906 ], [ 127.450963649372454, 36.33243291142459 ], [ 127.450915802882093, 36.332433091343283 ], [ 127.450850717220789, 36.332433615418601 ], [ 127.450733937833576, 36.332433495679055 ], [ 127.450733628494888, 36.332408714693742 ], [ 127.450679160047088, 36.332409757493991 ], [ 127.450579801455717, 36.332411825055011 ], [ 127.450565714186283, 36.332412157346965 ], [ 127.450550981435313, 36.33245333304248 ], [ 127.450356677635384, 36.332438571803912 ], [ 127.450333524290329, 36.332436964555207 ], [ 127.45029034733038, 36.33243375631595 ], [ 127.450267015788725, 36.332432149723459 ], [ 127.45023812505741, 36.332430284635919 ], [ 127.450232198330909, 36.332430027525021 ], [ 127.45021027656999, 36.332429542089834 ], [ 127.450160456483573, 36.332421564523983 ], [ 127.450033225969818, 36.332447950665568 ], [ 127.45002574971015, 36.332449393557241 ], [ 127.449977950120811, 36.332459702064533 ], [ 127.449972733109917, 36.332460848101441 ], [ 127.449837499486421, 36.332488111163165 ], [ 127.449694961357224, 36.332517654386173 ], [ 127.449668885797934, 36.332523105108727 ], [ 127.449591838191878, 36.332500297026854 ], [ 127.449537557559694, 36.332503032800759 ], [ 127.449499816108769, 36.332505715569241 ], [ 127.44936950191655, 36.332512962721189 ], [ 127.449360108185147, 36.332512150822069 ], [ 127.449325963494474, 36.332506925817221 ], [ 127.449321780498607, 36.332505815028803 ], [ 127.449307148805914, 36.332502490465934 ], [ 127.44926793146935, 36.332492499242235 ], [ 127.449219195429649, 36.332490996628245 ], [ 127.449171674973229, 36.332489768803796 ], [ 127.44911913487131, 36.332491092044698 ], [ 127.449075456940022, 36.332491814339846 ], [ 127.449057883622189, 36.332492159508419 ], [ 127.449003758801098, 36.332492929907914 ], [ 127.448969241939309, 36.33251220898152 ], [ 127.448963395556888, 36.332524054207518 ], [ 127.448959265747064, 36.332532243272084 ], [ 127.448931039229961, 36.332588104272162 ], [ 127.448909850796284, 36.332655491906557 ], [ 127.448891602478966, 36.332720894970919 ], [ 127.448855678390927, 36.332708349988401 ], [ 127.44884016672377, 36.33270306411368 ], [ 127.448832714154463, 36.332679436319253 ], [ 127.448757599999084, 36.332659720485111 ], [ 127.448593072644044, 36.332616683417598 ], [ 127.448404912148561, 36.332579655173276 ], [ 127.448388955954414, 36.33259013234904 ], [ 127.448342845524508, 36.332621286939812 ], [ 127.44831805922918, 36.332637988149628 ], [ 127.448204854337703, 36.332713884211607 ], [ 127.448110711143528, 36.332777038503252 ], [ 127.448033566184293, 36.332828864602597 ], [ 127.447983460363787, 36.332862557254536 ], [ 127.447853612839452, 36.33294978877715 ], [ 127.447759658363779, 36.333012933075125 ], [ 127.447668642391463, 36.33307382241879 ], [ 127.447621322288654, 36.333107792893507 ], [ 127.447593062525698, 36.333126768851876 ], [ 127.447546254572998, 36.333158763825118 ], [ 127.447465518376561, 36.333190326656272 ], [ 127.447426790605348, 36.333205673876101 ], [ 127.447335096640913, 36.333239530424393 ], [ 127.447137487730487, 36.333315460925952 ], [ 127.447014061772876, 36.333368864742347 ], [ 127.446881251613163, 36.333427088608587 ], [ 127.446726064621458, 36.333494975112295 ], [ 127.446696034935258, 36.333508316133681 ], [ 127.446530066577736, 36.333580189661902 ], [ 127.446374355505654, 36.33364807766052 ], [ 127.446316714359753, 36.333673074344851 ], [ 127.446232882722242, 36.33371281245519 ], [ 127.446001488640874, 36.333815892847483 ], [ 127.445853417004258, 36.333881778195774 ], [ 127.445540037382315, 36.334044026832743 ], [ 127.445436227274683, 36.334090318011917 ], [ 127.445374612569324, 36.334117861285918 ], [ 127.4452433735417, 36.334176645234209 ], [ 127.445147351445016, 36.334062382020164 ], [ 127.445125632474699, 36.334036842403556 ], [ 127.445039951480751, 36.333935211151562 ], [ 127.444977235501852, 36.33386081807069 ], [ 127.444896286899734, 36.333764801458273 ], [ 127.4448407471792, 36.333698834645553 ], [ 127.444799045434607, 36.333649416015625 ], [ 127.444778057099171, 36.333630911753737 ], [ 127.444638661578864, 36.333508076644392 ], [ 127.444481077088724, 36.333369267974319 ], [ 127.444420741936142, 36.333256845441923 ], [ 127.444380299015251, 36.333181801757213 ], [ 127.444331420159713, 36.333094118875408 ], [ 127.444323268794207, 36.333068799188226 ], [ 127.444285005497534, 36.332949824407393 ], [ 127.444271186621975, 36.332907070065112 ], [ 127.444242856780718, 36.332819311015406 ], [ 127.444216859889082, 36.332777728237843 ], [ 127.444149076179173, 36.33266955061643 ], [ 127.444135901962767, 36.332648196637713 ], [ 127.444097968907954, 36.332587517202178 ], [ 127.44397907845746, 36.332397297026667 ], [ 127.4439523865871, 36.332354878673215 ], [ 127.443937365268567, 36.332345634212267 ], [ 127.443865993090441, 36.332280284256733 ], [ 127.443830030163681, 36.332229167857406 ], [ 127.443759846711785, 36.332190839504875 ], [ 127.443667514217381, 36.332141337447823 ], [ 127.443587162527365, 36.332089258718838 ], [ 127.443519924398132, 36.332045854757894 ], [ 127.4434919170249, 36.332016949691436 ], [ 127.443479228380951, 36.331988835071328 ], [ 127.443471398847578, 36.331959296657466 ], [ 127.443478393156298, 36.33193364153707 ], [ 127.44345892502713, 36.331908084269834 ], [ 127.443451556856672, 36.331897126260536 ], [ 127.443425875697628, 36.331879765567351 ], [ 127.443411207773309, 36.331869961007399 ], [ 127.443380591209277, 36.331842480396588 ], [ 127.443285249100526, 36.331784536197155 ], [ 127.443241620925548, 36.331762447578235 ], [ 127.443172625018946, 36.331746932095761 ], [ 127.443123538109745, 36.331714734460995 ], [ 127.44310100249723, 36.331700164711378 ], [ 127.443026199439956, 36.331673973718694 ], [ 127.442957315094191, 36.331648598905772 ], [ 127.442929713727167, 36.331628424536675 ], [ 127.442808117010699, 36.331546083130128 ], [ 127.442749958202342, 36.331508836239806 ], [ 127.442719403607398, 36.331521907853215 ], [ 127.442695281616238, 36.331532135053848 ], [ 127.442684222426053, 36.33151640541103 ], [ 127.442669503855569, 36.331497589251377 ], [ 127.442647663358898, 36.331513440330255 ], [ 127.442624268401843, 36.331530144241512 ], [ 127.442577647092506, 36.331563830790557 ], [ 127.442539331095034, 36.331591007266645 ], [ 127.442351453103768, 36.331725749345765 ], [ 127.442340183539301, 36.331733955507445 ], [ 127.442200492186089, 36.331834167030728 ], [ 127.442178295104156, 36.33185001933834 ], [ 127.442051947639754, 36.33194059304504 ], [ 127.441999597964809, 36.331977679867464 ], [ 127.441958485268728, 36.331969108062005 ], [ 127.441748520910281, 36.331923976062058 ], [ 127.441563952524433, 36.331782153837842 ], [ 127.441426412085562, 36.331676772751976 ], [ 127.441365056158489, 36.33162940780948 ], [ 127.441334756275495, 36.331626419292029 ], [ 127.441282348850194, 36.331621547564197 ], [ 127.441249560866581, 36.331607862286567 ], [ 127.441032036723115, 36.331578815675307 ], [ 127.440810169174227, 36.331549784631989 ], [ 127.440813381931719, 36.331626083856989 ], [ 127.440815618015819, 36.331653399097227 ], [ 127.440840610892849, 36.331950972519124 ], [ 127.440851798888914, 36.331959943088044 ], [ 127.440927637885395, 36.332015987376565 ], [ 127.44096248712961, 36.332053591210688 ], [ 127.441019247532012, 36.332121537941632 ], [ 127.441056911293913, 36.33216448434365 ], [ 127.441077644425874, 36.332262689627846 ], [ 127.441093702354209, 36.332333597657978 ], [ 127.441115899421263, 36.332381115782759 ], [ 127.44120747521373, 36.332419078617441 ], [ 127.441317190611969, 36.332464292127433 ], [ 127.441352445016406, 36.332480779955027 ], [ 127.44145524389856, 36.332597274250013 ], [ 127.441568564507236, 36.332724985318109 ], [ 127.441571997482086, 36.332747222548193 ], [ 127.441583664749473, 36.332811667264032 ], [ 127.441620128735295, 36.33301345799525 ], [ 127.44165349877116, 36.333191874760416 ], [ 127.441720430752255, 36.333394670689223 ], [ 127.441860309206675, 36.333697173536031 ], [ 127.441892083860807, 36.333746341401188 ], [ 127.441935336081485, 36.333824187222653 ], [ 127.441997225824409, 36.333936325916895 ], [ 127.442057887428447, 36.334045927806606 ], [ 127.442053909387283, 36.334144512344096 ], [ 127.442050443723744, 36.334239147870726 ], [ 127.44205818256296, 36.334254610440979 ], [ 127.442102023714398, 36.33434399799868 ], [ 127.442125962609268, 36.334392068219763 ], [ 127.442134062657203, 36.334408376551856 ], [ 127.442200078455926, 36.334543020129509 ], [ 127.442242298794838, 36.334623410928593 ], [ 127.442286811871611, 36.334709416550169 ], [ 127.442311632434709, 36.33475973640121 ], [ 127.442331367900252, 36.334803027861263 ], [ 127.442359911542169, 36.33486572504215 ], [ 127.442371728844378, 36.33486174334341 ], [ 127.442413160571007, 36.334924672331631 ], [ 127.442430891554366, 36.334952200712031 ], [ 127.442441949596855, 36.33496962456973 ], [ 127.442451430826523, 36.334983945211043 ], [ 127.442482129305603, 36.335027772944642 ], [ 127.442505990829645, 36.335062037460361 ], [ 127.44253754381009, 36.335101347169712 ], [ 127.442602279012632, 36.335194325181547 ], [ 127.442601973032879, 36.335232905351134 ], [ 127.442601376601502, 36.33534245364163 ], [ 127.442608801769765, 36.335393116986346 ], [ 127.442609350653882, 36.335397620804876 ], [ 127.442633573525953, 36.335434704617342 ], [ 127.442701153969608, 36.33553837795332 ], [ 127.442735041269032, 36.335590628785361 ], [ 127.442755591964854, 36.335624346745369 ], [ 127.442735074285906, 36.335626107680248 ], [ 127.442745459366222, 36.335648598560624 ], [ 127.442792372850178, 36.33575713334529 ], [ 127.442851816324008, 36.335899127294418 ], [ 127.442867000221796, 36.335937091533047 ], [ 127.44289190601188, 36.335970793384014 ], [ 127.44296258999006, 36.33606768732119 ], [ 127.443016788496024, 36.336142680633969 ], [ 127.443024158588443, 36.336153918016429 ], [ 127.443094631322197, 36.336244900985086 ], [ 127.443120239003861, 36.336278600192735 ], [ 127.443196082110049, 36.336365904510082 ], [ 127.443207293243958, 36.33637881287072 ], [ 127.443240808957697, 36.336428253276829 ], [ 127.443304336836391, 36.336520108883171 ], [ 127.443336097629441, 36.336566455728025 ], [ 127.443362354680133, 36.336624375894118 ], [ 127.443404981425374, 36.336715173242347 ], [ 127.443431243353032, 36.336771966912742 ], [ 127.443452031731141, 36.336818074934023 ], [ 127.443487622638528, 36.336895669111421 ], [ 127.443555184760783, 36.336964133342455 ], [ 127.443584590997858, 36.33699388028861 ], [ 127.443699660566097, 36.337090321204094 ], [ 127.443785927211351, 36.337173080720973 ], [ 127.443870251220403, 36.337251062159403 ], [ 127.443953359707578, 36.337328759662789 ], [ 127.444031901660409, 36.337398588791132 ], [ 127.444035055392959, 36.337402803593974 ], [ 127.444044578655962, 36.337424450445539 ], [ 127.444090015143587, 36.337519472621253 ], [ 127.4441601881081, 36.337618061905026 ], [ 127.444179963343032, 36.337638544312405 ], [ 127.444250191982448, 36.337715442209777 ], [ 127.444267531178198, 36.337734527803832 ], [ 127.444334057597942, 36.337834256950593 ], [ 127.44442473181131, 36.33792601134418 ], [ 127.445062237052881, 36.338571361771365 ], [ 127.445076768088697, 36.338586231186952 ], [ 127.445228367443505, 36.33874196705213 ], [ 127.445703482991519, 36.339230212314256 ], [ 127.445820778940131, 36.339350866257661 ], [ 127.445861126317624, 36.339374939648025 ], [ 127.445953861406693, 36.339462179343215 ], [ 127.446036107106792, 36.339540157926301 ], [ 127.446098454619559, 36.339609487169156 ], [ 127.44612297927263, 36.339636430975126 ], [ 127.446173075756349, 36.339694252779729 ], [ 127.446217747643104, 36.339744218539231 ], [ 127.446233229584976, 36.339773448890533 ], [ 127.44627221863658, 36.339805403402906 ], [ 127.446351969668257, 36.339873541279218 ], [ 127.446445887874688, 36.339953170319653 ], [ 127.446599427673334, 36.340112276548638 ], [ 127.446650338748299, 36.340189812668434 ], [ 127.446780624715316, 36.340298593932047 ], [ 127.446856596564018, 36.340344495706617 ], [ 127.446905798208405, 36.340366273810488 ], [ 127.447061635188689, 36.340439480551836 ], [ 127.44714420929553, 36.340484789791006 ], [ 127.447174639583423, 36.340510026169511 ], [ 127.447217491569177, 36.34054731889907 ], [ 127.447259757349443, 36.3406029255313 ], [ 127.447298162536839, 36.340653463961729 ], [ 127.447324647073515, 36.340719267574507 ], [ 127.447274062046134, 36.340790990973808 ], [ 127.447245564913004, 36.340831361445439 ], [ 127.446774216764098, 36.340335223249866 ], [ 127.446582663404399, 36.340133741723193 ], [ 127.446546584415188, 36.340184566782717 ], [ 127.447242396083837, 36.340916425487841 ], [ 127.447880726327469, 36.341574995483391 ], [ 127.448216155680399, 36.341916465237944 ], [ 127.448399994597764, 36.342107555409243 ], [ 127.448972010715707, 36.34270187979758 ], [ 127.4495643283676, 36.343163473401638 ], [ 127.450547615195447, 36.343632048533969 ], [ 127.450586016374174, 36.343650215955428 ], [ 127.452108947652249, 36.344371608137351 ], [ 127.453482472042268, 36.345228162227585 ], [ 127.453516143246702, 36.345181291342712 ] ] ] ] } },
{ "type": "Feature", "properties": { "EMD_CD": "30110112", "EMD_ENG_NM": "Sinan-dong", "EMD_KOR_NM": "신안동" }, "geometry": { "type": "MultiPolygon", "coordinates": [ [ [ [ 127.44002368311827, 36.328280404060735 ], [ 127.440006337236099, 36.328276330608354 ], [ 127.438413159830631, 36.327731135380816 ], [ 127.438457179533799, 36.327642479553994 ], [ 127.437477847933238, 36.32731095553639 ], [ 127.43744855747579, 36.327262930865366 ], [ 127.437578188680703, 36.326858643583193 ], [ 127.437860609905172, 36.325977845290048 ], [ 127.438045618661207, 36.325505461064125 ], [ 127.438044408337532, 36.325500112531543 ], [ 127.437991474344315, 36.32540005062188 ], [ 127.437978867316815, 36.325386020374737 ], [ 127.437974915408361, 36.325364343630511 ], [ 127.437964439734841, 36.325357064377968 ], [ 127.437940362597899, 36.325315193792193 ], [ 127.437908905619807, 36.325353887758119 ], [ 127.437879706331827, 36.325390041184065 ], [ 127.437873155630996, 36.325401609093788 ], [ 127.437810259732018, 36.32551223208452 ], [ 127.437728572244112, 36.325656149779512 ], [ 127.437609333401213, 36.325866395402272 ], [ 127.437553779995369, 36.325983750240589 ], [ 127.437546718330978, 36.325997572921764 ], [ 127.437017376356579, 36.327060351592998 ], [ 127.437086551547026, 36.327265115768483 ], [ 127.437064855426044, 36.327304900395063 ], [ 127.436891381288802, 36.32762234783673 ], [ 127.436863551262874, 36.327686657587023 ], [ 127.436836236801597, 36.32774955962698 ], [ 127.436822316206161, 36.327781719022219 ], [ 127.436821481350506, 36.327849868554686 ], [ 127.436805291731261, 36.327848521691166 ], [ 127.436803626821089, 36.327893586265127 ], [ 127.436795104182565, 36.327927122811495 ], [ 127.436743546761534, 36.327948433992454 ], [ 127.436621678077913, 36.328001262724719 ], [ 127.436551288954576, 36.328048830381455 ], [ 127.436571159652914, 36.328055228456819 ], [ 127.436719511051237, 36.328102288182841 ], [ 127.436737638162228, 36.328107566116401 ], [ 127.436808943840632, 36.328130682801181 ], [ 127.436916852281968, 36.328164930737834 ], [ 127.436970536896169, 36.328181632101696 ], [ 127.437098852435255, 36.328222564298621 ], [ 127.437228895878917, 36.328263769420872 ], [ 127.437261139463402, 36.328274069400692 ], [ 127.437364168930699, 36.328306081793428 ], [ 127.437438776158942, 36.328330024149352 ], [ 127.43727804152384, 36.328653346322845 ], [ 127.437217473559855, 36.328776630915684 ], [ 127.437184445252541, 36.328845465528566 ], [ 127.437163284731085, 36.328887501136457 ], [ 127.437037862340176, 36.329146485884621 ], [ 127.437025802283884, 36.329168779717065 ], [ 127.436953011039705, 36.329315196681364 ], [ 127.436845625074923, 36.329531309929017 ], [ 127.436809482092457, 36.329604940988553 ], [ 127.436662898412266, 36.329936375342427 ], [ 127.436634490520674, 36.329993081247544 ], [ 127.436593882034728, 36.330074902105132 ], [ 127.436523149910713, 36.330217373182542 ], [ 127.43648285979728, 36.330294398617689 ], [ 127.436402443287122, 36.330447890123942 ], [ 127.43628965272228, 36.330664022505815 ], [ 127.436211655742582, 36.330814125688313 ], [ 127.436196701647191, 36.330846838469107 ], [ 127.43620627950628, 36.330848777196628 ], [ 127.436263426744475, 36.330860960422854 ], [ 127.436316659863294, 36.330858234489504 ], [ 127.43633632353793, 36.330857315853329 ], [ 127.436402392195077, 36.330847505048361 ], [ 127.436439169333624, 36.33082568006737 ], [ 127.436429193502235, 36.330878380730056 ], [ 127.436430173998033, 36.330960608903055 ], [ 127.436416413644451, 36.330989667628948 ], [ 127.436378182025223, 36.331030359377543 ], [ 127.436376893183606, 36.331048955198796 ], [ 127.43648378873209, 36.331118686235513 ], [ 127.436570324842222, 36.331160329732825 ], [ 127.4365951016227, 36.331201639278142 ], [ 127.436619865688698, 36.331242660489949 ], [ 127.436645517333304, 36.331287066862942 ], [ 127.436703469107997, 36.331381758044394 ], [ 127.436728463212148, 36.331432078465539 ], [ 127.436744848199822, 36.331500453624955 ], [ 127.436778289320017, 36.33156763119343 ], [ 127.436802518239801, 36.331636545513589 ], [ 127.436830811244846, 36.331717259359365 ], [ 127.436874008771426, 36.331786383935444 ], [ 127.437006860095551, 36.331862778713223 ], [ 127.437121043085241, 36.331928823863024 ], [ 127.437140597804415, 36.331940296572782 ], [ 127.437245174643095, 36.332001312042188 ], [ 127.437319565734995, 36.332045810912568 ], [ 127.437372123859276, 36.332077727926368 ], [ 127.437422233491844, 36.332107959648219 ], [ 127.437498116590504, 36.332140350257426 ], [ 127.437550282485333, 36.332163815652521 ], [ 127.437650136382089, 36.332220621508938 ], [ 127.437677196007343, 36.332235725491472 ], [ 127.437785728170539, 36.332286867253472 ], [ 127.438023468478633, 36.332415821677017 ], [ 127.438254595632174, 36.332543114601535 ], [ 127.43831045596572, 36.332573883657346 ], [ 127.43833151683998, 36.332575780245982 ], [ 127.43841164022335, 36.332619419390355 ], [ 127.438448820648361, 36.332639848157157 ], [ 127.438625016968103, 36.332747055838688 ], [ 127.438679595982904, 36.332765726701105 ], [ 127.438745522057019, 36.332791952885813 ], [ 127.43877709138421, 36.332804796206787 ], [ 127.438868830604619, 36.332840227948743 ], [ 127.439002798973519, 36.332896619446835 ], [ 127.439114782624969, 36.33294324150981 ], [ 127.439156319678062, 36.332963924453665 ], [ 127.439210580375757, 36.33298935500779 ], [ 127.439279325986021, 36.333019797054355 ], [ 127.439390852728579, 36.333078252883539 ], [ 127.439444435611207, 36.33310592972547 ], [ 127.439522737516313, 36.333166192353858 ], [ 127.439558395364003, 36.333195070308356 ], [ 127.439566072159252, 36.333167727729808 ], [ 127.439596670555318, 36.333130442342423 ], [ 127.439719040009393, 36.332981021439117 ], [ 127.439751900745549, 36.332944007078964 ], [ 127.439771068123989, 36.332918028176955 ], [ 127.439817667730964, 36.332848296029667 ], [ 127.439858778711752, 36.332731272602494 ], [ 127.439891675295414, 36.332639061447161 ], [ 127.439904959937905, 36.332555095826429 ], [ 127.439926173396586, 36.332458989402213 ], [ 127.439929224105683, 36.332444892933786 ], [ 127.43995153681638, 36.332419749562696 ], [ 127.440009115780484, 36.332353644818774 ], [ 127.440053058314732, 36.332306730921424 ], [ 127.440096607922229, 36.332221518748732 ], [ 127.440148222127121, 36.332146424130151 ], [ 127.440176525687946, 36.332105199889959 ], [ 127.440233927722431, 36.332037410498032 ], [ 127.440267464141854, 36.33199786122583 ], [ 127.440351395587598, 36.331882365600492 ], [ 127.440377646278989, 36.331846501795752 ], [ 127.440412361508194, 36.331768936824488 ], [ 127.440451961402331, 36.331724291648484 ], [ 127.440502335691193, 36.331644695578909 ], [ 127.440545730300855, 36.331595530585751 ], [ 127.440575558007708, 36.331546136053987 ], [ 127.440638691890655, 36.331475784109081 ], [ 127.440686296108453, 36.331430550719965 ], [ 127.44070889072303, 36.331425961846129 ], [ 127.440743371230013, 36.331399926511722 ], [ 127.440765602747007, 36.331360418641907 ], [ 127.440782367842672, 36.331309386876768 ], [ 127.440791775126684, 36.331280911390749 ], [ 127.440785063095191, 36.331263750756449 ], [ 127.44078083769611, 36.331253069403481 ], [ 127.440783051165809, 36.331244617309558 ], [ 127.440763589509274, 36.331156536428644 ], [ 127.440748484130495, 36.331070701469514 ], [ 127.440718599581089, 36.330986894379329 ], [ 127.440661020078437, 36.33089782708317 ], [ 127.440613321717379, 36.330832946895519 ], [ 127.440570369207947, 36.330776222862625 ], [ 127.440527216485762, 36.330713578864398 ], [ 127.440510363669631, 36.330689426337585 ], [ 127.440480718099735, 36.330646161926673 ], [ 127.440441412474456, 36.330588297988797 ], [ 127.440414390473379, 36.330548123949264 ], [ 127.440409471287467, 36.330540815503916 ], [ 127.440385096512799, 36.330507958245825 ], [ 127.440343030433937, 36.330454330895911 ], [ 127.440292914154128, 36.330391144638789 ], [ 127.440289220007855, 36.330385805252554 ], [ 127.440284494976254, 36.330379352200232 ], [ 127.440257302816121, 36.330340584572745 ], [ 127.4401662968354, 36.33021898133395 ], [ 127.440045143094636, 36.330057774089738 ], [ 127.439967652590411, 36.329954991596999 ], [ 127.439902084500318, 36.329869053244174 ], [ 127.439851896514639, 36.329824746564164 ], [ 127.439856823244796, 36.329771784769122 ], [ 127.439848903886315, 36.329757737540625 ], [ 127.439837306360118, 36.329737215377939 ], [ 127.439841441778782, 36.329729882712961 ], [ 127.439868833475501, 36.329679091451752 ], [ 127.439864450458359, 36.329674033940663 ], [ 127.439841679625445, 36.329647082356963 ], [ 127.439806609726034, 36.32959962018694 ], [ 127.439698611229346, 36.329456387724925 ], [ 127.439679665265359, 36.329430269186041 ], [ 127.439625715920627, 36.329398367281456 ], [ 127.439572103947683, 36.329365049279041 ], [ 127.439555213991824, 36.329362011156839 ], [ 127.439484582858739, 36.329334396811646 ], [ 127.439372296652266, 36.329296508496292 ], [ 127.439297686307299, 36.329272278992875 ], [ 127.439299751587228, 36.329269171403674 ], [ 127.439371037342838, 36.329164996372519 ], [ 127.439486290685437, 36.329050522030322 ], [ 127.439508522180745, 36.329040861127353 ], [ 127.439515296736545, 36.329039430476286 ], [ 127.439586566221095, 36.328994110782936 ], [ 127.439605270760566, 36.328979118851194 ], [ 127.439683223287432, 36.328914057005633 ], [ 127.439732757735015, 36.328873602116218 ], [ 127.439785524068753, 36.328755977182951 ], [ 127.439798937537986, 36.328726919335459 ], [ 127.439821285368751, 36.328678399498145 ], [ 127.439842824244948, 36.328578912448386 ], [ 127.439864702084151, 36.328476324125276 ], [ 127.439871605810282, 36.328434340329778 ], [ 127.439896111977163, 36.328429176861938 ], [ 127.439915997208047, 36.328406295312583 ], [ 127.439948840119712, 36.32836844285341 ], [ 127.44002368311827, 36.328280404060735 ] ] ] ] } },
{ "type": "Feature", "properties": { "EMD_CD": "30110113", "EMD_ENG_NM": "Soje-dong", "EMD_KOR_NM": "소제동" }, "geometry": { "type": "MultiPolygon", "coordinates": [ [ [ [ 127.438047856859654, 36.337785010907893 ], [ 127.438187712578156, 36.337771261810225 ], [ 127.438262312366049, 36.337760283326801 ], [ 127.438258770067776, 36.337718337858817 ], [ 127.438286574769847, 36.33771091875532 ], [ 127.438321329834807, 36.337701500682812 ], [ 127.438397966904844, 36.337680376521114 ], [ 127.438436518745476, 36.337666718054521 ], [ 127.43849889986609, 36.33767972814514 ], [ 127.438556564921086, 36.337689934791612 ], [ 127.438580947816973, 36.337694072103567 ], [ 127.438595764657663, 36.337696550199375 ], [ 127.438677125195795, 36.337711455330215 ], [ 127.438716170361602, 36.33772229774479 ], [ 127.438740379798475, 36.337727282757179 ], [ 127.438755548231171, 36.33773088600767 ], [ 127.438812536834988, 36.337745600848429 ], [ 127.438863335368652, 36.337740909118686 ], [ 127.438908033323372, 36.337736807431128 ], [ 127.438981797964658, 36.337638255986072 ], [ 127.43898818858051, 36.337629779631115 ], [ 127.439111897448086, 36.337686496864734 ], [ 127.439145946052008, 36.337674260481649 ], [ 127.439293475406714, 36.337664429109545 ], [ 127.439503442676127, 36.33764788934343 ], [ 127.439634116470458, 36.337641498705437 ], [ 127.439893544582276, 36.33756844487224 ], [ 127.439957589023933, 36.337538363227537 ], [ 127.440095422128692, 36.33747590214297 ], [ 127.440193208931163, 36.337440622960138 ], [ 127.440374022375678, 36.337375750860794 ], [ 127.440539197300467, 36.337316847603681 ], [ 127.440609320885912, 36.337250696531811 ], [ 127.440726515736486, 36.337139025630272 ], [ 127.440766967986889, 36.337091006878865 ], [ 127.440787750779236, 36.337072907118369 ], [ 127.440827691029597, 36.337056701482396 ], [ 127.440945010777909, 36.336999100026986 ], [ 127.441151059296331, 36.33690400789397 ], [ 127.441231890585911, 36.336886245870673 ], [ 127.441394423404773, 36.33685298039061 ], [ 127.441518352958482, 36.33682408330202 ], [ 127.441599297314809, 36.336796750202765 ], [ 127.441700333547914, 36.336751319674164 ], [ 127.441746771338288, 36.336684408071825 ], [ 127.441777544169284, 36.336616707060585 ], [ 127.441831859166754, 36.336496822743051 ], [ 127.441883444964688, 36.336384824670112 ], [ 127.44192487076586, 36.336294275783544 ], [ 127.441924585773478, 36.336150657567693 ], [ 127.441924351753997, 36.336077429454889 ], [ 127.441924280428523, 36.336064759284582 ], [ 127.441952953594225, 36.336025795220941 ], [ 127.441990779157265, 36.335974397335853 ], [ 127.441996811323591, 36.335965642777872 ], [ 127.442073448471817, 36.335883696378573 ], [ 127.442174309353192, 36.335775752012367 ], [ 127.442234849913035, 36.335711320497438 ], [ 127.442242644972282, 36.335703118150583 ], [ 127.442310967803692, 36.335630213945734 ], [ 127.442343495824701, 36.33559545303909 ], [ 127.442364775948093, 36.335572845323568 ], [ 127.442379578214997, 36.335574764281112 ], [ 127.442532326382519, 36.335596441567453 ], [ 127.442690828200824, 36.335619232891773 ], [ 127.442735074285906, 36.335626107680248 ], [ 127.442755591964854, 36.335624346745369 ], [ 127.442735041269032, 36.335590628785361 ], [ 127.442701153969608, 36.33553837795332 ], [ 127.442633573525953, 36.335434704617342 ], [ 127.442609350653882, 36.335397620804876 ], [ 127.442608801769765, 36.335393116986346 ], [ 127.442601376601502, 36.33534245364163 ], [ 127.442601973032879, 36.335232905351134 ], [ 127.442602279012632, 36.335194325181547 ], [ 127.44253754381009, 36.335101347169712 ], [ 127.442505990829645, 36.335062037460361 ], [ 127.442482129305603, 36.335027772944642 ], [ 127.442451430826523, 36.334983945211043 ], [ 127.442441949596855, 36.33496962456973 ], [ 127.442430891554366, 36.334952200712031 ], [ 127.442413160571007, 36.334924672331631 ], [ 127.442371728844378, 36.33486174334341 ], [ 127.442359911542169, 36.33486572504215 ], [ 127.442331367900252, 36.334803027861263 ], [ 127.442311632434709, 36.33475973640121 ], [ 127.442286811871611, 36.334709416550169 ], [ 127.442242298794838, 36.334623410928593 ], [ 127.442200078455926, 36.334543020129509 ], [ 127.442134062657203, 36.334408376551856 ], [ 127.442125962609268, 36.334392068219763 ], [ 127.442102023714398, 36.33434399799868 ], [ 127.44205818256296, 36.334254610440979 ], [ 127.442050443723744, 36.334239147870726 ], [ 127.442053909387283, 36.334144512344096 ], [ 127.442057887428447, 36.334045927806606 ], [ 127.441997225824409, 36.333936325916895 ], [ 127.441935336081485, 36.333824187222653 ], [ 127.441892083860807, 36.333746341401188 ], [ 127.441860309206675, 36.333697173536031 ], [ 127.441720430752255, 36.333394670689223 ], [ 127.44165349877116, 36.333191874760416 ], [ 127.441620128735295, 36.33301345799525 ], [ 127.441583664749473, 36.332811667264032 ], [ 127.441571997482086, 36.332747222548193 ], [ 127.441568564507236, 36.332724985318109 ], [ 127.44145524389856, 36.332597274250013 ], [ 127.441352445016406, 36.332480779955027 ], [ 127.441317190611969, 36.332464292127433 ], [ 127.44120747521373, 36.332419078617441 ], [ 127.441115899421263, 36.332381115782759 ], [ 127.441093702354209, 36.332333597657978 ], [ 127.441077644425874, 36.332262689627846 ], [ 127.441056911293913, 36.33216448434365 ], [ 127.441019247532012, 36.332121537941632 ], [ 127.44096248712961, 36.332053591210688 ], [ 127.440927637885395, 36.332015987376565 ], [ 127.440851798888914, 36.331959943088044 ], [ 127.440840610892849, 36.331950972519124 ], [ 127.440815618015819, 36.331653399097227 ], [ 127.440813381931719, 36.331626083856989 ], [ 127.440810169174227, 36.331549784631989 ], [ 127.440807336881747, 36.331511495337821 ], [ 127.440779229086971, 36.331432746311997 ], [ 127.440743371249098, 36.331399922324493 ], [ 127.440708890742158, 36.331425957658922 ], [ 127.440686296127524, 36.331430546532772 ], [ 127.440638691909768, 36.331475779921867 ], [ 127.440575558026808, 36.331546131866752 ], [ 127.440545730319968, 36.331595526398523 ], [ 127.440502335710306, 36.331644691391688 ], [ 127.440451961421445, 36.331724287461242 ], [ 127.440412361527322, 36.331768932637246 ], [ 127.440377646298131, 36.331846497608517 ], [ 127.440351395606754, 36.331882361413236 ], [ 127.440267464160982, 36.331997857038559 ], [ 127.440233927741559, 36.332037406310768 ], [ 127.440176525707088, 36.332105195702667 ], [ 127.440148222146306, 36.332146419942852 ], [ 127.440096607941385, 36.332221514561439 ], [ 127.440053058333916, 36.332306726734132 ], [ 127.440009115799697, 36.332353640631496 ], [ 127.439951536835537, 36.33241974537539 ], [ 127.439929224124867, 36.33244488874648 ], [ 127.43992617341577, 36.332458985214899 ], [ 127.439904959957062, 36.332555091639101 ], [ 127.43989167531457, 36.332639057259833 ], [ 127.439858778730908, 36.332731268415145 ], [ 127.439817667750148, 36.332848291842303 ], [ 127.439771068143173, 36.332918023989613 ], [ 127.439751900764705, 36.332944002891594 ], [ 127.439719040028578, 36.332981017251761 ], [ 127.439596670574502, 36.333130438155052 ], [ 127.439566072178437, 36.333167723542438 ], [ 127.439558395383216, 36.333195066120958 ], [ 127.439522737535498, 36.333166188166487 ], [ 127.439444435630449, 36.333105925538092 ], [ 127.43939085274782, 36.33307824869614 ], [ 127.439279326005263, 36.333019792866985 ], [ 127.439210580395013, 36.332989350820426 ], [ 127.439156319697332, 36.33296392026628 ], [ 127.439114782644225, 36.332943237322418 ], [ 127.439002798992831, 36.332896615259465 ], [ 127.438868830623932, 36.332840223761359 ], [ 127.438777091403551, 36.332804792019395 ], [ 127.438745522076331, 36.332791948698457 ], [ 127.438679596002231, 36.332765722513727 ], [ 127.438625016987444, 36.332747051651332 ], [ 127.438448820667716, 36.332639843969801 ], [ 127.43841164024272, 36.332619415202984 ], [ 127.43833151685935, 36.332575776058604 ], [ 127.438310455985103, 36.332573879469983 ], [ 127.438254595651586, 36.332543110414186 ], [ 127.438023468498073, 36.332415817489654 ], [ 127.437785728190008, 36.332286863066116 ], [ 127.43767719602684, 36.332235721304123 ], [ 127.437650136401587, 36.332220617321589 ], [ 127.437550282504844, 36.332163811465172 ], [ 127.437498116609987, 36.332140346070084 ], [ 127.437422233511356, 36.332107955460877 ], [ 127.437372123878816, 36.332077723739026 ], [ 127.437319565754549, 36.332045806725205 ], [ 127.437245174662692, 36.332001307854839 ], [ 127.437140597823955, 36.331940292385454 ], [ 127.437121043104838, 36.331928819675689 ], [ 127.437006860115147, 36.331862774525888 ], [ 127.436874008791023, 36.331786379748124 ], [ 127.436830811264457, 36.33171725517203 ], [ 127.436802518259384, 36.331636541326255 ], [ 127.436778289339628, 36.331567627006116 ], [ 127.436744848219462, 36.331500449437655 ], [ 127.436728463231788, 36.331432074278254 ], [ 127.436703469127622, 36.331381753857102 ], [ 127.436645517352943, 36.331287062675642 ], [ 127.436619865708366, 36.331242656302656 ], [ 127.436595101642368, 36.331201635090871 ], [ 127.43657032486189, 36.331160325545547 ], [ 127.436483788751787, 36.331118682048256 ], [ 127.436376893203303, 36.331048951011532 ], [ 127.436378182044919, 36.331030355190265 ], [ 127.436416413664119, 36.330989663441684 ], [ 127.436430174017758, 36.330960604715798 ], [ 127.43642919352196, 36.330878376542792 ], [ 127.436439169353349, 36.330825675880099 ], [ 127.436402392214788, 36.330847500861104 ], [ 127.436336323557626, 36.330857311666072 ], [ 127.436316659883033, 36.330858230302255 ], [ 127.436263426764199, 36.330860956235583 ], [ 127.43620627952599, 36.330848773009365 ], [ 127.436196701666915, 36.330846834281843 ], [ 127.435232424194027, 36.332728438076856 ], [ 127.435177870316835, 36.332838740929155 ], [ 127.435030727052407, 36.333135822591728 ], [ 127.434939084037225, 36.333336665175445 ], [ 127.434901723534054, 36.333410300037407 ], [ 127.434716317391889, 36.333775387100985 ], [ 127.434634724822985, 36.333939010756623 ], [ 127.434454011643084, 36.334303233282128 ], [ 127.43438550949891, 36.334441477466932 ], [ 127.43431820260966, 36.334574355324314 ], [ 127.434224203282255, 36.334758597305793 ], [ 127.434147340691226, 36.334895736142066 ], [ 127.434113207498768, 36.334953029873652 ], [ 127.434108900887779, 36.334961777791889 ], [ 127.434026988606519, 36.335130475747711 ], [ 127.433964855973912, 36.335254611351196 ], [ 127.433925265385042, 36.335334174640835 ], [ 127.433913048886083, 36.335358721630698 ], [ 127.433895166105486, 36.335397924106566 ], [ 127.433890768625773, 36.33542046924525 ], [ 127.433880610771297, 36.335472890957817 ], [ 127.433934351120413, 36.335434396838451 ], [ 127.434036745787722, 36.33541458809421 ], [ 127.434280240962067, 36.335387239292274 ], [ 127.434422656157196, 36.335430087772799 ], [ 127.43464309170659, 36.335480547596205 ], [ 127.434664526807794, 36.335485534481833 ], [ 127.434828982573435, 36.335515920529183 ], [ 127.434879745221735, 36.335537139236983 ], [ 127.435190953509576, 36.335858178312201 ], [ 127.435793908077386, 36.336440063510622 ], [ 127.435970087690592, 36.336607545260918 ], [ 127.436113400594664, 36.336747264101781 ], [ 127.436153810732918, 36.336785416823176 ], [ 127.436189314456868, 36.336816549246734 ], [ 127.436241598873522, 36.33686084977947 ], [ 127.436291105132327, 36.336906295868403 ], [ 127.436381223456848, 36.336994111314354 ], [ 127.436471396796875, 36.337091785277174 ], [ 127.436543923741382, 36.33717882653135 ], [ 127.436677121580828, 36.337251840934876 ], [ 127.436793187207471, 36.337310552957426 ], [ 127.43682307219467, 36.337332693964903 ], [ 127.436873746110635, 36.337369682590769 ], [ 127.436888472442718, 36.33738794069361 ], [ 127.436900562451783, 36.337402820004328 ], [ 127.436988224368775, 36.337425309195439 ], [ 127.437087286865719, 36.337430859857498 ], [ 127.437185850275057, 36.337410792029146 ], [ 127.437255333499479, 36.337449117745322 ], [ 127.437299762136561, 36.337488661243462 ], [ 127.437350603450568, 36.337525649054733 ], [ 127.437507330962447, 36.337603370930928 ], [ 127.43755177303737, 36.337615311487092 ], [ 127.437652095442857, 36.33762903068331 ], [ 127.437688748239253, 36.337648326115605 ], [ 127.437755102079734, 36.337686662959456 ], [ 127.437804862348145, 36.337715489932954 ], [ 127.437829618926685, 36.337722726054352 ], [ 127.437833625389814, 36.337724117250424 ], [ 127.43786502721035, 36.337768502311313 ], [ 127.437882396236461, 36.33779321202001 ], [ 127.437920978264501, 36.337782942003514 ], [ 127.437916777145219, 36.337810551129017 ], [ 127.438047856859654, 36.337785010907893 ] ] ] ] } },
{ "type": "Feature", "properties": { "EMD_CD": "30110114", "EMD_ENG_NM": "Gayang-dong", "EMD_KOR_NM": "가양동" }, "geometry": { "type": "MultiPolygon", "coordinates": [ [ [ [ 127.45455067226645, 36.354305342082668 ], [ 127.45395190790461, 36.353232691275025 ], [ 127.454142632401243, 36.353191695923549 ], [ 127.454159277790964, 36.353180368298219 ], [ 127.454420837389364, 36.353137977693933 ], [ 127.454977516510709, 36.353017588414978 ], [ 127.455255129157663, 36.353011749323549 ], [ 127.455470083693896, 36.353007274103497 ], [ 127.455647285791159, 36.35300715959702 ], [ 127.455776450515188, 36.353007236258435 ], [ 127.456913269070924, 36.352998962081259 ], [ 127.458514463395844, 36.352952864140079 ], [ 127.45875254290037, 36.352557413971283 ], [ 127.458914671519082, 36.352151827734325 ], [ 127.458967373269004, 36.352145425522991 ], [ 127.461159803829744, 36.351704452593154 ], [ 127.461940477758347, 36.351522340394297 ], [ 127.462656082075341, 36.351199388223058 ], [ 127.46332159048788, 36.350823122516758 ], [ 127.463610062414887, 36.350742867096002 ], [ 127.46371918638711, 36.350709777794059 ], [ 127.46394832373359, 36.350719876426865 ], [ 127.464145942842578, 36.350729529020839 ], [ 127.464332391256235, 36.350293715123307 ], [ 127.464276856490059, 36.349851232481569 ], [ 127.464173163532038, 36.349653377504481 ], [ 127.46400159803018, 36.349339480605522 ], [ 127.464266275782293, 36.348592173420698 ], [ 127.464427364390886, 36.348135622373995 ], [ 127.464364085243943, 36.347884667424367 ], [ 127.464220599080349, 36.347315226115995 ], [ 127.464153555938339, 36.347073586018226 ], [ 127.464304193864962, 36.346792235298345 ], [ 127.464734307066507, 36.346383629274186 ], [ 127.464745206644807, 36.346373169487173 ], [ 127.464752130400043, 36.346366663314107 ], [ 127.46475915558014, 36.3463472068808 ], [ 127.464983600395513, 36.345716087731383 ], [ 127.464876291993576, 36.345112434078537 ], [ 127.463406831726587, 36.344596572609603 ], [ 127.462637907609761, 36.344783091603368 ], [ 127.461615238686079, 36.345030988116072 ], [ 127.460722938957716, 36.34524444647937 ], [ 127.45996334835317, 36.345073680992428 ], [ 127.459355914674688, 36.344434820552493 ], [ 127.458489597587189, 36.344424141001717 ], [ 127.458376178421005, 36.344436046608891 ], [ 127.458246521352393, 36.344448428891752 ], [ 127.457854644347606, 36.344485864307835 ], [ 127.457745143128193, 36.344457075886432 ], [ 127.457430451464447, 36.344374233610495 ], [ 127.457410728367705, 36.344363612447474 ], [ 127.45723501460057, 36.344227701738404 ], [ 127.457025999492089, 36.343903231457801 ], [ 127.455833490727017, 36.344578293422352 ], [ 127.455637894221155, 36.344676200541976 ], [ 127.455543654075285, 36.344722175808748 ], [ 127.455377223111554, 36.344805318924102 ], [ 127.455335740909646, 36.344826599765803 ], [ 127.455264590580271, 36.344862637210603 ], [ 127.455046266712145, 36.344973858945451 ], [ 127.454832293457571, 36.345082243230856 ], [ 127.454692248193638, 36.34515346188136 ], [ 127.454476476532506, 36.345134283103341 ], [ 127.454349209774662, 36.345128853724205 ], [ 127.454247378888695, 36.345126139594406 ], [ 127.454134643856136, 36.345106290383264 ], [ 127.45408313300787, 36.345107900147156 ], [ 127.45407983556116, 36.345107912635022 ], [ 127.45401761983328, 36.345096036605689 ], [ 127.453917952559081, 36.345076417121234 ], [ 127.453781774380587, 36.345034406563997 ], [ 127.453706988698713, 36.344985125390657 ], [ 127.453671879477056, 36.344962449648627 ], [ 127.453516144579865, 36.345181292384908 ], [ 127.453482473408712, 36.345228163375282 ], [ 127.452108948920724, 36.344371609285446 ], [ 127.45058601770728, 36.343650216997681 ], [ 127.450547616656849, 36.343632049184116 ], [ 127.449564329766574, 36.343163474549264 ], [ 127.44897201198323, 36.342701880787267 ], [ 127.448399995898455, 36.342107556504438 ], [ 127.448216156915549, 36.341916466280566 ], [ 127.447880727692876, 36.341574996472751 ], [ 127.447242397514785, 36.340916426529759 ], [ 127.44654658565031, 36.340184567825375 ], [ 127.446582664802676, 36.340133742765246 ], [ 127.446774218097715, 36.340335224397769 ], [ 127.447245566377177, 36.340831362592823 ], [ 127.447274063280972, 36.340790991963658 ], [ 127.447324648341606, 36.340719268669837 ], [ 127.447298163867657, 36.340653464612402 ], [ 127.447259758714793, 36.340602926520653 ], [ 127.447217493033023, 36.340547319993661 ], [ 127.447174641014314, 36.340510027211451 ], [ 127.447144210112469, 36.340484790940799 ], [ 127.447061636521724, 36.340439481594139 ], [ 127.446905799509395, 36.340366274958491 ], [ 127.44685659779914, 36.340344496749275 ], [ 127.446780625983052, 36.34029859497457 ], [ 127.446650340113962, 36.340189813710623 ], [ 127.446599428973727, 36.340112277591061 ], [ 127.446445889142709, 36.339953171414983 ], [ 127.44635197103419, 36.339873542374193 ], [ 127.446272220002811, 36.339805404550667 ], [ 127.446233230852727, 36.339773449933091 ], [ 127.446217748910854, 36.339744219581767 ], [ 127.446173077187851, 36.339694253927284 ], [ 127.446122980507724, 36.339636432017777 ], [ 127.446098455985179, 36.33960948821133 ], [ 127.446036108342227, 36.339540159021745 ], [ 127.445953862706745, 36.339462180332845 ], [ 127.445861127552689, 36.339374940690696 ], [ 127.445820780338963, 36.339350867405308 ], [ 127.445703484455038, 36.339230213356068 ], [ 127.445228368841754, 36.338741968094205 ], [ 127.445076769421959, 36.338586232282061 ], [ 127.445062238418473, 36.338571362813546 ], [ 127.444424733111617, 36.337926012386632 ], [ 127.444334058963818, 36.337834258045596 ], [ 127.444267532577001, 36.337734528951522 ], [ 127.444250193413907, 36.337715443357339 ], [ 127.444179964191946, 36.337638545356505 ], [ 127.444160189473379, 36.337618062894435 ], [ 127.444090016509136, 36.337519473663441 ], [ 127.444044579956866, 36.33742445159357 ], [ 127.44403505675885, 36.337402804688956 ], [ 127.444031902961299, 36.337398589939163 ], [ 127.443953361106026, 36.337328760757657 ], [ 127.443870252651223, 36.337251063201343 ], [ 127.443785928577512, 36.337173081868791 ], [ 127.443699661896801, 36.337090321854802 ], [ 127.443584591846431, 36.336993881279923 ], [ 127.443555185609966, 36.336964134439413 ], [ 127.443487624102261, 36.336895670206076 ], [ 127.443452033129645, 36.336818076028919 ], [ 127.443431244555711, 36.336771968008357 ], [ 127.443404982853949, 36.336715173892713 ], [ 127.443362356045697, 36.336624376936335 ], [ 127.443336098962959, 36.336566456875957 ], [ 127.443304338136954, 36.336520109978416 ], [ 127.443240809774537, 36.336428254426657 ], [ 127.443207294642733, 36.336378814018438 ], [ 127.443196083508212, 36.336365905552178 ], [ 127.443120240239182, 36.336278601288242 ], [ 127.443094632753301, 36.336244902079869 ], [ 127.443024159954277, 36.336153919111439 ], [ 127.443016789796616, 36.336142681729214 ], [ 127.442962591258294, 36.336067688469377 ], [ 127.442891907312429, 36.335970794479273 ], [ 127.442867001587629, 36.335937092628065 ], [ 127.442851817755397, 36.335899128441994 ], [ 127.442792374118099, 36.335757134440676 ], [ 127.442745460827439, 36.335648599210856 ], [ 127.442735075518698, 36.335626108331354 ], [ 127.442690829501672, 36.335619234039839 ], [ 127.442532327745823, 36.335596442218055 ], [ 127.442379579547875, 36.335574765323457 ], [ 127.442364777248628, 36.335572846418835 ], [ 127.442343497157864, 36.335595454134214 ], [ 127.442310969267098, 36.33563021498761 ], [ 127.442242646207845, 36.335703119298877 ], [ 127.442234851376128, 36.335711321486507 ], [ 127.442174310620516, 36.335775753002146 ], [ 127.442073449902907, 36.335883697473378 ], [ 127.441996812784808, 36.335965643428139 ], [ 127.441990780392842, 36.335974398484161 ], [ 127.441952954861847, 36.33602579626352 ], [ 127.441924281762013, 36.336064760432514 ], [ 127.441924353084659, 36.336077430105625 ], [ 127.441924587203971, 36.336150658556861 ], [ 127.441924872229549, 36.336294276878192 ], [ 127.441883446265564, 36.336384825818186 ], [ 127.441831860597233, 36.336496823732233 ], [ 127.44177754546952, 36.336616708103044 ], [ 127.441746772671181, 36.336684409114177 ], [ 127.441700334848463, 36.336751320769451 ], [ 127.441599298680615, 36.33679675129779 ], [ 127.441518354259074, 36.3368240843973 ], [ 127.441394424803505, 36.336852981538343 ], [ 127.441231891886758, 36.336886247018732 ], [ 127.44115106069448, 36.336904008936081 ], [ 127.440945012206512, 36.336999100677346 ], [ 127.440827692330444, 36.337056702630477 ], [ 127.440787752144459, 36.337072908107807 ], [ 127.440766969352111, 36.337091007868295 ], [ 127.440726517037064, 36.337139026725545 ], [ 127.44060932215352, 36.337250697574412 ], [ 127.440539198117264, 36.337316848753552 ], [ 127.440374023774098, 36.337375751955712 ], [ 127.44019320974769, 36.337440624057201 ], [ 127.440095422977848, 36.33747590323992 ], [ 127.439957590487651, 36.337538364322228 ], [ 127.439893545880324, 36.337568445523083 ], [ 127.439634117737768, 36.337641499695252 ], [ 127.439503444106919, 36.337647890385441 ], [ 127.439293476739621, 36.337664430151925 ], [ 127.439145947385171, 36.337674261576815 ], [ 127.439111898911477, 36.337686497906624 ], [ 127.438988190011585, 36.337629780725941 ], [ 127.438981799362494, 36.337638256975396 ], [ 127.438908034754149, 36.337736808473146 ], [ 127.438863336636842, 36.337740910266902 ], [ 127.438812538233719, 36.337745601996183 ], [ 127.438755549531706, 36.337730887102985 ], [ 127.43874038126188, 36.337727283799104 ], [ 127.43871617159715, 36.337722298893127 ], [ 127.438677126428601, 36.337711455981335 ], [ 127.438595765925555, 36.337696551294783 ], [ 127.438580948633174, 36.337694073147823 ], [ 127.438556566286891, 36.337689935886694 ], [ 127.438498901264211, 36.337679729187286 ], [ 127.438436520209166, 36.337666719149233 ], [ 127.438397968172737, 36.337680377616557 ], [ 127.438321331200001, 36.337701501672278 ], [ 127.438286576135297, 36.337710919797594 ], [ 127.438258771433865, 36.337718339006713 ], [ 127.438262313696768, 36.33776028397758 ], [ 127.43818771387869, 36.33777126290552 ], [ 127.438047858290389, 36.337785011949933 ], [ 127.437916778510981, 36.337810552224084 ], [ 127.437920979531796, 36.337782942993329 ], [ 127.437882397567137, 36.337793212670796 ], [ 127.437878541804068, 36.337818856483466 ], [ 127.437865944933421, 36.337900854702752 ], [ 127.437867410505007, 36.337916060973022 ], [ 127.437849683647585, 36.337980892792096 ], [ 127.437793268016279, 36.338007007352473 ], [ 127.437849084447294, 36.338031306300813 ], [ 127.43785825506221, 36.338051828527682 ], [ 127.43764128361461, 36.338342688565987 ], [ 127.43763662095914, 36.338349464345789 ], [ 127.437630236335693, 36.338359058160883 ], [ 127.437678857433767, 36.33837127179067 ], [ 127.437752237700991, 36.338391280251628 ], [ 127.437807669408542, 36.338406280169863 ], [ 127.437824234835247, 36.338410734886814 ], [ 127.437898486236293, 36.338431019492305 ], [ 127.437960180359653, 36.338446564653054 ], [ 127.437998186702742, 36.338458816916727 ], [ 127.438001187111595, 36.33846556472259 ], [ 127.438011238531871, 36.338488336640381 ], [ 127.438081906596935, 36.338740685118061 ], [ 127.438117419696354, 36.338866997840022 ], [ 127.438143778398725, 36.338973636434311 ], [ 127.438143798120734, 36.338973741529045 ], [ 127.438082095898011, 36.338942347831512 ], [ 127.438073327458937, 36.338937882820417 ], [ 127.437986086713607, 36.3388934136632 ], [ 127.437926463123574, 36.338867767913847 ], [ 127.437863502715715, 36.338842945061529 ], [ 127.437814506465003, 36.338825326087331 ], [ 127.43776550955333, 36.33880770654531 ], [ 127.437727583016695, 36.338797842146107 ], [ 127.437662103827662, 36.338780688643183 ], [ 127.437648941031966, 36.338777221990689 ], [ 127.437606998845141, 36.338766290849371 ], [ 127.437565056666827, 36.338755359143228 ], [ 127.437546110463927, 36.338793367663719 ], [ 127.437512739275732, 36.338841547874274 ], [ 127.437506392155797, 36.338839661705528 ], [ 127.437500347694623, 36.338836573572451 ], [ 127.437489964200253, 36.338852147597855 ], [ 127.437488737130849, 36.338853819236036 ], [ 127.437447956724142, 36.338909434920417 ], [ 127.437434470829871, 36.338927958066854 ], [ 127.437429944261041, 36.338935183925976 ], [ 127.437389387702225, 36.338993006636223 ], [ 127.437307388854265, 36.339109646529529 ], [ 127.437260975933228, 36.339175961534146 ], [ 127.437224729487653, 36.339227730642747 ], [ 127.437219271150596, 36.339227660426062 ], [ 127.437208476442962, 36.339249417941282 ], [ 127.437142941879088, 36.339342387079377 ], [ 127.43707056152131, 36.339446195152156 ], [ 127.437031625031565, 36.339515006088241 ], [ 127.436948408401491, 36.339633182152582 ], [ 127.43686949341253, 36.339743772672392 ], [ 127.436840201027152, 36.339784251722811 ], [ 127.436759433299358, 36.339902238497821 ], [ 127.43662196866903, 36.340100275172318 ], [ 127.436587267243667, 36.340149605302408 ], [ 127.436592042681511, 36.340167070583291 ], [ 127.436708961857462, 36.340220264388051 ], [ 127.436732415050088, 36.340231353466748 ], [ 127.436864419159676, 36.34029305328059 ], [ 127.436938572532128, 36.340327478106602 ], [ 127.436953263879431, 36.340385369700719 ], [ 127.436962631325457, 36.340407324075727 ], [ 127.437006667905649, 36.340574240213606 ], [ 127.437073790340449, 36.3408262325921 ], [ 127.436991245236257, 36.340945217268349 ], [ 127.436874423201189, 36.34110983575605 ], [ 127.436952485436791, 36.341145958545887 ], [ 127.437074995254378, 36.341202646163971 ], [ 127.437214816960264, 36.341267651404216 ], [ 127.43727758881839, 36.341298332599337 ], [ 127.437330423147898, 36.341324724394781 ], [ 127.437399152576887, 36.341305098616083 ], [ 127.437812111600465, 36.340752707567752 ], [ 127.438244169218123, 36.340150681010208 ], [ 127.438224168386057, 36.340079651920249 ], [ 127.438430111815691, 36.340169346461238 ], [ 127.438502715953234, 36.340201013469276 ], [ 127.43854406282685, 36.340218885639629 ], [ 127.438660958936893, 36.340269707097264 ], [ 127.438838923294611, 36.340347349930433 ], [ 127.438875211907217, 36.340362987574771 ], [ 127.438926396205218, 36.340385373408935 ], [ 127.438874143760145, 36.340452828893127 ], [ 127.438843907949988, 36.340491798023081 ], [ 127.438847405396103, 36.340495732235539 ], [ 127.438823051180378, 36.34052876811996 ], [ 127.438798618849319, 36.340562019412644 ], [ 127.438855914179598, 36.340589385498724 ], [ 127.439014894865778, 36.340691960974802 ], [ 127.439028409265333, 36.340700679210265 ], [ 127.439038090814421, 36.340699021662985 ], [ 127.439163525574102, 36.340754498535311 ], [ 127.439170849943636, 36.340757572228078 ], [ 127.439162738711104, 36.340769154750333 ], [ 127.43909210775341, 36.34086882130277 ], [ 127.439056543686789, 36.340919074595426 ], [ 127.438916673283074, 36.341116437730619 ], [ 127.438743636381417, 36.341360665741938 ], [ 127.438683195587998, 36.341446218412308 ], [ 127.438649531119282, 36.341493652881603 ], [ 127.438629587609753, 36.341522326806583 ], [ 127.438629440822297, 36.341522338344063 ], [ 127.438419020159259, 36.341820628582404 ], [ 127.438413162749313, 36.341828850383806 ], [ 127.438451695975559, 36.341847363748649 ], [ 127.438473247160573, 36.341856837310083 ], [ 127.43848218022508, 36.341860769808271 ], [ 127.438567277457977, 36.341899749416349 ], [ 127.43860849403562, 36.341920055362671 ], [ 127.438627027991458, 36.341927827690476 ], [ 127.438678176447098, 36.341951341357301 ], [ 127.438698160586839, 36.341961424542433 ], [ 127.438715870289982, 36.341970365933832 ], [ 127.438715889230309, 36.3419704703701 ], [ 127.43871768659028, 36.341979187259327 ], [ 127.438719116722112, 36.341985940787325 ], [ 127.438721018151412, 36.342015221791236 ], [ 127.438718909659741, 36.342042552760532 ], [ 127.438713897812022, 36.342050735730943 ], [ 127.438734535079035, 36.342099935703757 ], [ 127.438750243888549, 36.342138177870041 ], [ 127.438769466884665, 36.342183454701242 ], [ 127.43877948065267, 36.342261143799092 ], [ 127.438791784135844, 36.342345862691303 ], [ 127.438804822313955, 36.342436490057032 ], [ 127.438808814649036, 36.342465205126437 ], [ 127.438816619586191, 36.342522346606756 ], [ 127.438833375966453, 36.342624504374143 ], [ 127.438849714667668, 36.342713723678109 ], [ 127.438866419185885, 36.342806591083509 ], [ 127.438881099281645, 36.342880045462572 ], [ 127.438881269352507, 36.342910459255627 ], [ 127.438882060724083, 36.342926506211739 ], [ 127.438881727374252, 36.342930724505727 ], [ 127.438883159153178, 36.342937766789902 ], [ 127.438895569390226, 36.342977706292764 ], [ 127.438903559212449, 36.343006126760592 ], [ 127.438902656755076, 36.343061885423765 ], [ 127.438883782888212, 36.343110950552237 ], [ 127.438880646327732, 36.343141665211284 ], [ 127.438878681129779, 36.343194616013314 ], [ 127.438876043883425, 36.343282768941933 ], [ 127.438889236871191, 36.343369178643172 ], [ 127.438906294818679, 36.343463450063211 ], [ 127.43891878485833, 36.343517763179747 ], [ 127.438920001953406, 36.34354817313713 ], [ 127.438922552998378, 36.343599980946081 ], [ 127.438914967316919, 36.343645904793298 ], [ 127.438900355934265, 36.343740022606099 ], [ 127.438899338860423, 36.343745379212201 ], [ 127.438878931816518, 36.343831064835463 ], [ 127.438860910562454, 36.343907162415675 ], [ 127.438859375597616, 36.343913647376283 ], [ 127.438857340400205, 36.343922107672029 ], [ 127.438847137541345, 36.34396410343227 ], [ 127.438851533029563, 36.344005198722613 ], [ 127.438860514955167, 36.344085423349092 ], [ 127.438859568225894, 36.344165126580812 ], [ 127.438859850310791, 36.344183716531965 ], [ 127.438861289722055, 36.344223975043953 ], [ 127.43886370187748, 36.344280857374983 ], [ 127.438864824638387, 36.344296344285141 ], [ 127.438836023325038, 36.344404869220376 ], [ 127.438811487461521, 36.344531122476027 ], [ 127.438804674163876, 36.344589723303088 ], [ 127.438795548600822, 36.34466888827609 ], [ 127.438786314092212, 36.344698777643686 ], [ 127.438780337353805, 36.344717669909834 ], [ 127.438752611265656, 36.344833229055396 ], [ 127.438733370216397, 36.344972133382349 ], [ 127.438723173009095, 36.345078904922225 ], [ 127.438713224409085, 36.345168489893496 ], [ 127.438706585641242, 36.345224278872344 ], [ 127.43868911370248, 36.345368809008185 ], [ 127.438685817687684, 36.345402893711928 ], [ 127.438681592615595, 36.345456141523783 ], [ 127.438677982326979, 36.345525715796256 ], [ 127.43868369520645, 36.345551315246638 ], [ 127.438685057489366, 36.345577786457653 ], [ 127.438690386586444, 36.345658304403656 ], [ 127.438691515632499, 36.345674917748227 ], [ 127.438686077821899, 36.345728448859177 ], [ 127.438683112872354, 36.345758027062516 ], [ 127.438668428491923, 36.345873259043927 ], [ 127.438663093855382, 36.345913262912966 ], [ 127.438658236727505, 36.3459490485129 ], [ 127.438651035300126, 36.346000044387708 ], [ 127.438639883329955, 36.346059508657277 ], [ 127.43861699807789, 36.346136479811804 ], [ 127.438596352161738, 36.346211460466328 ], [ 127.438593102004603, 36.346221889901699 ], [ 127.438577865259305, 36.346268130457986 ], [ 127.438338750294207, 36.34627378947048 ], [ 127.437814551458615, 36.346285842634416 ], [ 127.437819449646838, 36.346353133440083 ], [ 127.437919492462896, 36.347624261043656 ], [ 127.437997235812944, 36.34860990804021 ], [ 127.437679925317696, 36.349205278043613 ], [ 127.437567944630729, 36.349412955123036 ], [ 127.437609624299682, 36.349427726398808 ], [ 127.438052105723443, 36.349584662009093 ], [ 127.440842646215643, 36.35056459201553 ], [ 127.441286872396518, 36.350720445958196 ], [ 127.441477449198771, 36.350787710341812 ], [ 127.441501091544936, 36.351215794556957 ], [ 127.441518774504075, 36.351531173468643 ], [ 127.441355789304495, 36.351663740165741 ], [ 127.44103688292067, 36.351923223966686 ], [ 127.441125773979209, 36.352036390365775 ], [ 127.441183281088598, 36.352109677417751 ], [ 127.44118959726886, 36.352117539383237 ], [ 127.4413818011475, 36.352340718277766 ], [ 127.442274774525671, 36.351967949572426 ], [ 127.442275019912287, 36.351950204204144 ], [ 127.442272462819929, 36.351929379114004 ], [ 127.443972135039246, 36.351260740359542 ], [ 127.445169354044765, 36.350796706451455 ], [ 127.446095323086283, 36.352438172832336 ], [ 127.446039321722495, 36.352416978481216 ], [ 127.445985505989597, 36.352319744477668 ], [ 127.445912087449457, 36.352295794306471 ], [ 127.445829910766363, 36.352261747336982 ], [ 127.445675841938865, 36.35219782326503 ], [ 127.445570927302597, 36.352238207395828 ], [ 127.445518944541945, 36.352218403737332 ], [ 127.445494622500888, 36.35222778463632 ], [ 127.445604113556215, 36.352381144198866 ], [ 127.445615524800502, 36.352397439826014 ], [ 127.445649569546489, 36.352507138518867 ], [ 127.445826062283061, 36.353362590181845 ], [ 127.445954610646396, 36.353620638520319 ], [ 127.445955839451116, 36.353623166279043 ], [ 127.445971333677903, 36.353654081828218 ], [ 127.446570949915468, 36.35342909962155 ], [ 127.446623264342918, 36.353444386949114 ], [ 127.446881544181878, 36.353895133995508 ], [ 127.446924659149872, 36.353885402800529 ], [ 127.446995510521958, 36.354007922528638 ], [ 127.4473781819691, 36.353864841029626 ], [ 127.448712039441247, 36.353365909290439 ], [ 127.449047131780816, 36.353944492042636 ], [ 127.449081032498867, 36.354057289659004 ], [ 127.451296388053549, 36.354224140220317 ], [ 127.45432115912638, 36.354441666294846 ], [ 127.454631412883458, 36.354450069464988 ], [ 127.454592886736592, 36.354380654638 ], [ 127.45455067226645, 36.354305342082668 ] ] ] ] } },
{ "type": "Feature", "properties": { "EMD_CD": "30110115", "EMD_ENG_NM": "Yongjeon-dong", "EMD_KOR_NM": "용전동" }, "geometry": { "type": "MultiPolygon", "coordinates": [ [ [ [ 127.436824924784389, 36.360210507016284 ], [ 127.436998394932957, 36.360193536755787 ], [ 127.437112962071296, 36.360195092681842 ], [ 127.437109194547688, 36.360176803749582 ], [ 127.437157200396101, 36.360168175794428 ], [ 127.43722457257509, 36.360167930129748 ], [ 127.437279957862359, 36.360171954610706 ], [ 127.437407192408713, 36.360199372556941 ], [ 127.437729529588267, 36.35999937207206 ], [ 127.438260310930133, 36.359966460020971 ], [ 127.438605684497603, 36.359620780694975 ], [ 127.43873453339873, 36.359251678563325 ], [ 127.439217174369702, 36.358300867102443 ], [ 127.439026353481097, 36.357954058515006 ], [ 127.43901893456551, 36.357934368177261 ], [ 127.439001426822003, 36.357853895112953 ], [ 127.438994597806101, 36.357816179301302 ], [ 127.438983111575723, 36.357754545581763 ], [ 127.438973542908613, 36.357756842540702 ], [ 127.438933676618802, 36.35750747375112 ], [ 127.439037839312192, 36.357269130573371 ], [ 127.438929095507916, 36.357092954305514 ], [ 127.4388949648325, 36.35702831246585 ], [ 127.439243538420698, 36.356759497912364 ], [ 127.439726426717939, 36.35654032167151 ], [ 127.439807074161138, 36.356362892726452 ], [ 127.439853534339022, 36.35626584697166 ], [ 127.439871972540345, 36.356263805776329 ], [ 127.439874049639911, 36.356260698145746 ], [ 127.439855213455118, 36.356193747546492 ], [ 127.439856065059871, 36.356190644411924 ], [ 127.439848516135555, 36.355589423249775 ], [ 127.439860611010786, 36.35557277039198 ], [ 127.440035481725076, 36.355559169977177 ], [ 127.439654377224969, 36.355083229428217 ], [ 127.441479879708425, 36.353560030497079 ], [ 127.441381799781112, 36.352340717129927 ], [ 127.441189596068469, 36.352117538732045 ], [ 127.441183279757681, 36.352109676767007 ], [ 127.441125772645464, 36.352036389217815 ], [ 127.441036881557082, 36.351923223316071 ], [ 127.441355788408828, 36.3516637395266 ], [ 127.441518773368145, 36.351531172667592 ], [ 127.441501090168003, 36.351215793461968 ], [ 127.44147744788711, 36.350787709250973 ], [ 127.441286871062744, 36.350720444797048 ], [ 127.44084264484988, 36.350564590973299 ], [ 127.438052104357737, 36.349584660966819 ], [ 127.43760962283578, 36.349427725304103 ], [ 127.437567943265023, 36.349412954080769 ], [ 127.43526158637205, 36.34859621238833 ], [ 127.43247117876372, 36.347615024358532 ], [ 127.431964095952665, 36.347433554573833 ], [ 127.431964063079448, 36.347433653820673 ], [ 127.4319760932093, 36.347996092131304 ], [ 127.432133427941139, 36.349447585027526 ], [ 127.432150722653617, 36.34961036359779 ], [ 127.431955408908706, 36.349619628396098 ], [ 127.431018195954096, 36.34968998446422 ], [ 127.429691549535008, 36.349785898550032 ], [ 127.429206718018392, 36.349814399490292 ], [ 127.428953382889546, 36.350222651521328 ], [ 127.428460188382502, 36.350013595649287 ], [ 127.428380260939875, 36.349977510090682 ], [ 127.428113571322001, 36.351469353267134 ], [ 127.427912600355072, 36.352593284971569 ], [ 127.427911693332973, 36.352594477748376 ], [ 127.427914458156309, 36.352594837360634 ], [ 127.427842526541824, 36.353067359473435 ], [ 127.427647936916642, 36.354349674742522 ], [ 127.427545592513297, 36.355021417731791 ], [ 127.427507079449086, 36.355271060988244 ], [ 127.427475598488996, 36.355463887649712 ], [ 127.427558746907138, 36.355470620303073 ], [ 127.427600790310578, 36.355474219238182 ], [ 127.428873533771124, 36.355577705747152 ], [ 127.429108698857448, 36.355596203453437 ], [ 127.429105712482368, 36.355661278346311 ], [ 127.429055302743834, 36.356772056127319 ], [ 127.430766539338606, 36.35682449687917 ], [ 127.430743483530847, 36.357355257873898 ], [ 127.430695713573613, 36.358451751842018 ], [ 127.430695407930813, 36.358491458305124 ], [ 127.430679374162693, 36.358836211805134 ], [ 127.430676101731962, 36.358905784542777 ], [ 127.430668593038604, 36.359060136142944 ], [ 127.432443840260106, 36.359109781185005 ], [ 127.432774767653953, 36.359170830709786 ], [ 127.432850925786525, 36.359186037826866 ], [ 127.432907657776454, 36.35918189491592 ], [ 127.432925793083882, 36.359249975580596 ], [ 127.432928634410146, 36.359260112446229 ], [ 127.432947227396113, 36.359285953822599 ], [ 127.432975491292638, 36.359297675055721 ], [ 127.433277887203047, 36.359518215360801 ], [ 127.433402909600787, 36.359587315470066 ], [ 127.433482212430022, 36.359635187077224 ], [ 127.433777844905606, 36.359830968497135 ], [ 127.433897184119743, 36.359877568518023 ], [ 127.433973828783749, 36.359918122938829 ], [ 127.434112601776221, 36.360047721833119 ], [ 127.434585609539056, 36.360395777645074 ], [ 127.43467283999432, 36.360460516566668 ], [ 127.434680178460923, 36.360465842884416 ], [ 127.434742415972437, 36.360512081319222 ], [ 127.434818805279733, 36.36056868587108 ], [ 127.434820551144114, 36.360570085357544 ], [ 127.434965008402699, 36.360689533527136 ], [ 127.435006396566294, 36.360713038962551 ], [ 127.435068870537634, 36.360739567881097 ], [ 127.43524871635033, 36.360835222683967 ], [ 127.435259845368577, 36.360832929370183 ], [ 127.435273934929768, 36.360830066585095 ], [ 127.435275326069402, 36.360829782173504 ], [ 127.435276129340224, 36.360787811989887 ], [ 127.436080681517566, 36.360771091610154 ], [ 127.436121202357825, 36.360762779667091 ], [ 127.436326961480631, 36.360697534653106 ], [ 127.436646879365895, 36.360218193661396 ], [ 127.436678037229541, 36.36021723309026 ], [ 127.436824924784389, 36.360210507016284 ] ] ] ] } },
{ "type": "Feature", "properties": { "EMD_CD": "30110116", "EMD_ENG_NM": "Seongnam-dong", "EMD_KOR_NM": "성남동" }, "geometry": { "type": "MultiPolygon", "coordinates": [ [ [ [ 127.438430111815691, 36.340169346461238 ], [ 127.438224168386057, 36.340079651920249 ], [ 127.438244169218123, 36.340150681010208 ], [ 127.437812111600465, 36.340752707567752 ], [ 127.437399152576887, 36.341305098616083 ], [ 127.437330423147898, 36.341324724394781 ], [ 127.43727758881839, 36.341298332599337 ], [ 127.437214816960264, 36.341267651404216 ], [ 127.437074995254378, 36.341202646163971 ], [ 127.436952485436791, 36.341145958545887 ], [ 127.436874423201189, 36.34110983575605 ], [ 127.436991245236257, 36.340945217268349 ], [ 127.437073790340449, 36.3408262325921 ], [ 127.437006667905649, 36.340574240213606 ], [ 127.436962631325457, 36.340407324075727 ], [ 127.436953263879431, 36.340385369700719 ], [ 127.436938572532128, 36.340327478106602 ], [ 127.436864419159676, 36.34029305328059 ], [ 127.436732415050088, 36.340231353466748 ], [ 127.436708961857462, 36.340220264388051 ], [ 127.436592042681511, 36.340167070583291 ], [ 127.436587267243667, 36.340149605302408 ], [ 127.43662196866903, 36.340100275172318 ], [ 127.436759433299358, 36.339902238497821 ], [ 127.436840201027152, 36.339784251722811 ], [ 127.43686949341253, 36.339743772672392 ], [ 127.436948408401491, 36.339633182152582 ], [ 127.437031625031565, 36.339515006088241 ], [ 127.43707056152131, 36.339446195152156 ], [ 127.437142941879088, 36.339342387079377 ], [ 127.437208476442962, 36.339249417941282 ], [ 127.437219271150596, 36.339227660426062 ], [ 127.437224729487653, 36.339227730642747 ], [ 127.437260975933228, 36.339175961534146 ], [ 127.437307388854265, 36.339109646529529 ], [ 127.437389387702225, 36.338993006636223 ], [ 127.437429944261041, 36.338935183925976 ], [ 127.437434470829871, 36.338927958066854 ], [ 127.437447956724142, 36.338909434920417 ], [ 127.437488737130849, 36.338853819236036 ], [ 127.437489964200253, 36.338852147597855 ], [ 127.437500347694623, 36.338836573572451 ], [ 127.437458392449741, 36.338815054673375 ], [ 127.437359794532583, 36.338767264703456 ], [ 127.437209300412846, 36.338715149217471 ], [ 127.437153155029094, 36.338695924646522 ], [ 127.436950713147795, 36.338628227733423 ], [ 127.436833332566891, 36.338551767260107 ], [ 127.43670161040572, 36.338462139481592 ], [ 127.436638092325722, 36.338400974249609 ], [ 127.436620528076858, 36.338371182037051 ], [ 127.436336530756563, 36.338285478183522 ], [ 127.436189626733949, 36.338249686974486 ], [ 127.436114515014509, 36.338232783815869 ], [ 127.436042591364455, 36.338286547285492 ], [ 127.436016972322392, 36.33828044984724 ], [ 127.436012392416416, 36.338302148669221 ], [ 127.43588982455465, 36.338418619687339 ], [ 127.435810359510782, 36.338494381362537 ], [ 127.435845632955974, 36.338640413661153 ], [ 127.435729249439859, 36.338869787523997 ], [ 127.435668497751706, 36.338929710657766 ], [ 127.435552285273729, 36.33893914446567 ], [ 127.435539643583127, 36.338949328524208 ], [ 127.435367062136734, 36.339055842478466 ], [ 127.435209142487651, 36.339138926166818 ], [ 127.435108974499016, 36.3391854745215 ], [ 127.435005435392625, 36.339281041010686 ], [ 127.434930882548855, 36.33942747188464 ], [ 127.434535120691393, 36.339837244107308 ], [ 127.434528955834068, 36.33985641627492 ], [ 127.434456597456588, 36.340083664637959 ], [ 127.434409553262412, 36.340231680803619 ], [ 127.434407643211316, 36.340264913357885 ], [ 127.434406860099855, 36.340280407776966 ], [ 127.434417421484056, 36.340427656431878 ], [ 127.43441836152823, 36.340470737940407 ], [ 127.434279188514083, 36.340639084613386 ], [ 127.434204796582947, 36.340690332918861 ], [ 127.434193902131895, 36.340702195797782 ], [ 127.434167952096828, 36.340731018890104 ], [ 127.434149274741529, 36.340751642209945 ], [ 127.434109938780438, 36.340783036733576 ], [ 127.434044506323744, 36.340816788519518 ], [ 127.433900334053362, 36.34093136160444 ], [ 127.433663303376207, 36.341091618069676 ], [ 127.433434219050099, 36.341210445174525 ], [ 127.433236410888156, 36.341226083331208 ], [ 127.433031819600558, 36.341272160084579 ], [ 127.432733754543477, 36.341319141441417 ], [ 127.432489024065887, 36.341376347285284 ], [ 127.431657802339032, 36.341445523786412 ], [ 127.431424764894032, 36.341447768219133 ], [ 127.431279744877955, 36.341313682202625 ], [ 127.431303956930606, 36.341284586571867 ], [ 127.43112602524026, 36.341053734317242 ], [ 127.431179474137664, 36.340898378823724 ], [ 127.431247775100744, 36.340784351372584 ], [ 127.431265743388835, 36.34075418804062 ], [ 127.431265552317242, 36.340747871638023 ], [ 127.431189128132957, 36.340690931261236 ], [ 127.431046653546531, 36.340590070775974 ], [ 127.4308088241024, 36.340427039075308 ], [ 127.430830112315988, 36.340394907975515 ], [ 127.43083780105421, 36.34038330003068 ], [ 127.430878405841014, 36.340325110076925 ], [ 127.430910376853305, 36.340278900524645 ], [ 127.430935175819428, 36.340243061692135 ], [ 127.430958703300675, 36.340209057371965 ], [ 127.43096992037195, 36.340192850042293 ], [ 127.431026446616968, 36.340111145157252 ], [ 127.431065324378892, 36.3400549530025 ], [ 127.431094709139288, 36.340012483546424 ], [ 127.431109252083658, 36.33999146083918 ], [ 127.431167988413193, 36.339906567119186 ], [ 127.431234688221835, 36.339805297303393 ], [ 127.431262250021661, 36.339763554898695 ], [ 127.431320433933067, 36.339675436613959 ], [ 127.431343354120983, 36.339640470197921 ], [ 127.431356730923326, 36.339620055586487 ], [ 127.431383688627932, 36.339575792339502 ], [ 127.431397603741814, 36.339558079182922 ], [ 127.431417012738848, 36.339528613578587 ], [ 127.431550488056018, 36.339326010095903 ], [ 127.431557480343059, 36.339315378162027 ], [ 127.431580834824587, 36.339276345416685 ], [ 127.431603943997374, 36.339237214544077 ], [ 127.431602977145104, 36.339229405401596 ], [ 127.43159766662113, 36.339181265561429 ], [ 127.431596046704911, 36.339172269054757 ], [ 127.431592277131116, 36.339151159279162 ], [ 127.431589759761323, 36.339137083177384 ], [ 127.431578211707631, 36.339092913345695 ], [ 127.431566048095348, 36.339064516179974 ], [ 127.431507613471155, 36.338946727463572 ], [ 127.431482335352513, 36.338907392279744 ], [ 127.431428870690027, 36.338836617584207 ], [ 127.431378971157528, 36.338782158773576 ], [ 127.431362509952223, 36.338764203957453 ], [ 127.431286265296848, 36.338699134082482 ], [ 127.431299773841047, 36.338591234015404 ], [ 127.431278231340045, 36.338566808759111 ], [ 127.430931899483824, 36.338473430965323 ], [ 127.430928458172488, 36.338479633915824 ], [ 127.430839600371087, 36.338653149291176 ], [ 127.430821174875504, 36.33868926223316 ], [ 127.430720434615395, 36.338883663577356 ], [ 127.430592282612707, 36.33909645724205 ], [ 127.430493556846756, 36.339246072131786 ], [ 127.430253614560101, 36.339544030626485 ], [ 127.430193555021788, 36.339605074962591 ], [ 127.430075854890276, 36.339723496071237 ], [ 127.430074992224462, 36.339724625625614 ], [ 127.429927536624561, 36.339874973605362 ], [ 127.429668990526295, 36.34020792668116 ], [ 127.429412873421668, 36.340445680158766 ], [ 127.428779749790138, 36.341028352070566 ], [ 127.42874717107577, 36.341022836240256 ], [ 127.428697704592707, 36.341014848432408 ], [ 127.42846324839131, 36.341234499059496 ], [ 127.428275870202398, 36.341408363860317 ], [ 127.428029473798631, 36.341608068193224 ], [ 127.427729249327058, 36.341833863796737 ], [ 127.427430446437924, 36.342032627324713 ], [ 127.427187412158958, 36.342179644902423 ], [ 127.427147491015404, 36.342200351598137 ], [ 127.427000870140816, 36.342282817119234 ], [ 127.42693145274572, 36.342319958034793 ], [ 127.426777636403926, 36.342392319552573 ], [ 127.426660979438822, 36.342448210603706 ], [ 127.42633109222335, 36.342595544193934 ], [ 127.425956235105133, 36.342732610242244 ], [ 127.425444620566935, 36.342910721705763 ], [ 127.425223476438802, 36.342987258256265 ], [ 127.424844060973967, 36.34311842526342 ], [ 127.424108823689437, 36.343367163511587 ], [ 127.42409334913998, 36.343370877028832 ], [ 127.423256631429396, 36.343651221519259 ], [ 127.423314035157333, 36.343709594858716 ], [ 127.423404967164856, 36.34378840495782 ], [ 127.423434945418222, 36.343795057881231 ], [ 127.423623182728065, 36.343779470285511 ], [ 127.423719386781826, 36.343772092256465 ], [ 127.423751061760555, 36.343771133298596 ], [ 127.423825094230949, 36.343750595411947 ], [ 127.423941965239749, 36.343700618089322 ], [ 127.424023758451398, 36.343667102752505 ], [ 127.424048946272279, 36.34365715496866 ], [ 127.424170330334604, 36.343638422940217 ], [ 127.424201443735853, 36.34359747155689 ], [ 127.424213798634383, 36.343597716621872 ], [ 127.424274730376183, 36.343599754002319 ], [ 127.424283956588084, 36.343600280192717 ], [ 127.424290573136645, 36.343600256784931 ], [ 127.424298218216038, 36.343598823862649 ], [ 127.424383063858883, 36.343581906170748 ], [ 127.424396494654488, 36.343587490945943 ], [ 127.424421968653562, 36.343597538941971 ], [ 127.424454935485173, 36.343610939795397 ], [ 127.424517731430313, 36.343636346706099 ], [ 127.424552171397337, 36.343664665717164 ], [ 127.424614142602451, 36.343665293369419 ], [ 127.424636869444726, 36.343653389469729 ], [ 127.424657895236507, 36.343646268044715 ], [ 127.424778816416918, 36.343605854876671 ], [ 127.424951964209882, 36.343502733593624 ], [ 127.424960636417936, 36.343497629393148 ], [ 127.425080915555611, 36.343499176641807 ], [ 127.425099708801952, 36.343499389444482 ], [ 127.425157568330562, 36.343512143037913 ], [ 127.425185974598293, 36.343518521680046 ], [ 127.425231501929446, 36.343537221874087 ], [ 127.425319066880292, 36.343541137792485 ], [ 127.425337694449553, 36.34354163936068 ], [ 127.425359226898848, 36.343531424850013 ], [ 127.425388920655649, 36.343551307600606 ], [ 127.42547125600116, 36.343585088204186 ], [ 127.425474112989434, 36.343631262940363 ], [ 127.425472775608682, 36.343641415178027 ], [ 127.425474422885159, 36.343688432450264 ], [ 127.425521012202026, 36.343677002553463 ], [ 127.4256635491938, 36.343643829386416 ], [ 127.425722482656269, 36.343630670307491 ], [ 127.425845028718172, 36.343600379636293 ], [ 127.425919791839405, 36.343554496903167 ], [ 127.425933669810448, 36.343545994763467 ], [ 127.426045472444571, 36.34352504193982 ], [ 127.42617048498542, 36.34350178915021 ], [ 127.426223533882293, 36.34349427423615 ], [ 127.426387639280961, 36.343617601527598 ], [ 127.426463369099622, 36.343622685144616 ], [ 127.426490217868306, 36.343598654588 ], [ 127.426508208905545, 36.343609008164123 ], [ 127.426614621426708, 36.34359032689791 ], [ 127.426653634202466, 36.343594973369704 ], [ 127.426731678715598, 36.343574987041862 ], [ 127.426861979582341, 36.3435635381446 ], [ 127.426843635832398, 36.343582473843306 ], [ 127.426956174659352, 36.343600655440788 ], [ 127.427142624748399, 36.343641670542922 ], [ 127.427226996732387, 36.343664746258305 ], [ 127.427305267201135, 36.343688402483728 ], [ 127.427399820960531, 36.343727771070725 ], [ 127.427470877110423, 36.343766385095016 ], [ 127.427495141732336, 36.343779248495238 ], [ 127.427568302444328, 36.343823766674696 ], [ 127.427635599050575, 36.343875623309849 ], [ 127.427859190302811, 36.344055906484783 ], [ 127.429674940079494, 36.345555770969668 ], [ 127.43003215213956, 36.345850470058046 ], [ 127.431964007502842, 36.347433528851873 ], [ 127.432471180129909, 36.347615025506443 ], [ 127.435261587738282, 36.348596213536247 ], [ 127.437567944630729, 36.349412955123036 ], [ 127.437679925317696, 36.349205278043613 ], [ 127.437997235812944, 36.34860990804021 ], [ 127.437919492462896, 36.347624261043656 ], [ 127.437819449646838, 36.346353133440083 ], [ 127.437814551458615, 36.346285842634416 ], [ 127.438338750294207, 36.34627378947048 ], [ 127.438577865259305, 36.346268130457986 ], [ 127.438593102004603, 36.346221889901699 ], [ 127.438596352161738, 36.346211460466328 ], [ 127.43861699807789, 36.346136479811804 ], [ 127.438639883329955, 36.346059508657277 ], [ 127.438651035300126, 36.346000044387708 ], [ 127.438658236727505, 36.3459490485129 ], [ 127.438663093855382, 36.345913262912966 ], [ 127.438668428491923, 36.345873259043927 ], [ 127.438683112872354, 36.345758027062516 ], [ 127.438686077821899, 36.345728448859177 ], [ 127.438691515632499, 36.345674917748227 ], [ 127.438690386586444, 36.345658304403656 ], [ 127.438685057489366, 36.345577786457653 ], [ 127.43868369520645, 36.345551315246638 ], [ 127.438677982326979, 36.345525715796256 ], [ 127.438681592615595, 36.345456141523783 ], [ 127.438685817687684, 36.345402893711928 ], [ 127.43868911370248, 36.345368809008185 ], [ 127.438706585641242, 36.345224278872344 ], [ 127.438713224409085, 36.345168489893496 ], [ 127.438723173009095, 36.345078904922225 ], [ 127.438733370216397, 36.344972133382349 ], [ 127.438752611265656, 36.344833229055396 ], [ 127.438780337353805, 36.344717669909834 ], [ 127.438786314092212, 36.344698777643686 ], [ 127.438795548600822, 36.34466888827609 ], [ 127.438804674163876, 36.344589723303088 ], [ 127.438811487461521, 36.344531122476027 ], [ 127.438836023325038, 36.344404869220376 ], [ 127.438864824638387, 36.344296344285141 ], [ 127.43886370187748, 36.344280857374983 ], [ 127.438861289722055, 36.344223975043953 ], [ 127.438859850310791, 36.344183716531965 ], [ 127.438859568225894, 36.344165126580812 ], [ 127.438860514955167, 36.344085423349092 ], [ 127.438851533029563, 36.344005198722613 ], [ 127.438847137541345, 36.34396410343227 ], [ 127.438857340400205, 36.343922107672029 ], [ 127.438859375597616, 36.343913647376283 ], [ 127.438860910562454, 36.343907162415675 ], [ 127.438878931816518, 36.343831064835463 ], [ 127.438899338860423, 36.343745379212201 ], [ 127.438900355934265, 36.343740022606099 ], [ 127.438914967316919, 36.343645904793298 ], [ 127.438922552998378, 36.343599980946081 ], [ 127.438920001953406, 36.34354817313713 ], [ 127.43891878485833, 36.343517763179747 ], [ 127.438906294818679, 36.343463450063211 ], [ 127.438889236871191, 36.343369178643172 ], [ 127.438876043883425, 36.343282768941933 ], [ 127.438878681129779, 36.343194616013314 ], [ 127.438880646327732, 36.343141665211284 ], [ 127.438883782888212, 36.343110950552237 ], [ 127.438902656755076, 36.343061885423765 ], [ 127.438903559212449, 36.343006126760592 ], [ 127.438895569390226, 36.342977706292764 ], [ 127.438883159153178, 36.342937766789902 ], [ 127.438881727374252, 36.342930724505727 ], [ 127.438882060724083, 36.342926506211739 ], [ 127.438881269352507, 36.342910459255627 ], [ 127.438881099281645, 36.342880045462572 ], [ 127.438866419185885, 36.342806591083509 ], [ 127.438849714667668, 36.342713723678109 ], [ 127.438833375966453, 36.342624504374143 ], [ 127.438816619586191, 36.342522346606756 ], [ 127.438808814649036, 36.342465205126437 ], [ 127.438804822313955, 36.342436490057032 ], [ 127.438791784135844, 36.342345862691303 ], [ 127.43877948065267, 36.342261143799092 ], [ 127.438769466884665, 36.342183454701242 ], [ 127.438750243888549, 36.342138177870041 ], [ 127.438734535079035, 36.342099935703757 ], [ 127.438713897812022, 36.342050735730943 ], [ 127.438718909659741, 36.342042552760532 ], [ 127.438721018151412, 36.342015221791236 ], [ 127.438719116722112, 36.341985940787325 ], [ 127.43871768659028, 36.341979187259327 ], [ 127.438715889230309, 36.3419704703701 ], [ 127.438715869511583, 36.341970365598236 ], [ 127.438698159558101, 36.34196142342855 ], [ 127.438678175435371, 36.341951340370947 ], [ 127.438627027170313, 36.34192782674743 ], [ 127.438608492915094, 36.341920054376715 ], [ 127.438567276365674, 36.341899748606295 ], [ 127.438482179077653, 36.341860768866425 ], [ 127.438473245877262, 36.341856836390733 ], [ 127.438451694610592, 36.34184736280757 ], [ 127.438413161520629, 36.341828849508246 ], [ 127.438419019282776, 36.341820627463541 ], [ 127.438629439511416, 36.341522337358825 ], [ 127.438629586739708, 36.341522326600483 ], [ 127.438649531119282, 36.341493652881603 ], [ 127.438683195587998, 36.341446218412308 ], [ 127.438743636381417, 36.341360665741938 ], [ 127.438916673283074, 36.341116437730619 ], [ 127.439056543686789, 36.340919074595426 ], [ 127.43909210775341, 36.34086882130277 ], [ 127.439162738711104, 36.340769154750333 ], [ 127.439170849943636, 36.340757572228078 ], [ 127.439163525574102, 36.340754498535311 ], [ 127.439038090814421, 36.340699021662985 ], [ 127.439028409265333, 36.340700679210265 ], [ 127.439014894865778, 36.340691960974802 ], [ 127.438855914179598, 36.340589385498724 ], [ 127.438798618849319, 36.340562019412644 ], [ 127.438823051180378, 36.34052876811996 ], [ 127.438847405396103, 36.340495732235539 ], [ 127.438843907949988, 36.340491798023081 ], [ 127.438874143760145, 36.340452828893127 ], [ 127.438926396205218, 36.340385373408935 ], [ 127.438875211907217, 36.340362987574771 ], [ 127.438838923294611, 36.340347349930433 ], [ 127.438660958936893, 36.340269707097264 ], [ 127.43854406282685, 36.340218885639629 ], [ 127.438502715953234, 36.340201013469276 ], [ 127.438430111815691, 36.340169346461238 ] ] ] ] } },
{ "type": "Feature", "properties": { "EMD_CD": "30110117", "EMD_ENG_NM": "Hongdo-dong", "EMD_KOR_NM": "홍도동" }, "geometry": { "type": "MultiPolygon", "coordinates": [ [ [ [ 127.428113571322001, 36.351469353267134 ], [ 127.428380260939875, 36.349977510090682 ], [ 127.428460188382502, 36.350013595649287 ], [ 127.428953382889546, 36.350222651521328 ], [ 127.429206718018392, 36.349814399490292 ], [ 127.429691549535008, 36.349785898550032 ], [ 127.431018195954096, 36.34968998446422 ], [ 127.431955408908706, 36.349619628396098 ], [ 127.432150722653617, 36.34961036359779 ], [ 127.432133427941139, 36.349447585027526 ], [ 127.4319760932093, 36.347996092131304 ], [ 127.431964063079448, 36.347433653820673 ], [ 127.431964095952665, 36.347433554573833 ], [ 127.431964006686911, 36.34743352786036 ], [ 127.430032150806397, 36.34585046896278 ], [ 127.429674938713404, 36.345555769821708 ], [ 127.42785918883915, 36.344055905389951 ], [ 127.427635597684542, 36.343875622161875 ], [ 127.427568300980681, 36.34382376557987 ], [ 127.427495140496831, 36.343779247346774 ], [ 127.427470875842886, 36.343766384052273 ], [ 127.427399819529228, 36.343727769922971 ], [ 127.427305266384735, 36.343688401386579 ], [ 127.427226995399565, 36.343664745215797 ], [ 127.427142623284766, 36.343641669448061 ], [ 127.426956173391531, 36.343600654345231 ], [ 127.426843634499875, 36.343582472853591 ], [ 127.426861978184263, 36.34356353710232 ], [ 127.42673167735046, 36.343574986052268 ], [ 127.42665363273882, 36.343594972274857 ], [ 127.426614619963345, 36.343590325855878 ], [ 127.426508207572454, 36.343609007068792 ], [ 127.426490217052191, 36.343598653543665 ], [ 127.426463368250594, 36.343622684047581 ], [ 127.426387637980213, 36.343617600379361 ], [ 127.426223532548903, 36.343494273088019 ], [ 127.426170483554728, 36.343501788108043 ], [ 127.426045471111493, 36.34352504084449 ], [ 127.425933668444443, 36.343545993615464 ], [ 127.425919790473998, 36.343554495860751 ], [ 127.425845027450038, 36.343600378487928 ], [ 127.425722481290819, 36.343630669265075 ], [ 127.425663547795139, 36.343643828238498 ], [ 127.42552101093392, 36.343677001405098 ], [ 127.425474421486527, 36.343688431302361 ], [ 127.425472774210945, 36.343641414188539 ], [ 127.425474111593502, 36.343631262289662 ], [ 127.42547125470314, 36.343585087553173 ], [ 127.425388919354901, 36.343551306452369 ], [ 127.425359225664224, 36.343531423859943 ], [ 127.425337693084415, 36.343541638371065 ], [ 127.425319065481943, 36.343541136697368 ], [ 127.425231500628726, 36.34353722072585 ], [ 127.42518597333104, 36.343518520690083 ], [ 127.425157567030411, 36.343512141995276 ], [ 127.42509970737072, 36.343499388296692 ], [ 127.425080914255176, 36.343499175546363 ], [ 127.42496063508456, 36.343497628245004 ], [ 127.424951962942373, 36.343502732550846 ], [ 127.424778815084153, 36.343605853834127 ], [ 127.424657893903145, 36.343646266896549 ], [ 127.424636868014332, 36.343653388480341 ], [ 127.424614141399886, 36.343665292273599 ], [ 127.424552170064032, 36.343664664569019 ], [ 127.424517730129907, 36.343636345610626 ], [ 127.424454934184453, 36.343610938647153 ], [ 127.424421967385484, 36.343597537793613 ], [ 127.424396493190613, 36.34358748979826 ], [ 127.424383062427637, 36.343581905022944 ], [ 127.424298216785061, 36.343598822767667 ], [ 127.424290571835925, 36.343600255636666 ], [ 127.424283955222094, 36.343600279044679 ], [ 127.424274729043404, 36.343599752959797 ], [ 127.42421379723632, 36.343597715579556 ], [ 127.424201442437862, 36.343597470905827 ], [ 127.424170328903926, 36.343638421898014 ], [ 127.424048944906602, 36.343657153873401 ], [ 127.424023756988092, 36.34366710171043 ], [ 127.423941963873759, 36.343700616941291 ], [ 127.423825092767061, 36.343750594264257 ], [ 127.423751060361951, 36.343771132150692 ], [ 127.423719385318236, 36.343772091161583 ], [ 127.423623181427374, 36.343779469137253 ], [ 127.423434944185502, 36.34379505722994 ], [ 127.423404965801566, 36.343788404306999 ], [ 127.423314033791343, 36.343709593710699 ], [ 127.42325663006342, 36.343651220371228 ], [ 127.423119919854713, 36.343701267019462 ], [ 127.423222333952978, 36.343843686761595 ], [ 127.423226193116435, 36.343848737708761 ], [ 127.42288617897546, 36.343960897949195 ], [ 127.422712457587465, 36.344022339232133 ], [ 127.422305192535077, 36.344155011120748 ], [ 127.422156142611911, 36.344207911761657 ], [ 127.422108874807165, 36.344223848577322 ], [ 127.421970384783222, 36.344264320756601 ], [ 127.42183473893067, 36.34432000350359 ], [ 127.421598092771816, 36.344396587820938 ], [ 127.421579673461537, 36.344401717134325 ], [ 127.421455587511034, 36.344436226420676 ], [ 127.421044383521988, 36.344549758032855 ], [ 127.420982500620283, 36.344565745711208 ], [ 127.420911755412249, 36.344582611558806 ], [ 127.420840839483006, 36.344600883786107 ], [ 127.420706321222013, 36.344703016519034 ], [ 127.420439315426265, 36.344897704003245 ], [ 127.420217213232362, 36.345057313297914 ], [ 127.420017998003132, 36.345201630309106 ], [ 127.419766242155177, 36.345384439549193 ], [ 127.419670879543958, 36.345453766714542 ], [ 127.41958091183875, 36.345521669107491 ], [ 127.41924836391712, 36.345763894525909 ], [ 127.418915817570223, 36.346004713187476 ], [ 127.418733406196466, 36.346136298929807 ], [ 127.418537493946985, 36.346280610942785 ], [ 127.418438514460917, 36.346357276239054 ], [ 127.418870646536234, 36.346837604290187 ], [ 127.419245645832859, 36.347405156240001 ], [ 127.419406166509958, 36.347704521678509 ], [ 127.419581375484611, 36.348311061604051 ], [ 127.41964766642019, 36.348306332835669 ], [ 127.419648912850462, 36.348310266577194 ], [ 127.420133826864856, 36.348275342763351 ], [ 127.420298152039294, 36.348308551765967 ], [ 127.420397124494272, 36.348328201781044 ], [ 127.420549277730871, 36.348333021263713 ], [ 127.420833392967651, 36.348341604041707 ], [ 127.421206258539883, 36.348540795849189 ], [ 127.421258520384086, 36.348483451222179 ], [ 127.42130588259144, 36.348486664226741 ], [ 127.421330455265135, 36.348492489560059 ], [ 127.421374009587865, 36.348500221753582 ], [ 127.42136554963335, 36.348511795435307 ], [ 127.421383315002458, 36.34851540076761 ], [ 127.421507871477019, 36.348534103855172 ], [ 127.421623014020952, 36.34855060501355 ], [ 127.421650562026016, 36.348558672739621 ], [ 127.421685417740008, 36.348566714764317 ], [ 127.421733282421826, 36.348565987729998 ], [ 127.421752419567781, 36.348563658500453 ], [ 127.421788945054374, 36.348559033217832 ], [ 127.421837854386169, 36.348526752589464 ], [ 127.421914556588519, 36.348514938811277 ], [ 127.421971689918152, 36.348489387952164 ], [ 127.422050419622948, 36.348500375505175 ], [ 127.422100542581461, 36.348499072640848 ], [ 127.422148970639469, 36.34847468780751 ], [ 127.42220879954661, 36.348496727019672 ], [ 127.422248377464712, 36.348508690357718 ], [ 127.422272506401399, 36.348496214345452 ], [ 127.422317688615195, 36.348516619890887 ], [ 127.422338079393938, 36.348521612645555 ], [ 127.422372922050101, 36.348525148677624 ], [ 127.422473772924377, 36.348539725792193 ], [ 127.422516099463948, 36.348544920601569 ], [ 127.422537847899591, 36.348543438155595 ], [ 127.422557175430086, 36.348543370057108 ], [ 127.422643166454264, 36.348543625762936 ], [ 127.42269393311156, 36.348533597078941 ], [ 127.422723121945594, 36.348523635422531 ], [ 127.422790544144846, 36.348501436295578 ], [ 127.422793149299977, 36.348501138737667 ], [ 127.42281994709694, 36.348500206174577 ], [ 127.422830735475188, 36.348499041678352 ], [ 127.422864719318454, 36.348506518697285 ], [ 127.422917418621338, 36.348499574108665 ], [ 127.42293850521709, 36.348503446859183 ], [ 127.422987165842486, 36.348489189990389 ], [ 127.423095073865397, 36.348488250618601 ], [ 127.423108709418585, 36.348498620009138 ], [ 127.423155549640484, 36.348502113483889 ], [ 127.42317829659801, 36.348491615722416 ], [ 127.423361679615624, 36.348509550558838 ], [ 127.42336517093679, 36.348510385331203 ], [ 127.423406470164835, 36.348519251203754 ], [ 127.423495982385134, 36.348527946815729 ], [ 127.423542650483142, 36.348532567205915 ], [ 127.423551568431591, 36.348539862202102 ], [ 127.423610073608202, 36.348543602673367 ], [ 127.423632945143652, 36.348556192298126 ], [ 127.423702409306827, 36.348557352718778 ], [ 127.423920934862025, 36.348475475376652 ], [ 127.424054164703023, 36.348489089599155 ], [ 127.424079588218234, 36.348491531979739 ], [ 127.424098062023262, 36.348494278293742 ], [ 127.424121230302759, 36.348497864111863 ], [ 127.42415765949174, 36.348508432130942 ], [ 127.424257028698165, 36.348537368578867 ], [ 127.42440101235249, 36.348607258327945 ], [ 127.424495786384639, 36.348653675464234 ], [ 127.424652856337417, 36.348731124438459 ], [ 127.424688450351709, 36.348747895284426 ], [ 127.42482927248399, 36.348811884050043 ], [ 127.424920398949951, 36.348894360466041 ], [ 127.424977775786161, 36.348946821376607 ], [ 127.42499448774538, 36.348978023650965 ], [ 127.425021404564689, 36.348999042610764 ], [ 127.425059338422656, 36.349028196104342 ], [ 127.425121530898906, 36.349101763239489 ], [ 127.425231182647181, 36.349229223097808 ], [ 127.425607878548689, 36.350035278632333 ], [ 127.426019118211997, 36.350726590687309 ], [ 127.426073158591805, 36.350806377277848 ], [ 127.426182419660151, 36.350955528695124 ], [ 127.426276539285553, 36.3510427695836 ], [ 127.42647653234269, 36.35129720593028 ], [ 127.426503881885353, 36.351332028884336 ], [ 127.426528362366497, 36.351416984946141 ], [ 127.42657367814293, 36.351428656080621 ], [ 127.426594396053261, 36.35139732089754 ], [ 127.426661310464638, 36.351441294093242 ], [ 127.426692432274919, 36.351467100923045 ], [ 127.426851299897351, 36.351584813703418 ], [ 127.426925106235174, 36.351648470738482 ], [ 127.427008576146633, 36.351696611268572 ], [ 127.42719654797898, 36.351821267068757 ], [ 127.427295585979934, 36.351884554620661 ], [ 127.427348836962977, 36.351943787808203 ], [ 127.427339620087906, 36.351947200029933 ], [ 127.427320863267596, 36.35195402562249 ], [ 127.427342094757535, 36.351986337901359 ], [ 127.427332316060799, 36.352044101500134 ], [ 127.427247980727842, 36.352508214564025 ], [ 127.427911693332973, 36.352594477748376 ], [ 127.427912600355072, 36.352593284971569 ], [ 127.428113571322001, 36.351469353267134 ] ] ] ] } },
{ "type": "Feature", "properties": { "EMD_CD": "30110118", "EMD_ENG_NM": "Samseong-dong", "EMD_KOR_NM": "삼성동" }, "geometry": { "type": "MultiPolygon", "coordinates": [ [ [ [ 127.437512739275732, 36.338841547874274 ], [ 127.437546110463927, 36.338793367663719 ], [ 127.437565056666827, 36.338755359143228 ], [ 127.437606998845141, 36.338766290849371 ], [ 127.437648941031966, 36.338777221990689 ], [ 127.437662103827662, 36.338780688643183 ], [ 127.437727583016695, 36.338797842146107 ], [ 127.43776550955333, 36.33880770654531 ], [ 127.437814506465003, 36.338825326087331 ], [ 127.437863502715715, 36.338842945061529 ], [ 127.437926463123574, 36.338867767913847 ], [ 127.437986086713607, 36.3388934136632 ], [ 127.438073327458937, 36.338937882820417 ], [ 127.438082095898011, 36.338942347831512 ], [ 127.438143791908089, 36.338973742540666 ], [ 127.438143778398725, 36.338973636434311 ], [ 127.438117419696354, 36.338866997840022 ], [ 127.438081906596935, 36.338740685118061 ], [ 127.438011238531871, 36.338488336640381 ], [ 127.438001187111595, 36.33846556472259 ], [ 127.437998186702742, 36.338458816916727 ], [ 127.437960180359653, 36.338446564653054 ], [ 127.437898486236293, 36.338431019492305 ], [ 127.437824234835247, 36.338410734886814 ], [ 127.437807669408542, 36.338406280169863 ], [ 127.437752237700991, 36.338391280251628 ], [ 127.437678857433767, 36.33837127179067 ], [ 127.437630236335693, 36.338359058160883 ], [ 127.43763662095914, 36.338349464345789 ], [ 127.43764128361461, 36.338342688565987 ], [ 127.43785825506221, 36.338051828527682 ], [ 127.437849084447294, 36.338031306300813 ], [ 127.437793268016279, 36.338007007352473 ], [ 127.437849683647585, 36.337980892792096 ], [ 127.437867410505007, 36.337916060973022 ], [ 127.437865944933421, 36.337900854702752 ], [ 127.437878541804068, 36.337818856483466 ], [ 127.437882397567137, 36.337793212670796 ], [ 127.437865028575544, 36.337768503300772 ], [ 127.437833626788219, 36.337724118345378 ], [ 127.437829620226921, 36.337722727096875 ], [ 127.437804863714234, 36.337715491080829 ], [ 127.43775510341041, 36.337686663610235 ], [ 127.437688749703256, 36.337648327263125 ], [ 127.437652096841262, 36.337629031778278 ], [ 127.437551774433302, 36.33761531213765 ], [ 127.437507332262655, 36.337603371973437 ], [ 127.437350604267337, 36.337525650204626 ], [ 127.437299763404766, 36.337488662391706 ], [ 127.437255334832614, 36.337449118840517 ], [ 127.437185851673135, 36.337410793071314 ], [ 127.437087288166524, 36.337430861005636 ], [ 127.43698822576718, 36.337425310290406 ], [ 127.43690056375199, 36.337402821046844 ], [ 127.436888473710027, 36.337387941683438 ], [ 127.436873747509324, 36.337369683738544 ], [ 127.43682307352806, 36.337332695112927 ], [ 127.436793188570761, 36.337310553608113 ], [ 127.436677123044461, 36.337251842029623 ], [ 127.43654392455754, 36.337178827575649 ], [ 127.436471398097638, 36.337091786425304 ], [ 127.436381224790281, 36.336994112462349 ], [ 127.436291106498075, 36.336906296963491 ], [ 127.436241600269426, 36.336860850430014 ], [ 127.436189315887859, 36.336816550341581 ], [ 127.436153812196864, 36.336785417970702 ], [ 127.436113401960696, 36.336747265249699 ], [ 127.435970089088684, 36.336607546303092 ], [ 127.435793909377267, 36.336440064500351 ], [ 127.43519095487531, 36.335858179407289 ], [ 127.434879746522185, 36.335537140332335 ], [ 127.434828983906499, 36.33551592162442 ], [ 127.434664528138384, 36.335485535132619 ], [ 127.434643093072296, 36.335480548691322 ], [ 127.434422657618342, 36.335430088423152 ], [ 127.434280242262503, 36.335387240387625 ], [ 127.434036747085699, 36.335414588745166 ], [ 127.433934352387922, 36.335434397881109 ], [ 127.433880612104076, 36.335472892000247 ], [ 127.433849099450612, 36.335565087073299 ], [ 127.433841558099147, 36.335587085301952 ], [ 127.43383573870841, 36.335604282689651 ], [ 127.433813995746149, 36.335668569641115 ], [ 127.433791208330746, 36.335735401504337 ], [ 127.433782486073852, 36.33576133231422 ], [ 127.433770594496394, 36.335782219810724 ], [ 127.433740943622496, 36.335834423688382 ], [ 127.43367785548287, 36.335945045050273 ], [ 127.433646494894973, 36.336000355054736 ], [ 127.433637869205896, 36.336015597871764 ], [ 127.43358117808846, 36.336116895593648 ], [ 127.433565673514067, 36.336145113179128 ], [ 127.433505875773804, 36.336252631932538 ], [ 127.433491976532366, 36.336256899251744 ], [ 127.433453922907916, 36.336268022538654 ], [ 127.433366699332367, 36.336294246359373 ], [ 127.433353143929224, 36.33629824235534 ], [ 127.433325867378798, 36.336306505556216 ], [ 127.433094950409995, 36.336375485622476 ], [ 127.433003566057494, 36.336402571799844 ], [ 127.432978547406719, 36.336410267939115 ], [ 127.432888368639141, 36.336437907956466 ], [ 127.432864053072677, 36.336445880949256 ], [ 127.43284103397194, 36.336468781470884 ], [ 127.43282199324662, 36.336487990680389 ], [ 127.432671578621807, 36.336636947444873 ], [ 127.432647862459632, 36.336660688689278 ], [ 127.432627444976205, 36.336680759230624 ], [ 127.432609613680313, 36.336699126347575 ], [ 127.432600997092024, 36.336708051962361 ], [ 127.432570282414545, 36.336739261990019 ], [ 127.432458771098169, 36.336697849763063 ], [ 127.432410939317819, 36.336680864045235 ], [ 127.432341997508289, 36.336661403920722 ], [ 127.43202738608548, 36.336572591801378 ], [ 127.431591154171429, 36.336298981882379 ], [ 127.431440819700242, 36.336203349487668 ], [ 127.431395789093102, 36.336175188224892 ], [ 127.431356502654964, 36.33615054737853 ], [ 127.431317908511787, 36.336126192245089 ], [ 127.431288389473281, 36.336107427971534 ], [ 127.431221851330349, 36.336065141107881 ], [ 127.43111060665538, 36.335994853378715 ], [ 127.431037956173199, 36.335948929582628 ], [ 127.431006693491497, 36.335929044493568 ], [ 127.430944349407142, 36.335889842370271 ], [ 127.430894222655681, 36.335858481551412 ], [ 127.430884800710871, 36.335852604228926 ], [ 127.430832578714515, 36.335818997988312 ], [ 127.430814057747469, 36.335807241072708 ], [ 127.430789614576781, 36.335791837825809 ], [ 127.430501989608914, 36.335610383818917 ], [ 127.43028806232789, 36.335476823164875 ], [ 127.430153421026702, 36.335392821514723 ], [ 127.429944919739739, 36.335263458408257 ], [ 127.429914876376827, 36.335244416255058 ], [ 127.429784787290771, 36.33516377725136 ], [ 127.429717013475369, 36.335119249843316 ], [ 127.429626207019282, 36.335062684439883 ], [ 127.429579584302147, 36.335034410480056 ], [ 127.429508175988033, 36.334991293046194 ], [ 127.429460494140912, 36.334960769908683 ], [ 127.429370385022438, 36.334903363565346 ], [ 127.429358335283766, 36.334895521470031 ], [ 127.429318512701172, 36.334870314232731 ], [ 127.429207439554006, 36.334800312309476 ], [ 127.429084857182261, 36.334723304470522 ], [ 127.42906617013459, 36.334711538523955 ], [ 127.428945493729884, 36.334634812487472 ], [ 127.428921922493501, 36.334619973366124 ], [ 127.428794088642462, 36.334539884034868 ], [ 127.428651942974867, 36.334451689867386 ], [ 127.42863693398219, 36.334442443596728 ], [ 127.428605672510187, 36.334422557866588 ], [ 127.428534592125843, 36.334378042144692 ], [ 127.428521675298541, 36.33437048247724 ], [ 127.428467889706411, 36.334335754313521 ], [ 127.428450602785404, 36.334325398495366 ], [ 127.428443093660562, 36.334320919471921 ], [ 127.428374325201631, 36.334283703096453 ], [ 127.428297719215564, 36.334247092200556 ], [ 127.428244322148913, 36.334220247781118 ], [ 127.428194587519286, 36.334195075555087 ], [ 127.4280900506607, 36.334142783869716 ], [ 127.4280471306555, 36.334121255410373 ], [ 127.427995297821369, 36.334095252342649 ], [ 127.427849583496041, 36.334022272780317 ], [ 127.427649608572423, 36.333923289676399 ], [ 127.427498313777264, 36.333848076654867 ], [ 127.427469171118048, 36.333832689470078 ], [ 127.427376685458157, 36.3337862752796 ], [ 127.427310369184781, 36.333753276530828 ], [ 127.427217541419736, 36.333707422265633 ], [ 127.42720933701068, 36.333704072102428 ], [ 127.427177749297613, 36.333687575893151 ], [ 127.427086468868964, 36.333639463090016 ], [ 127.427028008860532, 36.333609256763651 ], [ 127.427033361258168, 36.33360219071875 ], [ 127.426898639048133, 36.333532829650935 ], [ 127.426824464347447, 36.333494514504785 ], [ 127.426772804313401, 36.333467383824605 ], [ 127.426631608057832, 36.333393250873826 ], [ 127.42651328744941, 36.333331157980091 ], [ 127.426527424785434, 36.333307172585513 ], [ 127.426529665878775, 36.333303505813902 ], [ 127.426501389294543, 36.333287547679333 ], [ 127.42647139646904, 36.333277516167264 ], [ 127.426310829538181, 36.333223457961928 ], [ 127.426264922665837, 36.333199397782074 ], [ 127.426232286921049, 36.333182616828978 ], [ 127.426229852615066, 36.333181499017385 ], [ 127.426185169295138, 36.333157163843552 ], [ 127.426183950386445, 36.333158285286345 ], [ 127.426119725898189, 36.333124728957358 ], [ 127.42604171627336, 36.33308360638889 ], [ 127.425959507877721, 36.333040525171299 ], [ 127.425930577326369, 36.333064004202569 ], [ 127.425837454722028, 36.333027161600469 ], [ 127.425477236874983, 36.332871014644475 ], [ 127.424755693258135, 36.333252910392567 ], [ 127.424723062946725, 36.333333851809606 ], [ 127.424667774274681, 36.333471755385439 ], [ 127.424425300848753, 36.33407301798114 ], [ 127.424261060406238, 36.334501654641798 ], [ 127.424079889532095, 36.334951194860487 ], [ 127.424060458962785, 36.33499547499229 ], [ 127.424048262090182, 36.335024238494348 ], [ 127.423975434949099, 36.335138547471978 ], [ 127.4238827755497, 36.33528475674386 ], [ 127.423875338056192, 36.335293515308294 ], [ 127.423720765246401, 36.335448666167792 ], [ 127.423517891827075, 36.335652425246501 ], [ 127.423087416879355, 36.336023144564614 ], [ 127.422528092520665, 36.336383889376279 ], [ 127.422487698366325, 36.336411634932759 ], [ 127.422009683630989, 36.336746471020689 ], [ 127.421692205431228, 36.336870371959179 ], [ 127.421413734413264, 36.337029893019427 ], [ 127.421175859680631, 36.337166192719579 ], [ 127.420760657704321, 36.337499388539108 ], [ 127.420442133398552, 36.337915611013976 ], [ 127.420114184844508, 36.33842592076688 ], [ 127.419807194647163, 36.338850824581357 ], [ 127.419702501491699, 36.338898502352123 ], [ 127.419176825516843, 36.339048754149054 ], [ 127.419199884699481, 36.338999109256129 ], [ 127.417941375471543, 36.339290181189895 ], [ 127.41734689614762, 36.339429120642521 ], [ 127.416915087845751, 36.339591706339398 ], [ 127.416790190433034, 36.339638045911457 ], [ 127.41641794296774, 36.339807740429791 ], [ 127.416034151205636, 36.340000002508923 ], [ 127.415927072044155, 36.340056418076358 ], [ 127.415766688510999, 36.340170746725278 ], [ 127.415729074216046, 36.340200453314232 ], [ 127.415550083462279, 36.340351731171502 ], [ 127.415437905389481, 36.340465612942289 ], [ 127.415163877824227, 36.340745644737041 ], [ 127.414991838475004, 36.340927032728537 ], [ 127.414987689752707, 36.340932399973589 ], [ 127.414948082510008, 36.340979289543959 ], [ 127.414894660396783, 36.341046773805267 ], [ 127.414733683269404, 36.341346689794456 ], [ 127.414531217907012, 36.341833452727023 ], [ 127.414233907716721, 36.342551477281397 ], [ 127.413826575636051, 36.343530651407356 ], [ 127.413651071475741, 36.343948326708492 ], [ 127.414018265237061, 36.344036338385827 ], [ 127.414092332362372, 36.344053538434487 ], [ 127.41449456369746, 36.344152683478441 ], [ 127.414605224853034, 36.344178488459448 ], [ 127.414682422462747, 36.34419568667029 ], [ 127.414828086223451, 36.344226155678179 ], [ 127.414948832379309, 36.344250529484164 ], [ 127.415223999461631, 36.344314064855226 ], [ 127.415344600935043, 36.34434265583792 ], [ 127.415540455751895, 36.344385062356068 ], [ 127.415734045422937, 36.344424655302198 ], [ 127.41634612508139, 36.344544758044826 ], [ 127.416480446299843, 36.34456822677857 ], [ 127.41656146605014, 36.344583436443791 ], [ 127.416698062134714, 36.34460942881735 ], [ 127.416742665438051, 36.344618006662643 ], [ 127.416769658531138, 36.344622706924788 ], [ 127.416791086685421, 36.344626002493101 ], [ 127.416984619310995, 36.344654627117883 ], [ 127.417487155746315, 36.344697090265463 ], [ 127.417798499433445, 36.344721347061125 ], [ 127.418418515054796, 36.344728476169493 ], [ 127.418452457854812, 36.344728646513907 ], [ 127.418530256316245, 36.34472668096025 ], [ 127.418766375737292, 36.344713465692472 ], [ 127.419085655428077, 36.34469489473063 ], [ 127.419318453814043, 36.344677184135733 ], [ 127.419492420170172, 36.344660805338236 ], [ 127.419944985204722, 36.344600925029901 ], [ 127.420314145820811, 36.344534297156606 ], [ 127.420477591077201, 36.344502462767721 ], [ 127.420656508302088, 36.344470573339883 ], [ 127.420718749202479, 36.344456837494931 ], [ 127.420929784517753, 36.344406821520991 ], [ 127.421088171075127, 36.344372751131644 ], [ 127.421238324748671, 36.344332238902524 ], [ 127.421423030479303, 36.344272725868827 ], [ 127.421500378400737, 36.344253304231152 ], [ 127.42201824394354, 36.344070122972667 ], [ 127.423119921253317, 36.343701268167408 ], [ 127.423256631429396, 36.343651221519259 ], [ 127.42409334913998, 36.343370877028832 ], [ 127.424108823689437, 36.343367163511587 ], [ 127.424844060973967, 36.34311842526342 ], [ 127.425223476438802, 36.342987258256265 ], [ 127.425444620566935, 36.342910721705763 ], [ 127.425956235105133, 36.342732610242244 ], [ 127.42633109222335, 36.342595544193934 ], [ 127.426660979438822, 36.342448210603706 ], [ 127.426777636403926, 36.342392319552573 ], [ 127.42693145274572, 36.342319958034793 ], [ 127.427000870140816, 36.342282817119234 ], [ 127.427147491015404, 36.342200351598137 ], [ 127.427187412158958, 36.342179644902423 ], [ 127.427430446437924, 36.342032627324713 ], [ 127.427729249327058, 36.341833863796737 ], [ 127.428029473798631, 36.341608068193224 ], [ 127.428275870202398, 36.341408363860317 ], [ 127.42846324839131, 36.341234499059496 ], [ 127.428697704592707, 36.341014848432408 ], [ 127.42874717107577, 36.341022836240256 ], [ 127.428779749790138, 36.341028352070566 ], [ 127.429412873421668, 36.340445680158766 ], [ 127.429668990526295, 36.34020792668116 ], [ 127.429927536624561, 36.339874973605362 ], [ 127.430074992224462, 36.339724625625614 ], [ 127.430075854890276, 36.339723496071237 ], [ 127.430193555021788, 36.339605074962591 ], [ 127.430253614560101, 36.339544030626485 ], [ 127.430493556846756, 36.339246072131786 ], [ 127.430592282612707, 36.33909645724205 ], [ 127.430720434615395, 36.338883663577356 ], [ 127.430821174875504, 36.33868926223316 ], [ 127.430839600371087, 36.338653149291176 ], [ 127.430928458172488, 36.338479633915824 ], [ 127.430931899483824, 36.338473430965323 ], [ 127.431278231340045, 36.338566808759111 ], [ 127.431299773841047, 36.338591234015404 ], [ 127.431286265296848, 36.338699134082482 ], [ 127.431362509952223, 36.338764203957453 ], [ 127.431378971157528, 36.338782158773576 ], [ 127.431428870690027, 36.338836617584207 ], [ 127.431482335352513, 36.338907392279744 ], [ 127.431507613471155, 36.338946727463572 ], [ 127.431566048095348, 36.339064516179974 ], [ 127.431578211707631, 36.339092913345695 ], [ 127.431589759761323, 36.339137083177384 ], [ 127.431592277131116, 36.339151159279162 ], [ 127.431596046704911, 36.339172269054757 ], [ 127.43159766662113, 36.339181265561429 ], [ 127.431602977145104, 36.339229405401596 ], [ 127.431603943997374, 36.339237214544077 ], [ 127.431580834824587, 36.339276345416685 ], [ 127.431557480343059, 36.339315378162027 ], [ 127.431550488056018, 36.339326010095903 ], [ 127.431417012738848, 36.339528613578587 ], [ 127.431397603741814, 36.339558079182922 ], [ 127.431383688627932, 36.339575792339502 ], [ 127.431356730923326, 36.339620055586487 ], [ 127.431343354120983, 36.339640470197921 ], [ 127.431320433933067, 36.339675436613959 ], [ 127.431262250021661, 36.339763554898695 ], [ 127.431234688221835, 36.339805297303393 ], [ 127.431167988413193, 36.339906567119186 ], [ 127.431109252083658, 36.33999146083918 ], [ 127.431094709139288, 36.340012483546424 ], [ 127.431065324378892, 36.3400549530025 ], [ 127.431026446616968, 36.340111145157252 ], [ 127.43096992037195, 36.340192850042293 ], [ 127.430958703300675, 36.340209057371965 ], [ 127.430935175819428, 36.340243061692135 ], [ 127.430910376853305, 36.340278900524645 ], [ 127.430878405841014, 36.340325110076925 ], [ 127.43083780105421, 36.34038330003068 ], [ 127.430830112315988, 36.340394907975515 ], [ 127.4308088241024, 36.340427039075308 ], [ 127.431046653546531, 36.340590070775974 ], [ 127.431189128132957, 36.340690931261236 ], [ 127.431265552317242, 36.340747871638023 ], [ 127.431265743388835, 36.34075418804062 ], [ 127.431247775100744, 36.340784351372584 ], [ 127.431179474137664, 36.340898378823724 ], [ 127.43112602524026, 36.341053734317242 ], [ 127.431303956930606, 36.341284586571867 ], [ 127.431279744877955, 36.341313682202625 ], [ 127.431424764894032, 36.341447768219133 ], [ 127.431657802339032, 36.341445523786412 ], [ 127.432489024065887, 36.341376347285284 ], [ 127.432733754543477, 36.341319141441417 ], [ 127.433031819600558, 36.341272160084579 ], [ 127.433236410888156, 36.341226083331208 ], [ 127.433434219050099, 36.341210445174525 ], [ 127.433663303376207, 36.341091618069676 ], [ 127.433900334053362, 36.34093136160444 ], [ 127.434044506323744, 36.340816788519518 ], [ 127.434109938780438, 36.340783036733576 ], [ 127.434149274741529, 36.340751642209945 ], [ 127.434167952096828, 36.340731018890104 ], [ 127.434193902131895, 36.340702195797782 ], [ 127.434204796582947, 36.340690332918861 ], [ 127.434279188514083, 36.340639084613386 ], [ 127.43441836152823, 36.340470737940407 ], [ 127.434417421484056, 36.340427656431878 ], [ 127.434406860099855, 36.340280407776966 ], [ 127.434407643211316, 36.340264913357885 ], [ 127.434409553262412, 36.340231680803619 ], [ 127.434456597456588, 36.340083664637959 ], [ 127.434528955834068, 36.33985641627492 ], [ 127.434535120691393, 36.339837244107308 ], [ 127.434930882548855, 36.33942747188464 ], [ 127.435005435392625, 36.339281041010686 ], [ 127.435108974499016, 36.3391854745215 ], [ 127.435209142487651, 36.339138926166818 ], [ 127.435367062136734, 36.339055842478466 ], [ 127.435539643583127, 36.338949328524208 ], [ 127.435552285273729, 36.33893914446567 ], [ 127.435668497751706, 36.338929710657766 ], [ 127.435729249439859, 36.338869787523997 ], [ 127.435845632955974, 36.338640413661153 ], [ 127.435810359510782, 36.338494381362537 ], [ 127.43588982455465, 36.338418619687339 ], [ 127.436012392416416, 36.338302148669221 ], [ 127.436016972322392, 36.33828044984724 ], [ 127.436042591364455, 36.338286547285492 ], [ 127.436114515014509, 36.338232783815869 ], [ 127.436189626733949, 36.338249686974486 ], [ 127.436336530756563, 36.338285478183522 ], [ 127.436620528076858, 36.338371182037051 ], [ 127.436638092325722, 36.338400974249609 ], [ 127.43670161040572, 36.338462139481592 ], [ 127.436833332566891, 36.338551767260107 ], [ 127.436950713147795, 36.338628227733423 ], [ 127.437153155029094, 36.338695924646522 ], [ 127.437209300412846, 36.338715149217471 ], [ 127.437359794532583, 36.338767264703456 ], [ 127.437458392449741, 36.338815054673375 ], [ 127.437500347694623, 36.338836573572451 ], [ 127.437506392155797, 36.338839661705528 ], [ 127.437512739275732, 36.338841547874274 ] ] ] ] } },
{ "type": "Feature", "properties": { "EMD_CD": "30110119", "EMD_ENG_NM": "Jeong-dong", "EMD_KOR_NM": "정동" }, "geometry": { "type": "MultiPolygon", "coordinates": [ [ [ [ 127.435232424194027, 36.332728438076856 ], [ 127.436196701666915, 36.330846834281843 ], [ 127.436211655762307, 36.330814121501028 ], [ 127.436289652742005, 36.330664018318558 ], [ 127.436402443306847, 36.330447885936735 ], [ 127.436482859817005, 36.330294394430474 ], [ 127.436523149930409, 36.330217368995356 ], [ 127.436593882054424, 36.330074897917953 ], [ 127.436634490540342, 36.329993077060358 ], [ 127.436662898431962, 36.329936371155256 ], [ 127.436809482112153, 36.329604936801388 ], [ 127.43684562509462, 36.329531305741881 ], [ 127.436953011059401, 36.329315192494249 ], [ 127.43702580230358, 36.329168775529951 ], [ 127.437037862359816, 36.329146481697506 ], [ 127.437163284750724, 36.328887496949392 ], [ 127.437184445272209, 36.328845461341494 ], [ 127.437217473579523, 36.328776626728633 ], [ 127.437278041543479, 36.328653342135766 ], [ 127.437438776178581, 36.32833001996233 ], [ 127.437364168950353, 36.328306077606413 ], [ 127.437261139483041, 36.32827406521367 ], [ 127.437228895898585, 36.328263765233842 ], [ 127.437098852454923, 36.328222560111605 ], [ 127.436970536915837, 36.328181627914688 ], [ 127.436916852301692, 36.328164926550812 ], [ 127.436808943860356, 36.328130678614187 ], [ 127.436737638181967, 36.328107561929393 ], [ 127.436719511070962, 36.328102283995825 ], [ 127.436571159672667, 36.328055224269818 ], [ 127.436551288974371, 36.32804882619444 ], [ 127.436528451118861, 36.32804158280333 ], [ 127.43633151999029, 36.327768010208594 ], [ 127.436289078960186, 36.327804490770966 ], [ 127.436074288607813, 36.328012820409953 ], [ 127.436043824906889, 36.328042219197535 ], [ 127.435997774484306, 36.328086598016995 ], [ 127.436021482794814, 36.328124252839508 ], [ 127.435915229742776, 36.328167444643739 ], [ 127.435894905732113, 36.328175683110857 ], [ 127.435859312519725, 36.328189897751855 ], [ 127.435764691258598, 36.328229947126459 ], [ 127.435713314643834, 36.328251815932042 ], [ 127.435657750344134, 36.328275673489337 ], [ 127.435591602439629, 36.32830294884657 ], [ 127.435488308219902, 36.328345570800181 ], [ 127.43534400944904, 36.328402697146473 ], [ 127.435300946069887, 36.328419471023693 ], [ 127.4351500568673, 36.32847915334289 ], [ 127.435014138599755, 36.328539348911207 ], [ 127.435012393248087, 36.328539922978699 ], [ 127.434939482769195, 36.32857088125327 ], [ 127.434860833411022, 36.32860327512789 ], [ 127.434775929459363, 36.328638503274448 ], [ 127.434713769719934, 36.32866406948925 ], [ 127.434662558030993, 36.328685657882851 ], [ 127.43455943603189, 36.328729395860996 ], [ 127.434505914071664, 36.32880647760441 ], [ 127.434489519251173, 36.328830472075914 ], [ 127.434442382874835, 36.3288982305818 ], [ 127.434408716466038, 36.328946790417312 ], [ 127.434373845405474, 36.32899703979399 ], [ 127.434353992689481, 36.329026120357234 ], [ 127.434305513921444, 36.329008272507508 ], [ 127.434288289284808, 36.329039317106094 ], [ 127.434273464442697, 36.329065279425222 ], [ 127.434234683583526, 36.329133566319378 ], [ 127.434183509263832, 36.329224436329739 ], [ 127.434176440487548, 36.329237132370181 ], [ 127.434167306224921, 36.329252935912166 ], [ 127.434117670659248, 36.329340132560645 ], [ 127.434094055116077, 36.329381617787604 ], [ 127.434063553839096, 36.329434671918087 ], [ 127.434051486662554, 36.329455839015282 ], [ 127.434035980480871, 36.329483488957365 ], [ 127.434032880554142, 36.32948885312549 ], [ 127.434011679035649, 36.329525823749293 ], [ 127.433970819541301, 36.329596938737943 ], [ 127.43396048524842, 36.329615278893257 ], [ 127.433906742878378, 36.329715169771696 ], [ 127.433903808396721, 36.32972024496339 ], [ 127.433878119300999, 36.32976342283515 ], [ 127.433867438171163, 36.329781484874012 ], [ 127.433859680387016, 36.32979447176168 ], [ 127.433851747493478, 36.329808018007647 ], [ 127.433841231864761, 36.329825800082695 ], [ 127.433822428483623, 36.329857409047001 ], [ 127.43381070974921, 36.32987716002156 ], [ 127.433779670371734, 36.329929648285528 ], [ 127.433773290710789, 36.329940097895424 ], [ 127.433755193829057, 36.329970577831077 ], [ 127.433749668534688, 36.329980447601073 ], [ 127.433738295064572, 36.330000206331306 ], [ 127.433789394400137, 36.330020577216388 ], [ 127.433706321676397, 36.33016591193806 ], [ 127.433703563816621, 36.330170707123159 ], [ 127.433692016741787, 36.33019130456433 ], [ 127.433660821053223, 36.330245775934451 ], [ 127.433658760151289, 36.330249721498738 ], [ 127.433650828770027, 36.330263556099489 ], [ 127.433615495397632, 36.330325071543101 ], [ 127.433572407213788, 36.330400141570145 ], [ 127.433556722483431, 36.330427792092223 ], [ 127.433514660594142, 36.330501164188156 ], [ 127.433458645307169, 36.330599089507153 ], [ 127.433452787406964, 36.330609248839046 ], [ 127.433408684641904, 36.330690234145685 ], [ 127.433396822440173, 36.330686050523376 ], [ 127.433243209276469, 36.330630561747206 ], [ 127.432848704704199, 36.331421636228932 ], [ 127.432552535372395, 36.332024235544942 ], [ 127.432436496251967, 36.331968330872229 ], [ 127.432263738786446, 36.331883063135557 ], [ 127.432187483349281, 36.331845317587479 ], [ 127.432146651903452, 36.331824909030608 ], [ 127.432165552168215, 36.331780341166265 ], [ 127.43217053233144, 36.331768499873888 ], [ 127.432197670650311, 36.331705040836134 ], [ 127.432224298144504, 36.331641862995177 ], [ 127.43217686201433, 36.331623442799057 ], [ 127.431996898925476, 36.331554250467057 ], [ 127.431944050478933, 36.331533885121708 ], [ 127.431883923973203, 36.331581413060242 ], [ 127.431835930576327, 36.331619606223292 ], [ 127.431761080057314, 36.331679289822816 ], [ 127.431693027596268, 36.331741769568808 ], [ 127.431561373300909, 36.331851798569424 ], [ 127.431494503849976, 36.331906668071831 ], [ 127.431484939938514, 36.331907270215744 ], [ 127.431347313529486, 36.332008867491567 ], [ 127.43119531480535, 36.332119807339737 ], [ 127.43110950995603, 36.332182629934856 ], [ 127.431057162602613, 36.332221117796088 ], [ 127.431006201196638, 36.332258474191654 ], [ 127.430982283116208, 36.33227573643557 ], [ 127.430879505642963, 36.332351019948057 ], [ 127.430797178604109, 36.332412423999244 ], [ 127.430776379235425, 36.332427701438192 ], [ 127.430669622758927, 36.33250863137139 ], [ 127.430664077193626, 36.332512877769965 ], [ 127.430605064306548, 36.332542377668908 ], [ 127.430552072847831, 36.332556923541055 ], [ 127.430427712839318, 36.33263481642507 ], [ 127.430385550629211, 36.332656091144337 ], [ 127.430344735468154, 36.332671160967827 ], [ 127.430201053316523, 36.332747428743623 ], [ 127.430138385436024, 36.332776662159247 ], [ 127.430019312599043, 36.332831727051115 ], [ 127.429784619347984, 36.332939861534484 ], [ 127.429743820888021, 36.33295803111676 ], [ 127.429553624810808, 36.33305643528206 ], [ 127.429523254794859, 36.333071188053566 ], [ 127.429515791886999, 36.333075152890792 ], [ 127.429441507093983, 36.333112592139209 ], [ 127.429342224651791, 36.333159420898234 ], [ 127.429312362253228, 36.33317332469953 ], [ 127.429132524412267, 36.333255632274039 ], [ 127.429041444279079, 36.333307496009283 ], [ 127.428968572802148, 36.333348877031106 ], [ 127.428926647611505, 36.333383100195817 ], [ 127.428914038040119, 36.333401168682521 ], [ 127.428904208599221, 36.333416406565149 ], [ 127.428865260056355, 36.333485827761606 ], [ 127.428845601938932, 36.333520530000527 ], [ 127.428804400027587, 36.333591365057835 ], [ 127.428787330023084, 36.333620714097833 ], [ 127.428757095144235, 36.333692915754511 ], [ 127.42872347715317, 36.333783999987332 ], [ 127.428719193439363, 36.333795000556897 ], [ 127.428714564045109, 36.333807966911607 ], [ 127.428704622440478, 36.333835316897328 ], [ 127.428676309528882, 36.333973972918209 ], [ 127.428621113481327, 36.334094989986937 ], [ 127.428568200778159, 36.334189522508112 ], [ 127.428535438670011, 36.334245674292248 ], [ 127.428499006464293, 36.334298748167576 ], [ 127.428485870492494, 36.334314286201369 ], [ 127.428467888438703, 36.334335753217985 ], [ 127.42852167390032, 36.334370481382187 ], [ 127.428534590662665, 36.334378041102667 ], [ 127.428605671212296, 36.334422557215603 ], [ 127.428636932714213, 36.334442442448399 ], [ 127.428651941511944, 36.334451688878154 ], [ 127.428794087243944, 36.334539882887007 ], [ 127.428921921226078, 36.334619972323367 ], [ 127.428945492364278, 36.334634811392291 ], [ 127.429066168804056, 36.334711537873083 ], [ 127.429084855881896, 36.334723303375121 ], [ 127.429207438737961, 36.334800311265148 ], [ 127.429318511335268, 36.334870313084771 ], [ 127.429358334048942, 36.334895520427168 ], [ 127.429370383755, 36.334903362522624 ], [ 127.429460492742663, 36.334960768813652 ], [ 127.429508174687385, 36.334991291898007 ], [ 127.429579582838912, 36.335034409438045 ], [ 127.429626205588391, 36.335062683344951 ], [ 127.42971701204506, 36.335119248853985 ], [ 127.429784785990122, 36.335163776103137 ], [ 127.429914874913038, 36.335244415107432 ], [ 127.429944918406477, 36.335263457260183 ], [ 127.430153419628695, 36.335392820472478 ], [ 127.430288060962539, 36.335476822122509 ], [ 127.430501988341163, 36.335610382723416 ], [ 127.430789613211118, 36.335791836730664 ], [ 127.430814056931425, 36.335807240028387 ], [ 127.430832577413824, 36.335818996840132 ], [ 127.430884799442822, 36.335852603080603 ], [ 127.430894221194563, 36.33585848090101 ], [ 127.430944348109165, 36.335889841719279 ], [ 127.431006692160935, 36.335929043842718 ], [ 127.431037954872508, 36.335948928434448 ], [ 127.431110605354718, 36.335994852230534 ], [ 127.431221849997314, 36.336065140012607 ], [ 127.431288388107916, 36.336107426929196 ], [ 127.431317907244605, 36.33612619125519 ], [ 127.431356501354244, 36.336150546230336 ], [ 127.431395787629256, 36.336175187077295 ], [ 127.431440818331609, 36.33620334884138 ], [ 127.431591153343774, 36.336298980710495 ], [ 127.432027384934003, 36.336572591083872 ], [ 127.432341996062206, 36.336661403041461 ], [ 127.432410937952724, 36.336680863060131 ], [ 127.432458770293664, 36.336697848850704 ], [ 127.432570281299348, 36.336739260946793 ], [ 127.432600995862018, 36.336708050818338 ], [ 127.432609612281681, 36.336699125199772 ], [ 127.432627443741055, 36.336680758135024 ], [ 127.432647861028386, 36.336660687541553 ], [ 127.432671577288474, 36.336636946296814 ], [ 127.432821991883372, 36.33648799002966 ], [ 127.432841032672101, 36.336468780481127 ], [ 127.432864051739344, 36.33644587980119 ], [ 127.432888367175252, 36.336437906808889 ], [ 127.432978546106284, 36.33641026684375 ], [ 127.433003564756774, 36.336402570651678 ], [ 127.433094949596054, 36.336375484969771 ], [ 127.433325865980464, 36.336306504461184 ], [ 127.433353142498561, 36.336298241313244 ], [ 127.433366697966378, 36.336294245211469 ], [ 127.433453921607196, 36.336268021390481 ], [ 127.433491975267017, 36.336256898600674 ], [ 127.433505874506281, 36.336252630889859 ], [ 127.433565672281333, 36.336145112527952 ], [ 127.433581176790497, 36.336116894942712 ], [ 127.433637867742604, 36.336015596829789 ], [ 127.433646493626867, 36.336000353906478 ], [ 127.433677854018981, 36.335945043902719 ], [ 127.433740942223892, 36.335834422540565 ], [ 127.433770593228573, 36.335782218715231 ], [ 127.433782484775847, 36.335761331663264 ], [ 127.433791207482273, 36.335735400512959 ], [ 127.43381399444543, 36.335668568492963 ], [ 127.433835737309806, 36.335604281541848 ], [ 127.433841556635556, 36.335587084207191 ], [ 127.433849098120007, 36.33556508642247 ], [ 127.433880610771297, 36.335472890957817 ], [ 127.433890768625773, 36.33542046924525 ], [ 127.433895166105486, 36.335397924106566 ], [ 127.433913048886083, 36.335358721630698 ], [ 127.433925265385042, 36.335334174640835 ], [ 127.433964855973912, 36.335254611351196 ], [ 127.434026988606519, 36.335130475747711 ], [ 127.434108900887779, 36.334961777791889 ], [ 127.434113207498768, 36.334953029873652 ], [ 127.434147340691226, 36.334895736142066 ], [ 127.434224203282255, 36.334758597305793 ], [ 127.43431820260966, 36.334574355324314 ], [ 127.43438550949891, 36.334441477466932 ], [ 127.434454011643084, 36.334303233282128 ], [ 127.434634724822985, 36.333939010756623 ], [ 127.434716317391889, 36.333775387100985 ], [ 127.434901723534054, 36.333410300037407 ], [ 127.434939084037225, 36.333336665175445 ], [ 127.435030727052407, 36.333135822591728 ], [ 127.435177870316835, 36.332838740929155 ], [ 127.435232424194027, 36.332728438076856 ] ] ] ] } },
{ "type": "Feature", "properties": { "EMD_CD": "30110120", "EMD_ENG_NM": "Jung-dong", "EMD_KOR_NM": "중동" }, "geometry": { "type": "MultiPolygon", "coordinates": [ [ [ [ 127.429342224651791, 36.333159420898234 ], [ 127.429441507093983, 36.333112592139209 ], [ 127.429515791886999, 36.333075152890792 ], [ 127.429523254794859, 36.333071188053566 ], [ 127.429553624810808, 36.33305643528206 ], [ 127.429743820888021, 36.33295803111676 ], [ 127.429784619347984, 36.332939861534484 ], [ 127.430019312599043, 36.332831727051115 ], [ 127.430138385436024, 36.332776662159247 ], [ 127.430201053316523, 36.332747428743623 ], [ 127.430344735468154, 36.332671160967827 ], [ 127.430385550629211, 36.332656091144337 ], [ 127.430427712839318, 36.33263481642507 ], [ 127.430552072847831, 36.332556923541055 ], [ 127.430605064306548, 36.332542377668908 ], [ 127.430664077193626, 36.332512877769965 ], [ 127.430669622758927, 36.33250863137139 ], [ 127.430776379235425, 36.332427701438192 ], [ 127.430797178604109, 36.332412423999244 ], [ 127.430879505642963, 36.332351019948057 ], [ 127.430982283116208, 36.33227573643557 ], [ 127.431006201196638, 36.332258474191654 ], [ 127.431057162602613, 36.332221117796088 ], [ 127.43110950995603, 36.332182629934856 ], [ 127.43119531480535, 36.332119807339737 ], [ 127.431347313529486, 36.332008867491567 ], [ 127.431484939938514, 36.331907270215744 ], [ 127.431494503849976, 36.331906668071831 ], [ 127.431561373300909, 36.331851798569424 ], [ 127.431693027596268, 36.331741769568808 ], [ 127.431761080057314, 36.331679289822816 ], [ 127.431835930576327, 36.331619606223292 ], [ 127.431883923973203, 36.331581413060242 ], [ 127.431944050478933, 36.331533885121708 ], [ 127.431996898925476, 36.331554250467057 ], [ 127.43217686201433, 36.331623442799057 ], [ 127.432224298144504, 36.331641862995177 ], [ 127.432197670650311, 36.331705040836134 ], [ 127.43217053233144, 36.331768499873888 ], [ 127.432165552168215, 36.331780341166265 ], [ 127.432146651903452, 36.331824909030608 ], [ 127.432187483349281, 36.331845317587479 ], [ 127.432263738786446, 36.331883063135557 ], [ 127.432436496251967, 36.331968330872229 ], [ 127.432552535372395, 36.332024235544942 ], [ 127.432848704704199, 36.331421636228932 ], [ 127.433243209276469, 36.330630561747206 ], [ 127.433396822440173, 36.330686050523376 ], [ 127.433408684641904, 36.330690234145685 ], [ 127.433452787406964, 36.330609248839046 ], [ 127.433458645307169, 36.330599089507153 ], [ 127.433514660594142, 36.330501164188156 ], [ 127.433556722483431, 36.330427792092223 ], [ 127.433572407213788, 36.330400141570145 ], [ 127.433615495397632, 36.330325071543101 ], [ 127.433650828770027, 36.330263556099489 ], [ 127.433658760151289, 36.330249721498738 ], [ 127.433660821053223, 36.330245775934451 ], [ 127.433692016741787, 36.33019130456433 ], [ 127.433703563816621, 36.330170707123159 ], [ 127.433706321676397, 36.33016591193806 ], [ 127.433789394400137, 36.330020577216388 ], [ 127.433738295064572, 36.330000206331306 ], [ 127.433749668534688, 36.329980447601073 ], [ 127.433755193829057, 36.329970577831077 ], [ 127.432822933092638, 36.329619389330801 ], [ 127.432371144820095, 36.32945487008719 ], [ 127.430585424656499, 36.328800339720168 ], [ 127.430220776752861, 36.328661119713296 ], [ 127.430107928481675, 36.328804305853822 ], [ 127.42958682642363, 36.3294550159371 ], [ 127.429580091722087, 36.32946377239719 ], [ 127.429449438215087, 36.329630389015747 ], [ 127.429342075636086, 36.32975891076169 ], [ 127.429305418579531, 36.329802974017753 ], [ 127.429105009270998, 36.330036589579521 ], [ 127.429087025256976, 36.330057488971001 ], [ 127.428400355879305, 36.330570789811645 ], [ 127.428066874728842, 36.330817269922953 ], [ 127.427906703084972, 36.330931055448637 ], [ 127.427754573794843, 36.331020588626728 ], [ 127.427732539913436, 36.331034184754898 ], [ 127.42772735068425, 36.3310384297477 ], [ 127.427625630399532, 36.331117924188199 ], [ 127.427522863000931, 36.331197422274009 ], [ 127.427243260280491, 36.331398928885001 ], [ 127.426814203421856, 36.331736142256617 ], [ 127.426705324278785, 36.331810308434832 ], [ 127.42650199419549, 36.331990427523543 ], [ 127.426277334273848, 36.332152030935788 ], [ 127.426069785963548, 36.332324828752931 ], [ 127.425907008262385, 36.33243974730793 ], [ 127.42574222427838, 36.332572966510639 ], [ 127.425616288808513, 36.332679589290763 ], [ 127.425502883748891, 36.332788411399029 ], [ 127.425476507293851, 36.332800328315898 ], [ 127.425476661447547, 36.332828777701621 ], [ 127.425477235574391, 36.332871013496231 ], [ 127.425837453519662, 36.333027160504685 ], [ 127.425930575928206, 36.333064003107467 ], [ 127.425959507061165, 36.333040524021314 ], [ 127.426041714940766, 36.333083605346367 ], [ 127.426119724467981, 36.333124727967977 ], [ 127.426183948958069, 36.333158284635793 ], [ 127.426185168028084, 36.33315716285361 ], [ 127.426229851347131, 36.33318149786902 ], [ 127.426232285457331, 36.333182615681309 ], [ 127.426264921234733, 36.333199396634285 ], [ 127.426310828270786, 36.333223456919171 ], [ 127.42647139503795, 36.333277515019496 ], [ 127.42650138799398, 36.333287546531103 ], [ 127.426529664513779, 36.3333035048243 ], [ 127.426527423452811, 36.333307171543012 ], [ 127.426513286181773, 36.333331156884533 ], [ 127.426631606596814, 36.333393250223381 ], [ 127.426772802948122, 36.333467382782217 ], [ 127.426824462981912, 36.33349451340959 ], [ 127.426898637780184, 36.33353282850257 ], [ 127.427033359859692, 36.333602189570854 ], [ 127.427028007560807, 36.333609255773808 ], [ 127.427086467471355, 36.333639462100528 ], [ 127.427177747932618, 36.33368757490355 ], [ 127.427209335612176, 36.333704070954553 ], [ 127.427217540184444, 36.333707421117161 ], [ 127.427310367818919, 36.333753275382826 ], [ 127.427376684223404, 36.333786274236751 ], [ 127.427469169817456, 36.333832688321841 ], [ 127.427498312379029, 36.333848075559771 ], [ 127.427649607206561, 36.333923288528418 ], [ 127.427849582065477, 36.334022271738171 ], [ 127.427995296423163, 36.334095251247597 ], [ 127.428047129354908, 36.334121254262136 ], [ 127.428090049846816, 36.334142783216969 ], [ 127.428194586186066, 36.334195074406985 ], [ 127.428244320783634, 36.334220246738745 ], [ 127.428297717784986, 36.334247091158403 ], [ 127.428374323936382, 36.33428370244534 ], [ 127.428443092327896, 36.334320918429398 ], [ 127.428450601485366, 36.334325397452758 ], [ 127.428467888438703, 36.334335753217985 ], [ 127.428485870492494, 36.334314286201369 ], [ 127.428499006464293, 36.334298748167576 ], [ 127.428535438670011, 36.334245674292248 ], [ 127.428568200778159, 36.334189522508112 ], [ 127.428621113481327, 36.334094989986937 ], [ 127.428676309528882, 36.333973972918209 ], [ 127.428704622440478, 36.333835316897328 ], [ 127.428714564045109, 36.333807966911607 ], [ 127.428719193439363, 36.333795000556897 ], [ 127.42872347715317, 36.333783999987332 ], [ 127.428757095144235, 36.333692915754511 ], [ 127.428787330023084, 36.333620714097833 ], [ 127.428804400027587, 36.333591365057835 ], [ 127.428845601938932, 36.333520530000527 ], [ 127.428865260056355, 36.333485827761606 ], [ 127.428904208599221, 36.333416406565149 ], [ 127.428914038040119, 36.333401168682521 ], [ 127.428926647611505, 36.333383100195817 ], [ 127.428968572802148, 36.333348877031106 ], [ 127.429041444279079, 36.333307496009283 ], [ 127.429132524412267, 36.333255632274039 ], [ 127.429312362253228, 36.33317332469953 ], [ 127.429342224651791, 36.333159420898234 ] ] ] ] } },
{ "type": "Feature", "properties": { "EMD_CD": "30110121", "EMD_ENG_NM": "Chu-dong", "EMD_KOR_NM": "추동" }, "geometry": { "type": "MultiPolygon", "coordinates": [ [ [ [ 127.474216141116543, 36.384159304057846 ], [ 127.474419427906028, 36.38385210491213 ], [ 127.475391556656746, 36.382802347563789 ], [ 127.476158855964059, 36.382695667736172 ], [ 127.476750287220838, 36.382246394715168 ], [ 127.476908177725676, 36.382094822073689 ], [ 127.477118834108694, 36.381973732675711 ], [ 127.47730139219621, 36.381868813505477 ], [ 127.477458325410012, 36.381474489309234 ], [ 127.477523380324968, 36.381319626979995 ], [ 127.477571230897965, 36.381200032511089 ], [ 127.477624235897935, 36.381068585238069 ], [ 127.477680702367408, 36.380934600891528 ], [ 127.477695788266431, 36.380922996888032 ], [ 127.477815563893259, 36.380832394292781 ], [ 127.47793828055184, 36.380739824328678 ], [ 127.478071931038286, 36.380640163542573 ], [ 127.478191175194681, 36.380548445250312 ], [ 127.478367894507869, 36.380572242500897 ], [ 127.478525023727727, 36.380581753216603 ], [ 127.478675709039265, 36.38059269527615 ], [ 127.478729717705491, 36.38059670597297 ], [ 127.478860916861791, 36.380608563721701 ], [ 127.478937975644257, 36.380766247257256 ], [ 127.479015246319747, 36.380816349334985 ], [ 127.479065518525886, 36.380892747025072 ], [ 127.479137128345101, 36.380984829690597 ], [ 127.479190742647162, 36.381009955947455 ], [ 127.479212748645836, 36.381049293724608 ], [ 127.479243080181831, 36.381083245308126 ], [ 127.479309535216458, 36.381157893000776 ], [ 127.479420266266956, 36.381183079056925 ], [ 127.479613660023631, 36.381228769027977 ], [ 127.47965251528673, 36.381204110954975 ], [ 127.479656825438894, 36.381225496265998 ], [ 127.479682620491033, 36.38123017817631 ], [ 127.479829949862065, 36.381231561882387 ], [ 127.480021343212499, 36.381234454076463 ], [ 127.48016251798019, 36.381226291701076 ], [ 127.480329406872954, 36.381236878369606 ], [ 127.480463800791156, 36.381231554438642 ], [ 127.480566066975626, 36.381239317890717 ], [ 127.480587318443, 36.381297240366052 ], [ 127.480646666667823, 36.381319531349178 ], [ 127.480814723936916, 36.381322515869357 ], [ 127.481158769675645, 36.381258900788715 ], [ 127.481494951443509, 36.381304861383988 ], [ 127.481737551683651, 36.381365273402047 ], [ 127.481998578235803, 36.381478842357176 ], [ 127.482273101120967, 36.381690078252781 ], [ 127.482462916837022, 36.381832932095406 ], [ 127.48289814405652, 36.381956494345552 ], [ 127.483018183124997, 36.382106396176447 ], [ 127.483174172950328, 36.382156457567113 ], [ 127.483324112711173, 36.382242868925516 ], [ 127.483695646078601, 36.382399919925703 ], [ 127.484110160719965, 36.382438798209201 ], [ 127.484478709805515, 36.382451673190211 ], [ 127.484734202201139, 36.382345032974754 ], [ 127.484999564344704, 36.382480818421662 ], [ 127.485149233016173, 36.382523026668032 ], [ 127.485333404282088, 36.382539736340526 ], [ 127.485602236414437, 36.382618345798647 ], [ 127.485767627903641, 36.382667239238337 ], [ 127.485978851488312, 36.382583872554505 ], [ 127.486050224417909, 36.382523034121512 ], [ 127.486126455148352, 36.382460202397503 ], [ 127.486289833083902, 36.382409137593953 ], [ 127.486424346694903, 36.382367192331621 ], [ 127.48651089772433, 36.382340364872363 ], [ 127.486623519640233, 36.382303302438459 ], [ 127.486693884572063, 36.382277667028362 ], [ 127.486847504381942, 36.38222747917554 ], [ 127.486984588447129, 36.382233401476462 ], [ 127.487162437803761, 36.382242537243677 ], [ 127.487232120634175, 36.382247039083936 ], [ 127.487591178003711, 36.382244452116396 ], [ 127.487901609745592, 36.382207709848629 ], [ 127.488068831915172, 36.382189005644349 ], [ 127.488831717670024, 36.38196284973926 ], [ 127.489009097308141, 36.381980716916189 ], [ 127.489020247214441, 36.381954763060854 ], [ 127.48905506111285, 36.381895486852777 ], [ 127.489124182880602, 36.381810153231584 ], [ 127.489150559591735, 36.381768646265364 ], [ 127.489185645974587, 36.381726265657591 ], [ 127.489219078863144, 36.381668959567193 ], [ 127.489235565247967, 36.381605252329273 ], [ 127.489247697173198, 36.381511707432722 ], [ 127.489256791726262, 36.381461818120925 ], [ 127.489309109548074, 36.381391205862791 ], [ 127.489355865622812, 36.381322301464337 ], [ 127.489407017726862, 36.381259570062738 ], [ 127.48948795444872, 36.381224598868563 ], [ 127.489602618007126, 36.38118301948856 ], [ 127.489635689676987, 36.381153596649781 ], [ 127.489645778225992, 36.381123709000562 ], [ 127.489657849158363, 36.381049025588666 ], [ 127.489659870963948, 36.381008753489652 ], [ 127.489638459129921, 36.380928015927303 ], [ 127.489616816855559, 36.380863896695807 ], [ 127.489622504501071, 36.380798539339963 ], [ 127.489613932149055, 36.380735772510818 ], [ 127.489605529350655, 36.38073045395268 ], [ 127.489519951333207, 36.380744888723427 ], [ 127.489429964814306, 36.380751167916102 ], [ 127.48941625154383, 36.380730668461752 ], [ 127.489415635800242, 36.380658857516678 ], [ 127.489419284081833, 36.380657716165437 ], [ 127.489460218823979, 36.380577570992635 ], [ 127.48948651413599, 36.380437504379017 ], [ 127.489538855100633, 36.380313660378071 ], [ 127.489605594204335, 36.380098803412181 ], [ 127.489698354472239, 36.379867781387524 ], [ 127.489759197653811, 36.379711803201914 ], [ 127.489754942827247, 36.379672953544755 ], [ 127.489793957981973, 36.379533672935807 ], [ 127.489794428564764, 36.379386105994008 ], [ 127.489816427971405, 36.379313085156298 ], [ 127.489805046754412, 36.379246671095409 ], [ 127.489778391776241, 36.379188204616412 ], [ 127.489767508621185, 36.379147976237824 ], [ 127.48970387126306, 36.379022641585671 ], [ 127.489648420797522, 36.378898390882149 ], [ 127.489637552443028, 36.378858730160019 ], [ 127.489533676480747, 36.378482352306094 ], [ 127.489528272288027, 36.378453933755601 ], [ 127.489464403923222, 36.37812555039163 ], [ 127.489472260256804, 36.37784897913162 ], [ 127.4895575695367, 36.377652907549063 ], [ 127.489574915777695, 36.377612843169388 ], [ 127.489590023907994, 36.377578429197257 ], [ 127.489671011300459, 36.377498687999569 ], [ 127.489711985214029, 36.377423327708115 ], [ 127.489774646686001, 36.377364216806392 ], [ 127.489813786447897, 36.377302102026754 ], [ 127.489849306198636, 36.377245634286609 ], [ 127.489992163160963, 36.377062276801119 ], [ 127.490032780099185, 36.377013673319162 ], [ 127.490128950551522, 36.376827983324034 ], [ 127.49016903682471, 36.376749805867306 ], [ 127.490304829830876, 36.376607885233319 ], [ 127.490421821182011, 36.376465753020796 ], [ 127.490433304996145, 36.376464858930504 ], [ 127.490519248913486, 36.376452683927852 ], [ 127.490579814625661, 36.376447083097084 ], [ 127.490693841378231, 36.376415354957686 ], [ 127.490773546774989, 36.376380396937165 ], [ 127.490836125441433, 36.376308327120093 ], [ 127.490920949369198, 36.376256162897818 ], [ 127.490966406846411, 36.376203033460442 ], [ 127.490936419491646, 36.376140922149411 ], [ 127.490919973646157, 36.376128877922874 ], [ 127.490831573726481, 36.376054894269195 ], [ 127.490827916874977, 36.37605462988774 ], [ 127.490815711771575, 36.376023977327257 ], [ 127.490767862777332, 36.375974609451312 ], [ 127.490622781427732, 36.375883960996021 ], [ 127.490573880182737, 36.375860505725448 ], [ 127.490515459009572, 36.375847236475529 ], [ 127.490412779813752, 36.3757992103208 ], [ 127.490351516712167, 36.375748491360042 ], [ 127.490296725724903, 36.375562004008898 ], [ 127.490322033349273, 36.375433773389823 ], [ 127.490343282364947, 36.37537821097149 ], [ 127.490335430917085, 36.375320226352251 ], [ 127.490281550596919, 36.37528102101367 ], [ 127.49022973204066, 36.37526320979039 ], [ 127.490167169887783, 36.375227419269876 ], [ 127.490089190546698, 36.37520323564263 ], [ 127.490069400194031, 36.375185572717548 ], [ 127.490102376272887, 36.375112786250206 ], [ 127.490117870036443, 36.375056400315387 ], [ 127.490099280692775, 36.375008038936365 ], [ 127.490027419994121, 36.374987497968377 ], [ 127.489899330414559, 36.374915640427723 ], [ 127.489818220393687, 36.374723916532865 ], [ 127.48979492357283, 36.37470148272714 ], [ 127.48976735062277, 36.374692016079045 ], [ 127.489621356099448, 36.374679374617315 ], [ 127.48947032135419, 36.374639439369481 ], [ 127.489118347101694, 36.374626800368539 ], [ 127.488905670687487, 36.374614430181396 ], [ 127.488672428376134, 36.374599331859166 ], [ 127.488517051967435, 36.374590386018681 ], [ 127.488386674139775, 36.374596270338756 ], [ 127.48810992516988, 36.374584448214627 ], [ 127.487963640018464, 36.374580538161261 ], [ 127.487930250167082, 36.374587153467019 ], [ 127.48782774188669, 36.374567853393408 ], [ 127.487749191098445, 36.374535785396688 ], [ 127.487700569291036, 36.374499657474267 ], [ 127.487597261083948, 36.374464599147089 ], [ 127.487415798537299, 36.374430696715855 ], [ 127.487285301811269, 36.374417430639937 ], [ 127.487123537572856, 36.374416961852141 ], [ 127.487080192701114, 36.374419390939735 ], [ 127.486959595836666, 36.374428324929738 ], [ 127.486898421951778, 36.374420129614123 ], [ 127.486830255424209, 36.37440744785642 ], [ 127.486805460716425, 36.374394878252943 ], [ 127.486778591996895, 36.374385687412165 ], [ 127.486637532785778, 36.374354719666108 ], [ 127.486420655376975, 36.374282948543595 ], [ 127.486291792603723, 36.374224048949642 ], [ 127.486219650368312, 36.374215330061929 ], [ 127.486161430557146, 36.374147979162188 ], [ 127.485484737078721, 36.374362495397513 ], [ 127.485118858413713, 36.374692062886666 ], [ 127.484771178654597, 36.37450168467312 ], [ 127.484716800613455, 36.37449317237747 ], [ 127.484556155103519, 36.374531283318717 ], [ 127.484540022246193, 36.374569647907421 ], [ 127.484265563648393, 36.374589339250996 ], [ 127.484145841775003, 36.374574052660314 ], [ 127.484066123964254, 36.374578321778522 ], [ 127.483979954794208, 36.374580922714699 ], [ 127.483843327955398, 36.374619773774803 ], [ 127.483713176575293, 36.374633528232067 ], [ 127.483549037087045, 36.374867654522227 ], [ 127.483440269277978, 36.375047478527996 ], [ 127.483414081220801, 36.375036599013391 ], [ 127.482838912879913, 36.375368409401823 ], [ 127.482527302352921, 36.37560424579501 ], [ 127.482550569848215, 36.375736226303459 ], [ 127.482593820165349, 36.375973454059576 ], [ 127.481916695898605, 36.37637578988307 ], [ 127.481513314898379, 36.376103115900221 ], [ 127.481357836687465, 36.375793119229371 ], [ 127.480842302735553, 36.375630168193197 ], [ 127.480828262808672, 36.375470547744065 ], [ 127.480630419343981, 36.375236760052623 ], [ 127.480796533909228, 36.375037838208286 ], [ 127.480800381000677, 36.374983753087193 ], [ 127.480887287050479, 36.374874138563257 ], [ 127.481035782529176, 36.374727950954842 ], [ 127.481601430361422, 36.374630768809105 ], [ 127.481710486949765, 36.374357729146212 ], [ 127.481947026440281, 36.374229777431268 ], [ 127.481949232815765, 36.37402137495372 ], [ 127.481950241222208, 36.373929848930793 ], [ 127.481940939182607, 36.373861452129766 ], [ 127.481922155143891, 36.373724379886589 ], [ 127.481925543417404, 36.373651993973134 ], [ 127.481933884411561, 36.373593105566073 ], [ 127.481949612291544, 36.37354488423987 ], [ 127.481987254500666, 36.373494042512739 ], [ 127.482058941787315, 36.373428978677119 ], [ 127.48209384842275, 36.373415320837076 ], [ 127.482209478617463, 36.373417955625889 ], [ 127.482270545768046, 36.373437986029906 ], [ 127.482367324607495, 36.373433937814333 ], [ 127.482413300597415, 36.373406429529979 ], [ 127.482517505998658, 36.373390528057136 ], [ 127.482599013088375, 36.373394705665923 ], [ 127.482647634640855, 36.373288334995657 ], [ 127.482715505664686, 36.37325511516481 ], [ 127.482776493666449, 36.373235161087969 ], [ 127.48301770412067, 36.373271073684172 ], [ 127.483090957842776, 36.373292181002739 ], [ 127.48312488691532, 36.373176019668037 ], [ 127.483084230736338, 36.373133666755258 ], [ 127.482740903596095, 36.372967767583162 ], [ 127.482632078716676, 36.372910198118412 ], [ 127.482400800070465, 36.372789472476903 ], [ 127.482211254347249, 36.37268688106429 ], [ 127.481908815802981, 36.372490121375137 ], [ 127.481416107411874, 36.372297225376187 ], [ 127.48140695965202, 36.372168567200305 ], [ 127.481418361808238, 36.372125436849764 ], [ 127.48146031326803, 36.372039657944988 ], [ 127.481518796563037, 36.371922271937102 ], [ 127.481524188226274, 36.371863954111525 ], [ 127.481531475644502, 36.371831257712451 ], [ 127.48150651335996, 36.371765744409615 ], [ 127.48144199539253, 36.371720657142603 ], [ 127.481321310729442, 36.37168932187101 ], [ 127.481160555030655, 36.371623506698477 ], [ 127.481120766393872, 36.371580581884999 ], [ 127.481081492876086, 36.371450918151012 ], [ 127.481140167486899, 36.371451809057973 ], [ 127.481214564816923, 36.37140363161776 ], [ 127.481246011600831, 36.371363800148671 ], [ 127.481293454890803, 36.371121701702087 ], [ 127.48132521869843, 36.371050048906746 ], [ 127.481348178986366, 36.371016442475451 ], [ 127.481371595420484, 36.370890185738496 ], [ 127.481348038173451, 36.370851980969064 ], [ 127.481285295128046, 36.370785492891521 ], [ 127.481230435744152, 36.370727137652466 ], [ 127.480984065718815, 36.370471854195493 ], [ 127.480886466049967, 36.37037058575536 ], [ 127.480762936911532, 36.370242098014359 ], [ 127.48056026695356, 36.369873154984717 ], [ 127.48039298721902, 36.369565745277896 ], [ 127.480085127027834, 36.369418007751221 ], [ 127.480057724480261, 36.369321242566329 ], [ 127.479901476995465, 36.369053484144693 ], [ 127.479813662024426, 36.368900926507209 ], [ 127.479698893541126, 36.368724812159151 ], [ 127.479567586598677, 36.368520881905113 ], [ 127.479531903084904, 36.368465549121474 ], [ 127.479319033813354, 36.368134376324598 ], [ 127.479004211879996, 36.367644780725584 ], [ 127.479003675770485, 36.3673290965802 ], [ 127.479001166257291, 36.367146341805018 ], [ 127.479172258113508, 36.367051035813923 ], [ 127.479229093208815, 36.366808062369003 ], [ 127.479175573798358, 36.366625502522808 ], [ 127.47925212566993, 36.366531142082287 ], [ 127.479357449554016, 36.366387940647805 ], [ 127.479393430091676, 36.366007334801559 ], [ 127.479649236899661, 36.36581763487554 ], [ 127.479184253298726, 36.365624618338394 ], [ 127.479111356640004, 36.365461853339269 ], [ 127.478224680454673, 36.36495060511092 ], [ 127.478063147986305, 36.364840577679026 ], [ 127.477836504149394, 36.364674477918911 ], [ 127.477659193081138, 36.364547616027124 ], [ 127.477366103894198, 36.364448249939279 ], [ 127.477129943947418, 36.364376817866997 ], [ 127.476876692083536, 36.364244904173695 ], [ 127.476790791882507, 36.364117677245495 ], [ 127.476761307990671, 36.364078927356836 ], [ 127.476719475453677, 36.364043326577885 ], [ 127.476556634696152, 36.363946540371124 ], [ 127.476398331580654, 36.363851979800607 ], [ 127.475867139174099, 36.363534176946871 ], [ 127.475541049500507, 36.363559126685317 ], [ 127.475049393138775, 36.363443366347759 ], [ 127.474390335305188, 36.36348342896779 ], [ 127.473981691800645, 36.36367766930227 ], [ 127.473581062133832, 36.363584910094374 ], [ 127.473448838208697, 36.363658651978703 ], [ 127.473395865536247, 36.363276155103314 ], [ 127.473352377965924, 36.363108196772714 ], [ 127.473263806041118, 36.362769763094704 ], [ 127.47317915437813, 36.362445687413498 ], [ 127.473060442311819, 36.362332095707089 ], [ 127.472956230190292, 36.362141577404088 ], [ 127.472727374572273, 36.361893813084244 ], [ 127.472691081889167, 36.361852556749788 ], [ 127.472498901594236, 36.361537348425919 ], [ 127.472277855495577, 36.36125745296809 ], [ 127.472073739675224, 36.361098579798949 ], [ 127.471818874952859, 36.360895415580956 ], [ 127.47123454881023, 36.360825332698681 ], [ 127.470763256061574, 36.360820146483398 ], [ 127.470207593677216, 36.360593089386875 ], [ 127.470019285982531, 36.360514696702126 ], [ 127.469709387846279, 36.360192339477607 ], [ 127.469269305628529, 36.36028192664601 ], [ 127.468700382075667, 36.360397924515524 ], [ 127.468189756001735, 36.360421602031501 ], [ 127.467588319873684, 36.360545327421391 ], [ 127.467347539515842, 36.36062990345804 ], [ 127.467330697799326, 36.360638142677786 ], [ 127.466635279228115, 36.360971741291365 ], [ 127.46611242482787, 36.360815233727628 ], [ 127.465582367705878, 36.361057219600646 ], [ 127.465065301917875, 36.361111890814009 ], [ 127.464551955695839, 36.361414644876646 ], [ 127.463920281504144, 36.361548327743591 ], [ 127.463836133746796, 36.36162665814409 ], [ 127.463518386463889, 36.361946394666788 ], [ 127.463484273244376, 36.362005381596653 ], [ 127.463426481182225, 36.362065874889346 ], [ 127.463274700387203, 36.362658967918492 ], [ 127.463195440651219, 36.362887944570929 ], [ 127.463172929558766, 36.362938163305053 ], [ 127.463039346427564, 36.363311535960449 ], [ 127.462960088190428, 36.363393793940212 ], [ 127.462817369046121, 36.363546695827175 ], [ 127.462821954130092, 36.363557095578386 ], [ 127.46275435716035, 36.363636776124316 ], [ 127.46286029921913, 36.363948674427505 ], [ 127.462626988691767, 36.36432749615355 ], [ 127.462497134453173, 36.364330817888941 ], [ 127.462387011042495, 36.364464164385879 ], [ 127.46225251699596, 36.364566911126055 ], [ 127.462250963755139, 36.364568043570486 ], [ 127.462250102965854, 36.364569452705346 ], [ 127.462199128404365, 36.364635830731302 ], [ 127.462101443777726, 36.364751105724132 ], [ 127.46205731872486, 36.36482646892 ], [ 127.46144839456008, 36.366051855835892 ], [ 127.460991302065281, 36.366808906765442 ], [ 127.460821073947969, 36.367585688284287 ], [ 127.460181585879539, 36.368060688062201 ], [ 127.460186716861671, 36.368488720907919 ], [ 127.46012286215452, 36.368614849529372 ], [ 127.459940547655719, 36.36881887868276 ], [ 127.459603711696403, 36.369096710633201 ], [ 127.459517701496893, 36.369097040393065 ], [ 127.459455494414186, 36.369147122187933 ], [ 127.458539804097569, 36.369166398952167 ], [ 127.458477572010409, 36.369214227427207 ], [ 127.458410183215662, 36.369241529070528 ], [ 127.458311738878777, 36.369289775302079 ], [ 127.458185851185448, 36.369527091258057 ], [ 127.458106642334755, 36.369736067338408 ], [ 127.458060069723459, 36.369782718302737 ], [ 127.458011369569164, 36.369850491629514 ], [ 127.457984669634854, 36.369899869245494 ], [ 127.457912331056889, 36.370003220648499 ], [ 127.457868167837717, 36.370014095170106 ], [ 127.457904397699252, 36.370047182655021 ], [ 127.457888396664202, 36.370199873767184 ], [ 127.457832448223655, 36.370367938104678 ], [ 127.457727326012133, 36.370553357355952 ], [ 127.457446821311336, 36.371685946373404 ], [ 127.457352297659924, 36.372166176267491 ], [ 127.45725874348561, 36.372635137819692 ], [ 127.457023347690111, 36.372844997190434 ], [ 127.456349417818956, 36.373515551717908 ], [ 127.456056748982093, 36.373759691155342 ], [ 127.455789520703362, 36.374065417710383 ], [ 127.455822532460715, 36.374832686097676 ], [ 127.455422844292286, 36.375147927076966 ], [ 127.455178863618073, 36.375441731622928 ], [ 127.455047514985694, 36.3755824692376 ], [ 127.454653131942862, 36.375852908728511 ], [ 127.454377114123432, 36.375967168410661 ], [ 127.454330825564824, 36.375971561314458 ], [ 127.454341130652423, 36.376007568745038 ], [ 127.454357249555372, 36.376054539304633 ], [ 127.45440282561583, 36.376286695176915 ], [ 127.454403271958327, 36.376334851595551 ], [ 127.454389979729271, 36.376383339457504 ], [ 127.45437143196753, 36.376428747242464 ], [ 127.454320760881544, 36.376669153118101 ], [ 127.454259577902619, 36.377078287346798 ], [ 127.454178907699301, 36.377099716293365 ], [ 127.454130366117042, 36.377286612000731 ], [ 127.454560159350038, 36.377715008335912 ], [ 127.45508145879532, 36.378008440106122 ], [ 127.455948951791086, 36.378157214306796 ], [ 127.456285627051884, 36.378110874990909 ], [ 127.457218570155646, 36.37852270125321 ], [ 127.457405689264618, 36.378661388013853 ], [ 127.457352055708768, 36.378868292159964 ], [ 127.457497550261493, 36.379123162163879 ], [ 127.458082512244275, 36.379223435013948 ], [ 127.458150588555185, 36.379281750315208 ], [ 127.458408553272605, 36.379503801452756 ], [ 127.459339439723792, 36.380212155035842 ], [ 127.459368980143068, 36.380319901832991 ], [ 127.459395542072855, 36.380664773631992 ], [ 127.45941769937501, 36.38076014872702 ], [ 127.459438422906175, 36.380820059600566 ], [ 127.459479560819915, 36.380915650290781 ], [ 127.459543286876297, 36.381064097586481 ], [ 127.459754131910842, 36.381413615415006 ], [ 127.459792196931375, 36.381549490670523 ], [ 127.460133316589818, 36.381874564080867 ], [ 127.460346072826283, 36.382313342485432 ], [ 127.460455266166733, 36.382551739719247 ], [ 127.460824931254749, 36.382842060771765 ], [ 127.461020631510252, 36.382955088712315 ], [ 127.46119228448417, 36.383153810149977 ], [ 127.461240988028024, 36.383528730958759 ], [ 127.461492293710066, 36.383859498855401 ], [ 127.461529915338645, 36.384095340964748 ], [ 127.461836105840305, 36.384252711643391 ], [ 127.462301956661378, 36.384492255376493 ], [ 127.462855935727049, 36.384290455927825 ], [ 127.462974639802738, 36.384310841261325 ], [ 127.463023784977366, 36.38431571591866 ], [ 127.463152931637879, 36.384452923248638 ], [ 127.464062328432789, 36.384838877890544 ], [ 127.46451982470569, 36.384784162271629 ], [ 127.464929965762536, 36.384496741693376 ], [ 127.465474182063929, 36.38411980039286 ], [ 127.465841198130192, 36.384136397522433 ], [ 127.466124479839706, 36.384480548678539 ], [ 127.466450603160027, 36.384648247368254 ], [ 127.466652570451643, 36.384815869963518 ], [ 127.466924851301883, 36.385007432452426 ], [ 127.467133633892175, 36.38515136319031 ], [ 127.467968044499614, 36.38542803518316 ], [ 127.468333328809337, 36.385882820596635 ], [ 127.468513113056787, 36.386156683355644 ], [ 127.468510147336673, 36.386475201015536 ], [ 127.468509585539678, 36.386817364713671 ], [ 127.46848438710029, 36.387117666695666 ], [ 127.468522251409937, 36.387159188305226 ], [ 127.468644483516968, 36.387272770179244 ], [ 127.468923009022674, 36.38737136693495 ], [ 127.469059402080106, 36.38746348140144 ], [ 127.469184458416876, 36.387553396208297 ], [ 127.469416400547743, 36.387752995958678 ], [ 127.469535255480977, 36.387855037261225 ], [ 127.469688984429325, 36.388021996492498 ], [ 127.470416443012184, 36.388056595189589 ], [ 127.470723272147566, 36.388255330637634 ], [ 127.470895137145206, 36.388366453282138 ], [ 127.471780062292282, 36.38860967406498 ], [ 127.472000380339182, 36.388669067008323 ], [ 127.472718895026802, 36.388721989437997 ], [ 127.473211951636301, 36.389016020225618 ], [ 127.473976898607305, 36.388854455945044 ], [ 127.473988448971582, 36.388374254370397 ], [ 127.474026093820541, 36.388351297107228 ], [ 127.473995989064747, 36.387951526565679 ], [ 127.474020585216465, 36.387698825175306 ], [ 127.474047747449845, 36.387553405706569 ], [ 127.47403322000406, 36.387484461368913 ], [ 127.473973039175775, 36.387035813672099 ], [ 127.47409865614604, 36.386469838890186 ], [ 127.474556775618822, 36.385713583366801 ], [ 127.474337042803512, 36.385374265406604 ], [ 127.474339237529207, 36.38504645971274 ], [ 127.474217596308392, 36.384917120009369 ], [ 127.474133970981001, 36.384824514258256 ], [ 127.474216141116543, 36.384159304057846 ] ] ] ] } },
{ "type": "Feature", "properties": { "EMD_CD": "30110122", "EMD_ENG_NM": "Biryong-dong", "EMD_KOR_NM": "비룡동" }, "geometry": { "type": "MultiPolygon", "coordinates": [ [ [ [ 127.475543083381524, 36.350746535179276 ], [ 127.475879085585902, 36.35072633139935 ], [ 127.475974036824041, 36.350741445458759 ], [ 127.476234235540559, 36.350421345450357 ], [ 127.476620474413622, 36.350532456068663 ], [ 127.477135286394201, 36.350349048570195 ], [ 127.478161571462493, 36.350517586494846 ], [ 127.478795943006375, 36.350758648358045 ], [ 127.479082807740483, 36.350474482284085 ], [ 127.479413434879788, 36.350287862861521 ], [ 127.479587828399943, 36.34971463696035 ], [ 127.480022860116705, 36.349208243125275 ], [ 127.481365727151982, 36.348579927673384 ], [ 127.481956038703345, 36.347911540437117 ], [ 127.482055509311394, 36.347895649439373 ], [ 127.482084876331015, 36.347888772600072 ], [ 127.482115990545978, 36.347881609365345 ], [ 127.482256555143763, 36.347811203629405 ], [ 127.482316382845667, 36.347776042764082 ], [ 127.482372708956319, 36.347736669492974 ], [ 127.482436978582371, 36.347686567392167 ], [ 127.482489135931573, 36.347648625673024 ], [ 127.482550047604519, 36.347617677782196 ], [ 127.482602341728281, 36.347601985239471 ], [ 127.482707866279966, 36.347581563499453 ], [ 127.482749477741137, 36.347582243027695 ], [ 127.482792711689271, 36.34745195863411 ], [ 127.482718317857405, 36.347102209482543 ], [ 127.482690623034216, 36.346701870038665 ], [ 127.482769040777072, 36.34651990629559 ], [ 127.482805712740628, 36.346284617441164 ], [ 127.48283911233537, 36.346140296404478 ], [ 127.48289988833146, 36.345890257463594 ], [ 127.482835020631441, 36.345728867637099 ], [ 127.482815336443323, 36.345612930834406 ], [ 127.482765906619989, 36.345302786419531 ], [ 127.482670991829451, 36.345124341264452 ], [ 127.482468273002965, 36.34502068514962 ], [ 127.482139147567253, 36.344908516478334 ], [ 127.482117982984022, 36.344892263459911 ], [ 127.481988806091465, 36.344800981128735 ], [ 127.481911038734992, 36.344581066836511 ], [ 127.481949685471733, 36.344326052711388 ], [ 127.481953142967967, 36.34423789576109 ], [ 127.4819404942115, 36.343850724562216 ], [ 127.48195728798207, 36.343723087971995 ], [ 127.48193371153539, 36.343568010958123 ], [ 127.481805148808434, 36.343322392211569 ], [ 127.481815112200792, 36.343245194318406 ], [ 127.481949028630908, 36.343256199956031 ], [ 127.482008229864192, 36.343261035503772 ], [ 127.482013855428178, 36.343268330354192 ], [ 127.482100273022851, 36.343396966770996 ], [ 127.482140923405936, 36.343412005961198 ], [ 127.482172562934977, 36.343322041452275 ], [ 127.482172738627085, 36.343265438498001 ], [ 127.482263292729812, 36.343273238810362 ], [ 127.482866160386465, 36.343067211557759 ], [ 127.482923996575451, 36.343047549441998 ], [ 127.483240448382176, 36.342855614501211 ], [ 127.483569369925533, 36.342850908782644 ], [ 127.483996757774008, 36.342695706415917 ], [ 127.484137524670643, 36.342493781430456 ], [ 127.484122821805556, 36.342084098535693 ], [ 127.484413502493425, 36.34194633452956 ], [ 127.484490068760664, 36.34171848062303 ], [ 127.484774186905611, 36.341167899924919 ], [ 127.485434931361311, 36.340052573988359 ], [ 127.484628973524138, 36.33952386715162 ], [ 127.484689595272869, 36.339025159744068 ], [ 127.484460513749795, 36.338820511540611 ], [ 127.484448978191921, 36.338727341465315 ], [ 127.484373630042413, 36.338363520460518 ], [ 127.483418208180808, 36.338315839116319 ], [ 127.48237367764132, 36.337956200280026 ], [ 127.481916161047664, 36.337650796370241 ], [ 127.481790292469213, 36.337417845921976 ], [ 127.48139876800613, 36.337000375971385 ], [ 127.481032294317302, 36.336809501811999 ], [ 127.480843389200544, 36.336711410573592 ], [ 127.480617467091307, 36.336594317629306 ], [ 127.479553063489803, 36.336565633209034 ], [ 127.479740370156435, 36.335947025504474 ], [ 127.479888193732464, 36.335644263464161 ], [ 127.480187448242916, 36.335461416954466 ], [ 127.480219311825024, 36.335433695584285 ], [ 127.48030022877343, 36.335377048484389 ], [ 127.480333988287086, 36.335375219040614 ], [ 127.480397332564905, 36.335375532977451 ], [ 127.480501215164168, 36.335287811581019 ], [ 127.480651153090207, 36.335218217187972 ], [ 127.48069381641055, 36.335249866364279 ], [ 127.480764044880942, 36.335152150544801 ], [ 127.480884665175012, 36.334984103719833 ], [ 127.480936163686678, 36.334925321262723 ], [ 127.48081079539017, 36.33488555092493 ], [ 127.480689256132422, 36.334847179936119 ], [ 127.479324779335442, 36.334409097118225 ], [ 127.479227246204204, 36.334310917289862 ], [ 127.479210573467995, 36.334287328280169 ], [ 127.479170200832826, 36.33423116666178 ], [ 127.479114738034141, 36.334153383238046 ], [ 127.479078056527896, 36.334103406870184 ], [ 127.47900695192925, 36.334001183145176 ], [ 127.478914865299814, 36.333911992969199 ], [ 127.478691466399866, 36.333691819656835 ], [ 127.478592721344924, 36.333622932084658 ], [ 127.478486794433323, 36.333547043982705 ], [ 127.478481381492756, 36.333543397831932 ], [ 127.478114049143187, 36.333293662689336 ], [ 127.478090102528654, 36.333277149656048 ], [ 127.478032433862282, 36.333237385767994 ], [ 127.477990158254755, 36.333210519279227 ], [ 127.477884464560375, 36.333116038611202 ], [ 127.477843054392963, 36.333088609895931 ], [ 127.477789589979068, 36.333053334972114 ], [ 127.477711116772326, 36.33299900985228 ], [ 127.477444422221723, 36.332813926909374 ], [ 127.477418566236821, 36.332796574244639 ], [ 127.477102101748486, 36.33258268009677 ], [ 127.477003373179301, 36.332516044043622 ], [ 127.476838593555982, 36.332404621222487 ], [ 127.476662401296124, 36.33227718472768 ], [ 127.476540144108426, 36.332178262853539 ], [ 127.47638480206183, 36.332043416573519 ], [ 127.476291487512597, 36.331980426165046 ], [ 127.476182629018453, 36.331907079912874 ], [ 127.476028194677284, 36.331809691114579 ], [ 127.475952667721771, 36.331752262116439 ], [ 127.47591297927076, 36.331722005230574 ], [ 127.475769115937524, 36.331615553439214 ], [ 127.475685053118113, 36.331557320052653 ], [ 127.475594674872596, 36.33148980258909 ], [ 127.475357819101902, 36.331316140513252 ], [ 127.475247313599169, 36.331229841124944 ], [ 127.475047991249582, 36.331074341387094 ], [ 127.474997982140607, 36.331035392760491 ], [ 127.474962816129306, 36.331005117637012 ], [ 127.474893511529828, 36.330939489711298 ], [ 127.474852049048053, 36.330903048466148 ], [ 127.474727338920843, 36.330742170077997 ], [ 127.474619748046692, 36.330647693970704 ], [ 127.474578793930533, 36.330608709320856 ], [ 127.474531263555448, 36.330576230083985 ], [ 127.47438865055689, 36.330475133600821 ], [ 127.474237002173609, 36.330377172700764 ], [ 127.474145954762193, 36.330312756785695 ], [ 127.474141061412283, 36.330310243852502 ], [ 127.47413006504739, 36.330304087296611 ], [ 127.474047408855554, 36.330247811721669 ], [ 127.473964973468568, 36.33019857334164 ], [ 127.473799016854542, 36.330237528893512 ], [ 127.472858895840844, 36.330458646978478 ], [ 127.472387959074013, 36.330569211209649 ], [ 127.471982016795138, 36.330664585405088 ], [ 127.470511085134817, 36.330939590492164 ], [ 127.470619160250152, 36.331288369135528 ], [ 127.470333706094138, 36.33154125761989 ], [ 127.470274806031796, 36.331962496489432 ], [ 127.470545642078477, 36.332726579884145 ], [ 127.470940738178939, 36.332909777216031 ], [ 127.471239763908727, 36.333525614152386 ], [ 127.471651353713128, 36.333876298436898 ], [ 127.471808388335603, 36.334234174242603 ], [ 127.471861011012464, 36.334331689811769 ], [ 127.471973054129577, 36.334527252840083 ], [ 127.471817203498873, 36.336134197802537 ], [ 127.471445820040913, 36.336220990246268 ], [ 127.471403009084469, 36.336221717297747 ], [ 127.471305034263054, 36.33631024567422 ], [ 127.470735078612719, 36.336311926020862 ], [ 127.47021673775302, 36.336415900051861 ], [ 127.469794571992438, 36.336599482680619 ], [ 127.469873151096849, 36.337049479216027 ], [ 127.469850366838415, 36.337459599747639 ], [ 127.469835652240107, 36.337967411225918 ], [ 127.469828867604164, 36.338199767791238 ], [ 127.4696607608047, 36.338318136907361 ], [ 127.4695309522792, 36.338409329801017 ], [ 127.46916699536969, 36.338548182578862 ], [ 127.467953695737137, 36.339443106317489 ], [ 127.467812522326881, 36.340313562989046 ], [ 127.46808339089705, 36.340585388225094 ], [ 127.468090870836221, 36.340614367592323 ], [ 127.468274580751853, 36.341330645770427 ], [ 127.468367903795752, 36.341715250761318 ], [ 127.468418695492971, 36.341826851101771 ], [ 127.468564856918405, 36.342199137769597 ], [ 127.46862348543408, 36.342427291338389 ], [ 127.468550189411502, 36.342598799505012 ], [ 127.468117250129779, 36.342848032200564 ], [ 127.467787882450551, 36.343275119057168 ], [ 127.467077651367447, 36.343111460608135 ], [ 127.466641530545161, 36.343411381974633 ], [ 127.466662478487393, 36.343567878162759 ], [ 127.466454953797921, 36.343676546386455 ], [ 127.465809420280209, 36.344002917461303 ], [ 127.465620875494182, 36.344318211094951 ], [ 127.465229506218606, 36.344624721241267 ], [ 127.465072927931601, 36.344988886370182 ], [ 127.464876290724888, 36.345112432930605 ], [ 127.464983598997193, 36.345716086742364 ], [ 127.464759154279093, 36.346347205785818 ], [ 127.464752129000772, 36.346366662166659 ], [ 127.464745205245848, 36.346373168392525 ], [ 127.464734305765148, 36.346383628126375 ], [ 127.464304192597197, 36.346792234308808 ], [ 127.464153554637619, 36.347073584976023 ], [ 127.464220597618748, 36.347315225466026 ], [ 127.464364084427629, 36.347884666433075 ], [ 127.464427362927282, 36.348135621385218 ], [ 127.464266274350351, 36.348592172273385 ], [ 127.464001596664147, 36.349339479563575 ], [ 127.46417316206778, 36.349653376410089 ], [ 127.464276855673091, 36.349851231384669 ], [ 127.464332390439239, 36.350293714026421 ], [ 127.464145941541148, 36.350729527873007 ], [ 127.4642140976582, 36.350746440200808 ], [ 127.464642977548493, 36.350889532992568 ], [ 127.464643507803061, 36.350890657394558 ], [ 127.464680990619414, 36.350901208951534 ], [ 127.465055884093999, 36.351538177040133 ], [ 127.465125778919969, 36.3518181143044 ], [ 127.465127242551191, 36.352359934388204 ], [ 127.46512065972307, 36.352363898021572 ], [ 127.46512086458705, 36.352516815993027 ], [ 127.464813049476945, 36.352653752413019 ], [ 127.464769461352901, 36.352964823474686 ], [ 127.464684880939259, 36.353526964868806 ], [ 127.464687480849307, 36.35355398975021 ], [ 127.464673777202208, 36.35364980069248 ], [ 127.464826008902889, 36.355222302464909 ], [ 127.465203509843903, 36.355855591705335 ], [ 127.465534594157475, 36.356498639313124 ], [ 127.465624378447743, 36.356755410949603 ], [ 127.465626769148741, 36.356923522963633 ], [ 127.465615722163491, 36.357292196317779 ], [ 127.465615293820179, 36.357308247724902 ], [ 127.46561227523415, 36.357327129838353 ], [ 127.466046446606597, 36.35785544463527 ], [ 127.466068369051982, 36.357882953063651 ], [ 127.466269527434022, 36.358132532338878 ], [ 127.466262441233297, 36.358141850908119 ], [ 127.466276818407934, 36.358159529904157 ], [ 127.46599005564147, 36.358531537273684 ], [ 127.465912975383148, 36.358919058250002 ], [ 127.465900135356961, 36.358955713454542 ], [ 127.465907089311159, 36.358984127176804 ], [ 127.465904686219048, 36.358990336528137 ], [ 127.465987706455948, 36.359338088582042 ], [ 127.465988428435139, 36.359341465141888 ], [ 127.466002273141427, 36.359415757382713 ], [ 127.466034430122065, 36.359613041432183 ], [ 127.466198022934407, 36.360482875923502 ], [ 127.466204782403125, 36.360536631113931 ], [ 127.466207432524158, 36.360601955210598 ], [ 127.466198361488068, 36.360627907971555 ], [ 127.466187816520588, 36.360670186547182 ], [ 127.466186277397796, 36.360675545448139 ], [ 127.46618334328852, 36.360678647852161 ], [ 127.46611242482787, 36.360815233727628 ], [ 127.466635279228115, 36.360971741291365 ], [ 127.467330697799326, 36.360638142677786 ], [ 127.467347539515842, 36.36062990345804 ], [ 127.46727889797566, 36.360067511177796 ], [ 127.467165087261165, 36.35972353881327 ], [ 127.467108641419514, 36.359569713757644 ], [ 127.467101917806474, 36.359551996032458 ], [ 127.467266833518565, 36.359299315657061 ], [ 127.46775607874811, 36.358522117812122 ], [ 127.467775070783588, 36.358291688043607 ], [ 127.468059291416225, 36.357611046488763 ], [ 127.468433942435851, 36.357177024033419 ], [ 127.468489939246183, 36.357110064948088 ], [ 127.46849806894447, 36.357100174434343 ], [ 127.468591187847537, 36.356980964873152 ], [ 127.46870037308156, 36.356841425227415 ], [ 127.468757898171731, 36.356767412931113 ], [ 127.469147446180799, 36.356266021956287 ], [ 127.469317256458638, 36.356045986723245 ], [ 127.4697365373476, 36.355947189899013 ], [ 127.470201423058896, 36.355905094249216 ], [ 127.47077952490524, 36.355729630412853 ], [ 127.471018964220946, 36.355335836054891 ], [ 127.471113588917547, 36.355238309632696 ], [ 127.471599733246904, 36.35473597222007 ], [ 127.471778671550368, 36.354677530487841 ], [ 127.471794046518156, 36.354338695060029 ], [ 127.471816895559513, 36.354171889618669 ], [ 127.472471271128626, 36.353774205499789 ], [ 127.472470018923744, 36.353680993929579 ], [ 127.472609190629996, 36.35357963199472 ], [ 127.472801923486614, 36.353093369326878 ], [ 127.472995169182937, 36.352925323715255 ], [ 127.473153991181633, 36.352474961481832 ], [ 127.473435366807195, 36.352170266032871 ], [ 127.473500385826881, 36.351954856040706 ], [ 127.473702458376195, 36.351778898218001 ], [ 127.474234850833241, 36.351044028721439 ], [ 127.47497576512211, 36.350800042643527 ], [ 127.475366296992519, 36.350757374462276 ], [ 127.475543083381524, 36.350746535179276 ] ] ] ] } },
{ "type": "Feature", "properties": { "EMD_CD": "30110123", "EMD_ENG_NM": "Jusan-dong", "EMD_KOR_NM": "주산동" }, "geometry": { "type": "MultiPolygon", "coordinates": [ [ [ [ 127.485762133255818, 36.367062248294751 ], [ 127.485759464910316, 36.366912152479031 ], [ 127.485769119833478, 36.366869875860601 ], [ 127.48577545233411, 36.366739181632724 ], [ 127.485791429192858, 36.366564516636807 ], [ 127.485823169985693, 36.366517076941797 ], [ 127.485856959852512, 36.366491031541464 ], [ 127.48586132850285, 36.366437223439384 ], [ 127.485903370336302, 36.366225279795039 ], [ 127.485897812971729, 36.366171791292665 ], [ 127.485865842106861, 36.366097584005487 ], [ 127.48586193745119, 36.366030292000673 ], [ 127.485942847405994, 36.365881830857155 ], [ 127.485945142638215, 36.365858445392405 ], [ 127.485917400771129, 36.365792385501123 ], [ 127.485920536526422, 36.365766185001185 ], [ 127.485918423229748, 36.365761399384176 ], [ 127.485866665764263, 36.365640799355184 ], [ 127.485742654207883, 36.365463322403983 ], [ 127.485636188090353, 36.365281547769989 ], [ 127.485589675825295, 36.365248510361148 ], [ 127.48549430193161, 36.365197079888034 ], [ 127.485383397434788, 36.365027146252153 ], [ 127.485303037262398, 36.364899064992457 ], [ 127.485226842853336, 36.36465549180528 ], [ 127.485190667609643, 36.364548066450176 ], [ 127.485209368410011, 36.364307488396214 ], [ 127.48519844140931, 36.364061407020209 ], [ 127.485103757438623, 36.363924921667802 ], [ 127.484974989209149, 36.36362440028833 ], [ 127.484967671209432, 36.363568945293842 ], [ 127.484905747866833, 36.363380519340751 ], [ 127.484908520455988, 36.363153243812299 ], [ 127.484966146248979, 36.363010798106352 ], [ 127.485001437038406, 36.362834928497328 ], [ 127.485064292418699, 36.362694993843967 ], [ 127.485117306117004, 36.362513140833876 ], [ 127.485153686093795, 36.362511578751111 ], [ 127.485195172411395, 36.362492549466936 ], [ 127.485243125354998, 36.362476017244362 ], [ 127.485316499247119, 36.362433482640178 ], [ 127.485388250408135, 36.362380807465428 ], [ 127.485438337337683, 36.3623724400722 ], [ 127.485583069431172, 36.362325389808106 ], [ 127.48561748557313, 36.362289203840099 ], [ 127.485666562402798, 36.362117783977048 ], [ 127.485692735923578, 36.362126968907312 ], [ 127.485715066291476, 36.362134484231355 ], [ 127.485714868821347, 36.362131385030217 ], [ 127.485763984679494, 36.362164132500901 ], [ 127.485785381528174, 36.362216989114927 ], [ 127.485813103140543, 36.362251238103347 ], [ 127.485899931050383, 36.362299603004487 ], [ 127.486098944816433, 36.362388912326516 ], [ 127.486205548245479, 36.362426211617638 ], [ 127.486283570201337, 36.362457724162873 ], [ 127.486346990519721, 36.362466757819753 ], [ 127.486362833924844, 36.362495422608291 ], [ 127.486425965399761, 36.36254050391949 ], [ 127.486458212610174, 36.362575004736534 ], [ 127.486485213482695, 36.362606156489818 ], [ 127.486572925289551, 36.362656779227784 ], [ 127.486629225606833, 36.362724975960148 ], [ 127.486673891770934, 36.362823363811543 ], [ 127.486720464236427, 36.362866259294364 ], [ 127.486851373378244, 36.362920356101384 ], [ 127.486905490237248, 36.362945485976084 ], [ 127.486957277636861, 36.36292922586145 ], [ 127.487060304783029, 36.362925139483913 ], [ 127.487195448717983, 36.363016968420872 ], [ 127.487312024865844, 36.363089993335571 ], [ 127.487385992280394, 36.363141230073516 ], [ 127.487525486289627, 36.363231896464157 ], [ 127.487541274705606, 36.363111869425495 ], [ 127.487556882270439, 36.363018310275208 ], [ 127.487565760522784, 36.362933790127244 ], [ 127.487582151278517, 36.36282643097924 ], [ 127.48758735606603, 36.362767545836398 ], [ 127.487599366871564, 36.362683301310653 ], [ 127.487604142581645, 36.36263962954358 ], [ 127.487614356336849, 36.362350648076045 ], [ 127.48761990616805, 36.36226305046722 ], [ 127.487619894872708, 36.362203907178632 ], [ 127.48764067431371, 36.361850963198521 ], [ 127.487641350722456, 36.361819987468529 ], [ 127.487663773506938, 36.36172949154593 ], [ 127.487774375082566, 36.361347452925436 ], [ 127.48777718354691, 36.361295633621189 ], [ 127.487734256830663, 36.36108290849694 ], [ 127.487680741035703, 36.360987657025383 ], [ 127.487663644537534, 36.360952806511783 ], [ 127.487633997513939, 36.360917159965432 ], [ 127.487537270395634, 36.360815893234864 ], [ 127.487460819293759, 36.360728620131461 ], [ 127.487337078103948, 36.360593948835024 ], [ 127.487207272112443, 36.360519571866554 ], [ 127.487139796024209, 36.360476193782816 ], [ 127.487086158998693, 36.360443744601433 ], [ 127.487071125474159, 36.360434226329424 ], [ 127.486947639052971, 36.360340394309944 ], [ 127.486855920467406, 36.360290067455743 ], [ 127.486807705868088, 36.360262390310723 ], [ 127.486755452388437, 36.360230214719927 ], [ 127.486630260725732, 36.360225937904438 ], [ 127.486614426446238, 36.360227408007908 ], [ 127.486563824366371, 36.360236904437635 ], [ 127.486457160146955, 36.360329427295774 ], [ 127.486386080173332, 36.360405467565556 ], [ 127.486344735045677, 36.360447034789459 ], [ 127.486253799689564, 36.360549911088548 ], [ 127.486152975812331, 36.360601569252971 ], [ 127.486066085139811, 36.3606272713915 ], [ 127.486124312300134, 36.360668714047662 ], [ 127.485917053488762, 36.360652378321355 ], [ 127.485726530572151, 36.360641597672149 ], [ 127.485454037298155, 36.360634257767316 ], [ 127.485234682170983, 36.360605858213113 ], [ 127.485020196385364, 36.360408191039703 ], [ 127.484957313534039, 36.360120073167941 ], [ 127.485077477489483, 36.359761933116914 ], [ 127.485158710214122, 36.359666423432138 ], [ 127.485202793989643, 36.359644274613011 ], [ 127.48527372181276, 36.359601182192996 ], [ 127.485520409871853, 36.359517113895606 ], [ 127.48557067327981, 36.359452981730726 ], [ 127.485603147441282, 36.359412856524592 ], [ 127.485629424769158, 36.35938318288057 ], [ 127.485669819042329, 36.359355416565315 ], [ 127.485729052197172, 36.359278865998292 ], [ 127.485851323224523, 36.359204024425246 ], [ 127.485877786960685, 36.359148720876689 ], [ 127.485852375402189, 36.359037584246778 ], [ 127.485842885603518, 36.358966097354255 ], [ 127.485863337577044, 36.358866598073803 ], [ 127.485900324747846, 36.358767320128571 ], [ 127.485910603457427, 36.358741370002207 ], [ 127.485933453273503, 36.358719595366836 ], [ 127.486020435713954, 36.358682069683795 ], [ 127.486092605222765, 36.358641792382663 ], [ 127.486234352468102, 36.358592491509711 ], [ 127.486312446289048, 36.35858231594495 ], [ 127.486354470273014, 36.358564131166212 ], [ 127.486394701315163, 36.35853889753681 ], [ 127.486418545135308, 36.358510360046999 ], [ 127.486372882862099, 36.358473651706994 ], [ 127.486464580335252, 36.358438359476729 ], [ 127.486431234611473, 36.358339646162179 ], [ 127.486450679128183, 36.358331123342708 ], [ 127.486503013279986, 36.358376527837969 ], [ 127.4864977922403, 36.358404151675067 ], [ 127.486529522966805, 36.358411349338112 ], [ 127.486603464883373, 36.358405416894961 ], [ 127.486606670632668, 36.358417506508829 ], [ 127.486647902329835, 36.358440435932323 ], [ 127.486697616723035, 36.358456842517846 ], [ 127.486761346718325, 36.358458845637443 ], [ 127.486855176280372, 36.358431420620036 ], [ 127.486927013739077, 36.358393397073577 ], [ 127.486987948849176, 36.358366961688482 ], [ 127.48711660703762, 36.358339683322498 ], [ 127.487086369457018, 36.358293062846386 ], [ 127.487132626047213, 36.358256819295633 ], [ 127.487178772468837, 36.358202850284172 ], [ 127.487205309943931, 36.358130928677646 ], [ 127.487211217383106, 36.358016574019828 ], [ 127.487213860019978, 36.357966710898502 ], [ 127.487203021954159, 36.357902547035465 ], [ 127.487164339494782, 36.357841596351349 ], [ 127.487131105029206, 36.357814696515078 ], [ 127.487136203532586, 36.357796084784432 ], [ 127.487109024968419, 36.35779169843525 ], [ 127.487070083896796, 36.357800300592146 ], [ 127.48703421735317, 36.357771158515057 ], [ 127.486960271069179, 36.357722462691036 ], [ 127.486918591861766, 36.357709952643297 ], [ 127.486872546190526, 36.357724504243997 ], [ 127.486838088924998, 36.357753652669949 ], [ 127.486780884701176, 36.357765428915719 ], [ 127.486744345046432, 36.357739110127497 ], [ 127.486743386130087, 36.35766898545301 ], [ 127.486712821115205, 36.357625177836347 ], [ 127.486703068560317, 36.357568894698403 ], [ 127.486717275434998, 36.357500970359069 ], [ 127.486740901324538, 36.357381749566741 ], [ 127.486779564243605, 36.35729964972105 ], [ 127.486792592743456, 36.357268056072115 ], [ 127.486805367393174, 36.35724941317774 ], [ 127.486819978996309, 36.357219786644805 ], [ 127.486847284866897, 36.357187287905653 ], [ 127.486888296640629, 36.357147974755897 ], [ 127.486924048445402, 36.357131779791416 ], [ 127.486971471523432, 36.357059214653795 ], [ 127.486984597687794, 36.357014661849156 ], [ 127.486992582606135, 36.356954927296577 ], [ 127.487003510158218, 36.356920530528107 ], [ 127.487023369253862, 36.356865812267095 ], [ 127.487001235110128, 36.35680535299722 ], [ 127.486993639895573, 36.356759199204618 ], [ 127.487005089306052, 36.356724520953797 ], [ 127.487032707050716, 36.356686667989294 ], [ 127.487094528834945, 36.35655208926724 ], [ 127.487098330556918, 36.356491524609218 ], [ 127.487045078265538, 36.356436265353857 ], [ 127.486968102343056, 36.35640363156125 ], [ 127.486814041283068, 36.356376375368143 ], [ 127.486707404524054, 36.356359343869073 ], [ 127.486666299766497, 36.356327970032041 ], [ 127.48648081174683, 36.356089076463626 ], [ 127.486482363364189, 36.356085970161594 ], [ 127.486514509625025, 36.356020225927516 ], [ 127.486497853916944, 36.355944821039166 ], [ 127.486481112562871, 36.355884339772643 ], [ 127.486482114399834, 36.355877018253928 ], [ 127.486508652478193, 36.355665136971353 ], [ 127.486480284817873, 36.3555264097497 ], [ 127.486427486621352, 36.355490298102026 ], [ 127.486318269908367, 36.355450468253423 ], [ 127.486235372580211, 36.355416731548715 ], [ 127.486110118542044, 36.355345425818129 ], [ 127.486085623054507, 36.355324410881813 ], [ 127.486027427154241, 36.355289159027357 ], [ 127.485932283599126, 36.355244207214085 ], [ 127.485875924052266, 36.355167268994251 ], [ 127.485866954189689, 36.355096906403453 ], [ 127.485878801801135, 36.35504194142846 ], [ 127.485831679831392, 36.355021009144167 ], [ 127.485779606496465, 36.355017282110701 ], [ 127.485755859434235, 36.354949791030123 ], [ 127.485787395601477, 36.354700995946942 ], [ 127.485788110714111, 36.354649176100459 ], [ 127.485782320977407, 36.354584991607076 ], [ 127.485742355790393, 36.354483772583315 ], [ 127.485697652410025, 36.354405381213859 ], [ 127.485668762685563, 36.354351149051226 ], [ 127.485646902762682, 36.354305900042576 ], [ 127.485723377718372, 36.354061996420022 ], [ 127.48606758576426, 36.353791089849793 ], [ 127.486315084671929, 36.353673781663062 ], [ 127.486459321392019, 36.3536070148579 ], [ 127.486485215695069, 36.353515955236126 ], [ 127.486498366680479, 36.353473655270008 ], [ 127.486537543920761, 36.35336338296537 ], [ 127.486545988940236, 36.35326647350319 ], [ 127.486561730451044, 36.353165875692738 ], [ 127.486575672869023, 36.353055426441919 ], [ 127.486578997828687, 36.352975434591997 ], [ 127.48658441431148, 36.352921910465064 ], [ 127.486591685070749, 36.352860205247445 ], [ 127.486606534191253, 36.352671459128103 ], [ 127.486612294195751, 36.352617645230104 ], [ 127.486439867566517, 36.352602574720123 ], [ 127.486278548644563, 36.352609149931205 ], [ 127.486220426746186, 36.352612476704991 ], [ 127.486217294598887, 36.352612210049124 ], [ 127.486169578003299, 36.352610150683887 ], [ 127.486127789820031, 36.352608355629059 ], [ 127.485961757480354, 36.352668722021022 ], [ 127.485868539387525, 36.352711067148029 ], [ 127.485857460118851, 36.352720961785941 ], [ 127.485796750588719, 36.352783171926262 ], [ 127.485705781394799, 36.352879280303185 ], [ 127.485687317022325, 36.352905551975773 ], [ 127.485617693310772, 36.353017911905766 ], [ 127.485499248097639, 36.353145969579629 ], [ 127.485463460505471, 36.353157937806543 ], [ 127.485422655501708, 36.353203440651896 ], [ 127.485335802574951, 36.353260962231225 ], [ 127.485297751682225, 36.353272660211658 ], [ 127.485271159330892, 36.353278120790449 ], [ 127.485206744153402, 36.353305137131734 ], [ 127.48510623820377, 36.353322152393758 ], [ 127.484948258785806, 36.353362785329963 ], [ 127.484838607907875, 36.353394490300715 ], [ 127.484671809409747, 36.353473728386106 ], [ 127.48462887431134, 36.353509957578346 ], [ 127.48460417311496, 36.353570886051557 ], [ 127.484586760515839, 36.353625026319413 ], [ 127.484557903143809, 36.353687656762155 ], [ 127.484487693556503, 36.353734404607721 ], [ 127.484371565408821, 36.353788943804645 ], [ 127.484319709434772, 36.353791406252974 ], [ 127.484170697986571, 36.353846645850119 ], [ 127.484069619382026, 36.353911820786088 ], [ 127.484064658697633, 36.353954646133069 ], [ 127.484021176131847, 36.353988903766584 ], [ 127.483990666416091, 36.354036617458888 ], [ 127.483945136984062, 36.35410748863044 ], [ 127.483931784024591, 36.354171462137074 ], [ 127.483870355027378, 36.354260141397532 ], [ 127.483801035405293, 36.354281544501283 ], [ 127.483789553675038, 36.354311158049171 ], [ 127.483753718070872, 36.354342564075374 ], [ 127.483726195033043, 36.354395897922387 ], [ 127.483724671073304, 36.354403500888679 ], [ 127.483714700025601, 36.354452267088313 ], [ 127.483440548838047, 36.354313413259362 ], [ 127.482989666784206, 36.354083172035423 ], [ 127.482533371222843, 36.353849021807306 ], [ 127.48263226929862, 36.353201190937142 ], [ 127.482696684100091, 36.352779357705451 ], [ 127.482713849024748, 36.352682981107726 ], [ 127.482748518829922, 36.352489370424983 ], [ 127.482590151226006, 36.352383553522884 ], [ 127.482523017798272, 36.352023078494305 ], [ 127.482407570285901, 36.351423709785188 ], [ 127.482392846021767, 36.351349981655112 ], [ 127.482325826734552, 36.351179877093294 ], [ 127.482261402379933, 36.351007788496794 ], [ 127.482251659941994, 36.350979666285419 ], [ 127.482178946627542, 36.350901665579421 ], [ 127.482017179269462, 36.350722362529545 ], [ 127.482046548257046, 36.350572425735962 ], [ 127.481985725333814, 36.350362590703376 ], [ 127.481928794370447, 36.3502186331799 ], [ 127.481765775387871, 36.350147195253271 ], [ 127.481744832684768, 36.350138267768649 ], [ 127.481488629224032, 36.350029183758494 ], [ 127.481365776481326, 36.349976733700188 ], [ 127.481255646796029, 36.34992986471822 ], [ 127.481232435899699, 36.34991981979271 ], [ 127.480453449887875, 36.349599930838473 ], [ 127.480022860116705, 36.349208243125275 ], [ 127.479587828399943, 36.34971463696035 ], [ 127.479413434879788, 36.350287862861521 ], [ 127.479082807740483, 36.350474482284085 ], [ 127.478795943006375, 36.350758648358045 ], [ 127.478161571462493, 36.350517586494846 ], [ 127.477135286394201, 36.350349048570195 ], [ 127.476620474413622, 36.350532456068663 ], [ 127.476234235540559, 36.350421345450357 ], [ 127.475974036824041, 36.350741445458759 ], [ 127.475879085585902, 36.35072633139935 ], [ 127.475543083381524, 36.350746535179276 ], [ 127.475366296992519, 36.350757374462276 ], [ 127.47497576512211, 36.350800042643527 ], [ 127.474234850833241, 36.351044028721439 ], [ 127.473702458376195, 36.351778898218001 ], [ 127.473500385826881, 36.351954856040706 ], [ 127.473435366807195, 36.352170266032871 ], [ 127.473153991181633, 36.352474961481832 ], [ 127.472995169182937, 36.352925323715255 ], [ 127.472801923486614, 36.353093369326878 ], [ 127.472609190629996, 36.35357963199472 ], [ 127.472470018923744, 36.353680993929579 ], [ 127.472471271128626, 36.353774205499789 ], [ 127.471816895559513, 36.354171889618669 ], [ 127.471794046518156, 36.354338695060029 ], [ 127.471778671550368, 36.354677530487841 ], [ 127.471599733246904, 36.35473597222007 ], [ 127.471113588917547, 36.355238309632696 ], [ 127.471018964220946, 36.355335836054891 ], [ 127.47077952490524, 36.355729630412853 ], [ 127.470201423058896, 36.355905094249216 ], [ 127.4697365373476, 36.355947189899013 ], [ 127.469317256458638, 36.356045986723245 ], [ 127.469147446180799, 36.356266021956287 ], [ 127.468757898171731, 36.356767412931113 ], [ 127.46870037308156, 36.356841425227415 ], [ 127.468591187847537, 36.356980964873152 ], [ 127.46849806894447, 36.357100174434343 ], [ 127.468489939246183, 36.357110064948088 ], [ 127.468433942435851, 36.357177024033419 ], [ 127.468059291416225, 36.357611046488763 ], [ 127.467775070783588, 36.358291688043607 ], [ 127.46775607874811, 36.358522117812122 ], [ 127.467266833518565, 36.359299315657061 ], [ 127.467101917806474, 36.359551996032458 ], [ 127.467108641419514, 36.359569713757644 ], [ 127.467165087261165, 36.35972353881327 ], [ 127.46727889797566, 36.360067511177796 ], [ 127.467347539515842, 36.36062990345804 ], [ 127.467588319873684, 36.360545327421391 ], [ 127.468189756001735, 36.360421602031501 ], [ 127.468700382075667, 36.360397924515524 ], [ 127.469269305628529, 36.36028192664601 ], [ 127.469709387846279, 36.360192339477607 ], [ 127.470019285982531, 36.360514696702126 ], [ 127.470207593677216, 36.360593089386875 ], [ 127.470763256061574, 36.360820146483398 ], [ 127.47123454881023, 36.360825332698681 ], [ 127.471818874952859, 36.360895415580956 ], [ 127.472073739675224, 36.361098579798949 ], [ 127.472277855495577, 36.36125745296809 ], [ 127.472498901594236, 36.361537348425919 ], [ 127.472691081889167, 36.361852556749788 ], [ 127.472727374572273, 36.361893813084244 ], [ 127.472956230190292, 36.362141577404088 ], [ 127.473060442311819, 36.362332095707089 ], [ 127.47317915437813, 36.362445687413498 ], [ 127.473263806041118, 36.362769763094704 ], [ 127.473352377965924, 36.363108196772714 ], [ 127.473395865536247, 36.363276155103314 ], [ 127.473448838208697, 36.363658651978703 ], [ 127.473581062133832, 36.363584910094374 ], [ 127.473981691800645, 36.36367766930227 ], [ 127.474390335305188, 36.36348342896779 ], [ 127.475049393138775, 36.363443366347759 ], [ 127.475541049500507, 36.363559126685317 ], [ 127.475867139174099, 36.363534176946871 ], [ 127.476398331580654, 36.363851979800607 ], [ 127.476556634696152, 36.363946540371124 ], [ 127.476719475453677, 36.364043326577885 ], [ 127.476761307990671, 36.364078927356836 ], [ 127.476790791882507, 36.364117677245495 ], [ 127.476876692083536, 36.364244904173695 ], [ 127.477129943947418, 36.364376817866997 ], [ 127.477366103894198, 36.364448249939279 ], [ 127.477659193081138, 36.364547616027124 ], [ 127.477836504149394, 36.364674477918911 ], [ 127.478063147986305, 36.364840577679026 ], [ 127.478224680454673, 36.36495060511092 ], [ 127.479111356640004, 36.365461853339269 ], [ 127.479184253298726, 36.365624618338394 ], [ 127.479649236899661, 36.36581763487554 ], [ 127.479858978056598, 36.365724137748316 ], [ 127.479981928161536, 36.365672116934427 ], [ 127.48024881235952, 36.365670480101763 ], [ 127.480345562930594, 36.365861589492781 ], [ 127.480463455831995, 36.366093445731266 ], [ 127.480526385512746, 36.366220203326719 ], [ 127.480582070403457, 36.366328398948227 ], [ 127.480615226781254, 36.366398673839633 ], [ 127.480624717130894, 36.366412711944406 ], [ 127.480669415622017, 36.366433655943084 ], [ 127.480729280603896, 36.36645847717373 ], [ 127.480775214379022, 36.366482795537934 ], [ 127.480827758812708, 36.366503987363664 ], [ 127.480875023310958, 36.36657448493974 ], [ 127.480895068076023, 36.366607071661669 ], [ 127.480910369356465, 36.366632918693284 ], [ 127.481091250708445, 36.366913238364354 ], [ 127.481375211432976, 36.366857469706538 ], [ 127.481930592088091, 36.366743439518508 ], [ 127.482076973539904, 36.366509954337111 ], [ 127.482185660209481, 36.366347307832662 ], [ 127.482280148972308, 36.366282152071975 ], [ 127.482472927561233, 36.3662064715312 ], [ 127.482732965782986, 36.366223727049466 ], [ 127.482913237494358, 36.366235959536404 ], [ 127.483084106949249, 36.366248509009822 ], [ 127.483173457619671, 36.366253772083112 ], [ 127.483226787118682, 36.3662901713137 ], [ 127.483386284427397, 36.366406399910083 ], [ 127.483461448819853, 36.366456498754673 ], [ 127.483540844539363, 36.366513348210965 ], [ 127.483604560814982, 36.366540973097905 ], [ 127.483860135225413, 36.366652586880974 ], [ 127.48398096089862, 36.366707862957611 ], [ 127.48425868445328, 36.366826145154292 ], [ 127.484309304153868, 36.366847622581076 ], [ 127.484396235541027, 36.366885002934069 ], [ 127.484593506168025, 36.366970095254118 ], [ 127.484691621992539, 36.36701419789722 ], [ 127.484765957716505, 36.367041779211817 ], [ 127.484886449437582, 36.366931178736017 ], [ 127.484944827605304, 36.366967547753454 ], [ 127.484989874816677, 36.367015802952714 ], [ 127.484908359201214, 36.367066832196691 ], [ 127.484915771402427, 36.367110445505276 ], [ 127.484960587559854, 36.367178977804507 ], [ 127.484935130715968, 36.367257085434659 ], [ 127.485184266254436, 36.367508690956804 ], [ 127.485203703963535, 36.367527482605013 ], [ 127.485271257009003, 36.367470877433959 ], [ 127.485372663395751, 36.36734261887608 ], [ 127.485423994295928, 36.367282708967792 ], [ 127.485506928820186, 36.367235909089615 ], [ 127.48553763867011, 36.367218040790206 ], [ 127.485636025667588, 36.367194266000276 ], [ 127.485710842575699, 36.367157357591012 ], [ 127.485742881620695, 36.367131030948286 ], [ 127.485762133255818, 36.367062248294751 ] ] ] ] } },
{ "type": "Feature", "properties": { "EMD_CD": "30110124", "EMD_ENG_NM": "Yonggye-dong", "EMD_KOR_NM": "용계동" }, "geometry": { "type": "MultiPolygon", "coordinates": [ [ [ [ 127.49529169249125, 36.381417875202651 ], [ 127.495666373296885, 36.381188503609522 ], [ 127.495806880962547, 36.381048801219634 ], [ 127.49595742297619, 36.380897522282595 ], [ 127.496031582427364, 36.380757247139421 ], [ 127.496138803950359, 36.380556583497558 ], [ 127.496157143787997, 36.380152950074489 ], [ 127.496118069505428, 36.379839400017424 ], [ 127.496159757570126, 36.379493965923167 ], [ 127.496274765007243, 36.379122328806844 ], [ 127.496380274164977, 36.378789030219075 ], [ 127.496509661952004, 36.378268912163747 ], [ 127.496541173560061, 36.377828618821219 ], [ 127.496510931904965, 36.377315650419511 ], [ 127.496509742107449, 36.376853531230367 ], [ 127.496444628581415, 36.376442078771532 ], [ 127.496389505160309, 36.376233634381371 ], [ 127.496173155126755, 36.375861954552803 ], [ 127.495938926665673, 36.375528088910308 ], [ 127.495878880742296, 36.37544835939056 ], [ 127.495721186517841, 36.375237239072426 ], [ 127.495544360483123, 36.375003389273751 ], [ 127.495358587313646, 36.374729023946067 ], [ 127.495125398712702, 36.374447527797741 ], [ 127.494891796578486, 36.374209685122203 ], [ 127.494820637372172, 36.374136191918161 ], [ 127.494494557067739, 36.373840154811418 ], [ 127.494205194533762, 36.373594944053167 ], [ 127.493998770866341, 36.373495820376576 ], [ 127.493760851078079, 36.373429493213209 ], [ 127.493020453133923, 36.373393962948768 ], [ 127.492843848557413, 36.373386515874031 ], [ 127.492536961513935, 36.373343007933435 ], [ 127.49210956533588, 36.373215501264305 ], [ 127.491112223497382, 36.372658899181481 ], [ 127.491111792916456, 36.372590187389605 ], [ 127.491107403427677, 36.372446307924157 ], [ 127.49110374947648, 36.372279319661203 ], [ 127.491100990465014, 36.371977730246606 ], [ 127.491089105278618, 36.371608582088207 ], [ 127.491013305426037, 36.371433724903859 ], [ 127.490795183910819, 36.371217780913369 ], [ 127.490343645321857, 36.370928436962778 ], [ 127.490043605643109, 36.37075393772362 ], [ 127.489585935681731, 36.370541782422855 ], [ 127.489202575208111, 36.370351851081175 ], [ 127.488834412627284, 36.370086384199048 ], [ 127.488541747644248, 36.369724580599829 ], [ 127.48841659577802, 36.369507406040789 ], [ 127.488403757305392, 36.36945704736226 ], [ 127.488320303440261, 36.369057496795875 ], [ 127.48834689892918, 36.368828150819475 ], [ 127.488397612421736, 36.368470858672858 ], [ 127.488420163209142, 36.368291669805004 ], [ 127.488333011313756, 36.367856367107962 ], [ 127.488191166045041, 36.367361026396438 ], [ 127.488078297545385, 36.366877102341739 ], [ 127.488080059786597, 36.36648903660619 ], [ 127.48805022833244, 36.366060826555859 ], [ 127.487694426793567, 36.365455396031592 ], [ 127.487589105760918, 36.365204066760093 ], [ 127.487479886382616, 36.364886562838656 ], [ 127.487381246174024, 36.364478340778774 ], [ 127.487399244801878, 36.363984322223835 ], [ 127.487525486289627, 36.363231896464157 ], [ 127.487385992280394, 36.363141230073516 ], [ 127.487312024865844, 36.363089993335571 ], [ 127.487195448717983, 36.363016968420872 ], [ 127.487060304783029, 36.362925139483913 ], [ 127.486957277636861, 36.36292922586145 ], [ 127.486905490237248, 36.362945485976084 ], [ 127.486851373378244, 36.362920356101384 ], [ 127.486720464236427, 36.362866259294364 ], [ 127.486673891770934, 36.362823363811543 ], [ 127.486629225606833, 36.362724975960148 ], [ 127.486572925289551, 36.362656779227784 ], [ 127.486485213482695, 36.362606156489818 ], [ 127.486458212610174, 36.362575004736534 ], [ 127.486425965399761, 36.36254050391949 ], [ 127.486362833924844, 36.362495422608291 ], [ 127.486346990519721, 36.362466757819753 ], [ 127.486283570201337, 36.362457724162873 ], [ 127.486205548245479, 36.362426211617638 ], [ 127.486098944816433, 36.362388912326516 ], [ 127.485899931050383, 36.362299603004487 ], [ 127.485813103140543, 36.362251238103347 ], [ 127.485785381528174, 36.362216989114927 ], [ 127.485763984679494, 36.362164132500901 ], [ 127.485714868821347, 36.362131385030217 ], [ 127.485715066291476, 36.362134484231355 ], [ 127.485692735923578, 36.362126968907312 ], [ 127.485666562402798, 36.362117783977048 ], [ 127.48561748557313, 36.362289203840099 ], [ 127.485583069431172, 36.362325389808106 ], [ 127.485438337337683, 36.3623724400722 ], [ 127.485388250408135, 36.362380807465428 ], [ 127.485316499247119, 36.362433482640178 ], [ 127.485243125354998, 36.362476017244362 ], [ 127.485195172411395, 36.362492549466936 ], [ 127.485153686093795, 36.362511578751111 ], [ 127.485117306117004, 36.362513140833876 ], [ 127.485064292418699, 36.362694993843967 ], [ 127.485001437038406, 36.362834928497328 ], [ 127.484966146248979, 36.363010798106352 ], [ 127.484908520455988, 36.363153243812299 ], [ 127.484905747866833, 36.363380519340751 ], [ 127.484967671209432, 36.363568945293842 ], [ 127.484974989209149, 36.36362440028833 ], [ 127.485103757438623, 36.363924921667802 ], [ 127.48519844140931, 36.364061407020209 ], [ 127.485209368410011, 36.364307488396214 ], [ 127.485190667609643, 36.364548066450176 ], [ 127.485226842853336, 36.36465549180528 ], [ 127.485303037262398, 36.364899064992457 ], [ 127.485383397434788, 36.365027146252153 ], [ 127.48549430193161, 36.365197079888034 ], [ 127.485589675825295, 36.365248510361148 ], [ 127.485636188090353, 36.365281547769989 ], [ 127.485742654207883, 36.365463322403983 ], [ 127.485866665764263, 36.365640799355184 ], [ 127.485918423229748, 36.365761399384176 ], [ 127.485920536526422, 36.365766185001185 ], [ 127.485917400771129, 36.365792385501123 ], [ 127.485945142638215, 36.365858445392405 ], [ 127.485942847405994, 36.365881830857155 ], [ 127.48586193745119, 36.366030292000673 ], [ 127.485865842106861, 36.366097584005487 ], [ 127.485897812971729, 36.366171791292665 ], [ 127.485903370336302, 36.366225279795039 ], [ 127.48586132850285, 36.366437223439384 ], [ 127.485856959852512, 36.366491031541464 ], [ 127.485823169985693, 36.366517076941797 ], [ 127.485791429192858, 36.366564516636807 ], [ 127.48577545233411, 36.366739181632724 ], [ 127.485769119833478, 36.366869875860601 ], [ 127.485759464910316, 36.366912152479031 ], [ 127.485762133255818, 36.367062248294751 ], [ 127.485742881620695, 36.367131030948286 ], [ 127.485710842575699, 36.367157357591012 ], [ 127.485636025667588, 36.367194266000276 ], [ 127.48553763867011, 36.367218040790206 ], [ 127.485506928820186, 36.367235909089615 ], [ 127.485423994295928, 36.367282708967792 ], [ 127.485372663395751, 36.36734261887608 ], [ 127.485271257009003, 36.367470877433959 ], [ 127.485203703963535, 36.367527482605013 ], [ 127.485184266254436, 36.367508690956804 ], [ 127.484935130715968, 36.367257085434659 ], [ 127.484960587559854, 36.367178977804507 ], [ 127.484915771402427, 36.367110445505276 ], [ 127.484908359201214, 36.367066832196691 ], [ 127.484989874816677, 36.367015802952714 ], [ 127.484944827605304, 36.366967547753454 ], [ 127.484886449437582, 36.366931178736017 ], [ 127.484765957716505, 36.367041779211817 ], [ 127.484691621992539, 36.36701419789722 ], [ 127.484593506168025, 36.366970095254118 ], [ 127.484396235541027, 36.366885002934069 ], [ 127.484309304153868, 36.366847622581076 ], [ 127.48425868445328, 36.366826145154292 ], [ 127.48398096089862, 36.366707862957611 ], [ 127.483860135225413, 36.366652586880974 ], [ 127.483604560814982, 36.366540973097905 ], [ 127.483540844539363, 36.366513348210965 ], [ 127.483461448819853, 36.366456498754673 ], [ 127.483386284427397, 36.366406399910083 ], [ 127.483226787118682, 36.3662901713137 ], [ 127.483173457619671, 36.366253772083112 ], [ 127.483084106949249, 36.366248509009822 ], [ 127.482913237494358, 36.366235959536404 ], [ 127.482732965782986, 36.366223727049466 ], [ 127.482472927561233, 36.3662064715312 ], [ 127.482280148972308, 36.366282152071975 ], [ 127.482185660209481, 36.366347307832662 ], [ 127.482076973539904, 36.366509954337111 ], [ 127.481930592088091, 36.366743439518508 ], [ 127.481375211432976, 36.366857469706538 ], [ 127.481091250708445, 36.366913238364354 ], [ 127.480910369356465, 36.366632918693284 ], [ 127.480895068076023, 36.366607071661669 ], [ 127.480875023310958, 36.36657448493974 ], [ 127.480827758812708, 36.366503987363664 ], [ 127.480775214379022, 36.366482795537934 ], [ 127.480729280603896, 36.36645847717373 ], [ 127.480669415622017, 36.366433655943084 ], [ 127.480624717130894, 36.366412711944406 ], [ 127.480615226781254, 36.366398673839633 ], [ 127.480582070403457, 36.366328398948227 ], [ 127.480526385512746, 36.366220203326719 ], [ 127.480463455831995, 36.366093445731266 ], [ 127.480345562930594, 36.365861589492781 ], [ 127.48024881235952, 36.365670480101763 ], [ 127.479981928161536, 36.365672116934427 ], [ 127.479858978056598, 36.365724137748316 ], [ 127.479649236899661, 36.36581763487554 ], [ 127.479393430091676, 36.366007334801559 ], [ 127.479357449554016, 36.366387940647805 ], [ 127.47925212566993, 36.366531142082287 ], [ 127.479175573798358, 36.366625502522808 ], [ 127.479229093208815, 36.366808062369003 ], [ 127.479172258113508, 36.367051035813923 ], [ 127.479001166257291, 36.367146341805018 ], [ 127.479003675770485, 36.3673290965802 ], [ 127.479004211879996, 36.367644780725584 ], [ 127.479319033813354, 36.368134376324598 ], [ 127.479531903084904, 36.368465549121474 ], [ 127.479567586598677, 36.368520881905113 ], [ 127.479698893541126, 36.368724812159151 ], [ 127.479813662024426, 36.368900926507209 ], [ 127.479901476995465, 36.369053484144693 ], [ 127.480057724480261, 36.369321242566329 ], [ 127.480085127027834, 36.369418007751221 ], [ 127.48039298721902, 36.369565745277896 ], [ 127.48056026695356, 36.369873154984717 ], [ 127.480762936911532, 36.370242098014359 ], [ 127.480886466049967, 36.37037058575536 ], [ 127.480984065718815, 36.370471854195493 ], [ 127.481230435744152, 36.370727137652466 ], [ 127.481285295128046, 36.370785492891521 ], [ 127.481348038173451, 36.370851980969064 ], [ 127.481371595420484, 36.370890185738496 ], [ 127.481348178986366, 36.371016442475451 ], [ 127.48132521869843, 36.371050048906746 ], [ 127.481293454890803, 36.371121701702087 ], [ 127.481246011600831, 36.371363800148671 ], [ 127.481214564816923, 36.37140363161776 ], [ 127.481140167486899, 36.371451809057973 ], [ 127.481081492876086, 36.371450918151012 ], [ 127.481120766393872, 36.371580581884999 ], [ 127.481160555030655, 36.371623506698477 ], [ 127.481321310729442, 36.37168932187101 ], [ 127.48144199539253, 36.371720657142603 ], [ 127.48150651335996, 36.371765744409615 ], [ 127.481531475644502, 36.371831257712451 ], [ 127.481524188226274, 36.371863954111525 ], [ 127.481518796563037, 36.371922271937102 ], [ 127.48146031326803, 36.372039657944988 ], [ 127.481418361808238, 36.372125436849764 ], [ 127.48140695965202, 36.372168567200305 ], [ 127.481416107411874, 36.372297225376187 ], [ 127.481908815802981, 36.372490121375137 ], [ 127.482211254347249, 36.37268688106429 ], [ 127.482400800070465, 36.372789472476903 ], [ 127.482632078716676, 36.372910198118412 ], [ 127.482740903596095, 36.372967767583162 ], [ 127.483084230736338, 36.373133666755258 ], [ 127.48312488691532, 36.373176019668037 ], [ 127.483090957842776, 36.373292181002739 ], [ 127.48301770412067, 36.373271073684172 ], [ 127.482776493666449, 36.373235161087969 ], [ 127.482715505664686, 36.37325511516481 ], [ 127.482647634640855, 36.373288334995657 ], [ 127.482599013088375, 36.373394705665923 ], [ 127.482517505998658, 36.373390528057136 ], [ 127.482413300597415, 36.373406429529979 ], [ 127.482367324607495, 36.373433937814333 ], [ 127.482270545768046, 36.373437986029906 ], [ 127.482209478617463, 36.373417955625889 ], [ 127.48209384842275, 36.373415320837076 ], [ 127.482058941787315, 36.373428978677119 ], [ 127.481987254500666, 36.373494042512739 ], [ 127.481949612291544, 36.37354488423987 ], [ 127.481933884411561, 36.373593105566073 ], [ 127.481925543417404, 36.373651993973134 ], [ 127.481922155143891, 36.373724379886589 ], [ 127.481940939182607, 36.373861452129766 ], [ 127.481950241222208, 36.373929848930793 ], [ 127.481949232815765, 36.37402137495372 ], [ 127.481947026440281, 36.374229777431268 ], [ 127.481710486949765, 36.374357729146212 ], [ 127.481601430361422, 36.374630768809105 ], [ 127.481035782529176, 36.374727950954842 ], [ 127.480887287050479, 36.374874138563257 ], [ 127.480800381000677, 36.374983753087193 ], [ 127.480796533909228, 36.375037838208286 ], [ 127.480630419343981, 36.375236760052623 ], [ 127.480828262808672, 36.375470547744065 ], [ 127.480842302735553, 36.375630168193197 ], [ 127.481357836687465, 36.375793119229371 ], [ 127.481513314898379, 36.376103115900221 ], [ 127.481916695898605, 36.37637578988307 ], [ 127.482593820165349, 36.375973454059576 ], [ 127.482550569848215, 36.375736226303459 ], [ 127.482527302352921, 36.37560424579501 ], [ 127.482838912879913, 36.375368409401823 ], [ 127.483414081220801, 36.375036599013391 ], [ 127.483440269277978, 36.375047478527996 ], [ 127.483549037087045, 36.374867654522227 ], [ 127.483713176575293, 36.374633528232067 ], [ 127.483843327955398, 36.374619773774803 ], [ 127.483979954794208, 36.374580922714699 ], [ 127.484066123964254, 36.374578321778522 ], [ 127.484145841775003, 36.374574052660314 ], [ 127.484265563648393, 36.374589339250996 ], [ 127.484540022246193, 36.374569647907421 ], [ 127.484556155103519, 36.374531283318717 ], [ 127.484716800613455, 36.37449317237747 ], [ 127.484771178654597, 36.37450168467312 ], [ 127.485118858413713, 36.374692062886666 ], [ 127.485484737078721, 36.374362495397513 ], [ 127.486161430557146, 36.374147979162188 ], [ 127.486219650368312, 36.374215330061929 ], [ 127.486291792603723, 36.374224048949642 ], [ 127.486420655376975, 36.374282948543595 ], [ 127.486637532785778, 36.374354719666108 ], [ 127.486778591996895, 36.374385687412165 ], [ 127.486805460716425, 36.374394878252943 ], [ 127.486830255424209, 36.37440744785642 ], [ 127.486898421951778, 36.374420129614123 ], [ 127.486959595836666, 36.374428324929738 ], [ 127.487080192701114, 36.374419390939735 ], [ 127.487123537572856, 36.374416961852141 ], [ 127.487285301811269, 36.374417430639937 ], [ 127.487415798537299, 36.374430696715855 ], [ 127.487597261083948, 36.374464599147089 ], [ 127.487700569291036, 36.374499657474267 ], [ 127.487749191098445, 36.374535785396688 ], [ 127.48782774188669, 36.374567853393408 ], [ 127.487930250167082, 36.374587153467019 ], [ 127.487963640018464, 36.374580538161261 ], [ 127.48810992516988, 36.374584448214627 ], [ 127.488386674139775, 36.374596270338756 ], [ 127.488517051967435, 36.374590386018681 ], [ 127.488672428376134, 36.374599331859166 ], [ 127.488905670687487, 36.374614430181396 ], [ 127.489118347101694, 36.374626800368539 ], [ 127.48947032135419, 36.374639439369481 ], [ 127.489621356099448, 36.374679374617315 ], [ 127.48976735062277, 36.374692016079045 ], [ 127.48979492357283, 36.37470148272714 ], [ 127.489818220393687, 36.374723916532865 ], [ 127.489899330414559, 36.374915640427723 ], [ 127.490027419994121, 36.374987497968377 ], [ 127.490099280692775, 36.375008038936365 ], [ 127.490117870036443, 36.375056400315387 ], [ 127.490102376272887, 36.375112786250206 ], [ 127.490069400194031, 36.375185572717548 ], [ 127.490089190546698, 36.37520323564263 ], [ 127.490167169887783, 36.375227419269876 ], [ 127.49022973204066, 36.37526320979039 ], [ 127.490281550596919, 36.37528102101367 ], [ 127.490335430917085, 36.375320226352251 ], [ 127.490343282364947, 36.37537821097149 ], [ 127.490322033349273, 36.375433773389823 ], [ 127.490296725724903, 36.375562004008898 ], [ 127.490351516712167, 36.375748491360042 ], [ 127.490412779813752, 36.3757992103208 ], [ 127.490515459009572, 36.375847236475529 ], [ 127.490573880182737, 36.375860505725448 ], [ 127.490622781427732, 36.375883960996021 ], [ 127.490767862777332, 36.375974609451312 ], [ 127.490815711771575, 36.376023977327257 ], [ 127.490827916874977, 36.37605462988774 ], [ 127.490831573726481, 36.376054894269195 ], [ 127.490919973646157, 36.376128877922874 ], [ 127.490936419491646, 36.376140922149411 ], [ 127.490966406846411, 36.376203033460442 ], [ 127.490920949369198, 36.376256162897818 ], [ 127.490836125441433, 36.376308327120093 ], [ 127.490773546774989, 36.376380396937165 ], [ 127.490693841378231, 36.376415354957686 ], [ 127.490579814625661, 36.376447083097084 ], [ 127.490519248913486, 36.376452683927852 ], [ 127.490433304996145, 36.376464858930504 ], [ 127.490421821182011, 36.376465753020796 ], [ 127.490304829830876, 36.376607885233319 ], [ 127.49016903682471, 36.376749805867306 ], [ 127.490128950551522, 36.376827983324034 ], [ 127.490032780099185, 36.377013673319162 ], [ 127.489992163160963, 36.377062276801119 ], [ 127.489849306198636, 36.377245634286609 ], [ 127.489813786447897, 36.377302102026754 ], [ 127.489774646686001, 36.377364216806392 ], [ 127.489711985214029, 36.377423327708115 ], [ 127.489671011300459, 36.377498687999569 ], [ 127.489590023907994, 36.377578429197257 ], [ 127.489574915777695, 36.377612843169388 ], [ 127.4895575695367, 36.377652907549063 ], [ 127.489472260256804, 36.37784897913162 ], [ 127.489464403923222, 36.37812555039163 ], [ 127.489528272288027, 36.378453933755601 ], [ 127.489533676480747, 36.378482352306094 ], [ 127.489637552443028, 36.378858730160019 ], [ 127.489648420797522, 36.378898390882149 ], [ 127.48970387126306, 36.379022641585671 ], [ 127.489767508621185, 36.379147976237824 ], [ 127.489778391776241, 36.379188204616412 ], [ 127.489805046754412, 36.379246671095409 ], [ 127.489816427971405, 36.379313085156298 ], [ 127.489794428564764, 36.379386105994008 ], [ 127.489793957981973, 36.379533672935807 ], [ 127.489754942827247, 36.379672953544755 ], [ 127.489759197653811, 36.379711803201914 ], [ 127.489698354472239, 36.379867781387524 ], [ 127.489605594204335, 36.380098803412181 ], [ 127.489538855100633, 36.380313660378071 ], [ 127.48948651413599, 36.380437504379017 ], [ 127.489460218823979, 36.380577570992635 ], [ 127.489419284081833, 36.380657716165437 ], [ 127.489415635800242, 36.380658857516678 ], [ 127.48941625154383, 36.380730668461752 ], [ 127.489429964814306, 36.380751167916102 ], [ 127.489519951333207, 36.380744888723427 ], [ 127.489605529350655, 36.38073045395268 ], [ 127.489613932149055, 36.380735772510818 ], [ 127.489622504501071, 36.380798539339963 ], [ 127.489616816855559, 36.380863896695807 ], [ 127.489638459129921, 36.380928015927303 ], [ 127.489659870963948, 36.381008753489652 ], [ 127.489657849158363, 36.381049025588666 ], [ 127.489645778225992, 36.381123709000562 ], [ 127.489635689676987, 36.381153596649781 ], [ 127.489602618007126, 36.38118301948856 ], [ 127.48948795444872, 36.381224598868563 ], [ 127.489407017726862, 36.381259570062738 ], [ 127.489355865622812, 36.381322301464337 ], [ 127.489309109548074, 36.381391205862791 ], [ 127.489256791726262, 36.381461818120925 ], [ 127.489247697173198, 36.381511707432722 ], [ 127.489235565247967, 36.381605252329273 ], [ 127.489219078863144, 36.381668959567193 ], [ 127.489185645974587, 36.381726265657591 ], [ 127.489150559591735, 36.381768646265364 ], [ 127.489124182880602, 36.381810153231584 ], [ 127.48905506111285, 36.381895486852777 ], [ 127.489020247214441, 36.381954763060854 ], [ 127.489009097308141, 36.381980716916189 ], [ 127.489215913014718, 36.381999022372533 ], [ 127.48951340197867, 36.381787161268662 ], [ 127.489866496915582, 36.38158351597864 ], [ 127.490132604618736, 36.381281665604703 ], [ 127.490293282039019, 36.381022492455131 ], [ 127.490383055534437, 36.380982140617661 ], [ 127.490452195744325, 36.381012271799293 ], [ 127.490711029681364, 36.381190317676911 ], [ 127.49095217456167, 36.381268181401929 ], [ 127.49116640716592, 36.38130362921067 ], [ 127.491280406053463, 36.381321464432119 ], [ 127.49143696781799, 36.381296887616429 ], [ 127.491736147691526, 36.381270589942694 ], [ 127.492009945225064, 36.381335647212119 ], [ 127.492097755447077, 36.381453005157709 ], [ 127.492132169613598, 36.381499048270371 ], [ 127.492149768181676, 36.381529390139946 ], [ 127.492242393944849, 36.381804710550682 ], [ 127.492254280301637, 36.381837608128414 ], [ 127.492490356178976, 36.382023349383907 ], [ 127.492980717619858, 36.382162139152243 ], [ 127.493019847289858, 36.382181686522756 ], [ 127.493329469798852, 36.382319533210776 ], [ 127.493391939250444, 36.382341237261386 ], [ 127.493466761420081, 36.38236007878843 ], [ 127.493556073524758, 36.382384492832948 ], [ 127.493770230168806, 36.382433742031765 ], [ 127.493999975625314, 36.382056560828758 ], [ 127.494057864175147, 36.381958032646388 ], [ 127.494210011547864, 36.381867856948823 ], [ 127.494324163168699, 36.381798384259817 ], [ 127.494784721420146, 36.381655965484207 ], [ 127.495140974130436, 36.381513399261948 ], [ 127.49529169249125, 36.381417875202651 ] ] ] ] } },
{ "type": "Feature", "properties": { "EMD_CD": "30110125", "EMD_ENG_NM": "Masan-dong", "EMD_KOR_NM": "마산동" }, "geometry": { "type": "MultiPolygon", "coordinates": [ [ [ [ 127.49988648489186, 36.395125972920326 ], [ 127.500515751025091, 36.394827098994753 ], [ 127.500629485357123, 36.394828029575883 ], [ 127.500813778535473, 36.394776848540339 ], [ 127.501217297437549, 36.394963557005497 ], [ 127.501389843890976, 36.395010145758853 ], [ 127.501824905230251, 36.3949821364968 ], [ 127.502416479884786, 36.394946142953899 ], [ 127.502884978149098, 36.394945583043963 ], [ 127.502957758459161, 36.394994841173848 ], [ 127.503267877974253, 36.395201093378517 ], [ 127.503581035777628, 36.395175842662177 ], [ 127.503757949548316, 36.39500696990644 ], [ 127.504046079822487, 36.394989987699653 ], [ 127.504184576863707, 36.39491393295755 ], [ 127.504284360378065, 36.394912107159207 ], [ 127.50434736195399, 36.394905362617813 ], [ 127.50435818194893, 36.394638349150725 ], [ 127.504225060316116, 36.39454682924837 ], [ 127.504225377433727, 36.394514719669814 ], [ 127.504039692925289, 36.393781336955939 ], [ 127.504047679122522, 36.393723295834761 ], [ 127.504083957140111, 36.393622321669461 ], [ 127.504182234492987, 36.393360860737623 ], [ 127.504208199728026, 36.393145311675298 ], [ 127.504354464649325, 36.393005584269282 ], [ 127.504831629157891, 36.392838266091147 ], [ 127.505254458734456, 36.392697651194062 ], [ 127.505373802696923, 36.392732347026957 ], [ 127.50542995438019, 36.392743942340687 ], [ 127.505565924906634, 36.392762509201546 ], [ 127.505762845377589, 36.392646789412922 ], [ 127.505935663808998, 36.392546085250437 ], [ 127.506030447631815, 36.392498932858068 ], [ 127.506262452473578, 36.392394887235596 ], [ 127.506084882728373, 36.392163868715905 ], [ 127.505987115754778, 36.391937298041285 ], [ 127.505930694807844, 36.391642416124597 ], [ 127.505886285635597, 36.391265802484462 ], [ 127.505840792900401, 36.39061265500272 ], [ 127.505850670525817, 36.390147111058099 ], [ 127.505917309003166, 36.389786078026049 ], [ 127.50600912414906, 36.389386927747019 ], [ 127.506073882331137, 36.389033517316001 ], [ 127.50618924474638, 36.388532328349044 ], [ 127.506299106747917, 36.388204626467356 ], [ 127.506499395654728, 36.387856833871957 ], [ 127.506696080226405, 36.387544823152176 ], [ 127.506918331947247, 36.387308734668188 ], [ 127.506962508261267, 36.387003280280616 ], [ 127.506881866375608, 36.386759740938196 ], [ 127.506618821486029, 36.386557813493283 ], [ 127.506319121167508, 36.386262824515391 ], [ 127.506173889684874, 36.386156425590521 ], [ 127.505598845837227, 36.385776428941007 ], [ 127.505154844526402, 36.385517812843524 ], [ 127.50469148071214, 36.385278984984758 ], [ 127.503786230577589, 36.384945698313494 ], [ 127.503314745189215, 36.384853625933367 ], [ 127.503024257046818, 36.384768388686766 ], [ 127.502716654152167, 36.384676752220436 ], [ 127.502331923419874, 36.384560088746241 ], [ 127.501867862402122, 36.384429391870931 ], [ 127.501372682288078, 36.384331211071903 ], [ 127.501217945522285, 36.384289612139817 ], [ 127.500873345178249, 36.384184049563515 ], [ 127.500748418296922, 36.384147110554423 ], [ 127.500352834825321, 36.383939243653067 ], [ 127.500204505707842, 36.383862417358493 ], [ 127.499819402301142, 36.383631984944927 ], [ 127.499522939213904, 36.383429892696519 ], [ 127.499245660122696, 36.383257854539217 ], [ 127.499004924347517, 36.383164235637821 ], [ 127.498632520562069, 36.383066658473957 ], [ 127.498390319865862, 36.383015849500744 ], [ 127.498024124208229, 36.382937394249922 ], [ 127.497695412410692, 36.382919051732728 ], [ 127.497310933634552, 36.382922053955852 ], [ 127.496749107378378, 36.382941001901656 ], [ 127.496227877874688, 36.382991031298211 ], [ 127.495664579179731, 36.382942961000431 ], [ 127.495081992344808, 36.382872429737589 ], [ 127.494808453705602, 36.38282314877965 ], [ 127.494487172285091, 36.382767026175358 ], [ 127.494257844135674, 36.382687426710881 ], [ 127.493770230168806, 36.382433742031765 ], [ 127.493556073524758, 36.382384492832948 ], [ 127.493466761420081, 36.38236007878843 ], [ 127.493391939250444, 36.382341237261386 ], [ 127.493329469798852, 36.382319533210776 ], [ 127.493019847289858, 36.382181686522756 ], [ 127.492980717619858, 36.382162139152243 ], [ 127.492490356178976, 36.382023349383907 ], [ 127.492254280301637, 36.381837608128414 ], [ 127.492242393944849, 36.381804710550682 ], [ 127.492149768181676, 36.381529390139946 ], [ 127.492132169613598, 36.381499048270371 ], [ 127.492097755447077, 36.381453005157709 ], [ 127.492009945225064, 36.381335647212119 ], [ 127.491736147691526, 36.381270589942694 ], [ 127.49143696781799, 36.381296887616429 ], [ 127.491280406053463, 36.381321464432119 ], [ 127.49116640716592, 36.38130362921067 ], [ 127.49095217456167, 36.381268181401929 ], [ 127.490711029681364, 36.381190317676911 ], [ 127.490452195744325, 36.381012271799293 ], [ 127.490383055534437, 36.380982140617661 ], [ 127.490293282039019, 36.381022492455131 ], [ 127.490132604618736, 36.381281665604703 ], [ 127.489866496915582, 36.38158351597864 ], [ 127.48951340197867, 36.381787161268662 ], [ 127.489215913014718, 36.381999022372533 ], [ 127.489009097308141, 36.381980716916189 ], [ 127.488831717670024, 36.38196284973926 ], [ 127.488068831915172, 36.382189005644349 ], [ 127.487901609745592, 36.382207709848629 ], [ 127.487591178003711, 36.382244452116396 ], [ 127.487232120634175, 36.382247039083936 ], [ 127.487162437803761, 36.382242537243677 ], [ 127.486984588447129, 36.382233401476462 ], [ 127.486847504381942, 36.38222747917554 ], [ 127.486693884572063, 36.382277667028362 ], [ 127.486623519640233, 36.382303302438459 ], [ 127.48651089772433, 36.382340364872363 ], [ 127.486424346694903, 36.382367192331621 ], [ 127.486289833083902, 36.382409137593953 ], [ 127.486126455148352, 36.382460202397503 ], [ 127.486050224417909, 36.382523034121512 ], [ 127.485978851488312, 36.382583872554505 ], [ 127.485767627903641, 36.382667239238337 ], [ 127.485602236414437, 36.382618345798647 ], [ 127.485333404282088, 36.382539736340526 ], [ 127.485149233016173, 36.382523026668032 ], [ 127.484999564344704, 36.382480818421662 ], [ 127.484734202201139, 36.382345032974754 ], [ 127.484478709805515, 36.382451673190211 ], [ 127.484110160719965, 36.382438798209201 ], [ 127.483695646078601, 36.382399919925703 ], [ 127.483324112711173, 36.382242868925516 ], [ 127.483174172950328, 36.382156457567113 ], [ 127.483018183124997, 36.382106396176447 ], [ 127.48289814405652, 36.381956494345552 ], [ 127.482462916837022, 36.381832932095406 ], [ 127.482273101120967, 36.381690078252781 ], [ 127.481998578235803, 36.381478842357176 ], [ 127.481737551683651, 36.381365273402047 ], [ 127.481494951443509, 36.381304861383988 ], [ 127.481158769675645, 36.381258900788715 ], [ 127.480814723936916, 36.381322515869357 ], [ 127.480646666667823, 36.381319531349178 ], [ 127.480587318443, 36.381297240366052 ], [ 127.480566066975626, 36.381239317890717 ], [ 127.480463800791156, 36.381231554438642 ], [ 127.480329406872954, 36.381236878369606 ], [ 127.48016251798019, 36.381226291701076 ], [ 127.480021343212499, 36.381234454076463 ], [ 127.479829949862065, 36.381231561882387 ], [ 127.479682620491033, 36.38123017817631 ], [ 127.479656825438894, 36.381225496265998 ], [ 127.47965251528673, 36.381204110954975 ], [ 127.479613660023631, 36.381228769027977 ], [ 127.479420266266956, 36.381183079056925 ], [ 127.479309535216458, 36.381157893000776 ], [ 127.479243080181831, 36.381083245308126 ], [ 127.479212748645836, 36.381049293724608 ], [ 127.479190742647162, 36.381009955947455 ], [ 127.479137128345101, 36.380984829690597 ], [ 127.479065518525886, 36.380892747025072 ], [ 127.479015246319747, 36.380816349334985 ], [ 127.478937975644257, 36.380766247257256 ], [ 127.478860916861791, 36.380608563721701 ], [ 127.478729717705491, 36.38059670597297 ], [ 127.478675709039265, 36.38059269527615 ], [ 127.478525023727727, 36.380581753216603 ], [ 127.478367894507869, 36.380572242500897 ], [ 127.478191175194681, 36.380548445250312 ], [ 127.478071931038286, 36.380640163542573 ], [ 127.47793828055184, 36.380739824328678 ], [ 127.477815563893259, 36.380832394292781 ], [ 127.477695788266431, 36.380922996888032 ], [ 127.477680702367408, 36.380934600891528 ], [ 127.477624235897935, 36.381068585238069 ], [ 127.477571230897965, 36.381200032511089 ], [ 127.477523380324968, 36.381319626979995 ], [ 127.477458325410012, 36.381474489309234 ], [ 127.47730139219621, 36.381868813505477 ], [ 127.477118834108694, 36.381973732675711 ], [ 127.476908177725676, 36.382094822073689 ], [ 127.476750287220838, 36.382246394715168 ], [ 127.476158855964059, 36.382695667736172 ], [ 127.475391556656746, 36.382802347563789 ], [ 127.474419427906028, 36.38385210491213 ], [ 127.474216141116543, 36.384159304057846 ], [ 127.474133970981001, 36.384824514258256 ], [ 127.474217596308392, 36.384917120009369 ], [ 127.474339237529207, 36.38504645971274 ], [ 127.474337042803512, 36.385374265406604 ], [ 127.474556775618822, 36.385713583366801 ], [ 127.47409865614604, 36.386469838890186 ], [ 127.473973039175775, 36.387035813672099 ], [ 127.47403322000406, 36.387484461368913 ], [ 127.474047747449845, 36.387553405706569 ], [ 127.474020585216465, 36.387698825175306 ], [ 127.473995989064747, 36.387951526565679 ], [ 127.474026093820541, 36.388351297107228 ], [ 127.473988448971582, 36.388374254370397 ], [ 127.473976898607305, 36.388854455945044 ], [ 127.474226654015354, 36.389088607359277 ], [ 127.474320127020221, 36.389569799029523 ], [ 127.474475576718064, 36.389729698128818 ], [ 127.475036121033028, 36.389951640651624 ], [ 127.47499194675396, 36.390190064287729 ], [ 127.474753980364198, 36.390925452207298 ], [ 127.474967235844645, 36.391112724082198 ], [ 127.475106374223373, 36.391713975596225 ], [ 127.47524172389457, 36.391977027895607 ], [ 127.475295524450374, 36.392175069498819 ], [ 127.475374402865995, 36.392459189419135 ], [ 127.475461791757155, 36.392768048362335 ], [ 127.475622214483195, 36.393345279846464 ], [ 127.475937102862872, 36.393890636402944 ], [ 127.475980605449365, 36.393971009170528 ], [ 127.475984916770514, 36.394308079483338 ], [ 127.476080103648485, 36.394494412386706 ], [ 127.475969627026586, 36.394713940989412 ], [ 127.475956329123036, 36.395104592008749 ], [ 127.476085542702421, 36.395273613628468 ], [ 127.476585911805046, 36.395701639243811 ], [ 127.47658731196384, 36.395702760122646 ], [ 127.476602371629042, 36.39571565887934 ], [ 127.476615910250359, 36.395709405055271 ], [ 127.47662269070662, 36.395706278098309 ], [ 127.477522154507255, 36.395288172848552 ], [ 127.477573907749147, 36.395264311168567 ], [ 127.478400476361358, 36.394890403288414 ], [ 127.479057759936879, 36.394460862264879 ], [ 127.479428109907914, 36.39447289832421 ], [ 127.479728841380577, 36.394321588637816 ], [ 127.479998496492172, 36.394245036646581 ], [ 127.480030197819488, 36.394217874886579 ], [ 127.480162250564945, 36.394137935668766 ], [ 127.480239890419497, 36.394131424533519 ], [ 127.480294891574687, 36.394126698277027 ], [ 127.480798262694364, 36.393991758526774 ], [ 127.481506964171501, 36.394221807970176 ], [ 127.481994608846776, 36.394136210743397 ], [ 127.482803810983626, 36.394000869939774 ], [ 127.482817346117073, 36.393992371543042 ], [ 127.483829338278227, 36.393670351518963 ], [ 127.484250013999443, 36.393343946591422 ], [ 127.484346350606472, 36.393039136820143 ], [ 127.484985715290179, 36.393266066579372 ], [ 127.485141869116191, 36.393452145426544 ], [ 127.486091566362333, 36.393815518265541 ], [ 127.486602961533393, 36.393908343381192 ], [ 127.486851763837819, 36.394064755992481 ], [ 127.486886561517522, 36.394086017098417 ], [ 127.487374351216118, 36.394220045663623 ], [ 127.487698624491898, 36.39446879754388 ], [ 127.488079434019099, 36.394425856625745 ], [ 127.48821013431737, 36.39441095965028 ], [ 127.488687551038311, 36.39455573085754 ], [ 127.48889856128055, 36.394458563215338 ], [ 127.489154937015044, 36.394432734917949 ], [ 127.489271677473624, 36.394356506879959 ], [ 127.489507323968894, 36.394106590364331 ], [ 127.489630587807056, 36.394100454442501 ], [ 127.489772978420987, 36.393948090366095 ], [ 127.489962150255977, 36.39375835302608 ], [ 127.490108612139537, 36.393423198972727 ], [ 127.490295531319703, 36.393263884403282 ], [ 127.49055935279199, 36.393229858136891 ], [ 127.490871562413844, 36.393190838885644 ], [ 127.491257601663847, 36.393012692680742 ], [ 127.491673691992503, 36.392765699575406 ], [ 127.491737875411118, 36.392808808913749 ], [ 127.491946116368709, 36.392965936106911 ], [ 127.492003112128515, 36.393028783144693 ], [ 127.492163920200284, 36.393204407248959 ], [ 127.492283154179319, 36.393332332435875 ], [ 127.492963825421469, 36.393312357605161 ], [ 127.493115611480377, 36.393686840055118 ], [ 127.493418269716756, 36.393929186010332 ], [ 127.493648756446206, 36.394051298688623 ], [ 127.493958790784632, 36.394275030977873 ], [ 127.493985535907342, 36.394346454627986 ], [ 127.494079959968815, 36.394627677128803 ], [ 127.494078821681981, 36.394722862125718 ], [ 127.494061046575311, 36.395493704779184 ], [ 127.494325896407702, 36.396091323474089 ], [ 127.49450134024589, 36.396319835936858 ], [ 127.494824107318067, 36.396739785428679 ], [ 127.494968238112975, 36.396919989280654 ], [ 127.495737890731689, 36.397111114531917 ], [ 127.497081103805101, 36.397443203444801 ], [ 127.497666180472748, 36.397284766007978 ], [ 127.498341072156137, 36.396869960340666 ], [ 127.498373235528561, 36.396861941416041 ], [ 127.498812298233787, 36.396639609870007 ], [ 127.499021953052761, 36.396332631570722 ], [ 127.498956046025356, 36.395637041233442 ], [ 127.499107042205949, 36.395553613896418 ], [ 127.499698597493818, 36.395349513916322 ], [ 127.49988648489186, 36.395125972920326 ] ] ] ] } },
{ "type": "Feature", "properties": { "EMD_CD": "30110126", "EMD_ENG_NM": "Hyopyeong-dong", "EMD_KOR_NM": "효평동" }, "geometry": { "type": "MultiPolygon", "coordinates": [ [ [ [ 127.473142001094615, 36.414333195982287 ], [ 127.473189983701417, 36.414288237043266 ], [ 127.473608046861301, 36.414510459117622 ], [ 127.473628766260632, 36.414509250758087 ], [ 127.473770152554835, 36.414555443646904 ], [ 127.473884414675879, 36.414581738010035 ], [ 127.473975709569999, 36.41461179083997 ], [ 127.474074382414287, 36.414650546601692 ], [ 127.474147649627881, 36.41469728795127 ], [ 127.474252637241563, 36.414600556844483 ], [ 127.474287802627515, 36.414567471371747 ], [ 127.47441723705704, 36.414510636619767 ], [ 127.474496018195367, 36.414459075876707 ], [ 127.474603890632423, 36.414407958548303 ], [ 127.47464990877711, 36.414382994442882 ], [ 127.474738497858553, 36.414312524477339 ], [ 127.474845922801052, 36.414274078953412 ], [ 127.474883002657606, 36.414211130426288 ], [ 127.474985684906727, 36.414166512637074 ], [ 127.475043221989893, 36.414116153195678 ], [ 127.475051362681171, 36.414109082887407 ], [ 127.475056062794806, 36.414051336210505 ], [ 127.475128101092238, 36.414007677889785 ], [ 127.47519041328232, 36.414000113348884 ], [ 127.475220442327313, 36.413980565311135 ], [ 127.47534824687294, 36.413998919441724 ], [ 127.475426496785857, 36.41400508823056 ], [ 127.475458022053417, 36.414002430865857 ], [ 127.475514097043032, 36.413972073647003 ], [ 127.475532180013033, 36.413966369643809 ], [ 127.475540876331621, 36.413962676430728 ], [ 127.475557376988391, 36.413955284532058 ], [ 127.475599246199451, 36.413935689396226 ], [ 127.475667105795452, 36.41389430924162 ], [ 127.475701349455179, 36.41376659664293 ], [ 127.475739121373024, 36.413703933469421 ], [ 127.475797150177627, 36.413707082342157 ], [ 127.475845373599725, 36.413731384215723 ], [ 127.475883932763267, 36.413741369049355 ], [ 127.475961397008859, 36.413732049741789 ], [ 127.476018774012829, 36.413741680406481 ], [ 127.476068593544795, 36.413769922909424 ], [ 127.476099279716578, 36.413801629779854 ], [ 127.476171939324615, 36.413834566601246 ], [ 127.476185725712369, 36.41380804485636 ], [ 127.476194782113481, 36.413808567573376 ], [ 127.476231847005039, 36.413888118446856 ], [ 127.476248002530767, 36.413937617787283 ], [ 127.477263739945101, 36.414440754793546 ], [ 127.477548978317031, 36.414563806301246 ], [ 127.477653091326516, 36.414554668028345 ], [ 127.477857497326937, 36.414591872574988 ], [ 127.478246842419438, 36.414275752447104 ], [ 127.478527126114699, 36.413845457775025 ], [ 127.478673780416571, 36.413613391998517 ], [ 127.478677636720064, 36.413531146131369 ], [ 127.479088701501297, 36.413349551084082 ], [ 127.479443069629099, 36.413098621338854 ], [ 127.480479328751315, 36.412346519204206 ], [ 127.480862498410815, 36.412135742366409 ], [ 127.480798402972212, 36.41196703291233 ], [ 127.480776115093718, 36.411856163041143 ], [ 127.481258059080787, 36.411644997482355 ], [ 127.481215700624858, 36.411299907776687 ], [ 127.481019533469592, 36.41090052829523 ], [ 127.480979414959293, 36.410495169156917 ], [ 127.481310509224926, 36.410229971839627 ], [ 127.481659179722158, 36.40999144924718 ], [ 127.481950036813359, 36.410152208191811 ], [ 127.482245613594273, 36.410315191298785 ], [ 127.483119127565715, 36.410271128677685 ], [ 127.483796613174718, 36.410106465792104 ], [ 127.48419359801423, 36.409850564657781 ], [ 127.484381231712902, 36.409459776755675 ], [ 127.484906268001168, 36.409292623930561 ], [ 127.48495375012179, 36.409280040824903 ], [ 127.485457353357702, 36.408858963465335 ], [ 127.485833847539979, 36.408754092568863 ], [ 127.4858588246897, 36.408232158754537 ], [ 127.48589331663598, 36.408204984171434 ], [ 127.486162763493951, 36.40794818789341 ], [ 127.486290220142592, 36.407909939155829 ], [ 127.486723991637589, 36.407774977625955 ], [ 127.486927463128879, 36.407721487178151 ], [ 127.48707200193887, 36.407266374373982 ], [ 127.487084803611921, 36.407028642337274 ], [ 127.487074225197432, 36.406615000494043 ], [ 127.487066591373676, 36.406172906149891 ], [ 127.487073183818183, 36.406028405935601 ], [ 127.487074716672439, 36.405602891605248 ], [ 127.487121246776965, 36.40546640247878 ], [ 127.486388245701164, 36.405099897531016 ], [ 127.486378852730695, 36.404962518282716 ], [ 127.486519993517078, 36.404633581684415 ], [ 127.486904073027048, 36.404325060238357 ], [ 127.486792185636332, 36.403895500926403 ], [ 127.486813326612918, 36.40340146389768 ], [ 127.486441893756279, 36.40305349497438 ], [ 127.486339150497216, 36.4027762386009 ], [ 127.486271807915898, 36.402591495408515 ], [ 127.486242856569788, 36.402557260810482 ], [ 127.486173809984294, 36.402489386522525 ], [ 127.486099999905989, 36.40241196123322 ], [ 127.486073774335779, 36.402367856874001 ], [ 127.486055655766179, 36.40234033695463 ], [ 127.485998319301601, 36.402278615012179 ], [ 127.485934706972671, 36.402216918497203 ], [ 127.485845295318569, 36.402124065434954 ], [ 127.485795856864812, 36.402072161010011 ], [ 127.485707404147036, 36.401993668398099 ], [ 127.485405038794582, 36.401265803593688 ], [ 127.485373735055731, 36.400907720384204 ], [ 127.485613330104727, 36.400530804618271 ], [ 127.485602416413229, 36.400005924645107 ], [ 127.485584166235384, 36.399984028397057 ], [ 127.48520155643503, 36.39999289594283 ], [ 127.484572747247299, 36.399621748892677 ], [ 127.4845080953571, 36.399025831516155 ], [ 127.484103997812568, 36.398432421564159 ], [ 127.483657402496007, 36.398373117754367 ], [ 127.483074659026173, 36.398548941694216 ], [ 127.482784086370373, 36.398767517258761 ], [ 127.482481427901419, 36.398663976877884 ], [ 127.481589103503936, 36.398515775973387 ], [ 127.481102838544146, 36.398434940197816 ], [ 127.48074732218636, 36.398318369635049 ], [ 127.480380760238475, 36.397989223083016 ], [ 127.479901865149728, 36.397687848485546 ], [ 127.479661256252243, 36.397534777036796 ], [ 127.479422066513763, 36.397383943301321 ], [ 127.47922809670969, 36.397277986126198 ], [ 127.478827854201427, 36.397051764538105 ], [ 127.478092021614458, 36.396970778099437 ], [ 127.477845743798269, 36.396943599361052 ], [ 127.477030259949174, 36.396138347642115 ], [ 127.476618665072095, 36.395731643699854 ], [ 127.476612351952184, 36.395725477853688 ], [ 127.476602371629042, 36.39571565887934 ], [ 127.47658731196384, 36.395702760122646 ], [ 127.476585911805046, 36.395701639243811 ], [ 127.476085542702421, 36.395273613628468 ], [ 127.475956329123036, 36.395104592008749 ], [ 127.475969627026586, 36.394713940989412 ], [ 127.476080103648485, 36.394494412386706 ], [ 127.475984916770514, 36.394308079483338 ], [ 127.475980605449365, 36.393971009170528 ], [ 127.475937102862872, 36.393890636402944 ], [ 127.475622214483195, 36.393345279846464 ], [ 127.475461791757155, 36.392768048362335 ], [ 127.475374402865995, 36.392459189419135 ], [ 127.475295524450374, 36.392175069498819 ], [ 127.47524172389457, 36.391977027895607 ], [ 127.475106374223373, 36.391713975596225 ], [ 127.474967235844645, 36.391112724082198 ], [ 127.474753980364198, 36.390925452207298 ], [ 127.47499194675396, 36.390190064287729 ], [ 127.475036121033028, 36.389951640651624 ], [ 127.474475576718064, 36.389729698128818 ], [ 127.474320127020221, 36.389569799029523 ], [ 127.474226654015354, 36.389088607359277 ], [ 127.473976898607305, 36.388854455945044 ], [ 127.473211951636301, 36.389016020225618 ], [ 127.472718895026802, 36.388721989437997 ], [ 127.472000380339182, 36.388669067008323 ], [ 127.471780062292282, 36.38860967406498 ], [ 127.470895137145206, 36.388366453282138 ], [ 127.470723272147566, 36.388255330637634 ], [ 127.470416443012184, 36.388056595189589 ], [ 127.469688984429325, 36.388021996492498 ], [ 127.469535255480977, 36.387855037261225 ], [ 127.469416400547743, 36.387752995958678 ], [ 127.469184458416876, 36.387553396208297 ], [ 127.469059402080106, 36.38746348140144 ], [ 127.468923009022674, 36.38737136693495 ], [ 127.468644483516968, 36.387272770179244 ], [ 127.468522251409937, 36.387159188305226 ], [ 127.46848438710029, 36.387117666695666 ], [ 127.468509585539678, 36.386817364713671 ], [ 127.468510147336673, 36.386475201015536 ], [ 127.468513113056787, 36.386156683355644 ], [ 127.468333328809337, 36.385882820596635 ], [ 127.467968044499614, 36.38542803518316 ], [ 127.467133633892175, 36.38515136319031 ], [ 127.466924851301883, 36.385007432452426 ], [ 127.466652570451643, 36.384815869963518 ], [ 127.466450603160027, 36.384648247368254 ], [ 127.466124479839706, 36.384480548678539 ], [ 127.465841198130192, 36.384136397522433 ], [ 127.465474182063929, 36.38411980039286 ], [ 127.464929965762536, 36.384496741693376 ], [ 127.46451982470569, 36.384784162271629 ], [ 127.464062328432789, 36.384838877890544 ], [ 127.463152931637879, 36.384452923248638 ], [ 127.463023784977366, 36.38431571591866 ], [ 127.462974639802738, 36.384310841261325 ], [ 127.462855935727049, 36.384290455927825 ], [ 127.462301956661378, 36.384492255376493 ], [ 127.461836105840305, 36.384252711643391 ], [ 127.461529915338645, 36.384095340964748 ], [ 127.461492293710066, 36.383859498855401 ], [ 127.461240988028024, 36.383528730958759 ], [ 127.46119228448417, 36.383153810149977 ], [ 127.461020631510252, 36.382955088712315 ], [ 127.460824931254749, 36.382842060771765 ], [ 127.460455266166733, 36.382551739719247 ], [ 127.460346072826283, 36.382313342485432 ], [ 127.460133316589818, 36.381874564080867 ], [ 127.459792196931375, 36.381549490670523 ], [ 127.459754131910842, 36.381413615415006 ], [ 127.459543286876297, 36.381064097586481 ], [ 127.459479560819915, 36.380915650290781 ], [ 127.459438422906175, 36.380820059600566 ], [ 127.45941769937501, 36.38076014872702 ], [ 127.459395542072855, 36.380664773631992 ], [ 127.459368980143068, 36.380319901832991 ], [ 127.459339439723792, 36.380212155035842 ], [ 127.458408553272605, 36.379503801452756 ], [ 127.458150588555185, 36.379281750315208 ], [ 127.458082512244275, 36.379223435013948 ], [ 127.457497550261493, 36.379123162163879 ], [ 127.457352055708768, 36.378868292159964 ], [ 127.457405689264618, 36.378661388013853 ], [ 127.457218570155646, 36.37852270125321 ], [ 127.456285627051884, 36.378110874990909 ], [ 127.455948951791086, 36.378157214306796 ], [ 127.45508145879532, 36.378008440106122 ], [ 127.454560159350038, 36.377715008335912 ], [ 127.454130366117042, 36.377286612000731 ], [ 127.453802685294818, 36.377350087338137 ], [ 127.45335758148191, 36.377525813157284 ], [ 127.453043977000988, 36.377614862223624 ], [ 127.452918724311431, 36.377816691241591 ], [ 127.452703733164512, 36.37815853019854 ], [ 127.452468289046067, 36.378484684642963 ], [ 127.451975368914276, 36.379006686067761 ], [ 127.451859569877271, 36.379155814392952 ], [ 127.451842810176956, 36.379179253714369 ], [ 127.451821733707717, 36.379238746770625 ], [ 127.451805131793222, 36.379349490056192 ], [ 127.451797823151182, 36.379409778300818 ], [ 127.451773965715461, 36.379501110866443 ], [ 127.451728835223349, 36.379646872673753 ], [ 127.45153651241273, 36.380327127420323 ], [ 127.451533110688104, 36.380493017076645 ], [ 127.451522363978043, 36.380622031826377 ], [ 127.451519803680839, 36.380781159591855 ], [ 127.451507482472607, 36.380940594471646 ], [ 127.451310985221525, 36.381078761674146 ], [ 127.451290717076375, 36.381096861222879 ], [ 127.451243901588697, 36.381132236858271 ], [ 127.45181713160423, 36.381763422731275 ], [ 127.452149967331081, 36.381894530192191 ], [ 127.452394737866683, 36.382033286585227 ], [ 127.452628843529965, 36.382376538248955 ], [ 127.452709086458128, 36.382702617812704 ], [ 127.452846366814612, 36.382773633390713 ], [ 127.453108818992206, 36.383078468586206 ], [ 127.453125871465346, 36.383136420880447 ], [ 127.453215531724041, 36.383342501866842 ], [ 127.453215655507819, 36.383363903978008 ], [ 127.453280184630515, 36.383531501224624 ], [ 127.453330613866825, 36.383550460167307 ], [ 127.453116715035023, 36.383962144452518 ], [ 127.453063967156865, 36.38411469416215 ], [ 127.453082909554126, 36.384258528972602 ], [ 127.453339341419039, 36.38517842870688 ], [ 127.453673926450961, 36.38557789990255 ], [ 127.454219756943672, 36.386008948409859 ], [ 127.454747532382285, 36.38675012523877 ], [ 127.454823746678386, 36.38688867784888 ], [ 127.454851119788117, 36.387165113122286 ], [ 127.45481360280013, 36.387541210681235 ], [ 127.454777827099875, 36.387768042385282 ], [ 127.454692965421486, 36.388090808611913 ], [ 127.454833149007371, 36.388448776316991 ], [ 127.455289429566079, 36.388868615606157 ], [ 127.455188612143544, 36.388990655212915 ], [ 127.455193672792717, 36.388994574062139 ], [ 127.454948910117338, 36.389280216055951 ], [ 127.454621101203884, 36.389660515065373 ], [ 127.454109831098762, 36.390239475337061 ], [ 127.454102105061637, 36.390258374905947 ], [ 127.454109308160781, 36.390268476652416 ], [ 127.454097360365395, 36.390282048338179 ], [ 127.454303631573893, 36.390563437838011 ], [ 127.454305026124786, 36.390594414435732 ], [ 127.454308374295024, 36.390691267441404 ], [ 127.454311778079656, 36.390797708577651 ], [ 127.454326685284599, 36.390965772484492 ], [ 127.454089307283482, 36.391415566995761 ], [ 127.45425965959214, 36.392531512572397 ], [ 127.454203723993217, 36.393668880016172 ], [ 127.45417969758968, 36.393879328767106 ], [ 127.454178363125592, 36.394431582428716 ], [ 127.454649866524406, 36.396178043715203 ], [ 127.454748312623067, 36.396335084668344 ], [ 127.454764470421154, 36.396387966455464 ], [ 127.454980330954641, 36.396877720110552 ], [ 127.454970301174455, 36.397190910977862 ], [ 127.454998457045349, 36.39733076309016 ], [ 127.455020712819817, 36.397354901740052 ], [ 127.455040187484656, 36.397589129139234 ], [ 127.455420639096303, 36.398437305508992 ], [ 127.455443084092167, 36.398883014469682 ], [ 127.4552334209924, 36.399010252744155 ], [ 127.45536310572848, 36.399715475435002 ], [ 127.455352735018408, 36.400268880317647 ], [ 127.455441037390855, 36.400237004184945 ], [ 127.45570543531494, 36.400117163200186 ], [ 127.455705792358913, 36.400119135379697 ], [ 127.455793685259934, 36.400078248957591 ], [ 127.455944665573028, 36.401148647415518 ], [ 127.456352850152612, 36.401283952507022 ], [ 127.456918108474966, 36.40167971391373 ], [ 127.457060527290281, 36.401788156848596 ], [ 127.457579972187432, 36.402360662746986 ], [ 127.457600560301742, 36.402396630452465 ], [ 127.45766917959277, 36.402483384216076 ], [ 127.457616281834802, 36.403089615090842 ], [ 127.458183284828195, 36.403601108397233 ], [ 127.45824774403151, 36.403692951232244 ], [ 127.458763393136607, 36.403851780703867 ], [ 127.459168536444366, 36.403967090999963 ], [ 127.459496059443012, 36.40427449102863 ], [ 127.460148261256037, 36.404489383454809 ], [ 127.460875192229835, 36.404617257463705 ], [ 127.460884321692362, 36.40462849583087 ], [ 127.461225526252278, 36.404889356711678 ], [ 127.461464460034946, 36.405324092378848 ], [ 127.46188989833675, 36.405572524322288 ], [ 127.462339107282318, 36.406039952415874 ], [ 127.4628029261374, 36.406590409043396 ], [ 127.463398444302683, 36.406937017376066 ], [ 127.464161871262505, 36.406958006023451 ], [ 127.464267063852958, 36.407158664660528 ], [ 127.464907640878536, 36.407639994013792 ], [ 127.464983982917843, 36.407677149848816 ], [ 127.465623515864351, 36.407951492584253 ], [ 127.465780149888843, 36.408016776355495 ], [ 127.466262369305696, 36.408286941966942 ], [ 127.466370115742791, 36.408303139938596 ], [ 127.466497610133899, 36.408475269214435 ], [ 127.466519146181056, 36.408493487855978 ], [ 127.466555221674284, 36.408555022558836 ], [ 127.466595761013735, 36.408693976278911 ], [ 127.466582727874552, 36.40878554853002 ], [ 127.466571947017911, 36.408789258222832 ], [ 127.466568190843432, 36.408802501833541 ], [ 127.466735046293252, 36.408973639472578 ], [ 127.46691377475247, 36.409266098400416 ], [ 127.467386418512191, 36.409769750358116 ], [ 127.467383267170831, 36.409796517994629 ], [ 127.467382488244724, 36.409841578868495 ], [ 127.467382782455374, 36.409890852968914 ], [ 127.467378740597525, 36.40994212652911 ], [ 127.467371405176664, 36.409968342758276 ], [ 127.467622673353091, 36.410038896104751 ], [ 127.467779126435602, 36.410043070485841 ], [ 127.468234630487913, 36.409979615963707 ], [ 127.468463019977591, 36.410303139520515 ], [ 127.468526007573445, 36.410669555791543 ], [ 127.468627342911702, 36.410951329578793 ], [ 127.468731394778288, 36.41107595798568 ], [ 127.469021589921226, 36.411219295654803 ], [ 127.469405910577336, 36.411659068715608 ], [ 127.469407272731502, 36.411683565819587 ], [ 127.469429477261713, 36.411695869716532 ], [ 127.469815696450524, 36.41219111815969 ], [ 127.469854391017435, 36.412223912681569 ], [ 127.47045948894079, 36.412701403673843 ], [ 127.471326630376282, 36.41376333291354 ], [ 127.471587476019351, 36.41411994813118 ], [ 127.471725254300722, 36.414204177419954 ], [ 127.471793846306525, 36.414254317967114 ], [ 127.471824694705319, 36.41428544855993 ], [ 127.471872519921362, 36.414328912180174 ], [ 127.472321722154561, 36.414836015636602 ], [ 127.472378956226279, 36.414908720501607 ], [ 127.472639134627798, 36.414719578027722 ], [ 127.472824698545665, 36.414580013713071 ], [ 127.473083437623984, 36.41438552308334 ], [ 127.473142001094615, 36.414333195982287 ] ] ] ] } },
{ "type": "Feature", "properties": { "EMD_CD": "30110127", "EMD_ENG_NM": "Jik-dong", "EMD_KOR_NM": "직동" }, "geometry": { "type": "MultiPolygon", "coordinates": [ [ [ [ 127.492429469203188, 36.439371447593366 ], [ 127.491519898115143, 36.437610901121253 ], [ 127.491476010254232, 36.437532509842598 ], [ 127.491067332929305, 36.43674961671784 ], [ 127.490841406635369, 36.436318278466054 ], [ 127.490700139543961, 36.436050197003738 ], [ 127.490656934838256, 36.435968432290451 ], [ 127.490629422492091, 36.435917008134751 ], [ 127.490507945674381, 36.435690523616998 ], [ 127.49033005177202, 36.435332764867248 ], [ 127.489724480456516, 36.43413107831141 ], [ 127.489721477029306, 36.434125179034943 ], [ 127.489775107052566, 36.433395026419589 ], [ 127.489816030418254, 36.433112960589689 ], [ 127.489863233720769, 36.432831157415137 ], [ 127.489922210833456, 36.432427938839552 ], [ 127.490034824603796, 36.432102495499038 ], [ 127.49012860216402, 36.431912311012915 ], [ 127.49024173908623, 36.431697256497387 ], [ 127.490401687940945, 36.431362616491029 ], [ 127.490481301713885, 36.431193883069731 ], [ 127.490539278267832, 36.431074531265743 ], [ 127.490728644751542, 36.430679780567509 ], [ 127.490829105784826, 36.430472941844918 ], [ 127.490903633307795, 36.430325640356273 ], [ 127.491062164790421, 36.429959744228768 ], [ 127.491284225606947, 36.429528244696094 ], [ 127.49146740617536, 36.429259400165257 ], [ 127.491702622287477, 36.428842219221757 ], [ 127.491749204129093, 36.428741495349939 ], [ 127.491842047032804, 36.428542292736019 ], [ 127.491878651395567, 36.428461606368082 ], [ 127.491902612941587, 36.428420388345785 ], [ 127.49209502912538, 36.428097715063885 ], [ 127.492239011407008, 36.427829598085346 ], [ 127.49231948150063, 36.427686488637384 ], [ 127.492411323859756, 36.427523624159228 ], [ 127.492442853342993, 36.427467731171113 ], [ 127.492462504517619, 36.427432739699299 ], [ 127.492485605798095, 36.427394904416388 ], [ 127.492505791640099, 36.427361595894816 ], [ 127.492597686411784, 36.427207174856086 ], [ 127.49273098330012, 36.426986970458699 ], [ 127.492891639172143, 36.426712863483388 ], [ 127.493080873330285, 36.426300654050216 ], [ 127.493096866420103, 36.426265668518006 ], [ 127.493100129780728, 36.426259743517079 ], [ 127.493346729435089, 36.425799130799028 ], [ 127.493497867131893, 36.425590125445424 ], [ 127.493617210645326, 36.425423199626763 ], [ 127.493766788634375, 36.425242911098593 ], [ 127.493911492670719, 36.425064336648262 ], [ 127.493961449964999, 36.425002744049813 ], [ 127.49425513137713, 36.424686975843443 ], [ 127.494662223250359, 36.424231618483589 ], [ 127.495230200988388, 36.423569735064689 ], [ 127.495560679634295, 36.423097236013746 ], [ 127.495672448989794, 36.422670699052034 ], [ 127.495859298071892, 36.422132324359147 ], [ 127.495862035635142, 36.422124427930136 ], [ 127.495988987460365, 36.421759223362599 ], [ 127.496165087644997, 36.421284820490911 ], [ 127.496181357519077, 36.421241110208612 ], [ 127.496187005547185, 36.421224469532888 ], [ 127.496310835518685, 36.420861521384886 ], [ 127.496505623447021, 36.420340297656793 ], [ 127.496944984322838, 36.419486884947752 ], [ 127.496992438852729, 36.419112988445349 ], [ 127.497002197420088, 36.418672797217994 ], [ 127.497025042058667, 36.418239021942817 ], [ 127.497027486282775, 36.417828698222095 ], [ 127.497051978414248, 36.417487572739851 ], [ 127.497057496769386, 36.417232964708191 ], [ 127.497061909426137, 36.416993861110861 ], [ 127.497091284008661, 36.41657189076372 ], [ 127.497101944912302, 36.41649496001417 ], [ 127.497119979191453, 36.416372949944495 ], [ 127.497141575966566, 36.416234307793118 ], [ 127.497158413315816, 36.416143284375416 ], [ 127.497177134622106, 36.416045197093482 ], [ 127.497208671437704, 36.415881173194819 ], [ 127.49741823850789, 36.415358480455176 ], [ 127.497757745340564, 36.414915783592974 ], [ 127.498110860550355, 36.414532451301781 ], [ 127.49845074457906, 36.414122138370665 ], [ 127.498722381116821, 36.413774910123287 ], [ 127.499035388044959, 36.413439611401309 ], [ 127.499253173542996, 36.413197924251769 ], [ 127.499434476730045, 36.412999761412728 ], [ 127.499502123585415, 36.412899225839098 ], [ 127.499636734582808, 36.412699572234757 ], [ 127.49988621164745, 36.412265688539826 ], [ 127.499978683036971, 36.412070427799648 ], [ 127.500020429982584, 36.411978732222579 ], [ 127.500626852554618, 36.410648121726545 ], [ 127.501554574780371, 36.408653813716924 ], [ 127.501562244768294, 36.408653781600812 ], [ 127.502311337490653, 36.408527013067626 ], [ 127.502551671907156, 36.405045011420299 ], [ 127.502556581644328, 36.40472451269045 ], [ 127.502585150271457, 36.404373230314654 ], [ 127.502672698095196, 36.404172355718408 ], [ 127.502729814579169, 36.404034401335707 ], [ 127.502678819621806, 36.403931270750299 ], [ 127.502455409524117, 36.403806884267219 ], [ 127.502243307609461, 36.403815100149068 ], [ 127.501592730691215, 36.404006501177157 ], [ 127.501178291885822, 36.404188467096255 ], [ 127.501130869659704, 36.404209509238463 ], [ 127.500892485886752, 36.404302307056206 ], [ 127.500779472148665, 36.404336014208383 ], [ 127.50063946254653, 36.404258874715744 ], [ 127.500503454982507, 36.404155530734862 ], [ 127.500397092080263, 36.404056000817548 ], [ 127.500529265942802, 36.403887608254195 ], [ 127.500473810848547, 36.40385010854132 ], [ 127.500330356214832, 36.403753545127081 ], [ 127.499903167003836, 36.403494561006305 ], [ 127.49930994034051, 36.403145584151382 ], [ 127.499042207238062, 36.403034055249371 ], [ 127.498782856229411, 36.402953742949592 ], [ 127.498392948604774, 36.402940731009544 ], [ 127.49804092870481, 36.402969220749277 ], [ 127.498244302040675, 36.402738868494033 ], [ 127.498470806922569, 36.402475464340327 ], [ 127.498557261003882, 36.402374571533272 ], [ 127.498794413683086, 36.402117034029935 ], [ 127.49891578575577, 36.401974875785392 ], [ 127.498994334227973, 36.401837122228649 ], [ 127.499147420655405, 36.401806917502995 ], [ 127.499200208439504, 36.401562817504121 ], [ 127.499270576567994, 36.401261204472981 ], [ 127.499315787589993, 36.401057967394749 ], [ 127.49938504418968, 36.400992912566672 ], [ 127.499594143323606, 36.400789559791875 ], [ 127.499511137272194, 36.400691346414661 ], [ 127.499391781337962, 36.400547938303951 ], [ 127.499363906953704, 36.400519046262779 ], [ 127.499342251791788, 36.400400859692212 ], [ 127.499303486409204, 36.400221636982465 ], [ 127.499314086520087, 36.400055437489158 ], [ 127.499323987635819, 36.399942192886122 ], [ 127.499193932163649, 36.399840796031093 ], [ 127.499077014806673, 36.399750879107295 ], [ 127.498749978577877, 36.399543010481565 ], [ 127.498571995763001, 36.3994930522544 ], [ 127.49834311048015, 36.399188458300188 ], [ 127.498090578351366, 36.398918034957937 ], [ 127.497784753955315, 36.39873006310949 ], [ 127.497574502756905, 36.398315277790587 ], [ 127.49767424391969, 36.397922021986041 ], [ 127.497666180472748, 36.397284766007978 ], [ 127.497081103805101, 36.397443203444801 ], [ 127.495737890731689, 36.397111114531917 ], [ 127.494968238112975, 36.396919989280654 ], [ 127.494824107318067, 36.396739785428679 ], [ 127.49450134024589, 36.396319835936858 ], [ 127.494325896407702, 36.396091323474089 ], [ 127.494061046575311, 36.395493704779184 ], [ 127.494078821681981, 36.394722862125718 ], [ 127.494079959968815, 36.394627677128803 ], [ 127.493985535907342, 36.394346454627986 ], [ 127.493958790784632, 36.394275030977873 ], [ 127.493648756446206, 36.394051298688623 ], [ 127.493418269716756, 36.393929186010332 ], [ 127.493115611480377, 36.393686840055118 ], [ 127.492963825421469, 36.393312357605161 ], [ 127.492283154179319, 36.393332332435875 ], [ 127.492163920200284, 36.393204407248959 ], [ 127.492003112128515, 36.393028783144693 ], [ 127.491946116368709, 36.392965936106911 ], [ 127.491737875411118, 36.392808808913749 ], [ 127.491673691992503, 36.392765699575406 ], [ 127.491257601663847, 36.393012692680742 ], [ 127.490871562413844, 36.393190838885644 ], [ 127.49055935279199, 36.393229858136891 ], [ 127.490295531319703, 36.393263884403282 ], [ 127.490108612139537, 36.393423198972727 ], [ 127.489962150255977, 36.39375835302608 ], [ 127.489772978420987, 36.393948090366095 ], [ 127.489630587807056, 36.394100454442501 ], [ 127.489507323968894, 36.394106590364331 ], [ 127.489271677473624, 36.394356506879959 ], [ 127.489154937015044, 36.394432734917949 ], [ 127.48889856128055, 36.394458563215338 ], [ 127.488687551038311, 36.39455573085754 ], [ 127.48821013431737, 36.39441095965028 ], [ 127.488079434019099, 36.394425856625745 ], [ 127.487698624491898, 36.39446879754388 ], [ 127.487374351216118, 36.394220045663623 ], [ 127.486886561517522, 36.394086017098417 ], [ 127.486851763837819, 36.394064755992481 ], [ 127.486602961533393, 36.393908343381192 ], [ 127.486091566362333, 36.393815518265541 ], [ 127.485141869116191, 36.393452145426544 ], [ 127.484985715290179, 36.393266066579372 ], [ 127.484346350606472, 36.393039136820143 ], [ 127.484250013999443, 36.393343946591422 ], [ 127.483829338278227, 36.393670351518963 ], [ 127.482817346117073, 36.393992371543042 ], [ 127.482803810983626, 36.394000869939774 ], [ 127.481994608846776, 36.394136210743397 ], [ 127.481506964171501, 36.394221807970176 ], [ 127.480798262694364, 36.393991758526774 ], [ 127.480294891574687, 36.394126698277027 ], [ 127.480239890419497, 36.394131424533519 ], [ 127.480162250564945, 36.394137935668766 ], [ 127.480030197819488, 36.394217874886579 ], [ 127.479998496492172, 36.394245036646581 ], [ 127.479728841380577, 36.394321588637816 ], [ 127.479428109907914, 36.39447289832421 ], [ 127.479057759936879, 36.394460862264879 ], [ 127.478400476361358, 36.394890403288414 ], [ 127.477573907749147, 36.395264311168567 ], [ 127.477522154507255, 36.395288172848552 ], [ 127.47662269070662, 36.395706278098309 ], [ 127.476615910250359, 36.395709405055271 ], [ 127.476602371629042, 36.39571565887934 ], [ 127.476612351952184, 36.395725477853688 ], [ 127.476618665072095, 36.395731643699854 ], [ 127.477030259949174, 36.396138347642115 ], [ 127.477845743798269, 36.396943599361052 ], [ 127.478092021614458, 36.396970778099437 ], [ 127.478827854201427, 36.397051764538105 ], [ 127.47922809670969, 36.397277986126198 ], [ 127.479422066513763, 36.397383943301321 ], [ 127.479661256252243, 36.397534777036796 ], [ 127.479901865149728, 36.397687848485546 ], [ 127.480380760238475, 36.397989223083016 ], [ 127.48074732218636, 36.398318369635049 ], [ 127.481102838544146, 36.398434940197816 ], [ 127.481589103503936, 36.398515775973387 ], [ 127.482481427901419, 36.398663976877884 ], [ 127.482784086370373, 36.398767517258761 ], [ 127.483074659026173, 36.398548941694216 ], [ 127.483657402496007, 36.398373117754367 ], [ 127.484103997812568, 36.398432421564159 ], [ 127.4845080953571, 36.399025831516155 ], [ 127.484572747247299, 36.399621748892677 ], [ 127.48520155643503, 36.39999289594283 ], [ 127.485584166235384, 36.399984028397057 ], [ 127.485602416413229, 36.400005924645107 ], [ 127.485613330104727, 36.400530804618271 ], [ 127.485373735055731, 36.400907720384204 ], [ 127.485405038794582, 36.401265803593688 ], [ 127.485707404147036, 36.401993668398099 ], [ 127.485795856864812, 36.402072161010011 ], [ 127.485845295318569, 36.402124065434954 ], [ 127.485934706972671, 36.402216918497203 ], [ 127.485998319301601, 36.402278615012179 ], [ 127.486055655766179, 36.40234033695463 ], [ 127.486073774335779, 36.402367856874001 ], [ 127.486099999905989, 36.40241196123322 ], [ 127.486173809984294, 36.402489386522525 ], [ 127.486242856569788, 36.402557260810482 ], [ 127.486271807915898, 36.402591495408515 ], [ 127.486339150497216, 36.4027762386009 ], [ 127.486441893756279, 36.40305349497438 ], [ 127.486813326612918, 36.40340146389768 ], [ 127.486792185636332, 36.403895500926403 ], [ 127.486904073027048, 36.404325060238357 ], [ 127.486519993517078, 36.404633581684415 ], [ 127.486378852730695, 36.404962518282716 ], [ 127.486388245701164, 36.405099897531016 ], [ 127.487121246776965, 36.40546640247878 ], [ 127.487074716672439, 36.405602891605248 ], [ 127.487073183818183, 36.406028405935601 ], [ 127.487066591373676, 36.406172906149891 ], [ 127.487074225197432, 36.406615000494043 ], [ 127.487084803611921, 36.407028642337274 ], [ 127.48707200193887, 36.407266374373982 ], [ 127.486927463128879, 36.407721487178151 ], [ 127.486723991637589, 36.407774977625955 ], [ 127.486290220142592, 36.407909939155829 ], [ 127.486162763493951, 36.40794818789341 ], [ 127.48589331663598, 36.408204984171434 ], [ 127.4858588246897, 36.408232158754537 ], [ 127.485833847539979, 36.408754092568863 ], [ 127.485457353357702, 36.408858963465335 ], [ 127.48495375012179, 36.409280040824903 ], [ 127.484906268001168, 36.409292623930561 ], [ 127.484381231712902, 36.409459776755675 ], [ 127.48419359801423, 36.409850564657781 ], [ 127.483796613174718, 36.410106465792104 ], [ 127.483119127565715, 36.410271128677685 ], [ 127.482245613594273, 36.410315191298785 ], [ 127.481950036813359, 36.410152208191811 ], [ 127.481659179722158, 36.40999144924718 ], [ 127.481310509224926, 36.410229971839627 ], [ 127.480979414959293, 36.410495169156917 ], [ 127.481019533469592, 36.41090052829523 ], [ 127.481215700624858, 36.411299907776687 ], [ 127.481258059080787, 36.411644997482355 ], [ 127.480776115093718, 36.411856163041143 ], [ 127.480798402972212, 36.41196703291233 ], [ 127.480862498410815, 36.412135742366409 ], [ 127.480479328751315, 36.412346519204206 ], [ 127.479443069629099, 36.413098621338854 ], [ 127.479088701501297, 36.413349551084082 ], [ 127.478677636720064, 36.413531146131369 ], [ 127.478673780416571, 36.413613391998517 ], [ 127.478527126114699, 36.413845457775025 ], [ 127.478246842419438, 36.414275752447104 ], [ 127.477857497326937, 36.414591872574988 ], [ 127.477653091326516, 36.414554668028345 ], [ 127.477548978317031, 36.414563806301246 ], [ 127.477263739945101, 36.414440754793546 ], [ 127.476248002530767, 36.413937617787283 ], [ 127.476231847005039, 36.413888118446856 ], [ 127.476194782113481, 36.413808567573376 ], [ 127.476185725712369, 36.41380804485636 ], [ 127.476171939324615, 36.413834566601246 ], [ 127.476099279716578, 36.413801629779854 ], [ 127.476068593544795, 36.413769922909424 ], [ 127.476018774012829, 36.413741680406481 ], [ 127.475961397008859, 36.413732049741789 ], [ 127.475883932763267, 36.413741369049355 ], [ 127.475845373599725, 36.413731384215723 ], [ 127.475797150177627, 36.413707082342157 ], [ 127.475739121373024, 36.413703933469421 ], [ 127.475701349455179, 36.41376659664293 ], [ 127.475667105795452, 36.41389430924162 ], [ 127.475599246199451, 36.413935689396226 ], [ 127.475557376988391, 36.413955284532058 ], [ 127.475540876331621, 36.413962676430728 ], [ 127.475532180013033, 36.413966369643809 ], [ 127.475514097043032, 36.413972073647003 ], [ 127.475458022053417, 36.414002430865857 ], [ 127.475426496785857, 36.41400508823056 ], [ 127.47534824687294, 36.413998919441724 ], [ 127.475220442327313, 36.413980565311135 ], [ 127.47519041328232, 36.414000113348884 ], [ 127.475128101092238, 36.414007677889785 ], [ 127.475056062794806, 36.414051336210505 ], [ 127.475051362681171, 36.414109082887407 ], [ 127.475043221989893, 36.414116153195678 ], [ 127.474985684906727, 36.414166512637074 ], [ 127.474883002657606, 36.414211130426288 ], [ 127.474845922801052, 36.414274078953412 ], [ 127.474738497858553, 36.414312524477339 ], [ 127.47464990877711, 36.414382994442882 ], [ 127.474603890632423, 36.414407958548303 ], [ 127.474496018195367, 36.414459075876707 ], [ 127.47441723705704, 36.414510636619767 ], [ 127.474287802627515, 36.414567471371747 ], [ 127.474252637241563, 36.414600556844483 ], [ 127.474147649627881, 36.41469728795127 ], [ 127.474074382414287, 36.414650546601692 ], [ 127.473975709569999, 36.41461179083997 ], [ 127.473884414675879, 36.414581738010035 ], [ 127.473770152554835, 36.414555443646904 ], [ 127.473628766260632, 36.414509250758087 ], [ 127.473608046861301, 36.414510459117622 ], [ 127.473189983701417, 36.414288237043266 ], [ 127.473142001094615, 36.414333195982287 ], [ 127.473083437623984, 36.41438552308334 ], [ 127.472824698545665, 36.414580013713071 ], [ 127.472639134627798, 36.414719578027722 ], [ 127.472378956226279, 36.414908720501607 ], [ 127.472447293892429, 36.415003360736954 ], [ 127.47272069312541, 36.415417372538613 ], [ 127.4727806810874, 36.415541612436762 ], [ 127.472846817902678, 36.415993335006611 ], [ 127.472901950159113, 36.416035354540455 ], [ 127.472904548479647, 36.416061261517008 ], [ 127.473307092532394, 36.416368876226542 ], [ 127.473365259232438, 36.416422157008022 ], [ 127.47341381533812, 36.41647180803821 ], [ 127.473450450743826, 36.416508268188025 ], [ 127.473563062412452, 36.416635390635079 ], [ 127.473621779644077, 36.41672246244012 ], [ 127.473740242806258, 36.417011210831916 ], [ 127.473820290919505, 36.417081860227221 ], [ 127.473825420046609, 36.417094789542233 ], [ 127.473933507496184, 36.417192641969059 ], [ 127.474068462682993, 36.41732672255408 ], [ 127.474161913165034, 36.417424921061752 ], [ 127.474267814927032, 36.417535452072208 ], [ 127.474329215973896, 36.417607022026907 ], [ 127.47441880861598, 36.417699594370418 ], [ 127.474215348358172, 36.417847126071351 ], [ 127.473743004474358, 36.418559492781661 ], [ 127.473548355469134, 36.418868349324562 ], [ 127.473418033583258, 36.419041489702408 ], [ 127.47338562353498, 36.419067805350601 ], [ 127.473378185404087, 36.419076846294978 ], [ 127.473352378967874, 36.41907413666798 ], [ 127.473348618401275, 36.419086542410092 ], [ 127.473372703481076, 36.419151213251197 ], [ 127.473382613059769, 36.419233683848589 ], [ 127.473375592346926, 36.419311724584958 ], [ 127.473379085616827, 36.419312269496665 ], [ 127.473377417827564, 36.419324108253008 ], [ 127.473459617533422, 36.419348285800098 ], [ 127.47354829253311, 36.41937750218397 ], [ 127.473662263804655, 36.419411691982909 ], [ 127.473829741300918, 36.419449040359808 ], [ 127.473863476633255, 36.419466650656553 ], [ 127.473882024223201, 36.419507976345173 ], [ 127.473921423953129, 36.419542172503419 ], [ 127.473988619841975, 36.419590911446399 ], [ 127.473965159400478, 36.419600015823214 ], [ 127.473948095805937, 36.419601209780396 ], [ 127.473945228850923, 36.419617550051633 ], [ 127.473946828271522, 36.419622049498386 ], [ 127.473979405455239, 36.419650928780847 ], [ 127.47403213427701, 36.419641708583612 ], [ 127.474212359327865, 36.419567208690154 ], [ 127.474513269021202, 36.419459004941615 ], [ 127.47456415256832, 36.419459938824353 ], [ 127.474680531840889, 36.419460883514184 ], [ 127.474714322699029, 36.419458208351536 ], [ 127.474936881071855, 36.41941453031427 ], [ 127.475514386262446, 36.419208632285027 ], [ 127.475834315897302, 36.419104287755687 ], [ 127.475941619716338, 36.419387725276366 ], [ 127.47645287937398, 36.420461725785046 ], [ 127.476654224202122, 36.421053722344652 ], [ 127.477284739644332, 36.421709613271034 ], [ 127.477550314537922, 36.421977215972554 ], [ 127.477812547313349, 36.422265098359979 ], [ 127.477783340843075, 36.422560342927497 ], [ 127.477994953739284, 36.423206076896093 ], [ 127.478258650234935, 36.423362167589339 ], [ 127.478384280221434, 36.423563857884723 ], [ 127.478359945851324, 36.423829516196761 ], [ 127.478643316729091, 36.424097045263444 ], [ 127.479000397297327, 36.424537742037984 ], [ 127.478993982594886, 36.424657449956577 ], [ 127.479361754825902, 36.42527721619102 ], [ 127.479619129091617, 36.425453596045436 ], [ 127.479528188916149, 36.425824000962407 ], [ 127.479715267721559, 36.426214686014283 ], [ 127.480233009380868, 36.426512244901154 ], [ 127.480569027935346, 36.427066233110892 ], [ 127.480671712683474, 36.427217611376022 ], [ 127.480824695339436, 36.427444259249206 ], [ 127.481019902029956, 36.427736909047262 ], [ 127.481162845502297, 36.427946420793958 ], [ 127.481166535912536, 36.427951749808337 ], [ 127.481189915642403, 36.42798544913601 ], [ 127.480876286615086, 36.428382936875508 ], [ 127.480932598607978, 36.428500428439847 ], [ 127.481026080450704, 36.42871435631443 ], [ 127.48104424854462, 36.428749203038116 ], [ 127.481060607064478, 36.428774486778686 ], [ 127.480996682112902, 36.429003969878565 ], [ 127.480930668917011, 36.429066189253113 ], [ 127.480999807397936, 36.429426940640283 ], [ 127.481016143367228, 36.429535572134377 ], [ 127.481035280229008, 36.429557465391909 ], [ 127.481060903314074, 36.429587776399885 ], [ 127.481098284886812, 36.42963154845733 ], [ 127.48110934859838, 36.429644462598702 ], [ 127.481114607249324, 36.429650920766441 ], [ 127.481117594275119, 36.429654288092102 ], [ 127.481121627017103, 36.429659057015975 ], [ 127.48115672942609, 36.429700314980913 ], [ 127.481397886838991, 36.42998376788838 ], [ 127.481398450830483, 36.429990244912425 ], [ 127.481413549140555, 36.430008207288509 ], [ 127.481417493021965, 36.43011267112729 ], [ 127.481422746374164, 36.4301436226432 ], [ 127.481425041457399, 36.430177695027886 ], [ 127.481429246723678, 36.430237658873686 ], [ 127.481461619310878, 36.430429582485004 ], [ 127.481548912628327, 36.430684654357293 ], [ 127.481726570752969, 36.430871208529119 ], [ 127.48180745225946, 36.430959592683493 ], [ 127.48223437652365, 36.431784682249464 ], [ 127.482393958603566, 36.432061144080294 ], [ 127.482734963264761, 36.432287311171102 ], [ 127.482931276668225, 36.432615161115265 ], [ 127.483827169275997, 36.433500027607494 ], [ 127.483845587165987, 36.433520787846433 ], [ 127.483877684563041, 36.433582333044903 ], [ 127.484002125987601, 36.433952708504741 ], [ 127.484472113184239, 36.43423917697222 ], [ 127.484655455352964, 36.434721398733522 ], [ 127.485268642203607, 36.43530747622934 ], [ 127.485655763305473, 36.43588574430283 ], [ 127.486010183995219, 36.436107620995877 ], [ 127.486015227960053, 36.436384425406736 ], [ 127.486183784909528, 36.436757160575098 ], [ 127.486515237797931, 36.437095710973722 ], [ 127.486841661093564, 36.437297711315928 ], [ 127.48707285364145, 36.437540920287368 ], [ 127.487193852565426, 36.437774168836441 ], [ 127.487321312912798, 36.437982888643944 ], [ 127.48774378401005, 36.438634503656807 ], [ 127.488321390603446, 36.438984725278488 ], [ 127.488867849124134, 36.438785089482884 ], [ 127.489310552370554, 36.439075867277481 ], [ 127.489799843112792, 36.439124277441309 ], [ 127.489904432078745, 36.439241278654109 ], [ 127.4903829137521, 36.439594995656762 ], [ 127.49093073351942, 36.439887598757714 ], [ 127.490977508675371, 36.43995499333176 ], [ 127.490994951203476, 36.439985056313297 ], [ 127.491010810393462, 36.439984991287162 ], [ 127.491023951578299, 36.439997886946998 ], [ 127.491077003667883, 36.440008086708843 ], [ 127.4911147382808, 36.439829395876359 ], [ 127.492345320852777, 36.439401639723577 ], [ 127.492364458603973, 36.439396217211389 ], [ 127.492429658259496, 36.439373131968821 ], [ 127.492429469203188, 36.439371447593366 ] ] ] ] } },
{ "type": "Feature", "properties": { "EMD_CD": "30110128", "EMD_ENG_NM": "Secheon-dong", "EMD_KOR_NM": "세천동" }, "geometry": { "type": "MultiPolygon", "coordinates": [ [ [ [ 127.492225244091898, 36.349432485993688 ], [ 127.492243261447854, 36.349418894531283 ], [ 127.492256317297915, 36.349418840914737 ], [ 127.492286975450995, 36.349367465759812 ], [ 127.492302143884231, 36.349315298109545 ], [ 127.492393023330393, 36.349235234811125 ], [ 127.492456090233347, 36.349161188342016 ], [ 127.492672286258568, 36.349163120568292 ], [ 127.492720789150724, 36.348959032644565 ], [ 127.492752192208755, 36.348833019827737 ], [ 127.492876329419929, 36.348808853870494 ], [ 127.492887618034061, 36.348777546040928 ], [ 127.492917755232696, 36.348781648576001 ], [ 127.492939151108786, 36.348750866911224 ], [ 127.492944187518049, 36.348722684795185 ], [ 127.493005572159376, 36.348712573591627 ], [ 127.49308656291818, 36.348665208651624 ], [ 127.493145101916042, 36.348647232901023 ], [ 127.493167716467838, 36.348643751478761 ], [ 127.493217689907738, 36.348647213601218 ], [ 127.493244185606372, 36.348653295577591 ], [ 127.493417044231393, 36.348571758658146 ], [ 127.49344601911119, 36.348557563185153 ], [ 127.493495281112317, 36.348531172526194 ], [ 127.493629207090834, 36.34845880723217 ], [ 127.493636618484203, 36.348446944414597 ], [ 127.493677448621554, 36.348380035982196 ], [ 127.493710751398183, 36.34838975756108 ], [ 127.493733316274344, 36.348378400054912 ], [ 127.493779938487634, 36.348375107998038 ], [ 127.493820585292312, 36.348362270168906 ], [ 127.493865824416432, 36.348358704415453 ], [ 127.493878653964615, 36.348351045722545 ], [ 127.493926867274482, 36.348322685655397 ], [ 127.49397108357239, 36.348324756357869 ], [ 127.494017732887016, 36.348324005381798 ], [ 127.494039580843562, 36.348338559264832 ], [ 127.49409532516988, 36.348345646953355 ], [ 127.494120410664863, 36.348348922914269 ], [ 127.494144832128399, 36.348356428070943 ], [ 127.494175526456559, 36.348365871900725 ], [ 127.494233118971749, 36.348363949267473 ], [ 127.494348039432111, 36.348286308612508 ], [ 127.494393059471022, 36.348276273198962 ], [ 127.49443105502759, 36.348256398987935 ], [ 127.494453868741502, 36.34823152284541 ], [ 127.494461960539482, 36.348216286813091 ], [ 127.494472957634798, 36.348195397502565 ], [ 127.494457331542748, 36.348172932839411 ], [ 127.494555972691231, 36.348108885622779 ], [ 127.494646393229203, 36.348094427310038 ], [ 127.49470337301986, 36.348104897997423 ], [ 127.494754804888345, 36.348090600509614 ], [ 127.4948024320245, 36.348052392776168 ], [ 127.494874032824612, 36.348035479704414 ], [ 127.494949658606885, 36.347992641477234 ], [ 127.495114360981589, 36.347999567100992 ], [ 127.495263204161489, 36.347947135209928 ], [ 127.49535833627364, 36.347879713450432 ], [ 127.495442235925424, 36.347852331744292 ], [ 127.495484221290255, 36.347831043901607 ], [ 127.495580529421758, 36.347840495486665 ], [ 127.495651357229917, 36.347865264024826 ], [ 127.495744405524889, 36.347880649610914 ], [ 127.495800402495135, 36.347873100541655 ], [ 127.495870130113758, 36.347861268180601 ], [ 127.495989170129477, 36.347885837057618 ], [ 127.496037068776076, 36.347918864797705 ], [ 127.495995377275989, 36.347931996075332 ], [ 127.496038560856917, 36.347962799424593 ], [ 127.496132453628732, 36.348000710335661 ], [ 127.496155315147362, 36.348009906716776 ], [ 127.496232298618182, 36.348018031947461 ], [ 127.496284093315666, 36.348006552946472 ], [ 127.496327330524451, 36.348017638480449 ], [ 127.496443090976754, 36.348018564904699 ], [ 127.496473839000075, 36.348036469860098 ], [ 127.496527859302489, 36.348019340242914 ], [ 127.496607780551273, 36.347997047758554 ], [ 127.496730654080054, 36.347939089354881 ], [ 127.496702729015396, 36.34781811554862 ], [ 127.496645804333653, 36.347568278155578 ], [ 127.49663076089152, 36.347502438292274 ], [ 127.496604097147213, 36.347387091508168 ], [ 127.496573855833233, 36.347257385954997 ], [ 127.49651030625833, 36.347006170098908 ], [ 127.496327555336876, 36.346870067021527 ], [ 127.496118818577912, 36.346616343006559 ], [ 127.496052076464167, 36.34632853475766 ], [ 127.495804027778973, 36.345774776679178 ], [ 127.495852810640969, 36.345616591606017 ], [ 127.495835021121025, 36.345419255924554 ], [ 127.495833518333569, 36.345401797557116 ], [ 127.495794603658155, 36.344986908798205 ], [ 127.495789933756626, 36.34493716576123 ], [ 127.495805499738154, 36.344731608630937 ], [ 127.495823704108986, 36.344511703036126 ], [ 127.495840915412415, 36.344303886167808 ], [ 127.496084974243658, 36.344199233320168 ], [ 127.496305915588437, 36.344041326695383 ], [ 127.496368218114569, 36.343999119467071 ], [ 127.496452827139649, 36.343732492689071 ], [ 127.496478285192651, 36.343652282643262 ], [ 127.496707576779613, 36.342864218651918 ], [ 127.496844013855252, 36.342395326419052 ], [ 127.497200630810539, 36.34233893072809 ], [ 127.497403372007057, 36.342307116556235 ], [ 127.497873275747111, 36.342330227177193 ], [ 127.498130238841199, 36.342341830007243 ], [ 127.499158779678638, 36.342328260359167 ], [ 127.499959941313804, 36.341703396529738 ], [ 127.500202411101284, 36.340696458680078 ], [ 127.500244781735645, 36.340518022247281 ], [ 127.500174671092822, 36.34038651930279 ], [ 127.500488158743579, 36.34006304401565 ], [ 127.500841570559089, 36.339698569264598 ], [ 127.500558607577474, 36.339294226491305 ], [ 127.500554986899033, 36.339026991802719 ], [ 127.500555505353717, 36.338972072576404 ], [ 127.50055561348843, 36.338961086910196 ], [ 127.500550523312043, 36.338463493239473 ], [ 127.500541393068048, 36.337769074650645 ], [ 127.500708937802003, 36.337542236270956 ], [ 127.501085054717493, 36.337026999847716 ], [ 127.501131765562079, 36.336792780686217 ], [ 127.501294667627164, 36.336629610254413 ], [ 127.501481275953083, 36.336282439392171 ], [ 127.501566186071116, 36.336225481886295 ], [ 127.501494271277764, 36.336083290318157 ], [ 127.501413557248796, 36.335925356082399 ], [ 127.501382684205154, 36.335397455681296 ], [ 127.501339462028724, 36.33527964670651 ], [ 127.501321402925399, 36.335230158066651 ], [ 127.501292331543539, 36.335148048183989 ], [ 127.501241821362498, 36.335005199187755 ], [ 127.501225203000288, 36.33499118343817 ], [ 127.501076462663136, 36.334837201098004 ], [ 127.501236243430384, 36.334459737293585 ], [ 127.501274872584091, 36.334186405088722 ], [ 127.501292690586894, 36.334060446591309 ], [ 127.501276585121602, 36.334044743519236 ], [ 127.501150918612993, 36.333851518067334 ], [ 127.501071965393578, 36.333532780964013 ], [ 127.50097173804032, 36.333126548279218 ], [ 127.500920334249969, 36.332925406334198 ], [ 127.501248604751567, 36.332633687202033 ], [ 127.501326816352901, 36.332564366806359 ], [ 127.501390167495629, 36.332510320212599 ], [ 127.501443749600412, 36.332426449772491 ], [ 127.50163232283775, 36.332114758209016 ], [ 127.50171655065968, 36.331815894130465 ], [ 127.501720043482138, 36.331790818054714 ], [ 127.50154167158793, 36.331436450505983 ], [ 127.501492412963174, 36.331163206398728 ], [ 127.501415482679377, 36.330725056245726 ], [ 127.501695683399703, 36.330184021646268 ], [ 127.501560138850948, 36.329479425295183 ], [ 127.501609356566604, 36.329174795977508 ], [ 127.501643579272653, 36.328975837198037 ], [ 127.502199976677559, 36.32781578668525 ], [ 127.5020196087101, 36.327501701138402 ], [ 127.502741061260465, 36.326548783946734 ], [ 127.502860070666699, 36.326383821686228 ], [ 127.502922982416379, 36.325881445041148 ], [ 127.502949768628639, 36.325662799434824 ], [ 127.502959378698449, 36.325615727160354 ], [ 127.502855922421134, 36.325411145415103 ], [ 127.50276214672931, 36.32522257277877 ], [ 127.502723398602726, 36.325148947623653 ], [ 127.502592147319803, 36.324925341366956 ], [ 127.502533378000265, 36.32482420630712 ], [ 127.502433961999159, 36.324651986198923 ], [ 127.502388266941807, 36.324580363597462 ], [ 127.502361497608248, 36.324530352794689 ], [ 127.50218906778089, 36.324233969034687 ], [ 127.502193731072893, 36.323874888014068 ], [ 127.501826808047809, 36.323530042332386 ], [ 127.501575805511351, 36.322944486113933 ], [ 127.501528822650357, 36.322834857258073 ], [ 127.501203132815263, 36.322624165265033 ], [ 127.501150709816685, 36.322590302210166 ], [ 127.500942175077668, 36.322576809074583 ], [ 127.500704793142376, 36.322134822245758 ], [ 127.500429382076874, 36.321620900142968 ], [ 127.500022301479888, 36.321141879101411 ], [ 127.499986029832641, 36.321103171967287 ], [ 127.499930702075275, 36.320994135961676 ], [ 127.49997276009654, 36.320768100637125 ], [ 127.499310451973159, 36.320620194234202 ], [ 127.498887183424557, 36.320523674705157 ], [ 127.498765046200162, 36.320497715518911 ], [ 127.49804228107719, 36.32033681537542 ], [ 127.496915105529737, 36.320087759054658 ], [ 127.495975429549802, 36.319882407332372 ], [ 127.496640315436196, 36.319557766523424 ], [ 127.496795381067145, 36.319481939577621 ], [ 127.49682766477224, 36.319468008908267 ], [ 127.496866500116028, 36.3194458774758 ], [ 127.49691404553576, 36.319316705102537 ], [ 127.496957399321275, 36.319183314586155 ], [ 127.496939903069077, 36.319086232047788 ], [ 127.496908528451954, 36.318939363350907 ], [ 127.496842146232808, 36.318622255631077 ], [ 127.496911721858822, 36.318481438961804 ], [ 127.496976233413264, 36.318365713770866 ], [ 127.49700422131815, 36.31794936564981 ], [ 127.497124479833758, 36.317788341798661 ], [ 127.497177492782413, 36.317696319860332 ], [ 127.497401206520706, 36.317360553492215 ], [ 127.497413772700469, 36.317229543411983 ], [ 127.497424858676837, 36.317139101108332 ], [ 127.497481316474477, 36.317042558889177 ], [ 127.497827388664689, 36.316412556752539 ], [ 127.497727070370672, 36.316259774387525 ], [ 127.497641839330768, 36.316126079171923 ], [ 127.497646439173394, 36.316055940069532 ], [ 127.497684230896226, 36.315676156468278 ], [ 127.497147817625446, 36.315070380511486 ], [ 127.497056710218487, 36.314970223715164 ], [ 127.496928501133311, 36.314836706106284 ], [ 127.496918917120411, 36.314393757730727 ], [ 127.496468947852989, 36.313837175614708 ], [ 127.49615888069853, 36.313641328070723 ], [ 127.49579565722668, 36.31296048245644 ], [ 127.494401023431578, 36.312575069811224 ], [ 127.494097759420711, 36.312103214374822 ], [ 127.494567836344103, 36.311990036014834 ], [ 127.495018536582052, 36.311726548482852 ], [ 127.495089081323144, 36.311685145843882 ], [ 127.495668483826037, 36.310977018583301 ], [ 127.496173459443909, 36.310633053084729 ], [ 127.496396175545016, 36.309618593742783 ], [ 127.497093019582309, 36.308502481798456 ], [ 127.498193732539903, 36.307923417415907 ], [ 127.498137864278249, 36.30753586666205 ], [ 127.498241920936167, 36.307182562843337 ], [ 127.498773840044223, 36.306759901216239 ], [ 127.498819014323175, 36.306530761796068 ], [ 127.498820150990909, 36.306518645328801 ], [ 127.498856538003736, 36.306331221601546 ], [ 127.498918171842732, 36.305981761380444 ], [ 127.498958269890508, 36.305777425207765 ], [ 127.498973985486842, 36.305704698384524 ], [ 127.498976566776633, 36.305672867289466 ], [ 127.498966199690429, 36.30565686056822 ], [ 127.498651561701521, 36.305173501438389 ], [ 127.49855161096059, 36.305020438541078 ], [ 127.498494198904794, 36.304938724697436 ], [ 127.497831929265473, 36.304666339276153 ], [ 127.497742173785539, 36.304255840774147 ], [ 127.497731038316061, 36.304227437010624 ], [ 127.497727332853017, 36.303642538022281 ], [ 127.497336709918969, 36.302421665262337 ], [ 127.497498862162558, 36.302123605999441 ], [ 127.497426337923812, 36.301576444966834 ], [ 127.497199656434177, 36.301573437870204 ], [ 127.496576247962722, 36.301141773179594 ], [ 127.496555168886971, 36.301137633964757 ], [ 127.49654282574069, 36.301111776378086 ], [ 127.496182454996941, 36.300544123741986 ], [ 127.496015966708555, 36.299411309110702 ], [ 127.495248936475292, 36.300255380902357 ], [ 127.495005821582239, 36.300405357395832 ], [ 127.494791970741645, 36.300782767627766 ], [ 127.494511765817222, 36.300870372814906 ], [ 127.494336264128407, 36.30087419639694 ], [ 127.494153094810514, 36.301041388756495 ], [ 127.493582888085925, 36.30096206370272 ], [ 127.493476138374135, 36.300583731344602 ], [ 127.493052038313607, 36.300501270154768 ], [ 127.492803837233637, 36.300256441521256 ], [ 127.492488305582015, 36.30017691153909 ], [ 127.492111680626351, 36.30017451944542 ], [ 127.491856085945173, 36.300193870784121 ], [ 127.491305607091462, 36.300374955797146 ], [ 127.491190854312208, 36.300411752098952 ], [ 127.490630844888017, 36.300543308567583 ], [ 127.490419524556955, 36.300576840390747 ], [ 127.490076878293976, 36.300639070195295 ], [ 127.489598551071396, 36.300899543164078 ], [ 127.48950353993898, 36.301228300146377 ], [ 127.488887932966463, 36.301653235712173 ], [ 127.488541423178333, 36.30165549485352 ], [ 127.487796899771709, 36.301096698570127 ], [ 127.48737407576337, 36.300826371677601 ], [ 127.487072948875067, 36.300629337084466 ], [ 127.486509901021449, 36.300354232545807 ], [ 127.486135001807085, 36.300575134179944 ], [ 127.485919571342805, 36.300507851539578 ], [ 127.485804544764392, 36.300471991263578 ], [ 127.485625138919318, 36.300604234951507 ], [ 127.485026403801299, 36.30066466629367 ], [ 127.48449940091939, 36.300198186680092 ], [ 127.484300971983146, 36.300206594008586 ], [ 127.48408598634532, 36.300012303997264 ], [ 127.483825764351025, 36.30001448050082 ], [ 127.483361682168081, 36.30021714201883 ], [ 127.483064088727389, 36.300449825221811 ], [ 127.482547660918726, 36.300428816091241 ], [ 127.482473539921742, 36.300425734889423 ], [ 127.482403596497505, 36.300395881023007 ], [ 127.482245401852154, 36.300328082156831 ], [ 127.481853447846561, 36.300151684916266 ], [ 127.48163214528509, 36.300202697038749 ], [ 127.481253715141264, 36.30024730118226 ], [ 127.481107698529541, 36.30026450462001 ], [ 127.480752907845726, 36.300306200692546 ], [ 127.480616460067438, 36.300322518072583 ], [ 127.480477811322359, 36.300550619701262 ], [ 127.480437348870566, 36.300617243276783 ], [ 127.480205012384346, 36.300941748794081 ], [ 127.480012866805637, 36.301210049077561 ], [ 127.479827828403742, 36.301247683508421 ], [ 127.479669719886161, 36.301336180276699 ], [ 127.479622668649071, 36.301664169970365 ], [ 127.47960214067875, 36.301806754475095 ], [ 127.479489040208875, 36.301860150577291 ], [ 127.479312223860077, 36.30218921756758 ], [ 127.479347737705865, 36.302763852433301 ], [ 127.479551215354761, 36.303125481528511 ], [ 127.479700297678562, 36.303751767815982 ], [ 127.479633904412694, 36.303904385530366 ], [ 127.479907395389716, 36.304249684042034 ], [ 127.479789682478042, 36.304629485396909 ], [ 127.479809453233187, 36.304818652441142 ], [ 127.479699558160064, 36.305084090702806 ], [ 127.479915830686366, 36.305603372927294 ], [ 127.47990462737674, 36.30579069029897 ], [ 127.480438622032267, 36.306573986658762 ], [ 127.480389345747227, 36.307078840231171 ], [ 127.480337773465934, 36.307607079331035 ], [ 127.480624787932427, 36.307885283613452 ], [ 127.481068161370644, 36.308041499306697 ], [ 127.481132807553735, 36.308143468868806 ], [ 127.48110991729483, 36.309121890449518 ], [ 127.481167522512123, 36.30946663674149 ], [ 127.481079013574742, 36.309813663415589 ], [ 127.480974531374272, 36.310225241883643 ], [ 127.481103523794573, 36.310606875119554 ], [ 127.481171931329087, 36.310809931908274 ], [ 127.481167517332864, 36.311140003531911 ], [ 127.480898087605908, 36.311379326860283 ], [ 127.481642317865308, 36.311824113960405 ], [ 127.481894816107172, 36.311974045709825 ], [ 127.482024206440087, 36.312050963308309 ], [ 127.482283358706979, 36.312292399404186 ], [ 127.482184624160595, 36.312533291905808 ], [ 127.481984478542529, 36.313032840462981 ], [ 127.481703872681351, 36.313463997615358 ], [ 127.481751808324645, 36.31364910376832 ], [ 127.4818478645266, 36.313737149718214 ], [ 127.481866067283576, 36.313754811614274 ], [ 127.482077340737476, 36.313961240727565 ], [ 127.482286335064686, 36.314166254773255 ], [ 127.482295430144219, 36.314174950537037 ], [ 127.482497942025404, 36.314370419842035 ], [ 127.482526050814954, 36.314472535524388 ], [ 127.482642253666384, 36.314894212185635 ], [ 127.482666255368429, 36.314976626746002 ], [ 127.482770764022845, 36.315336106473296 ], [ 127.48292734287476, 36.315644973940785 ], [ 127.483015926714558, 36.31581921890627 ], [ 127.482576738383344, 36.316321136642863 ], [ 127.482382712854502, 36.316487507337747 ], [ 127.482138499369057, 36.316697452837722 ], [ 127.482037344210767, 36.317139991613111 ], [ 127.481916207659154, 36.317643727931838 ], [ 127.481677329458847, 36.318014446791132 ], [ 127.481469279791398, 36.318335486043864 ], [ 127.481414640581164, 36.318419622363635 ], [ 127.481358277237746, 36.318620358945829 ], [ 127.481420136531597, 36.318862020663211 ], [ 127.481333058400949, 36.319189603034104 ], [ 127.481425024567031, 36.319290615448438 ], [ 127.481135277014658, 36.319822342103315 ], [ 127.480895544746517, 36.320084363635537 ], [ 127.480802112437928, 36.320653322307827 ], [ 127.480758677117507, 36.320919900227373 ], [ 127.480731418502401, 36.320987597233241 ], [ 127.480632535995923, 36.321234130070849 ], [ 127.480527539012144, 36.321449705113338 ], [ 127.480343254823055, 36.321816822953124 ], [ 127.480330702067846, 36.321841934760847 ], [ 127.480466673016224, 36.322081894120331 ], [ 127.480283001735501, 36.32215077637057 ], [ 127.480146019203119, 36.322200609918134 ], [ 127.480089302358849, 36.322686909767505 ], [ 127.480056915167921, 36.322994275100569 ], [ 127.480021429656929, 36.323310394155314 ], [ 127.480098048125953, 36.323461591984 ], [ 127.480002437979493, 36.32361940001487 ], [ 127.479989339066819, 36.323640855219793 ], [ 127.479992066240683, 36.323658867687435 ], [ 127.480004615034773, 36.323747807914067 ], [ 127.480072942096982, 36.324021832249997 ], [ 127.480102779910339, 36.324149841014972 ], [ 127.480309118375928, 36.324570599595539 ], [ 127.480506497158274, 36.324977299404715 ], [ 127.480624090287861, 36.325141291446563 ], [ 127.480815950034781, 36.325413693590257 ], [ 127.480657394874754, 36.325522469561633 ], [ 127.480008619028268, 36.32596748839574 ], [ 127.480084848468792, 36.326196692889518 ], [ 127.480165459365267, 36.32631915435627 ], [ 127.480432133869101, 36.32670192996639 ], [ 127.480476396843542, 36.327110378546976 ], [ 127.480655208769477, 36.327695700848935 ], [ 127.480861204972982, 36.32780216801531 ], [ 127.480960706859079, 36.327968205743751 ], [ 127.481323469341902, 36.328554203747508 ], [ 127.481533653858975, 36.328889045033058 ], [ 127.481396196917416, 36.328921417256907 ], [ 127.481242757645973, 36.328955547669047 ], [ 127.481014424982817, 36.329008560457872 ], [ 127.48060910203219, 36.329145640468759 ], [ 127.48088879020716, 36.329521883273209 ], [ 127.4815154584753, 36.330349290062358 ], [ 127.481546343706839, 36.330389439226238 ], [ 127.481611414455017, 36.330473941739001 ], [ 127.481696332274552, 36.330585678884709 ], [ 127.481404182547365, 36.330704851216346 ], [ 127.481283127780173, 36.3307444839499 ], [ 127.481284801717536, 36.330761374132472 ], [ 127.481287086707326, 36.330765303064773 ], [ 127.481327205345735, 36.330836397376551 ], [ 127.481332115071865, 36.330872415378195 ], [ 127.481350273566207, 36.330938524262486 ], [ 127.481347163024921, 36.330941636768507 ], [ 127.48131533351507, 36.330972737696115 ], [ 127.48150408194374, 36.331047461669876 ], [ 127.481496328179603, 36.331088883457205 ], [ 127.481337013465605, 36.331046438303055 ], [ 127.481292418007911, 36.331039011469016 ], [ 127.481130305858116, 36.331016204708391 ], [ 127.480891269876324, 36.331006547928396 ], [ 127.481091011520732, 36.331568417920934 ], [ 127.481223533288272, 36.331553233104515 ], [ 127.481462705803423, 36.331535844613938 ], [ 127.481576465624585, 36.331528728106775 ], [ 127.48165142158399, 36.331519694696006 ], [ 127.481776439783062, 36.331530457001335 ], [ 127.481768843629098, 36.331568507801158 ], [ 127.481754931793844, 36.331542934484382 ], [ 127.481559455965169, 36.331620886781813 ], [ 127.481638913022294, 36.331808118690617 ], [ 127.481715738444208, 36.331991143647066 ], [ 127.481750592092709, 36.33225856035039 ], [ 127.481409532267392, 36.332844680059814 ], [ 127.481370003051893, 36.333127760393943 ], [ 127.481352541466578, 36.333246207893964 ], [ 127.481555221805806, 36.333568489650467 ], [ 127.481136833798033, 36.333820027133406 ], [ 127.481290557519785, 36.33399964366091 ], [ 127.481291958343519, 36.334001043859011 ], [ 127.481482263887131, 36.334214018684612 ], [ 127.481439991719512, 36.334273332067724 ], [ 127.481378665354399, 36.334347645276019 ], [ 127.481333378574334, 36.334398517772854 ], [ 127.481250087770803, 36.334494601184296 ], [ 127.48122364744026, 36.334525680441686 ], [ 127.481164986375759, 36.334607868056452 ], [ 127.481105806908118, 36.334690904819446 ], [ 127.48102262864559, 36.334807263886972 ], [ 127.480977075457673, 36.334871087092374 ], [ 127.480936163686678, 36.334925321262723 ], [ 127.480884665175012, 36.334984103719833 ], [ 127.480764044880942, 36.335152150544801 ], [ 127.48069381641055, 36.335249866364279 ], [ 127.480651153090207, 36.335218217187972 ], [ 127.480501215164168, 36.335287811581019 ], [ 127.480397332564905, 36.335375532977451 ], [ 127.480333988287086, 36.335375219040614 ], [ 127.48030022877343, 36.335377048484389 ], [ 127.480219311825024, 36.335433695584285 ], [ 127.480187448242916, 36.335461416954466 ], [ 127.479888193732464, 36.335644263464161 ], [ 127.479740370156435, 36.335947025504474 ], [ 127.479553063489803, 36.336565633209034 ], [ 127.480617467091307, 36.336594317629306 ], [ 127.480843389200544, 36.336711410573592 ], [ 127.481032294317302, 36.336809501811999 ], [ 127.48139876800613, 36.337000375971385 ], [ 127.481790292469213, 36.337417845921976 ], [ 127.481916161047664, 36.337650796370241 ], [ 127.48237367764132, 36.337956200280026 ], [ 127.483418208180808, 36.338315839116319 ], [ 127.484373630042413, 36.338363520460518 ], [ 127.484448978191921, 36.338727341465315 ], [ 127.484460513749795, 36.338820511540611 ], [ 127.484689595272869, 36.339025159744068 ], [ 127.484628973524138, 36.33952386715162 ], [ 127.485434931361311, 36.340052573988359 ], [ 127.484774186905611, 36.341167899924919 ], [ 127.484490068760664, 36.34171848062303 ], [ 127.485381266348014, 36.342688982190133 ], [ 127.485463871151765, 36.343098957640649 ], [ 127.485484527734485, 36.343540733721206 ], [ 127.485407292194438, 36.343604407469662 ], [ 127.485516570901794, 36.343655214239142 ], [ 127.485530009479319, 36.343661359832652 ], [ 127.486487347242104, 36.344091723387933 ], [ 127.486595348365114, 36.344218295361394 ], [ 127.487070377129641, 36.344450110590756 ], [ 127.487237447991248, 36.34452941010494 ], [ 127.487439100052143, 36.344742049445387 ], [ 127.487625150790734, 36.344935611138716 ], [ 127.48772325580704, 36.345037719624486 ], [ 127.487755459077334, 36.345205989427534 ], [ 127.487766533112165, 36.345251002650954 ], [ 127.488064719753893, 36.345452271861603 ], [ 127.488267621688195, 36.345585773316245 ], [ 127.488840488101332, 36.346040500682044 ], [ 127.489190840065291, 36.346315612069219 ], [ 127.48956166475962, 36.346691749552932 ], [ 127.48976359028687, 36.34688918107674 ], [ 127.489778284301337, 36.34692854702238 ], [ 127.4902311036236, 36.347752100268309 ], [ 127.490400067773734, 36.347911645307654 ], [ 127.490442878311697, 36.348355293976319 ], [ 127.490475093005728, 36.3486916932439 ], [ 127.490476725347747, 36.348701545310092 ], [ 127.490477086512172, 36.348704076105996 ], [ 127.490479631759271, 36.348720962535552 ], [ 127.490495689426837, 36.348727096844087 ], [ 127.490501260481906, 36.348729047598624 ], [ 127.490537205481658, 36.348742697341244 ], [ 127.490916517958667, 36.348886177956501 ], [ 127.491200116503236, 36.349200414856377 ], [ 127.491749323131074, 36.3493446113009 ], [ 127.491815914867686, 36.349361793652513 ], [ 127.4919735370392, 36.349402825688578 ], [ 127.492236539414378, 36.349457221642261 ], [ 127.492225244091898, 36.349432485993688 ] ] ] ] } },
{ "type": "Feature", "properties": { "EMD_CD": "30110129", "EMD_ENG_NM": "Sinsang-dong", "EMD_KOR_NM": "신상동" }, "geometry": { "type": "MultiPolygon", "coordinates": [ [ [ [ 127.521240323743768, 36.36572308098971 ], [ 127.521878548751175, 36.365537259105992 ], [ 127.522471868616279, 36.365692656051621 ], [ 127.523297336637654, 36.366144140197704 ], [ 127.523555968410477, 36.365976295601676 ], [ 127.524088815463344, 36.36591201133934 ], [ 127.524424506554496, 36.365604427185318 ], [ 127.524472375262249, 36.365056762290394 ], [ 127.524778888402508, 36.364239590012019 ], [ 127.524801100495537, 36.364045743054191 ], [ 127.524849134947701, 36.363628177819351 ], [ 127.524488871558916, 36.363384188812837 ], [ 127.524501382609671, 36.36327740049137 ], [ 127.524513737838987, 36.363172307032393 ], [ 127.524367199603191, 36.363049327062278 ], [ 127.52449267481488, 36.362392335813709 ], [ 127.524271862969414, 36.362095630435569 ], [ 127.524385297829014, 36.361695811328985 ], [ 127.524462410182025, 36.361485953754467 ], [ 127.524253153427338, 36.361095711191084 ], [ 127.524088253197917, 36.361037009919073 ], [ 127.523826161782452, 36.36071120541795 ], [ 127.523581254017202, 36.360403907193259 ], [ 127.523679305741837, 36.360046113954105 ], [ 127.523240036934453, 36.3596988325734 ], [ 127.523016160377153, 36.35951703624017 ], [ 127.522950640920058, 36.359323860717367 ], [ 127.522847825951771, 36.359021293605281 ], [ 127.522887983749499, 36.35867445031009 ], [ 127.522892598718954, 36.358634724966372 ], [ 127.522808298932162, 36.358523853321536 ], [ 127.522471231633517, 36.358335511618101 ], [ 127.522093282643567, 36.358124547668019 ], [ 127.522043132098659, 36.357991844714284 ], [ 127.522001487442353, 36.357881633742643 ], [ 127.522292701922197, 36.357459071431911 ], [ 127.522543897471451, 36.357092158465299 ], [ 127.522643082005416, 36.357007800664469 ], [ 127.522763038978425, 36.356905896648243 ], [ 127.522870130031635, 36.356806022195236 ], [ 127.522950023616275, 36.356649096589116 ], [ 127.523092848936344, 36.35634630442096 ], [ 127.523054206941026, 36.35598319644167 ], [ 127.522915161965599, 36.355519704510513 ], [ 127.522742117889436, 36.355412319960308 ], [ 127.522740486536264, 36.355246170698322 ], [ 127.522641364170227, 36.355105517005839 ], [ 127.52260942691224, 36.355065951059096 ], [ 127.522525296626583, 36.354770898745073 ], [ 127.522454948099011, 36.354532685692639 ], [ 127.522395241173001, 36.354324831434425 ], [ 127.522300937943427, 36.354253428814488 ], [ 127.522195269255036, 36.354173352387562 ], [ 127.522037565707009, 36.354122222612695 ], [ 127.521900927438693, 36.354018895649517 ], [ 127.521830159529159, 36.353953310792171 ], [ 127.5216071963806, 36.353746734623485 ], [ 127.521551633936951, 36.353558570301828 ], [ 127.521526751512226, 36.353324943934027 ], [ 127.52143530170089, 36.353211570041289 ], [ 127.521238543358194, 36.352966291320101 ], [ 127.520906449576955, 36.352316644887956 ], [ 127.520582775620824, 36.351702728040145 ], [ 127.520441704286327, 36.351429053665328 ], [ 127.520112798395445, 36.351152238340816 ], [ 127.519771426921935, 36.350860003177225 ], [ 127.519368756000191, 36.350352870868562 ], [ 127.519077062268011, 36.350305976439003 ], [ 127.518692506569138, 36.350245965786172 ], [ 127.518339840985277, 36.350060500150413 ], [ 127.51810193666303, 36.349934807225729 ], [ 127.517715029976657, 36.349730905750775 ], [ 127.51747955018719, 36.349550275166244 ], [ 127.517210646677441, 36.349343609546388 ], [ 127.517112553544592, 36.349064104305178 ], [ 127.517624854942383, 36.348146652646392 ], [ 127.51745662094099, 36.348079224095265 ], [ 127.517282292079514, 36.348013236439293 ], [ 127.516313691878153, 36.34844321311742 ], [ 127.515775998787518, 36.348678425135475 ], [ 127.515106243588448, 36.348234382277937 ], [ 127.515041282904477, 36.348096386836012 ], [ 127.514894074691611, 36.347784991268654 ], [ 127.514287376674375, 36.347530205656305 ], [ 127.513700764948751, 36.347579464778036 ], [ 127.513308619623558, 36.347608179847903 ], [ 127.51315162704465, 36.347530000246323 ], [ 127.513056630004357, 36.34748281645539 ], [ 127.513001115897879, 36.347456586888292 ], [ 127.512862724906967, 36.347241737805128 ], [ 127.512650924288863, 36.347219556103063 ], [ 127.512233891656763, 36.346342136107125 ], [ 127.512101209104443, 36.346228083977678 ], [ 127.511966276719264, 36.346115735496952 ], [ 127.510583430604882, 36.34628046464757 ], [ 127.510422326090506, 36.346478559951535 ], [ 127.510301963764817, 36.346626079443602 ], [ 127.509779360542112, 36.346720952086592 ], [ 127.509411232454084, 36.346694355877105 ], [ 127.509154728010813, 36.346783309340381 ], [ 127.50827300751682, 36.346604286486908 ], [ 127.507710834397088, 36.346392921906158 ], [ 127.507437444417462, 36.346294672182253 ], [ 127.507459497515498, 36.346287261357546 ], [ 127.5074305200786, 36.346004355234285 ], [ 127.50752784503905, 36.345874968461416 ], [ 127.507575304123563, 36.345811965318902 ], [ 127.507418708835516, 36.345389080904198 ], [ 127.50794363996873, 36.34484953792817 ], [ 127.508026138603313, 36.344526174730099 ], [ 127.508056520932243, 36.344057440160974 ], [ 127.507884881999985, 36.343757403736255 ], [ 127.507945410374347, 36.343590152344227 ], [ 127.508071070266325, 36.343240697638798 ], [ 127.507804262021651, 36.343133688474772 ], [ 127.507387729572528, 36.342967610406312 ], [ 127.507258625271504, 36.342919160494098 ], [ 127.506743765212605, 36.342809251343795 ], [ 127.506520117324243, 36.342485497783564 ], [ 127.506040709961098, 36.342312354185893 ], [ 127.505575827520119, 36.342366980022682 ], [ 127.5053750964111, 36.342276304161658 ], [ 127.505087433538478, 36.342148821232115 ], [ 127.50483292082022, 36.342112999715376 ], [ 127.50453573487566, 36.342072013371578 ], [ 127.504445968101834, 36.341807385449037 ], [ 127.5047860131222, 36.34117795868351 ], [ 127.504791162560281, 36.341168078246369 ], [ 127.504881763618968, 36.3409928164698 ], [ 127.50471446498004, 36.340987041639373 ], [ 127.504001062962459, 36.340879371230436 ], [ 127.503836248067472, 36.340854434955574 ], [ 127.503661215473699, 36.340754348121031 ], [ 127.503503835869708, 36.340666019182898 ], [ 127.503274610148068, 36.340636567479905 ], [ 127.502915594348664, 36.340589645646205 ], [ 127.502494858535854, 36.340413988610401 ], [ 127.502178291999741, 36.340391091912196 ], [ 127.502048648209481, 36.340338979850749 ], [ 127.501696544971651, 36.340174297085774 ], [ 127.501341531328777, 36.34006989542128 ], [ 127.501009626811253, 36.339823462478009 ], [ 127.500841570559089, 36.339698569264598 ], [ 127.500488158743579, 36.34006304401565 ], [ 127.500174671092822, 36.34038651930279 ], [ 127.500244781735645, 36.340518022247281 ], [ 127.500202411101284, 36.340696458680078 ], [ 127.499959941313804, 36.341703396529738 ], [ 127.499158779678638, 36.342328260359167 ], [ 127.498130238841199, 36.342341830007243 ], [ 127.497873275747111, 36.342330227177193 ], [ 127.497403372007057, 36.342307116556235 ], [ 127.497200630810539, 36.34233893072809 ], [ 127.496844013855252, 36.342395326419052 ], [ 127.496707576779613, 36.342864218651918 ], [ 127.496478285192651, 36.343652282643262 ], [ 127.496452827139649, 36.343732492689071 ], [ 127.496368218114569, 36.343999119467071 ], [ 127.496305915588437, 36.344041326695383 ], [ 127.496084974243658, 36.344199233320168 ], [ 127.495840915412415, 36.344303886167808 ], [ 127.495823704108986, 36.344511703036126 ], [ 127.495805499738154, 36.344731608630937 ], [ 127.495789933756626, 36.34493716576123 ], [ 127.495794603658155, 36.344986908798205 ], [ 127.495833518333569, 36.345401797557116 ], [ 127.495835021121025, 36.345419255924554 ], [ 127.495852810640969, 36.345616591606017 ], [ 127.495804027778973, 36.345774776679178 ], [ 127.496052076464167, 36.34632853475766 ], [ 127.496118818577912, 36.346616343006559 ], [ 127.496327555336876, 36.346870067021527 ], [ 127.49651030625833, 36.347006170098908 ], [ 127.496573855833233, 36.347257385954997 ], [ 127.496604097147213, 36.347387091508168 ], [ 127.49663076089152, 36.347502438292274 ], [ 127.496645804333653, 36.347568278155578 ], [ 127.496702729015396, 36.34781811554862 ], [ 127.496730654080054, 36.347939089354881 ], [ 127.496607780551273, 36.347997047758554 ], [ 127.496527859302489, 36.348019340242914 ], [ 127.496473839000075, 36.348036469860098 ], [ 127.496443090976754, 36.348018564904699 ], [ 127.496327330524451, 36.348017638480449 ], [ 127.496284093315666, 36.348006552946472 ], [ 127.496232298618182, 36.348018031947461 ], [ 127.496155315147362, 36.348009906716776 ], [ 127.496132453628732, 36.348000710335661 ], [ 127.496038560856917, 36.347962799424593 ], [ 127.495995377275989, 36.347931996075332 ], [ 127.496037068776076, 36.347918864797705 ], [ 127.495989170129477, 36.347885837057618 ], [ 127.495870130113758, 36.347861268180601 ], [ 127.495800402495135, 36.347873100541655 ], [ 127.495744405524889, 36.347880649610914 ], [ 127.495651357229917, 36.347865264024826 ], [ 127.495580529421758, 36.347840495486665 ], [ 127.495484221290255, 36.347831043901607 ], [ 127.495442235925424, 36.347852331744292 ], [ 127.49535833627364, 36.347879713450432 ], [ 127.495263204161489, 36.347947135209928 ], [ 127.495114360981589, 36.347999567100992 ], [ 127.494949658606885, 36.347992641477234 ], [ 127.494874032824612, 36.348035479704414 ], [ 127.4948024320245, 36.348052392776168 ], [ 127.494754804888345, 36.348090600509614 ], [ 127.49470337301986, 36.348104897997423 ], [ 127.494646393229203, 36.348094427310038 ], [ 127.494555972691231, 36.348108885622779 ], [ 127.494457331542748, 36.348172932839411 ], [ 127.494472957634798, 36.348195397502565 ], [ 127.494461960539482, 36.348216286813091 ], [ 127.494453868741502, 36.34823152284541 ], [ 127.49443105502759, 36.348256398987935 ], [ 127.494393059471022, 36.348276273198962 ], [ 127.494348039432111, 36.348286308612508 ], [ 127.494233118971749, 36.348363949267473 ], [ 127.494175526456559, 36.348365871900725 ], [ 127.494144832128399, 36.348356428070943 ], [ 127.494120410664863, 36.348348922914269 ], [ 127.49409532516988, 36.348345646953355 ], [ 127.494039580843562, 36.348338559264832 ], [ 127.494017732887016, 36.348324005381798 ], [ 127.49397108357239, 36.348324756357869 ], [ 127.493926867274482, 36.348322685655397 ], [ 127.493878653964615, 36.348351045722545 ], [ 127.493865824416432, 36.348358704415453 ], [ 127.493820585292312, 36.348362270168906 ], [ 127.493779938487634, 36.348375107998038 ], [ 127.493733316274344, 36.348378400054912 ], [ 127.493710751398183, 36.34838975756108 ], [ 127.493677448621554, 36.348380035982196 ], [ 127.493636618484203, 36.348446944414597 ], [ 127.493629207090834, 36.34845880723217 ], [ 127.493495281112317, 36.348531172526194 ], [ 127.49344601911119, 36.348557563185153 ], [ 127.493417044231393, 36.348571758658146 ], [ 127.493244185606372, 36.348653295577591 ], [ 127.493217689907738, 36.348647213601218 ], [ 127.493167716467838, 36.348643751478761 ], [ 127.493145101916042, 36.348647232901023 ], [ 127.49308656291818, 36.348665208651624 ], [ 127.493005572159376, 36.348712573591627 ], [ 127.492944187518049, 36.348722684795185 ], [ 127.492939151108786, 36.348750866911224 ], [ 127.492917755232696, 36.348781648576001 ], [ 127.492887618034061, 36.348777546040928 ], [ 127.492876329419929, 36.348808853870494 ], [ 127.492752192208755, 36.348833019827737 ], [ 127.492720789150724, 36.348959032644565 ], [ 127.492672286258568, 36.349163120568292 ], [ 127.492456090233347, 36.349161188342016 ], [ 127.492393023330393, 36.349235234811125 ], [ 127.492302143884231, 36.349315298109545 ], [ 127.492286975450995, 36.349367465759812 ], [ 127.492256317297915, 36.349418840914737 ], [ 127.492243261447854, 36.349418894531283 ], [ 127.492225244091898, 36.349432485993688 ], [ 127.492236539414378, 36.349457221642261 ], [ 127.4919735370392, 36.349402825688578 ], [ 127.491815914867686, 36.349361793652513 ], [ 127.491749323131074, 36.3493446113009 ], [ 127.491200116503236, 36.349200414856377 ], [ 127.490916517958667, 36.348886177956501 ], [ 127.490537205481658, 36.348742697341244 ], [ 127.490501260481906, 36.348729047598624 ], [ 127.490495689426837, 36.348727096844087 ], [ 127.490479631759271, 36.348720962535552 ], [ 127.490477086512172, 36.348704076105996 ], [ 127.490476725347747, 36.348701545310092 ], [ 127.490475093005728, 36.3486916932439 ], [ 127.490442878311697, 36.348355293976319 ], [ 127.490400067773734, 36.347911645307654 ], [ 127.4902311036236, 36.347752100268309 ], [ 127.489778284301337, 36.34692854702238 ], [ 127.48976359028687, 36.34688918107674 ], [ 127.48956166475962, 36.346691749552932 ], [ 127.489190840065291, 36.346315612069219 ], [ 127.488840488101332, 36.346040500682044 ], [ 127.488267621688195, 36.345585773316245 ], [ 127.488064719753893, 36.345452271861603 ], [ 127.487766533112165, 36.345251002650954 ], [ 127.487755459077334, 36.345205989427534 ], [ 127.48772325580704, 36.345037719624486 ], [ 127.487625150790734, 36.344935611138716 ], [ 127.487439100052143, 36.344742049445387 ], [ 127.487237447991248, 36.34452941010494 ], [ 127.487070377129641, 36.344450110590756 ], [ 127.486595348365114, 36.344218295361394 ], [ 127.486487347242104, 36.344091723387933 ], [ 127.485530009479319, 36.343661359832652 ], [ 127.485516570901794, 36.343655214239142 ], [ 127.485407292194438, 36.343604407469662 ], [ 127.485484527734485, 36.343540733721206 ], [ 127.485463871151765, 36.343098957640649 ], [ 127.485381266348014, 36.342688982190133 ], [ 127.484490068760664, 36.34171848062303 ], [ 127.484413502493425, 36.34194633452956 ], [ 127.484122821805556, 36.342084098535693 ], [ 127.484137524670643, 36.342493781430456 ], [ 127.483996757774008, 36.342695706415917 ], [ 127.483569369925533, 36.342850908782644 ], [ 127.483240448382176, 36.342855614501211 ], [ 127.482923996575451, 36.343047549441998 ], [ 127.482866160386465, 36.343067211557759 ], [ 127.482263292729812, 36.343273238810362 ], [ 127.482172738627085, 36.343265438498001 ], [ 127.482172562934977, 36.343322041452275 ], [ 127.482140923405936, 36.343412005961198 ], [ 127.482100273022851, 36.343396966770996 ], [ 127.482013855428178, 36.343268330354192 ], [ 127.482008229864192, 36.343261035503772 ], [ 127.481949028630908, 36.343256199956031 ], [ 127.481815112200792, 36.343245194318406 ], [ 127.481805148808434, 36.343322392211569 ], [ 127.48193371153539, 36.343568010958123 ], [ 127.48195728798207, 36.343723087971995 ], [ 127.4819404942115, 36.343850724562216 ], [ 127.481953142967967, 36.34423789576109 ], [ 127.481949685471733, 36.344326052711388 ], [ 127.481911038734992, 36.344581066836511 ], [ 127.481988806091465, 36.344800981128735 ], [ 127.482117982984022, 36.344892263459911 ], [ 127.482139147567253, 36.344908516478334 ], [ 127.482468273002965, 36.34502068514962 ], [ 127.482670991829451, 36.345124341264452 ], [ 127.482765906619989, 36.345302786419531 ], [ 127.482815336443323, 36.345612930834406 ], [ 127.482835020631441, 36.345728867637099 ], [ 127.48289988833146, 36.345890257463594 ], [ 127.48283911233537, 36.346140296404478 ], [ 127.482805712740628, 36.346284617441164 ], [ 127.482769040777072, 36.34651990629559 ], [ 127.482690623034216, 36.346701870038665 ], [ 127.482718317857405, 36.347102209482543 ], [ 127.482792711689271, 36.34745195863411 ], [ 127.482749477741137, 36.347582243027695 ], [ 127.482707866279966, 36.347581563499453 ], [ 127.482602341728281, 36.347601985239471 ], [ 127.482550047604519, 36.347617677782196 ], [ 127.482489135931573, 36.347648625673024 ], [ 127.482436978582371, 36.347686567392167 ], [ 127.482372708956319, 36.347736669492974 ], [ 127.482316382845667, 36.347776042764082 ], [ 127.482256555143763, 36.347811203629405 ], [ 127.482115990545978, 36.347881609365345 ], [ 127.482084876331015, 36.347888772600072 ], [ 127.482055509311394, 36.347895649439373 ], [ 127.481956038703345, 36.347911540437117 ], [ 127.481365727151982, 36.348579927673384 ], [ 127.480022860116705, 36.349208243125275 ], [ 127.480453449887875, 36.349599930838473 ], [ 127.481232435899699, 36.34991981979271 ], [ 127.481255646796029, 36.34992986471822 ], [ 127.481365776481326, 36.349976733700188 ], [ 127.481488629224032, 36.350029183758494 ], [ 127.481744832684768, 36.350138267768649 ], [ 127.481765775387871, 36.350147195253271 ], [ 127.481928794370447, 36.3502186331799 ], [ 127.481985725333814, 36.350362590703376 ], [ 127.482046548257046, 36.350572425735962 ], [ 127.482017179269462, 36.350722362529545 ], [ 127.482178946627542, 36.350901665579421 ], [ 127.482251659941994, 36.350979666285419 ], [ 127.482261402379933, 36.351007788496794 ], [ 127.482325826734552, 36.351179877093294 ], [ 127.482392846021767, 36.351349981655112 ], [ 127.482407570285901, 36.351423709785188 ], [ 127.482523017798272, 36.352023078494305 ], [ 127.482590151226006, 36.352383553522884 ], [ 127.482748518829922, 36.352489370424983 ], [ 127.482713849024748, 36.352682981107726 ], [ 127.482696684100091, 36.352779357705451 ], [ 127.48263226929862, 36.353201190937142 ], [ 127.482533371222843, 36.353849021807306 ], [ 127.482989666784206, 36.354083172035423 ], [ 127.483440548838047, 36.354313413259362 ], [ 127.483714700025601, 36.354452267088313 ], [ 127.483724671073304, 36.354403500888679 ], [ 127.483726195033043, 36.354395897922387 ], [ 127.483753718070872, 36.354342564075374 ], [ 127.483789553675038, 36.354311158049171 ], [ 127.483801035405293, 36.354281544501283 ], [ 127.483870355027378, 36.354260141397532 ], [ 127.483931784024591, 36.354171462137074 ], [ 127.483945136984062, 36.35410748863044 ], [ 127.483990666416091, 36.354036617458888 ], [ 127.484021176131847, 36.353988903766584 ], [ 127.484064658697633, 36.353954646133069 ], [ 127.484069619382026, 36.353911820786088 ], [ 127.484170697986571, 36.353846645850119 ], [ 127.484319709434772, 36.353791406252974 ], [ 127.484371565408821, 36.353788943804645 ], [ 127.484487693556503, 36.353734404607721 ], [ 127.484557903143809, 36.353687656762155 ], [ 127.484586760515839, 36.353625026319413 ], [ 127.48460417311496, 36.353570886051557 ], [ 127.48462887431134, 36.353509957578346 ], [ 127.484671809409747, 36.353473728386106 ], [ 127.484838607907875, 36.353394490300715 ], [ 127.484948258785806, 36.353362785329963 ], [ 127.48510623820377, 36.353322152393758 ], [ 127.485206744153402, 36.353305137131734 ], [ 127.485271159330892, 36.353278120790449 ], [ 127.485297751682225, 36.353272660211658 ], [ 127.485335802574951, 36.353260962231225 ], [ 127.485422655501708, 36.353203440651896 ], [ 127.485463460505471, 36.353157937806543 ], [ 127.485499248097639, 36.353145969579629 ], [ 127.485617693310772, 36.353017911905766 ], [ 127.485687317022325, 36.352905551975773 ], [ 127.485705781394799, 36.352879280303185 ], [ 127.485796750588719, 36.352783171926262 ], [ 127.485857460118851, 36.352720961785941 ], [ 127.485868539387525, 36.352711067148029 ], [ 127.485961757480354, 36.352668722021022 ], [ 127.486127789820031, 36.352608355629059 ], [ 127.486169578003299, 36.352610150683887 ], [ 127.486217294598887, 36.352612210049124 ], [ 127.486220426746186, 36.352612476704991 ], [ 127.486278548644563, 36.352609149931205 ], [ 127.486439867566517, 36.352602574720123 ], [ 127.486612294195751, 36.352617645230104 ], [ 127.486606534191253, 36.352671459128103 ], [ 127.486591685070749, 36.352860205247445 ], [ 127.48658441431148, 36.352921910465064 ], [ 127.486578997828687, 36.352975434591997 ], [ 127.486575672869023, 36.353055426441919 ], [ 127.486561730451044, 36.353165875692738 ], [ 127.486545988940236, 36.35326647350319 ], [ 127.486537543920761, 36.35336338296537 ], [ 127.486498366680479, 36.353473655270008 ], [ 127.486485215695069, 36.353515955236126 ], [ 127.486459321392019, 36.3536070148579 ], [ 127.486315084671929, 36.353673781663062 ], [ 127.48606758576426, 36.353791089849793 ], [ 127.485723377718372, 36.354061996420022 ], [ 127.485646902762682, 36.354305900042576 ], [ 127.485668762685563, 36.354351149051226 ], [ 127.485697652410025, 36.354405381213859 ], [ 127.485742355790393, 36.354483772583315 ], [ 127.485782320977407, 36.354584991607076 ], [ 127.485788110714111, 36.354649176100459 ], [ 127.485787395601477, 36.354700995946942 ], [ 127.485755859434235, 36.354949791030123 ], [ 127.485779606496465, 36.355017282110701 ], [ 127.485831679831392, 36.355021009144167 ], [ 127.485878801801135, 36.35504194142846 ], [ 127.485866954189689, 36.355096906403453 ], [ 127.485875924052266, 36.355167268994251 ], [ 127.485932283599126, 36.355244207214085 ], [ 127.486027427154241, 36.355289159027357 ], [ 127.486085623054507, 36.355324410881813 ], [ 127.486110118542044, 36.355345425818129 ], [ 127.486235372580211, 36.355416731548715 ], [ 127.486318269908367, 36.355450468253423 ], [ 127.486427486621352, 36.355490298102026 ], [ 127.486480284817873, 36.3555264097497 ], [ 127.486508652478193, 36.355665136971353 ], [ 127.486482114399834, 36.355877018253928 ], [ 127.486481112562871, 36.355884339772643 ], [ 127.486497853916944, 36.355944821039166 ], [ 127.486514509625025, 36.356020225927516 ], [ 127.486482363364189, 36.356085970161594 ], [ 127.48648081174683, 36.356089076463626 ], [ 127.486666299766497, 36.356327970032041 ], [ 127.486707404524054, 36.356359343869073 ], [ 127.486814041283068, 36.356376375368143 ], [ 127.486968102343056, 36.35640363156125 ], [ 127.487045078265538, 36.356436265353857 ], [ 127.487098330556918, 36.356491524609218 ], [ 127.487094528834945, 36.35655208926724 ], [ 127.487032707050716, 36.356686667989294 ], [ 127.487005089306052, 36.356724520953797 ], [ 127.486993639895573, 36.356759199204618 ], [ 127.487001235110128, 36.35680535299722 ], [ 127.487023369253862, 36.356865812267095 ], [ 127.487003510158218, 36.356920530528107 ], [ 127.486992582606135, 36.356954927296577 ], [ 127.486984597687794, 36.357014661849156 ], [ 127.486971471523432, 36.357059214653795 ], [ 127.486924048445402, 36.357131779791416 ], [ 127.486888296640629, 36.357147974755897 ], [ 127.486847284866897, 36.357187287905653 ], [ 127.486819978996309, 36.357219786644805 ], [ 127.486805367393174, 36.35724941317774 ], [ 127.486792592743456, 36.357268056072115 ], [ 127.486779564243605, 36.35729964972105 ], [ 127.486740901324538, 36.357381749566741 ], [ 127.486717275434998, 36.357500970359069 ], [ 127.486703068560317, 36.357568894698403 ], [ 127.486712821115205, 36.357625177836347 ], [ 127.486743386130087, 36.35766898545301 ], [ 127.486744345046432, 36.357739110127497 ], [ 127.486780884701176, 36.357765428915719 ], [ 127.486838088924998, 36.357753652669949 ], [ 127.486872546190526, 36.357724504243997 ], [ 127.486918591861766, 36.357709952643297 ], [ 127.486960271069179, 36.357722462691036 ], [ 127.48703421735317, 36.357771158515057 ], [ 127.487070083896796, 36.357800300592146 ], [ 127.487109024968419, 36.35779169843525 ], [ 127.487136203532586, 36.357796084784432 ], [ 127.487131105029206, 36.357814696515078 ], [ 127.487164339494782, 36.357841596351349 ], [ 127.487203021954159, 36.357902547035465 ], [ 127.487213860019978, 36.357966710898502 ], [ 127.487211217383106, 36.358016574019828 ], [ 127.487205309943931, 36.358130928677646 ], [ 127.487178772468837, 36.358202850284172 ], [ 127.487132626047213, 36.358256819295633 ], [ 127.487086369457018, 36.358293062846386 ], [ 127.48711660703762, 36.358339683322498 ], [ 127.487138594550572, 36.35834775850342 ], [ 127.487282887543685, 36.358344360332374 ], [ 127.487533287819303, 36.358272375418998 ], [ 127.487608244489152, 36.358288120225644 ], [ 127.48770726207259, 36.358338975547142 ], [ 127.488033016322674, 36.358457612490056 ], [ 127.488089692460093, 36.358473710787443 ], [ 127.488123285269111, 36.358472168167864 ], [ 127.488170293106478, 36.358472544449079 ], [ 127.488216022259309, 36.358491228554023 ], [ 127.488479583856147, 36.3585200012255 ], [ 127.488546493405863, 36.358474390971139 ], [ 127.488731559549819, 36.358336209023165 ], [ 127.48882623940554, 36.358332722911108 ], [ 127.48893264194858, 36.358338488912651 ], [ 127.488977733659397, 36.358312108132921 ], [ 127.489282038867316, 36.358285525546464 ], [ 127.489372112741194, 36.358268819711121 ], [ 127.489494374460619, 36.358221856455835 ], [ 127.489700359235343, 36.358201018208987 ], [ 127.489785708596813, 36.358180681652662 ], [ 127.48990749025306, 36.358167504561536 ], [ 127.490131837224425, 36.358048877342732 ], [ 127.490179821043128, 36.358039669473676 ], [ 127.490313571742391, 36.358075168935564 ], [ 127.490439251692095, 36.358102816090728 ], [ 127.490530760352627, 36.358064421515373 ], [ 127.490672449101311, 36.357951196089537 ], [ 127.490714975031509, 36.357904837349892 ], [ 127.490761744914465, 36.35789394904161 ], [ 127.490865959311677, 36.357911536538303 ], [ 127.490887782986533, 36.35792187362064 ], [ 127.490968698169411, 36.357944350641731 ], [ 127.491020033025933, 36.357941887435686 ], [ 127.491304509755949, 36.35791791320532 ], [ 127.491323461732748, 36.357914456152969 ], [ 127.491469472255005, 36.357907945885778 ], [ 127.49154796180062, 36.35790424464637 ], [ 127.491848322231121, 36.357831757423931 ], [ 127.491992718019603, 36.357816520869093 ], [ 127.492008369691732, 36.35778604234774 ], [ 127.492165759973403, 36.357734146974927 ], [ 127.492496843469823, 36.357758695418866 ], [ 127.492579766373282, 36.357738925561485 ], [ 127.492623677012162, 36.357719874722612 ], [ 127.492672811491971, 36.357698828846296 ], [ 127.492753836225049, 36.357710328035623 ], [ 127.492793362608182, 36.357740012062429 ], [ 127.492847402664353, 36.357779783497264 ], [ 127.493035134066972, 36.357845472196509 ], [ 127.493111589138593, 36.357851348656325 ], [ 127.493217780546445, 36.357878514346282 ], [ 127.493312578321834, 36.357893894560789 ], [ 127.493470432001445, 36.357860856917974 ], [ 127.493393264492497, 36.357353990744819 ], [ 127.493726271961634, 36.356911049235975 ], [ 127.493610055648873, 36.356229175763723 ], [ 127.493570147845233, 36.355974202620352 ], [ 127.493407105326071, 36.355764506240178 ], [ 127.493516080499191, 36.355570586706861 ], [ 127.493559806911307, 36.355492401906936 ], [ 127.494525374127036, 36.354906324059755 ], [ 127.494331079903759, 36.354627485368916 ], [ 127.494344865981645, 36.354493939087284 ], [ 127.494360722177831, 36.35438658110094 ], [ 127.49466322941835, 36.354379700724813 ], [ 127.494714747154788, 36.354378361638751 ], [ 127.49495586552726, 36.354355116427826 ], [ 127.495220894622392, 36.354286434378558 ], [ 127.495302242333437, 36.354266669143982 ], [ 127.495436380490133, 36.354228373999504 ], [ 127.495494283959346, 36.354218564274952 ], [ 127.495611463765215, 36.354195830049115 ], [ 127.495747210080253, 36.354189915740363 ], [ 127.495918087281112, 36.354179359116294 ], [ 127.496124265812639, 36.354192870405143 ], [ 127.496269147654033, 36.354227470066753 ], [ 127.496316806575734, 36.354248386994541 ], [ 127.496437892148577, 36.354291826277787 ], [ 127.496494686986182, 36.354437741788828 ], [ 127.496630113901915, 36.354354949504696 ], [ 127.496705619427587, 36.354265935051558 ], [ 127.496746505758722, 36.354234224865131 ], [ 127.496820924230164, 36.354247992591731 ], [ 127.496882424693709, 36.354257317018558 ], [ 127.496939667750169, 36.354280446873751 ], [ 127.497114359942955, 36.354323374823288 ], [ 127.497192632317066, 36.354340505697678 ], [ 127.497314766697926, 36.354357742904085 ], [ 127.497346093383911, 36.354794956752912 ], [ 127.497600859575144, 36.354838398775293 ], [ 127.497656600370888, 36.354842393800119 ], [ 127.497676208055609, 36.354833580106252 ], [ 127.497617309053553, 36.354769049005697 ], [ 127.497603676466568, 36.354732779691446 ], [ 127.497649182731422, 36.354661912472615 ], [ 127.49768754733536, 36.354645415071474 ], [ 127.497753652077506, 36.354665696104249 ], [ 127.497794780401904, 36.354645816838236 ], [ 127.498012624978628, 36.354657582220625 ], [ 127.498096572696795, 36.354664839197333 ], [ 127.498155454152482, 36.354672191290412 ], [ 127.498225765800711, 36.354695275218646 ], [ 127.498282456271795, 36.35468743372325 ], [ 127.49864673378913, 36.354732103356916 ], [ 127.49946820553599, 36.354732350558585 ], [ 127.4999774625378, 36.354310897696912 ], [ 127.501089490199874, 36.353526188176041 ], [ 127.50168816521645, 36.353586765167833 ], [ 127.502086886731334, 36.353819398094039 ], [ 127.502098952299676, 36.353826385637277 ], [ 127.502336203294547, 36.353770474559724 ], [ 127.502696481477841, 36.353681668245137 ], [ 127.50392819038062, 36.353458810603229 ], [ 127.504595361588798, 36.354560208384143 ], [ 127.505014316705697, 36.354635322007347 ], [ 127.505183540345342, 36.354665590822528 ], [ 127.505684854984892, 36.354687970266212 ], [ 127.506027531753602, 36.354702861988464 ], [ 127.506360028106656, 36.354921674962142 ], [ 127.506528205936462, 36.355033050994678 ], [ 127.506793082211942, 36.355290168598096 ], [ 127.507006784742487, 36.355496532299206 ], [ 127.507086653564997, 36.355572234551111 ], [ 127.5074633471624, 36.35581253937368 ], [ 127.507595750374179, 36.356231307938863 ], [ 127.508018776970815, 36.356234868398481 ], [ 127.508408103842584, 36.356381341605434 ], [ 127.508742326096723, 36.356299097965973 ], [ 127.509282755164122, 36.356312572959865 ], [ 127.509614074807445, 36.356320455530991 ], [ 127.510359155112425, 36.356082423757833 ], [ 127.510952041694566, 36.355891779651721 ], [ 127.511353147366762, 36.35576305893423 ], [ 127.511779619281953, 36.356160003134889 ], [ 127.512255693082096, 36.356607703537534 ], [ 127.512627532908951, 36.356956161267874 ], [ 127.512348745835297, 36.357688989559108 ], [ 127.512453697707045, 36.358164751253362 ], [ 127.512318252022382, 36.358802335217433 ], [ 127.512402132081021, 36.359144418376921 ], [ 127.512166460768171, 36.359337769961257 ], [ 127.511567508661372, 36.359830056041638 ], [ 127.51148067694001, 36.360129774830348 ], [ 127.511553768114894, 36.360418681914261 ], [ 127.511708686649683, 36.361028837358042 ], [ 127.511927391913773, 36.361275164175879 ], [ 127.511807153688736, 36.361524903192922 ], [ 127.511903177795048, 36.361912839878038 ], [ 127.511929821495983, 36.362020865518474 ], [ 127.511940750238423, 36.362974356443154 ], [ 127.511733678070968, 36.363283609517516 ], [ 127.51148347216558, 36.363652468955806 ], [ 127.511855238816949, 36.363850254619024 ], [ 127.511961138607433, 36.363990897140759 ], [ 127.512151584955006, 36.364255926077639 ], [ 127.512497712092085, 36.364737414881489 ], [ 127.512608868122257, 36.364936880177218 ], [ 127.512705619246816, 36.365116139869166 ], [ 127.513183246728119, 36.36496821529019 ], [ 127.513226493841103, 36.36497901523299 ], [ 127.51358400649498, 36.365070979005381 ], [ 127.514946145315037, 36.36491193571085 ], [ 127.515290146285068, 36.365094068591084 ], [ 127.515837959289755, 36.365373603939027 ], [ 127.516371927209406, 36.365560268645986 ], [ 127.516626269988024, 36.365821635589718 ], [ 127.517421414360712, 36.365772578919419 ], [ 127.518454414804808, 36.36570334738785 ], [ 127.519010881065796, 36.365946216479308 ], [ 127.519183856194161, 36.365986587114691 ], [ 127.519963826667265, 36.366169628279017 ], [ 127.520342903159175, 36.366258387200148 ], [ 127.520846841703161, 36.365879115869426 ], [ 127.521240323743768, 36.36572308098971 ] ] ] ] } },
{ "type": "Feature", "properties": { "EMD_CD": "30110130", "EMD_ENG_NM": "Sinha-dong", "EMD_KOR_NM": "신하동" }, "geometry": { "type": "MultiPolygon", "coordinates": [ [ [ [ 127.503250905789258, 36.375727957469202 ], [ 127.503278337825989, 36.375661390682126 ], [ 127.503344072883962, 36.375621121064874 ], [ 127.503366544382985, 36.375595965394169 ], [ 127.503421532957532, 36.375536032499525 ], [ 127.503525213569489, 36.375494197543013 ], [ 127.503558698263504, 36.37539324400646 ], [ 127.50361463077455, 36.375372723814344 ], [ 127.503675864494753, 36.37528235939854 ], [ 127.503725087768373, 36.375166407425496 ], [ 127.503701667349645, 36.375125385926175 ], [ 127.50369640912858, 36.375038959701726 ], [ 127.503665745984165, 36.374873211974872 ], [ 127.503660687813579, 36.374845639700112 ], [ 127.503659795419779, 36.374706801643157 ], [ 127.503673649006515, 36.374559746096736 ], [ 127.503671532996123, 36.374419516377699 ], [ 127.503773839186692, 36.374245612878831 ], [ 127.50378910236293, 36.374208655190905 ], [ 127.503796736931832, 36.374177641189014 ], [ 127.503805818753136, 36.374155073988419 ], [ 127.503807868137514, 36.374149712477454 ], [ 127.503802439457317, 36.374116509509086 ], [ 127.503799358505532, 36.37407061733883 ], [ 127.503783614653159, 36.374005070023856 ], [ 127.503795875660188, 36.373962213341763 ], [ 127.503805002705647, 36.373946684015301 ], [ 127.503889243105306, 36.373805523438747 ], [ 127.503897994455784, 36.373759302151164 ], [ 127.503858091790775, 36.373673021598734 ], [ 127.503878945941025, 36.373585350095468 ], [ 127.503894871403318, 36.373517975430588 ], [ 127.503918326593563, 36.373401572987063 ], [ 127.503924555294972, 36.373313115886532 ], [ 127.50394005132523, 36.373123527592242 ], [ 127.503959565868627, 36.373071908133959 ], [ 127.50397789135333, 36.373079716217056 ], [ 127.504151367143848, 36.373061530982447 ], [ 127.50460865017223, 36.373312489885116 ], [ 127.504693394352003, 36.373358885199281 ], [ 127.504782322731046, 36.373406100905548 ], [ 127.504918425886999, 36.373478179048362 ], [ 127.505051063584787, 36.373551974834704 ], [ 127.505544153158866, 36.373496663924811 ], [ 127.506341063921539, 36.372685075063927 ], [ 127.506755523801232, 36.372640797196226 ], [ 127.507703634167171, 36.372406420021434 ], [ 127.508199669927876, 36.372430513997088 ], [ 127.508501305634042, 36.371985124271241 ], [ 127.508500547468174, 36.371761810830385 ], [ 127.508557452333648, 36.371730317071979 ], [ 127.50862119646078, 36.37154389372003 ], [ 127.508656047345653, 36.371495029027621 ], [ 127.508664167759193, 36.371485982947675 ], [ 127.508677126713323, 36.37147043698026 ], [ 127.508690421967586, 36.371453483772811 ], [ 127.508699415351202, 36.371443307533362 ], [ 127.50872271567988, 36.371384921528289 ], [ 127.508804301193763, 36.371212507467305 ], [ 127.508820439536009, 36.371178645405763 ], [ 127.508882294609279, 36.371132198234996 ], [ 127.508966374241055, 36.371101985669149 ], [ 127.509086425837268, 36.371061770531192 ], [ 127.509099605667032, 36.371027073909829 ], [ 127.509207279131203, 36.370930588683855 ], [ 127.509658952971748, 36.370453864731047 ], [ 127.509783292110015, 36.370322676479582 ], [ 127.510189583598773, 36.369589033300549 ], [ 127.510460518554495, 36.368816539568748 ], [ 127.510788885269903, 36.368576900298955 ], [ 127.511146405999412, 36.368081980970857 ], [ 127.511105516335391, 36.36771184117616 ], [ 127.511488226344468, 36.367263286224578 ], [ 127.512068288148143, 36.36704143009301 ], [ 127.512365594830612, 36.366765305001451 ], [ 127.512412351698075, 36.366302133375726 ], [ 127.512576286093449, 36.365226238373715 ], [ 127.512705619246816, 36.365116139869166 ], [ 127.512608868122257, 36.364936880177218 ], [ 127.512497712092085, 36.364737414881489 ], [ 127.512151584955006, 36.364255926077639 ], [ 127.511961138607433, 36.363990897140759 ], [ 127.511855238816949, 36.363850254619024 ], [ 127.51148347216558, 36.363652468955806 ], [ 127.511733678070968, 36.363283609517516 ], [ 127.511940750238423, 36.362974356443154 ], [ 127.511929821495983, 36.362020865518474 ], [ 127.511903177795048, 36.361912839878038 ], [ 127.511807153688736, 36.361524903192922 ], [ 127.511927391913773, 36.361275164175879 ], [ 127.511708686649683, 36.361028837358042 ], [ 127.511553768114894, 36.360418681914261 ], [ 127.51148067694001, 36.360129774830348 ], [ 127.511567508661372, 36.359830056041638 ], [ 127.512166460768171, 36.359337769961257 ], [ 127.512402132081021, 36.359144418376921 ], [ 127.512318252022382, 36.358802335217433 ], [ 127.512453697707045, 36.358164751253362 ], [ 127.512348745835297, 36.357688989559108 ], [ 127.512627532908951, 36.356956161267874 ], [ 127.512255693082096, 36.356607703537534 ], [ 127.511779619281953, 36.356160003134889 ], [ 127.511353147366762, 36.35576305893423 ], [ 127.510952041694566, 36.355891779651721 ], [ 127.510359155112425, 36.356082423757833 ], [ 127.509614074807445, 36.356320455530991 ], [ 127.509282755164122, 36.356312572959865 ], [ 127.508742326096723, 36.356299097965973 ], [ 127.508408103842584, 36.356381341605434 ], [ 127.508018776970815, 36.356234868398481 ], [ 127.507595750374179, 36.356231307938863 ], [ 127.5074633471624, 36.35581253937368 ], [ 127.507086653564997, 36.355572234551111 ], [ 127.507006784742487, 36.355496532299206 ], [ 127.506793082211942, 36.355290168598096 ], [ 127.506528205936462, 36.355033050994678 ], [ 127.506360028106656, 36.354921674962142 ], [ 127.506027531753602, 36.354702861988464 ], [ 127.505684854984892, 36.354687970266212 ], [ 127.505183540345342, 36.354665590822528 ], [ 127.505014316705697, 36.354635322007347 ], [ 127.504595361588798, 36.354560208384143 ], [ 127.50392819038062, 36.353458810603229 ], [ 127.502696481477841, 36.353681668245137 ], [ 127.502336203294547, 36.353770474559724 ], [ 127.502098952299676, 36.353826385637277 ], [ 127.502086886731334, 36.353819398094039 ], [ 127.50168816521645, 36.353586765167833 ], [ 127.501089490199874, 36.353526188176041 ], [ 127.4999774625378, 36.354310897696912 ], [ 127.49946820553599, 36.354732350558585 ], [ 127.49864673378913, 36.354732103356916 ], [ 127.498282456271795, 36.35468743372325 ], [ 127.498225765800711, 36.354695275218646 ], [ 127.498155454152482, 36.354672191290412 ], [ 127.498096572696795, 36.354664839197333 ], [ 127.498012624978628, 36.354657582220625 ], [ 127.497794780401904, 36.354645816838236 ], [ 127.497753652077506, 36.354665696104249 ], [ 127.49768754733536, 36.354645415071474 ], [ 127.497649182731422, 36.354661912472615 ], [ 127.497603676466568, 36.354732779691446 ], [ 127.497617309053553, 36.354769049005697 ], [ 127.497676208055609, 36.354833580106252 ], [ 127.497656600370888, 36.354842393800119 ], [ 127.497600859575144, 36.354838398775293 ], [ 127.497346093383911, 36.354794956752912 ], [ 127.497314766697926, 36.354357742904085 ], [ 127.497192632317066, 36.354340505697678 ], [ 127.497114359942955, 36.354323374823288 ], [ 127.496939667750169, 36.354280446873751 ], [ 127.496882424693709, 36.354257317018558 ], [ 127.496820924230164, 36.354247992591731 ], [ 127.496746505758722, 36.354234224865131 ], [ 127.496705619427587, 36.354265935051558 ], [ 127.496630113901915, 36.354354949504696 ], [ 127.496494686986182, 36.354437741788828 ], [ 127.496437892148577, 36.354291826277787 ], [ 127.496316806575734, 36.354248386994541 ], [ 127.496269147654033, 36.354227470066753 ], [ 127.496124265812639, 36.354192870405143 ], [ 127.495918087281112, 36.354179359116294 ], [ 127.495747210080253, 36.354189915740363 ], [ 127.495611463765215, 36.354195830049115 ], [ 127.495494283959346, 36.354218564274952 ], [ 127.495436380490133, 36.354228373999504 ], [ 127.495302242333437, 36.354266669143982 ], [ 127.495220894622392, 36.354286434378558 ], [ 127.49495586552726, 36.354355116427826 ], [ 127.494714747154788, 36.354378361638751 ], [ 127.49466322941835, 36.354379700724813 ], [ 127.494360722177831, 36.35438658110094 ], [ 127.494344865981645, 36.354493939087284 ], [ 127.494331079903759, 36.354627485368916 ], [ 127.494525374127036, 36.354906324059755 ], [ 127.493559806911307, 36.355492401906936 ], [ 127.493516080499191, 36.355570586706861 ], [ 127.493407105326071, 36.355764506240178 ], [ 127.493570147845233, 36.355974202620352 ], [ 127.493610055648873, 36.356229175763723 ], [ 127.493726271961634, 36.356911049235975 ], [ 127.493393264492497, 36.357353990744819 ], [ 127.493470432001445, 36.357860856917974 ], [ 127.493312578321834, 36.357893894560789 ], [ 127.493217780546445, 36.357878514346282 ], [ 127.493111589138593, 36.357851348656325 ], [ 127.493035134066972, 36.357845472196509 ], [ 127.492847402664353, 36.357779783497264 ], [ 127.492793362608182, 36.357740012062429 ], [ 127.492753836225049, 36.357710328035623 ], [ 127.492672811491971, 36.357698828846296 ], [ 127.492623677012162, 36.357719874722612 ], [ 127.492579766373282, 36.357738925561485 ], [ 127.492496843469823, 36.357758695418866 ], [ 127.492165759973403, 36.357734146974927 ], [ 127.492008369691732, 36.35778604234774 ], [ 127.491992718019603, 36.357816520869093 ], [ 127.491848322231121, 36.357831757423931 ], [ 127.49154796180062, 36.35790424464637 ], [ 127.491469472255005, 36.357907945885778 ], [ 127.491323461732748, 36.357914456152969 ], [ 127.491304509755949, 36.35791791320532 ], [ 127.491020033025933, 36.357941887435686 ], [ 127.490968698169411, 36.357944350641731 ], [ 127.490887782986533, 36.35792187362064 ], [ 127.490865959311677, 36.357911536538303 ], [ 127.490761744914465, 36.35789394904161 ], [ 127.490714975031509, 36.357904837349892 ], [ 127.490672449101311, 36.357951196089537 ], [ 127.490530760352627, 36.358064421515373 ], [ 127.490439251692095, 36.358102816090728 ], [ 127.490313571742391, 36.358075168935564 ], [ 127.490179821043128, 36.358039669473676 ], [ 127.490131837224425, 36.358048877342732 ], [ 127.48990749025306, 36.358167504561536 ], [ 127.489785708596813, 36.358180681652662 ], [ 127.489700359235343, 36.358201018208987 ], [ 127.489494374460619, 36.358221856455835 ], [ 127.489372112741194, 36.358268819711121 ], [ 127.489282038867316, 36.358285525546464 ], [ 127.488977733659397, 36.358312108132921 ], [ 127.48893264194858, 36.358338488912651 ], [ 127.48882623940554, 36.358332722911108 ], [ 127.488731559549819, 36.358336209023165 ], [ 127.488546493405863, 36.358474390971139 ], [ 127.488479583856147, 36.3585200012255 ], [ 127.488216022259309, 36.358491228554023 ], [ 127.488170293106478, 36.358472544449079 ], [ 127.488123285269111, 36.358472168167864 ], [ 127.488089692460093, 36.358473710787443 ], [ 127.488033016322674, 36.358457612490056 ], [ 127.48770726207259, 36.358338975547142 ], [ 127.487608244489152, 36.358288120225644 ], [ 127.487533287819303, 36.358272375418998 ], [ 127.487282887543685, 36.358344360332374 ], [ 127.487138594550572, 36.35834775850342 ], [ 127.48711660703762, 36.358339683322498 ], [ 127.486987948849176, 36.358366961688482 ], [ 127.486927013739077, 36.358393397073577 ], [ 127.486855176280372, 36.358431420620036 ], [ 127.486761346718325, 36.358458845637443 ], [ 127.486697616723035, 36.358456842517846 ], [ 127.486647902329835, 36.358440435932323 ], [ 127.486606670632668, 36.358417506508829 ], [ 127.486603464883373, 36.358405416894961 ], [ 127.486529522966805, 36.358411349338112 ], [ 127.4864977922403, 36.358404151675067 ], [ 127.486503013279986, 36.358376527837969 ], [ 127.486450679128183, 36.358331123342708 ], [ 127.486431234611473, 36.358339646162179 ], [ 127.486464580335252, 36.358438359476729 ], [ 127.486372882862099, 36.358473651706994 ], [ 127.486418545135308, 36.358510360046999 ], [ 127.486394701315163, 36.35853889753681 ], [ 127.486354470273014, 36.358564131166212 ], [ 127.486312446289048, 36.35858231594495 ], [ 127.486234352468102, 36.358592491509711 ], [ 127.486092605222765, 36.358641792382663 ], [ 127.486020435713954, 36.358682069683795 ], [ 127.485933453273503, 36.358719595366836 ], [ 127.485910603457427, 36.358741370002207 ], [ 127.485900324747846, 36.358767320128571 ], [ 127.485863337577044, 36.358866598073803 ], [ 127.485842885603518, 36.358966097354255 ], [ 127.485852375402189, 36.359037584246778 ], [ 127.485877786960685, 36.359148720876689 ], [ 127.485851323224523, 36.359204024425246 ], [ 127.485729052197172, 36.359278865998292 ], [ 127.485669819042329, 36.359355416565315 ], [ 127.485629424769158, 36.35938318288057 ], [ 127.485603147441282, 36.359412856524592 ], [ 127.48557067327981, 36.359452981730726 ], [ 127.485520409871853, 36.359517113895606 ], [ 127.48527372181276, 36.359601182192996 ], [ 127.485202793989643, 36.359644274613011 ], [ 127.485158710214122, 36.359666423432138 ], [ 127.485077477489483, 36.359761933116914 ], [ 127.484957313534039, 36.360120073167941 ], [ 127.485020196385364, 36.360408191039703 ], [ 127.485234682170983, 36.360605858213113 ], [ 127.485454037298155, 36.360634257767316 ], [ 127.485726530572151, 36.360641597672149 ], [ 127.485917053488762, 36.360652378321355 ], [ 127.486124312300134, 36.360668714047662 ], [ 127.486066085139811, 36.3606272713915 ], [ 127.486152975812331, 36.360601569252971 ], [ 127.486253799689564, 36.360549911088548 ], [ 127.486344735045677, 36.360447034789459 ], [ 127.486386080173332, 36.360405467565556 ], [ 127.486457160146955, 36.360329427295774 ], [ 127.486563824366371, 36.360236904437635 ], [ 127.486614426446238, 36.360227408007908 ], [ 127.486630260725732, 36.360225937904438 ], [ 127.486755452388437, 36.360230214719927 ], [ 127.486807705868088, 36.360262390310723 ], [ 127.486855920467406, 36.360290067455743 ], [ 127.486947639052971, 36.360340394309944 ], [ 127.487071125474159, 36.360434226329424 ], [ 127.487086158998693, 36.360443744601433 ], [ 127.487139796024209, 36.360476193782816 ], [ 127.487207272112443, 36.360519571866554 ], [ 127.487337078103948, 36.360593948835024 ], [ 127.487460819293759, 36.360728620131461 ], [ 127.487537270395634, 36.360815893234864 ], [ 127.487633997513939, 36.360917159965432 ], [ 127.487663644537534, 36.360952806511783 ], [ 127.487680741035703, 36.360987657025383 ], [ 127.487734256830663, 36.36108290849694 ], [ 127.48777718354691, 36.361295633621189 ], [ 127.487774375082566, 36.361347452925436 ], [ 127.487663773506938, 36.36172949154593 ], [ 127.487641350722456, 36.361819987468529 ], [ 127.48764067431371, 36.361850963198521 ], [ 127.487619894872708, 36.362203907178632 ], [ 127.48761990616805, 36.36226305046722 ], [ 127.487614356336849, 36.362350648076045 ], [ 127.487604142581645, 36.36263962954358 ], [ 127.487599366871564, 36.362683301310653 ], [ 127.48758735606603, 36.362767545836398 ], [ 127.487582151278517, 36.36282643097924 ], [ 127.487565760522784, 36.362933790127244 ], [ 127.487556882270439, 36.363018310275208 ], [ 127.487541274705606, 36.363111869425495 ], [ 127.487525486289627, 36.363231896464157 ], [ 127.487399244801878, 36.363984322223835 ], [ 127.487381246174024, 36.364478340778774 ], [ 127.487479886382616, 36.364886562838656 ], [ 127.487589105760918, 36.365204066760093 ], [ 127.487694426793567, 36.365455396031592 ], [ 127.48805022833244, 36.366060826555859 ], [ 127.488080059786597, 36.36648903660619 ], [ 127.488078297545385, 36.366877102341739 ], [ 127.488191166045041, 36.367361026396438 ], [ 127.488333011313756, 36.367856367107962 ], [ 127.488420163209142, 36.368291669805004 ], [ 127.488397612421736, 36.368470858672858 ], [ 127.48834689892918, 36.368828150819475 ], [ 127.488320303440261, 36.369057496795875 ], [ 127.488403757305392, 36.36945704736226 ], [ 127.48841659577802, 36.369507406040789 ], [ 127.488541747644248, 36.369724580599829 ], [ 127.488834412627284, 36.370086384199048 ], [ 127.489202575208111, 36.370351851081175 ], [ 127.489585935681731, 36.370541782422855 ], [ 127.490043605643109, 36.37075393772362 ], [ 127.490343645321857, 36.370928436962778 ], [ 127.490795183910819, 36.371217780913369 ], [ 127.491013305426037, 36.371433724903859 ], [ 127.491089105278618, 36.371608582088207 ], [ 127.491100990465014, 36.371977730246606 ], [ 127.49110374947648, 36.372279319661203 ], [ 127.491107403427677, 36.372446307924157 ], [ 127.491111792916456, 36.372590187389605 ], [ 127.491112223497382, 36.372658899181481 ], [ 127.49210956533588, 36.373215501264305 ], [ 127.492536961513935, 36.373343007933435 ], [ 127.492843848557413, 36.373386515874031 ], [ 127.493020453133923, 36.373393962948768 ], [ 127.493760851078079, 36.373429493213209 ], [ 127.493998770866341, 36.373495820376576 ], [ 127.493876945250562, 36.373091926447067 ], [ 127.493913023413015, 36.372932100992813 ], [ 127.494400364627012, 36.372459513949543 ], [ 127.494520800656971, 36.372342713127345 ], [ 127.494899868588959, 36.371958713379478 ], [ 127.495115664021398, 36.371804345187023 ], [ 127.49535142359619, 36.371614126985847 ], [ 127.495554300594662, 36.371480655261017 ], [ 127.495691444443224, 36.371389683536002 ], [ 127.496022521330161, 36.370990117390747 ], [ 127.496078249909814, 36.371020300902956 ], [ 127.496126683064077, 36.371052767496479 ], [ 127.496188799275274, 36.37107278644482 ], [ 127.496270340231789, 36.371082586852431 ], [ 127.496361436030782, 36.371114308931496 ], [ 127.496545670168274, 36.371172968261078 ], [ 127.49665056431266, 36.37121393292805 ], [ 127.49667490946797, 36.371236361061754 ], [ 127.49670690798817, 36.371258469095963 ], [ 127.496742314817766, 36.371322530078167 ], [ 127.496767590993628, 36.371437332383493 ], [ 127.496780960863305, 36.371458111808444 ], [ 127.49686505293316, 36.371596037361385 ], [ 127.496974567628712, 36.371676687747254 ], [ 127.497076855483684, 36.371745815120924 ], [ 127.497104783393354, 36.37178316054483 ], [ 127.497154173370049, 36.37180295241776 ], [ 127.497219379883475, 36.371870827690373 ], [ 127.497257564636271, 36.371961632461939 ], [ 127.497263815720473, 36.37201427038535 ], [ 127.497347841813138, 36.372057285554227 ], [ 127.497458027992749, 36.372108365600219 ], [ 127.49751141632386, 36.372152354926683 ], [ 127.497573929255239, 36.372180256660322 ], [ 127.497685475187907, 36.372254139237995 ], [ 127.497789822795596, 36.372343821933022 ], [ 127.497981380237661, 36.372486364726669 ], [ 127.498151999581665, 36.372539445871098 ], [ 127.498358076484308, 36.372608149632526 ], [ 127.498387229404571, 36.372620698711458 ], [ 127.498496086815038, 36.372681633007247 ], [ 127.498593716238076, 36.372701223592479 ], [ 127.498680693586053, 36.37274198164301 ], [ 127.498882348863077, 36.372910668690004 ], [ 127.498942326749301, 36.372951538949827 ], [ 127.499036148451538, 36.372975083099085 ], [ 127.499101281587599, 36.372976785374213 ], [ 127.499152336899002, 36.372955170139186 ], [ 127.499215968755749, 36.372967854746634 ], [ 127.499272706865128, 36.372963680285849 ], [ 127.499348871230737, 36.372975753884909 ], [ 127.499513279728319, 36.373064617023481 ], [ 127.499590642689711, 36.373074153208975 ], [ 127.499841399201031, 36.373132809408929 ], [ 127.500001502761535, 36.373173820157525 ], [ 127.500084799405684, 36.373184169342693 ], [ 127.50016399256549, 36.373208062023437 ], [ 127.500215994211388, 36.373224741725174 ], [ 127.500346148884134, 36.373266444757093 ], [ 127.500530418180162, 36.373301433259783 ], [ 127.500753264016041, 36.373379642160486 ], [ 127.500812417204941, 36.373345313043586 ], [ 127.500865039657384, 36.373378886633674 ], [ 127.500931988852358, 36.37342057383831 ], [ 127.500960714462863, 36.373446353112996 ], [ 127.501109950041396, 36.373612164513013 ], [ 127.501246968090612, 36.373719730734102 ], [ 127.50128681746169, 36.373770254330189 ], [ 127.501332769152839, 36.373823573014917 ], [ 127.501352173477869, 36.373888546627327 ], [ 127.501350345129723, 36.373930223951945 ], [ 127.501326367160956, 36.37396553262414 ], [ 127.501314661003391, 36.374041333174112 ], [ 127.501331891542506, 36.374120112652903 ], [ 127.501331353859797, 36.374171931645805 ], [ 127.501383223428149, 36.374279295191322 ], [ 127.501434537122918, 36.374352011408519 ], [ 127.501502335012276, 36.37439031537852 ], [ 127.501566730071076, 36.374440168410118 ], [ 127.501639390836743, 36.374475631313231 ], [ 127.501777928275587, 36.374439004832183 ], [ 127.501853950463101, 36.374426854220815 ], [ 127.501934444536019, 36.374436096406995 ], [ 127.502015925350562, 36.374461942796181 ], [ 127.502110314241833, 36.374545751764586 ], [ 127.50226887675106, 36.3747264458068 ], [ 127.502355537100783, 36.374826616001265 ], [ 127.502470374043838, 36.374976231810898 ], [ 127.502481227683873, 36.374986603713282 ], [ 127.502570383223912, 36.375095216168056 ], [ 127.502591050196145, 36.375169195870313 ], [ 127.50260708850243, 36.375225171772378 ], [ 127.502627820026035, 36.375281407344836 ], [ 127.502669604578898, 36.375362336510413 ], [ 127.502719488113769, 36.375456749088578 ], [ 127.502758373134455, 36.375519946534986 ], [ 127.502850463978589, 36.375597843914235 ], [ 127.503060361486035, 36.375692152455599 ], [ 127.503068420662757, 36.375699436042936 ], [ 127.503104059988274, 36.375664934172541 ], [ 127.503166006974325, 36.375685517899988 ], [ 127.503185025954394, 36.37569190836534 ], [ 127.503228407133051, 36.37569510553454 ], [ 127.503250905789258, 36.375727957469202 ] ] ] ] } },
{ "type": "Feature", "properties": { "EMD_CD": "30110131", "EMD_ENG_NM": "Sinchon-dong", "EMD_KOR_NM": "신촌동" }, "geometry": { "type": "MultiPolygon", "coordinates": [ [ [ [ 127.507440299559235, 36.386643326360023 ], [ 127.507663174407881, 36.386584933302771 ], [ 127.50767105139289, 36.386591379255286 ], [ 127.507881116737124, 36.386597815351728 ], [ 127.507897814252615, 36.386594644580946 ], [ 127.507917656331259, 36.386593434013825 ], [ 127.507998488476261, 36.386570273962761 ], [ 127.508109262176092, 36.386492926370728 ], [ 127.508148750074852, 36.386432777774651 ], [ 127.508267896983625, 36.386355953238692 ], [ 127.508405975966724, 36.386326647444335 ], [ 127.508481274418344, 36.386337024638749 ], [ 127.508510109706506, 36.386325358410403 ], [ 127.508544937891145, 36.386271988150604 ], [ 127.508602239836549, 36.386219360554065 ], [ 127.508704962595047, 36.386136414345138 ], [ 127.508786474968176, 36.386084251588116 ], [ 127.508909974580135, 36.386008534374788 ], [ 127.50901239898613, 36.385931221409663 ], [ 127.509079541755227, 36.385894042690147 ], [ 127.509151771749899, 36.385861068747467 ], [ 127.509223986482425, 36.385851470881768 ], [ 127.50921588667417, 36.385785044857144 ], [ 127.509066089324946, 36.385725979688836 ], [ 127.509044610968715, 36.385689745243155 ], [ 127.509036921645219, 36.385605853004151 ], [ 127.509075320244975, 36.385484601152434 ], [ 127.509075857072474, 36.385407721020101 ], [ 127.509070186555732, 36.385365219433893 ], [ 127.509043961844895, 36.385296617507613 ], [ 127.508996063523497, 36.385214869633927 ], [ 127.50885719982638, 36.385069868297535 ], [ 127.508816480694009, 36.385046665177576 ], [ 127.5087310759248, 36.385009007967106 ], [ 127.508666450039911, 36.384978868256496 ], [ 127.508594128265074, 36.384916941262375 ], [ 127.50859240218594, 36.384759245792331 ], [ 127.508595395726317, 36.384549145917255 ], [ 127.508599998161003, 36.384480413014032 ], [ 127.508567573983171, 36.384394102480435 ], [ 127.508542319809067, 36.384287755774608 ], [ 127.508509884779187, 36.384199751089305 ], [ 127.508439806292287, 36.38407979785557 ], [ 127.508371583492277, 36.383926331612422 ], [ 127.508293669680526, 36.383833725661745 ], [ 127.508001216969063, 36.38339424519561 ], [ 127.507939688357496, 36.383303543065551 ], [ 127.50792232996686, 36.383259685149454 ], [ 127.507921516436468, 36.383160002376968 ], [ 127.507963671216771, 36.383189958420466 ], [ 127.50800396893807, 36.383199925602177 ], [ 127.50803436882434, 36.383189090930408 ], [ 127.50808875051186, 36.383224338956239 ], [ 127.508346891106214, 36.38309933458283 ], [ 127.508562684795706, 36.382997326759863 ], [ 127.508789486178657, 36.38290174212478 ], [ 127.508824643461438, 36.382846108452014 ], [ 127.508878369689995, 36.382806175197324 ], [ 127.508821594821001, 36.382778255104618 ], [ 127.508844066575165, 36.382753098431515 ], [ 127.508929042293744, 36.382671912538413 ], [ 127.50900886912369, 36.382628489004965 ], [ 127.509026560081765, 36.38261883452256 ], [ 127.509153587267335, 36.382577463245461 ], [ 127.509118002409437, 36.382486660469041 ], [ 127.509165446516917, 36.382445618318528 ], [ 127.509326075761976, 36.382404383412165 ], [ 127.509494007928424, 36.382385925573367 ], [ 127.509577421743174, 36.38241429978082 ], [ 127.509670679765634, 36.382402070879039 ], [ 127.509865435579158, 36.382438135687586 ], [ 127.510074252498512, 36.382470193238284 ], [ 127.510093567146868, 36.382521648297995 ], [ 127.51012692584608, 36.382616127975304 ], [ 127.510173944612461, 36.382749416466623 ], [ 127.510223929641583, 36.382884656830392 ], [ 127.510618782842045, 36.382977316981076 ], [ 127.511039300598725, 36.382946515706841 ], [ 127.5111705101571, 36.382719539756458 ], [ 127.5113038305945, 36.382469466951839 ], [ 127.511400282313943, 36.382331907887298 ], [ 127.511610233669487, 36.382030808396649 ], [ 127.511735889750881, 36.381193040788503 ], [ 127.511551631137095, 36.38094826174946 ], [ 127.511501889661304, 36.380877787182015 ], [ 127.51135828739875, 36.38054075378377 ], [ 127.511652564139823, 36.380005839852501 ], [ 127.512213794899495, 36.379819542210527 ], [ 127.512384211359475, 36.3798376838105 ], [ 127.512919370479537, 36.379899601566684 ], [ 127.512933657181577, 36.379901234583194 ], [ 127.513155252091664, 36.379782008516365 ], [ 127.513972773569364, 36.379354112230637 ], [ 127.514133432799838, 36.379371446105679 ], [ 127.514270092301757, 36.379365795077447 ], [ 127.514424920658669, 36.379343718851672 ], [ 127.515091346468921, 36.379083466443575 ], [ 127.515408462773067, 36.379246843625062 ], [ 127.515999941386724, 36.379584205990334 ], [ 127.516472951580155, 36.379435170766683 ], [ 127.5167100650783, 36.378898796643796 ], [ 127.516691164960491, 36.378621771631913 ], [ 127.516631099571768, 36.378279031336177 ], [ 127.516709576591794, 36.378113384212853 ], [ 127.516638196734064, 36.377903613721216 ], [ 127.516731080406487, 36.37759737762547 ], [ 127.516176561587073, 36.377159326126417 ], [ 127.517218032569332, 36.376820837906649 ], [ 127.518276336668563, 36.376974814641983 ], [ 127.518680716099695, 36.376642735628302 ], [ 127.519084171182797, 36.376196887832812 ], [ 127.519851586957856, 36.376020934387817 ], [ 127.520159413697726, 36.376044380247684 ], [ 127.521237442095639, 36.376257658606264 ], [ 127.521729747635462, 36.376528963660647 ], [ 127.522640034592058, 36.376601594757382 ], [ 127.523394857535109, 36.376861609396926 ], [ 127.52427838997059, 36.376760583309505 ], [ 127.524667989275741, 36.376565128513846 ], [ 127.524880067620089, 36.376461692696246 ], [ 127.524794799742523, 36.375896868021208 ], [ 127.524982831199779, 36.375502913395593 ], [ 127.52482998901479, 36.375249293816715 ], [ 127.52495534567521, 36.374988255419652 ], [ 127.52498602973732, 36.37494249525804 ], [ 127.525341847810267, 36.374540198898856 ], [ 127.525846367911271, 36.37398264593908 ], [ 127.525892021209557, 36.37375490271652 ], [ 127.52586151262949, 36.373177456256428 ], [ 127.52591008871093, 36.372918718292198 ], [ 127.525975145865601, 36.372572044851665 ], [ 127.525925496372636, 36.372049878373808 ], [ 127.52585366112497, 36.371904593248374 ], [ 127.525819613983444, 36.371761124793679 ], [ 127.525986094544692, 36.371583541379962 ], [ 127.525903881284691, 36.371241740780171 ], [ 127.526202958286646, 36.37092389513905 ], [ 127.526253408959562, 36.370553071414662 ], [ 127.526530934687671, 36.370137886136092 ], [ 127.526577998262084, 36.37006756002004 ], [ 127.526518383942218, 36.369462350384268 ], [ 127.526305483671663, 36.369337402667355 ], [ 127.526288015395721, 36.369303127161885 ], [ 127.526120057490317, 36.36897437349257 ], [ 127.52612536917988, 36.368884234118269 ], [ 127.526124681764699, 36.368522925831208 ], [ 127.525984252997304, 36.368013827918979 ], [ 127.52579337355786, 36.367876959342652 ], [ 127.525454681772828, 36.367737638775303 ], [ 127.525283368722555, 36.367555625526172 ], [ 127.524969537315386, 36.367412806212876 ], [ 127.524823947394637, 36.366495954114782 ], [ 127.524440436249776, 36.366449754633422 ], [ 127.524279006072149, 36.366288540482664 ], [ 127.524088815463344, 36.36591201133934 ], [ 127.523555968410477, 36.365976295601676 ], [ 127.523297336637654, 36.366144140197704 ], [ 127.522471868616279, 36.365692656051621 ], [ 127.521878548751175, 36.365537259105992 ], [ 127.521240323743768, 36.36572308098971 ], [ 127.520846841703161, 36.365879115869426 ], [ 127.520342903159175, 36.366258387200148 ], [ 127.519963826667265, 36.366169628279017 ], [ 127.519183856194161, 36.365986587114691 ], [ 127.519010881065796, 36.365946216479308 ], [ 127.518454414804808, 36.36570334738785 ], [ 127.517421414360712, 36.365772578919419 ], [ 127.516626269988024, 36.365821635589718 ], [ 127.516371927209406, 36.365560268645986 ], [ 127.515837959289755, 36.365373603939027 ], [ 127.515290146285068, 36.365094068591084 ], [ 127.514946145315037, 36.36491193571085 ], [ 127.51358400649498, 36.365070979005381 ], [ 127.513226493841103, 36.36497901523299 ], [ 127.513183246728119, 36.36496821529019 ], [ 127.512705619246816, 36.365116139869166 ], [ 127.512576286093449, 36.365226238373715 ], [ 127.512412351698075, 36.366302133375726 ], [ 127.512365594830612, 36.366765305001451 ], [ 127.512068288148143, 36.36704143009301 ], [ 127.511488226344468, 36.367263286224578 ], [ 127.511105516335391, 36.36771184117616 ], [ 127.511146405999412, 36.368081980970857 ], [ 127.510788885269903, 36.368576900298955 ], [ 127.510460518554495, 36.368816539568748 ], [ 127.510189583598773, 36.369589033300549 ], [ 127.509783292110015, 36.370322676479582 ], [ 127.509658952971748, 36.370453864731047 ], [ 127.509207279131203, 36.370930588683855 ], [ 127.509099605667032, 36.371027073909829 ], [ 127.509086425837268, 36.371061770531192 ], [ 127.508966374241055, 36.371101985669149 ], [ 127.508882294609279, 36.371132198234996 ], [ 127.508820439536009, 36.371178645405763 ], [ 127.508804301193763, 36.371212507467305 ], [ 127.50872271567988, 36.371384921528289 ], [ 127.508699415351202, 36.371443307533362 ], [ 127.508690421967586, 36.371453483772811 ], [ 127.508677126713323, 36.37147043698026 ], [ 127.508664167759193, 36.371485982947675 ], [ 127.508656047345653, 36.371495029027621 ], [ 127.50862119646078, 36.37154389372003 ], [ 127.508557452333648, 36.371730317071979 ], [ 127.508500547468174, 36.371761810830385 ], [ 127.508501305634042, 36.371985124271241 ], [ 127.508199669927876, 36.372430513997088 ], [ 127.507703634167171, 36.372406420021434 ], [ 127.506755523801232, 36.372640797196226 ], [ 127.506341063921539, 36.372685075063927 ], [ 127.505544153158866, 36.373496663924811 ], [ 127.505051063584787, 36.373551974834704 ], [ 127.504918425886999, 36.373478179048362 ], [ 127.504782322731046, 36.373406100905548 ], [ 127.504693394352003, 36.373358885199281 ], [ 127.50460865017223, 36.373312489885116 ], [ 127.504151367143848, 36.373061530982447 ], [ 127.50397789135333, 36.373079716217056 ], [ 127.503959565868627, 36.373071908133959 ], [ 127.50394005132523, 36.373123527592242 ], [ 127.503924555294972, 36.373313115886532 ], [ 127.503918326593563, 36.373401572987063 ], [ 127.503894871403318, 36.373517975430588 ], [ 127.503878945941025, 36.373585350095468 ], [ 127.503858091790775, 36.373673021598734 ], [ 127.503897994455784, 36.373759302151164 ], [ 127.503889243105306, 36.373805523438747 ], [ 127.503805002705647, 36.373946684015301 ], [ 127.503795875660188, 36.373962213341763 ], [ 127.503783614653159, 36.374005070023856 ], [ 127.503799358505532, 36.37407061733883 ], [ 127.503802439457317, 36.374116509509086 ], [ 127.503807868137514, 36.374149712477454 ], [ 127.503805818753136, 36.374155073988419 ], [ 127.503796736931832, 36.374177641189014 ], [ 127.50378910236293, 36.374208655190905 ], [ 127.503773839186692, 36.374245612878831 ], [ 127.503671532996123, 36.374419516377699 ], [ 127.503673649006515, 36.374559746096736 ], [ 127.503659795419779, 36.374706801643157 ], [ 127.503660687813579, 36.374845639700112 ], [ 127.503665745984165, 36.374873211974872 ], [ 127.50369640912858, 36.375038959701726 ], [ 127.503701667349645, 36.375125385926175 ], [ 127.503725087768373, 36.375166407425496 ], [ 127.503675864494753, 36.37528235939854 ], [ 127.50361463077455, 36.375372723814344 ], [ 127.503558698263504, 36.37539324400646 ], [ 127.503525213569489, 36.375494197543013 ], [ 127.503421532957532, 36.375536032499525 ], [ 127.503366544382985, 36.375595965394169 ], [ 127.503344072883962, 36.375621121064874 ], [ 127.503278337825989, 36.375661390682126 ], [ 127.503250905789258, 36.375727957469202 ], [ 127.503228407133051, 36.37569510553454 ], [ 127.503185025954394, 36.37569190836534 ], [ 127.503166006974325, 36.375685517899988 ], [ 127.503104059988274, 36.375664934172541 ], [ 127.503068420662757, 36.375699436042936 ], [ 127.503060361486035, 36.375692152455599 ], [ 127.502850463978589, 36.375597843914235 ], [ 127.502758373134455, 36.375519946534986 ], [ 127.502719488113769, 36.375456749088578 ], [ 127.502669604578898, 36.375362336510413 ], [ 127.502627820026035, 36.375281407344836 ], [ 127.50260708850243, 36.375225171772378 ], [ 127.502591050196145, 36.375169195870313 ], [ 127.502570383223912, 36.375095216168056 ], [ 127.502481227683873, 36.374986603713282 ], [ 127.502470374043838, 36.374976231810898 ], [ 127.502355537100783, 36.374826616001265 ], [ 127.50226887675106, 36.3747264458068 ], [ 127.502110314241833, 36.374545751764586 ], [ 127.502015925350562, 36.374461942796181 ], [ 127.501934444536019, 36.374436096406995 ], [ 127.501853950463101, 36.374426854220815 ], [ 127.501777928275587, 36.374439004832183 ], [ 127.501639390836743, 36.374475631313231 ], [ 127.501566730071076, 36.374440168410118 ], [ 127.501502335012276, 36.37439031537852 ], [ 127.501434537122918, 36.374352011408519 ], [ 127.501383223428149, 36.374279295191322 ], [ 127.501331353859797, 36.374171931645805 ], [ 127.501331891542506, 36.374120112652903 ], [ 127.501314661003391, 36.374041333174112 ], [ 127.501326367160956, 36.37396553262414 ], [ 127.501350345129723, 36.373930223951945 ], [ 127.501352173477869, 36.373888546627327 ], [ 127.501332769152839, 36.373823573014917 ], [ 127.50128681746169, 36.373770254330189 ], [ 127.501246968090612, 36.373719730734102 ], [ 127.501109950041396, 36.373612164513013 ], [ 127.500960714462863, 36.373446353112996 ], [ 127.500931988852358, 36.37342057383831 ], [ 127.500865039657384, 36.373378886633674 ], [ 127.500812417204941, 36.373345313043586 ], [ 127.500753264016041, 36.373379642160486 ], [ 127.500530418180162, 36.373301433259783 ], [ 127.500346148884134, 36.373266444757093 ], [ 127.500215994211388, 36.373224741725174 ], [ 127.50016399256549, 36.373208062023437 ], [ 127.500084799405684, 36.373184169342693 ], [ 127.500001502761535, 36.373173820157525 ], [ 127.499841399201031, 36.373132809408929 ], [ 127.499590642689711, 36.373074153208975 ], [ 127.499513279728319, 36.373064617023481 ], [ 127.499348871230737, 36.372975753884909 ], [ 127.499272706865128, 36.372963680285849 ], [ 127.499215968755749, 36.372967854746634 ], [ 127.499152336899002, 36.372955170139186 ], [ 127.499101281587599, 36.372976785374213 ], [ 127.499036148451538, 36.372975083099085 ], [ 127.498942326749301, 36.372951538949827 ], [ 127.498882348863077, 36.372910668690004 ], [ 127.498680693586053, 36.37274198164301 ], [ 127.498593716238076, 36.372701223592479 ], [ 127.498496086815038, 36.372681633007247 ], [ 127.498387229404571, 36.372620698711458 ], [ 127.498358076484308, 36.372608149632526 ], [ 127.498151999581665, 36.372539445871098 ], [ 127.497981380237661, 36.372486364726669 ], [ 127.497789822795596, 36.372343821933022 ], [ 127.497685475187907, 36.372254139237995 ], [ 127.497573929255239, 36.372180256660322 ], [ 127.49751141632386, 36.372152354926683 ], [ 127.497458027992749, 36.372108365600219 ], [ 127.497347841813138, 36.372057285554227 ], [ 127.497263815720473, 36.37201427038535 ], [ 127.497257564636271, 36.371961632461939 ], [ 127.497219379883475, 36.371870827690373 ], [ 127.497154173370049, 36.37180295241776 ], [ 127.497104783393354, 36.37178316054483 ], [ 127.497076855483684, 36.371745815120924 ], [ 127.496974567628712, 36.371676687747254 ], [ 127.49686505293316, 36.371596037361385 ], [ 127.496780960863305, 36.371458111808444 ], [ 127.496767590993628, 36.371437332383493 ], [ 127.496742314817766, 36.371322530078167 ], [ 127.49670690798817, 36.371258469095963 ], [ 127.49667490946797, 36.371236361061754 ], [ 127.49665056431266, 36.37121393292805 ], [ 127.496545670168274, 36.371172968261078 ], [ 127.496361436030782, 36.371114308931496 ], [ 127.496270340231789, 36.371082586852431 ], [ 127.496188799275274, 36.37107278644482 ], [ 127.496126683064077, 36.371052767496479 ], [ 127.496078249909814, 36.371020300902956 ], [ 127.496022521330161, 36.370990117390747 ], [ 127.495691444443224, 36.371389683536002 ], [ 127.495554300594662, 36.371480655261017 ], [ 127.49535142359619, 36.371614126985847 ], [ 127.495115664021398, 36.371804345187023 ], [ 127.494899868588959, 36.371958713379478 ], [ 127.494520800656971, 36.372342713127345 ], [ 127.494400364627012, 36.372459513949543 ], [ 127.493913023413015, 36.372932100992813 ], [ 127.493876945250562, 36.373091926447067 ], [ 127.493998770866341, 36.373495820376576 ], [ 127.494205194533762, 36.373594944053167 ], [ 127.494494557067739, 36.373840154811418 ], [ 127.494820637372172, 36.374136191918161 ], [ 127.494891796578486, 36.374209685122203 ], [ 127.495125398712702, 36.374447527797741 ], [ 127.495358587313646, 36.374729023946067 ], [ 127.495544360483123, 36.375003389273751 ], [ 127.495721186517841, 36.375237239072426 ], [ 127.495878880742296, 36.37544835939056 ], [ 127.495938926665673, 36.375528088910308 ], [ 127.496173155126755, 36.375861954552803 ], [ 127.496389505160309, 36.376233634381371 ], [ 127.496444628581415, 36.376442078771532 ], [ 127.496509742107449, 36.376853531230367 ], [ 127.496510931904965, 36.377315650419511 ], [ 127.496541173560061, 36.377828618821219 ], [ 127.496509661952004, 36.378268912163747 ], [ 127.496380274164977, 36.378789030219075 ], [ 127.496274765007243, 36.379122328806844 ], [ 127.496159757570126, 36.379493965923167 ], [ 127.496118069505428, 36.379839400017424 ], [ 127.496157143787997, 36.380152950074489 ], [ 127.496138803950359, 36.380556583497558 ], [ 127.496031582427364, 36.380757247139421 ], [ 127.49595742297619, 36.380897522282595 ], [ 127.495806880962547, 36.381048801219634 ], [ 127.495666373296885, 36.381188503609522 ], [ 127.49529169249125, 36.381417875202651 ], [ 127.495140974130436, 36.381513399261948 ], [ 127.494784721420146, 36.381655965484207 ], [ 127.494324163168699, 36.381798384259817 ], [ 127.494210011547864, 36.381867856948823 ], [ 127.494057864175147, 36.381958032646388 ], [ 127.493999975625314, 36.382056560828758 ], [ 127.493770230168806, 36.382433742031765 ], [ 127.494257844135674, 36.382687426710881 ], [ 127.494487172285091, 36.382767026175358 ], [ 127.494808453705602, 36.38282314877965 ], [ 127.495081992344808, 36.382872429737589 ], [ 127.495664579179731, 36.382942961000431 ], [ 127.496227877874688, 36.382991031298211 ], [ 127.496749107378378, 36.382941001901656 ], [ 127.497310933634552, 36.382922053955852 ], [ 127.497695412410692, 36.382919051732728 ], [ 127.498024124208229, 36.382937394249922 ], [ 127.498390319865862, 36.383015849500744 ], [ 127.498632520562069, 36.383066658473957 ], [ 127.499004924347517, 36.383164235637821 ], [ 127.499245660122696, 36.383257854539217 ], [ 127.499522939213904, 36.383429892696519 ], [ 127.499819402301142, 36.383631984944927 ], [ 127.500204505707842, 36.383862417358493 ], [ 127.500352834825321, 36.383939243653067 ], [ 127.500748418296922, 36.384147110554423 ], [ 127.500873345178249, 36.384184049563515 ], [ 127.501217945522285, 36.384289612139817 ], [ 127.501372682288078, 36.384331211071903 ], [ 127.501867862402122, 36.384429391870931 ], [ 127.502331923419874, 36.384560088746241 ], [ 127.502716654152167, 36.384676752220436 ], [ 127.503024257046818, 36.384768388686766 ], [ 127.503314745189215, 36.384853625933367 ], [ 127.503786230577589, 36.384945698313494 ], [ 127.50469148071214, 36.385278984984758 ], [ 127.505154844526402, 36.385517812843524 ], [ 127.505598845837227, 36.385776428941007 ], [ 127.506173889684874, 36.386156425590521 ], [ 127.506319121167508, 36.386262824515391 ], [ 127.506618821486029, 36.386557813493283 ], [ 127.506881866375608, 36.386759740938196 ], [ 127.507156097004426, 36.386699167010981 ], [ 127.507440299559235, 36.386643326360023 ] ] ] ] } },
{ "type": "Feature", "properties": { "EMD_CD": "30110132", "EMD_ENG_NM": "Saseong-dong", "EMD_KOR_NM": "사성동" }, "geometry": { "type": "MultiPolygon", "coordinates": [ [ [ [ 127.508306744168777, 36.394461984116077 ], [ 127.508486999661798, 36.394433625696237 ], [ 127.508608486929433, 36.39447676203109 ], [ 127.508705449535881, 36.394495499917852 ], [ 127.508868861358465, 36.394502970371391 ], [ 127.508974954240188, 36.394506457718421 ], [ 127.509272211137286, 36.394338768647721 ], [ 127.509398805120512, 36.394202209709725 ], [ 127.509570610606261, 36.393946054971565 ], [ 127.509783570111281, 36.393753652967547 ], [ 127.510022950418488, 36.39360479016684 ], [ 127.510283942359933, 36.393567064696263 ], [ 127.510428132981218, 36.393644175240645 ], [ 127.51053299104781, 36.393699492033228 ], [ 127.510915825065922, 36.393836133480775 ], [ 127.511090791667129, 36.393853410280222 ], [ 127.511425326681987, 36.393689206496596 ], [ 127.511861327656334, 36.393538941733247 ], [ 127.512345062922563, 36.393711752432218 ], [ 127.512804147589449, 36.393871428683873 ], [ 127.513018665390035, 36.393916415148894 ], [ 127.513348393108146, 36.393922320019534 ], [ 127.513538155285474, 36.393884054585143 ], [ 127.513539001211115, 36.39401303359768 ], [ 127.513554301247908, 36.394009020938228 ], [ 127.513582199025095, 36.393986660775461 ], [ 127.513626382539655, 36.393978018486102 ], [ 127.513672709545304, 36.393978387573199 ], [ 127.513746645825577, 36.393966797033158 ], [ 127.513784015543024, 36.39395425486164 ], [ 127.513918941357673, 36.393947196775166 ], [ 127.513946197725701, 36.393934121198974 ], [ 127.514003014899359, 36.393939798025613 ], [ 127.514079667618887, 36.393970162516617 ], [ 127.51410100537899, 36.393957112304271 ], [ 127.514142067882631, 36.393950177394075 ], [ 127.51428572950266, 36.393973216097237 ], [ 127.514445313149736, 36.39400886553338 ], [ 127.51449948698621, 36.394009191589802 ], [ 127.514530867055669, 36.39393499069849 ], [ 127.514569239876124, 36.393917370458041 ], [ 127.514604600849012, 36.393918056635265 ], [ 127.514768981219419, 36.393781338714341 ], [ 127.515148224834533, 36.393794631595668 ], [ 127.515479861479818, 36.393826430643934 ], [ 127.51592822371417, 36.393915751612724 ], [ 127.516214154482697, 36.393988856249358 ], [ 127.516425505381349, 36.393975842748787 ], [ 127.516679844935837, 36.394011351006434 ], [ 127.51698587675628, 36.394041012420985 ], [ 127.517203980029166, 36.39399726597879 ], [ 127.517413288257728, 36.393911310882949 ], [ 127.51797050773726, 36.393791472987644 ], [ 127.517964722294579, 36.393759389776157 ], [ 127.517614108068614, 36.393807657327656 ], [ 127.517370222489248, 36.393825886964699 ], [ 127.517181190266669, 36.393815727144997 ], [ 127.517116262442812, 36.393820792589985 ], [ 127.516863048383911, 36.393639959799422 ], [ 127.516671296747376, 36.393481119967618 ], [ 127.516673026023554, 36.39337325300265 ], [ 127.516678566825561, 36.393052471195858 ], [ 127.516958596809118, 36.393074639078314 ], [ 127.517896897287869, 36.39316801928809 ], [ 127.518149989830391, 36.392646506515604 ], [ 127.517931892685127, 36.392270937150002 ], [ 127.518050391372654, 36.391860398153256 ], [ 127.519234421878579, 36.391692216450913 ], [ 127.51977492377064, 36.391286604512352 ], [ 127.519726744040895, 36.391137843221344 ], [ 127.519896053763915, 36.390592476004826 ], [ 127.520966570898935, 36.390196101054698 ], [ 127.522282357417808, 36.389838920153643 ], [ 127.522449760577786, 36.389114443501917 ], [ 127.523092284644989, 36.388759908721028 ], [ 127.523086972519806, 36.388565335932569 ], [ 127.523373849527687, 36.388285003393456 ], [ 127.524328722994909, 36.388156080504672 ], [ 127.524347892254809, 36.387794686429046 ], [ 127.524934234020563, 36.387506559649239 ], [ 127.524869021520544, 36.387311970024818 ], [ 127.524582566734622, 36.386455998351423 ], [ 127.525565859275446, 36.385221049103095 ], [ 127.525274980590936, 36.384484781019687 ], [ 127.524804398280779, 36.38380225154939 ], [ 127.524867185424597, 36.383555563744288 ], [ 127.524999390174699, 36.383015695223911 ], [ 127.525086854536227, 36.382139493981171 ], [ 127.524978479348746, 36.381428900727762 ], [ 127.525391326252446, 36.380464265870039 ], [ 127.52531502362875, 36.379705365123392 ], [ 127.525892865992873, 36.37896416802635 ], [ 127.525605690766184, 36.378647201982531 ], [ 127.525764059228038, 36.377544281319878 ], [ 127.525382806303526, 36.377219842319626 ], [ 127.525150607746667, 36.376765774887382 ], [ 127.52514090887118, 36.376746947123067 ], [ 127.524880067620089, 36.376461692696246 ], [ 127.524667989275741, 36.376565128513846 ], [ 127.52427838997059, 36.376760583309505 ], [ 127.523394857535109, 36.376861609396926 ], [ 127.522640034592058, 36.376601594757382 ], [ 127.521729747635462, 36.376528963660647 ], [ 127.521237442095639, 36.376257658606264 ], [ 127.520159413697726, 36.376044380247684 ], [ 127.519851586957856, 36.376020934387817 ], [ 127.519084171182797, 36.376196887832812 ], [ 127.518680716099695, 36.376642735628302 ], [ 127.518276336668563, 36.376974814641983 ], [ 127.517218032569332, 36.376820837906649 ], [ 127.516176561587073, 36.377159326126417 ], [ 127.516731080406487, 36.37759737762547 ], [ 127.516638196734064, 36.377903613721216 ], [ 127.516709576591794, 36.378113384212853 ], [ 127.516631099571768, 36.378279031336177 ], [ 127.516691164960491, 36.378621771631913 ], [ 127.5167100650783, 36.378898796643796 ], [ 127.516472951580155, 36.379435170766683 ], [ 127.515999941386724, 36.379584205990334 ], [ 127.515408462773067, 36.379246843625062 ], [ 127.515091346468921, 36.379083466443575 ], [ 127.514424920658669, 36.379343718851672 ], [ 127.514270092301757, 36.379365795077447 ], [ 127.514133432799838, 36.379371446105679 ], [ 127.513972773569364, 36.379354112230637 ], [ 127.513155252091664, 36.379782008516365 ], [ 127.512933657181577, 36.379901234583194 ], [ 127.512919370479537, 36.379899601566684 ], [ 127.512384211359475, 36.3798376838105 ], [ 127.512213794899495, 36.379819542210527 ], [ 127.511652564139823, 36.380005839852501 ], [ 127.51135828739875, 36.38054075378377 ], [ 127.511501889661304, 36.380877787182015 ], [ 127.511551631137095, 36.38094826174946 ], [ 127.511735889750881, 36.381193040788503 ], [ 127.511610233669487, 36.382030808396649 ], [ 127.511400282313943, 36.382331907887298 ], [ 127.5113038305945, 36.382469466951839 ], [ 127.5111705101571, 36.382719539756458 ], [ 127.511039300598725, 36.382946515706841 ], [ 127.510618782842045, 36.382977316981076 ], [ 127.510223929641583, 36.382884656830392 ], [ 127.510173944612461, 36.382749416466623 ], [ 127.51012692584608, 36.382616127975304 ], [ 127.510093567146868, 36.382521648297995 ], [ 127.510074252498512, 36.382470193238284 ], [ 127.509865435579158, 36.382438135687586 ], [ 127.509670679765634, 36.382402070879039 ], [ 127.509577421743174, 36.38241429978082 ], [ 127.509494007928424, 36.382385925573367 ], [ 127.509326075761976, 36.382404383412165 ], [ 127.509165446516917, 36.382445618318528 ], [ 127.509118002409437, 36.382486660469041 ], [ 127.509153587267335, 36.382577463245461 ], [ 127.509026560081765, 36.38261883452256 ], [ 127.50900886912369, 36.382628489004965 ], [ 127.508929042293744, 36.382671912538413 ], [ 127.508844066575165, 36.382753098431515 ], [ 127.508821594821001, 36.382778255104618 ], [ 127.508878369689995, 36.382806175197324 ], [ 127.508824643461438, 36.382846108452014 ], [ 127.508789486178657, 36.38290174212478 ], [ 127.508562684795706, 36.382997326759863 ], [ 127.508346891106214, 36.38309933458283 ], [ 127.50808875051186, 36.383224338956239 ], [ 127.50803436882434, 36.383189090930408 ], [ 127.50800396893807, 36.383199925602177 ], [ 127.507963671216771, 36.383189958420466 ], [ 127.507921516436468, 36.383160002376968 ], [ 127.50792232996686, 36.383259685149454 ], [ 127.507939688357496, 36.383303543065551 ], [ 127.508001216969063, 36.38339424519561 ], [ 127.508293669680526, 36.383833725661745 ], [ 127.508371583492277, 36.383926331612422 ], [ 127.508439806292287, 36.38407979785557 ], [ 127.508509884779187, 36.384199751089305 ], [ 127.508542319809067, 36.384287755774608 ], [ 127.508567573983171, 36.384394102480435 ], [ 127.508599998161003, 36.384480413014032 ], [ 127.508595395726317, 36.384549145917255 ], [ 127.50859240218594, 36.384759245792331 ], [ 127.508594128265074, 36.384916941262375 ], [ 127.508666450039911, 36.384978868256496 ], [ 127.5087310759248, 36.385009007967106 ], [ 127.508816480694009, 36.385046665177576 ], [ 127.50885719982638, 36.385069868297535 ], [ 127.508996063523497, 36.385214869633927 ], [ 127.509043961844895, 36.385296617507613 ], [ 127.509070186555732, 36.385365219433893 ], [ 127.509075857072474, 36.385407721020101 ], [ 127.509075320244975, 36.385484601152434 ], [ 127.509036921645219, 36.385605853004151 ], [ 127.509044610968715, 36.385689745243155 ], [ 127.509066089324946, 36.385725979688836 ], [ 127.50921588667417, 36.385785044857144 ], [ 127.509223986482425, 36.385851470881768 ], [ 127.509151771749899, 36.385861068747467 ], [ 127.509079541755227, 36.385894042690147 ], [ 127.50901239898613, 36.385931221409663 ], [ 127.508909974580135, 36.386008534374788 ], [ 127.508786474968176, 36.386084251588116 ], [ 127.508704962595047, 36.386136414345138 ], [ 127.508602239836549, 36.386219360554065 ], [ 127.508544937891145, 36.386271988150604 ], [ 127.508510109706506, 36.386325358410403 ], [ 127.508481274418344, 36.386337024638749 ], [ 127.508405975966724, 36.386326647444335 ], [ 127.508267896983625, 36.386355953238692 ], [ 127.508148750074852, 36.386432777774651 ], [ 127.508109262176092, 36.386492926370728 ], [ 127.507998488476261, 36.386570273962761 ], [ 127.507917656331259, 36.386593434013825 ], [ 127.507897814252615, 36.386594644580946 ], [ 127.507881116737124, 36.386597815351728 ], [ 127.50767105139289, 36.386591379255286 ], [ 127.507663174407881, 36.386584933302771 ], [ 127.507440299559235, 36.386643326360023 ], [ 127.507156097004426, 36.386699167010981 ], [ 127.506881866375608, 36.386759740938196 ], [ 127.506962508261267, 36.387003280280616 ], [ 127.506918331947247, 36.387308734668188 ], [ 127.506696080226405, 36.387544823152176 ], [ 127.506499395654728, 36.387856833871957 ], [ 127.506299106747917, 36.388204626467356 ], [ 127.50618924474638, 36.388532328349044 ], [ 127.506073882331137, 36.389033517316001 ], [ 127.50600912414906, 36.389386927747019 ], [ 127.505917309003166, 36.389786078026049 ], [ 127.505850670525817, 36.390147111058099 ], [ 127.505840792900401, 36.39061265500272 ], [ 127.505886285635597, 36.391265802484462 ], [ 127.505930694807844, 36.391642416124597 ], [ 127.505987115754778, 36.391937298041285 ], [ 127.506084882728373, 36.392163868715905 ], [ 127.506262452473578, 36.392394887235596 ], [ 127.506427452973611, 36.392593571003374 ], [ 127.506632064600907, 36.39291402267429 ], [ 127.506750904001862, 36.393084181283456 ], [ 127.5068723593279, 36.393255446135107 ], [ 127.507023839441189, 36.393438136626116 ], [ 127.507130167877648, 36.393586656924064 ], [ 127.50725910636956, 36.393784086334009 ], [ 127.507330170482263, 36.393891635939283 ], [ 127.50739992170648, 36.394013285163815 ], [ 127.507582458424707, 36.394579393999855 ], [ 127.507686930206006, 36.394709339765804 ], [ 127.507970187510736, 36.394692368749901 ], [ 127.508275021608497, 36.394484368290513 ], [ 127.508306744168777, 36.394461984116077 ] ] ] ] } },
{ "type": "Feature", "properties": { "EMD_CD": "30110133", "EMD_ENG_NM": "Naetap-dong", "EMD_KOR_NM": "내탑동" }, "geometry": { "type": "MultiPolygon", "coordinates": [ [ [ [ 127.515108505113758, 36.41150083035982 ], [ 127.515120266042686, 36.411434598987007 ], [ 127.515401093956854, 36.411435923078976 ], [ 127.515576126319331, 36.411325057662452 ], [ 127.515906602174624, 36.410983448741476 ], [ 127.51658470088735, 36.410313392134469 ], [ 127.517290898752933, 36.409812735513128 ], [ 127.517617476042517, 36.409726561956177 ], [ 127.517897699824857, 36.409560042745348 ], [ 127.517626353816922, 36.408488282818055 ], [ 127.517927292805325, 36.408267045980367 ], [ 127.51795068670495, 36.408063896586576 ], [ 127.518457661622733, 36.407338526234952 ], [ 127.519115165067902, 36.406985074917145 ], [ 127.519033025839207, 36.406576811128524 ], [ 127.519434236223319, 36.406216862652592 ], [ 127.519395572709229, 36.405954568875181 ], [ 127.519956624144626, 36.405429185181461 ], [ 127.520527083573754, 36.405348982726267 ], [ 127.520786972311839, 36.405113552619156 ], [ 127.520588058133711, 36.404800139438244 ], [ 127.520656512140704, 36.404118910862792 ], [ 127.520659644012525, 36.404040046148104 ], [ 127.520660230255075, 36.404024273379484 ], [ 127.520654023868047, 36.404007962410169 ], [ 127.520346035352915, 36.403190375738291 ], [ 127.520414746253607, 36.403045612964213 ], [ 127.520236414678607, 36.402761955909156 ], [ 127.52083065579815, 36.402254726246483 ], [ 127.520758924339603, 36.401945265854941 ], [ 127.52101831757858, 36.401794609031946 ], [ 127.521559572100756, 36.401752260122741 ], [ 127.52182948109288, 36.401637592969543 ], [ 127.522100165135583, 36.401691050456307 ], [ 127.522183977465488, 36.401618304266016 ], [ 127.522256022814901, 36.40155632406578 ], [ 127.522661716896891, 36.401456553770849 ], [ 127.52294040900766, 36.401118530373644 ], [ 127.523652078384174, 36.400229467824722 ], [ 127.523587807432804, 36.399811837731697 ], [ 127.523760786569284, 36.399424710838034 ], [ 127.523800041581595, 36.399200664989834 ], [ 127.524025093114957, 36.39883949755292 ], [ 127.524097193563776, 36.398395074342289 ], [ 127.524164595868811, 36.398317901773474 ], [ 127.524158960214606, 36.398100522508891 ], [ 127.524495110656048, 36.397969230480953 ], [ 127.524762732689993, 36.3979832608197 ], [ 127.525167054438356, 36.397733679842347 ], [ 127.526016737810522, 36.397771062190621 ], [ 127.526343648943481, 36.397406910740216 ], [ 127.52682173077865, 36.397327651974202 ], [ 127.52740898189144, 36.396802955764727 ], [ 127.527510172962025, 36.39628519238827 ], [ 127.527297794538626, 36.395964243471624 ], [ 127.527436187229, 36.395334798201716 ], [ 127.528097772842813, 36.395065474318216 ], [ 127.52794583167848, 36.39456431707346 ], [ 127.528073408478377, 36.393983346775222 ], [ 127.528199694743606, 36.393417881877689 ], [ 127.528345563386338, 36.393225742759107 ], [ 127.528622456551204, 36.393145949254389 ], [ 127.528853185921022, 36.393217023328589 ], [ 127.529086901228339, 36.393035480525015 ], [ 127.529079690939383, 36.392638156306148 ], [ 127.529426682149591, 36.392494411606769 ], [ 127.529493489555364, 36.392353869274594 ], [ 127.529500383445466, 36.392086033009157 ], [ 127.529794232589396, 36.391913513900072 ], [ 127.529901619903896, 36.391670573615414 ], [ 127.529980351397299, 36.391646849288328 ], [ 127.530134373329687, 36.391606462754986 ], [ 127.53014075174751, 36.391570667607752 ], [ 127.530155981278099, 36.391479069695635 ], [ 127.530081633699226, 36.39140449456287 ], [ 127.530071228759269, 36.391359203401102 ], [ 127.53009558450448, 36.391329808018952 ], [ 127.530119954568519, 36.391276189469323 ], [ 127.530147079979372, 36.391193280129727 ], [ 127.530138370922714, 36.391115314525962 ], [ 127.530098930137527, 36.391051840355672 ], [ 127.52995555369597, 36.390942362393154 ], [ 127.52968187615518, 36.390725042299465 ], [ 127.529374647224984, 36.390490693789417 ], [ 127.529262926811413, 36.390349822946128 ], [ 127.529059206269736, 36.390096425344851 ], [ 127.529401815981302, 36.389357368544545 ], [ 127.528520687258535, 36.388982493987626 ], [ 127.528312537265322, 36.389028190693828 ], [ 127.528094673939179, 36.388848352139931 ], [ 127.528001095664891, 36.388709643961114 ], [ 127.527718632219575, 36.388427033057525 ], [ 127.527084219087783, 36.388042328439774 ], [ 127.526977773784438, 36.387827924735937 ], [ 127.526799520906224, 36.387658615255184 ], [ 127.526504357126143, 36.387557964942118 ], [ 127.526300676661336, 36.387465653233711 ], [ 127.526021221545378, 36.387473350987648 ], [ 127.525668778656609, 36.387322268992904 ], [ 127.52512278674395, 36.387628525015536 ], [ 127.524934234020563, 36.387506559649239 ], [ 127.524347892254809, 36.387794686429046 ], [ 127.524328722994909, 36.388156080504672 ], [ 127.523373849527687, 36.388285003393456 ], [ 127.523086972519806, 36.388565335932569 ], [ 127.523092284644989, 36.388759908721028 ], [ 127.522449760577786, 36.389114443501917 ], [ 127.522282357417808, 36.389838920153643 ], [ 127.520966570898935, 36.390196101054698 ], [ 127.519896053763915, 36.390592476004826 ], [ 127.519726744040895, 36.391137843221344 ], [ 127.51977492377064, 36.391286604512352 ], [ 127.519234421878579, 36.391692216450913 ], [ 127.518050391372654, 36.391860398153256 ], [ 127.517931892685127, 36.392270937150002 ], [ 127.518149989830391, 36.392646506515604 ], [ 127.517896897287869, 36.39316801928809 ], [ 127.516958596809118, 36.393074639078314 ], [ 127.516678566825561, 36.393052471195858 ], [ 127.516673026023554, 36.39337325300265 ], [ 127.516671296747376, 36.393481119967618 ], [ 127.516863048383911, 36.393639959799422 ], [ 127.517116262442812, 36.393820792589985 ], [ 127.517181190266669, 36.393815727144997 ], [ 127.517370222489248, 36.393825886964699 ], [ 127.517614108068614, 36.393807657327656 ], [ 127.517964722294579, 36.393759389776157 ], [ 127.51797050773726, 36.393791472987644 ], [ 127.517413288257728, 36.393911310882949 ], [ 127.517203980029166, 36.39399726597879 ], [ 127.51698587675628, 36.394041012420985 ], [ 127.516679844935837, 36.394011351006434 ], [ 127.516425505381349, 36.393975842748787 ], [ 127.516214154482697, 36.393988856249358 ], [ 127.51592822371417, 36.393915751612724 ], [ 127.515479861479818, 36.393826430643934 ], [ 127.515148224834533, 36.393794631595668 ], [ 127.514768981219419, 36.393781338714341 ], [ 127.514604600849012, 36.393918056635265 ], [ 127.514569239876124, 36.393917370458041 ], [ 127.514530867055669, 36.39393499069849 ], [ 127.51449948698621, 36.394009191589802 ], [ 127.514445313149736, 36.39400886553338 ], [ 127.51428572950266, 36.393973216097237 ], [ 127.514142067882631, 36.393950177394075 ], [ 127.51410100537899, 36.393957112304271 ], [ 127.514079667618887, 36.393970162516617 ], [ 127.514003014899359, 36.393939798025613 ], [ 127.513946197725701, 36.393934121198974 ], [ 127.513918941357673, 36.393947196775166 ], [ 127.513784015543024, 36.39395425486164 ], [ 127.513746645825577, 36.393966797033158 ], [ 127.513672709545304, 36.393978387573199 ], [ 127.513626382539655, 36.393978018486102 ], [ 127.513582199025095, 36.393986660775461 ], [ 127.513554301247908, 36.394009020938228 ], [ 127.513539001211115, 36.39401303359768 ], [ 127.513538155285474, 36.393884054585143 ], [ 127.513348393108146, 36.393922320019534 ], [ 127.513018665390035, 36.393916415148894 ], [ 127.512804147589449, 36.393871428683873 ], [ 127.512345062922563, 36.393711752432218 ], [ 127.511861327656334, 36.393538941733247 ], [ 127.511425326681987, 36.393689206496596 ], [ 127.511090791667129, 36.393853410280222 ], [ 127.510915825065922, 36.393836133480775 ], [ 127.51053299104781, 36.393699492033228 ], [ 127.510428132981218, 36.393644175240645 ], [ 127.510283942359933, 36.393567064696263 ], [ 127.510022950418488, 36.39360479016684 ], [ 127.509783570111281, 36.393753652967547 ], [ 127.509570610606261, 36.393946054971565 ], [ 127.509398805120512, 36.394202209709725 ], [ 127.509272211137286, 36.394338768647721 ], [ 127.508974954240188, 36.394506457718421 ], [ 127.508868861358465, 36.394502970371391 ], [ 127.508705449535881, 36.394495499917852 ], [ 127.508608486929433, 36.39447676203109 ], [ 127.508486999661798, 36.394433625696237 ], [ 127.508306744168777, 36.394461984116077 ], [ 127.508275021608497, 36.394484368290513 ], [ 127.507970187510736, 36.394692368749901 ], [ 127.507686930206006, 36.394709339765804 ], [ 127.507582458424707, 36.394579393999855 ], [ 127.50739992170648, 36.394013285163815 ], [ 127.507330170482263, 36.393891635939283 ], [ 127.50725910636956, 36.393784086334009 ], [ 127.507130167877648, 36.393586656924064 ], [ 127.507023839441189, 36.393438136626116 ], [ 127.5068723593279, 36.393255446135107 ], [ 127.506750904001862, 36.393084181283456 ], [ 127.506632064600907, 36.39291402267429 ], [ 127.506427452973611, 36.392593571003374 ], [ 127.506262452473578, 36.392394887235596 ], [ 127.506030447631815, 36.392498932858068 ], [ 127.505935663808998, 36.392546085250437 ], [ 127.505762845377589, 36.392646789412922 ], [ 127.505565924906634, 36.392762509201546 ], [ 127.50542995438019, 36.392743942340687 ], [ 127.505373802696923, 36.392732347026957 ], [ 127.505254458734456, 36.392697651194062 ], [ 127.504831629157891, 36.392838266091147 ], [ 127.504354464649325, 36.393005584269282 ], [ 127.504208199728026, 36.393145311675298 ], [ 127.504182234492987, 36.393360860737623 ], [ 127.504083957140111, 36.393622321669461 ], [ 127.504047679122522, 36.393723295834761 ], [ 127.504039692925289, 36.393781336955939 ], [ 127.504225377433727, 36.394514719669814 ], [ 127.504225060316116, 36.39454682924837 ], [ 127.50435818194893, 36.394638349150725 ], [ 127.50434736195399, 36.394905362617813 ], [ 127.504284360378065, 36.394912107159207 ], [ 127.504184576863707, 36.39491393295755 ], [ 127.504046079822487, 36.394989987699653 ], [ 127.503757949548316, 36.39500696990644 ], [ 127.503581035777628, 36.395175842662177 ], [ 127.503267877974253, 36.395201093378517 ], [ 127.502957758459161, 36.394994841173848 ], [ 127.502884978149098, 36.394945583043963 ], [ 127.502416479884786, 36.394946142953899 ], [ 127.501824905230251, 36.3949821364968 ], [ 127.501389843890976, 36.395010145758853 ], [ 127.501217297437549, 36.394963557005497 ], [ 127.500813778535473, 36.394776848540339 ], [ 127.500629485357123, 36.394828029575883 ], [ 127.500515751025091, 36.394827098994753 ], [ 127.49988648489186, 36.395125972920326 ], [ 127.499698597493818, 36.395349513916322 ], [ 127.499107042205949, 36.395553613896418 ], [ 127.498956046025356, 36.395637041233442 ], [ 127.499021953052761, 36.396332631570722 ], [ 127.498812298233787, 36.396639609870007 ], [ 127.498373235528561, 36.396861941416041 ], [ 127.498341072156137, 36.396869960340666 ], [ 127.497666180472748, 36.397284766007978 ], [ 127.49767424391969, 36.397922021986041 ], [ 127.497574502756905, 36.398315277790587 ], [ 127.497784753955315, 36.39873006310949 ], [ 127.498090578351366, 36.398918034957937 ], [ 127.49834311048015, 36.399188458300188 ], [ 127.498571995763001, 36.3994930522544 ], [ 127.498749978577877, 36.399543010481565 ], [ 127.499077014806673, 36.399750879107295 ], [ 127.499193932163649, 36.399840796031093 ], [ 127.499323987635819, 36.399942192886122 ], [ 127.499314086520087, 36.400055437489158 ], [ 127.499303486409204, 36.400221636982465 ], [ 127.499342251791788, 36.400400859692212 ], [ 127.499363906953704, 36.400519046262779 ], [ 127.499391781337962, 36.400547938303951 ], [ 127.499511137272194, 36.400691346414661 ], [ 127.499594143323606, 36.400789559791875 ], [ 127.49938504418968, 36.400992912566672 ], [ 127.499315787589993, 36.401057967394749 ], [ 127.499270576567994, 36.401261204472981 ], [ 127.499200208439504, 36.401562817504121 ], [ 127.499147420655405, 36.401806917502995 ], [ 127.498994334227973, 36.401837122228649 ], [ 127.49891578575577, 36.401974875785392 ], [ 127.498794413683086, 36.402117034029935 ], [ 127.498557261003882, 36.402374571533272 ], [ 127.498470806922569, 36.402475464340327 ], [ 127.498244302040675, 36.402738868494033 ], [ 127.49804092870481, 36.402969220749277 ], [ 127.498392948604774, 36.402940731009544 ], [ 127.498782856229411, 36.402953742949592 ], [ 127.499042207238062, 36.403034055249371 ], [ 127.49930994034051, 36.403145584151382 ], [ 127.499903167003836, 36.403494561006305 ], [ 127.500330356214832, 36.403753545127081 ], [ 127.500473810848547, 36.40385010854132 ], [ 127.500529265942802, 36.403887608254195 ], [ 127.500397092080263, 36.404056000817548 ], [ 127.500503454982507, 36.404155530734862 ], [ 127.50063946254653, 36.404258874715744 ], [ 127.500779472148665, 36.404336014208383 ], [ 127.500892485886752, 36.404302307056206 ], [ 127.501130869659704, 36.404209509238463 ], [ 127.501178291885822, 36.404188467096255 ], [ 127.501592730691215, 36.404006501177157 ], [ 127.502243307609461, 36.403815100149068 ], [ 127.502455409524117, 36.403806884267219 ], [ 127.502678819621806, 36.403931270750299 ], [ 127.502729814579169, 36.404034401335707 ], [ 127.502672698095196, 36.404172355718408 ], [ 127.502585150271457, 36.404373230314654 ], [ 127.502556581644328, 36.40472451269045 ], [ 127.502551671907156, 36.405045011420299 ], [ 127.502311337490653, 36.408527013067626 ], [ 127.504480275999285, 36.40820616112466 ], [ 127.506494543503706, 36.408241582979578 ], [ 127.508058277158639, 36.408266221479877 ], [ 127.509496996818029, 36.408620293001327 ], [ 127.50961723491983, 36.408760866340081 ], [ 127.509630568755668, 36.408776300465149 ], [ 127.509759981222899, 36.408908102425386 ], [ 127.509922198974621, 36.409073287554527 ], [ 127.510064047492818, 36.409216021311174 ], [ 127.510193853067946, 36.409353173973408 ], [ 127.510284007748098, 36.409448258285451 ], [ 127.510422050301187, 36.40959354907497 ], [ 127.510465549555917, 36.409639259520112 ], [ 127.510685771346488, 36.409885579667026 ], [ 127.510875989039391, 36.410124421626278 ], [ 127.510914111428349, 36.41017297545087 ], [ 127.510965082837956, 36.410242876877604 ], [ 127.511017059984297, 36.410306294686698 ], [ 127.511080290720685, 36.410438665882339 ], [ 127.511248282494563, 36.410795599267473 ], [ 127.511337019735095, 36.411019662074551 ], [ 127.511383609533894, 36.411137171998405 ], [ 127.512186268259526, 36.411127830670594 ], [ 127.51282869324163, 36.411176060029433 ], [ 127.513336558609723, 36.411240623920655 ], [ 127.51351778595776, 36.411249417307332 ], [ 127.513556475196495, 36.411251504307351 ], [ 127.513597043194736, 36.411247671663915 ], [ 127.513621412203378, 36.411245593634305 ], [ 127.513714399044417, 36.411239562619272 ], [ 127.513806893305997, 36.411238318776157 ], [ 127.513990258133958, 36.411227961751543 ], [ 127.514359294557906, 36.411239336079234 ], [ 127.514363974478655, 36.411262682920203 ], [ 127.514431315942687, 36.411251129264429 ], [ 127.514534022527201, 36.411241397175438 ], [ 127.514700935338936, 36.411245185771826 ], [ 127.514737549059902, 36.411250381280254 ], [ 127.514766150689866, 36.411254484770097 ], [ 127.514807619175613, 36.41128246761415 ], [ 127.51482607934507, 36.41128209989575 ], [ 127.514918253091921, 36.411337187742568 ], [ 127.514949750736562, 36.41138661582427 ], [ 127.514990531365342, 36.411442194913874 ], [ 127.515042533414714, 36.411481676171469 ], [ 127.515108505113758, 36.41150083035982 ] ] ] ] } },
{ "type": "Feature", "properties": { "EMD_CD": "30110134", "EMD_ENG_NM": "O-dong", "EMD_KOR_NM": "오동" }, "geometry": { "type": "MultiPolygon", "coordinates": [ [ [ [ 127.526129408621657, 36.420904606824351 ], [ 127.526224504197515, 36.420900530298177 ], [ 127.526230090320183, 36.420900505750623 ], [ 127.52630237898633, 36.420899061622094 ], [ 127.526360206170921, 36.420897681016093 ], [ 127.526994156351591, 36.421174250115953 ], [ 127.526996594637353, 36.421175365826208 ], [ 127.527004636126165, 36.421178989116122 ], [ 127.527030953913282, 36.421179441017252 ], [ 127.527640439548009, 36.421187453718964 ], [ 127.5282083754269, 36.421054562149777 ], [ 127.528530151079721, 36.42058764299572 ], [ 127.528695512120251, 36.420358813283492 ], [ 127.52872330629657, 36.420320391581008 ], [ 127.52877409836691, 36.419794678148143 ], [ 127.528943409660783, 36.419634264167279 ], [ 127.529380854634709, 36.419219765389194 ], [ 127.529704982737869, 36.419179753721295 ], [ 127.530123438223981, 36.419126365054318 ], [ 127.530224340698453, 36.419155205788094 ], [ 127.530969888212795, 36.419267078671623 ], [ 127.531700160874607, 36.419285249779008 ], [ 127.532227345148996, 36.419311348220049 ], [ 127.532644404452697, 36.419383838938806 ], [ 127.532774713539709, 36.419280473778436 ], [ 127.532863433427295, 36.419209951320944 ], [ 127.532881019967135, 36.41920874662086 ], [ 127.533276309828608, 36.419180799421021 ], [ 127.533515632761876, 36.419198603531299 ], [ 127.533649976383472, 36.419227571725763 ], [ 127.534045284200971, 36.419303533804261 ], [ 127.534272249264831, 36.41935011124022 ], [ 127.534792337999633, 36.419329766585108 ], [ 127.534996398079741, 36.419159050898479 ], [ 127.535189369206279, 36.418997386936631 ], [ 127.535244114012258, 36.418951516896172 ], [ 127.536410096779221, 36.419451512602564 ], [ 127.536549333505079, 36.419988759627167 ], [ 127.537321380183911, 36.420381525407123 ], [ 127.537434887075818, 36.420317935358916 ], [ 127.537782513458993, 36.420122906250533 ], [ 127.537747145992952, 36.419920305818025 ], [ 127.537703982159158, 36.419673529842669 ], [ 127.537492526915869, 36.418488337270588 ], [ 127.537141937110746, 36.417919652042649 ], [ 127.536645490495019, 36.417118446175294 ], [ 127.536228512567789, 36.416394597697284 ], [ 127.536150856518034, 36.41622232055564 ], [ 127.536033434723961, 36.416070217950725 ], [ 127.53579787180368, 36.41576008600935 ], [ 127.535766949226812, 36.415721925358241 ], [ 127.535549430570867, 36.415452840795815 ], [ 127.535470539260231, 36.415355472545848 ], [ 127.535437808353805, 36.415307181919246 ], [ 127.535160054710701, 36.414737029317209 ], [ 127.535074895593482, 36.414564226228137 ], [ 127.534918935187306, 36.414252330940442 ], [ 127.534866827605754, 36.414146966542603 ], [ 127.534847419928766, 36.414111565806422 ], [ 127.534826121199373, 36.414078426395712 ], [ 127.534559242549904, 36.413799701742768 ], [ 127.534573185839292, 36.413774578426185 ], [ 127.534529092838056, 36.413747172918541 ], [ 127.534494570687201, 36.413717201447895 ], [ 127.534453389488235, 36.413681897823359 ], [ 127.534394018439841, 36.413660481026845 ], [ 127.534403587091404, 36.413633115355779 ], [ 127.534395186883373, 36.413603027283088 ], [ 127.534376864114151, 36.413572974475848 ], [ 127.534373778864989, 36.413553838732959 ], [ 127.534342403111239, 36.413525817691195 ], [ 127.534292419142886, 36.4135026647891 ], [ 127.534265231957264, 36.413475751480732 ], [ 127.534235591699357, 36.413471657302921 ], [ 127.534203258423361, 36.41345687843954 ], [ 127.534293233896548, 36.413417898661763 ], [ 127.534264530146018, 36.413397471412289 ], [ 127.534163194765156, 36.413431716715053 ], [ 127.534112859552437, 36.41343222058179 ], [ 127.53402669573552, 36.413417114019481 ], [ 127.533969684704772, 36.413411456671199 ], [ 127.533924870122391, 36.413404050749975 ], [ 127.53393229296978, 36.413393879678587 ], [ 127.533893711495438, 36.413357167478637 ], [ 127.533895605743496, 36.413303089825234 ], [ 127.533887813555666, 36.413232996800417 ], [ 127.533789258057539, 36.41306025245683 ], [ 127.533696634593014, 36.412864664381068 ], [ 127.533688491554528, 36.412819922350529 ], [ 127.533687060728909, 36.412711501929756 ], [ 127.533654589335569, 36.41265026005118 ], [ 127.533640799248118, 36.412621034010058 ], [ 127.533548846691687, 36.412497535101849 ], [ 127.533470492390563, 36.412375101986676 ], [ 127.53339535749798, 36.412265324697849 ], [ 127.533289832662689, 36.412195108165989 ], [ 127.533089523186931, 36.412122222547829 ], [ 127.532917977613721, 36.412127771175292 ], [ 127.532908535536308, 36.412123028066048 ], [ 127.532781717848735, 36.412072623073954 ], [ 127.532615154242109, 36.412017321225733 ], [ 127.532539634914528, 36.411927821055151 ], [ 127.532519757535013, 36.411796962792707 ], [ 127.532515878454731, 36.411764313217532 ], [ 127.532432738426593, 36.411732863140728 ], [ 127.53225748136181, 36.411730262864346 ], [ 127.532138867387928, 36.41175810395093 ], [ 127.532060677351794, 36.411762677770945 ], [ 127.532043537902808, 36.411752327567591 ], [ 127.531983700525046, 36.411637416922353 ], [ 127.531806230762342, 36.41143882485305 ], [ 127.531711976860507, 36.411335331313751 ], [ 127.531612149777217, 36.411179478361156 ], [ 127.531394958467885, 36.410954595084725 ], [ 127.531136202806962, 36.410816343447046 ], [ 127.53096700689062, 36.41078330044013 ], [ 127.530816440790502, 36.410673017815014 ], [ 127.530396747218447, 36.410665298032939 ], [ 127.530371507679277, 36.410668789139258 ], [ 127.530332987194939, 36.410665301039877 ], [ 127.530280368134726, 36.410613149956525 ], [ 127.53015086188438, 36.41055036317853 ], [ 127.530088681765434, 36.410500507218181 ], [ 127.530007138904935, 36.410419764251429 ], [ 127.529932885589616, 36.410414460626839 ], [ 127.529838426214198, 36.410433190016136 ], [ 127.529766874718717, 36.410439976834461 ], [ 127.529729646354895, 36.410472528987526 ], [ 127.529691441945502, 36.41049100941909 ], [ 127.529652132804671, 36.41052581462467 ], [ 127.529628190116625, 36.410539717179645 ], [ 127.529605250453031, 36.410573332545439 ], [ 127.529569965714771, 36.410585041371206 ], [ 127.529548309002692, 36.410602313129566 ], [ 127.529518585061055, 36.410612014812841 ], [ 127.529473075220281, 36.410656435654552 ], [ 127.529447329250416, 36.410687242784405 ], [ 127.529332508467292, 36.410761527820256 ], [ 127.529281408945891, 36.410803720409184 ], [ 127.529238246553462, 36.41080953435835 ], [ 127.529192699238962, 36.410797353772267 ], [ 127.529135530775648, 36.41079281223179 ], [ 127.529107469418307, 36.410766469316151 ], [ 127.529068301145003, 36.410744672220098 ], [ 127.529002310010753, 36.410747784343151 ], [ 127.528907364334017, 36.410773832516398 ], [ 127.528810726690821, 36.410805231928897 ], [ 127.52878582283401, 36.410805621248187 ], [ 127.528752497007758, 36.410798730374992 ], [ 127.528687394179201, 36.410779868265806 ], [ 127.528544291297635, 36.410716013322592 ], [ 127.528516955285028, 36.41069303738216 ], [ 127.52845431656857, 36.410651076702372 ], [ 127.528334397233735, 36.410538393799996 ], [ 127.52832955762733, 36.410518427551317 ], [ 127.528300996784438, 36.410492356993323 ], [ 127.528256828083983, 36.410477908070057 ], [ 127.528183353207112, 36.410483864350653 ], [ 127.528160021711869, 36.410510722513393 ], [ 127.528089658899461, 36.410540040950508 ], [ 127.528070041036258, 36.410575326534563 ], [ 127.528029705744174, 36.410587048164032 ], [ 127.528007685997267, 36.410601789001738 ], [ 127.527952429903848, 36.410598094559091 ], [ 127.527892780034563, 36.410585966632155 ], [ 127.527861665928327, 36.410569765849694 ], [ 127.527680087542166, 36.410432860666027 ], [ 127.527629237930441, 36.410409708762195 ], [ 127.527521983381661, 36.410364564813186 ], [ 127.527461855515313, 36.410334415691025 ], [ 127.527407932373478, 36.410295227672158 ], [ 127.527388977100912, 36.410248559264758 ], [ 127.527355302150085, 36.410188158999212 ], [ 127.527319871081446, 36.410151710123706 ], [ 127.527246742073686, 36.410131197404603 ], [ 127.527095730105017, 36.41010933327069 ], [ 127.526983359526852, 36.410080819622294 ], [ 127.526826499747372, 36.410067992421247 ], [ 127.526765680237531, 36.409961527231559 ], [ 127.526688212454346, 36.409839644381549 ], [ 127.526651254408264, 36.4097319567583 ], [ 127.526633832301854, 36.409654588165765 ], [ 127.526596405595967, 36.40952859112587 ], [ 127.526601154707166, 36.409457324980025 ], [ 127.52660295035858, 36.409336499316836 ], [ 127.526674127346752, 36.409144979390405 ], [ 127.526679273761715, 36.409030059569538 ], [ 127.526685505750734, 36.408919073017259 ], [ 127.52654916311549, 36.40869438391038 ], [ 127.526398013492454, 36.408547204937278 ], [ 127.526131111281046, 36.40848980269292 ], [ 127.525891789823604, 36.408415661456274 ], [ 127.525568434083695, 36.408278816723382 ], [ 127.525310408645637, 36.40816843084874 ], [ 127.524933783895946, 36.407932961349125 ], [ 127.52482369433551, 36.4078799332502 ], [ 127.524380251141807, 36.407681377692001 ], [ 127.52420900202155, 36.407626643251731 ], [ 127.523926682277207, 36.407503690454341 ], [ 127.523731651345059, 36.407330224072133 ], [ 127.522179243417995, 36.406155362982673 ], [ 127.522170905090917, 36.406133717545103 ], [ 127.521759935703358, 36.405967668417532 ], [ 127.52135606140078, 36.405795396044908 ], [ 127.521262031614924, 36.405618665238691 ], [ 127.521240314629708, 36.405600177931319 ], [ 127.521169204462865, 36.405594008069563 ], [ 127.520991153912192, 36.405589997557051 ], [ 127.520786972311839, 36.405113552619156 ], [ 127.520527083573754, 36.405348982726267 ], [ 127.519956624144626, 36.405429185181461 ], [ 127.519395572709229, 36.405954568875181 ], [ 127.519434236223319, 36.406216862652592 ], [ 127.519033025839207, 36.406576811128524 ], [ 127.519115165067902, 36.406985074917145 ], [ 127.518457661622733, 36.407338526234952 ], [ 127.51795068670495, 36.408063896586576 ], [ 127.517927292805325, 36.408267045980367 ], [ 127.517626353816922, 36.408488282818055 ], [ 127.517897699824857, 36.409560042745348 ], [ 127.517617476042517, 36.409726561956177 ], [ 127.517290898752933, 36.409812735513128 ], [ 127.51658470088735, 36.410313392134469 ], [ 127.515906602174624, 36.410983448741476 ], [ 127.515576126319331, 36.411325057662452 ], [ 127.515401093956854, 36.411435923078976 ], [ 127.515120266042686, 36.411434598987007 ], [ 127.515108505113758, 36.41150083035982 ], [ 127.515042533414714, 36.411481676171469 ], [ 127.514990531365342, 36.411442194913874 ], [ 127.514949750736562, 36.41138661582427 ], [ 127.514918253091921, 36.411337187742568 ], [ 127.51482607934507, 36.41128209989575 ], [ 127.514807619175613, 36.41128246761415 ], [ 127.514766150689866, 36.411254484770097 ], [ 127.514737549059902, 36.411250381280254 ], [ 127.514700935338936, 36.411245185771826 ], [ 127.514534022527201, 36.411241397175438 ], [ 127.514431315942687, 36.411251129264429 ], [ 127.514363974478655, 36.411262682920203 ], [ 127.514359294557906, 36.411239336079234 ], [ 127.513990258133958, 36.411227961751543 ], [ 127.513806893305997, 36.411238318776157 ], [ 127.513714399044417, 36.411239562619272 ], [ 127.513621412203378, 36.411245593634305 ], [ 127.513597043194736, 36.411247671663915 ], [ 127.513556475196495, 36.411251504307351 ], [ 127.51351778595776, 36.411249417307332 ], [ 127.513336558609723, 36.411240623920655 ], [ 127.51282869324163, 36.411176060029433 ], [ 127.512186268259526, 36.411127830670594 ], [ 127.511383609533894, 36.411137171998405 ], [ 127.511626706429595, 36.412215834258554 ], [ 127.511709124612167, 36.412511457366861 ], [ 127.511881519590418, 36.41314152883713 ], [ 127.512455760346043, 36.415225524671577 ], [ 127.512476962603941, 36.415296399834276 ], [ 127.512631755775061, 36.415816153836012 ], [ 127.513094366342017, 36.417501583423061 ], [ 127.513335180964575, 36.418385376217799 ], [ 127.513589502151902, 36.419307968190878 ], [ 127.513620877598441, 36.419416530760046 ], [ 127.513625571645505, 36.419416510628402 ], [ 127.513838017494848, 36.420141874838791 ], [ 127.513923767888741, 36.420439725540213 ], [ 127.514278404843679, 36.421673350681793 ], [ 127.514397665957532, 36.422084836618936 ], [ 127.514398030169588, 36.422085961495725 ], [ 127.514509092182294, 36.422469600835434 ], [ 127.514510166203607, 36.422473534259332 ], [ 127.514512608095458, 36.422473523768154 ], [ 127.515398373848043, 36.422446906745563 ], [ 127.515704897802209, 36.422483606784695 ], [ 127.515704522439506, 36.422479102636778 ], [ 127.516142760163277, 36.422487631963172 ], [ 127.516223333236397, 36.422419977559656 ], [ 127.516359099659539, 36.422401089823481 ], [ 127.516525339304707, 36.422351656591253 ], [ 127.516461402261825, 36.42232630356007 ], [ 127.516469578944069, 36.422298107269626 ], [ 127.516491752712895, 36.422251827553772 ], [ 127.516528544263807, 36.422203790617338 ], [ 127.516557398574975, 36.42211552439575 ], [ 127.516598481067888, 36.422084086187482 ], [ 127.516665940932015, 36.422035078834888 ], [ 127.516667672910955, 36.422033944921367 ], [ 127.516769207352553, 36.421976337680832 ], [ 127.516864492075243, 36.421921298579186 ], [ 127.516945580825933, 36.421877864450757 ], [ 127.517286408636437, 36.421674471382261 ], [ 127.517413410059177, 36.421568046269648 ], [ 127.51749430622209, 36.421497289643447 ], [ 127.517596888813529, 36.42141292193832 ], [ 127.51767811374657, 36.421154336452368 ], [ 127.518042436261112, 36.420921561193644 ], [ 127.518469312817643, 36.420610221841848 ], [ 127.518494409450469, 36.420611518984593 ], [ 127.519044414994923, 36.420216296764472 ], [ 127.519064240013179, 36.420080190791715 ], [ 127.519067445878179, 36.420037372124455 ], [ 127.519930469834989, 36.41981791030711 ], [ 127.519913068246638, 36.419846993974531 ], [ 127.519999632244151, 36.419973626643781 ], [ 127.520270744230771, 36.420370362246508 ], [ 127.520146284824264, 36.420465812325439 ], [ 127.520604020294286, 36.421101947706937 ], [ 127.520949899798779, 36.421580307440152 ], [ 127.52175674201392, 36.421764342681783 ], [ 127.522310766208307, 36.42189372110267 ], [ 127.522832121759023, 36.422581954187379 ], [ 127.523223951429088, 36.423102073181184 ], [ 127.523306902722737, 36.423130709796411 ], [ 127.523432274648343, 36.423171560794685 ], [ 127.523640624660629, 36.423244994972976 ], [ 127.523916285925623, 36.423432472522833 ], [ 127.524052355046592, 36.423432156480168 ], [ 127.524319098462328, 36.423431835919835 ], [ 127.52480369675115, 36.423129800595156 ], [ 127.52482668821942, 36.423076468759739 ], [ 127.525007520884358, 36.422711556433825 ], [ 127.525355362329563, 36.422517409568471 ], [ 127.525526238025236, 36.422277575027259 ], [ 127.525635122387001, 36.422119954158966 ], [ 127.526007219322267, 36.421931898848946 ], [ 127.52596803166837, 36.421571330602973 ], [ 127.525921330716173, 36.421103215716848 ], [ 127.526040055318163, 36.420908667061745 ], [ 127.526129408621657, 36.420904606824351 ] ] ] ] } },
{ "type": "Feature", "properties": { "EMD_CD": "30110135", "EMD_ENG_NM": "Juchon-dong", "EMD_KOR_NM": "주촌동" }, "geometry": { "type": "MultiPolygon", "coordinates": [ [ [ [ 127.5418388445635, 36.415687567145184 ], [ 127.54288955777092, 36.412078196186229 ], [ 127.544102036288976, 36.410605219133998 ], [ 127.545573940583807, 36.408818744165124 ], [ 127.546070584838418, 36.408646108403296 ], [ 127.546647185923163, 36.408772171472883 ], [ 127.546985659797912, 36.408525629294509 ], [ 127.547072468623512, 36.408459610745425 ], [ 127.547079233573015, 36.408454515357157 ], [ 127.547165422861141, 36.408424275369853 ], [ 127.547363230023166, 36.408363669971543 ], [ 127.547584317881572, 36.40829393724654 ], [ 127.547692743827682, 36.40825514237612 ], [ 127.547863953591488, 36.408201425454877 ], [ 127.548038613610728, 36.408143736434354 ], [ 127.548176745907014, 36.408093261394484 ], [ 127.548389638491443, 36.408023573706899 ], [ 127.548622853319216, 36.407944213276473 ], [ 127.548483192476596, 36.407751104987959 ], [ 127.548596604087706, 36.407703274926142 ], [ 127.548721534146338, 36.407657365504917 ], [ 127.549531204465225, 36.407337969610403 ], [ 127.549646213074979, 36.407295475066213 ], [ 127.550100654475202, 36.407118231142832 ], [ 127.550365780674298, 36.406845261041383 ], [ 127.550442580742128, 36.406769157072517 ], [ 127.550471802383598, 36.406737761728863 ], [ 127.551256279870501, 36.405935226237339 ], [ 127.551663256519404, 36.405526138727453 ], [ 127.551699730566042, 36.405486265859196 ], [ 127.551853228506147, 36.405023149502163 ], [ 127.551882269807749, 36.404941064730785 ], [ 127.551913084266843, 36.40484011062717 ], [ 127.55191683165215, 36.404827702489563 ], [ 127.552613817109261, 36.402839137655029 ], [ 127.552821077858567, 36.402269886162074 ], [ 127.553198930952178, 36.401217170042301 ], [ 127.553337841375864, 36.401132324421148 ], [ 127.553796219213396, 36.400852821273332 ], [ 127.553836798591234, 36.40082644606688 ], [ 127.553893654858911, 36.400789289850351 ], [ 127.55395246342438, 36.400755503905529 ], [ 127.553962699131588, 36.400749544985558 ], [ 127.55412450251896, 36.400650237160797 ], [ 127.55440371358219, 36.400479131366566 ], [ 127.554510369116016, 36.400412736144169 ], [ 127.554895622974627, 36.400188195321761 ], [ 127.555016872547256, 36.400117514622124 ], [ 127.555037165278407, 36.400105597426972 ], [ 127.555525717172358, 36.399882549308423 ], [ 127.55602690272049, 36.399746735378827 ], [ 127.556117288989014, 36.399720695866179 ], [ 127.556242636247092, 36.39968885267929 ], [ 127.556318239334573, 36.399665693279672 ], [ 127.556320330908221, 36.399665115836235 ], [ 127.556610885380152, 36.399621519628766 ], [ 127.556878657186516, 36.399581416998636 ], [ 127.557003942899996, 36.399564496419188 ], [ 127.55707908991505, 36.399550917932629 ], [ 127.557106053497606, 36.399546007372408 ], [ 127.557110929783008, 36.399545137602907 ], [ 127.557940725394531, 36.399647998259084 ], [ 127.558073931046891, 36.399666247764102 ], [ 127.558165095428265, 36.399675960887151 ], [ 127.558779824800681, 36.399856145667464 ], [ 127.558987759936642, 36.399462046653419 ], [ 127.559191907047747, 36.399146527596209 ], [ 127.559678713218659, 36.398218884964749 ], [ 127.559159244231495, 36.397816918371205 ], [ 127.558272931277273, 36.397554933301279 ], [ 127.557608989268005, 36.397358078259629 ], [ 127.557430795772149, 36.397306532682293 ], [ 127.557228437211805, 36.396846479601834 ], [ 127.556529131623208, 36.396329314290334 ], [ 127.555693644732685, 36.395666050668261 ], [ 127.555079966854947, 36.395186778453755 ], [ 127.55494609391981, 36.395147126217147 ], [ 127.554363511559274, 36.394974666707149 ], [ 127.554024022256087, 36.394870910595209 ], [ 127.553164742461703, 36.395099053857088 ], [ 127.552636795425428, 36.395239476038206 ], [ 127.55135425738716, 36.395019539588574 ], [ 127.551077976283764, 36.395209206703832 ], [ 127.550790836511652, 36.395663358161094 ], [ 127.550212650180825, 36.396611949517521 ], [ 127.550026191551552, 36.396869635226118 ], [ 127.548574071626163, 36.397033429739892 ], [ 127.54813955555889, 36.396765919683311 ], [ 127.548123108406017, 36.396755568588844 ], [ 127.546873753360686, 36.396425599434238 ], [ 127.546273428626506, 36.396429753885847 ], [ 127.546107377117636, 36.396519500248061 ], [ 127.544659618911851, 36.396158592557725 ], [ 127.543942495947476, 36.396298430705237 ], [ 127.543612116234456, 36.396100829361743 ], [ 127.543113510207917, 36.397009879206038 ], [ 127.542456227270861, 36.396963573748408 ], [ 127.54122555741327, 36.397192177302642 ], [ 127.540305521476, 36.397131565210579 ], [ 127.540288970269202, 36.397130225059996 ], [ 127.540204273069122, 36.397123289715907 ], [ 127.539827475866716, 36.39774565951631 ], [ 127.539220859907516, 36.397899615016762 ], [ 127.539158498589686, 36.397191641506701 ], [ 127.538131261279005, 36.39580088452874 ], [ 127.537428572847958, 36.394948220688818 ], [ 127.536661081203746, 36.394677377027378 ], [ 127.53633449443457, 36.394774299331353 ], [ 127.53528582335305, 36.394540463410664 ], [ 127.534525390768067, 36.394026820922434 ], [ 127.533920692224328, 36.393617527232934 ], [ 127.533428570181783, 36.393549033150322 ], [ 127.533170383977364, 36.393255612637603 ], [ 127.533355320203555, 36.39302275050435 ], [ 127.533673818239421, 36.392939939424672 ], [ 127.533660100611726, 36.392665715513985 ], [ 127.533680022122823, 36.392674358963546 ], [ 127.533643836239264, 36.392501885610848 ], [ 127.533568342353448, 36.392156691427928 ], [ 127.533529116989541, 36.392048438978094 ], [ 127.533495325135547, 36.391947497728552 ], [ 127.533423608790713, 36.391747589108711 ], [ 127.532753949543689, 36.391360819087517 ], [ 127.532374421935188, 36.391201136329734 ], [ 127.532064954770178, 36.391073537768484 ], [ 127.531771469348485, 36.390916012121096 ], [ 127.531702557090355, 36.390923076707409 ], [ 127.531513249764544, 36.39092251105437 ], [ 127.531332744954099, 36.390937955661542 ], [ 127.531242951329247, 36.391024801914831 ], [ 127.530933471457388, 36.391177685569609 ], [ 127.530868651048024, 36.391224436513646 ], [ 127.53077059007839, 36.391300342958878 ], [ 127.530502285847035, 36.391233386035722 ], [ 127.530147079979372, 36.391193280129727 ], [ 127.530119954568519, 36.391276189469323 ], [ 127.53009558450448, 36.391329808018952 ], [ 127.530071228759269, 36.391359203401102 ], [ 127.530081633699226, 36.39140449456287 ], [ 127.530155981278099, 36.391479069695635 ], [ 127.53014075174751, 36.391570667607752 ], [ 127.530134373329687, 36.391606462754986 ], [ 127.529980351397299, 36.391646849288328 ], [ 127.529901619903896, 36.391670573615414 ], [ 127.529794232589396, 36.391913513900072 ], [ 127.529500383445466, 36.392086033009157 ], [ 127.529493489555364, 36.392353869274594 ], [ 127.529426682149591, 36.392494411606769 ], [ 127.529079690939383, 36.392638156306148 ], [ 127.529086901228339, 36.393035480525015 ], [ 127.528853185921022, 36.393217023328589 ], [ 127.528622456551204, 36.393145949254389 ], [ 127.528345563386338, 36.393225742759107 ], [ 127.528199694743606, 36.393417881877689 ], [ 127.528073408478377, 36.393983346775222 ], [ 127.52794583167848, 36.39456431707346 ], [ 127.528097772842813, 36.395065474318216 ], [ 127.527436187229, 36.395334798201716 ], [ 127.527297794538626, 36.395964243471624 ], [ 127.527510172962025, 36.39628519238827 ], [ 127.52740898189144, 36.396802955764727 ], [ 127.52682173077865, 36.397327651974202 ], [ 127.526343648943481, 36.397406910740216 ], [ 127.526016737810522, 36.397771062190621 ], [ 127.525167054438356, 36.397733679842347 ], [ 127.524762732689993, 36.3979832608197 ], [ 127.524495110656048, 36.397969230480953 ], [ 127.524158960214606, 36.398100522508891 ], [ 127.524164595868811, 36.398317901773474 ], [ 127.524097193563776, 36.398395074342289 ], [ 127.524025093114957, 36.39883949755292 ], [ 127.523800041581595, 36.399200664989834 ], [ 127.523760786569284, 36.399424710838034 ], [ 127.523587807432804, 36.399811837731697 ], [ 127.523652078384174, 36.400229467824722 ], [ 127.52294040900766, 36.401118530373644 ], [ 127.522661716896891, 36.401456553770849 ], [ 127.522256022814901, 36.40155632406578 ], [ 127.522183977465488, 36.401618304266016 ], [ 127.522100165135583, 36.401691050456307 ], [ 127.52182948109288, 36.401637592969543 ], [ 127.521559572100756, 36.401752260122741 ], [ 127.52101831757858, 36.401794609031946 ], [ 127.520758924339603, 36.401945265854941 ], [ 127.52083065579815, 36.402254726246483 ], [ 127.520236414678607, 36.402761955909156 ], [ 127.520414746253607, 36.403045612964213 ], [ 127.520346035352915, 36.403190375738291 ], [ 127.520654023868047, 36.404007962410169 ], [ 127.520660230255075, 36.404024273379484 ], [ 127.520659644012525, 36.404040046148104 ], [ 127.520656512140704, 36.404118910862792 ], [ 127.520588058133711, 36.404800139438244 ], [ 127.520786972311839, 36.405113552619156 ], [ 127.520991153912192, 36.405589997557051 ], [ 127.521169204462865, 36.405594008069563 ], [ 127.521240314629708, 36.405600177931319 ], [ 127.521262031614924, 36.405618665238691 ], [ 127.52135606140078, 36.405795396044908 ], [ 127.521759935703358, 36.405967668417532 ], [ 127.522170905090917, 36.406133717545103 ], [ 127.522179243417995, 36.406155362982673 ], [ 127.523731651345059, 36.407330224072133 ], [ 127.523926682277207, 36.407503690454341 ], [ 127.52420900202155, 36.407626643251731 ], [ 127.524380251141807, 36.407681377692001 ], [ 127.52482369433551, 36.4078799332502 ], [ 127.524933783895946, 36.407932961349125 ], [ 127.525310408645637, 36.40816843084874 ], [ 127.525568434083695, 36.408278816723382 ], [ 127.525891789823604, 36.408415661456274 ], [ 127.526131111281046, 36.40848980269292 ], [ 127.526398013492454, 36.408547204937278 ], [ 127.52654916311549, 36.40869438391038 ], [ 127.526685505750734, 36.408919073017259 ], [ 127.526679273761715, 36.409030059569538 ], [ 127.526674127346752, 36.409144979390405 ], [ 127.52660295035858, 36.409336499316836 ], [ 127.526601154707166, 36.409457324980025 ], [ 127.526596405595967, 36.40952859112587 ], [ 127.526633832301854, 36.409654588165765 ], [ 127.526651254408264, 36.4097319567583 ], [ 127.526688212454346, 36.409839644381549 ], [ 127.526765680237531, 36.409961527231559 ], [ 127.526826499747372, 36.410067992421247 ], [ 127.526983359526852, 36.410080819622294 ], [ 127.527095730105017, 36.41010933327069 ], [ 127.527246742073686, 36.410131197404603 ], [ 127.527319871081446, 36.410151710123706 ], [ 127.527355302150085, 36.410188158999212 ], [ 127.527388977100912, 36.410248559264758 ], [ 127.527407932373478, 36.410295227672158 ], [ 127.527461855515313, 36.410334415691025 ], [ 127.527521983381661, 36.410364564813186 ], [ 127.527629237930441, 36.410409708762195 ], [ 127.527680087542166, 36.410432860666027 ], [ 127.527861665928327, 36.410569765849694 ], [ 127.527892780034563, 36.410585966632155 ], [ 127.527952429903848, 36.410598094559091 ], [ 127.528007685997267, 36.410601789001738 ], [ 127.528029705744174, 36.410587048164032 ], [ 127.528070041036258, 36.410575326534563 ], [ 127.528089658899461, 36.410540040950508 ], [ 127.528160021711869, 36.410510722513393 ], [ 127.528183353207112, 36.410483864350653 ], [ 127.528256828083983, 36.410477908070057 ], [ 127.528300996784438, 36.410492356993323 ], [ 127.52832955762733, 36.410518427551317 ], [ 127.528334397233735, 36.410538393799996 ], [ 127.52845431656857, 36.410651076702372 ], [ 127.528516955285028, 36.41069303738216 ], [ 127.528544291297635, 36.410716013322592 ], [ 127.528687394179201, 36.410779868265806 ], [ 127.528752497007758, 36.410798730374992 ], [ 127.52878582283401, 36.410805621248187 ], [ 127.528810726690821, 36.410805231928897 ], [ 127.528907364334017, 36.410773832516398 ], [ 127.529002310010753, 36.410747784343151 ], [ 127.529068301145003, 36.410744672220098 ], [ 127.529107469418307, 36.410766469316151 ], [ 127.529135530775648, 36.41079281223179 ], [ 127.529192699238962, 36.410797353772267 ], [ 127.529238246553462, 36.41080953435835 ], [ 127.529281408945891, 36.410803720409184 ], [ 127.529332508467292, 36.410761527820256 ], [ 127.529447329250416, 36.410687242784405 ], [ 127.529473075220281, 36.410656435654552 ], [ 127.529518585061055, 36.410612014812841 ], [ 127.529548309002692, 36.410602313129566 ], [ 127.529569965714771, 36.410585041371206 ], [ 127.529605250453031, 36.410573332545439 ], [ 127.529628190116625, 36.410539717179645 ], [ 127.529652132804671, 36.41052581462467 ], [ 127.529691441945502, 36.41049100941909 ], [ 127.529729646354895, 36.410472528987526 ], [ 127.529766874718717, 36.410439976834461 ], [ 127.529838426214198, 36.410433190016136 ], [ 127.529932885589616, 36.410414460626839 ], [ 127.530007138904935, 36.410419764251429 ], [ 127.530088681765434, 36.410500507218181 ], [ 127.53015086188438, 36.41055036317853 ], [ 127.530280368134726, 36.410613149956525 ], [ 127.530332987194939, 36.410665301039877 ], [ 127.530371507679277, 36.410668789139258 ], [ 127.530396747218447, 36.410665298032939 ], [ 127.530816440790502, 36.410673017815014 ], [ 127.53096700689062, 36.41078330044013 ], [ 127.531136202806962, 36.410816343447046 ], [ 127.531394958467885, 36.410954595084725 ], [ 127.531612149777217, 36.411179478361156 ], [ 127.531711976860507, 36.411335331313751 ], [ 127.531806230762342, 36.41143882485305 ], [ 127.531983700525046, 36.411637416922353 ], [ 127.532043537902808, 36.411752327567591 ], [ 127.532060677351794, 36.411762677770945 ], [ 127.532138867387928, 36.41175810395093 ], [ 127.53225748136181, 36.411730262864346 ], [ 127.532432738426593, 36.411732863140728 ], [ 127.532515878454731, 36.411764313217532 ], [ 127.532519757535013, 36.411796962792707 ], [ 127.532539634914528, 36.411927821055151 ], [ 127.532615154242109, 36.412017321225733 ], [ 127.532781717848735, 36.412072623073954 ], [ 127.532908535536308, 36.412123028066048 ], [ 127.532917977613721, 36.412127771175292 ], [ 127.533089523186931, 36.412122222547829 ], [ 127.533289832662689, 36.412195108165989 ], [ 127.53339535749798, 36.412265324697849 ], [ 127.533470492390563, 36.412375101986676 ], [ 127.533548846691687, 36.412497535101849 ], [ 127.533640799248118, 36.412621034010058 ], [ 127.533654589335569, 36.41265026005118 ], [ 127.533687060728909, 36.412711501929756 ], [ 127.533688491554528, 36.412819922350529 ], [ 127.533696634593014, 36.412864664381068 ], [ 127.533789258057539, 36.41306025245683 ], [ 127.533887813555666, 36.413232996800417 ], [ 127.533895605743496, 36.413303089825234 ], [ 127.533893711495438, 36.413357167478637 ], [ 127.53393229296978, 36.413393879678587 ], [ 127.533924870122391, 36.413404050749975 ], [ 127.533969684704772, 36.413411456671199 ], [ 127.53402669573552, 36.413417114019481 ], [ 127.534112859552437, 36.41343222058179 ], [ 127.534163194765156, 36.413431716715053 ], [ 127.534264530146018, 36.413397471412289 ], [ 127.534293233896548, 36.413417898661763 ], [ 127.534203258423361, 36.41345687843954 ], [ 127.534235591699357, 36.413471657302921 ], [ 127.534265231957264, 36.413475751480732 ], [ 127.534292419142886, 36.4135026647891 ], [ 127.534342403111239, 36.413525817691195 ], [ 127.534373778864989, 36.413553838732959 ], [ 127.534376864114151, 36.413572974475848 ], [ 127.534395186883373, 36.413603027283088 ], [ 127.534403587091404, 36.413633115355779 ], [ 127.534394018439841, 36.413660481026845 ], [ 127.534453389488235, 36.413681897823359 ], [ 127.534494570687201, 36.413717201447895 ], [ 127.534529092838056, 36.413747172918541 ], [ 127.534573185839292, 36.413774578426185 ], [ 127.534559242549904, 36.413799701742768 ], [ 127.534826121199373, 36.414078426395712 ], [ 127.534847419928766, 36.414111565806422 ], [ 127.534866827605754, 36.414146966542603 ], [ 127.534918935187306, 36.414252330940442 ], [ 127.535074895593482, 36.414564226228137 ], [ 127.535160054710701, 36.414737029317209 ], [ 127.535437808353805, 36.415307181919246 ], [ 127.535470539260231, 36.415355472545848 ], [ 127.535549430570867, 36.415452840795815 ], [ 127.535766949226812, 36.415721925358241 ], [ 127.53579787180368, 36.41576008600935 ], [ 127.536033434723961, 36.416070217950725 ], [ 127.536150856518034, 36.41622232055564 ], [ 127.536228512567789, 36.416394597697284 ], [ 127.536645490495019, 36.417118446175294 ], [ 127.537141937110746, 36.417919652042649 ], [ 127.537492526915869, 36.418488337270588 ], [ 127.537703982159158, 36.419673529842669 ], [ 127.537747145992952, 36.419920305818025 ], [ 127.537782513458993, 36.420122906250533 ], [ 127.538084326584766, 36.420157037766714 ], [ 127.53826094735156, 36.420176799247443 ], [ 127.538378972936798, 36.420212594095908 ], [ 127.538692860033208, 36.420304676952732 ], [ 127.539096622426243, 36.420394101502616 ], [ 127.539237090447841, 36.420426135780005 ], [ 127.539618019042791, 36.420614229406283 ], [ 127.539728780164992, 36.420558534640705 ], [ 127.541534778793732, 36.419653166470624 ], [ 127.542154064846414, 36.419342566591382 ], [ 127.542260489574701, 36.419289141993524 ], [ 127.542280457210836, 36.419279192961639 ], [ 127.541859712181918, 36.415857565302922 ], [ 127.5418388445635, 36.415687567145184 ] ] ] ] } },
{ "type": "Feature", "properties": { "EMD_CD": "30110136", "EMD_ENG_NM": "Nangwol-dong", "EMD_KOR_NM": "낭월동" }, "geometry": { "type": "MultiPolygon", "coordinates": [ [ [ [ 127.464407754916493, 36.274796329427538 ], [ 127.464317185991746, 36.274954992768173 ], [ 127.464237216835812, 36.275431520264561 ], [ 127.464063352220322, 36.275761969604368 ], [ 127.463915354676757, 36.276113712607 ], [ 127.46381355970027, 36.276664391862369 ], [ 127.463729046816468, 36.277135583472678 ], [ 127.463675940189816, 36.277508371277108 ], [ 127.463589105609486, 36.277882406821703 ], [ 127.463491287574257, 36.278253114312292 ], [ 127.463451602470883, 36.27857121176271 ], [ 127.463517900643012, 36.278814273344736 ], [ 127.463579225973035, 36.279038771831907 ], [ 127.463616854680424, 36.27911016183139 ], [ 127.463888343131259, 36.279612635819745 ], [ 127.463977950012691, 36.279768868737357 ], [ 127.464023992849619, 36.279849517187202 ], [ 127.464045787021817, 36.279887453528225 ], [ 127.464051230388691, 36.279897002968134 ], [ 127.464058954779816, 36.279910211373135 ], [ 127.464070202731534, 36.279930164971809 ], [ 127.464092176676814, 36.279968379973056 ], [ 127.464164746294273, 36.280094831678241 ], [ 127.464175990949215, 36.280114217537786 ], [ 127.464348656433685, 36.28046331396348 ], [ 127.464375374470023, 36.280541504752925 ], [ 127.464467492481987, 36.280826703905326 ], [ 127.464478475467942, 36.280860176131831 ], [ 127.46448716822421, 36.281124015900318 ], [ 127.464487350131478, 36.281126547501295 ], [ 127.464494964353989, 36.281296335671499 ], [ 127.464498742366104, 36.281376300433386 ], [ 127.46449867921342, 36.28151260357771 ], [ 127.46449368024156, 36.28158021114556 ], [ 127.464489505675957, 36.281638524394417 ], [ 127.46446486083191, 36.281971775615183 ], [ 127.464450451442872, 36.282123337125967 ], [ 127.464447354800583, 36.28215686385284 ], [ 127.4644445687548, 36.282186442225758 ], [ 127.464433773598287, 36.282301663330522 ], [ 127.464417835417365, 36.282548710349111 ], [ 127.464414325874955, 36.282602794496363 ], [ 127.464411945836929, 36.282640815314103 ], [ 127.464408023077198, 36.282683356995186 ], [ 127.464379200549288, 36.282985930260359 ], [ 127.464369666771717, 36.283079175792345 ], [ 127.464364084141536, 36.283134682803905 ], [ 127.464357500099766, 36.283197790603893 ], [ 127.464356343914687, 36.283209339142736 ], [ 127.46432770346253, 36.283424047015302 ], [ 127.464248927541178, 36.283513901725549 ], [ 127.463995761199584, 36.283701028014619 ], [ 127.463930828329666, 36.283748870225452 ], [ 127.463806998162326, 36.283837502036143 ], [ 127.463373048002751, 36.28409911405118 ], [ 127.463342913401149, 36.284121192092975 ], [ 127.463191388179126, 36.28423245060668 ], [ 127.463137702194032, 36.28427180494532 ], [ 127.463069459250292, 36.284319100736312 ], [ 127.46299336251613, 36.284391767861621 ], [ 127.462654341740119, 36.28470820789088 ], [ 127.462611787457206, 36.284747798428285 ], [ 127.462473557941166, 36.28496066639552 ], [ 127.462377754983549, 36.28543978526114 ], [ 127.462310201960989, 36.285841348124549 ], [ 127.462500199200989, 36.286208691967396 ], [ 127.462605411779577, 36.286176745167673 ], [ 127.462742084132884, 36.286141585902072 ], [ 127.462966107433445, 36.286143253902033 ], [ 127.462991344189334, 36.286175824123369 ], [ 127.463070771578145, 36.286165658706842 ], [ 127.463142456367905, 36.286141167401908 ], [ 127.463362694294801, 36.286120031507757 ], [ 127.463378491369014, 36.286116600096427 ], [ 127.463392564753732, 36.286113445693601 ], [ 127.463440510700678, 36.286102842898927 ], [ 127.463475416726382, 36.286095102130439 ], [ 127.46351241205025, 36.286086794550705 ], [ 127.463535356705506, 36.286083605855744 ], [ 127.463601912184657, 36.286074616289923 ], [ 127.463654918574349, 36.286067084886021 ], [ 127.463710041722663, 36.286035330690332 ], [ 127.463779191815988, 36.28602464579884 ], [ 127.463809773384568, 36.28601974232982 ], [ 127.463889152019078, 36.286031547218229 ], [ 127.463887971984335, 36.286037184128176 ], [ 127.46388408233743, 36.286055222678868 ], [ 127.463860542416128, 36.286163175396197 ], [ 127.463830408076831, 36.286302406369195 ], [ 127.46382989821474, 36.286304661279175 ], [ 127.463785707402451, 36.286508443711234 ], [ 127.46376462939611, 36.286650739692696 ], [ 127.463736523491491, 36.286839536450053 ], [ 127.46370925240484, 36.287022688610556 ], [ 127.46369168560156, 36.28714131514257 ], [ 127.463674705034578, 36.287270645367194 ], [ 127.463659558737177, 36.287384477293607 ], [ 127.463642749523444, 36.287512680377375 ], [ 127.463628649496059, 36.287658608115983 ], [ 127.463624882614013, 36.287697490363826 ], [ 127.463619464428845, 36.287752708288913 ], [ 127.463595867342661, 36.2879983697377 ], [ 127.463589963173717, 36.288088221701017 ], [ 127.463557889153307, 36.288578359652817 ], [ 127.463557731030605, 36.288581748682397 ], [ 127.463553750127929, 36.2886428727519 ], [ 127.46370826331065, 36.288683954955438 ], [ 127.463766272021843, 36.288699501282522 ], [ 127.463785959618448, 36.288704489776229 ], [ 127.46378996236885, 36.288705600770456 ], [ 127.463822886004763, 36.28871448523347 ], [ 127.463851460179981, 36.288721980671639 ], [ 127.463856165846963, 36.288723368310073 ], [ 127.463920963524444, 36.288740582520752 ], [ 127.463924977409803, 36.288741693467379 ], [ 127.463934732168241, 36.288744188045854 ], [ 127.464291174397914, 36.288373047898368 ], [ 127.46431205543324, 36.288344516982804 ], [ 127.464406091645316, 36.288216023904425 ], [ 127.464407638349016, 36.288214044343214 ], [ 127.464488215178037, 36.288104185533776 ], [ 127.464490289517173, 36.288101077459579 ], [ 127.464537220824198, 36.288037254746584 ], [ 127.464601084501197, 36.287926613470589 ], [ 127.464603851730757, 36.287922087865844 ], [ 127.464647232241248, 36.287847014169593 ], [ 127.464649463575427, 36.287842220286805 ], [ 127.464733934199998, 36.28765489922533 ], [ 127.464767752812435, 36.287579853512362 ], [ 127.464768782512408, 36.287577037856302 ], [ 127.464814042709946, 36.287467874365248 ], [ 127.464828339776332, 36.287414027817384 ], [ 127.464873450677842, 36.287306000360829 ], [ 127.464874469186242, 36.287303175735367 ], [ 127.464920436510781, 36.287193171366873 ], [ 127.465017208678375, 36.28694045819114 ], [ 127.465030909253713, 36.286904367081668 ], [ 127.465092643303592, 36.286697416158617 ], [ 127.465093671274914, 36.286694312130017 ], [ 127.465121298927315, 36.286602113905715 ], [ 127.465141424582157, 36.286534456732163 ], [ 127.46514397755891, 36.28652571444394 ], [ 127.465174669595044, 36.286422807371451 ], [ 127.465134438197111, 36.286412816127189 ], [ 127.465131652170498, 36.286412268200301 ], [ 127.465104486222657, 36.286405614708087 ], [ 127.465101698490798, 36.286404778410962 ], [ 127.465093505670154, 36.286402845611029 ], [ 127.465223132435298, 36.285970905250807 ], [ 127.465224844946391, 36.285964977886891 ], [ 127.46523240503943, 36.285920178170905 ], [ 127.465395395180479, 36.285925457699356 ], [ 127.465449995750532, 36.285922145829133 ], [ 127.465665948661112, 36.285912575390839 ], [ 127.465795837530749, 36.285907006537485 ], [ 127.465990763231858, 36.285871049629485 ], [ 127.466126102184973, 36.285846020892819 ], [ 127.46646736987401, 36.285851732609245 ], [ 127.466795311563502, 36.285750201255098 ], [ 127.467052762052262, 36.285933940192812 ], [ 127.467383945523025, 36.285821688642145 ], [ 127.467557049207471, 36.285801873145388 ], [ 127.467670750129273, 36.28585380626734 ], [ 127.46774094185848, 36.285898591384132 ], [ 127.467798910255269, 36.285937512413312 ], [ 127.467866488051527, 36.285982587012519 ], [ 127.467971079330312, 36.28622634351256 ], [ 127.468049862226493, 36.28642964771597 ], [ 127.468173760320738, 36.286528284527158 ], [ 127.468221247386296, 36.286500505207492 ], [ 127.468285407652459, 36.286526722291391 ], [ 127.468376401235119, 36.286531720041644 ], [ 127.468428690883115, 36.286551512955562 ], [ 127.468461301184263, 36.286362138805998 ], [ 127.468480633898594, 36.286249695760766 ], [ 127.468538200442381, 36.286191182921002 ], [ 127.469237597746769, 36.286227875707333 ], [ 127.469957852500755, 36.286262220743289 ], [ 127.470447040755516, 36.286340003282831 ], [ 127.471342006147424, 36.286535037153669 ], [ 127.471605077026155, 36.286493729716732 ], [ 127.472204310278912, 36.287170065437593 ], [ 127.472916593214777, 36.287267235890234 ], [ 127.473207244833489, 36.287212298568818 ], [ 127.473844217383729, 36.286846223166748 ], [ 127.473982081644891, 36.286894954768968 ], [ 127.474278561924933, 36.287000238754494 ], [ 127.475554079757174, 36.287825107949629 ], [ 127.475914398213618, 36.287958864200078 ], [ 127.476003637881334, 36.287990051235099 ], [ 127.476575333692651, 36.288190257238831 ], [ 127.477302033659399, 36.288138650401379 ], [ 127.477513421923547, 36.288034732739099 ], [ 127.478125955973169, 36.288114813380666 ], [ 127.478494663834411, 36.288824982737005 ], [ 127.478367635811651, 36.289187932764612 ], [ 127.478484078161003, 36.289342641573612 ], [ 127.478388607487361, 36.289718415586378 ], [ 127.478476173062845, 36.289816069045109 ], [ 127.47868710764871, 36.290010106421043 ], [ 127.478762142436096, 36.290192294762285 ], [ 127.478871898139843, 36.290449538423474 ], [ 127.479132424032969, 36.290617468234004 ], [ 127.479376074806027, 36.290783491338779 ], [ 127.479946611740942, 36.29204172711335 ], [ 127.480153072671172, 36.292496840777453 ], [ 127.480439176282488, 36.293119758053933 ], [ 127.480581412832024, 36.293311246407299 ], [ 127.480696540670266, 36.293478637700503 ], [ 127.480702794064243, 36.293676582485702 ], [ 127.480716677717083, 36.294013628888251 ], [ 127.480721618977171, 36.29422453779015 ], [ 127.480898435294989, 36.294863662248623 ], [ 127.480463759893013, 36.295520728591626 ], [ 127.480161798033421, 36.295975336173896 ], [ 127.479858215342333, 36.296367435060603 ], [ 127.479663531279783, 36.296759944814816 ], [ 127.479554934571468, 36.296979192942452 ], [ 127.479657817782794, 36.297162674961932 ], [ 127.479692080443058, 36.297504983757499 ], [ 127.479740687236642, 36.297886382110306 ], [ 127.479688675116847, 36.298229315280032 ], [ 127.479640711207438, 36.298522388339983 ], [ 127.479735615533954, 36.298822775270324 ], [ 127.479809219663935, 36.299055100622063 ], [ 127.479677189145576, 36.299539441431911 ], [ 127.47968354525824, 36.299896794128941 ], [ 127.480280916255921, 36.300467765652307 ], [ 127.480437348855887, 36.300617247460451 ], [ 127.480477811307708, 36.300550623884909 ], [ 127.480616460052815, 36.300322522256238 ], [ 127.480752907831103, 36.300306204876158 ], [ 127.481107698514933, 36.300264508803643 ], [ 127.481253715126684, 36.300247305365886 ], [ 127.481632145270538, 36.300202701222375 ], [ 127.48185344783208, 36.300151689099863 ], [ 127.482245401837702, 36.300328086340457 ], [ 127.482403596483095, 36.300395885206626 ], [ 127.482473539907346, 36.300425739073027 ], [ 127.482547660904331, 36.300428820274846 ], [ 127.483064088713093, 36.300449829405402 ], [ 127.483361682153827, 36.300217146202414 ], [ 127.4838257643368, 36.300014484684368 ], [ 127.484085986331152, 36.300012308180797 ], [ 127.484300971968977, 36.300206598192119 ], [ 127.484499400905264, 36.30019819086364 ], [ 127.485026403787259, 36.300664670477275 ], [ 127.485625138905348, 36.300604239135055 ], [ 127.485804544750451, 36.300471995447111 ], [ 127.485919571328921, 36.300507855723126 ], [ 127.486135001793187, 36.300575138363484 ], [ 127.486509901007622, 36.300354236729333 ], [ 127.487072948861325, 36.300629341267978 ], [ 127.487374075749642, 36.300826375861149 ], [ 127.487796899758095, 36.301096702753661 ], [ 127.488541423164776, 36.301655499037082 ], [ 127.488887932953006, 36.301653239895757 ], [ 127.489503539925565, 36.301228304329882 ], [ 127.489598551057966, 36.300899547347576 ], [ 127.490076878280618, 36.300639074378758 ], [ 127.490419524543654, 36.300576844574188 ], [ 127.490630844874772, 36.30054331275101 ], [ 127.491190854299006, 36.300411756282358 ], [ 127.491305607078274, 36.300374959980552 ], [ 127.491856085932042, 36.300193874967469 ], [ 127.492111680613235, 36.300174523628797 ], [ 127.492488305568997, 36.300176915722453 ], [ 127.492329096635814, 36.299726424530562 ], [ 127.492291740517615, 36.29970432793305 ], [ 127.491607644242805, 36.299297668393166 ], [ 127.491532077872151, 36.298840912457116 ], [ 127.491464928262687, 36.298451709887914 ], [ 127.491409114903988, 36.298093154744336 ], [ 127.491408188802467, 36.297695804478558 ], [ 127.491413307880919, 36.297430216918123 ], [ 127.491176976952815, 36.297023124990197 ], [ 127.491197045453319, 36.29658793853298 ], [ 127.491405179514899, 36.296434733638428 ], [ 127.491717301694067, 36.296222805209112 ], [ 127.491841251625246, 36.296155276732989 ], [ 127.492016124161651, 36.295775219731752 ], [ 127.492289899839193, 36.295607379287446 ], [ 127.492355220245756, 36.295398714898944 ], [ 127.492424249330071, 36.295201020540965 ], [ 127.492682847553297, 36.294997473947028 ], [ 127.492777351372595, 36.294507640572938 ], [ 127.492824575327745, 36.294436758515253 ], [ 127.493037388855711, 36.294118779051928 ], [ 127.493581619924655, 36.293310278917971 ], [ 127.493501152786479, 36.29290536142372 ], [ 127.493704954969246, 36.292481250558225 ], [ 127.493710624663507, 36.29246940382474 ], [ 127.493854778191491, 36.29246317800871 ], [ 127.494078746992116, 36.292453243847092 ], [ 127.494377478281677, 36.292050422955377 ], [ 127.494350103877338, 36.291820168822767 ], [ 127.494408644981817, 36.291614631189745 ], [ 127.494644543190645, 36.291344432952698 ], [ 127.494792043688051, 36.291178801648691 ], [ 127.495128339834437, 36.290419580910935 ], [ 127.49556855249709, 36.290113896084215 ], [ 127.495471966337107, 36.289747066843788 ], [ 127.495454745648885, 36.289690535259766 ], [ 127.495408916981773, 36.289538651494077 ], [ 127.495581152262787, 36.288664080717496 ], [ 127.495769242820288, 36.287792544081555 ], [ 127.496291402551179, 36.287522853108506 ], [ 127.496361690409742, 36.287470744745917 ], [ 127.496404800151893, 36.287438745879449 ], [ 127.496905618509601, 36.287067190726816 ], [ 127.497614319427015, 36.28653762444668 ], [ 127.497703436496892, 36.286191429108214 ], [ 127.497664937724423, 36.285907151243919 ], [ 127.497632038702932, 36.285656373802261 ], [ 127.497712933691901, 36.28519136565388 ], [ 127.497794319514512, 36.284696787849334 ], [ 127.498367304473135, 36.283915460326547 ], [ 127.498844302016707, 36.28327504939103 ], [ 127.498986575661746, 36.283084084471859 ], [ 127.498809557396584, 36.282814468374148 ], [ 127.498661381224451, 36.282595990909485 ], [ 127.498528425711996, 36.281321381279547 ], [ 127.497872417653284, 36.280907591945962 ], [ 127.497300052542883, 36.280353490717019 ], [ 127.497034002317235, 36.279780653027117 ], [ 127.496780962699987, 36.279230019822712 ], [ 127.496600863067329, 36.279076150928034 ], [ 127.496228586394494, 36.278755521390785 ], [ 127.496114137816349, 36.278641103946846 ], [ 127.495899489073508, 36.27855186496911 ], [ 127.495353112593492, 36.278309119930427 ], [ 127.495060274927624, 36.27809038796309 ], [ 127.494713276329378, 36.277722337573316 ], [ 127.493932793272151, 36.277086277870829 ], [ 127.492985559201955, 36.276312351591613 ], [ 127.492924440610452, 36.275800058963497 ], [ 127.492622235105657, 36.275472650511439 ], [ 127.492179487577786, 36.275221579843851 ], [ 127.491289823405097, 36.274720568062413 ], [ 127.491134758086062, 36.274451688252526 ], [ 127.490966780036132, 36.274173299593848 ], [ 127.490697628140666, 36.273929109665559 ], [ 127.490638074198287, 36.273887953210533 ], [ 127.49044649598261, 36.273784821950414 ], [ 127.490344746889065, 36.273726940789572 ], [ 127.490250405277408, 36.27365579098884 ], [ 127.490207961504623, 36.273654558598871 ], [ 127.490038825803651, 36.27355218207483 ], [ 127.489890793590718, 36.273489424963621 ], [ 127.489804175130544, 36.273457390370147 ], [ 127.489735555640522, 36.273441899930205 ], [ 127.489668997483875, 36.273419642213746 ], [ 127.489559313850293, 36.27339924565662 ], [ 127.489435474860002, 36.273311048164821 ], [ 127.489342327753647, 36.273238486929486 ], [ 127.489077947095666, 36.27300497980368 ], [ 127.4889596888992, 36.272890552843975 ], [ 127.488847947622503, 36.27278962586842 ], [ 127.488767008226077, 36.272722088053094 ], [ 127.488753203429596, 36.272710600224059 ], [ 127.488650418897365, 36.272765089526736 ], [ 127.488586344683725, 36.272778868146922 ], [ 127.488427313603879, 36.272820915777409 ], [ 127.488064123297477, 36.272831685037154 ], [ 127.487878458074448, 36.272869893138932 ], [ 127.487708967208079, 36.272906917740407 ], [ 127.486795175982408, 36.272938502535681 ], [ 127.486418593279041, 36.272948762413115 ], [ 127.486144227012048, 36.272956353997344 ], [ 127.485822625950945, 36.272972580268487 ], [ 127.485717165946738, 36.272960048372056 ], [ 127.485354657560805, 36.272911959809846 ], [ 127.484814211677076, 36.27302932445086 ], [ 127.484458025074915, 36.27310594849984 ], [ 127.484079656644013, 36.273052278752445 ], [ 127.483910674681212, 36.273031278167799 ], [ 127.483706317223437, 36.273083361222994 ], [ 127.483493534062589, 36.273149833631415 ], [ 127.483342011825187, 36.273421923668174 ], [ 127.483241210678514, 36.27360256507324 ], [ 127.481803242293012, 36.274279445862682 ], [ 127.48117728889936, 36.274575687583912 ], [ 127.480810281901697, 36.274761053114666 ], [ 127.480319857678836, 36.275011967640495 ], [ 127.479933381652842, 36.27508616719372 ], [ 127.479827107773104, 36.275225148183821 ], [ 127.479705151928243, 36.275387847667325 ], [ 127.47933573841587, 36.275665309521955 ], [ 127.479184780564523, 36.275777433165182 ], [ 127.478769467305312, 36.27565490015963 ], [ 127.478640728062572, 36.275619646158439 ], [ 127.478538006725202, 36.275571058969142 ], [ 127.478315458597166, 36.275462958168802 ], [ 127.478146442250761, 36.275294102567187 ], [ 127.478012096663306, 36.275163958307225 ], [ 127.477802470623388, 36.27506482582951 ], [ 127.477478109881886, 36.274916008199362 ], [ 127.477271852188011, 36.274883881888115 ], [ 127.477026940392591, 36.27484599720124 ], [ 127.476483823348431, 36.274984170074752 ], [ 127.475814218275659, 36.274967965971967 ], [ 127.475262015621894, 36.274954942867183 ], [ 127.475064261354817, 36.274777184939289 ], [ 127.474728923007987, 36.274825824096489 ], [ 127.474137738281755, 36.275239882544476 ], [ 127.473510316180338, 36.275270522239126 ], [ 127.472045498733877, 36.275346415099278 ], [ 127.471479195256833, 36.275476780214483 ], [ 127.470836880234017, 36.275431432125856 ], [ 127.470678720755089, 36.275359390810856 ], [ 127.470630420041488, 36.275337339242874 ], [ 127.470625842006697, 36.275297642335531 ], [ 127.470621254572734, 36.275258233841214 ], [ 127.470610006822596, 36.275208713231514 ], [ 127.470608643929239, 36.275155774434154 ], [ 127.470613575446649, 36.275107596195959 ], [ 127.470544783874672, 36.274975510156494 ], [ 127.470543350617803, 36.274968477585738 ], [ 127.470535447049869, 36.274925414301137 ], [ 127.470541374915072, 36.274870761705877 ], [ 127.470547491915468, 36.274816099356322 ], [ 127.470544240128874, 36.274767394482723 ], [ 127.470541361975833, 36.274723473393031 ], [ 127.470517881755171, 36.274664430244037 ], [ 127.470485400193084, 36.274583451692877 ], [ 127.470289596255355, 36.274350192700524 ], [ 127.470124993353906, 36.274160464138703 ], [ 127.47004899524876, 36.274101626664454 ], [ 127.470043405429251, 36.274097422043319 ], [ 127.469997721317313, 36.274047468529581 ], [ 127.469950289385409, 36.273995557277779 ], [ 127.469936802449453, 36.273980965976236 ], [ 127.46990479229639, 36.273919135422659 ], [ 127.469902803972886, 36.273819166618921 ], [ 127.469869548057332, 36.273695952745136 ], [ 127.469764154961268, 36.273576959467604 ], [ 127.469703402941477, 36.27350848255692 ], [ 127.469667607451939, 36.273455678524634 ], [ 127.469651123739197, 36.273431240041376 ], [ 127.469600944273466, 36.273357089333018 ], [ 127.469546732580667, 36.273276754283238 ], [ 127.469223337395974, 36.273311171102357 ], [ 127.469153309337159, 36.273126895525721 ], [ 127.46815205574994, 36.273370168161122 ], [ 127.46787749563984, 36.273454282628002 ], [ 127.467400791771439, 36.273584981934071 ], [ 127.467145743097404, 36.273665900639685 ], [ 127.466998989500865, 36.273721768166332 ], [ 127.466547148439787, 36.273909258620101 ], [ 127.46624468988928, 36.274071465701063 ], [ 127.466056737132462, 36.274178606935919 ], [ 127.465775329966974, 36.274357150504841 ], [ 127.46567223436756, 36.274432327797328 ], [ 127.465224138868678, 36.274796495096979 ], [ 127.465107750196765, 36.274904393684352 ], [ 127.464845200636489, 36.275176737578597 ], [ 127.464660155461274, 36.275401937574308 ], [ 127.464407754916493, 36.274796329427538 ] ] ] ] } },
{ "type": "Feature", "properties": { "EMD_CD": "30110137", "EMD_ENG_NM": "Daebyeol-dong", "EMD_KOR_NM": "대별동" }, "geometry": { "type": "MultiPolygon", "coordinates": [ [ [ [ 127.458752151701958, 36.292827007279406 ], [ 127.459058400006299, 36.292757400566629 ], [ 127.459216594071577, 36.292503339725265 ], [ 127.459611298789198, 36.292243866900584 ], [ 127.460070805189915, 36.291939644258861 ], [ 127.460289227527454, 36.291784200850486 ], [ 127.460458807531097, 36.291663865046957 ], [ 127.460531894907376, 36.29161176694226 ], [ 127.460564809474093, 36.291588552483176 ], [ 127.460716515903727, 36.291505170016997 ], [ 127.46090983181476, 36.291398818764634 ], [ 127.460998778716103, 36.291350038845508 ], [ 127.461021314325748, 36.291337561089627 ], [ 127.461239977928656, 36.291254209001096 ], [ 127.46154577480354, 36.291137574359141 ], [ 127.461988252789041, 36.290809754011072 ], [ 127.462528800845234, 36.290242183861494 ], [ 127.462766116717532, 36.289988660292259 ], [ 127.462825345281743, 36.289855787856695 ], [ 127.46284728126362, 36.289713209434218 ], [ 127.46289419201085, 36.289409161225045 ], [ 127.462903714427881, 36.28931168042218 ], [ 127.462938781310257, 36.288975578019411 ], [ 127.462974772491833, 36.288826745230395 ], [ 127.463063988979343, 36.288471004441689 ], [ 127.463106017557507, 36.288341856999871 ], [ 127.463127540071099, 36.288274753514067 ], [ 127.463194740160304, 36.288078200082374 ], [ 127.463146560430175, 36.28787168352568 ], [ 127.463076048843845, 36.287534294347111 ], [ 127.462832998284483, 36.287020156477226 ], [ 127.462711819003871, 36.286762094708948 ], [ 127.462689014443868, 36.286639685880381 ], [ 127.462650929777439, 36.286434526954643 ], [ 127.462560452067436, 36.286308999641783 ], [ 127.462500199218525, 36.286208687784558 ], [ 127.462310201978511, 36.285841343941726 ], [ 127.462377755001114, 36.285439781078352 ], [ 127.462473557958702, 36.284960662212768 ], [ 127.462611787474714, 36.284747794245554 ], [ 127.462654341757641, 36.284708203708142 ], [ 127.462993362533624, 36.284391763678912 ], [ 127.463069459267786, 36.284319096553638 ], [ 127.46313770221154, 36.284271800762639 ], [ 127.463191388196606, 36.284232446424014 ], [ 127.4633429134186, 36.284121187910308 ], [ 127.463373048020202, 36.2840991098685 ], [ 127.463806998179763, 36.283837497853511 ], [ 127.463930828347046, 36.283748866042849 ], [ 127.463995761216992, 36.283701023831981 ], [ 127.464248927558558, 36.283513897542953 ], [ 127.464327703479867, 36.283424042832728 ], [ 127.464356343932039, 36.283209334960148 ], [ 127.464357500117117, 36.283197786421347 ], [ 127.464364084158888, 36.283134678621359 ], [ 127.464369666789068, 36.283079171609785 ], [ 127.46437920056664, 36.282985926077814 ], [ 127.464408023094549, 36.282683352812676 ], [ 127.464411945854295, 36.2826408111316 ], [ 127.464414325892335, 36.282602790313874 ], [ 127.464417835434716, 36.282548706166608 ], [ 127.464433773615639, 36.282301659148033 ], [ 127.464444568772151, 36.282186438043311 ], [ 127.464447354817963, 36.282156859670373 ], [ 127.464450451460223, 36.282123332943513 ], [ 127.46446486084929, 36.281971771432715 ], [ 127.464489505693365, 36.281638520212006 ], [ 127.464493680258954, 36.281580206963163 ], [ 127.4644986792308, 36.281512599395306 ], [ 127.464498742383483, 36.281376296250968 ], [ 127.464494964371397, 36.281296331489109 ], [ 127.464487350148858, 36.281126543318912 ], [ 127.464487168241618, 36.281124011717935 ], [ 127.464478475485322, 36.280860171949477 ], [ 127.464467492499409, 36.280826699722979 ], [ 127.464375374487418, 36.280541500570592 ], [ 127.464348656451151, 36.280463309781169 ], [ 127.46417599096668, 36.280114213355482 ], [ 127.464164746311724, 36.280094827495944 ], [ 127.464092176694294, 36.279968375790773 ], [ 127.464070202749014, 36.279930160789519 ], [ 127.464058954797295, 36.279910207190838 ], [ 127.464051230406199, 36.279896998785858 ], [ 127.464045787039325, 36.279887449345956 ], [ 127.464023992867126, 36.279849513004926 ], [ 127.463977950030198, 36.279768864555052 ], [ 127.463888343148781, 36.279612631637463 ], [ 127.463616854697975, 36.279110157649157 ], [ 127.463579225990614, 36.279038767649695 ], [ 127.463517900660591, 36.278814269162545 ], [ 127.463451602488476, 36.278571207580526 ], [ 127.463491287591864, 36.278253110130123 ], [ 127.463589105627065, 36.277882402639577 ], [ 127.463675940207423, 36.277508367095031 ], [ 127.463729046834075, 36.277135579290622 ], [ 127.463813559717877, 36.276664387680341 ], [ 127.463915354694365, 36.276113708425029 ], [ 127.463522357715476, 36.275762930172682 ], [ 127.463308975350841, 36.275644907095 ], [ 127.462972631049226, 36.275464005407997 ], [ 127.462778067261894, 36.275468414781166 ], [ 127.462321332344459, 36.275485657766914 ], [ 127.462173853459788, 36.275572684879755 ], [ 127.461975985419997, 36.275429537912025 ], [ 127.46180168574918, 36.275331079398761 ], [ 127.461463925992689, 36.275205934728035 ], [ 127.461369853894482, 36.275057043514657 ], [ 127.461136359769583, 36.274681699594041 ], [ 127.461039115796353, 36.274526899558218 ], [ 127.460730958669131, 36.274465280183271 ], [ 127.460471188886544, 36.274412495112479 ], [ 127.460362115146324, 36.274345036969919 ], [ 127.460145992236733, 36.27420224533887 ], [ 127.46000949375393, 36.27405632738747 ], [ 127.459757537762727, 36.273792004437013 ], [ 127.459649729932792, 36.273436172972232 ], [ 127.459393999786812, 36.273476020133096 ], [ 127.45891058299425, 36.27333030214826 ], [ 127.458709288927665, 36.273254183369282 ], [ 127.458480481304917, 36.27317001372343 ], [ 127.458119674608824, 36.272996788637414 ], [ 127.458033239148975, 36.273142992248886 ], [ 127.457988788315589, 36.273215544512581 ], [ 127.457523425108988, 36.273031163560709 ], [ 127.457374785108655, 36.272589315026842 ], [ 127.457205218128905, 36.272406904996863 ], [ 127.456648934801933, 36.271898163579593 ], [ 127.456343405195312, 36.271508160606942 ], [ 127.455870240965552, 36.27117737036793 ], [ 127.455539221044887, 36.270977556623407 ], [ 127.455109966965267, 36.270871882151283 ], [ 127.454504701421186, 36.27093810579634 ], [ 127.453539681940782, 36.270861777497103 ], [ 127.452996375870043, 36.270907762171277 ], [ 127.452733198964893, 36.271255988359442 ], [ 127.451542245696203, 36.27126076410071 ], [ 127.451437568606806, 36.271261157944032 ], [ 127.451161608807041, 36.271262195792531 ], [ 127.451104228931598, 36.271262411510726 ], [ 127.451039956476762, 36.271364873755672 ], [ 127.450901902760464, 36.271369051362377 ], [ 127.450822576379025, 36.271363437679533 ], [ 127.450748815994729, 36.271358082402038 ], [ 127.450595148310541, 36.271397247972445 ], [ 127.450527780754996, 36.271414109632488 ], [ 127.450164691954399, 36.271504742986529 ], [ 127.449939473093053, 36.271561073202385 ], [ 127.449709687244038, 36.271608958046279 ], [ 127.449590697832093, 36.271722339566757 ], [ 127.449564410060745, 36.271747499820009 ], [ 127.449304842512859, 36.271816907451566 ], [ 127.44927873888372, 36.272209576430484 ], [ 127.449190545727063, 36.272387889279216 ], [ 127.449053371849573, 36.272665514953729 ], [ 127.449344362116165, 36.272830305521232 ], [ 127.449457937700828, 36.272894927206167 ], [ 127.449876472546109, 36.273955342988593 ], [ 127.449573804516888, 36.274213592389657 ], [ 127.449388909500058, 36.274723738810657 ], [ 127.45005373589126, 36.275485553994827 ], [ 127.450367840642571, 36.275857805467872 ], [ 127.450391896197104, 36.276200721375858 ], [ 127.450527421878505, 36.276424101143711 ], [ 127.450636596003662, 36.276599420791712 ], [ 127.45046312978053, 36.277313128745263 ], [ 127.450020003258118, 36.277857471447085 ], [ 127.450108604725202, 36.278144668736019 ], [ 127.450358051159711, 36.278370432894128 ], [ 127.450418782269651, 36.278618308024832 ], [ 127.450642555805572, 36.278762782626863 ], [ 127.450789868499442, 36.278855167672425 ], [ 127.450875244124177, 36.279006073420398 ], [ 127.450936210127281, 36.279113985565026 ], [ 127.451043357938417, 36.27930001834595 ], [ 127.451322272535975, 36.279777999202224 ], [ 127.451642104368574, 36.279871978064861 ], [ 127.451361664962761, 36.28000539819876 ], [ 127.450904503337327, 36.280227058285625 ], [ 127.450607472355244, 36.280470365425806 ], [ 127.450344748841985, 36.280693266585125 ], [ 127.450209027225824, 36.280862746564104 ], [ 127.449847328859221, 36.281326803376061 ], [ 127.45017570453858, 36.281574801238946 ], [ 127.450301969934586, 36.281909448012847 ], [ 127.450319828712026, 36.282143686915333 ], [ 127.449972819596454, 36.282255950656022 ], [ 127.449552222858458, 36.282243162491064 ], [ 127.449411375067797, 36.282338313669655 ], [ 127.449363388026185, 36.282370881684876 ], [ 127.449019309689717, 36.282603096316571 ], [ 127.448937372894008, 36.282658879348986 ], [ 127.448971349169327, 36.282761261056308 ], [ 127.448974884559021, 36.282772233169815 ], [ 127.448869385451104, 36.28284387491022 ], [ 127.448820014727019, 36.282879827294842 ], [ 127.448803548915919, 36.282920162466588 ], [ 127.448569522991178, 36.283266864103886 ], [ 127.448476902737099, 36.283401260337612 ], [ 127.448371019080454, 36.283559920674158 ], [ 127.448270342575569, 36.283868670421612 ], [ 127.448321526356338, 36.28402956447173 ], [ 127.448397207326963, 36.284279916845342 ], [ 127.448524584326108, 36.284474320140177 ], [ 127.448733762785096, 36.284801349899951 ], [ 127.448824099571382, 36.284935620709007 ], [ 127.448852008823692, 36.285010431086818 ], [ 127.448892220573768, 36.285109121659282 ], [ 127.448904110403575, 36.285119215407853 ], [ 127.449022333993398, 36.285234520100886 ], [ 127.449178556410885, 36.285271388236112 ], [ 127.449505582877748, 36.285343104699834 ], [ 127.449718022944836, 36.285386799684773 ], [ 127.449733547735534, 36.285394068055673 ], [ 127.449845815809056, 36.285501229591432 ], [ 127.450088722712792, 36.285581983196593 ], [ 127.45046786327714, 36.285701660359834 ], [ 127.450550392656396, 36.285807238663274 ], [ 127.450772224391812, 36.286094781767176 ], [ 127.45079461969344, 36.286057803478577 ], [ 127.450792135733721, 36.286018665725123 ], [ 127.450770535266287, 36.28592243819859 ], [ 127.450805344240024, 36.285955813139772 ], [ 127.450828050478151, 36.286095410105887 ], [ 127.450915878182556, 36.286154224239674 ], [ 127.451026251436232, 36.286202247586381 ], [ 127.45106836313272, 36.286206595153104 ], [ 127.451198745746936, 36.286226660727301 ], [ 127.451439200477694, 36.286182103259776 ], [ 127.451519836040333, 36.286201796924686 ], [ 127.45158906623918, 36.286293906905236 ], [ 127.451613242534123, 36.286293815905672 ], [ 127.451613931500887, 36.286413786865396 ], [ 127.451603930764634, 36.286459442034392 ], [ 127.451557820861609, 36.286516786185118 ], [ 127.45155749437167, 36.286611131520097 ], [ 127.451594733792319, 36.286645064819048 ], [ 127.451621140267989, 36.286668900654988 ], [ 127.451633263567487, 36.286752493154118 ], [ 127.451666278521799, 36.286806727800574 ], [ 127.451628956767109, 36.286909656414053 ], [ 127.451608236349472, 36.286966895993622 ], [ 127.45150895723566, 36.287215102013661 ], [ 127.451466135841088, 36.287329595329091 ], [ 127.451638908208309, 36.287522130128586 ], [ 127.451751116915119, 36.287647034192986 ], [ 127.451850363100974, 36.28775733385055 ], [ 127.451898951238263, 36.287797983122474 ], [ 127.452054668031565, 36.287927787617441 ], [ 127.452186260481326, 36.28803768574339 ], [ 127.452248826073784, 36.288089267520014 ], [ 127.452485967581239, 36.288284379082633 ], [ 127.452557792297824, 36.288343243319133 ], [ 127.452762076243744, 36.288511452002723 ], [ 127.452892531024901, 36.288541374296912 ], [ 127.453114754111994, 36.288592632181292 ], [ 127.453323072978947, 36.288643662824718 ], [ 127.453740864852548, 36.288646589347998 ], [ 127.45409876076306, 36.28881955864081 ], [ 127.454394388711933, 36.288959806720534 ], [ 127.454495481596922, 36.288938020875086 ], [ 127.454811663464696, 36.288901902113615 ], [ 127.454960901978779, 36.288993986109602 ], [ 127.455015623207217, 36.28907263143131 ], [ 127.455043472158764, 36.289106887624293 ], [ 127.455110882040856, 36.289244899265633 ], [ 127.455262153983682, 36.289326566587945 ], [ 127.455248328840824, 36.289582318540326 ], [ 127.455286139105951, 36.289683557280561 ], [ 127.455312767889708, 36.28974541202421 ], [ 127.455334989579626, 36.289978515800527 ], [ 127.455331361582395, 36.290072864595096 ], [ 127.455485994861618, 36.290346297955665 ], [ 127.455442482259855, 36.290490642167818 ], [ 127.455406007277816, 36.290620045197812 ], [ 127.455360784012214, 36.290768910755702 ], [ 127.455371006242416, 36.290913627715682 ], [ 127.455304666707022, 36.29111072318041 ], [ 127.455288331398691, 36.29117330870168 ], [ 127.455061969286078, 36.291310470269231 ], [ 127.455033623129268, 36.29143279514814 ], [ 127.45525096668031, 36.291689373206232 ], [ 127.455372418781522, 36.291816761960519 ], [ 127.455605842585712, 36.292056660646203 ], [ 127.455802707218453, 36.292111677550579 ], [ 127.455947296479877, 36.292149428048198 ], [ 127.455970591508361, 36.292177501226902 ], [ 127.45611304825529, 36.292358041775884 ], [ 127.456119916164553, 36.292643850301495 ], [ 127.456123292233428, 36.292715372722547 ], [ 127.45621181168174, 36.29280318003935 ], [ 127.456228627050834, 36.29279269851164 ], [ 127.456401160112151, 36.292970582997249 ], [ 127.456571788942483, 36.293297736042049 ], [ 127.45703489388292, 36.293791339331094 ], [ 127.457066486412415, 36.293839098374498 ], [ 127.457220302899984, 36.293998461710764 ], [ 127.457522085095491, 36.294176140224074 ], [ 127.457854285003322, 36.293574465247097 ], [ 127.458230489386992, 36.293151170966539 ], [ 127.458324887513498, 36.292994231254902 ], [ 127.45835047484394, 36.292907395431442 ], [ 127.458365110891322, 36.292851574819728 ], [ 127.458752151701958, 36.292827007279406 ] ] ] ] } },
{ "type": "Feature", "properties": { "EMD_CD": "30110138", "EMD_ENG_NM": "Isa-dong", "EMD_KOR_NM": "이사동" }, "geometry": { "type": "MultiPolygon", "coordinates": [ [ [ [ 127.447304670335242, 36.295688380425901 ], [ 127.447314312549082, 36.295579077042774 ], [ 127.447344075713474, 36.294848446769635 ], [ 127.447122962828516, 36.29420211032668 ], [ 127.447892273589574, 36.293126283782648 ], [ 127.448003062821556, 36.292972391001285 ], [ 127.44801480144443, 36.292803376837604 ], [ 127.448043428904427, 36.292394361716056 ], [ 127.448065064926539, 36.292284166320613 ], [ 127.448142269634388, 36.292097442838582 ], [ 127.448610109520175, 36.292026700424437 ], [ 127.448924216695062, 36.292084669623669 ], [ 127.449220826663421, 36.292427411772536 ], [ 127.44932538746923, 36.292522490705736 ], [ 127.449330584266662, 36.292520218304752 ], [ 127.449478490288342, 36.292651740485894 ], [ 127.449523512760791, 36.292707048137402 ], [ 127.449891519198317, 36.293489690932184 ], [ 127.450286517090248, 36.293638597107851 ], [ 127.450860536914632, 36.293854129057266 ], [ 127.45090348046034, 36.29384946178871 ], [ 127.450907849371134, 36.29385423060657 ], [ 127.451007412069984, 36.293836112225463 ], [ 127.451564162134076, 36.293678285894934 ], [ 127.451597907556462, 36.293708014794952 ], [ 127.451946602445446, 36.293607572472837 ], [ 127.452133089784482, 36.293642628412087 ], [ 127.45242496791073, 36.293763195651223 ], [ 127.452899462357436, 36.293368267791351 ], [ 127.452977967223021, 36.293378109615212 ], [ 127.453674007633978, 36.293488685056978 ], [ 127.45391387248894, 36.29351959821836 ], [ 127.455294155262493, 36.293440020851676 ], [ 127.456005913195099, 36.292929847964558 ], [ 127.45621181168174, 36.29280318003935 ], [ 127.456123292233428, 36.292715372722547 ], [ 127.456119916164553, 36.292643850301495 ], [ 127.45611304825529, 36.292358041775884 ], [ 127.455970591508361, 36.292177501226902 ], [ 127.455947296479877, 36.292149428048198 ], [ 127.455802707218453, 36.292111677550579 ], [ 127.455605842585712, 36.292056660646203 ], [ 127.455372418781522, 36.291816761960519 ], [ 127.45525096668031, 36.291689373206232 ], [ 127.455033623129268, 36.29143279514814 ], [ 127.455061969286078, 36.291310470269231 ], [ 127.455288331398691, 36.29117330870168 ], [ 127.455304666707022, 36.29111072318041 ], [ 127.455371006242416, 36.290913627715682 ], [ 127.455360784012214, 36.290768910755702 ], [ 127.455406007277816, 36.290620045197812 ], [ 127.455442482259855, 36.290490642167818 ], [ 127.455485994861618, 36.290346297955665 ], [ 127.455331361582395, 36.290072864595096 ], [ 127.455334989579626, 36.289978515800527 ], [ 127.455312767889708, 36.28974541202421 ], [ 127.455286139105951, 36.289683557280561 ], [ 127.455248328840824, 36.289582318540326 ], [ 127.455262153983682, 36.289326566587945 ], [ 127.455110882040856, 36.289244899265633 ], [ 127.455043472158764, 36.289106887624293 ], [ 127.455015623207217, 36.28907263143131 ], [ 127.454960901978779, 36.288993986109602 ], [ 127.454811663464696, 36.288901902113615 ], [ 127.454495481596922, 36.288938020875086 ], [ 127.454394388711933, 36.288959806720534 ], [ 127.45409876076306, 36.28881955864081 ], [ 127.453740864852548, 36.288646589347998 ], [ 127.453323072978947, 36.288643662824718 ], [ 127.453114754111994, 36.288592632181292 ], [ 127.452892531024901, 36.288541374296912 ], [ 127.452762076243744, 36.288511452002723 ], [ 127.452557792297824, 36.288343243319133 ], [ 127.452485967581239, 36.288284379082633 ], [ 127.452248826073784, 36.288089267520014 ], [ 127.452186260481326, 36.28803768574339 ], [ 127.452054668031565, 36.287927787617441 ], [ 127.451898951238263, 36.287797983122474 ], [ 127.451850363100974, 36.28775733385055 ], [ 127.451751116915119, 36.287647034192986 ], [ 127.451638908208309, 36.287522130128586 ], [ 127.451466135841088, 36.287329595329091 ], [ 127.45150895723566, 36.287215102013661 ], [ 127.451608236349472, 36.286966895993622 ], [ 127.451628956767109, 36.286909656414053 ], [ 127.451666278521799, 36.286806727800574 ], [ 127.451633263567487, 36.286752493154118 ], [ 127.451621140267989, 36.286668900654988 ], [ 127.451594733792319, 36.286645064819048 ], [ 127.45155749437167, 36.286611131520097 ], [ 127.451557820861609, 36.286516786185118 ], [ 127.451603930764634, 36.286459442034392 ], [ 127.451613931500887, 36.286413786865396 ], [ 127.451613242534123, 36.286293815905672 ], [ 127.45158906623918, 36.286293906905236 ], [ 127.451519836040333, 36.286201796924686 ], [ 127.451439200477694, 36.286182103259776 ], [ 127.451198745746936, 36.286226660727301 ], [ 127.45106836313272, 36.286206595153104 ], [ 127.451026251436232, 36.286202247586381 ], [ 127.450915878182556, 36.286154224239674 ], [ 127.450828050478151, 36.286095410105887 ], [ 127.450805344240024, 36.285955813139772 ], [ 127.450770535266287, 36.28592243819859 ], [ 127.450792135733721, 36.286018665725123 ], [ 127.45079461969344, 36.286057803478577 ], [ 127.450772224391812, 36.286094781767176 ], [ 127.450550392656396, 36.285807238663274 ], [ 127.45046786327714, 36.285701660359834 ], [ 127.450088722712792, 36.285581983196593 ], [ 127.449845815809056, 36.285501229591432 ], [ 127.449733547735534, 36.285394068055673 ], [ 127.449718022944836, 36.285386799684773 ], [ 127.449505582877748, 36.285343104699834 ], [ 127.449178556410885, 36.285271388236112 ], [ 127.449022333993398, 36.285234520100886 ], [ 127.448904110403575, 36.285119215407853 ], [ 127.448892220573768, 36.285109121659282 ], [ 127.448852008823692, 36.285010431086818 ], [ 127.448824099571382, 36.284935620709007 ], [ 127.448733762785096, 36.284801349899951 ], [ 127.448524584326108, 36.284474320140177 ], [ 127.448397207326963, 36.284279916845342 ], [ 127.448321526356338, 36.28402956447173 ], [ 127.448270342575569, 36.283868670421612 ], [ 127.448371019080454, 36.283559920674158 ], [ 127.448476902737099, 36.283401260337612 ], [ 127.448569522991178, 36.283266864103886 ], [ 127.448803548915919, 36.282920162466588 ], [ 127.448820014727019, 36.282879827294842 ], [ 127.448869385451104, 36.28284387491022 ], [ 127.448974884559021, 36.282772233169815 ], [ 127.448971349169327, 36.282761261056308 ], [ 127.448937372894008, 36.282658879348986 ], [ 127.449019309689717, 36.282603096316571 ], [ 127.449363388026185, 36.282370881684876 ], [ 127.449411375067797, 36.282338313669655 ], [ 127.449552222858458, 36.282243162491064 ], [ 127.449972819596454, 36.282255950656022 ], [ 127.450319828712026, 36.282143686915333 ], [ 127.450301969934586, 36.281909448012847 ], [ 127.45017570453858, 36.281574801238946 ], [ 127.449847328859221, 36.281326803376061 ], [ 127.450209027225824, 36.280862746564104 ], [ 127.450344748841985, 36.280693266585125 ], [ 127.450607472355244, 36.280470365425806 ], [ 127.450904503337327, 36.280227058285625 ], [ 127.451361664962761, 36.28000539819876 ], [ 127.451642104368574, 36.279871978064861 ], [ 127.451322272535975, 36.279777999202224 ], [ 127.451043357938417, 36.27930001834595 ], [ 127.450936210127281, 36.279113985565026 ], [ 127.450875244124177, 36.279006073420398 ], [ 127.450789868499442, 36.278855167672425 ], [ 127.450642555805572, 36.278762782626863 ], [ 127.450418782269651, 36.278618308024832 ], [ 127.450358051159711, 36.278370432894128 ], [ 127.450108604725202, 36.278144668736019 ], [ 127.450020003258118, 36.277857471447085 ], [ 127.45046312978053, 36.277313128745263 ], [ 127.450636596003662, 36.276599420791712 ], [ 127.450527421878505, 36.276424101143711 ], [ 127.450391896197104, 36.276200721375858 ], [ 127.450367840642571, 36.275857805467872 ], [ 127.45005373589126, 36.275485553994827 ], [ 127.449388909500058, 36.274723738810657 ], [ 127.449573804516888, 36.274213592389657 ], [ 127.449876472546109, 36.273955342988593 ], [ 127.449457937700828, 36.272894927206167 ], [ 127.449344362116165, 36.272830305521232 ], [ 127.449053371849573, 36.272665514953729 ], [ 127.448666488299551, 36.272702729861422 ], [ 127.447157748955604, 36.272848044001599 ], [ 127.44691023081667, 36.272898251505865 ], [ 127.446171742160331, 36.272384507262231 ], [ 127.445612421193573, 36.272370256181418 ], [ 127.445234568387107, 36.271727874909239 ], [ 127.445150323392809, 36.271344627885803 ], [ 127.444068243834266, 36.271197689520868 ], [ 127.443255922260562, 36.270688994473772 ], [ 127.443014544185189, 36.270686497350731 ], [ 127.44297704969884, 36.270512320774699 ], [ 127.441696810251642, 36.269910717541592 ], [ 127.441459873942875, 36.269800906576194 ], [ 127.440426247265805, 36.269917072336824 ], [ 127.440118331389797, 36.270173064345173 ], [ 127.439444665891287, 36.270449554447673 ], [ 127.439388712719946, 36.270549727081601 ], [ 127.43935184932738, 36.270736297904477 ], [ 127.439330840052307, 36.270836351586176 ], [ 127.439067825140853, 36.271036979295808 ], [ 127.438854148428348, 36.271200531758552 ], [ 127.438739935410666, 36.271360908576362 ], [ 127.438520268522595, 36.271695994657769 ], [ 127.438261918922549, 36.271738050167265 ], [ 127.437797354931249, 36.272437600480728 ], [ 127.437969946946993, 36.272861651109267 ], [ 127.437774621950382, 36.273228467532725 ], [ 127.437641552941997, 36.273253167540666 ], [ 127.4373344097027, 36.273275699220981 ], [ 127.436985624154104, 36.273629555809272 ], [ 127.4370111961601, 36.274005704660041 ], [ 127.437014264475906, 36.274215496812118 ], [ 127.436965407399555, 36.274404075051628 ], [ 127.43691149937824, 36.274434686093251 ], [ 127.436731775799132, 36.274544040400336 ], [ 127.43666006701514, 36.274940828778618 ], [ 127.435591872614879, 36.275110860983602 ], [ 127.433620482554517, 36.275633645448146 ], [ 127.433220112815192, 36.277551221304108 ], [ 127.432953605067766, 36.277694397977179 ], [ 127.432872966338707, 36.278242154439823 ], [ 127.432710557692317, 36.278339337402862 ], [ 127.432615680646251, 36.278320241059191 ], [ 127.432569097265684, 36.278388285694746 ], [ 127.432208604933777, 36.278930849974962 ], [ 127.432237822242755, 36.279151812657574 ], [ 127.43228050479614, 36.279260926714876 ], [ 127.432860478964429, 36.279510607167907 ], [ 127.43318287719957, 36.279884838384739 ], [ 127.433829898155835, 36.280183269068822 ], [ 127.433922616977128, 36.2802505221537 ], [ 127.434083004575115, 36.280446227564205 ], [ 127.434432966839438, 36.280646320229415 ], [ 127.434529990369441, 36.280704824841649 ], [ 127.435066154644488, 36.281301327019456 ], [ 127.435224228865692, 36.281456206898568 ], [ 127.43535260925421, 36.281587250005721 ], [ 127.435214251969825, 36.281759263930809 ], [ 127.434757395617027, 36.282360482184778 ], [ 127.434682000039061, 36.282375120082499 ], [ 127.43417301923273, 36.28248172455794 ], [ 127.434063660892079, 36.282550267195212 ], [ 127.433817041818173, 36.282708017905932 ], [ 127.433602543558408, 36.282728231546272 ], [ 127.433226383261612, 36.28276451076794 ], [ 127.433093977792836, 36.282943250556187 ], [ 127.433049922663827, 36.283028174267983 ], [ 127.432993549490121, 36.283055133639451 ], [ 127.432451045417267, 36.283329416622102 ], [ 127.43242156060856, 36.283629164250698 ], [ 127.431517706939786, 36.284452488967275 ], [ 127.431262184430224, 36.284448054557586 ], [ 127.430919008264965, 36.284726399301988 ], [ 127.430828168014386, 36.28519365226348 ], [ 127.430774989733933, 36.286282005136393 ], [ 127.430358721296301, 36.286650728252887 ], [ 127.430311659646577, 36.286695676492862 ], [ 127.430243746444745, 36.286902911273522 ], [ 127.430018258291383, 36.287077475397027 ], [ 127.429745052918037, 36.287499195455851 ], [ 127.429623431611617, 36.287584674985318 ], [ 127.429404088673095, 36.287549980768318 ], [ 127.429194610793644, 36.287601421368109 ], [ 127.429004059470969, 36.287549437997924 ], [ 127.42879536971293, 36.287618898613125 ], [ 127.428738295476435, 36.287677399657603 ], [ 127.428597783826447, 36.287840672114612 ], [ 127.428332665749181, 36.287895409970346 ], [ 127.428167704736182, 36.287945563392078 ], [ 127.42813589301268, 36.287947929836754 ], [ 127.427982102513596, 36.288068731435501 ], [ 127.427929253249673, 36.288169455167392 ], [ 127.427914304848358, 36.288235123136523 ], [ 127.427897035572641, 36.288320237756196 ], [ 127.427756446445059, 36.288406350761313 ], [ 127.42731037062407, 36.288608163440941 ], [ 127.427120659105256, 36.289352597775384 ], [ 127.427339471509754, 36.289866615710224 ], [ 127.427361721709119, 36.289993259877612 ], [ 127.42738030564432, 36.290244117204914 ], [ 127.427378841579838, 36.290421257616202 ], [ 127.427359063779946, 36.290624660438318 ], [ 127.427419874902256, 36.290964349465455 ], [ 127.42759382682199, 36.291190717963104 ], [ 127.427587524331273, 36.291374634409102 ], [ 127.427664298536115, 36.291484754873416 ], [ 127.42771497345116, 36.291589615332867 ], [ 127.427854243740668, 36.291996621594251 ], [ 127.427925956102015, 36.291941448210153 ], [ 127.428190702502192, 36.291977397912234 ], [ 127.428225762377934, 36.291994737587302 ], [ 127.428419926497895, 36.292131753199484 ], [ 127.429220499335003, 36.291769827647592 ], [ 127.430038156575236, 36.291416847268785 ], [ 127.431267048501667, 36.29132964572252 ], [ 127.432631302763596, 36.290870487870983 ], [ 127.433003276090858, 36.29091983727249 ], [ 127.433050844034014, 36.290934309715453 ], [ 127.433663125841619, 36.291192592290045 ], [ 127.433825206928162, 36.291094003513813 ], [ 127.434227760728405, 36.291294464847518 ], [ 127.434497608614109, 36.29162298489284 ], [ 127.434512490329212, 36.291673054398544 ], [ 127.434529656970696, 36.291725656942816 ], [ 127.434658469191035, 36.292089040082949 ], [ 127.434662921104632, 36.292109021044197 ], [ 127.434721206898089, 36.29226989503681 ], [ 127.434936588069078, 36.29249722007804 ], [ 127.435003930642864, 36.292566537695521 ], [ 127.435208775110993, 36.292649721349434 ], [ 127.435230198289347, 36.29265668182336 ], [ 127.435361306113947, 36.292709997348076 ], [ 127.435833671500362, 36.292701803010495 ], [ 127.435926562915924, 36.292829315330529 ], [ 127.435956011984558, 36.292870328972683 ], [ 127.435969125663405, 36.292882393123456 ], [ 127.437183983549957, 36.2925186289877 ], [ 127.437780352755325, 36.292727383658594 ], [ 127.438293192811415, 36.293270154762581 ], [ 127.438925990931622, 36.293924852357399 ], [ 127.438875391786084, 36.293990093295747 ], [ 127.438826109705531, 36.294073920640422 ], [ 127.439631755717372, 36.294530850001578 ], [ 127.440104163643113, 36.294900285044925 ], [ 127.440796372538884, 36.295164158256135 ], [ 127.440807795439042, 36.295682571258673 ], [ 127.441217345458782, 36.296687849341851 ], [ 127.441645601294169, 36.296811870354077 ], [ 127.441694043715287, 36.296517404393938 ], [ 127.441796981049308, 36.296417337426362 ], [ 127.442312237517072, 36.295927957431843 ], [ 127.44246323678162, 36.295868256542363 ], [ 127.442595361623972, 36.295825531132891 ], [ 127.443226384624239, 36.295600440173168 ], [ 127.44433874942824, 36.295844427981912 ], [ 127.445410764029802, 36.296211908013809 ], [ 127.445562504586491, 36.296251897421328 ], [ 127.445777358432991, 36.296258984560843 ], [ 127.44584231574899, 36.29627056659298 ], [ 127.445882920436986, 36.296285059777418 ], [ 127.445878860806644, 36.29630338673423 ], [ 127.446019426429402, 36.296400587610457 ], [ 127.4461010345712, 36.296466457438321 ], [ 127.446130376846313, 36.296487471861013 ], [ 127.446177138179692, 36.296511800900063 ], [ 127.44630201834029, 36.296693256513649 ], [ 127.446366324683453, 36.296776375917652 ], [ 127.446436268960397, 36.296809350977085 ], [ 127.446654373036864, 36.296896403680286 ], [ 127.446688337710583, 36.296751242192194 ], [ 127.446719294658251, 36.296597927249252 ], [ 127.446937688880269, 36.296459964080569 ], [ 127.447036970374583, 36.29629963568425 ], [ 127.447106028118995, 36.296239396156942 ], [ 127.447173223849788, 36.29618845464023 ], [ 127.447283886655597, 36.296070042302539 ], [ 127.44728437151538, 36.296065255257524 ], [ 127.447284981788414, 36.296017941313728 ], [ 127.447280717811466, 36.295972898478745 ], [ 127.447304670335242, 36.295688380425901 ] ] ] ] } },
{ "type": "Feature", "properties": { "EMD_CD": "30110139", "EMD_ENG_NM": "Daeseong-dong", "EMD_KOR_NM": "대성동" }, "geometry": { "type": "MultiPolygon", "coordinates": [ [ [ [ 127.455507904444232, 36.301324582224936 ], [ 127.455606988130569, 36.301285761871959 ], [ 127.455766854784088, 36.301223126799187 ], [ 127.455817987172836, 36.301199637177447 ], [ 127.455919696022264, 36.301256439126107 ], [ 127.456266820492701, 36.30145600889476 ], [ 127.456319355049303, 36.301482267514324 ], [ 127.456349800399849, 36.301504554866703 ], [ 127.45637977603424, 36.301526474517097 ], [ 127.456406856346078, 36.301546359512287 ], [ 127.456462526411073, 36.301587232183429 ], [ 127.456471493538729, 36.301593812673865 ], [ 127.456502296804047, 36.301616368976724 ], [ 127.456549835661974, 36.301646972137874 ], [ 127.456562760503502, 36.301662143764581 ], [ 127.456570208682763, 36.301673641424053 ], [ 127.456584801732689, 36.301696169285783 ], [ 127.456511815332888, 36.301761962381015 ], [ 127.456417344702146, 36.301847482759541 ], [ 127.456323538189082, 36.301932369715082 ], [ 127.456205256487152, 36.302039608664757 ], [ 127.456212352569082, 36.302072925092915 ], [ 127.456056873837639, 36.30219742765113 ], [ 127.455992111467339, 36.30226084610841 ], [ 127.45588054844481, 36.302374908111197 ], [ 127.455809738321221, 36.302451416466425 ], [ 127.455782186553037, 36.302480809289953 ], [ 127.458487585556483, 36.30436593657862 ], [ 127.458636827690711, 36.304469992212432 ], [ 127.458976580351646, 36.303680166289979 ], [ 127.459099610476514, 36.303738001360969 ], [ 127.459861238981247, 36.304095823404687 ], [ 127.459972521145673, 36.303934357109974 ], [ 127.460005747253973, 36.303885476234036 ], [ 127.460155048417576, 36.303638162403836 ], [ 127.460187798347661, 36.303584056498892 ], [ 127.460242930917872, 36.303492646258967 ], [ 127.460320190960076, 36.303500965003202 ], [ 127.460407724905778, 36.303353043940945 ], [ 127.460494923625404, 36.303368371597507 ], [ 127.460733957743983, 36.303451370919809 ], [ 127.460841954047709, 36.303438204450266 ], [ 127.461042422728426, 36.303418842885442 ], [ 127.461400383644815, 36.303380013719497 ], [ 127.461400495136587, 36.30338004032582 ], [ 127.461477398508791, 36.303401561878793 ], [ 127.461854171397007, 36.303517489507691 ], [ 127.461896377165161, 36.303530475102427 ], [ 127.462213157267371, 36.303531769096153 ], [ 127.46244102875653, 36.303380512055249 ], [ 127.463616110594174, 36.303199688471814 ], [ 127.464076319123421, 36.302828986612838 ], [ 127.464160191525039, 36.302863582533121 ], [ 127.464813777334641, 36.303160123816859 ], [ 127.465183386694861, 36.303325416932694 ], [ 127.465397054875126, 36.303422022883204 ], [ 127.465606344904941, 36.303512454386613 ], [ 127.46575317853808, 36.303601433854595 ], [ 127.465971385015393, 36.303729003466941 ], [ 127.466205707965528, 36.303932550990623 ], [ 127.466430800831873, 36.304135845562755 ], [ 127.46676647559579, 36.304181851299205 ], [ 127.467090006261827, 36.304175806592916 ], [ 127.467389266302717, 36.304123102753344 ], [ 127.46762211825417, 36.304080515919509 ], [ 127.467980288014473, 36.304018857563882 ], [ 127.468144325890592, 36.303988082208988 ], [ 127.468199937192026, 36.303890709715866 ], [ 127.468372216029309, 36.303578285414773 ], [ 127.468407323575335, 36.303515345589275 ], [ 127.468615938111682, 36.303404137054486 ], [ 127.468864092227605, 36.303271370746472 ], [ 127.469018409041283, 36.303186570842172 ], [ 127.469242928772559, 36.30282690876647 ], [ 127.469403845830669, 36.302564939001897 ], [ 127.470334665509313, 36.302704074375029 ], [ 127.470700323110194, 36.302527758357584 ], [ 127.470998494752266, 36.302384085389342 ], [ 127.471193121168753, 36.302291797846266 ], [ 127.471315893494264, 36.302225701079358 ], [ 127.47166876396075, 36.302008311832012 ], [ 127.4719013530121, 36.301864056405279 ], [ 127.472102336305625, 36.301844394924942 ], [ 127.472380134044869, 36.301814571773399 ], [ 127.472578318589399, 36.301792388220584 ], [ 127.472698680335625, 36.301733058328757 ], [ 127.473113373424681, 36.301525838714767 ], [ 127.473663837634234, 36.301247123210722 ], [ 127.473741545059411, 36.301182049015161 ], [ 127.474136950916773, 36.300836626061468 ], [ 127.47436139985733, 36.300671274532796 ], [ 127.474997948767779, 36.300332221309318 ], [ 127.475137319497904, 36.300252257924981 ], [ 127.47537914039188, 36.300112176647438 ], [ 127.475639873592442, 36.299964422994996 ], [ 127.476006168025492, 36.299869761534566 ], [ 127.476300221408167, 36.29979565323341 ], [ 127.476729715991965, 36.299680732527086 ], [ 127.476866066126519, 36.299648370079602 ], [ 127.477234553067717, 36.299570584125263 ], [ 127.477303324440399, 36.299550881180039 ], [ 127.477690973005735, 36.299565108430315 ], [ 127.478418988085537, 36.299597127166884 ], [ 127.479258167597777, 36.299629265062016 ], [ 127.479683545273019, 36.299896789945322 ], [ 127.479677189160384, 36.299539437248292 ], [ 127.479809219678714, 36.299055096438501 ], [ 127.479735615548762, 36.298822771086805 ], [ 127.479640711222245, 36.29852238415647 ], [ 127.479688675131683, 36.298229311096541 ], [ 127.479740687251478, 36.297886377926837 ], [ 127.479692080457895, 36.297504979574079 ], [ 127.479657817797658, 36.297162670778533 ], [ 127.479554934586375, 36.296979188759067 ], [ 127.479663531294662, 36.296759940631453 ], [ 127.479858215357197, 36.296367430877282 ], [ 127.480161798048229, 36.295975331990618 ], [ 127.480463759907849, 36.295520724408412 ], [ 127.480898435309769, 36.294863658065445 ], [ 127.480721618991979, 36.294224533607029 ], [ 127.480716677731891, 36.294013624705137 ], [ 127.48070279407905, 36.293676578302623 ], [ 127.480696540685102, 36.293478633517424 ], [ 127.480581412846874, 36.293311242224263 ], [ 127.480439176297367, 36.293119753870911 ], [ 127.480153072686107, 36.292496836594459 ], [ 127.479946611755921, 36.292041722930399 ], [ 127.479376074821161, 36.290783487155913 ], [ 127.479132424048132, 36.290617464051152 ], [ 127.478871898155049, 36.290449534240629 ], [ 127.478762142451288, 36.290192290579455 ], [ 127.478687107663944, 36.290010102238234 ], [ 127.478476173078093, 36.289816064862308 ], [ 127.478388607502652, 36.289718411403598 ], [ 127.478484078176251, 36.289342637390838 ], [ 127.47836763582697, 36.289187928581846 ], [ 127.478494663849688, 36.288824978554274 ], [ 127.478125955988531, 36.288114809197978 ], [ 127.477513421938994, 36.28803472855644 ], [ 127.477302033674874, 36.288138646218705 ], [ 127.476575333708226, 36.288190253056136 ], [ 127.476003637896994, 36.287990047052389 ], [ 127.475914398229278, 36.287958860017383 ], [ 127.475554079772905, 36.287825103766934 ], [ 127.474278561940835, 36.287000234571828 ], [ 127.47398208166085, 36.28689495058633 ], [ 127.473844217399716, 36.286846218984074 ], [ 127.473207244849519, 36.287212294386144 ], [ 127.472916593230892, 36.287267231707524 ], [ 127.472204310295083, 36.287170061254898 ], [ 127.471605077042469, 36.286493725534072 ], [ 127.471342006163738, 36.286535032970988 ], [ 127.47044704077193, 36.286339999100164 ], [ 127.46995785251724, 36.286262216560594 ], [ 127.469237597763339, 36.286227871524616 ], [ 127.468538200459051, 36.286191178738299 ], [ 127.468480633915263, 36.28624969157805 ], [ 127.468461301200946, 36.286362134623268 ], [ 127.468428690899842, 36.28655150877281 ], [ 127.468376401251831, 36.286531715858906 ], [ 127.4682854076692, 36.286526718108604 ], [ 127.46822124740298, 36.286500501024747 ], [ 127.468173760337464, 36.286528280344413 ], [ 127.468049862243234, 36.286429643533232 ], [ 127.46797107934708, 36.286226339329822 ], [ 127.467866488068296, 36.285982582829789 ], [ 127.467798910272052, 36.285937508230582 ], [ 127.467740941875263, 36.285898587201409 ], [ 127.467670750146112, 36.285853802084624 ], [ 127.467557049224339, 36.285801868962679 ], [ 127.467383945539865, 36.285821684459428 ], [ 127.467052762069173, 36.285933936010061 ], [ 127.466795311580455, 36.28575019707236 ], [ 127.466467369890992, 36.285851728426515 ], [ 127.466126102201997, 36.285846016710067 ], [ 127.465990763248882, 36.285871045446719 ], [ 127.46579583754783, 36.285907002354719 ], [ 127.465665948678179, 36.285912571208065 ], [ 127.465449995767656, 36.285922141646374 ], [ 127.465395395197604, 36.285925453516576 ], [ 127.465232405056554, 36.285920173988131 ], [ 127.465224844963515, 36.285964973704125 ], [ 127.465223132452465, 36.285970901068026 ], [ 127.465093505687307, 36.286402841428234 ], [ 127.465101698507951, 36.286404774228153 ], [ 127.465104486239809, 36.286405610525257 ], [ 127.465131652187623, 36.286412264017493 ], [ 127.465134438214264, 36.286412811944381 ], [ 127.465174669612182, 36.286422803188636 ], [ 127.465143977576034, 36.286525710261117 ], [ 127.465141424599295, 36.28653445254934 ], [ 127.465121298944467, 36.286602109722892 ], [ 127.465093671292067, 36.28669430794718 ], [ 127.465092643320716, 36.286697411975766 ], [ 127.465030909270865, 36.286904362898817 ], [ 127.465017208695528, 36.286940454008267 ], [ 127.464920436527905, 36.287193167183993 ], [ 127.464874469203366, 36.287303171552487 ], [ 127.464873450695023, 36.287305996177921 ], [ 127.464828339793513, 36.287414023634476 ], [ 127.464814042727127, 36.287467870182354 ], [ 127.464768782529532, 36.287577033673386 ], [ 127.464767752829644, 36.287579849329418 ], [ 127.464733934217151, 36.287654895042401 ], [ 127.464649463592579, 36.287842216103833 ], [ 127.464647232258415, 36.287847009986635 ], [ 127.464603851747924, 36.287922083682894 ], [ 127.464601084518392, 36.287926609287624 ], [ 127.464537220841365, 36.288037250563605 ], [ 127.464490289534368, 36.288101073276607 ], [ 127.464488215195175, 36.288104181350811 ], [ 127.464407638366183, 36.288214040160248 ], [ 127.464406091662525, 36.288216019721453 ], [ 127.464312055450435, 36.288344512799796 ], [ 127.464291174415109, 36.288373043715382 ], [ 127.463934732185493, 36.288744183862811 ], [ 127.463924977427027, 36.288741689284315 ], [ 127.463920963541682, 36.288740578337702 ], [ 127.463856165864186, 36.28872336412703 ], [ 127.463851460197233, 36.28872197648861 ], [ 127.463822886021987, 36.288714481050427 ], [ 127.463789962386102, 36.288705596587405 ], [ 127.4637859596357, 36.288704485593165 ], [ 127.463766272039123, 36.288699497099479 ], [ 127.463708263327931, 36.288683950772395 ], [ 127.463553750145238, 36.288642868568857 ], [ 127.463557731047871, 36.288581744499353 ], [ 127.463557889170573, 36.288578355469781 ], [ 127.463589963191012, 36.288088217518016 ], [ 127.463595867359956, 36.287998365554714 ], [ 127.46361946444614, 36.287752704105962 ], [ 127.463624882631322, 36.287697486180832 ], [ 127.463628649513396, 36.287658603933053 ], [ 127.463642749540767, 36.287512676194424 ], [ 127.463659558754458, 36.287384473110684 ], [ 127.463674705051886, 36.287270641184278 ], [ 127.463691685618883, 36.287141310959662 ], [ 127.463709252422149, 36.287022684427662 ], [ 127.463736523508814, 36.286839532267166 ], [ 127.463764629413433, 36.286650735509831 ], [ 127.463785707419774, 36.28650843952839 ], [ 127.463829898232035, 36.286304657096331 ], [ 127.46383040809414, 36.286302402186351 ], [ 127.463860542433423, 36.286163171213389 ], [ 127.463884082354738, 36.286055218496067 ], [ 127.463887972001643, 36.286037179945353 ], [ 127.463889152036415, 36.286031543035421 ], [ 127.463809773401906, 36.286019738147004 ], [ 127.463779191833311, 36.286024641616045 ], [ 127.463710041740015, 36.28603532650753 ], [ 127.4636549185917, 36.286067080703191 ], [ 127.463601912202009, 36.286074612107079 ], [ 127.463535356722886, 36.286083601672921 ], [ 127.463512412067601, 36.286086790367882 ], [ 127.463475416743762, 36.286095097947594 ], [ 127.463440510718044, 36.28610283871609 ], [ 127.463392564771112, 36.286113441510757 ], [ 127.463378491386422, 36.28611659591359 ], [ 127.46336269431221, 36.286120027324934 ], [ 127.463142456385341, 36.286141163219071 ], [ 127.463070771595582, 36.286165654524012 ], [ 127.462991344206785, 36.286175819940517 ], [ 127.462966107450896, 36.286143249719188 ], [ 127.462742084150335, 36.286141581719249 ], [ 127.462605411797085, 36.286176740984807 ], [ 127.462500199218525, 36.286208687784558 ], [ 127.462560452067436, 36.286308999641783 ], [ 127.462650929777439, 36.286434526954643 ], [ 127.462689014443868, 36.286639685880381 ], [ 127.462711819003871, 36.286762094708948 ], [ 127.462832998284483, 36.287020156477226 ], [ 127.463076048843845, 36.287534294347111 ], [ 127.463146560430175, 36.28787168352568 ], [ 127.463194740160304, 36.288078200082374 ], [ 127.463127540071099, 36.288274753514067 ], [ 127.463106017557507, 36.288341856999871 ], [ 127.463063988979343, 36.288471004441689 ], [ 127.462974772491833, 36.288826745230395 ], [ 127.462938781310257, 36.288975578019411 ], [ 127.462903714427881, 36.28931168042218 ], [ 127.46289419201085, 36.289409161225045 ], [ 127.46284728126362, 36.289713209434218 ], [ 127.462825345281743, 36.289855787856695 ], [ 127.462766116717532, 36.289988660292259 ], [ 127.462528800845234, 36.290242183861494 ], [ 127.461988252789041, 36.290809754011072 ], [ 127.46154577480354, 36.291137574359141 ], [ 127.461239977928656, 36.291254209001096 ], [ 127.461021314325748, 36.291337561089627 ], [ 127.460998778716103, 36.291350038845508 ], [ 127.46090983181476, 36.291398818764634 ], [ 127.460716515903727, 36.291505170016997 ], [ 127.460564809474093, 36.291588552483176 ], [ 127.460531894907376, 36.29161176694226 ], [ 127.460458807531097, 36.291663865046957 ], [ 127.460289227527454, 36.291784200850486 ], [ 127.460070805189915, 36.291939644258861 ], [ 127.459611298789198, 36.292243866900584 ], [ 127.459216594071577, 36.292503339725265 ], [ 127.459058400006299, 36.292757400566629 ], [ 127.459011727450914, 36.292956396314551 ], [ 127.458966827428597, 36.293161585338432 ], [ 127.458925255890392, 36.293309600100216 ], [ 127.45886969799281, 36.293475962188445 ], [ 127.458413993817786, 36.293628939545762 ], [ 127.458393854309321, 36.293636334040293 ], [ 127.458302039399939, 36.29366935241837 ], [ 127.458234892032976, 36.293698329359337 ], [ 127.458145714679063, 36.293736969883739 ], [ 127.457890576745768, 36.294130802030892 ], [ 127.457702304176934, 36.294447499323987 ], [ 127.457427208780075, 36.29490955340485 ], [ 127.45730690650457, 36.295101790994678 ], [ 127.457220296984403, 36.295253067837344 ], [ 127.457061943088419, 36.295631038041556 ], [ 127.457000677717204, 36.295984703003789 ], [ 127.457004825583624, 36.296368812729405 ], [ 127.457042837249745, 36.296833051986923 ], [ 127.457045590012342, 36.296946535371269 ], [ 127.457015833856772, 36.297094216001192 ], [ 127.456820639296126, 36.297480211405336 ], [ 127.456795342942584, 36.297527619372239 ], [ 127.456636072770721, 36.297777733809262 ], [ 127.456301136654531, 36.298211860199558 ], [ 127.45628181324868, 36.298269942268838 ], [ 127.456280271383505, 36.298274742379036 ], [ 127.456271429506941, 36.298308849397472 ], [ 127.456234159215896, 36.298451205412583 ], [ 127.456171401878919, 36.298698419803692 ], [ 127.456131559920422, 36.298996238051707 ], [ 127.456121275725664, 36.299083024151528 ], [ 127.456099445950386, 36.299338526852949 ], [ 127.456079118488205, 36.299611209212024 ], [ 127.45605671386717, 36.300038225452468 ], [ 127.45603427227536, 36.300217139677777 ], [ 127.456027204359771, 36.300288413338272 ], [ 127.455998644687966, 36.300512373443404 ], [ 127.455990762017962, 36.300610171735471 ], [ 127.455940401490508, 36.300647653724624 ], [ 127.455871632284499, 36.300745611319776 ], [ 127.455802862959644, 36.300843577886525 ], [ 127.455751341118585, 36.300922743486595 ], [ 127.455699830254744, 36.301001900010341 ], [ 127.455643290578621, 36.301098945884569 ], [ 127.455586750711191, 36.301195982719939 ], [ 127.455547322069464, 36.30126028700596 ], [ 127.455507904444232, 36.301324582224936 ] ] ] ] } },
{ "type": "Feature", "properties": { "EMD_CD": "30110140", "EMD_ENG_NM": "Jangcheok-dong", "EMD_KOR_NM": "장척동" }, "geometry": { "type": "MultiPolygon", "coordinates": [ [ [ [ 127.430428251418931, 36.261465079277471 ], [ 127.430952152517577, 36.261280422008205 ], [ 127.431292063446762, 36.261279768867794 ], [ 127.431672866563815, 36.261126605123685 ], [ 127.432359654014334, 36.260242102775742 ], [ 127.43301166877562, 36.26024453765676 ], [ 127.433829499845245, 36.259795788506423 ], [ 127.434460095625127, 36.259825328334792 ], [ 127.435328833725151, 36.25968868879842 ], [ 127.436242142932997, 36.259623984428288 ], [ 127.436283509095077, 36.259621013380091 ], [ 127.43674847381817, 36.259568351623663 ], [ 127.436779755659288, 36.259564858365898 ], [ 127.437417089787928, 36.259493543024334 ], [ 127.438039924525128, 36.259970303069501 ], [ 127.439485856973519, 36.259672133687758 ], [ 127.439689218917451, 36.259629997661477 ], [ 127.439923465280557, 36.259577033058378 ], [ 127.440227804778971, 36.260087616400675 ], [ 127.440398012961325, 36.26039649334124 ], [ 127.440506462929051, 36.260575772676809 ], [ 127.440503884385052, 36.260612108715954 ], [ 127.44063175113223, 36.260842846148712 ], [ 127.440901122824258, 36.260975348731087 ], [ 127.441472101895286, 36.260666280865458 ], [ 127.441512012786376, 36.260651778254939 ], [ 127.441742926558149, 36.260436898292198 ], [ 127.441998858673045, 36.26019122253755 ], [ 127.442095435480354, 36.260112292932881 ], [ 127.442165686328451, 36.260051492855965 ], [ 127.442952084828349, 36.259371581450019 ], [ 127.443234763980229, 36.259120739681194 ], [ 127.443743124149449, 36.259272620638427 ], [ 127.443854772950601, 36.259307696277993 ], [ 127.444379632138478, 36.259178741769865 ], [ 127.444881626810457, 36.259064234530086 ], [ 127.444905419595358, 36.259058802335325 ], [ 127.445114521549499, 36.257850156925009 ], [ 127.445134772670528, 36.257710398843116 ], [ 127.445177178348629, 36.257677015037004 ], [ 127.445249819953261, 36.257610842246791 ], [ 127.445735883147123, 36.257170559692824 ], [ 127.446228303537978, 36.256720113231694 ], [ 127.447176483104215, 36.25708014752297 ], [ 127.448759495159095, 36.257694647672302 ], [ 127.449279360119434, 36.257058497016807 ], [ 127.449542983890495, 36.256733652652805 ], [ 127.450529108504639, 36.25630780597993 ], [ 127.450632349722838, 36.256271929897729 ], [ 127.45082547565238, 36.25620531029611 ], [ 127.451740812087763, 36.255898278831552 ], [ 127.452766524314114, 36.255559291721809 ], [ 127.453594222162863, 36.255192314729136 ], [ 127.454317309870532, 36.254865722446667 ], [ 127.454367354766887, 36.254951983248276 ], [ 127.454382796437386, 36.254974742679593 ], [ 127.454393451948704, 36.254983714143279 ], [ 127.454400133654858, 36.254967350441888 ], [ 127.454465425371112, 36.254894161665469 ], [ 127.454539958136493, 36.254795037924495 ], [ 127.454678521910211, 36.254795639539132 ], [ 127.455048084557049, 36.254726641344739 ], [ 127.455349818824359, 36.254682699863238 ], [ 127.455792870421746, 36.254724941622094 ], [ 127.45592247608694, 36.254738814158884 ], [ 127.455918100147883, 36.254705604255264 ], [ 127.455908097327324, 36.254628753527939 ], [ 127.455879263302265, 36.253851594764527 ], [ 127.456033574569929, 36.253330585667641 ], [ 127.455514838685431, 36.252734676184453 ], [ 127.455625041868473, 36.251980365961337 ], [ 127.456056056651107, 36.251748918786191 ], [ 127.456315694824866, 36.251373950811789 ], [ 127.456376706412271, 36.251281059395211 ], [ 127.45640344146247, 36.251246316332377 ], [ 127.456647826927963, 36.250877876097398 ], [ 127.456747569509076, 36.250781466701341 ], [ 127.456914504523851, 36.250608759776846 ], [ 127.457176658308981, 36.250338812977347 ], [ 127.457158261272866, 36.250163441100327 ], [ 127.457207436096724, 36.2499810439557 ], [ 127.457346432770109, 36.249427414385636 ], [ 127.457727420548565, 36.249206019706079 ], [ 127.457875923942851, 36.249122941104503 ], [ 127.457916100305326, 36.249096311119949 ], [ 127.457961829188577, 36.248501636304141 ], [ 127.45797642803457, 36.248320217836763 ], [ 127.45799257325767, 36.248138793461571 ], [ 127.458091099136254, 36.248011972685717 ], [ 127.458201133757129, 36.247861172511058 ], [ 127.458341698194388, 36.247668566992843 ], [ 127.458616486112092, 36.247482495744144 ], [ 127.459015740346658, 36.247203856175268 ], [ 127.459131065604211, 36.247127094003559 ], [ 127.459245838211146, 36.24704526919453 ], [ 127.459516263750146, 36.24682541825532 ], [ 127.459590652928526, 36.246763177193145 ], [ 127.458928821736805, 36.246696994530382 ], [ 127.456848584052977, 36.246558767861657 ], [ 127.456421349205598, 36.246268067911622 ], [ 127.454464825695254, 36.246537681766924 ], [ 127.453585539444532, 36.246411183533361 ], [ 127.452859891797402, 36.246461514947782 ], [ 127.451769469464082, 36.246076989304818 ], [ 127.451492665893525, 36.246066766034936 ], [ 127.45081474028089, 36.245736723846079 ], [ 127.450222600704265, 36.245574759952412 ], [ 127.449403363888834, 36.245491091173818 ], [ 127.448715868496322, 36.245250064591524 ], [ 127.447970296648478, 36.245584880965843 ], [ 127.44692135511562, 36.246314522061255 ], [ 127.446513021878971, 36.24689815127882 ], [ 127.445833047833375, 36.247280860444789 ], [ 127.445044120281921, 36.24760961946231 ], [ 127.444375453490821, 36.247070549397364 ], [ 127.444283120188786, 36.246819686653154 ], [ 127.444018985326977, 36.246465814475144 ], [ 127.443543300802517, 36.245590046798689 ], [ 127.442074941479802, 36.244757372643782 ], [ 127.442127330265038, 36.244458095222342 ], [ 127.440336070603522, 36.244750245982246 ], [ 127.439517630574187, 36.245398149647855 ], [ 127.439075618622581, 36.245748975426054 ], [ 127.438611303499414, 36.246496680707033 ], [ 127.438498432003442, 36.246675923704423 ], [ 127.437916292475862, 36.247370832720698 ], [ 127.437854140881981, 36.247978510365648 ], [ 127.437532467809646, 36.248435906742621 ], [ 127.437271600971798, 36.24919920329485 ], [ 127.435813758177005, 36.249921512404981 ], [ 127.435305454597412, 36.249892941854654 ], [ 127.435193184974892, 36.25030817201835 ], [ 127.435100864337258, 36.250777968405302 ], [ 127.43471514905886, 36.251101250010308 ], [ 127.434875865191458, 36.251304560277816 ], [ 127.435157325375656, 36.251620927503261 ], [ 127.435239628328318, 36.251790447808453 ], [ 127.435339828196476, 36.251991156128447 ], [ 127.435619189147573, 36.252554787038825 ], [ 127.43570550398978, 36.252727113129843 ], [ 127.434582550849385, 36.253378061064993 ], [ 127.434325803035321, 36.253540635250893 ], [ 127.433557897345807, 36.253950916538784 ], [ 127.43351803827602, 36.253972463557687 ], [ 127.432537245381923, 36.254051764021973 ], [ 127.431799667986667, 36.253940636297713 ], [ 127.431330932474637, 36.253870226967877 ], [ 127.429923177056168, 36.253887956705803 ], [ 127.427086388939514, 36.25442583295478 ], [ 127.428156531025081, 36.255206616539375 ], [ 127.428138339672458, 36.255442115082587 ], [ 127.427782676766228, 36.255674310810996 ], [ 127.427828781874894, 36.25660940153071 ], [ 127.428473018178863, 36.256562044632751 ], [ 127.429168002275091, 36.256704309635467 ], [ 127.429892388427859, 36.257038534037186 ], [ 127.429815333674043, 36.257254534712665 ], [ 127.429831648545687, 36.257409930034932 ], [ 127.42986942400843, 36.257831655642676 ], [ 127.429718761745363, 36.257974131107368 ], [ 127.429688589504849, 36.259389940262835 ], [ 127.429311548618244, 36.259626164121677 ], [ 127.429336979952112, 36.260559642310206 ], [ 127.429245557376333, 36.261010838949872 ], [ 127.429359783692433, 36.261521282623313 ], [ 127.430411644885993, 36.261606795383187 ], [ 127.430428251418931, 36.261465079277471 ] ] ] ] } },
{ "type": "Feature", "properties": { "EMD_CD": "30110141", "EMD_ENG_NM": "Soho-dong", "EMD_KOR_NM": "소호동" }, "geometry": { "type": "MultiPolygon", "coordinates": [ [ [ [ 127.450595148310541, 36.271397247972445 ], [ 127.450748815994729, 36.271358082402038 ], [ 127.450822576379025, 36.271363437679533 ], [ 127.450901902760464, 36.271369051362377 ], [ 127.451039956476762, 36.271364873755672 ], [ 127.451104228931598, 36.271262411510726 ], [ 127.451161608807041, 36.271262195792531 ], [ 127.451437568606806, 36.271261157944032 ], [ 127.451542245696203, 36.27126076410071 ], [ 127.452733198964893, 36.271255988359442 ], [ 127.452996375870043, 36.270907762171277 ], [ 127.453539681940782, 36.270861777497103 ], [ 127.454504701421186, 36.27093810579634 ], [ 127.455109966965267, 36.270871882151283 ], [ 127.455539221044887, 36.270977556623407 ], [ 127.455870240965552, 36.27117737036793 ], [ 127.456343405195312, 36.271508160606942 ], [ 127.456648934801933, 36.271898163579593 ], [ 127.457205218128905, 36.272406904996863 ], [ 127.457848396567712, 36.271739833894657 ], [ 127.457905385851461, 36.271494613186405 ], [ 127.458341604855789, 36.271092482268273 ], [ 127.45942008544769, 36.270083265022883 ], [ 127.459955231300071, 36.269682443588515 ], [ 127.460509992639189, 36.269127776436648 ], [ 127.46066300619637, 36.268978494699887 ], [ 127.461287983114346, 36.267798082493321 ], [ 127.461209102471344, 36.267156016706636 ], [ 127.460627718213544, 36.26669358419813 ], [ 127.459565422034075, 36.265848296387531 ], [ 127.459271981222415, 36.265562169101095 ], [ 127.458979431869423, 36.265279696450392 ], [ 127.458219579517007, 36.264979578941151 ], [ 127.457810527097934, 36.26430525595557 ], [ 127.457404017717039, 36.264157264452564 ], [ 127.457221399084716, 36.263908730293153 ], [ 127.457345637900744, 36.263657053185462 ], [ 127.45716461935136, 36.263143512055514 ], [ 127.457334098568978, 36.262508093631908 ], [ 127.458029542623194, 36.260887265503634 ], [ 127.458145725193262, 36.260504938157737 ], [ 127.459430970386492, 36.259973122933523 ], [ 127.459915372488524, 36.259768213679614 ], [ 127.461241543471687, 36.258509357630984 ], [ 127.461561043664133, 36.258202854561851 ], [ 127.462023230665224, 36.258066187447248 ], [ 127.462493165910061, 36.257472130899501 ], [ 127.462670924467389, 36.257247556571869 ], [ 127.462785433530428, 36.257147426520369 ], [ 127.462839374994786, 36.257095959378525 ], [ 127.462905264331567, 36.256947578293584 ], [ 127.462958095908817, 36.256915544818284 ], [ 127.463501616427379, 36.256626763449908 ], [ 127.463602551296489, 36.256613982343922 ], [ 127.464109754340825, 36.25656386282364 ], [ 127.464027813720236, 36.256408726142872 ], [ 127.463870458248948, 36.256110539233262 ], [ 127.463758888982298, 36.255912152089159 ], [ 127.463444909457635, 36.255085685121074 ], [ 127.463292761878336, 36.254578790940037 ], [ 127.463233715703012, 36.254412868256168 ], [ 127.46281392116758, 36.253239573921157 ], [ 127.463253707008505, 36.252905278430653 ], [ 127.463373662031245, 36.252816670868029 ], [ 127.46342870574442, 36.252775346471608 ], [ 127.463461065387762, 36.252749591934901 ], [ 127.46345010029988, 36.252364938306506 ], [ 127.463448788781108, 36.252317919765979 ], [ 127.463415118329053, 36.252240034577113 ], [ 127.463192025476104, 36.250931372039659 ], [ 127.463063409757453, 36.250405804009368 ], [ 127.463031707162855, 36.250276381564113 ], [ 127.463051188003419, 36.250247865132749 ], [ 127.463110623738288, 36.250215806088697 ], [ 127.463144647273666, 36.250206383620039 ], [ 127.463186923567349, 36.250152996719422 ], [ 127.4632582723154, 36.250076968063851 ], [ 127.463313516547302, 36.250011419188858 ], [ 127.463374375420884, 36.249983022326113 ], [ 127.463365979930515, 36.249915745531986 ], [ 127.463349852601411, 36.249863710522639 ], [ 127.462726922527651, 36.249441711655869 ], [ 127.46241265369602, 36.249181012637486 ], [ 127.462235323295204, 36.249030189159292 ], [ 127.461988065976996, 36.248814578330943 ], [ 127.461550761116442, 36.248441702882602 ], [ 127.461060698903665, 36.248024537154542 ], [ 127.460349392255097, 36.247408552404359 ], [ 127.460043277499508, 36.247143030470141 ], [ 127.459912951057589, 36.247032288086032 ], [ 127.459838537601655, 36.246970337607152 ], [ 127.459722364184259, 36.246873067521406 ], [ 127.459590652928526, 36.246763177193145 ], [ 127.459516263750146, 36.24682541825532 ], [ 127.459245838211146, 36.24704526919453 ], [ 127.459131065604211, 36.247127094003559 ], [ 127.459015740346658, 36.247203856175268 ], [ 127.458616486112092, 36.247482495744144 ], [ 127.458341698194388, 36.247668566992843 ], [ 127.458201133757129, 36.247861172511058 ], [ 127.458091099136254, 36.248011972685717 ], [ 127.45799257325767, 36.248138793461571 ], [ 127.45797642803457, 36.248320217836763 ], [ 127.457961829188577, 36.248501636304141 ], [ 127.457916100305326, 36.249096311119949 ], [ 127.457875923942851, 36.249122941104503 ], [ 127.457727420548565, 36.249206019706079 ], [ 127.457346432770109, 36.249427414385636 ], [ 127.457207436096724, 36.2499810439557 ], [ 127.457158261272866, 36.250163441100327 ], [ 127.457176658308981, 36.250338812977347 ], [ 127.456914504523851, 36.250608759776846 ], [ 127.456747569509076, 36.250781466701341 ], [ 127.456647826927963, 36.250877876097398 ], [ 127.45640344146247, 36.251246316332377 ], [ 127.456376706412271, 36.251281059395211 ], [ 127.456315694824866, 36.251373950811789 ], [ 127.456056056651107, 36.251748918786191 ], [ 127.455625041868473, 36.251980365961337 ], [ 127.455514838685431, 36.252734676184453 ], [ 127.456033574569929, 36.253330585667641 ], [ 127.455879263302265, 36.253851594764527 ], [ 127.455908097327324, 36.254628753527939 ], [ 127.455918100147883, 36.254705604255264 ], [ 127.45592247608694, 36.254738814158884 ], [ 127.455792870421746, 36.254724941622094 ], [ 127.455349818824359, 36.254682699863238 ], [ 127.455048084557049, 36.254726641344739 ], [ 127.454678521910211, 36.254795639539132 ], [ 127.454539958136493, 36.254795037924495 ], [ 127.454465425371112, 36.254894161665469 ], [ 127.454400133654858, 36.254967350441888 ], [ 127.454393451948704, 36.254983714143279 ], [ 127.454382796437386, 36.254974742679593 ], [ 127.454367354766887, 36.254951983248276 ], [ 127.454317309870532, 36.254865722446667 ], [ 127.453594222162863, 36.255192314729136 ], [ 127.452766524314114, 36.255559291721809 ], [ 127.451740812087763, 36.255898278831552 ], [ 127.45082547565238, 36.25620531029611 ], [ 127.450632349722838, 36.256271929897729 ], [ 127.450529108504639, 36.25630780597993 ], [ 127.449542983890495, 36.256733652652805 ], [ 127.449279360119434, 36.257058497016807 ], [ 127.448759495159095, 36.257694647672302 ], [ 127.447176483104215, 36.25708014752297 ], [ 127.446228303537978, 36.256720113231694 ], [ 127.445735883147123, 36.257170559692824 ], [ 127.445249819953261, 36.257610842246791 ], [ 127.445177178348629, 36.257677015037004 ], [ 127.445134772670528, 36.257710398843116 ], [ 127.445114521549499, 36.257850156925009 ], [ 127.444905419595358, 36.259058802335325 ], [ 127.444881626810457, 36.259064234530086 ], [ 127.444379632138478, 36.259178741769865 ], [ 127.443854772950601, 36.259307696277993 ], [ 127.443743124149449, 36.259272620638427 ], [ 127.443234763980229, 36.259120739681194 ], [ 127.442952084828349, 36.259371581450019 ], [ 127.442165686328451, 36.260051492855965 ], [ 127.442095435480354, 36.260112292932881 ], [ 127.441998858673045, 36.26019122253755 ], [ 127.441742926558149, 36.260436898292198 ], [ 127.441512012786376, 36.260651778254939 ], [ 127.441472101895286, 36.260666280865458 ], [ 127.440901122824258, 36.260975348731087 ], [ 127.44063175113223, 36.260842846148712 ], [ 127.440503884385052, 36.260612108715954 ], [ 127.440506462929051, 36.260575772676809 ], [ 127.440398012961325, 36.26039649334124 ], [ 127.440227804778971, 36.260087616400675 ], [ 127.439923465280557, 36.259577033058378 ], [ 127.439689218917451, 36.259629997661477 ], [ 127.439485856973519, 36.259672133687758 ], [ 127.438039924525128, 36.259970303069501 ], [ 127.437417089787928, 36.259493543024334 ], [ 127.436779755659288, 36.259564858365898 ], [ 127.43674847381817, 36.259568351623663 ], [ 127.436283509095077, 36.259621013380091 ], [ 127.436242142932997, 36.259623984428288 ], [ 127.435328833725151, 36.25968868879842 ], [ 127.434460095625127, 36.259825328334792 ], [ 127.433829499845245, 36.259795788506423 ], [ 127.43301166877562, 36.26024453765676 ], [ 127.432359654014334, 36.260242102775742 ], [ 127.431672866563815, 36.261126605123685 ], [ 127.431292063446762, 36.261279768867794 ], [ 127.430952152517577, 36.261280422008205 ], [ 127.430428251418931, 36.261465079277471 ], [ 127.430411644885993, 36.261606795383187 ], [ 127.430903721439975, 36.262088846576177 ], [ 127.43108280304827, 36.262150439056988 ], [ 127.431478500905669, 36.26271620210818 ], [ 127.431572570801038, 36.26290821181454 ], [ 127.432142350145952, 36.263540926011714 ], [ 127.432852832921256, 36.264210592106252 ], [ 127.433019713504407, 36.264804201159755 ], [ 127.433485768800423, 36.265163837867817 ], [ 127.433619941085013, 36.265246712334573 ], [ 127.43435572383838, 36.265613814880396 ], [ 127.435337641807081, 36.266090414828064 ], [ 127.4357888227986, 36.266302807596155 ], [ 127.43600398544109, 36.266410735436423 ], [ 127.436223685414433, 36.266522025817508 ], [ 127.436838468463776, 36.267043032531504 ], [ 127.437256066726874, 36.267408463052654 ], [ 127.438225338393252, 36.267761172954778 ], [ 127.43807641645985, 36.26824694757012 ], [ 127.438127286159855, 36.268606945154382 ], [ 127.438446251821617, 36.269117767165262 ], [ 127.438552961695194, 36.269262971753662 ], [ 127.438588649483904, 36.269302547284063 ], [ 127.438754089743369, 36.269472328474365 ], [ 127.439508240588893, 36.270187691407379 ], [ 127.439444665891287, 36.270449554447673 ], [ 127.440118331389797, 36.270173064345173 ], [ 127.440426247265805, 36.269917072336824 ], [ 127.441459873942875, 36.269800906576194 ], [ 127.441696810251642, 36.269910717541592 ], [ 127.44297704969884, 36.270512320774699 ], [ 127.443014544185189, 36.270686497350731 ], [ 127.443255922260562, 36.270688994473772 ], [ 127.444068243834266, 36.271197689520868 ], [ 127.445150323392809, 36.271344627885803 ], [ 127.445234568387107, 36.271727874909239 ], [ 127.445612421193573, 36.272370256181418 ], [ 127.446171742160331, 36.272384507262231 ], [ 127.44691023081667, 36.272898251505865 ], [ 127.447157748955604, 36.272848044001599 ], [ 127.448666488299551, 36.272702729861422 ], [ 127.449053371849573, 36.272665514953729 ], [ 127.449190545727063, 36.272387889279216 ], [ 127.44927873888372, 36.272209576430484 ], [ 127.449304842512859, 36.271816907451566 ], [ 127.449564410060745, 36.271747499820009 ], [ 127.449590697832093, 36.271722339566757 ], [ 127.449709687244038, 36.271608958046279 ], [ 127.449939473093053, 36.271561073202385 ], [ 127.450164691954399, 36.271504742986529 ], [ 127.450527780754996, 36.271414109632488 ], [ 127.450595148310541, 36.271397247972445 ] ] ] ] } },
{ "type": "Feature", "properties": { "EMD_CD": "30110142", "EMD_ENG_NM": "Gudo-dong", "EMD_KOR_NM": "구도동" }, "geometry": { "type": "MultiPolygon", "coordinates": [ [ [ [ 127.464407754916493, 36.274796329427538 ], [ 127.464660155461274, 36.275401937574308 ], [ 127.464845200636489, 36.275176737578597 ], [ 127.465107750196765, 36.274904393684352 ], [ 127.465224138868678, 36.274796495096979 ], [ 127.46567223436756, 36.274432327797328 ], [ 127.465775329966974, 36.274357150504841 ], [ 127.466056737132462, 36.274178606935919 ], [ 127.46624468988928, 36.274071465701063 ], [ 127.466547148439787, 36.273909258620101 ], [ 127.466998989500865, 36.273721768166332 ], [ 127.467145743097404, 36.273665900639685 ], [ 127.467400791771439, 36.273584981934071 ], [ 127.46787749563984, 36.273454282628002 ], [ 127.46815205574994, 36.273370168161122 ], [ 127.469153309337159, 36.273126895525721 ], [ 127.469223337395974, 36.273311171102357 ], [ 127.469546732580667, 36.273276754283238 ], [ 127.469600944273466, 36.273357089333018 ], [ 127.469651123739197, 36.273431240041376 ], [ 127.469667607451939, 36.273455678524634 ], [ 127.469703402941477, 36.27350848255692 ], [ 127.469764154961268, 36.273576959467604 ], [ 127.469869548057332, 36.273695952745136 ], [ 127.469902803972886, 36.273819166618921 ], [ 127.46990479229639, 36.273919135422659 ], [ 127.469936802449453, 36.273980965976236 ], [ 127.469950289385409, 36.273995557277779 ], [ 127.469997721317313, 36.274047468529581 ], [ 127.470043405429251, 36.274097422043319 ], [ 127.47004899524876, 36.274101626664454 ], [ 127.470124993353906, 36.274160464138703 ], [ 127.470289596255355, 36.274350192700524 ], [ 127.470485400193084, 36.274583451692877 ], [ 127.470517881755171, 36.274664430244037 ], [ 127.470541361975833, 36.274723473393031 ], [ 127.470544240128874, 36.274767394482723 ], [ 127.470547491915468, 36.274816099356322 ], [ 127.470541374915072, 36.274870761705877 ], [ 127.470535447049869, 36.274925414301137 ], [ 127.470543350617803, 36.274968477585738 ], [ 127.470544783874672, 36.274975510156494 ], [ 127.470613575446649, 36.275107596195959 ], [ 127.470608643929239, 36.275155774434154 ], [ 127.470610006822596, 36.275208713231514 ], [ 127.470621254572734, 36.275258233841214 ], [ 127.470625842006697, 36.275297642335531 ], [ 127.470630420041488, 36.275337339242874 ], [ 127.470678720755089, 36.275359390810856 ], [ 127.470836880234017, 36.275431432125856 ], [ 127.471479195256833, 36.275476780214483 ], [ 127.472045498733877, 36.275346415099278 ], [ 127.473510316180338, 36.275270522239126 ], [ 127.474137738281755, 36.275239882544476 ], [ 127.474728923007987, 36.274825824096489 ], [ 127.475064261354817, 36.274777184939289 ], [ 127.475262015621894, 36.274954942867183 ], [ 127.475814218275659, 36.274967965971967 ], [ 127.476483823348431, 36.274984170074752 ], [ 127.477026940392591, 36.27484599720124 ], [ 127.477271852188011, 36.274883881888115 ], [ 127.477478109881886, 36.274916008199362 ], [ 127.477802470623388, 36.27506482582951 ], [ 127.478012096663306, 36.275163958307225 ], [ 127.478146442250761, 36.275294102567187 ], [ 127.478315458597166, 36.275462958168802 ], [ 127.478538006725202, 36.275571058969142 ], [ 127.478640728062572, 36.275619646158439 ], [ 127.478769467305312, 36.27565490015963 ], [ 127.479184780564523, 36.275777433165182 ], [ 127.47933573841587, 36.275665309521955 ], [ 127.479705151928243, 36.275387847667325 ], [ 127.479827107773104, 36.275225148183821 ], [ 127.479933381652842, 36.27508616719372 ], [ 127.480319857678836, 36.275011967640495 ], [ 127.480810281901697, 36.274761053114666 ], [ 127.48117728889936, 36.274575687583912 ], [ 127.481803242293012, 36.274279445862682 ], [ 127.483241210678514, 36.27360256507324 ], [ 127.483342011825187, 36.273421923668174 ], [ 127.483493534062589, 36.273149833631415 ], [ 127.483706317223437, 36.273083361222994 ], [ 127.483910674681212, 36.273031278167799 ], [ 127.484079656644013, 36.273052278752445 ], [ 127.484458025074915, 36.27310594849984 ], [ 127.484814211677076, 36.27302932445086 ], [ 127.485354657560805, 36.272911959809846 ], [ 127.485717165946738, 36.272960048372056 ], [ 127.485822625950945, 36.272972580268487 ], [ 127.486144227012048, 36.272956353997344 ], [ 127.486418593279041, 36.272948762413115 ], [ 127.486795175982408, 36.272938502535681 ], [ 127.487708967208079, 36.272906917740407 ], [ 127.487878458074448, 36.272869893138932 ], [ 127.488064123297477, 36.272831685037154 ], [ 127.488427313603879, 36.272820915777409 ], [ 127.488586344683725, 36.272778868146922 ], [ 127.488650418897365, 36.272765089526736 ], [ 127.488753203429596, 36.272710600224059 ], [ 127.48880149834666, 36.272338947478303 ], [ 127.48888597265973, 36.272081767919637 ], [ 127.489084451476145, 36.271477170537757 ], [ 127.489214291036006, 36.271075905855128 ], [ 127.489275678302207, 36.270909496531488 ], [ 127.489320722773485, 36.270799486395667 ], [ 127.489369429337202, 36.270605525691366 ], [ 127.489377528000233, 36.270481580836552 ], [ 127.489402269545735, 36.270210009380641 ], [ 127.489424225893657, 36.269966602038316 ], [ 127.489440078292716, 36.269860081332226 ], [ 127.489443008016949, 36.269826554608343 ], [ 127.48948119292541, 36.269787540067249 ], [ 127.48960280950304, 36.269687625960266 ], [ 127.489701909809853, 36.269601609671426 ], [ 127.489746872291065, 36.269560873166711 ], [ 127.489760742936227, 36.269527590146389 ], [ 127.489785025916731, 36.269432867425877 ], [ 127.489854985156526, 36.269106463845617 ], [ 127.48991490266323, 36.268872480880475 ], [ 127.48998345390568, 36.268766871343431 ], [ 127.490047141366787, 36.268662984857968 ], [ 127.490204283782518, 36.268460416111338 ], [ 127.490232521356049, 36.26841468314116 ], [ 127.490240785082364, 36.268401411080738 ], [ 127.49025484740973, 36.268370380157741 ], [ 127.49003748449914, 36.268089929696963 ], [ 127.489869838888396, 36.267751267046549 ], [ 127.489126137130825, 36.267469015717154 ], [ 127.488674046320355, 36.267302734375043 ], [ 127.488329925002688, 36.267217117860326 ], [ 127.488315836535946, 36.267188445668012 ], [ 127.488079240035319, 36.266412422213193 ], [ 127.488093665688723, 36.266242554640115 ], [ 127.487772211043335, 36.265549108095868 ], [ 127.487737658489053, 36.265445054401965 ], [ 127.487699601978463, 36.2653088969655 ], [ 127.487343013769518, 36.265314572471375 ], [ 127.487080144315414, 36.265319866474144 ], [ 127.4868176671349, 36.26535979056866 ], [ 127.486699374042857, 36.265379429532899 ], [ 127.486574647849267, 36.265397111879182 ], [ 127.486549470380098, 36.265403405076178 ], [ 127.485993868845924, 36.265196980209573 ], [ 127.485136127395521, 36.264630735928968 ], [ 127.48491217099496, 36.264489147027874 ], [ 127.484795284217896, 36.264426248547096 ], [ 127.484334911880268, 36.264181131011192 ], [ 127.484024229923492, 36.2640165139277 ], [ 127.482970783236084, 36.263458649199194 ], [ 127.482847630895051, 36.263478574267104 ], [ 127.482365288406086, 36.263476008497605 ], [ 127.482301657342049, 36.263475705564488 ], [ 127.482232335177216, 36.263429231075555 ], [ 127.482060014595476, 36.263313896837225 ], [ 127.482064388363696, 36.263344861772651 ], [ 127.48202077876131, 36.263350389976068 ], [ 127.481966150177115, 36.263317373974012 ], [ 127.481978272399061, 36.26327987231106 ], [ 127.481944937966759, 36.26323156788029 ], [ 127.48183035737793, 36.263232028066888 ], [ 127.48163511536896, 36.263207741178945 ], [ 127.481599804042489, 36.263203665404603 ], [ 127.480537211977861, 36.263080634343453 ], [ 127.480335701583854, 36.263053838124485 ], [ 127.47922644388656, 36.262947320572984 ], [ 127.479020980593859, 36.262499525371041 ], [ 127.4785036126177, 36.262196594862736 ], [ 127.478286898413259, 36.262069888069163 ], [ 127.477727638013704, 36.262083660136668 ], [ 127.477635519245197, 36.262088532759719 ], [ 127.477270380250374, 36.261770067281454 ], [ 127.476919450419885, 36.261359173364923 ], [ 127.47678967999947, 36.261204794481287 ], [ 127.476376429182579, 36.260722052225837 ], [ 127.476343155575179, 36.260683046122061 ], [ 127.475951439655816, 36.260223863782308 ], [ 127.475505104460282, 36.259702111420218 ], [ 127.474882385038228, 36.259021645920008 ], [ 127.474656307471591, 36.258780916245072 ], [ 127.474739442225342, 36.258412509714439 ], [ 127.474371664897262, 36.258314275733376 ], [ 127.474252753605057, 36.25776840577582 ], [ 127.47398028786094, 36.257561931674459 ], [ 127.473767301828062, 36.257099224063204 ], [ 127.473270427712151, 36.256782951213133 ], [ 127.473254918373485, 36.256661073770076 ], [ 127.47325006579841, 36.256346247783171 ], [ 127.473083352369187, 36.256059365746765 ], [ 127.472901521392558, 36.256093317958516 ], [ 127.472660303505492, 36.256137921460805 ], [ 127.472520505510033, 36.256163813192039 ], [ 127.472275770278429, 36.256317697808058 ], [ 127.472216678615325, 36.256349751010355 ], [ 127.472074212556024, 36.256509712208732 ], [ 127.471983217911699, 36.256615670374401 ], [ 127.471411449956349, 36.257089351981769 ], [ 127.471203711121888, 36.257150997511189 ], [ 127.471013373239458, 36.257186386101765 ], [ 127.470561531802872, 36.257276303149638 ], [ 127.470235859466612, 36.257329118236342 ], [ 127.469945956046899, 36.257576951819864 ], [ 127.469525340378652, 36.257947802553424 ], [ 127.469151413933247, 36.258278195559754 ], [ 127.469091712602918, 36.258296164164854 ], [ 127.468343681233847, 36.258515369028316 ], [ 127.467680859957909, 36.258710581198429 ], [ 127.467307718010517, 36.258588402044971 ], [ 127.467020574468748, 36.258219756897091 ], [ 127.467006400952172, 36.25820516788766 ], [ 127.466967038425352, 36.258192929846565 ], [ 127.466727832532214, 36.258109374843137 ], [ 127.466241417042426, 36.257941447380311 ], [ 127.466126779059962, 36.257902754487702 ], [ 127.465956567773034, 36.257842585885179 ], [ 127.4656044750528, 36.25772059901081 ], [ 127.465122251899047, 36.257555192030971 ], [ 127.465072233431044, 36.257505820997359 ], [ 127.464580332386319, 36.257025595106832 ], [ 127.464109754322664, 36.256563867003948 ], [ 127.463602551278242, 36.256613986524236 ], [ 127.463501616409118, 36.256626767630202 ], [ 127.462958095890471, 36.25691554899862 ], [ 127.462905264313221, 36.256947582473941 ], [ 127.46283937497644, 36.257095963558896 ], [ 127.462785433512096, 36.257147430700741 ], [ 127.462670924448986, 36.257247560752255 ], [ 127.462493165891672, 36.257472135079915 ], [ 127.462023230646778, 36.258066191627734 ], [ 127.461561043645659, 36.258202858742344 ], [ 127.46124154345317, 36.258509361811527 ], [ 127.459915372469879, 36.259768217860291 ], [ 127.459430970367791, 36.259973127114215 ], [ 127.458145725174404, 36.2605049423385 ], [ 127.458029542604308, 36.260887269684439 ], [ 127.457334098550049, 36.262508097812855 ], [ 127.457164619332431, 36.263143516236539 ], [ 127.457345637881872, 36.263657057366537 ], [ 127.457221399065844, 36.263908734474228 ], [ 127.457404017698181, 36.264157268633632 ], [ 127.457810527079133, 36.264305260136688 ], [ 127.458219579498277, 36.264979583122297 ], [ 127.458979431850821, 36.265279700631567 ], [ 127.459271981203869, 36.265562173282262 ], [ 127.459565422015586, 36.265848300568727 ], [ 127.46062771819517, 36.266693588379376 ], [ 127.461209102453097, 36.267156020887924 ], [ 127.461287983096128, 36.267798086674652 ], [ 127.460663006178123, 36.268978498881339 ], [ 127.460509992620899, 36.269127780618092 ], [ 127.459955231281725, 36.269682447770009 ], [ 127.459420085429272, 36.270083269204441 ], [ 127.458341604837244, 36.271092486449938 ], [ 127.457905385832888, 36.271494617368127 ], [ 127.457848396549139, 36.2717398380764 ], [ 127.457205218110275, 36.272406909178663 ], [ 127.457374785090039, 36.272589319208649 ], [ 127.4575234250904, 36.273031167742545 ], [ 127.457988788297087, 36.273215548694445 ], [ 127.458033239130486, 36.273142996430721 ], [ 127.458119674590364, 36.272996792819249 ], [ 127.458480481286472, 36.273170017905265 ], [ 127.458709288909247, 36.273254187551132 ], [ 127.458910582975875, 36.273330306330116 ], [ 127.459393999768494, 36.273476024314938 ], [ 127.459649729914503, 36.273436177154061 ], [ 127.459757537744508, 36.273792008618869 ], [ 127.460009493735711, 36.274056331569334 ], [ 127.460145992218557, 36.274202249520755 ], [ 127.460362115128163, 36.274345041151811 ], [ 127.460471188868397, 36.274412499294392 ], [ 127.460730958651013, 36.274465284365171 ], [ 127.461039115778291, 36.274526903740124 ], [ 127.461136359751521, 36.274681703775947 ], [ 127.461369853876477, 36.275057047696606 ], [ 127.461463925974698, 36.27520593890997 ], [ 127.461801685731231, 36.27533108358071 ], [ 127.461975985402077, 36.275429542093981 ], [ 127.462173853441911, 36.275572689061725 ], [ 127.462321332326596, 36.275485661948849 ], [ 127.462778067244074, 36.275468418963086 ], [ 127.462972631031477, 36.275464009589946 ], [ 127.463308975333106, 36.275644911276942 ], [ 127.463522357697798, 36.275762934354617 ], [ 127.463915354676757, 36.276113712607 ], [ 127.464063352220322, 36.275761969604368 ], [ 127.464237216835812, 36.275431520264561 ], [ 127.464317185991746, 36.274954992768173 ], [ 127.464407754916493, 36.274796329427538 ] ] ] ] } },
{ "type": "Feature", "properties": { "EMD_CD": "30110143", "EMD_ENG_NM": "Samgoe-dong", "EMD_KOR_NM": "삼괴동" }, "geometry": { "type": "MultiPolygon", "coordinates": [ [ [ [ 127.487699601993228, 36.265308892785015 ], [ 127.487472303001553, 36.263366093000805 ], [ 127.487150134619483, 36.263228566036211 ], [ 127.48705846276593, 36.262660348900489 ], [ 127.4868901050597, 36.262173828261062 ], [ 127.486763642686682, 36.262107888501198 ], [ 127.486585982821865, 36.262029467658536 ], [ 127.486285095038411, 36.261846513723313 ], [ 127.486086226202318, 36.261344624263174 ], [ 127.486048076748475, 36.261248469876755 ], [ 127.486385055785163, 36.260746670920561 ], [ 127.486455345907217, 36.260641903329038 ], [ 127.48623827328089, 36.260318079590974 ], [ 127.4861261137426, 36.259809088806144 ], [ 127.486108230497763, 36.259727766806741 ], [ 127.486169018136621, 36.259576293729204 ], [ 127.486212164175257, 36.25946910393273 ], [ 127.486313708021612, 36.259216362378076 ], [ 127.487252703531254, 36.258761404774866 ], [ 127.487490314401953, 36.258245920619323 ], [ 127.487706334027294, 36.258175480769012 ], [ 127.488936656356941, 36.258355782940654 ], [ 127.489445415941901, 36.258054066744421 ], [ 127.489744387625507, 36.25798750232692 ], [ 127.489785678993286, 36.257890745441536 ], [ 127.489811219954774, 36.257830649708936 ], [ 127.489859603332178, 36.257587981022247 ], [ 127.489983733137763, 36.257335423474771 ], [ 127.489529325353672, 36.256032542382499 ], [ 127.48949817219868, 36.255943398681204 ], [ 127.489501196051094, 36.255925083398381 ], [ 127.489650140307617, 36.255050611288333 ], [ 127.489979597930059, 36.254715830077259 ], [ 127.490097418575175, 36.254596222010662 ], [ 127.490379676646015, 36.25402619937222 ], [ 127.489812564598566, 36.253802094422859 ], [ 127.489623850186106, 36.253591375846561 ], [ 127.48901050379942, 36.252977127834455 ], [ 127.488727575186203, 36.252739467955507 ], [ 127.488540053269617, 36.25258196642352 ], [ 127.48798793348648, 36.251941554796936 ], [ 127.487937155174876, 36.251882616864286 ], [ 127.487607576083576, 36.251439287453181 ], [ 127.487708040294322, 36.251183448755931 ], [ 127.48808786541521, 36.250281003853495 ], [ 127.488444879250139, 36.250019614801417 ], [ 127.488319717011507, 36.249656281785157 ], [ 127.488776088186881, 36.248738311074732 ], [ 127.488651718839748, 36.248334133608139 ], [ 127.488579516380298, 36.248099841372436 ], [ 127.488514677442865, 36.247904657366867 ], [ 127.48854251442026, 36.247544360281616 ], [ 127.488821180364098, 36.247349462656516 ], [ 127.489249223646297, 36.247050049346157 ], [ 127.489397017892998, 36.246524229707333 ], [ 127.489409144629931, 36.246321973369554 ], [ 127.48941095562121, 36.246192709660924 ], [ 127.489413479105025, 36.246011616149794 ], [ 127.490270271008129, 36.245000770026557 ], [ 127.491063497218235, 36.245005411965224 ], [ 127.491760878945243, 36.24516673320614 ], [ 127.49231795059211, 36.244379583775611 ], [ 127.492487585498665, 36.243819029179832 ], [ 127.492707603265274, 36.243061134133484 ], [ 127.492473525903918, 36.242794840778743 ], [ 127.492412426428473, 36.242725249985057 ], [ 127.492411896526121, 36.242724125683246 ], [ 127.492273610846382, 36.242403358940635 ], [ 127.492519313974995, 36.242195079141915 ], [ 127.492838684100604, 36.241508590986385 ], [ 127.493214833695049, 36.24106264615601 ], [ 127.493256280668717, 36.240520361244428 ], [ 127.49314574114328, 36.240050516073687 ], [ 127.493139842284521, 36.240025190083834 ], [ 127.492914382574938, 36.239828144839393 ], [ 127.492645776322718, 36.239485951777965 ], [ 127.492640444263202, 36.239355581726556 ], [ 127.492608627513818, 36.238576469707645 ], [ 127.492576923146402, 36.237953946440399 ], [ 127.492559075999637, 36.23760114398447 ], [ 127.492539608031038, 36.237323551773677 ], [ 127.491973554976056, 36.237417956366883 ], [ 127.491467628727278, 36.237480579717925 ], [ 127.490602601348314, 36.237377103729557 ], [ 127.490323594512091, 36.237205334220938 ], [ 127.489971110195299, 36.237095531937513 ], [ 127.489839176783562, 36.236395969294414 ], [ 127.489387316922148, 36.235731496742417 ], [ 127.490028082420579, 36.234602125060576 ], [ 127.489969845923511, 36.233482076023535 ], [ 127.488887728912104, 36.233091374444804 ], [ 127.488469393945607, 36.232533506480905 ], [ 127.48776661695662, 36.23268702439438 ], [ 127.487290385498014, 36.232855966054935 ], [ 127.486513731559469, 36.232532158739524 ], [ 127.485791147959617, 36.231954660826524 ], [ 127.485299581799111, 36.231947358252292 ], [ 127.484385375515032, 36.231041703615197 ], [ 127.483545702303658, 36.230356810779298 ], [ 127.482959128876715, 36.23043971120871 ], [ 127.482650574084118, 36.230374778491978 ], [ 127.482126283068013, 36.230583869387722 ], [ 127.481723743984205, 36.230410881400935 ], [ 127.480611384339866, 36.230232851041833 ], [ 127.479546014220105, 36.230122499723194 ], [ 127.478462804914102, 36.229792249167062 ], [ 127.477856892408383, 36.2296687856091 ], [ 127.477585525354584, 36.230373915213363 ], [ 127.477434621172094, 36.232202791086735 ], [ 127.477194297243685, 36.23272586523079 ], [ 127.477292696292849, 36.23304539395712 ], [ 127.476481507106229, 36.234477559625368 ], [ 127.476086398886622, 36.235447051841945 ], [ 127.475813979395298, 36.235840146564485 ], [ 127.475431731398302, 36.237044460658616 ], [ 127.474467673560881, 36.23818461253812 ], [ 127.474412587144741, 36.238188489091385 ], [ 127.473600880770348, 36.238247730292478 ], [ 127.472767095980473, 36.238048260407098 ], [ 127.471546630913167, 36.235738707340396 ], [ 127.469957487418569, 36.236993925239879 ], [ 127.469967904303715, 36.237196082810115 ], [ 127.470016239511011, 36.237373318382595 ], [ 127.470060339573593, 36.23753986446637 ], [ 127.470048907, 36.237779001991726 ], [ 127.469954339718157, 36.237777119343669 ], [ 127.469641514016885, 36.237872120839164 ], [ 127.469520600973567, 36.237912588370875 ], [ 127.469473997829482, 36.237938111918055 ], [ 127.469202007273992, 36.238088997079025 ], [ 127.469115744739824, 36.238138619935022 ], [ 127.46889818051396, 36.23826648274057 ], [ 127.468871166734246, 36.238282638331079 ], [ 127.468850036377262, 36.238294832766009 ], [ 127.46877061529419, 36.238325837252859 ], [ 127.468500427542438, 36.238430528172621 ], [ 127.468487941417393, 36.238435362188312 ], [ 127.468467475515951, 36.238443327416142 ], [ 127.468406776942473, 36.238466940983663 ], [ 127.468403284472402, 36.23846329581194 ], [ 127.468346092778347, 36.238491113197362 ], [ 127.466436013707309, 36.238640207994408 ], [ 127.464400151419724, 36.239300053690393 ], [ 127.464058332846676, 36.239549759655908 ], [ 127.463680084539703, 36.239843826403437 ], [ 127.462635530017636, 36.240068367383493 ], [ 127.462472678728801, 36.240072374392746 ], [ 127.46207485589062, 36.240082350618181 ], [ 127.461592648841446, 36.240196015698821 ], [ 127.461057821476786, 36.240140611855779 ], [ 127.460300118400099, 36.239781361661194 ], [ 127.459914018181166, 36.239594440412482 ], [ 127.459477920593642, 36.239597237039746 ], [ 127.458789964730045, 36.240020324312262 ], [ 127.457886277948163, 36.240559131544686 ], [ 127.457331423121985, 36.240706283180096 ], [ 127.456916080629583, 36.241052846644671 ], [ 127.456764172849631, 36.241175652190819 ], [ 127.456679328681943, 36.241232010551862 ], [ 127.456359255294032, 36.241310116775821 ], [ 127.456005330763446, 36.241398200674794 ], [ 127.455514343822855, 36.241320084965643 ], [ 127.45549695431707, 36.241317897998975 ], [ 127.455037941844481, 36.241359345054398 ], [ 127.454904867126842, 36.24137083486923 ], [ 127.454456577942452, 36.241612752185418 ], [ 127.454015896061875, 36.241756356076039 ], [ 127.453484542024938, 36.241520677759212 ], [ 127.453078662220733, 36.241249323327679 ], [ 127.452909369472678, 36.24107000503038 ], [ 127.452740728230978, 36.240912934230685 ], [ 127.452605826646192, 36.240788403850686 ], [ 127.45246526996911, 36.240589547048941 ], [ 127.452384497156061, 36.240477762363724 ], [ 127.452288307225729, 36.240375903664173 ], [ 127.451919973853578, 36.240101024305289 ], [ 127.451746093166449, 36.23997043953306 ], [ 127.451360835812025, 36.23962437458303 ], [ 127.45111083257963, 36.239402550924495 ], [ 127.450702946648065, 36.238959971021899 ], [ 127.450231553917163, 36.238442991893017 ], [ 127.450036875178398, 36.238230258622465 ], [ 127.449746429410297, 36.238290482788912 ], [ 127.449496243894785, 36.238341264305639 ], [ 127.449449699586381, 36.238349044566547 ], [ 127.449117287987605, 36.238517854693129 ], [ 127.448203192038989, 36.238520423993606 ], [ 127.447902987839839, 36.238578715544712 ], [ 127.447801476936462, 36.238578526508604 ], [ 127.4474561408814, 36.238617276407894 ], [ 127.44691693653283, 36.238673067652719 ], [ 127.446618024727485, 36.238806545906833 ], [ 127.446529075268927, 36.238846015193936 ], [ 127.446373034958867, 36.238915031371711 ], [ 127.446136839537402, 36.238889162281538 ], [ 127.44572549855755, 36.238843089779309 ], [ 127.445387384714152, 36.23874296157836 ], [ 127.444788350457543, 36.238733638415461 ], [ 127.444431638642385, 36.23866709142353 ], [ 127.443775447206349, 36.2386931750017 ], [ 127.443274532891238, 36.238605186683337 ], [ 127.442309201197745, 36.239141571959017 ], [ 127.442233287478743, 36.239210846234592 ], [ 127.442004958605253, 36.239534148571138 ], [ 127.441978056263125, 36.239602962850668 ], [ 127.4419449894406, 36.239719111942932 ], [ 127.441891971029278, 36.239905734907325 ], [ 127.441759422727799, 36.240229242877881 ], [ 127.44202143857693, 36.240611560645846 ], [ 127.442235965821936, 36.24166966070414 ], [ 127.442280995963927, 36.242075306525038 ], [ 127.442299554287018, 36.242717619357649 ], [ 127.442236585637332, 36.242864005184458 ], [ 127.442034324005235, 36.243248879318429 ], [ 127.44192228317344, 36.243387569320241 ], [ 127.441841356013285, 36.243494035557589 ], [ 127.442049237004554, 36.243923864353398 ], [ 127.442149770746497, 36.244305658634836 ], [ 127.442127330265038, 36.244458095222342 ], [ 127.442074941479802, 36.244757372643782 ], [ 127.443543300802517, 36.245590046798689 ], [ 127.444018985326977, 36.246465814475144 ], [ 127.444283120188786, 36.246819686653154 ], [ 127.444375453490821, 36.247070549397364 ], [ 127.445044120281921, 36.24760961946231 ], [ 127.445833047833375, 36.247280860444789 ], [ 127.446513021878971, 36.24689815127882 ], [ 127.44692135511562, 36.246314522061255 ], [ 127.447970296648478, 36.245584880965843 ], [ 127.448715868496322, 36.245250064591524 ], [ 127.449403363888834, 36.245491091173818 ], [ 127.450222600704265, 36.245574759952412 ], [ 127.45081474028089, 36.245736723846079 ], [ 127.451492665893525, 36.246066766034936 ], [ 127.451769469464082, 36.246076989304818 ], [ 127.452859891797402, 36.246461514947782 ], [ 127.453585539444532, 36.246411183533361 ], [ 127.454464825695254, 36.246537681766924 ], [ 127.456421349205598, 36.246268067911622 ], [ 127.456848584052977, 36.246558767861657 ], [ 127.458928821736805, 36.246696994530382 ], [ 127.459590652928526, 36.246763177193145 ], [ 127.459722364184259, 36.246873067521406 ], [ 127.459838537601655, 36.246970337607152 ], [ 127.459912951057589, 36.247032288086032 ], [ 127.460043277499508, 36.247143030470141 ], [ 127.460349392255097, 36.247408552404359 ], [ 127.461060698903665, 36.248024537154542 ], [ 127.461550761116442, 36.248441702882602 ], [ 127.461988065976996, 36.248814578330943 ], [ 127.462235323295204, 36.249030189159292 ], [ 127.46241265369602, 36.249181012637486 ], [ 127.462726922527651, 36.249441711655869 ], [ 127.463349852601411, 36.249863710522639 ], [ 127.463365979930515, 36.249915745531986 ], [ 127.463374375420884, 36.249983022326113 ], [ 127.463313516547302, 36.250011419188858 ], [ 127.4632582723154, 36.250076968063851 ], [ 127.463186923567349, 36.250152996719422 ], [ 127.463144647273666, 36.250206383620039 ], [ 127.463110623738288, 36.250215806088697 ], [ 127.463051188003419, 36.250247865132749 ], [ 127.463031707162855, 36.250276381564113 ], [ 127.463063409757453, 36.250405804009368 ], [ 127.463192025476104, 36.250931372039659 ], [ 127.463415118329053, 36.252240034577113 ], [ 127.463448788781108, 36.252317919765979 ], [ 127.46345010029988, 36.252364938306506 ], [ 127.463461065387762, 36.252749591934901 ], [ 127.46342870574442, 36.252775346471608 ], [ 127.463373662031245, 36.252816670868029 ], [ 127.463253707008505, 36.252905278430653 ], [ 127.46281392116758, 36.253239573921157 ], [ 127.463233715703012, 36.254412868256168 ], [ 127.463292761878336, 36.254578790940037 ], [ 127.463444909457635, 36.255085685121074 ], [ 127.463758888982298, 36.255912152089159 ], [ 127.463870458248948, 36.256110539233262 ], [ 127.464027813720236, 36.256408726142872 ], [ 127.464109754340825, 36.25656386282364 ], [ 127.46458033240441, 36.25702559092651 ], [ 127.465072233449064, 36.257505816817002 ], [ 127.465122251917094, 36.257555187850606 ], [ 127.465604475070734, 36.257720594830452 ], [ 127.465956567790911, 36.257842581704821 ], [ 127.466126779077825, 36.257902750307345 ], [ 127.466241417060289, 36.25794144319994 ], [ 127.466727832550006, 36.25810937066278 ], [ 127.466967038443087, 36.258192925666179 ], [ 127.467006400969936, 36.258205163707302 ], [ 127.467020574486469, 36.258219752716762 ], [ 127.467307718028209, 36.258588397864578 ], [ 127.467680859975545, 36.258710577018043 ], [ 127.468343681251369, 36.258515364847959 ], [ 127.469091712620354, 36.258296159984525 ], [ 127.469151413950698, 36.258278191379411 ], [ 127.469525340396061, 36.257947798373145 ], [ 127.469945956064251, 36.257576947639635 ], [ 127.470235859483935, 36.25732911405612 ], [ 127.470561531820181, 36.257276298969416 ], [ 127.471013373256682, 36.257186381921571 ], [ 127.471203711139083, 36.257150993331017 ], [ 127.471411449973488, 36.25708934780161 ], [ 127.471983217928823, 36.256615666194286 ], [ 127.472074212573133, 36.256509708028624 ], [ 127.472216678632407, 36.256349746830281 ], [ 127.472275770295539, 36.256317693627963 ], [ 127.4725205055271, 36.256163809011959 ], [ 127.472660303522545, 36.256137917280746 ], [ 127.472901521409611, 36.256093313778436 ], [ 127.473083352386183, 36.256059361566692 ], [ 127.473250065815336, 36.256346243603105 ], [ 127.473254918390452, 36.256661069589974 ], [ 127.473270427729105, 36.256782947033017 ], [ 127.473767301844958, 36.25709921988306 ], [ 127.473980287877779, 36.257561927494315 ], [ 127.474252753621826, 36.257768401595662 ], [ 127.474371664914031, 36.258314271553189 ], [ 127.474739442242054, 36.258412505534224 ], [ 127.474656307488289, 36.258780912064836 ], [ 127.474882385054869, 36.259021641739743 ], [ 127.475505104476838, 36.259702107239924 ], [ 127.475951439672329, 36.260223859601986 ], [ 127.476343155591593, 36.260683041941711 ], [ 127.476376429198993, 36.260722048045444 ], [ 127.476789680015784, 36.261204790300894 ], [ 127.476919450436228, 36.261359169184509 ], [ 127.47727038026666, 36.261770063101004 ], [ 127.477635519261398, 36.262088528579262 ], [ 127.47772763802989, 36.262083655956218 ], [ 127.478286898429374, 36.262069883888714 ], [ 127.478503612633773, 36.262196590682287 ], [ 127.479020980609846, 36.262499521190584 ], [ 127.479226443902519, 36.262947316392534 ], [ 127.480335701599657, 36.263053833944021 ], [ 127.480537211993607, 36.263080630162982 ], [ 127.481599804058106, 36.263203661224139 ], [ 127.481635115384577, 36.263207736998488 ], [ 127.481830357393534, 36.263232023886417 ], [ 127.481944937982334, 36.263231563699854 ], [ 127.481978272414622, 36.26327986813061 ], [ 127.481966150192704, 36.26331736979354 ], [ 127.482020778776885, 36.26335038579559 ], [ 127.482064388379271, 36.26334485759218 ], [ 127.482060014611051, 36.263313892656726 ], [ 127.482232335192762, 36.263429226895092 ], [ 127.482301657357567, 36.26347570138401 ], [ 127.482365288421605, 36.263476004317134 ], [ 127.482847630910499, 36.26347857008664 ], [ 127.482970783251531, 36.263458645018737 ], [ 127.484024229938754, 36.264016509747208 ], [ 127.484334911895502, 36.264181126830685 ], [ 127.48479528423303, 36.264426244366582 ], [ 127.484912171010123, 36.264489142847395 ], [ 127.485136127410613, 36.264630731748447 ], [ 127.485993868860916, 36.26519697602906 ], [ 127.486549470395005, 36.265403400895657 ], [ 127.48657464786416, 36.265397107698639 ], [ 127.48669937405775, 36.265379425352371 ], [ 127.486817667149765, 36.265359786388125 ], [ 127.48708014433025, 36.265319862293666 ], [ 127.487343013784326, 36.265314568290869 ], [ 127.487699601993228, 36.265308892785015 ] ] ] ] } },
{ "type": "Feature", "properties": { "EMD_CD": "30110144", "EMD_ENG_NM": "Sangso-dong", "EMD_KOR_NM": "상소동" }, "geometry": { "type": "MultiPolygon", "coordinates": [ [ [ [ 127.455037941844481, 36.241359345054398 ], [ 127.45549695431707, 36.241317897998975 ], [ 127.455514343822855, 36.241320084965643 ], [ 127.456005330763446, 36.241398200674794 ], [ 127.456359255294032, 36.241310116775821 ], [ 127.456679328681943, 36.241232010551862 ], [ 127.456764172849631, 36.241175652190819 ], [ 127.456916080629583, 36.241052846644671 ], [ 127.457331423121985, 36.240706283180096 ], [ 127.457886277948163, 36.240559131544686 ], [ 127.458789964730045, 36.240020324312262 ], [ 127.459477920593642, 36.239597237039746 ], [ 127.459914018181166, 36.239594440412482 ], [ 127.460300118400099, 36.239781361661194 ], [ 127.461057821476786, 36.240140611855779 ], [ 127.461592648841446, 36.240196015698821 ], [ 127.46207485589062, 36.240082350618181 ], [ 127.462472678728801, 36.240072374392746 ], [ 127.462635530017636, 36.240068367383493 ], [ 127.463680084539703, 36.239843826403437 ], [ 127.464058332846676, 36.239549759655908 ], [ 127.464400151419724, 36.239300053690393 ], [ 127.466436013707309, 36.238640207994408 ], [ 127.468346092778347, 36.238491113197362 ], [ 127.468403284472402, 36.23846329581194 ], [ 127.468406776942473, 36.238466940983663 ], [ 127.468467475515951, 36.238443327416142 ], [ 127.468487941417393, 36.238435362188312 ], [ 127.468500427542438, 36.238430528172621 ], [ 127.46877061529419, 36.238325837252859 ], [ 127.468850036377262, 36.238294832766009 ], [ 127.468871166734246, 36.238282638331079 ], [ 127.46889818051396, 36.23826648274057 ], [ 127.469115744739824, 36.238138619935022 ], [ 127.469202007273992, 36.238088997079025 ], [ 127.469473997829482, 36.237938111918055 ], [ 127.469520600973567, 36.237912588370875 ], [ 127.469641514016885, 36.237872120839164 ], [ 127.469954339718157, 36.237777119343669 ], [ 127.470048907, 36.237779001991726 ], [ 127.470060339573593, 36.23753986446637 ], [ 127.470016239511011, 36.237373318382595 ], [ 127.469967904303715, 36.237196082810115 ], [ 127.469957487418569, 36.236993925239879 ], [ 127.471546630913167, 36.235738707340396 ], [ 127.472767095980473, 36.238048260407098 ], [ 127.473600880770348, 36.238247730292478 ], [ 127.474412587144741, 36.238188489091385 ], [ 127.474467673560881, 36.23818461253812 ], [ 127.475431731398302, 36.237044460658616 ], [ 127.475813979395298, 36.235840146564485 ], [ 127.476086398886622, 36.235447051841945 ], [ 127.476481507106229, 36.234477559625368 ], [ 127.477292696292849, 36.23304539395712 ], [ 127.477194297243685, 36.23272586523079 ], [ 127.477434621172094, 36.232202791086735 ], [ 127.477585525354584, 36.230373915213363 ], [ 127.477856892408383, 36.2296687856091 ], [ 127.477973170398784, 36.228810224673637 ], [ 127.478187119286574, 36.228296824328815 ], [ 127.478055931043414, 36.227956870669736 ], [ 127.477983279995698, 36.226866439192094 ], [ 127.477821921607159, 36.226680933070405 ], [ 127.476830678037842, 36.226002227908772 ], [ 127.476267619737854, 36.226092328720263 ], [ 127.475777600594213, 36.225845040477836 ], [ 127.475123772692115, 36.225524050995006 ], [ 127.474788665998972, 36.225400896333653 ], [ 127.474422196249378, 36.224947247198301 ], [ 127.473748157495521, 36.224818111032896 ], [ 127.473322677154513, 36.224750794790062 ], [ 127.472525992640172, 36.224628614771405 ], [ 127.472068114776135, 36.224810085411825 ], [ 127.471380784632203, 36.224665217430314 ], [ 127.470997798996009, 36.224585614114226 ], [ 127.470531766705406, 36.223780034391588 ], [ 127.470358602856507, 36.223505851678439 ], [ 127.469344757838414, 36.223421963325428 ], [ 127.46894993353979, 36.223336478911996 ], [ 127.468394325893698, 36.223216988106486 ], [ 127.467922491548549, 36.223037464711375 ], [ 127.467697860105858, 36.222844873699025 ], [ 127.467546376825254, 36.222708024058228 ], [ 127.467525590004968, 36.222691216808251 ], [ 127.467302329342644, 36.222346815085153 ], [ 127.467315045561193, 36.221619617385478 ], [ 127.467789569638128, 36.221285177892881 ], [ 127.467735862097072, 36.221020943384005 ], [ 127.46766743563073, 36.220705236406289 ], [ 127.467488750286819, 36.220376720366843 ], [ 127.467454041336339, 36.220326443215676 ], [ 127.467471649421086, 36.220159934736479 ], [ 127.467492426161058, 36.219940757650967 ], [ 127.467586440662856, 36.219853084674888 ], [ 127.4674345214803, 36.219026559278767 ], [ 127.467478434538251, 36.218607337020991 ], [ 127.467788559345664, 36.218069644224641 ], [ 127.467795934694706, 36.217322190102166 ], [ 127.467831525870778, 36.217052822169002 ], [ 127.468158980046908, 36.216713601023024 ], [ 127.468808277329558, 36.216349745865898 ], [ 127.469405923885944, 36.216008627804037 ], [ 127.469339207254038, 36.215894546176294 ], [ 127.469626567346225, 36.215243162715161 ], [ 127.469137701438441, 36.214765471828485 ], [ 127.468916997187961, 36.214556528917868 ], [ 127.468097651018951, 36.21440314519505 ], [ 127.467326178587655, 36.214263934418987 ], [ 127.466650478226796, 36.214216150291954 ], [ 127.46653553600305, 36.214173511280805 ], [ 127.466162616448727, 36.214052731914201 ], [ 127.46532046927156, 36.214332275470412 ], [ 127.464652041161045, 36.214191791894571 ], [ 127.463735441781211, 36.214015386833424 ], [ 127.463583491136774, 36.213736326479292 ], [ 127.463100695856483, 36.213691715473232 ], [ 127.462858318969083, 36.213606758023488 ], [ 127.462474089684207, 36.213689345435476 ], [ 127.461996035351547, 36.213358593992623 ], [ 127.461537603389772, 36.213200955224941 ], [ 127.461148642137417, 36.213069524751887 ], [ 127.460932850776402, 36.212924198915509 ], [ 127.46028364687875, 36.212918804055882 ], [ 127.460107882080436, 36.212604062377984 ], [ 127.4600959690368, 36.21258833726101 ], [ 127.460075041328636, 36.212306508207007 ], [ 127.459953356888064, 36.211999165043352 ], [ 127.460004638092045, 36.211647226338592 ], [ 127.459975579228555, 36.211490756439026 ], [ 127.459932600207893, 36.211271815500005 ], [ 127.459669288692737, 36.210901651953222 ], [ 127.459571815482917, 36.210664616359537 ], [ 127.459171402949266, 36.210233010715918 ], [ 127.45924153574552, 36.20974554268517 ], [ 127.459065832180656, 36.209618921877251 ], [ 127.458638902793496, 36.209437215834853 ], [ 127.458286373990816, 36.209290713071027 ], [ 127.457645132045414, 36.208885371509133 ], [ 127.45707914080414, 36.208782196572898 ], [ 127.456000577120548, 36.20834584199109 ], [ 127.455211851784071, 36.208033707362929 ], [ 127.454681416423682, 36.207495842551729 ], [ 127.45416078807277, 36.206999068438378 ], [ 127.454055005329579, 36.207095778420509 ], [ 127.453394687913871, 36.207083070403158 ], [ 127.453188983670174, 36.207023575472796 ], [ 127.453093280244673, 36.207392297147805 ], [ 127.45302133838122, 36.207664051400691 ], [ 127.45290166430155, 36.207911770725275 ], [ 127.452788976757731, 36.208136924873834 ], [ 127.452616712698571, 36.208275852553164 ], [ 127.452260263136594, 36.208563602046148 ], [ 127.452171714297791, 36.208635471794473 ], [ 127.451923387893643, 36.2090230701995 ], [ 127.451725290032684, 36.209323460457348 ], [ 127.451716312410113, 36.209334479706314 ], [ 127.451781067445907, 36.209445469670612 ], [ 127.451890290063432, 36.209645293539815 ], [ 127.451892874844347, 36.209824683206612 ], [ 127.451912275438701, 36.210419673268426 ], [ 127.451922758515479, 36.210702381351098 ], [ 127.452191456125433, 36.210897378018977 ], [ 127.452521590833328, 36.211138040022234 ], [ 127.452577602573029, 36.21120936516548 ], [ 127.452837664931579, 36.211563506512697 ], [ 127.452832363806564, 36.211579585660218 ], [ 127.452686043873456, 36.212211806478905 ], [ 127.452678622431435, 36.212249855541053 ], [ 127.452704819155315, 36.212363531644954 ], [ 127.452730472500733, 36.21247552456969 ], [ 127.452906601070467, 36.213249881164678 ], [ 127.452996662053977, 36.213622398491765 ], [ 127.453001189873817, 36.213684626385962 ], [ 127.452887872371349, 36.214194503771786 ], [ 127.452791166212791, 36.214390317877523 ], [ 127.452972663091515, 36.214979342856665 ], [ 127.452986120460295, 36.215265986592598 ], [ 127.452900422267746, 36.215471329826478 ], [ 127.452718012160631, 36.215902893053382 ], [ 127.452461863425938, 36.21617308805255 ], [ 127.451723281160838, 36.216949195133502 ], [ 127.450989388120064, 36.217577440371976 ], [ 127.450834320760549, 36.217779383793015 ], [ 127.450408064314502, 36.218327318721293 ], [ 127.450129894928637, 36.218822329090138 ], [ 127.449756648165277, 36.219464417078584 ], [ 127.449412241293132, 36.219863913781531 ], [ 127.448749266523663, 36.220624236838127 ], [ 127.448727023199183, 36.220747385924888 ], [ 127.448712067529797, 36.220835875194595 ], [ 127.448683830318785, 36.220974817423119 ], [ 127.448031108937215, 36.22210571075491 ], [ 127.447878657150966, 36.22237156159084 ], [ 127.447784653080419, 36.22255750240474 ], [ 127.44769390916079, 36.222583182143211 ], [ 127.447580267145128, 36.222615156344403 ], [ 127.447300089195977, 36.222793337528429 ], [ 127.447270260554731, 36.222803298610167 ], [ 127.447260387709733, 36.222809814913447 ], [ 127.447165033806797, 36.223185567984054 ], [ 127.446328186756489, 36.224216321732804 ], [ 127.445985714241246, 36.224655795799684 ], [ 127.445852133118933, 36.224820758266134 ], [ 127.445829116514133, 36.22493011246889 ], [ 127.445805342642842, 36.225090440523772 ], [ 127.445702727950859, 36.225383706745546 ], [ 127.445674290073441, 36.225395924241347 ], [ 127.445651649800141, 36.225386996426089 ], [ 127.445552634059155, 36.225333292789777 ], [ 127.445504236173662, 36.225316854524856 ], [ 127.445477315594545, 36.225320054490162 ], [ 127.445457548214137, 36.225327445457587 ], [ 127.445427287990498, 36.225355719767634 ], [ 127.445415509588017, 36.225363648836087 ], [ 127.445390915218397, 36.225376978487617 ], [ 127.445374835738136, 36.225391403030223 ], [ 127.445301343469382, 36.225457290933257 ], [ 127.445221624227671, 36.225527428441275 ], [ 127.445161441839915, 36.225580875602454 ], [ 127.445126512913902, 36.225550590098081 ], [ 127.445067215321359, 36.225573618925907 ], [ 127.444808735050458, 36.225687233995487 ], [ 127.444792262887077, 36.225663638904471 ], [ 127.444783236335709, 36.225696051933838 ], [ 127.444762971553459, 36.225769068945894 ], [ 127.444780602087249, 36.225814630647662 ], [ 127.444780619575653, 36.22587883102549 ], [ 127.444780681566215, 36.225889816244894 ], [ 127.44478072291021, 36.225897142728357 ], [ 127.444906327979069, 36.226105635187857 ], [ 127.444642149460208, 36.226195326516368 ], [ 127.444669744075114, 36.226218880432818 ], [ 127.444736066894407, 36.22629946208567 ], [ 127.444735731608986, 36.226301148544053 ], [ 127.444548415988038, 36.226399846146016 ], [ 127.444546189906319, 36.226405486796146 ], [ 127.444352017538307, 36.226890033903508 ], [ 127.444176441432049, 36.227345214339415 ], [ 127.444046978347629, 36.227717432078087 ], [ 127.444108706484528, 36.227815496016099 ], [ 127.443178192661421, 36.2286147888952 ], [ 127.442542654331959, 36.229148552898614 ], [ 127.442074600030438, 36.229547636674418 ], [ 127.441776923928302, 36.229803605471673 ], [ 127.441440735261963, 36.22982286573562 ], [ 127.441035258353082, 36.22988349165221 ], [ 127.439795068278329, 36.231198138345519 ], [ 127.439471142299951, 36.231548533543069 ], [ 127.438775229410339, 36.232077713119736 ], [ 127.438331722832828, 36.232335044268652 ], [ 127.437627877530048, 36.232377885811538 ], [ 127.437812625073079, 36.232783871793856 ], [ 127.437725226197031, 36.233070028173735 ], [ 127.437651442479876, 36.233366282185017 ], [ 127.437609800044939, 36.234162287935973 ], [ 127.437411535852306, 36.235048991727659 ], [ 127.437525194223014, 36.23517023744553 ], [ 127.437795421461331, 36.236194349266945 ], [ 127.437696660290086, 36.236656566160001 ], [ 127.438080876584308, 36.236892852038388 ], [ 127.438638660027223, 36.237238050544114 ], [ 127.439437860174849, 36.237456485638333 ], [ 127.440049397811819, 36.237620964622351 ], [ 127.441180230933739, 36.23786717207517 ], [ 127.441778015136407, 36.237623060028682 ], [ 127.441846281217479, 36.237678006294217 ], [ 127.441893113408312, 36.237721487255214 ], [ 127.44229536632001, 36.238193127316684 ], [ 127.443055270454224, 36.238405203410707 ], [ 127.443274532891238, 36.238605186683337 ], [ 127.443775447206349, 36.2386931750017 ], [ 127.444431638642385, 36.23866709142353 ], [ 127.444788350457543, 36.238733638415461 ], [ 127.445387384714152, 36.23874296157836 ], [ 127.44572549855755, 36.238843089779309 ], [ 127.446136839537402, 36.238889162281538 ], [ 127.446373034958867, 36.238915031371711 ], [ 127.446529075268927, 36.238846015193936 ], [ 127.446618024727485, 36.238806545906833 ], [ 127.44691693653283, 36.238673067652719 ], [ 127.4474561408814, 36.238617276407894 ], [ 127.447801476936462, 36.238578526508604 ], [ 127.447902987839839, 36.238578715544712 ], [ 127.448203192038989, 36.238520423993606 ], [ 127.449117287987605, 36.238517854693129 ], [ 127.449449699586381, 36.238349044566547 ], [ 127.449496243894785, 36.238341264305639 ], [ 127.449746429410297, 36.238290482788912 ], [ 127.450036875178398, 36.238230258622465 ], [ 127.450231553917163, 36.238442991893017 ], [ 127.450702946648065, 36.238959971021899 ], [ 127.45111083257963, 36.239402550924495 ], [ 127.451360835812025, 36.23962437458303 ], [ 127.451746093166449, 36.23997043953306 ], [ 127.451919973853578, 36.240101024305289 ], [ 127.452288307225729, 36.240375903664173 ], [ 127.452384497156061, 36.240477762363724 ], [ 127.45246526996911, 36.240589547048941 ], [ 127.452605826646192, 36.240788403850686 ], [ 127.452740728230978, 36.240912934230685 ], [ 127.452909369472678, 36.24107000503038 ], [ 127.453078662220733, 36.241249323327679 ], [ 127.453484542024938, 36.241520677759212 ], [ 127.454015896061875, 36.241756356076039 ], [ 127.454456577942452, 36.241612752185418 ], [ 127.454904867126842, 36.24137083486923 ], [ 127.455037941844481, 36.241359345054398 ] ] ] ] } },
{ "type": "Feature", "properties": { "EMD_CD": "30110145", "EMD_ENG_NM": "Haso-dong", "EMD_KOR_NM": "하소동" }, "geometry": { "type": "MultiPolygon", "coordinates": [ [ [ [ 127.444176441432049, 36.227345214339415 ], [ 127.444352017538307, 36.226890033903508 ], [ 127.444546189906319, 36.226405486796146 ], [ 127.444548415988038, 36.226399846146016 ], [ 127.444735731608986, 36.226301148544053 ], [ 127.444736066894407, 36.22629946208567 ], [ 127.444669744075114, 36.226218880432818 ], [ 127.444642149460208, 36.226195326516368 ], [ 127.444906327979069, 36.226105635187857 ], [ 127.44478072291021, 36.225897142728357 ], [ 127.444780681566215, 36.225889816244894 ], [ 127.444780619575653, 36.22587883102549 ], [ 127.444780602087249, 36.225814630647662 ], [ 127.444762971553459, 36.225769068945894 ], [ 127.444783236335709, 36.225696051933838 ], [ 127.444792262887077, 36.225663638904471 ], [ 127.444808735050458, 36.225687233995487 ], [ 127.445067215321359, 36.225573618925907 ], [ 127.445126512913902, 36.225550590098081 ], [ 127.445161441839915, 36.225580875602454 ], [ 127.445221624227671, 36.225527428441275 ], [ 127.445301343469382, 36.225457290933257 ], [ 127.445374835738136, 36.225391403030223 ], [ 127.445390915218397, 36.225376978487617 ], [ 127.445415509588017, 36.225363648836087 ], [ 127.445427287990498, 36.225355719767634 ], [ 127.445457548214137, 36.225327445457587 ], [ 127.445477315594545, 36.225320054490162 ], [ 127.445504236173662, 36.225316854524856 ], [ 127.445552634059155, 36.225333292789777 ], [ 127.445651649800141, 36.225386996426089 ], [ 127.445674290073441, 36.225395924241347 ], [ 127.445702727950859, 36.225383706745546 ], [ 127.445805342642842, 36.225090440523772 ], [ 127.445829116514133, 36.22493011246889 ], [ 127.445852133118933, 36.224820758266134 ], [ 127.445985714241246, 36.224655795799684 ], [ 127.446328186756489, 36.224216321732804 ], [ 127.447165033806797, 36.223185567984054 ], [ 127.447260387709733, 36.222809814913447 ], [ 127.447270260554731, 36.222803298610167 ], [ 127.447300089195977, 36.222793337528429 ], [ 127.447580267145128, 36.222615156344403 ], [ 127.44769390916079, 36.222583182143211 ], [ 127.447784653080419, 36.22255750240474 ], [ 127.447878657150966, 36.22237156159084 ], [ 127.448031108937215, 36.22210571075491 ], [ 127.448683830318785, 36.220974817423119 ], [ 127.448712067529797, 36.220835875194595 ], [ 127.448727023199183, 36.220747385924888 ], [ 127.448749266523663, 36.220624236838127 ], [ 127.449412241293132, 36.219863913781531 ], [ 127.449756648165277, 36.219464417078584 ], [ 127.450129894928637, 36.218822329090138 ], [ 127.450408064314502, 36.218327318721293 ], [ 127.450834320760549, 36.217779383793015 ], [ 127.450989388120064, 36.217577440371976 ], [ 127.451723281160838, 36.216949195133502 ], [ 127.452461863425938, 36.21617308805255 ], [ 127.452718012160631, 36.215902893053382 ], [ 127.452900422267746, 36.215471329826478 ], [ 127.452986120460295, 36.215265986592598 ], [ 127.452972663091515, 36.214979342856665 ], [ 127.452791166212791, 36.214390317877523 ], [ 127.452887872371349, 36.214194503771786 ], [ 127.453001189873817, 36.213684626385962 ], [ 127.452996662053977, 36.213622398491765 ], [ 127.452906601070467, 36.213249881164678 ], [ 127.452730472500733, 36.21247552456969 ], [ 127.452704819155315, 36.212363531644954 ], [ 127.452678622431435, 36.212249855541053 ], [ 127.452686043873456, 36.212211806478905 ], [ 127.452832363806564, 36.211579585660218 ], [ 127.452837664931579, 36.211563506512697 ], [ 127.452577602573029, 36.21120936516548 ], [ 127.452521590833328, 36.211138040022234 ], [ 127.452191456125433, 36.210897378018977 ], [ 127.451922758515479, 36.210702381351098 ], [ 127.451912275438701, 36.210419673268426 ], [ 127.451892874844347, 36.209824683206612 ], [ 127.451890290063432, 36.209645293539815 ], [ 127.451781067445907, 36.209445469670612 ], [ 127.451716312410113, 36.209334479706314 ], [ 127.451725290032684, 36.209323460457348 ], [ 127.451923387893643, 36.2090230701995 ], [ 127.452171714297791, 36.208635471794473 ], [ 127.452260263136594, 36.208563602046148 ], [ 127.452616712698571, 36.208275852553164 ], [ 127.452788976757731, 36.208136924873834 ], [ 127.45290166430155, 36.207911770725275 ], [ 127.45302133838122, 36.207664051400691 ], [ 127.453093280244673, 36.207392297147805 ], [ 127.453188983670174, 36.207023575472796 ], [ 127.453394687913871, 36.207083070403158 ], [ 127.454055005329579, 36.207095778420509 ], [ 127.45416078807277, 36.206999068438378 ], [ 127.454137648775401, 36.206842853934901 ], [ 127.454092212543699, 36.206585907854262 ], [ 127.454171811850955, 36.206468731760147 ], [ 127.454572530071317, 36.205877216756789 ], [ 127.454872180627333, 36.205444638286707 ], [ 127.455220704593486, 36.204932181717808 ], [ 127.455473762581775, 36.204556381943164 ], [ 127.455494061632052, 36.204520816157626 ], [ 127.455594478841888, 36.204429757662226 ], [ 127.45600904438146, 36.204071367628465 ], [ 127.456094471496357, 36.204001480473693 ], [ 127.456384878454713, 36.203595968887683 ], [ 127.456273434631299, 36.203312518082491 ], [ 127.456271138701311, 36.203186648823674 ], [ 127.456265119172869, 36.202805351871412 ], [ 127.456062193192423, 36.20244592673528 ], [ 127.455999191817, 36.202336338152918 ], [ 127.456017991390866, 36.202193482463166 ], [ 127.456043460837193, 36.202029198210589 ], [ 127.455961605121814, 36.201816323888821 ], [ 127.455890541171087, 36.201635229501079 ], [ 127.455885632585279, 36.201415024682476 ], [ 127.455875212970255, 36.20108584201094 ], [ 127.455670403427575, 36.200880472432914 ], [ 127.455591420683547, 36.200800791611577 ], [ 127.454803932381083, 36.200780399801047 ], [ 127.454338308122047, 36.200565318300846 ], [ 127.45378682698788, 36.200315638368856 ], [ 127.453361165377814, 36.199979858989821 ], [ 127.452686709694717, 36.199825821706874 ], [ 127.452353084764297, 36.199633323224901 ], [ 127.452262963796187, 36.199549455553267 ], [ 127.452261329894711, 36.199537917475226 ], [ 127.452087926629972, 36.199230480883706 ], [ 127.451976589259417, 36.199023905841685 ], [ 127.451862469469333, 36.198814808814795 ], [ 127.451840385205898, 36.198781376683129 ], [ 127.45149262837316, 36.198698477474011 ], [ 127.451300225114281, 36.198744260122837 ], [ 127.451111811569831, 36.198789748107423 ], [ 127.450715670906476, 36.198814612340868 ], [ 127.450304697752998, 36.198461590144213 ], [ 127.449993689762252, 36.19796907538165 ], [ 127.450013387956005, 36.197888453267964 ], [ 127.449879170758379, 36.19771801852314 ], [ 127.44899743816552, 36.19734168318584 ], [ 127.448716133657612, 36.196722887378236 ], [ 127.448028953216081, 36.19670630260299 ], [ 127.447317387539456, 36.196524490480265 ], [ 127.4464107624554, 36.196194991376366 ], [ 127.445847428302685, 36.195990378046261 ], [ 127.445416202570442, 36.195582495449869 ], [ 127.445011845496296, 36.195502319539258 ], [ 127.444659886407166, 36.195534038278161 ], [ 127.44458547252691, 36.195399982389581 ], [ 127.444352430151341, 36.195292702019181 ], [ 127.444225749742415, 36.195008457686555 ], [ 127.443694288156763, 36.194753294663464 ], [ 127.443373904055079, 36.194839811489288 ], [ 127.442750250386439, 36.19474636066149 ], [ 127.441101685959865, 36.194786779826671 ], [ 127.44090004406128, 36.194919607637651 ], [ 127.440916027804661, 36.195418294597012 ], [ 127.440835245339272, 36.195635723854146 ], [ 127.440746963341098, 36.196158738044304 ], [ 127.440756551929894, 36.196599447810975 ], [ 127.439415128076192, 36.197300811532379 ], [ 127.438204276054165, 36.197148653649712 ], [ 127.437991664895648, 36.197374438252126 ], [ 127.437275704720463, 36.197744849608291 ], [ 127.437126045691002, 36.19819992748512 ], [ 127.436739165730941, 36.198518166187895 ], [ 127.436120669589599, 36.198357920074116 ], [ 127.435673562430921, 36.198526542204355 ], [ 127.435271694700106, 36.198616423989826 ], [ 127.434638927177346, 36.198388064946677 ], [ 127.433901151510398, 36.198429321418118 ], [ 127.433729378461962, 36.198467674652541 ], [ 127.433530346901122, 36.19857568887705 ], [ 127.43331029591171, 36.199251816556192 ], [ 127.43291334817367, 36.200111910506486 ], [ 127.432562385368968, 36.200551099072086 ], [ 127.43227168074273, 36.201208887558458 ], [ 127.431181119132134, 36.202126109021478 ], [ 127.431186510904354, 36.2027301659 ], [ 127.4309192755955, 36.204125715290253 ], [ 127.43062254276164, 36.2041301590167 ], [ 127.430620468080477, 36.204131013572955 ], [ 127.430409192325541, 36.204225827994406 ], [ 127.429991420813522, 36.204623568223788 ], [ 127.42937068118043, 36.205205650016531 ], [ 127.428992185280507, 36.205159690102874 ], [ 127.427908521668641, 36.205123002315851 ], [ 127.427626436940926, 36.205329865594663 ], [ 127.426465081118835, 36.205931320960453 ], [ 127.425573264887419, 36.205807470639044 ], [ 127.425038692597823, 36.206040293264437 ], [ 127.423947258253193, 36.206016267865657 ], [ 127.423657657674767, 36.206151341586299 ], [ 127.422731438615813, 36.207291229653336 ], [ 127.422336468261534, 36.208063703362996 ], [ 127.422329798799552, 36.208082877076947 ], [ 127.422772949695471, 36.208681446655071 ], [ 127.423554550079345, 36.209729145361081 ], [ 127.424311972896064, 36.210057379276186 ], [ 127.424797221199057, 36.210468516395892 ], [ 127.426004151089714, 36.211500049202833 ], [ 127.426131201667914, 36.211602667366598 ], [ 127.426148126599074, 36.211616972252386 ], [ 127.425461570128377, 36.212961897232304 ], [ 127.4250132376837, 36.213215817284159 ], [ 127.42383682552321, 36.21388628598605 ], [ 127.423994643595421, 36.21428169284949 ], [ 127.424738609693364, 36.214716978212721 ], [ 127.425189046897913, 36.215691208334526 ], [ 127.425230528846939, 36.216165590767375 ], [ 127.42600834623363, 36.216941802519152 ], [ 127.425812487194733, 36.217227776995315 ], [ 127.42581874921764, 36.217487404873872 ], [ 127.425826620475092, 36.217721685649636 ], [ 127.426407149722777, 36.218131360182319 ], [ 127.426561512559104, 36.218365120640335 ], [ 127.426663354023674, 36.21843122140514 ], [ 127.426222134683911, 36.218751015363708 ], [ 127.426056473774935, 36.219126722315501 ], [ 127.426158740984263, 36.219658348139951 ], [ 127.42580748081285, 36.220742982955734 ], [ 127.425443199236568, 36.221508309191975 ], [ 127.425423963104862, 36.221548372004307 ], [ 127.425633419280942, 36.221912331018224 ], [ 127.425649377373659, 36.221938742306236 ], [ 127.425811830968911, 36.222061241429458 ], [ 127.426113860028238, 36.222287431315465 ], [ 127.425513038421926, 36.224400311534389 ], [ 127.425639393391862, 36.224788500283069 ], [ 127.425688690182639, 36.224939274220482 ], [ 127.425683168633299, 36.225267947362042 ], [ 127.424064357167339, 36.226115716226161 ], [ 127.424045895149817, 36.226171826180988 ], [ 127.423929709542847, 36.226542281402395 ], [ 127.424099037087373, 36.227393313189125 ], [ 127.423997963141687, 36.227761182701663 ], [ 127.424675675718561, 36.228359482172067 ], [ 127.425479661936279, 36.228649800768402 ], [ 127.425880868131543, 36.229018432304919 ], [ 127.42674754282784, 36.229168836213312 ], [ 127.428377655494458, 36.228861413984291 ], [ 127.429125074909095, 36.228528127260624 ], [ 127.429719935407775, 36.227945573309981 ], [ 127.430322949106213, 36.227617301730064 ], [ 127.431143445307328, 36.227175877572755 ], [ 127.432595065541094, 36.227384688106511 ], [ 127.433821419789211, 36.227649492711627 ], [ 127.434186126621896, 36.229242704727149 ], [ 127.434370475598769, 36.229453816470119 ], [ 127.435160657170442, 36.229848323790364 ], [ 127.435397820225745, 36.230087125154789 ], [ 127.436529461718862, 36.231254556503188 ], [ 127.436502626085158, 36.231303651487195 ], [ 127.437627877530048, 36.232377885811538 ], [ 127.438331722832828, 36.232335044268652 ], [ 127.438775229410339, 36.232077713119736 ], [ 127.439471142299951, 36.231548533543069 ], [ 127.439795068278329, 36.231198138345519 ], [ 127.441035258353082, 36.22988349165221 ], [ 127.441440735261963, 36.22982286573562 ], [ 127.441776923928302, 36.229803605471673 ], [ 127.442074600030438, 36.229547636674418 ], [ 127.442542654331959, 36.229148552898614 ], [ 127.443178192661421, 36.2286147888952 ], [ 127.444108706484528, 36.227815496016099 ], [ 127.444046978347629, 36.227717432078087 ], [ 127.444176441432049, 36.227345214339415 ] ] ] ] } }
]
}
