ADDR,ADDR_CD,YEAR,MONTH,ELE,GAS,ELE_DSA,GAS_DSA
대전광역시 대덕구 갈전동,3023012100,2020,1,19429.0,0.0,9.05877901,0.0
대전광역시 대덕구 갈전동,3023012100,2020,2,6780.0,0.0,3.16117771,0.0
대전광역시 대덕구 갈전동,3023012100,2020,3,4929.0,0.0,2.29814822,0.0
대전광역시 대덕구 갈전동,3023012100,2020,4,5154.0,0.0,2.40305455,0.0
대전광역시 대덕구 갈전동,3023012100,2020,5,5078.0,0.0,2.36761952,0.0
대전광역시 대덕구 갈전동,3023012100,2020,6,4663.0,0.0,2.17412562,0.0
대전광역시 대덕구 갈전동,3023012100,2020,7,4685.0,0.0,2.18438312,0.0
대전광역시 대덕구 갈전동,3023012100,2020,8,5031.0,0.0,2.34570577,0.0
대전광역시 대덕구 갈전동,3023012100,2020,9,5700.0,0.0,2.65762727,0.0
대전광역시 대덕구 갈전동,3023012100,2020,10,4531.0,0.0,2.11258056,0.0
대전광역시 대덕구 갈전동,3023012100,2020,11,5236.0,0.0,2.44128709,0.0
대전광역시 대덕구 갈전동,3023012100,2020,12,5414.0,0.0,2.52427966,0.0
대전광역시 대덕구 갈전동,3023012100,2021,1,6956.0,0.0,3.2432377800000003,0.0
대전광역시 대덕구 갈전동,3023012100,2021,2,7180.0,0.0,3.34767787,0.0
대전광역시 대덕구 갈전동,3023012100,2021,3,5719.0,0.0,2.66648604,0.0
대전광역시 대덕구 갈전동,3023012100,2021,4,5957.0,0.0,2.77745364,0.0
대전광역시 대덕구 갈전동,3023012100,2021,5,5228.0,0.0,2.43755708,0.0
대전광역시 대덕구 갈전동,3023012100,2021,6,4587.0,0.0,2.13869058,0.0
대전광역시 대덕구 갈전동,3023012100,2021,7,4798.0,0.0,2.23706942,0.0
대전광역시 대덕구 갈전동,3023012100,2021,8,6314.0,0.0,2.9439050200000003,0.0
대전광역시 대덕구 갈전동,3023012100,2021,9,4956.0,0.0,2.31073698,0.0
대전광역시 대덕구 갈전동,3023012100,2021,10,4280.0,0.0,1.9955517,0.0
대전광역시 대덕구 갈전동,3023012100,2021,11,4678.0,0.0,2.18111937,0.0
대전광역시 대덕구 갈전동,3023012100,2021,12,5461.0,0.0,2.54619343,0.0
대전광역시 대덕구 갈전동,3023012100,2022,1,6040.0,0.0,2.81615242,0.0
대전광역시 대덕구 갈전동,3023012100,2022,2,6953.0,0.0,3.24183902,0.0
대전광역시 대덕구 갈전동,3023012100,2022,3,5170.0,0.0,2.41051457,0.0
대전광역시 대덕구 갈전동,3023012100,2022,4,5064.0,0.0,2.36109203,0.0
대전광역시 대덕구 갈전동,3023012100,2022,5,4326.0,0.0,2.01699922,0.0
대전광역시 대덕구 갈전동,3023012100,2022,6,4240.0,0.0,1.97690169,0.0
대전광역시 대덕구 갈전동,3023012100,2022,7,5135.0,0.0,2.3941958000000003,0.0
대전광역시 대덕구 갈전동,3023012100,2022,8,5512.0,0.0,2.5699722,0.0
대전광역시 대덕구 갈전동,3023012100,2022,9,4993.0,0.0,2.32798826,0.0
대전광역시 대덕구 갈전동,3023012100,2022,10,4307.0,0.0,2.0081404700000003,0.0
대전광역시 대덕구 갈전동,3023012100,2022,11,4573.0,0.0,2.13216308,0.0
대전광역시 대덕구 갈전동,3023012100,2022,12,5590.0,0.0,2.60633973,0.0
대전광역시 대덕구 대화동,3023010200,2020,1,2920405.0,1199159.0,1361.63999943,214.99600434
대전광역시 대덕구 대화동,3023010200,2020,2,2928592.0,1798773.0,1365.45719137,322.50019192
대전광역시 대덕구 대화동,3023010200,2020,3,2671474.0,1407945.0,1245.57582115,252.42903512
대전광역시 대덕구 대화동,3023010200,2020,4,2335779.0,990620.0,1089.05789301,177.60725791
대전광역시 대덕구 대화동,3023010200,2020,5,2061676.0,724146.0,961.25725971,129.83140393
대전광역시 대덕구 대화동,3023010200,2020,6,2319494.0,444896.0,1081.46500535,79.76495387
대전광역시 대덕구 대화동,3023010200,2020,7,2385842.0,446835.0,1112.39978679,80.11259523
대전광역시 대덕구 대화동,3023010200,2020,8,2682590.0,391502.0,1250.75866057,70.19199757999999
대전광역시 대덕구 대화동,3023010200,2020,9,2507431.0,370513.0,1169.09070671,66.42890107
대전광역시 대덕구 대화동,3023010200,2020,10,1996190.0,178720.0,930.72438605,32.04252803
대전광역시 대덕구 대화동,3023010200,2020,11,2423192.0,713180.0,1129.81423924,127.86532088
대전광역시 대덕구 대화동,3023010200,2020,12,2947450.0,1191701.0,1374.24974143,213.65886702
대전광역시 대덕구 대화동,3023010200,2021,1,3414185.0,1911666.0,1591.86512198,342.74066377
대전광역시 대덕구 대화동,3023010200,2021,2,3194336.0,1774171.0,1489.36043771,318.08932424
대전광역시 대덕구 대화동,3023010200,2021,3,2819024.0,1229670.0,1314.37106767,220.46629069
대전광역시 대덕구 대화동,3023010200,2021,4,2624491.0,882018.0,1223.66997853,158.1361152
대전광역시 대덕구 대화동,3023010200,2021,5,2391998.0,597771.0,1115.27002437,107.17375803
대전광역시 대덕구 대화동,3023010200,2021,6,2563127.0,446128.0,1195.05898907,79.98583794
대전광역시 대덕구 대화동,3023010200,2021,7,2923511.0,362671.0,1363.08817319,65.02291683
대전광역시 대덕구 대화동,3023010200,2021,8,3091641.0,299075.0,1441.47885292,53.62085429
대전광역시 대덕구 대화동,3023010200,2021,9,2743271.0,269503.0,1279.05120106,48.31892029
대전광역시 대덕구 대화동,3023010200,2021,10,2529543.0,334198.0,1179.40043561,59.91802141
대전광역시 대덕구 대화동,3023010200,2021,11,2801395.0,733406.0,1306.15153925,131.49162002
대전광역시 대덕구 대화동,3023010200,2021,12,3369907.0,1233520.0,1571.22048672,221.1565533
대전광역시 대덕구 대화동,3023010200,2022,1,3821897.0,1675650.0,1781.96100491,300.4255938
대전광역시 대덕구 대화동,3023010200,2022,2,3530245.0,1713765.0,1645.97814334,307.25919362
대전광역시 대덕구 대화동,3023010200,2022,3,3154263.0,1354490.0,1470.67638543,242.84514224
대전광역시 대덕구 대화동,3023010200,2022,4,2747800.0,978813.0,1281.16284921,175.49039286
대전광역시 대덕구 대화동,3023010200,2022,5,2551651.0,574860.0,1189.70829946,103.06606802
대전광역시 대덕구 대화동,3023010200,2022,6,2705096.0,416464.0,1261.25209207,74.66740936000001
대전광역시 대덕구 대화동,3023010200,2022,7,3166764.0,333001.0,1476.5049817,59.70341251
대전광역시 대덕구 대화동,3023010200,2022,8,2999881.0,302860.0,1398.69571624,54.29946312
대전광역시 대덕구 대화동,3023010200,2022,9,2656053.0,310711.0,1238.38577367,55.70706099
대전광역시 대덕구 대화동,3023010200,2022,10,2445426.0,430329.0,1140.1808506700002,77.15325121
대전광역시 대덕구 대화동,3023010200,2022,11,2586910.0,910069.0,1206.14782232,163.16535061
대전광역시 대덕구 대화동,3023010200,2022,12,3220420.0,1577347.0,1501.52211316,282.80094837
대전광역시 대덕구 덕암동,3023011500,2020,1,1197122.0,579050.0,558.15861129,103.81728887
대전광역시 대덕구 덕암동,3023011500,2020,2,1336327.0,1184817.0,623.06299832,212.42464167
대전광역시 대덕구 덕암동,3023011500,2020,3,1216717.0,970810.0,567.29478789,174.05554305
대전광역시 대덕구 덕암동,3023011500,2020,4,1123055.0,704360.0,523.62484306,126.2839921
대전광역시 대덕구 덕암동,3023011500,2020,5,1010405.0,518357.0,471.10173543,92.93570225
대전광역시 대덕구 덕암동,3023011500,2020,6,1050390.0,335796.0,489.74475766,60.204525270000005
대전광역시 대덕구 덕암동,3023011500,2020,7,1167217.0,319049.0,544.21539308,57.20197256
대전광역시 대덕구 덕암동,3023011500,2020,8,1248935.0,302371.0,582.31644335,54.21179077
대전광역시 대덕구 덕암동,3023011500,2020,9,1215379.0,161562.0,566.67094492,28.96628762
대전광역시 대덕구 덕암동,3023011500,2020,10,858320.0,182233.0,400.19204329,32.67237024
대전광역시 대덕구 덕암동,3023011500,2020,11,1071578.0,650336.0,499.62367114,116.59808372
대전광역시 대덕구 덕암동,3023011500,2020,12,1191831.0,962505.0,555.6916804800001,172.56654804
대전광역시 대덕구 덕암동,3023011500,2021,1,1424341.0,1434132.0,664.09956101,257.12407583
대전광역시 대덕구 덕암동,3023011500,2021,2,1466208.0,1233493.0,683.62006652,221.1517125
대전광역시 대덕구 덕암동,3023011500,2021,3,1163702.0,949364.0,542.57652299,170.2105114
대전광역시 대덕구 덕암동,3023011500,2021,4,1123521.0,726347.0,523.84211566,130.22601902
대전광역시 대덕구 덕암동,3023011500,2021,5,1002769.0,504825.0,467.54144735,90.50956373
대전광역시 대덕구 덕암동,3023011500,2021,6,1089627.0,385597.0,508.03902455,69.13329615
대전광역시 대덕구 덕암동,3023011500,2021,7,1254726.0,306145.0,585.0164994,54.88842743
대전광역시 대덕구 덕암동,3023011500,2021,8,1576505.0,272329.0,735.04608688,48.82559096
대전광역시 대덕구 덕암동,3023011500,2021,9,1344044.0,234299.0,626.66105269,42.00723074
대전광역시 대덕구 덕암동,3023011500,2021,10,1134327.0,289302.0,528.88041749,51.86866301
대전광역시 대덕구 덕암동,3023011500,2021,11,1154725.0,647418.0,538.39099323,116.07491839
대전광역시 대덕구 덕암동,3023011500,2021,12,1243909.0,956995.0,579.97306887,171.57866568
대전광역시 대덕구 덕암동,3023011500,2022,1,1460594.0,1342319.0,681.00253678,240.66301596
대전광역시 대덕구 덕암동,3023011500,2022,2,1489227.0,1344177.0,694.3526845,240.99613487
대전광역시 대덕구 덕암동,3023011500,2022,3,1293822.0,1055679.0,603.24502498,189.27162026
대전광역시 대덕구 덕암동,3023011500,2022,4,1211207.0,776994.0,564.72574822,139.30646847
대전광역시 대덕구 덕암동,3023011500,2022,5,1052168.0,443746.0,490.573751,79.55877155
대전광역시 대덕구 덕암동,3023011500,2022,6,1111285.0,336542.0,518.13707581,60.33827482
대전광역시 대덕구 덕암동,3023011500,2022,7,1265872.0,298592.0,590.21332632,53.53425768
대전광역시 대덕구 덕암동,3023011500,2022,8,1466214.0,320667.0,683.62286403,57.49206213
대전광역시 대덕구 덕암동,3023011500,2022,9,1318635.0,267019.0,614.81409625,47.87356644
대전광역시 대덕구 덕암동,3023011500,2022,10,1064261.0,355873.0,496.21211701,63.80411025
대전광역시 대덕구 덕암동,3023011500,2022,11,1018593.0,613232.0,474.91939368,109.94574509
대전광역시 대덕구 덕암동,3023011500,2022,12,1125773.0,1021091.0,524.89211155,183.07037272
대전광역시 대덕구 목상동,3023011200,2020,1,757534.0,215401.0,353.20053048,38.61902744
대전광역시 대덕구 목상동,3023011200,2020,2,747190.0,232675.0,348.37763637,41.71606542
대전광역시 대덕구 목상동,3023011200,2020,3,657366.0,175954.0,306.49716042,31.54661469
대전광역시 대덕구 목상동,3023011200,2020,4,637627.0,179648.0,297.29384382,32.20890824
대전광역시 대덕구 목상동,3023011200,2020,5,606653.0,106199.0,282.8522039,19.04031131
대전광역시 대덕구 목상동,3023011200,2020,6,664172.0,133656.0,309.67046067,23.96304907
대전광역시 대덕구 목상동,3023011200,2020,7,689059.0,100650.0,321.27403437,18.0454367
대전광역시 대덕구 목상동,3023011200,2020,8,796696.0,155479.0,371.45982869,27.87567265
대전광역시 대덕구 목상동,3023011200,2020,9,256034.0,44999.0,119.37595492,8.0678252
대전광역시 대덕구 목상동,3023011200,2020,10,187315.0,36296.0,87.33569366,6.50747312
대전광역시 대덕구 목상동,3023011200,2020,11,628661.0,129332.0,293.11344271,23.18780349
대전광역시 대덕구 목상동,3023011200,2020,12,675999.0,216323.0,315.18480414,38.7843319
대전광역시 대덕구 목상동,3023011200,2021,1,758448.0,232155.0,353.62668337,41.62283517
대전광역시 대덕구 목상동,3023011200,2021,2,732872.0,289882.0,341.70186316,51.97265064
대전광역시 대덕구 목상동,3023011200,2021,3,616110.0,178977.0,287.26153395,32.08860531
대전광역시 대덕구 목상동,3023011200,2021,4,611991.0,201956.0,285.34104856,36.20848697
대전광역시 대덕구 목상동,3023011200,2021,5,579739.0,127920.0,270.30354062000004,22.93464743
대전광역시 대덕구 목상동,3023011200,2021,6,628802.0,150436.0,293.179184,26.97151828
대전광역시 대덕구 목상동,3023011200,2021,7,730641.0,98872.0,340.66165852,17.72666088
대전광역시 대덕구 목상동,3023011200,2021,8,912468.0,140489.0,425.43856999,25.18813073
대전광역시 대덕구 목상동,3023011200,2021,9,678706.0,82208.0,316.44694397,14.73898921
대전광역시 대덕구 목상동,3023011200,2021,10,634656.0,146035.0,295.90861386,26.18246743
대전광역시 대덕구 목상동,3023011200,2021,11,627279.0,125975.0,292.46908467,22.58593035
대전광역시 대덕구 목상동,3023011200,2021,12,663346.0,206207.0,309.28533787,36.97064449
대전광역시 대덕구 목상동,3023011200,2022,1,747370.0,217115.0,348.46156148,38.92632878
대전광역시 대덕구 목상동,3023011200,2022,2,735346.0,252766.0,342.85536667,45.31816051
대전광역시 대덕구 목상동,3023011200,2022,3,638120.0,193930.0,297.52370525000003,34.76951357
대전광역시 대덕구 목상동,3023011200,2022,4,630578.0,196583.0,294.00724473,35.24516725
대전광역시 대덕구 목상동,3023011200,2022,5,584027.0,117626.0,272.30282233,21.08904657
대전광역시 대덕구 목상동,3023011200,2022,6,637173.0,143098.0,297.08216609,25.65589568
대전광역시 대덕구 목상동,3023011200,2022,7,818570.0,93046.0,381.65858998,16.68212321
대전광역시 대덕구 목상동,3023011200,2022,8,891658.0,128859.0,415.73589919000005,23.1029998
대전광역시 대덕구 목상동,3023011200,2022,9,719073.0,75373.0,335.26807389,13.51354895
대전광역시 대덕구 목상동,3023011200,2022,10,702187.0,130092.0,327.39496963,23.32406313
대전광역시 대덕구 목상동,3023011200,2022,11,705623.0,126108.0,328.997006,22.60977578
대전광역시 대덕구 목상동,3023011200,2022,12,757687.0,181291.0,353.27186682,32.50348004
대전광역시 대덕구 문평동,3023011300,2020,1,3464641.0,65395.0,1615.39025209,11.72460341
대전광역시 대덕구 문평동,3023011300,2020,2,3253625.0,70884.0,1517.00395769,12.70872067
대전광역시 대덕구 문평동,3023011300,2020,3,3141811.0,67807.0,1464.87063546,12.15704844
대전광역시 대덕구 문평동,3023011300,2020,4,3125708.0,62621.0,1457.36260525,11.22725576
대전광역시 대덕구 문평동,3023011300,2020,5,2924672.0,49497.0,1363.62948984,8.87426707
대전광역시 대덕구 문평동,3023011300,2020,6,3201446.0,36476.0,1492.67547807,6.53974514
대전광역시 대덕구 문평동,3023011300,2020,7,3625765.0,33338.0,1690.51438155,5.97713629
대전광역시 대덕구 문평동,3023011300,2020,8,3732348.0,34003.0,1740.20874794,6.09636348
대전광역시 대덕구 문평동,3023011300,2020,9,3814881.0,26611.0,1778.68979221,4.771059279999999
대전광역시 대덕구 문평동,3023011300,2020,10,2899431.0,25117.0,1351.86086351,4.50320153
대전광역시 대덕구 문평동,3023011300,2020,11,3570259.0,39163.0,1664.63468688,7.02149466
대전광역시 대덕구 문평동,3023011300,2020,12,4303592.0,51885.0,2006.55149145,9.30240917
대전광역시 대덕구 문평동,3023011300,2021,1,4368553.0,65252.0,2036.83958366,11.69896508
대전광역시 대덕구 문평동,3023011300,2021,2,3957510.0,77708.0,1845.19062047,13.93218873
대전광역시 대덕구 문평동,3023011300,2021,3,3396236.0,68098.0,1583.49639349,12.20922154
대전광역시 대덕구 문평동,3023011300,2021,4,3165693.0,63610.0,1476.00562755,11.40457257
대전광역시 대덕구 문평동,3023011300,2021,5,3118137.0,38161.0,1453.83262347,6.84184709
대전광역시 대덕구 문평동,3023011300,2021,6,3469621.0,35074.0,1617.71217911,6.28838199
대전광역시 대덕구 문평동,3023011300,2021,7,3949115.0,29142.0,1841.27644841,5.22483972
대전광역시 대덕구 문평동,3023011300,2021,8,3971801.0,27312.0,1851.85380496,4.89674087
대전광역시 대덕구 문평동,3023011300,2021,9,3526762.0,22577.0,1644.35419321,4.047807489999999
대전광역시 대덕구 문평동,3023011300,2021,10,3244931.0,24160.0,1512.95037671,4.33162196
대전광역시 대덕구 문평동,3023011300,2021,11,3372562.0,38542.0,1572.45838149,6.91015619
대전광역시 대덕구 문평동,3023011300,2021,12,4104928.0,55409.0,1913.92432199,9.93422358
대전광역시 대덕구 문평동,3023011300,2022,1,4531601.0,73710.0,2112.86077889,13.21539135
대전광역시 대덕구 문평동,3023011300,2022,2,4099082.0,84124.0,1911.19862215,15.08250688
대전광역시 대덕구 문평동,3023011300,2022,3,3412211.0,80828.0,1590.94474367,14.49157039
대전광역시 대덕구 문평동,3023011300,2022,4,3130720.0,65088.0,1459.69945224,11.66956169
대전광역시 대덕구 문평동,3023011300,2022,5,3083303.0,47456.0,1437.59125707,8.50833825
대전광역시 대덕구 문평동,3023011300,2022,6,3400678.0,35658.0,1585.5674777600002,6.39308675
대전광역시 대덕구 문평동,3023011300,2022,7,3826157.0,32960.0,1783.94723169,5.90936508
대전광역시 대덕구 문평동,3023011300,2022,8,3137685.0,73377.0,1462.94688631,13.15568813
대전광역시 대덕구 문평동,3023011300,2022,9,2750339.0,61794.0,1282.34665889,11.07898377
대전광역시 대덕구 문평동,3023011300,2022,10,2548474.0,67867.0,1188.22702188,12.16780579
대전광역시 대덕구 문평동,3023011300,2022,11,2588833.0,92074.0,1207.04442177,16.50785434
대전광역시 대덕구 문평동,3023011300,2022,12,3540485.0,132440.0,1650.7525474400002,23.74503366
대전광역시 대덕구 미호동,3023012500,2020,1,85536.0,0.0,39.88119421,0.0
대전광역시 대덕구 미호동,3023012500,2020,2,77348.0,0.0,36.06353592,0.0
대전광역시 대덕구 미호동,3023012500,2020,3,67929.0,0.0,31.67192342,0.0
대전광역시 대덕구 미호동,3023012500,2020,4,61502.0,0.0,28.67533212,0.0
대전광역시 대덕구 미호동,3023012500,2020,5,48504.0,0.0,22.6150094,0.0
대전광역시 대덕구 미호동,3023012500,2020,6,45876.0,0.0,21.38970335,0.0
대전광역시 대덕구 미호동,3023012500,2020,7,48531.0,0.0,22.62759815,0.0
대전광역시 대덕구 미호동,3023012500,2020,8,52978.0,0.0,24.70101369,0.0
대전광역시 대덕구 미호동,3023012500,2020,9,31391.0,0.0,14.6360663,0.0
대전광역시 대덕구 미호동,3023012500,2020,10,25495.0,0.0,11.88705392,0.0
대전광역시 대덕구 미호동,3023012500,2020,11,47014.0,0.0,21.9202963,0.0
대전광역시 대덕구 미호동,3023012500,2020,12,53719.0,0.0,25.04650523,0.0
대전광역시 대덕구 미호동,3023012500,2021,1,79673.0,0.0,37.14756812,0.0
대전광역시 대덕구 미호동,3023012500,2021,2,81084.0,0.0,37.80544743,0.0
대전광역시 대덕구 미호동,3023012500,2021,3,62077.0,0.0,28.94342609,0.0
대전광역시 대덕구 미호동,3023012500,2021,4,50383.0,0.0,23.49109388,0.0
대전광역시 대덕구 미호동,3023012500,2021,5,37926.0,0.0,17.683012650000002,0.0
대전광역시 대덕구 미호동,3023012500,2021,6,60070.0,0.0,28.00766154,0.0
대전광역시 대덕구 미호동,3023012500,2021,7,70404.0,0.0,32.82589318,0.0
대전광역시 대덕구 미호동,3023012500,2021,8,79711.0,0.0,37.16528561,0.0
대전광역시 대덕구 미호동,3023012500,2021,9,67905.0,0.0,31.66073341,0.0
대전광역시 대덕구 미호동,3023012500,2021,10,64052.0,0.0,29.8642706,0.0
대전광역시 대덕구 미호동,3023012500,2021,11,76354.0,0.0,35.60008305,0.0
대전광역시 대덕구 미호동,3023012500,2021,12,104511.0,0.0,48.72829556,0.0
대전광역시 대덕구 미호동,3023012500,2022,1,119016.0,0.0,55.49125761,0.0
대전광역시 대덕구 미호동,3023012500,2022,2,111012.0,0.0,51.7593894,0.0
대전광역시 대덕구 미호동,3023012500,2022,3,97799.0,0.0,45.59882287,0.0
대전광역시 대덕구 미호동,3023012500,2022,4,78778.0,0.0,36.73027403,0.0
대전광역시 대덕구 미호동,3023012500,2022,5,53468.0,0.0,24.92947641,0.0
대전광역시 대덕구 미호동,3023012500,2022,6,57847.0,0.0,26.97118689,0.0
대전광역시 대덕구 미호동,3023012500,2022,7,68276.0,0.0,31.83371232,0.0
대전광역시 대덕구 미호동,3023012500,2022,8,78789.0,0.0,36.73540277,0.0
대전광역시 대덕구 미호동,3023012500,2022,9,68961.0,0.0,32.15309385,0.0
대전광역시 대덕구 미호동,3023012500,2022,10,62136.0,0.0,28.97093485,0.0
대전광역시 대덕구 미호동,3023012500,2022,11,67171.0,0.0,31.31850562,0.0
대전광역시 대덕구 미호동,3023012500,2022,12,96008.0,0.0,44.7637684,0.0
대전광역시 대덕구 법동,3023010800,2020,1,4153151.0,13226489.0,1936.40831501,2371.36383611
대전광역시 대덕구 법동,3023010800,2020,2,4132380.0,13436573.0,1926.72382792,2409.02958397
대전광역시 대덕구 법동,3023010800,2020,3,3766542.0,11678804.0,1756.15171416,2093.88095769
대전광역시 대덕구 법동,3023010800,2020,4,3772229.0,9222561.0,1758.80328013,1653.50363436
대전광역시 대덕구 법동,3023010800,2020,5,3495888.0,6896137.0,1629.95917833,1236.40142828
대전광역시 대덕구 법동,3023010800,2020,6,3707108.0,3876883.0,1728.44058786,695.08243214
대전광역시 대덕구 법동,3023010800,2020,7,3700959.0,3046904.0,1725.57361415,546.27633662
대전광역시 대덕구 법동,3023010800,2020,8,4448307.0,2866306.0,2074.02491808,513.89710387
대전광역시 대덕구 법동,3023010800,2020,9,967577.0,648125.0,451.13316324,116.20167578
대전광역시 대덕구 법동,3023010800,2020,10,710736.0,497312.0,331.38094426,89.16256552
대전광역시 대덕구 법동,3023010800,2020,11,3634098.0,5385455.0,1694.39964614,965.5527803
대전광역시 대덕구 법동,3023010800,2020,12,3875380.0,9280477.0,1806.89747516,1663.88733546
대전광역시 대덕구 법동,3023010800,2021,1,4333574.0,15001534.0,2020.53061094,2689.60985893
대전광역시 대덕구 법동,3023010800,2021,2,4227164.0,15123867.0,1970.91690589,2711.54281879
대전광역시 대덕구 법동,3023010800,2021,3,3645713.0,11367276.0,1699.81514453,2038.02741765
대전광역시 대덕구 법동,3023010800,2021,4,3766863.0,8428297.0,1756.30138049,1511.10084509
대전광역시 대덕구 법동,3023010800,2021,5,3455172.0,5442670.0,1610.97532703,975.8107998
대전광역시 대덕구 법동,3023010800,2021,6,3702128.0,4196002.0,1726.11866085,752.2969549000001
대전광역시 대덕구 법동,3023010800,2021,7,4235890.0,3201191.0,1974.98540688,573.93829682
대전광역시 대덕구 법동,3023010800,2021,8,5105476.0,2834265.0,2380.4302272,508.1525054
대전광역시 대덕구 법동,3023010800,2021,9,3989349.0,2666622.0,1860.03556695,478.09596146
대전광역시 대덕구 법동,3023010800,2021,10,3573661.0,3084649.0,1666.22087067,553.0435995500001
대전광역시 대덕구 법동,3023010800,2021,11,3723787.0,6085450.0,1736.21717829,1091.05417593
대전광역시 대덕구 법동,3023010800,2021,12,3898291.0,10150738.0,1817.57973805,1819.91554999
대전광역시 대덕구 법동,3023010800,2022,1,4371087.0,15888940.0,2038.0210622,2848.71198317
대전광역시 대덕구 법동,3023010800,2022,2,4378309.0,17309240.0,2041.38832255,3103.35613371
대전광역시 대덕구 법동,3023010800,2022,3,3745423.0,14531810.0,1746.30497185,2605.39351805
대전광역시 대덕구 법동,3023010800,2022,4,3769493.0,10725581.0,1757.52761907,1922.97857005
대전광역시 대덕구 법동,3023010800,2022,5,3395342.0,5858328.0,1583.07956561,1050.33370228
대전광역시 대덕구 법동,3023010800,2022,6,3598477.0,4133637.0,1677.79134067,741.11559713
대전광역시 대덕구 법동,3023010800,2022,7,4492129.0,3134695.0,2094.45694308,562.01629622
대전광역시 대덕구 법동,3023010800,2022,8,5203690.0,2943139.0,2426.22254396,527.67241473
대전광역시 대덕구 법동,3023010800,2022,9,4166625.0,3031823.0,1942.69057288,543.57247941
대전광역시 대덕구 법동,3023010800,2022,10,3613196.0,3142164.0,1684.65408026,563.35540572
대전광역시 대덕구 법동,3023010800,2022,11,3738579.0,5451573.0,1743.11395422,977.40700965
대전광역시 대덕구 법동,3023010800,2022,12,4069070.0,9485383.0,1897.20551515,1700.62472492
대전광역시 대덕구 비래동,3023011000,2020,1,2263251.0,2782388.0,1055.24168412,498.85153051
대전광역시 대덕구 비래동,3023011000,2020,2,2253558.0,3049434.0,1050.72231892,546.72993779
대전광역시 대덕구 비래동,3023011000,2020,3,2013086.0,2512504.0,938.60215273,450.46430106
대전광역시 대덕구 비래동,3023011000,2020,4,1890040.0,1887730.0,881.23190602,338.44920256
대전광역시 대덕구 비래동,3023011000,2020,5,1745754.0,1351207.0,813.95850082,242.2565365
대전광역시 대덕구 비래동,3023011000,2020,6,1843760.0,799270.0,859.65383753,143.30030991
대전광역시 대덕구 비래동,3023011000,2020,7,1967738.0,599605.0,917.45862962,107.50257403
대전광역시 대덕구 비래동,3023011000,2020,8,2164578.0,559355.0,1009.23535832,100.28619222
대전광역시 대덕구 비래동,3023011000,2020,9,1589205.0,167083.0,740.96746698,29.95614212
대전광역시 대덕구 비래동,3023011000,2020,10,1141655.0,206718.0,532.29710044,37.06226111
대전광역시 대덕구 비래동,3023011000,2020,11,1775668.0,1301158.0,827.90591519,233.28330186
대전광역시 대덕구 비래동,3023011000,2020,12,1968136.0,2261963.0,917.64419719,405.54505862
대전광역시 대덕구 비래동,3023011000,2021,1,2330024.0,3548903.0,1086.37462201,636.27922963
대전광역시 대덕구 비래동,3023011000,2021,2,2325815.0,3333817.0,1084.41217411,597.71667821
대전광역시 대덕구 비래동,3023011000,2021,3,1880833.0,2521136.0,876.93913852,452.01192368
대전광역시 대덕구 비래동,3023011000,2021,4,1831395.0,1758036.0,853.88865128,315.19649647
대전광역시 대덕구 비래동,3023011000,2021,5,1677367.0,1156073.0,782.07303469,207.27115897
대전광역시 대덕구 비래동,3023011000,2021,6,1856649.0,809550.0,865.66333885,145.14340076
대전광역시 대덕구 비래동,3023011000,2021,7,2087478.0,553920.0,973.28745252,99.31175657
대전광역시 대덕구 비래동,3023011000,2021,8,2500170.0,466174.0,1165.70526259,83.57986496
대전광역시 대덕구 비래동,3023011000,2021,9,2081046.0,461879.0,970.28853,82.80981882
대전광역시 대덕구 비래동,3023011000,2021,10,1817144.0,582441.0,847.24411687,104.42525782
대전광역시 대덕구 비래동,3023011000,2021,11,1831199.0,1229610.0,853.79726621,220.45553329
대전광역시 대덕구 비래동,3023011000,2021,12,1980925.0,2144723.0,923.60707358,384.5252176
대전광역시 대덕구 비래동,3023011000,2022,1,2290724.0,3218881.0,1068.05098131,577.109919
대전광역시 대덕구 비래동,3023011000,2022,2,2328836.0,3465321.0,1085.82071659,621.29389745
대전광역시 대덕구 비래동,3023011000,2022,3,1993877.0,2772724.0,929.64594883,497.11888177
대전광역시 대덕구 비래동,3023011000,2022,4,1909656.0,2025507.0,890.37787382,363.15110149
대전광역시 대덕구 비래동,3023011000,2022,5,1723297.0,1044015.0,803.48791558,187.18039355
대전광역시 대덕구 비래동,3023011000,2022,6,1865201.0,671415.0,869.65071227,120.37731632
대전광역시 대덕구 비래동,3023011000,2022,7,2249962.0,471846.0,1049.04568254,84.59679219
대전광역시 대덕구 비래동,3023011000,2022,8,2513213.0,412927.0,1171.78656655,74.03326421
대전광역시 대덕구 비래동,3023011000,2022,9,2169036.0,440716.0,1011.31390257,79.01552593000001
대전광역시 대덕구 비래동,3023011000,2022,10,1985863.0,649557.0,925.90941804,116.45841755
대전광역시 대덕구 비래동,3023011000,2022,11,1936709.0,1309240.0,902.99134586,234.73231547
대전광역시 대덕구 비래동,3023011000,2022,12,2105447.0,2362036.0,981.66550598,423.48704563
대전광역시 대덕구 삼정동,3023012400,2020,1,984872.0,0.0,459.19696395,0.0
대전광역시 대덕구 삼정동,3023012400,2020,2,951965.0,0.0,443.85406203,0.0
대전광역시 대덕구 삼정동,3023012400,2020,3,1016784.0,0.0,474.07594671,0.0
대전광역시 대덕구 삼정동,3023012400,2020,4,1017016.0,0.0,474.18411681,0.0
대전광역시 대덕구 삼정동,3023012400,2020,5,1172742.0,0.0,546.7914266,0.0
대전광역시 대덕구 삼정동,3023012400,2020,6,1144213.0,0.0,533.4897689300001,0.0
대전광역시 대덕구 삼정동,3023012400,2020,7,1132003.0,0.0,527.7968515499999,0.0
대전광역시 대덕구 삼정동,3023012400,2020,8,1171665.0,0.0,546.2892749399999,0.0
대전광역시 대덕구 삼정동,3023012400,2020,9,1113259.0,0.0,519.05745404,0.0
대전광역시 대덕구 삼정동,3023012400,2020,10,1086146.0,0.0,506.41600697,0.0
대전광역시 대덕구 삼정동,3023012400,2020,11,1079670.0,0.0,503.39656938,0.0
대전광역시 대덕구 삼정동,3023012400,2020,12,1099756.0,0.0,512.76167491,0.0
대전광역시 대덕구 삼정동,3023012400,2021,1,1196714.0,0.0,557.96838117,0.0
대전광역시 대덕구 삼정동,3023012400,2021,2,1024314.0,0.0,477.58681224,0.0
대전광역시 대덕구 삼정동,3023012400,2021,3,1074358.0,0.0,500.91984723,0.0
대전광역시 대덕구 삼정동,3023012400,2021,4,1086569.0,0.0,506.61323086,0.0
대전광역시 대덕구 삼정동,3023012400,2021,5,1129376.0,0.0,526.57201176,0.0
대전광역시 대덕구 삼정동,3023012400,2021,6,1202092.0,0.0,560.4758758500001,0.0
대전광역시 대덕구 삼정동,3023012400,2021,7,1311850.0,0.0,611.6505872399999,0.0
대전광역시 대덕구 삼정동,3023012400,2021,8,1251396.0,0.0,583.46388556,0.0
대전광역시 대덕구 삼정동,3023012400,2021,9,1153858.0,0.0,537.98675403,0.0
대전광역시 대덕구 삼정동,3023012400,2021,10,1156077.0,0.0,539.02136369,0.0
대전광역시 대덕구 삼정동,3023012400,2021,11,1098817.0,0.0,512.32386579,0.0
대전광역시 대덕구 삼정동,3023012400,2021,12,1099149.0,0.0,512.47866091,0.0
대전광역시 대덕구 삼정동,3023012400,2022,1,1119304.0,0.0,521.87593772,0.0
대전광역시 대덕구 삼정동,3023012400,2022,2,972844.0,0.0,453.58890414,0.0
대전광역시 대덕구 삼정동,3023012400,2022,3,1093801.0,0.0,509.98515377,0.0
대전광역시 대덕구 삼정동,3023012400,2022,4,1087007.0,0.0,506.81744856,0.0
대전광역시 대덕구 삼정동,3023012400,2022,5,1189352.0,0.0,554.53584575,0.0
대전광역시 대덕구 삼정동,3023012400,2022,6,1198203.0,0.0,558.6626280199999,0.0
대전광역시 대덕구 삼정동,3023012400,2022,7,1296038.0,0.0,604.2782359299999,0.0
대전광역시 대덕구 삼정동,3023012400,2022,8,1309653.0,0.0,610.62623512,0.0
대전광역시 대덕구 삼정동,3023012400,2022,9,1192866.0,0.0,556.17424965,0.0
대전광역시 대덕구 삼정동,3023012400,2022,10,1207540.0,0.0,563.0160080200001,0.0
대전광역시 대덕구 삼정동,3023012400,2022,11,1161322.0,0.0,541.46684704,0.0
대전광역시 대덕구 삼정동,3023012400,2022,12,1127294.0,0.0,525.60127841,0.0
대전광역시 대덕구 상서동,3023011600,2020,1,1324191.0,355387.0,617.40458342,63.71697579
대전광역시 대덕구 상서동,3023011600,2020,2,1276423.0,352842.0,595.13273439,63.26068531
대전광역시 대덕구 상서동,3023011600,2020,3,1188763.0,322547.0,554.26122424,57.8291254
대전광역시 대덕구 상서동,3023011600,2020,4,1106041.0,251152.0,515.69205864,45.02878808
대전광역시 대덕구 상서동,3023011600,2020,5,1006146.0,209900.0,469.11597496,37.63275871
대전광역시 대덕구 상서동,3023011600,2020,6,1075351.0,147184.0,501.38283387,26.38847051
대전광역시 대덕구 상서동,3023011600,2020,7,1137675.0,191974.0,530.44142388,34.41882433
대전광역시 대덕구 상서동,3023011600,2020,8,1183859.0,171606.0,551.97473228,30.76706619
대전광역시 대덕구 상서동,3023011600,2020,9,1282937.0,224409.0,598.16988941,40.23406267
대전광역시 대덕구 상서동,3023011600,2020,10,984188.0,134494.0,458.8780487,24.11329324
대전광역시 대덕구 상서동,3023011600,2020,11,1067149.0,174930.0,497.55864813,31.3630228
대전광역시 대덕구 상서동,3023011600,2020,12,1161431.0,263979.0,541.51766828,47.32852794
대전광역시 대덕구 상서동,3023011600,2021,1,1409577.0,378706.0,657.21583996,67.89781575
대전광역시 대덕구 상서동,3023011600,2021,2,1486005.0,394465.0,692.8504256800001,70.72323089
대전광역시 대덕구 상서동,3023011600,2021,3,1147048.0,313979.0,534.8115888,56.29297739
대전광역시 대덕구 상서동,3023011600,2021,4,1102645.0,258679.0,514.10867232,46.37829631
대전광역시 대덕구 상서동,3023011600,2021,5,1008511.0,174166.0,470.21865714,31.22604601
대전광역시 대덕구 상서동,3023011600,2021,6,1136155.0,165456.0,529.73272316,29.6644389
대전광역시 대덕구 상서동,3023011600,2021,7,1213257.0,172935.0,565.68156158,31.00534127
대전광역시 대덕구 상서동,3023011600,2021,8,1469959.0,260237.0,685.36897172,46.65762855
대전광역시 대덕구 상서동,3023011600,2021,9,1334805.0,275892.0,622.3533651,49.46439764
대전광역시 대덕구 상서동,3023011600,2021,10,1150129.0,161053.0,536.24810627,28.87502951
대전광역시 대덕구 상서동,3023011600,2021,11,1157618.0,199781.0,539.73985553,35.81853347
대전광역시 대덕구 상서동,3023011600,2021,12,1276878.0,353775.0,595.34487823,63.42796194
대전광역시 대덕구 상서동,3023011600,2022,1,1504359.0,450980.0,701.40798556,80.85574809
대전광역시 대덕구 상서동,3023011600,2022,2,1551361.0,515133.0,723.32268674,92.35767457
대전광역시 대덕구 상서동,3023011600,2022,3,1344701.0,464697.0,626.9673792,83.31505516
대전광역시 대덕구 상서동,3023011600,2022,4,1207894.0,340385.0,563.18106064,61.02728242999999
대전광역시 대덕구 상서동,3023011600,2022,5,1045747.0,222231.0,487.57995706,39.84357123
대전광역시 대덕구 상서동,3023011600,2022,6,1105883.0,167402.0,515.61839103,30.01333529
대전광역시 대덕구 상서동,3023011600,2022,7,1298871.0,172832.0,605.5991233,30.98687446
대전광역시 대덕구 상서동,3023011600,2022,8,1424743.0,249716.0,664.28699369,44.7713291
대전광역시 대덕구 상서동,3023011600,2022,9,1298911.0,293547.0,605.61777333,52.62974474999999
대전광역시 대덕구 상서동,3023011600,2022,10,1171715.0,182917.0,546.3125874,32.79500392
대전광역시 대덕구 상서동,3023011600,2022,11,1189791.0,216670.0,554.74052964,38.84654518
대전광역시 대덕구 상서동,3023011600,2022,12,1306448.0,303437.0,609.13190262,54.40291283
대전광역시 대덕구 석봉동,3023011100,2020,1,2776469.0,1124871.0,1294.5297817300002,201.67698391
대전광역시 대덕구 석봉동,3023011100,2020,2,2813222.0,1356062.0,1311.66588284,243.1269845
대전광역시 대덕구 석봉동,3023011100,2020,3,2595193.0,1120696.0,1210.00977427,200.92845243
대전광역시 대덕구 석봉동,3023011100,2020,4,2579957.0,896547.0,1202.90598318,160.74100485
대전광역시 대덕구 석봉동,3023011100,2020,5,2407738.0,690085.0,1122.60880552,123.72464176
대전광역시 대덕구 석봉동,3023011100,2020,6,2548129.0,499894.0,1188.06616557,89.62548974
대전광역시 대덕구 석봉동,3023011100,2020,7,2775347.0,517837.0,1294.0066488700002,92.84247199
대전광역시 대덕구 석봉동,3023011100,2020,8,2901473.0,529606.0,1352.81294686,94.95252406
대전광역시 대덕구 석봉동,3023011100,2020,9,3003519.0,205950.0,1400.39193522,36.92456714
대전광역시 대덕구 석봉동,3023011100,2020,10,2079887.0,214941.0,969.7481457,38.5365545
대전광역시 대덕구 석봉동,3023011100,2020,11,2464835.0,779400.0,1149.23030475,139.73783774
대전광역시 대덕구 석봉동,3023011100,2020,12,2585608.0,1076283.0,1205.54076429,192.96569057
대전광역시 대덕구 석봉동,3023011100,2021,1,2984196.0,1598107.0,1391.38257878,286.52298772
대전광역시 대덕구 석봉동,3023011100,2021,2,3006265.0,1520343.0,1401.67225876,272.58075885
대전광역시 대덕구 석봉동,3023011100,2021,3,2524147.0,1148811.0,1176.88454841,205.96916231
대전광역시 대덕구 석봉동,3023011100,2021,4,2604509.0,936056.0,1214.35336308,167.82453359
대전광역시 대덕구 석봉동,3023011100,2021,5,2403662.0,675498.0,1120.70836899,121.10935321
대전광역시 대덕구 석봉동,3023011100,2021,6,2578689.0,862717.0,1202.31477768,154.67565839
대전광역시 대덕구 석봉동,3023011100,2021,7,2816944.0,738726.0,1313.4012668100002,132.44543741
대전광역시 대덕구 석봉동,3023011100,2021,8,3797480.0,708165.0,1770.57656904,126.96618668
대전광역시 대덕구 석봉동,3023011100,2021,9,3339558.0,563634.0,1557.07025326,101.05336985
대전광역시 대덕구 석봉동,3023011100,2021,10,2652756.0,680203.0,1236.84854609,121.95290798
대전광역시 대덕구 석봉동,3023011100,2021,11,2589898.0,1049658.0,1207.54097842,188.19212124
대전광역시 대덕구 석봉동,3023011100,2021,12,2644034.0,1553232.0,1232.78191014,278.47739441
대전광역시 대덕구 석봉동,3023011100,2022,1,2988877.0,2478754.0,1393.56509689,444.41329773
대전광역시 대덕구 석봉동,3023011100,2022,2,3047957.0,2612320.0,1421.11117034,468.3602108
대전광역시 대덕구 석봉동,3023011100,2022,3,2661923.0,2206708.0,1241.12266348,395.63844559
대전광역시 대덕구 석봉동,3023011100,2022,4,2663192.0,1661429.0,1241.71433524,297.87592515
대전광역시 대덕구 석봉동,3023011100,2022,5,2425452.0,995051.0,1130.86796506,178.40168745
대전광역시 대덕구 석봉동,3023011100,2022,6,2588422.0,798753.0,1206.8527928,143.20761754
대전광역시 대덕구 석봉동,3023011100,2022,7,2993506.0,704178.0,1395.72336989,126.25136147
대전광역시 대덕구 석봉동,3023011100,2022,8,3696355.0,694322.0,1723.42699727,124.4842891
대전광역시 대덕구 석봉동,3023011100,2022,9,3517581.0,607065.0,1640.0735482,108.84006989
대전광역시 대덕구 석봉동,3023011100,2022,10,2738743.0,730885.0,1276.94001927,131.03963248
대전광역시 대덕구 석봉동,3023011100,2022,11,2549976.0,1034807.0,1188.92732996,185.52950048
대전광역시 대덕구 석봉동,3023011100,2022,12,2634668.0,1585305.0,1228.41500889,284.22773012
대전광역시 대덕구 송촌동,3023010700,2020,1,5640916.0,11046899.0,2630.07934132,1980.58734934
대전광역시 대덕구 송촌동,3023010700,2020,2,5475877.0,11442083.0,2553.12984155,2051.43948898
대전광역시 대덕구 송촌동,3023010700,2020,3,4802051.0,9588725.0,2238.9581996,1719.15280762
대전광역시 대덕구 송촌동,3023010700,2020,4,4582191.0,7533087.0,2136.44838663,1350.59954958
대전광역시 대덕구 송촌동,3023010700,2020,5,4294852.0,5523227.0,2002.47646292,990.25378288
대전광역시 대덕구 송촌동,3023010700,2020,6,4714546.0,3423758.0,2198.15895836,613.84210922
대전광역시 대덕구 송촌동,3023010700,2020,7,4779424.0,2642419.0,2228.40835174,473.75663005
대전광역시 대덕구 송촌동,3023010700,2020,8,5498553.0,2511256.0,2563.70253575,450.24054844
대전광역시 대덕구 송촌동,3023010700,2020,9,2874717.0,883065.0,1340.33795118,158.32383077
대전광역시 대덕구 송촌동,3023010700,2020,10,2171345.0,738815.0,1012.39047469,132.4613941
대전광역시 대덕구 송촌동,3023010700,2020,11,4477689.0,5428480.0,2087.7242874,973.26668905
대전광역시 대덕구 송촌동,3023010700,2020,12,5082128.0,8397636.0,2369.54421289,1505.60366543
대전광역시 대덕구 송촌동,3023010700,2021,1,5744299.0,12777660.0,2678.28170651,2290.8937386400003
대전광역시 대덕구 송촌동,3023010700,2021,2,5439490.0,11897244.0,2536.16438828,2133.04484434
대전광역시 대덕구 송촌동,3023010700,2021,3,4465136.0,9521395.0,2081.87144603,1707.08128003
대전광역시 대덕구 송촌동,3023010700,2021,4,4442400.0,6880946.0,2071.27077694,1233.67784923
대전광역시 대덕구 송촌동,3023010700,2021,5,4105555.0,4601489.0,1914.21666104,824.99630913
대전광역시 대덕구 송촌동,3023010700,2021,6,4644683.0,3222861.0,2165.5853066,577.82348924
대전광역시 대덕구 송촌동,3023010700,2021,7,5308346.0,2360426.0,2475.01844584,423.19839031
대전광역시 대덕구 송촌동,3023010700,2021,8,6270777.0,1941850.0,2923.75228453,348.15232258
대전광역시 대덕구 송촌동,3023010700,2021,9,5089020.0,1953818.0,2372.75761059,350.29805318
대전광역시 대덕구 송촌동,3023010700,2021,10,4483586.0,2189151.0,2090.47376593,392.49066879
대전광역시 대덕구 송촌동,3023010700,2021,11,4616405.0,4822956.0,2152.4006778,864.70290347
대전광역시 대덕구 송촌동,3023010700,2021,12,5045160.0,8073936.0,2352.30786813,1447.56781979
대전광역시 대덕구 송촌동,3023010700,2022,1,5755621.0,11650343.0,2683.56059357,2088.77821374
대전광역시 대덕구 송촌동,3023010700,2022,2,5687728.0,12540597.0,2651.90545505,2248.39095309
대전광역시 대덕구 송촌동,3023010700,2022,3,4776992.0,10200546.0,2227.27443086,1828.84557601
대전광역시 대덕구 송촌동,3023010700,2022,4,4599927.0,7617965.0,2144.71780374,1365.81724037
대전광역시 대덕구 송촌동,3023010700,2022,5,4166086.0,4141021.0,1942.43926388,742.4394670700001
대전광역시 대덕구 송촌동,3023010700,2022,6,4532360.0,2891799.0,2113.21466297,518.4677180900001
대전광역시 대덕구 송촌동,3023010700,2022,7,5486718.0,2184675.0,2558.18446223,391.68817127
대전광역시 대덕구 송촌동,3023010700,2022,8,6145157.0,1922077.0,2865.18190933,344.60724145
대전광역시 대덕구 송촌동,3023010700,2022,9,5203915.0,1896653.0,2426.3274503,340.04899819
대전광역시 대덕구 송촌동,3023010700,2022,10,4373180.0,2313822.0,2038.99692431,414.84280627
대전광역시 대덕구 송촌동,3023010700,2022,11,4435738.0,4707408.0,2068.16461678,843.98641942
대전광역시 대덕구 송촌동,3023010700,2022,12,5137938.0,7263238.0,2395.56564768,1302.2185953
대전광역시 대덕구 신대동,3023010500,2020,1,459373.0,618519.0,214.18284497,110.89364597
대전광역시 대덕구 신대동,3023010500,2020,2,443606.0,560301.0,206.83147495,100.45579963
대전광역시 대덕구 신대동,3023010500,2020,3,392779.0,453272.0,183.13336586,81.26667846000001
대전광역시 대덕구 신대동,3023010500,2020,4,355559.0,342438.0,165.77952593,61.39536270999999
대전광역시 대덕구 신대동,3023010500,2020,5,316224.0,239007.0,147.43956649,42.851323310000005
대전광역시 대덕구 신대동,3023010500,2020,6,324961.0,149750.0,151.51319619,26.84852607
대전광역시 대덕구 신대동,3023010500,2020,7,347239.0,123150.0,161.90032267,22.07943893
대전광역시 대덕구 신대동,3023010500,2020,8,376202.0,122556.0,175.40433298,21.9729413
대전광역시 대덕구 신대동,3023010500,2020,9,294100.0,40613.0,137.1242426,7.281463710000001
대전광역시 대덕구 신대동,3023010500,2020,10,206316.0,45781.0,96.19491751,8.20802918
대전광역시 대덕구 신대동,3023010500,2020,11,338654.0,310134.0,157.89756297,55.60361121
대전광역시 대덕구 신대동,3023010500,2020,12,387231.0,480265.0,180.54660861,86.10622613000001
대전광역시 대덕구 신대동,3023010500,2021,1,477996.0,696650.0,222.86582618,124.90167394
대전광역시 대덕구 신대동,3023010500,2021,2,459632.0,571487.0,214.30360387,102.46132623
대전광역시 대덕구 신대동,3023010500,2021,3,366839.0,417413.0,171.03883049,74.83755462
대전광역시 대덕구 신대동,3023010500,2021,4,344138.0,311703.0,160.45448015,55.88491563
대전광역시 대덕구 신대동,3023010500,2021,5,299617.0,211041.0,139.69654608,37.83732744
대전광역시 대덕구 신대동,3023010500,2021,6,414912.0,145322.0,193.45288591,26.05463443
대전광역시 대덕구 신대동,3023010500,2021,7,463096.0,114378.0,215.91869528,20.50671593
대전광역시 대덕구 신대동,3023010500,2021,8,555566.0,94792.0,259.03286971,16.99516179
대전광역시 대덕구 신대동,3023010500,2021,9,457633.0,99364.0,213.37156928,17.81487107
대전광역시 대덕구 신대동,3023010500,2021,10,422620.0,126342.0,197.04674408,22.65172941
대전광역시 대덕구 신대동,3023010500,2021,11,466266.0,324672.0,217.396709,58.21011452
대전광역시 대덕구 신대동,3023010500,2021,12,581500.0,464694.0,271.12460759,83.3145173
대전광역시 대덕구 신대동,3023010500,2022,1,678843.0,644918.0,316.51082029,115.626696
대전광역시 대덕구 신대동,3023010500,2022,2,653067.0,606037.0,304.49275001,108.6557608
대전광역시 대덕구 신대동,3023010500,2022,3,569218.0,436421.0,265.39812016,78.24547971
대전광역시 대덕구 신대동,3023010500,2022,4,512077.0,357821.0,238.75610608,64.1533652
대전광역시 대덕구 신대동,3023010500,2022,5,452273.0,206303.0,210.87246718,36.98785624
대전광역시 대덕구 신대동,3023010500,2022,6,493109.0,144171.0,229.91226853,25.84827279
대전광역시 대덕구 신대동,3023010500,2022,7,608112.0,100246.0,283.53246325000003,17.97300396
대전광역시 대덕구 신대동,3023010500,2022,8,615599.0,100886.0,287.02327999,18.08774891
대전광역시 대덕구 신대동,3023010500,2022,9,531490.0,104031.0,247.80742506,18.65161278
대전광역시 대덕구 신대동,3023010500,2022,10,484656.0,154398.0,225.97105385,27.68186128
대전광역시 대덕구 신대동,3023010500,2022,11,498089.0,289736.0,232.23419552,51.94647440999999
대전광역시 대덕구 신대동,3023010500,2022,12,586491.0,485012.0,273.45166339,86.95731097
대전광역시 대덕구 신일동,3023011400,2020,1,11960651.0,1511891.0,5576.65831302,271.06540833
대전광역시 대덕구 신일동,3023011400,2020,2,11698612.0,1269368.0,5454.48252441,227.58370492
대전광역시 대덕구 신일동,3023011400,2020,3,12269069.0,1110133.0,5720.45832888,199.03462283
대전광역시 대덕구 신일동,3023011400,2020,4,11571200.0,214933.0,5395.07662847,38.5351202
대전광역시 대덕구 신일동,3023011400,2020,5,12700821.0,1087692.0,5921.7628716,195.01119864
대전광역시 대덕구 신일동,3023011400,2020,6,12531944.0,723799.0,5843.02390277,129.76919067
대전광역시 대덕구 신일동,3023011400,2020,7,13507590.0,2571271.0,6297.919240560001,461.00057712
대전광역시 대덕구 신일동,3023011400,2020,8,11533252.0,568762.0,5377.383358319999,101.97276378
대전광역시 대덕구 신일동,3023011400,2020,9,11390137.0,320615.0,5310.65593234,57.48273908
대전광역시 대덕구 신일동,3023011400,2020,10,11204832.0,172576.0,5224.257401950001,30.94097651
대전광역시 대덕구 신일동,3023011400,2020,11,12359502.0,514228.0,5762.62275129,92.19541806
대전광역시 대덕구 신일동,3023011400,2020,12,12803018.0,756950.0,5969.4122637,135.71279994
대전광역시 대덕구 신일동,3023011400,2021,1,12046056.0,1217638.0,5616.47842843,218.30908557
대전광역시 대덕구 신일동,3023011400,2021,2,10703334.0,633584.0,4990.43375879,113.59463456
대전광역시 대덕구 신일동,3023011400,2021,3,13002568.0,564207.0,6062.45253102,101.1561024
대전광역시 대덕구 신일동,3023011400,2021,4,12730250.0,383665.0,5935.48415457,68.78690983
대전광역시 대덕구 신일동,3023011400,2021,5,12685762.0,124020.0,5914.74160678,22.23542037
대전광역시 대덕구 신일동,3023011400,2021,6,12405373.0,544000.0,5784.01012339,97.53320981
대전광역시 대덕구 신일동,3023011400,2021,7,12442627.0,441978.0,5801.37981578,79.24178863
대전광역시 대덕구 신일동,3023011400,2021,8,12681821.0,481808.0,5912.904114,86.38286903999999
대전광역시 대덕구 신일동,3023011400,2021,9,11610112.0,423279.0,5413.21936408,75.88926382
대전광역시 대덕구 신일동,3023011400,2021,10,12223071.0,708135.0,5699.01174299,126.96080797
대전광역시 대덕구 신일동,3023011400,2021,11,12688586.0,206344.0,5916.058297930001,36.99520708
대전광역시 대덕구 신일동,3023011400,2021,12,11859553.0,476362.0,5529.52133006,85.40646118999999
대전광역시 대덕구 신일동,3023011400,2022,1,11608438.0,516127.0,5412.43886085,92.53588782
대전광역시 대덕구 신일동,3023011400,2022,2,10431748.0,548423.0,4863.80667773,98.32620501
대전광역시 대덕구 신일동,3023011400,2022,3,12551434.0,535699.0,5852.11112306,96.04493193
대전광역시 대덕구 신일동,3023011400,2022,4,12507622.0,454111.0,5831.68376055,81.41710193
대전광역시 대덕구 신일동,3023011400,2022,5,12542805.0,195827.0,5848.08784834,35.10962476
대전광역시 대덕구 신일동,3023011400,2022,6,12410470.0,476587.0,5786.38660171,85.44680122
대전광역시 대덕구 신일동,3023011400,2022,7,12856967.0,432097.0,5994.56600651,77.47023412
대전광역시 대덕구 신일동,3023011400,2022,8,4941669.0,428397.0,2304.0551479,76.80686486
대전광역시 대덕구 신일동,3023011400,2022,9,4364371.0,126270.0,2034.88972448,22.63882059
대전광역시 대덕구 신일동,3023011400,2022,10,4849125.0,398885.0,2260.90647088,71.51568823
대전광역시 대덕구 신일동,3023011400,2022,11,5440828.0,234819.0,2536.78823135,42.10046102
대전광역시 대덕구 신일동,3023011400,2022,12,4335138.0,464449.0,2021.25982652,83.27059149
대전광역시 대덕구 신탄진동,3023012600,2020,1,2989908.0,3069261.0,1394.04580094,550.28470055
대전광역시 대덕구 신탄진동,3023012600,2020,2,2975106.0,3090928.0,1387.14436243,554.1693551
대전광역시 대덕구 신탄진동,3023012600,2020,3,2584394.0,2740433.0,1204.97473628,491.32946099
대전광역시 대덕구 신탄진동,3023012600,2020,4,2382579.0,2194574.0,1110.87841164,393.46295295
대전광역시 대덕구 신탄진동,3023012600,2020,5,2092793.0,1758957.0,975.76557323,315.36162157
대전광역시 대덕구 신탄진동,3023012600,2020,6,2171389.0,1139367.0,1012.41098983,204.27595714
대전광역시 대덕구 신탄진동,3023012600,2020,7,2332598.0,1016887.0,1087.57475065,182.31664181
대전광역시 대덕구 신탄진동,3023012600,2020,8,2524558.0,984693.0,1177.07617739,176.54461208
대전광역시 대덕구 신탄진동,3023012600,2020,9,2266914.0,835179.0,1056.94955928,149.73839824
대전광역시 대덕구 신탄진동,3023012600,2020,10,1621280.0,622628.0,755.92244853,111.63034438
대전광역시 대덕구 신탄진동,3023012600,2020,11,2232967.0,1466525.0,1041.1217569,262.93178404
대전광역시 대덕구 신탄진동,3023012600,2020,12,2579791.0,2215524.0,1202.82858565,397.2190573
대전광역시 대덕구 신탄진동,3023012600,2021,1,3089361.0,3403190.0,1440.41580203,610.15449325
대전광역시 대덕구 신탄진동,3023012600,2021,2,2968927.0,3754932.0,1384.26340134,673.21796066
대전광역시 대덕구 신탄진동,3023012600,2021,3,2413573.0,2750260.0,1125.32937659,493.09133383
대전광역시 대덕구 신탄진동,3023012600,2021,4,2278422.0,2293502.0,1062.31516901,411.19965397
대전광역시 대덕구 신탄진동,3023012600,2021,5,1990219.0,1530174.0,927.94040488,274.34334891
대전광역시 대덕구 신탄진동,3023012600,2021,6,2145755.0,1180553.0,1000.45912699,211.6601534
대전광역시 대덕구 신탄진동,3023012600,2021,7,2415810.0,1043752.0,1126.37237884,187.13324048
대전광역시 대덕구 신탄진동,3023012600,2021,8,2948519.0,1190416.0,1374.74816309,213.42848068
대전광역시 대덕구 신탄진동,3023012600,2021,9,2427938.0,1142892.0,1132.02706362,204.9079508
대전광역시 대덕구 신탄진동,3023012600,2021,10,2084840.0,939007.0,972.05748384,168.35361537
대전광역시 대덕구 신탄진동,3023012600,2021,11,2239149.0,1447177.0,1044.00411689,259.46290071
대전광역시 대덕구 신탄진동,3023012600,2021,12,2656652.0,2412671.0,1238.6650576,432.56534358
대전광역시 대덕구 신탄진동,3023012600,2022,1,3147132.0,3518521.0,1467.35155379,630.8320715799999
대전광역시 대덕구 신탄진동,3023012600,2022,2,3150440.0,3886511.0,1468.8939101,696.80862653
대전광역시 대덕구 신탄진동,3023012600,2022,3,2726025.0,3333603.0,1271.01024661,597.67831042
대전광역시 대덕구 신탄진동,3023012600,2022,4,2437522.0,2530149.0,1136.49560751,453.62785533
대전광역시 대덕구 신탄진동,3023012600,2022,5,1975515.0,1479893.0,921.08465892,265.32851928
대전광역시 대덕구 신탄진동,3023012600,2022,6,2147045.0,1117093.0,1001.06059003,200.28247414
대전광역시 대덕구 신탄진동,3023012600,2022,7,3697591.0,1507703.0,1724.00328288,270.31454603
대전광역시 대덕구 신탄진동,3023012600,2022,8,3977215.0,1651508.0,1854.37808451,296.0971991
대전광역시 대덕구 신탄진동,3023012600,2022,9,3301798.0,1592251.0,1539.46463826,285.47307148
대전광역시 대덕구 신탄진동,3023012600,2022,10,2934235.0,1392279.0,1368.08824244,249.62029379
대전광역시 대덕구 신탄진동,3023012600,2022,11,3025615.0,2117046.0,1410.694204,379.56303622
대전광역시 대덕구 신탄진동,3023012600,2022,12,3488511.0,3381938.0,1626.51964911,606.34424368
대전광역시 대덕구 연축동,3023010400,2020,1,1029291.0,1057134.0,479.90734045,189.5324857
대전광역시 대덕구 연축동,3023010400,2020,2,970719.0,1013460.0,452.59812206,181.70221844
대전광역시 대덕구 연축동,3023010400,2020,3,940934.0,925653.0,438.71085388,165.95939018
대전광역시 대덕구 연축동,3023010400,2020,4,869285.0,643535.0,405.30447896,115.37873931
대전광역시 대덕구 연축동,3023010400,2020,5,848809.0,435226.0,395.75753577,78.03122937
대전광역시 대덕구 연축동,3023010400,2020,6,927517.0,264277.0,432.45517228,47.38195604
대전광역시 대덕구 연축동,3023010400,2020,7,986305.0,381132.0,459.86510078,68.33277083
대전광역시 대덕구 연축동,3023010400,2020,8,1052253.0,399375.0,490.61338214,71.60353984
대전광역시 대덕구 연축동,3023010400,2020,9,829442.0,440272.0,386.7276642700001,78.9359216
대전광역시 대덕구 연축동,3023010400,2020,10,771012.0,214109.0,359.4846534,38.38738607
대전광역시 대덕구 연축동,3023010400,2020,11,924352.0,467878.0,430.97948978,83.88537343
대전광역시 대덕구 연축동,3023010400,2020,12,1070786.0,737471.0,499.25440082,132.22042974
대전광역시 대덕구 연축동,3023010400,2021,1,1162175.0,1265490.0,541.86455863,226.88842223
대전광역시 대덕구 연축동,3023010400,2021,2,1013668.0,1218934.0,472.62311047,218.54144407
대전광역시 대덕구 연축동,3023010400,2021,3,964641.0,858359.0,449.76425212,153.89431699
대전광역시 대덕구 연축동,3023010400,2021,4,886596.0,582018.0,413.37573965,104.34941859
대전광역시 대덕구 연축동,3023010400,2021,5,873044.0,357328.0,407.0571142,64.06497572
대전광역시 대덕구 연축동,3023010400,2021,6,941719.0,272956.0,439.07686043,48.938005180000005
대전광역시 대덕구 연축동,3023010400,2021,7,1050081.0,387940.0,489.60068627,69.55337025
대전광역시 대덕구 연축동,3023010400,2021,8,1109276.0,489778.0,517.20037869,87.81180228999999
대전광역시 대덕구 연축동,3023010400,2021,9,947058.0,468520.0,441.56617133,84.00047696
대전광역시 대덕구 연축동,3023010400,2021,10,909286.0,375338.0,423.95496125,67.29397042000001
대전광역시 대덕구 연축동,3023010400,2021,11,932210.0,518727.0,434.64328536,93.00203922
대전광역시 대덕구 연축동,3023010400,2021,12,1073396.0,718091.0,500.47131437,128.74580914
대전광역시 대덕구 연축동,3023010400,2022,1,1151734.0,1170397.0,536.99643819,209.83929443
대전광역시 대덕구 연축동,3023010400,2022,2,1054100.0,1275214.0,491.47454664,228.63182835
대전광역시 대덕구 연축동,3023010400,2022,3,1000460.0,1031903.0,466.46487518,185.00884524
대전광역시 대덕구 연축동,3023010400,2022,4,925408.0,660552.0,431.47185016,118.42970001
대전광역시 대덕구 연축동,3023010400,2022,5,925079.0,345126.0,431.31845376,61.87729148999999
대전광역시 대덕구 연축동,3023010400,2022,6,990334.0,314334.0,461.74362364,56.356624960000005
대전광역시 대덕구 연축동,3023010400,2022,7,1148572.0,419327.0,535.52215443,75.18071375
대전광역시 대덕구 연축동,3023010400,2022,8,1192938.0,524773.0,556.20781969,94.08602044
대전광역시 대덕구 연축동,3023010400,2022,9,1025645.0,571041.0,478.20739148,102.38136337
대전광역시 대덕구 연축동,3023010400,2022,10,947676.0,453613.0,441.8543141,81.32781600999999
대전광역시 대덕구 연축동,3023010400,2022,11,953812.0,462793.0,444.71522653,82.9736889
대전광역시 대덕구 연축동,3023010400,2022,12,1057513.0,688885.0,493.06585926,123.50949494
대전광역시 대덕구 오정동,3023010100,2020,1,4777550.0,4324667.0,2227.5345984,775.36517265
대전광역시 대덕구 오정동,3023010100,2020,2,4886604.0,4638792.0,2278.38106976,831.68432613
대전광역시 대덕구 오정동,3023010100,2020,3,4481635.0,4104754.0,2089.56411142,735.93719328
대전광역시 대덕구 오정동,3023010100,2020,4,4240212.0,3467853.0,1977.00054115,621.74785718
대전광역시 대덕구 오정동,3023010100,2020,5,3807566.0,2505239.0,1775.27917045,449.1617666
대전광역시 대덕구 오정동,3023010100,2020,6,3989412.0,1438509.0,1860.06494073,257.90882379
대전광역시 대덕구 오정동,3023010100,2020,7,4586254.0,1428290.0,2138.342762,256.07666959
대전광역시 대덕구 오정동,3023010100,2020,8,4712696.0,1340936.0,2197.29639521,240.41505937
대전광역시 대덕구 오정동,3023010100,2020,9,4902103.0,728655.0,2285.60748462,130.63981805
대전광역시 대덕구 오정동,3023010100,2020,10,3664660.0,491091.0,1708.64919076,88.04720883
대전광역시 대덕구 오정동,3023010100,2020,11,3886100.0,1934274.0,1811.89567955,346.79402918
대전광역시 대덕구 오정동,3023010100,2020,12,4267158.0,3184300.0,1989.56412437,570.90992653
대전광역시 대덕구 오정동,3023010100,2021,1,5313984.0,4911847.0,2477.64716546,880.64008095
대전광역시 대덕구 오정동,3023010100,2021,2,5430972.0,5524930.0,2532.19286756,990.55911206
대전광역시 대덕구 오정동,3023010100,2021,3,4392793.0,4092969.0,2048.14149345,733.82427261
대전광역시 대덕구 오정동,3023010100,2021,4,4284752.0,3258803.0,1997.76733391,584.26749406
대전광역시 대덕구 오정동,3023010100,2021,5,3816328.0,2065486.0,1779.36445645,370.318896
대전광역시 대덕구 오정동,3023010100,2021,6,4037785.0,1613366.0,1882.61887137,289.25875843
대전광역시 대덕구 오정동,3023010100,2021,7,4572706.0,1319825.0,2132.02600161,236.63008941
대전광역시 대덕구 오정동,3023010100,2021,8,5852583.0,1355808.0,2728.76916469,243.0814451
대전광역시 대덕구 오정동,3023010100,2021,9,5070135.0,1205092.0,2363.95247178,216.05972605
대전광역시 대덕구 오정동,3023010100,2021,10,4273459.0,1074765.0,1992.50196818,192.69352987
대전광역시 대덕구 오정동,3023010100,2021,11,4120099.0,1790237.0,1920.99780692,320.96978125
대전광역시 대덕구 오정동,3023010100,2021,12,4414417.0,3020120.0,2058.22369198,541.47426036
대전광역시 대덕구 오정동,3023010100,2022,1,5262181.0,4649164.0,2453.49399608,833.54391156
대전광역시 대덕구 오정동,3023010100,2022,2,5420431.0,5192907.0,2527.27812176,931.03104418
대전광역시 대덕구 오정동,3023010100,2022,3,4747553.0,4547099.0,2213.5484853,815.24478099
대전광역시 대덕구 오정동,3023010100,2022,4,4445734.0,3488635.0,2072.82525579,625.47384085
대전광역시 대덕구 오정동,3023010100,2022,5,3860292.0,2051354.0,1799.86268924,367.78518409
대전광역시 대덕구 오정동,3023010100,2022,6,4151129.0,1498419.0,1935.4655566,268.65002702
대전광역시 대덕구 오정동,3023010100,2022,7,4967753.0,1373890.0,2316.21682361,246.32334854
대전광역시 대덕구 오정동,3023010100,2022,8,5799389.0,1441072.0,2703.9674412,258.36834143
대전광역시 대덕구 오정동,3023010100,2022,9,5430094.0,1320085.0,2531.78349934,236.67670471
대전광역시 대덕구 오정동,3023010100,2022,10,4555518.0,1233046.0,2124.01208958,221.07157031
대전광역시 대덕구 오정동,3023010100,2022,11,4149740.0,1998170.0,1934.81793487,358.24987846
대전광역시 대덕구 오정동,3023010100,2022,12,4396491.0,2849393.0,2049.86568736,510.86478925
대전광역시 대덕구 와동,3023010600,2020,1,831647.0,1588779.0,387.7557464,284.85058009
대전광역시 대덕구 와동,3023010600,2020,2,802273.0,1496976.0,374.06010717,268.39131307
대전광역시 대덕구 와동,3023010600,2020,3,733329.0,1160226.0,341.91493958,208.01574613
대전광역시 대덕구 와동,3023010600,2020,4,711940.0,836634.0,331.94230977,149.99926371
대전광역시 대덕구 와동,3023010600,2020,5,629186.0,553801.0,293.35822423,99.2904212
대전광역시 대덕구 와동,3023010600,2020,6,649726.0,295374.0,302.93500739,52.95730574
대전광역시 대덕구 와동,3023010600,2020,7,681409.0,264757.0,317.70721879,47.46801479
대전광역시 대덕구 와동,3023010600,2020,8,693008.0,220002.0,323.11525719,39.44393607
대전광역시 대덕구 와동,3023010600,2020,9,514092.0,38346.0,239.69560065,6.8750155500000005
대전광역시 대덕구 와동,3023010600,2020,10,357026.0,40590.0,166.46351528,7.27734006
대전광역시 대덕구 와동,3023010600,2020,11,617856.0,472474.0,288.07560714,84.70938562
대전광역시 대덕구 와동,3023010600,2020,12,710129.0,743859.0,331.09793034,133.36572781
대전광역시 대덕구 와동,3023010600,2021,1,846768.0,1140685.0,394.8059187,204.51226003
대전광역시 대덕구 와동,3023010600,2021,2,802089.0,971034.0,373.97431712,174.0957038
대전광역시 대덕구 와동,3023010600,2021,3,648176.0,701282.0,302.21231929,125.73214051
대전광역시 대덕구 와동,3023010600,2021,4,627631.0,512291.0,292.63320477,91.84813527
대전광역시 대덕구 와동,3023010600,2021,5,561450.0,345019.0,261.77628704,61.85810756
대전광역시 대덕구 와동,3023010600,2021,6,614338.0,272915.0,286.43533824,48.93065433
대전광역시 대덕구 와동,3023010600,2021,7,661774.0,216872.0,308.55239215,38.88276155
대전광역시 대덕구 와동,3023010600,2021,8,831641.0,181784.0,387.75294887,32.59186948
대전광역시 대덕구 와동,3023010600,2021,9,694216.0,170858.0,323.6784877,30.63295802
대전광역시 대덕구 와동,3023010600,2021,10,580888.0,200228.0,270.83926237000003,35.89867563
대전광역시 대덕구 와동,3023010600,2021,11,622454.0,456068.0,290.21942643,81.76797045999999
대전광역시 대덕구 와동,3023010600,2021,12,714504.0,699633.0,333.13777582,125.43649295
대전광역시 대덕구 와동,3023010600,2022,1,820914.0,1048316.0,382.75148088,187.95151545
대전광역시 대덕구 와동,3023010600,2022,2,827472.0,1012262.0,385.80915097,181.48743021
대전광역시 대덕구 와동,3023010600,2022,3,705449.0,760589.0,328.91587844000003,136.36523258
대전광역시 대덕구 와동,3023010600,2022,4,669734.0,576683.0,312.26374543000003,103.39291182
대전광역시 대덕구 와동,3023010600,2022,5,558149.0,316370.0,260.2371945,56.72165733
대전광역시 대덕구 와동,3023010600,2022,6,606230.0,236373.0,282.65497998,42.37907611999999
대전광역시 대덕구 와동,3023010600,2022,7,714291.0,198714.0,333.03846444,35.6272321
대전광역시 대덕구 와동,3023010600,2022,8,783273.0,175601.0,365.20134952,31.48332569
대전광역시 대덕구 와동,3023010600,2022,9,702832.0,178313.0,327.69570111,31.96955743
대전광역시 대덕구 와동,3023010600,2022,10,629083.0,235935.0,293.31020033,42.30054752
대전광역시 대덕구 와동,3023010600,2022,11,645956.0,399653.0,301.17724337,71.65338216
대전광역시 대덕구 와동,3023010600,2022,12,746385.0,685070.0,348.00230484,122.82550743
대전광역시 대덕구 용호동,3023011900,2020,1,178582.0,0.0,83.26392894,0.0
대전광역시 대덕구 용호동,3023011900,2020,2,159022.0,0.0,74.14407111,0.0
대전광역시 대덕구 용호동,3023011900,2020,3,147775.0,0.0,68.90015286,0.0
대전광역시 대덕구 용호동,3023011900,2020,4,135891.0,0.0,63.35923311,0.0
대전광역시 대덕구 용호동,3023011900,2020,5,130412.0,0.0,60.80464718,0.0
대전광역시 대덕구 용호동,3023011900,2020,6,144592.0,0.0,67.41607784,0.0
대전광역시 대덕구 용호동,3023011900,2020,7,151652.0,0.0,70.70780566,0.0
대전광역시 대덕구 용호동,3023011900,2020,8,183057.0,0.0,85.35039948000001,0.0
대전광역시 대덕구 용호동,3023011900,2020,9,167580.0,0.0,78.13424204,0.0
대전광역시 대덕구 용호동,3023011900,2020,10,161161.0,0.0,75.14138072,0.0
대전광역시 대덕구 용호동,3023011900,2020,11,178812.0,0.0,83.37116653,0.0
대전광역시 대덕구 용호동,3023011900,2020,12,211268.0,0.0,98.5037895,0.0
대전광역시 대덕구 용호동,3023011900,2021,1,230649.0,0.0,107.54018852,0.0
대전광역시 대덕구 용호동,3023011900,2021,2,177768.0,0.0,82.88440112,0.0
대전광역시 대덕구 용호동,3023011900,2021,3,158256.0,0.0,73.78692328999999,0.0
대전광역시 대덕구 용호동,3023011900,2021,4,123335.0,0.0,57.50499309,0.0
대전광역시 대덕구 용호동,3023011900,2021,5,140886.0,0.0,65.68815387000001,0.0
대전광역시 대덕구 용호동,3023011900,2021,6,157503.0,0.0,73.43583674999999,0.0
대전광역시 대덕구 용호동,3023011900,2021,7,176281.0,0.0,82.19108677,0.0
대전광역시 대덕구 용호동,3023011900,2021,8,190438.0,0.0,88.79179368999999,0.0
대전광역시 대덕구 용호동,3023011900,2021,9,165990.0,0.0,77.39290389,0.0
대전광역시 대덕구 용호동,3023011900,2021,10,171599.0,0.0,80.0081024,0.0
대전광역시 대덕구 용호동,3023011900,2021,11,202349.0,0.0,94.34530221,0.0
대전광역시 대덕구 용호동,3023011900,2021,12,268139.0,0.0,125.01991601,0.0
대전광역시 대덕구 용호동,3023011900,2022,1,299233.0,0.0,139.51750595,0.0
대전광역시 대덕구 용호동,3023011900,2022,2,254796.0,0.0,118.79873691,0.0
대전광역시 대덕구 용호동,3023011900,2022,3,225953.0,0.0,105.35067663,0.0
대전광역시 대덕구 용호동,3023011900,2022,4,193064.0,0.0,90.01616723000001,0.0
대전광역시 대덕구 용호동,3023011900,2022,5,155186.0,0.0,72.35553459,0.0
대전광역시 대덕구 용호동,3023011900,2022,6,165337.0,0.0,77.08844237,0.0
대전광역시 대덕구 용호동,3023011900,2022,7,199158.0,0.0,92.85749717,0.0
대전광역시 대덕구 용호동,3023011900,2022,8,217259.0,0.0,101.29709566,0.0
대전광역시 대덕구 용호동,3023011900,2022,9,183045.0,0.0,85.34480449,0.0
대전광역시 대덕구 용호동,3023011900,2022,10,191696.0,0.0,89.37833668,0.0
대전광역시 대덕구 용호동,3023011900,2022,11,211082.0,0.0,98.41706694,0.0
대전광역시 대덕구 용호동,3023011900,2022,12,294139.0,0.0,137.1424264,0.0
대전광역시 대덕구 읍내동,3023010300,2020,1,1018006.0,451666.0,474.64570471,80.97874030999999
대전광역시 대덕구 읍내동,3023010300,2020,2,1074226.0,718991.0,500.85830215,128.90716921
대전광역시 대덕구 읍내동,3023010300,2020,3,952664.0,676601.0,444.17997111,121.30710898
대전광역시 대덕구 읍내동,3023010300,2020,4,847149.0,519334.0,394.98356007,93.11086765
대전광역시 대덕구 읍내동,3023010300,2020,5,744155.0,380124.0,346.96256645,68.15204754
대전광역시 대덕구 읍내동,3023010300,2020,6,794631.0,231781.0,370.49702154,41.55578107
대전광역시 대덕구 읍내동,3023010300,2020,7,852257.0,276525.0,397.36516714,49.57788757
대전광역시 대덕구 읍내동,3023010300,2020,8,907004.0,257162.0,422.89097775,46.1063149
대전광역시 대덕구 읍내동,3023010300,2020,9,857152.0,214299.0,399.64746278,38.42145098
대전광역시 대덕구 읍내동,3023010300,2020,10,634821.0,197409.0,295.98554522,35.393259969999995
대전광역시 대덕구 읍내동,3023010300,2020,11,834490.0,261532.0,389.08129636,46.88980775
대전광역시 대덕구 읍내동,3023010300,2020,12,1020957.0,421928.0,476.02160964,75.64704439
대전광역시 대덕구 읍내동,3023010300,2021,1,1268442.0,714322.0,591.41158989,128.07006893
대전광역시 대덕구 읍내동,3023010300,2021,2,1171426.0,856729.0,546.17784113,153.60207594
대전광역시 대덕구 읍내동,3023010300,2021,3,933219.0,668498.0,435.11373208,119.85433033
대전광역시 대덕구 읍내동,3023010300,2021,4,818285.0,487927.0,381.52570853,87.47993834
대전광역시 대덕구 읍내동,3023010300,2021,5,709838.0,302642.0,330.96225145,54.26037811
대전광역시 대덕구 읍내동,3023010300,2021,6,761119.0,252073.0,354.87203818,45.19391318
대전광역시 대덕구 읍내동,3023010300,2021,7,870781.0,249175.0,406.00198957,44.67433378
대전광역시 대덕구 읍내동,3023010300,2021,8,1043172.0,293768.0,486.37936234,52.66936762
대전광역시 대덕구 읍내동,3023010300,2021,9,834514.0,293182.0,389.09248633,52.56430427
대전광역시 대덕구 읍내동,3023010300,2021,10,741889.0,198985.0,345.90604299,35.67581942
대전광역시 대덕구 읍내동,3023010300,2021,11,813739.0,284393.0,379.40613426,50.9885333
대전광역시 대덕구 읍내동,3023010300,2021,12,1018286.0,470578.0,474.77625484,84.36945371
대전광역시 대덕구 읍내동,3023010300,2022,1,1190016.0,738452.0,554.84543608,132.39631225
대전광역시 대덕구 읍내동,3023010300,2022,2,1158933.0,800669.0,540.35297482,143.55113524
대전광역시 대덕구 읍내동,3023010300,2022,3,971498.0,741273.0,452.96133116,132.90208646
대전광역시 대덕구 읍내동,3023010300,2022,4,812170.0,555531.0,378.67458738,99.60059116
대전광역시 대덕구 읍내동,3023010300,2022,5,694410.0,310400.0,323.76894019,55.65130205
대전광역시 대덕구 읍내동,3023010300,2022,6,735507.0,232075.0,342.93043297,41.60849202
대전광역시 대덕구 읍내동,3023010300,2022,7,919099.0,257562.0,428.53027635,46.1780305
대전광역시 대덕구 읍내동,3023010300,2022,8,816732.0,298096.0,380.80162169,53.44533037
대전광역시 대덕구 읍내동,3023010300,2022,9,678329.0,275361.0,316.27116759,49.36919521
대전광역시 대덕구 읍내동,3023010300,2022,10,571133.0,190576.0,266.29098971,34.1681783
대전광역시 대덕구 읍내동,3023010300,2022,11,609544.0,247894.0,284.20013376,44.44466455
대전광역시 대덕구 읍내동,3023010300,2022,12,766136.0,393742.0,357.21121645,70.59360497
대전광역시 대덕구 이현동,3023012000,2020,1,12717.0,0.0,5.92930633,0.0
대전광역시 대덕구 이현동,3023012000,2020,2,7795.0,0.0,3.63442188,0.0
대전광역시 대덕구 이현동,3023012000,2020,3,5560.0,0.0,2.59235222,0.0
대전광역시 대덕구 이현동,3023012000,2020,4,4022.0,0.0,1.87525911,0.0
대전광역시 대덕구 이현동,3023012000,2020,5,3027.0,0.0,1.41133997,0.0
대전광역시 대덕구 이현동,3023012000,2020,6,2245.0,0.0,1.04673215,0.0
대전광역시 대덕구 이현동,3023012000,2020,7,2878.0,0.0,1.34186865,0.0
대전광역시 대덕구 이현동,3023012000,2020,8,3033.0,0.0,1.41413747,0.0
대전광역시 대덕구 이현동,3023012000,2020,9,3726.0,0.0,1.737249,0.0
대전광역시 대덕구 이현동,3023012000,2020,10,2562.0,0.0,1.19453353,0.0
대전광역시 대덕구 이현동,3023012000,2020,11,5531.0,0.0,2.57883096,0.0
대전광역시 대덕구 이현동,3023012000,2020,12,6561.0,0.0,3.05906887,0.0
대전광역시 대덕구 이현동,3023012000,2021,1,8571.0,0.0,3.99623218,0.0
대전광역시 대덕구 이현동,3023012000,2021,2,8555.0,0.0,3.98877217,0.0
대전광역시 대덕구 이현동,3023012000,2021,3,6215.0,0.0,2.89774623,0.0
대전광역시 대덕구 이현동,3023012000,2021,4,4074.0,0.0,1.89950414,0.0
대전광역시 대덕구 이현동,3023012000,2021,5,3157.0,0.0,1.4719525299999998,0.0
대전광역시 대덕구 이현동,3023012000,2021,6,3703.0,0.0,1.72652523,0.0
대전광역시 대덕구 이현동,3023012000,2021,7,3822.0,0.0,1.78200902,0.0
대전광역시 대덕구 이현동,3023012000,2021,8,5293.0,0.0,2.46786337,0.0
대전광역시 대덕구 이현동,3023012000,2021,9,4071.0,0.0,1.89810538,0.0
대전광역시 대덕구 이현동,3023012000,2021,10,3147.0,0.0,1.46729001,0.0
대전광역시 대덕구 이현동,3023012000,2021,11,3735.0,0.0,1.74144524,0.0
대전광역시 대덕구 이현동,3023012000,2021,12,5970.0,0.0,2.78351488,0.0
대전광역시 대덕구 이현동,3023012000,2022,1,7833.0,0.0,3.65213938,0.0
대전광역시 대덕구 이현동,3023012000,2022,2,8421.0,0.0,3.92629461,0.0
대전광역시 대덕구 이현동,3023012000,2022,3,7313.0,0.0,3.40968919,0.0
대전광역시 대덕구 이현동,3023012000,2022,4,4913.0,0.0,2.29068821,0.0
대전광역시 대덕구 이현동,3023012000,2022,5,3014.0,0.0,1.4052787100000002,0.0
대전광역시 대덕구 이현동,3023012000,2022,6,2590.0,0.0,1.20758853,0.0
대전광역시 대덕구 이현동,3023012000,2022,7,3183.0,0.0,1.48407503,0.0
대전광역시 대덕구 이현동,3023012000,2022,8,3725.0,0.0,1.7367827299999998,0.0
대전광역시 대덕구 이현동,3023012000,2022,9,3270.0,0.0,1.52463882,0.0
대전광역시 대덕구 이현동,3023012000,2022,10,3766.0,0.0,1.75589899,0.0
대전광역시 대덕구 이현동,3023012000,2022,11,4556.0,0.0,2.12423683,0.0
대전광역시 대덕구 이현동,3023012000,2022,12,5707.0,0.0,2.66089102,0.0
대전광역시 대덕구 장동,3023011800,2020,1,48104.0,0.0,22.42850924,0.0
대전광역시 대덕구 장동,3023011800,2020,2,47886.0,0.0,22.32686666,0.0
대전광역시 대덕구 장동,3023011800,2020,3,38500.0,0.0,17.95064038,0.0
대전광역시 대덕구 장동,3023011800,2020,4,31647.0,0.0,14.75542638,0.0
대전광역시 대덕구 장동,3023011800,2020,5,25917.0,0.0,12.0838116,0.0
대전광역시 대덕구 장동,3023011800,2020,6,26499.0,0.0,12.35516934,0.0
대전광역시 대덕구 장동,3023011800,2020,7,26884.0,0.0,12.53467573,0.0
대전광역시 대덕구 장동,3023011800,2020,8,29756.0,0.0,13.8737469,0.0
대전광역시 대덕구 장동,3023011800,2020,9,31402.0,0.0,14.64119507,0.0
대전광역시 대덕구 장동,3023011800,2020,10,25237.0,0.0,11.76676135,0.0
대전광역시 대덕구 장동,3023011800,2020,11,30636.0,0.0,14.28404725,0.0
대전광역시 대덕구 장동,3023011800,2020,12,38571.0,0.0,17.98374418,0.0
대전광역시 대덕구 장동,3023011800,2021,1,57032.0,0.0,26.59119282,0.0
대전광역시 대덕구 장동,3023011800,2021,2,53533.0,0.0,24.95978264,0.0
대전광역시 대덕구 장동,3023011800,2021,3,38241.0,0.0,17.82988155,0.0
대전광역시 대덕구 장동,3023011800,2021,4,29705.0,0.0,13.84996814,0.0
대전광역시 대덕구 장동,3023011800,2021,5,25598.0,0.0,11.93507775,0.0
대전광역시 대덕구 장동,3023011800,2021,6,25767.0,0.0,12.01387406,0.0
대전광역시 대덕구 장동,3023011800,2021,7,28020.0,0.0,13.06433624,0.0
대전광역시 대덕구 장동,3023011800,2021,8,35055.0,0.0,16.34440778,0.0
대전광역시 대덕구 장동,3023011800,2021,9,27672.0,0.0,12.90208107,0.0
대전광역시 대덕구 장동,3023011800,2021,10,25758.0,0.0,12.00967783,0.0
대전광역시 대덕구 장동,3023011800,2021,11,27888.0,0.0,13.00279116,0.0
대전광역시 대덕구 장동,3023011800,2021,12,38371.0,0.0,17.8904941,0.0
대전광역시 대덕구 장동,3023011800,2022,1,49795.0,0.0,23.21693866,0.0
대전광역시 대덕구 장동,3023011800,2022,2,54136.0,0.0,25.24093165,0.0
대전광역시 대덕구 장동,3023011800,2022,3,40068.0,0.0,18.68172104,0.0
대전광역시 대덕구 장동,3023011800,2022,4,28112.0,0.0,13.10723121,0.0
대전광역시 대덕구 장동,3023011800,2022,5,23586.0,0.0,10.99698191,0.0
대전광역시 대덕구 장동,3023011800,2022,6,25610.0,0.0,11.94067273,0.0
대전광역시 대덕구 장동,3023011800,2022,7,35178.0,0.0,16.40175657,0.0
대전광역시 대덕구 장동,3023011800,2022,8,35972.0,0.0,16.77195941,0.0
대전광역시 대덕구 장동,3023011800,2022,9,31634.0,0.0,14.74936512,0.0
대전광역시 대덕구 장동,3023011800,2022,10,28858.0,0.0,13.45505404,0.0
대전광역시 대덕구 장동,3023011800,2022,11,32173.0,0.0,15.0006741,0.0
대전광역시 대덕구 장동,3023011800,2022,12,44169.0,0.0,20.5938139,0.0
대전광역시 대덕구 중리동,3023010900,2020,1,5531148.0,2960105.0,2578.89996738,530.7142318
대전광역시 대덕구 중리동,3023010900,2020,2,5443191.0,2867635.0,2537.8899811,514.13537889
대전광역시 대덕구 중리동,3023010900,2020,3,5134994.0,2418935.0,2394.1930065,433.68840971
대전광역시 대덕구 중리동,3023010900,2020,4,4841831.0,1777728.0,2257.50564053,318.72705514
대전광역시 대덕구 중리동,3023010900,2020,5,4740952.0,1368235.0,2210.47076645,245.30946932
대전광역시 대덕구 중리동,3023010900,2020,6,4976161.0,1009612.0,2320.13705675,181.01231438
대전광역시 대덕구 중리동,3023010900,2020,7,5110396.0,1027212.0,2382.72417903,184.16780057
대전광역시 대덕구 중리동,3023010900,2020,8,5510816.0,956545.0,2569.42016432,171.49798564
대전광역시 대덕구 중리동,3023010900,2020,9,5532006.0,857496.0,2579.3000103,153.73959058
대전광역시 대덕구 중리동,3023010900,2020,10,4756792.0,695582.0,2217.8561727,124.71019328
대전광역시 대덕구 중리동,3023010900,2020,11,4819025.0,1398780.0,2246.87233379,250.78585153
대전광역시 대덕구 중리동,3023010900,2020,12,5149215.0,2204370.0,2400.82355346,395.21926789
대전광역시 대덕구 중리동,3023010900,2021,1,5847584.0,3114725.0,2726.43837902,558.43589519
대전광역시 대덕구 중리동,3023010900,2021,2,5524720.0,3281352.0,2575.90290989,588.31028142
대전광역시 대덕구 중리동,3023010900,2021,3,5293513.0,2437052.0,2468.10255375,436.93658834
대전광역시 대덕구 중리동,3023010900,2021,4,5149164.0,1906440.0,2400.79977451,341.80369957
대전광역시 대덕구 중리동,3023010900,2021,5,4772562.0,1332514.0,2225.20894157,238.90508735
대전광역시 대덕구 중리동,3023010900,2021,6,4995189.0,1038764.0,2329.00886931,186.23894699
대전광역시 대덕구 중리동,3023010900,2021,7,5493352.0,963174.0,2561.27756729,172.68649237
대전광역시 대덕구 중리동,3023010900,2021,8,5933006.0,838841.0,2766.26642077,150.39495454
대전광역시 대덕구 중리동,3023010900,2021,9,5255866.0,724715.0,2450.54962482,129.93341941
대전광역시 대덕구 중리동,3023010900,2021,10,4942003.0,809275.0,2304.2108755900003,145.09409623
대전광역시 대덕구 중리동,3023010900,2021,11,4924337.0,1452055.0,2295.97409607,260.3374724
대전광역시 대덕구 중리동,3023010900,2021,12,5308281.0,2246184.0,2474.98813963,402.71605768
대전광역시 대덕구 중리동,3023010900,2022,1,5880965.0,3058683.0,2742.00228366,548.38818166
대전광역시 대덕구 중리동,3023010900,2022,2,5644893.0,3378352.0,2631.93361924,605.70131339
대전광역시 대덕구 중리동,3023010900,2022,3,5529458.0,2864799.0,2578.11200434,513.62691538
대전광역시 대덕구 중리동,3023010900,2022,4,5205867.0,2122274.0,2427.23757118,380.5003591
대전광역시 대덕구 중리동,3023010900,2022,5,4978153.0,1302034.0,2321.06582749,233.44035898
대전광역시 대덕구 중리동,3023010900,2022,6,5195508.0,1001556.0,2422.40768324,179.56796229
대전광역시 대덕구 중리동,3023010900,2022,7,5807457.0,969202.0,2707.7291492,173.7672464
대전광역시 대덕구 중리동,3023010900,2022,8,6126862.0,976570.0,2856.65185832,175.08824767
대전광역시 대덕구 중리동,3023010900,2022,9,5528593.0,1050143.0,2577.70869765,188.27907639
대전광역시 대덕구 중리동,3023010900,2022,10,5021395.0,994671.0,2341.22742717,178.33355766
대전광역시 대덕구 중리동,3023010900,2022,11,4984171.0,1420338.0,2323.87172251,254.65096355
대전광역시 대덕구 중리동,3023010900,2022,12,5431829.0,2175455.0,2532.59244391,390.03512676
대전광역시 대덕구 평촌동,3023011700,2020,1,1386051.0,1026640.0,646.2468332,184.06524731
대전광역시 대덕구 평촌동,3023011700,2020,2,1330318.0,1052249.0,620.26129961,188.65665902
대전광역시 대덕구 평촌동,3023011700,2020,3,1208134.0,879004.0,563.29296076,157.59573816999998
대전광역시 대덕구 평촌동,3023011700,2020,4,1042276.0,666616.0,485.96160189,119.51690846
대전광역시 대덕구 평촌동,3023011700,2020,5,905316.0,472274.0,422.10394713,84.67352781999999
대전광역시 대덕구 평촌동,3023011700,2020,6,1031397.0,267670.0,480.88926385,47.990283600000005
대전광역시 대덕구 평촌동,3023011700,2020,7,1093846.0,223828.0,510.00613502,40.12989575
대전광역시 대덕구 평촌동,3023011700,2020,8,1159859.0,201216.0,540.78472268,36.07581313
대전광역시 대덕구 평촌동,3023011700,2020,9,680339.0,15228.0,317.20833089,2.73021272
대전광역시 대덕구 평촌동,3023011700,2020,10,609103.0,15004.0,283.99451741,2.69005198
대전광역시 대덕구 평촌동,3023011700,2020,11,1138394.0,425516.0,530.77665786,76.29033328000001
대전광역시 대덕구 평촌동,3023011700,2020,12,1449207.0,698914.0,675.69334344,125.30758421
대전광역시 대덕구 평촌동,3023011700,2021,1,1598026.0,1328370.0,745.08026169,238.16211384
대전광역시 대덕구 평촌동,3023011700,2021,2,1413794.0,1181111.0,659.18201804,211.76019665
대전광역시 대덕구 평촌동,3023011700,2021,3,1202005.0,879319.0,560.43531208,157.65221423
대전광역시 대덕구 평촌동,3023011700,2021,4,1020622.0,593630.0,475.86541576,106.43132233
대전광역시 대덕구 평촌동,3023011700,2021,5,921005.0,409911.0,429.41894966,73.49252861
대전광역시 대덕구 평촌동,3023011700,2021,6,1009891.0,279683.0,470.8620827,50.14408223
대전광역시 대덕구 평촌동,3023011700,2021,7,1160728.0,212758.0,541.18989434,38.14516663999999
대전광역시 대덕구 평촌동,3023011700,2021,8,1267282.0,176271.0,590.87073942,31.60344933
대전광역시 대덕구 평촌동,3023011700,2021,9,972918.0,164010.0,453.62340666,29.40518702
대전광역시 대덕구 평촌동,3023011700,2021,10,912234.0,163720.0,425.32946742,29.35319323
대전광역시 대덕구 평촌동,3023011700,2021,11,1100588.0,357104.0,513.14959524,64.02481501
대전광역시 대덕구 평촌동,3023011700,2021,12,1368526.0,719509.0,638.07579495,129.00004093
대전광역시 대덕구 평촌동,3023011700,2022,1,1488141.0,1118686.0,693.84633652,200.56808154
대전광역시 대덕구 평촌동,3023011700,2022,2,1367062.0,1268122.0,637.39320434,227.36031084
대전광역시 대덕구 평촌동,3023011700,2022,3,1166540.0,1030594.0,543.89974165,184.77415596
대전광역시 대덕구 평촌동,3023011700,2022,4,951728.0,700831.0,443.74356066,125.6512812
대전광역시 대덕구 평촌동,3023011700,2022,5,873486.0,332546.0,407.26319688,59.62183602
대전광역시 대덕구 평촌동,3023011700,2022,6,931598.0,254936.0,434.3579401,45.70721761
대전광역시 대덕구 평촌동,3023011700,2022,7,1130904.0,197325.0,527.28444238,35.378199689999995
대전광역시 대덕구 평촌동,3023011700,2022,8,1216163.0,174227.0,567.0364852,31.23698264
대전광역시 대덕구 평촌동,3023011700,2022,9,973777.0,156680.0,454.02391576,28.09099874
대전광역시 대덕구 평촌동,3023011700,2022,10,884722.0,183973.0,412.5019864,32.9843331
대전광역시 대덕구 평촌동,3023011700,2022,11,1011980.0,306406.0,471.83607982,54.93522186
대전광역시 대덕구 평촌동,3023011700,2022,12,1400761.0,637803.0,653.10537656,114.35105481
대전광역시 동구 가양동,3011011400,2020,1,4006911.0,5377791.0,1868.22385663,964.17870949
대전광역시 동구 가양동,3011011400,2020,2,4034425.0,5476763.0,1881.05227004,981.92329932
대전광역시 동구 가양동,3011011400,2020,3,3517293.0,4417490.0,1639.93926816,792.00731456
대전광역시 동구 가양동,3011011400,2020,4,3217294.0,3171755.0,1500.06461448,568.6607461
대전광역시 동구 가양동,3011011400,2020,5,2882833.0,2296097.0,1344.12203943,411.664909
대전광역시 동구 가양동,3011011400,2020,6,3127225.0,1404618.0,1458.06990728,251.83254064
대전광역시 동구 가양동,3011011400,2020,7,3355384.0,1252862.0,1564.44913226,224.62436091
대전광역시 동구 가양동,3011011400,2020,8,3550035.0,1400029.0,1655.20523884,251.00978351
대전광역시 동구 가양동,3011011400,2020,9,3002716.0,1116000.0,1400.01753618,200.08651142
대전광역시 동구 가양동,3011011400,2020,10,2087812.0,877279.0,973.44318019,157.28646467
대전광역시 동구 가양동,3011011400,2020,11,2979942.0,2310083.0,1389.39914951,414.17244471
대전광역시 동구 가양동,3011011400,2020,12,3399674.0,4036122.0,1585.09936252,723.63223125
대전광역시 동구 가양동,3011011400,2021,1,4117838.0,6174408.0,1919.94361466,1107.00336572
대전광역시 동구 가양동,3011011400,2021,2,3996882.0,5396004.0,1863.54783123,967.4440999
대전광역시 동구 가양동,3011011400,2021,3,3275902.0,4204805.0,1527.39061785,753.87523579
대전광역시 동구 가양동,3011011400,2021,4,3159950.0,3207970.0,1473.32795154,575.15369686
대전광역시 동구 가양동,3011011400,2021,5,2806413.0,1979424.0,1308.49118382,354.88892701
대전광역시 동구 가양동,3011011400,2021,6,3045022.0,1391560.0,1419.74272553,249.49138491
대전광역시 동구 가양동,3011011400,2021,7,3462278.0,1418714.0,1614.28850236,254.3597983
대전광역시 동구 가양동,3011011400,2021,8,4339667.0,1410510.0,2023.3714746,252.88891129
대전광역시 동구 가양동,3011011400,2021,9,3481507.0,1287515.0,1623.2540315,230.83726217
대전광역시 동구 가양동,3011011400,2021,10,2993033.0,1350055.0,1395.5028334,242.04999552
대전광역시 동구 가양동,3011011400,2021,11,3066742.0,2245850.0,1429.86968419,402.65617512
대전광역시 동구 가양동,3011011400,2021,12,3440722.0,4018990.0,1604.23800864,720.56065243
대전광역시 동구 가양동,3011011400,2022,1,4068277.0,5679185.0,1896.83577858,1018.21533499
대전광역시 동구 가양동,3011011400,2022,2,4110556.0,5627716.0,1916.54837926,1008.98750989
대전광역시 동구 가양동,3011011400,2022,3,3565118.0,4766030.0,1662.23769355,854.49669859
대전광역시 동구 가양동,3011011400,2022,4,3311269.0,3610383.0,1543.88049582,647.30191659
대전광역시 동구 가양동,3011011400,2022,5,2844700.0,1962440.0,1326.34251297,351.84388298
대전광역시 동구 가양동,3011011400,2022,6,3054067.0,1623312.0,1423.95996036,291.04196672
대전광역시 동구 가양동,3011011400,2022,7,3835690.0,1390167.0,1788.39199669,249.24163554
대전광역시 동구 가양동,3011011400,2022,8,4149645.0,1291689.0,1934.77364102,231.58561459
대전광역시 동구 가양동,3011011400,2022,9,3614282.0,1369459.0,1685.16042815,245.52891914
대전광역시 동구 가양동,3011011400,2022,10,3262723.0,1313909.0,1521.24590377,235.56941575
대전광역시 동구 가양동,3011011400,2022,11,3213569.0,2405396.0,1498.32783157,431.26101607
대전광역시 동구 가양동,3011011400,2022,12,3647874.0,4221487.0,1700.82271166,756.86613482
대전광역시 동구 가오동,3011010500,2020,1,4302152.0,6234110.0,2005.8800908,1117.70727699
대전광역시 동구 가오동,3011010500,2020,2,4211844.0,6577178.0,1963.77394967,1179.21559174
대전광역시 동구 가오동,3011010500,2020,3,3589956.0,5385246.0,1673.81842107,965.51530895
대전광역시 동구 가오동,3011010500,2020,4,3419938.0,4267539.0,1594.54746048,765.12275129
대전광역시 동구 가오동,3011010500,2020,5,3334155.0,3137177.0,1554.55110239,562.46129151
대전광역시 동구 가오동,3011010500,2020,6,3833443.0,2175486.0,1787.34433207,390.04068475
대전광역시 동구 가오동,3011010500,2020,7,3831937.0,2462878.0,1786.64215904,441.56690582
대전광역시 동구 가오동,3011010500,2020,8,4384697.0,2290692.0,2044.36673016,410.69585198
대전광역시 동구 가오동,3011010500,2020,9,3082229.0,2193768.0,1437.09050415,393.31844602
대전광역시 동구 가오동,3011010500,2020,10,2275432.0,1254087.0,1060.9210802,224.84398988
대전광역시 동구 가오동,3011010500,2020,11,3453654.0,2835824.0,1610.26755895,508.43201697
대전광역시 동구 가오동,3011010500,2020,12,3849054.0,4289587.0,1794.62296715,769.07571496
대전광역시 동구 가오동,3011010500,2021,1,4493648.0,7006162.0,2095.1651774,1256.12769925
대전광역시 동구 가오동,3011010500,2021,2,4157626.0,7246757.0,1938.49478555,1299.26373345
대전광역시 동구 가오동,3011010500,2021,3,3429496.0,5377975.0,1599.00388182,964.21169866
대전광역시 동구 가오동,3011010500,2021,4,3409773.0,4117647.0,1589.80802514,738.24876623
대전광역시 동구 가오동,3011010500,2021,5,3294470.0,2760672.0,1536.04795532,494.95809085
대전광역시 동구 가오동,3011010500,2021,6,3717825.0,2215013.0,1733.43739333,397.12744062
대전광역시 동구 가오동,3011010500,2021,7,4171840.0,2342046.0,1945.1220687,419.90305868
대전광역시 동구 가오동,3011010500,2021,8,4952911.0,2654727.0,2309.2967349,475.9633189
대전광역시 동구 가오동,3011010500,2021,9,4142189.0,2537402.0,1931.29727814,454.92823839
대전광역시 동구 가오동,3011010500,2021,10,3549032.0,2119171.0,1654.73758964,379.94402532
대전광역시 동구 가오동,3011010500,2021,11,3459885.0,2812253.0,1613.17276524,504.20599619
대전광역시 동구 가오동,3011010500,2021,12,3764833.0,4329331.0,1755.35489225,776.20137642
대전광역시 동구 가오동,3011010500,2022,1,4354319.0,6396777.0,2030.2029755,1146.87167894
대전광역시 동구 가오동,3011010500,2022,2,4269977.0,7202522.0,1990.87848425,1291.33288505
대전광역시 동구 가오동,3011010500,2022,3,3572486.0,5900500.0,1665.6730265,1057.89467744
대전광역시 동구 가오동,3011010500,2022,4,3509786.0,4480555.0,1636.43912643,803.3141745
대전광역시 동구 가오동,3011010500,2022,5,3310997.0,2552130.0,1543.75367564,457.56880659
대전광역시 동구 가오동,3011010500,2022,6,3704231.0,2076583.0,1727.09918543,372.30846588
대전광역시 동구 가오동,3011010500,2022,7,4585665.0,1994709.0,2138.06814052,357.62935926
대전광역시 동구 가오동,3011010500,2022,8,5039392.0,2602341.0,2349.61853571,466.57108602000005
대전광역시 동구 가오동,3011010500,2022,9,4404169.0,2647321.0,2053.44555789,474.6355047
대전광역시 동구 가오동,3011010500,2022,10,3641562.0,2212858.0,1697.87973916,396.74107282
대전광역시 동구 가오동,3011010500,2022,11,3493737.0,2732495.0,1628.95627373,489.90626501
대전광역시 동구 가오동,3011010500,2022,12,3927120.0,3947664.0,1831.02127085,707.77268608
대전광역시 동구 구도동,3011014200,2020,1,918389.0,0.0,428.19923861,0.0
대전광역시 동구 구도동,3011014200,2020,2,843727.0,0.0,393.38805123,0.0
대전광역시 동구 구도동,3011014200,2020,3,727953.0,0.0,339.40837743,0.0
대전광역시 동구 구도동,3011014200,2020,4,686914.0,0.0,320.27392726,0.0
대전광역시 동구 구도동,3011014200,2020,5,599409.0,0.0,279.47468598,0.0
대전광역시 동구 구도동,3011014200,2020,6,656498.0,0.0,306.09245511,0.0
대전광역시 동구 구도동,3011014200,2020,7,686520.0,0.0,320.09022461,0.0
대전광역시 동구 구도동,3011014200,2020,8,698157.0,0.0,325.51598056,0.0
대전광역시 동구 구도동,3011014200,2020,9,717386.0,0.0,334.4815095,0.0
대전광역시 동구 구도동,3011014200,2020,10,602957.0,0.0,281.1289424,0.0
대전광역시 동구 구도동,3011014200,2020,11,751071.0,0.0,350.18715417,0.0
대전광역시 동구 구도동,3011014200,2020,12,951312.0,0.0,443.54960052,0.0
대전광역시 동구 구도동,3011014200,2021,1,1175725.0,0.0,548.18225149,0.0
대전광역시 동구 구도동,3011014200,2021,2,1049467.0,0.0,489.31440852,0.0
대전광역시 동구 구도동,3011014200,2021,3,812339.0,0.0,378.75338369,0.0
대전광역시 동구 구도동,3011014200,2021,4,745686.0,0.0,347.67639576,0.0
대전광역시 동구 구도동,3011014200,2021,5,623413.0,0.0,290.6665606,0.0
대전광역시 동구 구도동,3011014200,2021,6,677340.0,0.0,315.81004589,0.0
대전광역시 동구 구도동,3011014200,2021,7,763992.0,0.0,356.21157556,0.0
대전광역시 동구 구도동,3011014200,2021,8,819986.0,0.0,382.3188005,0.0
대전광역시 동구 구도동,3011014200,2021,9,795043.0,0.0,370.68911678,0.0
대전광역시 동구 구도동,3011014200,2021,10,656931.0,0.0,306.29434151,0.0
대전광역시 동구 구도동,3011014200,2021,11,827567.0,0.0,385.85344474,0.0
대전광역시 동구 구도동,3011014200,2021,12,980704.0,0.0,457.25363231,0.0
대전광역시 동구 구도동,3011014200,2022,1,1190142.0,0.0,554.9041835200001,0.0
대전광역시 동구 구도동,3011014200,2022,2,1164700.0,0.0,543.04184084,0.0
대전광역시 동구 구도동,3011014200,2022,3,895710.0,0.0,417.62514574,0.0
대전광역시 동구 구도동,3011014200,2022,4,773879.0,0.0,360.82139326,0.0
대전광역시 동구 구도동,3011014200,2022,5,668961.0,0.0,311.90333384,0.0
대전광역시 동구 구도동,3011014200,2022,6,702973.0,0.0,327.76144243,0.0
대전광역시 동구 구도동,3011014200,2022,7,833897.0,272.0,388.8048098,0.0487666
대전광역시 동구 구도동,3011014200,2022,8,1043686.0,154.0,486.61901499,0.0276105
대전광역시 동구 구도동,3011014200,2022,9,983821.0,119.0,458.70693476,0.02133539
대전광역시 동구 구도동,3011014200,2022,10,906568.0,249.0,422.68769265,0.04464296
대전광역시 동구 구도동,3011014200,2022,11,991211.0,1765.0,462.15252522,0.31644506
대전광역시 동구 구도동,3011014200,2022,12,1163953.0,2744.0,542.69355183,0.49196898
대전광역시 동구 낭월동,3011013600,2020,1,2144901.0,3401357.0,1000.06094918,609.82585654
대전광역시 동구 낭월동,3011013600,2020,2,2124733.0,3506680.0,990.65761107,628.70911071
대전광역시 동구 낭월동,3011013600,2020,3,1903100.0,2966134.0,887.3211363,531.79516503
대전광역시 동구 낭월동,3011013600,2020,4,1881987.0,2419889.0,877.47719158,433.85945139
대전광역시 동구 낭월동,3011013600,2020,5,1772560.0,1797902.0,826.45680898,322.34403125
대전광역시 동구 낭월동,3011013600,2020,6,1889614.0,1015150.0,881.03328328,182.00521683
대전광역시 동구 낭월동,3011013600,2020,7,1898193.0,735975.0,885.03324551,131.95221341
대전광역시 동구 낭월동,3011013600,2020,8,2137353.0,681745.0,996.54169116,122.22937156
대전광역시 동구 낭월동,3011013600,2020,9,1378458.0,117663.0,642.70659391,21.09568028
대전광역시 동구 낭월동,3011013600,2020,10,1096326.0,112527.0,511.16243602,20.17485203
대전광역시 동구 낭월동,3011013600,2020,11,1883881.0,1478975.0,878.36026983,265.16393199
대전광역시 동구 낭월동,3011013600,2020,12,1999206.0,2345889.0,932.13059714,420.59206628
대전광역시 동구 낭월동,3011013600,2021,1,2233183.0,3920973.0,1041.222467,702.98728371
대전광역시 동구 낭월동,3011013600,2021,2,2148904.0,3939767.0,1001.92734958,706.3568409100001
대전광역시 동구 낭월동,3011013600,2021,3,1811200.0,2958494.0,844.47272445,530.42539718
대전광역시 동구 낭월동,3011013600,2021,4,1897075.0,2308079.0,884.5119775300001,413.81314963
대전광역시 동구 낭월동,3011013600,2021,5,1779693.0,1456709.0,829.78257314,261.17188336
대전광역시 동구 낭월동,3011013600,2021,6,1897480.0,1100310.0,884.70080905,197.2734671
대전광역시 동구 낭월동,3011013600,2021,7,2021711.0,767501.0,942.62356247,137.60447807
대전광역시 동구 낭월동,3011013600,2021,8,2454488.0,603070.0,1144.40601177,108.12381039
대전광역시 동구 낭월동,3011013600,2021,9,2056357.0,571193.0,958.77727374,102.40861531
대전광역시 동구 낭월동,3011013600,2021,10,1809472.0,682381.0,843.66704383,122.34339936
대전광역시 동구 낭월동,3011013600,2021,11,1895237.0,1356551.0,883.65500937,243.21465681
대전광역시 동구 낭월동,3011013600,2021,12,1986773.0,2391855.0,926.33370603,428.8332639
대전광역시 동구 낭월동,3011013600,2022,1,2216336.0,3669633.0,1033.36754645,657.92478926
대전광역시 동구 낭월동,3011013600,2022,2,2200335.0,3966610.0,1025.90707387,711.1694952099999
대전광역시 동구 낭월동,3011013600,2022,3,1866691.0,3492884.0,870.34542545,626.23563981
대전광역시 동구 낭월동,3011013600,2022,4,1908840.0,2710423.0,889.99741353,485.9489985
대전광역시 동구 낭월동,3011013600,2022,5,1770685.0,1483542.0,825.58258958,265.9827448
대전광역시 동구 낭월동,3011013600,2022,6,1857912.0,983412.0,866.25221317,176.31494293
대전광역시 동구 낭월동,3011013600,2022,7,2229011.0,728721.0,1039.27727039,130.65165109
대전광역시 동구 낭월동,3011013600,2022,8,2356287.0,552564.0,1098.61975625,99.06864074
대전광역시 동구 낭월동,3011013600,2022,9,2043046.0,523193.0,952.57101462,93.80274385
대전광역시 동구 낭월동,3011013600,2022,10,1720407.0,677039.0,802.14045193,121.3856376
대전광역시 동구 낭월동,3011013600,2022,11,1779019.0,1319171.0,829.4683203799999,236.51283445
대전광역시 동구 낭월동,3011013600,2022,12,1928359.0,2136919.0,899.09815512,383.12604633
대전광역시 동구 대동,3011011000,2020,1,1824173.0,3070262.0,850.52139103,550.46416888
대전광역시 동구 대동,3011011000,2020,2,1856456.0,3109855.0,865.57335252,557.5627577700001
대전광역시 동구 대동,3011011000,2020,3,1682922.0,2681676.0,784.66305575,480.79497793
대전광역시 동구 대동,3011011000,2020,4,1607417.0,2998808.0,749.4588192,537.65325347
대전광역시 동구 대동,3011011000,2020,5,1469635.0,2043836.0,685.21790657,366.43728935
대전광역시 동구 대동,3011011000,2020,6,1501806.0,1150215.0,700.21764819,206.22088402
대전광역시 동구 대동,3011011000,2020,7,1621943.0,847580.0,756.23157253,151.96176101
대전광역시 동구 대동,3011011000,2020,8,1705893.0,854459.0,795.37329364,153.19508994
대전광역시 동구 대동,3011011000,2020,9,984216.0,185375.0,458.89110364,33.23569626
대전광역시 동구 대동,3011011000,2020,10,697147.0,180186.0,325.04506764,32.30536575
대전광역시 동구 대동,3011011000,2020,11,1456502.0,1763471.0,679.09464008,316.17093207
대전광역시 동구 대동,3011011000,2020,12,1593432.0,3052017.0,742.93830745,547.1930412300001
대전광역시 동구 대동,3011011000,2021,1,1940255.0,5425940.0,904.64466986,972.81129505
대전광역시 동구 대동,3011011000,2021,2,1955824.0,5280297.0,911.90372237,946.69910891
대전광역시 동구 대동,3011011000,2021,3,1608297.0,3931959.0,749.86911951,704.9569524999999
대전광역시 동구 대동,3011011000,2021,4,1587248.0,2757022.0,740.0550149,494.30368602
대전광역시 동구 대동,3011011000,2021,5,1424709.0,1657801.0,664.27114109,297.22546472
대전광역시 동구 대동,3011011000,2021,6,1484951.0,1215318.0,692.35899767,217.89313509
대전광역시 동구 대동,3011011000,2021,7,1604620.0,857936.0,748.15471684,153.81847774
대전광역시 동구 대동,3011011000,2021,8,2154027.0,700171.0,1004.3159504,125.53295045
대전광역시 동구 대동,3011011000,2021,9,1757350.0,632819.0,819.3651403599999,113.45747854
대전광역시 동구 대동,3011011000,2021,10,1515972.0,809159.0,706.82255134,145.0732988
대전광역시 동구 대동,3011011000,2021,11,1557867.0,1576759.0,726.3561119899999,282.69552644
대전광역시 동구 대동,3011011000,2021,12,1650086.0,3150056.0,769.35325754,564.7703543900001
대전광역시 동구 대동,3011011000,2022,1,1938049.0,4944519.0,903.61612152,886.49781084
대전광역시 동구 대동,3011011000,2022,2,1987763.0,5370220.0,926.79529391,962.82131251
대전광역시 동구 대동,3011011000,2022,3,1732949.0,4685767.0,807.98816443,840.10642642
대전광역시 동구 대동,3011011000,2022,4,1692856.0,3269007.0,789.2947871,586.0969589
대전광역시 동구 대동,3011011000,2022,5,1491804.0,1642971.0,695.55421174,294.56660895
대전광역시 동구 대동,3011011000,2022,6,1533131.0,1078989.0,714.82294197,193.45084658
대전광역시 동구 대동,3011011000,2022,7,1848525.0,847520.0,861.87552064,151.95100365000002
대전광역시 동구 대동,3011011000,2022,8,2158651.0,716635.0,1006.47189222,128.48476431
대전광역시 동구 대동,3011011000,2022,9,1953165.0,670747.0,910.66396249,120.2575513
대전광역시 동구 대동,3011011000,2022,10,1590316.0,803829.0,741.4854712,144.11768842
대전광역시 동구 대동,3011011000,2022,11,1535447.0,1510164.0,715.90277795,270.75577622
대전광역시 동구 대동,3011011000,2022,12,1622261.0,2768905.0,756.37984008,496.43417708
대전광역시 동구 대별동,3011013700,2020,1,376478.0,0.0,175.53301805,0.0
대전광역시 동구 대별동,3011013700,2020,2,385964.0,0.0,179.95586943,0.0
대전광역시 동구 대별동,3011013700,2020,3,322569.0,0.0,150.39792525,0.0
대전광역시 동구 대별동,3011013700,2020,4,278691.0,0.0,129.93979018,0.0
대전광역시 동구 대별동,3011013700,2020,5,249926.0,0.0,116.52809742,0.0
대전광역시 동구 대별동,3011013700,2020,6,266943.0,0.0,124.46228054,0.0
대전광역시 동구 대별동,3011013700,2020,7,266035.0,0.0,124.03892513,0.0
대전광역시 동구 대별동,3011013700,2020,8,309266.0,0.0,144.19539619,0.0
대전광역시 동구 대별동,3011013700,2020,9,311479.0,0.0,145.22720832,0.0
대전광역시 동구 대별동,3011013700,2020,10,204377.0,0.0,95.29085799,0.0
대전광역시 동구 대별동,3011013700,2020,11,242531.0,0.0,113.08017577,0.0
대전광역시 동구 대별동,3011013700,2020,12,290901.0,0.0,135.63270762,0.0
대전광역시 동구 대별동,3011013700,2021,1,367988.0,0.0,171.5745522,0.0
대전광역시 동구 대별동,3011013700,2021,2,340211.0,0.0,158.62351488,0.0
대전광역시 동구 대별동,3011013700,2021,3,265008.0,0.0,123.560086,0.0
대전광역시 동구 대별동,3011013700,2021,4,253196.0,0.0,118.05273626,0.0
대전광역시 동구 대별동,3011013700,2021,5,231068.0,0.0,107.73554743,0.0
대전광역시 동구 대별동,3011013700,2021,6,258729.0,0.0,120.63249974,0.0
대전광역시 동구 대별동,3011013700,2021,7,283160.0,0.0,132.0234633,0.0
대전광역시 동구 대별동,3011013700,2021,8,324031.0,0.0,151.07958331,0.0
대전광역시 동구 대별동,3011013700,2021,9,270322.0,0.0,126.0377406,0.0
대전광역시 동구 대별동,3011013700,2021,10,237717.0,0.0,110.83564639,0.0
대전광역시 동구 대별동,3011013700,2021,11,273289.0,0.0,127.42110562,0.0
대전광역시 동구 대별동,3011013700,2021,12,312641.0,0.0,145.76899133,0.0
대전광역시 동구 대별동,3011013700,2022,1,397528.0,0.0,185.34758896,0.0
대전광역시 동구 대별동,3011013700,2022,2,380428.0,0.0,177.37470712,0.0
대전광역시 동구 대별동,3011013700,2022,3,316563.0,0.0,147.59762542,0.0
대전광역시 동구 대별동,3011013700,2022,4,298667.0,0.0,139.25360823,0.0
대전광역시 동구 대별동,3011013700,2022,5,248766.0,0.0,115.98724703,0.0
대전광역시 동구 대별동,3011013700,2022,6,267959.0,0.0,124.93599092,0.0
대전광역시 동구 대별동,3011013700,2022,7,340351.0,0.0,158.68878985,0.0
대전광역시 동구 대별동,3011013700,2022,8,349602.0,0.0,163.00207239,0.0
대전광역시 동구 대별동,3011013700,2022,9,280555.0,0.0,130.808881,0.0
대전광역시 동구 대별동,3011013700,2022,10,242337.0,0.0,112.9897232,0.0
대전광역시 동구 대별동,3011013700,2022,11,268622.0,0.0,125.24511499,0.0
대전광역시 동구 대별동,3011013700,2022,12,326033.0,0.0,152.01301668,0.0
대전광역시 동구 대성동,3011013900,2020,1,1508047.0,3795816.0,703.1275170099999,680.5480117
대전광역시 동구 대성동,3011013900,2020,2,1486000.0,3841868.0,692.84809439,688.8046282
대전광역시 동구 대성동,3011013900,2020,3,1331548.0,3215099.0,620.8347876,576.4318481
대전광역시 동구 대성동,3011013900,2020,4,1285276.0,2567327.0,599.26044913,460.29346135
대전광역시 동구 대성동,3011013900,2020,5,1169460.0,1867053.0,545.26119275,334.74204411
대전광역시 동구 대성동,3011013900,2020,6,1227393.0,1003731.0,572.2724772400001,179.95791588
대전광역시 동구 대성동,3011013900,2020,7,1195321.0,743729.0,557.31889435,133.34242025
대전광역시 동구 대성동,3011013900,2020,8,1442267.0,662765.0,672.45756568,118.82646655
대전광역시 동구 대성동,3011013900,2020,9,551991.0,161052.0,257.36602458,28.87485019
대전광역시 동구 대성동,3011013900,2020,10,438210.0,158471.0,204.31558774,28.4121053
대전광역시 동구 대성동,3011013900,2020,11,1264172.0,1532799.0,589.42070064,274.81398249
대전광역시 동구 대성동,3011013900,2020,12,1381133.0,2568362.0,643.95381369,460.47902544
대전광역시 동구 대성동,3011013900,2021,1,1582360.0,4298804.0,737.7759829,770.72822151
대전광역시 동구 대성동,3011013900,2021,2,1496433.0,4323110.0,697.71248484,775.08601969
대전광역시 동구 대성동,3011013900,2021,3,1234358.0,3253965.0,575.51991128,583.40009394
대전광역시 동구 대성동,3011013900,2021,4,1237202.0,2484004.0,576.84592737,445.3545649400001
대전광역시 동구 대성동,3011013900,2021,5,1130063.0,1534220.0,526.89232572,275.06875214
대전광역시 동구 대성동,3011013900,2021,6,1195642.0,1011900.0,557.46856077,181.42252761
대전광역시 동구 대성동,3011013900,2021,7,1346737.0,715186.0,627.91666499,128.22497461999998
대전광역시 동구 대성동,3011013900,2021,8,1662316.0,616255.0,775.05549996,110.4877357
대전광역시 동구 대성동,3011013900,2021,9,1253798.0,586847.0,584.58381902,105.21520512
대전광역시 동구 대성동,3011013900,2021,10,1139276.0,678734.0,531.18789072,121.68953242
대전광역시 동구 대성동,3011013900,2021,11,1249455.0,1421364.0,582.55889355,254.83491406
대전광역시 동구 대성동,3011013900,2021,12,1369549.0,2629977.0,638.55276903,471.5259165
대전광역시 동구 대성동,3011013900,2022,1,1554298.0,4063648.0,724.69206423,728.56734012
대전광역시 동구 대성동,3011013900,2022,2,1529312.0,4399628.0,713.0423317,788.80485453
대전광역시 동구 대성동,3011013900,2022,3,1273603.0,3811995.0,593.81790818,683.44872823
대전광역시 동구 대성동,3011013900,2022,4,1263412.0,2829388.0,589.0663504,507.27811296
대전광역시 동구 대성동,3011013900,2022,5,1106763.0,1523822.0,516.02869143,273.20450522
대전광역시 동구 대성동,3011013900,2022,6,1154661.0,952154.0,538.36115318,170.7107277
대전광역시 동구 대성동,3011013900,2022,7,1541001.0,705340.0,718.49233267,126.45969523
대전광역시 동구 대성동,3011013900,2022,8,1661063.0,599417.0,774.4712881700001,107.46886769
대전광역시 동구 대성동,3011013900,2022,9,1318647.0,523443.0,614.81969123,93.84756608
대전광역시 동구 대성동,3011013900,2022,10,1151297.0,702752.0,536.7926867,125.99569535
대전광역시 동구 대성동,3011013900,2022,11,1236127.0,1386175.0,576.34470817,248.52591382
대전광역시 동구 대성동,3011013900,2022,12,1388569.0,2285070.0,647.42085172,409.68788926
대전광역시 동구 마산동,3011012500,2020,1,14426.0,0.0,6.72612825,0.0
대전광역시 동구 마산동,3011012500,2020,2,13650.0,0.0,6.36431795,0.0
대전광역시 동구 마산동,3011012500,2020,3,11932.0,0.0,5.56329977,0.0
대전광역시 동구 마산동,3011012500,2020,4,11038.0,0.0,5.14647192,0.0
대전광역시 동구 마산동,3011012500,2020,5,8545.0,0.0,3.98410968,0.0
대전광역시 동구 마산동,3011012500,2020,6,7440.0,0.0,3.46890298,0.0
대전광역시 동구 마산동,3011012500,2020,7,6690.0,0.0,3.11921516,0.0
대전광역시 동구 마산동,3011012500,2020,8,7860.0,0.0,3.66472814,0.0
대전광역시 동구 마산동,3011012500,2020,9,8032.0,0.0,3.74492321,0.0
대전광역시 동구 마산동,3011012500,2020,10,14706.0,0.0,6.85667837,0.0
대전광역시 동구 마산동,3011012500,2020,11,9413.0,0.0,4.38881502,0.0
대전광역시 동구 마산동,3011012500,2020,12,11067.0,0.0,5.15999317,0.0
대전광역시 동구 마산동,3011012500,2021,1,14558.0,0.0,6.78767332,0.0
대전광역시 동구 마산동,3011012500,2021,2,14933.0,0.0,6.96251722,0.0
대전광역시 동구 마산동,3011012500,2021,3,12356.0,0.0,5.76098993,0.0
대전광역시 동구 마산동,3011012500,2021,4,13076.0,0.0,6.09669023,0.0
대전광역시 동구 마산동,3011012500,2021,5,10496.0,0.0,4.893764200000001,0.0
대전광역시 동구 마산동,3011012500,2021,6,9092.0,0.0,4.23914863,0.0
대전광역시 동구 마산동,3011012500,2021,7,7583.0,0.0,3.53557679,0.0
대전광역시 동구 마산동,3011012500,2021,8,9235.0,0.0,4.30582245,0.0
대전광역시 동구 마산동,3011012500,2021,9,8371.0,0.0,3.90298211,0.0
대전광역시 동구 마산동,3011012500,2021,10,7914.0,0.0,3.68990567,0.0
대전광역시 동구 마산동,3011012500,2021,11,9101.0,0.0,4.2433449,0.0
대전광역시 동구 마산동,3011012500,2021,12,13697.0,0.0,6.38623172,0.0
대전광역시 동구 마산동,3011012500,2022,1,15499.0,0.0,7.22641494,0.0
대전광역시 동구 마산동,3011012500,2022,2,17876.0,0.0,8.33469216,0.0
대전광역시 동구 마산동,3011012500,2022,3,16419.0,0.0,7.6553653,0.0
대전광역시 동구 마산동,3011012500,2022,4,15483.0,0.0,7.21895495,0.0
대전광역시 동구 마산동,3011012500,2022,5,12583.0,0.0,5.86682879,0.0
대전광역시 동구 마산동,3011012500,2022,6,11231.0,0.0,5.23645823,0.0
대전광역시 동구 마산동,3011012500,2022,7,11450.0,0.0,5.338567080000001,0.0
대전광역시 동구 마산동,3011012500,2022,8,12269.0,0.0,5.72042614,0.0
대전광역시 동구 마산동,3011012500,2022,9,11576.0,0.0,5.39731464,0.0
대전광역시 동구 마산동,3011012500,2022,10,10380.0,0.0,4.83967916,0.0
대전광역시 동구 마산동,3011012500,2022,11,14721.0,0.0,6.863672129999999,0.0
대전광역시 동구 마산동,3011012500,2022,12,15899.0,0.0,7.41291511,0.0
대전광역시 동구 비룡동,3011012200,2020,1,34213.0,0.0,15.95182494,0.0
대전광역시 동구 비룡동,3011012200,2020,2,34608.0,0.0,16.13599384,0.0
대전광역시 동구 비룡동,3011012200,2020,3,29053.0,0.0,13.54597287,0.0
대전광역시 동구 비룡동,3011012200,2020,4,23231.0,0.0,10.83146305,0.0
대전광역시 동구 비룡동,3011012200,2020,5,20330.0,0.0,9.47887063,0.0
대전광역시 동구 비룡동,3011012200,2020,6,20608.0,0.0,9.60848825,0.0
대전광역시 동구 비룡동,3011012200,2020,7,21230.0,0.0,9.898496,0.0
대전광역시 동구 비룡동,3011012200,2020,8,22718.0,0.0,10.59227657,0.0
대전광역시 동구 비룡동,3011012200,2020,9,25489.0,0.0,11.88425644,0.0
대전광역시 동구 비룡동,3011012200,2020,10,18778.0,0.0,8.75525002,0.0
대전광역시 동구 비룡동,3011012200,2020,11,20258.0,0.0,9.44530061,0.0
대전광역시 동구 비룡동,3011012200,2020,12,22999.0,0.0,10.72329296,0.0
대전광역시 동구 비룡동,3011012200,2021,1,30826.0,0.0,14.37263483,0.0
대전광역시 동구 비룡동,3011012200,2021,2,32969.0,0.0,15.37180942,0.0
대전광역시 동구 비룡동,3011012200,2021,3,23854.0,0.0,11.12193704,0.0
대전광역시 동구 비룡동,3011012200,2021,4,20555.0,0.0,9.58377695,0.0
대전광역시 동구 비룡동,3011012200,2021,5,17935.0,0.0,8.36220092,0.0
대전광역시 동구 비룡동,3011012200,2021,6,20312.0,0.0,9.47047815,0.0
대전광역시 동구 비룡동,3011012200,2021,7,22208.0,0.0,10.35448888,0.0
대전광역시 동구 비룡동,3011012200,2021,8,27226.0,0.0,12.69413341,0.0
대전광역시 동구 비룡동,3011012200,2021,9,21467.0,0.0,10.00899733,0.0
대전광역시 동구 비룡동,3011012200,2021,10,18610.0,0.0,8.676919940000001,0.0
대전광역시 동구 비룡동,3011012200,2021,11,20319.0,0.0,9.47374187,0.0
대전광역시 동구 비룡동,3011012200,2021,12,23581.0,0.0,10.99465068,0.0
대전광역시 동구 비룡동,3011012200,2022,1,29334.0,0.0,13.67698925,0.0
대전광역시 동구 비룡동,3011012200,2022,2,30613.0,0.0,14.2733235,0.0
대전광역시 동구 비룡동,3011012200,2022,3,25498.0,0.0,11.88845271,0.0
대전광역시 동구 비룡동,3011012200,2022,4,23279.0,0.0,10.85384307,0.0
대전광역시 동구 비룡동,3011012200,2022,5,19764.0,0.0,9.21497289,0.0
대전광역시 동구 비룡동,3011012200,2022,6,21473.0,0.0,10.01179484,0.0
대전광역시 동구 비룡동,3011012200,2022,7,26013.0,0.0,12.12857167,0.0
대전광역시 동구 비룡동,3011012200,2022,8,27961.0,0.0,13.03682744,0.0
대전광역시 동구 비룡동,3011012200,2022,9,25247.0,0.0,11.77142385,0.0
대전광역시 동구 비룡동,3011012200,2022,10,22366.0,0.0,10.42815644,0.0
대전광역시 동구 비룡동,3011012200,2022,11,22638.0,0.0,10.55497657,0.0
대전광역시 동구 비룡동,3011012200,2022,12,25565.0,0.0,11.91969147,0.0
대전광역시 동구 사성동,3011013200,2022,7,1996.0,0.0,0.9306358,0.0
대전광역시 동구 사성동,3011013200,2022,8,1846.0,0.0,0.86069824,0.0
대전광역시 동구 사성동,3011013200,2022,9,978.0,0.0,0.45599289,0.0
대전광역시 동구 사성동,3011013200,2022,10,1649.0,0.0,0.7688469099999999,0.0
대전광역시 동구 사성동,3011013200,2022,11,1628.0,0.0,0.7590556500000001,0.0
대전광역시 동구 사성동,3011013200,2022,12,1603.0,0.0,0.74739939,0.0
대전광역시 동구 삼괴동,3011014300,2020,1,58528.0,0.0,27.2887034,0.0
대전광역시 동구 삼괴동,3011014300,2020,2,54019.0,0.0,25.18638037,0.0
대전광역시 동구 삼괴동,3011014300,2020,3,42467.0,0.0,19.80025574,0.0
대전광역시 동구 삼괴동,3011014300,2020,4,33475.0,0.0,15.60773213,0.0
대전광역시 동구 삼괴동,3011014300,2020,5,24213.0,0.0,11.28932095,0.0
대전광역시 동구 삼괴동,3011014300,2020,6,24497.0,0.0,11.42173606,0.0
대전광역시 동구 삼괴동,3011014300,2020,7,20286.0,0.0,9.4583556,0.0
대전광역시 동구 삼괴동,3011014300,2020,8,21831.0,0.0,10.17871249,0.0
대전광역시 동구 삼괴동,3011014300,2020,9,21475.0,0.0,10.01272733,0.0
대전광역시 동구 삼괴동,3011014300,2020,10,19100.0,0.0,8.90538263,0.0
대전광역시 동구 삼괴동,3011014300,2020,11,32413.0,0.0,15.11257422,0.0
대전광역시 동구 삼괴동,3011014300,2020,12,37496.0,0.0,17.482525000000003,0.0
대전광역시 동구 삼괴동,3011014300,2021,1,46919.0,0.0,21.8760025,0.0
대전광역시 동구 삼괴동,3011014300,2021,2,43075.0,0.0,20.08373598,0.0
대전광역시 동구 삼괴동,3011014300,2021,3,31904.0,0.0,14.87525274,0.0
대전광역시 동구 삼괴동,3011014300,2021,4,28298.0,0.0,13.19395382,0.0
대전광역시 동구 삼괴동,3011014300,2021,5,25818.0,0.0,12.0376528,0.0
대전광역시 동구 삼괴동,3011014300,2021,6,21889.0,0.0,10.20575498,0.0
대전광역시 동구 삼괴동,3011014300,2021,7,22516.0,0.0,10.49809397,0.0
대전광역시 동구 삼괴동,3011014300,2021,8,24718.0,0.0,11.52477737,0.0
대전광역시 동구 삼괴동,3011014300,2021,9,21495.0,0.0,10.02205232,0.0
대전광역시 동구 삼괴동,3011014300,2021,10,19705.0,0.0,9.18746413,0.0
대전광역시 동구 삼괴동,3011014300,2021,11,34212.0,0.0,15.9513587,0.0
대전광역시 동구 삼괴동,3011014300,2021,12,42444.0,0.0,19.78953197,0.0
대전광역시 동구 삼괴동,3011014300,2022,1,53265.0,0.0,24.83482754,0.0
대전광역시 동구 삼괴동,3011014300,2022,2,50642.0,0.0,23.61185274,0.0
대전광역시 동구 삼괴동,3011014300,2022,3,37981.0,0.0,17.70865644,0.0
대전광역시 동구 삼괴동,3011014300,2022,4,32999.0,0.0,15.38579694,0.0
대전광역시 동구 삼괴동,3011014300,2022,5,25373.0,0.0,11.83017141,0.0
대전광역시 동구 삼괴동,3011014300,2022,6,23093.0,0.0,10.7671205,0.0
대전광역시 동구 삼괴동,3011014300,2022,7,26364.0,0.0,12.29222554,0.0
대전광역시 동구 삼괴동,3011014300,2022,8,27360.0,0.0,12.75661093,0.0
대전광역시 동구 삼괴동,3011014300,2022,9,23494.0,0.0,10.95408691,0.0
대전광역시 동구 삼괴동,3011014300,2022,10,25955.0,0.0,12.10152913,0.0
대전광역시 동구 삼괴동,3011014300,2022,11,35791.0,0.0,16.68756806,0.0
대전광역시 동구 삼괴동,3011014300,2022,12,44156.0,0.0,20.58775267,0.0
대전광역시 동구 삼성동,3011011800,2020,1,2527167.0,3337270.0,1178.2926247,598.33576317
대전광역시 동구 삼성동,3011011800,2020,2,2569709.0,3790707.0,1198.12784915,679.63202426
대전광역시 동구 삼성동,3011011800,2020,3,2269200.0,3120338.0,1058.01540775,559.44224423
대전광역시 동구 삼성동,3011011800,2020,4,2106977.0,2072175.0,982.37886897,371.51816005
대전광역시 동구 삼성동,3011011800,2020,5,1877163.0,1569564.0,875.22799969,281.40554214
대전광역시 동구 삼성동,3011011800,2020,6,1947715.0,1259328.0,908.12289773,225.78364353
대전광역시 동구 삼성동,3011011800,2020,7,2090375.0,1185287.0,974.63817977,212.50890744
대전광역시 동구 삼성동,3011011800,2020,8,2251443.0,1027545.0,1049.73619928,184.22750382
대전광역시 동구 삼성동,3011011800,2020,9,1738399.0,579273.0,810.52922906,103.85727034
대전광역시 동구 삼성동,3011011800,2020,10,1212934.0,557970.0,565.53096263,100.037877
대전광역시 동구 삼성동,3011011800,2020,11,1957086.0,1593764.0,912.49213036,285.74433571000003
대전광역시 동구 삼성동,3011011800,2020,12,2237388.0,2644971.0,1043.18304992,474.21417557
대전광역시 동구 삼성동,3011011800,2021,1,2741913.0,4161364.0,1278.41803312,746.0867428700001
대전광역시 동구 삼성동,3011011800,2021,2,2775144.0,4029046.0,1293.91200013,722.36358256
대전광역시 동구 삼성동,3011011800,2021,3,2210336.0,3079745.0,1030.57004417,552.16436637
대전광역시 동구 삼성동,3011011800,2021,4,2107889.0,2403226.0,982.80408934,430.87195907
대전광역시 동구 삼성동,3011011800,2021,5,1866077.0,1614163.0,870.05914759,289.40165179
대전광역시 동구 삼성동,3011011800,2021,6,1958582.0,1281619.0,913.18964088,229.78017424
대전광역시 동구 삼성동,3011011800,2021,7,2166625.0,1081681.0,1010.18977299,193.93349252
대전광역시 동구 삼성동,3011011800,2021,8,2793232.0,939248.0,1302.34553719,168.39682404
대전광역시 동구 삼성동,3011011800,2021,9,2240848.0,833998.0,1044.79627623,149.52665797
대전광역시 동구 삼성동,3011011800,2021,10,1903364.0,906660.0,887.44422634,162.55415443
대전광역시 동구 삼성동,3011011800,2021,11,1960660.0,1478379.0,914.15850919,265.05707575
대전광역시 동구 삼성동,3011011800,2021,12,2214282.0,2613427.0,1032.40986819,468.55868374
대전광역시 동구 삼성동,3011011800,2022,1,2644425.0,3709684.0,1232.96421401,665.10549255
대전광역시 동구 삼성동,3011011800,2022,2,2701113.0,4120131.0,1259.39501667,738.69412
대전광역시 동구 삼성동,3011011800,2022,3,2340207.0,3458430.0,1091.12244985,620.0584170000001
대전광역시 동구 삼성동,3011011800,2022,4,2152086.0,2615263.0,1003.41095833,468.88785833
대전광역시 동구 삼성동,3011011800,2022,5,1823136.0,1516222.0,850.03788921,271.84190898
대전광역시 동구 삼성동,3011011800,2022,6,1921027.0,1192933.0,895.67960708,213.87975113
대전광역시 동구 삼성동,3011011800,2022,7,2388582.0,906875.0,1113.67731279,162.59270155000002
대전광역시 동구 삼성동,3011011800,2022,8,2609922.0,877226.0,1216.87717638,157.27696235
대전광역시 동구 삼성동,3011011800,2022,9,2265175.0,845422.0,1056.13874973,151.57485536000002
대전광역시 동구 삼성동,3011011800,2022,10,2032583.0,938851.0,947.69263671,168.32564629
대전광역시 동구 삼성동,3011011800,2022,11,2031256.0,1560964.0,947.07392251,279.86365691000003
대전광역시 동구 삼성동,3011011800,2022,12,2294343.0,2596758.0,1069.73834139,465.57011559
대전광역시 동구 삼정동,3011010800,2020,1,214009.0,339779.0,99.78178187,60.91863327
대전광역시 동구 삼정동,3011010800,2020,2,213546.0,373123.0,99.56590793,66.89684531
대전광역시 동구 삼정동,3011010800,2020,3,183810.0,363640.0,85.70148603,65.19664783
대전광역시 동구 삼정동,3011010800,2020,4,165971.0,263100.0,77.38404514999999,47.17093291
대전광역시 동구 삼정동,3011010800,2020,5,136661.0,163002.0,63.71824590000001,29.22446373
대전광역시 동구 삼정동,3011010800,2020,6,110568.0,52749.0,51.55237422,9.45731486
대전광역시 동구 삼정동,3011010800,2020,7,97679.0,115574.0,45.54287282,20.72114557
대전광역시 동구 삼정동,3011010800,2020,8,98473.0,84140.0,45.91307561,15.0853755
대전광역시 동구 삼정동,3011010800,2020,9,111182.0,167298.0,51.83865199,29.99468922
대전광역시 동구 삼정동,3011010800,2020,10,85266.0,57125.0,39.75530658,10.24188348
대전광역시 동구 삼정동,3011010800,2020,11,134211.0,67640.0,62.57593244,12.12710719
대전광역시 동구 삼정동,3011010800,2020,12,171930.0,139752.0,80.16243126,25.05599474
대전광역시 동구 삼정동,3011010800,2021,1,214056.0,308203.0,99.80369561,55.25740417
대전광역시 동구 삼정동,3011010800,2021,2,218731.0,411107.0,101.98341628,73.70695825
대전광역시 동구 삼정동,3011010800,2021,3,171783.0,334340.0,80.09389247,59.94348046
대전광역시 동구 삼정동,3011010800,2021,4,150540.0,231860.0,70.1893352,41.56994491
대전광역시 동구 삼정동,3011010800,2021,5,115244.0,121093.0,53.73256111,21.7106415
대전광역시 동구 삼정동,3011010800,2021,6,93770.0,70614.0,43.72030001,12.66031264
대전광역시 동구 삼정동,3011010800,2021,7,87251.0,60640.0,40.68081366,10.87208427
대전광역시 동구 삼정동,3011010800,2021,8,105575.0,107180.0,49.22438602,19.2161938
대전광역시 동구 삼정동,3011010800,2021,9,88411.0,128472.0,41.22166409,23.03361495
대전광역시 동구 삼정동,3011010800,2021,10,73580.0,50061.0,34.30670444,8.97538606
대전광역시 동구 삼정동,3011010800,2021,11,127294.0,51458.0,59.35087842000001,9.22585278
대전광역시 동구 삼정동,3011010800,2021,12,166646.0,0.0,77.69876415,0.0
대전광역시 동구 삼정동,3011010800,2022,1,218203.0,178608.0,101.73723603,32.02244768
대전광역시 동구 삼정동,3011010800,2022,2,215153.0,260790.0,100.31517231,46.75677535
대전광역시 동구 삼정동,3011010800,2022,3,180087.0,226078.0,83.96563579,40.53329597
대전광역시 동구 삼정동,3011010800,2022,4,148552.0,125378.0,69.26242943,22.47889482
대전광역시 동구 삼정동,3011010800,2022,5,95978.0,109105.0,44.7497809,19.56132511
대전광역시 동구 삼정동,3011010800,2022,6,81711.0,52359.0,38.09778645,9.38739216
대전광역시 동구 삼정동,3011010800,2022,7,93741.0,69625.0,43.70677876,12.48299583
대전광역시 동구 삼정동,3011010800,2022,8,102293.0,124998.0,47.6941522,22.410765
대전광역시 동구 삼정동,3011010800,2022,9,89084.0,125758.0,41.53545064,22.54702463
대전광역시 동구 삼정동,3011010800,2022,10,82111.0,65867.0,38.28428661,11.80922781
대전광역시 동구 삼정동,3011010800,2022,11,131355.0,76899.0,61.24432129,13.78714394
대전광역시 동구 삼정동,3011010800,2022,12,163491.0,116304.0,76.22774414999999,20.85202653
대전광역시 동구 상소동,3011014400,2020,1,320288.0,0.0,149.33440811,0.0
대전광역시 동구 상소동,3011014400,2020,2,295050.0,0.0,137.56718053,0.0
대전광역시 동구 상소동,3011014400,2020,3,248296.0,0.0,115.76810933,0.0
대전광역시 동구 상소동,3011014400,2020,4,238365.0,0.0,111.13777656,0.0
대전광역시 동구 상소동,3011014400,2020,5,186850.0,0.0,87.11888724,0.0
대전광역시 동구 상소동,3011014400,2020,6,175475.0,0.0,81.81528893,0.0
대전광역시 동구 상소동,3011014400,2020,7,153596.0,0.0,71.61419644,0.0
대전광역시 동구 상소동,3011014400,2020,8,191181.0,0.0,89.1382177,0.0
대전광역시 동구 상소동,3011014400,2020,9,179389.0,0.0,83.64019299,0.0
대전광역시 동구 상소동,3011014400,2020,10,168437.0,0.0,78.53381866,0.0
대전광역시 동구 상소동,3011014400,2020,11,247615.0,0.0,115.45059281,0.0
대전광역시 동구 상소동,3011014400,2020,12,279957.0,0.0,130.53006323,0.0
대전광역시 동구 상소동,3011014400,2021,1,329020.0,0.0,153.40570661,0.0
대전광역시 동구 상소동,3011014400,2021,2,290830.0,0.0,135.59960385,0.0
대전광역시 동구 상소동,3011014400,2021,3,248042.0,0.0,115.64968173,0.0
대전광역시 동구 상소동,3011014400,2021,4,226474.0,0.0,105.59359307,0.0
대전광역시 동구 상소동,3011014400,2021,5,191538.0,0.0,89.30466912,0.0
대전광역시 동구 상소동,3011014400,2021,6,183342.0,0.0,85.48328081999999,0.0
대전광역시 동구 상소동,3011014400,2021,7,171632.0,0.0,80.02348862,0.0
대전광역시 동구 상소동,3011014400,2021,8,175180.0,0.0,81.67774507,0.0
대전광역시 동구 상소동,3011014400,2021,9,152088.0,0.0,70.9110908,0.0
대전광역시 동구 상소동,3011014400,2021,10,152516.0,0.0,71.11064603,0.0
대전광역시 동구 상소동,3011014400,2021,11,255471.0,0.0,119.11345594,0.0
대전광역시 동구 상소동,3011014400,2021,12,304784.0,0.0,142.10566189000002,0.0
대전광역시 동구 상소동,3011014400,2022,1,353867.0,0.0,164.99063028,0.0
대전광역시 동구 상소동,3011014400,2022,2,344977.0,0.0,160.84566421,0.0
대전광역시 동구 상소동,3011014400,2022,3,277989.0,0.0,129.61248243999998,0.0
대전광역시 동구 상소동,3011014400,2022,4,263010.0,0.0,122.6285177,0.0
대전광역시 동구 상소동,3011014400,2022,5,205573.0,0.0,95.84849345,0.0
대전광역시 동구 상소동,3011014400,2022,6,189714.0,0.0,88.4542284,0.0
대전광역시 동구 상소동,3011014400,2022,7,235319.0,0.0,109.71757786,0.0
대전광역시 동구 상소동,3011014400,2022,8,253802.0,0.0,118.33528402,0.0
대전광역시 동구 상소동,3011014400,2022,9,218213.0,0.0,101.7418985,0.0
대전광역시 동구 상소동,3011014400,2022,10,222158.0,0.0,103.58125633,0.0
대전광역시 동구 상소동,3011014400,2022,11,298332.0,0.0,139.09741431,0.0
대전광역시 동구 상소동,3011014400,2022,12,329256.0,0.0,153.51574172,0.0
대전광역시 동구 성남동,3011011600,2020,1,2343455.0,3919789.0,1092.6368311,702.7750054999999
대전광역시 동구 성남동,3011011600,2020,2,2345284.0,3949964.0,1093.48960323,708.18505073
대전광역시 동구 성남동,3011011600,2020,3,2064745.0,3215728.0,962.68818214,576.54462087
대전광역시 동구 성남동,3011011600,2020,4,1967869.0,2521627.0,917.51970842,452.09995454
대전광역시 동구 성남동,3011011600,2020,5,1834496.0,1791492.0,855.3344938,321.19478885
대전광역시 동구 성남동,3011011600,2020,6,1990061.0,1052380.0,927.86673736,188.68014587
대전광역시 동구 성남동,3011011600,2020,7,2052335.0,811543.0,956.90201471,145.50072371000002
대전광역시 동구 성남동,3011011600,2020,8,2241125.0,834351.0,1044.92542774,149.58994698
대전광역시 동구 성남동,3011011600,2020,9,1384664.0,343762.0,645.60014382,61.6327413
대전광역시 동구 성남동,3011011600,2020,10,998679.0,277752.0,465.63448317,49.79787519
대전광역시 동구 성남동,3011011600,2020,11,1873387.0,1697632.0,873.46743806,304.36672432
대전광역시 동구 성남동,3011011600,2020,12,2096761.0,2884164.0,977.61565494,517.09884664
대전광역시 동구 성남동,3011011600,2021,1,2491744.0,4606618.0,1161.77663668,825.91588225
대전광역시 동구 성남동,3011011600,2021,2,2361230.0,4319902.0,1100.92443191,774.51086062
대전광역시 동구 성남동,3011011600,2021,3,1997617.0,3195263.0,931.38972525,572.87547174
대전광역시 동구 성남동,3011011600,2021,4,1930195.0,2304117.0,899.9541908,413.10280667
대전광역시 동구 성남동,3011011600,2021,5,1789475.0,1565562.0,834.34343454,280.68802762
대전광역시 동구 성남동,3011011600,2021,6,1926189.0,1047848.0,898.08639177,187.86760814
대전광역시 동구 성남동,3011011600,2021,7,2095058.0,791899.0,976.8216305,141.97877084
대전광역시 동구 성남동,3011011600,2021,8,2685233.0,772657.0,1251.9909604,138.5288921
대전광역시 동구 성남동,3011011600,2021,9,2222396.0,771455.0,1036.19302399,138.31338676
대전광역시 동구 성남동,3011011600,2021,10,1862854.0,839379.0,868.55642263,150.49141199
대전광역시 동구 성남동,3011011600,2021,11,1912410.0,1649343.0,891.66192753,295.70903839
대전광역시 동구 성남동,3011011600,2021,12,2103070.0,2954393.0,980.55722872,529.69013304
대전광역시 동구 성남동,3011011600,2022,1,2466097.0,4239834.0,1149.8187127,760.1555499
대전광역시 동구 성남동,3011011600,2022,2,2451401.0,4506069.0,1142.96669686,807.8885538
대전광역시 동구 성남동,3011011600,2022,3,2101675.0,3581215.0,979.90680946,642.07241549
대전광역시 동구 성남동,3011011600,2022,4,2024106.0,2631589.0,943.74023209,471.8149303400001
대전광역시 동구 성남동,3011011600,2022,5,1783573.0,1395327.0,831.59162463,250.16676665
대전광역시 동구 성남동,3011011600,2022,6,1905947.0,952314.0,888.64855111,170.73941399
대전광역시 동구 성남동,3011011600,2022,7,2309816.0,805521.0,1076.95263394,144.42104539
대전광역시 동구 성남동,3011011600,2022,8,2610421.0,733283.0,1217.10983533,131.46956752
대전광역시 동구 성남동,3011011600,2022,9,2324291.0,760152.0,1083.70160844,136.28688329
대전광역시 동구 성남동,3011011600,2022,10,1943959.0,923677.0,906.37166138,165.60511511
대전광역시 동구 성남동,3011011600,2022,11,1918291.0,1631102.0,894.40394603,292.43862799
대전광역시 동구 성남동,3011011600,2022,12,2191417.0,2448839.0,1021.74905286,439.04986763
대전광역시 동구 세천동,3011012800,2020,1,165434.0,0.0,77.13366868,0.0
대전광역시 동구 세천동,3011012800,2020,2,163022.0,0.0,76.00907269,0.0
대전광역시 동구 세천동,3011012800,2020,3,142601.0,0.0,66.48777328999999,0.0
대전광역시 동구 세천동,3011012800,2020,4,134997.0,0.0,62.94240527,0.0
대전광역시 동구 세천동,3011012800,2020,5,121423.0,0.0,56.61352232,0.0
대전광역시 동구 세천동,3011012800,2020,6,121767.0,0.0,56.77391245,0.0
대전광역시 동구 세천동,3011012800,2020,7,122971.0,0.0,57.33527793,0.0
대전광역시 동구 세천동,3011012800,2020,8,129530.0,0.0,60.39341432,0.0
대전광역시 동구 세천동,3011012800,2020,9,138193.0,0.0,64.43254152,0.0
대전광역시 동구 세천동,3011012800,2020,10,114351.0,0.0,53.31619951,0.0
대전광역시 동구 세천동,3011012800,2020,11,131847.0,0.0,61.47371653,0.0
대전광역시 동구 세천동,3011012800,2020,12,147421.0,0.0,68.73510023,0.0
대전광역시 동구 세천동,3011012800,2021,1,181365.0,0.0,84.56150377,0.0
대전광역시 동구 세천동,3011012800,2021,2,177711.0,0.0,82.85782483,0.0
대전광역시 동구 세천동,3011012800,2021,3,143254.0,0.0,66.79223482,0.0
대전광역시 동구 세천동,3011012800,2021,4,140539.0,0.0,65.52636498,0.0
대전광역시 동구 세천동,3011012800,2021,5,125452.0,0.0,58.49204517,0.0
대전광역시 동구 세천동,3011012800,2021,6,126962.0,0.0,59.19608328,0.0
대전광역시 동구 세천동,3011012800,2021,7,130109.0,0.0,60.66337328,0.0
대전광역시 동구 세천동,3011012800,2021,8,154000.0,0.0,71.80256159999999,0.0
대전광역시 동구 세천동,3011012800,2021,9,132952.0,0.0,61.98892318,0.0
대전광역시 동구 세천동,3011012800,2021,10,120013.0,0.0,55.95610929,0.0
대전광역시 동구 세천동,3011012800,2021,11,134231.0,0.0,62.58525747,0.0
대전광역시 동구 세천동,3011012800,2021,12,154170.0,0.0,71.88182416,0.0
대전광역시 동구 세천동,3011012800,2022,1,182943.0,0.0,85.29724693,0.0
대전광역시 동구 세천동,3011012800,2022,2,182597.0,0.0,85.13592429,0.0
대전광역시 동구 세천동,3011012800,2022,3,152168.0,0.0,70.94839084,0.0
대전광역시 동구 세천동,3011012800,2022,4,143805.0,0.0,67.04913877999999,0.0
대전광역시 동구 세천동,3011012800,2022,5,126533.0,0.0,58.99606187,0.0
대전광역시 동구 세천동,3011012800,2022,6,133360.0,0.0,62.17915335,0.0
대전광역시 동구 세천동,3011012800,2022,7,146513.0,0.0,68.31174487,0.0
대전광역시 동구 세천동,3011012800,2022,8,152886.0,0.0,71.28315866,0.0
대전광역시 동구 세천동,3011012800,2022,9,141468.0,0.0,65.95951156,0.0
대전광역시 동구 세천동,3011012800,2022,10,125193.0,0.0,58.37128636,0.0
대전광역시 동구 세천동,3011012800,2022,11,127409.0,0.0,59.40449722,0.0
대전광역시 동구 세천동,3011012800,2022,12,146522.0,0.0,68.31594109,0.0
대전광역시 동구 소제동,3011011300,2020,1,1017477.0,12496.0,474.39905825,2.2403952
대전광역시 동구 소제동,3011011300,2020,2,994512.0,14026.0,463.69161777,2.51470735
대전광역시 동구 소제동,3011011300,2020,3,949972.0,12557.0,442.92482498,2.25133183
대전광역시 동구 소제동,3011011300,2020,4,845602.0,12559.0,394.2622707,2.25169041
대전광역시 동구 소제동,3011011300,2020,5,914550.0,11090.0,426.40930329,1.98831488
대전광역시 동구 소제동,3011011300,2020,6,1195672.0,10581.0,557.48254822,1.89705679
대전광역시 동구 소제동,3011011300,2020,7,1326189.0,13512.0,618.3361517,2.42255281
대전광역시 동구 소제동,3011011300,2020,8,1447246.0,12605.0,674.77902642,2.2599377
대전광역시 동구 소제동,3011011300,2020,9,1224721.0,12283.0,571.02665612,2.20220665
대전광역시 동구 소제동,3011011300,2020,10,897709.0,13160.0,418.55718032,2.35944309
대전광역시 동구 소제동,3011011300,2020,11,880842.0,11338.0,410.69293484,2.03277855
대전광역시 동구 소제동,3011011300,2020,12,1011595.0,11163.0,471.6565734,2.00140298
대전광역시 동구 소제동,3011011300,2021,1,1138040.0,10633.0,530.61160517,1.90637982
대전광역시 동구 소제동,3011011300,2021,2,991540.0,12962.0,462.30592169,2.32394387
대전광역시 동구 소제동,3011011300,2021,3,963666.0,10269.0,449.30965796,1.84111862
대전광역시 동구 소제동,3011011300,2021,4,873469.0,10456.0,407.25527063,1.87464567
대전광역시 동구 소제동,3011011300,2021,5,894085.0,11723.0,416.86748891,2.10180481
대전광역시 동구 소제동,3011011300,2021,6,1163725.0,13945.0,542.58724676,2.50018494
대전광역시 동구 소제동,3011011300,2021,7,1420764.0,16171.0,662.4317833099999,2.89928223
대전광역시 동구 소제동,3011011300,2021,8,1442881.0,19298.0,672.74384339,3.45991891
대전광역시 동구 소제동,3011011300,2021,9,1197218.0,19203.0,558.20337145,3.44288644
대전광역시 동구 소제동,3011011300,2021,10,1036363.0,16119.0,483.20466325,2.8899592
대전광역시 동구 소제동,3011011300,2021,11,908443.0,17170.0,423.56191208,3.07839193
대전광역시 동구 소제동,3011011300,2021,12,1056839.0,24632.0,492.75160648,4.41624637
대전광역시 동구 소제동,3011011300,2022,1,1108264.0,34901.0,516.72853332,6.25736499
대전광역시 동구 소제동,3011011300,2022,2,1045303.0,38639.0,487.37294187,6.92754723
대전광역시 동구 소제동,3011011300,2022,3,1021216.0,36773.0,476.1423684500001,6.59299398
대전광역시 동구 소제동,3011011300,2022,4,915736.0,33448.0,426.96227633,5.99685809
대전광역시 동구 소제동,3011011300,2022,5,1028151.0,22413.0,479.37581495,4.0184041
대전광역시 동구 소제동,3011011300,2022,6,1196197.0,17213.0,557.7273297300001,3.08610136
대전광역시 동구 소제동,3011011300,2022,7,1490697.0,17575.0,695.0380725,3.15100397
대전광역시 동구 소제동,3011011300,2022,8,1493730.0,21579.0,696.4522100099999,3.86887708
대전광역시 동구 소제동,3011011300,2022,9,1237270.0,19816.0,576.8776324300001,3.5527906
대전광역시 동구 소제동,3011011300,2022,10,960341.0,16924.0,447.75937541,3.03428684
대전광역시 동구 소제동,3011011300,2022,11,896173.0,17320.0,417.84101971,3.1052852900000003
대전광역시 동구 소제동,3011011300,2022,12,1076528.0,25441.0,501.93161064,4.56129116
대전광역시 동구 소호동,3011014100,2020,1,11100.0,0.0,5.175379449999999,0.0
대전광역시 동구 소호동,3011014100,2020,2,11171.0,0.0,5.208483230000001,0.0
대전광역시 동구 소호동,3011014100,2020,3,9352.0,0.0,4.36037375,0.0
대전광역시 동구 소호동,3011014100,2020,4,6995.0,0.0,3.2614215600000005,0.0
대전광역시 동구 소호동,3011014100,2020,5,4997.0,0.0,2.32985325,0.0
대전광역시 동구 소호동,3011014100,2020,6,2613.0,0.0,1.2183123,0.0
대전광역시 동구 소호동,3011014100,2020,7,2308.0,0.0,1.07610594,0.0
대전광역시 동구 소호동,3011014100,2020,8,2623.0,0.0,1.22297481,0.0
대전광역시 동구 소호동,3011014100,2020,9,2184.0,0.0,1.01829089,0.0
대전광역시 동구 소호동,3011014100,2020,10,3524.0,0.0,1.6430664,0.0
대전광역시 동구 소호동,3011014100,2020,11,6247.0,0.0,2.91266626,0.0
대전광역시 동구 소호동,3011014100,2020,12,8293.0,0.0,3.86661458,0.0
대전광역시 동구 소호동,3011014100,2021,1,10495.0,0.0,4.89329796,0.0
대전광역시 동구 소호동,3011014100,2021,2,12349.0,0.0,5.7577261900000005,0.0
대전광역시 동구 소호동,3011014100,2021,3,9888.0,0.0,4.61028396,0.0
대전광역시 동구 소호동,3011014100,2021,4,7584.0,0.0,3.53604304,0.0
대전광역시 동구 소호동,3011014100,2021,5,4317.0,0.0,2.01280299,0.0
대전광역시 동구 소호동,3011014100,2021,6,2807.0,0.0,1.30876488,0.0
대전광역시 동구 소호동,3011014100,2021,7,2247.0,0.0,1.04766465,0.0
대전광역시 동구 소호동,3011014100,2021,8,1725.0,0.0,0.80428195,0.0
대전광역시 동구 소호동,3011014100,2021,9,2237.0,0.0,1.04300214,0.0
대전광역시 동구 소호동,3011014100,2021,10,2329.0,0.0,1.08589717,0.0
대전광역시 동구 소호동,3011014100,2021,11,4818.0,0.0,2.24639442,0.0
대전광역시 동구 소호동,3011014100,2021,12,7463.0,0.0,3.47962673,0.0
대전광역시 동구 소호동,3011014100,2022,1,13605.0,0.0,6.34333669,0.0
대전광역시 동구 소호동,3011014100,2022,2,12527.0,0.0,5.84071876,0.0
대전광역시 동구 소호동,3011014100,2022,3,10029.0,0.0,4.67602525,0.0
대전광역시 동구 소호동,3011014100,2022,4,7832.0,0.0,3.65167313,0.0
대전광역시 동구 소호동,3011014100,2022,5,3227.0,0.0,1.50459004,0.0
대전광역시 동구 소호동,3011014100,2022,6,1981.0,0.0,0.92364203,0.0
대전광역시 동구 소호동,3011014100,2022,7,1754.0,0.0,0.8178032,0.0
대전광역시 동구 소호동,3011014100,2022,8,1844.0,0.0,0.8597657400000001,0.0
대전광역시 동구 소호동,3011014100,2022,9,2201.0,0.0,1.02621712,0.0
대전광역시 동구 소호동,3011014100,2022,10,2469.0,0.0,1.15117223,0.0
대전광역시 동구 소호동,3011014100,2022,11,5416.0,0.0,2.52521217,0.0
대전광역시 동구 소호동,3011014100,2022,12,8483.0,0.0,3.95520214,0.0
대전광역시 동구 신상동,3011012900,2020,1,44357.0,0.0,20.68146901,0.0
대전광역시 동구 신상동,3011012900,2020,2,41652.0,0.0,19.42026165,0.0
대전광역시 동구 신상동,3011012900,2020,3,33151.0,0.0,15.456667,0.0
대전광역시 동구 신상동,3011012900,2020,4,29539.0,0.0,13.77257057,0.0
대전광역시 동구 신상동,3011012900,2020,5,24766.0,0.0,11.54715739,0.0
대전광역시 동구 신상동,3011012900,2020,6,23178.0,0.0,10.80675176,0.0
대전광역시 동구 신상동,3011012900,2020,7,22128.0,0.0,10.31718885,0.0
대전광역시 동구 신상동,3011012900,2020,8,23862.0,0.0,11.125667040000002,0.0
대전광역시 동구 신상동,3011012900,2020,9,24514.0,0.0,11.4296623,0.0
대전광역시 동구 신상동,3011012900,2020,10,19763.0,0.0,9.21450665,0.0
대전광역시 동구 신상동,3011012900,2020,11,28267.0,0.0,13.17950007,0.0
대전광역시 동구 신상동,3011012900,2020,12,34544.0,0.0,16.10615381,0.0
대전광역시 동구 신상동,3011012900,2021,1,41387.0,0.0,19.29670529,0.0
대전광역시 동구 신상동,3011012900,2021,2,38705.0,0.0,18.04622172,0.0
대전광역시 동구 신상동,3011012900,2021,3,31620.0,0.0,14.74283765,0.0
대전광역시 동구 신상동,3011012900,2021,4,28994.0,0.0,13.51846409,0.0
대전광역시 동구 신상동,3011012900,2021,5,25986.0,0.0,12.1159829,0.0
대전광역시 동구 신상동,3011012900,2021,6,26246.0,0.0,12.23720801,0.0
대전광역시 동구 신상동,3011012900,2021,7,25228.0,0.0,11.76256509,0.0
대전광역시 동구 신상동,3011012900,2021,8,26857.0,0.0,12.522087,0.0
대전광역시 동구 신상동,3011012900,2021,9,25183.0,0.0,11.7415838,0.0
대전광역시 동구 신상동,3011012900,2021,10,23765.0,0.0,11.08044075,0.0
대전광역시 동구 신상동,3011012900,2021,11,25037.0,0.0,11.67351126,0.0
대전광역시 동구 신상동,3011012900,2021,12,30521.0,0.0,14.230428450000002,0.0
대전광역시 동구 신상동,3011012900,2022,1,38464.0,0.0,17.93385539,0.0
대전광역시 동구 신상동,3011012900,2022,2,34892.0,0.0,16.26840894,0.0
대전광역시 동구 신상동,3011012900,2022,3,27989.0,0.0,13.04988246,0.0
대전광역시 동구 신상동,3011012900,2022,4,24953.0,0.0,11.63434623,0.0
대전광역시 동구 신상동,3011012900,2022,5,20592.0,0.0,9.60102822,0.0
대전광역시 동구 신상동,3011012900,2022,6,21989.0,0.0,10.25238006,0.0
대전광역시 동구 신상동,3011012900,2022,7,24398.0,0.0,11.37557725,0.0
대전광역시 동구 신상동,3011012900,2022,8,23632.0,0.0,11.01842946,0.0
대전광역시 동구 신상동,3011012900,2022,9,21895.0,0.0,10.20855251,0.0
대전광역시 동구 신상동,3011012900,2022,10,19137.0,0.0,8.922633900000001,0.0
대전광역시 동구 신상동,3011012900,2022,11,21600.0,0.0,10.07100866,0.0
대전광역시 동구 신상동,3011012900,2022,12,27882.0,0.0,12.99999365,0.0
대전광역시 동구 신안동,3011011200,2020,1,163494.0,834387.0,76.22914288,149.59640137000002
대전광역시 동구 신안동,3011011200,2020,2,165794.0,1062987.0,77.30151881,190.58186416
대전광역시 동구 신안동,3011011200,2020,3,145443.0,891283.0,67.81285693,159.79722766999998
대전광역시 동구 신안동,3011011200,2020,4,118250.0,695442.0,55.13410981,124.68509284
대전광역시 동구 신안동,3011011200,2020,5,100075.0,294680.0,46.66000882,52.83287918
대전광역시 동구 신안동,3011011200,2020,6,93717.0,196308.0,43.69558874,35.19586279
대전광역시 동구 신안동,3011011200,2020,7,117846.0,439285.0,54.94574467,78.75896337
대전광역시 동구 신안동,3011011200,2020,8,120891.0,180708.0,56.365477080000005,32.398954550000006
대전광역시 동구 신안동,3011011200,2020,9,146023.0,142386.0,68.08328216,25.52824194
대전광역시 동구 신안동,3011011200,2020,10,96791.0,152819.0,45.12884245,27.39876395
대전광역시 동구 신안동,3011011200,2020,11,104463.0,163797.0,48.70591552,29.36699848
대전광역시 동구 신안동,3011011200,2020,12,142118.0,371843.0,66.26257433,66.66735539
대전광역시 동구 신안동,3011011200,2021,1,188677.0,1028633.0,87.97072673,184.42257025
대전광역시 동구 신안동,3011011200,2021,2,195295.0,1592314.0,91.05637187,285.48436666000003
대전광역시 동구 신안동,3011011200,2021,3,149203.0,1066574.0,69.56595843000001,191.22497376
대전광역시 동구 신안동,3011011200,2021,4,131364.0,678364.0,61.24851751,121.62319549
대전광역시 동구 신안동,3011011200,2021,5,103349.0,214165.0,48.18651257,38.39742625
대전광역시 동구 신안동,3011011200,2021,6,111795.0,156448.0,52.12446344,28.0494037
대전광역시 동구 신안동,3011011200,2021,7,132966.0,169532.0,61.99545066,30.39522083
대전광역시 동구 신안동,3011011200,2021,8,179162.0,146080.0,83.53435413,26.19053547
대전광역시 동구 신안동,3011011200,2021,9,161864.0,147875.0,75.46915475,26.5123592
대전광역시 동구 신안동,3011011200,2021,10,127861.0,132602.0,59.61524242,23.77407847
대전광역시 동구 신안동,3011011200,2021,11,127765.0,194499.0,59.57048234,34.871529
대전광역시 동구 신안동,3011011200,2021,12,145047.0,505615.0,67.62822178,90.65120201
대전광역시 동구 신안동,3011011200,2022,1,189309.0,989126.0,88.26539695,177.33940018
대전광역시 동구 신안동,3011011200,2022,2,204396.0,1249913.0,95.29971676,224.09563766
대전광역시 동구 신안동,3011011200,2022,3,177366.0,1220313.0,82.69696842,218.78868361
대전광역시 동구 신안동,3011011200,2022,4,151359.0,701083.0,70.57119432,125.69646202
대전광역시 동구 신안동,3011011200,2022,5,116361.0,317072.0,54.25336276,56.84751821
대전광역시 동구 신안동,3011011200,2022,6,121071.0,167576.0,56.4494022,30.04453156
대전광역시 동구 신안동,3011011200,2022,7,155677.0,150704.0,72.58446352,27.019567740000003
대전광역시 동구 신안동,3011011200,2022,8,193748.0,143616.0,90.33508253,25.748767390000005
대전광역시 동구 신안동,3011011200,2022,9,184729.0,451208.0,86.12997015,80.89662598000001
대전광역시 동구 신안동,3011011200,2022,10,142395.0,139805.0,66.39172571,25.06549708
대전광역시 동구 신안동,3011011200,2022,11,128004.0,172049.0,59.68191624,30.8464912
대전광역시 동구 신안동,3011011200,2022,12,143391.0,266710.0,66.85611109999999,47.81816614
대전광역시 동구 신촌동,3011013100,2020,1,22511.0,0.0,10.49576278,0.0
대전광역시 동구 신촌동,3011013100,2020,2,21277.0,0.0,9.92040976,0.0
대전광역시 동구 신촌동,3011013100,2020,3,15500.0,0.0,7.2268812,0.0
대전광역시 동구 신촌동,3011013100,2020,4,12102.0,0.0,5.64256234,0.0
대전광역시 동구 신촌동,3011013100,2020,5,41677.0,0.0,19.43191793,0.0
대전광역시 동구 신촌동,3011013100,2020,6,141833.0,0.0,66.12969296,0.0
대전광역시 동구 신촌동,3011013100,2020,7,136563.0,0.0,63.67255336,0.0
대전광역시 동구 신촌동,3011013100,2020,8,138391.0,0.0,64.52485911,0.0
대전광역시 동구 신촌동,3011013100,2020,9,144094.0,0.0,67.18388515,0.0
대전광역시 동구 신촌동,3011013100,2020,10,136697.0,0.0,63.73503094,0.0
대전광역시 동구 신촌동,3011013100,2020,11,140091.0,0.0,65.31748478,0.0
대전광역시 동구 신촌동,3011013100,2020,12,41783.0,0.0,19.48134047,0.0
대전광역시 동구 신촌동,3011013100,2021,1,26283.0,0.0,12.25445926,0.0
대전광역시 동구 신촌동,3011013100,2021,2,22889.0,0.0,10.6720054,0.0
대전광역시 동구 신촌동,3011013100,2021,3,17628.0,0.0,8.21906205,0.0
대전광역시 동구 신촌동,3011013100,2021,4,18063.0,0.0,8.421880980000001,0.0
대전광역시 동구 신촌동,3011013100,2021,5,44071.0,0.0,20.54812138,0.0
대전광역시 동구 신촌동,3011013100,2021,6,132681.0,0.0,61.86256932,0.0
대전광역시 동구 신촌동,3011013100,2021,7,129173.0,0.0,60.22696293,0.0
대전광역시 동구 신촌동,3011013100,2021,8,140017.0,0.0,65.28298225,0.0
대전광역시 동구 신촌동,3011013100,2021,9,184357.0,0.0,85.956525,0.0
대전광역시 동구 신촌동,3011013100,2021,10,179720.0,0.0,83.79452188,0.0
대전광역시 동구 신촌동,3011013100,2021,11,128202.0,0.0,59.77423377,0.0
대전광역시 동구 신촌동,3011013100,2021,12,45286.0,0.0,21.11461561,0.0
대전광역시 동구 신촌동,3011013100,2022,1,27465.0,0.0,12.80556723,0.0
대전광역시 동구 신촌동,3011013100,2022,2,29542.0,0.0,13.7739693,0.0
대전광역시 동구 신촌동,3011013100,2022,3,20913.0,0.0,9.75069462,0.0
대전광역시 동구 신촌동,3011013100,2022,4,18901.0,0.0,8.812598809999999,0.0
대전광역시 동구 신촌동,3011013100,2022,5,95905.0,0.0,44.71574459,0.0
대전광역시 동구 신촌동,3011013100,2022,6,128123.0,0.0,59.73739999,0.0
대전광역시 동구 신촌동,3011013100,2022,7,137159.0,0.0,63.95043861,0.0
대전광역시 동구 신촌동,3011013100,2022,8,139755.0,0.0,65.16082465000001,0.0
대전광역시 동구 신촌동,3011013100,2022,9,140920.0,0.0,65.70400635,0.0
대전광역시 동구 신촌동,3011013100,2022,10,144239.0,0.0,67.25149143,0.0
대전광역시 동구 신촌동,3011013100,2022,11,78979.0,0.0,36.82399033,0.0
대전광역시 동구 신촌동,3011013100,2022,12,29456.0,0.0,13.73387177,0.0
대전광역시 동구 신하동,3011013000,2020,1,47053.0,0.0,21.93848006,0.0
대전광역시 동구 신하동,3011013000,2020,2,47404.0,0.0,22.10213395,0.0
대전광역시 동구 신하동,3011013000,2020,3,39306.0,0.0,18.32643824,0.0
대전광역시 동구 신하동,3011013000,2020,4,35945.0,0.0,16.75937062,0.0
대전광역시 동구 신하동,3011013000,2020,5,30307.0,0.0,14.13065089,0.0
대전광역시 동구 신하동,3011013000,2020,6,24631.0,0.0,11.4842136,0.0
대전광역시 동구 신하동,3011013000,2020,7,24064.0,0.0,11.21984964,0.0
대전광역시 동구 신하동,3011013000,2020,8,26027.0,0.0,12.13509916,0.0
대전광역시 동구 신하동,3011013000,2020,9,26907.0,0.0,12.54539949,0.0
대전광역시 동구 신하동,3011013000,2020,10,24608.0,0.0,11.47348983,0.0
대전광역시 동구 신하동,3011013000,2020,11,31233.0,0.0,14.56239876,0.0
대전광역시 동구 신하동,3011013000,2020,12,39978.0,0.0,18.6397585,0.0
대전광역시 동구 신하동,3011013000,2021,1,52997.0,0.0,24.70987247,0.0
대전광역시 동구 신하동,3011013000,2021,2,49327.0,0.0,22.9987335,0.0
대전광역시 동구 신하동,3011013000,2021,3,40909.0,0.0,19.07383763,0.0
대전광역시 동구 신하동,3011013000,2021,4,38316.0,0.0,17.86485032,0.0
대전광역시 동구 신하동,3011013000,2021,5,29260.0,0.0,13.64248671,0.0
대전광역시 동구 신하동,3011013000,2021,6,26298.0,0.0,12.26145303,0.0
대전광역시 동구 신하동,3011013000,2021,7,23006.0,0.0,10.7265567,0.0
대전광역시 동구 신하동,3011013000,2021,8,24822.0,0.0,11.57326743,0.0
대전광역시 동구 신하동,3011013000,2021,9,21950.0,0.0,10.2341963,0.0
대전광역시 동구 신하동,3011013000,2021,10,23964.0,0.0,11.1732246,0.0
대전광역시 동구 신하동,3011013000,2021,11,32003.0,0.0,14.92141155,0.0
대전광역시 동구 신하동,3011013000,2021,12,43238.0,0.0,20.1597348,0.0
대전광역시 동구 신하동,3011013000,2022,1,56865.0,0.0,26.513329,0.0
대전광역시 동구 신하동,3011013000,2022,2,60607.0,0.0,28.25803802,0.0
대전광역시 동구 신하동,3011013000,2022,3,49755.0,0.0,23.19828865,0.0
대전광역시 동구 신하동,3011013000,2022,4,41240.0,0.0,19.22816649,0.0
대전광역시 동구 신하동,3011013000,2022,5,30799.0,0.0,14.36004609,0.0
대전광역시 동구 신하동,3011013000,2022,6,26051.0,0.0,12.14628917,0.0
대전광역시 동구 신하동,3011013000,2022,7,25085.0,0.0,11.69589129,0.0
대전광역시 동구 신하동,3011013000,2022,8,25482.0,0.0,11.88099271,0.0
대전광역시 동구 신하동,3011013000,2022,9,23371.0,0.0,10.89673812,0.0
대전광역시 동구 신하동,3011013000,2022,10,22569.0,0.0,10.52280527,0.0
대전광역시 동구 신하동,3011013000,2022,11,31714.0,0.0,14.78666516,0.0
대전광역시 동구 신하동,3011013000,2022,12,41794.0,0.0,19.48646923,0.0
대전광역시 동구 신흥동,3011010600,2020,1,994975.0,1586746.0,463.90749175,284.48608557
대전광역시 동구 신흥동,3011010600,2020,2,995795.0,1579730.0,464.28981712,283.22819403
대전광역시 동구 신흥동,3011010600,2020,3,922003.0,1392583.0,429.88426755,249.67479764
대전광역시 동구 신흥동,3011010600,2020,4,901995.0,1055897.0,420.55552952,189.31070525
대전광역시 동구 신흥동,3011010600,2020,5,814631.0,788662.0,379.82202961,141.39841236
대전광역시 동구 신흥동,3011010600,2020,6,874280.0,426631.0,407.6333997,76.49024052
대전광역시 동구 신흥동,3011010600,2020,7,889510.0,355088.0,414.73439328,63.66336842
대전광역시 동구 신흥동,3011010600,2020,8,1045007.0,324213.0,487.23493174,58.1278209
대전광역시 동구 신흥동,3011010600,2020,9,811774.0,78678.0,378.48995221,14.10609905
대전광역시 동구 신흥동,3011010600,2020,10,575417.0,381304.0,268.28840642,68.3636085
대전광역시 동구 신흥동,3011010600,2020,11,867699.0,625998.0,404.56500584,112.23454828
대전광역시 동구 신흥동,3011010600,2020,12,938227.0,1082785.0,437.4487141,194.13142757000003
대전광역시 동구 신흥동,3011010600,2021,1,1061603.0,1832191.0,494.97282338,328.49167139
대전광역시 동구 신흥동,3011010600,2021,2,1020807.0,1750895.0,475.95167203,313.91619376
대전광역시 동구 신흥동,3011010600,2021,3,860981.0,1383180.0,401.43273567,247.98894329
대전광역시 동구 신흥동,3011010600,2021,4,889566.0,1026595.0,414.7605033,184.05717927
대전광역시 동구 신흥동,3011010600,2021,5,816544.0,643957.0,380.71396666,115.45439928
대전광역시 동구 신흥동,3011010600,2021,6,908626.0,448700.0,423.64723592,80.4469692
대전광역시 동구 신흥동,3011010600,2021,7,1017587.0,348690.0,474.45034578,62.516277460000005
대전광역시 동구 신흥동,3011010600,2021,8,1305387.0,297865.0,608.6372109,53.4039146
대전광역시 동구 신흥동,3011010600,2021,9,983982.0,259985.0,458.78200111,46.61244772
대전광역시 동구 신흥동,3011010600,2021,10,887652.0,292970.0,413.86810007,52.52629502
대전광역시 동구 신흥동,3011010600,2021,11,932384.0,601372.0,434.72441297,107.81937768
대전광역시 동구 신흥동,3011010600,2021,12,990243.0,1114316.0,461.70119482,199.78458869
대전광역시 동구 신흥동,3011010600,2022,1,1113427.0,1682890.0,519.13578409,301.72364611
대전광역시 동구 신흥동,3011010600,2022,2,1121476.0,1774547.0,522.88863355,318.15673693
대전광역시 동구 신흥동,3011010600,2022,3,972246.0,1454055.0,453.31008638,260.6960504
대전광역시 동구 신흥동,3011010600,2022,4,969220.0,1140475.0,451.89921265,204.47460934
대전광역시 동구 신흥동,3011010600,2022,5,866974.0,618806.0,404.22697428,110.94510191
대전광역시 동구 신흥동,3011010600,2022,6,882212.0,418133.0,411.3316979,74.96664269
대전광역시 동구 신흥동,3011010600,2022,7,1119262.0,309024.0,521.8563552,55.4046004
대전광역시 동구 신흥동,3011010600,2022,8,1225672.0,257811.0,571.47006025,46.22267344
대전광역시 동구 신흥동,3011010600,2022,9,994606.0,228044.0,463.73544536,40.88577815
대전광역시 동구 신흥동,3011010600,2022,10,1037968.0,284529.0,483.95299514,51.01291669
대전광역시 동구 신흥동,3011010600,2022,11,1072246.0,547772.0,499.93512637,98.20948788
대전광역시 동구 신흥동,3011010600,2022,12,1143502.0,945110.0,533.15826492,169.44781606
대전광역시 동구 오동,3011013400,2020,1,8632.0,0.0,4.024673450000001,0.0
대전광역시 동구 오동,3011013400,2020,2,8960.0,0.0,4.17760358,0.0
대전광역시 동구 오동,3011013400,2020,3,7442.0,0.0,3.46983547,0.0
대전광역시 동구 오동,3011013400,2020,4,7161.0,0.0,3.33881911,0.0
대전광역시 동구 오동,3011013400,2020,5,5248.0,0.0,2.4468821,0.0
대전광역시 동구 오동,3011013400,2020,6,3696.0,0.0,1.72326148,0.0
대전광역시 동구 오동,3011013400,2020,7,3408.0,0.0,1.58898136,0.0
대전광역시 동구 오동,3011013400,2020,8,3822.0,0.0,1.78200904,0.0
대전광역시 동구 오동,3011013400,2020,9,3725.0,0.0,1.7367827400000002,0.0
대전광역시 동구 오동,3011013400,2020,10,3572.0,0.0,1.6654464299999998,0.0
대전광역시 동구 오동,3011013400,2020,11,6099.0,0.0,2.84366119,0.0
대전광역시 동구 오동,3011013400,2020,12,6695.0,0.0,3.12154642,0.0
대전광역시 동구 오동,3011013400,2021,1,10299.0,0.0,4.801912870000001,0.0
대전광역시 동구 오동,3011013400,2021,2,10244.0,0.0,4.77626909,0.0
대전광역시 동구 오동,3011013400,2021,3,8493.0,0.0,3.95986465,0.0
대전광역시 동구 오동,3011013400,2021,4,7518.0,0.0,3.50527051,0.0
대전광역시 동구 오동,3011013400,2021,5,5028.0,0.0,2.34430702,0.0
대전광역시 동구 오동,3011013400,2021,6,4368.0,0.0,2.03658175,0.0
대전광역시 동구 오동,3011013400,2021,7,3389.0,0.0,1.5801226000000002,0.0
대전광역시 동구 오동,3011013400,2021,8,3410.0,0.0,1.5899138600000002,0.0
대전광역시 동구 오동,3011013400,2021,9,3252.0,0.0,1.5162463,0.0
대전광역시 동구 오동,3011013400,2021,10,3194.0,0.0,1.48920377,0.0
대전광역시 동구 오동,3011013400,2021,11,5491.0,0.0,2.56018094,0.0
대전광역시 동구 오동,3011013400,2021,12,7670.0,0.0,3.57614056,0.0
대전광역시 동구 오동,3011013400,2022,1,9925.0,0.0,4.62753521,0.0
대전광역시 동구 오동,3011013400,2022,2,10000.0,0.0,4.662504,0.0
대전광역시 동구 오동,3011013400,2022,3,8455.0,0.0,3.94214713,0.0
대전광역시 동구 오동,3011013400,2022,4,7708.0,0.0,3.59385808,0.0
대전광역시 동구 오동,3011013400,2022,5,4636.0,0.0,2.16153686,0.0
대전광역시 동구 오동,3011013400,2022,6,3302.0,0.0,1.53955881,0.0
대전광역시 동구 오동,3011013400,2022,7,3486.0,0.0,1.6253489,0.0
대전광역시 동구 오동,3011013400,2022,8,3600.0,0.0,1.6785014299999998,0.0
대전광역시 동구 오동,3011013400,2022,9,3777.0,0.0,1.76102777,0.0
대전광역시 동구 오동,3011013400,2022,10,4196.0,0.0,1.95638667,0.0
대전광역시 동구 오동,3011013400,2022,11,5363.0,0.0,2.5005009,0.0
대전광역시 동구 오동,3011013400,2022,12,7081.0,0.0,3.3015190800000003,0.0
대전광역시 동구 용운동,3011010900,2020,1,3030146.0,5636922.0,1412.80678463,1010.63804437
대전광역시 동구 용운동,3011010900,2020,2,2990481.0,6623993.0,1394.31296247,1187.60900572
대전광역시 동구 용운동,3011010900,2020,3,2624363.0,5440854.0,1223.6102985,975.48521104
대전광역시 동구 용운동,3011010900,2020,4,2554584.0,4214196.0,1191.07581179,755.55893875
대전광역시 동구 용운동,3011010900,2020,5,2400346.0,2797241.0,1119.16228267,501.51450987
대전광역시 동구 용운동,3011010900,2020,6,2648437.0,1783254.0,1234.8348106,319.71780619
대전광역시 동구 용운동,3011010900,2020,7,2645926.0,1448638.0,1233.66405597,259.7248419
대전광역시 동구 용운동,3011010900,2020,8,2976234.0,1239896.0,1387.67029295,222.29969982
대전광역시 동구 용운동,3011010900,2020,9,1704809.0,533991.0,794.86787817,95.73870638
대전광역시 동구 용운동,3011010900,2020,10,1401073.0,493901.0,653.25084659,88.55101081000001
대전광역시 동구 용운동,3011010900,2020,11,2636646.0,2861907.0,1229.33725213,513.10841161
대전광역시 동구 용운동,3011010900,2020,12,2884357.0,4483853.0,1344.83260501,803.9054695799999
대전광역시 동구 용운동,3011010900,2021,1,3218947.0,6997356.0,1500.8353263,1254.5488804
대전광역시 동구 용운동,3011010900,2021,2,3054983.0,6832585.0,1424.38704574,1225.00725445
대전광역시 동구 용운동,3011010900,2021,3,2606261.0,5451745.0,1215.17023373,977.43784741
대전광역시 동구 용운동,3011010900,2021,4,2601558.0,4169693.0,1212.97745815,747.58004093
대전광역시 동구 용운동,3011010900,2021,5,2445689.0,2635891.0,1140.30347441,472.58623156
대전광역시 동구 용운동,3011010900,2021,6,2743693.0,2267981.0,1279.24795879,406.6240197
대전광역시 동구 용운동,3011010900,2021,7,2934519.0,1712708.0,1368.22065751,307.06968515
대전광역시 동구 용운동,3011010900,2021,8,3470897.0,1347729.0,1618.30711461,241.63296937
대전광역시 동구 용운동,3011010900,2021,9,2866248.0,1442390.0,1336.38927649,258.60464431
대전광역시 동구 용운동,3011010900,2021,10,2638879.0,1665565.0,1230.37838926,298.61746441
대전광역시 동구 용운동,3011010900,2021,11,2730542.0,3484723.0,1273.11629976,624.77246235
대전광역시 동구 용운동,3011010900,2021,12,2984659.0,6256302.0,1391.59845265,1121.68605822
대전광역시 동구 용운동,3011010900,2022,1,3307011.0,9116258.0,1541.89520161,1634.4446770000002
대전광역시 동구 용운동,3011010900,2022,2,3248169.0,9455857.0,1514.46009548,1695.3310382900002
대전광역시 동구 용운동,3011010900,2022,3,2827502.0,8129454.0,1318.32393851,1457.52158594
대전광역시 동구 용운동,3011010900,2022,4,2809714.0,6079870.0,1310.03027639,1090.05374337
대전광역시 동구 용운동,3011010900,2022,5,2596134.0,3191838.0,1210.44851588,572.26140694
대전광역시 동구 용운동,3011010900,2022,6,2791905.0,2267202.0,1301.72682305,406.48435361
대전광역시 동구 용운동,3011010900,2022,7,3290433.0,1564411.0,1534.16570235,280.48166598
대전광역시 동구 용운동,3011010900,2022,8,3496357.0,1438486.0,1630.17784976,257.90470009
대전광역시 동구 용운동,3011010900,2022,9,3082695.0,1483103.0,1437.30777691,265.90403697
대전광역시 동구 용운동,3011010900,2022,10,3357824.0,1909998.0,1565.58678309,342.44160975
대전광역시 동구 용운동,3011010900,2022,11,3403557.0,3407671.0,1586.9098126699998,610.95788713
대전광역시 동구 용운동,3011010900,2022,12,3734609.0,6094060.0,1741.26294005,1092.59785417
대전광역시 동구 용전동,3011011500,2020,1,7540572.0,6424831.0,3515.79471119,1151.90145219
대전광역시 동구 용전동,3011011500,2020,2,7612733.0,7358185.0,3549.43980622,1319.24154681
대전광역시 동구 용전동,3011011500,2020,3,6589190.0,6271193.0,3072.21247334,1124.35585054
대전광역시 동구 용전동,3011011500,2020,4,6103223.0,4693558.0,2845.63016507,841.50326696
대전광역시 동구 용전동,3011011500,2020,5,5691206.0,3333945.0,2653.52707396,597.7396273
대전광역시 동구 용전동,3011011500,2020,6,6224847.0,2229533.0,2902.33740361,399.73071665
대전광역시 동구 용전동,3011011500,2020,7,6537878.0,2318249.0,3048.28823264,415.63651867
대전광역시 동구 용전동,3011011500,2020,8,7127582.0,2072248.0,3323.23795851,371.53124808
대전광역시 동구 용전동,3011011500,2020,9,6272484.0,1985013.0,2924.54817409,355.89097323
대전광역시 동구 용전동,3011011500,2020,10,4839939.0,1285380.0,2256.6234947,230.45448027
대전광역시 동구 용전동,3011011500,2020,11,5890245.0,2738492.0,2746.32908735,490.9814611
대전광역시 동구 용전동,3011011500,2020,12,6592237.0,4380137.0,3073.6331381,785.31033287
대전광역시 동구 용전동,3011011500,2021,1,7876562.0,7458970.0,3672.45018317,1337.31118762
대전광역시 동구 용전동,3011011500,2021,2,7542738.0,8097322.0,3516.80460949,1451.76067211
대전광역시 동구 용전동,3011011500,2021,3,6195691.0,6313570.0,2888.74340706,1131.95358
대전광역시 동구 용전동,3011011500,2021,4,5959059.0,4235823.0,2778.41364231,759.43642174
대전광역시 동구 용전동,3011011500,2021,5,5555993.0,2707882.0,2590.48395865,485.49342511
대전광역시 동구 용전동,3011011500,2021,6,6266007.0,2059729.0,2921.52827018,369.28672928
대전광역시 동구 용전동,3011011500,2021,7,6909719.0,2100864.0,3221.65924761,376.66178187
대전광역시 동구 용전동,3011011500,2021,8,8166676.0,2176093.0,3807.71595161,390.1495132
대전광역시 동구 용전동,3011011500,2021,9,6900696.0,2175068.0,3217.45227022,389.96574198
대전광역시 동구 용전동,3011011500,2021,10,6020616.0,1851427.0,2807.11461821,331.94047442
대전광역시 동구 용전동,3011011500,2021,11,5787723.0,2590257.0,2698.52816375,464.40455787
대전광역시 동구 용전동,3011011500,2021,12,6446734.0,4250224.0,3005.79230622,762.0183624800001
대전광역시 동구 용전동,3011011500,2022,1,7475533.0,6933231.0,3485.47025142,1243.05197398
대전광역시 동구 용전동,3011011500,2022,2,7483328.0,8129252.0,3489.10467343,1457.48536954
대전광역시 동구 용전동,3011011500,2022,3,6270264.0,7166843.0,2923.51309815,1284.93603329
대전광역시 동구 용전동,3011011500,2022,4,5949594.0,4599726.0,2774.00058217,824.68022259
대전광역시 동구 용전동,3011011500,2022,5,5443116.0,2460771.0,2537.8550121,441.18914383
대전광역시 동구 용전동,3011011500,2022,6,6096838.0,2095064.0,2842.65315615,375.62190571
대전광역시 동구 용전동,3011011500,2022,7,7416242.0,2017850.0,3457.82579907,361.77828572
대전광역시 동구 용전동,3011011500,2022,8,8078834.0,2133584.0,3766.7595841,382.52811756
대전광역시 동구 용전동,3011011500,2022,9,7143563.0,2194936.0,3330.68910624,393.52785567
대전광역시 동구 용전동,3011011500,2022,10,5961914.0,2018061.0,2779.7447872,361.81611573
대전광역시 동구 용전동,3011011500,2022,11,5533219.0,2512482.0,2579.86557192,450.46035675
대전광역시 동구 용전동,3011011500,2022,12,6097254.0,3925864.0,2842.84711639,703.86418612
대전광역시 동구 원동,3011010100,2020,1,1133095.0,154159.0,528.30599697,27.6390112
대전광역시 동구 원동,3011010100,2020,2,1050199.0,158452.0,489.65570386,28.40869884
대전광역시 동구 원동,3011010100,2020,3,866071.0,131996.0,403.8059502,23.66542935
대전광역시 동구 원동,3011010100,2020,4,775600.0,105242.0,361.62381023,18.86873175
대전광역시 동구 원동,3011010100,2020,5,698529.0,105694.0,325.68942567,18.94977036
대전광역시 동구 원동,3011010100,2020,6,778909.0,72834.0,363.16663287,13.0583342
대전광역시 동구 원동,3011010100,2020,7,790605.0,51568.0,368.61989749,9.24557457
대전광역시 동구 원동,3011010100,2020,8,853448.0,41673.0,397.92047132,7.47151002
대전광역시 동구 원동,3011010100,2020,9,845719.0,30356.0,394.316822,5.4424965400000005
대전광역시 동구 원동,3011010100,2020,10,651545.0,27782.0,303.78311685,4.98100668
대전광역시 동구 원동,3011010100,2020,11,773251.0,49618.0,360.52858809,8.89596104
대전광역시 동구 원동,3011010100,2020,12,971896.0,86407.0,453.14689873,15.49182363
대전광역시 동구 원동,3011010100,2021,1,1239718.0,94327.0,578.01901337,16.91179244
대전광역시 동구 원동,3011010100,2021,2,1091025.0,102656.0,508.69084263,18.40509042
대전광역시 동구 원동,3011010100,2021,3,896199.0,97595.0,417.85314219,17.49770885
대전광역시 동구 원동,3011010100,2021,4,753716.0,108369.0,351.42038649,19.42936841
대전광역시 동구 원동,3011010100,2021,5,625585.0,70445.0,291.6792565,12.63001282
대전광역시 동구 원동,3011010100,2021,6,692273.0,55705.0,322.77256309,9.98729311
대전광역시 동구 원동,3011010100,2021,7,812100.0,48501.0,378.64194986,8.69569524
대전광역시 동구 원동,3011010100,2021,8,929029.0,34356.0,433.16014287,6.15965251
대전광역시 동구 원동,3011010100,2021,9,730516.0,13600.0,340.60337722,2.43833025
대전광역시 동구 원동,3011010100,2021,10,649579.0,38167.0,302.86646861,6.84292285
대전광역시 동구 원동,3011010100,2021,11,729152.0,60115.0,339.96741165,10.77795756
대전광역시 동구 원동,3011010100,2021,12,933206.0,129875.0,435.10767081,23.28515741
대전광역시 동구 원동,3011010100,2022,1,1173051.0,153885.0,546.93549789,27.58988603
대전광역시 동구 원동,3011010100,2022,2,1078805.0,176640.0,502.99326272,31.66960695
대전광역시 동구 원동,3011010100,2022,3,866421.0,106498.0,403.96913789,19.09391872
대전광역시 동구 원동,3011010100,2022,4,692140.0,60517.0,322.71055188,10.85003172
대전광역시 동구 원동,3011010100,2022,5,565299.0,80666.0,263.57088491,14.46252555
대전광역시 동구 원동,3011010100,2022,6,664543.0,75246.0,309.84343957,13.49077923
대전광역시 동구 원동,3011010100,2022,7,944027.0,62815.0,440.15296634,11.26203782
대전광역시 동구 원동,3011010100,2022,8,959771.0,55589.0,447.49361271,9.96649559
대전광역시 동구 원동,3011010100,2022,9,804251.0,54733.0,374.98235049,9.81302423
대전광역시 동구 원동,3011010100,2022,10,686968.0,68340.0,320.29910474,12.25260948
대전광역시 동구 원동,3011010100,2022,11,675635.0,82625.0,315.01508902,14.81375268
대전광역시 동구 원동,3011010100,2022,12,887760.0,98974.0,413.91845513,17.74494835
대전광역시 동구 이사동,3011013800,2020,1,72641.0,0.0,33.868895290000005,0.0
대전광역시 동구 이사동,3011013800,2020,2,68908.0,0.0,32.12838253,0.0
대전광역시 동구 이사동,3011013800,2020,3,54624.0,0.0,25.46846181,0.0
대전광역시 동구 이사동,3011013800,2020,4,46623.0,0.0,21.73799236,0.0
대전광역시 동구 이사동,3011013800,2020,5,36957.0,0.0,17.23121605,0.0
대전광역시 동구 이사동,3011013800,2020,6,39959.0,0.0,18.6308997,0.0
대전광역시 동구 이사동,3011013800,2020,7,40518.0,0.0,18.89153366,0.0
대전광역시 동구 이사동,3011013800,2020,8,48545.0,0.0,22.63412569,0.0
대전광역시 동구 이사동,3011013800,2020,9,48075.0,0.0,22.41498797,0.0
대전광역시 동구 이사동,3011013800,2020,10,36924.0,0.0,17.21582977,0.0
대전광역시 동구 이사동,3011013800,2020,11,47995.0,0.0,22.37768798,0.0
대전광역시 동구 이사동,3011013800,2020,12,65649.0,0.0,30.60887251,0.0
대전광역시 동구 이사동,3011013800,2021,1,80146.0,0.0,37.36810457,0.0
대전광역시 동구 이사동,3011013800,2021,2,72239.0,0.0,33.68146266,0.0
대전광역시 동구 이사동,3011013800,2021,3,52124.0,0.0,24.30283588,0.0
대전광역시 동구 이사동,3011013800,2021,4,45497.0,0.0,21.21299443,0.0
대전광역시 동구 이사동,3011013800,2021,5,41588.0,0.0,19.39042163,0.0
대전광역시 동구 이사동,3011013800,2021,6,43443.0,0.0,20.25531613,0.0
대전광역시 동구 이사동,3011013800,2021,7,48066.0,0.0,22.41079174,0.0
대전광역시 동구 이사동,3011013800,2021,8,56233.0,0.0,26.21865871,0.0
대전광역시 동구 이사동,3011013800,2021,9,43370.0,0.0,20.22127985,0.0
대전광역시 동구 이사동,3011013800,2021,10,41332.0,0.0,19.27106154,0.0
대전광역시 동구 이사동,3011013800,2021,11,45876.0,0.0,21.38970336,0.0
대전광역시 동구 이사동,3011013800,2021,12,57873.0,0.0,26.98330942,0.0
대전광역시 동구 이사동,3011013800,2022,1,73107.0,0.0,34.08616797,0.0
대전광역시 동구 이사동,3011013800,2022,2,66830.0,0.0,31.15951423,0.0
대전광역시 동구 이사동,3011013800,2022,3,48764.0,0.0,22.73623451,0.0
대전광역시 동구 이사동,3011013800,2022,4,42114.0,0.0,19.63566938,0.0
대전광역시 동구 이사동,3011013800,2022,5,31999.0,0.0,14.91954653,0.0
대전광역시 동구 이사동,3011013800,2022,6,30623.0,0.0,14.27798602,0.0
대전광역시 동구 이사동,3011013800,2022,7,45018.0,0.0,20.98966053,0.0
대전광역시 동구 이사동,3011013800,2022,8,51264.0,0.0,23.9018605,0.0
대전광역시 동구 이사동,3011013800,2022,9,43906.0,0.0,20.47119006,0.0
대전광역시 동구 이사동,3011013800,2022,10,37240.0,0.0,17.363164910000002,0.0
대전광역시 동구 이사동,3011013800,2022,11,48307.0,0.0,22.52315806,0.0
대전광역시 동구 이사동,3011013800,2022,12,66200.0,0.0,30.8657765,0.0
대전광역시 동구 인동,3011010200,2020,1,1200460.0,2006046.0,559.71495521,359.66195851
대전광역시 동구 인동,3011010200,2020,2,1350522.0,2752522.0,629.6814227,493.49688558
대전광역시 동구 인동,3011010200,2020,3,1197058.0,2155345.0,558.12877128,386.42962522
대전광역시 동구 인동,3011010200,2020,4,1158896.0,1737634.0,540.33572354,311.53864249000003
대전광역시 동구 인동,3011010200,2020,5,1064250.0,1216868.0,496.2069882,218.17103306
대전광역시 동구 인동,3011010200,2020,6,1144345.0,710845.0,533.55131396,127.44668113
대전광역시 동구 인동,3011010200,2020,7,1142940.0,505288.0,532.89623218,90.5925745
대전광역시 동구 인동,3011010200,2020,8,1343448.0,472413.0,626.3831673,84.69844898000001
대전광역시 동구 인동,3011010200,2020,9,587001.0,85663.0,273.68945107,15.35843265
대전광역시 동구 인동,3011010200,2020,10,435848.0,71062.0,203.21430433,12.74063411
대전광역시 동구 인동,3011010200,2020,11,1146077.0,1111531.0,534.35885963,199.28526883
대전광역시 동구 인동,3011010200,2020,12,1262604.0,1884868.0,588.68962005,337.93607747
대전광역시 동구 인동,3011010200,2021,1,1453837.0,3155536.0,677.8520828,565.75285806
대전광역시 동구 인동,3011010200,2021,2,1333421.0,2808283.0,621.70807458,503.4942189
대전광역시 동구 인동,3011010200,2021,3,1130411.0,2302027.0,527.0545809,412.72809268
대전광역시 동구 인동,3011010200,2021,4,1122680.0,1515142.0,523.44999901,271.64827687
대전광역시 동구 인동,3011010200,2021,5,1034998.0,1018593.0,482.56823145,182.62250878
대전광역시 동구 인동,3011010200,2021,6,1096705.0,666056.0,511.33914493,119.41650661
대전광역시 동구 인동,3011010200,2021,7,1229180.0,481425.0,573.10566667,86.31420136
대전광역시 동구 인동,3011010200,2021,8,1492209.0,386744.0,695.74304311,69.33894064
대전광역시 동구 인동,3011010200,2021,9,1166597.0,392029.0,543.92631784,70.28648293
대전광역시 동구 인동,3011010200,2021,10,1051272.0,448739.0,490.15599053,80.45396149
대전광역시 동구 인동,3011010200,2021,11,1099384.0,1025272.0,512.58822974,183.81997996
대전광역시 동구 인동,3011010200,2021,12,1191435.0,1895328.0,555.50704531,339.81144026
대전광역시 동구 인동,3011010200,2022,1,1364526.0,2841426.0,636.21079329,509.4363938400001
대전광역시 동구 인동,3011010200,2022,2,1346782.0,3147939.0,627.93764616,564.39079961
대전광역시 동구 인동,3011010200,2022,3,1149602.0,2496082.0,536.00239236,447.52001733
대전광역시 동구 인동,3011010200,2022,4,1117896.0,1753807.0,521.21945713,314.43828331
대전광역시 동구 인동,3011010200,2022,5,991563.0,932865.0,462.31664529,167.25242238
대전광역시 동구 인동,3011010200,2022,6,1059575.0,585985.0,494.02726758,105.06065799
대전광역시 동구 인동,3011010200,2022,7,1340244.0,419744.0,624.88930109,75.25547724
대전광역시 동구 인동,3011010200,2022,8,1433354.0,357397.0,668.30187586,64.07734665
대전광역시 동구 인동,3011010200,2022,9,1181612.0,385828.0,550.92706763,69.17471188
대전광역시 동구 인동,3011010200,2022,10,1146260.0,534557.0,534.44418351,95.8401839
대전광역시 동구 인동,3011010200,2022,11,1183857.0,1121672.0,551.97379973,201.10343846
대전광역시 동구 인동,3011010200,2022,12,1305585.0,1940158.0,608.72952839,347.84896563
대전광역시 동구 자양동,3011011100,2020,1,1224081.0,4110461.0,570.72825593,736.96039556
대전광역시 동구 자양동,3011011100,2020,2,1194946.0,3649567.0,557.14405053,654.32717639
대전광역시 동구 자양동,3011011100,2020,3,1021225.0,2772693.0,476.14656475,497.11332378
대전광역시 동구 자양동,3011011100,2020,4,1010092.0,1972302.0,470.95579913,353.61203086
대전광역시 동구 자양동,3011011100,2020,5,970084.0,1266915.0,452.30205303,227.14390906
대전광역시 동구 자양동,3011011100,2020,6,1071676.0,779763.0,499.6693637,139.80291969
대전광역시 동구 자양동,3011011100,2020,7,1170912.0,1627902.0,545.93818842,291.86490323
대전광역시 동구 자양동,3011011100,2020,8,1217108.0,1676706.0,567.47709177,300.61492293
대전광역시 동구 자양동,3011011100,2020,9,1036516.0,645020.0,483.2759996,115.64498342
대전광역시 동구 자양동,3011011100,2020,10,745642.0,598463.0,347.65588069,107.29782601
대전광역시 동구 자양동,3011011100,2020,11,1001331.0,1297103.0,466.87097925,232.55628506
대전광역시 동구 자양동,3011011100,2020,12,1091197.0,2154687.0,508.7710377,386.3116531
대전광역시 동구 자양동,3011011100,2021,1,1253851.0,3716497.0,584.60853037,666.32698847
대전광역시 동구 자양동,3011011100,2021,2,1198045.0,3703477.0,558.58896051,663.9926457700001
대전광역시 동구 자양동,3011011100,2021,3,989484.0,2453059.0,461.34731086,439.80646719
대전광역시 동구 자양동,3011011100,2021,4,1012136.0,2470186.0,471.90881482,442.87714967
대전광역시 동구 자양동,3011011100,2021,5,943264.0,1240286.0,439.79721732,222.36962259
대전광역시 동구 자양동,3011011100,2021,6,1097647.0,933011.0,511.77835279,167.27859857
대전광역시 동구 자양동,3011011100,2021,7,1213345.0,1474317.0,565.72259159,264.32880384
대전광역시 동구 자양동,3011011100,2021,8,1476255.0,1817562.0,688.30448416,325.86885277
대전광역시 동구 자양동,3011011100,2021,9,1185638.0,1702943.0,552.80419175,305.31892822
대전광역시 동구 자양동,3011011100,2021,10,1079230.0,1483543.0,503.19141919,265.98292408
대전광역시 동구 자양동,3011011100,2021,11,1025270.0,1582705.0,478.03254755,283.76157878
대전광역시 동구 자양동,3011011100,2021,12,1125683.0,2289618.0,524.85014899,410.50329563
대전광역시 동구 자양동,3011011100,2022,1,1265366.0,3213405.0,589.97740359,576.1281325
대전광역시 동구 자양동,3011011100,2022,2,1248657.0,3632548.0,582.18682569,651.27585712
대전광역시 동구 자양동,3011011100,2022,3,1080210.0,2841790.0,503.64834457,509.50165502
대전광역시 동구 자양동,3011011100,2022,4,1068813.0,2709278.0,498.33448874,485.7437126
대전광역시 동구 자양동,3011011100,2022,5,1009821.0,1523251.0,470.82944522,273.10213131
대전광역시 동구 자양동,3011011100,2022,6,1129447.0,1042288.0,526.60511552,186.87076142
대전광역시 동구 자양동,3011011100,2022,7,1363790.0,1493025.0,635.86763304,267.68294226
대전광역시 동구 자양동,3011011100,2022,8,1415416.0,1995458.0,659.93827616,357.76364674
대전광역시 동구 자양동,3011011100,2022,9,1260865.0,1828516.0,587.8788106,327.83278437
대전광역시 동구 자양동,3011011100,2022,10,1096482.0,1734928.0,511.23517111,311.05348644
대전광역시 동구 자양동,3011011100,2022,11,1031135.0,1321332.0,480.76710618,236.90027796
대전광역시 동구 자양동,3011011100,2022,12,1120425.0,1877807.0,522.39860442,336.67011791
대전광역시 동구 장척동,3011014000,2020,1,589.0,0.0,0.27462148,0.0
대전광역시 동구 장척동,3011014000,2020,2,534.0,0.0,0.24897772,0.0
대전광역시 동구 장척동,3011014000,2020,3,527.0,0.0,0.24571396,0.0
대전광역시 동구 장척동,3011014000,2020,4,586.0,0.0,0.27322274,0.0
대전광역시 동구 장척동,3011014000,2020,5,523.0,0.0,0.24384895,0.0
대전광역시 동구 장척동,3011014000,2020,6,601.0,0.0,0.28021649,0.0
대전광역시 동구 장척동,3011014000,2020,7,523.0,0.0,0.2438489699999999,0.0
대전광역시 동구 장척동,3011014000,2020,8,681.0,0.0,0.3175165199999999,0.0
대전광역시 동구 장척동,3011014000,2020,9,604.0,0.0,0.28161524,0.0
대전광역시 동구 장척동,3011014000,2020,10,533.0,0.0,0.24851146,0.0
대전광역시 동구 장척동,3011014000,2020,11,554.0,0.0,0.25830271,0.0
대전광역시 동구 장척동,3011014000,2020,12,485.0,0.0,0.22613144,0.0
대전광역시 동구 장척동,3011014000,2021,1,471.0,0.0,0.21960394,0.0
대전광역시 동구 장척동,3011014000,2021,2,457.0,0.0,0.21307643,0.0
대전광역시 동구 장척동,3011014000,2021,3,427.0,0.0,0.19908892,0.0
대전광역시 동구 장척동,3011014000,2021,4,592.0,0.0,0.27602024,0.0
대전광역시 동구 장척동,3011014000,2021,5,650.0,0.0,0.30306276,0.0
대전광역시 동구 장척동,3011014000,2021,6,658.0,0.0,0.30679276,0.0
대전광역시 동구 장척동,3011014000,2021,7,684.0,0.0,0.3189152799999999,0.0
대전광역시 동구 장척동,3011014000,2021,8,831.0,0.0,0.38745408,0.0
대전광역시 동구 장척동,3011014000,2021,9,696.0,0.0,0.32451027,0.0
대전광역시 동구 장척동,3011014000,2021,10,705.0,0.0,0.32870654,0.0
대전광역시 동구 장척동,3011014000,2021,11,890.0,0.0,0.41496286,0.0
대전광역시 동구 장척동,3011014000,2021,12,748.0,0.0,0.3487553,0.0
대전광역시 동구 장척동,3011014000,2022,1,958.0,0.0,0.44666788,0.0
대전광역시 동구 장척동,3011014000,2022,2,954.0,0.0,0.44480288,0.0
대전광역시 동구 장척동,3011014000,2022,3,719.0,0.0,0.33523404,0.0
대전광역시 동구 장척동,3011014000,2022,4,595.0,0.0,0.27741899,0.0
대전광역시 동구 장척동,3011014000,2022,5,519.0,0.0,0.24198396,0.0
대전광역시 동구 장척동,3011014000,2022,6,717.0,0.0,0.3343015399999999,0.0
대전광역시 동구 장척동,3011014000,2022,7,848.0,0.0,0.39538034,0.0
대전광역시 동구 장척동,3011014000,2022,8,820.0,0.0,0.3823253399999999,0.0
대전광역시 동구 장척동,3011014000,2022,9,647.0,0.0,0.30166401,0.0
대전광역시 동구 장척동,3011014000,2022,10,529.0,0.0,0.24664646,0.0
대전광역시 동구 장척동,3011014000,2022,11,527.0,0.0,0.24571396,0.0
대전광역시 동구 장척동,3011014000,2022,12,441.0,0.0,0.20561642,0.0
대전광역시 동구 정동,3011011900,2020,1,855819.0,426330.0,399.02595108,76.43627455000001
대전광역시 동구 정동,3011011900,2020,2,822019.0,570100.0,383.2666876,102.21265243
대전광역시 동구 정동,3011011900,2020,3,687432.0,355292.0,320.51544493,63.69994335
대전광역시 동구 정동,3011011900,2020,4,616177.0,207871.0,287.29277275,37.26898137
대전광역시 동구 정동,3011011900,2020,5,565623.0,130354.0,263.72195002,23.37103683
대전광역시 동구 정동,3011011900,2020,6,605269.0,92529.0,282.20691334,16.58943079
대전광역시 동구 정동,3011011900,2020,7,618031.0,116206.0,288.15720096,20.83445623
대전광역시 동구 정동,3011011900,2020,8,689436.0,128416.0,321.44981073,23.02357477
대전광역시 동구 정동,3011011900,2020,9,684013.0,162970.0,318.92133481,29.21872646
대전광역시 동구 정동,3011011900,2020,10,545465.0,135330.0,254.32327446,24.26317882
대전광역시 동구 정동,3011011900,2020,11,616967.0,149361.0,287.6611105,26.77878263
대전광역시 동구 정동,3011011900,2020,12,735823.0,249378.0,343.07776812000003,44.71072942
대전광역시 동구 정동,3011011900,2021,1,913360.0,352429.0,425.85446533,63.18663898
대전광역시 동구 정동,3011011900,2021,2,812714.0,555750.0,378.9282276,99.63985546
대전광역시 동구 정동,3011011900,2021,3,685656.0,322644.0,319.68738422,57.84651644
대전광역시 동구 정동,3011011900,2021,4,613884.0,267930.0,286.22366056,48.03689873
대전광역시 동구 정동,3011011900,2021,5,557682.0,194057.0,260.01945546,34.79228326
대전광역시 동구 정동,3011011900,2021,6,603737.0,144475.0,281.49261777,25.90277662
대전광역시 동구 정동,3011011900,2021,7,675316.0,138973.0,314.86635504,24.91632861
대전광역시 동구 정동,3011011900,2021,8,779728.0,178603.0,363.54849189,32.02155127
대전광역시 동구 정동,3011011900,2021,9,634787.0,175336.0,295.96969262,31.435814110000003
대전광역시 동구 정동,3011011900,2021,10,567179.0,116907.0,264.44743565,20.96013779
대전광역시 동구 정동,3011011900,2021,11,610587.0,159043.0,284.68643294,28.51465863
대전광역시 동구 정동,3011011900,2021,12,731463.0,314763.0,341.04491634,56.43353991
대전광역시 동구 정동,3011011900,2022,1,884039.0,478310.0,412.18353732,85.75571615
대전광역시 동구 정동,3011011900,2022,2,842542.0,571534.0,392.83554451,102.46975283
대전광역시 동구 정동,3011011900,2022,3,717078.0,547817.0,334.33790431,98.21755589
대전광역시 동구 정동,3011011900,2022,4,652798.0,293297.0,304.3673286,52.58492252
대전광역시 동구 정동,3011011900,2022,5,576916.0,204440.0,268.98731579,36.65384084
대전광역시 동구 정동,3011011900,2022,6,622846.0,152807.0,290.40219659,27.39661249
대전광역시 동구 정동,3011011900,2022,7,764020.0,141774.0,356.22463056,25.41851707
대전광역시 동구 정동,3011011900,2022,8,749229.0,268419.0,349.32832091,48.12457106
대전광역시 동구 정동,3011011900,2022,9,643904.0,262340.0,300.22049752,47.03467329
대전광역시 동구 정동,3011011900,2022,10,577965.0,172379.0,269.47641239,30.90565657
대전광역시 동구 정동,3011011900,2022,11,588466.0,170396.0,274.37250783,30.55012651
대전광역시 동구 정동,3011011900,2022,12,724270.0,293464.0,337.69117723,52.61486374
대전광역시 동구 주산동,3011012300,2020,1,10997.0,0.0,5.12735565,0.0
대전광역시 동구 주산동,3011012300,2020,2,10884.0,0.0,5.07466935,0.0
대전광역시 동구 주산동,3011012300,2020,3,8341.0,0.0,3.88899459,0.0
대전광역시 동구 주산동,3011012300,2020,4,6378.0,0.0,2.97374505,0.0
대전광역시 동구 주산동,3011012300,2020,5,4982.0,0.0,2.32285948,0.0
대전광역시 동구 주산동,3011012300,2020,6,5014.0,0.0,2.3377795,0.0
대전광역시 동구 주산동,3011012300,2020,7,5147.0,0.0,2.39979081,0.0
대전광역시 동구 주산동,3011012300,2020,8,5326.0,0.0,2.4832496400000004,0.0
대전광역시 동구 주산동,3011012300,2020,9,6160.0,0.0,2.87210246,0.0
대전광역시 동구 주산동,3011012300,2020,10,4942.0,0.0,2.30420948,0.0
대전광역시 동구 주산동,3011012300,2020,11,7161.0,0.0,3.33881912,0.0
대전광역시 동구 주산동,3011012300,2020,12,9016.0,0.0,4.20371361,0.0
대전광역시 동구 주산동,3011012300,2021,1,11881.0,0.0,5.5395210100000005,0.0
대전광역시 동구 주산동,3011012300,2021,2,12564.0,0.0,5.85797003,0.0
대전광역시 동구 주산동,3011012300,2021,3,8731.0,0.0,4.07083223,0.0
대전광역시 동구 주산동,3011012300,2021,4,7700.0,0.0,3.59012809,0.0
대전광역시 동구 주산동,3011012300,2021,5,6187.0,0.0,2.88469122,0.0
대전광역시 동구 주산동,3011012300,2021,6,5695.0,0.0,2.65529604,0.0
대전광역시 동구 주산동,3011012300,2021,7,5734.0,0.0,2.6734798,0.0
대전광역시 동구 주산동,3011012300,2021,8,6504.0,0.0,3.0324926,0.0
대전광역시 동구 주산동,3011012300,2021,9,5710.0,0.0,2.66228978,0.0
대전광역시 동구 주산동,3011012300,2021,10,5051.0,0.0,2.35503078,0.0
대전광역시 동구 주산동,3011012300,2021,11,4895.0,0.0,2.28229571,0.0
대전광역시 동구 주산동,3011012300,2021,12,7327.0,0.0,3.41621668,0.0
대전광역시 동구 주산동,3011012300,2022,1,10178.0,0.0,4.74549657,0.0
대전광역시 동구 주산동,3011012300,2022,2,11003.0,0.0,5.130153139999999,0.0
대전광역시 동구 주산동,3011012300,2022,3,8846.0,0.0,4.12445103,0.0
대전광역시 동구 주산동,3011012300,2022,4,7085.0,0.0,3.30338409,0.0
대전광역시 동구 주산동,3011012300,2022,5,5682.0,0.0,2.64923478,0.0
대전광역시 동구 주산동,3011012300,2022,6,5183.0,0.0,2.4165758200000003,0.0
대전광역시 동구 주산동,3011012300,2022,7,5791.0,0.0,2.70005606,0.0
대전광역시 동구 주산동,3011012300,2022,8,6691.0,0.0,3.11968142,0.0
대전광역시 동구 주산동,3011012300,2022,9,5819.0,0.0,2.71311108,0.0
대전광역시 동구 주산동,3011012300,2022,10,5105.0,0.0,2.3802083,0.0
대전광역시 동구 주산동,3011012300,2022,11,6847.0,0.0,3.1924164800000003,0.0
대전광역시 동구 주산동,3011012300,2022,12,7816.0,0.0,3.64421313,0.0
대전광역시 동구 주촌동,3011013500,2020,1,7721.0,0.0,3.59991935,0.0
대전광역시 동구 주촌동,3011013500,2020,2,7194.0,0.0,3.3542053700000003,0.0
대전광역시 동구 주촌동,3011013500,2020,3,5786.0,0.0,2.69772481,0.0
대전광역시 동구 주촌동,3011013500,2020,4,5823.0,0.0,2.71497609,0.0
대전광역시 동구 주촌동,3011013500,2020,5,4716.0,0.0,2.19883689,0.0
대전광역시 동구 주촌동,3011013500,2020,6,4371.0,0.0,2.03798049,0.0
대전광역시 동구 주촌동,3011013500,2020,7,4667.0,0.0,2.1759906,0.0
대전광역시 동구 주촌동,3011013500,2020,8,4727.0,0.0,2.20396563,0.0
대전광역시 동구 주촌동,3011013500,2020,9,4989.0,0.0,2.32612324,0.0
대전광역시 동구 주촌동,3011013500,2020,10,4524.0,0.0,2.10931681,0.0
대전광역시 동구 주촌동,3011013500,2020,11,4942.0,0.0,2.30420947,0.0
대전광역시 동구 주촌동,3011013500,2020,12,5081.0,0.0,2.36901828,0.0
대전광역시 동구 주촌동,3011013500,2021,1,7254.0,0.0,3.38218041,0.0
대전광역시 동구 주촌동,3011013500,2021,2,6817.0,0.0,3.17842897,0.0
대전광역시 동구 주촌동,3011013500,2021,3,5891.0,0.0,2.7466811,0.0
대전광역시 동구 주촌동,3011013500,2021,4,5873.0,0.0,2.7382886,0.0
대전광역시 동구 주촌동,3011013500,2021,5,5370.0,0.0,2.50376464,0.0
대전광역시 동구 주촌동,3011013500,2021,6,5105.0,0.0,2.38020829,0.0
대전광역시 동구 주촌동,3011013500,2021,7,4756.0,0.0,2.21748689,0.0
대전광역시 동구 주촌동,3011013500,2021,8,5664.0,0.0,2.64084227,0.0
대전광역시 동구 주촌동,3011013500,2021,9,5068.0,0.0,2.36295702,0.0
대전광역시 동구 주촌동,3011013500,2021,10,4986.0,0.0,2.3247245,0.0
대전광역시 동구 주촌동,3011013500,2021,11,5545.0,0.0,2.58535849,0.0
대전광역시 동구 주촌동,3011013500,2021,12,6424.0,0.0,2.99519258,0.0
대전광역시 동구 주촌동,3011013500,2022,1,7365.0,0.0,3.43393419,0.0
대전광역시 동구 주촌동,3011013500,2022,2,7638.0,0.0,3.5612205400000003,0.0
대전광역시 동구 주촌동,3011013500,2022,3,6647.0,0.0,3.09916641,0.0
대전광역시 동구 주촌동,3011013500,2022,4,6284.0,0.0,2.92991751,0.0
대전광역시 동구 주촌동,3011013500,2022,5,4978.0,0.0,2.3209945000000003,0.0
대전광역시 동구 주촌동,3011013500,2022,6,4533.0,0.0,2.11351306,0.0
대전광역시 동구 주촌동,3011013500,2022,7,4619.0,0.0,2.15361059,0.0
대전광역시 동구 주촌동,3011013500,2022,8,4884.0,0.0,2.27716694,0.0
대전광역시 동구 주촌동,3011013500,2022,9,4643.0,0.0,2.1648006,0.0
대전광역시 동구 주촌동,3011013500,2022,10,4710.0,0.0,2.19603939,0.0
대전광역시 동구 주촌동,3011013500,2022,11,6504.0,0.0,3.03249261,0.0
대전광역시 동구 주촌동,3011013500,2022,12,7319.0,0.0,3.41248668,0.0
대전광역시 동구 중동,3011012000,2020,1,1284039.0,430056.0,598.68369739,77.10430528
대전광역시 동구 중동,3011012000,2020,2,1263250.0,490253.0,588.99081777,87.89696452
대전광역시 동구 중동,3011012000,2020,3,1043362.0,396072.0,486.46794982,71.01134829
대전광역시 동구 중동,3011012000,2020,4,950019.0,212638.0,442.94673874,38.12365196
대전광역시 동구 중동,3011012000,2020,5,846258.0,186522.0,394.56813101,33.44134075
대전광역시 동구 중동,3011012000,2020,6,948505.0,142111.0,442.24083567,25.4789375
대전광역시 동구 중동,3011012000,2020,7,1012140.0,198792.0,471.91067982,35.64121662
대전광역시 동구 중동,3011012000,2020,8,1120178.0,209757.0,522.28344069,37.60712038
대전광역시 동구 중동,3011012000,2020,9,1197146.0,248081.0,558.16980138,44.47819159
대전광역시 동구 중동,3011012000,2020,10,829534.0,132004.0,386.77055935,23.66686367
대전광역시 동구 중동,3011012000,2020,11,922287.0,142157.0,430.01668265,25.48718473
대전광역시 동구 중동,3011012000,2020,12,1095034.0,232933.0,510.56004042,41.76232198
대전광역시 동구 중동,3011012000,2021,1,1410448.0,358868.0,657.62194403,64.34108077
대전광역시 동구 중동,3011012000,2021,2,1268556.0,421591.0,591.46474237,75.58662403
대전광역시 동구 중동,3011012000,2021,3,1053213.0,313927.0,491.06098262,56.28365435
대전광역시 동구 중동,3011012000,2021,4,954884.0,278921.0,445.21504691,50.007464
대전광역시 동구 중동,3011012000,2021,5,836949.0,151438.0,390.22780605,27.15116589
대전광역시 동구 중동,3011012000,2021,6,922564.0,137585.0,430.14583402,24.66747549
대전광역시 동구 중동,3011012000,2021,7,1080323.0,178835.0,503.7010309,32.0631463
대전광역시 동구 중동,3011012000,2021,8,1343108.0,249641.0,626.22464227,44.7578824
대전광역시 동구 중동,3011012000,2021,9,1118385.0,282601.0,521.4474536,50.66724747000001
대전광역시 동구 중동,3011012000,2021,10,956084.0,189712.0,445.77454741,34.01327263
대전광역시 동구 중동,3011012000,2021,11,952815.0,183469.0,444.25037489,32.89397148
대전광역시 동구 중동,3011012000,2021,12,1131297.0,222492.0,527.46767881,39.89036566
대전광역시 동구 중동,3011012000,2022,1,1392965.0,364852.0,649.47048849,65.4139461
대전광역시 동구 중동,3011012000,2022,2,1355365.0,424408.0,631.93947337,76.09168105
대전광역시 동구 중동,3011012000,2022,3,1148916.0,376430.0,535.68254457,67.489754
대전광역시 동구 중동,3011012000,2022,4,1031193.0,287753.0,480.79414875,51.59094434
대전광역시 동구 중동,3011012000,2022,5,871252.0,175745.0,406.2215935,31.50914329
대전광역시 동구 중동,3011012000,2022,6,980092.0,141209.0,456.96828698,25.31721878
대전광역시 동구 중동,3011012000,2022,7,1316772.0,225370.0,613.94547168,40.40635938
대전광역시 동구 중동,3011012000,2022,8,1365242.0,306360.0,636.54462861,54.926974560000005
대전광역시 동구 중동,3011012000,2022,9,1145526.0,283307.0,534.10195572,50.79382549
대전광역시 동구 중동,3011012000,2022,10,976021.0,184595.0,455.07018169,33.09585087
대전광역시 동구 중동,3011012000,2022,11,949043.0,171293.0,442.49167832,30.71094871
대전광역시 동구 중동,3011012000,2022,12,1169489.0,245422.0,545.27471403,44.00146213
대전광역시 동구 직동,3011012700,2020,1,8144.0,0.0,3.79714326,0.0
대전광역시 동구 직동,3011012700,2020,2,9540.0,0.0,4.44802881,0.0
대전광역시 동구 직동,3011012700,2020,3,5433.0,0.0,2.53313842,0.0
대전광역시 동구 직동,3011012700,2020,4,3364.0,0.0,1.56846635,0.0
대전광역시 동구 직동,3011012700,2020,5,2937.0,0.0,1.36937743,0.0
대전광역시 동구 직동,3011012700,2020,6,2353.0,0.0,1.09708719,0.0
대전광역시 동구 직동,3011012700,2020,7,2083.0,0.0,0.97119959,0.0
대전광역시 동구 직동,3011012700,2020,8,2090.0,0.0,0.97446333,0.0
대전광역시 동구 직동,3011012700,2020,9,2350.0,0.0,1.09568845,0.0
대전광역시 동구 직동,3011012700,2020,10,2148.0,0.0,1.00150586,0.0
대전광역시 동구 직동,3011012700,2020,11,5064.0,0.0,2.36109203,0.0
대전광역시 동구 직동,3011012700,2020,12,5898.0,0.0,2.74994485,0.0
대전광역시 동구 직동,3011012700,2021,1,7343.0,0.0,3.42367669,0.0
대전광역시 동구 직동,3011012700,2021,2,6953.0,0.0,3.24183903,0.0
대전광역시 동구 직동,3011012700,2021,3,5752.0,0.0,2.6818723,0.0
대전광역시 동구 직동,3011012700,2021,4,5067.0,0.0,2.36249078,0.0
대전광역시 동구 직동,3011012700,2021,5,3270.0,0.0,1.5246388199999998,0.0
대전광역시 동구 직동,3011012700,2021,6,1802.0,0.0,0.84018321,0.0
대전광역시 동구 직동,3011012700,2021,7,1737.0,0.0,0.80987695,0.0
대전광역시 동구 직동,3011012700,2021,8,2191.0,0.0,1.02155462,0.0
대전광역시 동구 직동,3011012700,2021,9,1788.0,0.0,0.83365572,0.0
대전광역시 동구 직동,3011012700,2021,10,1521.0,0.0,0.70916686,0.0
대전광역시 동구 직동,3011012700,2021,11,3240.0,0.0,1.5106512900000002,0.0
대전광역시 동구 직동,3011012700,2021,12,4680.0,0.0,2.18205187,0.0
대전광역시 동구 직동,3011012700,2022,1,10584.0,0.0,4.93479424,0.0
대전광역시 동구 직동,3011012700,2022,2,8682.0,0.0,4.04798597,0.0
대전광역시 동구 직동,3011012700,2022,3,5345.0,0.0,2.49210838,0.0
대전광역시 동구 직동,3011012700,2022,4,5063.0,0.0,2.3606257800000003,0.0
대전광역시 동구 직동,3011012700,2022,5,1762.0,0.0,0.8215332,0.0
대전광역시 동구 직동,3011012700,2022,6,1511.0,0.0,0.70450435,0.0
대전광역시 동구 직동,3011012700,2022,7,1857.0,0.0,0.86582698,0.0
대전광역시 동구 직동,3011012700,2022,8,2053.0,0.0,0.95721207,0.0
대전광역시 동구 직동,3011012700,2022,9,1903.0,0.0,0.88727451,0.0
대전광역시 동구 직동,3011012700,2022,10,1603.0,0.0,0.74739939,0.0
대전광역시 동구 직동,3011012700,2022,11,3427.0,0.0,1.59784011,0.0
대전광역시 동구 직동,3011012700,2022,12,7348.0,0.0,3.4260079300000004,0.0
대전광역시 동구 천동,3011010400,2020,1,1350060.0,3709845.0,629.46601502,665.13435806
대전광역시 동구 천동,3011010400,2020,2,1349676.0,3674449.0,629.28697484,658.78824502
대전광역시 동구 천동,3011010400,2020,3,1229166.0,3009415.0,573.0991391,539.55497174
대전광역시 동구 천동,3011010400,2020,4,1235504.0,2310572.0,576.05423419,414.26011705
대전광역시 동구 천동,3011010400,2020,5,1150805.0,1571346.0,536.56329157,281.72503513
대전광역시 동구 천동,3011010400,2020,6,1191397.0,925072.0,555.48932777,165.85522331
대전광역시 동구 천동,3011010400,2020,7,1183616.0,666869.0,551.86143348,119.56226857
대전광역시 동구 천동,3011010400,2020,8,1340630.0,632139.0,625.0692737500001,113.33556196
대전광역시 동구 천동,3011010400,2020,9,263104.0,77090.0,122.67234522,13.82138812
대전광역시 동구 천동,3011010400,2020,10,195611.0,107355.0,91.20370701,19.24756938
대전광역시 동구 천동,3011010400,2020,11,1200285.0,1740930.0,559.6333613099999,312.129579
대전광역시 동구 천동,3011010400,2020,12,1268446.0,2829961.0,591.4134548,507.3808456
대전광역시 동구 천동,3011010400,2021,1,1448872.0,4483076.0,675.53714958,803.76616206
대전광역시 동구 천동,3011010400,2021,2,1410739.0,3852374.0,657.75762305,690.68823831
대전광역시 동구 천동,3011010400,2021,3,1179752.0,2938644.0,550.0598419300001,526.86651075
대전광역시 동구 천동,3011010400,2021,4,1212367.0,2058413.0,565.26659871,369.05078496
대전광역시 동구 천동,3011010400,2021,5,1132365.0,1353133.0,527.96563422,242.60184705
대전광역시 동구 천동,3011010400,2021,6,1174041.0,922261.0,547.39708584,165.35124195
대전광역시 동구 천동,3011010400,2021,7,1248445.0,649380.0,582.08798063,116.42668344
대전광역시 동구 천동,3011010400,2021,8,1590545.0,516840.0,741.59224244,92.66372089
대전광역시 동구 천동,3011010400,2021,9,1289809.0,520439.0,601.37396216,93.308982
대전광역시 동구 천동,3011010400,2021,10,1135973.0,655315.0,529.64786569,117.49076358
대전광역시 동구 천동,3011010400,2021,11,1196523.0,1699975.0,557.87932735,304.78679846
대전광역시 동구 천동,3011010400,2021,12,1243571.0,2759210.0,579.81547621,494.69597035
대전광역시 동구 천동,3011010400,2022,1,1399909.0,4169502.0,652.70813119,747.54579675
대전광역시 동구 천동,3011010400,2022,2,1426694.0,4166294.0,665.19664821,746.97063763
대전광역시 동구 천동,3011010400,2022,3,1242748.0,3259981.0,579.4317521199999,584.4786964799999
대전광역시 동구 천동,3011010400,2022,4,1253002.0,2377633.0,584.21268368,426.28341592
대전광역시 동구 천동,3011010400,2022,5,1133453.0,1261335.0,528.47291464,226.14347648
대전광역시 동구 천동,3011010400,2022,6,1166888.0,826430.0,544.06199676,148.16979888999998
대전광역시 동구 천동,3011010400,2022,7,1397628.0,569925.0,651.64461407,102.18127686
대전광역시 동구 천동,3011010400,2022,8,1569436.0,471110.0,731.75016276,84.46483543
대전광역시 동구 천동,3011010400,2022,9,1368434.0,518500.0,638.0328998800001,92.9613406
대전광역시 동구 천동,3011010400,2022,10,1219601.0,716470.0,568.63945407,128.45518168
대전광역시 동구 천동,3011010400,2022,11,1278635.0,1543409.0,596.16408022,276.71623864000003
대전광역시 동구 천동,3011010400,2022,12,1402717.0,2668852.0,654.01736237,478.49577594
대전광역시 동구 추동,3011012100,2020,1,49650.0,0.0,23.14933237,0.0
대전광역시 동구 추동,3011012100,2020,2,48587.0,0.0,22.65370822,0.0
대전광역시 동구 추동,3011012100,2020,3,37540.0,0.0,17.50304001,0.0
대전광역시 동구 추동,3011012100,2020,4,29964.0,0.0,13.970727,0.0
대전광역시 동구 추동,3011012100,2020,5,25277.0,0.0,11.78541134,0.0
대전광역시 동구 추동,3011012100,2020,6,23015.0,0.0,10.73075296,0.0
대전광역시 동구 추동,3011012100,2020,7,23556.0,0.0,10.98299441,0.0
대전광역시 동구 추동,3011012100,2020,8,24204.0,0.0,11.28512471,0.0
대전광역시 동구 추동,3011012100,2020,9,26769.0,0.0,12.48105694,0.0
대전광역시 동구 추동,3011012100,2020,10,21755.0,0.0,10.14327748,0.0
대전광역시 동구 추동,3011012100,2020,11,31664.0,0.0,14.76335267,0.0
대전광역시 동구 추동,3011012100,2020,12,40232.0,0.0,18.7581861,0.0
대전광역시 동구 추동,3011012100,2021,1,50251.0,0.0,23.42954886,0.0
대전광역시 동구 추동,3011012100,2021,2,54348.0,0.0,25.33977677,0.0
대전광역시 동구 추동,3011012100,2021,3,39393.0,0.0,18.36700197,0.0
대전광역시 동구 추동,3011012100,2021,4,32238.0,0.0,15.0309804,0.0
대전광역시 동구 추동,3011012100,2021,5,28023.0,0.0,13.06573498,0.0
대전광역시 동구 추동,3011012100,2021,6,26762.0,0.0,12.47779322,0.0
대전광역시 동구 추동,3011012100,2021,7,26319.0,0.0,12.27124428,0.0
대전광역시 동구 추동,3011012100,2021,8,33228.0,0.0,15.49256829,0.0
대전광역시 동구 추동,3011012100,2021,9,27024.0,0.0,12.59995079,0.0
대전광역시 동구 추동,3011012100,2021,10,25082.0,0.0,11.69449256,0.0
대전광역시 동구 추동,3011012100,2021,11,33365.0,0.0,15.55644457,0.0
대전광역시 동구 추동,3011012100,2021,12,42692.0,0.0,19.90516209,0.0
대전광역시 동구 추동,3011012100,2022,1,52725.0,0.0,24.58305234,0.0
대전광역시 동구 추동,3011012100,2022,2,54431.0,0.0,25.37847552,0.0
대전광역시 동구 추동,3011012100,2022,3,44029.0,0.0,20.52853887,0.0
대전광역시 동구 추동,3011012100,2022,4,37860.0,0.0,17.65224014,0.0
대전광역시 동구 추동,3011012100,2022,5,26079.0,0.0,12.15934418,0.0
대전광역시 동구 추동,3011012100,2022,6,25695.0,0.0,11.98030403,0.0
대전광역시 동구 추동,3011012100,2022,7,28094.0,0.0,13.09883871,0.0
대전광역시 동구 추동,3011012100,2022,8,30254.0,0.0,14.10593959,0.0
대전광역시 동구 추동,3011012100,2022,9,25871.0,0.0,12.06236409,0.0
대전광역시 동구 추동,3011012100,2022,10,23513.0,0.0,10.96294563,0.0
대전광역시 동구 추동,3011012100,2022,11,31936.0,0.0,14.89017279,0.0
대전광역시 동구 추동,3011012100,2022,12,43011.0,0.0,20.05389597,0.0
대전광역시 동구 판암동,3011010700,2020,1,2756287.0,8419278.0,1285.11991624,1509.48383776
대전광역시 동구 판암동,3011010700,2020,2,2840321.0,8446172.0,1324.30080237,1514.30563574
대전광역시 동구 판암동,3011010700,2020,3,2535285.0,7278004.0,1182.07764541,1304.86597652
대전광역시 동구 판암동,3011010700,2020,4,2371584.0,5875928.0,1105.75198859,1053.48918844
대전광역시 동구 판암동,3011010700,2020,5,2109818.0,4286436.0,983.70348643,768.51077537
대전광역시 동구 판암동,3011010700,2020,6,2271618.0,2361048.0,1059.14280116,423.30990807
대전광역시 동구 판암동,3011010700,2020,7,2361297.0,1656955.0,1100.95567079,297.07378618
대전광역시 동구 판암동,3011010700,2020,8,2716986.0,1519652.0,1266.79580924,272.45687016
대전광역시 동구 판암동,3011010700,2020,9,1418250.0,128825.0,661.25962988,23.09690394
대전광역시 동구 판암동,3011010700,2020,10,1052434.0,155275.0,490.69777343,27.83909769
대전광역시 동구 판암동,3011010700,2020,11,2433580.0,3872301.0,1134.65764844,694.26092999
대전광역시 동구 판암동,3011010700,2020,12,2658461.0,6298015.0,1239.50850463,1129.16473976
대전광역시 동구 판암동,3011010700,2021,1,3212499.0,9750759.0,1497.82894372,1748.20371958
대전광역시 동구 판암동,3011010700,2021,2,3150383.0,9316177.0,1468.86733389,1670.2879523299998
대전광역시 동구 판암동,3011010700,2021,3,2554188.0,6885733.0,1190.8911766,1234.53610564
대전광역시 동구 판암동,3011010700,2021,4,2551983.0,5299367.0,1189.86309456,950.11814986
대전광역시 동구 판암동,3011010700,2021,5,2287662.0,3421036.0,1066.62332259,613.35408454
대전광역시 동구 판암동,3011010700,2021,6,2432014.0,2143803.0,1133.92750026,384.3602717
대전광역시 동구 판암동,3011010700,2021,7,2670981.0,1485963.0,1245.3459596,266.41680342
대전광역시 동구 판암동,3011010700,2021,8,3425442.0,1140994.0,1597.11370267,204.56766033
대전광역시 동구 판암동,3011010700,2021,9,2671601.0,1147944.0,1245.63503485,205.81371881
대전광역시 동구 판암동,3011010700,2021,10,2398706.0,1506043.0,1118.39763199,270.0169263
대전광역시 동구 판암동,3011010700,2021,11,2542227.0,3610262.0,1185.3143556,647.28022273
대전광역시 동구 판암동,3011010700,2021,12,2772591.0,6010414.0,1292.72166275,1077.60104742
대전광역시 동구 판암동,3011010700,2022,1,3192724.0,9049643.0,1488.60884209,1622.50134103
대전광역시 동구 판암동,3011010700,2022,2,3136780.0,9700613.0,1462.52492968,1739.21309395
대전광역시 동구 판암동,3011010700,2022,3,2680475.0,7773465.0,1249.77254093,1393.69667809
대전광역시 동구 판암동,3011010700,2022,4,2595276.0,6108625.0,1210.04847308,1095.20919823
대전광역시 동구 판암동,3011010700,2022,5,2258454.0,3352125.0,1053.00508094,600.99910104
대전광역시 동구 판암동,3011010700,2022,6,2337469.0,1962686.0,1089.84585623,351.88798795
대전광역시 동구 판암동,3011010700,2022,7,2954196.0,1384586.0,1377.3950667,248.24102363
대전광역시 동구 판암동,3011010700,2022,8,3192166.0,1110786.0,1488.34867438,199.15169853
대전광역시 동구 판암동,3011010700,2022,9,2684356.0,1180460.0,1251.58205868,211.64347955
대전광역시 동구 판암동,3011010700,2022,10,2752154.0,1504883.0,1283.1929034,269.80895111
대전광역시 동구 판암동,3011010700,2022,11,2828002.0,3492782.0,1318.55706371,626.21735234
대전광역시 동구 판암동,3011010700,2022,12,3066816.0,5827647.0,1429.90418664,1044.83293678
대전광역시 동구 하소동,3011014500,2020,1,427252.0,0.0,199.20641588,0.0
대전광역시 동구 하소동,3011014500,2020,2,401005.0,0.0,186.96874163,0.0
대전광역시 동구 하소동,3011014500,2020,3,321369.0,0.0,149.83842479,0.0
대전광역시 동구 하소동,3011014500,2020,4,319508.0,0.0,148.97073281,0.0
대전광역시 동구 하소동,3011014500,2020,5,251096.0,0.0,117.07361048,0.0
대전광역시 동구 하소동,3011014500,2020,6,270260.0,0.0,126.0088331,0.0
대전광역시 동구 하소동,3011014500,2020,7,272810.0,0.0,127.19777159,0.0
대전광역시 동구 하소동,3011014500,2020,8,304490.0,0.0,141.96858429,0.0
대전광역시 동구 하소동,3011014500,2020,9,306338.0,0.0,142.83021506,0.0
대전광역시 동구 하소동,3011014500,2020,10,262144.0,0.0,122.22474489,0.0
대전광역시 동구 하소동,3011014500,2020,11,333065.0,0.0,155.29168951,0.0
대전광역시 동구 하소동,3011014500,2020,12,417586.0,0.0,194.6996395,0.0
대전광역시 동구 하소동,3011014500,2021,1,499568.0,0.0,232.92377981,0.0
대전광역시 동구 하소동,3011014500,2021,2,467209.0,0.0,217.83638315,0.0
대전광역시 동구 하소동,3011014500,2021,3,365683.0,0.0,170.49984503,0.0
대전광역시 동구 하소동,3011014500,2021,4,349875.0,0.0,163.1293587,0.0
대전광역시 동구 하소동,3011014500,2021,5,303230.0,0.0,141.38110876,0.0
대전광역시 동구 하소동,3011014500,2021,6,341534.0,0.0,159.24036407,0.0
대전광역시 동구 하소동,3011014500,2021,7,377814.0,0.0,176.15592864,0.0
대전광역시 동구 하소동,3011014500,2021,8,424041.0,0.0,197.70928584,0.0
대전광역시 동구 하소동,3011014500,2021,9,364521.0,0.0,169.95806206,0.0
대전광역시 동구 하소동,3011014500,2021,10,320164.0,0.0,149.27659302,0.0
대전광역시 동구 하소동,3011014500,2021,11,396873.0,0.0,185.04219504,0.0
대전광역시 동구 하소동,3011014500,2021,12,469648.0,0.0,218.97356782,0.0
대전광역시 동구 하소동,3011014500,2022,1,551984.0,0.0,257.3627608,0.0
대전광역시 동구 하소동,3011014500,2022,2,550481.0,0.0,256.66198644,0.0
대전광역시 동구 하소동,3011014500,2022,3,430851.0,0.0,200.8844511,0.0
대전광역시 동구 하소동,3011014500,2022,4,391614.0,0.0,182.59018418,0.0
대전광역시 동구 하소동,3011014500,2022,5,317297.0,0.0,147.93985313,0.0
대전광역시 동구 하소동,3011014500,2022,6,335524.0,0.0,156.43819923,0.0
대전광역시 동구 하소동,3011014500,2022,7,410810.0,0.0,191.54032684,0.0
대전광역시 동구 하소동,3011014500,2022,8,403745.0,0.0,188.24626777,0.0
대전광역시 동구 하소동,3011014500,2022,9,347293.0,0.0,161.9255002,0.0
대전광역시 동구 하소동,3011014500,2022,10,331213.0,0.0,154.42819377,0.0
대전광역시 동구 하소동,3011014500,2022,11,386744.0,0.0,180.31954474,0.0
대전광역시 동구 하소동,3011014500,2022,12,472489.0,0.0,220.29818523,0.0
대전광역시 동구 홍도동,3011011700,2020,1,1631625.0,2038877.0,760.74580884,365.54819531
대전광역시 동구 홍도동,3011011700,2020,2,1662048.0,2195195.0,774.93054488,393.57429142
대전광역시 동구 홍도동,3011011700,2020,3,1455592.0,1774844.0,678.67035232,318.20998569
대전광역시 동구 홍도동,3011011700,2020,4,1397590.0,1352617.0,651.62689647,242.50933393
대전광역시 동구 홍도동,3011011700,2020,5,1314816.0,998759.0,613.03348591,179.06649101
대전광역시 동구 홍도동,3011011700,2020,6,1479074.0,608644.0,689.61884409,109.12316717
대전광역시 동구 홍도동,3011011700,2020,7,1511538.0,457034.0,704.75519711,81.94116358
대전광역시 동구 홍도동,3011011700,2020,8,1639515.0,448973.0,764.42452452,80.49591507
대전광역시 동구 홍도동,3011011700,2020,9,1299621.0,237825.0,605.94881117,42.63940375
대전광역시 동구 홍도동,3011011700,2020,10,988588.0,275339.0,460.92955041,49.36525084
대전광역시 동구 홍도동,3011011700,2020,11,1390528.0,1081589.0,648.33423626,193.91699788
대전광역시 동구 홍도동,3011011700,2020,12,1481011.0,1795048.0,690.5219711,321.8323405
대전광역시 동구 홍도동,3011011700,2021,1,1697754.0,2740191.0,791.57848159,491.28607306
대전광역시 동구 홍도동,3011011700,2021,2,1558257.0,2374070.0,726.53794958,425.64460926
대전광역시 동구 홍도동,3011011700,2021,3,1362722.0,1778906.0,635.36967755,318.93825762
대전광역시 동구 홍도동,3011011700,2021,4,1333733.0,1233871.0,621.85354484,221.21948377
대전광역시 동구 홍도동,3011011700,2021,5,1244776.0,859180.0,580.37730798,154.0415133
대전광역시 동구 홍도동,3011011700,2021,6,1418025.0,560332.0,661.15472352,100.46135761
대전광역시 동구 홍도동,3011011700,2021,7,1547002.0,426844.0,721.29030129,76.52842909
대전광역시 동구 홍도동,3011011700,2021,8,1920793.0,341164.0,895.57050462,61.16694851
대전광역시 동구 홍도동,3011011700,2021,9,1516449.0,355468.0,707.04495283,63.73149826
대전광역시 동구 홍도동,3011011700,2021,10,1374580.0,430399.0,640.89847486,77.16580145
대전광역시 동구 홍도동,3011011700,2021,11,1360308.0,1042076.0,634.2441490799999,186.8327521
대전광역시 동구 홍도동,3011011700,2021,12,1435145.0,1713009.0,669.13693035,307.12365112000003
대전광역시 동구 홍도동,3011011700,2022,1,1557516.0,2467146.0,726.19245807,442.33211121
대전광역시 동구 홍도동,3011011700,2022,2,1502767.0,2478722.0,700.66571482,444.4075605
대전광역시 동구 홍도동,3011011700,2022,3,1304087.0,1899309.0,608.03108534,340.52518979
대전광역시 동구 홍도동,3011011700,2022,4,1252963.0,1327668.0,584.19449992,238.03625297
대전광역시 동구 홍도동,3011011700,2022,5,1161748.0,711131.0,541.6654697,127.4979578
대전광역시 동구 홍도동,3011011700,2022,6,1302758.0,504090.0,607.41143856,90.37778632
대전광역시 동구 홍도동,3011011700,2022,7,1725462.0,392489.0,804.49734768,70.36895592
대전광역시 동구 홍도동,3011011700,2022,8,1831656.0,332511.0,854.01034265,59.61556088
대전광역시 동구 홍도동,3011011700,2022,9,1527160.0,343187.0,712.03896089,61.52965015
대전광역시 동구 홍도동,3011011700,2022,10,1487521.0,526490.0,693.55726122,94.39385962
대전광역시 동구 홍도동,3011011700,2022,11,1423239.0,1084464.0,663.58575301,194.43245377
대전광역시 동구 홍도동,3011011700,2022,12,1563302.0,1984692.0,728.89018278,355.83342143
대전광역시 동구 효동,3011010300,2020,1,380757.0,90896.0,177.52810359,16.29665191
대전광역시 동구 효동,3011010300,2020,2,362518.0,89981.0,169.02416251,16.13260249
대전광역시 동구 효동,3011010300,2020,3,310957.0,64131.0,144.98382562,11.49798213
대전광역시 동구 효동,3011010300,2020,4,285936.0,65755.0,133.31777435,11.78914744
대전광역시 동구 효동,3011010300,2020,5,257208.0,59784.0,119.92333288,10.71861289
대전광역시 동구 효동,3011010300,2020,6,275432.0,39742.0,128.42028016,7.12530298
대전광역시 동구 효동,3011010300,2020,7,271132.0,28643.0,126.41540343,5.13537451
대전광역시 동구 효동,3011010300,2020,8,300126.0,31319.0,139.93386755,5.61515184
대전광역시 동구 효동,3011010300,2020,9,305884.0,27154.0,142.61853734,4.86841319
대전광역시 동구 효동,3011010300,2020,10,237859.0,34438.0,110.9018539,6.1743542
대전광역시 동구 효동,3011010300,2020,11,278576.0,56843.0,129.8861714,10.19132399
대전광역시 동구 효동,3011010300,2020,12,309398.0,73922.0,144.25694126,13.2534006
대전광역시 동구 효동,3011010300,2021,1,363642.0,111527.0,169.54822794,19.99556303
대전광역시 동구 효동,3011010300,2021,2,329111.0,99178.0,153.44813539,17.78152332
대전광역시 동구 효동,3011010300,2021,3,274821.0,84417.0,128.13540117,15.13503854
대전광역시 동구 효동,3011010300,2021,4,221831.0,61766.0,103.42879249,11.07396369
대전광역시 동구 효동,3011010300,2021,5,193135.0,51001.0,90.04927097,9.14391772
대전광역시 동구 효동,3011010300,2021,6,228159.0,37250.0,106.37922507,6.67851482
대전광역시 동구 효동,3011010300,2021,7,246742.0,32036.0,115.0435562,5.7437020400000005
대전광역시 동구 효동,3011010300,2021,8,267244.0,23238.0,124.60262188,4.16631753
대전광역시 동구 효동,3011010300,2021,9,210146.0,28154.0,97.98065658,5.04770218
대전광역시 동구 효동,3011010300,2021,10,183739.0,35309.0,85.66838228,6.33051489
대전광역시 동구 효동,3011010300,2021,11,213794.0,55771.0,99.681538,9.99912618
대전광역시 동구 효동,3011010300,2021,12,247082.0,96702.0,115.20208132,17.33760379
대전광역시 동구 효동,3011010300,2022,1,300939.0,125061.0,140.31292912,22.42206017
대전광역시 동구 효동,3011010300,2022,2,290384.0,127091.0,135.39165612,22.78601684
대전광역시 동구 효동,3011010300,2022,3,235465.0,96766.0,109.78565039,17.34907825
대전광역시 동구 효동,3011010300,2022,4,209135.0,80580.0,97.50927738,14.4471067
대전광역시 동구 효동,3011010300,2022,5,180965.0,52824.0,84.37500364,9.47076153
대전광역시 동구 효동,3011010300,2022,6,199430.0,38264.0,92.98431725,6.86031388
대전광역시 동구 효동,3011010300,2022,7,277090.0,30253.0,129.19332332,5.42402977
대전광역시 동구 효동,3011010300,2022,8,284504.0,28481.0,132.6501038,5.1063297
대전광역시 동구 효동,3011010300,2022,9,236957.0,25356.0,110.48129605,4.54605159
대전광역시 동구 효동,3011010300,2022,10,199753.0,37581.0,93.13491618,6.73785948
대전광역시 동구 효동,3011010300,2022,11,213003.0,61623.0,99.31273395,11.04832533
대전광역시 동구 효동,3011010300,2022,12,264271.0,96724.0,123.21645947,17.34154814
대전광역시 동구 효평동,3011012600,2020,1,38910.0,0.0,18.14180306,0.0
대전광역시 동구 효평동,3011012600,2020,2,36969.0,0.0,17.236811030000002,0.0
대전광역시 동구 효평동,3011012600,2020,3,32032.0,0.0,14.93493281,0.0
대전광역시 동구 효평동,3011012600,2020,4,25629.0,0.0,11.94953151,0.0
대전광역시 동구 효평동,3011012600,2020,5,20822.0,0.0,9.70826582,0.0
대전광역시 동구 효평동,3011012600,2020,6,16782.0,0.0,7.8246142,0.0
대전광역시 동구 효평동,3011012600,2020,7,16248.0,0.0,7.5756365,0.0
대전광역시 동구 효평동,3011012600,2020,8,18462.0,0.0,8.60791489,0.0
대전광역시 동구 효평동,3011012600,2020,9,18219.0,0.0,8.49461603,0.0
대전광역시 동구 효평동,3011012600,2020,10,14807.0,0.0,6.90376968,0.0
대전광역시 동구 효평동,3011012600,2020,11,24047.0,0.0,11.21192337,0.0
대전광역시 동구 효평동,3011012600,2020,12,30488.0,0.0,14.2150422,0.0
대전광역시 동구 효평동,3011012600,2021,1,41831.0,0.0,19.5037205,0.0
대전광역시 동구 효평동,3011012600,2021,2,44082.0,0.0,20.55325012,0.0
대전광역시 동구 효평동,3011012600,2021,3,31555.0,0.0,14.71253138,0.0
대전광역시 동구 효평동,3011012600,2021,4,25989.0,0.0,12.11738164,0.0
대전광역시 동구 효평동,3011012600,2021,5,20626.0,0.0,9.61688076,0.0
대전광역시 동구 효평동,3011012600,2021,6,17795.0,0.0,8.29692588,0.0
대전광역시 동구 효평동,3011012600,2021,7,16267.0,0.0,7.58449526,0.0
대전광역시 동구 효평동,3011012600,2021,8,18867.0,0.0,8.79674631,0.0
대전광역시 동구 효평동,3011012600,2021,9,17240.0,0.0,8.03815689,0.0
대전광역시 동구 효평동,3011012600,2021,10,16464.0,0.0,7.676346570000001,0.0
대전광역시 동구 효평동,3011012600,2021,11,22414.0,0.0,10.45053645,0.0
대전광역시 동구 효평동,3011012600,2021,12,33378.0,0.0,15.56250585,0.0
대전광역시 동구 효평동,3011012600,2022,1,43219.0,0.0,20.15087603,0.0
대전광역시 동구 효평동,3011012600,2022,2,44313.0,0.0,20.66095398,0.0
대전광역시 동구 효평동,3011012600,2022,3,36888.0,0.0,17.19904476,0.0
대전광역시 동구 효평동,3011012600,2022,4,26880.0,0.0,12.53281076,0.0
대전광역시 동구 효평동,3011012600,2022,5,20369.0,0.0,9.49705441,0.0
대전광역시 동구 효평동,3011012600,2022,6,16499.0,0.0,7.69266535,0.0
대전광역시 동구 효평동,3011012600,2022,7,17517.0,0.0,8.16730826,0.0
대전광역시 동구 효평동,3011012600,2022,8,17578.0,0.0,8.19574955,0.0
대전광역시 동구 효평동,3011012600,2022,9,17485.0,0.0,8.15238824,0.0
대전광역시 동구 효평동,3011012600,2022,10,15905.0,0.0,7.41571262,0.0
대전광역시 동구 효평동,3011012600,2022,11,23253.0,0.0,10.84172054,0.0
대전광역시 동구 효평동,3011012600,2022,12,32281.0,0.0,15.05102915,0.0
대전광역시 서구 가수원동,3017011400,2020,1,3971854.0,4782054.0,1851.87851622,857.36962527
대전광역시 서구 가수원동,3017011400,2020,2,3814378.0,4708623.0,1778.4552682,844.20425557
대전광역시 서구 가수원동,3017011400,2020,3,3329504.0,4012917.0,1552.38257176,719.47183041
대전광역시 서구 가수원동,3017011400,2020,4,3210488.0,3094019.0,1496.89131416,554.72353735
대전광역시 서구 가수원동,3017011400,2020,5,3227516.0,2219411.0,1504.83062606,397.91595359
대전광역시 서구 가수원동,3017011400,2020,6,3765455.0,1391412.0,1755.64489989,249.46485026
대전광역시 서구 가수원동,3017011400,2020,7,3825012.0,1055146.0,1783.41337502,189.17605922
대전광역시 서구 가수원동,3017011400,2020,8,4396353.0,966399.0,2049.8013448,173.26469932999998
대전광역시 서구 가수원동,3017011400,2020,9,2955913.0,344483.0,1378.19561864,61.76200869
대전광역시 서구 가수원동,3017011400,2020,10,2310040.0,396560.0,1077.05707401,71.09884133
대전광역시 서구 가수원동,3017011400,2020,11,3376558.0,2318306.0,1574.32151816,415.6467381
대전광역시 서구 가수원동,3017011400,2020,12,4059135.0,3656191.0,1892.57331742,655.5147867
대전광역시 서구 가수원동,3017011400,2021,1,4554891.0,5644405.0,2123.71975069,1011.97966395
대전광역시 서구 가수원동,3017011400,2021,2,4152959.0,5099774.0,1936.31879497,914.33332274
대전광역시 서구 가수원동,3017011400,2021,3,3552028.0,3831138.0,1656.13447583,686.88085739
대전광역시 서구 가수원동,3017011400,2021,4,3496848.0,3053013.0,1630.40677868,547.37161305
대전광역시 서구 가수원동,3017011400,2021,5,2579116.0,1769433.0,1202.51386668,317.23985304
대전광역시 서구 가수원동,3017011400,2021,6,2965642.0,1172931.0,1382.73176875,210.29361273
대전광역시 서구 가수원동,3017011400,2021,7,3487658.0,772697.0,1626.12193757,138.53606364
대전광역시 서구 가수원동,3017011400,2021,8,3668634.0,585211.0,1710.50206997,104.92188834
대전광역시 서구 가수원동,3017011400,2021,9,2898898.0,612873.0,1351.61235202,109.88138031
대전광역시 서구 가수원동,3017011400,2021,10,2651522.0,771869.0,1236.27319315,138.38761239000002
대전광역시 서구 가수원동,3017011400,2021,11,2700924.0,1994766.0,1259.30689532,357.63957873
대전광역시 서구 가수원동,3017011400,2021,12,3022610.0,3274712.0,1409.29312154,587.11980256
대전광역시 서구 가수원동,3017011400,2022,1,3264724.0,4760225.0,1522.17887085,853.4559259199999
대전광역시 서구 가수원동,3017011400,2022,2,3039258.0,4849664.0,1417.0552582300002,869.49135382
대전광역시 서구 가수원동,3017011400,2022,3,2763468.0,3922119.0,1288.4680604,703.19274882
대전광역시 서구 가수원동,3017011400,2022,4,2624645.0,2980573.0,1223.74178114,534.38391876
대전광역시 서구 가수원동,3017011400,2022,5,2573966.0,1619682.0,1200.11267705,290.39114773
대전광역시 서구 가수원동,3017011400,2022,6,2894577.0,1010941.0,1349.59768411,181.25058948
대전광역시 서구 가수원동,3017011400,2022,7,3605387.0,710276.0,1681.01313089,127.34466572
대전광역시 서구 가수원동,3017011400,2022,8,3749809.0,560366.0,1748.34994619,100.46745342
대전광역시 서구 가수원동,3017011400,2022,9,2994928.0,581038.0,1396.386378,104.17371539
대전광역시 서구 가수원동,3017011400,2022,10,2783821.0,837730.0,1297.95765478,150.19576445
대전광역시 서구 가수원동,3017011400,2022,11,2882030.0,1871278.0,1343.74764031,335.49954008
대전광역시 서구 가수원동,3017011400,2022,12,3484068.0,3376966.0,1624.44809869,605.4528188
대전광역시 서구 가장동,3017010900,2020,1,2096682.0,3921524.0,977.57882119,703.08607188
대전광역시 서구 가장동,3017010900,2020,2,2106007.0,4159078.0,981.92660618,745.6768882800001
대전광역시 서구 가장동,3017010900,2020,3,1860682.0,3522731.0,867.5437267,631.58687821
대전광역시 서구 가장동,3017010900,2020,4,1774497.0,2799600.0,827.35993608,501.93745256
대전광역시 서구 가장동,3017010900,2020,5,1629457.0,2039714.0,759.73497794,365.69826017
대전광역시 서구 가장동,3017010900,2020,6,1694587.0,1047920.0,790.10186651,187.88051695
대전광역시 서구 가장동,3017010900,2020,7,1754278.0,738825.0,817.9328192199999,132.46318709
대전광역시 서구 가장동,3017010900,2020,8,1930617.0,697517.0,900.15094849,125.05711746
대전광역시 서구 가장동,3017010900,2020,9,884291.0,111047.0,412.30103244,19.90950435
대전광역시 서구 가장동,3017010900,2020,10,607762.0,100066.0,283.36927556,17.94073196
대전광역시 서구 가장동,3017010900,2020,11,1630391.0,1422935.0,760.17045587,255.11657702
대전광역시 서구 가장동,3017010900,2020,12,1762924.0,2442592.0,821.9640201999999,437.92984934
대전광역시 서구 가장동,3017010900,2021,1,2092682.0,4486511.0,975.71381957,804.3820197
대전광역시 서구 가장동,3017010900,2021,2,2061614.0,4860709.0,961.22835222,871.4716007
대전광역시 서구 가장동,3017010900,2021,3,1695811.0,3674009.0,790.67255701,658.70935789
대전광역시 서구 가장동,3017010900,2021,4,1672933.0,2616255.0,780.00568046,469.06571299
대전광역시 서구 가장동,3017010900,2021,5,1544817.0,1579657.0,720.27154416,283.21510595
대전광역시 서구 가장동,3017010900,2021,6,1626351.0,1065411.0,758.28680431,191.0164607
대전광역시 서구 가장동,3017010900,2021,7,1746019.0,669270.0,814.08205713,119.99274145
대전광역시 서구 가장동,3017010900,2021,8,2373051.0,529935.0,1106.43597793,95.01151019
대전광역시 서구 가장동,3017010900,2021,9,1829419.0,476235.0,852.96734052,85.38369153
대전광역시 서구 가장동,3017010900,2021,10,1578630.0,614692.0,736.03686897,110.20750703
대전광역시 서구 가장동,3017010900,2021,11,1607745.0,1315859.0,749.61174929,235.91902933
대전광역시 서구 가장동,3017010900,2021,12,1746743.0,2554043.0,814.41962245,457.9117864
대전광역시 서구 가장동,3017010900,2022,1,2014208.0,4200122.0,939.12528568,753.0356255600001
대전광역시 서구 가장동,3017010900,2022,2,2051482.0,4842536.0,956.5043031,868.21338189
대전광역시 서구 가장동,3017010900,2022,3,1766030.0,4223160.0,823.41219386,757.16608522
대전광역시 서구 가장동,3017010900,2022,4,1712957.0,3015811.0,798.66688643,540.70170413
대전광역시 서구 가장동,3017010900,2022,5,1505961.0,1680603.0,702.1549186,301.31361223000005
대전광역시 서구 가장동,3017010900,2022,6,1565996.0,961517.0,730.14626139,172.38941051
대전광역시 서구 가장동,3017010900,2022,7,1877687.0,645450.0,875.47231485,115.72207767
대전광역시 서구 가장동,3017010900,2022,8,2163423.0,478999.0,1008.69683912,85.87924629000001
대전광역시 서구 가장동,3017010900,2022,9,1873010.0,465634.0,873.2916617,83.48304895
대전광역시 서구 가장동,3017010900,2022,10,1529204.0,595939.0,712.99197669,106.84530057
대전광역시 서구 가장동,3017010900,2022,11,1522978.0,1272042.0,710.08910165,228.06312369
대전광역시 서구 가장동,3017010900,2022,12,1644849.0,2234228.0,766.91150421,400.57247848
대전광역시 서구 갈마동,3017011100,2020,1,5471456.0,11336030.0,2551.06854856,2032.42535393
대전광역시 서구 갈마동,3017011100,2020,2,5621560.0,12300126.0,2621.05459866,2205.27715079
대전광역시 서구 갈마동,3017011100,2020,3,4978717.0,10095968.0,2321.32879275,1810.09589213
대전광역시 서구 갈마동,3017011100,2020,4,4708482.0,8568391.0,2195.331616,1536.2181567
대전광역시 서구 갈마동,3017011100,2020,5,4346309.0,6271267.0,2026.46830978,1124.36911794
대전광역시 서구 갈마동,3017011100,2020,6,4562301.0,3353449.0,2127.17466624,601.2364796400001
대전광역시 서구 갈마동,3017011100,2020,7,4918908.0,2608457.0,2293.4428225,467.66761747
대전광역시 서구 갈마동,3017011100,2020,8,5316535.0,2414985.0,2478.83657038,432.98021823
대전광역시 서구 갈마동,3017011100,2020,9,4182247.0,974478.0,1949.97433674,174.71317516
대전광역시 서구 갈마동,3017011100,2020,10,2962757.0,1056586.0,1381.38663638,189.43423529
대전광역시 서구 갈마동,3017011100,2020,11,4542459.0,4711247.0,2117.92332576,844.67470985
대전광역시 서구 갈마동,3017011100,2020,12,5029037.0,8602853.0,2344.79051287,1542.39681378
대전광역시 서구 갈마동,3017011100,2021,1,6044136.0,13391195.0,2818.08082774,2400.89380826
대전광역시 서구 갈마동,3017011100,2021,2,5925359.0,13416726.0,2762.70100384,2405.47123543
대전광역시 서구 갈마동,3017011100,2021,3,4856962.0,10309151.0,2264.56047532,1848.31725653
대전광역시 서구 갈마동,3017011100,2021,4,4724212.0,8083620.0,2202.6657347,1449.30405441
대전광역시 서구 갈마동,3017011100,2021,5,4258843.0,4841490.0,1985.6872523,868.02584559
대전광역시 서구 갈마동,3017011100,2021,6,4640480.0,3641806.0,2163.62565618,652.93571463
대전광역시 서구 갈마동,3017011100,2021,7,5219593.0,2520256.0,2433.6373242,451.85414935
대전광역시 서구 갈마동,3017011100,2021,8,6839516.0,2382962.0,3188.92707076,427.23884691
대전광역시 서구 갈마동,3017011100,2021,9,5508077.0,2065527.0,2568.14310451,370.32624689
대전광역시 서구 갈마동,3017011100,2021,10,4662180.0,2529883.0,2173.74328977,453.58016452
대전광역시 서구 갈마동,3017011100,2021,11,4613880.0,4505104.0,2151.22339552,807.71553997
대전광역시 서구 갈마동,3017011100,2021,12,5062939.0,8659722.0,2360.59733382,1552.59279927
대전광역시 서구 갈마동,3017011100,2022,1,5887962.0,12906118.0,2745.26463766,2313.92484351
대전광역시 서구 갈마동,3017011100,2022,2,5928659.0,13459735.0,2764.23963027,2413.18227547
대전광역시 서구 갈마동,3017011100,2022,3,5087889.0,11322328.0,2372.23028127,2029.96873618
대전광역시 서구 갈마동,3017011100,2022,4,4802987.0,9007339.0,2239.39460994,1614.91669967
대전광역시 서구 갈마동,3017011100,2022,5,4230145.0,4807089.0,1972.30679833,861.8581250799999
대전광역시 서구 갈마동,3017011100,2022,6,4541806.0,3339270.0,2117.61886418,598.6943410499999
대전광역시 서구 갈마동,3017011100,2022,7,5594191.0,2526962.0,2608.29379138,453.05646128
대전광역시 서구 갈마동,3017011100,2022,8,6509718.0,2607944.0,3035.15862138,467.57564219
대전광역시 서구 갈마동,3017011100,2022,9,5681429.0,2037494.0,2648.96854385,365.30023866
대전광역시 서구 갈마동,3017011100,2022,10,4883853.0,2868755.0,2277.09841482,514.33618259
대전광역시 서구 갈마동,3017011100,2022,11,4744765.0,4920164.0,2212.24857912,882.13122752
대전광역시 서구 갈마동,3017011100,2022,12,5230354.0,8465608.0,2438.65464473,1517.79029663
대전광역시 서구 관저동,3017011600,2020,1,9911302.0,28663478.0,4621.14852189,5139.04598155
대전광역시 서구 관저동,3017011600,2020,2,9990016.0,28293494.0,4657.84895602,5072.71192441
대전광역시 서구 관저동,3017011600,2020,3,8890618.0,25530262.0,4145.25419872,4577.2948537
대전광역시 서구 관저동,3017011600,2020,4,9289383.0,22301158.0,4331.17853949,3998.35206334
대전광역시 서구 관저동,3017011600,2020,5,8730404.0,16102562.0,4070.55435721,2887.01205553
대전광역시 서구 관저동,3017011600,2020,6,9266501.0,7465427.0,4320.50979785,1338.46885665
대전광역시 서구 관저동,3017011600,2020,7,9488877.0,6999362.0,4424.19269691,1254.90853418
대전광역시 서구 관저동,3017011600,2020,8,10333511.0,6448920.0,4818.00363725,1156.22034464
대전광역시 서구 관저동,3017011600,2020,9,4457824.0,2789363.0,2078.46222324,500.10207124
대전광역시 서구 관저동,3017011600,2020,10,3361008.0,2444950.0,1567.07132435,438.35261281
대전광역시 서구 관저동,3017011600,2020,11,9046262.0,12838201.0,4217.82327605,2301.74807325
대전광역시 서구 관저동,3017011600,2020,12,9690629.0,21190260.0,4518.25964751,3799.18028443
대전광역시 서구 관저동,3017011600,2021,1,11196657.0,33897600.0,5220.44580493,6077.46642135
대전광역시 서구 관저동,3017011600,2021,2,11009856.0,35843862.0,5133.34976392,6426.40976699
대전광역시 서구 관저동,3017011600,2021,3,9079313.0,27193474.0,4233.23331805,4875.49045108
대전광역시 서구 관저동,3017011600,2021,4,9211240.0,21831675.0,4294.74433446,3914.17893111
대전광역시 서구 관저동,3017011600,2021,5,8619615.0,13634531.0,4018.89894163,2444.52127354
대전광역시 서구 관저동,3017011600,2021,6,9519039.0,9486753.0,4438.25574136,1700.87035085
대전광역시 서구 관저동,3017011600,2021,7,10162137.0,7861228.0,4738.10044107,1409.43161761
대전광역시 서구 관저동,3017011600,2021,8,13285918.0,7404848.0,6194.5645819,1327.60770893
대전광역시 서구 관저동,3017011600,2021,9,11057096.0,6863024.0,5155.37543292,1230.46463195
대전광역시 서구 관저동,3017011600,2021,10,9452648.0,6822530.0,4407.30091106,1223.20450368
대전광역시 서구 관저동,3017011600,2021,11,9503075.0,12193190.0,4430.81251998,2186.10470347
대전광역시 서구 관저동,3017011600,2021,12,10075058.0,21406029.0,4697.49982248,3837.86529024
대전광역시 서구 관저동,3017011600,2022,1,11507209.0,31906729.0,5365.24079918,5720.52517324
대전광역시 서구 관저동,3017011600,2022,2,11638684.0,35688656.0,5426.54107051,6398.5830402
대전광역시 서구 관저동,3017011600,2022,3,9945190.0,28692549.0,4636.94881557,5144.25809176
대전광역시 서구 관저동,3017011600,2022,4,9916915.0,24160598.0,4623.76558553,4331.72918033
대전광역시 서구 관저동,3017011600,2022,5,9064025.0,13784203.0,4226.10528185,2471.35581515
대전광역시 서구 관저동,3017011600,2022,6,9617352.0,9102562.0,4484.09421696,1631.98913504
대전광역시 서구 관저동,3017011600,2022,7,11223191.0,7659735.0,5232.81729304,1373.30614145
대전광역시 서구 관저동,3017011600,2022,8,12866827.0,7186382.0,5999.16323556,1288.43916081
대전광역시 서구 관저동,3017011600,2022,9,11492785.0,7114401.0,5358.51560342,1275.53376008
대전광역시 서구 관저동,3017011600,2022,10,9507358.0,7014774.0,4432.80947045,1257.67173597
대전광역시 서구 관저동,3017011600,2022,11,9554109.0,11958835.0,4454.60714284,2144.08743244
대전광역시 서구 관저동,3017011600,2022,12,10275945.0,19493745.0,4791.16346661,3495.01382584
대전광역시 서구 괴곡동,3017012700,2020,1,60731.0,41041.0,28.31585305,7.35819938
대전광역시 서구 괴곡동,3017012700,2020,2,57063.0,8246.0,26.60564658,1.478417
대전광역시 서구 괴곡동,3017012700,2020,3,41809.0,16351.0,19.49346299,2.93155425
대전광역시 서구 괴곡동,3017012700,2020,4,33780.0,10477.0,15.74993852,1.87841073
대전광역시 서구 괴곡동,3017012700,2020,5,30196.0,6082.0,14.07889705,1.09043563
대전광역시 서구 괴곡동,3017012700,2020,6,33274.0,2681.0,15.5140158,0.48067378
대전광역시 서구 괴곡동,3017012700,2020,7,35610.0,39222.0,16.60317672,7.03207271
대전광역시 서구 괴곡동,3017012700,2020,8,45992.0,27536.0,21.44378839,4.93690159
대전광역시 서구 괴곡동,3017012700,2020,9,39483.0,8808.0,18.40896454,1.57917741
대전광역시 서구 괴곡동,3017012700,2020,10,29757.0,29974.0,13.87421313,5.37400815
대전광역시 서구 괴곡동,3017012700,2020,11,44376.0,25158.0,20.69032774,4.51055238
대전광역시 서구 괴곡동,3017012700,2020,12,54372.0,42658.0,25.35096676,7.64810968
대전광역시 서구 괴곡동,3017012700,2021,1,68575.0,50032.0,31.9731212,8.97018668
대전광역시 서구 괴곡동,3017012700,2021,2,59782.0,38988.0,27.87338141,6.99011909
대전광역시 서구 괴곡동,3017012700,2021,3,45783.0,10870.0,21.34634208,1.94887131
대전광역시 서구 괴곡동,3017012700,2021,4,39333.0,41807.0,18.33902699,7.49553475
대전광역시 서구 괴곡동,3017012700,2021,5,28829.0,27679.0,13.44153276,4.96253992
대전광역시 서구 괴곡동,3017012700,2021,6,34172.0,36305.0,15.93270867,6.50908673
대전광역시 서구 괴곡동,3017012700,2021,7,45860.0,38471.0,21.382243350000003,6.89742668
대전광역시 서구 괴곡동,3017012700,2021,8,53968.0,27404.0,25.16260156,4.91323544
대전광역시 서구 괴곡동,3017012700,2021,9,44373.0,6304.0,20.688929,1.13023778
대전광역시 서구 괴곡동,3017012700,2021,10,40890.0,27558.0,19.06497887,4.94084595
대전광역시 서구 괴곡동,3017012700,2021,11,49262.0,31301.0,22.96842723,5.61192463
대전광역시 서구 괴곡동,3017012700,2021,12,65264.0,39406.0,30.42936613,7.06506189
대전광역시 서구 괴곡동,3017012700,2022,1,77505.0,37157.0,36.13673725,6.66184095
대전광역시 서구 괴곡동,3017012700,2022,2,74294.0,21019.0,34.639607240000004,3.76847525
대전광역시 서구 괴곡동,3017012700,2022,3,52406.0,18940.0,24.43431848,3.39573344
대전광역시 서구 괴곡동,3017012700,2022,4,44534.0,33346.0,20.76399528,5.97857062
대전광역시 서구 괴곡동,3017012700,2022,5,36528.0,33322.0,17.03119462,5.97426768
대전광역시 서구 괴곡동,3017012700,2022,6,38705.0,27229.0,18.04622173,4.88185987
대전광역시 서구 괴곡동,3017012700,2022,7,48578.0,30473.0,22.64951193,5.46347335
대전광역시 서구 괴곡동,3017012700,2022,8,51238.0,22688.0,23.88973796,4.06770857
대전광역시 서구 괴곡동,3017012700,2022,9,41984.0,9037.0,19.57505679,1.62023459
대전광역시 서구 괴곡동,3017012700,2022,10,35606.0,15871.0,16.60131174,2.84549553
대전광역시 서구 괴곡동,3017012700,2022,11,45370.0,24729.0,21.15378064,4.4336374
대전광역시 서구 괴곡동,3017012700,2022,12,61580.0,29614.0,28.71169961,5.30946411
대전광역시 서구 괴정동,3017010800,2020,1,3840674.0,4190379.0,1790.71578874,751.28881286
대전광역시 서구 괴정동,3017010800,2020,2,3706977.0,4245052.0,1728.37950895,761.09107978
대전광역시 서구 괴정동,3017010800,2020,3,3167869.0,3761474.0,1477.02018842,674.3908692699999
대전광역시 서구 괴정동,3017010800,2020,4,2996889.0,2245732.0,1397.30069501,402.63501899
대전광역시 서구 괴정동,3017010800,2020,5,3264748.0,1715148.0,1522.19006088,307.50715032
대전광역시 서구 괴정동,3017010800,2020,6,3809385.0,1245435.0,1776.12728007,223.29278152
대전광역시 서구 괴정동,3017010800,2020,7,3899538.0,1368903.0,1818.16115236,245.42923447
대전광역시 서구 괴정동,3017010800,2020,8,4406511.0,863447.0,2054.53751641,154.80653934
대전광역시 서구 괴정동,3017010800,2020,9,3917602.0,1318781.0,1826.58349959,236.44291169
대전광역시 서구 괴정동,3017010800,2020,10,3028710.0,853241.0,1412.137249,152.97671596
대전광역시 서구 괴정동,3017010800,2020,11,3002024.0,1431532.0,1399.69489082,256.65792451
대전광역시 서구 괴정동,3017010800,2020,12,3471157.0,2421123.0,1618.42833976,434.08069405
대전광역시 서구 괴정동,3017010800,2021,1,3945826.0,3944551.0,1839.74295079,707.21455941
대전광역시 서구 괴정동,3017010800,2021,2,3589478.0,4773738.0,1673.59555339,855.87865807
대전광역시 서구 괴정동,3017010800,2021,3,3103057.0,3469385.0,1446.80156747,622.02252789
대전광역시 서구 괴정동,3017010800,2021,4,3029870.0,2641342.0,1412.67809943,473.56353583
대전광역시 서구 괴정동,3017010800,2021,5,3175354.0,1538010.0,1480.51007267,275.74825743
대전광역시 서구 괴정동,3017010800,2021,6,3736124.0,1226847.0,1741.96930945,219.96015789
대전광역시 서구 괴정동,3017010800,2021,7,4311927.0,1143797.0,2010.43768841,205.07020726
대전광역시 서구 괴정동,3017010800,2021,8,4672177.0,874964.0,2178.40439511,156.87141065
대전광역시 서구 괴정동,3017010800,2021,9,3840274.0,1208077.0,1790.52928861,216.59490352
대전광역시 서구 괴정동,3017010800,2021,10,3314948.0,841803.0,1545.59583105,150.92600856
대전광역시 서구 괴정동,3017010800,2021,11,3018852.0,1460157.0,1407.54095246,261.79007178
대전광역시 서구 괴정동,3017010800,2021,12,3524463.0,2617172.0,1643.28228348,469.230121
대전광역시 서구 괴정동,3017010800,2022,1,3984682.0,4580872.0,1857.8595763,821.29990802
대전광역시 서구 괴정동,3017010800,2022,2,3808817.0,5290086.0,1775.86244979,948.45416876
대전광역시 서구 괴정동,3017010800,2022,3,3233947.0,4519576.0,1507.82908232,810.31021009
대전광역시 서구 괴정동,3017010800,2022,4,3107537.0,3126178.0,1448.89036913,560.48929188
대전광역시 서구 괴정동,3017010800,2022,5,3182427.0,1981607.0,1483.80786175,355.28031498
대전광역시 서구 괴정동,3017010800,2022,6,3635209.0,1375772.0,1694.91765023,246.66077051
대전광역시 서구 괴정동,3017010800,2022,7,4592184.0,1339865.0,2141.10762685,240.22304079
대전광역시 서구 괴정동,3017010800,2022,8,4848978.0,1738981.0,2260.83793203,311.78014478
대전광역시 서구 괴정동,3017010800,2022,9,4103616.0,1615236.0,1913.31260142,289.5940289
대전광역시 서구 괴정동,3017010800,2022,10,3458095.0,1223814.0,1612.33817695,219.41637434
대전광역시 서구 괴정동,3017010800,2022,11,3155854.0,1510429.0,1471.41818982,270.80328782
대전광역시 서구 괴정동,3017010800,2022,12,3817175.0,2211828.0,1779.75937072,396.55640516
대전광역시 서구 내동,3017011000,2020,1,2579685.0,9104337.0,1202.77916311,1632.307373
대전광역시 서구 내동,3017011000,2020,2,2873957.0,10054000.0,1339.98360089,1802.57149184
대전광역시 서구 내동,3017011000,2020,3,2590642.0,8685977.0,1207.88786869,1557.3000317
대전광역시 서구 내동,3017011000,2020,4,2593513.0,7034918.0,1209.22647362,1261.28333337
대전광역시 서구 내동,3017011000,2020,5,2414445.0,5030750.0,1125.73594713,901.95807961
대전광역시 서구 내동,3017011000,2020,6,2498615.0,2283823.0,1164.98024319,409.46431598
대전광역시 서구 내동,3017011000,2020,7,2613241.0,1659433.0,1218.42466153,297.51806431
대전광역시 서구 내동,3017011000,2020,8,2846792.0,1693021.0,1327.31790869,303.54002285
대전광역시 서구 내동,3017011000,2020,9,1397903.0,262664.0,651.77283287,47.09276294
대전광역시 서구 내동,3017011000,2020,10,1022136.0,243537.0,476.57131891,43.66350241
대전광역시 서구 내동,3017011000,2020,11,2478807.0,4123537.0,1155.74475525,739.3047784
대전광역시 서구 내동,3017011000,2020,12,2609932.0,7195476.0,1216.88183894,1290.06961483
대전광역시 서구 내동,3017011000,2021,1,2989453.0,11100350.0,1393.83365699,1990.17052506
대전광역시 서구 내동,3017011000,2021,2,2967855.0,11261298.0,1383.76358089,2019.02672919
대전광역시 서구 내동,3017011000,2021,3,2463893.0,8445714.0,1148.79109685,1514.22352143
대전광역시 서구 내동,3017011000,2021,4,2535591.0,6378018.0,1182.22031794,1143.50839678
대전광역시 서구 내동,3017011000,2021,5,2347706.0,3894177.0,1094.61886157,698.1830558900001
대전광역시 서구 내동,3017011000,2021,6,2467326.0,2464563.0,1150.39173452,441.86900772
대전광역시 서구 내동,3017011000,2021,7,2653578.0,1624694.0,1237.23180396,291.28974416
대전광역시 서구 내동,3017011000,2021,8,3558303.0,1370939.0,1659.06019698,245.79426684
대전광역시 서구 내동,3017011000,2021,9,2902676.0,1170245.0,1353.37384609,209.81204249
대전광역시 서구 내동,3017011000,2021,10,2456515.0,1634982.0,1145.35110136,293.13426925
대전광역시 서구 내동,3017011000,2021,11,2517126.0,3921588.0,1173.61100433,703.09754643
대전광역시 서구 내동,3017011000,2021,12,2636026.0,6995070.0,1229.04817686,1254.1390257
대전광역시 서구 내동,3017011000,2022,1,2947003.0,10521160.0,1374.04132758,1886.3281357
대전광역시 서구 내동,3017011000,2022,2,2984828.0,11190229.0,1391.67724894,2006.28484008
대전광역시 서구 내동,3017011000,2022,3,2590559.0,9334933.0,1207.84916997,1673.65069656
대전광역시 서구 내동,3017011000,2022,4,2606489.0,7062780.0,1215.27653884,1266.27868317
대전광역시 서구 내동,3017011000,2022,5,2348657.0,3713441.0,1095.06226582,665.7790813
대전광역시 서구 내동,3017011000,2022,6,2421167.0,2271461.0,1128.87008219,407.2479454
대전광역시 서구 내동,3017011000,2022,7,2884730.0,1412260.0,1345.0065164,253.20266706
대전광역시 서구 내동,3017011000,2022,8,3381461.0,1213184.0,1576.6075438500002,217.51053238
대전광역시 서구 내동,3017011000,2022,9,2998241.0,1146786.0,1397.93106551,205.60610214
대전광역시 서구 내동,3017011000,2022,10,2400328.0,1604942.0,1119.15389016,287.74842803
대전광역시 서구 내동,3017011000,2022,11,2400404.0,3508766.0,1119.18932513,629.08310753
대전광역시 서구 내동,3017011000,2022,12,2532155.0,6248848.0,1180.61828164,1120.34963813
대전광역시 서구 도마동,3017010300,2020,1,4278589.0,8635506.0,1994.89383273,1548.25113713
대전광역시 서구 도마동,3017010300,2020,2,4316230.0,8454363.0,2012.44396395,1515.77419186
대전광역시 서구 도마동,3017010300,2020,3,3881890.0,7032003.0,1809.93276522,1260.76070606
대전광역시 서구 도마동,3017010300,2020,4,3688389.0,5616884.0,1719.71284673,1007.04545162
대전광역시 서구 도마동,3017010300,2020,5,3325294.0,3847358.0,1550.41965763,689.78892479
대전광역시 서구 도마동,3017010300,2020,6,3390377.0,2169302.0,1580.7646324,388.93196166
대전광역시 서구 도마동,3017010300,2020,7,3710865.0,1872281.0,1730.19229066,335.67936699
대전광역시 서구 도마동,3017010300,2020,8,3921152.0,1838294.0,1828.23868834,329.5858721
대전광역시 서구 도마동,3017010300,2020,9,3177307.0,1147628.0,1481.4206596,205.75706344
대전광역시 서구 도마동,3017010300,2020,10,2288336.0,957915.0,1066.93757529,171.74361166
대전광역시 서구 도마동,3017010300,2020,11,3319611.0,3237953.0,1547.76995654,580.52931864
대전광역시 서구 도마동,3017010300,2020,12,3603976.0,6133708.0,1680.35525156,1099.70630387
대전광역시 서구 도마동,3017010300,2021,1,4346802.0,9341029.0,2026.69817108,1674.74364232
대전광역시 서구 도마동,3017010300,2021,2,4480143.0,9518226.0,2088.86846563,1706.51311322
대전광역시 서구 도마동,3017010300,2021,3,3608322.0,6978631.0,1682.38157586,1251.191694
대전광역시 서구 도마동,3017010300,2021,4,3578426.0,5569514.0,1668.44255383,998.55253232
대전광역시 서구 도마동,3017010300,2021,5,3176073.0,3285696.0,1480.84530679,589.08911278
대전광역시 서구 도마동,3017010300,2021,6,3315704.0,2239332.0,1545.94831623,401.48756947
대전광역시 서구 도마동,3017010300,2021,7,3702445.0,1777858.0,1726.26646222,318.75036281
대전광역시 서구 도마동,3017010300,2021,8,4665136.0,1679222.0,2175.12152611,301.06601412
대전광역시 서구 도마동,3017010300,2021,9,4054610.0,1478872.0,1890.46353434,265.1454653
대전광역시 서구 도마동,3017010300,2021,10,3430479.0,1433315.0,1599.46220606,256.97759675
대전광역시 서구 도마동,3017010300,2021,11,3427044.0,2978011.0,1597.86063578,533.9245803700001
대전광역시 서구 도마동,3017010300,2021,12,3650875.0,5745169.0,1702.22192909,1030.04553964
대전광역시 서구 도마동,3017010300,2022,1,4322634.0,8441567.0,2015.42983155,1513.48000993
대전광역시 서구 도마동,3017010300,2022,2,4440083.0,8976349.0,2070.19047483,1609.36053383
대전광역시 서구 도마동,3017010300,2022,3,3894855.0,7591243.0,1815.97770176,1361.02628
대전광역시 서구 도마동,3017010300,2022,4,3679523.0,5760325.0,1715.57907059,1032.76284347
대전광역시 서구 도마동,3017010300,2022,5,3237999.0,3105911.0,1509.71832886,556.85564209
대전광역시 서구 도마동,3017010300,2022,6,3432130.0,1949027.0,1600.2319853,349.43907976
대전광역시 서구 도마동,3017010300,2022,7,3978965.0,1756379.0,1855.19402292,314.89941447
대전광역시 서구 도마동,3017010300,2022,8,4701418.0,1680004.0,2192.03802303,301.206218
대전광역시 서구 도마동,3017010300,2022,9,4346043.0,1707510.0,2026.34428721,306.13774107
대전광역시 서구 도마동,3017010300,2022,10,3586927.0,1700944.0,1672.40614872,304.96052946
대전광역시 서구 도마동,3017010300,2022,11,3397308.0,2985626.0,1583.99621397,535.28986597
대전광역시 서구 도마동,3017010300,2022,12,3626096.0,5066914.0,1690.66871051,908.44188666
대전광역시 서구 도안동,3017011500,2020,1,4513394.0,1400227.0,2104.3717579,251.04528266
대전광역시 서구 도안동,3017011500,2020,2,4464897.0,1305791.0,2081.76001219,234.11394775
대전광역시 서구 도안동,3017011500,2020,3,4084536.0,1161401.0,1904.4165438,208.22641071
대전광역시 서구 도안동,3017011500,2020,4,4095598.0,985340.0,1909.57420576,176.66061206
대전광역시 서구 도안동,3017011500,2020,5,3845800.0,910409.0,1793.10578834,163.22630884
대전광역시 서구 도안동,3017011500,2020,6,4112257.0,705954.0,1917.34147115,126.56977867
대전광역시 서구 도안동,3017011500,2020,7,4277330.0,800509.0,1994.30682341,143.52244901
대전광역시 서구 도안동,3017011500,2020,8,4542318.0,692468.0,2117.85758441,124.1518874
대전광역시 서구 도안동,3017011500,2020,9,1042971.0,253032.0,486.28564591,45.36585134
대전광역시 서구 도안동,3017011500,2020,10,753809.0,379705.0,351.46374776,68.07692543
대전광역시 서구 도안동,3017011500,2020,11,4039225.0,830618.0,1883.29027196,148.92066119
대전광역시 서구 도안동,3017011500,2020,12,4294363.0,1087646.0,2002.24846649,195.00295131
대전광역시 서구 도안동,3017011500,2021,1,4788939.0,1523289.0,2232.84472435,273.10894419
대전광역시 서구 도안동,3017011500,2021,2,4714896.0,1361736.0,2198.32214598,244.14427023
대전광역시 서구 도안동,3017011500,2021,3,3997094.0,1125069.0,1863.64667633,201.71248316
대전광역시 서구 도안동,3017011500,2021,4,4176543.0,1141976.0,1947.31484434,204.74372208
대전광역시 서구 도안동,3017011500,2021,5,4844459.0,1163374.0,2258.73094653,208.58014791
대전광역시 서구 도안동,3017011500,2021,6,5342818.0,1057445.0,2491.0910296,189.5882446
대전광역시 서구 도안동,3017011500,2021,7,5762809.0,1130195.0,2686.91200137,202.63151856
대전광역시 서구 도안동,3017011500,2021,8,7486229.0,968043.0,3490.45726569,173.5594504
대전광역시 서구 도안동,3017011500,2021,9,6465632.0,874003.0,3014.60350629,156.69911396
대전광역시 서구 도안동,3017011500,2021,10,5209901.0,889710.0,2429.11842521,159.51520606
대전광역시 서구 도안동,3017011500,2021,11,5167923.0,1128433.0,2409.5461659,202.31561131
대전광역시 서구 도안동,3017011500,2021,12,5531227.0,1482800.0,2578.93680125,265.84971236
대전광역시 서구 도안동,3017011500,2022,1,6291326.0,1766859.0,2933.33326404,316.77836317000003
대전광역시 서구 도안동,3017011500,2022,2,6259116.0,1629108.0,2918.3153387,292.08112574
대전광역시 서구 도안동,3017011500,2022,3,5303015.0,1573573.0,2472.53286491,282.12431171
대전광역시 서구 도안동,3017011500,2022,4,5353670.0,1528397.0,2496.15077894,274.02475242
대전광역시 서구 도안동,3017011500,2022,5,4948542.0,1196538.0,2307.25968692,214.52608792
대전광역시 서구 도안동,3017011500,2022,6,5335728.0,1063832.0,2487.78531424,190.73336338
대전광역시 서구 도안동,3017011500,2022,7,6256290.0,1092203.0,2916.99771508,195.81997128
대전광역시 서구 도안동,3017011500,2022,8,7467908.0,1044705.0,3481.9150922,187.30410284
대전광역시 서구 도안동,3017011500,2022,9,6909344.0,991066.0,3221.48440372,177.68722082
대전광역시 서구 도안동,3017011500,2022,10,5366032.0,1048818.0,2501.91456641,188.04151849
대전광역시 서구 도안동,3017011500,2022,11,5268569.0,1256897.0,2456.47240367,225.34779197
대전광역시 서구 도안동,3017011500,2022,12,5795722.0,1523941.0,2702.25770078,273.22584062
대전광역시 서구 둔산동,3017011200,2020,1,33844885.0,40459219.0,15780.19116911,7253.89245566
대전광역시 서구 둔산동,3017011200,2020,2,33339821.0,41470817.0,15544.70487728,7435.26083799
대전광역시 서구 둔산동,3017011200,2020,3,30389737.0,35699593.0,14169.22703207,6400.54392383
대전광역시 서구 둔산동,3017011200,2020,4,28297017.0,26505158.0,13193.49549504,4752.08297158
대전광역시 서구 둔산동,3017011200,2020,5,27034130.0,19829909.0,12604.67392625,3555.28432955
대전광역시 서구 둔산동,3017011200,2020,6,30675029.0,13123663.0,14302.24454126,2352.9282665
대전광역시 서구 둔산동,3017011200,2020,7,33503557.0,13624232.0,15621.04685272,2442.67477628
대전광역시 서구 둔산동,3017011200,2020,8,36556000.0,12647698.0,17044.24962244,2267.59298301
대전광역시 서구 둔산동,3017011200,2020,9,26226414.0,11572799.0,12228.07601811,2074.87542844
대전광역시 서구 둔산동,3017011200,2020,10,19049781.0,7349624.0,8881.96801116,1317.70665378
대전광역시 서구 둔산동,3017011200,2020,11,27559019.0,16158384.0,12849.40363225,2897.02032544
대전광역시 서구 둔산동,3017011200,2020,12,31312267.0,26072547.0,14599.35701369,4674.52058294
대전광역시 서구 둔산동,3017011200,2021,1,35921549.0,43408705.0,16748.43658984,7782.70281761
대전광역시 서구 둔산동,3017011200,2021,2,34858597.0,47071595.0,16252.83479462,8439.41866131
대전광역시 서구 둔산동,3017011200,2021,3,29134604.0,34953045.0,13584.02076881,6266.69608805
대전광역시 서구 둔산동,3017011200,2021,4,28083572.0,26060275.0,13093.97667831,4672.32034844
대전광역시 서구 둔산동,3017011200,2021,5,26628976.0,15677758.0,12415.77071158,2810.84937603
대전광역시 서구 둔산동,3017011200,2021,6,30398707.0,12550419.0,14173.4092983,2250.15192947
대전광역시 서구 둔산동,3017011200,2021,7,35243481.0,12447421.0,16432.28711367,2231.68552236
대전광역시 서구 둔산동,3017011200,2021,8,41185360.0,14907233.0,19202.69057413,2672.70272796
대전광역시 서구 둔산동,3017011200,2021,9,34292834.0,12994238.0,15989.04756951,2329.7237891
대전광역시 서구 둔산동,3017011200,2021,10,28627005.0,10483606.0,13347.35253208,1879.59511715
대전광역시 서구 둔산동,3017011200,2021,11,28011807.0,15136799.0,13060.51621858,2713.86138402
대전광역시 서구 둔산동,3017011200,2021,12,31101435.0,26091027.0,14501.05650933,4677.83384346
대전광역시 서구 둔산동,3017011200,2022,1,35213745.0,39818565.0,16418.42269165,7139.03024797
대전광역시 서구 둔산동,3017011200,2022,2,34821986.0,43606661.0,16235.76490134,7818.19414882
대전광역시 서구 둔산동,3017011200,2022,3,30716950.0,38051696.0,14321.79022427,6822.25009186
대전광역시 서구 둔산동,3017011200,2022,4,28435422.0,27042968.0,13258.02688168,4848.50638262
대전광역시 서구 둔산동,3017011200,2022,5,26839697.0,15633214.0,12514.01946217,2802.8631273
대전광역시 서구 둔산동,3017011200,2022,6,29962828.0,12376061.0,13970.18054009,2218.89146013
대전광역시 서구 둔산동,3017011200,2022,7,36249948.0,12264194.0,16901.55275501,2198.83493879
대전광역시 서구 둔산동,3017011200,2022,8,40878461.0,13095563.0,19059.59879252,2347.89024597
대전광역시 서구 둔산동,3017011200,2022,9,35213754.0,13998461.0,16418.42688807,2509.76991521
대전광역시 서구 둔산동,3017011200,2022,10,28707215.0,10412484.0,13384.7504767,1866.84372554
대전광역시 서구 둔산동,3017011200,2022,11,27372266.0,14266954.0,12762.32997147,2557.90775367
대전광역시 서구 둔산동,3017011200,2022,12,31421975.0,21236474.0,14650.50841249,3807.46594578
대전광역시 서구 만년동,3017012800,2020,1,4884727.0,8199849.0,2277.50591768,1470.14263423
대전광역시 서구 만년동,3017012800,2020,2,4590769.0,7679994.0,2140.44788259,1376.938357
대전광역시 서구 만년동,3017012800,2020,3,3780241.0,6288192.0,1762.53887835,1127.40358408
대전광역시 서구 만년동,3017012800,2020,4,3443770.0,4574293.0,1605.65913996,820.12036569
대전광역시 서구 만년동,3017012800,2020,5,3281354.0,3414031.0,1529.93261502,612.09816517
대전광역시 서구 만년동,3017012800,2020,6,3807437.0,2439140.0,1775.2190242,437.31094376
대전광역시 서구 만년동,3017012800,2020,7,3836234.0,2418867.0,1788.64563699,433.67621809
대전광역시 서구 만년동,3017012800,2020,8,4269396.0,1820541.0,1990.60759278,326.40295464
대전광역시 서구 만년동,3017012800,2020,9,2756235.0,1775166.0,1285.09567127,318.2677168
대전광역시 서구 만년동,3017012800,2020,10,1948349.0,1136103.0,908.4185006,203.69075786
대전광역시 서구 만년동,3017012800,2020,11,3423578.0,2730163.0,1596.24461195,489.48816313
대전광역시 서구 만년동,3017012800,2020,12,3999884.0,5573420.0,1864.94751495,999.25283508
대전광역시 서구 만년동,3017012800,2021,1,4661955.0,8236999.0,2173.63838354,1476.80322012
대전광역시 서구 만년동,3017012800,2021,2,4247978.0,8086087.0,1980.6214417,1449.7463603
대전광역시 서구 만년동,3017012800,2021,3,3534860.0,5980445.0,1648.12988894,1072.22793566
대전광역시 서구 만년동,3017012800,2021,4,3287876.0,4730130.0,1532.97350013,848.0602238499999
대전광역시 서구 만년동,3017012800,2021,5,3108939.0,3061792.0,1449.54405237,548.94559112
대전광역시 서구 만년동,3017012800,2021,6,3560372.0,2528527.0,1660.02486915,453.33704859
대전광역시 서구 만년동,3017012800,2021,7,4129052.0,2443839.0,1925.17214664,438.15342274
대전광역시 서구 만년동,3017012800,2021,8,4922929.0,2783167.0,2295.31761543,498.99119665
대전광역시 서구 만년동,3017012800,2021,9,3932229.0,2369893.0,1833.40334415,424.89571917
대전광역시 서구 만년동,3017012800,2021,10,3325296.0,2132646.0,1550.42059012,382.35994446
대전광역시 서구 만년동,3017012800,2021,11,3465005.0,3283827.0,1615.55996726,588.75402172
대전광역시 서구 만년동,3017012800,2021,12,4021837.0,5326640.0,1875.18310994,955.00789844
대전광역시 서구 만년동,3017012800,2022,1,4662820.0,7412944.0,2174.04169013,1329.0592326
대전광역시 서구 만년동,3017012800,2022,2,4549359.0,7867694.0,2121.14045349,1410.59090021
대전광역시 서구 만년동,3017012800,2022,3,3837937.0,6755099.0,1789.43966137,1211.11486785
대전광역시 서구 만년동,3017012800,2022,4,3419187.0,5078753.0,1594.19730642,910.56448889
대전광역시 서구 만년동,3017012800,2022,5,3180950.0,2970384.0,1483.11920991,532.55714327
대전광역시 서구 만년동,3017012800,2022,6,3677147.0,2559099.0,1714.47125961,458.81827158
대전광역시 서구 만년동,3017012800,2022,7,4655959.0,2701469.0,2170.84274611,484.34364488
대전광역시 서구 만년동,3017012800,2022,8,5060078.0,2971935.0,2359.2633915300003,532.83522049
대전광역시 서구 만년동,3017012800,2022,9,4340852.0,2972039.0,2023.9239813,532.85386652
대전광역시 서구 만년동,3017012800,2022,10,3518272.0,2389639.0,1640.39572728,428.43595954
대전광역시 서구 만년동,3017012800,2022,11,3420091.0,3139605.0,1594.61879684,562.89660516
대전광역시 서구 만년동,3017012800,2022,12,4235072.0,5032184.0,1974.604014,902.21518
대전광역시 서구 매노동,3017011800,2020,1,27839.0,0.0,12.97994487,0.0
대전광역시 서구 매노동,3017011800,2020,2,25996.0,0.0,12.12064538,0.0
대전광역시 서구 매노동,3017011800,2020,3,21216.0,0.0,9.89196851,0.0
대전광역시 서구 매노동,3017011800,2020,4,20676.0,0.0,9.64019328,0.0
대전광역시 서구 매노동,3017011800,2020,5,16756.0,0.0,7.81249169,0.0
대전광역시 서구 매노동,3017011800,2020,6,15096.0,0.0,7.03851605,0.0
대전광역시 서구 매노동,3017011800,2020,7,13950.0,0.0,6.50419308,0.0
대전광역시 서구 매노동,3017011800,2020,8,17528.0,0.0,8.17243704,0.0
대전광역시 서구 매노동,3017011800,2020,9,15778.0,0.0,7.35649882,0.0
대전광역시 서구 매노동,3017011800,2020,10,14444.0,0.0,6.73452078,0.0
대전광역시 서구 매노동,3017011800,2020,11,19726.0,0.0,9.19725539,0.0
대전광역시 서구 매노동,3017011800,2020,12,27459.0,0.0,12.8027697,0.0
대전광역시 서구 매노동,3017011800,2021,1,33832.0,0.0,15.77418356,0.0
대전광역시 서구 매노동,3017011800,2021,2,30148.0,0.0,14.05651704,0.0
대전광역시 서구 매노동,3017011800,2021,3,21367.0,0.0,9.9623723,0.0
대전광역시 서구 매노동,3017011800,2021,4,18167.0,0.0,8.47037105,0.0
대전광역시 서구 매노동,3017011800,2021,5,14999.0,0.0,6.99328974,0.0
대전광역시 서구 매노동,3017011800,2021,6,13938.0,0.0,6.49859806,0.0
대전광역시 서구 매노동,3017011800,2021,7,14842.0,0.0,6.92008845,0.0
대전광역시 서구 매노동,3017011800,2021,8,18523.0,0.0,8.63635616,0.0
대전광역시 서구 매노동,3017011800,2021,9,16550.0,0.0,7.716444109999999,0.0
대전광역시 서구 매노동,3017011800,2021,10,19607.0,0.0,9.14177161,0.0
대전광역시 서구 매노동,3017011800,2021,11,26619.0,0.0,12.41111938,0.0
대전광역시 서구 매노동,3017011800,2021,12,64583.0,0.0,30.11184959,0.0
대전광역시 서구 매노동,3017011800,2022,1,73244.0,0.0,34.1500443,0.0
대전광역시 서구 매노동,3017011800,2022,2,73186.0,0.0,34.1230018,0.0
대전광역시 서구 매노동,3017011800,2022,3,61328.0,0.0,28.59420454,0.0
대전광역시 서구 매노동,3017011800,2022,4,62431.0,0.0,29.10847873,0.0
대전광역시 서구 매노동,3017011800,2022,5,56886.0,0.0,26.52312024,0.0
대전광역시 서구 매노동,3017011800,2022,6,56969.0,0.0,26.56181904,0.0
대전광역시 서구 매노동,3017011800,2022,7,55429.0,0.0,25.84379343,0.0
대전광역시 서구 매노동,3017011800,2022,8,58706.0,0.0,27.37169599,0.0
대전광역시 서구 매노동,3017011800,2022,9,48067.0,0.0,22.41125798,0.0
대전광역시 서구 매노동,3017011800,2022,10,21199.0,0.0,9.88404223,0.0
대전광역시 서구 매노동,3017011800,2022,11,24805.0,0.0,11.56534118,0.0
대전광역시 서구 매노동,3017011800,2022,12,32954.0,0.0,15.36481567,0.0
대전광역시 서구 변동,3017010200,2020,1,1322615.0,949659.0,616.66977264,170.26340167
대전광역시 서구 변동,3017010200,2020,2,1473811.0,1361953.0,687.16496828,244.18317594
대전광역시 서구 변동,3017010200,2020,3,1272795.0,1129279.0,593.44117778,202.46728979
대전광역시 서구 변동,3017010200,2020,4,1157718.0,844305.0,539.78648054,151.37458963
대전광역시 서구 변동,3017010200,2020,5,1047091.0,606329.0,488.20659755,108.70811317
대전광역시 서구 변동,3017010200,2020,6,1134477.0,390834.0,528.95035502,70.07223257
대전광역시 서구 변동,3017010200,2020,7,1234882.0,368551.0,575.76422637,66.07713607
대전광역시 서구 변동,3017010200,2020,8,1377579.0,322153.0,642.29675973,57.75848559
대전광역시 서구 변동,3017010200,2020,9,1292120.0,235173.0,602.45146689,42.16392933
대전광역시 서구 변동,3017010200,2020,10,886188.0,246126.0,413.18550952,44.12768163
대전광역시 서구 변동,3017010200,2020,11,1112433.0,624923.0,518.67233122,112.04181266
대전광역시 서구 변동,3017010200,2020,12,1250036.0,1002949.0,582.82978495,179.81771188
대전광역시 서구 변동,3017010200,2021,1,1543740.0,1576125.0,719.7693925,282.58185722
대전광역시 서구 변동,3017010200,2021,2,1457761.0,1417591.0,679.68164932,254.15845666
대전광역시 서구 변동,3017010200,2021,3,1221178.0,1189028.0,569.37473092,213.17962764
대전광역시 서구 변동,3017010200,2021,4,1156737.0,825650.0,539.329089,148.02995348
대전광역시 서구 변동,3017010200,2021,5,1043136.0,575608.0,486.36257727,103.20017622
대전광역시 서구 변동,3017010200,2021,6,1141722.0,416612.0,532.32833921,74.69394412
대전광역시 서구 변동,3017010200,2021,7,1312057.0,353577.0,611.74710101,63.39246276
대전광역시 서구 변동,3017010200,2021,8,1690382.0,307225.0,788.14128367,55.08205957
대전광역시 서구 변동,3017010200,2021,9,1291835.0,248899.0,602.31858543,44.62485006
대전광역시 서구 변동,3017010200,2021,10,1088520.0,316282.0,507.52288538,56.70587988
대전광역시 서구 변동,3017010200,2021,11,1124175.0,605953.0,524.14704348,108.64070056
대전광역시 서구 변동,3017010200,2021,12,1293369.0,1049428.0,603.03381358,188.15088478
대전광역시 서구 변동,3017010200,2022,1,1567794.0,1489741.0,730.98457961,267.09415718
대전광역시 서구 변동,3017010200,2022,2,1525041.0,1562408.0,711.0509762199999,280.12255013
대전광역시 서구 변동,3017010200,2022,3,1328493.0,1237115.0,619.41039263,221.80109723
대전광역시 서구 변동,3017010200,2022,4,1243384.0,952096.0,579.72828736,170.700329
대전광역시 서구 변동,3017010200,2022,5,1067117.0,543736.0,497.54372812,97.48587759
대전광역시 서구 변동,3017010200,2022,6,1147735.0,406194.0,535.13190281,72.82611145999999
대전광역시 서구 변동,3017010200,2022,7,1552364.0,344189.0,723.79033585,61.70929771
대전광역시 서구 변동,3017010200,2022,8,1697311.0,319309.0,791.37193267,57.24858774
대전광역시 서구 변동,3017010200,2022,9,1426668.0,281673.0,665.18452568,50.50086741
대전광역시 서구 변동,3017010200,2022,10,1306586.0,459086.0,609.19624521,82.30906467
대전광역시 서구 변동,3017010200,2022,11,1284660.0,860742.0,598.97323895,154.32156266
대전광역시 서구 변동,3017010200,2022,12,1486779.0,1390043.0,693.21130345,249.21940365
대전광역시 서구 복수동,3017010100,2020,1,3068538.0,9028550.0,1430.70706986,1618.71959842
대전광역시 서구 복수동,3017010100,2020,2,3163881.0,8678140.0,1475.1607818,1555.89494397
대전광역시 서구 복수동,3017010100,2020,3,2916482.0,7101617.0,1359.8108991,1273.24172964
대전광역시 서구 복수동,3017010100,2020,4,2867162.0,5388760.0,1336.8154294,966.1453305
대전광역시 서구 복수동,3017010100,2020,5,2648619.0,3639353.0,1234.91966821,652.49591867
대전광역시 서구 복수동,3017010100,2020,6,2735202.0,2176101.0,1275.28902653,390.1509475
대전광역시 서구 복수동,3017010100,2020,7,2850056.0,1907498.0,1328.83975002,341.99338725
대전광역시 서구 복수동,3017010100,2020,8,3102692.0,1817302.0,1446.63138608,325.82223766
대전광역시 서구 복수동,3017010100,2020,9,1759143.0,572727.0,820.20112738,102.68364461
대전광역시 서구 복수동,3017010100,2020,10,1262027.0,641133.0,588.42059356,114.94808715
대전광역시 서구 복수동,3017010100,2020,11,2715124.0,4531330.0,1265.92765104,812.41757287
대전광역시 서구 복수동,3017010100,2020,12,2889606.0,7538834.0,1347.27995335,1351.62992341
대전광역시 서구 복수동,3017010100,2021,1,3299761.0,11336477.0,1538.51488614,2032.5054961
대전광역시 서구 복수동,3017010100,2021,2,3308837.0,9478764.0,1542.7465748,1699.4380111
대전광역시 서구 복수동,3017010100,2021,3,2779095.0,6876146.0,1295.75415545,1232.81726213
대전광역시 서구 복수동,3017010100,2021,4,2863062.0,5430761.0,1334.90380274,973.67564729
대전광역시 서구 복수동,3017010100,2021,5,2656506.0,3408966.0,1238.59698511,611.19006649
대전광역시 서구 복수동,3017010100,2021,6,2805925.0,2237625.0,1308.2636537,401.18152318
대전광역시 서구 복수동,3017010100,2021,7,2989471.0,1786855.0,1393.84204956,320.36342576
대전광역시 서구 복수동,3017010100,2021,8,3880014.0,1453565.0,1809.05807947,260.60819879
대전광역시 서구 복수동,3017010100,2021,9,3288560.0,1422462.0,1533.29241541,255.03177334
대전광역시 서구 복수동,3017010100,2021,10,2777789.0,2141529.0,1295.14523238,383.9525685
대전광역시 서구 복수동,3017010100,2021,11,2840302.0,5052545.0,1324.29194361,905.86568313
대전광역시 서구 복수동,3017010100,2021,12,2938031.0,8125506.0,1369.85812896,1456.81375292
대전광역시 서구 복수동,3017010100,2022,1,3285080.0,11191258.0,1531.66986398,2006.46932846
대전광역시 서구 복수동,3017010100,2022,2,3341748.0,11464325.0,1558.09134169,2055.42723476
대전광역시 서구 복수동,3017010100,2022,3,2954014.0,8909190.0,1377.31020916,1597.31966474
대전광역시 서구 복수동,3017010100,2022,4,2927441.0,6747482.0,1364.92053718,1209.74922367
대전광역시 서구 복수동,3017010100,2022,5,2644897.0,3639869.0,1233.18428427,652.58843179
대전광역시 서구 복수동,3017010100,2022,6,2760460.0,2375178.0,1287.06557918,425.84326149
대전광역시 서구 복수동,3017010100,2022,7,3261856.0,1833469.0,1520.84166473,328.72080268
대전광역시 서구 복수동,3017010100,2022,8,3845063.0,1718638.0,1792.76216176,308.13286883
대전광역시 서구 복수동,3017010100,2022,9,3496226.0,1731780.0,1630.11677099,310.48908474
대전광역시 서구 복수동,3017010100,2022,10,2832916.0,2304722.0,1320.84821811,413.21127654
대전광역시 서구 복수동,3017010100,2022,11,2797852.0,4622817.0,1304.49961423,828.82018457
대전광역시 서구 복수동,3017010100,2022,12,2937149.0,7777858.0,1369.44689609,1394.48429465
대전광역시 서구 봉곡동,3017012600,2020,1,6272.0,0.0,2.92432251,0.0
대전광역시 서구 봉곡동,3017012600,2020,2,6806.0,0.0,3.17330023,0.0
대전광역시 서구 봉곡동,3017012600,2020,3,5785.0,0.0,2.69725856,0.0
대전광역시 서구 봉곡동,3017012600,2020,4,5427.0,0.0,2.53034092,0.0
대전광역시 서구 봉곡동,3017012600,2020,5,3829.0,0.0,1.78527279,0.0
대전광역시 서구 봉곡동,3017012600,2020,6,3425.0,0.0,1.59690762,0.0
대전광역시 서구 봉곡동,3017012600,2020,7,4535.0,0.0,2.11444557,0.0
대전광역시 서구 봉곡동,3017012600,2020,8,5426.0,0.0,2.52987467,0.0
대전광역시 서구 봉곡동,3017012600,2020,9,5318.0,0.0,2.47951963,0.0
대전광역시 서구 봉곡동,3017012600,2020,10,3904.0,0.0,1.82024157,0.0
대전광역시 서구 봉곡동,3017012600,2020,11,5572.0,0.0,2.59794724,0.0
대전광역시 서구 봉곡동,3017012600,2020,12,6688.0,0.0,3.11828268,0.0
대전광역시 서구 봉곡동,3017012600,2021,1,8251.0,0.0,3.84703205,0.0
대전광역시 서구 봉곡동,3017012600,2021,2,7393.0,0.0,3.4469892,0.0
대전광역시 서구 봉곡동,3017012600,2021,3,5461.0,0.0,2.54619342,0.0
대전광역시 서구 봉곡동,3017012600,2021,4,4568.0,0.0,2.12983181,0.0
대전광역시 서구 봉곡동,3017012600,2021,5,4091.0,0.0,1.9074304,0.0
대전광역시 서구 봉곡동,3017012600,2021,6,3666.0,0.0,1.70927395,0.0
대전광역시 서구 봉곡동,3017012600,2021,7,4251.0,0.0,1.98203046,0.0
대전광역시 서구 봉곡동,3017012600,2021,8,4568.0,0.0,2.12983184,0.0
대전광역시 서구 봉곡동,3017012600,2021,9,3855.0,0.0,1.79739527,0.0
대전광역시 서구 봉곡동,3017012600,2021,10,4137.0,0.0,1.92887791,0.0
대전광역시 서구 봉곡동,3017012600,2021,11,6637.0,0.0,3.09450391,0.0
대전광역시 서구 봉곡동,3017012600,2021,12,6570.0,0.0,3.06326514,0.0
대전광역시 서구 봉곡동,3017012600,2022,1,7256.0,0.0,3.38311289,0.0
대전광역시 서구 봉곡동,3017012600,2022,2,7161.0,0.0,3.3388191000000003,0.0
대전광역시 서구 봉곡동,3017012600,2022,3,5528.0,0.0,2.5774322,0.0
대전광역시 서구 봉곡동,3017012600,2022,4,5231.0,0.0,2.4389558300000003,0.0
대전광역시 서구 봉곡동,3017012600,2022,5,4038.0,0.0,1.88271912,0.0
대전광역시 서구 봉곡동,3017012600,2022,6,3719.0,0.0,1.73398522,0.0
대전광역시 서구 봉곡동,3017012600,2022,7,4108.0,0.0,1.91535666,0.0
대전광역시 서구 봉곡동,3017012600,2022,8,4651.0,0.0,2.16853061,0.0
대전광역시 서구 봉곡동,3017012600,2022,9,4252.0,0.0,1.9824967,0.0
대전광역시 서구 봉곡동,3017012600,2022,10,4315.0,0.0,2.01187049,0.0
대전광역시 서구 봉곡동,3017012600,2022,11,5858.0,0.0,2.73129483,0.0
대전광역시 서구 봉곡동,3017012600,2022,12,7751.0,0.0,3.61390685,0.0
대전광역시 서구 산직동,3017011900,2020,1,104978.0,0.0,48.9460345,0.0
대전광역시 서구 산직동,3017011900,2020,2,100975.0,0.0,47.07963413,0.0
대전광역시 서구 산직동,3017011900,2020,3,83764.0,0.0,39.05499851,0.0
대전광역시 서구 산직동,3017011900,2020,4,73768.0,0.0,34.39435948,0.0
대전광역시 서구 산직동,3017011900,2020,5,52965.0,0.0,24.69495242,0.0
대전광역시 서구 산직동,3017011900,2020,6,36202.0,0.0,16.87919701,0.0
대전광역시 서구 산직동,3017011900,2020,7,32184.0,0.0,15.00580285,0.0
대전광역시 서구 산직동,3017011900,2020,8,38164.0,0.0,17.79398028,0.0
대전광역시 서구 산직동,3017011900,2020,9,37157.0,0.0,17.324466100000002,0.0
대전광역시 서구 산직동,3017011900,2020,10,47729.0,0.0,22.25366533,0.0
대전광역시 서구 산직동,3017011900,2020,11,74992.0,0.0,34.96505002,0.0
대전광역시 서구 산직동,3017011900,2020,12,94930.0,0.0,44.26115045,0.0
대전광역시 서구 산직동,3017011900,2021,1,119277.0,0.0,55.61294898,0.0
대전광역시 서구 산직동,3017011900,2021,2,117073.0,0.0,54.585333080000005,0.0
대전광역시 서구 산직동,3017011900,2021,3,76120.0,0.0,35.490980470000004,0.0
대전광역시 서구 산직동,3017011900,2021,4,66514.0,0.0,31.0121791,0.0
대전광역시 서구 산직동,3017011900,2021,5,47249.0,0.0,22.02986516,0.0
대전광역시 서구 산직동,3017011900,2021,6,39698.0,0.0,18.50920839,0.0
대전광역시 서구 산직동,3017011900,2021,7,36989.0,0.0,17.24613605,0.0
대전광역시 서구 산직동,3017011900,2021,8,40376.0,0.0,18.82532617,0.0
대전광역시 서구 산직동,3017011900,2021,9,33557.0,0.0,15.64596466,0.0
대전광역시 서구 산직동,3017011900,2021,10,38180.0,0.0,17.801440279999998,0.0
대전광역시 서구 산직동,3017011900,2021,11,77720.0,0.0,36.2369811,0.0
대전광역시 서구 산직동,3017011900,2021,12,95185.0,0.0,44.38004431,0.0
대전광역시 서구 산직동,3017011900,2022,1,115414.0,0.0,53.81182366,0.0
대전광역시 서구 산직동,3017011900,2022,2,112924.0,0.0,52.65086017,0.0
대전광역시 서구 산직동,3017011900,2022,3,88524.0,0.0,41.27435041,0.0
대전광역시 서구 산직동,3017011900,2022,4,77814.0,0.0,36.28080861,0.0
대전광역시 서구 산직동,3017011900,2022,5,49261.0,0.0,22.96796095,0.0
대전광역시 서구 산직동,3017011900,2022,6,35903.0,0.0,16.7397881,0.0
대전광역시 서구 산직동,3017011900,2022,7,39040.0,0.0,18.20241558,0.0
대전광역시 서구 산직동,3017011900,2022,8,43643.0,0.0,20.34856621,0.0
대전광역시 서구 산직동,3017011900,2022,9,35874.0,0.0,16.72626687,0.0
대전광역시 서구 산직동,3017011900,2022,10,45068.0,0.0,21.01297304,0.0
대전광역시 서구 산직동,3017011900,2022,11,71513.0,0.0,33.34296486,0.0
대전광역시 서구 산직동,3017011900,2022,12,94389.0,0.0,44.00890898,0.0
대전광역시 서구 오동,3017012200,2020,1,152083.0,0.0,70.90875957,0.0
대전광역시 서구 오동,3017012200,2020,2,145699.0,0.0,67.93221703,0.0
대전광역시 서구 오동,3017012200,2020,3,124076.0,0.0,57.85048464,0.0
대전광역시 서구 오동,3017012200,2020,4,99512.0,0.0,46.39750979,0.0
대전광역시 서구 오동,3017012200,2020,5,65758.0,0.0,30.65969382,0.0
대전광역시 서구 오동,3017012200,2020,6,49109.0,0.0,22.89709088,0.0
대전광역시 서구 오동,3017012200,2020,7,38899.0,0.0,18.13667431,0.0
대전광역시 서구 오동,3017012200,2020,8,42277.0,0.0,19.71166817,0.0
대전광역시 서구 오동,3017012200,2020,9,43701.0,0.0,20.37560873,0.0
대전광역시 서구 오동,3017012200,2020,10,59250.0,0.0,27.6253362,0.0
대전광역시 서구 오동,3017012200,2020,11,98490.0,0.0,45.92100192,0.0
대전광역시 서구 오동,3017012200,2020,12,132514.0,0.0,61.78470552,0.0
대전광역시 서구 오동,3017012200,2021,1,167511.0,0.0,78.10207075,0.0
대전광역시 서구 오동,3017012200,2021,2,150812.0,0.0,70.31615532,0.0
대전광역시 서구 오동,3017012200,2021,3,119965.0,0.0,55.93372925,0.0
대전광역시 서구 오동,3017012200,2021,4,106257.0,0.0,49.54236876,0.0
대전광역시 서구 오동,3017012200,2021,5,71871.0,0.0,33.5098825,0.0
대전광역시 서구 오동,3017012200,2021,6,56084.0,0.0,26.14918744,0.0
대전광역시 서구 오동,3017012200,2021,7,48517.0,0.0,22.62107067,0.0
대전광역시 서구 오동,3017012200,2021,8,53380.0,0.0,24.88844635,0.0
대전광역시 서구 오동,3017012200,2021,9,47530.0,0.0,22.1608815,0.0
대전광역시 서구 오동,3017012200,2021,10,51779.0,0.0,24.14197946,0.0
대전광역시 서구 오동,3017012200,2021,11,99115.0,0.0,46.2124084,0.0
대전광역시 서구 오동,3017012200,2021,12,142443.0,0.0,66.41410572,0.0
대전광역시 서구 오동,3017012200,2022,1,181969.0,0.0,84.84311905,0.0
대전광역시 서구 오동,3017012200,2022,2,173561.0,0.0,80.92288569,0.0
대전광역시 서구 오동,3017012200,2022,3,132409.0,0.0,61.73574922,0.0
대전광역시 서구 오동,3017012200,2022,4,112434.0,0.0,52.42239749,0.0
대전광역시 서구 오동,3017012200,2022,5,72750.0,0.0,33.91971658,0.0
대전광역시 서구 오동,3017012200,2022,6,52406.0,0.0,24.43431846,0.0
대전광역시 서구 오동,3017012200,2022,7,54980.0,0.0,25.63444699,0.0
대전광역시 서구 오동,3017012200,2022,8,61672.0,0.0,28.75459466,0.0
대전광역시 서구 오동,3017012200,2022,9,52199.0,0.0,24.33780465,0.0
대전광역시 서구 오동,3017012200,2022,10,65600.0,0.0,30.58602626,0.0
대전광역시 서구 오동,3017012200,2022,11,103629.0,0.0,48.3170627,0.0
대전광역시 서구 오동,3017012200,2022,12,149202.0,0.0,69.56549215999999,0.0
대전광역시 서구 용문동,3017010500,2020,1,2083911.0,1747331.0,971.62433729,313.27720775
대전광역시 서구 용문동,3017010500,2020,2,2073613.0,1776265.0,966.8228907,318.46475541
대전광역시 서구 용문동,3017010500,2020,3,1730935.0,1422651.0,807.04913604,255.065659
대전광역시 서구 용문동,3017010500,2020,4,1526991.0,1056676.0,711.96016447,189.45037136
대전광역시 서구 용문동,3017010500,2020,5,1342604.0,825336.0,625.98965206,147.97365678
대전광역시 서구 용문동,3017010500,2020,6,1452093.0,517088.0,677.0389421,92.70818459
대전광역시 서구 용문동,3017010500,2020,7,1530038.0,411694.0,713.3808296,73.81220094
대전광역시 서구 용문동,3017010500,2020,8,1631718.0,400194.0,760.78917023,71.75037752
대전광역시 서구 용문동,3017010500,2020,9,1603215.0,337343.0,747.499635,60.48188528
대전광역시 서구 용문동,3017010500,2020,10,1063364.0,290912.0,495.79389031,52.1573182
대전광역시 서구 용문동,3017010500,2020,11,1413660.0,794252.0,659.11954043,142.40063781
대전광역시 서구 용문동,3017010500,2020,12,1654777.0,1195662.0,771.54043817,214.36903071
대전광역시 서구 용문동,3017010500,2021,1,2080517.0,1840370.0,970.04188348,329.95807605
대전광역시 서구 용문동,3017010500,2021,2,1981331.0,1827815.0,923.79637127,327.70710272
대전광역시 서구 용문동,3017010500,2021,3,1557960.0,1368658.0,726.39947318,245.3853086
대전광역시 서구 용문동,3017010500,2021,4,1411937.0,1025023.0,658.3161910700001,183.775337
대전광역시 서구 용문동,3017010500,2021,5,1225575.0,655902.0,571.42483394,117.5960063
대전광역시 서구 용문동,3017010500,2021,6,1324154.0,478799.0,617.38733218,85.84338851
대전광역시 서구 용문동,3017010500,2021,7,1484193.0,415063.0,692.00557999,74.41622554
대전광역시 서구 용문동,3017010500,2021,8,1921075.0,417003.0,895.7019871,74.76404613
대전광역시 서구 용문동,3017010500,2021,9,1485856.0,415539.0,692.78095438,74.50156709
대전광역시 서구 용문동,3017010500,2021,10,1275302.0,398198.0,594.61006757,71.39251671
대전광역시 서구 용문동,3017010500,2021,11,1311349.0,683201.0,611.41699577,122.49041629
대전광역시 서구 용문동,3017010500,2021,12,1493581.0,1183401.0,696.38273873,212.1707684
대전광역시 서구 용문동,3017010500,2022,1,1863438.0,1714197.0,868.82871295,307.33664645
대전광역시 서구 용문동,3017010500,2022,2,1871016.0,1860803.0,872.36195838,333.62148794
대전광역시 서구 용문동,3017010500,2022,3,1547670.0,1508659.0,721.6017566,270.48594633
대전광역시 서구 용문동,3017010500,2022,4,1343858.0,1095557.0,626.57432999,196.42130653
대전광역시 서구 용문동,3017010500,2022,5,1141350.0,647062.0,532.15489393,116.01109153
대전광역시 서구 용문동,3017010500,2022,6,1271627.0,453287.0,592.89659741,81.26936778
대전광역시 서구 용문동,3017010500,2022,7,1614687.0,456757.0,752.84845959,81.89150057
대전광역시 서구 용문동,3017010500,2022,8,1767115.0,458837.0,823.91807556,82.26442168
대전광역시 서구 용문동,3017010500,2022,9,1488916.0,502153.0,694.20768045,90.03050353
대전광역시 서구 용문동,3017010500,2022,10,1374021.0,499057.0,640.63784084,89.47542480999999
대전광역시 서구 용문동,3017010500,2022,11,1381487.0,812616.0,644.11886633,145.69310082
대전광역시 서구 용문동,3017010500,2022,12,1599543.0,1283481.0,745.78756351,230.11401042
대전광역시 서구 용촌동,3017012500,2020,1,2039.0,0.0,0.95068456,0.0
대전광역시 서구 용촌동,3017012500,2020,2,1571.0,0.0,0.73247939,0.0
대전광역시 서구 용촌동,3017012500,2020,3,1022.0,0.0,0.47650791,0.0
대전광역시 서구 용촌동,3017012500,2020,4,987.0,0.0,0.46018914,0.0
대전광역시 서구 용촌동,3017012500,2020,5,1018.0,0.0,0.47464291,0.0
대전광역시 서구 용촌동,3017012500,2020,6,1313.0,0.0,0.6121867799999999,0.0
대전광역시 서구 용촌동,3017012500,2020,7,1266.0,0.0,0.590273,0.0
대전광역시 서구 용촌동,3017012500,2020,8,2620.0,0.0,1.22157604,0.0
대전광역시 서구 용촌동,3017012500,2020,9,2015.0,0.0,0.93949455,0.0
대전광역시 서구 용촌동,3017012500,2020,10,2186.0,0.0,1.01922337,0.0
대전광역시 서구 용촌동,3017012500,2020,11,2895.0,0.0,1.34979491,0.0
대전광역시 서구 용촌동,3017012500,2020,12,5221.0,0.0,2.43429334,0.0
대전광역시 서구 용촌동,3017012500,2021,1,6274.0,0.0,2.925255,0.0
대전광역시 서구 용촌동,3017012500,2021,2,5706.0,0.0,2.66042477,0.0
대전광역시 서구 용촌동,3017012500,2021,3,2959.0,0.0,1.37963494,0.0
대전광역시 서구 용촌동,3017012500,2021,4,1508.0,0.0,0.7031055900000001,0.0
대전광역시 서구 용촌동,3017012500,2021,5,1229.0,0.0,0.57302173,0.0
대전광역시 서구 용촌동,3017012500,2021,6,1186.0,0.0,0.55297297,0.0
대전광역시 서구 용촌동,3017012500,2021,7,1297.0,0.0,0.60472676,0.0
대전광역시 서구 용촌동,3017012500,2021,8,1659.0,0.0,0.77350941,0.0
대전광역시 서구 용촌동,3017012500,2021,9,1249.0,0.0,0.58234673,0.0
대전광역시 서구 용촌동,3017012500,2021,10,1557.0,0.0,0.72595187,0.0
대전광역시 서구 용촌동,3017012500,2021,11,3612.0,0.0,1.6840964499999995,0.0
대전광역시 서구 용촌동,3017012500,2021,12,5058.0,0.0,2.3582945200000003,0.0
대전광역시 서구 용촌동,3017012500,2022,1,6773.0,0.0,3.15791397,0.0
대전광역시 서구 용촌동,3017012500,2022,2,6298.0,0.0,2.9364450200000003,0.0
대전광역시 서구 용촌동,3017012500,2022,3,6439.0,0.0,3.00218632,0.0
대전광역시 서구 용촌동,3017012500,2022,4,6352.0,0.0,2.96162255,0.0
대전광역시 서구 용촌동,3017012500,2022,5,4214.0,0.0,1.96477919,0.0
대전광역시 서구 용촌동,3017012500,2022,6,3814.0,0.0,1.77827902,0.0
대전광역시 서구 용촌동,3017012500,2022,7,4099.0,0.0,1.91116038,0.0
대전광역시 서구 용촌동,3017012500,2022,8,5497.0,0.0,2.56297845,0.0
대전광역시 서구 용촌동,3017012500,2022,9,5952.0,0.0,2.77512238,0.0
대전광역시 서구 용촌동,3017012500,2022,10,9033.0,0.0,4.21163986,0.0
대전광역시 서구 용촌동,3017012500,2022,11,19159.0,0.0,8.9328914,0.0
대전광역시 서구 용촌동,3017012500,2022,12,14322.0,0.0,6.67763823,0.0
대전광역시 서구 우명동,3017012300,2020,1,205536.0,0.0,95.8312422,0.0
대전광역시 서구 우명동,3017012300,2020,2,192160.0,0.0,89.59467685,0.0
대전광역시 서구 우명동,3017012300,2020,3,174900.0,0.0,81.54719494999999,0.0
대전광역시 서구 우명동,3017012300,2020,4,172822.0,0.0,80.57832663,0.0
대전광역시 서구 우명동,3017012300,2020,5,161093.0,0.0,75.10967571,0.0
대전광역시 서구 우명동,3017012300,2020,6,163541.0,0.0,76.25105667,0.0
대전광역시 서구 우명동,3017012300,2020,7,162093.0,0.0,75.57592607,0.0
대전광역시 서구 우명동,3017012300,2020,8,159706.0,0.0,74.46298638,0.0
대전광역시 서구 우명동,3017012300,2020,9,155730.0,0.0,72.6091748,0.0
대전광역시 서구 우명동,3017012300,2020,10,161055.0,0.0,75.09195818,0.0
대전광역시 서구 우명동,3017012300,2020,11,185887.0,0.0,86.66988810000001,0.0
대전광역시 서구 우명동,3017012300,2020,12,206411.0,0.0,96.23921132,0.0
대전광역시 서구 우명동,3017012300,2021,1,213657.0,0.0,99.61766173,0.0
대전광역시 서구 우명동,3017012300,2021,2,183910.0,0.0,85.74811107,0.0
대전광역시 서구 우명동,3017012300,2021,3,181634.0,0.0,84.68692517,0.0
대전광역시 서구 우명동,3017012300,2021,4,179413.0,0.0,83.65138302000001,0.0
대전광역시 서구 우명동,3017012300,2021,5,180597.0,0.0,84.20342348,0.0
대전광역시 서구 우명동,3017012300,2021,6,168285.0,0.0,78.46294854,0.0
대전광역시 서구 우명동,3017012300,2021,7,162663.0,0.0,75.84168882,0.0
대전광역시 서구 우명동,3017012300,2021,8,151857.0,0.0,70.80338701000001,0.0
대전광역시 서구 우명동,3017012300,2021,9,124445.0,0.0,58.02253102,0.0
대전광역시 서구 우명동,3017012300,2021,10,137708.0,0.0,64.20641008,0.0
대전광역시 서구 우명동,3017012300,2021,11,160379.0,0.0,74.77677290000001,0.0
대전광역시 서구 우명동,3017012300,2021,12,172815.0,0.0,80.57506289,0.0
대전광역시 서구 우명동,3017012300,2022,1,186010.0,0.0,86.7272369,0.0
대전광역시 서구 우명동,3017012300,2022,2,169432.0,0.0,78.99773777,0.0
대전광역시 서구 우명동,3017012300,2022,3,152524.0,0.0,71.11437602,0.0
대전광역시 서구 우명동,3017012300,2022,4,152417.0,0.0,71.06448722,0.0
대전광역시 서구 우명동,3017012300,2022,5,135995.0,0.0,63.40772315,0.0
대전광역시 서구 우명동,3017012300,2022,6,118361.0,0.0,55.18586359,0.0
대전광역시 서구 우명동,3017012300,2022,7,134552.0,0.0,62.73492384,0.0
대전광역시 서구 우명동,3017012300,2022,8,153723.0,0.0,71.67341021,0.0
대전광역시 서구 우명동,3017012300,2022,9,141366.0,0.0,65.91195403,0.0
대전광역시 서구 우명동,3017012300,2022,10,144402.0,0.0,67.32749029,0.0
대전광역시 서구 우명동,3017012300,2022,11,142946.0,0.0,66.64862967,0.0
대전광역시 서구 우명동,3017012300,2022,12,192472.0,0.0,89.740147,0.0
대전광역시 서구 원정동,3017012400,2020,1,12523.0,0.0,5.83885374,0.0
대전광역시 서구 원정동,3017012400,2020,2,11577.0,0.0,5.39778091,0.0
대전광역시 서구 원정동,3017012400,2020,3,10169.0,0.0,4.741300320000001,0.0
대전광역시 서구 원정동,3017012400,2020,4,8957.0,0.0,4.17620484,0.0
대전광역시 서구 원정동,3017012400,2020,5,7171.0,0.0,3.34348161,0.0
대전광역시 서구 원정동,3017012400,2020,6,6558.0,0.0,3.05767011,0.0
대전광역시 서구 원정동,3017012400,2020,7,6332.0,0.0,2.95229753,0.0
대전광역시 서구 원정동,3017012400,2020,8,6374.0,0.0,2.97188004,0.0
대전광역시 서구 원정동,3017012400,2020,9,5604.0,0.0,2.61286725,0.0
대전광역시 서구 원정동,3017012400,2020,10,6991.0,0.0,3.25955653,0.0
대전광역시 서구 원정동,3017012400,2020,11,10552.0,0.0,4.9198742300000005,0.0
대전광역시 서구 원정동,3017012400,2020,12,13273.0,0.0,6.18854157,0.0
대전광역시 서구 원정동,3017012400,2021,1,14341.0,0.0,6.68649699,0.0
대전광역시 서구 원정동,3017012400,2021,2,20174.0,0.0,9.40613557,0.0
대전광역시 서구 원정동,3017012400,2021,3,13859.0,0.0,6.46176428,0.0
대전광역시 서구 원정동,3017012400,2021,4,12371.0,0.0,5.76798368,0.0
대전광역시 서구 원정동,3017012400,2021,5,10068.0,0.0,4.69420902,0.0
대전광역시 서구 원정동,3017012400,2021,6,5869.0,0.0,2.73642356,0.0
대전광역시 서구 원정동,3017012400,2021,7,5575.0,0.0,2.59934598,0.0
대전광역시 서구 원정동,3017012400,2021,8,6050.0,0.0,2.82081489,0.0
대전광역시 서구 원정동,3017012400,2021,9,5768.0,0.0,2.68933231,0.0
대전광역시 서구 원정동,3017012400,2021,10,5603.0,0.0,2.61240097,0.0
대전광역시 서구 원정동,3017012400,2021,11,7367.0,0.0,3.43486669,0.0
대전광역시 서구 원정동,3017012400,2021,12,11999.0,0.0,5.59453856,0.0
대전광역시 서구 원정동,3017012400,2022,1,12888.0,0.0,6.00903514,0.0
대전광역시 서구 원정동,3017012400,2022,2,12428.0,0.0,5.79455997,0.0
대전광역시 서구 원정동,3017012400,2022,3,9512.0,0.0,4.43497381,0.0
대전광역시 서구 원정동,3017012400,2022,4,7933.0,0.0,3.69876442,0.0
대전광역시 서구 원정동,3017012400,2022,5,5888.0,0.0,2.74528234,0.0
대전광역시 서구 원정동,3017012400,2022,6,5022.0,0.0,2.3415095,0.0
대전광역시 서구 원정동,3017012400,2022,7,5275.0,0.0,2.45947084,0.0
대전광역시 서구 원정동,3017012400,2022,8,5597.0,0.0,2.60960349,0.0
대전광역시 서구 원정동,3017012400,2022,9,5321.0,0.0,2.48091839,0.0
대전광역시 서구 원정동,3017012400,2022,10,7118.0,0.0,3.31877035,0.0
대전광역시 서구 원정동,3017012400,2022,11,9258.0,0.0,4.31654619,0.0
대전광역시 서구 원정동,3017012400,2022,12,11722.0,0.0,5.46538719,0.0
대전광역시 서구 월평동,3017011300,2020,1,10331461.0,11242753.0,4817.04782382,2015.70181491
대전광역시 서구 월평동,3017011300,2020,2,10157205.0,11153612.0,4735.80089407,1999.7198151
대전광역시 서구 월평동,3017011300,2020,3,9158671.0,9914437.0,4270.23401726,1777.54938267
대전광역시 서구 월평동,3017011300,2020,4,8755990.0,7547301.0,4082.48383992,1353.14796321
대전광역시 서구 월평동,3017011300,2020,5,8277505.0,5902769.0,3859.39001731,1058.30148419
대전광역시 서구 월평동,3017011300,2020,6,8850164.0,3355179.0,4126.39250506,601.54664962
대전광역시 서구 월평동,3017011300,2020,7,9376200.0,3506098.0,4371.65700052,628.60476448
대전광역시 서구 월평동,3017011300,2020,8,10100806.0,2791173.0,4709.50483781,500.42658432
대전광역시 서구 월평동,3017011300,2020,9,5046841.0,1322104.0,2353.09163494,237.03868909
대전광역시 서구 월평동,3017011300,2020,10,3621163.0,1245174.0,1688.3686972,223.24598713
대전광역시 서구 월평동,3017011300,2020,11,8465426.0,5004125.0,3947.00825867,897.18451026
대전광역시 서구 월평동,3017011300,2020,12,9255696.0,7497056.0,4315.47196232,1344.13958798
대전광역시 서구 월평동,3017011300,2021,1,10506838.0,11420411.0,4898.81742025,2047.55393801
대전광역시 서구 월평동,3017011300,2021,2,10154790.0,10761927.0,4734.67489941,1929.49500765
대전광역시 서구 월평동,3017011300,2021,3,8587429.0,8871426.0,4003.89220621,1590.54899532
대전광역시 서구 월평동,3017011300,2021,4,8224480.0,4504479.0,3834.66708978,807.60348433
대전광역시 서구 월평동,3017011300,2021,5,7639874.0,4755201.0,3562.0943084200003,852.55517805
대전광역시 서구 월평동,3017011300,2021,6,8379760.0,2886604.0,3907.06645191,517.53631177
대전광역시 서구 월평동,3017011300,2021,7,9210362.0,3003240.0,4294.33496666,538.4478622400001
대전광역시 서구 월평동,3017011300,2021,8,11712157.0,2542443.0,5460.79788621,455.83203413
대전광역시 서구 월평동,3017011300,2021,9,9950863.0,2716249.0,4639.59385411,486.99353614
대전광역시 서구 월평동,3017011300,2021,10,8010972.0,2348505.0,3735.11889948,421.06108629
대전광역시 서구 월평동,3017011300,2021,11,8113642.0,4258547.0,3782.98882797,763.51058476
대전광역시 서구 월평동,3017011300,2021,12,8830334.0,6747375.0,4117.14675958,1209.73003965
대전광역시 서구 월평동,3017011300,2022,1,10119606.0,10194488.0,4718.27034529,1827.75944319
대전광역시 서구 월평동,3017011300,2022,2,9995547.0,10517359.0,4660.42778694,1885.64665827
대전광역시 서구 월평동,3017011300,2022,3,8661929.0,9594109.0,4038.627861,1720.11809954
대전광역시 서구 월평동,3017011300,2022,4,8332737.0,7187968.0,3885.1419593,1288.72351312
대전광역시 서구 월평동,3017011300,2022,5,7544580.0,4535799.0,3517.66344285,813.21881539
대전광역시 서구 월평동,3017011300,2022,6,8165482.0,2880511.0,3807.15924869,516.44390399
대전광역시 서구 월평동,3017011300,2022,7,9770613.0,2809435.0,4555.55221944,503.70075976
대전광역시 서구 월평동,3017011300,2022,8,11346984.0,2388918.0,5290.53582884,428.30669216
대전광역시 서구 월평동,3017011300,2022,9,10174728.0,2626455.0,4743.97099983,470.89446064
대전광역시 서구 월평동,3017011300,2022,10,8447141.0,2337857.0,3938.48287009,419.15201714
대전광역시 서구 월평동,3017011300,2022,11,8255853.0,4245126.0,3849.29476358,761.10434721
대전광역시 서구 월평동,3017011300,2022,12,9122455.0,6456219.0,4253.34829276,1157.52897497
대전광역시 서구 장안동,3017012000,2020,1,553791.0,0.0,258.20527526,0.0
대전광역시 서구 장안동,3017012000,2020,2,525008.0,0.0,244.78519001,0.0
대전광역시 서구 장안동,3017012000,2020,3,387566.0,0.0,180.70280249,0.0
대전광역시 서구 장안동,3017012000,2020,4,310158.0,0.0,144.61129151,0.0
대전광역시 서구 장안동,3017012000,2020,5,251198.0,0.0,117.12116796,0.0
대전광역시 서구 장안동,3017012000,2020,6,214558.0,0.0,100.03775332,0.0
대전광역시 서구 장안동,3017012000,2020,7,200318.0,0.0,93.39834761,0.0
대전광역시 서구 장안동,3017012000,2020,8,243380.0,0.0,113.47602234,0.0
대전광역시 서구 장안동,3017012000,2020,9,213551.0,0.0,99.5682392,0.0
대전광역시 서구 장안동,3017012000,2020,10,256570.0,0.0,119.62586515,0.0
대전광역시 서구 장안동,3017012000,2020,11,366079.0,0.0,170.68448018,0.0
대전광역시 서구 장안동,3017012000,2020,12,471512.0,0.0,219.84265863,0.0
대전광역시 서구 장안동,3017012000,2021,1,586396.0,0.0,273.40736955,0.0
대전광역시 서구 장안동,3017012000,2021,2,507079.0,0.0,236.42578658,0.0
대전광역시 서구 장안동,3017012000,2021,3,356428.0,0.0,166.18469757,0.0
대전광역시 서구 장안동,3017012000,2021,4,313428.0,0.0,146.13593036999998,0.0
대전광역시 서구 장안동,3017012000,2021,5,253749.0,0.0,118.31057274,0.0
대전광역시 서구 장안동,3017012000,2021,6,233165.0,0.0,108.71327452,0.0
대전광역시 서구 장안동,3017012000,2021,7,222102.0,0.0,103.55514634,0.0
대전광역시 서구 장안동,3017012000,2021,8,237871.0,0.0,110.90744889,0.0
대전광역시 서구 장안동,3017012000,2021,9,218989.0,0.0,102.10370886,0.0
대전광역시 서구 장안동,3017012000,2021,10,250113.0,0.0,116.6152863,0.0
대전광역시 서구 장안동,3017012000,2021,11,380953.0,0.0,177.61948865,0.0
대전광역시 서구 장안동,3017012000,2021,12,474231.0,0.0,221.11039341,0.0
대전광역시 서구 장안동,3017012000,2022,1,620448.0,0.0,289.28412819,0.0
대전광역시 서구 장안동,3017012000,2022,2,612159.0,0.0,285.4193786,0.0
대전광역시 서구 장안동,3017012000,2022,3,439602.0,0.0,204.96460832,0.0
대전광역시 서구 장안동,3017012000,2022,4,373629.0,0.0,174.20467071000002,0.0
대전광역시 서구 장안동,3017012000,2022,5,274568.0,0.0,128.01743984,0.0
대전광역시 서구 장안동,3017012000,2022,6,235669.0,0.0,109.88076551,0.0
대전광역시 서구 장안동,3017012000,2022,7,244510.0,0.0,114.00288529,0.0
대전광역시 서구 장안동,3017012000,2022,8,266143.0,0.0,124.08928022,0.0
대전광역시 서구 장안동,3017012000,2022,9,236398.0,0.0,110.22066207,0.0
대전광역시 서구 장안동,3017012000,2022,10,287640.0,0.0,134.11226505,0.0
대전광역시 서구 장안동,3017012000,2022,11,396682.0,0.0,184.95314117,0.0
대전광역시 서구 장안동,3017012000,2022,12,499228.0,0.0,232.76525468,0.0
대전광역시 서구 정림동,3017010400,2020,1,3029777.0,8521854.0,1412.63473811,1527.874585
대전광역시 서구 정림동,3017010400,2020,2,3019602.0,8552207.0,1407.89064034,1533.31654367
대전광역시 서구 정림동,3017010400,2020,3,2565566.0,8136702.0,1196.19617374,1458.82107249
대전광역시 서구 정림동,3017010400,2020,4,2495137.0,6081430.0,1163.35862425,1090.33343425
대전광역시 서구 정림동,3017010400,2020,5,2292436.0,4902939.0,1068.84920196,879.04297468
대전광역시 서구 정림동,3017010400,2020,6,2423490.0,2361165.0,1129.95318191,423.33088488
대전광역시 서구 정림동,3017010400,2020,7,2351177.0,2301007.0,1096.23721669,412.5452179
대전광역시 서구 정림동,3017010400,2020,8,2738426.0,1569566.0,1276.79221783,281.40590078
대전광역시 서구 정림동,3017010400,2020,9,1266186.0,766166.0,590.3597290499999,137.36512726
대전광역시 서구 정림동,3017010400,2020,10,921530.0,915986.0,429.66373103,164.22620348
대전광역시 서구 정림동,3017010400,2020,11,2401888.0,4129881.0,1119.88124077,740.4421876900001
대전광역시 서구 정림동,3017010400,2020,12,2733851.0,6087312.0,1274.65912226,1091.38801202
대전광역시 서구 정림동,3017010400,2021,1,3192416.0,9927836.0,1488.46523694,1779.95167586
대전광역시 서구 정림동,3017010400,2021,2,3010551.0,9829387.0,1403.67060799,1762.30085414
대전광역시 서구 정림동,3017010400,2021,3,2407597.0,7905733.0,1122.54306421,1417.41087402
대전광역시 서구 정림동,3017010400,2021,4,2368756.0,5894565.0,1104.43343257,1056.83059733
대전광역시 서구 정림동,3017010400,2021,5,2204088.0,4039982.0,1027.65691164,724.32428689
대전광역시 서구 정림동,3017010400,2021,6,2418856.0,2568317.0,1127.79257757,460.47095739
대전광역시 서구 정림동,3017010400,2021,7,2675306.0,2205605.0,1247.36249262,395.44068981
대전광역시 서구 정림동,3017010400,2021,8,3329590.0,1545055.0,1552.42266942,277.01134832
대전광역시 서구 정림동,3017010400,2021,9,2606794.0,1879493.0,1215.41874526,336.97239912
대전광역시 서구 정림동,3017010400,2021,10,2301769.0,1751572.0,1073.20071698,314.03757238000003
대전광역시 서구 정림동,3017010400,2021,11,2490050.0,3947025.0,1160.98680863,707.6581204
대전광역시 서구 정림동,3017010400,2021,12,2725874.0,6116176.0,1270.93984286,1096.56300932
대전광역시 서구 정림동,3017010400,2022,1,3154254.0,9359058.0,1470.67218923,1677.97604351
대전광역시 서구 정림동,3017010400,2022,2,3099348.0,10108941.0,1445.07224485,1812.42180812
대전광역시 서구 정림동,3017010400,2022,3,2562720.0,8857336.0,1194.86922511,1588.02281356
대전광역시 서구 정림동,3017010400,2022,4,2510368.0,6538491.0,1170.46008408,1172.2794386
대전광역시 서구 정림동,3017010400,2022,5,2245865.0,4303036.0,1047.13545462,771.48697253
대전광역시 서구 정림동,3017010400,2022,6,2383061.0,2555698.0,1111.10314446,458.20850975
대전광역시 서구 정림동,3017010400,2022,7,3029332.0,2240298.0,1412.42725677,401.66076268
대전광역시 서구 정림동,3017010400,2022,8,3269639.0,1551202.0,1524.47049161,278.11343779
대전광역시 서구 정림동,3017010400,2022,9,2675328.0,1970972.0,1247.3727502,353.37357655
대전광역시 서구 정림동,3017010400,2022,10,2285785.0,1933870.0,1065.74817062,346.72159638
대전광역시 서구 정림동,3017010400,2022,11,2441157.0,4093603.0,1138.19042777,733.9379417700001
대전광역시 서구 정림동,3017010400,2022,12,2769820.0,5689160.0,1291.42968297,1020.00374258
대전광역시 서구 탄방동,3017010600,2020,1,16094108.0,7809960.0,7503.88429264,1400.23982964
대전광역시 서구 탄방동,3017010600,2020,2,15485755.0,8112795.0,7220.23946308,1454.53481058
대전광역시 서구 탄방동,3017010600,2020,3,14832307.0,6486948.0,6915.56907167,1163.03834621
대전광역시 서구 탄방동,3017010600,2020,4,13901729.0,4914910.0,6481.6867069400005,881.18924314
대전광역시 서구 탄방동,3017010600,2020,5,13879391.0,3375520.0,6471.27160548,605.19356688
대전광역시 서구 탄방동,3017010600,2020,6,15005546.0,2787088.0,6996.3418246500005,499.69418875
대전광역시 서구 탄방동,3017010600,2020,7,16001077.0,2732805.0,7460.50855163,489.96184462
대전광역시 서구 탄방동,3017010600,2020,8,17029880.0,2805790.0,7940.18836202,503.04725152
대전광역시 서구 탄방동,3017010600,2020,9,14931206.0,2918615.0,6961.680770049999,523.27553161
대전광역시 서구 탄방동,3017010600,2020,10,12502693.0,1829110.0,5829.38561241,327.939282
대전광역시 서구 탄방동,3017010600,2020,11,13812292.0,3272856.0,6439.98666987,586.78704221
대전광역시 서구 탄방동,3017010600,2020,12,15319650.0,5289555.0,7142.79294031,948.35896629
대전광역시 서구 탄방동,3017010600,2021,1,17008040.0,8261046.0,7930.005453279999,1481.11458252
대전광역시 서구 탄방동,3017010600,2021,2,16008744.0,8232068.0,7464.083293520001,1475.91914614
대전광역시 서구 탄방동,3017010600,2021,3,14628573.0,6295627.0,6820.578012710001,1128.73659776
대전광역시 서구 탄방동,3017010600,2021,4,13914971.0,4838666.0,6487.86079471,867.51953352
대전광역시 서구 탄방동,3017010600,2021,5,13708769.0,3124853.0,6391.7190298,560.25173401
대전광역시 서구 탄방동,3017010600,2021,6,14684701.0,2623232.0,6846.74771512,470.31661223
대전광역시 서구 탄방동,3017010600,2021,7,16367332.0,2609456.0,7631.27509198,467.84672718
대전광역시 서구 탄방동,3017010600,2021,8,18152727.0,3163825.0,8463.71622483,567.23898455
대전광역시 서구 탄방동,3017010600,2021,9,15861171.0,2627960.0,7395.27732317,471.16429064
대전광역시 서구 탄방동,3017010600,2021,10,14506623.0,2548084.0,6763.71877635,456.84340338
대전광역시 서구 탄방동,3017010600,2021,11,14244076.0,3513200.0,6641.30613258,629.87807491
대전광역시 서구 탄방동,3017010600,2021,12,15344528.0,5458723.0,7154.39231785,978.68892599
대전광역시 서구 탄방동,3017010600,2022,1,16829473.0,8050907.0,7846.74851809,1443.43897361
대전광역시 서구 탄방동,3017010600,2022,2,16166837.0,8675235.0,7537.79421799,1555.37410928
대전광역시 서구 탄방동,3017010600,2022,3,15621592.0,7355487.0,7283.57351862,1318.75782519
대전광역시 서구 탄방동,3017010600,2022,4,14727671.0,5536358.0,6866.78249484,992.60802664
대전광역시 서구 탄방동,3017010600,2022,5,14420877.0,3109621.0,6723.7396695,557.52080422
대전광역시 서구 탄방동,3017010600,2022,6,15123486.0,2916523.0,7051.33139684,522.90045909
대전광역시 서구 탄방동,3017010600,2022,7,17246429.0,2849443.0,8041.15441972,510.87375374
대전광역시 서구 탄방동,3017010600,2022,8,18377577.0,3281711.0,8568.55262726,588.37464617
대전광역시 서구 탄방동,3017010600,2022,9,16480695.0,3123447.0,7684.13063594,559.99965369
대전광역시 서구 탄방동,3017010600,2022,10,15257777.0,3047355.0,7113.94462925,546.35719599
대전광역시 서구 탄방동,3017010600,2022,11,14481033.0,3597071.0,6751.78742872,644.91522164
대전광역시 서구 탄방동,3017010600,2022,12,15677700.0,5741095.0,7309.73389608,1029.31511623
대전광역시 서구 평촌동,3017012100,2020,1,82509.0,0.0,38.46985423,0.0
대전광역시 서구 평촌동,3017012100,2020,2,73668.0,0.0,34.34773443,0.0
대전광역시 서구 평촌동,3017012100,2020,3,60864.0,0.0,28.37786436,0.0
대전광역시 서구 평촌동,3017012100,2020,4,52882.0,0.0,24.65625365,0.0
대전광역시 서구 평촌동,3017012100,2020,5,40999.0,0.0,19.11580015,0.0
대전광역시 서구 평촌동,3017012100,2020,6,38567.0,0.0,17.98187916,0.0
대전광역시 서구 평촌동,3017012100,2020,7,38838.0,0.0,18.10823301,0.0
대전광역시 서구 평촌동,3017012100,2020,8,48415.0,0.0,22.57351311,0.0
대전광역시 서구 평촌동,3017012100,2020,9,43549.0,0.0,20.30473863,0.0
대전광역시 서구 평촌동,3017012100,2020,10,39407.0,0.0,18.37352948,0.0
대전광역시 서구 평촌동,3017012100,2020,11,57804.0,0.0,26.95113811,0.0
대전광역시 서구 평촌동,3017012100,2020,12,77174.0,0.0,35.98240837,0.0
대전광역시 서구 평촌동,3017012100,2021,1,85262.0,0.0,39.75344158,0.0
대전광역시 서구 평촌동,3017012100,2021,2,72718.0,0.0,33.90479659,0.0
대전광역시 서구 평촌동,3017012100,2021,3,57189.0,0.0,26.66439409,0.0
대전광역시 서구 평촌동,3017012100,2021,4,45355.0,0.0,21.14678689,0.0
대전광역시 서구 평촌동,3017012100,2021,5,34584.0,0.0,16.1248038,0.0
대전광역시 서구 평촌동,3017012100,2021,6,33404.0,0.0,15.57462836,0.0
대전광역시 서구 평촌동,3017012100,2021,7,35471.0,0.0,16.53836795,0.0
대전광역시 서구 평촌동,3017012100,2021,8,37940.0,0.0,17.68954017,0.0
대전광역시 서구 평촌동,3017012100,2021,9,33427.0,0.0,15.58535213,0.0
대전광역시 서구 평촌동,3017012100,2021,10,36369.0,0.0,16.95706078,0.0
대전광역시 서구 평촌동,3017012100,2021,11,45037.0,0.0,20.99851928,0.0
대전광역시 서구 평촌동,3017012100,2021,12,62570.0,0.0,29.17328752,0.0
대전광역시 서구 평촌동,3017012100,2022,1,75111.0,0.0,35.02053378,0.0
대전광역시 서구 평촌동,3017012100,2022,2,72968.0,0.0,34.02135919,0.0
대전광역시 서구 평촌동,3017012100,2022,3,53272.0,0.0,24.83809129,0.0
대전광역시 서구 평촌동,3017012100,2022,4,44024.0,0.0,20.5262076,0.0
대전광역시 서구 평촌동,3017012100,2022,5,31814.0,0.0,14.8332902,0.0
대전광역시 서구 평촌동,3017012100,2022,6,31956.0,0.0,14.89949774,0.0
대전광역시 서구 평촌동,3017012100,2022,7,38925.0,0.0,18.14879681,0.0
대전광역시 서구 평촌동,3017012100,2022,8,42442.0,0.0,19.78859945,0.0
대전광역시 서구 평촌동,3017012100,2022,9,33088.0,0.0,15.42729326,0.0
대전광역시 서구 평촌동,3017012100,2022,10,37991.0,0.0,17.71331896,0.0
대전광역시 서구 평촌동,3017012100,2022,11,49797.0,0.0,23.21787117,0.0
대전광역시 서구 평촌동,3017012100,2022,12,70417.0,0.0,32.8319544,0.0
대전광역시 서구 흑석동,3017011700,2020,1,430430.0,0.0,200.68815966,0.0
대전광역시 서구 흑석동,3017011700,2020,2,396708.0,0.0,184.96526369,0.0
대전광역시 서구 흑석동,3017011700,2020,3,314518.0,0.0,146.64414332,0.0
대전광역시 서구 흑석동,3017011700,2020,4,285684.0,0.0,133.20027926,0.0
대전광역시 서구 흑석동,3017011700,2020,5,234710.0,0.0,109.43363139,0.0
대전광역시 서구 흑석동,3017011700,2020,6,240318.0,0.0,112.04836363,0.0
대전광역시 서구 흑석동,3017011700,2020,7,243090.0,0.0,113.34080975,0.0
대전광역시 서구 흑석동,3017011700,2020,8,283265.0,0.0,132.0724195,0.0
대전광역시 서구 흑석동,3017011700,2020,9,263170.0,0.0,122.70311772,0.0
대전광역시 서구 흑석동,3017011700,2020,10,217999.0,0.0,101.64212094,0.0
대전광역시 서구 흑석동,3017011700,2020,11,276068.0,0.0,128.71681546,0.0
대전광역시 서구 흑석동,3017011700,2020,12,361099.0,0.0,168.36255316,0.0
대전광역시 서구 흑석동,3017011700,2021,1,460315.0,0.0,214.62205284,0.0
대전광역시 서구 흑석동,3017011700,2021,2,384593.0,0.0,179.31664008,0.0
대전광역시 서구 흑석동,3017011700,2021,3,286289.0,0.0,133.48236077,0.0
대전광역시 서구 흑석동,3017011700,2021,4,261343.0,0.0,121.85127831,0.0
대전광역시 서구 흑석동,3017011700,2021,5,226775.0,0.0,105.7339345,0.0
대전광역시 서구 흑석동,3017011700,2021,6,237552.0,0.0,110.75871501,0.0
대전광역시 서구 흑석동,3017011700,2021,7,260979.0,0.0,121.68156316,0.0
대전광역시 서구 흑석동,3017011700,2021,8,275399.0,0.0,128.4048939,0.0
대전광역시 서구 흑석동,3017011700,2021,9,242983.0,0.0,113.29092088,0.0
대전광역시 서구 흑석동,3017011700,2021,10,236710.0,0.0,110.36613218,0.0
대전광역시 서구 흑석동,3017011700,2021,11,299765.0,0.0,139.76555118,0.0
대전광역시 서구 흑석동,3017011700,2021,12,360611.0,0.0,168.13502298,0.0
대전광역시 서구 흑석동,3017011700,2022,1,430396.0,0.0,200.67230715,0.0
대전광역시 서구 흑석동,3017011700,2022,2,410970.0,0.0,191.61492689,0.0
대전광역시 서구 흑석동,3017011700,2022,3,316490.0,0.0,147.5635891,0.0
대전광역시 서구 흑석동,3017011700,2022,4,290007.0,0.0,135.21587974,0.0
대전광역시 서구 흑석동,3017011700,2022,5,229074.0,0.0,106.80584408,0.0
대전광역시 서구 흑석동,3017011700,2022,6,242774.0,0.0,113.1934746,0.0
대전광역시 서구 흑석동,3017011700,2022,7,292614.0,0.0,136.43139458,0.0
대전광역시 서구 흑석동,3017011700,2022,8,319381.0,0.0,148.91151898,0.0
대전광역시 서구 흑석동,3017011700,2022,9,261108.0,0.0,121.74170945,0.0
대전광역시 서구 흑석동,3017011700,2022,10,242064.0,0.0,112.86243684,0.0
대전광역시 서구 흑석동,3017011700,2022,11,295407.0,0.0,137.73363196,0.0
대전광역시 서구 흑석동,3017011700,2022,12,398186.0,0.0,185.6543818,0.0
대전광역시 유성구 가정동,3020012600,2020,1,3393808.0,2037965.0,1582.36433752,365.38468374
대전광역시 유성구 가정동,3020012600,2020,2,3325375.0,2234116.0,1550.4574239,400.55239815
대전광역시 유성구 가정동,3020012600,2020,3,3278959.0,2228076.0,1528.81594532,399.46949263
대전광역시 유성구 가정동,3020012600,2020,4,3070553.0,1427023.0,1431.64656447,255.84951044
대전광역시 유성구 가정동,3020012600,2020,5,3178001.0,961576.0,1481.74423744,172.39998853
대전광역시 유성구 가정동,3020012600,2020,6,3735168.0,621470.0,1741.52357407,111.42272777
대전광역시 유성구 가정동,3020012600,2020,7,3960028.0,447619.0,1846.36463901,80.25315781
대전광역시 유성구 가정동,3020012600,2020,8,3849415.0,1601694.0,1794.79128351,287.16609738
대전광역시 유성구 가정동,3020012600,2020,9,3801467.0,1999146.0,1772.4355093499998,358.42486449
대전광역시 유성구 가정동,3020012600,2020,10,3190362.0,1607150.0,1487.5075586500002,288.1442981
대전광역시 유성구 가정동,3020012600,2020,11,3282323.0,663955.0,1530.38441169,119.03982043
대전광역시 유성구 가정동,3020012600,2020,12,3584332.0,1227356.0,1671.19622873,220.05141595
대전광역시 유성구 가정동,3020012600,2021,1,3783360.0,2063909.0,1763.99311336,370.03615726
대전광역시 유성구 가정동,3020012600,2021,2,3380473.0,2671963.0,1576.14688844,479.05354395
대전광역시 유성구 가정동,3020012600,2021,3,3390334.0,1877555.0,1580.74458363,336.62493707
대전광역시 유성구 가정동,3020012600,2021,4,3218928.0,1212645.0,1500.82646756,217.41389563
대전광역시 유성구 가정동,3020012600,2021,5,3255856.0,722634.0,1518.04416235,129.56031901
대전광역시 유성구 가정동,3020012600,2021,6,3802602.0,711942.0,1772.96470352,127.64336114
대전광역시 유성구 가정동,3020012600,2021,7,4264775.0,1659970.0,1988.45304965,297.61434248
대전광역시 유성구 가정동,3020012600,2021,8,3950243.0,2246652.0,1841.80237885,402.7999649
대전광역시 유성구 가정동,3020012600,2021,9,3684594.0,2069472.0,1717.9434263100002,371.0335418899999
대전광역시 유성구 가정동,3020012600,2021,10,3599414.0,894424.0,1678.22821726,160.36037438
대전광역시 유성구 가정동,3020012600,2021,11,3538796.0,715213.0,1649.96505053,128.22981543
대전광역시 유성구 가정동,3020012600,2021,12,3829957.0,1304292.0,1785.71898323,233.84519356
대전광역시 유성구 가정동,3020012600,2022,1,3939953.0,1942959.0,1837.00466224,348.35115408
대전광역시 유성구 가정동,3020012600,2022,2,3547580.0,2552708.0,1654.0605939999998,457.67243562
대전광역시 유성구 가정동,3020012600,2022,3,3613645.0,2311014.0,1684.8634267000002,414.33936279
대전광역시 유성구 가정동,3020012600,2022,4,3486918.0,1286739.0,1625.77691225,230.69813394
대전광역시 유성구 가정동,3020012600,2022,5,3648191.0,749724.0,1700.97051304,134.41725773
대전광역시 유성구 가정동,3020012600,2022,6,3980585.0,934114.0,1855.94934848,167.47635433
대전광역시 유성구 가정동,3020012600,2022,7,4378441.0,1485696.0,2041.44986762,266.36893326
대전광역시 유성구 가정동,3020012600,2022,8,4079675.0,2069209.0,1902.15010061,370.9863889
대전광역시 유성구 가정동,3020012600,2022,9,3745098.0,2172770.0,1746.15344054,389.55373584
대전광역시 유성구 가정동,3020012600,2022,10,3330215.0,1275104.0,1552.71407585,228.61210657
대전광역시 유성구 가정동,3020012600,2022,11,3322337.0,702539.0,1549.04095518,125.95750678
대전광역시 유성구 가정동,3020012600,2022,12,3670817.0,1129554.0,1711.5198945800005,202.51659428
대전광역시 유성구 갑동,3020011800,2020,1,219618.0,70452.0,102.39698035,12.63126784
대전광역시 유성구 갑동,3020011800,2020,2,208893.0,66225.0,97.39644481,11.87341326
대전광역시 유성구 갑동,3020011800,2020,3,174335.0,53184.0,81.28376349999999,9.53530557
대전광역시 유성구 갑동,3020011800,2020,4,163854.0,54883.0,76.39699306,9.83991757
대전광역시 유성구 갑동,3020011800,2020,5,150262.0,54104.0,70.05971763,9.70025143
대전광역시 유성구 갑동,3020011800,2020,6,163693.0,51898.0,76.32192673,9.30473993
대전광역시 유성구 갑동,3020011800,2020,7,162934.0,42244.0,75.96804263,7.57388404
대전광역시 유성구 갑동,3020011800,2020,8,186924.0,47943.0,87.15338978,8.59565199
대전광역시 유성구 갑동,3020011800,2020,9,184703.0,41911.0,86.11784763,7.51418079
대전광역시 유성구 갑동,3020011800,2020,10,131412.0,47233.0,61.2708976,8.46835679
대전광역시 유성구 갑동,3020011800,2020,11,161923.0,64016.0,75.4966635,11.47736389
대전광역시 유성구 갑동,3020011800,2020,12,197339.0,68398.0,92.00938769,12.26300824
대전광역시 유성구 갑동,3020011800,2021,1,231826.0,87247.0,108.08896524,15.6424264
대전광역시 유성구 갑동,3020011800,2021,2,213560.0,72128.0,99.57243541,12.93175617
대전광역시 유성구 갑동,3020011800,2021,3,160049.0,62562.0,74.62291029,11.21667772
대전광역시 유성구 갑동,3020011800,2021,4,143044.0,57371.0,66.69432222,10.28598858
대전광역시 유성구 갑동,3020011800,2021,5,127104.0,55816.0,59.26229082,10.00719418
대전광역시 유성구 갑동,3020011800,2021,6,148846.0,52686.0,69.39950703,9.44601966
대전광역시 유성구 갑동,3020011800,2021,7,169987.0,46552.0,79.25650673,8.346260990000001
대전광역시 유성구 갑동,3020011800,2021,8,190548.0,42261.0,88.8430812,7.57693196
대전광역시 유성구 갑동,3020011800,2021,9,150170.0,33928.0,70.01682257,6.08291679
대전광역시 유성구 갑동,3020011800,2021,10,133725.0,40887.0,62.34933476,7.33058886
대전광역시 유성구 갑동,3020011800,2021,11,148831.0,54467.0,69.39251329,9.76533335
대전광역시 유성구 갑동,3020011800,2021,12,168010.0,70756.0,78.33472969,12.68577168
대전광역시 유성구 갑동,3020011800,2022,1,211063.0,82658.0,98.4082082,14.81966922
대전광역시 유성구 갑동,3020011800,2022,2,205281.0,75856.0,95.71234838,13.60014552
대전광역시 유성구 갑동,3020011800,2022,3,167466.0,65639.0,78.08108946,11.76834994
대전광역시 유성구 갑동,3020011800,2022,4,142118.0,63099.0,66.26257437,11.3129559
대전광역시 유성구 갑동,3020011800,2022,5,119185.0,55258.0,55.57005391,9.90715095
대전광역시 유성구 갑동,3020011800,2022,6,134197.0,52331.0,62.56940495,9.38237206
대전광역시 유성구 갑동,3020011800,2022,7,206943.0,47350.0,96.4872565,8.48933362
대전광역시 유성구 갑동,3020011800,2022,8,214126.0,46025.0,99.83633315,8.25177571
대전광역시 유성구 갑동,3020011800,2022,9,178037.0,46124.0,83.00982244,8.26952532
대전광역시 유성구 갑동,3020011800,2022,10,211945.0,42371.0,98.81944104,7.596653740000001
대전광역시 유성구 갑동,3020011800,2022,11,250942.0,51952.0,117.00180786,9.31442151
대전광역시 유성구 갑동,3020011800,2022,12,426018.0,77451.0,198.63106291,13.88611145
대전광역시 유성구 계산동,3020010600,2020,1,114241.0,214871.0,53.26491194,38.52400429
대전광역시 유성구 계산동,3020010600,2020,2,101967.0,64414.0,47.54215452,11.54872091
대전광역시 유성구 계산동,3020010600,2020,3,74946.0,210349.0,34.94360248,37.71325947
대전광역시 유성구 계산동,3020010600,2020,4,68995.0,54229.0,32.16894636,9.72266257
대전광역시 유성구 계산동,3020010600,2020,5,71174.0,194664.0,33.18490594,34.90111169
대전광역시 유성구 계산동,3020010600,2020,6,93228.0,44571.0,43.46759231,7.99108951
대전광역시 유성구 계산동,3020010600,2020,7,84873.0,180256.0,39.57207019,32.31791593
대전광역시 유성구 계산동,3020010600,2020,8,104704.0,59795.0,48.81828189,10.72058508
대전광역시 유성구 계산동,3020010600,2020,9,76715.0,9262.0,35.76839941,1.66057462
대전광역시 유성구 계산동,3020010600,2020,10,55688.0,21460.0,25.96455228,3.84754169
대전광역시 유성구 계산동,3020010600,2020,11,72132.0,212692.0,33.63157384,38.13333357
대전광역시 유성구 계산동,3020010600,2020,12,97835.0,75776.0,45.61560789,13.5858024
대전광역시 유성구 계산동,3020010600,2021,1,111744.0,226347.0,52.1006847,40.5815247
대전광역시 유성구 계산동,3020010600,2021,2,92396.0,71182.0,43.07967195,12.76214879
대전광역시 유성구 계산동,3020010600,2021,3,71462.0,215462.0,33.31918606,38.62996405
대전광역시 유성구 계산동,3020010600,2021,4,66210.0,75211.0,30.870439,13.48450412
대전광역시 유성구 계산동,3020010600,2021,5,61697.0,186605.0,28.76625092,33.45622174
대전광역시 유성구 계산동,3020010600,2021,6,79637.0,59821.0,37.13078311,10.72524658
대전광역시 유성구 계산동,3020010600,2021,7,95875.0,187506.0,44.70175713,33.6177611
대전광역시 유성구 계산동,3020010600,2021,8,104870.0,57432.0,48.89567944,10.29692521
대전광역시 유성구 계산동,3020010600,2021,9,77121.0,158510.0,35.957697100000004,28.4190976
대전광역시 유성구 계산동,3020010600,2021,10,89161.0,60745.0,41.57135193,10.89090962
대전광역시 유성구 계산동,3020010600,2021,11,100654.0,197784.0,46.92996774,35.46049334
대전광역시 유성구 계산동,3020010600,2021,12,133086.0,81517.0,62.05140073,14.61510049
대전광역시 유성구 계산동,3020010600,2022,1,182090.0,204965.0,84.89953535000001,36.74796757
대전광역시 유성구 계산동,3020010600,2022,2,116118.0,63038.0,54.14006394,11.30201927
대전광역시 유성구 계산동,3020010600,2022,3,102829.0,183488.0,47.9440624,32.89737795
대전광역시 유성구 계산동,3020010600,2022,4,107376.0,71727.0,50.06410293,12.85986129
대전광역시 유성구 계산동,3020010600,2022,5,95907.0,176353.0,44.71667712,31.61815101
대전광역시 유성구 계산동,3020010600,2022,6,105261.0,40852.0,49.07798336,7.324313759999999
대전광역시 유성구 계산동,3020010600,2022,7,148345.0,144824.0,69.16591558,25.96534849
대전광역시 유성구 계산동,3020010600,2022,8,158519.0,102159.0,73.90954714,18.31598378
대전광역시 유성구 계산동,3020010600,2022,9,122219.0,92145.0,56.98465761,16.52058385
대전광역시 유성구 계산동,3020010600,2022,10,116289.0,90102.0,54.21979272,16.15429644
대전광역시 유성구 계산동,3020010600,2022,11,115904.0,135137.0,54.04028635,24.22857605
대전광역시 유성구 계산동,3020010600,2022,12,150914.0,126611.0,70.36371283999999,22.69995813
대전광역시 유성구 관평동,3020014600,2020,1,7344702.0,2085695.0,3424.4702454,373.94214714
대전광역시 유성구 관평동,3020014600,2020,2,7291148.0,2048060.0,3399.50067142,367.19460605
대전광역시 유성구 관평동,3020014600,2020,3,6514384.0,1965411.0,3037.33414573,352.37655049
대전광역시 유성구 관평동,3020014600,2020,4,6379409.0,1441772.0,2974.40199799,258.49384371
대전광역시 유성구 관평동,3020014600,2020,5,6028678.0,1377305.0,2810.87352894,246.93562049
대전광역시 유성구 관평동,3020014600,2020,6,6721096.0,1165375.0,3133.71369847,208.93890516
대전광역시 유성구 관평동,3020014600,2020,7,7088197.0,1389076.0,3304.87468649,249.04603123
대전광역시 유성구 관평동,3020014600,2020,8,7756688.0,1315367.0,3616.55888269,235.83081913
대전광역시 유성구 관평동,3020014600,2020,9,4877156.0,1255998.0,2273.97593583,225.18661112
대전광역시 유성구 관평동,3020014600,2020,10,3740636.0,899520.0,1744.07303123,161.27403108
대전광역시 유성구 관평동,3020014600,2020,11,6427571.0,1163125.0,2996.85754978,208.53550493
대전광역시 유성구 관평동,3020014600,2020,12,7121057.0,1676751.0,3320.1956747100003,300.62299103
대전광역시 유성구 관평동,3020014600,2021,1,8175719.0,2035590.0,3811.93225404,364.95887237
대전광역시 유성구 관평동,3020014600,2021,2,7860828.0,2155051.0,3665.11419928,386.3769143
대전광역시 유성구 관평동,3020014600,2021,3,6584861.0,1696816.0,3070.19407521,304.2204246
대전광역시 유성구 관평동,3020014600,2021,4,6505811.0,1706858.0,3033.33698105,306.02084458
대전광역시 유성구 관평동,3020014600,2021,5,6151814.0,1300037.0,2868.28573822,233.08231891
대전광역시 유성구 관평동,3020014600,2021,6,6865094.0,1215385.0,3200.85282357,217.90514745
대전광역시 유성구 관평동,3020014600,2021,7,7751385.0,1424272.0,3614.08635676,255.3562864
대전광역시 유성구 관평동,3020014600,2021,8,9595127.0,1630217.0,4473.73180177,292.27995719
대전광역시 유성구 관평동,3020014600,2021,9,7876850.0,1363726.0,3672.58446326,244.50105532
대전광역시 유성구 관평동,3020014600,2021,10,6790093.0,1259872.0,3165.88357724,225.88117672
대전광역시 유성구 관평동,3020014600,2021,11,6819052.0,1295589.0,3179.38572262,232.28484146
대전광역시 유성구 관평동,3020014600,2021,12,7450530.0,1705692.0,3473.81259269,305.81179361
대전광역시 유성구 관평동,3020014600,2022,1,8429121.0,2303033.0,3930.08103791,412.90845736
대전광역시 유성구 관평동,3020014600,2022,2,8214803.0,2251986.0,3830.15518466,403.75629238
대전광역시 유성구 관평동,3020014600,2022,3,7079555.0,2052200.0,3300.84535059,367.93686249
대전광역시 유성구 관평동,3020014600,2022,4,6806855.0,1874157.0,3173.69886647,336.01571309
대전광역시 유성구 관평동,3020014600,2022,5,6412374.0,1412660.0,2989.77194238,253.27438274
대전광역시 유성구 관평동,3020014600,2022,6,7035830.0,1345099.0,3280.45855175,241.16143937
대전광역시 유성구 관평동,3020014600,2022,7,8430115.0,1389489.0,3930.54449084,249.12007754
대전광역시 유성구 관평동,3020014600,2022,8,9617819.0,1686227.0,4484.31195581,302.32193348
대전광역시 유성구 관평동,3020014600,2022,9,8479133.0,1470567.0,3953.39915293,263.65647016
대전광역시 유성구 관평동,3020014600,2022,10,6947108.0,1247832.0,3239.09188383,223.72253726
대전광역시 유성구 관평동,3020014600,2022,11,6803112.0,1279619.0,3171.95369128,229.42159634
대전광역시 유성구 관평동,3020014600,2022,12,7767312.0,1544476.0,3621.51232691,276.90754001
대전광역시 유성구 교촌동,3020010200,2020,1,644108.0,2098263.0,300.31561267,376.19545117
대전광역시 유성구 교촌동,3020010200,2020,2,621042.0,1961309.0,289.56108089,351.64110703
대전광역시 유성구 교촌동,3020010200,2020,3,553095.0,1621039.0,257.88076504,290.63444285
대전광역시 유성구 교촌동,3020010200,2020,4,521677.0,1181119.0,243.23210993,211.76163098
대전광역시 유성구 교촌동,3020010200,2020,5,480066.0,787070.0,223.83096451,141.11298429
대전광역시 유성구 교촌동,3020010200,2020,6,509490.0,454420.0,237.5499163,81.47250222
대전광역시 유성구 교촌동,3020010200,2020,7,512563.0,358855.0,238.98270379,64.33875002
대전광역시 유성구 교촌동,3020010200,2020,8,545807.0,353732.0,254.48273208,63.42025253
대전광역시 유성구 교촌동,3020010200,2020,9,221622.0,41861.0,103.33134609,7.505216349999999
대전광역시 유성구 교촌동,3020010200,2020,10,151220.0,71008.0,70.50638545,12.7309525
대전광역시 유성구 교촌동,3020010200,2020,11,498258.0,1062578.0,232.31299181,190.50853499
대전광역시 유성구 교촌동,3020010200,2020,12,564475.0,1766087.0,263.18669454,316.63995208
대전광역시 유성구 교촌동,3020010200,2021,1,656228.0,2403226.0,305.9665675,430.87195901
대전광역시 유성구 교촌동,3020010200,2021,2,628040.0,2190013.0,292.82390122,392.6452159
대전광역시 유성구 교촌동,3020010200,2021,3,521297.0,1542399.0,243.05493473,276.53515679
대전광역시 유성구 교촌동,3020010200,2021,4,512438.0,1091362.0,238.9244225,195.66918922
대전광역시 유성구 교촌동,3020010200,2021,5,461319.0,688138.0,215.09016825,123.37556607
대전광역시 유성구 교촌동,3020010200,2021,6,494003.0,464975.0,230.32909632,83.36489749
대전광역시 유성구 교촌동,3020010200,2021,7,518741.0,334997.0,241.86319874,60.06127335
대전광역시 유성구 교촌동,3020010200,2021,8,665464.0,265898.0,310.27285614000004,47.67258351
대전광역시 유성구 교촌동,3020010200,2021,9,580367.0,276310.0,270.59634586,49.53934045
대전광역시 유성구 교촌동,3020010200,2021,10,470001.0,402395.0,219.1381543,72.1449926
대전광역시 유성구 교촌동,3020010200,2021,11,517380.0,1016888.0,241.22863198,182.31682107
대전광역시 유성구 교촌동,3020010200,2021,12,571066.0,1610189.0,266.25975093,288.68915734
대전광역시 유성구 교촌동,3020010200,2022,1,653019.0,2333621.0,304.47036998,418.39254897
대전광역시 유성구 교촌동,3020010200,2022,2,642661.0,2224926.0,299.64094831,398.90473233
대전광역시 유성구 교촌동,3020010200,2022,3,534557.0,1755018.0,249.23741509,314.65540226
대전광역시 유성구 교촌동,3020010200,2022,4,535376.0,1258143.0,249.61927412000003,225.57118603
대전광역시 유성구 교촌동,3020010200,2022,5,465416.0,630129.0,217.00039616,112.9751911
대전광역시 유성구 교촌동,3020010200,2022,6,489377.0,386027.0,228.17222196,69.21039041
대전광역시 유성구 교촌동,3020010200,2022,7,566614.0,278407.0,264.18400414,49.91530945
대전광역시 유성구 교촌동,3020010200,2022,8,661465.0,268257.0,308.40832076,48.09552622
대전광역시 유성구 교촌동,3020010200,2022,9,617682.0,280594.0,287.99447955,50.30741451
대전광역시 유성구 교촌동,3020010200,2022,10,494845.0,411096.0,230.72167926,73.70498604
대전광역시 유성구 교촌동,3020010200,2022,11,524104.0,879197.0,244.36369964,157.63034091
대전광역시 유성구 교촌동,3020010200,2022,12,595931.0,1579256.0,277.85306711,283.14321107
대전광역시 유성구 구룡동,3020015300,2020,1,4617.0,0.0,2.1526781,0.0
대전광역시 유성구 구룡동,3020015300,2020,2,4950.0,0.0,2.30793948,0.0
대전광역시 유성구 구룡동,3020015300,2020,3,4275.0,0.0,1.99322045,0.0
대전광역시 유성구 구룡동,3020015300,2020,4,4571.0,0.0,2.13123058,0.0
대전광역시 유성구 구룡동,3020015300,2020,5,4645.0,0.0,2.16573311,0.0
대전광역시 유성구 구룡동,3020015300,2020,6,9868.0,0.0,4.60095895,0.0
대전광역시 유성구 구룡동,3020015300,2020,7,11501.0,0.0,5.3623458600000005,0.0
대전광역시 유성구 구룡동,3020015300,2020,8,8346.0,0.0,3.89132584,0.0
대전광역시 유성구 구룡동,3020015300,2020,9,7523.0,0.0,3.50760176,0.0
대전광역시 유성구 구룡동,3020015300,2020,10,5993.0,0.0,2.79423865,0.0
대전광역시 유성구 구룡동,3020015300,2020,11,7166.0,0.0,3.3411503600000003,0.0
대전광역시 유성구 구룡동,3020015300,2020,12,8369.0,0.0,3.90204961,0.0
대전광역시 유성구 구룡동,3020015300,2021,1,8842.0,0.0,4.12258604,0.0
대전광역시 유성구 구룡동,3020015300,2021,2,6946.0,0.0,3.23857528,0.0
대전광역시 유성구 구룡동,3020015300,2021,3,8385.0,0.0,3.90950961,0.0
대전광역시 유성구 구룡동,3020015300,2021,4,9175.0,0.0,4.27784742,0.0
대전광역시 유성구 구룡동,3020015300,2021,5,8394.0,0.0,3.91370587,0.0
대전광역시 유성구 구룡동,3020015300,2021,6,9075.0,0.0,4.23122238,0.0
대전광역시 유성구 구룡동,3020015300,2021,7,10032.0,0.0,4.677424,0.0
대전광역시 유성구 구룡동,3020015300,2021,8,10246.0,0.0,4.77720159,0.0
대전광역시 유성구 구룡동,3020015300,2021,9,7942.0,0.0,3.70296068,0.0
대전광역시 유성구 구룡동,3020015300,2021,10,7575.0,0.0,3.53184678,0.0
대전광역시 유성구 구룡동,3020015300,2021,11,7236.0,0.0,3.3737879,0.0
대전광역시 유성구 구룡동,3020015300,2021,12,8547.0,0.0,3.98504217,0.0
대전광역시 유성구 구룡동,3020015300,2022,1,10589.0,0.0,4.937125490000001,0.0
대전광역시 유성구 구룡동,3020015300,2022,2,10062.0,0.0,4.69141153,0.0
대전광역시 유성구 구룡동,3020015300,2022,3,7832.0,0.0,3.65167313,0.0
대전광역시 유성구 구룡동,3020015300,2022,4,8430.0,0.0,3.93049088,0.0
대전광역시 유성구 구룡동,3020015300,2022,5,7695.0,0.0,3.58779682,0.0
대전광역시 유성구 구룡동,3020015300,2022,6,8321.0,0.0,3.87966957,0.0
대전광역시 유성구 구룡동,3020015300,2022,7,12960.0,0.0,6.0426052,0.0
대전광역시 유성구 구룡동,3020015300,2022,8,13981.0,0.0,6.51864683,0.0
대전광역시 유성구 구룡동,3020015300,2022,9,10187.0,0.0,4.74969282,0.0
대전광역시 유성구 구룡동,3020015300,2022,10,30226.0,0.0,14.09288458,0.0
대전광역시 유성구 구룡동,3020015300,2022,11,40770.0,0.0,19.00902882,0.0
대전광역시 유성구 구룡동,3020015300,2022,12,60906.0,0.0,28.39744685,0.0
대전광역시 유성구 구성동,3020012400,2020,1,1111761.0,1025794.0,518.35901096,183.91356882
대전광역시 유성구 구성동,3020012400,2020,2,978375.0,956426.0,456.16773511,171.47665024
대전광역시 유성구 구성동,3020012400,2020,3,819931.0,764218.0,382.29315674,137.01587232999998
대전광역시 유성구 구성동,3020012400,2020,4,823925.0,323286.0,384.15536082,57.96161999
대전광역시 유성구 구성동,3020012400,2020,5,962844.0,131683.0,448.92640015,23.6093119
대전광역시 유성구 구성동,3020012400,2020,6,1158095.0,71411.0,539.96225699,12.80320596
대전광역시 유성구 구성동,3020012400,2020,7,1207277.0,284622.0,562.89338417,51.02959052
대전광역시 유성구 구성동,3020012400,2020,8,1364291.0,261195.0,636.10122447,46.82938739
대전광역시 유성구 구성동,3020012400,2020,9,1096328.0,419578.0,511.16336853,75.22571528
대전광역시 유성구 구성동,3020012400,2020,10,874027.0,170538.0,407.51543835,30.57558555
대전광역시 유성구 구성동,3020012400,2020,11,976271.0,115492.0,455.18674427,20.70644388
대전광역시 유성구 구성동,3020012400,2020,12,1265844.0,497876.0,590.20027135,89.26368452
대전광역시 유성구 구성동,3020012400,2021,1,1344757.0,951287.0,626.99348916,170.55528413000002
대전광역시 유성구 구성동,3020012400,2021,2,1066269.0,1123565.0,497.14834776,201.44283253
대전광역시 유성구 구성동,3020012400,2021,3,988904.0,786413.0,461.07688556,140.99519143
대전광역시 유성구 구성동,3020012400,2021,4,828534.0,553191.0,386.30430892,99.18105492
대전광역시 유성구 구성동,3020012400,2021,5,923859.0,137505.0,430.7496283,24.65313238
대전광역시 유성구 구성동,3020012400,2021,6,1176231.0,125798.0,548.41817425,22.55419619
대전광역시 유성구 구성동,3020012400,2021,7,1370762.0,295740.0,639.11833081,53.02292550000001
대전광역시 유성구 구성동,3020012400,2021,8,1273487.0,377058.0,593.76382315,67.60234748
대전광역시 유성구 구성동,3020012400,2021,9,1127031.0,431312.0,525.47865457,77.32949227
대전광역시 유성구 구성동,3020012400,2021,10,985084.0,226627.0,459.29580904,40.63172563
대전광역시 유성구 구성동,3020012400,2021,11,987388.0,148130.0,460.37004996,26.55807789
대전광역시 유성구 구성동,3020012400,2021,12,1278371.0,459356.0,596.0409901,82.35747267
대전광역시 유성구 구성동,3020012400,2022,1,1354558.0,824729.0,631.56320933,147.86482832
대전광역시 유성구 구성동,3020012400,2022,2,1178754.0,898144.0,549.59452401,161.02732941
대전광역시 유성구 구성동,3020012400,2022,3,1038124.0,867250.0,484.02573026,155.48837539
대전광역시 유성구 구성동,3020012400,2022,4,850485.0,548282.0,396.53897147,98.30092527
대전광역시 유성구 구성동,3020012400,2022,5,906725.0,189399.0,422.76089395,33.95715516
대전광역시 유성구 구성동,3020012400,2022,6,1212120.0,103879.0,565.15143486,18.62436084
대전광역시 유성구 구성동,3020012400,2022,7,1428446.0,373479.0,666.01351888,66.96067218
대전광역시 유성구 구성동,3020012400,2022,8,1404791.0,427547.0,654.98436567,76.65446923
대전광역시 유성구 구성동,3020012400,2022,9,1122349.0,455103.0,523.2956702,81.59495659
대전광역시 유성구 구성동,3020012400,2022,10,942618.0,242180.0,439.49601955,43.42020726
대전광역시 유성구 구성동,3020012400,2022,11,990470.0,124651.0,461.8070337,22.34855173
대전광역시 유성구 구성동,3020012400,2022,12,1400377.0,431671.0,652.92633641,77.39385701
대전광역시 유성구 구암동,3020011200,2020,1,1261493.0,745453.0,588.17161587,133.65151446
대전광역시 유성구 구암동,3020011200,2020,2,1275293.0,797775.0,594.60587132,143.03227291
대전광역시 유성구 구암동,3020011200,2020,3,1067817.0,671522.0,497.87010333,120.39650019
대전광역시 유성구 구암동,3020011200,2020,4,1053931.0,532394.0,491.39575036,95.45238183
대전광역시 유성구 구암동,3020011200,2020,5,972198.0,417485.0,453.28770637,74.85046345
대전광역시 유성구 구암동,3020011200,2020,6,1075919.0,313828.0,501.64766407,56.26590475
대전광역시 유성구 구암동,3020011200,2020,7,1109953.0,326204.0,517.51603016,58.48478527
대전광역시 유성구 구암동,3020011200,2020,8,1220268.0,349641.0,568.95044306,62.68678126
대전광역시 유성구 구암동,3020011200,2020,9,1231854.0,281972.0,574.35242021,50.55447477
대전광역시 유성구 구암동,3020011200,2020,10,933558.0,247784.0,435.27179093,44.42494274
대전광역시 유성구 구암동,3020011200,2020,11,1097013.0,413606.0,511.48275012,74.15500145
대전광역시 유성구 구암동,3020011200,2020,12,1280409.0,675525.0,596.99120847,121.11419405
대전광역시 유성구 구암동,3020011200,2021,1,1583614.0,997722.0,738.36066103,178.88056832
대전광역시 유성구 구암동,3020011200,2021,2,1466479.0,988088.0,683.7464202599999,177.15329815
대전광역시 유성구 구암동,3020011200,2021,3,1208248.0,673562.0,563.34611318,120.76224972
대전광역시 유성구 구암동,3020011200,2021,4,1135933.0,640376.0,529.62921555,114.81236544
대전광역시 유성구 구암동,3020011200,2021,5,1038629.0,438600.0,484.26118667,78.63615045
대전광역시 유성구 구암동,3020011200,2021,6,1198448.0,352970.0,558.77685931,63.28363429
대전광역시 유성구 구암동,3020011200,2021,7,1309955.0,318397.0,610.76704274,57.08507615
대전광역시 유성구 구암동,3020011200,2021,8,1575591.0,327021.0,734.61993398,58.63126439
대전광역시 유성구 구암동,3020011200,2021,9,1282554.0,259601.0,597.99131548,46.54360074
대전광역시 유성구 구암동,3020011200,2021,10,1159034.0,259592.0,540.40006601,46.54198715
대전광역시 유성구 구암동,3020011200,2021,11,1204278.0,358314.0,561.49509919,64.24175468
대전광역시 유성구 구암동,3020011200,2021,12,1393686.0,576365.0,649.806655,103.33589798
대전광역시 유성구 구암동,3020011200,2022,1,1657965.0,870384.0,773.02684436,156.05026704
대전광역시 유성구 구암동,3020011200,2022,2,1623841.0,873372.0,757.1165158599999,156.5859826
대전광역시 유성구 구암동,3020011200,2022,3,1358726.0,780840.0,633.50654097,139.9960139
대전광역시 유성구 구암동,3020011200,2022,4,1255125.0,590050.0,585.20253332,105.78946771
대전광역시 유성구 구암동,3020011200,2022,5,1110768.0,330866.0,517.89602427,59.32063051
대전광역시 유성구 구암동,3020011200,2022,6,1230094.0,277955.0,573.5318195,49.83427081
대전광역시 유성구 구암동,3020011200,2022,7,1518875.0,312439.0,708.17607627,56.01687231
대전광역시 유성구 구암동,3020011200,2022,8,1584887.0,336120.0,738.9541977,60.2626149
대전광역시 유성구 구암동,3020011200,2022,9,1362747.0,284039.0,635.38133374,50.92506508
대전광역시 유성구 구암동,3020011200,2022,10,1255949.0,294157.0,585.58672359,52.73911102
대전광역시 유성구 구암동,3020011200,2022,11,1264304.0,458884.0,589.48224564,82.27284829999999
대전광역시 유성구 구암동,3020011200,2022,12,1478254.0,655430.0,689.23651878,117.51138177
대전광역시 유성구 궁동,3020012200,2020,1,1819046.0,7061772.0,848.1309251,1266.0979599399998
대전광역시 유성구 궁동,3020012200,2020,2,1794016.0,7022428.0,836.46067759,1259.0440139900002
대전광역시 유성구 궁동,3020012200,2020,3,1498130.0,4942884.0,698.5037118,886.20467328
대전광역시 유성구 궁동,3020012200,2020,4,1356643.0,1852587.0,632.53534136,332.14844962
대전광역시 유성구 궁동,3020012200,2020,5,1301306.0,2122316.0,606.73444307,380.50788923
대전광역시 유성구 궁동,3020012200,2020,6,1557419.0,1121229.0,726.1472317,201.02401347
대전광역시 유성구 궁동,3020012200,2020,7,1683254.0,2090066.0,784.81785077,374.72581935
대전광역시 유성구 궁동,3020012200,2020,8,1811160.0,1906811.0,844.45407444,341.87021577
대전광역시 유성구 궁동,3020012200,2020,9,1752501.0,2584054.0,817.1042922500001,463.29242826
대전광역시 유성구 궁동,3020012200,2020,10,1230251.0,1728921.0,573.60502087,309.97649756
대전광역시 유성구 궁동,3020012200,2020,11,1325998.0,1511043.0,618.24709793,270.91337124
대전광역시 유성구 궁동,3020012200,2020,12,1526774.0,3699666.0,711.85898824,663.30937551
대전광역시 유성구 궁동,3020012200,2021,1,1782270.0,7129627.0,830.98410042,1278.26361422
대전광역시 유성구 궁동,3020012200,2021,2,1704250.0,7713892.0,794.60724421,1383.01589514
대전광역시 유성구 궁동,3020012200,2021,3,1427531.0,5583908.0,665.58689985,1001.133218
대전광역시 유성구 궁동,3020012200,2021,4,1369795.0,4342801.0,638.6674667,778.61639909
대전광역시 유성구 궁동,3020012200,2021,5,1296284.0,1966246.0,604.39293358,352.52625678000004
대전광역시 유성구 궁동,3020012200,2021,6,1579284.0,1437550.0,736.34179668,257.73688558
대전광역시 유성구 궁동,3020012200,2021,7,1788759.0,2209222.0,834.00959924,396.08917806
대전광역시 유성구 궁동,3020012200,2021,8,2105414.0,2899580.0,981.65011975,519.86276572
대전광역시 유성구 궁동,3020012200,2021,9,1707138.0,2700920.0,795.95377534,484.24521526
대전광역시 유성구 궁동,3020012200,2021,10,1512737.0,1988851.0,705.31423138,356.57908431
대전광역시 유성구 궁동,3020012200,2021,11,1439654.0,2210451.0,671.2392534100001,396.30952426
대전광역시 유성구 궁동,3020012200,2021,12,1652112.0,2014531.0,770.29788077,361.18322559
대전광역시 유성구 궁동,3020012200,2022,1,1906031.0,9825795.0,888.68771619,1761.65684817
대전광역시 유성구 궁동,3020012200,2022,2,1862876.0,7871433.0,868.5666802000001,1411.26126168
대전광역시 유성구 궁동,3020012200,2022,3,1570096.0,7251010.0,732.05788802,1300.02624959
대전광역시 유성구 궁동,3020012200,2022,4,1450195.0,4944808.0,676.15399882,886.5496253900001
대전광역시 유성구 궁동,3020012200,2022,5,1387358.0,1858408.0,646.85622243,333.19209078
대전광역시 유성구 궁동,3020012200,2022,6,1606890.0,1606580.0,749.2131053,288.04210338
대전광역시 유성구 궁동,3020012200,2022,7,1952511.0,876238.0,910.35903474,157.09982485
대전광역시 유성구 궁동,3020012200,2022,8,2082198.0,3007436.0,970.82565036,539.20015889
대전광역시 유성구 궁동,3020012200,2022,9,1780006.0,2993289.0,829.92850951,536.66375757
대전광역시 유성구 궁동,3020012200,2022,10,1561906.0,2289394.0,728.23929728,410.46313485
대전광역시 유성구 궁동,3020012200,2022,11,1451903.0,2058840.0,676.95035443,369.12734136
대전광역시 유성구 궁동,3020012200,2022,12,1692209.0,3809228.0,788.9931232,682.95263562
대전광역시 유성구 금고동,3020014800,2020,1,820052.0,59136.0,382.34957301,10.60243363
대전광역시 유성구 금고동,3020014800,2020,2,713890.0,67677.0,332.85149806000004,12.13374088
대전광역시 유성구 금고동,3020014800,2020,3,698571.0,49936.0,325.70900818,8.95297494
대전광역시 유성구 금고동,3020014800,2020,4,721505.0,36972.0,336.40199485,6.62867249
대전광역시 유성구 금고동,3020014800,2020,5,751964.0,23313.0,350.60351579,4.17976419
대전광역시 유성구 금고동,3020014800,2020,6,753154.0,41909.0,351.15835377,7.51382222
대전광역시 유성구 금고동,3020014800,2020,7,799987.0,49505.0,372.99425876,8.87570138
대전광역시 유성구 금고동,3020014800,2020,8,622899.0,60896.0,290.42690791,10.91798225
대전광역시 유성구 금고동,3020014800,2020,9,678464.0,76264.0,316.33411139000003,13.67329543
대전광역시 유성구 금고동,3020014800,2020,10,680924.0,41414.0,317.48108738,7.42507418
대전광역시 유성구 금고동,3020014800,2020,11,694075.0,24850.0,323.61274638000003,4.45533137
대전광역시 유성구 금고동,3020014800,2020,12,817589.0,49151.0,381.20119828,8.81223308
대전광역시 유성구 금고동,3020014800,2021,1,853205.0,85857.0,397.80717253000006,15.3932147
대전광역시 유성구 금고동,3020014800,2021,2,773882.0,94285.0,360.82279205,16.90426229
대전광역시 유성구 금고동,3020014800,2021,3,807366.0,59101.0,376.43472045,10.59615852
대전광역시 유성구 금고동,3020014800,2021,4,719161.0,29311.0,335.30910392,5.25513955
대전광역시 유성구 금고동,3020014800,2021,5,788204.0,19516.0,367.50043028,3.4990039
대전광역시 유성구 금고동,3020014800,2021,6,686899.0,0.0,320.26693350999994,0.0
대전광역시 유성구 금고동,3020014800,2021,7,721563.0,0.0,336.42903737,0.0
대전광역시 유성구 금고동,3020014800,2021,8,770993.0,0.0,359.47579466,0.0
대전광역시 유성구 금고동,3020014800,2021,9,729191.0,0.0,339.98559543,0.0
대전광역시 유성구 금고동,3020014800,2021,10,692317.0,0.0,322.7930781900001,0.0
대전광역시 유성구 금고동,3020014800,2021,11,564847.0,0.0,263.36013969,0.0
대전광역시 유성구 금고동,3020014800,2021,12,88928.0,0.0,41.46271557,0.0
대전광역시 유성구 금고동,3020014800,2022,1,94659.0,0.0,44.13479662,0.0
대전광역시 유성구 금고동,3020014800,2022,2,80560.0,0.0,37.561132230000005,0.0
대전광역시 유성구 금고동,3020014800,2022,3,79476.0,0.0,37.05571679,0.0
대전광역시 유성구 금고동,3020014800,2022,4,77180.0,0.0,35.98520587,0.0
대전광역시 유성구 금고동,3020014800,2022,5,64679.0,0.0,30.15660962,0.0
대전광역시 유성구 금고동,3020014800,2022,6,93153.0,0.0,43.43262352,0.0
대전광역시 유성구 금고동,3020014800,2022,7,117117.0,0.0,54.60584809,0.0
대전광역시 유성구 금고동,3020014800,2022,8,110146.0,0.0,51.35561656,0.0
대전광역시 유성구 금고동,3020014800,2022,9,99731.0,0.0,46.49961864,0.0
대전광역시 유성구 금고동,3020014800,2022,10,119062.0,0.0,55.51270513,0.0
대전광역시 유성구 금고동,3020014800,2022,11,110969.0,0.0,51.73934064,0.0
대전광역시 유성구 금고동,3020014800,2022,12,109638.0,0.0,51.11876135,0.0
대전광역시 유성구 금탄동,3020015000,2020,1,54.0,0.0,0.02517752,0.0
대전광역시 유성구 금탄동,3020015000,2020,2,96.0,0.0,0.04476003,0.0
대전광역시 유성구 금탄동,3020015000,2020,3,55.0,0.0,0.02564377,0.0
대전광역시 유성구 금탄동,3020015000,2020,4,37.0,0.0,0.01725126,0.0
대전광역시 유성구 금탄동,3020015000,2020,5,35.0,0.0,0.01631876,0.0
대전광역시 유성구 금탄동,3020015000,2020,6,73.0,0.0,0.03403628,0.0
대전광역시 유성구 금탄동,3020015000,2020,7,108.0,0.0,0.05035504,0.0
대전광역시 유성구 금탄동,3020015000,2020,8,122.0,0.0,0.05688255,0.0
대전광역시 유성구 금탄동,3020015000,2020,9,171.0,0.0,0.07972882,0.0
대전광역시 유성구 금탄동,3020015000,2020,10,168.0,0.0,0.07833006,0.0
대전광역시 유성구 금탄동,3020015000,2020,11,136.0,0.0,0.06341005,0.0
대전광역시 유성구 금탄동,3020015000,2020,12,101.0,0.0,0.0470912899999999,0.0
대전광역시 유성구 금탄동,3020015000,2021,1,82.0,0.0,0.03823253,0.0
대전광역시 유성구 금탄동,3020015000,2021,2,236.0,0.0,0.11003509,0.0
대전광역시 유성구 금탄동,3020015000,2021,3,69.0,0.0,0.03217128,0.0
대전광역시 유성구 금탄동,3020015000,2021,4,85.0,0.0,0.03963128,0.0
대전광역시 유성구 금탄동,3020015000,2021,5,87.0,0.0,0.04056378,0.0
대전광역시 유성구 금탄동,3020015000,2021,6,107.0,0.0,0.04988879,0.0
대전광역시 유성구 금탄동,3020015000,2021,7,124.0,0.0,0.05781505,0.0
대전광역시 유성구 금탄동,3020015000,2021,8,133.0,0.0,0.0620113,0.0
대전광역시 유성구 금탄동,3020015000,2021,9,143.0,0.0,0.06667381,0.0
대전광역시 유성구 금탄동,3020015000,2021,10,162.0,0.0,0.07553257,0.0
대전광역시 유성구 금탄동,3020015000,2021,11,202.0,0.0,0.09418258,0.0
대전광역시 유성구 금탄동,3020015000,2021,12,177.0,0.0,0.08252632,0.0
대전광역시 유성구 금탄동,3020015000,2022,1,69.0,0.0,0.03217127,0.0
대전광역시 유성구 금탄동,3020015000,2022,2,68.0,0.0,0.03170502,0.0
대전광역시 유성구 금탄동,3020015000,2022,3,420.0,0.0,0.19582517,0.0
대전광역시 유성구 금탄동,3020015000,2022,4,316.0,0.0,0.1473351199999999,0.0
대전광역시 유성구 금탄동,3020015000,2022,5,191.0,0.0,0.08905382,0.0
대전광역시 유성구 금탄동,3020015000,2022,6,128.0,0.0,0.05968005,0.0
대전광역시 유성구 금탄동,3020015000,2022,7,146.0,0.0,0.06807256,0.0
대전광역시 유성구 금탄동,3020015000,2022,8,282.0,0.0,0.13148262,0.0
대전광역시 유성구 금탄동,3020015000,2022,9,259.0,0.0,0.12075886,0.0
대전광역시 유성구 금탄동,3020015000,2022,10,387.0,0.0,0.1804389,0.0
대전광역시 유성구 금탄동,3020015000,2022,11,409.0,0.0,0.1906964099999999,0.0
대전광역시 유성구 금탄동,3020015000,2022,12,665.0,0.0,0.31005652,0.0
대전광역시 유성구 노은동,3020011900,2020,1,3537431.0,5767069.0,1649.32861874,1033.97196844
대전광역시 유성구 노은동,3020011900,2020,2,3481503.0,5812326.0,1623.25216636,1042.08605021
대전광역시 유성구 노은동,3020011900,2020,3,3179918.0,4877064.0,1482.63803945,874.40387213
대전광역시 유성구 노은동,3020011900,2020,4,3136103.0,3681966.0,1462.20927821,660.13596033
대전광역시 유성구 노은동,3020011900,2020,5,3035964.0,2501464.0,1415.51942941,448.48495068
대전광역시 유성구 노은동,3020011900,2020,6,3388716.0,1485978.0,1579.99019052,266.41949276
대전광역시 유성구 노은동,3020011900,2020,7,3532023.0,1191283.0,1646.80713655,213.58392424
대전광역시 유성구 노은동,3020011900,2020,8,4026966.0,1129308.0,1877.5745083,202.47248917
대전광역시 유성구 노은동,3020011900,2020,9,2328955.0,247847.0,1085.87620029,44.43623799
대전광역시 유성구 노은동,3020011900,2020,10,1865389.0,257594.0,869.73836742,46.18376773
대전광역시 유성구 노은동,3020011900,2020,11,3269298.0,3030700.0,1524.31150022,543.37113789
대전광역시 유성구 노은동,3020011900,2020,12,3646074.0,4903360.0,1699.98346092,879.11845535
대전광역시 유성구 노은동,3020011900,2021,1,4061556.0,7392810.0,1893.70210958,1325.44942809
대전광역시 유성구 노은동,3020011900,2021,2,3777675.0,6326954.0,1761.34247984,1134.35318385
대전광역시 유성구 노은동,3020011900,2021,3,3309824.0,4692887.0,1543.20676388,841.3829640299999
대전광역시 유성구 노은동,3020011900,2021,4,3267182.0,3538228.0,1523.32491437,634.36531969
대전광역시 유성구 노은동,3020011900,2021,5,3117123.0,2251114.0,1453.35984562,403.59995236
대전광역시 유성구 노은동,3020011900,2021,6,3394639.0,1498101.0,1582.75179161,268.59301319
대전광역시 유성구 노은동,3020011900,2021,7,3879112.0,1152581.0,1808.63752164,206.64508182
대전광역시 유성구 노은동,3020011900,2021,8,4481822.0,963139.0,2089.65130027,172.68021724
대전광역시 유성구 노은동,3020011900,2021,9,3748118.0,990772.0,1747.56151676,177.63450985
대전광역시 유성구 노은동,3020011900,2021,10,3287213.0,1251196.0,1532.66437609,224.32566547
대전광역시 유성구 노은동,3020011900,2021,11,3344533.0,3034960.0,1559.38984904,544.13490899
대전광역시 유성구 노은동,3020011900,2021,12,3670716.0,4772530.0,1711.47280331,855.66207695
대전광역시 유성구 노은동,3020011900,2022,1,4154534.0,6740106.0,1937.05313933,1208.42678804
대전광역시 유성구 노은동,3020011900,2022,2,3979206.0,6516509.0,1855.30638914,1168.33830809
대전광역시 유성구 노은동,3020011900,2022,3,3464846.0,5225260.0,1615.48583346,936.8315808
대전광역시 유성구 노은동,3020011900,2022,4,3300589.0,3972145.0,1538.90094148,712.16185975
대전광역시 유성구 노은동,3020011900,2022,5,3119197.0,2113717.0,1454.32684898,378.96618325
대전광역시 유성구 노은동,3020011900,2022,6,3459876.0,1438547.0,1613.16856895,257.91563675
대전광역시 유성구 노은동,3020011900,2022,7,4160205.0,1136243.0,1939.69724533,203.71585833
대전광역시 유성구 노은동,3020011900,2022,8,4529675.0,993310.0,2111.9627806,178.0895453
대전광역시 유성구 노은동,3020011900,2022,9,3816764.0,1068174.0,1779.56774173,191.51183618
대전광역시 유성구 노은동,3020011900,2022,10,3251267.0,1434246.0,1515.90453928,257.14451481
대전광역시 유성구 노은동,3020011900,2022,11,3331611.0,2735113.0,1553.36496144,490.37564358
대전광역시 유성구 노은동,3020011900,2022,12,3786601.0,4835984.0,1765.5042309,867.03868046
대전광역시 유성구 대동,3020014900,2020,1,13508.0,0.0,6.29811039,0.0
대전광역시 유성구 대동,3020014900,2020,2,12871.0,0.0,6.001108909999999,0.0
대전광역시 유성구 대동,3020014900,2020,3,10106.0,0.0,4.71192652,0.0
대전광역시 유성구 대동,3020014900,2020,4,8862.0,0.0,4.13191105,0.0
대전광역시 유성구 대동,3020014900,2020,5,6631.0,0.0,3.0917064,0.0
대전광역시 유성구 대동,3020014900,2020,6,7740.0,0.0,3.6087781,0.0
대전광역시 유성구 대동,3020014900,2020,7,6107.0,0.0,2.8473912,0.0
대전광역시 유성구 대동,3020014900,2020,8,5870.0,0.0,2.73688985,0.0
대전광역시 유성구 대동,3020014900,2020,9,6032.0,0.0,2.8124224000000004,0.0
대전광역시 유성구 대동,3020014900,2020,10,5217.0,0.0,2.43242833,0.0
대전광역시 유성구 대동,3020014900,2020,11,9961.0,0.0,4.64432024,0.0
대전광역시 유성구 대동,3020014900,2020,12,16960.0,0.0,7.90760678,0.0
대전광역시 유성구 대동,3020014900,2021,1,15419.0,0.0,7.18911491,0.0
대전광역시 유성구 대동,3020014900,2021,2,13758.0,0.0,6.414673,0.0
대전광역시 유성구 대동,3020014900,2021,3,10883.0,0.0,5.07420309,0.0
대전광역시 유성구 대동,3020014900,2021,4,10662.0,0.0,4.97116177,0.0
대전광역시 유성구 대동,3020014900,2021,5,9870.0,0.0,4.60189145,0.0
대전광역시 유성구 대동,3020014900,2021,6,6424.0,0.0,2.9951925700000004,0.0
대전광역시 유성구 대동,3020014900,2021,7,6804.0,0.0,3.17236771,0.0
대전광역시 유성구 대동,3020014900,2021,8,7032.0,0.0,3.27867282,0.0
대전광역시 유성구 대동,3020014900,2021,9,5909.0,0.0,2.75507362,0.0
대전광역시 유성구 대동,3020014900,2021,10,5710.0,0.0,2.66228978,0.0
대전광역시 유성구 대동,3020014900,2021,11,9686.0,0.0,4.51610137,0.0
대전광역시 유성구 대동,3020014900,2021,12,12113.0,0.0,5.64769111,0.0
대전광역시 유성구 대동,3020014900,2022,1,15198.0,0.0,7.08607358,0.0
대전광역시 유성구 대동,3020014900,2022,2,12606.0,0.0,5.87755254,0.0
대전광역시 유성구 대동,3020014900,2022,3,7796.0,0.0,3.63488812,0.0
대전광역시 유성구 대동,3020014900,2022,4,5862.0,0.0,2.73315985,0.0
대전광역시 유성구 대동,3020014900,2022,5,5360.0,0.0,2.49910214,0.0
대전광역시 유성구 대동,3020014900,2022,6,6023.0,0.0,2.80822617,0.0
대전광역시 유성구 대동,3020014900,2022,7,7196.0,0.0,3.35513788,0.0
대전광역시 유성구 대동,3020014900,2022,8,6196.0,0.0,2.88888747,0.0
대전광역시 유성구 대동,3020014900,2022,9,5455.0,0.0,2.54339593,0.0
대전광역시 유성구 대동,3020014900,2022,10,5922.0,0.0,2.76113486,0.0
대전광역시 유성구 대동,3020014900,2022,11,7628.0,0.0,3.55655806,0.0
대전광역시 유성구 대동,3020014900,2022,12,15692.0,0.0,7.31640128,0.0
대전광역시 유성구 대정동,3020010300,2020,1,2672734.0,3039019.0,1246.16329661,544.86264296
대전광역시 유성구 대정동,3020010300,2020,2,2561234.0,3618227.0,1194.17637695,648.70825952
대전광역시 유성구 대정동,3020010300,2020,3,2259928.0,3164128.0,1053.69233397,567.29330906
대전광역시 유성구 대정동,3020010300,2020,4,2027532.0,2419293.0,945.33760605,433.75259518
대전광역시 유성구 대정동,3020010300,2020,5,1806393.0,1866708.0,842.2314588,334.68018941
대전광역시 유성구 대정동,3020010300,2020,6,1987402.0,1055771.0,926.62697749,189.2881148
대전광역시 유성구 대정동,3020010300,2020,7,2030539.0,1049715.0,946.73962098,188.20234071
대전광역시 유성구 대정동,3020010300,2020,8,2275319.0,991857.0,1060.86839388,177.82903841
대전광역시 유성구 대정동,3020010300,2020,9,1781072.0,779223.0,830.42553241,139.7061036
대전광역시 유성구 대정동,3020010300,2020,10,1369814.0,653895.0,638.67632542,117.23617322
대전광역시 유성구 대정동,3020010300,2020,11,2014217.0,1332263.0,939.12948196,238.86008588
대전광역시 유성구 대정동,3020010300,2020,12,2408865.0,2148687.0,1123.13426982,385.23591915
대전광역시 유성구 대정동,3020010300,2021,1,2787505.0,3870235.0,1299.67532123,693.89051896
대전광역시 유성구 대정동,3020010300,2021,2,2594502.0,4221254.0,1209.68759533,756.82436046
대전광역시 유성구 대정동,3020010300,2021,3,2022552.0,3101958.0,943.01567897,556.14691263
대전광역시 유성구 대정동,3020010300,2021,4,1857320.0,2444095.0,865.9761929599999,438.19932068
대전광역시 유성구 대정동,3020010300,2021,5,1608082.0,1505357.0,749.76887574,269.89393408
대전광역시 유성구 대정동,3020010300,2021,6,1810278.0,1063269.0,844.0428415599999,190.63242367
대전광역시 유성구 대정동,3020010300,2021,7,1996498.0,963457.0,930.86799112,172.73723113
대전광역시 유성구 대정동,3020010300,2021,8,2373498.0,686410.0,1106.64439189,123.0657547
대전광역시 유성구 대정동,3020010300,2021,9,2025622.0,1139372.0,944.4470677,204.27685357
대전광역시 유성구 대정동,3020010300,2021,10,1737893.0,861116.0,810.29330638,154.38861675
대전광역시 유성구 대정동,3020010300,2021,11,1943023.0,1326888.0,905.93525102,237.89640754
대전광역시 유성구 대정동,3020010300,2021,12,2236839.0,2161882.0,1042.92707849,387.60163735
대전광역시 유성구 대정동,3020010300,2022,1,2691343.0,3529846.0,1254.83975032,632.86251939
대전광역시 유성구 대정동,3020010300,2022,2,2558813.0,3870594.0,1193.04758479,693.95488368
대전광역시 유성구 대정동,3020010300,2022,3,2046502.0,3412659.0,954.18237611,611.8521806900001
대전광역시 유성구 대정동,3020010300,2022,4,1929094.0,2786765.0,899.44084912,499.63627842
대전광역시 유성구 대정동,3020010300,2022,5,1645154.0,1444178.0,767.05371058,258.92521306000003
대전광역시 유성구 대정동,3020010300,2022,6,1803666.0,981340.0,840.95999389,175.94345612
대전광역시 유성구 대정동,3020010300,2022,7,2219880.0,959168.0,1035.01993797,171.96826066
대전광역시 유성구 대정동,3020010300,2022,8,2743636.0,1006001.0,1279.22138242,180.36490187
대전광역시 유성구 대정동,3020010300,2022,9,2388389.0,1018243.0,1113.58732664,182.55975767
대전광역시 유성구 대정동,3020010300,2022,10,2056380.0,796329.0,958.78799759,142.77302102
대전광역시 유성구 대정동,3020010300,2022,11,2254411.0,1132677.0,1051.12003055,203.07651379
대전광역시 유성구 대정동,3020010300,2022,12,2736809.0,1908740.0,1276.03829099,342.21606418
대전광역시 유성구 덕명동,3020011300,2020,1,1444568.0,2152420.0,673.53040781,385.9052049
대전광역시 유성구 덕명동,3020011300,2020,2,1368262.0,1812647.0,637.95270481,324.98764738
대전광역시 유성구 덕명동,3020011300,2020,3,1177878.0,1363162.0,549.18608865,244.39993639
대전광역시 유성구 덕명동,3020011300,2020,4,1140914.0,1181027.0,531.95160887,211.74513643
대전광역시 유성구 덕명동,3020011300,2020,5,1054637.0,947412.0,491.72492308,169.86053929
대전광역시 유성구 덕명동,3020011300,2020,6,1093140.0,693664.0,509.67696223,124.36631701
대전광역시 유성구 덕명동,3020011300,2020,7,1082848.0,597171.0,504.87831316,107.06618463
대전광역시 유성구 덕명동,3020011300,2020,8,1207952.0,655814.0,563.20810319,117.5802288
대전광역시 유성구 덕명동,3020011300,2020,9,682006.0,491800.0,317.98557032,88.17432464
대전광역시 유성구 덕명동,3020011300,2020,10,547247.0,688375.0,255.1541326,123.41805757
대전광역시 유성구 덕명동,3020011300,2020,11,1122610.0,880062.0,523.41736151,157.78542591
대전광역시 유성구 덕명동,3020011300,2020,12,1241090.0,1552025.0,578.65870895,278.26099257
대전광역시 유성구 덕명동,3020011300,2021,1,1429786.0,2138426.0,666.63829443,383.39623481
대전광역시 유성구 덕명동,3020011300,2021,2,1333398.0,1869100.0,621.69735086,335.10904867
대전광역시 유성구 덕명동,3020011300,2021,3,1101077.0,1499451.0,513.3775917,268.83505329
대전광역시 유성구 덕명동,3020011300,2021,4,1083563.0,1441769.0,505.21168215,258.49330587
대전광역시 유성구 덕명동,3020011300,2021,5,1002424.0,828629.0,467.38059099,148.5640554
대전광역시 유성구 덕명동,3020011300,2021,6,1059580.0,751483.0,494.02959889,134.73262702
대전광역시 유성구 덕명동,3020011300,2021,7,1136957.0,754520.0,530.10665603,135.27712769
대전광역시 유성구 덕명동,3020011300,2021,8,1453935.0,842596.0,677.89777531,151.06818465
대전광역시 유성구 덕명동,3020011300,2021,9,1143426.0,687434.0,533.1228298999999,123.24934666
대전광역시 유성구 덕명동,3020011300,2021,10,1041255.0,886081.0,485.48556022,158.86456634
대전광역시 유성구 덕명동,3020011300,2021,11,1159353.0,941751.0,540.54879998,168.84558435
대전광역시 유성구 덕명동,3020011300,2021,12,1310497.0,1614651.0,611.01975043,289.4891448
대전광역시 유성구 덕명동,3020011300,2022,1,1483058.0,1992385.0,691.47638572,357.21269158
대전광역시 유성구 덕명동,3020011300,2022,2,1451296.0,1346136.0,676.66734048,241.34736196
대전광역시 유성구 덕명동,3020011300,2022,3,1222761.0,1868508.0,570.11280538,335.00290965
대전광역시 유성구 덕명동,3020011300,2022,4,1207698.0,1961773.0,563.0896756,351.7242971
대전광역시 유성구 덕명동,3020011300,2022,5,1073319.0,618933.0,500.43541308,110.96787161
대전광역시 유성구 덕명동,3020011300,2022,6,1158713.0,1195801.0,540.25039978,214.39395193
대전광역시 유성구 덕명동,3020011300,2022,7,1399274.0,1224243.0,652.41206218,219.49328928
대전광역시 유성구 덕명동,3020011300,2022,8,1519743.0,1257654.0,708.58078164,225.48351375
대전광역시 유성구 덕명동,3020011300,2022,9,1290658.0,1318164.0,601.76980878,236.33229047
대전광역시 유성구 덕명동,3020011300,2022,10,1241732.0,1094837.0,578.95804169,196.29221847
대전광역시 유성구 덕명동,3020011300,2022,11,1308778.0,1016944.0,610.21826603,182.32686125
대전광역시 유성구 덕명동,3020011300,2022,12,1468075.0,1534847.0,684.49055597,275.18116635
대전광역시 유성구 덕진동,3020013100,2020,1,2860525.0,2727444.0,1333.72092545,489.00067633
대전광역시 유성구 덕진동,3020013100,2020,2,2552244.0,2824237.0,1189.98478588,506.35459542
대전광역시 유성구 덕진동,3020013100,2020,3,2500962.0,2399712.0,1166.07453288,430.24193751
대전광역시 유성구 덕진동,3020013100,2020,4,2148382.0,1761243.0,1001.68396686,315.77147622
대전광역시 유성구 덕진동,3020013100,2020,5,2147135.0,318928.0,1001.1025526,57.180278570000006
대전광역시 유성구 덕진동,3020013100,2020,6,3306744.0,125667.0,1541.77071269,22.53070934
대전광역시 유성구 덕진동,3020013100,2020,7,2983068.0,891124.0,1390.8566482099998,159.76872071
대전광역시 유성구 덕진동,3020013100,2020,8,3170381.0,1491391.0,1478.19140941,267.38998406
대전광역시 유성구 덕진동,3020013100,2020,9,2569223.0,1427324.0,1197.90125143,255.90347642
대전광역시 유성구 덕진동,3020013100,2020,10,3282507.0,1354951.0,1530.47020176,242.92779445
대전광역시 유성구 덕진동,3020013100,2020,11,2642059.0,118106.0,1231.86106557,21.17510529
대전광역시 유성구 덕진동,3020013100,2020,12,2956306.0,1159000.0,1378.3788550099998,207.79593784
대전광역시 유성구 덕진동,3020013100,2021,1,3230182.0,3432664.0,1506.0736495699998,615.4388569
대전광역시 유성구 덕진동,3020013100,2021,2,2585048.0,3846836.0,1205.27966402,689.6953359
대전광역시 유성구 덕진동,3020013100,2021,3,3054636.0,2677010.0,1424.2252568600002,479.95841548
대전광역시 유성구 덕진동,3020013100,2021,4,2895634.0,1581323.0,1350.0905107500002,283.51380138
대전광역시 유성구 덕진동,3020013100,2021,5,3026684.0,309338.0,1411.19262567,55.46089717
대전광역시 유성구 덕진동,3020013100,2021,6,3060451.0,172647.0,1426.93650293,30.95370602
대전광역시 유성구 덕진동,3020013100,2021,7,3360088.0,1359300.0,1566.6423740300002,243.70752226
대전광역시 유성구 덕진동,3020013100,2021,8,3137566.0,2482809.0,1462.8914025299998,445.1403146
대전광역시 유성구 덕진동,3020013100,2021,9,2877139.0,2477169.0,1341.4672095899998,444.1291247
대전광역시 유성구 덕진동,3020013100,2021,10,3096559.0,1420649.0,1443.77187237,254.70672243
대전광역시 유성구 덕진동,3020013100,2021,11,3603914.0,1280869.0,1680.3263440700002,229.64570759
대전광역시 유성구 덕진동,3020013100,2021,12,3138166.0,1185022.0,1463.17115278,212.4613959
대전광역시 유성구 덕진동,3020013100,2022,1,3486600.0,3233652.0,1625.62864465,579.7581967
대전광역시 유성구 덕진동,3020013100,2022,2,3386875.0,3606829.0,1579.13182351,646.66472361
대전광역시 유성구 덕진동,3020013100,2022,3,3303976.0,2976064.0,1540.48013159,533.57550469
대전광역시 유성구 덕진동,3020013100,2022,4,2628930.0,1970394.0,1225.73966408,353.26994749
대전광역시 유성구 덕진동,3020013100,2022,5,2266799.0,259476.0,1056.8959404599998,46.52118962
대전광역시 유성구 덕진동,3020013100,2022,6,2664199.0,225334.0,1242.18384943,40.39990497
대전광역시 유성구 덕진동,3020013100,2022,7,4032606.0,1208821.0,1880.20416055,216.72829454
대전광역시 유성구 덕진동,3020013100,2022,8,3292214.0,2626055.0,1534.9960943800002,470.82274507
대전광역시 유성구 덕진동,3020013100,2022,9,2550021.0,2334143.0,1188.94831126,418.48613781
대전광역시 유성구 덕진동,3020013100,2022,10,2273164.0,1190212.0,1059.86362427,213.39190575
대전광역시 유성구 덕진동,3020013100,2022,11,2907212.0,195812.0,1355.48875789,35.10693544
대전광역시 유성구 덕진동,3020013100,2022,12,3273016.0,1085216.0,1526.0450192,194.5672791
대전광역시 유성구 도룡동,3020012700,2020,1,7368441.0,9571175.0,3435.53856363,1716.00628588
대전광역시 유성구 도룡동,3020012700,2020,2,6910247.0,9811139.0,3221.9054278500003,1759.02918872
대전광역시 유성구 도룡동,3020012700,2020,3,6518037.0,8205224.0,3039.03735843,1471.10631255
대전광역시 유성구 도룡동,3020012700,2020,4,6558297.0,6591982.0,3057.80859956,1181.8697859
대전광역시 유성구 도룡동,3020012700,2020,5,7261090.0,5306781.0,3385.48611693,951.44739842
대전광역시 유성구 도룡동,3020012700,2020,6,8587959.0,4069945.0,4004.13931893,729.69632288
대전광역시 유성구 도룡동,3020012700,2020,7,9127264.0,5252699.0,4255.59049089,941.75109135
대전광역시 유성구 도룡동,3020012700,2020,8,10144287.0,5182070.0,4729.77787147,929.08808937
대전광역시 유성구 도룡동,3020012700,2020,9,8215835.0,5012588.0,3830.63635509,898.701833
대전광역시 유성구 도룡동,3020012700,2020,10,6822084.0,4973694.0,3180.79939381,891.7285671
대전광역시 유성구 도룡동,3020012700,2020,11,7349502.0,5434702.0,3426.7082473,974.38222515
대전광역시 유성구 도룡동,3020012700,2020,12,8351569.0,6997279.0,3893.92238687,1254.53507514
대전광역시 유성구 도룡동,3020012700,2021,1,9249853.0,11221882.0,4312.7476612,2011.95987443
대전광역시 유성구 도룡동,3020012700,2021,2,7859955.0,12201627.0,3664.70716278,2187.61736462
대전광역시 유성구 도룡동,3020012700,2021,3,7251986.0,8941227.0,3381.24137332,1603.06354605
대전광역시 유성구 도룡동,3020012700,2021,4,6768745.0,7321170.0,3155.93006372,1312.60516496
대전광역시 유성구 도룡동,3020012700,2021,5,7148433.0,5610886.0,3332.95974559,1005.97007629
대전광역시 유성구 도룡동,3020012700,2021,6,8325021.0,4983426.0,3881.54437128,893.47340752
대전광역시 유성구 도룡동,3020012700,2021,7,9865192.0,6353715.0,4599.64971606,1139.15113649
대전광역시 유성구 도룡동,3020012700,2021,8,10651067.0,6610431.0,4966.06424916,1185.17748849
대전광역시 유성구 도룡동,3020012700,2021,9,8824561.0,6322124.0,4114.45509607,1133.48721803
대전광역시 유성구 도룡동,3020012700,2021,10,11473103.0,5754493.0,5349.338862979999,1031.7172301
대전광역시 유성구 도룡동,3020012700,2021,11,10467374.0,6406493.0,4880.41731442,1148.61365071
대전광역시 유성구 도룡동,3020012700,2021,12,11731438.0,7989204.0,5469.78766013,1432.37630521
대전광역시 유성구 도룡동,3020012700,2022,1,12702206.0,10527339.0,5922.4086284,1887.43596234
대전광역시 유성구 도룡동,3020012700,2022,2,11113693.0,12014907.0,5181.76380675,2154.14052469
대전광역시 유성구 도룡동,3020012700,2022,3,10096611.0,10092522.0,4707.548917380001,1809.47806219
대전광역시 유성구 도룡동,3020012700,2022,4,9772157.0,8855521.0,4556.27211013,1587.69740401
대전광역시 유성구 도룡동,3020012700,2022,5,10365696.0,5328440.0,4833.00990628,955.33061865
대전광역시 유성구 도룡동,3020012700,2022,6,11749069.0,5120708.0,5478.008120920001,918.08655842
대전광역시 유성구 도룡동,3020012700,2022,7,14427425.0,7350645.0,6726.79267723,1317.88970792
대전광역시 유성구 도룡동,3020012700,2022,8,14846299.0,9092042.0,6922.09284725,1630.10301488
대전광역시 유성구 도룡동,3020012700,2022,9,12458375.0,8719238.0,5808.722327089999,1563.26336275
대전광역시 유성구 도룡동,3020012700,2022,10,11749945.0,7015119.0,5478.41655625,1257.73359067
대전광역시 유성구 도룡동,3020012700,2022,11,10659449.0,6367340.0,4969.972360029999,1141.59394893
대전광역시 유성구 도룡동,3020012700,2022,12,12135033.0,8322402.0,5657.96399022,1492.11503763
대전광역시 유성구 둔곡동,3020015200,2020,1,15375.0,0.0,7.1685999,0.0
대전광역시 유성구 둔곡동,3020015200,2020,2,15300.0,0.0,7.13363112,0.0
대전광역시 유성구 둔곡동,3020015200,2020,3,15343.0,0.0,7.1536799,0.0
대전광역시 유성구 둔곡동,3020015200,2020,4,14729.0,0.0,6.86740215,0.0
대전광역시 유성구 둔곡동,3020015200,2020,5,15289.0,0.0,7.128502360000001,0.0
대전광역시 유성구 둔곡동,3020015200,2020,6,21705.0,0.0,10.11996493,0.0
대전광역시 유성구 둔곡동,3020015200,2020,7,22185.0,0.0,10.34376512,0.0
대전광역시 유성구 둔곡동,3020015200,2020,8,24707.0,0.0,11.51964863,0.0
대전광역시 유성구 둔곡동,3020015200,2020,9,16567.0,0.0,7.72437038,0.0
대전광역시 유성구 둔곡동,3020015200,2020,10,13461.0,0.0,6.27619664,0.0
대전광역시 유성구 둔곡동,3020015200,2020,11,12526.0,0.0,5.84025251,0.0
대전광역시 유성구 둔곡동,3020015200,2020,12,16420.0,0.0,7.65583157,0.0
대전광역시 유성구 둔곡동,3020015200,2021,1,20726.0,0.0,9.66350579,0.0
대전광역시 유성구 둔곡동,3020015200,2021,2,16378.0,0.0,7.63624906,0.0
대전광역시 유성구 둔곡동,3020015200,2021,3,14124.0,0.0,6.58532065,0.0
대전광역시 유성구 둔곡동,3020015200,2021,4,13725.0,0.0,6.39928673,0.0
대전광역시 유성구 둔곡동,3020015200,2021,5,15216.0,0.0,7.094466090000001,0.0
대전광역시 유성구 둔곡동,3020015200,2021,6,19420.0,0.0,9.05458278,0.0
대전광역시 유성구 둔곡동,3020015200,2021,7,26064.0,0.0,12.15235042,0.0
대전광역시 유성구 둔곡동,3020015200,2021,8,26430.0,0.0,12.32299807,0.0
대전광역시 유성구 둔곡동,3020015200,2021,9,18281.0,0.0,8.52352357,0.0
대전광역시 유성구 둔곡동,3020015200,2021,10,16555.0,0.0,7.718775369999999,0.0
대전광역시 유성구 둔곡동,3020015200,2021,11,15879.0,0.0,7.40359011,0.0
대전광역시 유성구 둔곡동,3020015200,2021,12,18908.0,0.0,8.81586256,0.0
대전광역시 유성구 둔곡동,3020015200,2022,1,23127.0,0.0,10.782973,0.0
대전광역시 유성구 둔곡동,3020015200,2022,2,22224.0,0.0,10.36194888,0.0
대전광역시 유성구 둔곡동,3020015200,2022,3,15293.0,0.0,7.13036736,0.0
대전광역시 유성구 둔곡동,3020015200,2022,4,14866.0,0.0,6.931278450000001,0.0
대전광역시 유성구 둔곡동,3020015200,2022,5,19687.0,0.0,9.17907163,0.0
대전광역시 유성구 둔곡동,3020015200,2022,6,23191.0,0.0,10.81281303,0.0
대전광역시 유성구 둔곡동,3020015200,2022,7,27046.0,207740.0,12.61020831,37.2454945
대전광역시 유성구 둔곡동,3020015200,2022,8,26371.0,416837.0,12.29548931,74.73428416
대전광역시 유성구 둔곡동,3020015200,2022,9,25171.0,139240.0,11.73598881,24.96419878
대전광역시 유성구 둔곡동,3020015200,2022,10,21263.0,44279.0,9.91388226,7.938737120000001
대전광역시 유성구 둔곡동,3020015200,2022,11,20505.0,78165.0,9.56046445,14.01412379
대전광역시 유성구 둔곡동,3020015200,2022,12,27217.0,199854.0,12.68993713,35.83162154
대전광역시 유성구 문지동,3020014000,2020,1,2500657.0,3788394.0,1165.9323265,679.21732884
대전광역시 유성구 문지동,3020014000,2020,2,2412227.0,4207470.0,1124.70180361,754.35304103
대전광역시 유성구 문지동,3020014000,2020,3,2212665.0,3614741.0,1031.65594134,648.08325807
대전광역시 유성구 문지동,3020014000,2020,4,2003555.0,2956804.0,934.15832016,530.12239877
대전광역시 유성구 문지동,3020014000,2020,5,1974691.0,2160400.0,920.70046861,387.33593107
대전광역시 유성구 문지동,3020014000,2020,6,2374562.0,1499866.0,1107.1404823,268.90945823
대전광역시 유성구 문지동,3020014000,2020,7,2537720.0,1866260.0,1183.21296507,334.59986793
대전광역시 유성구 문지동,3020014000,2020,8,2692573.0,2060845.0,1255.41323828,369.4868158
대전광역시 유성구 문지동,3020014000,2020,9,2573880.0,1318772.0,1200.07257954,236.44129815
대전광역시 유성구 문지동,3020014000,2020,10,2009906.0,1799037.0,937.11947645,322.54752426000005
대전광역시 유성구 문지동,3020014000,2020,11,10697843.0,1438466.0,4987.87357787,257.90111434
대전광역시 유성구 문지동,3020014000,2020,12,2767432.0,2454606.0,1290.31627696,440.08382726
대전광역시 유성구 문지동,3020014000,2021,1,3040557.0,4409915.0,1417.66091746,790.64920036
대전광역시 유성구 문지동,3020014000,2021,2,2656825.0,5059309.0,1238.74571898,907.07839383
대전광역시 유성구 문지동,3020014000,2021,3,2373966.0,3823255.0,1106.86259706,685.46752227
대전광역시 유성구 문지동,3020014000,2021,4,2131205.0,2398816.0,993.67518373,430.08129457
대전광역시 유성구 문지동,3020014000,2021,5,2135699.0,1714355.0,995.77051302,307.36497411
대전광역시 유성구 문지동,3020014000,2021,6,2491811.0,1388795.0,1161.80787545,248.99565098
대전광역시 유성구 문지동,3020014000,2021,7,2895269.0,1869426.0,1349.92032937,335.16749687
대전광역시 유성구 문지동,3020014000,2021,8,3083434.0,2557170.0,1437.65233585,458.47242309
대전광역시 유성구 문지동,3020014000,2021,9,2718533.0,2394390.0,1267.51709868,429.28776149
대전광역시 유성구 문지동,3020014000,2021,10,2419011.0,1789810.0,1127.86484633,320.89322476
대전광역시 유성구 문지동,3020014000,2021,11,2387476.0,1598198.0,1113.16163998,286.53930306
대전광역시 유성구 문지동,3020014000,2021,12,2869096.0,2405923.0,1337.71715763,431.35550142
대전광역시 유성구 문지동,3020014000,2022,1,3009351.0,4282448.0,1403.11110752,767.79577082
대전광역시 유성구 문지동,3020014000,2022,2,2681481.0,4830107.0,1250.24158883,865.9849990600001
대전광역시 유성구 문지동,3020014000,2022,3,2377715.0,4309209.0,1108.61056983,772.5937234600001
대전광역시 유성구 문지동,3020014000,2022,4,2145083.0,3086896.0,1000.14580676,553.44646185
대전광역시 유성구 문지동,3020014000,2022,5,2057521.0,1731347.0,959.31998924,310.41145262
대전광역시 유성구 문지동,3020014000,2022,6,2362011.0,1396943.0,1101.28857354,250.45649763
대전광역시 유성구 문지동,3020014000,2022,7,2954579.0,2100265.0,1377.57364056,376.55438773
대전광역시 유성구 문지동,3020014000,2022,8,3010599.0,2451180.0,1403.692988,439.46958317
대전광역시 유성구 문지동,3020014000,2022,9,2641277.0,2385248.0,1231.49645772,427.64870157
대전광역시 유성구 문지동,3020014000,2022,10,2230921.0,1787082.0,1040.16780861,320.40412437
대전광역시 유성구 문지동,3020014000,2022,11,2204538.0,1491325.0,1027.8667243,267.378151
대전광역시 유성구 문지동,3020014000,2022,12,2819360.0,1905429.0,1314.52772771,341.62243835
대전광역시 유성구 반석동,3020013900,2020,1,3064477.0,6211913.0,1428.81362706,1113.72759927
대전광역시 유성구 반석동,3020013900,2020,2,2991316.0,6141441.0,1394.70228151,1101.09274562
대전광역시 유성구 반석동,3020013900,2020,3,2513478.0,5233253.0,1171.9101229,938.26463765
대전광역시 유성구 반석동,3020013900,2020,4,2418066.0,4158500.0,1127.42423972,745.57325925
대전광역시 유성구 반석동,3020013900,2020,5,2272386.0,2988652.0,1059.50088141,535.8323945
대전광역시 유성구 반석동,3020013900,2020,6,2530579.0,1762826.0,1179.88347099,316.05529069
대전광역시 유성구 반석동,3020013900,2020,7,2561915.0,1597964.0,1194.49389349,286.49734946
대전광역시 유성구 반석동,3020013900,2020,8,2941898.0,1535410.0,1371.6611192,275.28210608
대전광역시 유성구 반석동,3020013900,2020,9,1684496.0,610654.0,785.39693378,109.48353806
대전광역시 유성구 반석동,3020013900,2020,10,1488608.0,725377.0,694.06407545,130.05210868
대전광역시 유성구 반석동,3020013900,2020,11,2671176.0,3253163.0,1245.43687847,583.25630412
대전광역시 유성구 반석동,3020013900,2020,12,3121427.0,5107977.0,1455.36658729,915.80403034
대전광역시 유성구 반석동,3020013900,2021,1,3612829.0,8025518.0,1684.48296638,1438.88700554
대전광역시 유성구 반석동,3020013900,2021,2,3316260.0,7549439.0,1546.2075515,1353.5312831
대전광역시 유성구 반석동,3020013900,2021,3,2662862.0,5960457.0,1241.56047263,1068.64430736
대전광역시 유성구 반석동,3020013900,2021,4,2638146.0,4423075.0,1230.03662778,793.00864341
대전광역시 유성구 반석동,3020013900,2021,5,2444470.0,2991848.0,1139.73511531,536.40540208
대전광역시 유성구 반석동,3020013900,2021,6,2683630.0,1994750.0,1251.24356093,357.63671009
대전광역시 유성구 반석동,3020013900,2021,7,3044315.0,1627430.0,1419.41308651,291.78027875
대전광역시 유성구 반석동,3020013900,2021,8,3669556.0,1546583.0,1710.93195285,277.28530193
대전광역시 유성구 반석동,3020013900,2021,9,2963489.0,1356149.0,1381.72793167,243.14258265
대전광역시 유성구 반석동,3020013900,2021,10,2561147.0,1506854.0,1194.13581317,270.16232964
대전광역시 유성구 반석동,3020013900,2021,11,2703390.0,3042893.0,1260.45666887,545.55720849
대전광역시 유성구 반석동,3020013900,2021,12,3046643.0,5107235.0,1420.49851743,915.67099791
대전광역시 유성구 반석동,3020013900,2022,1,3574546.0,7382444.0,1666.63350233,1323.59091843
대전광역시 유성구 반석동,3020013900,2022,2,3413847.0,7599113.0,1591.70752937,1362.43728432
대전광역시 유성구 반석동,3020013900,2022,3,2796833.0,6512294.0,1304.02450503,1167.58260499
대전광역시 유성구 반석동,3020013900,2022,4,2688411.0,4983866.0,1253.47270409,893.5522946799999
대전광역시 유성구 반석동,3020013900,2022,5,2434595.0,2821394.0,1135.13089253,505.84487681
대전광역시 유성구 반석동,3020013900,2022,6,2665185.0,1858926.0,1242.64357232,333.28496246000003
대전광역시 유성구 반석동,3020013900,2022,7,3313996.0,1547934.0,1545.15196063,277.52752131
대전광역시 유성구 반석동,3020013900,2022,8,3634588.0,1439010.0,1694.6281088,257.99864753
대전광역시 유성구 반석동,3020013900,2022,9,3097301.0,1372039.0,1444.11783012,245.9914847
대전광역시 유성구 반석동,3020013900,2022,10,2510645.0,1669919.0,1170.58923553,299.3980886
대전광역시 유성구 반석동,3020013900,2022,11,2629158.0,2802795.0,1225.84596921,502.51028092
대전광역시 유성구 반석동,3020013900,2022,12,3155758.0,4698690.0,1471.37342979,842.42337808
대전광역시 유성구 방동,3020011000,2020,1,100538.0,53448.0,46.87588275,9.58263787
대전광역시 유성구 방동,3020011000,2020,2,95022.0,52186.0,44.30404552,9.35637515
대전광역시 유성구 방동,3020011000,2020,3,80275.0,37498.0,37.42825089,6.7229785
대전광역시 유성구 방동,3020011000,2020,4,77309.0,31325.0,36.0453522,5.61622757
대전광역시 유성구 방동,3020011000,2020,5,72477.0,30413.0,33.79243022,5.45271603
대전광역시 유성구 방동,3020011000,2020,6,74641.0,22924.0,34.80139611,4.11002078
대전광역시 유성구 방동,3020011000,2020,7,83237.0,24868.0,38.80928455,4.45855858
대전광역시 유성구 방동,3020011000,2020,8,98787.0,25690.0,46.05947826,4.6059341400000005
대전광역시 유성구 방동,3020011000,2020,9,86948.0,23513.0,40.53953975,4.21562198
대전광역시 유성구 방동,3020011000,2020,10,73496.0,19096.0,34.26753945,3.42370251
대전광역시 유성구 방동,3020011000,2020,11,86181.0,37009.0,40.18192574,6.6353061900000005
대전광역시 유성구 방동,3020011000,2020,12,98061.0,45787.0,45.72098047,8.20910492
대전광역시 유성구 방동,3020011000,2021,1,110693.0,55149.0,51.61065553,9.88760844
대전광역시 유성구 방동,3020011000,2021,2,100195.0,59535.0,46.71595883,10.67396994
대전광역시 유성구 방동,3020011000,2021,3,80679.0,46065.0,37.61661601,8.25894727
대전광역시 유성구 방동,3020011000,2021,4,77976.0,48283.0,36.35634116,8.65661024
대전광역시 유성구 방동,3020011000,2021,5,75670.0,34719.0,35.28116776,6.22473439
대전광역시 유성구 방동,3020011000,2021,6,79886.0,26568.0,37.24687943,4.76334985
대전광역시 유성구 방동,3020011000,2021,7,89510.0,27619.0,41.73407331,4.95178259
대전광역시 유성구 방동,3020011000,2021,8,98685.0,25101.0,46.01192072,4.5003329
대전광역시 유성구 방동,3020011000,2021,9,81491.0,16215.0,37.99521133,2.90717095
대전광역시 유성구 방동,3020011000,2021,10,76211.0,23353.0,35.53340923,4.18693576
대전광역시 유성구 방동,3020011000,2021,11,82106.0,39373.0,38.28195532,7.05914534
대전광역시 유성구 방동,3020011000,2021,12,99207.0,49327.0,46.25530343,8.843787939999999
대전광역시 유성구 방동,3020011000,2022,1,119290.0,55941.0,55.61901023,10.02960531
대전광역시 유성구 방동,3020011000,2022,2,111554.0,49950.0,52.01209715,8.95548498
대전광역시 유성구 방동,3020011000,2022,3,86639.0,43006.0,40.3954684,7.71050224
대전광역시 유성구 방동,3020011000,2022,4,85104.0,38742.0,39.67977404,6.946014
대전광역시 유성구 방동,3020011000,2022,5,80544.0,30511.0,37.55367222,5.47028633
대전광역시 유성구 방동,3020011000,2022,6,89228.0,21994.0,41.60259068,3.94328201
대전광역시 유성구 방동,3020011000,2022,7,106906.0,18251.0,49.84496528,3.27220333
대전광역시 유성구 방동,3020011000,2022,8,114049.0,21284.0,53.17539184,3.81598684
대전광역시 유성구 방동,3020011000,2022,9,100413.0,11331.0,46.81760143,2.03152354
대전광역시 유성구 방동,3020011000,2022,10,91099.0,25784.0,42.4749452,4.62278728
대전광역시 유성구 방동,3020011000,2022,11,95277.0,32265.0,44.42293934,5.784759230000001
대전광역시 유성구 방동,3020011000,2022,12,118102.0,35889.0,55.06510472,6.43450252
대전광역시 유성구 방현동,3020012900,2020,1,25298.0,142240.0,11.79520262,25.50206574
대전광역시 유성구 방현동,3020012900,2020,2,24424.0,157096.0,11.387699779999998,28.16558296
대전광역시 유성구 방현동,3020012900,2020,3,20723.0,145908.0,9.66210705,26.15969775
대전광역시 유성구 방현동,3020012900,2020,4,16242.0,111362.0,7.572839,19.96598035
대전광역시 유성구 방현동,3020012900,2020,5,13561.0,121221.0,6.32282167,21.73359049
대전광역시 유성구 방현동,3020012900,2020,6,15198.0,69797.0,7.08607358,12.51383354
대전광역시 유성구 방현동,3020012900,2020,7,16923.0,62454.0,7.89035552,11.1973145
대전광역시 유성구 방현동,3020012900,2020,8,17804.0,54629.0,8.30112213,9.79437816
대전광역시 유성구 방현동,3020012900,2020,9,21140.0,53714.0,9.85653345,9.63032874
대전광역시 유성구 방현동,3020012900,2020,10,13203.0,100680.0,6.15590404,18.050815380000003
대전광역시 유성구 방현동,3020012900,2020,11,15506.0,116373.0,7.22967872,20.86439748
대전광역시 유성구 방현동,3020012900,2020,12,25582.0,134260.0,11.92761773,24.07133961
대전광역시 유성구 방현동,3020012900,2021,1,32801.0,212805.0,15.29347937,38.15359323
대전광역시 유성구 방현동,3020012900,2021,2,31022.0,306256.0,14.46401991,54.9083285
대전광역시 유성구 방현동,3020012900,2021,3,19923.0,160626.0,9.28910673,28.79847309
대전광역시 유성구 방현동,3020012900,2021,4,16095.0,161630.0,7.50430019,28.97847924
대전광역시 유성구 방현동,3020012900,2021,5,12734.0,143719.0,5.93723261,25.76723417
대전광역시 유성구 방현동,3020012900,2021,6,17259.0,102120.0,8.04701567,18.30899152
대전광역시 유성구 방현동,3020012900,2021,7,19216.0,111586.0,8.959467700000001,20.00614108
대전광역시 유성구 방현동,3020012900,2021,8,19413.0,127671.0,9.05131903,22.89000447
대전광역시 유성구 방현동,3020012900,2021,9,15062.0,43728.0,7.02266353,7.8399489
대전광역시 유성구 방현동,3020012900,2021,10,10232.0,96403.0,4.770674100000001,17.28399637
대전광역시 유성구 방현동,3020012900,2021,11,13108.0,89803.0,6.11161026,16.10068905
대전광역시 유성구 방현동,3020012900,2021,12,24500.0,117678.0,11.4231348,21.0983696
대전광역시 유성구 방현동,3020012900,2022,1,35473.0,188203.0,16.539300439999998,33.74272553
대전광역시 유성구 방현동,3020012900,2022,2,35425.0,222195.0,16.516920419999998,39.83711683
대전광역시 유성구 방현동,3020012900,2022,3,26336.0,249329.0,12.27917054,44.70194425
대전광역시 유성구 방현동,3020012900,2022,4,21671.0,154335.0,10.10411242,27.67056606
대전광역시 유성구 방현동,3020012900,2022,5,16092.0,76083.0,7.502901449999999,13.64084413
대전광역시 유성구 방현동,3020012900,2022,6,18942.0,101509.0,8.83171509,18.19944595
대전광역시 유성구 방현동,3020012900,2022,7,23362.0,82348.0,10.89254185,14.76408963
대전광역시 유성구 방현동,3020012900,2022,8,16562.0,106889.0,7.722039130000001,19.16402071
대전광역시 유성구 방현동,3020012900,2022,9,13661.0,121781.0,6.36944672,21.83399233
대전광역시 유성구 방현동,3020012900,2022,10,11860.0,87761.0,5.52972974,15.73458093
대전광역시 유성구 방현동,3020012900,2022,11,12435.0,73145.0,5.79782373,13.11409307
대전광역시 유성구 방현동,3020012900,2022,12,19479.0,76079.0,9.08209156,13.64012697
대전광역시 유성구 복용동,3020011600,2020,1,282323.0,20244.0,131.63321166,3.62952629
대전광역시 유성구 복용동,3020011600,2020,2,251424.0,20410.0,117.22654057,3.65928826
대전광역시 유성구 복용동,3020011600,2020,3,218497.0,11050.0,101.87431368,1.98114332
대전광역시 유성구 복용동,3020011600,2020,4,325186.0,26640.0,151.61810256,4.77625866
대전광역시 유성구 복용동,3020011600,2020,5,297422.0,24437.0,138.67312649,4.38128502
대전광역시 유성구 복용동,3020011600,2020,6,349736.0,23326.0,163.06454991,4.18209494
대전광역시 유성구 복용동,3020011600,2020,7,372548.0,21704.0,173.70065401,3.89128822
대전광역시 유성구 복용동,3020011600,2020,8,416014.0,22426.0,193.96669391,4.02073486
대전광역시 유성구 복용동,3020011600,2020,9,390562.0,22178.0,182.09968871,3.97627119
대전광역시 유성구 복용동,3020011600,2020,10,299716.0,93218.0,139.74270488,16.71296094
대전광역시 유성구 복용동,3020011600,2020,11,366124.0,78785.0,170.70546145,14.12528297
대전광역시 유성구 복용동,3020011600,2020,12,511681.0,48305.0,238.57147093,8.6605546
대전광역시 유성구 복용동,3020011600,2021,1,591558.0,82476.0,275.81415409,14.78703863
대전광역시 유성구 복용동,3020011600,2021,2,491010.0,110018.0,228.93360891,19.72501595
대전광역시 유성구 복용동,3020011600,2021,3,415105.0,72052.0,193.54287231,12.9181302
대전광역시 유성구 복용동,3020011600,2021,4,340108.0,71925.0,158.57549104,12.8953605
대전광역시 유성구 복용동,3020011600,2021,5,300055.0,58526.0,139.90076377,10.49306735
대전광역시 유성구 복용동,3020011600,2021,6,363152.0,68612.0,169.31976525,12.30137609
대전광역시 유성구 복용동,3020011600,2021,7,463303.0,93244.0,216.01520908,16.71762246
대전광역시 유성구 복용동,3020011600,2021,8,475467.0,108508.0,221.68667897,19.45428957
대전광역시 유성구 복용동,3020011600,2021,9,369393.0,114984.0,172.22963398,20.615365070000003
대전광역시 유성구 복용동,3020011600,2021,10,327994.0,91104.0,152.92733371,16.33394403
대전광역시 유성구 복용동,3020011600,2021,11,393590.0,78310.0,183.51149491,14.0401207
대전광역시 유성구 복용동,3020011600,2021,12,511447.0,68608.0,238.4623683,12.30065893
대전광역시 유성구 복용동,3020011600,2022,1,596022.0,83882.0,277.89549587,15.03911894
대전광역시 유성구 복용동,3020011600,2022,2,552526.0,89461.0,257.61546849,16.03937222
대전광역시 유성구 복용동,3020011600,2022,3,454085.0,91598.0,211.71731289,16.42251278
대전광역시 유성구 복용동,3020011600,2022,4,363655.0,82444.0,169.55428920999998,14.781301380000002
대전광역시 유성구 복용동,3020011600,2022,5,322689.0,39694.0,150.45387532,7.11669712
대전광역시 유성구 복용동,3020011600,2022,6,348841.0,105593.0,162.6472558,18.93166217
대전광역시 유성구 복용동,3020011600,2022,7,435523.0,84402.0,203.06277298,15.13234922
대전광역시 유성구 복용동,3020011600,2022,8,439831.0,104191.0,205.07137967,18.68029901
대전광역시 유성구 복용동,3020011600,2022,9,345353.0,112022.0,161.0209744,20.08431108
대전광역시 유성구 복용동,3020011600,2022,10,302531.0,97631.0,141.05519975,17.50416326
대전광역시 유성구 복용동,3020011600,2022,11,333243.0,9709066.0,155.37468205000002,1740.72862379
대전광역시 유성구 복용동,3020011600,2022,12,494609.0,52680.0,230.61164412,9.44494392
대전광역시 유성구 봉명동,3020011100,2020,1,14257242.0,12683494.0,6647.44478551,2274.01081166
대전광역시 유성구 봉명동,3020011100,2020,2,14114938.0,13889438.0,6581.09548847,2490.22329177
대전광역시 유성구 봉명동,3020011100,2020,3,11841878.0,11743288.0,5521.28035433,2105.44222879
대전광역시 유성구 봉명동,3020011100,2020,4,11236653.0,7626795.0,5239.0939558,1367.40036203
대전광역시 유성구 봉명동,3020011100,2020,5,10779897.0,6490944.0,5026.13128831,1163.75478497
대전광역시 유성구 봉명동,3020011100,2020,6,12244130.0,5063127.0,5708.83051006,907.76291918
대전광역시 유성구 봉명동,3020011100,2020,7,12617897.0,4724369.0,5883.09952333,847.02733992
대전광역시 유성구 봉명동,3020011100,2020,8,14324181.0,3915161.0,6678.65512106,701.94525609
대전광역시 유성구 봉명동,3020011100,2020,9,9817806.0,4162964.0,4577.55597452,746.37360526
대전광역시 유성구 봉명동,3020011100,2020,10,7496099.0,3746929.0,3495.0591571,671.78311085
대전광역시 유성구 봉명동,3020011100,2020,11,11498150.0,6678322.0,5361.01703681,1197.34959715
대전광역시 유성구 봉명동,3020011100,2020,12,13256670.0,10384238.0,6180.92769014,1861.77952876
대전광역시 유성구 봉명동,3020011100,2021,1,15026117.0,14770769.0,7005.93306173,2648.23623538
대전광역시 유성구 봉명동,3020011100,2021,2,13889847.0,14482849.0,6476.14671975,2596.61534985
대전광역시 유성구 봉명동,3020011100,2021,3,11694408.0,11159111.0,5452.52240778,2000.70572528
대전광역시 유성구 봉명동,3020011100,2021,4,11323474.0,8852057.0,5279.57428171,1587.0763469
대전광역시 유성구 봉명동,3020011100,2021,5,10646206.0,6518192.0,4963.79780607,1168.64005153
대전광역시 유성구 봉명동,3020011100,2021,6,12203293.0,5184194.0,5689.79024249,929.46889914
대전광역시 유성구 봉명동,3020011100,2021,7,13951698.0,4461091.0,6504.98477315,799.82449351
대전광역시 유성구 봉명동,3020011100,2021,8,16022724.0,4174894.0,7470.60147402,748.512523
대전광역시 유성구 봉명동,3020011100,2021,9,13270236.0,3480384.0,6187.25284312,623.99452733
대전광역시 유성구 봉명동,3020011100,2021,10,11301461.0,4230691.0,5269.31071194,758.51631061
대전광역시 유성구 봉명동,3020011100,2021,11,11594986.0,6531123.0,5406.16686039,1170.95843734
대전광역시 유성구 봉명동,3020011100,2021,12,13132641.0,10023812.0,6123.09911928,1797.15911589
대전광역시 유성구 봉명동,3020011100,2022,1,15029317.0,13700844.0,7007.42506295,2456.41046425
대전광역시 유성구 봉명동,3020011100,2022,2,14436944.0,14396779.0,6731.2309148,2581.18394656
대전광역시 유성구 봉명동,3020011100,2022,3,11992663.0,12369295.0,5591.58392092,2217.6783908
대전광역시 유성구 봉명동,3020011100,2022,4,11340995.0,9417306.0,5287.74345524,1688.41926842
대전광역시 유성구 봉명동,3020011100,2022,5,10757073.0,6492357.0,5015.4895891,1164.00812046
대전광역시 유성구 봉명동,3020011100,2022,6,12743065.0,5006912.0,5941.45915352,897.6841885700001
대전광역시 유성구 봉명동,3020011100,2022,7,16021532.0,4446508.0,7470.04570366,797.20992231
대전광역시 유성구 봉명동,3020011100,2022,8,17356160.0,4230213.0,8092.31654242,758.43061062
대전광역시 유성구 봉명동,3020011100,2022,9,14626278.0,4320071.0,6819.50796805,774.54116045
대전광역시 유성구 봉명동,3020011100,2022,10,12566833.0,4985208.0,5859.29091303,893.79290052
대전광역시 유성구 봉명동,3020011100,2022,11,12292790.0,6866314.0,5731.51825451,1231.05449269
대전광역시 유성구 봉명동,3020011100,2022,12,14695918.0,10463060.0,6851.97764581,1875.91144544
대전광역시 유성구 봉산동,3020014500,2020,1,933844.0,277336.0,435.40513856,49.72329095
대전광역시 유성구 봉산동,3020014500,2020,2,914489.0,234196.0,426.38086206,41.988764
대전광역시 유성구 봉산동,3020014500,2020,3,826283.0,241946.0,385.2547793,43.37825364
대전광역시 유성구 봉산동,3020014500,2020,4,917018.0,188236.0,427.56000929,33.74864206
대전광역시 유성구 봉산동,3020014500,2020,5,850518.0,152147.0,396.55435775,27.27828174
대전광역시 유성구 봉산동,3020014500,2020,6,904307.0,130187.0,421.63350051,23.34109555
대전광역시 유성구 봉산동,3020014500,2020,7,907581.0,204484.0,423.16000432,36.66172956
대전광역시 유성구 봉산동,3020014500,2020,8,1030183.0,213275.0,480.32323581,38.237859060000005
대전광역시 유성구 봉산동,3020014500,2020,9,192503.0,120974.0,89.75460077,21.68930612
대전광역시 유성구 봉산동,3020014500,2020,10,174678.0,90693.0,81.44368736999999,16.26025623
대전광역시 유성구 봉산동,3020014500,2020,11,903223.0,157513.0,421.12808498,28.24034647
대전광역시 유성구 봉산동,3020014500,2020,12,973524.0,185647.0,453.90595441,33.2844629
대전광역시 유성구 봉산동,3020014500,2021,1,1069659.0,290688.0,498.72893659,52.11715752
대전광역시 유성구 봉산동,3020014500,2021,2,1041530.0,289108.0,485.61377913,51.83388093
대전광역시 유성구 봉산동,3020014500,2021,3,866842.0,237019.0,404.16542926,42.49489678
대전광역시 유성구 봉산동,3020014500,2021,4,903723.0,206001.0,421.36121022,36.93371096
대전광역시 유성구 봉산동,3020014500,2021,5,852503.0,146629.0,397.47986471,26.28896511
대전광역시 유성구 봉산동,3020014500,2021,6,912382.0,136081.0,425.39847245,24.39782487
대전광역시 유성구 봉산동,3020014500,2021,7,964086.0,189234.0,449.5054831,33.92757249
대전광역시 유성구 봉산동,3020014500,2021,8,1252936.0,248372.0,584.18191116,44.530364690000006
대전광역시 유성구 봉산동,3020014500,2021,9,1026134.0,222725.0,478.43538794,39.93214
대전광역시 유성구 봉산동,3020014500,2021,10,880995.0,163786.0,410.76427118,29.36502628
대전광역시 유성구 봉산동,3020014500,2021,11,930378.0,163813.0,433.78911466,29.36986709
대전광역시 유성구 봉산동,3020014500,2021,12,973544.0,185091.0,453.91527939,33.1847782
대전광역시 유성구 봉산동,3020014500,2022,1,1087684.0,266269.0,507.13310007,47.73909971
대전광역시 유성구 봉산동,3020014500,2022,2,1074084.0,266758.0,500.79209465,47.82677203
대전광역시 유성구 봉산동,3020014500,2022,3,914450.0,249851.0,426.36267831,44.7955331
대전광역시 유성구 봉산동,3020014500,2022,4,938599.0,207370.0,437.62215918,37.17915758
대전광역시 유성구 봉산동,3020014500,2022,5,849736.0,152261.0,396.1897499,27.2987207
대전광역시 유성구 봉산동,3020014500,2022,6,878474.0,139327.0,409.58885389,24.97979692
대전광역시 유성구 봉산동,3020014500,2022,7,1102860.0,179421.0,514.20891611,32.16820963
대전광역시 유성구 봉산동,3020014500,2022,8,1269514.0,256293.0,591.9114103100001,45.95051277
대전광역시 유성구 봉산동,3020014500,2022,9,1110840.0,205272.0,517.92959431,36.80300928
대전광역시 유성구 봉산동,3020014500,2022,10,931369.0,333480.0,434.25116882,59.78929193
대전광역시 유성구 봉산동,3020014500,2022,11,970330.0,519485.0,452.41675061,93.13794026
대전광역시 유성구 봉산동,3020014500,2022,12,1064269.0,833067.0,496.21584697,149.35973991
대전광역시 유성구 상대동,3020011500,2020,1,2669695.0,448394.0,1244.7463616,80.39210678
대전광역시 유성구 상대동,3020011500,2020,2,2872761.0,1159851.0,1339.42596538,207.94851277
대전광역시 유성구 상대동,3020011500,2020,3,2635134.0,851309.0,1228.63228157,152.63032964
대전광역시 유성구 상대동,3020011500,2020,4,2658868.0,937020.0,1239.6982685399998,167.99736815
대전광역시 유성구 상대동,3020011500,2020,5,2514959.0,548174.0,1172.6006397,98.28156204
대전광역시 유성구 상대동,3020011500,2020,6,2680141.0,571848.0,1249.61681331,102.52604957
대전광역시 유성구 상대동,3020011500,2020,7,2752817.0,403818.0,1283.50202739,72.40012082
대전광역시 유성구 상대동,3020011500,2020,8,2990149.0,605769.0,1394.1581673,108.60771136
대전광역시 유성구 상대동,3020011500,2020,9,453471.0,102440.0,211.43103511,18.36636399
대전광역시 유성구 상대동,3020011500,2020,10,344773.0,153966.0,160.75054915,27.60440841
대전광역시 유성구 상대동,3020011500,2020,11,2631469.0,510669.0,1226.92347386,91.55732856
대전광역시 유성구 상대동,3020011500,2020,12,2768912.0,997282.0,1291.00632759,178.80168117
대전광역시 유성구 상대동,3020011500,2021,1,3090536.0,1204157.0,1440.96364619,215.89209072
대전광역시 유성구 상대동,3020011500,2021,2,3091981.0,1382105.0,1441.63737803,247.79620764
대전광역시 유성구 상대동,3020011500,2021,3,2598938.0,887685.0,1211.7558821,159.15214589
대전광역시 유성구 상대동,3020011500,2021,4,2710477.0,984897.0,1263.76098544,176.58118704
대전광역시 유성구 상대동,3020011500,2021,5,2576766.0,563220.0,1201.4181782199998,100.97914418
대전광역시 유성구 상대동,3020011500,2021,6,2725736.0,631658.0,1270.8755003,113.249324
대전광역시 유성구 상대동,3020011500,2021,7,2900154.0,455803.0,1352.19796258,81.72045888
대전광역시 유성구 상대동,3020011500,2021,8,3988313.0,595411.0,1859.5525316,106.75063602
대전광역시 유성구 상대동,3020011500,2021,9,3405601.0,328585.0,1587.86282848,58.91167232
대전광역시 유성구 상대동,3020011500,2021,10,2712545.0,636494.0,1264.72519127,114.11636553
대전광역시 유성구 상대동,3020011500,2021,11,2705211.0,582731.0,1261.30571084,104.47725165
대전광역시 유성구 상대동,3020011500,2021,12,2757375.0,1106209.0,1285.62719669,198.33109284
대전광역시 유성구 상대동,3020011500,2022,1,3052884.0,1349019.0,1423.40838612,241.86425216
대전광역시 유성구 상대동,3020011500,2022,2,3086582.0,1413553.0,1439.12009215,253.43448775
대전광역시 유성구 상대동,3020011500,2022,3,2701421.0,1071372.0,1259.53862184,192.08520235
대전광역시 유성구 상대동,3020011500,2022,4,2771802.0,1199276.0,1292.35379123,215.01698114
대전광역시 유성구 상대동,3020011500,2022,5,2530393.0,672797.0,1179.7967484,120.62509371
대전광역시 유성구 상대동,3020011500,2022,6,2665194.0,665324.0,1242.64776861,119.28526709
대전광역시 유성구 상대동,3020011500,2022,7,3198268.0,561120.0,1491.1937343,100.60263729
대전광역시 유성구 상대동,3020011500,2022,8,3915933.0,643411.0,1825.80532761,115.35650745
대전광역시 유성구 상대동,3020011500,2022,9,3664003.0,440987.0,1708.34286437,79.06411324
대전광역시 유성구 상대동,3020011500,2022,10,3323562.0,693734.0,1549.61211194,124.37886725
대전광역시 유성구 상대동,3020011500,2022,11,3251171.0,652833.0,1515.85977921,117.04576833
대전광역시 유성구 상대동,3020011500,2022,12,3350353.0,1074655.0,1562.10342636,192.67380809
대전광역시 유성구 성북동,3020010700,2020,1,23868.0,0.0,11.12846454,0.0
대전광역시 유성구 성북동,3020010700,2020,2,21408.0,0.0,9.98148859,0.0
대전광역시 유성구 성북동,3020010700,2020,3,15988.0,0.0,7.45441139,0.0
대전광역시 유성구 성북동,3020010700,2020,4,14025.0,0.0,6.53916186,0.0
대전광역시 유성구 성북동,3020010700,2020,5,14389.0,0.0,6.708877,0.0
대전광역시 유성구 성북동,3020010700,2020,6,14161.0,0.0,6.6025719,0.0
대전광역시 유성구 성북동,3020010700,2020,7,12729.0,0.0,5.93490135,0.0
대전광역시 유성구 성북동,3020010700,2020,8,13723.0,0.0,6.39835424,0.0
대전광역시 유성구 성북동,3020010700,2020,9,13158.0,0.0,6.134922759999999,0.0
대전광역시 유성구 성북동,3020010700,2020,10,12275.0,0.0,5.72322366,0.0
대전광역시 유성구 성북동,3020010700,2020,11,16789.0,0.0,7.827877969999999,0.0
대전광역시 유성구 성북동,3020010700,2020,12,21205.0,0.0,9.88683973,0.0
대전광역시 유성구 성북동,3020010700,2021,1,21876.0,0.0,10.19969372,0.0
대전광역시 유성구 성북동,3020010700,2021,2,19086.0,0.0,8.89885514,0.0
대전광역시 유성구 성북동,3020010700,2021,3,13767.0,0.0,6.41886927,0.0
대전광역시 유성구 성북동,3020010700,2021,4,12088.0,0.0,5.63603488,0.0
대전광역시 유성구 성북동,3020010700,2021,5,11059.0,0.0,5.15626317,0.0
대전광역시 유성구 성북동,3020010700,2021,6,12472.0,0.0,5.81507499,0.0
대전광역시 유성구 성북동,3020010700,2021,7,13170.0,0.0,6.14051777,0.0
대전광역시 유성구 성북동,3020010700,2021,8,15414.0,0.0,7.18678367,0.0
대전광역시 유성구 성북동,3020010700,2021,9,13886.0,0.0,6.47435305,0.0
대전광역시 유성구 성북동,3020010700,2021,10,14061.0,0.0,6.5559468800000005,0.0
대전광역시 유성구 성북동,3020010700,2021,11,18000.0,0.0,8.3925072,0.0
대전광역시 유성구 성북동,3020010700,2021,12,22725.0,0.0,10.59554033,0.0
대전광역시 유성구 성북동,3020010700,2022,1,28762.0,0.0,13.410294,0.0
대전광역시 유성구 성북동,3020010700,2022,2,27586.0,0.0,12.86198355,0.0
대전광역시 유성구 성북동,3020010700,2022,3,19149.0,0.0,8.92822889,0.0
대전광역시 유성구 성북동,3020010700,2022,4,15484.0,0.0,7.21942121,0.0
대전광역시 유성구 성북동,3020010700,2022,5,15940.0,0.0,7.43203138,0.0
대전광역시 유성구 성북동,3020010700,2022,6,15563.0,0.0,7.25625497,0.0
대전광역시 유성구 성북동,3020010700,2022,7,17503.0,0.0,8.16078074,0.0
대전광역시 유성구 성북동,3020010700,2022,8,18317.0,0.0,8.54030857,0.0
대전광역시 유성구 성북동,3020010700,2022,9,15457.0,0.0,7.20683242,0.0
대전광역시 유성구 성북동,3020010700,2022,10,14381.0,0.0,6.70514699,0.0
대전광역시 유성구 성북동,3020010700,2022,11,16842.0,0.0,7.85258924,0.0
대전광역시 유성구 성북동,3020010700,2022,12,24306.0,0.0,11.33268222,0.0
대전광역시 유성구 세동,3020010800,2020,1,15577.0,0.0,7.262782479999999,0.0
대전광역시 유성구 세동,3020010800,2020,2,16202.0,0.0,7.55418898,0.0
대전광역시 유성구 세동,3020010800,2020,3,11983.0,0.0,5.58707854,0.0
대전광역시 유성구 세동,3020010800,2020,4,10027.0,0.0,4.67509275,0.0
대전광역시 유성구 세동,3020010800,2020,5,7125.0,0.0,3.3220340900000003,0.0
대전광역시 유성구 세동,3020010800,2020,6,5806.0,0.0,2.7070498,0.0
대전광역시 유성구 세동,3020010800,2020,7,5459.0,0.0,2.54526093,0.0
대전광역시 유성구 세동,3020010800,2020,8,7617.0,0.0,3.55142931,0.0
대전광역시 유성구 세동,3020010800,2020,9,5565.0,0.0,2.59468347,0.0
대전광역시 유성구 세동,3020010800,2020,10,6681.0,0.0,3.11501892,0.0
대전광역시 유성구 세동,3020010800,2020,11,10430.0,0.0,4.86299168,0.0
대전광역시 유성구 세동,3020010800,2020,12,13168.0,0.0,6.13958527,0.0
대전광역시 유성구 세동,3020010800,2021,1,16763.0,0.0,7.81575546,0.0
대전광역시 유성구 세동,3020010800,2021,2,14285.0,0.0,6.66038696,0.0
대전광역시 유성구 세동,3020010800,2021,3,10671.0,0.0,4.97535802,0.0
대전광역시 유성구 세동,3020010800,2021,4,9594.0,0.0,4.47320634,0.0
대전광역시 유성구 세동,3020010800,2021,5,7909.0,0.0,3.68757442,0.0
대전광역시 유성구 세동,3020010800,2021,6,7449.0,0.0,3.47309925,0.0
대전광역시 유성구 세동,3020010800,2021,7,7737.0,0.0,3.60737934,0.0
대전광역시 유성구 세동,3020010800,2021,8,7840.0,0.0,3.65540315,0.0
대전광역시 유성구 세동,3020010800,2021,9,6325.0,0.0,2.94903378,0.0
대전광역시 유성구 세동,3020010800,2021,10,6906.0,0.0,3.21992526,0.0
대전광역시 유성구 세동,3020010800,2021,11,8928.0,0.0,4.162683589999999,0.0
대전광역시 유성구 세동,3020010800,2021,12,12469.0,0.0,5.81367625,0.0
대전광역시 유성구 세동,3020010800,2022,1,14372.0,0.0,6.70095074,0.0
대전광역시 유성구 세동,3020010800,2022,2,13468.0,0.0,6.279460390000001,0.0
대전광역시 유성구 세동,3020010800,2022,3,8460.0,0.0,3.94447837,0.0
대전광역시 유성구 세동,3020010800,2022,4,7050.0,0.0,3.28706532,0.0
대전광역시 유성구 세동,3020010800,2022,5,5606.0,0.0,2.61379974,0.0
대전광역시 유성구 세동,3020010800,2022,6,5369.0,0.0,2.5032984000000003,0.0
대전광역시 유성구 세동,3020010800,2022,7,7531.0,0.0,3.51133178,0.0
대전광역시 유성구 세동,3020010800,2022,8,7555.0,0.0,3.52252176,0.0
대전광역시 유성구 세동,3020010800,2022,9,6537.0,0.0,3.04787887,0.0
대전광역시 유성구 세동,3020010800,2022,10,8956.0,0.0,4.17573857,0.0
대전광역시 유성구 세동,3020010800,2022,11,10799.0,0.0,5.03503809,0.0
대전광역시 유성구 세동,3020010800,2022,12,14420.0,0.0,6.72333076,0.0
대전광역시 유성구 송강동,3020014700,2020,1,2916437.0,4748112.0,1359.78991786,851.2841984099999
대전광역시 유성구 송강동,3020014700,2020,2,2904152.0,4360303.0,1354.06203169,781.75431502
대전광역시 유성구 송강동,3020014700,2020,3,2626658.0,3857715.0,1224.68034315,691.64582079
대전광역시 유성구 송강동,3020014700,2020,4,2693339.0,2811640.0,1255.77038609,504.09609201
대전광역시 유성구 송강동,3020014700,2020,5,2550844.0,2230740.0,1189.33203536,399.9471185
대전광역시 유성구 송강동,3020014700,2020,6,2716724.0,1095666.0,1266.67365171,196.44084903
대전광역시 유성구 송강동,3020014700,2020,7,2759743.0,1181009.0,1286.73127763,211.74190919
대전광역시 유성구 송강동,3020014700,2020,8,3040941.0,850115.0,1417.83995766,152.41625859
대전광역시 유성구 송강동,3020014700,2020,9,642677.0,162508.0,299.64840831,29.13589498
대전광역시 유성구 송강동,3020014700,2020,10,515343.0,168605.0,240.2788799,30.22901993
대전광역시 유성구 송강동,3020014700,2020,11,2642605.0,2348014.0,1232.11563825,420.97305539
대전광역시 유성구 송강동,3020014700,2020,12,2763437.0,3406897.0,1288.4536066,610.8191175300001
대전광역시 유성구 송강동,3020014700,2021,1,3102510.0,5768098.0,1446.5465285,1034.1564568
대전광역시 유성구 송강동,3020014700,2021,2,3024513.0,4649246.0,1410.18039608,833.5586132999999
대전광역시 유성구 송강동,3020014700,2021,3,2590349.0,3767401.0,1207.75125743,675.4535151
대전광역시 유성구 송강동,3020014700,2021,4,2689266.0,2553271.0,1253.87134821,457.7733753
대전광역시 유성구 송강동,3020014700,2021,5,2534258.0,1976408.0,1181.59880624,354.34819149
대전광역시 유성구 송강동,3020014700,2021,6,2715770.0,1098906.0,1266.22884878,197.02174533
대전광역시 유성구 송강동,3020014700,2021,7,2859255.0,1121497.0,1333.12878744,201.07206291
대전광역시 유성구 송강동,3020014700,2021,8,3768646.0,733691.0,1757.13270496,131.54271735999998
대전광역시 유성구 송강동,3020014700,2021,9,3089891.0,931188.0,1440.66291473,166.95175476
대전광역시 유성구 송강동,3020014700,2021,10,2611922.0,833703.0,1217.80967725,149.47376769000002
대전광역시 유성구 송강동,3020014700,2021,11,2650975.0,2271591.0,1236.01815416,407.27125297
대전광역시 유성구 송강동,3020014700,2021,12,2745419.0,3227270.0,1280.05270695,578.61397436
대전광역시 유성구 송강동,3020014700,2022,1,3055901.0,5204066.0,1424.81506359,933.03172996
대전광역시 유성구 송강동,3020014700,2022,2,3039143.0,4787004.0,1417.00163943,858.25710576
대전광역시 유성구 송강동,3020014700,2022,3,2639590.0,4079884.0,1230.7098933,731.47827613
대전광역시 유성구 송강동,3020014700,2022,4,2713264.0,2841769.0,1265.06042531,509.49788997
대전광역시 유성구 송강동,3020014700,2022,5,2495679.0,1823441.0,1163.61133202,326.92289272
대전광역시 유성구 송강동,3020014700,2022,6,2590820.0,1029984.0,1207.9708613,184.6647897
대전광역시 유성구 송강동,3020014700,2022,7,3068426.0,1050814.0,1430.65484986,188.39937931
대전광역시 유성구 송강동,3020014700,2022,8,3612022.0,749872.0,1684.10670228,134.44379248
대전광역시 유성구 송강동,3020014700,2022,9,3187949.0,890460.0,1486.38249643,159.64967282
대전광역시 유성구 송강동,3020014700,2022,10,2839634.0,924676.0,1323.98048835,165.78422485
대전광역시 유성구 송강동,3020014700,2022,11,2858949.0,2053080.0,1332.98611483,368.09463678
대전광역시 유성구 송강동,3020014700,2022,12,3018774.0,3044355.0,1407.50458504,545.81932901
대전광역시 유성구 송정동,3020010900,2020,1,76293.0,0.0,35.57164176,0.0
대전광역시 유성구 송정동,3020010900,2020,2,70487.0,0.0,32.86459194,0.0
대전광역시 유성구 송정동,3020010900,2020,3,62219.0,0.0,29.00963363,0.0
대전광역시 유성구 송정동,3020010900,2020,4,58747.0,0.0,27.39081225,0.0
대전광역시 유성구 송정동,3020010900,2020,5,43990.0,0.0,20.5103551,0.0
대전광역시 유성구 송정동,3020010900,2020,6,32044.0,0.0,14.94052781,0.0
대전광역시 유성구 송정동,3020010900,2020,7,28986.0,0.0,13.51473407,0.0
대전광역시 유성구 송정동,3020010900,2020,8,37010.0,0.0,17.25592729,0.0
대전광역시 유성구 송정동,3020010900,2020,9,35030.0,0.0,16.3327515,0.0
대전광역시 유성구 송정동,3020010900,2020,10,45552.0,0.0,21.23863819,0.0
대전광역시 유성구 송정동,3020010900,2020,11,61849.0,0.0,28.837121,0.0
대전광역시 유성구 송정동,3020010900,2020,12,73700.0,0.0,34.36265446,0.0
대전광역시 유성구 송정동,3020010900,2021,1,79191.0,0.0,36.92283543,0.0
대전광역시 유성구 송정동,3020010900,2021,2,70141.0,0.0,32.70326932,0.0
대전광역시 유성구 송정동,3020010900,2021,3,56608.0,0.0,26.39350263,0.0
대전광역시 유성구 송정동,3020010900,2021,4,52652.0,0.0,24.54901607,0.0
대전광역시 유성구 송정동,3020010900,2021,5,41747.0,0.0,19.46455547,0.0
대전광역시 유성구 송정동,3020010900,2021,6,35210.0,0.0,16.416676550000002,0.0
대전광역시 유성구 송정동,3020010900,2021,7,32280.0,0.0,15.0505629,0.0
대전광역시 유성구 송정동,3020010900,2021,8,34940.0,0.0,16.29078897,0.0
대전광역시 유성구 송정동,3020010900,2021,9,31283.0,0.0,14.58571127,0.0
대전광역시 유성구 송정동,3020010900,2021,10,37044.0,0.0,17.27177984,0.0
대전광역시 유성구 송정동,3020010900,2021,11,56589.0,0.0,26.38464388,0.0
대전광역시 유성구 송정동,3020010900,2021,12,64186.0,0.0,29.92674819,0.0
대전광역시 유성구 송정동,3020010900,2022,1,75525.0,0.0,35.21356145,0.0
대전광역시 유성구 송정동,3020010900,2022,2,71705.0,0.0,33.43248494,0.0
대전광역시 유성구 송정동,3020010900,2022,3,58771.0,0.0,27.40200225,0.0
대전광역시 유성구 송정동,3020010900,2022,4,56294.0,0.0,26.24709999,0.0
대전광역시 유성구 송정동,3020010900,2022,5,41381.0,0.0,19.29390779,0.0
대전광역시 유성구 송정동,3020010900,2022,6,36290.0,0.0,16.920227,0.0
대전광역시 유성구 송정동,3020010900,2022,7,37756.0,0.0,17.60375007,0.0
대전광역시 유성구 송정동,3020010900,2022,8,39103.0,0.0,18.2317894,0.0
대전광역시 유성구 송정동,3020010900,2022,9,33505.0,0.0,15.62171965,0.0
대전광역시 유성구 송정동,3020010900,2022,10,41453.0,0.0,19.32747782,0.0
대전광역시 유성구 송정동,3020010900,2022,11,55860.0,0.0,26.04474734,0.0
대전광역시 유성구 송정동,3020010900,2022,12,72195.0,0.0,33.66094762,0.0
대전광역시 유성구 수남동,3020013600,2020,1,0.0,1592283.0,0.0,285.4788087
대전광역시 유성구 수남동,3020013600,2020,2,0.0,1994908.0,0.0,357.66503775
대전광역시 유성구 수남동,3020013600,2020,3,0.0,1848460.0,0.0,331.40852394
대전광역시 유성구 수남동,3020013600,2020,4,0.0,1378849.0,0.0,247.2124427
대전광역시 유성구 수남동,3020013600,2020,5,0.0,809822.0,0.0,145.19216736
대전광역시 유성구 수남동,3020013600,2020,6,0.0,350580.0,0.0,62.85513364
대전광역시 유성구 수남동,3020013600,2020,7,0.0,466813.0,0.0,83.69443065
대전광역시 유성구 수남동,3020013600,2020,8,0.0,466468.0,0.0,83.63257595
대전광역시 유성구 수남동,3020013600,2020,9,0.0,645582.0,0.0,115.74574386
대전광역시 유성구 수남동,3020013600,2020,10,0.0,464365.0,0.0,83.25553121
대전광역시 유성구 수남동,3020013600,2020,11,0.0,4951.0,0.0,0.88765978
대전광역시 유성구 수남동,3020013600,2020,12,0.0,1439815.0,0.0,258.14297518
대전광역시 유성구 수남동,3020013600,2021,1,0.0,1603110.0,0.0,287.41997058
대전광역시 유성구 수남동,3020013600,2021,2,0.0,2669346.0,0.0,478.58434467
대전광역시 유성구 수남동,3020013600,2021,3,0.0,1812934.0,0.0,325.03910333
대전광역시 유성구 수남동,3020013600,2021,4,0.0,1237065.0,0.0,221.79213273
대전광역시 유성구 수남동,3020013600,2021,5,0.0,538864.0,0.0,96.61238158
대전광역시 유성구 수남동,3020013600,2021,6,0.0,375108.0,0.0,67.25273395
대전광역시 유성구 수남동,3020013600,2021,7,0.0,431586.0,0.0,77.37861745
대전광역시 유성구 수남동,3020013600,2021,8,0.0,664249.0,0.0,119.09253142
대전광역시 유성구 수남동,3020013600,2021,9,0.0,671279.0,0.0,120.35293301
대전광역시 유성구 수남동,3020013600,2021,10,0.0,436603.0,0.0,78.27811031
대전광역시 유성구 수남동,3020013600,2021,11,0.0,548664.0,0.0,98.36941366
대전광역시 유성구 수남동,3020013600,2021,12,0.0,958318.0,0.0,171.81586502
대전광역시 유성구 수남동,3020013600,2022,1,0.0,1851344.0,0.0,331.92559339
대전광역시 유성구 수남동,3020013600,2022,2,0.0,2308134.0,0.0,413.82301051
대전광역시 유성구 수남동,3020013600,2022,3,0.0,2075987.0,0.0,372.20160966
대전광역시 유성구 수남동,3020013600,2022,4,0.0,1196732.0,0.0,214.56086995
대전광역시 유성구 수남동,3020013600,2022,5,0.0,4601.0,0.0,0.82490864
대전광역시 유성구 수남동,3020013600,2022,6,0.0,417228.0,0.0,74.80438615
대전광역시 유성구 수남동,3020013600,2022,7,0.0,470383.0,0.0,84.33449234
대전광역시 유성구 수남동,3020013600,2022,8,0.0,671803.0,0.0,120.44688044
대전광역시 유성구 수남동,3020013600,2022,9,0.0,707723.0,0.0,126.88694091
대전광역시 유성구 수남동,3020013600,2022,10,0.0,424963.0,0.0,76.19118648
대전광역시 유성구 수남동,3020013600,2022,11,0.0,426328.0,0.0,76.43591595
대전광역시 유성구 수남동,3020013600,2022,12,0.0,652197.0,0.0,116.93174052
대전광역시 유성구 신동,3020015100,2021,10,507.0,0.0,0.23638895,0.0
대전광역시 유성구 신동,3020015100,2021,11,630.0,0.0,0.29373775,0.0
대전광역시 유성구 신동,3020015100,2021,12,32.0,0.0,0.01492001,0.0
대전광역시 유성구 신동,3020015100,2022,7,24918.0,0.0,11.61802746,0.0
대전광역시 유성구 신동,3020015100,2022,8,24247.0,107.0,11.305173450000002,0.01918392
대전광역시 유성구 신동,3020015100,2022,9,22960.0,71.0,10.70510918,0.01272952
대전광역시 유성구 신동,3020015100,2022,10,28383.0,107.0,13.2335851,0.01918392
대전광역시 유성구 신동,3020015100,2022,11,32304.0,59.0,15.061752920000002,0.01057805
대전광역시 유성구 신동,3020015100,2022,12,73969.0,224.0,34.48807585,0.04016073
대전광역시 유성구 신봉동,3020013500,2020,1,240372.0,1226434.0,112.07354114,219.8861115
대전광역시 유성구 신봉동,3020013500,2020,2,228850.0,1235825.0,106.70140405,221.56981439
대전광역시 유성구 신봉동,3020013500,2020,3,199092.0,1096762.0,92.82672465,196.63734975
대전광역시 유성구 신봉동,3020013500,2020,4,185787.0,1086740.0,86.62326307000001,194.84051552
대전광역시 유성구 신봉동,3020013500,2020,5,170838.0,687580.0,79.65328585,123.27552282
대전광역시 유성구 신봉동,3020013500,2020,6,199601.0,311921.0,93.0640461,55.92400063
대전광역시 유성구 신봉동,3020013500,2020,7,196259.0,214931.0,91.50583725,38.53476163
대전광역시 유성구 신봉동,3020013500,2020,8,281390.0,180971.0,131.19820004000002,32.44610756
대전광역시 유성구 신봉동,3020013500,2020,9,205309.0,133778.0,95.72540337,23.98492232
대전광역시 유성구 신봉동,3020013500,2020,10,204035.0,200517.0,95.13140036,35.95049013
대전광역시 유성구 신봉동,3020013500,2020,11,238882.0,514257.0,111.37882807,92.20061744
대전광역시 유성구 신봉동,3020013500,2020,12,275649.0,862231.0,128.52145652,154.58852396
대전광역시 유성구 신봉동,3020013500,2021,1,283846.0,1136283.0,132.34331103,203.72302989
대전광역시 유성구 신봉동,3020013500,2021,2,248455.0,1610384.0,115.84224313,288.72411869
대전광역시 유성구 신봉동,3020013500,2021,3,237601.0,1169619.0,110.78156129,209.69980761
대전광역시 유성구 신봉동,3020013500,2021,4,210268.0,947720.0,98.03753912,169.91576031
대전광역시 유성구 신봉동,3020013500,2021,5,221023.0,646193.0,103.05206217,115.85528943
대전광역시 유성구 신봉동,3020013500,2021,6,245165.0,422607.0,114.30827932,75.76878163
대전광역시 유성구 신봉동,3020013500,2021,7,341358.0,254129.0,159.15830403,45.56253139
대전광역시 유성구 신봉동,3020013500,2021,8,342162.0,180366.0,159.53316936,32.337637720000004
대전광역시 유성구 신봉동,3020013500,2021,9,235866.0,139819.0,109.97261686,25.06800711
대전광역시 유성구 신봉동,3020013500,2021,10,214632.0,193462.0,100.07225584,34.68560633
대전광역시 유성구 신봉동,3020013500,2021,11,225254.0,392946.0,105.0247676,70.45089094
대전광역시 유성구 신봉동,3020013500,2021,12,261953.0,1044287.0,122.13569103,187.22916008
대전광역시 유성구 신봉동,3020013500,2022,1,289991.0,1540147.0,135.20841974,276.131398
대전광역시 유성구 신봉동,3020013500,2022,2,262944.0,1523899.0,122.59774519,273.21831051
대전광역시 유성구 신봉동,3020013500,2022,3,240976.0,1393199.0,112.35515638,249.7852397
대전광역시 유성구 신봉동,3020013500,2022,4,219749.0,1071178.0,102.45805916,192.05042027
대전광역시 유성구 신봉동,3020013500,2022,5,203592.0,646172.0,94.92485146,115.85152436
대전광역시 유성구 신봉동,3020013500,2022,6,237300.0,352633.0,110.64121992,63.22321393
대전광역시 유성구 신봉동,3020013500,2022,7,340308.0,236361.0,158.66874113,42.376924640000006
대전광역시 유성구 신봉동,3020013500,2022,8,358897.0,198369.0,167.3358698,35.56537739
대전광역시 유성구 신봉동,3020013500,2022,9,251858.0,166470.0,117.42889325,29.84623794
대전광역시 유성구 신봉동,3020013500,2022,10,221418.0,211776.0,103.23623107,37.96910486
대전광역시 유성구 신봉동,3020013500,2022,11,230941.0,470790.0,107.67633364,84.40746296
대전광역시 유성구 신봉동,3020013500,2022,12,278790.0,733045.0,129.98594901,131.42689668
대전광역시 유성구 신성동,3020012500,2020,1,1576680.0,6441771.0,735.12768065,1154.93860765
대전광역시 유성구 신성동,3020012500,2020,2,1487768.0,6565711.0,693.67242508,1177.15968491
대전광역시 유성구 신성동,3020012500,2020,3,1305832.0,5843666.0,608.84469237,1047.70496712
대전광역시 유성구 신성동,3020012500,2020,4,1214816.0,4424223.0,566.40844586,793.2144672100001
대전광역시 유성구 신성동,3020012500,2020,5,1201018.0,3307051.0,559.97512294,592.91782921
대전광역시 유성구 신성동,3020012500,2020,6,1379819.0,1791683.0,643.3411606999999,321.22903304
대전광역시 유성구 신성동,3020012500,2020,7,1442394.0,1390085.0,672.51677942,249.22693377
대전광역시 유성구 신성동,3020012500,2020,8,1768494.0,1253052.0,824.56103487,224.6584258
대전광역시 유성구 신성동,3020012500,2020,9,679567.0,597642.0,316.84838555,107.15062978
대전광역시 유성구 신성동,3020012500,2020,10,495214.0,459496.0,230.89372559,82.38257309
대전광역시 유성구 신성동,3020012500,2020,11,1289791.0,3024736.0,601.36556965,542.3018584
대전광역시 유성구 신성동,3020012500,2020,12,1501112.0,4707396.0,699.89407043,843.98426799
대전광역시 유성구 신성동,3020012500,2021,1,1707027.0,7566321.0,795.9020215,1356.5580398
대전광역시 유성구 신성동,3020012500,2021,2,1541399.0,7746033.0,718.67790032,1388.77842254
대전광역시 유성구 신성동,3020012500,2021,3,1302529.0,6188284.0,607.30466731,1109.49117979
대전광역시 유성구 신성동,3020012500,2021,4,1236013.0,4267371.0,576.29155569,765.09263074
대전광역시 유성구 신성동,3020012500,2021,5,1186972.0,2850786.0,553.42616975,511.11453876
대전광역시 유성구 신성동,3020012500,2021,6,1400546.0,1781422.0,653.0051327,319.38934873
대전광역시 유성구 신성동,3020012500,2021,7,1796177.0,1349512.0,837.46824472,241.95264168
대전광역시 유성구 신성동,3020012500,2021,8,1979976.0,1306897.0,923.16460198,234.3122414
대전광역시 유성구 신성동,3020012500,2021,9,1528355.0,1114876.0,712.59613011,199.88499045
대전광역시 유성구 신성동,3020012500,2021,10,1321349.0,1078916.0,616.07949981,193.4377585
대전광역시 유성구 신성동,3020012500,2021,11,1357577.0,2647654.0,632.97081932,474.6952079
대전광역시 유성구 신성동,3020012500,2021,12,1534370.0,4608558.0,715.40062624,826.26370288
대전광역시 유성구 신성동,3020012500,2022,1,1734594.0,7153266.0,808.75514634,1282.50182664
대전광역시 유성구 신성동,3020012500,2022,2,1634115.0,7267434.0,761.90677238,1302.97089183
대전광역시 유성구 신성동,3020012500,2022,3,1398575.0,6976268.0,652.08615316,1250.76803422
대전광역시 유성구 신성동,3020012500,2022,4,1277412.0,4529106.0,595.59385594,812.01883418
대전광역시 유성구 신성동,3020012500,2022,5,1307391.0,2536166.0,609.57157671,454.70663716
대전광역시 유성구 신성동,3020012500,2022,6,1433253.0,1632236.0,668.25478455,292.64194168
대전광역시 유성구 신성동,3020012500,2022,7,1944671.0,1147028.0,906.70363156,205.64949005
대전광역시 유성구 신성동,3020012500,2022,8,2343743.0,943625.0,1092.77111128,169.18157188
대전광역시 유성구 신성동,3020012500,2022,9,1799744.0,1121821.0,839.13135993,201.13015252
대전광역시 유성구 신성동,3020012500,2022,10,1549529.0,1035467.0,722.46851605,185.6478312
대전광역시 유성구 신성동,3020012500,2022,11,1615121.0,2426285.0,753.0508122900001,435.00618376
대전광역시 유성구 신성동,3020012500,2022,12,1965429.0,3951669.0,916.38205743,708.4907384
대전광역시 유성구 안산동,3020013700,2020,1,96809.0,0.0,45.13723499,0.0
대전광역시 유성구 안산동,3020013700,2020,2,92969.0,0.0,43.346833440000005,0.0
대전광역시 유성구 안산동,3020013700,2020,3,82666.0,0.0,38.54305559,0.0
대전광역시 유성구 안산동,3020013700,2020,4,70763.0,0.0,32.99327707,0.0
대전광역시 유성구 안산동,3020013700,2020,5,52411.0,0.0,24.43664969,0.0
대전광역시 유성구 안산동,3020013700,2020,6,50961.0,0.0,23.76058665,0.0
대전광역시 유성구 안산동,3020013700,2020,7,50312.0,0.0,23.4579901,0.0
대전광역시 유성구 안산동,3020013700,2020,8,58204.0,0.0,27.13763828,0.0
대전광역시 유성구 안산동,3020013700,2020,9,64114.0,0.0,29.89317812,0.0
대전광역시 유성구 안산동,3020013700,2020,10,64412.0,0.0,30.03212076,0.0
대전광역시 유성구 안산동,3020013700,2020,11,81701.0,0.0,38.09312391,0.0
대전광역시 유성구 안산동,3020013700,2020,12,97401.0,0.0,45.41325519,0.0
대전광역시 유성구 안산동,3020013700,2021,1,109714.0,0.0,51.15419639,0.0
대전광역시 유성구 안산동,3020013700,2021,2,104504.0,0.0,48.72503179,0.0
대전광역시 유성구 안산동,3020013700,2021,3,80350.0,0.0,37.46321966,0.0
대전광역시 유성구 안산동,3020013700,2021,4,73932.0,0.0,34.470824560000004,0.0
대전광역시 유성구 안산동,3020013700,2021,5,62614.0,0.0,29.19380251,0.0
대전광역시 유성구 안산동,3020013700,2021,6,61007.0,0.0,28.44453814,0.0
대전광역시 유성구 안산동,3020013700,2021,7,65150.0,0.0,30.37621355,0.0
대전광역시 유성구 안산동,3020013700,2021,8,68264.0,0.0,31.82811731,0.0
대전광역시 유성구 안산동,3020013700,2021,9,60711.0,0.0,28.30652808,0.0
대전광역시 유성구 안산동,3020013700,2021,10,59968.0,0.0,27.960104,0.0
대전광역시 유성구 안산동,3020013700,2021,11,85438.0,0.0,39.8355017,0.0
대전광역시 유성구 안산동,3020013700,2021,12,103210.0,0.0,48.12170377,0.0
대전광역시 유성구 안산동,3020013700,2022,1,121361.0,0.0,56.58461478,0.0
대전광역시 유성구 안산동,3020013700,2022,2,113272.0,0.0,52.81311532,0.0
대전광역시 유성구 안산동,3020013700,2022,3,88291.0,0.0,41.16571408,0.0
대전광역시 유성구 안산동,3020013700,2022,4,75727.0,0.0,35.307744050000004,0.0
대전광역시 유성구 안산동,3020013700,2022,5,57530.0,0.0,26.82338553,0.0
대전광역시 유성구 안산동,3020013700,2022,6,55393.0,0.0,25.82700838,0.0
대전광역시 유성구 안산동,3020013700,2022,7,62278.0,0.0,29.0371424,0.0
대전광역시 유성구 안산동,3020013700,2022,8,61853.0,0.0,28.83898599,0.0
대전광역시 유성구 안산동,3020013700,2022,9,58057.0,0.0,27.06909947,0.0
대전광역시 유성구 안산동,3020013700,2022,10,60074.0,0.0,28.00952655,0.0
대전광역시 유성구 안산동,3020013700,2022,11,79290.0,0.0,36.96899421,0.0
대전광역시 유성구 안산동,3020013700,2022,12,101474.0,0.0,47.31229308,0.0
대전광역시 유성구 어은동,3020012300,2020,1,13537068.0,2861407.0,6311.66336984,513.01876713
대전광역시 유성구 어은동,3020012300,2020,2,12345853.0,2823493.0,5756.2588995900005,506.22120439
대전광역시 유성구 어은동,3020012300,2020,3,8943781.0,2495889.0,4170.04146877,447.48541455
대전광역시 유성구 어은동,3020012300,2020,4,7376392.0,1657041.0,3439.24572052,297.08920504
대전광역시 유성구 어은동,3020012300,2020,5,8783830.0,1333735.0,4095.46425104,239.12399925
대전광역시 유성구 어은동,3020012300,2020,6,11300722.0,838103.0,5268.96615276,150.26263925
대전광역시 유성구 어은동,3020012300,2020,7,13846166.0,1152459.0,6455.78043594,206.62320854
대전광역시 유성구 어은동,3020012300,2020,8,15089392.0,1713987.0,7035.43505578,307.29899579
대전광역시 유성구 어은동,3020012300,2020,9,14053698.0,2289381.0,6552.542314,410.46080411
대전광역시 유성구 어은동,3020012300,2020,10,13499979.0,1969119.0,6294.37060875,353.04135402
대전광역시 유성구 어은동,3020012300,2020,11,13377667.0,948135.0,6237.3425898000005,169.99016523
대전광역시 유성구 어은동,3020012300,2020,12,11794853.0,1831523.0,5499.35492918,328.37190633
대전광역시 유성구 어은동,3020012300,2021,1,9057033.0,3232610.0,4222.8452591000005,579.57137758
대전광역시 유성구 어은동,3020012300,2021,2,7738386.0,4044629.0,3608.02556786,725.15744286
대전광역시 유성구 어은동,3020012300,2021,3,9021959.0,2675814.0,4206.49199255,479.74398584
대전광역시 유성구 어은동,3020012300,2021,4,11015895.0,2001694.0,5136.165450099999,358.88169287
대전광역시 유성구 어은동,3020012300,2021,5,11948633.0,1166224.0,5571.05491569,209.09112147
대전광역시 유성구 어은동,3020012300,2021,6,13753615.0,990970.0,6412.6284952000005,177.67000908
대전광역시 유성구 어은동,3020012300,2021,7,15220232.0,1393748.0,7096.439258089999,249.88366931
대전광역시 유성구 어은동,3020012300,2021,8,15304495.0,2125673.0,7135.72691554,381.10976234
대전광역시 유성구 어은동,3020012300,2021,9,13591685.0,1983060.0,6337.1285679,355.54082181
대전광역시 유성구 어은동,3020012300,2021,10,12410114.0,1232077.0,5786.22061655,220.89783928
대전광역시 유성구 어은동,3020012300,2021,11,8095269.0,1002828.0,3774.42240937,179.79601791
대전광역시 유성구 어은동,3020012300,2021,12,8645601.0,1814951.0,4031.01492448,325.40072924000003
대전광역시 유성구 어은동,3020012300,2022,1,8868605.0,3021344.0,4134.99062866,541.69371011
대전광역시 유성구 어은동,3020012300,2022,2,8298423.0,3881850.0,3869.14304313,695.97296054
대전광역시 유성구 어은동,3020012300,2022,3,11430275.0,3397067.0,5329.37029089,609.05670679
대전광역시 유성구 어은동,3020012300,2022,4,12516305.0,1883100.0,5835.73221277,337.61909452
대전광역시 유성구 어은동,3020012300,2022,5,13668057.0,1207932.0,6372.73704345,216.56890664
대전광역시 유성구 어은동,3020012300,2022,6,14417709.0,1000407.0,6722.26258832,179.36195929
대전광역시 유성구 어은동,3020012300,2022,7,15787575.0,1485503.0,7360.96315876,266.33433048
대전광역시 유성구 어은동,3020012300,2022,8,9090253.0,1687558.0,4238.334097309999,302.56056711
대전광역시 유성구 어은동,3020012300,2022,9,8085746.0,2085607.0,3769.98230682,373.92636975
대전광역시 유성구 어은동,3020012300,2022,10,7514129.0,1127086.0,3503.46565193,202.07410904
대전광역시 유성구 어은동,3020012300,2022,11,7153348.0,812397.0,3335.25136632,145.65383652
대전광역시 유성구 어은동,3020012300,2022,12,7915754.0,1275357.0,3690.72346878,228.65746668
대전광역시 유성구 외삼동,3020013800,2020,1,438739.0,28853.0,204.56223422,5.173025190000001
대전광역시 유성구 외삼동,3020013800,2020,2,389985.0,26749.0,181.83066226000005,4.79580115
대전광역시 유성구 외삼동,3020013800,2020,3,368353.0,23555.0,171.74473358,4.22315212
대전광역시 유성구 외삼동,3020013800,2020,4,342349.0,5309.0,159.62035819000002,0.95184524
대전광역시 유성구 외삼동,3020013800,2020,5,342526.0,22398.0,159.70288452,4.01571477
대전광역시 유성구 외삼동,3020013800,2020,6,346800.0,25625.0,161.6956387,4.59428033
대전광역시 유성구 외삼동,3020013800,2020,7,362664.0,21263.0,169.09223504999997,3.81222177
대전광역시 유성구 외삼동,3020013800,2020,8,401924.0,19308.0,187.39722577,3.46171179
대전광역시 유성구 외삼동,3020013800,2020,9,356194.0,20364.0,166.07559494999998,3.65104097
대전광역시 유성구 외삼동,3020013800,2020,10,358856.0,17669.0,167.31675352999997,3.16785714
대전광역시 유성구 외삼동,3020013800,2020,11,358849.0,20471.0,167.31348982,3.67022489
대전광역시 유성구 외삼동,3020013800,2020,12,457197.0,24408.0,213.16828415,4.37608563
대전광역시 유성구 외삼동,3020013800,2021,1,505972.0,21331.0,235.90964741,3.82441342
대전광역시 유성구 외삼동,3020013800,2021,2,429345.0,24719.0,200.18227799,4.43184451
대전광역시 유성구 외삼동,3020013800,2021,3,383773.0,22186.0,178.9343148,3.97770551
대전광역시 유성구 외삼동,3020013800,2021,4,335652.0,22576.0,156.49787926,4.0476282
대전광역시 유성구 외삼동,3020013800,2021,5,326198.0,23297.0,152.08994797,4.17689556
대전광역시 유성구 외삼동,3020013800,2021,6,320463.0,22162.0,149.41600192,3.97340257
대전광역시 유성구 외삼동,3020013800,2021,7,369473.0,16089.0,172.26693406,2.88458054
대전광역시 유성구 외삼동,3020013800,2021,8,369334.0,7268.0,172.20212522,1.30307236
대전광역시 유성구 외삼동,3020013800,2021,9,321049.0,6362.0,149.68922471,1.14063654
대전광역시 유성구 외삼동,3020013800,2021,10,322776.0,6443.0,150.49443909,1.15515895
대전광역시 유성구 외삼동,3020013800,2021,11,364910.0,8222.0,170.13943346,1.4741140700000002
대전광역시 유성구 외삼동,3020013800,2021,12,449119.0,7636.0,209.40191341,1.36905072
대전광역시 유성구 외삼동,3020013800,2022,1,496176.0,7229.0,231.34225849,1.2960801
대전광역시 유성구 외삼동,3020013800,2022,2,446899.0,7525.0,208.36683751,1.34914963
대전광역시 유성구 외삼동,3020013800,2022,3,398597.0,7627.0,185.8460107,1.36743712
대전광역시 유성구 외삼동,3020013800,2022,4,350829.0,7143.0,163.57416156,1.28066124
대전광역시 유성구 외삼동,3020013800,2022,5,332857.0,7085.0,155.1947094,1.27026249
대전광역시 유성구 외삼동,3020013800,2022,6,339787.0,8679.0,158.42582463,1.55604913
대전광역시 유성구 외삼동,3020013800,2022,7,396596.0,8519.0,184.91304366,1.52736289
대전광역시 유성구 외삼동,3020013800,2022,8,400557.0,7887.0,186.75986144,1.41405226
대전광역시 유성구 외삼동,3020013800,2022,9,340472.0,7670.0,158.74520619,1.37514654
대전광역시 유성구 외삼동,3020013800,2022,10,328983.0,6181.0,153.38845534,1.10818524
대전광역시 유성구 외삼동,3020013800,2022,11,367425.0,8368.0,171.31205323,1.50029026
대전광역시 유성구 외삼동,3020013800,2022,12,503285.0,9085.0,234.65683255,1.62884046
대전광역시 유성구 용계동,3020010400,2020,1,400323.0,252036.0,186.65075884,45.18727954
대전광역시 유성구 용계동,3020010400,2020,2,375657.0,218991.0,175.15022655,39.26267491
대전광역시 유성구 용계동,3020010400,2020,3,322935.0,158353.0,150.56857292,28.39094922
대전광역시 유성구 용계동,3020010400,2020,4,287057.0,138261.0,133.84044106,24.78867485
대전광역시 유성구 용계동,3020010400,2020,5,264359.0,135627.0,123.25748947,24.31642767
대전광역시 유성구 용계동,3020010400,2020,6,301958.0,97336.0,140.78803826,17.451273
대전광역시 유성구 용계동,3020010400,2020,7,333798.0,84648.0,155.63345103,15.17645433
대전광역시 유성구 용계동,3020010400,2020,8,354155.0,75244.0,165.12491043,13.49042066
대전광역시 유성구 용계동,3020010400,2020,9,376736.0,65940.0,175.65331067,11.82231592
대전광역시 유성구 용계동,3020010400,2020,10,277745.0,85423.0,129.49871736,15.31540328
대전광역시 유성구 용계동,3020010400,2020,11,318856.0,164262.0,148.66673757,29.45036785
대전광역시 유성구 용계동,3020010400,2020,12,403491.0,242344.0,188.12784017,43.44961066
대전광역시 유성구 용계동,3020010400,2021,1,513830.0,281012.0,239.57344303,50.38235728
대전광역시 유성구 용계동,3020010400,2021,2,448370.0,240914.0,209.05269182,43.19322742
대전광역시 유성구 용계동,3020010400,2021,3,344565.0,209320.0,160.65356908,37.52877111
대전광역시 유성구 용계동,3020010400,2021,4,307366.0,178855.0,143.30952045,32.06673206
대전광역시 유성구 용계동,3020010400,2021,5,273526.0,131973.0,127.53160687,23.66130569
대전광역시 유성구 용계동,3020010400,2021,6,324548.0,103819.0,151.32063478,18.6136035
대전광역시 유성구 용계동,3020010400,2021,7,376390.0,80202.0,175.49198802,14.37933547
대전광역시 유성구 용계동,3020010400,2021,8,457639.0,55076.0,213.37436683,9.87452035
대전광역시 유성구 용계동,3020010400,2021,9,358628.0,62573.0,167.21044846,11.21864989
대전광역시 유성구 용계동,3020010400,2021,10,314564.0,68135.0,146.66559084,12.21585523
대전광역시 유성구 용계동,3020010400,2021,11,363274.0,143390.0,169.37664781,25.70824809
대전광역시 유성구 용계동,3020010400,2021,12,444977.0,233882.0,207.47070423,41.93246724
대전광역시 유성구 용계동,3020010400,2022,1,544496.0,295604.0,253.87147779,52.99854218
대전광역시 유성구 용계동,3020010400,2022,2,520770.0,270906.0,242.80922088,48.57046275
대전광역시 유성구 용계동,3020010400,2022,3,412793.0,252448.0,192.46490133,45.26114661
대전광역시 유성구 용계동,3020010400,2022,4,366882.0,220778.0,171.05887925,39.58306434
대전광역시 유성구 용계동,3020010400,2022,5,307662.0,133164.0,143.44753053,23.87483888
대전광역시 유성구 용계동,3020010400,2022,6,352813.0,106760.0,164.4992024,19.14089244
대전광역시 유성구 용계동,3020010400,2022,7,532128.0,86199.0,248.10489283,15.45453153
대전광역시 유성구 용계동,3020010400,2022,8,570745.0,66167.0,266.11008457,11.8630145
대전광역시 유성구 용계동,3020010400,2022,9,484124.0,70556.0,225.72300864,12.64991388
대전광역시 유성구 용계동,3020010400,2022,10,413359.0,94698.0,192.72879909,16.97830866
대전광역시 유성구 용계동,3020010400,2022,11,430662.0,171120.0,200.79632975,30.67993173
대전광역시 유성구 용계동,3020010400,2022,12,527639.0,230273.0,246.01189477,41.2854133
대전광역시 유성구 용산동,3020014400,2020,1,1784188.0,593855.0,831.87836869,106.47166234
대전광역시 유성구 용산동,3020014400,2020,2,1720548.0,563988.0,802.2061932199999,101.11683811
대전광역시 유성구 용산동,3020014400,2020,3,1464466.0,601359.0,682.80785825,107.81704691
대전광역시 유성구 용산동,3020014400,2020,4,1396082.0,396563.0,650.92379093,71.09937921
대전광역시 유성구 용산동,3020014400,2020,5,1243767.0,345322.0,579.90686127,61.91243214
대전광역시 유성구 용산동,3020014400,2020,6,1624310.0,271290.0,757.3351872100001,48.63930975
대전광역시 유성구 용산동,3020014400,2020,7,1574471.0,354189.0,734.09773354,63.5021876
대전광역시 유성구 용산동,3020014400,2020,8,1816694.0,342047.0,847.03430414,61.3252607
대전광역시 유성구 용산동,3020014400,2020,9,1270674.0,299571.0,592.45226075,53.70978161
대전광역시 유성구 용산동,3020014400,2020,10,931497.0,297745.0,434.31084884,53.38239994
대전광역시 유성구 용산동,3020014400,2020,11,1493445.0,290513.0,696.31932865,52.08578196
대전광역시 유성구 용산동,3020014400,2020,12,1843087.0,431554.0,859.34005098,77.37288019
대전광역시 유성구 용산동,3020014400,2021,1,1997738.0,575289.0,931.44614157,103.14298299
대전광역시 유성구 용산동,3020014400,2021,2,1821442.0,664472.0,849.24806108,119.13251286
대전광역시 유성구 용산동,3020014400,2021,3,1416137.0,511160.0,660.27444271,91.64535944
대전광역시 유성구 용산동,3020014400,2021,4,1376688.0,480247.0,641.88133067,86.10299891
대전광역시 유성구 용산동,3020014400,2021,5,1247843.0,331631.0,581.80729788,59.4577866
대전광역시 유성구 용산동,3020014400,2021,6,1523566.0,471275.0,710.36325693,84.49441811999999
대전광역시 유성구 용산동,3020014400,2021,7,1815122.0,503478.0,846.3013585599999,90.26806142
대전광역시 유성구 용산동,3020014400,2021,8,1944170.0,533765.0,906.47004018,95.69818702
대전광역시 유성구 용산동,3020014400,2021,9,1506815.0,406764.0,702.55309646,72.92830617999999
대전광역시 유성구 용산동,3020014400,2021,10,1395988.0,513469.0,650.8799633900001,92.05933771
대전광역시 유성구 용산동,3020014400,2021,11,1596700.0,524982.0,744.4620136799999,94.12349184
대전광역시 유성구 용산동,3020014400,2021,12,1803768.0,667912.0,841.0075515,119.74926698
대전광역시 유성구 용산동,3020014400,2022,1,2103004.0,763813.0,980.52645618,136.94326027
대전광역시 유성구 용산동,3020014400,2022,2,2015880.0,755873.0,939.90485634,135.51970571
대전광역시 유성구 용산동,3020014400,2022,3,1593573.0,688120.0,743.00404868,123.37233886
대전광역시 유성구 용산동,3020014400,2022,4,1517494.0,645865.0,707.5321844800001,115.79648265
대전광역시 유성구 용산동,3020014400,2022,5,1539608.0,508772.0,717.84284582,91.21721733
대전광역시 유성구 용산동,3020014400,2022,6,1726540.0,508815.0,804.99996562,91.22492675
대전광역시 유성구 용산동,3020014400,2022,7,2075442.0,516325.0,967.67566269,92.57138706
대전광역시 유성구 용산동,3020014400,2022,8,2036190.0,570770.0,949.37440194,102.33277607
대전광역시 유성구 용산동,3020014400,2022,9,1574696.0,520350.0,734.20263988,93.29302524
대전광역시 유성구 용산동,3020014400,2022,10,1707933.0,710262.0,796.3244444100001,127.34215565
대전광역시 유성구 용산동,3020014400,2022,11,1830198.0,804055.0,853.3305496,144.15820776
대전광역시 유성구 용산동,3020014400,2022,12,2213884.0,1446951.0,1032.22430056,259.4223814
대전광역시 유성구 원내동,3020010100,2020,1,3042710.0,5161080.0,1418.66475455,925.32481349
대전광역시 유성구 원내동,3020010100,2020,2,2922258.0,5119502.0,1362.50396145,917.87033594
대전광역시 유성구 원내동,3020010100,2020,3,2594590.0,4067380.0,1209.72862531,729.23644662
대전광역시 유성구 원내동,3020010100,2020,4,2463423.0,3190346.0,1148.57195915,571.99390776
대전광역시 유성구 원내동,3020010100,2020,5,2358677.0,2333732.0,1099.73409468,418.41245006
대전광역시 유성구 원내동,3020010100,2020,6,2606442.0,1465753.0,1215.2546251,262.79337294
대전광역시 유성구 원내동,3020010100,2020,7,2663213.0,1274754.0,1241.72412646,228.54935543
대전광역시 유성구 원내동,3020010100,2020,8,3043292.0,1106311.0,1418.93611227,198.34938031
대전광역시 유성구 원내동,3020010100,2020,9,1864962.0,536378.0,869.53927851,96.1666692
대전광역시 유성구 원내동,3020010100,2020,10,1468918.0,563103.0,684.88360503,100.95816737
대전광역시 유성구 원내동,3020010100,2020,11,2548608.0,2398145.0,1188.28949947,429.96099166
대전광역시 유성구 원내동,3020010100,2020,12,2852554.0,3836162.0,1330.00444361,687.78160529
대전광역시 유성구 원내동,3020010100,2021,1,3206505.0,6086839.0,1495.03423887,1091.30320833
대전광역시 유성구 원내동,3020010100,2021,2,3004217.0,5432696.0,1400.71737791,974.02257142
대전광역시 유성구 원내동,3020010100,2021,3,2570288.0,4182752.0,1198.39780811,749.92137576
대전광역시 유성구 원내동,3020010100,2021,4,2501779.0,3151701.0,1166.45545946,565.06528479
대전광역시 유성구 원내동,3020010100,2021,5,2404912.0,2211619.0,1121.29118199,396.51893377
대전광역시 유성구 원내동,3020010100,2021,6,2633181.0,1537335.0,1227.72169455,275.62723735
대전광역시 유성구 원내동,3020010100,2021,7,2962006.0,1233828.0,1381.03648236,221.21177425
대전광역시 유성구 원내동,3020010100,2021,8,3446269.0,1030008.0,1606.82429977,184.66909262
대전광역시 유성구 원내동,3020010100,2021,9,2839646.0,1039719.0,1323.98608338,186.41016799
대전광역시 유성구 원내동,3020010100,2021,10,2675033.0,1097339.0,1247.2352063,196.74079951
대전광역시 유성구 원내동,3020010100,2021,11,2758018.0,2355061.0,1285.92699561,422.23650487
대전광역시 유성구 원내동,3020010100,2021,12,2988941.0,3775251.0,1393.59493681,676.86093364
대전광역시 유성구 원내동,3020010100,2022,1,3377094.0,5381222.0,1574.5714284,964.79385008
대전광역시 유성구 원내동,3020010100,2022,2,3232111.0,5635853.0,1506.97304659,1010.44638451
대전광역시 유성구 원내동,3020010100,2022,3,2779706.0,4499792.0,1296.0390344,806.7631568
대전광역시 유성구 원내동,3020010100,2022,4,2681904.0,3443802.0,1250.43881272,617.43577766
대전광역시 유성구 원내동,3020010100,2022,5,2474338.0,1956828.0,1153.66108222,350.83771308
대전광역시 유성구 원내동,3020010100,2022,6,2639588.0,1367271.0,1230.7089608,245.13663479
대전광역시 유성구 원내동,3020010100,2022,7,3263403.0,1099976.0,1521.56295417,197.21358453
대전광역시 유성구 원내동,3020010100,2022,8,3626202.0,1018591.0,1690.71813293,182.62215028
대전광역시 유성구 원내동,3020010100,2022,9,3098100.0,1036761.0,1444.49036428,185.87983111
대전광역시 유성구 원내동,3020010100,2022,10,2646255.0,1204844.0,1233.81745224,216.01526224
대전광역시 유성구 원내동,3020010100,2022,11,2685502.0,2157681.0,1252.11638169,386.84844432
대전광역시 유성구 원내동,3020010100,2022,12,3058247.0,3510589.0,1425.9088871,629.40995138
대전광역시 유성구 원신흥동,3020011400,2020,1,2165616.0,791422.0,1009.71932626,141.89324997
대전광역시 유성구 원신흥동,3020011400,2020,2,2093464.0,746549.0,976.07842741,133.84801519
대전광역시 유성구 원신흥동,3020011400,2020,3,1885980.0,602466.0,879.33892941,108.0155198
대전광역시 유성구 원신흥동,3020011400,2020,4,1920127.0,453032.0,895.25998181,81.2236491
대전광역시 유성구 원신흥동,3020011400,2020,5,1842692.0,376318.0,859.15588207,67.46967361
대전광역시 유성구 원신흥동,3020011400,2020,6,1962824.0,455282.0,915.16747513,81.6270493
대전광역시 유성구 원신흥동,3020011400,2020,7,2028862.0,476796.0,945.95771904,85.48427262
대전광역시 유성구 원신흥동,3020011400,2020,8,2287234.0,527772.0,1066.42376738,94.62370812
대전광역시 유성구 원신흥동,3020011400,2020,9,747960.0,296305.0,348.73664917,53.12422378
대전광역시 유성구 원신흥동,3020011400,2020,10,564932.0,278879.0,263.39977096,49.99993388
대전광역시 유성구 원신흥동,3020011400,2020,11,1890860.0,440238.0,881.61423135,78.92982576
대전광역시 유성구 원신흥동,3020011400,2020,12,2071018.0,698969.0,965.6129709,125.3174451
대전광역시 유성구 원신흥동,3020011400,2021,1,2369674.0,696188.0,1104.8614504,124.81884241
대전광역시 유성구 원신흥동,3020011400,2021,2,2236591.0,794172.0,1042.81144838,142.38629471
대전광역시 유성구 원신흥동,3020011400,2021,3,1905572.0,559807.0,888.47370723,100.36723085
대전광역시 유성구 원신흥동,3020011400,2021,4,1941592.0,684535.0,905.26804664,122.72958783
대전광역시 유성구 원신흥동,3020011400,2021,5,1853331.0,453852.0,864.1163200799999,81.37066609
대전광역시 유성구 원신흥동,3020011400,2021,6,2022137.0,521200.0,942.82218508,93.44542087
대전광역시 유성구 원신흥동,3020011400,2021,7,2236403.0,402506.0,1042.72379331,72.16489367999999
대전광역시 유성구 원신흥동,3020011400,2021,8,2742038.0,482307.0,1278.47631433,86.47233426
대전광역시 유성구 원신흥동,3020011400,2021,9,2374431.0,368541.0,1107.07940353,66.07534315
대전광역시 유성구 원신흥동,3020011400,2021,10,1975234.0,437059.0,920.95364259,78.35986608
대전광역시 유성구 원신흥동,3020011400,2021,11,1981503.0,335704.0,923.87656635,60.18803066
대전광역시 유성구 원신흥동,3020011400,2021,12,2162556.0,618471.0,1008.29260002,110.88504011
대전광역시 유성구 원신흥동,3020011400,2022,1,2398979.0,596579.0,1118.52491834,106.96004555
대전광역시 유성구 원신흥동,3020011400,2022,2,2343466.0,777571.0,1092.64195994,139.40991818
대전광역시 유성구 원신흥동,3020011400,2022,3,2045396.0,658168.0,953.66670315,118.00227507
대전광역시 유성구 원신흥동,3020011400,2022,4,2016265.0,674291.0,940.08436272,120.89295143
대전광역시 유성구 원신흥동,3020011400,2022,5,1898029.0,443941.0,884.95678042,79.59373292
대전광역시 유성구 원신흥동,3020011400,2022,6,2054122.0,470198.0,957.73520415,84.30132388999999
대전광역시 유성구 원신흥동,3020011400,2022,7,2443785.0,504681.0,1139.41573377,90.48374608
대전광역시 유성구 원신흥동,3020011400,2022,8,2725728.0,624106.0,1270.87177028,111.89533353
대전광역시 유성구 원신흥동,3020011400,2022,9,2446068.0,521566.0,1140.48018341,93.51104064
대전광역시 유성구 원신흥동,3020011400,2022,10,2049817.0,530824.0,955.72799619,95.1708981
대전광역시 유성구 원신흥동,3020011400,2022,11,2006483.0,401705.0,935.52350133,72.0212832
대전광역시 유성구 원신흥동,3020011400,2022,12,2243503.0,628962.0,1046.03417113,112.76596088
대전광역시 유성구 원촌동,3020014200,2020,1,6455809.0,26668.0,3010.02352855,4.78127875
대전광역시 유성구 원촌동,3020014200,2020,2,6213317.0,26979.0,2896.96153657,4.83703762
대전광역시 유성구 원촌동,3020014200,2020,3,10630757.0,5708747.0,4956.59470357,1023.51547604
대전광역시 유성구 원촌동,3020014200,2020,4,10408684.0,4905714.0,4853.05307847,879.54050162
대전광역시 유성구 원촌동,3020014200,2020,5,10924744.0,3286130.0,5093.66625988,589.16692425
대전광역시 유성구 원촌동,3020014200,2020,6,10825267.0,2357370.0,5047.28506885,422.65048315
대전광역시 유성구 원촌동,3020014200,2020,7,11209564.0,29482.0,5226.46369883,5.28579796
대전광역시 유성구 원촌동,3020014200,2020,8,11189678.0,3103347.0,5217.19184335,556.39594504
대전광역시 유성구 원촌동,3020014200,2020,9,10538663.0,2637182.0,4913.6558392,472.81769365
대전광역시 유성구 원촌동,3020014200,2020,10,10487610.0,2324433.0,4889.85235756,416.74524174
대전광역시 유성구 원촌동,3020014200,2020,11,10258621.0,2894621.0,4783.08614469,518.97367159
대전광역시 유성구 원촌동,3020014200,2020,12,10514347.0,4042449.0,4902.3184945,724.76659284
대전광역시 유성구 원촌동,3020014200,2021,1,10590052.0,5751473.0,4937.615981020001,1031.17577736
대전광역시 유성구 원촌동,3020014200,2021,2,5763693.0,25779.0,2687.3241667500006,4.62189084
대전광역시 유성구 원촌동,3020014200,2021,3,10578392.0,5092315.0,4932.179501340001,912.99600619
대전광역시 유성구 원촌동,3020014200,2021,4,10286609.0,4210696.0,4796.13556089,754.93142731
대전광역시 유성구 원촌동,3020014200,2021,5,10644307.0,38499.0,4962.91239647,6.90244678
대전광역시 유성구 원촌동,3020014200,2021,6,10319817.0,31316.0,4811.61880417,5.61461396
대전광역시 유성구 원촌동,3020014200,2021,7,6376353.0,24157.0,2972.97713681,4.3310841
대전광역시 유성구 원촌동,3020014200,2021,8,10714399.0,2834448.0,4995.5928195,508.18531528
대전광역시 유성구 원촌동,3020014200,2021,9,10214675.0,2681853.0,4762.59630462,480.82671206
대전광역시 유성구 원촌동,3020014200,2021,10,10329573.0,2303540.0,4816.167543060001,412.99935689
대전광역시 유성구 원촌동,3020014200,2021,11,9980981.0,31833.0,4653.63638364,5.70730638
대전광역시 유성구 원촌동,3020014200,2021,12,10391427.0,4257644.0,4845.00699532,763.34868675
대전광역시 유성구 원촌동,3020014200,2022,1,10336865.0,5790900.0,4819.567440999999,1038.2446043200002
대전광역시 유성구 원촌동,3020014200,2022,2,5718003.0,25417.0,2666.02118593,4.55698822
대전광역시 유성구 원촌동,3020014200,2022,3,6317989.0,22800.0,2945.7648984300004,4.08778894
대전광역시 유성구 원촌동,3020014200,2022,4,10079931.0,4051125.0,4699.77186072,726.32210411
대전광역시 유성구 원촌동,3020014200,2022,5,10344577.0,2759203.0,4823.1631641,494.69471532
대전광역시 유성구 원촌동,3020014200,2022,6,10346029.0,2778239.0,4823.84015965,498.10766051
대전광역시 유성구 원촌동,3020014200,2022,7,10815090.0,2555551.0,5042.5400385,458.18215422
대전광역시 유성구 원촌동,3020014200,2022,8,10897121.0,3265337.0,5080.7870251,585.4389682999999
대전광역시 유성구 원촌동,3020014200,2022,9,10098688.0,3301479.0,4708.517319459999,591.91883093
대전광역시 유성구 원촌동,3020014200,2022,10,10234375.0,2822271.0,4771.78143751,506.00211327
대전광역시 유성구 원촌동,3020014200,2022,11,9819271.0,3045582.0,4578.23903144,546.0393166
대전광역시 유성구 원촌동,3020014200,2022,12,10411374.0,3883784.0,4854.30729204,696.31970547
대전광역시 유성구 자운동,3020013400,2020,1,709053.0,917537.0,330.59624487,164.50428077
대전광역시 유성구 자운동,3020013400,2020,2,687175.0,1141227.0,320.39561861,204.60943464
대전광역시 유성구 자운동,3020013400,2020,3,713278.0,939933.0,332.56615281,168.51963697
대전광역시 유성구 자운동,3020013400,2020,4,655842.0,1927261.0,305.78659482,345.53667555000004
대전광역시 유성구 자운동,3020013400,2020,5,632627.0,1779649.0,294.9625918,319.07146932
대전광역시 유성구 자운동,3020013400,2020,6,826723.0,684040.0,385.45992944,122.64083978
대전광역시 유성구 자운동,3020013400,2020,7,835577.0,548370.0,389.58811048,98.31670271
대전광역시 유성구 자운동,3020013400,2020,8,903991.0,414087.0,421.48616535,74.24123944
대전광역시 유성구 자운동,3020013400,2020,9,808997.0,165948.0,377.19517482,29.75264909
대전광역시 유성구 자운동,3020013400,2020,10,681557.0,454558.0,317.77622385,81.49724408
대전광역시 유성구 자운동,3020013400,2020,11,686817.0,733372.0,320.22870096,131.48552418
대전광역시 유성구 자운동,3020013400,2020,12,722346.0,1753241.0,336.79411143000004,314.33680572
대전광역시 유성구 자운동,3020013400,2021,1,711148.0,715886.0,331.57303944,128.35047690000002
대전광역시 유성구 자운동,3020013400,2021,2,629427.0,2560149.0,293.47059055,459.00652497
대전광역시 유성구 자운동,3020013400,2021,3,678231.0,2119127.0,316.22547503,379.93613663
대전광역시 유성구 자운동,3020013400,2021,4,681165.0,2067663.0,317.59345369,370.70920813
대전광역시 유성구 자운동,3020013400,2021,5,720263.0,897649.0,335.82291187,160.93858136
대전광역시 유성구 자운동,3020013400,2021,6,792466.0,671124.0,369.48758948,120.32514323
대전광역시 유성구 자운동,3020013400,2021,7,882235.0,678978.0,411.34242165,121.73327892
대전광역시 유성구 자운동,3020013400,2021,8,819525.0,355904.0,382.10385905,63.80966822
대전광역시 유성구 자운동,3020013400,2021,9,621214.0,517726.0,289.64127597,92.82257092
대전광역시 유성구 자운동,3020013400,2021,10,662930.0,524760.0,309.09137768,94.08368967
대전광역시 유성구 자운동,3020013400,2021,11,619919.0,651478.0,289.03748172,116.80283173
대전광역시 유성구 자운동,3020013400,2021,12,687993.0,1271320.0,320.77701143,227.93367705
대전광역시 유성구 자운동,3020013400,2022,1,706403.0,2039551.0,329.36068132,365.66903606
대전광역시 유성구 자운동,3020013400,2022,2,690597.0,2379603.0,321.99112751,426.63661524
대전광역시 유성구 자운동,3020013400,2022,3,710454.0,2110690.0,331.24946171,378.42347542
대전광역시 유성구 자운동,3020013400,2022,4,692970.0,2442619.0,323.09753968,437.93469014
대전광역시 유성구 자운동,3020013400,2022,5,693349.0,1225069.0,323.27424861000003,219.64138201000003
대전광역시 유성구 자운동,3020013400,2022,6,768578.0,795843.0,358.34979994,142.68588661
대전광역시 유성구 자운동,3020013400,2022,7,842593.0,651439.0,392.8593233,116.79583947
대전광역시 유성구 자운동,3020013400,2022,8,806113.0,544779.0,375.85050866,97.67287596
대전광역시 유성구 자운동,3020013400,2022,9,737166.0,529612.0,343.70394237,94.95359986
대전광역시 유성구 자운동,3020013400,2022,10,685663.0,578560.0,319.69064802,103.72943726
대전광역시 유성구 자운동,3020013400,2022,11,644911.0,719492.0,300.6900117,128.99699299000002
대전광역시 유성구 자운동,3020013400,2022,12,688228.0,1303381.0,320.88658028,233.68186131
대전광역시 유성구 장대동,3020011700,2020,1,2765007.0,4029909.0,1289.18561969,722.51830884
대전광역시 유성구 장대동,3020011700,2020,2,2710868.0,3925144.0,1263.94328935,703.73509803
대전광역시 유성구 장대동,3020011700,2020,3,2347940.0,3243812.0,1094.72796415,581.57977278
대전광역시 유성구 장대동,3020011700,2020,4,2235204.0,2579885.0,1042.16475912,462.54497243
대전광역시 유성구 장대동,3020011700,2020,5,2048618.0,1831337.0,955.16896196,328.33855862
대전광역시 유성구 장대동,3020011700,2020,6,2260485.0,1103245.0,1053.9520354,197.79968028
대전광역시 유성구 장대동,3020011700,2020,7,2329819.0,887486.0,1086.27904069,159.11646734
대전광역시 유성구 장대동,3020011700,2020,8,2566713.0,864976.0,1196.73096293,155.08067226
대전광역시 유성구 장대동,3020011700,2020,9,1963342.0,378152.0,915.40899292,67.79848966
대전광역시 유성구 장대동,3020011700,2020,10,1407254.0,409948.0,656.13274042,73.49916232
대전광역시 유성구 장대동,3020011700,2020,11,2196293.0,1747504.0,1024.02248978,313.30822482
대전광역시 유성구 장대동,3020011700,2020,12,2461421.0,2894780.0,1147.63852586,519.00217846
대전광역시 유성구 장대동,3020011700,2021,1,2991173.0,4764230.0,1394.63560776,854.1739783099999
대전광역시 유성구 장대동,3020011700,2021,2,2773979.0,4312495.0,1293.36881835,773.18286706
대전광역시 유성구 장대동,3020011700,2021,3,2283005.0,3419716.0,1064.45199436,613.11742308
대전광역시 유성구 장대동,3020011700,2021,4,2175045.0,2362597.0,1014.11560117,423.58762671
대전광역시 유성구 장대동,3020011700,2021,5,1998972.0,1561432.0,932.02149454,279.94756413
대전광역시 유성구 장대동,3020011700,2021,6,2187816.0,1088362.0,1020.07008514,195.13132224
대전광역시 유성구 장대동,3020011700,2021,7,2405306.0,810705.0,1121.47488465,145.35047958
대전광역시 유성구 장대동,3020011700,2021,8,3090756.0,630438.0,1441.06622129,113.03059148
대전광역시 유성구 장대동,3020011700,2021,9,2423447.0,616418.0,1129.93313317,110.51695986
대전광역시 유성구 장대동,3020011700,2021,10,2079958.0,747458.0,969.78124951,134.01098891
대전광역시 유성구 장대동,3020011700,2021,11,2151700.0,1617983.0,1003.23098567,290.08653569
대전광역시 유성구 장대동,3020011700,2021,12,2403128.0,2894722.0,1120.45939129,518.99177975
대전광역시 유성구 장대동,3020011700,2022,1,2853913.0,4312557.0,1330.63807791,773.19398303
대전광역시 유성구 장대동,3020011700,2022,2,2787425.0,4626665.0,1299.63802131,829.51008862
대전광역시 유성구 장대동,3020011700,2022,3,2339202.0,3749233.0,1090.65386823,672.19619266
대전광역시 유성구 장대동,3020011700,2022,4,2213730.0,2754734.0,1032.15249803,493.89347287
대전광역시 유성구 장대동,3020011700,2022,5,1945626.0,1423979.0,907.14890075,255.3037548
대전광역시 유성구 장대동,3020011700,2022,6,2113950.0,933220.0,985.63003318,167.31607005
대전광역시 유성구 장대동,3020011700,2022,7,2596542.0,776324.0,1210.63874614,139.18634475
대전광역시 유성구 장대동,3020011700,2022,8,2882185.0,655336.0,1343.81990911,117.49452874
대전광역시 유성구 장대동,3020011700,2022,9,2476277.0,631003.0,1154.56514173,113.13188968
대전광역시 유성구 장대동,3020011700,2022,10,2215791.0,921487.0,1033.11344004,165.2124723
대전광역시 유성구 장대동,3020011700,2022,11,2230412.0,1809801.0,1039.93048712,324.47739095000003
대전광역시 유성구 장대동,3020011700,2022,12,2586719.0,2987449.0,1206.05876842,535.61670985
대전광역시 유성구 장동,3020012800,2020,1,7023291.0,4662571.0,3274.61223805,835.94763907
대전광역시 유성구 장동,3020012800,2020,2,6624244.0,3655840.0,3088.5564147,655.45185623
대전광역시 유성구 장동,3020012800,2020,3,6512537.0,4284047.0,3036.47298127,768.08245391
대전광역시 유성구 장동,3020012800,2020,4,5845608.0,2886293.0,2725.5170682400003,517.48055288
대전광역시 유성구 장동,3020012800,2020,5,5866630.0,2084090.0,2735.31858415,373.65438833
대전광역시 유성구 장동,3020012800,2020,6,7122885.0,1193165.0,3321.04798039,213.92134611
대전광역시 유성구 장동,3020012800,2020,7,7612520.0,1753768.0,3549.34049501,314.43129103
대전광역시 유성구 장동,3020012800,2020,8,8275338.0,1947926.0,3858.37965264,349.24168247
대전광역시 유성구 장동,3020012800,2020,9,6894239.0,2189869.0,3214.44169146,392.61939825
대전광역시 유성구 장동,3020012800,2020,10,6193283.0,1765511.0,2887.62067605,316.53668162
대전광역시 유성구 장동,3020012800,2020,11,6734292.0,1223095.0,3139.86633871,219.28746559
대전광역시 유성구 장동,3020012800,2020,12,7842001.0,2699824.0,3656.33610306,484.04871449
대전광역시 유성구 장동,3020012800,2021,1,8259518.0,5359365.0,3851.00357131,960.87513061
대전광역시 유성구 장동,3020012800,2021,2,6888344.0,6371673.0,3211.69314535,1142.37080813
대전광역시 유성구 장동,3020012800,2021,3,6597133.0,4160893.0,3075.9159001,746.0022978
대전광역시 유성구 장동,3020012800,2021,4,6003218.0,3517243.0,2799.0027937600003,630.60294029
대전광역시 유성구 장동,3020012800,2021,5,6116992.0,1708928.0,2852.04996681,306.3919728
대전광역시 유성구 장동,3020012800,2021,6,7391377.0,1060824.0,3446.23248279,190.19406208
대전광역시 유성구 장동,3020012800,2021,7,8771057.0,1791354.0,4089.50883467,321.17004695
대전광역시 유성구 장동,3020012800,2021,8,8573632.0,2465184.0,3997.45934945,441.98034617
대전광역시 유성구 장동,3020012800,2021,9,7254946.0,1855517.0,3382.6214744900003,332.67376632
대전광역시 유성구 장동,3020012800,2021,10,6804668.0,1490973.0,3172.67917686,267.31504124
대전광역시 유성구 장동,3020012800,2021,11,6792100.0,875263.0,3166.81934183,156.92501807
대전광역시 유성구 장동,3020012800,2021,12,7832043.0,3285435.0,3651.69318159,589.0423184
대전광역시 유성구 장동,3020012800,2022,1,8196446.0,4942819.0,3821.59622609,886.19301954
대전광역시 유성구 장동,3020012800,2022,2,7343568.0,5670624.0,3423.94151744,1016.6804419
대전광역시 유성구 장동,3020012800,2022,3,6988490.0,4556368.0,3258.38625788,816.9066106
대전광역시 유성구 장동,3020012800,2022,4,6153235.0,3674697.0,2868.94828003,658.83270869
대전광역시 유성구 장동,3020012800,2022,5,6443984.0,1503548.0,3004.51011759,269.56960028000003
대전광역시 유성구 장동,3020012800,2022,6,7501377.0,1091844.0,3497.52002681,195.75560651
대전광역시 유성구 장동,3020012800,2022,7,8951611.0,1881925.0,4173.6922094,337.40842997
대전광역시 유성구 장동,3020012800,2022,8,9287155.0,2829870.0,4330.1397336,507.36453029
대전광역시 유성구 장동,3020012800,2022,9,7855087.0,2833959.0,3662.43745579,508.09764294
대전광역시 유성구 장동,3020012800,2022,10,6930821.0,1373107.0,3231.49806356,246.18296534
대전광역시 유성구 장동,3020012800,2022,11,7091131.0,1291132.0,3306.24266519,231.48575045
대전광역시 유성구 장동,3020012800,2022,12,8998091.0,2191175.0,4195.36352799,392.85354968
대전광역시 유성구 전민동,3020014100,2020,1,3431871.0,3871052.0,1600.11122652,694.03699802
대전광역시 유성구 전민동,3020014100,2020,2,3340253.0,4104475.0,1557.39429741,735.8871717
대전광역시 유성구 전민동,3020014100,2020,3,4454426.0,11561391.0,2076.87790428,2072.83009966
대전광역시 유성구 전민동,3020014100,2020,4,4395370.0,10120804.0,2049.34302061,1814.54871339
대전광역시 유성구 전민동,3020014100,2020,5,4185273.0,8038569.0,1951.38521037,1441.22690614
대전광역시 유성구 전민동,3020014100,2020,6,4621025.0,4492472.0,2154.55475466,805.45076142
대전광역시 유성구 전민동,3020014100,2020,7,4896246.0,4626227.0,2282.87665604,829.4315600499999
대전광역시 유성구 전민동,3020014100,2020,8,5407683.0,4135418.0,2521.33436181,741.43491081
대전광역시 유성구 전민동,3020014100,2020,9,2600111.0,2757683.0,1212.30279375,494.42219606
대전광역시 유성구 전민동,3020014100,2020,10,2086873.0,2354753.0,973.005371,422.18128383
대전광역시 유성구 전민동,3020014100,2020,11,4509392.0,6374220.0,2102.5058238,1142.82745719
대전광역시 유성구 전민동,3020014100,2020,12,4909120.0,9422014.0,2288.87916364,1689.2633610300002
대전광역시 유성구 전민동,3020014100,2021,1,3877533.0,4974811.0,1807.90131232,891.9288328599999
대전광역시 유성구 전민동,3020014100,2021,2,3587287.0,5898635.0,1672.57399859,1057.56030354
대전광역시 유성구 전민동,3020014100,2021,3,4570306.0,12324158.0,2130.90700063,2209.58582368
대전광역시 유성구 전민동,3020014100,2021,4,4521996.0,9455485.0,2108.38244382,1695.26434274
대전광역시 유성구 전민동,3020014100,2021,5,4231254.0,6638492.0,1972.82387002,1190.20851678
대전광역시 유성구 전민동,3020014100,2021,6,4720078.0,5199143.0,2200.73825555,932.14909029
대전광역시 유성구 전민동,3020014100,2021,7,5240551.0,4741919.0,2443.409,850.17386177
대전광역시 유성구 전민동,3020014100,2021,8,6386791.0,4473167.0,2977.84385852,801.9895874700001
대전광역시 유성구 전민동,3020014100,2021,9,5259474.0,4220714.0,2452.23185629,756.72754444
대전광역시 유성구 전민동,3020014100,2021,10,4423928.0,3654189.0,2062.65819956,655.15585018
대전광역시 유성구 전민동,3020014100,2021,11,4499075.0,5973886.0,2097.69551842,1071.0519792599998
대전광역시 유성구 전민동,3020014100,2021,12,4848623.0,9238522.0,2260.67241319,1656.3652659
대전광역시 유성구 전민동,3020014100,2022,1,3822457.0,4872686.0,1782.22210521,873.61894495
대전광역시 유성구 전민동,3020014100,2022,2,3659411.0,5681117.0,1706.20184256,1018.5617213
대전광역시 유성구 전민동,3020014100,2022,3,3194728.0,5263625.0,1489.54320787,943.71000283
대전광역시 유성구 전민동,3020014100,2022,4,4642299.0,10137011.0,2164.47376572,1817.45445004
대전광역시 유성구 전민동,3020014100,2022,5,4384451.0,6635995.0,2044.25203255,1189.7608322
대전광역시 유성구 전민동,3020014100,2022,6,4724443.0,4715029.0,2202.77343849,845.3527808599999
대전광역시 유성구 전민동,3020014100,2022,7,5599266.0,4306861.0,2610.66001213,772.17275291
대전광역시 유성구 전민동,3020014100,2022,8,6541017.0,4417705.0,3049.75179268,792.04586155
대전광역시 유성구 전민동,3020014100,2022,9,5891650.0,4178270.0,2746.98416922,749.11780257
대전광역시 유성구 전민동,3020014100,2022,10,4812459.0,3552944.0,2243.81093375,637.00373645
대전광역시 유성구 전민동,3020014100,2022,11,4795163.0,6187512.0,2235.74666681,1109.35276864
대전광역시 유성구 전민동,3020014100,2022,12,5714480.0,8420954.0,2664.37858582,1509.78432608
대전광역시 유성구 죽동,3020012100,2020,1,4123655.0,5317575.0,1922.65579324,953.38264376
대전광역시 유성구 죽동,3020012100,2020,2,3969930.0,5467209.0,1850.98145048,980.2103723
대전광역시 유성구 죽동,3020012100,2020,3,3560533.0,4592037.0,1660.09993548,823.30166955
대전광역시 유성구 죽동,3020012100,2020,4,3315911.0,4537118.0,1546.04483009,813.45529756
대전광역시 유성구 죽동,3020012100,2020,5,3207575.0,3230452.0,1495.53312676,579.18447194
대전광역시 유성구 죽동,3020012100,2020,6,3629014.0,1998442.0,1692.02922909,358.29864503
대전광역시 유성구 죽동,3020012100,2020,7,3817841.0,1957515.0,1780.06989335,350.96088461
대전광역시 유성구 죽동,3020012100,2020,8,4250220.0,1752984.0,1981.6667751,314.29072845
대전광역시 유성구 죽동,3020012100,2020,9,2358559.0,1280017.0,1099.67907719,229.49295338
대전광역시 유성구 죽동,3020012100,2020,10,2034480.0,932636.0,948.57711377,167.21136519
대전광역시 유성구 죽동,3020012100,2020,11,3561410.0,2750813.0,1660.50883708,493.19048069
대전광역시 유성구 죽동,3020012100,2020,12,4106357.0,5020358.0,1914.59059382,900.09490845
대전광역시 유성구 죽동,3020012100,2021,1,4565939.0,7995395.0,2128.87088514,1433.48628333
대전광역시 유성구 죽동,3020012100,2021,2,4018051.0,7713239.0,1873.41788595,1382.8988194800002
대전광역시 유성구 죽동,3020012100,2021,3,3586303.0,5319794.0,1672.11520827,953.78048605
대전광역시 유성구 죽동,3020012100,2021,4,3457714.0,4443530.0,1612.16053561,796.67599968
대전광역시 유성구 죽동,3020012100,2021,5,3359768.0,2658368.0,1566.49317392,476.61611016
대전광역시 유성구 죽동,3020012100,2021,6,3665229.0,1984162.0,1708.91448732,355.73839829
대전광역시 유성구 죽동,3020012100,2021,7,4228455.0,1717041.0,1971.51883517,307.84654436
대전광역시 유성구 죽동,3020012100,2021,8,4773709.0,1603064.0,2225.74373073,287.41172326
대전광역시 유성구 죽동,3020012100,2021,9,3918517.0,1586433.0,1827.01011868,284.4299681
대전광역시 유성구 죽동,3020012100,2021,10,3511565.0,1626494.0,1637.26858592,291.6124643
대전광역시 유성구 죽동,3020012100,2021,11,3635620.0,2702366.0,1695.10927923,484.50446706
대전광역시 유성구 죽동,3020012100,2021,12,4068211.0,4866856.0,1896.80500601,872.5736901
대전광역시 유성구 죽동,3020012100,2022,1,4551710.0,7210463.0,2122.23660819,1292.75661893
대전광역시 유성구 죽동,3020012100,2022,2,4245027.0,7683599.0,1979.24553678,1377.58469383
대전광역시 유성구 죽동,3020012100,2022,3,3764383.0,6064085.0,1755.14507949,1087.22366667
대전광역시 유성구 죽동,3020012100,2022,4,3561939.0,4573662.0,1660.75548352,820.0072344
대전광역시 유성구 죽동,3020012100,2022,5,3319769.0,2343352.0,1547.84362412,420.13721013
대전광역시 유성구 죽동,3020012100,2022,6,3647532.0,1828320.0,1700.66325397,327.79764374
대전광역시 유성구 죽동,3020012100,2022,7,4460081.0,1657712.0,2079.51455024,297.20950794
대전광역시 유성구 죽동,3020012100,2022,8,4663458.0,1523405.0,2174.33915789,273.12974175
대전광역시 유성구 죽동,3020012100,2022,9,4141983.0,1457641.0,1931.20123051,261.33898073
대전광역시 유성구 죽동,3020012100,2022,10,3607291.0,1583006.0,1681.90087165,283.81554477
대전광역시 유성구 죽동,3020012100,2022,11,3564291.0,2616484.0,1661.85210449,469.10677012
대전광역시 유성구 죽동,3020012100,2022,12,4270642.0,4485892.0,1991.18854073,804.27103989
대전광역시 유성구 지족동,3020012000,2020,1,10296556.0,12691714.0,4800.77335369,2275.48456711
대전광역시 유성구 지족동,3020012000,2020,2,10132792.0,12913101.0,4724.41832307,2315.17681851
대전광역시 유성구 지족동,3020012000,2020,3,8900114.0,10992648.0,4149.68171259,1970.86074243
대전광역시 유성구 지족동,3020012000,2020,4,8595798.0,8603497.0,4007.79425583,1542.51227592
대전광역시 유성구 지족동,3020012000,2020,5,8248981.0,6064964.0,3846.09069084,1087.38126168
대전광역시 유성구 지족동,3020012000,2020,6,9232312.0,3908951.0,4304.56916288,700.8318715
대전광역시 유성구 지족동,3020012000,2020,7,9420813.0,3477736.0,4392.45782959,623.51977024
대전광역시 유성구 지족동,3020012000,2020,8,10794327.0,3419550.0,5032.85928156,613.08766113
대전광역시 유성구 지족동,3020012000,2020,9,4583832.0,1348137.0,2137.21350352,241.70611922
대전광역시 유성구 지족동,3020012000,2020,10,3440015.0,1164416.0,1603.90836968,208.76696698
대전광역시 유성구 지족동,3020012000,2020,11,8700341.0,6768175.0,4056.5374714,1213.45925066
대전광역시 유성구 지족동,3020012000,2020,12,9866174.0,10620222.0,4600.10757397,1904.08886148
대전광역시 유성구 지족동,3020012000,2021,1,11263455.0,15605080.0,5251.59039908,2797.81901084
대전광역시 유성구 지족동,3020012000,2021,2,10443636.0,13792051.0,4869.34946248,2472.76287512
대전광역시 유성구 지족동,3020012000,2021,3,8605799.0,10521296.0,4012.45722611,1886.35251903
대전광역시 유성구 지족동,3020012000,2021,4,8605872.0,7980718.0,4012.49126231,1430.85485886
대전광역시 유성구 지족동,3020012000,2021,5,8210835.0,5453348.0,3828.30510315,977.72524759
대전광역시 유성구 지족동,3020012000,2021,6,9159211.0,3829635.0,4270.48579244,686.61138602
대전광역시 유성구 지족동,3020012000,2021,7,10370122.0,3207060.0,4835.07353055,574.99054387
대전광역시 유성구 지족동,3020012000,2021,8,12335469.0,2929267.0,5751.41735541,525.1853179
대전광역시 유성구 지족동,3020012000,2021,9,9882681.0,2925352.0,4607.80396943,524.48340158
대전광역시 유성구 지족동,3020012000,2021,10,8696907.0,3378593.0,4054.93636752,605.74452197
대전광역시 유성구 지족동,3020012000,2021,11,8926764.0,6666156.0,4162.10728567,1195.16836742
대전광역시 유성구 지족동,3020012000,2021,12,9842776.0,10305528.0,4589.19824716,1847.66769246
대전광역시 유성구 지족동,3020012000,2022,1,11376176.0,14251609.0,5304.1466105,2555.15656403
대전광역시 유성구 지족동,3020012000,2022,2,11058143.0,14259150.0,5155.86359697,2556.50858236
대전광역시 유성구 지족동,3020012000,2022,3,9276255.0,11565755.0,4325.0576043,2073.61251679
대전광역시 유성구 지족동,3020012000,2022,4,9004303.0,8835900.0,4198.25987542,1584.17957478
대전광역시 유성구 지족동,3020012000,2022,5,8387124.0,5053775.0,3910.49991982,906.08620851
대전광역시 유성구 지족동,3020012000,2022,6,9172533.0,3572910.0,4276.69718028,640.58342045
대전광역시 유성구 지족동,3020012000,2022,7,11252151.0,2933434.0,5246.3199046,525.9324151
대전광역시 유성구 지족동,3020012000,2022,8,12518640.0,2902669.0,5836.8209075,520.4165894
대전광역시 유성구 지족동,3020012000,2022,9,10415315.0,2893046.0,4856.14478484,518.69129146
대전광역시 유성구 지족동,3020012000,2022,10,8897962.0,3617672.0,4148.6783417,648.60875415
대전광역시 유성구 지족동,3020012000,2022,11,9136890.0,6215544.0,4260.07861723,1114.37859761
대전광역시 유성구 지족동,3020012000,2022,12,10703396.0,10366589.0,4990.46266654,1858.61525742
대전광역시 유성구 추목동,3020013300,2020,1,306371.0,2454843.0,142.8456013,440.12631874
대전광역시 유성구 추목동,3020013300,2020,2,315258.0,2878314.0,146.9891686,516.0500060400001
대전광역시 유성구 추목동,3020013300,2020,3,294532.0,2180434.0,137.3256628,390.92780666
대전광역시 유성구 추목동,3020013300,2020,4,288224.0,2266453.0,134.38455529,406.35006617
대전광역시 유성구 추목동,3020013300,2020,5,277575.0,1590453.0,129.41945478,285.15070986
대전광역시 유성구 추목동,3020013300,2020,6,327070.0,742478.0,152.49651832,133.1181297
대전광역시 유성구 추목동,3020013300,2020,7,336873.0,504579.0,157.067171,90.46545861
대전광역시 유성구 추목동,3020013300,2020,8,450857.0,456001.0,210.2122566,81.7559581
대전광역시 유성구 추목동,3020013300,2020,9,117169.0,360347.0,54.63009313,64.60624919
대전광역시 유성구 추목동,3020013300,2020,10,62403.0,333507.0,29.09542371,59.79413273
대전광역시 유성구 추목동,3020013300,2020,11,280377.0,986678.0,130.72588840999998,176.90050073999998
대전광역시 유성구 추목동,3020013300,2020,12,285504.0,1683972.0,133.1163542,301.91763678
대전광역시 유성구 추목동,3020013300,2021,1,344429.0,2730793.0,160.59015902,489.60111516
대전광역시 유성구 추목동,3020013300,2021,2,316299.0,3792511.0,147.47453526,679.95546159
대전광역시 유성구 추목동,3020013300,2021,3,260051.0,2617280.0,121.24888276,469.2494842
대전광역시 유성구 추목동,3020013300,2021,4,266555.0,1973995.0,124.28137538,353.91556713
대전광역시 유성구 추목동,3020013300,2021,5,265503.0,1297524.0,123.79087996,232.63176571
대전광역시 유성구 추목동,3020013300,2021,6,310183.0,827239.0,144.62294782,148.31484367
대전광역시 유성구 추목동,3020013300,2021,7,444617.0,526381.0,207.30285412,94.37431713
대전광역시 유성구 추목동,3020013300,2021,8,507135.0,453461.0,236.45189662,81.30056407
대전광역시 유성구 추목동,3020013300,2021,9,320421.0,414825.0,149.39641941,74.37355471000001
대전광역시 유성구 추목동,3020013300,2021,10,258986.0,397776.0,120.75232609,71.31685675
대전광역시 유성구 추목동,3020013300,2021,11,277584.0,856960.0,129.42365102,153.64349169
대전광역시 유성구 추목동,3020013300,2021,12,290078.0,1707936.0,135.24898354,306.2141181
대전광역시 유성구 추목동,3020013300,2022,1,333930.0,2749434.0,155.69499607999998,492.9432412
대전광역시 유성구 추목동,3020013300,2022,2,315776.0,3409861.0,147.23068631,611.35053009
대전광역시 유성구 추목동,3020013300,2022,3,278024.0,3247883.0,129.62880121,582.3096583
대전광역시 유성구 추목동,3020013300,2022,4,267726.0,2245237.0,124.82735459,402.546271
대전광역시 유성구 추목동,3020013300,2022,5,250149.0,1321219.0,116.63207132,236.88001827
대전광역시 유성구 추목동,3020013300,2022,6,302516.0,838435.0,141.04820601,150.3221632
대전광역시 유성구 추목동,3020013300,2022,7,467058.0,542941.0,217.76597933,97.34334279
대전광역시 유성구 추목동,3020013300,2022,8,769789.0,479693.0,358.91442916,86.00367283
대전광역시 유성구 추목동,3020013300,2022,9,526261.0,436431.0,245.36940176,78.2472726
대전광역시 유성구 추목동,3020013300,2022,10,446698.0,432924.0,208.27312118,77.61850612
대전광역시 유성구 추목동,3020013300,2022,11,490683.0,873129.0,228.78114503,156.54241535
대전광역시 유성구 추목동,3020013300,2022,12,572185.0,1467023.0,266.78148512,263.02106998
대전광역시 유성구 탑립동,3020014300,2020,1,1219417.0,259110.0,568.55366399,46.45556987
대전광역시 유성구 탑립동,3020014300,2020,2,1189131.0,285088.0,554.43280438,51.11313921
대전광역시 유성구 탑립동,3020014300,2020,3,1027848.0,278197.0,479.23454115,49.87765878
대전광역시 유성구 탑립동,3020014300,2020,4,915653.0,230620.0,426.92357751,41.34762655
대전광역시 유성구 탑립동,3020014300,2020,5,741002.0,152285.0,345.49247889000003,27.30302365
대전광역시 유성구 탑립동,3020014300,2020,6,974169.0,110346.0,454.2066859,19.78382276
대전광역시 유성구 탑립동,3020014300,2020,7,953685.0,132300.0,444.65601271,23.71993319
대전광역시 유성구 탑립동,3020014300,2020,8,1091076.0,117782.0,508.71462143,21.11701566
대전광역시 유성구 탑립동,3020014300,2020,9,1115628.0,126641.0,520.16200125,22.70533683
대전광역시 유성구 탑립동,3020014300,2020,10,801971.0,135380.0,373.91929952,24.27214328
대전광역시 유성구 탑립동,3020014300,2020,11,1033585.0,121424.0,481.90941963,21.76998616
대전광역시 유성구 탑립동,3020014300,2020,12,1325776.0,205200.0,618.14359032,36.79010046
대전광역시 유성구 탑립동,3020014300,2021,1,1460621.0,381648.0,681.01512545,68.42528393
대전광역시 유성구 탑립동,3020014300,2021,2,1368919.0,455510.0,638.25903137,81.66792721
대전광역시 유성구 탑립동,3020014300,2021,3,1010160.0,335956.0,470.98750407,60.23321147
대전광역시 유성구 탑립동,3020014300,2021,4,911660.0,250063.0,425.06183968,44.83354237
대전광역시 유성구 탑립동,3020014300,2021,5,822115.0,161516.0,383.31144762,28.95804027
대전광역시 유성구 탑립동,3020014300,2021,6,1026551.0,114351.0,478.62981431,20.50187514
대전광역시 유성구 탑립동,3020014300,2021,7,1224871.0,138472.0,571.09659371,24.82650485
대전광역시 유성구 탑립동,3020014300,2021,8,1242856.0,156532.0,579.48210714,28.06446397
대전광역시 유성구 탑립동,3020014300,2021,9,1047076.0,180569.0,488.19960384,32.37403339
대전광역시 유성구 탑립동,3020014300,2021,10,961519.0,135337.0,448.30861838,24.26443384
대전광역시 유성구 탑립동,3020014300,2021,11,1092140.0,155547.0,509.2107119,27.88786431
대전광역시 유성구 탑립동,3020014300,2021,12,1351742.0,253651.0,630.25024818,45.47683125
대전광역시 유성구 탑립동,3020014300,2022,1,1638071.0,331711.0,763.75125899,59.47212971
대전광역시 유성구 탑립동,3020014300,2022,2,1544222.0,381057.0,719.99412515,68.31932414
대전광역시 유성구 탑립동,3020014300,2022,3,1142963.0,344136.0,532.90695591,61.69979539
대전광역시 유성구 탑립동,3020014300,2022,4,1065372.0,246426.0,496.73012116,44.18146831
대전광역시 유성구 탑립동,3020014300,2022,5,993365.0,178551.0,463.15682859,32.01222822
대전광역시 유성구 탑립동,3020014300,2022,6,1125619.0,144114.0,524.82030898,25.83805332
대전광역시 유성구 탑립동,3020014300,2022,7,1284855.0,137392.0,599.06415765,24.63287274
대전광역시 유성구 탑립동,3020014300,2022,8,1139523.0,227855.0,531.3030545299999,40.85189252
대전광역시 유성구 탑립동,3020014300,2022,9,935654.0,245960.0,436.24905174,44.09791962
대전광역시 유성구 탑립동,3020014300,2022,10,907886.0,147238.0,423.30221063,26.39815211
대전광역시 유성구 탑립동,3020014300,2022,11,978963.0,162095.0,456.4418903,29.06184861
대전광역시 유성구 탑립동,3020014300,2022,12,1298763.0,222116.0,605.54876827,39.82295299
대전광역시 유성구 하기동,3020013200,2020,1,1829710.0,5085766.0,853.10301936,911.82184261
대전광역시 유성구 하기동,3020013200,2020,2,1879688.0,5468558.0,876.4052818600001,980.45223314
대전광역시 유성구 하기동,3020013200,2020,3,1719216.0,4501106.0,801.58514767,806.9987424999999
대전광역시 유성구 하기동,3020013200,2020,4,1710534.0,3403155.0,797.5371617000001,610.14821815
대전광역시 유성구 하기동,3020013200,2020,5,1646164.0,2274993.0,767.52462342,407.88119413
대전광역시 유성구 하기동,3020013200,2020,6,1785892.0,1279001.0,832.67285937,229.31079575
대전광역시 유성구 하기동,3020013200,2020,7,1826452.0,1125475.0,851.58397559,201.78527449
대전광역시 유성구 하기동,3020013200,2020,8,2080134.0,1055487.0,969.86330954,189.23719676
대전광역시 유성구 하기동,3020013200,2020,9,665403.0,439401.0,310.2444149,78.77976091000001
대전광역시 유성구 하기동,3020013200,2020,10,523954.0,290949.0,244.29376208,52.16395194
대전광역시 유성구 하기동,3020013200,2020,11,1696389.0,2482441.0,790.9420498100001,445.07433626
대전광역시 유성구 하기동,3020013200,2020,12,1873124.0,4031294.0,873.34481424,722.76662419
대전광역시 유성구 하기동,3020013200,2021,1,2091829.0,6444486.0,975.31610799,1155.42537725
대전광역시 유성구 하기동,3020013200,2021,2,1957052.0,5271820.0,912.47627782,945.17927611
대전광역시 유성구 하기동,3020013200,2021,3,1655749.0,4280276.0,771.99363354,767.40635516
대전광역시 유성구 하기동,3020013200,2021,4,1681497.0,3433224.0,783.99864888,615.5392587599999
대전광역시 유성구 하기동,3020013200,2021,5,1621323.0,2145713.0,755.94249726,384.70271369
대전광역시 유성구 하기동,3020013200,2021,6,1756458.0,1369874.0,818.9492451,245.60332402
대전광역시 유성구 하기동,3020013200,2021,7,1955234.0,1149851.0,911.62863458,206.15562287
대전광역시 유성구 하기동,3020013200,2021,8,2391297.0,965565.0,1114.94318275,173.11517233
대전광역시 유성구 하기동,3020013200,2021,9,1944069.0,1040380.0,906.42294886,186.52867798
대전광역시 유성구 하기동,3020013200,2021,10,1644439.0,1185077.0,766.7203415,212.47125681
대전광역시 유성구 하기동,3020013200,2021,11,1695170.0,2483187.0,790.37369054,445.20808583
대전광역시 유성구 하기동,3020013200,2021,12,1832960.0,4137553.0,854.6183332,741.8176928299999
대전광역시 유성구 하기동,3020013200,2022,1,2058023.0,5838272.0,959.55404696,1046.73788227
대전광역시 유성구 하기동,3020013200,2022,2,2008094.0,5845669.0,936.27463078,1048.06408293
대전광역시 유성구 하기동,3020013200,2022,3,1731600.0,4818130.0,807.3591926299999,863.83765484
대전광역시 유성구 하기동,3020013200,2022,4,1710075.0,3670049.0,797.32315276,657.99937346
대전광역시 유성구 하기동,3020013200,2022,5,1579203.0,1958581.0,736.30403044,351.15200668
대전광역시 유성구 하기동,3020013200,2022,6,1699519.0,1264009.0,792.40141354,226.62289522
대전광역시 유성구 하기동,3020013200,2022,7,2046117.0,1069085.0,954.00286966,191.67516842
대전광역시 유성구 하기동,3020013200,2022,8,2295988.0,980746.0,1070.50532339,175.83695846
대전광역시 유성구 하기동,3020013200,2022,9,1950673.0,1085580.0,909.50206648,194.63254027
대전광역시 유성구 하기동,3020013200,2022,10,1592674.0,1137397.0,742.58488955,203.92275785
대전광역시 유성구 하기동,3020013200,2022,11,1638748.0,2200991.0,764.0669104799999,394.61345041
대전광역시 유성구 하기동,3020013200,2022,12,1842436.0,3865260.0,859.03652202,692.99855623
대전광역시 유성구 학하동,3020010500,2020,1,72735.0,86812.0,33.91272286,15.56443568
대전광역시 유성구 학하동,3020010500,2020,2,65695.0,81772.0,30.63032002,14.66081916
대전광역시 유성구 학하동,3020010500,2020,3,55773.0,65725.0,26.00418353,11.78376878
대전광역시 유성구 학하동,3020010500,2020,4,53753.0,60695.0,25.06235772,10.88194517
대전광역시 유성구 학하동,3020010500,2020,5,46419.0,35843.0,21.64287731,6.4262552
대전광역시 유성구 학하동,3020010500,2020,6,53978.0,19494.0,25.16726408,3.49505955
대전광역시 유성구 학하동,3020010500,2020,7,53754.0,13096.0,25.06282398,2.34796861
대전광역시 유성구 학하동,3020010500,2020,8,64863.0,15506.0,30.24239968,2.78005507
대전광역시 유성구 학하동,3020010500,2020,9,62165.0,10947.0,28.9844561,1.96267659
대전광역시 유성구 학하동,3020010500,2020,10,47438.0,16462.0,22.11798645,2.95145533
대전광역시 유성구 학하동,3020010500,2020,11,52401.0,48990.0,24.43198721,8.78336755
대전광역시 유성구 학하동,3020010500,2020,12,66264.0,74720.0,30.8956165,13.39647323
대전광역시 유성구 학하동,3020010500,2021,1,73356.0,110666.0,34.20226433,19.8411952
대전광역시 유성구 학하동,3020010500,2021,2,66895.0,84506.0,31.18982052,15.15099528
대전광역시 유성구 학하동,3020010500,2021,3,51153.0,85796.0,23.85010671,15.38227809
대전광역시 유성구 학하동,3020010500,2021,4,47909.0,51169.0,22.33759041,9.17403826
대전광역시 유성구 학하동,3020010500,2021,5,39738.0,32779.0,18.52785839,5.87691376
대전광역시 유성구 학하동,3020010500,2021,6,42503.0,32478.0,19.81704072,5.82294778
대전광역시 유성구 학하동,3020010500,2021,7,47968.0,25110.0,22.3650992,4.50194649
대전광역시 유성구 학하동,3020010500,2021,8,49677.0,19661.0,23.16192113,3.52500082
대전광역시 유성구 학하동,3020010500,2021,9,33659.0,22255.0,15.69352221,3.99007644
대전광역시 유성구 학하동,3020010500,2021,10,31693.0,23849.0,14.77687392,4.27586309
대전광역시 유성구 학하동,3020010500,2021,11,38955.0,60014.0,18.16278433,10.75984937
대전광역시 유성구 학하동,3020010500,2021,12,47012.0,84478.0,21.9193638,15.14597517
대전광역시 유성구 학하동,3020010500,2022,1,55672.0,115645.0,25.95709227,20.7338751
대전광역시 유성구 학하동,3020010500,2022,2,49903.0,111903.0,23.26729372,20.06297569
대전광역시 유성구 학하동,3020010500,2022,3,38254.0,93858.0,17.83594281,16.82770591
대전광역시 유성구 학하동,3020010500,2022,4,34982.0,75852.0,16.31037149,13.59942835
대전광역시 유성구 학하동,3020010500,2022,5,28848.0,0.0,13.45039153,0.0
대전광역시 유성구 학하동,3020010500,2022,6,30751.0,66682.0,14.33766603,11.95534835
대전광역시 유성구 학하동,3020010500,2022,7,39036.0,29773.0,18.20055061,5.33797106
대전광역시 유성구 학하동,3020010500,2022,8,93671.0,29441.0,43.67414121,5.2784471
대전광역시 유성구 학하동,3020010500,2022,9,70001.0,32637.0,32.63799423,5.85145473
대전광역시 유성구 학하동,3020010500,2022,10,60705.0,32242.0,28.30373052,5.78063555
대전광역시 유성구 학하동,3020010500,2022,11,82762.0,53375.0,38.58781561,9.56954979
대전광역시 유성구 학하동,3020010500,2022,12,115928.0,79865.0,54.05147637,14.31891507
대전광역시 유성구 화암동,3020013000,2020,1,1106624.0,1874942.0,515.96388264,336.15645493
대전광역시 유성구 화암동,3020013000,2020,2,1048128.0,1920126.0,488.69009925,344.25744861
대전광역시 유성구 화암동,3020013000,2020,3,906925.0,1297746.0,422.85414402,232.67156785
대전광역시 유성구 화암동,3020013000,2020,4,834762.0,1856349.0,389.20811638,332.82293478
대전광역시 유성구 화암동,3020013000,2020,5,753481.0,1037797.0,351.31081765,186.06557455
대전광역시 유성구 화암동,3020013000,2020,6,864686.0,420628.0,403.16019341,75.41396873
대전광역시 유성구 화암동,3020013000,2020,7,924036.0,780127.0,430.83215462,139.86818085
대전광역시 유성구 화암동,3020013000,2020,8,1027322.0,773884.0,478.98929346,138.74887969
대전광역시 유성구 화암동,3020013000,2020,9,979565.0,917454.0,456.72257308,164.48939977
대전광역시 유성구 화암동,3020013000,2020,10,779775.0,574737.0,363.57040568,103.04401546
대전광역시 유성구 화암동,3020013000,2020,11,818484.0,548377.0,381.61849241,98.31795773
대전광역시 유성구 화암동,3020013000,2020,12,971367.0,1109724.0,452.90025225,198.96129364
대전광역시 유성구 화암동,3020013000,2021,1,1137456.0,1992419.0,530.33931497,357.21878744
대전광역시 유성구 화암동,3020013000,2021,2,1042993.0,2555548.0,486.29590342,458.18161632
대전광역시 유성구 화암동,3020013000,2021,3,866445.0,1669546.0,403.98032782,299.33121383
대전광역시 유성구 화암동,3020013000,2021,4,833120.0,1272475.0,388.44253326,228.14075582
대전광역시 유성구 화암동,3020013000,2021,5,763825.0,662888.0,356.13371174,118.84851912
대전광역시 유성구 화암동,3020013000,2021,6,922514.0,348739.0,430.12252153,62.5250626
대전광역시 유성구 화암동,3020013000,2021,7,1024995.0,614891.0,477.90432873,110.24318552
대전광역시 유성구 화암동,3020013000,2021,8,1079162.0,1040482.0,503.15971418,186.54696548
대전광역시 유성구 화암동,3020013000,2021,9,1014999.0,1040998.0,473.24368978,186.63947862
대전광역시 유성구 화암동,3020013000,2021,10,915560.0,510868.0,426.88021621,91.59300706
대전광역시 유성구 화암동,3020013000,2021,11,856998.0,634032.0,399.57566032,113.67495604
대전광역시 유성구 화암동,3020013000,2021,12,980231.0,1245463.0,457.03309586,223.29780166
대전광역시 유성구 화암동,3020013000,2022,1,1159620.0,1828520.0,540.67328883,327.83350151
대전광역시 유성구 화암동,3020013000,2022,2,1132969.0,2169404.0,528.24724943,388.9502491
대전광역시 유성구 화암동,3020013000,2022,3,939561.0,2091857.0,438.07069203,375.04692591
대전광역시 유성구 화암동,3020013000,2022,4,913098.0,1478718.0,425.73230774,265.11785472
대전광역시 유성구 화암동,3020013000,2022,5,768643.0,636409.0,358.3801062,114.10112597
대전광역시 유성구 화암동,3020013000,2022,6,911965.0,462690.0,425.20404604,82.95522215
대전광역시 유성구 화암동,3020013000,2022,7,1103022.0,620923.0,514.28444873,111.3246567
대전광역시 유성구 화암동,3020013000,2022,8,1145670.0,953630.0,534.16909579,170.97535824
대전광역시 유성구 화암동,3020013000,2022,9,1059276.0,915051.0,493.88785868,164.05856834
대전광역시 유성구 화암동,3020013000,2022,10,915748.0,495268.0,426.96787131,88.79609882
대전광역시 유성구 화암동,3020013000,2022,11,861424.0,556311.0,401.6392846,99.74043656
대전광역시 유성구 화암동,3020013000,2022,12,1012333.0,1063801.0,472.00066615,190.7278054
대전광역시 중구 구완동,3014012100,2020,1,1006.0,0.0,0.4690478999999999,0.0
대전광역시 중구 구완동,3014012100,2020,2,987.0,0.0,0.46018914,0.0
대전광역시 중구 구완동,3014012100,2020,3,960.0,0.0,0.44760038,0.0
대전광역시 중구 구완동,3014012100,2020,4,904.0,0.0,0.4214903599999999,0.0
대전광역시 중구 구완동,3014012100,2020,5,770.0,0.0,0.35901281,0.0
대전광역시 중구 구완동,3014012100,2020,6,765.0,0.0,0.35668155,0.0
대전광역시 중구 구완동,3014012100,2020,7,726.0,0.0,0.33849779,0.0
대전광역시 중구 구완동,3014012100,2020,8,859.0,0.0,0.40050909,0.0
대전광역시 중구 구완동,3014012100,2020,9,748.0,0.0,0.3487553,0.0
대전광역시 중구 구완동,3014012100,2020,10,640.0,0.0,0.29840026,0.0
대전광역시 중구 구완동,3014012100,2020,11,815.0,0.0,0.3799940799999999,0.0
대전광역시 중구 구완동,3014012100,2020,12,865.0,0.0,0.40330659,0.0
대전광역시 중구 구완동,3014012100,2021,1,1162.0,0.0,0.54178297,0.0
대전광역시 중구 구완동,3014012100,2021,2,1112.0,0.0,0.51847045,0.0
대전광역시 중구 구완동,3014012100,2021,3,963.0,0.0,0.4489991299999999,0.0
대전광역시 중구 구완동,3014012100,2021,4,890.0,0.0,0.41496285,0.0
대전광역시 중구 구완동,3014012100,2021,5,830.0,0.0,0.38698783,0.0
대전광역시 중구 구완동,3014012100,2021,6,783.0,0.0,0.36507406,0.0
대전광역시 중구 구완동,3014012100,2021,7,893.0,0.0,0.41636161,0.0
대전광역시 중구 구완동,3014012100,2021,8,1067.0,0.0,0.49748918,0.0
대전광역시 중구 구완동,3014012100,2021,9,844.0,0.0,0.39351534,0.0
대전광역시 중구 구완동,3014012100,2021,10,782.0,0.0,0.36460782,0.0
대전광역시 중구 구완동,3014012100,2021,11,829.0,0.0,0.38652158,0.0
대전광역시 중구 구완동,3014012100,2021,12,885.0,0.0,0.41263161,0.0
대전광역시 중구 구완동,3014012100,2022,1,1387.0,0.0,0.6466893,0.0
대전광역시 중구 구완동,3014012100,2022,2,1232.0,0.0,0.57442049,0.0
대전광역시 중구 구완동,3014012100,2022,3,961.0,0.0,0.44806663,0.0
대전광역시 중구 구완동,3014012100,2022,4,827.0,0.0,0.38558908,0.0
대전광역시 중구 구완동,3014012100,2022,5,769.0,0.0,0.35854655,0.0
대전광역시 중구 구완동,3014012100,2022,6,846.0,0.0,0.39444784,0.0
대전광역시 중구 구완동,3014012100,2022,7,959.0,0.0,0.44713413,0.0
대전광역시 중구 구완동,3014012100,2022,8,997.0,0.0,0.46485165,0.0
대전광역시 중구 구완동,3014012100,2022,9,798.0,0.0,0.37206781,0.0
대전광역시 중구 구완동,3014012100,2022,10,763.0,0.0,0.35574905,0.0
대전광역시 중구 구완동,3014012100,2022,11,781.0,0.0,0.3641415699999999,0.0
대전광역시 중구 구완동,3014012100,2022,12,858.0,0.0,0.4000428399999999,0.0
대전광역시 중구 금동,3014012600,2020,1,23822.0,0.0,11.10701702,0.0
대전광역시 중구 금동,3014012600,2020,2,21932.0,0.0,10.22580377,0.0
대전광역시 중구 금동,3014012600,2020,3,18038.0,0.0,8.41022471,0.0
대전광역시 중구 금동,3014012600,2020,4,17144.0,0.0,7.99339685,0.0
대전광역시 중구 금동,3014012600,2020,5,12502.0,0.0,5.829062490000001,0.0
대전광역시 중구 금동,3014012600,2020,6,9621.0,0.0,4.485795110000001,0.0
대전광역시 중구 금동,3014012600,2020,7,9270.0,0.0,4.3221412,0.0
대전광역시 중구 금동,3014012600,2020,8,9474.0,0.0,4.417256279999999,0.0
대전광역시 중구 금동,3014012600,2020,9,10150.0,0.0,4.73244157,0.0
대전광역시 중구 금동,3014012600,2020,10,16109.0,0.0,7.5108277,0.0
대전광역시 중구 금동,3014012600,2020,11,23392.0,0.0,10.90652935,0.0
대전광역시 중구 금동,3014012600,2020,12,49794.0,0.0,23.21647241,0.0
대전광역시 중구 금동,3014012600,2021,1,49633.0,0.0,23.1414061,0.0
대전광역시 중구 금동,3014012600,2021,2,42726.0,0.0,19.92101459,0.0
대전광역시 중구 금동,3014012600,2021,3,22748.0,0.0,10.60626411,0.0
대전광역시 중구 금동,3014012600,2021,4,17056.0,0.0,7.95236683,0.0
대전광역시 중구 금동,3014012600,2021,5,13935.0,0.0,6.497199330000001,0.0
대전광역시 중구 금동,3014012600,2021,6,11443.0,0.0,5.33530334,0.0
대전광역시 중구 금동,3014012600,2021,7,9112.0,0.0,4.24847366,0.0
대전광역시 중구 금동,3014012600,2021,8,9354.0,0.0,4.36130624,0.0
대전광역시 중구 금동,3014012600,2021,9,11530.0,0.0,5.37586711,0.0
대전광역시 중구 금동,3014012600,2021,10,12681.0,0.0,5.91252132,0.0
대전광역시 중구 금동,3014012600,2021,11,19455.0,0.0,9.07090153,0.0
대전광역시 중구 금동,3014012600,2021,12,15114.0,0.0,7.04690855,0.0
대전광역시 중구 금동,3014012600,2022,1,12314.0,0.0,5.74140742,0.0
대전광역시 중구 금동,3014012600,2022,2,12244.0,0.0,5.708769889999999,0.0
대전광역시 중구 금동,3014012600,2022,3,13342.0,0.0,6.22071284,0.0
대전광역시 중구 금동,3014012600,2022,4,14966.0,0.0,6.97790348,0.0
대전광역시 중구 금동,3014012600,2022,5,14020.0,0.0,6.536830599999999,0.0
대전광역시 중구 금동,3014012600,2022,6,12531.0,0.0,5.84258377,0.0
대전광역시 중구 금동,3014012600,2022,7,9242.0,0.0,4.3090862,0.0
대전광역시 중구 금동,3014012600,2022,8,11645.0,0.0,5.4294859,0.0
대전광역시 중구 금동,3014012600,2022,9,14531.0,0.0,6.775084570000001,0.0
대전광역시 중구 금동,3014012600,2022,10,17533.0,0.0,8.17476827,0.0
대전광역시 중구 금동,3014012600,2022,11,22647.0,0.0,10.5591728,0.0
대전광역시 중구 금동,3014012600,2022,12,29123.0,0.0,13.57861041,0.0
대전광역시 중구 대사동,3014011000,2020,1,3129456.0,3508701.0,1459.11011179,629.07145376
대전광역시 중구 대사동,3014011000,2020,2,3004881.0,3542985.0,1401.02696823,635.2181974
대전광역시 중구 대사동,3014011000,2020,3,2782347.0,3012051.0,1297.27040169,540.0275775
대전광역시 중구 대사동,3014011000,2020,4,2626320.0,2737161.0,1224.52275059,490.74282745
대전광역시 중구 대사동,3014011000,2020,5,2634856.0,2167162.0,1228.5026639199998,388.54828322
대전광역시 중구 대사동,3014011000,2020,6,3082159.0,1341327.0,1437.05786662,240.48516127
대전광역시 중구 대사동,3014011000,2020,7,3287920.0,1431021.0,1532.99401521,256.56630779
대전광역시 중구 대사동,3014011000,2020,8,3535686.0,1480122.0,1648.51501175,265.36957642
대전광역시 중구 대사동,3014011000,2020,9,3217674.0,1758577.0,1500.24178953,315.29349174
대전광역시 중구 대사동,3014011000,2020,10,2512849.0,1623844.0,1171.6168514,291.13734848
대전광역시 중구 대사동,3014011000,2020,11,2588633.0,1618418.0,1206.95117162,290.16452641
대전광역시 중구 대사동,3014011000,2020,12,3017846.0,2338243.0,1407.07190464,419.22122266
대전광역시 중구 대사동,3014011000,2021,1,3412316.0,3393259.0,1590.99369989,608.3739743
대전광역시 중구 대사동,3014011000,2021,2,3083744.0,3982437.0,1437.79687353,714.0071020299999
대전광역시 중구 대사동,3014011000,2021,3,2860899.0,2874452.0,1333.8953030599998,515.35759194
대전광역시 중구 대사동,3014011000,2021,4,2663526.0,2501700.0,1241.87006298,448.52726287
대전광역시 중구 대사동,3014011000,2021,5,2615268.0,1922309.0,1219.36975104,344.64883651
대전광역시 중구 대사동,3014011000,2021,6,3104267.0,1576907.0,1447.36573043,282.72206123
대전광역시 중구 대사동,3014011000,2021,7,3660657.0,1742542.0,1706.78279054,312.41859286999994
대전광역시 중구 대사동,3014011000,2021,8,3868961.0,1883484.0,1803.90461376,337.68794148
대전광역시 중구 대사동,3014011000,2021,9,3244943.0,1863928.0,1512.95597172,334.18176605
대전광역시 중구 대사동,3014011000,2021,10,2855907.0,1489017.0,1331.5677811,266.96435198
대전광역시 중구 대사동,3014011000,2021,11,2792067.0,1768105.0,1301.80235555,317.00175723
대전광역시 중구 대사동,3014011000,2021,12,3250796.0,2174433.0,1515.68493529,389.85189341
대전광역시 중구 대사동,3014011000,2022,1,3579160.0,3073324.0,1668.78478168,551.01315175
대전광역시 중구 대사동,3014011000,2022,2,3477979.0,3491794.0,1621.60909996,626.04021476
대전광역시 중구 대사동,3014011000,2022,3,3263024.0,3330062.0,1521.3862451,597.0434480700001
대전광역시 중구 대사동,3014011000,2022,4,2906829.0,2315726.0,1355.310184,415.18417252
대전광역시 중구 대사동,3014011000,2022,5,2849990.0,1647324.0,1328.80897754,295.34705395
대전광역시 중구 대사동,3014011000,2022,6,3291106.0,1618554.0,1534.4794889,290.18890979
대전광역시 중구 대사동,3014011000,2022,7,3890251.0,1317721.0,1813.83108482,236.25286544
대전광역시 중구 대사동,3014011000,2022,8,4009664.0,1676204.0,1869.50744389,300.52491993
대전광역시 중구 대사동,3014011000,2022,9,3443670.0,1536716.0,1605.61251495,275.5162575
대전광역시 중구 대사동,3014011000,2022,10,2950089.0,1195849.0,1375.48017626,214.40255775
대전광역시 중구 대사동,3014011000,2022,11,2949757.0,1391955.0,1375.32538114,249.56220419
대전광역시 중구 대사동,3014011000,2022,12,3514035.0,2218007.0,1638.42022441,397.6642318100001
대전광역시 중구 대흥동,3014010500,2020,1,5934419.0,6354183.0,2766.92523245,1139.23504368
대전광역시 중구 대흥동,3014010500,2020,2,6051311.0,7196479.0,2821.42617439,1290.24944171
대전광역시 중구 대흥동,3014010500,2020,3,5223259.0,5660010.0,2435.34659788,1014.7774687
대전광역시 중구 대흥동,3014010500,2020,4,4727283.0,4508251.0,2204.09758957,808.27976223
대전광역시 중구 대흥동,3014010500,2020,5,4293121.0,3319687.0,2001.66938353,595.1833248099999
대전광역시 중구 대흥동,3014010500,2020,6,4649213.0,2271143.0,2167.69742094,407.19093152
대전광역시 중구 대흥동,3014010500,2020,7,5121841.0,2755016.0,2388.06041473,493.94403235
대전광역시 중구 대흥동,3014010500,2020,8,5536230.0,2441495.0,2581.26945185,437.73316929
대전광역시 중구 대흥동,3014010500,2020,9,5648327.0,2393596.0,2633.53472306,429.14540607
대전광역시 중구 대흥동,3014010500,2020,10,3913203.0,1871558.0,1824.53246402,335.54974094
대전광역시 중구 대흥동,3014010500,2020,11,4483951.0,3103254.0,2090.6439474,556.37927114
대전광역시 중구 대흥동,3014010500,2020,12,5204633.0,5220688.0,2426.66221802,936.01187151
대전광역시 중구 대흥동,3014010500,2021,1,6157518.0,8110754.0,2870.94523045,1454.16888179
대전광역시 중구 대흥동,3014010500,2021,2,6012374.0,8257557.0,2803.27178243,1480.48904316
대전광역시 중구 대흥동,3014010500,2021,3,4933435.0,5637928.0,2300.21604216,1010.81840912
대전광역시 중구 대흥동,3014010500,2021,4,4628793.0,4656286.0,2158.17658778,834.82080778
대전광역시 중구 대흥동,3014010500,2021,5,4052858.0,2846213.0,1889.64666369,510.29465031
대전광역시 중구 대흥동,3014010500,2021,6,4503026.0,2353461.0,2099.53767367,421.94964253
대전광역시 중구 대흥동,3014010500,2021,7,5231612.0,2551732.0,2439.24118763,457.49744958
대전광역시 중구 대흥동,3014010500,2021,8,6306638.0,2876205.0,2940.47249021,515.6718855400001
대전광역시 중구 대흥동,3014010500,2021,9,5183527.0,2731623.0,2416.8215372,489.74992503
대전광역시 중구 대흥동,3014010500,2021,10,4423034.0,2124600.0,2062.24137166,380.91738525
대전광역시 중구 대흥동,3014010500,2021,11,4390278.0,3235971.0,2046.96887368,580.17396781
대전광역시 중구 대흥동,3014010500,2021,12,5083808.0,5239611.0,2370.3275134,939.40455707
대전광역시 중구 대흥동,3014010500,2022,1,6022443.0,7465374.0,2807.96645764,1338.45935439
대전광역시 중구 대흥동,3014010500,2022,2,6107611.0,8091853.0,2847.67607196,1450.78014058
대전광역시 중구 대흥동,3014010500,2022,3,5190937.0,6740476.0,2420.2764527,1208.493125
대전광역시 중구 대흥동,3014010500,2022,4,4662414.0,4993801.0,2173.85239252,895.33353074
대전광역시 중구 대흥동,3014010500,2022,5,4097538.0,3058227.0,1910.47873134,548.30642587
대전광역시 중구 대흥동,3014010500,2022,6,4580043.0,2320598.0,2135.44688076,416.0576685
대전광역시 중구 대흥동,3014010500,2022,7,5870663.0,2486915.0,2737.19897198,445.87647518
대전광역시 중구 대흥동,3014010500,2022,8,6505649.0,2915867.0,3033.26144857,522.78284544
대전광역시 중구 대흥동,3014010500,2022,9,5650007.0,2908775.0,2634.31802371,521.51132791
대전광역시 중구 대흥동,3014010500,2022,10,4660341.0,2346179.0,2172.88585545,420.64406004
대전광역시 중구 대흥동,3014010500,2022,11,4427150.0,3225655.0,2064.16045839,578.32442273
대전광역시 중구 대흥동,3014010500,2022,12,5153315.0,5409445.0,2402.73518001,969.85392323
대전광역시 중구 목달동,3014012300,2020,1,14708.0,0.0,6.85761089,0.0
대전광역시 중구 목달동,3014012300,2020,2,14360.0,0.0,6.69535575,0.0
대전광역시 중구 목달동,3014012300,2020,3,8738.0,0.0,4.07409599,0.0
대전광역시 중구 목달동,3014012300,2020,4,8197.0,0.0,3.82185453,0.0
대전광역시 중구 목달동,3014012300,2020,5,8269.0,0.0,3.85542456,0.0
대전광역시 중구 목달동,3014012300,2020,6,10683.0,0.0,4.98095301,0.0
대전광역시 중구 목달동,3014012300,2020,7,7613.0,0.0,3.5495643,0.0
대전광역시 중구 목달동,3014012300,2020,8,10058.0,0.0,4.68954652,0.0
대전광역시 중구 목달동,3014012300,2020,9,8363.0,0.0,3.89925208,0.0
대전광역시 중구 목달동,3014012300,2020,10,9102.0,0.0,4.24381114,0.0
대전광역시 중구 목달동,3014012300,2020,11,12283.0,0.0,5.72695366,0.0
대전광역시 중구 목달동,3014012300,2020,12,15201.0,0.0,7.08747234,0.0
대전광역시 중구 목달동,3014012300,2021,1,17576.0,0.0,8.19481703,0.0
대전광역시 중구 목달동,3014012300,2021,2,14625.0,0.0,6.81891212,0.0
대전광역시 중구 목달동,3014012300,2021,3,13434.0,0.0,6.26360787,0.0
대전광역시 중구 목달동,3014012300,2021,4,11466.0,0.0,5.34602709,0.0
대전광역시 중구 목달동,3014012300,2021,5,7972.0,0.0,3.71694817,0.0
대전광역시 중구 목달동,3014012300,2021,6,8237.0,0.0,3.84050458,0.0
대전광역시 중구 목달동,3014012300,2021,7,8754.0,0.0,4.081556,0.0
대전광역시 중구 목달동,3014012300,2021,8,6011.0,0.0,2.80263115,0.0
대전광역시 중구 목달동,3014012300,2021,9,5161.0,0.0,2.40631831,0.0
대전광역시 중구 목달동,3014012300,2021,10,7634.0,0.0,3.55935553,0.0
대전광역시 중구 목달동,3014012300,2021,11,12085.0,0.0,5.63463608,0.0
대전광역시 중구 목달동,3014012300,2021,12,15894.0,0.0,7.41058383,0.0
대전광역시 중구 목달동,3014012300,2022,1,18921.0,0.0,8.82192382,0.0
대전광역시 중구 목달동,3014012300,2022,2,18827.0,0.0,8.77809628,0.0
대전광역시 중구 목달동,3014012300,2022,3,14070.0,0.0,6.56014312,0.0
대전광역시 중구 목달동,3014012300,2022,4,12226.0,0.0,5.7003774,0.0
대전광역시 중구 목달동,3014012300,2022,5,8012.0,0.0,3.73559819,0.0
대전광역시 중구 목달동,3014012300,2022,6,7307.0,0.0,3.40689168,0.0
대전광역시 중구 목달동,3014012300,2022,7,7195.0,0.0,3.3546716300000003,0.0
대전광역시 중구 목달동,3014012300,2022,8,7274.0,0.0,3.39150542,0.0
대전광역시 중구 목달동,3014012300,2022,9,6423.0,0.0,2.99472632,0.0
대전광역시 중구 목달동,3014012300,2022,10,6407.0,0.0,2.9872663200000003,0.0
대전광역시 중구 목달동,3014012300,2022,11,7730.0,0.0,3.60411558,0.0
대전광역시 중구 목달동,3014012300,2022,12,10607.0,0.0,4.945518,0.0
대전광역시 중구 목동,3014010300,2020,1,2305514.0,4540864.0,1074.94682469,814.12691409
대전광역시 중구 목동,3014010300,2020,2,2251201.0,4530948.0,1049.62336674,812.3490845
대전광역시 중구 목동,3014010300,2020,3,2031856.0,3914053.0,947.35367274,701.74660386
대전광역시 중구 목동,3014010300,2020,4,1978666.0,3240282.0,922.55381392,580.9468826899999
대전광역시 중구 목동,3014010300,2020,5,1908264.0,2400545.0,889.7288533,430.39128523
대전광역시 중구 목동,3014010300,2020,6,2219461.0,1370688.0,1034.82457909,245.74926523
대전광역시 중구 목동,3014010300,2020,7,2250248.0,1357333.0,1049.17903004,243.35486082
대전광역시 중구 목동,3014010300,2020,8,2612272.0,1372810.0,1217.97286495,246.1297165
대전광역시 중구 목동,3014010300,2020,9,1183778.0,853624.0,551.93696598,153.04538365
대전광역시 중구 목동,3014010300,2020,10,950949.0,752544.0,443.38035162,134.92285265
대전광역시 중구 목동,3014010300,2020,11,1994075.0,1826495.0,929.7382664,327.4704413
대전광역시 중구 목동,3014010300,2020,12,2208272.0,3110027.0,1029.60770334,557.59359551
대전광역시 중구 목동,3014010300,2021,1,2453158.0,5209322.0,1143.78589875,933.97407286
대전광역시 중구 목동,3014010300,2021,2,2293834.0,5772116.0,1069.50102008,1034.87683998
대전광역시 중구 목동,3014010300,2021,3,2010341.0,4059430.0,937.32229539,727.81109913
대전광역시 중구 목동,3014010300,2021,4,2019795.0,3286245.0,941.73022665,589.1875424799999
대전광역시 중구 목동,3014010300,2021,5,1954034.0,2037497.0,911.06913408,365.3007765
대전광역시 중구 목동,3014010300,2021,6,2217993.0,1439181.0,1034.14012343,258.02930593
대전광역시 중구 목동,3014010300,2021,7,2562567.0,1360428.0,1194.79788876,243.90976025
대전광역시 중구 목동,3014010300,2021,8,2959508.0,1225838.0,1379.87178881,219.77925527
대전광역시 중구 목동,3014010300,2021,9,2260753.0,1108690.0,1054.0769905,198.77590882
대전광역시 중구 목동,3014010300,2021,10,2023698.0,1182028.0,943.550002,211.92460465
대전광역시 중구 목동,3014010300,2021,11,2031061.0,1786065.0,946.98300368,320.22178757
대전광역시 중구 목동,3014010300,2021,12,2206667.0,3169548.0,1028.85937148,568.2650553599999
대전광역시 중구 목동,3014010300,2022,1,2460994.0,4892445.0,1147.43943694,877.16151605
대전광역시 중구 목동,3014010300,2022,2,2399409.0,5419799.0,1118.72540603,971.71028141
대전광역시 중구 목동,3014010300,2022,3,2109466.0,4824465.0,983.53936624,864.9734505900001
대전광역시 중구 목동,3014010300,2022,4,2044585.0,3710669.0,953.28857414,665.2820922000001
대전광역시 중구 목동,3014010300,2022,5,1954869.0,2079090.0,911.45845322,372.75794338
대전광역시 중구 목동,3014010300,2022,6,2194114.0,1481563.0,1023.00653012,265.6279319
대전광역시 중구 목동,3014010300,2022,7,2754254.0,1287847.0,1284.17202919,230.89678615
대전광역시 중구 목동,3014010300,2022,8,2915761.0,1252706.0,1359.47473259,224.59639182
대전광역시 중구 목동,3014010300,2022,9,2308324.0,1163823.0,1076.25698833,208.66064863
대전광역시 중구 목동,3014010300,2022,10,2056837.0,1218260.0,959.00107405,218.4206033
대전광역시 중구 목동,3014010300,2022,11,2095133.0,1855754.0,976.85659932,332.71625781
대전광역시 중구 목동,3014010300,2022,12,2357970.0,3010952.0,1099.40445569,539.83053892
대전광역시 중구 무수동,3014012000,2020,1,10173.0,0.0,4.74316532,0.0
대전광역시 중구 무수동,3014012000,2020,2,7425.0,0.0,3.46190921,0.0
대전광역시 중구 무수동,3014012000,2020,3,5475.0,0.0,2.55272094,0.0
대전광역시 중구 무수동,3014012000,2020,4,3469.0,0.0,1.61742264,0.0
대전광역시 중구 무수동,3014012000,2020,5,2930.0,0.0,1.36611366,0.0
대전광역시 중구 무수동,3014012000,2020,6,3051.0,0.0,1.42252997,0.0
대전광역시 중구 무수동,3014012000,2020,7,3835.0,0.0,1.78807027,0.0
대전광역시 중구 무수동,3014012000,2020,8,4061.0,0.0,1.89344287,0.0
대전광역시 중구 무수동,3014012000,2020,9,3344.0,0.0,1.5591413399999998,0.0
대전광역시 중구 무수동,3014012000,2020,10,3767.0,0.0,1.75636527,0.0
대전광역시 중구 무수동,3014012000,2020,11,5263.0,0.0,2.45387585,0.0
대전광역시 중구 무수동,3014012000,2020,12,6478.0,0.0,3.0203701,0.0
대전광역시 중구 무수동,3014012000,2021,1,11523.0,0.0,5.37260335,0.0
대전광역시 중구 무수동,3014012000,2021,2,13642.0,0.0,6.36058796,0.0
대전광역시 중구 무수동,3014012000,2021,3,5992.0,0.0,2.79377238,0.0
대전광역시 중구 무수동,3014012000,2021,4,3873.0,0.0,1.80578781,0.0
대전광역시 중구 무수동,3014012000,2021,5,3493.0,0.0,1.62861266,0.0
대전광역시 중구 무수동,3014012000,2021,6,4143.0,0.0,1.93167542,0.0
대전광역시 중구 무수동,3014012000,2021,7,4808.0,0.0,2.24173192,0.0
대전광역시 중구 무수동,3014012000,2021,8,4453.0,0.0,2.07621303,0.0
대전광역시 중구 무수동,3014012000,2021,9,4036.0,0.0,1.88178662,0.0
대전광역시 중구 무수동,3014012000,2021,10,3857.0,0.0,1.7983278,0.0
대전광역시 중구 무수동,3014012000,2021,11,5684.0,0.0,2.65016729,0.0
대전광역시 중구 무수동,3014012000,2021,12,9325.0,0.0,4.34778497,0.0
대전광역시 중구 무수동,3014012000,2022,1,16431.0,0.0,7.66096033,0.0
대전광역시 중구 무수동,3014012000,2022,2,14006.0,0.0,6.53030312,0.0
대전광역시 중구 무수동,3014012000,2022,3,10132.0,0.0,4.72404906,0.0
대전광역시 중구 무수동,3014012000,2022,4,5348.0,0.0,2.49350715,0.0
대전광역시 중구 무수동,3014012000,2022,5,2686.0,0.0,1.25234857,0.0
대전광역시 중구 무수동,3014012000,2022,6,3383.0,0.0,1.5773251,0.0
대전광역시 중구 무수동,3014012000,2022,7,3989.0,0.0,1.85987284,0.0
대전광역시 중구 무수동,3014012000,2022,8,5973.0,0.0,2.78491365,0.0
대전광역시 중구 무수동,3014012000,2022,9,3681.0,0.0,1.7162677199999998,0.0
대전광역시 중구 무수동,3014012000,2022,10,4624.0,0.0,2.15594186,0.0
대전광역시 중구 무수동,3014012000,2022,11,4591.0,0.0,2.14055558,0.0
대전광역시 중구 무수동,3014012000,2022,12,10889.0,0.0,5.07700059,0.0
대전광역시 중구 문창동,3014010600,2020,1,1126697.0,1209282.0,525.32292694,216.8109468
대전광역시 중구 문창동,3014010600,2020,2,1121985.0,1089890.0,523.12595508,195.4052758
대전광역시 중구 문창동,3014010600,2020,3,1002121.0,994296.0,467.23931715,178.26632431
대전광역시 중구 문창동,3014010600,2020,4,922904.0,781400.0,430.30435903,140.09641569
대전광역시 중구 문창동,3014010600,2020,5,805013.0,590940.0,375.33763329,105.9490349
대전광역시 중구 문창동,3014010600,2020,6,759104.0,396712.0,353.93254366,71.12609325
대전광역시 중구 문창동,3014010600,2020,7,842153.0,298461.0,392.65417306,53.51077081
대전광역시 중구 문창동,3014010600,2020,8,879528.0,280926.0,410.08028187,50.36693844
대전광역시 중구 문창동,3014010600,2020,9,1054314.0,261389.0,491.57432428,46.86416943
대전광역시 중구 문창동,3014010600,2020,10,738374.0,280980.0,344.26717288,50.37662008
대전광역시 중구 문창동,3014010600,2020,11,806910.0,561333.0,376.22211026,100.64082586
대전광역시 중구 문창동,3014010600,2020,12,950784.0,833619.0,443.30342035,149.45870742
대전광역시 중구 문창동,3014010600,2021,1,1221363.0,1221291.0,569.46098722,218.96402819
대전광역시 중구 문창동,3014010600,2021,2,1280319.0,1259731.0,596.94924593,225.85589688
대전광역시 중구 문창동,3014010600,2021,3,983609.0,959766.0,458.60808968,172.07547547
대전광역시 중구 문창동,3014010600,2021,4,915313.0,744086.0,426.76505231,133.40642639
대전광역시 중구 문창동,3014010600,2021,5,764677.0,507534.0,356.53095719,90.99525754
대전광역시 중구 문창동,3014010600,2021,6,770400.0,381760.0,359.19930819,68.44536432
대전광역시 중구 문창동,3014010600,2021,7,847531.0,310908.0,395.16166775,55.74238081
대전광역시 중구 문창동,3014010600,2021,8,1088516.0,245535.0,507.52102039,44.02172174
대전광역시 중구 문창동,3014010600,2021,9,932214.0,245670.0,434.64515038,44.04592583
대전광역시 중구 문창동,3014010600,2021,10,788035.0,303727.0,367.42163383,54.45490663
대전광역시 중구 문창동,3014010600,2021,11,829161.0,524358.0,386.5966479,94.0116155
대전광역시 중구 문창동,3014010600,2021,12,960520.0,875534.0,447.84283417,156.97360542
대전광역시 중구 문창동,3014010600,2022,1,1176511.0,1102715.0,548.54872437,197.7046571
대전광역시 중구 문창동,3014010600,2022,2,1202055.0,1231631.0,560.45862457,220.81787639
대전광역시 중구 문창동,3014010600,2022,3,1044422.0,1118461.0,486.96217529,200.5277415
대전광역시 중구 문창동,3014010600,2022,4,926271.0,825457.0,431.87422425,147.99535071
대전광역시 중구 문창동,3014010600,2022,5,746831.0,483911.0,348.21025251,86.75991381
대전광역시 중구 문창동,3014010600,2022,6,762172.0,392319.0,355.36299993,70.33847674
대전광역시 중구 문창동,3014010600,2022,7,888271.0,299713.0,414.15670909,53.73524062
대전광역시 중구 문창동,3014010600,2022,8,1032467.0,281893.0,481.38815178,50.54031081
대전광역시 중구 문창동,3014010600,2022,9,938128.0,283590.0,437.40255524,50.84456436
대전광역시 중구 문창동,3014010600,2022,10,728320.0,288527.0,339.57949131,51.72971398
대전광역시 중구 문창동,3014010600,2022,11,701929.0,470378.0,327.27467699,84.33359586
대전광역시 중구 문창동,3014010600,2022,12,783597.0,715950.0,365.35241475,128.36195138
대전광역시 중구 문화동,3014011600,2020,1,8105368.0,14688880.0,3779.13107201,2633.55443941
대전광역시 중구 문화동,3014011600,2020,2,8693394.0,17038737.0,4053.29842993,3054.85792449
대전광역시 중구 문화동,3014011600,2020,3,7832377.0,15151922.0,3651.84890911,2716.57277136
대전광역시 중구 문화동,3014011600,2020,4,7582217.0,11138286.0,3535.21170895,1996.97203219
대전광역시 중구 문화동,3014011600,2020,5,7688201.0,8402502.0,3584.62679157,1506.47608562
대전광역시 중구 문화동,3014011600,2020,6,8556725.0,4948653.0,3989.57645388,887.23899147
대전광역시 중구 문화동,3014011600,2020,7,8677396.0,4992589.0,4045.83935596,895.1162325
대전광역시 중구 문화동,3014011600,2020,8,9837317.0,4617662.0,4586.65298627,827.89594982
대전광역시 중구 문화동,3014011600,2020,9,4662518.0,2125088.0,2173.90088251,381.00487828
대전광역시 중구 문화동,3014011600,2020,10,3663014.0,884587.0,1707.88174265,158.59670855
대전광역시 중구 문화동,3014011600,2020,11,7455278.0,6828705.0,3476.02634959,1224.3116132
대전광역시 중구 문화동,3014011600,2020,12,8307361.0,11654890.0,3873.31038929,2089.59344084
대전광역시 중구 문화동,3014011600,2021,1,9263140.0,19170714.0,4318.94273032,3437.09792459
대전광역시 중구 문화동,3014011600,2021,2,8574564.0,19916008.0,3997.89389494,3570.72093216
대전광역시 중구 문화동,3014011600,2021,3,7440389.0,15031893.0,3469.08434738,2695.05289326
대전광역시 중구 문화동,3014011600,2021,4,7498627.0,11179456.0,3496.23783835,2004.35335986
대전광역시 중구 문화동,3014011600,2021,5,7431977.0,6837514.0,3465.16224899,1225.89096987
대전광역시 중구 문화동,3014011600,2021,6,8410263.0,4922163.0,3921.28848779,882.4896261700001
대전광역시 중구 문화동,3014011600,2021,7,9687077.0,4557798.0,4516.6035261,817.1629939
대전광역시 중구 문화동,3014011600,2021,8,11102967.0,4946185.0,5176.76280492,886.79650635
대전광역시 중구 문화동,3014011600,2021,9,9069942.0,4261278.0,4228.86408538,764.00022289
대전광역시 중구 문화동,3014011600,2021,10,7873833.0,4475550.0,3671.17778582,802.41683312
대전광역시 중구 문화동,3014011600,2021,11,7584246.0,6236751.0,3536.15773114,1118.1807793
대전광역시 중구 문화동,3014011600,2021,12,8243527.0,10884781.0,3843.54776109,1951.52137711
대전광역시 중구 문화동,3014011600,2022,1,9113971.0,17189174.0,4249.39262438,3081.82962211
대전광역시 중구 문화동,3014011600,2022,2,8811806.0,18908551.0,4108.50807221,3390.09498541
대전광역시 중구 문화동,3014011600,2022,3,7660171.0,15821935.0,3571.55779276,2836.6987245
대전광역시 중구 문화동,3014011600,2022,4,7520394.0,11496123.0,3506.3867107,2061.12826602
대전광역시 중구 문화동,3014011600,2022,5,7381084.0,6164321.0,3441.43336746,1105.19487777
대전광역시 중구 문화동,3014011600,2022,6,8018591.0,4571533.0,3738.67126121,819.62552809
대전광역시 중구 문화동,3014011600,2022,7,9502581.0,3630500.0,4430.58219218,650.90867327
대전광역시 중구 문화동,3014011600,2022,8,10180487.0,4552183.0,4746.65613594,816.15628628
대전광역시 중구 문화동,3014011600,2022,9,8495210.0,4434612.0,3960.89506061,795.0771005299999
대전광역시 중구 문화동,3014011600,2022,10,7273255.0,4139433.0,3391.15805312,742.1547560399999
대전광역시 중구 문화동,3014011600,2022,11,7215522.0,6349514.0,3364.24001878,1138.39794343
대전광역시 중구 문화동,3014011600,2022,12,8230833.0,10641284.0,3837.62917851,1907.86504615
대전광역시 중구 부사동,3014011100,2020,1,1383810.0,1248811.0,645.20196606,223.89806118
대전광역시 중구 부사동,3014011100,2020,2,1416669.0,1223561.0,660.52248791,219.37101428
대전광역시 중구 부사동,3014011100,2020,3,1378771.0,877248.0,642.85253023,157.28090677
대전광역시 중구 부사동,3014011100,2020,4,1280872.0,474682.0,597.20708234,85.10525571
대전광역시 중구 부사동,3014011100,2020,5,1286418.0,350401.0,599.79290705,62.8230409
대전광역시 중구 부사동,3014011100,2020,6,1299065.0,319601.0,605.6895759,57.30094009
대전광역시 중구 부사동,3014011100,2020,7,1402659.0,320960.0,653.99031978,57.54459377
대전광역시 중구 부사동,3014011100,2020,8,1421176.0,242150.0,662.62387847,43.41482861
대전광역시 중구 부사동,3014011100,2020,9,1319696.0,178020.0,615.30878793,31.91702573
대전광역시 중구 부사동,3014011100,2020,10,1026131.0,208954.0,478.4339892100001,37.46315127
대전광역시 중구 부사동,3014011100,2020,11,1074366.0,518354.0,500.9235772,92.9351644
대전광역시 중구 부사동,3014011100,2020,12,1150611.0,887073.0,536.4728390500001,159.04242101
대전광역시 중구 부사동,3014011100,2021,1,1336709.0,1300290.0,623.2411058600001,233.12767905
대전광역시 중구 부사동,3014011100,2021,2,1343545.0,1187725.0,626.42839357,212.94601403
대전광역시 중구 부사동,3014011100,2021,3,1180110.0,1002292.0,550.22675952,179.69991896
대전광역시 중구 부사동,3014011100,2021,4,1130644.0,904542.0,527.16321724,162.17442035
대전광역시 중구 부사동,3014011100,2021,5,1092657.0,616807.0,509.4517633,110.58670323
대전광역시 중구 부사동,3014011100,2021,6,1172790.0,422759.0,546.81380669,75.79603356
대전광역시 중구 부사동,3014011100,2021,7,1312399.0,324222.0,611.90655865,58.12943449
대전광역시 중구 부사동,3014011100,2021,8,1460121.0,203632.0,680.78200034,36.50897532
대전광역시 중구 부사동,3014011100,2021,9,1283197.0,161705.0,598.29111452,28.9919259
대전광역시 중구 부사동,3014011100,2021,10,1129959.0,272872.0,526.8438357,48.92294493
대전광역시 중구 부사동,3014011100,2021,11,1082547.0,565540.0,504.7379718,101.39509464
대전광역시 중구 부사동,3014011100,2021,12,1120257.0,904184.0,522.3202743,162.11023488
대전광역시 중구 부사동,3014011100,2022,1,1278438.0,1113178.0,596.07222889,199.58055782
대전광역시 중구 부사동,3014011100,2022,2,1297148.0,1389125.0,604.79577383,249.0548163
대전광역시 중구 부사동,3014011100,2022,3,1218899.0,1108377.0,568.31214631,198.71979134
대전광역시 중구 부사동,3014011100,2022,4,1167268.0,847201.0,544.239172,151.89381049
대전광역시 중구 부사동,3014011100,2022,5,1091093.0,646200.0,508.72254762,115.8565445
대전광역시 중구 부사동,3014011100,2022,6,1130870.0,469860.0,527.26858984,84.24072425
대전광역시 중구 부사동,3014011100,2022,7,1273391.0,357395.0,593.71906316,64.07698803
대전광역시 중구 부사동,3014011100,2022,8,1421462.0,304826.0,662.7572261400001,54.65194528
대전광역시 중구 부사동,3014011100,2022,9,1301049.0,278392.0,606.61461671,49.91262017
대전광역시 중구 부사동,3014011100,2022,10,1177274.0,416464.0,548.90447349,74.66740938
대전광역시 중구 부사동,3014011100,2022,11,1121712.0,679321.0,522.9986687,121.79477509
대전광역시 중구 부사동,3014011100,2022,12,1154141.0,1101017.0,538.11870292,197.40022442
대전광역시 중구 사정동,3014011800,2020,1,1069543.0,1732083.0,498.67485162,310.54340931
대전광역시 중구 사정동,3014011800,2020,2,1045890.0,1669466.0,487.64663087,299.31687073
대전광역시 중구 사정동,3014011800,2020,3,904763.0,1407880.0,421.84611067,252.41738137
대전광역시 중구 사정동,3014011800,2020,4,907015.0,1157295.0,422.89610656,207.49025009
대전광역시 중구 사정동,3014011800,2020,5,853616.0,927802.0,397.99880141,166.34468227
대전광역시 중구 사정동,3014011800,2020,6,933554.0,620030.0,435.26992587,111.16455162
대전광역시 중구 사정동,3014011800,2020,7,919382.0,495596.0,428.66222528,88.8549056
대전광역시 중구 사정동,3014011800,2020,8,1036590.0,448357.0,483.31050211,80.38547306
대전광역시 중구 사정동,3014011800,2020,9,736294.0,320024.0,343.29737197000003,57.37677931
대전광역시 중구 사정동,3014011800,2020,10,552534.0,238040.0,257.61919847,42.67795086
대전광역시 중구 사정동,3014011800,2020,11,859482.0,904469.0,400.73382633,162.16133224
대전광역시 중구 사정동,3014011800,2020,12,941199.0,1319454.0,438.83441024,236.56357321
대전광역시 중구 사정동,3014011800,2021,1,1056949.0,1866160.0,492.80289399,334.58193905
대전광역시 중구 사정동,3014011800,2021,2,1000611.0,1701833.0,466.53527905,305.11991742
대전광역시 중구 사정동,3014011800,2021,3,830239.0,1434669.0,387.09926586,257.22035404
대전광역시 중구 사정동,3014011800,2021,4,851205.0,1128686.0,396.87467172,202.36097141
대전광역시 중구 사정동,3014011800,2021,5,791972.0,819234.0,369.25726172,146.87963535
대전광역시 중구 사정동,3014011800,2021,6,870132.0,607144.0,405.69939306,108.85423371
대전광역시 중구 사정동,3014011800,2021,7,945714.0,489082.0,440.93953083,87.68701714000001
대전광역시 중구 사정동,3014011800,2021,8,1109966.0,411071.0,517.52209141,73.70050387
대전광역시 중구 사정동,3014011800,2021,9,931801.0,399762.0,434.45258895,71.67292469
대전광역시 중구 사정동,3014011800,2021,10,834872.0,420453.0,389.25940398,75.38259316
대전광역시 중구 사정동,3014011800,2021,11,878034.0,899341.0,409.38370366,161.24193836
대전광역시 중구 사정동,3014011800,2021,12,949899.0,1331601.0,442.8907887,238.74139658
대전광역시 중구 사정동,3014011800,2022,1,1082988.0,1810089.0,504.94358824,324.52902615
대전광역시 중구 사정동,3014011800,2022,2,1033830.0,1788152.0,482.02365103,320.59596358
대전광역시 중구 사정동,3014011800,2022,3,872350.0,1565867.0,406.73353647,280.74271079
대전광역시 중구 사정동,3014011800,2022,4,889368.0,1247479.0,414.66818572,223.65924821
대전광역시 중구 사정동,3014011800,2022,5,832975.0,794413.0,388.37492697,142.4295033
대전광역시 중구 사정동,3014011800,2022,6,913492.0,592106.0,425.91601038,106.15808594
대전광역시 중구 사정동,3014011800,2022,7,1076984.0,526898.0,502.14422082,94.46700954
대전광역시 중구 사정동,3014011800,2022,8,1192603.0,455993.0,556.05162583,81.75452379
대전광역시 중구 사정동,3014011800,2022,9,1027916.0,425870.0,479.26624615,76.3538016
대전광역시 중구 사정동,3014011800,2022,10,872545.0,696733.0,406.82445526,124.91655494
대전광역시 중구 사정동,3014011800,2022,11,924726.0,1061139.0,431.15386735,190.25053811
대전광역시 중구 사정동,3014011800,2022,12,1050699.0,1523209.0,489.88882907,273.09460108
대전광역시 중구 산성동,3014011700,2020,1,2426324.0,4219229.0,1131.2745355,756.46130022
대전광역시 중구 산성동,3014011700,2020,2,2439313.0,4618138.0,1137.33066204,827.98129136
대전광역시 중구 산성동,3014011700,2020,3,2102799.0,3815842.0,980.43087489,684.1384529000001
대전광역시 중구 산성동,3014011700,2020,4,2150511.0,3144271.0,1002.67661391,563.7331676700001
대전광역시 중구 산성동,3014011700,2020,5,1960041.0,2147319.0,913.86990028,384.99065181
대전광역시 중구 산성동,3014011700,2020,6,2109894.0,1229575.0,983.73892155,220.44925825
대전광역시 중구 산성동,3014011700,2020,7,2076153.0,803423.0,968.00716675,144.04489711
대전광역시 중구 산성동,3014011700,2020,8,2446650.0,890021.0,1140.75154122,159.5709649
대전광역시 중구 산성동,3014011700,2020,9,1442316.0,266698.0,672.48041188,47.81601478
대전광역시 중구 산성동,3014011700,2020,10,1161615.0,344293.0,541.60345838,61.72794378
대전광역시 중구 산성동,3014011700,2020,11,2123899.0,1642390.0,990.26875825,294.46244201
대전광역시 중구 산성동,3014011700,2020,12,2419659.0,2670833.0,1128.16697661,478.85094742
대전광역시 중구 산성동,3014011700,2021,1,2739014.0,4367390.0,1277.06637307,783.02493614
대전광역시 중구 산성동,3014011700,2021,2,2554356.0,4479191.0,1190.96950673,803.06962426
대전광역시 중구 산성동,3014011700,2021,3,2074585.0,3218310.0,967.27608598,577.00754503
대전광역시 중구 산성동,3014011700,2021,4,2084765.0,2290187.0,972.02251519,410.60531101
대전광역시 중구 산성동,3014011700,2021,5,1926942.0,1450919.0,898.43747832,260.13380018000004
대전광역시 중구 산성동,3014011700,2021,6,2080219.0,1037682.0,969.90294089,186.04495623
대전광역시 중구 산성동,3014011700,2021,7,2328628.0,711557.0,1085.72373642,127.57433488
대전광역시 중구 산성동,3014011700,2021,8,2717067.0,565901.0,1266.83357557,101.459818
대전광역시 중구 산성동,3014011700,2021,9,2226190.0,534179.0,1037.96197791,95.77241268
대전광역시 중구 산성동,3014011700,2021,10,1991905.0,668759.0,928.72650293,119.90112477
대전광역시 중구 산성동,3014011700,2021,11,2131585.0,1555458.0,993.85235884,278.87649167
대전광역시 중구 산성동,3014011700,2021,12,2384090.0,2795094.0,1111.58291609,501.12957641
대전광역시 중구 산성동,3014011700,2022,1,2761494.0,4181111.0,1287.54768217,749.62716259
대전광역시 중구 산성동,3014011700,2022,2,2644794.0,4623346.0,1233.13626032,828.91502841
대전광역시 중구 산성동,3014011700,2022,3,2189034.0,3780778.0,1020.63797806,677.85186392
대전광역시 중구 산성동,3014011700,2022,4,2143602.0,2711106.0,999.45529003,486.07145282
대전광역시 중구 산성동,3014011700,2022,5,1910952.0,1587559.0,890.98213444,284.63184746
대전광역시 중구 산성동,3014011700,2022,6,2066310.0,1005640.0,963.41786402,180.30017849
대전광역시 중구 산성동,3014011700,2022,7,2516336.0,699918.0,1173.24266659,125.48759037
대전광역시 중구 산성동,3014011700,2022,8,2713143.0,582406.0,1265.00400903,104.41898279
대전광역시 중구 산성동,3014011700,2022,9,2297563.0,598500.0,1071.23966777,107.30445972
대전광역시 중구 산성동,3014011700,2022,10,1904946.0,780363.0,888.18183448,139.91049305
대전광역시 중구 산성동,3014011700,2022,11,2046702.0,1577567.0,954.27562615,282.84039194
대전광역시 중구 산성동,3014011700,2022,12,2416809.0,2718851.0,1126.83816294,487.46004595
대전광역시 중구 석교동,3014010700,2020,1,641033.0,404908.0,298.8818927,72.59554584
대전광역시 중구 석교동,3014010700,2020,2,605168.0,361395.0,282.15982209,64.79414408
대전광역시 중구 석교동,3014010700,2020,3,492929.0,295342.0,229.82834345,52.95156847
대전광역시 중구 석교동,3014010700,2020,4,464921.0,232347.0,216.76960225,41.65725863
대전광역시 중구 석교동,3014010700,2020,5,417129.0,163195.0,194.48656314,29.25906649
대전광역시 중구 석교동,3014010700,2020,6,463681.0,94614.0,216.19145173,16.96324837
대전광역시 중구 석교동,3014010700,2020,7,446689.0,100683.0,208.26892491,18.05135326
대전광역시 중구 석교동,3014010700,2020,8,509752.0,85815.0,237.6720739,15.38568455
대전광역시 중구 석교동,3014010700,2020,9,455062.0,68301.0,212.17283951,12.24561716
대전광역시 중구 석교동,3014010700,2020,10,420863.0,86698.0,196.22754204,15.54399672
대전광역시 중구 석교동,3014010700,2020,11,497228.0,167625.0,231.83275384,30.05331671
대전광역시 중구 석교동,3014010700,2020,12,597485.0,272191.0,278.57762029,48.80084908
대전광역시 중구 석교동,3014010700,2021,1,673862.0,431954.0,314.18842709,77.44459581
대전광역시 중구 석교동,3014010700,2021,2,607399.0,439514.0,283.20002668,78.80002054
대전광역시 중구 석교동,3014010700,2021,3,466683.0,324088.0,217.59113542,58.10540973
대전광역시 중구 석교동,3014010700,2021,4,455509.0,226095.0,212.38125341,40.53634389
대전광역시 중구 석교동,3014010700,2021,5,417143.0,135412.0,194.49309057,24.27788048
대전광역시 중구 석교동,3014010700,2021,6,454605.0,123560.0,211.95976305,22.1529474
대전광역시 중구 석교동,3014010700,2021,7,503983.0,90626.0,234.98227542,16.24824388
대전광역시 중구 석교동,3014010700,2021,8,522326.0,95904.0,243.53470641,17.194531180000002
대전광역시 중구 석교동,3014010700,2021,9,438948.0,74524.0,204.65968058,13.36133264
대전광역시 중구 석교동,3014010700,2021,10,427548.0,83809.0,199.344426,15.02603083
대전광역시 중구 석교동,3014010700,2021,11,488276.0,151303.0,227.65888037,27.12696184
대전광역시 중구 석교동,3014010700,2021,12,565147.0,296395.0,263.50001478,53.14035974
대전광역시 중구 석교동,3014010700,2022,1,687773.0,425909.0,320.67443638,76.36079388
대전광역시 중구 석교동,3014010700,2022,2,658027.0,450612.0,306.80535204,80.78976976
대전광역시 중구 석교동,3014010700,2022,3,496391.0,348052.0,231.4425023,62.40189107
대전광역시 중구 석교동,3014010700,2022,4,465217.0,256479.0,216.90761235,45.98386048
대전광역시 중구 석교동,3014010700,2022,5,413090.0,126359.0,192.60337773,22.65477733
대전광역시 중구 석교동,3014010700,2022,6,445057.0,87460.0,207.50800427,15.68061493
대전광역시 중구 석교동,3014010700,2022,7,538446.0,105286.0,251.05066289,18.87662044
대전광역시 중구 석교동,3014010700,2022,8,551687.0,105478.0,257.2242844,18.91104398
대전광역시 중구 석교동,3014010700,2022,9,457345.0,102536.0,213.23728915,18.38357579
대전광역시 중구 석교동,3014010700,2022,10,428550.0,109503.0,199.81160899,19.6326821
대전광역시 중구 석교동,3014010700,2022,11,491096.0,179251.0,228.97370648,32.1377305
대전광역시 중구 석교동,3014010700,2022,12,635844.0,267701.0,296.46251936,47.99584154
대전광역시 중구 선화동,3014010200,2020,1,5251815.0,5274398.0,2448.66084456,945.64148313
대전광역시 중구 선화동,3014010200,2020,2,5092236.0,5405926.0,2374.25707195,969.22300525
대전광역시 중구 선화동,3014010200,2020,3,4331563.0,4503169.0,2019.59298137,807.36861575
대전광역시 중구 선화동,3014010200,2020,4,3878592.0,3037322.0,1808.39507132,544.55838956
대전광역시 중구 선화동,3014010200,2020,5,3478211.0,1977272.0,1621.71727006,354.50309712
대전광역시 중구 선화동,3014010200,2020,6,4021313.0,1277149.0,1874.93879473,228.97875262
대전광역시 중구 선화동,3014010200,2020,7,4022633.0,1237592.0,1875.55424522,221.88661805
대전광역시 중구 선화동,3014010200,2020,8,4589788.0,1229891.0,2139.99049083,220.50591355
대전광역시 중구 선화동,3014010200,2020,9,3361631.0,1078876.0,1567.36179834,193.43058696
대전광역시 중구 선화동,3014010200,2020,10,2612268.0,738655.0,1217.97099991,132.43270803
대전광역시 중구 선화동,3014010200,2020,11,3612721.0,1752373.0,1684.43261135,314.18118288
대전광역시 중구 선화동,3014010200,2020,12,4338344.0,3123022.0,2022.75462528,559.92345591
대전광역시 중구 선화동,3014010200,2021,1,4913311.0,5339615.0,2290.83321903,957.33417313
대전광역시 중구 선화동,3014010200,2021,2,4527011.0,5655352.0,2110.72068956,1013.94234052
대전광역시 중구 선화동,3014010200,2021,3,3626522.0,3863769.0,1690.86733298,692.7312363
대전광역시 중구 선화동,3014010200,2021,4,3434158.0,2942702.0,1601.17754125,527.59406539
대전광역시 중구 선화동,3014010200,2021,5,3193709.0,1726615.0,1489.06809872,309.56305719
대전광역시 중구 선화동,3014010200,2021,6,3660089.0,1242863.0,1706.5179603,222.83165033
대전광역시 중구 선화동,3014010200,2021,7,4303853.0,1199747.0,2006.67318281,215.10142627
대전광역시 중구 선화동,3014010200,2021,8,4820234.0,1255410.0,2247.4360305,225.08118933
대전광역시 중구 선화동,3014010200,2021,9,3823983.0,1139452.0,1782.93360335,204.29119673
대전광역시 중구 선화동,3014010200,2021,10,3383491.0,1032986.0,1577.55403202,185.2030152
대전광역시 중구 선화동,3014010200,2021,11,3517731.0,1751489.0,1640.14348575,314.02269142
대전광역시 중구 선화동,3014010200,2021,12,4047898.0,3036904.0,1887.33406164,544.48344679
대전광역시 중구 선화동,3014010200,2022,1,4697407.0,4652553.0,2190.16789268,834.15152206
대전광역시 중구 선화동,3014010200,2022,2,4507161.0,5465886.0,2101.46561904,979.97317289
대전광역시 중구 선화동,3014010200,2022,3,3610829.0,4425799.0,1683.55046556,793.4970267699999
대전광역시 중구 선화동,3014010200,2022,4,3327204.0,3147074.0,1551.31019584,564.23571469
대전광역시 중구 선화동,3014010200,2022,5,3131328.0,1626462.0,1459.9829326,291.60672702
대전광역시 중구 선화동,3014010200,2022,6,3608336.0,1147194.0,1682.38810326,205.67925206
대전광역시 중구 선화동,3014010200,2022,7,4481403.0,1160868.0,2089.45594121,208.13084959
대전광역시 중구 선화동,3014010200,2022,8,4733061.0,1261330.0,2206.79158444,226.14257996
대전광역시 중구 선화동,3014010200,2022,9,3855124.0,1146485.0,1797.45310693,205.55213613
대전광역시 중구 선화동,3014010200,2022,10,3315919.0,1150096.0,1546.04856013,206.19954863
대전광역시 중구 선화동,3014010200,2022,11,3360679.0,1799107.0,1566.91792796,322.5600745
대전광역시 중구 선화동,3014010200,2022,12,4164315.0,2904222.0,1941.61353444,520.69502519
대전광역시 중구 안영동,3014011900,2020,1,1239649.0,319450.0,577.98684213,57.27386739
대전광역시 중구 안영동,3014011900,2020,2,1211269.0,314227.0,564.75465573,56.33744104
대전광역시 중구 안영동,3014011900,2020,3,1052903.0,271020.0,490.91644492,48.59090169
대전광역시 중구 안영동,3014011900,2020,4,1008499.0,279543.0,470.21306212,50.11898175
대전광역시 중구 안영동,3014011900,2020,5,940191.0,179900.0,438.3644298,32.25408907
대전광역시 중구 안영동,3014011900,2020,6,1076953.0,120530.0,502.129767,21.60970183
대전광역시 중구 안영동,3014011900,2020,7,1170863.0,121532.0,545.9153420800001,21.78934936
대전광역시 중구 안영동,3014011900,2020,8,1265800.0,123030.0,590.1797563499999,22.05792427
대전광역시 중구 안영동,3014011900,2020,9,1307440.0,149772.0,609.59442301,26.85247044
대전광역시 중구 안영동,3014011900,2020,10,1059302.0,125603.0,493.89998114,22.51923485
대전광역시 중구 안영동,3014011900,2020,11,1043986.0,201590.0,486.75889011,36.14286723
대전광역시 중구 안영동,3014011900,2020,12,1120146.0,273466.0,522.26852057,49.02944254
대전광역시 중구 안영동,3014011900,2021,1,1288062.0,442353.0,600.55942272,79.309022
대전광역시 중구 안영동,3014011900,2021,2,1266092.0,526265.0,590.3159014299999,94.3535196
대전광역시 중구 안영동,3014011900,2021,3,1042802.0,382927.0,486.20684964,68.65459457
대전광역시 중구 안영동,3014011900,2021,4,1027580.0,265719.0,479.10958601,47.64049078
대전광역시 중구 안영동,3014011900,2021,5,956617.0,148323.0,446.02305884,26.59268068
대전광역시 중구 안영동,3014011900,2021,6,1053840.0,114806.0,491.35332154,20.58345166
대전광역시 중구 안영동,3014011900,2021,7,1199492.0,121442.0,559.26362481,21.77321337
대전광역시 중구 안영동,3014011900,2021,8,1337559.0,126796.0,623.6374188,22.73312662
대전광역시 중구 안영동,3014011900,2021,9,1210565.0,123297.0,564.42641547,22.10579445
대전광역시 중구 안영동,3014011900,2021,10,1097203.0,113585.0,511.57133756,20.36453976
대전광역시 중구 안영동,3014011900,2021,11,1078134.0,183263.0,502.6804088,32.85703794
대전광역시 중구 안영동,3014011900,2021,12,1130721.0,274868.0,527.19911856,49.28080576
대전광역시 중구 안영동,3014011900,2022,1,1329140.0,471527.0,619.71205668,84.53959893
대전광역시 중구 안영동,3014011900,2022,2,1336035.0,509596.0,622.92685317,91.36495147
대전광역시 중구 안영동,3014011900,2022,3,1121453.0,455012.0,522.87790978,81.57864128
대전광역시 중구 안영동,3014011900,2022,4,1062474.0,274318.0,495.3789275,49.18219678
대전광역시 중구 안영동,3014011900,2022,5,953996.0,216744.0,444.80101666,38.85981256
대전광역시 중구 안영동,3014011900,2022,6,1048042.0,104361.0,488.65000173,18.71077815
대전광역시 중구 안영동,3014011900,2022,7,1213073.0,109620.0,565.59577147,19.65365894
대전광역시 중구 안영동,3014011900,2022,8,1450709.0,99769.0,676.3936515500001,17.88748309
대전광역시 중구 안영동,3014011900,2022,9,1318224.0,106657.0,614.62246729,19.12242568
대전광역시 중구 안영동,3014011900,2022,10,1112438.0,96336.0,518.6746625000001,17.27198397
대전광역시 중구 안영동,3014011900,2022,11,1017895.0,117294.0,474.59395096,21.02952264
대전광역시 중구 안영동,3014011900,2022,12,1182143.0,172106.0,551.1746465900001,30.85671069
대전광역시 중구 어남동,3014012500,2020,1,94674.0,0.0,44.14179039,0.0
대전광역시 중구 어남동,3014012500,2020,2,105010.0,0.0,48.9609545,0.0
대전광역시 중구 어남동,3014012500,2020,3,89684.0,0.0,41.815200870000005,0.0
대전광역시 중구 어남동,3014012500,2020,4,83810.0,0.0,39.07644601,0.0
대전광역시 중구 어남동,3014012500,2020,5,70581.0,0.0,32.90841948,0.0
대전광역시 중구 어남동,3014012500,2020,6,54885.0,0.0,25.59015322,0.0
대전광역시 중구 어남동,3014012500,2020,7,48150.0,0.0,22.44995676,0.0
대전광역시 중구 어남동,3014012500,2020,8,54722.0,0.0,25.51415438,0.0
대전광역시 중구 어남동,3014012500,2020,9,59354.0,0.0,27.67382625,0.0
대전광역시 중구 어남동,3014012500,2020,10,51226.0,0.0,23.884142990000004,0.0
대전광역시 중구 어남동,3014012500,2020,11,65091.0,0.0,30.34870478,0.0
대전광역시 중구 어남동,3014012500,2020,12,85963.0,0.0,40.08028313,0.0
대전광역시 중구 어남동,3014012500,2021,1,109633.0,0.0,51.1164301,0.0
대전광역시 중구 어남동,3014012500,2021,2,114138.0,0.0,53.21688813,0.0
대전광역시 중구 어남동,3014012500,2021,3,88136.0,0.0,41.09344526,0.0
대전광역시 중구 어남동,3014012500,2021,4,82409.0,0.0,38.42322922,0.0
대전광역시 중구 어남동,3014012500,2021,5,66446.0,0.0,30.98047409,0.0
대전광역시 중구 어남동,3014012500,2021,6,58904.0,0.0,27.46401357,0.0
대전광역시 중구 어남동,3014012500,2021,7,44915.0,0.0,20.9416367,0.0
대전광역시 중구 어남동,3014012500,2021,8,53604.0,0.0,24.99288646,0.0
대전광역시 중구 어남동,3014012500,2021,9,50930.0,0.0,23.74613288,0.0
대전광역시 중구 어남동,3014012500,2021,10,37618.0,0.0,17.53940754,0.0
대전광역시 중구 어남동,3014012500,2021,11,58543.0,0.0,27.29569717,0.0
대전광역시 중구 어남동,3014012500,2021,12,82930.0,0.0,38.66614568,0.0
대전광역시 중구 어남동,3014012500,2022,1,107321.0,0.0,50.03845916,0.0
대전광역시 중구 어남동,3014012500,2022,2,119416.0,0.0,55.67775774,0.0
대전광역시 중구 어남동,3014012500,2022,3,104930.0,0.0,48.92365448,0.0
대전광역시 중구 어남동,3014012500,2022,4,83153.0,0.0,38.77011952,0.0
대전광역시 중구 어남동,3014012500,2022,5,57986.0,0.0,27.03599569,0.0
대전광역시 중구 어남동,3014012500,2022,6,42248.0,0.0,19.6981469,0.0
대전광역시 중구 어남동,3014012500,2022,7,39781.0,0.0,18.54790717,0.0
대전광역시 중구 어남동,3014012500,2022,8,46499.0,0.0,21.68017735,0.0
대전광역시 중구 어남동,3014012500,2022,9,44494.0,0.0,20.7453453,0.0
대전광역시 중구 어남동,3014012500,2022,10,35913.0,0.0,16.74445062,0.0
대전광역시 중구 어남동,3014012500,2022,11,55866.0,0.0,26.04754486,0.0
대전광역시 중구 어남동,3014012500,2022,12,79170.0,0.0,36.913044160000005,0.0
대전광역시 중구 오류동,3014011300,2020,1,5626031.0,7903972.0,2623.13920413,1417.09514613
대전광역시 중구 오류동,3014011300,2020,2,4950462.0,8543241.0,2308.15488774,1531.70903856
대전광역시 중구 오류동,3014011300,2020,3,3955862.0,7011451.0,1844.42223987,1257.07595873
대전광역시 중구 오류동,3014011300,2020,4,3913622.0,6005651.0,1824.72782294,1076.74709391
대전광역시 중구 오류동,3014011300,2020,5,4600516.0,4005314.0,2144.99242522,718.10869625
대전광역시 중구 오류동,3014011300,2020,6,5100467.0,1989749.0,2378.09477897,356.74008582
대전광역시 중구 오류동,3014011300,2020,7,5230408.0,1725206.0,2438.67982222,309.31043898
대전광역시 중구 오류동,3014011300,2020,8,5986331.0,1963916.0,2791.12922329,352.10851344
대전광역시 중구 오류동,3014011300,2020,9,4380034.0,1414390.0,2042.19260454,253.58455266
대전광역시 중구 오류동,3014011300,2020,10,3618853.0,1153657.0,1687.2916589,206.83799674
대전광역시 중구 오류동,3014011300,2020,11,4668662.0,2740928.0,2176.76552494,491.41820905
대전광역시 중구 오류동,3014011300,2020,12,5303266.0,5085233.0,2472.64989379,911.72628161
대전광역시 중구 오류동,3014011300,2021,1,5853473.0,8263255.0,2729.18412763,1481.51063183
대전광역시 중구 오류동,3014011300,2021,2,5561088.0,9742793.0,2592.85950445,1746.7755035
대전광역시 중구 오류동,3014011300,2021,3,4855613.0,6871790.0,2263.93150353,1232.0362793
대전광역시 중구 오류동,3014011300,2021,4,4667029.0,5679677.0,2176.0041382,1018.30354518
대전광역시 중구 오류동,3014011300,2021,5,4561349.0,2896960.0,2126.73079578,519.39302857
대전광역시 중구 오류동,3014011300,2021,6,4997748.0,2211238.0,2330.2020041,396.4506247
대전광역시 중구 오류동,3014011300,2021,7,5845548.0,1505310.0,2725.4890932,269.88550753
대전광역시 중구 오류동,3014011300,2021,8,6313058.0,2292018.0,2943.46581768,410.93358921
대전광역시 중구 오류동,3014011300,2021,9,5331852.0,2095182.0,2485.97812767,375.6430618
대전광역시 중구 오류동,3014011300,2021,10,4819515.0,1811767.0,2247.10079651,324.82987308
대전광역시 중구 오류동,3014011300,2021,11,4768060.0,2720388.0,2223.10988222,487.73561324
대전광역시 중구 오류동,3014011300,2021,12,5259523.0,4971103.0,2452.25470257,891.26402935
대전광역시 중구 오류동,3014011300,2022,1,5863322.0,7707701.0,2733.77622781,1381.90591705
대전광역시 중구 오류동,3014011300,2022,2,5600292.0,8809746.0,2611.13838503,1579.49045055
대전광역시 중구 오류동,3014011300,2022,3,5075702.0,8015092.0,2366.54808778,1437.01773849
대전광역시 중구 오류동,3014011300,2022,4,4903286.0,5710049.0,2286.15905875,1023.74891029
대전광역시 중구 오류동,3014011300,2022,5,4804060.0,2653953.0,2239.8948966,475.8245493
대전광역시 중구 오류동,3014011300,2022,6,5225763.0,1635754.0,2436.51408904,293.27268042000003
대전광역시 중구 오류동,3014011300,2022,7,6305537.0,1328526.0,2939.95914852,238.19008288
대전광역시 중구 오류동,3014011300,2022,8,6701336.0,1643351.0,3124.50059057,294.63473879000003
대전광역시 중구 오류동,3014011300,2022,9,5551570.0,1455887.0,2588.42173314,261.02450784
대전광역시 중구 오류동,3014011300,2022,10,4902768.0,1228650.0,2285.91754118,220.2834159
대전광역시 중구 오류동,3014011300,2022,11,4765625.0,2287552.0,2221.97456252,410.13288453
대전광역시 중구 오류동,3014011300,2022,12,5576810.0,3893187.0,2600.18989329,698.0055598499999
대전광역시 중구 옥계동,3014010900,2020,1,418270.0,282437.0,195.0185548,50.63784406
대전광역시 중구 옥계동,3014010900,2020,2,401286.0,270670.0,187.09975802,48.52815052
대전광역시 중구 옥계동,3014010900,2020,3,327873.0,219250.0,152.87091743,39.30911077
대전광역시 중구 옥계동,3014010900,2020,4,306063.0,155447.0,142.70199621,27.86993542
대전광역시 중구 옥계동,3014010900,2020,5,278575.0,110920.0,129.88570516,19.88673462
대전광역시 중구 옥계동,3014010900,2020,6,321659.0,76564.0,149.97363739,13.72708211
대전광역시 중구 옥계동,3014010900,2020,7,308570.0,88547.0,143.87088592,15.87550207
대전광역시 중구 옥계동,3014010900,2020,8,371148.0,81084.0,173.04790346,14.53746835
대전광역시 중구 옥계동,3014010900,2020,9,314961.0,85940.0,146.85069221,15.40809567
대전광역시 중구 옥계동,3014010900,2020,10,275231.0,85920.0,128.32656383,15.40450991
대전광역시 중구 옥계동,3014010900,2020,11,328165.0,143682.0,153.00706249,25.76060047
대전광역시 중구 옥계동,3014010900,2020,12,395434.0,228922.0,184.37126069,41.04319389
대전광역시 중구 옥계동,3014010900,2021,1,445291.0,330405.0,207.61710689,59.23797829
대전광역시 중구 옥계동,3014010900,2021,2,401623.0,286923.0,187.25688438,51.44213451
대전광역시 중구 옥계동,3014010900,2021,3,312695.0,187291.0,145.7941689,33.579213960000004
대전광역시 중구 옥계동,3014010900,2021,4,302234.0,172880.0,140.9167234,30.99548036
대전광역시 중구 옥계동,3014010900,2021,5,279147.0,105582.0,130.15240039,18.92969002
대전광역시 중구 옥계동,3014010900,2021,6,312785.0,83277.0,145.83613134,14.93064911
대전광역시 중구 옥계동,3014010900,2021,7,359270.0,73674.0,167.50978123,13.20893693
대전광역시 중구 옥계동,3014010900,2021,8,373940.0,72100.0,174.34967458,12.92673607
대전광역시 중구 옥계동,3014010900,2021,9,298973.0,56230.0,139.39628086,10.0814198
대전광역시 중구 옥계동,3014010900,2021,10,278723.0,70833.0,129.95471019,12.69957692
대전광역시 중구 옥계동,3014010900,2021,11,319776.0,143615.0,149.09568788,25.74858811
대전광역시 중구 옥계동,3014010900,2021,12,370530.0,231721.0,172.75976073,41.54502376
대전광역시 중구 옥계동,3014010900,2022,1,441235.0,349324.0,205.72599525,62.62994668
대전광역시 중구 옥계동,3014010900,2022,2,413588.0,330542.0,192.83557039,59.26254088
대전광역시 중구 옥계동,3014010900,2022,3,315912.0,267703.0,147.2940964,47.99620009
대전광역시 중구 옥계동,3014010900,2022,4,302382.0,193697.0,140.98572839,34.727739220000004
대전광역시 중구 옥계동,3014010900,2022,5,276706.0,110692.0,129.01428314,19.84585671
대전광역시 중구 옥계동,3014010900,2022,6,316046.0,84071.0,147.35657389,15.07300453
대전광역시 중구 옥계동,3014010900,2022,7,379481.0,77302.0,176.93316803,13.85939742
대전광역시 중구 옥계동,3014010900,2022,8,396913.0,90124.0,185.06084506,16.15824086
대전광역시 중구 옥계동,3014010900,2022,9,313422.0,66814.0,146.13313288,11.9790145
대전광역시 중구 옥계동,3014010900,2022,10,337484.0,134972.0,157.35204997,24.1989934
대전광역시 중구 옥계동,3014010900,2022,11,372315.0,273457.0,173.59201772,49.02782895
대전광역시 중구 옥계동,3014010900,2022,12,481991.0,511594.0,224.72849654,91.72317085
대전광역시 중구 용두동,3014011200,2020,1,1432926.0,1933224.0,668.10232066,346.60577577000004
대전광역시 중구 용두동,3014011200,2020,2,1421958.0,2101619.0,662.9884862499999,376.79714501
대전광역시 중구 용두동,3014011200,2020,3,1237940.0,1783094.0,577.19002021,319.6891199
대전광역시 중구 용두동,3014011200,2020,4,1205683.0,1384585.0,562.15018103,248.24084431
대전광역시 중구 용두동,3014011200,2020,5,1086889.0,961150.0,506.76243104,172.32361141
대전광역시 중구 용두동,3014011200,2020,6,1159106.0,544563.0,540.43363617,97.63414954
대전광역시 중구 용두동,3014011200,2020,7,1212138.0,466182.0,565.15982736,83.58129929
대전광역시 중구 용두동,3014011200,2020,8,1325942.0,443532.0,618.22098788,79.52040374
대전광역시 중구 용두동,3014011200,2020,9,859868.0,214523.0,400.913799,38.46161171
대전광역시 중구 용두동,3014011200,2020,10,610274.0,166405.0,284.5404966,29.83458412
대전광역시 중구 용두동,3014011200,2020,11,1162514.0,948489.0,542.02261751,170.0536335
대전광역시 중구 용두동,3014011200,2020,12,1389214.0,1562367.0,647.7215833,280.11519933
대전광역시 중구 용두동,3014011200,2021,1,1667989.0,2666387.0,777.70053847,478.05382855
대전광역시 중구 용두동,3014011200,2021,2,1640148.0,2365352.0,764.71966104,424.08156787
대전광역시 중구 용두동,3014011200,2021,3,1280896.0,1826960.0,597.21827237,327.55381066
대전광역시 중구 용두동,3014011200,2021,4,1226454.0,1288786.0,571.83466801,231.06513852
대전광역시 중구 용두동,3014011200,2021,5,1097134.0,804306.0,511.53916638,144.20320928
대전광역시 중구 용두동,3014011200,2021,6,1189664.0,549974.0,554.6813158699999,98.60428223
대전광역시 중구 용두동,3014011200,2021,7,1331037.0,410583.0,620.59653367,73.61301083
대전광역시 중구 용두동,3014011200,2021,8,1693313.0,355024.0,789.5078635,63.65189397
대전광역시 중구 용두동,3014011200,2021,9,1358486.0,388468.0,633.39464086,69.64803483
대전광역시 중구 용두동,3014011200,2021,10,1134358.0,381128.0,528.89487118,68.33205366
대전광역시 중구 용두동,3014011200,2021,11,1177307.0,866828.0,548.91985958,155.41271541999998
대전광역시 중구 용두동,3014011200,2021,12,1334702.0,1593540.0,622.30534141,285.70417497
대전광역시 중구 용두동,3014011200,2022,1,1595939.0,2235108.0,744.1071971599999,400.73025283
대전광역시 중구 용두동,3014011200,2022,2,1572063.0,2417156.0,732.97500259,433.36945465
대전광역시 중구 용두동,3014011200,2022,3,1294941.0,1964454.0,603.76675922,352.20497094
대전광역시 중구 용두동,3014011200,2022,4,1200003.0,1410428.0,559.5018788,252.87420966
대전광역시 중구 용두동,3014011200,2022,5,1043210.0,755821.0,486.39707972,135.51038271000002
대전광역시 중구 용두동,3014011200,2022,6,1112281.0,487570.0,518.60146123,87.41593218999999
대전광역시 중구 용두동,3014011200,2022,7,1410790.0,373031.0,657.78140177,66.88035072
대전광역시 중구 용두동,3014011200,2022,8,1567308.0,316217.0,730.7579819,56.69422613
대전광역시 중구 용두동,3014011200,2022,9,1338627.0,310974.0,624.13537431,55.75421397
대전광역시 중구 용두동,3014011200,2022,10,1100440.0,389400.0,513.08059023,69.81513215
대전광역시 중구 용두동,3014011200,2022,11,1124294.0,853473.0,524.20252719,153.01831102
대전광역시 중구 용두동,3014011200,2022,12,1332495.0,1475335.0,621.27632676,264.51132005
대전광역시 중구 유천동,3014011500,2020,1,4359793.0,5353150.0,2032.75523013,959.76084952
대전광역시 중구 유천동,3014011500,2020,2,4556458.0,6283668.0,2124.45036514,1126.59248067
대전광역시 중구 유천동,3014011500,2020,3,4046157.0,5239181.0,1886.52231975,939.32746288
대전광역시 중구 유천동,3014011500,2020,4,3687900.0,4553543.0,1719.48485019,816.40011922
대전광역시 중구 유천동,3014011500,2020,5,3255377.0,3134756.0,1517.82082844,562.02723288
대전광역시 중구 유천동,3014011500,2020,6,3211239.0,1932379.0,1497.2414682,346.45427669000003
대전광역시 중구 유천동,3014011500,2020,7,3572242.0,1360521.0,1665.55926144,243.92643416
대전광역시 중구 유천동,3014011500,2020,8,3818409.0,1383994.0,1780.33472358,248.13488453
대전광역시 중구 유천동,3014011500,2020,9,3735406.0,682134.0,1741.63454169,122.299115
대전광역시 중구 유천동,3014011500,2020,10,2567204.0,779166.0,1196.95989181,139.6958841
대전광역시 중구 유천동,3014011500,2020,11,3218088.0,2592798.0,1500.43481721,464.86013115
대전광역시 중구 유천동,3014011500,2020,12,3689241.0,4488292.0,1720.1100919,804.70133336
대전광역시 중구 유천동,3014011500,2021,1,4514304.0,6378862.0,2104.7960458,1143.65971669
대전광역시 중구 유천동,3014011500,2021,2,4612506.0,7112208.0,2150.5827675,1275.14057927
대전광역시 중구 유천동,3014011500,2021,3,3666398.0,5294242.0,1709.45953408,949.19929376
대전광역시 중구 유천동,3014011500,2021,4,3456490.0,4354205.0,1611.58984515,780.6610108
대전광역시 중구 유천동,3014011500,2021,5,2982387.0,2545232.0,1390.53913184,456.3320711500001
대전광역시 중구 유천동,3014011500,2021,6,3153204.0,1901120.0,1470.18262623,340.84988204
대전광역시 중구 유천동,3014011500,2021,7,3514499.0,1006313.0,1638.63656458,180.4208401
대전광역시 중구 유천동,3014011500,2021,8,4561508.0,1367516.0,2126.8049297,245.18056056
대전광역시 중구 유천동,3014011500,2021,9,3773568.0,1030071.0,1759.4275894,184.68038785
대전광역시 중구 유천동,3014011500,2021,10,3133320.0,1403051.0,1460.91170342,251.55159477
대전광역시 중구 유천동,3014011500,2021,11,3235847.0,2152396.0,1508.71495813,385.90090199
대전광역시 중구 유천동,3014011500,2021,12,3621237.0,4683013.0,1688.40319977,839.6126645200001
대전광역시 중구 유천동,3014011500,2022,1,4383827.0,6237364.0,2043.96109218,1118.29068345
대전광역시 중구 유천동,3014011500,2022,2,4526835.0,7016061.0,2110.6386296,1257.90248088
대전광역시 중구 유천동,3014011500,2022,3,3893021.0,5718946.0,1815.12259848,1025.34404444
대전광역시 중구 유천동,3014011500,2022,4,3455894.0,4597769.0,1611.31195979,824.3293541
대전광역시 중구 유천동,3014011500,2022,5,2901202.0,2673362.0,1352.68659288,479.30436924
대전광역시 중구 유천동,3014011500,2022,6,3100496.0,1935447.0,1445.60750012,347.00433526
대전광역시 중구 유천동,3014011500,2022,7,3843611.0,1171665.0,1792.08516613,210.06663278
대전광역시 중구 유천동,3014011500,2022,8,4498966.0,1079595.0,2097.644697,193.55949583
대전광역시 중구 유천동,3014011500,2022,9,4013693.0,847020.0,1871.38596664,151.8613592
대전광역시 중구 유천동,3014011500,2022,10,3529067.0,1356651.0,1645.4289002,243.23258572
대전광역시 중구 유천동,3014011500,2022,11,3247476.0,2509153.0,1514.13698411,449.86350376
대전광역시 중구 유천동,3014011500,2022,12,3604822.0,4472237.0,1680.74969928,801.82284864
대전광역시 중구 은행동,3014010100,2020,1,3551688.0,723973.0,1655.97595073,129.800387
대전광역시 중구 은행동,3014010100,2020,2,3460418.0,837889.0,1613.42127669,150.2242714
대전광역시 중구 은행동,3014010100,2020,3,2867185.0,658204.0,1336.82615318,118.00872948
대전광역시 중구 은행동,3014010100,2020,4,2529233.0,449959.0,1179.25589793,80.67269404
대전광역시 중구 은행동,3014010100,2020,5,2399544.0,406274.0,1118.78834982,72.84045456
대전광역시 중구 은행동,3014010100,2020,6,2672126.0,373271.0,1245.87981639,66.92338007000001
대전광역시 중구 은행동,3014010100,2020,7,2889642.0,519151.0,1347.29673835,93.07805771
대전광역시 중구 은행동,3014010100,2020,8,3060944.0,401526.0,1427.16636448,71.98919047
대전광역시 중구 은행동,3014010100,2020,9,3268267.0,560233.0,1523.83079604,100.44360798
대전광역시 중구 은행동,3014010100,2020,10,2315940.0,317202.0,1079.80795136,56.87082575
대전광역시 중구 은행동,3014010100,2020,11,2305489.0,336710.0,1074.93516856,60.36839536
대전광역시 중구 은행동,3014010100,2020,12,2711724.0,393212.0,1264.34239967,70.49858182
대전광역시 중구 은행동,3014010100,2021,1,3421578.0,505506.0,1595.3121112,90.63165948
대전광역시 중구 은행동,3014010100,2021,2,3339320.0,618507.0,1556.95928572,110.89149449
대전광역시 중구 은행동,3014010100,2021,3,2638846.0,486523.0,1230.363003,87.22821663
대전광역시 중구 은행동,3014010100,2021,4,2424701.0,484392.0,1130.51781121,86.84615181
대전광역시 중구 은행동,3014010100,2021,5,2170331.0,360033.0,1011.91769686,64.54995246
대전광역시 중구 은행동,3014010100,2021,6,2444462.0,301265.0,1139.73138527,54.01349716
대전광역시 중구 은행동,3014010100,2021,7,2827563.0,377000.0,1318.35237977,67.59194873
대전광역시 중구 은행동,3014010100,2021,8,3392862.0,422206.0,1581.92326463,75.69688675
대전광역시 중구 은행동,3014010100,2021,9,2959402.0,416576.0,1379.82236625,74.68748977
대전광역시 중구 은행동,3014010100,2021,10,2520943.0,339424.0,1175.39068219,60.854985670000005
대전광역시 중구 은행동,3014010100,2021,11,2339643.0,310920.0,1090.8594846,55.74453236
대전광역시 중구 은행동,3014010100,2021,12,2703309.0,413177.0,1260.41890246,74.07808646000001
대전광역시 중구 은행동,3014010100,2022,1,3426137.0,495435.0,1597.43774656,88.82604008
대전광역시 중구 은행동,3014010100,2022,2,3485194.0,628573.0,1624.9730966,112.69621744
대전광역시 중구 은행동,3014010100,2022,3,2935797.0,576413.0,1368.81652551,103.34450384
대전광역시 중구 은행동,3014010100,2022,4,2574152.0,414981.0,1200.19939962,74.4015238
대전광역시 중구 은행동,3014010100,2022,5,2307174.0,342370.0,1075.7208003,61.38317103
대전광역시 중구 은행동,3014010100,2022,6,2630551.0,344489.0,1226.49545598,61.76308442
대전광역시 중구 은행동,3014010100,2022,7,3082414.0,328748.0,1437.17676048,58.94089643
대전광역시 중구 은행동,3014010100,2022,8,3432744.0,346229.0,1600.5182631,62.07504725
대전광역시 중구 은행동,3014010100,2022,9,3103168.0,326792.0,1446.85332123,58.59020715
대전광역시 중구 은행동,3014010100,2022,10,2497314.0,243685.0,1164.37365146,43.69003719
대전광역시 중구 은행동,3014010100,2022,11,2192461.0,273322.0,1022.23581827,49.00362495
대전광역시 중구 은행동,3014010100,2022,12,2556487.0,330135.0,1191.96308645,59.18957024
대전광역시 중구 정생동,3014012400,2020,1,13996.0,0.0,6.52564059,0.0
대전광역시 중구 정생동,3014012400,2020,2,13702.0,0.0,6.38856298,0.0
대전광역시 중구 정생동,3014012400,2020,3,10700.0,0.0,4.98887927,0.0
대전광역시 중구 정생동,3014012400,2020,4,10290.0,0.0,4.79771661,0.0
대전광역시 중구 정생동,3014012400,2020,5,8886.0,0.0,4.14310105,0.0
대전광역시 중구 정생동,3014012400,2020,6,9550.0,0.0,4.4526913,0.0
대전광역시 중구 정생동,3014012400,2020,7,9266.0,0.0,4.32027621,0.0
대전광역시 중구 정생동,3014012400,2020,8,10975.0,0.0,5.11709815,0.0
대전광역시 중구 정생동,3014012400,2020,9,10732.0,0.0,5.00379929,0.0
대전광역시 중구 정생동,3014012400,2020,10,10314.0,0.0,4.80890664,0.0
대전광역시 중구 정생동,3014012400,2020,11,12682.0,0.0,5.91298756,0.0
대전광역시 중구 정생동,3014012400,2020,12,17051.0,0.0,7.95003558,0.0
대전광역시 중구 정생동,3014012400,2021,1,16917.0,0.0,7.88755804,0.0
대전광역시 중구 정생동,3014012400,2021,2,14782.0,0.0,6.89211342,0.0
대전광역시 중구 정생동,3014012400,2021,3,10777.0,0.0,5.02478055,0.0
대전광역시 중구 정생동,3014012400,2021,4,10254.0,0.0,4.78093161,0.0
대전광역시 중구 정생동,3014012400,2021,5,9826.0,0.0,4.58137644,0.0
대전광역시 중구 정생동,3014012400,2021,6,10481.0,0.0,4.886770439999999,0.0
대전광역시 중구 정생동,3014012400,2021,7,10476.0,0.0,4.88443921,0.0
대전광역시 중구 정생동,3014012400,2021,8,11454.0,0.0,5.3404321,0.0
대전광역시 중구 정생동,3014012400,2021,9,10243.0,0.0,4.77580284,0.0
대전광역시 중구 정생동,3014012400,2021,10,9126.0,0.0,4.25500115,0.0
대전광역시 중구 정생동,3014012400,2021,11,10815.0,0.0,5.04249806,0.0
대전광역시 중구 정생동,3014012400,2021,12,12690.0,0.0,5.91671756,0.0
대전광역시 중구 정생동,3014012400,2022,1,16966.0,0.0,7.910404290000001,0.0
대전광역시 중구 정생동,3014012400,2022,2,15737.0,0.0,7.33738254,0.0
대전광역시 중구 정생동,3014012400,2022,3,12364.0,0.0,5.76471995,0.0
대전광역시 중구 정생동,3014012400,2022,4,11634.0,0.0,5.42435716,0.0
대전광역시 중구 정생동,3014012400,2022,5,10138.0,0.0,4.72684655,0.0
대전광역시 중구 정생동,3014012400,2022,6,10808.0,0.0,5.03923431,0.0
대전광역시 중구 정생동,3014012400,2022,7,12762.0,0.0,5.95028758,0.0
대전광역시 중구 정생동,3014012400,2022,8,13839.0,0.0,6.4524393,0.0
대전광역시 중구 정생동,3014012400,2022,9,11534.0,0.0,5.37773212,0.0
대전광역시 중구 정생동,3014012400,2022,10,10847.0,0.0,5.0574180900000005,0.0
대전광역시 중구 정생동,3014012400,2022,11,13019.0,0.0,6.07011395,0.0
대전광역시 중구 정생동,3014012400,2022,12,18137.0,0.0,8.4563835,0.0
대전광역시 중구 중촌동,3014010400,2020,1,2226016.0,5495519.0,1037.88085043,985.2860436
대전광역시 중구 중촌동,3014010400,2020,2,2185339.0,5763495.0,1018.91518293,1033.33118961
대전광역시 중구 중촌동,3014010400,2020,3,1916155.0,4933964.0,893.40803524,884.60541557
대전광역시 중구 중촌동,3014010400,2020,4,1847275.0,4185355.0,861.29270768,750.38806506
대전광역시 중구 중촌동,3014010400,2020,5,1727487.0,3138249.0,805.44150472,562.65348933
대전광역시 중구 중촌동,3014010400,2020,6,1901677.0,1698803.0,886.6576619800001,304.5766718
대전광역시 중구 중촌동,3014010400,2020,7,1944677.0,1194672.0,906.70642913,214.19153464
대전광역시 중구 중촌동,3014010400,2020,8,2307644.0,1186225.0,1075.93993801,212.67708053
대전광역시 중구 중촌동,3014010400,2020,9,1171605.0,387546.0,546.26129985,69.48273037999999
대전광역시 중구 중촌동,3014010400,2020,10,867389.0,305379.0,404.42046818,54.75109204
대전광역시 중구 중촌동,3014010400,2020,11,1807211.0,1817946.0,842.6128516699999,325.93769971
대전광역시 중구 중촌동,3014010400,2020,12,1982022.0,3099800.0,924.11855027,555.76000695
대전광역시 중구 중촌동,3014010400,2021,1,2268594.0,5184300.0,1057.73285994,929.48790381
대전광역시 중구 중촌동,3014010400,2021,2,2147828.0,5603397.0,1001.42566408,1004.62738105
대전광역시 중구 중촌동,3014010400,2021,3,1761295.0,4104967.0,821.2044983,735.97538184
대전광역시 중구 중촌동,3014010400,2021,4,1768934.0,3109866.0,824.76618504,557.5647298900001
대전광역시 중구 중촌동,3014010400,2021,5,1663099.0,2020008.0,775.42057403,362.16519142
대전광역시 중구 중촌동,3014010400,2021,6,1799808.0,1324485.0,839.16119989,237.46557615
대전광역시 중구 중촌동,3014010400,2021,7,2135932.0,932012.0,995.87914938,167.09948893
대전광역시 중구 중촌동,3014010400,2021,8,2520409.0,828070.0,1175.14170432,148.4638328
대전광역시 중구 중촌동,3014010400,2021,9,1901507.0,776468.0,886.57839939,139.21216248
대전광역시 중구 중촌동,3014010400,2021,10,1701357.0,778117.0,793.25838179,139.50780996
대전광역시 중구 중촌동,3014010400,2021,11,1718596.0,1569187.0,801.29607241,281.33795025
대전광역시 중구 중촌동,3014010400,2021,12,1856491.0,2829758.0,865.58967138,507.34444993
대전광역시 중구 중촌동,3014010400,2022,1,2127384.0,4432070.0,991.893641,794.6213478699999
대전광역시 중구 중촌동,3014010400,2022,2,2089713.0,5068829.0,974.32952207,908.78522503
대전광역시 중구 중촌동,3014010400,2022,3,1758270.0,4303585.0,819.7940909,771.5854021700001
대전광역시 중구 중촌동,3014010400,2022,4,1733441.0,3312832.0,808.21755962,593.95429878
대전광역시 중구 중촌동,3014010400,2022,5,1575315.0,1902666.0,734.49124883,341.12706285
대전광역시 중구 중촌동,3014010400,2022,6,1724704.0,1120806.0,804.1439299,200.94817424
대전광역시 중구 중촌동,3014010400,2022,7,2665803.0,1001342.0,1242.9317151,179.52959446
대전광역시 중구 중촌동,3014010400,2022,8,2867470.0,887816.0,1336.95903448,159.17563275999998
대전광역시 중구 중촌동,3014010400,2022,9,2317870.0,836901.0,1080.70781467,150.04713387
대전광역시 중구 중촌동,3014010400,2022,10,2036887.0,940787.0,949.69937851,168.67274979
대전광역시 중구 중촌동,3014010400,2022,11,2033231.0,1797618.0,947.99476701,322.29311318000003
대전광역시 중구 중촌동,3014010400,2022,12,2256789.0,3136539.0,1052.22877399,562.34690515
대전광역시 중구 침산동,3014012200,2020,1,127010.0,0.0,59.21846331,0.0
대전광역시 중구 침산동,3014012200,2020,2,139509.0,0.0,65.04612707000001,0.0
대전광역시 중구 침산동,3014012200,2020,3,111261.0,0.0,51.87548576,0.0
대전광역시 중구 침산동,3014012200,2020,4,98332.0,0.0,45.84733433,0.0
대전광역시 중구 침산동,3014012200,2020,5,78148.0,0.0,36.43653626,0.0
대전광역시 중구 침산동,3014012200,2020,6,66374.0,0.0,30.94690405,0.0
대전광역시 중구 침산동,3014012200,2020,7,66377.0,0.0,30.9483028,0.0
대전광역시 중구 침산동,3014012200,2020,8,45283.0,0.0,21.11321686,0.0
대전광역시 중구 침산동,3014012200,2020,9,52394.0,0.0,24.42872345,0.0
대전광역시 중구 침산동,3014012200,2020,10,44740.0,0.0,20.86004291,0.0
대전광역시 중구 침산동,3014012200,2020,11,63319.0,0.0,29.52250908,0.0
대전광역시 중구 침산동,3014012200,2020,12,76861.0,0.0,35.836472,0.0
대전광역시 중구 침산동,3014012200,2021,1,99881.0,0.0,46.5695562,0.0
대전광역시 중구 침산동,3014012200,2021,2,98809.0,0.0,46.06973577,0.0
대전광역시 중구 침산동,3014012200,2021,3,82748.0,0.0,38.58128809,0.0
대전광역시 중구 침산동,3014012200,2021,4,71951.0,0.0,33.547182500000005,0.0
대전광역시 중구 침산동,3014012200,2021,5,48354.0,0.0,22.54507183,0.0
대전광역시 중구 침산동,3014012200,2021,6,66861.0,0.0,31.17396798,0.0
대전광역시 중구 침산동,3014012200,2021,7,69330.0,0.0,32.325140219999994,0.0
대전광역시 중구 침산동,3014012200,2021,8,82142.0,0.0,38.29874037,0.0
대전광역시 중구 침산동,3014012200,2021,9,75028.0,0.0,34.981835000000004,0.0
대전광역시 중구 침산동,3014012200,2021,10,68293.0,0.0,31.84163858,0.0
대전광역시 중구 침산동,3014012200,2021,11,80865.0,0.0,37.70333859,0.0
대전광역시 중구 침산동,3014012200,2021,12,105317.0,0.0,49.10409339,0.0
대전광역시 중구 침산동,3014012200,2022,1,150146.0,0.0,70.00563255,0.0
대전광역시 중구 침산동,3014012200,2022,2,158504.0,0.0,73.90255342,0.0
대전광역시 중구 침산동,3014012200,2022,3,137821.0,0.0,64.25909638,0.0
대전광역시 중구 침산동,3014012200,2022,4,96852.0,0.0,45.15728374,0.0
대전광역시 중구 침산동,3014012200,2022,5,66447.0,0.0,30.980940310000005,0.0
대전광역시 중구 침산동,3014012200,2022,6,61653.0,0.0,28.74573593,0.0
대전광역시 중구 침산동,3014012200,2022,7,72891.0,0.0,33.98545791,0.0
대전광역시 중구 침산동,3014012200,2022,8,95315.0,0.0,44.44065688,0.0
대전광역시 중구 침산동,3014012200,2022,9,85417.0,0.0,39.82571041,0.0
대전광역시 중구 침산동,3014012200,2022,10,68880.0,0.0,32.11532757,0.0
대전광역시 중구 침산동,3014012200,2022,11,83430.0,0.0,38.8992709,0.0
대전광역시 중구 침산동,3014012200,2022,12,107033.0,0.0,49.90417908,0.0
대전광역시 중구 태평동,3014011400,2020,1,6122347.0,20546682.0,2854.54673765,3683.79383568
대전광역시 중구 태평동,3014011400,2020,2,6133523.0,21117006.0,2859.75755207,3786.0466489
대전광역시 중구 태평동,3014011400,2020,3,5633658.0,18476688.0,2626.69529593,3312.66670492
대전광역시 중구 태평동,3014011400,2020,4,5577074.0,14163443.0,2600.31298337,2539.3493712
대전광역시 중구 태평동,3014011400,2020,5,5217523.0,10449039.0,2432.67218569,1873.39763461
대전광역시 중구 태평동,3014011400,2020,6,5287413.0,5171018.0,2465.25842628,927.10658743
대전광역시 중구 태평동,3014011400,2020,7,5590334.0,4222208.0,2606.49546381,756.99540214
대전광역시 중구 태평동,3014011400,2020,8,6065592.0,3416781.0,2828.08469625,612.59120989
대전광역시 중구 태평동,3014011400,2020,9,1870037.0,577633.0,871.90549924,103.56323634
대전광역시 중구 태평동,3014011400,2020,10,1337691.0,446420.0,623.69896392,80.03819031
대전광역시 중구 태평동,3014011400,2020,11,5232731.0,8915171.0,2439.76292182,1598.39199216
대전광역시 중구 태평동,3014011400,2020,12,5618161.0,14564157.0,2619.46981347,2611.19297891
대전광역시 중구 태평동,3014011400,2021,1,6454984.0,24352573.0,3009.63887197,4366.14818394
대전광역시 중구 태평동,3014011400,2021,2,6436438.0,23193151.0,3000.99179196,4158.27658616
대전광역시 중구 태평동,3014011400,2021,3,5441713.0,18227883.0,2537.2008631,3268.05870813
대전광역시 중구 태평동,3014011400,2021,4,5538982.0,12925853.0,2582.55257304,2317.4631117
대전광역시 중구 태평동,3014011400,2021,5,5077823.0,8799085.0,2367.5370049,1577.57905064
대전광역시 중구 태평동,3014011400,2021,6,5287088.0,5578129.0,2465.10689485,1000.09710691
대전광역시 중구 태평동,3014011400,2021,7,5641209.0,4047728.0,2630.21595266,725.71305936
대전광역시 중구 태평동,3014011400,2021,8,7592715.0,3027676.0,3540.10640583,542.82896797
대전광역시 중구 태평동,3014011400,2021,9,6253343.0,3113716.0,2915.623675,558.25499254
대전광역시 중구 태평동,3014011400,2021,10,5175156.0,3401551.0,2412.91855505,609.86063859
대전광역시 중구 태평동,3014011400,2021,11,5314953.0,8474183.0,2478.09896225,1519.32769963
대전광역시 중구 태평동,3014011400,2021,12,5474123.0,14536518.0,2552.31203838,2606.2376106
대전광역시 중구 태평동,3014011400,2022,1,6299406.0,22352639.0,2937.10056726,4007.58203974
대전광역시 중구 태평동,3014011400,2022,2,6384922.0,24171959.0,2976.97243651,4333.76608251
대전광역시 중구 태평동,3014011400,2022,3,5649317.0,20428058.0,2633.99631089,3662.52585873
대전광역시 중구 태평동,3014011400,2022,4,5639859.0,14411075.0,2629.58651469,2583.74706197
대전광역시 중구 태평동,3014011400,2022,5,4906457.0,7687670.0,2287.63753885,1378.31457929
대전광역시 중구 태평동,3014011400,2022,6,5058412.0,4526521.0,2358.48661839,811.5553721699999
대전광역시 중구 태평동,3014011400,2022,7,5888724.0,3370575.0,2745.61992054,604.30698294
대전광역시 중구 태평동,3014011400,2022,8,7059548.0,2544108.0,3291.51707886,456.1305504
대전광역시 중구 태평동,3014011400,2022,9,6468241.0,2837889.0,3015.81995348,508.80224868
대전광역시 중구 태평동,3014011400,2022,10,5243952.0,3505969.0,2444.99471748,628.58163619
대전광역시 중구 태평동,3014011400,2022,11,5118737.0,8268142.0,2386.61317376,1482.3868171400002
대전광역시 중구 태평동,3014011400,2022,12,5427937.0,13539691.0,2530.7777973,2427.51750593
대전광역시 중구 호동,3014010800,2020,1,321942.0,140152.0,150.10558629,25.12771033
대전광역시 중구 호동,3014010800,2020,2,304075.0,124235.0,141.77509034,22.27396751
대전광역시 중구 호동,3014010800,2020,3,245532.0,105781.0,114.4793932,18.96536851
대전광역시 중구 호동,3014010800,2020,4,227980.0,81940.0,106.29576616,14.69093972
대전광역시 중구 호동,3014010800,2020,5,194057.0,66673.0,90.47915382,11.95373475
대전광역시 중구 호동,3014010800,2020,6,225479.0,52525.0,105.12967393,9.41715411
대전광역시 중구 호동,3014010800,2020,7,214593.0,44658.0,100.05407216,8.00668767
대전광역시 중구 호동,3014010800,2020,8,263832.0,43152.0,123.01177551,7.73667842
대전광역시 중구 호동,3014010800,2020,9,232061.0,46512.0,108.19853403,8.33908946
대전광역시 중구 호동,3014010800,2020,10,201336.0,52427.0,93.87299049,9.39958382
대전광역시 중구 호동,3014010800,2020,11,251241.0,82303.0,117.14121678,14.75602164
대전광역시 중구 호동,3014010800,2020,12,303357.0,113160.0,141.44032262,20.28834197
대전광역시 중구 호동,3014010800,2021,1,341579.0,145963.0,159.26134544,26.16955866
대전광역시 중구 호동,3014010800,2021,2,307697.0,134562.0,143.46384937,24.12548489
대전광역시 중구 호동,3014010800,2021,3,225902.0,105711.0,105.32689784,18.9528183
대전광역시 중구 호동,3014010800,2021,4,203821.0,81836.0,95.03162274,14.67229368
대전광역시 중구 호동,3014010800,2021,5,189099.0,60837.0,88.1674844,10.90740421
대전광역시 중구 호동,3014010800,2021,6,214599.0,49851.0,100.05686955,8.93773538
대전광역시 중구 호동,3014010800,2021,7,260945.0,42368.0,121.66571063,7.59611588
대전광역시 중구 호동,3014010800,2021,8,285219.0,39905.0,132.98347284,7.15452711
대전광역시 중구 호동,3014010800,2021,9,228604.0,37899.0,106.58670646,6.79487337
대전광역시 중구 호동,3014010800,2021,10,216264.0,38530.0,100.8331765,6.90800473
대전광역시 중구 호동,3014010800,2021,11,252311.0,72211.0,117.64010471,12.94663716
대전광역시 중구 호동,3014010800,2021,12,289536.0,100668.0,134.99627586,18.04866392
대전광역시 중구 호동,3014010800,2022,1,353320.0,148601.0,164.73559132,26.64252302
대전광역시 중구 호동,3014010800,2022,2,335205.0,151015.0,156.28946532,27.07532662
대전광역시 중구 호동,3014010800,2022,3,260278.0,123254.0,121.35472154,22.09808501
대전광역시 중구 호동,3014010800,2022,4,248237.0,105296.0,115.74060054,18.87841333
대전광역시 중구 호동,3014010800,2022,5,241548.0,64145.0,112.62185161,11.50049219
대전광역시 중구 호동,3014010800,2022,6,274030.0,52011.0,127.76659711,9.3249996
대전광역시 중구 호동,3014010800,2022,7,337514.0,45604.0,157.36603748,8.17629503
대전광역시 중구 호동,3014010800,2022,8,333409.0,43311.0,155.45207962,7.7651854
대전광역시 중구 호동,3014010800,2022,9,253225.0,37474.0,118.06625757,6.718675569999999
대전광역시 중구 호동,3014010800,2022,10,245038.0,48879.0,114.24906546,8.7634665
대전광역시 중구 호동,3014010800,2022,11,270754.0,76452.0,126.23916083,13.70700177
대전광역시 중구 호동,3014010800,2022,12,357869.0,108514.0,166.85656446000002,19.45536532
