ADDR_CD,YEAR,MONTH,실제 전기 사용량,예측 전기 사용량,실제 가스 사용량,예측 가스 사용량
3011010100,2022,1,1173051.0,912281.7,153885.0,119801.234
3011010100,2022,2,1078805.0,777820.3,176640.0,193639.69
3011010100,2022,3,866421.0,847905.75,106498.0,160914.94
3011010100,2022,4,692140.0,856932.6,60517.0,86518.945
3011010100,2022,5,565299.0,719964.75,80666.0,59653.54
3011010100,2022,6,664543.0,734476.0,75246.0,43429.26
3011010100,2022,7,944027.0,754983.56,62815.0,73043.31
3011010100,2022,8,959771.0,959929.25,55589.0,86588.97
3011010100,2022,9,804251.0,877635.3,54733.0,75679.91
3011010100,2022,10,686968.0,760627.9,68340.0,60019.29
3011010100,2022,11,675635.0,622374.25,82625.0,51238.215
3011010100,2022,12,887760.0,870869.0,98974.0,81769.68
3011010200,2022,1,1364526.0,1374173.8,2841426.0,2269246.0
3011010200,2022,2,1346782.0,1307850.5,3147939.0,2220562.0
3011010200,2022,3,1149602.0,1147726.9,2496082.0,1804522.6
3011010200,2022,4,1117896.0,1118392.2,1753807.0,1307645.5
3011010200,2022,5,991563.0,981747.94,932865.0,902965.3
3011010200,2022,6,1059575.0,1076074.0,585985.0,541699.56
3011010200,2022,7,1340244.0,1182137.8,419744.0,473295.06
3011010200,2022,8,1433354.0,1311343.0,357397.0,299569.12
3011010200,2022,9,1181612.0,537105.06,385828.0,210836.25
3011010200,2022,10,1146260.0,768123.44,534557.0,377008.66
3011010200,2022,11,1183857.0,1042212.25,1121672.0,827866.56
3011010200,2022,12,1305585.0,1174311.5,1940158.0,1977904.1
3011010300,2022,1,300939.0,323727.78,125061.0,94901.92
3011010300,2022,2,290384.0,321020.97,127091.0,94317.484
3011010300,2022,3,235465.0,321201.75,96766.0,90586.99
3011010300,2022,4,209135.0,267187.7,80580.0,76718.22
3011010300,2022,5,180965.0,260104.9,52824.0,48117.297
3011010300,2022,6,199430.0,277765.7,38264.0,50201.527
3011010300,2022,7,277090.0,316250.8,30253.0,43171.86
3011010300,2022,8,284504.0,332821.56,28481.0,48469.99
3011010300,2022,9,236957.0,300671.25,25356.0,43906.402
3011010300,2022,10,199753.0,258048.95,37581.0,32408.814
3011010300,2022,11,213003.0,270061.06,61623.0,43323.492
3011010300,2022,12,264271.0,290414.7,96724.0,68231.836
3011010400,2022,1,1399909.0,1372897.5,4169502.0,3820112.8
3011010400,2022,2,1426694.0,1389580.9,4166294.0,3836772.0
3011010400,2022,3,1242748.0,1264335.4,3259981.0,2593691.5
3011010400,2022,4,1253002.0,1219747.2,2377633.0,2109983.8
3011010400,2022,5,1133453.0,1146409.2,1261335.0,1537379.0
3011010400,2022,6,1166888.0,1139794.9,826430.0,899456.06
3011010400,2022,7,1397628.0,1216555.5,569925.0,660326.2
3011010400,2022,8,1569436.0,1603654.0,471110.0,555384.75
3011010400,2022,9,1368434.0,1247611.0,518500.0,456312.03
3011010400,2022,10,1219601.0,1211441.5,716470.0,745136.06
3011010400,2022,11,1278635.0,1076456.6,1543409.0,1506231.9
3011010400,2022,12,1402717.0,1255425.5,2668852.0,2471530.2
3011010500,2022,1,4354319.0,4311318.0,6396777.0,6030748.0
3011010500,2022,2,4269977.0,3974240.0,7202522.0,6274978.0
3011010500,2022,3,3572486.0,3439556.0,5900500.0,5476161.5
3011010500,2022,4,3509786.0,3471241.0,4480555.0,2683805.2
3011010500,2022,5,3310997.0,3292186.8,2552130.0,2572235.8
3011010500,2022,6,3704231.0,3833989.2,2076583.0,2125526.0
3011010500,2022,7,4585665.0,3943623.5,1994709.0,2400163.5
3011010500,2022,8,5039392.0,4437470.0,2602341.0,2453624.5
3011010500,2022,9,4404169.0,3572790.2,2647321.0,2347607.0
3011010500,2022,10,3641562.0,3205146.5,2212858.0,1937870.1
3011010500,2022,11,3493737.0,3549669.2,2732495.0,2620442.0
3011010500,2022,12,3927120.0,3617828.0,3947664.0,4248522.0
3011010600,2022,1,1113427.0,1007872.0,1682890.0,1433891.9
3011010600,2022,2,1121476.0,1013204.8,1774547.0,1362598.8
3011010600,2022,3,972246.0,960397.8,1454055.0,1281942.5
3011010600,2022,4,969220.0,947178.94,1140475.0,1106081.8
3011010600,2022,5,866974.0,899013.8,618806.0,663553.56
3011010600,2022,6,882212.0,912696.0,418133.0,428393.12
3011010600,2022,7,1119262.0,948992.44,309024.0,390027.34
3011010600,2022,8,1225672.0,1012114.6,257811.0,303802.53
3011010600,2022,9,994606.0,989631.6,228044.0,151097.16
3011010600,2022,10,1037968.0,744889.3,284529.0,203013.69
3011010600,2022,11,1072246.0,1014901.25,547772.0,625667.25
3011010600,2022,12,1143502.0,1009090.4,945110.0,1319531.6
3011010700,2022,1,3192724.0,3222361.8,9049643.0,7696926.0
3011010700,2022,2,3136780.0,2950677.5,9700613.0,9068005.0
3011010700,2022,3,2680475.0,2382741.8,7773465.0,7940937.5
3011010700,2022,4,2595276.0,2370363.2,6108625.0,6538098.5
3011010700,2022,5,2258454.0,2284887.5,3352125.0,3692589.5
3011010700,2022,6,2337469.0,2044759.0,1962686.0,1922955.8
3011010700,2022,7,2954196.0,2280562.2,1384586.0,1382617.4
3011010700,2022,8,3192166.0,3140419.5,1110786.0,1248808.5
3011010700,2022,9,2684356.0,1505354.1,1180460.0,1266044.8
3011010700,2022,10,2752154.0,2179594.2,1504883.0,1477831.2
3011010700,2022,11,2828002.0,2456276.2,3492782.0,3340899.8
3011010700,2022,12,3066816.0,2788475.5,5827647.0,6931629.5
3011010800,2022,1,218203.0,186349.97,178608.0,388131.16
3011010800,2022,2,215153.0,207131.03,260790.0,357810.16
3011010800,2022,3,180087.0,191742.38,226078.0,345490.66
3011010800,2022,4,148552.0,167392.6,125378.0,239055.61
3011010800,2022,5,95978.0,128722.28,109105.0,69782.2
3011010800,2022,6,81711.0,89970.68,52359.0,74244.24
3011010800,2022,7,93741.0,91537.875,69625.0,108430.45
3011010800,2022,8,102293.0,95965.66,124998.0,126013.84
3011010800,2022,9,89084.0,90360.195,125758.0,125966.46
3011010800,2022,10,82111.0,81102.76,65867.0,67080.85
3011010800,2022,11,131355.0,119028.04,76899.0,92995.72
3011010800,2022,12,163491.0,161410.42,116304.0,135248.53
3011010900,2022,1,3307011.0,3081486.5,9116258.0,7204398.5
3011010900,2022,2,3248169.0,2901820.2,9455857.0,7543732.5
3011010900,2022,3,2827502.0,2548881.5,8129454.0,5851884.0
3011010900,2022,4,2809714.0,2562291.5,6079870.0,3159352.8
3011010900,2022,5,2596134.0,2561715.8,3191838.0,3196186.0
3011010900,2022,6,2791905.0,2677784.0,2267202.0,2271228.5
3011010900,2022,7,3290433.0,2925606.0,1564411.0,1658912.5
3011010900,2022,8,3496357.0,3473696.5,1438486.0,1510176.2
3011010900,2022,9,3082695.0,2829668.2,1483103.0,1489100.0
3011010900,2022,10,3357824.0,2668511.5,1909998.0,1695651.1
3011010900,2022,11,3403557.0,2793575.8,3407671.0,2825521.0
3011010900,2022,12,3734609.0,2973885.8,6094060.0,5520698.0
3011011000,2022,1,1938049.0,1654226.9,4944519.0,3064752.8
3011011000,2022,2,1987763.0,1786556.4,5370220.0,3079694.0
3011011000,2022,3,1732949.0,1866232.8,4685767.0,3062129.0
3011011000,2022,4,1692856.0,1486473.6,3269007.0,2954317.0
3011011000,2022,5,1491804.0,1438832.2,1642971.0,1073377.8
3011011000,2022,6,1533131.0,1371507.9,1078989.0,789256.0
3011011000,2022,7,1848525.0,1605802.1,847520.0,697289.0
3011011000,2022,8,2158651.0,2008322.9,716635.0,566276.5
3011011000,2022,9,1953165.0,1494430.6,670747.0,510898.4
3011011000,2022,10,1590316.0,1510822.0,803829.0,627907.94
3011011000,2022,11,1535447.0,1448750.0,1510164.0,854346.2
3011011000,2022,12,1622261.0,1456786.8,2768905.0,2572312.2
3011011100,2022,1,1265366.0,1172405.2,3213405.0,3191660.2
3011011100,2022,2,1248657.0,1141313.9,3632548.0,3638889.8
3011011100,2022,3,1080210.0,1110380.8,2841790.0,1883626.2
3011011100,2022,4,1068813.0,954532.06,2709278.0,1789954.4
3011011100,2022,5,1009821.0,1015125.0,1523251.0,1568651.4
3011011100,2022,6,1129447.0,1066256.2,1042288.0,1316199.9
3011011100,2022,7,1363790.0,1200113.4,1493025.0,1595590.8
3011011100,2022,8,1415416.0,1200444.8,1995458.0,1359604.5
3011011100,2022,9,1260865.0,1160395.2,1828516.0,1823811.0
3011011100,2022,10,1096482.0,1066025.1,1734928.0,1550471.4
3011011100,2022,11,1031135.0,1047919.56,1321332.0,1328327.1
3011011100,2022,12,1120425.0,1126211.0,1877807.0,1320833.0
3011011200,2022,1,189309.0,177708.9,989126.0,1064892.2
3011011200,2022,2,204396.0,188829.39,1249913.0,1153428.9
3011011200,2022,3,177366.0,149545.05,1220313.0,1092916.5
3011011200,2022,4,151359.0,128540.24,701083.0,686039.4
3011011200,2022,5,116361.0,101601.48,317072.0,253405.45
3011011200,2022,6,121071.0,98954.46,167576.0,214285.27
3011011200,2022,7,155677.0,130315.97,150704.0,191168.64
3011011200,2022,8,193748.0,128384.66,143616.0,570123.1
3011011200,2022,9,184729.0,128983.9,451208.0,428527.22
3011011200,2022,10,142395.0,128204.766,139805.0,374018.66
3011011200,2022,11,128004.0,109840.71,172049.0,223846.39
3011011200,2022,12,143391.0,110432.29,266710.0,307019.47
3011011300,2022,1,1108264.0,1072432.1,34901.0,1369.6903
3011011300,2022,2,1045303.0,968933.4,38639.0,2199.4448
3011011300,2022,3,1021216.0,981592.75,36773.0,2266.1343
3011011300,2022,4,915736.0,949301.75,33448.0,2040.3481
3011011300,2022,5,1028151.0,1005348.6,22413.0,1876.8314
3011011300,2022,6,1196197.0,1161333.4,17213.0,2531.9348
3011011300,2022,7,1490697.0,1324973.9,17575.0,2239.9868
3011011300,2022,8,1493730.0,1411128.0,21579.0,2399.7668
3011011300,2022,9,1237270.0,1134946.4,19816.0,2557.7676
3011011300,2022,10,960341.0,975504.4,16924.0,1616.7208
3011011300,2022,11,896173.0,979424.44,17320.0,1919.3674
3011011300,2022,12,1076528.0,1006606.56,25441.0,2509.726
3011011400,2022,1,4068277.0,3964552.2,5679185.0,6223447.0
3011011400,2022,2,4110556.0,4248875.5,5627716.0,5485389.0
3011011400,2022,3,3565118.0,3502681.2,4766030.0,3652793.0
3011011400,2022,4,3311269.0,3341275.5,3610383.0,3428730.0
3011011400,2022,5,2844700.0,2857299.5,1962440.0,1773784.6
3011011400,2022,6,3054067.0,3304440.8,1623312.0,1570600.0
3011011400,2022,7,3835690.0,3420033.5,1390167.0,1547081.6
3011011400,2022,8,4149645.0,3765546.2,1291689.0,1397100.8
3011011400,2022,9,3614282.0,3536597.2,1369459.0,1072731.1
3011011400,2022,10,3262723.0,2786181.5,1313909.0,1129186.5
3011011400,2022,11,3213569.0,2745430.8,2405396.0,2396308.5
3011011400,2022,12,3647874.0,3382921.0,4221487.0,4087494.2
3011011500,2022,1,7475533.0,6567149.5,6933231.0,5864094.5
3011011500,2022,2,7483328.0,7735336.5,8129252.0,7190870.5
3011011500,2022,3,6270264.0,7043385.5,7166843.0,5943381.0
3011011500,2022,4,5949594.0,5615371.0,4599726.0,5292754.5
3011011500,2022,5,5443116.0,5970671.0,2460771.0,2769873.2
3011011500,2022,6,6096838.0,5627184.0,2095064.0,2273792.2
3011011500,2022,7,7416242.0,6532127.5,2017850.0,1949813.6
3011011500,2022,8,8078834.0,6755675.0,2133584.0,1754857.0
3011011500,2022,9,7143563.0,6197601.0,2194936.0,2219904.0
3011011500,2022,10,5961914.0,6237746.5,2018061.0,2304382.2
3011011500,2022,11,5533219.0,6096503.5,2512482.0,2739987.8
3011011500,2022,12,6097254.0,6038038.5,3925864.0,5337245.5
3011011600,2022,1,2466097.0,2330192.8,4239834.0,4269486.5
3011011600,2022,2,2451401.0,2298229.5,4506069.0,4151034.8
3011011600,2022,3,2101675.0,1952657.8,3581215.0,3304279.5
3011011600,2022,4,2024106.0,1946054.5,2631589.0,2578426.8
3011011600,2022,5,1783573.0,1847649.0,1395327.0,1668729.9
3011011600,2022,6,1905947.0,1957248.9,952314.0,1036424.9
3011011600,2022,7,2309816.0,2067119.4,805521.0,701264.94
3011011600,2022,8,2610421.0,2386404.2,733283.0,720372.3
3011011600,2022,9,2324291.0,2085123.6,760152.0,725630.94
3011011600,2022,10,1943959.0,1834168.4,923677.0,759750.75
3011011600,2022,11,1918291.0,1845275.9,1631102.0,1429916.2
3011011600,2022,12,2191417.0,2114748.0,2448839.0,2922562.2
3011011700,2022,1,1557516.0,1678066.5,2467146.0,2158618.0
3011011700,2022,2,1502767.0,1561675.2,2478722.0,2124287.8
3011011700,2022,3,1304087.0,1499009.6,1899309.0,1642923.2
3011011700,2022,4,1252963.0,1362134.5,1327668.0,1153680.5
3011011700,2022,5,1161748.0,1392268.8,711131.0,1365328.9
3011011700,2022,6,1302758.0,1425711.5,504090.0,531211.0
3011011700,2022,7,1725462.0,1539002.1,392489.0,450256.72
3011011700,2022,8,1831656.0,1875943.1,332511.0,386826.72
3011011700,2022,9,1527160.0,1567187.4,343187.0,546913.8
3011011700,2022,10,1487521.0,1368560.8,526490.0,622293.56
3011011700,2022,11,1423239.0,1430982.5,1084464.0,1045049.4
3011011700,2022,12,1563302.0,1540398.0,1984692.0,1717822.5
3011011800,2022,1,2644425.0,2641077.5,3709684.0,3455219.5
3011011800,2022,2,2701113.0,2795595.5,4120131.0,3404392.0
3011011800,2022,3,2340207.0,2164995.2,3458430.0,3211509.8
3011011800,2022,4,2152086.0,2103382.0,2615263.0,2304722.2
3011011800,2022,5,1823136.0,1811996.6,1516222.0,1461327.2
3011011800,2022,6,1921027.0,1950286.9,1192933.0,1215149.0
3011011800,2022,7,2388582.0,1569409.8,906875.0,1017356.25
3011011800,2022,8,2609922.0,2466571.2,877226.0,897484.1
3011011800,2022,9,2265175.0,2215929.0,845422.0,970344.8
3011011800,2022,10,2032583.0,1708187.8,938851.0,771481.5
3011011800,2022,11,2031256.0,1902899.8,1560964.0,1297947.8
3011011800,2022,12,2294343.0,2185582.2,2596758.0,2674614.5
3011011900,2022,1,884039.0,802105.06,478310.0,416636.12
3011011900,2022,2,842542.0,863053.8,571534.0,538224.3
3011011900,2022,3,717078.0,851180.1,547817.0,392318.16
3011011900,2022,4,652798.0,768863.3,293297.0,420617.97
3011011900,2022,5,576916.0,616650.56,204440.0,217463.22
3011011900,2022,6,622846.0,630366.75,152807.0,190940.06
3011011900,2022,7,764020.0,647868.44,141774.0,203045.72
3011011900,2022,8,749229.0,771551.3,268419.0,195205.28
3011011900,2022,9,643904.0,625268.06,262340.0,254275.28
3011011900,2022,10,577965.0,579205.56,172379.0,194648.48
3011011900,2022,11,588466.0,722358.25,170396.0,199911.75
3011011900,2022,12,724270.0,730087.75,293464.0,239746.02
3011012000,2022,1,1392965.0,1095408.6,364852.0,419236.6
3011012000,2022,2,1355365.0,1146133.4,424408.0,430768.6
3011012000,2022,3,1148916.0,1123730.8,376430.0,312198.12
3011012000,2022,4,1031193.0,948387.3,287753.0,282837.62
3011012000,2022,5,871252.0,856039.8,175745.0,200089.23
3011012000,2022,6,980092.0,932391.56,141209.0,184013.56
3011012000,2022,7,1316772.0,970542.1,225370.0,222814.33
3011012000,2022,8,1365242.0,1213718.6,306360.0,271293.94
3011012000,2022,9,1145526.0,1046309.4,283307.0,246517.6
3011012000,2022,10,976021.0,873187.44,184595.0,214496.73
3011012000,2022,11,949043.0,868901.5,171293.0,180919.94
3011012000,2022,12,1169489.0,1126912.5,245422.0,193913.02
3011012100,2022,1,52725.0,43949.668,0.0,0.0
3011012100,2022,2,54431.0,48401.69,0.0,0.0
3011012100,2022,3,44029.0,43072.062,0.0,0.0
3011012100,2022,4,37860.0,41455.652,0.0,0.0
3011012100,2022,5,26079.0,26362.08,0.0,0.0
3011012100,2022,6,25695.0,22387.969,0.0,0.0
3011012100,2022,7,28094.0,23459.475,0.0,0.0
3011012100,2022,8,30254.0,23017.102,0.0,0.0
3011012100,2022,9,25871.0,23453.566,0.0,0.0
3011012100,2022,10,23513.0,22899.52,0.0,0.0
3011012100,2022,11,31936.0,26371.518,0.0,0.0
3011012100,2022,12,43011.0,29499.215,0.0,0.0
3011012200,2022,1,29334.0,31535.629,0.0,0.0
3011012200,2022,2,30613.0,37728.105,0.0,0.0
3011012200,2022,3,25498.0,35439.703,0.0,0.0
3011012200,2022,4,23279.0,31436.148,0.0,0.0
3011012200,2022,5,19764.0,28972.27,0.0,0.0
3011012200,2022,6,21473.0,28856.336,0.0,0.0
3011012200,2022,7,26013.0,27787.62,0.0,0.0
3011012200,2022,8,27961.0,35254.336,0.0,0.0
3011012200,2022,9,25247.0,35882.723,0.0,0.0
3011012200,2022,10,22366.0,26632.162,0.0,0.0
3011012200,2022,11,22638.0,21666.14,0.0,0.0
3011012200,2022,12,25565.0,25471.201,0.0,0.0
3011012300,2022,1,10178.0,10724.791,0.0,0.0
3011012300,2022,2,11003.0,10643.864,0.0,0.0
3011012300,2022,3,8846.0,8513.135,0.0,0.0
3011012300,2022,4,7085.0,6601.119,0.0,0.0
3011012300,2022,5,5682.0,7130.2334,0.0,0.0
3011012300,2022,6,5183.0,5254.596,0.0,0.0
3011012300,2022,7,5791.0,4876.7935,0.0,0.0
3011012300,2022,8,6691.0,5176.6445,0.0,0.0
3011012300,2022,9,5819.0,5316.3784,0.0,0.0
3011012300,2022,10,5105.0,5405.6797,0.0,0.0
3011012300,2022,11,6847.0,5831.849,0.0,0.0
3011012300,2022,12,7816.0,7487.48,0.0,0.0
3011012500,2022,1,15499.0,12289.5,0.0,0.0
3011012500,2022,2,17876.0,12246.615,0.0,0.0
3011012500,2022,3,16419.0,12034.744,0.0,0.0
3011012500,2022,4,15483.0,12150.236,0.0,0.0
3011012500,2022,5,12583.0,11476.059,0.0,0.0
3011012500,2022,6,11231.0,12580.64,0.0,0.0
3011012500,2022,7,11450.0,8692.471,0.0,0.0
3011012500,2022,8,12269.0,8094.296,0.0,0.0
3011012500,2022,9,11576.0,7988.3877,0.0,0.0
3011012500,2022,10,10380.0,7828.178,0.0,0.0
3011012500,2022,11,14721.0,8283.921,0.0,0.0
3011012500,2022,12,15899.0,10248.767,0.0,0.0
3011012600,2022,1,43219.0,38971.777,0.0,0.0
3011012600,2022,2,44313.0,33036.68,0.0,0.0
3011012600,2022,3,36888.0,30659.004,0.0,0.0
3011012600,2022,4,26880.0,26790.543,0.0,0.0
3011012600,2022,5,20369.0,20332.59,0.0,0.0
3011012600,2022,6,16499.0,17064.137,0.0,0.0
3011012600,2022,7,17517.0,16252.174,0.0,0.0
3011012600,2022,8,17578.0,18914.28,0.0,0.0
3011012600,2022,9,17485.0,17303.732,0.0,0.0
3011012600,2022,10,15905.0,14643.009,0.0,0.0
3011012600,2022,11,23253.0,19664.17,0.0,0.0
3011012600,2022,12,32281.0,29225.36,0.0,0.0
3011012700,2022,1,10584.0,5610.613,0.0,0.0
3011012700,2022,2,8682.0,8790.268,0.0,0.0
3011012700,2022,3,5345.0,5853.1865,0.0,0.0
3011012700,2022,4,5063.0,4425.498,0.0,0.0
3011012700,2022,5,1762.0,3814.078,0.0,0.0
3011012700,2022,6,1511.0,2259.3982,0.0,0.0
3011012700,2022,7,1857.0,2186.546,0.0,0.0
3011012700,2022,8,2053.0,2132.7961,0.0,0.0
3011012700,2022,9,1903.0,2310.7122,0.0,0.0
3011012700,2022,10,1603.0,3388.1343,0.0,0.0
3011012700,2022,11,3427.0,4847.412,0.0,0.0
3011012700,2022,12,7348.0,5693.2246,0.0,0.0
3011012800,2022,1,182943.0,150156.12,0.0,0.0
3011012800,2022,2,182597.0,161424.17,0.0,0.0
3011012800,2022,3,152168.0,143470.88,0.0,0.0
3011012800,2022,4,143805.0,142658.05,0.0,0.0
3011012800,2022,5,126533.0,134848.3,0.0,0.0
3011012800,2022,6,133360.0,126818.61,0.0,0.0
3011012800,2022,7,146513.0,124573.04,0.0,0.0
3011012800,2022,8,152886.0,151672.61,0.0,0.0
3011012800,2022,9,141468.0,156546.22,0.0,0.0
3011012800,2022,10,125193.0,117701.57,0.0,0.0
3011012800,2022,11,127409.0,131280.9,0.0,0.0
3011012800,2022,12,146522.0,161790.56,0.0,0.0
3011012900,2022,1,38464.0,37084.535,0.0,0.0
3011012900,2022,2,34892.0,40624.23,0.0,0.0
3011012900,2022,3,27989.0,40727.688,0.0,0.0
3011012900,2022,4,24953.0,25895.541,0.0,0.0
3011012900,2022,5,20592.0,22986.05,0.0,0.0
3011012900,2022,6,21989.0,24407.748,0.0,0.0
3011012900,2022,7,24398.0,27414.037,0.0,0.0
3011012900,2022,8,23632.0,22676.848,0.0,0.0
3011012900,2022,9,21895.0,21783.125,0.0,0.0
3011012900,2022,10,19137.0,32900.43,0.0,0.0
3011012900,2022,11,21600.0,30742.707,0.0,0.0
3011012900,2022,12,27882.0,25475.773,0.0,0.0
3011013000,2022,1,56865.0,47803.133,0.0,0.0
3011013000,2022,2,60607.0,46320.812,0.0,0.0
3011013000,2022,3,49755.0,44095.08,0.0,0.0
3011013000,2022,4,41240.0,33257.516,0.0,0.0
3011013000,2022,5,30799.0,29425.947,0.0,0.0
3011013000,2022,6,26051.0,23277.361,0.0,0.0
3011013000,2022,7,25085.0,23122.191,0.0,0.0
3011013000,2022,8,25482.0,24511.146,0.0,0.0
3011013000,2022,9,23371.0,22906.762,0.0,0.0
3011013000,2022,10,22569.0,26062.498,0.0,0.0
3011013000,2022,11,31714.0,32712.9,0.0,0.0
3011013000,2022,12,41794.0,40105.473,0.0,0.0
3011013100,2022,1,27465.0,33677.1,0.0,0.0
3011013100,2022,2,29542.0,26835.398,0.0,0.0
3011013100,2022,3,20913.0,24912.52,0.0,0.0
3011013100,2022,4,18901.0,33911.992,0.0,0.0
3011013100,2022,5,95905.0,52287.21,0.0,0.0
3011013100,2022,6,128123.0,92169.48,0.0,0.0
3011013100,2022,7,137159.0,123570.86,0.0,0.0
3011013100,2022,8,139755.0,134366.97,0.0,0.0
3011013100,2022,9,140920.0,137966.03,0.0,0.0
3011013100,2022,10,144239.0,130852.24,0.0,0.0
3011013100,2022,11,78979.0,75873.66,0.0,0.0
3011013100,2022,12,29456.0,66745.42,0.0,0.0
3011013400,2022,1,9925.0,8030.6226,0.0,0.0
3011013400,2022,2,10000.0,9361.746,0.0,0.0
3011013400,2022,3,8455.0,8273.802,0.0,0.0
3011013400,2022,4,7708.0,7134.397,0.0,0.0
3011013400,2022,5,4636.0,5467.2456,0.0,0.0
3011013400,2022,6,3302.0,3643.395,0.0,0.0
3011013400,2022,7,3486.0,3771.717,0.0,0.0
3011013400,2022,8,3600.0,3817.5325,0.0,0.0
3011013400,2022,9,3777.0,3745.511,0.0,0.0
3011013400,2022,10,4196.0,4415.688,0.0,0.0
3011013400,2022,11,5363.0,6926.387,0.0,0.0
3011013400,2022,12,7081.0,6913.631,0.0,0.0
3011013500,2022,1,7365.0,7164.133,0.0,0.0
3011013500,2022,2,7638.0,4833.8984,0.0,0.0
3011013500,2022,3,6647.0,5720.918,0.0,0.0
3011013500,2022,4,6284.0,5638.8735,0.0,0.0
3011013500,2022,5,4978.0,4716.8125,0.0,0.0
3011013500,2022,6,4533.0,4655.446,0.0,0.0
3011013500,2022,7,4619.0,4756.0127,0.0,0.0
3011013500,2022,8,4884.0,4531.018,0.0,0.0
3011013500,2022,9,4643.0,4771.715,0.0,0.0
3011013500,2022,10,4710.0,4657.595,0.0,0.0
3011013500,2022,11,6504.0,5155.8994,0.0,0.0
3011013500,2022,12,7319.0,5163.1006,0.0,0.0
3011013600,2022,1,2216336.0,2173427.0,3669633.0,3481680.2
3011013600,2022,2,2200335.0,2193445.5,3966610.0,3707310.2
3011013600,2022,3,1866691.0,1746459.1,3492884.0,2993702.5
3011013600,2022,4,1908840.0,1841495.8,2710423.0,1528596.0
3011013600,2022,5,1770685.0,1749326.9,1483542.0,1595935.8
3011013600,2022,6,1857912.0,1856997.8,983412.0,1019624.44
3011013600,2022,7,2229011.0,1913340.2,728721.0,678235.44
3011013600,2022,8,2356287.0,2406648.5,552564.0,584773.44
3011013600,2022,9,2043046.0,1637579.6,523193.0,540308.2
3011013600,2022,10,1720407.0,1756448.9,677039.0,644652.6
3011013600,2022,11,1779019.0,1730969.5,1319171.0,1374777.5
3011013600,2022,12,1928359.0,2003927.2,2136919.0,2477522.2
3011013700,2022,1,397528.0,380320.72,0.0,0.0
3011013700,2022,2,380428.0,371351.84,0.0,0.0
3011013700,2022,3,316563.0,289734.94,0.0,0.0
3011013700,2022,4,298667.0,277102.4,0.0,0.0
3011013700,2022,5,248766.0,239924.27,0.0,0.0
3011013700,2022,6,267959.0,267626.7,0.0,0.0
3011013700,2022,7,340351.0,268054.97,0.0,0.0
3011013700,2022,8,349602.0,353560.8,0.0,0.0
3011013700,2022,9,280555.0,288424.6,0.0,0.0
3011013700,2022,10,242337.0,237297.72,0.0,0.0
3011013700,2022,11,268622.0,257854.7,0.0,0.0
3011013700,2022,12,326033.0,333243.94,0.0,0.0
3011013800,2022,1,73107.0,76496.734,0.0,0.0
3011013800,2022,2,66830.0,60503.402,0.0,0.0
3011013800,2022,3,48764.0,60689.29,0.0,0.0
3011013800,2022,4,42114.0,53135.434,0.0,0.0
3011013800,2022,5,31999.0,44684.03,0.0,0.0
3011013800,2022,6,30623.0,40175.457,0.0,0.0
3011013800,2022,7,45018.0,54090.836,0.0,0.0
3011013800,2022,8,51264.0,58317.508,0.0,0.0
3011013800,2022,9,43906.0,55075.95,0.0,0.0
3011013800,2022,10,37240.0,43083.613,0.0,0.0
3011013800,2022,11,48307.0,45338.316,0.0,0.0
3011013800,2022,12,66200.0,57095.746,0.0,0.0
3011013900,2022,1,1554298.0,1555485.9,4063648.0,3497898.8
3011013900,2022,2,1529312.0,1583976.6,4399628.0,3957338.5
3011013900,2022,3,1273603.0,1292856.1,3811995.0,4094257.8
3011013900,2022,4,1263412.0,1218659.8,2829388.0,2675149.8
3011013900,2022,5,1106763.0,1183268.1,1523822.0,1612664.5
3011013900,2022,6,1154661.0,1212352.8,952154.0,857677.0
3011013900,2022,7,1541001.0,1270640.0,705340.0,679152.1
3011013900,2022,8,1661063.0,1707574.9,599417.0,577622.25
3011013900,2022,9,1318647.0,1614075.2,523443.0,496895.7
3011013900,2022,10,1151297.0,968586.8,702752.0,1649324.8
3011013900,2022,11,1236127.0,1185737.0,1386175.0,1334549.4
3011013900,2022,12,1388569.0,1401649.2,2285070.0,2612976.5
3011014000,2022,1,958.0,556.52246,0.0,0.0
3011014000,2022,2,954.0,573.09235,0.0,0.0
3011014000,2022,3,719.0,561.3595,0.0,0.0
3011014000,2022,4,595.0,578.7974,0.0,0.0
3011014000,2022,5,519.0,577.5899,0.0,0.0
3011014000,2022,6,717.0,547.6927,0.0,0.0
3011014000,2022,7,848.0,547.9241,0.0,0.0
3011014000,2022,8,820.0,554.8363,0.0,0.0
3011014000,2022,9,647.0,560.9477,0.0,0.0
3011014000,2022,10,529.0,696.3726,0.0,0.0
3011014000,2022,11,527.0,598.6855,0.0,0.0
3011014000,2022,12,441.0,510.28088,0.0,0.0
3011014100,2022,1,13605.0,10112.612,0.0,0.0
3011014100,2022,2,12527.0,11001.867,0.0,0.0
3011014100,2022,3,10029.0,9817.32,0.0,0.0
3011014100,2022,4,7832.0,7982.2217,0.0,0.0
3011014100,2022,5,3227.0,5954.003,0.0,0.0
3011014100,2022,6,1981.0,4300.6406,0.0,0.0
3011014100,2022,7,1754.0,4034.2754,0.0,0.0
3011014100,2022,8,1844.0,4069.5874,0.0,0.0
3011014100,2022,9,2201.0,3085.032,0.0,0.0
3011014100,2022,10,2469.0,4025.453,0.0,0.0
3011014100,2022,11,5416.0,7575.6777,0.0,0.0
3011014100,2022,12,8483.0,8090.422,0.0,0.0
3011014200,2022,1,1190142.0,883534.1,0.0,0.0
3011014200,2022,2,1164700.0,830058.6,0.0,0.0
3011014200,2022,3,895710.0,830058.6,0.0,0.0
3011014200,2022,4,773879.0,798993.56,0.0,0.0
3011014200,2022,5,668961.0,832074.06,0.0,0.0
3011014200,2022,6,702973.0,800879.0,0.0,0.0
3011014200,2022,7,833897.0,803403.1,272.0,0.0
3011014200,2022,8,1043686.0,884543.1,154.0,0.0
3011014200,2022,9,983821.0,826857.25,119.0,0.0
3011014200,2022,10,906568.0,788843.4,249.0,0.0
3011014200,2022,11,991211.0,803681.9,1765.0,0.0
3011014200,2022,12,1163953.0,883534.1,2744.0,0.0
3011014300,2022,1,53265.0,52873.586,0.0,0.0
3011014300,2022,2,50642.0,48751.457,0.0,0.0
3011014300,2022,3,37981.0,35351.504,0.0,0.0
3011014300,2022,4,32999.0,34478.61,0.0,0.0
3011014300,2022,5,25373.0,28601.041,0.0,0.0
3011014300,2022,6,23093.0,20556.146,0.0,0.0
3011014300,2022,7,26364.0,20452.559,0.0,0.0
3011014300,2022,8,27360.0,23257.865,0.0,0.0
3011014300,2022,9,23494.0,25351.64,0.0,0.0
3011014300,2022,10,25955.0,22913.023,0.0,0.0
3011014300,2022,11,35791.0,32611.006,0.0,0.0
3011014300,2022,12,44156.0,34727.07,0.0,0.0
3011014400,2022,1,353867.0,310293.75,0.0,0.0
3011014400,2022,2,344977.0,294182.56,0.0,0.0
3011014400,2022,3,277989.0,232853.31,0.0,0.0
3011014400,2022,4,263010.0,262515.97,0.0,0.0
3011014400,2022,5,205573.0,188143.23,0.0,0.0
3011014400,2022,6,189714.0,185829.14,0.0,0.0
3011014400,2022,7,235319.0,182527.08,0.0,0.0
3011014400,2022,8,253802.0,194957.66,0.0,0.0
3011014400,2022,9,218213.0,191390.86,0.0,0.0
3011014400,2022,10,222158.0,183713.44,0.0,0.0
3011014400,2022,11,298332.0,238513.42,0.0,0.0
3011014400,2022,12,329256.0,312030.16,0.0,0.0
3011014500,2022,1,551984.0,408260.62,0.0,0.0
3011014500,2022,2,550481.0,402118.75,0.0,0.0
3011014500,2022,3,430851.0,375591.38,0.0,0.0
3011014500,2022,4,391614.0,374386.2,0.0,0.0
3011014500,2022,5,317297.0,316851.34,0.0,0.0
3011014500,2022,6,335524.0,354997.56,0.0,0.0
3011014500,2022,7,410810.0,381809.12,0.0,0.0
3011014500,2022,8,403745.0,401677.5,0.0,0.0
3011014500,2022,9,347293.0,374171.78,0.0,0.0
3011014500,2022,10,331213.0,322071.56,0.0,0.0
3011014500,2022,11,386744.0,397602.22,0.0,0.0
3011014500,2022,12,472489.0,408260.62,0.0,0.0
3014010100,2022,1,3426137.0,2869937.0,495435.0,442146.16
3014010100,2022,2,3485194.0,3315555.2,628573.0,730773.25
3014010100,2022,3,2935797.0,3093891.0,576413.0,494684.84
3014010100,2022,4,2574152.0,2585005.8,414981.0,463259.66
3014010100,2022,5,2307174.0,2626346.2,342370.0,394176.0
3014010100,2022,6,2630551.0,2800645.2,344489.0,441818.9
3014010100,2022,7,3082414.0,2894450.0,328748.0,425346.6
3014010100,2022,8,3432744.0,3255598.5,346229.0,427486.38
3014010100,2022,9,3103168.0,3277381.2,326792.0,405978.6
3014010100,2022,10,2497314.0,2101937.8,243685.0,413979.34
3014010100,2022,11,2192461.0,2191708.8,273322.0,344583.34
3014010100,2022,12,2556487.0,2734229.0,330135.0,410260.44
3014010200,2022,1,4697407.0,4610762.5,4652553.0,3913730.5
3014010200,2022,2,4507161.0,4433919.5,5465886.0,4361097.5
3014010200,2022,3,3610829.0,4333689.0,4425799.0,3350605.5
3014010200,2022,4,3327204.0,4151349.8,3147074.0,3049644.8
3014010200,2022,5,3131328.0,3586688.2,1626462.0,1744762.1
3014010200,2022,6,3608336.0,4027269.0,1147194.0,1544758.9
3014010200,2022,7,4481403.0,4342529.5,1160868.0,1379112.4
3014010200,2022,8,4733061.0,4699677.5,1261330.0,1477692.2
3014010200,2022,9,3855124.0,4502027.5,1146485.0,1425666.0
3014010200,2022,10,3315919.0,3761813.8,1150096.0,1301717.6
3014010200,2022,11,3360679.0,3786351.2,1799107.0,1776661.4
3014010200,2022,12,4164315.0,4070117.8,2904222.0,3110661.2
3014010300,2022,1,2460994.0,2243846.8,4892445.0,4774933.0
3014010300,2022,2,2399409.0,2225841.2,5419799.0,5106350.5
3014010300,2022,3,2109466.0,2039606.2,4824465.0,3315322.5
3014010300,2022,4,2044585.0,1896782.4,3710669.0,2164847.8
3014010300,2022,5,1954869.0,1898937.6,2079090.0,2032499.9
3014010300,2022,6,2194114.0,1949097.4,1481563.0,1462522.4
3014010300,2022,7,2754254.0,1896659.0,1287847.0,1337512.0
3014010300,2022,8,2915761.0,2318060.5,1252706.0,1344275.2
3014010300,2022,9,2308324.0,1976899.6,1163823.0,1244420.0
3014010300,2022,10,2056837.0,1776800.0,1218260.0,1369000.8
3014010300,2022,11,2095133.0,1950091.0,1855754.0,1359179.1
3014010300,2022,12,2357970.0,2041382.8,3010952.0,1778998.0
3014010400,2022,1,2127384.0,2083688.2,4432070.0,5769558.0
3014010400,2022,2,2089713.0,2092945.6,5068829.0,5740445.0
3014010400,2022,3,1758270.0,1748702.0,4303585.0,3909104.8
3014010400,2022,4,1733441.0,1701226.9,3312832.0,2803166.8
3014010400,2022,5,1575315.0,1722204.5,1902666.0,2911712.8
3014010400,2022,6,1724704.0,1815525.2,1120806.0,1489347.5
3014010400,2022,7,2665803.0,2051562.1,1001342.0,1000775.06
3014010400,2022,8,2867470.0,2278384.5,887816.0,942906.5
3014010400,2022,9,2317870.0,1989872.4,836901.0,791295.9
3014010400,2022,10,2036887.0,1766201.1,940787.0,1367023.6
3014010400,2022,11,2033231.0,1763794.1,1797618.0,2598012.2
3014010400,2022,12,2256789.0,2033258.6,3136539.0,3719666.5
3014010500,2022,1,6022443.0,5935203.0,7465374.0,6450390.0
3014010500,2022,2,6107611.0,5867112.0,8091853.0,6905049.0
3014010500,2022,3,5190937.0,4989945.0,6740476.0,5166060.0
3014010500,2022,4,4662414.0,4524754.0,4993801.0,5459430.0
3014010500,2022,5,4097538.0,4387422.5,3058227.0,3052965.2
3014010500,2022,6,4580043.0,4459846.0,2320598.0,2278796.5
3014010500,2022,7,5870663.0,5104256.5,2486915.0,2519823.2
3014010500,2022,8,6505649.0,6065582.0,2915867.0,2698739.8
3014010500,2022,9,5650007.0,5226938.0,2908775.0,2516917.2
3014010500,2022,10,4660341.0,4176051.0,2346179.0,2508921.5
3014010500,2022,11,4427150.0,4402009.0,3225655.0,3499960.0
3014010500,2022,12,5153315.0,4781063.5,5409445.0,4602227.5
3014010600,2022,1,1176511.0,1052850.8,1102715.0,1146117.6
3014010600,2022,2,1202055.0,1282068.5,1231631.0,1171084.6
3014010600,2022,3,1044422.0,1061010.6,1118461.0,920120.5
3014010600,2022,4,926271.0,960458.8,825457.0,543525.2
3014010600,2022,5,746831.0,790976.4,483911.0,524929.2
3014010600,2022,6,762172.0,798284.94,392319.0,402932.47
3014010600,2022,7,888271.0,843204.3,299713.0,387450.34
3014010600,2022,8,1032467.0,1049623.5,281893.0,279508.6
3014010600,2022,9,938128.0,925858.9,283590.0,277282.94
3014010600,2022,10,728320.0,769513.6,288527.0,297914.1
3014010600,2022,11,701929.0,832487.0,470378.0,544043.25
3014010600,2022,12,783597.0,868236.8,715950.0,823522.5
3014010700,2022,1,687773.0,568985.9,425909.0,336998.8
3014010700,2022,2,658027.0,536000.7,450612.0,440311.44
3014010700,2022,3,496391.0,518589.16,348052.0,424899.84
3014010700,2022,4,465217.0,433177.7,256479.0,239236.38
3014010700,2022,5,413090.0,426874.5,126359.0,140079.55
3014010700,2022,6,445057.0,473649.2,87460.0,109388.234
3014010700,2022,7,538446.0,512699.1,105286.0,99210.664
3014010700,2022,8,551687.0,530579.0,105478.0,89311.1
3014010700,2022,9,457345.0,519341.38,102536.0,88611.06
3014010700,2022,10,428550.0,439228.5,109503.0,98834.414
3014010700,2022,11,491096.0,435697.56,179251.0,193944.98
3014010700,2022,12,635844.0,539659.75,267701.0,229865.94
3014010800,2022,1,353320.0,323928.12,148601.0,91743.47
3014010800,2022,2,335205.0,272142.94,151015.0,95584.984
3014010800,2022,3,260278.0,277208.8,123254.0,102728.29
3014010800,2022,4,248237.0,226398.77,105296.0,83857.945
3014010800,2022,5,241548.0,212605.8,64145.0,63418.363
3014010800,2022,6,274030.0,221281.1,52011.0,47408.562
3014010800,2022,7,337514.0,260191.16,45604.0,44871.656
3014010800,2022,8,333409.0,265511.9,43311.0,43620.51
3014010800,2022,9,253225.0,244984.92,37474.0,43329.01
3014010800,2022,10,245038.0,228372.89,48879.0,48468.047
3014010800,2022,11,270754.0,230094.9,76452.0,94288.59
3014010800,2022,12,357869.0,278039.28,108514.0,88758.24
3014010900,2022,1,441235.0,435831.2,349324.0,269677.7
3014010900,2022,2,413588.0,374833.2,330542.0,262155.94
3014010900,2022,3,315912.0,340813.62,267703.0,229221.7
3014010900,2022,4,302382.0,310046.12,193697.0,213628.2
3014010900,2022,5,276706.0,303644.38,110692.0,129733.164
3014010900,2022,6,316046.0,311076.25,84071.0,83555.77
3014010900,2022,7,379481.0,336611.22,77302.0,87035.12
3014010900,2022,8,396913.0,339127.0,90124.0,77861.625
3014010900,2022,9,313422.0,323912.8,66814.0,153341.5
3014010900,2022,10,337484.0,276952.8,134972.0,119480.836
3014010900,2022,11,372315.0,337524.0,273457.0,143091.72
3014010900,2022,12,481991.0,334457.12,511594.0,228889.42
3014011000,2022,1,3579160.0,3288121.2,3073324.0,3489291.5
3014011000,2022,2,3477979.0,3254797.0,3491794.0,4068828.8
3014011000,2022,3,3263024.0,2923542.0,3330062.0,3395216.2
3014011000,2022,4,2906829.0,2744223.2,2315726.0,2624425.2
3014011000,2022,5,2849990.0,2684574.0,1647324.0,1810041.6
3014011000,2022,6,3291106.0,2945563.0,1618554.0,1419387.5
3014011000,2022,7,3890251.0,3284091.2,1317721.0,1702415.0
3014011000,2022,8,4009664.0,3390806.0,1676204.0,1540213.2
3014011000,2022,9,3443670.0,2793908.8,1536716.0,1646891.4
3014011000,2022,10,2950089.0,2740189.2,1195849.0,1411906.5
3014011000,2022,11,2949757.0,2645792.5,1391955.0,1389032.1
3014011000,2022,12,3514035.0,2511556.0,2218007.0,1447924.5
3014011100,2022,1,1278438.0,1035272.75,1113178.0,1093740.9
3014011100,2022,2,1297148.0,1053019.6,1389125.0,1115399.1
3014011100,2022,3,1218899.0,1168067.9,1108377.0,1303415.4
3014011100,2022,4,1167268.0,1243604.5,847201.0,716542.4
3014011100,2022,5,1091093.0,1230961.6,646200.0,663654.0
3014011100,2022,6,1130870.0,1224847.5,469860.0,457318.72
3014011100,2022,7,1273391.0,1226095.6,357395.0,390672.72
3014011100,2022,8,1421462.0,1234703.0,304826.0,302884.3
3014011100,2022,9,1301049.0,1354895.1,278392.0,264380.72
3014011100,2022,10,1177274.0,1217141.5,416464.0,311644.5
3014011100,2022,11,1121712.0,1163004.9,679321.0,642381.56
3014011100,2022,12,1154141.0,1108768.9,1101017.0,642726.75
3014011200,2022,1,1595939.0,1511003.0,2235108.0,1962444.8
3014011200,2022,2,1572063.0,1511365.5,2417156.0,2021506.8
3014011200,2022,3,1294941.0,1244118.4,1964454.0,1597468.4
3014011200,2022,4,1200003.0,1114939.6,1410428.0,1388523.8
3014011200,2022,5,1043210.0,1031143.75,755821.0,761835.3
3014011200,2022,6,1112281.0,1056441.9,487570.0,472206.7
3014011200,2022,7,1410790.0,1199728.2,373031.0,415497.7
3014011200,2022,8,1567308.0,1496578.1,316217.0,414572.62
3014011200,2022,9,1338627.0,1293295.2,310974.0,375558.03
3014011200,2022,10,1100440.0,962934.7,389400.0,540111.25
3014011200,2022,11,1124294.0,1074422.4,853473.0,905017.44
3014011200,2022,12,1332495.0,1304414.9,1475335.0,1360143.0
3014011300,2022,1,5863322.0,5645052.5,7707701.0,7559713.0
3014011300,2022,2,5600292.0,5576643.5,8809746.0,9114170.0
3014011300,2022,3,5075702.0,4737758.0,8015092.0,6231328.0
3014011300,2022,4,4903286.0,4426907.5,5710049.0,6115335.5
3014011300,2022,5,4804060.0,4585364.5,2653953.0,2874610.0
3014011300,2022,6,5225763.0,4640950.5,1635754.0,2109170.8
3014011300,2022,7,6305537.0,5455768.0,1328526.0,1657917.8
3014011300,2022,8,6701336.0,5512089.0,1643351.0,2125214.2
3014011300,2022,9,5551570.0,4957745.0,1455887.0,2055302.5
3014011300,2022,10,4902768.0,4521270.5,1228650.0,2146848.5
3014011300,2022,11,4765625.0,4558881.0,2287552.0,5093016.0
3014011300,2022,12,5576810.0,5785779.0,3893187.0,5371076.0
3014011400,2022,1,6299406.0,6068629.5,22352639.0,22878124.0
3014011400,2022,2,6384922.0,6419854.0,24171959.0,24339514.0
3014011400,2022,3,5649317.0,5606432.0,20428058.0,19452936.0
3014011400,2022,4,5639859.0,5403168.5,14411075.0,14090076.0
3014011400,2022,5,4906457.0,5092552.5,7687670.0,8521373.0
3014011400,2022,6,5058412.0,5084903.5,4526521.0,4035538.2
3014011400,2022,7,5888724.0,5378260.5,3370575.0,3895900.0
3014011400,2022,8,7059548.0,6521244.0,2544108.0,3258548.2
3014011400,2022,9,6468241.0,5746844.0,2837889.0,3308796.2
3014011400,2022,10,5243952.0,4745829.0,3505969.0,3604248.2
3014011400,2022,11,5118737.0,5023707.0,8268142.0,7423983.0
3014011400,2022,12,5427937.0,5354223.5,13539691.0,18166222.0
3014011500,2022,1,4383827.0,4503268.0,6237364.0,5407249.5
3014011500,2022,2,4526835.0,4623560.5,7016061.0,6270145.0
3014011500,2022,3,3893021.0,3741944.5,5718946.0,4906684.0
3014011500,2022,4,3455894.0,3605208.8,4597769.0,4194216.2
3014011500,2022,5,2901202.0,3145800.2,2673362.0,2444982.8
3014011500,2022,6,3100496.0,2992487.2,1935447.0,1739879.5
3014011500,2022,7,3843611.0,3484681.2,1171665.0,1197497.6
3014011500,2022,8,4498966.0,4343853.0,1079595.0,1321130.8
3014011500,2022,9,4013693.0,3446144.5,847020.0,858674.7
3014011500,2022,10,3529067.0,3152780.2,1356651.0,1171430.2
3014011500,2022,11,3247476.0,3052330.5,2509153.0,2203529.5
3014011500,2022,12,3604822.0,3750710.8,4472237.0,3767933.0
3014011600,2022,1,9113971.0,8951538.0,17189174.0,12956319.0
3014011600,2022,2,8811806.0,8628637.0,18908551.0,14745476.0
3014011600,2022,3,7660171.0,7685293.0,15821935.0,13178201.0
3014011600,2022,4,7520394.0,7446956.0,11496123.0,11177998.0
3014011600,2022,5,7381084.0,7427667.0,6164321.0,7655026.0
3014011600,2022,6,8018591.0,7933175.0,4571533.0,4894267.5
3014011600,2022,7,9502581.0,9017559.0,3630500.0,4221683.5
3014011600,2022,8,10180487.0,9603882.0,4552183.0,4179782.5
3014011600,2022,9,8495210.0,8363887.0,4434612.0,3760008.2
3014011600,2022,10,7273255.0,5815841.5,4139433.0,3472359.5
3014011600,2022,11,7215522.0,6932044.5,6349514.0,5042786.0
3014011600,2022,12,8230833.0,7681942.5,10641284.0,6303329.0
3014011700,2022,1,2761494.0,2596916.5,4181111.0,4793519.5
3014011700,2022,2,2644794.0,2553039.8,4623346.0,4852557.0
3014011700,2022,3,2189034.0,2085607.2,3780778.0,3535706.2
3014011700,2022,4,2143602.0,1929580.6,2711106.0,2836414.0
3014011700,2022,5,1910952.0,1768228.4,1587559.0,1447592.9
3014011700,2022,6,2066310.0,1779715.2,1005640.0,890472.7
3014011700,2022,7,2516336.0,2230766.2,699918.0,784221.7
3014011700,2022,8,2713143.0,2317918.5,582406.0,751281.94
3014011700,2022,9,2297563.0,1857809.6,598500.0,602661.4
3014011700,2022,10,1904946.0,1967249.1,780363.0,863687.5
3014011700,2022,11,2046702.0,1978163.0,1577567.0,1443149.1
3014011700,2022,12,2416809.0,2355550.5,2718851.0,3548025.8
3014011800,2022,1,1082988.0,1021058.56,1810089.0,1357503.4
3014011800,2022,2,1033830.0,982936.06,1788152.0,1697129.9
3014011800,2022,3,872350.0,962405.56,1565867.0,1504713.5
3014011800,2022,4,889368.0,946260.06,1247479.0,1009122.2
3014011800,2022,5,832975.0,888718.1,794413.0,893354.4
3014011800,2022,6,913492.0,792743.8,592106.0,566647.06
3014011800,2022,7,1076984.0,937813.4,526898.0,524277.16
3014011800,2022,8,1192603.0,997591.75,455993.0,465933.44
3014011800,2022,9,1027916.0,942240.5,425870.0,403345.97
3014011800,2022,10,872545.0,850272.5,696733.0,409627.44
3014011800,2022,11,924726.0,962503.75,1061139.0,659680.94
3014011800,2022,12,1050699.0,1035120.25,1523209.0,1352510.1
3014011900,2022,1,1329140.0,1262354.2,471527.0,315141.38
3014011900,2022,2,1336035.0,1234842.4,509596.0,283494.22
3014011900,2022,3,1121453.0,1123911.5,455012.0,251268.33
3014011900,2022,4,1062474.0,1100100.9,274318.0,247269.06
3014011900,2022,5,953996.0,1000845.1,216744.0,191222.64
3014011900,2022,6,1048042.0,1067127.2,104361.0,165761.16
3014011900,2022,7,1213073.0,1160844.1,109620.0,124207.57
3014011900,2022,8,1450709.0,1275335.5,99769.0,122351.12
3014011900,2022,9,1318224.0,1271967.2,106657.0,134741.9
3014011900,2022,10,1112438.0,1067257.0,96336.0,152290.9
3014011900,2022,11,1017895.0,1079410.8,117294.0,124805.08
3014011900,2022,12,1182143.0,1147783.5,172106.0,267079.75
3014012000,2022,1,16431.0,10111.938,0.0,0.0
3014012000,2022,2,14006.0,11037.629,0.0,0.0
3014012000,2022,3,10132.0,9582.1875,0.0,0.0
3014012000,2022,4,5348.0,8964.251,0.0,0.0
3014012000,2022,5,2686.0,4106.618,0.0,0.0
3014012000,2022,6,3383.0,3425.8572,0.0,0.0
3014012000,2022,7,3989.0,3621.2886,0.0,0.0
3014012000,2022,8,5973.0,3709.4404,0.0,0.0
3014012000,2022,9,3681.0,3813.713,0.0,0.0
3014012000,2022,10,4624.0,3740.7432,0.0,0.0
3014012000,2022,11,4591.0,5242.2764,0.0,0.0
3014012000,2022,12,10889.0,6734.8506,0.0,0.0
3014012100,2022,1,1387.0,944.9489,0.0,0.0
3014012100,2022,2,1232.0,1216.605,0.0,0.0
3014012100,2022,3,961.0,1181.8127,0.0,0.0
3014012100,2022,4,827.0,1080.1941,0.0,0.0
3014012100,2022,5,769.0,1131.3907,0.0,0.0
3014012100,2022,6,846.0,923.2595,0.0,0.0
3014012100,2022,7,959.0,927.7403,0.0,0.0
3014012100,2022,8,997.0,1116.6002,0.0,0.0
3014012100,2022,9,798.0,1019.8718,0.0,0.0
3014012100,2022,10,763.0,935.43225,0.0,0.0
3014012100,2022,11,781.0,810.9483,0.0,0.0
3014012100,2022,12,858.0,832.73303,0.0,0.0
3014012200,2022,1,150146.0,100163.8,0.0,0.0
3014012200,2022,2,158504.0,92663.51,0.0,0.0
3014012200,2022,3,137821.0,94869.28,0.0,0.0
3014012200,2022,4,96852.0,93791.41,0.0,0.0
3014012200,2022,5,66447.0,84353.46,0.0,0.0
3014012200,2022,6,61653.0,71058.664,0.0,0.0
3014012200,2022,7,72891.0,47202.168,0.0,0.0
3014012200,2022,8,95315.0,90409.47,0.0,0.0
3014012200,2022,9,85417.0,92097.08,0.0,0.0
3014012200,2022,10,68880.0,88172.945,0.0,0.0
3014012200,2022,11,83430.0,72357.125,0.0,0.0
3014012200,2022,12,107033.0,93009.38,0.0,0.0
3014012300,2022,1,18921.0,15350.22,0.0,0.0
3014012300,2022,2,18827.0,12729.22,0.0,0.0
3014012300,2022,3,14070.0,13355.951,0.0,0.0
3014012300,2022,4,12226.0,11867.56,0.0,0.0
3014012300,2022,5,8012.0,11346.844,0.0,0.0
3014012300,2022,6,7307.0,8412.152,0.0,0.0
3014012300,2022,7,7195.0,8654.342,0.0,0.0
3014012300,2022,8,7274.0,9339.561,0.0,0.0
3014012300,2022,9,6423.0,8530.5205,0.0,0.0
3014012300,2022,10,6407.0,7622.1846,0.0,0.0
3014012300,2022,11,7730.0,9504.789,0.0,0.0
3014012300,2022,12,10607.0,10661.612,0.0,0.0
3014012400,2022,1,16966.0,12858.562,0.0,0.0
3014012400,2022,2,15737.0,13801.331,0.0,0.0
3014012400,2022,3,12364.0,12128.835,0.0,0.0
3014012400,2022,4,11634.0,10551.807,0.0,0.0
3014012400,2022,5,10138.0,9462.946,0.0,0.0
3014012400,2022,6,10808.0,9535.733,0.0,0.0
3014012400,2022,7,12762.0,9489.347,0.0,0.0
3014012400,2022,8,13839.0,12425.8955,0.0,0.0
3014012400,2022,9,11534.0,12099.855,0.0,0.0
3014012400,2022,10,10847.0,9376.628,0.0,0.0
3014012400,2022,11,13019.0,10021.389,0.0,0.0
3014012400,2022,12,18137.0,13622.384,0.0,0.0
3014012500,2022,1,107321.0,77371.484,0.0,0.0
3014012500,2022,2,119416.0,122125.83,0.0,0.0
3014012500,2022,3,104930.0,97577.75,0.0,0.0
3014012500,2022,4,83153.0,93509.52,0.0,0.0
3014012500,2022,5,57986.0,59397.457,0.0,0.0
3014012500,2022,6,42248.0,49145.363,0.0,0.0
3014012500,2022,7,39781.0,36878.344,0.0,0.0
3014012500,2022,8,46499.0,40811.688,0.0,0.0
3014012500,2022,9,44494.0,45153.58,0.0,0.0
3014012500,2022,10,35913.0,43662.434,0.0,0.0
3014012500,2022,11,55866.0,39442.594,0.0,0.0
3014012500,2022,12,79170.0,85205.67,0.0,0.0
3014012600,2022,1,12314.0,24428.734,0.0,0.0
3014012600,2022,2,12244.0,20632.408,0.0,0.0
3014012600,2022,3,13342.0,14883.084,0.0,0.0
3014012600,2022,4,14966.0,14839.496,0.0,0.0
3014012600,2022,5,14020.0,13523.486,0.0,0.0
3014012600,2022,6,12531.0,16286.79,0.0,0.0
3014012600,2022,7,9242.0,16323.615,0.0,0.0
3014012600,2022,8,11645.0,14690.683,0.0,0.0
3014012600,2022,9,14531.0,15511.746,0.0,0.0
3014012600,2022,10,17533.0,15345.048,0.0,0.0
3014012600,2022,11,22647.0,17369.084,0.0,0.0
3014012600,2022,12,29123.0,33787.227,0.0,0.0
3017010100,2022,1,3285080.0,3258029.0,11191258.0,9375115.0
3017010100,2022,2,3341748.0,3081246.2,11464325.0,8310499.0
3017010100,2022,3,2954014.0,2906736.2,8909190.0,7541603.0
3017010100,2022,4,2927441.0,2836195.0,6747482.0,5748887.5
3017010100,2022,5,2644897.0,2795746.0,3639869.0,2889197.2
3017010100,2022,6,2760460.0,2613240.8,2375178.0,2328003.8
3017010100,2022,7,3261856.0,3177856.2,1833469.0,1953683.4
3017010100,2022,8,3845063.0,3996143.5,1718638.0,1408983.8
3017010100,2022,9,3496226.0,3095656.0,1731780.0,1689451.1
3017010100,2022,10,2832916.0,2859669.0,2304722.0,2324086.5
3017010100,2022,11,2797852.0,2516080.5,4622817.0,4415572.0
3017010100,2022,12,2937149.0,3250440.8,7777858.0,6481825.5
3017010200,2022,1,1567794.0,1564701.6,1489741.0,1235664.1
3017010200,2022,2,1525041.0,1626458.8,1562408.0,1373108.2
3017010200,2022,3,1328493.0,1241427.8,1237115.0,886109.0
3017010200,2022,4,1243384.0,1110531.2,952096.0,734377.6
3017010200,2022,5,1067117.0,1025999.6,543736.0,501015.72
3017010200,2022,6,1147735.0,1126753.6,406194.0,373686.0
3017010200,2022,7,1552364.0,1367031.1,344189.0,348736.25
3017010200,2022,8,1697311.0,1505914.8,319309.0,325436.3
3017010200,2022,9,1426668.0,1145197.5,281673.0,289538.1
3017010200,2022,10,1306586.0,963699.56,459086.0,313771.1
3017010200,2022,11,1284660.0,1176455.8,860742.0,554512.8
3017010200,2022,12,1486779.0,1252751.1,1390043.0,916575.0
3017010300,2022,1,4322634.0,4367834.0,8441567.0,8721369.0
3017010300,2022,2,4440083.0,4475300.5,8976349.0,8777845.0
3017010300,2022,3,3894855.0,3916924.0,7591243.0,6211592.5
3017010300,2022,4,3679523.0,3676968.5,5760325.0,5313138.5
3017010300,2022,5,3237999.0,3304597.0,3105911.0,3978816.8
3017010300,2022,6,3432130.0,3296584.0,1949027.0,2251319.2
3017010300,2022,7,3978965.0,3641808.8,1756379.0,1844015.8
3017010300,2022,8,4701418.0,3971725.0,1680004.0,1848193.1
3017010300,2022,9,4346043.0,4041823.0,1707510.0,1438494.4
3017010300,2022,10,3586927.0,3271362.0,1700944.0,1673070.8
3017010300,2022,11,3397308.0,3354158.2,2985626.0,3264651.0
3017010300,2022,12,3626096.0,3625216.2,5066914.0,5030161.5
3017010400,2022,1,3154254.0,2918349.5,9359058.0,8657711.0
3017010400,2022,2,3099348.0,3033962.2,10108941.0,8784163.0
3017010400,2022,3,2562720.0,2447328.0,8857336.0,7939739.0
3017010400,2022,4,2510368.0,2434757.8,6538491.0,6159260.5
3017010400,2022,5,2245865.0,2270423.0,4303036.0,4001733.2
3017010400,2022,6,2383061.0,2309194.0,2555698.0,2399876.2
3017010400,2022,7,3029332.0,2538038.8,2240298.0,2153354.8
3017010400,2022,8,3269639.0,3237528.8,1551202.0,1581182.1
3017010400,2022,9,2675328.0,2710571.8,1970972.0,1393889.2
3017010400,2022,10,2285785.0,2448138.5,1933870.0,1547075.5
3017010400,2022,11,2441157.0,2444435.5,4093603.0,3293696.8
3017010400,2022,12,2769820.0,2665339.2,5689160.0,4339068.0
3017010500,2022,1,1863438.0,2307149.5,1714197.0,1704393.6
3017010500,2022,2,1871016.0,2324310.5,1860803.0,2046683.0
3017010500,2022,3,1547670.0,1166231.4,1508659.0,1394899.4
3017010500,2022,4,1343858.0,1165823.2,1095557.0,1140771.2
3017010500,2022,5,1141350.0,1477356.5,647062.0,763943.44
3017010500,2022,6,1271627.0,1507337.0,453287.0,692288.0
3017010500,2022,7,1614687.0,1557241.0,456757.0,684313.2
3017010500,2022,8,1767115.0,1646454.1,458837.0,622070.4
3017010500,2022,9,1488916.0,1085000.6,502153.0,503951.5
3017010500,2022,10,1374021.0,1089509.9,499057.0,468638.72
3017010500,2022,11,1381487.0,1085962.0,812616.0,647230.6
3017010500,2022,12,1599543.0,1476365.8,1283481.0,1162145.4
3017010600,2022,1,16829473.0,14805037.0,8050907.0,7993721.0
3017010600,2022,2,16166837.0,14573750.0,8675235.0,7857739.0
3017010600,2022,3,15621592.0,14611975.0,7355487.0,6452439.0
3017010600,2022,4,14727671.0,14885520.0,5536358.0,4612383.5
3017010600,2022,5,14420877.0,14734171.0,3109621.0,4114420.2
3017010600,2022,6,15123486.0,15549887.0,2916523.0,3280933.2
3017010600,2022,7,17246429.0,16099412.0,2849443.0,2658536.2
3017010600,2022,8,18377577.0,16950428.0,3281711.0,2945692.5
3017010600,2022,9,16480695.0,14695815.0,3123447.0,3517029.5
3017010600,2022,10,15257777.0,15471654.0,3047355.0,3642836.2
3017010600,2022,11,14481033.0,14584658.0,3597071.0,4033108.0
3017010600,2022,12,15677700.0,15079658.0,5741095.0,6504151.0
3017010800,2022,1,3984682.0,3683330.0,4580872.0,2545075.5
3017010800,2022,2,3808817.0,3221578.8,5290086.0,4137283.0
3017010800,2022,3,3233947.0,3254728.2,4519576.0,2761749.5
3017010800,2022,4,3107537.0,3227996.8,3126178.0,3244634.5
3017010800,2022,5,3182427.0,3467214.2,1981607.0,1485991.2
3017010800,2022,6,3635209.0,3807591.5,1375772.0,1170885.2
3017010800,2022,7,4592184.0,3996270.8,1339865.0,1165388.4
3017010800,2022,8,4848978.0,4513864.0,1738981.0,1116817.8
3017010800,2022,9,4103616.0,3840328.8,1615236.0,1391560.2
3017010800,2022,10,3458095.0,3081769.0,1223814.0,1473365.5
3017010800,2022,11,3155854.0,3314708.5,1510429.0,1522630.5
3017010800,2022,12,3817175.0,3679177.0,2211828.0,2673412.0
3017010900,2022,1,2014208.0,2067671.5,4200122.0,4596189.5
3017010900,2022,2,2051482.0,2123319.2,4842536.0,4196772.5
3017010900,2022,3,1766030.0,1660093.9,4223160.0,3185320.8
3017010900,2022,4,1712957.0,1710153.0,3015811.0,1812652.4
3017010900,2022,5,1505961.0,1560492.0,1680603.0,1810155.5
3017010900,2022,6,1565996.0,1571876.8,961517.0,1031599.44
3017010900,2022,7,1877687.0,1683133.0,645450.0,563742.56
3017010900,2022,8,2163423.0,2245766.0,478999.0,590486.94
3017010900,2022,9,1873010.0,1891303.2,465634.0,521807.38
3017010900,2022,10,1529204.0,1474900.4,595939.0,764691.44
3017010900,2022,11,1522978.0,1565264.1,1272042.0,1561180.2
3017010900,2022,12,1644849.0,1774540.2,2234228.0,1768469.2
3017011000,2022,1,2947003.0,2668919.8,10521160.0,10823041.0
3017011000,2022,2,2984828.0,2673249.0,11190229.0,10646508.0
3017011000,2022,3,2590559.0,2536216.8,9334933.0,7845172.5
3017011000,2022,4,2606489.0,2475437.5,7062780.0,6719893.0
3017011000,2022,5,2348657.0,2424714.5,3713441.0,4851417.5
3017011000,2022,6,2421167.0,2461037.2,2271461.0,1996696.4
3017011000,2022,7,2884730.0,2468120.0,1412260.0,1516692.9
3017011000,2022,8,3381461.0,3138615.0,1213184.0,1467093.1
3017011000,2022,9,2998241.0,2260084.2,1146786.0,1457915.6
3017011000,2022,10,2400328.0,2297883.8,1604942.0,1660357.6
3017011000,2022,11,2400404.0,1670360.6,3508766.0,3826027.0
3017011000,2022,12,2532155.0,2566421.0,6248848.0,7607376.5
3017011100,2022,1,5887962.0,4796951.0,12906118.0,12433093.0
3017011100,2022,2,5928659.0,5436177.0,13459735.0,12502859.0
3017011100,2022,3,5087889.0,4705341.0,11322328.0,10768613.0
3017011100,2022,4,4802987.0,4560230.5,9007339.0,7143658.5
3017011100,2022,5,4230145.0,4179798.0,4807089.0,5677847.0
3017011100,2022,6,4541806.0,4412079.5,3339270.0,3097315.2
3017011100,2022,7,5594191.0,4692250.0,2526962.0,2567843.0
3017011100,2022,8,6509718.0,5978317.5,2607944.0,2461237.2
3017011100,2022,9,5681429.0,5483222.0,2037494.0,1790114.5
3017011100,2022,10,4883853.0,4303512.5,2868755.0,2088428.8
3017011100,2022,11,4744765.0,4404174.0,4920164.0,4111838.0
3017011100,2022,12,5230354.0,4560216.5,8465608.0,8839842.0
3017011200,2022,1,35213745.0,34000756.0,39818565.0,45971630.0
3017011200,2022,2,34821986.0,32516780.0,43606661.0,48149388.0
3017011200,2022,3,30716950.0,30601814.0,38051696.0,32831832.0
3017011200,2022,4,28435422.0,28348652.0,27042968.0,20449574.0
3017011200,2022,5,26839697.0,27143784.0,15633214.0,18451640.0
3017011200,2022,6,29962828.0,28042180.0,12376061.0,13439371.0
3017011200,2022,7,36249948.0,30737804.0,12264194.0,12418970.0
3017011200,2022,8,40878461.0,39759000.0,13095563.0,12950252.0
3017011200,2022,9,35213754.0,34339184.0,13998461.0,14628121.0
3017011200,2022,10,28707215.0,27083212.0,10412484.0,12313175.0
3017011200,2022,11,27372266.0,22422112.0,14266954.0,13508358.0
3017011200,2022,12,31421975.0,27378992.0,21236474.0,16116563.0
3017011300,2022,1,10119606.0,9886112.0,10194488.0,11186672.0
3017011300,2022,2,9995547.0,10406458.0,10517359.0,11433963.0
3017011300,2022,3,8661929.0,8411149.0,9594109.0,7673814.0
3017011300,2022,4,8332737.0,8237517.0,7187968.0,7503094.5
3017011300,2022,5,7544580.0,8300253.0,4535799.0,5739815.5
3017011300,2022,6,8165482.0,8583716.0,2880511.0,3307085.2
3017011300,2022,7,9770613.0,9269495.0,2809435.0,3203598.5
3017011300,2022,8,11346984.0,10399519.0,2388918.0,3087562.0
3017011300,2022,9,10174728.0,7372817.5,2626455.0,1964532.9
3017011300,2022,10,8447141.0,7283377.0,2337857.0,1742930.2
3017011300,2022,11,8255853.0,7987783.0,4245126.0,3547983.8
3017011300,2022,12,9122455.0,8931799.0,6456219.0,7771208.0
3017011400,2022,1,3264724.0,3489496.2,4760225.0,4810407.5
3017011400,2022,2,3039258.0,3523638.8,4849664.0,4836951.0
3017011400,2022,3,2763468.0,2837990.8,3922119.0,4300234.5
3017011400,2022,4,2624645.0,2822832.5,2980573.0,3144764.2
3017011400,2022,5,2573966.0,2827947.2,1619682.0,1750102.9
3017011400,2022,6,2894577.0,2715105.8,1010941.0,1119453.1
3017011400,2022,7,3605387.0,3152528.8,710276.0,921336.7
3017011400,2022,8,3749809.0,3719299.8,560366.0,729084.06
3017011400,2022,9,2994928.0,2904492.0,581038.0,840779.06
3017011400,2022,10,2783821.0,2903280.2,837730.0,1361396.9
3017011400,2022,11,2882030.0,2843876.2,1871278.0,3407998.5
3017011400,2022,12,3484068.0,2889500.2,3376966.0,3768369.8
3017011500,2022,1,6291326.0,3544760.0,1766859.0,1174998.8
3017011500,2022,2,6259116.0,3500060.8,1629108.0,1171377.1
3017011500,2022,3,5303015.0,3081728.5,1573573.0,1155218.9
3017011500,2022,4,5353670.0,3021111.8,1528397.0,1150337.1
3017011500,2022,5,4948542.0,3218384.8,1196538.0,1140006.0
3017011500,2022,6,5335728.0,3267607.8,1063832.0,951533.44
3017011500,2022,7,6256290.0,1258928.2,1092203.0,855084.4
3017011500,2022,8,7467908.0,1197019.0,1044705.0,866386.4
3017011500,2022,9,6909344.0,1197019.0,991066.0,869469.4
3017011500,2022,10,5366032.0,3403878.2,1048818.0,723920.56
3017011500,2022,11,5268569.0,3297306.5,1256897.0,946373.7
3017011500,2022,12,5795722.0,1187883.6,1523941.0,850286.9
3017011600,2022,1,11507209.0,9861365.0,31906729.0,30571176.0
3017011600,2022,2,11638684.0,9781407.0,35688656.0,34488436.0
3017011600,2022,3,9945190.0,8337459.5,28692549.0,25582666.0
3017011600,2022,4,9916915.0,8051368.5,24160598.0,22252418.0
3017011600,2022,5,9064025.0,8042743.0,13784203.0,14265896.0
3017011600,2022,6,9617352.0,9364825.0,9102562.0,7907242.5
3017011600,2022,7,11223191.0,9322520.0,7659735.0,6711480.0
3017011600,2022,8,12866827.0,10092179.0,7186382.0,6288520.0
3017011600,2022,9,11492785.0,10065319.0,7114401.0,6124519.0
3017011600,2022,10,9507358.0,9112257.0,7014774.0,5675541.5
3017011600,2022,11,9554109.0,9273464.0,11958835.0,9231859.0
3017011600,2022,12,10275945.0,9666235.0,19493745.0,20931874.0
3017011700,2022,1,430396.0,431407.66,0.0,0.0
3017011700,2022,2,410970.0,401972.03,0.0,0.0
3017011700,2022,3,316490.0,308951.47,0.0,0.0
3017011700,2022,4,290007.0,282755.62,0.0,0.0
3017011700,2022,5,229074.0,254481.86,0.0,0.0
3017011700,2022,6,242774.0,239935.89,0.0,0.0
3017011700,2022,7,292614.0,258579.6,0.0,0.0
3017011700,2022,8,319381.0,284822.06,0.0,0.0
3017011700,2022,9,261108.0,265269.34,0.0,0.0
3017011700,2022,10,242064.0,227801.4,0.0,0.0
3017011700,2022,11,295407.0,244439.06,0.0,0.0
3017011700,2022,12,398186.0,347499.25,0.0,0.0
3017011800,2022,1,73244.0,32960.37,0.0,0.0
3017011800,2022,2,73186.0,27974.73,0.0,0.0
3017011800,2022,3,61328.0,25790.8,0.0,0.0
3017011800,2022,4,62431.0,29234.34,0.0,0.0
3017011800,2022,5,56886.0,33273.566,0.0,0.0
3017011800,2022,6,56969.0,32939.77,0.0,0.0
3017011800,2022,7,55429.0,32555.582,0.0,0.0
3017011800,2022,8,58706.0,32693.758,0.0,0.0
3017011800,2022,9,48067.0,32681.432,0.0,0.0
3017011800,2022,10,21199.0,30749.682,0.0,0.0
3017011800,2022,11,24805.0,11879.753,0.0,0.0
3017011800,2022,12,32954.0,42068.426,0.0,0.0
3017011900,2022,1,115414.0,106066.766,0.0,0.0
3017011900,2022,2,112924.0,100891.91,0.0,0.0
3017011900,2022,3,88524.0,71207.89,0.0,0.0
3017011900,2022,4,77814.0,60937.81,0.0,0.0
3017011900,2022,5,49261.0,50442.777,0.0,0.0
3017011900,2022,6,35903.0,35945.875,0.0,0.0
3017011900,2022,7,39040.0,33486.367,0.0,0.0
3017011900,2022,8,43643.0,39563.117,0.0,0.0
3017011900,2022,9,35874.0,35725.664,0.0,0.0
3017011900,2022,10,45068.0,41420.426,0.0,0.0
3017011900,2022,11,71513.0,74490.05,0.0,0.0
3017011900,2022,12,94389.0,93217.53,0.0,0.0
3017012000,2022,1,620448.0,564672.56,0.0,0.0
3017012000,2022,2,612159.0,497757.62,0.0,0.0
3017012000,2022,3,439602.0,350980.03,0.0,0.0
3017012000,2022,4,373629.0,299386.75,0.0,0.0
3017012000,2022,5,274568.0,273760.84,0.0,0.0
3017012000,2022,6,235669.0,238020.14,0.0,0.0
3017012000,2022,7,244510.0,236867.42,0.0,0.0
3017012000,2022,8,266143.0,231027.16,0.0,0.0
3017012000,2022,9,236398.0,223023.53,0.0,0.0
3017012000,2022,10,287640.0,254175.7,0.0,0.0
3017012000,2022,11,396682.0,363453.2,0.0,0.0
3017012000,2022,12,499228.0,479874.22,0.0,0.0
3017012100,2022,1,75111.0,74656.18,0.0,0.0
3017012100,2022,2,72968.0,75039.48,0.0,0.0
3017012100,2022,3,53272.0,61381.332,0.0,0.0
3017012100,2022,4,44024.0,57708.785,0.0,0.0
3017012100,2022,5,31814.0,57312.754,0.0,0.0
3017012100,2022,6,31956.0,35495.77,0.0,0.0
3017012100,2022,7,38925.0,40317.863,0.0,0.0
3017012100,2022,8,42442.0,44218.492,0.0,0.0
3017012100,2022,9,33088.0,43686.34,0.0,0.0
3017012100,2022,10,37991.0,50104.48,0.0,0.0
3017012100,2022,11,49797.0,57479.242,0.0,0.0
3017012100,2022,12,70417.0,58318.88,0.0,0.0
3017012200,2022,1,181969.0,149485.1,0.0,0.0
3017012200,2022,2,173561.0,135567.52,0.0,0.0
3017012200,2022,3,132409.0,87483.2,0.0,0.0
3017012200,2022,4,112434.0,84238.17,0.0,0.0
3017012200,2022,5,72750.0,81265.46,0.0,0.0
3017012200,2022,6,52406.0,50988.863,0.0,0.0
3017012200,2022,7,54980.0,51675.04,0.0,0.0
3017012200,2022,8,61672.0,51828.727,0.0,0.0
3017012200,2022,9,52199.0,72158.08,0.0,0.0
3017012200,2022,10,65600.0,56989.773,0.0,0.0
3017012200,2022,11,103629.0,80801.086,0.0,0.0
3017012200,2022,12,149202.0,120031.76,0.0,0.0
3017012300,2022,1,186010.0,188930.62,0.0,0.0108119445
3017012300,2022,2,169432.0,195359.02,0.0,0.0108119445
3017012300,2022,3,152524.0,171913.55,0.0,0.0108119445
3017012300,2022,4,152417.0,152248.92,0.0,0.0108119445
3017012300,2022,5,135995.0,148852.53,0.0,0.0108119445
3017012300,2022,6,118361.0,111946.48,0.0,0.0108119445
3017012300,2022,7,134552.0,109436.27,0.0,0.0108119445
3017012300,2022,8,153723.0,113441.086,0.0,0.0108119445
3017012300,2022,9,141366.0,143779.31,0.0,0.0108119445
3017012300,2022,10,144402.0,152190.4,0.0,0.0108119445
3017012300,2022,11,142946.0,141072.56,0.0,0.0108119445
3017012300,2022,12,192472.0,138484.44,0.0,0.0108119445
3017012400,2022,1,12888.0,14951.18,0.0,0.13809787
3017012400,2022,2,12428.0,14960.524,0.0,0.13809787
3017012400,2022,3,9512.0,11532.423,0.0,0.004434496
3017012400,2022,4,7933.0,8946.404,0.0,0.004434496
3017012400,2022,5,5888.0,9160.497,0.0,0.004434496
3017012400,2022,6,5022.0,7244.6504,0.0,0.004434496
3017012400,2022,7,5275.0,6556.0674,0.0,0.004434496
3017012400,2022,8,5597.0,6850.8936,0.0,0.004434496
3017012400,2022,9,5321.0,8398.878,0.0,3284.2551
3017012400,2022,10,7118.0,13312.556,0.0,3284.2551
3017012400,2022,11,9258.0,14125.023,0.0,0.13809787
3017012400,2022,12,11722.0,13892.3125,0.0,0.13809787
3017012500,2022,1,6773.0,5058.568,0.0,0.0
3017012500,2022,2,6298.0,5741.4316,0.0,0.0
3017012500,2022,3,6439.0,5379.1553,0.0,0.0
3017012500,2022,4,6352.0,5062.646,0.0,0.0
3017012500,2022,5,4214.0,4857.0024,0.0,0.0
3017012500,2022,6,3814.0,3383.9905,0.0,0.0
3017012500,2022,7,4099.0,3453.8567,0.0,0.0
3017012500,2022,8,5497.0,3456.5686,0.0,0.0
3017012500,2022,9,5952.0,4631.4946,0.0,0.0
3017012500,2022,10,9033.0,5261.051,0.0,0.0
3017012500,2022,11,19159.0,5434.5864,0.0,0.0
3017012500,2022,12,14322.0,13375.31,0.0,0.0
3017012600,2022,1,7256.0,6960.2695,0.0,0.0
3017012600,2022,2,7161.0,6765.359,0.0,0.0
3017012600,2022,3,5528.0,5852.185,0.0,0.0
3017012600,2022,4,5231.0,5196.425,0.0,0.0
3017012600,2022,5,4038.0,4514.981,0.0,0.0
3017012600,2022,6,3719.0,4161.2695,0.0,0.0
3017012600,2022,7,4108.0,3668.8179,0.0,0.0
3017012600,2022,8,4651.0,4833.203,0.0,0.0
3017012600,2022,9,4252.0,5158.5454,0.0,0.0
3017012600,2022,10,4315.0,5250.374,0.0,0.0
3017012600,2022,11,5858.0,6297.3784,0.0,0.0
3017012600,2022,12,7751.0,6657.0957,0.0,0.0
3017012700,2022,1,77505.0,80050.484,37157.0,45840.684
3017012700,2022,2,74294.0,76865.36,21019.0,22477.863
3017012700,2022,3,52406.0,57059.66,18940.0,13762.305
3017012700,2022,4,44534.0,46823.953,33346.0,31371.719
3017012700,2022,5,36528.0,39090.04,33322.0,14653.242
3017012700,2022,6,38705.0,39753.586,27229.0,37854.34
3017012700,2022,7,48578.0,34770.52,30473.0,28996.54
3017012700,2022,8,51238.0,43380.203,22688.0,20976.75
3017012700,2022,9,41984.0,43601.16,9037.0,11297.31
3017012700,2022,10,35606.0,29447.488,15871.0,23146.904
3017012700,2022,11,45370.0,41654.85,24729.0,23406.004
3017012700,2022,12,61580.0,54380.176,29614.0,30758.434
3017012800,2022,1,4662820.0,4691608.5,7412944.0,8248154.0
3017012800,2022,2,4549359.0,4503304.0,7867694.0,7658087.0
3017012800,2022,3,3837937.0,3647197.2,6755099.0,5504086.0
3017012800,2022,4,3419187.0,3634571.0,5078753.0,5133561.5
3017012800,2022,5,3180950.0,3622747.5,2970384.0,3051465.0
3017012800,2022,6,3677147.0,3728801.2,2559099.0,2899162.8
3017012800,2022,7,4655959.0,3988611.5,2701469.0,2809742.2
3017012800,2022,8,5060078.0,4559798.0,2971935.0,2710126.8
3017012800,2022,9,4340852.0,4549516.5,2972039.0,2650619.2
3017012800,2022,10,3518272.0,3379877.5,2389639.0,2734324.5
3017012800,2022,11,3420091.0,2684188.0,3139605.0,3513827.5
3017012800,2022,12,4235072.0,4252842.5,5032184.0,5570219.5
3020010100,2022,1,3377094.0,2967750.2,5381222.0,5064615.5
3020010100,2022,2,3232111.0,2997554.5,5635853.0,4726716.0
3020010100,2022,3,2779706.0,2678387.5,4499792.0,3732902.2
3020010100,2022,4,2681904.0,2500680.0,3443802.0,3262266.8
3020010100,2022,5,2474338.0,2458390.2,1956828.0,2050068.1
3020010100,2022,6,2639588.0,2595112.8,1367271.0,1274669.5
3020010100,2022,7,3263403.0,2633534.5,1099976.0,1118445.6
3020010100,2022,8,3626202.0,3013096.5,1018591.0,1117882.4
3020010100,2022,9,3098100.0,2751770.0,1036761.0,1095431.1
3020010100,2022,10,2646255.0,2598776.5,1204844.0,1578957.5
3020010100,2022,11,2685502.0,2548733.0,2157681.0,2513268.8
3020010100,2022,12,3058247.0,2659056.0,3510589.0,3582385.2
3020010200,2022,1,653019.0,662191.94,2333621.0,2342218.5
3020010200,2022,2,642661.0,596639.94,2224926.0,1856545.9
3020010200,2022,3,534557.0,541373.56,1755018.0,1533596.4
3020010200,2022,4,535376.0,509493.16,1258143.0,922168.06
3020010200,2022,5,465416.0,479471.4,630129.0,732203.7
3020010200,2022,6,489377.0,484227.3,386027.0,450221.22
3020010200,2022,7,566614.0,511383.0,278407.0,350297.8
3020010200,2022,8,661465.0,711267.1,268257.0,331534.8
3020010200,2022,9,617682.0,425403.22,280594.0,269060.7
3020010200,2022,10,494845.0,393959.16,411096.0,441084.7
3020010200,2022,11,524104.0,502555.1,879197.0,961420.3
3020010200,2022,12,595931.0,575851.0,1579256.0,1688278.2
3020010300,2022,1,2691343.0,2605088.8,3529846.0,3066430.0
3020010300,2022,2,2558813.0,2530408.5,3870594.0,4235818.5
3020010300,2022,3,2046502.0,2121688.5,3412659.0,2435974.8
3020010300,2022,4,1929094.0,1890851.0,2786765.0,2200906.0
3020010300,2022,5,1645154.0,1831972.2,1444178.0,1889511.0
3020010300,2022,6,1803666.0,1910018.6,981340.0,1546044.1
3020010300,2022,7,2219880.0,1923083.0,959168.0,994611.6
3020010300,2022,8,2743636.0,2163394.5,1006001.0,975923.6
3020010300,2022,9,2388389.0,2142479.8,1018243.0,928433.5
3020010300,2022,10,2056380.0,1894794.0,796329.0,994169.75
3020010300,2022,11,2254411.0,1757325.1,1132677.0,1539032.9
3020010300,2022,12,2736809.0,2049675.6,1908740.0,1975316.1
3020010400,2022,1,544496.0,403023.78,295604.0,160276.72
3020010400,2022,2,520770.0,381951.44,270906.0,157891.02
3020010400,2022,3,412793.0,281928.2,252448.0,148557.58
3020010400,2022,4,366882.0,214184.78,220778.0,122947.32
3020010400,2022,5,307662.0,213119.6,133164.0,116228.53
3020010400,2022,6,352813.0,297614.53,106760.0,99242.15
3020010400,2022,7,532128.0,311067.72,86199.0,86153.47
3020010400,2022,8,570745.0,348710.25,66167.0,144690.06
3020010400,2022,9,484124.0,308360.72,70556.0,68509.734
3020010400,2022,10,413359.0,296123.06,94698.0,102989.664
3020010400,2022,11,430662.0,293568.3,171120.0,166196.95
3020010400,2022,12,527639.0,357088.62,230273.0,175315.31
3020010500,2022,1,55672.0,56618.395,115645.0,74711.875
3020010500,2022,2,49903.0,55942.438,111903.0,75917.41
3020010500,2022,3,38254.0,49645.5,93858.0,67746.18
3020010500,2022,4,34982.0,54192.867,75852.0,64253.06
3020010500,2022,5,28848.0,53711.215,0.0,63861.03
3020010500,2022,6,30751.0,58840.023,66682.0,9552.041
3020010500,2022,7,39036.0,60156.08,29773.0,63443.492
3020010500,2022,8,93671.0,61486.227,29441.0,30266.09
3020010500,2022,9,70001.0,74012.45,32637.0,30433.793
3020010500,2022,10,60705.0,73253.234,32242.0,32184.043
3020010500,2022,11,82762.0,59512.316,53375.0,31803.68
3020010500,2022,12,115928.0,72707.984,79865.0,74184.48
3020010600,2022,1,182090.0,114951.52,204965.0,228036.8
3020010600,2022,2,116118.0,130041.836,63038.0,75772.9
3020010600,2022,3,102829.0,101618.6,183488.0,202745.44
3020010600,2022,4,107376.0,104657.19,71727.0,47706.543
3020010600,2022,5,95907.0,102560.3,176353.0,180324.78
3020010600,2022,6,105261.0,100914.88,40852.0,45654.598
3020010600,2022,7,148345.0,114733.77,144824.0,188389.73
3020010600,2022,8,158519.0,103375.08,102159.0,42561.59
3020010600,2022,9,122219.0,106356.63,92145.0,112951.32
3020010600,2022,10,116289.0,114790.39,90102.0,47468.91
3020010600,2022,11,115904.0,120908.64,135137.0,203175.42
3020010600,2022,12,150914.0,116380.84,126611.0,69568.39
3020010700,2022,1,28762.0,13971.002,0.0,0.0
3020010700,2022,2,27586.0,22011.99,0.0,0.0
3020010700,2022,3,19149.0,23036.512,0.0,0.0
3020010700,2022,4,15484.0,19965.79,0.0,0.0
3020010700,2022,5,15940.0,13847.61,0.0,0.0
3020010700,2022,6,15563.0,13340.275,0.0,0.0
3020010700,2022,7,17503.0,13603.596,0.0,0.0
3020010700,2022,8,18317.0,16499.703,0.0,0.0
3020010700,2022,9,15457.0,15561.485,0.0,0.0
3020010700,2022,10,14381.0,13437.339,0.0,0.0
3020010700,2022,11,16842.0,14493.831,0.0,0.0
3020010700,2022,12,24306.0,15816.233,0.0,0.0
3020010800,2022,1,14372.0,10389.563,0.0,0.0
3020010800,2022,2,13468.0,13093.397,0.0,0.0
3020010800,2022,3,8460.0,13093.397,0.0,0.0
3020010800,2022,4,7050.0,7492.1436,0.0,0.0
3020010800,2022,5,5606.0,7492.1436,0.0,0.0
3020010800,2022,6,5369.0,7690.332,0.0,0.0
3020010800,2022,7,7531.0,7792.6836,0.0,0.0
3020010800,2022,8,7555.0,7487.1724,0.0,0.0
3020010800,2022,9,6537.0,10410.772,0.0,0.0
3020010800,2022,10,8956.0,20941.236,0.0,0.0
3020010800,2022,11,10799.0,10748.606,0.0,0.0
3020010800,2022,12,14420.0,9960.224,0.0,0.0
3020010900,2022,1,75525.0,75012.55,0.0,0.0
3020010900,2022,2,71705.0,61375.574,0.0,0.0
3020010900,2022,3,58771.0,61883.68,0.0,0.0
3020010900,2022,4,56294.0,47002.277,0.0,0.0
3020010900,2022,5,41381.0,39219.797,0.0,0.0
3020010900,2022,6,36290.0,30739.965,0.0,0.0
3020010900,2022,7,37756.0,31190.775,0.0,0.0
3020010900,2022,8,39103.0,37634.97,0.0,0.0
3020010900,2022,9,33505.0,32838.8,0.0,0.0
3020010900,2022,10,41453.0,38003.55,0.0,0.0
3020010900,2022,11,55860.0,61288.484,0.0,0.0
3020010900,2022,12,72195.0,61175.117,0.0,0.0
3020011000,2022,1,119290.0,104450.48,55941.0,40105.76
3020011000,2022,2,111554.0,100342.164,49950.0,41389.777
3020011000,2022,3,86639.0,85825.266,43006.0,39006.023
3020011000,2022,4,85104.0,80186.805,38742.0,38127.168
3020011000,2022,5,80544.0,79966.9,30511.0,31390.82
3020011000,2022,6,89228.0,88237.25,21994.0,32904.438
3020011000,2022,7,106906.0,103430.695,18251.0,33462.85
3020011000,2022,8,114049.0,97305.266,21284.0,18092.486
3020011000,2022,9,100413.0,92026.37,11331.0,33087.527
3020011000,2022,10,91099.0,77493.25,25784.0,24183.79
3020011000,2022,11,95277.0,81829.33,32265.0,40270.05
3020011000,2022,12,118102.0,103039.69,35889.0,42409.69
3020011100,2022,1,15029317.0,14144105.0,13700844.0,13133339.0
3020011100,2022,2,14436944.0,13984139.0,14396779.0,13706744.0
3020011100,2022,3,11992663.0,11405508.0,12369295.0,12695596.0
3020011100,2022,4,11340995.0,11276269.0,9417306.0,7523576.0
3020011100,2022,5,10757073.0,11359745.0,6492357.0,7100882.5
3020011100,2022,6,12743065.0,11940767.0,5006912.0,5088725.0
3020011100,2022,7,16021532.0,13473678.0,4446508.0,4777767.5
3020011100,2022,8,17356160.0,14143874.0,4230213.0,4364815.0
3020011100,2022,9,14626278.0,10885708.0,4320071.0,4480204.0
3020011100,2022,10,12566833.0,11285808.0,4985208.0,4201493.5
3020011100,2022,11,12292790.0,11968656.0,6866314.0,5423909.5
3020011100,2022,12,14695918.0,13788499.0,10463060.0,10913424.0
3020011200,2022,1,1657965.0,1211768.2,870384.0,976663.4
3020011200,2022,2,1623841.0,1105830.1,873372.0,547177.3
3020011200,2022,3,1358726.0,1066295.9,780840.0,567450.7
3020011200,2022,4,1255125.0,1089591.8,590050.0,551869.7
3020011200,2022,5,1110768.0,1030338.56,330866.0,466357.38
3020011200,2022,6,1230094.0,1141976.5,277955.0,385858.28
3020011200,2022,7,1518875.0,1210707.1,312439.0,332531.6
3020011200,2022,8,1584887.0,1133165.2,336120.0,293286.3
3020011200,2022,9,1362747.0,1098398.5,284039.0,349713.22
3020011200,2022,10,1255949.0,1066365.1,294157.0,380126.44
3020011200,2022,11,1264304.0,1138252.2,458884.0,362231.9
3020011200,2022,12,1478254.0,1141553.9,655430.0,496440.6
3020011300,2022,1,1483058.0,1309513.4,1992385.0,1440251.4
3020011300,2022,2,1451296.0,1395305.8,1346136.0,1431863.5
3020011300,2022,3,1222761.0,1435436.9,1868508.0,1068278.2
3020011300,2022,4,1207698.0,1162276.2,1961773.0,1253857.9
3020011300,2022,5,1073319.0,1077823.1,618933.0,1279981.5
3020011300,2022,6,1158713.0,1152297.9,1195801.0,645162.3
3020011300,2022,7,1399274.0,922896.75,1224243.0,626715.5
3020011300,2022,8,1519743.0,1387372.9,1257654.0,718842.06
3020011300,2022,9,1290658.0,1506039.4,1318164.0,611566.56
3020011300,2022,10,1241732.0,1213526.9,1094837.0,907963.9
3020011300,2022,11,1308778.0,1268719.0,1016944.0,936803.1
3020011300,2022,12,1468075.0,1269166.9,1534847.0,1338294.1
3020011400,2022,1,2398979.0,1692809.5,596579.0,509714.1
3020011400,2022,2,2343466.0,2218374.8,777571.0,633159.7
3020011400,2022,3,2045396.0,1655599.9,658168.0,509961.6
3020011400,2022,4,2016265.0,2133628.8,674291.0,630850.5
3020011400,2022,5,1898029.0,2011656.8,443941.0,605207.06
3020011400,2022,6,2054122.0,1959791.4,470198.0,455094.56
3020011400,2022,7,2443785.0,2278289.5,504681.0,371675.7
3020011400,2022,8,2725728.0,2654873.2,624106.0,465132.38
3020011400,2022,9,2446068.0,2565459.0,521566.0,464737.6
3020011400,2022,10,2049817.0,2176185.0,530824.0,512510.78
3020011400,2022,11,2006483.0,1794572.6,401705.0,526812.1
3020011400,2022,12,2243503.0,2031529.1,628962.0,511508.5
3020011500,2022,1,3052884.0,2877517.2,1349019.0,517796.56
3020011500,2022,2,3086582.0,3445271.0,1413553.0,769129.44
3020011500,2022,3,2701421.0,2679259.8,1071372.0,521112.94
3020011500,2022,4,2771802.0,2608707.0,1199276.0,595504.4
3020011500,2022,5,2530393.0,2595463.2,672797.0,503114.44
3020011500,2022,6,2665194.0,2595475.5,665324.0,500064.75
3020011500,2022,7,3198268.0,1273868.2,561120.0,372396.47
3020011500,2022,8,3915933.0,1263735.0,643411.0,383101.7
3020011500,2022,9,3664003.0,488702.44,440987.0,261058.27
3020011500,2022,10,3323562.0,1236060.0,693734.0,414514.3
3020011500,2022,11,3251171.0,1216286.1,652833.0,359756.0
3020011500,2022,12,3350353.0,2718632.2,1074655.0,473011.03
3020011600,2022,1,596022.0,470555.38,83882.0,92796.72
3020011600,2022,2,552526.0,193064.14,89461.0,92796.72
3020011600,2022,3,454085.0,193064.14,91598.0,92796.72
3020011600,2022,4,363655.0,195444.92,82444.0,92796.72
3020011600,2022,5,322689.0,464269.38,39694.0,92796.72
3020011600,2022,6,348841.0,405511.0,105593.0,92683.17
3020011600,2022,7,435523.0,463986.2,84402.0,92683.17
3020011600,2022,8,439831.0,506613.56,104191.0,92683.17
3020011600,2022,9,345353.0,456886.56,112022.0,92796.72
3020011600,2022,10,302531.0,499130.8,97631.0,92796.72
3020011600,2022,11,333243.0,404704.8,9709066.0,92683.17
3020011600,2022,12,494609.0,481657.75,52680.0,65710.92
3020011700,2022,1,2853913.0,2719709.0,4312557.0,4224928.0
3020011700,2022,2,2787425.0,2674227.5,4626665.0,3762024.2
3020011700,2022,3,2339202.0,2234429.8,3749233.0,3239499.5
3020011700,2022,4,2213730.0,2223459.5,2754734.0,2641294.8
3020011700,2022,5,1945626.0,2027600.5,1423979.0,1701223.5
3020011700,2022,6,2113950.0,2104033.2,933220.0,1009134.3
3020011700,2022,7,2596542.0,2289143.0,776324.0,801144.44
3020011700,2022,8,2882185.0,2636296.5,655336.0,804156.06
3020011700,2022,9,2476277.0,2559209.2,631003.0,537634.75
3020011700,2022,10,2215791.0,1776111.9,921487.0,748347.3
3020011700,2022,11,2230412.0,2124409.8,1809801.0,1474156.4
3020011700,2022,12,2586719.0,2532914.5,2987449.0,3047498.0
3020011800,2022,1,211063.0,188775.62,82658.0,52042.363
3020011800,2022,2,205281.0,182947.56,75856.0,41919.13
3020011800,2022,3,167466.0,190159.1,65639.0,44762.535
3020011800,2022,4,142118.0,172456.9,63099.0,48984.98
3020011800,2022,5,119185.0,165274.83,55258.0,51059.53
3020011800,2022,6,134197.0,154274.89,52331.0,43668.09
3020011800,2022,7,206943.0,176230.0,47350.0,43173.36
3020011800,2022,8,214126.0,189588.78,46025.0,40528.992
3020011800,2022,9,178037.0,170682.12,46124.0,44379.082
3020011800,2022,10,211945.0,143868.02,42371.0,50110.41
3020011800,2022,11,250942.0,156765.69,51952.0,54321.7
3020011800,2022,12,426018.0,190154.77,77451.0,56981.375
3020011900,2022,1,4154534.0,3855787.0,6740106.0,6080385.0
3020011900,2022,2,3979206.0,3624107.2,6516509.0,6775144.5
3020011900,2022,3,3464846.0,3268945.0,5225260.0,4609096.5
3020011900,2022,4,3300589.0,3092190.5,3972145.0,3724750.0
3020011900,2022,5,3119197.0,2976532.2,2113717.0,2188369.0
3020011900,2022,6,3459876.0,3153601.8,1438547.0,1338209.0
3020011900,2022,7,4160205.0,3568762.5,1136243.0,1200684.8
3020011900,2022,8,4529675.0,4108277.8,993310.0,1001394.8
3020011900,2022,9,3816764.0,3938541.2,1068174.0,931229.94
3020011900,2022,10,3251267.0,3052986.2,1434246.0,1224021.9
3020011900,2022,11,3331611.0,3079213.8,2735113.0,2830968.0
3020011900,2022,12,3786601.0,3492520.8,4835984.0,4627762.5
3020012000,2022,1,11376176.0,9120647.0,14251609.0,12903027.0
3020012000,2022,2,11058143.0,8526611.0,14259150.0,12584942.0
3020012000,2022,3,9276255.0,6621331.0,11565755.0,9784668.0
3020012000,2022,4,9004303.0,8175718.5,8835900.0,8141454.0
3020012000,2022,5,8387124.0,8987973.0,5053775.0,5990029.5
3020012000,2022,6,9172533.0,9008898.0,3572910.0,3461287.0
3020012000,2022,7,11252151.0,9794067.0,2933434.0,3022433.2
3020012000,2022,8,12518640.0,9401698.0,2902669.0,3389219.2
3020012000,2022,9,10415315.0,6762555.5,2893046.0,1625262.5
3020012000,2022,10,8897962.0,8020852.0,3617672.0,1351251.5
3020012000,2022,11,9136890.0,9095505.0,6215544.0,6509117.5
3020012000,2022,12,10703396.0,9701885.0,10366589.0,5621831.0
3020012100,2022,1,4551710.0,4548333.5,7210463.0,5119766.5
3020012100,2022,2,4245027.0,4278276.0,7683599.0,4787527.0
3020012100,2022,3,3764383.0,4023842.0,6064085.0,4285415.5
3020012100,2022,4,3561939.0,3690643.0,4573662.0,3336032.5
3020012100,2022,5,3319769.0,3561543.2,2343352.0,3232246.2
3020012100,2022,6,3647532.0,3681424.0,1828320.0,2297191.2
3020012100,2022,7,4460081.0,4624073.0,1657712.0,1593443.8
3020012100,2022,8,4663458.0,5312476.0,1523405.0,1480063.6
3020012100,2022,9,4141983.0,5094553.0,1457641.0,1450479.4
3020012100,2022,10,3607291.0,4011333.2,1583006.0,1706881.1
3020012100,2022,11,3564291.0,3896555.0,2616484.0,1908583.4
3020012100,2022,12,4270642.0,4055938.0,4485892.0,3258360.5
3020012200,2022,1,1906031.0,1890434.6,9825795.0,7705440.0
3020012200,2022,2,1862876.0,1928753.6,7871433.0,7666515.5
3020012200,2022,3,1570096.0,1429106.1,7251010.0,3930988.8
3020012200,2022,4,1450195.0,1339420.5,4944808.0,3563056.0
3020012200,2022,5,1387358.0,1352216.2,1858408.0,2064335.0
3020012200,2022,6,1606890.0,1699855.6,1606580.0,2288419.0
3020012200,2022,7,1952511.0,2064957.1,876238.0,2382295.0
3020012200,2022,8,2082198.0,1897993.1,3007436.0,3325574.2
3020012200,2022,9,1780006.0,1909217.8,2993289.0,2740276.2
3020012200,2022,10,1561906.0,1338746.0,2289394.0,2372335.0
3020012200,2022,11,1451903.0,1340773.2,2058840.0,1576388.6
3020012200,2022,12,1692209.0,1619705.9,3809228.0,2913048.5
3020012300,2022,1,8868605.0,7638340.5,3021344.0,3254651.2
3020012300,2022,2,8298423.0,7915166.5,3881850.0,3998422.8
3020012300,2022,3,11430275.0,8182500.0,3397067.0,3040997.8
3020012300,2022,4,12516305.0,11191795.0,1883100.0,1799009.0
3020012300,2022,5,13668057.0,12931793.0,1207932.0,1169559.6
3020012300,2022,6,14417709.0,13204236.0,1000407.0,1084067.4
3020012300,2022,7,15787575.0,12610368.0,1485503.0,1849101.6
3020012300,2022,8,9090253.0,13398323.0,1687558.0,2191002.0
3020012300,2022,9,8085746.0,6214509.0,2085607.0,2162004.0
3020012300,2022,10,7514129.0,6258654.5,1127086.0,1665807.5
3020012300,2022,11,7153348.0,7236423.0,812397.0,1603352.8
3020012300,2022,12,7915754.0,7604422.5,1275357.0,1819310.5
3020012400,2022,1,1354558.0,1212499.0,824729.0,620198.44
3020012400,2022,2,1178754.0,1094895.4,898144.0,1196388.8
3020012400,2022,3,1038124.0,886959.5,867250.0,581739.44
3020012400,2022,4,850485.0,885026.9,548282.0,513389.8
3020012400,2022,5,906725.0,850816.25,189399.0,485441.38
3020012400,2022,6,1212120.0,909849.25,103879.0,128714.24
3020012400,2022,7,1428446.0,1210287.6,373479.0,453929.3
3020012400,2022,8,1404791.0,1198434.5,427547.0,630053.8
3020012400,2022,9,1122349.0,1041464.6,455103.0,499891.28
3020012400,2022,10,942618.0,899943.1,242180.0,520759.88
3020012400,2022,11,990470.0,911207.7,124651.0,286411.88
3020012400,2022,12,1400377.0,1179025.6,431671.0,468797.1
3020012500,2022,1,1734594.0,1613718.9,7153266.0,6583714.0
3020012500,2022,2,1634115.0,1668819.5,7267434.0,7114683.0
3020012500,2022,3,1398575.0,1255140.2,6976268.0,6344392.0
3020012500,2022,4,1277412.0,1229465.0,4529106.0,3797232.0
3020012500,2022,5,1307391.0,1205359.0,2536166.0,3375310.0
3020012500,2022,6,1433253.0,1107708.9,1632236.0,909249.1
3020012500,2022,7,1944671.0,1848195.0,1147028.0,1196655.6
3020012500,2022,8,2343743.0,1995952.1,943625.0,1044824.0
3020012500,2022,9,1799744.0,1129045.0,1121821.0,1241290.1
3020012500,2022,10,1549529.0,1054154.1,1035467.0,2000984.4
3020012500,2022,11,1615121.0,1372040.2,2426285.0,3332842.8
3020012500,2022,12,1965429.0,1599262.2,3951669.0,3900438.2
3020012600,2022,1,3939953.0,3772202.8,1942959.0,1987615.0
3020012600,2022,2,3547580.0,3908288.2,2552708.0,2256185.0
3020012600,2022,3,3613645.0,3282601.2,2311014.0,2173032.5
3020012600,2022,4,3486918.0,3268637.2,1286739.0,1002727.3
3020012600,2022,5,3648191.0,3420143.5,749724.0,678374.0
3020012600,2022,6,3980585.0,3710231.5,934114.0,644447.44
3020012600,2022,7,4378441.0,4199007.0,1485696.0,1289288.9
3020012600,2022,8,4079675.0,4247038.0,2069209.0,2391024.8
3020012600,2022,9,3745098.0,3819950.2,2172770.0,2236162.5
3020012600,2022,10,3330215.0,3226996.0,1275104.0,832083.4
3020012600,2022,11,3322337.0,3403672.2,702539.0,634226.3
3020012600,2022,12,3670817.0,3501443.2,1129554.0,1212036.2
3020012700,2022,1,12702206.0,7554247.0,10527339.0,8841718.0
3020012700,2022,2,11113693.0,7646852.0,12014907.0,9071149.0
3020012700,2022,3,10096611.0,7497087.0,10092522.0,9005996.0
3020012700,2022,4,9772157.0,7405773.5,8855521.0,6780198.5
3020012700,2022,5,10365696.0,7879980.5,5328440.0,6759991.0
3020012700,2022,6,11749069.0,8296762.5,5120708.0,5538298.0
3020012700,2022,7,14427425.0,10123858.0,7350645.0,4722922.0
3020012700,2022,8,14846299.0,9932852.0,9092042.0,6054464.0
3020012700,2022,9,12458375.0,9932852.0,8719238.0,6726006.0
3020012700,2022,10,11749945.0,7420947.5,7015119.0,6616621.5
3020012700,2022,11,10659449.0,7739183.5,6367340.0,5566407.5
3020012700,2022,12,12135033.0,8077356.0,8322402.0,8431227.0
3020012800,2022,1,8196446.0,7562305.0,4942819.0,4683583.0
3020012800,2022,2,7343568.0,7306060.5,5670624.0,5631358.5
3020012800,2022,3,6988490.0,7198579.5,4556368.0,4320897.0
3020012800,2022,4,6153235.0,6143484.5,3674697.0,2121276.8
3020012800,2022,5,6443984.0,6386805.5,1503548.0,2519523.8
3020012800,2022,6,7501377.0,7512688.0,1091844.0,1740553.9
3020012800,2022,7,8951611.0,7792918.5,1881925.0,2033028.4
3020012800,2022,8,9287155.0,8165787.0,2829870.0,1999974.9
3020012800,2022,9,7855087.0,7970787.5,2833959.0,1900314.4
3020012800,2022,10,6930821.0,7958179.5,1373107.0,2429864.8
3020012800,2022,11,7091131.0,7365917.5,1291132.0,2566193.5
3020012800,2022,12,8998091.0,7514170.5,2191175.0,2023013.1
3020012900,2022,1,35473.0,22545.902,188203.0,171966.28
3020012900,2022,2,35425.0,23164.793,222195.0,157086.83
3020012900,2022,3,26336.0,22601.379,249329.0,114640.77
3020012900,2022,4,21671.0,23949.693,154335.0,114931.555
3020012900,2022,5,16092.0,22933.748,76083.0,102492.69
3020012900,2022,6,18942.0,23407.682,101509.0,59246.062
3020012900,2022,7,23362.0,17830.965,82348.0,100255.89
3020012900,2022,8,16562.0,17422.979,106889.0,55564.953
3020012900,2022,9,13661.0,17210.955,121781.0,86121.49
3020012900,2022,10,11860.0,16970.434,87761.0,110461.766
3020012900,2022,11,12435.0,23187.602,73145.0,57977.426
3020012900,2022,12,19479.0,32312.227,76079.0,62684.15
3020013000,2022,1,1159620.0,1171524.6,1828520.0,1977834.8
3020013000,2022,2,1132969.0,1098623.6,2169404.0,2113687.5
3020013000,2022,3,939561.0,963628.6,2091857.0,1508070.6
3020013000,2022,4,913098.0,915708.56,1478718.0,1371397.4
3020013000,2022,5,768643.0,782052.4,636409.0,868290.2
3020013000,2022,6,911965.0,920732.25,462690.0,434949.84
3020013000,2022,7,1103022.0,1001723.75,620923.0,827971.3
3020013000,2022,8,1145670.0,1140834.5,953630.0,971909.25
3020013000,2022,9,1059276.0,918877.3,915051.0,1121981.6
3020013000,2022,10,915748.0,937420.1,495268.0,749802.25
3020013000,2022,11,861424.0,1015010.06,556311.0,562099.3
3020013000,2022,12,1012333.0,1085768.5,1063801.0,1154117.8
3020013100,2022,1,3486600.0,3201927.0,3233652.0,3111347.2
3020013100,2022,2,3386875.0,2767804.2,3606829.0,2994946.5
3020013100,2022,3,3303976.0,2807543.0,2976064.0,2313068.2
3020013100,2022,4,2628930.0,2626714.2,1970394.0,1773791.9
3020013100,2022,5,2266799.0,2842222.5,259476.0,250943.12
3020013100,2022,6,2664199.0,3498313.8,225334.0,249298.34
3020013100,2022,7,4032606.0,3308436.5,1208821.0,933460.94
3020013100,2022,8,3292214.0,3703164.8,2626055.0,2054764.2
3020013100,2022,9,2550021.0,2717988.0,2334143.0,2482726.8
3020013100,2022,10,2273164.0,2552596.5,1190212.0,1290399.1
3020013100,2022,11,2907212.0,3001973.2,195812.0,1180116.1
3020013100,2022,12,3273016.0,3110596.2,1085216.0,1271547.8
3020013200,2022,1,2058023.0,1948045.2,5838272.0,5727931.0
3020013200,2022,2,2008094.0,1826067.2,5845669.0,5426705.0
3020013200,2022,3,1731600.0,1364556.8,4818130.0,4360952.0
3020013200,2022,4,1710075.0,1390448.0,3670049.0,3896856.5
3020013200,2022,5,1579203.0,1799704.5,1958581.0,2275271.5
3020013200,2022,6,1699519.0,1772676.5,1264009.0,1396789.5
3020013200,2022,7,2046117.0,1830838.0,1069085.0,1084711.8
3020013200,2022,8,2295988.0,1877076.1,980746.0,1070889.9
3020013200,2022,9,1950673.0,807094.75,1085580.0,781755.56
3020013200,2022,10,1592674.0,1233552.4,1137397.0,4392562.5
3020013200,2022,11,1638748.0,1539279.6,2200991.0,4445710.5
3020013200,2022,12,1842436.0,1806559.4,3865260.0,4311431.5
3020013300,2022,1,333930.0,340651.72,2749434.0,2549875.8
3020013300,2022,2,315776.0,361394.06,3409861.0,2741780.2
3020013300,2022,3,278024.0,298262.03,3247883.0,2605044.8
3020013300,2022,4,267726.0,269570.4,2245237.0,1946687.2
3020013300,2022,5,250149.0,269545.53,1321219.0,1160417.1
3020013300,2022,6,302516.0,163618.97,838435.0,768493.1
3020013300,2022,7,467058.0,349185.8,542941.0,516783.3
3020013300,2022,8,769789.0,349691.34,479693.0,483031.2
3020013300,2022,9,526261.0,260227.31,436431.0,426763.84
3020013300,2022,10,446698.0,493831.1,432924.0,406663.06
3020013300,2022,11,490683.0,250134.28,873129.0,562567.7
3020013300,2022,12,572185.0,542979.5,1467023.0,725507.9
3020013400,2022,1,706403.0,699547.75,2039551.0,1416784.2
3020013400,2022,2,690597.0,637651.1,2379603.0,1512030.1
3020013400,2022,3,710454.0,625484.0,2110690.0,1201665.4
3020013400,2022,4,692970.0,636596.06,2442619.0,844230.25
3020013400,2022,5,693349.0,680730.75,1225069.0,843678.44
3020013400,2022,6,768578.0,707172.2,795843.0,760825.06
3020013400,2022,7,842593.0,835763.7,651439.0,1248806.2
3020013400,2022,8,806113.0,902829.3,544779.0,325427.75
3020013400,2022,9,737166.0,781056.2,529612.0,220326.36
3020013400,2022,10,685663.0,794583.1,578560.0,334093.6
3020013400,2022,11,644911.0,683797.0,719492.0,316348.03
3020013400,2022,12,688228.0,687791.2,1303381.0,275061.94
3020013500,2022,1,289991.0,251227.23,1540147.0,1279918.9
3020013500,2022,2,262944.0,244674.11,1523899.0,1421326.0
3020013500,2022,3,240976.0,226223.66,1393199.0,1413426.5
3020013500,2022,4,219749.0,216105.66,1071178.0,1118100.0
3020013500,2022,5,203592.0,186955.12,646172.0,507227.7
3020013500,2022,6,237300.0,197675.25,352633.0,374050.88
3020013500,2022,7,340308.0,252974.72,236361.0,306250.53
3020013500,2022,8,358897.0,225083.06,198369.0,160072.06
3020013500,2022,9,251858.0,209248.72,166470.0,179216.05
3020013500,2022,10,221418.0,228600.17,211776.0,346414.0
3020013500,2022,11,230941.0,204650.58,470790.0,444591.6
3020013500,2022,12,278790.0,229488.1,733045.0,843104.5
3020013600,2022,1,0.0,0.0,1851344.0,1902792.8
3020013600,2022,2,0.0,0.0,2308134.0,2009960.2
3020013600,2022,3,0.0,0.0,2075987.0,1906902.5
3020013600,2022,4,0.0,0.0,1196732.0,1118484.6
3020013600,2022,5,0.0,0.0,4601.0,560588.0
3020013600,2022,6,0.0,0.0,417228.0,603030.56
3020013600,2022,7,0.0,0.0,470383.0,533415.44
3020013600,2022,8,0.0,0.0,671803.0,528277.6
3020013600,2022,9,0.0,0.0,707723.0,1015425.1
3020013600,2022,10,0.0,0.0,424963.0,368668.28
3020013600,2022,11,0.0,0.0,426328.0,719309.56
3020013600,2022,12,0.0,0.0,652197.0,1262818.2
3020013700,2022,1,121361.0,80778.92,0.0,0.0
3020013700,2022,2,113272.0,87191.82,0.0,0.0
3020013700,2022,3,88291.0,99770.016,0.0,0.0
3020013700,2022,4,75727.0,85124.01,0.0,0.0
3020013700,2022,5,57530.0,69415.86,0.0,0.0
3020013700,2022,6,55393.0,51975.52,0.0,0.0
3020013700,2022,7,62278.0,53970.098,0.0,0.0
3020013700,2022,8,61853.0,69343.97,0.0,0.0
3020013700,2022,9,58057.0,66583.586,0.0,0.0
3020013700,2022,10,60074.0,68122.375,0.0,0.0
3020013700,2022,11,79290.0,70157.35,0.0,0.0
3020013700,2022,12,101474.0,87898.53,0.0,0.0
3020013800,2022,1,496176.0,431065.94,7229.0,18949.111
3020013800,2022,2,446899.0,401859.38,7525.0,17203.533
3020013800,2022,3,398597.0,386174.12,7627.0,8852.984
3020013800,2022,4,350829.0,385269.2,7143.0,8852.984
3020013800,2022,5,332857.0,377926.2,7085.0,23773.05
3020013800,2022,6,339787.0,379035.5,8679.0,23636.613
3020013800,2022,7,396596.0,380080.0,8519.0,21993.082
3020013800,2022,8,400557.0,384658.06,7887.0,18768.662
3020013800,2022,9,340472.0,372684.94,7670.0,18475.477
3020013800,2022,10,328983.0,376011.3,6181.0,19608.682
3020013800,2022,11,367425.0,381331.3,8368.0,15042.43
3020013800,2022,12,503285.0,396177.0,9085.0,23445.816
3020013900,2022,1,3574546.0,2996794.2,7382444.0,6661450.5
3020013900,2022,2,3413847.0,2843116.8,7599113.0,7017927.0
3020013900,2022,3,2796833.0,2486669.8,6512294.0,5294147.5
3020013900,2022,4,2688411.0,2412149.2,4983866.0,4557235.0
3020013900,2022,5,2434595.0,2558533.5,2821394.0,2531818.2
3020013900,2022,6,2665185.0,2285620.8,1858926.0,1502632.6
3020013900,2022,7,3313996.0,2352925.5,1547934.0,1142134.8
3020013900,2022,8,3634588.0,3175694.8,1439010.0,1443012.6
3020013900,2022,9,3097301.0,2571367.5,1372039.0,1551023.6
3020013900,2022,10,2510645.0,2255298.0,1669919.0,1832220.1
3020013900,2022,11,2629158.0,2671176.2,2802795.0,2597442.5
3020013900,2022,12,3155758.0,2871970.5,4698690.0,5081034.5
3020014000,2022,1,3009351.0,2410863.5,4282448.0,4173679.0
3020014000,2022,2,2681481.0,2320452.2,4830107.0,4949631.5
3020014000,2022,3,2377715.0,2262668.2,4309209.0,4694658.5
3020014000,2022,4,2145083.0,2105233.5,3086896.0,2299485.0
3020014000,2022,5,2057521.0,2137195.8,1731347.0,2083835.5
3020014000,2022,6,2362011.0,2198244.2,1396943.0,1783247.4
3020014000,2022,7,2954579.0,2632235.5,2100265.0,1981366.4
3020014000,2022,8,3010599.0,2591571.0,2451180.0,1790884.4
3020014000,2022,9,2641277.0,2248807.0,2385248.0,2227440.8
3020014000,2022,10,2230921.0,10407629.0,1787082.0,1873292.0
3020014000,2022,11,2204538.0,10407629.0,1491325.0,2235661.2
3020014000,2022,12,2819360.0,10407629.0,1905429.0,1900158.2
3020014100,2022,1,3822457.0,3682845.8,4872686.0,4883844.5
3020014100,2022,2,3659411.0,3338431.2,5681117.0,5628455.0
3020014100,2022,3,3194728.0,3735680.2,5263625.0,9748686.0
3020014100,2022,4,4642299.0,3921130.8,10137011.0,8833077.0
3020014100,2022,5,4384451.0,3764062.5,6635995.0,10544932.0
3020014100,2022,6,4724443.0,4318690.5,4715029.0,5140201.0
3020014100,2022,7,5599266.0,5475343.5,4306861.0,5356037.5
3020014100,2022,8,6541017.0,5793970.0,4417705.0,4832916.5
3020014100,2022,9,5891650.0,5650269.5,4178270.0,4784424.0
3020014100,2022,10,4812459.0,3066803.0,3552944.0,3043909.2
3020014100,2022,11,4795163.0,3535565.0,6187512.0,5767890.0
3020014100,2022,12,5714480.0,4527008.0,8420954.0,7567310.5
3020014200,2022,1,10336865.0,10519191.0,5790900.0,3084896.0
3020014200,2022,2,5718003.0,8533300.0,25417.0,1524710.5
3020014200,2022,3,6317989.0,10697916.0,22800.0,4150912.2
3020014200,2022,4,10079931.0,10410705.0,4051125.0,1062896.4
3020014200,2022,5,10344577.0,10888024.0,2759203.0,3377709.5
3020014200,2022,6,10346029.0,10377147.0,2778239.0,3076322.2
3020014200,2022,7,10815090.0,8689868.0,2555551.0,1791652.8
3020014200,2022,8,10897121.0,10617854.0,3265337.0,3060001.2
3020014200,2022,9,10098688.0,10525372.0,3301479.0,3701791.8
3020014200,2022,10,10234375.0,10440384.0,2822271.0,2865737.0
3020014200,2022,11,9819271.0,8067000.0,3045582.0,1947895.4
3020014200,2022,12,10411374.0,10471124.0,3883784.0,4233763.0
3020014300,2022,1,1638071.0,1197388.2,331711.0,252803.81
3020014300,2022,2,1544222.0,936530.2,381057.0,258790.7
3020014300,2022,3,1142963.0,945555.56,344136.0,229239.14
3020014300,2022,4,1065372.0,886470.3,246426.0,221015.72
3020014300,2022,5,993365.0,884288.2,178551.0,165121.52
3020014300,2022,6,1125619.0,970567.1,144114.0,129717.78
3020014300,2022,7,1284855.0,1154185.6,137392.0,126598.09
3020014300,2022,8,1139523.0,1146804.8,227855.0,138301.42
3020014300,2022,9,935654.0,949602.75,245960.0,154229.36
3020014300,2022,10,907886.0,856207.94,147238.0,170924.33
3020014300,2022,11,978963.0,1008826.44,162095.0,114597.09
3020014300,2022,12,1298763.0,1181743.2,222116.0,215831.12
3020014400,2022,1,2103004.0,1764298.2,763813.0,659080.1
3020014400,2022,2,2015880.0,1270802.1,755873.0,599023.3
3020014400,2022,3,1593573.0,1246754.5,688120.0,557617.2
3020014400,2022,4,1517494.0,1050309.8,645865.0,578613.94
3020014400,2022,5,1539608.0,1313021.0,508772.0,405222.0
3020014400,2022,6,1726540.0,1288737.0,508815.0,522298.47
3020014400,2022,7,2075442.0,1228413.5,516325.0,557197.2
3020014400,2022,8,2036190.0,1193794.4,570770.0,585421.4
3020014400,2022,9,1574696.0,1194376.5,520350.0,473997.75
3020014400,2022,10,1707933.0,1136989.4,710262.0,596733.4
3020014400,2022,11,1830198.0,1292455.9,804055.0,598855.25
3020014400,2022,12,2213884.0,1241976.0,1446951.0,598855.25
3020014500,2022,1,1087684.0,1151845.6,266269.0,289239.53
3020014500,2022,2,1074084.0,1077785.8,266758.0,247871.69
3020014500,2022,3,914450.0,944291.3,249851.0,236986.31
3020014500,2022,4,938599.0,920941.7,207370.0,173928.19
3020014500,2022,5,849736.0,898317.4,152261.0,160437.97
3020014500,2022,6,878474.0,929141.4,139327.0,126579.02
3020014500,2022,7,1102860.0,969319.8,179421.0,183727.34
3020014500,2022,8,1269514.0,1176408.6,256293.0,234696.95
3020014500,2022,9,1110840.0,919110.0,205272.0,191888.97
3020014500,2022,10,931369.0,204108.48,333480.0,149197.92
3020014500,2022,11,970330.0,932110.0,519485.0,146372.75
3020014500,2022,12,1064269.0,1003225.06,833067.0,164935.97
3020014600,2022,1,8429121.0,7251447.0,2303033.0,2109097.0
3020014600,2022,2,8214803.0,6146084.0,2251986.0,2288588.5
3020014600,2022,3,7079555.0,5932116.0,2052200.0,1683247.4
3020014600,2022,4,6806855.0,5822542.5,1874157.0,1651910.4
3020014600,2022,5,6412374.0,6321427.0,1412660.0,1473335.6
3020014600,2022,6,7035830.0,6434535.0,1345099.0,1358008.5
3020014600,2022,7,8430115.0,6628823.5,1389489.0,1305643.1
3020014600,2022,8,9617819.0,6795368.5,1686227.0,1412861.9
3020014600,2022,9,8479133.0,5916529.5,1470567.0,1390088.8
3020014600,2022,10,6947108.0,5053541.0,1247832.0,1322504.9
3020014600,2022,11,6803112.0,6103699.0,1279619.0,1347998.8
3020014600,2022,12,7767312.0,6984581.5,1544476.0,2054688.0
3020014700,2022,1,3055901.0,2730983.8,5204066.0,4164335.8
3020014700,2022,2,3039143.0,2752838.2,4787004.0,4121628.0
3020014700,2022,3,2639590.0,2581251.8,4079884.0,2376793.2
3020014700,2022,4,2713264.0,2594436.8,2841769.0,2319908.5
3020014700,2022,5,2495679.0,2462890.0,1823441.0,2404228.8
3020014700,2022,6,2590820.0,2603682.2,1029984.0,1094572.1
3020014700,2022,7,3068426.0,2626471.0,1050814.0,892244.0
3020014700,2022,8,3612022.0,3068837.8,749872.0,882625.75
3020014700,2022,9,3187949.0,645824.44,890460.0,803785.9
3020014700,2022,10,2839634.0,651698.06,924676.0,605951.56
3020014700,2022,11,2858949.0,2532438.0,2053080.0,3982005.8
3020014700,2022,12,3018774.0,2611625.8,3044355.0,4135447.2
3020014800,2022,1,94659.0,658604.2,0.0,225.64981
3020014800,2022,2,80560.0,665335.94,0.0,67159.78
3020014800,2022,3,79476.0,665663.3,0.0,66944.875
3020014800,2022,4,77180.0,725628.7,0.0,65559.11
3020014800,2022,5,64679.0,747078.9,0.0,65528.76
3020014800,2022,6,93153.0,747594.44,0.0,65679.82
3020014800,2022,7,117117.0,752472.56,0.0,65676.234
3020014800,2022,8,110146.0,754477.06,0.0,65676.234
3020014800,2022,9,99731.0,751110.75,0.0,65266.656
3020014800,2022,10,119062.0,700267.9,0.0,61686.586
3020014800,2022,11,110969.0,700267.9,0.0,60715.656
3020014800,2022,12,109638.0,700267.9,0.0,60715.656
3020014900,2022,1,15198.0,12840.882,0.0,0.0
3020014900,2022,2,12606.0,12309.758,0.0,0.0
3020014900,2022,3,7796.0,10366.097,0.0,0.0
3020014900,2022,4,5862.0,9997.575,0.0,0.0
3020014900,2022,5,5360.0,8107.5225,0.0,0.0
3020014900,2022,6,6023.0,7559.457,0.0,0.0
3020014900,2022,7,7196.0,7336.214,0.0,0.0
3020014900,2022,8,6196.0,8912.897,0.0,0.0
3020014900,2022,9,5455.0,9256.994,0.0,0.0
3020014900,2022,10,5922.0,9045.585,0.0,0.0
3020014900,2022,11,7628.0,10781.06,0.0,0.0
3020014900,2022,12,15692.0,10584.128,0.0,0.0
3020015000,2022,1,69.0,153.13683,0.0,0.0
3020015000,2022,2,68.0,67.97075,0.0,0.0
3020015000,2022,3,420.0,65.50154,0.0,0.0
3020015000,2022,4,316.0,2108.9438,0.0,0.0
3020015000,2022,5,191.0,518.75543,0.0,0.0
3020015000,2022,6,128.0,167.65211,0.0,0.0
3020015000,2022,7,146.0,111.597336,0.0,0.0
3020015000,2022,8,282.0,111.597336,0.0,0.0
3020015000,2022,9,259.0,518.75543,0.0,0.0
3020015000,2022,10,387.0,518.0698,0.0,0.0
3020015000,2022,11,409.0,498.11887,0.0,0.0
3020015000,2022,12,665.0,453.91458,0.0,0.0
3020015200,2022,1,23127.0,21309.533,0.0,0.0
3020015200,2022,2,22224.0,18966.027,0.0,0.0
3020015200,2022,3,15293.0,11484.383,0.0,0.0
3020015200,2022,4,14866.0,14685.015,0.0,0.0
3020015200,2022,5,19687.0,15202.935,0.0,0.0
3020015200,2022,6,23191.0,20820.764,0.0,0.0
3020015200,2022,7,27046.0,20914.857,207740.0,0.0
3020015200,2022,8,26371.0,14872.575,416837.0,0.0
3020015200,2022,9,25171.0,18791.111,139240.0,0.0
3020015200,2022,10,21263.0,16354.035,44279.0,0.0
3020015200,2022,11,20505.0,18900.023,78165.0,0.0
3020015200,2022,12,27217.0,18122.709,199854.0,0.0
3020015300,2022,1,10589.0,7678.576,0.0,0.0
3020015300,2022,2,10062.0,7774.344,0.0,0.0
3020015300,2022,3,7832.0,8374.721,0.0,0.0
3020015300,2022,4,8430.0,6182.475,0.0,0.0
3020015300,2022,5,7695.0,7957.025,0.0,0.0
3020015300,2022,6,8321.0,8193.757,0.0,0.0
3020015300,2022,7,12960.0,7656.4233,0.0,0.0
3020015300,2022,8,13981.0,10440.9795,0.0,0.0
3020015300,2022,9,10187.0,8091.4697,0.0,0.0
3020015300,2022,10,30226.0,8012.846,0.0,0.0
3020015300,2022,11,40770.0,7333.2065,0.0,0.0
3020015300,2022,12,60906.0,8761.438,0.0,0.0
3023010100,2022,1,5262181.0,4900451.5,4649164.0,3758230.5
3023010100,2022,2,5420431.0,5036141.0,5192907.0,4226373.5
3023010100,2022,3,4747553.0,4948994.5,4547099.0,4017529.5
3023010100,2022,4,4445734.0,4741548.0,3488635.0,3382636.5
3023010100,2022,5,3860292.0,4442108.0,2051354.0,2250201.0
3023010100,2022,6,4151129.0,4216367.0,1498419.0,1504550.5
3023010100,2022,7,4967753.0,4415750.0,1373890.0,1284225.0
3023010100,2022,8,5799389.0,4934623.5,1441072.0,1338973.5
3023010100,2022,9,5430094.0,5957431.0,1320085.0,1299360.8
3023010100,2022,10,4555518.0,5761812.5,1233046.0,1092834.8
3023010100,2022,11,4149740.0,4404095.0,1998170.0,862417.5
3023010100,2022,12,4396491.0,4256559.5,2849393.0,1605385.2
3023010200,2022,1,3821897.0,3153708.0,1675650.0,1076292.8
3023010200,2022,2,3530245.0,2751383.5,1713765.0,1121474.5
3023010200,2022,3,3154263.0,2633552.0,1354490.0,978999.9
3023010200,2022,4,2747800.0,2526343.0,978813.0,1006056.94
3023010200,2022,5,2551651.0,2322161.0,574860.0,602379.56
3023010200,2022,6,2705096.0,2386404.8,416464.0,461543.44
3023010200,2022,7,3166764.0,2647534.5,333001.0,351277.88
3023010200,2022,8,2999881.0,3038842.5,302860.0,433310.75
3023010200,2022,9,2656053.0,2761776.2,310711.0,381163.06
3023010200,2022,10,2445426.0,2426942.8,430329.0,641571.75
3023010200,2022,11,2586910.0,2936994.2,910069.0,571619.6
3023010200,2022,12,3220420.0,3064096.0,1577347.0,1029674.6
3023010300,2022,1,1190016.0,1061523.0,738452.0,725039.94
3023010300,2022,2,1158933.0,1065856.4,800669.0,768945.94
3023010300,2022,3,971498.0,979227.7,741273.0,791387.8
3023010300,2022,4,812170.0,775539.5,555531.0,569235.9
3023010300,2022,5,694410.0,786336.4,310400.0,373118.12
3023010300,2022,6,735507.0,810717.25,232075.0,232864.97
3023010300,2022,7,919099.0,851318.1,257562.0,278368.4
3023010300,2022,8,816732.0,1149822.8,298096.0,275419.97
3023010300,2022,9,678329.0,800038.8,275361.0,231897.52
3023010300,2022,10,571133.0,689274.6,190576.0,213485.89
3023010300,2022,11,609544.0,723157.5,247894.0,384529.84
3023010300,2022,12,766136.0,962017.0,393742.0,462140.8
3023010400,2022,1,1151734.0,1019190.75,1170397.0,1013105.44
3023010400,2022,2,1054100.0,1031083.44,1275214.0,995676.5
3023010400,2022,3,1000460.0,987749.94,1031903.0,849896.1
3023010400,2022,4,925408.0,876980.56,660552.0,604225.3
3023010400,2022,5,925079.0,875889.2,345126.0,448511.56
3023010400,2022,6,990334.0,968844.06,314334.0,371890.47
3023010400,2022,7,1148572.0,1051493.9,419327.0,412015.72
3023010400,2022,8,1192938.0,1061064.9,524773.0,436583.66
3023010400,2022,9,1025645.0,999803.3,571041.0,449546.2
3023010400,2022,10,947676.0,932891.25,453613.0,436670.3
3023010400,2022,11,953812.0,1013575.06,462793.0,463444.62
3023010400,2022,12,1057513.0,1036402.2,688885.0,643555.2
3023010500,2022,1,678843.0,528427.75,644918.0,684883.5
3023010500,2022,2,653067.0,459401.7,606037.0,573784.5
3023010500,2022,3,569218.0,428285.72,436421.0,446946.75
3023010500,2022,4,512077.0,495705.44,357821.0,381113.66
3023010500,2022,5,452273.0,524644.1,206303.0,215019.1
3023010500,2022,6,493109.0,339892.28,144171.0,132382.98
3023010500,2022,7,608112.0,374073.6,100246.0,124811.69
3023010500,2022,8,615599.0,558925.3,100886.0,120001.91
3023010500,2022,9,531490.0,528857.4,104031.0,137403.81
3023010500,2022,10,484656.0,469590.97,154398.0,153812.25
3023010500,2022,11,498089.0,378854.88,289736.0,312245.16
3023010500,2022,12,586491.0,603747.44,485012.0,439813.84
3023010600,2022,1,820914.0,789905.44,1048316.0,847308.0
3023010600,2022,2,827472.0,655383.0,1012262.0,1004517.1
3023010600,2022,3,705449.0,576248.06,760589.0,641534.0
3023010600,2022,4,669734.0,635962.9,576683.0,637490.75
3023010600,2022,5,558149.0,634233.5,316370.0,624684.5
3023010600,2022,6,606230.0,627532.1,236373.0,441925.47
3023010600,2022,7,714291.0,646955.44,198714.0,220168.36
3023010600,2022,8,783273.0,718554.0,175601.0,256869.97
3023010600,2022,9,702832.0,548084.75,178313.0,58150.87
3023010600,2022,10,629083.0,504295.75,235935.0,301979.56
3023010600,2022,11,645956.0,592497.44,399653.0,560486.44
3023010600,2022,12,746385.0,665682.1,685070.0,574671.4
3023010700,2022,1,5755621.0,5481564.0,11650343.0,11686180.0
3023010700,2022,2,5687728.0,5149672.0,12540597.0,12083422.0
3023010700,2022,3,4776992.0,3589638.8,10200546.0,10217454.0
3023010700,2022,4,4599927.0,4253645.5,7617965.0,7544011.0
3023010700,2022,5,4166086.0,4336802.5,4141021.0,5122505.0
3023010700,2022,6,4532360.0,4138103.8,2891799.0,2758727.0
3023010700,2022,7,5486718.0,4867731.5,2184675.0,2540023.2
3023010700,2022,8,6145157.0,5670022.5,1922077.0,2351052.0
3023010700,2022,9,5203915.0,5390721.5,1896653.0,1597335.5
3023010700,2022,10,4373180.0,4622083.0,2313822.0,2115813.0
3023010700,2022,11,4435738.0,4763078.0,4707408.0,4990297.0
3023010700,2022,12,5137938.0,5071692.0,7263238.0,8616369.0
3023010800,2022,1,4371087.0,4358749.0,15888940.0,14752846.0
3023010800,2022,2,4378309.0,4354551.5,17309240.0,16165021.0
3023010800,2022,3,3745423.0,3654996.0,14531810.0,11914645.0
3023010800,2022,4,3769493.0,3773465.8,10725581.0,9539631.0
3023010800,2022,5,3395342.0,3469777.2,5858328.0,5971546.0
3023010800,2022,6,3598477.0,3600420.5,4133637.0,4133149.2
3023010800,2022,7,4492129.0,4093847.0,3134695.0,2985459.5
3023010800,2022,8,5203690.0,4993953.5,2943139.0,2830503.2
3023010800,2022,9,4166625.0,4017416.8,3031823.0,2611694.2
3023010800,2022,10,3613196.0,3443804.5,3142164.0,2475561.2
3023010800,2022,11,3738579.0,3624570.5,5451573.0,4971615.5
3023010800,2022,12,4069070.0,3741611.0,9485383.0,8938181.0
3023010900,2022,1,5880965.0,5769079.5,3058683.0,2919018.0
3023010900,2022,2,5644893.0,5384056.0,3378352.0,3108540.5
3023010900,2022,3,5529458.0,5177732.0,2864799.0,2638218.0
3023010900,2022,4,5205867.0,5097195.5,2122274.0,2127660.0
3023010900,2022,5,4978153.0,4906672.5,1302034.0,1511674.9
3023010900,2022,6,5195508.0,4954722.5,1001556.0,1078734.4
3023010900,2022,7,5807457.0,5409872.5,969202.0,1179682.6
3023010900,2022,8,6126862.0,5473874.5,976570.0,1017549.0
3023010900,2022,9,5528593.0,5144733.5,1050143.0,1010475.3
3023010900,2022,10,5021395.0,4890415.0,994671.0,1074810.9
3023010900,2022,11,4984171.0,4970514.0,1420338.0,1408540.8
3023010900,2022,12,5431829.0,5153094.5,2175455.0,2487149.5
3023011000,2022,1,2290724.0,2283482.2,3218881.0,3195607.8
3023011000,2022,2,2328836.0,2422894.2,3465321.0,2905786.5
3023011000,2022,3,1993877.0,2037941.6,2772724.0,2258546.5
3023011000,2022,4,1909656.0,1861733.4,2025507.0,1818474.4
3023011000,2022,5,1723297.0,1779814.2,1044015.0,1238403.5
3023011000,2022,6,1865201.0,1950383.8,671415.0,601847.6
3023011000,2022,7,2249962.0,2167125.0,471846.0,573714.9
3023011000,2022,8,2513213.0,2436203.8,412927.0,420616.22
3023011000,2022,9,2169036.0,2017175.9,440716.0,432339.38
3023011000,2022,10,1985863.0,1802605.8,649557.0,572900.1
3023011000,2022,11,1936709.0,1823428.8,1309240.0,1258589.5
3023011000,2022,12,2105447.0,2059019.9,2362036.0,1485023.8
3023011100,2022,1,2988877.0,2775933.2,2478754.0,1192475.0
3023011100,2022,2,3047957.0,2660439.2,2612320.0,1111574.2
3023011100,2022,3,2661923.0,2591709.0,2206708.0,1034916.9
3023011100,2022,4,2663192.0,2547819.8,1661429.0,904123.06
3023011100,2022,5,2425452.0,2669990.8,995051.0,697735.7
3023011100,2022,6,2588422.0,2699628.2,798753.0,910182.56
3023011100,2022,7,2993506.0,3005402.2,704178.0,913808.06
3023011100,2022,8,3696355.0,2987186.2,694322.0,838315.44
3023011100,2022,9,3517581.0,2996398.2,607065.0,525412.94
3023011100,2022,10,2738743.0,2992809.8,730885.0,538468.94
3023011100,2022,11,2549976.0,3009977.8,1034807.0,950979.3
3023011100,2022,12,2634668.0,2690726.5,1585305.0,1074568.5
3023011200,2022,1,747370.0,778177.25,217115.0,237053.7
3023011200,2022,2,735346.0,757734.5,252766.0,231139.73
3023011200,2022,3,638120.0,489336.28,193930.0,101332.13
3023011200,2022,4,630578.0,631586.4,196583.0,127000.42
3023011200,2022,5,584027.0,616327.4,117626.0,103025.914
3023011200,2022,6,637173.0,640570.56,143098.0,138947.36
3023011200,2022,7,818570.0,737691.2,93046.0,100962.73
3023011200,2022,8,891658.0,904738.94,128859.0,152374.69
3023011200,2022,9,719073.0,658341.94,75373.0,73707.11
3023011200,2022,10,702187.0,634025.56,130092.0,90981.33
3023011200,2022,11,705623.0,654404.9,126108.0,130647.28
3023011200,2022,12,757687.0,723395.0,181291.0,180555.38
3023011300,2022,1,4531601.0,3892731.5,73710.0,70702.62
3023011300,2022,2,4099082.0,3951552.5,84124.0,67965.26
3023011300,2022,3,3412211.0,3685485.5,80828.0,70431.26
3023011300,2022,4,3130720.0,3320564.0,65088.0,53278.117
3023011300,2022,5,3083303.0,2993051.0,47456.0,52841.777
3023011300,2022,6,3400678.0,3123568.5,35658.0,41789.535
3023011300,2022,7,3826157.0,3524972.5,32960.0,41616.418
3023011300,2022,8,3137685.0,3984431.0,73377.0,35481.895
3023011300,2022,9,2750339.0,3067724.5,61794.0,73447.914
3023011300,2022,10,2548474.0,3060658.0,67867.0,50835.793
3023011300,2022,11,2588833.0,2995230.2,92074.0,50750.367
3023011300,2022,12,3540485.0,3181777.0,132440.0,66872.58
3023011400,2022,1,11608438.0,11395487.0,516127.0,388880.38
3023011400,2022,2,10431748.0,12210631.0,548423.0,387244.94
3023011400,2022,3,12551434.0,9955260.0,535699.0,326313.38
3023011400,2022,4,12507622.0,12030721.0,454111.0,445908.3
3023011400,2022,5,12542805.0,12017846.0,195827.0,627157.25
3023011400,2022,6,12410470.0,11444999.0,476587.0,385845.7
3023011400,2022,7,12856967.0,11742437.0,432097.0,439305.97
3023011400,2022,8,4941669.0,12565537.0,428397.0,380145.12
3023011400,2022,9,4364371.0,9871922.0,126270.0,1090111.4
3023011400,2022,10,4849125.0,9994357.0,398885.0,1238898.6
3023011400,2022,11,5440828.0,9880147.0,234819.0,1199663.9
3023011400,2022,12,4335138.0,10263035.0,464449.0,1314285.5
3023011500,2022,1,1460594.0,1142630.2,1342319.0,897533.5
3023011500,2022,2,1489227.0,1132342.9,1344177.0,667084.9
3023011500,2022,3,1293822.0,1111179.8,1055679.0,631651.9
3023011500,2022,4,1211207.0,1103520.6,776994.0,702553.44
3023011500,2022,5,1052168.0,1059370.5,443746.0,743701.9
3023011500,2022,6,1111285.0,1103387.6,336542.0,443573.75
3023011500,2022,7,1265872.0,1156032.8,298592.0,485003.62
3023011500,2022,8,1466214.0,1245012.8,320667.0,252603.78
3023011500,2022,9,1318635.0,1144766.1,267019.0,237300.33
3023011500,2022,10,1064261.0,1146084.4,355873.0,456680.8
3023011500,2022,11,1018593.0,1145228.0,613232.0,607769.0
3023011500,2022,12,1125773.0,1172619.5,1021091.0,851465.1
3023011600,2022,1,1504359.0,1186337.1,450980.0,256653.92
3023011600,2022,2,1551361.0,1260244.9,515133.0,838912.7
3023011600,2022,3,1344701.0,1224919.8,464697.0,777567.6
3023011600,2022,4,1207894.0,1250783.8,340385.0,781332.8
3023011600,2022,5,1045747.0,1054550.1,222231.0,201741.67
3023011600,2022,6,1105883.0,1050577.1,167402.0,179714.97
3023011600,2022,7,1298871.0,1245225.5,172832.0,193649.28
3023011600,2022,8,1424743.0,1324443.4,249716.0,220882.89
3023011600,2022,9,1298911.0,1290180.5,293547.0,242655.77
3023011600,2022,10,1171715.0,1117278.9,182917.0,203235.6
3023011600,2022,11,1189791.0,1049376.1,216670.0,212203.61
3023011600,2022,12,1306448.0,1184667.6,303437.0,260450.98
3023011700,2022,1,1488141.0,1476678.9,1118686.0,1026308.94
3023011700,2022,2,1367062.0,1405924.1,1268122.0,1121681.5
3023011700,2022,3,1166540.0,1122180.0,1030594.0,890175.56
3023011700,2022,4,951728.0,1020122.8,700831.0,437666.78
3023011700,2022,5,873486.0,994694.7,332546.0,376757.78
3023011700,2022,6,931598.0,1002678.3,254936.0,250748.2
3023011700,2022,7,1130904.0,1209221.8,197325.0,210983.23
3023011700,2022,8,1216163.0,893742.7,174227.0,109513.086
3023011700,2022,9,973777.0,851721.5,156680.0,156216.19
3023011700,2022,10,884722.0,952510.4,183973.0,181894.38
3023011700,2022,11,1011980.0,1184166.1,306406.0,374011.97
3023011700,2022,12,1400761.0,1438637.1,637803.0,687182.8
3023011800,2022,1,49795.0,44025.254,0.0,0.00664149
3023011800,2022,2,54136.0,53382.586,0.0,0.00664149
3023011800,2022,3,40068.0,40924.582,0.0,0.00664149
3023011800,2022,4,28112.0,32554.67,0.0,0.00664149
3023011800,2022,5,23586.0,35981.46,0.0,0.00664149
3023011800,2022,6,25610.0,23522.207,0.0,0.00664149
3023011800,2022,7,35178.0,27404.03,0.0,0.00664149
3023011800,2022,8,35972.0,31203.963,0.0,0.00664149
3023011800,2022,9,31634.0,31556.217,0.0,0.025912467
3023011800,2022,10,28858.0,35391.133,0.0,0.00664149
3023011800,2022,11,32173.0,33034.55,0.0,0.00664149
3023011800,2022,12,44169.0,34641.977,0.0,0.00664149
3023011900,2022,1,299233.0,205150.7,0.0,0.0
3023011900,2022,2,254796.0,138451.66,0.0,0.0
3023011900,2022,3,225953.0,141090.5,0.0,0.0
3023011900,2022,4,193064.0,145141.28,0.0,0.0
3023011900,2022,5,155186.0,142993.6,0.0,0.0
3023011900,2022,6,165337.0,155452.69,0.0,0.0
3023011900,2022,7,199158.0,204656.95,0.0,0.0
3023011900,2022,8,217259.0,185285.95,0.0,0.0
3023011900,2022,9,183045.0,181585.69,0.0,0.0
3023011900,2022,10,191696.0,190111.62,0.0,0.0
3023011900,2022,11,211082.0,184014.08,0.0,0.0
3023011900,2022,12,294139.0,211744.88,0.0,0.0
3023012000,2022,1,7833.0,5736.644,0.0,0.0
3023012000,2022,2,8421.0,6145.7188,0.0,0.0
3023012000,2022,3,7313.0,6026.7437,0.0,0.0
3023012000,2022,4,4913.0,5277.8657,0.0,0.0
3023012000,2022,5,3014.0,5080.2734,0.0,0.0
3023012000,2022,6,2590.0,3248.6362,0.0,0.0
3023012000,2022,7,3183.0,3025.3203,0.0,0.0
3023012000,2022,8,3725.0,2969.8945,0.0,0.0
3023012000,2022,9,3270.0,3313.3438,0.0,0.0
3023012000,2022,10,3766.0,3213.47,0.0,0.0
3023012000,2022,11,4556.0,3818.9368,0.0,0.0
3023012000,2022,12,5707.0,5595.352,0.0,0.0
3023012100,2022,1,6040.0,5329.7065,0.0,0.0
3023012100,2022,2,6953.0,8048.9233,0.0,0.0
3023012100,2022,3,5170.0,7641.262,0.0,0.0
3023012100,2022,4,5064.0,5915.323,0.0,0.0
3023012100,2022,5,4326.0,6194.0186,0.0,0.0
3023012100,2022,6,4240.0,6181.419,0.0,0.0
3023012100,2022,7,5135.0,5388.4976,0.0,0.0
3023012100,2022,8,5512.0,6240.044,0.0,0.0
3023012100,2022,9,4993.0,5711.271,0.0,0.0
3023012100,2022,10,4307.0,6169.744,0.0,0.0
3023012100,2022,11,4573.0,6105.0156,0.0,0.0
3023012100,2022,12,5590.0,5290.286,0.0,0.0
3023012400,2022,1,1119304.0,1083817.5,0.0,0.0
3023012400,2022,2,972844.0,1140550.5,0.0,0.0
3023012400,2022,3,1093801.0,1003219.44,0.0,0.0
3023012400,2022,4,1087007.0,1127221.0,0.0,0.0
3023012400,2022,5,1189352.0,1127906.6,0.0,0.0
3023012400,2022,6,1198203.0,1144095.2,0.0,0.0
3023012400,2022,7,1296038.0,1121758.2,0.0,0.0
3023012400,2022,8,1309653.0,1131142.8,0.0,0.0
3023012400,2022,9,1192866.0,1132168.0,0.0,0.0
3023012400,2022,10,1207540.0,1124041.5,0.0,0.0
3023012400,2022,11,1161322.0,1117584.9,0.0,0.0
3023012400,2022,12,1127294.0,1089919.8,0.0,0.0
3023012500,2022,1,119016.0,95683.06,0.0,0.0
3023012500,2022,2,111012.0,115417.14,0.0,0.0
3023012500,2022,3,97799.0,88399.13,0.0,0.0
3023012500,2022,4,78778.0,82935.62,0.0,0.0
3023012500,2022,5,53468.0,67175.734,0.0,0.0
3023012500,2022,6,57847.0,44123.65,0.0,0.0
3023012500,2022,7,68276.0,60329.723,0.0,0.0
3023012500,2022,8,78789.0,79560.81,0.0,0.0
3023012500,2022,9,68961.0,68740.914,0.0,0.0
3023012500,2022,10,62136.0,70859.65,0.0,0.0
3023012500,2022,11,67171.0,87395.64,0.0,0.0
3023012500,2022,12,96008.0,98274.34,0.0,0.0
3023012600,2022,1,3147132.0,3185478.0,3518521.0,3376304.5
3023012600,2022,2,3150440.0,3236520.0,3886511.0,1640871.6
3023012600,2022,3,2726025.0,2590838.8,3333603.0,1590614.1
3023012600,2022,4,2437522.0,2493443.0,2530149.0,2405304.5
3023012600,2022,5,1975515.0,2105456.2,1479893.0,1721301.4
3023012600,2022,6,2147045.0,2223686.0,1117093.0,1084688.9
3023012600,2022,7,3697591.0,2405098.2,1507703.0,1007912.44
3023012600,2022,8,3977215.0,3163069.2,1651508.0,1188390.5
3023012600,2022,9,3301798.0,2567470.0,1592251.0,1123645.9
3023012600,2022,10,2934235.0,2332773.5,1392279.0,1112130.2
3023012600,2022,11,3025615.0,2416825.0,2117046.0,1457580.0
3023012600,2022,12,3488511.0,2819793.8,3381938.0,1671091.2
