{
"type": "FeatureCollection",
"name": "deajeun_daduckgu_dong",
"crs": { "type": "name", "properties": { "name": "urn:ogc:def:crs:OGC:1.3:CRS84" } },
"features": [
{ "type": "Feature", "properties": { "EMD_CD": "30230101", "EMD_ENG_NM": "Ojeong-dong", "EMD_KOR_NM": "오정동" }, "geometry": { "type": "MultiPolygon", "coordinates": [ [ [ [ 127.420029628118513, 36.363243516935981 ], [ 127.419923115005943, 36.362534789887505 ], [ 127.419682911762365, 36.362152914809137 ], [ 127.419680232152345, 36.362108145267378 ], [ 127.419668679134347, 36.362031307260537 ], [ 127.41965133680344, 36.361913648684528 ], [ 127.419641643962237, 36.361859612665626 ], [ 127.419610679474488, 36.361765666362004 ], [ 127.419495796256783, 36.361378278685756 ], [ 127.419410354808093, 36.361189621119891 ], [ 127.419213263304002, 36.360828149789079 ], [ 127.418923607013042, 36.360441381371167 ], [ 127.418847841153877, 36.360336606136173 ], [ 127.418765793814401, 36.360230158594966 ], [ 127.418612694866482, 36.360052433506418 ], [ 127.418529601467085, 36.359944015894243 ], [ 127.418316200104798, 36.359656666748322 ], [ 127.418113291474356, 36.359376895471883 ], [ 127.417786771404209, 36.35893223562001 ], [ 127.417658282866768, 36.358765967451291 ], [ 127.417596146452681, 36.358669587840701 ], [ 127.41757139097885, 36.358629968660992 ], [ 127.417935453440933, 36.358509575230592 ], [ 127.418169525250178, 36.358430465898664 ], [ 127.418391961371441, 36.3583235236338 ], [ 127.418502923087132, 36.358272166475544 ], [ 127.419245125645787, 36.357960924508539 ], [ 127.419095798516523, 36.357512557514575 ], [ 127.419785443399249, 36.357531259650266 ], [ 127.419828299698523, 36.357505489460564 ], [ 127.420424888236695, 36.357149123810572 ], [ 127.420707075089425, 36.357051826495024 ], [ 127.420874734275515, 36.356957453793264 ], [ 127.421337148978765, 36.356774758598036 ], [ 127.421864137073698, 36.356749808930523 ], [ 127.422389344466509, 36.356847367765099 ], [ 127.422824055900747, 36.356401731963132 ], [ 127.42319300103054, 36.355963085421713 ], [ 127.423382118326785, 36.355619974607563 ], [ 127.423862452442577, 36.355597433772928 ], [ 127.42411499229641, 36.355588376294669 ], [ 127.424158611403612, 36.355446567657246 ], [ 127.424225405418611, 36.355243289554892 ], [ 127.424315282900082, 36.355287182791642 ], [ 127.42437426844981, 36.355312882597161 ], [ 127.424387392005684, 36.355261298440695 ], [ 127.424377109665926, 36.35522642363928 ], [ 127.424361430132393, 36.355159729723404 ], [ 127.424343178725195, 36.355132479953078 ], [ 127.424316967475278, 36.355081602724006 ], [ 127.42467113879178, 36.355100345867889 ], [ 127.424794578373962, 36.355071179465106 ], [ 127.425460699183247, 36.355026859600791 ], [ 127.425777458972775, 36.355014750092494 ], [ 127.426384524052992, 36.355026389923438 ], [ 127.426863268850781, 36.355032013152147 ], [ 127.427545592513297, 36.355021417731791 ], [ 127.427647936916642, 36.354349674742522 ], [ 127.427842526541824, 36.353067359473435 ], [ 127.427914458156309, 36.352594837360634 ], [ 127.427247980727842, 36.352508214564025 ], [ 127.427332316060799, 36.352044101500134 ], [ 127.427342094757535, 36.351986337901359 ], [ 127.427320863267596, 36.35195402562249 ], [ 127.427339620087906, 36.351947200029933 ], [ 127.427348836962977, 36.351943787808203 ], [ 127.427295585979934, 36.351884554620661 ], [ 127.42719654797898, 36.351821267068757 ], [ 127.427008576146633, 36.351696611268572 ], [ 127.426925106235174, 36.351648470738482 ], [ 127.426851299897351, 36.351584813703418 ], [ 127.426692432274919, 36.351467100923045 ], [ 127.426661310464638, 36.351441294093242 ], [ 127.426594396053261, 36.35139732089754 ], [ 127.42657367814293, 36.351428656080621 ], [ 127.426528362366497, 36.351416984946141 ], [ 127.426503881885353, 36.351332028884336 ], [ 127.42647653234269, 36.35129720593028 ], [ 127.426276539285553, 36.3510427695836 ], [ 127.426182419660151, 36.350955528695124 ], [ 127.426073158591805, 36.350806377277848 ], [ 127.426019118211997, 36.350726590687309 ], [ 127.425607878548689, 36.350035278632333 ], [ 127.425231182647181, 36.349229223097808 ], [ 127.425121530898906, 36.349101763239489 ], [ 127.425059338422656, 36.349028196104342 ], [ 127.425021404564689, 36.348999042610764 ], [ 127.42499448774538, 36.348978023650965 ], [ 127.424977775786161, 36.348946821376607 ], [ 127.424920398949951, 36.348894360466041 ], [ 127.42482927248399, 36.348811884050043 ], [ 127.424688450351709, 36.348747895284426 ], [ 127.424652856337417, 36.348731124438459 ], [ 127.424495786384639, 36.348653675464234 ], [ 127.42440101235249, 36.348607258327945 ], [ 127.424257028698165, 36.348537368578867 ], [ 127.42415765949174, 36.348508432130942 ], [ 127.424121230302759, 36.348497864111863 ], [ 127.424098062023262, 36.348494278293742 ], [ 127.424079588218234, 36.348491531979739 ], [ 127.424054164703023, 36.348489089599155 ], [ 127.423920934862025, 36.348475475376652 ], [ 127.423702409306827, 36.348557352718778 ], [ 127.423632945143652, 36.348556192298126 ], [ 127.423610073608202, 36.348543602673367 ], [ 127.423551568431591, 36.348539862202102 ], [ 127.423542650483142, 36.348532567205915 ], [ 127.423495982385134, 36.348527946815729 ], [ 127.423406470164835, 36.348519251203754 ], [ 127.42336517093679, 36.348510385331203 ], [ 127.423361679615624, 36.348509550558838 ], [ 127.42317829659801, 36.348491615722416 ], [ 127.423155549640484, 36.348502113483889 ], [ 127.423108709418585, 36.348498620009138 ], [ 127.423095073865397, 36.348488250618601 ], [ 127.422987165842486, 36.348489189990389 ], [ 127.42293850521709, 36.348503446859183 ], [ 127.422917418621338, 36.348499574108665 ], [ 127.422864719318454, 36.348506518697285 ], [ 127.422830735475188, 36.348499041678352 ], [ 127.42281994709694, 36.348500206174577 ], [ 127.422793149299977, 36.348501138737667 ], [ 127.422790544144846, 36.348501436295578 ], [ 127.422723121945594, 36.348523635422531 ], [ 127.42269393311156, 36.348533597078941 ], [ 127.422643166454264, 36.348543625762936 ], [ 127.422557175430086, 36.348543370057108 ], [ 127.422537847899591, 36.348543438155595 ], [ 127.422516099463948, 36.348544920601569 ], [ 127.422473772924377, 36.348539725792193 ], [ 127.422372922050101, 36.348525148677624 ], [ 127.422338079393938, 36.348521612645555 ], [ 127.422317688615195, 36.348516619890887 ], [ 127.422272506401399, 36.348496214345452 ], [ 127.422248377464712, 36.348508690357718 ], [ 127.42220879954661, 36.348496727019672 ], [ 127.422148970639469, 36.34847468780751 ], [ 127.422100542581461, 36.348499072640848 ], [ 127.422050419622948, 36.348500375505175 ], [ 127.421971689918152, 36.348489387952164 ], [ 127.421914556588519, 36.348514938811277 ], [ 127.421837854386169, 36.348526752589464 ], [ 127.421788945054374, 36.348559033217832 ], [ 127.421752419567781, 36.348563658500453 ], [ 127.421733282421826, 36.348565987729998 ], [ 127.421685417740008, 36.348566714764317 ], [ 127.421650562026016, 36.348558672739621 ], [ 127.421623014020952, 36.34855060501355 ], [ 127.421507871477019, 36.348534103855172 ], [ 127.421383315002458, 36.34851540076761 ], [ 127.42136554963335, 36.348511795435307 ], [ 127.421374009587865, 36.348500221753582 ], [ 127.421330455265135, 36.348492489560059 ], [ 127.42130588259144, 36.348486664226741 ], [ 127.421258520384086, 36.348483451222179 ], [ 127.421206258539883, 36.348540795849189 ], [ 127.420833392967651, 36.348341604041707 ], [ 127.420549277730871, 36.348333021263713 ], [ 127.420397124494272, 36.348328201781044 ], [ 127.420298152039294, 36.348308551765967 ], [ 127.420133826864856, 36.348275342763351 ], [ 127.419648912850462, 36.348310266577194 ], [ 127.41964766642019, 36.348306332835669 ], [ 127.419581375484611, 36.348311061604051 ], [ 127.419406166509958, 36.347704521678509 ], [ 127.419245645832859, 36.347405156240001 ], [ 127.418870646536234, 36.346837604290187 ], [ 127.418438514460917, 36.346357276239054 ], [ 127.418537493946985, 36.346280610942785 ], [ 127.418733406196466, 36.346136298929807 ], [ 127.418915817570223, 36.346004713187476 ], [ 127.41924836391712, 36.345763894525909 ], [ 127.41958091183875, 36.345521669107491 ], [ 127.419670879543958, 36.345453766714542 ], [ 127.419766242155177, 36.345384439549193 ], [ 127.420017998003132, 36.345201630309106 ], [ 127.420217213232362, 36.345057313297914 ], [ 127.420439315426265, 36.344897704003245 ], [ 127.420706321222013, 36.344703016519034 ], [ 127.420840839483006, 36.344600883786107 ], [ 127.420911755412249, 36.344582611558806 ], [ 127.420982500620283, 36.344565745711208 ], [ 127.421044383521988, 36.344549758032855 ], [ 127.421455587511034, 36.344436226420676 ], [ 127.421579673461537, 36.344401717134325 ], [ 127.421598092771816, 36.344396587820938 ], [ 127.42183473893067, 36.34432000350359 ], [ 127.421970384783222, 36.344264320756601 ], [ 127.422108874807165, 36.344223848577322 ], [ 127.422156142611911, 36.344207911761657 ], [ 127.422305192535077, 36.344155011120748 ], [ 127.422712457587465, 36.344022339232133 ], [ 127.42288617897546, 36.343960897949195 ], [ 127.423226193116435, 36.343848737708761 ], [ 127.423222333952978, 36.343843686761595 ], [ 127.423119919854713, 36.343701267019462 ], [ 127.422018242577579, 36.344070121824608 ], [ 127.421500377067389, 36.344253303082986 ], [ 127.421423029178598, 36.344272724720533 ], [ 127.421238323285678, 36.344332237913207 ], [ 127.421088169872647, 36.344372750035795 ], [ 127.420929783152346, 36.344406820478525 ], [ 127.420718747773932, 36.344456836844294 ], [ 127.420656507488147, 36.344470572687094 ], [ 127.420477589874437, 36.344502461619093 ], [ 127.420314144487776, 36.344534296061219 ], [ 127.419944983839073, 36.344600923934621 ], [ 127.419492418870078, 36.344660804295529 ], [ 127.419318452513963, 36.34467718309304 ], [ 127.419085654612076, 36.344694893686224 ], [ 127.418766374469243, 36.344713464544036 ], [ 127.418530255080839, 36.344726679811693 ], [ 127.418452456456848, 36.344728645471541 ], [ 127.418418513626236, 36.344728475518835 ], [ 127.41779849806754, 36.344721345913023 ], [ 127.417487154930313, 36.34469708922105 ], [ 127.416984618011213, 36.344654626127941 ], [ 127.416791085224276, 36.344626001842556 ], [ 127.416769657715435, 36.344622705933162 ], [ 127.416742664170073, 36.344618005514178 ], [ 127.416698060869336, 36.344609428166109 ], [ 127.416561464782419, 36.344583435348127 ], [ 127.416480444933967, 36.344568225630461 ], [ 127.416346123683141, 36.344544756949624 ], [ 127.415734044190231, 36.344424654650823 ], [ 127.415540454353945, 36.344385061313645 ], [ 127.415344599667918, 36.344342654847836 ], [ 127.415223998063709, 36.34431406381281 ], [ 127.414948830949001, 36.344250528494648 ], [ 127.414828084827633, 36.344226155027357 ], [ 127.414682421195081, 36.344195685574611 ], [ 127.414605223555057, 36.344178487808307 ], [ 127.414494562364254, 36.344152682330183 ], [ 127.414092331160006, 36.344053537338574 ], [ 127.414018263937308, 36.344036337395856 ], [ 127.413651070142521, 36.343948325560227 ], [ 127.413826574270502, 36.343530650312026 ], [ 127.414233906285915, 36.34255147618628 ], [ 127.414531217093156, 36.341833452074205 ], [ 127.414733681969139, 36.341346688698891 ], [ 127.414894659161533, 36.341046772656689 ], [ 127.414948081242954, 36.340979288553903 ], [ 127.41498768845247, 36.340932398878032 ], [ 127.414991837174455, 36.340927031580165 ], [ 127.414893856240653, 36.340962290841446 ], [ 127.41450351394154, 36.341200485657943 ], [ 127.414153081162638, 36.341548646221526 ], [ 127.413748417814077, 36.342044270858054 ], [ 127.413613164157056, 36.342238209284424 ], [ 127.41340914252244, 36.342528413144535 ], [ 127.413349669562123, 36.342604370364917 ], [ 127.413169350447944, 36.342835357422757 ], [ 127.412955601768417, 36.343030403541455 ], [ 127.412821695068899, 36.343481169493465 ], [ 127.412801164703595, 36.343548827804455 ], [ 127.412759744431398, 36.343683577914888 ], [ 127.412740155946395, 36.343731245051536 ], [ 127.412583586586791, 36.344109427451222 ], [ 127.412495310823587, 36.344269129773849 ], [ 127.412290701486839, 36.344616774156805 ], [ 127.412119121702418, 36.34488856147815 ], [ 127.412035248425255, 36.34502571910653 ], [ 127.411784765645763, 36.345552348032513 ], [ 127.411653468667637, 36.346105611455151 ], [ 127.411354180676952, 36.346520328601152 ], [ 127.410900307634677, 36.346999791913731 ], [ 127.410759566899912, 36.347114605201725 ], [ 127.410097660184874, 36.347653633005791 ], [ 127.409959296394476, 36.347756893254562 ], [ 127.409572502122714, 36.347751455940553 ], [ 127.408404354257058, 36.348280928379125 ], [ 127.407260010806226, 36.348572634502844 ], [ 127.406517591017348, 36.348765245460733 ], [ 127.406041120291079, 36.348887949353234 ], [ 127.405988274432758, 36.348901366398891 ], [ 127.405914260056846, 36.348927246123218 ], [ 127.405601002602836, 36.349039546034142 ], [ 127.404660008054194, 36.349378121138571 ], [ 127.403900139702671, 36.349631324196736 ], [ 127.403920200913745, 36.349877672027439 ], [ 127.404011868950235, 36.350439466813114 ], [ 127.404196348452146, 36.351347330610594 ], [ 127.404401930438098, 36.352360730658027 ], [ 127.404454626297337, 36.352657091181698 ], [ 127.404500863811521, 36.352912929920244 ], [ 127.404529890414125, 36.35300688687812 ], [ 127.404610800444118, 36.353269646727561 ], [ 127.404086003150013, 36.354290014505125 ], [ 127.403982599149614, 36.354492278391668 ], [ 127.403899190224948, 36.354657301699731 ], [ 127.403883843812324, 36.354684388397416 ], [ 127.403851757837359, 36.354742792952145 ], [ 127.403756868529442, 36.355043318271861 ], [ 127.403450173191217, 36.355659396947203 ], [ 127.403373673832789, 36.355812284933705 ], [ 127.403338281410797, 36.355901673576099 ], [ 127.403277561410363, 36.356011991366501 ], [ 127.403223874000233, 36.356504434385521 ], [ 127.403196285702975, 36.356523397571252 ], [ 127.403156640100121, 36.356600409402247 ], [ 127.40310486258717, 36.356753502467001 ], [ 127.403042317495903, 36.35687959668121 ], [ 127.403035948859795, 36.356893414949155 ], [ 127.402974320260199, 36.357028797077028 ], [ 127.40286262301953, 36.357279246145026 ], [ 127.402770014940387, 36.357482887469175 ], [ 127.402663108033636, 36.357716134996018 ], [ 127.402476745279358, 36.358104550648392 ], [ 127.402479134729305, 36.358231544067806 ], [ 127.402283920883718, 36.358558592603742 ], [ 127.401956773681547, 36.35919557973785 ], [ 127.401860830266159, 36.359497224342839 ], [ 127.40175923687768, 36.35971609760977 ], [ 127.401555657937664, 36.360280008491813 ], [ 127.401139051919955, 36.361368155291878 ], [ 127.401334974310359, 36.361314556304777 ], [ 127.401822703086509, 36.361230971133004 ], [ 127.401906158489936, 36.36120984751507 ], [ 127.40199285369566, 36.361175204495822 ], [ 127.402486511639779, 36.361027109277892 ], [ 127.402566374344829, 36.361018108932221 ], [ 127.403156274766516, 36.360967978075415 ], [ 127.403788685722503, 36.360921071550486 ], [ 127.404544059268986, 36.360719142870622 ], [ 127.404711228533941, 36.3606929496909 ], [ 127.405090066490914, 36.360629715486461 ], [ 127.405320995811451, 36.360579091732447 ], [ 127.4053231340407, 36.360587528434564 ], [ 127.405343167582757, 36.360926245191884 ], [ 127.405358021247451, 36.361545467420584 ], [ 127.405456958457719, 36.361892081945435 ], [ 127.405498459993041, 36.362141735865222 ], [ 127.405767903086485, 36.36199691730004 ], [ 127.406381783294393, 36.362002156148158 ], [ 127.406595169378903, 36.36192398666212 ], [ 127.406683418711424, 36.361888487882126 ], [ 127.406731590419, 36.361878754132086 ], [ 127.406802462556939, 36.361848378751674 ], [ 127.407094095914104, 36.361752766699396 ], [ 127.40721342771225, 36.361701670967371 ], [ 127.407292696695791, 36.361679151987573 ], [ 127.407391166303981, 36.361631506301741 ], [ 127.407512255933298, 36.36161645094473 ], [ 127.407771068530067, 36.361571080634697 ], [ 127.407955838219664, 36.361649024907464 ], [ 127.408130574406158, 36.361772899427471 ], [ 127.408264652322899, 36.361778634064777 ], [ 127.408320195746967, 36.361780986250643 ], [ 127.408599857247623, 36.361793830578556 ], [ 127.40865470985905, 36.361796175950914 ], [ 127.408990097978119, 36.361746036206959 ], [ 127.409703892606046, 36.361682203289966 ], [ 127.410141226287109, 36.361653114680593 ], [ 127.410206295482681, 36.361644718546756 ], [ 127.410568556032302, 36.361673334479001 ], [ 127.41074045668293, 36.361686831055195 ], [ 127.411047843059791, 36.361742938797711 ], [ 127.41139874660918, 36.361696397848924 ], [ 127.411674227328206, 36.361676870429903 ], [ 127.411842773164651, 36.361713464808169 ], [ 127.412332827569458, 36.36181118842439 ], [ 127.413003820894858, 36.361753115248007 ], [ 127.413302129832502, 36.361968087946188 ], [ 127.413396677666086, 36.362102936926327 ], [ 127.413557415630464, 36.362342597465492 ], [ 127.41385227956458, 36.362564898104495 ], [ 127.413959243944191, 36.362645354463112 ], [ 127.41397916850795, 36.362658523805713 ], [ 127.41401799546928, 36.362660074940401 ], [ 127.414358064449715, 36.36267130039576 ], [ 127.414795177345908, 36.362698788715562 ], [ 127.415053063722382, 36.36270803451103 ], [ 127.415212724551694, 36.3627114288916 ], [ 127.415627472261093, 36.362755050375462 ], [ 127.415771366301826, 36.362770880676564 ], [ 127.41588335081245, 36.362780630458893 ], [ 127.416192367387112, 36.36281279333123 ], [ 127.416234487416475, 36.362842782115116 ], [ 127.416359929373442, 36.362927668990075 ], [ 127.41657727180251, 36.363071389016994 ], [ 127.416734876741572, 36.36317841353312 ], [ 127.417298705349893, 36.36293651739819 ], [ 127.417480262210034, 36.362866892203861 ], [ 127.417557015844963, 36.36283057833591 ], [ 127.417665627541425, 36.362792747640682 ], [ 127.417732198396493, 36.362806871319052 ], [ 127.417877104527903, 36.362849451158702 ], [ 127.417988962795391, 36.362866805248046 ], [ 127.417998966089399, 36.362883108510211 ], [ 127.418171520305648, 36.362920238687259 ], [ 127.418432342437626, 36.362990863356224 ], [ 127.418515858784431, 36.363015074588112 ], [ 127.418614892151439, 36.363040637410307 ], [ 127.41862868025656, 36.363047906738977 ], [ 127.418775530147045, 36.36309751680124 ], [ 127.419105461934976, 36.363167051523071 ], [ 127.419366860278444, 36.363180502192314 ], [ 127.419639891525065, 36.363223199457074 ], [ 127.420029628118513, 36.363243516935981 ] ] ] ] } },
{ "type": "Feature", "properties": { "EMD_CD": "30230102", "EMD_ENG_NM": "Daehwa-dong", "EMD_KOR_NM": "대화동" }, "geometry": { "type": "MultiPolygon", "coordinates": [ [ [ [ 127.409856263045285, 36.378681308445216 ], [ 127.41049822665849, 36.377939878876454 ], [ 127.410723135802229, 36.377694668041492 ], [ 127.410844355810042, 36.377599918935687 ], [ 127.411132538258613, 36.377369413767831 ], [ 127.411560220858448, 36.377009454607375 ], [ 127.411706425992065, 36.376864198750937 ], [ 127.411969055420343, 36.376609276649681 ], [ 127.412009337027527, 36.376553383240868 ], [ 127.412256398975245, 36.376252338362754 ], [ 127.412406205247137, 36.376063416884648 ], [ 127.412682487378518, 36.375987561549515 ], [ 127.412742752537596, 36.37599158056878 ], [ 127.413042735100802, 36.376018988274033 ], [ 127.413093433735014, 36.376024157514337 ], [ 127.413126025400729, 36.376029686507188 ], [ 127.413513100841939, 36.376061857454644 ], [ 127.413784362868228, 36.376090777170909 ], [ 127.413848805533647, 36.37609449284237 ], [ 127.414140622582863, 36.376090673614733 ], [ 127.414593745089874, 36.375837628898388 ], [ 127.414727803349038, 36.375702270071216 ], [ 127.414751854727115, 36.375675431324382 ], [ 127.414833445959275, 36.375594603043183 ], [ 127.41490641336145, 36.375465655367918 ], [ 127.415045078204685, 36.375213417317148 ], [ 127.415074686934219, 36.375181774086592 ], [ 127.415256058156473, 36.374972472575223 ], [ 127.415308348584375, 36.374918500993829 ], [ 127.415329157691531, 36.37490237017392 ], [ 127.415539910670603, 36.374749289186646 ], [ 127.415558826925391, 36.374737679717583 ], [ 127.415692219974289, 36.37464146865797 ], [ 127.415797727836718, 36.374542533511395 ], [ 127.416034561776414, 36.374153373404319 ], [ 127.416104585355697, 36.374093987023869 ], [ 127.416150152542187, 36.374052150045266 ], [ 127.41639105363511, 36.373839819513115 ], [ 127.416396350169947, 36.373787984190535 ], [ 127.416396115735211, 36.373775314639119 ], [ 127.416323519280539, 36.373679538699001 ], [ 127.416247479138988, 36.373589965664621 ], [ 127.416069813135493, 36.37344639607312 ], [ 127.416038299558906, 36.373414964682922 ], [ 127.416013940839065, 36.373385761369761 ], [ 127.415967552003195, 36.373337773117633 ], [ 127.41593354879312, 36.373297050322954 ], [ 127.415903279604592, 36.37323548866415 ], [ 127.415829087285402, 36.373067615807415 ], [ 127.415765349407963, 36.372935762225126 ], [ 127.416025694544288, 36.372746741170552 ], [ 127.416189271041659, 36.372663095171873 ], [ 127.416546370816945, 36.372496833935777 ], [ 127.416855815706498, 36.372241738345323 ], [ 127.417179842455198, 36.371946327196241 ], [ 127.4176850092161, 36.371468357242321 ], [ 127.417819428618586, 36.371338346542331 ], [ 127.418372462429332, 36.370825575099808 ], [ 127.418668552576307, 36.370517577969252 ], [ 127.418820458805598, 36.370401310909756 ], [ 127.418844898287162, 36.370380940328808 ], [ 127.41901686256135, 36.370141819295746 ], [ 127.4192796539987, 36.369892512683812 ], [ 127.419390383029153, 36.369825952923193 ], [ 127.419702224839625, 36.369633075941003 ], [ 127.4198827916195, 36.369442640486021 ], [ 127.419920539837094, 36.369304512966465 ], [ 127.420002597137611, 36.36902373809027 ], [ 127.420009812345981, 36.369004004346856 ], [ 127.420044695134095, 36.368886442380997 ], [ 127.420301711581786, 36.368600548414278 ], [ 127.420567377268299, 36.368595958139245 ], [ 127.420751496308029, 36.368580388900213 ], [ 127.420843466926428, 36.368555004741403 ], [ 127.420862200213008, 36.368607314675693 ], [ 127.421149050952863, 36.368428895195628 ], [ 127.421144085796314, 36.368413142254305 ], [ 127.421140844288075, 36.368392589062793 ], [ 127.420980290239044, 36.367901180047753 ], [ 127.420945216524615, 36.367756549096647 ], [ 127.420821823571487, 36.367181651595963 ], [ 127.4206550399104, 36.366340206375412 ], [ 127.420130753168621, 36.363728097795573 ], [ 127.420329258124553, 36.364286692356842 ], [ 127.420296301417366, 36.364178947405641 ], [ 127.420165035157908, 36.363723480860337 ], [ 127.420091366069727, 36.363493094705191 ], [ 127.420029628118513, 36.363243516935981 ], [ 127.419639891525065, 36.363223199457074 ], [ 127.419366860278444, 36.363180502192314 ], [ 127.419105461934976, 36.363167051523071 ], [ 127.418775530147045, 36.36309751680124 ], [ 127.41862868025656, 36.363047906738977 ], [ 127.418614892151439, 36.363040637410307 ], [ 127.418515858784431, 36.363015074588112 ], [ 127.418432342437626, 36.362990863356224 ], [ 127.418171520305648, 36.362920238687259 ], [ 127.417998966089399, 36.362883108510211 ], [ 127.417988962795391, 36.362866805248046 ], [ 127.417877104527903, 36.362849451158702 ], [ 127.417732198396493, 36.362806871319052 ], [ 127.417665627541425, 36.362792747640682 ], [ 127.417557015844963, 36.36283057833591 ], [ 127.417480262210034, 36.362866892203861 ], [ 127.417298705349893, 36.36293651739819 ], [ 127.416734876741572, 36.36317841353312 ], [ 127.41657727180251, 36.363071389016994 ], [ 127.416359929373442, 36.362927668990075 ], [ 127.416234487416475, 36.362842782115116 ], [ 127.416192367387112, 36.36281279333123 ], [ 127.41588335081245, 36.362780630458893 ], [ 127.415771366301826, 36.362770880676564 ], [ 127.415627472261093, 36.362755050375462 ], [ 127.415212724551694, 36.3627114288916 ], [ 127.415053063722382, 36.36270803451103 ], [ 127.414795177345908, 36.362698788715562 ], [ 127.414358064449715, 36.36267130039576 ], [ 127.41401799546928, 36.362660074940401 ], [ 127.41397916850795, 36.362658523805713 ], [ 127.413959243944191, 36.362645354463112 ], [ 127.41385227956458, 36.362564898104495 ], [ 127.413557415630464, 36.362342597465492 ], [ 127.413396677666086, 36.362102936926327 ], [ 127.413302129832502, 36.361968087946188 ], [ 127.413003820894858, 36.361753115248007 ], [ 127.412332827569458, 36.36181118842439 ], [ 127.411842773164651, 36.361713464808169 ], [ 127.411674227328206, 36.361676870429903 ], [ 127.41139874660918, 36.361696397848924 ], [ 127.411047843059791, 36.361742938797711 ], [ 127.41074045668293, 36.361686831055195 ], [ 127.410568556032302, 36.361673334479001 ], [ 127.410206295482681, 36.361644718546756 ], [ 127.410141226287109, 36.361653114680593 ], [ 127.409703892606046, 36.361682203289966 ], [ 127.408990097978119, 36.361746036206959 ], [ 127.40865470985905, 36.361796175950914 ], [ 127.408599857247623, 36.361793830578556 ], [ 127.408320195746967, 36.361780986250643 ], [ 127.408264652322899, 36.361778634064777 ], [ 127.408130574406158, 36.361772899427471 ], [ 127.407955838219664, 36.361649024907464 ], [ 127.407771068530067, 36.361571080634697 ], [ 127.407512255933298, 36.36161645094473 ], [ 127.407391166303981, 36.361631506301741 ], [ 127.407292696695791, 36.361679151987573 ], [ 127.40721342771225, 36.361701670967371 ], [ 127.407094095914104, 36.361752766699396 ], [ 127.406802462556939, 36.361848378751674 ], [ 127.406731590419, 36.361878754132086 ], [ 127.406683418711424, 36.361888487882126 ], [ 127.406595169378903, 36.36192398666212 ], [ 127.406381783294393, 36.362002156148158 ], [ 127.405767903086485, 36.36199691730004 ], [ 127.405498459993041, 36.362141735865222 ], [ 127.405456958457719, 36.361892081945435 ], [ 127.405358021247451, 36.361545467420584 ], [ 127.405343167582757, 36.360926245191884 ], [ 127.4053231340407, 36.360587528434564 ], [ 127.405320995811451, 36.360579091732447 ], [ 127.405090066490914, 36.360629715486461 ], [ 127.404711228533941, 36.3606929496909 ], [ 127.404544059268986, 36.360719142870622 ], [ 127.403788685722503, 36.360921071550486 ], [ 127.403156274766516, 36.360967978075415 ], [ 127.402566374344829, 36.361018108932221 ], [ 127.402486511639779, 36.361027109277892 ], [ 127.40199285369566, 36.361175204495822 ], [ 127.401906158489936, 36.36120984751507 ], [ 127.401822703086509, 36.361230971133004 ], [ 127.401334974310359, 36.361314556304777 ], [ 127.401139051919955, 36.361368155291878 ], [ 127.400753467772162, 36.361542918860259 ], [ 127.40028962391456, 36.361770606570687 ], [ 127.400025750784835, 36.361917079417289 ], [ 127.399877328737134, 36.36203500535553 ], [ 127.399402482993196, 36.36232411374754 ], [ 127.398552668030433, 36.362893269709566 ], [ 127.398144713401066, 36.363330284479808 ], [ 127.39759278439125, 36.364109929957351 ], [ 127.39743104263529, 36.364795919950708 ], [ 127.397362653050635, 36.365456250596033 ], [ 127.397356159234391, 36.365788856378003 ], [ 127.397276419928332, 36.366133537099309 ], [ 127.397140803393512, 36.36651190813712 ], [ 127.396885613927239, 36.366969535770558 ], [ 127.396562397054495, 36.367572980104121 ], [ 127.396255646033055, 36.368024567783522 ], [ 127.395624173337495, 36.368647618648644 ], [ 127.39525840579671, 36.369034072904356 ], [ 127.394587884458119, 36.369617532565066 ], [ 127.393655369706323, 36.370418966427906 ], [ 127.393271910675551, 36.370856451521171 ], [ 127.392910813509729, 36.371414383926997 ], [ 127.392652856062668, 36.372126302073248 ], [ 127.392844980852516, 36.372629487189172 ], [ 127.393086211118856, 36.373131375535102 ], [ 127.394235749227107, 36.37334106104425 ], [ 127.395553479929433, 36.37351470196775 ], [ 127.396438093870898, 36.373672016984344 ], [ 127.397328652645839, 36.373763691944966 ], [ 127.397925365857304, 36.373903367453835 ], [ 127.39974954049147, 36.374468981172761 ], [ 127.400246444448726, 36.374666706312368 ], [ 127.40092625753563, 36.374982933872268 ], [ 127.400577668440818, 36.375390758238503 ], [ 127.400963068703859, 36.375574199841687 ], [ 127.401633498531496, 36.375755577433196 ], [ 127.402301120146021, 36.376034106161171 ], [ 127.402564843266774, 36.37605405600489 ], [ 127.402907316739572, 36.376081914246583 ], [ 127.403520013969029, 36.376242910617066 ], [ 127.403927794069972, 36.376305745610154 ], [ 127.404337096712794, 36.376259587300737 ], [ 127.405087510370933, 36.376249169360534 ], [ 127.405683398961187, 36.376423449496357 ], [ 127.406487210018739, 36.376667700251119 ], [ 127.407081343632044, 36.376874078788674 ], [ 127.407559437555889, 36.377063384277321 ], [ 127.408003015852799, 36.377346021668394 ], [ 127.408420462099656, 36.377591861775606 ], [ 127.408549051841305, 36.377674781338406 ], [ 127.409009422840683, 36.377972848726209 ], [ 127.409375378954266, 36.378259404431041 ], [ 127.409818983465939, 36.378612722157627 ], [ 127.409856263045285, 36.378681308445216 ] ] ] ] } },
{ "type": "Feature", "properties": { "EMD_CD": "30230103", "EMD_ENG_NM": "Eumnae-dong", "EMD_KOR_NM": "읍내동" }, "geometry": { "type": "MultiPolygon", "coordinates": [ [ [ [ 127.438961061299395, 36.384728993525464 ], [ 127.439134402201702, 36.384554037908686 ], [ 127.439284949383548, 36.384414653318444 ], [ 127.439608656547179, 36.384100312888258 ], [ 127.439700099047386, 36.384008455509417 ], [ 127.440210057988722, 36.383898444338179 ], [ 127.440508377546891, 36.38383905221896 ], [ 127.440510909548578, 36.383577706038132 ], [ 127.44050652880594, 36.383262315548436 ], [ 127.440501996542466, 36.383199530244859 ], [ 127.440447991368359, 36.382948250506793 ], [ 127.440382654680747, 36.382631957494404 ], [ 127.440363502342251, 36.382571478795896 ], [ 127.440421516750845, 36.382326546140426 ], [ 127.440488646452906, 36.382002160553348 ], [ 127.440517302935561, 36.381834213836292 ], [ 127.440201856494838, 36.381694286793284 ], [ 127.439964776134161, 36.381587297141039 ], [ 127.439756785486267, 36.381357416972534 ], [ 127.439163365761203, 36.381053197465782 ], [ 127.438781303359576, 36.380863667400973 ], [ 127.438557694225324, 36.380735502374364 ], [ 127.438193155882644, 36.380536326939783 ], [ 127.438134956306925, 36.380497960923769 ], [ 127.437949841899993, 36.380246032601079 ], [ 127.437800689937646, 36.37991793256338 ], [ 127.437744771756172, 36.379819008922624 ], [ 127.437589924726979, 36.379656238614963 ], [ 127.43706138112573, 36.379365009743871 ], [ 127.436856956841225, 36.379054574503286 ], [ 127.43665252701733, 36.378772858961561 ], [ 127.436550978876909, 36.378736614583893 ], [ 127.436355800048204, 36.378644956055375 ], [ 127.435928096715955, 36.37848120291298 ], [ 127.435477786780751, 36.378354144593189 ], [ 127.435386619362788, 36.378336740866111 ], [ 127.435053782685515, 36.378259935609506 ], [ 127.434851806483763, 36.378011163537813 ], [ 127.434772529829345, 36.377907249642739 ], [ 127.434482435807496, 36.377844940659692 ], [ 127.43429304199158, 36.377825071425711 ], [ 127.434233894790751, 36.377866396734817 ], [ 127.434161141233801, 36.377903833212407 ], [ 127.434082076476969, 36.377807812272486 ], [ 127.434034865507556, 36.37777081025213 ], [ 127.434009318427854, 36.377842428034882 ], [ 127.433996094127693, 36.377907530851026 ], [ 127.433984821217123, 36.377948691718203 ], [ 127.433943270084185, 36.377989953180105 ], [ 127.434016039942662, 36.377800445561725 ], [ 127.43365128246478, 36.377555072291145 ], [ 127.433395364204628, 36.377594576563403 ], [ 127.433363598479843, 36.377613841111298 ], [ 127.43335670751685, 36.377594995672695 ], [ 127.43341801445635, 36.377535081009334 ], [ 127.433502641261441, 36.377534775013245 ], [ 127.433646807533265, 36.377501586442314 ], [ 127.433088321204892, 36.37726986177703 ], [ 127.432472474780113, 36.377118040273714 ], [ 127.432180761430445, 36.377046161170028 ], [ 127.431649913333928, 36.376930634192973 ], [ 127.431176828169583, 36.376712119466319 ], [ 127.430460806263412, 36.376517842564503 ], [ 127.43025516811656, 36.376455219991726 ], [ 127.430161314742151, 36.376392475373287 ], [ 127.430057124383893, 36.376094897612376 ], [ 127.429856135861129, 36.37605281319636 ], [ 127.429572102519359, 36.376014684760897 ], [ 127.429526087151856, 36.376069207798878 ], [ 127.429362221868857, 36.3760357218096 ], [ 127.429314133768273, 36.376124874879203 ], [ 127.429376946046816, 36.375989484460689 ], [ 127.428893074323597, 36.375929820260737 ], [ 127.428757422637887, 36.375928331935278 ], [ 127.428753081589875, 36.375961861721009 ], [ 127.428366469365713, 36.375952258582799 ], [ 127.428375453795027, 36.375938429670704 ], [ 127.427754360439778, 36.375811952223174 ], [ 127.427742570343625, 36.375852825997931 ], [ 127.427604441596841, 36.37571589134609 ], [ 127.427573781104314, 36.375553791303247 ], [ 127.427460485078754, 36.375468584800345 ], [ 127.427285196819611, 36.376084812344118 ], [ 127.42716230277648, 36.376060477307554 ], [ 127.427029055690383, 36.376085166257042 ], [ 127.426942183968279, 36.376086322750865 ], [ 127.426860237230386, 36.376066897100166 ], [ 127.426816830599691, 36.376121968532651 ], [ 127.426751950493383, 36.376166978301754 ], [ 127.426691394880422, 36.376109744683113 ], [ 127.42642157123035, 36.376122816346459 ], [ 127.42641063875918, 36.376065397059975 ], [ 127.426404786649556, 36.376013889357154 ], [ 127.426476182804791, 36.375759336123863 ], [ 127.426178662539272, 36.375703792052413 ], [ 127.425797304008313, 36.375635306938797 ], [ 127.425801154664626, 36.375607690628364 ], [ 127.425760532827809, 36.375629805259045 ], [ 127.425184144225796, 36.375525964100213 ], [ 127.424562278379554, 36.375415801844618 ], [ 127.424593986722769, 36.375194336769589 ], [ 127.424561915853801, 36.375186285803878 ], [ 127.423992165864348, 36.375023281011892 ], [ 127.423784311604223, 36.37496544027325 ], [ 127.423482172406565, 36.37486259470338 ], [ 127.423395134124021, 36.374834731735277 ], [ 127.423382315993649, 36.374815636287003 ], [ 127.42328722418921, 36.374456065328381 ], [ 127.423203031137689, 36.374147993351237 ], [ 127.423196055815282, 36.374115071428108 ], [ 127.423382712075352, 36.374049078058249 ], [ 127.423739102111057, 36.373883077255037 ], [ 127.42375585982235, 36.373890903209258 ], [ 127.424064717838974, 36.373852070427724 ], [ 127.424064857598296, 36.373847005393365 ], [ 127.424098313743997, 36.373818725686867 ], [ 127.424093816209279, 36.373728904584929 ], [ 127.424265244169987, 36.373649725607535 ], [ 127.424285749862321, 36.37364176785934 ], [ 127.424301866505658, 36.373627914006534 ], [ 127.424294936926444, 36.373601462339707 ], [ 127.424265676004538, 36.373568898703788 ], [ 127.424280072574035, 36.37352548375808 ], [ 127.424331554167779, 36.373514884109262 ], [ 127.424236740834715, 36.373400879983045 ], [ 127.424193678887676, 36.373359074163211 ], [ 127.424086865647965, 36.373247365279703 ], [ 127.424137693879331, 36.373212833114906 ], [ 127.424188692646041, 36.373242787606635 ], [ 127.424282975389431, 36.373192889982782 ], [ 127.424135183551641, 36.373133990162309 ], [ 127.424116659522724, 36.372993248843926 ], [ 127.42409836651629, 36.372734508305257 ], [ 127.424095662095709, 36.37252499726678 ], [ 127.424107327364467, 36.372394854968533 ], [ 127.424090353732595, 36.37231408961577 ], [ 127.424064501588916, 36.372235887933542 ], [ 127.424059503556563, 36.37208440192579 ], [ 127.423848804086902, 36.37188632315732 ], [ 127.423703233034757, 36.371755330819454 ], [ 127.423200362337965, 36.371297792551118 ], [ 127.422899613202773, 36.37103047803393 ], [ 127.422822826571206, 36.370964567352409 ], [ 127.422790792153862, 36.370933986666472 ], [ 127.422703333316704, 36.370858254802705 ], [ 127.422607095633296, 36.370770451181293 ], [ 127.422485682602499, 36.370630351516091 ], [ 127.422428217042068, 36.370564093130113 ], [ 127.422355293585568, 36.370472548429177 ], [ 127.422112562672481, 36.37017855127867 ], [ 127.42205262011818, 36.370103289782037 ], [ 127.421997573836208, 36.370035049114861 ], [ 127.421900683456954, 36.369889797975105 ], [ 127.4217760298814, 36.369728874041762 ], [ 127.421716688520092, 36.369605731388056 ], [ 127.421661668777745, 36.369507076165149 ], [ 127.421540827350739, 36.369310939081757 ], [ 127.421464736311762, 36.369181105456526 ], [ 127.421332545597863, 36.368913185228052 ], [ 127.421183438471601, 36.368576340112512 ], [ 127.421177223747179, 36.368520877238026 ], [ 127.421149050952863, 36.368428895195628 ], [ 127.420862200213008, 36.368607314675693 ], [ 127.420843466926428, 36.368555004741403 ], [ 127.420751496308029, 36.368580388900213 ], [ 127.420567377268299, 36.368595958139245 ], [ 127.420301711581786, 36.368600548414278 ], [ 127.420044695134095, 36.368886442380997 ], [ 127.420009812345981, 36.369004004346856 ], [ 127.420002597137611, 36.36902373809027 ], [ 127.419920539837094, 36.369304512966465 ], [ 127.4198827916195, 36.369442640486021 ], [ 127.419702224839625, 36.369633075941003 ], [ 127.419390383029153, 36.369825952923193 ], [ 127.4192796539987, 36.369892512683812 ], [ 127.41901686256135, 36.370141819295746 ], [ 127.418844898287162, 36.370380940328808 ], [ 127.418820458805598, 36.370401310909756 ], [ 127.418668552576307, 36.370517577969252 ], [ 127.418372462429332, 36.370825575099808 ], [ 127.417819428618586, 36.371338346542331 ], [ 127.4176850092161, 36.371468357242321 ], [ 127.417179842455198, 36.371946327196241 ], [ 127.416855815706498, 36.372241738345323 ], [ 127.416546370816945, 36.372496833935777 ], [ 127.416189271041659, 36.372663095171873 ], [ 127.416025694544288, 36.372746741170552 ], [ 127.415765349407963, 36.372935762225126 ], [ 127.415829087285402, 36.373067615807415 ], [ 127.415903279604592, 36.37323548866415 ], [ 127.41593354879312, 36.373297050322954 ], [ 127.415967552003195, 36.373337773117633 ], [ 127.416013940839065, 36.373385761369761 ], [ 127.416038299558906, 36.373414964682922 ], [ 127.416069813135493, 36.37344639607312 ], [ 127.416247479138988, 36.373589965664621 ], [ 127.416323519280539, 36.373679538699001 ], [ 127.416396115735211, 36.373775314639119 ], [ 127.416396350169947, 36.373787984190535 ], [ 127.41639105363511, 36.373839819513115 ], [ 127.416150152542187, 36.374052150045266 ], [ 127.416104585355697, 36.374093987023869 ], [ 127.416034561776414, 36.374153373404319 ], [ 127.415797727836718, 36.374542533511395 ], [ 127.415692219974289, 36.37464146865797 ], [ 127.415558826925391, 36.374737679717583 ], [ 127.415539910670603, 36.374749289186646 ], [ 127.415329157691531, 36.37490237017392 ], [ 127.415308348584375, 36.374918500993829 ], [ 127.415256058156473, 36.374972472575223 ], [ 127.415074686934219, 36.375181774086592 ], [ 127.415045078204685, 36.375213417317148 ], [ 127.41490641336145, 36.375465655367918 ], [ 127.414833445959275, 36.375594603043183 ], [ 127.414751854727115, 36.375675431324382 ], [ 127.414727803349038, 36.375702270071216 ], [ 127.414593745089874, 36.375837628898388 ], [ 127.414140622582863, 36.376090673614733 ], [ 127.413848805533647, 36.37609449284237 ], [ 127.413784362868228, 36.376090777170909 ], [ 127.413513100841939, 36.376061857454644 ], [ 127.413126025400729, 36.376029686507188 ], [ 127.413093433735014, 36.376024157514337 ], [ 127.413042735100802, 36.376018988274033 ], [ 127.412742752537596, 36.37599158056878 ], [ 127.412682487378518, 36.375987561549515 ], [ 127.412406205247137, 36.376063416884648 ], [ 127.412256398975245, 36.376252338362754 ], [ 127.412009337027527, 36.376553383240868 ], [ 127.411969055420343, 36.376609276649681 ], [ 127.411706425992065, 36.376864198750937 ], [ 127.411560220858448, 36.377009454607375 ], [ 127.411132538258613, 36.377369413767831 ], [ 127.410844355810042, 36.377599918935687 ], [ 127.410723135802229, 36.377694668041492 ], [ 127.41049822665849, 36.377939878876454 ], [ 127.409856263045285, 36.378681308445216 ], [ 127.409936078253494, 36.378828321740407 ], [ 127.410822228763948, 36.379857409118166 ], [ 127.411099180968733, 36.380172146328754 ], [ 127.411206437287078, 36.38037003442372 ], [ 127.411875261955487, 36.380199617716848 ], [ 127.412108645047326, 36.380141357597353 ], [ 127.412315269805546, 36.380161491112133 ], [ 127.41238275244406, 36.380244616615933 ], [ 127.412594159391404, 36.380413136740621 ], [ 127.412980960842532, 36.38025804857638 ], [ 127.413128511828717, 36.380003799742639 ], [ 127.413353974010747, 36.37963354574832 ], [ 127.413481075796469, 36.379498221375698 ], [ 127.41371167313244, 36.379244253104027 ], [ 127.414172252863125, 36.379112273638 ], [ 127.414313312798839, 36.3789509917125 ], [ 127.414457858688039, 36.378789400183649 ], [ 127.41458018219609, 36.378773206913976 ], [ 127.415238733690856, 36.378703908422843 ], [ 127.415514627685425, 36.378686055776427 ], [ 127.415879440051853, 36.378686764452922 ], [ 127.416222508241603, 36.37869345913488 ], [ 127.416238505144008, 36.378984028737968 ], [ 127.416297240273678, 36.379125478652504 ], [ 127.416337907001349, 36.379241073826947 ], [ 127.416367294773707, 36.379299835749372 ], [ 127.416416737034453, 36.379363862897392 ], [ 127.416592143003612, 36.379603755954157 ], [ 127.416700227925034, 36.379757983879244 ], [ 127.417071988789175, 36.379723176947422 ], [ 127.417542622629369, 36.379780402781932 ], [ 127.417897798553511, 36.3798999752063 ], [ 127.418140189744449, 36.379997978637881 ], [ 127.418247462523411, 36.380064065225582 ], [ 127.418423493636112, 36.380192146077988 ], [ 127.418697879759392, 36.380673589648708 ], [ 127.418713265444779, 36.380749855397191 ], [ 127.418737419287467, 36.380936194592543 ], [ 127.418892179998764, 36.381285701630105 ], [ 127.418909470738043, 36.381457709229515 ], [ 127.418913426330107, 36.381480503836684 ], [ 127.418913683794941, 36.381497399738208 ], [ 127.418916168070311, 36.381505555591907 ], [ 127.418919092651251, 36.381531453801045 ], [ 127.418931279465042, 36.381661800449386 ], [ 127.418950187684359, 36.381973761952999 ], [ 127.418938227862199, 36.382309207465596 ], [ 127.419228048557969, 36.382546723073013 ], [ 127.419261244122467, 36.382795832499077 ], [ 127.419276212960455, 36.382827320837642 ], [ 127.419653098721199, 36.383357967374501 ], [ 127.419664479111034, 36.383368633346763 ], [ 127.420075959548569, 36.383983641346482 ], [ 127.42003723187203, 36.384424787840068 ], [ 127.419984380457947, 36.384961164519162 ], [ 127.419957001850264, 36.385182603879336 ], [ 127.419882999531723, 36.385411812340983 ], [ 127.419839031482979, 36.385559531622555 ], [ 127.420586502306136, 36.385890062150544 ], [ 127.421114013324171, 36.385797246985078 ], [ 127.421402735120793, 36.385600797411911 ], [ 127.421762678440388, 36.385761461395667 ], [ 127.422399323729152, 36.385400160856463 ], [ 127.422618731021956, 36.384621288187482 ], [ 127.423138185870599, 36.384522580873018 ], [ 127.423422757324559, 36.384203357710184 ], [ 127.423431222572205, 36.384159107782587 ], [ 127.423775483152269, 36.384188026176368 ], [ 127.424314374294141, 36.384238216157243 ], [ 127.424441932786607, 36.384255229114657 ], [ 127.424558671020137, 36.384266359621748 ], [ 127.424681676436222, 36.384309008486412 ], [ 127.424738050051062, 36.38436485203475 ], [ 127.424812440300272, 36.38443414914277 ], [ 127.424831424120811, 36.384498569026441 ], [ 127.424832220733506, 36.384550950754324 ], [ 127.424846875628674, 36.384587783381463 ], [ 127.424843726896029, 36.384681290103259 ], [ 127.424840663849537, 36.38469397129689 ], [ 127.424842354648789, 36.384748882119325 ], [ 127.424915513306871, 36.384817057069483 ], [ 127.425191092733172, 36.385088960800893 ], [ 127.425182458794595, 36.385101950133375 ], [ 127.425229402513551, 36.385153321075677 ], [ 127.425239451427942, 36.385142300265258 ], [ 127.42566300963297, 36.385568281201849 ], [ 127.425650253991378, 36.385622684579154 ], [ 127.425938446675218, 36.385940158557311 ], [ 127.425961746642386, 36.385902344120673 ], [ 127.425988867156448, 36.38592562388569 ], [ 127.426490631722302, 36.385936221721387 ], [ 127.426500814042143, 36.38591900935036 ], [ 127.426526571249113, 36.385914979629156 ], [ 127.426552272702125, 36.385933470134127 ], [ 127.426667588477812, 36.385907998438242 ], [ 127.42678825082703, 36.385904468908777 ], [ 127.426880775493117, 36.385944691737954 ], [ 127.427336749653421, 36.386019665859955 ], [ 127.427367711822015, 36.386046310971516 ], [ 127.428204212299647, 36.38618666457171 ], [ 127.428517652342023, 36.386278201946162 ], [ 127.429066800522335, 36.386449990571414 ], [ 127.430372584228849, 36.386868008359976 ], [ 127.430592866758204, 36.386897072748589 ], [ 127.431223851428598, 36.38696915029066 ], [ 127.43181713067186, 36.387022769372059 ], [ 127.432051865678318, 36.386988409328978 ], [ 127.432664729870055, 36.386870741945096 ], [ 127.432738481553784, 36.386600685996278 ], [ 127.433069884076502, 36.386286903242436 ], [ 127.433067528234972, 36.386270014975409 ], [ 127.433071622331795, 36.386002463346884 ], [ 127.433287718192432, 36.385873266896198 ], [ 127.43340728760873, 36.385639947440431 ], [ 127.433914278497753, 36.38511515112652 ], [ 127.434019786729664, 36.385015920725372 ], [ 127.434087784776978, 36.384937669943945 ], [ 127.434499866404281, 36.384790864613635 ], [ 127.434816093442123, 36.38466327593531 ], [ 127.435257667230331, 36.384683923012751 ], [ 127.435421131721043, 36.384549281536259 ], [ 127.435717289375418, 36.38435050851897 ], [ 127.43610235125135, 36.384168028769324 ], [ 127.436197718207708, 36.384125723677009 ], [ 127.436769248493007, 36.384155750903581 ], [ 127.437385605869281, 36.384199967336521 ], [ 127.437900549662757, 36.384233286599084 ], [ 127.438384340767414, 36.384268132403136 ], [ 127.438695245491047, 36.384527205336106 ], [ 127.438961061299395, 36.384728993525464 ] ] ] ] } },
{ "type": "Feature", "properties": { "EMD_CD": "30230104", "EMD_ENG_NM": "Yeonchuk-dong", "EMD_KOR_NM": "연축동" }, "geometry": { "type": "MultiPolygon", "coordinates": [ [ [ [ 127.436132858534364, 36.396282898417901 ], [ 127.436256493221634, 36.396151789282541 ], [ 127.436318886568529, 36.396098619012406 ], [ 127.436480655434195, 36.395935812189514 ], [ 127.436511091850662, 36.39589684332509 ], [ 127.4366347941626, 36.395780089025251 ], [ 127.436836774580044, 36.395582503636042 ], [ 127.436992196124734, 36.395437192739571 ], [ 127.437100906727053, 36.395318798431688 ], [ 127.437182352808335, 36.395244435029497 ], [ 127.437195526719407, 36.395108365880596 ], [ 127.437247453683341, 36.394706033773183 ], [ 127.437277813613576, 36.39443585433613 ], [ 127.437288223872429, 36.394397805419956 ], [ 127.437293245550094, 36.394360893601956 ], [ 127.437195749150021, 36.393838008644899 ], [ 127.437432220136557, 36.393175081402624 ], [ 127.437436512207086, 36.393163233502861 ], [ 127.437498967581135, 36.392746498240093 ], [ 127.43769219716232, 36.392325067993468 ], [ 127.437858103227924, 36.391969062356203 ], [ 127.43767813125649, 36.391708671517719 ], [ 127.437516320746099, 36.391486783771782 ], [ 127.43748193510659, 36.391223319812397 ], [ 127.437935791087313, 36.390850221978788 ], [ 127.43798894254941, 36.390670074988719 ], [ 127.438016274541383, 36.39060464095833 ], [ 127.438053571254457, 36.390455524766374 ], [ 127.43805822710452, 36.390353289090271 ], [ 127.438045099298009, 36.390248009403003 ], [ 127.438041830652921, 36.390068068558143 ], [ 127.438035994188496, 36.389957138973713 ], [ 127.43857880174393, 36.389547378728594 ], [ 127.438586025204671, 36.389499761993299 ], [ 127.438654555195853, 36.389204092657856 ], [ 127.438732153985015, 36.388850102986545 ], [ 127.438759967799825, 36.388685827674067 ], [ 127.438914671463735, 36.388602462593603 ], [ 127.438899429051446, 36.3881815050065 ], [ 127.43888554651555, 36.387973450722058 ], [ 127.439099378705023, 36.3878129908245 ], [ 127.439127028830754, 36.38765152762376 ], [ 127.439214025768024, 36.387233007023362 ], [ 127.439262413107414, 36.386949531666502 ], [ 127.439438196706618, 36.38665093640067 ], [ 127.43918865110308, 36.385937121982963 ], [ 127.439146634364675, 36.385804075268545 ], [ 127.439444828521701, 36.385565859793836 ], [ 127.439033260347969, 36.385119040172249 ], [ 127.438961061299395, 36.384728993525464 ], [ 127.438695245491047, 36.384527205336106 ], [ 127.438384340767414, 36.384268132403136 ], [ 127.437900549662757, 36.384233286599084 ], [ 127.437385605869281, 36.384199967336521 ], [ 127.436769248493007, 36.384155750903581 ], [ 127.436197718207708, 36.384125723677009 ], [ 127.43610235125135, 36.384168028769324 ], [ 127.435717289375418, 36.38435050851897 ], [ 127.435421131721043, 36.384549281536259 ], [ 127.435257667230331, 36.384683923012751 ], [ 127.434816093442123, 36.38466327593531 ], [ 127.434499866404281, 36.384790864613635 ], [ 127.434087784776978, 36.384937669943945 ], [ 127.434019786729664, 36.385015920725372 ], [ 127.433914278497753, 36.38511515112652 ], [ 127.43340728760873, 36.385639947440431 ], [ 127.433287718192432, 36.385873266896198 ], [ 127.433071622331795, 36.386002463346884 ], [ 127.433067528234972, 36.386270014975409 ], [ 127.433069884076502, 36.386286903242436 ], [ 127.432738481553784, 36.386600685996278 ], [ 127.432664729870055, 36.386870741945096 ], [ 127.432051865678318, 36.386988409328978 ], [ 127.43181713067186, 36.387022769372059 ], [ 127.431223851428598, 36.38696915029066 ], [ 127.430592866758204, 36.386897072748589 ], [ 127.430372584228849, 36.386868008359976 ], [ 127.429066800522335, 36.386449990571414 ], [ 127.428517652342023, 36.386278201946162 ], [ 127.428204212299647, 36.38618666457171 ], [ 127.427367711822015, 36.386046310971516 ], [ 127.427336749653421, 36.386019665859955 ], [ 127.426880775493117, 36.385944691737954 ], [ 127.42678825082703, 36.385904468908777 ], [ 127.426667588477812, 36.385907998438242 ], [ 127.426552272702125, 36.385933470134127 ], [ 127.426526571249113, 36.385914979629156 ], [ 127.426500814042143, 36.38591900935036 ], [ 127.426490631722302, 36.385936221721387 ], [ 127.425988867156448, 36.38592562388569 ], [ 127.425961746642386, 36.385902344120673 ], [ 127.425938446675218, 36.385940158557311 ], [ 127.425650253991378, 36.385622684579154 ], [ 127.42566300963297, 36.385568281201849 ], [ 127.425239451427942, 36.385142300265258 ], [ 127.425229402513551, 36.385153321075677 ], [ 127.425182458794595, 36.385101950133375 ], [ 127.425191092733172, 36.385088960800893 ], [ 127.424915513306871, 36.384817057069483 ], [ 127.424842354648789, 36.384748882119325 ], [ 127.424840663849537, 36.38469397129689 ], [ 127.424843726896029, 36.384681290103259 ], [ 127.424846875628674, 36.384587783381463 ], [ 127.424832220733506, 36.384550950754324 ], [ 127.424831424120811, 36.384498569026441 ], [ 127.424812440300272, 36.38443414914277 ], [ 127.424738050051062, 36.38436485203475 ], [ 127.424681676436222, 36.384309008486412 ], [ 127.424558671020137, 36.384266359621748 ], [ 127.424441932786607, 36.384255229114657 ], [ 127.424314374294141, 36.384238216157243 ], [ 127.423775483152269, 36.384188026176368 ], [ 127.423431222572205, 36.384159107782587 ], [ 127.423422757324559, 36.384203357710184 ], [ 127.423138185870599, 36.384522580873018 ], [ 127.422618731021956, 36.384621288187482 ], [ 127.422399323729152, 36.385400160856463 ], [ 127.421762678440388, 36.385761461395667 ], [ 127.421402735120793, 36.385600797411911 ], [ 127.421114013324171, 36.385797246985078 ], [ 127.420586502306136, 36.385890062150544 ], [ 127.419839031482979, 36.385559531622555 ], [ 127.419379706826646, 36.385702225281236 ], [ 127.418721013791512, 36.385947282792436 ], [ 127.41872288360419, 36.386134546746646 ], [ 127.418736157397433, 36.386370208319967 ], [ 127.418742576408917, 36.386495231136159 ], [ 127.418939447305419, 36.386838949382827 ], [ 127.419016148436526, 36.38694907365015 ], [ 127.419029016654648, 36.38697944288554 ], [ 127.419111992260454, 36.387060257395049 ], [ 127.419340945854699, 36.387277429765334 ], [ 127.419561473256138, 36.387483925373722 ], [ 127.419806996209857, 36.387706103365332 ], [ 127.419883510214419, 36.387782992863812 ], [ 127.419794377965331, 36.388049147731593 ], [ 127.41957326607816, 36.388223116090316 ], [ 127.419428479890271, 36.388341053131036 ], [ 127.419377187601754, 36.388549346854354 ], [ 127.419347307532789, 36.388693357883298 ], [ 127.419305463087582, 36.388848954630959 ], [ 127.419226798882391, 36.388924422677889 ], [ 127.419149915948736, 36.389005787052746 ], [ 127.419146782320013, 36.389168016103945 ], [ 127.419142827439416, 36.38927672803829 ], [ 127.419132744308158, 36.389442072364048 ], [ 127.419132192466122, 36.389663985313383 ], [ 127.41912052654672, 36.389860587440914 ], [ 127.419149045681522, 36.389916251597924 ], [ 127.419261515987031, 36.390107355096553 ], [ 127.419321947130285, 36.390204865669411 ], [ 127.419288854583314, 36.390365216927108 ], [ 127.419271952086561, 36.390462150892461 ], [ 127.419221621797973, 36.39052766111265 ], [ 127.419188451092054, 36.390577620344416 ], [ 127.419133459899243, 36.390649058443387 ], [ 127.419064749642459, 36.39073125027322 ], [ 127.419026860774693, 36.390776440786105 ], [ 127.419174441091897, 36.390921516447605 ], [ 127.419177701144008, 36.390976701176974 ], [ 127.419183405179297, 36.391032445091177 ], [ 127.419259892275775, 36.391982902672993 ], [ 127.41930585773602, 36.392567928873369 ], [ 127.41925585575612, 36.393084586170744 ], [ 127.41947248765301, 36.393697176441208 ], [ 127.419488910800965, 36.393739644750823 ], [ 127.419673833958726, 36.393960908327507 ], [ 127.419835638715398, 36.39415691193765 ], [ 127.419867160682614, 36.394123566721206 ], [ 127.419920755997623, 36.394180269262826 ], [ 127.420024042081366, 36.394278467347952 ], [ 127.420069073832124, 36.394330405651978 ], [ 127.420116109618718, 36.394363187249105 ], [ 127.42010940217331, 36.394218186957005 ], [ 127.42012864698043, 36.394169402757228 ], [ 127.420297570067476, 36.394522227804899 ], [ 127.420497369900687, 36.394787657856341 ], [ 127.42052437098107, 36.394821636019024 ], [ 127.420751503123753, 36.395020500130116 ], [ 127.420754479621579, 36.395024716125569 ], [ 127.420846361984928, 36.395105777386206 ], [ 127.420841468468382, 36.39513480292652 ], [ 127.420813150148646, 36.39537652152012 ], [ 127.420805445104847, 36.395465258814724 ], [ 127.42080421364912, 36.395495397946576 ], [ 127.42083659845575, 36.395525130690558 ], [ 127.420864232062328, 36.395548130414987 ], [ 127.421099497125866, 36.395476058400561 ], [ 127.42171221683482, 36.395119351720155 ], [ 127.421959919791789, 36.394997670421127 ], [ 127.422281452883254, 36.394904160151029 ], [ 127.422389755199376, 36.394931381111576 ], [ 127.422414869538272, 36.39493777195522 ], [ 127.422400215881126, 36.394965417130948 ], [ 127.422376022596794, 36.394968602375641 ], [ 127.42236478893534, 36.394985538719887 ], [ 127.422363077397591, 36.394990609273066 ], [ 127.422369203341574, 36.394995940581339 ], [ 127.422444783433548, 36.395222379199325 ], [ 127.422451903314709, 36.395250794732931 ], [ 127.422469479260585, 36.395343381100901 ], [ 127.422498384964712, 36.395471973950599 ], [ 127.422543323344868, 36.395634303791702 ], [ 127.422560821417008, 36.395745481354304 ], [ 127.422560749419731, 36.395765198998703 ], [ 127.422570021129587, 36.395804024351285 ], [ 127.42268208655166, 36.396142132112999 ], [ 127.422771949051622, 36.396300644711559 ], [ 127.422786731440439, 36.396329880283709 ], [ 127.422910720314022, 36.396551353618676 ], [ 127.422918455546139, 36.396565681810493 ], [ 127.422988483531043, 36.396696391324895 ], [ 127.423102633489364, 36.396901840487999 ], [ 127.423212221539515, 36.397102529491157 ], [ 127.42323359292547, 36.397222704850151 ], [ 127.423236070703183, 36.397260427678695 ], [ 127.423242695736732, 36.397327144209349 ], [ 127.423260564960302, 36.397411853248997 ], [ 127.423265794440681, 36.397443087017258 ], [ 127.423285064810315, 36.397560169787887 ], [ 127.423340984706684, 36.397885237033506 ], [ 127.42339459388414, 36.398104426089652 ], [ 127.423410645626689, 36.39814154224073 ], [ 127.423483842951356, 36.398439513551075 ], [ 127.423485275627513, 36.398479772318346 ], [ 127.423778533584098, 36.398438472014469 ], [ 127.423951391359537, 36.398419837538285 ], [ 127.42423803211814, 36.398379397590951 ], [ 127.424388036862737, 36.398354364027227 ], [ 127.424495202065884, 36.398331176182928 ], [ 127.424607692055204, 36.398295010698916 ], [ 127.424874075849999, 36.39824394421629 ], [ 127.425112544056446, 36.398214928409864 ], [ 127.42517621615589, 36.398202599986327 ], [ 127.42513089997432, 36.398165020145832 ], [ 127.425090385659828, 36.398145455469439 ], [ 127.425365103145566, 36.398023950705806 ], [ 127.425365431922913, 36.398084498479626 ], [ 127.425800702378424, 36.397863006857655 ], [ 127.425937911294284, 36.39779127363574 ], [ 127.426373343188004, 36.39753655358124 ], [ 127.426832422211788, 36.397274989028993 ], [ 127.426999785144631, 36.397175274319757 ], [ 127.427157854913091, 36.397096697664345 ], [ 127.427415570155304, 36.396990171986488 ], [ 127.427667861679154, 36.396880574125973 ], [ 127.428023131072223, 36.396681897836814 ], [ 127.4282651025635, 36.396595423289845 ], [ 127.428645372708488, 36.396447904793973 ], [ 127.428810687593895, 36.396388170333722 ], [ 127.428939879840414, 36.396317030072773 ], [ 127.429044574517107, 36.396256674136396 ], [ 127.429659096343599, 36.395919070029009 ], [ 127.429918907507044, 36.395813937247219 ], [ 127.430042011857054, 36.395616934561303 ], [ 127.430086597043413, 36.395553693370658 ], [ 127.430305473664305, 36.395417733747216 ], [ 127.430707903600378, 36.395468663735429 ], [ 127.430789653047214, 36.395480760895644 ], [ 127.431067406606061, 36.395472724220795 ], [ 127.431287350841814, 36.395468274281711 ], [ 127.431553532402276, 36.395571228956243 ], [ 127.431913238641599, 36.395707080832842 ], [ 127.432064030096953, 36.395763418576024 ], [ 127.432303112410182, 36.395849572502556 ], [ 127.432626008873882, 36.395974290479273 ], [ 127.432745356165256, 36.396012438291272 ], [ 127.43289741453782, 36.396045682681248 ], [ 127.433378052101332, 36.396160537816975 ], [ 127.433882478719624, 36.396198985657243 ], [ 127.434201021978055, 36.396227399138581 ], [ 127.435228672840893, 36.396457126284162 ], [ 127.435332473058963, 36.396425208706397 ], [ 127.436132858534364, 36.396282898417901 ] ] ] ] } },
{ "type": "Feature", "properties": { "EMD_CD": "30230105", "EMD_ENG_NM": "Sindae-dong", "EMD_KOR_NM": "신대동" }, "geometry": { "type": "MultiPolygon", "coordinates": [ [ [ [ 127.417607855685944, 36.407934695083242 ], [ 127.4189808778724, 36.407417648535699 ], [ 127.419336731348807, 36.407283762471025 ], [ 127.419576976104054, 36.407191679352458 ], [ 127.419626004348586, 36.407174610980356 ], [ 127.420019053987843, 36.407023416562176 ], [ 127.420092582433199, 36.406995277011127 ], [ 127.420150134820432, 36.40697536693078 ], [ 127.420207430517806, 36.407071761280555 ], [ 127.420251226514893, 36.407149612030423 ], [ 127.420272489019467, 36.407183330929399 ], [ 127.420382566154373, 36.40737613530726 ], [ 127.42084510929304, 36.408165837521501 ], [ 127.421556665344724, 36.407899189245704 ], [ 127.422971364047825, 36.407363080036873 ], [ 127.423195610149548, 36.407277804802604 ], [ 127.423251751663202, 36.407254798226177 ], [ 127.423858224707104, 36.407178868059511 ], [ 127.423838779551815, 36.407124867306273 ], [ 127.423737210224701, 36.406832917602735 ], [ 127.423679599089027, 36.406681050737241 ], [ 127.423670791863998, 36.406662490965758 ], [ 127.423656282685428, 36.40662030494331 ], [ 127.423631468601855, 36.406575334716429 ], [ 127.423576534302654, 36.406464848555281 ], [ 127.423509856155192, 36.406343148391656 ], [ 127.423390138614408, 36.406108711352374 ], [ 127.423369325946851, 36.406061474033585 ], [ 127.423346871388887, 36.40600128384574 ], [ 127.423333307185317, 36.40590699844568 ], [ 127.423336694243005, 36.405857134372418 ], [ 127.423289473876409, 36.40575874140351 ], [ 127.423085114155327, 36.405364079489146 ], [ 127.423075985492275, 36.40535200013656 ], [ 127.423292499798222, 36.405351235655758 ], [ 127.423300233800092, 36.405266156956614 ], [ 127.423311224693876, 36.405206136996036 ], [ 127.423325737050675, 36.405182998045348 ], [ 127.423294047830979, 36.405122002376729 ], [ 127.423242932673318, 36.405010376093593 ], [ 127.423203216608272, 36.404945182308026 ], [ 127.423076993576601, 36.40437677126414 ], [ 127.422970116217996, 36.404229872046749 ], [ 127.422849191608961, 36.404126097696995 ], [ 127.422842530360981, 36.404118803785245 ], [ 127.422809990668284, 36.40409216316327 ], [ 127.422588832496587, 36.403584914620524 ], [ 127.422550208885241, 36.403432691795039 ], [ 127.422532301771056, 36.403277025586426 ], [ 127.422472953733845, 36.403093623579764 ], [ 127.422463684006232, 36.402861049000037 ], [ 127.422460555245323, 36.402700536506259 ], [ 127.422459249847975, 36.402619725131842 ], [ 127.422460349251764, 36.402532137572898 ], [ 127.422494266725536, 36.402200553550863 ], [ 127.422612369891752, 36.4017489987123 ], [ 127.422604176570729, 36.401749027601092 ], [ 127.422614123241956, 36.401687605541987 ], [ 127.422649759537677, 36.401577646558486 ], [ 127.42288623370186, 36.400921218847301 ], [ 127.422928239444275, 36.40079772891248 ], [ 127.422952723185503, 36.400717943956217 ], [ 127.42296072579407, 36.400684680947627 ], [ 127.423128091029071, 36.400133256349207 ], [ 127.423161251780584, 36.400015150431727 ], [ 127.42320816152511, 36.399833905760325 ], [ 127.423220836557562, 36.399792741083871 ], [ 127.42322217059359, 36.399781751235309 ], [ 127.423279842356479, 36.399560204706951 ], [ 127.423295588760553, 36.399507764676343 ], [ 127.423394109848388, 36.399206942965016 ], [ 127.423485888643441, 36.399011742901799 ], [ 127.423521569663492, 36.398846587411576 ], [ 127.423507674420605, 36.398723853464688 ], [ 127.423485680566742, 36.39849075602806 ], [ 127.423485275627513, 36.398479772318346 ], [ 127.423483842951356, 36.398439513551075 ], [ 127.423410645626689, 36.39814154224073 ], [ 127.42339459388414, 36.398104426089652 ], [ 127.423340984706684, 36.397885237033506 ], [ 127.423285064810315, 36.397560169787887 ], [ 127.423265794440681, 36.397443087017258 ], [ 127.423260564960302, 36.397411853248997 ], [ 127.423242695736732, 36.397327144209349 ], [ 127.423236070703183, 36.397260427678695 ], [ 127.42323359292547, 36.397222704850151 ], [ 127.423212221539515, 36.397102529491157 ], [ 127.423102633489364, 36.396901840487999 ], [ 127.422988483531043, 36.396696391324895 ], [ 127.422918455546139, 36.396565681810493 ], [ 127.422910720314022, 36.396551353618676 ], [ 127.422786731440439, 36.396329880283709 ], [ 127.422771949051622, 36.396300644711559 ], [ 127.42268208655166, 36.396142132112999 ], [ 127.422570021129587, 36.395804024351285 ], [ 127.422560749419731, 36.395765198998703 ], [ 127.422560821417008, 36.395745481354304 ], [ 127.422543323344868, 36.395634303791702 ], [ 127.422498384964712, 36.395471973950599 ], [ 127.422469479260585, 36.395343381100901 ], [ 127.422451903314709, 36.395250794732931 ], [ 127.422444783433548, 36.395222379199325 ], [ 127.422369203341574, 36.394995940581339 ], [ 127.422363077397591, 36.394990609273066 ], [ 127.42236478893534, 36.394985538719887 ], [ 127.422376022596794, 36.394968602375641 ], [ 127.422400215881126, 36.394965417130948 ], [ 127.422414869538272, 36.39493777195522 ], [ 127.422389755199376, 36.394931381111576 ], [ 127.422281452883254, 36.394904160151029 ], [ 127.421959919791789, 36.394997670421127 ], [ 127.42171221683482, 36.395119351720155 ], [ 127.421099497125866, 36.395476058400561 ], [ 127.420864232062328, 36.395548130414987 ], [ 127.42083659845575, 36.395525130690558 ], [ 127.42080421364912, 36.395495397946576 ], [ 127.420805445104847, 36.395465258814724 ], [ 127.420813150148646, 36.39537652152012 ], [ 127.420841468468382, 36.39513480292652 ], [ 127.420846361984928, 36.395105777386206 ], [ 127.420754479621579, 36.395024716125569 ], [ 127.420751503123753, 36.395020500130116 ], [ 127.42052437098107, 36.394821636019024 ], [ 127.420497369900687, 36.394787657856341 ], [ 127.420297570067476, 36.394522227804899 ], [ 127.42012864698043, 36.394169402757228 ], [ 127.42010940217331, 36.394218186957005 ], [ 127.420116109618718, 36.394363187249105 ], [ 127.420069073832124, 36.394330405651978 ], [ 127.420024042081366, 36.394278467347952 ], [ 127.419920755997623, 36.394180269262826 ], [ 127.419867160682614, 36.394123566721206 ], [ 127.419835638715398, 36.39415691193765 ], [ 127.419673833958726, 36.393960908327507 ], [ 127.419488910800965, 36.393739644750823 ], [ 127.41947248765301, 36.393697176441208 ], [ 127.41925585575612, 36.393084586170744 ], [ 127.41930585773602, 36.392567928873369 ], [ 127.419259892275775, 36.391982902672993 ], [ 127.419183405179297, 36.391032445091177 ], [ 127.419177701144008, 36.390976701176974 ], [ 127.419174441091897, 36.390921516447605 ], [ 127.419026860774693, 36.390776440786105 ], [ 127.419064749642459, 36.39073125027322 ], [ 127.419133459899243, 36.390649058443387 ], [ 127.419188451092054, 36.390577620344416 ], [ 127.419221621797973, 36.39052766111265 ], [ 127.419271952086561, 36.390462150892461 ], [ 127.419288854583314, 36.390365216927108 ], [ 127.419321947130285, 36.390204865669411 ], [ 127.419261515987031, 36.390107355096553 ], [ 127.419149045681522, 36.389916251597924 ], [ 127.41912052654672, 36.389860587440914 ], [ 127.419132192466122, 36.389663985313383 ], [ 127.419132744308158, 36.389442072364048 ], [ 127.419142827439416, 36.38927672803829 ], [ 127.419146782320013, 36.389168016103945 ], [ 127.419149915948736, 36.389005787052746 ], [ 127.419226798882391, 36.388924422677889 ], [ 127.419305463087582, 36.388848954630959 ], [ 127.419347307532789, 36.388693357883298 ], [ 127.419377187601754, 36.388549346854354 ], [ 127.419428479890271, 36.388341053131036 ], [ 127.41957326607816, 36.388223116090316 ], [ 127.419794377965331, 36.388049147731593 ], [ 127.419883510214419, 36.387782992863812 ], [ 127.419806996209857, 36.387706103365332 ], [ 127.419561473256138, 36.387483925373722 ], [ 127.419340945854699, 36.387277429765334 ], [ 127.419111992260454, 36.387060257395049 ], [ 127.419029016654648, 36.38697944288554 ], [ 127.419016148436526, 36.38694907365015 ], [ 127.418939447305419, 36.386838949382827 ], [ 127.418742576408917, 36.386495231136159 ], [ 127.418736157397433, 36.386370208319967 ], [ 127.41872288360419, 36.386134546746646 ], [ 127.418721013791512, 36.385947282792436 ], [ 127.419379706826646, 36.385702225281236 ], [ 127.419839031482979, 36.385559531622555 ], [ 127.419882999531723, 36.385411812340983 ], [ 127.419957001850264, 36.385182603879336 ], [ 127.419984380457947, 36.384961164519162 ], [ 127.42003723187203, 36.384424787840068 ], [ 127.420075959548569, 36.383983641346482 ], [ 127.419664479111034, 36.383368633346763 ], [ 127.419653098721199, 36.383357967374501 ], [ 127.419276212960455, 36.382827320837642 ], [ 127.419261244122467, 36.382795832499077 ], [ 127.419228048557969, 36.382546723073013 ], [ 127.418938227862199, 36.382309207465596 ], [ 127.418950187684359, 36.381973761952999 ], [ 127.418931279465042, 36.381661800449386 ], [ 127.418919092651251, 36.381531453801045 ], [ 127.418916168070311, 36.381505555591907 ], [ 127.418913683794941, 36.381497399738208 ], [ 127.418913426330107, 36.381480503836684 ], [ 127.418909470738043, 36.381457709229515 ], [ 127.418892179998764, 36.381285701630105 ], [ 127.418737419287467, 36.380936194592543 ], [ 127.418713265444779, 36.380749855397191 ], [ 127.418697879759392, 36.380673589648708 ], [ 127.418423493636112, 36.380192146077988 ], [ 127.418247462523411, 36.380064065225582 ], [ 127.418140189744449, 36.379997978637881 ], [ 127.417897798553511, 36.3798999752063 ], [ 127.417542622629369, 36.379780402781932 ], [ 127.417071988789175, 36.379723176947422 ], [ 127.416700227925034, 36.379757983879244 ], [ 127.416592143003612, 36.379603755954157 ], [ 127.416416737034453, 36.379363862897392 ], [ 127.416367294773707, 36.379299835749372 ], [ 127.416337907001349, 36.379241073826947 ], [ 127.416297240273678, 36.379125478652504 ], [ 127.416238505144008, 36.378984028737968 ], [ 127.416222508241603, 36.37869345913488 ], [ 127.415879440051853, 36.378686764452922 ], [ 127.415514627685425, 36.378686055776427 ], [ 127.415238733690856, 36.378703908422843 ], [ 127.41458018219609, 36.378773206913976 ], [ 127.414457858688039, 36.378789400183649 ], [ 127.414313312798839, 36.3789509917125 ], [ 127.414172252863125, 36.379112273638 ], [ 127.41371167313244, 36.379244253104027 ], [ 127.413481075796469, 36.379498221375698 ], [ 127.413353974010747, 36.37963354574832 ], [ 127.413128511828717, 36.380003799742639 ], [ 127.412980960842532, 36.38025804857638 ], [ 127.412594159391404, 36.380413136740621 ], [ 127.41238275244406, 36.380244616615933 ], [ 127.412315269805546, 36.380161491112133 ], [ 127.412108645047326, 36.380141357597353 ], [ 127.411875261955487, 36.380199617716848 ], [ 127.411206437287078, 36.38037003442372 ], [ 127.4115193065673, 36.380991601601814 ], [ 127.411635802075381, 36.38128887386916 ], [ 127.411762083593231, 36.381791965047775 ], [ 127.411778343447565, 36.382137730466589 ], [ 127.411781193840497, 36.382247545395032 ], [ 127.411778286063253, 36.383119718752553 ], [ 127.411778672126928, 36.383161387190782 ], [ 127.411792243888854, 36.383589401863759 ], [ 127.41182984289118, 36.385311051851986 ], [ 127.411846039635677, 36.385773968373819 ], [ 127.411904140558491, 36.386325451304728 ], [ 127.411928465290572, 36.38674638169838 ], [ 127.411919984510618, 36.386988309793821 ], [ 127.411768654397122, 36.38728593378643 ], [ 127.411726410916998, 36.387368309909562 ], [ 127.411619522190009, 36.387773073417982 ], [ 127.411550643451619, 36.388153203737147 ], [ 127.411458559013028, 36.388592836256336 ], [ 127.411376656123736, 36.388980616932443 ], [ 127.411365347944965, 36.38908345126611 ], [ 127.411338539299166, 36.389284610477084 ], [ 127.41130852228045, 36.389505218742585 ], [ 127.411232101159271, 36.389975770184179 ], [ 127.411174908239857, 36.390459502671852 ], [ 127.411172252114142, 36.390718028013779 ], [ 127.411172908601827, 36.390974856810971 ], [ 127.411170728729005, 36.391455859248083 ], [ 127.411210847837978, 36.391964319137472 ], [ 127.411310397612951, 36.392548885419082 ], [ 127.411314431426888, 36.392586891574787 ], [ 127.411358445742849, 36.393042944435017 ], [ 127.411395830813532, 36.393529163833449 ], [ 127.411472577785574, 36.394578473732246 ], [ 127.411582092062332, 36.39510246532268 ], [ 127.411722684600662, 36.395840646069324 ], [ 127.411970506832148, 36.396166465435066 ], [ 127.412170307873609, 36.396570174493043 ], [ 127.412213190053166, 36.396644372798058 ], [ 127.412627308144849, 36.397359938466067 ], [ 127.412872059396804, 36.397697869009292 ], [ 127.413242783808172, 36.39817702723483 ], [ 127.413369750330276, 36.398870203570844 ], [ 127.41351100309349, 36.399661331571544 ], [ 127.413535171591988, 36.401203069952672 ], [ 127.413530908046042, 36.401780674078324 ], [ 127.413591935615287, 36.402552360946025 ], [ 127.413671151080109, 36.402974506195662 ], [ 127.413835549633092, 36.403297797470742 ], [ 127.414205511694945, 36.403856364971247 ], [ 127.414499979587092, 36.404302259050354 ], [ 127.414972162509201, 36.404887225938332 ], [ 127.415257679211592, 36.405350613503707 ], [ 127.415335840185747, 36.405472846276474 ], [ 127.41547868277712, 36.405605560574827 ], [ 127.415614720100507, 36.405703648725051 ], [ 127.415660354809305, 36.405736157498559 ], [ 127.415695493122911, 36.405759132347718 ], [ 127.416053972441773, 36.405987684123701 ], [ 127.416504113208674, 36.406224360185078 ], [ 127.416761198137038, 36.406317808891217 ], [ 127.416866033905791, 36.406476552958132 ], [ 127.417044469867946, 36.406716712897342 ], [ 127.417161134052833, 36.406873162636352 ], [ 127.41738376976221, 36.407170896441606 ], [ 127.417549518312399, 36.407447993213836 ], [ 127.417560941792146, 36.407468220479146 ], [ 127.41740803495955, 36.40760506237185 ], [ 127.417607855685944, 36.407934695083242 ] ] ] ] } },
{ "type": "Feature", "properties": { "EMD_CD": "30230106", "EMD_ENG_NM": "Wa-dong", "EMD_KOR_NM": "와동" }, "geometry": { "type": "MultiPolygon", "coordinates": [ [ [ [ 127.432105338506148, 36.413164934441596 ], [ 127.432163161209331, 36.412876634885301 ], [ 127.432056233939591, 36.412220860584505 ], [ 127.432275781741254, 36.411819053669497 ], [ 127.432403889260826, 36.411579784698716 ], [ 127.432222167372103, 36.411322483863373 ], [ 127.43223693277865, 36.410557861282008 ], [ 127.432336013500631, 36.410392474828249 ], [ 127.432336943748112, 36.410403456586927 ], [ 127.432653106061466, 36.409990594526782 ], [ 127.432876386860187, 36.409416705797788 ], [ 127.433060799052171, 36.409090505197234 ], [ 127.433238385825518, 36.408538462701216 ], [ 127.433408246965755, 36.407912390655078 ], [ 127.433668677672784, 36.407504233115866 ], [ 127.433618267565052, 36.407271240814438 ], [ 127.433547604172304, 36.407030724988644 ], [ 127.433336256594018, 36.406769306371196 ], [ 127.433093504100185, 36.406437034632653 ], [ 127.43299577742296, 36.406309819769753 ], [ 127.432863894736073, 36.406148646382377 ], [ 127.432932143622068, 36.405952965601841 ], [ 127.432942762871065, 36.405889557770138 ], [ 127.433053929926373, 36.405548410037071 ], [ 127.433107749343193, 36.405390512791186 ], [ 127.433299834081993, 36.405256050465802 ], [ 127.433417674522204, 36.405021323100172 ], [ 127.433314245500711, 36.40458660867489 ], [ 127.433260312607615, 36.404379257791938 ], [ 127.433298055557671, 36.403832505437833 ], [ 127.433509975386926, 36.403568438460226 ], [ 127.433555522137226, 36.403521521574682 ], [ 127.433773020016858, 36.403260524917499 ], [ 127.433809740345538, 36.403189993469589 ], [ 127.433849509081966, 36.403074104656255 ], [ 127.43398474726996, 36.402742997805625 ], [ 127.434006694300535, 36.402680125570292 ], [ 127.434029895116311, 36.402654412587225 ], [ 127.434038170348785, 36.402606792410431 ], [ 127.434042719806186, 36.40245413761847 ], [ 127.434046719061584, 36.402421456119328 ], [ 127.434049702130537, 36.402362311259026 ], [ 127.434065969541464, 36.401683003670641 ], [ 127.434294026471875, 36.401409576822722 ], [ 127.434597133912263, 36.401039002786575 ], [ 127.434659376182253, 36.400955699194476 ], [ 127.434771964391757, 36.400561880720844 ], [ 127.434796839486111, 36.400460410057427 ], [ 127.434817792084985, 36.400407390931981 ], [ 127.434828141725305, 36.400358068979024 ], [ 127.434851100834351, 36.400288992919293 ], [ 127.434850953841732, 36.400262517391347 ], [ 127.434894041236731, 36.400148589680228 ], [ 127.434914881101108, 36.400075294858844 ], [ 127.435019938666983, 36.399893555247836 ], [ 127.435083316609095, 36.399794197651872 ], [ 127.435142323372759, 36.399692602993348 ], [ 127.435179101615162, 36.399635020541716 ], [ 127.435654487274292, 36.39911372094798 ], [ 127.435713544726639, 36.399053525082387 ], [ 127.435738107254565, 36.3986777604024 ], [ 127.435756711574996, 36.398485358276027 ], [ 127.435776965035885, 36.398210710318558 ], [ 127.435804917625603, 36.397883370579244 ], [ 127.435776417684252, 36.397142558709028 ], [ 127.435754518168068, 36.396650379784091 ], [ 127.436132858534364, 36.396282898417901 ], [ 127.435332473058963, 36.396425208706397 ], [ 127.435228672840893, 36.396457126284162 ], [ 127.434201021978055, 36.396227399138581 ], [ 127.433882478719624, 36.396198985657243 ], [ 127.433378052101332, 36.396160537816975 ], [ 127.43289741453782, 36.396045682681248 ], [ 127.432745356165256, 36.396012438291272 ], [ 127.432626008873882, 36.395974290479273 ], [ 127.432303112410182, 36.395849572502556 ], [ 127.432064030096953, 36.395763418576024 ], [ 127.431913238641599, 36.395707080832842 ], [ 127.431553532402276, 36.395571228956243 ], [ 127.431287350841814, 36.395468274281711 ], [ 127.431067406606061, 36.395472724220795 ], [ 127.430789653047214, 36.395480760895644 ], [ 127.430707903600378, 36.395468663735429 ], [ 127.430305473664305, 36.395417733747216 ], [ 127.430086597043413, 36.395553693370658 ], [ 127.430042011857054, 36.395616934561303 ], [ 127.429918907507044, 36.395813937247219 ], [ 127.429659096343599, 36.395919070029009 ], [ 127.429044574517107, 36.396256674136396 ], [ 127.428939879840414, 36.396317030072773 ], [ 127.428810687593895, 36.396388170333722 ], [ 127.428645372708488, 36.396447904793973 ], [ 127.4282651025635, 36.396595423289845 ], [ 127.428023131072223, 36.396681897836814 ], [ 127.427667861679154, 36.396880574125973 ], [ 127.427415570155304, 36.396990171986488 ], [ 127.427157854913091, 36.397096697664345 ], [ 127.426999785144631, 36.397175274319757 ], [ 127.426832422211788, 36.397274989028993 ], [ 127.426373343188004, 36.39753655358124 ], [ 127.425937911294284, 36.39779127363574 ], [ 127.425800702378424, 36.397863006857655 ], [ 127.425365431922913, 36.398084498479626 ], [ 127.425365103145566, 36.398023950705806 ], [ 127.425090385659828, 36.398145455469439 ], [ 127.42513089997432, 36.398165020145832 ], [ 127.42517621615589, 36.398202599986327 ], [ 127.425112544056446, 36.398214928409864 ], [ 127.424874075849999, 36.39824394421629 ], [ 127.424607692055204, 36.398295010698916 ], [ 127.424495202065884, 36.398331176182928 ], [ 127.424388036862737, 36.398354364027227 ], [ 127.42423803211814, 36.398379397590951 ], [ 127.423951391359537, 36.398419837538285 ], [ 127.423778533584098, 36.398438472014469 ], [ 127.423485275627513, 36.398479772318346 ], [ 127.423485680566742, 36.39849075602806 ], [ 127.423507674420605, 36.398723853464688 ], [ 127.423521569663492, 36.398846587411576 ], [ 127.423485888643441, 36.399011742901799 ], [ 127.423394109848388, 36.399206942965016 ], [ 127.423295588760553, 36.399507764676343 ], [ 127.423279842356479, 36.399560204706951 ], [ 127.42322217059359, 36.399781751235309 ], [ 127.423220836557562, 36.399792741083871 ], [ 127.42320816152511, 36.399833905760325 ], [ 127.423161251780584, 36.400015150431727 ], [ 127.423128091029071, 36.400133256349207 ], [ 127.42296072579407, 36.400684680947627 ], [ 127.422952723185503, 36.400717943956217 ], [ 127.422928239444275, 36.40079772891248 ], [ 127.42288623370186, 36.400921218847301 ], [ 127.422649759537677, 36.401577646558486 ], [ 127.422614123241956, 36.401687605541987 ], [ 127.422604176570729, 36.401749027601092 ], [ 127.422612369891752, 36.4017489987123 ], [ 127.422494266725536, 36.402200553550863 ], [ 127.422460349251764, 36.402532137572898 ], [ 127.422459249847975, 36.402619725131842 ], [ 127.422460555245323, 36.402700536506259 ], [ 127.422463684006232, 36.402861049000037 ], [ 127.422472953733845, 36.403093623579764 ], [ 127.422532301771056, 36.403277025586426 ], [ 127.422550208885241, 36.403432691795039 ], [ 127.422588832496587, 36.403584914620524 ], [ 127.422809990668284, 36.40409216316327 ], [ 127.422842530360981, 36.404118803785245 ], [ 127.422849191608961, 36.404126097696995 ], [ 127.422970116217996, 36.404229872046749 ], [ 127.423076993576601, 36.40437677126414 ], [ 127.423203216608272, 36.404945182308026 ], [ 127.423242932673318, 36.405010376093593 ], [ 127.423294047830979, 36.405122002376729 ], [ 127.423325737050675, 36.405182998045348 ], [ 127.423311224693876, 36.405206136996036 ], [ 127.423300233800092, 36.405266156956614 ], [ 127.423292499798222, 36.405351235655758 ], [ 127.423075985492275, 36.40535200013656 ], [ 127.423085114155327, 36.405364079489146 ], [ 127.423289473876409, 36.40575874140351 ], [ 127.423336694243005, 36.405857134372418 ], [ 127.423333307185317, 36.40590699844568 ], [ 127.423346871388887, 36.40600128384574 ], [ 127.423369325946851, 36.406061474033585 ], [ 127.423390138614408, 36.406108711352374 ], [ 127.423509856155192, 36.406343148391656 ], [ 127.423576534302654, 36.406464848555281 ], [ 127.423631468601855, 36.406575334716429 ], [ 127.423656282685428, 36.40662030494331 ], [ 127.423670791863998, 36.406662490965758 ], [ 127.423679599089027, 36.406681050737241 ], [ 127.423737210224701, 36.406832917602735 ], [ 127.423838779551815, 36.407124867306273 ], [ 127.423858224707104, 36.407178868059511 ], [ 127.423251751663202, 36.407254798226177 ], [ 127.423195610149548, 36.407277804802604 ], [ 127.422971364047825, 36.407363080036873 ], [ 127.421556665344724, 36.407899189245704 ], [ 127.42084510929304, 36.408165837521501 ], [ 127.420382566154373, 36.40737613530726 ], [ 127.420272489019467, 36.407183330929399 ], [ 127.420251226514893, 36.407149612030423 ], [ 127.420207430517806, 36.407071761280555 ], [ 127.420150134820432, 36.40697536693078 ], [ 127.420092582433199, 36.406995277011127 ], [ 127.420019053987843, 36.407023416562176 ], [ 127.419626004348586, 36.407174610980356 ], [ 127.419576976104054, 36.407191679352458 ], [ 127.419336731348807, 36.407283762471025 ], [ 127.4189808778724, 36.407417648535699 ], [ 127.417607855685944, 36.407934695083242 ], [ 127.418364260768215, 36.409183252885235 ], [ 127.41847694089293, 36.409373229248075 ], [ 127.41861199928239, 36.409580312430272 ], [ 127.418680994516151, 36.409712992304193 ], [ 127.418879882049239, 36.410062054974226 ], [ 127.419052916815531, 36.410398537396674 ], [ 127.419630364674532, 36.411302469408135 ], [ 127.419831308031206, 36.411675746308582 ], [ 127.419976454253202, 36.412007819179891 ], [ 127.420235162339452, 36.412627864269382 ], [ 127.4202592498185, 36.412734792314183 ], [ 127.420265078875616, 36.413332636078586 ], [ 127.420252541262187, 36.413690890285054 ], [ 127.419876203456482, 36.414818935899156 ], [ 127.419723944720729, 36.415305256281869 ], [ 127.419608899361563, 36.41548954935935 ], [ 127.419314913212332, 36.415863152904883 ], [ 127.419103070423787, 36.416056795698836 ], [ 127.419022084813804, 36.416159864907755 ], [ 127.41901990341735, 36.41630433708881 ], [ 127.418993361105933, 36.416488608447068 ], [ 127.419106645982652, 36.416889227371399 ], [ 127.419305666920906, 36.417323898329549 ], [ 127.419574742931829, 36.417373367315122 ], [ 127.420058430252908, 36.417449677080022 ], [ 127.420439733075099, 36.417503815193598 ], [ 127.420746756382727, 36.417545551639847 ], [ 127.420751802797682, 36.417577912500846 ], [ 127.420238223116456, 36.417774031075083 ], [ 127.42005496337886, 36.417842539710747 ], [ 127.419973521433676, 36.417891830074645 ], [ 127.41987907381295, 36.417952700762825 ], [ 127.419331850512009, 36.418309168065321 ], [ 127.419250276395701, 36.418333955934635 ], [ 127.419034095253267, 36.418403704617702 ], [ 127.418925169434388, 36.418526300367667 ], [ 127.418849057751302, 36.418563459778412 ], [ 127.41917774125703, 36.41854964029298 ], [ 127.419760378886991, 36.418430171140514 ], [ 127.42014911965903, 36.418182396473583 ], [ 127.420407333617078, 36.418218384289816 ], [ 127.420560567824722, 36.418430177269379 ], [ 127.420381737223153, 36.419030921242054 ], [ 127.420395361584454, 36.419039037930816 ], [ 127.420808793888, 36.419233867888799 ], [ 127.421354939051056, 36.419487093418674 ], [ 127.421438389587408, 36.419551854487892 ], [ 127.421709335885197, 36.419752255814601 ], [ 127.421729842380316, 36.419775271287946 ], [ 127.421772371468762, 36.419810888526207 ], [ 127.421876631428376, 36.419888525664931 ], [ 127.42250893506008, 36.4201569243899 ], [ 127.422658054654946, 36.419929144823499 ], [ 127.422856308358647, 36.419636686892787 ], [ 127.422970518375905, 36.419461125977868 ], [ 127.423169269072815, 36.419324971416948 ], [ 127.42328680898531, 36.419186003427512 ], [ 127.423445489252032, 36.41908153042661 ], [ 127.423528160899451, 36.419002098674767 ], [ 127.423863866812852, 36.418967118351986 ], [ 127.424776087677472, 36.418809285817652 ], [ 127.425384558796367, 36.418539033253005 ], [ 127.425803365109289, 36.418279030967703 ], [ 127.426189474955549, 36.418159940260772 ], [ 127.426381633019645, 36.417775138543206 ], [ 127.426893731459103, 36.417469733582543 ], [ 127.427070460133578, 36.417194539354888 ], [ 127.427080543383667, 36.41715845713729 ], [ 127.427318818756362, 36.416893739903259 ], [ 127.427521039639444, 36.416662655841741 ], [ 127.427589784731452, 36.416619046886865 ], [ 127.428314071778942, 36.416313725589326 ], [ 127.428820033890716, 36.415845846625515 ], [ 127.429255032201908, 36.415684613174108 ], [ 127.429852556750518, 36.415458587804359 ], [ 127.429874944351511, 36.415411764471379 ], [ 127.429916851989802, 36.415301501728692 ], [ 127.430146861476999, 36.415215345744876 ], [ 127.430463689915982, 36.415078196397005 ], [ 127.430889379124267, 36.414715924222541 ], [ 127.431186768842522, 36.41446506272748 ], [ 127.431423134325343, 36.414268489641472 ], [ 127.431439192800923, 36.414242802912163 ], [ 127.431748926037756, 36.413956417001124 ], [ 127.431809225063418, 36.413866083996616 ], [ 127.431914986519416, 36.413742640795412 ], [ 127.431962187988219, 36.413677136746834 ], [ 127.432041273223476, 36.413582788833246 ], [ 127.432105338506148, 36.413164934441596 ] ] ] ] } },
{ "type": "Feature", "properties": { "EMD_CD": "30230107", "EMD_ENG_NM": "Songchon-dong", "EMD_KOR_NM": "송촌동" }, "geometry": { "type": "MultiPolygon", "coordinates": [ [ [ [ 127.448402472067286, 36.374332934551852 ], [ 127.448529104356609, 36.37393487676713 ], [ 127.448541834483365, 36.37370773609598 ], [ 127.448520881728115, 36.372889225132852 ], [ 127.448989061931471, 36.371945405590438 ], [ 127.449384153470589, 36.371532219698857 ], [ 127.449864456828038, 36.371218750851881 ], [ 127.449776818640416, 36.371135794213458 ], [ 127.449568558375333, 36.37093868001179 ], [ 127.449355344176709, 36.370837476791515 ], [ 127.449108620483571, 36.370720258902217 ], [ 127.449020273984715, 36.370604835437263 ], [ 127.448914923272042, 36.370302574306109 ], [ 127.448660223034466, 36.36988151304152 ], [ 127.448618431328342, 36.36970336525026 ], [ 127.44858774271195, 36.369514316869626 ], [ 127.448494275834861, 36.369391666791969 ], [ 127.448454969517499, 36.369361552773199 ], [ 127.448351620281599, 36.369281952084947 ], [ 127.44829347268859, 36.369222836943862 ], [ 127.448168161262487, 36.369106226330601 ], [ 127.448121717834866, 36.369028287096455 ], [ 127.448090898663509, 36.368825883805428 ], [ 127.448104385672892, 36.368678430056661 ], [ 127.448106387432759, 36.368599750987947 ], [ 127.448109717077671, 36.368453164272204 ], [ 127.448113456829532, 36.368255507073137 ], [ 127.44800075831013, 36.368048741749242 ], [ 127.447896787314235, 36.367912576917739 ], [ 127.447890096062466, 36.367905744061765 ], [ 127.447765579335851, 36.367783425655979 ], [ 127.447744202989355, 36.367694812958312 ], [ 127.447752698707106, 36.367518117072841 ], [ 127.447645853381403, 36.367469664008205 ], [ 127.447442190198828, 36.367380334997655 ], [ 127.447411622397027, 36.367342627239701 ], [ 127.447325108733409, 36.367232899962701 ], [ 127.447295783780703, 36.367151300854509 ], [ 127.447240021862072, 36.366992336320337 ], [ 127.447207296961253, 36.366898728343948 ], [ 127.447163251462271, 36.366816877715848 ], [ 127.447137197851632, 36.366791084455294 ], [ 127.447021590022544, 36.366677112837486 ], [ 127.447024131863756, 36.366591348594326 ], [ 127.447041651042326, 36.366544981459171 ], [ 127.447044500733526, 36.366538626637883 ], [ 127.447059175316994, 36.366538598948893 ], [ 127.447097742712444, 36.366509816124328 ], [ 127.447144358261866, 36.366503099809798 ], [ 127.44720025214886, 36.366513371853422 ], [ 127.447275676662883, 36.366488083164867 ], [ 127.447320970306009, 36.3664586443575 ], [ 127.44735083205002, 36.366431254692976 ], [ 127.44731339041067, 36.366366321353425 ], [ 127.44732982761046, 36.366300258766657 ], [ 127.447321719545386, 36.366173945823853 ], [ 127.447372118627442, 36.366098050962108 ], [ 127.447394265549562, 36.365993784734577 ], [ 127.447424629863775, 36.365855324701684 ], [ 127.447664216969287, 36.365576583345742 ], [ 127.447951707334212, 36.365485771516283 ], [ 127.447787172745052, 36.365192056987503 ], [ 127.447957114467556, 36.364934319946599 ], [ 127.447945268642883, 36.364520531567898 ], [ 127.447950452260216, 36.364294698451673 ], [ 127.447961674735581, 36.36425413115839 ], [ 127.447973892687571, 36.364192779294775 ], [ 127.447990745047989, 36.364137150527775 ], [ 127.448042453764273, 36.363996339602025 ], [ 127.448091128917397, 36.363915503466508 ], [ 127.448274729037266, 36.363691229181804 ], [ 127.448433135499741, 36.363850755634665 ], [ 127.448512981117418, 36.363889864853142 ], [ 127.448596975250098, 36.363951018997021 ], [ 127.448687858333074, 36.364034108671838 ], [ 127.448766199266558, 36.363973779868289 ], [ 127.448869758842505, 36.363810984321667 ], [ 127.448931418401642, 36.363723196307689 ], [ 127.448957800464882, 36.363699396887142 ], [ 127.448895392723742, 36.363644794736338 ], [ 127.448853563886217, 36.363592016960787 ], [ 127.448964292224744, 36.363544931025707 ], [ 127.449039975661492, 36.363524596656063 ], [ 127.449104588696656, 36.363475935056435 ], [ 127.44925799398932, 36.363427427334251 ], [ 127.449415222378136, 36.363283922355876 ], [ 127.449423894197906, 36.362944258996365 ], [ 127.449556984411487, 36.362868206356112 ], [ 127.449522870852263, 36.362851293256483 ], [ 127.449428606915774, 36.362732278433725 ], [ 127.449700694434085, 36.362786625639458 ], [ 127.449721384641094, 36.362774877945071 ], [ 127.449766366337357, 36.362726550964922 ], [ 127.449745603474426, 36.3625915713382 ], [ 127.44974881202603, 36.362542941476327 ], [ 127.449738184339679, 36.362508277501277 ], [ 127.449704344450907, 36.362457461616309 ], [ 127.449724869607479, 36.362391689726891 ], [ 127.449733655275892, 36.362363558458277 ], [ 127.449769073211272, 36.362304867913259 ], [ 127.449644484355559, 36.362168907970904 ], [ 127.449241852788504, 36.361784538752524 ], [ 127.449041780130557, 36.361603910907007 ], [ 127.448631392343017, 36.361276675437516 ], [ 127.448487387802828, 36.361066819304781 ], [ 127.448352736824532, 36.360877303344623 ], [ 127.448055643972566, 36.360600675047301 ], [ 127.447971941069952, 36.360609305594778 ], [ 127.44808531256173, 36.360537960239384 ], [ 127.448044401193343, 36.360495217693682 ], [ 127.447766317931936, 36.360204819899771 ], [ 127.447498436573326, 36.359925107221748 ], [ 127.447343312763095, 36.359763115976016 ], [ 127.446799263700953, 36.359194977622714 ], [ 127.446744679789958, 36.359137957045832 ], [ 127.446261386620449, 36.358633212012819 ], [ 127.446206803495713, 36.358576191179473 ], [ 127.445778324576452, 36.358128824569405 ], [ 127.445610443705291, 36.357916503291776 ], [ 127.445555568608739, 36.357847137270674 ], [ 127.445512204227256, 36.357783946491921 ], [ 127.44541612011858, 36.357638494934626 ], [ 127.445344871393402, 36.357530529644713 ], [ 127.44529716122338, 36.35744752928634 ], [ 127.445165510201733, 36.357218761688465 ], [ 127.445118587442721, 36.357137019961272 ], [ 127.444989633794265, 36.356912207268444 ], [ 127.444879359822067, 36.356719947307873 ], [ 127.444819383905482, 36.356615274166451 ], [ 127.444705848248148, 36.356417438907819 ], [ 127.444650936757142, 36.356321668430091 ], [ 127.444629219340683, 36.356283719780976 ], [ 127.444622693285524, 36.356272389295519 ], [ 127.444562156422435, 36.35616690704606 ], [ 127.444499031291755, 36.356056838414368 ], [ 127.444476414077812, 36.356017361089549 ], [ 127.444445246645785, 36.355963226454747 ], [ 127.444740709146046, 36.355963572696425 ], [ 127.444651045447202, 36.355810166393759 ], [ 127.444251047654717, 36.355095763081849 ], [ 127.444923445502369, 36.354844088413742 ], [ 127.444904966571727, 36.354811363560373 ], [ 127.444485509689272, 36.354968190191357 ], [ 127.444337496983152, 36.35470163325359 ], [ 127.444008610125863, 36.354109614108054 ], [ 127.443807476085652, 36.353747549338131 ], [ 127.44377089684383, 36.353681809492059 ], [ 127.443661382299396, 36.353484589055292 ], [ 127.44363763387372, 36.35344187153887 ], [ 127.44350245849796, 36.353198516067387 ], [ 127.443231905719415, 36.352695314032793 ], [ 127.443106129969777, 36.35245886230738 ], [ 127.44307077481858, 36.352392667122174 ], [ 127.442957389176868, 36.352180050347094 ], [ 127.442918994866233, 36.352108279109466 ], [ 127.442882738640165, 36.352040284859619 ], [ 127.442773857923953, 36.351836122218707 ], [ 127.442728097907349, 36.351750139685265 ], [ 127.442272461388583, 36.351929378019214 ], [ 127.442275018548685, 36.351950203553535 ], [ 127.44227477322454, 36.35196794842436 ], [ 127.441381799781112, 36.352340717129927 ], [ 127.441479879708425, 36.353560030497079 ], [ 127.439654377224969, 36.355083229428217 ], [ 127.440035481725076, 36.355559169977177 ], [ 127.439860611010786, 36.35557277039198 ], [ 127.439848516135555, 36.355589423249775 ], [ 127.439856065059871, 36.356190644411924 ], [ 127.439855213455118, 36.356193747546492 ], [ 127.439874049639911, 36.356260698145746 ], [ 127.439871972540345, 36.356263805776329 ], [ 127.439853534339022, 36.35626584697166 ], [ 127.439807074161138, 36.356362892726452 ], [ 127.439726426717939, 36.35654032167151 ], [ 127.439243538420698, 36.356759497912364 ], [ 127.4388949648325, 36.35702831246585 ], [ 127.438929095507916, 36.357092954305514 ], [ 127.439037839312192, 36.357269130573371 ], [ 127.438933676618802, 36.35750747375112 ], [ 127.438973542908613, 36.357756842540702 ], [ 127.438983111575723, 36.357754545581763 ], [ 127.438994597806101, 36.357816179301302 ], [ 127.439001426822003, 36.357853895112953 ], [ 127.43901893456551, 36.357934368177261 ], [ 127.439026353481097, 36.357954058515006 ], [ 127.439217174369702, 36.358300867102443 ], [ 127.43873453339873, 36.359251678563325 ], [ 127.438605684497603, 36.359620780694975 ], [ 127.438260310930133, 36.359966460020971 ], [ 127.437729529588267, 36.35999937207206 ], [ 127.437407192408713, 36.360199372556941 ], [ 127.437279957862359, 36.360171954610706 ], [ 127.43722457257509, 36.360167930129748 ], [ 127.437157200396101, 36.360168175794428 ], [ 127.437109194547688, 36.360176803749582 ], [ 127.437112962071296, 36.360195092681842 ], [ 127.436998394932957, 36.360193536755787 ], [ 127.436824924784389, 36.360210507016284 ], [ 127.436678037229541, 36.36021723309026 ], [ 127.436646879365895, 36.360218193661396 ], [ 127.436326961480631, 36.360697534653106 ], [ 127.436121202357825, 36.360762779667091 ], [ 127.436080681517566, 36.360771091610154 ], [ 127.435276129340224, 36.360787811989887 ], [ 127.435275326069402, 36.360829782173504 ], [ 127.435408158331924, 36.360956301090148 ], [ 127.435500268651921, 36.361115076292442 ], [ 127.435846584706397, 36.361751959971237 ], [ 127.435876382295646, 36.361818880309052 ], [ 127.435891535199715, 36.36188302422287 ], [ 127.436010759477483, 36.361878093900856 ], [ 127.437266713013173, 36.361981092007056 ], [ 127.437086097058938, 36.362621857101999 ], [ 127.436952312060143, 36.363107288630609 ], [ 127.436793701301823, 36.363668841697368 ], [ 127.436695019830751, 36.364017834790154 ], [ 127.43649986270654, 36.364708215829197 ], [ 127.436494914106518, 36.364725977777873 ], [ 127.436274831716361, 36.365505159760794 ], [ 127.436310390601605, 36.365511789093546 ], [ 127.436294569196022, 36.365578028193561 ], [ 127.436187589694612, 36.366126721977743 ], [ 127.4361067500448, 36.366555348523853 ], [ 127.435845727682789, 36.367893120887828 ], [ 127.435770557004389, 36.368277794729828 ], [ 127.435646641112598, 36.368912159948898 ], [ 127.435570427618529, 36.369328098773501 ], [ 127.435500916135496, 36.369666846509645 ], [ 127.435423553841588, 36.370062792539173 ], [ 127.436776596631404, 36.37013222568924 ], [ 127.43737017273169, 36.370043603982005 ], [ 127.437685365558067, 36.369991763194548 ], [ 127.438594686365434, 36.36985692404879 ], [ 127.439168419137957, 36.369771466014818 ], [ 127.439184650764076, 36.369838435114886 ], [ 127.438595597563278, 36.369926193176212 ], [ 127.438596691544049, 36.370028137832698 ], [ 127.438605818411517, 36.370040216082558 ], [ 127.438752707599519, 36.37018583833207 ], [ 127.438930445141409, 36.370367952723605 ], [ 127.439263293018897, 36.370700722872712 ], [ 127.439355906987004, 36.370790788222919 ], [ 127.439412624680173, 36.370721019522747 ], [ 127.439415371010398, 36.370745791456464 ], [ 127.439376025552306, 36.370839431394181 ], [ 127.439313844988163, 36.370866973544622 ], [ 127.439323666206874, 36.370941283552149 ], [ 127.439344986885288, 36.37098570487634 ], [ 127.439316378637258, 36.371006923980588 ], [ 127.439323284625587, 36.371028301308243 ], [ 127.4402431877011, 36.371567877665981 ], [ 127.440580384056744, 36.371617617696756 ], [ 127.440641837000783, 36.371646959002362 ], [ 127.440695499978119, 36.371808971160526 ], [ 127.440645827579175, 36.372047682698714 ], [ 127.440826685229581, 36.372410574107924 ], [ 127.441019153516848, 36.372454086275582 ], [ 127.441780791109551, 36.372957897817301 ], [ 127.442230457886851, 36.373314452177681 ], [ 127.443194438482053, 36.373789355616609 ], [ 127.44366005664466, 36.37370174339447 ], [ 127.443682367197141, 36.37370587826279 ], [ 127.443959510657436, 36.373911002216481 ], [ 127.444389172646524, 36.374054154956269 ], [ 127.444593555598459, 36.374077331986314 ], [ 127.446171932495815, 36.37422889168478 ], [ 127.446632365177706, 36.374574971800662 ], [ 127.44690544349065, 36.374768830456858 ], [ 127.447482944799859, 36.374759070170178 ], [ 127.447828206700152, 36.374573042412763 ], [ 127.448402472067286, 36.374332934551852 ] ] ] ] } },
{ "type": "Feature", "properties": { "EMD_CD": "30230108", "EMD_ENG_NM": "Beop-dong", "EMD_KOR_NM": "법동" }, "geometry": { "type": "MultiPolygon", "coordinates": [ [ [ [ 127.451533110688104, 36.380493017076645 ], [ 127.45153651241273, 36.380327127420323 ], [ 127.451728835223349, 36.379646872673753 ], [ 127.451773965715461, 36.379501110866443 ], [ 127.451797823151182, 36.379409778300818 ], [ 127.451805131793222, 36.379349490056192 ], [ 127.451821733707717, 36.379238746770625 ], [ 127.451842810176956, 36.379179253714369 ], [ 127.451451193114139, 36.378031180078146 ], [ 127.450923188364484, 36.377749580897742 ], [ 127.450624480659911, 36.377584836354764 ], [ 127.450581481675513, 36.377556836683155 ], [ 127.450250908662312, 36.377391084525222 ], [ 127.450026314370461, 36.377273362055391 ], [ 127.449818081041116, 36.377186848093039 ], [ 127.449142336627034, 36.376920159828465 ], [ 127.449043177463196, 36.376540916688995 ], [ 127.449065618782868, 36.376386787911606 ], [ 127.449101795095302, 36.376165588213638 ], [ 127.449045262409427, 36.375903057075668 ], [ 127.449014044964755, 36.375742938310623 ], [ 127.448967832431336, 36.375638062893707 ], [ 127.448847947498905, 36.375350139844457 ], [ 127.44882285122506, 36.37531503440465 ], [ 127.448756360218127, 36.375197005757009 ], [ 127.44856997026848, 36.374879764215841 ], [ 127.44851957819516, 36.374562292927735 ], [ 127.448504581595131, 36.374436186256602 ], [ 127.448402472067286, 36.374332934551852 ], [ 127.447828206700152, 36.374573042412763 ], [ 127.447482944799859, 36.374759070170178 ], [ 127.44690544349065, 36.374768830456858 ], [ 127.446632365177706, 36.374574971800662 ], [ 127.446171932495815, 36.37422889168478 ], [ 127.444593555598459, 36.374077331986314 ], [ 127.444389172646524, 36.374054154956269 ], [ 127.443959510657436, 36.373911002216481 ], [ 127.443682367197141, 36.37370587826279 ], [ 127.44366005664466, 36.37370174339447 ], [ 127.443194438482053, 36.373789355616609 ], [ 127.442230457886851, 36.373314452177681 ], [ 127.441780791109551, 36.372957897817301 ], [ 127.441019153516848, 36.372454086275582 ], [ 127.440826685229581, 36.372410574107924 ], [ 127.440645827579175, 36.372047682698714 ], [ 127.440695499978119, 36.371808971160526 ], [ 127.440641837000783, 36.371646959002362 ], [ 127.440580384056744, 36.371617617696756 ], [ 127.4402431877011, 36.371567877665981 ], [ 127.439323284625587, 36.371028301308243 ], [ 127.439316378637258, 36.371006923980588 ], [ 127.439344986885288, 36.37098570487634 ], [ 127.439323666206874, 36.370941283552149 ], [ 127.439313844988163, 36.370866973544622 ], [ 127.439376025552306, 36.370839431394181 ], [ 127.439415371010398, 36.370745791456464 ], [ 127.439412624680173, 36.370721019522747 ], [ 127.439355906987004, 36.370790788222919 ], [ 127.439263293018897, 36.370700722872712 ], [ 127.438930445141409, 36.370367952723605 ], [ 127.438752707599519, 36.37018583833207 ], [ 127.438605818411517, 36.370040216082558 ], [ 127.438596691544049, 36.370028137832698 ], [ 127.438595597563278, 36.369926193176212 ], [ 127.439184650764076, 36.369838435114886 ], [ 127.439168419137957, 36.369771466014818 ], [ 127.438594686365434, 36.36985692404879 ], [ 127.437685365558067, 36.369991763194548 ], [ 127.43737017273169, 36.370043603982005 ], [ 127.436776596631404, 36.37013222568924 ], [ 127.435423553841588, 36.370062792539173 ], [ 127.435500916135496, 36.369666846509645 ], [ 127.435570427618529, 36.369328098773501 ], [ 127.435646641112598, 36.368912159948898 ], [ 127.435770557004389, 36.368277794729828 ], [ 127.435845727682789, 36.367893120887828 ], [ 127.4361067500448, 36.366555348523853 ], [ 127.436187589694612, 36.366126721977743 ], [ 127.436294569196022, 36.365578028193561 ], [ 127.435660016809408, 36.365461210758589 ], [ 127.435354871521511, 36.365407122867367 ], [ 127.433731798532023, 36.365104077316232 ], [ 127.433611205252305, 36.365081984398891 ], [ 127.433244184339671, 36.365014876758963 ], [ 127.432906272709545, 36.364954709995665 ], [ 127.432268933872734, 36.364835911017565 ], [ 127.432024422458724, 36.36479060762543 ], [ 127.431628997480757, 36.364718532811487 ], [ 127.430891130106133, 36.364584317942921 ], [ 127.430872326577628, 36.364648034792665 ], [ 127.430781004398725, 36.36497869392381 ], [ 127.430121889350758, 36.367333100018648 ], [ 127.429743871926746, 36.367261524313115 ], [ 127.429740557978931, 36.367260689096703 ], [ 127.428678492534004, 36.367064540745723 ], [ 127.428529821724894, 36.36703493726781 ], [ 127.427362998361829, 36.366816072744996 ], [ 127.426478386831107, 36.366656165824786 ], [ 127.426108412790725, 36.3665912997023 ], [ 127.425269771481766, 36.36643178816491 ], [ 127.425043030047092, 36.366390345561861 ], [ 127.424012042328883, 36.36636527579099 ], [ 127.423210682191069, 36.366340504290179 ], [ 127.42313095536575, 36.36634220049725 ], [ 127.423119800318275, 36.366403906574455 ], [ 127.423083364869072, 36.366459799226021 ], [ 127.423044159307707, 36.366615667855967 ], [ 127.423011710657477, 36.366667040593612 ], [ 127.422975077449905, 36.366717292616194 ], [ 127.422919589818648, 36.366761140768538 ], [ 127.42287430439751, 36.366820714286717 ], [ 127.422802366336001, 36.366880390784878 ], [ 127.422715793169971, 36.366935054290153 ], [ 127.422706793551427, 36.366946062205173 ], [ 127.422881901090605, 36.36755176641455 ], [ 127.422948794529873, 36.367752877694173 ], [ 127.422019521498029, 36.367835283338657 ], [ 127.421660400465029, 36.367975947962833 ], [ 127.421301741291217, 36.368236014202822 ], [ 127.421255655040369, 36.368277575631531 ], [ 127.421140844288075, 36.368392589062793 ], [ 127.421144085796314, 36.368413142254305 ], [ 127.421149050952863, 36.368428895195628 ], [ 127.421177223747179, 36.368520877238026 ], [ 127.421183438471601, 36.368576340112512 ], [ 127.421332545597863, 36.368913185228052 ], [ 127.421464736311762, 36.369181105456526 ], [ 127.421540827350739, 36.369310939081757 ], [ 127.421661668777745, 36.369507076165149 ], [ 127.421716688520092, 36.369605731388056 ], [ 127.4217760298814, 36.369728874041762 ], [ 127.421900683456954, 36.369889797975105 ], [ 127.421997573836208, 36.370035049114861 ], [ 127.42205262011818, 36.370103289782037 ], [ 127.422112562672481, 36.37017855127867 ], [ 127.422355293585568, 36.370472548429177 ], [ 127.422428217042068, 36.370564093130113 ], [ 127.422485682602499, 36.370630351516091 ], [ 127.422607095633296, 36.370770451181293 ], [ 127.422703333316704, 36.370858254802705 ], [ 127.422790792153862, 36.370933986666472 ], [ 127.422822826571206, 36.370964567352409 ], [ 127.422899613202773, 36.37103047803393 ], [ 127.423200362337965, 36.371297792551118 ], [ 127.423703233034757, 36.371755330819454 ], [ 127.423848804086902, 36.37188632315732 ], [ 127.424059503556563, 36.37208440192579 ], [ 127.424064501588916, 36.372235887933542 ], [ 127.424090353732595, 36.37231408961577 ], [ 127.424107327364467, 36.372394854968533 ], [ 127.424095662095709, 36.37252499726678 ], [ 127.42409836651629, 36.372734508305257 ], [ 127.424116659522724, 36.372993248843926 ], [ 127.424135183551641, 36.373133990162309 ], [ 127.424282975389431, 36.373192889982782 ], [ 127.424188692646041, 36.373242787606635 ], [ 127.424137693879331, 36.373212833114906 ], [ 127.424086865647965, 36.373247365279703 ], [ 127.424193678887676, 36.373359074163211 ], [ 127.424236740834715, 36.373400879983045 ], [ 127.424331554167779, 36.373514884109262 ], [ 127.424280072574035, 36.37352548375808 ], [ 127.424265676004538, 36.373568898703788 ], [ 127.424294936926444, 36.373601462339707 ], [ 127.424301866505658, 36.373627914006534 ], [ 127.424285749862321, 36.37364176785934 ], [ 127.424265244169987, 36.373649725607535 ], [ 127.424093816209279, 36.373728904584929 ], [ 127.424098313743997, 36.373818725686867 ], [ 127.424064857598296, 36.373847005393365 ], [ 127.424064717838974, 36.373852070427724 ], [ 127.42375585982235, 36.373890903209258 ], [ 127.423739102111057, 36.373883077255037 ], [ 127.423382712075352, 36.374049078058249 ], [ 127.423196055815282, 36.374115071428108 ], [ 127.423203031137689, 36.374147993351237 ], [ 127.42328722418921, 36.374456065328381 ], [ 127.423382315993649, 36.374815636287003 ], [ 127.423395134124021, 36.374834731735277 ], [ 127.423482172406565, 36.37486259470338 ], [ 127.423784311604223, 36.37496544027325 ], [ 127.423992165864348, 36.375023281011892 ], [ 127.424561915853801, 36.375186285803878 ], [ 127.424593986722769, 36.375194336769589 ], [ 127.424562278379554, 36.375415801844618 ], [ 127.425184144225796, 36.375525964100213 ], [ 127.425760532827809, 36.375629805259045 ], [ 127.425801154664626, 36.375607690628364 ], [ 127.425797304008313, 36.375635306938797 ], [ 127.426178662539272, 36.375703792052413 ], [ 127.426476182804791, 36.375759336123863 ], [ 127.426404786649556, 36.376013889357154 ], [ 127.42641063875918, 36.376065397059975 ], [ 127.42642157123035, 36.376122816346459 ], [ 127.426691394880422, 36.376109744683113 ], [ 127.426751950493383, 36.376166978301754 ], [ 127.426816830599691, 36.376121968532651 ], [ 127.426860237230386, 36.376066897100166 ], [ 127.426942183968279, 36.376086322750865 ], [ 127.427029055690383, 36.376085166257042 ], [ 127.42716230277648, 36.376060477307554 ], [ 127.427285196819611, 36.376084812344118 ], [ 127.427460485078754, 36.375468584800345 ], [ 127.427573781104314, 36.375553791303247 ], [ 127.427604441596841, 36.37571589134609 ], [ 127.427742570343625, 36.375852825997931 ], [ 127.427754360439778, 36.375811952223174 ], [ 127.428375453795027, 36.375938429670704 ], [ 127.428366469365713, 36.375952258582799 ], [ 127.428753081589875, 36.375961861721009 ], [ 127.428757422637887, 36.375928331935278 ], [ 127.428893074323597, 36.375929820260737 ], [ 127.429376946046816, 36.375989484460689 ], [ 127.429314133768273, 36.376124874879203 ], [ 127.429362221868857, 36.3760357218096 ], [ 127.429526087151856, 36.376069207798878 ], [ 127.429572102519359, 36.376014684760897 ], [ 127.429856135861129, 36.37605281319636 ], [ 127.430057124383893, 36.376094897612376 ], [ 127.430161314742151, 36.376392475373287 ], [ 127.43025516811656, 36.376455219991726 ], [ 127.430460806263412, 36.376517842564503 ], [ 127.431176828169583, 36.376712119466319 ], [ 127.431649913333928, 36.376930634192973 ], [ 127.432180761430445, 36.377046161170028 ], [ 127.432472474780113, 36.377118040273714 ], [ 127.433088321204892, 36.37726986177703 ], [ 127.433646807533265, 36.377501586442314 ], [ 127.433502641261441, 36.377534775013245 ], [ 127.43341801445635, 36.377535081009334 ], [ 127.43335670751685, 36.377594995672695 ], [ 127.433363598479843, 36.377613841111298 ], [ 127.433395364204628, 36.377594576563403 ], [ 127.43365128246478, 36.377555072291145 ], [ 127.434016039942662, 36.377800445561725 ], [ 127.433943270084185, 36.377989953180105 ], [ 127.433984821217123, 36.377948691718203 ], [ 127.433996094127693, 36.377907530851026 ], [ 127.434009318427854, 36.377842428034882 ], [ 127.434034865507556, 36.37777081025213 ], [ 127.434082076476969, 36.377807812272486 ], [ 127.434161141233801, 36.377903833212407 ], [ 127.434233894790751, 36.377866396734817 ], [ 127.43429304199158, 36.377825071425711 ], [ 127.434482435807496, 36.377844940659692 ], [ 127.434772529829345, 36.377907249642739 ], [ 127.434851806483763, 36.378011163537813 ], [ 127.435053782685515, 36.378259935609506 ], [ 127.435386619362788, 36.378336740866111 ], [ 127.435477786780751, 36.378354144593189 ], [ 127.435928096715955, 36.37848120291298 ], [ 127.436355800048204, 36.378644956055375 ], [ 127.436550978876909, 36.378736614583893 ], [ 127.43665252701733, 36.378772858961561 ], [ 127.436856956841225, 36.379054574503286 ], [ 127.43706138112573, 36.379365009743871 ], [ 127.437589924726979, 36.379656238614963 ], [ 127.437744771756172, 36.379819008922624 ], [ 127.437800689937646, 36.37991793256338 ], [ 127.437949841899993, 36.380246032601079 ], [ 127.438134956306925, 36.380497960923769 ], [ 127.438193155882644, 36.380536326939783 ], [ 127.438557694225324, 36.380735502374364 ], [ 127.438781303359576, 36.380863667400973 ], [ 127.439163365761203, 36.381053197465782 ], [ 127.439756785486267, 36.381357416972534 ], [ 127.439964776134161, 36.381587297141039 ], [ 127.440201856494838, 36.381694286793284 ], [ 127.440517302935561, 36.381834213836292 ], [ 127.440488646452906, 36.382002160553348 ], [ 127.440421516750845, 36.382326546140426 ], [ 127.440363502342251, 36.382571478795896 ], [ 127.440382654680747, 36.382631957494404 ], [ 127.440447991368359, 36.382948250506793 ], [ 127.440501996542466, 36.383199530244859 ], [ 127.44050652880594, 36.383262315548436 ], [ 127.440510909548578, 36.383577706038132 ], [ 127.440508377546891, 36.38383905221896 ], [ 127.441456804446773, 36.383818666136257 ], [ 127.442468986201533, 36.383461786771036 ], [ 127.442720805074345, 36.383370740763155 ], [ 127.442885867066025, 36.383060077310176 ], [ 127.443144429686456, 36.382807922842403 ], [ 127.443547133831984, 36.382883879159579 ], [ 127.444376478140683, 36.383209731298571 ], [ 127.444901148166835, 36.383207784969649 ], [ 127.445394690001763, 36.38311949457254 ], [ 127.445672875681126, 36.383073961167717 ], [ 127.445712584160859, 36.383073813514038 ], [ 127.446219545235635, 36.382897894931496 ], [ 127.447047035424418, 36.382894811447777 ], [ 127.447267962659197, 36.382489032269717 ], [ 127.447299783045025, 36.382419073501566 ], [ 127.447519441046694, 36.382250123846084 ], [ 127.449532259062934, 36.381302283562299 ], [ 127.451206350263803, 36.380448063071952 ], [ 127.451533110688104, 36.380493017076645 ] ] ] ] } },
{ "type": "Feature", "properties": { "EMD_CD": "30230109", "EMD_ENG_NM": "Jungni-dong", "EMD_KOR_NM": "중리동" }, "geometry": { "type": "MultiPolygon", "coordinates": [ [ [ [ 127.436294569196022, 36.365578028193561 ], [ 127.436310390601605, 36.365511789093546 ], [ 127.436274831716361, 36.365505159760794 ], [ 127.436494914106518, 36.364725977777873 ], [ 127.43649986270654, 36.364708215829197 ], [ 127.436695019830751, 36.364017834790154 ], [ 127.436793701301823, 36.363668841697368 ], [ 127.436952312060143, 36.363107288630609 ], [ 127.437086097058938, 36.362621857101999 ], [ 127.437266713013173, 36.361981092007056 ], [ 127.436010759477483, 36.361878093900856 ], [ 127.435891535199715, 36.36188302422287 ], [ 127.435876382295646, 36.361818880309052 ], [ 127.435846584706397, 36.361751959971237 ], [ 127.435500268651921, 36.361115076292442 ], [ 127.435408158331924, 36.360956301090148 ], [ 127.435275326069402, 36.360829782173504 ], [ 127.435273934929768, 36.360830066585095 ], [ 127.435259845368577, 36.360832929370183 ], [ 127.43524871635033, 36.360835222683967 ], [ 127.435068870537634, 36.360739567881097 ], [ 127.435006396566294, 36.360713038962551 ], [ 127.434965008402699, 36.360689533527136 ], [ 127.434820551144114, 36.360570085357544 ], [ 127.434818805279733, 36.36056868587108 ], [ 127.434742415972437, 36.360512081319222 ], [ 127.434680178460923, 36.360465842884416 ], [ 127.43467283999432, 36.360460516566668 ], [ 127.434585609539056, 36.360395777645074 ], [ 127.434112601776221, 36.360047721833119 ], [ 127.433973828783749, 36.359918122938829 ], [ 127.433897184119743, 36.359877568518023 ], [ 127.433777844905606, 36.359830968497135 ], [ 127.433482212430022, 36.359635187077224 ], [ 127.433402909600787, 36.359587315470066 ], [ 127.433277887203047, 36.359518215360801 ], [ 127.432975491292638, 36.359297675055721 ], [ 127.432947227396113, 36.359285953822599 ], [ 127.432928634410146, 36.359260112446229 ], [ 127.432925793083882, 36.359249975580596 ], [ 127.432907657776454, 36.35918189491592 ], [ 127.432850925786525, 36.359186037826866 ], [ 127.432774767653953, 36.359170830709786 ], [ 127.432443840260106, 36.359109781185005 ], [ 127.430668593038604, 36.359060136142944 ], [ 127.430676101731962, 36.358905784542777 ], [ 127.430679374162693, 36.358836211805134 ], [ 127.430695407930813, 36.358491458305124 ], [ 127.430695713573613, 36.358451751842018 ], [ 127.430743483530847, 36.357355257873898 ], [ 127.430766539360661, 36.356824496408656 ], [ 127.429055302299659, 36.356772055956398 ], [ 127.429105712482368, 36.355661278346311 ], [ 127.429108698857448, 36.355596203453437 ], [ 127.428873533771124, 36.355577705747152 ], [ 127.427600790310578, 36.355474219238182 ], [ 127.427558746907138, 36.355470620303073 ], [ 127.427475598488996, 36.355463887649712 ], [ 127.427545592513297, 36.355021417731791 ], [ 127.426863268850781, 36.355032013152147 ], [ 127.426384524052992, 36.355026389923438 ], [ 127.425777458972775, 36.355014750092494 ], [ 127.425460699183247, 36.355026859600791 ], [ 127.424794578373962, 36.355071179465106 ], [ 127.42467113879178, 36.355100345867889 ], [ 127.424316967475278, 36.355081602724006 ], [ 127.424343178725195, 36.355132479953078 ], [ 127.424361430132393, 36.355159729723404 ], [ 127.424377109665926, 36.35522642363928 ], [ 127.424387392005684, 36.355261298440695 ], [ 127.42437426844981, 36.355312882597161 ], [ 127.424315282900082, 36.355287182791642 ], [ 127.424225405418611, 36.355243289554892 ], [ 127.424158611403612, 36.355446567657246 ], [ 127.42411499229641, 36.355588376294669 ], [ 127.423862452442577, 36.355597433772928 ], [ 127.423382118326785, 36.355619974607563 ], [ 127.42319300103054, 36.355963085421713 ], [ 127.422824055900747, 36.356401731963132 ], [ 127.422389344466509, 36.356847367765099 ], [ 127.421864137073698, 36.356749808930523 ], [ 127.421337148978765, 36.356774758598036 ], [ 127.420874734275515, 36.356957453793264 ], [ 127.420707075089425, 36.357051826495024 ], [ 127.420424888236695, 36.357149123810572 ], [ 127.419828299698523, 36.357505489460564 ], [ 127.419785443399249, 36.357531259650266 ], [ 127.419095798516523, 36.357512557514575 ], [ 127.419245125645787, 36.357960924508539 ], [ 127.418502923087132, 36.358272166475544 ], [ 127.418391961371441, 36.3583235236338 ], [ 127.418169525250178, 36.358430465898664 ], [ 127.417935453440933, 36.358509575230592 ], [ 127.41757139097885, 36.358629968660992 ], [ 127.417596146452681, 36.358669587840701 ], [ 127.417658282866768, 36.358765967451291 ], [ 127.417786771404209, 36.35893223562001 ], [ 127.418113291474356, 36.359376895471883 ], [ 127.418316200104798, 36.359656666748322 ], [ 127.418529601467085, 36.359944015894243 ], [ 127.418612694866482, 36.360052433506418 ], [ 127.418765793814401, 36.360230158594966 ], [ 127.418847841153877, 36.360336606136173 ], [ 127.418923607013042, 36.360441381371167 ], [ 127.419213263304002, 36.360828149789079 ], [ 127.419410354808093, 36.361189621119891 ], [ 127.419495796256783, 36.361378278685756 ], [ 127.419610679474488, 36.361765666362004 ], [ 127.419641643962237, 36.361859612665626 ], [ 127.41965133680344, 36.361913648684528 ], [ 127.419668679134347, 36.362031307260537 ], [ 127.419680232152345, 36.362108145267378 ], [ 127.419682911762365, 36.362152914809137 ], [ 127.419923115005943, 36.362534789887505 ], [ 127.420029628118513, 36.363243516935981 ], [ 127.420091366069727, 36.363493094705191 ], [ 127.420165035157908, 36.363723480860337 ], [ 127.420296301417366, 36.364178947405641 ], [ 127.420329258124553, 36.364286692356842 ], [ 127.420130753168621, 36.363728097795573 ], [ 127.4206550399104, 36.366340206375412 ], [ 127.420821823571487, 36.367181651595963 ], [ 127.420945216524615, 36.367756549096647 ], [ 127.420980290239044, 36.367901180047753 ], [ 127.421140844288075, 36.368392589062793 ], [ 127.421255655040369, 36.368277575631531 ], [ 127.421301741291217, 36.368236014202822 ], [ 127.421660400465029, 36.367975947962833 ], [ 127.422019521498029, 36.367835283338657 ], [ 127.422948794529873, 36.367752877694173 ], [ 127.422881901090605, 36.36755176641455 ], [ 127.422706793551427, 36.366946062205173 ], [ 127.422715793169971, 36.366935054290153 ], [ 127.422802366336001, 36.366880390784878 ], [ 127.42287430439751, 36.366820714286717 ], [ 127.422919589818648, 36.366761140768538 ], [ 127.422975077449905, 36.366717292616194 ], [ 127.423011710657477, 36.366667040593612 ], [ 127.423044159307707, 36.366615667855967 ], [ 127.423083364869072, 36.366459799226021 ], [ 127.423119800318275, 36.366403906574455 ], [ 127.42313095536575, 36.36634220049725 ], [ 127.423210682191069, 36.366340504290179 ], [ 127.424012042328883, 36.36636527579099 ], [ 127.425043030047092, 36.366390345561861 ], [ 127.425269771481766, 36.36643178816491 ], [ 127.426108412790725, 36.3665912997023 ], [ 127.426478386831107, 36.366656165824786 ], [ 127.427362998361829, 36.366816072744996 ], [ 127.428529821724894, 36.36703493726781 ], [ 127.428678492534004, 36.367064540745723 ], [ 127.429740557978931, 36.367260689096703 ], [ 127.429743871926746, 36.367261524313115 ], [ 127.430121889350758, 36.367333100018648 ], [ 127.430781004398725, 36.36497869392381 ], [ 127.430872326577628, 36.364648034792665 ], [ 127.430891130106133, 36.364584317942921 ], [ 127.431628997480757, 36.364718532811487 ], [ 127.432024422458724, 36.36479060762543 ], [ 127.432268933872734, 36.364835911017565 ], [ 127.432906272709545, 36.364954709995665 ], [ 127.433244184339671, 36.365014876758963 ], [ 127.433611205252305, 36.365081984398891 ], [ 127.433731798532023, 36.365104077316232 ], [ 127.435354871521511, 36.365407122867367 ], [ 127.435660016809408, 36.365461210758589 ], [ 127.436294569196022, 36.365578028193561 ] ] ] ] } },
{ "type": "Feature", "properties": { "EMD_CD": "30230110", "EMD_ENG_NM": "Birae-dong", "EMD_KOR_NM": "비래동" }, "geometry": { "type": "MultiPolygon", "coordinates": [ [ [ [ 127.454130366117042, 36.377286612000731 ], [ 127.454178907699301, 36.377099716293365 ], [ 127.454259577902619, 36.377078287346798 ], [ 127.454320760881544, 36.376669153118101 ], [ 127.45437143196753, 36.376428747242464 ], [ 127.454389979729271, 36.376383339457504 ], [ 127.454403271958327, 36.376334851595551 ], [ 127.45440282561583, 36.376286695176915 ], [ 127.454357249555372, 36.376054539304633 ], [ 127.454341130652423, 36.376007568745038 ], [ 127.454330825564824, 36.375971561314458 ], [ 127.454377114123432, 36.375967168410661 ], [ 127.454653131942862, 36.375852908728511 ], [ 127.455047514985694, 36.3755824692376 ], [ 127.455178863618073, 36.375441731622928 ], [ 127.455422844292286, 36.375147927076966 ], [ 127.455822532460715, 36.374832686097676 ], [ 127.455789520703362, 36.374065417710383 ], [ 127.456056748982093, 36.373759691155342 ], [ 127.456349417818956, 36.373515551717908 ], [ 127.457023347690111, 36.372844997190434 ], [ 127.45725874348561, 36.372635137819692 ], [ 127.457352297659924, 36.372166176267491 ], [ 127.457446821311336, 36.371685946373404 ], [ 127.457727326012133, 36.370553357355952 ], [ 127.457832448223655, 36.370367938104678 ], [ 127.457888396664202, 36.370199873767184 ], [ 127.457904397699252, 36.370047182655021 ], [ 127.457868167837717, 36.370014095170106 ], [ 127.457912331056889, 36.370003220648499 ], [ 127.457984669634854, 36.369899869245494 ], [ 127.458011369569164, 36.369850491629514 ], [ 127.458060069723459, 36.369782718302737 ], [ 127.458106642334755, 36.369736067338408 ], [ 127.458185851185448, 36.369527091258057 ], [ 127.458311738878777, 36.369289775302079 ], [ 127.458410183215662, 36.369241529070528 ], [ 127.458477572010409, 36.369214227427207 ], [ 127.458539804097569, 36.369166398952167 ], [ 127.459455494414186, 36.369147122187933 ], [ 127.459517701496893, 36.369097040393065 ], [ 127.459603711696403, 36.369096710633201 ], [ 127.459940547655719, 36.36881887868276 ], [ 127.46012286215452, 36.368614849529372 ], [ 127.460186716861671, 36.368488720907919 ], [ 127.460181585879539, 36.368060688062201 ], [ 127.460821073947969, 36.367585688284287 ], [ 127.460991302065281, 36.366808906765442 ], [ 127.46144839456008, 36.366051855835892 ], [ 127.46205731872486, 36.36482646892 ], [ 127.462101443777726, 36.364751105724132 ], [ 127.462199128404365, 36.364635830731302 ], [ 127.462250102965854, 36.364569452705346 ], [ 127.462250963755139, 36.364568043570486 ], [ 127.46225251699596, 36.364566911126055 ], [ 127.462387011042495, 36.364464164385879 ], [ 127.462497134453173, 36.364330817888941 ], [ 127.462626988691767, 36.36432749615355 ], [ 127.46286029921913, 36.363948674427505 ], [ 127.46275435716035, 36.363636776124316 ], [ 127.462821954130092, 36.363557095578386 ], [ 127.462817369046121, 36.363546695827175 ], [ 127.462960088190428, 36.363393793940212 ], [ 127.463039346427564, 36.363311535960449 ], [ 127.463172929558766, 36.362938163305053 ], [ 127.463195440651219, 36.362887944570929 ], [ 127.463274700387203, 36.362658967918492 ], [ 127.463426481182225, 36.362065874889346 ], [ 127.463484273244376, 36.362005381596653 ], [ 127.463518386463889, 36.361946394666788 ], [ 127.463836133746796, 36.36162665814409 ], [ 127.463920281504144, 36.361548327743591 ], [ 127.464551955695839, 36.361414644876646 ], [ 127.465065301917875, 36.361111890814009 ], [ 127.465582367705878, 36.361057219600646 ], [ 127.46611242482787, 36.360815233727628 ], [ 127.46618334328852, 36.360678647852161 ], [ 127.466186277397796, 36.360675545448139 ], [ 127.466187816520588, 36.360670186547182 ], [ 127.466198361488068, 36.360627907971555 ], [ 127.466207432524158, 36.360601955210598 ], [ 127.466204782403125, 36.360536631113931 ], [ 127.466198022934407, 36.360482875923502 ], [ 127.466034430122065, 36.359613041432183 ], [ 127.466002273141427, 36.359415757382713 ], [ 127.465988428435139, 36.359341465141888 ], [ 127.465987706455948, 36.359338088582042 ], [ 127.465904686219048, 36.358990336528137 ], [ 127.465907089311159, 36.358984127176804 ], [ 127.465900135356961, 36.358955713454542 ], [ 127.465912975383148, 36.358919058250002 ], [ 127.46599005564147, 36.358531537273684 ], [ 127.466276818407934, 36.358159529904157 ], [ 127.466262441233297, 36.358141850908119 ], [ 127.466269527434022, 36.358132532338878 ], [ 127.466068369051982, 36.357882953063651 ], [ 127.466046446606597, 36.35785544463527 ], [ 127.46561227523415, 36.357327129838353 ], [ 127.465615293820179, 36.357308247724902 ], [ 127.465615722163491, 36.357292196317779 ], [ 127.465626769148741, 36.356923522963633 ], [ 127.465624378447743, 36.356755410949603 ], [ 127.465534594157475, 36.356498639313124 ], [ 127.465203509843903, 36.355855591705335 ], [ 127.464826008902889, 36.355222302464909 ], [ 127.464673777202208, 36.35364980069248 ], [ 127.464687480849307, 36.35355398975021 ], [ 127.464684880939259, 36.353526964868806 ], [ 127.464769461352901, 36.352964823474686 ], [ 127.464813049476945, 36.352653752413019 ], [ 127.46512086458705, 36.352516815993027 ], [ 127.46512065972307, 36.352363898021572 ], [ 127.465127242551191, 36.352359934388204 ], [ 127.465125778919969, 36.3518181143044 ], [ 127.465055884093999, 36.351538177040133 ], [ 127.464680990619414, 36.350901208951534 ], [ 127.464643507803061, 36.350890657394558 ], [ 127.464642977548493, 36.350889532992568 ], [ 127.4642140976582, 36.350746440200808 ], [ 127.464145941541148, 36.350729527873007 ], [ 127.463948322530399, 36.350719875331478 ], [ 127.463719185053051, 36.350709776646362 ], [ 127.463610060950273, 36.35074286594881 ], [ 127.463321589154759, 36.350823121527469 ], [ 127.462656080610728, 36.351199387075852 ], [ 127.461940476361974, 36.351522339744058 ], [ 127.461159802400758, 36.351704451943021 ], [ 127.458967371905288, 36.352145424872575 ], [ 127.458914670250664, 36.352151826639137 ], [ 127.458752541534636, 36.352557412982058 ], [ 127.458514462062453, 36.352952863097933 ], [ 127.456913267736951, 36.352998960933505 ], [ 127.455776449149198, 36.353007235216374 ], [ 127.455647284359273, 36.353007158449593 ], [ 127.455470082327878, 36.353007273061444 ], [ 127.455255127758704, 36.353011748228795 ], [ 127.454977515078824, 36.35301758726758 ], [ 127.454420836022777, 36.353137976546272 ], [ 127.454159276424704, 36.353180367203343 ], [ 127.454142631034983, 36.353191694828674 ], [ 127.453951906440722, 36.35323269023332 ], [ 127.454550670932775, 36.354305340987672 ], [ 127.454592885402917, 36.354380653542989 ], [ 127.454631411582753, 36.354450068422665 ], [ 127.454321157759779, 36.354441665147149 ], [ 127.451296386589362, 36.354224139125776 ], [ 127.449081031200492, 36.354057289008246 ], [ 127.449047130316387, 36.353944490895273 ], [ 127.448712038042999, 36.353365908301235 ], [ 127.447378180668196, 36.353864839934417 ], [ 127.446995509188724, 36.354007921486364 ], [ 127.446924657783953, 36.353885401758369 ], [ 127.44688154281539, 36.353895132847732 ], [ 127.446623263009045, 36.353444385801218 ], [ 127.446570948451949, 36.353429098632532 ], [ 127.445971332344087, 36.353654080680307 ], [ 127.445955838117854, 36.353623165236769 ], [ 127.445954609411373, 36.353620637530476 ], [ 127.445826060851644, 36.353362589087105 ], [ 127.445649568180329, 36.352507137423885 ], [ 127.445615523434952, 36.352397438836654 ], [ 127.445604112092141, 36.35238114310426 ], [ 127.44549462103933, 36.352227783986109 ], [ 127.445518943208114, 36.352218402589422 ], [ 127.445570925903823, 36.352238206300946 ], [ 127.445675840673175, 36.352197822614094 ], [ 127.445829909531071, 36.352261746294324 ], [ 127.445912086115655, 36.352295793158582 ], [ 127.445985504623735, 36.352319743435494 ], [ 127.44603932029078, 36.352416977333704 ], [ 127.446095321752452, 36.352438171684447 ], [ 127.44516935277656, 36.350796705356103 ], [ 127.443972133803683, 36.351260739264049 ], [ 127.442728097907349, 36.351750139685265 ], [ 127.442773857923953, 36.351836122218707 ], [ 127.442882738640165, 36.352040284859619 ], [ 127.442918994866233, 36.352108279109466 ], [ 127.442957389176868, 36.352180050347094 ], [ 127.44307077481858, 36.352392667122174 ], [ 127.443106129969777, 36.35245886230738 ], [ 127.443231905719415, 36.352695314032793 ], [ 127.44350245849796, 36.353198516067387 ], [ 127.44363763387372, 36.35344187153887 ], [ 127.443661382299396, 36.353484589055292 ], [ 127.44377089684383, 36.353681809492059 ], [ 127.443807476085652, 36.353747549338131 ], [ 127.444008610125863, 36.354109614108054 ], [ 127.444337496983152, 36.35470163325359 ], [ 127.444485509689272, 36.354968190191357 ], [ 127.444904966571727, 36.354811363560373 ], [ 127.444923445502369, 36.354844088413742 ], [ 127.444251047654717, 36.355095763081849 ], [ 127.444651045447202, 36.355810166393759 ], [ 127.444740709146046, 36.355963572696425 ], [ 127.444445246645785, 36.355963226454747 ], [ 127.444476414077812, 36.356017361089549 ], [ 127.444499031291755, 36.356056838414368 ], [ 127.444562156422435, 36.35616690704606 ], [ 127.444622693285524, 36.356272389295519 ], [ 127.444629219340683, 36.356283719780976 ], [ 127.444650936757142, 36.356321668430091 ], [ 127.444705848248148, 36.356417438907819 ], [ 127.444819383905482, 36.356615274166451 ], [ 127.444879359822067, 36.356719947307873 ], [ 127.444989633794265, 36.356912207268444 ], [ 127.445118587442721, 36.357137019961272 ], [ 127.445165510201733, 36.357218761688465 ], [ 127.44529716122338, 36.35744752928634 ], [ 127.445344871393402, 36.357530529644713 ], [ 127.44541612011858, 36.357638494934626 ], [ 127.445512204227256, 36.357783946491921 ], [ 127.445555568608739, 36.357847137270674 ], [ 127.445610443705291, 36.357916503291776 ], [ 127.445778324576452, 36.358128824569405 ], [ 127.446206803495713, 36.358576191179473 ], [ 127.446261386620449, 36.358633212012819 ], [ 127.446744679789958, 36.359137957045832 ], [ 127.446799263700953, 36.359194977622714 ], [ 127.447343312763095, 36.359763115976016 ], [ 127.447498436573326, 36.359925107221748 ], [ 127.447766317931936, 36.360204819899771 ], [ 127.448044401193343, 36.360495217693682 ], [ 127.44808531256173, 36.360537960239384 ], [ 127.447971941069952, 36.360609305594778 ], [ 127.448055643972566, 36.360600675047301 ], [ 127.448352736824532, 36.360877303344623 ], [ 127.448487387802828, 36.361066819304781 ], [ 127.448631392343017, 36.361276675437516 ], [ 127.449041780130557, 36.361603910907007 ], [ 127.449241852788504, 36.361784538752524 ], [ 127.449644484355559, 36.362168907970904 ], [ 127.449769073211272, 36.362304867913259 ], [ 127.449733655275892, 36.362363558458277 ], [ 127.449724869607479, 36.362391689726891 ], [ 127.449704344450907, 36.362457461616309 ], [ 127.449738184339679, 36.362508277501277 ], [ 127.44974881202603, 36.362542941476327 ], [ 127.449745603474426, 36.3625915713382 ], [ 127.449766366337357, 36.362726550964922 ], [ 127.449721384641094, 36.362774877945071 ], [ 127.449700694434085, 36.362786625639458 ], [ 127.449428606915774, 36.362732278433725 ], [ 127.449522870852263, 36.362851293256483 ], [ 127.449556984411487, 36.362868206356112 ], [ 127.449423894197906, 36.362944258996365 ], [ 127.449415222378136, 36.363283922355876 ], [ 127.44925799398932, 36.363427427334251 ], [ 127.449104588696656, 36.363475935056435 ], [ 127.449039975661492, 36.363524596656063 ], [ 127.448964292224744, 36.363544931025707 ], [ 127.448853563886217, 36.363592016960787 ], [ 127.448895392723742, 36.363644794736338 ], [ 127.448957800464882, 36.363699396887142 ], [ 127.448931418401642, 36.363723196307689 ], [ 127.448869758842505, 36.363810984321667 ], [ 127.448766199266558, 36.363973779868289 ], [ 127.448687858333074, 36.364034108671838 ], [ 127.448596975250098, 36.363951018997021 ], [ 127.448512981117418, 36.363889864853142 ], [ 127.448433135499741, 36.363850755634665 ], [ 127.448274729037266, 36.363691229181804 ], [ 127.448091128917397, 36.363915503466508 ], [ 127.448042453764273, 36.363996339602025 ], [ 127.447990745047989, 36.364137150527775 ], [ 127.447973892687571, 36.364192779294775 ], [ 127.447961674735581, 36.36425413115839 ], [ 127.447950452260216, 36.364294698451673 ], [ 127.447945268642883, 36.364520531567898 ], [ 127.447957114467556, 36.364934319946599 ], [ 127.447787172745052, 36.365192056987503 ], [ 127.447951707334212, 36.365485771516283 ], [ 127.447664216969287, 36.365576583345742 ], [ 127.447424629863775, 36.365855324701684 ], [ 127.447394265549562, 36.365993784734577 ], [ 127.447372118627442, 36.366098050962108 ], [ 127.447321719545386, 36.366173945823853 ], [ 127.44732982761046, 36.366300258766657 ], [ 127.44731339041067, 36.366366321353425 ], [ 127.44735083205002, 36.366431254692976 ], [ 127.447320970306009, 36.3664586443575 ], [ 127.447275676662883, 36.366488083164867 ], [ 127.44720025214886, 36.366513371853422 ], [ 127.447144358261866, 36.366503099809798 ], [ 127.447097742712444, 36.366509816124328 ], [ 127.447059175316994, 36.366538598948893 ], [ 127.447044500733526, 36.366538626637883 ], [ 127.447041651042326, 36.366544981459171 ], [ 127.447024131863756, 36.366591348594326 ], [ 127.447021590022544, 36.366677112837486 ], [ 127.447137197851632, 36.366791084455294 ], [ 127.447163251462271, 36.366816877715848 ], [ 127.447207296961253, 36.366898728343948 ], [ 127.447240021862072, 36.366992336320337 ], [ 127.447295783780703, 36.367151300854509 ], [ 127.447325108733409, 36.367232899962701 ], [ 127.447411622397027, 36.367342627239701 ], [ 127.447442190198828, 36.367380334997655 ], [ 127.447645853381403, 36.367469664008205 ], [ 127.447752698707106, 36.367518117072841 ], [ 127.447744202989355, 36.367694812958312 ], [ 127.447765579335851, 36.367783425655979 ], [ 127.447890096062466, 36.367905744061765 ], [ 127.447896787314235, 36.367912576917739 ], [ 127.44800075831013, 36.368048741749242 ], [ 127.448113456829532, 36.368255507073137 ], [ 127.448109717077671, 36.368453164272204 ], [ 127.448106387432759, 36.368599750987947 ], [ 127.448104385672892, 36.368678430056661 ], [ 127.448090898663509, 36.368825883805428 ], [ 127.448121717834866, 36.369028287096455 ], [ 127.448168161262487, 36.369106226330601 ], [ 127.44829347268859, 36.369222836943862 ], [ 127.448351620281599, 36.369281952084947 ], [ 127.448454969517499, 36.369361552773199 ], [ 127.448494275834861, 36.369391666791969 ], [ 127.44858774271195, 36.369514316869626 ], [ 127.448618431328342, 36.36970336525026 ], [ 127.448660223034466, 36.36988151304152 ], [ 127.448914923272042, 36.370302574306109 ], [ 127.449020273984715, 36.370604835437263 ], [ 127.449108620483571, 36.370720258902217 ], [ 127.449355344176709, 36.370837476791515 ], [ 127.449568558375333, 36.37093868001179 ], [ 127.449776818640416, 36.371135794213458 ], [ 127.449864456828038, 36.371218750851881 ], [ 127.449384153470589, 36.371532219698857 ], [ 127.448989061931471, 36.371945405590438 ], [ 127.448520881728115, 36.372889225132852 ], [ 127.448541834483365, 36.37370773609598 ], [ 127.448529104356609, 36.37393487676713 ], [ 127.448402472067286, 36.374332934551852 ], [ 127.448504581595131, 36.374436186256602 ], [ 127.44851957819516, 36.374562292927735 ], [ 127.44856997026848, 36.374879764215841 ], [ 127.448756360218127, 36.375197005757009 ], [ 127.44882285122506, 36.37531503440465 ], [ 127.448847947498905, 36.375350139844457 ], [ 127.448967832431336, 36.375638062893707 ], [ 127.449014044964755, 36.375742938310623 ], [ 127.449045262409427, 36.375903057075668 ], [ 127.449101795095302, 36.376165588213638 ], [ 127.449065618782868, 36.376386787911606 ], [ 127.449043177463196, 36.376540916688995 ], [ 127.449142336627034, 36.376920159828465 ], [ 127.449818081041116, 36.377186848093039 ], [ 127.450026314370461, 36.377273362055391 ], [ 127.450250908662312, 36.377391084525222 ], [ 127.450581481675513, 36.377556836683155 ], [ 127.450624480659911, 36.377584836354764 ], [ 127.450923188364484, 36.377749580897742 ], [ 127.451451193114139, 36.378031180078146 ], [ 127.451842810176956, 36.379179253714369 ], [ 127.451859569877271, 36.379155814392952 ], [ 127.451975368914276, 36.379006686067761 ], [ 127.452468289046067, 36.378484684642963 ], [ 127.452703733164512, 36.37815853019854 ], [ 127.452918724311431, 36.377816691241591 ], [ 127.453043977000988, 36.377614862223624 ], [ 127.45335758148191, 36.377525813157284 ], [ 127.453802685294818, 36.377350087338137 ], [ 127.454130366117042, 36.377286612000731 ] ] ] ] } },
{ "type": "Feature", "properties": { "EMD_CD": "30230111", "EMD_ENG_NM": "Seokbong-dong", "EMD_KOR_NM": "석봉동" }, "geometry": { "type": "MultiPolygon", "coordinates": [ [ [ [ 127.424704529775596, 36.456176460246446 ], [ 127.425542627620601, 36.456218543396389 ], [ 127.425596849356467, 36.456219756556493 ], [ 127.426568030661414, 36.456214607865832 ], [ 127.426641852140349, 36.456199421893849 ], [ 127.42672498384799, 36.456197719977119 ], [ 127.427083317455157, 36.456222351000662 ], [ 127.427174131186561, 36.456223991686443 ], [ 127.427745488844664, 36.456222241122205 ], [ 127.428510485116007, 36.456186560809364 ], [ 127.428929929565498, 36.456168721692833 ], [ 127.42916076329, 36.45614761898036 ], [ 127.428877596153697, 36.456001349045493 ], [ 127.42881241106376, 36.455970042130076 ], [ 127.428546166853764, 36.455890738439685 ], [ 127.428081843863936, 36.455863390672143 ], [ 127.427735034489061, 36.455840695010885 ], [ 127.427273678220843, 36.455843747356703 ], [ 127.42700601842229, 36.455825552336364 ], [ 127.426917398872376, 36.455810945146702 ], [ 127.426859137344763, 36.455803267704312 ], [ 127.426763557926549, 36.455856271542849 ], [ 127.426678635675259, 36.455848688994422 ], [ 127.426582436750451, 36.455788203910323 ], [ 127.426430302588443, 36.455761990414672 ], [ 127.4262624169031, 36.455723441948315 ], [ 127.426294842220926, 36.455596038942709 ], [ 127.426340894245669, 36.455475913786778 ], [ 127.426423218798433, 36.455005327902811 ], [ 127.426466430960204, 36.454812552962395 ], [ 127.426555560935654, 36.454503879623026 ], [ 127.426573686165227, 36.454440166753663 ], [ 127.426599682902236, 36.454379814177834 ], [ 127.426756298699615, 36.453983029032138 ], [ 127.42680753302011, 36.453854153047921 ], [ 127.426957142454214, 36.453929370687725 ], [ 127.426963629976569, 36.453903998172606 ], [ 127.426993618139562, 36.453810676169461 ], [ 127.427016539467516, 36.453730617265251 ], [ 127.42706261699432, 36.4535828894372 ], [ 127.427093824276213, 36.453455490517769 ], [ 127.426959619487249, 36.453424996357299 ], [ 127.42700154468325, 36.453282915542864 ], [ 127.427003055975902, 36.453271645760751 ], [ 127.427030458262124, 36.453182838715023 ], [ 127.427136978989978, 36.453283279775974 ], [ 127.427157770582497, 36.45319730786656 ], [ 127.427236371335681, 36.4528447403519 ], [ 127.427254169414837, 36.452753993981247 ], [ 127.42727042279391, 36.452666362089694 ], [ 127.427201794725036, 36.452641257459554 ], [ 127.427277613893096, 36.45257790642534 ], [ 127.427323847321915, 36.452491564369389 ], [ 127.427469151411273, 36.452512168934035 ], [ 127.42754711822748, 36.452331660342345 ], [ 127.427620910021318, 36.452183274635765 ], [ 127.427680770839771, 36.452069849237795 ], [ 127.427593172811683, 36.452051580205023 ], [ 127.427543297440323, 36.452077666339527 ], [ 127.427664545213119, 36.451844339867222 ], [ 127.427728377841589, 36.451724988704143 ], [ 127.42780921112481, 36.451495753418442 ], [ 127.428015086932646, 36.450928139396446 ], [ 127.428060766215111, 36.450804067785299 ], [ 127.428090441596325, 36.450717225865667 ], [ 127.428137483265914, 36.450522183635591 ], [ 127.428375194450055, 36.450391225488573 ], [ 127.428647841436941, 36.449257339840869 ], [ 127.428815639202668, 36.448582560310925 ], [ 127.429087100826834, 36.447458527192531 ], [ 127.429054225996026, 36.447278982184528 ], [ 127.428953671893439, 36.447281027441264 ], [ 127.429078313841742, 36.447062610310994 ], [ 127.429099065458956, 36.447002555273272 ], [ 127.42911170504199, 36.446923659156568 ], [ 127.429119826575189, 36.446783672071057 ], [ 127.429130172507726, 36.446699431319878 ], [ 127.429244583306954, 36.446047938697504 ], [ 127.429278568629286, 36.446047816918409 ], [ 127.42931397673398, 36.445356055365323 ], [ 127.429290751919979, 36.44515647919561 ], [ 127.429285696627915, 36.445125524691292 ], [ 127.429239500479568, 36.444963482727132 ], [ 127.429241188534164, 36.444921509993939 ], [ 127.429244661402478, 36.444887704321047 ], [ 127.429227377765329, 36.444786954285895 ], [ 127.429223355472672, 36.444753175467397 ], [ 127.429213730115919, 36.444714622590595 ], [ 127.429198017668824, 36.444613587561335 ], [ 127.429183653883641, 36.444536761673355 ], [ 127.42915797558112, 36.444526147969277 ], [ 127.429145131924002, 36.444439737374857 ], [ 127.429169239089859, 36.444450636067842 ], [ 127.429127052674204, 36.44419395862213 ], [ 127.429110344543034, 36.44410249738236 ], [ 127.429098249684216, 36.444026501422002 ], [ 127.42909506808499, 36.443987366734973 ], [ 127.429087788959933, 36.443963737542859 ], [ 127.429050824008428, 36.443737743627182 ], [ 127.429044596728616, 36.443712695854046 ], [ 127.428985925193345, 36.443565630532774 ], [ 127.428858609268957, 36.443230406867158 ], [ 127.428849267749214, 36.4432110024363 ], [ 127.428744762183328, 36.442934839647158 ], [ 127.428659069393731, 36.442723095957327 ], [ 127.42861981122887, 36.442617630284374 ], [ 127.428616415408385, 36.442602439980178 ], [ 127.428542894174214, 36.442670001115317 ], [ 127.428483415819599, 36.442660355247327 ], [ 127.428422338471833, 36.442709010664878 ], [ 127.428402341883469, 36.442782589235001 ], [ 127.428324166433796, 36.442857772610068 ], [ 127.428233202991706, 36.442923719768388 ], [ 127.42821207900036, 36.442948288617011 ], [ 127.428114467901793, 36.443040726312212 ], [ 127.428111130715294, 36.443036232472295 ], [ 127.428083439958456, 36.442943116145095 ], [ 127.427540267515951, 36.443333119389642 ], [ 127.427094390967156, 36.443636875421113 ], [ 127.426867957520685, 36.443787219786849 ], [ 127.426725710191889, 36.443876147685948 ], [ 127.426343994483574, 36.444057178621961 ], [ 127.425643926398209, 36.444184414563949 ], [ 127.425431038190126, 36.444262615837182 ], [ 127.425059980937405, 36.444419102470228 ], [ 127.424804446932441, 36.444539690968384 ], [ 127.424594788227637, 36.44466659562967 ], [ 127.424294027145166, 36.444867888369423 ], [ 127.423971286084338, 36.445127833077663 ], [ 127.423813162025567, 36.44524779532636 ], [ 127.423735856748678, 36.445293405780816 ], [ 127.423273508304732, 36.445489067431446 ], [ 127.423030821003692, 36.445600036496771 ], [ 127.422493379658988, 36.445962673542262 ], [ 127.422404501470552, 36.446028041170131 ], [ 127.422361358414022, 36.446073530277658 ], [ 127.422256190415439, 36.446189645069701 ], [ 127.422099378961562, 36.446390424810076 ], [ 127.421774261972828, 36.447020970990096 ], [ 127.421676274037154, 36.447176197042523 ], [ 127.421533407743141, 36.447311872719737 ], [ 127.421319090532052, 36.447483277905093 ], [ 127.421007749696201, 36.447664323599113 ], [ 127.420626870817955, 36.447878279432466 ], [ 127.420337976191917, 36.448021224936866 ], [ 127.419584672789213, 36.448369682921538 ], [ 127.41945162794218, 36.448682172888603 ], [ 127.419188975413206, 36.448583965418713 ], [ 127.419093475452883, 36.448846760215993 ], [ 127.419169446966407, 36.448875781884446 ], [ 127.419134132066347, 36.448986017266968 ], [ 127.419088729864015, 36.449066432742704 ], [ 127.418928109406679, 36.449339593140486 ], [ 127.418838442409765, 36.44948803809902 ], [ 127.418673388613797, 36.449746002186494 ], [ 127.418603803110685, 36.449868180280255 ], [ 127.418484249720208, 36.450228779548837 ], [ 127.41831316121403, 36.450339200501567 ], [ 127.41781163862035, 36.450255061798991 ], [ 127.417679671661418, 36.450251304571246 ], [ 127.417499802886468, 36.45024883156983 ], [ 127.416982825213367, 36.450374540525608 ], [ 127.416881458254409, 36.450388131227562 ], [ 127.416584185267865, 36.450433375825646 ], [ 127.416469424121061, 36.45044954499037 ], [ 127.416111366258505, 36.450536110273958 ], [ 127.415614421661786, 36.450691878262163 ], [ 127.415241659364398, 36.450799335604565 ], [ 127.415100258039033, 36.45085502120277 ], [ 127.414512322427427, 36.451074180505756 ], [ 127.414365421237321, 36.451146780869266 ], [ 127.414110355608429, 36.451262000998895 ], [ 127.413524717659882, 36.45155605127789 ], [ 127.41310050829145, 36.451757462425547 ], [ 127.412897456886469, 36.451890235277105 ], [ 127.412633620403895, 36.45222766156612 ], [ 127.412568970962269, 36.45229603835908 ], [ 127.412457812644305, 36.452469334189104 ], [ 127.41242451067852, 36.452599548177822 ], [ 127.41242031189401, 36.452628291363673 ], [ 127.412385155072883, 36.452770623208615 ], [ 127.412394923107186, 36.452837608271061 ], [ 127.412402256703345, 36.452874476195824 ], [ 127.412430188420998, 36.453047851828572 ], [ 127.412435540298333, 36.453070641564459 ], [ 127.412450468470496, 36.453157884776722 ], [ 127.412619870648385, 36.453454411291005 ], [ 127.41294698244613, 36.45370841838087 ], [ 127.41304477135796, 36.454074462629258 ], [ 127.413037498149095, 36.454443959990734 ], [ 127.413033131535443, 36.454576047864641 ], [ 127.413029997295979, 36.454808384629025 ], [ 127.413432157075633, 36.454783900929954 ], [ 127.413541755400232, 36.454777331742378 ], [ 127.414076369905757, 36.454718874741118 ], [ 127.414168001844047, 36.454708987757236 ], [ 127.414965750307402, 36.45470650649991 ], [ 127.415707679745822, 36.454758850450766 ], [ 127.416158092862105, 36.454796712025995 ], [ 127.416286267679027, 36.454807531094815 ], [ 127.416292015512667, 36.454808078847037 ], [ 127.416633221005384, 36.454858699894551 ], [ 127.416976860305297, 36.454909608873749 ], [ 127.417038083807668, 36.454918686631011 ], [ 127.417113632058502, 36.454932220239407 ], [ 127.417158641430902, 36.454940236960681 ], [ 127.417443854015545, 36.454983453945168 ], [ 127.417516600124529, 36.4549944648262 ], [ 127.417540671330627, 36.454998318962836 ], [ 127.417885907213446, 36.455053437145139 ], [ 127.418186473827291, 36.455099419395708 ], [ 127.418507928719379, 36.45517348890322 ], [ 127.418573172943653, 36.455183398907458 ], [ 127.418933261944019, 36.455245500149012 ], [ 127.419042283512084, 36.455260330277596 ], [ 127.419121990789549, 36.455271306816279 ], [ 127.419188434495837, 36.45527812133713 ], [ 127.419877721262537, 36.455393136418515 ], [ 127.420084659467236, 36.455434089172819 ], [ 127.420499424791672, 36.455519369800157 ], [ 127.420762058073421, 36.455576175368719 ], [ 127.4209290494464, 36.455610787680421 ], [ 127.421352761259868, 36.455672946398302 ], [ 127.421484803882862, 36.45569107263335 ], [ 127.421563636319362, 36.455698959667281 ], [ 127.421678055003227, 36.455713200665222 ], [ 127.422371091665823, 36.455812697325698 ], [ 127.422599905330927, 36.455836671988166 ], [ 127.422843778628092, 36.455872983884575 ], [ 127.42377347791124, 36.456029941251366 ], [ 127.424273021019872, 36.456123631933195 ], [ 127.424536229847988, 36.456158186726611 ], [ 127.424584198686546, 36.456164486977485 ], [ 127.424603898254006, 36.456166390672315 ], [ 127.424704529775596, 36.456176460246446 ] ] ] ] } },
{ "type": "Feature", "properties": { "EMD_CD": "30230112", "EMD_ENG_NM": "Moksang-dong", "EMD_KOR_NM": "목상동" }, "geometry": { "type": "MultiPolygon", "coordinates": [ [ [ [ 127.412568970962269, 36.45229603835908 ], [ 127.412633620403895, 36.45222766156612 ], [ 127.412897456886469, 36.451890235277105 ], [ 127.41310050829145, 36.451757462425547 ], [ 127.413524717659882, 36.45155605127789 ], [ 127.414110355608429, 36.451262000998895 ], [ 127.414365421237321, 36.451146780869266 ], [ 127.414512322427427, 36.451074180505756 ], [ 127.415100258039033, 36.45085502120277 ], [ 127.415241659364398, 36.450799335604565 ], [ 127.415614421661786, 36.450691878262163 ], [ 127.416111366258505, 36.450536110273958 ], [ 127.416469424121061, 36.45044954499037 ], [ 127.416584185267865, 36.450433375825646 ], [ 127.416881458254409, 36.450388131227562 ], [ 127.416982825213367, 36.450374540525608 ], [ 127.417499802886468, 36.45024883156983 ], [ 127.417679671661418, 36.450251304571246 ], [ 127.41781163862035, 36.450255061798991 ], [ 127.41831316121403, 36.450339200501567 ], [ 127.418484249720208, 36.450228779548837 ], [ 127.418603803110685, 36.449868180280255 ], [ 127.418673388613797, 36.449746002186494 ], [ 127.418838442409765, 36.44948803809902 ], [ 127.418928109406679, 36.449339593140486 ], [ 127.419088729864015, 36.449066432742704 ], [ 127.419134132066347, 36.448986017266968 ], [ 127.419169446966407, 36.448875781884446 ], [ 127.419093475452883, 36.448846760215993 ], [ 127.419188975413206, 36.448583965418713 ], [ 127.419262465019258, 36.448378975400665 ], [ 127.419085566421458, 36.448476188892649 ], [ 127.419085282682062, 36.448423247170382 ], [ 127.419073486868356, 36.448432579316325 ], [ 127.418886877287548, 36.448541090890323 ], [ 127.418735813352512, 36.448613711192181 ], [ 127.418611747751498, 36.448683137004203 ], [ 127.418386239850378, 36.448785025061603 ], [ 127.418337189780928, 36.448802940042427 ], [ 127.418176591758765, 36.448853343471136 ], [ 127.418095106621877, 36.448867424515576 ], [ 127.417825295435605, 36.448896806186347 ], [ 127.41783174974141, 36.448833423638852 ], [ 127.417904656821889, 36.448810919885638 ], [ 127.417907496787279, 36.448789228248032 ], [ 127.417907937890831, 36.448708970059947 ], [ 127.417841778628571, 36.448687519091905 ], [ 127.417835585513558, 36.448670355711506 ], [ 127.417820437926906, 36.448641121080691 ], [ 127.417808663300193, 36.448623139092454 ], [ 127.417811209301348, 36.448609054209619 ], [ 127.417814529583822, 36.44851442160526 ], [ 127.417842089114444, 36.44841998381952 ], [ 127.417713985398507, 36.448418457015642 ], [ 127.417727910763972, 36.448221001960782 ], [ 127.417730979466, 36.448206626887327 ], [ 127.417664612524078, 36.44814829236271 ], [ 127.417613289120482, 36.448034980105639 ], [ 127.417595828324167, 36.448029967479158 ], [ 127.417252596230739, 36.447886699574227 ], [ 127.417144270594022, 36.447837234038474 ], [ 127.417087654464666, 36.44780842304656 ], [ 127.417026612848218, 36.447801029810208 ], [ 127.416999719113235, 36.447756912865898 ], [ 127.416991935334664, 36.447702870791787 ], [ 127.416896606057904, 36.447507201820812 ], [ 127.416785321462882, 36.447392133313187 ], [ 127.416885474142731, 36.447381646888317 ], [ 127.416558312445005, 36.447080051559766 ], [ 127.416483626317572, 36.446801791883949 ], [ 127.416507870498421, 36.446574734209513 ], [ 127.416601216012211, 36.446465424220143 ], [ 127.416612361508356, 36.446398925431616 ], [ 127.416670369706125, 36.446391965055973 ], [ 127.416680973750218, 36.446387143054153 ], [ 127.416710328170709, 36.446369864982501 ], [ 127.416739450471212, 36.44627344845501 ], [ 127.416988655873865, 36.446041949269258 ], [ 127.416995583936895, 36.445870697066852 ], [ 127.416983411128086, 36.445482964250814 ], [ 127.416907420373349, 36.44541817446212 ], [ 127.416659597592954, 36.445188683803885 ], [ 127.416633735447547, 36.445174688717572 ], [ 127.416765537270237, 36.444923033857073 ], [ 127.416849170001683, 36.444854318342657 ], [ 127.417031278760732, 36.44468725061104 ], [ 127.417366569099229, 36.444390108295636 ], [ 127.417403841361434, 36.444289166432327 ], [ 127.417432110117232, 36.444196132005416 ], [ 127.417489191915294, 36.444051469225961 ], [ 127.41766639157035, 36.443849218569312 ], [ 127.41766626827696, 36.443826131450585 ], [ 127.417382312645486, 36.443325286704187 ], [ 127.417350860438432, 36.443275265104006 ], [ 127.417373293448847, 36.44323407633874 ], [ 127.417379615319675, 36.443210678395445 ], [ 127.417561744559848, 36.44278932226225 ], [ 127.417593630736349, 36.442722183331895 ], [ 127.417360057362686, 36.442615985224322 ], [ 127.417133924640623, 36.442595658707546 ], [ 127.417023578035128, 36.442590401614538 ], [ 127.41696184349675, 36.442517118390427 ], [ 127.41686605173787, 36.442430156972634 ], [ 127.416689377643209, 36.442240961564757 ], [ 127.416563345000327, 36.442102847448211 ], [ 127.416460526481913, 36.442005204421001 ], [ 127.416264812678378, 36.441807072018818 ], [ 127.416494890160308, 36.441552822968937 ], [ 127.416616836002021, 36.441413846615355 ], [ 127.416580989083045, 36.441325829408477 ], [ 127.416561249250179, 36.441284210667177 ], [ 127.416467183755444, 36.441062349193245 ], [ 127.41641107986085, 36.44103240960991 ], [ 127.41620602538238, 36.440943853794266 ], [ 127.416032504809777, 36.440725926624488 ], [ 127.415823637535524, 36.440477987281604 ], [ 127.415827695574208, 36.440389551975869 ], [ 127.415850551246223, 36.440067030758662 ], [ 127.415715145415874, 36.439836859285514 ], [ 127.415442967624941, 36.439776128337215 ], [ 127.415108495228779, 36.440061151100522 ], [ 127.414802815947581, 36.440156551550068 ], [ 127.414532260280666, 36.440303078332931 ], [ 127.414365184617481, 36.440477416754973 ], [ 127.414342511896436, 36.440505088496018 ], [ 127.414337125665909, 36.440543126807299 ], [ 127.414297650973396, 36.440590853246775 ], [ 127.414265454069536, 36.44059969675255 ], [ 127.414219824957144, 36.440637306462811 ], [ 127.414139466586548, 36.440698412132356 ], [ 127.414098944842777, 36.440746430493753 ], [ 127.414050903219774, 36.440758140301497 ], [ 127.413994962542773, 36.440790432704091 ], [ 127.41395163491751, 36.440803540995631 ], [ 127.413924262129015, 36.440834608221529 ], [ 127.413916795257876, 36.440871527257798 ], [ 127.413863735858982, 36.440923526892618 ], [ 127.413857699892077, 36.440999019380655 ], [ 127.41380109392486, 36.441072154284058 ], [ 127.413815866691436, 36.441098570153564 ], [ 127.413762416205373, 36.441173667666511 ], [ 127.413803650069866, 36.441291801711976 ], [ 127.413623877215855, 36.441404778306669 ], [ 127.413467082006406, 36.441480232398902 ], [ 127.4133727257788, 36.441530968512808 ], [ 127.413287936499344, 36.441579130299225 ], [ 127.41329282465351, 36.441613474433638 ], [ 127.413281745937411, 36.441627588670265 ], [ 127.41317585049994, 36.441738345227108 ], [ 127.412981401994372, 36.441811954990698 ], [ 127.41297826796864, 36.441811965792887 ], [ 127.412950791867658, 36.441823604272635 ], [ 127.412966827065745, 36.441856783558329 ], [ 127.412923038420203, 36.441848202293507 ], [ 127.412854017041866, 36.441813520429882 ], [ 127.412779878363139, 36.441865871567146 ], [ 127.412484676299343, 36.442031637131294 ], [ 127.412350512804025, 36.442368058062506 ], [ 127.412058975580933, 36.442668974000966 ], [ 127.411990833590195, 36.442735668411366 ], [ 127.411805570792424, 36.442633231331051 ], [ 127.411736875697571, 36.442594889021159 ], [ 127.410516084060404, 36.444020089038048 ], [ 127.410220528607312, 36.445152328267177 ], [ 127.410212317431231, 36.445149824138909 ], [ 127.4101762111396, 36.44530905539029 ], [ 127.410070639742727, 36.445549348834916 ], [ 127.410051396953335, 36.445602078092598 ], [ 127.410046183046433, 36.445737268933641 ], [ 127.410052997979165, 36.445775544625974 ], [ 127.410103160039782, 36.445869714680278 ], [ 127.4101454956906, 36.446032615427669 ], [ 127.410151266255752, 36.446103561492571 ], [ 127.410146235612089, 36.446173706458644 ], [ 127.410148653365582, 36.446202976650802 ], [ 127.410142934548915, 36.446241862965991 ], [ 127.410089653752493, 36.44648254511025 ], [ 127.410024675608696, 36.446887718690078 ], [ 127.409916013926434, 36.447436946803052 ], [ 127.409844640613542, 36.447752315173339 ], [ 127.409809265766, 36.447853536529827 ], [ 127.409761832866522, 36.447948319823702 ], [ 127.409747019762619, 36.447980190195381 ], [ 127.409654323970585, 36.448085824916177 ], [ 127.409544453163392, 36.448204765221007 ], [ 127.409483215809118, 36.44829198985493 ], [ 127.409413877363193, 36.448397823912472 ], [ 127.408919588264567, 36.449093408664297 ], [ 127.408907908866041, 36.449078327180878 ], [ 127.408867828323139, 36.449026566572712 ], [ 127.408814349096446, 36.448933813167805 ], [ 127.408816618114273, 36.448900570908009 ], [ 127.408807047603219, 36.44890482095883 ], [ 127.40876436153593, 36.448973409157965 ], [ 127.408794028122571, 36.448981184017029 ], [ 127.408867520478879, 36.449067957573334 ], [ 127.408907132562021, 36.449111185862662 ], [ 127.408913269905071, 36.449120185456266 ], [ 127.409130027450288, 36.449343039512669 ], [ 127.409335663821281, 36.449569878208607 ], [ 127.409574526697142, 36.449853483716431 ], [ 127.409800473366644, 36.450132636155523 ], [ 127.409995232081329, 36.450347687757123 ], [ 127.41014296187133, 36.450566549701257 ], [ 127.410206408801614, 36.450668559233279 ], [ 127.410318456259759, 36.450796031071455 ], [ 127.410417105501367, 36.450963523823567 ], [ 127.410469880074302, 36.451057405324164 ], [ 127.410478259759358, 36.451089764034855 ], [ 127.410509201275971, 36.45114260072932 ], [ 127.410554638820301, 36.451230586756608 ], [ 127.410689860751873, 36.451458790736098 ], [ 127.410755555068064, 36.451555160050468 ], [ 127.410794404471346, 36.451618386875261 ], [ 127.410867988901202, 36.45168993836873 ], [ 127.411024692505009, 36.4518600610986 ], [ 127.411118807972244, 36.451924233649599 ], [ 127.411196871357447, 36.451954370627547 ], [ 127.411324171611014, 36.451999279627536 ], [ 127.411542996112658, 36.452082164094257 ], [ 127.411675901440304, 36.452134370819522 ], [ 127.411840100031455, 36.452134365202639 ], [ 127.411889696836909, 36.452153911911587 ], [ 127.412069798442047, 36.452199755999501 ], [ 127.412268779023734, 36.452252861218284 ], [ 127.41240825234587, 36.452291815607886 ], [ 127.412568970962269, 36.45229603835908 ] ] ] ] } },
{ "type": "Feature", "properties": { "EMD_CD": "30230113", "EMD_ENG_NM": "Munpyeong-dong", "EMD_KOR_NM": "문평동" }, "geometry": { "type": "MultiPolygon", "coordinates": [ [ [ [ 127.413029997295979, 36.454808384629025 ], [ 127.413033131535443, 36.454576047864641 ], [ 127.413037498149095, 36.454443959990734 ], [ 127.41304477135796, 36.454074462629258 ], [ 127.41294698244613, 36.45370841838087 ], [ 127.412619870648385, 36.453454411291005 ], [ 127.412450468470496, 36.453157884776722 ], [ 127.412435540298333, 36.453070641564459 ], [ 127.412430188420998, 36.453047851828572 ], [ 127.412402256703345, 36.452874476195824 ], [ 127.412394923107186, 36.452837608271061 ], [ 127.412385155072883, 36.452770623208615 ], [ 127.41242031189401, 36.452628291363673 ], [ 127.41242451067852, 36.452599548177822 ], [ 127.412457812644305, 36.452469334189104 ], [ 127.412568970962269, 36.45229603835908 ], [ 127.41240825234587, 36.452291815607886 ], [ 127.412268779023734, 36.452252861218284 ], [ 127.412069798442047, 36.452199755999501 ], [ 127.411889696836909, 36.452153911911587 ], [ 127.411840100031455, 36.452134365202639 ], [ 127.411675901440304, 36.452134370819522 ], [ 127.411542996112658, 36.452082164094257 ], [ 127.411324171611014, 36.451999279627536 ], [ 127.411196871357447, 36.451954370627547 ], [ 127.411118807972244, 36.451924233649599 ], [ 127.411024692505009, 36.4518600610986 ], [ 127.410867988901202, 36.45168993836873 ], [ 127.410794404471346, 36.451618386875261 ], [ 127.410755555068064, 36.451555160050468 ], [ 127.410689860751873, 36.451458790736098 ], [ 127.410554638820301, 36.451230586756608 ], [ 127.410509201275971, 36.45114260072932 ], [ 127.410478259759358, 36.451089764034855 ], [ 127.410469880074302, 36.451057405324164 ], [ 127.410417105501367, 36.450963523823567 ], [ 127.410318456259759, 36.450796031071455 ], [ 127.410206408801614, 36.450668559233279 ], [ 127.41014296187133, 36.450566549701257 ], [ 127.409995232081329, 36.450347687757123 ], [ 127.409800473366644, 36.450132636155523 ], [ 127.409574526697142, 36.449853483716431 ], [ 127.409335663821281, 36.449569878208607 ], [ 127.409130027450288, 36.449343039512669 ], [ 127.408913269905071, 36.449120185456266 ], [ 127.408907132562021, 36.449111185862662 ], [ 127.408867520478879, 36.449067957573334 ], [ 127.408794028122571, 36.448981184017029 ], [ 127.40876436153593, 36.448973409157965 ], [ 127.408807047603219, 36.44890482095883 ], [ 127.408816618114273, 36.448900570908009 ], [ 127.408814349096446, 36.448933813167805 ], [ 127.408867828323139, 36.449026566572712 ], [ 127.408907908866041, 36.449078327180878 ], [ 127.408919588264567, 36.449093408664297 ], [ 127.409413877363193, 36.448397823912472 ], [ 127.409483215809118, 36.44829198985493 ], [ 127.409544453163392, 36.448204765221007 ], [ 127.409654323970585, 36.448085824916177 ], [ 127.409464880512857, 36.447985660511101 ], [ 127.409134018564927, 36.447805433737997 ], [ 127.409035977656899, 36.447755078624546 ], [ 127.408572124988538, 36.447504050052359 ], [ 127.407658961006618, 36.446986753538226 ], [ 127.407543104649193, 36.446929131423751 ], [ 127.406901001292653, 36.446584369735852 ], [ 127.406880789775002, 36.446547833525955 ], [ 127.406923647959431, 36.446480101482578 ], [ 127.406986348667886, 36.446373723652648 ], [ 127.406804416876909, 36.44627521461674 ], [ 127.406080037774743, 36.445893546172172 ], [ 127.405891863248726, 36.445799562655367 ], [ 127.405805480567835, 36.445746633124557 ], [ 127.40559210955638, 36.445600918138965 ], [ 127.405269116848856, 36.445387987075144 ], [ 127.405261583689438, 36.44538069518763 ], [ 127.405169407593931, 36.445315943627399 ], [ 127.405117561520484, 36.445267970297415 ], [ 127.404909745131832, 36.44511745016738 ], [ 127.404834357437338, 36.445065888567932 ], [ 127.40476859345948, 36.445018232452028 ], [ 127.404567912356725, 36.444866849540233 ], [ 127.40442357843672, 36.444760324787161 ], [ 127.404302491827266, 36.444667238723554 ], [ 127.404133148017308, 36.444540513029075 ], [ 127.404112312288987, 36.444523127953865 ], [ 127.403907947747143, 36.444366403482334 ], [ 127.403416297615252, 36.443990980967484 ], [ 127.403423602187715, 36.443986450605927 ], [ 127.403254397131008, 36.443855785132904 ], [ 127.403241997970937, 36.443852168175319 ], [ 127.403064265065822, 36.44372012532618 ], [ 127.402104816295065, 36.442998766996077 ], [ 127.401960134316994, 36.44288829332546 ], [ 127.401969351872339, 36.442884883077532 ], [ 127.401932616209919, 36.442857421979532 ], [ 127.401921988521849, 36.442857727973141 ], [ 127.401753344013073, 36.442730996496827 ], [ 127.401585719026642, 36.442602873584015 ], [ 127.401272083517938, 36.442374409334512 ], [ 127.401204754296288, 36.442327324189925 ], [ 127.400420023505418, 36.441752083873453 ], [ 127.400394303959402, 36.4416997857182 ], [ 127.400395830471808, 36.441690778086837 ], [ 127.400367108103964, 36.441664118785049 ], [ 127.400353905495123, 36.441638534068808 ], [ 127.400277888665215, 36.441563036988846 ], [ 127.400167634797171, 36.441470757553006 ], [ 127.400087162474165, 36.441411595131285 ], [ 127.399981002288968, 36.441336766222086 ], [ 127.399929593771887, 36.441303423876057 ], [ 127.399793332121035, 36.4412047515845 ], [ 127.39962352397437, 36.441089015009901 ], [ 127.399594813646132, 36.441064617375538 ], [ 127.399537134222072, 36.44102847515564 ], [ 127.399190208216893, 36.440800116331296 ], [ 127.398997974561709, 36.44069346510009 ], [ 127.39865049073444, 36.440490735376457 ], [ 127.398344834080774, 36.440321100177336 ], [ 127.398139878664651, 36.440214760183437 ], [ 127.397950693393028, 36.440123596977742 ], [ 127.397849821246808, 36.440063662694037 ], [ 127.397748311648783, 36.440009939394884 ], [ 127.397696187644158, 36.439971515937522 ], [ 127.397507990851736, 36.439872733986668 ], [ 127.397476781678705, 36.439867764005442 ], [ 127.397177442476519, 36.439742036120357 ], [ 127.397097644245278, 36.439711607242444 ], [ 127.397047499139774, 36.43968501811316 ], [ 127.396618125507914, 36.439481706617578 ], [ 127.396368199630928, 36.439338916487557 ], [ 127.396268634716748, 36.439292214493079 ], [ 127.395647150520688, 36.438798912148478 ], [ 127.395248590535175, 36.438485390837229 ], [ 127.3951992186186, 36.438439369472711 ], [ 127.395016402862112, 36.438298319662252 ], [ 127.394789724854519, 36.43840945809 ], [ 127.394617764063653, 36.438520983653156 ], [ 127.394379100962155, 36.438675244979748 ], [ 127.394446239401361, 36.438323123028539 ], [ 127.394456692250046, 36.438268343461331 ], [ 127.394530595345657, 36.437891020904267 ], [ 127.394518918639122, 36.437891068355775 ], [ 127.394652109299216, 36.437692925424372 ], [ 127.394596073187401, 36.437676501655538 ], [ 127.394508954425916, 36.437609201844317 ], [ 127.394034916924468, 36.4374626295076 ], [ 127.393857437074729, 36.437445757538299 ], [ 127.393860634863017, 36.437593599541998 ], [ 127.393607719292973, 36.437721141881191 ], [ 127.393438243176661, 36.437805613935417 ], [ 127.393400477407823, 36.437818417162823 ], [ 127.393047315925699, 36.437934202850826 ], [ 127.392721897021644, 36.438093530513981 ], [ 127.392431255926439, 36.438204865048895 ], [ 127.392253921670999, 36.438286270190979 ], [ 127.391795590422461, 36.43849221447261 ], [ 127.391546967195609, 36.438605112666309 ], [ 127.391410996800005, 36.438666384779616 ], [ 127.3912181585453, 36.438783605858013 ], [ 127.391192199001736, 36.438891558844951 ], [ 127.391186576406653, 36.438915791231274 ], [ 127.391163191089305, 36.439014417865202 ], [ 127.391034176665187, 36.439144379906935 ], [ 127.390952368066095, 36.439228850721392 ], [ 127.390881459625817, 36.439340888302517 ], [ 127.390873512380239, 36.439353016732824 ], [ 127.390847238260235, 36.439393663404225 ], [ 127.390821288749379, 36.439432317458802 ], [ 127.390700557542189, 36.439546202553807 ], [ 127.390732113232289, 36.43958270458716 ], [ 127.390664833932675, 36.439651078261633 ], [ 127.390590148075717, 36.439663433216808 ], [ 127.390562275921056, 36.439667750468708 ], [ 127.390493880418717, 36.439789620235381 ], [ 127.39045039465077, 36.439910291376563 ], [ 127.390446785750001, 36.439920170779445 ], [ 127.390405198529322, 36.440039141545533 ], [ 127.39034903319255, 36.440200405914922 ], [ 127.390305039732127, 36.440326710866941 ], [ 127.390260663890388, 36.440445699669155 ], [ 127.390191132818259, 36.440653191657582 ], [ 127.390161446926925, 36.440745656663488 ], [ 127.390033005008021, 36.440953331313708 ], [ 127.389956491707409, 36.441096079889448 ], [ 127.38996587504009, 36.441121389825824 ], [ 127.389869293448385, 36.441323905136151 ], [ 127.389774925526254, 36.441446994408061 ], [ 127.389725918002597, 36.441511919769539 ], [ 127.389463394184773, 36.441846200391119 ], [ 127.389489656376114, 36.44187005871887 ], [ 127.389441735985457, 36.442045930573784 ], [ 127.389394984484511, 36.442353610474633 ], [ 127.389333070864467, 36.442761295649873 ], [ 127.389333735586419, 36.442964341601574 ], [ 127.389336843769087, 36.443310987565525 ], [ 127.389340594960458, 36.443396873409803 ], [ 127.38934700330654, 36.443532584453408 ], [ 127.389321157064316, 36.443870321918737 ], [ 127.389314893102707, 36.443873442238576 ], [ 127.389320521608752, 36.443881588411294 ], [ 127.389301314546529, 36.444121303764156 ], [ 127.389355645596737, 36.444426393241322 ], [ 127.389406572872304, 36.444643631209608 ], [ 127.389433590319896, 36.444823494883039 ], [ 127.389444838327449, 36.444911879571173 ], [ 127.389488460049094, 36.445061834028927 ], [ 127.389504606512247, 36.445116986248529 ], [ 127.38950850218275, 36.445128787716392 ], [ 127.389518928982156, 36.445159744514221 ], [ 127.389635493369113, 36.445364945853214 ], [ 127.38983101922905, 36.445606486099585 ], [ 127.389990593357851, 36.445838293403781 ], [ 127.390147891553028, 36.446067566638725 ], [ 127.390249646944497, 36.446167777055365 ], [ 127.390368047456903, 36.446284262070577 ], [ 127.39050123250604, 36.446430824361592 ], [ 127.390517180458104, 36.446450480626538 ], [ 127.390557388266274, 36.446508095529538 ], [ 127.390604653050787, 36.446585098269352 ], [ 127.390614685248011, 36.446601682845284 ], [ 127.390641112489703, 36.446626928134165 ], [ 127.390732009031609, 36.446714503301507 ], [ 127.390978926025937, 36.446951088892959 ], [ 127.391193385536781, 36.447247778732688 ], [ 127.391665057399891, 36.448341130654022 ], [ 127.391773938653799, 36.448713915352407 ], [ 127.391881668171536, 36.448856621205032 ], [ 127.391962559104854, 36.448965621494018 ], [ 127.392197719663699, 36.449251247618882 ], [ 127.392677761277355, 36.449680264585943 ], [ 127.393533111858645, 36.450361767272433 ], [ 127.393745016954199, 36.450461883156976 ], [ 127.394052305759146, 36.450599704679519 ], [ 127.394250139792348, 36.450671993267363 ], [ 127.394623288714115, 36.450807911445175 ], [ 127.395021614991009, 36.450893046583687 ], [ 127.395242155750779, 36.450939918239129 ], [ 127.395743900496257, 36.451036550942582 ], [ 127.395831622790993, 36.451043587564357 ], [ 127.396198467161767, 36.451072500700668 ], [ 127.396790361201411, 36.451108841135081 ], [ 127.396939819296406, 36.451125801449088 ], [ 127.39796133063652, 36.452147474422134 ], [ 127.398085473789934, 36.452261679654193 ], [ 127.398574590349654, 36.452747523153107 ], [ 127.398600870455127, 36.45277362322539 ], [ 127.39915878305446, 36.453492687954842 ], [ 127.399345529272281, 36.453676243226504 ], [ 127.399375810210799, 36.453701482704545 ], [ 127.399460015393799, 36.453772735482005 ], [ 127.399857767886189, 36.45411469373898 ], [ 127.399970940666293, 36.454196248770742 ], [ 127.400262907967814, 36.454404232966759 ], [ 127.400338143154428, 36.454457501042924 ], [ 127.400399180529064, 36.454500381174576 ], [ 127.400453692048316, 36.454558476513398 ], [ 127.400466837796799, 36.454572517586193 ], [ 127.400543355897241, 36.454640983681443 ], [ 127.400795686099059, 36.454867401453036 ], [ 127.400825979519411, 36.454894893394339 ], [ 127.402080330620976, 36.456030359527944 ], [ 127.402088016001912, 36.456034569150376 ], [ 127.40254924412227, 36.455564132948837 ], [ 127.40310187683454, 36.455313052286073 ], [ 127.40344379988089, 36.455235862190442 ], [ 127.4047711066369, 36.455067781158959 ], [ 127.405830886230959, 36.454938872821124 ], [ 127.406293681912516, 36.454913081315517 ], [ 127.407057437344648, 36.454840937907143 ], [ 127.4074553686483, 36.454805215293852 ], [ 127.407963959805855, 36.454737592290584 ], [ 127.408396442078327, 36.454745418710317 ], [ 127.408519160024611, 36.454747532561441 ], [ 127.408748555126991, 36.454751823625138 ], [ 127.408807638551309, 36.454750765937327 ], [ 127.408863064697314, 36.454750018081775 ], [ 127.40893488631275, 36.454750899392678 ], [ 127.408952828774446, 36.454749711707883 ], [ 127.409332619879748, 36.454750108861091 ], [ 127.409808741468581, 36.454770721596546 ], [ 127.410123099275921, 36.454786551485384 ], [ 127.41039002471615, 36.454802254667214 ], [ 127.410896230722727, 36.454809810451628 ], [ 127.411265554275388, 36.454805154857937 ], [ 127.412056304697387, 36.454799626114216 ], [ 127.412283457932077, 36.45480391809442 ], [ 127.412704930845067, 36.45480753137462 ], [ 127.413029997295979, 36.454808384629025 ] ] ] ] } },
{ "type": "Feature", "properties": { "EMD_CD": "30230114", "EMD_ENG_NM": "Sinil-dong", "EMD_KOR_NM": "신일동" }, "geometry": { "type": "MultiPolygon", "coordinates": [ [ [ [ 127.415442967624941, 36.439776128337215 ], [ 127.415363214495159, 36.439623208651483 ], [ 127.4152616687376, 36.439403057239211 ], [ 127.415163282016707, 36.439153895645077 ], [ 127.415051440364621, 36.438897454182687 ], [ 127.415169644863099, 36.438482513732367 ], [ 127.415222235813474, 36.438277598261742 ], [ 127.415061195155914, 36.437780547827138 ], [ 127.415656482822811, 36.437717376973964 ], [ 127.41599078139555, 36.437599066756754 ], [ 127.416188236530246, 36.437504039219085 ], [ 127.416396261074212, 36.437397998564357 ], [ 127.41662538627277, 36.437227109203349 ], [ 127.416755789726878, 36.436847323772362 ], [ 127.416831219372426, 36.436645148726143 ], [ 127.416850291940136, 36.436300111427968 ], [ 127.416857844980001, 36.436082960980237 ], [ 127.41692165439035, 36.435925036923123 ], [ 127.416931821918695, 36.435872058713628 ], [ 127.417046349269242, 36.435715652265785 ], [ 127.417084331836946, 36.435648212821818 ], [ 127.417050404079163, 36.43516874543085 ], [ 127.417039358568346, 36.435056986625675 ], [ 127.416983869843349, 36.434815273771207 ], [ 127.416887641305237, 36.434447820318773 ], [ 127.416891464584396, 36.434346994829987 ], [ 127.416632323625592, 36.434211596494237 ], [ 127.415988936793497, 36.433875340059345 ], [ 127.41594800050143, 36.433680886775946 ], [ 127.415541155914241, 36.433228900259614 ], [ 127.414751676347237, 36.43314039352363 ], [ 127.414328475714655, 36.432921074588123 ], [ 127.413691806992503, 36.432666165735675 ], [ 127.413539208637246, 36.432376069915982 ], [ 127.413430475573222, 36.432278723841108 ], [ 127.413397315139974, 36.43193781406179 ], [ 127.412847221725912, 36.430586562632179 ], [ 127.41288654445529, 36.430508702487344 ], [ 127.413154990055446, 36.430430899666007 ], [ 127.41340663490594, 36.430305564180408 ], [ 127.413723554967476, 36.430067349361288 ], [ 127.413754260858667, 36.429977686504273 ], [ 127.413820509224877, 36.429884251222823 ], [ 127.414602426977012, 36.429374927765018 ], [ 127.414664117781925, 36.429343453217484 ], [ 127.414956776633133, 36.428869901150591 ], [ 127.414987464787771, 36.42857747798768 ], [ 127.414874757474621, 36.428386093291913 ], [ 127.414990877304945, 36.428203207168544 ], [ 127.414984020307159, 36.427633529205607 ], [ 127.414528602105037, 36.426785207246411 ], [ 127.414245108278067, 36.42668452814921 ], [ 127.413766994853447, 36.426683079952213 ], [ 127.413609106664893, 36.426611532515622 ], [ 127.413323476323072, 36.42633822411824 ], [ 127.413401071765549, 36.42545904981182 ], [ 127.413268267237996, 36.425121853619054 ], [ 127.413019081994079, 36.424488803246788 ], [ 127.412922161711705, 36.424611928810783 ], [ 127.412696859788241, 36.424707317317313 ], [ 127.412137835270443, 36.424855967435754 ], [ 127.411851802088776, 36.425031549833434 ], [ 127.411022947823724, 36.42529150439632 ], [ 127.410574248382531, 36.425481438231664 ], [ 127.409978916591513, 36.425653290259866 ], [ 127.409335802958083, 36.425917391703535 ], [ 127.408251446142984, 36.426634409847317 ], [ 127.407542920511361, 36.426719331269922 ], [ 127.407281671255248, 36.427141509947525 ], [ 127.406788110457668, 36.427487599175684 ], [ 127.40663188102873, 36.42760133261153 ], [ 127.406069989443452, 36.428009605176356 ], [ 127.404874977691847, 36.428669239407071 ], [ 127.402979556365864, 36.429576783877465 ], [ 127.401742767580217, 36.430491103740863 ], [ 127.401322905728264, 36.430810735644606 ], [ 127.400437303607163, 36.431476038508841 ], [ 127.399807622405234, 36.432064739140067 ], [ 127.399086177336756, 36.432840173108261 ], [ 127.397331126018912, 36.434145074444764 ], [ 127.396989300835372, 36.43443119765665 ], [ 127.396456512916757, 36.434757097948911 ], [ 127.395385798009571, 36.435981412302056 ], [ 127.39508116397981, 36.436387098734308 ], [ 127.394772111034129, 36.436887969921756 ], [ 127.394508954425916, 36.437609201844317 ], [ 127.394596073187401, 36.437676501655538 ], [ 127.394652109299216, 36.437692925424372 ], [ 127.394518918639122, 36.437891068355775 ], [ 127.394530595345657, 36.437891020904267 ], [ 127.394456692250046, 36.438268343461331 ], [ 127.394446239401361, 36.438323123028539 ], [ 127.394379100962155, 36.438675244979748 ], [ 127.394617764063653, 36.438520983653156 ], [ 127.394789724854519, 36.43840945809 ], [ 127.395016402862112, 36.438298319662252 ], [ 127.3951992186186, 36.438439369472711 ], [ 127.395248590535175, 36.438485390837229 ], [ 127.395647150520688, 36.438798912148478 ], [ 127.396268634716748, 36.439292214493079 ], [ 127.396368199630928, 36.439338916487557 ], [ 127.396618125507914, 36.439481706617578 ], [ 127.397047499139774, 36.43968501811316 ], [ 127.397097644245278, 36.439711607242444 ], [ 127.397177442476519, 36.439742036120357 ], [ 127.397476781678705, 36.439867764005442 ], [ 127.397507990851736, 36.439872733986668 ], [ 127.397696187644158, 36.439971515937522 ], [ 127.397748311648783, 36.440009939394884 ], [ 127.397849821246808, 36.440063662694037 ], [ 127.397950693393028, 36.440123596977742 ], [ 127.398139878664651, 36.440214760183437 ], [ 127.398344834080774, 36.440321100177336 ], [ 127.39865049073444, 36.440490735376457 ], [ 127.398997974561709, 36.44069346510009 ], [ 127.399190208216893, 36.440800116331296 ], [ 127.399537134222072, 36.44102847515564 ], [ 127.399594813646132, 36.441064617375538 ], [ 127.39962352397437, 36.441089015009901 ], [ 127.399793332121035, 36.4412047515845 ], [ 127.399929593771887, 36.441303423876057 ], [ 127.399981002288968, 36.441336766222086 ], [ 127.400087162474165, 36.441411595131285 ], [ 127.400167634797171, 36.441470757553006 ], [ 127.400277888665215, 36.441563036988846 ], [ 127.400353905495123, 36.441638534068808 ], [ 127.400367108103964, 36.441664118785049 ], [ 127.400395830471808, 36.441690778086837 ], [ 127.400394303959402, 36.4416997857182 ], [ 127.400420023505418, 36.441752083873453 ], [ 127.401204754296288, 36.442327324189925 ], [ 127.401272083517938, 36.442374409334512 ], [ 127.401585719026642, 36.442602873584015 ], [ 127.401753344013073, 36.442730996496827 ], [ 127.401921988521849, 36.442857727973141 ], [ 127.401932616209919, 36.442857421979532 ], [ 127.401969351872339, 36.442884883077532 ], [ 127.401960134316994, 36.44288829332546 ], [ 127.402104816295065, 36.442998766996077 ], [ 127.403064265065822, 36.44372012532618 ], [ 127.403241997970937, 36.443852168175319 ], [ 127.403254397131008, 36.443855785132904 ], [ 127.403423602187715, 36.443986450605927 ], [ 127.403416297615252, 36.443990980967484 ], [ 127.403907947747143, 36.444366403482334 ], [ 127.404112312288987, 36.444523127953865 ], [ 127.404133148017308, 36.444540513029075 ], [ 127.404302491827266, 36.444667238723554 ], [ 127.40442357843672, 36.444760324787161 ], [ 127.404567912356725, 36.444866849540233 ], [ 127.40476859345948, 36.445018232452028 ], [ 127.404834357437338, 36.445065888567932 ], [ 127.404909745131832, 36.44511745016738 ], [ 127.405117561520484, 36.445267970297415 ], [ 127.405169407593931, 36.445315943627399 ], [ 127.405261583689438, 36.44538069518763 ], [ 127.405269116848856, 36.445387987075144 ], [ 127.40559210955638, 36.445600918138965 ], [ 127.405805480567835, 36.445746633124557 ], [ 127.405891863248726, 36.445799562655367 ], [ 127.406080037774743, 36.445893546172172 ], [ 127.406804416876909, 36.44627521461674 ], [ 127.406986348667886, 36.446373723652648 ], [ 127.406923647959431, 36.446480101482578 ], [ 127.406880789775002, 36.446547833525955 ], [ 127.406901001292653, 36.446584369735852 ], [ 127.407543104649193, 36.446929131423751 ], [ 127.407658961006618, 36.446986753538226 ], [ 127.408572124988538, 36.447504050052359 ], [ 127.409035977656899, 36.447755078624546 ], [ 127.409134018564927, 36.447805433737997 ], [ 127.409464880512857, 36.447985660511101 ], [ 127.409654323970585, 36.448085824916177 ], [ 127.409747019762619, 36.447980190195381 ], [ 127.409761832866522, 36.447948319823702 ], [ 127.409809265766, 36.447853536529827 ], [ 127.409844640613542, 36.447752315173339 ], [ 127.409916013926434, 36.447436946803052 ], [ 127.410024675608696, 36.446887718690078 ], [ 127.410089653752493, 36.44648254511025 ], [ 127.410142934548915, 36.446241862965991 ], [ 127.410148653365582, 36.446202976650802 ], [ 127.410146235612089, 36.446173706458644 ], [ 127.410151266255752, 36.446103561492571 ], [ 127.4101454956906, 36.446032615427669 ], [ 127.410103160039782, 36.445869714680278 ], [ 127.410052997979165, 36.445775544625974 ], [ 127.410046183046433, 36.445737268933641 ], [ 127.410051396953335, 36.445602078092598 ], [ 127.410070639742727, 36.445549348834916 ], [ 127.4101762111396, 36.44530905539029 ], [ 127.410212317431231, 36.445149824138909 ], [ 127.410220528607312, 36.445152328267177 ], [ 127.410516084060404, 36.444020089038048 ], [ 127.411736875697571, 36.442594889021159 ], [ 127.411805570792424, 36.442633231331051 ], [ 127.411990833590195, 36.442735668411366 ], [ 127.412058975580933, 36.442668974000966 ], [ 127.412350512804025, 36.442368058062506 ], [ 127.412484676299343, 36.442031637131294 ], [ 127.412779878363139, 36.441865871567146 ], [ 127.412854017041866, 36.441813520429882 ], [ 127.412923038420203, 36.441848202293507 ], [ 127.412966827065745, 36.441856783558329 ], [ 127.412950791867658, 36.441823604272635 ], [ 127.41297826796864, 36.441811965792887 ], [ 127.412981401994372, 36.441811954990698 ], [ 127.41317585049994, 36.441738345227108 ], [ 127.413281745937411, 36.441627588670265 ], [ 127.41329282465351, 36.441613474433638 ], [ 127.413287936499344, 36.441579130299225 ], [ 127.4133727257788, 36.441530968512808 ], [ 127.413467082006406, 36.441480232398902 ], [ 127.413623877215855, 36.441404778306669 ], [ 127.413803650069866, 36.441291801711976 ], [ 127.413762416205373, 36.441173667666511 ], [ 127.413815866691436, 36.441098570153564 ], [ 127.41380109392486, 36.441072154284058 ], [ 127.413857699892077, 36.440999019380655 ], [ 127.413863735858982, 36.440923526892618 ], [ 127.413916795257876, 36.440871527257798 ], [ 127.413924262129015, 36.440834608221529 ], [ 127.41395163491751, 36.440803540995631 ], [ 127.413994962542773, 36.440790432704091 ], [ 127.414050903219774, 36.440758140301497 ], [ 127.414098944842777, 36.440746430493753 ], [ 127.414139466586548, 36.440698412132356 ], [ 127.414219824957144, 36.440637306462811 ], [ 127.414265454069536, 36.44059969675255 ], [ 127.414297650973396, 36.440590853246775 ], [ 127.414337125665909, 36.440543126807299 ], [ 127.414342511896436, 36.440505088496018 ], [ 127.414365184617481, 36.440477416754973 ], [ 127.414532260280666, 36.440303078332931 ], [ 127.414802815947581, 36.440156551550068 ], [ 127.415108495228779, 36.440061151100522 ], [ 127.415442967624941, 36.439776128337215 ] ] ] ] } },
{ "type": "Feature", "properties": { "EMD_CD": "30230115", "EMD_ENG_NM": "Deogam-dong", "EMD_KOR_NM": "덕암동" }, "geometry": { "type": "MultiPolygon", "coordinates": [ [ [ [ 127.419188975413206, 36.448583965418713 ], [ 127.41945162794218, 36.448682172888603 ], [ 127.419584672789213, 36.448369682921538 ], [ 127.420337976191917, 36.448021224936866 ], [ 127.420626870817955, 36.447878279432466 ], [ 127.421007749696201, 36.447664323599113 ], [ 127.421319090532052, 36.447483277905093 ], [ 127.421533407743141, 36.447311872719737 ], [ 127.421676274037154, 36.447176197042523 ], [ 127.421774261972828, 36.447020970990096 ], [ 127.422099378961562, 36.446390424810076 ], [ 127.422256190415439, 36.446189645069701 ], [ 127.422361358414022, 36.446073530277658 ], [ 127.422404501470552, 36.446028041170131 ], [ 127.422493379658988, 36.445962673542262 ], [ 127.423030821003692, 36.445600036496771 ], [ 127.423273508304732, 36.445489067431446 ], [ 127.423735856748678, 36.445293405780816 ], [ 127.423813162025567, 36.44524779532636 ], [ 127.423971286084338, 36.445127833077663 ], [ 127.424294027145166, 36.444867888369423 ], [ 127.424594788227637, 36.44466659562967 ], [ 127.424804446932441, 36.444539690968384 ], [ 127.425059980937405, 36.444419102470228 ], [ 127.425431038190126, 36.444262615837182 ], [ 127.425643926398209, 36.444184414563949 ], [ 127.426343994483574, 36.444057178621961 ], [ 127.426725710191889, 36.443876147685948 ], [ 127.426867957520685, 36.443787219786849 ], [ 127.427094390967156, 36.443636875421113 ], [ 127.427540267515951, 36.443333119389642 ], [ 127.428083439958456, 36.442943116145095 ], [ 127.428216538147723, 36.442776774226814 ], [ 127.428342529373836, 36.442646783051813 ], [ 127.428344067675667, 36.442642551143393 ], [ 127.428386510779717, 36.44259650365148 ], [ 127.428690475374452, 36.442252689764565 ], [ 127.428703875272817, 36.441962587626108 ], [ 127.428693918984948, 36.441735361412469 ], [ 127.428655535914572, 36.441378416756507 ], [ 127.428391619260552, 36.440792484622456 ], [ 127.428285210000553, 36.440550680082055 ], [ 127.428219391695706, 36.440368711133615 ], [ 127.428102885123934, 36.440223816506069 ], [ 127.427868617297221, 36.440183542774804 ], [ 127.427443813895849, 36.440162241951747 ], [ 127.427205747425958, 36.439393731186932 ], [ 127.426919474015108, 36.438539782011141 ], [ 127.426717254444284, 36.437918994618535 ], [ 127.426664436790645, 36.437915235671504 ], [ 127.426451220291099, 36.437803071191986 ], [ 127.426629182689396, 36.438256673255019 ], [ 127.426863597247376, 36.438868622888471 ], [ 127.4264713549899, 36.438906354295568 ], [ 127.423486338564018, 36.439186721006159 ], [ 127.423150798985333, 36.438173829017764 ], [ 127.422723911592357, 36.436893723557397 ], [ 127.422406350683616, 36.435947505088826 ], [ 127.422328811928423, 36.435721084026532 ], [ 127.422224961283391, 36.435400972484615 ], [ 127.422097778507478, 36.435018429941955 ], [ 127.421715006061021, 36.433865741150619 ], [ 127.421035575907069, 36.432890656943108 ], [ 127.420999775365743, 36.432844598548982 ], [ 127.42032760675086, 36.432049156872033 ], [ 127.420324440765029, 36.432045220919008 ], [ 127.419906556620319, 36.431550771429663 ], [ 127.419859636289544, 36.431574870527321 ], [ 127.41973312316243, 36.431540394000052 ], [ 127.419649407341879, 36.431526043450525 ], [ 127.419613287085966, 36.431515752593086 ], [ 127.419527412911719, 36.431489865718774 ], [ 127.419489367023004, 36.431478166752115 ], [ 127.419370390139321, 36.431420296501997 ], [ 127.419298098474187, 36.431390135506028 ], [ 127.419131303340194, 36.431317779552543 ], [ 127.418710839829686, 36.431251942261852 ], [ 127.418710185511458, 36.431292217174381 ], [ 127.418709406388203, 36.431375856110606 ], [ 127.418707811697473, 36.431500896964188 ], [ 127.418696925287733, 36.431581759611269 ], [ 127.418695053297029, 36.43162372393649 ], [ 127.418690704428329, 36.431721739754408 ], [ 127.418709046793637, 36.43179630031743 ], [ 127.418302020431767, 36.431766181491575 ], [ 127.418117241563436, 36.431753029717555 ], [ 127.417733781446586, 36.432090894524656 ], [ 127.417627428710645, 36.432177154338433 ], [ 127.41739365675447, 36.432320459523851 ], [ 127.417278864436653, 36.432392672381305 ], [ 127.417176490296768, 36.432474421172714 ], [ 127.417044550988763, 36.432599915719308 ], [ 127.416810794050178, 36.43281137406364 ], [ 127.416744629236021, 36.432853282620087 ], [ 127.41681592959381, 36.433122245667249 ], [ 127.416847970458136, 36.43324801654591 ], [ 127.416914174077476, 36.433539823499331 ], [ 127.416910568919164, 36.433844813895639 ], [ 127.416891464584396, 36.434346994829987 ], [ 127.416887641305237, 36.434447820318773 ], [ 127.416983869843349, 36.434815273771207 ], [ 127.417039358568346, 36.435056986625675 ], [ 127.417050404079163, 36.43516874543085 ], [ 127.417084331836946, 36.435648212821818 ], [ 127.417046349269242, 36.435715652265785 ], [ 127.416931821918695, 36.435872058713628 ], [ 127.41692165439035, 36.435925036923123 ], [ 127.416857844980001, 36.436082960980237 ], [ 127.416850291940136, 36.436300111427968 ], [ 127.416831219372426, 36.436645148726143 ], [ 127.416755789726878, 36.436847323772362 ], [ 127.41662538627277, 36.437227109203349 ], [ 127.416396261074212, 36.437397998564357 ], [ 127.416188236530246, 36.437504039219085 ], [ 127.41599078139555, 36.437599066756754 ], [ 127.415656482822811, 36.437717376973964 ], [ 127.415061195155914, 36.437780547827138 ], [ 127.415222235813474, 36.438277598261742 ], [ 127.415169644863099, 36.438482513732367 ], [ 127.415051440364621, 36.438897454182687 ], [ 127.415163282016707, 36.439153895645077 ], [ 127.4152616687376, 36.439403057239211 ], [ 127.415363214495159, 36.439623208651483 ], [ 127.415442967624941, 36.439776128337215 ], [ 127.415715145415874, 36.439836859285514 ], [ 127.415850551246223, 36.440067030758662 ], [ 127.415827695574208, 36.440389551975869 ], [ 127.415823637535524, 36.440477987281604 ], [ 127.416032504809777, 36.440725926624488 ], [ 127.41620602538238, 36.440943853794266 ], [ 127.41641107986085, 36.44103240960991 ], [ 127.416467183755444, 36.441062349193245 ], [ 127.416561249250179, 36.441284210667177 ], [ 127.416580989083045, 36.441325829408477 ], [ 127.416616836002021, 36.441413846615355 ], [ 127.416494890160308, 36.441552822968937 ], [ 127.416264812678378, 36.441807072018818 ], [ 127.416460526481913, 36.442005204421001 ], [ 127.416563345000327, 36.442102847448211 ], [ 127.416689377643209, 36.442240961564757 ], [ 127.41686605173787, 36.442430156972634 ], [ 127.41696184349675, 36.442517118390427 ], [ 127.417023578035128, 36.442590401614538 ], [ 127.417133924640623, 36.442595658707546 ], [ 127.417360057362686, 36.442615985224322 ], [ 127.417593630736349, 36.442722183331895 ], [ 127.417561744559848, 36.44278932226225 ], [ 127.417379615319675, 36.443210678395445 ], [ 127.417373293448847, 36.44323407633874 ], [ 127.417350860438432, 36.443275265104006 ], [ 127.417382312645486, 36.443325286704187 ], [ 127.41766626827696, 36.443826131450585 ], [ 127.41766639157035, 36.443849218569312 ], [ 127.417489191915294, 36.444051469225961 ], [ 127.417432110117232, 36.444196132005416 ], [ 127.417403841361434, 36.444289166432327 ], [ 127.417366569099229, 36.444390108295636 ], [ 127.417031278760732, 36.44468725061104 ], [ 127.416849170001683, 36.444854318342657 ], [ 127.416765537270237, 36.444923033857073 ], [ 127.416633735447547, 36.445174688717572 ], [ 127.416659597592954, 36.445188683803885 ], [ 127.416907420373349, 36.44541817446212 ], [ 127.416983411128086, 36.445482964250814 ], [ 127.416995583936895, 36.445870697066852 ], [ 127.416988655873865, 36.446041949269258 ], [ 127.416739450471212, 36.44627344845501 ], [ 127.416710328170709, 36.446369864982501 ], [ 127.416680973750218, 36.446387143054153 ], [ 127.416670369706125, 36.446391965055973 ], [ 127.416612361508356, 36.446398925431616 ], [ 127.416601216012211, 36.446465424220143 ], [ 127.416507870498421, 36.446574734209513 ], [ 127.416483626317572, 36.446801791883949 ], [ 127.416558312445005, 36.447080051559766 ], [ 127.416885474142731, 36.447381646888317 ], [ 127.416785321462882, 36.447392133313187 ], [ 127.416896606057904, 36.447507201820812 ], [ 127.416991935334664, 36.447702870791787 ], [ 127.416999719113235, 36.447756912865898 ], [ 127.417026612848218, 36.447801029810208 ], [ 127.417087654464666, 36.44780842304656 ], [ 127.417144270594022, 36.447837234038474 ], [ 127.417252596230739, 36.447886699574227 ], [ 127.417595828324167, 36.448029967479158 ], [ 127.417613289120482, 36.448034980105639 ], [ 127.417664612524078, 36.44814829236271 ], [ 127.417730979466, 36.448206626887327 ], [ 127.417727910763972, 36.448221001960782 ], [ 127.417713985398507, 36.448418457015642 ], [ 127.417842089114444, 36.44841998381952 ], [ 127.417814529583822, 36.44851442160526 ], [ 127.417811209301348, 36.448609054209619 ], [ 127.417808663300193, 36.448623139092454 ], [ 127.417820437926906, 36.448641121080691 ], [ 127.417835585513558, 36.448670355711506 ], [ 127.417841778628571, 36.448687519091905 ], [ 127.417907937890831, 36.448708970059947 ], [ 127.417907496787279, 36.448789228248032 ], [ 127.417904656821889, 36.448810919885638 ], [ 127.41783174974141, 36.448833423638852 ], [ 127.417825295435605, 36.448896806186347 ], [ 127.418095106621877, 36.448867424515576 ], [ 127.418176591758765, 36.448853343471136 ], [ 127.418337189780928, 36.448802940042427 ], [ 127.418386239850378, 36.448785025061603 ], [ 127.418611747751498, 36.448683137004203 ], [ 127.418735813352512, 36.448613711192181 ], [ 127.418886877287548, 36.448541090890323 ], [ 127.419073486868356, 36.448432579316325 ], [ 127.419085282682062, 36.448423247170382 ], [ 127.419085566421458, 36.448476188892649 ], [ 127.419262465019258, 36.448378975400665 ], [ 127.419188975413206, 36.448583965418713 ] ] ] ] } },
{ "type": "Feature", "properties": { "EMD_CD": "30230116", "EMD_ENG_NM": "Sangseo-dong", "EMD_KOR_NM": "상서동" }, "geometry": { "type": "MultiPolygon", "coordinates": [ [ [ [ 127.422097778507478, 36.435018429941955 ], [ 127.423762458903795, 36.434699970433989 ], [ 127.424566475734778, 36.434540260119412 ], [ 127.42494733087166, 36.434463158894872 ], [ 127.425097443431426, 36.434671018370068 ], [ 127.425348708360815, 36.434862469029355 ], [ 127.425392744813834, 36.434884282832982 ], [ 127.425441450677909, 36.434899312370128 ], [ 127.425531551967708, 36.434934470848042 ], [ 127.426089276204351, 36.435050485875301 ], [ 127.426115264477318, 36.435055187591722 ], [ 127.426304647668616, 36.435111394760938 ], [ 127.426382613251405, 36.435221788091972 ], [ 127.426447526331685, 36.435269994109916 ], [ 127.42666500576118, 36.435271472721581 ], [ 127.426692529682924, 36.435269401174196 ], [ 127.426939002317781, 36.435219248023827 ], [ 127.427012308638538, 36.435178714193121 ], [ 127.427057464339583, 36.435086743644391 ], [ 127.426930253855858, 36.434703368323433 ], [ 127.426887353286574, 36.434568906737809 ], [ 127.426832758089361, 36.434463783327068 ], [ 127.426705533861835, 36.434236974351201 ], [ 127.426667920935913, 36.434176280373038 ], [ 127.426591671017775, 36.434030672991518 ], [ 127.426350731347739, 36.433560677347572 ], [ 127.426078704766951, 36.433332697681912 ], [ 127.426020972155669, 36.43329207165646 ], [ 127.425948966727574, 36.433251775702061 ], [ 127.425952105592444, 36.433219944772119 ], [ 127.425865421080502, 36.433172942290916 ], [ 127.425717958033275, 36.433101373960859 ], [ 127.425667613831152, 36.433071985943499 ], [ 127.425424952802217, 36.432956535758123 ], [ 127.425335275402944, 36.432902505496337 ], [ 127.425308931932349, 36.432865147019349 ], [ 127.425305054068644, 36.432793906478807 ], [ 127.425238883843562, 36.43273753981105 ], [ 127.425144511332689, 36.43262185103319 ], [ 127.425059455408785, 36.432521340619751 ], [ 127.424990199883283, 36.432443014601333 ], [ 127.424836838940891, 36.431989322357978 ], [ 127.424821033353737, 36.431935309105157 ], [ 127.424739191402395, 36.431592592653438 ], [ 127.424722668365916, 36.431437201992964 ], [ 127.424710465258343, 36.431340091730213 ], [ 127.425071913324913, 36.430902029168159 ], [ 127.425140280055913, 36.430817023965446 ], [ 127.425379613992192, 36.430578215516768 ], [ 127.425381521319466, 36.430576235215746 ], [ 127.425586212224687, 36.430375560054578 ], [ 127.425628659528471, 36.430331198608478 ], [ 127.425848114498621, 36.430089648219493 ], [ 127.425952779619891, 36.429822588326999 ], [ 127.425995197462811, 36.429389883025749 ], [ 127.425995533930276, 36.429388187657658 ], [ 127.425995870853683, 36.429384527769521 ], [ 127.426076575108979, 36.429231044421549 ], [ 127.426111057950706, 36.429163902879353 ], [ 127.426182102962784, 36.429026503381763 ], [ 127.426213924135297, 36.428919098644784 ], [ 127.426281481362366, 36.428653296855067 ], [ 127.426321812823943, 36.428382527395598 ], [ 127.426360553660643, 36.428137104061406 ], [ 127.426420003010051, 36.42804733568147 ], [ 127.426561726477217, 36.427834780344419 ], [ 127.426735529020803, 36.427372319297163 ], [ 127.426876583243143, 36.427102876001946 ], [ 127.427086836902703, 36.426965547631923 ], [ 127.427153719867079, 36.426895749020275 ], [ 127.427425117287029, 36.426597688229954 ], [ 127.427473602571098, 36.426542598841685 ], [ 127.427552514802144, 36.426317307739986 ], [ 127.427511153315265, 36.425920946819062 ], [ 127.427527053296586, 36.425481856021015 ], [ 127.427593417635492, 36.425160303103375 ], [ 127.427747944635129, 36.424806894986595 ], [ 127.428030074163985, 36.424719430611901 ], [ 127.428135134932688, 36.424688361902284 ], [ 127.42866622218834, 36.424502005528083 ], [ 127.429163159322243, 36.424443057381119 ], [ 127.430107588904249, 36.424428685947262 ], [ 127.43035791505298, 36.424357947548231 ], [ 127.430454633451077, 36.424328880293942 ], [ 127.43046525530464, 36.424327995048444 ], [ 127.430854267099633, 36.424255919220322 ], [ 127.43093154885247, 36.424242962042953 ], [ 127.431239244095735, 36.424242981482344 ], [ 127.431513923925067, 36.424322249525275 ], [ 127.432007637409228, 36.42405970302238 ], [ 127.432481681505621, 36.424052081356969 ], [ 127.432531090544842, 36.424007692304016 ], [ 127.432503864448208, 36.423968076645004 ], [ 127.432556373301011, 36.423947890449391 ], [ 127.432611631086758, 36.423733107722498 ], [ 127.432634856649187, 36.423678395795577 ], [ 127.432656420233471, 36.423639730439575 ], [ 127.432701391247292, 36.423581281284264 ], [ 127.432784822250284, 36.423480726372645 ], [ 127.432847324601482, 36.423410661019339 ], [ 127.432895100284625, 36.423353319091184 ], [ 127.433039692748238, 36.42322466125183 ], [ 127.433141390912454, 36.423120660732785 ], [ 127.433143138531619, 36.423027438844009 ], [ 127.433162721872861, 36.422882903737325 ], [ 127.433181426773686, 36.422704578449917 ], [ 127.433204988514007, 36.422682523083161 ], [ 127.433274840139561, 36.422143550424956 ], [ 127.433283273628334, 36.42203143413446 ], [ 127.433565724117017, 36.421783441600247 ], [ 127.433664009294446, 36.42169381739717 ], [ 127.433709383589061, 36.421644089580724 ], [ 127.433905289901233, 36.421313052512666 ], [ 127.434590026839373, 36.421098799252285 ], [ 127.434836787152221, 36.421017079307731 ], [ 127.435446204348494, 36.420825902719287 ], [ 127.435526724755093, 36.4207985753849 ], [ 127.435294638372824, 36.420200438201775 ], [ 127.435270124436599, 36.420115196762801 ], [ 127.435025322953834, 36.419860662027297 ], [ 127.434847726018205, 36.419692619207616 ], [ 127.434797953451593, 36.419638730440923 ], [ 127.434593360451714, 36.419440091801157 ], [ 127.434559410346338, 36.419412333150319 ], [ 127.434428667151892, 36.419274254430633 ], [ 127.434913693632893, 36.418270526043166 ], [ 127.435146215058779, 36.418166328213275 ], [ 127.435143613120758, 36.418011176513282 ], [ 127.434553465412861, 36.417401658047723 ], [ 127.434335344672917, 36.417086755620616 ], [ 127.433579981582795, 36.416968114362575 ], [ 127.433256010916054, 36.416445777079019 ], [ 127.43364056427373, 36.416015210058575 ], [ 127.4332726786905, 36.415017382882603 ], [ 127.433191757494953, 36.414781959757477 ], [ 127.433035638118682, 36.414398126398488 ], [ 127.433202526321296, 36.41411478510318 ], [ 127.433202337776862, 36.41408071302714 ], [ 127.432997194641601, 36.413527242684815 ], [ 127.432856174008464, 36.413260216540657 ], [ 127.432802790567877, 36.413151144016204 ], [ 127.432557511246344, 36.413151750278807 ], [ 127.432105338506148, 36.413164934441596 ], [ 127.432041273223476, 36.413582788833246 ], [ 127.431962187988219, 36.413677136746834 ], [ 127.431914986519416, 36.413742640795412 ], [ 127.431809225063418, 36.413866083996616 ], [ 127.431748926037756, 36.413956417001124 ], [ 127.431439192800923, 36.414242802912163 ], [ 127.431423134325343, 36.414268489641472 ], [ 127.431186768842522, 36.41446506272748 ], [ 127.430889379124267, 36.414715924222541 ], [ 127.430463689915982, 36.415078196397005 ], [ 127.430146861476999, 36.415215345744876 ], [ 127.429916851989802, 36.415301501728692 ], [ 127.429874944351511, 36.415411764471379 ], [ 127.429852556750518, 36.415458587804359 ], [ 127.429255032201908, 36.415684613174108 ], [ 127.428820033890716, 36.415845846625515 ], [ 127.428314071778942, 36.416313725589326 ], [ 127.427589784731452, 36.416619046886865 ], [ 127.427521039639444, 36.416662655841741 ], [ 127.427318818756362, 36.416893739903259 ], [ 127.427080543383667, 36.41715845713729 ], [ 127.427070460133578, 36.417194539354888 ], [ 127.426893731459103, 36.417469733582543 ], [ 127.426381633019645, 36.417775138543206 ], [ 127.426189474955549, 36.418159940260772 ], [ 127.425803365109289, 36.418279030967703 ], [ 127.425384558796367, 36.418539033253005 ], [ 127.424776087677472, 36.418809285817652 ], [ 127.423863866812852, 36.418967118351986 ], [ 127.423528160899451, 36.419002098674767 ], [ 127.423445489252032, 36.41908153042661 ], [ 127.42328680898531, 36.419186003427512 ], [ 127.423169269072815, 36.419324971416948 ], [ 127.422970518375905, 36.419461125977868 ], [ 127.422856308358647, 36.419636686892787 ], [ 127.422658054654946, 36.419929144823499 ], [ 127.42250893506008, 36.4201569243899 ], [ 127.421876631428376, 36.419888525664931 ], [ 127.421772371468762, 36.419810888526207 ], [ 127.421729842380316, 36.419775271287946 ], [ 127.421709335885197, 36.419752255814601 ], [ 127.421438389587408, 36.419551854487892 ], [ 127.421354939051056, 36.419487093418674 ], [ 127.420808793888, 36.419233867888799 ], [ 127.420395361584454, 36.419039037930816 ], [ 127.420381737223153, 36.419030921242054 ], [ 127.420560567824722, 36.418430177269379 ], [ 127.420407333617078, 36.418218384289816 ], [ 127.42014911965903, 36.418182396473583 ], [ 127.419760378886991, 36.418430171140514 ], [ 127.41917774125703, 36.41854964029298 ], [ 127.418849057751302, 36.418563459778412 ], [ 127.418925169434388, 36.418526300367667 ], [ 127.419034095253267, 36.418403704617702 ], [ 127.419250276395701, 36.418333955934635 ], [ 127.419331850512009, 36.418309168065321 ], [ 127.41987907381295, 36.417952700762825 ], [ 127.419973521433676, 36.417891830074645 ], [ 127.42005496337886, 36.417842539710747 ], [ 127.420238223116456, 36.417774031075083 ], [ 127.420751802797682, 36.417577912500846 ], [ 127.420746756382727, 36.417545551639847 ], [ 127.420439733075099, 36.417503815193598 ], [ 127.420058430252908, 36.417449677080022 ], [ 127.419574742931829, 36.417373367315122 ], [ 127.419305666920906, 36.417323898329549 ], [ 127.419106645982652, 36.416889227371399 ], [ 127.418993361105933, 36.416488608447068 ], [ 127.41901990341735, 36.41630433708881 ], [ 127.419022084813804, 36.416159864907755 ], [ 127.418916453330112, 36.416312025156373 ], [ 127.41868237570263, 36.416616136701862 ], [ 127.418515494690112, 36.417043084196301 ], [ 127.418287130025277, 36.417473895731597 ], [ 127.418158197960963, 36.41770020272628 ], [ 127.417931694072934, 36.418087643367414 ], [ 127.41774585295849, 36.418389611251364 ], [ 127.417537400435521, 36.418765165004871 ], [ 127.417236256437818, 36.419172302263149 ], [ 127.417023769391335, 36.41944648896299 ], [ 127.416928004053887, 36.419553825555866 ], [ 127.416711511403236, 36.419796485128934 ], [ 127.41638210996868, 36.420198365568041 ], [ 127.416169902081649, 36.420459032394319 ], [ 127.416010358717145, 36.420665725975454 ], [ 127.415881479828386, 36.420837104729159 ], [ 127.415837533233997, 36.420895273707707 ], [ 127.415672359862768, 36.421089874814761 ], [ 127.415559241742017, 36.421245716670441 ], [ 127.415467730609919, 36.421369663663341 ], [ 127.415234850329767, 36.421675737658411 ], [ 127.414897293157949, 36.422088059550283 ], [ 127.414696756415125, 36.422316295726496 ], [ 127.413539032674507, 36.423407884253713 ], [ 127.413428071648767, 36.423576666227866 ], [ 127.413381745122379, 36.423647224386805 ], [ 127.413257265322756, 36.423830146916927 ], [ 127.41324771375443, 36.423869037723072 ], [ 127.413131067308328, 36.424346773475918 ], [ 127.413019081994079, 36.424488803246788 ], [ 127.413268267237996, 36.425121853619054 ], [ 127.413401071765549, 36.42545904981182 ], [ 127.413323476323072, 36.42633822411824 ], [ 127.413609106664893, 36.426611532515622 ], [ 127.413766994853447, 36.426683079952213 ], [ 127.414245108278067, 36.42668452814921 ], [ 127.414528602105037, 36.426785207246411 ], [ 127.414984020307159, 36.427633529205607 ], [ 127.414990877304945, 36.428203207168544 ], [ 127.414874757474621, 36.428386093291913 ], [ 127.414987464787771, 36.42857747798768 ], [ 127.414956776633133, 36.428869901150591 ], [ 127.414664117781925, 36.429343453217484 ], [ 127.414602426977012, 36.429374927765018 ], [ 127.413820509224877, 36.429884251222823 ], [ 127.413754260858667, 36.429977686504273 ], [ 127.413723554967476, 36.430067349361288 ], [ 127.41340663490594, 36.430305564180408 ], [ 127.413154990055446, 36.430430899666007 ], [ 127.41288654445529, 36.430508702487344 ], [ 127.412847221725912, 36.430586562632179 ], [ 127.413397315139974, 36.43193781406179 ], [ 127.413430475573222, 36.432278723841108 ], [ 127.413539208637246, 36.432376069915982 ], [ 127.413691806992503, 36.432666165735675 ], [ 127.414328475714655, 36.432921074588123 ], [ 127.414751676347237, 36.43314039352363 ], [ 127.415541155914241, 36.433228900259614 ], [ 127.41594800050143, 36.433680886775946 ], [ 127.415988936793497, 36.433875340059345 ], [ 127.416632323625592, 36.434211596494237 ], [ 127.416891464584396, 36.434346994829987 ], [ 127.416910568919164, 36.433844813895639 ], [ 127.416914174077476, 36.433539823499331 ], [ 127.416847970458136, 36.43324801654591 ], [ 127.41681592959381, 36.433122245667249 ], [ 127.416744629236021, 36.432853282620087 ], [ 127.416810794050178, 36.43281137406364 ], [ 127.417044550988763, 36.432599915719308 ], [ 127.417176490296768, 36.432474421172714 ], [ 127.417278864436653, 36.432392672381305 ], [ 127.41739365675447, 36.432320459523851 ], [ 127.417627428710645, 36.432177154338433 ], [ 127.417733781446586, 36.432090894524656 ], [ 127.418117241563436, 36.431753029717555 ], [ 127.418302020431767, 36.431766181491575 ], [ 127.418709046793637, 36.43179630031743 ], [ 127.418690704428329, 36.431721739754408 ], [ 127.418695053297029, 36.43162372393649 ], [ 127.418696925287733, 36.431581759611269 ], [ 127.418707811697473, 36.431500896964188 ], [ 127.418709406388203, 36.431375856110606 ], [ 127.418710185511458, 36.431292217174381 ], [ 127.418710839829686, 36.431251942261852 ], [ 127.419131303340194, 36.431317779552543 ], [ 127.419298098474187, 36.431390135506028 ], [ 127.419370390139321, 36.431420296501997 ], [ 127.419489367023004, 36.431478166752115 ], [ 127.419527412911719, 36.431489865718774 ], [ 127.419613287085966, 36.431515752593086 ], [ 127.419649407341879, 36.431526043450525 ], [ 127.41973312316243, 36.431540394000052 ], [ 127.419859636289544, 36.431574870527321 ], [ 127.419906556620319, 36.431550771429663 ], [ 127.420324440765029, 36.432045220919008 ], [ 127.42032760675086, 36.432049156872033 ], [ 127.420999775365743, 36.432844598548982 ], [ 127.421035575907069, 36.432890656943108 ], [ 127.421715006061021, 36.433865741150619 ], [ 127.422097778507478, 36.435018429941955 ] ] ] ] } },
{ "type": "Feature", "properties": { "EMD_CD": "30230117", "EMD_ENG_NM": "Pyeongchon-dong", "EMD_KOR_NM": "평촌동" }, "geometry": { "type": "MultiPolygon", "coordinates": [ [ [ [ 127.428703875272817, 36.441962587626108 ], [ 127.429129383666648, 36.441823917691757 ], [ 127.429561130182321, 36.441712546841359 ], [ 127.429768379298963, 36.441401743737202 ], [ 127.429790702562769, 36.441374349697277 ], [ 127.429829647125445, 36.441041062604626 ], [ 127.429780387212929, 36.440700774575845 ], [ 127.429820562324494, 36.440558978139485 ], [ 127.429956292447642, 36.440523850757927 ], [ 127.430196047447566, 36.44051707849529 ], [ 127.43035131360007, 36.440515682775967 ], [ 127.4307178552571, 36.44049436892719 ], [ 127.430882821158093, 36.440482231940813 ], [ 127.43099275118594, 36.440477042373857 ], [ 127.431216736467348, 36.440454275251938 ], [ 127.431716356168081, 36.440358134103306 ], [ 127.431704600179984, 36.440248911618163 ], [ 127.432243697734179, 36.440077722128329 ], [ 127.432367637037558, 36.440020385071662 ], [ 127.432400468995922, 36.439937198252196 ], [ 127.432457763716172, 36.439804350668396 ], [ 127.432564042527957, 36.439548544037748 ], [ 127.432631893021806, 36.439432843246379 ], [ 127.433004396096081, 36.438948244873785 ], [ 127.433940936309284, 36.43873675281489 ], [ 127.434325576237626, 36.438648334553577 ], [ 127.434517003123005, 36.438602024004375 ], [ 127.434710567150802, 36.438595130861415 ], [ 127.435440406306114, 36.438536437566363 ], [ 127.435579405024995, 36.438368371770508 ], [ 127.43572856835786, 36.43830530729921 ], [ 127.435968674124368, 36.438206721674987 ], [ 127.436230922548958, 36.438079037795852 ], [ 127.436624813191571, 36.438118443127934 ], [ 127.437070939881792, 36.438153141813295 ], [ 127.437791330691866, 36.438214718554491 ], [ 127.43828592895035, 36.43825148843343 ], [ 127.438540866936634, 36.438065818987894 ], [ 127.438556005998805, 36.438060699084652 ], [ 127.439045429670088, 36.438077767525208 ], [ 127.439454986125597, 36.43824129405585 ], [ 127.440315525534231, 36.438431602798104 ], [ 127.440499202304707, 36.438370379042176 ], [ 127.441354964177236, 36.438239094239208 ], [ 127.44143339298455, 36.438180230290605 ], [ 127.441427830277618, 36.438119422935877 ], [ 127.441569124594167, 36.438022586924731 ], [ 127.441665257028063, 36.437948734464534 ], [ 127.441946331537181, 36.437854491552301 ], [ 127.441822195942692, 36.437506031854177 ], [ 127.441803946218059, 36.437452029953079 ], [ 127.441638572772433, 36.43717328215493 ], [ 127.441662550793765, 36.436545197860298 ], [ 127.441980670349409, 36.436129493925201 ], [ 127.442029359172395, 36.43592768114592 ], [ 127.44212680268798, 36.435593056608539 ], [ 127.442742086953047, 36.435314238167969 ], [ 127.443380134481302, 36.435022662087462 ], [ 127.443670182930589, 36.435008638650899 ], [ 127.443760293559649, 36.435012531298803 ], [ 127.44440944584926, 36.435265259518168 ], [ 127.444802329357671, 36.435162700937738 ], [ 127.444834690983456, 36.435154416320771 ], [ 127.445091765283934, 36.434733298521294 ], [ 127.444731855987754, 36.434322916052274 ], [ 127.444239794510423, 36.433806019571563 ], [ 127.444237154071459, 36.433341087985305 ], [ 127.444234701824413, 36.433247043634836 ], [ 127.444184112328372, 36.433175697614189 ], [ 127.444177097657871, 36.433167838525101 ], [ 127.444175251801241, 36.433119687697427 ], [ 127.444143938959186, 36.433035608969703 ], [ 127.444104175603059, 36.432999142494104 ], [ 127.443977990539949, 36.432871484122849 ], [ 127.443881211365863, 36.432460402816425 ], [ 127.444166398257138, 36.432173229350511 ], [ 127.444053123976687, 36.431834590000136 ], [ 127.443974572189802, 36.431595228173755 ], [ 127.443578496002345, 36.431377606726869 ], [ 127.443529284840679, 36.431057311406967 ], [ 127.443487099714957, 36.430746857680106 ], [ 127.443775336172365, 36.430076115408838 ], [ 127.442463836786388, 36.429991139224782 ], [ 127.441966946615111, 36.429845688622713 ], [ 127.440790919136262, 36.43005306044563 ], [ 127.440913980152786, 36.429349139239832 ], [ 127.43999002788189, 36.428366906950004 ], [ 127.439989458018317, 36.428017702494905 ], [ 127.439958403370511, 36.427700727133292 ], [ 127.439885452878386, 36.42743318073456 ], [ 127.439817900333324, 36.427379927162661 ], [ 127.439804221234496, 36.427023453389864 ], [ 127.439793097536139, 36.426841857394869 ], [ 127.439917760255938, 36.426701720674671 ], [ 127.439793353869533, 36.426359738432545 ], [ 127.439661141851786, 36.425963994723283 ], [ 127.439458537378485, 36.425783101170254 ], [ 127.439530999258125, 36.425438143446854 ], [ 127.439562620678075, 36.425328482992079 ], [ 127.438966060052181, 36.424927682448285 ], [ 127.438681643797864, 36.424728496404363 ], [ 127.438939308622466, 36.424072809148718 ], [ 127.438981136956826, 36.423981693257126 ], [ 127.438620755828993, 36.423782794336688 ], [ 127.438142596922418, 36.423395632071404 ], [ 127.438111176441879, 36.423260573605553 ], [ 127.437750771168609, 36.423026463949789 ], [ 127.437588433224334, 36.42272206976596 ], [ 127.437575233235791, 36.422666642819308 ], [ 127.437575469366763, 36.422489510759682 ], [ 127.437591708744478, 36.421903979459572 ], [ 127.437249365905899, 36.421658258436942 ], [ 127.437091373031947, 36.421538025911076 ], [ 127.436904430353053, 36.421413104586826 ], [ 127.436217031621325, 36.421211163823862 ], [ 127.436047847637525, 36.42120924738532 ], [ 127.435526724755093, 36.4207985753849 ], [ 127.435446204348494, 36.420825902719287 ], [ 127.434836787152221, 36.421017079307731 ], [ 127.434590026839373, 36.421098799252285 ], [ 127.433905289901233, 36.421313052512666 ], [ 127.433709383589061, 36.421644089580724 ], [ 127.433664009294446, 36.42169381739717 ], [ 127.433565724117017, 36.421783441600247 ], [ 127.433283273628334, 36.42203143413446 ], [ 127.433274840139561, 36.422143550424956 ], [ 127.433204988514007, 36.422682523083161 ], [ 127.433181426773686, 36.422704578449917 ], [ 127.433162721872861, 36.422882903737325 ], [ 127.433143138531619, 36.423027438844009 ], [ 127.433141390912454, 36.423120660732785 ], [ 127.433039692748238, 36.42322466125183 ], [ 127.432895100284625, 36.423353319091184 ], [ 127.432847324601482, 36.423410661019339 ], [ 127.432784822250284, 36.423480726372645 ], [ 127.432701391247292, 36.423581281284264 ], [ 127.432656420233471, 36.423639730439575 ], [ 127.432634856649187, 36.423678395795577 ], [ 127.432611631086758, 36.423733107722498 ], [ 127.432556373301011, 36.423947890449391 ], [ 127.432503864448208, 36.423968076645004 ], [ 127.432531090544842, 36.424007692304016 ], [ 127.432481681505621, 36.424052081356969 ], [ 127.432007637409228, 36.42405970302238 ], [ 127.431513923925067, 36.424322249525275 ], [ 127.431239244095735, 36.424242981482344 ], [ 127.43093154885247, 36.424242962042953 ], [ 127.430854267099633, 36.424255919220322 ], [ 127.43046525530464, 36.424327995048444 ], [ 127.430454633451077, 36.424328880293942 ], [ 127.43035791505298, 36.424357947548231 ], [ 127.430107588904249, 36.424428685947262 ], [ 127.429163159322243, 36.424443057381119 ], [ 127.42866622218834, 36.424502005528083 ], [ 127.428135134932688, 36.424688361902284 ], [ 127.428030074163985, 36.424719430611901 ], [ 127.427747944635129, 36.424806894986595 ], [ 127.427593417635492, 36.425160303103375 ], [ 127.427527053296586, 36.425481856021015 ], [ 127.427511153315265, 36.425920946819062 ], [ 127.427552514802144, 36.426317307739986 ], [ 127.427473602571098, 36.426542598841685 ], [ 127.427425117287029, 36.426597688229954 ], [ 127.427153719867079, 36.426895749020275 ], [ 127.427086836902703, 36.426965547631923 ], [ 127.426876583243143, 36.427102876001946 ], [ 127.426735529020803, 36.427372319297163 ], [ 127.426561726477217, 36.427834780344419 ], [ 127.426420003010051, 36.42804733568147 ], [ 127.426360553660643, 36.428137104061406 ], [ 127.426321812823943, 36.428382527395598 ], [ 127.426281481362366, 36.428653296855067 ], [ 127.426213924135297, 36.428919098644784 ], [ 127.426182102962784, 36.429026503381763 ], [ 127.426111057950706, 36.429163902879353 ], [ 127.426076575108979, 36.429231044421549 ], [ 127.425995870853683, 36.429384527769521 ], [ 127.425995533930276, 36.429388187657658 ], [ 127.425995197462811, 36.429389883025749 ], [ 127.425952779619891, 36.429822588326999 ], [ 127.425848114498621, 36.430089648219493 ], [ 127.425628659528471, 36.430331198608478 ], [ 127.425586212224687, 36.430375560054578 ], [ 127.425381521319466, 36.430576235215746 ], [ 127.425379613992192, 36.430578215516768 ], [ 127.425140280055913, 36.430817023965446 ], [ 127.425071913324913, 36.430902029168159 ], [ 127.424710465258343, 36.431340091730213 ], [ 127.424722668365916, 36.431437201992964 ], [ 127.424739191402395, 36.431592592653438 ], [ 127.424821033353737, 36.431935309105157 ], [ 127.424836838940891, 36.431989322357978 ], [ 127.424990199883283, 36.432443014601333 ], [ 127.425059455408785, 36.432521340619751 ], [ 127.425144511332689, 36.43262185103319 ], [ 127.425238883843562, 36.43273753981105 ], [ 127.425305054068644, 36.432793906478807 ], [ 127.425308931932349, 36.432865147019349 ], [ 127.425335275402944, 36.432902505496337 ], [ 127.425424952802217, 36.432956535758123 ], [ 127.425667613831152, 36.433071985943499 ], [ 127.425717958033275, 36.433101373960859 ], [ 127.425865421080502, 36.433172942290916 ], [ 127.425952105592444, 36.433219944772119 ], [ 127.425948966727574, 36.433251775702061 ], [ 127.426020972155669, 36.43329207165646 ], [ 127.426078704766951, 36.433332697681912 ], [ 127.426350731347739, 36.433560677347572 ], [ 127.426591671017775, 36.434030672991518 ], [ 127.426667920935913, 36.434176280373038 ], [ 127.426705533861835, 36.434236974351201 ], [ 127.426832758089361, 36.434463783327068 ], [ 127.426887353286574, 36.434568906737809 ], [ 127.426930253855858, 36.434703368323433 ], [ 127.427057464339583, 36.435086743644391 ], [ 127.427012308638538, 36.435178714193121 ], [ 127.426939002317781, 36.435219248023827 ], [ 127.426692529682924, 36.435269401174196 ], [ 127.42666500576118, 36.435271472721581 ], [ 127.426447526331685, 36.435269994109916 ], [ 127.426382613251405, 36.435221788091972 ], [ 127.426304647668616, 36.435111394760938 ], [ 127.426115264477318, 36.435055187591722 ], [ 127.426089276204351, 36.435050485875301 ], [ 127.425531551967708, 36.434934470848042 ], [ 127.425441450677909, 36.434899312370128 ], [ 127.425392744813834, 36.434884282832982 ], [ 127.425348708360815, 36.434862469029355 ], [ 127.425097443431426, 36.434671018370068 ], [ 127.42494733087166, 36.434463158894872 ], [ 127.424566475734778, 36.434540260119412 ], [ 127.423762458903795, 36.434699970433989 ], [ 127.422097778507478, 36.435018429941955 ], [ 127.422224961283391, 36.435400972484615 ], [ 127.422328811928423, 36.435721084026532 ], [ 127.422406350683616, 36.435947505088826 ], [ 127.422723911592357, 36.436893723557397 ], [ 127.423150798985333, 36.438173829017764 ], [ 127.423486338564018, 36.439186721006159 ], [ 127.4264713549899, 36.438906354295568 ], [ 127.426863597247376, 36.438868622888471 ], [ 127.426629182689396, 36.438256673255019 ], [ 127.426451220291099, 36.437803071191986 ], [ 127.426664436790645, 36.437915235671504 ], [ 127.426717254444284, 36.437918994618535 ], [ 127.426919474015108, 36.438539782011141 ], [ 127.427205747425958, 36.439393731186932 ], [ 127.427443813895849, 36.440162241951747 ], [ 127.427868617297221, 36.440183542774804 ], [ 127.428102885123934, 36.440223816506069 ], [ 127.428219391695706, 36.440368711133615 ], [ 127.428285210000553, 36.440550680082055 ], [ 127.428391619260552, 36.440792484622456 ], [ 127.428655535914572, 36.441378416756507 ], [ 127.428693918984948, 36.441735361412469 ], [ 127.428703875272817, 36.441962587626108 ] ] ] ] } },
{ "type": "Feature", "properties": { "EMD_CD": "30230118", "EMD_ENG_NM": "Jang-dong", "EMD_KOR_NM": "장동" }, "geometry": { "type": "MultiPolygon", "coordinates": [ [ [ [ 127.439562620678075, 36.425328482992079 ], [ 127.439642109102309, 36.425335229364315 ], [ 127.440198707310046, 36.425011869702281 ], [ 127.440724412699481, 36.424989381704023 ], [ 127.441176421326176, 36.424626688251692 ], [ 127.441838245257387, 36.42433419451293 ], [ 127.443008743874287, 36.42445997202779 ], [ 127.443106080030489, 36.424633363845558 ], [ 127.443456178304658, 36.424707260923647 ], [ 127.443878939831848, 36.424996038610644 ], [ 127.444192799694449, 36.425099346305764 ], [ 127.444377642004113, 36.425127669039803 ], [ 127.44449446157229, 36.425202707439013 ], [ 127.444584956245052, 36.425154502297694 ], [ 127.444666726925661, 36.425195877261963 ], [ 127.444866917416107, 36.42510135987272 ], [ 127.444896755964166, 36.42507955826666 ], [ 127.445142883742065, 36.424945164921233 ], [ 127.445453689423346, 36.424819253790254 ], [ 127.445525580357085, 36.424807722031233 ], [ 127.44582095541071, 36.424754806831508 ], [ 127.445914792210033, 36.424741508011955 ], [ 127.446205203896682, 36.424706065712947 ], [ 127.44679813510858, 36.424617399109188 ], [ 127.446903729875061, 36.424589411890722 ], [ 127.447135368793951, 36.424359591089825 ], [ 127.447663506642371, 36.423849313185599 ], [ 127.44796974878976, 36.423687366347394 ], [ 127.448493493722239, 36.423081632769026 ], [ 127.448607814290767, 36.423024044470864 ], [ 127.448722258445997, 36.42296081436745 ], [ 127.448877056075943, 36.422883915638231 ], [ 127.449346151382954, 36.42271319052643 ], [ 127.449546665154031, 36.422376199191667 ], [ 127.449949899632074, 36.422055901716256 ], [ 127.450037106651692, 36.421982075923893 ], [ 127.450209678106447, 36.421876668230325 ], [ 127.450279114138112, 36.421832475951682 ], [ 127.450297184756224, 36.421792982479779 ], [ 127.450484377784875, 36.42168441945676 ], [ 127.450604771405423, 36.421624823866651 ], [ 127.450687049560628, 36.421572418579878 ], [ 127.451708064869393, 36.421069279128652 ], [ 127.452381416574582, 36.420613060706373 ], [ 127.454056927761357, 36.419472392641282 ], [ 127.454858115532204, 36.419134231716264 ], [ 127.454837935289916, 36.419109526547707 ], [ 127.454721784816755, 36.418729517494562 ], [ 127.454462506772714, 36.418392288485485 ], [ 127.454482626679223, 36.418135941445932 ], [ 127.454493784297654, 36.417956794376302 ], [ 127.453887531908293, 36.416970632619005 ], [ 127.453843733429991, 36.416747203674639 ], [ 127.453688806705415, 36.416589241022962 ], [ 127.453442628794193, 36.415805319944653 ], [ 127.453396865302238, 36.415663849381723 ], [ 127.453093972923838, 36.415434073896385 ], [ 127.45301644229437, 36.415132191300074 ], [ 127.453000996233257, 36.415050586904329 ], [ 127.452979390757434, 36.414991246333969 ], [ 127.452962247200418, 36.414887957512477 ], [ 127.452917015715158, 36.414809277312628 ], [ 127.452397810784959, 36.415251399746445 ], [ 127.452314056282077, 36.414956307861203 ], [ 127.452219417961246, 36.414768828035207 ], [ 127.452021856999252, 36.414524855463981 ], [ 127.451863458034708, 36.414337615869698 ], [ 127.451865467062021, 36.414233695924601 ], [ 127.45184734461769, 36.413807967753698 ], [ 127.451848680505591, 36.413709114838809 ], [ 127.451838867111846, 36.413457675054161 ], [ 127.451933410429078, 36.413387758195213 ], [ 127.452023235695563, 36.413315606168922 ], [ 127.452073728703638, 36.413282469375211 ], [ 127.452161855186432, 36.413217370699613 ], [ 127.452250637988527, 36.4131153761234 ], [ 127.45228632006949, 36.4130814480556 ], [ 127.452353971417281, 36.41300007954186 ], [ 127.452479806284956, 36.412769530056501 ], [ 127.452503397758647, 36.412721292153492 ], [ 127.452454931131072, 36.412292857950469 ], [ 127.452458452240108, 36.411636694265894 ], [ 127.452529629066788, 36.411293697431461 ], [ 127.452814520558306, 36.411003124410442 ], [ 127.452876419664832, 36.410955021002948 ], [ 127.45292821812204, 36.410993683102006 ], [ 127.452960558493714, 36.410954702954001 ], [ 127.452989590520303, 36.410852645297673 ], [ 127.453703948441472, 36.410815022594321 ], [ 127.453734803589086, 36.410217889169672 ], [ 127.453683399057496, 36.41021639865626 ], [ 127.453691683908133, 36.410022330124306 ], [ 127.45337666050348, 36.409859908438051 ], [ 127.453428264289258, 36.409385758520074 ], [ 127.453440952896543, 36.409351358386488 ], [ 127.453502269506856, 36.408808458391974 ], [ 127.453395885690767, 36.408726909739002 ], [ 127.453402939971568, 36.408532007756833 ], [ 127.453255158137722, 36.408461321366694 ], [ 127.453261890053042, 36.40833006935398 ], [ 127.453269807113372, 36.408284134443974 ], [ 127.453280680117857, 36.408084432861543 ], [ 127.453350789602439, 36.407918291557678 ], [ 127.453448889851046, 36.407713195383572 ], [ 127.453402970779862, 36.407574816175142 ], [ 127.453397166713316, 36.407535124123378 ], [ 127.453380332879902, 36.407487038970849 ], [ 127.453560476699849, 36.40709970653036 ], [ 127.453689782222554, 36.406839287092708 ], [ 127.453718762387226, 36.406759478976007 ], [ 127.453764834694468, 36.406593437426636 ], [ 127.453792008935523, 36.406504056821895 ], [ 127.45395032842022, 36.406348854513631 ], [ 127.453997909939361, 36.406295172506788 ], [ 127.454269862811302, 36.406030553153897 ], [ 127.45429443889428, 36.405973858259827 ], [ 127.454369634213762, 36.405904850850781 ], [ 127.454394381523088, 36.405875757749051 ], [ 127.454403325738681, 36.405857132945286 ], [ 127.454520525838944, 36.405732220518125 ], [ 127.454626715133983, 36.405600302697408 ], [ 127.454926403808813, 36.405344029457389 ], [ 127.455055577096914, 36.405242438064398 ], [ 127.455053317569067, 36.405183583013951 ], [ 127.455131642805739, 36.404843945518721 ], [ 127.455516736624475, 36.404747581243214 ], [ 127.456261372375735, 36.404147731017396 ], [ 127.456339239044937, 36.404028878149624 ], [ 127.457616281834802, 36.403089615090842 ], [ 127.45766917959277, 36.402483384216076 ], [ 127.457600560301742, 36.402396630452465 ], [ 127.457579972187432, 36.402360662746986 ], [ 127.457060527290281, 36.401788156848596 ], [ 127.456918108474966, 36.40167971391373 ], [ 127.456352850152612, 36.401283952507022 ], [ 127.455944665573028, 36.401148647415518 ], [ 127.455793685259934, 36.400078248957591 ], [ 127.455705792358913, 36.400119135379697 ], [ 127.45570543531494, 36.400117163200186 ], [ 127.455441037390855, 36.400237004184945 ], [ 127.455352735018408, 36.400268880317647 ], [ 127.45536310572848, 36.399715475435002 ], [ 127.4552334209924, 36.399010252744155 ], [ 127.455443084092167, 36.398883014469682 ], [ 127.455420639096303, 36.398437305508992 ], [ 127.455040187484656, 36.397589129139234 ], [ 127.455020712819817, 36.397354901740052 ], [ 127.454998457045349, 36.39733076309016 ], [ 127.454970301174455, 36.397190910977862 ], [ 127.454980330954641, 36.396877720110552 ], [ 127.454764470421154, 36.396387966455464 ], [ 127.454748312623067, 36.396335084668344 ], [ 127.454649866524406, 36.396178043715203 ], [ 127.454178363125592, 36.394431582428716 ], [ 127.45417969758968, 36.393879328767106 ], [ 127.454203723993217, 36.393668880016172 ], [ 127.45425965959214, 36.392531512572397 ], [ 127.454089307283482, 36.391415566995761 ], [ 127.454326685284599, 36.390965772484492 ], [ 127.454311778079656, 36.390797708577651 ], [ 127.454308374295024, 36.390691267441404 ], [ 127.454305026124786, 36.390594414435732 ], [ 127.454303631573893, 36.390563437838011 ], [ 127.454097360365395, 36.390282048338179 ], [ 127.454109308160781, 36.390268476652416 ], [ 127.454102105061637, 36.390258374905947 ], [ 127.454109831098762, 36.390239475337061 ], [ 127.454621101203884, 36.389660515065373 ], [ 127.454948910117338, 36.389280216055951 ], [ 127.455193672792717, 36.388994574062139 ], [ 127.455188612143544, 36.388990655212915 ], [ 127.455289429566079, 36.388868615606157 ], [ 127.454833149007371, 36.388448776316991 ], [ 127.454692965421486, 36.388090808611913 ], [ 127.454777827099875, 36.387768042385282 ], [ 127.45481360280013, 36.387541210681235 ], [ 127.454851119788117, 36.387165113122286 ], [ 127.454823746678386, 36.38688867784888 ], [ 127.454747532382285, 36.38675012523877 ], [ 127.454219756943672, 36.386008948409859 ], [ 127.453673926450961, 36.38557789990255 ], [ 127.453339341419039, 36.38517842870688 ], [ 127.453082909554126, 36.384258528972602 ], [ 127.453063967156865, 36.38411469416215 ], [ 127.453116715035023, 36.383962144452518 ], [ 127.453330613866825, 36.383550460167307 ], [ 127.453280184630515, 36.383531501224624 ], [ 127.453215655507819, 36.383363903978008 ], [ 127.453215531724041, 36.383342501866842 ], [ 127.453125871465346, 36.383136420880447 ], [ 127.453108818992206, 36.383078468586206 ], [ 127.452846366814612, 36.382773633390713 ], [ 127.452709086458128, 36.382702617812704 ], [ 127.452628843529965, 36.382376538248955 ], [ 127.452394737866683, 36.382033286585227 ], [ 127.452149967331081, 36.381894530192191 ], [ 127.45181713160423, 36.381763422731275 ], [ 127.451243901588697, 36.381132236858271 ], [ 127.451290717076375, 36.381096861222879 ], [ 127.451310985221525, 36.381078761674146 ], [ 127.451507482472607, 36.380940594471646 ], [ 127.451519803680839, 36.380781159591855 ], [ 127.451522363978043, 36.380622031826377 ], [ 127.451533110688104, 36.380493017076645 ], [ 127.451206350263803, 36.380448063071952 ], [ 127.449532259062934, 36.381302283562299 ], [ 127.447519441046694, 36.382250123846084 ], [ 127.447299783045025, 36.382419073501566 ], [ 127.447267962659197, 36.382489032269717 ], [ 127.447047035424418, 36.382894811447777 ], [ 127.446219545235635, 36.382897894931496 ], [ 127.445712584160859, 36.383073813514038 ], [ 127.445672875681126, 36.383073961167717 ], [ 127.445394690001763, 36.38311949457254 ], [ 127.444901148166835, 36.383207784969649 ], [ 127.444376478140683, 36.383209731298571 ], [ 127.443547133831984, 36.382883879159579 ], [ 127.443144429686456, 36.382807922842403 ], [ 127.442885867066025, 36.383060077310176 ], [ 127.442720805074345, 36.383370740763155 ], [ 127.442468986201533, 36.383461786771036 ], [ 127.441456804446773, 36.383818666136257 ], [ 127.440508377546891, 36.38383905221896 ], [ 127.440210057988722, 36.383898444338179 ], [ 127.439700099047386, 36.384008455509417 ], [ 127.439608656547179, 36.384100312888258 ], [ 127.439284949383548, 36.384414653318444 ], [ 127.439134402201702, 36.384554037908686 ], [ 127.438961061299395, 36.384728993525464 ], [ 127.439033260347969, 36.385119040172249 ], [ 127.439444828521701, 36.385565859793836 ], [ 127.439146634364675, 36.385804075268545 ], [ 127.43918865110308, 36.385937121982963 ], [ 127.439438196706618, 36.38665093640067 ], [ 127.439262413107414, 36.386949531666502 ], [ 127.439214025768024, 36.387233007023362 ], [ 127.439127028830754, 36.38765152762376 ], [ 127.439099378705023, 36.3878129908245 ], [ 127.43888554651555, 36.387973450722058 ], [ 127.438899429051446, 36.3881815050065 ], [ 127.438914671463735, 36.388602462593603 ], [ 127.438759967799825, 36.388685827674067 ], [ 127.438732153985015, 36.388850102986545 ], [ 127.438654555195853, 36.389204092657856 ], [ 127.438586025204671, 36.389499761993299 ], [ 127.43857880174393, 36.389547378728594 ], [ 127.438035994188496, 36.389957138973713 ], [ 127.438041830652921, 36.390068068558143 ], [ 127.438045099298009, 36.390248009403003 ], [ 127.43805822710452, 36.390353289090271 ], [ 127.438053571254457, 36.390455524766374 ], [ 127.438016274541383, 36.39060464095833 ], [ 127.43798894254941, 36.390670074988719 ], [ 127.437935791087313, 36.390850221978788 ], [ 127.43748193510659, 36.391223319812397 ], [ 127.437516320746099, 36.391486783771782 ], [ 127.43767813125649, 36.391708671517719 ], [ 127.437858103227924, 36.391969062356203 ], [ 127.43769219716232, 36.392325067993468 ], [ 127.437498967581135, 36.392746498240093 ], [ 127.437436512207086, 36.393163233502861 ], [ 127.437432220136557, 36.393175081402624 ], [ 127.437195749150021, 36.393838008644899 ], [ 127.437293245550094, 36.394360893601956 ], [ 127.437288223872429, 36.394397805419956 ], [ 127.437277813613576, 36.39443585433613 ], [ 127.437247453683341, 36.394706033773183 ], [ 127.437195526719407, 36.395108365880596 ], [ 127.437182352808335, 36.395244435029497 ], [ 127.437100906727053, 36.395318798431688 ], [ 127.436992196124734, 36.395437192739571 ], [ 127.436836774580044, 36.395582503636042 ], [ 127.4366347941626, 36.395780089025251 ], [ 127.436511091850662, 36.39589684332509 ], [ 127.436480655434195, 36.395935812189514 ], [ 127.436318886568529, 36.396098619012406 ], [ 127.436256493221634, 36.396151789282541 ], [ 127.436132858534364, 36.396282898417901 ], [ 127.435754518168068, 36.396650379784091 ], [ 127.435776417684252, 36.397142558709028 ], [ 127.435804917625603, 36.397883370579244 ], [ 127.435776965035885, 36.398210710318558 ], [ 127.435756711574996, 36.398485358276027 ], [ 127.435738107254565, 36.3986777604024 ], [ 127.435713544726639, 36.399053525082387 ], [ 127.435654487274292, 36.39911372094798 ], [ 127.435179101615162, 36.399635020541716 ], [ 127.435142323372759, 36.399692602993348 ], [ 127.435083316609095, 36.399794197651872 ], [ 127.435019938666983, 36.399893555247836 ], [ 127.434914881101108, 36.400075294858844 ], [ 127.434894041236731, 36.400148589680228 ], [ 127.434850953841732, 36.400262517391347 ], [ 127.434851100834351, 36.400288992919293 ], [ 127.434828141725305, 36.400358068979024 ], [ 127.434817792084985, 36.400407390931981 ], [ 127.434796839486111, 36.400460410057427 ], [ 127.434771964391757, 36.400561880720844 ], [ 127.434659376182253, 36.400955699194476 ], [ 127.434597133912263, 36.401039002786575 ], [ 127.434294026471875, 36.401409576822722 ], [ 127.434065969541464, 36.401683003670641 ], [ 127.434049702130537, 36.402362311259026 ], [ 127.434046719061584, 36.402421456119328 ], [ 127.434042719806186, 36.40245413761847 ], [ 127.434038170348785, 36.402606792410431 ], [ 127.434029895116311, 36.402654412587225 ], [ 127.434006694300535, 36.402680125570292 ], [ 127.43398474726996, 36.402742997805625 ], [ 127.433849509081966, 36.403074104656255 ], [ 127.433809740345538, 36.403189993469589 ], [ 127.433773020016858, 36.403260524917499 ], [ 127.433555522137226, 36.403521521574682 ], [ 127.433509975386926, 36.403568438460226 ], [ 127.433298055557671, 36.403832505437833 ], [ 127.433260312607615, 36.404379257791938 ], [ 127.433314245500711, 36.40458660867489 ], [ 127.433417674522204, 36.405021323100172 ], [ 127.433299834081993, 36.405256050465802 ], [ 127.433107749343193, 36.405390512791186 ], [ 127.433053929926373, 36.405548410037071 ], [ 127.432942762871065, 36.405889557770138 ], [ 127.432932143622068, 36.405952965601841 ], [ 127.432863894736073, 36.406148646382377 ], [ 127.43299577742296, 36.406309819769753 ], [ 127.433093504100185, 36.406437034632653 ], [ 127.433336256594018, 36.406769306371196 ], [ 127.433547604172304, 36.407030724988644 ], [ 127.433618267565052, 36.407271240814438 ], [ 127.433668677672784, 36.407504233115866 ], [ 127.433408246965755, 36.407912390655078 ], [ 127.433238385825518, 36.408538462701216 ], [ 127.433060799052171, 36.409090505197234 ], [ 127.432876386860187, 36.409416705797788 ], [ 127.432653106061466, 36.409990594526782 ], [ 127.432336943748112, 36.410403456586927 ], [ 127.432336013500631, 36.410392474828249 ], [ 127.43223693277865, 36.410557861282008 ], [ 127.432222167372103, 36.411322483863373 ], [ 127.432403889260826, 36.411579784698716 ], [ 127.432275781741254, 36.411819053669497 ], [ 127.432056233939591, 36.412220860584505 ], [ 127.432163161209331, 36.412876634885301 ], [ 127.432105338506148, 36.413164934441596 ], [ 127.432557511246344, 36.413151750278807 ], [ 127.432802790567877, 36.413151144016204 ], [ 127.432856174008464, 36.413260216540657 ], [ 127.432997194641601, 36.413527242684815 ], [ 127.433202337776862, 36.41408071302714 ], [ 127.433202526321296, 36.41411478510318 ], [ 127.433035638118682, 36.414398126398488 ], [ 127.433191757494953, 36.414781959757477 ], [ 127.4332726786905, 36.415017382882603 ], [ 127.43364056427373, 36.416015210058575 ], [ 127.433256010916054, 36.416445777079019 ], [ 127.433579981582795, 36.416968114362575 ], [ 127.434335344672917, 36.417086755620616 ], [ 127.434553465412861, 36.417401658047723 ], [ 127.435143613120758, 36.418011176513282 ], [ 127.435146215058779, 36.418166328213275 ], [ 127.434913693632893, 36.418270526043166 ], [ 127.434428667151892, 36.419274254430633 ], [ 127.434559410346338, 36.419412333150319 ], [ 127.434593360451714, 36.419440091801157 ], [ 127.434797953451593, 36.419638730440923 ], [ 127.434847726018205, 36.419692619207616 ], [ 127.435025322953834, 36.419860662027297 ], [ 127.435270124436599, 36.420115196762801 ], [ 127.435294638372824, 36.420200438201775 ], [ 127.435526724755093, 36.4207985753849 ], [ 127.436047847637525, 36.42120924738532 ], [ 127.436217031621325, 36.421211163823862 ], [ 127.436904430353053, 36.421413104586826 ], [ 127.437091373031947, 36.421538025911076 ], [ 127.437249365905899, 36.421658258436942 ], [ 127.437591708744478, 36.421903979459572 ], [ 127.437575469366763, 36.422489510759682 ], [ 127.437575233235791, 36.422666642819308 ], [ 127.437588433224334, 36.42272206976596 ], [ 127.437750771168609, 36.423026463949789 ], [ 127.438111176441879, 36.423260573605553 ], [ 127.438142596922418, 36.423395632071404 ], [ 127.438620755828993, 36.423782794336688 ], [ 127.438981136956826, 36.423981693257126 ], [ 127.438939308622466, 36.424072809148718 ], [ 127.438681643797864, 36.424728496404363 ], [ 127.438966060052181, 36.424927682448285 ], [ 127.439562620678075, 36.425328482992079 ] ] ] ] } },
{ "type": "Feature", "properties": { "EMD_CD": "30230119", "EMD_ENG_NM": "Yongho-dong", "EMD_KOR_NM": "용호동" }, "geometry": { "type": "MultiPolygon", "coordinates": [ [ [ [ 127.453961089986109, 36.450032274625634 ], [ 127.454718633354503, 36.449147966892646 ], [ 127.454863287754989, 36.448968593149793 ], [ 127.454930775745652, 36.448856251627021 ], [ 127.455003551990217, 36.448723055356794 ], [ 127.455153651992745, 36.448460033723947 ], [ 127.455221083349528, 36.44833811300672 ], [ 127.455280329451753, 36.448275933652951 ], [ 127.455336582312, 36.448209268903902 ], [ 127.455452441366347, 36.44808294654225 ], [ 127.455539963224268, 36.447997842376125 ], [ 127.455624588164468, 36.447894176435639 ], [ 127.455652600404804, 36.447856609005036 ], [ 127.455942963459492, 36.447678373667912 ], [ 127.456517821086763, 36.446913584473656 ], [ 127.456841286832784, 36.446884757841964 ], [ 127.457068451218845, 36.446867841633832 ], [ 127.457096807194986, 36.446858721902075 ], [ 127.45709743539804, 36.446489247382154 ], [ 127.457090328228844, 36.445809743121089 ], [ 127.457438240828992, 36.445581162419764 ], [ 127.457923009207164, 36.445626899780265 ], [ 127.458208605943369, 36.445410378186075 ], [ 127.458522497375668, 36.444969297731383 ], [ 127.459045109841014, 36.444515872890392 ], [ 127.459076071223478, 36.444475770116057 ], [ 127.459382491245279, 36.444454030940477 ], [ 127.459747439937729, 36.444218898873061 ], [ 127.459865406779116, 36.444007522398159 ], [ 127.45993563974848, 36.443859409744753 ], [ 127.460281013916742, 36.443704598776939 ], [ 127.460298067970456, 36.443672434207485 ], [ 127.460444229935433, 36.443455595944641 ], [ 127.460147402497427, 36.442796354530358 ], [ 127.460011878741767, 36.442423185397494 ], [ 127.459996555958028, 36.442395083245415 ], [ 127.459942451866681, 36.442351639219225 ], [ 127.459910873972191, 36.44231515568157 ], [ 127.459764614046321, 36.442188988193855 ], [ 127.459700791830741, 36.441976056623162 ], [ 127.459844031167691, 36.441706287566014 ], [ 127.459803024395995, 36.441490727185844 ], [ 127.459625938629856, 36.440833286370676 ], [ 127.459095021685016, 36.440490631771375 ], [ 127.459057992906835, 36.440477256410034 ], [ 127.459003642398756, 36.440420016239777 ], [ 127.458940931048929, 36.440365340318493 ], [ 127.458789724973428, 36.44022596161259 ], [ 127.458661140969113, 36.440111836492235 ], [ 127.458675805900938, 36.439225559913133 ], [ 127.458212820199776, 36.43851851233061 ], [ 127.458143118045214, 36.438161138468111 ], [ 127.457019395351395, 36.437223726549327 ], [ 127.456801101234007, 36.436606422348348 ], [ 127.456761063747805, 36.436524344811879 ], [ 127.456572443747845, 36.436182905100019 ], [ 127.456583568557946, 36.43611894390412 ], [ 127.456615767037789, 36.435962525165863 ], [ 127.456657363450248, 36.435744395663512 ], [ 127.456402061449978, 36.435442355923428 ], [ 127.456270677003502, 36.434876824049113 ], [ 127.455862598782588, 36.434522142815958 ], [ 127.455768528284779, 36.434437729277185 ], [ 127.455742764490054, 36.434412486867892 ], [ 127.454713944684016, 36.43356790661727 ], [ 127.455605835626457, 36.433131396225328 ], [ 127.456719711496405, 36.432485361860394 ], [ 127.45731107402888, 36.432002114895901 ], [ 127.457361378207523, 36.431963623806425 ], [ 127.457963708245458, 36.430943586476758 ], [ 127.458527411466719, 36.430738949788385 ], [ 127.458775827273897, 36.430489901963476 ], [ 127.46079094599439, 36.429923731234396 ], [ 127.461006181430491, 36.429755063167569 ], [ 127.461053638598941, 36.429440323718609 ], [ 127.460625029264548, 36.429267932761192 ], [ 127.460458414221179, 36.42920155450917 ], [ 127.46018106810368, 36.428883548664743 ], [ 127.460042011720873, 36.428644997583312 ], [ 127.460052064135596, 36.4285756872587 ], [ 127.460104831446287, 36.428334705213942 ], [ 127.46003403326803, 36.428236417890361 ], [ 127.459484592053599, 36.427573357666056 ], [ 127.459086213983966, 36.427174439099325 ], [ 127.458984573122351, 36.426690169703008 ], [ 127.458725777080275, 36.42614427735186 ], [ 127.458755577549852, 36.425909295315726 ], [ 127.458447259667793, 36.425625206122362 ], [ 127.457975855599983, 36.425309631556445 ], [ 127.457316425215538, 36.424512664209367 ], [ 127.457507381754823, 36.424243553150028 ], [ 127.457258781154536, 36.423950779863951 ], [ 127.457069080143256, 36.42395573020346 ], [ 127.456909393239656, 36.423761464591941 ], [ 127.457047980829188, 36.423476234039654 ], [ 127.457183905517368, 36.423181992916241 ], [ 127.45697807114901, 36.423079983496422 ], [ 127.456962156431388, 36.423010772410429 ], [ 127.456913556729404, 36.422862825901596 ], [ 127.456704189892918, 36.422306322845522 ], [ 127.456660058056585, 36.422178635173417 ], [ 127.45663850859637, 36.422156467791567 ], [ 127.456312403644588, 36.421956085865197 ], [ 127.456214036730543, 36.421728918781341 ], [ 127.455998128782483, 36.421213829332466 ], [ 127.455863841952734, 36.421159703333473 ], [ 127.45555927326042, 36.420618195052747 ], [ 127.455446839793112, 36.420337579155955 ], [ 127.455452177187595, 36.420267998667128 ], [ 127.455107543387996, 36.419784369470179 ], [ 127.455055712995048, 36.419708815203748 ], [ 127.455068184855563, 36.41948742597166 ], [ 127.454858115532204, 36.419134231716264 ], [ 127.454056927761357, 36.419472392641282 ], [ 127.452381416574582, 36.420613060706373 ], [ 127.451708064869393, 36.421069279128652 ], [ 127.450687049560628, 36.421572418579878 ], [ 127.450604771405423, 36.421624823866651 ], [ 127.450484377784875, 36.42168441945676 ], [ 127.450297184756224, 36.421792982479779 ], [ 127.450279114138112, 36.421832475951682 ], [ 127.450209678106447, 36.421876668230325 ], [ 127.450037106651692, 36.421982075923893 ], [ 127.449949899632074, 36.422055901716256 ], [ 127.449546665154031, 36.422376199191667 ], [ 127.449346151382954, 36.42271319052643 ], [ 127.448877056075943, 36.422883915638231 ], [ 127.448722258445997, 36.42296081436745 ], [ 127.448607814290767, 36.423024044470864 ], [ 127.448493493722239, 36.423081632769026 ], [ 127.44796974878976, 36.423687366347394 ], [ 127.447663506642371, 36.423849313185599 ], [ 127.447135368793951, 36.424359591089825 ], [ 127.446903729875061, 36.424589411890722 ], [ 127.44679813510858, 36.424617399109188 ], [ 127.446205203896682, 36.424706065712947 ], [ 127.445914792210033, 36.424741508011955 ], [ 127.44582095541071, 36.424754806831508 ], [ 127.445525580357085, 36.424807722031233 ], [ 127.445453689423346, 36.424819253790254 ], [ 127.445142883742065, 36.424945164921233 ], [ 127.444896755964166, 36.42507955826666 ], [ 127.444866917416107, 36.42510135987272 ], [ 127.444666726925661, 36.425195877261963 ], [ 127.444584956245052, 36.425154502297694 ], [ 127.44449446157229, 36.425202707439013 ], [ 127.444377642004113, 36.425127669039803 ], [ 127.444192799694449, 36.425099346305764 ], [ 127.443878939831848, 36.424996038610644 ], [ 127.443456178304658, 36.424707260923647 ], [ 127.443106080030489, 36.424633363845558 ], [ 127.443008743874287, 36.42445997202779 ], [ 127.441838245257387, 36.42433419451293 ], [ 127.441176421326176, 36.424626688251692 ], [ 127.440724412699481, 36.424989381704023 ], [ 127.440198707310046, 36.425011869702281 ], [ 127.439642109102309, 36.425335229364315 ], [ 127.439562620678075, 36.425328482992079 ], [ 127.439530999258125, 36.425438143446854 ], [ 127.439458537378485, 36.425783101170254 ], [ 127.439661141851786, 36.425963994723283 ], [ 127.439793353869533, 36.426359738432545 ], [ 127.439917760255938, 36.426701720674671 ], [ 127.439793097536139, 36.426841857394869 ], [ 127.439804221234496, 36.427023453389864 ], [ 127.439817900333324, 36.427379927162661 ], [ 127.439885452878386, 36.42743318073456 ], [ 127.439958403370511, 36.427700727133292 ], [ 127.439989458018317, 36.428017702494905 ], [ 127.43999002788189, 36.428366906950004 ], [ 127.440913980152786, 36.429349139239832 ], [ 127.440790919136262, 36.43005306044563 ], [ 127.441966946615111, 36.429845688622713 ], [ 127.442463836786388, 36.429991139224782 ], [ 127.443775336172365, 36.430076115408838 ], [ 127.443487099714957, 36.430746857680106 ], [ 127.443529284840679, 36.431057311406967 ], [ 127.443578496002345, 36.431377606726869 ], [ 127.443974572189802, 36.431595228173755 ], [ 127.444053123976687, 36.431834590000136 ], [ 127.444166398257138, 36.432173229350511 ], [ 127.443881211365863, 36.432460402816425 ], [ 127.443977990539949, 36.432871484122849 ], [ 127.444104175603059, 36.432999142494104 ], [ 127.444143938959186, 36.433035608969703 ], [ 127.444175251801241, 36.433119687697427 ], [ 127.444177097657871, 36.433167838525101 ], [ 127.444184112328372, 36.433175697614189 ], [ 127.444234701824413, 36.433247043634836 ], [ 127.444237154071459, 36.433341087985305 ], [ 127.444239794510423, 36.433806019571563 ], [ 127.444731855987754, 36.434322916052274 ], [ 127.445091765283934, 36.434733298521294 ], [ 127.444834690983456, 36.435154416320771 ], [ 127.444802329357671, 36.435162700937738 ], [ 127.44440944584926, 36.435265259518168 ], [ 127.443760293559649, 36.435012531298803 ], [ 127.443670182930589, 36.435008638650899 ], [ 127.443380134481302, 36.435022662087462 ], [ 127.442742086953047, 36.435314238167969 ], [ 127.44212680268798, 36.435593056608539 ], [ 127.442029359172395, 36.43592768114592 ], [ 127.441980670349409, 36.436129493925201 ], [ 127.441662550793765, 36.436545197860298 ], [ 127.441638572772433, 36.43717328215493 ], [ 127.441803946218059, 36.437452029953079 ], [ 127.441822195942692, 36.437506031854177 ], [ 127.441946331537181, 36.437854491552301 ], [ 127.441665257028063, 36.437948734464534 ], [ 127.441569124594167, 36.438022586924731 ], [ 127.441427830277618, 36.438119422935877 ], [ 127.44143339298455, 36.438180230290605 ], [ 127.441528894207252, 36.439199587353166 ], [ 127.440969333554008, 36.439663210114951 ], [ 127.44083312294174, 36.439675255215519 ], [ 127.440714450641863, 36.439767501351206 ], [ 127.440626676555752, 36.43983879004881 ], [ 127.440751439012502, 36.440302704285145 ], [ 127.440448456952581, 36.440560647288983 ], [ 127.439995518187459, 36.440929531647953 ], [ 127.440190960979464, 36.441255481579432 ], [ 127.440313789822312, 36.441280938310129 ], [ 127.440370851202175, 36.442437862888077 ], [ 127.440465189205113, 36.442572968315012 ], [ 127.44049449099829, 36.442606942165234 ], [ 127.440362603441741, 36.44270626550707 ], [ 127.439763887250294, 36.442970087633029 ], [ 127.439715538903698, 36.442988288170937 ], [ 127.439680279571817, 36.443009540612827 ], [ 127.439619037971013, 36.443027779423403 ], [ 127.43960321657508, 36.44306445131997 ], [ 127.439334330448972, 36.443471803562652 ], [ 127.439438159730386, 36.443557311574757 ], [ 127.439632721858189, 36.443725843149075 ], [ 127.439661667890348, 36.443728269150355 ], [ 127.439772123494095, 36.443752366031397 ], [ 127.440031094186025, 36.443876449925739 ], [ 127.440120035669267, 36.443886828866049 ], [ 127.440188993106815, 36.443909663013805 ], [ 127.441555089130091, 36.444455185235469 ], [ 127.441715918149299, 36.444696776984443 ], [ 127.441976174655309, 36.44507880673256 ], [ 127.442404991690566, 36.445001752227881 ], [ 127.442714344185305, 36.444943160823122 ], [ 127.443209253954038, 36.444566505351162 ], [ 127.444915583084935, 36.445115803066798 ], [ 127.445737003378412, 36.444818459904347 ], [ 127.446060852516979, 36.445041415948104 ], [ 127.446146711173498, 36.44518162184908 ], [ 127.44676395690928, 36.445356451660338 ], [ 127.447165552169835, 36.445610375626352 ], [ 127.447236885197981, 36.445650102428715 ], [ 127.447337015538608, 36.445668030913303 ], [ 127.447404836210168, 36.445672842079674 ], [ 127.447461186543322, 36.445682769543886 ], [ 127.446715744644266, 36.446649784593376 ], [ 127.446811545474418, 36.44703607548432 ], [ 127.446840420732684, 36.447057090765441 ], [ 127.447077368553266, 36.447256433498652 ], [ 127.447166706573626, 36.44754982141265 ], [ 127.447074391985879, 36.448261228776246 ], [ 127.447060538789543, 36.448368571597477 ], [ 127.447071031856694, 36.448373885272574 ], [ 127.447296345647317, 36.448519760555421 ], [ 127.447004768231935, 36.448520849082215 ], [ 127.447005017543304, 36.448533238986371 ], [ 127.447012347616592, 36.448564751936267 ], [ 127.447052999395908, 36.448725681059791 ], [ 127.447060199379422, 36.448765647292895 ], [ 127.447100151722026, 36.448925164197036 ], [ 127.447114678659304, 36.448996075653078 ], [ 127.447161826520343, 36.449194720701655 ], [ 127.447214998361574, 36.449196495702218 ], [ 127.449793083416395, 36.449233305174083 ], [ 127.451330581885287, 36.449253150096979 ], [ 127.451606959292945, 36.449337149960087 ], [ 127.451777888470815, 36.449389168614843 ], [ 127.452213982178378, 36.449514810476771 ], [ 127.452554939650739, 36.449613207991099 ], [ 127.452577999650799, 36.44962157365412 ], [ 127.452893820618172, 36.449715000707862 ], [ 127.453455144471718, 36.44988409552596 ], [ 127.453502802141102, 36.449898558786053 ], [ 127.453563204775335, 36.44991607372237 ], [ 127.453961089986109, 36.450032274625634 ] ] ] ] } },
{ "type": "Feature", "properties": { "EMD_CD": "30230120", "EMD_ENG_NM": "Ihyeon-dong", "EMD_KOR_NM": "이현동" }, "geometry": { "type": "MultiPolygon", "coordinates": [ [ [ [ 127.473979405455239, 36.419650928780847 ], [ 127.473946828271522, 36.419622049498386 ], [ 127.473945228850923, 36.419617550051633 ], [ 127.473948095805937, 36.419601209780396 ], [ 127.473965159400478, 36.419600015823214 ], [ 127.473988619841975, 36.419590911446399 ], [ 127.473921423953129, 36.419542172503419 ], [ 127.473882024223201, 36.419507976345173 ], [ 127.473863476633255, 36.419466650656553 ], [ 127.473829741300918, 36.419449040359808 ], [ 127.473662263804655, 36.419411691982909 ], [ 127.47354829253311, 36.41937750218397 ], [ 127.473459617533422, 36.419348285800098 ], [ 127.473377417827564, 36.419324108253008 ], [ 127.473379085616827, 36.419312269496665 ], [ 127.473375592346926, 36.419311724584958 ], [ 127.473382613059769, 36.419233683848589 ], [ 127.473372703481076, 36.419151213251197 ], [ 127.473348618401275, 36.419086542410092 ], [ 127.473352378967874, 36.41907413666798 ], [ 127.473378185404087, 36.419076846294978 ], [ 127.47338562353498, 36.419067805350601 ], [ 127.473418033583258, 36.419041489702408 ], [ 127.473548355469134, 36.418868349324562 ], [ 127.473743004474358, 36.418559492781661 ], [ 127.474215348358172, 36.417847126071351 ], [ 127.47441880861598, 36.417699594370418 ], [ 127.474329215973896, 36.417607022026907 ], [ 127.474267814927032, 36.417535452072208 ], [ 127.474161913165034, 36.417424921061752 ], [ 127.474068462682993, 36.41732672255408 ], [ 127.473933507496184, 36.417192641969059 ], [ 127.473825420046609, 36.417094789542233 ], [ 127.473820290919505, 36.417081860227221 ], [ 127.473740242806258, 36.417011210831916 ], [ 127.473621779644077, 36.41672246244012 ], [ 127.473563062412452, 36.416635390635079 ], [ 127.473450450743826, 36.416508268188025 ], [ 127.47341381533812, 36.41647180803821 ], [ 127.473365259232438, 36.416422157008022 ], [ 127.473307092532394, 36.416368876226542 ], [ 127.472904548479647, 36.416061261517008 ], [ 127.472901950159113, 36.416035354540455 ], [ 127.472846817902678, 36.415993335006611 ], [ 127.4727806810874, 36.415541612436762 ], [ 127.47272069312541, 36.415417372538613 ], [ 127.472447293892429, 36.415003360736954 ], [ 127.472378956226279, 36.414908720501607 ], [ 127.472321722154561, 36.414836015636602 ], [ 127.471872519921362, 36.414328912180174 ], [ 127.471824694705319, 36.41428544855993 ], [ 127.471793846306525, 36.414254317967114 ], [ 127.471725254300722, 36.414204177419954 ], [ 127.471587476019351, 36.41411994813118 ], [ 127.471326630376282, 36.41376333291354 ], [ 127.47045948894079, 36.412701403673843 ], [ 127.469854391017435, 36.412223912681569 ], [ 127.469815696450524, 36.41219111815969 ], [ 127.469429477261713, 36.411695869716532 ], [ 127.469407272731502, 36.411683565819587 ], [ 127.469405910577336, 36.411659068715608 ], [ 127.469021589921226, 36.411219295654803 ], [ 127.468731394778288, 36.41107595798568 ], [ 127.468627342911702, 36.410951329578793 ], [ 127.468526007573445, 36.410669555791543 ], [ 127.468463019977591, 36.410303139520515 ], [ 127.468234630487913, 36.409979615963707 ], [ 127.467779126435602, 36.410043070485841 ], [ 127.467622673353091, 36.410038896104751 ], [ 127.467371405176664, 36.409968342758276 ], [ 127.467378740597525, 36.40994212652911 ], [ 127.467382782455374, 36.409890852968914 ], [ 127.467382488244724, 36.409841578868495 ], [ 127.467383267170831, 36.409796517994629 ], [ 127.467386418512191, 36.409769750358116 ], [ 127.46691377475247, 36.409266098400416 ], [ 127.466735046293252, 36.408973639472578 ], [ 127.466568190843432, 36.408802501833541 ], [ 127.466571947017911, 36.408789258222832 ], [ 127.466582727874552, 36.40878554853002 ], [ 127.466595761013735, 36.408693976278911 ], [ 127.466555221674284, 36.408555022558836 ], [ 127.466519146181056, 36.408493487855978 ], [ 127.466497610133899, 36.408475269214435 ], [ 127.466370115742791, 36.408303139938596 ], [ 127.466262369305696, 36.408286941966942 ], [ 127.465780149888843, 36.408016776355495 ], [ 127.465623515864351, 36.407951492584253 ], [ 127.464983982917843, 36.407677149848816 ], [ 127.464907640878536, 36.407639994013792 ], [ 127.464267063852958, 36.407158664660528 ], [ 127.464161871262505, 36.406958006023451 ], [ 127.463398444302683, 36.406937017376066 ], [ 127.4628029261374, 36.406590409043396 ], [ 127.462339107282318, 36.406039952415874 ], [ 127.46188989833675, 36.405572524322288 ], [ 127.461464460034946, 36.405324092378848 ], [ 127.461225526252278, 36.404889356711678 ], [ 127.460884321692362, 36.40462849583087 ], [ 127.460875192229835, 36.404617257463705 ], [ 127.460148261256037, 36.404489383454809 ], [ 127.459496059443012, 36.40427449102863 ], [ 127.459168536444366, 36.403967090999963 ], [ 127.458763393136607, 36.403851780703867 ], [ 127.45824774403151, 36.403692951232244 ], [ 127.458183284828195, 36.403601108397233 ], [ 127.457616281834802, 36.403089615090842 ], [ 127.456339239044937, 36.404028878149624 ], [ 127.456261372375735, 36.404147731017396 ], [ 127.455516736624475, 36.404747581243214 ], [ 127.455131642805739, 36.404843945518721 ], [ 127.455053317569067, 36.405183583013951 ], [ 127.455055577096914, 36.405242438064398 ], [ 127.454926403808813, 36.405344029457389 ], [ 127.454626715133983, 36.405600302697408 ], [ 127.454520525838944, 36.405732220518125 ], [ 127.454403325738681, 36.405857132945286 ], [ 127.454394381523088, 36.405875757749051 ], [ 127.454369634213762, 36.405904850850781 ], [ 127.45429443889428, 36.405973858259827 ], [ 127.454269862811302, 36.406030553153897 ], [ 127.453997909939361, 36.406295172506788 ], [ 127.45395032842022, 36.406348854513631 ], [ 127.453792008935523, 36.406504056821895 ], [ 127.453764834694468, 36.406593437426636 ], [ 127.453718762387226, 36.406759478976007 ], [ 127.453689782222554, 36.406839287092708 ], [ 127.453560476699849, 36.40709970653036 ], [ 127.453380332879902, 36.407487038970849 ], [ 127.453397166713316, 36.407535124123378 ], [ 127.453402970779862, 36.407574816175142 ], [ 127.453448889851046, 36.407713195383572 ], [ 127.453350789602439, 36.407918291557678 ], [ 127.453280680117857, 36.408084432861543 ], [ 127.453269807113372, 36.408284134443974 ], [ 127.453261890053042, 36.40833006935398 ], [ 127.453255158137722, 36.408461321366694 ], [ 127.453402939971568, 36.408532007756833 ], [ 127.453395885690767, 36.408726909739002 ], [ 127.453502269506856, 36.408808458391974 ], [ 127.453440952896543, 36.409351358386488 ], [ 127.453428264289258, 36.409385758520074 ], [ 127.45337666050348, 36.409859908438051 ], [ 127.453691683908133, 36.410022330124306 ], [ 127.453683399057496, 36.41021639865626 ], [ 127.453734803589086, 36.410217889169672 ], [ 127.453703948441472, 36.410815022594321 ], [ 127.452989590520303, 36.410852645297673 ], [ 127.452960558493714, 36.410954702954001 ], [ 127.45292821812204, 36.410993683102006 ], [ 127.452876419664832, 36.410955021002948 ], [ 127.452814520558306, 36.411003124410442 ], [ 127.452529629066788, 36.411293697431461 ], [ 127.452458452240108, 36.411636694265894 ], [ 127.452454931131072, 36.412292857950469 ], [ 127.452503397758647, 36.412721292153492 ], [ 127.452479806284956, 36.412769530056501 ], [ 127.452353971417281, 36.41300007954186 ], [ 127.45228632006949, 36.4130814480556 ], [ 127.452250637988527, 36.4131153761234 ], [ 127.452161855186432, 36.413217370699613 ], [ 127.452073728703638, 36.413282469375211 ], [ 127.452023235695563, 36.413315606168922 ], [ 127.451933410429078, 36.413387758195213 ], [ 127.451838867111846, 36.413457675054161 ], [ 127.451848680505591, 36.413709114838809 ], [ 127.45184734461769, 36.413807967753698 ], [ 127.451865467062021, 36.414233695924601 ], [ 127.451863458034708, 36.414337615869698 ], [ 127.452021856999252, 36.414524855463981 ], [ 127.452219417961246, 36.414768828035207 ], [ 127.452314056282077, 36.414956307861203 ], [ 127.452397810784959, 36.415251399746445 ], [ 127.452917015715158, 36.414809277312628 ], [ 127.452962247200418, 36.414887957512477 ], [ 127.452979390757434, 36.414991246333969 ], [ 127.453000996233257, 36.415050586904329 ], [ 127.45301644229437, 36.415132191300074 ], [ 127.453093972923838, 36.415434073896385 ], [ 127.453396865302238, 36.415663849381723 ], [ 127.453442628794193, 36.415805319944653 ], [ 127.453688806705415, 36.416589241022962 ], [ 127.453843733429991, 36.416747203674639 ], [ 127.453887531908293, 36.416970632619005 ], [ 127.454493784297654, 36.417956794376302 ], [ 127.45501787207624, 36.417785838347214 ], [ 127.45563160826687, 36.417960637067722 ], [ 127.456037499286055, 36.417834625099843 ], [ 127.456192896177271, 36.417832907044165 ], [ 127.456585523342355, 36.417614286868414 ], [ 127.45682325148411, 36.417691105341554 ], [ 127.457036564626407, 36.417762663613985 ], [ 127.457264180911565, 36.417660135688607 ], [ 127.457497171357176, 36.417670231294593 ], [ 127.457905521579292, 36.417788074396945 ], [ 127.458357070111077, 36.41760554878725 ], [ 127.459498415902132, 36.417139054967549 ], [ 127.459915323119759, 36.417200815503655 ], [ 127.460321050014969, 36.417257273685884 ], [ 127.460967620327466, 36.417176783574511 ], [ 127.461229015000569, 36.417070729783781 ], [ 127.461402776752706, 36.417288870337742 ], [ 127.461903545002272, 36.417892976896383 ], [ 127.461956312445508, 36.417948807296511 ], [ 127.462487798747446, 36.418057148261767 ], [ 127.462542775759687, 36.418281098473521 ], [ 127.462623634968438, 36.418667724434449 ], [ 127.462496765150391, 36.41933844869483 ], [ 127.46272523655395, 36.419586510625379 ], [ 127.463391947765487, 36.419963256899237 ], [ 127.463407687947893, 36.419973901738459 ], [ 127.463671707470368, 36.419927822386761 ], [ 127.463846286970565, 36.419899832538377 ], [ 127.463882340440861, 36.41992700695414 ], [ 127.464111431688124, 36.420043549187362 ], [ 127.464201449538365, 36.420122898583216 ], [ 127.464464932319004, 36.420367721482116 ], [ 127.464799776959822, 36.420775601298374 ], [ 127.465162091007315, 36.421056373690533 ], [ 127.465243196750976, 36.421161097366216 ], [ 127.465385974692694, 36.421350073708396 ], [ 127.465465414750355, 36.421525201926571 ], [ 127.465341050945526, 36.421706483810766 ], [ 127.465444571027177, 36.421800135185201 ], [ 127.46584790527082, 36.421800261566254 ], [ 127.46595416524022, 36.421971905810729 ], [ 127.466198861151554, 36.422044740339764 ], [ 127.466263282693646, 36.422330038558194 ], [ 127.466355565125312, 36.422758574959893 ], [ 127.46643163956206, 36.423099870496586 ], [ 127.46660919641792, 36.423218591022035 ], [ 127.466638353214492, 36.423229453511311 ], [ 127.466647405655735, 36.423229138889745 ], [ 127.467802578360576, 36.423204916042039 ], [ 127.468485002123927, 36.423082846105686 ], [ 127.469547957793665, 36.422848898839241 ], [ 127.46969121970794, 36.42282834057449 ], [ 127.469821504837554, 36.422850917238364 ], [ 127.469952224788429, 36.4227138254737 ], [ 127.470191365011729, 36.422527303254306 ], [ 127.470404551863879, 36.422401151700043 ], [ 127.470763608031135, 36.422193322671724 ], [ 127.471075241339221, 36.422009893092259 ], [ 127.471371286513914, 36.421756405188788 ], [ 127.471625240282705, 36.421427610560748 ], [ 127.471826490812205, 36.421083252771346 ], [ 127.472025059871683, 36.420758622463602 ], [ 127.472108195584667, 36.420677181891918 ], [ 127.472275725406362, 36.420519666495217 ], [ 127.472327009247991, 36.420474127192428 ], [ 127.472360433567971, 36.420440202087711 ], [ 127.472617528542742, 36.42025810995365 ], [ 127.472941133222562, 36.420096319052114 ], [ 127.473398939116109, 36.419915964885696 ], [ 127.473729767005949, 36.419769066428096 ], [ 127.473979405455239, 36.419650928780847 ] ] ] ] } },
{ "type": "Feature", "properties": { "EMD_CD": "30230121", "EMD_ENG_NM": "Galjeon-dong", "EMD_KOR_NM": "갈전동" }, "geometry": { "type": "MultiPolygon", "coordinates": [ [ [ [ 127.482734963264761, 36.432287311171102 ], [ 127.482393958603566, 36.432061144080294 ], [ 127.48223437652365, 36.431784682249464 ], [ 127.48180745225946, 36.430959592683493 ], [ 127.481726570752969, 36.430871208529119 ], [ 127.481548912628327, 36.430684654357293 ], [ 127.481461619310878, 36.430429582485004 ], [ 127.481429246723678, 36.430237658873686 ], [ 127.481425041457399, 36.430177695027886 ], [ 127.481422746374164, 36.4301436226432 ], [ 127.481417493021965, 36.43011267112729 ], [ 127.481413549140555, 36.430008207288509 ], [ 127.481398450830483, 36.429990244912425 ], [ 127.481397886838991, 36.42998376788838 ], [ 127.48115672942609, 36.429700314980913 ], [ 127.481121627017103, 36.429659057015975 ], [ 127.481117594275119, 36.429654288092102 ], [ 127.481114607249324, 36.429650920766441 ], [ 127.48110934859838, 36.429644462598702 ], [ 127.481098284886812, 36.42963154845733 ], [ 127.481060903314074, 36.429587776399885 ], [ 127.481035280229008, 36.429557465391909 ], [ 127.481016143367228, 36.429535572134377 ], [ 127.480999807397936, 36.429426940640283 ], [ 127.480930668917011, 36.429066189253113 ], [ 127.480996682112902, 36.429003969878565 ], [ 127.481060607064478, 36.428774486778686 ], [ 127.48104424854462, 36.428749203038116 ], [ 127.481026080450704, 36.42871435631443 ], [ 127.480932598607978, 36.428500428439847 ], [ 127.480876286615086, 36.428382936875508 ], [ 127.481189915642403, 36.42798544913601 ], [ 127.481166535912536, 36.427951749808337 ], [ 127.481162845502297, 36.427946420793958 ], [ 127.481019902029956, 36.427736909047262 ], [ 127.480824695339436, 36.427444259249206 ], [ 127.480671712683474, 36.427217611376022 ], [ 127.480569027935346, 36.427066233110892 ], [ 127.480233009380868, 36.426512244901154 ], [ 127.479715267721559, 36.426214686014283 ], [ 127.479528188916149, 36.425824000962407 ], [ 127.479619129091617, 36.425453596045436 ], [ 127.479361754825902, 36.42527721619102 ], [ 127.478993982594886, 36.424657449956577 ], [ 127.479000397297327, 36.424537742037984 ], [ 127.478643316729091, 36.424097045263444 ], [ 127.478359945851324, 36.423829516196761 ], [ 127.478384280221434, 36.423563857884723 ], [ 127.478258650234935, 36.423362167589339 ], [ 127.477994953739284, 36.423206076896093 ], [ 127.477783340843075, 36.422560342927497 ], [ 127.477812547313349, 36.422265098359979 ], [ 127.477550314537922, 36.421977215972554 ], [ 127.477284739644332, 36.421709613271034 ], [ 127.476654224202122, 36.421053722344652 ], [ 127.47645287937398, 36.420461725785046 ], [ 127.475941619716338, 36.419387725276366 ], [ 127.475834315897302, 36.419104287755687 ], [ 127.475514386262446, 36.419208632285027 ], [ 127.474936881071855, 36.41941453031427 ], [ 127.474714322699029, 36.419458208351536 ], [ 127.474680531840889, 36.419460883514184 ], [ 127.47456415256832, 36.419459938824353 ], [ 127.474513269021202, 36.419459004941615 ], [ 127.474212359327865, 36.419567208690154 ], [ 127.47403213427701, 36.419641708583612 ], [ 127.473979405455239, 36.419650928780847 ], [ 127.473729767005949, 36.419769066428096 ], [ 127.473398939116109, 36.419915964885696 ], [ 127.472941133222562, 36.420096319052114 ], [ 127.472617528542742, 36.42025810995365 ], [ 127.472360433567971, 36.420440202087711 ], [ 127.472327009247991, 36.420474127192428 ], [ 127.472275725406362, 36.420519666495217 ], [ 127.472108195584667, 36.420677181891918 ], [ 127.472025059871683, 36.420758622463602 ], [ 127.471826490812205, 36.421083252771346 ], [ 127.471625240282705, 36.421427610560748 ], [ 127.471371286513914, 36.421756405188788 ], [ 127.471075241339221, 36.422009893092259 ], [ 127.470763608031135, 36.422193322671724 ], [ 127.470404551863879, 36.422401151700043 ], [ 127.470191365011729, 36.422527303254306 ], [ 127.469952224788429, 36.4227138254737 ], [ 127.469821504837554, 36.422850917238364 ], [ 127.46969121970794, 36.42282834057449 ], [ 127.469547957793665, 36.422848898839241 ], [ 127.468485002123927, 36.423082846105686 ], [ 127.467802578360576, 36.423204916042039 ], [ 127.466647405655735, 36.423229138889745 ], [ 127.466638353214492, 36.423229453511311 ], [ 127.46660919641792, 36.423218591022035 ], [ 127.46643163956206, 36.423099870496586 ], [ 127.466355565125312, 36.422758574959893 ], [ 127.466263282693646, 36.422330038558194 ], [ 127.466198861151554, 36.422044740339764 ], [ 127.46595416524022, 36.421971905810729 ], [ 127.46584790527082, 36.421800261566254 ], [ 127.465444571027177, 36.421800135185201 ], [ 127.465341050945526, 36.421706483810766 ], [ 127.465465414750355, 36.421525201926571 ], [ 127.465385974692694, 36.421350073708396 ], [ 127.465243196750976, 36.421161097366216 ], [ 127.465162091007315, 36.421056373690533 ], [ 127.464799776959822, 36.420775601298374 ], [ 127.464464932319004, 36.420367721482116 ], [ 127.464201449538365, 36.420122898583216 ], [ 127.464111431688124, 36.420043549187362 ], [ 127.463882340440861, 36.41992700695414 ], [ 127.463846286970565, 36.419899832538377 ], [ 127.463671707470368, 36.419927822386761 ], [ 127.463407687947893, 36.419973901738459 ], [ 127.463391947765487, 36.419963256899237 ], [ 127.46272523655395, 36.419586510625379 ], [ 127.462496765150391, 36.41933844869483 ], [ 127.462623634968438, 36.418667724434449 ], [ 127.462542775759687, 36.418281098473521 ], [ 127.462487798747446, 36.418057148261767 ], [ 127.461956312445508, 36.417948807296511 ], [ 127.461903545002272, 36.417892976896383 ], [ 127.461402776752706, 36.417288870337742 ], [ 127.461229015000569, 36.417070729783781 ], [ 127.460967620327466, 36.417176783574511 ], [ 127.460321050014969, 36.417257273685884 ], [ 127.459915323119759, 36.417200815503655 ], [ 127.459498415902132, 36.417139054967549 ], [ 127.458357070111077, 36.41760554878725 ], [ 127.457905521579292, 36.417788074396945 ], [ 127.457497171357176, 36.417670231294593 ], [ 127.457264180911565, 36.417660135688607 ], [ 127.457036564626407, 36.417762663613985 ], [ 127.45682325148411, 36.417691105341554 ], [ 127.456585523342355, 36.417614286868414 ], [ 127.456192896177271, 36.417832907044165 ], [ 127.456037499286055, 36.417834625099843 ], [ 127.45563160826687, 36.417960637067722 ], [ 127.45501787207624, 36.417785838347214 ], [ 127.454493784297654, 36.417956794376302 ], [ 127.454482626679223, 36.418135941445932 ], [ 127.454462506772714, 36.418392288485485 ], [ 127.454721784816755, 36.418729517494562 ], [ 127.454837935289916, 36.419109526547707 ], [ 127.454858115532204, 36.419134231716264 ], [ 127.455068184855563, 36.41948742597166 ], [ 127.455055712995048, 36.419708815203748 ], [ 127.455107543387996, 36.419784369470179 ], [ 127.455452177187595, 36.420267998667128 ], [ 127.455446839793112, 36.420337579155955 ], [ 127.45555927326042, 36.420618195052747 ], [ 127.455863841952734, 36.421159703333473 ], [ 127.455998128782483, 36.421213829332466 ], [ 127.456214036730543, 36.421728918781341 ], [ 127.456312403644588, 36.421956085865197 ], [ 127.45663850859637, 36.422156467791567 ], [ 127.456660058056585, 36.422178635173417 ], [ 127.456704189892918, 36.422306322845522 ], [ 127.456913556729404, 36.422862825901596 ], [ 127.456962156431388, 36.423010772410429 ], [ 127.45697807114901, 36.423079983496422 ], [ 127.457183905517368, 36.423181992916241 ], [ 127.457047980829188, 36.423476234039654 ], [ 127.456909393239656, 36.423761464591941 ], [ 127.457069080143256, 36.42395573020346 ], [ 127.457258781154536, 36.423950779863951 ], [ 127.457507381754823, 36.424243553150028 ], [ 127.457316425215538, 36.424512664209367 ], [ 127.457975855599983, 36.425309631556445 ], [ 127.458447259667793, 36.425625206122362 ], [ 127.458755577549852, 36.425909295315726 ], [ 127.458725777080275, 36.42614427735186 ], [ 127.458984573122351, 36.426690169703008 ], [ 127.459086213983966, 36.427174439099325 ], [ 127.459484592053599, 36.427573357666056 ], [ 127.46003403326803, 36.428236417890361 ], [ 127.460104831446287, 36.428334705213942 ], [ 127.460052064135596, 36.4285756872587 ], [ 127.460042011720873, 36.428644997583312 ], [ 127.46018106810368, 36.428883548664743 ], [ 127.460458414221179, 36.42920155450917 ], [ 127.460625029264548, 36.429267932761192 ], [ 127.461053638598941, 36.429440323718609 ], [ 127.461006181430491, 36.429755063167569 ], [ 127.461473527546886, 36.430143580434638 ], [ 127.461528519784252, 36.430189543689259 ], [ 127.461954414610929, 36.430461915824537 ], [ 127.462714704083311, 36.431297333635627 ], [ 127.462716591940122, 36.431439258038623 ], [ 127.46271685751519, 36.431455874285298 ], [ 127.462733641473051, 36.431465379700072 ], [ 127.462813361303006, 36.431509850032 ], [ 127.462849980640016, 36.431543222440695 ], [ 127.462914168104305, 36.431612525433131 ], [ 127.46294693356802, 36.431644786262837 ], [ 127.462977112419168, 36.431679030607235 ], [ 127.463043964606214, 36.431787757707426 ], [ 127.463076824683966, 36.431834094152677 ], [ 127.463205904935805, 36.432033254636586 ], [ 127.463611857860187, 36.432142634120162 ], [ 127.463770531014319, 36.432660471466313 ], [ 127.464134128682673, 36.433148785901011 ], [ 127.464371958439912, 36.433233473665304 ], [ 127.46509876038148, 36.433644048763576 ], [ 127.465052781739232, 36.433910635200711 ], [ 127.465378985354064, 36.434205342965846 ], [ 127.465681879060099, 36.434328912354616 ], [ 127.465929192104326, 36.434600558377362 ], [ 127.467266352396138, 36.43534781205215 ], [ 127.467580581892022, 36.435558636036667 ], [ 127.467686137796335, 36.435901500043663 ], [ 127.468776611746748, 36.436332890295972 ], [ 127.469112963648314, 36.436513777424906 ], [ 127.469223991605844, 36.43657585546373 ], [ 127.469537489881276, 36.436780206810042 ], [ 127.469764344621055, 36.436804378311571 ], [ 127.469988742696401, 36.436941203086022 ], [ 127.470346098288431, 36.437077235027843 ], [ 127.470363886955838, 36.437079129681578 ], [ 127.470542215090745, 36.436915663054478 ], [ 127.470861265845144, 36.436941155377262 ], [ 127.471137741727233, 36.436900931074156 ], [ 127.471266290691304, 36.436920133537186 ], [ 127.471337109931881, 36.436903525976156 ], [ 127.471650560290328, 36.43683808491145 ], [ 127.472082605987978, 36.436962823437902 ], [ 127.472246817201039, 36.436914865566379 ], [ 127.472271987095183, 36.436899843235118 ], [ 127.472343913909327, 36.436893080306191 ], [ 127.472799553920368, 36.43691353193865 ], [ 127.472962878027502, 36.436892322788864 ], [ 127.473034627291554, 36.436883874990187 ], [ 127.473252603767762, 36.436966658839914 ], [ 127.473414136591288, 36.436879843246302 ], [ 127.473492780525035, 36.436801807966383 ], [ 127.473742325684952, 36.436918818042216 ], [ 127.473948231969459, 36.437078237299168 ], [ 127.474037928707375, 36.43712913084677 ], [ 127.47422842812577, 36.437248905820248 ], [ 127.474520695692419, 36.437427419941642 ], [ 127.474649157397508, 36.437547719370869 ], [ 127.474791007428379, 36.437633893017924 ], [ 127.475120737590885, 36.437782690326678 ], [ 127.475398874246324, 36.437927456109598 ], [ 127.475499556390631, 36.437978025581891 ], [ 127.475564241217825, 36.438012688393165 ], [ 127.475933924864549, 36.438225811224996 ], [ 127.475985982562364, 36.438161117897018 ], [ 127.475971324756728, 36.438156949748119 ], [ 127.475991426772254, 36.438139405528766 ], [ 127.475988674846093, 36.438116049592075 ], [ 127.476035006013717, 36.438054190595729 ], [ 127.476122238390914, 36.43798568970201 ], [ 127.47625418519732, 36.437904908468674 ], [ 127.476301404721781, 36.437904720686639 ], [ 127.476343521574151, 36.437894415219723 ], [ 127.476434053817357, 36.437853223905506 ], [ 127.476473674174656, 36.437806602881878 ], [ 127.476479870634236, 36.437793060947627 ], [ 127.476524468390195, 36.437790909985033 ], [ 127.476551499325751, 36.437795866904906 ], [ 127.47661750807795, 36.437789692674841 ], [ 127.476684632061023, 36.437794490002361 ], [ 127.476752340380386, 36.437809152581679 ], [ 127.476800630482941, 36.437812619018246 ], [ 127.476894480829174, 36.437799854506217 ], [ 127.477124031467781, 36.437780637827281 ], [ 127.477163027183991, 36.437774282540524 ], [ 127.47719012747163, 36.437759530842818 ], [ 127.477240743921186, 36.437659923065112 ], [ 127.477313861314045, 36.437617953395758 ], [ 127.477343998212106, 36.437589104552977 ], [ 127.477375318941171, 36.437553221997213 ], [ 127.477441848114509, 36.437546477511809 ], [ 127.477527452375838, 36.437553174215822 ], [ 127.477675957059802, 36.437501333478281 ], [ 127.477723645437436, 36.43749213174322 ], [ 127.477770129741188, 36.437455620871511 ], [ 127.47788199399281, 36.437397717102606 ], [ 127.477973122119778, 36.43736666020633 ], [ 127.478046048949082, 36.437352004770553 ], [ 127.478135581037151, 36.437346303530688 ], [ 127.478172646227904, 36.437337991110297 ], [ 127.478258105255378, 36.437379319147283 ], [ 127.478386156537596, 36.43742978589971 ], [ 127.478471745085557, 36.437492245281767 ], [ 127.478538404118936, 36.437535901103466 ], [ 127.478719566817517, 36.437665006071867 ], [ 127.478802812630605, 36.437687202091539 ], [ 127.478885873831985, 36.437675605589199 ], [ 127.478908316664075, 36.437698044647924 ], [ 127.479110733926603, 36.437742851363744 ], [ 127.47919179087738, 36.437748159267244 ], [ 127.479302557580439, 36.437766027426434 ], [ 127.479339669411431, 36.437765311168953 ], [ 127.479371656704203, 36.437752792297495 ], [ 127.479372336877532, 36.437749130897743 ], [ 127.479374595628585, 36.437748274773725 ], [ 127.479533247266446, 36.437761715624589 ], [ 127.479581601252804, 36.437688303401373 ], [ 127.479732834713616, 36.437457912940474 ], [ 127.479882267372204, 36.437188653796795 ], [ 127.479876396690415, 36.436969868577293 ], [ 127.479575093662376, 36.436741840401218 ], [ 127.479452393953807, 36.436596462167572 ], [ 127.479520573228356, 36.436517059029796 ], [ 127.479575499428137, 36.436466140275478 ], [ 127.479647390702652, 36.436226488321843 ], [ 127.479619153660892, 36.436026653742744 ], [ 127.479756917192574, 36.435333629483203 ], [ 127.479971565062556, 36.43501539258898 ], [ 127.479941514121933, 36.434718132713009 ], [ 127.479755596795499, 36.434380386702969 ], [ 127.479492412403019, 36.434028864731673 ], [ 127.479380204591138, 36.433916949191527 ], [ 127.479152076914332, 36.433684121109678 ], [ 127.479198408474886, 36.433339244845882 ], [ 127.479054226700228, 36.433155932415133 ], [ 127.478982668456425, 36.433080188358844 ], [ 127.479570799359465, 36.432744687674038 ], [ 127.480813514844726, 36.432398952294797 ], [ 127.481166607422452, 36.432353603068826 ], [ 127.481691716254247, 36.432369515343453 ], [ 127.482362684956584, 36.432273888019388 ], [ 127.482476746625323, 36.432319044930743 ], [ 127.482734963264761, 36.432287311171102 ] ] ] ] } },
{ "type": "Feature", "properties": { "EMD_CD": "30230122", "EMD_ENG_NM": "Busu-dong", "EMD_KOR_NM": "부수동" }, "geometry": { "type": "MultiPolygon", "coordinates": [ [ [ [ 127.47615689758446, 36.445707573435371 ], [ 127.476766348169363, 36.445737536005183 ], [ 127.476973074086715, 36.445770505965939 ], [ 127.477219741887978, 36.44586554988598 ], [ 127.477304248774047, 36.445891968264498 ], [ 127.477527719946949, 36.445956410798686 ], [ 127.47799224662495, 36.446082412829178 ], [ 127.478155903411434, 36.4462822655344 ], [ 127.478077867866745, 36.446460554372337 ], [ 127.478112301412821, 36.44659023667748 ], [ 127.478183058270403, 36.446675284120744 ], [ 127.478381841977821, 36.446920891823325 ], [ 127.47839826136034, 36.4469264674334 ], [ 127.478890284665923, 36.447046147146487 ], [ 127.479387844363686, 36.447013463149752 ], [ 127.479829969429773, 36.447037321128633 ], [ 127.480074020107821, 36.447131810878737 ], [ 127.480220895579691, 36.447182470400939 ], [ 127.48026337279066, 36.447202855295224 ], [ 127.48027192007919, 36.447203388740284 ], [ 127.480426059422314, 36.447187279665648 ], [ 127.48053212944842, 36.447204597727577 ], [ 127.480885639858371, 36.447272450072788 ], [ 127.480999951494582, 36.447325780641933 ], [ 127.481112353484008, 36.447380524567755 ], [ 127.481555255104908, 36.44755897440097 ], [ 127.481995685103442, 36.447701665867257 ], [ 127.482306238991356, 36.447840940846042 ], [ 127.482535561330963, 36.44783438479287 ], [ 127.482498054596988, 36.447773708274248 ], [ 127.48241677474627, 36.447621966617788 ], [ 127.482313575708233, 36.44736330157221 ], [ 127.482254670272454, 36.447222175339576 ], [ 127.48222384621792, 36.447141754641038 ], [ 127.48218510124893, 36.447048416295509 ], [ 127.48208576498341, 36.446793682508314 ], [ 127.481984770209067, 36.446553869343163 ], [ 127.481909746800852, 36.446370850217235 ], [ 127.48188961473835, 36.446327558853753 ], [ 127.481866422735933, 36.446157001282096 ], [ 127.481855206901415, 36.446090865908843 ], [ 127.481827137080103, 36.445890752183921 ], [ 127.481810333842361, 36.445708904497877 ], [ 127.481809888049938, 36.445665533906855 ], [ 127.48179959862604, 36.445606721150689 ], [ 127.481801816711027, 36.445231887574693 ], [ 127.481800880814646, 36.4451361440669 ], [ 127.481808505492964, 36.444988838310508 ], [ 127.481807945892669, 36.444925192278141 ], [ 127.481813250122713, 36.444795909858236 ], [ 127.481845813340883, 36.444594146328242 ], [ 127.481856844464076, 36.444405986689624 ], [ 127.481784576495315, 36.444074257403223 ], [ 127.48175596635086, 36.443985392855389 ], [ 127.481730134873771, 36.443893128793611 ], [ 127.481654155922968, 36.443641391480263 ], [ 127.481479315016003, 36.443323024012138 ], [ 127.481250398327617, 36.442994744651337 ], [ 127.481213306394991, 36.442886755565048 ], [ 127.481209907261274, 36.442872693242478 ], [ 127.481377011185998, 36.442558024527045 ], [ 127.481498617793036, 36.442438691819831 ], [ 127.481491949503891, 36.44243168063975 ], [ 127.481470023589253, 36.442408401942707 ], [ 127.481438601898134, 36.442369940972313 ], [ 127.481371692725716, 36.442315582153256 ], [ 127.481348590254058, 36.442300463581454 ], [ 127.481319271657568, 36.442264814728787 ], [ 127.481298687937283, 36.442233077805781 ], [ 127.481295902306414, 36.442206342831462 ], [ 127.481313813642899, 36.44219894448451 ], [ 127.481680819036455, 36.441265624321929 ], [ 127.481789231606555, 36.441068899415967 ], [ 127.482044697825984, 36.44081245802748 ], [ 127.481912321946879, 36.440512231487311 ], [ 127.481914786137182, 36.440347473050124 ], [ 127.482012352050361, 36.440173608722503 ], [ 127.481807411908093, 36.440060951396454 ], [ 127.481841487834586, 36.43931229071412 ], [ 127.481543387742747, 36.438898680577694 ], [ 127.481439750728782, 36.438709576018645 ], [ 127.481874272612245, 36.438412133482245 ], [ 127.48211637081171, 36.43830612085268 ], [ 127.482476049824228, 36.43841844276362 ], [ 127.48299219401521, 36.43824571112799 ], [ 127.48311979855886, 36.438197885955226 ], [ 127.483389371514633, 36.438111188742162 ], [ 127.483499081657229, 36.438013872041317 ], [ 127.484132138564945, 36.43750131666409 ], [ 127.48470797485669, 36.43709318971721 ], [ 127.484861372292798, 36.436820529018391 ], [ 127.485214927728705, 36.436593529730871 ], [ 127.485293297958705, 36.436584759375563 ], [ 127.485441932970289, 36.436556843061211 ], [ 127.486015227960053, 36.436384425406736 ], [ 127.486010183995219, 36.436107620995877 ], [ 127.485655763305473, 36.43588574430283 ], [ 127.485268642203607, 36.43530747622934 ], [ 127.484655455352964, 36.434721398733522 ], [ 127.484472113184239, 36.43423917697222 ], [ 127.484002125987601, 36.433952708504741 ], [ 127.483877684563041, 36.433582333044903 ], [ 127.483845587165987, 36.433520787846433 ], [ 127.483827169275997, 36.433500027607494 ], [ 127.482931276668225, 36.432615161115265 ], [ 127.482734963264761, 36.432287311171102 ], [ 127.482476746625323, 36.432319044930743 ], [ 127.482362684956584, 36.432273888019388 ], [ 127.481691716254247, 36.432369515343453 ], [ 127.481166607422452, 36.432353603068826 ], [ 127.480813514844726, 36.432398952294797 ], [ 127.479570799359465, 36.432744687674038 ], [ 127.478982668456425, 36.433080188358844 ], [ 127.479054226700228, 36.433155932415133 ], [ 127.479198408474886, 36.433339244845882 ], [ 127.479152076914332, 36.433684121109678 ], [ 127.479380204591138, 36.433916949191527 ], [ 127.479492412403019, 36.434028864731673 ], [ 127.479755596795499, 36.434380386702969 ], [ 127.479941514121933, 36.434718132713009 ], [ 127.479971565062556, 36.43501539258898 ], [ 127.479756917192574, 36.435333629483203 ], [ 127.479619153660892, 36.436026653742744 ], [ 127.479647390702652, 36.436226488321843 ], [ 127.479575499428137, 36.436466140275478 ], [ 127.479520573228356, 36.436517059029796 ], [ 127.479452393953807, 36.436596462167572 ], [ 127.479575093662376, 36.436741840401218 ], [ 127.479876396690415, 36.436969868577293 ], [ 127.479882267372204, 36.437188653796795 ], [ 127.479732834713616, 36.437457912940474 ], [ 127.479581601252804, 36.437688303401373 ], [ 127.479533247266446, 36.437761715624589 ], [ 127.479374595628585, 36.437748274773725 ], [ 127.479372336877532, 36.437749130897743 ], [ 127.479371656704203, 36.437752792297495 ], [ 127.479339669411431, 36.437765311168953 ], [ 127.479302557580439, 36.437766027426434 ], [ 127.47919179087738, 36.437748159267244 ], [ 127.479110733926603, 36.437742851363744 ], [ 127.478908316664075, 36.437698044647924 ], [ 127.478885873831985, 36.437675605589199 ], [ 127.478802812630605, 36.437687202091539 ], [ 127.478719566817517, 36.437665006071867 ], [ 127.478538404118936, 36.437535901103466 ], [ 127.478471745085557, 36.437492245281767 ], [ 127.478386156537596, 36.43742978589971 ], [ 127.478258105255378, 36.437379319147283 ], [ 127.478172646227904, 36.437337991110297 ], [ 127.478135581037151, 36.437346303530688 ], [ 127.478046048949082, 36.437352004770553 ], [ 127.477973122119778, 36.43736666020633 ], [ 127.47788199399281, 36.437397717102606 ], [ 127.477770129741188, 36.437455620871511 ], [ 127.477723645437436, 36.43749213174322 ], [ 127.477675957059802, 36.437501333478281 ], [ 127.477527452375838, 36.437553174215822 ], [ 127.477441848114509, 36.437546477511809 ], [ 127.477375318941171, 36.437553221997213 ], [ 127.477343998212106, 36.437589104552977 ], [ 127.477313861314045, 36.437617953395758 ], [ 127.477240743921186, 36.437659923065112 ], [ 127.47719012747163, 36.437759530842818 ], [ 127.477163027183991, 36.437774282540524 ], [ 127.477124031467781, 36.437780637827281 ], [ 127.476894480829174, 36.437799854506217 ], [ 127.476800630482941, 36.437812619018246 ], [ 127.476752340380386, 36.437809152581679 ], [ 127.476684632061023, 36.437794490002361 ], [ 127.47661750807795, 36.437789692674841 ], [ 127.476551499325751, 36.437795866904906 ], [ 127.476524468390195, 36.437790909985033 ], [ 127.476479870634236, 36.437793060947627 ], [ 127.476473674174656, 36.437806602881878 ], [ 127.476434053817357, 36.437853223905506 ], [ 127.476343521574151, 36.437894415219723 ], [ 127.476301404721781, 36.437904720686639 ], [ 127.47625418519732, 36.437904908468674 ], [ 127.476122238390914, 36.43798568970201 ], [ 127.476035006013717, 36.438054190595729 ], [ 127.475988674846093, 36.438116049592075 ], [ 127.475991426772254, 36.438139405528766 ], [ 127.475971324756728, 36.438156949748119 ], [ 127.475985982562364, 36.438161117897018 ], [ 127.475933924864549, 36.438225811224996 ], [ 127.475564241217825, 36.438012688393165 ], [ 127.475499556390631, 36.437978025581891 ], [ 127.475398874246324, 36.437927456109598 ], [ 127.475120737590885, 36.437782690326678 ], [ 127.474791007428379, 36.437633893017924 ], [ 127.4747914838957, 36.437741750037119 ], [ 127.474570231438236, 36.437636182850213 ], [ 127.474461663862542, 36.437721375375304 ], [ 127.474395638863925, 36.437754303687484 ], [ 127.474202160688421, 36.437831388482287 ], [ 127.474142180589524, 36.438112668286607 ], [ 127.474209391195132, 36.438306429257267 ], [ 127.473969577717511, 36.438415805178558 ], [ 127.473986704135612, 36.438595400097647 ], [ 127.473947381380867, 36.438720869926449 ], [ 127.473913723780441, 36.438774513525743 ], [ 127.473709175164714, 36.439068197175338 ], [ 127.473773932806481, 36.439287876183485 ], [ 127.473713473389424, 36.439461019371613 ], [ 127.473655690125028, 36.439617543710455 ], [ 127.473491516799086, 36.439672550372627 ], [ 127.473095762821387, 36.439788443489512 ], [ 127.472991255715783, 36.439826587501699 ], [ 127.47280353098958, 36.439847325304918 ], [ 127.47245821448746, 36.439917968598415 ], [ 127.472372723655951, 36.439930408289683 ], [ 127.472006040446303, 36.440012678305365 ], [ 127.471809449869113, 36.439952345810141 ], [ 127.471532305953517, 36.44002778232089 ], [ 127.471501437693448, 36.44008197296791 ], [ 127.47134644859868, 36.440330679185969 ], [ 127.471439229894159, 36.440517303025835 ], [ 127.471804956438234, 36.440882235135284 ], [ 127.471844957633408, 36.440925729340968 ], [ 127.472157881312199, 36.441117685003604 ], [ 127.472560813326226, 36.441468383053198 ], [ 127.473234474608191, 36.441572455424129 ], [ 127.473247015478023, 36.441600855227399 ], [ 127.473356762853641, 36.441794160099278 ], [ 127.473683123870686, 36.441931142421438 ], [ 127.473725417030195, 36.442008420103924 ], [ 127.473820641003414, 36.442164339130379 ], [ 127.474094776990313, 36.442625653099093 ], [ 127.474324350638781, 36.442922124046795 ], [ 127.474341365763934, 36.442969087748139 ], [ 127.474559096764892, 36.443408942262757 ], [ 127.474608565152977, 36.443664727275767 ], [ 127.474615160778939, 36.443716805705563 ], [ 127.474687022564225, 36.443784665949273 ], [ 127.474920304873692, 36.44403155765594 ], [ 127.475062104320443, 36.444336827941775 ], [ 127.475082240419169, 36.444552177263368 ], [ 127.475743829780868, 36.444931134295402 ], [ 127.475760213796875, 36.444989644026819 ], [ 127.475780935312883, 36.445101079147356 ], [ 127.475775259612817, 36.445141653493593 ], [ 127.475758918585157, 36.445176349648087 ], [ 127.475787076781941, 36.445192007922557 ], [ 127.475825992202189, 36.445201153184563 ], [ 127.475886781389562, 36.445195838154469 ], [ 127.475929136258998, 36.445225804326796 ], [ 127.475980129073591, 36.445271226937791 ], [ 127.476006875863348, 36.445313357574939 ], [ 127.476000246282709, 36.445340139099677 ], [ 127.476003844487735, 36.445359553613265 ], [ 127.476089319512809, 36.44551578882038 ], [ 127.476196456888488, 36.44565025613224 ], [ 127.476151470267666, 36.445647902775839 ], [ 127.476150953680673, 36.445676624510718 ], [ 127.476149254890416, 36.445683389897297 ], [ 127.47615689758446, 36.445707573435371 ] ] ] ] } },
{ "type": "Feature", "properties": { "EMD_CD": "30230123", "EMD_ENG_NM": "Hwangho-dong", "EMD_KOR_NM": "황호동" }, "geometry": { "type": "MultiPolygon", "coordinates": [ [ [ [ 127.502790123277791, 36.455504597237677 ], [ 127.502796838693328, 36.455492457600464 ], [ 127.502962228407881, 36.455191283966265 ], [ 127.50323810683507, 36.454697592949806 ], [ 127.503595921382271, 36.45404556727388 ], [ 127.503788566310732, 36.453700914523573 ], [ 127.503797343752012, 36.453685107487118 ], [ 127.504455800275537, 36.451896933914142 ], [ 127.504459537389607, 36.451881427418556 ], [ 127.504471920703253, 36.451829838535851 ], [ 127.504417373117761, 36.451694896026382 ], [ 127.503794999048509, 36.450157119354841 ], [ 127.503700393003001, 36.449919271576668 ], [ 127.503570357599742, 36.449592593251502 ], [ 127.503478461233527, 36.449368251113121 ], [ 127.503476124445953, 36.449357005584687 ], [ 127.502943833414577, 36.448948931413398 ], [ 127.502919667611735, 36.448930730578418 ], [ 127.502743832232113, 36.448799108207368 ], [ 127.502683619077615, 36.448757124150596 ], [ 127.502473786755615, 36.448596077390526 ], [ 127.502372388240744, 36.448520472903461 ], [ 127.502364133964875, 36.448511775398181 ], [ 127.502090903443602, 36.448302277796934 ], [ 127.502087046911342, 36.448297508865089 ], [ 127.50206252093831, 36.448278741639349 ], [ 127.501324295937252, 36.447714390004535 ], [ 127.501162817585296, 36.447590878572377 ], [ 127.501102405737527, 36.447547200373492 ], [ 127.501086471019946, 36.447535723334155 ], [ 127.500920803469057, 36.447411093651425 ], [ 127.500415568325977, 36.447031353095838 ], [ 127.499960432010624, 36.446691934901942 ], [ 127.499690759460606, 36.446490869627702 ], [ 127.499561867859484, 36.446393686762029 ], [ 127.499369405590897, 36.44624862045616 ], [ 127.499342626101509, 36.44622958270255 ], [ 127.499337371624009, 36.446225936935129 ], [ 127.49928555053684, 36.446189268965831 ], [ 127.498479779268408, 36.445631092585671 ], [ 127.497930493977464, 36.445254056925251 ], [ 127.497842280022596, 36.445194713518418 ], [ 127.497610316965648, 36.445032064905398 ], [ 127.497142303344262, 36.444717759284842 ], [ 127.496996578008449, 36.444575315629272 ], [ 127.496905756464528, 36.444489794913487 ], [ 127.49666306176853, 36.444254249851078 ], [ 127.496558390175551, 36.444154998709685 ], [ 127.496278207878376, 36.443889194469811 ], [ 127.496100925607323, 36.443717584074555 ], [ 127.496019726491994, 36.443636537562526 ], [ 127.495042884224787, 36.442695489346583 ], [ 127.4947468939083, 36.442408065077309 ], [ 127.494315184057854, 36.4419888483718 ], [ 127.493887359884511, 36.441576643010222 ], [ 127.493766188985973, 36.44145801957584 ], [ 127.4937158501846, 36.44140613159994 ], [ 127.493497027534389, 36.441194695411966 ], [ 127.49347453156237, 36.441164662643075 ], [ 127.493385075389483, 36.441045061027822 ], [ 127.493336067516751, 36.440956562649511 ], [ 127.493017698262918, 36.440406198185549 ], [ 127.492962368235197, 36.440308984504647 ], [ 127.492943129515098, 36.440271891218906 ], [ 127.492768544261722, 36.43997185057556 ], [ 127.492723415088449, 36.439889806229608 ], [ 127.492654182679942, 36.439772094338387 ], [ 127.49258333948238, 36.439646512968231 ], [ 127.492543545931738, 36.439581054817836 ], [ 127.492429658259496, 36.439373131968821 ], [ 127.492364458603973, 36.439396217211389 ], [ 127.492345320852777, 36.439401639723577 ], [ 127.4911147382808, 36.439829395876359 ], [ 127.491077003667883, 36.440008086708843 ], [ 127.491023951578299, 36.439997886946998 ], [ 127.491010810393462, 36.439984991287162 ], [ 127.490994951203476, 36.439985056313297 ], [ 127.490977508675371, 36.43995499333176 ], [ 127.49093073351942, 36.439887598757714 ], [ 127.4903829137521, 36.439594995656762 ], [ 127.489904432078745, 36.439241278654109 ], [ 127.489799843112792, 36.439124277441309 ], [ 127.489310552370554, 36.439075867277481 ], [ 127.488867849124134, 36.438785089482884 ], [ 127.488321390603446, 36.438984725278488 ], [ 127.48774378401005, 36.438634503656807 ], [ 127.487321312912798, 36.437982888643944 ], [ 127.487193852565426, 36.437774168836441 ], [ 127.48707285364145, 36.437540920287368 ], [ 127.486841661093564, 36.437297711315928 ], [ 127.486515237797931, 36.437095710973722 ], [ 127.486183784909528, 36.436757160575098 ], [ 127.486015227960053, 36.436384425406736 ], [ 127.485441932970289, 36.436556843061211 ], [ 127.485293297958705, 36.436584759375563 ], [ 127.485214927728705, 36.436593529730871 ], [ 127.484861372292798, 36.436820529018391 ], [ 127.48470797485669, 36.43709318971721 ], [ 127.484132138564945, 36.43750131666409 ], [ 127.483499081657229, 36.438013872041317 ], [ 127.483389371514633, 36.438111188742162 ], [ 127.48311979855886, 36.438197885955226 ], [ 127.48299219401521, 36.43824571112799 ], [ 127.482476049824228, 36.43841844276362 ], [ 127.48211637081171, 36.43830612085268 ], [ 127.481874272612245, 36.438412133482245 ], [ 127.481439750728782, 36.438709576018645 ], [ 127.481543387742747, 36.438898680577694 ], [ 127.481841487834586, 36.43931229071412 ], [ 127.481807411908093, 36.440060951396454 ], [ 127.482012352050361, 36.440173608722503 ], [ 127.481914786137182, 36.440347473050124 ], [ 127.481912321946879, 36.440512231487311 ], [ 127.482044697825984, 36.44081245802748 ], [ 127.481789231606555, 36.441068899415967 ], [ 127.481680819036455, 36.441265624321929 ], [ 127.481313813642899, 36.44219894448451 ], [ 127.481295902306414, 36.442206342831462 ], [ 127.481298687937283, 36.442233077805781 ], [ 127.481319271657568, 36.442264814728787 ], [ 127.481348590254058, 36.442300463581454 ], [ 127.481371692725716, 36.442315582153256 ], [ 127.481438601898134, 36.442369940972313 ], [ 127.481470023589253, 36.442408401942707 ], [ 127.481491949503891, 36.44243168063975 ], [ 127.481498617793036, 36.442438691819831 ], [ 127.481377011185998, 36.442558024527045 ], [ 127.481209907261274, 36.442872693242478 ], [ 127.481213306394991, 36.442886755565048 ], [ 127.481250398327617, 36.442994744651337 ], [ 127.481479315016003, 36.443323024012138 ], [ 127.481654155922968, 36.443641391480263 ], [ 127.481730134873771, 36.443893128793611 ], [ 127.48175596635086, 36.443985392855389 ], [ 127.481784576495315, 36.444074257403223 ], [ 127.481856844464076, 36.444405986689624 ], [ 127.481845813340883, 36.444594146328242 ], [ 127.481813250122713, 36.444795909858236 ], [ 127.481807945892669, 36.444925192278141 ], [ 127.481808505492964, 36.444988838310508 ], [ 127.481800880814646, 36.4451361440669 ], [ 127.481801816711027, 36.445231887574693 ], [ 127.48179959862604, 36.445606721150689 ], [ 127.481809888049938, 36.445665533906855 ], [ 127.481810333842361, 36.445708904497877 ], [ 127.481827137080103, 36.445890752183921 ], [ 127.481855206901415, 36.446090865908843 ], [ 127.481866422735933, 36.446157001282096 ], [ 127.48188961473835, 36.446327558853753 ], [ 127.481909746800852, 36.446370850217235 ], [ 127.481984770209067, 36.446553869343163 ], [ 127.48208576498341, 36.446793682508314 ], [ 127.48218510124893, 36.447048416295509 ], [ 127.48222384621792, 36.447141754641038 ], [ 127.482254670272454, 36.447222175339576 ], [ 127.482313575708233, 36.44736330157221 ], [ 127.48241677474627, 36.447621966617788 ], [ 127.482498054596988, 36.447773708274248 ], [ 127.482535561330963, 36.44783438479287 ], [ 127.482831380579398, 36.448381488288916 ], [ 127.482819249575385, 36.448476157981155 ], [ 127.482778942230809, 36.448863256385799 ], [ 127.482569025972523, 36.448936753253022 ], [ 127.482484433521165, 36.448955117131 ], [ 127.482508232168414, 36.448968817847714 ], [ 127.482523619991056, 36.449005928288237 ], [ 127.48210122394697, 36.449865975138678 ], [ 127.482096276967866, 36.449939213499697 ], [ 127.482105370438916, 36.450538162303047 ], [ 127.482086950412551, 36.450801543472039 ], [ 127.48246220948306, 36.451028698882041 ], [ 127.482289519494884, 36.451147102750141 ], [ 127.481923629147531, 36.451250802332332 ], [ 127.481738938139955, 36.451232116713655 ], [ 127.481992742609947, 36.451719122075772 ], [ 127.482133019405936, 36.451996787341237 ], [ 127.482456583152484, 36.452545744131669 ], [ 127.482909861121371, 36.453156139957933 ], [ 127.483147108699185, 36.453470864595808 ], [ 127.48451152847116, 36.45294212596108 ], [ 127.484541944801478, 36.452929044350412 ], [ 127.485404928684972, 36.452880212203915 ], [ 127.485721169577701, 36.4528623125858 ], [ 127.485794332704288, 36.452856662947099 ], [ 127.486152678188489, 36.452829021147174 ], [ 127.48690152322969, 36.452783741506181 ], [ 127.48815388530636, 36.452932964149355 ], [ 127.489277016338306, 36.453066931669916 ], [ 127.490565869513802, 36.453224144260531 ], [ 127.491618878438416, 36.453349365498198 ], [ 127.492072838141127, 36.453503228281768 ], [ 127.493499027087694, 36.453959765072184 ], [ 127.493975489094964, 36.454114654264323 ], [ 127.494547802608778, 36.454295053696256 ], [ 127.495082778337149, 36.45446772872684 ], [ 127.496081074051588, 36.454784621828964 ], [ 127.496087725089652, 36.454788541302555 ], [ 127.496466179227539, 36.454906933517641 ], [ 127.496776708512527, 36.455003933755371 ], [ 127.496802384566735, 36.455013965139713 ], [ 127.497078688094618, 36.455101806746022 ], [ 127.497207744481074, 36.455140696118775 ], [ 127.497261158444772, 36.45515342379295 ], [ 127.497353554855422, 36.455182895062634 ], [ 127.497367883691325, 36.455189026430062 ], [ 127.497411033054789, 36.455203211481063 ], [ 127.497478786730923, 36.455223764532207 ], [ 127.497487532794551, 36.455229081013947 ], [ 127.497519837231934, 36.455237678908617 ], [ 127.497549352525084, 36.45524797353346 ], [ 127.497572753945477, 36.455254634896285 ], [ 127.497614863773293, 36.455270229985317 ], [ 127.49767772679057, 36.455288280033521 ], [ 127.497748292646463, 36.455312479904727 ], [ 127.497898499314303, 36.455360012725201 ], [ 127.498108448804004, 36.455429546174997 ], [ 127.498121012410436, 36.455431737764549 ], [ 127.498387709470265, 36.455517084064262 ], [ 127.498458973569413, 36.455538757390222 ], [ 127.498748871098471, 36.455627097224237 ], [ 127.499408864724231, 36.455831898531471 ], [ 127.500590917092026, 36.456203470774476 ], [ 127.502440881373929, 36.455621797908776 ], [ 127.502764421531751, 36.455520186902753 ], [ 127.502787884167546, 36.455508544659679 ], [ 127.502790123277791, 36.455504597237677 ] ] ] ] } },
{ "type": "Feature", "properties": { "EMD_CD": "30230124", "EMD_ENG_NM": "Samjeong-dong", "EMD_KOR_NM": "삼정동" }, "geometry": { "type": "MultiPolygon", "coordinates": [ [ [ [ 127.462580212479807, 36.456161756574787 ], [ 127.463286519668898, 36.455667899470676 ], [ 127.463375475842483, 36.455589551754969 ], [ 127.463439084877166, 36.455559738877298 ], [ 127.463814566968523, 36.4557996221385 ], [ 127.463842962500621, 36.455826826008654 ], [ 127.463897892510332, 36.455479391160999 ], [ 127.463941371274714, 36.455168605346181 ], [ 127.464088104126617, 36.454987806791429 ], [ 127.464198934162852, 36.454866289704562 ], [ 127.464322589164112, 36.454644740190773 ], [ 127.464129978099976, 36.454378800500855 ], [ 127.464170509335901, 36.4536602645343 ], [ 127.464030877412213, 36.453334418067563 ], [ 127.46397822621519, 36.452774503091774 ], [ 127.463952492061338, 36.452755732704574 ], [ 127.463584032177394, 36.452461753501609 ], [ 127.463244362350892, 36.452378017323532 ], [ 127.463331421912571, 36.452217446968021 ], [ 127.463418605613597, 36.452045891041259 ], [ 127.46392504282673, 36.451889887568761 ], [ 127.46428402147933, 36.451849918132936 ], [ 127.464559379352508, 36.451670305337977 ], [ 127.46475610243364, 36.451630684439472 ], [ 127.464900995358789, 36.45155267717211 ], [ 127.465250198437886, 36.451364332309012 ], [ 127.46552129784132, 36.451318788987422 ], [ 127.465878485322747, 36.451416805888719 ], [ 127.466134738042442, 36.451423693796251 ], [ 127.467119056832587, 36.451497861971156 ], [ 127.467899093999961, 36.451744047940473 ], [ 127.467910454508356, 36.451750473811899 ], [ 127.467992882101939, 36.451835202285132 ], [ 127.467969517376531, 36.451919776434465 ], [ 127.468131620009487, 36.451979691152928 ], [ 127.468211935369339, 36.451916575997409 ], [ 127.468689268594048, 36.452139707963461 ], [ 127.468880778447968, 36.452105165141319 ], [ 127.469286064438151, 36.452287186948482 ], [ 127.469678435640532, 36.45229297502263 ], [ 127.469958030452531, 36.452211333290023 ], [ 127.470261992500738, 36.452036109893385 ], [ 127.470259885316437, 36.452034433017324 ], [ 127.470247141644549, 36.452002095721809 ], [ 127.47030385033942, 36.451955409715815 ], [ 127.470363731058143, 36.451942774702204 ], [ 127.470475661666157, 36.451947129124079 ], [ 127.470504526417415, 36.451965038721937 ], [ 127.470594800606449, 36.451962989836822 ], [ 127.470673317701127, 36.451977613315833 ], [ 127.470759718766871, 36.451999234721789 ], [ 127.47088761733923, 36.451993379032182 ], [ 127.470965844322649, 36.451959845992718 ], [ 127.471275391109188, 36.451843731531341 ], [ 127.471329705590463, 36.451775643132436 ], [ 127.471262207301592, 36.451536824612504 ], [ 127.47139135840473, 36.451246821764606 ], [ 127.471454533596599, 36.451173922327484 ], [ 127.471597382250522, 36.451019037865514 ], [ 127.471692947723682, 36.450912487947022 ], [ 127.471935914775869, 36.450479825581951 ], [ 127.47237259205005, 36.45009032983436 ], [ 127.473119247362476, 36.449745224448066 ], [ 127.473090894937116, 36.449207466764811 ], [ 127.473202132263083, 36.448983704133916 ], [ 127.473386535903458, 36.448438626292088 ], [ 127.473557961857139, 36.448080867571306 ], [ 127.473582841539127, 36.448045011524357 ], [ 127.473651652234182, 36.447954903670229 ], [ 127.473817553402057, 36.447692625304867 ], [ 127.473927844790154, 36.447543499003501 ], [ 127.474057758229961, 36.447354310864007 ], [ 127.474212386084702, 36.447102223516119 ], [ 127.474678356449814, 36.447236108754048 ], [ 127.474755664224446, 36.447195529869873 ], [ 127.474806583531645, 36.447258129190146 ], [ 127.474734881097973, 36.447332758396264 ], [ 127.474758221804137, 36.447330133631752 ], [ 127.474849929209384, 36.447335402218826 ], [ 127.474828812783443, 36.447272684752122 ], [ 127.474925846214703, 36.447295396464725 ], [ 127.474972730762289, 36.447296048588271 ], [ 127.474998837177466, 36.447319041534534 ], [ 127.475039174342427, 36.447330713640831 ], [ 127.475110491682443, 36.447337748061315 ], [ 127.475199172269924, 36.447333169799514 ], [ 127.475279784135651, 36.447348061316774 ], [ 127.475391692908474, 36.447349869994824 ], [ 127.475437497902661, 36.447374749152708 ], [ 127.475473954844418, 36.447351796282959 ], [ 127.475620523215184, 36.447207588847135 ], [ 127.475652717699489, 36.447169729795263 ], [ 127.475671369628785, 36.447142621187069 ], [ 127.475747775702189, 36.447010803729135 ], [ 127.475790771985359, 36.44697373979637 ], [ 127.475849912596743, 36.446840305714467 ], [ 127.475920153565511, 36.446698095335528 ], [ 127.476018736332065, 36.446431305304984 ], [ 127.476025690315822, 36.446399169658278 ], [ 127.476113862731211, 36.446397413342098 ], [ 127.476143065660494, 36.446384906410223 ], [ 127.476154380613949, 36.446382040819131 ], [ 127.476158747787423, 36.446355556654318 ], [ 127.476121831136922, 36.446246159536358 ], [ 127.476095941869559, 36.446202042991722 ], [ 127.476104336035476, 36.445977848335474 ], [ 127.476109038727699, 36.445920381268415 ], [ 127.476097367344082, 36.445776811246652 ], [ 127.476097228377839, 36.445753994657331 ], [ 127.476139100649704, 36.44576143389628 ], [ 127.47615689758446, 36.445707573435371 ], [ 127.476149254890416, 36.445683389897297 ], [ 127.476150953680673, 36.445676624510718 ], [ 127.476151470267666, 36.445647902775839 ], [ 127.476196456888488, 36.44565025613224 ], [ 127.476089319512809, 36.44551578882038 ], [ 127.476003844487735, 36.445359553613265 ], [ 127.476000246282709, 36.445340139099677 ], [ 127.476006875863348, 36.445313357574939 ], [ 127.475980129073591, 36.445271226937791 ], [ 127.475929136258998, 36.445225804326796 ], [ 127.475886781389562, 36.445195838154469 ], [ 127.475825992202189, 36.445201153184563 ], [ 127.475787076781941, 36.445192007922557 ], [ 127.475758918585157, 36.445176349648087 ], [ 127.475775259612817, 36.445141653493593 ], [ 127.475780935312883, 36.445101079147356 ], [ 127.475760213796875, 36.444989644026819 ], [ 127.475743829780868, 36.444931134295402 ], [ 127.475082240419169, 36.444552177263368 ], [ 127.475062104320443, 36.444336827941775 ], [ 127.474920304873692, 36.44403155765594 ], [ 127.474687022564225, 36.443784665949273 ], [ 127.474615160778939, 36.443716805705563 ], [ 127.474608565152977, 36.443664727275767 ], [ 127.474559096764892, 36.443408942262757 ], [ 127.474341365763934, 36.442969087748139 ], [ 127.474324350638781, 36.442922124046795 ], [ 127.474094776990313, 36.442625653099093 ], [ 127.473820641003414, 36.442164339130379 ], [ 127.473725417030195, 36.442008420103924 ], [ 127.473683123870686, 36.441931142421438 ], [ 127.473356762853641, 36.441794160099278 ], [ 127.473247015478023, 36.441600855227399 ], [ 127.473234474608191, 36.441572455424129 ], [ 127.472560813326226, 36.441468383053198 ], [ 127.472157881312199, 36.441117685003604 ], [ 127.471844957633408, 36.440925729340968 ], [ 127.471804956438234, 36.440882235135284 ], [ 127.471439229894159, 36.440517303025835 ], [ 127.47134644859868, 36.440330679185969 ], [ 127.471501437693448, 36.44008197296791 ], [ 127.471532305953517, 36.44002778232089 ], [ 127.471809449869113, 36.439952345810141 ], [ 127.472006040446303, 36.440012678305365 ], [ 127.472372723655951, 36.439930408289683 ], [ 127.47245821448746, 36.439917968598415 ], [ 127.47280353098958, 36.439847325304918 ], [ 127.472991255715783, 36.439826587501699 ], [ 127.473095762821387, 36.439788443489512 ], [ 127.473491516799086, 36.439672550372627 ], [ 127.473655690125028, 36.439617543710455 ], [ 127.473713473389424, 36.439461019371613 ], [ 127.473773932806481, 36.439287876183485 ], [ 127.473709175164714, 36.439068197175338 ], [ 127.473913723780441, 36.438774513525743 ], [ 127.473947381380867, 36.438720869926449 ], [ 127.473986704135612, 36.438595400097647 ], [ 127.473969577717511, 36.438415805178558 ], [ 127.474209391195132, 36.438306429257267 ], [ 127.474142180589524, 36.438112668286607 ], [ 127.474202160688421, 36.437831388482287 ], [ 127.474395638863925, 36.437754303687484 ], [ 127.474461663862542, 36.437721375375304 ], [ 127.474570231438236, 36.437636182850213 ], [ 127.4747914838957, 36.437741750037119 ], [ 127.474791007428379, 36.437633893017924 ], [ 127.474649157397508, 36.437547719370869 ], [ 127.474520695692419, 36.437427419941642 ], [ 127.47422842812577, 36.437248905820248 ], [ 127.474037928707375, 36.43712913084677 ], [ 127.473948231969459, 36.437078237299168 ], [ 127.473742325684952, 36.436918818042216 ], [ 127.473492780525035, 36.436801807966383 ], [ 127.473414136591288, 36.436879843246302 ], [ 127.473252603767762, 36.436966658839914 ], [ 127.473034627291554, 36.436883874990187 ], [ 127.472962878027502, 36.436892322788864 ], [ 127.472799553920368, 36.43691353193865 ], [ 127.472343913909327, 36.436893080306191 ], [ 127.472271987095183, 36.436899843235118 ], [ 127.472246817201039, 36.436914865566379 ], [ 127.472082605987978, 36.436962823437902 ], [ 127.471650560290328, 36.43683808491145 ], [ 127.471337109931881, 36.436903525976156 ], [ 127.471266290691304, 36.436920133537186 ], [ 127.471137741727233, 36.436900931074156 ], [ 127.470861265845144, 36.436941155377262 ], [ 127.470542215090745, 36.436915663054478 ], [ 127.470363886955838, 36.437079129681578 ], [ 127.470346098288431, 36.437077235027843 ], [ 127.469988742696401, 36.436941203086022 ], [ 127.469764344621055, 36.436804378311571 ], [ 127.469537489881276, 36.436780206810042 ], [ 127.469223991605844, 36.43657585546373 ], [ 127.469112963648314, 36.436513777424906 ], [ 127.468776611746748, 36.436332890295972 ], [ 127.467686137796335, 36.435901500043663 ], [ 127.467580581892022, 36.435558636036667 ], [ 127.467266352396138, 36.43534781205215 ], [ 127.465929192104326, 36.434600558377362 ], [ 127.465681879060099, 36.434328912354616 ], [ 127.465378985354064, 36.434205342965846 ], [ 127.465052781739232, 36.433910635200711 ], [ 127.46509876038148, 36.433644048763576 ], [ 127.464371958439912, 36.433233473665304 ], [ 127.464134128682673, 36.433148785901011 ], [ 127.463770531014319, 36.432660471466313 ], [ 127.463611857860187, 36.432142634120162 ], [ 127.463205904935805, 36.432033254636586 ], [ 127.463076824683966, 36.431834094152677 ], [ 127.463043964606214, 36.431787757707426 ], [ 127.462977112419168, 36.431679030607235 ], [ 127.46294693356802, 36.431644786262837 ], [ 127.462914168104305, 36.431612525433131 ], [ 127.462849980640016, 36.431543222440695 ], [ 127.462813361303006, 36.431509850032 ], [ 127.462733641473051, 36.431465379700072 ], [ 127.46271685751519, 36.431455874285298 ], [ 127.462716591940122, 36.431439258038623 ], [ 127.462714704083311, 36.431297333635627 ], [ 127.461954414610929, 36.430461915824537 ], [ 127.461528519784252, 36.430189543689259 ], [ 127.461473527546886, 36.430143580434638 ], [ 127.461006181430491, 36.429755063167569 ], [ 127.46079094599439, 36.429923731234396 ], [ 127.458775827273897, 36.430489901963476 ], [ 127.458527411466719, 36.430738949788385 ], [ 127.457963708245458, 36.430943586476758 ], [ 127.457361378207523, 36.431963623806425 ], [ 127.45731107402888, 36.432002114895901 ], [ 127.456719711496405, 36.432485361860394 ], [ 127.455605835626457, 36.433131396225328 ], [ 127.454713944684016, 36.43356790661727 ], [ 127.455742764490054, 36.434412486867892 ], [ 127.455768528284779, 36.434437729277185 ], [ 127.455862598782588, 36.434522142815958 ], [ 127.456270677003502, 36.434876824049113 ], [ 127.456402061449978, 36.435442355923428 ], [ 127.456657363450248, 36.435744395663512 ], [ 127.456615767037789, 36.435962525165863 ], [ 127.456583568557946, 36.43611894390412 ], [ 127.456572443747845, 36.436182905100019 ], [ 127.456761063747805, 36.436524344811879 ], [ 127.456801101234007, 36.436606422348348 ], [ 127.457019395351395, 36.437223726549327 ], [ 127.458143118045214, 36.438161138468111 ], [ 127.458212820199776, 36.43851851233061 ], [ 127.458675805900938, 36.439225559913133 ], [ 127.458661140969113, 36.440111836492235 ], [ 127.458789724973428, 36.44022596161259 ], [ 127.458940931048929, 36.440365340318493 ], [ 127.459003642398756, 36.440420016239777 ], [ 127.459057992906835, 36.440477256410034 ], [ 127.459095021685016, 36.440490631771375 ], [ 127.459625938629856, 36.440833286370676 ], [ 127.459803024395995, 36.441490727185844 ], [ 127.459844031167691, 36.441706287566014 ], [ 127.459700791830741, 36.441976056623162 ], [ 127.459764614046321, 36.442188988193855 ], [ 127.459910873972191, 36.44231515568157 ], [ 127.459942451866681, 36.442351639219225 ], [ 127.459996555958028, 36.442395083245415 ], [ 127.460011878741767, 36.442423185397494 ], [ 127.460147402497427, 36.442796354530358 ], [ 127.460444229935433, 36.443455595944641 ], [ 127.460298067970456, 36.443672434207485 ], [ 127.460281013916742, 36.443704598776939 ], [ 127.45993563974848, 36.443859409744753 ], [ 127.459865406779116, 36.444007522398159 ], [ 127.459747439937729, 36.444218898873061 ], [ 127.459382491245279, 36.444454030940477 ], [ 127.459076071223478, 36.444475770116057 ], [ 127.459045109841014, 36.444515872890392 ], [ 127.458522497375668, 36.444969297731383 ], [ 127.458208605943369, 36.445410378186075 ], [ 127.457923009207164, 36.445626899780265 ], [ 127.457438240828992, 36.445581162419764 ], [ 127.457090328228844, 36.445809743121089 ], [ 127.45709743539804, 36.446489247382154 ], [ 127.457096807194986, 36.446858721902075 ], [ 127.457068451218845, 36.446867841633832 ], [ 127.456841286832784, 36.446884757841964 ], [ 127.456517821086763, 36.446913584473656 ], [ 127.455942963459492, 36.447678373667912 ], [ 127.455652600404804, 36.447856609005036 ], [ 127.455624588164468, 36.447894176435639 ], [ 127.455539963224268, 36.447997842376125 ], [ 127.455452441366347, 36.44808294654225 ], [ 127.455336582312, 36.448209268903902 ], [ 127.455280329451753, 36.448275933652951 ], [ 127.455221083349528, 36.44833811300672 ], [ 127.455153651992745, 36.448460033723947 ], [ 127.455003551990217, 36.448723055356794 ], [ 127.454930775745652, 36.448856251627021 ], [ 127.454863287754989, 36.448968593149793 ], [ 127.454718633354503, 36.449147966892646 ], [ 127.453961089986109, 36.450032274625634 ], [ 127.454045249539547, 36.450058990135709 ], [ 127.454254256723061, 36.45012522521472 ], [ 127.454365127194166, 36.45015887717588 ], [ 127.454752879915006, 36.450272022918995 ], [ 127.454762132003978, 36.450274799379862 ], [ 127.455838194204276, 36.45087307400761 ], [ 127.456537967760127, 36.451259029859514 ], [ 127.456771761631003, 36.451391337516043 ], [ 127.456925985743553, 36.451475232101799 ], [ 127.457326594582653, 36.451700117139993 ], [ 127.45738622332351, 36.451733682579295 ], [ 127.45811347499847, 36.452136709087789 ], [ 127.458405318989065, 36.452298637548253 ], [ 127.458578034656654, 36.452444133941185 ], [ 127.459215318569633, 36.452990546742328 ], [ 127.45956863524458, 36.453289671038796 ], [ 127.460962006701251, 36.454480592911281 ], [ 127.461559291027129, 36.455093606682667 ], [ 127.461792546303371, 36.455337144393184 ], [ 127.462031415498146, 36.45558657151777 ], [ 127.462120295112982, 36.455672405543574 ], [ 127.462203635671102, 36.455764731136824 ], [ 127.462500165762194, 36.456066318576589 ], [ 127.462558221541769, 36.456127201317834 ], [ 127.462580212479807, 36.456161756574787 ] ] ] ] } },
{ "type": "Feature", "properties": { "EMD_CD": "30230125", "EMD_ENG_NM": "Miho-dong", "EMD_KOR_NM": "미호동" }, "geometry": { "type": "MultiPolygon", "coordinates": [ [ [ [ 127.484231405651073, 36.475797773454957 ], [ 127.484275831572347, 36.475624123118848 ], [ 127.484281390965776, 36.475593966302789 ], [ 127.484334464899405, 36.475380855810734 ], [ 127.484381173201641, 36.47518128823819 ], [ 127.484503605502326, 36.47468235079328 ], [ 127.484536388644173, 36.474542252070769 ], [ 127.48452888855256, 36.474514968684005 ], [ 127.484428816755567, 36.474148724283829 ], [ 127.484312869355392, 36.473725086907834 ], [ 127.484279538649005, 36.473607793358291 ], [ 127.484267079060402, 36.473567012816616 ], [ 127.484220090218045, 36.47341175512787 ], [ 127.483807585517113, 36.471916951886861 ], [ 127.483689381150839, 36.471495305367874 ], [ 127.483654019923335, 36.471359708494759 ], [ 127.4835852466164, 36.471120335338902 ], [ 127.48358411586706, 36.47110710205969 ], [ 127.483372241787762, 36.470336639061287 ], [ 127.483285652667547, 36.47000722291812 ], [ 127.48315370725723, 36.469673763366387 ], [ 127.483105745647478, 36.469557096165737 ], [ 127.483083090273851, 36.469501992326904 ], [ 127.482874224802828, 36.468992839738412 ], [ 127.482857158467127, 36.468966441879537 ], [ 127.482749672507239, 36.468782698882883 ], [ 127.48270685734073, 36.468709653308366 ], [ 127.482650341833406, 36.468618640006035 ], [ 127.482614569480674, 36.468556830343246 ], [ 127.482596087100248, 36.468528743995975 ], [ 127.48259151393772, 36.468521724470349 ], [ 127.482578281500054, 36.46849642853703 ], [ 127.482357377786101, 36.468123621995211 ], [ 127.482329640832305, 36.468065726890806 ], [ 127.482320632357627, 36.468046893158366 ], [ 127.482264833275792, 36.467930815866161 ], [ 127.482260927526241, 36.467919846613043 ], [ 127.482260041664517, 36.467917317957401 ], [ 127.482258464084381, 36.467914792088095 ], [ 127.482234497912216, 36.467874895705478 ], [ 127.482230559873287, 36.467856888620396 ], [ 127.482211841931544, 36.467819512328724 ], [ 127.482186917662972, 36.467763570359899 ], [ 127.482183000503056, 36.467748942491468 ], [ 127.482172249229791, 36.467731530567093 ], [ 127.482162715440566, 36.467710725424318 ], [ 127.482159676491762, 36.467699193965103 ], [ 127.482138670199831, 36.467656194705398 ], [ 127.482137761705076, 36.467649998469938 ], [ 127.482042864855117, 36.467442837332804 ], [ 127.482040542709555, 36.467433555852466 ], [ 127.482020221318749, 36.46738942737759 ], [ 127.482018601290775, 36.467381828215629 ], [ 127.48199684708328, 36.467331505610538 ], [ 127.481996821002298, 36.467327279333979 ], [ 127.481954728866782, 36.467228322566157 ], [ 127.481954699340662, 36.467223537591948 ], [ 127.48193119961239, 36.467172383932841 ], [ 127.481931866970598, 36.467168434220511 ], [ 127.481910824421718, 36.467119514522921 ], [ 127.481910086804064, 36.467113885320181 ], [ 127.481887466028908, 36.467064133903442 ], [ 127.481887443456685, 36.467060475335458 ], [ 127.48186413444823, 36.467011285395344 ], [ 127.481865483883468, 36.467003962646331 ], [ 127.481843762904205, 36.466958992691993 ], [ 127.481843726436296, 36.466953081311054 ], [ 127.481820409778138, 36.466904450103577 ], [ 127.481818068553437, 36.466892068747214 ], [ 127.481799353531343, 36.466853286581468 ], [ 127.481797027931208, 36.466843437386267 ], [ 127.481774433321448, 36.466797903210548 ], [ 127.481770342301786, 36.466785817261439 ], [ 127.481750194517574, 36.466740840957456 ], [ 127.48174946457047, 36.466734643999494 ], [ 127.481726175882088, 36.46669052740814 ], [ 127.481725963349234, 36.466683201933613 ], [ 127.481702634787496, 36.466632615258071 ], [ 127.481702596552338, 36.466626415516615 ], [ 127.481680204907292, 36.466584827530781 ], [ 127.481679296462431, 36.466578631290353 ], [ 127.481656679494463, 36.466529447532025 ], [ 127.481654360868546, 36.466520724739858 ], [ 127.481634039939962, 36.466476596189096 ], [ 127.481606425286444, 36.466409400561538 ], [ 127.481431855277464, 36.466143417033898 ], [ 127.481339936239209, 36.465993412107906 ], [ 127.481285118105319, 36.465923793539325 ], [ 127.481077195357912, 36.465647526266295 ], [ 127.480899935241169, 36.465426051401806 ], [ 127.480846905063117, 36.465364022116937 ], [ 127.480781561522392, 36.465282622519375 ], [ 127.480764869514417, 36.465262413722087 ], [ 127.480535500994833, 36.464985105141807 ], [ 127.4804982375789, 36.464963284711388 ], [ 127.480433678124101, 36.464925812727962 ], [ 127.480107571405, 36.464650017882484 ], [ 127.479718068038139, 36.464213116594273 ], [ 127.479400210917262, 36.463746351455278 ], [ 127.479248368156135, 36.463432963289755 ], [ 127.479159213326383, 36.463248584746857 ], [ 127.479087879995092, 36.463101307184409 ], [ 127.479057290428045, 36.462974142395851 ], [ 127.479055152468149, 36.462965707191209 ], [ 127.479018009508508, 36.462821392724337 ], [ 127.479016237236408, 36.462818011497397 ], [ 127.478953654656848, 36.462702248032819 ], [ 127.478873903509964, 36.462573865032823 ], [ 127.478681906923498, 36.462277533192776 ], [ 127.478481271512791, 36.461993067626018 ], [ 127.478297504925564, 36.461759503274536 ], [ 127.478259192580012, 36.46170812864716 ], [ 127.47810219238896, 36.461462057258018 ], [ 127.47795218049292, 36.461189220676175 ], [ 127.477822202712417, 36.460914042058555 ], [ 127.477684882245015, 36.460519778750509 ], [ 127.477596526409172, 36.460096302966548 ], [ 127.477558094496644, 36.459912000122472 ], [ 127.477522732969931, 36.45971530323046 ], [ 127.477500351005673, 36.459590637452578 ], [ 127.477499585341462, 36.459578529066142 ], [ 127.477474884306858, 36.459216762246903 ], [ 127.477467815253732, 36.45917173299317 ], [ 127.477460729877194, 36.45912585672378 ], [ 127.47748084522128, 36.458936255889014 ], [ 127.47757987260546, 36.45842671180548 ], [ 127.477583284238023, 36.458415433835825 ], [ 127.477734465539243, 36.458110692956801 ], [ 127.477888711780892, 36.457851276450754 ], [ 127.478042320414374, 36.45763185527904 ], [ 127.478172975100392, 36.457418716467195 ], [ 127.478278452915887, 36.457280590601712 ], [ 127.478780151963306, 36.456691144477098 ], [ 127.478955899761033, 36.456500920926061 ], [ 127.47918211520502, 36.456296410195151 ], [ 127.479505244584644, 36.45600788432035 ], [ 127.479861439852257, 36.455769058611445 ], [ 127.479926019275297, 36.455725706829227 ], [ 127.480063996345905, 36.455601813420024 ], [ 127.480120705935406, 36.455553996348939 ], [ 127.480555247642229, 36.455187567048689 ], [ 127.481171188476239, 36.454672285419505 ], [ 127.481515886253064, 36.454379711350271 ], [ 127.482107021480417, 36.453885079833867 ], [ 127.483147108699185, 36.453470864595808 ], [ 127.482909861121371, 36.453156139957933 ], [ 127.482456583152484, 36.452545744131669 ], [ 127.482133019405936, 36.451996787341237 ], [ 127.481992742609947, 36.451719122075772 ], [ 127.481738938139955, 36.451232116713655 ], [ 127.481923629147531, 36.451250802332332 ], [ 127.482289519494884, 36.451147102750141 ], [ 127.48246220948306, 36.451028698882041 ], [ 127.482086950412551, 36.450801543472039 ], [ 127.482105370438916, 36.450538162303047 ], [ 127.482096276967866, 36.449939213499697 ], [ 127.48210122394697, 36.449865975138678 ], [ 127.482523619991056, 36.449005928288237 ], [ 127.482508232168414, 36.448968817847714 ], [ 127.482484433521165, 36.448955117131 ], [ 127.482569025972523, 36.448936753253022 ], [ 127.482778942230809, 36.448863256385799 ], [ 127.482819249575385, 36.448476157981155 ], [ 127.482831380579398, 36.448381488288916 ], [ 127.482535561330963, 36.44783438479287 ], [ 127.482306238991356, 36.447840940846042 ], [ 127.481995685103442, 36.447701665867257 ], [ 127.481555255104908, 36.44755897440097 ], [ 127.481112353484008, 36.447380524567755 ], [ 127.480999951494582, 36.447325780641933 ], [ 127.480885639858371, 36.447272450072788 ], [ 127.48053212944842, 36.447204597727577 ], [ 127.480426059422314, 36.447187279665648 ], [ 127.48027192007919, 36.447203388740284 ], [ 127.48026337279066, 36.447202855295224 ], [ 127.480220895579691, 36.447182470400939 ], [ 127.480074020107821, 36.447131810878737 ], [ 127.479829969429773, 36.447037321128633 ], [ 127.479387844363686, 36.447013463149752 ], [ 127.478890284665923, 36.447046147146487 ], [ 127.47839826136034, 36.4469264674334 ], [ 127.478381841977821, 36.446920891823325 ], [ 127.478183058270403, 36.446675284120744 ], [ 127.478112301412821, 36.44659023667748 ], [ 127.478077867866745, 36.446460554372337 ], [ 127.478155903411434, 36.4462822655344 ], [ 127.47799224662495, 36.446082412829178 ], [ 127.477527719946949, 36.445956410798686 ], [ 127.477304248774047, 36.445891968264498 ], [ 127.477219741887978, 36.44586554988598 ], [ 127.476973074086715, 36.445770505965939 ], [ 127.476766348169363, 36.445737536005183 ], [ 127.47615689758446, 36.445707573435371 ], [ 127.476139100649704, 36.44576143389628 ], [ 127.476097228377839, 36.445753994657331 ], [ 127.476097367344082, 36.445776811246652 ], [ 127.476109038727699, 36.445920381268415 ], [ 127.476104336035476, 36.445977848335474 ], [ 127.476095941869559, 36.446202042991722 ], [ 127.476121831136922, 36.446246159536358 ], [ 127.476158747787423, 36.446355556654318 ], [ 127.476154380613949, 36.446382040819131 ], [ 127.476143065660494, 36.446384906410223 ], [ 127.476113862731211, 36.446397413342098 ], [ 127.476025690315822, 36.446399169658278 ], [ 127.476018736332065, 36.446431305304984 ], [ 127.475920153565511, 36.446698095335528 ], [ 127.475849912596743, 36.446840305714467 ], [ 127.475790771985359, 36.44697373979637 ], [ 127.475747775702189, 36.447010803729135 ], [ 127.475671369628785, 36.447142621187069 ], [ 127.475652717699489, 36.447169729795263 ], [ 127.475620523215184, 36.447207588847135 ], [ 127.475473954844418, 36.447351796282959 ], [ 127.475437497902661, 36.447374749152708 ], [ 127.475391692908474, 36.447349869994824 ], [ 127.475279784135651, 36.447348061316774 ], [ 127.475199172269924, 36.447333169799514 ], [ 127.475110491682443, 36.447337748061315 ], [ 127.475039174342427, 36.447330713640831 ], [ 127.474998837177466, 36.447319041534534 ], [ 127.474972730762289, 36.447296048588271 ], [ 127.474925846214703, 36.447295396464725 ], [ 127.474828812783443, 36.447272684752122 ], [ 127.474849929209384, 36.447335402218826 ], [ 127.474758221804137, 36.447330133631752 ], [ 127.474734881097973, 36.447332758396264 ], [ 127.474806583531645, 36.447258129190146 ], [ 127.474755664224446, 36.447195529869873 ], [ 127.474678356449814, 36.447236108754048 ], [ 127.474212386084702, 36.447102223516119 ], [ 127.474057758229961, 36.447354310864007 ], [ 127.473927844790154, 36.447543499003501 ], [ 127.473817553402057, 36.447692625304867 ], [ 127.473651652234182, 36.447954903670229 ], [ 127.473582841539127, 36.448045011524357 ], [ 127.473557961857139, 36.448080867571306 ], [ 127.473386535903458, 36.448438626292088 ], [ 127.473202132263083, 36.448983704133916 ], [ 127.473090894937116, 36.449207466764811 ], [ 127.473119247362476, 36.449745224448066 ], [ 127.47237259205005, 36.45009032983436 ], [ 127.471935914775869, 36.450479825581951 ], [ 127.471692947723682, 36.450912487947022 ], [ 127.471597382250522, 36.451019037865514 ], [ 127.471454533596599, 36.451173922327484 ], [ 127.47139135840473, 36.451246821764606 ], [ 127.471262207301592, 36.451536824612504 ], [ 127.471329705590463, 36.451775643132436 ], [ 127.471275391109188, 36.451843731531341 ], [ 127.470965844322649, 36.451959845992718 ], [ 127.47088761733923, 36.451993379032182 ], [ 127.470759718766871, 36.451999234721789 ], [ 127.470673317701127, 36.451977613315833 ], [ 127.470594800606449, 36.451962989836822 ], [ 127.470504526417415, 36.451965038721937 ], [ 127.470475661666157, 36.451947129124079 ], [ 127.470363731058143, 36.451942774702204 ], [ 127.47030385033942, 36.451955409715815 ], [ 127.470247141644549, 36.452002095721809 ], [ 127.470259885316437, 36.452034433017324 ], [ 127.470261992500738, 36.452036109893385 ], [ 127.469958030452531, 36.452211333290023 ], [ 127.469678435640532, 36.45229297502263 ], [ 127.469286064438151, 36.452287186948482 ], [ 127.468880778447968, 36.452105165141319 ], [ 127.468689268594048, 36.452139707963461 ], [ 127.468211935369339, 36.451916575997409 ], [ 127.468131620009487, 36.451979691152928 ], [ 127.467969517376531, 36.451919776434465 ], [ 127.467992882101939, 36.451835202285132 ], [ 127.467910454508356, 36.451750473811899 ], [ 127.467899093999961, 36.451744047940473 ], [ 127.467119056832587, 36.451497861971156 ], [ 127.466134738042442, 36.451423693796251 ], [ 127.465878485322747, 36.451416805888719 ], [ 127.46552129784132, 36.451318788987422 ], [ 127.465250198437886, 36.451364332309012 ], [ 127.464900995358789, 36.45155267717211 ], [ 127.46475610243364, 36.451630684439472 ], [ 127.464559379352508, 36.451670305337977 ], [ 127.46428402147933, 36.451849918132936 ], [ 127.46392504282673, 36.451889887568761 ], [ 127.463418605613597, 36.452045891041259 ], [ 127.463331421912571, 36.452217446968021 ], [ 127.463244362350892, 36.452378017323532 ], [ 127.463584032177394, 36.452461753501609 ], [ 127.463952492061338, 36.452755732704574 ], [ 127.46397822621519, 36.452774503091774 ], [ 127.464030877412213, 36.453334418067563 ], [ 127.464170509335901, 36.4536602645343 ], [ 127.464129978099976, 36.454378800500855 ], [ 127.464322589164112, 36.454644740190773 ], [ 127.464198934162852, 36.454866289704562 ], [ 127.464088104126617, 36.454987806791429 ], [ 127.463941371274714, 36.455168605346181 ], [ 127.463897892510332, 36.455479391160999 ], [ 127.463842962500621, 36.455826826008654 ], [ 127.463814566968523, 36.4557996221385 ], [ 127.463439084877166, 36.455559738877298 ], [ 127.463375475842483, 36.455589551754969 ], [ 127.463286519668898, 36.455667899470676 ], [ 127.462580212479807, 36.456161756574787 ], [ 127.46327291233969, 36.459252833590142 ], [ 127.463487491025234, 36.460194551357446 ], [ 127.463512516102753, 36.460298375022582 ], [ 127.463513133969983, 36.46031414274227 ], [ 127.46358967151771, 36.462314109010784 ], [ 127.463584629703931, 36.462874534989503 ], [ 127.463583148615186, 36.462890031471836 ], [ 127.463586055018197, 36.463114739698128 ], [ 127.463585304435682, 36.463283428643905 ], [ 127.463589306251009, 36.46339943605323 ], [ 127.463625601410925, 36.463698927480046 ], [ 127.463636389092429, 36.463813502813323 ], [ 127.463686588464114, 36.46413602779004 ], [ 127.463738699576041, 36.464338863778536 ], [ 127.463780706900124, 36.464514145701727 ], [ 127.463824051981732, 36.464593387021274 ], [ 127.463986998236095, 36.464907878356293 ], [ 127.464108806740953, 36.465135225641255 ], [ 127.464218131995352, 36.465345733666318 ], [ 127.464685103059651, 36.466217468527226 ], [ 127.464820354032923, 36.466475744330261 ], [ 127.46494070643476, 36.466693805505237 ], [ 127.464944080285051, 36.466703930321735 ], [ 127.464950579112283, 36.466712357856473 ], [ 127.465160775502312, 36.467115363972475 ], [ 127.465308074302669, 36.467406538342622 ], [ 127.465381610245103, 36.46754705693602 ], [ 127.465493110310291, 36.46776937829496 ], [ 127.465544043596594, 36.467863233089332 ], [ 127.465690468323714, 36.46815328390533 ], [ 127.465811273527024, 36.468386553740402 ], [ 127.465842521321676, 36.468451486038077 ], [ 127.465900906479902, 36.468565587501189 ], [ 127.46603352360016, 36.468820492745643 ], [ 127.466038793125804, 36.468826663120858 ], [ 127.466052007443764, 36.468851681618837 ], [ 127.466082198436951, 36.468915203158851 ], [ 127.4661190402485, 36.468982645826522 ], [ 127.466158220930595, 36.469062470158171 ], [ 127.4661913602948, 36.469124574398286 ], [ 127.466253645043082, 36.469248807412995 ], [ 127.466299487491938, 36.469336211438957 ], [ 127.466304063673434, 36.469342105146161 ], [ 127.466447272119737, 36.469619497332737 ], [ 127.466490340244064, 36.469707470798141 ], [ 127.466501611645569, 36.469726576271221 ], [ 127.466679576874824, 36.470073103949616 ], [ 127.466809598587403, 36.470184114107994 ], [ 127.466931092852974, 36.47029825732502 ], [ 127.469306462776032, 36.472572531519646 ], [ 127.469425269866662, 36.472702452735646 ], [ 127.469566788953841, 36.472840728502781 ], [ 127.470155388158517, 36.473540466151192 ], [ 127.470286542379782, 36.473663579389473 ], [ 127.470308593083431, 36.473677009974516 ], [ 127.470473898811846, 36.473797735973776 ], [ 127.470767663880608, 36.474029185249812 ], [ 127.471109041997536, 36.474264393463116 ], [ 127.471256484265339, 36.474369986303337 ], [ 127.471794023588373, 36.47469396718413 ], [ 127.471798918248496, 36.474697047840095 ], [ 127.472331111248167, 36.474972051993618 ], [ 127.4724273044054, 36.475021794223956 ], [ 127.472488805145687, 36.475043521476664 ], [ 127.472998286644412, 36.475224838939305 ], [ 127.473209192220239, 36.475301441018296 ], [ 127.4734050773192, 36.475375858263504 ], [ 127.473768184470188, 36.475510152573008 ], [ 127.473795976687043, 36.475520748207401 ], [ 127.47420103232686, 36.475674024533468 ], [ 127.474611485793091, 36.475824754866302 ], [ 127.474975919909809, 36.475947217175445 ], [ 127.475023957939158, 36.475962228916146 ], [ 127.475187764221474, 36.476006915516074 ], [ 127.475609962119066, 36.476137878694374 ], [ 127.476127903661322, 36.476331819221791 ], [ 127.478070199614237, 36.476711571497432 ], [ 127.478216133606381, 36.476741681669004 ], [ 127.478336225529546, 36.476764577613814 ], [ 127.47930033084441, 36.476956441400475 ], [ 127.47986659196539, 36.477065131002533 ], [ 127.479871115161203, 36.47706397742715 ], [ 127.480610729448443, 36.477209987821283 ], [ 127.480704512151021, 36.477207637760955 ], [ 127.480786188415252, 36.477192666136787 ], [ 127.481147558327336, 36.477126728242467 ], [ 127.481392599384222, 36.477082091599733 ], [ 127.484030755013293, 36.476617780735353 ], [ 127.484032672456379, 36.476617493627124 ], [ 127.484111551220494, 36.476291915028739 ], [ 127.484126993509605, 36.476223419549626 ], [ 127.484133607154703, 36.47619411456828 ], [ 127.48414875586684, 36.476134064011042 ], [ 127.484194359976527, 36.475954218075358 ], [ 127.484208945784559, 36.475887978911629 ], [ 127.484211993861095, 36.475873890680923 ], [ 127.484219827715719, 36.475843436302199 ], [ 127.484231405651073, 36.475797773454957 ] ] ] ] } },
{ "type": "Feature", "properties": { "EMD_CD": "30230126", "EMD_ENG_NM": "Sintanjin-dong", "EMD_KOR_NM": "신탄진동" }, "geometry": { "type": "MultiPolygon", "coordinates": [ [ [ [ 127.432130889029821, 36.456621588586444 ], [ 127.43378961320802, 36.456537309869582 ], [ 127.43391680868514, 36.456529522792181 ], [ 127.434182916879067, 36.456518708891586 ], [ 127.434727300486955, 36.456492511374144 ], [ 127.435399777103697, 36.456465566455606 ], [ 127.435826722435237, 36.456446558410917 ], [ 127.435861395996042, 36.456445017433182 ], [ 127.435941004864006, 36.456435716204396 ], [ 127.436767004880679, 36.456401455098444 ], [ 127.436769793673363, 36.456401444928929 ], [ 127.436944555738492, 36.456140320869274 ], [ 127.437001234570502, 36.45605225188492 ], [ 127.437039798253693, 36.455998321486106 ], [ 127.436336417839897, 36.45607776310419 ], [ 127.435780233876528, 36.456143715592077 ], [ 127.435099048751596, 36.456110704667374 ], [ 127.434878489258196, 36.456097429684377 ], [ 127.434128361263831, 36.456142108419677 ], [ 127.434101007070169, 36.45614389271234 ], [ 127.43402035128598, 36.456153484876005 ], [ 127.433952907704523, 36.455778057435431 ], [ 127.437432600163731, 36.455765120591472 ], [ 127.437438690836657, 36.455765098347534 ], [ 127.437500134362537, 36.455717284153742 ], [ 127.437620510159505, 36.455613491407753 ], [ 127.43777978645889, 36.455482242481168 ], [ 127.43778915714762, 36.455474323160658 ], [ 127.437887004258329, 36.455391456106184 ], [ 127.43811377026509, 36.455206728993346 ], [ 127.438233459303547, 36.455102100066888 ], [ 127.438434779243124, 36.454917474450738 ], [ 127.438711365415386, 36.454695679711826 ], [ 127.438765669660867, 36.454650143889772 ], [ 127.438764442697163, 36.45464817486377 ], [ 127.438945080400003, 36.454505581732199 ], [ 127.439089473944634, 36.454394661485111 ], [ 127.439169463377539, 36.454330440570196 ], [ 127.439393036630861, 36.454134467343017 ], [ 127.439893342097051, 36.45368261413104 ], [ 127.43998093015658, 36.453605135863718 ], [ 127.440052537722096, 36.453538412908046 ], [ 127.44016820746279, 36.453434076151645 ], [ 127.440342190107771, 36.453285305430157 ], [ 127.440433955482433, 36.453208937909437 ], [ 127.440708243247386, 36.452983199925349 ], [ 127.440940219231479, 36.452795077934923 ], [ 127.441091832014806, 36.452667790804249 ], [ 127.441158639484428, 36.452614602125017 ], [ 127.441283019698801, 36.452510511555062 ], [ 127.441334546552596, 36.452469490545496 ], [ 127.441474594468588, 36.452299449865777 ], [ 127.441601480781912, 36.45214549803719 ], [ 127.441702621663509, 36.452031075395823 ], [ 127.441771552493634, 36.451953096880416 ], [ 127.441961038635071, 36.451742033090923 ], [ 127.44205250589529, 36.451643136633834 ], [ 127.44233792360707, 36.451353714492221 ], [ 127.442411922073035, 36.451278528479172 ], [ 127.442415560019924, 36.45127485636732 ], [ 127.442971793678424, 36.450947259595409 ], [ 127.443281353057245, 36.45079714500789 ], [ 127.443525738498522, 36.450681055137515 ], [ 127.443924624978436, 36.450484424064555 ], [ 127.443986162770784, 36.450456602715441 ], [ 127.444103300801672, 36.450398431678849 ], [ 127.445207690545715, 36.449985434278709 ], [ 127.44524915232445, 36.449981621482507 ], [ 127.445391062413577, 36.449927304136857 ], [ 127.445721509267401, 36.449805266532948 ], [ 127.446430732852235, 36.449537911943295 ], [ 127.447067502672539, 36.449250836063541 ], [ 127.447161826520343, 36.449194720701655 ], [ 127.447114678659304, 36.448996075653078 ], [ 127.447100151722026, 36.448925164197036 ], [ 127.447060199379422, 36.448765647292895 ], [ 127.447052999395908, 36.448725681059791 ], [ 127.447012347616592, 36.448564751936267 ], [ 127.447005017543304, 36.448533238986371 ], [ 127.447004768231935, 36.448520849082215 ], [ 127.447296345647317, 36.448519760555421 ], [ 127.447071031856694, 36.448373885272574 ], [ 127.447060538789543, 36.448368571597477 ], [ 127.447074391985879, 36.448261228776246 ], [ 127.447166706573626, 36.44754982141265 ], [ 127.447077368553266, 36.447256433498652 ], [ 127.446840420732684, 36.447057090765441 ], [ 127.446811545474418, 36.44703607548432 ], [ 127.446715744644266, 36.446649784593376 ], [ 127.447461186543322, 36.445682769543886 ], [ 127.447404836210168, 36.445672842079674 ], [ 127.447337015538608, 36.445668030913303 ], [ 127.447236885197981, 36.445650102428715 ], [ 127.447165552169835, 36.445610375626352 ], [ 127.44676395690928, 36.445356451660338 ], [ 127.446146711173498, 36.44518162184908 ], [ 127.446060852516979, 36.445041415948104 ], [ 127.445737003378412, 36.444818459904347 ], [ 127.444915583084935, 36.445115803066798 ], [ 127.443209253954038, 36.444566505351162 ], [ 127.442714344185305, 36.444943160823122 ], [ 127.442404991690566, 36.445001752227881 ], [ 127.441976174655309, 36.44507880673256 ], [ 127.441715918149299, 36.444696776984443 ], [ 127.441555089130091, 36.444455185235469 ], [ 127.440188993106815, 36.443909663013805 ], [ 127.440120035669267, 36.443886828866049 ], [ 127.440031094186025, 36.443876449925739 ], [ 127.439772123494095, 36.443752366031397 ], [ 127.439661667890348, 36.443728269150355 ], [ 127.439632721858189, 36.443725843149075 ], [ 127.439438159730386, 36.443557311574757 ], [ 127.439334330448972, 36.443471803562652 ], [ 127.43960321657508, 36.44306445131997 ], [ 127.439619037971013, 36.443027779423403 ], [ 127.439680279571817, 36.443009540612827 ], [ 127.439715538903698, 36.442988288170937 ], [ 127.439763887250294, 36.442970087633029 ], [ 127.440362603441741, 36.44270626550707 ], [ 127.44049449099829, 36.442606942165234 ], [ 127.440465189205113, 36.442572968315012 ], [ 127.440370851202175, 36.442437862888077 ], [ 127.440313789822312, 36.441280938310129 ], [ 127.440190960979464, 36.441255481579432 ], [ 127.439995518187459, 36.440929531647953 ], [ 127.440448456952581, 36.440560647288983 ], [ 127.440751439012502, 36.440302704285145 ], [ 127.440626676555752, 36.43983879004881 ], [ 127.440714450641863, 36.439767501351206 ], [ 127.44083312294174, 36.439675255215519 ], [ 127.440969333554008, 36.439663210114951 ], [ 127.441528894207252, 36.439199587353166 ], [ 127.44143339298455, 36.438180230290605 ], [ 127.441354964177236, 36.438239094239208 ], [ 127.440499202304707, 36.438370379042176 ], [ 127.440315525534231, 36.438431602798104 ], [ 127.439454986125597, 36.43824129405585 ], [ 127.439045429670088, 36.438077767525208 ], [ 127.438556005998805, 36.438060699084652 ], [ 127.438540866936634, 36.438065818987894 ], [ 127.43828592895035, 36.43825148843343 ], [ 127.437791330691866, 36.438214718554491 ], [ 127.437070939881792, 36.438153141813295 ], [ 127.436624813191571, 36.438118443127934 ], [ 127.436230922548958, 36.438079037795852 ], [ 127.435968674124368, 36.438206721674987 ], [ 127.43572856835786, 36.43830530729921 ], [ 127.435579405024995, 36.438368371770508 ], [ 127.435440406306114, 36.438536437566363 ], [ 127.434710567150802, 36.438595130861415 ], [ 127.434517003123005, 36.438602024004375 ], [ 127.434325576237626, 36.438648334553577 ], [ 127.433940936309284, 36.43873675281489 ], [ 127.433004396096081, 36.438948244873785 ], [ 127.432631893021806, 36.439432843246379 ], [ 127.432564042527957, 36.439548544037748 ], [ 127.432457763716172, 36.439804350668396 ], [ 127.432400468995922, 36.439937198252196 ], [ 127.432367637037558, 36.440020385071662 ], [ 127.432243697734179, 36.440077722128329 ], [ 127.431704600179984, 36.440248911618163 ], [ 127.431716356168081, 36.440358134103306 ], [ 127.431216736467348, 36.440454275251938 ], [ 127.43099275118594, 36.440477042373857 ], [ 127.430882821158093, 36.440482231940813 ], [ 127.4307178552571, 36.44049436892719 ], [ 127.43035131360007, 36.440515682775967 ], [ 127.430196047447566, 36.44051707849529 ], [ 127.429956292447642, 36.440523850757927 ], [ 127.429820562324494, 36.440558978139485 ], [ 127.429780387212929, 36.440700774575845 ], [ 127.429829647125445, 36.441041062604626 ], [ 127.429790702562769, 36.441374349697277 ], [ 127.429768379298963, 36.441401743737202 ], [ 127.429561130182321, 36.441712546841359 ], [ 127.429129383666648, 36.441823917691757 ], [ 127.428703875272817, 36.441962587626108 ], [ 127.428690475374452, 36.442252689764565 ], [ 127.428386510779717, 36.44259650365148 ], [ 127.428344067675667, 36.442642551143393 ], [ 127.428342529373836, 36.442646783051813 ], [ 127.428216538147723, 36.442776774226814 ], [ 127.428083439958456, 36.442943116145095 ], [ 127.428111130715294, 36.443036232472295 ], [ 127.428114467901793, 36.443040726312212 ], [ 127.42821207900036, 36.442948288617011 ], [ 127.428233202991706, 36.442923719768388 ], [ 127.428324166433796, 36.442857772610068 ], [ 127.428402341883469, 36.442782589235001 ], [ 127.428422338471833, 36.442709010664878 ], [ 127.428483415819599, 36.442660355247327 ], [ 127.428542894174214, 36.442670001115317 ], [ 127.428616415408385, 36.442602439980178 ], [ 127.42861981122887, 36.442617630284374 ], [ 127.428659069393731, 36.442723095957327 ], [ 127.428744762183328, 36.442934839647158 ], [ 127.428849267749214, 36.4432110024363 ], [ 127.428858609268957, 36.443230406867158 ], [ 127.428985925193345, 36.443565630532774 ], [ 127.429044596728616, 36.443712695854046 ], [ 127.429050824008428, 36.443737743627182 ], [ 127.429087788959933, 36.443963737542859 ], [ 127.42909506808499, 36.443987366734973 ], [ 127.429098249684216, 36.444026501422002 ], [ 127.429110344543034, 36.44410249738236 ], [ 127.429127052674204, 36.44419395862213 ], [ 127.429169239089859, 36.444450636067842 ], [ 127.429145131924002, 36.444439737374857 ], [ 127.42915797558112, 36.444526147969277 ], [ 127.429183653883641, 36.444536761673355 ], [ 127.429198017668824, 36.444613587561335 ], [ 127.429213730115919, 36.444714622590595 ], [ 127.429223355472672, 36.444753175467397 ], [ 127.429227377765329, 36.444786954285895 ], [ 127.429244661402478, 36.444887704321047 ], [ 127.429241188534164, 36.444921509993939 ], [ 127.429239500479568, 36.444963482727132 ], [ 127.429285696627915, 36.445125524691292 ], [ 127.429290751919979, 36.44515647919561 ], [ 127.42931397673398, 36.445356055365323 ], [ 127.429278568629286, 36.446047816918409 ], [ 127.429244583306954, 36.446047938697504 ], [ 127.429130172507726, 36.446699431319878 ], [ 127.429119826575189, 36.446783672071057 ], [ 127.42911170504199, 36.446923659156568 ], [ 127.429099065458956, 36.447002555273272 ], [ 127.429078313841742, 36.447062610310994 ], [ 127.428953671893439, 36.447281027441264 ], [ 127.429054225996026, 36.447278982184528 ], [ 127.429087100826834, 36.447458527192531 ], [ 127.428815639202668, 36.448582560310925 ], [ 127.428647841436941, 36.449257339840869 ], [ 127.428375194450055, 36.450391225488573 ], [ 127.428137483265914, 36.450522183635591 ], [ 127.428090441596325, 36.450717225865667 ], [ 127.428060766215111, 36.450804067785299 ], [ 127.428015086932646, 36.450928139396446 ], [ 127.42780921112481, 36.451495753418442 ], [ 127.427728377841589, 36.451724988704143 ], [ 127.427664545213119, 36.451844339867222 ], [ 127.427543297440323, 36.452077666339527 ], [ 127.427593172811683, 36.452051580205023 ], [ 127.427680770839771, 36.452069849237795 ], [ 127.427620910021318, 36.452183274635765 ], [ 127.42754711822748, 36.452331660342345 ], [ 127.427469151411273, 36.452512168934035 ], [ 127.427323847321915, 36.452491564369389 ], [ 127.427277613893096, 36.45257790642534 ], [ 127.427201794725036, 36.452641257459554 ], [ 127.42727042279391, 36.452666362089694 ], [ 127.427254169414837, 36.452753993981247 ], [ 127.427236371335681, 36.4528447403519 ], [ 127.427157770582497, 36.45319730786656 ], [ 127.427136978989978, 36.453283279775974 ], [ 127.427030458262124, 36.453182838715023 ], [ 127.427003055975902, 36.453271645760751 ], [ 127.42700154468325, 36.453282915542864 ], [ 127.426959619487249, 36.453424996357299 ], [ 127.427093824276213, 36.453455490517769 ], [ 127.42706261699432, 36.4535828894372 ], [ 127.427016539467516, 36.453730617265251 ], [ 127.426993618139562, 36.453810676169461 ], [ 127.426963629976569, 36.453903998172606 ], [ 127.426957142454214, 36.453929370687725 ], [ 127.42680753302011, 36.453854153047921 ], [ 127.426756298699615, 36.453983029032138 ], [ 127.426599682902236, 36.454379814177834 ], [ 127.426573686165227, 36.454440166753663 ], [ 127.426555560935654, 36.454503879623026 ], [ 127.426466430960204, 36.454812552962395 ], [ 127.426423218798433, 36.455005327902811 ], [ 127.426340894245669, 36.455475913786778 ], [ 127.426294842220926, 36.455596038942709 ], [ 127.4262624169031, 36.455723441948315 ], [ 127.426430302588443, 36.455761990414672 ], [ 127.426582436750451, 36.455788203910323 ], [ 127.426678635675259, 36.455848688994422 ], [ 127.426763557926549, 36.455856271542849 ], [ 127.426859137344763, 36.455803267704312 ], [ 127.426917398872376, 36.455810945146702 ], [ 127.42700601842229, 36.455825552336364 ], [ 127.427273678220843, 36.455843747356703 ], [ 127.427735034489061, 36.455840695010885 ], [ 127.428081843863936, 36.455863390672143 ], [ 127.428546166853764, 36.455890738439685 ], [ 127.42881241106376, 36.455970042130076 ], [ 127.428877596153697, 36.456001349045493 ], [ 127.42916076329, 36.45614761898036 ], [ 127.428929929565498, 36.456168721692833 ], [ 127.428510485116007, 36.456186560809364 ], [ 127.427745488844664, 36.456222241122205 ], [ 127.427174131186561, 36.456223991686443 ], [ 127.427083317455157, 36.456222351000662 ], [ 127.42672498384799, 36.456197719977119 ], [ 127.426641852140349, 36.456199421893849 ], [ 127.426568030661414, 36.456214607865832 ], [ 127.425596849356467, 36.456219756556493 ], [ 127.425542627620601, 36.456218543396389 ], [ 127.424704529775596, 36.456176460246446 ], [ 127.424704541966562, 36.456178704069792 ], [ 127.424705025493353, 36.456267700050461 ], [ 127.426180349448401, 36.456591371331157 ], [ 127.427449228050577, 36.456869586225466 ], [ 127.427545760205547, 36.45686417724162 ], [ 127.429371223922161, 36.456763594493403 ], [ 127.429505224638191, 36.456757761241285 ], [ 127.430229775151474, 36.456719962042733 ], [ 127.430399486046966, 36.456708367324431 ], [ 127.430615209102768, 36.456696048245249 ], [ 127.430975043788379, 36.456678695577494 ], [ 127.431004836570693, 36.456676056143955 ], [ 127.431042136490717, 36.456675354197074 ], [ 127.4320179721215, 36.456627348742344 ], [ 127.432130889029821, 36.456621588586444 ] ] ] ] } }
]
}
