{
"type": "FeatureCollection",
"name": "deajeun_sugu_dong",
"crs": { "type": "name", "properties": { "name": "urn:ogc:def:crs:OGC:1.3:CRS84" } },
"features": [
{ "type": "Feature", "properties": { "EMD_CD": "30170101", "EMD_ENG_NM": "Boksu-dong", "EMD_KOR_NM": "복수동" }, "geometry": { "type": "MultiPolygon", "coordinates": [ [ [ [ 127.384570882230136, 36.308815456552651 ], [ 127.384410312970388, 36.308641082943822 ], [ 127.38397249929632, 36.308157535620566 ], [ 127.383811903925036, 36.308010481468507 ], [ 127.383762764072728, 36.307959379724018 ], [ 127.383687685743411, 36.307868096862656 ], [ 127.383430731014883, 36.307546188869694 ], [ 127.383218125846298, 36.307331991649136 ], [ 127.383128268204189, 36.307241882040245 ], [ 127.382667719045983, 36.306910754362939 ], [ 127.382340424154933, 36.306647924192035 ], [ 127.38194746653275, 36.306333205087853 ], [ 127.381700676067325, 36.306132632008485 ], [ 127.38145248959411, 36.305930935495141 ], [ 127.381374596388198, 36.305868947524147 ], [ 127.380895258421234, 36.30549901427414 ], [ 127.380631288651998, 36.305269772450586 ], [ 127.38056315121851, 36.305210285665851 ], [ 127.380334608501471, 36.305040345440496 ], [ 127.380235965853032, 36.304967158382688 ], [ 127.380294117211847, 36.304580316246152 ], [ 127.380312346774531, 36.304608699023731 ], [ 127.380336352556142, 36.304645796542907 ], [ 127.38051056381407, 36.30476802993654 ], [ 127.380540716477157, 36.304563763893704 ], [ 127.380558284971883, 36.304563707735802 ], [ 127.380569801249052, 36.304463136183003 ], [ 127.380587487658389, 36.304379442316758 ], [ 127.380697500297032, 36.30385274390774 ], [ 127.380906330536021, 36.303258999101971 ], [ 127.381026956184968, 36.302986569246045 ], [ 127.38136565905711, 36.302375514877838 ], [ 127.38132980537614, 36.302372249532873 ], [ 127.381228870057811, 36.302365531650423 ], [ 127.381154450085248, 36.30237168012907 ], [ 127.381142790562535, 36.302371149107316 ], [ 127.381166787903595, 36.302333052454522 ], [ 127.381177313403626, 36.302315563213277 ], [ 127.381196820370505, 36.30228368087284 ], [ 127.381404371199764, 36.302288374648811 ], [ 127.381623066279758, 36.301898758276025 ], [ 127.381978858648907, 36.301264271870885 ], [ 127.38212194707863, 36.300925874877919 ], [ 127.382140102930748, 36.300760505078685 ], [ 127.382070027154597, 36.300801001815628 ], [ 127.382023590111672, 36.300840008439536 ], [ 127.382021844471893, 36.300838049447442 ], [ 127.382102442116619, 36.30049056106057 ], [ 127.382041709017315, 36.300451327498649 ], [ 127.382003854044271, 36.300428071360926 ], [ 127.382014966537483, 36.300352562970652 ], [ 127.382093025115765, 36.300378782052405 ], [ 127.38209655670633, 36.300030970551369 ], [ 127.382097723359692, 36.299592778845629 ], [ 127.382096240263124, 36.299072066278349 ], [ 127.382120112718525, 36.298900766381458 ], [ 127.382160279870632, 36.298611982891423 ], [ 127.382126098895228, 36.298235570975315 ], [ 127.382068188071486, 36.297951885139611 ], [ 127.382029339871906, 36.297760508330811 ], [ 127.381981889415769, 36.297624636301485 ], [ 127.38192986069393, 36.297479206926482 ], [ 127.381877054354945, 36.297350110899266 ], [ 127.381378394028715, 36.296571051353808 ], [ 127.381267127215082, 36.296404128874535 ], [ 127.381060965431459, 36.29607388010735 ], [ 127.38069516385886, 36.295464773133993 ], [ 127.380524312407161, 36.295241146687623 ], [ 127.380467264452037, 36.295171206761616 ], [ 127.380098480923422, 36.29477022511 ], [ 127.379777778279461, 36.294456386621675 ], [ 127.379649190910655, 36.294339081217814 ], [ 127.379440302085925, 36.294160912608106 ], [ 127.379298126008322, 36.294039702794116 ], [ 127.379298135181855, 36.29404167628163 ], [ 127.378846912515016, 36.293893839129815 ], [ 127.378483143358281, 36.293773327679901 ], [ 127.37832994122256, 36.29305794234002 ], [ 127.378326551489266, 36.293040768054183 ], [ 127.378314244556904, 36.292976885539019 ], [ 127.378311224390018, 36.292964783716194 ], [ 127.377849480379766, 36.293049037893546 ], [ 127.377847024955983, 36.293045377793611 ], [ 127.377844054770136, 36.293041169924585 ], [ 127.37652881192281, 36.293351982100177 ], [ 127.376182089930566, 36.293121574309055 ], [ 127.375969596169668, 36.292987910437631 ], [ 127.374732278630248, 36.293077949775387 ], [ 127.373500865724253, 36.293256290594123 ], [ 127.373419336021911, 36.293268097373634 ], [ 127.373392813326291, 36.29327193839174 ], [ 127.373334131111534, 36.293284040045961 ], [ 127.37333086473555, 36.293284714506221 ], [ 127.37333060405085, 36.293284767417909 ], [ 127.373246310670737, 36.293332339847041 ], [ 127.373044943315875, 36.293419659087917 ], [ 127.373028911343141, 36.293461532976956 ], [ 127.372603548309584, 36.294572870060634 ], [ 127.372083526585598, 36.294676436714873 ], [ 127.371713386378261, 36.294750151477409 ], [ 127.371709471814228, 36.294764916307422 ], [ 127.371618973683837, 36.295106192734224 ], [ 127.37154261434425, 36.295515933181292 ], [ 127.371659032129287, 36.296113197450325 ], [ 127.370822679485016, 36.296661860716334 ], [ 127.370670540233874, 36.297143622150223 ], [ 127.370470835062363, 36.297737960960617 ], [ 127.370771833021763, 36.298479718920341 ], [ 127.370853444490052, 36.298684231949217 ], [ 127.370833860363064, 36.299161167951567 ], [ 127.371123778003323, 36.299659605423734 ], [ 127.371231351178096, 36.299717380783818 ], [ 127.371241663296544, 36.299722846346732 ], [ 127.371455362849829, 36.299836030438129 ], [ 127.371461913393929, 36.300522968550084 ], [ 127.371465247694843, 36.300729209857757 ], [ 127.37147181112671, 36.300791650589147 ], [ 127.371515627760559, 36.301208137640501 ], [ 127.371547169303469, 36.301293182826349 ], [ 127.371552471696205, 36.301300763344244 ], [ 127.372163283532345, 36.302172778434972 ], [ 127.37289243550785, 36.302349110321906 ], [ 127.372588688582582, 36.303222509844495 ], [ 127.372489459582582, 36.303136466976746 ], [ 127.372560759521633, 36.302610175078158 ], [ 127.372561715123254, 36.302398350732261 ], [ 127.372114247821628, 36.30232713067182 ], [ 127.371748192693786, 36.302407468952609 ], [ 127.371548751673373, 36.302356458628005 ], [ 127.371253317870924, 36.302413660113146 ], [ 127.371117855684787, 36.302944402537804 ], [ 127.37118383518326, 36.303322133902675 ], [ 127.37126344150505, 36.303360278305711 ], [ 127.371418308201697, 36.303411796874116 ], [ 127.371585245448742, 36.303350486885442 ], [ 127.371616715144867, 36.303342368426293 ], [ 127.371737399444584, 36.303311004077649 ], [ 127.37175312288808, 36.303332655434723 ], [ 127.371611959163204, 36.303372609084306 ], [ 127.371591390459415, 36.303378629776653 ], [ 127.371585796918552, 36.303379962489785 ], [ 127.371584209139968, 36.303380994833248 ], [ 127.371570167236399, 36.303389779526761 ], [ 127.371460657283677, 36.303458256102054 ], [ 127.371453153496219, 36.30346297472552 ], [ 127.371454161589654, 36.303464260518673 ], [ 127.371503470730246, 36.303532326435693 ], [ 127.371531094864565, 36.303570324889421 ], [ 127.371483944566734, 36.303579924641085 ], [ 127.371440441570229, 36.303588440180008 ], [ 127.371429640746669, 36.303590555169862 ], [ 127.3714232794662, 36.303592070954764 ], [ 127.371392489420884, 36.30360266483391 ], [ 127.371356018919073, 36.303615267469056 ], [ 127.371384731886565, 36.303657552168602 ], [ 127.371437205483659, 36.303704791433361 ], [ 127.371461159879246, 36.303805045476778 ], [ 127.371462942992622, 36.303812492346736 ], [ 127.371438803619156, 36.303899485600738 ], [ 127.371437061835508, 36.303900689969119 ], [ 127.371367184796384, 36.303942585222302 ], [ 127.371353129686455, 36.303951198582077 ], [ 127.371313978378097, 36.303959583578823 ], [ 127.37125102628471, 36.30397307061137 ], [ 127.371238271000593, 36.303957556513033 ], [ 127.37123226964178, 36.303950248390194 ], [ 127.371228001689957, 36.303954145613218 ], [ 127.371057213533106, 36.304110441827412 ], [ 127.371017071500106, 36.304147171917137 ], [ 127.371002579623223, 36.304159841695977 ], [ 127.371005679069668, 36.304226907151296 ], [ 127.371007173541088, 36.304265192745618 ], [ 127.371007466015939, 36.30427282551581 ], [ 127.371014863898196, 36.304347140448037 ], [ 127.371026692007234, 36.304465950386827 ], [ 127.371036114546186, 36.304579920025922 ], [ 127.37104860623694, 36.304731035619064 ], [ 127.371063628312953, 36.304943874398873 ], [ 127.371063688059181, 36.3049447841194 ], [ 127.371066870617824, 36.304967997776053 ], [ 127.371067279298813, 36.30497206958313 ], [ 127.371070142186753, 36.305000637145788 ], [ 127.371071836082251, 36.30501751134193 ], [ 127.371095086733746, 36.305249429387956 ], [ 127.371101675241263, 36.305319600837315 ], [ 127.371103445926877, 36.305338529728736 ], [ 127.371110277553271, 36.30557115559585 ], [ 127.371118645888274, 36.305782626657972 ], [ 127.371120502252296, 36.305824372751168 ], [ 127.371120607472378, 36.305825399721492 ], [ 127.371126156234311, 36.305885220334581 ], [ 127.371135000665888, 36.305980645505102 ], [ 127.371135572106013, 36.305985978745007 ], [ 127.371135828653479, 36.305988438429431 ], [ 127.37115118461314, 36.306132768492795 ], [ 127.37115394791519, 36.306156965267164 ], [ 127.371156549790129, 36.306179775294886 ], [ 127.371154824818333, 36.3061822229024 ], [ 127.370956191148267, 36.306299592457883 ], [ 127.370720022473051, 36.306440166878645 ], [ 127.370711895497635, 36.306445012790228 ], [ 127.370641930480488, 36.30648797222301 ], [ 127.370630840684584, 36.306494791966813 ], [ 127.370581903280225, 36.306524889546672 ], [ 127.370504200971027, 36.306572693423767 ], [ 127.37042255900775, 36.306623068634934 ], [ 127.370355625391781, 36.306664152409397 ], [ 127.370350166181723, 36.306668260154886 ], [ 127.37038490804386, 36.306687843665181 ], [ 127.370554697112524, 36.306783593072964 ], [ 127.370760211710518, 36.306887863903079 ], [ 127.370912913191532, 36.30696533520355 ], [ 127.3709561853982, 36.30698752339908 ], [ 127.3709956959827, 36.307007785388038 ], [ 127.371033047383548, 36.307037733871155 ], [ 127.371097921509289, 36.307072219162407 ], [ 127.371099037729408, 36.307072810889053 ], [ 127.37130721256203, 36.307193194216389 ], [ 127.371321027055401, 36.307213770704486 ], [ 127.371414386550612, 36.307352776347429 ], [ 127.371431191347185, 36.307381697133536 ], [ 127.371464788754864, 36.307439520654306 ], [ 127.371612527271054, 36.307693807616481 ], [ 127.371788981945883, 36.307997516463189 ], [ 127.371785168742093, 36.308001123900333 ], [ 127.371764761726027, 36.308020436211336 ], [ 127.371332580396313, 36.308429591622108 ], [ 127.371120260314243, 36.308625406707364 ], [ 127.371132561820005, 36.308646303412978 ], [ 127.371138580830134, 36.308654593332662 ], [ 127.371312611427655, 36.308897651732877 ], [ 127.371342134211702, 36.308939060089166 ], [ 127.371345093539063, 36.308943250066051 ], [ 127.371600020052568, 36.309153858548143 ], [ 127.371912180386929, 36.309411989232196 ], [ 127.371955071325047, 36.309447479781639 ], [ 127.371966808140584, 36.309457103822396 ], [ 127.371965861278781, 36.309457133449108 ], [ 127.371993837889278, 36.30947736818203 ], [ 127.372135517162548, 36.309581672938918 ], [ 127.372137908027341, 36.309583431726821 ], [ 127.372222557069719, 36.309657372081709 ], [ 127.372252078273817, 36.309684000347616 ], [ 127.372249285845456, 36.309698778991958 ], [ 127.372233900631016, 36.309779113084041 ], [ 127.372347081763067, 36.309776545181109 ], [ 127.37263914167157, 36.309812198858154 ], [ 127.372907529771879, 36.309833921905209 ], [ 127.372949874512614, 36.309836124820656 ], [ 127.373077377517021, 36.309848282062347 ], [ 127.373211935823832, 36.309887767028428 ], [ 127.373259578923424, 36.309903894405949 ], [ 127.373550928480526, 36.309956265970236 ], [ 127.373807969745684, 36.310026649039507 ], [ 127.374243832999738, 36.310162522387827 ], [ 127.374529339901684, 36.31027374694257 ], [ 127.374576517939857, 36.310287783529574 ], [ 127.375704542579626, 36.31058678234254 ], [ 127.37575679710298, 36.310600831015961 ], [ 127.376595474344228, 36.310834562604093 ], [ 127.376595466705396, 36.310833066038647 ], [ 127.376732566943133, 36.310874747650217 ], [ 127.376914074955138, 36.310926130879722 ], [ 127.377182277751189, 36.310994075141906 ], [ 127.377396043366019, 36.311043265266747 ], [ 127.377667303382509, 36.311102880476284 ], [ 127.378268249458188, 36.311102024561251 ], [ 127.378459168723182, 36.311093573580791 ], [ 127.378887109526744, 36.311098369385405 ], [ 127.379132975426401, 36.311123925676718 ], [ 127.379382116941244, 36.311129139740224 ], [ 127.379772689968419, 36.311104104601213 ], [ 127.379860005771889, 36.31108976068878 ], [ 127.37989809192716, 36.311081809070174 ], [ 127.380006443347995, 36.311058594544654 ], [ 127.380197325686694, 36.311012661001044 ], [ 127.380341727717109, 36.310975102260493 ], [ 127.380427792078308, 36.31095083971752 ], [ 127.380547067192822, 36.310914027004166 ], [ 127.380710795662537, 36.310857481984378 ], [ 127.380850888586991, 36.310803976330519 ], [ 127.381008429538781, 36.310736816229237 ], [ 127.381063982981871, 36.310712029336969 ], [ 127.381170495605232, 36.310663423614123 ], [ 127.381351393895685, 36.310575048063377 ], [ 127.381407250584132, 36.310546312567006 ], [ 127.381639515872081, 36.310421869726227 ], [ 127.381956360014556, 36.310247502545245 ], [ 127.382159371423327, 36.310129514221728 ], [ 127.382451897702964, 36.309964739984885 ], [ 127.383470030592832, 36.309415108793075 ], [ 127.383608214249648, 36.309340906740665 ], [ 127.38379426136845, 36.30924098380504 ], [ 127.383808630706085, 36.30925797035809 ], [ 127.383829465594388, 36.309247188597681 ], [ 127.384115056951757, 36.309031669217433 ], [ 127.384142432589641, 36.309055778049697 ], [ 127.384359037701486, 36.308934408605914 ], [ 127.384570882230136, 36.308815456552651 ] ], [ [ 127.372665593308326, 36.303994280863243 ], [ 127.372677107830441, 36.30389140302325 ], [ 127.372935942946825, 36.303905378687411 ], [ 127.372660930113682, 36.304114620829267 ], [ 127.37262516676131, 36.304067014253036 ], [ 127.372665593308326, 36.303994280863243 ] ] ] ] } },
{ "type": "Feature", "properties": { "EMD_CD": "30170102", "EMD_ENG_NM": "Byeon-dong", "EMD_KOR_NM": "변동" }, "geometry": { "type": "MultiPolygon", "coordinates": [ [ [ [ 127.388630610287294, 36.326873998832689 ], [ 127.388622383237688, 36.326863319556558 ], [ 127.388400149228318, 36.326577916896007 ], [ 127.388189157413208, 36.326315574999079 ], [ 127.388174860142072, 36.326167486466851 ], [ 127.388177789879975, 36.326093130353101 ], [ 127.388173648284877, 36.325712398615416 ], [ 127.388214940427702, 36.325265626231349 ], [ 127.388380685403774, 36.324647777531872 ], [ 127.38849582414349, 36.324178795085331 ], [ 127.388429185987803, 36.323827842378464 ], [ 127.388293119056158, 36.3234421840707 ], [ 127.38821111956365, 36.323223347096373 ], [ 127.388121782214711, 36.323031299541398 ], [ 127.387976601047896, 36.322878848587777 ], [ 127.387631003294402, 36.322769851157766 ], [ 127.387318432728762, 36.322721016920141 ], [ 127.386882059322105, 36.322692289276468 ], [ 127.386675959693136, 36.322676623824897 ], [ 127.386312647816609, 36.322643806346655 ], [ 127.386091912311372, 36.322623866917453 ], [ 127.385727374294234, 36.322589559839336 ], [ 127.385617490588231, 36.32257104216287 ], [ 127.385412188707292, 36.322433993902415 ], [ 127.385364421271092, 36.322328872245045 ], [ 127.385175635853173, 36.321937423497772 ], [ 127.385072243137955, 36.321723050468677 ], [ 127.385021402210043, 36.32161762275242 ], [ 127.384998974799785, 36.321556261984924 ], [ 127.384831862002969, 36.321105481832191 ], [ 127.384820960190879, 36.321076048561778 ], [ 127.384704051013131, 36.321095825078928 ], [ 127.384600895389994, 36.321113773985942 ], [ 127.384436118775398, 36.321142058137333 ], [ 127.383647438312195, 36.321281316741917 ], [ 127.382214816906398, 36.321532656994783 ], [ 127.37943314397026, 36.322023611611044 ], [ 127.378180857220897, 36.32224454870677 ], [ 127.377931148108971, 36.322288609648709 ], [ 127.377695928857676, 36.322295775168186 ], [ 127.377694871547462, 36.322295805627249 ], [ 127.376650562867908, 36.322332160633302 ], [ 127.375112274784968, 36.322381208236827 ], [ 127.37511739176378, 36.322452295478136 ], [ 127.375128317343297, 36.322604289348092 ], [ 127.375216122778852, 36.324406360561341 ], [ 127.375240591865193, 36.32498741355996 ], [ 127.375201822186938, 36.324989157658109 ], [ 127.375040544044481, 36.324994347731014 ], [ 127.375006645641975, 36.325272375181768 ], [ 127.37498620592217, 36.325423376567571 ], [ 127.37494930381709, 36.325615711383385 ], [ 127.374862241723761, 36.32602534133428 ], [ 127.374853745248487, 36.326065344408107 ], [ 127.374958246550449, 36.326687043156156 ], [ 127.375017209472233, 36.327012353484044 ], [ 127.375064396260086, 36.327250078603058 ], [ 127.37507367399256, 36.327296865621776 ], [ 127.375088156517066, 36.327370203031137 ], [ 127.37506159837065, 36.327401304157142 ], [ 127.375061177532004, 36.327401801361141 ], [ 127.37497488105241, 36.327502993365272 ], [ 127.37492666044686, 36.327559503021654 ], [ 127.374882603448881, 36.327611143352691 ], [ 127.374807942588106, 36.327697987856155 ], [ 127.374774882358096, 36.327736435872197 ], [ 127.374737646114411, 36.327779772098268 ], [ 127.374698936372141, 36.327824816967272 ], [ 127.374619325558029, 36.32791743585976 ], [ 127.374674738614786, 36.3280004586912 ], [ 127.374670086007498, 36.328012756143451 ], [ 127.374653879512522, 36.328115143750921 ], [ 127.374579196136537, 36.3281460169949 ], [ 127.374177102764662, 36.328312230639831 ], [ 127.374125304986208, 36.328333587894186 ], [ 127.373894439922964, 36.328206359184243 ], [ 127.372556938315171, 36.3274642574777 ], [ 127.372493471113245, 36.327483523396751 ], [ 127.371108738863995, 36.327903208948179 ], [ 127.370578294345009, 36.328062237538553 ], [ 127.370649188136156, 36.328169754133889 ], [ 127.370808531204943, 36.328411425193565 ], [ 127.370655291120869, 36.328415286554993 ], [ 127.370386551974491, 36.328417828376338 ], [ 127.37036397920582, 36.328418339132753 ], [ 127.370287274817485, 36.328420063459056 ], [ 127.369798565179792, 36.328235450989176 ], [ 127.369736346046551, 36.328243231222224 ], [ 127.369710835640817, 36.328234919773728 ], [ 127.36958533931211, 36.32819403185578 ], [ 127.369565941063513, 36.328173266062784 ], [ 127.369427790969254, 36.328032234702306 ], [ 127.369205379608673, 36.327777868685111 ], [ 127.369111542304864, 36.327664961673641 ], [ 127.369018958878314, 36.327569721613642 ], [ 127.368734272550739, 36.327593162240966 ], [ 127.368662158484256, 36.327692512764429 ], [ 127.368612219959985, 36.327761299610579 ], [ 127.368582641210622, 36.327802033376045 ], [ 127.368381045495312, 36.328060107820242 ], [ 127.368371236226622, 36.328072664336617 ], [ 127.368355671213095, 36.328076037687715 ], [ 127.368026329931226, 36.328150809138883 ], [ 127.367810431214011, 36.328202044824863 ], [ 127.367291845671744, 36.327931117824861 ], [ 127.367271961584521, 36.327906234691667 ], [ 127.367180141218824, 36.32771416889171 ], [ 127.367023509086124, 36.327783254370999 ], [ 127.366891201758321, 36.327840883243439 ], [ 127.366804418103456, 36.327892443626268 ], [ 127.366449170172572, 36.327883607173462 ], [ 127.365433251729172, 36.32785601045677 ], [ 127.364974821748476, 36.3286821674115 ], [ 127.364723983017541, 36.328980506077983 ], [ 127.364310773084966, 36.329070291884847 ], [ 127.364204217068448, 36.329506413742571 ], [ 127.364150323704223, 36.329725039631256 ], [ 127.364079698703605, 36.330005608034007 ], [ 127.363908577278949, 36.330682375756012 ], [ 127.363999500744541, 36.330924461136689 ], [ 127.36376583691461, 36.331398646062205 ], [ 127.363845101720102, 36.331689466026099 ], [ 127.363912038463155, 36.331934552976811 ], [ 127.363882809131709, 36.332198207268341 ], [ 127.363841988221807, 36.332508162865437 ], [ 127.363815132413606, 36.332714432498534 ], [ 127.363851485848869, 36.332885130839749 ], [ 127.363879405494785, 36.333007217589866 ], [ 127.364019312718, 36.333597259695047 ], [ 127.364093325121814, 36.333910092489141 ], [ 127.364121802445496, 36.334029744751888 ], [ 127.364152162298865, 36.334154204360374 ], [ 127.364228640591904, 36.334489207766715 ], [ 127.364168339469131, 36.335092391989583 ], [ 127.364548219657991, 36.335069258906557 ], [ 127.36482813669204, 36.335048852919741 ], [ 127.365149642235224, 36.335013756296036 ], [ 127.365463162618923, 36.334981270488342 ], [ 127.365924614241621, 36.334931362731268 ], [ 127.365983260921695, 36.334925020201446 ], [ 127.366096108650083, 36.335165901685102 ], [ 127.366145063484879, 36.335171240129654 ], [ 127.366783431451111, 36.33523282396326 ], [ 127.366832485552493, 36.335218732316278 ], [ 127.366936964864024, 36.335188719702856 ], [ 127.367069115835804, 36.335130739088193 ], [ 127.367681006003778, 36.334775255420823 ], [ 127.367708524526734, 36.334757832466842 ], [ 127.367734488824496, 36.334734439592985 ], [ 127.367852798404613, 36.334622872391456 ], [ 127.368328060583792, 36.334159988415955 ], [ 127.368434588801307, 36.334054215203096 ], [ 127.368426088126782, 36.334022808812207 ], [ 127.368607322925996, 36.333920265844135 ], [ 127.368886061430956, 36.333763786355782 ], [ 127.369129145684369, 36.333626205329132 ], [ 127.36947530756386, 36.333312811725285 ], [ 127.369636581736358, 36.333288622974273 ], [ 127.370213682754425, 36.333206901805084 ], [ 127.370310715096238, 36.333154893164405 ], [ 127.370334691542624, 36.33317064318301 ], [ 127.370607322225297, 36.332976951020342 ], [ 127.370604849524227, 36.332974417698047 ], [ 127.370619437272907, 36.332945634062746 ], [ 127.370849361504526, 36.332517605775529 ], [ 127.370927769199426, 36.33237088780789 ], [ 127.371003122158399, 36.332228395562147 ], [ 127.371010090355114, 36.332215784350034 ], [ 127.370994202454753, 36.33203282344153 ], [ 127.371041701874532, 36.331954446040285 ], [ 127.371092103037768, 36.331907915887975 ], [ 127.371308480984283, 36.331711430849168 ], [ 127.371519434270937, 36.331526776700152 ], [ 127.371618010961669, 36.331203707893643 ], [ 127.371676201679222, 36.331010154196832 ], [ 127.371708087786516, 36.331016985509656 ], [ 127.371907671149245, 36.331059128023178 ], [ 127.372358339570496, 36.331155435604458 ], [ 127.37265639219072, 36.331218917107535 ], [ 127.372682507722772, 36.331258406448008 ], [ 127.372695587189313, 36.331278173227076 ], [ 127.372726962545855, 36.331325351126772 ], [ 127.373575351646608, 36.330963686985584 ], [ 127.373906907560354, 36.330826207924687 ], [ 127.375139749216075, 36.330292047236952 ], [ 127.375804356828525, 36.330004206183482 ], [ 127.375876258659389, 36.329973773720319 ], [ 127.376416090624929, 36.330792688926607 ], [ 127.376693137604533, 36.331213487151743 ], [ 127.376768093038848, 36.331327141077594 ], [ 127.378538318202999, 36.330326099912931 ], [ 127.378453865821868, 36.33029194120931 ], [ 127.379318652492188, 36.329800496551584 ], [ 127.379470285647045, 36.329714667251203 ], [ 127.380343538442773, 36.329221791216703 ], [ 127.381027184093341, 36.328835182264449 ], [ 127.381127663952057, 36.328777702242022 ], [ 127.381369748162086, 36.328723872385766 ], [ 127.381630167979822, 36.328654744194459 ], [ 127.381631146626091, 36.32865448012349 ], [ 127.382248784784011, 36.328515617224006 ], [ 127.382312927416152, 36.328500291029499 ], [ 127.3824517229409, 36.328475976898368 ], [ 127.382779576725284, 36.328429845749227 ], [ 127.383043211220496, 36.328406168706891 ], [ 127.383247282986574, 36.328395982302091 ], [ 127.383413900489501, 36.328392692290713 ], [ 127.383789174861107, 36.328396710880568 ], [ 127.383931084491493, 36.328389768030441 ], [ 127.384115433852728, 36.328377607114504 ], [ 127.384489684912737, 36.32834318272031 ], [ 127.38462165601743, 36.328324303777414 ], [ 127.384678211086069, 36.328315344572218 ], [ 127.384802683916121, 36.328295616065795 ], [ 127.384999391597717, 36.328260010531707 ], [ 127.385031789354855, 36.328253228271592 ], [ 127.385168617660355, 36.328225538216351 ], [ 127.385469729959496, 36.328150107030375 ], [ 127.385768885114544, 36.328057406931791 ], [ 127.385998737545989, 36.327976850486067 ], [ 127.387811128534977, 36.327252168703772 ], [ 127.388070691774018, 36.327147154333581 ], [ 127.388222419688631, 36.327085752869792 ], [ 127.388421962217791, 36.327005002552063 ], [ 127.388594864930852, 36.326892697246038 ], [ 127.388593099418713, 36.326889323825462 ], [ 127.388630610287294, 36.326873998832689 ] ] ] ] } },
{ "type": "Feature", "properties": { "EMD_CD": "30170103", "EMD_ENG_NM": "Doma-dong", "EMD_KOR_NM": "도마동" }, "geometry": { "type": "MultiPolygon", "coordinates": [ [ [ [ 127.385364372404055, 36.322328769422136 ], [ 127.385411965602955, 36.322247839407432 ], [ 127.385431832721054, 36.322181881365587 ], [ 127.385437821725858, 36.322161027369461 ], [ 127.385390484183986, 36.321698481057688 ], [ 127.385300456058005, 36.321152713601883 ], [ 127.38523520962535, 36.320834700742374 ], [ 127.385173889782138, 36.320536095480378 ], [ 127.385100788691332, 36.32028287571562 ], [ 127.385032816820853, 36.320047102973518 ], [ 127.38481141151226, 36.319817167668731 ], [ 127.384688110608479, 36.319689144982348 ], [ 127.384351989905497, 36.319305249888288 ], [ 127.384206457132123, 36.318970875883139 ], [ 127.384182023097054, 36.318742561373284 ], [ 127.384170012328994, 36.31842015093163 ], [ 127.3841915828298, 36.317994277573639 ], [ 127.384239930949889, 36.3176336532348 ], [ 127.384349727793889, 36.317171450382922 ], [ 127.384427305963172, 36.316881699353054 ], [ 127.384451483402188, 36.316809249138153 ], [ 127.384462334399345, 36.316607576282713 ], [ 127.384967453242822, 36.315476110493478 ], [ 127.384973113771764, 36.315460880884849 ], [ 127.385031510454866, 36.31530468195659 ], [ 127.385448101793813, 36.314216582755542 ], [ 127.385973390270749, 36.314010157265045 ], [ 127.386244811147208, 36.31383412298154 ], [ 127.38653300440491, 36.31364771485169 ], [ 127.38657954737819, 36.313617610279287 ], [ 127.386798887442794, 36.313289939663136 ], [ 127.386980324654672, 36.312938695815703 ], [ 127.387052573557682, 36.312798828779442 ], [ 127.387075349130839, 36.312724967531487 ], [ 127.387104913108132, 36.312616730723128 ], [ 127.387144213397931, 36.31247073137429 ], [ 127.387164758797113, 36.312367029685667 ], [ 127.387179614956608, 36.312204770199124 ], [ 127.387176580597128, 36.312117763225501 ], [ 127.387139465476523, 36.311895680095184 ], [ 127.387120339985344, 36.311756348536541 ], [ 127.387119629896944, 36.311752124139552 ], [ 127.386976642707495, 36.311368738751561 ], [ 127.386938222895353, 36.311304374318702 ], [ 127.386777532199162, 36.311036234587355 ], [ 127.386410843733444, 36.310551340143213 ], [ 127.386005891513292, 36.310177529711723 ], [ 127.385966589736512, 36.310144141046734 ], [ 127.385916995548982, 36.310107695212842 ], [ 127.385724010165816, 36.309955395142879 ], [ 127.385614849711473, 36.30986957540852 ], [ 127.385383280705426, 36.309655154574934 ], [ 127.384938678869247, 36.309245429658546 ], [ 127.384789712749779, 36.309095519474646 ], [ 127.384713546024884, 36.308993822510509 ], [ 127.384537223450067, 36.309082810784858 ], [ 127.384470207469903, 36.309005858196251 ], [ 127.384359037701486, 36.308934408605914 ], [ 127.384142432589641, 36.309055778049697 ], [ 127.384115056951757, 36.309031669217433 ], [ 127.383829465594388, 36.309247188597681 ], [ 127.383808630706085, 36.30925797035809 ], [ 127.38379426136845, 36.30924098380504 ], [ 127.383608214249648, 36.309340906740665 ], [ 127.383470030592832, 36.309415108793075 ], [ 127.382451897702964, 36.309964739984885 ], [ 127.382159371423327, 36.310129514221728 ], [ 127.381956360014556, 36.310247502545245 ], [ 127.381639515872081, 36.310421869726227 ], [ 127.381407250584132, 36.310546312567006 ], [ 127.381351393895685, 36.310575048063377 ], [ 127.381170495605232, 36.310663423614123 ], [ 127.381063982981871, 36.310712029336969 ], [ 127.381008429538781, 36.310736816229237 ], [ 127.380850888586991, 36.310803976330519 ], [ 127.380710795662537, 36.310857481984378 ], [ 127.380547067192822, 36.310914027004166 ], [ 127.380427792078308, 36.31095083971752 ], [ 127.380341727717109, 36.310975102260493 ], [ 127.380197325686694, 36.311012661001044 ], [ 127.380006443347995, 36.311058594544654 ], [ 127.37989809192716, 36.311081809070174 ], [ 127.379860005771889, 36.31108976068878 ], [ 127.379772689968419, 36.311104104601213 ], [ 127.379382116941244, 36.311129139740224 ], [ 127.379132975426401, 36.311123925676718 ], [ 127.378887109526744, 36.311098369385405 ], [ 127.378459168723182, 36.311093573580791 ], [ 127.378268249458188, 36.311102024561251 ], [ 127.377667303382509, 36.311102880476284 ], [ 127.377396043366019, 36.311043265266747 ], [ 127.377182277751189, 36.310994075141906 ], [ 127.376914074955138, 36.310926130879722 ], [ 127.376732566943133, 36.310874747650217 ], [ 127.376595466705396, 36.310833066038647 ], [ 127.376595474344228, 36.310834562604093 ], [ 127.37575679710298, 36.310600831015961 ], [ 127.375704542579626, 36.31058678234254 ], [ 127.374576517939857, 36.310287783529574 ], [ 127.374529339901684, 36.31027374694257 ], [ 127.374243832999738, 36.310162522387827 ], [ 127.373807969745684, 36.310026649039507 ], [ 127.373550928480526, 36.309956265970236 ], [ 127.373259578923424, 36.309903894405949 ], [ 127.373211935823832, 36.309887767028428 ], [ 127.373077377517021, 36.309848282062347 ], [ 127.372949874512614, 36.309836124820656 ], [ 127.372907529771879, 36.309833921905209 ], [ 127.37263914167157, 36.309812198858154 ], [ 127.372347081763067, 36.309776545181109 ], [ 127.372233900631016, 36.309779113084041 ], [ 127.372252078273817, 36.309684000347616 ], [ 127.371951046529404, 36.309740634848133 ], [ 127.371418938166045, 36.30974726682016 ], [ 127.370308311756148, 36.309765080526986 ], [ 127.36997912546434, 36.309773323228001 ], [ 127.369850542378444, 36.309782496455043 ], [ 127.369640714886316, 36.309806708739352 ], [ 127.369200376132582, 36.309796691284838 ], [ 127.368983054245973, 36.309770756738644 ], [ 127.36883333348068, 36.309733989074516 ], [ 127.368371500673689, 36.309630024008804 ], [ 127.368140964835419, 36.309557276043115 ], [ 127.368044683893828, 36.309540269247968 ], [ 127.367945454108209, 36.309511735587954 ], [ 127.367894922252802, 36.309492065219537 ], [ 127.367787836405114, 36.309450398020509 ], [ 127.367568422269713, 36.30936491810639 ], [ 127.367571947412003, 36.309468704722676 ], [ 127.367513887799348, 36.30957025504506 ], [ 127.367403118953632, 36.309762499837092 ], [ 127.367433818018398, 36.30977230064962 ], [ 127.367637768462075, 36.309839093489849 ], [ 127.368150859430301, 36.3100082034846 ], [ 127.368357386664741, 36.310063730513953 ], [ 127.368340765993935, 36.310121439459174 ], [ 127.368276255242051, 36.310345398653006 ], [ 127.368249438489727, 36.310487118906565 ], [ 127.36825038259154, 36.310529317468195 ], [ 127.368238569072901, 36.310612749098077 ], [ 127.368247807492537, 36.310647676961707 ], [ 127.368273647921413, 36.310689682385139 ], [ 127.368279997352388, 36.310787855507286 ], [ 127.368305746828398, 36.310808052555338 ], [ 127.368319874269361, 36.310852815354622 ], [ 127.368351444224004, 36.310882052311413 ], [ 127.368351719106983, 36.310890720929869 ], [ 127.368353188929163, 36.310938225639347 ], [ 127.368375461583469, 36.310984189336864 ], [ 127.368356550070402, 36.311009390681001 ], [ 127.36837927063695, 36.3110651302799 ], [ 127.368333533199802, 36.311087332078543 ], [ 127.368257858172598, 36.311112706382907 ], [ 127.368337583005427, 36.311481358465414 ], [ 127.368355997982235, 36.311568778810205 ], [ 127.368416002456698, 36.311868064169431 ], [ 127.368426641741436, 36.311888316493516 ], [ 127.368728507660876, 36.312463078404747 ], [ 127.368777503722526, 36.31253245313335 ], [ 127.368788117199628, 36.312623268051951 ], [ 127.368782739231548, 36.312758604916169 ], [ 127.368906032082748, 36.313125545063222 ], [ 127.369070344945385, 36.313128996136939 ], [ 127.369136165121844, 36.313337803518991 ], [ 127.369135241872684, 36.31333569740066 ], [ 127.369050130673344, 36.313479092290137 ], [ 127.368931025862423, 36.31357300987252 ], [ 127.36892887304893, 36.313574710495097 ], [ 127.36892830506217, 36.313574633234452 ], [ 127.368843560041427, 36.313651409970113 ], [ 127.368842927204298, 36.31364950160912 ], [ 127.368803779358458, 36.313685695577526 ], [ 127.368475238512715, 36.313989499345602 ], [ 127.368238290961486, 36.314000671546054 ], [ 127.368064646904415, 36.314271159891 ], [ 127.367483847724117, 36.314780697241027 ], [ 127.367078907266958, 36.315129284700575 ], [ 127.366970522938431, 36.31542425483736 ], [ 127.366420321701057, 36.315552046272963 ], [ 127.36623870921288, 36.315729870738288 ], [ 127.365902750537956, 36.316101963179051 ], [ 127.365112733503054, 36.316232885098295 ], [ 127.365120570064136, 36.316685358764474 ], [ 127.365165888857888, 36.317085198182063 ], [ 127.364776021196207, 36.317348804935236 ], [ 127.364410474692008, 36.317759805735193 ], [ 127.363050643825503, 36.317557008091271 ], [ 127.362866208472283, 36.317579346400322 ], [ 127.362776553657014, 36.317878149623063 ], [ 127.362007054047965, 36.319002002217317 ], [ 127.361994580908274, 36.319021000225952 ], [ 127.361984872302386, 36.319021516298392 ], [ 127.361199588582281, 36.319063461102509 ], [ 127.360613057802794, 36.31920509651691 ], [ 127.359720272845266, 36.319221661783736 ], [ 127.359574569945536, 36.319425908420904 ], [ 127.358895641938062, 36.31948785854393 ], [ 127.358785078429392, 36.319515702286012 ], [ 127.358478337422071, 36.319590740494817 ], [ 127.358285651442912, 36.319710270306935 ], [ 127.358337816379461, 36.320167937776063 ], [ 127.359221238406633, 36.320368620973291 ], [ 127.359762591559118, 36.32104715091976 ], [ 127.359659630242064, 36.321926392506882 ], [ 127.359711608691214, 36.322874289575935 ], [ 127.360036029921829, 36.323802309266497 ], [ 127.360063427024571, 36.32420117688558 ], [ 127.359875816713426, 36.32457268883249 ], [ 127.359878419809547, 36.324963475430437 ], [ 127.359684740261031, 36.325593362498502 ], [ 127.359768441025139, 36.325733803302946 ], [ 127.359625765382503, 36.326329671602096 ], [ 127.359896180261174, 36.327343878984706 ], [ 127.359911952062703, 36.327842892588457 ], [ 127.360917292784592, 36.328256945453035 ], [ 127.36095914025978, 36.328342890472449 ], [ 127.361136607367584, 36.32875889629954 ], [ 127.3613000323313, 36.328729404928026 ], [ 127.361476259151601, 36.329514498293463 ], [ 127.361618522315524, 36.329619940085635 ], [ 127.362047461908332, 36.330385481469115 ], [ 127.362528629477282, 36.331251361754454 ], [ 127.362599695370562, 36.331380970022082 ], [ 127.36323621109625, 36.331559937294983 ], [ 127.363271509542543, 36.331538995733197 ], [ 127.363524204139509, 36.331340341782671 ], [ 127.36376583691461, 36.331398646062205 ], [ 127.363999500744541, 36.330924461136689 ], [ 127.363908577278949, 36.330682375756012 ], [ 127.364079698703605, 36.330005608034007 ], [ 127.364150323704223, 36.329725039631256 ], [ 127.364204217068448, 36.329506413742571 ], [ 127.364310773084966, 36.329070291884847 ], [ 127.364723983017541, 36.328980506077983 ], [ 127.364974821748476, 36.3286821674115 ], [ 127.365433251729172, 36.32785601045677 ], [ 127.366449170172572, 36.327883607173462 ], [ 127.366804418103456, 36.327892443626268 ], [ 127.366891201758321, 36.327840883243439 ], [ 127.367023509086124, 36.327783254370999 ], [ 127.367180141218824, 36.32771416889171 ], [ 127.367271961584521, 36.327906234691667 ], [ 127.367291845671744, 36.327931117824861 ], [ 127.367810431214011, 36.328202044824863 ], [ 127.368026329931226, 36.328150809138883 ], [ 127.368355671213095, 36.328076037687715 ], [ 127.368371236226622, 36.328072664336617 ], [ 127.368381045495312, 36.328060107820242 ], [ 127.368582641210622, 36.327802033376045 ], [ 127.368612219959985, 36.327761299610579 ], [ 127.368662158484256, 36.327692512764429 ], [ 127.368734272550739, 36.327593162240966 ], [ 127.369018958878314, 36.327569721613642 ], [ 127.369111542304864, 36.327664961673641 ], [ 127.369205379608673, 36.327777868685111 ], [ 127.369427790969254, 36.328032234702306 ], [ 127.369565941063513, 36.328173266062784 ], [ 127.36958533931211, 36.32819403185578 ], [ 127.369710835640817, 36.328234919773728 ], [ 127.369736346046551, 36.328243231222224 ], [ 127.369798565179792, 36.328235450989176 ], [ 127.370287274817485, 36.328420063459056 ], [ 127.37036397920582, 36.328418339132753 ], [ 127.370386551974491, 36.328417828376338 ], [ 127.370655291120869, 36.328415286554993 ], [ 127.370808531204943, 36.328411425193565 ], [ 127.370649188136156, 36.328169754133889 ], [ 127.370578294345009, 36.328062237538553 ], [ 127.371108738863995, 36.327903208948179 ], [ 127.372493471113245, 36.327483523396751 ], [ 127.372556938315171, 36.3274642574777 ], [ 127.373894439922964, 36.328206359184243 ], [ 127.374125304986208, 36.328333587894186 ], [ 127.374177102764662, 36.328312230639831 ], [ 127.374579196136537, 36.3281460169949 ], [ 127.374653879512522, 36.328115143750921 ], [ 127.374670086007498, 36.328012756143451 ], [ 127.374674738614786, 36.3280004586912 ], [ 127.374619325558029, 36.32791743585976 ], [ 127.374698936372141, 36.327824816967272 ], [ 127.374737646114411, 36.327779772098268 ], [ 127.374774882358096, 36.327736435872197 ], [ 127.374807942588106, 36.327697987856155 ], [ 127.374882603448881, 36.327611143352691 ], [ 127.37492666044686, 36.327559503021654 ], [ 127.37497488105241, 36.327502993365272 ], [ 127.375061177532004, 36.327401801361141 ], [ 127.37506159837065, 36.327401304157142 ], [ 127.375088156517066, 36.327370203031137 ], [ 127.37507367399256, 36.327296865621776 ], [ 127.375064396260086, 36.327250078603058 ], [ 127.375017209472233, 36.327012353484044 ], [ 127.374958246550449, 36.326687043156156 ], [ 127.374853745248487, 36.326065344408107 ], [ 127.374862241723761, 36.32602534133428 ], [ 127.37494930381709, 36.325615711383385 ], [ 127.37498620592217, 36.325423376567571 ], [ 127.375006645641975, 36.325272375181768 ], [ 127.375040544044481, 36.324994347731014 ], [ 127.375201822186938, 36.324989157658109 ], [ 127.375240591865193, 36.32498741355996 ], [ 127.375216122778852, 36.324406360561341 ], [ 127.375128317343297, 36.322604289348092 ], [ 127.37511739176378, 36.322452295478136 ], [ 127.375112274784968, 36.322381208236827 ], [ 127.376650562867908, 36.322332160633302 ], [ 127.377694871547462, 36.322295805627249 ], [ 127.377695928857676, 36.322295775168186 ], [ 127.377931148108971, 36.322288609648709 ], [ 127.378180857220897, 36.32224454870677 ], [ 127.37943314397026, 36.322023611611044 ], [ 127.382214816906398, 36.321532656994783 ], [ 127.383647438312195, 36.321281316741917 ], [ 127.384436118775398, 36.321142058137333 ], [ 127.384600895389994, 36.321113773985942 ], [ 127.384704051013131, 36.321095825078928 ], [ 127.384820960190879, 36.321076048561778 ], [ 127.384831862002969, 36.321105481832191 ], [ 127.384998974799785, 36.321556261984924 ], [ 127.385021402210043, 36.32161762275242 ], [ 127.385072243137955, 36.321723050468677 ], [ 127.385175635853173, 36.321937423497772 ], [ 127.385364372404055, 36.322328769422136 ] ] ] ] } },
{ "type": "Feature", "properties": { "EMD_CD": "30170104", "EMD_ENG_NM": "Jeongnim-dong", "EMD_KOR_NM": "정림동" }, "geometry": { "type": "MultiPolygon", "coordinates": [ [ [ [ 127.372935942946825, 36.303905378687411 ], [ 127.372677107830441, 36.30389140302325 ], [ 127.372665593308326, 36.303994280863243 ], [ 127.37262516676131, 36.304067014253036 ], [ 127.372660930113682, 36.304114620829267 ], [ 127.372935942946825, 36.303905378687411 ] ] ], [ [ [ 127.362866208472283, 36.317579346400322 ], [ 127.363050643825503, 36.317557008091271 ], [ 127.364410474692008, 36.317759805735193 ], [ 127.364776021196207, 36.317348804935236 ], [ 127.365165888857888, 36.317085198182063 ], [ 127.365120570064136, 36.316685358764474 ], [ 127.365112733503054, 36.316232885098295 ], [ 127.365902750537956, 36.316101963179051 ], [ 127.36623870921288, 36.315729870738288 ], [ 127.366420321701057, 36.315552046272963 ], [ 127.366970522938431, 36.31542425483736 ], [ 127.367078907266958, 36.315129284700575 ], [ 127.367483847724117, 36.314780697241027 ], [ 127.368064646904415, 36.314271159891 ], [ 127.368238290961486, 36.314000671546054 ], [ 127.368475238512715, 36.313989499345602 ], [ 127.368803779358458, 36.313685695577526 ], [ 127.368842927204298, 36.31364950160912 ], [ 127.368843560041427, 36.313651409970113 ], [ 127.36892830506217, 36.313574633234452 ], [ 127.368931025862423, 36.31357300987252 ], [ 127.369050130673344, 36.313479092290137 ], [ 127.369135241872684, 36.31333569740066 ], [ 127.369136165121844, 36.313337803518991 ], [ 127.369070344945385, 36.313128996136939 ], [ 127.368906032082748, 36.313125545063222 ], [ 127.368782739231548, 36.312758604916169 ], [ 127.368788117199628, 36.312623268051951 ], [ 127.368777503722526, 36.31253245313335 ], [ 127.368728507660876, 36.312463078404747 ], [ 127.368426641741436, 36.311888316493516 ], [ 127.368416002456698, 36.311868064169431 ], [ 127.368355997982235, 36.311568778810205 ], [ 127.368337583005427, 36.311481358465414 ], [ 127.368257858172598, 36.311112706382907 ], [ 127.368333533199802, 36.311087332078543 ], [ 127.36837927063695, 36.3110651302799 ], [ 127.368356550070402, 36.311009390681001 ], [ 127.368375461583469, 36.310984189336864 ], [ 127.368353188929163, 36.310938225639347 ], [ 127.368351719106983, 36.310890720929869 ], [ 127.368351444224004, 36.310882052311413 ], [ 127.368319874269361, 36.310852815354622 ], [ 127.368305746828398, 36.310808052555338 ], [ 127.368279997352388, 36.310787855507286 ], [ 127.368273647921413, 36.310689682385139 ], [ 127.368247807492537, 36.310647676961707 ], [ 127.368238569072901, 36.310612749098077 ], [ 127.36825038259154, 36.310529317468195 ], [ 127.368249438489727, 36.310487118906565 ], [ 127.368276255242051, 36.310345398653006 ], [ 127.368340765993935, 36.310121439459174 ], [ 127.368357386664741, 36.310063730513953 ], [ 127.368150859430301, 36.3100082034846 ], [ 127.367637768462075, 36.309839093489849 ], [ 127.367433818018398, 36.30977230064962 ], [ 127.367403118953632, 36.309762499837092 ], [ 127.367513887799348, 36.30957025504506 ], [ 127.367571947412003, 36.309468704722676 ], [ 127.367568422269713, 36.30936491810639 ], [ 127.367787836405114, 36.309450398020509 ], [ 127.367894922252802, 36.309492065219537 ], [ 127.367945454108209, 36.309511735587954 ], [ 127.368044683893828, 36.309540269247968 ], [ 127.368140964835419, 36.309557276043115 ], [ 127.368371500673689, 36.309630024008804 ], [ 127.36883333348068, 36.309733989074516 ], [ 127.368983054245973, 36.309770756738644 ], [ 127.369200376132582, 36.309796691284838 ], [ 127.369640714886316, 36.309806708739352 ], [ 127.369850542378444, 36.309782496455043 ], [ 127.36997912546434, 36.309773323228001 ], [ 127.370308311756148, 36.309765080526986 ], [ 127.371418938166045, 36.30974726682016 ], [ 127.371951046529404, 36.309740634848133 ], [ 127.372252078273817, 36.309684000347616 ], [ 127.372222557069719, 36.309657372081709 ], [ 127.372137908027341, 36.309583431726821 ], [ 127.372135517162548, 36.309581672938918 ], [ 127.371993837889278, 36.30947736818203 ], [ 127.371965861278781, 36.309457133449108 ], [ 127.371966808140584, 36.309457103822396 ], [ 127.371955071325047, 36.309447479781639 ], [ 127.371912180386929, 36.309411989232196 ], [ 127.371600020052568, 36.309153858548143 ], [ 127.371345093539063, 36.308943250066051 ], [ 127.371342134211702, 36.308939060089166 ], [ 127.371312611427655, 36.308897651732877 ], [ 127.371138580830134, 36.308654593332662 ], [ 127.371132561820005, 36.308646303412978 ], [ 127.371120260314243, 36.308625406707364 ], [ 127.371332580396313, 36.308429591622108 ], [ 127.371764761726027, 36.308020436211336 ], [ 127.371785168742093, 36.308001123900333 ], [ 127.371788981945883, 36.307997516463189 ], [ 127.371612527271054, 36.307693807616481 ], [ 127.371464788754864, 36.307439520654306 ], [ 127.371431191347185, 36.307381697133536 ], [ 127.371414386550612, 36.307352776347429 ], [ 127.371321027055401, 36.307213770704486 ], [ 127.37130721256203, 36.307193194216389 ], [ 127.371099037729408, 36.307072810889053 ], [ 127.371097921509289, 36.307072219162407 ], [ 127.371033047383548, 36.307037733871155 ], [ 127.3709956959827, 36.307007785388038 ], [ 127.3709561853982, 36.30698752339908 ], [ 127.370912913191532, 36.30696533520355 ], [ 127.370760211710518, 36.306887863903079 ], [ 127.370554697112524, 36.306783593072964 ], [ 127.37038490804386, 36.306687843665181 ], [ 127.370350166181723, 36.306668260154886 ], [ 127.370355625391781, 36.306664152409397 ], [ 127.37042255900775, 36.306623068634934 ], [ 127.370504200971027, 36.306572693423767 ], [ 127.370581903280225, 36.306524889546672 ], [ 127.370630840684584, 36.306494791966813 ], [ 127.370641930480488, 36.30648797222301 ], [ 127.370711895497635, 36.306445012790228 ], [ 127.370720022473051, 36.306440166878645 ], [ 127.370956191148267, 36.306299592457883 ], [ 127.371154824818333, 36.3061822229024 ], [ 127.371156549790129, 36.306179775294886 ], [ 127.37115394791519, 36.306156965267164 ], [ 127.37115118461314, 36.306132768492795 ], [ 127.371135828653479, 36.305988438429431 ], [ 127.371135572106013, 36.305985978745007 ], [ 127.371135000665888, 36.305980645505102 ], [ 127.371126156234311, 36.305885220334581 ], [ 127.371120607472378, 36.305825399721492 ], [ 127.371120502252296, 36.305824372751168 ], [ 127.371118645888274, 36.305782626657972 ], [ 127.371110277553271, 36.30557115559585 ], [ 127.371103445926877, 36.305338529728736 ], [ 127.371101675241263, 36.305319600837315 ], [ 127.371095086733746, 36.305249429387956 ], [ 127.371071836082251, 36.30501751134193 ], [ 127.371070142186753, 36.305000637145788 ], [ 127.371067279298813, 36.30497206958313 ], [ 127.371066870617824, 36.304967997776053 ], [ 127.371063688059181, 36.3049447841194 ], [ 127.371063628312953, 36.304943874398873 ], [ 127.37104860623694, 36.304731035619064 ], [ 127.371036114546186, 36.304579920025922 ], [ 127.371026692007234, 36.304465950386827 ], [ 127.371014863898196, 36.304347140448037 ], [ 127.371007466015939, 36.30427282551581 ], [ 127.371007173541088, 36.304265192745618 ], [ 127.371005679069668, 36.304226907151296 ], [ 127.371002579623223, 36.304159841695977 ], [ 127.371017071500106, 36.304147171917137 ], [ 127.371057213533106, 36.304110441827412 ], [ 127.371228001689957, 36.303954145613218 ], [ 127.37123226964178, 36.303950248390194 ], [ 127.371238271000593, 36.303957556513033 ], [ 127.37125102628471, 36.30397307061137 ], [ 127.371313978378097, 36.303959583578823 ], [ 127.371353129686455, 36.303951198582077 ], [ 127.371367184796384, 36.303942585222302 ], [ 127.371437061835508, 36.303900689969119 ], [ 127.371438803619156, 36.303899485600738 ], [ 127.371462942992622, 36.303812492346736 ], [ 127.371461159879246, 36.303805045476778 ], [ 127.371437205483659, 36.303704791433361 ], [ 127.371384731886565, 36.303657552168602 ], [ 127.371356018919073, 36.303615267469056 ], [ 127.371392489420884, 36.30360266483391 ], [ 127.3714232794662, 36.303592070954764 ], [ 127.371429640746669, 36.303590555169862 ], [ 127.371440441570229, 36.303588440180008 ], [ 127.371483944566734, 36.303579924641085 ], [ 127.371531094864565, 36.303570324889421 ], [ 127.371503470730246, 36.303532326435693 ], [ 127.371454161589654, 36.303464260518673 ], [ 127.371453153496219, 36.30346297472552 ], [ 127.371460657283677, 36.303458256102054 ], [ 127.371570167236399, 36.303389779526761 ], [ 127.371584209139968, 36.303380994833248 ], [ 127.371585796918552, 36.303379962489785 ], [ 127.371591390459415, 36.303378629776653 ], [ 127.371611959163204, 36.303372609084306 ], [ 127.37175312288808, 36.303332655434723 ], [ 127.371737399444584, 36.303311004077649 ], [ 127.371616715144867, 36.303342368426293 ], [ 127.371585245448742, 36.303350486885442 ], [ 127.371418308201697, 36.303411796874116 ], [ 127.37126344150505, 36.303360278305711 ], [ 127.37118383518326, 36.303322133902675 ], [ 127.371117855684787, 36.302944402537804 ], [ 127.371253317870924, 36.302413660113146 ], [ 127.371548751673373, 36.302356458628005 ], [ 127.371748192693786, 36.302407468952609 ], [ 127.372114247821628, 36.30232713067182 ], [ 127.372561715123254, 36.302398350732261 ], [ 127.372560759521633, 36.302610175078158 ], [ 127.372489459582582, 36.303136466976746 ], [ 127.372588688582582, 36.303222509844495 ], [ 127.37289243550785, 36.302349110321906 ], [ 127.372163283532345, 36.302172778434972 ], [ 127.371552471696205, 36.301300763344244 ], [ 127.371547169303469, 36.301293182826349 ], [ 127.371515627760559, 36.301208137640501 ], [ 127.37147181112671, 36.300791650589147 ], [ 127.371465247694843, 36.300729209857757 ], [ 127.371461913393929, 36.300522968550084 ], [ 127.371455362849829, 36.299836030438129 ], [ 127.371241663296544, 36.299722846346732 ], [ 127.371231351178096, 36.299717380783818 ], [ 127.371123778003323, 36.299659605423734 ], [ 127.370833860363064, 36.299161167951567 ], [ 127.370853444490052, 36.298684231949217 ], [ 127.370771833021763, 36.298479718920341 ], [ 127.370470835062363, 36.297737960960617 ], [ 127.370670540233874, 36.297143622150223 ], [ 127.370822679485016, 36.296661860716334 ], [ 127.371659032129287, 36.296113197450325 ], [ 127.37154261434425, 36.295515933181292 ], [ 127.371618973683837, 36.295106192734224 ], [ 127.371709471814228, 36.294764916307422 ], [ 127.371713386378261, 36.294750151477409 ], [ 127.372083526585598, 36.294676436714873 ], [ 127.372603548309584, 36.294572870060634 ], [ 127.373028911343141, 36.293461532976956 ], [ 127.373044943315875, 36.293419659087917 ], [ 127.373246310670737, 36.293332339847041 ], [ 127.37333060405085, 36.293284767417909 ], [ 127.373330433601026, 36.293284803296977 ], [ 127.373321339428358, 36.29328614316136 ], [ 127.373312879084438, 36.293287389943877 ], [ 127.373309114322495, 36.293278202789004 ], [ 127.373285243494777, 36.293219947422592 ], [ 127.373254344574732, 36.293144543472408 ], [ 127.373231979053429, 36.29308996530024 ], [ 127.373042183425426, 36.292626793855113 ], [ 127.372762779519192, 36.291944938331852 ], [ 127.372876412677627, 36.291404157917057 ], [ 127.371527871507581, 36.291328359710036 ], [ 127.371176388330909, 36.291003904784183 ], [ 127.370877395309464, 36.290415034705802 ], [ 127.37081419182465, 36.290290552634104 ], [ 127.3703717600999, 36.290302344720523 ], [ 127.370065263648712, 36.290146989668038 ], [ 127.36989717528445, 36.290059642689791 ], [ 127.369967360745676, 36.289775246778362 ], [ 127.370032796154248, 36.28951009445273 ], [ 127.370086560273592, 36.289292232360694 ], [ 127.370110472657956, 36.289195334552474 ], [ 127.370114082995642, 36.289180707363009 ], [ 127.370114455244092, 36.289179197685911 ], [ 127.370137542669241, 36.289177155804474 ], [ 127.370137577195607, 36.289177153137757 ], [ 127.370137443679056, 36.289177083572234 ], [ 127.369928253519177, 36.289024363804202 ], [ 127.369558210650268, 36.288764458482106 ], [ 127.369172722889132, 36.288730534856477 ], [ 127.368867178989575, 36.288710286734485 ], [ 127.368793715366238, 36.288730248372921 ], [ 127.368718041956342, 36.288734644160293 ], [ 127.368441712432826, 36.288839037877466 ], [ 127.368379774133544, 36.288840787371896 ], [ 127.368385282240908, 36.28881901580769 ], [ 127.368337427290015, 36.288823632536484 ], [ 127.368291735600721, 36.288814760952448 ], [ 127.368238334956857, 36.288828514923395 ], [ 127.368141552744746, 36.288844221035291 ], [ 127.368141107688871, 36.288749076103315 ], [ 127.368039038597047, 36.288759951174697 ], [ 127.367827674878157, 36.288815237626466 ], [ 127.367765935770294, 36.288826213425793 ], [ 127.367417619149776, 36.288888181451178 ], [ 127.36724879011139, 36.288905648808267 ], [ 127.367198113063765, 36.288901874850623 ], [ 127.367164773755718, 36.288899390620671 ], [ 127.366995890359917, 36.288876449461547 ], [ 127.366874661072686, 36.288886850317034 ], [ 127.366735026731675, 36.288898820636916 ], [ 127.366646692199652, 36.288880715441195 ], [ 127.366595053687362, 36.288857153960578 ], [ 127.366579692086205, 36.288821234451397 ], [ 127.366198574390339, 36.28873354169815 ], [ 127.365593070946844, 36.288835543765011 ], [ 127.365577696820182, 36.28883987083465 ], [ 127.365493218782376, 36.288863631457346 ], [ 127.36543801161767, 36.288879155459732 ], [ 127.365213102688955, 36.288942417669958 ], [ 127.365096707254722, 36.288943843755334 ], [ 127.36506012097351, 36.288927778886958 ], [ 127.365005364547486, 36.288903730837838 ], [ 127.364915617596026, 36.288813840928455 ], [ 127.364805419402202, 36.288685072841332 ], [ 127.364743847981259, 36.288629107638656 ], [ 127.364736644047653, 36.288624028217271 ], [ 127.364639706270751, 36.288555725457371 ], [ 127.364398736810102, 36.288491905066302 ], [ 127.363968111328788, 36.288589646511589 ], [ 127.363803939087973, 36.288653487974585 ], [ 127.363798235924918, 36.288657524833063 ], [ 127.363831192123442, 36.288678295574861 ], [ 127.363717317900182, 36.28877242627069 ], [ 127.363626939593587, 36.288912004622816 ], [ 127.363580925113482, 36.288970413984856 ], [ 127.363496317258267, 36.289031436556449 ], [ 127.363346623337563, 36.289065927202088 ], [ 127.363237879871974, 36.289068283497073 ], [ 127.363063704111241, 36.289005719537904 ], [ 127.363026160711371, 36.288984501518634 ], [ 127.362956488660373, 36.288953216601477 ], [ 127.362960204702404, 36.288945689408735 ], [ 127.362885298972444, 36.288933182053221 ], [ 127.362783987243134, 36.289017081269165 ], [ 127.362750247481401, 36.28903138569607 ], [ 127.362576732619758, 36.289049221471039 ], [ 127.362439511159351, 36.289043886246375 ], [ 127.362364108033717, 36.289092642394927 ], [ 127.362283008849175, 36.289081748433262 ], [ 127.362136994982166, 36.289112990880248 ], [ 127.362104029261928, 36.289128411235986 ], [ 127.362018387110936, 36.289409482156387 ], [ 127.361958473204737, 36.289479802101233 ], [ 127.361825770611588, 36.289641664528787 ], [ 127.361742285144544, 36.289750935976073 ], [ 127.361693962678402, 36.289835449708185 ], [ 127.361612451479687, 36.289865974431528 ], [ 127.36140467890084, 36.289885443497376 ], [ 127.36123842275363, 36.28989637098784 ], [ 127.361214587603897, 36.289893459897279 ], [ 127.36117867900046, 36.289889079546491 ], [ 127.361153913105923, 36.289884792497823 ], [ 127.361152665135478, 36.289884571056753 ], [ 127.361141736114973, 36.289882684824228 ], [ 127.361110470432564, 36.289888122302528 ], [ 127.36111653057219, 36.28992801731296 ], [ 127.361122074608161, 36.289964462411106 ], [ 127.361135628674134, 36.290050799318614 ], [ 127.361118389321689, 36.29010019990438 ], [ 127.361134662540024, 36.290150653156459 ], [ 127.361111796075562, 36.290249769970835 ], [ 127.36110821210579, 36.290252439742368 ], [ 127.36112581871545, 36.2902684907544 ], [ 127.361078953276589, 36.290292549328093 ], [ 127.361070796744244, 36.290312633355278 ], [ 127.361050752167387, 36.290361979247365 ], [ 127.361016133815923, 36.290447208385189 ], [ 127.360995659162384, 36.290507198286519 ], [ 127.360989110293019, 36.290562280313573 ], [ 127.360954571071616, 36.290635586610229 ], [ 127.360936327744795, 36.290687045110282 ], [ 127.360921000987318, 36.290728572025564 ], [ 127.360897167329895, 36.290786779213533 ], [ 127.360879461726469, 36.290836424430147 ], [ 127.360876570263656, 36.290849103043058 ], [ 127.360853272324874, 36.290951303468788 ], [ 127.360872681782325, 36.291013417394517 ], [ 127.360856841577714, 36.291052441010777 ], [ 127.36083204859078, 36.291136901803149 ], [ 127.360809427766085, 36.291250797833115 ], [ 127.360809449678257, 36.291260305536056 ], [ 127.360809565117307, 36.291324423441189 ], [ 127.360821599985698, 36.291390326898757 ], [ 127.360832264888245, 36.291431523748976 ], [ 127.360860348599843, 36.291518466461881 ], [ 127.360938226588573, 36.291671306509407 ], [ 127.36095971935984, 36.291752987254839 ], [ 127.361015963372154, 36.291892537415642 ], [ 127.361048346476636, 36.292004149550564 ], [ 127.361074174545138, 36.292084781457788 ], [ 127.361107178089966, 36.292169050493307 ], [ 127.361121033844356, 36.292182896431129 ], [ 127.361143165925398, 36.292205016527646 ], [ 127.361166379597293, 36.292295434301394 ], [ 127.361214048543701, 36.292434116927659 ], [ 127.36124974521276, 36.292503445096955 ], [ 127.361353100970959, 36.292660029082569 ], [ 127.36141659151663, 36.29277232305617 ], [ 127.361457836098694, 36.292823331988743 ], [ 127.361525457792169, 36.29295042866891 ], [ 127.361552890921658, 36.293089362431942 ], [ 127.361525591708116, 36.293108044718764 ], [ 127.361525306987403, 36.293128412048809 ], [ 127.361523226460648, 36.293198989624976 ], [ 127.361585495035953, 36.293311818487432 ], [ 127.36166221795807, 36.293410996822658 ], [ 127.361692138807129, 36.293437274821393 ], [ 127.361714113852898, 36.293456565582197 ], [ 127.361762261442109, 36.29356321038675 ], [ 127.361774020863322, 36.29367306453026 ], [ 127.361764389295615, 36.293747692930893 ], [ 127.361688942254133, 36.293780831128061 ], [ 127.361661672523695, 36.293805966723305 ], [ 127.36166596666304, 36.293877858083064 ], [ 127.361687464872688, 36.293946012824762 ], [ 127.361720513160975, 36.293962287342389 ], [ 127.361753047203194, 36.294106459553724 ], [ 127.361803770273198, 36.2942236130203 ], [ 127.361829097044222, 36.294238298083179 ], [ 127.3619315269259, 36.294565269361613 ], [ 127.361932022435255, 36.294566565457082 ], [ 127.36197535119193, 36.294680587268509 ], [ 127.362009283940168, 36.29479707914988 ], [ 127.362045521081455, 36.294927928974097 ], [ 127.362062690195202, 36.294938313129563 ], [ 127.362075672993697, 36.294946168082255 ], [ 127.362136373613183, 36.295078313961376 ], [ 127.362187809820966, 36.295190292320548 ], [ 127.362268460613379, 36.2953468003167 ], [ 127.362395231832735, 36.295582589488568 ], [ 127.362412392014107, 36.295612546978319 ], [ 127.362527605091358, 36.295813720444897 ], [ 127.362541386837719, 36.295837776096448 ], [ 127.362557175113764, 36.295877118833467 ], [ 127.362672203168074, 36.296187569734421 ], [ 127.362742012084453, 36.296372821308417 ], [ 127.362718200477431, 36.296399495570796 ], [ 127.362717768638547, 36.296399965674972 ], [ 127.362709294644816, 36.296409264269535 ], [ 127.362706038513068, 36.296412833304423 ], [ 127.362611145111771, 36.296516918034527 ], [ 127.362585386883168, 36.2965465993585 ], [ 127.361998718610309, 36.297039979873823 ], [ 127.361979478154083, 36.297056141921828 ], [ 127.361807030846634, 36.297201021357566 ], [ 127.361607913675613, 36.297010220546824 ], [ 127.361257493693557, 36.296707839353111 ], [ 127.360878393242359, 36.296450504139976 ], [ 127.360880211748338, 36.296456194110768 ], [ 127.361186158532561, 36.297414144935239 ], [ 127.361600189270689, 36.298742477542774 ], [ 127.361828014318945, 36.299485649818351 ], [ 127.361828342096914, 36.299486712217906 ], [ 127.361992979598384, 36.300024127951914 ], [ 127.362256946092046, 36.300860759195267 ], [ 127.362322525185846, 36.301067047936243 ], [ 127.362322738977184, 36.30106770540916 ], [ 127.362411963331979, 36.301350910515382 ], [ 127.36252328274729, 36.301703051476508 ], [ 127.362588744774456, 36.301910196372368 ], [ 127.362655256974421, 36.302120753879024 ], [ 127.362656127534905, 36.30212350819847 ], [ 127.362700620160894, 36.302264381577842 ], [ 127.362632547532357, 36.302389273371489 ], [ 127.362629434351206, 36.302394996349726 ], [ 127.362483062965126, 36.302629519244462 ], [ 127.362482212864762, 36.302630927366003 ], [ 127.362213984711147, 36.303071069766716 ], [ 127.362115482672635, 36.30323216326827 ], [ 127.362016802969265, 36.303388968744763 ], [ 127.362015621214866, 36.303390846179134 ], [ 127.36190066930213, 36.303582720573026 ], [ 127.361900216857563, 36.303583478241322 ], [ 127.361563717312265, 36.304136453856991 ], [ 127.361561922769226, 36.304138423428341 ], [ 127.361559662840719, 36.304140909038303 ], [ 127.36146354248902, 36.304246716825538 ], [ 127.361118891576126, 36.304623761097034 ], [ 127.359600483897083, 36.305949550772318 ], [ 127.358924979603273, 36.30653611127547 ], [ 127.358789301999408, 36.306675496274607 ], [ 127.358137615864578, 36.307343366306036 ], [ 127.35779445337937, 36.307699218143021 ], [ 127.357207441408889, 36.308301022740807 ], [ 127.357098925126863, 36.308433241545103 ], [ 127.357014810433284, 36.308721219179596 ], [ 127.356866598092381, 36.309149979553581 ], [ 127.356593093928751, 36.309722624383276 ], [ 127.356592571937369, 36.309732629048163 ], [ 127.356389438200736, 36.310249398185626 ], [ 127.35622058963925, 36.310735309192992 ], [ 127.356184736503835, 36.310900177204132 ], [ 127.356125835498474, 36.311153653926425 ], [ 127.356068537014252, 36.311411947684398 ], [ 127.355912675037445, 36.311700461876221 ], [ 127.355852807162748, 36.311848891584432 ], [ 127.355714526056431, 36.312073270601502 ], [ 127.355625512277385, 36.312220615254894 ], [ 127.355434203366826, 36.312550515808987 ], [ 127.355359106162879, 36.312685301666882 ], [ 127.355284306149343, 36.312824250248291 ], [ 127.355154766514019, 36.313091372265184 ], [ 127.354691779148339, 36.313813491806272 ], [ 127.354690303074378, 36.313856320353459 ], [ 127.355042579330913, 36.31411433042404 ], [ 127.355410518597012, 36.314429977801197 ], [ 127.355914164094457, 36.314826381589945 ], [ 127.356200275819134, 36.315451488546771 ], [ 127.356252141445907, 36.315566360839846 ], [ 127.356618371357925, 36.31604514857797 ], [ 127.356789541242208, 36.316547531443547 ], [ 127.356914397567991, 36.316725232586343 ], [ 127.357858483247981, 36.317267433905506 ], [ 127.358017268137488, 36.317527202099647 ], [ 127.358093877529086, 36.317800389223535 ], [ 127.357991201583772, 36.318058368637431 ], [ 127.358185368101587, 36.318337982249197 ], [ 127.35815681362385, 36.318418218374028 ], [ 127.358140866162714, 36.318530290337314 ], [ 127.358275486573461, 36.319038664660852 ], [ 127.358285651442912, 36.319710270306935 ], [ 127.358478337422071, 36.319590740494817 ], [ 127.358785078429392, 36.319515702286012 ], [ 127.358895641938062, 36.31948785854393 ], [ 127.359574569945536, 36.319425908420904 ], [ 127.359720272845266, 36.319221661783736 ], [ 127.360613057802794, 36.31920509651691 ], [ 127.361199588582281, 36.319063461102509 ], [ 127.361984872302386, 36.319021516298392 ], [ 127.361994580908274, 36.319021000225952 ], [ 127.362007054047965, 36.319002002217317 ], [ 127.362776553657014, 36.317878149623063 ], [ 127.362866208472283, 36.317579346400322 ] ] ] ] } },
{ "type": "Feature", "properties": { "EMD_CD": "30170105", "EMD_ENG_NM": "Yongmun-dong", "EMD_KOR_NM": "용문동" }, "geometry": { "type": "MultiPolygon", "coordinates": [ [ [ [ 127.392813857071829, 36.331439658059217 ], [ 127.392564347481397, 36.33164699108805 ], [ 127.392152986893834, 36.331992097395442 ], [ 127.391349377014379, 36.332665823364898 ], [ 127.390853491499868, 36.333082401348371 ], [ 127.390625325724471, 36.333275643660244 ], [ 127.390514768772903, 36.333369265804031 ], [ 127.390364915304914, 36.333493755119328 ], [ 127.389381081292981, 36.334310763408972 ], [ 127.388789414521568, 36.334802359806723 ], [ 127.388608842635449, 36.334952738014245 ], [ 127.388338835945149, 36.335178670283227 ], [ 127.387852311977582, 36.335593556796468 ], [ 127.386883252459327, 36.336410956716868 ], [ 127.386962983638995, 36.336472691041699 ], [ 127.387622317875753, 36.336983328416849 ], [ 127.387999301013181, 36.337277504971404 ], [ 127.389091568678481, 36.338132115549115 ], [ 127.389150009536991, 36.338178696988422 ], [ 127.389190208468946, 36.338142754434188 ], [ 127.389251945718172, 36.338191523343625 ], [ 127.389418528811007, 36.33832312097416 ], [ 127.389601230542112, 36.338465922429236 ], [ 127.389859071810349, 36.338669101183172 ], [ 127.389999168628776, 36.338777966256934 ], [ 127.390311217525962, 36.339024574707679 ], [ 127.390577369883303, 36.339233943264475 ], [ 127.390655267433488, 36.339295446213121 ], [ 127.390791428163539, 36.339402945378829 ], [ 127.390983396930821, 36.339553824736576 ], [ 127.391227841608384, 36.339744787628568 ], [ 127.3913690401656, 36.339855026939297 ], [ 127.391686306339309, 36.339591687918663 ], [ 127.391813081535659, 36.33948561142833 ], [ 127.392132521563568, 36.339218668856077 ], [ 127.392265736963566, 36.339106542148983 ], [ 127.392679489402255, 36.33876922374418 ], [ 127.392849837512543, 36.338629975889774 ], [ 127.392964236066987, 36.338535284135276 ], [ 127.393156634673403, 36.338375597284134 ], [ 127.393244076894462, 36.33830300092702 ], [ 127.393378128287452, 36.338411792566454 ], [ 127.393835090398397, 36.338765435138022 ], [ 127.393956045332629, 36.338856678538896 ], [ 127.394781348095648, 36.339496346079827 ], [ 127.395383963160128, 36.339962897521566 ], [ 127.395896335564743, 36.340358119594853 ], [ 127.396160152701498, 36.340560119793444 ], [ 127.396336008810749, 36.340693740764856 ], [ 127.397001417789838, 36.341208081850048 ], [ 127.397789995536641, 36.3418139301574 ], [ 127.401824460828053, 36.34492871237024 ], [ 127.401883399382129, 36.344974204308855 ], [ 127.401876175737883, 36.34478173844429 ], [ 127.401871617362744, 36.344718230468047 ], [ 127.401951114762952, 36.344984890726472 ], [ 127.401988599720056, 36.345106855540621 ], [ 127.401978898083556, 36.345311551955625 ], [ 127.402046954021131, 36.345429782788848 ], [ 127.402099343200192, 36.345503727943537 ], [ 127.402195205471273, 36.345646323268646 ], [ 127.40224339265157, 36.345717498054171 ], [ 127.402285623829613, 36.345769858237901 ], [ 127.402569860716056, 36.346140988242276 ], [ 127.402678938871645, 36.346284915753074 ], [ 127.402670396167636, 36.346210455380138 ], [ 127.402748355569216, 36.345970257882456 ], [ 127.402748874083201, 36.345969129588262 ], [ 127.402795291875378, 36.345584850516396 ], [ 127.40281125435358, 36.345506512136254 ], [ 127.402834751572087, 36.345393515926638 ], [ 127.402906714959769, 36.345047442400158 ], [ 127.402974674008078, 36.344688711553587 ], [ 127.403114928248172, 36.34414162729508 ], [ 127.403195949709811, 36.343886495292828 ], [ 127.403251437620838, 36.343711428381319 ], [ 127.403358090552416, 36.343432824187772 ], [ 127.403606833770198, 36.342797860870824 ], [ 127.403803043799968, 36.342296989999738 ], [ 127.403840206703919, 36.34217829797322 ], [ 127.403660492342496, 36.341108764082044 ], [ 127.403486914071607, 36.340421647586268 ], [ 127.40344561489033, 36.340250567017215 ], [ 127.403368653055352, 36.339931746720616 ], [ 127.403267113045061, 36.339578379118265 ], [ 127.40315101210912, 36.339168178284545 ], [ 127.402988287336441, 36.338695043195138 ], [ 127.402872561500359, 36.338357214102807 ], [ 127.402501363727481, 36.338362686140641 ], [ 127.402476293539706, 36.338363049432019 ], [ 127.401789243590045, 36.338373806175795 ], [ 127.4017891705209, 36.33835944102897 ], [ 127.401410518236418, 36.338065855615746 ], [ 127.401241717384124, 36.33794003003176 ], [ 127.400918562617917, 36.337699147434513 ], [ 127.400456415015142, 36.337345008193388 ], [ 127.40035207939863, 36.337259465989561 ], [ 127.399990740453532, 36.336942729294357 ], [ 127.399950058217172, 36.336884847628603 ], [ 127.399758638592075, 36.33640871213435 ], [ 127.399506677024675, 36.335939537718829 ], [ 127.399353386193283, 36.335738969909819 ], [ 127.399114879997754, 36.335415910125192 ], [ 127.398690007118645, 36.334957467262441 ], [ 127.398221905317996, 36.334452372438705 ], [ 127.39812840329509, 36.334340594766338 ], [ 127.398119998476574, 36.334330484872005 ], [ 127.397826529077221, 36.334560129958604 ], [ 127.397601921283226, 36.3347453352035 ], [ 127.397582876438022, 36.334730195364081 ], [ 127.397542351406983, 36.334735682949237 ], [ 127.397520849705344, 36.334752362522721 ], [ 127.397244235669746, 36.33445927167471 ], [ 127.397197191900958, 36.334415783757358 ], [ 127.397168321679857, 36.334349697521276 ], [ 127.397085120827356, 36.334279285142856 ], [ 127.397043540076538, 36.33421268201112 ], [ 127.396954433172056, 36.334143695119607 ], [ 127.396897870839652, 36.334175990999576 ], [ 127.396854778425208, 36.334120936974521 ], [ 127.396787052787573, 36.334150449000084 ], [ 127.396746306752362, 36.334112283686189 ], [ 127.396671029655224, 36.33405789467178 ], [ 127.396617817977571, 36.334100876574688 ], [ 127.396571001530376, 36.334100183682722 ], [ 127.396523381038037, 36.334112453271359 ], [ 127.396456334822233, 36.334069022322623 ], [ 127.396290495621741, 36.334176025105371 ], [ 127.396103520461466, 36.334093843060892 ], [ 127.395954819803364, 36.33397386150552 ], [ 127.395167093133651, 36.333338262104249 ], [ 127.395111498492938, 36.333252834346673 ], [ 127.395049329603154, 36.333175880569691 ], [ 127.394982961840952, 36.333094426149792 ], [ 127.394879473166156, 36.332966629317916 ], [ 127.394849721168612, 36.332932933061116 ], [ 127.394792355356913, 36.332876240076921 ], [ 127.394602054152656, 36.332720846954643 ], [ 127.394563158688243, 36.332669445268188 ], [ 127.394531172404911, 36.332607586506334 ], [ 127.394534979903582, 36.332534074035671 ], [ 127.394477907052149, 36.332535676379131 ], [ 127.394477792388287, 36.33244189203144 ], [ 127.394363428485747, 36.332332721588799 ], [ 127.394317960119935, 36.332289786579132 ], [ 127.394251193304015, 36.332197356065748 ], [ 127.394109948167142, 36.332104603501982 ], [ 127.394059889001866, 36.332187838060257 ], [ 127.393992809549459, 36.332379277860426 ], [ 127.393996367608366, 36.332393630832982 ], [ 127.393915280637486, 36.332328282065994 ], [ 127.393917158886524, 36.332180988745797 ], [ 127.394029363824103, 36.332068532694251 ], [ 127.393868763837887, 36.332005139948244 ], [ 127.393677059708196, 36.33202013377754 ], [ 127.393657550278633, 36.332085244158279 ], [ 127.393660342562001, 36.332122408957794 ], [ 127.393402970966335, 36.33191513661771 ], [ 127.392813951674441, 36.331439733874404 ], [ 127.392813857071829, 36.331439658059217 ] ] ] ] } },
{ "type": "Feature", "properties": { "EMD_CD": "30170106", "EMD_ENG_NM": "Tanbang-dong", "EMD_KOR_NM": "탄방동" }, "geometry": { "type": "MultiPolygon", "coordinates": [ [ [ [ 127.403830602127542, 36.348871202325086 ], [ 127.403820109670434, 36.348726482937529 ], [ 127.403735210917674, 36.34829533456837 ], [ 127.403698774631252, 36.348179803676423 ], [ 127.403579146379471, 36.347800496570947 ], [ 127.40354834568042, 36.347768220714158 ], [ 127.403490038475695, 36.347533915282369 ], [ 127.403459838801552, 36.347412557384416 ], [ 127.403440463521321, 36.347334049316672 ], [ 127.403255740632062, 36.34698659375713 ], [ 127.403219192693669, 36.346921949769467 ], [ 127.403205181561702, 36.346902838319707 ], [ 127.403116058014959, 36.346802044561713 ], [ 127.402918867394135, 36.346568682830998 ], [ 127.402851997885023, 36.346493155624024 ], [ 127.402749421932043, 36.346380006660119 ], [ 127.402703153338521, 36.346318206936274 ], [ 127.402678955403459, 36.346285061815472 ], [ 127.402678938871645, 36.346284915753074 ], [ 127.402569860716056, 36.346140988242276 ], [ 127.402285623829613, 36.345769858237901 ], [ 127.40224339265157, 36.345717498054171 ], [ 127.402195205471273, 36.345646323268646 ], [ 127.402099343200192, 36.345503727943537 ], [ 127.402046954021131, 36.345429782788848 ], [ 127.401978898083556, 36.345311551955625 ], [ 127.401988599720056, 36.345106855540621 ], [ 127.401951114762952, 36.344984890726472 ], [ 127.401871617362744, 36.344718230468047 ], [ 127.401876175737883, 36.34478173844429 ], [ 127.401883399382129, 36.344974204308855 ], [ 127.401824460828053, 36.34492871237024 ], [ 127.397789995536641, 36.3418139301574 ], [ 127.397001417789838, 36.341208081850048 ], [ 127.396336008810749, 36.340693740764856 ], [ 127.396160152701498, 36.340560119793444 ], [ 127.395896335564743, 36.340358119594853 ], [ 127.395383963160128, 36.339962897521566 ], [ 127.394781348095648, 36.339496346079827 ], [ 127.393956045332629, 36.338856678538896 ], [ 127.393835090398397, 36.338765435138022 ], [ 127.393378128287452, 36.338411792566454 ], [ 127.393244076894462, 36.33830300092702 ], [ 127.393156634673403, 36.338375597284134 ], [ 127.392964236066987, 36.338535284135276 ], [ 127.392849837512543, 36.338629975889774 ], [ 127.392679489402255, 36.33876922374418 ], [ 127.392265736963566, 36.339106542148983 ], [ 127.392132521563568, 36.339218668856077 ], [ 127.391813081535659, 36.33948561142833 ], [ 127.391686306339309, 36.339591687918663 ], [ 127.3913690401656, 36.339855026939297 ], [ 127.390660982532992, 36.340444158511424 ], [ 127.390486705168726, 36.340578720575124 ], [ 127.390185870597421, 36.340819536863194 ], [ 127.390061979972259, 36.340919744386866 ], [ 127.389830894708865, 36.341106424410789 ], [ 127.389496311084201, 36.341375411063893 ], [ 127.389302085578095, 36.34149553621981 ], [ 127.389187914032192, 36.34156571186135 ], [ 127.388981610815918, 36.341690047938947 ], [ 127.388545210982869, 36.341862197596441 ], [ 127.387884058319713, 36.3420211861946 ], [ 127.387545722515597, 36.34210087006101 ], [ 127.386283782761197, 36.342394666442189 ], [ 127.386030320814271, 36.342450822869424 ], [ 127.385743203498549, 36.342494912471075 ], [ 127.385102274800644, 36.342630506773979 ], [ 127.384715792257808, 36.342712734853279 ], [ 127.384008542090825, 36.342860512146707 ], [ 127.383656494235922, 36.342934957925692 ], [ 127.38332120807587, 36.343004284090377 ], [ 127.382867074785707, 36.343098230469501 ], [ 127.382539142204948, 36.343168233378861 ], [ 127.382092247083065, 36.343280474370395 ], [ 127.382074988317996, 36.343256630440152 ], [ 127.382047062932642, 36.343218059178646 ], [ 127.382033202580814, 36.343198899411895 ], [ 127.381995127078753, 36.343146005211175 ], [ 127.381959470439512, 36.343095625997123 ], [ 127.381952182629988, 36.343086006534222 ], [ 127.381902601512763, 36.343014755443811 ], [ 127.381825110802282, 36.342903554584367 ], [ 127.38144446508575, 36.342383717849373 ], [ 127.381421027154516, 36.342351422928559 ], [ 127.381382803445547, 36.342299789625812 ], [ 127.381321349319862, 36.34221288741098 ], [ 127.381268873067242, 36.342139482072746 ], [ 127.381231621812731, 36.34208388113683 ], [ 127.38120079293526, 36.342041156077933 ], [ 127.381178698308631, 36.34201011739782 ], [ 127.38114618789615, 36.34196523415779 ], [ 127.381067241556522, 36.341854136803327 ], [ 127.381060483272449, 36.341838738972072 ], [ 127.381049726247014, 36.341800455226348 ], [ 127.38104566921885, 36.341765485064904 ], [ 127.381042997547397, 36.341740513431802 ], [ 127.381018690832249, 36.341639433962193 ], [ 127.381015313453645, 36.341632046076676 ], [ 127.381009944724369, 36.341602225066239 ], [ 127.380962928234126, 36.341356769640647 ], [ 127.380735084179605, 36.341385176972295 ], [ 127.380718716639919, 36.341386580355213 ], [ 127.380638097483029, 36.341396839490358 ], [ 127.380471728448867, 36.341418193536001 ], [ 127.380293225213421, 36.341440936935712 ], [ 127.380108934306648, 36.341464870529812 ], [ 127.380105038785615, 36.341465422821635 ], [ 127.380052028410873, 36.341472268432149 ], [ 127.379954599933839, 36.341484833285463 ], [ 127.379817971821723, 36.341503839306142 ], [ 127.379779442391111, 36.341508556584131 ], [ 127.379625210781825, 36.341528969786793 ], [ 127.379532344772485, 36.341540537340663 ], [ 127.379482451596942, 36.34154709378118 ], [ 127.379453947076783, 36.341549526777293 ], [ 127.379423628673507, 36.341425360620178 ], [ 127.379411695086006, 36.341364649814672 ], [ 127.379368427174512, 36.341161104587812 ], [ 127.379324460619443, 36.340964806073153 ], [ 127.379323778878003, 36.34095038079878 ], [ 127.37920602724212, 36.340963819495826 ], [ 127.379182333820708, 36.340966084254475 ], [ 127.379113092514345, 36.340963428680496 ], [ 127.379057106367313, 36.340960766810369 ], [ 127.379002358141889, 36.340958181911596 ], [ 127.378922226802274, 36.340995779472095 ], [ 127.378798015281106, 36.341053197989787 ], [ 127.378757147557167, 36.341071764640354 ], [ 127.378628772437509, 36.341129989186918 ], [ 127.378517826730032, 36.341180371936012 ], [ 127.378509513295242, 36.341184165160477 ], [ 127.378469030245867, 36.341201793608747 ], [ 127.378327206248073, 36.34126598117129 ], [ 127.378185309161026, 36.341329023538457 ], [ 127.378146626673171, 36.341345997416163 ], [ 127.378019935934105, 36.341404684629786 ], [ 127.377900577234598, 36.341459274596176 ], [ 127.377984430226164, 36.341593293455603 ], [ 127.378053018511409, 36.341702930678011 ], [ 127.378121470306652, 36.341812324303618 ], [ 127.378189597680574, 36.341921222610267 ], [ 127.37826206924278, 36.342037056363161 ], [ 127.37830881272329, 36.342111768847239 ], [ 127.378328547455695, 36.342143310484907 ], [ 127.37836042828873, 36.342194270192081 ], [ 127.378426153123357, 36.342299319930468 ], [ 127.378495707512172, 36.342410485083306 ], [ 127.378564452858257, 36.342520364673184 ], [ 127.378634052102356, 36.342631601009195 ], [ 127.378702652206343, 36.342741255884121 ], [ 127.37874606290643, 36.342810625870293 ], [ 127.378770052015128, 36.342848975691155 ], [ 127.378791919154011, 36.342883917326489 ], [ 127.378809611147872, 36.342912212156733 ], [ 127.378860318507037, 36.3429932473477 ], [ 127.37892802109792, 36.343101453299866 ], [ 127.378998328343087, 36.343213823370235 ], [ 127.379064932699876, 36.343320500914182 ], [ 127.379353281315261, 36.343811132158528 ], [ 127.379510828738475, 36.344079191571893 ], [ 127.379530474210739, 36.344112860534501 ], [ 127.379609005902424, 36.34424624620226 ], [ 127.37973963217911, 36.344468602443392 ], [ 127.379738649511097, 36.344472751210652 ], [ 127.379785187211596, 36.344552636792152 ], [ 127.379830712462777, 36.344630803898809 ], [ 127.379859738616545, 36.344680627952158 ], [ 127.379967572526922, 36.344865566843431 ], [ 127.380122228026778, 36.344712599075017 ], [ 127.380183262368234, 36.344756563110224 ], [ 127.382928974610138, 36.346732205826086 ], [ 127.38293939568365, 36.349028441348715 ], [ 127.383123983623051, 36.349027851680816 ], [ 127.390013569994878, 36.349006011966011 ], [ 127.395046913545983, 36.348990532356979 ], [ 127.39521445671717, 36.348989980956411 ], [ 127.402016250904978, 36.348968369192661 ], [ 127.402046072032022, 36.348963672668489 ], [ 127.402055856512717, 36.348962296952465 ], [ 127.402071772033636, 36.348961487090399 ], [ 127.402091273040355, 36.348960466544256 ], [ 127.402126699563254, 36.348958662278328 ], [ 127.402182361887171, 36.348955546855677 ], [ 127.402231677758223, 36.348952993202438 ], [ 127.402316586343176, 36.348948518144994 ], [ 127.402324983212011, 36.348948102291985 ], [ 127.402355521441621, 36.348946503960136 ], [ 127.402386070825969, 36.348944896614363 ], [ 127.40241641951404, 36.348943362118774 ], [ 127.402501886151697, 36.348939101056054 ], [ 127.40261520620821, 36.348933287093672 ], [ 127.402777174235624, 36.348925146681935 ], [ 127.402965013036848, 36.348915440677409 ], [ 127.403025777292285, 36.348912325461242 ], [ 127.403100764024131, 36.348908523232978 ], [ 127.403277398315367, 36.348899431375784 ], [ 127.403529098147189, 36.348886725245876 ], [ 127.403621047781812, 36.348882216266112 ], [ 127.403827428000966, 36.348871320537242 ], [ 127.403830602127542, 36.348871202325086 ] ] ] ] } },
{ "type": "Feature", "properties": { "EMD_CD": "30170108", "EMD_ENG_NM": "Goejeong-dong", "EMD_KOR_NM": "괴정동" }, "geometry": { "type": "MultiPolygon", "coordinates": [ [ [ [ 127.377900577234598, 36.341459274596176 ], [ 127.378019935934105, 36.341404684629786 ], [ 127.378146626673171, 36.341345997416163 ], [ 127.378185309161026, 36.341329023538457 ], [ 127.378327206248073, 36.34126598117129 ], [ 127.378469030245867, 36.341201793608747 ], [ 127.378509513295242, 36.341184165160477 ], [ 127.378517826730032, 36.341180371936012 ], [ 127.378628772437509, 36.341129989186918 ], [ 127.378757147557167, 36.341071764640354 ], [ 127.378798015281106, 36.341053197989787 ], [ 127.378922226802274, 36.340995779472095 ], [ 127.379002358141889, 36.340958181911596 ], [ 127.379057106367313, 36.340960766810369 ], [ 127.379113092514345, 36.340963428680496 ], [ 127.379182333820708, 36.340966084254475 ], [ 127.37920602724212, 36.340963819495826 ], [ 127.379323778878003, 36.34095038079878 ], [ 127.379324460619443, 36.340964806073153 ], [ 127.379368427174512, 36.341161104587812 ], [ 127.379411695086006, 36.341364649814672 ], [ 127.379423628673507, 36.341425360620178 ], [ 127.379453947076783, 36.341549526777293 ], [ 127.379482451596942, 36.34154709378118 ], [ 127.379532344772485, 36.341540537340663 ], [ 127.379625210781825, 36.341528969786793 ], [ 127.379779442391111, 36.341508556584131 ], [ 127.379817971821723, 36.341503839306142 ], [ 127.379954599933839, 36.341484833285463 ], [ 127.380052028410873, 36.341472268432149 ], [ 127.380105038785615, 36.341465422821635 ], [ 127.380108934306648, 36.341464870529812 ], [ 127.380293225213421, 36.341440936935712 ], [ 127.380471728448867, 36.341418193536001 ], [ 127.380638097483029, 36.341396839490358 ], [ 127.380718716639919, 36.341386580355213 ], [ 127.380735084179605, 36.341385176972295 ], [ 127.380962928234126, 36.341356769640647 ], [ 127.381009944724369, 36.341602225066239 ], [ 127.381015313453645, 36.341632046076676 ], [ 127.381018690832249, 36.341639433962193 ], [ 127.381042997547397, 36.341740513431802 ], [ 127.38104566921885, 36.341765485064904 ], [ 127.381049726247014, 36.341800455226348 ], [ 127.381060483272449, 36.341838738972072 ], [ 127.381067241556522, 36.341854136803327 ], [ 127.38114618789615, 36.34196523415779 ], [ 127.381178698308631, 36.34201011739782 ], [ 127.38120079293526, 36.342041156077933 ], [ 127.381231621812731, 36.34208388113683 ], [ 127.381268873067242, 36.342139482072746 ], [ 127.381321349319862, 36.34221288741098 ], [ 127.381382803445547, 36.342299789625812 ], [ 127.381421027154516, 36.342351422928559 ], [ 127.38144446508575, 36.342383717849373 ], [ 127.381825110802282, 36.342903554584367 ], [ 127.381902601512763, 36.343014755443811 ], [ 127.381952182629988, 36.343086006534222 ], [ 127.381959470439512, 36.343095625997123 ], [ 127.381995127078753, 36.343146005211175 ], [ 127.382033202580814, 36.343198899411895 ], [ 127.382047062932642, 36.343218059178646 ], [ 127.382074988317996, 36.343256630440152 ], [ 127.382092247083065, 36.343280474370395 ], [ 127.382539142204948, 36.343168233378861 ], [ 127.382867074785707, 36.343098230469501 ], [ 127.38332120807587, 36.343004284090377 ], [ 127.383656494235922, 36.342934957925692 ], [ 127.384008542090825, 36.342860512146707 ], [ 127.384715792257808, 36.342712734853279 ], [ 127.385102274800644, 36.342630506773979 ], [ 127.385743203498549, 36.342494912471075 ], [ 127.386030320814271, 36.342450822869424 ], [ 127.386283782761197, 36.342394666442189 ], [ 127.387545722515597, 36.34210087006101 ], [ 127.387884058319713, 36.3420211861946 ], [ 127.388545210982869, 36.341862197596441 ], [ 127.388981610815918, 36.341690047938947 ], [ 127.389187914032192, 36.34156571186135 ], [ 127.389302085578095, 36.34149553621981 ], [ 127.389496311084201, 36.341375411063893 ], [ 127.389830894708865, 36.341106424410789 ], [ 127.390061979972259, 36.340919744386866 ], [ 127.390185870597421, 36.340819536863194 ], [ 127.390486705168726, 36.340578720575124 ], [ 127.390660982532992, 36.340444158511424 ], [ 127.3913690401656, 36.339855026939297 ], [ 127.391227841608384, 36.339744787628568 ], [ 127.390983396930821, 36.339553824736576 ], [ 127.390791428163539, 36.339402945378829 ], [ 127.390655267433488, 36.339295446213121 ], [ 127.390577369883303, 36.339233943264475 ], [ 127.390311217525962, 36.339024574707679 ], [ 127.389999168628776, 36.338777966256934 ], [ 127.389859071810349, 36.338669101183172 ], [ 127.389601230542112, 36.338465922429236 ], [ 127.389418528811007, 36.33832312097416 ], [ 127.389251945718172, 36.338191523343625 ], [ 127.389190208468946, 36.338142754434188 ], [ 127.389150009536991, 36.338178696988422 ], [ 127.389091568678481, 36.338132115549115 ], [ 127.387999301013181, 36.337277504971404 ], [ 127.387622317875753, 36.336983328416849 ], [ 127.386962983638995, 36.336472691041699 ], [ 127.386883252459327, 36.336410956716868 ], [ 127.386803047336826, 36.336348042673372 ], [ 127.385822672511168, 36.335585042421933 ], [ 127.385647242019985, 36.335450250532979 ], [ 127.385308973633315, 36.335188438645233 ], [ 127.385064791709993, 36.334986179241938 ], [ 127.384743313791631, 36.334736162473376 ], [ 127.384625086046626, 36.334643288698132 ], [ 127.383857247384796, 36.334047576949942 ], [ 127.383573475360635, 36.333821984288448 ], [ 127.383441932544926, 36.333716084309089 ], [ 127.383105950399084, 36.333445067291166 ], [ 127.383042445740301, 36.333393353510289 ], [ 127.382590632795782, 36.333028459420689 ], [ 127.382494742319082, 36.332949777898271 ], [ 127.382271286439291, 36.333139960841045 ], [ 127.381976858919927, 36.333396750122375 ], [ 127.381397770573258, 36.3338881810065 ], [ 127.380799107164592, 36.334395765556351 ], [ 127.380452957194592, 36.334689464513524 ], [ 127.380313912548473, 36.334805255000035 ], [ 127.379847707048143, 36.33520585187626 ], [ 127.379498224485445, 36.335498414103384 ], [ 127.378607767035874, 36.336252749232621 ], [ 127.377706403375143, 36.337014952966115 ], [ 127.377489972858996, 36.337195534531617 ], [ 127.377384589865059, 36.33711609444812 ], [ 127.377090158603281, 36.336895945073572 ], [ 127.376874876268005, 36.336733409972489 ], [ 127.376718931896221, 36.336592308261118 ], [ 127.376412009415461, 36.336309816416637 ], [ 127.375726511023316, 36.335689463709436 ], [ 127.375679487834546, 36.33569006153126 ], [ 127.375634914034961, 36.335648259930117 ], [ 127.375437898360886, 36.335465921154629 ], [ 127.375173513188344, 36.335221286800419 ], [ 127.374963674435605, 36.335025901964578 ], [ 127.374922368573706, 36.334987442845581 ], [ 127.374904168932659, 36.334971170665987 ], [ 127.374874994861472, 36.334944622861613 ], [ 127.374764492731913, 36.334844063729427 ], [ 127.374671126320933, 36.334758392625368 ], [ 127.374604362415297, 36.334697123642236 ], [ 127.374524464366019, 36.334623810561965 ], [ 127.37451024535433, 36.334610761036586 ], [ 127.374448207590632, 36.334554775484456 ], [ 127.374361989315432, 36.334475579358632 ], [ 127.374293586955076, 36.334416288232305 ], [ 127.374218710271521, 36.334347103918113 ], [ 127.374061444233277, 36.334452824606025 ], [ 127.373925782329422, 36.334544021841495 ], [ 127.373905054520975, 36.334557964528656 ], [ 127.373846557891255, 36.334752268048099 ], [ 127.373827117917372, 36.334816862246853 ], [ 127.373788072126928, 36.334946562528508 ], [ 127.373752812332441, 36.335066789883946 ], [ 127.373716785943301, 36.33518966872861 ], [ 127.373635266415178, 36.335416765257428 ], [ 127.373595535221483, 36.335540710219597 ], [ 127.373541097635496, 36.335710389715501 ], [ 127.373487756965844, 36.335876911371123 ], [ 127.373432879079516, 36.336047764137064 ], [ 127.373379864422262, 36.336383759665722 ], [ 127.373204172476605, 36.336353837659985 ], [ 127.372782950698905, 36.336282305003479 ], [ 127.372691599856225, 36.336299909184753 ], [ 127.372696669797421, 36.336312113341023 ], [ 127.372456153968344, 36.33635043972933 ], [ 127.372411633487602, 36.336357516507981 ], [ 127.372276224432369, 36.336434806807802 ], [ 127.372034286062004, 36.33657289576044 ], [ 127.371439284050183, 36.336621374634014 ], [ 127.371034408601389, 36.336659683306983 ], [ 127.370766361379651, 36.336845404528688 ], [ 127.370030999314793, 36.336935899394192 ], [ 127.369988982890902, 36.33709367076689 ], [ 127.369311424943419, 36.337131993352351 ], [ 127.369304093765919, 36.337131484892716 ], [ 127.369181883387824, 36.337705086630621 ], [ 127.368632281781416, 36.337978839819435 ], [ 127.368601014567076, 36.338275312275591 ], [ 127.368594725783808, 36.338349885782996 ], [ 127.368549660547671, 36.338813118069758 ], [ 127.368513464483328, 36.339049011658567 ], [ 127.368471722765577, 36.339192822454393 ], [ 127.36845189224222, 36.339272817135765 ], [ 127.368371726528679, 36.339479295977995 ], [ 127.368368883745362, 36.339485928118528 ], [ 127.368294531567599, 36.339616168657827 ], [ 127.368327527062533, 36.339828130429233 ], [ 127.368372521697694, 36.339957670887358 ], [ 127.36838145158508, 36.339978189877378 ], [ 127.368473373824088, 36.340007745391013 ], [ 127.368495805573886, 36.340012191484597 ], [ 127.368782080799207, 36.340521374495253 ], [ 127.368970446029152, 36.341170332393517 ], [ 127.369180123243879, 36.34115306135309 ], [ 127.369269943949249, 36.34116639258712 ], [ 127.369476447920135, 36.341197035955936 ], [ 127.369799298944599, 36.341043050033463 ], [ 127.370082585779301, 36.341047827113854 ], [ 127.37009357654091, 36.341068421262797 ], [ 127.370124408209477, 36.341136833049241 ], [ 127.370145835710161, 36.341176175284865 ], [ 127.370305760570062, 36.341469796353181 ], [ 127.370975013582324, 36.341474218074602 ], [ 127.37115146238088, 36.34178196237368 ], [ 127.371273476917267, 36.341861518868491 ], [ 127.371324308533943, 36.341987344798639 ], [ 127.371325191915119, 36.342244716211667 ], [ 127.371414611090643, 36.342309504158479 ], [ 127.372017320190537, 36.341786129996095 ], [ 127.372092113920743, 36.341820322402221 ], [ 127.373519262681157, 36.340581555383736 ], [ 127.373727985137947, 36.340623982270948 ], [ 127.373881715667437, 36.341095085485243 ], [ 127.374078497499269, 36.340992279586573 ], [ 127.373944773855882, 36.340582753949938 ], [ 127.374180153042289, 36.340772888213287 ], [ 127.374362195990301, 36.340920021525385 ], [ 127.374460933353106, 36.340999827693658 ], [ 127.374540996784205, 36.34106446183187 ], [ 127.374547593895315, 36.341069848303782 ], [ 127.374690290422748, 36.34107129527122 ], [ 127.37483176228146, 36.341072746179847 ], [ 127.374971340861165, 36.341074202129334 ], [ 127.375110695460179, 36.341075659482065 ], [ 127.375249828310061, 36.341077116438136 ], [ 127.375388849729632, 36.341078574016208 ], [ 127.375527647313632, 36.341079942846179 ], [ 127.37562612053037, 36.341080985978408 ], [ 127.37577516765684, 36.341082501445072 ], [ 127.375889904575999, 36.34108367415606 ], [ 127.376001856729985, 36.341084855553312 ], [ 127.376154244558492, 36.341086450684998 ], [ 127.376263969273808, 36.341087548362871 ], [ 127.376381825139148, 36.341088801401227 ], [ 127.376489209719409, 36.341089906339832 ], [ 127.376520828193691, 36.340993651744135 ], [ 127.376572430664908, 36.34083704666083 ], [ 127.376622714185658, 36.340684231132428 ], [ 127.376633033090854, 36.340652747648925 ], [ 127.376671510167029, 36.340662539750433 ], [ 127.376794745125707, 36.340694054451639 ], [ 127.376917981299727, 36.340725568125436 ], [ 127.377056831088936, 36.340760998873805 ], [ 127.377145271760767, 36.340783610379383 ], [ 127.377277206736679, 36.340817260356538 ], [ 127.377326278120762, 36.340829812039551 ], [ 127.377445945774085, 36.340860436153278 ], [ 127.377523161949284, 36.340865419714945 ], [ 127.377593042216148, 36.340975367780395 ], [ 127.377900577234598, 36.341459274596176 ] ] ] ] } },
{ "type": "Feature", "properties": { "EMD_CD": "30170109", "EMD_ENG_NM": "Gajang-dong", "EMD_KOR_NM": "가장동" }, "geometry": { "type": "MultiPolygon", "coordinates": [ [ [ [ 127.392813857071829, 36.331439658059217 ], [ 127.392590296836559, 36.331259105606819 ], [ 127.392660231064909, 36.331078921250914 ], [ 127.39259100902764, 36.330775282504177 ], [ 127.39240237222387, 36.330496536240979 ], [ 127.392276682277327, 36.330348533215634 ], [ 127.392035440935302, 36.330059540990995 ], [ 127.391900669373783, 36.329903682259307 ], [ 127.39177936772991, 36.329762144042789 ], [ 127.390606026830568, 36.329394803583888 ], [ 127.390509115534428, 36.329328657969029 ], [ 127.390360391657993, 36.329235086216407 ], [ 127.390216512337545, 36.329136984050727 ], [ 127.390063369973305, 36.329032720981729 ], [ 127.390014084655391, 36.328989507590769 ], [ 127.389680592428562, 36.328693493475534 ], [ 127.389671838123647, 36.328681977154197 ], [ 127.38946429795827, 36.328450879116474 ], [ 127.389269182073292, 36.328232130824652 ], [ 127.389142120086703, 36.328014288217851 ], [ 127.389026801719339, 36.327815277929574 ], [ 127.388842503075168, 36.327389512558831 ], [ 127.388806070697399, 36.327307957528483 ], [ 127.388783218384759, 36.327260720624118 ], [ 127.38871135328867, 36.327119297958653 ], [ 127.388606186251749, 36.32691476497331 ], [ 127.388594859354939, 36.326892700846955 ], [ 127.388421962217791, 36.327005002552063 ], [ 127.388222419688631, 36.327085752869792 ], [ 127.388070691774018, 36.327147154333581 ], [ 127.387811128534977, 36.327252168703772 ], [ 127.385998737545989, 36.327976850486067 ], [ 127.385768885114544, 36.328057406931791 ], [ 127.385469729959496, 36.328150107030375 ], [ 127.385168617660355, 36.328225538216351 ], [ 127.385031789354855, 36.328253228271592 ], [ 127.384999391597717, 36.328260010531707 ], [ 127.384802683916121, 36.328295616065795 ], [ 127.384678211086069, 36.328315344572218 ], [ 127.38462165601743, 36.328324303777414 ], [ 127.384489684912737, 36.32834318272031 ], [ 127.384115433852728, 36.328377607114504 ], [ 127.383931084491493, 36.328389768030441 ], [ 127.383789174861107, 36.328396710880568 ], [ 127.383413900489501, 36.328392692290713 ], [ 127.383247282986574, 36.328395982302091 ], [ 127.383043211220496, 36.328406168706891 ], [ 127.382779576725284, 36.328429845749227 ], [ 127.3824517229409, 36.328475976898368 ], [ 127.382312927416152, 36.328500291029499 ], [ 127.382248784784011, 36.328515617224006 ], [ 127.381631146626091, 36.32865448012349 ], [ 127.381630167979822, 36.328654744194459 ], [ 127.381369748162086, 36.328723872385766 ], [ 127.382252875509337, 36.329493798990889 ], [ 127.382593282850308, 36.329790100288733 ], [ 127.384382193484271, 36.331344176134017 ], [ 127.384096591896935, 36.331587641123775 ], [ 127.382494742319082, 36.332949777898271 ], [ 127.382590632795782, 36.333028459420689 ], [ 127.383042445740301, 36.333393353510289 ], [ 127.383105950399084, 36.333445067291166 ], [ 127.383441932544926, 36.333716084309089 ], [ 127.383573475360635, 36.333821984288448 ], [ 127.383857247384796, 36.334047576949942 ], [ 127.384625086046626, 36.334643288698132 ], [ 127.384743313791631, 36.334736162473376 ], [ 127.385064791709993, 36.334986179241938 ], [ 127.385308973633315, 36.335188438645233 ], [ 127.385647242019985, 36.335450250532979 ], [ 127.385822672511168, 36.335585042421933 ], [ 127.386803047336826, 36.336348042673372 ], [ 127.386883252459327, 36.336410956716868 ], [ 127.387852311977582, 36.335593556796468 ], [ 127.388338835945149, 36.335178670283227 ], [ 127.388608842635449, 36.334952738014245 ], [ 127.388789414521568, 36.334802359806723 ], [ 127.389381081292981, 36.334310763408972 ], [ 127.390364915304914, 36.333493755119328 ], [ 127.390514768772903, 36.333369265804031 ], [ 127.390625325724471, 36.333275643660244 ], [ 127.390853491499868, 36.333082401348371 ], [ 127.391349377014379, 36.332665823364898 ], [ 127.392152986893834, 36.331992097395442 ], [ 127.392564347481397, 36.33164699108805 ], [ 127.392813857071829, 36.331439658059217 ] ] ] ] } },
{ "type": "Feature", "properties": { "EMD_CD": "30170110", "EMD_ENG_NM": "Nae-dong", "EMD_KOR_NM": "내동" }, "geometry": { "type": "MultiPolygon", "coordinates": [ [ [ [ 127.36167934100321, 36.339677147172075 ], [ 127.362517914096784, 36.339479882692352 ], [ 127.362700065468744, 36.339496544660406 ], [ 127.362806011677407, 36.33942073394465 ], [ 127.362842253867555, 36.339400654603089 ], [ 127.363490561061724, 36.339241807688531 ], [ 127.363763059286896, 36.339174772716099 ], [ 127.365422258878738, 36.33938616563556 ], [ 127.365878956019728, 36.339216066208898 ], [ 127.365884048399266, 36.339214176055535 ], [ 127.365945872795237, 36.339191224548884 ], [ 127.366225660393098, 36.339075471403213 ], [ 127.366300822727126, 36.339048792527926 ], [ 127.366323455359407, 36.339067666541283 ], [ 127.366328744085862, 36.339072083738493 ], [ 127.366349666458802, 36.339089547613327 ], [ 127.366422775288953, 36.339150531723739 ], [ 127.366503578653507, 36.339217954234854 ], [ 127.366727205065246, 36.339395847063713 ], [ 127.366833134255245, 36.339481675489836 ], [ 127.366899644491696, 36.339489069068406 ], [ 127.366928722167771, 36.3394926745937 ], [ 127.367889976021416, 36.339609866202053 ], [ 127.368147296533238, 36.339907878636311 ], [ 127.368242478165641, 36.339936694196354 ], [ 127.368259221337297, 36.339941726302115 ], [ 127.36838145158508, 36.339978189877378 ], [ 127.368372521697694, 36.339957670887358 ], [ 127.368327527062533, 36.339828130429233 ], [ 127.368294531567599, 36.339616168657827 ], [ 127.368368883745362, 36.339485928118528 ], [ 127.368371726528679, 36.339479295977995 ], [ 127.36845189224222, 36.339272817135765 ], [ 127.368471722765577, 36.339192822454393 ], [ 127.368513464483328, 36.339049011658567 ], [ 127.368549660547671, 36.338813118069758 ], [ 127.368594725783808, 36.338349885782996 ], [ 127.368601014567076, 36.338275312275591 ], [ 127.368632281781416, 36.337978839819435 ], [ 127.369181883387824, 36.337705086630621 ], [ 127.369304093765919, 36.337131484892716 ], [ 127.369311424943419, 36.337131993352351 ], [ 127.369988982890902, 36.33709367076689 ], [ 127.370030999314793, 36.336935899394192 ], [ 127.370766361379651, 36.336845404528688 ], [ 127.371034408601389, 36.336659683306983 ], [ 127.371439284050183, 36.336621374634014 ], [ 127.372034286062004, 36.33657289576044 ], [ 127.372276224432369, 36.336434806807802 ], [ 127.372411633487602, 36.336357516507981 ], [ 127.372456153968344, 36.33635043972933 ], [ 127.372696669797421, 36.336312113341023 ], [ 127.372691599856225, 36.336299909184753 ], [ 127.372782950698905, 36.336282305003479 ], [ 127.373204172476605, 36.336353837659985 ], [ 127.373379864422262, 36.336383759665722 ], [ 127.373432879079516, 36.336047764137064 ], [ 127.373487756965844, 36.335876911371123 ], [ 127.373541097635496, 36.335710389715501 ], [ 127.373595535221483, 36.335540710219597 ], [ 127.373635266415178, 36.335416765257428 ], [ 127.373716785943301, 36.33518966872861 ], [ 127.373752812332441, 36.335066789883946 ], [ 127.373788072126928, 36.334946562528508 ], [ 127.373827117917372, 36.334816862246853 ], [ 127.373846557891255, 36.334752268048099 ], [ 127.373905054520975, 36.334557964528656 ], [ 127.373925782329422, 36.334544021841495 ], [ 127.374061444233277, 36.334452824606025 ], [ 127.374218710271521, 36.334347103918113 ], [ 127.374293586955076, 36.334416288232305 ], [ 127.374361989315432, 36.334475579358632 ], [ 127.374448207590632, 36.334554775484456 ], [ 127.37451024535433, 36.334610761036586 ], [ 127.374524464366019, 36.334623810561965 ], [ 127.374604362415297, 36.334697123642236 ], [ 127.374671126320933, 36.334758392625368 ], [ 127.374764492731913, 36.334844063729427 ], [ 127.374874994861472, 36.334944622861613 ], [ 127.374904168932659, 36.334971170665987 ], [ 127.374922368573706, 36.334987442845581 ], [ 127.374963674435605, 36.335025901964578 ], [ 127.375173513188344, 36.335221286800419 ], [ 127.375437898360886, 36.335465921154629 ], [ 127.375634914034961, 36.335648259930117 ], [ 127.375679487834546, 36.33569006153126 ], [ 127.375726511023316, 36.335689463709436 ], [ 127.376412009415461, 36.336309816416637 ], [ 127.376718931896221, 36.336592308261118 ], [ 127.376874876268005, 36.336733409972489 ], [ 127.377090158603281, 36.336895945073572 ], [ 127.377384589865059, 36.33711609444812 ], [ 127.377489972858996, 36.337195534531617 ], [ 127.377706403375143, 36.337014952966115 ], [ 127.378607767035874, 36.336252749232621 ], [ 127.379498224485445, 36.335498414103384 ], [ 127.379847707048143, 36.33520585187626 ], [ 127.380313912548473, 36.334805255000035 ], [ 127.380452957194592, 36.334689464513524 ], [ 127.380799107164592, 36.334395765556351 ], [ 127.381397770573258, 36.3338881810065 ], [ 127.381976858919927, 36.333396750122375 ], [ 127.382271286439291, 36.333139960841045 ], [ 127.382494742319082, 36.332949777898271 ], [ 127.384096591896935, 36.331587641123775 ], [ 127.384382193484271, 36.331344176134017 ], [ 127.382593282850308, 36.329790100288733 ], [ 127.382252875509337, 36.329493798990889 ], [ 127.381369748162086, 36.328723872385766 ], [ 127.381127663952057, 36.328777702242022 ], [ 127.381027184093341, 36.328835182264449 ], [ 127.380343538442773, 36.329221791216703 ], [ 127.379470285647045, 36.329714667251203 ], [ 127.379318652492188, 36.329800496551584 ], [ 127.378453865821868, 36.33029194120931 ], [ 127.378538318202999, 36.330326099912931 ], [ 127.376768093038848, 36.331327141077594 ], [ 127.376693137604533, 36.331213487151743 ], [ 127.376416090624929, 36.330792688926607 ], [ 127.375876258659389, 36.329973773720319 ], [ 127.375804356828525, 36.330004206183482 ], [ 127.375139749216075, 36.330292047236952 ], [ 127.373906907560354, 36.330826207924687 ], [ 127.373575351646608, 36.330963686985584 ], [ 127.372726962545855, 36.331325351126772 ], [ 127.372695587189313, 36.331278173227076 ], [ 127.372682507722772, 36.331258406448008 ], [ 127.37265639219072, 36.331218917107535 ], [ 127.372358339570496, 36.331155435604458 ], [ 127.371907671149245, 36.331059128023178 ], [ 127.371708087786516, 36.331016985509656 ], [ 127.371676201679222, 36.331010154196832 ], [ 127.371618010961669, 36.331203707893643 ], [ 127.371519434270937, 36.331526776700152 ], [ 127.371308480984283, 36.331711430849168 ], [ 127.371092103037768, 36.331907915887975 ], [ 127.371041701874532, 36.331954446040285 ], [ 127.370994202454753, 36.33203282344153 ], [ 127.371010090355114, 36.332215784350034 ], [ 127.371003122158399, 36.332228395562147 ], [ 127.370927769199426, 36.33237088780789 ], [ 127.370849361504526, 36.332517605775529 ], [ 127.370619437272907, 36.332945634062746 ], [ 127.370604849524227, 36.332974417698047 ], [ 127.370607322225297, 36.332976951020342 ], [ 127.370334691542624, 36.33317064318301 ], [ 127.370310715096238, 36.333154893164405 ], [ 127.370213682754425, 36.333206901805084 ], [ 127.369636581736358, 36.333288622974273 ], [ 127.36947530756386, 36.333312811725285 ], [ 127.369129145684369, 36.333626205329132 ], [ 127.368886061430956, 36.333763786355782 ], [ 127.368607322925996, 36.333920265844135 ], [ 127.368426088126782, 36.334022808812207 ], [ 127.368434588801307, 36.334054215203096 ], [ 127.368328060583792, 36.334159988415955 ], [ 127.367852798404613, 36.334622872391456 ], [ 127.367734488824496, 36.334734439592985 ], [ 127.367708524526734, 36.334757832466842 ], [ 127.367681006003778, 36.334775255420823 ], [ 127.367069115835804, 36.335130739088193 ], [ 127.366936964864024, 36.335188719702856 ], [ 127.366832485552493, 36.335218732316278 ], [ 127.366783431451111, 36.33523282396326 ], [ 127.366145063484879, 36.335171240129654 ], [ 127.366096108650083, 36.335165901685102 ], [ 127.365983260921695, 36.334925020201446 ], [ 127.365924614241621, 36.334931362731268 ], [ 127.365463162618923, 36.334981270488342 ], [ 127.365149642235224, 36.335013756296036 ], [ 127.36482813669204, 36.335048852919741 ], [ 127.364548219657991, 36.335069258906557 ], [ 127.364168339469131, 36.335092391989583 ], [ 127.364110548707288, 36.335249541886846 ], [ 127.364115368683059, 36.335301777058902 ], [ 127.364156831964678, 36.335781552243944 ], [ 127.364170367260698, 36.335938252168852 ], [ 127.364299391764007, 36.336461675634936 ], [ 127.362795897662195, 36.336562592281176 ], [ 127.362618098636062, 36.336579927049705 ], [ 127.361868913851723, 36.337063756426083 ], [ 127.361821861002738, 36.337094186913717 ], [ 127.361719699287633, 36.337529715160457 ], [ 127.361595272264267, 36.338555658605046 ], [ 127.36167934100321, 36.339677147172075 ] ] ] ] } },
{ "type": "Feature", "properties": { "EMD_CD": "30170111", "EMD_ENG_NM": "Galma-dong", "EMD_KOR_NM": "갈마동" }, "geometry": { "type": "MultiPolygon", "coordinates": [ [ [ [ 127.374318347189728, 36.35775174359631 ], [ 127.374317486888486, 36.357571422456246 ], [ 127.374294710400548, 36.352795032029306 ], [ 127.373269302420638, 36.350681020975799 ], [ 127.373430430590588, 36.350618789506314 ], [ 127.37373889476055, 36.350499595065614 ], [ 127.373689824373429, 36.350277790334452 ], [ 127.373981026175869, 36.350136481087837 ], [ 127.374939929825985, 36.349659743664148 ], [ 127.375665104561065, 36.349299981039721 ], [ 127.376032569440156, 36.349103907564427 ], [ 127.376601047438726, 36.348801764823158 ], [ 127.376883840497229, 36.348465642317031 ], [ 127.377728104710343, 36.347462418668222 ], [ 127.379859738616545, 36.344680627952158 ], [ 127.379830712462777, 36.344630803898809 ], [ 127.379785187211596, 36.344552636792152 ], [ 127.379738649511097, 36.344472751210652 ], [ 127.37973963217911, 36.344468602443392 ], [ 127.379609005902424, 36.34424624620226 ], [ 127.379530474210739, 36.344112860534501 ], [ 127.379510828738475, 36.344079191571893 ], [ 127.379353281315261, 36.343811132158528 ], [ 127.379064932699876, 36.343320500914182 ], [ 127.378998328343087, 36.343213823370235 ], [ 127.37892802109792, 36.343101453299866 ], [ 127.378860318507037, 36.3429932473477 ], [ 127.378809611147872, 36.342912212156733 ], [ 127.378791919154011, 36.342883917326489 ], [ 127.378770052015128, 36.342848975691155 ], [ 127.37874606290643, 36.342810625870293 ], [ 127.378702652206343, 36.342741255884121 ], [ 127.378634052102356, 36.342631601009195 ], [ 127.378564452858257, 36.342520364673184 ], [ 127.378495707512172, 36.342410485083306 ], [ 127.378426153123357, 36.342299319930468 ], [ 127.37836042828873, 36.342194270192081 ], [ 127.378328547455695, 36.342143310484907 ], [ 127.37830881272329, 36.342111768847239 ], [ 127.37826206924278, 36.342037056363161 ], [ 127.378189597680574, 36.341921222610267 ], [ 127.378121470306652, 36.341812324303618 ], [ 127.378053018511409, 36.341702930678011 ], [ 127.377984430226164, 36.341593293455603 ], [ 127.377900577234598, 36.341459274596176 ], [ 127.377593042216148, 36.340975367780395 ], [ 127.377523161949284, 36.340865419714945 ], [ 127.377445945774085, 36.340860436153278 ], [ 127.377326278120762, 36.340829812039551 ], [ 127.377277206736679, 36.340817260356538 ], [ 127.377145271760767, 36.340783610379383 ], [ 127.377056831088936, 36.340760998873805 ], [ 127.376917981299727, 36.340725568125436 ], [ 127.376794745125707, 36.340694054451639 ], [ 127.376671510167029, 36.340662539750433 ], [ 127.376633033090854, 36.340652747648925 ], [ 127.376622714185658, 36.340684231132428 ], [ 127.376572430664908, 36.34083704666083 ], [ 127.376520828193691, 36.340993651744135 ], [ 127.376489209719409, 36.341089906339832 ], [ 127.376381825139148, 36.341088801401227 ], [ 127.376263969273808, 36.341087548362871 ], [ 127.376154244558492, 36.341086450684998 ], [ 127.376001856729985, 36.341084855553312 ], [ 127.375889904575999, 36.34108367415606 ], [ 127.37577516765684, 36.341082501445072 ], [ 127.37562612053037, 36.341080985978408 ], [ 127.375527647313632, 36.341079942846179 ], [ 127.375388849729632, 36.341078574016208 ], [ 127.375249828310061, 36.341077116438136 ], [ 127.375110695460179, 36.341075659482065 ], [ 127.374971340861165, 36.341074202129334 ], [ 127.37483176228146, 36.341072746179847 ], [ 127.374690290422748, 36.34107129527122 ], [ 127.374547593895315, 36.341069848303782 ], [ 127.374540996784205, 36.34106446183187 ], [ 127.374460933353106, 36.340999827693658 ], [ 127.374362195990301, 36.340920021525385 ], [ 127.374180153042289, 36.340772888213287 ], [ 127.373944773855882, 36.340582753949938 ], [ 127.374078497499269, 36.340992279586573 ], [ 127.373881715667437, 36.341095085485243 ], [ 127.373727985137947, 36.340623982270948 ], [ 127.373519262681157, 36.340581555383736 ], [ 127.372092113920743, 36.341820322402221 ], [ 127.372017320190537, 36.341786129996095 ], [ 127.371414611090643, 36.342309504158479 ], [ 127.371325191915119, 36.342244716211667 ], [ 127.371324308533943, 36.341987344798639 ], [ 127.371273476917267, 36.341861518868491 ], [ 127.37115146238088, 36.34178196237368 ], [ 127.370975013582324, 36.341474218074602 ], [ 127.370305760570062, 36.341469796353181 ], [ 127.370145835710161, 36.341176175284865 ], [ 127.370124408209477, 36.341136833049241 ], [ 127.37009357654091, 36.341068421262797 ], [ 127.370082585779301, 36.341047827113854 ], [ 127.369799298944599, 36.341043050033463 ], [ 127.369476447920135, 36.341197035955936 ], [ 127.369269943949249, 36.34116639258712 ], [ 127.369180123243879, 36.34115306135309 ], [ 127.368970446029152, 36.341170332393517 ], [ 127.368782080799207, 36.340521374495253 ], [ 127.368495805573886, 36.340012191484597 ], [ 127.368473373824088, 36.340007745391013 ], [ 127.368351158250846, 36.339967189853681 ], [ 127.368259009722195, 36.339941662958729 ], [ 127.368242478165641, 36.339936694196354 ], [ 127.368147296533238, 36.339907878636311 ], [ 127.367889976021416, 36.339609866202053 ], [ 127.366928722167771, 36.3394926745937 ], [ 127.366899644491696, 36.339489069068406 ], [ 127.366833134255245, 36.339481675489836 ], [ 127.366727205065246, 36.339395847063713 ], [ 127.366503578653507, 36.339217954234854 ], [ 127.366422775288953, 36.339150531723739 ], [ 127.366349666458802, 36.339089547613327 ], [ 127.366328744085862, 36.339072083738493 ], [ 127.366323455359407, 36.339067666541283 ], [ 127.366300822727126, 36.339048792527926 ], [ 127.366225660393098, 36.339075471403213 ], [ 127.365945872795237, 36.339191224548884 ], [ 127.365884048399266, 36.339214176055535 ], [ 127.365878956019728, 36.339216066208898 ], [ 127.365422258878738, 36.33938616563556 ], [ 127.363763059286896, 36.339174772716099 ], [ 127.363490561061724, 36.339241807688531 ], [ 127.363490226621337, 36.339241889342205 ], [ 127.362842253867555, 36.339400654603089 ], [ 127.362806011677407, 36.33942073394465 ], [ 127.362700065468744, 36.339496544660406 ], [ 127.362517914096784, 36.339479882692352 ], [ 127.36167934100321, 36.339677147172075 ], [ 127.361953180879368, 36.340272869517584 ], [ 127.361319263898068, 36.341061051102116 ], [ 127.360856082206595, 36.341213535536426 ], [ 127.360848848748844, 36.341568843932329 ], [ 127.360860551041952, 36.341757045182803 ], [ 127.361000135780756, 36.341924378399838 ], [ 127.361000091964215, 36.342828684447873 ], [ 127.361287282976789, 36.343417204204265 ], [ 127.361158982544353, 36.343705820870866 ], [ 127.361158916504678, 36.343705983069725 ], [ 127.360777024312043, 36.34460756263946 ], [ 127.360558759294534, 36.344811802542146 ], [ 127.360397163870104, 36.344953654189666 ], [ 127.360719006546432, 36.345358709413809 ], [ 127.360788405874786, 36.345763522733911 ], [ 127.360955121071143, 36.346255420640233 ], [ 127.362284415878662, 36.346947397027016 ], [ 127.362544006219665, 36.347265888646689 ], [ 127.362302623829294, 36.348356257629774 ], [ 127.362392590755093, 36.348575853629178 ], [ 127.362309267278007, 36.348683055489985 ], [ 127.362376826710587, 36.349227536689426 ], [ 127.362200211787496, 36.34936288483577 ], [ 127.362172192661717, 36.349384353779179 ], [ 127.362191024157838, 36.349573741271705 ], [ 127.362266523446849, 36.349866321318679 ], [ 127.362278961480214, 36.349944919869088 ], [ 127.362464836852467, 36.350526666551474 ], [ 127.362733743193559, 36.35066693235509 ], [ 127.362775621306497, 36.350688776464047 ], [ 127.362880601462535, 36.350677977974335 ], [ 127.362977231476151, 36.350668034286848 ], [ 127.363544435761114, 36.350931567820908 ], [ 127.363641612459148, 36.351111740703324 ], [ 127.363637077248086, 36.351125848993149 ], [ 127.363747628737087, 36.351329195824547 ], [ 127.363762342962886, 36.351326276484436 ], [ 127.363795159517224, 36.351385609112789 ], [ 127.363915144433548, 36.351602517611312 ], [ 127.363878487351343, 36.352154261262726 ], [ 127.363208309201724, 36.35213817787303 ], [ 127.363206253548654, 36.352170608188132 ], [ 127.363201301459469, 36.352248952993563 ], [ 127.363181796620935, 36.352557653591646 ], [ 127.363162611964725, 36.35286104540652 ], [ 127.36314149718801, 36.353195090732676 ], [ 127.363120174769122, 36.353532373204331 ], [ 127.363115706902931, 36.353602136846533 ], [ 127.363467990985171, 36.35360512530108 ], [ 127.363526063204759, 36.353611528333985 ], [ 127.363585041718366, 36.353620992190883 ], [ 127.363634006663702, 36.353633369946387 ], [ 127.363712225780546, 36.353659627169641 ], [ 127.364327772184097, 36.353976052404803 ], [ 127.364377013710623, 36.353999964398362 ], [ 127.36442847763837, 36.354022607757379 ], [ 127.364621413842116, 36.354089699247865 ], [ 127.36468008853349, 36.354105561303996 ], [ 127.364783913674103, 36.354128045365329 ], [ 127.364837763124697, 36.354136532686077 ], [ 127.36489127118432, 36.354143309382444 ], [ 127.364955358607631, 36.354149332739262 ], [ 127.365058222661645, 36.354156769764387 ], [ 127.365144917548548, 36.354160740789744 ], [ 127.365240830019246, 36.354158736977226 ], [ 127.365708408251308, 36.354110542114292 ], [ 127.365890691267907, 36.354090611508802 ], [ 127.366230941091985, 36.354045055804598 ], [ 127.366325634323459, 36.354211211968725 ], [ 127.366998886677095, 36.354023333630458 ], [ 127.367320325783922, 36.353886093790258 ], [ 127.367537612025103, 36.353799727154289 ], [ 127.367860208043794, 36.353648333067021 ], [ 127.367877439719521, 36.353854468255413 ], [ 127.367911191093143, 36.354257637723968 ], [ 127.367973975362503, 36.355007487480407 ], [ 127.367992856873585, 36.355232721639325 ], [ 127.36803764207589, 36.355232493984893 ], [ 127.368047668765968, 36.35535123718217 ], [ 127.368088476947264, 36.355381932184656 ], [ 127.36817492979786, 36.355381667139675 ], [ 127.368307617820719, 36.35538125973563 ], [ 127.368440081816772, 36.355380852836383 ], [ 127.368572435470014, 36.355380446569114 ], [ 127.368615278674056, 36.355417262364902 ], [ 127.368733180091937, 36.355518551793082 ], [ 127.368788893533235, 36.355520363545722 ], [ 127.368880142785599, 36.355450242562277 ], [ 127.368968395317353, 36.355382473893073 ], [ 127.369075963462521, 36.355299865677061 ], [ 127.369065932104021, 36.355227712924844 ], [ 127.369155502497492, 36.355227257696377 ], [ 127.369273928717561, 36.355226712620613 ], [ 127.369279581361923, 36.355267788247239 ], [ 127.369192883787122, 36.355334381466136 ], [ 127.368864961607102, 36.355586185123101 ], [ 127.368742948852415, 36.355676947701369 ], [ 127.368647721504843, 36.355754199794688 ], [ 127.368562987572133, 36.355836016228182 ], [ 127.36849810688318, 36.355922547177741 ], [ 127.368437826418472, 36.356039523497394 ], [ 127.368401549816213, 36.356309895424026 ], [ 127.368407822152193, 36.357503924104975 ], [ 127.368409182634991, 36.357770034853623 ], [ 127.374318347189728, 36.35775174359631 ] ] ] ] } },
{ "type": "Feature", "properties": { "EMD_CD": "30170112", "EMD_ENG_NM": "Dunsan-dong", "EMD_KOR_NM": "둔산동" }, "geometry": { "type": "MultiPolygon", "coordinates": [ [ [ [ 127.397445187127644, 36.364735933322059 ], [ 127.397592784166733, 36.364109933748772 ], [ 127.398144713447749, 36.363330288935906 ], [ 127.398552667740901, 36.362893274060355 ], [ 127.399402483350443, 36.362324117892413 ], [ 127.399877329125673, 36.362035009667636 ], [ 127.400025750230952, 36.361917083621201 ], [ 127.400289623579667, 36.361770601783874 ], [ 127.400753467899321, 36.361542922919377 ], [ 127.401139052089334, 36.361368159659776 ], [ 127.401555657583046, 36.360280012794902 ], [ 127.401759236919162, 36.359716101512781 ], [ 127.401860829735284, 36.359497228109383 ], [ 127.401956773750271, 36.359195583718979 ], [ 127.401995277365046, 36.359120612697083 ], [ 127.40228392081336, 36.35855859679932 ], [ 127.40247913419411, 36.358231547944911 ], [ 127.402476744824341, 36.358104555026692 ], [ 127.402663108221489, 36.357716139223193 ], [ 127.402770014995099, 36.357482891702205 ], [ 127.402862622755237, 36.357279250367789 ], [ 127.402974320389433, 36.357028800825482 ], [ 127.403035948528583, 36.356893419583585 ], [ 127.403042317880221, 36.35687960070964 ], [ 127.403104862535329, 36.356753506884495 ], [ 127.403156639649055, 36.356600414041743 ], [ 127.403196285828059, 36.356523401563955 ], [ 127.403223874039313, 36.356504438847139 ], [ 127.403277561584531, 36.356011995690224 ], [ 127.403338280889628, 36.355901677971154 ], [ 127.403373673305865, 36.355812289278028 ], [ 127.403450173196816, 36.355659401391293 ], [ 127.40375686866895, 36.355043322377448 ], [ 127.403851757483935, 36.354742796875399 ], [ 127.403883843390304, 36.354684392846686 ], [ 127.403899189883546, 36.354657306161023 ], [ 127.403982599512659, 36.354492282582044 ], [ 127.404086003152685, 36.35429001843 ], [ 127.404610800536403, 36.353269651118339 ], [ 127.404541040399309, 36.353043100240853 ], [ 127.404529889956279, 36.353006890979159 ], [ 127.404500864070783, 36.352912933842909 ], [ 127.404454625931521, 36.352657095803913 ], [ 127.404401930780992, 36.352360734821822 ], [ 127.404196348747377, 36.351347334627064 ], [ 127.404011869085849, 36.350439471273631 ], [ 127.40392020061465, 36.349877676205423 ], [ 127.403900139883604, 36.349631328012457 ], [ 127.403880766785889, 36.349352031966042 ], [ 127.40383721793269, 36.348870900307006 ], [ 127.403830602127542, 36.348871202325086 ], [ 127.403827428000966, 36.348871320537242 ], [ 127.403621047781812, 36.348882216266112 ], [ 127.403529098147189, 36.348886725245876 ], [ 127.403277398315367, 36.348899431375784 ], [ 127.403100764024131, 36.348908523232978 ], [ 127.403025777292285, 36.348912325461242 ], [ 127.402965013036848, 36.348915440677409 ], [ 127.402777174235624, 36.348925146681935 ], [ 127.40261520620821, 36.348933287093672 ], [ 127.402501886151697, 36.348939101056054 ], [ 127.40241641951404, 36.348943362118774 ], [ 127.402386070825969, 36.348944896614363 ], [ 127.402355521441621, 36.348946503960136 ], [ 127.402324983212011, 36.348948102291985 ], [ 127.402316586343176, 36.348948518144994 ], [ 127.402231677758223, 36.348952993202438 ], [ 127.402182361887171, 36.348955546855677 ], [ 127.402126699563254, 36.348958662278328 ], [ 127.402091273040355, 36.348960466544256 ], [ 127.402071772033636, 36.348961487090399 ], [ 127.402055856512717, 36.348962296952465 ], [ 127.402046072032022, 36.348963672668489 ], [ 127.402016250904978, 36.348968369192661 ], [ 127.39521445671717, 36.348989980956411 ], [ 127.395046913545983, 36.348990532356979 ], [ 127.390013569994878, 36.349006011966011 ], [ 127.383123983623051, 36.349027851680816 ], [ 127.38293939568365, 36.349028441348715 ], [ 127.382928974610138, 36.346732205826086 ], [ 127.380183262368234, 36.344756563110224 ], [ 127.380122228026778, 36.344712599075017 ], [ 127.379967572526922, 36.344865566843431 ], [ 127.379859738616545, 36.344680627952158 ], [ 127.377728104710343, 36.347462418668222 ], [ 127.376883840497229, 36.348465642317031 ], [ 127.376601047438726, 36.348801764823158 ], [ 127.376032569440156, 36.349103907564427 ], [ 127.375665104561065, 36.349299981039721 ], [ 127.374939929825985, 36.349659743664148 ], [ 127.373981026175869, 36.350136481087837 ], [ 127.373689824373429, 36.350277790334452 ], [ 127.37373889476055, 36.350499595065614 ], [ 127.373430430590588, 36.350618789506314 ], [ 127.373269302420638, 36.350681020975799 ], [ 127.374294710400548, 36.352795032029306 ], [ 127.374317486888486, 36.357571422456246 ], [ 127.374318347189728, 36.35775174359631 ], [ 127.37947169045546, 36.357735553402101 ], [ 127.379472740998168, 36.35795300165865 ], [ 127.379504354094735, 36.364628476582247 ], [ 127.379505336643234, 36.364854576523669 ], [ 127.393871707562838, 36.364809702696519 ], [ 127.393979116964516, 36.364809349512655 ], [ 127.394059995887758, 36.364806443585636 ], [ 127.394086358366906, 36.364806330249365 ], [ 127.394096074038373, 36.364806280381487 ], [ 127.394147552290036, 36.364806408672756 ], [ 127.394250440190632, 36.364806295498767 ], [ 127.394534427907374, 36.364806902509962 ], [ 127.394893231206908, 36.364806631701704 ], [ 127.39492184435656, 36.364806430035465 ], [ 127.395296771403579, 36.364806294100063 ], [ 127.39549224993516, 36.364805919518176 ], [ 127.39607416524268, 36.364804963862206 ], [ 127.396235290631822, 36.364804314341967 ], [ 127.396422558379825, 36.364803939119724 ], [ 127.396499641756634, 36.364797673601117 ], [ 127.3966212048514, 36.36479773977225 ], [ 127.397282197029384, 36.364796778183113 ], [ 127.397445187127644, 36.364735933322059 ] ] ] ] } },
{ "type": "Feature", "properties": { "EMD_CD": "30170113", "EMD_ENG_NM": "Wolpyeong-dong", "EMD_KOR_NM": "월평동" }, "geometry": { "type": "MultiPolygon", "coordinates": [ [ [ [ 127.354137820790399, 36.333051830768433 ], [ 127.354146118864989, 36.333064647330183 ], [ 127.354179709549769, 36.333482007493053 ], [ 127.354365335755944, 36.33384792111373 ], [ 127.354393346331165, 36.333976179373465 ], [ 127.35444602589655, 36.334217397182272 ], [ 127.354500423034892, 36.334471565843572 ], [ 127.35457428033456, 36.334992576301886 ], [ 127.354426062121007, 36.335438633968778 ], [ 127.354131661067413, 36.335980350044863 ], [ 127.353934492451444, 36.336445360073398 ], [ 127.353827671416397, 36.336800475002825 ], [ 127.353779306621377, 36.336956471202924 ], [ 127.353766024765932, 36.336999311125965 ], [ 127.353735749192225, 36.337088003820782 ], [ 127.353688708196955, 36.337309866056493 ], [ 127.353546427473489, 36.337810165311161 ], [ 127.353454546685711, 36.338134686649212 ], [ 127.35339502238449, 36.338268505469735 ], [ 127.353147001988305, 36.338813984315877 ], [ 127.352963081611634, 36.339213383432465 ], [ 127.352771938265548, 36.339726642655528 ], [ 127.352719859449238, 36.339866483609597 ], [ 127.352567496311991, 36.340254452876316 ], [ 127.352396326370183, 36.340696628549807 ], [ 127.352268807182853, 36.341215744119282 ], [ 127.352121995472274, 36.341886708996483 ], [ 127.352035630575415, 36.342328202932066 ], [ 127.351980793811876, 36.342766088599816 ], [ 127.351903011416084, 36.343277391784028 ], [ 127.351883874326191, 36.343403185214306 ], [ 127.351799873921493, 36.343910763461835 ], [ 127.351692232261954, 36.344303377050927 ], [ 127.351375772169902, 36.344739064331101 ], [ 127.351116339055324, 36.345211432937759 ], [ 127.35105375427662, 36.345415262492544 ], [ 127.351010260486305, 36.345556938973765 ], [ 127.350939213781018, 36.345788366411234 ], [ 127.350765058799965, 36.346060704392713 ], [ 127.350657206910782, 36.346230990000628 ], [ 127.350603027041828, 36.3463165340793 ], [ 127.350139406145416, 36.34687935221482 ], [ 127.350019457385045, 36.347102868352046 ], [ 127.350017018425618, 36.347102016916793 ], [ 127.350019351135316, 36.347103063850462 ], [ 127.349706815324325, 36.347677797864776 ], [ 127.349587322724432, 36.3479142069625 ], [ 127.349518028514993, 36.348078960884074 ], [ 127.349398934186652, 36.348362114853174 ], [ 127.349396948191483, 36.348369014475026 ], [ 127.349163690904831, 36.34917893464133 ], [ 127.349096055541338, 36.349731882111833 ], [ 127.349170111138349, 36.35024966820761 ], [ 127.349293447322367, 36.350818776414584 ], [ 127.349440247958483, 36.351200264463593 ], [ 127.349581868215765, 36.351518901582736 ], [ 127.349815421673313, 36.352090247947139 ], [ 127.349867877946238, 36.352204110644301 ], [ 127.350044302518697, 36.352587106750867 ], [ 127.350298737123438, 36.352958024268517 ], [ 127.350674370860759, 36.353430501465432 ], [ 127.350921055044068, 36.35356648704483 ], [ 127.350989132379752, 36.353610544205928 ], [ 127.351734950791155, 36.353842142125188 ], [ 127.352200246138835, 36.354078244561279 ], [ 127.352692110013223, 36.354298136229303 ], [ 127.353123274427602, 36.354303618089517 ], [ 127.353683692985186, 36.354276536250055 ], [ 127.353697559244154, 36.35427577447328 ], [ 127.353813251120982, 36.354269404806622 ], [ 127.353824254963257, 36.354268795443431 ], [ 127.353830904981436, 36.354268424114153 ], [ 127.353902041993322, 36.354284003039638 ], [ 127.353909025748379, 36.354288687018084 ], [ 127.355371914936541, 36.355269809815368 ], [ 127.355821762414024, 36.355571503661501 ], [ 127.357231334565583, 36.356547531418343 ], [ 127.358071332807313, 36.357129149802709 ], [ 127.358079976649336, 36.357167874724482 ], [ 127.358103067172621, 36.357271890701469 ], [ 127.358140363227676, 36.357524764165099 ], [ 127.358259432573504, 36.357996458435615 ], [ 127.358503564726064, 36.35870193006992 ], [ 127.358513094935191, 36.358727314221753 ], [ 127.358525675639726, 36.358832640967037 ], [ 127.358528734034664, 36.358858279720813 ], [ 127.35854434387285, 36.358858358796169 ], [ 127.358952491863917, 36.359299675262093 ], [ 127.359341848288551, 36.359716714913766 ], [ 127.359738050474334, 36.360141086347561 ], [ 127.359755225727312, 36.360159481764008 ], [ 127.359815025430663, 36.360223239665928 ], [ 127.360248228721346, 36.36068501456365 ], [ 127.36061661316208, 36.3610813494357 ], [ 127.361024371751213, 36.361517847645658 ], [ 127.361245726153257, 36.361779123896675 ], [ 127.361481537113235, 36.362007219527236 ], [ 127.36171426686208, 36.362253095616147 ], [ 127.361754112048246, 36.362296844912315 ], [ 127.362369094919444, 36.362939179605604 ], [ 127.362787325808, 36.363379719133562 ], [ 127.362794563044076, 36.36338427756813 ], [ 127.362919996065898, 36.363417124372717 ], [ 127.363269276471001, 36.363502922040936 ], [ 127.363547437370229, 36.363567233330308 ], [ 127.363948675926807, 36.363682267977843 ], [ 127.364023432666087, 36.363699839220246 ], [ 127.364264431272204, 36.363763162179652 ], [ 127.364620378880844, 36.363849215080023 ], [ 127.36501252781278, 36.363940139582233 ], [ 127.365567748668141, 36.364122908997466 ], [ 127.365769353226497, 36.364196199228594 ], [ 127.366177344398949, 36.36437429624732 ], [ 127.366408367898686, 36.36446747405617 ], [ 127.36658520764027, 36.364567531158137 ], [ 127.366784151466845, 36.364684074897106 ], [ 127.367037733546567, 36.364892505367372 ], [ 127.36829502913919, 36.364888498784502 ], [ 127.368439365879084, 36.364888262903577 ], [ 127.368660426457225, 36.364887403551712 ], [ 127.368776750206962, 36.364887045968523 ], [ 127.379282492992289, 36.364855281021896 ], [ 127.379505336643234, 36.364854576523669 ], [ 127.379504354094735, 36.364628476582247 ], [ 127.379472740998168, 36.35795300165865 ], [ 127.37947169045546, 36.357735553402101 ], [ 127.376517611924612, 36.357744860798199 ], [ 127.374318347189728, 36.35775174359631 ], [ 127.368409182634991, 36.357770034853623 ], [ 127.368407822152193, 36.357503924104975 ], [ 127.368401549816213, 36.356309895424026 ], [ 127.368437826418472, 36.356039523497394 ], [ 127.36849810688318, 36.355922547177741 ], [ 127.368562987572133, 36.355836016228182 ], [ 127.368647721504843, 36.355754199794688 ], [ 127.368742948852415, 36.355676947701369 ], [ 127.368864961607102, 36.355586185123101 ], [ 127.369192883787122, 36.355334381466136 ], [ 127.369279581361923, 36.355267788247239 ], [ 127.369273928717561, 36.355226712620613 ], [ 127.369155502497492, 36.355227257696377 ], [ 127.369065932104021, 36.355227712924844 ], [ 127.369075963462521, 36.355299865677061 ], [ 127.368968395317353, 36.355382473893073 ], [ 127.368880142785599, 36.355450242562277 ], [ 127.368788893533235, 36.355520363545722 ], [ 127.368733180091937, 36.355518551793082 ], [ 127.368615278674056, 36.355417262364902 ], [ 127.368572435470014, 36.355380446569114 ], [ 127.368440081816772, 36.355380852836383 ], [ 127.368307617820719, 36.35538125973563 ], [ 127.36817492979786, 36.355381667139675 ], [ 127.368088476947264, 36.355381932184656 ], [ 127.368047668765968, 36.35535123718217 ], [ 127.36803764207589, 36.355232493984893 ], [ 127.367992856873585, 36.355232721639325 ], [ 127.367973975362503, 36.355007487480407 ], [ 127.367911191093143, 36.354257637723968 ], [ 127.367877439719521, 36.353854468255413 ], [ 127.367860208043794, 36.353648333067021 ], [ 127.367537612025103, 36.353799727154289 ], [ 127.367320325783922, 36.353886093790258 ], [ 127.366998886677095, 36.354023333630458 ], [ 127.366325634323459, 36.354211211968725 ], [ 127.366230941091985, 36.354045055804598 ], [ 127.365890691267907, 36.354090611508802 ], [ 127.365708408251308, 36.354110542114292 ], [ 127.365240830019246, 36.354158736977226 ], [ 127.365144917548548, 36.354160740789744 ], [ 127.365058222661645, 36.354156769764387 ], [ 127.364955358607631, 36.354149332739262 ], [ 127.36489127118432, 36.354143309382444 ], [ 127.364837763124697, 36.354136532686077 ], [ 127.364783913674103, 36.354128045365329 ], [ 127.36468008853349, 36.354105561303996 ], [ 127.364621413842116, 36.354089699247865 ], [ 127.36442847763837, 36.354022607757379 ], [ 127.364377013710623, 36.353999964398362 ], [ 127.364327772184097, 36.353976052404803 ], [ 127.363712225780546, 36.353659627169641 ], [ 127.363634006663702, 36.353633369946387 ], [ 127.363585041718366, 36.353620992190883 ], [ 127.363526063204759, 36.353611528333985 ], [ 127.363467990985171, 36.35360512530108 ], [ 127.363115706902931, 36.353602136846533 ], [ 127.363120174769122, 36.353532373204331 ], [ 127.36314149718801, 36.353195090732676 ], [ 127.363162611964725, 36.35286104540652 ], [ 127.363181796620935, 36.352557653591646 ], [ 127.363201301459469, 36.352248952993563 ], [ 127.363206253548654, 36.352170608188132 ], [ 127.363208309201724, 36.35213817787303 ], [ 127.363878487351343, 36.352154261262726 ], [ 127.363914684220035, 36.351609444471222 ], [ 127.363783035638249, 36.351363689662634 ], [ 127.363766607392961, 36.35133302307252 ], [ 127.363751258028316, 36.351335872262979 ], [ 127.363747634311153, 36.351329194929434 ], [ 127.363637077248086, 36.351125848993149 ], [ 127.363641612459148, 36.351111740703324 ], [ 127.363544435761114, 36.350931567820908 ], [ 127.362977231476151, 36.350668034286848 ], [ 127.362880601462535, 36.350677977974335 ], [ 127.362775621306497, 36.350688776464047 ], [ 127.362733743193559, 36.35066693235509 ], [ 127.362566059506236, 36.350579465419578 ], [ 127.362441433851927, 36.350507857658727 ], [ 127.362259251188064, 36.349941627043592 ], [ 127.362184937610621, 36.349575237035801 ], [ 127.362177769956816, 36.349380939857895 ], [ 127.362203491984303, 36.349361450710816 ], [ 127.36237190959524, 36.34923385973935 ], [ 127.36235730327428, 36.349091113571724 ], [ 127.362326285274378, 36.34884638651878 ], [ 127.36230408197477, 36.348686667310453 ], [ 127.362390027236032, 36.348580394380846 ], [ 127.362302623829294, 36.348356257629774 ], [ 127.362544006219665, 36.347265888646689 ], [ 127.362284415878662, 36.346947397027016 ], [ 127.360955121071143, 36.346255420640233 ], [ 127.360788405874786, 36.345763522733911 ], [ 127.360719006546432, 36.345358709413809 ], [ 127.360397163870104, 36.344953654189666 ], [ 127.360558759294534, 36.344811802542146 ], [ 127.360777024312043, 36.34460756263946 ], [ 127.361158982544353, 36.343705820870866 ], [ 127.361287282976789, 36.343417204204265 ], [ 127.361000091964215, 36.342828684447873 ], [ 127.361000135780756, 36.341924378399838 ], [ 127.360860551041952, 36.341757045182803 ], [ 127.360848848748844, 36.341568843932329 ], [ 127.360856082206595, 36.341213535536426 ], [ 127.361319263898068, 36.341061051102116 ], [ 127.361953180879368, 36.340272869517584 ], [ 127.36167934100321, 36.339677147172075 ], [ 127.361595272264267, 36.338555658605046 ], [ 127.361719699287633, 36.337529715160457 ], [ 127.361821861002738, 36.337094186913717 ], [ 127.361868913851723, 36.337063756426083 ], [ 127.362618098636062, 36.336579927049705 ], [ 127.362795897662195, 36.336562592281176 ], [ 127.364299391764007, 36.336461675634936 ], [ 127.364170367260698, 36.335938252168852 ], [ 127.364156831964678, 36.335781552243944 ], [ 127.364115368683059, 36.335301777058902 ], [ 127.364110548707288, 36.335249541886846 ], [ 127.364168339469131, 36.335092391989583 ], [ 127.364228640591904, 36.334489207766715 ], [ 127.364152162298865, 36.334154204360374 ], [ 127.364121802445496, 36.334029744751888 ], [ 127.364093325121814, 36.333910092489141 ], [ 127.364019312718, 36.333597259695047 ], [ 127.363879405494785, 36.333007217589866 ], [ 127.363851485848869, 36.332885130839749 ], [ 127.363815132413606, 36.332714432498534 ], [ 127.363841988221807, 36.332508162865437 ], [ 127.363882809131709, 36.332198207268341 ], [ 127.363912038463155, 36.331934552976811 ], [ 127.363845101720102, 36.331689466026099 ], [ 127.36376583691461, 36.331398646062205 ], [ 127.363524204139509, 36.331340341782671 ], [ 127.363271509542543, 36.331538995733197 ], [ 127.36323621109625, 36.331559937294983 ], [ 127.362599695370562, 36.331380970022082 ], [ 127.362528629477282, 36.331251361754454 ], [ 127.362047461908332, 36.330385481469115 ], [ 127.361618522315524, 36.329619940085635 ], [ 127.361476259151601, 36.329514498293463 ], [ 127.3613000323313, 36.328729404928026 ], [ 127.361136607367584, 36.32875889629954 ], [ 127.36095914025978, 36.328342890472449 ], [ 127.360917292784592, 36.328256945453035 ], [ 127.359911952062703, 36.327842892588457 ], [ 127.359416995206274, 36.328446052648523 ], [ 127.359262576026822, 36.32892555111723 ], [ 127.359141267698305, 36.329383385160497 ], [ 127.35926816652929, 36.329592906591131 ], [ 127.35922627267405, 36.329891113321302 ], [ 127.359144893965038, 36.330461816810121 ], [ 127.359162870206902, 36.330776235874723 ], [ 127.359195887654025, 36.331320850638171 ], [ 127.359307039684879, 36.331695730317506 ], [ 127.359425990920442, 36.332112499150142 ], [ 127.358744743970917, 36.332222290893405 ], [ 127.358642285500679, 36.332231590467401 ], [ 127.357909594583489, 36.332364068956068 ], [ 127.35781353248521, 36.332364319560916 ], [ 127.357188354920893, 36.332247857830765 ], [ 127.356587463595545, 36.332159103970916 ], [ 127.35649612275293, 36.332146695347326 ], [ 127.356059254282812, 36.332037896354329 ], [ 127.355921652323516, 36.33199200200324 ], [ 127.355845134132636, 36.331952099622072 ], [ 127.355772316970274, 36.331898091744407 ], [ 127.354456229429474, 36.331516491291673 ], [ 127.354456036439771, 36.331932941748185 ], [ 127.354335661543757, 36.332288728611672 ], [ 127.354234340596307, 36.3325849544159 ], [ 127.354138921173998, 36.333051493146918 ], [ 127.354137820790399, 36.333051830768433 ] ] ] ] } },
{ "type": "Feature", "properties": { "EMD_CD": "30170114", "EMD_ENG_NM": "Gasuwon-dong", "EMD_KOR_NM": "가수원동" }, "geometry": { "type": "MultiPolygon", "coordinates": [ [ [ [ 127.346500230133074, 36.30365232178066 ], [ 127.346612308243891, 36.303651358474447 ], [ 127.34681380971503, 36.303665087339979 ], [ 127.347073567409225, 36.303702645830107 ], [ 127.347285981899518, 36.303764708510293 ], [ 127.347595763521511, 36.303847585537838 ], [ 127.347932074233697, 36.303934791645283 ], [ 127.3483387015918, 36.304023496056907 ], [ 127.348649119275876, 36.304098681464396 ], [ 127.34893054525665, 36.30416882262174 ], [ 127.34912086312697, 36.304221096380751 ], [ 127.349235417115665, 36.304250997725212 ], [ 127.349307014952799, 36.303994539888031 ], [ 127.349395035264791, 36.30401149626622 ], [ 127.349597073403558, 36.304050469843901 ], [ 127.350308018391303, 36.304188620845487 ], [ 127.351947738487198, 36.304599718648895 ], [ 127.352032896227854, 36.304621106247531 ], [ 127.352785160439126, 36.304809668314014 ], [ 127.352849140385857, 36.304825701483018 ], [ 127.353166813370237, 36.304905783245054 ], [ 127.35351837170181, 36.304971994418615 ], [ 127.353522461325738, 36.304972775412274 ], [ 127.353522505819967, 36.304972766269508 ], [ 127.35360028820584, 36.304987956347411 ], [ 127.353633719226778, 36.304994526590889 ], [ 127.353711185839813, 36.305013763808368 ], [ 127.353802029127635, 36.305036566263709 ], [ 127.354270960698202, 36.305154499258613 ], [ 127.354336838826072, 36.305171607439725 ], [ 127.354565349917479, 36.305230861053801 ], [ 127.354762532103607, 36.305280564218421 ], [ 127.354852042393375, 36.305303910517878 ], [ 127.354884925503612, 36.305312374500133 ], [ 127.35488316565683, 36.305317155936159 ], [ 127.354991388821873, 36.305342249170195 ], [ 127.354992269352337, 36.305339993626063 ], [ 127.355170172405352, 36.305385697824583 ], [ 127.35537670403599, 36.305434561256348 ], [ 127.355898890664392, 36.305559179141333 ], [ 127.355938791931592, 36.305568433087146 ], [ 127.355972563113994, 36.305576263313093 ], [ 127.356001875903772, 36.305583025338088 ], [ 127.356293786709912, 36.305652270920646 ], [ 127.356450271073911, 36.305688484301633 ], [ 127.356544341045321, 36.305710464028323 ], [ 127.356544329536135, 36.305710484610657 ], [ 127.356593215167223, 36.305721898989482 ], [ 127.35704551087376, 36.305825361541451 ], [ 127.357219404394129, 36.305867821359357 ], [ 127.35735414200623, 36.305900926116678 ], [ 127.357394758636246, 36.305910718151516 ], [ 127.357477310958544, 36.305931451757587 ], [ 127.357614232161737, 36.305964802048457 ], [ 127.35776607777315, 36.30600164933098 ], [ 127.357875001982308, 36.306028693410184 ], [ 127.358098375547655, 36.306083323519232 ], [ 127.358176981521922, 36.306029550162812 ], [ 127.358216820953459, 36.306005559145596 ], [ 127.35831605285118, 36.305945767379868 ], [ 127.3585373232183, 36.305812561804984 ], [ 127.35876823395013, 36.305684049174175 ], [ 127.3588967502115, 36.305610273275072 ], [ 127.359004533950881, 36.305536288882855 ], [ 127.359093611955529, 36.305452420371338 ], [ 127.359156701390617, 36.305424214086031 ], [ 127.359169795441801, 36.305380458859354 ], [ 127.35926597509922, 36.305330408136392 ], [ 127.35935347945933, 36.305284817089834 ], [ 127.359419513105635, 36.305299146378836 ], [ 127.359450893208589, 36.305275847144621 ], [ 127.359449249570744, 36.305228035659212 ], [ 127.359633078663023, 36.305154534923375 ], [ 127.359676914355305, 36.305133000670054 ], [ 127.359719054892764, 36.305096250614376 ], [ 127.359718052895133, 36.305081654562755 ], [ 127.359434932269622, 36.304809166774824 ], [ 127.359480538291479, 36.304777930636362 ], [ 127.359479879459769, 36.304726349281985 ], [ 127.359517214893756, 36.304688216859681 ], [ 127.359558526630622, 36.304662607878392 ], [ 127.359592387286867, 36.3047143691564 ], [ 127.359689074581652, 36.304843731742913 ], [ 127.359714795173005, 36.304878142694534 ], [ 127.359902082537332, 36.305129973805904 ], [ 127.360389468413061, 36.304916537077617 ], [ 127.360960576023743, 36.304668773199161 ], [ 127.361118892110099, 36.304623760969655 ], [ 127.359600483971562, 36.305949550983065 ], [ 127.358924979999969, 36.306536111216211 ], [ 127.358789301737531, 36.306675496128271 ], [ 127.358789301641039, 36.306675496227165 ], [ 127.358789301737531, 36.306675496128271 ], [ 127.358924980000026, 36.306536111216211 ], [ 127.35960048397159, 36.305949550983058 ], [ 127.361118892110099, 36.304623760969712 ], [ 127.361463542145543, 36.304246717019964 ], [ 127.361559663042087, 36.304140908851913 ], [ 127.361561922894353, 36.304138423811381 ], [ 127.36156371749864, 36.304136453842439 ], [ 127.361900216706658, 36.30358347848545 ], [ 127.361900669696013, 36.303582720131857 ], [ 127.362015620816919, 36.303390846554066 ], [ 127.362016803468165, 36.303388968541064 ], [ 127.362115482323588, 36.303232163643052 ], [ 127.3622139851649, 36.303071069591866 ], [ 127.362482212642178, 36.302630927515253 ], [ 127.362483063430432, 36.302629519111164 ], [ 127.36262943415386, 36.30239499649727 ], [ 127.362632547404544, 36.302389273634695 ], [ 127.362700620394094, 36.302264381218414 ], [ 127.362656127422269, 36.30212350853828 ], [ 127.362655257447386, 36.302120753566058 ], [ 127.362588744431491, 36.301910196305698 ], [ 127.36252328290621, 36.301703051284221 ], [ 127.362411963516536, 36.30135091015898 ], [ 127.36232273931725, 36.301067705327782 ], [ 127.362322524758028, 36.301067048116337 ], [ 127.36225694613762, 36.300860759387341 ], [ 127.361992979174531, 36.300024128020574 ], [ 127.361828342287495, 36.29948671180766 ], [ 127.361828014542738, 36.299485649406556 ], [ 127.361600189782408, 36.298742477244978 ], [ 127.361186158195451, 36.29741414470903 ], [ 127.360880211325934, 36.29645619395059 ], [ 127.360681697741441, 36.296320892895793 ], [ 127.360290562165915, 36.29599932853877 ], [ 127.360043165963134, 36.295688461480175 ], [ 127.359801423328037, 36.295318360564323 ], [ 127.359565609847806, 36.294961407581582 ], [ 127.359541568064401, 36.29493309247809 ], [ 127.359245017864851, 36.294473514329653 ], [ 127.359107908993565, 36.294131350738908 ], [ 127.359009129328157, 36.293815963520096 ], [ 127.358905979951786, 36.293423448430055 ], [ 127.358781539332057, 36.293136677988457 ], [ 127.358634761066895, 36.292828706319241 ], [ 127.358559325032729, 36.292602862076059 ], [ 127.357884884284886, 36.292589626225357 ], [ 127.357753782881232, 36.292589827655789 ], [ 127.357713846409709, 36.292591010026712 ], [ 127.357459969207397, 36.292598506891217 ], [ 127.357326939010576, 36.292607869565366 ], [ 127.357066051724061, 36.292633247804957 ], [ 127.356814020307851, 36.292655048518448 ], [ 127.356728298370541, 36.292688331394288 ], [ 127.3567159217491, 36.292693739184351 ], [ 127.355866301820399, 36.29306110213237 ], [ 127.355576660091032, 36.293116454417813 ], [ 127.35504360244137, 36.292974429000843 ], [ 127.354831671781866, 36.292891074650704 ], [ 127.354446134196039, 36.292888761776879 ], [ 127.354319161399374, 36.292881350324166 ], [ 127.353629634406559, 36.292692125876073 ], [ 127.353425047798751, 36.292612532343902 ], [ 127.35314205856686, 36.292446124247078 ], [ 127.352969364086462, 36.292390840043055 ], [ 127.352592379181033, 36.292117881209194 ], [ 127.352398757944329, 36.292065144871657 ], [ 127.352187456346428, 36.291996806606384 ], [ 127.351680326443216, 36.291949178644785 ], [ 127.351797983468472, 36.291397051476757 ], [ 127.351575354559031, 36.291306873698147 ], [ 127.351594705036078, 36.291140657752045 ], [ 127.351598113995706, 36.291111341445728 ], [ 127.351382390956672, 36.290518213341649 ], [ 127.351166220705608, 36.290360508590126 ], [ 127.351085620213922, 36.290309115734715 ], [ 127.351042952535451, 36.290284223750064 ], [ 127.350515161350984, 36.28997632770831 ], [ 127.350398017313225, 36.289632608536216 ], [ 127.350358033476638, 36.289515310610767 ], [ 127.350124886217102, 36.289228604657623 ], [ 127.349689430063265, 36.289266299092638 ], [ 127.349413120961344, 36.289271167667344 ], [ 127.348712664286822, 36.289283504113513 ], [ 127.3481143942616, 36.289144556778517 ], [ 127.347492354967642, 36.288948891934275 ], [ 127.347019072559334, 36.288642868279567 ], [ 127.346074704042081, 36.289586126789033 ], [ 127.346016603134117, 36.289666048534528 ], [ 127.345837881598001, 36.290098624524973 ], [ 127.345841577044325, 36.290344302263939 ], [ 127.345462769992423, 36.290619666289913 ], [ 127.345422043811766, 36.290778075483175 ], [ 127.34540120455938, 36.290859133364961 ], [ 127.345360423384534, 36.291017749960801 ], [ 127.345261950496564, 36.291400799735378 ], [ 127.345777272392709, 36.292004755933412 ], [ 127.346268027277247, 36.292579402250695 ], [ 127.346227572704151, 36.292905682396153 ], [ 127.346361555185283, 36.293152741603414 ], [ 127.346433541077147, 36.293285475792189 ], [ 127.346542244253556, 36.293368349930368 ], [ 127.346898468920031, 36.293639954916443 ], [ 127.346875767472852, 36.293768113969172 ], [ 127.346829549904669, 36.294029075474668 ], [ 127.347472190050937, 36.294313143545672 ], [ 127.347423223470784, 36.294493187411767 ], [ 127.347351120472752, 36.2947582702594 ], [ 127.347148195874425, 36.295002229195433 ], [ 127.347163289785044, 36.295216350522004 ], [ 127.347187291487316, 36.295557025544618 ], [ 127.347295181095987, 36.295681679918893 ], [ 127.347461781019533, 36.296060305512846 ], [ 127.347466086927227, 36.296105144677092 ], [ 127.347306086380613, 36.296548329173433 ], [ 127.34731176911221, 36.296567138342446 ], [ 127.347443906233039, 36.297004205816989 ], [ 127.347608722417803, 36.297252931510009 ], [ 127.347645983129794, 36.297320844537268 ], [ 127.347669231710825, 36.297490432939078 ], [ 127.348003356454214, 36.298028450421761 ], [ 127.347953274551884, 36.298381974302984 ], [ 127.3480752453452, 36.298673638369252 ], [ 127.348435069481795, 36.29921338237682 ], [ 127.348400789718326, 36.299248303335318 ], [ 127.348504334429776, 36.299380737279009 ], [ 127.348539301006639, 36.299425460352538 ], [ 127.347491875312329, 36.300159909531011 ], [ 127.347214213844097, 36.300497762017585 ], [ 127.347213194375868, 36.300498846378048 ], [ 127.347124113022502, 36.300593673462188 ], [ 127.346893818686837, 36.300837701871416 ], [ 127.346740999009654, 36.301061436926091 ], [ 127.346585084740894, 36.301270311288562 ], [ 127.346857153296156, 36.301743463749432 ], [ 127.346864207405758, 36.301750030977047 ], [ 127.346904708986997, 36.301787538117324 ], [ 127.346890186726455, 36.301902705436135 ], [ 127.346808719267955, 36.302341156090165 ], [ 127.346650093249181, 36.303185863677726 ], [ 127.346635827657039, 36.303258350465107 ], [ 127.346569846116992, 36.303439425129639 ], [ 127.34656334206224, 36.303456656378373 ], [ 127.346546316710729, 36.303501683248847 ], [ 127.346537556362662, 36.303524841739225 ], [ 127.346532042597119, 36.303539411656637 ], [ 127.346512572151582, 36.303598062359079 ], [ 127.346500230133074, 36.30365232178066 ] ] ] ] } },
{ "type": "Feature", "properties": { "EMD_CD": "30170115", "EMD_ENG_NM": "Doan-dong", "EMD_KOR_NM": "도안동" }, "geometry": { "type": "MultiPolygon", "coordinates": [ [ [ [ 127.354335661114177, 36.332288728370912 ], [ 127.35445603644132, 36.331932941612635 ], [ 127.354456229552767, 36.331516491304704 ], [ 127.355772316604416, 36.331898092012402 ], [ 127.355845134133602, 36.331952099684408 ], [ 127.355921652405854, 36.331992002004057 ], [ 127.356059254631518, 36.33203789611381 ], [ 127.356496122307675, 36.332146695551366 ], [ 127.35658746311907, 36.332159103712037 ], [ 127.357188355185286, 36.332247857761381 ], [ 127.357813532483121, 36.33236431952438 ], [ 127.357909594177428, 36.332364069154707 ], [ 127.358642285837405, 36.332231590568945 ], [ 127.358744743638042, 36.332222290671645 ], [ 127.359425991132241, 36.332112499353457 ], [ 127.359307039434938, 36.331695729976502 ], [ 127.359195887468204, 36.331320850626291 ], [ 127.359162870080468, 36.330776235865081 ], [ 127.359144893863032, 36.330461816563862 ], [ 127.359226272432224, 36.329891112887665 ], [ 127.359268166603201, 36.329592906683487 ], [ 127.359141268173644, 36.329383385360927 ], [ 127.359262576315032, 36.328925551094258 ], [ 127.359416995001652, 36.328446052467413 ], [ 127.359911952372286, 36.327842892358078 ], [ 127.359896180115328, 36.327343879191865 ], [ 127.359625765631606, 36.326329671664027 ], [ 127.359768440795762, 36.325733803057041 ], [ 127.359684739994961, 36.325593362769766 ], [ 127.359878419512, 36.32496347502439 ], [ 127.359875817197533, 36.324572689075936 ], [ 127.360063426482398, 36.324201176501099 ], [ 127.360036029840472, 36.323802309263655 ], [ 127.35971160836192, 36.322874289301119 ], [ 127.359659629707053, 36.321926392461911 ], [ 127.359762591363449, 36.321047151197178 ], [ 127.359221237932886, 36.320368620552848 ], [ 127.358337816403889, 36.320167938142468 ], [ 127.358285651970789, 36.319710270444467 ], [ 127.358275486424205, 36.319038664780514 ], [ 127.358140865723314, 36.318530290613459 ], [ 127.358156813784007, 36.318418218068516 ], [ 127.358185367723792, 36.318337982437825 ], [ 127.357991201448996, 36.318058368551085 ], [ 127.358093877770614, 36.317800389544644 ], [ 127.358017267641202, 36.317527201766936 ], [ 127.357858482955265, 36.317267434093019 ], [ 127.356914397547627, 36.316725232480849 ], [ 127.356789541718967, 36.316547531551031 ], [ 127.356618371339053, 36.31604514871534 ], [ 127.356252141209765, 36.315566360604784 ], [ 127.356200275793768, 36.315451488571199 ], [ 127.355914163776873, 36.314826381181724 ], [ 127.355410518515583, 36.31442997756799 ], [ 127.355042579164945, 36.314114330345433 ], [ 127.354690302587457, 36.313856319903216 ], [ 127.354691779662417, 36.313813491703726 ], [ 127.355154766251488, 36.313091372140576 ], [ 127.355284306263414, 36.312824250028555 ], [ 127.355359106429688, 36.312685301740899 ], [ 127.355434203519607, 36.312550515953959 ], [ 127.355625512381167, 36.312220614931498 ], [ 127.355714525981981, 36.312073270411531 ], [ 127.355852807374902, 36.31184889152388 ], [ 127.355912675496569, 36.31170046170886 ], [ 127.356068536543233, 36.311411947866041 ], [ 127.35612583533586, 36.311153654257609 ], [ 127.356184736695823, 36.310900177145228 ], [ 127.356220589526146, 36.310735308870157 ], [ 127.356389437818635, 36.310249398606587 ], [ 127.356592572003677, 36.309732629115629 ], [ 127.356593094498663, 36.30972262451499 ], [ 127.356866598116426, 36.309149979865992 ], [ 127.357014810460313, 36.30872121942798 ], [ 127.357098925642475, 36.308433241878362 ], [ 127.357207441401613, 36.308301022972863 ], [ 127.357794453837442, 36.3076992180575 ], [ 127.358137615368634, 36.307343365883703 ], [ 127.358789301737531, 36.306675496128271 ], [ 127.358789301641039, 36.306675496227165 ], [ 127.358789301737531, 36.306675496128271 ], [ 127.358924979999969, 36.306536111216211 ], [ 127.359600483971562, 36.305949550983065 ], [ 127.361118892110099, 36.304623760969655 ], [ 127.360960576023743, 36.304668773199161 ], [ 127.360389468413061, 36.304916537077617 ], [ 127.359902082537332, 36.305129973805904 ], [ 127.359714795173005, 36.304878142694534 ], [ 127.359689074581652, 36.304843731742913 ], [ 127.359592387286867, 36.3047143691564 ], [ 127.359558526630622, 36.304662607878392 ], [ 127.359517214893756, 36.304688216859681 ], [ 127.359479879459769, 36.304726349281985 ], [ 127.359480538291479, 36.304777930636362 ], [ 127.359434932269622, 36.304809166774824 ], [ 127.359718052895133, 36.305081654562755 ], [ 127.359719054892764, 36.305096250614376 ], [ 127.359676914355305, 36.305133000670054 ], [ 127.359633078663023, 36.305154534923375 ], [ 127.359449249570744, 36.305228035659212 ], [ 127.359450893208589, 36.305275847144621 ], [ 127.359419513105635, 36.305299146378836 ], [ 127.35935347945933, 36.305284817089834 ], [ 127.35926597509922, 36.305330408136392 ], [ 127.359169795441801, 36.305380458859354 ], [ 127.359156701390617, 36.305424214086031 ], [ 127.359093611955529, 36.305452420371338 ], [ 127.359004533950881, 36.305536288882855 ], [ 127.3588967502115, 36.305610273275072 ], [ 127.35876823395013, 36.305684049174175 ], [ 127.3585373232183, 36.305812561804984 ], [ 127.35831605285118, 36.305945767379868 ], [ 127.358216820953459, 36.306005559145596 ], [ 127.358176981521922, 36.306029550162812 ], [ 127.358098375547655, 36.306083323519232 ], [ 127.357875001982308, 36.306028693410184 ], [ 127.35776607777315, 36.30600164933098 ], [ 127.357614232161737, 36.305964802048457 ], [ 127.357477310958544, 36.305931451757587 ], [ 127.357394758636246, 36.305910718151516 ], [ 127.35735414200623, 36.305900926116678 ], [ 127.357219404394129, 36.305867821359357 ], [ 127.35704551087376, 36.305825361541451 ], [ 127.356593215167223, 36.305721898989482 ], [ 127.356544329536135, 36.305710484610657 ], [ 127.356544341045321, 36.305710464028323 ], [ 127.356450271073911, 36.305688484301633 ], [ 127.356293786709912, 36.305652270920646 ], [ 127.356001875903772, 36.305583025338088 ], [ 127.355972563113994, 36.305576263313093 ], [ 127.355938791931592, 36.305568433087146 ], [ 127.355898890664392, 36.305559179141333 ], [ 127.35537670403599, 36.305434561256348 ], [ 127.355170172405352, 36.305385697824583 ], [ 127.354992269352337, 36.305339993626063 ], [ 127.354991388821873, 36.305342249170195 ], [ 127.35488316565683, 36.305317155936159 ], [ 127.354884925503612, 36.305312374500133 ], [ 127.354852042393375, 36.305303910517878 ], [ 127.354762532103607, 36.305280564218421 ], [ 127.354565349917479, 36.305230861053801 ], [ 127.354336838826072, 36.305171607439725 ], [ 127.354270960698202, 36.305154499258613 ], [ 127.353802029127635, 36.305036566263709 ], [ 127.353711185839813, 36.305013763808368 ], [ 127.353633719226778, 36.304994526590889 ], [ 127.35360028820584, 36.304987956347411 ], [ 127.353522505819967, 36.304972766269508 ], [ 127.353522461325738, 36.304972775412274 ], [ 127.35351837170181, 36.304971994418615 ], [ 127.353166813370237, 36.304905783245054 ], [ 127.352849140385857, 36.304825701483018 ], [ 127.352785160439126, 36.304809668314014 ], [ 127.352032896227854, 36.304621106247531 ], [ 127.351947738487198, 36.304599718648895 ], [ 127.350308018391303, 36.304188620845487 ], [ 127.349597073403558, 36.304050469843901 ], [ 127.349395035264791, 36.30401149626622 ], [ 127.349307014952799, 36.303994539888031 ], [ 127.349235417115665, 36.304250997725212 ], [ 127.34912086312697, 36.304221096380751 ], [ 127.34893054525665, 36.30416882262174 ], [ 127.348649119275876, 36.304098681464396 ], [ 127.3483387015918, 36.304023496056907 ], [ 127.347932074233697, 36.303934791645283 ], [ 127.347595763521511, 36.303847585537838 ], [ 127.347285981899518, 36.303764708510293 ], [ 127.347073567409225, 36.303702645830107 ], [ 127.34681380971503, 36.303665087339979 ], [ 127.346612308243891, 36.303651358474447 ], [ 127.346500230133074, 36.30365232178066 ], [ 127.346476493950576, 36.303652489402069 ], [ 127.346291544149125, 36.303637820070499 ], [ 127.34620911531556, 36.303631280909578 ], [ 127.345943329096627, 36.303594918449129 ], [ 127.345913944286906, 36.303594201055574 ], [ 127.345877551044836, 36.303584663297961 ], [ 127.345435604013545, 36.303539578947913 ], [ 127.345268449050593, 36.303510338881274 ], [ 127.345057102441785, 36.303472925737978 ], [ 127.345099225567054, 36.303655245581389 ], [ 127.344983676279512, 36.303636186633518 ], [ 127.344837769462131, 36.304805415334521 ], [ 127.344711336601762, 36.305818104622027 ], [ 127.344797655216894, 36.305825066203234 ], [ 127.344722792866335, 36.306476020650464 ], [ 127.344716294694919, 36.306606241440072 ], [ 127.34480092424144, 36.307289423535295 ], [ 127.344829689219893, 36.307757997628222 ], [ 127.344831221924309, 36.307815542337821 ], [ 127.344846342889312, 36.307970618366333 ], [ 127.344806213601558, 36.308071890631915 ], [ 127.344720938412436, 36.308135902702972 ], [ 127.344617056541978, 36.308199652704602 ], [ 127.344534992239488, 36.308226563017655 ], [ 127.344470896057601, 36.308283394846342 ], [ 127.344451599753256, 36.308273095688733 ], [ 127.344403509115921, 36.308300701482821 ], [ 127.344388715106206, 36.308309124852833 ], [ 127.344330500297175, 36.308308057195163 ], [ 127.344274843738759, 36.308280947195954 ], [ 127.344203799817564, 36.308246248318952 ], [ 127.344155632359957, 36.308200327272814 ], [ 127.344101689666445, 36.308198454223813 ], [ 127.344047557863604, 36.308196617739334 ], [ 127.342537737343406, 36.308138095070944 ], [ 127.342497557518612, 36.30811595063085 ], [ 127.342378401634008, 36.308049864913606 ], [ 127.3423400834223, 36.308031058304515 ], [ 127.342251736815015, 36.307990685294072 ], [ 127.342152012569201, 36.307948388914355 ], [ 127.342059699107921, 36.307912685974102 ], [ 127.34197469751571, 36.307886739729796 ], [ 127.341925647909065, 36.307873181530447 ], [ 127.341833231836674, 36.307847130304353 ], [ 127.341696353591232, 36.307812644361803 ], [ 127.341696370423691, 36.307816519371862 ], [ 127.341810097186197, 36.307852783453384 ], [ 127.341882128446017, 36.307876729914746 ], [ 127.341933425630273, 36.307895057965936 ], [ 127.341983613737085, 36.307914380447542 ], [ 127.342033583104666, 36.307934604707263 ], [ 127.342082778204585, 36.307956002680839 ], [ 127.342131530710205, 36.307978032718466 ], [ 127.342179508166765, 36.30800105623851 ], [ 127.342226820740422, 36.308024802575076 ], [ 127.342273136760852, 36.308049813380102 ], [ 127.342328275051401, 36.308080836896551 ], [ 127.342381970262394, 36.308112855795926 ], [ 127.342426405741392, 36.308140665549168 ], [ 127.34246961924238, 36.308169109594274 ], [ 127.342495192556285, 36.308186519472606 ], [ 127.342553496471524, 36.308228528204225 ], [ 127.342594270757104, 36.30825932222016 ], [ 127.342634268038623, 36.308290659144852 ], [ 127.342673267202983, 36.308322900080427 ], [ 127.342694726073518, 36.308341493186099 ], [ 127.342645016562031, 36.308378915594297 ], [ 127.342410120366566, 36.308555589949968 ], [ 127.342369711795584, 36.308596425833848 ], [ 127.34233157483277, 36.308619917887718 ], [ 127.34229524568687, 36.308641733950353 ], [ 127.342224800821128, 36.308660953703743 ], [ 127.342176130630946, 36.308671841076112 ], [ 127.342150985954518, 36.308677465855105 ], [ 127.342090581118214, 36.308688506016942 ], [ 127.342050279518602, 36.308688620826267 ], [ 127.341993126492198, 36.308675198685094 ], [ 127.341895542541209, 36.308632004639946 ], [ 127.341798029533493, 36.308605112390936 ], [ 127.341731875042854, 36.30860147875547 ], [ 127.341656938976413, 36.308597362734687 ], [ 127.341532688522577, 36.308600433353263 ], [ 127.341488887102301, 36.308608612928417 ], [ 127.341413325536095, 36.308622723415787 ], [ 127.341307134097292, 36.308682848272873 ], [ 127.341148544941618, 36.308794830469935 ], [ 127.341071176135273, 36.308870477271753 ], [ 127.341054265007742, 36.308887011979735 ], [ 127.340997051797657, 36.308959569675153 ], [ 127.340945407457156, 36.309056603325423 ], [ 127.340905692905977, 36.309157879596818 ], [ 127.340834769394576, 36.30933874132873 ], [ 127.340780420701961, 36.309476520296023 ], [ 127.340673935465418, 36.309746468774364 ], [ 127.340670380963118, 36.309755479669562 ], [ 127.340602257571575, 36.30998948893442 ], [ 127.340567826152565, 36.310107748534612 ], [ 127.340545572141266, 36.31019096315476 ], [ 127.340279267397094, 36.310584639994474 ], [ 127.34029890624096, 36.310749039754313 ], [ 127.34019137686218, 36.310853817932745 ], [ 127.34019146491886, 36.310853880594337 ], [ 127.340409707082529, 36.311366184497849 ], [ 127.340594854001267, 36.311800683862316 ], [ 127.340594868937686, 36.311800710647958 ], [ 127.340590845995422, 36.311800693915274 ], [ 127.340584354414872, 36.311844519794455 ], [ 127.340543784784444, 36.312118412029044 ], [ 127.340450816177821, 36.312621720900133 ], [ 127.340496652871664, 36.31299847155497 ], [ 127.340376908375703, 36.313001271266138 ], [ 127.339859722981089, 36.313022030391217 ], [ 127.339043038322828, 36.313248394839647 ], [ 127.339042756746821, 36.313248345139762 ], [ 127.339042778129155, 36.313248466957667 ], [ 127.339108532376258, 36.313623075439232 ], [ 127.339202281516734, 36.314085924693714 ], [ 127.339302249542897, 36.314239175381239 ], [ 127.33936166619344, 36.314330260602354 ], [ 127.339787397795831, 36.314449048107704 ], [ 127.339881767038065, 36.314621356091877 ], [ 127.339373322688061, 36.315570965747391 ], [ 127.339371186722886, 36.315824310140187 ], [ 127.339403999720645, 36.31605592154483 ], [ 127.339538919489954, 36.317008241271104 ], [ 127.339737262219458, 36.317713651615399 ], [ 127.338522328673477, 36.317775362088568 ], [ 127.337754220055416, 36.317805353468522 ], [ 127.337559971255516, 36.318495758054553 ], [ 127.337426107708254, 36.318983489609494 ], [ 127.337545729500377, 36.31909003270416 ], [ 127.337556639804404, 36.319099752742403 ], [ 127.337706742698245, 36.319224891327771 ], [ 127.337334703029512, 36.320722220324541 ], [ 127.337105863592441, 36.321139403867392 ], [ 127.336803746496102, 36.321957157225299 ], [ 127.336782397755101, 36.322050623820552 ], [ 127.336743641495687, 36.322221595143461 ], [ 127.336689090135124, 36.322462244502091 ], [ 127.33663648115953, 36.322693498131386 ], [ 127.336756162694883, 36.323247114244296 ], [ 127.33675966063619, 36.323320171626555 ], [ 127.336752080206793, 36.323859194079873 ], [ 127.337002406132228, 36.324357859233842 ], [ 127.337006281352416, 36.324365580428662 ], [ 127.337159726039275, 36.324673116788482 ], [ 127.337292721803706, 36.325169398146862 ], [ 127.337096401089028, 36.325672588167436 ], [ 127.337007275170009, 36.326364608755341 ], [ 127.336980321434524, 36.326573889393501 ], [ 127.336003578568281, 36.327232410825516 ], [ 127.335935176967382, 36.327266720660432 ], [ 127.335951485619162, 36.327364163911398 ], [ 127.335963092270774, 36.3274335128419 ], [ 127.33589451643337, 36.327433689744844 ], [ 127.335896328161795, 36.327771683524581 ], [ 127.335897103733032, 36.327916235010854 ], [ 127.3358999505501, 36.32844740187587 ], [ 127.335901511499372, 36.328739723423915 ], [ 127.335901602767592, 36.328755866768333 ], [ 127.335903147742997, 36.329044442529266 ], [ 127.335905104851776, 36.329408592253365 ], [ 127.335905502234652, 36.329483356296457 ], [ 127.335905638137092, 36.329509949058185 ], [ 127.335906094751593, 36.329595454974687 ], [ 127.335906484129112, 36.329668369791953 ], [ 127.335906564029585, 36.329683332475682 ], [ 127.335907754878789, 36.329903284356561 ], [ 127.335907848627954, 36.329920872451567 ], [ 127.335909039113702, 36.3301442129967 ], [ 127.336014541820191, 36.330143746545382 ], [ 127.337034378072957, 36.330139896662651 ], [ 127.338136740587245, 36.33013562541057 ], [ 127.338138532012763, 36.33112159365055 ], [ 127.338180546212627, 36.33117933059534 ], [ 127.338210315954029, 36.331237983159454 ], [ 127.338211203250566, 36.331444184984221 ], [ 127.338208572263042, 36.331506377373515 ], [ 127.338157703368026, 36.331746322739619 ], [ 127.338141865416048, 36.331792867863143 ], [ 127.338139665440494, 36.331799272385979 ], [ 127.338142131603107, 36.331953113647522 ], [ 127.338142250345399, 36.332022134130789 ], [ 127.33814241240006, 36.332119343173062 ], [ 127.338142565793504, 36.332206756323785 ], [ 127.343561443378235, 36.332188685250564 ], [ 127.343857621015871, 36.332186946502695 ], [ 127.343989791702441, 36.33218685621214 ], [ 127.344513863665938, 36.332185483701956 ], [ 127.344610842558865, 36.332185157282126 ], [ 127.353254963398143, 36.332155702985659 ], [ 127.353494589534705, 36.332151699224994 ], [ 127.353750976089756, 36.332154039523161 ], [ 127.353753182546555, 36.332154064741523 ], [ 127.353777610295154, 36.332274811239458 ], [ 127.35378149443838, 36.33229642792454 ], [ 127.353840409064347, 36.332592379445742 ], [ 127.354138920667097, 36.333051493376786 ], [ 127.35423434021952, 36.332584954358801 ], [ 127.354335661114177, 36.332288728370912 ] ] ] ] } },
{ "type": "Feature", "properties": { "EMD_CD": "30170116", "EMD_ENG_NM": "Gwanjeo-dong", "EMD_KOR_NM": "관저동" }, "geometry": { "type": "MultiPolygon", "coordinates": [ [ [ [ 127.31439212594735, 36.285737448528316 ], [ 127.315401372061515, 36.285731101245418 ], [ 127.315453643882762, 36.285736162692743 ], [ 127.315481480925399, 36.285738857429898 ], [ 127.315618679984652, 36.285752159343069 ], [ 127.315871294764122, 36.285731272534754 ], [ 127.316010018721755, 36.285688877194893 ], [ 127.31603474423251, 36.285681322737013 ], [ 127.316174730394238, 36.285679134404546 ], [ 127.316264465320572, 36.285686234231044 ], [ 127.316389722810172, 36.285702756011489 ], [ 127.316425019440999, 36.285702689826998 ], [ 127.316542919157826, 36.28570245208472 ], [ 127.316685283072417, 36.28572659731622 ], [ 127.316845651606258, 36.285782678511367 ], [ 127.317010002692101, 36.285818788328299 ], [ 127.31706474935234, 36.285814237024198 ], [ 127.317149011920435, 36.285822521392255 ], [ 127.317288569857752, 36.285849125499524 ], [ 127.317491762435111, 36.285922188341395 ], [ 127.317693077745616, 36.285990577956561 ], [ 127.317854955423755, 36.286075131766438 ], [ 127.318241744201387, 36.286282803287293 ], [ 127.318807799028548, 36.286656124860698 ], [ 127.318994252180005, 36.286779087957974 ], [ 127.319160839484596, 36.286962477086163 ], [ 127.319281391454552, 36.287140914894508 ], [ 127.319558577939333, 36.287551197466669 ], [ 127.319861323487942, 36.287999287449125 ], [ 127.319934875745361, 36.288266326283832 ], [ 127.319969296151058, 36.288408061474968 ], [ 127.319995800639504, 36.28859044514445 ], [ 127.320021160536186, 36.288808874371654 ], [ 127.320040189861047, 36.28902772401716 ], [ 127.320052891063966, 36.289246875083897 ], [ 127.320058505443029, 36.289423148816098 ], [ 127.320059271036286, 36.289685597301286 ], [ 127.320052938012893, 36.289904925018256 ], [ 127.320044712801916, 36.290129109173066 ], [ 127.320051811054668, 36.290131502720499 ], [ 127.320009953138992, 36.290448549759383 ], [ 127.319998108235154, 36.290542011876774 ], [ 127.319968362936095, 36.2907767979423 ], [ 127.319964384029944, 36.290844073152037 ], [ 127.319940323588753, 36.29087021743625 ], [ 127.319955870235503, 36.290899400541058 ], [ 127.319961674108612, 36.290952456137241 ], [ 127.319953021175095, 36.291022654264317 ], [ 127.319951737302702, 36.291099999288356 ], [ 127.319957068084278, 36.291230863627554 ], [ 127.319960609669067, 36.291317798472861 ], [ 127.3199731098439, 36.291435788838349 ], [ 127.319983611312225, 36.291534919496634 ], [ 127.320003962750121, 36.291653386966502 ], [ 127.320020678034581, 36.291750761826805 ], [ 127.320055766866929, 36.291904174708634 ], [ 127.320093858685695, 36.292024191774836 ], [ 127.32011575940065, 36.292088324682652 ], [ 127.320149902690886, 36.292189922630008 ], [ 127.320178895067286, 36.292263273733724 ], [ 127.320183533012553, 36.292275007131572 ], [ 127.320235172722477, 36.292405654039086 ], [ 127.320259372326703, 36.292487569724742 ], [ 127.320264749135802, 36.292528471849693 ], [ 127.320286355158728, 36.292651304620307 ], [ 127.320315420712419, 36.292807302917026 ], [ 127.320327712214322, 36.292873290118031 ], [ 127.320368130325818, 36.292979296122276 ], [ 127.320452736468027, 36.293190414953635 ], [ 127.320551972116135, 36.293431963982741 ], [ 127.320556623466857, 36.293445180421784 ], [ 127.320631030061449, 36.29364973036715 ], [ 127.320638241522317, 36.293671258388699 ], [ 127.320669871226201, 36.293766698431817 ], [ 127.320712809614477, 36.293896263617938 ], [ 127.320767799770223, 36.294037674335001 ], [ 127.320773281859587, 36.294038876261659 ], [ 127.320900983165856, 36.294380883581518 ], [ 127.320998544757899, 36.294399394386453 ], [ 127.321128697801001, 36.294717180701099 ], [ 127.321172301866497, 36.294823232679299 ], [ 127.321576235892394, 36.295797650085767 ], [ 127.32187497796393, 36.296521974416372 ], [ 127.321896202457808, 36.296575222521156 ], [ 127.321925939627249, 36.296649138635331 ], [ 127.321951695546844, 36.296713233675355 ], [ 127.32200711074077, 36.296843035241928 ], [ 127.322139420212068, 36.297073742726788 ], [ 127.322203812729768, 36.297166480841582 ], [ 127.322321217007953, 36.297318375503963 ], [ 127.322548445538729, 36.297570573210379 ], [ 127.322761970322873, 36.297794776952422 ], [ 127.323327974678207, 36.298389081344546 ], [ 127.32334757821225, 36.298410368004852 ], [ 127.323371565249587, 36.298449865124191 ], [ 127.323416111721826, 36.298507601296379 ], [ 127.323467041430277, 36.298574512028651 ], [ 127.32348431177688, 36.298605105414993 ], [ 127.32362478181858, 36.298787936149161 ], [ 127.323636346269197, 36.298811786508352 ], [ 127.323725697858208, 36.298908872973797 ], [ 127.323799310199902, 36.298995637673187 ], [ 127.323900106936094, 36.299114412272708 ], [ 127.323957070378995, 36.299213387870665 ], [ 127.32419083458737, 36.299449587022529 ], [ 127.324583182933267, 36.299745816976625 ], [ 127.324644437800231, 36.299683475819734 ], [ 127.324736597866519, 36.299589687661367 ], [ 127.32506074718431, 36.299710623135759 ], [ 127.326260679044211, 36.300158291795555 ], [ 127.326912324674026, 36.30037279398411 ], [ 127.327020610614653, 36.300381844830085 ], [ 127.327279702707116, 36.300467651748924 ], [ 127.327692680582032, 36.300666407014937 ], [ 127.327879546161057, 36.300678333588209 ], [ 127.328076878779186, 36.30077088638852 ], [ 127.328493703830603, 36.300930336348635 ], [ 127.328873185410473, 36.301064601384375 ], [ 127.329027484585311, 36.301115798079898 ], [ 127.329265016582355, 36.301196415482416 ], [ 127.32936211249104, 36.301226338611379 ], [ 127.32940114482507, 36.301242092430662 ], [ 127.329626973167734, 36.301305816314496 ], [ 127.32988290335291, 36.301378506431959 ], [ 127.329948011309583, 36.30139699760737 ], [ 127.330295334773368, 36.301495642570643 ], [ 127.330613631099752, 36.301565942055603 ], [ 127.331251812028057, 36.301612495543864 ], [ 127.331445035284545, 36.301610746508494 ], [ 127.331496419660198, 36.301610281347294 ], [ 127.331674240069844, 36.301608671419771 ], [ 127.331807855009373, 36.301606752387791 ], [ 127.332065108404407, 36.301603049397094 ], [ 127.332483243168454, 36.301597468242747 ], [ 127.332483856795974, 36.301682177047397 ], [ 127.332482604995676, 36.301817924886301 ], [ 127.332483380968895, 36.302212548701448 ], [ 127.332483408979243, 36.302219184085786 ], [ 127.332497260623555, 36.302219466912369 ], [ 127.332494151493563, 36.302311106906359 ], [ 127.332491108622662, 36.302399908940259 ], [ 127.33248597963204, 36.30369686979747 ], [ 127.332508440085277, 36.303766405857125 ], [ 127.332507215301888, 36.304021816144271 ], [ 127.332507023766865, 36.304066204152704 ], [ 127.332506533404342, 36.304160829215718 ], [ 127.332487574360314, 36.304565413157462 ], [ 127.332487592530555, 36.304605522744389 ], [ 127.332487727912365, 36.304664098761762 ], [ 127.332488103344176, 36.304884525170117 ], [ 127.332600526053412, 36.30493035427466 ], [ 127.332600599075079, 36.30497397994651 ], [ 127.332600797828491, 36.305063130910519 ], [ 127.332601077171546, 36.305189814038755 ], [ 127.332603166351902, 36.306134405551624 ], [ 127.33260348904443, 36.306280246460098 ], [ 127.332605133219843, 36.307047386020834 ], [ 127.332605490227124, 36.307184544217314 ], [ 127.332605737493012, 36.307321972717816 ], [ 127.332605955770973, 36.307404651514027 ], [ 127.33260609476477, 36.307457458550488 ], [ 127.332606310648146, 36.307562946318598 ], [ 127.332606468649686, 36.307626569162935 ], [ 127.332606963534786, 36.307876464286132 ], [ 127.332606967931937, 36.307876491338526 ], [ 127.332606944135023, 36.307891661527734 ], [ 127.332664608585006, 36.307926157466902 ], [ 127.332743125814403, 36.307973124969891 ], [ 127.33296286846452, 36.30832748066279 ], [ 127.333084400167593, 36.308493491164661 ], [ 127.333120942929952, 36.308543423958966 ], [ 127.333194186788688, 36.308720004516132 ], [ 127.333195547601576, 36.308723280826349 ], [ 127.333309679277605, 36.308994813189706 ], [ 127.33333284162002, 36.309061173895671 ], [ 127.333527578106413, 36.30941469636079 ], [ 127.33390268588937, 36.309703157545449 ], [ 127.334343676814726, 36.309988144068164 ], [ 127.334460052073311, 36.310026750173833 ], [ 127.334473880740418, 36.310031668460596 ], [ 127.334640231937982, 36.310372299759578 ], [ 127.334921900698546, 36.310441986662866 ], [ 127.335063580314042, 36.310557753288968 ], [ 127.335301411667473, 36.3107814370602 ], [ 127.335576313744198, 36.310791456299611 ], [ 127.335614870468603, 36.310913646847538 ], [ 127.335643056312449, 36.310917146057392 ], [ 127.335694259616702, 36.311067183759945 ], [ 127.335843944148408, 36.311505692062433 ], [ 127.335918940004575, 36.311459477514369 ], [ 127.336086046444308, 36.311494903120959 ], [ 127.336229404477308, 36.311679558246382 ], [ 127.336213700518243, 36.312048426872074 ], [ 127.336470821236247, 36.312187848160299 ], [ 127.336584639105382, 36.31224956684801 ], [ 127.33704220113141, 36.312251536733484 ], [ 127.337176046623469, 36.312449897255433 ], [ 127.33750904817478, 36.312943364215258 ], [ 127.337482074242274, 36.313453334599394 ], [ 127.337742617994849, 36.313452268176924 ], [ 127.339042756527135, 36.313248345474022 ], [ 127.339043038254928, 36.313248394539961 ], [ 127.339859722842974, 36.313022030219983 ], [ 127.340376907939188, 36.313001271595724 ], [ 127.340496653009467, 36.312998471333522 ], [ 127.340450815709247, 36.31262172098738 ], [ 127.340543784791592, 36.312118411820393 ], [ 127.340584354477869, 36.311844519960324 ], [ 127.340590846276015, 36.311800694015581 ], [ 127.340594868644871, 36.31180071024685 ], [ 127.340594854217528, 36.311800684082776 ], [ 127.340409707030318, 36.31136618456749 ], [ 127.340191464991378, 36.310853880449947 ], [ 127.340191377120306, 36.310853818125146 ], [ 127.340298906391851, 36.310749040082648 ], [ 127.340279267822609, 36.310584640282904 ], [ 127.340545572377849, 36.310190962829267 ], [ 127.340567826564097, 36.310107748155744 ], [ 127.340602257494965, 36.309989488958372 ], [ 127.340670380944445, 36.309755479421725 ], [ 127.340673934967512, 36.309746468798018 ], [ 127.340780420849569, 36.309476520383434 ], [ 127.34083476979518, 36.309338741577072 ], [ 127.340905692498822, 36.309157879648204 ], [ 127.340945407630073, 36.309056603436034 ], [ 127.340997051522308, 36.308959569642703 ], [ 127.341054264719304, 36.308887012009357 ], [ 127.341071176227814, 36.308870477006415 ], [ 127.341148544725897, 36.308794830641858 ], [ 127.341307134010904, 36.30868284828486 ], [ 127.341413325561504, 36.308622723413087 ], [ 127.341488886933092, 36.308608612662681 ], [ 127.341532688224163, 36.308600432988904 ], [ 127.34165693942397, 36.308597362612694 ], [ 127.341731875419811, 36.308601479121407 ], [ 127.341798029426926, 36.308605112348971 ], [ 127.341895542033413, 36.308632004773528 ], [ 127.341993126217375, 36.308675198870432 ], [ 127.342050279112172, 36.308688620598829 ], [ 127.342090580856237, 36.30868850574381 ], [ 127.342150985962206, 36.308677465751856 ], [ 127.342176131123068, 36.308671841188989 ], [ 127.342224801108102, 36.308660954111467 ], [ 127.342295245540583, 36.308641734217581 ], [ 127.342331574687051, 36.308619917516808 ], [ 127.342369711709992, 36.308596425443753 ], [ 127.342410120613863, 36.30855558983869 ], [ 127.342645016118325, 36.308378915274801 ], [ 127.342694726549325, 36.308341493440857 ], [ 127.34267326745676, 36.308322900415867 ], [ 127.342634267929725, 36.308290659101502 ], [ 127.342594270790798, 36.308259322496944 ], [ 127.342553496208936, 36.308228528474459 ], [ 127.342495193031638, 36.308186519405787 ], [ 127.342469619185948, 36.308169110004499 ], [ 127.342426406104465, 36.308140665716365 ], [ 127.342381969842691, 36.308112855371064 ], [ 127.342328274702794, 36.308080836914748 ], [ 127.342273136227249, 36.308049813616286 ], [ 127.342226820839073, 36.308024802699194 ], [ 127.342179508217384, 36.308001056198492 ], [ 127.342131530283339, 36.307978032729523 ], [ 127.342082778440229, 36.307956002608812 ], [ 127.342033583128895, 36.307934604758366 ], [ 127.341983613539128, 36.307914380562245 ], [ 127.341933426047689, 36.307895057595097 ], [ 127.341882128247278, 36.307876730228777 ], [ 127.341810097132281, 36.307852783798914 ], [ 127.341696369932635, 36.307816519756031 ], [ 127.341696353333987, 36.307812644010447 ], [ 127.341833231568415, 36.307847130477214 ], [ 127.341925647869473, 36.307873181248013 ], [ 127.34197469756478, 36.30788674005256 ], [ 127.342059699106926, 36.307912686165942 ], [ 127.34215201238689, 36.307948388518717 ], [ 127.342251736328265, 36.307990685522462 ], [ 127.342340083807827, 36.308031058739708 ], [ 127.342378401950825, 36.308049864485525 ], [ 127.342497557346704, 36.308115950849434 ], [ 127.34253773788258, 36.308138094720825 ], [ 127.344047557918088, 36.308196617969351 ], [ 127.344101689864317, 36.308198454450647 ], [ 127.344155632380023, 36.308200327621321 ], [ 127.344203800095826, 36.308246248758813 ], [ 127.344274843878637, 36.308280946926473 ], [ 127.344330500205572, 36.308308057295946 ], [ 127.344388715037198, 36.308309124590224 ], [ 127.344403508671348, 36.308300701098112 ], [ 127.344451600114624, 36.308273095985989 ], [ 127.344470896378155, 36.308283395284384 ], [ 127.344534992656548, 36.308226563372827 ], [ 127.344617057043564, 36.308199652794215 ], [ 127.34472093801935, 36.308135902258826 ], [ 127.344806213140913, 36.308071891049337 ], [ 127.34484634259843, 36.307970618566962 ], [ 127.344831222226688, 36.30781554276998 ], [ 127.344829688784998, 36.307757997219078 ], [ 127.34480092468074, 36.307289423381363 ], [ 127.344716294848453, 36.306606241088268 ], [ 127.344722793052725, 36.30647602021903 ], [ 127.344797655228135, 36.305825066017505 ], [ 127.344711336121065, 36.305818104766615 ], [ 127.344837769944434, 36.30480541518218 ], [ 127.344983676385922, 36.303636186399594 ], [ 127.345099225524223, 36.303655245604979 ], [ 127.3450571020106, 36.3034729258857 ], [ 127.345268448955707, 36.30351033847878 ], [ 127.345435604030442, 36.303539579161402 ], [ 127.345877551163284, 36.303584663304001 ], [ 127.345913943899887, 36.303594201184431 ], [ 127.34594332933537, 36.303594918273348 ], [ 127.346209115670732, 36.30363128119351 ], [ 127.3462915439016, 36.30363781980104 ], [ 127.346476493807629, 36.303652489774301 ], [ 127.346500230639592, 36.303652322203938 ], [ 127.346512572114733, 36.303598062703621 ], [ 127.346532042864354, 36.303539412016796 ], [ 127.346537556096536, 36.303524842138252 ], [ 127.346546316370464, 36.303501682974137 ], [ 127.346563342042586, 36.30345665681299 ], [ 127.34656984625002, 36.303439425063317 ], [ 127.346635827709662, 36.303258350285546 ], [ 127.346650092956267, 36.30318586409031 ], [ 127.346808719646688, 36.302341156395372 ], [ 127.34689018690149, 36.301902705025597 ], [ 127.346904708510294, 36.301787538328739 ], [ 127.346864207237644, 36.301750031415615 ], [ 127.346857153219105, 36.301743463578326 ], [ 127.346585084948828, 36.30127031142203 ], [ 127.346740999096042, 36.301061436741833 ], [ 127.346893818706448, 36.300837702243385 ], [ 127.34712411348778, 36.300593673798616 ], [ 127.347213194726194, 36.300498846483961 ], [ 127.347214213732613, 36.300497762342204 ], [ 127.347491875626417, 36.300159909500778 ], [ 127.348539300472723, 36.299425460291268 ], [ 127.348504334601401, 36.299380736942581 ], [ 127.348400789270343, 36.299248303131577 ], [ 127.348435069713545, 36.299213382505648 ], [ 127.348075245425022, 36.29867363876388 ], [ 127.347953275048511, 36.298381973971189 ], [ 127.348003356309377, 36.298028450694254 ], [ 127.347669231813853, 36.29749043261311 ], [ 127.347645982712535, 36.297320844227784 ], [ 127.347608722776599, 36.297252931785145 ], [ 127.347443906208326, 36.297004205823598 ], [ 127.347311769047863, 36.296567138155837 ], [ 127.347306086021945, 36.296548329160615 ], [ 127.347466086720473, 36.296105145018373 ], [ 127.347461781279264, 36.296060305762346 ], [ 127.347295180737873, 36.295681680290052 ], [ 127.347187291369053, 36.295557025474416 ], [ 127.347163289367799, 36.29521635022008 ], [ 127.347148196197011, 36.29500222877806 ], [ 127.3473511206507, 36.294758270690579 ], [ 127.347423222974371, 36.294493187419143 ], [ 127.347472190246293, 36.294313143879243 ], [ 127.346829549532956, 36.294029075894336 ], [ 127.346875767482601, 36.293768113753515 ], [ 127.346898468611499, 36.293639954519286 ], [ 127.346542244065574, 36.293368349965036 ], [ 127.346433541386375, 36.293285475380401 ], [ 127.346361554963039, 36.293152741614158 ], [ 127.34622757267239, 36.292905681998107 ], [ 127.346268026721688, 36.292579402077536 ], [ 127.345777272765829, 36.292004756124093 ], [ 127.345261950686449, 36.291400799303148 ], [ 127.345360423412103, 36.291017750379048 ], [ 127.345401204328837, 36.290859133794093 ], [ 127.345422043662481, 36.290778075283406 ], [ 127.345462770461197, 36.290619665955106 ], [ 127.345841577038243, 36.290344302613562 ], [ 127.345837882140302, 36.290098624520155 ], [ 127.346016603396123, 36.289666048511002 ], [ 127.346074704401076, 36.289586126466148 ], [ 127.347019072069287, 36.288642868532932 ], [ 127.346627395116499, 36.288442225618788 ], [ 127.345936846277183, 36.288519032605699 ], [ 127.345899027962815, 36.288396409532758 ], [ 127.345779218374261, 36.288276925281991 ], [ 127.34542805052304, 36.288207481437077 ], [ 127.345162772039245, 36.288094749445094 ], [ 127.345048349343202, 36.288015449697284 ], [ 127.344890092482785, 36.287898300638986 ], [ 127.3444866792521, 36.287839656422129 ], [ 127.343993039068948, 36.287792164061699 ], [ 127.343788119696882, 36.287651599396504 ], [ 127.343646873093036, 36.287557199937694 ], [ 127.342952431147481, 36.287572016958954 ], [ 127.342764627889736, 36.287506740411509 ], [ 127.342542077825343, 36.287429910089912 ], [ 127.342409750935701, 36.287384227828085 ], [ 127.341906206669947, 36.287287839188089 ], [ 127.341720492198547, 36.287251879286764 ], [ 127.341578579241926, 36.287311022024639 ], [ 127.341552047559063, 36.287309672997729 ], [ 127.340673364240189, 36.287243011984366 ], [ 127.340436623746115, 36.287225038488202 ], [ 127.34028040050201, 36.287213171052343 ], [ 127.339690740248415, 36.287166392443559 ], [ 127.339542773519739, 36.287153887905362 ], [ 127.339281330774611, 36.287000957231513 ], [ 127.338507086046008, 36.286698769166762 ], [ 127.338265705020575, 36.286602806014301 ], [ 127.338069690239152, 36.28663028515593 ], [ 127.33754097265539, 36.286703803683487 ], [ 127.337359153406609, 36.286729592692538 ], [ 127.336983351719468, 36.286604644392547 ], [ 127.336605043337499, 36.286289166385501 ], [ 127.336428027885006, 36.286141336773866 ], [ 127.336368900427274, 36.286115656718678 ], [ 127.336007741946389, 36.28601982649726 ], [ 127.335790386371812, 36.285947213623572 ], [ 127.335470439963728, 36.28582618662292 ], [ 127.335164627155166, 36.285698658455253 ], [ 127.334944153833732, 36.285497264968043 ], [ 127.334795220938219, 36.285486938554108 ], [ 127.334382449563961, 36.285419319218612 ], [ 127.33423736551805, 36.285287817353279 ], [ 127.334221216775177, 36.285285726627457 ], [ 127.333861407506831, 36.28524154126184 ], [ 127.33374467936828, 36.285126523600148 ], [ 127.333490767840303, 36.285107646790507 ], [ 127.333153716286532, 36.284811958670147 ], [ 127.332811689416786, 36.284678928171232 ], [ 127.332540916028762, 36.284578421399495 ], [ 127.332244810590097, 36.284583503075382 ], [ 127.332085320556146, 36.284584800888283 ], [ 127.331955258166076, 36.284408429637615 ], [ 127.331835098338018, 36.2843790411087 ], [ 127.331778847049037, 36.28434854681116 ], [ 127.331241899956865, 36.284083108371981 ], [ 127.330503876446087, 36.283782723059794 ], [ 127.330320433010669, 36.283581867984012 ], [ 127.329767954175168, 36.283419334488904 ], [ 127.329240373490947, 36.283160142778264 ], [ 127.329142681655213, 36.283091362071481 ], [ 127.328762808294243, 36.282823895663192 ], [ 127.328514912244856, 36.282649348225355 ], [ 127.328400729172856, 36.282584207834624 ], [ 127.327816641158989, 36.282237595427176 ], [ 127.327728335715605, 36.282185189315626 ], [ 127.327101396199723, 36.281813449103602 ], [ 127.326882892760025, 36.281767714115581 ], [ 127.326117087752806, 36.28149586350316 ], [ 127.325743565185917, 36.281435415722015 ], [ 127.325359543136898, 36.281242026693974 ], [ 127.324834758968464, 36.281151742904562 ], [ 127.324592568490772, 36.281124055529133 ], [ 127.324504181613079, 36.281032283674989 ], [ 127.323851026039463, 36.280758897485704 ], [ 127.323689160836523, 36.280721880267784 ], [ 127.32358471072682, 36.280697055086812 ], [ 127.323456000394614, 36.280662255980175 ], [ 127.323070827798105, 36.280508874736334 ], [ 127.322976533173488, 36.280471323544802 ], [ 127.322620819410247, 36.280324873515127 ], [ 127.322536851966674, 36.280319385526987 ], [ 127.322310851796715, 36.28030329268492 ], [ 127.322061648744793, 36.280173929707914 ], [ 127.321842672717651, 36.280193405240468 ], [ 127.321642893465565, 36.280065098296966 ], [ 127.321466004269567, 36.279951490898938 ], [ 127.32103041048974, 36.279946329462931 ], [ 127.320629535287665, 36.279774976819681 ], [ 127.320436133013729, 36.2796923046728 ], [ 127.319929930215977, 36.279533576804582 ], [ 127.319683012227216, 36.279520681986206 ], [ 127.319385732337508, 36.279406013950329 ], [ 127.319070258995197, 36.27928714958702 ], [ 127.318851531286114, 36.27930736830897 ], [ 127.31851887697718, 36.27928310238525 ], [ 127.318491484500768, 36.279274062160788 ], [ 127.318444657245621, 36.279243219884876 ], [ 127.318236438871352, 36.279152706012177 ], [ 127.317989255463146, 36.279512693377995 ], [ 127.317929389380197, 36.279595589601868 ], [ 127.317720822792083, 36.279908157599472 ], [ 127.317572925283599, 36.280245193579233 ], [ 127.317113031244148, 36.280994568708174 ], [ 127.316908529647009, 36.281151552946604 ], [ 127.316727502980527, 36.281241006854394 ], [ 127.316232832959841, 36.281485446411381 ], [ 127.316183037917085, 36.282216839909225 ], [ 127.315925337672255, 36.282582252731167 ], [ 127.315872788752358, 36.282651367406892 ], [ 127.315821967781119, 36.282718188508134 ], [ 127.315777544864474, 36.282776602705795 ], [ 127.315668006411244, 36.282920637253703 ], [ 127.315508072588031, 36.28308264856603 ], [ 127.315466235325431, 36.283124897472021 ], [ 127.315178565757591, 36.283415417624077 ], [ 127.315150008750649, 36.283444258605471 ], [ 127.315084412613359, 36.283510505518841 ], [ 127.314944003581147, 36.283631658762872 ], [ 127.314782003308864, 36.283750705485751 ], [ 127.314607362105377, 36.283879400391797 ], [ 127.314340394581905, 36.284075881035562 ], [ 127.3141175069144, 36.284239937598521 ], [ 127.314105025492424, 36.284247297180379 ], [ 127.314048581996744, 36.284258673667409 ], [ 127.31442047203349, 36.285275286754008 ], [ 127.314404209005644, 36.285545746960182 ], [ 127.31439212594735, 36.285737448528316 ] ] ] ] } },
{ "type": "Feature", "properties": { "EMD_CD": "30170117", "EMD_ENG_NM": "Heukseok-dong", "EMD_KOR_NM": "흑석동" }, "geometry": { "type": "MultiPolygon", "coordinates": [ [ [ [ 127.332211195877903, 36.266303462641041 ], [ 127.332200641056133, 36.266294590006915 ], [ 127.332200819716306, 36.266311882829996 ], [ 127.332211195877903, 36.266303462641041 ] ] ], [ [ [ 127.333254811948976, 36.279831701675477 ], [ 127.333091660553876, 36.27949129126646 ], [ 127.334906005003802, 36.279587566467846 ], [ 127.335275435136055, 36.279691018812997 ], [ 127.335289724260505, 36.279698413306136 ], [ 127.335588074333842, 36.279704582965209 ], [ 127.336111826741288, 36.279714157850229 ], [ 127.33630598757054, 36.279720553050872 ], [ 127.336311764984117, 36.279720744944726 ], [ 127.336436558217272, 36.279723629966718 ], [ 127.336454947575731, 36.279700724547638 ], [ 127.336770873081292, 36.279285386458923 ], [ 127.336804066981031, 36.279255023055931 ], [ 127.336700949235123, 36.279073588452803 ], [ 127.33691911568323, 36.279324154104145 ], [ 127.337156673499692, 36.279403657107544 ], [ 127.337238486829293, 36.279337731317703 ], [ 127.337336868845114, 36.279275859018732 ], [ 127.337355253151557, 36.279308916855442 ], [ 127.337415632754542, 36.279368197842885 ], [ 127.337324375590583, 36.279420055706694 ], [ 127.337315705176536, 36.279422630338459 ], [ 127.337219402093623, 36.279450351345403 ], [ 127.337228926644499, 36.279478026529091 ], [ 127.337239464123854, 36.27951117818521 ], [ 127.337528487974225, 36.279587804863709 ], [ 127.337573720403441, 36.279600664290591 ], [ 127.337750314101882, 36.279582928463945 ], [ 127.337850766678059, 36.279552194334791 ], [ 127.337945488048675, 36.279537518716879 ], [ 127.33796687224762, 36.279483604013187 ], [ 127.338027661199504, 36.279490489261882 ], [ 127.338152617531961, 36.279489767437674 ], [ 127.338263931060482, 36.279458823307174 ], [ 127.338514412357895, 36.279613391258849 ], [ 127.338730210687004, 36.279743976376757 ], [ 127.339268243662701, 36.279531473899375 ], [ 127.339483495434834, 36.27944475754132 ], [ 127.339730076444553, 36.279414159265428 ], [ 127.340271659967456, 36.279344523992577 ], [ 127.340641742766778, 36.279265703415369 ], [ 127.340881449244435, 36.279190027086216 ], [ 127.341152479606819, 36.279100031558279 ], [ 127.341190083969536, 36.279088939766169 ], [ 127.341501944162815, 36.278989761827653 ], [ 127.341662538828686, 36.278937982621727 ], [ 127.341960711126646, 36.278778067031411 ], [ 127.342334354731321, 36.278510594930026 ], [ 127.34260760740996, 36.278175243525745 ], [ 127.342739380788998, 36.278012628275476 ], [ 127.342952020574174, 36.277719200387722 ], [ 127.343058729782058, 36.27756990343353 ], [ 127.343249281642997, 36.277272835045025 ], [ 127.343500590969029, 36.276884095426091 ], [ 127.3436006752585, 36.276727075591474 ], [ 127.343629886610927, 36.276677615696393 ], [ 127.343770619100482, 36.276439383141955 ], [ 127.343908457560374, 36.276204167677776 ], [ 127.344007795606814, 36.276095777668786 ], [ 127.344241106169434, 36.27583561367981 ], [ 127.344329708937153, 36.275748837360936 ], [ 127.344430436807841, 36.275648066877707 ], [ 127.344541870648285, 36.275536911026805 ], [ 127.34472802252796, 36.27540154193548 ], [ 127.344804511310784, 36.27534716175019 ], [ 127.344881116390425, 36.275293592157198 ], [ 127.345041513656753, 36.275181249485534 ], [ 127.34521905591896, 36.275077806516947 ], [ 127.345413028886867, 36.274965096998734 ], [ 127.345640273463175, 36.274897070555483 ], [ 127.345828814080178, 36.274839952508351 ], [ 127.345915579671356, 36.274617047308197 ], [ 127.34603659615108, 36.274306566216481 ], [ 127.346147237007045, 36.274054015667382 ], [ 127.346196659032827, 36.273941767057494 ], [ 127.346197357802978, 36.27393355488163 ], [ 127.346563170758444, 36.274019716668633 ], [ 127.346579951702239, 36.273988775710187 ], [ 127.346581846310627, 36.27397938856334 ], [ 127.346695719408018, 36.274117733947008 ], [ 127.346711160971623, 36.274136406912767 ], [ 127.346992039696076, 36.274475927067421 ], [ 127.347304169876423, 36.2743583129553 ], [ 127.347413881348075, 36.274339899608535 ], [ 127.347952019492453, 36.274066609071248 ], [ 127.348209632686832, 36.274016215784869 ], [ 127.348791048424147, 36.273795758810294 ], [ 127.348885723049548, 36.273759860165789 ], [ 127.349527482730139, 36.273450357843515 ], [ 127.349611236139225, 36.273258270830539 ], [ 127.349725605816744, 36.273149119760568 ], [ 127.349763580344359, 36.273056809048008 ], [ 127.349815214961978, 36.272875188653643 ], [ 127.349927095628061, 36.272689291014878 ], [ 127.350040265658876, 36.272222852659141 ], [ 127.350409555595633, 36.272270700406921 ], [ 127.35063679489943, 36.272356560158485 ], [ 127.350683134256784, 36.272356091184157 ], [ 127.351024253834893, 36.272313279895528 ], [ 127.35142026434049, 36.272148854816635 ], [ 127.351531844373341, 36.271944130985581 ], [ 127.351774627921472, 36.271894531807753 ], [ 127.352112549370972, 36.272483761326839 ], [ 127.352105786894469, 36.272795842018724 ], [ 127.352502077692009, 36.272917681669924 ], [ 127.352995628050138, 36.272925351782597 ], [ 127.35341334657889, 36.273089751761333 ], [ 127.353626883794476, 36.273119402707337 ], [ 127.354037053632851, 36.272859231467649 ], [ 127.354253221504806, 36.272847887629048 ], [ 127.355085816704488, 36.273026404162749 ], [ 127.355255923644464, 36.273121750600581 ], [ 127.355569995624478, 36.273336861691959 ], [ 127.355952988045331, 36.273376136237395 ], [ 127.356309193923025, 36.273995831164811 ], [ 127.356428029419078, 36.274506457713663 ], [ 127.356624457707696, 36.274693950459636 ], [ 127.357082186604899, 36.274702449255528 ], [ 127.357214070273812, 36.274537862602216 ], [ 127.357059125159111, 36.27433399835305 ], [ 127.357512891740839, 36.27348000506057 ], [ 127.358003667348285, 36.273346376190098 ], [ 127.35795447180945, 36.273345522004576 ], [ 127.358186544281949, 36.273143317496675 ], [ 127.358256988427684, 36.272978425228779 ], [ 127.358567628095557, 36.272985599856199 ], [ 127.358946530358509, 36.272916113625506 ], [ 127.358822353884818, 36.272702057518032 ], [ 127.358806544910621, 36.272629929387293 ], [ 127.358786992193927, 36.272539779385482 ], [ 127.358785936034877, 36.272535258674075 ], [ 127.358778433024852, 36.272502823808395 ], [ 127.358735570725699, 36.272319143914608 ], [ 127.358709919702548, 36.271716150993967 ], [ 127.358699755345469, 36.271641805459787 ], [ 127.358643548173205, 36.271530713814428 ], [ 127.358721309822897, 36.271294470759599 ], [ 127.358810410853238, 36.271023751607494 ], [ 127.358868315443203, 36.27084784779715 ], [ 127.359984983252431, 36.269946650077813 ], [ 127.360187766910016, 36.269799185784144 ], [ 127.360341568482966, 36.269709426355966 ], [ 127.360542184561638, 36.269645470973089 ], [ 127.360912383951273, 36.26946348311651 ], [ 127.361028262888269, 36.269314087788821 ], [ 127.361778567967193, 36.269438716355239 ], [ 127.362370391351888, 36.269277937261663 ], [ 127.362538519137743, 36.269228333028899 ], [ 127.36273599702595, 36.269170070793486 ], [ 127.363181310748942, 36.268717692621799 ], [ 127.36319459973636, 36.26870419379761 ], [ 127.363227048979198, 36.268655290833408 ], [ 127.362964639584789, 36.267934301434344 ], [ 127.362703562149719, 36.267653750226806 ], [ 127.362277482816197, 36.267452558148221 ], [ 127.361824821600152, 36.267024167082177 ], [ 127.361853996700518, 36.266752030364991 ], [ 127.361753123750162, 36.266481980331847 ], [ 127.361733212721091, 36.266311941492596 ], [ 127.361950048268397, 36.266122887722844 ], [ 127.361848071741903, 36.265537426512196 ], [ 127.361656412857272, 36.265414370414391 ], [ 127.361457388822245, 36.265315840097294 ], [ 127.361502146626776, 36.265102521452363 ], [ 127.36142779796279, 36.264891255956236 ], [ 127.361159893400625, 36.264746736773738 ], [ 127.361017263179718, 36.264472025628649 ], [ 127.360679272767356, 36.264095950711955 ], [ 127.360371974668851, 36.264045334549948 ], [ 127.360180679912148, 36.263724650045816 ], [ 127.359501670657281, 36.26258634170533 ], [ 127.359679949511673, 36.2624838659708 ], [ 127.360199968694687, 36.262212790805506 ], [ 127.360237344078442, 36.261791096252459 ], [ 127.360344076615746, 36.261369473588601 ], [ 127.360467093111794, 36.260931751217164 ], [ 127.36036562607714, 36.260188580131668 ], [ 127.359989669462365, 36.259910061637783 ], [ 127.360170841734529, 36.25933951100167 ], [ 127.360254935626116, 36.258756589821516 ], [ 127.360743398201535, 36.258432959642889 ], [ 127.360857939862257, 36.258046224569078 ], [ 127.360863276853792, 36.25788258987275 ], [ 127.360842898559127, 36.257456283113711 ], [ 127.360799331973013, 36.257282927204237 ], [ 127.360743483594206, 36.257122296609793 ], [ 127.360595649163557, 36.256959121708967 ], [ 127.360564415042518, 36.256820378956235 ], [ 127.360551925188119, 36.256751133419449 ], [ 127.360826219970548, 36.25647262794849 ], [ 127.360819203732134, 36.256269603544474 ], [ 127.360633263805056, 36.256101932912614 ], [ 127.360406149694143, 36.255897131837685 ], [ 127.360440813133536, 36.255416300077904 ], [ 127.360360080918085, 36.255173790996579 ], [ 127.359734222696588, 36.254912917271646 ], [ 127.359598586880281, 36.254715063030979 ], [ 127.359663260765643, 36.254649482605856 ], [ 127.359606587750818, 36.25466408631825 ], [ 127.359151510397567, 36.254611196439924 ], [ 127.358949098057778, 36.25458767656469 ], [ 127.358878210070884, 36.254533871489336 ], [ 127.358724408287586, 36.25437547072017 ], [ 127.357898982830733, 36.254114228263361 ], [ 127.357500784528369, 36.254286260207579 ], [ 127.357465441526855, 36.253578656713984 ], [ 127.357143893885194, 36.253263847638117 ], [ 127.357078701717171, 36.252885228295931 ], [ 127.35620951098943, 36.252778369313845 ], [ 127.355344508802958, 36.252528725370176 ], [ 127.355196391916522, 36.251992652636098 ], [ 127.354426336631121, 36.251402849006503 ], [ 127.354395219663772, 36.251386169054548 ], [ 127.35437071557314, 36.251375373525043 ], [ 127.354129912166087, 36.251076088234448 ], [ 127.353730272799993, 36.250942502321486 ], [ 127.353319444269459, 36.250660793761966 ], [ 127.352849814786239, 36.250728789424322 ], [ 127.352167075208456, 36.250405834592073 ], [ 127.351693721506209, 36.250297340045343 ], [ 127.351406889798852, 36.25025964472573 ], [ 127.350894422865949, 36.250304417266918 ], [ 127.350577901968933, 36.250157816874101 ], [ 127.35012399919647, 36.250259452180131 ], [ 127.349991994034866, 36.250411136701217 ], [ 127.349748884261089, 36.250382339665464 ], [ 127.349152698137658, 36.250177548803102 ], [ 127.348625159157777, 36.250064846723767 ], [ 127.34779700478903, 36.249865985824108 ], [ 127.347578838034508, 36.249429956712106 ], [ 127.347139659400383, 36.249204191080437 ], [ 127.346570098602967, 36.249089564015222 ], [ 127.345598432460136, 36.248955752539572 ], [ 127.34529312312398, 36.248952259343071 ], [ 127.345156699147012, 36.24928818068075 ], [ 127.344647542538269, 36.249275250556451 ], [ 127.344418621170917, 36.249271220544998 ], [ 127.343702591062069, 36.249358162379657 ], [ 127.343384020896622, 36.249488240240218 ], [ 127.343289469979467, 36.249426355510309 ], [ 127.343143041319763, 36.249446708126726 ], [ 127.343097234300956, 36.249438818439195 ], [ 127.342834949644654, 36.249338661284732 ], [ 127.342566155796462, 36.249376340937971 ], [ 127.34252264571542, 36.249382430804324 ], [ 127.342556736412376, 36.249313519270579 ], [ 127.342628428556566, 36.249225548411488 ], [ 127.342734634259301, 36.249168669069007 ], [ 127.342824486286389, 36.249084070538977 ], [ 127.342815826849517, 36.249080761187024 ], [ 127.342777464311325, 36.248960454404482 ], [ 127.342736696313466, 36.248916250532375 ], [ 127.342692402570748, 36.248872444057952 ], [ 127.34264109214395, 36.248778109916593 ], [ 127.342597750355736, 36.248720467685793 ], [ 127.342526213834347, 36.248654298991596 ], [ 127.342509923899797, 36.248638701274288 ], [ 127.3425388905099, 36.248568380116815 ], [ 127.342548855106031, 36.248521291890164 ], [ 127.342576263508093, 36.248389334205982 ], [ 127.342621801622059, 36.248210228798648 ], [ 127.342650290940696, 36.248155634510567 ], [ 127.342709875272504, 36.248041933507487 ], [ 127.342678993798302, 36.248040029921071 ], [ 127.342602133432564, 36.247944561043326 ], [ 127.342509687734307, 36.247846830154892 ], [ 127.34219726055511, 36.247930043285386 ], [ 127.341728701741275, 36.248063752190042 ], [ 127.341441101384262, 36.248179606443408 ], [ 127.341237360078196, 36.248427460955305 ], [ 127.341114221613026, 36.248823827260658 ], [ 127.340984180418729, 36.249059910272891 ], [ 127.340911205294432, 36.249268219065335 ], [ 127.340801827598909, 36.249533640768597 ], [ 127.340603609944395, 36.250116232444519 ], [ 127.34048012509389, 36.250173402173822 ], [ 127.340281846770608, 36.250436173042125 ], [ 127.340147600023897, 36.250614149962331 ], [ 127.340105858676992, 36.250653883547855 ], [ 127.340005091266946, 36.250754912240744 ], [ 127.339982542232264, 36.250866642365757 ], [ 127.339952412856661, 36.251026651934637 ], [ 127.339930576211898, 36.251164252060946 ], [ 127.33993423443394, 36.251184473341233 ], [ 127.339980832508374, 36.251685130473383 ], [ 127.340003612175337, 36.251933729144838 ], [ 127.339996630196765, 36.251955729240287 ], [ 127.340003969651491, 36.251988285972111 ], [ 127.340026304558691, 36.252087389152699 ], [ 127.340145130347764, 36.252274832756029 ], [ 127.340267226199344, 36.252479984361635 ], [ 127.340332464934534, 36.252589167804025 ], [ 127.340458492210558, 36.252800228744732 ], [ 127.340498286119498, 36.253069515481918 ], [ 127.340524931676683, 36.25324144065921 ], [ 127.340480504259389, 36.253475999974988 ], [ 127.34050023734865, 36.253489014242774 ], [ 127.340498917800531, 36.253499036789613 ], [ 127.34047308897236, 36.253698902469452 ], [ 127.340469387415894, 36.253723010314232 ], [ 127.340379055491738, 36.253842349342449 ], [ 127.340307031581602, 36.253937357623677 ], [ 127.340226931137764, 36.254043023001238 ], [ 127.340119060878521, 36.254185354726175 ], [ 127.340170774862173, 36.254205431636642 ], [ 127.340170057407263, 36.254206811842053 ], [ 127.340165722876534, 36.254215511352747 ], [ 127.340020092687865, 36.254286676091631 ], [ 127.339884100881022, 36.254353424362314 ], [ 127.339710218286569, 36.254436968489316 ], [ 127.33958361610901, 36.254521569860572 ], [ 127.339448999158279, 36.25461050931257 ], [ 127.339282780129054, 36.254748075877565 ], [ 127.339191580463194, 36.254839893936214 ], [ 127.339147598517272, 36.254884167020208 ], [ 127.338896381555685, 36.255109757580342 ], [ 127.338834554645388, 36.255165372117744 ], [ 127.338795092700124, 36.255199990219047 ], [ 127.338739802477534, 36.255246214950844 ], [ 127.338712947591148, 36.255270703243767 ], [ 127.338668233240952, 36.255313103536288 ], [ 127.338644145564245, 36.25528501005175 ], [ 127.338383062965804, 36.255361976619724 ], [ 127.338398404021476, 36.255389869809854 ], [ 127.338374301916971, 36.255397138594098 ], [ 127.337508575009636, 36.255658041626823 ], [ 127.337493595058248, 36.25566255408016 ], [ 127.337479206052947, 36.255677779541529 ], [ 127.337384401283316, 36.255778023445465 ], [ 127.337010703652382, 36.255871254191923 ], [ 127.336945810393573, 36.2564200592197 ], [ 127.336795597849232, 36.256566165725715 ], [ 127.336074926418519, 36.256644243587345 ], [ 127.334904808642335, 36.256381111504965 ], [ 127.334566473314027, 36.256462745744585 ], [ 127.334301204585387, 36.256498711346481 ], [ 127.333823797095349, 36.256329291417906 ], [ 127.333627502500249, 36.256257363801481 ], [ 127.333605997109075, 36.256268579540681 ], [ 127.333524915390967, 36.256108105516319 ], [ 127.333343720719597, 36.255738771485319 ], [ 127.33314253513403, 36.25535684865708 ], [ 127.332798166436405, 36.255379197115694 ], [ 127.332471945360354, 36.255393572584616 ], [ 127.332151119725722, 36.255405265481421 ], [ 127.331762956120144, 36.255377436390276 ], [ 127.331487200668803, 36.255276760223367 ], [ 127.331309699643739, 36.255397179238209 ], [ 127.330785778616956, 36.255578940518838 ], [ 127.330603349295018, 36.255728922234219 ], [ 127.33050818928524, 36.255810362884944 ], [ 127.330503550990969, 36.256222090702401 ], [ 127.330520094462329, 36.256760133139494 ], [ 127.330269165079358, 36.257282140348245 ], [ 127.330399292370601, 36.25756527740613 ], [ 127.33054579314144, 36.257579049714423 ], [ 127.330662278683931, 36.257649598159659 ], [ 127.330946131212812, 36.257824331887761 ], [ 127.331043258318587, 36.257903647866186 ], [ 127.331228175588947, 36.258069081999984 ], [ 127.331212253325859, 36.258447974580506 ], [ 127.33152804184931, 36.258958102065769 ], [ 127.332078562050484, 36.259155284223631 ], [ 127.332394397016571, 36.259616276881708 ], [ 127.333086414039144, 36.2599649024746 ], [ 127.333335895445401, 36.260092070523953 ], [ 127.333063966333953, 36.260372092802541 ], [ 127.333039315930066, 36.26145622147807 ], [ 127.332505865134124, 36.261930415225876 ], [ 127.332328882849197, 36.262596536701707 ], [ 127.332052160894662, 36.263064854163446 ], [ 127.331977639440012, 36.263736332807859 ], [ 127.331765288534243, 36.264017358630014 ], [ 127.331694738372377, 36.264094559876078 ], [ 127.331222027119253, 36.264583331630035 ], [ 127.331466695517534, 36.264735560553511 ], [ 127.331509013447288, 36.265012729211904 ], [ 127.331639315071229, 36.265319952354574 ], [ 127.331923554299635, 36.265653569154821 ], [ 127.332099717451968, 36.266055352402915 ], [ 127.332115034304863, 36.266088194003508 ], [ 127.332178497065158, 36.266238210185719 ], [ 127.332188088167101, 36.266248448203044 ], [ 127.332225111932587, 36.266287979332652 ], [ 127.332227336699233, 36.26629036166274 ], [ 127.332273537090288, 36.266286637822859 ], [ 127.332298368147832, 36.266284911322423 ], [ 127.332324254830411, 36.266298564895934 ], [ 127.332372060050503, 36.26632452130842 ], [ 127.332391504716583, 36.266373048410671 ], [ 127.332420849690877, 36.266391173114663 ], [ 127.33245109152864, 36.266437410210827 ], [ 127.332555918928094, 36.266644004401861 ], [ 127.332541688936075, 36.266624848974487 ], [ 127.332599481910435, 36.267179214158475 ], [ 127.332601986250566, 36.267398221421459 ], [ 127.332606581695529, 36.267687930015853 ], [ 127.333348730773196, 36.26772432691596 ], [ 127.33393022003969, 36.267724550516583 ], [ 127.334463897024904, 36.267742189137763 ], [ 127.334515758834016, 36.267750722554482 ], [ 127.334566112042964, 36.267825741106975 ], [ 127.334581101456166, 36.267967076754779 ], [ 127.334674376565715, 36.267955561585502 ], [ 127.334768201569702, 36.267989643732719 ], [ 127.33479603874089, 36.268092841999682 ], [ 127.334837400783513, 36.268173364468531 ], [ 127.335132447024094, 36.26864526597533 ], [ 127.335162103092998, 36.268725820728811 ], [ 127.335299488679155, 36.269291290340078 ], [ 127.335002569476075, 36.269598998080887 ], [ 127.334931512892325, 36.269672633938931 ], [ 127.334766256535815, 36.269862820235026 ], [ 127.33475168374305, 36.269976643589182 ], [ 127.334737895672362, 36.27008424736362 ], [ 127.334615221537234, 36.270181033991889 ], [ 127.33459217672555, 36.270213387187617 ], [ 127.334406828233398, 36.270473569833662 ], [ 127.334095433951148, 36.270752703063827 ], [ 127.334064749184833, 36.270888750321554 ], [ 127.333353176638155, 36.271402490023959 ], [ 127.333259839008349, 36.271505519104899 ], [ 127.333213441332902, 36.271621062701961 ], [ 127.333087805905905, 36.272008198184807 ], [ 127.332635970403473, 36.27245287624617 ], [ 127.332173524890436, 36.272591703430329 ], [ 127.331876872384981, 36.272665257701071 ], [ 127.331619805031252, 36.272669571935758 ], [ 127.331543621859979, 36.272671368689224 ], [ 127.331424511597078, 36.272685927057452 ], [ 127.330986135949118, 36.272973296407024 ], [ 127.330669705051434, 36.273158288407686 ], [ 127.330590280758585, 36.273321351138279 ], [ 127.330630699537707, 36.273389495418137 ], [ 127.33075021235264, 36.273571087726374 ], [ 127.330585898889652, 36.273770277689493 ], [ 127.329787911932755, 36.274185518252914 ], [ 127.329689567794063, 36.274327895177557 ], [ 127.329544310287915, 36.274528635560685 ], [ 127.329181588596597, 36.27468588587459 ], [ 127.329008893098248, 36.274803368905786 ], [ 127.328965520225566, 36.274861667904126 ], [ 127.328703736862053, 36.275223298411674 ], [ 127.328568072787078, 36.275344761412711 ], [ 127.328145880074942, 36.275721157668102 ], [ 127.328018101616749, 36.275823042683257 ], [ 127.327898004042822, 36.27597082195507 ], [ 127.327675396816986, 36.276109418700493 ], [ 127.327549951277362, 36.276269341771574 ], [ 127.327442494544229, 36.276406334836238 ], [ 127.327516469241303, 36.276485257342522 ], [ 127.327842962614326, 36.27712457481703 ], [ 127.328272275584325, 36.277896561996933 ], [ 127.328448492535898, 36.278226363319469 ], [ 127.328860236437279, 36.278769991270309 ], [ 127.328890986541992, 36.278902678146316 ], [ 127.32891422184494, 36.278936265371044 ], [ 127.329259847189761, 36.279599443188673 ], [ 127.329241766465046, 36.27978199078855 ], [ 127.329217261066617, 36.279955841841478 ], [ 127.329177047923494, 36.280241058808684 ], [ 127.329249429745985, 36.280534059602928 ], [ 127.329527572500538, 36.28113942239964 ], [ 127.329392870165947, 36.281295992829534 ], [ 127.329383905729969, 36.28159564250933 ], [ 127.329237258245698, 36.281696246613102 ], [ 127.328514912244856, 36.282649348225355 ], [ 127.328762808294243, 36.282823895663192 ], [ 127.329142681655213, 36.283091362071481 ], [ 127.329240373490947, 36.283160142778264 ], [ 127.329767954175168, 36.283419334488904 ], [ 127.330320433010669, 36.283581867984012 ], [ 127.330503876446087, 36.283782723059794 ], [ 127.331241899956865, 36.284083108371981 ], [ 127.332261857030261, 36.282653993555321 ], [ 127.332350512069937, 36.282535161982096 ], [ 127.332521602546677, 36.282263838796332 ], [ 127.332896931235624, 36.281675058562335 ], [ 127.332985689619505, 36.281515465107788 ], [ 127.33302863986728, 36.281335993826708 ], [ 127.333052043593241, 36.281085012428051 ], [ 127.33289041363264, 36.280828543174543 ], [ 127.333031591825517, 36.280299428975468 ], [ 127.333158771419221, 36.280142857345872 ], [ 127.333263874804032, 36.279998169344495 ], [ 127.333273910024161, 36.279870750100642 ], [ 127.333254811948976, 36.279831701675477 ] ] ] ] } },
{ "type": "Feature", "properties": { "EMD_CD": "30170118", "EMD_ENG_NM": "Maeno-dong", "EMD_KOR_NM": "매노동" }, "geometry": { "type": "MultiPolygon", "coordinates": [ [ [ [ 127.329295384672804, 36.227749227996199 ], [ 127.32910699038267, 36.227563684099643 ], [ 127.329052656047125, 36.22752138701312 ], [ 127.328563151344056, 36.227200785462898 ], [ 127.327536975494667, 36.22714514383221 ], [ 127.327248506770658, 36.227121318079384 ], [ 127.327149571623607, 36.227102887802438 ], [ 127.327002215350262, 36.22715898223047 ], [ 127.326441620007301, 36.22732948744158 ], [ 127.326317040074059, 36.227409193543288 ], [ 127.326132513514978, 36.22752234313969 ], [ 127.32596447931877, 36.227796886443556 ], [ 127.325929335376117, 36.227854306167778 ], [ 127.325819619963511, 36.228035175125008 ], [ 127.325278931530093, 36.228511836144619 ], [ 127.325286095711576, 36.228622825098718 ], [ 127.325320835082962, 36.228849884445815 ], [ 127.324916602390942, 36.229195826520218 ], [ 127.324917392665654, 36.229387814163971 ], [ 127.324917492892595, 36.229412037220357 ], [ 127.324925410252092, 36.229684301476375 ], [ 127.32486306894782, 36.229977194140844 ], [ 127.325356500587404, 36.230394046339633 ], [ 127.325291873285224, 36.230609668301007 ], [ 127.325272007616519, 36.230677293328114 ], [ 127.325203693829124, 36.230872801583914 ], [ 127.325030105033932, 36.231348567056259 ], [ 127.324786363974198, 36.231955230483294 ], [ 127.324734950440941, 36.232049732765169 ], [ 127.324618896275453, 36.232232798119028 ], [ 127.324598603088333, 36.232261528531872 ], [ 127.324494469672004, 36.232411542454791 ], [ 127.323988270254716, 36.233148142186529 ], [ 127.32442858268179, 36.233200962770766 ], [ 127.324757438454938, 36.233240402237428 ], [ 127.325269343589355, 36.233411856955016 ], [ 127.325820495163413, 36.233596468449079 ], [ 127.326168987221692, 36.233857066365104 ], [ 127.326545109986483, 36.234377355034148 ], [ 127.32686817831447, 36.234844265347505 ], [ 127.327224659625884, 36.23563396171329 ], [ 127.327351531815992, 36.23596437026336 ], [ 127.327384908311544, 36.236051306744464 ], [ 127.327388810817169, 36.236061471103184 ], [ 127.327396920912278, 36.236085744551282 ], [ 127.327305044364564, 36.236130558596294 ], [ 127.327083505244886, 36.236253155233719 ], [ 127.327051019956997, 36.236271132599548 ], [ 127.326623981449487, 36.236524770244365 ], [ 127.326547667425103, 36.236927241009347 ], [ 127.326522290941142, 36.237023547277701 ], [ 127.326518052924143, 36.237039627459332 ], [ 127.326516311084617, 36.23704621074404 ], [ 127.326343389397152, 36.237496174398615 ], [ 127.326251924661477, 36.237729974074497 ], [ 127.326124098382067, 36.237795243030163 ], [ 127.325868000275861, 36.237925672590428 ], [ 127.325619775627615, 36.238053321968508 ], [ 127.325546624900639, 36.238177920581045 ], [ 127.325238079061108, 36.238679581734381 ], [ 127.325717502937323, 36.239138942839475 ], [ 127.326002716982885, 36.239304069390037 ], [ 127.326358419313024, 36.239515486695119 ], [ 127.3264161625182, 36.240006584607009 ], [ 127.326430451632689, 36.240123195858942 ], [ 127.326425863941225, 36.240146278763284 ], [ 127.326410486798679, 36.24022366070681 ], [ 127.326403773097681, 36.240257374290017 ], [ 127.32640646829249, 36.240279463521631 ], [ 127.326411500075892, 36.24032076010365 ], [ 127.326400745403149, 36.240337488869038 ], [ 127.32638287967518, 36.240364483102496 ], [ 127.326353576383397, 36.24038853415982 ], [ 127.326304586307501, 36.240410764106691 ], [ 127.326236546428632, 36.240453430433824 ], [ 127.326162201755338, 36.240486146986257 ], [ 127.326118160213937, 36.240505110576322 ], [ 127.326111877871469, 36.240516536637699 ], [ 127.326021631963584, 36.240553622150571 ], [ 127.325990230518428, 36.240565278227251 ], [ 127.325988086355864, 36.240598447639343 ], [ 127.326005301095833, 36.240623796543133 ], [ 127.3260101703288, 36.240625694235703 ], [ 127.326045805003076, 36.240639592503413 ], [ 127.326080692207839, 36.240674734706033 ], [ 127.326095637699197, 36.240705586941445 ], [ 127.326116685246078, 36.24074844415113 ], [ 127.326120998504734, 36.240753118701818 ], [ 127.32615418316621, 36.240790688967763 ], [ 127.326169854715985, 36.240811400714158 ], [ 127.326191813799824, 36.240843297291349 ], [ 127.326206826751658, 36.240874374998597 ], [ 127.326231367354836, 36.240935912924847 ], [ 127.326250673984575, 36.240996420822107 ], [ 127.326271736881012, 36.24106189792969 ], [ 127.326278419601906, 36.241082525275722 ], [ 127.326283658786949, 36.241098696847772 ], [ 127.326292582747911, 36.241174282392109 ], [ 127.32631282126323, 36.241201748911308 ], [ 127.326274195817845, 36.241228763217634 ], [ 127.326272598488671, 36.241229885112233 ], [ 127.32622607572219, 36.241248901001995 ], [ 127.326197771667495, 36.241250924092547 ], [ 127.326192722630424, 36.241251280020819 ], [ 127.326170314608675, 36.241258902257385 ], [ 127.326117466429707, 36.241281673711995 ], [ 127.32606383906159, 36.241304493586064 ], [ 127.326011118165823, 36.241312612278847 ], [ 127.32600680297098, 36.241312777245149 ], [ 127.325955715206277, 36.241314709163973 ], [ 127.325887800834096, 36.241318236454994 ], [ 127.325832243440871, 36.2413261823163 ], [ 127.325775451426637, 36.241334294027162 ], [ 127.325724634101519, 36.241323788452981 ], [ 127.325670766176358, 36.241336677217902 ], [ 127.325542128856512, 36.241309575951249 ], [ 127.32549979478479, 36.241300353941469 ], [ 127.325327781533829, 36.241281038441223 ], [ 127.325251124195006, 36.241274063859983 ], [ 127.325197780214879, 36.241271179655243 ], [ 127.325153879412824, 36.241262359109491 ], [ 127.325016991481675, 36.241236098887775 ], [ 127.324980420851873, 36.241227105172428 ], [ 127.324977506097341, 36.241227103577451 ], [ 127.324942795467919, 36.24122689099206 ], [ 127.324899329887998, 36.241226477052436 ], [ 127.324879999414449, 36.241214119819368 ], [ 127.324856712836763, 36.241200124035437 ], [ 127.324838866230721, 36.241199496355733 ], [ 127.324798539403048, 36.24119945214116 ], [ 127.324764476924884, 36.241205483698721 ], [ 127.32473374937166, 36.241213226808078 ], [ 127.324706606283385, 36.241232459156208 ], [ 127.324625824902995, 36.241291037935611 ], [ 127.324603251665536, 36.241328453174788 ], [ 127.324600691531657, 36.241339003842313 ], [ 127.32459221750868, 36.241366747351172 ], [ 127.324542563109944, 36.241417086836215 ], [ 127.324522807665545, 36.241433794004628 ], [ 127.324511911459894, 36.241443447920155 ], [ 127.324510116054483, 36.241445039205992 ], [ 127.324498264424776, 36.24146578889242 ], [ 127.324466189645989, 36.241522109988871 ], [ 127.324458258313953, 36.241535694538037 ], [ 127.324449828534682, 36.241552668178997 ], [ 127.324422467625325, 36.241578587840607 ], [ 127.324377343213399, 36.241621264468272 ], [ 127.324359365899511, 36.241624268870424 ], [ 127.324302434754301, 36.24163370405293 ], [ 127.324245924916028, 36.241642859450174 ], [ 127.324217871211133, 36.241678838440002 ], [ 127.324112915951119, 36.241753721653978 ], [ 127.324090576185554, 36.241769895708771 ], [ 127.32397024331199, 36.24181422499101 ], [ 127.323924200844658, 36.241839455984007 ], [ 127.323875435509095, 36.241865442022963 ], [ 127.323857852248338, 36.241891010938829 ], [ 127.323841497531134, 36.241904338621097 ], [ 127.323803828603232, 36.241934044673272 ], [ 127.323781202944687, 36.241980597789819 ], [ 127.323768720267779, 36.242002214657575 ], [ 127.323768454428176, 36.242002638893005 ], [ 127.323751367183277, 36.242029810584377 ], [ 127.323723961311572, 36.242047394281734 ], [ 127.323718703984881, 36.242051238796137 ], [ 127.323704212543248, 36.242055107455791 ], [ 127.323676743219977, 36.242062859640782 ], [ 127.323663553112837, 36.242066590489024 ], [ 127.323654416897071, 36.242068597285545 ], [ 127.323642388847006, 36.242081597796656 ], [ 127.323642669871603, 36.242123114610372 ], [ 127.323683373317436, 36.242157574658108 ], [ 127.323704740885674, 36.242175667166713 ], [ 127.323705722854669, 36.242176493544299 ], [ 127.323729971914133, 36.242178329966691 ], [ 127.323807280341427, 36.242184150701647 ], [ 127.323847142370852, 36.242187187708282 ], [ 127.323908590545059, 36.24220470408423 ], [ 127.323958595545065, 36.242212345899333 ], [ 127.324025877781295, 36.242222979419502 ], [ 127.324040520701345, 36.242228914404592 ], [ 127.324094900633298, 36.242250873861444 ], [ 127.324126948637485, 36.242263809933497 ], [ 127.324178960815516, 36.242283558847113 ], [ 127.324250779579245, 36.242306975735076 ], [ 127.324325795091283, 36.242331232148651 ], [ 127.324328892700052, 36.242351328686624 ], [ 127.324331004948931, 36.242367165743168 ], [ 127.324333286658003, 36.24237843399321 ], [ 127.324337721223927, 36.242398887721052 ], [ 127.324354075739834, 36.242469524061896 ], [ 127.324355056930344, 36.242478100159836 ], [ 127.324360101738975, 36.242522578402102 ], [ 127.324367553507841, 36.242557344198708 ], [ 127.324373419945175, 36.242577037332573 ], [ 127.324377412964765, 36.242590462819805 ], [ 127.324386474901942, 36.242608083510767 ], [ 127.324435808834338, 36.242674575535652 ], [ 127.324478988842401, 36.242724015528815 ], [ 127.324545810527596, 36.242771327649706 ], [ 127.324623011506816, 36.242804877583481 ], [ 127.324638993421232, 36.24281181789965 ], [ 127.324689190682079, 36.242833626654907 ], [ 127.324759324052621, 36.242882723209476 ], [ 127.324806629800577, 36.242910036116911 ], [ 127.324833125529338, 36.242925509778345 ], [ 127.324883880679124, 36.242955653206245 ], [ 127.32498544305713, 36.243050750733467 ], [ 127.324992168600374, 36.243065620005765 ], [ 127.324998887511867, 36.243078984580492 ], [ 127.325029527805981, 36.243111866936104 ], [ 127.325057997191792, 36.243163373914349 ], [ 127.325064191528668, 36.24317889421993 ], [ 127.325097987206107, 36.243259296514438 ], [ 127.325103018774527, 36.24327618906625 ], [ 127.325112676814555, 36.243314427230196 ], [ 127.325114621047788, 36.243329832180322 ], [ 127.325115688183786, 36.243345771358399 ], [ 127.325119227032175, 36.243408358585512 ], [ 127.325122815826973, 36.243450199411868 ], [ 127.325137468277234, 36.243561042264716 ], [ 127.325165549636068, 36.243596617348345 ], [ 127.325220397978626, 36.243680675757673 ], [ 127.325224189301593, 36.243685378419237 ], [ 127.325206883134584, 36.243700069829316 ], [ 127.325203014878412, 36.243703360197784 ], [ 127.325191626525495, 36.243688224422328 ], [ 127.325191009151737, 36.243689568625584 ], [ 127.325185023116461, 36.243694757242466 ], [ 127.325168493104641, 36.243708761907769 ], [ 127.325163093884143, 36.243713327515565 ], [ 127.325139148811218, 36.243733992720813 ], [ 127.325071474407594, 36.243793231190757 ], [ 127.32503147621459, 36.243833063101256 ], [ 127.32502035160077, 36.243841221951861 ], [ 127.32499216839949, 36.243859358339286 ], [ 127.324961606804308, 36.243877978048197 ], [ 127.324946395163877, 36.243885237425957 ], [ 127.324800186679283, 36.243955159511813 ], [ 127.324713349575816, 36.243997227403923 ], [ 127.324641366133136, 36.244031351090158 ], [ 127.324550401875726, 36.244062597768057 ], [ 127.324403730241201, 36.244112054395671 ], [ 127.324360637465787, 36.244121804886106 ], [ 127.324267882614279, 36.244144989741393 ], [ 127.324210860345488, 36.244154533826503 ], [ 127.32417683852043, 36.24415971781518 ], [ 127.324176313089723, 36.244161737410323 ], [ 127.324173049050671, 36.244174417383235 ], [ 127.324130648374734, 36.244208848750048 ], [ 127.324099877206947, 36.244225495335101 ], [ 127.324098967918076, 36.244225984430315 ], [ 127.324036615258507, 36.244294750566745 ], [ 127.324177980293939, 36.244361832610963 ], [ 127.324328932522718, 36.244430482955224 ], [ 127.324544876582593, 36.244771981478294 ], [ 127.324638010658816, 36.244859406339422 ], [ 127.324839488283814, 36.244988768053588 ], [ 127.325567863477133, 36.245460533192464 ], [ 127.325655795647677, 36.245575573996121 ], [ 127.325752987383908, 36.245756097984426 ], [ 127.325768722556532, 36.245781099434971 ], [ 127.325831335190841, 36.245880528643518 ], [ 127.325955353092226, 36.246061574168195 ], [ 127.326227545624292, 36.24622743732025 ], [ 127.326431023511475, 36.246351969660097 ], [ 127.326277307062711, 36.246783316535961 ], [ 127.326221681360238, 36.247138706198243 ], [ 127.326174669788102, 36.247408919207146 ], [ 127.326275863625369, 36.247687372196538 ], [ 127.326314153571047, 36.24777772025606 ], [ 127.32631689871323, 36.247997494110976 ], [ 127.326763533459498, 36.248298799516377 ], [ 127.326807663142915, 36.248332158175039 ], [ 127.327113787362322, 36.24824590179162 ], [ 127.327234139490571, 36.248035093803296 ], [ 127.327387120707328, 36.248006280297993 ], [ 127.327793031639189, 36.247917759288661 ], [ 127.327818983592678, 36.247938063795118 ], [ 127.327916621353268, 36.248015065281656 ], [ 127.32827894842309, 36.24790717721244 ], [ 127.328476232084512, 36.24752823030606 ], [ 127.328794814332184, 36.247591991956583 ], [ 127.328905773016089, 36.24750455298301 ], [ 127.329356267473571, 36.24714071800873 ], [ 127.329384120942805, 36.247118220234768 ], [ 127.329475120611775, 36.247172132141046 ], [ 127.329566239672531, 36.247268147422382 ], [ 127.329937691559067, 36.247459521518124 ], [ 127.330156029820927, 36.247615539208141 ], [ 127.330233766477107, 36.247695594512486 ], [ 127.330424184746022, 36.247865900071446 ], [ 127.330542776699744, 36.247962244174587 ], [ 127.330857310858306, 36.248195046818694 ], [ 127.330900946204267, 36.248234885406703 ], [ 127.330960274230165, 36.248289044921719 ], [ 127.331026360735891, 36.248379044320089 ], [ 127.331048298380267, 36.248397062387689 ], [ 127.33124199999213, 36.248556182175101 ], [ 127.331340292035605, 36.248724523186773 ], [ 127.331356216548897, 36.248757237819802 ], [ 127.331380345462748, 36.248806807764694 ], [ 127.331428935965832, 36.24900880138371 ], [ 127.331462159380393, 36.249146879429198 ], [ 127.331488676368593, 36.249174157425045 ], [ 127.331511582917187, 36.249197723114513 ], [ 127.331523249828948, 36.24921262336823 ], [ 127.331560644783096, 36.24926039098775 ], [ 127.331575344134166, 36.249279176713316 ], [ 127.331623230600059, 36.24934036074373 ], [ 127.331608183069761, 36.249524109407758 ], [ 127.331605665654351, 36.249544545761204 ], [ 127.331602696014812, 36.249568732819448 ], [ 127.331602352675233, 36.249571545166035 ], [ 127.331500793978989, 36.250396950536476 ], [ 127.331499169291192, 36.250410139696953 ], [ 127.331497882931117, 36.25041923630441 ], [ 127.331473354026357, 36.250592105974803 ], [ 127.331437381813913, 36.250676511082951 ], [ 127.331197047821561, 36.251262150973183 ], [ 127.331260365376338, 36.25142048638655 ], [ 127.331367115710691, 36.25175275627992 ], [ 127.331839758768652, 36.252016751838752 ], [ 127.332070089159629, 36.252239789667733 ], [ 127.332084339795742, 36.252249671890574 ], [ 127.33212262608815, 36.252276196474078 ], [ 127.332724787921336, 36.252601426493833 ], [ 127.332777909340265, 36.252628711061632 ], [ 127.332590639611226, 36.252947429273 ], [ 127.332584494327534, 36.252957206009256 ], [ 127.332362720297894, 36.25331053427135 ], [ 127.332301762640355, 36.253406526144133 ], [ 127.332248244093961, 36.253493557195348 ], [ 127.332239049915259, 36.253508506293144 ], [ 127.332547761784127, 36.253916150552527 ], [ 127.332607872716011, 36.253991268614378 ], [ 127.33270984254402, 36.254245868320687 ], [ 127.332727516944502, 36.254289166688437 ], [ 127.333011492598018, 36.254984833113099 ], [ 127.333128693792474, 36.255309439281262 ], [ 127.33314253513403, 36.25535684865708 ], [ 127.333343720719597, 36.255738771485319 ], [ 127.333524915390967, 36.256108105516319 ], [ 127.333605997109075, 36.256268579540681 ], [ 127.333627502500249, 36.256257363801481 ], [ 127.333823797095349, 36.256329291417906 ], [ 127.334301204585387, 36.256498711346481 ], [ 127.334566473314027, 36.256462745744585 ], [ 127.334904808642335, 36.256381111504965 ], [ 127.336074926418519, 36.256644243587345 ], [ 127.336795597849232, 36.256566165725715 ], [ 127.336945810393573, 36.2564200592197 ], [ 127.337010703652382, 36.255871254191923 ], [ 127.337384401283316, 36.255778023445465 ], [ 127.337479206052947, 36.255677779541529 ], [ 127.337493595058248, 36.25566255408016 ], [ 127.337508575009636, 36.255658041626823 ], [ 127.338374301916971, 36.255397138594098 ], [ 127.338398404021476, 36.255389869809854 ], [ 127.338383062965804, 36.255361976619724 ], [ 127.338644145564245, 36.25528501005175 ], [ 127.338668233240952, 36.255313103536288 ], [ 127.338712947591148, 36.255270703243767 ], [ 127.338739802477534, 36.255246214950844 ], [ 127.338795092700124, 36.255199990219047 ], [ 127.338834554645388, 36.255165372117744 ], [ 127.338896381555685, 36.255109757580342 ], [ 127.339147598517272, 36.254884167020208 ], [ 127.339191580463194, 36.254839893936214 ], [ 127.339282780129054, 36.254748075877565 ], [ 127.339448999158279, 36.25461050931257 ], [ 127.33958361610901, 36.254521569860572 ], [ 127.339710218286569, 36.254436968489316 ], [ 127.339884100881022, 36.254353424362314 ], [ 127.340020092687865, 36.254286676091631 ], [ 127.340165722876534, 36.254215511352747 ], [ 127.340170057407263, 36.254206811842053 ], [ 127.340170774862173, 36.254205431636642 ], [ 127.340119060878521, 36.254185354726175 ], [ 127.340226931137764, 36.254043023001238 ], [ 127.340307031581602, 36.253937357623677 ], [ 127.340379055491738, 36.253842349342449 ], [ 127.340469387415894, 36.253723010314232 ], [ 127.34047308897236, 36.253698902469452 ], [ 127.340498917800531, 36.253499036789613 ], [ 127.34050023734865, 36.253489014242774 ], [ 127.340480504259389, 36.253475999974988 ], [ 127.340524931676683, 36.25324144065921 ], [ 127.340498286119498, 36.253069515481918 ], [ 127.340458492210558, 36.252800228744732 ], [ 127.340332464934534, 36.252589167804025 ], [ 127.340267226199344, 36.252479984361635 ], [ 127.340145130347764, 36.252274832756029 ], [ 127.340026304558691, 36.252087389152699 ], [ 127.340003969651491, 36.251988285972111 ], [ 127.339996630196765, 36.251955729240287 ], [ 127.340003612175337, 36.251933729144838 ], [ 127.339980832508374, 36.251685130473383 ], [ 127.33993423443394, 36.251184473341233 ], [ 127.339930576211898, 36.251164252060946 ], [ 127.339952412856661, 36.251026651934637 ], [ 127.339982542232264, 36.250866642365757 ], [ 127.340005091266946, 36.250754912240744 ], [ 127.340105858676992, 36.250653883547855 ], [ 127.340147600023897, 36.250614149962331 ], [ 127.340281846770608, 36.250436173042125 ], [ 127.34048012509389, 36.250173402173822 ], [ 127.340603609944395, 36.250116232444519 ], [ 127.340801827598909, 36.249533640768597 ], [ 127.340911205294432, 36.249268219065335 ], [ 127.340984180418729, 36.249059910272891 ], [ 127.341114221613026, 36.248823827260658 ], [ 127.341237360078196, 36.248427460955305 ], [ 127.341441101384262, 36.248179606443408 ], [ 127.341728701741275, 36.248063752190042 ], [ 127.34219726055511, 36.247930043285386 ], [ 127.342509687734307, 36.247846830154892 ], [ 127.342602133432564, 36.247944561043326 ], [ 127.342678993798302, 36.248040029921071 ], [ 127.342709875272504, 36.248041933507487 ], [ 127.342650290940696, 36.248155634510567 ], [ 127.342621801622059, 36.248210228798648 ], [ 127.342576263508093, 36.248389334205982 ], [ 127.342548855106031, 36.248521291890164 ], [ 127.3425388905099, 36.248568380116815 ], [ 127.342509923899797, 36.248638701274288 ], [ 127.342526213834347, 36.248654298991596 ], [ 127.342597750355736, 36.248720467685793 ], [ 127.34264109214395, 36.248778109916593 ], [ 127.342692402570748, 36.248872444057952 ], [ 127.342736696313466, 36.248916250532375 ], [ 127.342777464311325, 36.248960454404482 ], [ 127.342815826849517, 36.249080761187024 ], [ 127.342824486286389, 36.249084070538977 ], [ 127.342734634259301, 36.249168669069007 ], [ 127.342628428556566, 36.249225548411488 ], [ 127.342556736412376, 36.249313519270579 ], [ 127.34252264571542, 36.249382430804324 ], [ 127.342566155796462, 36.249376340937971 ], [ 127.342834949644654, 36.249338661284732 ], [ 127.343097234300956, 36.249438818439195 ], [ 127.343143041319763, 36.249446708126726 ], [ 127.343289469979467, 36.249426355510309 ], [ 127.343384020896622, 36.249488240240218 ], [ 127.343702591062069, 36.249358162379657 ], [ 127.344418621170917, 36.249271220544998 ], [ 127.344647542538269, 36.249275250556451 ], [ 127.345156699147012, 36.24928818068075 ], [ 127.34529312312398, 36.248952259343071 ], [ 127.345598432460136, 36.248955752539572 ], [ 127.345663395017738, 36.248874395671066 ], [ 127.345715353662158, 36.248529506967408 ], [ 127.345628683760722, 36.2476287963283 ], [ 127.345589843061617, 36.247260404892415 ], [ 127.345211005816481, 36.247100875476256 ], [ 127.345010702251287, 36.247195471168787 ], [ 127.344955065963759, 36.247211158389909 ], [ 127.34451196343889, 36.247106405588831 ], [ 127.344318636810087, 36.246921206938666 ], [ 127.344289108556126, 36.24689292258725 ], [ 127.344225047943567, 36.246844730798443 ], [ 127.344208126772571, 36.246832009323981 ], [ 127.344113324983454, 36.246786049869634 ], [ 127.344110604829169, 36.246784922059035 ], [ 127.344058577037032, 36.246763415658357 ], [ 127.344054319984153, 36.246761652034628 ], [ 127.343963361991328, 36.24673212826719 ], [ 127.343950660854361, 36.246728001378663 ], [ 127.343940703700142, 36.246723109981268 ], [ 127.343928116896663, 36.246716918691412 ], [ 127.343896607646883, 36.246701418317329 ], [ 127.343873361005308, 36.246689976778882 ], [ 127.343869024564668, 36.246687844310038 ], [ 127.343800889113226, 36.24665433497762 ], [ 127.343644151861227, 36.246574883870473 ], [ 127.343661344674842, 36.246555387090631 ], [ 127.343732281120566, 36.246473834465753 ], [ 127.343989228510964, 36.246178880162276 ], [ 127.34422595174604, 36.245902375980421 ], [ 127.344436018435232, 36.245646946126904 ], [ 127.344555731888519, 36.245497646014094 ], [ 127.344562890645648, 36.245488730056202 ], [ 127.344573582120319, 36.2454658456044 ], [ 127.344647366600043, 36.245320975775748 ], [ 127.344687297038945, 36.245242485054568 ], [ 127.344689481522224, 36.245238180310231 ], [ 127.344726533548894, 36.245165339424268 ], [ 127.344762844984373, 36.244984529700076 ], [ 127.344764730604069, 36.244975494128482 ], [ 127.344767171345367, 36.244963798809081 ], [ 127.344824501028214, 36.244689367147977 ], [ 127.344830613245705, 36.244647102357902 ], [ 127.344833812556217, 36.244516268153703 ], [ 127.344885357696796, 36.243779192863911 ], [ 127.344959149540173, 36.243684807832139 ], [ 127.345189337915542, 36.243394748171617 ], [ 127.345298006582127, 36.243254643968086 ], [ 127.345475164359343, 36.243029162888703 ], [ 127.345532593652607, 36.242758083791024 ], [ 127.345565579454146, 36.242628524368826 ], [ 127.345595804173158, 36.242508930684529 ], [ 127.345593042743261, 36.242409258858267 ], [ 127.345586529530337, 36.242126323030519 ], [ 127.345573019380438, 36.242089972032112 ], [ 127.345359179290099, 36.241531788354315 ], [ 127.34532959672093, 36.241477919054816 ], [ 127.345171474981882, 36.241182045396194 ], [ 127.345144289233843, 36.241134667640594 ], [ 127.345055007117168, 36.241001042990263 ], [ 127.345004469855851, 36.240925317859656 ], [ 127.344922959168358, 36.240815985641412 ], [ 127.344852401244694, 36.240723249028107 ], [ 127.344630800673215, 36.240762337586816 ], [ 127.344646635503523, 36.240933860369289 ], [ 127.344649320861791, 36.240962898335049 ], [ 127.34464944766664, 36.240991906802094 ], [ 127.344691174519426, 36.24111621412802 ], [ 127.344711692008232, 36.241216204969355 ], [ 127.344750929624752, 36.241305300744372 ], [ 127.344775502968886, 36.241416896236977 ], [ 127.344734224797747, 36.241423367593953 ], [ 127.344732657296461, 36.241423615270072 ], [ 127.34465703274445, 36.241464737783438 ], [ 127.344651805187425, 36.241467582536977 ], [ 127.344642523439489, 36.241471988871467 ], [ 127.344694019704633, 36.241596375706571 ], [ 127.344529984618418, 36.241652521097258 ], [ 127.344441385590798, 36.241682848413383 ], [ 127.344415981039973, 36.241691545685747 ], [ 127.344329341120073, 36.241712205456849 ], [ 127.343142799064765, 36.241625399546123 ], [ 127.343129317637903, 36.241623419930747 ], [ 127.343012754145235, 36.241698046540336 ], [ 127.342986072664885, 36.241715128042635 ], [ 127.342450527831886, 36.242054384103987 ], [ 127.342424325296562, 36.24207170683033 ], [ 127.342343157669021, 36.24212541516868 ], [ 127.342040752036169, 36.242297835336942 ], [ 127.341534845717277, 36.242528986656389 ], [ 127.341448719231693, 36.242560655660377 ], [ 127.341228768368239, 36.242586405269726 ], [ 127.340859051733588, 36.242089684348528 ], [ 127.340854971255894, 36.242087722505879 ], [ 127.340603270094803, 36.241966442227167 ], [ 127.340523148669703, 36.241927828342746 ], [ 127.340174142773776, 36.241575533596709 ], [ 127.340062329535883, 36.241377490616749 ], [ 127.3396245697529, 36.241184108032222 ], [ 127.339414465475087, 36.240808951602418 ], [ 127.339446219916155, 36.240499665299197 ], [ 127.339467712474629, 36.240290439031426 ], [ 127.339294766669497, 36.240173493560846 ], [ 127.339175586665789, 36.240092903698681 ], [ 127.339061223605171, 36.240014994255723 ], [ 127.338914097779409, 36.239869372484421 ], [ 127.338770794191745, 36.239727524210025 ], [ 127.338559754146203, 36.239518637979742 ], [ 127.33846680680513, 36.239557155469967 ], [ 127.33748232188087, 36.239929987197741 ], [ 127.336459010601033, 36.239331981625774 ], [ 127.336201519654509, 36.239177112107619 ], [ 127.336099401393696, 36.23911570250219 ], [ 127.336069558370895, 36.238899933607264 ], [ 127.336404608374337, 36.238689434254681 ], [ 127.336668183845774, 36.23852384186231 ], [ 127.337081402562148, 36.238011683728054 ], [ 127.337092789063675, 36.237997574768713 ], [ 127.337435892817069, 36.237169746296559 ], [ 127.337434278876458, 36.237159224782715 ], [ 127.337416165747229, 36.237041526760628 ], [ 127.337400134587227, 36.236937268310257 ], [ 127.337373496462519, 36.236771902579896 ], [ 127.337353989308568, 36.236757403220203 ], [ 127.336957143313811, 36.236462369168862 ], [ 127.336930674564769, 36.236396205776835 ], [ 127.336848806747668, 36.236150032722563 ], [ 127.336827892286337, 36.236087134251818 ], [ 127.336710010097377, 36.235732657726579 ], [ 127.336951685008728, 36.23537223620076 ], [ 127.336538703252515, 36.235076271555151 ], [ 127.336268022476943, 36.235036611222952 ], [ 127.33621342463006, 36.234895259076012 ], [ 127.336206450618093, 36.234877210296233 ], [ 127.336190355410366, 36.234835548097017 ], [ 127.336086065053294, 36.234691135887523 ], [ 127.336076721103908, 36.234678202834509 ], [ 127.335983935454024, 36.23454971882272 ], [ 127.335355337270727, 36.233840410214562 ], [ 127.334543887158617, 36.233471518110079 ], [ 127.33448895259275, 36.233446536090071 ], [ 127.334484699757468, 36.233047033573314 ], [ 127.334566758358775, 36.232868550620388 ], [ 127.334594504100892, 36.232625512872978 ], [ 127.334925682918652, 36.232195237963367 ], [ 127.334934737520484, 36.231741924021989 ], [ 127.334943854254206, 36.231284968762274 ], [ 127.334973904795305, 36.230576425660644 ], [ 127.334945798213994, 36.230582225903653 ], [ 127.334183048213518, 36.230799147414722 ], [ 127.333979958655945, 36.230861993612478 ], [ 127.333832514815811, 36.230805844019073 ], [ 127.333701427600161, 36.230756101970975 ], [ 127.333384738266474, 36.230635483321848 ], [ 127.333057396829375, 36.230510413204399 ], [ 127.332747347044076, 36.230565983561014 ], [ 127.332461803412514, 36.230286495163419 ], [ 127.332101093862647, 36.229931333389821 ], [ 127.332055384101849, 36.229922321676966 ], [ 127.331520050772895, 36.229819820566576 ], [ 127.331466433253752, 36.229779197986204 ], [ 127.330810866422269, 36.229301266053632 ], [ 127.330234822629933, 36.22888406742026 ], [ 127.330170174445698, 36.228934332909525 ], [ 127.330017532582261, 36.229048464512353 ], [ 127.329995878464516, 36.229046378845936 ], [ 127.329768183276684, 36.229007621865591 ], [ 127.329734264018953, 36.229001127089866 ], [ 127.329484724057181, 36.228365978349004 ], [ 127.329447509054901, 36.228334628359626 ], [ 127.329197923997469, 36.228119333757157 ], [ 127.329295384672804, 36.227749227996199 ] ] ] ] } },
{ "type": "Feature", "properties": { "EMD_CD": "30170119", "EMD_ENG_NM": "Sanjik-dong", "EMD_KOR_NM": "산직동" }, "geometry": { "type": "MultiPolygon", "coordinates": [ [ [ [ 127.359663260765643, 36.254649482605856 ], [ 127.35970137810628, 36.254610830597152 ], [ 127.359771947812504, 36.254492339778231 ], [ 127.359797355188192, 36.254308330356736 ], [ 127.359833371047159, 36.25404748454001 ], [ 127.360022304088744, 36.253809509795779 ], [ 127.360250561542642, 36.253845152650655 ], [ 127.36082698175683, 36.253813597733554 ], [ 127.360838386657207, 36.253812972844656 ], [ 127.361554943778998, 36.25338275626364 ], [ 127.361458484690843, 36.253125082515488 ], [ 127.362063577202662, 36.252539463889164 ], [ 127.362645097737285, 36.252348461723827 ], [ 127.363042618239632, 36.252406125676174 ], [ 127.363201987834429, 36.252209627967964 ], [ 127.363288889447418, 36.251976472299006 ], [ 127.363323905384817, 36.251955242483817 ], [ 127.364156549720846, 36.251559579737027 ], [ 127.363744700160495, 36.251033504720155 ], [ 127.36363680546269, 36.250895683182172 ], [ 127.363735528268251, 36.250550960461027 ], [ 127.364212085267752, 36.249882640332984 ], [ 127.364185203285331, 36.24877004738736 ], [ 127.364402882883198, 36.248286965225113 ], [ 127.364431755344214, 36.248037410486262 ], [ 127.364510698558618, 36.247355047294441 ], [ 127.364242263817161, 36.246746993883974 ], [ 127.364484796601104, 36.246303262826878 ], [ 127.364408229980484, 36.245872341353447 ], [ 127.364487988377562, 36.245338426357065 ], [ 127.364516077642918, 36.24517846936822 ], [ 127.364540833687201, 36.245037496108758 ], [ 127.364448083546449, 36.244792492734739 ], [ 127.364857455218271, 36.244188015026495 ], [ 127.365136834590032, 36.243634063056831 ], [ 127.364064504269393, 36.242547162700049 ], [ 127.363815405397119, 36.241568446554531 ], [ 127.363907336222383, 36.241261475888052 ], [ 127.364199933795774, 36.240821828862515 ], [ 127.363794365117755, 36.240511869363736 ], [ 127.363357114686764, 36.240529802143449 ], [ 127.362943949354502, 36.240344901378378 ], [ 127.363058135776328, 36.240000132485925 ], [ 127.363395511994042, 36.239196714473721 ], [ 127.363608146936144, 36.238690343666995 ], [ 127.363163803270723, 36.238600721509471 ], [ 127.36308496560568, 36.23850436178386 ], [ 127.363033148390841, 36.238197556154532 ], [ 127.362817833813892, 36.237851636645004 ], [ 127.362625309297584, 36.237542328143121 ], [ 127.362858259494857, 36.237060895580754 ], [ 127.362553738079129, 36.236567857013569 ], [ 127.362183320741835, 36.236375219147298 ], [ 127.362193361761214, 36.236139474135776 ], [ 127.362048882286942, 36.235637777978418 ], [ 127.361986065750926, 36.235599923431025 ], [ 127.361143069193247, 36.235091906735157 ], [ 127.360922361771074, 36.234603676353437 ], [ 127.360869507700585, 36.234374311703355 ], [ 127.361307914559688, 36.234501980960303 ], [ 127.361321626316894, 36.234495442737959 ], [ 127.361361741351985, 36.23447631460639 ], [ 127.361308011038759, 36.234462265000012 ], [ 127.361206600593917, 36.234431866637053 ], [ 127.361057740897266, 36.234385515448459 ], [ 127.360899483935043, 36.234347014569053 ], [ 127.360889639683279, 36.234344611185811 ], [ 127.360798078921505, 36.23432990834992 ], [ 127.360795385534331, 36.234329475143049 ], [ 127.360562163691469, 36.234290594457832 ], [ 127.360558167596508, 36.234289930717267 ], [ 127.360408013527049, 36.23426447246846 ], [ 127.360297025933292, 36.234246250125942 ], [ 127.360228783223022, 36.234278176492964 ], [ 127.359840868775478, 36.234442777723096 ], [ 127.359664421393603, 36.234359595296901 ], [ 127.35952074375902, 36.23428818248572 ], [ 127.35936673802378, 36.234223027530781 ], [ 127.359346155175771, 36.234200253319067 ], [ 127.359066848200257, 36.233894783711406 ], [ 127.359058516249192, 36.233885093829848 ], [ 127.359045859295634, 36.23386590004646 ], [ 127.358914730465528, 36.233633110079992 ], [ 127.358841926588866, 36.233511063144611 ], [ 127.358805252012289, 36.233435382800359 ], [ 127.358399518797754, 36.233323468307333 ], [ 127.358309714708852, 36.233298331101729 ], [ 127.3578962791332, 36.233182634492628 ], [ 127.35770906987085, 36.233116639676759 ], [ 127.357106641880151, 36.23289673980598 ], [ 127.357102073511356, 36.232895077241153 ], [ 127.356930815873383, 36.232828879570626 ], [ 127.356501342056418, 36.232661011175828 ], [ 127.356435395558094, 36.232674507736348 ], [ 127.356320668296917, 36.232696882184442 ], [ 127.356258035363467, 36.232707540072276 ], [ 127.356238602416724, 36.232712347004373 ], [ 127.356182165159495, 36.232732853716826 ], [ 127.35618034502069, 36.232733832395631 ], [ 127.355093074121271, 36.233319929833748 ], [ 127.355090565491977, 36.233321307041244 ], [ 127.354542751832753, 36.23362156921926 ], [ 127.35467213706292, 36.233882432549834 ], [ 127.354498397294904, 36.234192277447264 ], [ 127.354485231989401, 36.234215755721401 ], [ 127.354276640710737, 36.234590012115575 ], [ 127.354227195329813, 36.234634487946401 ], [ 127.354126058597117, 36.234711630055621 ], [ 127.35368043387821, 36.235229394381292 ], [ 127.353140385733383, 36.235896779612908 ], [ 127.353198057293739, 36.235957386686934 ], [ 127.353288446041816, 36.236055584786726 ], [ 127.353312764527573, 36.236083107721299 ], [ 127.353244824671037, 36.236337820119815 ], [ 127.35300258000089, 36.23658725049242 ], [ 127.352955800440725, 36.236589217322361 ], [ 127.35249138916997, 36.236608758104914 ], [ 127.352398830294391, 36.236587571758129 ], [ 127.351222371079885, 36.236171640718048 ], [ 127.351193147101782, 36.23616136239044 ], [ 127.351144210172819, 36.236133550255268 ], [ 127.350586662913571, 36.235798602685229 ], [ 127.350543951030915, 36.235666920459167 ], [ 127.350484857871592, 36.23547867221771 ], [ 127.350403920405228, 36.235258324559879 ], [ 127.350377438537663, 36.235241882879514 ], [ 127.350104238695891, 36.2350698857203 ], [ 127.349903224687623, 36.234439306752002 ], [ 127.349798308590294, 36.234369851676036 ], [ 127.349623914869355, 36.234255755463082 ], [ 127.349483949362522, 36.234246808363139 ], [ 127.349458435338406, 36.234245179303663 ], [ 127.349207276989233, 36.234241448489534 ], [ 127.348781021218727, 36.234145222698757 ], [ 127.348762046921692, 36.234140943159147 ], [ 127.3485990443112, 36.234119238412021 ], [ 127.347421322679409, 36.2340781660494 ], [ 127.347442492894842, 36.233952308700523 ], [ 127.34746514120306, 36.233783153508242 ], [ 127.347485550417929, 36.233595836364273 ], [ 127.347502091077487, 36.233441595784143 ], [ 127.347468038316379, 36.233405547578535 ], [ 127.347321904169718, 36.233220757605622 ], [ 127.34719610082989, 36.233088006909611 ], [ 127.346952641019016, 36.2328231566376 ], [ 127.346931640178383, 36.232795397772477 ], [ 127.346917184559786, 36.232776289636746 ], [ 127.346797399834728, 36.232617971956628 ], [ 127.346785058668615, 36.232601660447827 ], [ 127.34677577199831, 36.232589385529508 ], [ 127.346764946403525, 36.232583847723276 ], [ 127.346722179884594, 36.232561964041039 ], [ 127.34671770979611, 36.232559679136017 ], [ 127.346712703884194, 36.232557115859784 ], [ 127.346610247769561, 36.232504692376516 ], [ 127.346366105059033, 36.232435410119571 ], [ 127.346342125344904, 36.232428602967374 ], [ 127.346340789626282, 36.23242821897756 ], [ 127.345984229806263, 36.232297691050455 ], [ 127.345627049886218, 36.232278937498315 ], [ 127.345575856544059, 36.232265495383814 ], [ 127.345246321080452, 36.232115268188572 ], [ 127.345071743363405, 36.231854641192768 ], [ 127.345013028533913, 36.231810155773601 ], [ 127.344273052567459, 36.231354105779268 ], [ 127.344156417010524, 36.231372877882542 ], [ 127.343757170471946, 36.231425099450895 ], [ 127.343752033742746, 36.231425700326653 ], [ 127.343721834160135, 36.231410538780636 ], [ 127.343711109883259, 36.231405162208929 ], [ 127.343418094194561, 36.231248382351183 ], [ 127.342884346486997, 36.231180911695986 ], [ 127.342779137034896, 36.231080124713074 ], [ 127.342395217321197, 36.230711552581155 ], [ 127.342142710124804, 36.230653306314224 ], [ 127.34185460676072, 36.230586798894784 ], [ 127.341838901386637, 36.230532961575754 ], [ 127.341733301405398, 36.230210537292777 ], [ 127.341731837831276, 36.230206297140867 ], [ 127.34169143321148, 36.230089716637288 ], [ 127.341633111046761, 36.229891044762546 ], [ 127.34162765521333, 36.229812818778136 ], [ 127.341617096399048, 36.229753109273943 ], [ 127.34160442296934, 36.229708347388929 ], [ 127.341528739765067, 36.229345842856041 ], [ 127.341512541844153, 36.229340121588926 ], [ 127.341472047628713, 36.229325808495219 ], [ 127.341140098922324, 36.229243093906526 ], [ 127.340842608656274, 36.229159785456247 ], [ 127.340856562444188, 36.228944920018385 ], [ 127.340867679343717, 36.228503306654147 ], [ 127.340680812715263, 36.228436219998976 ], [ 127.340545848985826, 36.228387767636839 ], [ 127.340261202344294, 36.228279620098043 ], [ 127.340234133876109, 36.227932594901468 ], [ 127.340006559880734, 36.227904347123122 ], [ 127.33964047125265, 36.227855005560009 ], [ 127.339569630720803, 36.227715837101528 ], [ 127.339218229715229, 36.22699496812087 ], [ 127.339174885283356, 36.226972001784304 ], [ 127.33901716902956, 36.226890006107354 ], [ 127.338452495379798, 36.226873492566781 ], [ 127.338451922636651, 36.226739830252569 ], [ 127.338449814041226, 36.225937138673828 ], [ 127.338436776603587, 36.225897901550432 ], [ 127.338415082813412, 36.225857877294935 ], [ 127.33828394069576, 36.225591800769706 ], [ 127.338286590115487, 36.225558557808135 ], [ 127.338285387676848, 36.225490872968706 ], [ 127.338283797250071, 36.22522375592623 ], [ 127.338259794328266, 36.225168995307335 ], [ 127.338103031219916, 36.224815449173278 ], [ 127.337841008709489, 36.225111649893833 ], [ 127.337275155139579, 36.225653663903671 ], [ 127.336907471937323, 36.225801408421468 ], [ 127.336606886301567, 36.225723712651558 ], [ 127.33644559611939, 36.225812057103944 ], [ 127.33491434378756, 36.226990402024065 ], [ 127.334495102386995, 36.226879713817219 ], [ 127.33438704627838, 36.22685118571269 ], [ 127.333383405131769, 36.226537331675942 ], [ 127.333166474100651, 36.226599475533881 ], [ 127.332485462928815, 36.227359558894818 ], [ 127.332412408193647, 36.227330354485318 ], [ 127.332187098518531, 36.227246959676215 ], [ 127.331786727082104, 36.227084220401331 ], [ 127.331441942200158, 36.226959608815825 ], [ 127.330849994371562, 36.227340225867998 ], [ 127.330586923219471, 36.227288726132059 ], [ 127.330063970779747, 36.227155246192282 ], [ 127.329821279981857, 36.227340719156722 ], [ 127.329295384672804, 36.227749227996199 ], [ 127.329197923997469, 36.228119333757157 ], [ 127.329447509054901, 36.228334628359626 ], [ 127.329484724057181, 36.228365978349004 ], [ 127.329734264018953, 36.229001127089866 ], [ 127.329768183276684, 36.229007621865591 ], [ 127.329995878464516, 36.229046378845936 ], [ 127.330017532582261, 36.229048464512353 ], [ 127.330170174445698, 36.228934332909525 ], [ 127.330234822629933, 36.22888406742026 ], [ 127.330810866422269, 36.229301266053632 ], [ 127.331466433253752, 36.229779197986204 ], [ 127.331520050772895, 36.229819820566576 ], [ 127.332055384101849, 36.229922321676966 ], [ 127.332101093862647, 36.229931333389821 ], [ 127.332461803412514, 36.230286495163419 ], [ 127.332747347044076, 36.230565983561014 ], [ 127.333057396829375, 36.230510413204399 ], [ 127.333384738266474, 36.230635483321848 ], [ 127.333701427600161, 36.230756101970975 ], [ 127.333832514815811, 36.230805844019073 ], [ 127.333979958655945, 36.230861993612478 ], [ 127.334183048213518, 36.230799147414722 ], [ 127.334945798213994, 36.230582225903653 ], [ 127.334973904795305, 36.230576425660644 ], [ 127.334943854254206, 36.231284968762274 ], [ 127.334934737520484, 36.231741924021989 ], [ 127.334925682918652, 36.232195237963367 ], [ 127.334594504100892, 36.232625512872978 ], [ 127.334566758358775, 36.232868550620388 ], [ 127.334484699757468, 36.233047033573314 ], [ 127.33448895259275, 36.233446536090071 ], [ 127.334543887158617, 36.233471518110079 ], [ 127.335355337270727, 36.233840410214562 ], [ 127.335983935454024, 36.23454971882272 ], [ 127.336076721103908, 36.234678202834509 ], [ 127.336086065053294, 36.234691135887523 ], [ 127.336190355410366, 36.234835548097017 ], [ 127.336206450618093, 36.234877210296233 ], [ 127.33621342463006, 36.234895259076012 ], [ 127.336268022476943, 36.235036611222952 ], [ 127.336538703252515, 36.235076271555151 ], [ 127.336951685008728, 36.23537223620076 ], [ 127.336710010097377, 36.235732657726579 ], [ 127.336827892286337, 36.236087134251818 ], [ 127.336848806747668, 36.236150032722563 ], [ 127.336930674564769, 36.236396205776835 ], [ 127.336957143313811, 36.236462369168862 ], [ 127.337353989308568, 36.236757403220203 ], [ 127.337373496462519, 36.236771902579896 ], [ 127.337400134587227, 36.236937268310257 ], [ 127.337416165747229, 36.237041526760628 ], [ 127.337434278876458, 36.237159224782715 ], [ 127.337435892817069, 36.237169746296559 ], [ 127.337092789063675, 36.237997574768713 ], [ 127.337081402562148, 36.238011683728054 ], [ 127.336668183845774, 36.23852384186231 ], [ 127.336404608374337, 36.238689434254681 ], [ 127.336069558370895, 36.238899933607264 ], [ 127.336099401393696, 36.23911570250219 ], [ 127.336201519654509, 36.239177112107619 ], [ 127.336459010601033, 36.239331981625774 ], [ 127.33748232188087, 36.239929987197741 ], [ 127.33846680680513, 36.239557155469967 ], [ 127.338559754146203, 36.239518637979742 ], [ 127.338770794191745, 36.239727524210025 ], [ 127.338914097779409, 36.239869372484421 ], [ 127.339061223605171, 36.240014994255723 ], [ 127.339175586665789, 36.240092903698681 ], [ 127.339294766669497, 36.240173493560846 ], [ 127.339467712474629, 36.240290439031426 ], [ 127.339446219916155, 36.240499665299197 ], [ 127.339414465475087, 36.240808951602418 ], [ 127.3396245697529, 36.241184108032222 ], [ 127.340062329535883, 36.241377490616749 ], [ 127.340174142773776, 36.241575533596709 ], [ 127.340523148669703, 36.241927828342746 ], [ 127.340603270094803, 36.241966442227167 ], [ 127.340854971255894, 36.242087722505879 ], [ 127.340859051733588, 36.242089684348528 ], [ 127.341228768368239, 36.242586405269726 ], [ 127.341448719231693, 36.242560655660377 ], [ 127.341534845717277, 36.242528986656389 ], [ 127.342040752036169, 36.242297835336942 ], [ 127.342343157669021, 36.24212541516868 ], [ 127.342424325296562, 36.24207170683033 ], [ 127.342450527831886, 36.242054384103987 ], [ 127.342986072664885, 36.241715128042635 ], [ 127.343012754145235, 36.241698046540336 ], [ 127.343129317637903, 36.241623419930747 ], [ 127.343142799064765, 36.241625399546123 ], [ 127.344329341120073, 36.241712205456849 ], [ 127.344415981039973, 36.241691545685747 ], [ 127.344441385590798, 36.241682848413383 ], [ 127.344529984618418, 36.241652521097258 ], [ 127.344694019704633, 36.241596375706571 ], [ 127.344642523439489, 36.241471988871467 ], [ 127.344651805187425, 36.241467582536977 ], [ 127.34465703274445, 36.241464737783438 ], [ 127.344732657296461, 36.241423615270072 ], [ 127.344734224797747, 36.241423367593953 ], [ 127.344775502968886, 36.241416896236977 ], [ 127.344750929624752, 36.241305300744372 ], [ 127.344711692008232, 36.241216204969355 ], [ 127.344691174519426, 36.24111621412802 ], [ 127.34464944766664, 36.240991906802094 ], [ 127.344649320861791, 36.240962898335049 ], [ 127.344646635503523, 36.240933860369289 ], [ 127.344630800673215, 36.240762337586816 ], [ 127.344852401244694, 36.240723249028107 ], [ 127.344922959168358, 36.240815985641412 ], [ 127.345004469855851, 36.240925317859656 ], [ 127.345055007117168, 36.241001042990263 ], [ 127.345144289233843, 36.241134667640594 ], [ 127.345171474981882, 36.241182045396194 ], [ 127.34532959672093, 36.241477919054816 ], [ 127.345359179290099, 36.241531788354315 ], [ 127.345573019380438, 36.242089972032112 ], [ 127.345586529530337, 36.242126323030519 ], [ 127.345593042743261, 36.242409258858267 ], [ 127.345595804173158, 36.242508930684529 ], [ 127.345565579454146, 36.242628524368826 ], [ 127.345532593652607, 36.242758083791024 ], [ 127.345475164359343, 36.243029162888703 ], [ 127.345298006582127, 36.243254643968086 ], [ 127.345189337915542, 36.243394748171617 ], [ 127.344959149540173, 36.243684807832139 ], [ 127.344885357696796, 36.243779192863911 ], [ 127.344833812556217, 36.244516268153703 ], [ 127.344830613245705, 36.244647102357902 ], [ 127.344824501028214, 36.244689367147977 ], [ 127.344767171345367, 36.244963798809081 ], [ 127.344764730604069, 36.244975494128482 ], [ 127.344762844984373, 36.244984529700076 ], [ 127.344726533548894, 36.245165339424268 ], [ 127.344689481522224, 36.245238180310231 ], [ 127.344687297038945, 36.245242485054568 ], [ 127.344647366600043, 36.245320975775748 ], [ 127.344573582120319, 36.2454658456044 ], [ 127.344562890645648, 36.245488730056202 ], [ 127.344555731888519, 36.245497646014094 ], [ 127.344436018435232, 36.245646946126904 ], [ 127.34422595174604, 36.245902375980421 ], [ 127.343989228510964, 36.246178880162276 ], [ 127.343732281120566, 36.246473834465753 ], [ 127.343661344674842, 36.246555387090631 ], [ 127.343644151861227, 36.246574883870473 ], [ 127.343800889113226, 36.24665433497762 ], [ 127.343869024564668, 36.246687844310038 ], [ 127.343873361005308, 36.246689976778882 ], [ 127.343896607646883, 36.246701418317329 ], [ 127.343928116896663, 36.246716918691412 ], [ 127.343940703700142, 36.246723109981268 ], [ 127.343950660854361, 36.246728001378663 ], [ 127.343963361991328, 36.24673212826719 ], [ 127.344054319984153, 36.246761652034628 ], [ 127.344058577037032, 36.246763415658357 ], [ 127.344110604829169, 36.246784922059035 ], [ 127.344113324983454, 36.246786049869634 ], [ 127.344208126772571, 36.246832009323981 ], [ 127.344225047943567, 36.246844730798443 ], [ 127.344289108556126, 36.24689292258725 ], [ 127.344318636810087, 36.246921206938666 ], [ 127.34451196343889, 36.247106405588831 ], [ 127.344955065963759, 36.247211158389909 ], [ 127.345010702251287, 36.247195471168787 ], [ 127.345211005816481, 36.247100875476256 ], [ 127.345589843061617, 36.247260404892415 ], [ 127.345628683760722, 36.2476287963283 ], [ 127.345715353662158, 36.248529506967408 ], [ 127.345663395017738, 36.248874395671066 ], [ 127.345598432460136, 36.248955752539572 ], [ 127.346570098602967, 36.249089564015222 ], [ 127.347139659400383, 36.249204191080437 ], [ 127.347578838034508, 36.249429956712106 ], [ 127.34779700478903, 36.249865985824108 ], [ 127.348625159157777, 36.250064846723767 ], [ 127.349152698137658, 36.250177548803102 ], [ 127.349748884261089, 36.250382339665464 ], [ 127.349991994034866, 36.250411136701217 ], [ 127.35012399919647, 36.250259452180131 ], [ 127.350577901968933, 36.250157816874101 ], [ 127.350894422865949, 36.250304417266918 ], [ 127.351406889798852, 36.25025964472573 ], [ 127.351693721506209, 36.250297340045343 ], [ 127.352167075208456, 36.250405834592073 ], [ 127.352849814786239, 36.250728789424322 ], [ 127.353319444269459, 36.250660793761966 ], [ 127.353730272799993, 36.250942502321486 ], [ 127.354129912166087, 36.251076088234448 ], [ 127.35437071557314, 36.251375373525043 ], [ 127.354395219663772, 36.251386169054548 ], [ 127.354426336631121, 36.251402849006503 ], [ 127.355196391916522, 36.251992652636098 ], [ 127.355344508802958, 36.252528725370176 ], [ 127.35620951098943, 36.252778369313845 ], [ 127.357078701717171, 36.252885228295931 ], [ 127.357143893885194, 36.253263847638117 ], [ 127.357465441526855, 36.253578656713984 ], [ 127.357500784528369, 36.254286260207579 ], [ 127.357898982830733, 36.254114228263361 ], [ 127.358724408287586, 36.25437547072017 ], [ 127.358878210070884, 36.254533871489336 ], [ 127.358949098057778, 36.25458767656469 ], [ 127.359151510397567, 36.254611196439924 ], [ 127.359606587750818, 36.25466408631825 ], [ 127.359663260765643, 36.254649482605856 ] ] ] ] } },
{ "type": "Feature", "properties": { "EMD_CD": "30170120", "EMD_ENG_NM": "Jangan-dong", "EMD_KOR_NM": "장안동" }, "geometry": { "type": "MultiPolygon", "coordinates": [ [ [ [ 127.361361741351985, 36.23447631460639 ], [ 127.361873175429523, 36.234232445707804 ], [ 127.361938523830403, 36.234201284952363 ], [ 127.362294478045058, 36.233897188552668 ], [ 127.362428159571635, 36.233487299095039 ], [ 127.362438272123413, 36.23345629023629 ], [ 127.363402109221298, 36.232303247988547 ], [ 127.363214558989441, 36.232110897986921 ], [ 127.362785567984432, 36.231764399230961 ], [ 127.362493055466658, 36.231270755544202 ], [ 127.362540556167303, 36.231017712436604 ], [ 127.362259664654118, 36.230601682760238 ], [ 127.362016454525403, 36.230241459158258 ], [ 127.362095181777306, 36.229559969773426 ], [ 127.361975556509677, 36.229054259368226 ], [ 127.362297441401083, 36.228338818252418 ], [ 127.361624854529808, 36.227656221087258 ], [ 127.3611282190693, 36.22755915183771 ], [ 127.360711085050525, 36.227098266647062 ], [ 127.360111160005843, 36.226680166467304 ], [ 127.360151455377064, 36.226331115507321 ], [ 127.360351839637303, 36.22591456207887 ], [ 127.36035562465689, 36.225486765935315 ], [ 127.361374256506039, 36.224737973082874 ], [ 127.361589347337301, 36.224612853760512 ], [ 127.361752350682053, 36.224497461411822 ], [ 127.362106549680149, 36.224312210287543 ], [ 127.362323341536879, 36.22391390733187 ], [ 127.362380411456797, 36.223889799417208 ], [ 127.36299043093031, 36.223632246006709 ], [ 127.363262496809426, 36.223350649178435 ], [ 127.363546831517894, 36.222902854489661 ], [ 127.364045909808311, 36.221727545364992 ], [ 127.364557472612049, 36.22002472084818 ], [ 127.3645295533709, 36.219814720509397 ], [ 127.364322293999138, 36.219524426985139 ], [ 127.364196900969461, 36.218901292884283 ], [ 127.363753209840496, 36.218779570026165 ], [ 127.363478436871702, 36.218655650392314 ], [ 127.363133689506668, 36.218737799613145 ], [ 127.362846615789707, 36.218625729668155 ], [ 127.362252723110501, 36.218601332991121 ], [ 127.36168612919451, 36.218355212599398 ], [ 127.361428037663131, 36.218385557405576 ], [ 127.361044277398435, 36.218521610283261 ], [ 127.360637865103328, 36.218456647223753 ], [ 127.360393959226485, 36.218205892780468 ], [ 127.360176590253019, 36.21737294429721 ], [ 127.359808557331974, 36.216652816133461 ], [ 127.359657174827944, 36.215769535049198 ], [ 127.359592585171228, 36.214864601143688 ], [ 127.359674127263943, 36.214608923910802 ], [ 127.359430667604059, 36.213918268483816 ], [ 127.358673669038268, 36.213825625418707 ], [ 127.358344424244763, 36.213642143403092 ], [ 127.357261549662169, 36.213184634029197 ], [ 127.35726707167774, 36.212716845281342 ], [ 127.357191606979356, 36.212513175924236 ], [ 127.356674919857966, 36.212336725204629 ], [ 127.356308904210366, 36.212321760479874 ], [ 127.355557872958272, 36.212890320041232 ], [ 127.355185662318618, 36.212848623130604 ], [ 127.354818850476079, 36.212733957088624 ], [ 127.354167096557575, 36.212312600077567 ], [ 127.353904771252402, 36.212248036601096 ], [ 127.35296741550728, 36.211839056829994 ], [ 127.353059223764944, 36.211191903480085 ], [ 127.353063075769256, 36.211120923382175 ], [ 127.353007905879323, 36.210946479696467 ], [ 127.352839403114643, 36.210684223521 ], [ 127.352830701935176, 36.210640874938527 ], [ 127.351898692068076, 36.21006346562914 ], [ 127.351761137457373, 36.209490485727279 ], [ 127.351199225996353, 36.20925979287383 ], [ 127.350272984190909, 36.20868038921224 ], [ 127.349544887335796, 36.208036463140964 ], [ 127.349384683441514, 36.20752465641916 ], [ 127.349104513463615, 36.207152322577365 ], [ 127.348966209307875, 36.206876734576596 ], [ 127.348564198659361, 36.206256638037502 ], [ 127.347822291251262, 36.205506012384184 ], [ 127.347727288023108, 36.20535533770132 ], [ 127.347333174916983, 36.204673545413584 ], [ 127.346866707148536, 36.20412685032683 ], [ 127.346651441987291, 36.203255009414434 ], [ 127.346862642730486, 36.202211838704009 ], [ 127.347404228140405, 36.202062694674517 ], [ 127.347488294770002, 36.201939953110603 ], [ 127.347690220217558, 36.201003256163517 ], [ 127.3475347157502, 36.200565212415746 ], [ 127.347410121365087, 36.200126808832799 ], [ 127.347423314714618, 36.200004262728818 ], [ 127.347659682244526, 36.199630710767558 ], [ 127.347683135822578, 36.198487543741273 ], [ 127.34789177721558, 36.198287829956818 ], [ 127.347586318244922, 36.197566633470913 ], [ 127.347127140476118, 36.197366318459324 ], [ 127.346177309642457, 36.197041033259133 ], [ 127.345731056181663, 36.196888202965802 ], [ 127.345359933731658, 36.196799709497235 ], [ 127.34505581252975, 36.196774952410941 ], [ 127.344021655428591, 36.196664150254215 ], [ 127.344049513556328, 36.195881996380038 ], [ 127.343859378235905, 36.195504039478195 ], [ 127.343859587742898, 36.194635234621288 ], [ 127.342902259427731, 36.194126541991629 ], [ 127.342147676597961, 36.193416180717122 ], [ 127.342195491408589, 36.193107385873809 ], [ 127.341741066693359, 36.192508546981287 ], [ 127.341702249699495, 36.192050174536483 ], [ 127.341571610487804, 36.191365070940492 ], [ 127.341546070657046, 36.191122668181372 ], [ 127.341350369354132, 36.190416066193812 ], [ 127.341349037894872, 36.190107978425416 ], [ 127.341168848561693, 36.1894934251739 ], [ 127.3409253496704, 36.189142082418265 ], [ 127.340731706529979, 36.188910014702429 ], [ 127.340383161960645, 36.188891284239091 ], [ 127.339465611427968, 36.189046522407963 ], [ 127.33916732090907, 36.189243373999133 ], [ 127.338145938313062, 36.18908684739678 ], [ 127.338156266560048, 36.188414302297609 ], [ 127.3379302803218, 36.187565840618419 ], [ 127.338046997715622, 36.187276851129809 ], [ 127.338045483174369, 36.186922857347639 ], [ 127.337946383100274, 36.186334827106016 ], [ 127.337581659270413, 36.185614895915407 ], [ 127.337078722306458, 36.18519077105978 ], [ 127.336875336317476, 36.185236959776617 ], [ 127.336341056819691, 36.184834052885279 ], [ 127.33602768111615, 36.184255343866646 ], [ 127.335511684478504, 36.18337220768327 ], [ 127.334905590665741, 36.183273918224025 ], [ 127.334298652263342, 36.183140986601352 ], [ 127.334031503661222, 36.183100057525095 ], [ 127.333713092392841, 36.183258083405867 ], [ 127.333419900187792, 36.18334168944979 ], [ 127.33315838398785, 36.183400153345048 ], [ 127.332683835891089, 36.183520875730537 ], [ 127.332061908930882, 36.183831254381026 ], [ 127.331697567352009, 36.184055584473334 ], [ 127.33184092691792, 36.184441576625012 ], [ 127.331871731749445, 36.184497248277424 ], [ 127.331902358663399, 36.184552929586602 ], [ 127.331934108941454, 36.184666897381717 ], [ 127.331852780910666, 36.185567758045345 ], [ 127.331928092921672, 36.185923802048549 ], [ 127.331952464425896, 36.186350676069665 ], [ 127.331953685014824, 36.187964378903786 ], [ 127.331527247131334, 36.188753253917191 ], [ 127.331508900077253, 36.189804601990815 ], [ 127.331062244531552, 36.190165741684972 ], [ 127.331090883077351, 36.190574301079735 ], [ 127.331626773328267, 36.191193801130595 ], [ 127.331555421223442, 36.191742600064551 ], [ 127.331702529624749, 36.192687330616202 ], [ 127.331634317298125, 36.192991103982827 ], [ 127.330859775921965, 36.193461578710249 ], [ 127.33024655390011, 36.193672512469028 ], [ 127.329991875101712, 36.193878233222627 ], [ 127.329814387579901, 36.19418202650499 ], [ 127.330743451651387, 36.194723849817024 ], [ 127.330707970463251, 36.195086956553901 ], [ 127.330892149655355, 36.195717285295721 ], [ 127.331598999376283, 36.195998376426324 ], [ 127.332099831840949, 36.196200600428398 ], [ 127.332152832626619, 36.196990971636374 ], [ 127.332106195644698, 36.197383679033884 ], [ 127.33201933823905, 36.19796575564866 ], [ 127.331875899987438, 36.198268330579751 ], [ 127.331769455968683, 36.198611366466167 ], [ 127.331754132416776, 36.198687721955167 ], [ 127.331768613974774, 36.198741753871147 ], [ 127.331817162673318, 36.198803576645354 ], [ 127.332567156005666, 36.199254642257856 ], [ 127.333433608381753, 36.199719447744947 ], [ 127.333568512995072, 36.199824684664186 ], [ 127.333561833152046, 36.199888345049779 ], [ 127.333455176909382, 36.200137884288402 ], [ 127.333550373649132, 36.200671296877125 ], [ 127.332595958279555, 36.201019485938836 ], [ 127.33200125018341, 36.201513405335398 ], [ 127.331370200424402, 36.201340261514055 ], [ 127.330943878579305, 36.201387341860602 ], [ 127.33040450693089, 36.201532448614984 ], [ 127.330114462094201, 36.201763617502856 ], [ 127.32980677405871, 36.201846695031698 ], [ 127.329760504291684, 36.202333466505081 ], [ 127.329438415229035, 36.202963489512733 ], [ 127.329018915172043, 36.203273017651206 ], [ 127.32825002348045, 36.203980718186159 ], [ 127.328141224641882, 36.204080857014304 ], [ 127.328098268463265, 36.204080706449574 ], [ 127.328235252893492, 36.204394251467725 ], [ 127.328209243016317, 36.204583860670134 ], [ 127.328442257743262, 36.205290687762037 ], [ 127.328532651820595, 36.205553137851368 ], [ 127.328684600553302, 36.205635325868741 ], [ 127.328659286185356, 36.205821076573081 ], [ 127.328568237163125, 36.206146926078802 ], [ 127.328442268395619, 36.206523149041153 ], [ 127.328373776920145, 36.206776210498546 ], [ 127.328918727917056, 36.207269339690647 ], [ 127.329100718371862, 36.207491192601822 ], [ 127.329286628546626, 36.207753894947693 ], [ 127.329307552274997, 36.20818736506186 ], [ 127.329578086089114, 36.208873043424653 ], [ 127.329808560673854, 36.209125303974027 ], [ 127.329703267350055, 36.209853295064597 ], [ 127.330080938061329, 36.210212843936581 ], [ 127.329979060358113, 36.210360919110457 ], [ 127.329926667195721, 36.210437059710543 ], [ 127.329549515056883, 36.210985180737822 ], [ 127.329480060674783, 36.211551012372915 ], [ 127.329607020091046, 36.212056215257014 ], [ 127.329741704698904, 36.212272510425151 ], [ 127.329629460231018, 36.213022690071405 ], [ 127.329287727219551, 36.213544677010113 ], [ 127.329280429838093, 36.214450700185786 ], [ 127.329384428628543, 36.214700189135165 ], [ 127.329422350922243, 36.214812067084587 ], [ 127.329446042126975, 36.214858098456801 ], [ 127.329465729670332, 36.214864298796286 ], [ 127.329657586639684, 36.214924728808057 ], [ 127.329910670948848, 36.215010251814682 ], [ 127.329990620809241, 36.215039627251024 ], [ 127.330034319228247, 36.215083251170014 ], [ 127.330182345392231, 36.215217329550356 ], [ 127.330365467920828, 36.215382528202049 ], [ 127.330414952366922, 36.215426523578593 ], [ 127.330571809949816, 36.215504973753582 ], [ 127.330659039152906, 36.21571341327418 ], [ 127.330699441723667, 36.215808774258164 ], [ 127.330234741207761, 36.216058374580776 ], [ 127.329928268540485, 36.216222169156296 ], [ 127.329658734430851, 36.216605761741327 ], [ 127.329548756812471, 36.21675235341273 ], [ 127.329535203421571, 36.21678791558692 ], [ 127.329496721215691, 36.216893766783066 ], [ 127.329449946604626, 36.216976840898312 ], [ 127.329204702654252, 36.217329715302135 ], [ 127.32911849243925, 36.217458614407775 ], [ 127.328526623533364, 36.217662028408455 ], [ 127.328115795860754, 36.217806303857486 ], [ 127.327566665008064, 36.217927524406022 ], [ 127.327419810458153, 36.21816737133792 ], [ 127.327410286347373, 36.218198623381916 ], [ 127.327824269680676, 36.218872360181827 ], [ 127.327826162219893, 36.219328014607534 ], [ 127.328115465888132, 36.219821870699349 ], [ 127.328179881731245, 36.219915004348991 ], [ 127.32771311118286, 36.220576389872377 ], [ 127.327840700077061, 36.220809161488418 ], [ 127.327867056997349, 36.221079248409438 ], [ 127.327875444538861, 36.221165163312925 ], [ 127.327890293452398, 36.221280691001674 ], [ 127.327905759628038, 36.221295617918358 ], [ 127.327980465123957, 36.221373105688713 ], [ 127.328076407195852, 36.221483672433777 ], [ 127.328154337603479, 36.221571703927566 ], [ 127.328163153703869, 36.22158153010605 ], [ 127.328167089582763, 36.221586376247075 ], [ 127.328174327409684, 36.221588375555584 ], [ 127.328448774246127, 36.221673968578543 ], [ 127.328479659371084, 36.221692593346027 ], [ 127.328736318182166, 36.221990582237545 ], [ 127.328788249792098, 36.22205002628759 ], [ 127.328765446909145, 36.22277036435252 ], [ 127.328760070667215, 36.222953518886527 ], [ 127.328761882465585, 36.222966509279381 ], [ 127.328767454553528, 36.223006569731375 ], [ 127.329121656076481, 36.223519459287793 ], [ 127.329185604388115, 36.223609024223812 ], [ 127.329161287508001, 36.223682772333639 ], [ 127.329049081111037, 36.224023178768597 ], [ 127.329044731362188, 36.224039016397633 ], [ 127.3289666134078, 36.224104259210669 ], [ 127.328703711093937, 36.224322498478607 ], [ 127.328619234934351, 36.224394194214462 ], [ 127.328606455112009, 36.224405079138229 ], [ 127.328156456158155, 36.224788160818896 ], [ 127.327916175664271, 36.224982887028659 ], [ 127.327819540517709, 36.225065248860417 ], [ 127.327813427628016, 36.225079720734819 ], [ 127.327783677343405, 36.225077729302271 ], [ 127.32773335351159, 36.225196877624441 ], [ 127.327710097137285, 36.225261186795343 ], [ 127.327495431851929, 36.225387091420245 ], [ 127.327448095306067, 36.225416689094267 ], [ 127.327421967114674, 36.225435126620489 ], [ 127.327461525615107, 36.225924571433616 ], [ 127.327346366898084, 36.226424477271536 ], [ 127.327307124041894, 36.226568801143358 ], [ 127.327244940694627, 36.226832740276571 ], [ 127.327194115994772, 36.227011259361362 ], [ 127.327149571623607, 36.227102887802438 ], [ 127.327248506770658, 36.227121318079384 ], [ 127.327536975494667, 36.22714514383221 ], [ 127.328563151344056, 36.227200785462898 ], [ 127.329052656047125, 36.22752138701312 ], [ 127.32910699038267, 36.227563684099643 ], [ 127.329295384672804, 36.227749227996199 ], [ 127.329821279981857, 36.227340719156722 ], [ 127.330063970779747, 36.227155246192282 ], [ 127.330586923219471, 36.227288726132059 ], [ 127.330849994371562, 36.227340225867998 ], [ 127.331441942200158, 36.226959608815825 ], [ 127.331786727082104, 36.227084220401331 ], [ 127.332187098518531, 36.227246959676215 ], [ 127.332412408193647, 36.227330354485318 ], [ 127.332485462928815, 36.227359558894818 ], [ 127.333166474100651, 36.226599475533881 ], [ 127.333383405131769, 36.226537331675942 ], [ 127.33438704627838, 36.22685118571269 ], [ 127.334495102386995, 36.226879713817219 ], [ 127.33491434378756, 36.226990402024065 ], [ 127.33644559611939, 36.225812057103944 ], [ 127.336606886301567, 36.225723712651558 ], [ 127.336907471937323, 36.225801408421468 ], [ 127.337275155139579, 36.225653663903671 ], [ 127.337841008709489, 36.225111649893833 ], [ 127.338103031219916, 36.224815449173278 ], [ 127.338259794328266, 36.225168995307335 ], [ 127.338283797250071, 36.22522375592623 ], [ 127.338285387676848, 36.225490872968706 ], [ 127.338286590115487, 36.225558557808135 ], [ 127.33828394069576, 36.225591800769706 ], [ 127.338415082813412, 36.225857877294935 ], [ 127.338436776603587, 36.225897901550432 ], [ 127.338449814041226, 36.225937138673828 ], [ 127.338451922636651, 36.226739830252569 ], [ 127.338452495379798, 36.226873492566781 ], [ 127.33901716902956, 36.226890006107354 ], [ 127.339174885283356, 36.226972001784304 ], [ 127.339218229715229, 36.22699496812087 ], [ 127.339569630720803, 36.227715837101528 ], [ 127.33964047125265, 36.227855005560009 ], [ 127.340006559880734, 36.227904347123122 ], [ 127.340234133876109, 36.227932594901468 ], [ 127.340261202344294, 36.228279620098043 ], [ 127.340545848985826, 36.228387767636839 ], [ 127.340680812715263, 36.228436219998976 ], [ 127.340867679343717, 36.228503306654147 ], [ 127.340856562444188, 36.228944920018385 ], [ 127.340842608656274, 36.229159785456247 ], [ 127.341140098922324, 36.229243093906526 ], [ 127.341472047628713, 36.229325808495219 ], [ 127.341512541844153, 36.229340121588926 ], [ 127.341528739765067, 36.229345842856041 ], [ 127.34160442296934, 36.229708347388929 ], [ 127.341617096399048, 36.229753109273943 ], [ 127.34162765521333, 36.229812818778136 ], [ 127.341633111046761, 36.229891044762546 ], [ 127.34169143321148, 36.230089716637288 ], [ 127.341731837831276, 36.230206297140867 ], [ 127.341733301405398, 36.230210537292777 ], [ 127.341838901386637, 36.230532961575754 ], [ 127.34185460676072, 36.230586798894784 ], [ 127.342142710124804, 36.230653306314224 ], [ 127.342395217321197, 36.230711552581155 ], [ 127.342779137034896, 36.231080124713074 ], [ 127.342884346486997, 36.231180911695986 ], [ 127.343418094194561, 36.231248382351183 ], [ 127.343711109883259, 36.231405162208929 ], [ 127.343721834160135, 36.231410538780636 ], [ 127.343752033742746, 36.231425700326653 ], [ 127.343757170471946, 36.231425099450895 ], [ 127.344156417010524, 36.231372877882542 ], [ 127.344273052567459, 36.231354105779268 ], [ 127.345013028533913, 36.231810155773601 ], [ 127.345071743363405, 36.231854641192768 ], [ 127.345246321080452, 36.232115268188572 ], [ 127.345575856544059, 36.232265495383814 ], [ 127.345627049886218, 36.232278937498315 ], [ 127.345984229806263, 36.232297691050455 ], [ 127.346340789626282, 36.23242821897756 ], [ 127.346342125344904, 36.232428602967374 ], [ 127.346366105059033, 36.232435410119571 ], [ 127.346610247769561, 36.232504692376516 ], [ 127.346712703884194, 36.232557115859784 ], [ 127.34671770979611, 36.232559679136017 ], [ 127.346722179884594, 36.232561964041039 ], [ 127.346764946403525, 36.232583847723276 ], [ 127.34677577199831, 36.232589385529508 ], [ 127.346785058668615, 36.232601660447827 ], [ 127.346797399834728, 36.232617971956628 ], [ 127.346917184559786, 36.232776289636746 ], [ 127.346931640178383, 36.232795397772477 ], [ 127.346952641019016, 36.2328231566376 ], [ 127.34719610082989, 36.233088006909611 ], [ 127.347321904169718, 36.233220757605622 ], [ 127.347468038316379, 36.233405547578535 ], [ 127.347502091077487, 36.233441595784143 ], [ 127.347485550417929, 36.233595836364273 ], [ 127.34746514120306, 36.233783153508242 ], [ 127.347442492894842, 36.233952308700523 ], [ 127.347421322679409, 36.2340781660494 ], [ 127.3485990443112, 36.234119238412021 ], [ 127.348762046921692, 36.234140943159147 ], [ 127.348781021218727, 36.234145222698757 ], [ 127.349207276989233, 36.234241448489534 ], [ 127.349458435338406, 36.234245179303663 ], [ 127.349483949362522, 36.234246808363139 ], [ 127.349623914869355, 36.234255755463082 ], [ 127.349798308590294, 36.234369851676036 ], [ 127.349903224687623, 36.234439306752002 ], [ 127.350104238695891, 36.2350698857203 ], [ 127.350377438537663, 36.235241882879514 ], [ 127.350403920405228, 36.235258324559879 ], [ 127.350484857871592, 36.23547867221771 ], [ 127.350543951030915, 36.235666920459167 ], [ 127.350586662913571, 36.235798602685229 ], [ 127.351144210172819, 36.236133550255268 ], [ 127.351193147101782, 36.23616136239044 ], [ 127.351222371079885, 36.236171640718048 ], [ 127.352398830294391, 36.236587571758129 ], [ 127.35249138916997, 36.236608758104914 ], [ 127.352955800440725, 36.236589217322361 ], [ 127.35300258000089, 36.23658725049242 ], [ 127.353244824671037, 36.236337820119815 ], [ 127.353312764527573, 36.236083107721299 ], [ 127.353288446041816, 36.236055584786726 ], [ 127.353198057293739, 36.235957386686934 ], [ 127.353140385733383, 36.235896779612908 ], [ 127.35368043387821, 36.235229394381292 ], [ 127.354126058597117, 36.234711630055621 ], [ 127.354227195329813, 36.234634487946401 ], [ 127.354276640710737, 36.234590012115575 ], [ 127.354485231989401, 36.234215755721401 ], [ 127.354498397294904, 36.234192277447264 ], [ 127.35467213706292, 36.233882432549834 ], [ 127.354542751832753, 36.23362156921926 ], [ 127.355090565491977, 36.233321307041244 ], [ 127.355093074121271, 36.233319929833748 ], [ 127.35618034502069, 36.232733832395631 ], [ 127.356182165159495, 36.232732853716826 ], [ 127.356238602416724, 36.232712347004373 ], [ 127.356258035363467, 36.232707540072276 ], [ 127.356320668296917, 36.232696882184442 ], [ 127.356435395558094, 36.232674507736348 ], [ 127.356501342056418, 36.232661011175828 ], [ 127.356930815873383, 36.232828879570626 ], [ 127.357102073511356, 36.232895077241153 ], [ 127.357106641880151, 36.23289673980598 ], [ 127.35770906987085, 36.233116639676759 ], [ 127.3578962791332, 36.233182634492628 ], [ 127.358309714708852, 36.233298331101729 ], [ 127.358399518797754, 36.233323468307333 ], [ 127.358805252012289, 36.233435382800359 ], [ 127.358841926588866, 36.233511063144611 ], [ 127.358914730465528, 36.233633110079992 ], [ 127.359045859295634, 36.23386590004646 ], [ 127.359058516249192, 36.233885093829848 ], [ 127.359066848200257, 36.233894783711406 ], [ 127.359346155175771, 36.234200253319067 ], [ 127.35936673802378, 36.234223027530781 ], [ 127.35952074375902, 36.23428818248572 ], [ 127.359664421393603, 36.234359595296901 ], [ 127.359840868775478, 36.234442777723096 ], [ 127.360228783223022, 36.234278176492964 ], [ 127.360297025933292, 36.234246250125942 ], [ 127.360408013527049, 36.23426447246846 ], [ 127.360558167596508, 36.234289930717267 ], [ 127.360562163691469, 36.234290594457832 ], [ 127.360795385534331, 36.234329475143049 ], [ 127.360798078921505, 36.23432990834992 ], [ 127.360889639683279, 36.234344611185811 ], [ 127.360899483935043, 36.234347014569053 ], [ 127.361057740897266, 36.234385515448459 ], [ 127.361206600593917, 36.234431866637053 ], [ 127.361308011038759, 36.234462265000012 ], [ 127.361361741351985, 36.23447631460639 ] ] ] ] } },
{ "type": "Feature", "properties": { "EMD_CD": "30170121", "EMD_ENG_NM": "Pyeongchon-dong", "EMD_KOR_NM": "평촌동" }, "geometry": { "type": "MultiPolygon", "coordinates": [ [ [ [ 127.32486306894782, 36.229977194140844 ], [ 127.324728344947204, 36.230025662818996 ], [ 127.3245169722436, 36.23011802008147 ], [ 127.324371397254183, 36.230187173751219 ], [ 127.324279386185509, 36.230227821957065 ], [ 127.32422234810906, 36.230249839034684 ], [ 127.324184317295462, 36.230265928593461 ], [ 127.324059615068478, 36.230287820982255 ], [ 127.32379781548785, 36.230341327335545 ], [ 127.323693690568518, 36.230360217072594 ], [ 127.323542543064406, 36.230388948472694 ], [ 127.323466530668938, 36.230400688128583 ], [ 127.323318523157639, 36.230427500003948 ], [ 127.323205749821028, 36.230447728767807 ], [ 127.323016540388494, 36.230487817345136 ], [ 127.322916859694644, 36.230494880161054 ], [ 127.322728155577153, 36.230514266693859 ], [ 127.322540763004397, 36.230530865487722 ], [ 127.322400489894392, 36.230542524586035 ], [ 127.322197573523326, 36.230562723849516 ], [ 127.322092742462672, 36.23057234047338 ], [ 127.322044312977511, 36.230578328097977 ], [ 127.321615967960227, 36.231053310562572 ], [ 127.321202340191348, 36.231254264355449 ], [ 127.320718117768493, 36.232067113290888 ], [ 127.32086501732563, 36.232477870262983 ], [ 127.320842739485599, 36.2326837790159 ], [ 127.320468786537091, 36.232793306926716 ], [ 127.320131909824113, 36.232925192446949 ], [ 127.320069470387054, 36.233047901771656 ], [ 127.320000327470893, 36.233094866945081 ], [ 127.319719250971872, 36.233310809135858 ], [ 127.319446811544196, 36.233377032294449 ], [ 127.318996416587183, 36.233443726461786 ], [ 127.318481032407533, 36.233151206294437 ], [ 127.318182812204384, 36.232807714843183 ], [ 127.317947514240927, 36.232813033061625 ], [ 127.317848926336794, 36.232815781202596 ], [ 127.317677241235188, 36.232820488772838 ], [ 127.317612963541521, 36.232824614696121 ], [ 127.317437365190713, 36.23306227055668 ], [ 127.317221741669087, 36.233354725743865 ], [ 127.317215800301653, 36.233362807119413 ], [ 127.317059012983705, 36.233576244134994 ], [ 127.317208803252825, 36.233213255973986 ], [ 127.317296772666765, 36.232990078862365 ], [ 127.317367372278113, 36.232804183868062 ], [ 127.317323997701962, 36.232654007860155 ], [ 127.317286911961176, 36.232521297358481 ], [ 127.317259939735848, 36.232430709388204 ], [ 127.317221581813527, 36.232399232152837 ], [ 127.317209484433235, 36.232389315387671 ], [ 127.317123884454546, 36.23231909510254 ], [ 127.316933845609071, 36.23216571867907 ], [ 127.31691980391868, 36.232153571151287 ], [ 127.316796829219612, 36.23204724893867 ], [ 127.316642187895638, 36.231913550751116 ], [ 127.316623781868557, 36.231897638778698 ], [ 127.31657627540298, 36.231856561902156 ], [ 127.316414267591, 36.231716484373145 ], [ 127.316374550282333, 36.231698330599251 ], [ 127.316364086843208, 36.231693545203818 ], [ 127.316131827134456, 36.231587384061939 ], [ 127.316019251832429, 36.231558075992183 ], [ 127.316001691655387, 36.231553507658596 ], [ 127.316000511699926, 36.231553204711346 ], [ 127.315992359896967, 36.231551107687849 ], [ 127.315984555070898, 36.231549101356862 ], [ 127.315833074059711, 36.231512450962171 ], [ 127.315810538471226, 36.231507003982472 ], [ 127.315786065523497, 36.23150108428365 ], [ 127.315767738356556, 36.23149664454899 ], [ 127.315763039497227, 36.231495512119807 ], [ 127.315704452370724, 36.231481337135861 ], [ 127.315466064176164, 36.231464308834042 ], [ 127.31532973773507, 36.231456213672651 ], [ 127.315071714564624, 36.231499660792657 ], [ 127.314866775685431, 36.231535605394825 ], [ 127.31462433344106, 36.231500408233174 ], [ 127.314435311542127, 36.231477544379132 ], [ 127.314051555891069, 36.231422124162123 ], [ 127.313884709331646, 36.231434482640367 ], [ 127.313683307515674, 36.231450931996761 ], [ 127.313538010143589, 36.231486484675052 ], [ 127.313233391119638, 36.231563834126945 ], [ 127.31302764230162, 36.23154177747378 ], [ 127.312692678324908, 36.231506889546871 ], [ 127.312459421050832, 36.231476296798569 ], [ 127.312256433926365, 36.231448987134719 ], [ 127.312026094912824, 36.231531809770914 ], [ 127.31182470383493, 36.231610374737997 ], [ 127.311705902486835, 36.231657247395702 ], [ 127.311709887572462, 36.231659016249317 ], [ 127.311311141392693, 36.231631657630231 ], [ 127.311070309137961, 36.231620502919803 ], [ 127.310739301246258, 36.231593124845737 ], [ 127.31042805149184, 36.231569280833249 ], [ 127.310008593666964, 36.231568019890041 ], [ 127.309744318594227, 36.231501724858184 ], [ 127.309386193205626, 36.231411924826553 ], [ 127.309316800185584, 36.231402181232554 ], [ 127.308683787555779, 36.231341742658522 ], [ 127.308116989220878, 36.231274859778054 ], [ 127.307687848430774, 36.231220382597456 ], [ 127.307368326220526, 36.231179510357812 ], [ 127.307317804099355, 36.231173435778963 ], [ 127.307056058146202, 36.231141963155864 ], [ 127.30669336178812, 36.231097008857475 ], [ 127.306395333905456, 36.231048563515081 ], [ 127.306170144278227, 36.231011918643162 ], [ 127.305984149543235, 36.230974719823323 ], [ 127.305958100040598, 36.230969509568645 ], [ 127.305754411596823, 36.230929458721803 ], [ 127.30562776122369, 36.230904121648777 ], [ 127.305384258246733, 36.23084518240325 ], [ 127.305176215332438, 36.230795202760198 ], [ 127.304847576859515, 36.230752143308472 ], [ 127.304616895081224, 36.230720802940297 ], [ 127.304422892244062, 36.230694152002215 ], [ 127.304393480401444, 36.23068616990907 ], [ 127.304166597457026, 36.230624046032943 ], [ 127.304000031441646, 36.230578441244312 ], [ 127.303946316602392, 36.230551450281617 ], [ 127.303780610166669, 36.230468614318134 ], [ 127.30376122689276, 36.23043849209887 ], [ 127.303646045529504, 36.230260113613795 ], [ 127.303610547679469, 36.230132176098266 ], [ 127.303547702402042, 36.229905818697745 ], [ 127.303502103524735, 36.229741985371945 ], [ 127.303419284255128, 36.229894937255374 ], [ 127.303355991229367, 36.229978303568387 ], [ 127.303310684976267, 36.230032958159519 ], [ 127.303224171124427, 36.230140742342378 ], [ 127.30315089396278, 36.230245681464041 ], [ 127.303137134235669, 36.230265632540245 ], [ 127.303058872349411, 36.230379091119815 ], [ 127.303044192185752, 36.230399972863196 ], [ 127.302953437646806, 36.230533388141204 ], [ 127.302760089401616, 36.230816686399521 ], [ 127.302608576770751, 36.230679942460696 ], [ 127.302491318866146, 36.230576294463219 ], [ 127.302361849039698, 36.230786759133785 ], [ 127.30207002619359, 36.231242520583422 ], [ 127.301528790749174, 36.231066254814898 ], [ 127.301500666894938, 36.231059449786997 ], [ 127.301429705083024, 36.231028716283859 ], [ 127.30137064947165, 36.230984688533297 ], [ 127.301121471687864, 36.230733069519324 ], [ 127.301004097382545, 36.23063347595474 ], [ 127.300695594920612, 36.23039164756608 ], [ 127.300402006063294, 36.230347376145552 ], [ 127.300052025008924, 36.230087219960922 ], [ 127.299489001729953, 36.23051248945962 ], [ 127.298549789645065, 36.230943015962097 ], [ 127.298667090034783, 36.231367571584848 ], [ 127.298735819685888, 36.231596276462405 ], [ 127.298513661203444, 36.232160756161221 ], [ 127.29833029067963, 36.232304959193883 ], [ 127.298245264825837, 36.232361755906489 ], [ 127.298133027566848, 36.232797191277847 ], [ 127.29820916817367, 36.233103307180365 ], [ 127.298222805663826, 36.233176846449048 ], [ 127.298057755640173, 36.233637348855311 ], [ 127.298042799360573, 36.233653237612018 ], [ 127.29784403687519, 36.234103261333331 ], [ 127.297830944929885, 36.23413012240816 ], [ 127.297781647231702, 36.234231177215477 ], [ 127.29784244740307, 36.234457477182026 ], [ 127.29785002946042, 36.234485674376749 ], [ 127.297721090977944, 36.234726819055481 ], [ 127.297782936436221, 36.23517703454047 ], [ 127.297956860573521, 36.235377866086644 ], [ 127.298226358312007, 36.236280747804933 ], [ 127.298256029868071, 36.236417284889015 ], [ 127.298283787699461, 36.236650479386398 ], [ 127.298302957853181, 36.236780815781849 ], [ 127.298012138063982, 36.236857470925777 ], [ 127.297620318643723, 36.23688001625257 ], [ 127.2972260972508, 36.236766999923056 ], [ 127.296530982479382, 36.236805736524097 ], [ 127.29639614152839, 36.23681325161634 ], [ 127.295554317122011, 36.237225373285646 ], [ 127.29544970650052, 36.237276574384147 ], [ 127.295087932621698, 36.237662531323998 ], [ 127.295096123041347, 36.237859564909037 ], [ 127.295627789053796, 36.238578696479308 ], [ 127.295674684041089, 36.238657236380774 ], [ 127.29600899223766, 36.239377193163293 ], [ 127.296228455003757, 36.239471367126342 ], [ 127.296340233384598, 36.239883033598169 ], [ 127.296349958854506, 36.2400939959076 ], [ 127.29635449059947, 36.240237147318048 ], [ 127.296141332285472, 36.240436240673091 ], [ 127.295998829661713, 36.240799147659573 ], [ 127.296381928973133, 36.24105580912979 ], [ 127.296934248518781, 36.241016731185454 ], [ 127.297271859387237, 36.241175172892554 ], [ 127.297641063915052, 36.241560121526177 ], [ 127.297742064881717, 36.241656992006419 ], [ 127.297948911431703, 36.241878496067521 ], [ 127.298434273196861, 36.242135807176595 ], [ 127.298782715326254, 36.242320523330044 ], [ 127.298849260164303, 36.242351665591023 ], [ 127.299558761629243, 36.242587903632511 ], [ 127.299786961771474, 36.242442595349374 ], [ 127.300383421223231, 36.242341723262193 ], [ 127.30149035918356, 36.242287900656386 ], [ 127.301645457469263, 36.242196176449518 ], [ 127.301786391974005, 36.242112823635502 ], [ 127.302140584378975, 36.242080239011727 ], [ 127.302504915058805, 36.242280530661063 ], [ 127.303490838224832, 36.242158359901843 ], [ 127.304118275646331, 36.242199364016692 ], [ 127.304184008725684, 36.242382949582876 ], [ 127.304578163308818, 36.242572462787855 ], [ 127.304583088390871, 36.2425861032307 ], [ 127.304818445648678, 36.243238732867184 ], [ 127.304964652256459, 36.24338287578535 ], [ 127.305035100914068, 36.24359123236885 ], [ 127.304729653420395, 36.24422311719664 ], [ 127.304696527141047, 36.24429054642389 ], [ 127.304669157982872, 36.244342082675068 ], [ 127.304469641204463, 36.24471770686646 ], [ 127.304264163114496, 36.244892381682241 ], [ 127.304340246719931, 36.244963607782644 ], [ 127.304360104415224, 36.244977832695014 ], [ 127.304778691525641, 36.245365805680166 ], [ 127.304824911843738, 36.24535860525183 ], [ 127.30588105364302, 36.245174405419036 ], [ 127.305912524886423, 36.245196981180989 ], [ 127.306115583440956, 36.245342690502476 ], [ 127.306595190073381, 36.245148605415238 ], [ 127.306753207907136, 36.245121302323348 ], [ 127.307666384480186, 36.244978005185033 ], [ 127.308174205711865, 36.245110278076801 ], [ 127.308668147898914, 36.245348888573929 ], [ 127.308937894027963, 36.245008286551688 ], [ 127.308988917232028, 36.244966195956842 ], [ 127.309047759721182, 36.244969244086931 ], [ 127.310157202518539, 36.24502664892298 ], [ 127.310595158879963, 36.24485346383473 ], [ 127.311046224439309, 36.244642086713775 ], [ 127.311431727574004, 36.244881867311825 ], [ 127.31177324623448, 36.24509427529793 ], [ 127.312227373350424, 36.245353187512386 ], [ 127.312301137027589, 36.245387610838698 ], [ 127.312639084185051, 36.245624086579092 ], [ 127.312830694867756, 36.245758171612771 ], [ 127.313033055766141, 36.245926455525343 ], [ 127.313190958720796, 36.246105478715705 ], [ 127.313519317881386, 36.246142409504834 ], [ 127.313742375671609, 36.246162518980697 ], [ 127.314204743980753, 36.245901183848687 ], [ 127.314383456596985, 36.245930014622303 ], [ 127.314304482425129, 36.245889631497157 ], [ 127.314271074695242, 36.245881742959028 ], [ 127.314429231999327, 36.24553803197805 ], [ 127.314550736949101, 36.24527675711667 ], [ 127.314684569318189, 36.245004834228304 ], [ 127.314844760075133, 36.244658656471898 ], [ 127.314960514028002, 36.244668509706983 ], [ 127.315047088003993, 36.244687261642021 ], [ 127.315129740603652, 36.244713215298169 ], [ 127.315213342454925, 36.244700776070466 ], [ 127.315367458024454, 36.24474186241877 ], [ 127.315629836275946, 36.244805599634894 ], [ 127.31589959734022, 36.244918305490529 ], [ 127.31601093951798, 36.244951428883759 ], [ 127.316103895710285, 36.244991467425095 ], [ 127.316197624879067, 36.2450327205772 ], [ 127.316160112811787, 36.244980442009123 ], [ 127.316162767691949, 36.24494631614845 ], [ 127.316179151898055, 36.244948193307721 ], [ 127.316215258352599, 36.244988173455205 ], [ 127.316307527971418, 36.24503435123119 ], [ 127.316383914470805, 36.245073387530837 ], [ 127.316523843644561, 36.245108093613382 ], [ 127.316629412053942, 36.245196582498806 ], [ 127.316673542152287, 36.245262180720751 ], [ 127.316740532333441, 36.245318625629437 ], [ 127.316761497328258, 36.245322544579778 ], [ 127.316813990623075, 36.245334662202644 ], [ 127.316871264270091, 36.245323562353875 ], [ 127.317071042516659, 36.24540099712025 ], [ 127.317164057273374, 36.245416548834065 ], [ 127.317261023862358, 36.245446509719855 ], [ 127.317342252725979, 36.245455181452343 ], [ 127.317429911981421, 36.245483517708763 ], [ 127.317484060225624, 36.245491953850951 ], [ 127.31755228104474, 36.245467162446246 ], [ 127.317694509792474, 36.245461919416258 ], [ 127.317838772598563, 36.245420714714271 ], [ 127.317898995748806, 36.24543762374239 ], [ 127.317990417526048, 36.245427676541134 ], [ 127.318174839730275, 36.245366096683803 ], [ 127.318343063579675, 36.245334911842654 ], [ 127.318426027430959, 36.245335539162909 ], [ 127.318494733092351, 36.245328887144076 ], [ 127.318663908020341, 36.245332250695697 ], [ 127.318688286146127, 36.245316307069899 ], [ 127.318726542503697, 36.245265757010102 ], [ 127.31881093570226, 36.245154786094488 ], [ 127.31883089508915, 36.245116406033453 ], [ 127.318838626327278, 36.245069325377756 ], [ 127.318892408235229, 36.244995465948719 ], [ 127.318903021761571, 36.244979135242417 ], [ 127.318977977537415, 36.244925099807411 ], [ 127.319014355280189, 36.24490259941318 ], [ 127.319096245243031, 36.244874228982177 ], [ 127.319214454794604, 36.244803757353957 ], [ 127.319247594391257, 36.244822171503323 ], [ 127.319324738613815, 36.244792289901788 ], [ 127.319363769409989, 36.244768404151266 ], [ 127.319399306137527, 36.244736056532183 ], [ 127.319438432175559, 36.244719073168298 ], [ 127.319472194508947, 36.244685395745961 ], [ 127.319518584117588, 36.244679315931315 ], [ 127.319584397991392, 36.244681141570659 ], [ 127.319609105262572, 36.244664196633302 ], [ 127.319676033410929, 36.244652961358682 ], [ 127.319749650791891, 36.244658920650657 ], [ 127.319775218837648, 36.244653787290751 ], [ 127.31987246481323, 36.244697714201678 ], [ 127.319972106204688, 36.244742526383163 ], [ 127.320000906830174, 36.244755481167793 ], [ 127.320037551115277, 36.244785076929141 ], [ 127.320058658303566, 36.244802125691038 ], [ 127.320072722354624, 36.24481348851382 ], [ 127.320096319075532, 36.244832557810767 ], [ 127.320095372564822, 36.244835173575346 ], [ 127.320043122035628, 36.24497895287017 ], [ 127.320037521427579, 36.245002587523416 ], [ 127.320013753488411, 36.245102836281966 ], [ 127.319996590017354, 36.24517223680278 ], [ 127.319987470175775, 36.24523869694621 ], [ 127.320022284745875, 36.245278004134434 ], [ 127.320049543206864, 36.245283635982666 ], [ 127.320090740021683, 36.245291970165965 ], [ 127.320101306454291, 36.24529400565639 ], [ 127.320096609885624, 36.245315583443315 ], [ 127.321077174812601, 36.245517068483245 ], [ 127.321283292460024, 36.245824994201804 ], [ 127.321940158031609, 36.245911408947933 ], [ 127.322140760976211, 36.245827033541303 ], [ 127.322445576582439, 36.245805470594057 ], [ 127.323076645026404, 36.246267112400758 ], [ 127.323196857704218, 36.246278450071387 ], [ 127.323335235123523, 36.246291505976195 ], [ 127.323479309954408, 36.245903562652678 ], [ 127.324195953512756, 36.246095288238948 ], [ 127.324698124976408, 36.246052009499387 ], [ 127.324790266673432, 36.246044064115033 ], [ 127.325955353092226, 36.246061574168195 ], [ 127.325831335190841, 36.245880528643518 ], [ 127.325768722556532, 36.245781099434971 ], [ 127.325752987383908, 36.245756097984426 ], [ 127.325655795647677, 36.245575573996121 ], [ 127.325567863477133, 36.245460533192464 ], [ 127.324839488283814, 36.244988768053588 ], [ 127.324638010658816, 36.244859406339422 ], [ 127.324544876582593, 36.244771981478294 ], [ 127.324328932522718, 36.244430482955224 ], [ 127.324177980293939, 36.244361832610963 ], [ 127.324036615258507, 36.244294750566745 ], [ 127.324098967918076, 36.244225984430315 ], [ 127.324099877206947, 36.244225495335101 ], [ 127.324130648374734, 36.244208848750048 ], [ 127.324173049050671, 36.244174417383235 ], [ 127.324176313089723, 36.244161737410323 ], [ 127.32417683852043, 36.24415971781518 ], [ 127.324210860345488, 36.244154533826503 ], [ 127.324267882614279, 36.244144989741393 ], [ 127.324360637465787, 36.244121804886106 ], [ 127.324403730241201, 36.244112054395671 ], [ 127.324550401875726, 36.244062597768057 ], [ 127.324641366133136, 36.244031351090158 ], [ 127.324713349575816, 36.243997227403923 ], [ 127.324800186679283, 36.243955159511813 ], [ 127.324946395163877, 36.243885237425957 ], [ 127.324961606804308, 36.243877978048197 ], [ 127.32499216839949, 36.243859358339286 ], [ 127.32502035160077, 36.243841221951861 ], [ 127.32503147621459, 36.243833063101256 ], [ 127.325071474407594, 36.243793231190757 ], [ 127.325139148811218, 36.243733992720813 ], [ 127.325163093884143, 36.243713327515565 ], [ 127.325168493104641, 36.243708761907769 ], [ 127.325185023116461, 36.243694757242466 ], [ 127.325191009151737, 36.243689568625584 ], [ 127.325191626525495, 36.243688224422328 ], [ 127.325203014878412, 36.243703360197784 ], [ 127.325206883134584, 36.243700069829316 ], [ 127.325224189301593, 36.243685378419237 ], [ 127.325220397978626, 36.243680675757673 ], [ 127.325165549636068, 36.243596617348345 ], [ 127.325137468277234, 36.243561042264716 ], [ 127.325122815826973, 36.243450199411868 ], [ 127.325119227032175, 36.243408358585512 ], [ 127.325115688183786, 36.243345771358399 ], [ 127.325114621047788, 36.243329832180322 ], [ 127.325112676814555, 36.243314427230196 ], [ 127.325103018774527, 36.24327618906625 ], [ 127.325097987206107, 36.243259296514438 ], [ 127.325064191528668, 36.24317889421993 ], [ 127.325057997191792, 36.243163373914349 ], [ 127.325029527805981, 36.243111866936104 ], [ 127.324998887511867, 36.243078984580492 ], [ 127.324992168600374, 36.243065620005765 ], [ 127.32498544305713, 36.243050750733467 ], [ 127.324883880679124, 36.242955653206245 ], [ 127.324833125529338, 36.242925509778345 ], [ 127.324806629800577, 36.242910036116911 ], [ 127.324759324052621, 36.242882723209476 ], [ 127.324689190682079, 36.242833626654907 ], [ 127.324638993421232, 36.24281181789965 ], [ 127.324623011506816, 36.242804877583481 ], [ 127.324545810527596, 36.242771327649706 ], [ 127.324478988842401, 36.242724015528815 ], [ 127.324435808834338, 36.242674575535652 ], [ 127.324386474901942, 36.242608083510767 ], [ 127.324377412964765, 36.242590462819805 ], [ 127.324373419945175, 36.242577037332573 ], [ 127.324367553507841, 36.242557344198708 ], [ 127.324360101738975, 36.242522578402102 ], [ 127.324355056930344, 36.242478100159836 ], [ 127.324354075739834, 36.242469524061896 ], [ 127.324337721223927, 36.242398887721052 ], [ 127.324333286658003, 36.24237843399321 ], [ 127.324331004948931, 36.242367165743168 ], [ 127.324328892700052, 36.242351328686624 ], [ 127.324325795091283, 36.242331232148651 ], [ 127.324250779579245, 36.242306975735076 ], [ 127.324178960815516, 36.242283558847113 ], [ 127.324126948637485, 36.242263809933497 ], [ 127.324094900633298, 36.242250873861444 ], [ 127.324040520701345, 36.242228914404592 ], [ 127.324025877781295, 36.242222979419502 ], [ 127.323958595545065, 36.242212345899333 ], [ 127.323908590545059, 36.24220470408423 ], [ 127.323847142370852, 36.242187187708282 ], [ 127.323807280341427, 36.242184150701647 ], [ 127.323729971914133, 36.242178329966691 ], [ 127.323705722854669, 36.242176493544299 ], [ 127.323704740885674, 36.242175667166713 ], [ 127.323683373317436, 36.242157574658108 ], [ 127.323642669871603, 36.242123114610372 ], [ 127.323642388847006, 36.242081597796656 ], [ 127.323654416897071, 36.242068597285545 ], [ 127.323663553112837, 36.242066590489024 ], [ 127.323676743219977, 36.242062859640782 ], [ 127.323704212543248, 36.242055107455791 ], [ 127.323718703984881, 36.242051238796137 ], [ 127.323723961311572, 36.242047394281734 ], [ 127.323751367183277, 36.242029810584377 ], [ 127.323768454428176, 36.242002638893005 ], [ 127.323768720267779, 36.242002214657575 ], [ 127.323781202944687, 36.241980597789819 ], [ 127.323803828603232, 36.241934044673272 ], [ 127.323841497531134, 36.241904338621097 ], [ 127.323857852248338, 36.241891010938829 ], [ 127.323875435509095, 36.241865442022963 ], [ 127.323924200844658, 36.241839455984007 ], [ 127.32397024331199, 36.24181422499101 ], [ 127.324090576185554, 36.241769895708771 ], [ 127.324112915951119, 36.241753721653978 ], [ 127.324217871211133, 36.241678838440002 ], [ 127.324245924916028, 36.241642859450174 ], [ 127.324302434754301, 36.24163370405293 ], [ 127.324359365899511, 36.241624268870424 ], [ 127.324377343213399, 36.241621264468272 ], [ 127.324422467625325, 36.241578587840607 ], [ 127.324449828534682, 36.241552668178997 ], [ 127.324458258313953, 36.241535694538037 ], [ 127.324466189645989, 36.241522109988871 ], [ 127.324498264424776, 36.24146578889242 ], [ 127.324510116054483, 36.241445039205992 ], [ 127.324511911459894, 36.241443447920155 ], [ 127.324522807665545, 36.241433794004628 ], [ 127.324542563109944, 36.241417086836215 ], [ 127.32459221750868, 36.241366747351172 ], [ 127.324600691531657, 36.241339003842313 ], [ 127.324603251665536, 36.241328453174788 ], [ 127.324625824902995, 36.241291037935611 ], [ 127.324706606283385, 36.241232459156208 ], [ 127.32473374937166, 36.241213226808078 ], [ 127.324764476924884, 36.241205483698721 ], [ 127.324798539403048, 36.24119945214116 ], [ 127.324838866230721, 36.241199496355733 ], [ 127.324856712836763, 36.241200124035437 ], [ 127.324879999414449, 36.241214119819368 ], [ 127.324899329887998, 36.241226477052436 ], [ 127.324942795467919, 36.24122689099206 ], [ 127.324977506097341, 36.241227103577451 ], [ 127.324980420851873, 36.241227105172428 ], [ 127.325016991481675, 36.241236098887775 ], [ 127.325153879412824, 36.241262359109491 ], [ 127.325197780214879, 36.241271179655243 ], [ 127.325251124195006, 36.241274063859983 ], [ 127.325327781533829, 36.241281038441223 ], [ 127.32549979478479, 36.241300353941469 ], [ 127.325542128856512, 36.241309575951249 ], [ 127.325670766176358, 36.241336677217902 ], [ 127.325724634101519, 36.241323788452981 ], [ 127.325775451426637, 36.241334294027162 ], [ 127.325832243440871, 36.2413261823163 ], [ 127.325887800834096, 36.241318236454994 ], [ 127.325955715206277, 36.241314709163973 ], [ 127.32600680297098, 36.241312777245149 ], [ 127.326011118165823, 36.241312612278847 ], [ 127.32606383906159, 36.241304493586064 ], [ 127.326117466429707, 36.241281673711995 ], [ 127.326170314608675, 36.241258902257385 ], [ 127.326192722630424, 36.241251280020819 ], [ 127.326197771667495, 36.241250924092547 ], [ 127.32622607572219, 36.241248901001995 ], [ 127.326272598488671, 36.241229885112233 ], [ 127.326274195817845, 36.241228763217634 ], [ 127.32631282126323, 36.241201748911308 ], [ 127.326292582747911, 36.241174282392109 ], [ 127.326283658786949, 36.241098696847772 ], [ 127.326278419601906, 36.241082525275722 ], [ 127.326271736881012, 36.24106189792969 ], [ 127.326250673984575, 36.240996420822107 ], [ 127.326231367354836, 36.240935912924847 ], [ 127.326206826751658, 36.240874374998597 ], [ 127.326191813799824, 36.240843297291349 ], [ 127.326169854715985, 36.240811400714158 ], [ 127.32615418316621, 36.240790688967763 ], [ 127.326120998504734, 36.240753118701818 ], [ 127.326116685246078, 36.24074844415113 ], [ 127.326095637699197, 36.240705586941445 ], [ 127.326080692207839, 36.240674734706033 ], [ 127.326045805003076, 36.240639592503413 ], [ 127.3260101703288, 36.240625694235703 ], [ 127.326005301095833, 36.240623796543133 ], [ 127.325988086355864, 36.240598447639343 ], [ 127.325990230518428, 36.240565278227251 ], [ 127.326021631963584, 36.240553622150571 ], [ 127.326111877871469, 36.240516536637699 ], [ 127.326118160213937, 36.240505110576322 ], [ 127.326162201755338, 36.240486146986257 ], [ 127.326236546428632, 36.240453430433824 ], [ 127.326304586307501, 36.240410764106691 ], [ 127.326353576383397, 36.24038853415982 ], [ 127.32638287967518, 36.240364483102496 ], [ 127.326400745403149, 36.240337488869038 ], [ 127.326411500075892, 36.24032076010365 ], [ 127.32640646829249, 36.240279463521631 ], [ 127.326403773097681, 36.240257374290017 ], [ 127.326410486798679, 36.24022366070681 ], [ 127.326425863941225, 36.240146278763284 ], [ 127.326430451632689, 36.240123195858942 ], [ 127.3264161625182, 36.240006584607009 ], [ 127.326358419313024, 36.239515486695119 ], [ 127.326002716982885, 36.239304069390037 ], [ 127.325717502937323, 36.239138942839475 ], [ 127.325238079061108, 36.238679581734381 ], [ 127.325546624900639, 36.238177920581045 ], [ 127.325619775627615, 36.238053321968508 ], [ 127.325868000275861, 36.237925672590428 ], [ 127.326124098382067, 36.237795243030163 ], [ 127.326251924661477, 36.237729974074497 ], [ 127.326343389397152, 36.237496174398615 ], [ 127.326516311084617, 36.23704621074404 ], [ 127.326518052924143, 36.237039627459332 ], [ 127.326522290941142, 36.237023547277701 ], [ 127.326547667425103, 36.236927241009347 ], [ 127.326623981449487, 36.236524770244365 ], [ 127.327051019956997, 36.236271132599548 ], [ 127.327083505244886, 36.236253155233719 ], [ 127.327305044364564, 36.236130558596294 ], [ 127.327396920912278, 36.236085744551282 ], [ 127.327388810817169, 36.236061471103184 ], [ 127.327384908311544, 36.236051306744464 ], [ 127.327351531815992, 36.23596437026336 ], [ 127.327224659625884, 36.23563396171329 ], [ 127.32686817831447, 36.234844265347505 ], [ 127.326545109986483, 36.234377355034148 ], [ 127.326168987221692, 36.233857066365104 ], [ 127.325820495163413, 36.233596468449079 ], [ 127.325269343589355, 36.233411856955016 ], [ 127.324757438454938, 36.233240402237428 ], [ 127.32442858268179, 36.233200962770766 ], [ 127.323988270254716, 36.233148142186529 ], [ 127.324494469672004, 36.232411542454791 ], [ 127.324598603088333, 36.232261528531872 ], [ 127.324618896275453, 36.232232798119028 ], [ 127.324734950440941, 36.232049732765169 ], [ 127.324786363974198, 36.231955230483294 ], [ 127.325030105033932, 36.231348567056259 ], [ 127.325203693829124, 36.230872801583914 ], [ 127.325272007616519, 36.230677293328114 ], [ 127.325291873285224, 36.230609668301007 ], [ 127.325356500587404, 36.230394046339633 ], [ 127.32486306894782, 36.229977194140844 ] ] ] ] } },
{ "type": "Feature", "properties": { "EMD_CD": "30170122", "EMD_ENG_NM": "O-dong", "EMD_KOR_NM": "오동" }, "geometry": { "type": "MultiPolygon", "coordinates": [ [ [ [ 127.328098268463265, 36.204080706449574 ], [ 127.328050009503997, 36.204080538269537 ], [ 127.327929978277098, 36.204049673524239 ], [ 127.327681182052956, 36.203985697837069 ], [ 127.327040015340927, 36.20382082620015 ], [ 127.326072860991374, 36.203667652102901 ], [ 127.326038249897806, 36.203662170405018 ], [ 127.325871604069036, 36.203697542925681 ], [ 127.325785140640917, 36.203627934910244 ], [ 127.325413416329638, 36.20351995116831 ], [ 127.324904355386707, 36.203351795843155 ], [ 127.324629924165563, 36.203370001535603 ], [ 127.324490012490386, 36.2033574208861 ], [ 127.323945555804215, 36.20315837321138 ], [ 127.323883552479046, 36.203217915580041 ], [ 127.323645290642347, 36.203446715816241 ], [ 127.323301375863082, 36.20359577978212 ], [ 127.323035055074726, 36.203729141550276 ], [ 127.322808504506455, 36.204199497070299 ], [ 127.322984512417648, 36.204759517809698 ], [ 127.322993866976589, 36.204789280403851 ], [ 127.323091441897105, 36.20498502745712 ], [ 127.323179080048092, 36.20534216879809 ], [ 127.323089376418281, 36.205795817097268 ], [ 127.322827244168209, 36.20644454185107 ], [ 127.322727507410463, 36.206517559611655 ], [ 127.322408720049793, 36.206750943081531 ], [ 127.322060497685385, 36.207170084087011 ], [ 127.321913154123749, 36.208022952019242 ], [ 127.321436037101975, 36.208534240390826 ], [ 127.320866496655199, 36.208925805976783 ], [ 127.320969393429408, 36.209406423489483 ], [ 127.321052998655347, 36.209796932002796 ], [ 127.321028250862341, 36.209925625065296 ], [ 127.320926749138025, 36.21045345337609 ], [ 127.321132207683931, 36.210688052969161 ], [ 127.321069534117001, 36.211128677416333 ], [ 127.320823869828828, 36.211395653106194 ], [ 127.32060815519884, 36.211630078721292 ], [ 127.320631033571999, 36.212000623527025 ], [ 127.32072893165693, 36.212231301702374 ], [ 127.321550088425923, 36.212948088617168 ], [ 127.321541231226462, 36.213165962158683 ], [ 127.321530508918016, 36.213429710302599 ], [ 127.320961665304736, 36.214171054069311 ], [ 127.320463107894994, 36.214386281105412 ], [ 127.320149689246506, 36.214521582594209 ], [ 127.320014564290517, 36.214621920962699 ], [ 127.319790392522947, 36.215092830609088 ], [ 127.319597099109899, 36.215417764665567 ], [ 127.318943123882363, 36.21555383507043 ], [ 127.318760758732978, 36.215591778197279 ], [ 127.31857224238567, 36.215597063658045 ], [ 127.318075210303277, 36.215929567105185 ], [ 127.317761952604698, 36.216703616403642 ], [ 127.317742623341289, 36.216751377215772 ], [ 127.317631580584646, 36.217009356803118 ], [ 127.316980223177296, 36.217815109206278 ], [ 127.316849447438202, 36.217949163345899 ], [ 127.316798157726993, 36.218001738569257 ], [ 127.316834952309847, 36.218335640760912 ], [ 127.316844875575825, 36.218341815486333 ], [ 127.316587773416643, 36.21883955322857 ], [ 127.316465199617298, 36.219127697839752 ], [ 127.316426011573739, 36.219338215869151 ], [ 127.316394443296488, 36.21950778987997 ], [ 127.31602412842436, 36.219944993953774 ], [ 127.315937664067036, 36.220224869871323 ], [ 127.315886264049311, 36.220348224580526 ], [ 127.315861069199059, 36.220408688767399 ], [ 127.315640781870826, 36.220815370380677 ], [ 127.315261220953772, 36.221288085141651 ], [ 127.315153377074338, 36.221392563298629 ], [ 127.314983686737634, 36.221461724009153 ], [ 127.314731217701123, 36.221556451410684 ], [ 127.314624555162084, 36.221660601861331 ], [ 127.314335323275714, 36.221943024909081 ], [ 127.314305074917911, 36.222114329529973 ], [ 127.31446090043778, 36.222405962368988 ], [ 127.313744003286729, 36.222353196250147 ], [ 127.313370396520369, 36.222402897330745 ], [ 127.313212233359891, 36.222659022407484 ], [ 127.312918122215905, 36.222841445739327 ], [ 127.312809166683266, 36.222909024836873 ], [ 127.312368999865313, 36.222871022026155 ], [ 127.311459308550553, 36.223063758493666 ], [ 127.311345651076223, 36.223283717403142 ], [ 127.311288106712283, 36.223327940904859 ], [ 127.310424586782617, 36.223991559057886 ], [ 127.309621241408138, 36.224555282456912 ], [ 127.309600841970706, 36.224569597063073 ], [ 127.309183319615798, 36.224723883093546 ], [ 127.308743177166519, 36.224739658133437 ], [ 127.308225793795074, 36.225004574468123 ], [ 127.308105338877979, 36.225087685167438 ], [ 127.308044867028229, 36.225141466032611 ], [ 127.307775066638172, 36.225381416941488 ], [ 127.307473879393569, 36.225470053846379 ], [ 127.307084256715186, 36.226276487861689 ], [ 127.306704093416926, 36.225986823851628 ], [ 127.30660521973499, 36.226041245582913 ], [ 127.306389504890632, 36.22615997838988 ], [ 127.306048170774019, 36.226784922181324 ], [ 127.305711561496167, 36.227149074291141 ], [ 127.305723750958663, 36.227335472153207 ], [ 127.305430368608995, 36.227740683210989 ], [ 127.304977110698346, 36.228366698011399 ], [ 127.304835066949892, 36.228711475171416 ], [ 127.30444329916817, 36.228843523901801 ], [ 127.303902288976218, 36.229025872350853 ], [ 127.303719751675615, 36.229240655007231 ], [ 127.304254310994892, 36.229634420963507 ], [ 127.303959705081368, 36.229675430786756 ], [ 127.303611115069742, 36.229728469294884 ], [ 127.303566286857176, 36.229735290232433 ], [ 127.303547823909383, 36.229735714979313 ], [ 127.303502103524735, 36.229741985371945 ], [ 127.303547702402042, 36.229905818697745 ], [ 127.303610547679469, 36.230132176098266 ], [ 127.303646045529504, 36.230260113613795 ], [ 127.30376122689276, 36.23043849209887 ], [ 127.303780610166669, 36.230468614318134 ], [ 127.303946316602392, 36.230551450281617 ], [ 127.304000031441646, 36.230578441244312 ], [ 127.304166597457026, 36.230624046032943 ], [ 127.304393480401444, 36.23068616990907 ], [ 127.304422892244062, 36.230694152002215 ], [ 127.304616895081224, 36.230720802940297 ], [ 127.304847576859515, 36.230752143308472 ], [ 127.305176215332438, 36.230795202760198 ], [ 127.305384258246733, 36.23084518240325 ], [ 127.30562776122369, 36.230904121648777 ], [ 127.305754411596823, 36.230929458721803 ], [ 127.305958100040598, 36.230969509568645 ], [ 127.305984149543235, 36.230974719823323 ], [ 127.306170144278227, 36.231011918643162 ], [ 127.306395333905456, 36.231048563515081 ], [ 127.30669336178812, 36.231097008857475 ], [ 127.307056058146202, 36.231141963155864 ], [ 127.307317804099355, 36.231173435778963 ], [ 127.307368326220526, 36.231179510357812 ], [ 127.307687848430774, 36.231220382597456 ], [ 127.308116989220878, 36.231274859778054 ], [ 127.308683787555779, 36.231341742658522 ], [ 127.309316800185584, 36.231402181232554 ], [ 127.309386193205626, 36.231411924826553 ], [ 127.309744318594227, 36.231501724858184 ], [ 127.310008593666964, 36.231568019890041 ], [ 127.31042805149184, 36.231569280833249 ], [ 127.310739301246258, 36.231593124845737 ], [ 127.311070309137961, 36.231620502919803 ], [ 127.311311141392693, 36.231631657630231 ], [ 127.311709887572462, 36.231659016249317 ], [ 127.311705902486835, 36.231657247395702 ], [ 127.31182470383493, 36.231610374737997 ], [ 127.312026094912824, 36.231531809770914 ], [ 127.312256433926365, 36.231448987134719 ], [ 127.312459421050832, 36.231476296798569 ], [ 127.312692678324908, 36.231506889546871 ], [ 127.31302764230162, 36.23154177747378 ], [ 127.313233391119638, 36.231563834126945 ], [ 127.313538010143589, 36.231486484675052 ], [ 127.313683307515674, 36.231450931996761 ], [ 127.313884709331646, 36.231434482640367 ], [ 127.314051555891069, 36.231422124162123 ], [ 127.314435311542127, 36.231477544379132 ], [ 127.31462433344106, 36.231500408233174 ], [ 127.314866775685431, 36.231535605394825 ], [ 127.315071714564624, 36.231499660792657 ], [ 127.31532973773507, 36.231456213672651 ], [ 127.315466064176164, 36.231464308834042 ], [ 127.315704452370724, 36.231481337135861 ], [ 127.315763039497227, 36.231495512119807 ], [ 127.315767738356556, 36.23149664454899 ], [ 127.315786065523497, 36.23150108428365 ], [ 127.315810538471226, 36.231507003982472 ], [ 127.315833074059711, 36.231512450962171 ], [ 127.315984555070898, 36.231549101356862 ], [ 127.315992359896967, 36.231551107687849 ], [ 127.316000511699926, 36.231553204711346 ], [ 127.316001691655387, 36.231553507658596 ], [ 127.316019251832429, 36.231558075992183 ], [ 127.316131827134456, 36.231587384061939 ], [ 127.316364086843208, 36.231693545203818 ], [ 127.316374550282333, 36.231698330599251 ], [ 127.316414267591, 36.231716484373145 ], [ 127.31657627540298, 36.231856561902156 ], [ 127.316623781868557, 36.231897638778698 ], [ 127.316642187895638, 36.231913550751116 ], [ 127.316796829219612, 36.23204724893867 ], [ 127.31691980391868, 36.232153571151287 ], [ 127.316933845609071, 36.23216571867907 ], [ 127.317123884454546, 36.23231909510254 ], [ 127.317209484433235, 36.232389315387671 ], [ 127.317221581813527, 36.232399232152837 ], [ 127.317259939735848, 36.232430709388204 ], [ 127.317286911961176, 36.232521297358481 ], [ 127.317323997701962, 36.232654007860155 ], [ 127.317367372278113, 36.232804183868062 ], [ 127.317296772666765, 36.232990078862365 ], [ 127.317208803252825, 36.233213255973986 ], [ 127.317059012983705, 36.233576244134994 ], [ 127.317215800301653, 36.233362807119413 ], [ 127.317221741669087, 36.233354725743865 ], [ 127.317437365190713, 36.23306227055668 ], [ 127.317612963541521, 36.232824614696121 ], [ 127.317677241235188, 36.232820488772838 ], [ 127.317848926336794, 36.232815781202596 ], [ 127.317947514240927, 36.232813033061625 ], [ 127.318182812204384, 36.232807714843183 ], [ 127.318481032407533, 36.233151206294437 ], [ 127.318996416587183, 36.233443726461786 ], [ 127.319446811544196, 36.233377032294449 ], [ 127.319719250971872, 36.233310809135858 ], [ 127.320000327470893, 36.233094866945081 ], [ 127.320069470387054, 36.233047901771656 ], [ 127.320131909824113, 36.232925192446949 ], [ 127.320468786537091, 36.232793306926716 ], [ 127.320842739485599, 36.2326837790159 ], [ 127.32086501732563, 36.232477870262983 ], [ 127.320718117768493, 36.232067113290888 ], [ 127.321202340191348, 36.231254264355449 ], [ 127.321615967960227, 36.231053310562572 ], [ 127.322044312977511, 36.230578328097977 ], [ 127.322092742462672, 36.23057234047338 ], [ 127.322197573523326, 36.230562723849516 ], [ 127.322400489894392, 36.230542524586035 ], [ 127.322540763004397, 36.230530865487722 ], [ 127.322728155577153, 36.230514266693859 ], [ 127.322916859694644, 36.230494880161054 ], [ 127.323016540388494, 36.230487817345136 ], [ 127.323205749821028, 36.230447728767807 ], [ 127.323318523157639, 36.230427500003948 ], [ 127.323466530668938, 36.230400688128583 ], [ 127.323542543064406, 36.230388948472694 ], [ 127.323693690568518, 36.230360217072594 ], [ 127.32379781548785, 36.230341327335545 ], [ 127.324059615068478, 36.230287820982255 ], [ 127.324184317295462, 36.230265928593461 ], [ 127.32422234810906, 36.230249839034684 ], [ 127.324279386185509, 36.230227821957065 ], [ 127.324371397254183, 36.230187173751219 ], [ 127.3245169722436, 36.23011802008147 ], [ 127.324728344947204, 36.230025662818996 ], [ 127.32486306894782, 36.229977194140844 ], [ 127.324925410252092, 36.229684301476375 ], [ 127.324917492892595, 36.229412037220357 ], [ 127.324917392665654, 36.229387814163971 ], [ 127.324916602390942, 36.229195826520218 ], [ 127.325320835082962, 36.228849884445815 ], [ 127.325286095711576, 36.228622825098718 ], [ 127.325278931530093, 36.228511836144619 ], [ 127.325819619963511, 36.228035175125008 ], [ 127.325929335376117, 36.227854306167778 ], [ 127.32596447931877, 36.227796886443556 ], [ 127.326132513514978, 36.22752234313969 ], [ 127.326317040074059, 36.227409193543288 ], [ 127.326441620007301, 36.22732948744158 ], [ 127.327002215350262, 36.22715898223047 ], [ 127.327149571623607, 36.227102887802438 ], [ 127.327194115994772, 36.227011259361362 ], [ 127.327244940694627, 36.226832740276571 ], [ 127.327307124041894, 36.226568801143358 ], [ 127.327346366898084, 36.226424477271536 ], [ 127.327461525615107, 36.225924571433616 ], [ 127.327421967114674, 36.225435126620489 ], [ 127.327448095306067, 36.225416689094267 ], [ 127.327495431851929, 36.225387091420245 ], [ 127.327710097137285, 36.225261186795343 ], [ 127.32773335351159, 36.225196877624441 ], [ 127.327783677343405, 36.225077729302271 ], [ 127.327813427628016, 36.225079720734819 ], [ 127.327819540517709, 36.225065248860417 ], [ 127.327916175664271, 36.224982887028659 ], [ 127.328156456158155, 36.224788160818896 ], [ 127.328606455112009, 36.224405079138229 ], [ 127.328619234934351, 36.224394194214462 ], [ 127.328703711093937, 36.224322498478607 ], [ 127.3289666134078, 36.224104259210669 ], [ 127.329044731362188, 36.224039016397633 ], [ 127.329049081111037, 36.224023178768597 ], [ 127.329161287508001, 36.223682772333639 ], [ 127.329185604388115, 36.223609024223812 ], [ 127.329121656076481, 36.223519459287793 ], [ 127.328767454553528, 36.223006569731375 ], [ 127.328761882465585, 36.222966509279381 ], [ 127.328760070667215, 36.222953518886527 ], [ 127.328765446909145, 36.22277036435252 ], [ 127.328788249792098, 36.22205002628759 ], [ 127.328736318182166, 36.221990582237545 ], [ 127.328479659371084, 36.221692593346027 ], [ 127.328448774246127, 36.221673968578543 ], [ 127.328174327409684, 36.221588375555584 ], [ 127.328167089582763, 36.221586376247075 ], [ 127.328163153703869, 36.22158153010605 ], [ 127.328154337603479, 36.221571703927566 ], [ 127.328076407195852, 36.221483672433777 ], [ 127.327980465123957, 36.221373105688713 ], [ 127.327905759628038, 36.221295617918358 ], [ 127.327890293452398, 36.221280691001674 ], [ 127.327875444538861, 36.221165163312925 ], [ 127.327867056997349, 36.221079248409438 ], [ 127.327840700077061, 36.220809161488418 ], [ 127.32771311118286, 36.220576389872377 ], [ 127.328179881731245, 36.219915004348991 ], [ 127.328115465888132, 36.219821870699349 ], [ 127.327826162219893, 36.219328014607534 ], [ 127.327824269680676, 36.218872360181827 ], [ 127.327410286347373, 36.218198623381916 ], [ 127.327419810458153, 36.21816737133792 ], [ 127.327566665008064, 36.217927524406022 ], [ 127.328115795860754, 36.217806303857486 ], [ 127.328526623533364, 36.217662028408455 ], [ 127.32911849243925, 36.217458614407775 ], [ 127.329204702654252, 36.217329715302135 ], [ 127.329449946604626, 36.216976840898312 ], [ 127.329496721215691, 36.216893766783066 ], [ 127.329535203421571, 36.21678791558692 ], [ 127.329548756812471, 36.21675235341273 ], [ 127.329658734430851, 36.216605761741327 ], [ 127.329928268540485, 36.216222169156296 ], [ 127.330234741207761, 36.216058374580776 ], [ 127.330699441723667, 36.215808774258164 ], [ 127.330659039152906, 36.21571341327418 ], [ 127.330571809949816, 36.215504973753582 ], [ 127.330414952366922, 36.215426523578593 ], [ 127.330365467920828, 36.215382528202049 ], [ 127.330182345392231, 36.215217329550356 ], [ 127.330034319228247, 36.215083251170014 ], [ 127.329990620809241, 36.215039627251024 ], [ 127.329910670948848, 36.215010251814682 ], [ 127.329657586639684, 36.214924728808057 ], [ 127.329465729670332, 36.214864298796286 ], [ 127.329446042126975, 36.214858098456801 ], [ 127.329422350922243, 36.214812067084587 ], [ 127.329384428628543, 36.214700189135165 ], [ 127.329280429838093, 36.214450700185786 ], [ 127.329287727219551, 36.213544677010113 ], [ 127.329629460231018, 36.213022690071405 ], [ 127.329741704698904, 36.212272510425151 ], [ 127.329607020091046, 36.212056215257014 ], [ 127.329480060674783, 36.211551012372915 ], [ 127.329549515056883, 36.210985180737822 ], [ 127.329926667195721, 36.210437059710543 ], [ 127.329979060358113, 36.210360919110457 ], [ 127.330080938061329, 36.210212843936581 ], [ 127.329703267350055, 36.209853295064597 ], [ 127.329808560673854, 36.209125303974027 ], [ 127.329578086089114, 36.208873043424653 ], [ 127.329307552274997, 36.20818736506186 ], [ 127.329286628546626, 36.207753894947693 ], [ 127.329100718371862, 36.207491192601822 ], [ 127.328918727917056, 36.207269339690647 ], [ 127.328373776920145, 36.206776210498546 ], [ 127.328442268395619, 36.206523149041153 ], [ 127.328568237163125, 36.206146926078802 ], [ 127.328659286185356, 36.205821076573081 ], [ 127.328684600553302, 36.205635325868741 ], [ 127.328532651820595, 36.205553137851368 ], [ 127.328442257743262, 36.205290687762037 ], [ 127.328209243016317, 36.204583860670134 ], [ 127.328235252893492, 36.204394251467725 ], [ 127.328098268463265, 36.204080706449574 ] ] ] ] } },
{ "type": "Feature", "properties": { "EMD_CD": "30170123", "EMD_ENG_NM": "Umyeong-dong", "EMD_KOR_NM": "우명동" }, "geometry": { "type": "MultiPolygon", "coordinates": [ [ [ [ 127.303547823909383, 36.229735714979313 ], [ 127.303507979166952, 36.229608108314643 ], [ 127.303432962361711, 36.229375917490977 ], [ 127.303386207406845, 36.2292330072166 ], [ 127.303336303947631, 36.229084193754026 ], [ 127.303326329265317, 36.229047117137313 ], [ 127.303317763255862, 36.228928028660448 ], [ 127.303311527825727, 36.228871395454817 ], [ 127.303295208552626, 36.228720415250869 ], [ 127.303282494267634, 36.228566938302954 ], [ 127.303257269302136, 36.228445702671067 ], [ 127.303228387625964, 36.228305189394462 ], [ 127.303216271336666, 36.228246399839598 ], [ 127.303186635068499, 36.228100274037324 ], [ 127.303158665276896, 36.228031926092598 ], [ 127.303100650743488, 36.227887675340213 ], [ 127.303070346022849, 36.227822631297094 ], [ 127.303018321321645, 36.227694370444887 ], [ 127.302994421704355, 36.227642954949772 ], [ 127.302938816769426, 36.227529544801278 ], [ 127.302880045055588, 36.227379203590417 ], [ 127.30285293304884, 36.227308032426862 ], [ 127.302815922757006, 36.227214221270565 ], [ 127.30279506372176, 36.227160914814966 ], [ 127.30281858093899, 36.227043106541316 ], [ 127.30284796444387, 36.226900184437753 ], [ 127.302878056039773, 36.226759262240193 ], [ 127.302905936715035, 36.226630601082029 ], [ 127.302932967071399, 36.226503744313213 ], [ 127.302949524867202, 36.226453335333453 ], [ 127.302977845705428, 36.22636704694596 ], [ 127.303025022266723, 36.226223612461339 ], [ 127.303049536080394, 36.226151085348071 ], [ 127.30306493188489, 36.226105148827457 ], [ 127.303086945034195, 36.226038919410911 ], [ 127.303110646182816, 36.22596914337533 ], [ 127.30311323857741, 36.225931773812569 ], [ 127.303133940709827, 36.225677415241115 ], [ 127.303150522391462, 36.225479904438075 ], [ 127.303215261984306, 36.225307857535959 ], [ 127.303285054253195, 36.225151171501544 ], [ 127.303350913836852, 36.22500159757093 ], [ 127.303418084478224, 36.224834148881378 ], [ 127.303507368337208, 36.224612447030012 ], [ 127.30355488497861, 36.224497073683295 ], [ 127.303585415989758, 36.224424667280182 ], [ 127.303601740028142, 36.224334191897874 ], [ 127.303634202095083, 36.224147969435471 ], [ 127.303665369737075, 36.22396934671211 ], [ 127.303682593824547, 36.223870000617673 ], [ 127.303694259539313, 36.223800021531375 ], [ 127.303695843909097, 36.223682925955373 ], [ 127.303698779963398, 36.223595971524205 ], [ 127.303704612961369, 36.223409302013103 ], [ 127.303707072957309, 36.223317410788646 ], [ 127.303708944461533, 36.2232458062361 ], [ 127.303609277808945, 36.223109771148131 ], [ 127.303542019797533, 36.223016739565303 ], [ 127.303472929141506, 36.222921595277306 ], [ 127.303403926735584, 36.222825937208988 ], [ 127.303336123790217, 36.222735637212004 ], [ 127.303261922346977, 36.222644344786588 ], [ 127.303182406951947, 36.222550866258594 ], [ 127.303103267760491, 36.222456972684185 ], [ 127.303029027652997, 36.222370186009016 ], [ 127.302955848148244, 36.222289975171201 ], [ 127.302885191003256, 36.222215120092578 ], [ 127.302822954604054, 36.222149057372299 ], [ 127.302754702486354, 36.222077593342448 ], [ 127.302685474458784, 36.222004023426948 ], [ 127.302618572554792, 36.221933754315707 ], [ 127.302563888938039, 36.221876621270098 ], [ 127.30233933627639, 36.221798602466691 ], [ 127.302065398818499, 36.22169349133253 ], [ 127.301796636079132, 36.221594882092155 ], [ 127.301598511654944, 36.221522922956048 ], [ 127.301094561060651, 36.22136496383694 ], [ 127.300979833594809, 36.221369882590125 ], [ 127.300835283599312, 36.22137621085286 ], [ 127.300702434416138, 36.221382877721283 ], [ 127.300579036655435, 36.221388864309453 ], [ 127.300502912981798, 36.221393551693168 ], [ 127.300330891687338, 36.221391178299847 ], [ 127.300187405836454, 36.221390779277172 ], [ 127.300061047061504, 36.221390337686081 ], [ 127.299949470353653, 36.221390111983887 ], [ 127.299860753539733, 36.22139096328084 ], [ 127.299761519304752, 36.221384280536533 ], [ 127.299620925276471, 36.221375204653491 ], [ 127.299471144474722, 36.22136600761722 ], [ 127.2993541116155, 36.221358340647562 ], [ 127.299256731421551, 36.221353275297787 ], [ 127.29922864755703, 36.221350083222866 ], [ 127.299100330356879, 36.221322952235894 ], [ 127.298952268221413, 36.221294968187308 ], [ 127.298859068977791, 36.221278005481366 ], [ 127.298652580989511, 36.221290522674607 ], [ 127.298501217366692, 36.22130106305152 ], [ 127.298364919793329, 36.221310404498489 ], [ 127.29825463016094, 36.22131806799073 ], [ 127.298200942521945, 36.221329358018295 ], [ 127.298037840241136, 36.221365296258604 ], [ 127.297878683578787, 36.221400251083395 ], [ 127.297720104080327, 36.221435267082796 ], [ 127.29755749416401, 36.221471672509921 ], [ 127.297418422589885, 36.221503629921784 ], [ 127.297319632242619, 36.221526115660232 ], [ 127.297256296347143, 36.221583290477668 ], [ 127.297149314665376, 36.221681027353554 ], [ 127.297083767952827, 36.221741947862327 ], [ 127.296986768632195, 36.221811867990937 ], [ 127.296902558532835, 36.221872599636782 ], [ 127.29687763557321, 36.2218907927438 ], [ 127.296797665022794, 36.221990625606303 ], [ 127.296763893717923, 36.222024792598233 ], [ 127.296760988783745, 36.22202428546408 ], [ 127.296544421338041, 36.222087083020618 ], [ 127.29638043209404, 36.222132853418174 ], [ 127.296179707147658, 36.222190978568094 ], [ 127.296085345319725, 36.222193365347223 ], [ 127.295928878540977, 36.222196075440038 ], [ 127.295755666365068, 36.222262486421435 ], [ 127.295674193281101, 36.222315072763934 ], [ 127.295537459185852, 36.222404410436745 ], [ 127.295537842565324, 36.222506902337585 ], [ 127.29549848708406, 36.222526239631975 ], [ 127.295398479147352, 36.22255663911978 ], [ 127.29529997329449, 36.222581077339136 ], [ 127.295234388288918, 36.222602768386928 ], [ 127.294954172160942, 36.222729622275807 ], [ 127.294860259622951, 36.222774993100622 ], [ 127.294834729512601, 36.222788528209463 ], [ 127.294777925412816, 36.222838539321096 ], [ 127.29465077746363, 36.222951887355379 ], [ 127.294640300311457, 36.222957906045551 ], [ 127.294625214989637, 36.222965846092876 ], [ 127.294596454452773, 36.222981165148937 ], [ 127.294377186976334, 36.22302484208096 ], [ 127.29430669249696, 36.223030403455752 ], [ 127.294185465737201, 36.223028834895295 ], [ 127.294099339006621, 36.223032839134511 ], [ 127.293950805337332, 36.223069520075832 ], [ 127.293824046066263, 36.223114781730722 ], [ 127.293680049053947, 36.223127263514428 ], [ 127.293570493608584, 36.223120825475149 ], [ 127.293573764751883, 36.223178052713259 ], [ 127.293571025182302, 36.223255065804288 ], [ 127.293565668437125, 36.223432631737985 ], [ 127.293562848799681, 36.223535689643207 ], [ 127.293569741412725, 36.223666615186261 ], [ 127.293572729437216, 36.223743380377357 ], [ 127.293536239042453, 36.223827487739996 ], [ 127.293518215267412, 36.223897905550039 ], [ 127.293511161382298, 36.223924192484951 ], [ 127.293507143769077, 36.223938377745135 ], [ 127.293496300827499, 36.223962700823392 ], [ 127.293444209137675, 36.224024180917972 ], [ 127.2933459987551, 36.224128949077496 ], [ 127.293332754346523, 36.224147473684667 ], [ 127.293332673849633, 36.224149718410715 ], [ 127.293331866812665, 36.224172106164978 ], [ 127.293429805557594, 36.224269528753517 ], [ 127.293442924774965, 36.224336941716125 ], [ 127.293431728068299, 36.224421716879412 ], [ 127.293419928520834, 36.224472780138321 ], [ 127.293394862629214, 36.224551884759094 ], [ 127.293382871016945, 36.22460822987567 ], [ 127.293341944050283, 36.224684227198402 ], [ 127.293278857796722, 36.224753051971263 ], [ 127.293229562333352, 36.224824754122658 ], [ 127.293209930106613, 36.22486624727 ], [ 127.293191976915807, 36.224916974332324 ], [ 127.293201830756587, 36.224937614495914 ], [ 127.293098422382599, 36.225047919738131 ], [ 127.293069498327441, 36.2251811053032 ], [ 127.293058407533834, 36.225267700837563 ], [ 127.293058279164711, 36.225373969305508 ], [ 127.293055607072489, 36.225406031068808 ], [ 127.293047677031424, 36.225430283442584 ], [ 127.292983287720091, 36.225505103808381 ], [ 127.292977541690462, 36.22552397951732 ], [ 127.292966870396, 36.225540920928424 ], [ 127.292934846882574, 36.225567277908198 ], [ 127.292911380550223, 36.225582970003508 ], [ 127.292895471871162, 36.225596923550924 ], [ 127.292874410799101, 36.225625335326193 ], [ 127.292839744119092, 36.225679923391894 ], [ 127.292825995319546, 36.225709741706453 ], [ 127.29281469722568, 36.225737264432333 ], [ 127.292792055750567, 36.225804322986832 ], [ 127.292777310779258, 36.225835494591152 ], [ 127.292742130487852, 36.225901574720069 ], [ 127.292671880810545, 36.225973939679243 ], [ 127.292626259596901, 36.226020002418686 ], [ 127.292593327267468, 36.226053255495223 ], [ 127.292519562905284, 36.226098602818787 ], [ 127.292407353202535, 36.226196591290318 ], [ 127.292379673277637, 36.226218765291264 ], [ 127.292332653833071, 36.226232775289262 ], [ 127.292228337472395, 36.226233785685331 ], [ 127.292166106873893, 36.226239975099723 ], [ 127.29212401995548, 36.226255271142485 ], [ 127.292105548417112, 36.226265049518375 ], [ 127.292082596074678, 36.226284390028617 ], [ 127.292048738954179, 36.226341770480168 ], [ 127.292030599374343, 36.226420263034392 ], [ 127.29202016715557, 36.226462598798875 ], [ 127.292001440717925, 36.226497007119605 ], [ 127.291964712322553, 36.226520707739681 ], [ 127.291952001649065, 36.226530335700815 ], [ 127.291941298500234, 36.226538643697019 ], [ 127.291913925288682, 36.226550443963987 ], [ 127.291888435741868, 36.226548541225057 ], [ 127.291865232633057, 36.226542126610454 ], [ 127.291795387889266, 36.226519793609242 ], [ 127.291662294667404, 36.226508058328392 ], [ 127.291663367964745, 36.226551565515003 ], [ 127.291607702090076, 36.226624822701012 ], [ 127.291607850297012, 36.226658896225523 ], [ 127.291629534188658, 36.226723765772931 ], [ 127.291627118188359, 36.226774273703164 ], [ 127.291635433826428, 36.226794170215776 ], [ 127.291721125138778, 36.22682188991292 ], [ 127.291813059061724, 36.226874143607247 ], [ 127.291883945868193, 36.22689847445902 ], [ 127.292093930580123, 36.226930921983516 ], [ 127.292115370688805, 36.226941728536048 ], [ 127.292128618555381, 36.22693889379223 ], [ 127.292188156719106, 36.226962432881209 ], [ 127.292293809156646, 36.227060937284989 ], [ 127.292316685763566, 36.227096018801298 ], [ 127.292309351744251, 36.227136986937452 ], [ 127.292318458539299, 36.227169497499176 ], [ 127.292385416523118, 36.227244070998353 ], [ 127.292442116226027, 36.22729110125249 ], [ 127.292494865790303, 36.227316386356208 ], [ 127.292527954088811, 36.227339754667312 ], [ 127.292573147196137, 36.227382181275914 ], [ 127.292628521036164, 36.22742240150631 ], [ 127.2926530232983, 36.227424946073178 ], [ 127.292760258333502, 36.227409878891699 ], [ 127.29279270712253, 36.22741683866694 ], [ 127.292857143855741, 36.227567423672433 ], [ 127.292890897372175, 36.227634948359274 ], [ 127.292930874803531, 36.22776731719712 ], [ 127.292966405775203, 36.227825519303614 ], [ 127.293000515970192, 36.227869413997411 ], [ 127.29301484409477, 36.227891025720538 ], [ 127.293026457465388, 36.227921322773305 ], [ 127.293034002970131, 36.227946474794074 ], [ 127.293042193586771, 36.227983475233344 ], [ 127.293068136187827, 36.228035411047792 ], [ 127.293096398703284, 36.228083221787678 ], [ 127.293122473204861, 36.228167681308335 ], [ 127.293128411718726, 36.228233201121633 ], [ 127.293140460499714, 36.228383823654895 ], [ 127.293131673571466, 36.228410935154315 ], [ 127.293127983508739, 36.228420659180152 ], [ 127.293103693008064, 36.228442193729393 ], [ 127.2929964918049, 36.22848467566515 ], [ 127.292942025074581, 36.228515276803037 ], [ 127.292928517785896, 36.228526043037803 ], [ 127.292898928319062, 36.228549663516816 ], [ 127.292885299381368, 36.228578579578461 ], [ 127.292880348839077, 36.228602436832155 ], [ 127.292889003695777, 36.228635579444742 ], [ 127.292948999613301, 36.228737078848916 ], [ 127.292963836462832, 36.228775857010305 ], [ 127.292977718356752, 36.228829813836924 ], [ 127.292990905617799, 36.228879689027316 ], [ 127.29298824611557, 36.22893336189248 ], [ 127.292968747060868, 36.228966166946243 ], [ 127.292902486070631, 36.229022688765859 ], [ 127.292845300425071, 36.229076349518905 ], [ 127.292818708963367, 36.229110263712293 ], [ 127.292753017017432, 36.229110423220369 ], [ 127.292567034152427, 36.229298376964294 ], [ 127.292487473383716, 36.229533303252744 ], [ 127.292474771631888, 36.22957538443935 ], [ 127.292298249679362, 36.229795613596799 ], [ 127.291934840061927, 36.229971840602808 ], [ 127.291808732942911, 36.229967856635575 ], [ 127.291694778804711, 36.230025791677249 ], [ 127.291576146381786, 36.230115387210027 ], [ 127.29155700690508, 36.230125319388669 ], [ 127.291432903337537, 36.230188036234942 ], [ 127.291361634880857, 36.230181774255279 ], [ 127.29127892738731, 36.230209938626707 ], [ 127.291186695915513, 36.230298262073092 ], [ 127.291040033686812, 36.230370099530063 ], [ 127.290946910124347, 36.230451477469117 ], [ 127.290792337630535, 36.230580622255786 ], [ 127.290590506927231, 36.230677527923405 ], [ 127.290464272978866, 36.230730300396104 ], [ 127.290340434760751, 36.230738745868031 ], [ 127.290243527997688, 36.230798909380148 ], [ 127.290074595962594, 36.230819538772941 ], [ 127.290057640390586, 36.230824554801359 ], [ 127.290007459562332, 36.230863002953207 ], [ 127.289815608384259, 36.231061240400976 ], [ 127.289728247832173, 36.231170774010337 ], [ 127.289689956817142, 36.231218269398731 ], [ 127.28966604244745, 36.231245731603956 ], [ 127.289595344237568, 36.231370572295724 ], [ 127.28949328650819, 36.231428125095064 ], [ 127.289258811379256, 36.231487662660491 ], [ 127.289044854599027, 36.231816291589169 ], [ 127.288959262613801, 36.23188098639757 ], [ 127.28893328696725, 36.232165842211103 ], [ 127.288897528783764, 36.232352321379992 ], [ 127.288827850616002, 36.232449771570977 ], [ 127.288753282613868, 36.232621177194403 ], [ 127.288547032212378, 36.232725344326653 ], [ 127.288343002087032, 36.232831687793805 ], [ 127.288207521205535, 36.232823838213868 ], [ 127.288150408704993, 36.232886878351856 ], [ 127.288142934222705, 36.23318257652091 ], [ 127.288139874220093, 36.233209529248299 ], [ 127.288054954390944, 36.233392142069498 ], [ 127.28792827525487, 36.233571214743904 ], [ 127.287883442902242, 36.233652726001843 ], [ 127.28776570843101, 36.233872059700246 ], [ 127.287680779884838, 36.233964085271325 ], [ 127.287534217435805, 36.234038495182347 ], [ 127.287430974224236, 36.234144560135583 ], [ 127.287350967814874, 36.234397110916071 ], [ 127.287279802109552, 36.234618333236213 ], [ 127.287222675981795, 36.234656653259933 ], [ 127.286915073909199, 36.234569593767127 ], [ 127.286615772144629, 36.234578075823279 ], [ 127.286287962150553, 36.234586822310291 ], [ 127.286197259626974, 36.23443091623659 ], [ 127.286106731461516, 36.234414865299122 ], [ 127.285982129619825, 36.234468963016482 ], [ 127.285850053769238, 36.234480523682777 ], [ 127.285771000968936, 36.234530979845736 ], [ 127.285567232553021, 36.23468113347792 ], [ 127.285385985927107, 36.23481515541296 ], [ 127.285344542961582, 36.23484097400604 ], [ 127.284979360038804, 36.23494069971958 ], [ 127.284733837007579, 36.234904747661027 ], [ 127.284630088871722, 36.234912193121865 ], [ 127.284460664275102, 36.2349901504953 ], [ 127.284192253883077, 36.234980637968086 ], [ 127.284147341258304, 36.234994559290719 ], [ 127.284079665861455, 36.235013977469215 ], [ 127.283993706742947, 36.235034105257057 ], [ 127.283783067321977, 36.235134102693451 ], [ 127.283585102940606, 36.235170617601291 ], [ 127.283327943541281, 36.235264622551803 ], [ 127.283151391049699, 36.235291452549994 ], [ 127.283113702693171, 36.235316161097522 ], [ 127.283012577688041, 36.23537890565445 ], [ 127.282945526401946, 36.23540177366182 ], [ 127.2829123095553, 36.235556757178209 ], [ 127.28288972783362, 36.235662249650467 ], [ 127.282923657096333, 36.235761949205994 ], [ 127.282787976893601, 36.235792890454078 ], [ 127.282667657265748, 36.235745545537405 ], [ 127.282454088459176, 36.235711910124266 ], [ 127.282143693343031, 36.235664650256119 ], [ 127.281929813377843, 36.235693115753904 ], [ 127.281833079282592, 36.235802440569465 ], [ 127.281811648938174, 36.235853831087887 ], [ 127.281809505804247, 36.235935709588688 ], [ 127.281944746460795, 36.235999728072045 ], [ 127.281962617424483, 36.236010599299995 ], [ 127.281990584875075, 36.235961104086321 ], [ 127.282028245560497, 36.235969234827422 ], [ 127.282334652008103, 36.236235114614836 ], [ 127.282435541765125, 36.23631116302488 ], [ 127.282687085954137, 36.236499082647718 ], [ 127.282900432794634, 36.236560493109863 ], [ 127.282948768970158, 36.236601220590934 ], [ 127.283027066925698, 36.236693102640849 ], [ 127.283093660174643, 36.236746890797754 ], [ 127.283236321516, 36.236872216878155 ], [ 127.283166166900159, 36.236935717631994 ], [ 127.283074247970617, 36.237010371369379 ], [ 127.283042319833513, 36.237099980397346 ], [ 127.282923858155058, 36.237431923216462 ], [ 127.283037859935106, 36.237581090058285 ], [ 127.283158189613687, 36.237797632178811 ], [ 127.282986895487326, 36.238069969077181 ], [ 127.282967143008449, 36.238089941113536 ], [ 127.283020415384001, 36.238449236762605 ], [ 127.283075189416039, 36.238814575494494 ], [ 127.282765547896503, 36.238925338733708 ], [ 127.282579585578404, 36.23920035913963 ], [ 127.282495342054546, 36.239334608987015 ], [ 127.282335933941965, 36.239554197096872 ], [ 127.282152934747018, 36.239741082191507 ], [ 127.282096535528268, 36.239803793395552 ], [ 127.282080304267083, 36.239950193391863 ], [ 127.282083500290881, 36.240277686389533 ], [ 127.282038805326124, 36.240736559161995 ], [ 127.282042395369032, 36.240782439309925 ], [ 127.281916945659148, 36.241091741897982 ], [ 127.281786482028792, 36.241411887987269 ], [ 127.282039117005453, 36.241611404768015 ], [ 127.282425867127003, 36.241927147390619 ], [ 127.281576806135419, 36.242585689267095 ], [ 127.281339145451298, 36.242742448226345 ], [ 127.280707333105241, 36.24313640982048 ], [ 127.280751044167943, 36.243486824486645 ], [ 127.280642364317586, 36.243684447332214 ], [ 127.280455631877714, 36.244020376850756 ], [ 127.280278364880814, 36.244337305373179 ], [ 127.280516797263331, 36.244520970519645 ], [ 127.280679191234441, 36.244711318712937 ], [ 127.280980095218155, 36.245066873082152 ], [ 127.281108885756595, 36.245220829016063 ], [ 127.281127481863393, 36.245256778281977 ], [ 127.281174566677677, 36.245329349545088 ], [ 127.281125500837973, 36.24533168976582 ], [ 127.28138829563764, 36.245569457612206 ], [ 127.281413875639544, 36.245651180510755 ], [ 127.281372236143383, 36.245764430445277 ], [ 127.281127324540847, 36.245912365606223 ], [ 127.281106686755408, 36.246218286307638 ], [ 127.281104548905986, 36.24642080544573 ], [ 127.280967853492697, 36.246628037877315 ], [ 127.280914594871689, 36.246706177930292 ], [ 127.280827809065457, 36.246710669900253 ], [ 127.280472202232701, 36.246735832105273 ], [ 127.280221316223063, 36.246797111883289 ], [ 127.280005343128863, 36.246981294513866 ], [ 127.279942621405567, 36.247089087485897 ], [ 127.279900589720668, 36.247164785737048 ], [ 127.279997221865528, 36.247395372606384 ], [ 127.28001298977604, 36.247436854109836 ], [ 127.280057237264543, 36.247512369500683 ], [ 127.280171210869767, 36.247732390603822 ], [ 127.280258725532946, 36.247901357548457 ], [ 127.2804190243303, 36.248126523542318 ], [ 127.280478357155658, 36.248210835105091 ], [ 127.280527353398597, 36.248244542550289 ], [ 127.280593276065588, 36.248279625435885 ], [ 127.280680430513428, 36.248331465790045 ], [ 127.280807063609217, 36.248409248844084 ], [ 127.280976630111454, 36.24851190348862 ], [ 127.28112605738346, 36.248685699873469 ], [ 127.281157426514696, 36.248821525466155 ], [ 127.281103274726831, 36.248955279561955 ], [ 127.280750471863769, 36.249105015608052 ], [ 127.280564138860413, 36.249184223437226 ], [ 127.280389594013073, 36.249293746594567 ], [ 127.280357763315834, 36.249400404072887 ], [ 127.280281673112555, 36.249672667209886 ], [ 127.280285522353793, 36.249741671637558 ], [ 127.280314529199657, 36.250189728141365 ], [ 127.280257738981447, 36.250308194795039 ], [ 127.280173595967625, 36.250497054211039 ], [ 127.279916925890333, 36.250769494970335 ], [ 127.279909827622788, 36.251334212583998 ], [ 127.279880322087678, 36.251456914548797 ], [ 127.279800071031929, 36.25179335259137 ], [ 127.279654416177848, 36.252144595339388 ], [ 127.279610929604004, 36.252249972390651 ], [ 127.279578472067044, 36.252324783960297 ], [ 127.279474624379347, 36.252392559910952 ], [ 127.279328681192183, 36.252487297742498 ], [ 127.279267752063348, 36.252524604242332 ], [ 127.279107370613048, 36.252595341918095 ], [ 127.27903914106578, 36.25277424088091 ], [ 127.279144726687704, 36.253109372152053 ], [ 127.279275036823478, 36.253162032959182 ], [ 127.279397126552894, 36.253211674406764 ], [ 127.279571148653716, 36.253281950233486 ], [ 127.279708318896652, 36.253339118410622 ], [ 127.280207795688099, 36.253554114023707 ], [ 127.28047557866833, 36.253723417544229 ], [ 127.280586816125592, 36.253793630884623 ], [ 127.280816291798018, 36.253937680865853 ], [ 127.280959952967891, 36.254073479059315 ], [ 127.281246669089427, 36.254346643400609 ], [ 127.281258406110609, 36.254371109574535 ], [ 127.281399113916919, 36.254511527638435 ], [ 127.281573387722901, 36.254688292734535 ], [ 127.28172340900214, 36.254850182564518 ], [ 127.281866183350601, 36.255001733473456 ], [ 127.28191409981909, 36.25508094395974 ], [ 127.282129495203122, 36.255436415456273 ], [ 127.282209549162332, 36.255538007962265 ], [ 127.282284851156092, 36.255630112834567 ], [ 127.282404284255392, 36.255781744729752 ], [ 127.282438726945742, 36.255901341292997 ], [ 127.282477007952778, 36.256129386621097 ], [ 127.282531455114224, 36.256456452338526 ], [ 127.282542917094744, 36.256525095507378 ], [ 127.282719093264149, 36.256308676754188 ], [ 127.282763073776707, 36.256254646285392 ], [ 127.283977261751346, 36.255672178387812 ], [ 127.284183351387171, 36.255569686310388 ], [ 127.2853866739203, 36.254927085290227 ], [ 127.285338249049502, 36.254625050506263 ], [ 127.285242526303421, 36.254031287565361 ], [ 127.284797977906763, 36.253225203415369 ], [ 127.284796664006166, 36.253206416380095 ], [ 127.284733367364154, 36.252300505489792 ], [ 127.284728662734054, 36.252276589710917 ], [ 127.284708057242412, 36.252171839354972 ], [ 127.284649563472314, 36.252026057584793 ], [ 127.284779460238767, 36.251824777069444 ], [ 127.284933119132901, 36.251579606066798 ], [ 127.285256562036565, 36.251463523503737 ], [ 127.285454802790483, 36.251403132591967 ], [ 127.285971480315638, 36.251270233172363 ], [ 127.285936190324833, 36.251132877300748 ], [ 127.286111890113602, 36.25085830889833 ], [ 127.286026915652386, 36.250722414257005 ], [ 127.285589600115514, 36.250561861603884 ], [ 127.285484953597873, 36.250523440754769 ], [ 127.285401984175905, 36.250393577938958 ], [ 127.285197197985312, 36.250067744376402 ], [ 127.284838862796164, 36.249833924933817 ], [ 127.284759349803934, 36.249378833351422 ], [ 127.28515820171873, 36.248916481007491 ], [ 127.285013394505697, 36.24872440288086 ], [ 127.284950886202935, 36.248618814874298 ], [ 127.284940145207983, 36.248599130852824 ], [ 127.284847264339234, 36.248431982353367 ], [ 127.284903805578622, 36.248312000220729 ], [ 127.285067712395474, 36.247955057183376 ], [ 127.285008675079979, 36.247245647750113 ], [ 127.28483006480532, 36.247097906771764 ], [ 127.28504324977763, 36.24666229899735 ], [ 127.285251384319821, 36.246237013433138 ], [ 127.285297669327193, 36.246145315764451 ], [ 127.2853862493333, 36.24596986121977 ], [ 127.285420241539541, 36.245921648256797 ], [ 127.285639633779368, 36.245684412100672 ], [ 127.286281389781649, 36.244990432137378 ], [ 127.287024632146569, 36.244914798670926 ], [ 127.287131689002038, 36.244480081278788 ], [ 127.287099229341067, 36.244407865810089 ], [ 127.287048454825026, 36.24429485124594 ], [ 127.286961974557286, 36.244101050609935 ], [ 127.286992943276445, 36.243980731241336 ], [ 127.287134552746522, 36.243472348790704 ], [ 127.287405916004261, 36.243298284700288 ], [ 127.287433156714272, 36.243275428666436 ], [ 127.287723886442933, 36.242981928736135 ], [ 127.287976034821412, 36.242856619070778 ], [ 127.287993348335675, 36.242833119516973 ], [ 127.288040240487135, 36.242699162568393 ], [ 127.288255260561613, 36.242612827679757 ], [ 127.288369353083837, 36.242382840952644 ], [ 127.288513085469162, 36.242093098052116 ], [ 127.28824380216227, 36.241936495260369 ], [ 127.288323026749865, 36.241849530482092 ], [ 127.288350541063579, 36.241816616128254 ], [ 127.288368310943881, 36.241802397882729 ], [ 127.288596026833815, 36.241419270406539 ], [ 127.288643047710352, 36.241402999040091 ], [ 127.28905840015814, 36.241259271890037 ], [ 127.289428530826655, 36.241291869439841 ], [ 127.289734328864768, 36.241015819971587 ], [ 127.289855510056071, 36.24099748677483 ], [ 127.289954182872876, 36.24098142343697 ], [ 127.290198670202528, 36.240941623734358 ], [ 127.290599246625149, 36.240822780360638 ], [ 127.290840535271428, 36.240751202180697 ], [ 127.290840091924068, 36.240694518242584 ], [ 127.290839974409494, 36.240680658506392 ], [ 127.290839740732949, 36.240650360603041 ], [ 127.290839127311074, 36.240574518425113 ], [ 127.290838994086457, 36.240556558411129 ], [ 127.290837510314546, 36.240371214225796 ], [ 127.29093317842451, 36.239980768872627 ], [ 127.290932995407658, 36.239931149932836 ], [ 127.290837223118956, 36.239590065563654 ], [ 127.290773217068121, 36.239301262949901 ], [ 127.290588650467967, 36.239220025455651 ], [ 127.290326589163726, 36.239104694054063 ], [ 127.290303409155712, 36.238890969491543 ], [ 127.29056369713625, 36.238446028442709 ], [ 127.290571886523807, 36.238422542163299 ], [ 127.290461173628202, 36.238064965158429 ], [ 127.290739742749153, 36.237755121690007 ], [ 127.291192772107365, 36.237765055932044 ], [ 127.292068753548833, 36.237782370242343 ], [ 127.292769859058055, 36.237796220517239 ], [ 127.292805839651592, 36.237794501807286 ], [ 127.293083225460919, 36.237749740017705 ], [ 127.29345607808834, 36.237444489989798 ], [ 127.293758063242748, 36.237365313030892 ], [ 127.294077958440241, 36.237399867215061 ], [ 127.294133379298117, 36.237405850389685 ], [ 127.294771535189724, 36.237474779073771 ], [ 127.295087932621698, 36.237662531323998 ], [ 127.29544970650052, 36.237276574384147 ], [ 127.295554317122011, 36.237225373285646 ], [ 127.29639614152839, 36.23681325161634 ], [ 127.296530982479382, 36.236805736524097 ], [ 127.2972260972508, 36.236766999923056 ], [ 127.297620318643723, 36.23688001625257 ], [ 127.298012138063982, 36.236857470925777 ], [ 127.298302957853181, 36.236780815781849 ], [ 127.298283787699461, 36.236650479386398 ], [ 127.298256029868071, 36.236417284889015 ], [ 127.298226358312007, 36.236280747804933 ], [ 127.297956860573521, 36.235377866086644 ], [ 127.297782936436221, 36.23517703454047 ], [ 127.297721090977944, 36.234726819055481 ], [ 127.29785002946042, 36.234485674376749 ], [ 127.29784244740307, 36.234457477182026 ], [ 127.297781647231702, 36.234231177215477 ], [ 127.297830944929885, 36.23413012240816 ], [ 127.29784403687519, 36.234103261333331 ], [ 127.298042799360573, 36.233653237612018 ], [ 127.298057755640173, 36.233637348855311 ], [ 127.298222805663826, 36.233176846449048 ], [ 127.29820916817367, 36.233103307180365 ], [ 127.298133027566848, 36.232797191277847 ], [ 127.298245264825837, 36.232361755906489 ], [ 127.29833029067963, 36.232304959193883 ], [ 127.298513661203444, 36.232160756161221 ], [ 127.298735819685888, 36.231596276462405 ], [ 127.298667090034783, 36.231367571584848 ], [ 127.298549789645065, 36.230943015962097 ], [ 127.299489001729953, 36.23051248945962 ], [ 127.300052025008924, 36.230087219960922 ], [ 127.300402006063294, 36.230347376145552 ], [ 127.300695594920612, 36.23039164756608 ], [ 127.301004097382545, 36.23063347595474 ], [ 127.301121471687864, 36.230733069519324 ], [ 127.30137064947165, 36.230984688533297 ], [ 127.301429705083024, 36.231028716283859 ], [ 127.301500666894938, 36.231059449786997 ], [ 127.301528790749174, 36.231066254814898 ], [ 127.30207002619359, 36.231242520583422 ], [ 127.302361849039698, 36.230786759133785 ], [ 127.302491318866146, 36.230576294463219 ], [ 127.302608576770751, 36.230679942460696 ], [ 127.302760089401616, 36.230816686399521 ], [ 127.302953437646806, 36.230533388141204 ], [ 127.303044192185752, 36.230399972863196 ], [ 127.303058872349411, 36.230379091119815 ], [ 127.303137134235669, 36.230265632540245 ], [ 127.30315089396278, 36.230245681464041 ], [ 127.303224171124427, 36.230140742342378 ], [ 127.303310684976267, 36.230032958159519 ], [ 127.303355991229367, 36.229978303568387 ], [ 127.303419284255128, 36.229894937255374 ], [ 127.30350209795867, 36.22974198626428 ], [ 127.303547823909383, 36.229735714979313 ] ] ] ] } },
{ "type": "Feature", "properties": { "EMD_CD": "30170124", "EMD_ENG_NM": "Wonjeong-dong", "EMD_KOR_NM": "원정동" }, "geometry": { "type": "MultiPolygon", "coordinates": [ [ [ [ 127.310400910635551, 36.27241496943661 ], [ 127.310446560750293, 36.271987253544502 ], [ 127.310476944626032, 36.271922722548325 ], [ 127.310636837777665, 36.271683072855183 ], [ 127.311017751529675, 36.271470796210714 ], [ 127.311273037900747, 36.271337507712268 ], [ 127.311289603421045, 36.271299435630709 ], [ 127.311704804921916, 36.270345358043528 ], [ 127.311799576625077, 36.269872225584798 ], [ 127.312012941707906, 36.269600217507254 ], [ 127.312032300635693, 36.269433214223412 ], [ 127.312049983857619, 36.268946773356696 ], [ 127.312058739526478, 36.268758006160567 ], [ 127.31236226010347, 36.268172962806062 ], [ 127.312375164471391, 36.268157726340164 ], [ 127.313110008703759, 36.267516208602082 ], [ 127.313539352463536, 36.266723273349292 ], [ 127.313557032982089, 36.266126887511327 ], [ 127.313601675873628, 36.265798578294685 ], [ 127.313616539966532, 36.265682980083838 ], [ 127.313636500815534, 36.265604011600438 ], [ 127.313758119688828, 36.265242815720178 ], [ 127.313782204900434, 36.265171306765595 ], [ 127.313836410120544, 36.265031580837672 ], [ 127.313863368281844, 36.264971347508556 ], [ 127.313889002276341, 36.264894544370733 ], [ 127.313912644853886, 36.264823685608036 ], [ 127.313953183320081, 36.264705804304512 ], [ 127.314018702371158, 36.264621345513135 ], [ 127.314365491245397, 36.264295706113451 ], [ 127.31436699577695, 36.264279616756426 ], [ 127.314359507869852, 36.26397583782542 ], [ 127.314499748272993, 36.263530782164501 ], [ 127.314228164751256, 36.263068969011336 ], [ 127.313782762518869, 36.262770398909545 ], [ 127.313113928353005, 36.262323560479324 ], [ 127.313109278423767, 36.262292951039974 ], [ 127.313037484457908, 36.261822882140066 ], [ 127.312999659305163, 36.261531015138594 ], [ 127.312811045531234, 36.261057194504403 ], [ 127.312802551563152, 36.261016997338736 ], [ 127.312746992239795, 36.260700077995907 ], [ 127.312710698087017, 36.260487853262561 ], [ 127.313593380220325, 36.260225823322806 ], [ 127.313650819378637, 36.260124740961039 ], [ 127.313807659313525, 36.259875460396906 ], [ 127.313910769740531, 36.259711590041448 ], [ 127.313951655214694, 36.259628582841522 ], [ 127.313986407059815, 36.259531083552453 ], [ 127.313996718659581, 36.259502137496533 ], [ 127.313849383355361, 36.259307325473962 ], [ 127.3140933403308, 36.258114763670925 ], [ 127.31448729510349, 36.257904829922317 ], [ 127.314247849270743, 36.257692461831709 ], [ 127.313969174175782, 36.257447751850279 ], [ 127.313726606379177, 36.257235904314399 ], [ 127.313606903560938, 36.257138618770846 ], [ 127.313486050258248, 36.257039848251971 ], [ 127.313379974589381, 36.256944221103723 ], [ 127.313238192892982, 36.256817884147644 ], [ 127.313132889047765, 36.256723263218063 ], [ 127.313078563564417, 36.256672028348575 ], [ 127.313022442954818, 36.256608614318424 ], [ 127.312832151974476, 36.256396006142879 ], [ 127.312798379207322, 36.256041847329804 ], [ 127.31277986951558, 36.255861027983578 ], [ 127.312784480691136, 36.255800609893626 ], [ 127.312798333803457, 36.255663043773055 ], [ 127.312874070277999, 36.25550786070481 ], [ 127.31292618242334, 36.255405539595529 ], [ 127.31299900081747, 36.255288854262226 ], [ 127.313093164135822, 36.255134208547567 ], [ 127.31326011961518, 36.254713677275731 ], [ 127.313310655454686, 36.254301794250189 ], [ 127.313248700511565, 36.253855877485222 ], [ 127.313229666056586, 36.25380357755855 ], [ 127.313186982839056, 36.25351734627597 ], [ 127.313093356682757, 36.25319591222884 ], [ 127.313063195930511, 36.253093093605031 ], [ 127.313027669888257, 36.252961639648262 ], [ 127.312947125147545, 36.252666999353522 ], [ 127.312912235677658, 36.252538995681888 ], [ 127.312519513397078, 36.252324156357481 ], [ 127.312338632472432, 36.252211987435096 ], [ 127.311548707696176, 36.252139131384766 ], [ 127.311325050841617, 36.252137611305706 ], [ 127.311011075521449, 36.252134566779567 ], [ 127.310541861775278, 36.252178279619258 ], [ 127.309906739186005, 36.252408459227844 ], [ 127.309353894937658, 36.252531219175232 ], [ 127.309095683184466, 36.252652858582145 ], [ 127.308915690535599, 36.252737897871882 ], [ 127.308763767397295, 36.252853783514027 ], [ 127.308637794907227, 36.252950470846294 ], [ 127.308590545715646, 36.252986035593118 ], [ 127.308423002521565, 36.253113740155101 ], [ 127.308329804405403, 36.253186885616181 ], [ 127.308145196996719, 36.253330223932153 ], [ 127.30805516855051, 36.253323397935304 ], [ 127.307715606749881, 36.25329716874883 ], [ 127.307462047414703, 36.253283624051747 ], [ 127.307423126434642, 36.25326351950352 ], [ 127.307353910509278, 36.253226675421914 ], [ 127.307310490334174, 36.253216963799289 ], [ 127.30720666944265, 36.253191356259244 ], [ 127.307080422627678, 36.253175808631859 ], [ 127.307080278012762, 36.253175773236471 ], [ 127.306959055892193, 36.253173198814096 ], [ 127.306916286567997, 36.253190584145578 ], [ 127.306865970074739, 36.253235492277497 ], [ 127.306773775779561, 36.253278461526257 ], [ 127.306728628967619, 36.253279622261303 ], [ 127.306647529592723, 36.253259949151904 ], [ 127.30653343822334, 36.25325722994284 ], [ 127.30634405070434, 36.253347885618609 ], [ 127.306239660964948, 36.253407818832379 ], [ 127.30621146251886, 36.253409720154806 ], [ 127.306196233857804, 36.253410750109289 ], [ 127.306205594729704, 36.253405950218834 ], [ 127.306202368280353, 36.253405778165977 ], [ 127.306230537644197, 36.253385141720642 ], [ 127.306340352299713, 36.253295337343836 ], [ 127.306375725412039, 36.253267148622399 ], [ 127.306413876155318, 36.25323518512824 ], [ 127.3064202827928, 36.253231744446687 ], [ 127.306531216316969, 36.253172154407764 ], [ 127.306658779891563, 36.253100230216589 ], [ 127.306776483632802, 36.253033611682689 ], [ 127.306796610174857, 36.253021673675597 ], [ 127.30672857801855, 36.252865942154919 ], [ 127.306699332876647, 36.252799014069751 ], [ 127.306595056030929, 36.252844816913225 ], [ 127.306564954393693, 36.252814902277088 ], [ 127.306447215195377, 36.252697867904111 ], [ 127.306300260078487, 36.252540967058529 ], [ 127.305659933446904, 36.251963450695641 ], [ 127.30569240106243, 36.251688064495454 ], [ 127.305787210020142, 36.251585187024773 ], [ 127.305517090746847, 36.251112427118507 ], [ 127.305545594864114, 36.250922655416417 ], [ 127.305557645747413, 36.250842500418436 ], [ 127.305469920941661, 36.250625356634032 ], [ 127.305381460445233, 36.25017226721733 ], [ 127.305441498451572, 36.250031943958753 ], [ 127.305346267731807, 36.249700612892852 ], [ 127.305473192212531, 36.249582811746826 ], [ 127.3057825501336, 36.249295691579235 ], [ 127.30613712316007, 36.248963314539822 ], [ 127.306088920267214, 36.248786930689064 ], [ 127.306054570474714, 36.248631076980914 ], [ 127.305467010287828, 36.248130223021391 ], [ 127.304943937129195, 36.247478155161936 ], [ 127.304687328952355, 36.247465315420314 ], [ 127.304003489129158, 36.247225762234507 ], [ 127.304040591290857, 36.246460236757031 ], [ 127.303850035869146, 36.246319458040517 ], [ 127.303459965522947, 36.246186923611127 ], [ 127.303580067566031, 36.245918660725621 ], [ 127.30372391869092, 36.245603197568926 ], [ 127.304187266269608, 36.245103183266913 ], [ 127.304264163114496, 36.244892381682241 ], [ 127.304469641204463, 36.24471770686646 ], [ 127.304669157982872, 36.244342082675068 ], [ 127.304696527141047, 36.24429054642389 ], [ 127.304729653420395, 36.24422311719664 ], [ 127.305035100914068, 36.24359123236885 ], [ 127.304964652256459, 36.24338287578535 ], [ 127.304818445648678, 36.243238732867184 ], [ 127.304583088390871, 36.2425861032307 ], [ 127.304578163308818, 36.242572462787855 ], [ 127.304184008725684, 36.242382949582876 ], [ 127.304118275646331, 36.242199364016692 ], [ 127.303490838224832, 36.242158359901843 ], [ 127.302504915058805, 36.242280530661063 ], [ 127.302140584378975, 36.242080239011727 ], [ 127.301786391974005, 36.242112823635502 ], [ 127.301645457469263, 36.242196176449518 ], [ 127.30149035918356, 36.242287900656386 ], [ 127.300383421223231, 36.242341723262193 ], [ 127.299786961771474, 36.242442595349374 ], [ 127.299558761629243, 36.242587903632511 ], [ 127.298849260164303, 36.242351665591023 ], [ 127.298782715326254, 36.242320523330044 ], [ 127.298434273196861, 36.242135807176595 ], [ 127.297948911431703, 36.241878496067521 ], [ 127.297742064881717, 36.241656992006419 ], [ 127.297641063915052, 36.241560121526177 ], [ 127.297271859387237, 36.241175172892554 ], [ 127.296934248518781, 36.241016731185454 ], [ 127.296381928973133, 36.24105580912979 ], [ 127.295998829661713, 36.240799147659573 ], [ 127.296141332285472, 36.240436240673091 ], [ 127.29635449059947, 36.240237147318048 ], [ 127.296349958854506, 36.2400939959076 ], [ 127.296340233384598, 36.239883033598169 ], [ 127.296228455003757, 36.239471367126342 ], [ 127.29600899223766, 36.239377193163293 ], [ 127.295674684041089, 36.238657236380774 ], [ 127.295627789053796, 36.238578696479308 ], [ 127.295096123041347, 36.237859564909037 ], [ 127.295087932621698, 36.237662531323998 ], [ 127.294771535189724, 36.237474779073771 ], [ 127.294133379298117, 36.237405850389685 ], [ 127.294077958440241, 36.237399867215061 ], [ 127.293758063242748, 36.237365313030892 ], [ 127.29345607808834, 36.237444489989798 ], [ 127.293083225460919, 36.237749740017705 ], [ 127.292805839651592, 36.237794501807286 ], [ 127.292769859058055, 36.237796220517239 ], [ 127.292068753548833, 36.237782370242343 ], [ 127.291192772107365, 36.237765055932044 ], [ 127.290739742749153, 36.237755121690007 ], [ 127.290461173628202, 36.238064965158429 ], [ 127.290571886523807, 36.238422542163299 ], [ 127.29056369713625, 36.238446028442709 ], [ 127.290303409155712, 36.238890969491543 ], [ 127.290326589163726, 36.239104694054063 ], [ 127.290588650467967, 36.239220025455651 ], [ 127.290773217068121, 36.239301262949901 ], [ 127.290837223118956, 36.239590065563654 ], [ 127.290932995407658, 36.239931149932836 ], [ 127.29093317842451, 36.239980768872627 ], [ 127.290837510314546, 36.240371214225796 ], [ 127.290838994086457, 36.240556558411129 ], [ 127.290839127311074, 36.240574518425113 ], [ 127.290839740732949, 36.240650360603041 ], [ 127.290839974409494, 36.240680658506392 ], [ 127.290840091924068, 36.240694518242584 ], [ 127.290840535271428, 36.240751202180697 ], [ 127.290599246625149, 36.240822780360638 ], [ 127.290198670202528, 36.240941623734358 ], [ 127.289954182872876, 36.24098142343697 ], [ 127.289855510056071, 36.24099748677483 ], [ 127.289734328864768, 36.241015819971587 ], [ 127.289428530826655, 36.241291869439841 ], [ 127.28905840015814, 36.241259271890037 ], [ 127.288643047710352, 36.241402999040091 ], [ 127.288596026833815, 36.241419270406539 ], [ 127.288368310943881, 36.241802397882729 ], [ 127.288350541063579, 36.241816616128254 ], [ 127.288323026749865, 36.241849530482092 ], [ 127.28824380216227, 36.241936495260369 ], [ 127.288513085469162, 36.242093098052116 ], [ 127.288369353083837, 36.242382840952644 ], [ 127.288255260561613, 36.242612827679757 ], [ 127.288040240487135, 36.242699162568393 ], [ 127.287993348335675, 36.242833119516973 ], [ 127.287976034821412, 36.242856619070778 ], [ 127.287723886442933, 36.242981928736135 ], [ 127.287433156714272, 36.243275428666436 ], [ 127.287405916004261, 36.243298284700288 ], [ 127.287134552746522, 36.243472348790704 ], [ 127.286992943276445, 36.243980731241336 ], [ 127.286961974557286, 36.244101050609935 ], [ 127.287048454825026, 36.24429485124594 ], [ 127.287099229341067, 36.244407865810089 ], [ 127.287131689002038, 36.244480081278788 ], [ 127.287024632146569, 36.244914798670926 ], [ 127.286281389781649, 36.244990432137378 ], [ 127.285639633779368, 36.245684412100672 ], [ 127.285420241539541, 36.245921648256797 ], [ 127.2853862493333, 36.24596986121977 ], [ 127.285297669327193, 36.246145315764451 ], [ 127.285251384319821, 36.246237013433138 ], [ 127.28504324977763, 36.24666229899735 ], [ 127.28483006480532, 36.247097906771764 ], [ 127.285008675079979, 36.247245647750113 ], [ 127.285067712395474, 36.247955057183376 ], [ 127.284903805578622, 36.248312000220729 ], [ 127.284847264339234, 36.248431982353367 ], [ 127.284940145207983, 36.248599130852824 ], [ 127.284950886202935, 36.248618814874298 ], [ 127.285013394505697, 36.24872440288086 ], [ 127.28515820171873, 36.248916481007491 ], [ 127.284759349803934, 36.249378833351422 ], [ 127.284838862796164, 36.249833924933817 ], [ 127.285197197985312, 36.250067744376402 ], [ 127.285401984175905, 36.250393577938958 ], [ 127.285484953597873, 36.250523440754769 ], [ 127.285589600115514, 36.250561861603884 ], [ 127.286026915652386, 36.250722414257005 ], [ 127.286111890113602, 36.25085830889833 ], [ 127.285936190324833, 36.251132877300748 ], [ 127.285971480315638, 36.251270233172363 ], [ 127.285454802790483, 36.251403132591967 ], [ 127.285256562036565, 36.251463523503737 ], [ 127.284933119132901, 36.251579606066798 ], [ 127.284779460238767, 36.251824777069444 ], [ 127.284649563472314, 36.252026057584793 ], [ 127.284708057242412, 36.252171839354972 ], [ 127.284728662734054, 36.252276589710917 ], [ 127.284733367364154, 36.252300505489792 ], [ 127.284796664006166, 36.253206416380095 ], [ 127.284797977906763, 36.253225203415369 ], [ 127.285242526303421, 36.254031287565361 ], [ 127.285338249049502, 36.254625050506263 ], [ 127.2853866739203, 36.254927085290227 ], [ 127.284183351387171, 36.255569686310388 ], [ 127.283977261751346, 36.255672178387812 ], [ 127.282763073776707, 36.256254646285392 ], [ 127.282719093264149, 36.256308676754188 ], [ 127.282542917094744, 36.256525095507378 ], [ 127.282479565231924, 36.256691242941585 ], [ 127.282479973945257, 36.256687186726076 ], [ 127.282399898620781, 36.256769734553941 ], [ 127.282237520275174, 36.256937141135829 ], [ 127.282187308519823, 36.257106357008624 ], [ 127.282140749183299, 36.257254729465096 ], [ 127.282147828020754, 36.257419900516894 ], [ 127.282154319477954, 36.25759849092077 ], [ 127.282156208015252, 36.257734475670475 ], [ 127.282234496502554, 36.257973565276856 ], [ 127.282358010967698, 36.258166912925482 ], [ 127.282421959418471, 36.258266478819117 ], [ 127.282507480073946, 36.258368067569677 ], [ 127.282588005058884, 36.258466855025105 ], [ 127.282747889312262, 36.258608821107835 ], [ 127.282957257194724, 36.258797091586331 ], [ 127.282988778959549, 36.258821493641307 ], [ 127.28319664024356, 36.258983533134263 ], [ 127.283332365356287, 36.259090156967538 ], [ 127.283511315338501, 36.259170859693953 ], [ 127.283736800533944, 36.259273054100426 ], [ 127.283946468166405, 36.259422958041661 ], [ 127.284146398995375, 36.259575875826712 ], [ 127.284464888176984, 36.25982594996384 ], [ 127.28455046454286, 36.25989567035176 ], [ 127.284611393760471, 36.259919110157831 ], [ 127.28477198749718, 36.259984336015364 ], [ 127.284829523757423, 36.25986307126248 ], [ 127.284895936243998, 36.259719283872847 ], [ 127.284914925875484, 36.25973026934453 ], [ 127.285199941695211, 36.25992358262576 ], [ 127.285406274300371, 36.260060947367187 ], [ 127.285558755071577, 36.260135014312205 ], [ 127.285913827898554, 36.260290093292483 ], [ 127.286428487370998, 36.260428417171639 ], [ 127.286483938673172, 36.260561037941059 ], [ 127.286633713635979, 36.260784075679283 ], [ 127.286739186601693, 36.260862101019107 ], [ 127.28681219547461, 36.26090833806829 ], [ 127.287091030077377, 36.261097435420098 ], [ 127.287206041672363, 36.261166984868304 ], [ 127.287356941398514, 36.261242566689539 ], [ 127.287472802037087, 36.261279346170554 ], [ 127.287600810918818, 36.261302777319635 ], [ 127.287778570124161, 36.261380683033813 ], [ 127.287887679628341, 36.261423967334494 ], [ 127.288168429200667, 36.261490540858198 ], [ 127.288793303103759, 36.261757919044094 ], [ 127.28893879075143, 36.261816669986146 ], [ 127.289266996875554, 36.261945425588209 ], [ 127.289647382977591, 36.262126161228259 ], [ 127.289861071752583, 36.262232662320372 ], [ 127.29012313409369, 36.26238463688108 ], [ 127.290668562304148, 36.262743720748404 ], [ 127.290801356018093, 36.262947428381757 ], [ 127.291349108641171, 36.263168658617602 ], [ 127.291875456200927, 36.263546753112635 ], [ 127.291888529189478, 36.263765456967839 ], [ 127.291905289353608, 36.26403040939968 ], [ 127.291913200209478, 36.264153312167196 ], [ 127.291918481213571, 36.264235928324453 ], [ 127.291935217553444, 36.264241880804036 ], [ 127.292261705303787, 36.264320581204544 ], [ 127.292287715642189, 36.264327583027139 ], [ 127.292359870784765, 36.264294766680337 ], [ 127.29251156891867, 36.264228953830639 ], [ 127.292842914122119, 36.264182988965068 ], [ 127.292881222201018, 36.264178407400145 ], [ 127.29330130679007, 36.264163388300311 ], [ 127.293370932231994, 36.264479660183817 ], [ 127.293502960665862, 36.265040027842275 ], [ 127.294003001421828, 36.26570762851437 ], [ 127.29573619320837, 36.267474923789102 ], [ 127.296757736578172, 36.267268153398376 ], [ 127.296940552766699, 36.267506578904275 ], [ 127.297317129007666, 36.268013771235189 ], [ 127.297760738984422, 36.268391251203489 ], [ 127.297883158399841, 36.268628183972872 ], [ 127.298877123001674, 36.269375366304786 ], [ 127.299411120968514, 36.269572955353723 ], [ 127.30042514010195, 36.270041681048703 ], [ 127.300444810030427, 36.270048823699895 ], [ 127.300754842766764, 36.270326901467847 ], [ 127.301211422126499, 36.270351450471992 ], [ 127.301464664692702, 36.270503854989158 ], [ 127.302001200036955, 36.270543727503636 ], [ 127.302529674160496, 36.270602931375599 ], [ 127.302867273786305, 36.270693389157408 ], [ 127.302946585624042, 36.270712564176513 ], [ 127.303992350368375, 36.271132965991143 ], [ 127.304507033460666, 36.271340179369588 ], [ 127.305062179372868, 36.271514222403717 ], [ 127.305520782681171, 36.271780096644463 ], [ 127.306511145178717, 36.272161622769225 ], [ 127.306704578943098, 36.272320882201534 ], [ 127.307872764385635, 36.272457037855979 ], [ 127.308256482435809, 36.272165377270817 ], [ 127.308911527819347, 36.272047199747391 ], [ 127.309342459942386, 36.272153610699526 ], [ 127.310400910635551, 36.27241496943661 ] ] ] ] } },
{ "type": "Feature", "properties": { "EMD_CD": "30170125", "EMD_ENG_NM": "Yongchon-dong", "EMD_KOR_NM": "용촌동" }, "geometry": { "type": "MultiPolygon", "coordinates": [ [ [ [ 127.313996718659581, 36.259502137496533 ], [ 127.314842605757661, 36.259698779591325 ], [ 127.315157735021486, 36.259765921340268 ], [ 127.315370945983219, 36.259784972064551 ], [ 127.315413808630282, 36.259720983783417 ], [ 127.315440949204188, 36.259682062008395 ], [ 127.315455876204737, 36.259650030695994 ], [ 127.315464249979229, 36.259626397926333 ], [ 127.315710288755668, 36.259273929831053 ], [ 127.315892962624432, 36.259328340484771 ], [ 127.316274455206852, 36.259434523680859 ], [ 127.316334229631565, 36.259442207239083 ], [ 127.316756357590521, 36.25944503344698 ], [ 127.316821029669612, 36.259467085978947 ], [ 127.316984347098284, 36.259525476070927 ], [ 127.31734381700582, 36.259658037235894 ], [ 127.317672167715386, 36.259799647025581 ], [ 127.317872389241913, 36.259688011132802 ], [ 127.318059262716218, 36.25958033837577 ], [ 127.3183205462811, 36.259509057553913 ], [ 127.318691527511319, 36.25941134997192 ], [ 127.318714100463438, 36.259404756282109 ], [ 127.318841586211363, 36.259206590653505 ], [ 127.319153067117142, 36.259169166528508 ], [ 127.319876096679735, 36.259278387142949 ], [ 127.320141087874589, 36.258928680261924 ], [ 127.320936534646876, 36.258521647209996 ], [ 127.321195081508904, 36.258252673550437 ], [ 127.321234280835441, 36.257826137259258 ], [ 127.321481290384313, 36.257312820632499 ], [ 127.321611371961779, 36.257060599951735 ], [ 127.321627674607313, 36.257033656453707 ], [ 127.321783151391401, 36.256812693459977 ], [ 127.322064243812449, 36.256606227182374 ], [ 127.322827086576197, 36.25506284797607 ], [ 127.322921783451349, 36.254649418423227 ], [ 127.32270522370986, 36.25463003897346 ], [ 127.322891150542191, 36.254485998587207 ], [ 127.323399453789193, 36.254288795171853 ], [ 127.323473403040154, 36.254264931246155 ], [ 127.323514672297406, 36.254246012342634 ], [ 127.323626588342165, 36.254187395102718 ], [ 127.323774352826334, 36.254109711871237 ], [ 127.323910163126769, 36.254039008533439 ], [ 127.32406222298988, 36.254007408566828 ], [ 127.324307611930934, 36.253956803174688 ], [ 127.324539185461575, 36.253909793859172 ], [ 127.324650932474754, 36.253899461449137 ], [ 127.324762430569692, 36.253888436177625 ], [ 127.324921815561481, 36.253873973557759 ], [ 127.325035840855122, 36.253863212308467 ], [ 127.325193778506787, 36.253910781851715 ], [ 127.325359481473015, 36.253990556919753 ], [ 127.32550274663717, 36.254060434009837 ], [ 127.325619355082111, 36.254152255107179 ], [ 127.325756207366567, 36.254258765006504 ], [ 127.326316726084528, 36.254754121549922 ], [ 127.326434074681373, 36.254871317011471 ], [ 127.326730694311394, 36.255220963654324 ], [ 127.32680499473031, 36.255297821883779 ], [ 127.32696001070822, 36.255458163122725 ], [ 127.326973038582196, 36.255471266299303 ], [ 127.327602763086546, 36.255506842339706 ], [ 127.327637124811829, 36.255440286780136 ], [ 127.327633327294947, 36.25543956723542 ], [ 127.327879211812956, 36.255060759151796 ], [ 127.32785729781429, 36.25497670212804 ], [ 127.327842793078446, 36.25491616463249 ], [ 127.327824822963905, 36.254841154053665 ], [ 127.327849218350835, 36.254826460864031 ], [ 127.328017297542843, 36.254820838311488 ], [ 127.328100483557577, 36.254816177084315 ], [ 127.328550979058832, 36.25527990410032 ], [ 127.32887632087909, 36.255614786207012 ], [ 127.328897685732741, 36.25563378741186 ], [ 127.329814366798246, 36.255050642337714 ], [ 127.330392983744275, 36.255447078810789 ], [ 127.33059492728438, 36.25545596821172 ], [ 127.330785778616956, 36.255578940518838 ], [ 127.331309699643739, 36.255397179238209 ], [ 127.331487200668803, 36.255276760223367 ], [ 127.331762956120144, 36.255377436390276 ], [ 127.332151119725722, 36.255405265481421 ], [ 127.332471945360354, 36.255393572584616 ], [ 127.332798166436405, 36.255379197115694 ], [ 127.33314253513403, 36.25535684865708 ], [ 127.333128693792474, 36.255309439281262 ], [ 127.333011492598018, 36.254984833113099 ], [ 127.332727516944502, 36.254289166688437 ], [ 127.33270984254402, 36.254245868320687 ], [ 127.332607872716011, 36.253991268614378 ], [ 127.332547761784127, 36.253916150552527 ], [ 127.332239049915259, 36.253508506293144 ], [ 127.332248244093961, 36.253493557195348 ], [ 127.332301762640355, 36.253406526144133 ], [ 127.332362720297894, 36.25331053427135 ], [ 127.332584494327534, 36.252957206009256 ], [ 127.332590639611226, 36.252947429273 ], [ 127.332777909340265, 36.252628711061632 ], [ 127.332724787921336, 36.252601426493833 ], [ 127.33212262608815, 36.252276196474078 ], [ 127.332084339795742, 36.252249671890574 ], [ 127.332070089159629, 36.252239789667733 ], [ 127.331839758768652, 36.252016751838752 ], [ 127.331367115710691, 36.25175275627992 ], [ 127.331260365376338, 36.25142048638655 ], [ 127.331197047821561, 36.251262150973183 ], [ 127.331437381813913, 36.250676511082951 ], [ 127.331473354026357, 36.250592105974803 ], [ 127.331497882931117, 36.25041923630441 ], [ 127.331499169291192, 36.250410139696953 ], [ 127.331500793978989, 36.250396950536476 ], [ 127.331602352675233, 36.249571545166035 ], [ 127.331602696014812, 36.249568732819448 ], [ 127.331605665654351, 36.249544545761204 ], [ 127.331608183069761, 36.249524109407758 ], [ 127.331623230600059, 36.24934036074373 ], [ 127.331575344134166, 36.249279176713316 ], [ 127.331560644783096, 36.24926039098775 ], [ 127.331523249828948, 36.24921262336823 ], [ 127.331511582917187, 36.249197723114513 ], [ 127.331488676368593, 36.249174157425045 ], [ 127.331462159380393, 36.249146879429198 ], [ 127.331428935965832, 36.24900880138371 ], [ 127.331380345462748, 36.248806807764694 ], [ 127.331356216548897, 36.248757237819802 ], [ 127.331340292035605, 36.248724523186773 ], [ 127.33124199999213, 36.248556182175101 ], [ 127.331048298380267, 36.248397062387689 ], [ 127.331026360735891, 36.248379044320089 ], [ 127.330960274230165, 36.248289044921719 ], [ 127.330900946204267, 36.248234885406703 ], [ 127.330857310858306, 36.248195046818694 ], [ 127.330542776699744, 36.247962244174587 ], [ 127.330424184746022, 36.247865900071446 ], [ 127.330233766477107, 36.247695594512486 ], [ 127.330156029820927, 36.247615539208141 ], [ 127.329937691559067, 36.247459521518124 ], [ 127.329566239672531, 36.247268147422382 ], [ 127.329475120611775, 36.247172132141046 ], [ 127.329384120942805, 36.247118220234768 ], [ 127.329356267473571, 36.24714071800873 ], [ 127.328905773016089, 36.24750455298301 ], [ 127.328794814332184, 36.247591991956583 ], [ 127.328476232084512, 36.24752823030606 ], [ 127.32827894842309, 36.24790717721244 ], [ 127.327916621353268, 36.248015065281656 ], [ 127.327818983592678, 36.247938063795118 ], [ 127.327793031639189, 36.247917759288661 ], [ 127.327387120707328, 36.248006280297993 ], [ 127.327234139490571, 36.248035093803296 ], [ 127.327113787362322, 36.24824590179162 ], [ 127.326807663142915, 36.248332158175039 ], [ 127.326763533459498, 36.248298799516377 ], [ 127.32631689871323, 36.247997494110976 ], [ 127.326314153571047, 36.24777772025606 ], [ 127.326275863625369, 36.247687372196538 ], [ 127.326174669788102, 36.247408919207146 ], [ 127.326221681360238, 36.247138706198243 ], [ 127.326277307062711, 36.246783316535961 ], [ 127.326431023511475, 36.246351969660097 ], [ 127.326227545624292, 36.24622743732025 ], [ 127.325955353092226, 36.246061574168195 ], [ 127.324790266673432, 36.246044064115033 ], [ 127.324698124976408, 36.246052009499387 ], [ 127.324195953512756, 36.246095288238948 ], [ 127.323479309954408, 36.245903562652678 ], [ 127.323335235123523, 36.246291505976195 ], [ 127.323196857704218, 36.246278450071387 ], [ 127.323076645026404, 36.246267112400758 ], [ 127.322445576582439, 36.245805470594057 ], [ 127.322140760976211, 36.245827033541303 ], [ 127.321940158031609, 36.245911408947933 ], [ 127.321283292460024, 36.245824994201804 ], [ 127.321077174812601, 36.245517068483245 ], [ 127.320096609885624, 36.245315583443315 ], [ 127.320101306454291, 36.24529400565639 ], [ 127.320090740021683, 36.245291970165965 ], [ 127.320049543206864, 36.245283635982666 ], [ 127.320022284745875, 36.245278004134434 ], [ 127.319987470175775, 36.24523869694621 ], [ 127.319996590017354, 36.24517223680278 ], [ 127.320013753488411, 36.245102836281966 ], [ 127.320037521427579, 36.245002587523416 ], [ 127.320043122035628, 36.24497895287017 ], [ 127.320095372564822, 36.244835173575346 ], [ 127.320096319075532, 36.244832557810767 ], [ 127.320072722354624, 36.24481348851382 ], [ 127.320058658303566, 36.244802125691038 ], [ 127.320037551115277, 36.244785076929141 ], [ 127.320000906830174, 36.244755481167793 ], [ 127.319972106204688, 36.244742526383163 ], [ 127.31987246481323, 36.244697714201678 ], [ 127.319775218837648, 36.244653787290751 ], [ 127.319749650791891, 36.244658920650657 ], [ 127.319676033410929, 36.244652961358682 ], [ 127.319609105262572, 36.244664196633302 ], [ 127.319584397991392, 36.244681141570659 ], [ 127.319518584117588, 36.244679315931315 ], [ 127.319472194508947, 36.244685395745961 ], [ 127.319438432175559, 36.244719073168298 ], [ 127.319399306137527, 36.244736056532183 ], [ 127.319363769409989, 36.244768404151266 ], [ 127.319324738613815, 36.244792289901788 ], [ 127.319247594391257, 36.244822171503323 ], [ 127.319214454794604, 36.244803757353957 ], [ 127.319096245243031, 36.244874228982177 ], [ 127.319014355280189, 36.24490259941318 ], [ 127.318977977537415, 36.244925099807411 ], [ 127.318903021761571, 36.244979135242417 ], [ 127.318892408235229, 36.244995465948719 ], [ 127.318838626327278, 36.245069325377756 ], [ 127.31883089508915, 36.245116406033453 ], [ 127.31881093570226, 36.245154786094488 ], [ 127.318726542503697, 36.245265757010102 ], [ 127.318688286146127, 36.245316307069899 ], [ 127.318663908020341, 36.245332250695697 ], [ 127.318494733092351, 36.245328887144076 ], [ 127.318426027430959, 36.245335539162909 ], [ 127.318343063579675, 36.245334911842654 ], [ 127.318174839730275, 36.245366096683803 ], [ 127.317990417526048, 36.245427676541134 ], [ 127.317898995748806, 36.24543762374239 ], [ 127.317838772598563, 36.245420714714271 ], [ 127.317694509792474, 36.245461919416258 ], [ 127.31755228104474, 36.245467162446246 ], [ 127.317484060225624, 36.245491953850951 ], [ 127.317429911981421, 36.245483517708763 ], [ 127.317342252725979, 36.245455181452343 ], [ 127.317261023862358, 36.245446509719855 ], [ 127.317164057273374, 36.245416548834065 ], [ 127.317071042516659, 36.24540099712025 ], [ 127.316871264270091, 36.245323562353875 ], [ 127.316813990623075, 36.245334662202644 ], [ 127.316761497328258, 36.245322544579778 ], [ 127.316740532333441, 36.245318625629437 ], [ 127.316673542152287, 36.245262180720751 ], [ 127.316629412053942, 36.245196582498806 ], [ 127.316523843644561, 36.245108093613382 ], [ 127.316383914470805, 36.245073387530837 ], [ 127.316307527971418, 36.24503435123119 ], [ 127.316215258352599, 36.244988173455205 ], [ 127.316179151898055, 36.244948193307721 ], [ 127.316162767691949, 36.24494631614845 ], [ 127.316160112811787, 36.244980442009123 ], [ 127.316197624879067, 36.2450327205772 ], [ 127.316103895710285, 36.244991467425095 ], [ 127.31601093951798, 36.244951428883759 ], [ 127.31589959734022, 36.244918305490529 ], [ 127.315629836275946, 36.244805599634894 ], [ 127.315367458024454, 36.24474186241877 ], [ 127.315213342454925, 36.244700776070466 ], [ 127.315129740603652, 36.244713215298169 ], [ 127.315047088003993, 36.244687261642021 ], [ 127.314960514028002, 36.244668509706983 ], [ 127.314844760075133, 36.244658656471898 ], [ 127.314684569318189, 36.245004834228304 ], [ 127.314550736949101, 36.24527675711667 ], [ 127.314429231999327, 36.24553803197805 ], [ 127.314271074695242, 36.245881742959028 ], [ 127.314304482425129, 36.245889631497157 ], [ 127.314383456596985, 36.245930014622303 ], [ 127.314204743980753, 36.245901183848687 ], [ 127.313742375671609, 36.246162518980697 ], [ 127.313519317881386, 36.246142409504834 ], [ 127.313190958720796, 36.246105478715705 ], [ 127.313033055766141, 36.245926455525343 ], [ 127.312830694867756, 36.245758171612771 ], [ 127.312639084185051, 36.245624086579092 ], [ 127.312301137027589, 36.245387610838698 ], [ 127.312227373350424, 36.245353187512386 ], [ 127.31177324623448, 36.24509427529793 ], [ 127.311431727574004, 36.244881867311825 ], [ 127.311046224439309, 36.244642086713775 ], [ 127.310595158879963, 36.24485346383473 ], [ 127.310157202518539, 36.24502664892298 ], [ 127.309047759721182, 36.244969244086931 ], [ 127.308988917232028, 36.244966195956842 ], [ 127.308937894027963, 36.245008286551688 ], [ 127.308668147898914, 36.245348888573929 ], [ 127.308174205711865, 36.245110278076801 ], [ 127.307666384480186, 36.244978005185033 ], [ 127.306753207907136, 36.245121302323348 ], [ 127.306595190073381, 36.245148605415238 ], [ 127.306115583440956, 36.245342690502476 ], [ 127.305912524886423, 36.245196981180989 ], [ 127.30588105364302, 36.245174405419036 ], [ 127.304824911843738, 36.24535860525183 ], [ 127.304778691525641, 36.245365805680166 ], [ 127.304360104415224, 36.244977832695014 ], [ 127.304340246719931, 36.244963607782644 ], [ 127.304264163114496, 36.244892381682241 ], [ 127.304187266269608, 36.245103183266913 ], [ 127.30372391869092, 36.245603197568926 ], [ 127.303580067566031, 36.245918660725621 ], [ 127.303459965522947, 36.246186923611127 ], [ 127.303850035869146, 36.246319458040517 ], [ 127.304040591290857, 36.246460236757031 ], [ 127.304003489129158, 36.247225762234507 ], [ 127.304687328952355, 36.247465315420314 ], [ 127.304943937129195, 36.247478155161936 ], [ 127.305467010287828, 36.248130223021391 ], [ 127.306054570474714, 36.248631076980914 ], [ 127.306088920267214, 36.248786930689064 ], [ 127.30613712316007, 36.248963314539822 ], [ 127.3057825501336, 36.249295691579235 ], [ 127.305473192212531, 36.249582811746826 ], [ 127.305346267731807, 36.249700612892852 ], [ 127.305441498451572, 36.250031943958753 ], [ 127.305381460445233, 36.25017226721733 ], [ 127.305469920941661, 36.250625356634032 ], [ 127.305557645747413, 36.250842500418436 ], [ 127.305545594864114, 36.250922655416417 ], [ 127.305517090746847, 36.251112427118507 ], [ 127.305787210020142, 36.251585187024773 ], [ 127.30569240106243, 36.251688064495454 ], [ 127.305659933446904, 36.251963450695641 ], [ 127.306300260078487, 36.252540967058529 ], [ 127.306447215195377, 36.252697867904111 ], [ 127.306564954393693, 36.252814902277088 ], [ 127.306595056030929, 36.252844816913225 ], [ 127.306699332876647, 36.252799014069751 ], [ 127.30672857801855, 36.252865942154919 ], [ 127.306796610174857, 36.253021673675597 ], [ 127.306776483632802, 36.253033611682689 ], [ 127.306658779891563, 36.253100230216589 ], [ 127.306531216316969, 36.253172154407764 ], [ 127.3064202827928, 36.253231744446687 ], [ 127.306413876155318, 36.25323518512824 ], [ 127.306375725412039, 36.253267148622399 ], [ 127.306340352299713, 36.253295337343836 ], [ 127.306230537644197, 36.253385141720642 ], [ 127.306202368280353, 36.253405778165977 ], [ 127.306205594729704, 36.253405950218834 ], [ 127.306196233857804, 36.253410750109289 ], [ 127.30621146251886, 36.253409720154806 ], [ 127.306239660964948, 36.253407818832379 ], [ 127.30634405070434, 36.253347885618609 ], [ 127.30653343822334, 36.25325722994284 ], [ 127.306647529592723, 36.253259949151904 ], [ 127.306728628967619, 36.253279622261303 ], [ 127.306773775779561, 36.253278461526257 ], [ 127.306865970074739, 36.253235492277497 ], [ 127.306916286567997, 36.253190584145578 ], [ 127.306959055892193, 36.253173198814096 ], [ 127.307080278012762, 36.253175773236471 ], [ 127.307080422627678, 36.253175808631859 ], [ 127.30720666944265, 36.253191356259244 ], [ 127.307310490334174, 36.253216963799289 ], [ 127.307353910509278, 36.253226675421914 ], [ 127.307423126434642, 36.25326351950352 ], [ 127.307462047414703, 36.253283624051747 ], [ 127.307715606749881, 36.25329716874883 ], [ 127.30805516855051, 36.253323397935304 ], [ 127.308145196996719, 36.253330223932153 ], [ 127.308329804405403, 36.253186885616181 ], [ 127.308423002521565, 36.253113740155101 ], [ 127.308590545715646, 36.252986035593118 ], [ 127.308637794907227, 36.252950470846294 ], [ 127.308763767397295, 36.252853783514027 ], [ 127.308915690535599, 36.252737897871882 ], [ 127.309095683184466, 36.252652858582145 ], [ 127.309353894937658, 36.252531219175232 ], [ 127.309906739186005, 36.252408459227844 ], [ 127.310541861775278, 36.252178279619258 ], [ 127.311011075521449, 36.252134566779567 ], [ 127.311325050841617, 36.252137611305706 ], [ 127.311548707696176, 36.252139131384766 ], [ 127.312338632472432, 36.252211987435096 ], [ 127.312519513397078, 36.252324156357481 ], [ 127.312912235677658, 36.252538995681888 ], [ 127.312947125147545, 36.252666999353522 ], [ 127.313027669888257, 36.252961639648262 ], [ 127.313063195930511, 36.253093093605031 ], [ 127.313093356682757, 36.25319591222884 ], [ 127.313186982839056, 36.25351734627597 ], [ 127.313229666056586, 36.25380357755855 ], [ 127.313248700511565, 36.253855877485222 ], [ 127.313310655454686, 36.254301794250189 ], [ 127.31326011961518, 36.254713677275731 ], [ 127.313093164135822, 36.255134208547567 ], [ 127.31299900081747, 36.255288854262226 ], [ 127.31292618242334, 36.255405539595529 ], [ 127.312874070277999, 36.25550786070481 ], [ 127.312798333803457, 36.255663043773055 ], [ 127.312784480691136, 36.255800609893626 ], [ 127.31277986951558, 36.255861027983578 ], [ 127.312798379207322, 36.256041847329804 ], [ 127.312832151974476, 36.256396006142879 ], [ 127.313022442954818, 36.256608614318424 ], [ 127.313078563564417, 36.256672028348575 ], [ 127.313132889047765, 36.256723263218063 ], [ 127.313238192892982, 36.256817884147644 ], [ 127.313379974589381, 36.256944221103723 ], [ 127.313486050258248, 36.257039848251971 ], [ 127.313606903560938, 36.257138618770846 ], [ 127.313726606379177, 36.257235904314399 ], [ 127.313969174175782, 36.257447751850279 ], [ 127.314247849270743, 36.257692461831709 ], [ 127.31448729510349, 36.257904829922317 ], [ 127.3140933403308, 36.258114763670925 ], [ 127.313849383355361, 36.259307325473962 ], [ 127.313996718659581, 36.259502137496533 ] ] ] ] } },
{ "type": "Feature", "properties": { "EMD_CD": "30170126", "EMD_ENG_NM": "Bonggok-dong", "EMD_KOR_NM": "봉곡동" }, "geometry": { "type": "MultiPolygon", "coordinates": [ [ [ [ 127.310400910635551, 36.27241496943661 ], [ 127.310513583853165, 36.272442790768586 ], [ 127.310034187584762, 36.272970543772601 ], [ 127.309917752545132, 36.273530821117795 ], [ 127.309875620881712, 36.273744104352687 ], [ 127.309890059092083, 36.274196741112057 ], [ 127.309911242385724, 36.274860883938047 ], [ 127.309901367805224, 36.275230871282687 ], [ 127.309297145409275, 36.27537641926159 ], [ 127.309099710194957, 36.275542293588188 ], [ 127.309011505792924, 36.275675093522096 ], [ 127.308857275027762, 36.275931786478779 ], [ 127.308783805914018, 36.276113067107737 ], [ 127.308728182644316, 36.276250325155743 ], [ 127.308666065489518, 36.276403054937532 ], [ 127.308646574782273, 36.27679748909086 ], [ 127.308559997762444, 36.277164465759384 ], [ 127.30899707828813, 36.277286209575067 ], [ 127.309528301577842, 36.277369301331731 ], [ 127.309534234522005, 36.277369538042628 ], [ 127.309723195388102, 36.277374539097067 ], [ 127.309873329098693, 36.277632593576676 ], [ 127.310277643010394, 36.277769998645454 ], [ 127.310502381137383, 36.278154394138326 ], [ 127.310272285977007, 36.278806128195214 ], [ 127.310748704472985, 36.279792158995754 ], [ 127.310670880300634, 36.280542548956767 ], [ 127.310919034026682, 36.28103955759503 ], [ 127.311047490327837, 36.282006183349054 ], [ 127.311300809102875, 36.282509963591842 ], [ 127.312190550133238, 36.282507492169643 ], [ 127.312399811240539, 36.282489168439618 ], [ 127.312554936244936, 36.282492707830428 ], [ 127.313581236409519, 36.282516118581476 ], [ 127.31371829187394, 36.283165259840509 ], [ 127.314048581996744, 36.284258673667409 ], [ 127.314105025492424, 36.284247297180379 ], [ 127.3141175069144, 36.284239937598521 ], [ 127.314340394581905, 36.284075881035562 ], [ 127.314607362105377, 36.283879400391797 ], [ 127.314782003308864, 36.283750705485751 ], [ 127.314944003581147, 36.283631658762872 ], [ 127.315084412613359, 36.283510505518841 ], [ 127.315150008750649, 36.283444258605471 ], [ 127.315178565757591, 36.283415417624077 ], [ 127.315466235325431, 36.283124897472021 ], [ 127.315508072588031, 36.28308264856603 ], [ 127.315668006411244, 36.282920637253703 ], [ 127.315777544864474, 36.282776602705795 ], [ 127.315821967781119, 36.282718188508134 ], [ 127.315872788752358, 36.282651367406892 ], [ 127.315925337672255, 36.282582252731167 ], [ 127.316183037917085, 36.282216839909225 ], [ 127.316232832959841, 36.281485446411381 ], [ 127.316727502980527, 36.281241006854394 ], [ 127.316908529647009, 36.281151552946604 ], [ 127.317113031244148, 36.280994568708174 ], [ 127.317572925283599, 36.280245193579233 ], [ 127.317720822792083, 36.279908157599472 ], [ 127.317929389380197, 36.279595589601868 ], [ 127.317989255463146, 36.279512693377995 ], [ 127.318236438871352, 36.279152706012177 ], [ 127.318444657245621, 36.279243219884876 ], [ 127.318491484500768, 36.279274062160788 ], [ 127.31851887697718, 36.27928310238525 ], [ 127.318851531286114, 36.27930736830897 ], [ 127.319070258995197, 36.27928714958702 ], [ 127.319385732337508, 36.279406013950329 ], [ 127.319683012227216, 36.279520681986206 ], [ 127.319929930215977, 36.279533576804582 ], [ 127.320436133013729, 36.2796923046728 ], [ 127.320629535287665, 36.279774976819681 ], [ 127.32103041048974, 36.279946329462931 ], [ 127.321466004269567, 36.279951490898938 ], [ 127.321642893465565, 36.280065098296966 ], [ 127.321842672717651, 36.280193405240468 ], [ 127.322061648744793, 36.280173929707914 ], [ 127.322310851796715, 36.28030329268492 ], [ 127.322536851966674, 36.280319385526987 ], [ 127.322620819410247, 36.280324873515127 ], [ 127.322976533173488, 36.280471323544802 ], [ 127.323070827798105, 36.280508874736334 ], [ 127.323456000394614, 36.280662255980175 ], [ 127.32358471072682, 36.280697055086812 ], [ 127.323689160836523, 36.280721880267784 ], [ 127.323851026039463, 36.280758897485704 ], [ 127.324504181613079, 36.281032283674989 ], [ 127.324592568490772, 36.281124055529133 ], [ 127.324834758968464, 36.281151742904562 ], [ 127.325359543136898, 36.281242026693974 ], [ 127.325743565185917, 36.281435415722015 ], [ 127.326117087752806, 36.28149586350316 ], [ 127.326882892760025, 36.281767714115581 ], [ 127.327101396199723, 36.281813449103602 ], [ 127.327728335715605, 36.282185189315626 ], [ 127.327816641158989, 36.282237595427176 ], [ 127.328400729172856, 36.282584207834624 ], [ 127.328514912244856, 36.282649348225355 ], [ 127.329237258245698, 36.281696246613102 ], [ 127.329383905729969, 36.28159564250933 ], [ 127.329392870165947, 36.281295992829534 ], [ 127.329527572500538, 36.28113942239964 ], [ 127.329249429745985, 36.280534059602928 ], [ 127.329177047923494, 36.280241058808684 ], [ 127.329217261066617, 36.279955841841478 ], [ 127.329241766465046, 36.27978199078855 ], [ 127.329259847189761, 36.279599443188673 ], [ 127.32891422184494, 36.278936265371044 ], [ 127.328890986541992, 36.278902678146316 ], [ 127.328860236437279, 36.278769991270309 ], [ 127.328448492535898, 36.278226363319469 ], [ 127.328272275584325, 36.277896561996933 ], [ 127.327842962614326, 36.27712457481703 ], [ 127.327516469241303, 36.276485257342522 ], [ 127.327442494544229, 36.276406334836238 ], [ 127.327549951277362, 36.276269341771574 ], [ 127.327675396816986, 36.276109418700493 ], [ 127.327898004042822, 36.27597082195507 ], [ 127.328018101616749, 36.275823042683257 ], [ 127.328145880074942, 36.275721157668102 ], [ 127.328568072787078, 36.275344761412711 ], [ 127.328703736862053, 36.275223298411674 ], [ 127.328965520225566, 36.274861667904126 ], [ 127.329008893098248, 36.274803368905786 ], [ 127.329181588596597, 36.27468588587459 ], [ 127.329544310287915, 36.274528635560685 ], [ 127.329689567794063, 36.274327895177557 ], [ 127.329787911932755, 36.274185518252914 ], [ 127.330585898889652, 36.273770277689493 ], [ 127.33075021235264, 36.273571087726374 ], [ 127.330630699537707, 36.273389495418137 ], [ 127.330590280758585, 36.273321351138279 ], [ 127.330669705051434, 36.273158288407686 ], [ 127.330986135949118, 36.272973296407024 ], [ 127.331424511597078, 36.272685927057452 ], [ 127.331543621859979, 36.272671368689224 ], [ 127.331619805031252, 36.272669571935758 ], [ 127.331876872384981, 36.272665257701071 ], [ 127.332173524890436, 36.272591703430329 ], [ 127.332635970403473, 36.27245287624617 ], [ 127.333087805905905, 36.272008198184807 ], [ 127.333213441332902, 36.271621062701961 ], [ 127.333259839008349, 36.271505519104899 ], [ 127.333353176638155, 36.271402490023959 ], [ 127.334064749184833, 36.270888750321554 ], [ 127.334095433951148, 36.270752703063827 ], [ 127.334406828233398, 36.270473569833662 ], [ 127.33459217672555, 36.270213387187617 ], [ 127.334615221537234, 36.270181033991889 ], [ 127.334737895672362, 36.27008424736362 ], [ 127.33475168374305, 36.269976643589182 ], [ 127.334766256535815, 36.269862820235026 ], [ 127.334931512892325, 36.269672633938931 ], [ 127.335002569476075, 36.269598998080887 ], [ 127.335299488679155, 36.269291290340078 ], [ 127.335162103092998, 36.268725820728811 ], [ 127.335132447024094, 36.26864526597533 ], [ 127.334837400783513, 36.268173364468531 ], [ 127.33479603874089, 36.268092841999682 ], [ 127.334768201569702, 36.267989643732719 ], [ 127.334674376565715, 36.267955561585502 ], [ 127.334581101456166, 36.267967076754779 ], [ 127.334566112042964, 36.267825741106975 ], [ 127.334515758834016, 36.267750722554482 ], [ 127.334463897024904, 36.267742189137763 ], [ 127.33393022003969, 36.267724550516583 ], [ 127.333348730773196, 36.26772432691596 ], [ 127.332606581695529, 36.267687930015853 ], [ 127.332601986250566, 36.267398221421459 ], [ 127.332599481910435, 36.267179214158475 ], [ 127.332541688936075, 36.266624848974487 ], [ 127.332555918928094, 36.266644004401861 ], [ 127.33245109152864, 36.266437410210827 ], [ 127.332420849690877, 36.266391173114663 ], [ 127.332391504716583, 36.266373048410671 ], [ 127.332372060050503, 36.26632452130842 ], [ 127.332324254830411, 36.266298564895934 ], [ 127.332298368147832, 36.266284911322423 ], [ 127.332273537090288, 36.266286637822859 ], [ 127.332227336699233, 36.26629036166274 ], [ 127.332225111932587, 36.266287979332652 ], [ 127.332188088167101, 36.266248448203044 ], [ 127.332178497065158, 36.266238210185719 ], [ 127.332115034304863, 36.266088194003508 ], [ 127.332099717451968, 36.266055352402915 ], [ 127.331923554299635, 36.265653569154821 ], [ 127.331639315071229, 36.265319952354574 ], [ 127.331509013447288, 36.265012729211904 ], [ 127.331466695517534, 36.264735560553511 ], [ 127.331222027119253, 36.264583331630035 ], [ 127.331694738372377, 36.264094559876078 ], [ 127.331765288534243, 36.264017358630014 ], [ 127.331977639440012, 36.263736332807859 ], [ 127.332052160894662, 36.263064854163446 ], [ 127.332328882849197, 36.262596536701707 ], [ 127.332505865134124, 36.261930415225876 ], [ 127.333039315930066, 36.26145622147807 ], [ 127.333063966333953, 36.260372092802541 ], [ 127.333335895445401, 36.260092070523953 ], [ 127.333086414039144, 36.2599649024746 ], [ 127.332394397016571, 36.259616276881708 ], [ 127.332078562050484, 36.259155284223631 ], [ 127.33152804184931, 36.258958102065769 ], [ 127.331212253325859, 36.258447974580506 ], [ 127.331228175588947, 36.258069081999984 ], [ 127.331043258318587, 36.257903647866186 ], [ 127.330946131212812, 36.257824331887761 ], [ 127.330662278683931, 36.257649598159659 ], [ 127.33054579314144, 36.257579049714423 ], [ 127.330399292370601, 36.25756527740613 ], [ 127.330269165079358, 36.257282140348245 ], [ 127.330520094462329, 36.256760133139494 ], [ 127.330503550990969, 36.256222090702401 ], [ 127.33050818928524, 36.255810362884944 ], [ 127.330603349295018, 36.255728922234219 ], [ 127.330785778616956, 36.255578940518838 ], [ 127.33059492728438, 36.25545596821172 ], [ 127.330392983744275, 36.255447078810789 ], [ 127.329814366798246, 36.255050642337714 ], [ 127.328897685732741, 36.25563378741186 ], [ 127.32887632087909, 36.255614786207012 ], [ 127.328550979058832, 36.25527990410032 ], [ 127.328100483557577, 36.254816177084315 ], [ 127.328017297542843, 36.254820838311488 ], [ 127.327849218350835, 36.254826460864031 ], [ 127.327824822963905, 36.254841154053665 ], [ 127.327842793078446, 36.25491616463249 ], [ 127.32785729781429, 36.25497670212804 ], [ 127.327879211812956, 36.255060759151796 ], [ 127.327633327294947, 36.25543956723542 ], [ 127.327637124811829, 36.255440286780136 ], [ 127.327602763086546, 36.255506842339706 ], [ 127.326973038582196, 36.255471266299303 ], [ 127.32696001070822, 36.255458163122725 ], [ 127.32680499473031, 36.255297821883779 ], [ 127.326730694311394, 36.255220963654324 ], [ 127.326434074681373, 36.254871317011471 ], [ 127.326316726084528, 36.254754121549922 ], [ 127.325756207366567, 36.254258765006504 ], [ 127.325619355082111, 36.254152255107179 ], [ 127.32550274663717, 36.254060434009837 ], [ 127.325359481473015, 36.253990556919753 ], [ 127.325193778506787, 36.253910781851715 ], [ 127.325035840855122, 36.253863212308467 ], [ 127.324921815561481, 36.253873973557759 ], [ 127.324762430569692, 36.253888436177625 ], [ 127.324650932474754, 36.253899461449137 ], [ 127.324539185461575, 36.253909793859172 ], [ 127.324307611930934, 36.253956803174688 ], [ 127.32406222298988, 36.254007408566828 ], [ 127.323910163126769, 36.254039008533439 ], [ 127.323774352826334, 36.254109711871237 ], [ 127.323626588342165, 36.254187395102718 ], [ 127.323514672297406, 36.254246012342634 ], [ 127.323473403040154, 36.254264931246155 ], [ 127.323399453789193, 36.254288795171853 ], [ 127.322891150542191, 36.254485998587207 ], [ 127.32270522370986, 36.25463003897346 ], [ 127.322921783451349, 36.254649418423227 ], [ 127.322827086576197, 36.25506284797607 ], [ 127.322064243812449, 36.256606227182374 ], [ 127.321783151391401, 36.256812693459977 ], [ 127.321627674607313, 36.257033656453707 ], [ 127.321611371961779, 36.257060599951735 ], [ 127.321481290384313, 36.257312820632499 ], [ 127.321234280835441, 36.257826137259258 ], [ 127.321195081508904, 36.258252673550437 ], [ 127.320936534646876, 36.258521647209996 ], [ 127.320141087874589, 36.258928680261924 ], [ 127.319876096679735, 36.259278387142949 ], [ 127.319153067117142, 36.259169166528508 ], [ 127.318841586211363, 36.259206590653505 ], [ 127.318714100463438, 36.259404756282109 ], [ 127.318691527511319, 36.25941134997192 ], [ 127.3183205462811, 36.259509057553913 ], [ 127.318059262716218, 36.25958033837577 ], [ 127.317872389241913, 36.259688011132802 ], [ 127.317672167715386, 36.259799647025581 ], [ 127.31734381700582, 36.259658037235894 ], [ 127.316984347098284, 36.259525476070927 ], [ 127.316821029669612, 36.259467085978947 ], [ 127.316756357590521, 36.25944503344698 ], [ 127.316334229631565, 36.259442207239083 ], [ 127.316274455206852, 36.259434523680859 ], [ 127.315892962624432, 36.259328340484771 ], [ 127.315710288755668, 36.259273929831053 ], [ 127.315464249979229, 36.259626397926333 ], [ 127.315455876204737, 36.259650030695994 ], [ 127.315440949204188, 36.259682062008395 ], [ 127.315413808630282, 36.259720983783417 ], [ 127.315370945983219, 36.259784972064551 ], [ 127.315157735021486, 36.259765921340268 ], [ 127.314842605757661, 36.259698779591325 ], [ 127.313996718659581, 36.259502137496533 ], [ 127.313986407059815, 36.259531083552453 ], [ 127.313951655214694, 36.259628582841522 ], [ 127.313910769740531, 36.259711590041448 ], [ 127.313807659313525, 36.259875460396906 ], [ 127.313650819378637, 36.260124740961039 ], [ 127.313593380220325, 36.260225823322806 ], [ 127.312710698087017, 36.260487853262561 ], [ 127.312746992239795, 36.260700077995907 ], [ 127.312802551563152, 36.261016997338736 ], [ 127.312811045531234, 36.261057194504403 ], [ 127.312999659305163, 36.261531015138594 ], [ 127.313037484457908, 36.261822882140066 ], [ 127.313109278423767, 36.262292951039974 ], [ 127.313113928353005, 36.262323560479324 ], [ 127.313782762518869, 36.262770398909545 ], [ 127.314228164751256, 36.263068969011336 ], [ 127.314499748272993, 36.263530782164501 ], [ 127.314359507869852, 36.26397583782542 ], [ 127.31436699577695, 36.264279616756426 ], [ 127.314365491245397, 36.264295706113451 ], [ 127.314018702371158, 36.264621345513135 ], [ 127.313953183320081, 36.264705804304512 ], [ 127.313912644853886, 36.264823685608036 ], [ 127.313889002276341, 36.264894544370733 ], [ 127.313863368281844, 36.264971347508556 ], [ 127.313836410120544, 36.265031580837672 ], [ 127.313782204900434, 36.265171306765595 ], [ 127.313758119688828, 36.265242815720178 ], [ 127.313636500815534, 36.265604011600438 ], [ 127.313616539966532, 36.265682980083838 ], [ 127.313601675873628, 36.265798578294685 ], [ 127.313557032982089, 36.266126887511327 ], [ 127.313539352463536, 36.266723273349292 ], [ 127.313110008703759, 36.267516208602082 ], [ 127.312375164471391, 36.268157726340164 ], [ 127.31236226010347, 36.268172962806062 ], [ 127.312058739526478, 36.268758006160567 ], [ 127.312049983857619, 36.268946773356696 ], [ 127.312032300635693, 36.269433214223412 ], [ 127.312012941707906, 36.269600217507254 ], [ 127.311799576625077, 36.269872225584798 ], [ 127.311704804921916, 36.270345358043528 ], [ 127.311289603421045, 36.271299435630709 ], [ 127.311273037900747, 36.271337507712268 ], [ 127.311017751529675, 36.271470796210714 ], [ 127.310636837777665, 36.271683072855183 ], [ 127.310476944626032, 36.271922722548325 ], [ 127.310446560750293, 36.271987253544502 ], [ 127.310400910635551, 36.27241496943661 ] ], [ [ 127.332200819716306, 36.266311882829996 ], [ 127.332200641056133, 36.266294590006915 ], [ 127.332211195877903, 36.266303462641041 ], [ 127.332200819716306, 36.266311882829996 ] ] ] ] } },
{ "type": "Feature", "properties": { "EMD_CD": "30170127", "EMD_ENG_NM": "Goegok-dong", "EMD_KOR_NM": "괴곡동" }, "geometry": { "type": "MultiPolygon", "coordinates": [ [ [ [ 127.370137542669241, 36.289177155804474 ], [ 127.370137577195607, 36.289177153137757 ], [ 127.370170938411178, 36.289170011680696 ], [ 127.370172535968479, 36.28916962847557 ], [ 127.370318431644122, 36.28913463648076 ], [ 127.370509883913925, 36.288956278408655 ], [ 127.370538018413029, 36.288930067077104 ], [ 127.370490508484437, 36.288702945883792 ], [ 127.370610390446302, 36.288453904806119 ], [ 127.370320164210668, 36.288393411498618 ], [ 127.370090950576028, 36.28810348839189 ], [ 127.370059822796946, 36.287955737099615 ], [ 127.370214183887043, 36.287641533701915 ], [ 127.370114496555686, 36.287450900022378 ], [ 127.370142738262047, 36.287389703572813 ], [ 127.370243387856846, 36.287157908058411 ], [ 127.370141942677208, 36.28681577246023 ], [ 127.370044327218153, 36.286547125839711 ], [ 127.369974090954614, 36.286440895395657 ], [ 127.36986362990163, 36.286325767481664 ], [ 127.369789547993875, 36.286253901365612 ], [ 127.369745870420701, 36.286138009325121 ], [ 127.369697678450493, 36.286025510212774 ], [ 127.369478463731966, 36.286158829542877 ], [ 127.369074566444141, 36.285851697508647 ], [ 127.36804118040213, 36.285902460780122 ], [ 127.36804867726714, 36.285944116886881 ], [ 127.368052988150325, 36.28597339213632 ], [ 127.367887760069578, 36.285973898265141 ], [ 127.367799150300314, 36.285917845803233 ], [ 127.367831923344752, 36.285599242396501 ], [ 127.367854975483624, 36.285432444576934 ], [ 127.367532618241469, 36.284895824593796 ], [ 127.367636855626799, 36.284647122223163 ], [ 127.368090826254488, 36.284470001699439 ], [ 127.368116051401785, 36.284358682766339 ], [ 127.368133433857167, 36.284284002869214 ], [ 127.368154850771759, 36.284139180985171 ], [ 127.368207903099801, 36.283768407759624 ], [ 127.368705055696182, 36.283121133228519 ], [ 127.369289067053202, 36.283008385661482 ], [ 127.369337174807782, 36.2826243897455 ], [ 127.369321096326004, 36.281866321464328 ], [ 127.369528052572775, 36.281606875266924 ], [ 127.37016248126713, 36.281124195732595 ], [ 127.370085763999512, 36.28067553687977 ], [ 127.370272754156147, 36.2803868618428 ], [ 127.370626012652394, 36.280286083766633 ], [ 127.370695514609437, 36.280270378238356 ], [ 127.370707498978177, 36.280194299122023 ], [ 127.370875929071559, 36.2795483095951 ], [ 127.37131298527585, 36.279552032520854 ], [ 127.371531000892887, 36.279464051579886 ], [ 127.37153333551386, 36.279001343155819 ], [ 127.371547184634665, 36.278803887294131 ], [ 127.371631576275163, 36.278738579033423 ], [ 127.37157173056147, 36.27796064974671 ], [ 127.371207538317307, 36.27747513913944 ], [ 127.371521018144932, 36.276834890470425 ], [ 127.371305268449561, 36.276221629047733 ], [ 127.372056722004842, 36.275599182413309 ], [ 127.3723154935537, 36.274977124936996 ], [ 127.373054426367247, 36.274579438155691 ], [ 127.372973987482652, 36.274449017040141 ], [ 127.372857592411663, 36.274215639402513 ], [ 127.372656591875028, 36.273267491392119 ], [ 127.37263279199243, 36.273160541461742 ], [ 127.372596072439606, 36.273082089908769 ], [ 127.3724840932597, 36.27293712225174 ], [ 127.372438263661095, 36.272732525468328 ], [ 127.372460159948616, 36.272178519956746 ], [ 127.372058715916324, 36.271864341774013 ], [ 127.371996967832231, 36.271380716027465 ], [ 127.371946042728666, 36.271018148093027 ], [ 127.371765533159078, 36.270243124474355 ], [ 127.371344735461989, 36.270171772473311 ], [ 127.371233184519141, 36.269894157662776 ], [ 127.370638921830434, 36.269765321769476 ], [ 127.370277357870407, 36.269756019345571 ], [ 127.369864804366387, 36.269512556871803 ], [ 127.36947510504217, 36.269509539102813 ], [ 127.368984975907907, 36.269819412394753 ], [ 127.36865750167965, 36.26921606764023 ], [ 127.368051266331861, 36.269311983765235 ], [ 127.367666125307039, 36.269279378223182 ], [ 127.366975177377924, 36.268811750733001 ], [ 127.366674013482182, 36.268737755320885 ], [ 127.366218168663664, 36.268868690770319 ], [ 127.365812701949437, 36.269136343511114 ], [ 127.365582390050506, 36.269157311697157 ], [ 127.365396845353374, 36.269244714878553 ], [ 127.365363954200859, 36.269260206599085 ], [ 127.364714997070891, 36.26922022022508 ], [ 127.364060103215579, 36.269400758089709 ], [ 127.363669431476794, 36.26978944145776 ], [ 127.362885134921669, 36.269170566441318 ], [ 127.36319459973636, 36.26870419379761 ], [ 127.36273599702595, 36.269170070793486 ], [ 127.362538519137743, 36.269228333028899 ], [ 127.362370391351888, 36.269277937261663 ], [ 127.361778567967193, 36.269438716355239 ], [ 127.361028262888269, 36.269314087788821 ], [ 127.360912383951273, 36.26946348311651 ], [ 127.360542184561638, 36.269645470973089 ], [ 127.360341568482966, 36.269709426355966 ], [ 127.360187766910016, 36.269799185784144 ], [ 127.359984983252431, 36.269946650077813 ], [ 127.358868315443203, 36.27084784779715 ], [ 127.358810410853238, 36.271023751607494 ], [ 127.358721309822897, 36.271294470759599 ], [ 127.358643548173205, 36.271530713814428 ], [ 127.358699755345469, 36.271641805459787 ], [ 127.358709919702548, 36.271716150993967 ], [ 127.358735570725699, 36.272319143914608 ], [ 127.358778433024852, 36.272502823808395 ], [ 127.358785936034877, 36.272535258674075 ], [ 127.358786992193927, 36.272539779385482 ], [ 127.358806544910621, 36.272629929387293 ], [ 127.358822353884818, 36.272702057518032 ], [ 127.358946530358509, 36.272916113625506 ], [ 127.358567628095557, 36.272985599856199 ], [ 127.358256988427684, 36.272978425228779 ], [ 127.358186544281949, 36.273143317496675 ], [ 127.35795447180945, 36.273345522004576 ], [ 127.358003667348285, 36.273346376190098 ], [ 127.357512891740839, 36.27348000506057 ], [ 127.357059125159111, 36.27433399835305 ], [ 127.357214070273812, 36.274537862602216 ], [ 127.357082186604899, 36.274702449255528 ], [ 127.356624457707696, 36.274693950459636 ], [ 127.356428029419078, 36.274506457713663 ], [ 127.356309193923025, 36.273995831164811 ], [ 127.355952988045331, 36.273376136237395 ], [ 127.355569995624478, 36.273336861691959 ], [ 127.355255923644464, 36.273121750600581 ], [ 127.355085816704488, 36.273026404162749 ], [ 127.354253221504806, 36.272847887629048 ], [ 127.354037053632851, 36.272859231467649 ], [ 127.353626883794476, 36.273119402707337 ], [ 127.35341334657889, 36.273089751761333 ], [ 127.352995628050138, 36.272925351782597 ], [ 127.352502077692009, 36.272917681669924 ], [ 127.352105786894469, 36.272795842018724 ], [ 127.352112549370972, 36.272483761326839 ], [ 127.351774627921472, 36.271894531807753 ], [ 127.351531844373341, 36.271944130985581 ], [ 127.35142026434049, 36.272148854816635 ], [ 127.351024253834893, 36.272313279895528 ], [ 127.350683134256784, 36.272356091184157 ], [ 127.35063679489943, 36.272356560158485 ], [ 127.350409555595633, 36.272270700406921 ], [ 127.350040265658876, 36.272222852659141 ], [ 127.349927095628061, 36.272689291014878 ], [ 127.349815214961978, 36.272875188653643 ], [ 127.349763580344359, 36.273056809048008 ], [ 127.349725605816744, 36.273149119760568 ], [ 127.349611236139225, 36.273258270830539 ], [ 127.349527482730139, 36.273450357843515 ], [ 127.348885723049548, 36.273759860165789 ], [ 127.348791048424147, 36.273795758810294 ], [ 127.348209632686832, 36.274016215784869 ], [ 127.347952019492453, 36.274066609071248 ], [ 127.347413881348075, 36.274339899608535 ], [ 127.347304169876423, 36.2743583129553 ], [ 127.346992039696076, 36.274475927067421 ], [ 127.346711160971623, 36.274136406912767 ], [ 127.346695719408018, 36.274117733947008 ], [ 127.346581846310627, 36.27397938856334 ], [ 127.346579951702239, 36.273988775710187 ], [ 127.346563170758444, 36.274019716668633 ], [ 127.346197357802978, 36.27393355488163 ], [ 127.346196659032827, 36.273941767057494 ], [ 127.346147237007045, 36.274054015667382 ], [ 127.34603659615108, 36.274306566216481 ], [ 127.345915579671356, 36.274617047308197 ], [ 127.345828814080178, 36.274839952508351 ], [ 127.345640273463175, 36.274897070555483 ], [ 127.345413028886867, 36.274965096998734 ], [ 127.34521905591896, 36.275077806516947 ], [ 127.345041513656753, 36.275181249485534 ], [ 127.344881116390425, 36.275293592157198 ], [ 127.344804511310784, 36.27534716175019 ], [ 127.34472802252796, 36.27540154193548 ], [ 127.344541870648285, 36.275536911026805 ], [ 127.344430436807841, 36.275648066877707 ], [ 127.344329708937153, 36.275748837360936 ], [ 127.344241106169434, 36.27583561367981 ], [ 127.344007795606814, 36.276095777668786 ], [ 127.343908457560374, 36.276204167677776 ], [ 127.343770619100482, 36.276439383141955 ], [ 127.343629886610927, 36.276677615696393 ], [ 127.3436006752585, 36.276727075591474 ], [ 127.343500590969029, 36.276884095426091 ], [ 127.343249281642997, 36.277272835045025 ], [ 127.343058729782058, 36.27756990343353 ], [ 127.342952020574174, 36.277719200387722 ], [ 127.342739380788998, 36.278012628275476 ], [ 127.34260760740996, 36.278175243525745 ], [ 127.342334354731321, 36.278510594930026 ], [ 127.341960711126646, 36.278778067031411 ], [ 127.341662538828686, 36.278937982621727 ], [ 127.341501944162815, 36.278989761827653 ], [ 127.341190083969536, 36.279088939766169 ], [ 127.341152479606819, 36.279100031558279 ], [ 127.340881449244435, 36.279190027086216 ], [ 127.340641742766778, 36.279265703415369 ], [ 127.340271659967456, 36.279344523992577 ], [ 127.339730076444553, 36.279414159265428 ], [ 127.339483495434834, 36.27944475754132 ], [ 127.339268243662701, 36.279531473899375 ], [ 127.338730210687004, 36.279743976376757 ], [ 127.338514412357895, 36.279613391258849 ], [ 127.338263931060482, 36.279458823307174 ], [ 127.338152617531961, 36.279489767437674 ], [ 127.338027661199504, 36.279490489261882 ], [ 127.33796687224762, 36.279483604013187 ], [ 127.337945488048675, 36.279537518716879 ], [ 127.337850766678059, 36.279552194334791 ], [ 127.337750314101882, 36.279582928463945 ], [ 127.337573720403441, 36.279600664290591 ], [ 127.337528487974225, 36.279587804863709 ], [ 127.337239464123854, 36.27951117818521 ], [ 127.337228926644499, 36.279478026529091 ], [ 127.337219402093623, 36.279450351345403 ], [ 127.337315705176536, 36.279422630338459 ], [ 127.337324375590583, 36.279420055706694 ], [ 127.337415632754542, 36.279368197842885 ], [ 127.337355253151557, 36.279308916855442 ], [ 127.337336868845114, 36.279275859018732 ], [ 127.337238486829293, 36.279337731317703 ], [ 127.337156673499692, 36.279403657107544 ], [ 127.33691911568323, 36.279324154104145 ], [ 127.336700949235123, 36.279073588452803 ], [ 127.336804066981031, 36.279255023055931 ], [ 127.336770873081292, 36.279285386458923 ], [ 127.336454947575731, 36.279700724547638 ], [ 127.336436558217272, 36.279723629966718 ], [ 127.336311764984117, 36.279720744944726 ], [ 127.33630598757054, 36.279720553050872 ], [ 127.336111826741288, 36.279714157850229 ], [ 127.335588074333842, 36.279704582965209 ], [ 127.335289724260505, 36.279698413306136 ], [ 127.335275435136055, 36.279691018812997 ], [ 127.334906005003802, 36.279587566467846 ], [ 127.333091660553876, 36.27949129126646 ], [ 127.333254811948976, 36.279831701675477 ], [ 127.333273910024161, 36.279870750100642 ], [ 127.333263874804032, 36.279998169344495 ], [ 127.333158771419221, 36.280142857345872 ], [ 127.333031591825517, 36.280299428975468 ], [ 127.33289041363264, 36.280828543174543 ], [ 127.333052043593241, 36.281085012428051 ], [ 127.33302863986728, 36.281335993826708 ], [ 127.332985689619505, 36.281515465107788 ], [ 127.332896931235624, 36.281675058562335 ], [ 127.332521602546677, 36.282263838796332 ], [ 127.332350512069937, 36.282535161982096 ], [ 127.332261857030261, 36.282653993555321 ], [ 127.331241899956865, 36.284083108371981 ], [ 127.331778847049037, 36.28434854681116 ], [ 127.331835098338018, 36.2843790411087 ], [ 127.331955258166076, 36.284408429637615 ], [ 127.332085320556146, 36.284584800888283 ], [ 127.332244810590097, 36.284583503075382 ], [ 127.332540916028762, 36.284578421399495 ], [ 127.332811689416786, 36.284678928171232 ], [ 127.333153716286532, 36.284811958670147 ], [ 127.333490767840303, 36.285107646790507 ], [ 127.33374467936828, 36.285126523600148 ], [ 127.333861407506831, 36.28524154126184 ], [ 127.334221216775177, 36.285285726627457 ], [ 127.33423736551805, 36.285287817353279 ], [ 127.334382449563961, 36.285419319218612 ], [ 127.334795220938219, 36.285486938554108 ], [ 127.334944153833732, 36.285497264968043 ], [ 127.335164627155166, 36.285698658455253 ], [ 127.335470439963728, 36.28582618662292 ], [ 127.335790386371812, 36.285947213623572 ], [ 127.336007741946389, 36.28601982649726 ], [ 127.336368900427274, 36.286115656718678 ], [ 127.336428027885006, 36.286141336773866 ], [ 127.336605043337499, 36.286289166385501 ], [ 127.336983351719468, 36.286604644392547 ], [ 127.337359153406609, 36.286729592692538 ], [ 127.33754097265539, 36.286703803683487 ], [ 127.338069690239152, 36.28663028515593 ], [ 127.338265705020575, 36.286602806014301 ], [ 127.338507086046008, 36.286698769166762 ], [ 127.339281330774611, 36.287000957231513 ], [ 127.339542773519739, 36.287153887905362 ], [ 127.339690740248415, 36.287166392443559 ], [ 127.34028040050201, 36.287213171052343 ], [ 127.340436623746115, 36.287225038488202 ], [ 127.340673364240189, 36.287243011984366 ], [ 127.341552047559063, 36.287309672997729 ], [ 127.341578579241926, 36.287311022024639 ], [ 127.341720492198547, 36.287251879286764 ], [ 127.341906206669947, 36.287287839188089 ], [ 127.342409750935701, 36.287384227828085 ], [ 127.342542077825343, 36.287429910089912 ], [ 127.342764627889736, 36.287506740411509 ], [ 127.342952431147481, 36.287572016958954 ], [ 127.343646873093036, 36.287557199937694 ], [ 127.343788119696882, 36.287651599396504 ], [ 127.343993039068948, 36.287792164061699 ], [ 127.3444866792521, 36.287839656422129 ], [ 127.344890092482785, 36.287898300638986 ], [ 127.345048349343202, 36.288015449697284 ], [ 127.345162772039245, 36.288094749445094 ], [ 127.34542805052304, 36.288207481437077 ], [ 127.345779218374261, 36.288276925281991 ], [ 127.345899027962815, 36.288396409532758 ], [ 127.345936846277183, 36.288519032605699 ], [ 127.346627395116499, 36.288442225618788 ], [ 127.347019072069287, 36.288642868532932 ], [ 127.347492354911992, 36.288948892122889 ], [ 127.348114394016648, 36.289144556514472 ], [ 127.348712664273165, 36.289283504556515 ], [ 127.349413121240161, 36.289271168045637 ], [ 127.349689429590583, 36.289266299137608 ], [ 127.350124886051319, 36.289228604872292 ], [ 127.350358033122149, 36.289515310207648 ], [ 127.350398017377245, 36.289632608272811 ], [ 127.350515161347246, 36.28997632814044 ], [ 127.351042953065232, 36.290284223943914 ], [ 127.351085620596578, 36.29030911603477 ], [ 127.351166220860179, 36.290360508883687 ], [ 127.351382390956388, 36.290518213327246 ], [ 127.351598113425524, 36.291111341535384 ], [ 127.35159470531363, 36.291140658158177 ], [ 127.351575354226725, 36.291306873985846 ], [ 127.351797983316388, 36.291397051144159 ], [ 127.3516803264977, 36.29194917840632 ], [ 127.352187456870354, 36.291996806435307 ], [ 127.352398757571038, 36.292065144667809 ], [ 127.352592379005415, 36.292117880948354 ], [ 127.352969363698435, 36.292390840242824 ], [ 127.353142058144527, 36.292446124448198 ], [ 127.353425047652564, 36.292612532183497 ], [ 127.353629634544646, 36.292692125607566 ], [ 127.354319161892093, 36.292881349961256 ], [ 127.354446134352116, 36.292888761765873 ], [ 127.354831671877577, 36.292891074327656 ], [ 127.355043602960507, 36.292974429264405 ], [ 127.355576660536812, 36.293116454510688 ], [ 127.355866301772124, 36.293061102102193 ], [ 127.356715922051961, 36.292693738769124 ], [ 127.356728298108536, 36.292688330968275 ], [ 127.356814019953163, 36.292655048753048 ], [ 127.3570660520502, 36.29263324754158 ], [ 127.357326938598078, 36.292607869232256 ], [ 127.357459968847408, 36.292598506518679 ], [ 127.357713846401197, 36.292591010048305 ], [ 127.357753783211606, 36.292589827447735 ], [ 127.357884884444161, 36.292589626129548 ], [ 127.358559324644247, 36.292602861857247 ], [ 127.358634760869521, 36.292828706520666 ], [ 127.358781539647154, 36.293136677609368 ], [ 127.358905980068528, 36.293423448231145 ], [ 127.359009129496357, 36.293815963277652 ], [ 127.359107908556538, 36.294131350512764 ], [ 127.35924501735154, 36.294473513995314 ], [ 127.359541567561038, 36.294933092476285 ], [ 127.359565609867317, 36.294961407820161 ], [ 127.359801423399887, 36.295318360328316 ], [ 127.360043165849987, 36.295688461153752 ], [ 127.360290562452235, 36.295999328675727 ], [ 127.360681697294382, 36.296320893217022 ], [ 127.360880211748338, 36.296456194110768 ], [ 127.360878393242359, 36.296450504139976 ], [ 127.361257493693557, 36.296707839353111 ], [ 127.361607913675613, 36.297010220546824 ], [ 127.361807030846634, 36.297201021357566 ], [ 127.361979478154083, 36.297056141921828 ], [ 127.361998718610309, 36.297039979873823 ], [ 127.362585386883168, 36.2965465993585 ], [ 127.362611145111771, 36.296516918034527 ], [ 127.362706038513068, 36.296412833304423 ], [ 127.362709294644816, 36.296409264269535 ], [ 127.362717768638547, 36.296399965674972 ], [ 127.362718200477431, 36.296399495570796 ], [ 127.362742012084453, 36.296372821308417 ], [ 127.362672203168074, 36.296187569734421 ], [ 127.362557175113764, 36.295877118833467 ], [ 127.362541386837719, 36.295837776096448 ], [ 127.362527605091358, 36.295813720444897 ], [ 127.362412392014107, 36.295612546978319 ], [ 127.362395231832735, 36.295582589488568 ], [ 127.362268460613379, 36.2953468003167 ], [ 127.362187809820966, 36.295190292320548 ], [ 127.362136373613183, 36.295078313961376 ], [ 127.362075672993697, 36.294946168082255 ], [ 127.362062690195202, 36.294938313129563 ], [ 127.362045521081455, 36.294927928974097 ], [ 127.362009283940168, 36.29479707914988 ], [ 127.36197535119193, 36.294680587268509 ], [ 127.361932022435255, 36.294566565457082 ], [ 127.3619315269259, 36.294565269361613 ], [ 127.361829097044222, 36.294238298083179 ], [ 127.361803770273198, 36.2942236130203 ], [ 127.361753047203194, 36.294106459553724 ], [ 127.361720513160975, 36.293962287342389 ], [ 127.361687464872688, 36.293946012824762 ], [ 127.36166596666304, 36.293877858083064 ], [ 127.361661672523695, 36.293805966723305 ], [ 127.361688942254133, 36.293780831128061 ], [ 127.361764389295615, 36.293747692930893 ], [ 127.361774020863322, 36.29367306453026 ], [ 127.361762261442109, 36.29356321038675 ], [ 127.361714113852898, 36.293456565582197 ], [ 127.361692138807129, 36.293437274821393 ], [ 127.36166221795807, 36.293410996822658 ], [ 127.361585495035953, 36.293311818487432 ], [ 127.361523226460648, 36.293198989624976 ], [ 127.361525306987403, 36.293128412048809 ], [ 127.361525591708116, 36.293108044718764 ], [ 127.361552890921658, 36.293089362431942 ], [ 127.361525457792169, 36.29295042866891 ], [ 127.361457836098694, 36.292823331988743 ], [ 127.36141659151663, 36.29277232305617 ], [ 127.361353100970959, 36.292660029082569 ], [ 127.36124974521276, 36.292503445096955 ], [ 127.361214048543701, 36.292434116927659 ], [ 127.361166379597293, 36.292295434301394 ], [ 127.361143165925398, 36.292205016527646 ], [ 127.361121033844356, 36.292182896431129 ], [ 127.361107178089966, 36.292169050493307 ], [ 127.361074174545138, 36.292084781457788 ], [ 127.361048346476636, 36.292004149550564 ], [ 127.361015963372154, 36.291892537415642 ], [ 127.36095971935984, 36.291752987254839 ], [ 127.360938226588573, 36.291671306509407 ], [ 127.360860348599843, 36.291518466461881 ], [ 127.360832264888245, 36.291431523748976 ], [ 127.360821599985698, 36.291390326898757 ], [ 127.360809565117307, 36.291324423441189 ], [ 127.360809449678257, 36.291260305536056 ], [ 127.360809427766085, 36.291250797833115 ], [ 127.36083204859078, 36.291136901803149 ], [ 127.360856841577714, 36.291052441010777 ], [ 127.360872681782325, 36.291013417394517 ], [ 127.360853272324874, 36.290951303468788 ], [ 127.360876570263656, 36.290849103043058 ], [ 127.360879461726469, 36.290836424430147 ], [ 127.360897167329895, 36.290786779213533 ], [ 127.360921000987318, 36.290728572025564 ], [ 127.360936327744795, 36.290687045110282 ], [ 127.360954571071616, 36.290635586610229 ], [ 127.360965388249795, 36.290542760169465 ], [ 127.360991190735774, 36.290544781994214 ], [ 127.360995659162384, 36.290507198286519 ], [ 127.361016133815923, 36.290447208385189 ], [ 127.361050752167387, 36.290361979247365 ], [ 127.361070796744244, 36.290312633355278 ], [ 127.361078953276589, 36.290292549328093 ], [ 127.36112581871545, 36.2902684907544 ], [ 127.36110821210579, 36.290252439742368 ], [ 127.361111796075562, 36.290249769970835 ], [ 127.361134662540024, 36.290150653156459 ], [ 127.361118389321689, 36.29010019990438 ], [ 127.361135628674134, 36.290050799318614 ], [ 127.361122074608161, 36.289964462411106 ], [ 127.36111653057219, 36.28992801731296 ], [ 127.361110470432564, 36.289888122302528 ], [ 127.361141736114973, 36.289882684824228 ], [ 127.361152665135478, 36.289884571056753 ], [ 127.361153913105923, 36.289884792497823 ], [ 127.36117867900046, 36.289889079546491 ], [ 127.361214587603897, 36.289893459897279 ], [ 127.36123842275363, 36.28989637098784 ], [ 127.36140467890084, 36.289885443497376 ], [ 127.361612451479687, 36.289865974431528 ], [ 127.361693962678402, 36.289835449708185 ], [ 127.361742285144544, 36.289750935976073 ], [ 127.361825770611588, 36.289641664528787 ], [ 127.361958473204737, 36.289479802101233 ], [ 127.362018387110936, 36.289409482156387 ], [ 127.362104029261928, 36.289128411235986 ], [ 127.362136994982166, 36.289112990880248 ], [ 127.362283008849175, 36.289081748433262 ], [ 127.362364108033717, 36.289092642394927 ], [ 127.362439511159351, 36.289043886246375 ], [ 127.362576732619758, 36.289049221471039 ], [ 127.362750247481401, 36.28903138569607 ], [ 127.362783987243134, 36.289017081269165 ], [ 127.362885298972444, 36.288933182053221 ], [ 127.362960204702404, 36.288945689408735 ], [ 127.362956488660373, 36.288953216601477 ], [ 127.363026160711371, 36.288984501518634 ], [ 127.363063704111241, 36.289005719537904 ], [ 127.363237879871974, 36.289068283497073 ], [ 127.363346623337563, 36.289065927202088 ], [ 127.363496317258267, 36.289031436556449 ], [ 127.363580925113482, 36.288970413984856 ], [ 127.363626939593587, 36.288912004622816 ], [ 127.363717317900182, 36.28877242627069 ], [ 127.363831192123442, 36.288678295574861 ], [ 127.363798235924918, 36.288657524833063 ], [ 127.363803939087973, 36.288653487974585 ], [ 127.363968111328788, 36.288589646511589 ], [ 127.364398736810102, 36.288491905066302 ], [ 127.364639706270751, 36.288555725457371 ], [ 127.364736644047653, 36.288624028217271 ], [ 127.364743847981259, 36.288629107638656 ], [ 127.364805419402202, 36.288685072841332 ], [ 127.364915617596026, 36.288813840928455 ], [ 127.365005364547486, 36.288903730837838 ], [ 127.36506012097351, 36.288927778886958 ], [ 127.365096707254722, 36.288943843755334 ], [ 127.365213102688955, 36.288942417669958 ], [ 127.36543801161767, 36.288879155459732 ], [ 127.365493218782376, 36.288863631457346 ], [ 127.365577696820182, 36.28883987083465 ], [ 127.365593070946844, 36.288835543765011 ], [ 127.366198574390339, 36.28873354169815 ], [ 127.366579692086205, 36.288821234451397 ], [ 127.366595053687362, 36.288857153960578 ], [ 127.366646692199652, 36.288880715441195 ], [ 127.366735026731675, 36.288898820636916 ], [ 127.366874661072686, 36.288886850317034 ], [ 127.366995890359917, 36.288876449461547 ], [ 127.367164773755718, 36.288899390620671 ], [ 127.367198113063765, 36.288901874850623 ], [ 127.36724879011139, 36.288905648808267 ], [ 127.367417619149776, 36.288888181451178 ], [ 127.367765935770294, 36.288826213425793 ], [ 127.367827674878157, 36.288815237626466 ], [ 127.368039038597047, 36.288759951174697 ], [ 127.368141107688871, 36.288749076103315 ], [ 127.368141552744746, 36.288844221035291 ], [ 127.368238334956857, 36.288828514923395 ], [ 127.368291735600721, 36.288814760952448 ], [ 127.368337427290015, 36.288823632536484 ], [ 127.368385282240908, 36.28881901580769 ], [ 127.368379774133544, 36.288840787371896 ], [ 127.368441712432826, 36.288839037877466 ], [ 127.368718041956342, 36.288734644160293 ], [ 127.368793715366238, 36.288730248372921 ], [ 127.368867178989575, 36.288710286734485 ], [ 127.369172722889132, 36.288730534856477 ], [ 127.369558210650268, 36.288764458482106 ], [ 127.369928253519177, 36.289024363804202 ], [ 127.370137542669241, 36.289177155804474 ] ] ] ] } },
{ "type": "Feature", "properties": { "EMD_CD": "30170128", "EMD_ENG_NM": "Mannyeon-dong", "EMD_KOR_NM": "만년동" }, "geometry": { "type": "MultiPolygon", "coordinates": [ [ [ [ 127.379023264342024, 36.37200953779854 ], [ 127.37903100627355, 36.372011136034459 ], [ 127.379674749041357, 36.372002359513708 ], [ 127.379738583348072, 36.371984926750599 ], [ 127.379895102843975, 36.37197353570982 ], [ 127.380064378800128, 36.371513027091375 ], [ 127.380092221539726, 36.371516642575479 ], [ 127.380142664215072, 36.371525305241171 ], [ 127.380521170928347, 36.371514218845412 ], [ 127.380524959099262, 36.371514126216518 ], [ 127.381448076914893, 36.371490448956237 ], [ 127.381932527850452, 36.371480661708809 ], [ 127.382841696447329, 36.371487270112986 ], [ 127.383153604378322, 36.37148655347179 ], [ 127.383365216333587, 36.371486724987605 ], [ 127.383695773012008, 36.371478152290528 ], [ 127.384116524544595, 36.371483527454863 ], [ 127.3843422064718, 36.371479021293219 ], [ 127.384404617127174, 36.371477774341486 ], [ 127.384997121067769, 36.371471756040499 ], [ 127.384999452515515, 36.371472208177671 ], [ 127.385130658532219, 36.371468704648024 ], [ 127.385339136501756, 36.371470576215046 ], [ 127.385495065718317, 36.371480105414662 ], [ 127.385562965900561, 36.371480869094285 ], [ 127.385774806737459, 36.371482305920878 ], [ 127.385973217430703, 36.371467410766982 ], [ 127.386450087971141, 36.371434361799238 ], [ 127.386578603810591, 36.371421060752311 ], [ 127.386660278725486, 36.371410830255691 ], [ 127.386967126047495, 36.371376083108558 ], [ 127.387401282014793, 36.37133139029185 ], [ 127.387526668771926, 36.371318557639533 ], [ 127.387796649226786, 36.371289451941308 ], [ 127.387901688946954, 36.371278902045425 ], [ 127.388172997823673, 36.371248339884112 ], [ 127.388494583931205, 36.371199364899951 ], [ 127.388776854011965, 36.371170271311037 ], [ 127.388802309525175, 36.371166691897983 ], [ 127.388825003188444, 36.3711634912233 ], [ 127.388894223607281, 36.371163077755696 ], [ 127.389115354161845, 36.371166091486216 ], [ 127.389275436849815, 36.371157020159949 ], [ 127.389442146922164, 36.371151783638645 ], [ 127.389516938774491, 36.371149179804981 ], [ 127.389613101474382, 36.371146164101695 ], [ 127.389751412142331, 36.371142010341273 ], [ 127.389899668369722, 36.371136617087757 ], [ 127.389977014509356, 36.371145476522905 ], [ 127.390192066607057, 36.371170109429876 ], [ 127.390234952626983, 36.371175980473808 ], [ 127.390576687092732, 36.371221791251202 ], [ 127.39069528944782, 36.371253982282248 ], [ 127.390814528688395, 36.371284423011005 ], [ 127.390877769513494, 36.371300563991284 ], [ 127.390991917484058, 36.371346926287025 ], [ 127.391178902329798, 36.371420671241985 ], [ 127.391504855371593, 36.371490231871121 ], [ 127.391700579191323, 36.371517610169406 ], [ 127.391730013167148, 36.371521297428032 ], [ 127.391879072311397, 36.371539970645202 ], [ 127.391954216245949, 36.371544868154992 ], [ 127.392058003017439, 36.371551632779934 ], [ 127.392144321511125, 36.371556559335602 ], [ 127.392255373783414, 36.371547064103254 ], [ 127.39238530377142, 36.371535954233693 ], [ 127.392602707042514, 36.371517832517753 ], [ 127.392678537013197, 36.371497608118005 ], [ 127.392916742536769, 36.371405226681517 ], [ 127.393271911109764, 36.370856455691275 ], [ 127.393655369920864, 36.370418970765655 ], [ 127.394587884409319, 36.369617536383338 ], [ 127.39522845902188, 36.369060135194879 ], [ 127.395258405323489, 36.369034076894522 ], [ 127.395624173184856, 36.368647622630135 ], [ 127.396255645470504, 36.368024571719417 ], [ 127.396562397229886, 36.367572984518532 ], [ 127.396735931594108, 36.367248998061676 ], [ 127.396885613536057, 36.366969539676319 ], [ 127.397140803519079, 36.366511912370648 ], [ 127.397276419801599, 36.366133541264105 ], [ 127.397356159042388, 36.365788860251833 ], [ 127.397362652709703, 36.365456254501048 ], [ 127.397431042171334, 36.364795924314663 ], [ 127.397445187127644, 36.364735933322059 ], [ 127.397282197029384, 36.364796778183113 ], [ 127.3966212048514, 36.36479773977225 ], [ 127.396499641756634, 36.364797673601117 ], [ 127.396422558379825, 36.364803939119724 ], [ 127.396235290631822, 36.364804314341967 ], [ 127.39607416524268, 36.364804963862206 ], [ 127.39549224993516, 36.364805919518176 ], [ 127.395296771403579, 36.364806294100063 ], [ 127.39492184435656, 36.364806430035465 ], [ 127.394893231206908, 36.364806631701704 ], [ 127.394534427907374, 36.364806902509962 ], [ 127.394250440190632, 36.364806295498767 ], [ 127.394147552290036, 36.364806408672756 ], [ 127.394096074038373, 36.364806280381487 ], [ 127.394086358366906, 36.364806330249365 ], [ 127.394059995887758, 36.364806443585636 ], [ 127.393979116964516, 36.364809349512655 ], [ 127.393871707562838, 36.364809702696519 ], [ 127.379505336643234, 36.364854576523669 ], [ 127.379282492992289, 36.364855281021896 ], [ 127.368776750206962, 36.364887045968523 ], [ 127.368660426457225, 36.364887403551712 ], [ 127.368439365879084, 36.364888262903577 ], [ 127.36829502913919, 36.364888498784502 ], [ 127.367041105492632, 36.364892494736736 ], [ 127.367262989335131, 36.365073689825017 ], [ 127.367590414434673, 36.365391492085493 ], [ 127.367597458486983, 36.365399776044455 ], [ 127.367932825834345, 36.365794183131555 ], [ 127.367998268354881, 36.365882522568874 ], [ 127.368506292406423, 36.366659454227033 ], [ 127.368598587311979, 36.366846910592685 ], [ 127.368729369230678, 36.367126996083627 ], [ 127.369009021162285, 36.367668116549488 ], [ 127.369317636177541, 36.368159410938674 ], [ 127.369716292135621, 36.36858952580473 ], [ 127.370195060258581, 36.368953994882858 ], [ 127.37064147270425, 36.369181341489984 ], [ 127.370990306961986, 36.369346549106552 ], [ 127.37126600908492, 36.369477119413013 ], [ 127.371399437921028, 36.369524864721569 ], [ 127.371956857397592, 36.369720213741253 ], [ 127.371990955809494, 36.369732165342349 ], [ 127.372358195514977, 36.369910232119985 ], [ 127.372532138148969, 36.369994572536207 ], [ 127.373028799509115, 36.370276553955328 ], [ 127.373389174916724, 36.37050972710697 ], [ 127.373551793318356, 36.370635311580799 ], [ 127.373696630681223, 36.370747172635433 ], [ 127.374099024444973, 36.371154363400088 ], [ 127.374708204460873, 36.371504510701101 ], [ 127.375400223367478, 36.371681021735434 ], [ 127.375433934405109, 36.3716886391827 ], [ 127.375924080336389, 36.37179481112998 ], [ 127.376383894993978, 36.37187753834619 ], [ 127.377101137054154, 36.37196120188991 ], [ 127.377798129791685, 36.372009401872127 ], [ 127.37782952509788, 36.372010411627414 ], [ 127.377882684138541, 36.372010895759097 ], [ 127.378113883497079, 36.372013003576562 ], [ 127.378297430422379, 36.372014208978293 ], [ 127.378452183775352, 36.372015225783478 ], [ 127.379023264342024, 36.37200953779854 ] ] ] ] } }
]
}
