{
"type": "FeatureCollection",
"name": "dj_gu",
"crs": { "type": "name", "properties": { "name": "urn:ogc:def:crs:OGC:1.3:CRS84" } },
"features": [
{ "type": "Feature", "properties": { "SIG_CD": "30110", "SIG_ENG_NM": "Dong-gu", "SIG_KOR_NM": "동구" }, "geometry": { "type": "MultiPolygon", "coordinates": [ [ [ [ 127.492429469203188, 36.439371447593366 ], [ 127.491519898115143, 36.437610901121253 ], [ 127.491476010254232, 36.437532509842598 ], [ 127.491067332929305, 36.43674961671784 ], [ 127.490841406635369, 36.436318278466054 ], [ 127.490700139543961, 36.436050197003738 ], [ 127.490656934838256, 36.435968432290451 ], [ 127.490629422492091, 36.435917008134751 ], [ 127.490507945674381, 36.435690523616998 ], [ 127.49033005177202, 36.435332764867248 ], [ 127.489724480456516, 36.43413107831141 ], [ 127.489721477029306, 36.434125179034943 ], [ 127.489775107052566, 36.433395026419589 ], [ 127.489816030418254, 36.433112960589689 ], [ 127.489863222569056, 36.432831157460761 ], [ 127.489922210833456, 36.432427938839552 ], [ 127.490034824603796, 36.432102495499038 ], [ 127.49012860216402, 36.431912311012915 ], [ 127.49024173908623, 36.431697256497387 ], [ 127.490401687940945, 36.431362616491029 ], [ 127.490481301713885, 36.431193883069731 ], [ 127.490539278267832, 36.431074531265743 ], [ 127.490728644751542, 36.430679780567509 ], [ 127.490829105784826, 36.430472941844918 ], [ 127.490903633307795, 36.430325640356273 ], [ 127.491062164790421, 36.429959744228768 ], [ 127.491284225606947, 36.429528244696094 ], [ 127.49146740617536, 36.429259400165257 ], [ 127.491702622287477, 36.428842219221757 ], [ 127.491749204129093, 36.428741495349939 ], [ 127.491842047032804, 36.428542292736019 ], [ 127.491878651395567, 36.428461606368082 ], [ 127.491902612941587, 36.428420388345785 ], [ 127.49209502912538, 36.428097715063885 ], [ 127.492239011407008, 36.427829598085346 ], [ 127.49231948150063, 36.427686488637384 ], [ 127.492411323859756, 36.427523624159228 ], [ 127.492442853342993, 36.427467731171113 ], [ 127.492462504517619, 36.427432739699299 ], [ 127.492485605798095, 36.427394904416388 ], [ 127.492505791640099, 36.427361595894816 ], [ 127.492597686411784, 36.427207174856086 ], [ 127.49273098330012, 36.426986970458699 ], [ 127.492891639172143, 36.426712863483388 ], [ 127.493080873330285, 36.426300654050216 ], [ 127.493096866420103, 36.426265668518006 ], [ 127.493100129780728, 36.426259743517079 ], [ 127.493346729435089, 36.425799130799028 ], [ 127.493497867131893, 36.425590125445424 ], [ 127.493617210645326, 36.425423199626763 ], [ 127.493766788634375, 36.425242911098593 ], [ 127.493911492670719, 36.425064336648262 ], [ 127.493961449964999, 36.425002744049813 ], [ 127.49425513137713, 36.424686975843443 ], [ 127.494662223250359, 36.424231618483589 ], [ 127.495230200988388, 36.423569735064689 ], [ 127.495560679634295, 36.423097236013746 ], [ 127.495672448989794, 36.422670699052034 ], [ 127.495859298071892, 36.422132324359147 ], [ 127.495862035635142, 36.422124427930136 ], [ 127.495988987460365, 36.421759223362599 ], [ 127.496165087644997, 36.421284820490911 ], [ 127.496181357519077, 36.421241110208612 ], [ 127.496187005547185, 36.421224469532888 ], [ 127.496310835518685, 36.420861521384886 ], [ 127.496505623447021, 36.420340297656793 ], [ 127.496944984322838, 36.419486884947752 ], [ 127.496992438852729, 36.419112988445349 ], [ 127.497002197420088, 36.418672797217994 ], [ 127.497025042058667, 36.418239021942817 ], [ 127.497027486282775, 36.417828698222095 ], [ 127.497051978414248, 36.417487572739851 ], [ 127.497057496769386, 36.417232964708191 ], [ 127.497061909426137, 36.416993861110861 ], [ 127.497091284008661, 36.41657189076372 ], [ 127.497101944912302, 36.41649496001417 ], [ 127.497119979191453, 36.416372949944495 ], [ 127.497141575966566, 36.416234307793118 ], [ 127.497158413315816, 36.416143284375416 ], [ 127.497177134622106, 36.416045197093482 ], [ 127.497208671437704, 36.415881173194819 ], [ 127.49741823850789, 36.415358480455176 ], [ 127.497757745340564, 36.414915783592974 ], [ 127.498110860550355, 36.414532451301781 ], [ 127.49845074457906, 36.414122138370665 ], [ 127.498722381116821, 36.413774910123287 ], [ 127.499035388044959, 36.413439611401309 ], [ 127.499253173542996, 36.413197924251769 ], [ 127.499434476730045, 36.412999761412728 ], [ 127.499502123585415, 36.412899225839098 ], [ 127.499636734582808, 36.412699572234757 ], [ 127.499886200498722, 36.412265688586338 ], [ 127.499978683036971, 36.412070427799648 ], [ 127.500020429982584, 36.411978732222579 ], [ 127.500626852554618, 36.410648121726545 ], [ 127.501554574780371, 36.408653813716924 ], [ 127.501562244768294, 36.408653781600812 ], [ 127.502311337490653, 36.408527013067626 ], [ 127.504480275999285, 36.40820616112466 ], [ 127.506494543503706, 36.408241582979578 ], [ 127.508058277158639, 36.408266221479877 ], [ 127.509496996818029, 36.408620293001327 ], [ 127.50961723491983, 36.408760866340081 ], [ 127.509630568755668, 36.408776300465149 ], [ 127.509759981222899, 36.408908102425386 ], [ 127.509922198974621, 36.409073287554527 ], [ 127.510064047492818, 36.409216021311174 ], [ 127.510193853067946, 36.409353173973408 ], [ 127.510284007748098, 36.409448258285451 ], [ 127.510422050301187, 36.40959354907497 ], [ 127.510465549555917, 36.409639259520112 ], [ 127.510685771346488, 36.409885579667026 ], [ 127.510875989039391, 36.410124421626278 ], [ 127.510914111428349, 36.41017297545087 ], [ 127.510965082837956, 36.410242876877604 ], [ 127.511017059984297, 36.410306294686698 ], [ 127.511080290720685, 36.410438665882339 ], [ 127.511248282494563, 36.410795599267473 ], [ 127.511337019735095, 36.411019662074551 ], [ 127.511383609533894, 36.411137171998405 ], [ 127.511626706429595, 36.412215834258554 ], [ 127.511709124612167, 36.412511457366861 ], [ 127.511881519590418, 36.41314152883713 ], [ 127.512455760346043, 36.415225524671577 ], [ 127.512476962603941, 36.415296399834276 ], [ 127.512631755775061, 36.415816153836012 ], [ 127.513094366342017, 36.417501583423061 ], [ 127.513335180964575, 36.418385376217799 ], [ 127.513589502151902, 36.419307968190878 ], [ 127.513620877598441, 36.419416530760046 ], [ 127.513625571645505, 36.419416510628402 ], [ 127.513838017494848, 36.420141874838791 ], [ 127.513923767888741, 36.420439725540213 ], [ 127.514278404843679, 36.421673350681793 ], [ 127.514397665957532, 36.422084836618936 ], [ 127.514398030169588, 36.422085961495725 ], [ 127.514509092182294, 36.422469600835434 ], [ 127.514510166203607, 36.422473534259332 ], [ 127.514512608095458, 36.422473523768154 ], [ 127.515398373848043, 36.422446906745563 ], [ 127.515704897802209, 36.422483606784695 ], [ 127.515704522439506, 36.422479102636778 ], [ 127.516142760163277, 36.422487631963172 ], [ 127.516223333236397, 36.422419977559656 ], [ 127.516359099659539, 36.422401089823481 ], [ 127.516525339304707, 36.422351656591253 ], [ 127.516461402261825, 36.42232630356007 ], [ 127.516469578944069, 36.422298107269626 ], [ 127.516491752712895, 36.422251827553772 ], [ 127.516528544263807, 36.422203790617338 ], [ 127.516557398574975, 36.42211552439575 ], [ 127.516598481067888, 36.422084086187482 ], [ 127.516665940932015, 36.422035078834888 ], [ 127.516667672910955, 36.422033944921367 ], [ 127.516769207352553, 36.421976337680832 ], [ 127.516864492075243, 36.421921298579186 ], [ 127.516945580825933, 36.421877864450757 ], [ 127.517286408636437, 36.421674471382261 ], [ 127.517413410059177, 36.421568046269648 ], [ 127.51749430622209, 36.421497289643447 ], [ 127.517596888813529, 36.42141292193832 ], [ 127.51767811374657, 36.421154336452368 ], [ 127.518042436261112, 36.420921561193644 ], [ 127.518469312817643, 36.420610221841848 ], [ 127.518494409450469, 36.420611518984593 ], [ 127.519044414994923, 36.420216296764472 ], [ 127.519064240013179, 36.420080190791715 ], [ 127.519067445878179, 36.420037372124455 ], [ 127.519930469834989, 36.41981791030711 ], [ 127.519913068246638, 36.419846993974531 ], [ 127.519999632244151, 36.419973626643781 ], [ 127.520270744230771, 36.420370362246508 ], [ 127.520146284824264, 36.420465812325439 ], [ 127.520604020294286, 36.421101947706937 ], [ 127.520949899798779, 36.421580307440152 ], [ 127.52175674201392, 36.421764342681783 ], [ 127.522310766268447, 36.421893730113922 ], [ 127.522832121759023, 36.422581954187379 ], [ 127.523223951429088, 36.423102073181184 ], [ 127.523306902722737, 36.423130709796411 ], [ 127.523432274648343, 36.423171560794685 ], [ 127.523640624660629, 36.423244994972976 ], [ 127.523916285925623, 36.423432472522833 ], [ 127.524052355046592, 36.423432156480168 ], [ 127.524319098462328, 36.423431835919835 ], [ 127.52480369675115, 36.423129800595156 ], [ 127.52482668821942, 36.423076468759739 ], [ 127.525007520884358, 36.422711556433825 ], [ 127.525355362329563, 36.422517409568471 ], [ 127.525526238025236, 36.422277575027259 ], [ 127.525635122387001, 36.422119954158966 ], [ 127.526007219322267, 36.421931898848946 ], [ 127.52596803166837, 36.421571330602973 ], [ 127.525921330716173, 36.421103215716848 ], [ 127.526040055318163, 36.420908667061745 ], [ 127.526129408621657, 36.420904606824351 ], [ 127.526224504197515, 36.420900530298177 ], [ 127.526230090320183, 36.420900505750623 ], [ 127.52630237898633, 36.420899061622094 ], [ 127.526360206170921, 36.420897681016093 ], [ 127.526994156351591, 36.421174250115953 ], [ 127.526996594637353, 36.421175365826208 ], [ 127.527004636126165, 36.421178989116122 ], [ 127.527030953913282, 36.421179441017252 ], [ 127.527640439548009, 36.421187453718964 ], [ 127.5282083754269, 36.421054562149777 ], [ 127.528530151079721, 36.42058764299572 ], [ 127.528695512120251, 36.420358813283492 ], [ 127.52872330629657, 36.420320391581008 ], [ 127.52877409836691, 36.419794678148143 ], [ 127.528943409660783, 36.419634264167279 ], [ 127.529380854634709, 36.419219765389194 ], [ 127.529704982737869, 36.419179753721295 ], [ 127.530123438223981, 36.419126365054318 ], [ 127.530224340698453, 36.419155205788094 ], [ 127.530969888212795, 36.419267078671623 ], [ 127.531700160874607, 36.419285249779008 ], [ 127.532227345148996, 36.419311348220049 ], [ 127.532644404452697, 36.419383838938806 ], [ 127.532774713539709, 36.419280473778436 ], [ 127.532863433427295, 36.419209951320944 ], [ 127.532881019967135, 36.41920874662086 ], [ 127.533276309828608, 36.419180799421021 ], [ 127.533515632761876, 36.419198603531299 ], [ 127.533649976383472, 36.419227571725763 ], [ 127.534045284200971, 36.419303533804261 ], [ 127.534272249264831, 36.41935011124022 ], [ 127.534792337999633, 36.419329766585108 ], [ 127.534996398079741, 36.419159050898479 ], [ 127.535189369206279, 36.418997386936631 ], [ 127.535244114012258, 36.418951516896172 ], [ 127.536410096779221, 36.419451512602564 ], [ 127.536549333505079, 36.419988759627167 ], [ 127.537321380183911, 36.420381525407123 ], [ 127.537434887075818, 36.420317935358916 ], [ 127.537782513458993, 36.420122906250533 ], [ 127.538084326584766, 36.420157037766714 ], [ 127.53826094735156, 36.420176799247443 ], [ 127.538378972936798, 36.420212594095908 ], [ 127.538692860033208, 36.420304676952732 ], [ 127.539096622426243, 36.420394101502616 ], [ 127.539237090447841, 36.420426135780005 ], [ 127.539618019042791, 36.420614229406283 ], [ 127.539728780164992, 36.420558534640705 ], [ 127.541534778793732, 36.419653166470624 ], [ 127.542154064846414, 36.419342566591382 ], [ 127.542260489574701, 36.419289141993524 ], [ 127.542280457210836, 36.419279192961639 ], [ 127.541859712181918, 36.415857565302922 ], [ 127.5418388445635, 36.415687567145184 ], [ 127.54288955777092, 36.412078196186229 ], [ 127.544102036288976, 36.410605219133998 ], [ 127.545573940583807, 36.408818744165124 ], [ 127.546070584838418, 36.408646108403296 ], [ 127.546647185923163, 36.408772171472883 ], [ 127.546985659797912, 36.408525629294509 ], [ 127.547072468623512, 36.408459610745425 ], [ 127.547079233573015, 36.408454515357157 ], [ 127.547165422861141, 36.408424275369853 ], [ 127.547363230023166, 36.408363669971543 ], [ 127.547584317881572, 36.40829393724654 ], [ 127.547692743827682, 36.40825514237612 ], [ 127.547863953591488, 36.408201425454877 ], [ 127.548038613610728, 36.408143736434354 ], [ 127.548176745907014, 36.408093261394484 ], [ 127.548389638491443, 36.408023573706899 ], [ 127.548622853319216, 36.407944213276473 ], [ 127.548483192476596, 36.407751104987959 ], [ 127.548596604087706, 36.407703274926142 ], [ 127.548721534146338, 36.407657365504917 ], [ 127.549531204465225, 36.407337969610403 ], [ 127.549646213074979, 36.407295475066213 ], [ 127.550100654475202, 36.407118231142832 ], [ 127.550365780674298, 36.406845261041383 ], [ 127.550442580742128, 36.406769157072517 ], [ 127.550471802383598, 36.406737761728863 ], [ 127.551256279870501, 36.405935226237339 ], [ 127.551663256519404, 36.405526138727453 ], [ 127.551699730566042, 36.405486265859196 ], [ 127.551853228506147, 36.405023149502163 ], [ 127.551882269807749, 36.404941064730785 ], [ 127.551913084266843, 36.40484011062717 ], [ 127.55191683165215, 36.404827702489563 ], [ 127.552613817109261, 36.402839137655029 ], [ 127.552821077858567, 36.402269886162074 ], [ 127.553198930952178, 36.401217170042301 ], [ 127.553337841375864, 36.401132324421148 ], [ 127.553796219213396, 36.400852821273332 ], [ 127.553836798591234, 36.40082644606688 ], [ 127.553893654858911, 36.400789289850351 ], [ 127.55395246342438, 36.400755503905529 ], [ 127.553962699131588, 36.400749544985558 ], [ 127.55412450251896, 36.400650237160797 ], [ 127.55440371358219, 36.400479131366566 ], [ 127.554510369116016, 36.400412736144169 ], [ 127.554895622974627, 36.400188195321761 ], [ 127.555016872547256, 36.400117514622124 ], [ 127.555037165278407, 36.400105597426972 ], [ 127.555525717172358, 36.399882549308423 ], [ 127.55602690272049, 36.399746735378827 ], [ 127.556117288989014, 36.399720695866179 ], [ 127.556242636247092, 36.39968885267929 ], [ 127.556318239334573, 36.399665693279672 ], [ 127.556320330908221, 36.399665115836235 ], [ 127.556610885380152, 36.399621519628766 ], [ 127.556878657186516, 36.399581416998636 ], [ 127.557003942899996, 36.399564496419188 ], [ 127.55707908991505, 36.399550917932629 ], [ 127.557106053497606, 36.399546007372408 ], [ 127.557110929783008, 36.399545137602907 ], [ 127.557940725394531, 36.399647998259084 ], [ 127.558073931046891, 36.399666247764102 ], [ 127.558165095428265, 36.399675960887151 ], [ 127.558779824800681, 36.399856145667464 ], [ 127.558987759936642, 36.399462046653419 ], [ 127.559191907047747, 36.399146527596209 ], [ 127.559678713218659, 36.398218884964749 ], [ 127.559159244231495, 36.397816918371205 ], [ 127.558272931277273, 36.397554933301279 ], [ 127.557608989268005, 36.397358078259629 ], [ 127.557430795772149, 36.397306532682293 ], [ 127.557228437147657, 36.396846470590596 ], [ 127.556529131623208, 36.396329314290334 ], [ 127.555693644732685, 36.395666050668261 ], [ 127.555079966854947, 36.395186778453755 ], [ 127.55494609391981, 36.395147126217147 ], [ 127.554363511559274, 36.394974666707149 ], [ 127.554024022256087, 36.394870910595209 ], [ 127.553164742461703, 36.395099053857088 ], [ 127.552636795425428, 36.395239476038206 ], [ 127.55135425738716, 36.395019539588574 ], [ 127.551077976283764, 36.395209206703832 ], [ 127.550790836511652, 36.395663358161094 ], [ 127.550212650180825, 36.396611949517521 ], [ 127.550026191551552, 36.396869635226118 ], [ 127.548574071626163, 36.397033429739892 ], [ 127.54813955555889, 36.396765919683311 ], [ 127.548123108406017, 36.396755568588844 ], [ 127.546873753360686, 36.396425599434238 ], [ 127.546273428626506, 36.396429753885847 ], [ 127.546107377117636, 36.396519500248061 ], [ 127.544659618911851, 36.396158592557725 ], [ 127.543942495947476, 36.396298430705237 ], [ 127.543612116234456, 36.396100829361743 ], [ 127.543113510207917, 36.397009879206038 ], [ 127.542456227270861, 36.396963573748408 ], [ 127.54122555741327, 36.397192177302642 ], [ 127.540305521476, 36.397131565210579 ], [ 127.540288970269202, 36.397130225059996 ], [ 127.540204273069122, 36.397123289715907 ], [ 127.539827475866716, 36.39774565951631 ], [ 127.539220859907516, 36.397899615016762 ], [ 127.539158498589686, 36.397191641506701 ], [ 127.538131261279005, 36.39580088452874 ], [ 127.537428572847958, 36.394948220688818 ], [ 127.536661081203746, 36.394677377027378 ], [ 127.53633449443457, 36.394774299331353 ], [ 127.53528582335305, 36.394540463410664 ], [ 127.534525390768067, 36.394026820922434 ], [ 127.533920692224328, 36.393617527232934 ], [ 127.533428570181783, 36.393549033150322 ], [ 127.533170383977364, 36.393255612637603 ], [ 127.533355320203555, 36.39302275050435 ], [ 127.533673818239421, 36.392939939424672 ], [ 127.533660100611726, 36.392665715513985 ], [ 127.533680022122823, 36.392674358963546 ], [ 127.533643836239264, 36.392501885610848 ], [ 127.533568342353448, 36.392156691427928 ], [ 127.533529116989541, 36.392048438978094 ], [ 127.533495336281348, 36.391947497678927 ], [ 127.533423608790713, 36.391747589108711 ], [ 127.532753949543689, 36.391360819087517 ], [ 127.532374421935188, 36.391201136329734 ], [ 127.532064954770178, 36.391073537768484 ], [ 127.531771469348485, 36.390916012121096 ], [ 127.531702557090355, 36.390923076707409 ], [ 127.531513249764544, 36.39092251105437 ], [ 127.531332744954099, 36.390937955661542 ], [ 127.531242951329247, 36.391024801914831 ], [ 127.530933471457388, 36.391177685569609 ], [ 127.530868651048024, 36.391224436513646 ], [ 127.53077059007839, 36.391300342958878 ], [ 127.530502285847035, 36.391233386035722 ], [ 127.530147079979372, 36.391193280129727 ], [ 127.530138370922714, 36.391115314525962 ], [ 127.530098930137527, 36.391051840355672 ], [ 127.52995555369597, 36.390942362393154 ], [ 127.52968187615518, 36.390725042299465 ], [ 127.529374647224984, 36.390490693789417 ], [ 127.529262926811413, 36.390349822946128 ], [ 127.529059206269736, 36.390096425344851 ], [ 127.529401815981302, 36.389357368544545 ], [ 127.528520687258535, 36.388982493987626 ], [ 127.528312537265322, 36.389028190693828 ], [ 127.528094673939179, 36.388848352139931 ], [ 127.528001095664891, 36.388709643961114 ], [ 127.527718632219575, 36.388427033057525 ], [ 127.527084219087783, 36.388042328439774 ], [ 127.526977773784438, 36.387827924735937 ], [ 127.526799520906224, 36.387658615255184 ], [ 127.526504357126143, 36.387557964942118 ], [ 127.526300676661336, 36.387465653233711 ], [ 127.526021221545378, 36.387473350987648 ], [ 127.525668778656609, 36.387322268992904 ], [ 127.52512278674395, 36.387628525015536 ], [ 127.524934234020563, 36.387506559649239 ], [ 127.524869021520544, 36.387311970024818 ], [ 127.524582566734622, 36.386455998351423 ], [ 127.525565859275446, 36.385221049103095 ], [ 127.525274980590936, 36.384484781019687 ], [ 127.524804398280779, 36.38380225154939 ], [ 127.524867185424597, 36.383555563744288 ], [ 127.524999390174699, 36.383015695223911 ], [ 127.525086854536227, 36.382139493981171 ], [ 127.524978479348746, 36.381428900727762 ], [ 127.525391326252446, 36.380464265870039 ], [ 127.52531502362875, 36.379705365123392 ], [ 127.525892865992873, 36.37896416802635 ], [ 127.525605690766184, 36.378647201982531 ], [ 127.525764059228038, 36.377544281319878 ], [ 127.525382806303526, 36.377219842319626 ], [ 127.525150607746667, 36.376765774887382 ], [ 127.52514090887118, 36.376746947123067 ], [ 127.524880067620089, 36.376461692696246 ], [ 127.524794799742523, 36.375896868021208 ], [ 127.524982831199779, 36.375502913395593 ], [ 127.52482998901479, 36.375249293816715 ], [ 127.52495534567521, 36.374988255419652 ], [ 127.52498602973732, 36.37494249525804 ], [ 127.525341847810267, 36.374540198898856 ], [ 127.525846367911271, 36.37398264593908 ], [ 127.525892021209557, 36.37375490271652 ], [ 127.52586151262949, 36.373177456256428 ], [ 127.52591008871093, 36.372918718292198 ], [ 127.525975145865601, 36.372572044851665 ], [ 127.525925496372636, 36.372049878373808 ], [ 127.52585366112497, 36.371904593248374 ], [ 127.525819613983444, 36.371761124793679 ], [ 127.525986094544692, 36.371583541379962 ], [ 127.525903881284691, 36.371241740780171 ], [ 127.526202958286646, 36.37092389513905 ], [ 127.526253408959562, 36.370553071414662 ], [ 127.526530934687671, 36.370137886136092 ], [ 127.526577998262084, 36.37006756002004 ], [ 127.526518383942218, 36.369462350384268 ], [ 127.526305483671663, 36.369337402667355 ], [ 127.526288015395721, 36.369303127161885 ], [ 127.526120057490317, 36.36897437349257 ], [ 127.52612536917988, 36.368884234118269 ], [ 127.526124681764699, 36.368522925831208 ], [ 127.525984252997304, 36.368013827918979 ], [ 127.52579337355786, 36.367876959342652 ], [ 127.525454681772828, 36.367737638775303 ], [ 127.525283368722555, 36.367555625526172 ], [ 127.524969537315386, 36.367412806212876 ], [ 127.524823947394637, 36.366495954114782 ], [ 127.524440436249776, 36.366449754633422 ], [ 127.524279006072149, 36.366288540482664 ], [ 127.524088815463344, 36.36591201133934 ], [ 127.524424506554496, 36.365604427185318 ], [ 127.524472375262249, 36.365056762290394 ], [ 127.524778888402508, 36.364239590012019 ], [ 127.524801100495537, 36.364045743054191 ], [ 127.524849134947701, 36.363628177819351 ], [ 127.524488871558916, 36.363384188812837 ], [ 127.524501382609671, 36.36327740049137 ], [ 127.524513737838987, 36.363172307032393 ], [ 127.524367199603191, 36.363049327062278 ], [ 127.52449267481488, 36.362392335813709 ], [ 127.524271862969414, 36.362095630435569 ], [ 127.524385297829014, 36.361695811328985 ], [ 127.524462410182025, 36.361485953754467 ], [ 127.524253153427338, 36.361095711191084 ], [ 127.524088253197917, 36.361037009919073 ], [ 127.523826161782452, 36.36071120541795 ], [ 127.523581254017202, 36.360403907193259 ], [ 127.523679305741837, 36.360046113954105 ], [ 127.523240036934453, 36.3596988325734 ], [ 127.523016160377153, 36.35951703624017 ], [ 127.522950640920058, 36.359323860717367 ], [ 127.522847825951771, 36.359021293605281 ], [ 127.522887983749499, 36.35867445031009 ], [ 127.522892598718954, 36.358634724966372 ], [ 127.522808298932162, 36.358523853321536 ], [ 127.522471231633517, 36.358335511618101 ], [ 127.522093282643567, 36.358124547668019 ], [ 127.522043132098659, 36.357991844714284 ], [ 127.522001487442353, 36.357881633742643 ], [ 127.522292701922197, 36.357459071431911 ], [ 127.522543897471451, 36.357092158465299 ], [ 127.522643082005416, 36.357007800664469 ], [ 127.522763038978425, 36.356905896648243 ], [ 127.522870130031635, 36.356806022195236 ], [ 127.522950034757045, 36.356649096540515 ], [ 127.523092848936344, 36.35634630442096 ], [ 127.523054206941026, 36.35598319644167 ], [ 127.522915161965599, 36.355519704510513 ], [ 127.522742117889436, 36.355412319960308 ], [ 127.522740486536264, 36.355246170698322 ], [ 127.522641364170227, 36.355105517005839 ], [ 127.52260942691224, 36.355065951059096 ], [ 127.522525296626583, 36.354770898745073 ], [ 127.522454948099011, 36.354532685692639 ], [ 127.522395241173001, 36.354324831434425 ], [ 127.522300937943427, 36.354253428814488 ], [ 127.522195269255036, 36.354173352387562 ], [ 127.52203756564704, 36.354122213601329 ], [ 127.521900927438693, 36.354018895649517 ], [ 127.521830159529159, 36.353953310792171 ], [ 127.5216071963806, 36.353746734623485 ], [ 127.521551633936951, 36.353558570301828 ], [ 127.521526751512226, 36.353324943934027 ], [ 127.52143530170089, 36.353211570041289 ], [ 127.521238543358194, 36.352966291320101 ], [ 127.520906449576955, 36.352316644887956 ], [ 127.520582775620824, 36.351702728040145 ], [ 127.520441704286327, 36.351429053665328 ], [ 127.520112798395445, 36.351152238340816 ], [ 127.519771426921935, 36.350860003177225 ], [ 127.519368756000191, 36.350352870868562 ], [ 127.519077062268011, 36.350305976439003 ], [ 127.518692506569138, 36.350245965786172 ], [ 127.518339840985277, 36.350060500150413 ], [ 127.51810193666303, 36.349934807225729 ], [ 127.517715029976657, 36.349730905750775 ], [ 127.51747955018719, 36.349550275166244 ], [ 127.517210646677441, 36.349343609546388 ], [ 127.517112553544592, 36.349064104305178 ], [ 127.517624854942383, 36.348146652646392 ], [ 127.51745662094099, 36.348079224095265 ], [ 127.517282292079514, 36.348013236439293 ], [ 127.516313691878153, 36.34844321311742 ], [ 127.515775998787518, 36.348678425135475 ], [ 127.515106243588448, 36.348234382277937 ], [ 127.515041282904477, 36.348096386836012 ], [ 127.514894074691611, 36.347784991268654 ], [ 127.514287376674375, 36.347530205656305 ], [ 127.513700764948751, 36.347579464778036 ], [ 127.513308619623558, 36.347608179847903 ], [ 127.51315162704465, 36.347530000246323 ], [ 127.513056630004357, 36.34748281645539 ], [ 127.513001115897879, 36.347456586888292 ], [ 127.512862724906967, 36.347241737805128 ], [ 127.512650924288863, 36.347219556103063 ], [ 127.512233891656763, 36.346342136107125 ], [ 127.512101209104443, 36.346228083977678 ], [ 127.511966276719264, 36.346115735496952 ], [ 127.510583430604882, 36.34628046464757 ], [ 127.510422326090506, 36.346478559951535 ], [ 127.510301963764817, 36.346626079443602 ], [ 127.509779360542112, 36.346720952086592 ], [ 127.509411232454084, 36.346694355877105 ], [ 127.509154728010813, 36.346783309340381 ], [ 127.50827300751682, 36.346604286486908 ], [ 127.507710834397088, 36.346392921906158 ], [ 127.507437444417462, 36.346294672182253 ], [ 127.507459497515498, 36.346287261357546 ], [ 127.5074305200786, 36.346004355234285 ], [ 127.50752784503905, 36.345874968461416 ], [ 127.507575304123563, 36.345811965318902 ], [ 127.507418708835516, 36.345389080904198 ], [ 127.50794363996873, 36.34484953792817 ], [ 127.508026138603313, 36.344526174730099 ], [ 127.508056520932243, 36.344057440160974 ], [ 127.507884881999985, 36.343757403736255 ], [ 127.507945410374347, 36.343590152344227 ], [ 127.508071070266325, 36.343240697638798 ], [ 127.507804262021651, 36.343133688474772 ], [ 127.507387729572528, 36.342967610406312 ], [ 127.507258625271504, 36.342919160494098 ], [ 127.506743765212605, 36.342809251343795 ], [ 127.506520117324243, 36.342485497783564 ], [ 127.506040709961098, 36.342312354185893 ], [ 127.505575827520119, 36.342366980022682 ], [ 127.5053750964111, 36.342276304161658 ], [ 127.505087433538478, 36.342148821232115 ], [ 127.50483292082022, 36.342112999715376 ], [ 127.50453573487566, 36.342072013371578 ], [ 127.504445968101834, 36.341807385449037 ], [ 127.5047860131222, 36.34117795868351 ], [ 127.504791162560281, 36.341168078246369 ], [ 127.504881763618968, 36.3409928164698 ], [ 127.50471446498004, 36.340987041639373 ], [ 127.504001062962459, 36.340879371230436 ], [ 127.503836248067472, 36.340854434955574 ], [ 127.503661215473699, 36.340754348121031 ], [ 127.503503835927518, 36.340666028194299 ], [ 127.503274610148068, 36.340636567479905 ], [ 127.502915594348664, 36.340589645646205 ], [ 127.502494858535854, 36.340413988610401 ], [ 127.502178291999741, 36.340391091912196 ], [ 127.502048648209481, 36.340338979850749 ], [ 127.501696544971651, 36.340174297085774 ], [ 127.501341531328777, 36.34006989542128 ], [ 127.501009626811253, 36.339823462478009 ], [ 127.500841570559089, 36.339698569264598 ], [ 127.500558607577474, 36.339294226491305 ], [ 127.500554986899033, 36.339026991802719 ], [ 127.500555505353717, 36.338972072576404 ], [ 127.50055561348843, 36.338961086910196 ], [ 127.500550523312043, 36.338463493239473 ], [ 127.500541393068048, 36.337769074650645 ], [ 127.500708937802003, 36.337542236270956 ], [ 127.501085054717493, 36.337026999847716 ], [ 127.501131765562079, 36.336792780686217 ], [ 127.501294667627164, 36.336629610254413 ], [ 127.501481275953083, 36.336282439392171 ], [ 127.501566186071116, 36.336225481886295 ], [ 127.501494271277764, 36.336083290318157 ], [ 127.501413557248796, 36.335925356082399 ], [ 127.501382684205154, 36.335397455681296 ], [ 127.501339462028724, 36.33527964670651 ], [ 127.501321402925399, 36.335230158066651 ], [ 127.501292331543539, 36.335148048183989 ], [ 127.501241821362498, 36.335005199187755 ], [ 127.501225203000288, 36.33499118343817 ], [ 127.501076462663136, 36.334837201098004 ], [ 127.501236243430384, 36.334459737293585 ], [ 127.501274872584091, 36.334186405088722 ], [ 127.501292690586894, 36.334060446591309 ], [ 127.501276585121602, 36.334044743519236 ], [ 127.501150918612993, 36.333851518067334 ], [ 127.501071965393578, 36.333532780964013 ], [ 127.50097173804032, 36.333126548279218 ], [ 127.500920334249969, 36.332925406334198 ], [ 127.501248604751567, 36.332633687202033 ], [ 127.501326816352901, 36.332564366806359 ], [ 127.501390167495629, 36.332510320212599 ], [ 127.501443749600412, 36.332426449772491 ], [ 127.50163232283775, 36.332114758209016 ], [ 127.50171655065968, 36.331815894130465 ], [ 127.501720043482138, 36.331790818054714 ], [ 127.50154167158793, 36.331436450505983 ], [ 127.501492412963174, 36.331163206398728 ], [ 127.501415482679377, 36.330725056245726 ], [ 127.501695683399703, 36.330184021646268 ], [ 127.501560138850948, 36.329479425295183 ], [ 127.501609356566604, 36.329174795977508 ], [ 127.501643579272653, 36.328975837198037 ], [ 127.502199976677559, 36.32781578668525 ], [ 127.5020196087101, 36.327501701138402 ], [ 127.502741061260465, 36.326548783946734 ], [ 127.502860070666699, 36.326383821686228 ], [ 127.502922982416379, 36.325881445041148 ], [ 127.502949768628639, 36.325662799434824 ], [ 127.502959378698449, 36.325615727160354 ], [ 127.502855922421134, 36.325411145415103 ], [ 127.50276214672931, 36.32522257277877 ], [ 127.502723398602726, 36.325148947623653 ], [ 127.502592147319803, 36.324925341366956 ], [ 127.502533378000265, 36.32482420630712 ], [ 127.502433961999159, 36.324651986198923 ], [ 127.502388266941807, 36.324580363597462 ], [ 127.502361497608248, 36.324530352794689 ], [ 127.50218906778089, 36.324233969034687 ], [ 127.502193731072893, 36.323874888014068 ], [ 127.501826808047809, 36.323530042332386 ], [ 127.501575805511351, 36.322944486113933 ], [ 127.501528822650357, 36.322834857258073 ], [ 127.501203132815263, 36.322624165265033 ], [ 127.501150709816685, 36.322590302210166 ], [ 127.500942175077668, 36.322576809074583 ], [ 127.500704793142376, 36.322134822245758 ], [ 127.500429382076874, 36.321620900142968 ], [ 127.500022301479888, 36.321141879101411 ], [ 127.499986029832641, 36.321103171967287 ], [ 127.499930702075275, 36.320994135961676 ], [ 127.49997276009654, 36.320768100637125 ], [ 127.499310451973159, 36.320620194234202 ], [ 127.498887183424557, 36.320523674705157 ], [ 127.498765046200162, 36.320497715518911 ], [ 127.49804228107719, 36.32033681537542 ], [ 127.496915105529737, 36.320087759054658 ], [ 127.495975429549802, 36.319882407332372 ], [ 127.496640315436196, 36.319557766523424 ], [ 127.496795381067145, 36.319481939577621 ], [ 127.49682766477224, 36.319468008908267 ], [ 127.496866500116028, 36.3194458774758 ], [ 127.49691404553576, 36.319316705102537 ], [ 127.496957399321275, 36.319183314586155 ], [ 127.496939903069077, 36.319086232047788 ], [ 127.496908528451954, 36.318939363350907 ], [ 127.496842146232808, 36.318622255631077 ], [ 127.496911721858822, 36.318481438961804 ], [ 127.496976233413264, 36.318365713770866 ], [ 127.49700422131815, 36.31794936564981 ], [ 127.497124479833758, 36.317788341798661 ], [ 127.497177492782413, 36.317696319860332 ], [ 127.497401206520706, 36.317360553492215 ], [ 127.497413772700469, 36.317229543411983 ], [ 127.497424858676837, 36.317139101108332 ], [ 127.497481316474477, 36.317042558889177 ], [ 127.497827388664689, 36.316412556752539 ], [ 127.497727070370672, 36.316259774387525 ], [ 127.497641839330768, 36.316126079171923 ], [ 127.497646439173394, 36.316055940069532 ], [ 127.497684230896226, 36.315676156468278 ], [ 127.497147817625446, 36.315070380511486 ], [ 127.497056710218487, 36.314970223715164 ], [ 127.496928501133311, 36.314836706106284 ], [ 127.496918917120411, 36.314393757730727 ], [ 127.496468947852989, 36.313837175614708 ], [ 127.49615888069853, 36.313641328070723 ], [ 127.49579565722668, 36.31296048245644 ], [ 127.494401023431578, 36.312575069811224 ], [ 127.494097759420711, 36.312103214374822 ], [ 127.494567836344103, 36.311990036014834 ], [ 127.495018525447605, 36.311726548528803 ], [ 127.495089081323144, 36.311685145843882 ], [ 127.495668483826037, 36.310977018583301 ], [ 127.496173459443909, 36.310633053084729 ], [ 127.496396175545016, 36.309618593742783 ], [ 127.497093019582309, 36.308502481798456 ], [ 127.498193732539903, 36.307923417415907 ], [ 127.498137864278249, 36.30753586666205 ], [ 127.498241920936167, 36.307182562843337 ], [ 127.498773840044223, 36.306759901216239 ], [ 127.498819014323175, 36.306530761796068 ], [ 127.498820150990909, 36.306518645328801 ], [ 127.498856538003736, 36.306331221601546 ], [ 127.498918171842732, 36.305981761380444 ], [ 127.498958269890508, 36.305777425207765 ], [ 127.498973985486842, 36.305704698384524 ], [ 127.498976566776633, 36.305672867289466 ], [ 127.498966199690429, 36.30565686056822 ], [ 127.498651561701521, 36.305173501438389 ], [ 127.49855161096059, 36.305020438541078 ], [ 127.498494198904794, 36.304938724697436 ], [ 127.497831929265473, 36.304666339276153 ], [ 127.497742173785539, 36.304255840774147 ], [ 127.497731038316061, 36.304227437010624 ], [ 127.497727332853017, 36.303642538022281 ], [ 127.497336709918969, 36.302421665262337 ], [ 127.497498862162558, 36.302123605999441 ], [ 127.497426337923812, 36.301576444966834 ], [ 127.497199656434177, 36.301573437870204 ], [ 127.496576247962722, 36.301141773179594 ], [ 127.496555168886971, 36.301137633964757 ], [ 127.49654282574069, 36.301111776378086 ], [ 127.496182454996941, 36.300544123741986 ], [ 127.496015966708555, 36.299411309110702 ], [ 127.495248936475292, 36.300255380902357 ], [ 127.495005821582239, 36.300405357395832 ], [ 127.494791970741645, 36.300782767627766 ], [ 127.494511765817222, 36.300870372814906 ], [ 127.494336264128407, 36.30087419639694 ], [ 127.494153094810514, 36.301041388756495 ], [ 127.493582888085925, 36.30096206370272 ], [ 127.493476138374135, 36.300583731344602 ], [ 127.493052038313607, 36.300501270154768 ], [ 127.492803837233637, 36.300256441521256 ], [ 127.492488305582015, 36.30017691153909 ], [ 127.492329096648874, 36.299726420347248 ], [ 127.492291740530689, 36.299704323749722 ], [ 127.491607644255978, 36.299297664209881 ], [ 127.491532077885353, 36.298840908273846 ], [ 127.491464928275903, 36.298451705704665 ], [ 127.491409114917246, 36.298093150561137 ], [ 127.491408188815726, 36.297695800295394 ], [ 127.491413307894177, 36.297430212734987 ], [ 127.491176976966145, 36.29702312080709 ], [ 127.491197045466649, 36.296587934349908 ], [ 127.491405179528201, 36.296434729455363 ], [ 127.491717301707368, 36.296222801026069 ], [ 127.491841251638505, 36.29615527254996 ], [ 127.492016124174896, 36.295775215548758 ], [ 127.492289899852423, 36.29560737510446 ], [ 127.492355220258972, 36.295398710715993 ], [ 127.492424249343301, 36.295201016358028 ], [ 127.492682847566485, 36.29499746976412 ], [ 127.492777351385769, 36.294507636390051 ], [ 127.49282457534089, 36.294436754332366 ], [ 127.493037388868842, 36.294118774869084 ], [ 127.493581619937757, 36.293310274735241 ], [ 127.49350115279961, 36.292905357240997 ], [ 127.493704954982348, 36.29248124637553 ], [ 127.493710624676638, 36.29246939964208 ], [ 127.493854778204565, 36.292463173826029 ], [ 127.494078747005176, 36.292453239664432 ], [ 127.494377478294695, 36.29205041877276 ], [ 127.494350103890355, 36.291820164640178 ], [ 127.494408644994877, 36.291614627007171 ], [ 127.494644543203705, 36.291344428770138 ], [ 127.494792043701025, 36.291178797466138 ], [ 127.495128339847412, 36.290419576728468 ], [ 127.495568552510022, 36.29011389190179 ], [ 127.495471966350053, 36.289747062661391 ], [ 127.495454745661831, 36.289690531077383 ], [ 127.495408916994748, 36.289538647311694 ], [ 127.495581152275733, 36.288664076535177 ], [ 127.495769242833262, 36.287792539899336 ], [ 127.496291402564083, 36.287522848926301 ], [ 127.496361690422646, 36.287470740563755 ], [ 127.496404800107882, 36.287438732685779 ], [ 127.496905618522447, 36.287067186544675 ], [ 127.497614319439762, 36.286537620264596 ], [ 127.497703436509667, 36.28619142492618 ], [ 127.497664937737198, 36.285907147061877 ], [ 127.497632038715679, 36.285656369620256 ], [ 127.497712933704662, 36.285191361471938 ], [ 127.497794319527287, 36.284696783667449 ], [ 127.498367304485839, 36.283915456144726 ], [ 127.498844302029411, 36.283275045209258 ], [ 127.498986575674408, 36.283084080290131 ], [ 127.498809557409288, 36.28281446419242 ], [ 127.498661381237198, 36.282595986727777 ], [ 127.498528425724786, 36.281321377097932 ], [ 127.497872417666187, 36.280907587764361 ], [ 127.497300052555829, 36.280353486535468 ], [ 127.497034002330295, 36.279780648845602 ], [ 127.496780962713061, 36.279230015641232 ], [ 127.496600863080488, 36.279076146746583 ], [ 127.496228586407668, 36.278755517209333 ], [ 127.496114137829551, 36.278641099765409 ], [ 127.495899489086739, 36.27855186078768 ], [ 127.495353112606836, 36.278309115749003 ], [ 127.495060274940982, 36.278090383781667 ], [ 127.494713276342821, 36.277722333391914 ], [ 127.493932793285666, 36.277086273689484 ], [ 127.49298555921564, 36.276312347410318 ], [ 127.492924440624137, 36.275800054782231 ], [ 127.492622235119441, 36.275472646330179 ], [ 127.492179487591628, 36.275221575662613 ], [ 127.491289823419081, 36.274720563881203 ], [ 127.49113475810006, 36.274451684071344 ], [ 127.490966780050158, 36.274173295412652 ], [ 127.490697628154734, 36.273929105484406 ], [ 127.490638074212384, 36.273887949029373 ], [ 127.490446495996736, 36.273784817769261 ], [ 127.49034474690319, 36.273726936608412 ], [ 127.490250405291548, 36.273655786807687 ], [ 127.490207961518763, 36.273654554417718 ], [ 127.49003882581782, 36.273552177893684 ], [ 127.489890793604914, 36.273489420782468 ], [ 127.489804175144741, 36.273457386188994 ], [ 127.489735555654732, 36.273441895749073 ], [ 127.4896689974981, 36.273419638032607 ], [ 127.489559313864504, 36.273399241475467 ], [ 127.489435474874284, 36.273311043983668 ], [ 127.489342327767943, 36.273238482748354 ], [ 127.489077947110019, 36.273004975622548 ], [ 127.488959688913582, 36.272890548662843 ], [ 127.488847947636884, 36.272789621687316 ], [ 127.488767008240458, 36.272722083871983 ], [ 127.488753203443991, 36.272710596042948 ], [ 127.488801498361042, 36.272338943297214 ], [ 127.488885972674112, 36.272081763738562 ], [ 127.489084451490498, 36.271477166356753 ], [ 127.489214291050345, 36.271075901674152 ], [ 127.489275678316588, 36.270909492350562 ], [ 127.489320722787838, 36.270799482214727 ], [ 127.489369429351555, 36.270605521510461 ], [ 127.489377528014558, 36.270481576655641 ], [ 127.489402269560088, 36.270210005199758 ], [ 127.489424225907996, 36.269966597857454 ], [ 127.489440078307098, 36.269860077151371 ], [ 127.48944300803133, 36.269826550427503 ], [ 127.489481192939792, 36.269787535886408 ], [ 127.489602809517379, 36.269687621779433 ], [ 127.489701909824177, 36.269601605490628 ], [ 127.489746872305389, 36.26956086898587 ], [ 127.489760742950551, 36.269527585965562 ], [ 127.489785025931084, 36.269432863245079 ], [ 127.489854985170851, 36.269106459664819 ], [ 127.489914902677569, 36.268872476699755 ], [ 127.489983453919976, 36.268766867162697 ], [ 127.490047141381098, 36.26866298067722 ], [ 127.490204283796828, 36.268460411930619 ], [ 127.490232521370345, 36.268414678960468 ], [ 127.490240785096688, 36.268401406900033 ], [ 127.490254847424026, 36.268370375977035 ], [ 127.490037484513493, 36.268089925516279 ], [ 127.489869838902749, 36.2677512628659 ], [ 127.489126137145306, 36.267469011536498 ], [ 127.488674046334893, 36.267302730194388 ], [ 127.488329925017297, 36.267217113679685 ], [ 127.488315836550569, 36.267188441487349 ], [ 127.48807924004997, 36.266412418032608 ], [ 127.488093665703374, 36.266242550459523 ], [ 127.487772211058029, 36.265549103915347 ], [ 127.487737658503789, 36.265445050221452 ], [ 127.487699601993228, 36.265308892785015 ], [ 127.487472303001553, 36.263366093000805 ], [ 127.487150134619483, 36.263228566036211 ], [ 127.48705846276593, 36.262660348900489 ], [ 127.4868901050597, 36.262173828261062 ], [ 127.486763642686682, 36.262107888501198 ], [ 127.486585982821865, 36.262029467658536 ], [ 127.486285095038411, 36.261846513723313 ], [ 127.486086226202318, 36.261344624263174 ], [ 127.486048076748475, 36.261248469876755 ], [ 127.486385055785163, 36.260746670920561 ], [ 127.486455345907217, 36.260641903329038 ], [ 127.48623827328089, 36.260318079590974 ], [ 127.4861261137426, 36.259809088806144 ], [ 127.486108230497763, 36.259727766806741 ], [ 127.486169018136621, 36.259576293729204 ], [ 127.486212164175257, 36.25946910393273 ], [ 127.486313708021612, 36.259216362378076 ], [ 127.487252703531254, 36.258761404774866 ], [ 127.487490314401953, 36.258245920619323 ], [ 127.487706334027294, 36.258175480769012 ], [ 127.488936656356941, 36.258355782940654 ], [ 127.489445415941901, 36.258054066744421 ], [ 127.489744387625507, 36.25798750232692 ], [ 127.489785678993286, 36.257890745441536 ], [ 127.489811219954774, 36.257830649708936 ], [ 127.489859603332178, 36.257587981022247 ], [ 127.489983733137763, 36.257335423474771 ], [ 127.489529325353672, 36.256032542382499 ], [ 127.48949817219868, 36.255943398681204 ], [ 127.489501196051094, 36.255925083398381 ], [ 127.489650140307617, 36.255050611288333 ], [ 127.489979597930059, 36.254715830077259 ], [ 127.490097418575175, 36.254596222010662 ], [ 127.490379676646015, 36.25402619937222 ], [ 127.489812564598566, 36.253802094422859 ], [ 127.489623850186106, 36.253591375846561 ], [ 127.48901050379942, 36.252977127834455 ], [ 127.488727575186203, 36.252739467955507 ], [ 127.488540053269617, 36.25258196642352 ], [ 127.48798793348648, 36.251941554796936 ], [ 127.487937155174876, 36.251882616864286 ], [ 127.487607576083576, 36.251439287453181 ], [ 127.487708040294322, 36.251183448755931 ], [ 127.48808786541521, 36.250281003853495 ], [ 127.488444879250139, 36.250019614801417 ], [ 127.488319717011507, 36.249656281785157 ], [ 127.488776088186881, 36.248738311074732 ], [ 127.488651718839748, 36.248334133608139 ], [ 127.488579516380298, 36.248099841372436 ], [ 127.488514677442865, 36.247904657366867 ], [ 127.48854251442026, 36.247544360281616 ], [ 127.488821180364098, 36.247349462656516 ], [ 127.489249223646297, 36.247050049346157 ], [ 127.489397017892998, 36.246524229707333 ], [ 127.489409144629931, 36.246321973369554 ], [ 127.48941095562121, 36.246192709660924 ], [ 127.489413479105025, 36.246011616149794 ], [ 127.490270271008129, 36.245000770026557 ], [ 127.491063497218235, 36.245005411965224 ], [ 127.491760878945243, 36.24516673320614 ], [ 127.49231795059211, 36.244379583775611 ], [ 127.492487585498665, 36.243819029179832 ], [ 127.492707603265274, 36.243061134133484 ], [ 127.492473525903918, 36.242794840778743 ], [ 127.492412426428473, 36.242725249985057 ], [ 127.492411896526121, 36.242724125683246 ], [ 127.492273610846382, 36.242403358940635 ], [ 127.492519313974995, 36.242195079141915 ], [ 127.492838684100604, 36.241508590986385 ], [ 127.493214833695049, 36.24106264615601 ], [ 127.493256280668717, 36.240520361244428 ], [ 127.49314574114328, 36.240050516073687 ], [ 127.493139842284521, 36.240025190083834 ], [ 127.492914382574938, 36.239828144839393 ], [ 127.492645776322718, 36.239485951777965 ], [ 127.492640444263202, 36.239355581726556 ], [ 127.492608627513818, 36.238576469707645 ], [ 127.492576923146402, 36.237953946440399 ], [ 127.492559075999637, 36.23760114398447 ], [ 127.492539608031038, 36.237323551773677 ], [ 127.491973554976056, 36.237417956366883 ], [ 127.491467628727278, 36.237480579717925 ], [ 127.490602601348314, 36.237377103729557 ], [ 127.490323594512091, 36.237205334220938 ], [ 127.489971110195299, 36.237095531937513 ], [ 127.489839176783562, 36.236395969294414 ], [ 127.489387316922148, 36.235731496742417 ], [ 127.490028082420579, 36.234602125060576 ], [ 127.489969845923511, 36.233482076023535 ], [ 127.488887728912104, 36.233091374444804 ], [ 127.488469393945607, 36.232533506480905 ], [ 127.48776661695662, 36.23268702439438 ], [ 127.487290385498014, 36.232855966054935 ], [ 127.486513731559469, 36.232532158739524 ], [ 127.485791147959617, 36.231954660826524 ], [ 127.485299581799111, 36.231947358252292 ], [ 127.484385375515032, 36.231041703615197 ], [ 127.483545702303658, 36.230356810779298 ], [ 127.482959128876715, 36.23043971120871 ], [ 127.482650574084118, 36.230374778491978 ], [ 127.482126283068013, 36.230583869387722 ], [ 127.481723743984205, 36.230410881400935 ], [ 127.480611384339866, 36.230232851041833 ], [ 127.479546014220105, 36.230122499723194 ], [ 127.478462804914102, 36.229792249167062 ], [ 127.477856892408383, 36.2296687856091 ], [ 127.477973170398784, 36.228810224673637 ], [ 127.478187119286574, 36.228296824328815 ], [ 127.478055931043414, 36.227956870669736 ], [ 127.477983279995698, 36.226866439192094 ], [ 127.477821921607159, 36.226680933070405 ], [ 127.476830678037842, 36.226002227908772 ], [ 127.476267619737854, 36.226092328720263 ], [ 127.475777600594213, 36.225845040477836 ], [ 127.475123772692115, 36.225524050995006 ], [ 127.474788665998972, 36.225400896333653 ], [ 127.474422196249378, 36.224947247198301 ], [ 127.473748157495521, 36.224818111032896 ], [ 127.473322677154513, 36.224750794790062 ], [ 127.472525992640172, 36.224628614771405 ], [ 127.472068114776135, 36.224810085411825 ], [ 127.471380784632203, 36.224665217430314 ], [ 127.470997798996009, 36.224585614114226 ], [ 127.470531766705406, 36.223780034391588 ], [ 127.470358602856507, 36.223505851678439 ], [ 127.469344757838414, 36.223421963325428 ], [ 127.46894993353979, 36.223336478911996 ], [ 127.468394325893698, 36.223216988106486 ], [ 127.467922491548549, 36.223037464711375 ], [ 127.467697860105858, 36.222844873699025 ], [ 127.467546376825254, 36.222708024058228 ], [ 127.467525590004968, 36.222691216808251 ], [ 127.467302329342644, 36.222346815085153 ], [ 127.467315045561193, 36.221619617385478 ], [ 127.467789569638128, 36.221285177892881 ], [ 127.467735862097072, 36.221020943384005 ], [ 127.46766743563073, 36.220705236406289 ], [ 127.467488750286819, 36.220376720366843 ], [ 127.467454041336339, 36.220326443215676 ], [ 127.467471649421086, 36.220159934736479 ], [ 127.467492426161058, 36.219940757650967 ], [ 127.467586440662856, 36.219853084674888 ], [ 127.4674345214803, 36.219026559278767 ], [ 127.467478434538251, 36.218607337020991 ], [ 127.467788559345664, 36.218069644224641 ], [ 127.467795934694706, 36.217322190102166 ], [ 127.467831525870778, 36.217052822169002 ], [ 127.468158980046908, 36.216713601023024 ], [ 127.468808277329558, 36.216349745865898 ], [ 127.469405923885944, 36.216008627804037 ], [ 127.469339207254038, 36.215894546176294 ], [ 127.469626567346225, 36.215243162715161 ], [ 127.469137701438441, 36.214765471828485 ], [ 127.468916997187961, 36.214556528917868 ], [ 127.468097651018951, 36.21440314519505 ], [ 127.467326178587655, 36.214263934418987 ], [ 127.466650478226796, 36.214216150291954 ], [ 127.46653553600305, 36.214173511280805 ], [ 127.466162616448727, 36.214052731914201 ], [ 127.46532046927156, 36.214332275470412 ], [ 127.464652041161045, 36.214191791894571 ], [ 127.463735441781211, 36.214015386833424 ], [ 127.463583491136774, 36.213736326479292 ], [ 127.463100695856483, 36.213691715473232 ], [ 127.462858318969083, 36.213606758023488 ], [ 127.462474089684207, 36.213689345435476 ], [ 127.461996035351547, 36.213358593992623 ], [ 127.461537603389772, 36.213200955224941 ], [ 127.461148642137417, 36.213069524751887 ], [ 127.460932850776402, 36.212924198915509 ], [ 127.46028364687875, 36.212918804055882 ], [ 127.460107882080436, 36.212604062377984 ], [ 127.4600959690368, 36.21258833726101 ], [ 127.460075041328636, 36.212306508207007 ], [ 127.459953356888064, 36.211999165043352 ], [ 127.460004649212323, 36.211647226295995 ], [ 127.459975579228555, 36.211490756439026 ], [ 127.459932600207893, 36.211271815500005 ], [ 127.459669288692737, 36.210901651953222 ], [ 127.459571815482917, 36.210664616359537 ], [ 127.459171402949266, 36.210233010715918 ], [ 127.45924153574552, 36.20974554268517 ], [ 127.459065832180656, 36.209618921877251 ], [ 127.458638902793496, 36.209437215834853 ], [ 127.458286373990816, 36.209290713071027 ], [ 127.457645132045414, 36.208885371509133 ], [ 127.45707914080414, 36.208782196572898 ], [ 127.456000577120548, 36.20834584199109 ], [ 127.455211851784071, 36.208033707362929 ], [ 127.454681416423682, 36.207495842551729 ], [ 127.45416078807277, 36.206999068438378 ], [ 127.454137648775401, 36.206842853934901 ], [ 127.454092212543699, 36.206585907854262 ], [ 127.454171811850955, 36.206468731760147 ], [ 127.454572530071317, 36.205877216756789 ], [ 127.454872180627333, 36.205444638286707 ], [ 127.455220704593486, 36.204932181717808 ], [ 127.455473762581775, 36.204556381943164 ], [ 127.455494061632052, 36.204520816157626 ], [ 127.455594478841888, 36.204429757662226 ], [ 127.45600904438146, 36.204071367628465 ], [ 127.456094471496357, 36.204001480473693 ], [ 127.456384878454713, 36.203595968887683 ], [ 127.456273434631299, 36.203312518082491 ], [ 127.456271138701311, 36.203186648823674 ], [ 127.456265119172869, 36.202805351871412 ], [ 127.456062193192423, 36.20244592673528 ], [ 127.455999191817, 36.202336338152918 ], [ 127.456017991390866, 36.202193482463166 ], [ 127.456043460837193, 36.202029198210589 ], [ 127.455961605121814, 36.201816323888821 ], [ 127.455890541171087, 36.201635229501079 ], [ 127.455885632585279, 36.201415024682476 ], [ 127.455875212970255, 36.20108584201094 ], [ 127.455670403427575, 36.200880472432914 ], [ 127.455591420683547, 36.200800791611577 ], [ 127.454803932381083, 36.200780399801047 ], [ 127.454338308122047, 36.200565318300846 ], [ 127.45378682698788, 36.200315638368856 ], [ 127.453361165377814, 36.199979858989821 ], [ 127.452686709694717, 36.199825821706874 ], [ 127.452353084764297, 36.199633323224901 ], [ 127.452262963796187, 36.199549455553267 ], [ 127.452261329894711, 36.199537917475226 ], [ 127.452087926629972, 36.199230480883706 ], [ 127.451976589259417, 36.199023905841685 ], [ 127.451862469469333, 36.198814808814795 ], [ 127.451840385205898, 36.198781376683129 ], [ 127.45149262837316, 36.198698477474011 ], [ 127.451300225114281, 36.198744260122837 ], [ 127.451111811569831, 36.198789748107423 ], [ 127.450715670906476, 36.198814612340868 ], [ 127.450304697752998, 36.198461590144213 ], [ 127.449993689762252, 36.19796907538165 ], [ 127.450013387956005, 36.197888453267964 ], [ 127.449879170758379, 36.19771801852314 ], [ 127.44899743816552, 36.19734168318584 ], [ 127.448716133657612, 36.196722887378236 ], [ 127.448028953216081, 36.19670630260299 ], [ 127.447317387539456, 36.196524490480265 ], [ 127.4464107624554, 36.196194991376366 ], [ 127.445847428302685, 36.195990378046261 ], [ 127.445416202570442, 36.195582495449869 ], [ 127.445011845496296, 36.195502319539258 ], [ 127.444659886407166, 36.195534038278161 ], [ 127.44458547252691, 36.195399982389581 ], [ 127.444352430151341, 36.195292702019181 ], [ 127.444225749742415, 36.195008457686555 ], [ 127.443694288156763, 36.194753294663464 ], [ 127.443373904055079, 36.194839811489288 ], [ 127.442750250386439, 36.19474636066149 ], [ 127.441101685959865, 36.194786779826671 ], [ 127.44090004406128, 36.194919607637651 ], [ 127.440916027804661, 36.195418294597012 ], [ 127.440835245339272, 36.195635723854146 ], [ 127.440746963341098, 36.196158738044304 ], [ 127.440756551929894, 36.196599447810975 ], [ 127.439415128076192, 36.197300811532379 ], [ 127.438204276054165, 36.197148653649712 ], [ 127.437991664895648, 36.197374438252126 ], [ 127.437275704720463, 36.197744849608291 ], [ 127.437126045691002, 36.19819992748512 ], [ 127.436739165730941, 36.198518166187895 ], [ 127.436120669589599, 36.198357920074116 ], [ 127.435673562430921, 36.198526542204355 ], [ 127.435271694700106, 36.198616423989826 ], [ 127.434638927177346, 36.198388064946677 ], [ 127.433901151510398, 36.198429321418118 ], [ 127.433729378461962, 36.198467674652541 ], [ 127.433530346901122, 36.19857568887705 ], [ 127.43331029591171, 36.199251816556192 ], [ 127.43291334817367, 36.200111910506486 ], [ 127.432562385368968, 36.200551099072086 ], [ 127.43227168074273, 36.201208887558458 ], [ 127.431181119132134, 36.202126109021478 ], [ 127.431186510904354, 36.2027301659 ], [ 127.4309192755955, 36.204125715290253 ], [ 127.43062254276164, 36.2041301590167 ], [ 127.430620468080477, 36.204131013572955 ], [ 127.430409192325541, 36.204225827994406 ], [ 127.429991420813522, 36.204623568223788 ], [ 127.42937068118043, 36.205205650016531 ], [ 127.428992185280507, 36.205159690102874 ], [ 127.427908521668641, 36.205123002315851 ], [ 127.427626436940926, 36.205329865594663 ], [ 127.426465081118835, 36.205931320960453 ], [ 127.425573264887419, 36.205807470639044 ], [ 127.425038692597823, 36.206040293264437 ], [ 127.423947258253193, 36.206016267865657 ], [ 127.423657657674767, 36.206151341586299 ], [ 127.422731438615813, 36.207291229653336 ], [ 127.422336468261534, 36.208063703362996 ], [ 127.422329798799552, 36.208082877076947 ], [ 127.422772949695471, 36.208681446655071 ], [ 127.423554550079345, 36.209729145361081 ], [ 127.424311972896064, 36.210057379276186 ], [ 127.424797221199057, 36.210468516395892 ], [ 127.426004151089714, 36.211500049202833 ], [ 127.426131201667914, 36.211602667366598 ], [ 127.426148126599074, 36.211616972252386 ], [ 127.425461570128377, 36.212961897232304 ], [ 127.4250132376837, 36.213215817284159 ], [ 127.42383682552321, 36.21388628598605 ], [ 127.423994643595421, 36.21428169284949 ], [ 127.424738609693364, 36.214716978212721 ], [ 127.425189046897913, 36.215691208334526 ], [ 127.425230528846939, 36.216165590767375 ], [ 127.42600834623363, 36.216941802519152 ], [ 127.425812487194733, 36.217227776995315 ], [ 127.42581874921764, 36.217487404873872 ], [ 127.425826620475092, 36.217721685649636 ], [ 127.426407149722777, 36.218131360182319 ], [ 127.426561512559104, 36.218365120640335 ], [ 127.426663354023674, 36.21843122140514 ], [ 127.426222134683911, 36.218751015363708 ], [ 127.426056473774935, 36.219126722315501 ], [ 127.426158740984263, 36.219658348139951 ], [ 127.42580748081285, 36.220742982955734 ], [ 127.42544321035831, 36.221508309152568 ], [ 127.42542395198312, 36.221548372043699 ], [ 127.425633419280942, 36.221912331018224 ], [ 127.425649377373659, 36.221938742306236 ], [ 127.425811830968911, 36.222061241429458 ], [ 127.426113860028238, 36.222287431315465 ], [ 127.425513038421926, 36.224400311534389 ], [ 127.425639393391862, 36.224788500283069 ], [ 127.425688690182639, 36.224939274220482 ], [ 127.425683168633299, 36.225267947362042 ], [ 127.424064357167339, 36.226115716226161 ], [ 127.424045895149817, 36.226171826180988 ], [ 127.423929709542847, 36.226542281402395 ], [ 127.424099037087373, 36.227393313189125 ], [ 127.423997963141687, 36.227761182701663 ], [ 127.424675675718561, 36.228359482172067 ], [ 127.425479661936279, 36.228649800768402 ], [ 127.425880868131543, 36.229018432304919 ], [ 127.42674754282784, 36.229168836213312 ], [ 127.428377655494458, 36.228861413984291 ], [ 127.429125074909095, 36.228528127260624 ], [ 127.429719935407775, 36.227945573309981 ], [ 127.430322949106213, 36.227617301730064 ], [ 127.431143445307328, 36.227175877572755 ], [ 127.432595065541094, 36.227384688106511 ], [ 127.433821419789211, 36.227649492711627 ], [ 127.434186126621896, 36.229242704727149 ], [ 127.434370475598769, 36.229453816470119 ], [ 127.435160657170442, 36.229848323790364 ], [ 127.435397820225745, 36.230087125154789 ], [ 127.436529461718862, 36.231254556503188 ], [ 127.436502626085158, 36.231303651487195 ], [ 127.437627877530048, 36.232377885811538 ], [ 127.437812625073079, 36.232783871793856 ], [ 127.437725226197031, 36.233070028173735 ], [ 127.437651442479876, 36.233366282185017 ], [ 127.437609800044939, 36.234162287935973 ], [ 127.437411535852306, 36.235048991727659 ], [ 127.437525194223014, 36.23517023744553 ], [ 127.437795421461331, 36.236194349266945 ], [ 127.437696660290086, 36.236656566160001 ], [ 127.438080876584308, 36.236892852038388 ], [ 127.438638660027223, 36.237238050544114 ], [ 127.439437860174849, 36.237456485638333 ], [ 127.440049397811819, 36.237620964622351 ], [ 127.441180230933739, 36.23786717207517 ], [ 127.441778015136407, 36.237623060028682 ], [ 127.441846281217479, 36.237678006294217 ], [ 127.441893113408312, 36.237721487255214 ], [ 127.44229536632001, 36.238193127316684 ], [ 127.443055270454224, 36.238405203410707 ], [ 127.443274532891238, 36.238605186683337 ], [ 127.442309201197745, 36.239141571959017 ], [ 127.442233287478743, 36.239210846234592 ], [ 127.442004958605253, 36.239534148571138 ], [ 127.441978056263125, 36.239602962850668 ], [ 127.4419449894406, 36.239719111942932 ], [ 127.441891971029278, 36.239905734907325 ], [ 127.441759422727799, 36.240229242877881 ], [ 127.44202143857693, 36.240611560645846 ], [ 127.442235965821936, 36.24166966070414 ], [ 127.442280995963927, 36.242075306525038 ], [ 127.442299554287018, 36.242717619357649 ], [ 127.442236585637332, 36.242864005184458 ], [ 127.442034324005235, 36.243248879318429 ], [ 127.44192228317344, 36.243387569320241 ], [ 127.441841356013285, 36.243494035557589 ], [ 127.442049237004554, 36.243923864353398 ], [ 127.442149770746497, 36.244305658634836 ], [ 127.442127330265038, 36.244458095222342 ], [ 127.440336070603522, 36.244750245982246 ], [ 127.439517630574187, 36.245398149647855 ], [ 127.439075618622581, 36.245748975426054 ], [ 127.438611303499414, 36.246496680707033 ], [ 127.438498432003442, 36.246675923704423 ], [ 127.437916292475862, 36.247370832720698 ], [ 127.437854140881981, 36.247978510365648 ], [ 127.437532467809646, 36.248435906742621 ], [ 127.437271600971798, 36.24919920329485 ], [ 127.435813758177005, 36.249921512404981 ], [ 127.435305454597412, 36.249892941854654 ], [ 127.435193184974892, 36.25030817201835 ], [ 127.435100864337258, 36.250777968405302 ], [ 127.43471514905886, 36.251101250010308 ], [ 127.434875865191458, 36.251304560277816 ], [ 127.435157325375656, 36.251620927503261 ], [ 127.435239628328318, 36.251790447808453 ], [ 127.435339828196476, 36.251991156128447 ], [ 127.435619189147573, 36.252554787038825 ], [ 127.43570550398978, 36.252727113129843 ], [ 127.434582550849385, 36.253378061064993 ], [ 127.434325803035321, 36.253540635250893 ], [ 127.433557897345807, 36.253950916538784 ], [ 127.43351803827602, 36.253972463557687 ], [ 127.432537245381923, 36.254051764021973 ], [ 127.431799667986667, 36.253940636297713 ], [ 127.431330932524006, 36.253870235979527 ], [ 127.429923177056168, 36.253887956705803 ], [ 127.427086388939514, 36.25442583295478 ], [ 127.428156531025081, 36.255206616539375 ], [ 127.428138339672458, 36.255442115082587 ], [ 127.427782676766228, 36.255674310810996 ], [ 127.427828781874894, 36.25660940153071 ], [ 127.428473018178863, 36.256562044632751 ], [ 127.429168002275091, 36.256704309635467 ], [ 127.429892388427859, 36.257038534037186 ], [ 127.429815333674043, 36.257254534712665 ], [ 127.429831648545687, 36.257409930034932 ], [ 127.42986942400843, 36.257831655642676 ], [ 127.429718761745363, 36.257974131107368 ], [ 127.429688589504849, 36.259389940262835 ], [ 127.429311548618244, 36.259626164121677 ], [ 127.429336979952112, 36.260559642310206 ], [ 127.429245557376333, 36.261010838949872 ], [ 127.429359783692433, 36.261521282623313 ], [ 127.430411644885993, 36.261606795383187 ], [ 127.430903721439975, 36.262088846576177 ], [ 127.43108280304827, 36.262150439056988 ], [ 127.431478500905669, 36.26271620210818 ], [ 127.431572570801038, 36.26290821181454 ], [ 127.432142350145952, 36.263540926011714 ], [ 127.432852832921256, 36.264210592106252 ], [ 127.433019713504407, 36.264804201159755 ], [ 127.433485768800423, 36.265163837867817 ], [ 127.433619941085013, 36.265246712334573 ], [ 127.43435572383838, 36.265613814880396 ], [ 127.435337641807081, 36.266090414828064 ], [ 127.4357888227986, 36.266302807596155 ], [ 127.43600398544109, 36.266410735436423 ], [ 127.436223685414433, 36.266522025817508 ], [ 127.436838468463776, 36.267043032531504 ], [ 127.437256066726874, 36.267408463052654 ], [ 127.438225338393252, 36.267761172954778 ], [ 127.43807641645985, 36.26824694757012 ], [ 127.438127286159855, 36.268606945154382 ], [ 127.438446251821617, 36.269117767165262 ], [ 127.438552961695194, 36.269262971753662 ], [ 127.438588649534125, 36.269302556295656 ], [ 127.438754089743369, 36.269472328474365 ], [ 127.439508240588893, 36.270187691407379 ], [ 127.439444665891287, 36.270449554447673 ], [ 127.439388712719946, 36.270549727081601 ], [ 127.43935184932738, 36.270736297904477 ], [ 127.439330840052307, 36.270836351586176 ], [ 127.439067825140853, 36.271036979295808 ], [ 127.438854148428348, 36.271200531758552 ], [ 127.438739935410666, 36.271360908576362 ], [ 127.438520268522595, 36.271695994657769 ], [ 127.438261918922549, 36.271738050167265 ], [ 127.437797354931249, 36.272437600480728 ], [ 127.437969946946993, 36.272861651109267 ], [ 127.437774621950382, 36.273228467532725 ], [ 127.437641552941997, 36.273253167540666 ], [ 127.4373344097027, 36.273275699220981 ], [ 127.436985624154104, 36.273629555809272 ], [ 127.4370111961601, 36.274005704660041 ], [ 127.437014264475906, 36.274215496812118 ], [ 127.436965407399555, 36.274404075051628 ], [ 127.43691149937824, 36.274434686093251 ], [ 127.436731775799132, 36.274544040400336 ], [ 127.43666006701514, 36.274940828778618 ], [ 127.435591872614879, 36.275110860983602 ], [ 127.433620482554517, 36.275633645448146 ], [ 127.433220112815192, 36.277551221304108 ], [ 127.432953605067766, 36.277694397977179 ], [ 127.432872966338707, 36.278242154439823 ], [ 127.432710557692317, 36.278339337402862 ], [ 127.432615680646251, 36.278320241059191 ], [ 127.432569097265684, 36.278388285694746 ], [ 127.432208604933777, 36.278930849974962 ], [ 127.432237822242755, 36.279151812657574 ], [ 127.43228050479614, 36.279260926714876 ], [ 127.432860467834502, 36.27951060720806 ], [ 127.43318287719957, 36.279884838384739 ], [ 127.433829898155835, 36.280183269068822 ], [ 127.433922616977128, 36.2802505221537 ], [ 127.434083004575115, 36.280446227564205 ], [ 127.434432966839438, 36.280646320229415 ], [ 127.434529990369441, 36.280704824841649 ], [ 127.435066154644488, 36.281301327019456 ], [ 127.435224228865692, 36.281456206898568 ], [ 127.43535260925421, 36.281587250005721 ], [ 127.435214251969825, 36.281759263930809 ], [ 127.434757395617027, 36.282360482184778 ], [ 127.434682000039061, 36.282375120082499 ], [ 127.43417301923273, 36.28248172455794 ], [ 127.434063660892079, 36.282550267195212 ], [ 127.433817041818173, 36.282708017905932 ], [ 127.433602543558408, 36.282728231546272 ], [ 127.433226383261612, 36.28276451076794 ], [ 127.433093977792836, 36.282943250556187 ], [ 127.433049922663827, 36.283028174267983 ], [ 127.432993549490121, 36.283055133639451 ], [ 127.432451045417267, 36.283329416622102 ], [ 127.43242156060856, 36.283629164250698 ], [ 127.431517706939786, 36.284452488967275 ], [ 127.431262184430224, 36.284448054557586 ], [ 127.430919008264965, 36.284726399301988 ], [ 127.430828168014386, 36.28519365226348 ], [ 127.430774989733933, 36.286282005136393 ], [ 127.430358721296301, 36.286650728252887 ], [ 127.430311659646577, 36.286695676492862 ], [ 127.430243746444745, 36.286902911273522 ], [ 127.430018258291383, 36.287077475397027 ], [ 127.429745052918037, 36.287499195455851 ], [ 127.429623431611617, 36.287584674985318 ], [ 127.429404088673095, 36.287549980768318 ], [ 127.429194610793644, 36.287601421368109 ], [ 127.429004059470969, 36.287549437997924 ], [ 127.42879536971293, 36.287618898613125 ], [ 127.428738295476435, 36.287677399657603 ], [ 127.428597783826447, 36.287840672114612 ], [ 127.428332665749181, 36.287895409970346 ], [ 127.428167704736182, 36.287945563392078 ], [ 127.42813589301268, 36.287947929836754 ], [ 127.427982102513596, 36.288068731435501 ], [ 127.427929253249673, 36.288169455167392 ], [ 127.427914304848358, 36.288235123136523 ], [ 127.427897035572641, 36.288320237756196 ], [ 127.427756446445059, 36.288406350761313 ], [ 127.42731037062407, 36.288608163440941 ], [ 127.427120659105256, 36.289352597775384 ], [ 127.427339471509754, 36.289866615710224 ], [ 127.427361721709119, 36.289993259877612 ], [ 127.42738030564432, 36.290244117204914 ], [ 127.427378841579838, 36.290421257616202 ], [ 127.427359063779946, 36.290624660438318 ], [ 127.427419874902256, 36.290964349465455 ], [ 127.42759382682199, 36.291190717963104 ], [ 127.427587524331273, 36.291374634409102 ], [ 127.427664298536115, 36.291484754873416 ], [ 127.42771497345116, 36.291589615332867 ], [ 127.427854243740668, 36.291996621594251 ], [ 127.427925956102015, 36.291941448210153 ], [ 127.428190702502192, 36.291977397912234 ], [ 127.428225762377934, 36.291994737587302 ], [ 127.428419926497895, 36.292131753199484 ], [ 127.429220499335003, 36.291769827647592 ], [ 127.430038156575236, 36.291416847268785 ], [ 127.431267048501667, 36.29132964572252 ], [ 127.432631302763596, 36.290870487870983 ], [ 127.433003276090858, 36.29091983727249 ], [ 127.433050844034014, 36.290934309715453 ], [ 127.433663125841619, 36.291192592290045 ], [ 127.433825206928162, 36.291094003513813 ], [ 127.434227760728405, 36.291294464847518 ], [ 127.434497608614109, 36.29162298489284 ], [ 127.434512490329212, 36.291673054398544 ], [ 127.434529656970696, 36.291725656942816 ], [ 127.434658469191035, 36.292089040082949 ], [ 127.434662921104632, 36.292109021044197 ], [ 127.434721206898089, 36.29226989503681 ], [ 127.434936588069078, 36.29249722007804 ], [ 127.435003930642864, 36.292566537695521 ], [ 127.435208775110993, 36.292649721349434 ], [ 127.435230198289347, 36.29265668182336 ], [ 127.435361306113947, 36.292709997348076 ], [ 127.435833671500362, 36.292701803010495 ], [ 127.435926562915924, 36.292829315330529 ], [ 127.435956011984558, 36.292870328972683 ], [ 127.435969125663405, 36.292882393123456 ], [ 127.437183983549957, 36.2925186289877 ], [ 127.437780352755325, 36.292727383658594 ], [ 127.438293192811415, 36.293270154762581 ], [ 127.438925990931622, 36.293924852357399 ], [ 127.438875391786084, 36.293990093295747 ], [ 127.438826109705531, 36.294073920640422 ], [ 127.439631755717372, 36.294530850001578 ], [ 127.440104163643113, 36.294900285044925 ], [ 127.440796372538884, 36.295164158256135 ], [ 127.440807795439042, 36.295682571258673 ], [ 127.441217345458782, 36.296687849341851 ], [ 127.441645601294169, 36.296811870354077 ], [ 127.441694043715287, 36.296517404393938 ], [ 127.441796981049308, 36.296417337426362 ], [ 127.442312237517072, 36.295927957431843 ], [ 127.44246323678162, 36.295868256542363 ], [ 127.442595361623972, 36.295825531132891 ], [ 127.443226384624239, 36.295600440173168 ], [ 127.44433874942824, 36.295844427981912 ], [ 127.445410764029802, 36.296211908013809 ], [ 127.445562504586491, 36.296251897421328 ], [ 127.445777358432991, 36.296258984560843 ], [ 127.44584231574899, 36.29627056659298 ], [ 127.445882920436986, 36.296285059777418 ], [ 127.445878860806644, 36.29630338673423 ], [ 127.446019426429402, 36.296400587610457 ], [ 127.4461010345712, 36.296466457438321 ], [ 127.446130376846313, 36.296487471861013 ], [ 127.446177138179692, 36.296511800900063 ], [ 127.44630201834029, 36.296693256513649 ], [ 127.446366324683453, 36.296776375917652 ], [ 127.446436268960397, 36.296809350977085 ], [ 127.446654373036864, 36.296896403680286 ], [ 127.446688337710583, 36.296751242192194 ], [ 127.446719294658251, 36.296597927249252 ], [ 127.446937688880269, 36.296459964080569 ], [ 127.447036970374583, 36.29629963568425 ], [ 127.447106028118995, 36.296239396156942 ], [ 127.447173223849788, 36.29618845464023 ], [ 127.447283886655597, 36.296070042302539 ], [ 127.44728437151538, 36.296065255257524 ], [ 127.447284981788414, 36.296017941313728 ], [ 127.447280717811466, 36.295972898478745 ], [ 127.447304670335242, 36.295688380425901 ], [ 127.447314312549082, 36.295579077042774 ], [ 127.447344075713474, 36.294848446769635 ], [ 127.447122962828516, 36.29420211032668 ], [ 127.447892273589574, 36.293126283782648 ], [ 127.448003062821556, 36.292972391001285 ], [ 127.44801480144443, 36.292803376837604 ], [ 127.448043428904427, 36.292394361716056 ], [ 127.448065064926539, 36.292284166320613 ], [ 127.448142269634388, 36.292097442838582 ], [ 127.448610109520175, 36.292026700424437 ], [ 127.448924216695062, 36.292084669623669 ], [ 127.449220826663421, 36.292427411772536 ], [ 127.44932538746923, 36.292522490705736 ], [ 127.449330584266662, 36.292520218304752 ], [ 127.449478490288342, 36.292651740485894 ], [ 127.449523512760791, 36.292707048137402 ], [ 127.449891519198317, 36.293489690932184 ], [ 127.450286517090248, 36.293638597107851 ], [ 127.450860536914632, 36.293854129057266 ], [ 127.45090348046034, 36.29384946178871 ], [ 127.450907849371134, 36.29385423060657 ], [ 127.451007412069984, 36.293836112225463 ], [ 127.451564162134076, 36.293678285894934 ], [ 127.451597907556462, 36.293708014794952 ], [ 127.451946602445446, 36.293607572472837 ], [ 127.452133089784482, 36.293642628412087 ], [ 127.45242496791073, 36.293763195651223 ], [ 127.452899462357436, 36.293368267791351 ], [ 127.452977967223021, 36.293378109615212 ], [ 127.453674007633978, 36.293488685056978 ], [ 127.45391387248894, 36.29351959821836 ], [ 127.455294155262493, 36.293440020851676 ], [ 127.456005913195099, 36.292929847964558 ], [ 127.45621181168174, 36.29280318003935 ], [ 127.456228627050834, 36.29279269851164 ], [ 127.456401160112151, 36.292970582997249 ], [ 127.456571788942483, 36.293297736042049 ], [ 127.45703489388292, 36.293791339331094 ], [ 127.457066486412415, 36.293839098374498 ], [ 127.457220302899984, 36.293998461710764 ], [ 127.457522085095491, 36.294176140224074 ], [ 127.457854285003322, 36.293574465247097 ], [ 127.458230489386992, 36.293151170966539 ], [ 127.458324887513498, 36.292994231254902 ], [ 127.45835047484394, 36.292907395431442 ], [ 127.458365110891322, 36.292851574819728 ], [ 127.458752151701958, 36.292827007279406 ], [ 127.459058400006299, 36.292757400566629 ], [ 127.459011727450914, 36.292956396314551 ], [ 127.458966827428597, 36.293161585338432 ], [ 127.458925255890392, 36.293309600100216 ], [ 127.45886969799281, 36.293475962188445 ], [ 127.458413993817786, 36.293628939545762 ], [ 127.458393854309321, 36.293636334040293 ], [ 127.458302039399939, 36.29366935241837 ], [ 127.458234892032976, 36.293698329359337 ], [ 127.458145714679063, 36.293736969883739 ], [ 127.457890576745768, 36.294130802030892 ], [ 127.457702304176934, 36.294447499323987 ], [ 127.457427208780075, 36.29490955340485 ], [ 127.45730690650457, 36.295101790994678 ], [ 127.457220296984403, 36.295253067837344 ], [ 127.457061943088419, 36.295631038041556 ], [ 127.457000677717204, 36.295984703003789 ], [ 127.457004825583624, 36.296368812729405 ], [ 127.457042837249745, 36.296833051986923 ], [ 127.457045590012342, 36.296946535371269 ], [ 127.457015833856772, 36.297094216001192 ], [ 127.456820639296126, 36.297480211405336 ], [ 127.456795342942584, 36.297527619372239 ], [ 127.456636072770721, 36.297777733809262 ], [ 127.456301136654531, 36.298211860199558 ], [ 127.45628181324868, 36.298269942268838 ], [ 127.456280271383505, 36.298274742379036 ], [ 127.456271429506941, 36.298308849397472 ], [ 127.456234159215896, 36.298451205412583 ], [ 127.456171401878919, 36.298698419803692 ], [ 127.456131559920422, 36.298996238051707 ], [ 127.456121275725664, 36.299083024151528 ], [ 127.456099445950386, 36.299338526852949 ], [ 127.456079118488205, 36.299611209212024 ], [ 127.45605671386717, 36.300038225452468 ], [ 127.45603427227536, 36.300217139677777 ], [ 127.456027204359771, 36.300288413338272 ], [ 127.455998644687966, 36.300512373443404 ], [ 127.455990762017962, 36.300610171735471 ], [ 127.455940401490508, 36.300647653724624 ], [ 127.455871632284499, 36.300745611319776 ], [ 127.455802862959644, 36.300843577886525 ], [ 127.455751341118585, 36.300922743486595 ], [ 127.455699830254744, 36.301001900010341 ], [ 127.455643290578621, 36.301098945884569 ], [ 127.455586750711191, 36.301195982719939 ], [ 127.455547322069464, 36.30126028700596 ], [ 127.455507905575473, 36.301324583250285 ], [ 127.455359425624735, 36.301384876677091 ], [ 127.455044696833355, 36.301522941118158 ], [ 127.454837623839694, 36.3016143323538 ], [ 127.454837593769, 36.301616368467535 ], [ 127.454413494683152, 36.301804291290075 ], [ 127.454200947870149, 36.301900557569809 ], [ 127.453886026194141, 36.302042557926292 ], [ 127.453472347210067, 36.302220698401435 ], [ 127.453141483287098, 36.302523562454432 ], [ 127.452823237255188, 36.302813977808107 ], [ 127.452800047381785, 36.302833503655563 ], [ 127.452600523401358, 36.302988014838085 ], [ 127.45199437699209, 36.303459478209987 ], [ 127.451797116212632, 36.303613141426858 ], [ 127.451600739218307, 36.303769612650377 ], [ 127.451569219901899, 36.303794792936912 ], [ 127.451508691520672, 36.30391583207016 ], [ 127.451432285387384, 36.304121983658213 ], [ 127.451359308812414, 36.304320516385076 ], [ 127.451258556474016, 36.30449634486007 ], [ 127.451135395403583, 36.304709710282168 ], [ 127.450841184918872, 36.305037491677233 ], [ 127.450734896021345, 36.305218972837068 ], [ 127.450655124522001, 36.305355286612283 ], [ 127.450648222555571, 36.305365171375591 ], [ 127.450616606339551, 36.305402742901535 ], [ 127.450416704960205, 36.305642872280025 ], [ 127.45031943522234, 36.30576066933881 ], [ 127.450151730023606, 36.305973353828122 ], [ 127.450065538375227, 36.30608153864592 ], [ 127.449966342752731, 36.306195683875636 ], [ 127.449842936295525, 36.306338081473413 ], [ 127.449737508801533, 36.306458729314187 ], [ 127.44906494157182, 36.307096575961658 ], [ 127.448927951703624, 36.307235644055474 ], [ 127.448842376460107, 36.307331425532787 ], [ 127.448627985668935, 36.307594135412579 ], [ 127.448548167995526, 36.307936032473386 ], [ 127.448535662782703, 36.308091819914637 ], [ 127.448529593776854, 36.308156042155971 ], [ 127.448514821922572, 36.308525298848153 ], [ 127.44849728930852, 36.308744466519506 ], [ 127.448621021233464, 36.30875160071399 ], [ 127.448543281613382, 36.308938893771945 ], [ 127.448608001103423, 36.308940057575612 ], [ 127.448748038194282, 36.308967416052909 ], [ 127.448684135286626, 36.309080013303124 ], [ 127.448654427062976, 36.309118712635168 ], [ 127.448499181487108, 36.309321768656325 ], [ 127.448427338054472, 36.309412722253477 ], [ 127.448375094723147, 36.30946529369804 ], [ 127.448178929229002, 36.309662599565932 ], [ 127.448146753083904, 36.309694260821161 ], [ 127.447978743051038, 36.309855972988856 ], [ 127.447914358308267, 36.309913663174726 ], [ 127.447598279995916, 36.310196459440199 ], [ 127.447549883532361, 36.310220854525888 ], [ 127.447495926409118, 36.310248370370239 ], [ 127.447371904293931, 36.310311915060616 ], [ 127.447298349512877, 36.310349083368983 ], [ 127.447109074945857, 36.310445259232935 ], [ 127.447035527818073, 36.310481859612388 ], [ 127.446674831571784, 36.310628238004433 ], [ 127.446187185802103, 36.310815360987938 ], [ 127.445916656051253, 36.310846213804894 ], [ 127.445650484492077, 36.310879870488435 ], [ 127.445123783919286, 36.310929137691566 ], [ 127.444898030907723, 36.310941239862331 ], [ 127.44474591370313, 36.311024603684402 ], [ 127.44429711423939, 36.311066810587505 ], [ 127.443759281903823, 36.311055851609858 ], [ 127.4431575731668, 36.311225072339241 ], [ 127.44250696196876, 36.31142264110418 ], [ 127.442147636650589, 36.311567585956304 ], [ 127.441537151223343, 36.311846665789368 ], [ 127.440706203130858, 36.312246796107871 ], [ 127.440543364986681, 36.312311891161706 ], [ 127.440486267300045, 36.312336035982241 ], [ 127.440465642152276, 36.312351314496489 ], [ 127.440232296418571, 36.312686451985478 ], [ 127.440103301391488, 36.312889689107159 ], [ 127.439851229767953, 36.313361196845072 ], [ 127.439768349574038, 36.313567643881363 ], [ 127.439670532147815, 36.313809066029073 ], [ 127.439587118197664, 36.314013820679833 ], [ 127.439404392167091, 36.314441988220601 ], [ 127.439386018673034, 36.314485699290294 ], [ 127.439153589463032, 36.314954880579023 ], [ 127.439145491837863, 36.314970401372456 ], [ 127.439140154436686, 36.314979711996472 ], [ 127.439101873433543, 36.315041807714081 ], [ 127.439064629642758, 36.315102214430759 ], [ 127.439024169943082, 36.315178962143037 ], [ 127.438818217800616, 36.315716192455021 ], [ 127.438733572146887, 36.316012203634571 ], [ 127.438705751872135, 36.316109172356171 ], [ 127.43869810471783, 36.316141588442832 ], [ 127.438565806785903, 36.316784157177189 ], [ 127.438474651620169, 36.31719311776174 ], [ 127.438398327338064, 36.317422348431151 ], [ 127.438292001615181, 36.317731108932968 ], [ 127.438093022487521, 36.318055131161927 ], [ 127.437752059742266, 36.318378824191804 ], [ 127.437680008553656, 36.318440204575495 ], [ 127.437607695747957, 36.318732502075584 ], [ 127.437593383831583, 36.318788030409365 ], [ 127.437280978394284, 36.319365640109218 ], [ 127.437027931017013, 36.319888674038545 ], [ 127.43645314998578, 36.320660141898927 ], [ 127.436362177447734, 36.320790016258535 ], [ 127.436193472820946, 36.320991708221555 ], [ 127.436092164962986, 36.321109508213375 ], [ 127.435974951293545, 36.321246804195447 ], [ 127.435775513146723, 36.321491403883421 ], [ 127.435657292160499, 36.321636020718408 ], [ 127.435297368950614, 36.321934993289183 ], [ 127.435116720677044, 36.322084341975128 ], [ 127.435053628320574, 36.322161738113685 ], [ 127.434900851429092, 36.322348996774956 ], [ 127.434859729602948, 36.322402089668032 ], [ 127.434360617496367, 36.323238616817278 ], [ 127.434115417298855, 36.323676004684756 ], [ 127.434100773120576, 36.323702245711992 ], [ 127.433825962754838, 36.324132422612372 ], [ 127.433818889742739, 36.324144280567694 ], [ 127.433789269814781, 36.324199305045646 ], [ 127.43351943156469, 36.324586657620195 ], [ 127.433450723876831, 36.324656178930212 ], [ 127.432933059658183, 36.325257885796454 ], [ 127.432768488157407, 36.325202444890117 ], [ 127.43242649434643, 36.325601319910348 ], [ 127.432691538698123, 36.325700619324643 ], [ 127.432663532124238, 36.325733387789462 ], [ 127.432629816307724, 36.325772935620371 ], [ 127.432420425842267, 36.326016159662963 ], [ 127.431815650597073, 36.326728569017099 ], [ 127.431208244217629, 36.327440435005052 ], [ 127.431042096423639, 36.327638163239158 ], [ 127.43088858381266, 36.327822887017689 ], [ 127.430651641794839, 36.328119150645357 ], [ 127.430636241533193, 36.328135823519837 ], [ 127.430524943437092, 36.328275057370234 ], [ 127.430220776752861, 36.328661119713296 ], [ 127.430107928481675, 36.328804305853822 ], [ 127.42958682642363, 36.3294550159371 ], [ 127.429580091722087, 36.32946377239719 ], [ 127.429449438215087, 36.329630389015747 ], [ 127.429342075636086, 36.32975891076169 ], [ 127.429305418579531, 36.329802974017753 ], [ 127.429105009270998, 36.330036589579521 ], [ 127.429087025256976, 36.330057488971001 ], [ 127.428400355879305, 36.330570789811645 ], [ 127.428066874728842, 36.330817269922953 ], [ 127.427906703084972, 36.330931055448637 ], [ 127.427754573794843, 36.331020588626728 ], [ 127.427732539913436, 36.331034184754898 ], [ 127.42772735068425, 36.3310384297477 ], [ 127.427625630399532, 36.331117924188199 ], [ 127.427522863000931, 36.331197422274009 ], [ 127.427243260280491, 36.331398928885001 ], [ 127.426814203421856, 36.331736142256617 ], [ 127.426705324278785, 36.331810308434832 ], [ 127.42650199419549, 36.331990427523543 ], [ 127.426277334273848, 36.332152030935788 ], [ 127.426069785963548, 36.332324828752931 ], [ 127.425907008262385, 36.33243974730793 ], [ 127.42574222427838, 36.332572966510639 ], [ 127.425616288808513, 36.332679589290763 ], [ 127.425502883748891, 36.332788411399029 ], [ 127.425476507293851, 36.332800328315898 ], [ 127.425476661447547, 36.332828777701621 ], [ 127.425477235574391, 36.332871013496231 ], [ 127.424755691892614, 36.333252909297322 ], [ 127.424723061516261, 36.333333850767396 ], [ 127.42466777290916, 36.333471754290215 ], [ 127.424425299613745, 36.334073016885469 ], [ 127.424261058942818, 36.334501653546901 ], [ 127.4240798881671, 36.334951193870872 ], [ 127.42406045749965, 36.334995473950201 ], [ 127.424048260724362, 36.335024237346317 ], [ 127.423975433520681, 36.335138546821383 ], [ 127.423882774282063, 36.335284755648267 ], [ 127.423875336756183, 36.335293514265615 ], [ 127.423720763978721, 36.3354486650722 ], [ 127.423517890428599, 36.335652424098583 ], [ 127.423087415513805, 36.336023143469376 ], [ 127.42252809105959, 36.336383888725791 ], [ 127.422487697066032, 36.33641163383728 ], [ 127.422009682363623, 36.336746469977896 ], [ 127.421692204033334, 36.336870370916841 ], [ 127.421413733050102, 36.337029892368562 ], [ 127.421175858282737, 36.33716619167722 ], [ 127.4207606564364, 36.337499387390686 ], [ 127.420442132098572, 36.337915609971283 ], [ 127.420114183413943, 36.338425919724635 ], [ 127.419807193379512, 36.338850823485764 ], [ 127.41970250019142, 36.338898501256608 ], [ 127.419176824118949, 36.339048753106681 ], [ 127.419199883366829, 36.338999108213521 ], [ 127.417941374138351, 36.339290180041701 ], [ 127.417346894945553, 36.339429119599487 ], [ 127.416915086578385, 36.339591705296549 ], [ 127.416790189002796, 36.339638044921983 ], [ 127.416417941536977, 36.339807739334688 ], [ 127.416034149744561, 36.34000000185835 ], [ 127.415927070743649, 36.340056416928007 ], [ 127.415766687243107, 36.340170745576799 ], [ 127.415729072851107, 36.340200452324503 ], [ 127.41555008199856, 36.340351730023698 ], [ 127.415437903926048, 36.340465611847272 ], [ 127.415163876459019, 36.340745643694511 ], [ 127.414991837174455, 36.340927031580165 ], [ 127.41498768845247, 36.340932398878032 ], [ 127.414948081242954, 36.340979288553903 ], [ 127.414894659161533, 36.341046772656689 ], [ 127.414733681969139, 36.341346688698891 ], [ 127.414531217093156, 36.341833452074205 ], [ 127.414233906285915, 36.34255147618628 ], [ 127.413826574270502, 36.343530650312026 ], [ 127.413651070142521, 36.343948325560227 ], [ 127.414018263937308, 36.344036337395856 ], [ 127.414092331160006, 36.344053537338574 ], [ 127.414494562364254, 36.344152682330183 ], [ 127.414605223555057, 36.344178487808307 ], [ 127.414682421195081, 36.344195685574611 ], [ 127.414828084827633, 36.344226155027357 ], [ 127.414948830949001, 36.344250528494648 ], [ 127.415223998063709, 36.34431406381281 ], [ 127.415344599667918, 36.344342654847836 ], [ 127.415540454353945, 36.344385061313645 ], [ 127.415734044190231, 36.344424654650823 ], [ 127.416346123683141, 36.344544756949624 ], [ 127.416480444933967, 36.344568225630461 ], [ 127.416561464782419, 36.344583435348127 ], [ 127.416698060869336, 36.344609428166109 ], [ 127.416742664170073, 36.344618005514178 ], [ 127.416769657715435, 36.344622705933162 ], [ 127.416791085224276, 36.344626001842556 ], [ 127.416984618011213, 36.344654626127941 ], [ 127.417487154930313, 36.34469708922105 ], [ 127.41779849806754, 36.344721345913023 ], [ 127.418418513626236, 36.344728475518835 ], [ 127.418452456456848, 36.344728645471541 ], [ 127.418530255080839, 36.344726679811693 ], [ 127.418766374469243, 36.344713464544036 ], [ 127.419085654612076, 36.344694893686224 ], [ 127.419318452513963, 36.34467718309304 ], [ 127.419492418870078, 36.344660804295529 ], [ 127.419944983839073, 36.344600923934621 ], [ 127.420314144487776, 36.344534296061219 ], [ 127.420477589874437, 36.344502461619093 ], [ 127.420656507488147, 36.344470572687094 ], [ 127.420718747773932, 36.344456836844294 ], [ 127.420929783152346, 36.344406820478525 ], [ 127.421088169872647, 36.344372750035795 ], [ 127.421238323285678, 36.344332237913207 ], [ 127.421423029178598, 36.344272724720533 ], [ 127.421500377067389, 36.344253303082986 ], [ 127.422018242577579, 36.344070121824608 ], [ 127.423119919854713, 36.343701267019462 ], [ 127.423222333952978, 36.343843686761595 ], [ 127.423226193116435, 36.343848737708761 ], [ 127.42288617897546, 36.343960897949195 ], [ 127.422712457587465, 36.344022339232133 ], [ 127.422305192535077, 36.344155011120748 ], [ 127.422156142611911, 36.344207911761657 ], [ 127.422108874807165, 36.344223848577322 ], [ 127.421970373644044, 36.34426432079578 ], [ 127.42183473893067, 36.34432000350359 ], [ 127.421598092771816, 36.344396587820938 ], [ 127.421579673461537, 36.344401717134325 ], [ 127.421455587511034, 36.344436226420676 ], [ 127.421044383521988, 36.344549758032855 ], [ 127.420982500620283, 36.344565745711208 ], [ 127.420911755412249, 36.344582611558806 ], [ 127.420840839483006, 36.344600883786107 ], [ 127.420706321222013, 36.344703016519034 ], [ 127.420439315426265, 36.344897704003245 ], [ 127.420217213232362, 36.345057313297914 ], [ 127.420017998003132, 36.345201630309106 ], [ 127.419766242155177, 36.345384439549193 ], [ 127.419670879543958, 36.345453766714542 ], [ 127.41958091183875, 36.345521669107491 ], [ 127.41924836391712, 36.345763894525909 ], [ 127.418915817570223, 36.346004713187476 ], [ 127.418733406196466, 36.346136298929807 ], [ 127.418537493946985, 36.346280610942785 ], [ 127.418438514460917, 36.346357276239054 ], [ 127.418870657675782, 36.346837604251292 ], [ 127.419245645832859, 36.347405156240001 ], [ 127.419406166509958, 36.347704521678509 ], [ 127.419581375484611, 36.348311061604051 ], [ 127.41964766642019, 36.348306332835669 ], [ 127.419648912850462, 36.348310266577194 ], [ 127.420133826864856, 36.348275342763351 ], [ 127.420298152039294, 36.348308551765967 ], [ 127.420397124494272, 36.348328201781044 ], [ 127.420549277730871, 36.348333021263713 ], [ 127.420833392967651, 36.348341604041707 ], [ 127.421206258539883, 36.348540795849189 ], [ 127.421258520384086, 36.348483451222179 ], [ 127.42130588259144, 36.348486664226741 ], [ 127.421330455265135, 36.348492489560059 ], [ 127.421374009587865, 36.348500221753582 ], [ 127.42136554963335, 36.348511795435307 ], [ 127.421383315002458, 36.34851540076761 ], [ 127.421507871477019, 36.348534103855172 ], [ 127.421623014020952, 36.34855060501355 ], [ 127.421650562026016, 36.348558672739621 ], [ 127.421685417740008, 36.348566714764317 ], [ 127.421733282421826, 36.348565987729998 ], [ 127.421752419567781, 36.348563658500453 ], [ 127.421788945054374, 36.348559033217832 ], [ 127.421837854386169, 36.348526752589464 ], [ 127.421914556588519, 36.348514938811277 ], [ 127.421971689918152, 36.348489387952164 ], [ 127.422050419622948, 36.348500375505175 ], [ 127.422100542581461, 36.348499072640848 ], [ 127.422148970639469, 36.34847468780751 ], [ 127.42220879954661, 36.348496727019672 ], [ 127.422248377464712, 36.348508690357718 ], [ 127.422272506401399, 36.348496214345452 ], [ 127.422317688615195, 36.348516619890887 ], [ 127.422338079393938, 36.348521612645555 ], [ 127.422372922050101, 36.348525148677624 ], [ 127.422473772924377, 36.348539725792193 ], [ 127.422516099463948, 36.348544920601569 ], [ 127.422537847899591, 36.348543438155595 ], [ 127.422557175430086, 36.348543370057108 ], [ 127.422643166454264, 36.348543625762936 ], [ 127.42269393311156, 36.348533597078941 ], [ 127.422723121945594, 36.348523635422531 ], [ 127.422790544144846, 36.348501436295578 ], [ 127.422793149299977, 36.348501138737667 ], [ 127.42281994709694, 36.348500206174577 ], [ 127.422830735475188, 36.348499041678352 ], [ 127.422864719318454, 36.348506518697285 ], [ 127.422917418621338, 36.348499574108665 ], [ 127.42293850521709, 36.348503446859183 ], [ 127.422987165842486, 36.348489189990389 ], [ 127.423095073865397, 36.348488250618601 ], [ 127.423108709418585, 36.348498620009138 ], [ 127.423155549640484, 36.348502113483889 ], [ 127.42317829659801, 36.348491615722416 ], [ 127.423361679615624, 36.348509550558838 ], [ 127.42336517093679, 36.348510385331203 ], [ 127.423406470164835, 36.348519251203754 ], [ 127.423495982385134, 36.348527946815729 ], [ 127.423542650483142, 36.348532567205915 ], [ 127.423551568431591, 36.348539862202102 ], [ 127.423610073608202, 36.348543602673367 ], [ 127.423632945143652, 36.348556192298126 ], [ 127.423702409306827, 36.348557352718778 ], [ 127.423920934862025, 36.348475475376652 ], [ 127.424054164703023, 36.348489089599155 ], [ 127.424079588218234, 36.348491531979739 ], [ 127.424098062023262, 36.348494278293742 ], [ 127.424121230302759, 36.348497864111863 ], [ 127.42415765949174, 36.348508432130942 ], [ 127.424257028698165, 36.348537368578867 ], [ 127.42440101235249, 36.348607258327945 ], [ 127.424495786384639, 36.348653675464234 ], [ 127.424652856337417, 36.348731124438459 ], [ 127.424688450351709, 36.348747895284426 ], [ 127.42482927248399, 36.348811884050043 ], [ 127.424920398949951, 36.348894360466041 ], [ 127.424977775786161, 36.348946821376607 ], [ 127.42499448774538, 36.348978023650965 ], [ 127.425021404564689, 36.348999042610764 ], [ 127.425059338422656, 36.349028196104342 ], [ 127.425121530898906, 36.349101763239489 ], [ 127.425231182647181, 36.349229223097808 ], [ 127.425607878548689, 36.350035278632333 ], [ 127.426019118211997, 36.350726590687309 ], [ 127.426073158591805, 36.350806377277848 ], [ 127.426182419660151, 36.350955528695124 ], [ 127.426276539285553, 36.3510427695836 ], [ 127.42647653234269, 36.35129720593028 ], [ 127.426503881885353, 36.351332028884336 ], [ 127.426528362366497, 36.351416984946141 ], [ 127.42657367814293, 36.351428656080621 ], [ 127.426594396053261, 36.35139732089754 ], [ 127.426661310464638, 36.351441294093242 ], [ 127.426692432274919, 36.351467100923045 ], [ 127.426851299897351, 36.351584813703418 ], [ 127.426925106235174, 36.351648470738482 ], [ 127.427008576146633, 36.351696611268572 ], [ 127.42719654797898, 36.351821267068757 ], [ 127.427295585979934, 36.351884554620661 ], [ 127.427348836962977, 36.351943787808203 ], [ 127.427339620087906, 36.351947200029933 ], [ 127.427320863267596, 36.35195402562249 ], [ 127.427342094757535, 36.351986337901359 ], [ 127.427332316060799, 36.352044101500134 ], [ 127.427247980727842, 36.352508214564025 ], [ 127.427914458156309, 36.352594837360634 ], [ 127.427842526541824, 36.353067359473435 ], [ 127.427647936916642, 36.354349674742522 ], [ 127.427545592513297, 36.355021417731791 ], [ 127.427507079449086, 36.355271060988244 ], [ 127.427475598488996, 36.355463887649712 ], [ 127.427558746907138, 36.355470620303073 ], [ 127.427600790310578, 36.355474219238182 ], [ 127.428873533771124, 36.355577705747152 ], [ 127.429108698857448, 36.355596203453437 ], [ 127.429105712482368, 36.355661278346311 ], [ 127.429055302743834, 36.356772056127319 ], [ 127.430766539338606, 36.35682449687917 ], [ 127.430743483530847, 36.357355257873898 ], [ 127.430695713573613, 36.358451751842018 ], [ 127.430695407930813, 36.358491458305124 ], [ 127.430679374162693, 36.358836211805134 ], [ 127.430676101731962, 36.358905784542777 ], [ 127.430668593038604, 36.359060136142944 ], [ 127.432443840260106, 36.359109781185005 ], [ 127.432774767653953, 36.359170830709786 ], [ 127.432850925786525, 36.359186037826866 ], [ 127.432907657776454, 36.35918189491592 ], [ 127.432925793083882, 36.359249975580596 ], [ 127.432928634410146, 36.359260112446229 ], [ 127.432947227396113, 36.359285953822599 ], [ 127.432975491292638, 36.359297675055721 ], [ 127.433277887203047, 36.359518215360801 ], [ 127.433402909600787, 36.359587315470066 ], [ 127.433482212430022, 36.359635187077224 ], [ 127.433777844905606, 36.359830968497135 ], [ 127.433897184119743, 36.359877568518023 ], [ 127.433973828783749, 36.359918122938829 ], [ 127.434112601776221, 36.360047721833119 ], [ 127.434585609539056, 36.360395777645074 ], [ 127.43467283999432, 36.360460516566668 ], [ 127.434680178460923, 36.360465842884416 ], [ 127.434742415972437, 36.360512081319222 ], [ 127.434818805279733, 36.36056868587108 ], [ 127.434820551144114, 36.360570085357544 ], [ 127.434965008402699, 36.360689533527136 ], [ 127.435006396566294, 36.360713038962551 ], [ 127.435068870537634, 36.360739567881097 ], [ 127.43524871635033, 36.360835222683967 ], [ 127.435259845368577, 36.360832929370183 ], [ 127.435273934929768, 36.360830066585095 ], [ 127.435275326069402, 36.360829782173504 ], [ 127.435276129340224, 36.360787811989887 ], [ 127.436080681517566, 36.360771091610154 ], [ 127.436121202357825, 36.360762779667091 ], [ 127.436326961480631, 36.360697534653106 ], [ 127.436646879365895, 36.360218193661396 ], [ 127.436678037229541, 36.36021723309026 ], [ 127.436824924784389, 36.360210507016284 ], [ 127.436998394932957, 36.360193536755787 ], [ 127.437112962071296, 36.360195092681842 ], [ 127.437109194547688, 36.360176803749582 ], [ 127.437157200396101, 36.360168175794428 ], [ 127.43722457257509, 36.360167930129748 ], [ 127.437279957862359, 36.360171954610706 ], [ 127.437407192408713, 36.360199372556941 ], [ 127.437729529588267, 36.35999937207206 ], [ 127.438260310930133, 36.359966460020971 ], [ 127.438605684497603, 36.359620780694975 ], [ 127.43873453339873, 36.359251678563325 ], [ 127.439217174369702, 36.358300867102443 ], [ 127.439026353481097, 36.357954058515006 ], [ 127.43901893456551, 36.357934368177261 ], [ 127.439001426822003, 36.357853895112953 ], [ 127.438994597806101, 36.357816179301302 ], [ 127.438983111575723, 36.357754545581763 ], [ 127.438973542908613, 36.357756842540702 ], [ 127.438933676618802, 36.35750747375112 ], [ 127.439037839312192, 36.357269130573371 ], [ 127.438929095507916, 36.357092954305514 ], [ 127.4388949648325, 36.35702831246585 ], [ 127.439243538420698, 36.356759497912364 ], [ 127.439726426717939, 36.35654032167151 ], [ 127.439807074161138, 36.356362892726452 ], [ 127.439853534339022, 36.35626584697166 ], [ 127.439871972540345, 36.356263805776329 ], [ 127.439874049639911, 36.356260698145746 ], [ 127.439855213455118, 36.356193747546492 ], [ 127.439856065059871, 36.356190644411924 ], [ 127.439848516135555, 36.355589423249775 ], [ 127.439860611010786, 36.35557277039198 ], [ 127.440035481725076, 36.355559169977177 ], [ 127.439654377224969, 36.355083229428217 ], [ 127.441479879708425, 36.353560030497079 ], [ 127.441381799781112, 36.352340717129927 ], [ 127.44227477322454, 36.35196794842436 ], [ 127.442275018548685, 36.351950203553535 ], [ 127.442272461388583, 36.351929378019214 ], [ 127.443972133803683, 36.351260739264049 ], [ 127.44516935277656, 36.350796705356103 ], [ 127.446095321752452, 36.352438171684447 ], [ 127.44603932029078, 36.352416977333704 ], [ 127.445985504623735, 36.352319743435494 ], [ 127.445912086115655, 36.352295793158582 ], [ 127.445829909531071, 36.352261746294324 ], [ 127.445675840673175, 36.352197822614094 ], [ 127.445570925903823, 36.352238206300946 ], [ 127.445518943208114, 36.352218402589422 ], [ 127.44549462103933, 36.352227783986109 ], [ 127.445604112092141, 36.35238114310426 ], [ 127.445615523434952, 36.352397438836654 ], [ 127.445649568180329, 36.352507137423885 ], [ 127.445826060851644, 36.353362589087105 ], [ 127.445954609411373, 36.353620637530476 ], [ 127.445955838117854, 36.353623165236769 ], [ 127.445971332344087, 36.353654080680307 ], [ 127.446570948451949, 36.353429098632532 ], [ 127.446623263009045, 36.353444385801218 ], [ 127.44688154281539, 36.353895132847732 ], [ 127.446924657783953, 36.353885401758369 ], [ 127.446995509188724, 36.354007921486364 ], [ 127.447378180668196, 36.353864839934417 ], [ 127.448712038042999, 36.353365908301235 ], [ 127.449047130316387, 36.353944490895273 ], [ 127.449081031200492, 36.354057289008246 ], [ 127.451296386589362, 36.354224139125776 ], [ 127.454321157759779, 36.354441665147149 ], [ 127.454631411582753, 36.354450068422665 ], [ 127.454592885402917, 36.354380653542989 ], [ 127.454550670932775, 36.354305340987672 ], [ 127.453951906440722, 36.35323269023332 ], [ 127.454142631034983, 36.353191694828674 ], [ 127.454159276424704, 36.353180367203343 ], [ 127.454420836022777, 36.353137976546272 ], [ 127.454977515078824, 36.35301758726758 ], [ 127.455255127758704, 36.353011748228795 ], [ 127.455470082327878, 36.353007273061444 ], [ 127.455647284359273, 36.353007158449593 ], [ 127.455776449149198, 36.353007235216374 ], [ 127.456913267736951, 36.352998960933505 ], [ 127.458514462062453, 36.352952863097933 ], [ 127.458752541534636, 36.352557412982058 ], [ 127.458914670250664, 36.352151826639137 ], [ 127.458967371905288, 36.352145424872575 ], [ 127.461159802400758, 36.351704451943021 ], [ 127.461940476361974, 36.351522339744058 ], [ 127.462656080610728, 36.351199387075852 ], [ 127.463321589154759, 36.350823121527469 ], [ 127.463610060950273, 36.35074286594881 ], [ 127.463719185053051, 36.350709776646362 ], [ 127.463948322530399, 36.350719875331478 ], [ 127.464145941541148, 36.350729527873007 ], [ 127.4642140976582, 36.350746440200808 ], [ 127.464642977548493, 36.350889532992568 ], [ 127.464643507803061, 36.350890657394558 ], [ 127.464680990619414, 36.350901208951534 ], [ 127.465055884093999, 36.351538177040133 ], [ 127.465125778919969, 36.3518181143044 ], [ 127.465127242551191, 36.352359934388204 ], [ 127.46512065972307, 36.352363898021572 ], [ 127.46512086458705, 36.352516815993027 ], [ 127.464813049476945, 36.352653752413019 ], [ 127.464769461352901, 36.352964823474686 ], [ 127.464684880939259, 36.353526964868806 ], [ 127.464687480849307, 36.35355398975021 ], [ 127.464673777202208, 36.35364980069248 ], [ 127.464826008902889, 36.355222302464909 ], [ 127.465203509843903, 36.355855591705335 ], [ 127.465534594157475, 36.356498639313124 ], [ 127.465624378447743, 36.356755410949603 ], [ 127.465626769148741, 36.356923522963633 ], [ 127.465615722163491, 36.357292196317779 ], [ 127.465615293820179, 36.357308247724902 ], [ 127.46561227523415, 36.357327129838353 ], [ 127.466046446606597, 36.35785544463527 ], [ 127.466068369051982, 36.357882953063651 ], [ 127.466269527434022, 36.358132532338878 ], [ 127.466262441233297, 36.358141850908119 ], [ 127.466276818407934, 36.358159529904157 ], [ 127.46599005564147, 36.358531537273684 ], [ 127.465912975383148, 36.358919058250002 ], [ 127.465900135356961, 36.358955713454542 ], [ 127.465907089311159, 36.358984127176804 ], [ 127.465904686219048, 36.358990336528137 ], [ 127.465987706455948, 36.359338088582042 ], [ 127.465988428435139, 36.359341465141888 ], [ 127.466002273141427, 36.359415757382713 ], [ 127.466034430122065, 36.359613041432183 ], [ 127.466198022934407, 36.360482875923502 ], [ 127.466204782403125, 36.360536631113931 ], [ 127.466207432524158, 36.360601955210598 ], [ 127.466198361488068, 36.360627907971555 ], [ 127.466187816520588, 36.360670186547182 ], [ 127.466186277397796, 36.360675545448139 ], [ 127.46618334328852, 36.360678647852161 ], [ 127.46611242482787, 36.360815233727628 ], [ 127.465582367705878, 36.361057219600646 ], [ 127.465065301917875, 36.361111890814009 ], [ 127.464551955695839, 36.361414644876646 ], [ 127.463920281504144, 36.361548327743591 ], [ 127.463836133746796, 36.36162665814409 ], [ 127.463518386463889, 36.361946394666788 ], [ 127.463484273244376, 36.362005381596653 ], [ 127.463426481182225, 36.362065874889346 ], [ 127.463274700387203, 36.362658967918492 ], [ 127.463195440651219, 36.362887944570929 ], [ 127.463172929558766, 36.362938163305053 ], [ 127.463039346427564, 36.363311535960449 ], [ 127.462960088190428, 36.363393793940212 ], [ 127.462817369046121, 36.363546695827175 ], [ 127.462821954130092, 36.363557095578386 ], [ 127.46275435716035, 36.363636776124316 ], [ 127.46286029921913, 36.363948674427505 ], [ 127.462626988691767, 36.36432749615355 ], [ 127.462497134453173, 36.364330817888941 ], [ 127.462387011042495, 36.364464164385879 ], [ 127.46225251699596, 36.364566911126055 ], [ 127.462250963755139, 36.364568043570486 ], [ 127.462250102965854, 36.364569452705346 ], [ 127.462199128404365, 36.364635830731302 ], [ 127.462101443777726, 36.364751105724132 ], [ 127.46205731872486, 36.36482646892 ], [ 127.46144839456008, 36.366051855835892 ], [ 127.460991302065281, 36.366808906765442 ], [ 127.460821073947969, 36.367585688284287 ], [ 127.460181585879539, 36.368060688062201 ], [ 127.460186716861671, 36.368488720907919 ], [ 127.46012286215452, 36.368614849529372 ], [ 127.459940547655719, 36.36881887868276 ], [ 127.459603711696403, 36.369096710633201 ], [ 127.459517701496893, 36.369097040393065 ], [ 127.459455494414186, 36.369147122187933 ], [ 127.458539804097569, 36.369166398952167 ], [ 127.458477572010409, 36.369214227427207 ], [ 127.458410183215662, 36.369241529070528 ], [ 127.458311738878777, 36.369289775302079 ], [ 127.458185851185448, 36.369527091258057 ], [ 127.458106642334755, 36.369736067338408 ], [ 127.458060069723459, 36.369782718302737 ], [ 127.458011369569164, 36.369850491629514 ], [ 127.457984669634854, 36.369899869245494 ], [ 127.457912331056889, 36.370003220648499 ], [ 127.457868167837717, 36.370014095170106 ], [ 127.457904397699252, 36.370047182655021 ], [ 127.457888396664202, 36.370199873767184 ], [ 127.457832448223655, 36.370367938104678 ], [ 127.457727326012133, 36.370553357355952 ], [ 127.457446821311336, 36.371685946373404 ], [ 127.457352297659924, 36.372166176267491 ], [ 127.45725874348561, 36.372635137819692 ], [ 127.457023347690111, 36.372844997190434 ], [ 127.456349417818956, 36.373515551717908 ], [ 127.456056748982093, 36.373759691155342 ], [ 127.455789520703362, 36.374065417710383 ], [ 127.455822532460715, 36.374832686097676 ], [ 127.455422844292286, 36.375147927076966 ], [ 127.455178863618073, 36.375441731622928 ], [ 127.455047514985694, 36.3755824692376 ], [ 127.454653131942862, 36.375852908728511 ], [ 127.454377114123432, 36.375967168410661 ], [ 127.454330825564824, 36.375971561314458 ], [ 127.454341130652423, 36.376007568745038 ], [ 127.454357249555372, 36.376054539304633 ], [ 127.45440282561583, 36.376286695176915 ], [ 127.454403271958327, 36.376334851595551 ], [ 127.454389979729271, 36.376383339457504 ], [ 127.45437143196753, 36.376428747242464 ], [ 127.454320760881544, 36.376669153118101 ], [ 127.454259577902619, 36.377078287346798 ], [ 127.454178907699301, 36.377099716293365 ], [ 127.454130366117042, 36.377286612000731 ], [ 127.453802685294818, 36.377350087338137 ], [ 127.45335758148191, 36.377525813157284 ], [ 127.453043977000988, 36.377614862223624 ], [ 127.452918724311431, 36.377816691241591 ], [ 127.452703733164512, 36.37815853019854 ], [ 127.452468289046067, 36.378484684642963 ], [ 127.451975368914276, 36.379006686067761 ], [ 127.451859569877271, 36.379155814392952 ], [ 127.451842810176956, 36.379179253714369 ], [ 127.451821733707717, 36.379238746770625 ], [ 127.451805131793222, 36.379349490056192 ], [ 127.451797823151182, 36.379409778300818 ], [ 127.451773965715461, 36.379501110866443 ], [ 127.451728835223349, 36.379646872673753 ], [ 127.45153651241273, 36.380327127420323 ], [ 127.451533110688104, 36.380493017076645 ], [ 127.451522363978043, 36.380622031826377 ], [ 127.451519803680839, 36.380781159591855 ], [ 127.451507482472607, 36.380940594471646 ], [ 127.451310985221525, 36.381078761674146 ], [ 127.451290717076375, 36.381096861222879 ], [ 127.451243901588697, 36.381132236858271 ], [ 127.45181713160423, 36.381763422731275 ], [ 127.452149967331081, 36.381894530192191 ], [ 127.452394737866683, 36.382033286585227 ], [ 127.452628843529965, 36.382376538248955 ], [ 127.452709086458128, 36.382702617812704 ], [ 127.452846366814612, 36.382773633390713 ], [ 127.453108818992206, 36.383078468586206 ], [ 127.453125871465346, 36.383136420880447 ], [ 127.453215531724041, 36.383342501866842 ], [ 127.453215655507819, 36.383363903978008 ], [ 127.453280184630515, 36.383531501224624 ], [ 127.453330613866825, 36.383550460167307 ], [ 127.453116715035023, 36.383962144452518 ], [ 127.453063967156865, 36.38411469416215 ], [ 127.453082909554126, 36.384258528972602 ], [ 127.453339341419039, 36.38517842870688 ], [ 127.453673926450961, 36.38557789990255 ], [ 127.454219756943672, 36.386008948409859 ], [ 127.454747532382285, 36.38675012523877 ], [ 127.454823746678386, 36.38688867784888 ], [ 127.454851119788117, 36.387165113122286 ], [ 127.45481360280013, 36.387541210681235 ], [ 127.454777827099875, 36.387768042385282 ], [ 127.454692965421486, 36.388090808611913 ], [ 127.454833149007371, 36.388448776316991 ], [ 127.455289429566079, 36.388868615606157 ], [ 127.455188612143544, 36.388990655212915 ], [ 127.455193672792717, 36.388994574062139 ], [ 127.454948910117338, 36.389280216055951 ], [ 127.454621101203884, 36.389660515065373 ], [ 127.454109831098762, 36.390239475337061 ], [ 127.454102105061637, 36.390258374905947 ], [ 127.454109308160781, 36.390268476652416 ], [ 127.454097360365395, 36.390282048338179 ], [ 127.454303631573893, 36.390563437838011 ], [ 127.454305026124786, 36.390594414435732 ], [ 127.454308374295024, 36.390691267441404 ], [ 127.454311778079656, 36.390797708577651 ], [ 127.454326685284599, 36.390965772484492 ], [ 127.454089307283482, 36.391415566995761 ], [ 127.45425965959214, 36.392531512572397 ], [ 127.454203723993217, 36.393668880016172 ], [ 127.45417969758968, 36.393879328767106 ], [ 127.454178363125592, 36.394431582428716 ], [ 127.454649866524406, 36.396178043715203 ], [ 127.454748312623067, 36.396335084668344 ], [ 127.454764470421154, 36.396387966455464 ], [ 127.454980330954641, 36.396877720110552 ], [ 127.454970301174455, 36.397190910977862 ], [ 127.454998457045349, 36.39733076309016 ], [ 127.455020712819817, 36.397354901740052 ], [ 127.455040187484656, 36.397589129139234 ], [ 127.455420639096303, 36.398437305508992 ], [ 127.455443084092167, 36.398883014469682 ], [ 127.4552334209924, 36.399010252744155 ], [ 127.45536310572848, 36.399715475435002 ], [ 127.455352735018408, 36.400268880317647 ], [ 127.455441037390855, 36.400237004184945 ], [ 127.45570543531494, 36.400117163200186 ], [ 127.455705792358913, 36.400119135379697 ], [ 127.455793685259934, 36.400078248957591 ], [ 127.455944665573028, 36.401148647415518 ], [ 127.456352850152612, 36.401283952507022 ], [ 127.456918108474966, 36.40167971391373 ], [ 127.457060527290281, 36.401788156848596 ], [ 127.457579972187432, 36.402360662746986 ], [ 127.457600560301742, 36.402396630452465 ], [ 127.45766917959277, 36.402483384216076 ], [ 127.457616281834802, 36.403089615090842 ], [ 127.458183284828195, 36.403601108397233 ], [ 127.45824774403151, 36.403692951232244 ], [ 127.458763393136607, 36.403851780703867 ], [ 127.459168536444366, 36.403967090999963 ], [ 127.459496059443012, 36.40427449102863 ], [ 127.460148261256037, 36.404489383454809 ], [ 127.460875192229835, 36.404617257463705 ], [ 127.460884321692362, 36.40462849583087 ], [ 127.461225526252278, 36.404889356711678 ], [ 127.461464460034946, 36.405324092378848 ], [ 127.46188989833675, 36.405572524322288 ], [ 127.462339107282318, 36.406039952415874 ], [ 127.4628029261374, 36.406590409043396 ], [ 127.463398444356017, 36.406937026387432 ], [ 127.464161871262505, 36.406958006023451 ], [ 127.464267063852958, 36.407158664660528 ], [ 127.464907640878536, 36.407639994013792 ], [ 127.464983982917843, 36.407677149848816 ], [ 127.465623515864351, 36.407951492584253 ], [ 127.465780149888843, 36.408016776355495 ], [ 127.466262369305696, 36.408286941966942 ], [ 127.466370115742791, 36.408303139938596 ], [ 127.466497610133899, 36.408475269214435 ], [ 127.466519146181056, 36.408493487855978 ], [ 127.466555221674284, 36.408555022558836 ], [ 127.466595761013735, 36.408693976278911 ], [ 127.466582727874552, 36.40878554853002 ], [ 127.466571947017911, 36.408789258222832 ], [ 127.466568190843432, 36.408802501833541 ], [ 127.466735046293252, 36.408973639472578 ], [ 127.46691377475247, 36.409266098400416 ], [ 127.467386418512191, 36.409769750358116 ], [ 127.467383267170831, 36.409796517994629 ], [ 127.467382488244724, 36.409841578868495 ], [ 127.467382782455374, 36.409890852968914 ], [ 127.467378740597525, 36.40994212652911 ], [ 127.467371405176664, 36.409968342758276 ], [ 127.467622673353091, 36.410038896104751 ], [ 127.467779126435602, 36.410043070485841 ], [ 127.468234630487913, 36.409979615963707 ], [ 127.468463019977591, 36.410303139520515 ], [ 127.468526007573445, 36.410669555791543 ], [ 127.468627342911702, 36.410951329578793 ], [ 127.468731394778288, 36.41107595798568 ], [ 127.469021589921226, 36.411219295654803 ], [ 127.469405910577336, 36.411659068715608 ], [ 127.469407272731502, 36.411683565819587 ], [ 127.469429477261713, 36.411695869716532 ], [ 127.469815696450524, 36.41219111815969 ], [ 127.469854391017435, 36.412223912681569 ], [ 127.47045948894079, 36.412701403673843 ], [ 127.471326630376282, 36.41376333291354 ], [ 127.471587476019351, 36.41411994813118 ], [ 127.471725254300722, 36.414204177419954 ], [ 127.471793846306525, 36.414254317967114 ], [ 127.471824694705319, 36.41428544855993 ], [ 127.471872519921362, 36.414328912180174 ], [ 127.47232173330373, 36.414836015592641 ], [ 127.472378956226279, 36.414908720501607 ], [ 127.472447293892429, 36.415003360736954 ], [ 127.47272069312541, 36.415417372538613 ], [ 127.4727806810874, 36.415541612436762 ], [ 127.472846817902678, 36.415993335006611 ], [ 127.472901950159113, 36.416035354540455 ], [ 127.472904548479647, 36.416061261517008 ], [ 127.473307092532394, 36.416368876226542 ], [ 127.473365259232438, 36.416422157008022 ], [ 127.47341381533812, 36.41647180803821 ], [ 127.473450450743826, 36.416508268188025 ], [ 127.473563062412452, 36.416635390635079 ], [ 127.473621779644077, 36.41672246244012 ], [ 127.473740242806258, 36.417011210831916 ], [ 127.473820290919505, 36.417081860227221 ], [ 127.473825420046609, 36.417094789542233 ], [ 127.473933507496184, 36.417192641969059 ], [ 127.474068462682993, 36.41732672255408 ], [ 127.474161913165034, 36.417424921061752 ], [ 127.474267814927032, 36.417535452072208 ], [ 127.474329215973896, 36.417607022026907 ], [ 127.47441880861598, 36.417699594370418 ], [ 127.474215348358172, 36.417847126071351 ], [ 127.473743004474358, 36.418559492781661 ], [ 127.473548355469134, 36.418868349324562 ], [ 127.473418033583258, 36.419041489702408 ], [ 127.47338562353498, 36.419067805350601 ], [ 127.473378185404087, 36.419076846294978 ], [ 127.473352378967874, 36.41907413666798 ], [ 127.473348618401275, 36.419086542410092 ], [ 127.473372703481076, 36.419151213251197 ], [ 127.473382613059769, 36.419233683848589 ], [ 127.473375592346926, 36.419311724584958 ], [ 127.473379085616827, 36.419312269496665 ], [ 127.473377417827564, 36.419324108253008 ], [ 127.473459617533422, 36.419348285800098 ], [ 127.47354829253311, 36.41937750218397 ], [ 127.473662263804655, 36.419411691982909 ], [ 127.473829741300918, 36.419449040359808 ], [ 127.473863476633255, 36.419466650656553 ], [ 127.473882024223201, 36.419507976345173 ], [ 127.473921423953129, 36.419542172503419 ], [ 127.473988619841975, 36.419590911446399 ], [ 127.473965159400478, 36.419600015823214 ], [ 127.473948095805937, 36.419601209780396 ], [ 127.473945228850923, 36.419617550051633 ], [ 127.473946828271522, 36.419622049498386 ], [ 127.473979405455239, 36.419650928780847 ], [ 127.47403213427701, 36.419641708583612 ], [ 127.474212359327865, 36.419567208690154 ], [ 127.474513269021202, 36.419459004941615 ], [ 127.47456415256832, 36.419459938824353 ], [ 127.474680531840889, 36.419460883514184 ], [ 127.474714322699029, 36.419458208351536 ], [ 127.474936881071855, 36.41941453031427 ], [ 127.475514386262446, 36.419208632285027 ], [ 127.475834315897302, 36.419104287755687 ], [ 127.475941619716338, 36.419387725276366 ], [ 127.47645287937398, 36.420461725785046 ], [ 127.476654224202122, 36.421053722344652 ], [ 127.477284739644332, 36.421709613271034 ], [ 127.477550314537922, 36.421977215972554 ], [ 127.477812547313349, 36.422265098359979 ], [ 127.477783340843075, 36.422560342927497 ], [ 127.477994953739284, 36.423206076896093 ], [ 127.478258650234935, 36.423362167589339 ], [ 127.478384280221434, 36.423563857884723 ], [ 127.478359945851324, 36.423829516196761 ], [ 127.478643316729091, 36.424097045263444 ], [ 127.479000397297327, 36.424537742037984 ], [ 127.478993982594886, 36.424657449956577 ], [ 127.479361754825902, 36.42527721619102 ], [ 127.479619129091617, 36.425453596045436 ], [ 127.479528188916149, 36.425824000962407 ], [ 127.479715267721559, 36.426214686014283 ], [ 127.480233009380868, 36.426512244901154 ], [ 127.480569027935346, 36.427066233110892 ], [ 127.480671712683474, 36.427217611376022 ], [ 127.480824695339436, 36.427444259249206 ], [ 127.481019902029956, 36.427736909047262 ], [ 127.481162845502297, 36.427946420793958 ], [ 127.481166535912536, 36.427951749808337 ], [ 127.481189915642403, 36.42798544913601 ], [ 127.480876286615086, 36.428382936875508 ], [ 127.480932598607978, 36.428500428439847 ], [ 127.481026080450704, 36.42871435631443 ], [ 127.48104424854462, 36.428749203038116 ], [ 127.481060607064478, 36.428774486778686 ], [ 127.480996682112902, 36.429003969878565 ], [ 127.480930668917011, 36.429066189253113 ], [ 127.480999807397936, 36.429426940640283 ], [ 127.481016143367228, 36.429535572134377 ], [ 127.481035280229008, 36.429557465391909 ], [ 127.481060903314074, 36.429587776399885 ], [ 127.481098284886812, 36.42963154845733 ], [ 127.48110934859838, 36.429644462598702 ], [ 127.481114607249324, 36.429650920766441 ], [ 127.481117594275119, 36.429654288092102 ], [ 127.481121627017103, 36.429659057015975 ], [ 127.48115672942609, 36.429700314980913 ], [ 127.481397886838991, 36.42998376788838 ], [ 127.481398450830483, 36.429990244912425 ], [ 127.481413549140555, 36.430008207288509 ], [ 127.481417493021965, 36.43011267112729 ], [ 127.481422746374164, 36.4301436226432 ], [ 127.481425041457399, 36.430177695027886 ], [ 127.481429246723678, 36.430237658873686 ], [ 127.481461619310878, 36.430429582485004 ], [ 127.481548912628327, 36.430684654357293 ], [ 127.481726570752969, 36.430871208529119 ], [ 127.48180745225946, 36.430959592683493 ], [ 127.48223437652365, 36.431784682249464 ], [ 127.482393958603566, 36.432061144080294 ], [ 127.482734963264761, 36.432287311171102 ], [ 127.482931276668225, 36.432615161115265 ], [ 127.483827169275997, 36.433500027607494 ], [ 127.483845587165987, 36.433520787846433 ], [ 127.483877684563041, 36.433582333044903 ], [ 127.484002125987601, 36.433952708504741 ], [ 127.484472113184239, 36.43423917697222 ], [ 127.484655455352964, 36.434721398733522 ], [ 127.485268642203607, 36.43530747622934 ], [ 127.485655763305473, 36.43588574430283 ], [ 127.486010183995219, 36.436107620995877 ], [ 127.486015227960053, 36.436384425406736 ], [ 127.486183784909528, 36.436757160575098 ], [ 127.486515237797931, 36.437095710973722 ], [ 127.486841661093564, 36.437297711315928 ], [ 127.48707285364145, 36.437540920287368 ], [ 127.487193852565426, 36.437774168836441 ], [ 127.487321312912798, 36.437982888643944 ], [ 127.48774378401005, 36.438634503656807 ], [ 127.488321390603446, 36.438984725278488 ], [ 127.488867849124134, 36.438785089482884 ], [ 127.489310552370554, 36.439075867277481 ], [ 127.489799843112792, 36.439124277441309 ], [ 127.489904432078745, 36.439241278654109 ], [ 127.4903829137521, 36.439594995656762 ], [ 127.49093073351942, 36.439887598757714 ], [ 127.490977508675371, 36.43995499333176 ], [ 127.490994951203476, 36.439985056313297 ], [ 127.491010810393462, 36.439984991287162 ], [ 127.491023951578299, 36.439997886946998 ], [ 127.491077003667883, 36.440008086708843 ], [ 127.4911147382808, 36.439829395876359 ], [ 127.492345320852777, 36.439401639723577 ], [ 127.492364458603973, 36.439396217211389 ], [ 127.492429658259496, 36.439373131968821 ], [ 127.492429469203188, 36.439371447593366 ] ] ] ] } },
{ "type": "Feature", "properties": { "SIG_CD": "30140", "SIG_ENG_NM": "Jung-gu", "SIG_KOR_NM": "중구" }, "geometry": { "type": "MultiPolygon", "coordinates": [ [ [ [ 127.454837592725625, 36.301616366924812 ], [ 127.454837623839694, 36.3016143323538 ], [ 127.455044696833355, 36.301522941118158 ], [ 127.455359425624735, 36.301384876677091 ], [ 127.455507905575473, 36.301324583250285 ], [ 127.45554732291582, 36.301260287653996 ], [ 127.455586751695662, 36.301195983750262 ], [ 127.455643291877422, 36.301098946746492 ], [ 127.455699831189591, 36.301001900917655 ], [ 127.455751342383763, 36.300922744177036 ], [ 127.455802864295478, 36.300843578572298 ], [ 127.455871633246275, 36.300745612187377 ], [ 127.455940402756525, 36.300647654560258 ], [ 127.455990762936068, 36.300610172568028 ], [ 127.455998645975754, 36.300512374283365 ], [ 127.456027205725448, 36.300288414485955 ], [ 127.456034273608111, 36.300217140772766 ], [ 127.456056715298089, 36.300038226599902 ], [ 127.456079119756026, 36.299611210360084 ], [ 127.456099447413905, 36.299338528000241 ], [ 127.456121277123046, 36.299083025140668 ], [ 127.456131561250587, 36.298996238702294 ], [ 127.456171403309781, 36.298698420951112 ], [ 127.456234160548632, 36.298451206507593 ], [ 127.456271430806737, 36.298308850439795 ], [ 127.45628027281343, 36.298274743368054 ], [ 127.456281814581715, 36.298269943416656 ], [ 127.456301137889099, 36.29821186124213 ], [ 127.456636074133485, 36.297777734459721 ], [ 127.456795343758913, 36.297527620469218 ], [ 127.45682064075929, 36.297480212499835 ], [ 127.457015835156881, 36.297094217096316 ], [ 127.45704559131245, 36.296946536466379 ], [ 127.457042838680607, 36.296833053134343 ], [ 127.457004827046774, 36.296368813823904 ], [ 127.457000678533532, 36.295984704100732 ], [ 127.457061944454054, 36.295631039189203 ], [ 127.457220298317409, 36.29525306898514 ], [ 127.457306907935433, 36.295101792142106 ], [ 127.457427210014941, 36.294909554500222 ], [ 127.457702305444073, 36.294447500366417 ], [ 127.457890578046133, 36.294130803178788 ], [ 127.458145715976528, 36.293736970534411 ], [ 127.458234893395669, 36.293698330009775 ], [ 127.458302040732619, 36.293669353513344 ], [ 127.458393855125635, 36.293636335137244 ], [ 127.458413995182454, 36.293628940535015 ], [ 127.458869699260561, 36.293475963336455 ], [ 127.458925257190145, 36.293309601142504 ], [ 127.458966828856489, 36.293161585988599 ], [ 127.459011728781022, 36.292956396965081 ], [ 127.459058401306365, 36.292757401661724 ], [ 127.458752153034339, 36.292827008321566 ], [ 127.458365112159058, 36.292851575967752 ], [ 127.458350476176307, 36.292907396473616 ], [ 127.458324888911093, 36.292994232296834 ], [ 127.458230490654159, 36.29315117200894 ], [ 127.457854286368899, 36.293574466394759 ], [ 127.457522086395855, 36.294176141371992 ], [ 127.457220304295305, 36.293998462361095 ], [ 127.457066487711842, 36.293839099364 ], [ 127.457034895313427, 36.293791340425699 ], [ 127.456571790177605, 36.293297737190223 ], [ 127.456401161542914, 36.292970584144662 ], [ 127.456228628415786, 36.292792699553715 ], [ 127.456211813144805, 36.292803181133849 ], [ 127.456005914527424, 36.292929849006754 ], [ 127.4552941565628, 36.293440021999615 ], [ 127.453913873305439, 36.293519599368146 ], [ 127.453674009064443, 36.293488686151612 ], [ 127.452977968457148, 36.293378110605019 ], [ 127.452899463624206, 36.293368268781023 ], [ 127.452424969144857, 36.293763196641031 ], [ 127.452133091212374, 36.293642629062333 ], [ 127.451946603777714, 36.293607573515061 ], [ 127.451597908888758, 36.293708015837225 ], [ 127.451564163564797, 36.293678287042383 ], [ 127.451007412883627, 36.29383611287804 ], [ 127.45090785083444, 36.293854231753961 ], [ 127.450903481760292, 36.293849462883891 ], [ 127.450860538377682, 36.293854130151821 ], [ 127.450286518520386, 36.293638598149741 ], [ 127.449891520563796, 36.293489692079952 ], [ 127.449523514060999, 36.29270704928539 ], [ 127.449478491686108, 36.29265174158072 ], [ 127.449330585729328, 36.292520219346514 ], [ 127.449325388736241, 36.292522491748251 ], [ 127.449220827995973, 36.292427412867617 ], [ 127.4489242180925, 36.292084670665709 ], [ 127.448610110787769, 36.292026701572567 ], [ 127.448142271029582, 36.29209744348902 ], [ 127.448065066259019, 36.292284167415723 ], [ 127.448043430236623, 36.292394362758344 ], [ 127.448014802711441, 36.292803377880126 ], [ 127.448003064186395, 36.292972392043445 ], [ 127.447892274889483, 36.293126284877879 ], [ 127.447122963642144, 36.294202110979306 ], [ 127.447344077013412, 36.294848447864844 ], [ 127.447314313881051, 36.295579078032262 ], [ 127.447304671699797, 36.295688381415275 ], [ 127.44728071920926, 36.295972899573599 ], [ 127.447284983023152, 36.296017942409193 ], [ 127.447284372978416, 36.296065256352129 ], [ 127.44728388789062, 36.29607004345079 ], [ 127.44717322466596, 36.296188455737266 ], [ 127.447106029484189, 36.296239397251931 ], [ 127.447036971642248, 36.296299636832387 ], [ 127.446937690147891, 36.296459965228728 ], [ 127.446719296056074, 36.296597928344113 ], [ 127.446688339010535, 36.296751243287446 ], [ 127.446654374336518, 36.296896404722716 ], [ 127.446436270292665, 36.296809352019373 ], [ 127.446366326114173, 36.296776377065193 ], [ 127.446302019673155, 36.296693257661545 ], [ 127.446177139511931, 36.29651180194238 ], [ 127.44613037830932, 36.296487472955647 ], [ 127.446101036034506, 36.296466458585762 ], [ 127.446019427244977, 36.296400588601891 ], [ 127.445878862008399, 36.296303387777009 ], [ 127.44588292189745, 36.296285060427635 ], [ 127.445842317046399, 36.296270567243809 ], [ 127.445777359281777, 36.296258985657751 ], [ 127.445562505886429, 36.296251898516566 ], [ 127.445410765492795, 36.296211909108436 ], [ 127.444338750793662, 36.295844429129723 ], [ 127.443226386021962, 36.295600441268093 ], [ 127.442595363054025, 36.295825532174881 ], [ 127.442463238049186, 36.295868257690557 ], [ 127.442312238849269, 36.295927958474202 ], [ 127.441796982315978, 36.296417338416163 ], [ 127.441694045015169, 36.296517405489219 ], [ 127.441645602594349, 36.29681187150215 ], [ 127.441217346693151, 36.296687850384565 ], [ 127.440807796869379, 36.295682572353471 ], [ 127.440796373805838, 36.295164159298743 ], [ 127.440104164943222, 36.294900286193027 ], [ 127.439631757016897, 36.294530851044073 ], [ 127.438826111102571, 36.294073921629781 ], [ 127.438875393118792, 36.293990094443757 ], [ 127.438925992346356, 36.293924862358431 ], [ 127.438293194274564, 36.293270155910122 ], [ 127.437780353571029, 36.2927273847029 ], [ 127.437183984849156, 36.292518629977437 ], [ 127.435969127093031, 36.292882394112731 ], [ 127.435956013447083, 36.292870330014622 ], [ 127.435926564379031, 36.292829316478098 ], [ 127.43583367289763, 36.292701804052662 ], [ 127.435361307380504, 36.292709998337934 ], [ 127.43523021068799, 36.292656682825658 ], [ 127.435208776410136, 36.292649722339171 ], [ 127.435003932105644, 36.292566538790275 ], [ 127.434936589369116, 36.292497221226192 ], [ 127.434721208360557, 36.292269896078793 ], [ 127.434662922501914, 36.292109022086393 ], [ 127.434658470425518, 36.292089041178571 ], [ 127.43452965830302, 36.29172565803804 ], [ 127.434512491759676, 36.291673055546227 ], [ 127.434497609913535, 36.291622985935383 ], [ 127.434227761995771, 36.291294465995797 ], [ 127.433825208325672, 36.291094004608837 ], [ 127.433663127141315, 36.291192593385411 ], [ 127.433050845333383, 36.290934310758026 ], [ 127.433003277488083, 36.290919838314714 ], [ 127.432631303579214, 36.290870488915303 ], [ 127.431267049931748, 36.291329646817452 ], [ 127.430038157872417, 36.29141684791977 ], [ 127.429220500634912, 36.291769828795829 ], [ 127.428419927862734, 36.292131754294687 ], [ 127.428225763742489, 36.291994738629697 ], [ 127.428190703965171, 36.291977399059888 ], [ 127.427925957399225, 36.291941448861174 ], [ 127.427854245105777, 36.291996622742253 ], [ 127.427714974683127, 36.291589615984108 ], [ 127.427664299352244, 36.291484756023372 ], [ 127.427587525631154, 36.291374635557354 ], [ 127.427593828186801, 36.291190719058321 ], [ 127.427419876362492, 36.290964350115878 ], [ 127.427359064595493, 36.290624661482667 ], [ 127.427378842814477, 36.29042125876466 ], [ 127.427380307074344, 36.290244118299903 ], [ 127.427361723172012, 36.289993261025288 ], [ 127.427339472841638, 36.289866616752725 ], [ 127.427120660371926, 36.289352598818155 ], [ 127.427310371953823, 36.288608164091826 ], [ 127.427756447744315, 36.288406351803957 ], [ 127.427897036839283, 36.288320238798946 ], [ 127.427914306311266, 36.288235124284171 ], [ 127.427929254712296, 36.288169456262253 ], [ 127.427982103943293, 36.288068732477662 ], [ 127.428135894442676, 36.287947930931708 ], [ 127.428167705584627, 36.287945564489128 ], [ 127.428332667211805, 36.287895411065193 ], [ 127.428597785224127, 36.287840673262494 ], [ 127.428738296906133, 36.287677400699771 ], [ 127.428795370528746, 36.28761889971026 ], [ 127.429004060770524, 36.28754943909334 ], [ 127.429194611609191, 36.287601422412472 ], [ 127.429404090102793, 36.28754998181045 ], [ 127.429623432911484, 36.287584676133534 ], [ 127.429745053733583, 36.287499196500214 ], [ 127.430018259525994, 36.287077476545484 ], [ 127.430243747874741, 36.286902912368468 ], [ 127.430311661109499, 36.286695677640473 ], [ 127.43035872275648, 36.286650728903297 ], [ 127.430774990547334, 36.286282005789118 ], [ 127.430828169378586, 36.285193653253046 ], [ 127.430919009531905, 36.284726400397481 ], [ 127.431262185892777, 36.284448055652383 ], [ 127.431517708173843, 36.284452490010096 ], [ 127.432421561940416, 36.283629165293171 ], [ 127.432451046716508, 36.283329417664667 ], [ 127.432993550789647, 36.283055134734845 ], [ 127.433049923996251, 36.28302817541605 ], [ 127.43309397912499, 36.282943251651453 ], [ 127.433226384691267, 36.282764511810058 ], [ 127.433602544857678, 36.282728232588838 ], [ 127.433817043180497, 36.282708018556654 ], [ 127.434063662094104, 36.282550268343755 ], [ 127.434173020532, 36.282481725600498 ], [ 127.434682001403544, 36.282375121124836 ], [ 127.434757397047008, 36.282360483279675 ], [ 127.435214253334308, 36.28175926497314 ], [ 127.435352610518692, 36.28158725065677 ], [ 127.435224230197591, 36.281456207936699 ], [ 127.43506615597633, 36.281301328061893 ], [ 127.434529991699094, 36.280704825492478 ], [ 127.434432968302289, 36.280646321376992 ], [ 127.434083005839554, 36.280446228215261 ], [ 127.433922618374766, 36.280250523301504 ], [ 127.433829899586058, 36.280183270216526 ], [ 127.433182878531952, 36.279884839532805 ], [ 127.432860480231312, 36.279510608263401 ], [ 127.432280506223563, 36.279260927365378 ], [ 127.432237823605021, 36.27915181330831 ], [ 127.432208606396557, 36.278930851122567 ], [ 127.432569098532255, 36.278388286737453 ], [ 127.432615681845419, 36.278320241710503 ], [ 127.432710559056702, 36.278339338445207 ], [ 127.43287296718708, 36.278242155536837 ], [ 127.432953606497662, 36.277694399072068 ], [ 127.43322011414692, 36.277551222346581 ], [ 127.43362048385363, 36.275633646490732 ], [ 127.435591874077318, 36.275110862078357 ], [ 127.436660068346598, 36.274940829768234 ], [ 127.4367317770309, 36.274544041051492 ], [ 127.436911500645039, 36.274434687188709 ], [ 127.436965408764223, 36.274404076146737 ], [ 127.437014265938103, 36.274215497854065 ], [ 127.437011197393716, 36.27400570565004 ], [ 127.436985625550776, 36.27362955679866 ], [ 127.437334411001558, 36.273275700210718 ], [ 127.437641554336764, 36.273253168191211 ], [ 127.437774623282422, 36.273228468627941 ], [ 127.437969948376818, 36.272861652204128 ], [ 127.43779735613289, 36.272437601576407 ], [ 127.438261920317316, 36.27173805081781 ], [ 127.438520269756793, 36.271695995753326 ], [ 127.438739936710363, 36.271360909724493 ], [ 127.438854149244435, 36.271200532908445 ], [ 127.439067826439995, 36.27103698033833 ], [ 127.43933084144895, 36.270836352575529 ], [ 127.439351850593894, 36.270736298947121 ], [ 127.439388714052242, 36.270549728229604 ], [ 127.43944466725533, 36.270449555437146 ], [ 127.439508241888589, 36.270187692555481 ], [ 127.438754090558831, 36.269472329518656 ], [ 127.4385886509112, 36.269302547934466 ], [ 127.438552962994876, 36.269262972901799 ], [ 127.438446253218785, 36.26911776826023 ], [ 127.438127287489309, 36.268606945805161 ], [ 127.438076417889349, 36.26824694861218 ], [ 127.438225339822992, 36.267761174049632 ], [ 127.43725606818893, 36.267408464094572 ], [ 127.436838469730503, 36.267043033626976 ], [ 127.436223686843576, 36.26652202680679 ], [ 127.436003986740388, 36.266410736531775 ], [ 127.43578882403024, 36.26630280824731 ], [ 127.43533764316912, 36.266090415478793 ], [ 127.434355725203133, 36.265613816028321 ], [ 127.433619942319041, 36.265246713430187 ], [ 127.433485770132265, 36.265163838963083 ], [ 127.433019714803933, 36.264804202307936 ], [ 127.432852834187585, 36.264210593148952 ], [ 127.432142351510336, 36.263540927106902 ], [ 127.431572572262624, 36.262908212803772 ], [ 127.431478502269741, 36.262716203150546 ], [ 127.43108280434771, 36.262150440205211 ], [ 127.430903722869516, 36.262088847671102 ], [ 127.430411646217152, 36.261606796372874 ], [ 127.429359784508307, 36.26152128377327 ], [ 127.429245558707763, 36.26101083999238 ], [ 127.429336981413613, 36.260559643299459 ], [ 127.42931155004743, 36.259626165163837 ], [ 127.429688590934646, 36.259389941410589 ], [ 127.42971876255848, 36.257974131760115 ], [ 127.429869425337671, 36.257831656293554 ], [ 127.429831650007756, 36.257409931129764 ], [ 127.429815334973114, 36.257254535808087 ], [ 127.429892389789686, 36.257038534687958 ], [ 127.429168003088193, 36.2567043102882 ], [ 127.428473019510491, 36.256562045728053 ], [ 127.427828783239121, 36.256609402625919 ], [ 127.42778267799973, 36.255674311853852 ], [ 127.428138340938574, 36.255442116125323 ], [ 127.428156532291212, 36.255206617582139 ], [ 127.427086390238813, 36.254425834103039 ], [ 127.429923178289698, 36.25388795774866 ], [ 127.431330933771221, 36.253870227618854 ], [ 127.431799668799741, 36.253940636950446 ], [ 127.432537246712968, 36.254051765011624 ], [ 127.433518039477562, 36.253972464706209 ], [ 127.433557898742961, 36.253950917686616 ], [ 127.434325804364505, 36.253540635901729 ], [ 127.434582552246212, 36.253378062160017 ], [ 127.435705505386323, 36.252727114172046 ], [ 127.435619190574556, 36.252554787689299 ], [ 127.435339829593602, 36.251991157276251 ], [ 127.435239629659648, 36.251790448850912 ], [ 127.435157326837682, 36.251620928598022 ], [ 127.434875866490771, 36.251304561426004 ], [ 127.434715150423372, 36.251101251158246 ], [ 127.435100865733475, 36.250777969394704 ], [ 127.435193186436564, 36.250308173060318 ], [ 127.435305456026228, 36.249892942843942 ], [ 127.43581375957325, 36.249921513394369 ], [ 127.437271602270812, 36.249199204390209 ], [ 127.43753246914153, 36.248435907890652 ], [ 127.437854142116109, 36.247978511514034 ], [ 127.437916293872661, 36.247370833815708 ], [ 127.438498433367656, 36.246675924799497 ], [ 127.438611304700942, 36.246496681855533 ], [ 127.439075619921582, 36.245748976521398 ], [ 127.439517631938358, 36.245398150742943 ], [ 127.440336071869325, 36.244750246972053 ], [ 127.442127331596637, 36.244458096317508 ], [ 127.442149772012613, 36.244305659677444 ], [ 127.442049238333638, 36.243923865004135 ], [ 127.44184135741034, 36.243494036705314 ], [ 127.441922284602811, 36.243387570415074 ], [ 127.442034325337119, 36.24324888046641 ], [ 127.44223658696923, 36.242864006332425 ], [ 127.442299555715792, 36.242717620346838 ], [ 127.442280996779743, 36.242075307674895 ], [ 127.442235967120894, 36.241669661799442 ], [ 127.442021439875859, 36.240611561741147 ], [ 127.441759424189399, 36.240229243919771 ], [ 127.441891971844797, 36.239905736004388 ], [ 127.441944990771518, 36.239719112932484 ], [ 127.441978057659227, 36.239602963840014 ], [ 127.442004960033969, 36.239534149560377 ], [ 127.44223328877797, 36.239210847382708 ], [ 127.442309202594416, 36.239141573053928 ], [ 127.443274534255352, 36.238605187778354 ], [ 127.443055271720269, 36.238405204453301 ], [ 127.442295367553754, 36.238193128412242 ], [ 127.441893114674642, 36.237721488350608 ], [ 127.441846282614435, 36.237678007441964 ], [ 127.441778016435606, 36.237623061176777 ], [ 127.441180232395595, 36.237867173169874 ], [ 127.440049399208192, 36.23762096566449 ], [ 127.439437860989997, 36.237456486682625 ], [ 127.438638661424122, 36.237238051691897 ], [ 127.438080878046122, 36.236892853133114 ], [ 127.437696661523731, 36.236656567255579 ], [ 127.437795422792732, 36.236194350362169 ], [ 127.437525195489229, 36.235170238540981 ], [ 127.437411537314063, 36.235048992822399 ], [ 127.437609801406452, 36.234162288586639 ], [ 127.437651443746063, 36.233366283280468 ], [ 127.437725227528659, 36.233070029321766 ], [ 127.437812626403812, 36.232783872783465 ], [ 127.437627878795624, 36.232377886801395 ], [ 127.436502627351615, 36.231303652635454 ], [ 127.43652946311505, 36.231254557545363 ], [ 127.43539782155672, 36.23008712619724 ], [ 127.435160658469101, 36.229848324885744 ], [ 127.434370476962883, 36.229453817618079 ], [ 127.434186128051195, 36.229242705874881 ], [ 127.433821421217885, 36.227649493753752 ], [ 127.432595066969782, 36.227384689148629 ], [ 127.43114344667076, 36.227175878615121 ], [ 127.430322950372215, 36.227617302825607 ], [ 127.429719936671333, 36.227945573961122 ], [ 127.42912507627257, 36.228528128303033 ], [ 127.42837765676073, 36.228861415132677 ], [ 127.426747544061229, 36.229168837309025 ], [ 127.42588086942979, 36.229018433347612 ], [ 127.425479663332851, 36.228649801916333 ], [ 127.424675676533695, 36.228359483269287 ], [ 127.423997964472491, 36.227761183744256 ], [ 127.424099037901925, 36.227393314180716 ], [ 127.423929710904105, 36.226542282053266 ], [ 127.424045896513462, 36.226171827276239 ], [ 127.424064357982758, 36.226115717376182 ], [ 127.425683169898889, 36.225267948404834 ], [ 127.425688691513685, 36.224939275315855 ], [ 127.425639394625151, 36.224788501378782 ], [ 127.425513039687786, 36.224400312629982 ], [ 127.426113860843628, 36.222287432465464 ], [ 127.425811832234174, 36.222061242419457 ], [ 127.425649378672375, 36.221938743454523 ], [ 127.425633420611661, 36.221912332060761 ], [ 127.425423964370694, 36.221548373099907 ], [ 127.425443211621754, 36.221508309803752 ], [ 127.425807481660783, 36.220742984105634 ], [ 127.426158742347255, 36.219658349129588 ], [ 127.426056475008451, 36.219126723464022 ], [ 127.42622213594997, 36.218751016512101 ], [ 127.426663355321764, 36.218431222447819 ], [ 127.426561513857152, 36.218365121683 ], [ 127.426407151118582, 36.218131361224664 ], [ 127.425826621871465, 36.217721686797574 ], [ 127.425818750679156, 36.21748740602159 ], [ 127.425812488525381, 36.217227778037888 ], [ 127.426008347563965, 36.216941803508909 ], [ 127.425230530308156, 36.216165591862286 ], [ 127.425189048358831, 36.215691209376658 ], [ 127.424738611086994, 36.214716978863436 ], [ 127.423994644860826, 36.214281693892296 ], [ 127.42383682678917, 36.213886287134471 ], [ 127.425013239046834, 36.213215818326624 ], [ 127.425461571361183, 36.212961898275225 ], [ 127.426148127995091, 36.21161697334751 ], [ 127.426131202901274, 36.211602668515113 ], [ 127.426004152322534, 36.211500050245732 ], [ 127.424797222627888, 36.210468517543745 ], [ 127.424311974194012, 36.210057380318887 ], [ 127.423554551344949, 36.209729146456681 ], [ 127.422772950893474, 36.208681447306496 ], [ 127.422329800129958, 36.208082878119541 ], [ 127.422323297527697, 36.208102051246335 ], [ 127.421155809546306, 36.208090938700678 ], [ 127.420289237743191, 36.207947530946939 ], [ 127.419784368092465, 36.207433933480694 ], [ 127.419756111428455, 36.207185078766607 ], [ 127.419559123684365, 36.207126910309299 ], [ 127.418023534529823, 36.208047250655014 ], [ 127.41717872458959, 36.20843459905322 ], [ 127.416726874260178, 36.208416458467561 ], [ 127.416396974881067, 36.208690491658025 ], [ 127.415623646391154, 36.208863548889262 ], [ 127.415262276853525, 36.209035177601166 ], [ 127.414879027328695, 36.209375015450419 ], [ 127.414838566714479, 36.209610870206944 ], [ 127.414458063221218, 36.209976885804615 ], [ 127.413881095635446, 36.210123065475983 ], [ 127.413261001267145, 36.210496373279838 ], [ 127.412093558026783, 36.211398761166528 ], [ 127.411191124554662, 36.211611659660257 ], [ 127.410309145434113, 36.211616649248512 ], [ 127.409998657852015, 36.211686983933681 ], [ 127.409985555913096, 36.211705899492863 ], [ 127.409790358327669, 36.211995225387277 ], [ 127.409124999675214, 36.21242387276579 ], [ 127.407999021771033, 36.212892941257387 ], [ 127.408456551163013, 36.213365357340948 ], [ 127.408730099446132, 36.213910204669972 ], [ 127.408912978867264, 36.214630253473047 ], [ 127.408866662622017, 36.214778818436073 ], [ 127.409772701192949, 36.215786756262112 ], [ 127.410004999037184, 36.215914950468402 ], [ 127.410640615333435, 36.216811425840795 ], [ 127.410626921015293, 36.217551852045766 ], [ 127.410467311288656, 36.21766814667167 ], [ 127.41000491450832, 36.218104269684694 ], [ 127.409766356718904, 36.218579054401047 ], [ 127.409664839051089, 36.219009438374954 ], [ 127.409391796605235, 36.219333670410499 ], [ 127.409205978659728, 36.219325571183347 ], [ 127.408881545585018, 36.219595338229752 ], [ 127.408700785976365, 36.219822944462734 ], [ 127.40837221193307, 36.220601615690697 ], [ 127.407960899512787, 36.220740444561542 ], [ 127.407724573816154, 36.221145375457645 ], [ 127.407518396127955, 36.221401507674408 ], [ 127.407000619498959, 36.221519003007046 ], [ 127.406514195157385, 36.221483476367951 ], [ 127.40571880469092, 36.221584448793692 ], [ 127.405288588973804, 36.222002989177639 ], [ 127.404780942723903, 36.222268857212136 ], [ 127.404570290045513, 36.22243347478976 ], [ 127.404543304539473, 36.222931471621266 ], [ 127.404073866104625, 36.223566415243468 ], [ 127.403931793128208, 36.223988198087888 ], [ 127.403433250187845, 36.224712796849779 ], [ 127.403114448469907, 36.225071809653208 ], [ 127.40315588839232, 36.225393277227141 ], [ 127.402482188543971, 36.225886124706108 ], [ 127.402157622769494, 36.226990039164534 ], [ 127.401636733195204, 36.228382979568323 ], [ 127.401609501525698, 36.22846333969872 ], [ 127.401417136094508, 36.228739691709883 ], [ 127.401191740932092, 36.229528982886741 ], [ 127.400907969695567, 36.230119919240188 ], [ 127.401070482269077, 36.230975224069432 ], [ 127.400741348450822, 36.231941159421751 ], [ 127.40089340429833, 36.232312670564269 ], [ 127.400856401584434, 36.232418683414664 ], [ 127.400766197026115, 36.232553594695041 ], [ 127.40091017720718, 36.232876693435948 ], [ 127.400778040218782, 36.23306704132294 ], [ 127.400713826632966, 36.233159537476212 ], [ 127.400248859787723, 36.232879187973992 ], [ 127.399278703872767, 36.232542778403769 ], [ 127.398539192296099, 36.232582976207652 ], [ 127.398160109366344, 36.232751790643704 ], [ 127.397884359856093, 36.23276791695028 ], [ 127.397428345383375, 36.23225968854198 ], [ 127.396617899310414, 36.23212268377182 ], [ 127.396019457213896, 36.232565681364953 ], [ 127.395088901844503, 36.232462577278469 ], [ 127.39496974166417, 36.232579276321765 ], [ 127.394123782459332, 36.232534184174902 ], [ 127.392963354690494, 36.233317791784494 ], [ 127.392759954827866, 36.233381647918037 ], [ 127.392574468808661, 36.23343987654772 ], [ 127.392006576181529, 36.233322044807878 ], [ 127.391517474988504, 36.233426150038284 ], [ 127.391508760587342, 36.233667245700182 ], [ 127.390360261676619, 36.233424563614932 ], [ 127.389790127239849, 36.233379102938962 ], [ 127.389175718601024, 36.233804084538775 ], [ 127.387342896739398, 36.234152459806637 ], [ 127.387291234094391, 36.234568298448771 ], [ 127.38705064234702, 36.235160766023938 ], [ 127.387424807006468, 36.236141005199336 ], [ 127.38730563441564, 36.236367244264642 ], [ 127.387392037841664, 36.236546644465506 ], [ 127.387371712112653, 36.236657105266055 ], [ 127.387256268868427, 36.237287180987124 ], [ 127.389026048698142, 36.238129423129962 ], [ 127.389595059124716, 36.239029890515738 ], [ 127.390369780136126, 36.239524712114154 ], [ 127.390648079351635, 36.240612555812682 ], [ 127.390251172193999, 36.240985305538892 ], [ 127.390291633069424, 36.241151613846775 ], [ 127.390265028495577, 36.241431347032126 ], [ 127.389954549411698, 36.241775932253276 ], [ 127.39008657297866, 36.242145548108439 ], [ 127.39085898802206, 36.24276288066288 ], [ 127.390885635517094, 36.242949789743008 ], [ 127.390455096420453, 36.243095379803201 ], [ 127.390358796977694, 36.243447722472524 ], [ 127.390410736543444, 36.243545836876841 ], [ 127.390181006664832, 36.243735264021694 ], [ 127.389614908319388, 36.243958739688765 ], [ 127.389293500340685, 36.244278017126753 ], [ 127.389152624223854, 36.244544323101493 ], [ 127.388505669753272, 36.244941532932572 ], [ 127.388214269177411, 36.245459520406953 ], [ 127.38789062926665, 36.245890602765975 ], [ 127.388196833786154, 36.246366961598845 ], [ 127.388132681061933, 36.246786498995029 ], [ 127.388041239496843, 36.246858609796675 ], [ 127.387905523721003, 36.246938739551332 ], [ 127.387486608511736, 36.247865500216676 ], [ 127.387428897583831, 36.248254321982415 ], [ 127.387255901557225, 36.248496234863609 ], [ 127.387073212389595, 36.248679034139265 ], [ 127.387381858039873, 36.249046397836594 ], [ 127.387498353953134, 36.249579685152703 ], [ 127.38709963790815, 36.249596462309192 ], [ 127.386797821972962, 36.249981275565176 ], [ 127.386804514654628, 36.250354128091736 ], [ 127.386412145352878, 36.250672211390075 ], [ 127.386604080878683, 36.250957719436137 ], [ 127.38660954657729, 36.251470808790152 ], [ 127.38680020920863, 36.252026675588361 ], [ 127.386607539122295, 36.252265550756626 ], [ 127.386557106051228, 36.252508743830816 ], [ 127.386809948945299, 36.25284108862418 ], [ 127.386883494040532, 36.253019961876028 ], [ 127.386887130804908, 36.253230322311303 ], [ 127.387580867199063, 36.253985926158322 ], [ 127.387896962725549, 36.25416908921715 ], [ 127.387969726524261, 36.254188563133873 ], [ 127.388221489141657, 36.254227176236917 ], [ 127.388294676437283, 36.254332539838103 ], [ 127.388222839526378, 36.25450118561578 ], [ 127.388643324487361, 36.254981111279761 ], [ 127.388775234028572, 36.255360307555279 ], [ 127.388844308219845, 36.255828987158132 ], [ 127.388948043124131, 36.256063238126565 ], [ 127.388941010078739, 36.25647104605666 ], [ 127.389117579182141, 36.256632398122669 ], [ 127.389181589414193, 36.256742027260785 ], [ 127.389095284760103, 36.257009282274389 ], [ 127.388899398992507, 36.257233517802277 ], [ 127.388994913914658, 36.257598476097904 ], [ 127.388784936889621, 36.257959619746913 ], [ 127.389154350497819, 36.258620233850273 ], [ 127.389031516241957, 36.258883668848611 ], [ 127.389271656529004, 36.259206189720182 ], [ 127.389665781372173, 36.259236732180369 ], [ 127.389954256638504, 36.259349011103097 ], [ 127.390084800480722, 36.25965864786037 ], [ 127.390064262636912, 36.259865986459012 ], [ 127.390171728259602, 36.26043140845141 ], [ 127.390448013808367, 36.260959107698874 ], [ 127.390326927896965, 36.26133040063997 ], [ 127.390329719140155, 36.26189136788625 ], [ 127.390257701246185, 36.262270945913407 ], [ 127.389780173995561, 36.26278307935619 ], [ 127.389673044119377, 36.263095172990361 ], [ 127.389207314930999, 36.262864349836768 ], [ 127.388384241687788, 36.263540648194279 ], [ 127.385278089968239, 36.265944418235364 ], [ 127.384396205254745, 36.266661998471868 ], [ 127.384160477515991, 36.266922968957353 ], [ 127.384012762430842, 36.267083391771088 ], [ 127.3838623182004, 36.267252574218368 ], [ 127.383729814116762, 36.267394645556635 ], [ 127.383674754109805, 36.267479874873445 ], [ 127.383536285852585, 36.267681668299332 ], [ 127.383350137267783, 36.267983031931863 ], [ 127.383341337260774, 36.268104719468425 ], [ 127.383331104407432, 36.268325262069027 ], [ 127.383333278934685, 36.268591382937061 ], [ 127.382867059219464, 36.268692847404289 ], [ 127.380781987791352, 36.268691871807754 ], [ 127.380781343109916, 36.269239629523575 ], [ 127.380873263430487, 36.269515036429858 ], [ 127.380141500867424, 36.269648594195182 ], [ 127.3798758102173, 36.269579025880084 ], [ 127.379751307029679, 36.270083242741158 ], [ 127.379469324815474, 36.270205784274175 ], [ 127.379245013486596, 36.270351817707144 ], [ 127.37914726295007, 36.270417741430343 ], [ 127.378963311509594, 36.270530690312903 ], [ 127.378796688771644, 36.270669484394389 ], [ 127.378670137879539, 36.27074958392803 ], [ 127.378634928269619, 36.270805739339913 ], [ 127.378107643129923, 36.271154355464454 ], [ 127.377823737220325, 36.271348155922468 ], [ 127.377627728329202, 36.27148649079075 ], [ 127.3773496704097, 36.271484534993029 ], [ 127.376955554894209, 36.271326102071797 ], [ 127.376339963572136, 36.271647393329516 ], [ 127.375919991144556, 36.271753461755694 ], [ 127.375113961198153, 36.271962695707167 ], [ 127.374204721930525, 36.271899349967107 ], [ 127.373276989865374, 36.272188650571202 ], [ 127.373073450982304, 36.272172665389469 ], [ 127.372460161700232, 36.272178516281954 ], [ 127.372438264697607, 36.272732522122489 ], [ 127.372484094650929, 36.272937119151315 ], [ 127.372596073371781, 36.273082087123548 ], [ 127.372632792824788, 36.273160537715832 ], [ 127.372656592858988, 36.273267488404045 ], [ 127.372857593200379, 36.274215636359799 ], [ 127.372973988867798, 36.27444901415263 ], [ 127.373054427479502, 36.274579435432223 ], [ 127.372315495298551, 36.274977121732931 ], [ 127.372056723328797, 36.275599179376002 ], [ 127.371305268838, 36.276221625618298 ], [ 127.371521019138896, 36.276834887245883 ], [ 127.371207539929031, 36.277475135744965 ], [ 127.371571731727812, 36.277960646492041 ], [ 127.371631577277114, 36.278738575966386 ], [ 127.371547185693146, 36.278803884445701 ], [ 127.371533336834602, 36.279001339241589 ], [ 127.371531001845426, 36.279464048681163 ], [ 127.371312986779373, 36.279552029246872 ], [ 127.370875930599354, 36.279548306455084 ], [ 127.37070750080359, 36.280194296495516 ], [ 127.3706955154844, 36.280270374926516 ], [ 127.370626013449012, 36.280286080700094 ], [ 127.370272755670584, 36.280386859156778 ], [ 127.370085765554705, 36.280675533677822 ], [ 127.37016248165348, 36.28112419284723 ], [ 127.369528054239581, 36.28160687210304 ], [ 127.369321097805695, 36.281866318499368 ], [ 127.369337176781841, 36.282624386158055 ], [ 127.369289068526044, 36.283008382364308 ], [ 127.368705056983671, 36.283121130398541 ], [ 127.368207903944381, 36.283768404979057 ], [ 127.368154852459668, 36.284139177562409 ], [ 127.368133434569529, 36.284283999519396 ], [ 127.36811605284997, 36.284358679500137 ], [ 127.368090827849784, 36.284469998320859 ], [ 127.367636857358008, 36.284647119062107 ], [ 127.367532620008447, 36.284895821234947 ], [ 127.367854976339359, 36.285432440896017 ], [ 127.367831924441333, 36.285599238961375 ], [ 127.367799151931294, 36.285917843153825 ], [ 127.367887761721533, 36.285973895367093 ], [ 127.368052989644752, 36.285973389003026 ], [ 127.368048678567249, 36.285944113906417 ], [ 127.368041181683793, 36.285902457366028 ], [ 127.369074567499212, 36.285851694031344 ], [ 127.369478465650218, 36.286158826126837 ], [ 127.369697679506032, 36.286025506902284 ], [ 127.369745871345856, 36.286138005848564 ], [ 127.369789549083706, 36.286253898095964 ], [ 127.369863630772926, 36.28632576420825 ], [ 127.369974092315672, 36.286440891802165 ], [ 127.370044328871941, 36.28654712268407 ], [ 127.370141943489784, 36.286815769496158 ], [ 127.37024338984854, 36.287157904575835 ], [ 127.370142739968458, 36.287389700745869 ], [ 127.370114498336591, 36.287450896226112 ], [ 127.370214185723626, 36.287641531032747 ], [ 127.370059824281498, 36.287955734056403 ], [ 127.370090951824025, 36.288103485498908 ], [ 127.370320165884507, 36.28839340877294 ], [ 127.370610391982282, 36.288453901631804 ], [ 127.370490509752784, 36.288702942722892 ], [ 127.37053801984338, 36.28893006421039 ], [ 127.370318432812482, 36.289134633285826 ], [ 127.370170939482094, 36.289170008778065 ], [ 127.370137578350707, 36.289177149885731 ], [ 127.370114456523211, 36.28917919469265 ], [ 127.369897177220551, 36.290059639516933 ], [ 127.370065264685223, 36.290146986407315 ], [ 127.370371762010805, 36.290302341575263 ], [ 127.37081419288667, 36.290290549445636 ], [ 127.371176389202148, 36.291003902020698 ], [ 127.371527872819186, 36.291328356024209 ], [ 127.372876413820663, 36.291404154804141 ], [ 127.372762781334117, 36.29194493548998 ], [ 127.373312880792028, 36.293287386244245 ], [ 127.373330435096165, 36.293284799845125 ], [ 127.373392814407708, 36.293271935238465 ], [ 127.374732279615415, 36.293077946229644 ], [ 127.37596959726848, 36.292987907488147 ], [ 127.376182091718704, 36.293121571385711 ], [ 127.376528813751278, 36.293351978770936 ], [ 127.377844055547868, 36.293041166599082 ], [ 127.377847025934798, 36.293045374918748 ], [ 127.377849481382199, 36.293049034824051 ], [ 127.378311225747282, 36.292964780519526 ], [ 127.378314245667156, 36.29297688277461 ], [ 127.37832655331745, 36.293040764111538 ], [ 127.378329942119862, 36.293057939276885 ], [ 127.378483144314899, 36.293773324729671 ], [ 127.378846913490349, 36.293893836213819 ], [ 127.379298136903273, 36.294041673247477 ], [ 127.379298127388054, 36.294039699752176 ], [ 127.379440303200099, 36.294160909369658 ], [ 127.379649192083193, 36.29433907847573 ], [ 127.379777779899257, 36.294456383604995 ], [ 127.380098482188572, 36.29477022174175 ], [ 127.380467266450111, 36.295171203736906 ], [ 127.380524313269831, 36.295241143553525 ], [ 127.380695165118055, 36.295464769621788 ], [ 127.381060967286487, 36.296073876919429 ], [ 127.381267128624415, 36.296404125367822 ], [ 127.381378395548452, 36.296571048456642 ], [ 127.381877056252563, 36.297350107446974 ], [ 127.381929862350773, 36.297479204168489 ], [ 127.381981890422352, 36.297624632765228 ], [ 127.382029341424982, 36.297760505301284 ], [ 127.38206818939139, 36.297951881680767 ], [ 127.382126100107882, 36.298235567951792 ], [ 127.382160281171551, 36.298611979737124 ], [ 127.382120113801946, 36.29890076349205 ], [ 127.382096242038216, 36.299072063001063 ], [ 127.382097724637845, 36.299592775846108 ], [ 127.382096558547957, 36.300030967176063 ], [ 127.382093026948226, 36.300378778867731 ], [ 127.382014967460648, 36.300352559672817 ], [ 127.382003855869456, 36.300428068542594 ], [ 127.382041710444739, 36.300451324522562 ], [ 127.382102443116466, 36.300490557665093 ], [ 127.382021845806676, 36.300838046442742 ], [ 127.382023592169304, 36.300840005056997 ], [ 127.382070028499513, 36.300800998986276 ], [ 127.382140104753333, 36.300760502400621 ], [ 127.382121948345031, 36.300925871898819 ], [ 127.38197885981441, 36.301264268369614 ], [ 127.381623068176481, 36.30189875565776 ], [ 127.381404372252362, 36.302288371120213 ], [ 127.381196822138278, 36.302283677505628 ], [ 127.381177315127289, 36.302315560029534 ], [ 127.381166789694021, 36.302333048787467 ], [ 127.381142792535172, 36.302371146098956 ], [ 127.381154451791502, 36.302371676711381 ], [ 127.381228870787794, 36.302365528607702 ], [ 127.381329806317154, 36.302372246223548 ], [ 127.381365660648243, 36.302375511721714 ], [ 127.38102695821047, 36.302986566398772 ], [ 127.380906332145898, 36.303258996104972 ], [ 127.380697501463317, 36.303852740524832 ], [ 127.38058748944907, 36.304379438918382 ], [ 127.380569802181768, 36.30446313316294 ], [ 127.380558286686664, 36.304563704878952 ], [ 127.380540717854771, 36.304563760580258 ], [ 127.380510565185048, 36.304768026568979 ], [ 127.380336353787399, 36.304645793541894 ], [ 127.380312347943018, 36.304608696112368 ], [ 127.380294118312094, 36.304580312715913 ], [ 127.380235966842108, 36.304967155397208 ], [ 127.380334610172099, 36.30504034224986 ], [ 127.380563152775508, 36.305210282918807 ], [ 127.380631290333412, 36.305269769740036 ], [ 127.380895260097873, 36.305499011519906 ], [ 127.381374597876416, 36.30586894487832 ], [ 127.381452490965287, 36.305930932579642 ], [ 127.381700677208968, 36.306132628608836 ], [ 127.381947467529585, 36.306333202085568 ], [ 127.382340425120987, 36.306647921141774 ], [ 127.382667719838125, 36.306910750709108 ], [ 127.383128269995652, 36.307241878574253 ], [ 127.38321812682257, 36.307331988635433 ], [ 127.383430731781402, 36.307546185760273 ], [ 127.383687687498281, 36.307868093508404 ], [ 127.383762765794501, 36.307959376309284 ], [ 127.38381190559943, 36.308010478454996 ], [ 127.383972500496839, 36.308157532188069 ], [ 127.384410314166615, 36.308641079876644 ], [ 127.384570878594161, 36.308815447543786 ], [ 127.384359038795893, 36.308934405340601 ], [ 127.38447020868314, 36.309005854488518 ], [ 127.384537224210803, 36.309082807835225 ], [ 127.384713547330435, 36.308993819393265 ], [ 127.384789713895358, 36.309095516220872 ], [ 127.38493868070033, 36.309245426469751 ], [ 127.385383282374704, 36.309655151273937 ], [ 127.385614851251233, 36.309869572269221 ], [ 127.385724011836146, 36.309955391910115 ], [ 127.385916997133307, 36.310107691781838 ], [ 127.385966591039363, 36.31014413811797 ], [ 127.386005892397307, 36.310177526350238 ], [ 127.38641084556798, 36.310551337123968 ], [ 127.386777533470536, 36.311036231322639 ], [ 127.38693822375464, 36.311304371567736 ], [ 127.386976643550781, 36.311368735783148 ], [ 127.387119630689227, 36.311752120791944 ], [ 127.387120341977919, 36.311756344952315 ], [ 127.387139467412965, 36.311895676508975 ], [ 127.387176582143411, 36.312117759711242 ], [ 127.387179616335658, 36.312204767361521 ], [ 127.387164759842904, 36.312367026653334 ], [ 127.387144214637772, 36.312470727966904 ], [ 127.387104914240098, 36.312616727362965 ], [ 127.38707535022256, 36.312724963622166 ], [ 127.387052575522503, 36.312798825661346 ], [ 127.386798888820408, 36.313289936420155 ], [ 127.386579548370733, 36.313617606982227 ], [ 127.386244812979726, 36.31383411948805 ], [ 127.385973391384297, 36.314010154029766 ], [ 127.385448103033895, 36.314216579955911 ], [ 127.385031511915471, 36.315304678862191 ], [ 127.38497311531367, 36.31546087752362 ], [ 127.384967455060064, 36.315476107389244 ], [ 127.384462335284582, 36.316607573236617 ], [ 127.384451484860094, 36.316809245602009 ], [ 127.384427307688838, 36.316881696359061 ], [ 127.384349729373184, 36.317171446864435 ], [ 127.384239931396593, 36.317633649909901 ], [ 127.384191583940009, 36.317994274096527 ], [ 127.384170013876499, 36.318420147597962 ], [ 127.384182024197855, 36.318742558049806 ], [ 127.384206458578134, 36.318970873142781 ], [ 127.384351990664172, 36.319305247127673 ], [ 127.384688112529503, 36.319689142270846 ], [ 127.384811412432427, 36.319817164136012 ], [ 127.385032818754127, 36.320047100165091 ], [ 127.385100789839413, 36.320282872369475 ], [ 127.385173891509638, 36.320536092685494 ], [ 127.385235211431521, 36.32083469763468 ], [ 127.385300457745075, 36.321152710470756 ], [ 127.385390485895329, 36.321698478038869 ], [ 127.38543782275714, 36.322161024132562 ], [ 127.3854318335447, 36.322181878590207 ], [ 127.385411967127737, 36.322247835707742 ], [ 127.385364344524987, 36.32232881533384 ], [ 127.385412189567617, 36.322433990644718 ], [ 127.385617491551073, 36.322571039349462 ], [ 127.385727375483683, 36.322589556694169 ], [ 127.386091913184814, 36.32262386364669 ], [ 127.386675961095378, 36.32267662107386 ], [ 127.386882060336347, 36.322692286130909 ], [ 127.387318434324172, 36.322721013601679 ], [ 127.387631004471359, 36.322769848220076 ], [ 127.387976602758698, 36.322878845556041 ], [ 127.388121783136157, 36.323031295992905 ], [ 127.388211121534127, 36.323223343869188 ], [ 127.388293119981071, 36.323442181082569 ], [ 127.388429187084029, 36.323827838993097 ], [ 127.388495825820229, 36.324178791741161 ], [ 127.388380686864039, 36.324647774090629 ], [ 127.388214941495249, 36.325265622805517 ], [ 127.388173649427529, 36.325712395466596 ], [ 127.388177790582091, 36.32609312730218 ], [ 127.38817486190004, 36.326167483475778 ], [ 127.388189158425618, 36.326315571789259 ], [ 127.388400150800166, 36.326577914212614 ], [ 127.388622384707915, 36.326863316772453 ], [ 127.38863061213425, 36.326873995943124 ], [ 127.388611505705413, 36.326881654862277 ], [ 127.388593100801145, 36.326889320306982 ], [ 127.388711354472548, 36.327119294415205 ], [ 127.388783219662216, 36.327260717298913 ], [ 127.388806072030562, 36.327307954778071 ], [ 127.388842504350222, 36.32738950982484 ], [ 127.389026802914373, 36.32781527497901 ], [ 127.389142121636141, 36.328014285303411 ], [ 127.389269183914962, 36.328232127894104 ], [ 127.389464299224301, 36.328450875933427 ], [ 127.389671838998225, 36.328681974404766 ], [ 127.389680594325142, 36.328693490032627 ], [ 127.390014085817313, 36.328989504371584 ], [ 127.390063381949659, 36.329032717959919 ], [ 127.390216513393611, 36.329136981247132 ], [ 127.390360392943705, 36.329235083281169 ], [ 127.390509117453476, 36.329328654712683 ], [ 127.390606028768971, 36.329394800664652 ], [ 127.391779369369132, 36.329762140215735 ], [ 127.391900670601942, 36.329903678573686 ], [ 127.392035442043664, 36.330059537961134 ], [ 127.392276684166632, 36.330348529644702 ], [ 127.392402374152383, 36.330496533044624 ], [ 127.392591020946355, 36.330775279024841 ], [ 127.392660232412723, 36.331078918417248 ], [ 127.392590298470196, 36.331259102094727 ], [ 127.392813952752192, 36.331439730763698 ], [ 127.393402972076345, 36.331915132792233 ], [ 127.393660343204374, 36.332122405552134 ], [ 127.393657551313609, 36.332085241407391 ], [ 127.393677060549166, 36.332020130710525 ], [ 127.393868765300638, 36.332005136916486 ], [ 127.394029365205142, 36.332068529256134 ], [ 127.393917160332478, 36.332180985800228 ], [ 127.39391528114767, 36.332328279305948 ], [ 127.393996368831566, 36.3323936273611 ], [ 127.393992810863182, 36.332379274432455 ], [ 127.394059890779076, 36.332187834160713 ], [ 127.394109948924196, 36.332104600185104 ], [ 127.394251194785625, 36.332197353206261 ], [ 127.394317961459862, 36.332289783232369 ], [ 127.394363429357639, 36.332332718826393 ], [ 127.394477793749644, 36.332441889253509 ], [ 127.394477908551607, 36.33253567357837 ], [ 127.394534981371578, 36.332534071232487 ], [ 127.394531173970961, 36.332607582757028 ], [ 127.39456316038725, 36.332669442420425 ], [ 127.394602055410758, 36.332720843612769 ], [ 127.394792356447894, 36.332876237174077 ], [ 127.394849722568622, 36.332932930403281 ], [ 127.394879474003048, 36.332966626393031 ], [ 127.394982963140251, 36.33309442316294 ], [ 127.395049330910766, 36.333175877656217 ], [ 127.395111499490966, 36.333252831285741 ], [ 127.39516709501784, 36.333338259408166 ], [ 127.396103521969835, 36.334093839536337 ], [ 127.396290497333112, 36.334176022075148 ], [ 127.396456335954127, 36.334069018435287 ], [ 127.396523382916698, 36.334112450059429 ], [ 127.396571002609747, 36.334100180430831 ], [ 127.396617818954809, 36.334100873267289 ], [ 127.39667103059621, 36.334057891737565 ], [ 127.396746307694968, 36.334112280691592 ], [ 127.396787054381392, 36.334150445687825 ], [ 127.39685477991668, 36.334120933633244 ], [ 127.396897872369209, 36.334175987781002 ], [ 127.396954434979307, 36.334143692040911 ], [ 127.397043542061454, 36.334212679068145 ], [ 127.397085122732051, 36.334279282198359 ], [ 127.397168322955906, 36.334349694559648 ], [ 127.397197192836018, 36.33441578089613 ], [ 127.397244236710478, 36.334459268984681 ], [ 127.397520850778022, 36.334752359637591 ], [ 127.397542352425958, 36.334735679659438 ], [ 127.397582878162083, 36.334730192463972 ], [ 127.397601922926683, 36.3347453322002 ], [ 127.397826530151562, 36.334560126515022 ], [ 127.398120000030872, 36.334330480975424 ], [ 127.398128404771271, 36.334340591252875 ], [ 127.398221906829605, 36.334452368961159 ], [ 127.399114881036752, 36.335415906828878 ], [ 127.399353387407686, 36.33573896625284 ], [ 127.399506677404432, 36.335939534444186 ], [ 127.399758640143901, 36.336408709500887 ], [ 127.399950058940789, 36.336884844068408 ], [ 127.399990741834515, 36.336942726205066 ], [ 127.400352081188146, 36.337259462734274 ], [ 127.40045641577052, 36.33734500451525 ], [ 127.400918563752583, 36.337699144185393 ], [ 127.401410519135169, 36.338065852250743 ], [ 127.401789171987929, 36.338359438332994 ], [ 127.401789245488004, 36.338373802680991 ], [ 127.402476294066744, 36.338363046690539 ], [ 127.402501365513515, 36.338362683155928 ], [ 127.402872563286508, 36.338357210672648 ], [ 127.40298828916562, 36.338695039489487 ], [ 127.403151013954314, 36.339168174996317 ], [ 127.403267113963892, 36.339578375216078 ], [ 127.403368654390803, 36.339931742873922 ], [ 127.403486914894827, 36.340421644831189 ], [ 127.403660493070134, 36.341108761354441 ], [ 127.403840207664686, 36.342178294961833 ], [ 127.403803045544279, 36.342296986736329 ], [ 127.40335809160139, 36.343432821006196 ], [ 127.403251438199234, 36.343711424870357 ], [ 127.403195950638022, 36.343886492293066 ], [ 127.403114929912746, 36.344141624236563 ], [ 127.402974674911476, 36.34468870854073 ], [ 127.402906716297181, 36.345047439641164 ], [ 127.402811255779582, 36.345506509260531 ], [ 127.402795293767809, 36.345584847492958 ], [ 127.402748875013529, 36.345969126504109 ], [ 127.402748357271335, 36.345970254703275 ], [ 127.402670397578405, 36.346210452583691 ], [ 127.402678956902463, 36.346285058475139 ], [ 127.402703155041038, 36.346318203429895 ], [ 127.402749423332537, 36.346380003426603 ], [ 127.402851999148268, 36.346493152085969 ], [ 127.402918868149627, 36.346568679768417 ], [ 127.403116059485725, 36.346802041626717 ], [ 127.403205182622585, 36.346902834764748 ], [ 127.403219193953376, 36.346921946845931 ], [ 127.403255741872329, 36.346986591065004 ], [ 127.403440465159335, 36.347334046209802 ], [ 127.403459839849816, 36.347412553862696 ], [ 127.403548347536059, 36.347768217629337 ], [ 127.403579148190985, 36.347800492587069 ], [ 127.403735212436146, 36.348295331082539 ], [ 127.403820111395191, 36.348726479571987 ], [ 127.403830603488458, 36.348871198786775 ], [ 127.403837219062382, 36.34887089709845 ], [ 127.403880768268778, 36.349352028371356 ], [ 127.403900140937367, 36.349631325239827 ], [ 127.404660008903249, 36.349378122288563 ], [ 127.405601003869947, 36.349039547024297 ], [ 127.405914261291571, 36.34892724716628 ], [ 127.405988275733023, 36.348901367494534 ], [ 127.406041121591628, 36.348887950501684 ], [ 127.406517592349971, 36.348765246503461 ], [ 127.407260012237018, 36.348572635598039 ], [ 127.408404355522393, 36.348280929030452 ], [ 127.409572503488263, 36.34775145703594 ], [ 127.409959297694755, 36.347756894350155 ], [ 127.410097661419613, 36.347653634048839 ], [ 127.410759568363659, 36.347114606349571 ], [ 127.410900308967342, 36.346999792956403 ], [ 127.411354181942301, 36.346520329252442 ], [ 127.411653470066099, 36.346105612603225 ], [ 127.411784767008996, 36.345552348683455 ], [ 127.412035249888419, 36.345025720148762 ], [ 127.412119123100865, 36.344888562626224 ], [ 127.412290702947956, 36.34461677480742 ], [ 127.412495312090655, 36.344269130763948 ], [ 127.412583587854414, 36.344109428546922 ], [ 127.412740157311646, 36.343731246094087 ], [ 127.412759745859873, 36.34368357856561 ], [ 127.412801165938589, 36.343548828900261 ], [ 127.412821696303894, 36.343481170589257 ], [ 127.41295560310158, 36.343030404689713 ], [ 127.413169351845809, 36.342835358465194 ], [ 127.413349670927914, 36.342604371513069 ], [ 127.413409143887989, 36.342528414239887 ], [ 127.413613165555219, 36.342238210379669 ], [ 127.413748418630533, 36.342044272008096 ], [ 127.414153082527577, 36.341548647211262 ], [ 127.414503515306507, 36.341200486647672 ], [ 127.4148938576717, 36.340962291989378 ], [ 127.414991838475004, 36.340927032728537 ], [ 127.415163877824227, 36.340745644737041 ], [ 127.415437905389481, 36.340465612942289 ], [ 127.415550083462279, 36.340351731171502 ], [ 127.415729074216046, 36.340200453314232 ], [ 127.415766688510999, 36.340170746725278 ], [ 127.415927072044155, 36.340056418076358 ], [ 127.416034151205636, 36.340000002508923 ], [ 127.41641794296774, 36.339807740429791 ], [ 127.416790190433034, 36.339638045911457 ], [ 127.416915087845751, 36.339591706339398 ], [ 127.41734689614762, 36.339429120642521 ], [ 127.417941375471543, 36.339290181189895 ], [ 127.419199884699481, 36.338999109256129 ], [ 127.419176825516843, 36.339048754149054 ], [ 127.419702501491699, 36.338898502352123 ], [ 127.419807194647163, 36.338850824581357 ], [ 127.420114184844508, 36.33842592076688 ], [ 127.420442133398552, 36.337915611013976 ], [ 127.420760657704321, 36.337499388539108 ], [ 127.421175859680631, 36.337166192719579 ], [ 127.421413734413264, 36.337029893019427 ], [ 127.421692205431228, 36.336870371959179 ], [ 127.422009683630989, 36.336746471020689 ], [ 127.422487698366325, 36.336411634932759 ], [ 127.422528092520665, 36.336383889376279 ], [ 127.423087416879355, 36.336023144564614 ], [ 127.423517891827075, 36.335652425246501 ], [ 127.423720765246401, 36.335448666167792 ], [ 127.423875338056192, 36.335293515308294 ], [ 127.4238827755497, 36.33528475674386 ], [ 127.423975434949099, 36.335138547471978 ], [ 127.424048262090182, 36.335024238494348 ], [ 127.424060458962785, 36.33499547499229 ], [ 127.424079889532095, 36.334951194860487 ], [ 127.424261060406238, 36.334501654641798 ], [ 127.424425300848753, 36.33407301798114 ], [ 127.424667774274681, 36.333471755385439 ], [ 127.424723062946725, 36.333333851809606 ], [ 127.424755693258135, 36.333252910392567 ], [ 127.425477236874983, 36.332871014644475 ], [ 127.4254766626823, 36.332828778744513 ], [ 127.42547650852643, 36.33280032896716 ], [ 127.425502884565148, 36.332788412496164 ], [ 127.42561629014115, 36.332679590333292 ], [ 127.425742225706742, 36.332572967161219 ], [ 127.425907009529737, 36.332439748350694 ], [ 127.42606978678009, 36.33232482990288 ], [ 127.426277335704057, 36.332152031925148 ], [ 127.426501995625969, 36.331990428565724 ], [ 127.42670532564189, 36.331810309085618 ], [ 127.426814204238127, 36.331736143353766 ], [ 127.427243261646012, 36.331398929980189 ], [ 127.42752286439908, 36.331197423369083 ], [ 127.427625631699513, 36.331117925230835 ], [ 127.427727351951305, 36.331038430737635 ], [ 127.427732541376571, 36.331034185796931 ], [ 127.427754575094838, 36.331020589669357 ], [ 127.42790670441758, 36.330931056491124 ], [ 127.428066876192503, 36.330817271070579 ], [ 127.428400357209767, 36.330570790462538 ], [ 127.429087026655154, 36.330057490066046 ], [ 127.429105010668579, 36.330036590568959 ], [ 127.429305419395533, 36.329802975062101 ], [ 127.42934207700128, 36.329758911804049 ], [ 127.429449439613265, 36.329630390110808 ], [ 127.429580092989141, 36.329463773387111 ], [ 127.429586827788825, 36.329455016979473 ], [ 127.430107929944782, 36.328804306895854 ], [ 127.430220777569119, 36.32866112081043 ], [ 127.430524944672399, 36.328275058518656 ], [ 127.430636242898657, 36.328135824614989 ], [ 127.43065164306276, 36.328119151793679 ], [ 127.430888584628917, 36.327822888114817 ], [ 127.431042097239313, 36.327638164230677 ], [ 127.431208245615181, 36.32744043599449 ], [ 127.431815651894922, 36.32672856966807 ], [ 127.432420427207788, 36.326016160758108 ], [ 127.432629817640304, 36.325772936662815 ], [ 127.43266353342419, 36.325733388832042 ], [ 127.432691540063345, 36.325700620366995 ], [ 127.432426495711624, 36.325601320952721 ], [ 127.432768489587829, 36.325202445932213 ], [ 127.432933061086473, 36.32525788644692 ], [ 127.433450724693145, 36.32465618002734 ], [ 127.433519432780116, 36.324586649259714 ], [ 127.433789271049193, 36.324199306035624 ], [ 127.433818891107961, 36.324144281610032 ], [ 127.433825964022731, 36.324132423760673 ], [ 127.434100774551595, 36.323702246859682 ], [ 127.434115418762204, 36.323676005779546 ], [ 127.434360618795992, 36.323238617807021 ], [ 127.434859730998582, 36.322402090318626 ], [ 127.434900852759455, 36.322348997425777 ], [ 127.43505362978361, 36.322161739155646 ], [ 127.435116721912294, 36.322084343123521 ], [ 127.435297370414261, 36.321934994436724 ], [ 127.435657293558592, 36.321636021813397 ], [ 127.435775514414317, 36.321491404978872 ], [ 127.435974952625784, 36.321246805185055 ], [ 127.436092166230551, 36.321109509308826 ], [ 127.436193474153498, 36.320991709263964 ], [ 127.436362178780868, 36.320790017406537 ], [ 127.436453151416771, 36.320660143046602 ], [ 127.437027932448018, 36.319888675186185 ], [ 127.437280979661566, 36.319365641151855 ], [ 127.437593385294903, 36.318788031504091 ], [ 127.43760769708048, 36.318732503117978 ], [ 127.437680009369359, 36.318440205567001 ], [ 127.437752060977516, 36.318378825340154 ], [ 127.438093023787701, 36.318055132257257 ], [ 127.438292002980646, 36.317731110028056 ], [ 127.43839832873644, 36.317422349578898 ], [ 127.438474652952976, 36.317193118856906 ], [ 127.438565808021096, 36.316784158325532 ], [ 127.438698105985679, 36.316141589591069 ], [ 127.438705753169813, 36.316109173007064 ], [ 127.438733573413842, 36.316012204624393 ], [ 127.438818219068182, 36.315716193550429 ], [ 127.439024171373447, 36.315178963185055 ], [ 127.439064631040495, 36.315102215472876 ], [ 127.439101874831834, 36.315041808861835 ], [ 127.439140155769778, 36.314979713144474 ], [ 127.439145493268526, 36.314970402467289 ], [ 127.439153590730882, 36.314954881727253 ], [ 127.43938602003594, 36.314485699940924 ], [ 127.439404393499572, 36.314441989262988 ], [ 127.439587119530742, 36.314013821827849 ], [ 127.439670533415082, 36.313809067071695 ], [ 127.439768350906519, 36.313567644923737 ], [ 127.439851231067792, 36.313361197887566 ], [ 127.440103302691639, 36.312889690202447 ], [ 127.440232297849221, 36.312686453080282 ], [ 127.440465643583167, 36.312351315644094 ], [ 127.440486268567284, 36.312336037024849 ], [ 127.440543366416691, 36.312311892150888 ], [ 127.440706204366037, 36.312246797256222 ], [ 127.441537152490554, 36.31184666683194 ], [ 127.442147638113852, 36.311567587050966 ], [ 127.442506963366199, 36.311422642093447 ], [ 127.443157574630362, 36.311225073486696 ], [ 127.443759283367058, 36.311055852704492 ], [ 127.444297115667538, 36.311066811237836 ], [ 127.444745915165797, 36.311024604673428 ], [ 127.444898032142646, 36.31094124095781 ], [ 127.445123785219451, 36.310929138786804 ], [ 127.445650485824856, 36.310879871583552 ], [ 127.445916657351432, 36.310846214900131 ], [ 127.446187187232155, 36.31081536197707 ], [ 127.446674832904591, 36.310628239099536 ], [ 127.447035529085952, 36.310481860760518 ], [ 127.447109075794813, 36.310445260329843 ], [ 127.447298350748156, 36.310349084517242 ], [ 127.447371905526353, 36.310311915711658 ], [ 127.447495927869895, 36.310248371020407 ], [ 127.447549884832839, 36.31022085567389 ], [ 127.447598281393653, 36.310196460482224 ], [ 127.447914359510321, 36.309913664217511 ], [ 127.447978744383562, 36.309855974031159 ], [ 127.448146754383814, 36.309694261863584 ], [ 127.448178930594153, 36.309662600608092 ], [ 127.448375096023639, 36.309465294846035 ], [ 127.448427339289111, 36.309412723296127 ], [ 127.448499182303749, 36.309321769806147 ], [ 127.448654428525657, 36.309118713624152 ], [ 127.448684136619732, 36.309080014451006 ], [ 127.448748039493864, 36.308967417042524 ], [ 127.448608002533817, 36.308940058617516 ], [ 127.448543282912979, 36.308938894761539 ], [ 127.448621022563742, 36.308751601364662 ], [ 127.448497290543131, 36.308744467562121 ], [ 127.448514823288249, 36.308525299995914 ], [ 127.448529595041876, 36.308156042806885 ], [ 127.448535664082286, 36.308091820904238 ], [ 127.448548169328632, 36.307936033621267 ], [ 127.448627986936472, 36.307594136507895 ], [ 127.448842377888198, 36.30733142618309 ], [ 127.448927952970863, 36.307235645098011 ], [ 127.449064942839044, 36.307096577004167 ], [ 127.449737510166628, 36.306458730356347 ], [ 127.44984293772616, 36.306338082568111 ], [ 127.449966343987654, 36.306195684971073 ], [ 127.450065539805863, 36.306081539740617 ], [ 127.450151731421897, 36.305973354975713 ], [ 127.450319436587719, 36.305760670433763 ], [ 127.450416706292671, 36.305642873322284 ], [ 127.4506166077052, 36.305402744049267 ], [ 127.450648224018835, 36.305365172470175 ], [ 127.450655125985563, 36.305355287759653 ], [ 127.450734897320899, 36.305218973826641 ], [ 127.450841186381808, 36.305037492719002 ], [ 127.451135396801291, 36.304709711324193 ], [ 127.451258557839083, 36.304496345902187 ], [ 127.45135930966137, 36.304320517481948 ], [ 127.451432286720134, 36.304121984753223 ], [ 127.451508692788522, 36.303915833218248 ], [ 127.451569220750812, 36.303794794033799 ], [ 127.451600740681243, 36.303769613692133 ], [ 127.451797117610013, 36.303613142416062 ], [ 127.45199437835717, 36.303459479252091 ], [ 127.452600524217971, 36.302988015987872 ], [ 127.452800048616396, 36.302833504698164 ], [ 127.452823238683251, 36.302813978458367 ], [ 127.453141484554365, 36.302523563496926 ], [ 127.453472348477575, 36.302220699496701 ], [ 127.453886027043367, 36.30204255907595 ], [ 127.45420094923584, 36.30190055871752 ], [ 127.454413495950078, 36.301804292279733 ], [ 127.454837592725625, 36.301616366924812 ] ] ] ] } },
{ "type": "Feature", "properties": { "SIG_CD": "30170", "SIG_ENG_NM": "Seo-gu", "SIG_KOR_NM": "서구" }, "geometry": { "type": "MultiPolygon", "coordinates": [ [ [ [ 127.370137542669241, 36.289177155804474 ], [ 127.370137577195607, 36.289177153137757 ], [ 127.370170938411178, 36.289170011680696 ], [ 127.370318431644122, 36.28913463648076 ], [ 127.370538018413029, 36.288930067077104 ], [ 127.370490508484437, 36.288702945883792 ], [ 127.370610390446302, 36.288453904806119 ], [ 127.370320164210668, 36.288393411498618 ], [ 127.370090950576028, 36.28810348839189 ], [ 127.370059822796946, 36.287955737099615 ], [ 127.370214183887043, 36.287641533701915 ], [ 127.370114496555686, 36.287450900022378 ], [ 127.370142738262047, 36.287389703572813 ], [ 127.370243387856846, 36.287157908058411 ], [ 127.370141942677208, 36.28681577246023 ], [ 127.370044327218153, 36.286547125839711 ], [ 127.369974090954614, 36.286440895395657 ], [ 127.36986362990163, 36.286325767481664 ], [ 127.369789547993875, 36.286253901365612 ], [ 127.369745870420701, 36.286138009325121 ], [ 127.369697678450493, 36.286025510212774 ], [ 127.369478463731966, 36.286158829542877 ], [ 127.369074566444141, 36.285851697508647 ], [ 127.36804118040213, 36.285902460780122 ], [ 127.36804867726714, 36.285944116886881 ], [ 127.368052988150325, 36.28597339213632 ], [ 127.367887760069578, 36.285973898265141 ], [ 127.367799150300314, 36.285917845803233 ], [ 127.367831923344752, 36.285599242396501 ], [ 127.367854975483624, 36.285432444576934 ], [ 127.367532618241469, 36.284895824593796 ], [ 127.367636855626799, 36.284647122223163 ], [ 127.368090826254488, 36.284470001699439 ], [ 127.368116051401785, 36.284358682766339 ], [ 127.368133433857167, 36.284284002869214 ], [ 127.368154850771759, 36.284139180985171 ], [ 127.368207903099801, 36.283768407759624 ], [ 127.368705055696182, 36.283121133228519 ], [ 127.369289067053202, 36.283008385661482 ], [ 127.369337174807782, 36.2826243897455 ], [ 127.369321096326004, 36.281866321464328 ], [ 127.369528052572775, 36.281606875266924 ], [ 127.37016248126713, 36.281124195732595 ], [ 127.370085763999512, 36.28067553687977 ], [ 127.370272754156147, 36.2803868618428 ], [ 127.370626012652394, 36.280286083766633 ], [ 127.370695514609437, 36.280270378238356 ], [ 127.370707498978177, 36.280194299122023 ], [ 127.370875929071559, 36.2795483095951 ], [ 127.37131298527585, 36.279552032520854 ], [ 127.371531000892887, 36.279464051579886 ], [ 127.37153333551386, 36.279001343155819 ], [ 127.371547184634665, 36.278803887294131 ], [ 127.371631576275163, 36.278738579033423 ], [ 127.37157173056147, 36.27796064974671 ], [ 127.371207538317307, 36.27747513913944 ], [ 127.371521018144932, 36.276834890470425 ], [ 127.371305268449561, 36.276221629047733 ], [ 127.372056722004842, 36.275599182413309 ], [ 127.3723154935537, 36.274977124936996 ], [ 127.373054426367247, 36.274579438155691 ], [ 127.372973987482652, 36.274449017040141 ], [ 127.372857592411663, 36.274215639402513 ], [ 127.372656591875028, 36.273267491392119 ], [ 127.37263279199243, 36.273160541461742 ], [ 127.372596072439606, 36.273082089908769 ], [ 127.3724840932597, 36.27293712225174 ], [ 127.372438263661095, 36.272732525468328 ], [ 127.372460159948616, 36.272178519956746 ], [ 127.372058715916324, 36.271864341774013 ], [ 127.371996967832231, 36.271380716027465 ], [ 127.371946042728666, 36.271018148093027 ], [ 127.371765533159078, 36.270243124474355 ], [ 127.371344735461989, 36.270171772473311 ], [ 127.371233184519141, 36.269894157662776 ], [ 127.370638921830434, 36.269765321769476 ], [ 127.370277357870407, 36.269756019345571 ], [ 127.369864804366387, 36.269512556871803 ], [ 127.36947510504217, 36.269509539102813 ], [ 127.368984975907907, 36.269819412394753 ], [ 127.36865750167965, 36.26921606764023 ], [ 127.368051266331861, 36.269311983765235 ], [ 127.367666125307039, 36.269279378223182 ], [ 127.366975177377924, 36.268811750733001 ], [ 127.366674013482182, 36.268737755320885 ], [ 127.366218168663664, 36.268868690770319 ], [ 127.365812701949437, 36.269136343511114 ], [ 127.365582390050506, 36.269157311697157 ], [ 127.365396845353374, 36.269244714878553 ], [ 127.365363954200859, 36.269260206599085 ], [ 127.364714997070891, 36.26922022022508 ], [ 127.364060103215579, 36.269400758089709 ], [ 127.363669431476794, 36.26978944145776 ], [ 127.362885134921669, 36.269170566441318 ], [ 127.363227048979198, 36.268655290833408 ], [ 127.362964639584789, 36.267934301434344 ], [ 127.362703562149719, 36.267653750226806 ], [ 127.362277482816197, 36.267452558148221 ], [ 127.361824821600152, 36.267024167082177 ], [ 127.361853996700518, 36.266752030364991 ], [ 127.361753123750162, 36.266481980331847 ], [ 127.361733212721091, 36.266311941492596 ], [ 127.361950048268397, 36.266122887722844 ], [ 127.361848071741903, 36.265537426512196 ], [ 127.361656412857272, 36.265414370414391 ], [ 127.361457388822245, 36.265315840097294 ], [ 127.361502146626776, 36.265102521452363 ], [ 127.36142779796279, 36.264891255956236 ], [ 127.361159893400625, 36.264746736773738 ], [ 127.361017263179718, 36.264472025628649 ], [ 127.360679272767356, 36.264095950711955 ], [ 127.360371974668851, 36.264045334549948 ], [ 127.359501670657281, 36.26258634170533 ], [ 127.359679949511673, 36.2624838659708 ], [ 127.360199968694687, 36.262212790805506 ], [ 127.360237344078442, 36.261791096252459 ], [ 127.360344076615746, 36.261369473588601 ], [ 127.360467093111794, 36.260931751217164 ], [ 127.36036562607714, 36.260188580131668 ], [ 127.359989669462365, 36.259910061637783 ], [ 127.360170841734529, 36.25933951100167 ], [ 127.360254935626116, 36.258756589821516 ], [ 127.360743398201535, 36.258432959642889 ], [ 127.360857939862257, 36.258046224569078 ], [ 127.360863276853792, 36.25788258987275 ], [ 127.360842898559127, 36.257456283113711 ], [ 127.360799331973013, 36.257282927204237 ], [ 127.360743483594206, 36.257122296609793 ], [ 127.360595649163557, 36.256959121708967 ], [ 127.360564415042518, 36.256820378956235 ], [ 127.360551925188119, 36.256751133419449 ], [ 127.360826219970548, 36.25647262794849 ], [ 127.360819203732134, 36.256269603544474 ], [ 127.360406149694143, 36.255897131837685 ], [ 127.360440813133536, 36.255416300077904 ], [ 127.360360080918085, 36.255173790996579 ], [ 127.359734222696588, 36.254912917271646 ], [ 127.359598586880281, 36.254715063030979 ], [ 127.35970137810628, 36.254610830597152 ], [ 127.359771947812504, 36.254492339778231 ], [ 127.359833371047159, 36.25404748454001 ], [ 127.360022304088744, 36.253809509795779 ], [ 127.360250561542642, 36.253845152650655 ], [ 127.360838386657207, 36.253812972844656 ], [ 127.361554943778998, 36.25338275626364 ], [ 127.361458484690843, 36.253125082515488 ], [ 127.362063577202662, 36.252539463889164 ], [ 127.362645097737285, 36.252348461723827 ], [ 127.363042618239632, 36.252406125676174 ], [ 127.363201987834429, 36.252209627967964 ], [ 127.363288889447418, 36.251976472299006 ], [ 127.363323905384817, 36.251955242483817 ], [ 127.364156549720846, 36.251559579737027 ], [ 127.36363680546269, 36.250895683182172 ], [ 127.363735528268251, 36.250550960461027 ], [ 127.364212085267752, 36.249882640332984 ], [ 127.364185203285331, 36.24877004738736 ], [ 127.364402882883198, 36.248286965225113 ], [ 127.364510698558618, 36.247355047294441 ], [ 127.364242263817161, 36.246746993883974 ], [ 127.364484796601104, 36.246303262826878 ], [ 127.364408229980484, 36.245872341353447 ], [ 127.364487988377562, 36.245338426357065 ], [ 127.364540833687201, 36.245037496108758 ], [ 127.364448083546449, 36.244792492734739 ], [ 127.364857455218271, 36.244188015026495 ], [ 127.365136834590032, 36.243634063056831 ], [ 127.364064504269393, 36.242547162700049 ], [ 127.363815405397119, 36.241568446554531 ], [ 127.363907336222383, 36.241261475888052 ], [ 127.364199933795774, 36.240821828862515 ], [ 127.363794365117755, 36.240511869363736 ], [ 127.363357114686764, 36.240529802143449 ], [ 127.362943949354502, 36.240344901378378 ], [ 127.363058135776328, 36.240000132485925 ], [ 127.363608146936144, 36.238690343666995 ], [ 127.363163803270723, 36.238600721509471 ], [ 127.36308496560568, 36.23850436178386 ], [ 127.363033148390841, 36.238197556154532 ], [ 127.362625309297584, 36.237542328143121 ], [ 127.362858259494857, 36.237060895580754 ], [ 127.362553738079129, 36.236567857013569 ], [ 127.362183320741835, 36.236375219147298 ], [ 127.362193361761214, 36.236139474135776 ], [ 127.362048882286942, 36.235637777978418 ], [ 127.361143069193247, 36.235091906735157 ], [ 127.360922361771074, 36.234603676353437 ], [ 127.360869507700585, 36.234374311703355 ], [ 127.361307914559688, 36.234501980960303 ], [ 127.361938523830403, 36.234201284952363 ], [ 127.362294478045058, 36.233897188552668 ], [ 127.362438272123413, 36.23345629023629 ], [ 127.363402109221298, 36.232303247988547 ], [ 127.363214558989441, 36.232110897986921 ], [ 127.362785567984432, 36.231764399230961 ], [ 127.362493055466658, 36.231270755544202 ], [ 127.362540556167303, 36.231017712436604 ], [ 127.362016454525403, 36.230241459158258 ], [ 127.362095181777306, 36.229559969773426 ], [ 127.361975556509677, 36.229054259368226 ], [ 127.362297441401083, 36.228338818252418 ], [ 127.361624854529808, 36.227656221087258 ], [ 127.3611282190693, 36.22755915183771 ], [ 127.360711085050525, 36.227098266647062 ], [ 127.360111160005843, 36.226680166467304 ], [ 127.360151455377064, 36.226331115507321 ], [ 127.360351839637303, 36.22591456207887 ], [ 127.36035562465689, 36.225486765935315 ], [ 127.361374256506039, 36.224737973082874 ], [ 127.361589347337301, 36.224612853760512 ], [ 127.361752350682053, 36.224497461411822 ], [ 127.362106549680149, 36.224312210287543 ], [ 127.362323341536879, 36.22391390733187 ], [ 127.362380411456797, 36.223889799417208 ], [ 127.36299043093031, 36.223632246006709 ], [ 127.363262496809426, 36.223350649178435 ], [ 127.363546831517894, 36.222902854489661 ], [ 127.364045909808311, 36.221727545364992 ], [ 127.364557472612049, 36.22002472084818 ], [ 127.3645295533709, 36.219814720509397 ], [ 127.364322293999138, 36.219524426985139 ], [ 127.364196900969461, 36.218901292884283 ], [ 127.363753209840496, 36.218779570026165 ], [ 127.363478436871702, 36.218655650392314 ], [ 127.363133689506668, 36.218737799613145 ], [ 127.362846615789707, 36.218625729668155 ], [ 127.362252723110501, 36.218601332991121 ], [ 127.36168612919451, 36.218355212599398 ], [ 127.361428037663131, 36.218385557405576 ], [ 127.361044277398435, 36.218521610283261 ], [ 127.360637865103328, 36.218456647223753 ], [ 127.360393959226485, 36.218205892780468 ], [ 127.360176590253019, 36.21737294429721 ], [ 127.359808557331974, 36.216652816133461 ], [ 127.359657174827944, 36.215769535049198 ], [ 127.359592585171228, 36.214864601143688 ], [ 127.359674127263943, 36.214608923910802 ], [ 127.359430667604059, 36.213918268483816 ], [ 127.358673669038268, 36.213825625418707 ], [ 127.358344424244763, 36.213642143403092 ], [ 127.357261549662169, 36.213184634029197 ], [ 127.35726707167774, 36.212716845281342 ], [ 127.357191606979356, 36.212513175924236 ], [ 127.356674919857966, 36.212336725204629 ], [ 127.356308904210366, 36.212321760479874 ], [ 127.355557872958272, 36.212890320041232 ], [ 127.355185662318618, 36.212848623130604 ], [ 127.354818850476079, 36.212733957088624 ], [ 127.354167096557575, 36.212312600077567 ], [ 127.353904771252402, 36.212248036601096 ], [ 127.35296741550728, 36.211839056829994 ], [ 127.353059223764944, 36.211191903480085 ], [ 127.353063075769256, 36.211120923382175 ], [ 127.353007905879323, 36.210946479696467 ], [ 127.352839403114643, 36.210684223521 ], [ 127.352830701935176, 36.210640874938527 ], [ 127.351898692068076, 36.21006346562914 ], [ 127.351761137457373, 36.209490485727279 ], [ 127.351199225996353, 36.20925979287383 ], [ 127.350272984190909, 36.20868038921224 ], [ 127.349544887335796, 36.208036463140964 ], [ 127.349384683441514, 36.20752465641916 ], [ 127.349104513463615, 36.207152322577365 ], [ 127.348966209307875, 36.206876734576596 ], [ 127.348564198659361, 36.206256638037502 ], [ 127.347822291251262, 36.205506012384184 ], [ 127.347727288023108, 36.20535533770132 ], [ 127.347333174916983, 36.204673545413584 ], [ 127.346866707148536, 36.20412685032683 ], [ 127.346651441987291, 36.203255009414434 ], [ 127.346862642730486, 36.202211838704009 ], [ 127.347404228140405, 36.202062694674517 ], [ 127.347488294770002, 36.201939953110603 ], [ 127.347690220217558, 36.201003256163517 ], [ 127.3475347157502, 36.200565212415746 ], [ 127.347410121365087, 36.200126808832799 ], [ 127.347423314714618, 36.200004262728818 ], [ 127.347659682244526, 36.199630710767558 ], [ 127.347683135822578, 36.198487543741273 ], [ 127.34789177721558, 36.198287829956818 ], [ 127.347586318244922, 36.197566633470913 ], [ 127.347127140476118, 36.197366318459324 ], [ 127.345731056181663, 36.196888202965802 ], [ 127.345359933731658, 36.196799709497235 ], [ 127.34505581252975, 36.196774952410941 ], [ 127.344021655428591, 36.196664150254215 ], [ 127.344049513556328, 36.195881996380038 ], [ 127.343859378235905, 36.195504039478195 ], [ 127.343859587742898, 36.194635234621288 ], [ 127.342902259427731, 36.194126541991629 ], [ 127.342147676597961, 36.193416180717122 ], [ 127.342195491408589, 36.193107385873809 ], [ 127.341741066693359, 36.192508546981287 ], [ 127.341702249699495, 36.192050174536483 ], [ 127.341571610487804, 36.191365070940492 ], [ 127.341546070657046, 36.191122668181372 ], [ 127.341350369354132, 36.190416066193812 ], [ 127.341349037894872, 36.190107978425416 ], [ 127.341168848561693, 36.1894934251739 ], [ 127.3409253496704, 36.189142082418265 ], [ 127.340731706529979, 36.188910014702429 ], [ 127.340383161960645, 36.188891284239091 ], [ 127.339465611427968, 36.189046522407963 ], [ 127.33916732090907, 36.189243373999133 ], [ 127.338145938313062, 36.18908684739678 ], [ 127.338156266560048, 36.188414302297609 ], [ 127.3379302803218, 36.187565840618419 ], [ 127.338046997715622, 36.187276851129809 ], [ 127.338045483174369, 36.186922857347639 ], [ 127.337946383100274, 36.186334827106016 ], [ 127.337581659270413, 36.185614895915407 ], [ 127.337078722306458, 36.18519077105978 ], [ 127.336875336317476, 36.185236959776617 ], [ 127.336341056819691, 36.184834052885279 ], [ 127.33602768111615, 36.184255343866646 ], [ 127.335511684478504, 36.18337220768327 ], [ 127.334905590665741, 36.183273918224025 ], [ 127.334298652263342, 36.183140986601352 ], [ 127.334031503661222, 36.183100057525095 ], [ 127.333713092392841, 36.183258083405867 ], [ 127.333419900187792, 36.18334168944979 ], [ 127.33315838398785, 36.183400153345048 ], [ 127.332683835891089, 36.183520875730537 ], [ 127.332061908930882, 36.183831254381026 ], [ 127.331697567352009, 36.184055584473334 ], [ 127.33184092691792, 36.184441576625012 ], [ 127.331871731749445, 36.184497248277424 ], [ 127.331902358663399, 36.184552929586602 ], [ 127.331934108941454, 36.184666897381717 ], [ 127.331852780910666, 36.185567758045345 ], [ 127.331928092921672, 36.185923802048549 ], [ 127.331952464425896, 36.186350676069665 ], [ 127.331953685014824, 36.187964378903786 ], [ 127.331527247131334, 36.188753253917191 ], [ 127.331508900077253, 36.189804601990815 ], [ 127.331062244531552, 36.190165741684972 ], [ 127.331090883077351, 36.190574301079735 ], [ 127.331626773328267, 36.191193801130595 ], [ 127.331555421223442, 36.191742600064551 ], [ 127.331702529624749, 36.192687330616202 ], [ 127.331634317298125, 36.192991103982827 ], [ 127.330859775921965, 36.193461578710249 ], [ 127.33024655390011, 36.193672512469028 ], [ 127.329991875101712, 36.193878233222627 ], [ 127.329814387579901, 36.19418202650499 ], [ 127.330743451651387, 36.194723849817024 ], [ 127.330707970463251, 36.195086956553901 ], [ 127.330892149655355, 36.195717285295721 ], [ 127.331598999376283, 36.195998376426324 ], [ 127.332099831840949, 36.196200600428398 ], [ 127.332152832626619, 36.196990971636374 ], [ 127.332106195644698, 36.197383679033884 ], [ 127.33201933823905, 36.19796575564866 ], [ 127.331875899987438, 36.198268330579751 ], [ 127.331769455968683, 36.198611366466167 ], [ 127.331754132416776, 36.198687721955167 ], [ 127.331768613974774, 36.198741753871147 ], [ 127.331817162673318, 36.198803576645354 ], [ 127.332567156005666, 36.199254642257856 ], [ 127.333433608381753, 36.199719447744947 ], [ 127.333568512995072, 36.199824684664186 ], [ 127.333561833152046, 36.199888345049779 ], [ 127.333455176909382, 36.200137884288402 ], [ 127.333550373649132, 36.200671296877125 ], [ 127.332595958279555, 36.201019485938836 ], [ 127.33200125018341, 36.201513405335398 ], [ 127.331370200424402, 36.201340261514055 ], [ 127.330943878579305, 36.201387341860602 ], [ 127.33040450693089, 36.201532448614984 ], [ 127.330114462094201, 36.201763617502856 ], [ 127.32980677405871, 36.201846695031698 ], [ 127.329760504291684, 36.202333466505081 ], [ 127.329438415229035, 36.202963489512733 ], [ 127.329018915172043, 36.203273017651206 ], [ 127.328141224641882, 36.204080857014304 ], [ 127.328050009503997, 36.204080538269537 ], [ 127.327040015340927, 36.20382082620015 ], [ 127.326038249897806, 36.203662170405018 ], [ 127.325871604069036, 36.203697542925681 ], [ 127.325785140640917, 36.203627934910244 ], [ 127.325413416329638, 36.20351995116831 ], [ 127.324904355386707, 36.203351795843155 ], [ 127.324629924165563, 36.203370001535603 ], [ 127.324490012490386, 36.2033574208861 ], [ 127.323945555804215, 36.20315837321138 ], [ 127.323645290642347, 36.203446715816241 ], [ 127.323301375863082, 36.20359577978212 ], [ 127.323035055074726, 36.203729141550276 ], [ 127.322808504506455, 36.204199497070299 ], [ 127.322993866976589, 36.204789280403851 ], [ 127.323091441897105, 36.20498502745712 ], [ 127.323179080048092, 36.20534216879809 ], [ 127.323089376418281, 36.205795817097268 ], [ 127.322827244168209, 36.20644454185107 ], [ 127.322408720049793, 36.206750943081531 ], [ 127.322060497685385, 36.207170084087011 ], [ 127.321913154123749, 36.208022952019242 ], [ 127.321436037101975, 36.208534240390826 ], [ 127.320866496655199, 36.208925805976783 ], [ 127.321052998655347, 36.209796932002796 ], [ 127.320926749138025, 36.21045345337609 ], [ 127.321132207683931, 36.210688052969161 ], [ 127.321069534117001, 36.211128677416333 ], [ 127.32060815519884, 36.211630078721292 ], [ 127.320631033571999, 36.212000623527025 ], [ 127.32072893165693, 36.212231301702374 ], [ 127.321550088425923, 36.212948088617168 ], [ 127.321530508918016, 36.213429710302599 ], [ 127.320961665304736, 36.214171054069311 ], [ 127.320149689246506, 36.214521582594209 ], [ 127.320014564290517, 36.214621920962699 ], [ 127.319790392522947, 36.215092830609088 ], [ 127.319597099109899, 36.215417764665567 ], [ 127.318760758732978, 36.215591778197279 ], [ 127.31857224238567, 36.215597063658045 ], [ 127.318075210303277, 36.215929567105185 ], [ 127.317742623341289, 36.216751377215772 ], [ 127.317631580584646, 36.217009356803118 ], [ 127.316980223177296, 36.217815109206278 ], [ 127.316798157726993, 36.218001738569257 ], [ 127.316834952309847, 36.218335640760912 ], [ 127.316844875575825, 36.218341815486333 ], [ 127.316587773416643, 36.21883955322857 ], [ 127.316465199617298, 36.219127697839752 ], [ 127.316394443296488, 36.21950778987997 ], [ 127.31602412842436, 36.219944993953774 ], [ 127.315937664067036, 36.220224869871323 ], [ 127.315861069199059, 36.220408688767399 ], [ 127.315640781870826, 36.220815370380677 ], [ 127.315261220953772, 36.221288085141651 ], [ 127.315153377074338, 36.221392563298629 ], [ 127.314983686737634, 36.221461724009153 ], [ 127.314731217701123, 36.221556451410684 ], [ 127.314335323275714, 36.221943024909081 ], [ 127.314305074917911, 36.222114329529973 ], [ 127.31446090043778, 36.222405962368988 ], [ 127.313744003286729, 36.222353196250147 ], [ 127.313370396520369, 36.222402897330745 ], [ 127.313212233359891, 36.222659022407484 ], [ 127.312809166683266, 36.222909024836873 ], [ 127.312368999865313, 36.222871022026155 ], [ 127.311459308550553, 36.223063758493666 ], [ 127.311345651076223, 36.223283717403142 ], [ 127.310424586782617, 36.223991559057886 ], [ 127.309600841970706, 36.224569597063073 ], [ 127.309183319615798, 36.224723883093546 ], [ 127.308743177166519, 36.224739658133437 ], [ 127.308225793795074, 36.225004574468123 ], [ 127.308105338877979, 36.225087685167438 ], [ 127.307775066638172, 36.225381416941488 ], [ 127.307473879393569, 36.225470053846379 ], [ 127.307084256715186, 36.226276487861689 ], [ 127.306704093416926, 36.225986823851628 ], [ 127.306389504890632, 36.22615997838988 ], [ 127.306048170774019, 36.226784922181324 ], [ 127.305711561496167, 36.227149074291141 ], [ 127.305723750958663, 36.227335472153207 ], [ 127.304977110698346, 36.228366698011399 ], [ 127.304835066949892, 36.228711475171416 ], [ 127.303902288976218, 36.229025872350853 ], [ 127.303719751675615, 36.229240655007231 ], [ 127.304254310994892, 36.229634420963507 ], [ 127.303959705081368, 36.229675430786756 ], [ 127.303566286857176, 36.229735290232433 ], [ 127.303342533192165, 36.229084177923113 ], [ 127.303314971312062, 36.228922312704697 ], [ 127.303281107724203, 36.228567843869506 ], [ 127.303186348689295, 36.228103960911263 ], [ 127.303010399239596, 36.227679159840093 ], [ 127.302936124051627, 36.227526424569135 ], [ 127.302795518333113, 36.227160670347502 ], [ 127.302931857065047, 36.226504432159196 ], [ 127.303108997990009, 36.225974537336661 ], [ 127.303143948493599, 36.225479920589727 ], [ 127.303335301024461, 36.225031376151257 ], [ 127.303483844090238, 36.224655601503486 ], [ 127.30357787200397, 36.22443259928805 ], [ 127.303685159201578, 36.223816706856105 ], [ 127.303697576921891, 36.223248647175915 ], [ 127.303243723800961, 36.222635008812794 ], [ 127.303210556442508, 36.222597071511608 ], [ 127.30302513643305, 36.222373367448071 ], [ 127.302847839674868, 36.222182311893611 ], [ 127.302551766501551, 36.221876652509231 ], [ 127.301905414740915, 36.221634108005652 ], [ 127.301592169134651, 36.221519153787625 ], [ 127.301094547989436, 36.22135874580276 ], [ 127.30050538410002, 36.221394013831933 ], [ 127.299858565720825, 36.221391969334597 ], [ 127.299232100719678, 36.221351570310389 ], [ 127.298858713692283, 36.221278141915917 ], [ 127.298257233347698, 36.22131822387211 ], [ 127.297323253114186, 36.221524710004935 ], [ 127.29708737056454, 36.221741578969109 ], [ 127.296875411363231, 36.22189079885829 ], [ 127.296752170566691, 36.222024875321374 ], [ 127.296171489605911, 36.22219162080151 ], [ 127.295925775107449, 36.22219616387121 ], [ 127.295752936250608, 36.222261078010362 ], [ 127.295537678439345, 36.222462969381354 ], [ 127.29538595477014, 36.222550369790561 ], [ 127.295287368124818, 36.2225860925981 ], [ 127.295229224980801, 36.222605097215222 ], [ 127.294903768403941, 36.222753753697631 ], [ 127.294827093150502, 36.222792810021282 ], [ 127.294823807079553, 36.222797603312777 ], [ 127.294646776916224, 36.222952924439539 ], [ 127.294591456560994, 36.222983195821456 ], [ 127.294375602534885, 36.223026530652106 ], [ 127.294295335522776, 36.223032918961366 ], [ 127.294094274104353, 36.223034536997112 ], [ 127.293948950466614, 36.223070381448423 ], [ 127.293820347927863, 36.223116322378388 ], [ 127.29370186730965, 36.223126462051276 ], [ 127.293679112634905, 36.223129617645903 ], [ 127.293567699553435, 36.223123400865141 ], [ 127.293569117888183, 36.223178604504646 ], [ 127.293559141283538, 36.223534878115309 ], [ 127.293569474056753, 36.223744100471741 ], [ 127.2935315707401, 36.22383150055331 ], [ 127.293504163461208, 36.223938583529197 ], [ 127.293493995041274, 36.223961976475529 ], [ 127.293330102661372, 36.224146272712254 ], [ 127.293328298565484, 36.224172475004586 ], [ 127.293428759585225, 36.22427248763389 ], [ 127.29343218622688, 36.224305426406282 ], [ 127.293439961656162, 36.224338634188648 ], [ 127.293421790080004, 36.224453021342121 ], [ 127.293392769201901, 36.224548275810378 ], [ 127.293380652539824, 36.224606882704691 ], [ 127.293338012684757, 36.224685570886557 ], [ 127.293274841005612, 36.224755558511454 ], [ 127.293233695317042, 36.224814515170209 ], [ 127.293206267038912, 36.224868373968292 ], [ 127.293188551236597, 36.224916856577408 ], [ 127.293199404548105, 36.224937394802296 ], [ 127.293095367697887, 36.225048882686458 ], [ 127.29306566426969, 36.225193992629478 ], [ 127.293055691545348, 36.225267238118725 ], [ 127.293053585944108, 36.225404107242028 ], [ 127.293045164807978, 36.225430604527467 ], [ 127.292986702632533, 36.225505095333048 ], [ 127.292965999515957, 36.225542878484404 ], [ 127.292904274228235, 36.225586123870229 ], [ 127.292874881129151, 36.22562336986028 ], [ 127.292843778606041, 36.225673290492352 ], [ 127.292825320465084, 36.225710788133668 ], [ 127.292789725428861, 36.225811979413557 ], [ 127.292745029668524, 36.225900522256055 ], [ 127.292627821277307, 36.226021052747974 ], [ 127.292596318281525, 36.226053239078766 ], [ 127.292520713737758, 36.226100168119999 ], [ 127.292382641578996, 36.226218505421357 ], [ 127.29233977245211, 36.22623297435149 ], [ 127.292231151498129, 36.226233796916624 ], [ 127.292168967937414, 36.226240707656586 ], [ 127.292130090469783, 36.22625460830271 ], [ 127.292106489989635, 36.22626705621802 ], [ 127.292083802488619, 36.22628597346224 ], [ 127.292048419880757, 36.226351684292119 ], [ 127.292022583304188, 36.22646326927493 ], [ 127.292006194828829, 36.226495121280117 ], [ 127.29192539727957, 36.226548829538878 ], [ 127.291892030294576, 36.226549199342784 ], [ 127.291797556056906, 36.226519572020187 ], [ 127.291666653936389, 36.226507777474666 ], [ 127.291666456130841, 36.226550593646763 ], [ 127.29161025286173, 36.226625916249482 ], [ 127.291610367045195, 36.226656898291779 ], [ 127.29163161759638, 36.226715704140233 ], [ 127.29163008887285, 36.226771464266513 ], [ 127.291639896341536, 36.226794817241291 ], [ 127.29173265092426, 36.226825565908975 ], [ 127.291815201971659, 36.226872966328322 ], [ 127.29188133485323, 36.226896183549584 ], [ 127.292088949121847, 36.226928338434348 ], [ 127.292119416421357, 36.226940944051236 ], [ 127.292131738920276, 36.226937534300973 ], [ 127.292188661891288, 36.226960764090073 ], [ 127.292297826182576, 36.227061323860234 ], [ 127.292318982027126, 36.227094499191629 ], [ 127.292312686538708, 36.227133662432607 ], [ 127.292321512504387, 36.22716800355569 ], [ 127.292394283955517, 36.227247798181949 ], [ 127.292447792389254, 36.227291889206924 ], [ 127.292496536727299, 36.22731402089677 ], [ 127.292523547928937, 36.227333384720374 ], [ 127.292569939500055, 36.227374952440599 ], [ 127.292630404586646, 36.227420423181997 ], [ 127.292649881512645, 36.227423476469994 ], [ 127.292762791800257, 36.227409125105012 ], [ 127.292793578927458, 36.227414961352615 ], [ 127.292858101184663, 36.22756434834406 ], [ 127.292893638748595, 36.22763635685417 ], [ 127.292933227360948, 36.227768906225464 ], [ 127.292968022879023, 36.22782373073732 ], [ 127.293016933745065, 36.227890633579378 ], [ 127.293036276535403, 36.227950578111447 ], [ 127.293044404104052, 36.22798575910867 ], [ 127.29309916679712, 36.22808589159564 ], [ 127.293124503666263, 36.228169469916566 ], [ 127.293137801668792, 36.228380649169132 ], [ 127.29312786668919, 36.228418973976119 ], [ 127.293103441738637, 36.228440436167062 ], [ 127.292994277173989, 36.228484356263642 ], [ 127.292945027988154, 36.228512070707914 ], [ 127.292900661764619, 36.228545972879807 ], [ 127.292885654158582, 36.22857529854776 ], [ 127.292880698878733, 36.228600939964529 ], [ 127.292889683685388, 36.228633027434924 ], [ 127.292948453018212, 36.228730879726932 ], [ 127.292975351085602, 36.228815310052873 ], [ 127.292990697756181, 36.228877508712692 ], [ 127.292987592467952, 36.228931020324943 ], [ 127.292971541770456, 36.228960915768241 ], [ 127.292847865296451, 36.229072170789912 ], [ 127.292791001172716, 36.229110330794214 ], [ 127.292565075828406, 36.229301256708197 ], [ 127.292480185758137, 36.229559707795744 ], [ 127.292479532206997, 36.229572389684897 ], [ 127.292299434424208, 36.229796998648162 ], [ 127.291936668100718, 36.229972764288156 ], [ 127.291812215909601, 36.229968272042612 ], [ 127.291700324719287, 36.230024587911039 ], [ 127.291572763219747, 36.230120928523199 ], [ 127.291436397102075, 36.230188577889145 ], [ 127.291364775633724, 36.230182830077744 ], [ 127.291279724055698, 36.230212046050823 ], [ 127.291187070718067, 36.23030041563711 ], [ 127.291034053784188, 36.230377107593412 ], [ 127.290793056080787, 36.230582432033223 ], [ 127.290597696678176, 36.230675834858303 ], [ 127.290461990723884, 36.230732765721342 ], [ 127.290341224984871, 36.230738689563019 ], [ 127.290246550716475, 36.230798343132207 ], [ 127.290068119786568, 36.230819050410894 ], [ 127.290007481139014, 36.230869041583638 ], [ 127.289822706890803, 36.231052544870572 ], [ 127.289661801019932, 36.231250906214228 ], [ 127.289592904384804, 36.231372453119704 ], [ 127.289483968312197, 36.231432139423937 ], [ 127.289256488745721, 36.231488164311692 ], [ 127.289041662575613, 36.231816487869956 ], [ 127.288955522199146, 36.231883157902715 ], [ 127.288930499874311, 36.232170192655119 ], [ 127.288895010882484, 36.232351363065632 ], [ 127.28882602479645, 36.232449253540473 ], [ 127.288749832259541, 36.232623474524019 ], [ 127.288572237447212, 36.23272528369391 ], [ 127.288333976775874, 36.232830618706188 ], [ 127.288197343275101, 36.232823907523922 ], [ 127.288141094809021, 36.232888810900732 ], [ 127.288130956813731, 36.23320763992615 ], [ 127.288045241707707, 36.233391741586573 ], [ 127.287911430871503, 36.23358581775755 ], [ 127.287756565892181, 36.233872316541301 ], [ 127.287672086128026, 36.233965449110855 ], [ 127.287526013640772, 36.23404014658049 ], [ 127.287420386741346, 36.234148252881667 ], [ 127.287270707103175, 36.234619490774413 ], [ 127.287212624720794, 36.234657929889316 ], [ 127.286902064160984, 36.23457108414236 ], [ 127.286281973866195, 36.234588900434474 ], [ 127.286191192486626, 36.234432535325006 ], [ 127.286099020760062, 36.234417263069325 ], [ 127.285979971529031, 36.23446907633155 ], [ 127.285844796593054, 36.234481798017626 ], [ 127.285780633681014, 36.234521647225485 ], [ 127.285388528091644, 36.234813779729471 ], [ 127.285336323246824, 36.234844319238924 ], [ 127.284976019916201, 36.23494289796804 ], [ 127.284728727658589, 36.234906876884637 ], [ 127.284625336758523, 36.234914718769261 ], [ 127.284460676770919, 36.234993682794119 ], [ 127.284190715585495, 36.234982777259461 ], [ 127.284086709619856, 36.235014564554191 ], [ 127.283997789477482, 36.235034203734159 ], [ 127.283782448742841, 36.235135249242227 ], [ 127.283587042799837, 36.235171757087684 ], [ 127.283331186918616, 36.235266426157033 ], [ 127.283154513310279, 36.235293589512786 ], [ 127.283013355003746, 36.235381508047524 ], [ 127.282951540686469, 36.235400803758431 ], [ 127.282894090748158, 36.235662851742426 ], [ 127.282927120611845, 36.235763031082037 ], [ 127.282793053849616, 36.235794041095971 ], [ 127.282668946890809, 36.235745605594921 ], [ 127.282151739581565, 36.23566572162219 ], [ 127.281934741763095, 36.235693266339915 ], [ 127.281839544382336, 36.235803038444708 ], [ 127.281817476976443, 36.23585660233492 ], [ 127.281816026584863, 36.235936297650341 ], [ 127.281862369906634, 36.235958286790989 ], [ 127.281969586770472, 36.236009168702793 ], [ 127.281996362653871, 36.23596235251344 ], [ 127.28238525508543, 36.236272070782782 ], [ 127.282704383149365, 36.236517453615875 ], [ 127.28293147909767, 36.236590987968469 ], [ 127.283030596927048, 36.236700303458683 ], [ 127.28324714436684, 36.236887349308923 ], [ 127.283090329420233, 36.237024591126051 ], [ 127.282938221725615, 36.237454418792431 ], [ 127.283063230442195, 36.237610994819498 ], [ 127.283173628013643, 36.237812645916819 ], [ 127.28298089714059, 36.238109932865449 ], [ 127.283082229753347, 36.238835718879038 ], [ 127.282767992183295, 36.238943185781501 ], [ 127.282338510222274, 36.239580947200288 ], [ 127.282105386782035, 36.239815235869315 ], [ 127.282091095102274, 36.2399501681004 ], [ 127.282052076864659, 36.240801881859305 ], [ 127.281806912834341, 36.24141639087518 ], [ 127.282440283319815, 36.241939000312207 ], [ 127.281592986946194, 36.242599710153236 ], [ 127.280725784521863, 36.243144414464496 ], [ 127.280766165929606, 36.243500289075875 ], [ 127.280659446724556, 36.243701620019955 ], [ 127.280300359225834, 36.244349618825069 ], [ 127.280535519514373, 36.244536066377123 ], [ 127.281128603707089, 36.245259569741314 ], [ 127.281172846828667, 36.245333814456089 ], [ 127.28112678454869, 36.245335895152422 ], [ 127.281250427893838, 36.245447128753064 ], [ 127.281291120830019, 36.245483666805562 ], [ 127.281335910420964, 36.245523880785441 ], [ 127.281388379243751, 36.245570998513536 ], [ 127.281389953505382, 36.245572409629197 ], [ 127.281411404852292, 36.245641633969946 ], [ 127.281415277066174, 36.245654295236115 ], [ 127.281375696439511, 36.245767603953155 ], [ 127.281129034110336, 36.245914344048877 ], [ 127.281107535394668, 36.246228404152781 ], [ 127.281107885751595, 36.246423555907178 ], [ 127.280916115543064, 36.246708445424694 ], [ 127.280846086963749, 36.246713393829928 ], [ 127.280721990173561, 36.246722137135123 ], [ 127.280475908712148, 36.24673932884793 ], [ 127.280227350109286, 36.246798196786514 ], [ 127.280009163895286, 36.24698570204685 ], [ 127.279908088126362, 36.247164768069688 ], [ 127.280007215390214, 36.247421096968594 ], [ 127.280036799326652, 36.247477910539438 ], [ 127.280257682795067, 36.247902089481094 ], [ 127.280258565943214, 36.24790348400694 ], [ 127.280470346278989, 36.248207429582308 ], [ 127.280505724270498, 36.248234941679549 ], [ 127.280641591096156, 36.24830981914252 ], [ 127.280972623323038, 36.248514634107323 ], [ 127.281119787907912, 36.248687201124923 ], [ 127.281152266402799, 36.248825123961282 ], [ 127.281099878502445, 36.248954214887981 ], [ 127.280564392511252, 36.249183871400078 ], [ 127.280387282636028, 36.249294391438198 ], [ 127.280278214778832, 36.249670332115976 ], [ 127.280282306099224, 36.24974467055236 ], [ 127.280284071574997, 36.2497497405191 ], [ 127.280308044473074, 36.250087052323721 ], [ 127.2803082212926, 36.250089872694168 ], [ 127.280311558304263, 36.25019294298037 ], [ 127.280279990005837, 36.250263985235513 ], [ 127.280258765998937, 36.250309102750258 ], [ 127.280201492747281, 36.250435393019998 ], [ 127.280198743806437, 36.25044159960413 ], [ 127.28019735266551, 36.250444693849829 ], [ 127.280169408875167, 36.250502498128839 ], [ 127.280124539106012, 36.250549914999127 ], [ 127.279916180134904, 36.250769496293891 ], [ 127.279913676896598, 36.251045490761115 ], [ 127.2799108936333, 36.251336688406688 ], [ 127.279892214917538, 36.25141248574058 ], [ 127.279864970339673, 36.251523232850232 ], [ 127.279799541055297, 36.251800499984938 ], [ 127.279665587889269, 36.252119885686149 ], [ 127.279643178991961, 36.252173170708474 ], [ 127.27961077477346, 36.25225040574815 ], [ 127.279596463954334, 36.252284233240694 ], [ 127.279578877558279, 36.252326242515686 ], [ 127.279474983135074, 36.252393225919199 ], [ 127.279423463136396, 36.252426572328879 ], [ 127.279328760415325, 36.252487622446893 ], [ 127.279318348326029, 36.252494405292552 ], [ 127.279292157398288, 36.252510525016795 ], [ 127.279275326561319, 36.252520693872249 ], [ 127.279267876108364, 36.252525216623859 ], [ 127.279166315365998, 36.252569385909403 ], [ 127.279107147417392, 36.252595153079682 ], [ 127.279092843410496, 36.252634333914528 ], [ 127.279040498355513, 36.252777230233157 ], [ 127.279145102476178, 36.253108740865322 ], [ 127.279653132995378, 36.253314554397072 ], [ 127.280206668775406, 36.253553485363611 ], [ 127.280526922484285, 36.253756353067928 ], [ 127.280584598863882, 36.253792824413011 ], [ 127.280587030371805, 36.253794233514199 ], [ 127.280629895941246, 36.253821169765523 ], [ 127.280815632078131, 36.25393676367635 ], [ 127.281184235606986, 36.254286797300452 ], [ 127.281189653236993, 36.254292705202403 ], [ 127.281255100184282, 36.254364359009628 ], [ 127.28126138813596, 36.254371111457608 ], [ 127.281331535625171, 36.254444448950679 ], [ 127.281425249806318, 36.254542512328861 ], [ 127.281581228077215, 36.254699575591964 ], [ 127.281861711609423, 36.255005033043098 ], [ 127.282129116606527, 36.255448808338038 ], [ 127.2823886386564, 36.255775149204752 ], [ 127.282399977327827, 36.255787802455089 ], [ 127.282432926877263, 36.255909943157469 ], [ 127.282525310440775, 36.256458890596988 ], [ 127.282530852302628, 36.25645267825881 ], [ 127.282742272602846, 36.256213087480219 ], [ 127.282816336933422, 36.256359923600328 ], [ 127.282533016958681, 36.256718531453039 ], [ 127.282528689629132, 36.256721912450132 ], [ 127.282286135156397, 36.256962142681729 ], [ 127.282188677552028, 36.257271316550451 ], [ 127.282201816090762, 36.257740181327186 ], [ 127.282253245654772, 36.257973521202622 ], [ 127.282369575519155, 36.258170950500663 ], [ 127.282370616085402, 36.258172632890641 ], [ 127.282426065672652, 36.258266559363534 ], [ 127.282453836026278, 36.25830000983234 ], [ 127.282535895939674, 36.258398397142436 ], [ 127.28259788548722, 36.258472870195781 ], [ 127.282973584391144, 36.258807398146317 ], [ 127.283156317277033, 36.258950031083138 ], [ 127.283338168196934, 36.259091819183602 ], [ 127.283737489185526, 36.259272800216081 ], [ 127.283763811053674, 36.259293023846816 ], [ 127.283766422688444, 36.259294991267915 ], [ 127.28446414755048, 36.259827285614563 ], [ 127.284490479495304, 36.25984722060732 ], [ 127.28455045527032, 36.259892984626276 ], [ 127.284773688322957, 36.259983981182287 ], [ 127.28479541618303, 36.259936617197432 ], [ 127.284809382885385, 36.259906169303321 ], [ 127.28490512985978, 36.259698390034522 ], [ 127.285102873637683, 36.259858161228493 ], [ 127.285252496998666, 36.259979186785962 ], [ 127.285465422411633, 36.260108785694747 ], [ 127.285959258896085, 36.260317137717209 ], [ 127.286433686224811, 36.26044133667061 ], [ 127.286455090514849, 36.260495068580859 ], [ 127.286489646404263, 36.260579192733687 ], [ 127.286648530912615, 36.26081031025997 ], [ 127.287099272068801, 36.2611178819486 ], [ 127.287233794048888, 36.261197540218234 ], [ 127.287454777138137, 36.261291915745261 ], [ 127.287582985702272, 36.261309074307398 ], [ 127.287892418804375, 36.261439014499757 ], [ 127.288176066303564, 36.261506753470464 ], [ 127.288790116789372, 36.261771985623582 ], [ 127.289244393857615, 36.261950841649572 ], [ 127.289765529767749, 36.262196565723023 ], [ 127.290123365937731, 36.262390313429172 ], [ 127.290674496920616, 36.262753673464154 ], [ 127.290691107678313, 36.262780110842044 ], [ 127.290819241088343, 36.262969049218349 ], [ 127.291334133119804, 36.263169163321315 ], [ 127.291874035893343, 36.263550848153344 ], [ 127.29191568510403, 36.264235368073301 ], [ 127.291935217553444, 36.264241880804036 ], [ 127.292144174444616, 36.26429225003681 ], [ 127.292261705303787, 36.264320581204544 ], [ 127.292287715642189, 36.264327583027139 ], [ 127.292359870784765, 36.264294766680337 ], [ 127.29251156891867, 36.264228953830639 ], [ 127.292842914122119, 36.264182988965068 ], [ 127.292881222201018, 36.264178407400145 ], [ 127.29330130679007, 36.264163388300311 ], [ 127.293370932231994, 36.264479660183817 ], [ 127.293502960665862, 36.265040027842275 ], [ 127.294003001421828, 36.26570762851437 ], [ 127.29573619320837, 36.267474923789102 ], [ 127.296757736578172, 36.267268153398376 ], [ 127.296940552766699, 36.267506578904275 ], [ 127.297317129007666, 36.268013771235189 ], [ 127.297760738984422, 36.268391251203489 ], [ 127.297883158399841, 36.268628183972872 ], [ 127.298877123001674, 36.269375366304786 ], [ 127.299411120968514, 36.269572955353723 ], [ 127.30042514010195, 36.270041681048703 ], [ 127.300444810030427, 36.270048823699895 ], [ 127.300754842766764, 36.270326901467847 ], [ 127.301211422126499, 36.270351450471992 ], [ 127.301464664692702, 36.270503854989158 ], [ 127.302001200036955, 36.270543727503636 ], [ 127.302529674160496, 36.270602931375599 ], [ 127.302867273786305, 36.270693389157408 ], [ 127.302946585624042, 36.270712564176513 ], [ 127.303992350368375, 36.271132965991143 ], [ 127.304507033460666, 36.271340179369588 ], [ 127.305062179372868, 36.271514222403717 ], [ 127.305520782681171, 36.271780096644463 ], [ 127.306511145178717, 36.272161622769225 ], [ 127.306704578943098, 36.272320882201534 ], [ 127.307872764385635, 36.272457037855979 ], [ 127.308256482435809, 36.272165377270817 ], [ 127.308911527819347, 36.272047199747391 ], [ 127.310513583853165, 36.272442790768586 ], [ 127.310034187584762, 36.272970543772601 ], [ 127.309917752545132, 36.273530821117795 ], [ 127.309875620881712, 36.273744104352687 ], [ 127.309911242385724, 36.274860883938047 ], [ 127.309901367805224, 36.275230871282687 ], [ 127.309297145409275, 36.27537641926159 ], [ 127.309099710194957, 36.275542293588188 ], [ 127.309011505792924, 36.275675093522096 ], [ 127.308857275027762, 36.275931786478779 ], [ 127.308783805914018, 36.276113067107737 ], [ 127.308728182644316, 36.276250325155743 ], [ 127.308666065489518, 36.276403054937532 ], [ 127.308646574782273, 36.27679748909086 ], [ 127.308559997762444, 36.277164465759384 ], [ 127.30899707828813, 36.277286209575067 ], [ 127.309528301577842, 36.277369301331731 ], [ 127.309534234522005, 36.277369538042628 ], [ 127.309723195388102, 36.277374539097067 ], [ 127.309873329098693, 36.277632593576676 ], [ 127.310277643010394, 36.277769998645454 ], [ 127.310502381137383, 36.278154394138326 ], [ 127.310272285977007, 36.278806128195214 ], [ 127.310748704472985, 36.279792158995754 ], [ 127.310670880300634, 36.280542548956767 ], [ 127.310919034026682, 36.28103955759503 ], [ 127.311047490327837, 36.282006183349054 ], [ 127.311300809102875, 36.282509963591842 ], [ 127.312190550133238, 36.282507492169643 ], [ 127.312399811240539, 36.282489168439618 ], [ 127.313581236409519, 36.282516118581476 ], [ 127.31371829187394, 36.283165259840509 ], [ 127.314048581996744, 36.284258673667409 ], [ 127.31442047203349, 36.285275286754008 ], [ 127.314404209005644, 36.285545746960182 ], [ 127.31439212594735, 36.285737448528316 ], [ 127.315401372061515, 36.285731101245418 ], [ 127.315481480925399, 36.285738857429898 ], [ 127.315618679984652, 36.285752159343069 ], [ 127.315871294764122, 36.285731272534754 ], [ 127.316010018721755, 36.285688877194893 ], [ 127.31603474423251, 36.285681322737013 ], [ 127.316174730394238, 36.285679134404546 ], [ 127.316264465320572, 36.285686234231044 ], [ 127.316389722810172, 36.285702756011489 ], [ 127.316425019440999, 36.285702689826998 ], [ 127.316542919157826, 36.28570245208472 ], [ 127.316685283072417, 36.28572659731622 ], [ 127.316845651606258, 36.285782678511367 ], [ 127.317010002692101, 36.285818788328299 ], [ 127.31706474935234, 36.285814237024198 ], [ 127.317149011920435, 36.285822521392255 ], [ 127.317288569857752, 36.285849125499524 ], [ 127.317491762435111, 36.285922188341395 ], [ 127.317693077745616, 36.285990577956561 ], [ 127.317854955423755, 36.286075131766438 ], [ 127.318241744201387, 36.286282803287293 ], [ 127.318807799028548, 36.286656124860698 ], [ 127.318994252180005, 36.286779087957974 ], [ 127.319160839484596, 36.286962477086163 ], [ 127.319281391454552, 36.287140914894508 ], [ 127.319558577939333, 36.287551197466669 ], [ 127.319861323487942, 36.287999287449125 ], [ 127.319934875745361, 36.288266326283832 ], [ 127.319969296151058, 36.288408061474968 ], [ 127.319995800639504, 36.28859044514445 ], [ 127.320021160536186, 36.288808874371654 ], [ 127.320040189861047, 36.28902772401716 ], [ 127.320052891063966, 36.289246875083897 ], [ 127.320058505443029, 36.289423148816098 ], [ 127.320059271036286, 36.289685597301286 ], [ 127.320052938012893, 36.289904925018256 ], [ 127.320044712801916, 36.290129109173066 ], [ 127.320051811054668, 36.290131502720499 ], [ 127.320009953138992, 36.290448549759383 ], [ 127.319998108235154, 36.290542011876774 ], [ 127.319968362936095, 36.2907767979423 ], [ 127.319964384029944, 36.290844073152037 ], [ 127.319940323588753, 36.29087021743625 ], [ 127.319955870235503, 36.290899400541058 ], [ 127.319961674108612, 36.290952456137241 ], [ 127.319953021175095, 36.291022654264317 ], [ 127.319951737302702, 36.291099999288356 ], [ 127.319957068084278, 36.291230863627554 ], [ 127.319960609669067, 36.291317798472861 ], [ 127.3199731098439, 36.291435788838349 ], [ 127.319983611312225, 36.291534919496634 ], [ 127.320003962750121, 36.291653386966502 ], [ 127.320020678034581, 36.291750761826805 ], [ 127.320055766866929, 36.291904174708634 ], [ 127.320093858685695, 36.292024191774836 ], [ 127.32011575940065, 36.292088324682652 ], [ 127.320149902690886, 36.292189922630008 ], [ 127.320178895067286, 36.292263273733724 ], [ 127.320183533012553, 36.292275007131572 ], [ 127.320235172722477, 36.292405654039086 ], [ 127.320259372326703, 36.292487569724742 ], [ 127.320264749135802, 36.292528471849693 ], [ 127.320286355158728, 36.292651304620307 ], [ 127.320315420712419, 36.292807302917026 ], [ 127.320327712214322, 36.292873290118031 ], [ 127.320368130325818, 36.292979296122276 ], [ 127.320452736468027, 36.293190414953635 ], [ 127.320551972116135, 36.293431963982741 ], [ 127.320556623466857, 36.293445180421784 ], [ 127.320631030061449, 36.29364973036715 ], [ 127.320638241522317, 36.293671258388699 ], [ 127.320669871226201, 36.293766698431817 ], [ 127.320712809614477, 36.293896263617938 ], [ 127.320767799770223, 36.294037674335001 ], [ 127.320773281859587, 36.294038876261659 ], [ 127.320900983165856, 36.294380883581518 ], [ 127.320998544757899, 36.294399394386453 ], [ 127.321128697801001, 36.294717180701099 ], [ 127.321172301866497, 36.294823232679299 ], [ 127.321576235892394, 36.295797650085767 ], [ 127.32187497796393, 36.296521974416372 ], [ 127.321882752630913, 36.296541481040229 ], [ 127.321896202457808, 36.296575222521156 ], [ 127.321925939627249, 36.296649138635331 ], [ 127.321951695546844, 36.296713233675355 ], [ 127.32200711074077, 36.296843035241928 ], [ 127.322139420212068, 36.297073742726788 ], [ 127.322203812729768, 36.297166480841582 ], [ 127.322321217007953, 36.297318375503963 ], [ 127.322548445538729, 36.297570573210379 ], [ 127.323327974678207, 36.298389081344546 ], [ 127.32334757821225, 36.298410368004852 ], [ 127.323371565249587, 36.298449865124191 ], [ 127.323416111721826, 36.298507601296379 ], [ 127.323467041430277, 36.298574512028651 ], [ 127.32348431177688, 36.298605105414993 ], [ 127.32362478181858, 36.298787936149161 ], [ 127.323636346269197, 36.298811786508352 ], [ 127.323725697858208, 36.298908872973797 ], [ 127.323799310199902, 36.298995637673187 ], [ 127.323900106936094, 36.299114412272708 ], [ 127.323957070378995, 36.299213387870665 ], [ 127.32419083458737, 36.299449587022529 ], [ 127.324583182933267, 36.299745816976625 ], [ 127.324644437800231, 36.299683475819734 ], [ 127.324736597866519, 36.299589687661367 ], [ 127.32506074718431, 36.299710623135759 ], [ 127.326260679044211, 36.300158291795555 ], [ 127.326912324674026, 36.30037279398411 ], [ 127.327020610614653, 36.300381844830085 ], [ 127.327279702707116, 36.300467651748924 ], [ 127.327692680582032, 36.300666407014937 ], [ 127.327879546161057, 36.300678333588209 ], [ 127.328076878779186, 36.30077088638852 ], [ 127.328493703830603, 36.300930336348635 ], [ 127.328758989787715, 36.301024197981839 ], [ 127.328873185410473, 36.301064601384375 ], [ 127.329027484585311, 36.301115798079898 ], [ 127.329265016582355, 36.301196415482416 ], [ 127.32936211249104, 36.301226338611379 ], [ 127.32940114482507, 36.301242092430662 ], [ 127.329626973167734, 36.301305816314496 ], [ 127.32988290335291, 36.301378506431959 ], [ 127.329948011309583, 36.30139699760737 ], [ 127.330295334773368, 36.301495642570643 ], [ 127.330613631099752, 36.301565942055603 ], [ 127.331251812028057, 36.301612495543864 ], [ 127.331445035284545, 36.301610746508494 ], [ 127.331674240069844, 36.301608671419771 ], [ 127.331807855009373, 36.301606752387791 ], [ 127.332065108404407, 36.301603049397094 ], [ 127.332483243168454, 36.301597468242747 ], [ 127.332483856795974, 36.301682177047397 ], [ 127.332482604995676, 36.301817924886301 ], [ 127.332483380968895, 36.302212548701448 ], [ 127.332483408979243, 36.302219184085786 ], [ 127.332497260623555, 36.302219466912369 ], [ 127.332494151493563, 36.302311106906359 ], [ 127.332491108622662, 36.302399908940259 ], [ 127.33248597963204, 36.30369686979747 ], [ 127.332508440085277, 36.303766405857125 ], [ 127.332507215301888, 36.304021816144271 ], [ 127.332507023766865, 36.304066204152704 ], [ 127.332506533404342, 36.304160829215718 ], [ 127.332487574360314, 36.304565413157462 ], [ 127.332487592530555, 36.304605522744389 ], [ 127.332487727912365, 36.304664098761762 ], [ 127.332488103344176, 36.304884525170117 ], [ 127.332600526053412, 36.30493035427466 ], [ 127.332600599075079, 36.30497397994651 ], [ 127.332600797828491, 36.305063130910519 ], [ 127.332601077171546, 36.305189814038755 ], [ 127.332603166351902, 36.306134405551624 ], [ 127.33260348904443, 36.306280246460098 ], [ 127.332604434949289, 36.306721337430908 ], [ 127.332605133219843, 36.307047386020834 ], [ 127.332605490227124, 36.307184544217314 ], [ 127.332605737493012, 36.307321972717816 ], [ 127.332605955770973, 36.307404651514027 ], [ 127.33260609476477, 36.307457458550488 ], [ 127.332606310648146, 36.307562946318598 ], [ 127.332606468649686, 36.307626569162935 ], [ 127.332606966878316, 36.307876463389292 ], [ 127.332606967931937, 36.307876491338526 ], [ 127.332606944135023, 36.307891661527734 ], [ 127.332664608585006, 36.307926157466902 ], [ 127.332743125814403, 36.307973124969891 ], [ 127.33296286846452, 36.30832748066279 ], [ 127.333084400167593, 36.308493491164661 ], [ 127.333120942929952, 36.308543423958966 ], [ 127.333194186788688, 36.308720004516132 ], [ 127.333195547601576, 36.308723280826349 ], [ 127.333309679277605, 36.308994813189706 ], [ 127.33333284162002, 36.309061173895671 ], [ 127.333527578106413, 36.30941469636079 ], [ 127.33390268588937, 36.309703157545449 ], [ 127.334343676814726, 36.309988144068164 ], [ 127.334460052073311, 36.310026750173833 ], [ 127.334473880740418, 36.310031668460596 ], [ 127.334640231937982, 36.310372299759578 ], [ 127.334921900698546, 36.310441986662866 ], [ 127.335063580314042, 36.310557753288968 ], [ 127.335301411667473, 36.3107814370602 ], [ 127.335576313744198, 36.310791456299611 ], [ 127.335614870468603, 36.310913646847538 ], [ 127.335643056312449, 36.310917146057392 ], [ 127.335694259616702, 36.311067183759945 ], [ 127.335843944148408, 36.311505692062433 ], [ 127.335918940004575, 36.311459477514369 ], [ 127.336086046444308, 36.311494903120959 ], [ 127.336229404477308, 36.311679558246382 ], [ 127.336213700518243, 36.312048426872074 ], [ 127.336470821236247, 36.312187848160299 ], [ 127.336584639105382, 36.31224956684801 ], [ 127.33704220113141, 36.312251536733484 ], [ 127.337176046623469, 36.312449897255433 ], [ 127.33750904817478, 36.312943364215258 ], [ 127.337482074242274, 36.313453334599394 ], [ 127.337742617994849, 36.313452268176924 ], [ 127.339042756527135, 36.313248345474022 ], [ 127.339042778553619, 36.313248467211849 ], [ 127.339108532526737, 36.313623075095066 ], [ 127.33920228191181, 36.314085924861928 ], [ 127.339302249017521, 36.314239175305637 ], [ 127.339361666477529, 36.314330260911561 ], [ 127.339787397427372, 36.314449048230891 ], [ 127.339881766985826, 36.314621356372065 ], [ 127.339373322206683, 36.315570965556098 ], [ 127.339371186886666, 36.315824310574286 ], [ 127.339404000105489, 36.316055921773909 ], [ 127.339443766865344, 36.316336616774166 ], [ 127.339538919925715, 36.3170082410305 ], [ 127.339737262747903, 36.317713652033376 ], [ 127.338522328384457, 36.317775362322649 ], [ 127.337754220127152, 36.317805353753521 ], [ 127.33755997088646, 36.318495758446346 ], [ 127.337426108057144, 36.318983489518871 ], [ 127.33754572923381, 36.319090032500121 ], [ 127.337556639783458, 36.319099752527393 ], [ 127.337706742533655, 36.319224891709858 ], [ 127.337334702491432, 36.320722220530058 ], [ 127.337105863731423, 36.321139404133646 ], [ 127.336803746480157, 36.321957157103192 ], [ 127.336782398018286, 36.322050623542744 ], [ 127.33668908995871, 36.322462244683052 ], [ 127.336636480674201, 36.322693497881602 ], [ 127.336697667599068, 36.322976530946839 ], [ 127.336733708463981, 36.323143245302354 ], [ 127.336756162772147, 36.323247114522921 ], [ 127.336759661038926, 36.323320171890686 ], [ 127.336752080596852, 36.323859193852883 ], [ 127.337002406472664, 36.324357859238468 ], [ 127.337006281830568, 36.324365580835149 ], [ 127.337159726429661, 36.32467311717388 ], [ 127.337292722205703, 36.325169398259561 ], [ 127.337096401368356, 36.325672587815454 ], [ 127.336980321342338, 36.326573889343756 ], [ 127.336003578284831, 36.327232410950252 ], [ 127.335935177139191, 36.327266720723287 ], [ 127.335951486108911, 36.327364163465866 ], [ 127.335963092638238, 36.327433513190421 ], [ 127.335894516170001, 36.327433689580062 ], [ 127.335896328006257, 36.3277716839455 ], [ 127.335897104039077, 36.327916234848885 ], [ 127.335899950052095, 36.328447402155213 ], [ 127.335900166359892, 36.328487877881059 ], [ 127.335901512038021, 36.328739723329385 ], [ 127.335901602672465, 36.3287558663841 ], [ 127.335901920512995, 36.328815233965095 ], [ 127.335903148077335, 36.329044442533828 ], [ 127.335905105177261, 36.329408592409749 ], [ 127.335905501865781, 36.329483356547705 ], [ 127.335905638358454, 36.329509949382889 ], [ 127.335906484232893, 36.32966836959028 ], [ 127.335906563995209, 36.329683332515074 ], [ 127.33590775433764, 36.329903284014243 ], [ 127.335907848601465, 36.32992087223505 ], [ 127.335909039578155, 36.330144212604658 ], [ 127.336014542217129, 36.33014374654929 ], [ 127.337034378456849, 36.330139897041683 ], [ 127.338136740289926, 36.330135625134261 ], [ 127.338138531927214, 36.331121593710805 ], [ 127.338180546231328, 36.33117933055744 ], [ 127.338210315782703, 36.331237982853693 ], [ 127.338211203685717, 36.331444185427046 ], [ 127.338208572530505, 36.331506377070752 ], [ 127.338157703865463, 36.331746322877272 ], [ 127.338141865099445, 36.331792867424106 ], [ 127.338139665640952, 36.331799272543527 ], [ 127.338142131189642, 36.331953113281841 ], [ 127.338142250081006, 36.332022134212892 ], [ 127.338142412644075, 36.332119343558524 ], [ 127.338142565513721, 36.332206783835147 ], [ 127.33825447637787, 36.332206413814873 ], [ 127.338448280802254, 36.33220576865471 ], [ 127.338529906931811, 36.332205502214265 ], [ 127.338640035026998, 36.332205138418033 ], [ 127.338925023435849, 36.332204189342839 ], [ 127.33904280294621, 36.332203794109951 ], [ 127.339335519626772, 36.332202823004259 ], [ 127.339613189762801, 36.332201902028473 ], [ 127.339647593789408, 36.332201787237388 ], [ 127.339807862156235, 36.33220125223307 ], [ 127.33990912989367, 36.332200920360044 ], [ 127.340172134562692, 36.332200040467669 ], [ 127.340655873384037, 36.332198434844145 ], [ 127.340998421672637, 36.332197290498925 ], [ 127.343252678949398, 36.33218974868975 ], [ 127.343269901573308, 36.33218969034818 ], [ 127.343563618764477, 36.332188705704681 ], [ 127.343859796554312, 36.332186966293037 ], [ 127.343991966681244, 36.33218687545353 ], [ 127.344253755272391, 36.33218618782368 ], [ 127.344516028547503, 36.332185499355433 ], [ 127.344566055151532, 36.332185332441057 ], [ 127.344610842706459, 36.332185157728865 ], [ 127.344796176646227, 36.332184559676271 ], [ 127.346047735373418, 36.33218033639475 ], [ 127.346077015042653, 36.332180242840295 ], [ 127.346883718239582, 36.332177508764225 ], [ 127.346906889631754, 36.332177475623041 ], [ 127.346945782950016, 36.332177302330514 ], [ 127.346972434175157, 36.332177206961632 ], [ 127.347249255154125, 36.332176271656856 ], [ 127.347318936734169, 36.332176034287912 ], [ 127.347411247161702, 36.332175722370792 ], [ 127.347488989058093, 36.332175461033223 ], [ 127.34758414856374, 36.332175140031438 ], [ 127.347691697172266, 36.3321747744912 ], [ 127.348027406203883, 36.33217363095325 ], [ 127.348110003898185, 36.332173354710086 ], [ 127.34835222920043, 36.33217253563484 ], [ 127.348528122308025, 36.332171935027155 ], [ 127.348687425677738, 36.332171390488057 ], [ 127.348793848909366, 36.332171027926826 ], [ 127.348897328338921, 36.332170681346916 ], [ 127.349022430482265, 36.332170254975267 ], [ 127.349165740218254, 36.33216976693064 ], [ 127.349352149390398, 36.33216913343319 ], [ 127.349686053344186, 36.332167990151689 ], [ 127.350021932797503, 36.332166849342116 ], [ 127.350099029562799, 36.332166579178768 ], [ 127.35034796805428, 36.332165735711634 ], [ 127.350426689359452, 36.332165461080187 ], [ 127.35075469233243, 36.332164340713042 ], [ 127.351003016875552, 36.332163497812083 ], [ 127.351084537116407, 36.332163213649352 ], [ 127.351419487278719, 36.332162071349501 ], [ 127.351746548710622, 36.332160951586211 ], [ 127.351868535457243, 36.33216053095466 ], [ 127.352083315067517, 36.332159792572 ], [ 127.352086126262449, 36.332159783464007 ], [ 127.352243841805375, 36.332159250231236 ], [ 127.352419864124769, 36.332158643156433 ], [ 127.352749293270676, 36.332157512783525 ], [ 127.352969978267382, 36.332156756715406 ], [ 127.353078525190313, 36.33215638306087 ], [ 127.353257129163694, 36.332155767139731 ], [ 127.353480841645919, 36.33215198201313 ], [ 127.35349676546349, 36.332151718645555 ], [ 127.35375315199677, 36.332154063339381 ], [ 127.353777588416037, 36.33227483820901 ], [ 127.353781538810395, 36.332296427692192 ], [ 127.353840365060393, 36.332592424510374 ], [ 127.354146118864989, 36.333064647330183 ], [ 127.354179709549769, 36.333482007493053 ], [ 127.354365335755944, 36.33384792111373 ], [ 127.35444602589655, 36.334217397182272 ], [ 127.354500423034892, 36.334471565843572 ], [ 127.35457428033456, 36.334992576301886 ], [ 127.354426062121007, 36.335438633968778 ], [ 127.354131661067413, 36.335980350044863 ], [ 127.353934492451444, 36.336445360073398 ], [ 127.353827671416397, 36.336800475002825 ], [ 127.353766024765932, 36.336999311125965 ], [ 127.353735749192225, 36.337088003820782 ], [ 127.353688708196955, 36.337309866056493 ], [ 127.353546427473489, 36.337810165311161 ], [ 127.353454546685711, 36.338134686649212 ], [ 127.35339502238449, 36.338268505469735 ], [ 127.353147001988305, 36.338813984315877 ], [ 127.352963081611634, 36.339213383432465 ], [ 127.352719859449238, 36.339866483609597 ], [ 127.352567496311991, 36.340254452876316 ], [ 127.352396326370183, 36.340696628549807 ], [ 127.352268807182853, 36.341215744119282 ], [ 127.352121995472274, 36.341886708996483 ], [ 127.352035630575415, 36.342328202932066 ], [ 127.351980793811876, 36.342766088599816 ], [ 127.351883874326191, 36.343403185214306 ], [ 127.351799873921493, 36.343910763461835 ], [ 127.351692232261954, 36.344303377050927 ], [ 127.351375772169902, 36.344739064331101 ], [ 127.351116339055324, 36.345211432937759 ], [ 127.35105375427662, 36.345415262492544 ], [ 127.350939213781018, 36.345788366411234 ], [ 127.350765058799965, 36.346060704392713 ], [ 127.350657206910782, 36.346230990000628 ], [ 127.350603027041828, 36.3463165340793 ], [ 127.350139406145416, 36.34687935221482 ], [ 127.350019457385045, 36.347102868352046 ], [ 127.349706815324325, 36.347677797864776 ], [ 127.349587322724432, 36.3479142069625 ], [ 127.349398934186652, 36.348362114853174 ], [ 127.349396948191483, 36.348369014475026 ], [ 127.349163690904831, 36.34917893464133 ], [ 127.349096055541338, 36.349731882111833 ], [ 127.349170111138349, 36.35024966820761 ], [ 127.349293447322367, 36.350818776414584 ], [ 127.349440247958483, 36.351200264463593 ], [ 127.349581868215765, 36.351518901582736 ], [ 127.349815421673313, 36.352090247947139 ], [ 127.349867877946238, 36.352204110644301 ], [ 127.350044302518697, 36.352587106750867 ], [ 127.350298737123438, 36.352958024268517 ], [ 127.350674370860759, 36.353430501465432 ], [ 127.350921055044068, 36.35356648704483 ], [ 127.350989132379752, 36.353610544205928 ], [ 127.351734950791155, 36.353842142125188 ], [ 127.352200246138835, 36.354078244561279 ], [ 127.352692110013223, 36.354298136229303 ], [ 127.353123274427602, 36.354303618089517 ], [ 127.353683692985186, 36.354276536250055 ], [ 127.353697559244154, 36.35427577447328 ], [ 127.353813251120982, 36.354269404806622 ], [ 127.353824254963257, 36.354268795443431 ], [ 127.353830904981436, 36.354268424114153 ], [ 127.353902041993322, 36.354284003039638 ], [ 127.353909025748379, 36.354288687018084 ], [ 127.355371914936541, 36.355269809815368 ], [ 127.355821762414024, 36.355571503661501 ], [ 127.358071332807313, 36.357129149802709 ], [ 127.358079976649336, 36.357167874724482 ], [ 127.358103067172621, 36.357271890701469 ], [ 127.358140363227676, 36.357524764165099 ], [ 127.358259432573504, 36.357996458435615 ], [ 127.358360211075748, 36.358287680659103 ], [ 127.358503564726064, 36.35870193006992 ], [ 127.358513094935191, 36.358727314221753 ], [ 127.358525675639726, 36.358832640967037 ], [ 127.358528734034664, 36.358858279720813 ], [ 127.35854434387285, 36.358858358796169 ], [ 127.358952491863917, 36.359299675262093 ], [ 127.359341848288551, 36.359716714913766 ], [ 127.359738050474334, 36.360141086347561 ], [ 127.359755225727312, 36.360159481764008 ], [ 127.359815025430663, 36.360223239665928 ], [ 127.360248228721346, 36.36068501456365 ], [ 127.36061661316208, 36.3610813494357 ], [ 127.361024371751213, 36.361517847645658 ], [ 127.361245726153257, 36.361779123896675 ], [ 127.361481537113235, 36.362007219527236 ], [ 127.36171426686208, 36.362253095616147 ], [ 127.361754112048246, 36.362296844912315 ], [ 127.362369094919444, 36.362939179605604 ], [ 127.362790142874999, 36.363382686642183 ], [ 127.363473824670692, 36.363543891500228 ], [ 127.364007992516264, 36.363700327217337 ], [ 127.364329444327169, 36.363777203359838 ], [ 127.36493383393811, 36.363921734148477 ], [ 127.365194377089509, 36.363982761527161 ], [ 127.365474255710495, 36.364082915217942 ], [ 127.365604269702146, 36.364129439762578 ], [ 127.365772375437857, 36.364189593526866 ], [ 127.366381160836312, 36.364441639638116 ], [ 127.366443453553984, 36.364479109221513 ], [ 127.366790397379717, 36.364687759288202 ], [ 127.367262989335131, 36.365073689825017 ], [ 127.367590414434673, 36.365391492085493 ], [ 127.367932825834345, 36.365794183131555 ], [ 127.367998268354881, 36.365882522568874 ], [ 127.368506292406423, 36.366659454227033 ], [ 127.368598587311979, 36.366846910592685 ], [ 127.368729369230678, 36.367126996083627 ], [ 127.369009021162285, 36.367668116549488 ], [ 127.369317636177541, 36.368159410938674 ], [ 127.369716292135621, 36.36858952580473 ], [ 127.370195060258581, 36.368953994882858 ], [ 127.37064147270425, 36.369181341489984 ], [ 127.37126600908492, 36.369477119413013 ], [ 127.371399437921028, 36.369524864721569 ], [ 127.371956857397592, 36.369720213741253 ], [ 127.371990955809494, 36.369732165342349 ], [ 127.372358195514977, 36.369910232119985 ], [ 127.372532138148969, 36.369994572536207 ], [ 127.373028799509115, 36.370276553955328 ], [ 127.373389174916724, 36.37050972710697 ], [ 127.373551793318356, 36.370635311580799 ], [ 127.373696630681223, 36.370747172635433 ], [ 127.374099024444973, 36.371154363400088 ], [ 127.374708204460873, 36.371504510701101 ], [ 127.375400223367478, 36.371681021735434 ], [ 127.375433934405109, 36.3716886391827 ], [ 127.375924080336389, 36.37179481112998 ], [ 127.376383894993978, 36.37187753834619 ], [ 127.376962939083796, 36.371945081908414 ], [ 127.377101137054154, 36.37196120188991 ], [ 127.377798129791685, 36.372009401872127 ], [ 127.37782952509788, 36.372010411627414 ], [ 127.378113883497079, 36.372013003576562 ], [ 127.378452183775352, 36.372015225783478 ], [ 127.379023264342024, 36.37200953779854 ], [ 127.37903100627355, 36.372011136034459 ], [ 127.379674749041357, 36.372002359513708 ], [ 127.379738583348072, 36.371984926750599 ], [ 127.379895102843975, 36.37197353570982 ], [ 127.380064378800128, 36.371513027091375 ], [ 127.380092221539726, 36.371516642575479 ], [ 127.380142664215072, 36.371525305241171 ], [ 127.380521170928347, 36.371514218845412 ], [ 127.380524959099262, 36.371514126216518 ], [ 127.381448076914893, 36.371490448956237 ], [ 127.381932527850452, 36.371480661708809 ], [ 127.382841696447329, 36.371487270112986 ], [ 127.383153604378322, 36.37148655347179 ], [ 127.383365216333587, 36.371486724987605 ], [ 127.383695773012008, 36.371478152290528 ], [ 127.384116524544595, 36.371483527454863 ], [ 127.384404617127174, 36.371477774341486 ], [ 127.384997121067769, 36.371471756040499 ], [ 127.384999452515515, 36.371472208177671 ], [ 127.385130658532219, 36.371468704648024 ], [ 127.385339136501756, 36.371470576215046 ], [ 127.385495065718317, 36.371480105414662 ], [ 127.385562965900561, 36.371480869094285 ], [ 127.385774806737459, 36.371482305920878 ], [ 127.385973217430703, 36.371467410766982 ], [ 127.386450087971141, 36.371434361799238 ], [ 127.386578603810591, 36.371421060752311 ], [ 127.386660278725486, 36.371410830255691 ], [ 127.386967126047495, 36.371376083108558 ], [ 127.387401282014793, 36.37133139029185 ], [ 127.387526668771926, 36.371318557639533 ], [ 127.387775309021549, 36.371291752177001 ], [ 127.387796649226786, 36.371289451941308 ], [ 127.387901688946954, 36.371278902045425 ], [ 127.388172997823673, 36.371248339884112 ], [ 127.388494583931205, 36.371199364899951 ], [ 127.388776854011965, 36.371170271311037 ], [ 127.388802309525175, 36.371166691897983 ], [ 127.388825003188444, 36.3711634912233 ], [ 127.388894223607281, 36.371163077755696 ], [ 127.389115354161845, 36.371166091486216 ], [ 127.389275436849815, 36.371157020159949 ], [ 127.389442146922164, 36.371151783638645 ], [ 127.389516938774491, 36.371149179804981 ], [ 127.389613101474382, 36.371146164101695 ], [ 127.389751412142331, 36.371142010341273 ], [ 127.389899668369722, 36.371136617087757 ], [ 127.390192066607057, 36.371170109429876 ], [ 127.390234952626983, 36.371175980473808 ], [ 127.390576687092732, 36.371221791251202 ], [ 127.39069528944782, 36.371253982282248 ], [ 127.390814528688395, 36.371284423011005 ], [ 127.390877769513494, 36.371300563991284 ], [ 127.390991917484058, 36.371346926287025 ], [ 127.391178902329798, 36.371420671241985 ], [ 127.391504855371593, 36.371490231871121 ], [ 127.391700579191323, 36.371517610169406 ], [ 127.391879072311397, 36.371539970645202 ], [ 127.392058003017439, 36.371551632779934 ], [ 127.392144321511125, 36.371556559335602 ], [ 127.39238530377142, 36.371535954233693 ], [ 127.392602707042514, 36.371517832517753 ], [ 127.392678537013197, 36.371497608118005 ], [ 127.392760882412645, 36.371465672392652 ], [ 127.392876133734887, 36.371420975594823 ], [ 127.392914441505852, 36.371406118910073 ], [ 127.392916742536769, 36.371405226681517 ], [ 127.393271911109764, 36.370856455691275 ], [ 127.393655369920864, 36.370418970765655 ], [ 127.394587884409319, 36.369617536383338 ], [ 127.395258405323489, 36.369034076894522 ], [ 127.395624173184856, 36.368647622630135 ], [ 127.396255645470504, 36.368024571719417 ], [ 127.396562397229886, 36.367572984518532 ], [ 127.396885613536057, 36.366969539676319 ], [ 127.397140803519079, 36.366511912370648 ], [ 127.397276419801599, 36.366133541264105 ], [ 127.397356159042388, 36.365788860251833 ], [ 127.397362652709703, 36.365456254501048 ], [ 127.397431042171334, 36.364795924314663 ], [ 127.397592784166733, 36.364109933748772 ], [ 127.398144713447749, 36.363330288935906 ], [ 127.398552667740901, 36.362893274060355 ], [ 127.399402483350443, 36.362324117892413 ], [ 127.399877329125673, 36.362035009667636 ], [ 127.400025750230952, 36.361917083621201 ], [ 127.400289623579667, 36.361770601783874 ], [ 127.400753467899321, 36.361542922919377 ], [ 127.401139052089334, 36.361368159659776 ], [ 127.401555657583046, 36.360280012794902 ], [ 127.401759236919162, 36.359716101512781 ], [ 127.401860829735284, 36.359497228109383 ], [ 127.401956773750271, 36.359195583718979 ], [ 127.40228392081336, 36.35855859679932 ], [ 127.40247913419411, 36.358231547944911 ], [ 127.402476744824341, 36.358104555026692 ], [ 127.402663108221489, 36.357716139223193 ], [ 127.402770014995099, 36.357482891702205 ], [ 127.402862622755237, 36.357279250367789 ], [ 127.402974320389433, 36.357028800825482 ], [ 127.403035948528583, 36.356893419583585 ], [ 127.403042317880221, 36.35687960070964 ], [ 127.403104862535329, 36.356753506884495 ], [ 127.403156639649055, 36.356600414041743 ], [ 127.403196285828059, 36.356523401563955 ], [ 127.403223874039313, 36.356504438847139 ], [ 127.403277561584531, 36.356011995690224 ], [ 127.403338280889628, 36.355901677971154 ], [ 127.403373673305865, 36.355812289278028 ], [ 127.403450173196816, 36.355659401391293 ], [ 127.40375686866895, 36.355043322377448 ], [ 127.403851757483935, 36.354742796875399 ], [ 127.403883843390304, 36.354684392846686 ], [ 127.403899189883546, 36.354657306161023 ], [ 127.403982599512659, 36.354492282582044 ], [ 127.404086003152685, 36.35429001843 ], [ 127.404610800536403, 36.353269651118339 ], [ 127.404529889956279, 36.353006890979159 ], [ 127.404500864070783, 36.352912933842909 ], [ 127.404454625931521, 36.352657095803913 ], [ 127.404401930780992, 36.352360734821822 ], [ 127.404196348747377, 36.351347334627064 ], [ 127.404011869085849, 36.350439471273631 ], [ 127.40392020061465, 36.349877676205423 ], [ 127.403900139883604, 36.349631328012457 ], [ 127.403880766785889, 36.349352031966042 ], [ 127.40383721793269, 36.348870900307006 ], [ 127.403830602127542, 36.348871202325086 ], [ 127.403820109670434, 36.348726482937529 ], [ 127.403735210917674, 36.34829533456837 ], [ 127.403579146379471, 36.347800496570947 ], [ 127.40354834568042, 36.347768220714158 ], [ 127.403459838801552, 36.347412557384416 ], [ 127.403440463521321, 36.347334049316672 ], [ 127.403255740632062, 36.34698659375713 ], [ 127.403219192693669, 36.346921949769467 ], [ 127.403205181561702, 36.346902838319707 ], [ 127.403116058014959, 36.346802044561713 ], [ 127.402918867394135, 36.346568682830998 ], [ 127.402851997885023, 36.346493155624024 ], [ 127.402749421932043, 36.346380006660119 ], [ 127.402703153338521, 36.346318206936274 ], [ 127.402678955403459, 36.346285061815472 ], [ 127.402670396167636, 36.346210455380138 ], [ 127.402748355569216, 36.345970257882456 ], [ 127.402748874083201, 36.345969129588262 ], [ 127.402795291875378, 36.345584850516396 ], [ 127.40281125435358, 36.345506512136254 ], [ 127.402906714959769, 36.345047442400158 ], [ 127.402974674008078, 36.344688711553587 ], [ 127.403114928248172, 36.34414162729508 ], [ 127.403195949709811, 36.343886495292828 ], [ 127.403251437620838, 36.343711428381319 ], [ 127.403358090552416, 36.343432824187772 ], [ 127.403803043799968, 36.342296989999738 ], [ 127.403840206703919, 36.34217829797322 ], [ 127.403660492342496, 36.341108764082044 ], [ 127.403486914071607, 36.340421647586268 ], [ 127.403368653055352, 36.339931746720616 ], [ 127.403267113045061, 36.339578379118265 ], [ 127.40315101210912, 36.339168178284545 ], [ 127.402988287336441, 36.338695043195138 ], [ 127.402872561500359, 36.338357214102807 ], [ 127.402501363727481, 36.338362686140641 ], [ 127.402476293539706, 36.338363049432019 ], [ 127.401789243590045, 36.338373806175795 ], [ 127.4017891705209, 36.33835944102897 ], [ 127.401410518236418, 36.338065855615746 ], [ 127.400918562617917, 36.337699147434513 ], [ 127.400456415015142, 36.337345008193388 ], [ 127.40035207939863, 36.337259465989561 ], [ 127.399990740453532, 36.336942729294357 ], [ 127.399950058217172, 36.336884847628603 ], [ 127.399758638592075, 36.33640871213435 ], [ 127.399506677024675, 36.335939537718829 ], [ 127.399353386193283, 36.335738969909819 ], [ 127.399114879997754, 36.335415910125192 ], [ 127.398221905317996, 36.334452372438705 ], [ 127.39812840329509, 36.334340594766338 ], [ 127.398119998476574, 36.334330484872005 ], [ 127.397826529077221, 36.334560129958604 ], [ 127.397601921283226, 36.3347453352035 ], [ 127.397582876438022, 36.334730195364081 ], [ 127.397542351406983, 36.334735682949237 ], [ 127.397520849705344, 36.334752362522721 ], [ 127.397244235669746, 36.33445927167471 ], [ 127.397197191900958, 36.334415783757358 ], [ 127.397168321679857, 36.334349697521276 ], [ 127.397085120827356, 36.334279285142856 ], [ 127.397043540076538, 36.33421268201112 ], [ 127.396954433172056, 36.334143695119607 ], [ 127.396897870839652, 36.334175990999576 ], [ 127.396854778425208, 36.334120936974521 ], [ 127.396787052787573, 36.334150449000084 ], [ 127.396746306752362, 36.334112283686189 ], [ 127.396671029655224, 36.33405789467178 ], [ 127.396617817977571, 36.334100876574688 ], [ 127.396571001530376, 36.334100183682722 ], [ 127.396523381038037, 36.334112453271359 ], [ 127.396456334822233, 36.334069022322623 ], [ 127.396290495621741, 36.334176025105371 ], [ 127.396103520461466, 36.334093843060892 ], [ 127.395167093133651, 36.333338262104249 ], [ 127.395111498492938, 36.333252834346673 ], [ 127.395049329603154, 36.333175880569691 ], [ 127.394982961840952, 36.333094426149792 ], [ 127.394879473166156, 36.332966629317916 ], [ 127.394849721168612, 36.332932933061116 ], [ 127.394792355356913, 36.332876240076921 ], [ 127.394602054152656, 36.332720846954643 ], [ 127.394563158688243, 36.332669445268188 ], [ 127.394531172404911, 36.332607586506334 ], [ 127.394534979903582, 36.332534074035671 ], [ 127.394477907052149, 36.332535676379131 ], [ 127.394477792388287, 36.33244189203144 ], [ 127.394363428485747, 36.332332721588799 ], [ 127.394317960119935, 36.332289786579132 ], [ 127.394251193304015, 36.332197356065748 ], [ 127.394109948167142, 36.332104603501982 ], [ 127.394059889001866, 36.332187838060257 ], [ 127.393992809549459, 36.332379277860426 ], [ 127.393996367608366, 36.332393630832982 ], [ 127.393915280637486, 36.332328282065994 ], [ 127.393917158886524, 36.332180988745797 ], [ 127.394029363824103, 36.332068532694251 ], [ 127.393868763837887, 36.332005139948244 ], [ 127.393677059708196, 36.33202013377754 ], [ 127.393657550278633, 36.332085244158279 ], [ 127.393660342562001, 36.332122408957794 ], [ 127.393402970966335, 36.33191513661771 ], [ 127.392813951674441, 36.331439733874404 ], [ 127.392590296836559, 36.331259105606819 ], [ 127.392660231064909, 36.331078921250914 ], [ 127.39259100902764, 36.330775282504177 ], [ 127.39240237222387, 36.330496536240979 ], [ 127.392276682277327, 36.330348533215634 ], [ 127.392035440935302, 36.330059540990995 ], [ 127.391900669373783, 36.329903682259307 ], [ 127.39177936772991, 36.329762144042789 ], [ 127.390606026830568, 36.329394803583888 ], [ 127.390509115534428, 36.329328657969029 ], [ 127.390360391657993, 36.329235086216407 ], [ 127.390216512337545, 36.329136984050727 ], [ 127.390063369973305, 36.329032720981729 ], [ 127.390014084655391, 36.328989507590769 ], [ 127.389680592428562, 36.328693493475534 ], [ 127.389671838123647, 36.328681977154197 ], [ 127.38946429795827, 36.328450879116474 ], [ 127.389269182073292, 36.328232130824652 ], [ 127.389142120086703, 36.328014288217851 ], [ 127.389026801719339, 36.327815277929574 ], [ 127.388842503075168, 36.327389512558831 ], [ 127.388806070697399, 36.327307957528483 ], [ 127.388783218384759, 36.327260720624118 ], [ 127.38871135328867, 36.327119297958653 ], [ 127.388593099418713, 36.326889323825462 ], [ 127.388611503903363, 36.326881658294589 ], [ 127.388630610287294, 36.326873998832689 ], [ 127.388622383237688, 36.326863319556558 ], [ 127.388400149228318, 36.326577916896007 ], [ 127.388189157413208, 36.326315574999079 ], [ 127.388174860142072, 36.326167486466851 ], [ 127.388177789879975, 36.326093130353101 ], [ 127.388173648284877, 36.325712398615416 ], [ 127.388214940427702, 36.325265626231349 ], [ 127.388380685403774, 36.324647777531872 ], [ 127.38849582414349, 36.324178795085331 ], [ 127.388429185987803, 36.323827842378464 ], [ 127.388293119056158, 36.3234421840707 ], [ 127.38821111956365, 36.323223347096373 ], [ 127.388121782214711, 36.323031299541398 ], [ 127.387976601047896, 36.322878848587777 ], [ 127.387631003294402, 36.322769851157766 ], [ 127.387318432728762, 36.322721016920141 ], [ 127.386882059322105, 36.322692289276468 ], [ 127.386675959693136, 36.322676623824897 ], [ 127.386091912311372, 36.322623866917453 ], [ 127.385727374294234, 36.322589559839336 ], [ 127.385617490588231, 36.32257104216287 ], [ 127.385412188707292, 36.322433993902415 ], [ 127.385364343365794, 36.322328818077025 ], [ 127.385411965602955, 36.322247839407432 ], [ 127.385431832721054, 36.322181881365587 ], [ 127.385437821725858, 36.322161027369461 ], [ 127.385390484183986, 36.321698481057688 ], [ 127.385300456058005, 36.321152713601883 ], [ 127.38523520962535, 36.320834700742374 ], [ 127.385173889782138, 36.320536095480378 ], [ 127.385100788691332, 36.32028287571562 ], [ 127.385032816820853, 36.320047102973518 ], [ 127.38481141151226, 36.319817167668731 ], [ 127.384688110608479, 36.319689144982348 ], [ 127.384351989905497, 36.319305249888288 ], [ 127.384206457132123, 36.318970875883139 ], [ 127.384182023097054, 36.318742561373284 ], [ 127.384170012328994, 36.31842015093163 ], [ 127.3841915828298, 36.317994277573639 ], [ 127.384239930949889, 36.3176336532348 ], [ 127.384349727793889, 36.317171450382922 ], [ 127.384427305963172, 36.316881699353054 ], [ 127.384451483402188, 36.316809249138153 ], [ 127.384462334399345, 36.316607576282713 ], [ 127.384967453242822, 36.315476110493478 ], [ 127.384973113771764, 36.315460880884849 ], [ 127.385031510454866, 36.31530468195659 ], [ 127.385448101793813, 36.314216582755542 ], [ 127.385973390270749, 36.314010157265045 ], [ 127.386244811147208, 36.31383412298154 ], [ 127.38657954737819, 36.313617610279287 ], [ 127.386798887442794, 36.313289939663136 ], [ 127.387052573557682, 36.312798828779442 ], [ 127.387075349130839, 36.312724967531487 ], [ 127.387104913108132, 36.312616730723128 ], [ 127.387144213397931, 36.31247073137429 ], [ 127.387164758797113, 36.312367029685667 ], [ 127.387179614956608, 36.312204770199124 ], [ 127.387176580597128, 36.312117763225501 ], [ 127.387139465476523, 36.311895680095184 ], [ 127.387120339985344, 36.311756348536541 ], [ 127.387119629896944, 36.311752124139552 ], [ 127.386976642707495, 36.311368738751561 ], [ 127.386938222895353, 36.311304374318702 ], [ 127.386777532199162, 36.311036234587355 ], [ 127.386410843733444, 36.310551340143213 ], [ 127.386005891513292, 36.310177529711723 ], [ 127.385966589736512, 36.310144141046734 ], [ 127.385916995548982, 36.310107695212842 ], [ 127.385724010165816, 36.309955395142879 ], [ 127.385614849711473, 36.30986957540852 ], [ 127.385383280705426, 36.309655154574934 ], [ 127.384938678869247, 36.309245429658546 ], [ 127.384789712749779, 36.309095519474646 ], [ 127.384713546024884, 36.308993822510509 ], [ 127.384537223450067, 36.309082810784858 ], [ 127.384470207469903, 36.309005858196251 ], [ 127.384359037701486, 36.308934408605914 ], [ 127.384570876668775, 36.30881545113796 ], [ 127.384410312970388, 36.308641082943822 ], [ 127.38397249929632, 36.308157535620566 ], [ 127.383811903925036, 36.308010481468507 ], [ 127.383762764072728, 36.307959379724018 ], [ 127.383687685743411, 36.307868096862656 ], [ 127.383430731014883, 36.307546188869694 ], [ 127.383218125846298, 36.307331991649136 ], [ 127.383128268204189, 36.307241882040245 ], [ 127.382667719045983, 36.306910754362939 ], [ 127.382340424154933, 36.306647924192035 ], [ 127.38194746653275, 36.306333205087853 ], [ 127.381700676067325, 36.306132632008485 ], [ 127.38145248959411, 36.305930935495141 ], [ 127.381374596388198, 36.305868947524147 ], [ 127.380895258421234, 36.30549901427414 ], [ 127.380631288651998, 36.305269772450586 ], [ 127.38056315121851, 36.305210285665851 ], [ 127.380334608501471, 36.305040345440496 ], [ 127.380235965853032, 36.304967158382688 ], [ 127.380294117211847, 36.304580316246152 ], [ 127.380312346774531, 36.304608699023731 ], [ 127.380336352556142, 36.304645796542907 ], [ 127.38051056381407, 36.30476802993654 ], [ 127.380540716477157, 36.304563763893704 ], [ 127.380558284971883, 36.304563707735802 ], [ 127.380569801249052, 36.304463136183003 ], [ 127.380587487658389, 36.304379442316758 ], [ 127.380697500297032, 36.30385274390774 ], [ 127.380906330536021, 36.303258999101971 ], [ 127.381026956184968, 36.302986569246045 ], [ 127.38136565905711, 36.302375514877838 ], [ 127.38132980537614, 36.302372249532873 ], [ 127.381228870057811, 36.302365531650423 ], [ 127.381154450085248, 36.30237168012907 ], [ 127.381142790562535, 36.302371149107316 ], [ 127.381166787903595, 36.302333052454522 ], [ 127.381177313403626, 36.302315563213277 ], [ 127.381196820370505, 36.30228368087284 ], [ 127.381404371199764, 36.302288374648811 ], [ 127.381623066279758, 36.301898758276025 ], [ 127.381978858648907, 36.301264271870885 ], [ 127.38212194707863, 36.300925874877919 ], [ 127.382140102930748, 36.300760505078685 ], [ 127.382070027154597, 36.300801001815628 ], [ 127.382023590111672, 36.300840008439536 ], [ 127.382021844471893, 36.300838049447442 ], [ 127.382102442116619, 36.30049056106057 ], [ 127.382041709017315, 36.300451327498649 ], [ 127.382003854044271, 36.300428071360926 ], [ 127.382014966537483, 36.300352562970652 ], [ 127.382093025115765, 36.300378782052405 ], [ 127.38209655670633, 36.300030970551369 ], [ 127.382097723359692, 36.299592778845629 ], [ 127.382096240263124, 36.299072066278349 ], [ 127.382120112718525, 36.298900766381458 ], [ 127.382160279870632, 36.298611982891423 ], [ 127.382126098895228, 36.298235570975315 ], [ 127.382068188071486, 36.297951885139611 ], [ 127.382029339871906, 36.297760508330811 ], [ 127.381981889415769, 36.297624636301485 ], [ 127.38192986069393, 36.297479206926482 ], [ 127.381877054354945, 36.297350110899266 ], [ 127.381378394028715, 36.296571051353808 ], [ 127.381267127215082, 36.296404128874535 ], [ 127.381060965431459, 36.29607388010735 ], [ 127.38069516385886, 36.295464773133993 ], [ 127.380524312407161, 36.295241146687623 ], [ 127.380467264452037, 36.295171206761616 ], [ 127.380098480923422, 36.29477022511 ], [ 127.379777778279461, 36.294456386621675 ], [ 127.379649190910655, 36.294339081217814 ], [ 127.379440302085925, 36.294160912608106 ], [ 127.379298126008322, 36.294039702794116 ], [ 127.379298135181855, 36.29404167628163 ], [ 127.378846912515016, 36.293893839129815 ], [ 127.378483143358281, 36.293773327679901 ], [ 127.37832994122256, 36.29305794234002 ], [ 127.378326551489266, 36.293040768054183 ], [ 127.378314244556904, 36.292976885539019 ], [ 127.378311224390018, 36.292964783716194 ], [ 127.377849480379766, 36.293049037893546 ], [ 127.377847024955983, 36.293045377793611 ], [ 127.377844054770136, 36.293041169924585 ], [ 127.37652881192281, 36.293351982100177 ], [ 127.376182089930566, 36.293121574309055 ], [ 127.375969596169668, 36.292987910437631 ], [ 127.374732278630248, 36.293077949775387 ], [ 127.373392813326291, 36.29327193839174 ], [ 127.373330433601026, 36.293284803296977 ], [ 127.373321339428358, 36.29328614316136 ], [ 127.373312879084438, 36.293287389943877 ], [ 127.373254344574732, 36.293144543472408 ], [ 127.372762779519192, 36.291944938331852 ], [ 127.372876412677627, 36.291404157917057 ], [ 127.371527871507581, 36.291328359710036 ], [ 127.371176388330909, 36.291003904784183 ], [ 127.37081419182465, 36.290290552634104 ], [ 127.3703717600999, 36.290302344720523 ], [ 127.370065263648712, 36.290146989668038 ], [ 127.36989717528445, 36.290059642689791 ], [ 127.369967360745676, 36.289775246778362 ], [ 127.370086560273592, 36.289292232360694 ], [ 127.370114082995642, 36.289180707363009 ], [ 127.370114455244092, 36.289179197685911 ], [ 127.370137542669241, 36.289177155804474 ] ] ] ] } },
{ "type": "Feature", "properties": { "SIG_CD": "30200", "SIG_ENG_NM": "Yuseong-gu", "SIG_KOR_NM": "유성구" }, "geometry": { "type": "MultiPolygon", "coordinates": [ [ [ [ 127.399478947468225, 36.457513017799037 ], [ 127.399439641802786, 36.45746190023322 ], [ 127.399372737526662, 36.457330041591199 ], [ 127.399351858510755, 36.457201975898528 ], [ 127.399366441837955, 36.456883712960206 ], [ 127.399261646029885, 36.456874771294409 ], [ 127.399250597216593, 36.456760190645078 ], [ 127.399281213210713, 36.45664547995117 ], [ 127.399288523889311, 36.456611374177484 ], [ 127.39928785803599, 36.456513655524574 ], [ 127.399275915461132, 36.45642724765063 ], [ 127.399277399740868, 36.456377111721835 ], [ 127.399289259705725, 36.4563446848464 ], [ 127.399326784932668, 36.45628542608145 ], [ 127.399446760679055, 36.456056079407212 ], [ 127.399574928114916, 36.455897382805624 ], [ 127.399720056505757, 36.455748488031759 ], [ 127.399909600121234, 36.455627055825417 ], [ 127.400226086373607, 36.455280452524519 ], [ 127.400687142154396, 36.455012233403984 ], [ 127.40082597949862, 36.454894897593007 ], [ 127.400795686078268, 36.454867405651669 ], [ 127.400543355876437, 36.454640987880076 ], [ 127.400466837775966, 36.454572521784854 ], [ 127.400453692027483, 36.454558480712024 ], [ 127.400399180508202, 36.454500385373166 ], [ 127.400338143133567, 36.454457505241507 ], [ 127.400262907946953, 36.454404237165356 ], [ 127.39997094064536, 36.454196252969318 ], [ 127.399857767865242, 36.454114697937577 ], [ 127.399460015372782, 36.453772739680545 ], [ 127.399375810189809, 36.4537014869031 ], [ 127.399345529251235, 36.453676247425072 ], [ 127.399158783033414, 36.453492692153354 ], [ 127.398600870433981, 36.452773627423916 ], [ 127.398574590328508, 36.45274752735164 ], [ 127.398085473768703, 36.452261683852647 ], [ 127.397961330615246, 36.45214747862061 ], [ 127.396939819274976, 36.451125805647479 ], [ 127.396790361179967, 36.451108845333515 ], [ 127.396198467140252, 36.451072504899102 ], [ 127.395831622769421, 36.451043591762776 ], [ 127.39574390047467, 36.451036555141009 ], [ 127.395242155729093, 36.450939922437556 ], [ 127.395021614969323, 36.450893050782135 ], [ 127.394623288692358, 36.45080791564363 ], [ 127.39425013977052, 36.450671997465811 ], [ 127.394052305737333, 36.450599708877952 ], [ 127.393745016932343, 36.450461887355431 ], [ 127.393533111836746, 36.450361771470881 ], [ 127.3926777612553, 36.449680268784256 ], [ 127.392197719641558, 36.449251251817223 ], [ 127.3919625590827, 36.448965625692345 ], [ 127.391881668149352, 36.448856625403387 ], [ 127.391773938631616, 36.448713919550748 ], [ 127.391665057377679, 36.448341134852299 ], [ 127.39119338551447, 36.447247782930873 ], [ 127.390978926003555, 36.446951093091123 ], [ 127.390732009009199, 36.446714507499642 ], [ 127.390641112467293, 36.446626932332343 ], [ 127.3906146852256, 36.446601687043412 ], [ 127.390604653028362, 36.446585102467537 ], [ 127.390557388243877, 36.446508099727701 ], [ 127.390517180435694, 36.446450484824688 ], [ 127.390501232483601, 36.446430828559734 ], [ 127.39036804743445, 36.446284266268705 ], [ 127.390249646922001, 36.44616778125345 ], [ 127.390147891530532, 36.446067570836838 ], [ 127.389990593335298, 36.445838297601895 ], [ 127.389831019206511, 36.445606490297664 ], [ 127.389635493346518, 36.445364950051285 ], [ 127.389518928959532, 36.445159748712278 ], [ 127.389508502160126, 36.445128791914499 ], [ 127.389504606489609, 36.445116990446593 ], [ 127.38948846002647, 36.445061838227012 ], [ 127.389444838304811, 36.444911883769208 ], [ 127.389433590297273, 36.444823499081068 ], [ 127.38940657284968, 36.444643635407644 ], [ 127.389355645574085, 36.444426397439351 ], [ 127.389301314523834, 36.444121307962142 ], [ 127.389320521586086, 36.443881592609266 ], [ 127.389314893080041, 36.443873446436541 ], [ 127.38932115704165, 36.443870326116695 ], [ 127.389347003283859, 36.443532588651344 ], [ 127.389340594937735, 36.443396877607732 ], [ 127.389336843746392, 36.44331099176344 ], [ 127.389333735563724, 36.442964345799446 ], [ 127.389333070841758, 36.442761299847724 ], [ 127.389394984461802, 36.442353614672498 ], [ 127.389441735962734, 36.442045934771613 ], [ 127.389489656353419, 36.441870062916692 ], [ 127.38946339416205, 36.441846204588884 ], [ 127.389725917979888, 36.441511923967283 ], [ 127.389774925503559, 36.441446998605826 ], [ 127.389869293425718, 36.441323909333875 ], [ 127.38996587501741, 36.441121394023533 ], [ 127.389956491684714, 36.441096084087178 ], [ 127.390033004985341, 36.440953335511402 ], [ 127.390161446904301, 36.440745660861168 ], [ 127.390191132795593, 36.440653195855248 ], [ 127.390260663867707, 36.4404457038668 ], [ 127.390305039709503, 36.4403267150646 ], [ 127.390349033169898, 36.440200410112553 ], [ 127.390405198506699, 36.440039145743164 ], [ 127.390446785727349, 36.439920174977011 ], [ 127.390450394628118, 36.43991029557418 ], [ 127.390493880396065, 36.43978962443294 ], [ 127.390562275898432, 36.439667754666281 ], [ 127.390590148053064, 36.43966343741436 ], [ 127.390664833910066, 36.439651082459193 ], [ 127.390732113209637, 36.439582708784727 ], [ 127.390700557519537, 36.439546206751402 ], [ 127.390821288726784, 36.439432321656334 ], [ 127.390847238237626, 36.439393667601792 ], [ 127.390873512357672, 36.439353020930341 ], [ 127.390881459603222, 36.439340892500034 ], [ 127.3909523680435, 36.439228854918923 ], [ 127.391034176642563, 36.439144384104459 ], [ 127.391163191066738, 36.439014422062726 ], [ 127.391186576384086, 36.438915795428777 ], [ 127.391192198979155, 36.438891563042432 ], [ 127.391218158522733, 36.438783610055481 ], [ 127.391410996777452, 36.438666388977133 ], [ 127.391546967173085, 36.438605116863755 ], [ 127.391795590399937, 36.438492218670049 ], [ 127.39225392164856, 36.438286274388389 ], [ 127.392431255904029, 36.438204869246334 ], [ 127.392721896999234, 36.438093534711363 ], [ 127.393047315903331, 36.437934207048201 ], [ 127.393400477385526, 36.437818421360184 ], [ 127.393438243154364, 36.437805618132764 ], [ 127.393607719270719, 36.43772114607853 ], [ 127.393860634840763, 36.437593603739323 ], [ 127.393857437052489, 36.437445761735624 ], [ 127.394034916902228, 36.437462633704882 ], [ 127.394508954403747, 36.437609206041664 ], [ 127.394772111011974, 36.436887974118974 ], [ 127.395081163957698, 36.436387102931477 ], [ 127.395385797987515, 36.435981416499217 ], [ 127.396456512894787, 36.43475710214593 ], [ 127.396989300813473, 36.434431201853627 ], [ 127.397331125997027, 36.434145078641741 ], [ 127.39908617731507, 36.432840177305046 ], [ 127.399807622383605, 36.432064743336788 ], [ 127.400437303585633, 36.431476042705484 ], [ 127.401322905706834, 36.430810739841156 ], [ 127.401742767558787, 36.430491107937385 ], [ 127.40297955634459, 36.429576788073902 ], [ 127.404874977670829, 36.428669243603387 ], [ 127.406069989422591, 36.428009609372587 ], [ 127.406631881007925, 36.42760133680769 ], [ 127.406788110436864, 36.427487603371873 ], [ 127.407281671234543, 36.427141514143678 ], [ 127.407542920490627, 36.426719335466025 ], [ 127.408251446122378, 36.42663441404342 ], [ 127.409335802937605, 36.425917395899511 ], [ 127.409978916571077, 36.425653294455778 ], [ 127.410574248362209, 36.425481442427575 ], [ 127.411022947803417, 36.425291508592224 ], [ 127.411851802068597, 36.425031554029289 ], [ 127.41213783525032, 36.424855971631601 ], [ 127.412696859768161, 36.424707321513104 ], [ 127.412922161644104, 36.42461192399518 ], [ 127.413019081974028, 36.424488807442557 ], [ 127.413131067288305, 36.424346777671673 ], [ 127.413247713734407, 36.423869041918763 ], [ 127.413257265302732, 36.423830151112611 ], [ 127.413381745102384, 36.423647228582496 ], [ 127.413428071628744, 36.423576670423564 ], [ 127.413539032654484, 36.423407888449347 ], [ 127.414696756395216, 36.422316299922059 ], [ 127.414897293138068, 36.422088063745782 ], [ 127.415234850309943, 36.421675741853889 ], [ 127.415467730590123, 36.421369667858784 ], [ 127.415559241722221, 36.42124572086589 ], [ 127.415672359843001, 36.421089879010196 ], [ 127.41583753321423, 36.420895277903142 ], [ 127.415881479808618, 36.420837108924552 ], [ 127.416010358697378, 36.420665730170839 ], [ 127.416169902061924, 36.420459036589683 ], [ 127.416382109948955, 36.420198369763348 ], [ 127.416711511383568, 36.419796489324199 ], [ 127.416928004034219, 36.419553829751145 ], [ 127.417023769371696, 36.419446493158269 ], [ 127.417236256418207, 36.419172306458357 ], [ 127.417537400415924, 36.418765169200086 ], [ 127.417745852938893, 36.418389615446529 ], [ 127.417931694053394, 36.418087647562579 ], [ 127.418158197941423, 36.417700206921374 ], [ 127.418287130005709, 36.417473899926655 ], [ 127.418515494670601, 36.417043088391324 ], [ 127.41868237568309, 36.416616140896835 ], [ 127.418916453310644, 36.416312029351289 ], [ 127.419022084794307, 36.416159869102678 ], [ 127.419103070404333, 36.416056799893738 ], [ 127.419314913192892, 36.415863157099757 ], [ 127.419608899342151, 36.415489553554188 ], [ 127.419723944701317, 36.415305260476707 ], [ 127.419876203437042, 36.414818940093944 ], [ 127.420252541242789, 36.413690894479721 ], [ 127.42026507885619, 36.413332640273239 ], [ 127.420259249799074, 36.412734796508786 ], [ 127.420235162320012, 36.412627868464 ], [ 127.419976454233705, 36.412007823374452 ], [ 127.419831308011709, 36.411675750503122 ], [ 127.419630364654992, 36.411302473602639 ], [ 127.419052916795863, 36.410398541591093 ], [ 127.418879882029543, 36.410062059168631 ], [ 127.418680994496427, 36.409712996498577 ], [ 127.418611999262637, 36.40958031662467 ], [ 127.418476940873177, 36.40937323344243 ], [ 127.418364260748419, 36.409183257079576 ], [ 127.41760785566602, 36.407934699277497 ], [ 127.417408034939612, 36.40760506656612 ], [ 127.41756094177218, 36.407468224673394 ], [ 127.417549518292446, 36.407447997408028 ], [ 127.417383769742244, 36.407170900635798 ], [ 127.417161134032838, 36.406873166830536 ], [ 127.417044469847909, 36.406716717091491 ], [ 127.416866033885725, 36.406476557152267 ], [ 127.416761198116987, 36.406317813085337 ], [ 127.416504113188566, 36.406224364379199 ], [ 127.416053972421594, 36.405987688317857 ], [ 127.415695493102675, 36.405759136541811 ], [ 127.415660354789026, 36.405736161692687 ], [ 127.415614720080228, 36.405703652919165 ], [ 127.415478682756842, 36.405605564768919 ], [ 127.41533584016544, 36.405472850470581 ], [ 127.415257679191257, 36.405350617697792 ], [ 127.414972162488837, 36.404887230132388 ], [ 127.414499979566656, 36.404302263244368 ], [ 127.41420551167441, 36.403856369165254 ], [ 127.413835549612557, 36.403297801664685 ], [ 127.413671151059532, 36.402974510389591 ], [ 127.413591935594681, 36.402552365139933 ], [ 127.413530908025393, 36.401780678272139 ], [ 127.413535171571326, 36.401203074146451 ], [ 127.41351100307277, 36.399661335765167 ], [ 127.413369750309514, 36.398870207764453 ], [ 127.413242783787382, 36.398177031428361 ], [ 127.412872059375943, 36.397697873202773 ], [ 127.412627308123945, 36.397359942659534 ], [ 127.412213190032205, 36.396644376991475 ], [ 127.41217030785262, 36.396570178686453 ], [ 127.411970506811102, 36.396166469628483 ], [ 127.411722684579559, 36.395840650262713 ], [ 127.411582092041215, 36.395102469515983 ], [ 127.411472577764428, 36.394578477925506 ], [ 127.411395830792344, 36.393529168026632 ], [ 127.411358445721618, 36.393042948628164 ], [ 127.411314431405643, 36.392586895767863 ], [ 127.411310397591706, 36.392548889612193 ], [ 127.411210847816704, 36.391964323330534 ], [ 127.411170728707702, 36.391455863441095 ], [ 127.411172908580497, 36.390974861003919 ], [ 127.41117225209284, 36.390718032206728 ], [ 127.411174908218513, 36.390459506864772 ], [ 127.411232101137955, 36.389975774377049 ], [ 127.411308522259105, 36.389505222935433 ], [ 127.411338539277835, 36.389284614669883 ], [ 127.411365347923592, 36.389083455458888 ], [ 127.411376656102405, 36.388980621125235 ], [ 127.411458558991697, 36.388592840449093 ], [ 127.411550643430289, 36.388153207929847 ], [ 127.411619522168664, 36.387773077610653 ], [ 127.411726410895653, 36.387368314102218 ], [ 127.411768654375805, 36.38728593797908 ], [ 127.411919984489316, 36.386988313986429 ], [ 127.411928465269284, 36.386746385890966 ], [ 127.411904140537146, 36.386325455497278 ], [ 127.411846039614332, 36.385773972566341 ], [ 127.411829842869778, 36.385311056044458 ], [ 127.411792243867424, 36.383589406056096 ], [ 127.411778672105442, 36.383161391383055 ], [ 127.41177828604178, 36.383119722944819 ], [ 127.411781193818996, 36.382247549587234 ], [ 127.411778343426064, 36.382137734658826 ], [ 127.41176208357173, 36.381791969239956 ], [ 127.411635802053823, 36.38128887806127 ], [ 127.411519306545742, 36.380991605793909 ], [ 127.411206437265434, 36.380370038615759 ], [ 127.411099180947105, 36.380172150520806 ], [ 127.410822228742262, 36.379857413310177 ], [ 127.409936078231667, 36.378828325932368 ], [ 127.409856263023428, 36.378681312637184 ], [ 127.409818983444083, 36.378612726349594 ], [ 127.409667091802277, 36.378491749750012 ], [ 127.409375378932339, 36.378259408622988 ], [ 127.409009422818698, 36.37797285291812 ], [ 127.408549051819207, 36.37767478553031 ], [ 127.408420462077601, 36.377591865967482 ], [ 127.408003015830644, 36.377346025860263 ], [ 127.407559437533678, 36.377063388469203 ], [ 127.407081343609747, 36.376874082980528 ], [ 127.406487209996371, 36.376667704442944 ], [ 127.405683398938677, 36.376423453688183 ], [ 127.405087510348366, 36.376249173552381 ], [ 127.404337096690142, 36.376259591492591 ], [ 127.40392779404722, 36.376305749802043 ], [ 127.403520013946263, 36.376242914808969 ], [ 127.403153044476227, 36.376146487946087 ], [ 127.402907316716664, 36.376081918438466 ], [ 127.402564843243823, 36.376054060196772 ], [ 127.402301120123042, 36.376034110353089 ], [ 127.401633498508446, 36.375755581625064 ], [ 127.400963068680696, 36.375574204033555 ], [ 127.400577668417569, 36.375390762430357 ], [ 127.400926257512452, 36.374982938064129 ], [ 127.40024644442542, 36.374666710504187 ], [ 127.399749540468079, 36.37446898536458 ], [ 127.397925365833657, 36.373903371645653 ], [ 127.397328652622093, 36.373763696136798 ], [ 127.396438093847053, 36.373672021176176 ], [ 127.39603100229921, 36.373599627084701 ], [ 127.395553479905459, 36.373514706159575 ], [ 127.394977969257198, 36.373438871457012 ], [ 127.394235749202977, 36.373341065236119 ], [ 127.39308621109457, 36.373131379726978 ], [ 127.392844980828187, 36.372629491380948 ], [ 127.392652856038268, 36.372126306265031 ], [ 127.392787431665226, 36.371754902378214 ], [ 127.392838244914756, 36.371614666239033 ], [ 127.392900457026528, 36.371442970421143 ], [ 127.392902937798212, 36.371436123858331 ], [ 127.392910288513789, 36.371415836963564 ], [ 127.392910813485372, 36.371414388118737 ], [ 127.392916742761386, 36.37140522684809 ], [ 127.392914442032094, 36.37140611912276 ], [ 127.392678536474833, 36.37149760827586 ], [ 127.392602707254781, 36.371517832575314 ], [ 127.392385303271013, 36.371535954584978 ], [ 127.392144321251664, 36.371556559407502 ], [ 127.392058002980875, 36.371551632883921 ], [ 127.391879072618153, 36.371539970849931 ], [ 127.391700579184572, 36.37151761029066 ], [ 127.391504855579058, 36.371490232152446 ], [ 127.391178901967237, 36.371420671446273 ], [ 127.390991917981452, 36.371346926046336 ], [ 127.390877769377752, 36.371300563704324 ], [ 127.390814528984876, 36.371284422662292 ], [ 127.390695289418886, 36.371253982300317 ], [ 127.390576687537177, 36.37122179148168 ], [ 127.390234952624269, 36.371175980230383 ], [ 127.39019206652614, 36.371170108992864 ], [ 127.389899668663205, 36.371136617394917 ], [ 127.389751412473558, 36.371142010631488 ], [ 127.389613101010809, 36.37114616381686 ], [ 127.389516938739305, 36.371149179664961 ], [ 127.389442147138411, 36.371151783600972 ], [ 127.389275436909742, 36.371157019888997 ], [ 127.3891153536226, 36.371166091431462 ], [ 127.388894223439024, 36.371163077840976 ], [ 127.3888250037067, 36.371163491515162 ], [ 127.388802309655986, 36.371166692130352 ], [ 127.388776853956301, 36.371170271171067 ], [ 127.388494583849734, 36.371199365278201 ], [ 127.388172998251648, 36.371248339514302 ], [ 127.387901688710073, 36.371278901692918 ], [ 127.387796648848351, 36.371289451576004 ], [ 127.387526669010981, 36.371318557727975 ], [ 127.387401281579102, 36.371331389874051 ], [ 127.386967126617478, 36.371376083419904 ], [ 127.386660278599763, 36.371410830706125 ], [ 127.386578604258318, 36.371421060874496 ], [ 127.386450087550799, 36.371434361703471 ], [ 127.385973217677517, 36.371467411033962 ], [ 127.385774806815348, 36.37148230581608 ], [ 127.385562965945951, 36.37148086926895 ], [ 127.385495066169284, 36.371480105256417 ], [ 127.385339135976778, 36.371470576363656 ], [ 127.385130658278555, 36.371468704696788 ], [ 127.384999452193412, 36.371472207922828 ], [ 127.384997121028533, 36.371471755811491 ], [ 127.38440461765812, 36.371477774578693 ], [ 127.384116525110528, 36.371483527813893 ], [ 127.383695772992112, 36.371478151874612 ], [ 127.383365215964744, 36.371486724610293 ], [ 127.38315360415767, 36.37148655370207 ], [ 127.382841695977319, 36.371487270332942 ], [ 127.381932527758693, 36.371480661567873 ], [ 127.381448076497293, 36.371490448891286 ], [ 127.380524958973794, 36.371514125901555 ], [ 127.380521170707127, 36.371514219024782 ], [ 127.380142664598466, 36.371525305019553 ], [ 127.380092221519149, 36.371516642469317 ], [ 127.38006437920663, 36.37151302690549 ], [ 127.379895103026627, 36.371973536045338 ], [ 127.379738582884102, 36.371984926774601 ], [ 127.379674748963581, 36.372002359136424 ], [ 127.379031006062547, 36.372011135841042 ], [ 127.37902326485063, 36.372009538205539 ], [ 127.378452183905907, 36.372015225465063 ], [ 127.378113883017832, 36.372013003137255 ], [ 127.377829525379397, 36.372010411686929 ], [ 127.377798129668705, 36.37200940214521 ], [ 127.377101137015245, 36.37196120226811 ], [ 127.376383894734701, 36.371877537918564 ], [ 127.375924080558136, 36.371794811009828 ], [ 127.375433934461981, 36.371688638822256 ], [ 127.375400222907871, 36.371681021342681 ], [ 127.374708204533135, 36.371504510992274 ], [ 127.374099024895088, 36.371154363023138 ], [ 127.373696630632494, 36.370747172926798 ], [ 127.373551793786874, 36.370635311759742 ], [ 127.37338917443023, 36.370509726942146 ], [ 127.373028799477098, 36.370276554043848 ], [ 127.37253213787659, 36.369994572674287 ], [ 127.372358195322619, 36.369910231916819 ], [ 127.371990955954658, 36.369732165435714 ], [ 127.37195685730876, 36.369720213570808 ], [ 127.371399438157795, 36.369524864686156 ], [ 127.371266008691677, 36.369477119405197 ], [ 127.370641472432069, 36.369181341450897 ], [ 127.370195060182098, 36.368953994922762 ], [ 127.369716291712621, 36.368589525851895 ], [ 127.369317636491118, 36.368159410577178 ], [ 127.369009021120021, 36.367668116173604 ], [ 127.368729369323745, 36.367126996522288 ], [ 127.368598586953937, 36.366846910347071 ], [ 127.368506292481712, 36.366659453859086 ], [ 127.367998267880196, 36.365882522472901 ], [ 127.367932826099803, 36.365794183566365 ], [ 127.367590414456558, 36.365391492494979 ], [ 127.367262988992721, 36.365073689506936 ], [ 127.366790397474574, 36.364687759717548 ], [ 127.366443454102168, 36.364479109376504 ], [ 127.366381160892686, 36.364441639862754 ], [ 127.365772374972067, 36.364189593683285 ], [ 127.365604270153, 36.364129439518933 ], [ 127.36519437760947, 36.363982761347224 ], [ 127.364933833820857, 36.363921734086567 ], [ 127.364329444343298, 36.363777203414095 ], [ 127.364007992075926, 36.363700327311449 ], [ 127.363473824478888, 36.363543891082685 ], [ 127.362790142917191, 36.363382686895598 ], [ 127.362369095122673, 36.362939179197483 ], [ 127.361754111508446, 36.3622968445396 ], [ 127.361714266714728, 36.362253095838248 ], [ 127.361481537189221, 36.362007219795338 ], [ 127.36124572666364, 36.361779123585592 ], [ 127.361024371901493, 36.361517847469827 ], [ 127.360616612911656, 36.361081349562546 ], [ 127.360248228345966, 36.360685014204272 ], [ 127.359815025992972, 36.360223240017504 ], [ 127.359755226022415, 36.360159481475108 ], [ 127.359738050382205, 36.360141086066491 ], [ 127.359341848322799, 36.359716714788235 ], [ 127.358952491595986, 36.35929967520763 ], [ 127.358544343863969, 36.3588583589328 ], [ 127.358528734268702, 36.358858279412004 ], [ 127.358525675818896, 36.358832641307586 ], [ 127.358513095124579, 36.358727314326728 ], [ 127.358503564649084, 36.35870192986232 ], [ 127.358259433005571, 36.357996458611872 ], [ 127.358140363521258, 36.357524764115652 ], [ 127.358103067622764, 36.357271890452303 ], [ 127.358079976404056, 36.357167874422416 ], [ 127.358071332424018, 36.357129149979123 ], [ 127.355821762438481, 36.355571503389889 ], [ 127.355371914868925, 36.355269809479545 ], [ 127.353909026289955, 36.354288686727571 ], [ 127.353902042152455, 36.354284003223491 ], [ 127.353830904509948, 36.354268424519141 ], [ 127.353824255100108, 36.354268795581021 ], [ 127.353813250694429, 36.354269404775074 ], [ 127.353697559473162, 36.354275774644137 ], [ 127.353683692556515, 36.354276536450392 ], [ 127.353123274018955, 36.354303617858882 ], [ 127.352692109788009, 36.354298136085596 ], [ 127.352200246650497, 36.354078244566992 ], [ 127.351734951272235, 36.353842142216159 ], [ 127.350989132537151, 36.353610544610284 ], [ 127.350921055061633, 36.353566487287445 ], [ 127.350674371047006, 36.353430501030097 ], [ 127.350298737133542, 36.352958024682422 ], [ 127.350044302193652, 36.35258710688376 ], [ 127.349867877699097, 36.35220411073707 ], [ 127.349815422093172, 36.352090247707494 ], [ 127.349581868557692, 36.35151890198118 ], [ 127.3494402481073, 36.351200264390442 ], [ 127.349293447512366, 36.350818776101704 ], [ 127.349170111157122, 36.350249667917879 ], [ 127.349096055017114, 36.349731882014822 ], [ 127.349163690740383, 36.349178934764801 ], [ 127.349396948695869, 36.348369014395011 ], [ 127.349398934340712, 36.348362114664432 ], [ 127.349587323241309, 36.347914207279267 ], [ 127.349706815852656, 36.347677797676631 ], [ 127.350019457194122, 36.347102867998125 ], [ 127.350139405792049, 36.346879352351557 ], [ 127.350603026764787, 36.346316533819689 ], [ 127.350657207144579, 36.346230989654522 ], [ 127.350765058713861, 36.346060704777358 ], [ 127.350939213746955, 36.345788366666142 ], [ 127.351053754813591, 36.345415262594187 ], [ 127.35111633925203, 36.345211433045399 ], [ 127.35137577162692, 36.344739064289421 ], [ 127.351692231850748, 36.344303376703031 ], [ 127.35179987367647, 36.343910763688974 ], [ 127.351883874212248, 36.343403185446462 ], [ 127.351980794062911, 36.342766089013381 ], [ 127.352035630441407, 36.342328202527987 ], [ 127.352121995926765, 36.341886708922488 ], [ 127.352268807652123, 36.341215743901813 ], [ 127.352396326056748, 36.340696628523823 ], [ 127.352567495887754, 36.34025445289754 ], [ 127.352719859864976, 36.339866483638239 ], [ 127.352963081645044, 36.339213383779644 ], [ 127.353147001758273, 36.338813984378788 ], [ 127.353395022628277, 36.338268505326532 ], [ 127.353454546536966, 36.338134686339899 ], [ 127.353546427141694, 36.337810165255299 ], [ 127.353688707988923, 36.337309866269415 ], [ 127.3537357490994, 36.337088003406869 ], [ 127.353766024874375, 36.336999310991537 ], [ 127.353827671419324, 36.336800475023772 ], [ 127.353934492400683, 36.336445359814462 ], [ 127.354131660682626, 36.335980350424535 ], [ 127.354426062127516, 36.335438634232183 ], [ 127.354574280636712, 36.334992576037685 ], [ 127.354500423374418, 36.334471565426348 ], [ 127.354446025937236, 36.334217397347551 ], [ 127.354365335615228, 36.333847920804168 ], [ 127.354179709887262, 36.33348200710428 ], [ 127.354146119293347, 36.333064647273261 ], [ 127.353840364716831, 36.332592424635102 ], [ 127.353781538988628, 36.332296427793231 ], [ 127.353777588141725, 36.332274838339913 ], [ 127.353753152412921, 36.332154063136123 ], [ 127.353496764979525, 36.332151718483551 ], [ 127.353480841403183, 36.332151981632762 ], [ 127.353257129311373, 36.332155767335223 ], [ 127.353078525030753, 36.332156382962374 ], [ 127.35296997818115, 36.332156756281215 ], [ 127.35274929340774, 36.332157512933435 ], [ 127.35241986401158, 36.332158643065064 ], [ 127.352243841858453, 36.332159249863608 ], [ 127.352086126594386, 36.332159783419272 ], [ 127.352083314920691, 36.332159792929339 ], [ 127.351868535579129, 36.332160530876585 ], [ 127.351746549160268, 36.332160951492739 ], [ 127.351419487008059, 36.332162071686803 ], [ 127.35108453710501, 36.33216321405699 ], [ 127.351003017436, 36.332163497523432 ], [ 127.350754692224641, 36.33216434057114 ], [ 127.350426689232918, 36.332165460797903 ], [ 127.350347968098674, 36.33216573564755 ], [ 127.350099030034997, 36.332166579126344 ], [ 127.350021932422905, 36.332166849021554 ], [ 127.349686053808881, 36.332167990180892 ], [ 127.349352149515312, 36.332169133662099 ], [ 127.349165740590635, 36.332169767094051 ], [ 127.349022430756477, 36.332170255028849 ], [ 127.348897328419454, 36.332170681797074 ], [ 127.348793848822268, 36.332171027583257 ], [ 127.348687426187553, 36.332171390840607 ], [ 127.348528122326911, 36.332171934590541 ], [ 127.348352228794411, 36.332172535284741 ], [ 127.348110003741255, 36.332173355134984 ], [ 127.3480274067702, 36.332173630684466 ], [ 127.347691696736732, 36.332174774762535 ], [ 127.347584148188389, 36.332175140298808 ], [ 127.3474889893034, 36.332175460879569 ], [ 127.347411246939245, 36.332175721932011 ], [ 127.347318936536695, 36.332176034070351 ], [ 127.347249254630654, 36.332176271758257 ], [ 127.346972434598882, 36.332177207397919 ], [ 127.346945782408838, 36.332177302456074 ], [ 127.346906889912759, 36.332177475958638 ], [ 127.346883718000868, 36.332177508857356 ], [ 127.346077015500853, 36.33218024282278 ], [ 127.346047734882006, 36.33218033624663 ], [ 127.344796176851617, 36.332184559426388 ], [ 127.344610842558865, 36.332185157282126 ], [ 127.344566055540767, 36.332185332111102 ], [ 127.344516028054997, 36.332185498938259 ], [ 127.344253755764839, 36.332186188271713 ], [ 127.343991967147318, 36.332186875643714 ], [ 127.343859796460691, 36.3321869659367 ], [ 127.343563618929593, 36.332188706113477 ], [ 127.343269901351093, 36.332189690548915 ], [ 127.343252678566557, 36.332189748808062 ], [ 127.340998421293804, 36.332197290740588 ], [ 127.340655873166924, 36.332198434480986 ], [ 127.340172134832073, 36.332200040480174 ], [ 127.339909130222438, 36.332200920613602 ], [ 127.339807862593062, 36.332201252357322 ], [ 127.33964759335548, 36.332201787004053 ], [ 127.339613189488588, 36.332201902357966 ], [ 127.339335519381024, 36.332202822715715 ], [ 127.33904280244623, 36.332203793935463 ], [ 127.338925022935257, 36.33220418958534 ], [ 127.338640035454901, 36.332205137997079 ], [ 127.338529907407704, 36.332205502662667 ], [ 127.338448280320179, 36.332205768857804 ], [ 127.33825447590597, 36.33220641419657 ], [ 127.338142565841238, 36.332206783526146 ], [ 127.33814241240006, 36.332119343173062 ], [ 127.338142250345399, 36.332022134130789 ], [ 127.338142131603107, 36.331953113647522 ], [ 127.338139665440494, 36.331799272385979 ], [ 127.338141865416048, 36.331792867863143 ], [ 127.338157703368026, 36.331746322739619 ], [ 127.338208572263042, 36.331506377373515 ], [ 127.338211203250566, 36.331444184984221 ], [ 127.338210315954029, 36.331237983159454 ], [ 127.338180546212627, 36.33117933059534 ], [ 127.338138532012763, 36.33112159365055 ], [ 127.338136740587245, 36.33013562541057 ], [ 127.337034378072957, 36.330139896662651 ], [ 127.336014541820191, 36.330143746545382 ], [ 127.335909039113702, 36.3301442129967 ], [ 127.335907848627954, 36.329920872451567 ], [ 127.335907754878789, 36.329903284356561 ], [ 127.335906564029585, 36.329683332475682 ], [ 127.335906484129112, 36.329668369791953 ], [ 127.335905638137092, 36.329509949058185 ], [ 127.335905502234652, 36.329483356296457 ], [ 127.335905104851776, 36.329408592253365 ], [ 127.335903147742997, 36.329044442529266 ], [ 127.335901602767592, 36.328755866768333 ], [ 127.335901511499372, 36.328739723423915 ], [ 127.335900166683032, 36.328487877675009 ], [ 127.3358999505501, 36.32844740187587 ], [ 127.335897103733032, 36.327916235010854 ], [ 127.335896328161795, 36.327771683524581 ], [ 127.33589451643337, 36.327433689744844 ], [ 127.335963092270774, 36.3274335128419 ], [ 127.335951485619162, 36.327364163911398 ], [ 127.335935176967382, 36.327266720660432 ], [ 127.336003578568281, 36.327232410825516 ], [ 127.336980321434524, 36.326573889393501 ], [ 127.337096401089028, 36.325672588167436 ], [ 127.337292721803706, 36.325169398146862 ], [ 127.337159726039275, 36.324673116788482 ], [ 127.337006281352416, 36.324365580428662 ], [ 127.337002406132228, 36.324357859233842 ], [ 127.336752080206793, 36.323859194079873 ], [ 127.33675966063619, 36.323320171626555 ], [ 127.336756162694883, 36.323247114244296 ], [ 127.336733708055263, 36.323143245456684 ], [ 127.336697667408117, 36.32297653105605 ], [ 127.33663648115953, 36.322693498131386 ], [ 127.336689090135124, 36.322462244502091 ], [ 127.336782397755101, 36.322050623820552 ], [ 127.336803746496102, 36.321957157225299 ], [ 127.337105863592441, 36.321139403867392 ], [ 127.337334703029512, 36.320722220324541 ], [ 127.337706742698245, 36.319224891327771 ], [ 127.337556639804404, 36.319099752742403 ], [ 127.337545729500377, 36.31909003270416 ], [ 127.337426107708254, 36.318983489609494 ], [ 127.337559971255516, 36.318495758054553 ], [ 127.337754220055416, 36.317805353468522 ], [ 127.338522328673477, 36.317775362088568 ], [ 127.339737262219458, 36.317713651615399 ], [ 127.339538919489954, 36.317008241271104 ], [ 127.339443766855908, 36.316336616997951 ], [ 127.339403999720645, 36.31605592154483 ], [ 127.339371186722886, 36.315824310140187 ], [ 127.339373322688061, 36.315570965747391 ], [ 127.339881767038065, 36.314621356091877 ], [ 127.339787397795831, 36.314449048107704 ], [ 127.33936166619344, 36.314330260602354 ], [ 127.339302249542897, 36.314239175381239 ], [ 127.339202281516734, 36.314085924693714 ], [ 127.339108532376258, 36.313623075439232 ], [ 127.339042778129155, 36.313248466957667 ], [ 127.339042756746821, 36.313248345139762 ], [ 127.337742618200622, 36.31345226832773 ], [ 127.337482074056709, 36.313453334310871 ], [ 127.337509048310807, 36.312943364346303 ], [ 127.337176046262258, 36.312449896872664 ], [ 127.337042201084003, 36.312251536345705 ], [ 127.336584638741584, 36.312249566513209 ], [ 127.336470821361658, 36.312187848547921 ], [ 127.336213700562723, 36.312048426885596 ], [ 127.336229405032213, 36.311679558691097 ], [ 127.336086046249733, 36.311494903546311 ], [ 127.335918940384758, 36.311459477287485 ], [ 127.335843944716459, 36.311505692084133 ], [ 127.335694259321471, 36.311067183885363 ], [ 127.335643056437121, 36.310917146038605 ], [ 127.33561487077651, 36.310913647147302 ], [ 127.33557631343372, 36.310791456309921 ], [ 127.335301411671821, 36.310781437129663 ], [ 127.335063580160792, 36.310557753195503 ], [ 127.334921900198836, 36.310441986834405 ], [ 127.33464023216122, 36.310372300109869 ], [ 127.334473880370865, 36.310031668402459 ], [ 127.33446005261726, 36.310026750446731 ], [ 127.334343677223316, 36.309988143702405 ], [ 127.33390268642431, 36.309703157125838 ], [ 127.333527577867926, 36.309414696650066 ], [ 127.333332841269936, 36.309061174186837 ], [ 127.333309678879473, 36.308994812769669 ], [ 127.333195548011233, 36.308723280627213 ], [ 127.333194186875602, 36.308720004121732 ], [ 127.333120943295484, 36.30854342354349 ], [ 127.333084400531931, 36.30849349158985 ], [ 127.332962868118969, 36.308327480453315 ], [ 127.332743125739952, 36.30797312510331 ], [ 127.332664608754541, 36.307926157024404 ], [ 127.332606944392396, 36.307891661847798 ], [ 127.332606968166175, 36.307876491169687 ], [ 127.332606966625576, 36.307876463835647 ], [ 127.332606468395781, 36.307626568726349 ], [ 127.332606310756844, 36.307562946098244 ], [ 127.332606094850391, 36.30745745895053 ], [ 127.332605955513884, 36.30740465164159 ], [ 127.332605737355792, 36.307321973069726 ], [ 127.332605490373865, 36.307184544321409 ], [ 127.332605133197674, 36.307047386228113 ], [ 127.332604434414364, 36.306721337210512 ], [ 127.332603489101402, 36.30628024635795 ], [ 127.332603166308232, 36.306134405706878 ], [ 127.332601077018396, 36.305189813990708 ], [ 127.332600797578834, 36.305063130592394 ], [ 127.332600598856757, 36.304973980348116 ], [ 127.332600525776527, 36.304930354457021 ], [ 127.332488103139085, 36.304884525490642 ], [ 127.332487728347843, 36.304664098637978 ], [ 127.332487592155701, 36.304605522509704 ], [ 127.332487574829216, 36.304565413448827 ], [ 127.332506533053163, 36.304160829317887 ], [ 127.33250702387005, 36.304066204365256 ], [ 127.332507214800472, 36.304021816133535 ], [ 127.332508440160666, 36.303766405853779 ], [ 127.332485979209508, 36.303696870127006 ], [ 127.332491109117555, 36.302399908669152 ], [ 127.332494151860118, 36.302311107241117 ], [ 127.33249726053478, 36.302219466920533 ], [ 127.332483409337243, 36.3022191837265 ], [ 127.332483381300023, 36.3022125482549 ], [ 127.332482604563481, 36.301817924820966 ], [ 127.332483856864314, 36.301682176996046 ], [ 127.332483242879007, 36.301597468014634 ], [ 127.3320651088289, 36.30160304960792 ], [ 127.331807854901484, 36.301606752510651 ], [ 127.331674240470051, 36.301608671598615 ], [ 127.3314450356999, 36.301610746232008 ], [ 127.33125181255302, 36.301612495897828 ], [ 127.330613631156425, 36.301565942207418 ], [ 127.330295334237917, 36.301495642963154 ], [ 127.32994801123651, 36.301396997750189 ], [ 127.329882903732056, 36.301378506040408 ], [ 127.329626972943402, 36.301305816677406 ], [ 127.329401145291186, 36.301242092157871 ], [ 127.329362112794342, 36.301226338474862 ], [ 127.329265016538514, 36.301196415246608 ], [ 127.32902748457866, 36.301115797988764 ], [ 127.328873185948979, 36.301064601125347 ], [ 127.328758989726751, 36.301024197547228 ], [ 127.328493704365727, 36.300930336784425 ], [ 127.328076878392807, 36.300770886197654 ], [ 127.327879545823336, 36.30067833338547 ], [ 127.327692680666772, 36.300666407095619 ], [ 127.327279702219755, 36.300467651867649 ], [ 127.327020610229098, 36.300381844493089 ], [ 127.326912324705674, 36.300372794051846 ], [ 127.326260678775924, 36.30015829220882 ], [ 127.325060746910395, 36.299710623131666 ], [ 127.324736597941268, 36.299589687684893 ], [ 127.3246444382563, 36.299683475859972 ], [ 127.324583182411402, 36.299745816887565 ], [ 127.324190834403936, 36.299449586850159 ], [ 127.323957070104626, 36.299213387948754 ], [ 127.323900107060041, 36.299114411976099 ], [ 127.323799310065226, 36.29899563810762 ], [ 127.323725698145481, 36.298908872830218 ], [ 127.323636346473918, 36.298811786365825 ], [ 127.323624781459486, 36.298787936304329 ], [ 127.323484311426867, 36.298605105156973 ], [ 127.32346704098299, 36.298574511607598 ], [ 127.323416111229221, 36.298507601087479 ], [ 127.323371565014455, 36.298449865377499 ], [ 127.323347578329233, 36.298410368226087 ], [ 127.323327974904629, 36.298389081094399 ], [ 127.322548446040472, 36.29757057287506 ], [ 127.322321217428325, 36.297318375234447 ], [ 127.322203813138017, 36.297166481169015 ], [ 127.322139420421777, 36.297073742374181 ], [ 127.322007110615516, 36.296843034963835 ], [ 127.321951695598329, 36.296713233560105 ], [ 127.321925939669072, 36.296649138678028 ], [ 127.321896202663879, 36.296575222600111 ], [ 127.321882753150675, 36.296541481436641 ], [ 127.321874977632021, 36.296521974765128 ], [ 127.321576235613165, 36.295797650534091 ], [ 127.321172301535, 36.294823232241434 ], [ 127.321128697495979, 36.294717180936786 ], [ 127.320998544399842, 36.294399394636912 ], [ 127.320900983095314, 36.294380883734327 ], [ 127.32077328209013, 36.294038875940117 ], [ 127.320767800109564, 36.294037673986431 ], [ 127.320712809424563, 36.293896263620347 ], [ 127.320669871074202, 36.293766698331588 ], [ 127.320638241951642, 36.293671258045961 ], [ 127.320631029645483, 36.293649730106345 ], [ 127.320556623866267, 36.293445180802841 ], [ 127.320551972452563, 36.293431963906436 ], [ 127.320452736471736, 36.293190415287789 ], [ 127.320368130099311, 36.292979296427731 ], [ 127.320327712162268, 36.292873290367403 ], [ 127.320315420996323, 36.292807302758433 ], [ 127.320286354955499, 36.292651305040629 ], [ 127.320264749498591, 36.292528471867335 ], [ 127.320259372649033, 36.292487569639221 ], [ 127.320235172310575, 36.292405653881666 ], [ 127.320183533094095, 36.292275006873801 ], [ 127.320178895529892, 36.292263273840796 ], [ 127.320149902973668, 36.292189922565719 ], [ 127.320115759856463, 36.292088324486031 ], [ 127.320093858493777, 36.292024191846089 ], [ 127.320055766718212, 36.291904175151188 ], [ 127.320020678526177, 36.291750761747835 ], [ 127.320003962951006, 36.291653386701654 ], [ 127.319983611500973, 36.291534919690221 ], [ 127.319973109430435, 36.291435788728734 ], [ 127.319960609447577, 36.291317798725409 ], [ 127.319957068271492, 36.291230863336047 ], [ 127.319951737740197, 36.291099999080302 ], [ 127.319953020695976, 36.291022653870435 ], [ 127.319961674302064, 36.290952455983032 ], [ 127.319955870513439, 36.290899400984536 ], [ 127.319940323197216, 36.290870217141688 ], [ 127.319964384160073, 36.290844072928856 ], [ 127.319968363121376, 36.290776798298623 ], [ 127.319998108598725, 36.290542011974345 ], [ 127.32000995328265, 36.290448550055814 ], [ 127.320051811270588, 36.290131502729366 ], [ 127.320044712690617, 36.290129109317718 ], [ 127.320052938500993, 36.289904925163881 ], [ 127.32005927142238, 36.28968559722901 ], [ 127.320058505158443, 36.289423148729654 ], [ 127.320052890731205, 36.289246874923073 ], [ 127.32004018934569, 36.28902772383671 ], [ 127.32002116094624, 36.288808873970879 ], [ 127.319995800608311, 36.28859044548085 ], [ 127.319969295656122, 36.28840806158513 ], [ 127.319934875721401, 36.288266326573535 ], [ 127.319861323864814, 36.287999287182174 ], [ 127.31955857846323, 36.287551197095617 ], [ 127.319281391457352, 36.287140914877341 ], [ 127.319160839760045, 36.28696247711671 ], [ 127.318994251957122, 36.286779087824222 ], [ 127.318807798605633, 36.286656124784649 ], [ 127.31824174392699, 36.286282802937521 ], [ 127.31785495488586, 36.286075131371888 ], [ 127.317693077853932, 36.285990578387022 ], [ 127.317491762603169, 36.285922188273716 ], [ 127.31728856998032, 36.285849125652248 ], [ 127.317149012162261, 36.285822521793534 ], [ 127.317064749645397, 36.285814237046395 ], [ 127.317010002876629, 36.285818788279521 ], [ 127.31684565136797, 36.285782678947257 ], [ 127.316685282551816, 36.285726597747832 ], [ 127.316542918865721, 36.285702451786335 ], [ 127.316425019212261, 36.285702690250588 ], [ 127.316389722758672, 36.285702756166749 ], [ 127.316264464923876, 36.285686233871601 ], [ 127.316174730904166, 36.285679134433288 ], [ 127.316034743882213, 36.285681323112378 ], [ 127.316010018632909, 36.285688876953934 ], [ 127.31587129483276, 36.285731272784794 ], [ 127.315618680206683, 36.285752159120754 ], [ 127.315481480547675, 36.285738857552651 ], [ 127.315401372312095, 36.285731101432894 ], [ 127.314392125810386, 36.285737448113451 ], [ 127.314404209256921, 36.285545746670536 ], [ 127.314420471713575, 36.285275286914711 ], [ 127.314048581609839, 36.284258673522196 ], [ 127.31371829149586, 36.283165259690335 ], [ 127.31358123662109, 36.282516118418314 ], [ 127.312399811726479, 36.282489168437067 ], [ 127.312190550311129, 36.282507492601574 ], [ 127.31130080947635, 36.282509963142097 ], [ 127.311047490085812, 36.282006183097906 ], [ 127.31091903450428, 36.281039557261465 ], [ 127.310670880190699, 36.2805425488094 ], [ 127.310748704319508, 36.279792159224208 ], [ 127.310272285488367, 36.278806128005243 ], [ 127.310502380862772, 36.278154393974496 ], [ 127.310277643071558, 36.277769998676007 ], [ 127.309873329365857, 36.277632593379579 ], [ 127.309723195732445, 36.277374539527472 ], [ 127.30953423456414, 36.277369538196396 ], [ 127.309528301385967, 36.277369301147758 ], [ 127.308997078357137, 36.27728620948433 ], [ 127.308559997547107, 36.277164465407544 ], [ 127.30864657510493, 36.276797489115644 ], [ 127.308666065241937, 36.27640305483343 ], [ 127.308728183108613, 36.276250325171787 ], [ 127.308783805954832, 36.276113067433513 ], [ 127.308857275055104, 36.275931786122214 ], [ 127.309011505589751, 36.275675093485795 ], [ 127.309099710410905, 36.275542293763401 ], [ 127.309297144950207, 36.275376418883226 ], [ 127.309901368042176, 36.27523087139506 ], [ 127.309911242714108, 36.274860883651527 ], [ 127.309875621126864, 36.273744104370323 ], [ 127.30991775287437, 36.273530821054983 ], [ 127.310034187523243, 36.272970544043943 ], [ 127.310513583367609, 36.272442790507064 ], [ 127.308911528355537, 36.272047199657656 ], [ 127.308256482878477, 36.272165377459572 ], [ 127.307872764159768, 36.272457037481985 ], [ 127.306704578459886, 36.272320881755519 ], [ 127.306511145563547, 36.272161622592598 ], [ 127.305520783045381, 36.271780096242082 ], [ 127.305062179788905, 36.271514222687522 ], [ 127.304507033805123, 36.271340179196642 ], [ 127.303992349947066, 36.271132966389345 ], [ 127.302946585553514, 36.270712564529873 ], [ 127.302867273552522, 36.270693388975793 ], [ 127.302529673905823, 36.270602931336221 ], [ 127.302001199785082, 36.270543727877879 ], [ 127.301464665133551, 36.270503854650322 ], [ 127.301211422199273, 36.270351450642181 ], [ 127.300754842245325, 36.270326901218297 ], [ 127.300444809966379, 36.270048823492793 ], [ 127.30042514026421, 36.270041681215723 ], [ 127.299411121123796, 36.269572955647867 ], [ 127.298877123561354, 36.269375366421528 ], [ 127.297883158899012, 36.268628184389883 ], [ 127.297760738685469, 36.26839125117403 ], [ 127.297317129196159, 36.268013771055621 ], [ 127.296940552237956, 36.2675065785618 ], [ 127.296757736712436, 36.267268153282949 ], [ 127.295736193701643, 36.267474924015836 ], [ 127.294003001973621, 36.265707628292844 ], [ 127.29350296062448, 36.26504002745942 ], [ 127.293370931814522, 36.264479660042021 ], [ 127.293301306361684, 36.264163388136751 ], [ 127.292881222619584, 36.264178407655905 ], [ 127.292842914622611, 36.264182988871291 ], [ 127.292511569320581, 36.264228953854676 ], [ 127.292359870829159, 36.26429476684455 ], [ 127.292287715674149, 36.264327583179607 ], [ 127.292261705667045, 36.264320581128764 ], [ 127.291935217074396, 36.264241880918384 ], [ 127.291915685468197, 36.264235367723806 ], [ 127.29175087404451, 36.264688171232009 ], [ 127.291526537517257, 36.264963801864837 ], [ 127.291322567756296, 36.26518924083809 ], [ 127.291222440569797, 36.265295859182217 ], [ 127.291126011500467, 36.265412552735185 ], [ 127.290978428727854, 36.265508985244566 ], [ 127.290738672422634, 36.26566636228484 ], [ 127.290622524872148, 36.265720200470007 ], [ 127.29046056186715, 36.265795137814038 ], [ 127.290298705118602, 36.265853682145732 ], [ 127.290136323874819, 36.265911894086067 ], [ 127.289787372944332, 36.265890467430388 ], [ 127.289211516984793, 36.26579338167992 ], [ 127.28828780651024, 36.265599619631494 ], [ 127.287763387291434, 36.265486749983239 ], [ 127.287469611756933, 36.265367397003942 ], [ 127.287422977529005, 36.265344113755837 ], [ 127.287077318919927, 36.265171578785036 ], [ 127.286506293074723, 36.264949753571237 ], [ 127.285862606511259, 36.264814639110199 ], [ 127.285408775216368, 36.264789132299079 ], [ 127.284780212307609, 36.264773455111687 ], [ 127.284568075730448, 36.264776300437781 ], [ 127.284049576788433, 36.264768586686081 ], [ 127.283457858040478, 36.264789637894182 ], [ 127.282985886411595, 36.264822390167545 ], [ 127.282560732412122, 36.264864988658061 ], [ 127.282092373814208, 36.264928071791722 ], [ 127.281228819507461, 36.265184561966194 ], [ 127.280954950091811, 36.265364474755287 ], [ 127.280509109784347, 36.265543039908032 ], [ 127.280052995765132, 36.265696457249959 ], [ 127.27964471983762, 36.265890486126153 ], [ 127.279495619838087, 36.266034057975091 ], [ 127.279444404010377, 36.266083372649334 ], [ 127.2793400382443, 36.2662549392576 ], [ 127.279259984072723, 36.266384679429173 ], [ 127.279009753755602, 36.266696682481147 ], [ 127.278645477696273, 36.267068715846442 ], [ 127.278115681618488, 36.267405444129047 ], [ 127.276781880987656, 36.267715131341653 ], [ 127.276339960564584, 36.267812051674348 ], [ 127.276111365942555, 36.267862159900837 ], [ 127.275606413136927, 36.26812831138011 ], [ 127.27506434492723, 36.268462062321731 ], [ 127.274505769155297, 36.268805671383383 ], [ 127.274010529976891, 36.268997761679344 ], [ 127.27345569590193, 36.26932203591609 ], [ 127.273344372532378, 36.269376008568258 ], [ 127.272614989057402, 36.269723042893908 ], [ 127.27257865052978, 36.269741536447519 ], [ 127.272490920208284, 36.269782937383859 ], [ 127.272154915961934, 36.269937169836247 ], [ 127.271897414779914, 36.270059457156457 ], [ 127.27175452581173, 36.270135479559393 ], [ 127.271507438656528, 36.27026383450746 ], [ 127.271041540787209, 36.270507646288692 ], [ 127.27079708974685, 36.270649223201012 ], [ 127.270522915841539, 36.270808061058617 ], [ 127.270398209791651, 36.270884320301612 ], [ 127.270164644457608, 36.27098154221833 ], [ 127.269805143988336, 36.271131287883634 ], [ 127.269599296315889, 36.271253571508893 ], [ 127.269357207472112, 36.271397420169173 ], [ 127.268975876873824, 36.271680208899483 ], [ 127.268742773541319, 36.271884821043685 ], [ 127.268457758606573, 36.272068677205539 ], [ 127.268297933548993, 36.272170398975867 ], [ 127.268080171329544, 36.27230869354873 ], [ 127.267901844795674, 36.272425299618135 ], [ 127.267735177864452, 36.272561396898425 ], [ 127.267410216762499, 36.27282433141967 ], [ 127.267132219253838, 36.273104033471164 ], [ 127.266812212604947, 36.273401845945401 ], [ 127.266446582801947, 36.273626816857679 ], [ 127.266307969863988, 36.273726543502292 ], [ 127.266167971494227, 36.27382485709348 ], [ 127.265785228617219, 36.274085361349663 ], [ 127.265352453581514, 36.274361457255111 ], [ 127.264844402399092, 36.274589846413271 ], [ 127.264521273448324, 36.274688271812778 ], [ 127.264209465734268, 36.27479034143321 ], [ 127.263717985773781, 36.274934202375519 ], [ 127.263193891714735, 36.275153320189432 ], [ 127.26267157484078, 36.275282888954798 ], [ 127.262347059186325, 36.275380187176012 ], [ 127.261743285485622, 36.275487120976834 ], [ 127.26115801775569, 36.2755638663509 ], [ 127.260030268505218, 36.275772734634707 ], [ 127.259100351281631, 36.27597018089503 ], [ 127.258771586735463, 36.276050580232898 ], [ 127.258317384185091, 36.276373730099436 ], [ 127.258165552506924, 36.276476007344669 ], [ 127.257866217949271, 36.276677720270463 ], [ 127.257510434875329, 36.276996059337847 ], [ 127.257315717348732, 36.277200648038971 ], [ 127.257159853916448, 36.277364428903354 ], [ 127.256782513110721, 36.277759773984528 ], [ 127.256624360104084, 36.277901200732799 ], [ 127.256389553673827, 36.278156005070002 ], [ 127.25592731097889, 36.278642781014575 ], [ 127.255539240874569, 36.279097297471395 ], [ 127.25510288047694, 36.279666883478647 ], [ 127.254817255000759, 36.2800397177935 ], [ 127.254219520809272, 36.280473838495666 ], [ 127.254153404583477, 36.281056926123838 ], [ 127.254058610917568, 36.281268616567289 ], [ 127.253925608188766, 36.281551083931284 ], [ 127.253878274931765, 36.281756203978553 ], [ 127.253822958431371, 36.282023574190681 ], [ 127.253805342394429, 36.282107718704594 ], [ 127.253637879325836, 36.282362836147875 ], [ 127.253220299427326, 36.282770582637596 ], [ 127.253195300218067, 36.282784990096786 ], [ 127.25293269461713, 36.282948044711162 ], [ 127.252391310058925, 36.283283176951109 ], [ 127.252052006889429, 36.283501020231711 ], [ 127.251453660788982, 36.283868367598508 ], [ 127.251259106584556, 36.283991280801601 ], [ 127.250804727960571, 36.285273602705686 ], [ 127.250720943756349, 36.285501324676858 ], [ 127.250683904048117, 36.285565332755731 ], [ 127.250556051001325, 36.285723025522884 ], [ 127.250156544119193, 36.286217803699707 ], [ 127.250138841778863, 36.286227149717419 ], [ 127.249885586814557, 36.286385383795064 ], [ 127.24984340130861, 36.286410533332521 ], [ 127.249827087387317, 36.286422670242111 ], [ 127.24949257074438, 36.286619379825673 ], [ 127.249404530137909, 36.286667703038844 ], [ 127.249349509240815, 36.286702747997793 ], [ 127.248898310358342, 36.286969818236422 ], [ 127.248857751456427, 36.287013267006088 ], [ 127.248783589471984, 36.287095933688981 ], [ 127.248761563927488, 36.287118507677022 ], [ 127.248754168524087, 36.287144991329711 ], [ 127.248630194671989, 36.287324077441113 ], [ 127.248544168084194, 36.287510123909804 ], [ 127.248507955180358, 36.287608211229745 ], [ 127.248492186936431, 36.287736932529036 ], [ 127.248452447155103, 36.287987111292146 ], [ 127.24841024254161, 36.288229382176176 ], [ 127.24839077177306, 36.288285178583806 ], [ 127.248371350756884, 36.288398894812104 ], [ 127.248319034584554, 36.288704087283911 ], [ 127.248283572171388, 36.288931437718531 ], [ 127.248242171669574, 36.288983342080222 ], [ 127.248234726790855, 36.288994622209763 ], [ 127.248190213525277, 36.289055543795207 ], [ 127.247721744264936, 36.289694374577572 ], [ 127.247153012791927, 36.290482113189732 ], [ 127.246897388157933, 36.290722000577311 ], [ 127.246852603677951, 36.290750542113599 ], [ 127.246847220628467, 36.29075561779716 ], [ 127.246652717747196, 36.290959629601282 ], [ 127.246919413630906, 36.291094259667233 ], [ 127.247665687366847, 36.291449251502918 ], [ 127.247772090340234, 36.292155342321422 ], [ 127.247980444915356, 36.292978925825025 ], [ 127.248564733585468, 36.292931812683165 ], [ 127.249197579999716, 36.292891086648133 ], [ 127.249682370277284, 36.293227447157186 ], [ 127.24995403663489, 36.293643412198271 ], [ 127.250155526118988, 36.29395192282459 ], [ 127.250229500274244, 36.294295623414214 ], [ 127.250552181242369, 36.294743290110382 ], [ 127.25078027980696, 36.295088353987943 ], [ 127.251038938860077, 36.29530748650064 ], [ 127.251161614484957, 36.295480698272293 ], [ 127.251169712274901, 36.295678111237663 ], [ 127.251719051550154, 36.295791007234904 ], [ 127.25180006663895, 36.295833923091514 ], [ 127.252915289330218, 36.296394551461283 ], [ 127.254052375775373, 36.296874555787795 ], [ 127.254337689740325, 36.296672323748304 ], [ 127.254562489442904, 36.296419787800708 ], [ 127.254657401335507, 36.296187551145252 ], [ 127.257493655791762, 36.295612073673823 ], [ 127.258908889188774, 36.295564247230573 ], [ 127.25984831286975, 36.295654321033197 ], [ 127.259374528934558, 36.296196891066266 ], [ 127.259277961043182, 36.297136300013221 ], [ 127.259399483248274, 36.297517983969968 ], [ 127.259449682457884, 36.297676916995961 ], [ 127.259786336481042, 36.298945448820881 ], [ 127.259967431917644, 36.300176004123706 ], [ 127.259943332433764, 36.3005686374484 ], [ 127.260323866010467, 36.301229395937149 ], [ 127.260663889193907, 36.30185205908964 ], [ 127.259982368563016, 36.302543262033232 ], [ 127.259508578442905, 36.303093166395435 ], [ 127.258420397422256, 36.303505258028977 ], [ 127.258400361593246, 36.304131331659889 ], [ 127.258521144409201, 36.304889188729433 ], [ 127.258528969093561, 36.305472414056425 ], [ 127.25837896182739, 36.306785916999139 ], [ 127.258348790888846, 36.307561003111843 ], [ 127.258374851719168, 36.308180499340509 ], [ 127.258249080547543, 36.308344108075119 ], [ 127.258291871340347, 36.308555503518171 ], [ 127.258470239771583, 36.308726921850493 ], [ 127.258640772893941, 36.309214876664178 ], [ 127.258011935397391, 36.309933501150141 ], [ 127.258048849221211, 36.310073690291496 ], [ 127.258383470052308, 36.311232103697556 ], [ 127.258700627689507, 36.311549366334084 ], [ 127.258576928769187, 36.311921647631429 ], [ 127.258393104960348, 36.312315749186801 ], [ 127.258430027488899, 36.312749911037841 ], [ 127.258591218639751, 36.313042167767378 ], [ 127.258628772200353, 36.313457773261447 ], [ 127.25830210500942, 36.313692484571988 ], [ 127.258137877029725, 36.314332672038667 ], [ 127.258205032449879, 36.314811278280679 ], [ 127.258468093883565, 36.315812435586487 ], [ 127.258354440144885, 36.316388026331424 ], [ 127.258416672264801, 36.317638555921931 ], [ 127.259314473820396, 36.319055979966599 ], [ 127.259462942452245, 36.319290241240935 ], [ 127.260112416507283, 36.319484555000813 ], [ 127.260436944925644, 36.320223385311699 ], [ 127.260425154177412, 36.320500521483993 ], [ 127.260600863513858, 36.321490588681719 ], [ 127.260784266424139, 36.32169633388812 ], [ 127.260632707129417, 36.322645998582807 ], [ 127.26082835808775, 36.32324316162746 ], [ 127.260746706995974, 36.323811927151446 ], [ 127.260500577499741, 36.324521568472598 ], [ 127.260081360693519, 36.325040939814635 ], [ 127.259750497776508, 36.325654463566288 ], [ 127.260072957904981, 36.326128001033752 ], [ 127.259893882332534, 36.326760346593602 ], [ 127.259768063238326, 36.326914088696739 ], [ 127.259752464706452, 36.327249530857216 ], [ 127.260880064557256, 36.327137822772222 ], [ 127.261230184244752, 36.327186896362996 ], [ 127.261844043895962, 36.327273156195609 ], [ 127.263042237300738, 36.327251390361759 ], [ 127.263804237617848, 36.327558652469236 ], [ 127.264657347303356, 36.328045385320564 ], [ 127.264975193755262, 36.32802328218316 ], [ 127.266112036976153, 36.328533314058468 ], [ 127.265987488303821, 36.329060218251314 ], [ 127.266179921587266, 36.329617673640847 ], [ 127.267066770661444, 36.330449004315753 ], [ 127.26769506079718, 36.331287951978076 ], [ 127.268236994543926, 36.331445017480313 ], [ 127.267844345060311, 36.332248785448975 ], [ 127.266615411715236, 36.33344641147324 ], [ 127.266668171199726, 36.334635853664345 ], [ 127.266390038384884, 36.335190683108088 ], [ 127.265593655505242, 36.335809470832217 ], [ 127.265573816784965, 36.336478915126087 ], [ 127.265421942524284, 36.337221034205442 ], [ 127.265728063140571, 36.33803957875363 ], [ 127.266415215457741, 36.3386688790047 ], [ 127.267422280123625, 36.339405325189418 ], [ 127.267972230884141, 36.33996057471704 ], [ 127.268646034472155, 36.341002178324153 ], [ 127.27031434999904, 36.34142930573082 ], [ 127.271279135909495, 36.341946153702096 ], [ 127.271919142290812, 36.342509688963382 ], [ 127.272428231242742, 36.342957941142011 ], [ 127.273125877074804, 36.34427460177313 ], [ 127.275729179482497, 36.34387214036942 ], [ 127.276810443314972, 36.34423209675618 ], [ 127.278489008540348, 36.344476599146397 ], [ 127.279125724171962, 36.344826578836219 ], [ 127.278581364595951, 36.345293919442845 ], [ 127.278207036297488, 36.345748509742968 ], [ 127.278109524711681, 36.345866928318706 ], [ 127.278068361845484, 36.345916916585395 ], [ 127.277807938011961, 36.346594524520356 ], [ 127.277475059583935, 36.34711544113155 ], [ 127.277649369956634, 36.348419764091297 ], [ 127.277986086005725, 36.348932653359697 ], [ 127.277934684878787, 36.348967124495843 ], [ 127.277887150054099, 36.349014545959953 ], [ 127.277646171170232, 36.349286869796224 ], [ 127.277418421242601, 36.349908636628825 ], [ 127.277079360647264, 36.350061491732916 ], [ 127.276514317256726, 36.350749377888611 ], [ 127.27641746094362, 36.351122739834089 ], [ 127.276105856434697, 36.351117544587133 ], [ 127.274886245339701, 36.352139511719862 ], [ 127.274307125769624, 36.35284205469965 ], [ 127.2740909378075, 36.352943370991341 ], [ 127.273920150161544, 36.353038942275774 ], [ 127.27364616924244, 36.353241203620932 ], [ 127.273332297011379, 36.353335982192363 ], [ 127.272986235580348, 36.353587123333753 ], [ 127.272532725314008, 36.354074785205746 ], [ 127.272412595754034, 36.354120395591352 ], [ 127.27246953783613, 36.354930761475387 ], [ 127.272518107646391, 36.35508047097639 ], [ 127.272237285718546, 36.355623495361804 ], [ 127.271893500389368, 36.356134002906209 ], [ 127.27169458028925, 36.356403109988889 ], [ 127.271094403261714, 36.357426447213271 ], [ 127.271096492944707, 36.358232710636059 ], [ 127.270833550039967, 36.358716276815422 ], [ 127.271039523563715, 36.359533903771961 ], [ 127.27099482896179, 36.360356322333807 ], [ 127.270569531937014, 36.360862783106398 ], [ 127.270721551276182, 36.36117672369727 ], [ 127.271307460162149, 36.361455323573871 ], [ 127.271756812409308, 36.361561610164017 ], [ 127.271914360110685, 36.361610250412284 ], [ 127.271993822141184, 36.36173200788992 ], [ 127.272015564216687, 36.361826581498377 ], [ 127.272055222979617, 36.361918014010364 ], [ 127.272349791312124, 36.362621394839124 ], [ 127.273252812899429, 36.362971359362042 ], [ 127.273527561798389, 36.363127032942934 ], [ 127.27430269973884, 36.363446866102883 ], [ 127.275286099990112, 36.363823107875021 ], [ 127.276047334175928, 36.364142690897417 ], [ 127.276184968478773, 36.364321761377845 ], [ 127.276667562399524, 36.364466802152329 ], [ 127.276728086971673, 36.364548903794343 ], [ 127.27684065863707, 36.364675646369641 ], [ 127.277081759028263, 36.364815339370118 ], [ 127.277680418850281, 36.365289035020631 ], [ 127.277458716480012, 36.365714791437981 ], [ 127.277409538446165, 36.365839095183098 ], [ 127.277460203976077, 36.366331520631988 ], [ 127.277171689579191, 36.36701398448524 ], [ 127.27727661986664, 36.367392792091927 ], [ 127.277046773923928, 36.368374190521607 ], [ 127.277485964939885, 36.368694497545754 ], [ 127.277947914072968, 36.368904645333977 ], [ 127.278676683290215, 36.369086281143474 ], [ 127.279347039840431, 36.369391968928127 ], [ 127.279253282795608, 36.369758854263807 ], [ 127.27928139113925, 36.370318360376707 ], [ 127.279226995118805, 36.37063952806556 ], [ 127.279346199789984, 36.371258515871745 ], [ 127.279622074539603, 36.371919106108415 ], [ 127.27988482339957, 36.372115912880467 ], [ 127.280014070367457, 36.372717700136029 ], [ 127.280148292354212, 36.373051666342292 ], [ 127.280349885555808, 36.373334496234285 ], [ 127.280551681911319, 36.374210410753989 ], [ 127.281038084871128, 36.374865161323051 ], [ 127.280572007036469, 36.375610840725365 ], [ 127.280541728526941, 36.375957013902429 ], [ 127.280663204630088, 36.376426743047318 ], [ 127.280719973348624, 36.376820024062312 ], [ 127.280470044992001, 36.377387784539941 ], [ 127.280304766692382, 36.378696268671426 ], [ 127.280080399231835, 36.378965456937316 ], [ 127.279762030507598, 36.379094894667418 ], [ 127.27936244641829, 36.379333953807375 ], [ 127.279017283958524, 36.379540451868635 ], [ 127.278842058294913, 36.37991681659971 ], [ 127.279049167595431, 36.382093212133931 ], [ 127.278594471510047, 36.382382920451199 ], [ 127.278628226486177, 36.382815402079373 ], [ 127.279033536290797, 36.383769418079467 ], [ 127.278998923546567, 36.384419744093968 ], [ 127.278877372825647, 36.384959040840279 ], [ 127.278763627312898, 36.385195293396741 ], [ 127.278485981152329, 36.38552345728607 ], [ 127.278366075205327, 36.386380401266592 ], [ 127.278122397170691, 36.386712433070443 ], [ 127.27746015526904, 36.387018667177294 ], [ 127.278513391539462, 36.387799395930962 ], [ 127.278839812971597, 36.388552238276688 ], [ 127.278830983574522, 36.389449207264335 ], [ 127.278998204977057, 36.389656086948975 ], [ 127.279119615405477, 36.39030126454054 ], [ 127.279091498020676, 36.391061120473438 ], [ 127.279180803434159, 36.391149623544202 ], [ 127.279164917540513, 36.391481118096195 ], [ 127.278989508808777, 36.391963657877895 ], [ 127.2790465812717, 36.392391290464985 ], [ 127.279024764078144, 36.392474698924005 ], [ 127.278962976541237, 36.392781238570265 ], [ 127.278922609952389, 36.39308379022178 ], [ 127.278888302326635, 36.393429124305236 ], [ 127.278813580062604, 36.393671765285454 ], [ 127.27886648439663, 36.394638988698176 ], [ 127.278652351312275, 36.394960525686976 ], [ 127.278583750593029, 36.395408446070505 ], [ 127.278619238208336, 36.395787421029283 ], [ 127.278806040430069, 36.396450758023917 ], [ 127.278729689480301, 36.396584136432985 ], [ 127.27864055856989, 36.396593354928036 ], [ 127.278467809098601, 36.396752018244541 ], [ 127.278857472442937, 36.398182559316353 ], [ 127.278767657566959, 36.398690231499188 ], [ 127.279350907698046, 36.399800687127517 ], [ 127.27943028596259, 36.399931459412791 ], [ 127.279576680678986, 36.400299748787745 ], [ 127.279615307286207, 36.400628304217946 ], [ 127.280233283921675, 36.402090695667482 ], [ 127.280725311057751, 36.403325301844305 ], [ 127.280672564738438, 36.403744142718509 ], [ 127.280768701456765, 36.404272783723854 ], [ 127.281040278120429, 36.404814540329973 ], [ 127.280925130043656, 36.404957869439869 ], [ 127.280880300906574, 36.405720015902233 ], [ 127.280640391495552, 36.405997405090005 ], [ 127.280623268893194, 36.406807932866897 ], [ 127.281055702521911, 36.407464490779084 ], [ 127.281187129223042, 36.407734523056156 ], [ 127.281165678207032, 36.408063776515441 ], [ 127.281166597807996, 36.408174166780078 ], [ 127.281835407194762, 36.408924231690527 ], [ 127.281743085686529, 36.409799693 ], [ 127.281556650446447, 36.410027962607494 ], [ 127.281380292391631, 36.410495574572742 ], [ 127.281479320619695, 36.410664589771578 ], [ 127.281573552800609, 36.410798626675614 ], [ 127.281821468202779, 36.411151261723177 ], [ 127.282143302380362, 36.41151294415166 ], [ 127.282296744283073, 36.411989352284117 ], [ 127.282115572059311, 36.41237699837987 ], [ 127.282185360238202, 36.413376556396351 ], [ 127.281978226101572, 36.414051787925885 ], [ 127.281957177949266, 36.414108159965735 ], [ 127.282124284839412, 36.414603964556235 ], [ 127.283146353296331, 36.414936403312893 ], [ 127.283361906520014, 36.415001228932049 ], [ 127.284325498358058, 36.415054714379259 ], [ 127.284593648030679, 36.415209241119918 ], [ 127.285199278262368, 36.41527595855684 ], [ 127.285732609809699, 36.415151339428441 ], [ 127.286810532397965, 36.415314636684592 ], [ 127.287512021439895, 36.415498119057666 ], [ 127.287518748719748, 36.415499229396396 ], [ 127.287923698704432, 36.415585987826482 ], [ 127.288782687347492, 36.415761615520921 ], [ 127.289209915085195, 36.41601460616382 ], [ 127.289301612199282, 36.416030146167671 ], [ 127.28958005331117, 36.416090591907327 ], [ 127.290742723758115, 36.41607961677235 ], [ 127.291080105700843, 36.416155677199875 ], [ 127.291127808359704, 36.418541105759068 ], [ 127.291248798122453, 36.418514336240186 ], [ 127.291299662155268, 36.418513653982423 ], [ 127.2912480362303, 36.418684432185195 ], [ 127.291744585115651, 36.418739269411432 ], [ 127.291917751424918, 36.418738010139784 ], [ 127.29224615752976, 36.418738896245017 ], [ 127.292823876263924, 36.418646525073314 ], [ 127.29315494942783, 36.418567432958938 ], [ 127.293324024498759, 36.418572482879711 ], [ 127.293486008610586, 36.418577320783101 ], [ 127.293930073741578, 36.41880433546428 ], [ 127.294380473537203, 36.419140887982167 ], [ 127.294794093258815, 36.419471616903593 ], [ 127.295313884533769, 36.419771660203516 ], [ 127.29518909799333, 36.419945161166901 ], [ 127.295219267175057, 36.420462407174711 ], [ 127.295178586367712, 36.42085507962075 ], [ 127.29499529906461, 36.421039421099543 ], [ 127.294583835319614, 36.42137977271932 ], [ 127.294209461728371, 36.421437022351448 ], [ 127.294157600715764, 36.421728043714623 ], [ 127.294278841449213, 36.421769993334806 ], [ 127.294247903430474, 36.422255569239987 ], [ 127.295546298282872, 36.422728867284128 ], [ 127.295810715491569, 36.422942241343897 ], [ 127.296108888140353, 36.423055556891775 ], [ 127.296465118840032, 36.423264764741837 ], [ 127.296590625049802, 36.423236572801216 ], [ 127.297003670243782, 36.423127970386254 ], [ 127.297364371459551, 36.423142289197592 ], [ 127.29826969241897, 36.423194112125408 ], [ 127.298588583070412, 36.423115873493458 ], [ 127.299393373669844, 36.422940962736057 ], [ 127.299430089678367, 36.422928480181604 ], [ 127.299662159630827, 36.42251787313495 ], [ 127.299910570664025, 36.422418404393554 ], [ 127.300861475187176, 36.421954747289838 ], [ 127.301466422686801, 36.421826778482888 ], [ 127.301851383931762, 36.422530689052408 ], [ 127.301920585614781, 36.423124433445345 ], [ 127.30244329373815, 36.42385193893417 ], [ 127.302614332193954, 36.424154234459628 ], [ 127.302826350048406, 36.424286052471821 ], [ 127.303501616782725, 36.424675792602365 ], [ 127.304133534811385, 36.424580138510137 ], [ 127.305035507594468, 36.424794686108143 ], [ 127.30637985538695, 36.424829839736574 ], [ 127.306877779306461, 36.424733377391377 ], [ 127.307526975601775, 36.424779314910346 ], [ 127.308586869161047, 36.424475831751451 ], [ 127.309544604180232, 36.42455982194047 ], [ 127.309940991967508, 36.424781546840592 ], [ 127.310295256551669, 36.424882859194248 ], [ 127.310956220801117, 36.424687119323906 ], [ 127.311619552119183, 36.424080774487749 ], [ 127.311661974070518, 36.423661345729869 ], [ 127.313024189702475, 36.423160188271098 ], [ 127.313714123191531, 36.42302546522393 ], [ 127.314121054290212, 36.422922181820226 ], [ 127.314560538326873, 36.422723054681228 ], [ 127.314941239984336, 36.422381021153576 ], [ 127.315212415750878, 36.421922123446329 ], [ 127.315707246277242, 36.421541217644283 ], [ 127.315728663541762, 36.42153777313554 ], [ 127.31601776274573, 36.421551944055821 ], [ 127.316371062987145, 36.421070857160437 ], [ 127.316371358182948, 36.420494961128838 ], [ 127.31644699568507, 36.420460409333785 ], [ 127.316758119035356, 36.420533924658201 ], [ 127.317482775639263, 36.420852768561495 ], [ 127.318088768260381, 36.420988310866804 ], [ 127.319030062608476, 36.421492704451246 ], [ 127.319206609049488, 36.421462956505472 ], [ 127.319765757210405, 36.422588205123297 ], [ 127.320336486886021, 36.422917570403371 ], [ 127.320553461723989, 36.423273228202248 ], [ 127.321697786502767, 36.423695683392829 ], [ 127.321990386184012, 36.423414412569372 ], [ 127.323379849200748, 36.422734814391099 ], [ 127.323976161132109, 36.422632095616322 ], [ 127.325047027050388, 36.422477686385221 ], [ 127.32550682914578, 36.422605711191721 ], [ 127.325866352630911, 36.422502507624586 ], [ 127.326316728930365, 36.422208965366771 ], [ 127.326307806644877, 36.42211746783979 ], [ 127.3269988183322, 36.422334387444245 ], [ 127.327091841152765, 36.422495792796759 ], [ 127.327395580489423, 36.422676601846206 ], [ 127.327339076369455, 36.422747713329969 ], [ 127.328014430493553, 36.423132528860947 ], [ 127.329149103427099, 36.423321484737357 ], [ 127.330262197646988, 36.4240508962653 ], [ 127.33042393658215, 36.424393738316923 ], [ 127.330920510905486, 36.424603294606356 ], [ 127.33143610210044, 36.424939805594398 ], [ 127.331537417588095, 36.425165941739358 ], [ 127.332251647019561, 36.4255494901318 ], [ 127.332352160020662, 36.425746060762343 ], [ 127.332727894952328, 36.426504812884701 ], [ 127.332840788181826, 36.426543916330012 ], [ 127.333639922784698, 36.426810367422959 ], [ 127.333783061433977, 36.426829109769557 ], [ 127.33435338190327, 36.426921295791956 ], [ 127.334367329185199, 36.426923230447123 ], [ 127.334717977016851, 36.426985333475855 ], [ 127.335502680718406, 36.427579590645259 ], [ 127.335855019062222, 36.42782699076362 ], [ 127.336526194623957, 36.428112074196285 ], [ 127.336806614076806, 36.428209567336616 ], [ 127.337271992716296, 36.428284010863855 ], [ 127.337522753244414, 36.428332878122347 ], [ 127.337572657508545, 36.428348787292833 ], [ 127.337733059745887, 36.42849364744373 ], [ 127.338042867346175, 36.428780018738706 ], [ 127.338383039548887, 36.428993363811749 ], [ 127.338835405169405, 36.429159359540584 ], [ 127.339056416666423, 36.4296588775563 ], [ 127.339462204392859, 36.429896257105142 ], [ 127.339815889784006, 36.429968195159184 ], [ 127.339818339317176, 36.42996988239495 ], [ 127.340279848500217, 36.430398029532441 ], [ 127.340472365909719, 36.43050956010557 ], [ 127.341008949259304, 36.430972131903381 ], [ 127.340897776452252, 36.431289547213851 ], [ 127.340863271817938, 36.431368775993441 ], [ 127.340855504941231, 36.431423993970739 ], [ 127.340821940422728, 36.43172175076819 ], [ 127.340763402636711, 36.431844420419708 ], [ 127.340593295823766, 36.432235213097755 ], [ 127.340676380123853, 36.432548408165871 ], [ 127.340681900060986, 36.432697326110812 ], [ 127.340688529647196, 36.432898140306897 ], [ 127.340638811341506, 36.433002761672924 ], [ 127.340587112567533, 36.433098088856376 ], [ 127.340475677627467, 36.433320603489705 ], [ 127.340542618199123, 36.434124408028751 ], [ 127.340778143790345, 36.434711464566966 ], [ 127.340710483617514, 36.434860347736233 ], [ 127.340436967295545, 36.435515869222826 ], [ 127.340336820033556, 36.43572934003064 ], [ 127.340252445835475, 36.435840809419261 ], [ 127.340147250610599, 36.435973190261279 ], [ 127.340160085281241, 36.436160143908189 ], [ 127.340913548015109, 36.43663335511404 ], [ 127.340913792081665, 36.436689406657351 ], [ 127.34090214591123, 36.436773346239072 ], [ 127.340900728169913, 36.436890789408302 ], [ 127.341078019082616, 36.437064316207916 ], [ 127.341262328132373, 36.437253602906971 ], [ 127.341318758196337, 36.437324687799119 ], [ 127.341345108599555, 36.437375014093718 ], [ 127.341407752277604, 36.437471998858037 ], [ 127.341497496032034, 36.43763254564891 ], [ 127.341593387095955, 36.437844602597153 ], [ 127.341667593673122, 36.437997029526507 ], [ 127.342199089840662, 36.438034939550704 ], [ 127.342235956180232, 36.438018495925348 ], [ 127.34231600319039, 36.437991232743734 ], [ 127.342581255436144, 36.437880372312229 ], [ 127.342604042553461, 36.437908747761625 ], [ 127.342646247991567, 36.438037041972237 ], [ 127.342947979306842, 36.438493516304788 ], [ 127.343108310946164, 36.438732143504076 ], [ 127.343062189867041, 36.438904342213007 ], [ 127.343018878982107, 36.439081597464835 ], [ 127.343039612121643, 36.439413102099138 ], [ 127.343053890792987, 36.439596282843638 ], [ 127.343145717136309, 36.439953391468109 ], [ 127.343200964191226, 36.440191192709612 ], [ 127.343556356429303, 36.440800698893739 ], [ 127.343730800895202, 36.44111758639179 ], [ 127.343719097897903, 36.441350505843758 ], [ 127.343948871356545, 36.44168665399507 ], [ 127.344002566866891, 36.442047809349276 ], [ 127.344083682070334, 36.442541806454855 ], [ 127.344196282832726, 36.442938577206782 ], [ 127.344260468083291, 36.443153805499385 ], [ 127.344623905524301, 36.443328486810934 ], [ 127.344650717871346, 36.443799542967042 ], [ 127.344766295350183, 36.444040828624011 ], [ 127.344858168934621, 36.444248677217011 ], [ 127.345333062588921, 36.444365587036131 ], [ 127.345929669769859, 36.44488681675962 ], [ 127.346045258384095, 36.444978004049482 ], [ 127.346214911123838, 36.445230964221984 ], [ 127.346411143794384, 36.445546649355144 ], [ 127.34665144117487, 36.445697465959249 ], [ 127.346792314045842, 36.445787741719123 ], [ 127.346884298850199, 36.445857873972571 ], [ 127.347316830445436, 36.446203287105902 ], [ 127.347805716376783, 36.446287759015938 ], [ 127.348031426178167, 36.446329908894462 ], [ 127.348252749665363, 36.446406423224175 ], [ 127.348963927762185, 36.446821427755474 ], [ 127.349010947082292, 36.446852543101897 ], [ 127.349003794578323, 36.446889457156054 ], [ 127.348957025747779, 36.447072077176131 ], [ 127.349270209432461, 36.447381784245771 ], [ 127.349441776442603, 36.447557856539973 ], [ 127.349646784040004, 36.447761135763976 ], [ 127.349961633238863, 36.447706147822359 ], [ 127.350437255464357, 36.447628169691022 ], [ 127.35070265671439, 36.447580641807761 ], [ 127.350789729383862, 36.447603762968711 ], [ 127.351032903371831, 36.447499706598521 ], [ 127.351675599243649, 36.447252528947608 ], [ 127.352097024618374, 36.44702206511996 ], [ 127.352097110384605, 36.447080919346398 ], [ 127.352151012511996, 36.447089483814771 ], [ 127.353099230304281, 36.447580645198535 ], [ 127.353278246749525, 36.447662906442886 ], [ 127.353307276777173, 36.447686764965773 ], [ 127.353815600175594, 36.448324238606403 ], [ 127.353809524573634, 36.448524763442379 ], [ 127.353964967542595, 36.448827326608267 ], [ 127.354223140574334, 36.448956663825413 ], [ 127.35427215003952, 36.449155620028691 ], [ 127.354344147306875, 36.449506848134398 ], [ 127.355137815481427, 36.449958177209282 ], [ 127.355330481310233, 36.449934798012457 ], [ 127.355683671942828, 36.450186362016751 ], [ 127.355798579189155, 36.450273036534682 ], [ 127.35587358057596, 36.450436986348457 ], [ 127.356004046325936, 36.450729194683639 ], [ 127.356129111685846, 36.451018327786031 ], [ 127.355836584455034, 36.451578182651126 ], [ 127.35584620506711, 36.451623490657902 ], [ 127.355889681510732, 36.451754876513704 ], [ 127.355940715200333, 36.451938902750229 ], [ 127.356003141053009, 36.452138377110792 ], [ 127.356120005087277, 36.452539043505389 ], [ 127.355760540228829, 36.453557297097127 ], [ 127.356001889589521, 36.453929712348824 ], [ 127.356556840647642, 36.453965784993706 ], [ 127.356895099550499, 36.454145018447946 ], [ 127.357280408600943, 36.454321001440825 ], [ 127.357558448644923, 36.454442675165971 ], [ 127.357877695727325, 36.454849494442144 ], [ 127.358064508759256, 36.45544820361561 ], [ 127.358621536185368, 36.455895699865046 ], [ 127.358370332799353, 36.456685528480826 ], [ 127.358087417769525, 36.456797323544286 ], [ 127.357908350557196, 36.457051028842507 ], [ 127.357938557615341, 36.457404073093194 ], [ 127.357801636553432, 36.457728906363769 ], [ 127.357752221242137, 36.458129778218606 ], [ 127.357312526720079, 36.458336381471874 ], [ 127.356771107873669, 36.458754777467796 ], [ 127.356678857155984, 36.458974158577007 ], [ 127.356890935123346, 36.459459572908031 ], [ 127.356764716621072, 36.459799304973245 ], [ 127.35697355664341, 36.459995233395929 ], [ 127.357094719530423, 36.460722832724294 ], [ 127.357660866110081, 36.461478959914444 ], [ 127.357170587519875, 36.461723454220078 ], [ 127.35703218048387, 36.462563353013664 ], [ 127.356066648440077, 36.464019323946836 ], [ 127.356737082591508, 36.464516911563472 ], [ 127.357228221128238, 36.46430508385798 ], [ 127.357916084590414, 36.464837811355714 ], [ 127.358549710882798, 36.465058393812555 ], [ 127.35855409379819, 36.465021487591748 ], [ 127.358492390626949, 36.464720633275974 ], [ 127.358489252914595, 36.464644603558376 ], [ 127.358498148807143, 36.464419288937023 ], [ 127.358523255677696, 36.464266865013713 ], [ 127.35854573646435, 36.464191605686466 ], [ 127.358627386254227, 36.464088296531635 ], [ 127.358669713312793, 36.463966514337478 ], [ 127.358685548363098, 36.463887048517265 ], [ 127.358724694743557, 36.463833141640364 ], [ 127.35927378308574, 36.463828126446479 ], [ 127.359121863522944, 36.464075551544383 ], [ 127.359087290192534, 36.464177881773061 ], [ 127.358971593520323, 36.464339868101838 ], [ 127.358849768712176, 36.464457670891242 ], [ 127.358813139174103, 36.464683339175224 ], [ 127.358847373436163, 36.464925141871937 ], [ 127.359007389081455, 36.465111362943261 ], [ 127.359101658343576, 36.465139530291445 ], [ 127.359177849558208, 36.465183800761629 ], [ 127.359357862104588, 36.465433610225581 ], [ 127.359446771032012, 36.465509094493726 ], [ 127.35950250499458, 36.465537088325988 ], [ 127.359837525147142, 36.465911755016343 ], [ 127.359929740804375, 36.46587148510374 ], [ 127.359976835207348, 36.465876696452234 ], [ 127.359970352864039, 36.466022026649007 ], [ 127.35997345598912, 36.466165354582579 ], [ 127.359923503561461, 36.466259287309988 ], [ 127.359900382297738, 36.466461827673371 ], [ 127.359895340663627, 36.466537323069204 ], [ 127.35983555458337, 36.466618038617661 ], [ 127.359796151071365, 36.466618715734988 ], [ 127.35964369796767, 36.466748434454779 ], [ 127.359567734331051, 36.466948321597059 ], [ 127.359464459981041, 36.467121814321615 ], [ 127.359375596207784, 36.467318649463273 ], [ 127.359315811042464, 36.467283340921924 ], [ 127.358991477681087, 36.467604221663095 ], [ 127.35934535323365, 36.467897476547442 ], [ 127.359718910993038, 36.468204415550574 ], [ 127.359731190394214, 36.468562298178533 ], [ 127.360016697591107, 36.469004699096814 ], [ 127.359781659067281, 36.469831364178795 ], [ 127.360322868841422, 36.470075869541944 ], [ 127.360755269478375, 36.470464316575239 ], [ 127.36151735525435, 36.470707863179491 ], [ 127.362179408593505, 36.47057828785433 ], [ 127.362361423874191, 36.470692084925574 ], [ 127.362081894817479, 36.471202638922065 ], [ 127.36202543992232, 36.471735605596798 ], [ 127.362249136422804, 36.471891504584072 ], [ 127.362710146215335, 36.472843365839815 ], [ 127.362915148302022, 36.473588437970463 ], [ 127.363330065603122, 36.473847685486653 ], [ 127.363394492405263, 36.473869451277857 ], [ 127.363432316142635, 36.473905094384129 ], [ 127.363636587241814, 36.474080757318006 ], [ 127.363663036335751, 36.47410827973912 ], [ 127.363753302416697, 36.474172500954936 ], [ 127.363852159483173, 36.4743614424277 ], [ 127.363986435356153, 36.474816674408679 ], [ 127.36398747510961, 36.474927341574869 ], [ 127.36394475874711, 36.47503927687562 ], [ 127.363890852913116, 36.475218814258533 ], [ 127.363015556266248, 36.475800746798107 ], [ 127.362897893162142, 36.475918532114626 ], [ 127.362824802738885, 36.475948878493611 ], [ 127.362825821539857, 36.475942414342462 ], [ 127.362721263625957, 36.475914839984561 ], [ 127.362574933409888, 36.475979489766345 ], [ 127.362517636503796, 36.475994036743231 ], [ 127.362464320967064, 36.476000947844724 ], [ 127.362414421694268, 36.476068405619856 ], [ 127.362373030610513, 36.476091347755435 ], [ 127.362324093775058, 36.476140202608811 ], [ 127.362312464831547, 36.476151790905583 ], [ 127.36230187160443, 36.476160555025459 ], [ 127.362223972269902, 36.476280192914309 ], [ 127.362200709343171, 36.476340802654846 ], [ 127.362207163028373, 36.476398571942831 ], [ 127.362213257878579, 36.476453129085201 ], [ 127.362182563036058, 36.476602749308746 ], [ 127.362111629222738, 36.476643524780485 ], [ 127.36207215243968, 36.476701660001822 ], [ 127.362029757846443, 36.476736977712292 ], [ 127.361986305835401, 36.476688393298943 ], [ 127.361943965423492, 36.47665585449819 ], [ 127.361898784832775, 36.476650917031662 ], [ 127.361841794753971, 36.476657289484187 ], [ 127.361954360406443, 36.476717497761847 ], [ 127.361985727612932, 36.476751475552845 ], [ 127.361958287660514, 36.47677521362796 ], [ 127.361948168057339, 36.476811569056714 ], [ 127.361911629975083, 36.476822708832202 ], [ 127.361893257477391, 36.476888621413011 ], [ 127.361761906274253, 36.476986171056318 ], [ 127.361719795170316, 36.477003194739552 ], [ 127.361646004211451, 36.476957233512813 ], [ 127.361581445202575, 36.477023049916212 ], [ 127.361562490139264, 36.477108148745607 ], [ 127.361503800489231, 36.477198161404075 ], [ 127.361469134524313, 36.477317091386212 ], [ 127.361410275349471, 36.477370500238244 ], [ 127.361381259979382, 36.477504912666134 ], [ 127.36135997038059, 36.477543950948522 ], [ 127.361319785364486, 36.477634638349201 ], [ 127.361298393813797, 36.477646535389923 ], [ 127.361250618372935, 36.47768385185919 ], [ 127.361226272378715, 36.477809806836241 ], [ 127.361151551133702, 36.477862118232821 ], [ 127.361161783005855, 36.477929682992531 ], [ 127.361089174299352, 36.478173491691742 ], [ 127.360908177579745, 36.478322167857378 ], [ 127.360745278557118, 36.478456009589145 ], [ 127.360571038408665, 36.47859916870555 ], [ 127.360436499379688, 36.479068721375278 ], [ 127.360433746283036, 36.479187852593157 ], [ 127.360461461416605, 36.479375884241144 ], [ 127.36077343060937, 36.479952248845152 ], [ 127.360789293903494, 36.480367009318272 ], [ 127.360820522081127, 36.480597834869037 ], [ 127.360609847968789, 36.480964272273873 ], [ 127.360306352915671, 36.481471523509462 ], [ 127.360258227373109, 36.481619807839891 ], [ 127.360041362143065, 36.481702113089348 ], [ 127.360003240932443, 36.481697098981151 ], [ 127.359902306913057, 36.481760014030755 ], [ 127.359625529418267, 36.481823043471344 ], [ 127.35941914802541, 36.481875199344429 ], [ 127.359277109279191, 36.482075292797191 ], [ 127.359137361225692, 36.48209906931698 ], [ 127.359132185340457, 36.482145557493546 ], [ 127.359084483701437, 36.482163444022589 ], [ 127.359024332266742, 36.48216503010137 ], [ 127.359063359699178, 36.482233914014046 ], [ 127.359077529702503, 36.482318344955125 ], [ 127.359069106977955, 36.482384551098015 ], [ 127.359016238866602, 36.482450880506327 ], [ 127.358955537654452, 36.482522325420689 ], [ 127.358912716103475, 36.48249963674283 ], [ 127.358867641524029, 36.482554967134568 ], [ 127.358856862188802, 36.482564857936332 ], [ 127.358825866862517, 36.482723778316881 ], [ 127.358788605911343, 36.482811193122728 ], [ 127.358734113696585, 36.482791359816488 ], [ 127.358780314513609, 36.482560860809841 ], [ 127.35810172701062, 36.482529655763628 ], [ 127.357763306194343, 36.483181197501111 ], [ 127.357891366653632, 36.483655594341535 ], [ 127.357945392311422, 36.484107143329325 ], [ 127.357990371108173, 36.484179091542465 ], [ 127.358420707696368, 36.484788901786487 ], [ 127.359060934819183, 36.485237280147686 ], [ 127.359157192153603, 36.486071392022225 ], [ 127.359128760689629, 36.487317604038019 ], [ 127.360154811147311, 36.488538112886637 ], [ 127.360229390163354, 36.489737821744157 ], [ 127.360114785778535, 36.49003075998025 ], [ 127.360983937532339, 36.490883919557938 ], [ 127.361482854282173, 36.490612107299867 ], [ 127.361938176217478, 36.490311659853631 ], [ 127.362309893992176, 36.490189449042518 ], [ 127.362505291951962, 36.490057902800288 ], [ 127.363329351173789, 36.489671013549035 ], [ 127.363450260993972, 36.489611224639965 ], [ 127.363725836630934, 36.489548155601653 ], [ 127.365065623235154, 36.489110412164969 ], [ 127.365479823231695, 36.489046627862528 ], [ 127.36584698342206, 36.488954545478762 ], [ 127.366129873665471, 36.488855402081541 ], [ 127.367156446291304, 36.488561360956588 ], [ 127.367289405890901, 36.488544615728145 ], [ 127.36753421473631, 36.488466708596818 ], [ 127.367912312777833, 36.488290662485511 ], [ 127.368143057604627, 36.488226873331698 ], [ 127.368246194123145, 36.488242614684069 ], [ 127.368473480750438, 36.488299931705903 ], [ 127.368522591566304, 36.488358067078991 ], [ 127.368607805830067, 36.488421155369608 ], [ 127.368697206970552, 36.488446797645636 ], [ 127.368935317294728, 36.488538999964206 ], [ 127.369006993710755, 36.488578204457156 ], [ 127.369154196576886, 36.488583373817448 ], [ 127.368905228578868, 36.489590335911927 ], [ 127.370819638853035, 36.490157771849333 ], [ 127.371432833496598, 36.490541401758577 ], [ 127.371951137604071, 36.490880535243846 ], [ 127.372701117405782, 36.49137964737141 ], [ 127.373208810571541, 36.491768201765964 ], [ 127.374214173253478, 36.492537520069881 ], [ 127.377591193768183, 36.495619272387309 ], [ 127.378985031418054, 36.497652579636082 ], [ 127.379402920334584, 36.49826995666956 ], [ 127.379735804726735, 36.498727918820343 ], [ 127.380081384717514, 36.499215973987972 ], [ 127.38033659443019, 36.499539368152625 ], [ 127.383854973872829, 36.500230678609945 ], [ 127.385383741785091, 36.49944487300084 ], [ 127.386932424177573, 36.498638715914069 ], [ 127.389158184737369, 36.496960438770046 ], [ 127.390893793691902, 36.495697407457719 ], [ 127.390912713249449, 36.495679881599713 ], [ 127.390945724316381, 36.495654712922239 ], [ 127.391058872083789, 36.495576060861254 ], [ 127.391275741663591, 36.495413622962509 ], [ 127.391434315011509, 36.495294902115887 ], [ 127.391504497770271, 36.495239766271744 ], [ 127.391981292084793, 36.494896888268357 ], [ 127.392661906484065, 36.494230631538329 ], [ 127.392963512563256, 36.493939301484417 ], [ 127.393349121290299, 36.493563222223479 ], [ 127.395014821769678, 36.49245214159869 ], [ 127.395585248786432, 36.492075156630698 ], [ 127.395759898819833, 36.49195602475065 ], [ 127.396140666660031, 36.491708392222087 ], [ 127.396143146924459, 36.49170666301756 ], [ 127.396208843889099, 36.491663920645621 ], [ 127.396475880299363, 36.491402272032786 ], [ 127.396897045119388, 36.490996766898817 ], [ 127.396968901030647, 36.490929789774377 ], [ 127.397715428110587, 36.490210901393795 ], [ 127.398113558878279, 36.489838693800081 ], [ 127.398922406301864, 36.489104667584371 ], [ 127.400162766750583, 36.487983945145473 ], [ 127.401106887178571, 36.487149767506899 ], [ 127.401505456626552, 36.486799516890713 ], [ 127.402371350111892, 36.486049226365559 ], [ 127.403014105745243, 36.485483621825658 ], [ 127.404139475544568, 36.481132825958085 ], [ 127.404173404146675, 36.480982078296186 ], [ 127.404163245122717, 36.479829489844128 ], [ 127.404160316777592, 36.476567692646292 ], [ 127.402971773480061, 36.474176806150709 ], [ 127.40242159444918, 36.473089975493998 ], [ 127.400928552906294, 36.473298316938269 ], [ 127.400247145827564, 36.47317837280368 ], [ 127.400170495811068, 36.473155243766747 ], [ 127.399509917425718, 36.473019465065946 ], [ 127.399432934058567, 36.47300086056358 ], [ 127.399433257109891, 36.472996912557136 ], [ 127.399321565220163, 36.472971944496301 ], [ 127.39889593672666, 36.472892538490122 ], [ 127.398749253013975, 36.472642669618494 ], [ 127.398731118877663, 36.472572052656915 ], [ 127.398667181248925, 36.472514528956715 ], [ 127.39863573834252, 36.472433530125812 ], [ 127.398587200968024, 36.472352308755113 ], [ 127.398534954312652, 36.472291934389169 ], [ 127.3985146012934, 36.472165282326074 ], [ 127.398469900084777, 36.472080938889142 ], [ 127.39842859669389, 36.471947877277358 ], [ 127.398428649732111, 36.471890428806319 ], [ 127.39845701944725, 36.471675194297987 ], [ 127.398389805958317, 36.471592061487492 ], [ 127.398372932535977, 36.471527910678688 ], [ 127.398369584755486, 36.471418377990354 ], [ 127.398344862854259, 36.471322704230957 ], [ 127.398325089297742, 36.471206746940631 ], [ 127.398293620546482, 36.470949744453989 ], [ 127.398338958580695, 36.470779501667735 ], [ 127.398285369877499, 36.470699143972283 ], [ 127.398327426690813, 36.470638176520843 ], [ 127.39831942032896, 36.470400515496344 ], [ 127.3983032495656, 36.470237803999801 ], [ 127.398255122466963, 36.47009884402339 ], [ 127.398241826527112, 36.470023426260859 ], [ 127.398219812646929, 36.469806096994603 ], [ 127.398207271528662, 36.469639705330188 ], [ 127.398185855053896, 36.469575001954205 ], [ 127.398289422404019, 36.469508197853877 ], [ 127.398230545773089, 36.469142589558331 ], [ 127.398122933540265, 36.469134215137437 ], [ 127.398211061335815, 36.468909751780096 ], [ 127.398213977043724, 36.468866667395467 ], [ 127.398187075880017, 36.468789879636141 ], [ 127.398167983721564, 36.468669414252126 ], [ 127.398146432342955, 36.468442494912118 ], [ 127.398161621099064, 36.46841259878039 ], [ 127.398264030855344, 36.468291450115018 ], [ 127.398293575056812, 36.468204336770619 ], [ 127.398333029821174, 36.467633101570435 ], [ 127.39832455186891, 36.467544141159166 ], [ 127.398341475789621, 36.467510561807444 ], [ 127.398334986579741, 36.467469761557268 ], [ 127.398364977110219, 36.467369688263005 ], [ 127.398423704503685, 36.467261354917063 ], [ 127.398440818927881, 36.46716498259579 ], [ 127.398544853813192, 36.466952028511855 ], [ 127.398559029643579, 36.466894244249737 ], [ 127.39857889711368, 36.466790825256318 ], [ 127.398601120464832, 36.466738106285909 ], [ 127.398632343236983, 36.466706453330389 ], [ 127.398748136156797, 36.466613690703475 ], [ 127.398885309357524, 36.466576917977342 ], [ 127.399074672490926, 36.466447026355397 ], [ 127.39913751301458, 36.466360648889257 ], [ 127.3994772442407, 36.465912032362034 ], [ 127.399724445566676, 36.465811801841326 ], [ 127.399693780942016, 36.465437647229948 ], [ 127.399593155015893, 36.465124833040598 ], [ 127.399593493109776, 36.464815620167101 ], [ 127.39910074756807, 36.464384710278189 ], [ 127.399061632305717, 36.464304304618928 ], [ 127.399009875048066, 36.464307856324197 ], [ 127.399005749824312, 36.464251548134655 ], [ 127.398984330990373, 36.464118979123604 ], [ 127.398992908774673, 36.463921544388377 ], [ 127.39899187587659, 36.463581922168437 ], [ 127.399098888023474, 36.463201117650705 ], [ 127.399088236921344, 36.463096961944132 ], [ 127.399115472351866, 36.463034061252941 ], [ 127.399136858657229, 36.462923040182751 ], [ 127.399169310256354, 36.462823805447655 ], [ 127.399305759818347, 36.462305468269832 ], [ 127.399380624058551, 36.462322403523395 ], [ 127.399473141623304, 36.46221028941094 ], [ 127.399587627503976, 36.462101769483809 ], [ 127.39977423030453, 36.461809678679217 ], [ 127.399794831676061, 36.461510544770142 ], [ 127.399859740113826, 36.46124870552535 ], [ 127.399953823241063, 36.460660678999886 ], [ 127.400064458269725, 36.46044769201054 ], [ 127.40003295631054, 36.460149011378128 ], [ 127.400044231450195, 36.459765137322506 ], [ 127.400043162510244, 36.459145878607586 ], [ 127.40003233594598, 36.458867972403397 ], [ 127.399991400220216, 36.458568196736877 ], [ 127.399884909928687, 36.458197944765125 ], [ 127.399876268237151, 36.457936918454024 ], [ 127.39977597489704, 36.457687472278288 ], [ 127.3995405877275, 36.457536467498194 ], [ 127.399478947468225, 36.457513017799037 ] ] ] ] } },
{ "type": "Feature", "properties": { "SIG_CD": "30230", "SIG_ENG_NM": "Daedeok-gu", "SIG_KOR_NM": "대덕구" }, "geometry": { "type": "MultiPolygon", "coordinates": [ [ [ [ 127.481392599384222, 36.477082091599733 ], [ 127.484030755013293, 36.476617780735353 ], [ 127.484032672456379, 36.476617493627124 ], [ 127.484111551220494, 36.476291915028739 ], [ 127.484126993509605, 36.476223419549626 ], [ 127.484133607154703, 36.47619411456828 ], [ 127.48414875586684, 36.476134064011042 ], [ 127.484194359976527, 36.475954218075358 ], [ 127.484208945784559, 36.475887978911629 ], [ 127.484211993861095, 36.475873890680923 ], [ 127.484219827715719, 36.475843436302199 ], [ 127.484231405651073, 36.475797773454957 ], [ 127.484275831572347, 36.475624123118848 ], [ 127.484281390965776, 36.475593966302789 ], [ 127.484334464899405, 36.475380855810734 ], [ 127.484381173201641, 36.47518128823819 ], [ 127.484503605502326, 36.47468235079328 ], [ 127.484536388644173, 36.474542252070769 ], [ 127.48452888855256, 36.474514968684005 ], [ 127.484428816755567, 36.474148724283829 ], [ 127.484312869355392, 36.473725086907834 ], [ 127.484279538649005, 36.473607793358291 ], [ 127.484267079060402, 36.473567012816616 ], [ 127.484220090218045, 36.47341175512787 ], [ 127.483807585517113, 36.471916951886861 ], [ 127.483689381150839, 36.471495305367874 ], [ 127.483654019923335, 36.471359708494759 ], [ 127.4835852466164, 36.471120335338902 ], [ 127.48358411586706, 36.47110710205969 ], [ 127.483372241787762, 36.470336639061287 ], [ 127.483285652667547, 36.47000722291812 ], [ 127.48315370725723, 36.469673763366387 ], [ 127.483105745647478, 36.469557096165737 ], [ 127.483083090273851, 36.469501992326904 ], [ 127.482874224802828, 36.468992839738412 ], [ 127.482857158467127, 36.468966441879537 ], [ 127.482749672507239, 36.468782698882883 ], [ 127.48270685734073, 36.468709653308366 ], [ 127.482650341833406, 36.468618640006035 ], [ 127.482614569480674, 36.468556830343246 ], [ 127.482596087100248, 36.468528743995975 ], [ 127.48259151393772, 36.468521724470349 ], [ 127.482578281500054, 36.46849642853703 ], [ 127.482357377786101, 36.468123621995211 ], [ 127.482329640832305, 36.468065726890806 ], [ 127.482320632357627, 36.468046893158366 ], [ 127.482264833275792, 36.467930815866161 ], [ 127.482260927526241, 36.467919846613043 ], [ 127.482260041664517, 36.467917317957401 ], [ 127.482258464084381, 36.467914792088095 ], [ 127.482234497912216, 36.467874895705478 ], [ 127.482230559873287, 36.467856888620396 ], [ 127.482211841931544, 36.467819512328724 ], [ 127.482186917662972, 36.467763570359899 ], [ 127.482183000503056, 36.467748942491468 ], [ 127.482172249229791, 36.467731530567093 ], [ 127.482162715440566, 36.467710725424318 ], [ 127.482159676491762, 36.467699193965103 ], [ 127.482138670199831, 36.467656194705398 ], [ 127.482137761705076, 36.467649998469938 ], [ 127.482042864855117, 36.467442837332804 ], [ 127.482040542709555, 36.467433555852466 ], [ 127.482020221318749, 36.46738942737759 ], [ 127.482018601290775, 36.467381828215629 ], [ 127.48199684708328, 36.467331505610538 ], [ 127.481996821002298, 36.467327279333979 ], [ 127.481954728866782, 36.467228322566157 ], [ 127.481954699340662, 36.467223537591948 ], [ 127.48193119961239, 36.467172383932841 ], [ 127.481931866970598, 36.467168434220511 ], [ 127.481910824421718, 36.467119514522921 ], [ 127.481910086804064, 36.467113885320181 ], [ 127.481887466028908, 36.467064133903442 ], [ 127.481887443456685, 36.467060475335458 ], [ 127.48186413444823, 36.467011285395344 ], [ 127.481865483883468, 36.467003962646331 ], [ 127.481843762904205, 36.466958992691993 ], [ 127.481843726436296, 36.466953081311054 ], [ 127.481820409778138, 36.466904450103577 ], [ 127.481818068553437, 36.466892068747214 ], [ 127.481799353531343, 36.466853286581468 ], [ 127.481797027931208, 36.466843437386267 ], [ 127.481774433321448, 36.466797903210548 ], [ 127.481770342301786, 36.466785817261439 ], [ 127.481750194517574, 36.466740840957456 ], [ 127.48174946457047, 36.466734643999494 ], [ 127.481726175882088, 36.46669052740814 ], [ 127.481725963349234, 36.466683201933613 ], [ 127.481702634787496, 36.466632615258071 ], [ 127.481702596552338, 36.466626415516615 ], [ 127.481680204907292, 36.466584827530781 ], [ 127.481679296462431, 36.466578631290353 ], [ 127.481656679494463, 36.466529447532025 ], [ 127.481654360868546, 36.466520724739858 ], [ 127.481634039939962, 36.466476596189096 ], [ 127.481606425286444, 36.466409400561538 ], [ 127.481431855277464, 36.466143417033898 ], [ 127.481339936239209, 36.465993412107906 ], [ 127.481285118105319, 36.465923793539325 ], [ 127.481077195357912, 36.465647526266295 ], [ 127.480899935241169, 36.465426051401806 ], [ 127.480846905063117, 36.465364022116937 ], [ 127.480781561522392, 36.465282622519375 ], [ 127.480764869514417, 36.465262413722087 ], [ 127.480535500994833, 36.464985105141807 ], [ 127.4804982375789, 36.464963284711388 ], [ 127.480433678124101, 36.464925812727962 ], [ 127.480107571405, 36.464650017882484 ], [ 127.479718068038139, 36.464213116594273 ], [ 127.479400210917262, 36.463746351455278 ], [ 127.479248368156135, 36.463432963289755 ], [ 127.479159213326383, 36.463248584746857 ], [ 127.479087879995092, 36.463101307184409 ], [ 127.479057290428045, 36.462974142395851 ], [ 127.479055152468149, 36.462965707191209 ], [ 127.479018009508508, 36.462821392724337 ], [ 127.479016237236408, 36.462818011497397 ], [ 127.478953654656848, 36.462702248032819 ], [ 127.478873903509964, 36.462573865032823 ], [ 127.478681906923498, 36.462277533192776 ], [ 127.478481271512791, 36.461993067626018 ], [ 127.478297504925564, 36.461759503274536 ], [ 127.478259192580012, 36.46170812864716 ], [ 127.47810219238896, 36.461462057258018 ], [ 127.47795218049292, 36.461189220676175 ], [ 127.477822202712417, 36.460914042058555 ], [ 127.477684882245015, 36.460519778750509 ], [ 127.477596526409172, 36.460096302966548 ], [ 127.477558094496644, 36.459912000122472 ], [ 127.477522732969931, 36.45971530323046 ], [ 127.477500351005673, 36.459590637452578 ], [ 127.477499585341462, 36.459578529066142 ], [ 127.477474884306858, 36.459216762246903 ], [ 127.477467815253732, 36.45917173299317 ], [ 127.477460729877194, 36.45912585672378 ], [ 127.47748084522128, 36.458936255889014 ], [ 127.47757987260546, 36.45842671180548 ], [ 127.477583284238023, 36.458415433835825 ], [ 127.477734465539243, 36.458110692956801 ], [ 127.477888711780892, 36.457851276450754 ], [ 127.478042320414374, 36.45763185527904 ], [ 127.478172975100392, 36.457418716467195 ], [ 127.478278452915887, 36.457280590601712 ], [ 127.478780151963306, 36.456691144477098 ], [ 127.478955899761033, 36.456500920926061 ], [ 127.47918211520502, 36.456296410195151 ], [ 127.479505244584644, 36.45600788432035 ], [ 127.479861439852257, 36.455769058611445 ], [ 127.479926019275297, 36.455725706829227 ], [ 127.480063996345905, 36.455601813420024 ], [ 127.480120705935406, 36.455553996348939 ], [ 127.480555247642229, 36.455187567048689 ], [ 127.481171188476239, 36.454672285419505 ], [ 127.481515886253064, 36.454379711350271 ], [ 127.482107021480417, 36.453885079833867 ], [ 127.483147108699185, 36.453470864595808 ], [ 127.48451152847116, 36.45294212596108 ], [ 127.484541944801478, 36.452929044350412 ], [ 127.485404928684972, 36.452880212203915 ], [ 127.485721169577701, 36.4528623125858 ], [ 127.485794332704288, 36.452856662947099 ], [ 127.486152678188489, 36.452829021147174 ], [ 127.48690152322969, 36.452783741506181 ], [ 127.48815388530636, 36.452932964149355 ], [ 127.489277016338306, 36.453066931669916 ], [ 127.490565869513802, 36.453224144260531 ], [ 127.491618878438416, 36.453349365498198 ], [ 127.492072838141127, 36.453503228281768 ], [ 127.493499027087694, 36.453959765072184 ], [ 127.493975489094964, 36.454114654264323 ], [ 127.494547802608778, 36.454295053696256 ], [ 127.495082778337149, 36.45446772872684 ], [ 127.496081074051588, 36.454784621828964 ], [ 127.496087725089652, 36.454788541302555 ], [ 127.496466179227539, 36.454906933517641 ], [ 127.496776708512527, 36.455003933755371 ], [ 127.496802384566735, 36.455013965139713 ], [ 127.497078688094618, 36.455101806746022 ], [ 127.497207744481074, 36.455140696118775 ], [ 127.497261158444772, 36.45515342379295 ], [ 127.497353554855422, 36.455182895062634 ], [ 127.497367883691325, 36.455189026430062 ], [ 127.497411033054789, 36.455203211481063 ], [ 127.497478786730923, 36.455223764532207 ], [ 127.497487532794551, 36.455229081013947 ], [ 127.497519837231934, 36.455237678908617 ], [ 127.497549352525084, 36.45524797353346 ], [ 127.497572753945477, 36.455254634896285 ], [ 127.497614863773293, 36.455270229985317 ], [ 127.49767772679057, 36.455288280033521 ], [ 127.497748292646463, 36.455312479904727 ], [ 127.497898499314303, 36.455360012725201 ], [ 127.498108448804004, 36.455429546174997 ], [ 127.498121012410436, 36.455431737764549 ], [ 127.498387709470265, 36.455517084064262 ], [ 127.498458973569413, 36.455538757390222 ], [ 127.498748871098471, 36.455627097224237 ], [ 127.499408864724231, 36.455831898531471 ], [ 127.500590917092026, 36.456203470774476 ], [ 127.502440881373929, 36.455621797908776 ], [ 127.502764421531751, 36.455520186902753 ], [ 127.502787884167546, 36.455508544659679 ], [ 127.502790123277791, 36.455504597237677 ], [ 127.502796838693328, 36.455492457600464 ], [ 127.502962228407881, 36.455191283966265 ], [ 127.50323810683507, 36.454697592949806 ], [ 127.503595921382271, 36.45404556727388 ], [ 127.503788566310732, 36.453700914523573 ], [ 127.503797343752012, 36.453685107487118 ], [ 127.504455800275537, 36.451896933914142 ], [ 127.504459537389607, 36.451881427418556 ], [ 127.504471920703253, 36.451829838535851 ], [ 127.504417373117761, 36.451694896026382 ], [ 127.503794999048509, 36.450157119354841 ], [ 127.503700393003001, 36.449919271576668 ], [ 127.503570357599742, 36.449592593251502 ], [ 127.503478461233527, 36.449368251113121 ], [ 127.503476124445953, 36.449357005584687 ], [ 127.502943833414577, 36.448948931413398 ], [ 127.502919667611735, 36.448930730578418 ], [ 127.502743832232113, 36.448799108207368 ], [ 127.502683619077615, 36.448757124150596 ], [ 127.502473786755615, 36.448596077390526 ], [ 127.502372388240744, 36.448520472903461 ], [ 127.502364133964875, 36.448511775398181 ], [ 127.502090903443602, 36.448302277796934 ], [ 127.502087046911342, 36.448297508865089 ], [ 127.50206252093831, 36.448278741639349 ], [ 127.501324295937252, 36.447714390004535 ], [ 127.501162817585296, 36.447590878572377 ], [ 127.501102405737527, 36.447547200373492 ], [ 127.501086471019946, 36.447535723334155 ], [ 127.500920803469057, 36.447411093651425 ], [ 127.500415568325977, 36.447031353095838 ], [ 127.499960432010624, 36.446691934901942 ], [ 127.499690759460606, 36.446490869627702 ], [ 127.499561867859484, 36.446393686762029 ], [ 127.499369405590897, 36.44624862045616 ], [ 127.499342626101509, 36.44622958270255 ], [ 127.499337371624009, 36.446225936935129 ], [ 127.49928555053684, 36.446189268965831 ], [ 127.498479779268408, 36.445631092585671 ], [ 127.497930493977464, 36.445254056925251 ], [ 127.497842280022596, 36.445194713518418 ], [ 127.497610316965648, 36.445032064905398 ], [ 127.497142303344262, 36.444717759284842 ], [ 127.496996578008449, 36.444575315629272 ], [ 127.496905756464528, 36.444489794913487 ], [ 127.49666306176853, 36.444254249851078 ], [ 127.496558390175551, 36.444154998709685 ], [ 127.496278207878376, 36.443889194469811 ], [ 127.496100925607323, 36.443717584074555 ], [ 127.496019726491994, 36.443636537562526 ], [ 127.495042884224787, 36.442695489346583 ], [ 127.4947468939083, 36.442408065077309 ], [ 127.494315184057854, 36.4419888483718 ], [ 127.493887359884511, 36.441576643010222 ], [ 127.493766188985973, 36.44145801957584 ], [ 127.4937158501846, 36.44140613159994 ], [ 127.493497027534389, 36.441194695411966 ], [ 127.49347453156237, 36.441164662643075 ], [ 127.493385075389483, 36.441045061027822 ], [ 127.493336067516751, 36.440956562649511 ], [ 127.493017698262918, 36.440406198185549 ], [ 127.492962368235197, 36.440308984504647 ], [ 127.492943129515098, 36.440271891218906 ], [ 127.492768544261722, 36.43997185057556 ], [ 127.492723415088449, 36.439889806229608 ], [ 127.492654182679942, 36.439772094338387 ], [ 127.49258333948238, 36.439646512968231 ], [ 127.492543545931738, 36.439581054817836 ], [ 127.492429658259496, 36.439373131968821 ], [ 127.492364458603973, 36.439396217211389 ], [ 127.492345320852777, 36.439401639723577 ], [ 127.4911147382808, 36.439829395876359 ], [ 127.491077003667883, 36.440008086708843 ], [ 127.491023951578299, 36.439997886946998 ], [ 127.491010810393462, 36.439984991287162 ], [ 127.490994951203476, 36.439985056313297 ], [ 127.490977508675371, 36.43995499333176 ], [ 127.49093073351942, 36.439887598757714 ], [ 127.4903829137521, 36.439594995656762 ], [ 127.489904432078745, 36.439241278654109 ], [ 127.489799843112792, 36.439124277441309 ], [ 127.489310552370554, 36.439075867277481 ], [ 127.488867849124134, 36.438785089482884 ], [ 127.488321390603446, 36.438984725278488 ], [ 127.48774378401005, 36.438634503656807 ], [ 127.487321312912798, 36.437982888643944 ], [ 127.487193852565426, 36.437774168836441 ], [ 127.48707285364145, 36.437540920287368 ], [ 127.486841661093564, 36.437297711315928 ], [ 127.486515237797931, 36.437095710973722 ], [ 127.486183784909528, 36.436757160575098 ], [ 127.486015227960053, 36.436384425406736 ], [ 127.486010183995219, 36.436107620995877 ], [ 127.485655763305473, 36.43588574430283 ], [ 127.485268642203607, 36.43530747622934 ], [ 127.484655455352964, 36.434721398733522 ], [ 127.484472113184239, 36.43423917697222 ], [ 127.484002125987601, 36.433952708504741 ], [ 127.483877684563041, 36.433582333044903 ], [ 127.483845587165987, 36.433520787846433 ], [ 127.483827169275997, 36.433500027607494 ], [ 127.482931276668225, 36.432615161115265 ], [ 127.482734963264761, 36.432287311171102 ], [ 127.482393958603566, 36.432061144080294 ], [ 127.48223437652365, 36.431784682249464 ], [ 127.48180745225946, 36.430959592683493 ], [ 127.481726570752969, 36.430871208529119 ], [ 127.481548912628327, 36.430684654357293 ], [ 127.481461619310878, 36.430429582485004 ], [ 127.481429246723678, 36.430237658873686 ], [ 127.481425041457399, 36.430177695027886 ], [ 127.481422746374164, 36.4301436226432 ], [ 127.481417493021965, 36.43011267112729 ], [ 127.481413549140555, 36.430008207288509 ], [ 127.481398450830483, 36.429990244912425 ], [ 127.481397886838991, 36.42998376788838 ], [ 127.48115672942609, 36.429700314980913 ], [ 127.481121627017103, 36.429659057015975 ], [ 127.481117594275119, 36.429654288092102 ], [ 127.481114607249324, 36.429650920766441 ], [ 127.48110934859838, 36.429644462598702 ], [ 127.481098284886812, 36.42963154845733 ], [ 127.481060903314074, 36.429587776399885 ], [ 127.481035280229008, 36.429557465391909 ], [ 127.481016143367228, 36.429535572134377 ], [ 127.480999807342528, 36.429426931629003 ], [ 127.480930668917011, 36.429066189253113 ], [ 127.480996682112902, 36.429003969878565 ], [ 127.481060607064478, 36.428774486778686 ], [ 127.48104424854462, 36.428749203038116 ], [ 127.481026080450704, 36.42871435631443 ], [ 127.480932598607978, 36.428500428439847 ], [ 127.480876286615086, 36.428382936875508 ], [ 127.481189915642403, 36.42798544913601 ], [ 127.481166535912536, 36.427951749808337 ], [ 127.481162845502297, 36.427946420793958 ], [ 127.481019902029956, 36.427736909047262 ], [ 127.480824695339436, 36.427444259249206 ], [ 127.480671712683474, 36.427217611376022 ], [ 127.480569027935346, 36.427066233110892 ], [ 127.480233009380868, 36.426512244901154 ], [ 127.479715267721559, 36.426214686014283 ], [ 127.479528188916149, 36.425824000962407 ], [ 127.479619129091617, 36.425453596045436 ], [ 127.479361754825902, 36.42527721619102 ], [ 127.478993982594886, 36.424657449956577 ], [ 127.479000397297327, 36.424537742037984 ], [ 127.478643316729091, 36.424097045263444 ], [ 127.478359945851324, 36.423829516196761 ], [ 127.478384280221434, 36.423563857884723 ], [ 127.478258650234935, 36.423362167589339 ], [ 127.477994953739284, 36.423206076896093 ], [ 127.477783340843075, 36.422560342927497 ], [ 127.477812547313349, 36.422265098359979 ], [ 127.477550314537922, 36.421977215972554 ], [ 127.477284739644332, 36.421709613271034 ], [ 127.476654224202122, 36.421053722344652 ], [ 127.47645287937398, 36.420461725785046 ], [ 127.475941619716338, 36.419387725276366 ], [ 127.475834315897302, 36.419104287755687 ], [ 127.475514386262446, 36.419208632285027 ], [ 127.474936881071855, 36.41941453031427 ], [ 127.474714322699029, 36.419458208351536 ], [ 127.474680531840889, 36.419460883514184 ], [ 127.47456415256832, 36.419459938824353 ], [ 127.474513269021202, 36.419459004941615 ], [ 127.474212359327865, 36.419567208690154 ], [ 127.47403213427701, 36.419641708583612 ], [ 127.473979405455239, 36.419650928780847 ], [ 127.473946828271522, 36.419622049498386 ], [ 127.473945228850923, 36.419617550051633 ], [ 127.473948095805937, 36.419601209780396 ], [ 127.473965159400478, 36.419600015823214 ], [ 127.473988619841975, 36.419590911446399 ], [ 127.473921423953129, 36.419542172503419 ], [ 127.473882024223201, 36.419507976345173 ], [ 127.473863476633255, 36.419466650656553 ], [ 127.473829741300918, 36.419449040359808 ], [ 127.473662263804655, 36.419411691982909 ], [ 127.47354829253311, 36.41937750218397 ], [ 127.473459617533422, 36.419348285800098 ], [ 127.473377417827564, 36.419324108253008 ], [ 127.473379085616827, 36.419312269496665 ], [ 127.473375592346926, 36.419311724584958 ], [ 127.473382613059769, 36.419233683848589 ], [ 127.473372703481076, 36.419151213251197 ], [ 127.473348618401275, 36.419086542410092 ], [ 127.473352378967874, 36.41907413666798 ], [ 127.473378185404087, 36.419076846294978 ], [ 127.47338562353498, 36.419067805350601 ], [ 127.473418033583258, 36.419041489702408 ], [ 127.473548355469134, 36.418868349324562 ], [ 127.473743004474358, 36.418559492781661 ], [ 127.474215348358172, 36.417847126071351 ], [ 127.47441880861598, 36.417699594370418 ], [ 127.474329215973896, 36.417607022026907 ], [ 127.474267814927032, 36.417535452072208 ], [ 127.474161913165034, 36.417424921061752 ], [ 127.474068462682993, 36.41732672255408 ], [ 127.473933507496184, 36.417192641969059 ], [ 127.473825420046609, 36.417094789542233 ], [ 127.473820290919505, 36.417081860227221 ], [ 127.473740242806258, 36.417011210831916 ], [ 127.473621779644077, 36.41672246244012 ], [ 127.473563062412452, 36.416635390635079 ], [ 127.473450450743826, 36.416508268188025 ], [ 127.47341381533812, 36.41647180803821 ], [ 127.473365259232438, 36.416422157008022 ], [ 127.473307092532394, 36.416368876226542 ], [ 127.472904548479647, 36.416061261517008 ], [ 127.472901950159113, 36.416035354540455 ], [ 127.472846817902678, 36.415993335006611 ], [ 127.4727806810874, 36.415541612436762 ], [ 127.47272069312541, 36.415417372538613 ], [ 127.472447293892429, 36.415003360736954 ], [ 127.472378956226279, 36.414908720501607 ], [ 127.47232173330373, 36.414836015592641 ], [ 127.471872519921362, 36.414328912180174 ], [ 127.471824694705319, 36.41428544855993 ], [ 127.471793846306525, 36.414254317967114 ], [ 127.471725254300722, 36.414204177419954 ], [ 127.471587476019351, 36.41411994813118 ], [ 127.471326630376282, 36.41376333291354 ], [ 127.47045948894079, 36.412701403673843 ], [ 127.469854391017435, 36.412223912681569 ], [ 127.469815696450524, 36.41219111815969 ], [ 127.469429477261713, 36.411695869716532 ], [ 127.469407272731502, 36.411683565819587 ], [ 127.469405910577336, 36.411659068715608 ], [ 127.469021589921226, 36.411219295654803 ], [ 127.468731394778288, 36.41107595798568 ], [ 127.468627342911702, 36.410951329578793 ], [ 127.468526007573445, 36.410669555791543 ], [ 127.468463019977591, 36.410303139520515 ], [ 127.468234630487913, 36.409979615963707 ], [ 127.467779126435602, 36.410043070485841 ], [ 127.467622673353091, 36.410038896104751 ], [ 127.467371405176664, 36.409968342758276 ], [ 127.467378740597525, 36.40994212652911 ], [ 127.467382782455374, 36.409890852968914 ], [ 127.467382488244724, 36.409841578868495 ], [ 127.467383267170831, 36.409796517994629 ], [ 127.467386418512191, 36.409769750358116 ], [ 127.46691377475247, 36.409266098400416 ], [ 127.466735046293252, 36.408973639472578 ], [ 127.466568190843432, 36.408802501833541 ], [ 127.466571947017911, 36.408789258222832 ], [ 127.466582727874552, 36.40878554853002 ], [ 127.466595761013735, 36.408693976278911 ], [ 127.466555221674284, 36.408555022558836 ], [ 127.466519146181056, 36.408493487855978 ], [ 127.466497610133899, 36.408475269214435 ], [ 127.466370115742791, 36.408303139938596 ], [ 127.466262369305696, 36.408286941966942 ], [ 127.465780149888843, 36.408016776355495 ], [ 127.465623515864351, 36.407951492584253 ], [ 127.464983982917843, 36.407677149848816 ], [ 127.464907640878536, 36.407639994013792 ], [ 127.464267063852958, 36.407158664660528 ], [ 127.464161871262505, 36.406958006023451 ], [ 127.463398444302683, 36.406937017376066 ], [ 127.4628029261374, 36.406590409043396 ], [ 127.462339107282318, 36.406039952415874 ], [ 127.46188989833675, 36.405572524322288 ], [ 127.461464460034946, 36.405324092378848 ], [ 127.461225526252278, 36.404889356711678 ], [ 127.460884321692362, 36.40462849583087 ], [ 127.460875192229835, 36.404617257463705 ], [ 127.460148261256037, 36.404489383454809 ], [ 127.459496059443012, 36.40427449102863 ], [ 127.459168536444366, 36.403967090999963 ], [ 127.458763393136607, 36.403851780703867 ], [ 127.45824774403151, 36.403692951232244 ], [ 127.458183284828195, 36.403601108397233 ], [ 127.457616281834802, 36.403089615090842 ], [ 127.45766917959277, 36.402483384216076 ], [ 127.457600560301742, 36.402396630452465 ], [ 127.457579972187432, 36.402360662746986 ], [ 127.457060527290281, 36.401788156848596 ], [ 127.456918108474966, 36.40167971391373 ], [ 127.456352850152612, 36.401283952507022 ], [ 127.455944665573028, 36.401148647415518 ], [ 127.455793685259934, 36.400078248957591 ], [ 127.455705792358913, 36.400119135379697 ], [ 127.45570543531494, 36.400117163200186 ], [ 127.455441037390855, 36.400237004184945 ], [ 127.455352735018408, 36.400268880317647 ], [ 127.45536310572848, 36.399715475435002 ], [ 127.4552334209924, 36.399010252744155 ], [ 127.455443084092167, 36.398883014469682 ], [ 127.455420639096303, 36.398437305508992 ], [ 127.455040187484656, 36.397589129139234 ], [ 127.455020712819817, 36.397354901740052 ], [ 127.454998457045349, 36.39733076309016 ], [ 127.454970301174455, 36.397190910977862 ], [ 127.454980330954641, 36.396877720110552 ], [ 127.454764470421154, 36.396387966455464 ], [ 127.454748312623067, 36.396335084668344 ], [ 127.454649866524406, 36.396178043715203 ], [ 127.454178363125592, 36.394431582428716 ], [ 127.45417969758968, 36.393879328767106 ], [ 127.454203723993217, 36.393668880016172 ], [ 127.45425965959214, 36.392531512572397 ], [ 127.454089307283482, 36.391415566995761 ], [ 127.454326685284599, 36.390965772484492 ], [ 127.454311778079656, 36.390797708577651 ], [ 127.454308374295024, 36.390691267441404 ], [ 127.454305026124786, 36.390594414435732 ], [ 127.454303631573893, 36.390563437838011 ], [ 127.454097360365395, 36.390282048338179 ], [ 127.454109308160781, 36.390268476652416 ], [ 127.454102105061637, 36.390258374905947 ], [ 127.454109831098762, 36.390239475337061 ], [ 127.454621101203884, 36.389660515065373 ], [ 127.454948910117338, 36.389280216055951 ], [ 127.455193672792717, 36.388994574062139 ], [ 127.455188612143544, 36.388990655212915 ], [ 127.455289429566079, 36.388868615606157 ], [ 127.454833149007371, 36.388448776316991 ], [ 127.454692965421486, 36.388090808611913 ], [ 127.454777827099875, 36.387768042385282 ], [ 127.45481360280013, 36.387541210681235 ], [ 127.454851119788117, 36.387165113122286 ], [ 127.454823746678386, 36.38688867784888 ], [ 127.454747532382285, 36.38675012523877 ], [ 127.454219756943672, 36.386008948409859 ], [ 127.453673926450961, 36.38557789990255 ], [ 127.453339341419039, 36.38517842870688 ], [ 127.453082909554126, 36.384258528972602 ], [ 127.453063967156865, 36.38411469416215 ], [ 127.453116715035023, 36.383962144452518 ], [ 127.453330613866825, 36.383550460167307 ], [ 127.453280184630515, 36.383531501224624 ], [ 127.453215655507819, 36.383363903978008 ], [ 127.453215531724041, 36.383342501866842 ], [ 127.453125871465346, 36.383136420880447 ], [ 127.453108818992206, 36.383078468586206 ], [ 127.452846366814612, 36.382773633390713 ], [ 127.452709086458128, 36.382702617812704 ], [ 127.452628843529965, 36.382376538248955 ], [ 127.452394737866683, 36.382033286585227 ], [ 127.452149967331081, 36.381894530192191 ], [ 127.45181713160423, 36.381763422731275 ], [ 127.451243901588697, 36.381132236858271 ], [ 127.451290717076375, 36.381096861222879 ], [ 127.451310985221525, 36.381078761674146 ], [ 127.451507482472607, 36.380940594471646 ], [ 127.451519803680839, 36.380781159591855 ], [ 127.451522363978043, 36.380622031826377 ], [ 127.451533110688104, 36.380493017076645 ], [ 127.45153651241273, 36.380327127420323 ], [ 127.451728835223349, 36.379646872673753 ], [ 127.451773965715461, 36.379501110866443 ], [ 127.451797823151182, 36.379409778300818 ], [ 127.451805131793222, 36.379349490056192 ], [ 127.451821733707717, 36.379238746770625 ], [ 127.451842810176956, 36.379179253714369 ], [ 127.451859569877271, 36.379155814392952 ], [ 127.451975368914276, 36.379006686067761 ], [ 127.452468289046067, 36.378484684642963 ], [ 127.452703733164512, 36.37815853019854 ], [ 127.452918724311431, 36.377816691241591 ], [ 127.453043977000988, 36.377614862223624 ], [ 127.45335758148191, 36.377525813157284 ], [ 127.453802685294818, 36.377350087338137 ], [ 127.454130366117042, 36.377286612000731 ], [ 127.454178907699301, 36.377099716293365 ], [ 127.454259577902619, 36.377078287346798 ], [ 127.454320760881544, 36.376669153118101 ], [ 127.45437143196753, 36.376428747242464 ], [ 127.454389979729271, 36.376383339457504 ], [ 127.454403271958327, 36.376334851595551 ], [ 127.45440282561583, 36.376286695176915 ], [ 127.454357249555372, 36.376054539304633 ], [ 127.454341130652423, 36.376007568745038 ], [ 127.454330825564824, 36.375971561314458 ], [ 127.454377114123432, 36.375967168410661 ], [ 127.454653131942862, 36.375852908728511 ], [ 127.455047514985694, 36.3755824692376 ], [ 127.455178863618073, 36.375441731622928 ], [ 127.455422844292286, 36.375147927076966 ], [ 127.455822532460715, 36.374832686097676 ], [ 127.455789520703362, 36.374065417710383 ], [ 127.456056748982093, 36.373759691155342 ], [ 127.456349417818956, 36.373515551717908 ], [ 127.457023347690111, 36.372844997190434 ], [ 127.45725874348561, 36.372635137819692 ], [ 127.457352297659924, 36.372166176267491 ], [ 127.457446821311336, 36.371685946373404 ], [ 127.457727326012133, 36.370553357355952 ], [ 127.457832448223655, 36.370367938104678 ], [ 127.457888396664202, 36.370199873767184 ], [ 127.457904397699252, 36.370047182655021 ], [ 127.457868167837717, 36.370014095170106 ], [ 127.457912331056889, 36.370003220648499 ], [ 127.457984669634854, 36.369899869245494 ], [ 127.458011369569164, 36.369850491629514 ], [ 127.458060069723459, 36.369782718302737 ], [ 127.458106642334755, 36.369736067338408 ], [ 127.458185851185448, 36.369527091258057 ], [ 127.458311738878777, 36.369289775302079 ], [ 127.458410183215662, 36.369241529070528 ], [ 127.458477572010409, 36.369214227427207 ], [ 127.458539804097569, 36.369166398952167 ], [ 127.459455494414186, 36.369147122187933 ], [ 127.459517701496893, 36.369097040393065 ], [ 127.459603711696403, 36.369096710633201 ], [ 127.459940547655719, 36.36881887868276 ], [ 127.46012286215452, 36.368614849529372 ], [ 127.460186716861671, 36.368488720907919 ], [ 127.460181585879539, 36.368060688062201 ], [ 127.460821073947969, 36.367585688284287 ], [ 127.460991302065281, 36.366808906765442 ], [ 127.46144839456008, 36.366051855835892 ], [ 127.46205731872486, 36.36482646892 ], [ 127.462101443777726, 36.364751105724132 ], [ 127.462199128404365, 36.364635830731302 ], [ 127.462250102965854, 36.364569452705346 ], [ 127.462250963755139, 36.364568043570486 ], [ 127.46225251699596, 36.364566911126055 ], [ 127.462387011042495, 36.364464164385879 ], [ 127.462497134453173, 36.364330817888941 ], [ 127.462626988691767, 36.36432749615355 ], [ 127.46286029921913, 36.363948674427505 ], [ 127.46275435716035, 36.363636776124316 ], [ 127.462821954130092, 36.363557095578386 ], [ 127.462817369046121, 36.363546695827175 ], [ 127.462960088190428, 36.363393793940212 ], [ 127.463039346427564, 36.363311535960449 ], [ 127.463172929558766, 36.362938163305053 ], [ 127.463195440651219, 36.362887944570929 ], [ 127.463274700387203, 36.362658967918492 ], [ 127.463426481182225, 36.362065874889346 ], [ 127.463484273244376, 36.362005381596653 ], [ 127.463518386463889, 36.361946394666788 ], [ 127.463836133746796, 36.36162665814409 ], [ 127.463920281504144, 36.361548327743591 ], [ 127.464551955695839, 36.361414644876646 ], [ 127.465065301917875, 36.361111890814009 ], [ 127.465582367705878, 36.361057219600646 ], [ 127.46611242482787, 36.360815233727628 ], [ 127.46618334328852, 36.360678647852161 ], [ 127.466186277397796, 36.360675545448139 ], [ 127.466187816520588, 36.360670186547182 ], [ 127.466198361488068, 36.360627907971555 ], [ 127.466207432524158, 36.360601955210598 ], [ 127.466204782403125, 36.360536631113931 ], [ 127.466198022934407, 36.360482875923502 ], [ 127.466034430122065, 36.359613041432183 ], [ 127.466002273141427, 36.359415757382713 ], [ 127.465988428435139, 36.359341465141888 ], [ 127.465987706455948, 36.359338088582042 ], [ 127.465904686219048, 36.358990336528137 ], [ 127.465907089311159, 36.358984127176804 ], [ 127.465900135356961, 36.358955713454542 ], [ 127.465912975383148, 36.358919058250002 ], [ 127.46599005564147, 36.358531537273684 ], [ 127.466276818407934, 36.358159529904157 ], [ 127.466262441233297, 36.358141850908119 ], [ 127.466269527434022, 36.358132532338878 ], [ 127.466068369051982, 36.357882953063651 ], [ 127.466046446606597, 36.35785544463527 ], [ 127.46561227523415, 36.357327129838353 ], [ 127.465615293820179, 36.357308247724902 ], [ 127.465615722163491, 36.357292196317779 ], [ 127.465626769148741, 36.356923522963633 ], [ 127.465624378447743, 36.356755410949603 ], [ 127.465534594157475, 36.356498639313124 ], [ 127.465203509843903, 36.355855591705335 ], [ 127.464826008902889, 36.355222302464909 ], [ 127.464673777202208, 36.35364980069248 ], [ 127.464687480849307, 36.35355398975021 ], [ 127.464684880939259, 36.353526964868806 ], [ 127.464769461352901, 36.352964823474686 ], [ 127.464813049476945, 36.352653752413019 ], [ 127.46512086458705, 36.352516815993027 ], [ 127.46512065972307, 36.352363898021572 ], [ 127.465127242551191, 36.352359934388204 ], [ 127.465125778919969, 36.3518181143044 ], [ 127.465055884093999, 36.351538177040133 ], [ 127.464680990619414, 36.350901208951534 ], [ 127.464643507803061, 36.350890657394558 ], [ 127.464642977548493, 36.350889532992568 ], [ 127.4642140976582, 36.350746440200808 ], [ 127.464145941541148, 36.350729527873007 ], [ 127.463948322530399, 36.350719875331478 ], [ 127.463719185053051, 36.350709776646362 ], [ 127.463610060950273, 36.35074286594881 ], [ 127.463321589154759, 36.350823121527469 ], [ 127.462656080610728, 36.351199387075852 ], [ 127.461940476361974, 36.351522339744058 ], [ 127.461159802400758, 36.351704451943021 ], [ 127.458967371905288, 36.352145424872575 ], [ 127.458914670250664, 36.352151826639137 ], [ 127.458752541534636, 36.352557412982058 ], [ 127.458514462062453, 36.352952863097933 ], [ 127.456913267736951, 36.352998960933505 ], [ 127.455776449149198, 36.353007235216374 ], [ 127.455647284359273, 36.353007158449593 ], [ 127.455470082327878, 36.353007273061444 ], [ 127.455255127758704, 36.353011748228795 ], [ 127.454977515078824, 36.35301758726758 ], [ 127.454420836022777, 36.353137976546272 ], [ 127.454159276424704, 36.353180367203343 ], [ 127.454142631034983, 36.353191694828674 ], [ 127.453951906440722, 36.35323269023332 ], [ 127.454550670932775, 36.354305340987672 ], [ 127.454592885402917, 36.354380653542989 ], [ 127.454631411582753, 36.354450068422665 ], [ 127.454321157759779, 36.354441665147149 ], [ 127.451296386589362, 36.354224139125776 ], [ 127.449081031200492, 36.354057289008246 ], [ 127.449047130316387, 36.353944490895273 ], [ 127.448712038042999, 36.353365908301235 ], [ 127.447378180668196, 36.353864839934417 ], [ 127.446995509188724, 36.354007921486364 ], [ 127.446924657783953, 36.353885401758369 ], [ 127.44688154281539, 36.353895132847732 ], [ 127.446623263009045, 36.353444385801218 ], [ 127.446570948451949, 36.353429098632532 ], [ 127.445971332344087, 36.353654080680307 ], [ 127.445955838117854, 36.353623165236769 ], [ 127.445954609411373, 36.353620637530476 ], [ 127.445826060851644, 36.353362589087105 ], [ 127.445649568180329, 36.352507137423885 ], [ 127.445615523434952, 36.352397438836654 ], [ 127.445604112092141, 36.35238114310426 ], [ 127.44549462103933, 36.352227783986109 ], [ 127.445518943208114, 36.352218402589422 ], [ 127.445570925903823, 36.352238206300946 ], [ 127.445675840673175, 36.352197822614094 ], [ 127.445829909531071, 36.352261746294324 ], [ 127.445912086115655, 36.352295793158582 ], [ 127.445985504623735, 36.352319743435494 ], [ 127.44603932029078, 36.352416977333704 ], [ 127.446095321752452, 36.352438171684447 ], [ 127.44516935277656, 36.350796705356103 ], [ 127.443972133803683, 36.351260739264049 ], [ 127.442272461388583, 36.351929378019214 ], [ 127.442275018548685, 36.351950203553535 ], [ 127.44227477322454, 36.35196794842436 ], [ 127.441381799781112, 36.352340717129927 ], [ 127.441479879708425, 36.353560030497079 ], [ 127.439654377224969, 36.355083229428217 ], [ 127.440035481725076, 36.355559169977177 ], [ 127.439860611010786, 36.35557277039198 ], [ 127.439848516135555, 36.355589423249775 ], [ 127.439856065059871, 36.356190644411924 ], [ 127.439855213455118, 36.356193747546492 ], [ 127.439874049639911, 36.356260698145746 ], [ 127.439871972540345, 36.356263805776329 ], [ 127.439853534339022, 36.35626584697166 ], [ 127.439807074161138, 36.356362892726452 ], [ 127.439726426717939, 36.35654032167151 ], [ 127.439243538420698, 36.356759497912364 ], [ 127.4388949648325, 36.35702831246585 ], [ 127.438929095507916, 36.357092954305514 ], [ 127.439037839312192, 36.357269130573371 ], [ 127.438933676618802, 36.35750747375112 ], [ 127.438973542908613, 36.357756842540702 ], [ 127.438983111575723, 36.357754545581763 ], [ 127.438994597806101, 36.357816179301302 ], [ 127.439001426822003, 36.357853895112953 ], [ 127.43901893456551, 36.357934368177261 ], [ 127.439026353481097, 36.357954058515006 ], [ 127.439217174369702, 36.358300867102443 ], [ 127.43873453339873, 36.359251678563325 ], [ 127.438605684497603, 36.359620780694975 ], [ 127.438260310930133, 36.359966460020971 ], [ 127.437729529588267, 36.35999937207206 ], [ 127.437407192408713, 36.360199372556941 ], [ 127.437279957862359, 36.360171954610706 ], [ 127.43722457257509, 36.360167930129748 ], [ 127.437157200396101, 36.360168175794428 ], [ 127.437109194547688, 36.360176803749582 ], [ 127.437112962071296, 36.360195092681842 ], [ 127.436998394932957, 36.360193536755787 ], [ 127.436824924784389, 36.360210507016284 ], [ 127.436678037229541, 36.36021723309026 ], [ 127.436646879365895, 36.360218193661396 ], [ 127.436326961480631, 36.360697534653106 ], [ 127.436121202357825, 36.360762779667091 ], [ 127.436080681517566, 36.360771091610154 ], [ 127.435276129340224, 36.360787811989887 ], [ 127.435275326069402, 36.360829782173504 ], [ 127.435273934929768, 36.360830066585095 ], [ 127.435259845368577, 36.360832929370183 ], [ 127.43524871635033, 36.360835222683967 ], [ 127.435068870537634, 36.360739567881097 ], [ 127.435006396566294, 36.360713038962551 ], [ 127.434965008402699, 36.360689533527136 ], [ 127.434820551144114, 36.360570085357544 ], [ 127.434818805279733, 36.36056868587108 ], [ 127.434742415972437, 36.360512081319222 ], [ 127.434680178460923, 36.360465842884416 ], [ 127.43467283999432, 36.360460516566668 ], [ 127.434585609539056, 36.360395777645074 ], [ 127.434112601776221, 36.360047721833119 ], [ 127.433973828783749, 36.359918122938829 ], [ 127.433897184119743, 36.359877568518023 ], [ 127.433777844905606, 36.359830968497135 ], [ 127.433482212430022, 36.359635187077224 ], [ 127.433402909600787, 36.359587315470066 ], [ 127.433277887203047, 36.359518215360801 ], [ 127.432975491292638, 36.359297675055721 ], [ 127.432947227396113, 36.359285953822599 ], [ 127.432928634410146, 36.359260112446229 ], [ 127.432925793083882, 36.359249975580596 ], [ 127.432907657776454, 36.35918189491592 ], [ 127.432850925786525, 36.359186037826866 ], [ 127.432774767653953, 36.359170830709786 ], [ 127.432443840260106, 36.359109781185005 ], [ 127.430669301172614, 36.35906126906827 ], [ 127.430766539360661, 36.356824496408656 ], [ 127.429055302299659, 36.356772055956398 ], [ 127.429105712482368, 36.355661278346311 ], [ 127.429108698857448, 36.355596203453437 ], [ 127.428873533771124, 36.355577705747152 ], [ 127.427600790310578, 36.355474219238182 ], [ 127.427558746907138, 36.355470620303073 ], [ 127.427475598488996, 36.355463887649712 ], [ 127.427545592513297, 36.355021417731791 ], [ 127.427647936916642, 36.354349674742522 ], [ 127.427842526541824, 36.353067359473435 ], [ 127.427914458156309, 36.352594837360634 ], [ 127.427247980727842, 36.352508214564025 ], [ 127.427332316060799, 36.352044101500134 ], [ 127.427342094757535, 36.351986337901359 ], [ 127.427320863267596, 36.35195402562249 ], [ 127.427339620087906, 36.351947200029933 ], [ 127.427348836962977, 36.351943787808203 ], [ 127.427295585979934, 36.351884554620661 ], [ 127.42719654797898, 36.351821267068757 ], [ 127.427008576146633, 36.351696611268572 ], [ 127.426925106235174, 36.351648470738482 ], [ 127.426851299897351, 36.351584813703418 ], [ 127.426692432274919, 36.351467100923045 ], [ 127.426661310464638, 36.351441294093242 ], [ 127.426594396053261, 36.35139732089754 ], [ 127.42657367814293, 36.351428656080621 ], [ 127.426528362366497, 36.351416984946141 ], [ 127.426503881885353, 36.351332028884336 ], [ 127.42647653234269, 36.35129720593028 ], [ 127.426276539285553, 36.3510427695836 ], [ 127.426182419660151, 36.350955528695124 ], [ 127.426073158591805, 36.350806377277848 ], [ 127.426019118211997, 36.350726590687309 ], [ 127.425607878548689, 36.350035278632333 ], [ 127.425231182647181, 36.349229223097808 ], [ 127.425121530898906, 36.349101763239489 ], [ 127.425059338422656, 36.349028196104342 ], [ 127.425021404564689, 36.348999042610764 ], [ 127.42499448774538, 36.348978023650965 ], [ 127.424977775786161, 36.348946821376607 ], [ 127.424920398949951, 36.348894360466041 ], [ 127.42482927248399, 36.348811884050043 ], [ 127.424688450351709, 36.348747895284426 ], [ 127.424652856337417, 36.348731124438459 ], [ 127.424495786384639, 36.348653675464234 ], [ 127.42440101235249, 36.348607258327945 ], [ 127.424257028698165, 36.348537368578867 ], [ 127.42415765949174, 36.348508432130942 ], [ 127.424121230302759, 36.348497864111863 ], [ 127.424098062023262, 36.348494278293742 ], [ 127.424079588218234, 36.348491531979739 ], [ 127.424054164703023, 36.348489089599155 ], [ 127.423920934862025, 36.348475475376652 ], [ 127.423702409306827, 36.348557352718778 ], [ 127.423632945143652, 36.348556192298126 ], [ 127.423610073608202, 36.348543602673367 ], [ 127.423551568431591, 36.348539862202102 ], [ 127.423542650483142, 36.348532567205915 ], [ 127.423495982385134, 36.348527946815729 ], [ 127.423406470164835, 36.348519251203754 ], [ 127.42336517093679, 36.348510385331203 ], [ 127.423361679615624, 36.348509550558838 ], [ 127.42317829659801, 36.348491615722416 ], [ 127.423155549640484, 36.348502113483889 ], [ 127.423108709418585, 36.348498620009138 ], [ 127.423095073865397, 36.348488250618601 ], [ 127.422987165842486, 36.348489189990389 ], [ 127.42293850521709, 36.348503446859183 ], [ 127.422917418621338, 36.348499574108665 ], [ 127.422864719318454, 36.348506518697285 ], [ 127.422830735475188, 36.348499041678352 ], [ 127.42281994709694, 36.348500206174577 ], [ 127.422793149299977, 36.348501138737667 ], [ 127.422790544144846, 36.348501436295578 ], [ 127.422723121945594, 36.348523635422531 ], [ 127.42269393311156, 36.348533597078941 ], [ 127.422643166454264, 36.348543625762936 ], [ 127.422557175430086, 36.348543370057108 ], [ 127.422537847899591, 36.348543438155595 ], [ 127.422516099463948, 36.348544920601569 ], [ 127.422473772924377, 36.348539725792193 ], [ 127.422372922050101, 36.348525148677624 ], [ 127.422338079393938, 36.348521612645555 ], [ 127.422317688615195, 36.348516619890887 ], [ 127.422272506401399, 36.348496214345452 ], [ 127.422248377464712, 36.348508690357718 ], [ 127.42220879954661, 36.348496727019672 ], [ 127.422148970639469, 36.34847468780751 ], [ 127.422100542581461, 36.348499072640848 ], [ 127.422050419622948, 36.348500375505175 ], [ 127.421971689918152, 36.348489387952164 ], [ 127.421914556588519, 36.348514938811277 ], [ 127.421837854386169, 36.348526752589464 ], [ 127.421788945054374, 36.348559033217832 ], [ 127.421752419567781, 36.348563658500453 ], [ 127.421733282421826, 36.348565987729998 ], [ 127.421685417740008, 36.348566714764317 ], [ 127.421650562026016, 36.348558672739621 ], [ 127.421623014020952, 36.34855060501355 ], [ 127.421507871477019, 36.348534103855172 ], [ 127.421383315002458, 36.34851540076761 ], [ 127.42136554963335, 36.348511795435307 ], [ 127.421374009587865, 36.348500221753582 ], [ 127.421330455265135, 36.348492489560059 ], [ 127.42130588259144, 36.348486664226741 ], [ 127.421258520384086, 36.348483451222179 ], [ 127.421206258539883, 36.348540795849189 ], [ 127.420833392967651, 36.348341604041707 ], [ 127.420549277730871, 36.348333021263713 ], [ 127.420397124494272, 36.348328201781044 ], [ 127.420298152039294, 36.348308551765967 ], [ 127.420133826864856, 36.348275342763351 ], [ 127.419648912850462, 36.348310266577194 ], [ 127.41964766642019, 36.348306332835669 ], [ 127.419581375484611, 36.348311061604051 ], [ 127.419406166509958, 36.347704521678509 ], [ 127.419245645832859, 36.347405156240001 ], [ 127.418870646536234, 36.346837604290187 ], [ 127.418438514460917, 36.346357276239054 ], [ 127.418537493946985, 36.346280610942785 ], [ 127.418733406196466, 36.346136298929807 ], [ 127.418915817570223, 36.346004713187476 ], [ 127.41924836391712, 36.345763894525909 ], [ 127.41958091183875, 36.345521669107491 ], [ 127.419670879543958, 36.345453766714542 ], [ 127.419766242155177, 36.345384439549193 ], [ 127.420017998003132, 36.345201630309106 ], [ 127.420217213232362, 36.345057313297914 ], [ 127.420439315426265, 36.344897704003245 ], [ 127.420706321222013, 36.344703016519034 ], [ 127.420840839483006, 36.344600883786107 ], [ 127.420911755412249, 36.344582611558806 ], [ 127.420982500620283, 36.344565745711208 ], [ 127.421044383521988, 36.344549758032855 ], [ 127.421455587511034, 36.344436226420676 ], [ 127.421579673461537, 36.344401717134325 ], [ 127.421598092771816, 36.344396587820938 ], [ 127.42183473893067, 36.34432000350359 ], [ 127.421970384783222, 36.344264320756601 ], [ 127.422108874807165, 36.344223848577322 ], [ 127.422156142611911, 36.344207911761657 ], [ 127.422305192535077, 36.344155011120748 ], [ 127.422712457587465, 36.344022339232133 ], [ 127.42288617897546, 36.343960897949195 ], [ 127.423226193116435, 36.343848737708761 ], [ 127.423222333952978, 36.343843686761595 ], [ 127.423119919854713, 36.343701267019462 ], [ 127.422018242577579, 36.344070121824608 ], [ 127.421500377067389, 36.344253303082986 ], [ 127.421423029178598, 36.344272724720533 ], [ 127.421238323285678, 36.344332237913207 ], [ 127.421088169872647, 36.344372750035795 ], [ 127.420929783152346, 36.344406820478525 ], [ 127.420718747773932, 36.344456836844294 ], [ 127.420656507488147, 36.344470572687094 ], [ 127.420477589874437, 36.344502461619093 ], [ 127.420314144487776, 36.344534296061219 ], [ 127.419944983839073, 36.344600923934621 ], [ 127.419492418870078, 36.344660804295529 ], [ 127.419318452513963, 36.34467718309304 ], [ 127.419085654612076, 36.344694893686224 ], [ 127.418766374469243, 36.344713464544036 ], [ 127.418530255080839, 36.344726679811693 ], [ 127.418452456456848, 36.344728645471541 ], [ 127.418418513626236, 36.344728475518835 ], [ 127.41779849806754, 36.344721345913023 ], [ 127.417487154930313, 36.34469708922105 ], [ 127.416984618011213, 36.344654626127941 ], [ 127.416791085224276, 36.344626001842556 ], [ 127.416769657715435, 36.344622705933162 ], [ 127.416742664170073, 36.344618005514178 ], [ 127.416698060869336, 36.344609428166109 ], [ 127.416561464782419, 36.344583435348127 ], [ 127.416480444933967, 36.344568225630461 ], [ 127.416346123683141, 36.344544756949624 ], [ 127.415734044190231, 36.344424654650823 ], [ 127.415540454353945, 36.344385061313645 ], [ 127.415344599667918, 36.344342654847836 ], [ 127.415223998063709, 36.34431406381281 ], [ 127.414948830949001, 36.344250528494648 ], [ 127.414828084827633, 36.344226155027357 ], [ 127.414682421195081, 36.344195685574611 ], [ 127.414605223555057, 36.344178487808307 ], [ 127.414494562364254, 36.344152682330183 ], [ 127.414092331160006, 36.344053537338574 ], [ 127.414018263937308, 36.344036337395856 ], [ 127.413651070142521, 36.343948325560227 ], [ 127.413826574270502, 36.343530650312026 ], [ 127.414233906285915, 36.34255147618628 ], [ 127.414531217093156, 36.341833452074205 ], [ 127.414733681969139, 36.341346688698891 ], [ 127.414894659161533, 36.341046772656689 ], [ 127.414948081242954, 36.340979288553903 ], [ 127.41498768845247, 36.340932398878032 ], [ 127.414991837174455, 36.340927031580165 ], [ 127.414893856240653, 36.340962290841446 ], [ 127.41450351394154, 36.341200485657943 ], [ 127.414153081162638, 36.341548646221526 ], [ 127.413748417814077, 36.342044270858054 ], [ 127.413613164157056, 36.342238209284424 ], [ 127.41340914252244, 36.342528413144535 ], [ 127.413349669562123, 36.342604370364917 ], [ 127.413169350447944, 36.342835357422757 ], [ 127.412955601768417, 36.343030403541455 ], [ 127.412821695068899, 36.343481169493465 ], [ 127.412801164703595, 36.343548827804455 ], [ 127.412759744431398, 36.343683577914888 ], [ 127.412740155946395, 36.343731245051536 ], [ 127.412583586586791, 36.344109427451222 ], [ 127.412495310823587, 36.344269129773849 ], [ 127.412290701486839, 36.344616774156805 ], [ 127.412119121702418, 36.34488856147815 ], [ 127.412035248425255, 36.34502571910653 ], [ 127.411784765645763, 36.345552348032513 ], [ 127.411653468667637, 36.346105611455151 ], [ 127.411354180676952, 36.346520328601152 ], [ 127.410900307634677, 36.346999791913731 ], [ 127.410759566899912, 36.347114605201725 ], [ 127.410097660184874, 36.347653633005791 ], [ 127.409959296394476, 36.347756893254562 ], [ 127.409572502122714, 36.347751455940553 ], [ 127.408404354257058, 36.348280928379125 ], [ 127.407260010806226, 36.348572634502844 ], [ 127.406517591017348, 36.348765245460733 ], [ 127.406041120291079, 36.348887949353234 ], [ 127.405988274432758, 36.348901366398891 ], [ 127.405914260056846, 36.348927246123218 ], [ 127.405601002602836, 36.349039546034142 ], [ 127.404660008054194, 36.349378121138571 ], [ 127.403900139702671, 36.349631324196736 ], [ 127.403920200913745, 36.349877672027439 ], [ 127.404011868950235, 36.350439466813114 ], [ 127.404196348452146, 36.351347330610594 ], [ 127.404401930438098, 36.352360730658027 ], [ 127.404454626297337, 36.352657091181698 ], [ 127.404500863811521, 36.352912929920244 ], [ 127.404529890414125, 36.35300688687812 ], [ 127.404610800444118, 36.353269646727561 ], [ 127.404086003150013, 36.354290014505125 ], [ 127.403982599149614, 36.354492278391668 ], [ 127.403899190224948, 36.354657301699731 ], [ 127.403883843812324, 36.354684388397416 ], [ 127.403851757837359, 36.354742792952145 ], [ 127.403756868529442, 36.355043318271861 ], [ 127.403450173191217, 36.355659396947203 ], [ 127.403373673832789, 36.355812284933705 ], [ 127.403338281410797, 36.355901673576099 ], [ 127.403277561410363, 36.356011991366501 ], [ 127.403223874000233, 36.356504434385521 ], [ 127.403196285702975, 36.356523397571252 ], [ 127.403156640100121, 36.356600409402247 ], [ 127.40310486258717, 36.356753502467001 ], [ 127.403042317495903, 36.35687959668121 ], [ 127.403035948859795, 36.356893414949155 ], [ 127.402974320260199, 36.357028797077028 ], [ 127.40286262301953, 36.357279246145026 ], [ 127.402770014940387, 36.357482887469175 ], [ 127.402663108033636, 36.357716134996018 ], [ 127.402476745279358, 36.358104550648392 ], [ 127.402479134729305, 36.358231544067806 ], [ 127.402283920883718, 36.358558592603742 ], [ 127.401956773681547, 36.35919557973785 ], [ 127.401860830266159, 36.359497224342839 ], [ 127.40175923687768, 36.35971609760977 ], [ 127.401555657937664, 36.360280008491813 ], [ 127.401139051919955, 36.361368155291878 ], [ 127.400753467772162, 36.361542918860259 ], [ 127.40028962391456, 36.361770606570687 ], [ 127.400025750784835, 36.361917079417289 ], [ 127.399877328737134, 36.36203500535553 ], [ 127.399402482993196, 36.36232411374754 ], [ 127.398552668030433, 36.362893269709566 ], [ 127.398144713401066, 36.363330284479808 ], [ 127.39759278439125, 36.364109929957351 ], [ 127.39743104263529, 36.364795919950708 ], [ 127.397362653050635, 36.365456250596033 ], [ 127.397356159234391, 36.365788856378003 ], [ 127.397276419928332, 36.366133537099309 ], [ 127.397140803393512, 36.36651190813712 ], [ 127.396885613927239, 36.366969535770558 ], [ 127.396562397054495, 36.367572980104121 ], [ 127.396255646033055, 36.368024567783522 ], [ 127.395624173337495, 36.368647618648644 ], [ 127.39525840579671, 36.369034072904356 ], [ 127.394587884458119, 36.369617532565066 ], [ 127.393655369706323, 36.370418966427906 ], [ 127.393271910675551, 36.370856451521171 ], [ 127.392910813509729, 36.371414383926997 ], [ 127.392652856062668, 36.372126302073248 ], [ 127.392844980852516, 36.372629487189172 ], [ 127.393086211118856, 36.373131375535102 ], [ 127.394235749227107, 36.37334106104425 ], [ 127.395553479929433, 36.37351470196775 ], [ 127.396438093870898, 36.373672016984344 ], [ 127.397328652645839, 36.373763691944966 ], [ 127.397925365857304, 36.373903367453835 ], [ 127.39974954049147, 36.374468981172761 ], [ 127.400246444448726, 36.374666706312368 ], [ 127.40092625753563, 36.374982933872268 ], [ 127.400577668440818, 36.375390758238503 ], [ 127.400963068703859, 36.375574199841687 ], [ 127.401633498531496, 36.375755577433196 ], [ 127.402301120146021, 36.376034106161171 ], [ 127.402564843266774, 36.37605405600489 ], [ 127.402907316739572, 36.376081914246583 ], [ 127.403520013969029, 36.376242910617066 ], [ 127.403927794069972, 36.376305745610154 ], [ 127.404337096712794, 36.376259587300737 ], [ 127.405087510370933, 36.376249169360534 ], [ 127.405683398961187, 36.376423449496357 ], [ 127.406487210018739, 36.376667700251119 ], [ 127.407081343632044, 36.376874078788674 ], [ 127.407559437555889, 36.377063384277321 ], [ 127.408003015852799, 36.377346021668394 ], [ 127.408420462099656, 36.377591861775606 ], [ 127.408549051841305, 36.377674781338406 ], [ 127.409009422840683, 36.377972848726209 ], [ 127.409375378954266, 36.378259404431041 ], [ 127.409818983465939, 36.378612722157627 ], [ 127.409856263045285, 36.378681308445216 ], [ 127.409936078253494, 36.378828321740407 ], [ 127.410822228763948, 36.379857409118166 ], [ 127.411099180968733, 36.380172146328754 ], [ 127.411206437287078, 36.38037003442372 ], [ 127.4115193065673, 36.380991601601814 ], [ 127.411635802075381, 36.38128887386916 ], [ 127.411762083593231, 36.381791965047775 ], [ 127.411778343447565, 36.382137730466589 ], [ 127.411781193840497, 36.382247545395032 ], [ 127.411778286063253, 36.383119718752553 ], [ 127.411778672126928, 36.383161387190782 ], [ 127.411792243888854, 36.383589401863759 ], [ 127.41182984289118, 36.385311051851986 ], [ 127.411846039635677, 36.385773968373819 ], [ 127.411904140558491, 36.386325451304728 ], [ 127.411928465290572, 36.38674638169838 ], [ 127.411919984510618, 36.386988309793821 ], [ 127.411768654397122, 36.38728593378643 ], [ 127.411726410916998, 36.387368309909562 ], [ 127.411619522190009, 36.387773073417982 ], [ 127.411550643451619, 36.388153203737147 ], [ 127.411458559013028, 36.388592836256336 ], [ 127.411376656123736, 36.388980616932443 ], [ 127.411365347944965, 36.38908345126611 ], [ 127.411338539299166, 36.389284610477084 ], [ 127.41130852228045, 36.389505218742585 ], [ 127.411232101159271, 36.389975770184179 ], [ 127.411174908239857, 36.390459502671852 ], [ 127.411172252114142, 36.390718028013779 ], [ 127.411172908601827, 36.390974856810971 ], [ 127.411170728729005, 36.391455859248083 ], [ 127.411210847837978, 36.391964319137472 ], [ 127.411310397612951, 36.392548885419082 ], [ 127.411314431426888, 36.392586891574787 ], [ 127.411358445742849, 36.393042944435017 ], [ 127.411395830813532, 36.393529163833449 ], [ 127.411472577785574, 36.394578473732246 ], [ 127.411582092062332, 36.39510246532268 ], [ 127.411722684600662, 36.395840646069324 ], [ 127.411970506832148, 36.396166465435066 ], [ 127.412170307873609, 36.396570174493043 ], [ 127.412213190053166, 36.396644372798058 ], [ 127.412627308144849, 36.397359938466067 ], [ 127.412872059396804, 36.397697869009292 ], [ 127.413242783808172, 36.39817702723483 ], [ 127.413369750330276, 36.398870203570844 ], [ 127.41351100309349, 36.399661331571544 ], [ 127.413535171591988, 36.401203069952672 ], [ 127.413530908046042, 36.401780674078324 ], [ 127.413591935615287, 36.402552360946025 ], [ 127.413671151080109, 36.402974506195662 ], [ 127.413835549633092, 36.403297797470742 ], [ 127.414205511694945, 36.403856364971247 ], [ 127.414499979587092, 36.404302259050354 ], [ 127.414972162509201, 36.404887225938332 ], [ 127.415257679211592, 36.405350613503707 ], [ 127.415335840185747, 36.405472846276474 ], [ 127.41547868277712, 36.405605560574827 ], [ 127.415614720100507, 36.405703648725051 ], [ 127.415660354809305, 36.405736157498559 ], [ 127.415695493122911, 36.405759132347718 ], [ 127.416053972441773, 36.405987684123701 ], [ 127.416504113208674, 36.406224360185078 ], [ 127.416761198137038, 36.406317808891217 ], [ 127.416866033905791, 36.406476552958132 ], [ 127.417044469867946, 36.406716712897342 ], [ 127.417161134052833, 36.406873162636352 ], [ 127.41738376976221, 36.407170896441606 ], [ 127.417549518312399, 36.407447993213836 ], [ 127.417560941792146, 36.407468220479146 ], [ 127.41740803495955, 36.40760506237185 ], [ 127.417607855685944, 36.407934695083242 ], [ 127.418364260768215, 36.409183252885235 ], [ 127.41847694089293, 36.409373229248075 ], [ 127.41861199928239, 36.409580312430272 ], [ 127.418680994516151, 36.409712992304193 ], [ 127.418879882049239, 36.410062054974226 ], [ 127.419052916815531, 36.410398537396674 ], [ 127.419630364674532, 36.411302469408135 ], [ 127.419831308031206, 36.411675746308582 ], [ 127.419976454253202, 36.412007819179891 ], [ 127.420235162339452, 36.412627864269382 ], [ 127.4202592498185, 36.412734792314183 ], [ 127.420265078875616, 36.413332636078586 ], [ 127.420252541262187, 36.413690890285054 ], [ 127.419876203456482, 36.414818935899156 ], [ 127.419723944720729, 36.415305256281869 ], [ 127.419608899361563, 36.41548954935935 ], [ 127.419314913212332, 36.415863152904883 ], [ 127.419103070423787, 36.416056795698836 ], [ 127.419022084813804, 36.416159864907755 ], [ 127.418916453330112, 36.416312025156373 ], [ 127.41868237570263, 36.416616136701862 ], [ 127.418515494690112, 36.417043084196301 ], [ 127.418287130025277, 36.417473895731597 ], [ 127.418158197960963, 36.41770020272628 ], [ 127.417931694072934, 36.418087643367414 ], [ 127.41774585295849, 36.418389611251364 ], [ 127.417537400435521, 36.418765165004871 ], [ 127.417236256437818, 36.419172302263149 ], [ 127.417023769391335, 36.41944648896299 ], [ 127.416928004053887, 36.419553825555866 ], [ 127.416711511403236, 36.419796485128934 ], [ 127.41638210996868, 36.420198365568041 ], [ 127.416169902081649, 36.420459032394319 ], [ 127.416010358717145, 36.420665725975454 ], [ 127.415881479828386, 36.420837104729159 ], [ 127.415837533233997, 36.420895273707707 ], [ 127.415672359862768, 36.421089874814761 ], [ 127.415559241742017, 36.421245716670441 ], [ 127.415467730609919, 36.421369663663341 ], [ 127.415234850329767, 36.421675737658411 ], [ 127.414897293157949, 36.422088059550283 ], [ 127.414696756415125, 36.422316295726496 ], [ 127.413539032674507, 36.423407884253713 ], [ 127.413428071648767, 36.423576666227866 ], [ 127.413381745122379, 36.423647224386805 ], [ 127.413257265322756, 36.423830146916927 ], [ 127.41324771375443, 36.423869037723072 ], [ 127.413131067308328, 36.424346773475918 ], [ 127.413019081994079, 36.424488803246788 ], [ 127.412922161664156, 36.424611919799368 ], [ 127.412696859788241, 36.424707317317313 ], [ 127.412137835270443, 36.424855967435754 ], [ 127.411851802088776, 36.425031549833434 ], [ 127.411022947823724, 36.42529150439632 ], [ 127.410574248382531, 36.425481438231664 ], [ 127.409978916591513, 36.425653290259866 ], [ 127.409335802958083, 36.425917391703535 ], [ 127.408251446142984, 36.426634409847317 ], [ 127.407542920511361, 36.426719331269922 ], [ 127.407281671255248, 36.427141509947525 ], [ 127.406788110457668, 36.427487599175684 ], [ 127.40663188102873, 36.42760133261153 ], [ 127.406069989443452, 36.428009605176356 ], [ 127.404874977691847, 36.428669239407071 ], [ 127.402979556365864, 36.429576783877465 ], [ 127.401742767580217, 36.430491103740863 ], [ 127.401322905728264, 36.430810735644606 ], [ 127.400437303607163, 36.431476038508841 ], [ 127.399807622405234, 36.432064739140067 ], [ 127.399086177336756, 36.432840173108261 ], [ 127.397331126018912, 36.434145074444764 ], [ 127.396989300835372, 36.43443119765665 ], [ 127.396456512916757, 36.434757097948911 ], [ 127.395385798009571, 36.435981412302056 ], [ 127.39508116397981, 36.436387098734308 ], [ 127.394772111034129, 36.436887969921756 ], [ 127.394508954425916, 36.437609201844317 ], [ 127.394034916924468, 36.4374626295076 ], [ 127.393857437074729, 36.437445757538299 ], [ 127.393860634863017, 36.437593599541998 ], [ 127.393607719292973, 36.437721141881191 ], [ 127.393438243176661, 36.437805613935417 ], [ 127.393400477407823, 36.437818417162823 ], [ 127.393047315925699, 36.437934202850826 ], [ 127.392721897021644, 36.438093530513981 ], [ 127.392431255926439, 36.438204865048895 ], [ 127.392253921670999, 36.438286270190979 ], [ 127.391795590422461, 36.43849221447261 ], [ 127.391546967195609, 36.438605112666309 ], [ 127.391410996800005, 36.438666384779616 ], [ 127.3912181585453, 36.438783605858013 ], [ 127.391192199001736, 36.438891558844951 ], [ 127.391186576406653, 36.438915791231274 ], [ 127.391163191089305, 36.439014417865202 ], [ 127.391034176665187, 36.439144379906935 ], [ 127.390952368066095, 36.439228850721392 ], [ 127.390881459625817, 36.439340888302517 ], [ 127.390873512380239, 36.439353016732824 ], [ 127.390847238260235, 36.439393663404225 ], [ 127.390821288749379, 36.439432317458802 ], [ 127.390700557542189, 36.439546202553807 ], [ 127.390732113232289, 36.43958270458716 ], [ 127.390664833932675, 36.439651078261633 ], [ 127.390590148075717, 36.439663433216808 ], [ 127.390562275921056, 36.439667750468708 ], [ 127.390493880418717, 36.439789620235381 ], [ 127.39045039465077, 36.439910291376563 ], [ 127.390446785750001, 36.439920170779445 ], [ 127.390405198529322, 36.440039141545533 ], [ 127.39034903319255, 36.440200405914922 ], [ 127.390305039732127, 36.440326710866941 ], [ 127.390260663890388, 36.440445699669155 ], [ 127.390191132818259, 36.440653191657582 ], [ 127.390161446926925, 36.440745656663488 ], [ 127.390033005008021, 36.440953331313708 ], [ 127.389956491707409, 36.441096079889448 ], [ 127.38996587504009, 36.441121389825824 ], [ 127.389869293448385, 36.441323905136151 ], [ 127.389774925526254, 36.441446994408061 ], [ 127.389725918002597, 36.441511919769539 ], [ 127.389463394184773, 36.441846200391119 ], [ 127.389489656376114, 36.44187005871887 ], [ 127.389441735985457, 36.442045930573784 ], [ 127.389394984484511, 36.442353610474633 ], [ 127.389333070864467, 36.442761295649873 ], [ 127.389333735586419, 36.442964341601574 ], [ 127.389336843769087, 36.443310987565525 ], [ 127.389340594960458, 36.443396873409803 ], [ 127.38934700330654, 36.443532584453408 ], [ 127.389321157064316, 36.443870321918737 ], [ 127.389314893102707, 36.443873442238576 ], [ 127.389320521608752, 36.443881588411294 ], [ 127.389301314546529, 36.444121303764156 ], [ 127.389355645596737, 36.444426393241322 ], [ 127.389406572872304, 36.444643631209608 ], [ 127.389433590319896, 36.444823494883039 ], [ 127.389444838327449, 36.444911879571173 ], [ 127.389488460049094, 36.445061834028927 ], [ 127.389504606512247, 36.445116986248529 ], [ 127.38950850218275, 36.445128787716392 ], [ 127.389518928982156, 36.445159744514221 ], [ 127.389635493369113, 36.445364945853214 ], [ 127.38983101922905, 36.445606486099585 ], [ 127.389990593357851, 36.445838293403781 ], [ 127.390147891553028, 36.446067566638725 ], [ 127.390249646944497, 36.446167777055365 ], [ 127.390368047456903, 36.446284262070577 ], [ 127.39050123250604, 36.446430824361592 ], [ 127.390517180458104, 36.446450480626538 ], [ 127.390557388266274, 36.446508095529538 ], [ 127.390604653050787, 36.446585098269352 ], [ 127.390614685248011, 36.446601682845284 ], [ 127.390641112489703, 36.446626928134165 ], [ 127.390732009031609, 36.446714503301507 ], [ 127.390978926025937, 36.446951088892959 ], [ 127.391193385536781, 36.447247778732688 ], [ 127.391665057399891, 36.448341130654022 ], [ 127.391773938653799, 36.448713915352407 ], [ 127.391881668171536, 36.448856621205032 ], [ 127.391962559104854, 36.448965621494018 ], [ 127.392197719663699, 36.449251247618882 ], [ 127.392677761277355, 36.449680264585943 ], [ 127.393533111858645, 36.450361767272433 ], [ 127.393745016954199, 36.450461883156976 ], [ 127.394052305759146, 36.450599704679519 ], [ 127.394250139792348, 36.450671993267363 ], [ 127.394623288714115, 36.450807911445175 ], [ 127.395021614991009, 36.450893046583687 ], [ 127.395242155750779, 36.450939918239129 ], [ 127.395743900496257, 36.451036550942582 ], [ 127.395831622790993, 36.451043587564357 ], [ 127.396198467161767, 36.451072500700668 ], [ 127.396790361201411, 36.451108841135081 ], [ 127.396939819296406, 36.451125801449088 ], [ 127.39796133063652, 36.452147474422134 ], [ 127.398085473789934, 36.452261679654193 ], [ 127.398574590349654, 36.452747523153107 ], [ 127.398600870455127, 36.45277362322539 ], [ 127.39915878305446, 36.453492687954842 ], [ 127.399345529272281, 36.453676243226504 ], [ 127.399375810210799, 36.453701482704545 ], [ 127.399460015393799, 36.453772735482005 ], [ 127.399857767886189, 36.45411469373898 ], [ 127.399970940666293, 36.454196248770742 ], [ 127.400262907967814, 36.454404232966759 ], [ 127.400338143154428, 36.454457501042924 ], [ 127.400399180529064, 36.454500381174576 ], [ 127.400453692048316, 36.454558476513398 ], [ 127.400466837796799, 36.454572517586193 ], [ 127.400543355897241, 36.454640983681443 ], [ 127.400795686099059, 36.454867401453036 ], [ 127.400825979519411, 36.454894893394339 ], [ 127.402080330620976, 36.456030359527944 ], [ 127.402088016001912, 36.456034569150376 ], [ 127.40254924412227, 36.455564132948837 ], [ 127.40310187683454, 36.455313052286073 ], [ 127.40344379988089, 36.455235862190442 ], [ 127.4047711066369, 36.455067781158959 ], [ 127.405830886230959, 36.454938872821124 ], [ 127.406293681912516, 36.454913081315517 ], [ 127.407057437344648, 36.454840937907143 ], [ 127.4074553686483, 36.454805215293852 ], [ 127.407963959805855, 36.454737592290584 ], [ 127.408396442078327, 36.454745418710317 ], [ 127.408519160024611, 36.454747532561441 ], [ 127.408748555126991, 36.454751823625138 ], [ 127.408807638551309, 36.454750765937327 ], [ 127.408863064697314, 36.454750018081775 ], [ 127.40893488631275, 36.454750899392678 ], [ 127.408952828774446, 36.454749711707883 ], [ 127.409332619879748, 36.454750108861091 ], [ 127.409808741468581, 36.454770721596546 ], [ 127.410123099275921, 36.454786551485384 ], [ 127.41039002471615, 36.454802254667214 ], [ 127.410896230722727, 36.454809810451628 ], [ 127.411265554275388, 36.454805154857937 ], [ 127.412056304697387, 36.454799626114216 ], [ 127.412283457932077, 36.45480391809442 ], [ 127.412704930845067, 36.45480753137462 ], [ 127.413029997295979, 36.454808384629025 ], [ 127.413432157075633, 36.454783900929954 ], [ 127.413541755400232, 36.454777331742378 ], [ 127.414076369905757, 36.454718874741118 ], [ 127.414168001844047, 36.454708987757236 ], [ 127.414965750307402, 36.45470650649991 ], [ 127.415707679745822, 36.454758850450766 ], [ 127.416158092862105, 36.454796712025995 ], [ 127.416286267679027, 36.454807531094815 ], [ 127.416292015512667, 36.454808078847037 ], [ 127.416633221005384, 36.454858699894551 ], [ 127.416976860305297, 36.454909608873749 ], [ 127.417038083807668, 36.454918686631011 ], [ 127.417113632058502, 36.454932220239407 ], [ 127.417158641430902, 36.454940236960681 ], [ 127.417443854015545, 36.454983453945168 ], [ 127.417516600124529, 36.4549944648262 ], [ 127.417540671330627, 36.454998318962836 ], [ 127.417885907213446, 36.455053437145139 ], [ 127.418186473827291, 36.455099419395708 ], [ 127.418507928719379, 36.45517348890322 ], [ 127.418573172943653, 36.455183398907458 ], [ 127.418933261944019, 36.455245500149012 ], [ 127.419042283512084, 36.455260330277596 ], [ 127.419121990789549, 36.455271306816279 ], [ 127.419188434495837, 36.45527812133713 ], [ 127.419877721262537, 36.455393136418515 ], [ 127.420084659467236, 36.455434089172819 ], [ 127.420499424791672, 36.455519369800157 ], [ 127.420762058073421, 36.455576175368719 ], [ 127.4209290494464, 36.455610787680421 ], [ 127.421352761259868, 36.455672946398302 ], [ 127.421484803882862, 36.45569107263335 ], [ 127.421563636319362, 36.455698959667281 ], [ 127.421678055003227, 36.455713200665222 ], [ 127.422371091665823, 36.455812697325698 ], [ 127.422599905330927, 36.455836671988166 ], [ 127.422843778628092, 36.455872983884575 ], [ 127.42377347791124, 36.456029941251366 ], [ 127.424273021019872, 36.456123631933195 ], [ 127.424536229847988, 36.456158186726611 ], [ 127.424584198686546, 36.456164486977485 ], [ 127.424603898254006, 36.456166390672315 ], [ 127.424704529775596, 36.456176460246446 ], [ 127.424704541966562, 36.456178704069792 ], [ 127.424705025493353, 36.456267700050461 ], [ 127.426180349448401, 36.456591371331157 ], [ 127.427449228050577, 36.456869586225466 ], [ 127.427545760205547, 36.45686417724162 ], [ 127.429371223922161, 36.456763594493403 ], [ 127.429505224638191, 36.456757761241285 ], [ 127.430229775151474, 36.456719962042733 ], [ 127.430399486046966, 36.456708367324431 ], [ 127.430615209102768, 36.456696048245249 ], [ 127.430975043788379, 36.456678695577494 ], [ 127.431004836570693, 36.456676056143955 ], [ 127.431042136490717, 36.456675354197074 ], [ 127.4320179721215, 36.456627348742344 ], [ 127.432130889029821, 36.456621588586444 ], [ 127.43378961320802, 36.456537309869582 ], [ 127.43391680868514, 36.456529522792181 ], [ 127.434182916879067, 36.456518708891586 ], [ 127.434727300486955, 36.456492511374144 ], [ 127.435399777103697, 36.456465566455606 ], [ 127.435826722435237, 36.456446558410917 ], [ 127.435861395996042, 36.456445017433182 ], [ 127.435941004864006, 36.456435716204396 ], [ 127.436767004880679, 36.456401455098444 ], [ 127.436769793673363, 36.456401444928929 ], [ 127.436944555738492, 36.456140320869274 ], [ 127.437001234570502, 36.45605225188492 ], [ 127.437039798253693, 36.455998321486106 ], [ 127.436336417839897, 36.45607776310419 ], [ 127.435780233876528, 36.456143715592077 ], [ 127.435099048751596, 36.456110704667374 ], [ 127.434878489258196, 36.456097429684377 ], [ 127.434128361263831, 36.456142108419677 ], [ 127.434101007070169, 36.45614389271234 ], [ 127.43402035128598, 36.456153484876005 ], [ 127.433952907704523, 36.455778057435431 ], [ 127.437432600163731, 36.455765120591472 ], [ 127.437438690836657, 36.455765098347534 ], [ 127.437500134362537, 36.455717284153742 ], [ 127.437620510159505, 36.455613491407753 ], [ 127.43777978645889, 36.455482242481168 ], [ 127.43778915714762, 36.455474323160658 ], [ 127.437887004258329, 36.455391456106184 ], [ 127.43811377026509, 36.455206728993346 ], [ 127.438233459303547, 36.455102100066888 ], [ 127.438434779243124, 36.454917474450738 ], [ 127.438711365415386, 36.454695679711826 ], [ 127.438765669660867, 36.454650143889772 ], [ 127.438764442697163, 36.45464817486377 ], [ 127.438945080400003, 36.454505581732199 ], [ 127.439089473944634, 36.454394661485111 ], [ 127.439169463377539, 36.454330440570196 ], [ 127.439393036630861, 36.454134467343017 ], [ 127.439893342097051, 36.45368261413104 ], [ 127.43998093015658, 36.453605135863718 ], [ 127.440052537722096, 36.453538412908046 ], [ 127.44016820746279, 36.453434076151645 ], [ 127.440342190107771, 36.453285305430157 ], [ 127.440433955482433, 36.453208937909437 ], [ 127.440708243247386, 36.452983199925349 ], [ 127.440940219231479, 36.452795077934923 ], [ 127.441091832014806, 36.452667790804249 ], [ 127.441158639484428, 36.452614602125017 ], [ 127.441283019698801, 36.452510511555062 ], [ 127.441334546552596, 36.452469490545496 ], [ 127.441474594468588, 36.452299449865777 ], [ 127.441601480781912, 36.45214549803719 ], [ 127.441702621663509, 36.452031075395823 ], [ 127.441771552493634, 36.451953096880416 ], [ 127.441961038635071, 36.451742033090923 ], [ 127.44205250589529, 36.451643136633834 ], [ 127.44233792360707, 36.451353714492221 ], [ 127.442411922073035, 36.451278528479172 ], [ 127.442415560019924, 36.45127485636732 ], [ 127.442971793678424, 36.450947259595409 ], [ 127.443281353057245, 36.45079714500789 ], [ 127.443525738498522, 36.450681055137515 ], [ 127.443924624978436, 36.450484424064555 ], [ 127.443986162770784, 36.450456602715441 ], [ 127.444103300801672, 36.450398431678849 ], [ 127.445207690545715, 36.449985434278709 ], [ 127.44524915232445, 36.449981621482507 ], [ 127.445391062413577, 36.449927304136857 ], [ 127.445721509267401, 36.449805266532948 ], [ 127.446430732852235, 36.449537911943295 ], [ 127.447067502672539, 36.449250836063541 ], [ 127.447161826520343, 36.449194720701655 ], [ 127.447214998361574, 36.449196495702218 ], [ 127.449793083416395, 36.449233305174083 ], [ 127.451330581885287, 36.449253150096979 ], [ 127.451606959292945, 36.449337149960087 ], [ 127.451777888470815, 36.449389168614843 ], [ 127.452213982178378, 36.449514810476771 ], [ 127.452554939650739, 36.449613207991099 ], [ 127.452577999650799, 36.44962157365412 ], [ 127.452893820618172, 36.449715000707862 ], [ 127.453455144471718, 36.44988409552596 ], [ 127.453502802141102, 36.449898558786053 ], [ 127.453563204775335, 36.44991607372237 ], [ 127.453961089986109, 36.450032274625634 ], [ 127.454045249539547, 36.450058990135709 ], [ 127.454254256723061, 36.45012522521472 ], [ 127.454365127194166, 36.45015887717588 ], [ 127.454752879915006, 36.450272022918995 ], [ 127.454762132003978, 36.450274799379862 ], [ 127.455838194204276, 36.45087307400761 ], [ 127.456537967760127, 36.451259029859514 ], [ 127.456771761631003, 36.451391337516043 ], [ 127.456925985743553, 36.451475232101799 ], [ 127.457326594582653, 36.451700117139993 ], [ 127.45738622332351, 36.451733682579295 ], [ 127.45811347499847, 36.452136709087789 ], [ 127.458405318989065, 36.452298637548253 ], [ 127.458578034656654, 36.452444133941185 ], [ 127.459215318569633, 36.452990546742328 ], [ 127.45956863524458, 36.453289671038796 ], [ 127.460962006701251, 36.454480592911281 ], [ 127.461559291027129, 36.455093606682667 ], [ 127.461792546303371, 36.455337144393184 ], [ 127.462031415498146, 36.45558657151777 ], [ 127.462120295112982, 36.455672405543574 ], [ 127.462203635671102, 36.455764731136824 ], [ 127.462500165762194, 36.456066318576589 ], [ 127.462558221541769, 36.456127201317834 ], [ 127.462580212479807, 36.456161756574787 ], [ 127.46327291233969, 36.459252833590142 ], [ 127.463487491025234, 36.460194551357446 ], [ 127.463512516102753, 36.460298375022582 ], [ 127.463513133969983, 36.46031414274227 ], [ 127.46358967151771, 36.462314109010784 ], [ 127.463584629703931, 36.462874534989503 ], [ 127.463583148615186, 36.462890031471836 ], [ 127.463586055018197, 36.463114739698128 ], [ 127.463585304435682, 36.463283428643905 ], [ 127.463589306251009, 36.46339943605323 ], [ 127.463625601410925, 36.463698927480046 ], [ 127.463636389092429, 36.463813502813323 ], [ 127.463686588464114, 36.46413602779004 ], [ 127.463738699576041, 36.464338863778536 ], [ 127.463780706900124, 36.464514145701727 ], [ 127.463824051981732, 36.464593387021274 ], [ 127.463986998236095, 36.464907878356293 ], [ 127.464108806740953, 36.465135225641255 ], [ 127.464218131995352, 36.465345733666318 ], [ 127.464685103059651, 36.466217468527226 ], [ 127.464820354032923, 36.466475744330261 ], [ 127.46494070643476, 36.466693805505237 ], [ 127.464944080285051, 36.466703930321735 ], [ 127.464950579112283, 36.466712357856473 ], [ 127.465160775502312, 36.467115363972475 ], [ 127.465308074302669, 36.467406538342622 ], [ 127.465381610245103, 36.46754705693602 ], [ 127.465493110310291, 36.46776937829496 ], [ 127.465544043596594, 36.467863233089332 ], [ 127.465690468323714, 36.46815328390533 ], [ 127.465811273527024, 36.468386553740402 ], [ 127.465842521321676, 36.468451486038077 ], [ 127.465900906479902, 36.468565587501189 ], [ 127.46603352360016, 36.468820492745643 ], [ 127.466038793125804, 36.468826663120858 ], [ 127.466052007443764, 36.468851681618837 ], [ 127.466082198436951, 36.468915203158851 ], [ 127.4661190402485, 36.468982645826522 ], [ 127.466158220930595, 36.469062470158171 ], [ 127.4661913602948, 36.469124574398286 ], [ 127.466253645043082, 36.469248807412995 ], [ 127.466299487491938, 36.469336211438957 ], [ 127.466304063673434, 36.469342105146161 ], [ 127.466447272119737, 36.469619497332737 ], [ 127.466490340244064, 36.469707470798141 ], [ 127.466501611645569, 36.469726576271221 ], [ 127.466679576874824, 36.470073103949616 ], [ 127.466809598587403, 36.470184114107994 ], [ 127.466931092852974, 36.47029825732502 ], [ 127.469306462776032, 36.472572531519646 ], [ 127.469425269866662, 36.472702452735646 ], [ 127.469566788953841, 36.472840728502781 ], [ 127.470155388158517, 36.473540466151192 ], [ 127.470286542379782, 36.473663579389473 ], [ 127.470308593083431, 36.473677009974516 ], [ 127.470473898811846, 36.473797735973776 ], [ 127.470767663880608, 36.474029185249812 ], [ 127.471109041997536, 36.474264393463116 ], [ 127.471256484265339, 36.474369986303337 ], [ 127.471794023588373, 36.47469396718413 ], [ 127.471798918248496, 36.474697047840095 ], [ 127.472331111248167, 36.474972051993618 ], [ 127.4724273044054, 36.475021794223956 ], [ 127.472488805145687, 36.475043521476664 ], [ 127.472998286644412, 36.475224838939305 ], [ 127.473209192220239, 36.475301441018296 ], [ 127.4734050773192, 36.475375858263504 ], [ 127.473768184470188, 36.475510152573008 ], [ 127.473795976687043, 36.475520748207401 ], [ 127.47420103232686, 36.475674024533468 ], [ 127.474611485793091, 36.475824754866302 ], [ 127.474975919909809, 36.475947217175445 ], [ 127.475023957939158, 36.475962228916146 ], [ 127.475187764221474, 36.476006915516074 ], [ 127.475609962119066, 36.476137878694374 ], [ 127.476127903661322, 36.476331819221791 ], [ 127.478070199614237, 36.476711571497432 ], [ 127.478216133606381, 36.476741681669004 ], [ 127.478336225529546, 36.476764577613814 ], [ 127.47930033084441, 36.476956441400475 ], [ 127.47986659196539, 36.477065131002533 ], [ 127.479871115161203, 36.47706397742715 ], [ 127.480610729448443, 36.477209987821283 ], [ 127.480704512151021, 36.477207637760955 ], [ 127.480786188415252, 36.477192666136787 ], [ 127.481147558327336, 36.477126728242467 ], [ 127.481392599384222, 36.477082091599733 ] ] ] ] } }
]
}
