대지위치,건축면적,주구조,용도,지붕구조,사용승인일자
대전광역시 대덕구 갈전동 228-1,131.11,철근콘크리트구조,단독주택,(철근)콘크리트,2021-11-04
대전광역시 대덕구 갈전동 228-3,90.5,일반목구조,단독주택,슬레이트,1922
대전광역시 대덕구 갈전동 233,85.12,일반목구조,제2종근린생활시설,기와,2016-08-24
대전광역시 대덕구 갈전동 236-2,125.9,벽돌구조,단독주택,기와,1981-10-23
대전광역시 대덕구 갈전동 236-3,90.18,블록구조,단독주택,기와,1981-10-23
대전광역시 대덕구 갈전동 236-4,90.6,블록구조,단독주택,기와,1981-11-19
대전광역시 대덕구 갈전동 236-5,92.2,블록구조,단독주택,기와,1981-11-19
대전광역시 대덕구 갈전동 236-7,95.84,블록구조,단독주택,기와,1981-10-23
대전광역시 대덕구 갈전동 237,186.38,철근콘크리트구조,단독주택,(철근)콘크리트,2007-12-12
대전광역시 대덕구 갈전동 238-12,105.5,블록구조,단독주택,(철근)콘크리트,1981-10-27
대전광역시 대덕구 갈전동 238-2,94.78,벽돌구조,단독주택,기와,1981-10-23
대전광역시 대덕구 갈전동 238-4,102.56,벽돌구조,단독주택,기와,1981-10-23
대전광역시 대덕구 갈전동 238-6,110.04,블록구조,단독주택,기와,1981-10-23
대전광역시 대덕구 갈전동 238-7,69.74,블록구조,단독주택,기와,1981-10-23
대전광역시 대덕구 갈전동 239-2,63.8,일반목구조,단독주택,기타지붕,
대전광역시 대덕구 갈전동 241,96.86,벽돌구조,단독주택,(철근)콘크리트,1992-12-30
대전광역시 대덕구 갈전동 37-12,57.16,벽돌구조,단독주택,기와,1983-02-26
대전광역시 대덕구 갈전동 455-3,106.58,벽돌구조,제2종근린생활시설,기타지붕,2006-06-29
대전광역시 대덕구 갈전동 475,139.5,벽돌구조,단독주택,기와,1980-09-09
대전광역시 대덕구 갈전동 477,174.81,경량철골구조,단독주택,기타지붕,1996-02-15
대전광역시 대덕구 갈전동 477-4,62.0,철근콘크리트구조,창고시설,(철근)콘크리트,2011-03-04
대전광역시 대덕구 갈전동 478,205.7,철근콘크리트구조,단독주택,기와,2010-09-15
대전광역시 대덕구 갈전동 480,118.8,경량철골구조,창고시설,기타지붕,2004-12-30
대전광역시 대덕구 대화동 1-10,4031.73,강파이프구조,공장,슬레이트,2006-01-24
대전광역시 대덕구 대화동 1-11,7393.82,일반철골구조,공장,기타지붕,1994-03-17
대전광역시 대덕구 대화동 1-12,730.95,철근콘크리트구조,공장,기타지붕,1976-12-30
대전광역시 대덕구 대화동 1-14,2580.48,철근콘크리트구조,공장,(철근)콘크리트,1979-01-10
대전광역시 대덕구 대화동 1-15,2872.04,철근콘크리트구조,자동차관련시설,(철근)콘크리트,2014-06-25
대전광역시 대덕구 대화동 1-17,1189.3600000000001,일반철골구조,공장,기타지붕,2020-04-08
대전광역시 대덕구 대화동 1-19,1269.675,일반철골구조,공장,기타지붕,2021-03-05
대전광역시 대덕구 대화동 1-20,2466.36,일반철골구조,공장,기타지붕,1994-11-19
대전광역시 대덕구 대화동 1-21,4208.11,철근콘크리트구조,공장,(철근)콘크리트,1994-11-19
대전광역시 대덕구 대화동 1-22,1481.66,일반철골구조,공장,기타지붕,2009-07-21
대전광역시 대덕구 대화동 1-23,2984.66,철근콘크리트구조,공장,(철근)콘크리트,1975-06-26
대전광역시 대덕구 대화동 1-24,2020.36,일반철골구조,공장,기타지붕,2015-02-09
대전광역시 대덕구 대화동 1-25,889.76,일반철골구조,공장,기타지붕,2014-12-23
대전광역시 대덕구 대화동 1-27,1123.54,경량철골구조,공장,슬레이트,1991-07-30
대전광역시 대덕구 대화동 1-28,362.46,철근콘크리트구조,공장,기타지붕,1998-02-26
대전광역시 대덕구 대화동 1-3,2334.0,일반철골구조,공장,기타지붕,2022-02-23
대전광역시 대덕구 대화동 1-30,5755.83,일반철골구조,공장,기타지붕,2013-12-24
대전광역시 대덕구 대화동 1-31,2975.33,철근콘크리트구조,공장,(철근)콘크리트,2001-04-24
대전광역시 대덕구 대화동 1-32,277.5,일반철골구조,공장,기타지붕,1981-07-25
대전광역시 대덕구 대화동 1-33,934.5,벽돌구조,공장,기타지붕,1976-12-30
대전광역시 대덕구 대화동 1-34,441.84,블록구조,공장,기타지붕,1976-12-30
대전광역시 대덕구 대화동 1-38,1683.76,일반철골구조,공장,기타지붕,2017-07-18
대전광역시 대덕구 대화동 1-39,1832.5,경량철골구조,공장,기타지붕,2005-06-29
대전광역시 대덕구 대화동 1-4,1008.1999999999999,블록구조,공장,슬레이트,
대전광역시 대덕구 대화동 1-40,1161.0,일반철골구조,공장,(철근)콘크리트,2003-12-24
대전광역시 대덕구 대화동 1-42,1009.52,일반철골구조,공장,기타지붕,2015-04-16
대전광역시 대덕구 대화동 1-43,723.24,일반철골구조,공장,기타지붕,2015-03-16
대전광역시 대덕구 대화동 1-44,1686.4,경량철골구조,공장,기타지붕,2015-04-14
대전광역시 대덕구 대화동 1-46,2085.29,철근콘크리트구조,공장,(철근)콘크리트,1978-02-08
대전광역시 대덕구 대화동 1-47,970.79,일반철골구조,공장,기타지붕,2016-01-12
대전광역시 대덕구 대화동 1-48,929.9,일반철골구조,공장,기타지붕,2019-10-23
대전광역시 대덕구 대화동 1-49,1176.76,철근콘크리트구조,공장,슬레이트,1971-05-12
대전광역시 대덕구 대화동 1-50,1084.07,철근콘크리트구조,공장,슬레이트,1971-05-12
대전광역시 대덕구 대화동 1-54,1103.58,일반철골구조,공장,기타지붕,2019-10-01
대전광역시 대덕구 대화동 1-55,692.8,일반철골구조,공장,기타지붕,2020-11-03
대전광역시 대덕구 대화동 1-56,598.49,일반철골구조,공장,기타지붕,2021-03-25
대전광역시 대덕구 대화동 1-57,1135.56,일반철골구조,공장,기타지붕,2021-01-21
대전광역시 대덕구 대화동 1-58,1255.7,일반철골구조,공장,기타지붕,2021-04-05
대전광역시 대덕구 대화동 1-59,1200.0,일반철골구조,공장,기타지붕,2020-04-08
대전광역시 대덕구 대화동 1-7,2025.25,일반철골구조,공장,슬레이트,1978-11-04
대전광역시 대덕구 대화동 1-8,6428.32,철근콘크리트구조,공장,(철근)콘크리트,1978-01-04
대전광역시 대덕구 대화동 1-9,3811.27,철근콘크리트구조,공장,(철근)콘크리트,1977-02-19
대전광역시 대덕구 대화동 10-17,119.15,벽돌구조,단독주택,(철근)콘크리트,1982-03-16
대전광역시 대덕구 대화동 100,620.72,철근콘크리트구조,공장,기타지붕,2005-04-19
대전광역시 대덕구 대화동 101-4,100.92,경량철골구조,공장,기타지붕,1999-02-02
대전광역시 대덕구 대화동 103-1,2189.1,철골철근콘크리트구조,공장,기타지붕,2001-02-17
대전광역시 대덕구 대화동 103-10,281.55,철근콘크리트구조,공장,(철근)콘크리트,2001-02-17
대전광역시 대덕구 대화동 103-12,359.12,일반철골구조,공장,기타지붕,2005-04-25
대전광역시 대덕구 대화동 113-5,487.44,경량철골구조,공장,기타지붕,2005-12-09
대전광역시 대덕구 대화동 118,3714.379,철근콘크리트구조,공장,슬레이트,1999-12-28
대전광역시 대덕구 대화동 118-1,423.46000000000004,일반철골구조,공장,기타지붕,1990-06-29
대전광역시 대덕구 대화동 118-2,772.96,철근콘크리트구조,공장,(철근)콘크리트,1990-06-02
대전광역시 대덕구 대화동 120-1,1701.85,철근콘크리트구조,자동차관련시설,기타지붕,1993-06-18
대전광역시 대덕구 대화동 120-4,599.38,경량철골구조,자동차관련시설,기타지붕,1997-08-28
대전광역시 대덕구 대화동 124-1,1137.46,경량철골구조,자동차관련시설,기타지붕,1995-08-29
대전광역시 대덕구 대화동 124-14,1523.1100000000001,철골콘크리트구조,공장,기타지붕,1979-12-20
대전광역시 대덕구 대화동 124-16,223.17,철근콘크리트구조,자동차관련시설,슬레이트,1979-05-07
대전광역시 대덕구 대화동 124-4,469.69,철근콘크리트구조,자동차관련시설,(철근)콘크리트,1981-01-31
대전광역시 대덕구 대화동 125,4414.76,철근콘크리트구조,교육연구시설,(철근)콘크리트,1993-11-15
대전광역시 대덕구 대화동 129-1,324.55,경량철골구조,공장,슬레이트,1991-04-11
대전광역시 대덕구 대화동 130-1,560.2,일반철골구조,자동차관련시설,기타지붕,1994-01-04
대전광역시 대덕구 대화동 138-1,726.9,경량철골구조,자동차관련시설,기타지붕,1993-11-22
대전광역시 대덕구 대화동 141-1,608.12,벽돌구조,공장,기타지붕,1979-11-01
대전광역시 대덕구 대화동 142-1,273.6,일반철골구조,공장,슬레이트,1981-12-30
대전광역시 대덕구 대화동 142-11,522.42,일반철골구조,공장,기타지붕,2003-02-04
대전광역시 대덕구 대화동 142-2,5351.61,경량철골구조,자동차관련시설,기타지붕,1992-12-24
대전광역시 대덕구 대화동 142-4,4795.85,경량철골구조,공장,기타지붕,2003-12-12
대전광역시 대덕구 대화동 142-5,918.14,철근콘크리트구조,공장,기타지붕,1979-03-13
대전광역시 대덕구 대화동 144,740.07,벽돌구조,공장,슬레이트,1984-07-26
대전광역시 대덕구 대화동 146-1,60.22,벽돌구조,제2종근린생활시설,(철근)콘크리트,1979-09-27
대전광역시 대덕구 대화동 148-1,1366.27,철근콘크리트구조,공장,(철근)콘크리트,1980-11-21
대전광역시 대덕구 대화동 15-6,209.61,철근콘크리트구조,제2종근린생활시설,(철근)콘크리트,1990-10-22
대전광역시 대덕구 대화동 155-1,1184.93,벽돌구조,공장,(철근)콘크리트,1994-01-21
대전광역시 대덕구 대화동 156-2,504.16,경량철골구조,공장,기타지붕,1991-02-11
대전광역시 대덕구 대화동 158-2,1805.37,철근콘크리트구조,공장,슬레이트,1978-05-26
대전광역시 대덕구 대화동 16-100,74.78,벽돌구조,단독주택,(철근)콘크리트,1976-07-28
대전광역시 대덕구 대화동 16-101,74.91,벽돌구조,단독주택,슬레이트,1977-05-02
대전광역시 대덕구 대화동 16-102,78.94,벽돌구조,단독주택,(철근)콘크리트,1976-12-14
대전광역시 대덕구 대화동 16-103,77.98,벽돌구조,단독주택,(철근)콘크리트,1976-07-28
대전광역시 대덕구 대화동 16-104,71.96,벽돌구조,단독주택,(철근)콘크리트,1976-07-28
대전광역시 대덕구 대화동 16-105,89.7,벽돌구조,단독주택,(철근)콘크리트,1976-07-26
대전광역시 대덕구 대화동 16-106,75.61,벽돌구조,단독주택,(철근)콘크리트,1976-07-28
대전광역시 대덕구 대화동 16-107,85.92,벽돌구조,단독주택,(철근)콘크리트,1976-12-15
대전광역시 대덕구 대화동 16-108,88.79,벽돌구조,단독주택,(철근)콘크리트,1976-06-05
대전광역시 대덕구 대화동 16-109,83.34,벽돌구조,단독주택,(철근)콘크리트,1976-06-09
대전광역시 대덕구 대화동 16-111,63.8,벽돌구조,단독주택,(철근)콘크리트,1976-10-19
대전광역시 대덕구 대화동 16-112,68.33,벽돌구조,단독주택,(철근)콘크리트,1976-07-13
대전광역시 대덕구 대화동 16-113,74.41,벽돌구조,단독주택,(철근)콘크리트,1976-10-19
대전광역시 대덕구 대화동 16-114,68.84,철근콘크리트구조,제2종근린생활시설,(철근)콘크리트,1983-05-28
대전광역시 대덕구 대화동 16-117,74.51,벽돌구조,단독주택,(철근)콘크리트,1977-07-01
대전광역시 대덕구 대화동 16-119,68.22,벽돌구조,단독주택,(철근)콘크리트,1976-06-07
대전광역시 대덕구 대화동 16-120,70.58,벽돌구조,단독주택,(철근)콘크리트,1976-07-13
대전광역시 대덕구 대화동 16-121,77.85,벽돌구조,단독주택,(철근)콘크리트,1977-07-06
대전광역시 대덕구 대화동 16-122,80.96,벽돌구조,단독주택,(철근)콘크리트,1977-08-31
대전광역시 대덕구 대화동 16-123,77.98,벽돌구조,단독주택,(철근)콘크리트,1976-07-13
대전광역시 대덕구 대화동 16-125,62.32,벽돌구조,단독주택,(철근)콘크리트,1976-05-01
대전광역시 대덕구 대화동 16-126,142.57,벽돌구조,단독주택,(철근)콘크리트,1991-08-12
대전광역시 대덕구 대화동 16-128,72.26,벽돌구조,단독주택,(철근)콘크리트,1977-01-31
대전광역시 대덕구 대화동 16-13,1155.12,벽돌구조,공동주택,(철근)콘크리트,1985-02-19
대전광역시 대덕구 대화동 16-130,146.67,벽돌구조,단독주택,(철근)콘크리트,1980-09-12
대전광역시 대덕구 대화동 16-133,115.38,벽돌구조,단독주택,(철근)콘크리트,1991-10-10
대전광역시 대덕구 대화동 16-134,139.53,벽돌구조,제2종근린생활시설,(철근)콘크리트,1980-02-23
대전광역시 대덕구 대화동 16-137,80.73,벽돌구조,숙박시설,(철근)콘크리트,1979-09-12
대전광역시 대덕구 대화동 16-138,97.95,벽돌구조,단독주택,(철근)콘크리트,1981-06-25
대전광역시 대덕구 대화동 16-139,110.48,벽돌구조,단독주택,(철근)콘크리트,1985-05-22
대전광역시 대덕구 대화동 16-14,247.9,벽돌구조,공동주택,(철근)콘크리트,1980-12-09
대전광역시 대덕구 대화동 16-140,186.4,일반철골구조,위험물저장및처리시설,(철근)콘크리트,2014-12-18
대전광역시 대덕구 대화동 16-142,82.84,벽돌구조,단독주택,(철근)콘크리트,1979-02-28
대전광역시 대덕구 대화동 16-144,81.98,벽돌구조,단독주택,(철근)콘크리트,1979-05-23
대전광역시 대덕구 대화동 16-145,423.59,벽돌구조,제2종근린생활시설,(철근)콘크리트,1999-06-14
대전광역시 대덕구 대화동 16-147,141.85,벽돌구조,단독주택,(철근)콘크리트,1979-06-30
대전광역시 대덕구 대화동 16-148,72.96,벽돌구조,단독주택,(철근)콘크리트,1977-10-22
대전광역시 대덕구 대화동 16-149,81.39,벽돌구조,단독주택,(철근)콘크리트,1977-10-22
대전광역시 대덕구 대화동 16-15,65.06,벽돌구조,단독주택,기와,1976-06-03
대전광역시 대덕구 대화동 16-150,81.39,벽돌구조,단독주택,(철근)콘크리트,1977-10-12
대전광역시 대덕구 대화동 16-153,102.16,벽돌구조,단독주택,(철근)콘크리트,1979-09-25
대전광역시 대덕구 대화동 16-154,358.90999999999997,철근콘크리트구조,공장,(철근)콘크리트,1985-07-22
대전광역시 대덕구 대화동 16-155,82.08,벽돌구조,단독주택,(철근)콘크리트,1977-10-18
대전광역시 대덕구 대화동 16-158,40.5,벽돌구조,단독주택,(철근)콘크리트,1985-05-25
대전광역시 대덕구 대화동 16-159,125.66,벽돌구조,단독주택,(철근)콘크리트,1979-09-17
대전광역시 대덕구 대화동 16-16,260.0,일반철골구조,제2종근린생활시설,기타지붕,2006-10-31
대전광역시 대덕구 대화동 16-160,82.09,벽돌구조,단독주택,(철근)콘크리트,1977-10-18
대전광역시 대덕구 대화동 16-161,460.8,벽돌구조,공동주택,(철근)콘크리트,1975-11-01
대전광역시 대덕구 대화동 16-163,1241.48,철근콘크리트구조,공동주택,(철근)콘크리트,1983-03-11
대전광역시 대덕구 대화동 16-165,114.2,벽돌구조,단독주택,(철근)콘크리트,1990-05-14
대전광역시 대덕구 대화동 16-166,122.63,철근콘크리트구조,단독주택,(철근)콘크리트,1992-05-07
대전광역시 대덕구 대화동 16-168,158.41,블록구조,단독주택,(철근)콘크리트,1984-08-24
대전광역시 대덕구 대화동 16-169,88.3,벽돌구조,단독주택,(철근)콘크리트,1978-01-31
대전광역시 대덕구 대화동 16-170,132.97,벽돌구조,단독주택,(철근)콘크리트,1979-12-26
대전광역시 대덕구 대화동 16-171,208.45,철근콘크리트구조,제2종근린생활시설,(철근)콘크리트,1985-06-20
대전광역시 대덕구 대화동 16-172,117.4,벽돌구조,단독주택,(철근)콘크리트,1978-01-31
대전광역시 대덕구 대화동 16-176,81.98,벽돌구조,단독주택,(철근)콘크리트,1978-05-04
대전광역시 대덕구 대화동 16-177,81.98,벽돌구조,단독주택,(철근)콘크리트,1979-05-08
대전광역시 대덕구 대화동 16-178,84.0,벽돌구조,단독주택,(철근)콘크리트,1987-06-10
대전광역시 대덕구 대화동 16-179,82.8,벽돌구조,단독주택,(철근)콘크리트,1983-05-24
대전광역시 대덕구 대화동 16-19,55.9,벽돌구조,단독주택,(철근)콘크리트,1976-07-12
대전광역시 대덕구 대화동 16-191,109.61,벽돌구조,단독주택,(철근)콘크리트,1990-12-24
대전광역시 대덕구 대화동 16-192,180.62,철근콘크리트구조,단독주택,(철근)콘크리트,2004-10-22
대전광역시 대덕구 대화동 16-197,82.28,벽돌구조,단독주택,(철근)콘크리트,1977-10-31
대전광역시 대덕구 대화동 16-2,5050.7,철근콘크리트구조,공동주택,(철근)콘크리트,1985-03-14
대전광역시 대덕구 대화동 16-208,127.5,벽돌구조,단독주택,(철근)콘크리트,1983-10-15
대전광역시 대덕구 대화동 16-210,898.67,철근콘크리트구조,종교시설,(철근)콘크리트,1995-01-10
대전광역시 대덕구 대화동 16-211,901.95,철근콘크리트구조,제2종근린생활시설,(철근)콘크리트,1992-10-01
대전광역시 대덕구 대화동 16-212,83.74,벽돌구조,단독주택,(철근)콘크리트,1977-10-31
대전광역시 대덕구 대화동 16-217,139.27,벽돌구조,단독주택,(철근)콘크리트,1989-12-02
대전광역시 대덕구 대화동 16-22,92.93,벽돌구조,단독주택,(철근)콘크리트,1975-05-23
대전광역시 대덕구 대화동 16-221,260.88,벽돌구조,공동주택,(철근)콘크리트,1990-09-29
대전광역시 대덕구 대화동 16-222,359.84,일반철골구조,제2종근린생활시설,기타지붕,2021-05-17
대전광역시 대덕구 대화동 16-224,92.84,벽돌구조,단독주택,(철근)콘크리트,1979-08-03
대전광역시 대덕구 대화동 16-225,65.0,철근콘크리트구조,제2종근린생활시설,(철근)콘크리트,1983-05-28
대전광역시 대덕구 대화동 16-226,159.02,벽돌구조,단독주택,(철근)콘크리트,1989-05-16
대전광역시 대덕구 대화동 16-227,144.11,벽돌구조,단독주택,(철근)콘크리트,1980-07-31
대전광역시 대덕구 대화동 16-228,73.8,벽돌구조,단독주택,(철근)콘크리트,1985-05-25
대전광역시 대덕구 대화동 16-23,70.51,벽돌구조,단독주택,(철근)콘크리트,1975-04-14
대전광역시 대덕구 대화동 16-24,72.42,벽돌구조,단독주택,(철근)콘크리트,1976-05-14
대전광역시 대덕구 대화동 16-242,82.9,벽돌구조,단독주택,(철근)콘크리트,1977-12-21
대전광역시 대덕구 대화동 16-253,78.65,벽돌구조,단독주택,(철근)콘크리트,1977-10-31
대전광역시 대덕구 대화동 16-255,90.42,벽돌구조,단독주택,슬레이트,1977-12-23
대전광역시 대덕구 대화동 16-259,110.7,벽돌구조,단독주택,(철근)콘크리트,1980-06-27
대전광역시 대덕구 대화동 16-264,62.17,벽돌구조,단독주택,(철근)콘크리트,1977-06-30
대전광역시 대덕구 대화동 16-266,124.76,벽돌구조,단독주택,(철근)콘크리트,1979-07-07
대전광역시 대덕구 대화동 16-271,84.86,벽돌구조,단독주택,(철근)콘크리트,1977-10-22
대전광역시 대덕구 대화동 16-272,112.73,벽돌구조,단독주택,(철근)콘크리트,1978-06-30
대전광역시 대덕구 대화동 16-279,164.25,철근콘크리트구조,제2종근린생활시설,(철근)콘크리트,
대전광역시 대덕구 대화동 16-29,71.21,벽돌구조,단독주택,기와,1975-09-22
대전광역시 대덕구 대화동 16-290,83.04,벽돌구조,단독주택,(철근)콘크리트,1976-07-28
대전광역시 대덕구 대화동 16-30,177.035,블록구조,단독주택,슬레이트,1975-05-22
대전광역시 대덕구 대화동 16-35,216.37,벽돌구조,제2종근린생활시설,슬레이트,1982-11-24
대전광역시 대덕구 대화동 16-36,58.45,벽돌구조,단독주택,기와,1975-05-27
대전광역시 대덕구 대화동 16-38,74.89,벽돌구조,단독주택,기와,1993-03-10
대전광역시 대덕구 대화동 16-39,68.13,철근콘크리트구조,단독주택,(철근)콘크리트,2004-11-03
대전광역시 대덕구 대화동 16-48,52.4,블록구조,단독주택,슬레이트,1975-04-03
대전광역시 대덕구 대화동 16-5,14232.48,철근콘크리트구조,공동주택,(철근)콘크리트,1987-12-22
대전광역시 대덕구 대화동 16-51,66.74,벽돌구조,단독주택,(철근)콘크리트,1975-10-07
대전광역시 대덕구 대화동 16-52,49.88,블록구조,단독주택,기와,1975-11-28
대전광역시 대덕구 대화동 16-53,66.21,벽돌구조,단독주택,(철근)콘크리트,1976-02-26
대전광역시 대덕구 대화동 16-57,82.84,벽돌구조,단독주택,(철근)콘크리트,1975-12-03
대전광역시 대덕구 대화동 16-58,63.47,벽돌구조,단독주택,기와,1975-07-19
대전광역시 대덕구 대화동 16-59,81.75,벽돌구조,단독주택,(철근)콘크리트,1977-11-29
대전광역시 대덕구 대화동 16-61,98.8,철근콘크리트구조,단독주택,(철근)콘크리트,1981-04-20
대전광역시 대덕구 대화동 16-62,98.82,벽돌구조,단독주택,(철근)콘크리트,1975-11-29
대전광역시 대덕구 대화동 16-63,202.55,벽돌구조,단독주택,(철근)콘크리트,1977-09-14
대전광역시 대덕구 대화동 16-64,66.48,벽돌구조,단독주택,(철근)콘크리트,1975-11-03
대전광역시 대덕구 대화동 16-65,68.96,벽돌구조,단독주택,(철근)콘크리트,1991-11-26
대전광역시 대덕구 대화동 16-66,70.93,블록구조,단독주택,기와,1983-03-31
대전광역시 대덕구 대화동 16-67,55.07,벽돌구조,단독주택,기와,1976-01-27
대전광역시 대덕구 대화동 16-68,82.62,벽돌구조,단독주택,(철근)콘크리트,1979-10-19
대전광역시 대덕구 대화동 16-69,78.51,벽돌구조,단독주택,기와,1976-11-15
대전광역시 대덕구 대화동 16-71,77.75,벽돌구조,단독주택,(철근)콘크리트,1976-07-02
대전광역시 대덕구 대화동 16-72,339.9,철근콘크리트구조,공동주택,(철근)콘크리트,1998-01-19
대전광역시 대덕구 대화동 16-74,225.02,벽돌구조,단독주택,(철근)콘크리트,1977-07-30
대전광역시 대덕구 대화동 16-75,77.62,벽돌구조,단독주택,(철근)콘크리트,1977-05-26
대전광역시 대덕구 대화동 16-80,150.68,벽돌구조,단독주택,(철근)콘크리트,1978-12-22
대전광역시 대덕구 대화동 16-81,122.72,벽돌구조,단독주택,(철근)콘크리트,1976-07-02
대전광역시 대덕구 대화동 16-82,81.74,벽돌구조,단독주택,(철근)콘크리트,1976-09-16
대전광역시 대덕구 대화동 16-83,55.98,벽돌구조,단독주택,(철근)콘크리트,1979-06-21
대전광역시 대덕구 대화동 16-85,78.05,벽돌구조,단독주택,(철근)콘크리트,1977-05-24
대전광역시 대덕구 대화동 16-86,76.66,벽돌구조,단독주택,(철근)콘크리트,1976-07-28
대전광역시 대덕구 대화동 16-87,77.96,벽돌구조,단독주택,(철근)콘크리트,1976-07-28
대전광역시 대덕구 대화동 16-88,81.54,벽돌구조,단독주택,(철근)콘크리트,1976-08-14
대전광역시 대덕구 대화동 16-89,92.29,벽돌구조,단독주택,(철근)콘크리트,1976-07-12
대전광역시 대덕구 대화동 16-9,191.57999999999998,벽돌구조,단독주택,(철근)콘크리트,1980-05-31
대전광역시 대덕구 대화동 16-90,72.03,벽돌구조,단독주택,(철근)콘크리트,1976-12-27
대전광역시 대덕구 대화동 16-91,72.03,벽돌구조,단독주택,(철근)콘크리트,1977-01-29
대전광역시 대덕구 대화동 16-92,78.68,벽돌구조,단독주택,(철근)콘크리트,1977-05-09
대전광역시 대덕구 대화동 16-93,78.42,벽돌구조,단독주택,기와,1976-08-19
대전광역시 대덕구 대화동 16-94,83.22,벽돌구조,단독주택,(철근)콘크리트,1979-07-26
대전광역시 대덕구 대화동 16-95,83.6,벽돌구조,단독주택,(철근)콘크리트,1977-05-10
대전광역시 대덕구 대화동 16-96,82.17,벽돌구조,단독주택,기와,1976-07-28
대전광역시 대덕구 대화동 16-97,78.21,벽돌구조,단독주택,(철근)콘크리트,1976-08-03
대전광역시 대덕구 대화동 16-98,77.85,벽돌구조,단독주택,(철근)콘크리트,1976-05-14
대전광역시 대덕구 대화동 16-99,79.08,벽돌구조,단독주택,(철근)콘크리트,1976-07-28
대전광역시 대덕구 대화동 164-1,2799.73,일반철골구조,공장,(철근)콘크리트,1996-12-15
대전광역시 대덕구 대화동 169,9529.220000000001,철근콘크리트구조,교육연구시설,(철근)콘크리트,1984-09-11
대전광역시 대덕구 대화동 188,39.67,일반목구조,단독주택,슬레이트,1946
대전광역시 대덕구 대화동 215,26.45,일반목구조,단독주택,슬레이트,1920
대전광역시 대덕구 대화동 220,35.27,기타조적구조,단독주택,기타지붕,1960
대전광역시 대덕구 대화동 223,139.88,강파이프구조,공장,슬레이트,1982-04-15
대전광역시 대덕구 대화동 223-12,616.7,철근콘크리트구조,공장,(철근)콘크리트,1994-12-05
대전광역시 대덕구 대화동 223-29,103.15,철근콘크리트구조,위험물저장및처리시설,(철근)콘크리트,2009-03-18
대전광역시 대덕구 대화동 225-1,513.27,강파이프구조,자동차관련시설,기타지붕,2004-08-17
대전광역시 대덕구 대화동 225-8,78.75,경량철골구조,제2종근린생활시설,기타지붕,2022-01-05
대전광역시 대덕구 대화동 227,52970.6,철골철근콘크리트구조,공장,(철근)콘크리트,2017-12-29
대전광역시 대덕구 대화동 228-2,1060.1200000000001,벽돌구조,자동차관련시설,(철근)콘크리트,1986-05-10
대전광역시 대덕구 대화동 229-12,4912.68,철근콘크리트구조,공동주택,(철근)콘크리트,1986-09-05
대전광역시 대덕구 대화동 229-20,108.78,벽돌구조,제2종근린생활시설,(철근)콘크리트,1992-12-15
대전광역시 대덕구 대화동 233-1,691.9300000000001,일반철골구조,공장,기타지붕,2018-04-20
대전광역시 대덕구 대화동 233-4,69.0,벽돌구조,단독주택,(철근)콘크리트,1979-11-16
대전광역시 대덕구 대화동 233-5,30.28,블록구조,단독주택,슬레이트,1974-01-10
대전광역시 대덕구 대화동 233-6,103.95,경량철골구조,제2종근린생활시설,기타지붕,2001-12-06
대전광역시 대덕구 대화동 234-1,1387.76,경량철골구조,창고시설,기타지붕,1996-01-31
대전광역시 대덕구 대화동 235-11,410.23,철근콘크리트구조,종교시설,(철근)콘크리트,1996-02-09
대전광역시 대덕구 대화동 236,365.76,경량철골구조,자동차관련시설,기타지붕,1994-12-13
대전광역시 대덕구 대화동 236-10,51.48,벽돌구조,단독주택,(철근)콘크리트,1981-04-02
대전광역시 대덕구 대화동 236-12,73.18,벽돌구조,단독주택,(철근)콘크리트,1981-04-02
대전광역시 대덕구 대화동 236-4,55.16,블록구조,단독주택,기와,1973-01-11
대전광역시 대덕구 대화동 237,472.89,철근콘크리트구조,공장,(철근)콘크리트,1981-12-03
대전광역시 대덕구 대화동 238,50.5,벽돌구조,제2종근린생활시설,(철근)콘크리트,1980-05-31
대전광역시 대덕구 대화동 238-2,80.0,벽돌구조,제2종근린생활시설,(철근)콘크리트,1980-05-31
대전광역시 대덕구 대화동 238-4,195.87,벽돌구조,단독주택,(철근)콘크리트,1979-10-24
대전광역시 대덕구 대화동 238-5,51.4,벽돌구조,단독주택,(철근)콘크리트,1991-11-23
대전광역시 대덕구 대화동 239-1,117.1,벽돌구조,단독주택,(철근)콘크리트,1981-09-08
대전광역시 대덕구 대화동 239-10,68.55,벽돌구조,단독주택,(철근)콘크리트,1987-12-18
대전광역시 대덕구 대화동 239-11,90.63,블록구조,단독주택,슬레이트,1975-01-06
대전광역시 대덕구 대화동 239-15,105.96,철근콘크리트구조,단독주택,기타지붕,2004-11-05
대전광역시 대덕구 대화동 239-18,51.44,블록구조,단독주택,기와,1959
대전광역시 대덕구 대화동 239-2,46.31,블록구조,단독주택,기와,1974-10-16
대전광역시 대덕구 대화동 239-20,76.24,벽돌구조,단독주택,(철근)콘크리트,1980-01-10
대전광역시 대덕구 대화동 239-4,75.84,벽돌구조,단독주택,(철근)콘크리트,1978-10-17
대전광역시 대덕구 대화동 239-6,60.6,벽돌구조,단독주택,기와,1980-05-31
대전광역시 대덕구 대화동 239-7,158.95,벽돌구조,단독주택,(철근)콘크리트,1979-11-12
대전광역시 대덕구 대화동 239-9,93.39,벽돌구조,단독주택,(철근)콘크리트,1978-07-01
대전광역시 대덕구 대화동 240,194.75,벽돌구조,단독주택,(철근)콘크리트,1982-04-23
대전광역시 대덕구 대화동 241,436.76,벽돌구조,공동주택,(철근)콘크리트,1983-12-06
대전광역시 대덕구 대화동 241-11,1060.34,벽돌구조,공동주택,(철근)콘크리트,1981-11-07
대전광역시 대덕구 대화동 241-14,56.53,벽돌구조,단독주택,기와,1974-11-18
대전광역시 대덕구 대화동 241-15,81.29,벽돌구조,단독주택,(철근)콘크리트,1978-11-02
대전광역시 대덕구 대화동 241-18,78.07,벽돌구조,단독주택,(철근)콘크리트,1980-10-02
대전광역시 대덕구 대화동 241-19,81.29,벽돌구조,단독주택,(철근)콘크리트,1978-11-02
대전광역시 대덕구 대화동 243-1,98.8,벽돌구조,단독주택,(철근)콘크리트,1992-07-22
대전광역시 대덕구 대화동 243-3,147.29,철근콘크리트구조,노유자시설,(철근)콘크리트,1990-11-16
대전광역시 대덕구 대화동 243-5,99.4,벽돌구조,단독주택,(철근)콘크리트,1980-02-12
대전광역시 대덕구 대화동 243-6,129.57,벽돌구조,단독주택,(철근)콘크리트,1980-05-24
대전광역시 대덕구 대화동 243-7,385.58,벽돌구조,공동주택,(철근)콘크리트,1979-12-13
대전광역시 대덕구 대화동 243-9,140.57,벽돌구조,단독주택,기타지붕,1979-11-29
대전광역시 대덕구 대화동 246-2,148.27,철근콘크리트구조,단독주택,(철근)콘크리트,2008-10-17
대전광역시 대덕구 대화동 246-5,149.5,경량철골구조,단독주택,기타지붕,2007-06-08
대전광역시 대덕구 대화동 246-6,103.87,벽돌구조,단독주택,(철근)콘크리트,1984-07-24
대전광역시 대덕구 대화동 247-11,76.29,벽돌구조,단독주택,(철근)콘크리트,1984-11-01
대전광역시 대덕구 대화동 247-15,81.18,벽돌구조,단독주택,(철근)콘크리트,1985-01-10
대전광역시 대덕구 대화동 247-16,70.89,벽돌구조,단독주택,(철근)콘크리트,1984-11-01
대전광역시 대덕구 대화동 247-17,71.28,벽돌구조,단독주택,(철근)콘크리트,1984-11-01
대전광역시 대덕구 대화동 247-4,74.61,벽돌구조,단독주택,(철근)콘크리트,1985-01-10
대전광역시 대덕구 대화동 247-5,75.17,벽돌구조,단독주택,(철근)콘크리트,1984-11-01
대전광역시 대덕구 대화동 247-6,70.89,벽돌구조,단독주택,(철근)콘크리트,1984-11-01
대전광역시 대덕구 대화동 247-7,278.4,벽돌구조,공동주택,(철근)콘크리트,1984-11-01
대전광역시 대덕구 대화동 247-8,71.04,벽돌구조,단독주택,(철근)콘크리트,1984-11-01
대전광역시 대덕구 대화동 248,80.0,벽돌구조,단독주택,(철근)콘크리트,1984-07-06
대전광역시 대덕구 대화동 248-2,86.8,벽돌구조,단독주택,(철근)콘크리트,1984-07-06
대전광역시 대덕구 대화동 248-3,84.11,벽돌구조,단독주택,(철근)콘크리트,1984-01-26
대전광역시 대덕구 대화동 249-2,151.51,벽돌구조,단독주택,기와,1979-06-28
대전광역시 대덕구 대화동 250-10,62.06,벽돌구조,단독주택,(철근)콘크리트,1979-09-13
대전광역시 대덕구 대화동 250-12,98.88,벽돌구조,단독주택,(철근)콘크리트,1979-09-27
대전광역시 대덕구 대화동 250-15,68.06,벽돌구조,단독주택,(철근)콘크리트,1984-10-04
대전광역시 대덕구 대화동 250-16,657.12,철근콘크리트구조,공동주택,(철근)콘크리트,1985-01-26
대전광역시 대덕구 대화동 250-19,126.0,철근콘크리트구조,제2종근린생활시설,(철근)콘크리트,1992-05-12
대전광역시 대덕구 대화동 250-2,1886.64,벽돌구조,공동주택,(철근)콘크리트,1979-12-26
대전광역시 대덕구 대화동 250-20,120.84,철근콘크리트구조,단독주택,(철근)콘크리트,1986-08-25
대전광역시 대덕구 대화동 250-3,158.08,벽돌구조,단독주택,(철근)콘크리트,1979-08-31
대전광역시 대덕구 대화동 250-4,127.175,벽돌구조,단독주택,(철근)콘크리트,1979-09-22
대전광역시 대덕구 대화동 250-5,72.56,벽돌구조,단독주택,(철근)콘크리트,1984-05-12
대전광역시 대덕구 대화동 250-6,129.85,블록구조,단독주택,기와,1979-06-21
대전광역시 대덕구 대화동 250-7,282.66,철근콘크리트구조,종교시설,(철근)콘크리트,2001-04-13
대전광역시 대덕구 대화동 250-8,128.7,벽돌구조,단독주택,(철근)콘크리트,1979-11-23
대전광역시 대덕구 대화동 251,214.19,벽돌구조,단독주택,기타지붕,1980-05-29
대전광역시 대덕구 대화동 251-1,321.88,벽돌구조,공동주택,(철근)콘크리트,1982-03-15
대전광역시 대덕구 대화동 251-2,110.2,벽돌구조,단독주택,(철근)콘크리트,1983-07-18
대전광역시 대덕구 대화동 251-3,79.42,벽돌구조,단독주택,(철근)콘크리트,1981-07-24
대전광역시 대덕구 대화동 251-4,397.77,일반철골구조,제2종근린생활시설,기타지붕,2023-03-06
대전광역시 대덕구 대화동 253,3034.4399999999996,철근콘크리트구조,공동주택,(철근)콘크리트,1986-09-25
대전광역시 대덕구 대화동 254-1,575.42,벽돌구조,단독주택,(철근)콘크리트,1982-12-28
대전광역시 대덕구 대화동 254-16,377.28,벽돌구조,공동주택,(철근)콘크리트,1980-11-25
대전광역시 대덕구 대화동 254-17,127.19,벽돌구조,단독주택,(철근)콘크리트,1982-09-10
대전광역시 대덕구 대화동 254-18,98.95,벽돌구조,단독주택,기타지붕,1979-08-23
대전광역시 대덕구 대화동 254-19,98.83,벽돌구조,단독주택,기와,1979-08-23
대전광역시 대덕구 대화동 254-21,368.88,벽돌구조,공동주택,(철근)콘크리트,1983-02-03
대전광역시 대덕구 대화동 254-22,97.15,벽돌구조,단독주택,(철근)콘크리트,1982-03-22
대전광역시 대덕구 대화동 254-30,762.6,벽돌구조,공동주택,(철근)콘크리트,1984-10-13
대전광역시 대덕구 대화동 254-31,422.76,철근콘크리트구조,공동주택,(철근)콘크리트,1984-12-27
대전광역시 대덕구 대화동 254-36,139.71,경량철골구조,공장,기타지붕,1994-08-01
대전광역시 대덕구 대화동 254-37,375.75,경량철골구조,공장,기타지붕,1991-04-11
대전광역시 대덕구 대화동 254-4,37.88,블록구조,제2종근린생활시설,슬레이트,1983-12-27
대전광역시 대덕구 대화동 254-44,425.36,일반철골구조,제2종근린생활시설,기타지붕,2009-10-22
대전광역시 대덕구 대화동 254-53,817.75,일반철골구조,창고시설,기타지붕,2008-08-01
대전광역시 대덕구 대화동 256,983.51,일반철골구조,창고시설,기타지붕,2005-10-21
대전광역시 대덕구 대화동 256-4,289.75,일반철골구조,공장,기타지붕,2024-08-20
대전광역시 대덕구 대화동 261,633.1,일반철골구조,공장,기타지붕,2002-07-26
대전광역시 대덕구 대화동 262-1,1560.04,일반철골구조,창고시설,기타지붕,2009-01-09
대전광역시 대덕구 대화동 262-2,2378.41,일반철골구조,공장,기타지붕,2004-04-26
대전광역시 대덕구 대화동 264,984.24,일반철골구조,창고시설,기타지붕,1994-04-20
대전광역시 대덕구 대화동 264-1,153.424,일반철골구조,창고시설,기타지붕,20004
대전광역시 대덕구 대화동 267,440.17999999999995,경량철골구조,자동차관련시설,(철근)콘크리트,1987-10-29
대전광역시 대덕구 대화동 267-1,615.6,경량철골구조,공장,(철근)콘크리트,1992-01-03
대전광역시 대덕구 대화동 267-3,735.48,철근콘크리트구조,공장,(철근)콘크리트,
대전광역시 대덕구 대화동 268,823.2,경량철골구조,공장,기타지붕,1998-01-21
대전광역시 대덕구 대화동 27-12,89.39,벽돌구조,단독주택,(철근)콘크리트,1986-06-11
대전광역시 대덕구 대화동 27-16,80.66,벽돌구조,단독주택,(철근)콘크리트,1977-12-26
대전광역시 대덕구 대화동 27-17,197.88,벽돌구조,단독주택,(철근)콘크리트,1977-11-19
대전광역시 대덕구 대화동 27-18,88.53,벽돌구조,단독주택,(철근)콘크리트,1978-01-19
대전광역시 대덕구 대화동 27-19,81.92,벽돌구조,단독주택,(철근)콘크리트,1977-12-19
대전광역시 대덕구 대화동 27-21,113.32,벽돌구조,단독주택,(철근)콘크리트,1977-11-19
대전광역시 대덕구 대화동 27-24,192.26,벽돌구조,단독주택,(철근)콘크리트,1978-10-04
대전광역시 대덕구 대화동 27-28,100.41,벽돌구조,단독주택,(철근)콘크리트,1978-01-19
대전광역시 대덕구 대화동 27-30,92.97,벽돌구조,단독주택,(철근)콘크리트,1977-12-17
대전광역시 대덕구 대화동 27-31,83.99,벽돌구조,단독주택,(철근)콘크리트,1977-12-21
대전광역시 대덕구 대화동 27-34,88.43,벽돌구조,단독주택,(철근)콘크리트,1978-02-01
대전광역시 대덕구 대화동 27-35,91.34,벽돌구조,단독주택,(철근)콘크리트,
대전광역시 대덕구 대화동 27-37,0.0,벽돌구조,단독주택,(철근)콘크리트,1979-08-31
대전광역시 대덕구 대화동 27-39,85.03,벽돌구조,단독주택,(철근)콘크리트,1978-11-11
대전광역시 대덕구 대화동 27-41,77.62,벽돌구조,단독주택,(철근)콘크리트,1977-11-30
대전광역시 대덕구 대화동 27-42,88.65,벽돌구조,단독주택,(철근)콘크리트,1977-12-21
대전광역시 대덕구 대화동 27-43,87.33,벽돌구조,단독주택,(철근)콘크리트,1980-10-13
대전광역시 대덕구 대화동 27-44,82.95,벽돌구조,단독주택,(철근)콘크리트,1978-11-10
대전광역시 대덕구 대화동 27-5,82.68,벽돌구조,단독주택,(철근)콘크리트,1977-11-19
대전광역시 대덕구 대화동 27-7,2221.3,철근콘크리트구조,공동주택,(철근)콘크리트,1978-08-04
대전광역시 대덕구 대화동 273,1870.36,일반철골구조,공장,기타지붕,1994-09-08
대전광역시 대덕구 대화동 273-2,10391.208,일반철골구조,공장,기타지붕,1995-01-07
대전광역시 대덕구 대화동 274,607.48,일반철골구조,공장,기타지붕,2015-04-15
대전광역시 대덕구 대화동 274-6,433.19,일반철골구조,공장,기타지붕,2011-05-26
대전광역시 대덕구 대화동 275-10,108.385,벽돌구조,단독주택,(철근)콘크리트,1991-11-23
대전광역시 대덕구 대화동 275-11,228.46,일반철골구조,제2종근린생활시설,기타지붕,2017-09-22
대전광역시 대덕구 대화동 275-13,219.25,경량철골구조,제2종근린생활시설,기타지붕,2004-09-07
대전광역시 대덕구 대화동 275-2,0.0,철근콘크리트구조,공장,기타지붕,1993-02-17
대전광역시 대덕구 대화동 275-20,253.5,경량철골구조,공장,기타지붕,1992-08-22
대전광역시 대덕구 대화동 275-21,330.87,일반철골구조,공장,기타지붕,2006-07-28
대전광역시 대덕구 대화동 275-23,222.72,일반철골구조,공장,기타지붕,2007-10-19
대전광역시 대덕구 대화동 275-24,248.46,일반철골구조,공장,기타지붕,2007-01-17
대전광역시 대덕구 대화동 275-35,337.6,철근콘크리트구조,공동주택,(철근)콘크리트,1992-11-30
대전광역시 대덕구 대화동 275-43,198.48,경량철골구조,공장,기타지붕,2024-04-08
대전광역시 대덕구 대화동 275-46,100.87,벽돌구조,단독주택,(철근)콘크리트,1994-02-14
대전광역시 대덕구 대화동 275-47,135.81,벽돌구조,단독주택,(철근)콘크리트,1998-05-27
대전광역시 대덕구 대화동 275-48,86.94,벽돌구조,단독주택,(철근)콘크리트,1988-10-07
대전광역시 대덕구 대화동 275-49,95.32,벽돌구조,단독주택,(철근)콘크리트,1994-12-22
대전광역시 대덕구 대화동 275-57,222.16,일반철골구조,공장,(철근)콘크리트,2005-07-18
대전광역시 대덕구 대화동 275-6,100.14,벽돌구조,단독주택,(철근)콘크리트,1989-11-28
대전광역시 대덕구 대화동 275-7,88.32,벽돌구조,단독주택,(철근)콘크리트,1991-06-01
대전광역시 대덕구 대화동 275-8,256.4,일반철골구조,공장,(철근)콘크리트,2007-06-21
대전광역시 대덕구 대화동 275-9,208.6,경량철골구조,단독주택,기타지붕,2003-11-06
대전광역시 대덕구 대화동 278-1,340.495,경량철골구조,공장,기타지붕,1992-08-04
대전광역시 대덕구 대화동 278-2,77.61,일반철골구조,공장,기타지붕,2002-11-26
대전광역시 대덕구 대화동 278-4,921.22,일반철골구조,공장,(철근)콘크리트,1992-04-21
대전광역시 대덕구 대화동 279,252.0,일반철골구조,공장,기타지붕,2019-10-08
대전광역시 대덕구 대화동 280,881.04,경량철골구조,공장,기타지붕,2000-09-09
대전광역시 대덕구 대화동 280-2,819.36,경량철골구조,공장,기타지붕,1991-12-27
대전광역시 대덕구 대화동 280-4,1085.1,일반철골구조,공장,기타지붕,2001-02-26
대전광역시 대덕구 대화동 282-1,352.26,일반철골구조,자동차관련시설,기타지붕,1999-07-21
대전광역시 대덕구 대화동 282-16,3146.335,철근콘크리트구조,공장,(철근)콘크리트,1987-12-03
대전광역시 대덕구 대화동 282-23,66.26,일반철골구조,공장,기타지붕,1999-07-21
대전광역시 대덕구 대화동 282-25,397.44,일반철골구조,공장,기타지붕,2000-07-07
대전광역시 대덕구 대화동 283-1,1800.48,일반철골구조,공장,기타지붕,2010-06-16
대전광역시 대덕구 대화동 283-11,126.36,경량철골구조,공장,기타지붕,1991-02-09
대전광역시 대덕구 대화동 283-12,937.89,일반철골구조,공장,기타지붕,2010-06-16
대전광역시 대덕구 대화동 283-14,261.0,일반철골구조,공장,기타지붕,2010-06-23
대전광역시 대덕구 대화동 283-25,859.2,일반철골구조,공장,기타지붕,2010-06-16
대전광역시 대덕구 대화동 283-5,448.34,일반철골구조,공장,기타지붕,2003-06-03
대전광역시 대덕구 대화동 283-7,199.17,경량철골구조,공장,기타지붕,1991-09-02
대전광역시 대덕구 대화동 284,387.94,일반철골구조,공장,기타지붕,2003-03-28
대전광역시 대덕구 대화동 284-10,229.5,일반철골구조,공장,기타지붕,2003-01-27
대전광역시 대덕구 대화동 284-11,229.5,일반철골구조,공장,기타지붕,2003-01-09
대전광역시 대덕구 대화동 284-12,447.78,일반철골구조,공장,기타지붕,2003-01-13
대전광역시 대덕구 대화동 284-16,292.77,일반철골구조,공장,기타지붕,2003-01-13
대전광역시 대덕구 대화동 284-17,206.96,일반철골구조,공장,(철근)콘크리트,2003-01-09
대전광역시 대덕구 대화동 284-18,453.29,일반철골구조,공장,기타지붕,2003-01-23
대전광역시 대덕구 대화동 284-2,425.67,일반철골구조,공장,기타지붕,2003-03-28
대전광역시 대덕구 대화동 284-3,323.09,일반철골구조,공장,기타지붕,2003-01-27
대전광역시 대덕구 대화동 284-4,266.64,일반철골구조,공장,기타지붕,2003-01-23
대전광역시 대덕구 대화동 284-5,233.75,일반철골구조,공장,기타지붕,2003-01-27
대전광역시 대덕구 대화동 284-6,293.51,일반철골구조,공장,기타지붕,2003-04-07
대전광역시 대덕구 대화동 284-7,390.79,일반철골구조,공장,기타지붕,2003-04-07
대전광역시 대덕구 대화동 284-8,224.0,일반철골구조,공장,기타지붕,2003-01-27
대전광역시 대덕구 대화동 284-9,229.5,일반철골구조,공장,기타지붕,2003-01-27
대전광역시 대덕구 대화동 285-1,26.45,일반목구조,단독주택,기타지붕,1910
대전광역시 대덕구 대화동 285-2,4838.8,철근콘크리트구조,창고시설,(철근)콘크리트,1990-03-24
대전광역시 대덕구 대화동 289,332.04,일반철골구조,제2종근린생활시설,기타지붕,1991-03-21
대전광역시 대덕구 대화동 289-1,36890.6,철근콘크리트구조,판매시설,(철근)콘크리트,1997-06-20
대전광역시 대덕구 대화동 289-10,61.19,벽돌구조,단독주택,기와,1976-12-28
대전광역시 대덕구 대화동 289-11,122.38,벽돌구조,단독주택,기와,1976-12-28
대전광역시 대덕구 대화동 289-12,173.88,벽돌구조,단독주택,기타지붕,1976-12-28
대전광역시 대덕구 대화동 289-13,61.19,벽돌구조,단독주택,기와,1976-12-28
대전광역시 대덕구 대화동 289-14,149.04,일반철골구조,공장,기타지붕,2010-05-28
대전광역시 대덕구 대화동 289-15,274.05,철근콘크리트구조,공장,(철근)콘크리트,1986-12-29
대전광역시 대덕구 대화동 289-16,473.0,일반철골구조,공장,기타지붕,2007-01-31
대전광역시 대덕구 대화동 289-20,342.34,경량철골구조,공장,기타지붕,1995-10-10
대전광역시 대덕구 대화동 289-24,1573.1000000000001,경량철골구조,공장,기타지붕,2022-06-21
대전광역시 대덕구 대화동 289-28,74.48,일반철골구조,제2종근린생활시설,기타지붕,2010-03-22
대전광역시 대덕구 대화동 289-3,179.98,일반철골구조,공장,기타지붕,2018-10-15
대전광역시 대덕구 대화동 289-40,61.08,벽돌구조,단독주택,기와,1976-12-28
대전광역시 대덕구 대화동 289-41,61.19,벽돌구조,단독주택,기와,1976-12-28
대전광역시 대덕구 대화동 289-5,230.62,일반철골구조,공장,(철근)콘크리트,1997-08-09
대전광역시 대덕구 대화동 289-7,61.42,벽돌구조,단독주택,슬레이트,1976-12-28
대전광역시 대덕구 대화동 289-8,74.81,벽돌구조,단독주택,기와,1976-12-28
대전광역시 대덕구 대화동 290-1,1250.57,일반철골구조,자동차관련시설,기타지붕,1984-09-11
대전광역시 대덕구 대화동 290-12,1065.0,일반철골구조,공장,기타지붕,2002-10-28
대전광역시 대덕구 대화동 290-13,3417.04,철근콘크리트구조,공장,슬레이트,1982-10-12
대전광역시 대덕구 대화동 290-14,6003.34,일반철골구조,창고시설,기타지붕,2005-04-22
대전광역시 대덕구 대화동 290-21,3327.2199999999993,일반철골구조,공장,기타지붕,2010-05-28
대전광역시 대덕구 대화동 290-22,4903.4400000000005,기타조적구조,공장,기타지붕,1979-05-10
대전광역시 대덕구 대화동 290-24,7499.155,경량철골구조,공장,기타지붕,2007-11-13
대전광역시 대덕구 대화동 290-28,3750.62,철근콘크리트구조,공장,기타지붕,1996-10-05
대전광역시 대덕구 대화동 290-35,6883.37,철근콘크리트구조,공장,(철근)콘크리트,1997-10-21
대전광역시 대덕구 대화동 290-36,3405.5499999999997,일반철골구조,공장,슬레이트,1984-05-02
대전광역시 대덕구 대화동 290-39,0.0,일반철골구조,공장,기타지붕,
대전광역시 대덕구 대화동 290-5,574.38,일반철골구조,공장,기타지붕,2002-07-31
대전광역시 대덕구 대화동 290-50,838.05,일반철골구조,공장,기타지붕,2001-07-21
대전광역시 대덕구 대화동 290-54,709.2,일반철골구조,공장,기타지붕,2001-02-23
대전광역시 대덕구 대화동 290-55,435.49,일반철골구조,공장,기타지붕,2002-02-21
대전광역시 대덕구 대화동 290-57,287.365,일반철골구조,제2종근린생활시설,기타지붕,2001-05-04
대전광역시 대덕구 대화동 290-58,210.99,일반철골구조,제2종근린생활시설,기타지붕,2001-05-04
대전광역시 대덕구 대화동 290-59,568.14,일반철골구조,공장,(철근)콘크리트,2001-09-11
대전광역시 대덕구 대화동 290-61,286.45,일반철골구조,공장,기타지붕,2001-05-04
대전광역시 대덕구 대화동 290-62,247.71,일반철골구조,제2종근린생활시설,기타지붕,2001-05-04
대전광역시 대덕구 대화동 290-63,207.1,일반철골구조,제2종근린생활시설,기타지붕,2001-05-04
대전광역시 대덕구 대화동 290-64,137.24,일반철골구조,제2종근린생활시설,기타지붕,2001-04-30
대전광역시 대덕구 대화동 290-65,209.13,일반철골구조,공장,기타지붕,2002-02-06
대전광역시 대덕구 대화동 290-69,485.72,일반철골구조,제2종근린생활시설,(철근)콘크리트,2002-01-10
대전광역시 대덕구 대화동 290-7,2259.29,벽돌구조,공장,(철근)콘크리트,2013-09-17
대전광역시 대덕구 대화동 290-74,2725.03,일반철골구조,공장,기타지붕,2003-05-02
대전광역시 대덕구 대화동 290-76,1434.0,일반철골구조,공장,기타지붕,2002-10-28
대전광역시 대덕구 대화동 290-77,1500.0,일반철골구조,공장,기타지붕,2002-10-28
대전광역시 대덕구 대화동 290-79,1023.02,일반철골구조,공장,기타지붕,2002-10-28
대전광역시 대덕구 대화동 290-82,4904.96,일반철골구조,공장,기타지붕,2006-02-21
대전광역시 대덕구 대화동 290-84,2663.41,일반철골구조,공장,기타지붕,2004-11-05
대전광역시 대덕구 대화동 294-1,3815.5,일반철골구조,공장,기타지붕,2014-10-31
대전광역시 대덕구 대화동 294-10,797.25,일반철골구조,공장,기타지붕,2015-03-25
대전광역시 대덕구 대화동 294-11,841.48,일반철골구조,공장,기타지붕,2014-11-04
대전광역시 대덕구 대화동 294-12,1531.85,일반철골구조,공장,(철근)콘크리트,2014-11-18
대전광역시 대덕구 대화동 294-14,1880.65,일반철골구조,공장,기타지붕,2015-07-09
대전광역시 대덕구 대화동 294-15,1173.8,일반철골구조,공장,기타지붕,2014-09-26
대전광역시 대덕구 대화동 294-16,958.0999999999999,일반철골구조,공장,기타지붕,2014-10-06
대전광역시 대덕구 대화동 294-17,1504.93,일반철골구조,공장,기타지붕,2015-05-18
대전광역시 대덕구 대화동 294-18,1329.01,일반철골구조,공장,기타지붕,2014-12-24
대전광역시 대덕구 대화동 295-1,210.44,철근콘크리트구조,위험물저장및처리시설,기타지붕,2019-01-25
대전광역시 대덕구 대화동 3-1,522.25,강파이프구조,위험물저장및처리시설,기타지붕,2021-04-08
대전광역시 대덕구 대화동 3-3,4345.67,철근콘크리트구조,노유자시설,(철근)콘크리트,1986-07-09
대전광역시 대덕구 대화동 30,335.85999999999996,블록구조,창고시설,슬레이트,1990-01-13
대전광역시 대덕구 대화동 30-1,7508.06,철근콘크리트구조,공동주택,(철근)콘크리트,1990-11-02
대전광역시 대덕구 대화동 30-5,114.18,벽돌구조,단독주택,(철근)콘크리트,1971-09-11
대전광역시 대덕구 대화동 30-7,110.22,철근콘크리트구조,단독주택,(철근)콘크리트,1986-07-15
대전광역시 대덕구 대화동 30-8,370.22,철근콘크리트구조,교육연구시설,(철근)콘크리트,1990-08-24
대전광역시 대덕구 대화동 31-24,1418.0,벽돌구조,공동주택,(철근)콘크리트,1981-08-06
대전광역시 대덕구 대화동 31-33,529.44,철근콘크리트구조,공동주택,(철근)콘크리트,1991-11-06
대전광역시 대덕구 대화동 31-36,5008.5136,벽돌구조,공동주택,(철근)콘크리트,2001-07-11
대전광역시 대덕구 대화동 31-40,46.07,벽돌구조,노유자시설,(철근)콘크리트,1996-12-16
대전광역시 대덕구 대화동 31-42,208.76,벽돌구조,단독주택,(철근)콘크리트,1977-03-05
대전광역시 대덕구 대화동 31-43,177.03,철근콘크리트구조,종교시설,(철근)콘크리트,1995-02-10
대전광역시 대덕구 대화동 31-44,1080.0,철근콘크리트구조,공동주택,(철근)콘크리트,1991-09-06
대전광역시 대덕구 대화동 31-53,116.73,벽돌구조,단독주택,(철근)콘크리트,1978-12-29
대전광역시 대덕구 대화동 31-54,82.61,벽돌구조,단독주택,(철근)콘크리트,1977-12-05
대전광역시 대덕구 대화동 312,6976.03,철근콘크리트구조,공장,기타지붕,1999-12-22
대전광역시 대덕구 대화동 316-1,467.36,벽돌구조,단독주택,(철근)콘크리트,1979-12-29
대전광역시 대덕구 대화동 32,39.67,일반목구조,단독주택,기타지붕,1940
대전광역시 대덕구 대화동 32-10,95.24,벽돌구조,단독주택,(철근)콘크리트,1996-11-18
대전광역시 대덕구 대화동 32-13,19.83,기타조적구조,단독주택,기와,1961
대전광역시 대덕구 대화동 32-19,81.42,벽돌구조,단독주택,(철근)콘크리트,2007-06-08
대전광역시 대덕구 대화동 32-21,78.0,벽돌구조,단독주택,(철근)콘크리트,2000-12-07
대전광역시 대덕구 대화동 32-22,39.67,기타조적구조,단독주택,기와,
대전광역시 대덕구 대화동 32-23,38.7,벽돌구조,단독주택,(철근)콘크리트,1995-04-12
대전광역시 대덕구 대화동 32-27,19.83,기타조적구조,단독주택,기와,1961
대전광역시 대덕구 대화동 32-4,63.19,벽돌구조,단독주택,(철근)콘크리트,1992-10-06
대전광역시 대덕구 대화동 32-5,39.67,기타조적구조,단독주택,기와,
대전광역시 대덕구 대화동 32-6,54.84,벽돌구조,단독주택,(철근)콘크리트,1995-09-18
대전광역시 대덕구 대화동 32-7,63.52,벽돌구조,단독주택,(철근)콘크리트,1994-07-26
대전광역시 대덕구 대화동 32-8,63.52,벽돌구조,단독주택,(철근)콘크리트,1995-12-26
대전광역시 대덕구 대화동 33-10,221.1,철근콘크리트구조,단독주택,(철근)콘크리트,1997-07-22
대전광역시 대덕구 대화동 33-11,84.9,벽돌구조,단독주택,(철근)콘크리트,1995-12-05
대전광역시 대덕구 대화동 33-8,148.12,철근콘크리트구조,단독주택,(철근)콘크리트,1994-10-19
대전광역시 대덕구 대화동 333,26.45,일반목구조,단독주택,기타지붕,1930
대전광역시 대덕구 대화동 336-14,770.38,일반철골구조,공장,기타지붕,2006-12-20
대전광역시 대덕구 대화동 336-2,490.51,철근콘크리트구조,공장,기타지붕,1980-09-24
대전광역시 대덕구 대화동 34,260.64,철근콘크리트구조,공동주택,(철근)콘크리트,2003-04-29
대전광역시 대덕구 대화동 34-13,64.0,블록구조,단독주택,기타지붕,2006-12-13
대전광역시 대덕구 대화동 34-17,99.91,벽돌구조,단독주택,(철근)콘크리트,1984-07-27
대전광역시 대덕구 대화동 34-18,153.26,벽돌구조,단독주택,(철근)콘크리트,1994-06-24
대전광역시 대덕구 대화동 34-19,89.3,벽돌구조,단독주택,(철근)콘크리트,1984-07-27
대전광역시 대덕구 대화동 34-20,82.23,벽돌구조,단독주택,(철근)콘크리트,1984-07-27
대전광역시 대덕구 대화동 34-21,170.0,벽돌구조,단독주택,(철근)콘크리트,1993-09-08
대전광역시 대덕구 대화동 34-30,322.84,철근콘크리트구조,공동주택,(철근)콘크리트,2003-04-25
대전광역시 대덕구 대화동 344-1,595.92,경량철골구조,공장,슬레이트,1985-12-30
대전광역시 대덕구 대화동 347,733.8,경량철골구조,공장,슬레이트,1985-12-30
대전광역시 대덕구 대화동 35,92.4,벽돌구조,단독주택,(철근)콘크리트,1984-06-27
대전광역시 대덕구 대화동 35-10,81.21,벽돌구조,단독주택,(철근)콘크리트,1996-08-16
대전광역시 대덕구 대화동 35-100,96.77,벽돌구조,단독주택,(철근)콘크리트,1991-01-10
대전광역시 대덕구 대화동 35-1045,352.44,철근콘크리트구조,공동주택,(철근)콘크리트,2009-04-17
대전광역시 대덕구 대화동 35-1062,19.83,기타조적구조,단독주택,기와,1961
대전광역시 대덕구 대화동 35-108,365.14,철근콘크리트구조,공동주택,(철근)콘크리트,2014-05-14
대전광역시 대덕구 대화동 35-110,323.56,철근콘크리트구조,공동주택,(철근)콘크리트,2003-04-14
대전광역시 대덕구 대화동 35-1101,19.83,기타조적구조,단독주택,기와,1961
대전광역시 대덕구 대화동 35-1108,43.04,벽돌구조,단독주택,(철근)콘크리트,
대전광역시 대덕구 대화동 35-111,81.0,경량철골구조,단독주택,기타지붕,2013-06-03
대전광역시 대덕구 대화동 35-1112,58.11,블록구조,단독주택,슬레이트,1983-12-27
대전광역시 대덕구 대화동 35-1117,63.35,일반철골구조,제2종근린생활시설,기타지붕,2014-11-18
대전광역시 대덕구 대화동 35-1118,86.27,철근콘크리트구조,단독주택,(철근)콘크리트,2002-06-21
대전광역시 대덕구 대화동 35-112,51.76,벽돌구조,단독주택,(철근)콘크리트,1997-05-22
대전광역시 대덕구 대화동 35-1139,99.96,철근콘크리트구조,단독주택,(철근)콘크리트,2000-12-20
대전광역시 대덕구 대화동 35-114,402.68,철근콘크리트구조,종교시설,(철근)콘크리트,2017-05-17
대전광역시 대덕구 대화동 35-116,350.58500000000004,벽돌구조,단독주택,(철근)콘크리트,1981-04-03
대전광역시 대덕구 대화동 35-1162,112.3,철근콘크리트구조,공동주택,(철근)콘크리트,2003-07-02
대전광역시 대덕구 대화동 35-117,151.15,벽돌구조,제2종근린생활시설,(철근)콘크리트,1980-03-06
대전광역시 대덕구 대화동 35-118,79.86,벽돌구조,제2종근린생활시설,(철근)콘크리트,2000-11-30
대전광역시 대덕구 대화동 35-1185,338.88,철근콘크리트구조,공동주택,(철근)콘크리트,2003-05-01
대전광역시 대덕구 대화동 35-1189,53.6,경량철골구조,단독주택,기타지붕,2004-01-10
대전광역시 대덕구 대화동 35-119,39.07,철근콘크리트구조,단독주택,(철근)콘크리트,2003-07-05
대전광역시 대덕구 대화동 35-1190,209.2,철근콘크리트구조,공동주택,(철근)콘크리트,2005-01-10
대전광역시 대덕구 대화동 35-1198,144.4,경량철골구조,창고시설,기타지붕,2012-03-06
대전광역시 대덕구 대화동 35-120,32.77,블록구조,단독주택,(철근)콘크리트,1998-12-07
대전광역시 대덕구 대화동 35-122,86.65,철근콘크리트구조,단독주택,기타지붕,2000-11-08
대전광역시 대덕구 대화동 35-123,45.42,벽돌구조,단독주택,기와,1972-10-30
대전광역시 대덕구 대화동 35-124,92.62,벽돌구조,단독주택,(철근)콘크리트,1988-07-14
대전광역시 대덕구 대화동 35-126,65.26,철근콘크리트구조,단독주택,(철근)콘크리트,2002-07-30
대전광역시 대덕구 대화동 35-127,59.2,벽돌구조,단독주택,(철근)콘크리트,1993-06-22
대전광역시 대덕구 대화동 35-129,86.3,벽돌구조,단독주택,(철근)콘크리트,1998-04-06
대전광역시 대덕구 대화동 35-130,122.68,벽돌구조,단독주택,(철근)콘크리트,1982-11-06
대전광역시 대덕구 대화동 35-131,123.37,벽돌구조,단독주택,(철근)콘크리트,1981-08-03
대전광역시 대덕구 대화동 35-133,63.96,벽돌구조,단독주택,(철근)콘크리트,1990-10-26
대전광역시 대덕구 대화동 35-134,131.53,철근콘크리트구조,단독주택,(철근)콘크리트,1984-12-15
대전광역시 대덕구 대화동 35-135,171.8,철근콘크리트구조,공동주택,(철근)콘크리트,2003-06-11
대전광역시 대덕구 대화동 35-136,307.8,철근콘크리트구조,공동주택,(철근)콘크리트,2002-08-08
대전광역시 대덕구 대화동 35-138,133.3,철근콘크리트구조,단독주택,(철근)콘크리트,2004-02-21
대전광역시 대덕구 대화동 35-140,220.16,철근콘크리트구조,공동주택,(철근)콘크리트,2003-07-07
대전광역시 대덕구 대화동 35-141,33.39,벽돌구조,단독주택,(철근)콘크리트,2000-05-16
대전광역시 대덕구 대화동 35-142,42.5,블록구조,단독주택,슬레이트,1985-05-25
대전광역시 대덕구 대화동 35-143,55.32,벽돌구조,단독주택,(철근)콘크리트,1992-12-14
대전광역시 대덕구 대화동 35-144,27.3,경량철골구조,단독주택,기타지붕,2004-12-06
대전광역시 대덕구 대화동 35-145,29.87,벽돌구조,단독주택,(철근)콘크리트,2005-07-18
대전광역시 대덕구 대화동 35-147,65.26,벽돌구조,단독주택,(철근)콘크리트,1982-12-30
대전광역시 대덕구 대화동 35-148,159.84,벽돌구조,단독주택,(철근)콘크리트,1985-11-06
대전광역시 대덕구 대화동 35-149,59.77,블록구조,단독주택,슬레이트,1985-05-25
대전광역시 대덕구 대화동 35-15,83.61,벽돌구조,단독주택,(철근)콘크리트,1994-07-04
대전광역시 대덕구 대화동 35-150,95.25,철근콘크리트구조,단독주택,(철근)콘크리트,2010-10-29
대전광역시 대덕구 대화동 35-151,157.35,벽돌구조,단독주택,(철근)콘크리트,1987-08-05
대전광역시 대덕구 대화동 35-154,65.16,철근콘크리트구조,단독주택,(철근)콘크리트,1997-04-25
대전광역시 대덕구 대화동 35-155,54.67,벽돌구조,단독주택,(철근)콘크리트,1997-05-22
대전광역시 대덕구 대화동 35-156,66.06,블록구조,단독주택,기와,1985-04-18
대전광역시 대덕구 대화동 35-157,49.38,기타조적구조,단독주택,기와,1983-06-24
대전광역시 대덕구 대화동 35-158,59.86,벽돌구조,단독주택,(철근)콘크리트,1987-10-30
대전광역시 대덕구 대화동 35-159,34.08,벽돌구조,단독주택,(철근)콘크리트,1983-04-21
대전광역시 대덕구 대화동 35-160,36.69,블록구조,단독주택,슬레이트,1982-12-29
대전광역시 대덕구 대화동 35-161,133.72,블록구조,단독주택,슬레이트,1985-01-31
대전광역시 대덕구 대화동 35-162,215.14,철근콘크리트구조,제2종근린생활시설,(철근)콘크리트,1990-07-20
대전광역시 대덕구 대화동 35-163,83.95,벽돌구조,단독주택,(철근)콘크리트,1988-06-22
대전광역시 대덕구 대화동 35-164,111.71,벽돌구조,단독주택,(철근)콘크리트,1974-05-06
대전광역시 대덕구 대화동 35-165,75.41,블록구조,단독주택,기와,1985-04-18
대전광역시 대덕구 대화동 35-166,80.5,벽돌구조,단독주택,(철근)콘크리트,1996-12-28
대전광역시 대덕구 대화동 35-17,85.98,벽돌구조,단독주택,(철근)콘크리트,1998-03-31
대전광역시 대덕구 대화동 35-172,74.17,벽돌구조,단독주택,(철근)콘크리트,1975-09-17
대전광역시 대덕구 대화동 35-173,64.6,벽돌구조,단독주택,(철근)콘크리트,1985-05-25
대전광역시 대덕구 대화동 35-174,98.56,벽돌구조,단독주택,(철근)콘크리트,1974-07-13
대전광역시 대덕구 대화동 35-175,50.71,블록구조,단독주택,기와,1974-10-30
대전광역시 대덕구 대화동 35-176,89.05,경량철골구조,단독주택,기타지붕,2002-06-04
대전광역시 대덕구 대화동 35-178,327.82,철근콘크리트구조,공동주택,(철근)콘크리트,2004-04-20
대전광역시 대덕구 대화동 35-180,89.64,벽돌구조,단독주택,(철근)콘크리트,1999-08-11
대전광역시 대덕구 대화동 35-183,53.3,기타조적구조,단독주택,슬레이트,1985-05-25
대전광역시 대덕구 대화동 35-185,39.67,벽돌구조,단독주택,기와,
대전광역시 대덕구 대화동 35-186,43.24,기타조적구조,단독주택,슬레이트,1985-05-15
대전광역시 대덕구 대화동 35-189,63.96,벽돌구조,단독주택,(철근)콘크리트,1985-04-18
대전광역시 대덕구 대화동 35-190,44.35,경량철골구조,단독주택,기타지붕,1985-04-18
대전광역시 대덕구 대화동 35-192,67.0,경량철골구조,제2종근린생활시설,(철근)콘크리트,2005-11-11
대전광역시 대덕구 대화동 35-194,77.46,블록구조,단독주택,기와,1972-12-08
대전광역시 대덕구 대화동 35-195,70.11,경량철골구조,단독주택,기타지붕,2005-04-22
대전광역시 대덕구 대화동 35-197,63.665,벽돌구조,단독주택,(철근)콘크리트,1991-06-01
대전광역시 대덕구 대화동 35-198,63.05,벽돌구조,단독주택,(철근)콘크리트,1983-03-07
대전광역시 대덕구 대화동 35-199,181.7,기타조적구조,단독주택,슬레이트,1985-05-25
대전광역시 대덕구 대화동 35-20,180.27,철근콘크리트구조,단독주택,(철근)콘크리트,2003-05-27
대전광역시 대덕구 대화동 35-200,39.67,기타조적구조,단독주택,기와,
대전광역시 대덕구 대화동 35-201,69.36,벽돌구조,단독주택,(철근)콘크리트,1991-06-17
대전광역시 대덕구 대화동 35-202,33.95,기타조적구조,단독주택,기와,1960
대전광역시 대덕구 대화동 35-203,88.75,벽돌구조,단독주택,기와,
대전광역시 대덕구 대화동 35-204,130.0,철근콘크리트구조,제2종근린생활시설,(철근)콘크리트,1991-11-06
대전광역시 대덕구 대화동 35-205,112.50999999999999,벽돌구조,단독주택,(철근)콘크리트,1961
대전광역시 대덕구 대화동 35-209,55.9,철근콘크리트구조,단독주택,(철근)콘크리트,2000-10-24
대전광역시 대덕구 대화동 35-21,83.16,벽돌구조,단독주택,(철근)콘크리트,1990-09-25
대전광역시 대덕구 대화동 35-212,239.76,벽돌구조,공동주택,(철근)콘크리트,1985-05-25
대전광역시 대덕구 대화동 35-213,77.27,벽돌구조,단독주택,기와,1983-03-10
대전광역시 대덕구 대화동 35-214,82.34,벽돌구조,단독주택,(철근)콘크리트,1978-01-30
대전광역시 대덕구 대화동 35-215,142.24,벽돌구조,단독주택,(철근)콘크리트,1977-05-17
대전광역시 대덕구 대화동 35-216,91.84,벽돌구조,단독주택,(철근)콘크리트,1999-06-28
대전광역시 대덕구 대화동 35-218,112.42,일반철골구조,창고시설,기타지붕,2018-06-27
대전광역시 대덕구 대화동 35-220,39.4,벽돌구조,단독주택,기와,1985-05-25
대전광역시 대덕구 대화동 35-221,112.32,벽돌구조,단독주택,(철근)콘크리트,1988-10-07
대전광역시 대덕구 대화동 35-223,108.0,기타조적구조,단독주택,슬레이트,1985-05-15
대전광역시 대덕구 대화동 35-224,82.15,블록구조,단독주택,기와,1985-05-15
대전광역시 대덕구 대화동 35-225,97.16,벽돌구조,단독주택,(철근)콘크리트,1999-08-11
대전광역시 대덕구 대화동 35-226,42.3,철근콘크리트구조,단독주택,(철근)콘크리트,1998-12-09
대전광역시 대덕구 대화동 35-227,83.0,벽돌구조,단독주택,(철근)콘크리트,1986-11-03
대전광역시 대덕구 대화동 35-228,51.73,기타조적구조,단독주택,(철근)콘크리트,1985-02-22
대전광역시 대덕구 대화동 35-231,116.01,벽돌구조,단독주택,기와,1978-11-15
대전광역시 대덕구 대화동 35-232,74.88,블록구조,단독주택,슬레이트,1985-01-31
대전광역시 대덕구 대화동 35-235,39.67,기타조적구조,단독주택,기와,
대전광역시 대덕구 대화동 35-236,117.65,블록구조,단독주택,기와,2001-06-25
대전광역시 대덕구 대화동 35-237,146.33,경량철골구조,단독주택,기타지붕,2000-11-25
대전광역시 대덕구 대화동 35-238,61.5,일반철골구조,단독주택,(철근)콘크리트,2002-10-25
대전광역시 대덕구 대화동 35-239,83.615,철근콘크리트구조,단독주택,기타지붕,2014-04-07
대전광역시 대덕구 대화동 35-240,46.55,블록구조,단독주택,기와,1976-03-31
대전광역시 대덕구 대화동 35-243,174.18,블록구조,단독주택,슬레이트,1978-11-27
대전광역시 대덕구 대화동 35-245,76.4,벽돌구조,단독주택,(철근)콘크리트,1983-05-13
대전광역시 대덕구 대화동 35-247,26.31,블록구조,단독주택,슬레이트,1977-06-03
대전광역시 대덕구 대화동 35-248,335.48,철근콘크리트구조,공동주택,(철근)콘크리트,2004-12-06
대전광역시 대덕구 대화동 35-252,29.98,블록구조,단독주택,기와,1969-05-12
대전광역시 대덕구 대화동 35-253,56.89,벽돌구조,단독주택,기와,1971-05-03
대전광역시 대덕구 대화동 35-254,150.72,벽돌구조,단독주택,(철근)콘크리트,1996-07-16
대전광역시 대덕구 대화동 35-255,204.48,철근콘크리트구조,공동주택,(철근)콘크리트,2005-01-10
대전광역시 대덕구 대화동 35-256,84.6,벽돌구조,단독주택,(철근)콘크리트,1996-02-29
대전광역시 대덕구 대화동 35-257,84.28,블록구조,단독주택,기와,1969-05-12
대전광역시 대덕구 대화동 35-259,125.81,철근콘크리트구조,단독주택,(철근)콘크리트,2005-08-11
대전광역시 대덕구 대화동 35-26,78.75,벽돌구조,단독주택,(철근)콘크리트,1989-05-18
대전광역시 대덕구 대화동 35-260,106.3,블록구조,단독주택,기와,1969-05-12
대전광역시 대덕구 대화동 35-262,214.96,철근콘크리트구조,공동주택,(철근)콘크리트,2002-10-30
대전광역시 대덕구 대화동 35-263,50.54,블록구조,단독주택,기와,1969-05-12
대전광역시 대덕구 대화동 35-264,89.38,벽돌구조,단독주택,(철근)콘크리트,1999-05-13
대전광역시 대덕구 대화동 35-265,131.88,벽돌구조,단독주택,(철근)콘크리트,1994-03-03
대전광역시 대덕구 대화동 35-267,84.65,벽돌구조,단독주택,(철근)콘크리트,1993-12-14
대전광역시 대덕구 대화동 35-268,76.5,벽돌구조,단독주택,(철근)콘크리트,1994-07-04
대전광역시 대덕구 대화동 35-269,106.95,철근콘크리트구조,제2종근린생활시설,(철근)콘크리트,1994-09-23
대전광역시 대덕구 대화동 35-270,42.38,벽돌구조,단독주택,기와,1976-09-12
대전광역시 대덕구 대화동 35-271,42.38,벽돌구조,단독주택,기와,1970-08-27
대전광역시 대덕구 대화동 35-272,145.75,벽돌구조,단독주택,(철근)콘크리트,1985-03-05
대전광역시 대덕구 대화동 35-274,73.16,블록구조,창고시설,슬레이트,1969-12-17
대전광역시 대덕구 대화동 35-275,74.05,벽돌구조,단독주택,(철근)콘크리트,1993-09-11
대전광역시 대덕구 대화동 35-278,29.98,벽돌구조,단독주택,기와,1970
대전광역시 대덕구 대화동 35-279,0.0,벽돌구조,단독주택,기와,1970
대전광역시 대덕구 대화동 35-28,39.67,기타조적구조,단독주택,기와,1961
대전광역시 대덕구 대화동 35-280,371.7,일반철골구조,제2종근린생활시설,기타지붕,2022-09-22
대전광역시 대덕구 대화동 35-281,97.66,벽돌구조,단독주택,(철근)콘크리트,1995-05-16
대전광역시 대덕구 대화동 35-282,84.88,벽돌구조,단독주택,(철근)콘크리트,1997-10-13
대전광역시 대덕구 대화동 35-283,201.1,철근콘크리트구조,단독주택,(철근)콘크리트,2000-06-22
대전광역시 대덕구 대화동 35-284,109.81,철근콘크리트구조,단독주택,(철근)콘크리트,2005-07-29
대전광역시 대덕구 대화동 35-285,93.32,벽돌구조,단독주택,(철근)콘크리트,1979-10-29
대전광역시 대덕구 대화동 35-286,312.22,철근콘크리트구조,공동주택,(철근)콘크리트,2002-05-24
대전광역시 대덕구 대화동 35-287,29.75,벽돌구조,단독주택,기와,1970
대전광역시 대덕구 대화동 35-289,170.16,철근콘크리트구조,단독주택,(철근)콘크리트,1999-09-14
대전광역시 대덕구 대화동 35-29,49.82,블록구조,단독주택,기와,
대전광역시 대덕구 대화동 35-290,29.75,벽돌구조,단독주택,기와,1970
대전광역시 대덕구 대화동 35-291,91.75,벽돌구조,단독주택,(철근)콘크리트,1999-06-11
대전광역시 대덕구 대화동 35-294,77.34,철근콘크리트구조,단독주택,(철근)콘크리트,1999-07-22
대전광역시 대덕구 대화동 35-3,276.57,철근콘크리트구조,단독주택,(철근)콘크리트,2003-04-29
대전광역시 대덕구 대화동 35-30,33.37,벽돌구조,단독주택,(철근)콘크리트,1992-08-18
대전광역시 대덕구 대화동 35-303,52.31,벽돌구조,단독주택,(철근)콘크리트,1992-09-04
대전광역시 대덕구 대화동 35-304,19.83,기타조적구조,단독주택,기와,1961
대전광역시 대덕구 대화동 35-305,40.0,벽돌구조,단독주택,(철근)콘크리트,1995-10-13
대전광역시 대덕구 대화동 35-306,70.49,벽돌구조,단독주택,(철근)콘크리트,1997-12-09
대전광역시 대덕구 대화동 35-307,43.4,벽돌구조,단독주택,(철근)콘크리트,1992-12-12
대전광역시 대덕구 대화동 35-308,30.33,벽돌구조,단독주택,(철근)콘크리트,1997-07-04
대전광역시 대덕구 대화동 35-31,34.3,벽돌구조,단독주택,(철근)콘크리트,1994-12-07
대전광역시 대덕구 대화동 35-311,19.83,기타조적구조,단독주택,기와,1961
대전광역시 대덕구 대화동 35-316,86.15,벽돌구조,단독주택,(철근)콘크리트,2001-10-31
대전광역시 대덕구 대화동 35-32,68.74,벽돌구조,단독주택,(철근)콘크리트,1995-12-04
대전광역시 대덕구 대화동 35-322,19.83,기타조적구조,단독주택,기와,1961
대전광역시 대덕구 대화동 35-323,19.83,기타조적구조,단독주택,기와,
대전광역시 대덕구 대화동 35-324,19.83,기타조적구조,단독주택,기와,1961
대전광역시 대덕구 대화동 35-326,19.83,기타조적구조,단독주택,기와,1961
대전광역시 대덕구 대화동 35-327,19.83,기타조적구조,단독주택,기와,1961
대전광역시 대덕구 대화동 35-329,73.15,벽돌구조,단독주택,(철근)콘크리트,1992-09-17
대전광역시 대덕구 대화동 35-33,92.73,블록구조,단독주택,슬레이트,1976-12-30
대전광역시 대덕구 대화동 35-333,265.14,철근콘크리트구조,공동주택,(철근)콘크리트,2008-08-28
대전광역시 대덕구 대화동 35-334,168.48,철근콘크리트구조,노유자시설,(철근)콘크리트,2000-05-08
대전광역시 대덕구 대화동 35-336,36.84,기타조적구조,단독주택,기와,1985-06-20
대전광역시 대덕구 대화동 35-338,15.0,벽돌구조,단독주택,기와,1985-06-20
대전광역시 대덕구 대화동 35-343,39.67,기타조적구조,단독주택,기와,1961
대전광역시 대덕구 대화동 35-344,53.78,벽돌구조,단독주택,(철근)콘크리트,2000-06-05
대전광역시 대덕구 대화동 35-345,22.4,블록구조,단독주택,슬레이트,1985-05-15
대전광역시 대덕구 대화동 35-347,49.82,벽돌구조,단독주택,(철근)콘크리트,1998-04-20
대전광역시 대덕구 대화동 35-348,19.83,기타조적구조,단독주택,기와,1961
대전광역시 대덕구 대화동 35-350,100.97,철근콘크리트구조,제2종근린생활시설,(철근)콘크리트,2012-07-24
대전광역시 대덕구 대화동 35-351,42.03,기타조적구조,단독주택,기와,1961
대전광역시 대덕구 대화동 35-353,84.67,벽돌구조,단독주택,(철근)콘크리트,2000-05-24
대전광역시 대덕구 대화동 35-356,322.84,철근콘크리트구조,공동주택,(철근)콘크리트,2003-04-25
대전광역시 대덕구 대화동 35-358,106.97,벽돌구조,단독주택,슬레이트,1980-08-06
대전광역시 대덕구 대화동 35-359,282.18,철근콘크리트구조,공동주택,(철근)콘크리트,2005-02-02
대전광역시 대덕구 대화동 35-360,53.39,벽돌구조,단독주택,(철근)콘크리트,1994-08-05
대전광역시 대덕구 대화동 35-363,95.7,일반목구조,단독주택,기타지붕,2003-08-27
대전광역시 대덕구 대화동 35-364,112.2,벽돌구조,단독주택,(철근)콘크리트,1996-12-18
대전광역시 대덕구 대화동 35-365,154.82,철근콘크리트구조,공동주택,(철근)콘크리트,2006-04-26
대전광역시 대덕구 대화동 35-366,29.98,블록구조,단독주택,기와,1969-05-12
대전광역시 대덕구 대화동 35-367,102.88,철근콘크리트구조,단독주택,(철근)콘크리트,2000-07-21
대전광역시 대덕구 대화동 35-368,238.72,벽돌구조,단독주택,(철근)콘크리트,1999-11-24
대전광역시 대덕구 대화동 35-369,77.33,철근콘크리트구조,단독주택,(철근)콘크리트,2017-08-28
대전광역시 대덕구 대화동 35-37,19.83,벽돌구조,단독주택,기와,
대전광역시 대덕구 대화동 35-371,65.22,블록구조,단독주택,기와,1973-04-02
대전광역시 대덕구 대화동 35-372,80.09,블록구조,단독주택,기와,1969-05-12
대전광역시 대덕구 대화동 35-373,29.98,블록구조,단독주택,기와,1969-05-12
대전광역시 대덕구 대화동 35-374,146.64,벽돌구조,단독주택,(철근)콘크리트,1994-06-30
대전광역시 대덕구 대화동 35-375,108.52,철근콘크리트구조,단독주택,(철근)콘크리트,1997-05-02
대전광역시 대덕구 대화동 35-376,95.55,벽돌구조,단독주택,(철근)콘크리트,1995-07-13
대전광역시 대덕구 대화동 35-378,88.65,벽돌구조,단독주택,(철근)콘크리트,1970
대전광역시 대덕구 대화동 35-379,87.64,벽돌구조,단독주택,(철근)콘크리트,2000-04-01
대전광역시 대덕구 대화동 35-380,100.59,벽돌구조,단독주택,(철근)콘크리트,2002-07-08
대전광역시 대덕구 대화동 35-382,29.75,벽돌구조,단독주택,기와,1970
대전광역시 대덕구 대화동 35-384,151.32,벽돌구조,단독주택,(철근)콘크리트,1996-07-16
대전광역시 대덕구 대화동 35-385,74.34,벽돌구조,단독주택,(철근)콘크리트,1994-01-04
대전광역시 대덕구 대화동 35-386,59.38,블록구조,단독주택,기와,1969-05-12
대전광역시 대덕구 대화동 35-387,88.79,철근콘크리트구조,단독주택,(철근)콘크리트,2000-01-06
대전광역시 대덕구 대화동 35-388,29.98,블록구조,단독주택,기와,1969-05-12
대전광역시 대덕구 대화동 35-389,253.2,프리케스트콘크리트구조,공동주택,(철근)콘크리트,1993-06-16
대전광역시 대덕구 대화동 35-390,256.56,철근콘크리트구조,공동주택,(철근)콘크리트,1993-06-18
대전광역시 대덕구 대화동 35-392,47.88,벽돌구조,단독주택,슬레이트,1985-04-18
대전광역시 대덕구 대화동 35-393,84.96,철근콘크리트구조,단독주택,(철근)콘크리트,2000-06-01
대전광역시 대덕구 대화동 35-399,60.24,철근콘크리트구조,단독주택,(철근)콘크리트,2002-03-12
대전광역시 대덕구 대화동 35-401,75.24,경량철골구조,단독주택,기타지붕,2010-01-22
대전광역시 대덕구 대화동 35-402,73.02,블록구조,단독주택,기와,1968
대전광역시 대덕구 대화동 35-404,91.08,벽돌구조,단독주택,(철근)콘크리트,1993-03-25
대전광역시 대덕구 대화동 35-405,282.56,철근콘크리트구조,공동주택,(철근)콘크리트,2005-09-13
대전광역시 대덕구 대화동 35-406,29.98,블록구조,단독주택,기와,1969-05-12
대전광역시 대덕구 대화동 35-407,67.58,블록구조,단독주택,기와,1969-05-12
대전광역시 대덕구 대화동 35-408,151.2,철근콘크리트구조,단독주택,(철근)콘크리트,2017-05-19
대전광역시 대덕구 대화동 35-409,29.7,벽돌구조,단독주택,기와,1970
대전광역시 대덕구 대화동 35-410,89.04,벽돌구조,단독주택,(철근)콘크리트,
대전광역시 대덕구 대화동 35-411,268.42,철근콘크리트구조,공동주택,(철근)콘크리트,2004-05-21
대전광역시 대덕구 대화동 35-413,64.26,벽돌구조,단독주택,기와,1983-02-11
대전광역시 대덕구 대화동 35-414,29.75,벽돌구조,단독주택,기와,1970
대전광역시 대덕구 대화동 35-420,19.83,기타조적구조,단독주택,기와,1961
대전광역시 대덕구 대화동 35-421,39.0,벽돌구조,단독주택,(철근)콘크리트,1993-05-20
대전광역시 대덕구 대화동 35-422,72.87,벽돌구조,단독주택,(철근)콘크리트,1994-11-14
대전광역시 대덕구 대화동 35-427,83.85,블록구조,단독주택,슬레이트,1972-10-31
대전광역시 대덕구 대화동 35-428,71.63,벽돌구조,단독주택,슬레이트,1982-12-14
대전광역시 대덕구 대화동 35-429,306.02,철근콘크리트구조,공동주택,(철근)콘크리트,2003-06-03
대전광역시 대덕구 대화동 35-431,81.38,철근콘크리트구조,단독주택,(철근)콘크리트,1996-07-13
대전광역시 대덕구 대화동 35-432,248.66,철근콘크리트구조,공동주택,(철근)콘크리트,2003-12-19
대전광역시 대덕구 대화동 35-44,43.87,벽돌구조,단독주택,기와,1971-01-20
대전광역시 대덕구 대화동 35-441,62.3,블록구조,단독주택,기와,1973
대전광역시 대덕구 대화동 35-442,43.41,블록구조,단독주택,기와,1972-12-16
대전광역시 대덕구 대화동 35-444,50.37,기타조적구조,단독주택,슬레이트,1985-05-25
대전광역시 대덕구 대화동 35-445,212.1,철근콘크리트구조,공동주택,(철근)콘크리트,2003-10-14
대전광역시 대덕구 대화동 35-447,71.1,벽돌구조,단독주택,(철근)콘크리트,1997-02-21
대전광역시 대덕구 대화동 35-448,19.83,기타조적구조,단독주택,기와,1961
대전광역시 대덕구 대화동 35-449,35.64,벽돌구조,단독주택,(철근)콘크리트,1997-05-26
대전광역시 대덕구 대화동 35-45,83.4,벽돌구조,단독주택,(철근)콘크리트,1999-07-06
대전광역시 대덕구 대화동 35-450,63.69,벽돌구조,단독주택,(철근)콘크리트,1994-05-07
대전광역시 대덕구 대화동 35-452,48.3,철근콘크리트구조,단독주택,(철근)콘크리트,2002-07-30
대전광역시 대덕구 대화동 35-455,220.94,철근콘크리트구조,공동주택,(철근)콘크리트,2002-01-11
대전광역시 대덕구 대화동 35-456,44.48,벽돌구조,단독주택,슬레이트,1985-06-29
대전광역시 대덕구 대화동 35-461,52.24,벽돌구조,단독주택,(철근)콘크리트,1983-03-31
대전광역시 대덕구 대화동 35-464,97.78,철근콘크리트구조,제2종근린생활시설,(철근)콘크리트,1993-06-23
대전광역시 대덕구 대화동 35-466,147.52,벽돌구조,단독주택,(철근)콘크리트,1979-08-03
대전광역시 대덕구 대화동 35-467,69.19,벽돌구조,단독주택,(철근)콘크리트,1977-07-03
대전광역시 대덕구 대화동 35-468,72.52,벽돌구조,단독주택,(철근)콘크리트,1982-06-16
대전광역시 대덕구 대화동 35-469,66.81,벽돌구조,단독주택,(철근)콘크리트,1984-12-21
대전광역시 대덕구 대화동 35-47,107.16,벽돌구조,단독주택,(철근)콘크리트,1996-06-24
대전광역시 대덕구 대화동 35-470,75.81,벽돌구조,단독주택,(철근)콘크리트,1991-12-23
대전광역시 대덕구 대화동 35-472,380.70000000000005,벽돌구조,단독주택,(철근)콘크리트,1981-07-30
대전광역시 대덕구 대화동 35-473,196.8,일반철골구조,제2종근린생활시설,(철근)콘크리트,2006-05-09
대전광역시 대덕구 대화동 35-474,400.25,벽돌구조,단독주택,(철근)콘크리트,1980-08-14
대전광역시 대덕구 대화동 35-476,99.07,벽돌구조,단독주택,(철근)콘크리트,1978-08-03
대전광역시 대덕구 대화동 35-477,92.19,벽돌구조,단독주택,(철근)콘크리트,1993-02-25
대전광역시 대덕구 대화동 35-478,75.03,벽돌구조,단독주택,(철근)콘크리트,1978-03-01
대전광역시 대덕구 대화동 35-479,304.4,벽돌구조,공동주택,(철근)콘크리트,1990-06-09
대전광역시 대덕구 대화동 35-48,13.22,일반목구조,단독주택,기와,
대전광역시 대덕구 대화동 35-480,160.47,벽돌구조,단독주택,(철근)콘크리트,1984-06-13
대전광역시 대덕구 대화동 35-481,141.68,벽돌구조,단독주택,(철근)콘크리트,1985-08-02
대전광역시 대덕구 대화동 35-482,72.72,벽돌구조,단독주택,(철근)콘크리트,1978-07-04
대전광역시 대덕구 대화동 35-483,95.94,벽돌구조,단독주택,(철근)콘크리트,1991-12-30
대전광역시 대덕구 대화동 35-486,68.78,벽돌구조,단독주택,(철근)콘크리트,1988-06-21
대전광역시 대덕구 대화동 35-487,75.05,벽돌구조,단독주택,(철근)콘크리트,1989-01-16
대전광역시 대덕구 대화동 35-488,132.78,벽돌구조,단독주택,(철근)콘크리트,1992-12-30
대전광역시 대덕구 대화동 35-489,163.6,벽돌구조,단독주택,(철근)콘크리트,1978-12-26
대전광역시 대덕구 대화동 35-49,13.22,기타조적구조,단독주택,기와,1961
대전광역시 대덕구 대화동 35-490,131.28,블록구조,단독주택,슬레이트,1980-12-10
대전광역시 대덕구 대화동 35-491,204.0,블록구조,제2종근린생활시설,슬레이트,1980-05-01
대전광역시 대덕구 대화동 35-492,156.6,경량철골구조,제2종근린생활시설,기타지붕,1986-04-25
대전광역시 대덕구 대화동 35-495,1721.54,벽돌구조,공동주택,(철근)콘크리트,1983-07-14
대전광역시 대덕구 대화동 35-497,123.48,벽돌구조,단독주택,(철근)콘크리트,1989-10-23
대전광역시 대덕구 대화동 35-500,86.04,벽돌구조,단독주택,(철근)콘크리트,1979-09-22
대전광역시 대덕구 대화동 35-501,92.34,벽돌구조,단독주택,(철근)콘크리트,1979-12-26
대전광역시 대덕구 대화동 35-505,39.67,벽돌구조,단독주택,기와,1972
대전광역시 대덕구 대화동 35-506,39.67,벽돌구조,단독주택,기와,1972
대전광역시 대덕구 대화동 35-507,64.8,경량철골구조,단독주택,(철근)콘크리트,2000-03-06
대전광역시 대덕구 대화동 35-508,39.67,벽돌구조,단독주택,기와,1972
대전광역시 대덕구 대화동 35-509,51.51,벽돌구조,단독주택,(철근)콘크리트,1983-03-10
대전광역시 대덕구 대화동 35-51,90.0,경량철골구조,단독주택,기타지붕,1996-10-21
대전광역시 대덕구 대화동 35-510,58.81,철근콘크리트구조,단독주택,(철근)콘크리트,2003-11-18
대전광역시 대덕구 대화동 35-511,39.67,벽돌구조,단독주택,기와,1972
대전광역시 대덕구 대화동 35-512,39.67,벽돌구조,단독주택,기와,1972
대전광역시 대덕구 대화동 35-513,87.43,벽돌구조,단독주택,(철근)콘크리트,1985-06-29
대전광역시 대덕구 대화동 35-515,93.24,벽돌구조,단독주택,(철근)콘크리트,1984-10-26
대전광역시 대덕구 대화동 35-516,120.92,철근콘크리트구조,단독주택,(철근)콘크리트,2005-12-07
대전광역시 대덕구 대화동 35-517,68.23,벽돌구조,단독주택,기와,1972
대전광역시 대덕구 대화동 35-518,39.67,벽돌구조,단독주택,기와,1972
대전광역시 대덕구 대화동 35-519,45.72,벽돌구조,단독주택,기와,1972
대전광역시 대덕구 대화동 35-520,39.67,벽돌구조,단독주택,기와,1972
대전광역시 대덕구 대화동 35-521,135.0,벽돌구조,단독주택,(철근)콘크리트,1994-09-09
대전광역시 대덕구 대화동 35-522,48.95,벽돌구조,단독주택,(철근)콘크리트,1972
대전광역시 대덕구 대화동 35-523,39.67,벽돌구조,단독주택,기와,1970
대전광역시 대덕구 대화동 35-524,59.37,블록구조,단독주택,슬레이트,1982-06-08
대전광역시 대덕구 대화동 35-525,68.53,벽돌구조,단독주택,기와,1972
대전광역시 대덕구 대화동 35-526,50.4,벽돌구조,단독주택,기와,1972
대전광역시 대덕구 대화동 35-527,47.67,벽돌구조,단독주택,(철근)콘크리트,1983-09-30
대전광역시 대덕구 대화동 35-528,39.67,벽돌구조,단독주택,기와,
대전광역시 대덕구 대화동 35-529,39.67,벽돌구조,단독주택,기와,1972
대전광역시 대덕구 대화동 35-53,93.6,블록구조,단독주택,슬레이트,1983-11-02
대전광역시 대덕구 대화동 35-530,55.63,벽돌구조,단독주택,기와,1985-05-25
대전광역시 대덕구 대화동 35-531,92.44,벽돌구조,단독주택,기와,1985-05-25
대전광역시 대덕구 대화동 35-534,39.67,벽돌구조,단독주택,기와,1972
대전광역시 대덕구 대화동 35-535,52.57,벽돌구조,단독주택,기와,1985-06-20
대전광역시 대덕구 대화동 35-536,51.01,벽돌구조,단독주택,기와,1972
대전광역시 대덕구 대화동 35-537,111.47,블록구조,단독주택,기와,1985-05-25
대전광역시 대덕구 대화동 35-538,39.67,벽돌구조,단독주택,기와,1972
대전광역시 대덕구 대화동 35-539,92.19,벽돌구조,단독주택,(철근)콘크리트,1982-09-15
대전광역시 대덕구 대화동 35-543,64.45,벽돌구조,단독주택,(철근)콘크리트,1981-09-24
대전광역시 대덕구 대화동 35-544,78.45,벽돌구조,단독주택,(철근)콘크리트,2002-07-30
대전광역시 대덕구 대화동 35-547,94.44,벽돌구조,단독주택,(철근)콘크리트,2000-10-31
대전광역시 대덕구 대화동 35-550,90.17,벽돌구조,단독주택,기와,1971-05-03
대전광역시 대덕구 대화동 35-551,29.75,벽돌구조,단독주택,(철근)콘크리트,1970
대전광역시 대덕구 대화동 35-555,19.83,기타조적구조,단독주택,기와,1961
대전광역시 대덕구 대화동 35-557,86.42,벽돌구조,단독주택,(철근)콘크리트,2000-02-08
대전광역시 대덕구 대화동 35-558,69.11,기타조적구조,단독주택,기와,1961
대전광역시 대덕구 대화동 35-559,68.69,벽돌구조,단독주택,(철근)콘크리트,1992-06-25
대전광역시 대덕구 대화동 35-560,34.72,벽돌구조,단독주택,(철근)콘크리트,1983-09-30
대전광역시 대덕구 대화동 35-561,39.67,기타조적구조,단독주택,기와,1961
대전광역시 대덕구 대화동 35-562,19.83,기타조적구조,단독주택,기와,1960
대전광역시 대덕구 대화동 35-563,68.42,기타조적구조,단독주택,(철근)콘크리트,1985-05-15
대전광역시 대덕구 대화동 35-564,50.68,기타조적구조,단독주택,기와,1969
대전광역시 대덕구 대화동 35-565,19.83,기타조적구조,단독주택,기와,1961
대전광역시 대덕구 대화동 35-568,80.01,경량철골구조,단독주택,기타지붕,2006-09-27
대전광역시 대덕구 대화동 35-569,38.75,벽돌구조,단독주택,(철근)콘크리트,1984-12-27
대전광역시 대덕구 대화동 35-571,59.46,기타조적구조,단독주택,기와,1985-05-25
대전광역시 대덕구 대화동 35-572,39.58,기타조적구조,단독주택,슬레이트,1985-05-25
대전광역시 대덕구 대화동 35-573,77.03,일반목구조,단독주택,슬레이트,1985-05-15
대전광역시 대덕구 대화동 35-574,34.2,블록구조,단독주택,슬레이트,1985-05-15
대전광역시 대덕구 대화동 35-575,79.84,벽돌구조,단독주택,(철근)콘크리트,1997-04-22
대전광역시 대덕구 대화동 35-576,19.83,벽돌구조,단독주택,(철근)콘크리트,1961
대전광역시 대덕구 대화동 35-58,54.75,벽돌구조,단독주택,(철근)콘크리트,1996-10-19
대전광역시 대덕구 대화동 35-580,79.7,벽돌구조,단독주택,(철근)콘크리트,1999-06-28
대전광역시 대덕구 대화동 35-581,88.92,철근콘크리트구조,단독주택,(철근)콘크리트,1997-04-22
대전광역시 대덕구 대화동 35-582,88.53,벽돌구조,단독주택,(철근)콘크리트,1995-05-13
대전광역시 대덕구 대화동 35-583,77.55,벽돌구조,단독주택,(철근)콘크리트,1998-10-21
대전광역시 대덕구 대화동 35-589,53.41,벽돌구조,단독주택,(철근)콘크리트,1999-06-28
대전광역시 대덕구 대화동 35-590,78.07,벽돌구조,단독주택,(철근)콘크리트,1999-06-28
대전광역시 대덕구 대화동 35-591,81.65,블록구조,단독주택,기와,1976-08-05
대전광역시 대덕구 대화동 35-594,66.64,블록구조,단독주택,(철근)콘크리트,1985-04-18
대전광역시 대덕구 대화동 35-598,79.41,벽돌구조,단독주택,(철근)콘크리트,1980-12-17
대전광역시 대덕구 대화동 35-60,75.16,벽돌구조,단독주택,(철근)콘크리트,1996-12-11
대전광역시 대덕구 대화동 35-604,122.21,철근콘크리트구조,제2종근린생활시설,(철근)콘크리트,2023-03-06
대전광역시 대덕구 대화동 35-606,72.65,벽돌구조,단독주택,(철근)콘크리트,1978-07-04
대전광역시 대덕구 대화동 35-607,88.57,벽돌구조,단독주택,(철근)콘크리트,1979-05-15
대전광역시 대덕구 대화동 35-612,273.96,철근콘크리트구조,공동주택,(철근)콘크리트,2002-06-10
대전광역시 대덕구 대화동 35-614,52.99,블록구조,단독주택,슬레이트,1978-11-16
대전광역시 대덕구 대화동 35-615,82.08,벽돌구조,단독주택,(철근)콘크리트,1978-12-22
대전광역시 대덕구 대화동 35-617,85.82,벽돌구조,단독주택,(철근)콘크리트,1985-06-29
대전광역시 대덕구 대화동 35-618,44.79,벽돌구조,단독주택,슬레이트,1977-01-10
대전광역시 대덕구 대화동 35-619,91.21,벽돌구조,단독주택,(철근)콘크리트,1979-05-15
대전광역시 대덕구 대화동 35-620,107.04,경량철골구조,노유자시설,기타지붕,1995-03-04
대전광역시 대덕구 대화동 35-621,115.47,벽돌구조,단독주택,(철근)콘크리트,1979-04-02
대전광역시 대덕구 대화동 35-622,77.65,벽돌구조,단독주택,(철근)콘크리트,1979-09-22
대전광역시 대덕구 대화동 35-623,99.8,경량철골구조,제2종근린생활시설,기타지붕,2003-09-23
대전광역시 대덕구 대화동 35-626,90.0,벽돌구조,단독주택,(철근)콘크리트,2000-09-08
대전광역시 대덕구 대화동 35-628,114.64,벽돌구조,단독주택,(철근)콘크리트,1981-04-25
대전광역시 대덕구 대화동 35-63,66.74,벽돌구조,단독주택,(철근)콘크리트,1995-06-13
대전광역시 대덕구 대화동 35-630,122.26,벽돌구조,단독주택,(철근)콘크리트,1981-04-25
대전광역시 대덕구 대화동 35-631,139.8,벽돌구조,단독주택,(철근)콘크리트,1981-04-25
대전광역시 대덕구 대화동 35-632,274.04,벽돌구조,공동주택,(철근)콘크리트,1981-04-25
대전광역시 대덕구 대화동 35-633,137.23,벽돌구조,단독주택,(철근)콘크리트,1981-04-25
대전광역시 대덕구 대화동 35-634,136.66,벽돌구조,단독주택,(철근)콘크리트,1981-04-25
대전광역시 대덕구 대화동 35-635,67.7,벽돌구조,단독주택,(철근)콘크리트,1981-04-25
대전광역시 대덕구 대화동 35-638,139.97,벽돌구조,단독주택,(철근)콘크리트,1995-05-04
대전광역시 대덕구 대화동 35-639,82.71,벽돌구조,단독주택,(철근)콘크리트,1981
대전광역시 대덕구 대화동 35-64,19.83,벽돌구조,단독주택,기와,1961
대전광역시 대덕구 대화동 35-640,98.65,벽돌구조,단독주택,(철근)콘크리트,1988-11-07
대전광역시 대덕구 대화동 35-641,105.55,벽돌구조,단독주택,(철근)콘크리트,1982-06-30
대전광역시 대덕구 대화동 35-642,240.12,벽돌구조,공동주택,(철근)콘크리트,1988-02-20
대전광역시 대덕구 대화동 35-645,129.06,벽돌구조,단독주택,(철근)콘크리트,1989-07-07
대전광역시 대덕구 대화동 35-651,81.83,벽돌구조,단독주택,(철근)콘크리트,1986-08-19
대전광역시 대덕구 대화동 35-655,75.27,벽돌구조,단독주택,(철근)콘크리트,1989-08-07
대전광역시 대덕구 대화동 35-662,65.71,벽돌구조,단독주택,(철근)콘크리트,1989-03-10
대전광역시 대덕구 대화동 35-664,76.2,벽돌구조,단독주택,(철근)콘크리트,1989-01-16
대전광역시 대덕구 대화동 35-666,74.95,벽돌구조,단독주택,(철근)콘크리트,1988-07-25
대전광역시 대덕구 대화동 35-669,84.76,벽돌구조,단독주택,(철근)콘크리트,1984-06-13
대전광역시 대덕구 대화동 35-67,19.83,기타조적구조,단독주택,기와,1961
대전광역시 대덕구 대화동 35-670,76.4,벽돌구조,단독주택,(철근)콘크리트,1989-01-16
대전광역시 대덕구 대화동 35-671,68.32,벽돌구조,단독주택,(철근)콘크리트,1989-01-16
대전광역시 대덕구 대화동 35-673,68.14,벽돌구조,단독주택,(철근)콘크리트,1989-10-26
대전광역시 대덕구 대화동 35-674,76.34,벽돌구조,단독주택,(철근)콘크리트,1989-04-27
대전광역시 대덕구 대화동 35-675,71.81,벽돌구조,단독주택,(철근)콘크리트,1988-12-28
대전광역시 대덕구 대화동 35-676,83.9,벽돌구조,단독주택,(철근)콘크리트,1994-06-10
대전광역시 대덕구 대화동 35-677,106.4,벽돌구조,단독주택,(철근)콘크리트,1988-10-26
대전광역시 대덕구 대화동 35-678,73.4,벽돌구조,단독주택,(철근)콘크리트,1983-09-07
대전광역시 대덕구 대화동 35-679,75.79,벽돌구조,단독주택,(철근)콘크리트,1993-12-02
대전광역시 대덕구 대화동 35-68,19.83,기타조적구조,단독주택,기와,1961
대전광역시 대덕구 대화동 35-680,121.25,경량철골구조,단독주택,기타지붕,2000-10-28
대전광역시 대덕구 대화동 35-682,58.15,벽돌구조,단독주택,(철근)콘크리트,1990-06-18
대전광역시 대덕구 대화동 35-684,71.01,벽돌구조,단독주택,(철근)콘크리트,1990-11-12
대전광역시 대덕구 대화동 35-685,84.75,벽돌구조,단독주택,(철근)콘크리트,1986-09-13
대전광역시 대덕구 대화동 35-686,306.34,철근콘크리트구조,공동주택,(철근)콘크리트,2002-12-10
대전광역시 대덕구 대화동 35-688,39.9,블록구조,단독주택,슬레이트,1985-06-29
대전광역시 대덕구 대화동 35-690,71.37,벽돌구조,단독주택,기와,1985-06-29
대전광역시 대덕구 대화동 35-692,88.92,벽돌구조,단독주택,(철근)콘크리트,1990-12-29
대전광역시 대덕구 대화동 35-694,66.85,벽돌구조,단독주택,(철근)콘크리트,1986-08-30
대전광역시 대덕구 대화동 35-695,40.12,벽돌구조,단독주택,(철근)콘크리트,2002-05-13
대전광역시 대덕구 대화동 35-697,84.53,벽돌구조,단독주택,(철근)콘크리트,1991-05-28
대전광역시 대덕구 대화동 35-70,101.66,벽돌구조,단독주택,(철근)콘크리트,1996-06-10
대전광역시 대덕구 대화동 35-701,91.97,벽돌구조,단독주택,(철근)콘크리트,1993-11-24
대전광역시 대덕구 대화동 35-707,48.63,벽돌구조,단독주택,(철근)콘크리트,1998-04-30
대전광역시 대덕구 대화동 35-719,348.08,철근콘크리트구조,공동주택,(철근)콘크리트,2002-10-10
대전광역시 대덕구 대화동 35-72,19.8,기타조적구조,단독주택,기와,1961
대전광역시 대덕구 대화동 35-720,78.22,벽돌구조,단독주택,(철근)콘크리트,1993-12-21
대전광역시 대덕구 대화동 35-721,13.2,기타조적구조,단독주택,기와,1961
대전광역시 대덕구 대화동 35-722,77.33,벽돌구조,단독주택,(철근)콘크리트,1991-12-30
대전광역시 대덕구 대화동 35-723,79.27,벽돌구조,단독주택,(철근)콘크리트,1991-12-30
대전광역시 대덕구 대화동 35-730,43.45,블록구조,단독주택,기타지붕,1985-05-25
대전광역시 대덕구 대화동 35-733,44.76,블록구조,단독주택,슬레이트,1969-12-20
대전광역시 대덕구 대화동 35-736,54.11,벽돌구조,단독주택,(철근)콘크리트,1983-07-22
대전광역시 대덕구 대화동 35-739,160.7,일반철골구조,창고시설,기타지붕,2014-01-03
대전광역시 대덕구 대화동 35-74,77.98,벽돌구조,단독주택,(철근)콘크리트,1993-04-30
대전광역시 대덕구 대화동 35-741,436.9,철근콘크리트구조,공동주택,(철근)콘크리트,1998-02-26
대전광역시 대덕구 대화동 35-742,73.92,블록구조,단독주택,슬레이트,1985-05-25
대전광역시 대덕구 대화동 35-743,101.196,벽돌구조,단독주택,(철근)콘크리트,1993-12-08
대전광역시 대덕구 대화동 35-754,156.36,블록구조,단독주택,슬레이트,1985-05-25
대전광역시 대덕구 대화동 35-763,78.74,벽돌구조,단독주택,(철근)콘크리트,1997-11-26
대전광역시 대덕구 대화동 35-79,49.2,벽돌구조,단독주택,슬레이트,1985-06-29
대전광역시 대덕구 대화동 35-84,19.83,기타조적구조,단독주택,기와,1961
대전광역시 대덕구 대화동 35-854,53.16,벽돌구조,단독주택,기와,1975-07-29
대전광역시 대덕구 대화동 35-857,48.94,벽돌구조,단독주택,(철근)콘크리트,1994-11-14
대전광역시 대덕구 대화동 35-868,86.35,벽돌구조,단독주택,(철근)콘크리트,1995-06-15
대전광역시 대덕구 대화동 35-88,39.67,기타조적구조,단독주택,기와,1961
대전광역시 대덕구 대화동 35-9,89.75999999999999,블록구조,단독주택,슬레이트,1985-05-25
대전광역시 대덕구 대화동 35-90,84.86,벽돌구조,단독주택,(철근)콘크리트,1996-07-22
대전광역시 대덕구 대화동 35-91,235.24,철근콘크리트구조,단독주택,(철근)콘크리트,1998-07-27
대전광역시 대덕구 대화동 35-931,107.95,벽돌구조,단독주택,(철근)콘크리트,1996-09-15
대전광역시 대덕구 대화동 35-942,213.36,철근콘크리트구조,단독주택,(철근)콘크리트,1998-09-21
대전광역시 대덕구 대화동 35-947,91.55,벽돌구조,단독주택,(철근)콘크리트,1993-02-25
대전광역시 대덕구 대화동 35-950,76.55,벽돌구조,단독주택,(철근)콘크리트,1979-09-22
대전광역시 대덕구 대화동 35-96,119.84,벽돌구조,단독주택,슬레이트,1978-05-21
대전광역시 대덕구 대화동 350,1727.29,철근콘크리트구조,공장,기타지붕,1983-12-13
대전광역시 대덕구 대화동 351,3022.77,일반철골구조,창고시설,기타지붕,1992-07-06
대전광역시 대덕구 대화동 357-1,2058.65,일반철골구조,공장,슬레이트,2001-04-06
대전광역시 대덕구 대화동 36,138.85,벽돌구조,단독주택,(철근)콘크리트,1982-03-12
대전광역시 대덕구 대화동 36-1,76.66,벽돌구조,단독주택,(철근)콘크리트,1977-06-04
대전광역시 대덕구 대화동 36-15,199.96,벽돌구조,단독주택,(철근)콘크리트,1982-12-04
대전광역시 대덕구 대화동 36-20,277.6,벽돌구조,공동주택,(철근)콘크리트,1984-09-18
대전광역시 대덕구 대화동 36-21,304.48,벽돌구조,공동주택,(철근)콘크리트,1984-09-18
대전광역시 대덕구 대화동 36-22,449.28,벽돌구조,공동주택,(철근)콘크리트,1984-09-19
대전광역시 대덕구 대화동 36-24,315.42,벽돌구조,공동주택,(철근)콘크리트,1984-09-18
대전광역시 대덕구 대화동 36-25,358.72,벽돌구조,공동주택,(철근)콘크리트,1983-03-29
대전광역시 대덕구 대화동 36-26,323.1,벽돌구조,공동주택,(철근)콘크리트,1984-03-19
대전광역시 대덕구 대화동 36-29,132.0,철근콘크리트구조,제2종근린생활시설,(철근)콘크리트,1984-12-04
대전광역시 대덕구 대화동 36-30,127.38,벽돌구조,단독주택,(철근)콘크리트,1984-07-25
대전광역시 대덕구 대화동 36-31,120.74,벽돌구조,숙박시설,(철근)콘크리트,1984-07-26
대전광역시 대덕구 대화동 36-32,118.35,벽돌구조,단독주택,(철근)콘크리트,1984-08-04
대전광역시 대덕구 대화동 36-33,193.49,벽돌구조,단독주택,(철근)콘크리트,1985-06-26
대전광역시 대덕구 대화동 36-34,123.585,벽돌구조,단독주택,(철근)콘크리트,1984-07-23
대전광역시 대덕구 대화동 36-38,209.65,철근콘크리트구조,단독주택,(철근)콘크리트,2006-06-09
대전광역시 대덕구 대화동 36-4,164.98,벽돌구조,단독주택,(철근)콘크리트,1986-07-21
대전광역시 대덕구 대화동 36-5,96.56,벽돌구조,단독주택,기와,1970-11-25
대전광역시 대덕구 대화동 36-6,119.07,철근콘크리트구조,단독주택,(철근)콘크리트,2002-09-27
대전광역시 대덕구 대화동 36-9,276.73,경량철골구조,제2종근린생활시설,(철근)콘크리트,1985-11-22
대전광역시 대덕구 대화동 363,3061.8,철근콘크리트구조,창고시설,기타지붕,1988-01-14
대전광역시 대덕구 대화동 364-1,4832.58,일반철골구조,공장,기타지붕,2014-01-09
대전광역시 대덕구 대화동 37,1209.45,철근콘크리트구조,공장,(철근)콘크리트,2004-12-29
대전광역시 대덕구 대화동 37-1,1883.23,철근콘크리트구조,단독주택,(철근)콘크리트,1999-03-31
대전광역시 대덕구 대화동 37-10,147.19,철근콘크리트구조,제2종근린생활시설,(철근)콘크리트,1982-10-14
대전광역시 대덕구 대화동 37-12,266.0,철근콘크리트구조,제2종근린생활시설,(철근)콘크리트,1990-10-30
대전광역시 대덕구 대화동 37-13,56.265,블록구조,제2종근린생활시설,슬레이트,1994-07-19
대전광역시 대덕구 대화동 37-14,325.3,철근콘크리트구조,단독주택,(철근)콘크리트,1983-12-21
대전광역시 대덕구 대화동 37-17,153.85,벽돌구조,단독주택,(철근)콘크리트,1983-12-09
대전광역시 대덕구 대화동 37-20,0.0,철근콘크리트구조,공장,(철근)콘크리트,1991-09-14
대전광역시 대덕구 대화동 37-22,956.05,일반철골구조,창고시설,기타지붕,2001-11-10
대전광역시 대덕구 대화동 37-23,752.34,일반철골구조,자동차관련시설,기타지붕,2002-11-07
대전광역시 대덕구 대화동 37-7,799.16,철근콘크리트구조,제2종근린생활시설,(철근)콘크리트,1987-09-02
대전광역시 대덕구 대화동 370-2,106.8,철근콘크리트구조,공장,기타지붕,2004-05-15
대전광역시 대덕구 대화동 370-6,684.33,경량철골구조,종교시설,기타지붕,2016-11-14
대전광역시 대덕구 대화동 38-1,90.95,벽돌구조,단독주택,(철근)콘크리트,1979
대전광역시 대덕구 대화동 38-16,28.6,블록구조,단독주택,기와,1970-12-17
대전광역시 대덕구 대화동 38-18,230.99,철근콘크리트구조,제2종근린생활시설,(철근)콘크리트,1990-08-27
대전광역시 대덕구 대화동 38-23,56.18,벽돌구조,단독주택,(철근)콘크리트,1990-01-08
대전광역시 대덕구 대화동 38-24,55.47,블록구조,단독주택,기와,1973-12-06
대전광역시 대덕구 대화동 38-31,379.92,철근콘크리트구조,공동주택,(철근)콘크리트,2002-10-21
대전광역시 대덕구 대화동 38-4,139.79,철근콘크리트구조,단독주택,(철근)콘크리트,2003-08-26
대전광역시 대덕구 대화동 38-53,68.56,철근콘크리트구조,제2종근린생활시설,(철근)콘크리트,2003-02-27
대전광역시 대덕구 대화동 38-7,28.09,블록구조,단독주택,기와,1969-09-28
대전광역시 대덕구 대화동 380-1,528.59,경량철골구조,창고시설,기타지붕,1993-05-12
대전광역시 대덕구 대화동 381,3004.73,일반철골구조,공장,(철근)콘크리트,1987-09-14
대전광역시 대덕구 대화동 383-1,1320.13,경량철골구조,공장,기타지붕,1984-06-13
대전광역시 대덕구 대화동 384-11,432.96,일반철골구조,공장,기타지붕,2004-03-03
대전광역시 대덕구 대화동 384-3,1153.41,일반철골구조,공장,기타지붕,2004-03-03
대전광역시 대덕구 대화동 385-4,604.96,철근콘크리트구조,공장,(철근)콘크리트,1980-11-26
대전광역시 대덕구 대화동 386-6,386.48,철근콘크리트구조,업무시설,(철근)콘크리트,2004-07-13
대전광역시 대덕구 대화동 388-10,529.4,일반철골구조,공장,기타지붕,1990-10-25
대전광역시 대덕구 대화동 388-4,476.78,철근콘크리트구조,공장,기타지붕,1989-08-24
대전광역시 대덕구 대화동 388-9,4666.4800000000005,철근콘크리트구조,공장,기타지붕,1993-12-29
대전광역시 대덕구 대화동 39,73.0,블록구조,단독주택,슬레이트,1985-06-29
대전광역시 대덕구 대화동 39-1,9726.32,벽돌구조,단독주택,(철근)콘크리트,1980-05-15
대전광역시 대덕구 대화동 39-19,70.05,벽돌구조,단독주택,(철근)콘크리트,1980-04-24
대전광역시 대덕구 대화동 39-20,49.73,벽돌구조,단독주택,기와,1974-05-07
대전광역시 대덕구 대화동 39-29,50.31,벽돌구조,단독주택,기와,1974-09-10
대전광역시 대덕구 대화동 39-30,57.88,벽돌구조,단독주택,기와,1974-05-07
대전광역시 대덕구 대화동 39-31,46.45,벽돌구조,단독주택,기와,1974-08-08
대전광역시 대덕구 대화동 39-33,48.49,벽돌구조,단독주택,기와,1974-03-12
대전광역시 대덕구 대화동 39-36,233.51999999999998,벽돌구조,단독주택,(철근)콘크리트,1979-06-14
대전광역시 대덕구 대화동 39-37,493.82,철근콘크리트구조,공장,슬레이트,1976-12-24
대전광역시 대덕구 대화동 39-4,68.27,블록구조,단독주택,슬레이트,1985-06-29
대전광역시 대덕구 대화동 39-51,78.89,벽돌구조,단독주택,(철근)콘크리트,1980-07-09
대전광역시 대덕구 대화동 39-52,136.0,벽돌구조,단독주택,(철근)콘크리트,1978-03-30
대전광역시 대덕구 대화동 39-53,155.61,벽돌구조,단독주택,(철근)콘크리트,1978-01-31
대전광역시 대덕구 대화동 39-6,36.66,블록구조,단독주택,기와,1970-01-19
대전광역시 대덕구 대화동 393-2,1015.89,일반철골구조,공장,기타지붕,2017-11-17
대전광역시 대덕구 대화동 398-1,90.0,경량철골구조,제2종근린생활시설,기타지붕,2004-07-30
대전광역시 대덕구 대화동 4-1,459.51,철근콘크리트구조,위험물저장및처리시설,(철근)콘크리트,2000-06-29
대전광역시 대덕구 대화동 4-11,200.42,철근콘크리트구조,제2종근린생활시설,(철근)콘크리트,1975-11-04
대전광역시 대덕구 대화동 4-34,81.978,벽돌구조,단독주택,(철근)콘크리트,1979-05-08
대전광역시 대덕구 대화동 4-5,674.72,일반철골구조,자동차관련시설,기타지붕,2006-06-19
대전광역시 대덕구 대화동 40-100,2160.22,철근콘크리트구조,공장,(철근)콘크리트,2015-04-15
대전광역시 대덕구 대화동 40-15,8920.21,철근콘크리트구조,공장,(철근)콘크리트,2008-10-22
대전광역시 대덕구 대화동 40-22,2414.3,철근콘크리트구조,공장,슬레이트,1984-06-09
대전광역시 대덕구 대화동 40-23,2106.41,철근콘크리트구조,공장,슬레이트,1978-06-08
대전광역시 대덕구 대화동 40-24,10517.22,일반철골구조,공장,(철근)콘크리트,1996-01-29
대전광역시 대덕구 대화동 40-25,3051.78,철근콘크리트구조,공장,기타지붕,1996-01-22
대전광역시 대덕구 대화동 40-28,1734.59,철근콘크리트구조,공장,(철근)콘크리트,1989-05-15
대전광역시 대덕구 대화동 40-29,3741.53,일반철골구조,공장,(철근)콘크리트,1997-05-12
대전광역시 대덕구 대화동 40-30,4543.15,블록구조,창고시설,(철근)콘크리트,2002-12-12
대전광역시 대덕구 대화동 40-35,8790.4,경량철골구조,공장,기타지붕,2016-10-13
대전광역시 대덕구 대화동 40-36,11536.145,일반철골구조,공장,기타지붕,2003-08-09
대전광역시 대덕구 대화동 40-37,7583.66,철근콘크리트구조,공장,(철근)콘크리트,2021-07-08
대전광역시 대덕구 대화동 40-38,14682.19,일반철골구조,공장,기타지붕,1979-12-19
대전광역시 대덕구 대화동 40-39,2621.44,일반철골구조,공장,기타지붕,2007-07-06
대전광역시 대덕구 대화동 40-40,12245.23,철근콘크리트구조,창고시설,(철근)콘크리트,2006-11-03
대전광역시 대덕구 대화동 40-42,21380.58,블록구조,공장,기타지붕,1995-09-16
대전광역시 대덕구 대화동 40-48,435.17,철근콘크리트구조,제2종근린생활시설,(철근)콘크리트,1995-02-08
대전광역시 대덕구 대화동 40-55,11049.765,벽돌구조,공장,(철근)콘크리트,1979-06-18
대전광역시 대덕구 대화동 40-56,5392.075,경량철골구조,공장,기타지붕,2001-02-05
대전광역시 대덕구 대화동 40-57,11402.43,일반철골구조,공장,슬레이트,1994-01-29
대전광역시 대덕구 대화동 40-58,3344.0499999999997,벽돌구조,공장,(철근)콘크리트,1979-08-09
대전광역시 대덕구 대화동 40-66,7267.85,일반철골구조,공장,기타지붕,2018-12-19
대전광역시 대덕구 대화동 40-67,1136.02,철근콘크리트구조,공동주택,(철근)콘크리트,1979-03-30
대전광역시 대덕구 대화동 40-68,98.47,경량철골구조,제2종근린생활시설,기타지붕,2014-11-04
대전광역시 대덕구 대화동 40-70,5719.01,블록구조,공장,(철근)콘크리트,1994-01-21
대전광역시 대덕구 대화동 40-74,632.2,철근콘크리트구조,제2종근린생활시설,(철근)콘크리트,1989-12-15
대전광역시 대덕구 대화동 40-75,2056.5,철근콘크리트구조,공장,(철근)콘크리트,2002-05-02
대전광역시 대덕구 대화동 40-76,0.0,철근콘크리트구조,공장,(철근)콘크리트,1979-07-21
대전광역시 대덕구 대화동 40-81,142.44,철근콘크리트구조,제2종근린생활시설,(철근)콘크리트,1991-05-28
대전광역시 대덕구 대화동 40-83,132.6,철근콘크리트구조,제2종근린생활시설,(철근)콘크리트,1990-01-30
대전광역시 대덕구 대화동 40-84,422.32000000000005,철근콘크리트구조,공동주택,(철근)콘크리트,1991-06-22
대전광역시 대덕구 대화동 40-85,161.845,철근콘크리트구조,제2종근린생활시설,(철근)콘크리트,1991-05-14
대전광역시 대덕구 대화동 40-93,3121.21,경량철골구조,공장,기타지붕,2004-04-20
대전광역시 대덕구 대화동 40-94,2099.66,철근콘크리트구조,공장,(철근)콘크리트,200105
대전광역시 대덕구 대화동 402-1,23.1,일반목구조,단독주택,기타지붕,1943
대전광역시 대덕구 대화동 407-1,419.35,일반철골구조,공장,기타지붕,2005-06-28
대전광역시 대덕구 대화동 407-2,998.27,경량철골구조,공장,기타지붕,2022-07-28
대전광역시 대덕구 대화동 407-3,335.8,일반철골구조,공장,기타지붕,2005-06-28
대전광역시 대덕구 대화동 407-4,335.8,일반철골구조,공장,기타지붕,2005-06-28
대전광역시 대덕구 대화동 407-5,335.8,일반철골구조,공장,기타지붕,2005-06-27
대전광역시 대덕구 대화동 408,584.45,일반철골구조,창고시설,기타지붕,2008-08-26
대전광역시 대덕구 대화동 411,39.6,일반목구조,단독주택,기타지붕,1950
대전광역시 대덕구 대화동 411-1,482.0,벽돌구조,공장,슬레이트,1982-04-10
대전광역시 대덕구 대화동 411-3,3104.04,철근콘크리트구조,창고시설,기타지붕,1994-11-03
대전광역시 대덕구 대화동 411-6,514.45,일반철골구조,공장,기타지붕,1997-07-04
대전광역시 대덕구 대화동 411-7,422.96,경량철골구조,공장,기타지붕,1994-12-09
대전광역시 대덕구 대화동 412-1,587.76,철근콘크리트구조,공장,(철근)콘크리트,1994-07-12
대전광역시 대덕구 대화동 413,80.52,일반목구조,공장,기타지붕,1960
대전광역시 대덕구 대화동 413-11,367.88,철근콘크리트구조,공장,(철근)콘크리트,1986-12-23
대전광역시 대덕구 대화동 413-3,1125.99,일반철골구조,자원순환관련시설,기타지붕,2024-07-10
대전광역시 대덕구 대화동 413-5,1152.28,일반철골구조,공장,슬레이트,1991-11-09
대전광역시 대덕구 대화동 414-1,398.4,경량철골구조,공장,기타지붕,1996-10-16
대전광역시 대덕구 대화동 414-5,202.78,경량철골구조,공장,기타지붕,1997-05-22
대전광역시 대덕구 대화동 416,340.32,철근콘크리트구조,공장,슬레이트,1985-11-02
대전광역시 대덕구 대화동 417-1,323.08,경량철골구조,공장,기타지붕,1992-04-30
대전광역시 대덕구 대화동 420-1,247.89,일반철골구조,공장,기타지붕,2008-10-13
대전광역시 대덕구 대화동 420-4,258.17,일반철골구조,공장,기타지붕,2005-03-29
대전광역시 대덕구 대화동 420-5,82.11,벽돌구조,단독주택,슬레이트,1976-12-17
대전광역시 대덕구 대화동 420-6,102.66,일반철골구조,제2종근린생활시설,기타지붕,2005-10-18
대전광역시 대덕구 대화동 421-1,564.73,벽돌구조,공장,슬레이트,
대전광역시 대덕구 대화동 425-1,1020.73,일반철골구조,공장,기타지붕,2022-12-05
대전광역시 대덕구 대화동 43,66.12,일반목구조,단독주택,기타지붕,1944
대전광역시 대덕구 대화동 43-10,323.46,일반철골구조,창고시설,기타지붕,2007-07-02
대전광역시 대덕구 대화동 43-4,473.67,철근콘크리트구조,자동차관련시설,(철근)콘크리트,1986-04-25
대전광역시 대덕구 대화동 441,448.9,일반철골구조,공장,기타지붕,2005-06-27
대전광역시 대덕구 대화동 441-1,286.12,일반철골구조,제2종근린생활시설,기타지붕,2005-06-24
대전광역시 대덕구 대화동 442,484.38,일반철골구조,제2종근린생활시설,기타지붕,2011-06-03
대전광역시 대덕구 대화동 45-1,194.65,철근콘크리트구조,제2종근린생활시설,(철근)콘크리트,1978-09-23
대전광역시 대덕구 대화동 46-2,1195.87,일반철골구조,공장,기타지붕,2017-10-27
대전광역시 대덕구 대화동 46-3,8997.68,일반철골구조,공장,기타지붕,1984-12-21
대전광역시 대덕구 대화동 465-1,260.23,철근콘크리트구조,공장,슬레이트,1983-01-20
대전광역시 대덕구 대화동 489,336.32,철근콘크리트구조,공동주택,(철근)콘크리트,2001-09-15
대전광역시 대덕구 대화동 512-12,49.59,일반목구조,단독주택,슬레이트,1953
대전광역시 대덕구 대화동 516,256.53000000000003,일반목구조,단독주택,기와,1950
대전광역시 대덕구 대화동 520-4,99.05,경량철골구조,제2종근린생활시설,기타지붕,2006-03-22
대전광역시 대덕구 대화동 520-7,1860.05,철골철근콘크리트구조,자동차관련시설,(철근)콘크리트,2024-06-18
대전광역시 대덕구 대화동 534,198.8,벽돌구조,제2종근린생활시설,(철근)콘크리트,2017-09-19
대전광역시 대덕구 대화동 541-1,294.61,일반철골구조,위험물저장및처리시설,기타지붕,2019-06-12
대전광역시 대덕구 대화동 543-3,0.0,벽돌구조,단독주택,(철근)콘크리트,1981-12-29
대전광역시 대덕구 대화동 544,40.0,경량철골구조,제2종근린생활시설,기타지붕,2022-11-25
대전광역시 대덕구 대화동 544-1,48.47,블록구조,단독주택,기타지붕,1972-10-21
대전광역시 대덕구 대화동 544-2,89.26,일반목구조,단독주택,기타지붕,1960
대전광역시 대덕구 대화동 549-16,264.96000000000004,일반철골구조,위험물저장및처리시설,기타지붕,2002-09-27
대전광역시 대덕구 대화동 601-10,19.83,기타조적구조,단독주택,기와,1974
대전광역시 대덕구 대화동 601-11,39.66,벽돌구조,단독주택,기와,1960
대전광역시 대덕구 대화동 601-5,40.63,기타조적구조,단독주택,기와,1961
대전광역시 대덕구 대화동 601-9,89.655,벽돌구조,단독주택,(철근)콘크리트,1995-10-04
대전광역시 대덕구 대화동 611,8103.85,철근콘크리트구조,공장,(철근)콘크리트,2022-11-15
대전광역시 대덕구 대화동 63-1,7671.85,철근콘크리트구조,공장,(철근)콘크리트,1997-11-27
대전광역시 대덕구 대화동 63-13,3262.34,강파이프구조,공장,슬레이트,2014-02-26
대전광역시 대덕구 대화동 63-14,1772.46,일반철골구조,공장,기타지붕,1995-04-01
대전광역시 대덕구 대화동 63-15,14117.2,일반철골구조,공장,기타지붕,2016-03-25
대전광역시 대덕구 대화동 63-17,1752.49,벽돌구조,단독주택,슬레이트,1973-02-24
대전광역시 대덕구 대화동 63-18,3766.33,철골철근콘크리트구조,공장,기타지붕,1995-12-23
대전광역시 대덕구 대화동 63-20,4508.925,벽돌구조,공장,(철근)콘크리트,2016-07-08
대전광역시 대덕구 대화동 63-25,512.57,경량철골구조,공장,슬레이트,1975-09-08
대전광역시 대덕구 대화동 63-29,4043.8900000000003,일반철골구조,공장,기타지붕,2015-12-07
대전광역시 대덕구 대화동 63-34,1328.08,일반철골구조,공장,슬레이트,1978-12-14
대전광역시 대덕구 대화동 63-35,524.19,경량철골구조,공장,슬레이트,1979-09-28
대전광역시 대덕구 대화동 63-39,3354.0,일반철골구조,공장,기타지붕,2010-01-29
대전광역시 대덕구 대화동 63-40,1127.08,일반철골구조,공장,기타지붕,2009-08-28
대전광역시 대덕구 대화동 63-6,2535.21,일반철골구조,공장,기타지붕,2018-11-09
대전광역시 대덕구 대화동 7,714.25,기타조적구조,단독주택,기와,1961
대전광역시 대덕구 대화동 7-1,347.42,블록구조,단독주택,기와,1969-05-12
대전광역시 대덕구 대화동 7-4,121.68,경량철골구조,공장,기타지붕,1993-05-01
대전광역시 대덕구 대화동 94-10,498.93,경량철골구조,자동차관련시설,슬레이트,1997-01-23
대전광역시 대덕구 대화동 94-7,301.25,철근콘크리트구조,공장,슬레이트,1979-02-21
대전광역시 대덕구 대화동 99-2,337.27,철근콘크리트구조,공장,슬레이트,1985-01-15
대전광역시 대덕구 덕암동 1,244.3,블록구조,단독주택,슬레이트,1969
대전광역시 대덕구 덕암동 1-1,157.41,벽돌구조,단독주택,(철근)콘크리트,1988-03-16
대전광역시 대덕구 덕암동 1-10,116.72,벽돌구조,단독주택,(철근)콘크리트,1995-12-02
대전광역시 대덕구 덕암동 1-14,65.73,벽돌구조,단독주택,기와,1975-09-05
대전광역시 대덕구 덕암동 1-15,207.17,일반철골구조,창고시설,기타지붕,2010-01-29
대전광역시 대덕구 덕암동 1-16,33.03,벽돌구조,단독주택,기와,1967
대전광역시 대덕구 덕암동 1-17,214.98,일반철골구조,제2종근린생활시설,기타지붕,2009-12-11
대전광역시 대덕구 덕암동 1-18,420.04,철근콘크리트구조,공동주택,(철근)콘크리트,1992-01-03
대전광역시 대덕구 덕암동 1-19,395.04,철근콘크리트구조,공동주택,(철근)콘크리트,1991-12-31
대전광역시 대덕구 덕암동 1-21,170.46,경량철골구조,창고시설,기타지붕,1994-08-16
대전광역시 대덕구 덕암동 1-22,82.92,벽돌구조,단독주택,(철근)콘크리트,1993-11-02
대전광역시 대덕구 덕암동 1-25,124.57,벽돌구조,단독주택,(철근)콘크리트,1997-03-26
대전광역시 대덕구 덕암동 1-26,128.96,벽돌구조,단독주택,기와,1993-09-03
대전광역시 대덕구 덕암동 1-27,63.605,철근콘크리트구조,단독주택,(철근)콘크리트,1999-06-23
대전광역시 대덕구 덕암동 1-28,78.26,벽돌구조,단독주택,(철근)콘크리트,1986-08-09
대전광역시 대덕구 덕암동 1-3,219.78,철근콘크리트구조,제2종근린생활시설,(철근)콘크리트,1994-05-24
대전광역시 대덕구 덕암동 1-4,72.8,경량철골구조,제2종근린생활시설,기타지붕,2009-09-22
대전광역시 대덕구 덕암동 1-5,1688.36,철근콘크리트구조,공동주택,(철근)콘크리트,2016-04-11
대전광역시 대덕구 덕암동 1-6,87.89,경량철골구조,제2종근린생활시설,기타지붕,2024-08-07
대전광역시 대덕구 덕암동 1-7,128.35,벽돌구조,단독주택,(철근)콘크리트,1994-12-30
대전광역시 대덕구 덕암동 1-8,106.74,철근콘크리트구조,단독주택,기와,1999-10-02
대전광역시 대덕구 덕암동 1-9,128.24,철근콘크리트구조,단독주택,(철근)콘크리트,2002-11-25
대전광역시 대덕구 덕암동 10-1,142.67,벽돌구조,단독주택,(철근)콘크리트,1994-11-05
대전광역시 대덕구 덕암동 10-2,111.9,경량철골구조,단독주택,기타지붕,1992-09-30
대전광역시 대덕구 덕암동 10-3,152.34,철근콘크리트구조,제2종근린생활시설,(철근)콘크리트,1986-11-06
대전광역시 대덕구 덕암동 10-4,279.16,철근콘크리트구조,제2종근린생활시설,(철근)콘크리트,1995-06-07
대전광역시 대덕구 덕암동 10-5,88.52,일반철골구조,단독주택,(철근)콘크리트,2007-03-02
대전광역시 대덕구 덕암동 104-1,16.53,기타조적구조,단독주택,슬레이트,1934
대전광역시 대덕구 덕암동 107,79.8,일반철골구조,제2종근린생활시설,기타지붕,2013-06-12
대전광역시 대덕구 덕암동 108-1,297.0,경량철골구조,제2종근린생활시설,기타지붕,1995-11-30
대전광역시 대덕구 덕암동 108-11,406.8,벽돌구조,공동주택,(철근)콘크리트,1990-12-14
대전광역시 대덕구 덕암동 108-13,88.12,벽돌구조,단독주택,(철근)콘크리트,1994-08-12
대전광역시 대덕구 덕암동 108-14,1147.52,프리케스트콘크리트구조,공동주택,(철근)콘크리트,1995-09-11
대전광역시 대덕구 덕암동 108-2,282.0,일반철골구조,제2종근린생활시설,기타지붕,2004-06-19
대전광역시 대덕구 덕암동 108-3,315.0,경량철골구조,창고시설,기타지붕,2000-07-31
대전광역시 대덕구 덕암동 108-4,180.54,철근콘크리트구조,창고시설,(철근)콘크리트,1997-06-25
대전광역시 대덕구 덕암동 108-5,244.965,강파이프구조,창고시설,기타지붕,1997-05-21
대전광역시 대덕구 덕암동 108-8,597.55,철근콘크리트구조,공동주택,(철근)콘크리트,1996-03-25
대전광역시 대덕구 덕암동 108-9,535.5,프리케스트콘크리트구조,공동주택,(철근)콘크리트,1995-09-11
대전광역시 대덕구 덕암동 109-1,142.55,벽돌구조,단독주택,(철근)콘크리트,1991-04-17
대전광역시 대덕구 덕암동 109-10,421.22,철근콘크리트구조,공동주택,(철근)콘크리트,1991-09-06
대전광역시 대덕구 덕암동 109-11,203.76,벽돌구조,단독주택,(철근)콘크리트,1994-04-28
대전광역시 대덕구 덕암동 109-12,409.04,철근콘크리트구조,공동주택,(철근)콘크리트,1990-12-13
대전광역시 대덕구 덕암동 109-14,311.86,벽돌구조,공동주택,(철근)콘크리트,1991-09-28
대전광역시 대덕구 덕암동 109-16,114.905,철근콘크리트구조,제2종근린생활시설,(철근)콘크리트,1992-05-16
대전광역시 대덕구 덕암동 109-17,876.8,철근콘크리트구조,공동주택,(철근)콘크리트,1991-07-02
대전광역시 대덕구 덕암동 109-18,596.88,철근콘크리트구조,공동주택,(철근)콘크리트,1991-09-02
대전광역시 대덕구 덕암동 109-19,95.23,철근콘크리트구조,단독주택,기타지붕,1995-12-30
대전광역시 대덕구 덕암동 109-2,348.36,철근콘크리트구조,공동주택,(철근)콘크리트,1994-03-17
대전광역시 대덕구 덕암동 109-20,74.07,벽돌구조,단독주택,(철근)콘크리트,1987-04-20
대전광역시 대덕구 덕암동 109-21,74.07,벽돌구조,단독주택,(철근)콘크리트,1987-04-20
대전광역시 대덕구 덕암동 109-22,80.28,벽돌구조,단독주택,(철근)콘크리트,1987-04-20
대전광역시 대덕구 덕암동 109-24,80.28,벽돌구조,단독주택,(철근)콘크리트,1987-04-20
대전광역시 대덕구 덕암동 109-25,74.07,벽돌구조,단독주택,(철근)콘크리트,1987-04-20
대전광역시 대덕구 덕암동 109-26,74.07,벽돌구조,단독주택,(철근)콘크리트,1987-04-20
대전광역시 대덕구 덕암동 109-27,74.07,벽돌구조,단독주택,(철근)콘크리트,1987-04-20
대전광역시 대덕구 덕암동 109-28,80.28,벽돌구조,단독주택,(철근)콘크리트,1987-04-20
대전광역시 대덕구 덕암동 109-29,79.86,벽돌구조,단독주택,(철근)콘크리트,1987-04-20
대전광역시 대덕구 덕암동 109-3,79.2,경량철골구조,단독주택,기타지붕,1994-10-06
대전광역시 대덕구 덕암동 109-30,74.07,벽돌구조,단독주택,(철근)콘크리트,1987-04-20
대전광역시 대덕구 덕암동 109-31,74.07,벽돌구조,단독주택,(철근)콘크리트,1987-04-20
대전광역시 대덕구 덕암동 109-32,98.98,벽돌구조,단독주택,(철근)콘크리트,1987-04-20
대전광역시 대덕구 덕암동 109-34,79.86,벽돌구조,단독주택,(철근)콘크리트,1997-04-20
대전광역시 대덕구 덕암동 109-35,79.86,벽돌구조,단독주택,(철근)콘크리트,1987-04-20
대전광역시 대덕구 덕암동 109-36,79.86,벽돌구조,단독주택,(철근)콘크리트,1987-04-20
대전광역시 대덕구 덕암동 109-37,79.86,벽돌구조,단독주택,(철근)콘크리트,1987-04-20
대전광역시 대덕구 덕암동 109-38,106.8,벽돌구조,단독주택,(철근)콘크리트,1991-02-12
대전광역시 대덕구 덕암동 109-4,116.2,철근콘크리트구조,단독주택,(철근)콘크리트,2011-09-27
대전광역시 대덕구 덕암동 109-5,429.2,철근콘크리트구조,공동주택,(철근)콘크리트,1998-12-10
대전광역시 대덕구 덕암동 109-6,148.75,일반철골구조,제2종근린생활시설,기타지붕,2021-11-04
대전광역시 대덕구 덕암동 109-7,79.86,벽돌구조,단독주택,(철근)콘크리트,1987-04-20
대전광역시 대덕구 덕암동 109-8,329.93,벽돌구조,공동주택,(철근)콘크리트,1991-09-28
대전광역시 대덕구 덕암동 11-10,1747.2,철근콘크리트구조,공동주택,(철근)콘크리트,1997-07-21
대전광역시 대덕구 덕암동 11-11,146.82,일반철골구조,제2종근린생활시설,(철근)콘크리트,2003-05-26
대전광역시 대덕구 덕암동 11-12,370.92,철근콘크리트구조,공동주택,(철근)콘크리트,2012-09-11
대전광역시 대덕구 덕암동 11-15,317.92,철근콘크리트구조,공동주택,(철근)콘크리트,1997-07-21
대전광역시 대덕구 덕암동 11-18,255.3,철근콘크리트구조,단독주택,(철근)콘크리트,2011-08-23
대전광역시 대덕구 덕암동 11-2,521.04,철근콘크리트구조,제2종근린생활시설,(철근)콘크리트,1987-04-11
대전광역시 대덕구 덕암동 11-3,151.98,철근콘크리트구조,제2종근린생활시설,(철근)콘크리트,1985-06-29
대전광역시 대덕구 덕암동 11-4,99.13,경량철골구조,창고시설,기타지붕,2018-12-31
대전광역시 대덕구 덕암동 11-5,133.92,경량철골구조,창고시설,기타지붕,2007-06-28
대전광역시 대덕구 덕암동 11-6,219.5,철근콘크리트구조,단독주택,기타지붕,2015-09-04
대전광역시 대덕구 덕암동 11-8,255.3,철근콘크리트구조,단독주택,(철근)콘크리트,2011-08-25
대전광역시 대덕구 덕암동 11-9,232.35,벽돌구조,단독주택,기타지붕,1980-01-12
대전광역시 대덕구 덕암동 110-1,3374.41,철근콘크리트구조,교육연구시설,(철근)콘크리트,
대전광역시 대덕구 덕암동 119,52.84,블록구조,단독주택,기와,1975-03-21
대전광역시 대덕구 덕암동 12-2,41.66,기타조적구조,단독주택,슬레이트,1978-12-13
대전광역시 대덕구 덕암동 12-3,308.19,경량철골구조,제2종근린생활시설,기타지붕,1993-01-06
대전광역시 대덕구 덕암동 121,94.88,벽돌구조,단독주택,(철근)콘크리트,1981-03-27
대전광역시 대덕구 덕암동 122,19.8,벽돌구조,단독주택,기와,1964
대전광역시 대덕구 덕암동 122-1,68.26,벽돌구조,단독주택,(철근)콘크리트,1985-04-10
대전광역시 대덕구 덕암동 122-18,46.27,벽돌구조,단독주택,기타지붕,2005-12-08
대전광역시 대덕구 덕암동 122-2,82.5,블록구조,단독주택,슬레이트,1970
대전광역시 대덕구 덕암동 122-3,29.75,벽돌구조,단독주택,기타지붕,1942
대전광역시 대덕구 덕암동 122-4,128.93,일반목구조,단독주택,기와,1943
대전광역시 대덕구 덕암동 122-7,215.62,벽돌구조,단독주택,기와,1944
대전광역시 대덕구 덕암동 122-9,155.39,일반목구조,단독주택,슬레이트,1943
대전광역시 대덕구 덕암동 123,76.03,일반목구조,단독주택,기와,1932
대전광역시 대덕구 덕암동 128-1,49.59,벽돌구조,단독주택,기와,1935
대전광역시 대덕구 덕암동 128-3,49.58,일반목구조,창고시설,기와,1945
대전광역시 대덕구 덕암동 128-6,33.05,벽돌구조,단독주택,기와,1966
대전광역시 대덕구 덕암동 13-1,286.82,일반철골구조,제2종근린생활시설,기타지붕,2001-04-28
대전광역시 대덕구 덕암동 13-10,168.86,벽돌구조,단독주택,(철근)콘크리트,1994-10-25
대전광역시 대덕구 덕암동 13-11,399.36,벽돌구조,공동주택,(철근)콘크리트,1990-02-11
대전광역시 대덕구 덕암동 13-12,85.86,벽돌구조,단독주택,(철근)콘크리트,1985-09-05
대전광역시 대덕구 덕암동 13-13,200.0,일반철골구조,자동차관련시설,기타지붕,2002-07-25
대전광역시 대덕구 덕암동 13-18,290.85,철근콘크리트구조,노유자시설,(철근)콘크리트,2003-01-15
대전광역시 대덕구 덕암동 13-2,45.25,경량철골구조,제2종근린생활시설,기타지붕,1991-11-20
대전광역시 대덕구 덕암동 13-20,144.0,경량철골구조,제2종근린생활시설,기타지붕,1998-10-30
대전광역시 대덕구 덕암동 13-21,85.26,벽돌구조,단독주택,(철근)콘크리트,1985-09-05
대전광역시 대덕구 덕암동 13-22,126.98,벽돌구조,단독주택,(철근)콘크리트,1993-05-11
대전광역시 대덕구 덕암동 13-25,223.33,철근콘크리트구조,단독주택,(철근)콘크리트,2015-12-21
대전광역시 대덕구 덕암동 13-4,298.32,철근콘크리트구조,제2종근린생활시설,(철근)콘크리트,1992-05-27
대전광역시 대덕구 덕암동 13-5,482.64,철근콘크리트구조,공동주택,(철근)콘크리트,1985-12-27
대전광역시 대덕구 덕암동 13-6,133.83,철근콘크리트구조,단독주택,(철근)콘크리트,1995-07-22
대전광역시 대덕구 덕암동 13-7,93.6,일반철골구조,제2종근린생활시설,기타지붕,2013-09-11
대전광역시 대덕구 덕암동 13-9,135.36,벽돌구조,단독주택,(철근)콘크리트,1991-04-30
대전광역시 대덕구 덕암동 131-7,90.04,벽돌구조,단독주택,(철근)콘크리트,1980-01-29
대전광역시 대덕구 덕암동 134,36.36,블록구조,단독주택,슬레이트,1968
대전광역시 대덕구 덕암동 134-4,49.8,벽돌구조,단독주택,(철근)콘크리트,1980-05-02
대전광역시 대덕구 덕암동 134-6,76.03,일반목구조,단독주택,기와,1944
대전광역시 대덕구 덕암동 14-1,876.96,벽돌구조,공동주택,(철근)콘크리트,1983-12-20
대전광역시 대덕구 덕암동 14-10,489.48,철골콘크리트구조,공동주택,(철근)콘크리트,1994-10-10
대전광역시 대덕구 덕암동 14-11,418.358,철근콘크리트구조,종교시설,(철근)콘크리트,1997-12-09
대전광역시 대덕구 덕암동 14-2,279.25,경량철골구조,제2종근린생활시설,기타지붕,1994-08-10
대전광역시 대덕구 덕암동 14-3,607.2,벽돌구조,공동주택,(철근)콘크리트,1990-08-23
대전광역시 대덕구 덕암동 14-4,322.55,철근콘크리트구조,단독주택,(철근)콘크리트,1996-06-07
대전광역시 대덕구 덕암동 14-7,283.62,경량철골구조,창고시설,기타지붕,1991-07-18
대전광역시 대덕구 덕암동 14-8,296.4,경량철골구조,제2종근린생활시설,기타지붕,1993-10-14
대전광역시 대덕구 덕암동 14-9,495.12,철근콘크리트구조,공동주택,(철근)콘크리트,1995-06-10
대전광역시 대덕구 덕암동 140,68.77,블록구조,단독주택,기와,1973
대전광역시 대덕구 덕암동 140-3,72.73,블록구조,단독주택,기와,1973
대전광역시 대덕구 덕암동 140-7,33.12,블록구조,단독주택,슬레이트,1979-11-01
대전광역시 대덕구 덕암동 15-1,265.24,철근콘크리트구조,단독주택,(철근)콘크리트,2014-11-24
대전광역시 대덕구 덕암동 15-2,329.29,철근콘크리트구조,종교시설,슬레이트,1996-01-09
대전광역시 대덕구 덕암동 15-3,1706.86,벽돌구조,공동주택,(철근)콘크리트,1979-06-26
대전광역시 대덕구 덕암동 15-5,370.7,철근콘크리트구조,공동주택,(철근)콘크리트,2002-11-29
대전광역시 대덕구 덕암동 15-6,273.29,철근콘크리트구조,교육연구시설,(철근)콘크리트,2001-03-05
대전광역시 대덕구 덕암동 169,221.48000000000002,벽돌구조,단독주택,슬레이트,1968
대전광역시 대덕구 덕암동 17-1,114.95,철근콘크리트구조,단독주택,(철근)콘크리트,2005-11-17
대전광역시 대덕구 덕암동 17-10,92.26,철근콘크리트구조,단독주택,(철근)콘크리트,2017-12-14
대전광역시 대덕구 덕암동 17-11,75.51,벽돌구조,단독주택,(철근)콘크리트,1980-10-15
대전광역시 대덕구 덕암동 17-12,74.79,벽돌구조,단독주택,(철근)콘크리트,1980-10-15
대전광역시 대덕구 덕암동 17-13,165.12,경량철골구조,제2종근린생활시설,(철근)콘크리트,1993-02-02
대전광역시 대덕구 덕암동 17-14,240.28,철근콘크리트구조,단독주택,(철근)콘크리트,2018-12-21
대전광역시 대덕구 덕암동 17-16,125.0,경량철골구조,제2종근린생활시설,기타지붕,2006-07-05
대전광역시 대덕구 덕암동 17-18,137.07,철근콘크리트구조,제2종근린생활시설,(철근)콘크리트,2000-08-11
대전광역시 대덕구 덕암동 17-19,103.28,철근콘크리트구조,제2종근린생활시설,(철근)콘크리트,1993-09-15
대전광역시 대덕구 덕암동 17-2,108.06,벽돌구조,단독주택,기타지붕,1980-09-20
대전광역시 대덕구 덕암동 17-21,67.1,벽돌구조,단독주택,(철근)콘크리트,1979-11-06
대전광역시 대덕구 덕암동 17-23,73.5,경량철골구조,창고시설,기타지붕,2017-01-04
대전광역시 대덕구 덕암동 17-27,248.4,철근콘크리트구조,단독주택,(철근)콘크리트,2023-05-26
대전광역시 대덕구 덕암동 17-3,71.43,벽돌구조,단독주택,(철근)콘크리트,1980-09-20
대전광역시 대덕구 덕암동 17-4,71.34,벽돌구조,단독주택,(철근)콘크리트,1980-09-20
대전광역시 대덕구 덕암동 17-5,73.14,벽돌구조,단독주택,(철근)콘크리트,1980-10-15
대전광역시 대덕구 덕암동 17-7,72.51,벽돌구조,단독주택,(철근)콘크리트,1980-10-15
대전광역시 대덕구 덕암동 17-8,73.38,벽돌구조,단독주택,(철근)콘크리트,1980-10-15
대전광역시 대덕구 덕암동 17-9,72.06,벽돌구조,단독주택,(철근)콘크리트,1980-10-15
대전광역시 대덕구 덕암동 170-2,0.0,기타조적구조,단독주택,기와,1953
대전광역시 대덕구 덕암동 170-7,59.5,벽돌구조,단독주택,슬레이트,1968
대전광역시 대덕구 덕암동 172-1,99.0,철근콘크리트구조,창고시설,(철근)콘크리트,2021-12-17
대전광역시 대덕구 덕암동 173-4,18.0,경량철골구조,제2종근린생활시설,기타지붕,2007-12-18
대전광역시 대덕구 덕암동 175-10,29.75,벽돌구조,단독주택,슬레이트,1943
대전광역시 대덕구 덕암동 175-13,33.06,일반목구조,단독주택,슬레이트,1945
대전광역시 대덕구 덕암동 175-15,116.61,블록구조,단독주택,기타지붕,2017-03-22
대전광역시 대덕구 덕암동 175-16,79.34,일반목구조,단독주택,기와,1942
대전광역시 대덕구 덕암동 175-18,175.22,일반목구조,단독주택,기와,1944
대전광역시 대덕구 덕암동 175-20,89.26,벽돌구조,단독주택,기와,1958
대전광역시 대덕구 덕암동 175-21,0.0,철근콘크리트구조,제2종근린생활시설,(철근)콘크리트,2024-01-12
대전광역시 대덕구 덕암동 175-26,98.58,철근콘크리트구조,제2종근린생활시설,(철근)콘크리트,2022-03-29
대전광역시 대덕구 덕암동 175-31,39.67,벽돌구조,단독주택,슬레이트,1945
대전광역시 대덕구 덕암동 175-32,0.0,일반철골구조,제2종근린생활시설,기타지붕,2019-04-01
대전광역시 대덕구 덕암동 175-34,45.57,일반철골구조,단독주택,기타지붕,2015-11-05
대전광역시 대덕구 덕암동 175-35,63.92,벽돌구조,단독주택,(철근)콘크리트,1989-08-24
대전광역시 대덕구 덕암동 176-1,0.0,블록구조,단독주택,슬레이트,1952
대전광역시 대덕구 덕암동 176-4,281.02,일반목구조,단독주택,슬레이트,1944
대전광역시 대덕구 덕암동 179-6,0.0,블록구조,단독주택,기와,1985-08-03
대전광역시 대덕구 덕암동 18-1,287.76,일반철골구조,제2종근린생활시설,기타지붕,2021-04-08
대전광역시 대덕구 덕암동 18-12,276.0,경량철골구조,창고시설,기타지붕,2011-06-28
대전광역시 대덕구 덕암동 18-13,126.0,철근콘크리트구조,단독주택,(철근)콘크리트,1994-08-23
대전광역시 대덕구 덕암동 18-15,158.67,철근콘크리트구조,제2종근린생활시설,(철근)콘크리트,1991-11-15
대전광역시 대덕구 덕암동 18-2,700.78,철골콘크리트구조,제2종근린생활시설,기타지붕,1998-02-02
대전광역시 대덕구 덕암동 18-4,172.76,철근콘크리트구조,제2종근린생활시설,(철근)콘크리트,1991-06-03
대전광역시 대덕구 덕암동 18-6,382.47,철근콘크리트구조,업무시설,(철근)콘크리트,1998-02-04
대전광역시 대덕구 덕암동 18-8,142.12,경량철골구조,제2종근린생활시설,기타지붕,1990-02-15
대전광역시 대덕구 덕암동 183,52.89,벽돌구조,단독주택,슬레이트,1962
대전광역시 대덕구 덕암동 185-20,21.49,일반목구조,단독주택,기와,1963
대전광역시 대덕구 덕암동 19-1,3605.39,경량철골구조,교육연구시설,기타지붕,
대전광역시 대덕구 덕암동 19-10,190.66,철근콘크리트구조,단독주택,(철근)콘크리트,2024-10-29
대전광역시 대덕구 덕암동 19-12,106.56,벽돌구조,단독주택,(철근)콘크리트,1991-09-18
대전광역시 대덕구 덕암동 19-13,51.3,경량철골구조,단독주택,기타지붕,1997-10-24
대전광역시 대덕구 덕암동 19-14,97.63,벽돌구조,제2종근린생활시설,(철근)콘크리트,1991-09-18
대전광역시 대덕구 덕암동 19-15,260.0,일반철골구조,제2종근린생활시설,기타지붕,2019-03-12
대전광역시 대덕구 덕암동 19-16,157.02,철근콘크리트구조,단독주택,(철근)콘크리트,2021-09-09
대전광역시 대덕구 덕암동 19-17,193.455,철근콘크리트구조,단독주택,(철근)콘크리트,2018-04-24
대전광역시 대덕구 덕암동 19-2,104.07,철근콘크리트구조,단독주택,(철근)콘크리트,2002-09-17
대전광역시 대덕구 덕암동 19-3,123.2,일반철골구조,창고시설,기타지붕,2005-02-05
대전광역시 대덕구 덕암동 19-5,63.52,철근콘크리트구조,제2종근린생활시설,(철근)콘크리트,2001-10-05
대전광역시 대덕구 덕암동 19-6,65.4,벽돌구조,단독주택,(철근)콘크리트,1985
대전광역시 대덕구 덕암동 19-7,81.0,일반철골구조,창고시설,기타지붕,2012-08-29
대전광역시 대덕구 덕암동 19-8,165.29,블록구조,단독주택,기와,1964
대전광역시 대덕구 덕암동 2-1,142.29,철근콘크리트구조,단독주택,(철근)콘크리트,1995-06-08
대전광역시 대덕구 덕암동 2-2,1885.8600000000001,철근콘크리트구조,공동주택,(철근)콘크리트,1985-09-26
대전광역시 대덕구 덕암동 2-3,397.44,벽돌구조,공동주택,(철근)콘크리트,1989-11-24
대전광역시 대덕구 덕암동 2-4,997.3,철근콘크리트구조,공동주택,(철근)콘크리트,1990-06-01
대전광역시 대덕구 덕암동 2-5,397.44,벽돌구조,공동주택,(철근)콘크리트,1989-11-10
대전광역시 대덕구 덕암동 2-6,397.44,벽돌구조,공동주택,(철근)콘크리트,1989-10-30
대전광역시 대덕구 덕암동 20-1,89.13,벽돌구조,단독주택,(철근)콘크리트,1985-09-07
대전광역시 대덕구 덕암동 20-12,60.0,벽돌구조,단독주택,(철근)콘크리트,1985-08-22
대전광역시 대덕구 덕암동 20-15,91.98,벽돌구조,단독주택,(철근)콘크리트,2006-11-10
대전광역시 대덕구 덕암동 20-17,78.84,블록구조,단독주택,(철근)콘크리트,2003-04-10
대전광역시 대덕구 덕암동 20-19,114.43,벽돌구조,단독주택,(철근)콘크리트,1989-12-12
대전광역시 대덕구 덕암동 20-2,116.55,철근콘크리트구조,단독주택,(철근)콘크리트,2015-12-15
대전광역시 대덕구 덕암동 20-20,119.31,일반철골구조,제2종근린생활시설,기타지붕,2003-01-20
대전광역시 대덕구 덕암동 20-21,86.86,경량철골구조,제2종근린생활시설,기타지붕,2007-05-29
대전광역시 대덕구 덕암동 20-22,83.55,벽돌구조,단독주택,(철근)콘크리트,1989-12-15
대전광역시 대덕구 덕암동 20-3,125.68,벽돌구조,단독주택,(철근)콘크리트,1994-12-21
대전광역시 대덕구 덕암동 20-4,124.74,철근콘크리트구조,단독주택,(철근)콘크리트,2003-11-14
대전광역시 대덕구 덕암동 20-5,4863.96,철근콘크리트구조,공동주택,(철근)콘크리트,1996-11-28
대전광역시 대덕구 덕암동 20-7,72.33,벽돌구조,단독주택,(철근)콘크리트,1979-01-12
대전광역시 대덕구 덕암동 20-8,58.18,벽돌구조,단독주택,(철근)콘크리트,1988-09-23
대전광역시 대덕구 덕암동 207,82.14,일반목구조,단독주택,기타지붕,2019-01-08
대전광역시 대덕구 덕암동 21-1,272.43,벽돌구조,노유자시설,(철근)콘크리트,1995-08-22
대전광역시 대덕구 덕암동 21-10,64.63,벽돌구조,단독주택,기와,1974-12-14
대전광역시 대덕구 덕암동 21-12,49.2,일반철골구조,제2종근린생활시설,기타지붕,1995-08-16
대전광역시 대덕구 덕암동 21-14,231.65,경량철골구조,창고시설,기타지붕,2002-09-17
대전광역시 대덕구 덕암동 21-15,165.0,경량철골구조,창고시설,기타지붕,1996-09-14
대전광역시 대덕구 덕암동 21-16,205.0,일반철골구조,제2종근린생활시설,기타지붕,2016-12-16
대전광역시 대덕구 덕암동 21-17,323.1,철근콘크리트구조,단독주택,(철근)콘크리트,2023-01-09
대전광역시 대덕구 덕암동 21-18,180.6,일반철골구조,창고시설,기타지붕,2019-03-06
대전광역시 대덕구 덕암동 21-2,275.68,철근콘크리트구조,단독주택,(철근)콘크리트,2021-03-15
대전광역시 대덕구 덕암동 21-20,106.02,벽돌구조,단독주택,기타지붕,1997-09-19
대전광역시 대덕구 덕암동 21-21,106.24,벽돌구조,단독주택,(철근)콘크리트,1991-08-05
대전광역시 대덕구 덕암동 21-23,180.6,일반철골구조,창고시설,기타지붕,2019-03-06
대전광역시 대덕구 덕암동 21-24,275.68,철근콘크리트구조,단독주택,(철근)콘크리트,2021-03-23
대전광역시 대덕구 덕암동 21-3,93.18,벽돌구조,단독주택,(철근)콘크리트,1987-09-02
대전광역시 대덕구 덕암동 21-4,413.1,일반철골구조,창고시설,(철근)콘크리트,2015-10-02
대전광역시 대덕구 덕암동 21-5,45.0,경량철골구조,제2종근린생활시설,기타지붕,2001-08-03
대전광역시 대덕구 덕암동 21-6,127.78,벽돌구조,교육연구시설,(철근)콘크리트,1991-07-31
대전광역시 대덕구 덕암동 21-7,219.34,철근콘크리트구조,단독주택,(철근)콘크리트,1997-06-23
대전광역시 대덕구 덕암동 21-8,507.76,철근콘크리트구조,공동주택,(철근)콘크리트,1994-10-14
대전광역시 대덕구 덕암동 21-9,255.09,철근콘크리트구조,제2종근린생활시설,(철근)콘크리트,1996-12-27
대전광역시 대덕구 덕암동 212,59.5,벽돌구조,단독주택,슬레이트,1955
대전광역시 대덕구 덕암동 217,62.81,블록구조,단독주택,기타지붕,1940
대전광역시 대덕구 덕암동 218-18,258.24,벽돌구조,공동주택,(철근)콘크리트,1985-06-28
대전광역시 대덕구 덕암동 22-1,57.84,벽돌구조,단독주택,(철근)콘크리트,1988-07-11
대전광역시 대덕구 덕암동 22-2,94.92,벽돌구조,제2종근린생활시설,(철근)콘크리트,1986-10-06
대전광역시 대덕구 덕암동 22-3,271.2,철근콘크리트구조,노유자시설,(철근)콘크리트,2006-06-05
대전광역시 대덕구 덕암동 22-5,86.86,벽돌구조,노유자시설,(철근)콘크리트,1994-01-17
대전광역시 대덕구 덕암동 228-1,97.57,경량철골구조,제2종근린생활시설,기타지붕,2018-05-08
대전광역시 대덕구 덕암동 23-1,71.28,경량철골구조,단독주택,기타지붕,1994-04-08
대전광역시 대덕구 덕암동 23-10,121.05,일반철골구조,제2종근린생활시설,기타지붕,2019-09-23
대전광역시 대덕구 덕암동 23-11,781.48,블록구조,단독주택,기와,1973
대전광역시 대덕구 덕암동 23-13,143.399,일반목구조,단독주택,기와,1951
대전광역시 대덕구 덕암동 23-15,186.65,경량철골구조,창고시설,기타지붕,2001-06-07
대전광역시 대덕구 덕암동 23-16,152.56,철근콘크리트구조,단독주택,(철근)콘크리트,2019-12-26
대전광역시 대덕구 덕암동 23-17,348.75,경량철골구조,창고시설,기타지붕,2002-03-12
대전광역시 대덕구 덕암동 23-2,100.67,벽돌구조,단독주택,기와,1994-11-04
대전광역시 대덕구 덕암동 23-4,417.42,철근콘크리트구조,공동주택,(철근)콘크리트,2015-08-07
대전광역시 대덕구 덕암동 23-5,133.92,경량철골구조,제2종근린생활시설,기타지붕,1995-06-23
대전광역시 대덕구 덕암동 23-6,219.64,경량철골구조,제2종근린생활시설,기타지붕,1996-09-12
대전광역시 대덕구 덕암동 23-7,95.96,철근콘크리트구조,단독주택,(철근)콘크리트,2010-06-28
대전광역시 대덕구 덕암동 23-9,89.0,벽돌구조,단독주택,(철근)콘크리트,1995-09-27
대전광역시 대덕구 덕암동 25-1,266.68,일반철골구조,창고시설,(철근)콘크리트,2016-12-27
대전광역시 대덕구 덕암동 256-5,263.92,일반철골구조,제2종근린생활시설,기타지붕,2017-06-22
대전광역시 대덕구 덕암동 258-3,246.6,일반철골구조,제2종근린생활시설,기타지붕,2017-07-06
대전광역시 대덕구 덕암동 26-2,86.19,벽돌구조,제2종근린생활시설,(철근)콘크리트,1985-12-12
대전광역시 대덕구 덕암동 26-3,86.8,벽돌구조,단독주택,(철근)콘크리트,1986-09-27
대전광역시 대덕구 덕암동 27-1,69.33,벽돌구조,단독주택,(철근)콘크리트,1988-10-14
대전광역시 대덕구 덕암동 29-1,77.34,벽돌구조,단독주택,(철근)콘크리트,1986-08-02
대전광역시 대덕구 덕암동 29-2,76.21,벽돌구조,단독주택,(철근)콘크리트,1986-07-18
대전광역시 대덕구 덕암동 29-3,76.68,벽돌구조,단독주택,(철근)콘크리트,1986-07-18
대전광역시 대덕구 덕암동 29-4,75.55,벽돌구조,단독주택,(철근)콘크리트,1986-07-18
대전광역시 대덕구 덕암동 3-1,112.56,경량철골구조,창고시설,기타지붕,1996-07-09
대전광역시 대덕구 덕암동 3-10,147.07,경량철골구조,제2종근린생활시설,기타지붕,2003-12-26
대전광역시 대덕구 덕암동 3-12,120.12,철근콘크리트구조,단독주택,(철근)콘크리트,2015-11-02
대전광역시 대덕구 덕암동 3-13,65.18,벽돌구조,단독주택,(철근)콘크리트,1985-11-23
대전광역시 대덕구 덕암동 3-15,110.44,철근콘크리트구조,단독주택,(철근)콘크리트,1985-04-17
대전광역시 대덕구 덕암동 3-16,112.69,철근콘크리트구조,단독주택,(철근)콘크리트,2013-12-26
대전광역시 대덕구 덕암동 3-2,96.68,철골콘크리트구조,제2종근린생활시설,(철근)콘크리트,2012-12-18
대전광역시 대덕구 덕암동 3-20,65.43,벽돌구조,단독주택,(철근)콘크리트,1990-01-10
대전광역시 대덕구 덕암동 3-22,134.0,경량철골구조,단독주택,기타지붕,1994-07-26
대전광역시 대덕구 덕암동 3-26,165.0,경량철골구조,제2종근린생활시설,기타지붕,1998-10-12
대전광역시 대덕구 덕암동 3-27,149.4,경량철골구조,자동차관련시설,기타지붕,2024-02-16
대전광역시 대덕구 덕암동 3-29,67.98,일반철골구조,창고시설,기타지붕,2016-11-14
대전광역시 대덕구 덕암동 3-4,69.865,경량철골구조,제2종근린생활시설,기타지붕,1997-08-11
대전광역시 대덕구 덕암동 3-5,76.93,벽돌구조,단독주택,(철근)콘크리트,1985-09-11
대전광역시 대덕구 덕암동 3-7,2635.31,철근콘크리트구조,공동주택,(철근)콘크리트,1998-11-17
대전광역시 대덕구 덕암동 30-2,127.26,일반철골구조,제2종근린생활시설,기타지붕,2019-05-21
대전광역시 대덕구 덕암동 342-1,460.17,벽돌구조,제2종근린생활시설,(철근)콘크리트,1993-04-19
대전광역시 대덕구 덕암동 347,2739.7,일반철골구조,운동시설,기타지붕,2013-10-15
대전광역시 대덕구 덕암동 349,728.52,철근콘크리트구조,공동주택,(철근)콘크리트,2023-06-29
대전광역시 대덕구 덕암동 38-1,339.07,경량철골구조,제2종근린생활시설,기타지붕,1994-02-14
대전광역시 대덕구 덕암동 38-10,141.1,벽돌구조,단독주택,(철근)콘크리트,1983-09-19
대전광역시 대덕구 덕암동 38-11,624.3,철근콘크리트구조,단독주택,(철근)콘크리트,1997-04-17
대전광역시 대덕구 덕암동 38-12,443.52,철근콘크리트구조,공동주택,(철근)콘크리트,2003-05-09
대전광역시 대덕구 덕암동 38-13,73.89,벽돌구조,단독주택,(철근)콘크리트,1987-09-08
대전광역시 대덕구 덕암동 38-14,96.35,벽돌구조,단독주택,(철근)콘크리트,1991-08-30
대전광역시 대덕구 덕암동 38-15,106.17,철근콘크리트구조,단독주택,(철근)콘크리트,2002-12-14
대전광역시 대덕구 덕암동 38-16,73.75,벽돌구조,단독주택,(철근)콘크리트,1991-06-03
대전광역시 대덕구 덕암동 38-17,209.0,벽돌구조,공동주택,(철근)콘크리트,1991-01-15
대전광역시 대덕구 덕암동 38-18,204.2,벽돌구조,공동주택,(철근)콘크리트,1990-08-20
대전광역시 대덕구 덕암동 38-19,204.2,벽돌구조,공동주택,(철근)콘크리트,1990-08-22
대전광역시 대덕구 덕암동 38-2,85.28,블록구조,단독주택,기와,1979-04-20
대전광역시 대덕구 덕암동 38-20,209.0,벽돌구조,공동주택,(철근)콘크리트,1991-01-15
대전광역시 대덕구 덕암동 38-4,171.53,벽돌구조,단독주택,(철근)콘크리트,1992-05-08
대전광역시 대덕구 덕암동 38-5,780.14,철근콘크리트구조,공동주택,(철근)콘크리트,1991-10-05
대전광역시 대덕구 덕암동 38-7,373.9,경량철골구조,창고시설,기타지붕,2001-04-13
대전광역시 대덕구 덕암동 38-8,73.8,벽돌구조,단독주택,(철근)콘크리트,1991-06-22
대전광역시 대덕구 덕암동 38-9,393.14,철근콘크리트구조,공동주택,(철근)콘크리트,1994-10-01
대전광역시 대덕구 덕암동 39-1,434.68,철근콘크리트구조,단독주택,(철근)콘크리트,1994-07-25
대전광역시 대덕구 덕암동 39-10,95.43,벽돌구조,단독주택,(철근)콘크리트,1991-12-20
대전광역시 대덕구 덕암동 39-12,52.54,벽돌구조,단독주택,(철근)콘크리트,1986-10-15
대전광역시 대덕구 덕암동 39-13,207.77,경량철골구조,창고시설,기타지붕,2000-12-11
대전광역시 대덕구 덕암동 39-15,69.61,벽돌구조,단독주택,(철근)콘크리트,1980-01-09
대전광역시 대덕구 덕암동 39-16,75.86,벽돌구조,단독주택,(철근)콘크리트,1979-12-05
대전광역시 대덕구 덕암동 39-17,160.26,철근콘크리트구조,단독주택,(철근)콘크리트,2002-01-31
대전광역시 대덕구 덕암동 39-18,69.6,벽돌구조,단독주택,(철근)콘크리트,1985-05-28
대전광역시 대덕구 덕암동 39-20,94.06,벽돌구조,단독주택,(철근)콘크리트,1991-11-02
대전광역시 대덕구 덕암동 39-21,166.88,블록구조,단독주택,기와,1969
대전광역시 대덕구 덕암동 39-22,42.9,벽돌구조,단독주택,기와,1970
대전광역시 대덕구 덕암동 39-24,85.92,벽돌구조,단독주택,(철근)콘크리트,1979-11-16
대전광역시 대덕구 덕암동 39-25,84.9,벽돌구조,단독주택,(철근)콘크리트,1990-05-12
대전광역시 대덕구 덕암동 39-27,87.63,벽돌구조,단독주택,(철근)콘크리트,1988-10-04
대전광역시 대덕구 덕암동 39-29,179.52,벽돌구조,단독주택,(철근)콘크리트,1988-11-02
대전광역시 대덕구 덕암동 39-30,101.47,벽돌구조,단독주택,(철근)콘크리트,1988-10-12
대전광역시 대덕구 덕암동 39-31,83.42,벽돌구조,단독주택,(철근)콘크리트,1988-10-10
대전광역시 대덕구 덕암동 39-32,110.22,벽돌구조,단독주택,(철근)콘크리트,1994-03-28
대전광역시 대덕구 덕암동 39-34,99.19,일반철골구조,제2종근린생활시설,기타지붕,2018-03-12
대전광역시 대덕구 덕암동 39-35,117.83,철근콘크리트구조,단독주택,(철근)콘크리트,1995-08-10
대전광역시 대덕구 덕암동 39-36,97.7,철근콘크리트구조,단독주택,(철근)콘크리트,2015-06-09
대전광역시 대덕구 덕암동 39-38,79.12,벽돌구조,단독주택,(철근)콘크리트,1987-06-23
대전광역시 대덕구 덕암동 39-39,97.7,벽돌구조,단독주택,(철근)콘크리트,1990-08-24
대전광역시 대덕구 덕암동 39-4,110.24,벽돌구조,단독주택,(철근)콘크리트,1980-02-07
대전광역시 대덕구 덕암동 39-40,205.57,벽돌구조,단독주택,슬레이트,1972
대전광역시 대덕구 덕암동 39-41,136.8,일반철골구조,제2종근린생활시설,기타지붕,2002-07-31
대전광역시 대덕구 덕암동 39-5,64.47,벽돌구조,단독주택,(철근)콘크리트,1978-01-21
대전광역시 대덕구 덕암동 39-6,63.48,벽돌구조,단독주택,(철근)콘크리트,1978-01-21
대전광역시 대덕구 덕암동 39-7,86.57,벽돌구조,단독주택,기타지붕,2009-08-18
대전광역시 대덕구 덕암동 39-8,75.96,벽돌구조,단독주택,기와,1988-09-08
대전광역시 대덕구 덕암동 39-9,109.24,철근콘크리트구조,단독주택,(철근)콘크리트,1999-06-29
대전광역시 대덕구 덕암동 4-1,1450.8600000000001,철근콘크리트구조,공동주택,(철근)콘크리트,1991-05-30
대전광역시 대덕구 덕암동 4-10,95.46,벽돌구조,단독주택,(철근)콘크리트,1979-07-03
대전광역시 대덕구 덕암동 4-11,174.48,일반철골구조,제2종근린생활시설,기타지붕,2018-02-05
대전광역시 대덕구 덕암동 4-14,142.155,철근콘크리트구조,제2종근린생활시설,(철근)콘크리트,1992-11-21
대전광역시 대덕구 덕암동 4-15,68.26,벽돌구조,단독주택,(철근)콘크리트,1985-04-16
대전광역시 대덕구 덕암동 4-16,67.66,벽돌구조,단독주택,(철근)콘크리트,1994-12-31
대전광역시 대덕구 덕암동 4-18,83.32,벽돌구조,단독주택,(철근)콘크리트,1996-09-19
대전광역시 대덕구 덕암동 4-19,67.5,벽돌구조,단독주택,(철근)콘크리트,1981-09-23
대전광역시 대덕구 덕암동 4-20,145.37,벽돌구조,단독주택,(철근)콘크리트,2001-11-09
대전광역시 대덕구 덕암동 4-21,129.6,일반철골구조,노유자시설,기타지붕,2017-12-08
대전광역시 대덕구 덕암동 4-22,66.7,철근콘크리트구조,단독주택,(철근)콘크리트,2015-07-16
대전광역시 대덕구 덕암동 4-23,78.62,철근콘크리트구조,단독주택,(철근)콘크리트,1991-08-16
대전광역시 대덕구 덕암동 4-24,68.12,벽돌구조,단독주택,(철근)콘크리트,1981-08-01
대전광역시 대덕구 덕암동 4-25,525.6,철근콘크리트구조,공동주택,(철근)콘크리트,1995-11-13
대전광역시 대덕구 덕암동 4-27,185.53,철근콘크리트구조,단독주택,(철근)콘크리트,2004-12-03
대전광역시 대덕구 덕암동 4-29,99.37,벽돌구조,단독주택,(철근)콘크리트,1991-10-19
대전광역시 대덕구 덕암동 4-30,105.21,벽돌구조,단독주택,(철근)콘크리트,1996-03-27
대전광역시 대덕구 덕암동 4-31,104.0,벽돌구조,창고시설,슬레이트,1978-08-21
대전광역시 대덕구 덕암동 4-33,110.78,벽돌구조,단독주택,(철근)콘크리트,1995-08-21
대전광역시 대덕구 덕암동 4-34,78.99,벽돌구조,단독주택,(철근)콘크리트,1998-06-09
대전광역시 대덕구 덕암동 4-35,99.9,벽돌구조,단독주택,기와,1995-11-07
대전광역시 대덕구 덕암동 4-36,100.66,철근콘크리트구조,단독주택,(철근)콘크리트,2007-08-28
대전광역시 대덕구 덕암동 4-39,496.2,철근콘크리트구조,공동주택,(철근)콘크리트,1995-12-20
대전광역시 대덕구 덕암동 4-4,92.39999999999999,벽돌구조,단독주택,기타지붕,2014-11-28
대전광역시 대덕구 덕암동 4-5,84.02,벽돌구조,단독주택,기타지붕,2014-05-01
대전광역시 대덕구 덕암동 4-6,138.62,철근콘크리트구조,단독주택,(철근)콘크리트,2018-01-10
대전광역시 대덕구 덕암동 4-8,69.69,벽돌구조,제2종근린생활시설,(철근)콘크리트,1983-11-19
대전광역시 대덕구 덕암동 4-9,62.36,벽돌구조,단독주택,(철근)콘크리트,1988-12-17
대전광역시 대덕구 덕암동 40-1,64.45,벽돌구조,단독주택,(철근)콘크리트,1990-04-23
대전광역시 대덕구 덕암동 40-10,270.92,철근콘크리트구조,공동주택,(철근)콘크리트,1992-09-22
대전광역시 대덕구 덕암동 40-11,98.17,벽돌구조,단독주택,기와,1995-07-22
대전광역시 대덕구 덕암동 40-13,65.19,경량철골구조,단독주택,(철근)콘크리트,1994-08-18
대전광역시 대덕구 덕암동 40-14,84.46,벽돌구조,단독주택,(철근)콘크리트,1988-12-24
대전광역시 대덕구 덕암동 40-15,85.86,벽돌구조,단독주택,(철근)콘크리트,1987-08-17
대전광역시 대덕구 덕암동 40-16,98.78,경량철골구조,창고시설,기타지붕,2002-10-16
대전광역시 대덕구 덕암동 40-17,155.67,철근콘크리트구조,단독주택,(철근)콘크리트,2012-09-13
대전광역시 대덕구 덕암동 40-2,110.83,벽돌구조,단독주택,(철근)콘크리트,1991-12-23
대전광역시 대덕구 덕암동 40-20,81.54,철근콘크리트구조,단독주택,(철근)콘크리트,1999-08-07
대전광역시 대덕구 덕암동 40-22,84.96,경량철골구조,창고시설,(철근)콘크리트,1995-09-21
대전광역시 대덕구 덕암동 40-24,106.5,철근콘크리트구조,단독주택,(철근)콘크리트,2012-07-24
대전광역시 대덕구 덕암동 40-3,57.99,벽돌구조,단독주택,(철근)콘크리트,1991-07-01
대전광역시 대덕구 덕암동 40-4,79.43,벽돌구조,단독주택,(철근)콘크리트,1979-12-15
대전광역시 대덕구 덕암동 40-5,98.51,벽돌구조,단독주택,(철근)콘크리트,1995-07-13
대전광역시 대덕구 덕암동 40-7,462.0,일반철골구조,제2종근린생활시설,기타지붕,2011-05-12
대전광역시 대덕구 덕암동 41,42.64,블록구조,단독주택,기와,1965
대전광역시 대덕구 덕암동 41-1,109.375,철근콘크리트구조,단독주택,(철근)콘크리트,1996-08-21
대전광역시 대덕구 덕암동 41-10,102.14,벽돌구조,단독주택,기와,1995-10-18
대전광역시 대덕구 덕암동 41-13,214.58,벽돌구조,공동주택,(철근)콘크리트,1989-12-27
대전광역시 대덕구 덕암동 41-14,87.22,벽돌구조,단독주택,(철근)콘크리트,1989-12-27
대전광역시 대덕구 덕암동 41-15,91.32,벽돌구조,단독주택,(철근)콘크리트,1990-06-01
대전광역시 대덕구 덕암동 41-16,121.3,벽돌구조,단독주택,(철근)콘크리트,1995-06-19
대전광역시 대덕구 덕암동 41-17,138.36,철근콘크리트구조,제2종근린생활시설,(철근)콘크리트,1994-06-17
대전광역시 대덕구 덕암동 41-18,98.92,벽돌구조,단독주택,기와,1995-10-19
대전광역시 대덕구 덕암동 41-19,104.84,철근콘크리트구조,단독주택,(철근)콘크리트,2005-02-01
대전광역시 대덕구 덕암동 41-2,101.79,경량철골구조,단독주택,기타지붕,2015-07-03
대전광역시 대덕구 덕암동 41-20,253.05,철근콘크리트구조,단독주택,(철근)콘크리트,2019-10-23
대전광역시 대덕구 덕암동 41-3,359.84,철근콘크리트구조,공동주택,(철근)콘크리트,2005-05-07
대전광역시 대덕구 덕암동 41-4,214.58,벽돌구조,공동주택,(철근)콘크리트,1989-12-27
대전광역시 대덕구 덕암동 41-5,250.88,철근콘크리트구조,단독주택,(철근)콘크리트,2017-10-30
대전광역시 대덕구 덕암동 41-6,342.90999999999997,벽돌구조,단독주택,(철근)콘크리트,1990-11-17
대전광역시 대덕구 덕암동 41-7,172.07,경량철골구조,단독주택,기타지붕,1993-07-07
대전광역시 대덕구 덕암동 41-8,239.35,철근콘크리트구조,단독주택,(철근)콘크리트,2002-05-27
대전광역시 대덕구 덕암동 41-9,81.0,경량철골구조,창고시설,(철근)콘크리트,1994-05-10
대전광역시 대덕구 덕암동 42-10,1325.14,철근콘크리트구조,공동주택,(철근)콘크리트,1995-07-05
대전광역시 대덕구 덕암동 42-11,257.43,경량철골구조,제2종근린생활시설,기타지붕,1994-07-19
대전광역시 대덕구 덕암동 42-12,153.5,철근콘크리트구조,단독주택,(철근)콘크리트,2018-03-26
대전광역시 대덕구 덕암동 42-2,342.0,일반철골구조,창고시설,기타지붕,2003-04-11
대전광역시 대덕구 덕암동 42-3,311.22,철근콘크리트구조,제2종근린생활시설,(철근)콘크리트,2002-07-05
대전광역시 대덕구 덕암동 42-4,128.52,철골콘크리트구조,단독주택,(철근)콘크리트,1997-12-15
대전광역시 대덕구 덕암동 42-5,1001.92,철근콘크리트구조,공동주택,(철근)콘크리트,1991-12-06
대전광역시 대덕구 덕암동 42-6,2869.36,철근콘크리트구조,공동주택,(철근)콘크리트,1991-10-10
대전광역시 대덕구 덕암동 42-7,731.1022,철근콘크리트구조,공동주택,(철근)콘크리트,2018-12-18
대전광역시 대덕구 덕암동 42-8,2474.36,철근콘크리트구조,공동주택,(철근)콘크리트,1991-09-20
대전광역시 대덕구 덕암동 42-9,165.12,철근콘크리트구조,단독주택,(철근)콘크리트,2016-03-11
대전광역시 대덕구 덕암동 43-1,174.69,일반철골구조,제2종근린생활시설,기타지붕,2007-03-02
대전광역시 대덕구 덕암동 43-2,354.24,일반철골구조,제2종근린생활시설,기타지붕,2024-09-13
대전광역시 대덕구 덕암동 43-4,288.0,철근콘크리트구조,공동주택,(철근)콘크리트,1997-11-01
대전광역시 대덕구 덕암동 43-5,1176.43,철근콘크리트구조,의료시설,(철근)콘크리트,2007-08-14
대전광역시 대덕구 덕암동 43-6,443.0,철근콘크리트구조,제2종근린생활시설,(철근)콘크리트,1993-04-28
대전광역시 대덕구 덕암동 43-8,220.55,철근콘크리트구조,제2종근린생활시설,(철근)콘크리트,1990-06-07
대전광역시 대덕구 덕암동 43-9,288.0,철근콘크리트구조,공동주택,(철근)콘크리트,1997-11-14
대전광역시 대덕구 덕암동 44-1,124.88,철근콘크리트구조,단독주택,기타지붕,2008-12-18
대전광역시 대덕구 덕암동 44-10,418.36,철근콘크리트구조,단독주택,(철근)콘크리트,2022-08-26
대전광역시 대덕구 덕암동 44-14,416.94,철근콘크리트구조,공동주택,(철근)콘크리트,1995-10-20
대전광역시 대덕구 덕암동 44-3,591.44,일반철골구조,제2종근린생활시설,기타지붕,2010-06-18
대전광역시 대덕구 덕암동 44-4,354.52,철근콘크리트구조,제2종근린생활시설,(철근)콘크리트,1994-04-19
대전광역시 대덕구 덕암동 44-5,243.12,철근콘크리트구조,노유자시설,(철근)콘크리트,1997-12-23
대전광역시 대덕구 덕암동 44-6,300.0,일반철골구조,창고시설,기타지붕,2006-05-18
대전광역시 대덕구 덕암동 44-7,1055.2,철근콘크리트구조,공동주택,(철근)콘크리트,1995-10-20
대전광역시 대덕구 덕암동 44-8,182.64,철근콘크리트구조,제2종근린생활시설,(철근)콘크리트,1996-11-09
대전광역시 대덕구 덕암동 45-10,72.0,일반철골구조,창고시설,기타지붕,2015-06-30
대전광역시 대덕구 덕암동 45-16,143.0,일반철골구조,창고시설,기타지붕,2010-07-29
대전광역시 대덕구 덕암동 45-2,3000.1200000000003,벽돌구조,공동주택,(철근)콘크리트,2000-10-30
대전광역시 대덕구 덕암동 46-2,1884.0248000000001,철근콘크리트구조,공동주택,(철근)콘크리트,2009-03-24
대전광역시 대덕구 덕암동 46-4,48.0,경량철골구조,창고시설,기타지붕,1996-08-13
대전광역시 대덕구 덕암동 46-7,154.82,철근콘크리트구조,단독주택,(철근)콘크리트,2017-12-18
대전광역시 대덕구 덕암동 46-8,168.42,철근콘크리트구조,단독주택,(철근)콘크리트,2017-04-21
대전광역시 대덕구 덕암동 47-1,318.96,경량철골구조,제2종근린생활시설,기타지붕,1994-05-10
대전광역시 대덕구 덕암동 47-10,193.5,일반철골구조,창고시설,(철근)콘크리트,2003-11-18
대전광역시 대덕구 덕암동 47-11,427.68,경량철골구조,제2종근린생활시설,기타지붕,1994-04-25
대전광역시 대덕구 덕암동 47-12,164.64,경량철골구조,제2종근린생활시설,기타지붕,1994-04-28
대전광역시 대덕구 덕암동 47-13,84.24,경량철골구조,제2종근린생활시설,기타지붕,1996-01-10
대전광역시 대덕구 덕암동 47-14,241.92,일반철골구조,제2종근린생활시설,기타지붕,2011-07-07
대전광역시 대덕구 덕암동 47-2,97.17,벽돌구조,단독주택,(철근)콘크리트,1989-08-01
대전광역시 대덕구 덕암동 47-3,30.0,경량철골구조,창고시설,기타지붕,2015-03-31
대전광역시 대덕구 덕암동 47-4,355.92,일반철골구조,창고시설,기타지붕,2000-06-15
대전광역시 대덕구 덕암동 47-6,132.21,벽돌구조,단독주택,(철근)콘크리트,1995-12-02
대전광역시 대덕구 덕암동 47-7,324.06,일반철골구조,종교시설,기타지붕,2004-11-29
대전광역시 대덕구 덕암동 47-8,199.08,경량철골구조,제2종근린생활시설,기타지붕,1994-01-18
대전광역시 대덕구 덕암동 47-9,342.5,철근콘크리트구조,노유자시설,(철근)콘크리트,1992-11-06
대전광역시 대덕구 덕암동 48-1,120.16,철근콘크리트구조,단독주택,(철근)콘크리트,2011-05-30
대전광역시 대덕구 덕암동 48-10,214.17,철근콘크리트구조,제2종근린생활시설,(철근)콘크리트,2004-12-21
대전광역시 대덕구 덕암동 48-11,125.17,철근콘크리트구조,단독주택,(철근)콘크리트,1998-07-28
대전광역시 대덕구 덕암동 48-12,207.06,일반철골구조,제2종근린생활시설,기타지붕,2014-10-22
대전광역시 대덕구 덕암동 48-15,215.0,일반철골구조,제2종근린생활시설,기타지붕,2010-10-15
대전광역시 대덕구 덕암동 48-16,372.39,벽돌구조,노유자시설,(철근)콘크리트,1985-05-22
대전광역시 대덕구 덕암동 48-17,466.52,철근콘크리트구조,제2종근린생활시설,(철근)콘크리트,2005-10-14
대전광역시 대덕구 덕암동 48-18,34.56,경량철골구조,제2종근린생활시설,기타지붕,1992-09-04
대전광역시 대덕구 덕암동 48-2,864.14,철근콘크리트구조,노유자시설,(철근)콘크리트,2001-02-23
대전광역시 대덕구 덕암동 48-20,654.21,일반철골구조,제2종근린생활시설,기타지붕,2002-02-26
대전광역시 대덕구 덕암동 48-21,397.79,일반철골구조,제2종근린생활시설,기타지붕,2018-01-22
대전광역시 대덕구 덕암동 48-22,225.72,경량철골구조,창고시설,기타지붕,2002-05-29
대전광역시 대덕구 덕암동 48-23,212.73,철근콘크리트구조,단독주택,(철근)콘크리트,2018-03-20
대전광역시 대덕구 덕암동 48-3,135.51,철근콘크리트구조,제2종근린생활시설,(철근)콘크리트,2017-02-06
대전광역시 대덕구 덕암동 48-4,78.65,벽돌구조,단독주택,기와,1980-12-05
대전광역시 대덕구 덕암동 48-7,100.44,벽돌구조,단독주택,기타지붕,2005-09-08
대전광역시 대덕구 덕암동 49-1,139.39,철근콘크리트구조,단독주택,(철근)콘크리트,2013-02-13
대전광역시 대덕구 덕암동 49-11,167.04,철근콘크리트구조,제2종근린생활시설,(철근)콘크리트,1988-12-14
대전광역시 대덕구 덕암동 49-13,85.41,벽돌구조,단독주택,(철근)콘크리트,1993-05-29
대전광역시 대덕구 덕암동 49-14,480.0,철근콘크리트구조,공동주택,(철근)콘크리트,1992-12-09
대전광역시 대덕구 덕암동 49-15,143.76,철근콘크리트구조,제2종근린생활시설,(철근)콘크리트,1991-10-26
대전광역시 대덕구 덕암동 49-16,108.395,철근콘크리트구조,단독주택,기타지붕,1997-10-24
대전광역시 대덕구 덕암동 49-19,118.09,일반철골구조,제2종근린생활시설,기타지붕,2007-11-07
대전광역시 대덕구 덕암동 49-20,250.89,철근콘크리트구조,단독주택,(철근)콘크리트,2015-08-21
대전광역시 대덕구 덕암동 49-3,91.0,경량철골구조,창고시설,기타지붕,2001-08-08
대전광역시 대덕구 덕암동 49-4,124.0,철근콘크리트구조,단독주택,(철근)콘크리트,1997-10-08
대전광역시 대덕구 덕암동 49-5,749.7432,철근콘크리트구조,공동주택,(철근)콘크리트,2012-10-17
대전광역시 대덕구 덕암동 49-6,189.3,철근콘크리트구조,제2종근린생활시설,(철근)콘크리트,2003-11-20
대전광역시 대덕구 덕암동 49-7,157.76,철근콘크리트구조,제2종근린생활시설,(철근)콘크리트,1991-12-02
대전광역시 대덕구 덕암동 49-8,727.9350000000001,일반철골구조,창고시설,기타지붕,2022-05-10
대전광역시 대덕구 덕암동 5,128.92,벽돌구조,단독주택,슬레이트,1968
대전광역시 대덕구 덕암동 5-1,155.7,벽돌구조,단독주택,(철근)콘크리트,1991-10-11
대전광역시 대덕구 덕암동 5-11,154.69,벽돌구조,단독주택,기와,1968
대전광역시 대덕구 덕암동 5-14,84.6,벽돌구조,단독주택,(철근)콘크리트,1995-04-14
대전광역시 대덕구 덕암동 5-15,170.4,철근콘크리트구조,단독주택,(철근)콘크리트,2022-07-11
대전광역시 대덕구 덕암동 5-16,166.03,벽돌구조,단독주택,기와,1968
대전광역시 대덕구 덕암동 5-17,107.65,벽돌구조,단독주택,(철근)콘크리트,1999-08-24
대전광역시 대덕구 덕암동 5-18,74.94,벽돌구조,단독주택,(철근)콘크리트,1997-09-11
대전광역시 대덕구 덕암동 5-2,68.32,벽돌구조,단독주택,(철근)콘크리트,1989-08-12
대전광역시 대덕구 덕암동 5-20,96.0,일반철골구조,제2종근린생활시설,기타지붕,2010-05-20
대전광역시 대덕구 덕암동 5-21,93.6,벽돌구조,단독주택,기와,1993-01-16
대전광역시 대덕구 덕암동 5-22,154.87,벽돌구조,단독주택,기와,1997-10-11
대전광역시 대덕구 덕암동 5-24,107.82,벽돌구조,단독주택,(철근)콘크리트,1995-06-19
대전광역시 대덕구 덕암동 5-25,169.84,벽돌구조,단독주택,(철근)콘크리트,1979-04-24
대전광역시 대덕구 덕암동 5-3,166.3,철근콘크리트구조,단독주택,(철근)콘크리트,2011-12-02
대전광역시 대덕구 덕암동 5-30,92.275,벽돌구조,단독주택,기와,1993-01-15
대전광역시 대덕구 덕암동 5-4,323.22,벽돌구조,공동주택,(철근)콘크리트,1987-12-22
대전광역시 대덕구 덕암동 5-5,183.06,철근콘크리트구조,단독주택,기타지붕,1996-12-14
대전광역시 대덕구 덕암동 5-8,125.06,철근콘크리트구조,단독주택,(철근)콘크리트,2005-01-14
대전광역시 대덕구 덕암동 5-9,69.43,블록구조,단독주택,기와,1973
대전광역시 대덕구 덕암동 50-1,324.49,경량철골구조,제2종근린생활시설,기타지붕,2005-10-21
대전광역시 대덕구 덕암동 50-10,167.1,경량철골구조,창고시설,기타지붕,2002-10-29
대전광역시 대덕구 덕암동 50-11,74.84,벽돌구조,단독주택,(철근)콘크리트,1991-06-19
대전광역시 대덕구 덕암동 50-12,74.81,벽돌구조,단독주택,기와,1991-06-19
대전광역시 대덕구 덕암동 50-13,65.02,벽돌구조,단독주택,(철근)콘크리트,2002-01-14
대전광역시 대덕구 덕암동 50-19,273.12,철근콘크리트구조,공동주택,(철근)콘크리트,1992-01-22
대전광역시 대덕구 덕암동 50-2,150.18,철근콘크리트구조,단독주택,(철근)콘크리트,2015-04-15
대전광역시 대덕구 덕암동 50-20,427.36,철근콘크리트구조,공동주택,(철근)콘크리트,1995-11-24
대전광역시 대덕구 덕암동 50-22,142.74,철근콘크리트구조,단독주택,(철근)콘크리트,2011-09-05
대전광역시 대덕구 덕암동 50-3,260.16,철근콘크리트구조,공동주택,(철근)콘크리트,1991-11-07
대전광역시 대덕구 덕암동 50-4,418.16,철근콘크리트구조,공동주택,(철근)콘크리트,1995-07-03
대전광역시 대덕구 덕암동 50-5,90.32,벽돌구조,단독주택,(철근)콘크리트,1999-10-27
대전광역시 대덕구 덕암동 50-6,108.39,벽돌구조,단독주택,(철근)콘크리트,1996-10-16
대전광역시 대덕구 덕암동 50-7,106.22,벽돌구조,단독주택,(철근)콘크리트,1991-08-08
대전광역시 대덕구 덕암동 50-8,83.86,벽돌구조,단독주택,(철근)콘크리트,1999-06-23
대전광역시 대덕구 덕암동 50-9,413.85,철근콘크리트구조,공동주택,(철근)콘크리트,2015-03-16
대전광역시 대덕구 덕암동 51-1,313.83,철근콘크리트구조,공동주택,(철근)콘크리트,1994-05-02
대전광역시 대덕구 덕암동 51-2,950.4,철근콘크리트구조,공동주택,(철근)콘크리트,1984-07-20
대전광역시 대덕구 덕암동 51-3,371.27,벽돌구조,단독주택,(철근)콘크리트,1997-08-19
대전광역시 대덕구 덕암동 51-4,127.41,철근콘크리트구조,단독주택,기타지붕,2014-12-26
대전광역시 대덕구 덕암동 51-6,308.64,철근콘크리트구조,공동주택,(철근)콘크리트,1994-05-02
대전광역시 대덕구 덕암동 51-8,131.76,경량철골구조,제2종근린생활시설,기타지붕,2001-11-08
대전광역시 대덕구 덕암동 51-9,92.41,벽돌구조,단독주택,(철근)콘크리트,1991-11-02
대전광역시 대덕구 덕암동 52-1,207.36,철근콘크리트구조,단독주택,(철근)콘크리트,2017-12-20
대전광역시 대덕구 덕암동 52-10,52.84,블록구조,단독주택,기와,1975-06-11
대전광역시 대덕구 덕암동 52-13,57.58,벽돌구조,단독주택,기와,2015-01-12
대전광역시 대덕구 덕암동 52-15,113.33,벽돌구조,단독주택,(철근)콘크리트,1989-10-05
대전광역시 대덕구 덕암동 52-16,302.4,경량철골구조,제2종근린생활시설,기타지붕,1994-07-29
대전광역시 대덕구 덕암동 52-17,192.3,철근콘크리트구조,제2종근린생활시설,(철근)콘크리트,1985-09-19
대전광역시 대덕구 덕암동 52-2,101.21,철근콘크리트구조,단독주택,(철근)콘크리트,2000-07-04
대전광역시 대덕구 덕암동 52-21,62.51,철근콘크리트구조,제2종근린생활시설,(철근)콘크리트,1992-07-08
대전광역시 대덕구 덕암동 52-22,162.4,철근콘크리트구조,제2종근린생활시설,(철근)콘크리트,1990-09-09
대전광역시 대덕구 덕암동 52-23,168.93,경량철골구조,단독주택,기타지붕,1992-08-01
대전광역시 대덕구 덕암동 52-3,240.62,블록구조,단독주택,기와,1965
대전광역시 대덕구 덕암동 52-5,363.6,벽돌구조,공동주택,(철근)콘크리트,1990-04-06
대전광역시 대덕구 덕암동 52-6,162.97,벽돌구조,단독주택,(철근)콘크리트,1980-07-08
대전광역시 대덕구 덕암동 52-7,202.61,벽돌구조,단독주택,(철근)콘크리트,1979-08-18
대전광역시 대덕구 덕암동 53-1,194.16,벽돌구조,단독주택,(철근)콘크리트,1985-12-30
대전광역시 대덕구 덕암동 53-10,81.9,경량철골구조,제2종근린생활시설,기타지붕,2001-09-11
대전광역시 대덕구 덕암동 53-11,90.76,일반철골구조,제2종근린생활시설,(철근)콘크리트,2007-05-31
대전광역시 대덕구 덕암동 53-14,0.0,철근콘크리트구조,제2종근린생활시설,(철근)콘크리트,1991-08-27
대전광역시 대덕구 덕암동 53-2,102.05,벽돌구조,단독주택,기와,1993-12-30
대전광역시 대덕구 덕암동 53-4,81.37,벽돌구조,단독주택,(철근)콘크리트,1986-09-09
대전광역시 대덕구 덕암동 53-5,65.34,벽돌구조,단독주택,(철근)콘크리트,1989-09-08
대전광역시 대덕구 덕암동 53-7,74.1,벽돌구조,단독주택,(철근)콘크리트,1990-05-08
대전광역시 대덕구 덕암동 53-9,273.33,철근콘크리트구조,숙박시설,(철근)콘크리트,1990-05-28
대전광역시 대덕구 덕암동 54-1,163.3,철근콘크리트구조,단독주택,(철근)콘크리트,1996-08-19
대전광역시 대덕구 덕암동 54-11,171.97,철근콘크리트구조,단독주택,(철근)콘크리트,2016-08-26
대전광역시 대덕구 덕암동 54-13,138.41,벽돌구조,단독주택,(철근)콘크리트,1994-09-05
대전광역시 대덕구 덕암동 54-15,190.78,경량철골구조,제2종근린생활시설,기타지붕,1994-02-08
대전광역시 대덕구 덕암동 54-16,157.94,벽돌구조,단독주택,(철근)콘크리트,1994-07-28
대전광역시 대덕구 덕암동 54-17,476.96,경량철골구조,제2종근린생활시설,기타지붕,1992-05-07
대전광역시 대덕구 덕암동 54-2,85.92,벽돌구조,단독주택,(철근)콘크리트,1991-07-09
대전광역시 대덕구 덕암동 54-20,93.03,벽돌구조,단독주택,(철근)콘크리트,1988-12-08
대전광역시 대덕구 덕암동 54-21,123.2,벽돌구조,단독주택,(철근)콘크리트,1989-11-23
대전광역시 대덕구 덕암동 54-5,217.29,철근콘크리트구조,위험물저장및처리시설,(철근)콘크리트,1989-12-05
대전광역시 대덕구 덕암동 54-7,197.12,일반철골구조,제2종근린생활시설,기타지붕,2020-01-13
대전광역시 대덕구 덕암동 54-9,76.02,기타조적구조,제2종근린생활시설,기타지붕,2015-07-20
대전광역시 대덕구 덕암동 55-1,205.92,일반철골구조,창고시설,기타지붕,2013-07-11
대전광역시 대덕구 덕암동 55-10,90.43,기타구조,단독주택,기타지붕,2007-09-21
대전광역시 대덕구 덕암동 55-12,396.48,철근콘크리트구조,공동주택,(철근)콘크리트,1992-08-11
대전광역시 대덕구 덕암동 55-13,236.34,일반철골구조,제2종근린생활시설,기타지붕,2002-12-26
대전광역시 대덕구 덕암동 55-16,107.41,벽돌구조,단독주택,(철근)콘크리트,1995-12-20
대전광역시 대덕구 덕암동 55-17,99.64,철근콘크리트구조,단독주택,(철근)콘크리트,2023-06-02
대전광역시 대덕구 덕암동 55-18,75.21,벽돌구조,단독주택,(철근)콘크리트,1990-06-07
대전광역시 대덕구 덕암동 55-19,82.08,벽돌구조,단독주택,(철근)콘크리트,1989-10-18
대전광역시 대덕구 덕암동 55-2,380.12,철근콘크리트구조,공동주택,(철근)콘크리트,1992-08-11
대전광역시 대덕구 덕암동 55-20,90.27,벽돌구조,단독주택,기와,1988-09-14
대전광역시 대덕구 덕암동 55-22,588.48,철근콘크리트구조,공동주택,(철근)콘크리트,1996-12-06
대전광역시 대덕구 덕암동 55-3,614.88,벽돌구조,공동주택,(철근)콘크리트,1989-10-19
대전광역시 대덕구 덕암동 55-4,577.0799999999999,철근콘크리트구조,공동주택,(철근)콘크리트,1996-12-06
대전광역시 대덕구 덕암동 55-5,322.02,철근콘크리트구조,공동주택,(철근)콘크리트,1993-07-15
대전광역시 대덕구 덕암동 55-6,100.6,벽돌구조,단독주택,(철근)콘크리트,1992-02-24
대전광역시 대덕구 덕암동 55-7,156.26,철근콘크리트구조,제2종근린생활시설,(철근)콘크리트,1991-08-08
대전광역시 대덕구 덕암동 55-9,204.96,벽돌구조,공동주택,(철근)콘크리트,1989-10-30
대전광역시 대덕구 덕암동 58-12,57.46,철근콘크리트구조,위험물저장및처리시설,(철근)콘크리트,1999-08-24
대전광역시 대덕구 덕암동 58-13,237.75,일반철골구조,제2종근린생활시설,기타지붕,2021-09-07
대전광역시 대덕구 덕암동 58-15,126.43,경량철골구조,단독주택,기와,1985-07-15
대전광역시 대덕구 덕암동 58-16,97.36,경량철골구조,제2종근린생활시설,기타지붕,2005-07-08
대전광역시 대덕구 덕암동 58-17,134.16,철근콘크리트구조,제2종근린생활시설,(철근)콘크리트,2012-02-23
대전광역시 대덕구 덕암동 58-18,477.88,철근콘크리트구조,공동주택,(철근)콘크리트,1996-04-03
대전광역시 대덕구 덕암동 58-2,205.68,벽돌구조,공동주택,(철근)콘크리트,1990-11-16
대전광역시 대덕구 덕암동 58-20,103.33,벽돌구조,단독주택,(철근)콘크리트,1989-01-11
대전광역시 대덕구 덕암동 58-22,76.07,벽돌구조,단독주택,(철근)콘크리트,1989-07-14
대전광역시 대덕구 덕암동 58-23,70.5,벽돌구조,단독주택,(철근)콘크리트,1996-11-04
대전광역시 대덕구 덕암동 58-24,104.09,벽돌구조,단독주택,(철근)콘크리트,1991-03-15
대전광역시 대덕구 덕암동 58-26,65.24,벽돌구조,단독주택,(철근)콘크리트,1984-12-03
대전광역시 대덕구 덕암동 58-27,88.0,경량철골구조,제2종근린생활시설,기타지붕,2003-02-27
대전광역시 대덕구 덕암동 58-29,136.0,일반철골구조,제2종근린생활시설,기타지붕,2003-07-31
대전광역시 대덕구 덕암동 58-3,516.6,철근콘크리트구조,공동주택,(철근)콘크리트,1991-01-23
대전광역시 대덕구 덕암동 58-30,204.55,철근콘크리트구조,단독주택,(철근)콘크리트,2011-11-17
대전광역시 대덕구 덕암동 58-32,120.21,벽돌구조,단독주택,(철근)콘크리트,1996-09-23
대전광역시 대덕구 덕암동 58-33,76.57,벽돌구조,단독주택,(철근)콘크리트,1997-06-05
대전광역시 대덕구 덕암동 58-34,90.7,기타구조,단독주택,기타지붕,1997-06-23
대전광역시 대덕구 덕암동 58-4,82.29,벽돌구조,단독주택,(철근)콘크리트,1991-07-29
대전광역시 대덕구 덕암동 58-5,49.5,경량철골구조,제2종근린생활시설,기타지붕,1997-11-28
대전광역시 대덕구 덕암동 58-6,334.35,경량철골구조,창고시설,기타지붕,1993-10-07
대전광역시 대덕구 덕암동 58-7,603.92,철근콘크리트구조,공동주택,(철근)콘크리트,1992-01-08
대전광역시 대덕구 덕암동 58-8,239.94,철근콘크리트구조,공동주택,(철근)콘크리트,1992-11-09
대전광역시 대덕구 덕암동 58-9,197.13,철근콘크리트구조,단독주택,(철근)콘크리트,2015-02-11
대전광역시 대덕구 덕암동 59-10,109.84,경량철골구조,제2종근린생활시설,기타지붕,1989-01-10
대전광역시 대덕구 덕암동 59-11,143.56,벽돌구조,단독주택,(철근)콘크리트,1991-05-20
대전광역시 대덕구 덕암동 59-13,204.33,철근콘크리트구조,단독주택,(철근)콘크리트,1992-11-10
대전광역시 대덕구 덕암동 59-15,202.24,벽돌구조,공동주택,(철근)콘크리트,1990-01-04
대전광역시 대덕구 덕암동 59-16,202.24,벽돌구조,공동주택,(철근)콘크리트,1990-01-04
대전광역시 대덕구 덕암동 59-17,202.24,벽돌구조,공동주택,(철근)콘크리트,1990-01-04
대전광역시 대덕구 덕암동 59-18,244.7,벽돌구조,공동주택,(철근)콘크리트,1990-11-13
대전광역시 대덕구 덕암동 59-3,362.88,경량철골구조,제2종근린생활시설,(철근)콘크리트,1992-01-31
대전광역시 대덕구 덕암동 59-5,155.94,철근콘크리트구조,단독주택,(철근)콘크리트,1996-12-13
대전광역시 대덕구 덕암동 59-6,99.97,벽돌구조,단독주택,(철근)콘크리트,1991-05-20
대전광역시 대덕구 덕암동 59-7,198.75,일반철골구조,제2종근린생활시설,기타지붕,2015-05-26
대전광역시 대덕구 덕암동 59-9,104.8,벽돌구조,단독주택,(철근)콘크리트,1991-09-06
대전광역시 대덕구 덕암동 6-1,385.94,철근콘크리트구조,공동주택,(철근)콘크리트,2004-09-04
대전광역시 대덕구 덕암동 6-11,67.71,벽돌구조,단독주택,(철근)콘크리트,1986-10-06
대전광역시 대덕구 덕암동 6-13,201.97,기타강구조,제2종근린생활시설,기타지붕,2007-12-27
대전광역시 대덕구 덕암동 6-14,224.465,철근콘크리트구조,단독주택,(철근)콘크리트,1994-11-17
대전광역시 대덕구 덕암동 6-15,106.49,철근콘크리트구조,단독주택,(철근)콘크리트,2005-08-05
대전광역시 대덕구 덕암동 6-16,80.13,벽돌구조,단독주택,(철근)콘크리트,1988-01-21
대전광역시 대덕구 덕암동 6-17,146.67,철근콘크리트구조,단독주택,(철근)콘크리트,2019-01-23
대전광역시 대덕구 덕암동 6-18,116.57,벽돌구조,단독주택,(철근)콘크리트,1996-10-07
대전광역시 대덕구 덕암동 6-19,160.84,철근콘크리트구조,단독주택,(철근)콘크리트,1996-10-23
대전광역시 대덕구 덕암동 6-2,282.46,철근콘크리트구조,제2종근린생활시설,(철근)콘크리트,2011-05-30
대전광역시 대덕구 덕암동 6-20,118.44,벽돌구조,단독주택,(철근)콘크리트,1991-07-25
대전광역시 대덕구 덕암동 6-21,98.0,경량철골구조,제2종근린생활시설,기타지붕,2012-07-04
대전광역시 대덕구 덕암동 6-22,117.63,벽돌구조,단독주택,(철근)콘크리트,1991-11-02
대전광역시 대덕구 덕암동 6-23,92.86,벽돌구조,단독주택,(철근)콘크리트,1991-11-02
대전광역시 대덕구 덕암동 6-24,87.72,벽돌구조,단독주택,(철근)콘크리트,1991-09-06
대전광역시 대덕구 덕암동 6-25,285.6,철근콘크리트구조,공동주택,(철근)콘크리트,1997-08-22
대전광역시 대덕구 덕암동 6-26,71.86,벽돌구조,단독주택,(철근)콘크리트,1987-07-10
대전광역시 대덕구 덕암동 6-27,70.36,벽돌구조,단독주택,(철근)콘크리트,1986-10-10
대전광역시 대덕구 덕암동 6-3,99.19,일반철골구조,제2종근린생활시설,기타지붕,2010-02-10
대전광역시 대덕구 덕암동 6-4,94.17,벽돌구조,단독주택,(철근)콘크리트,1979-08-14
대전광역시 대덕구 덕암동 6-6,54.06,철근콘크리트구조,단독주택,(철근)콘크리트,2021-05-21
대전광역시 대덕구 덕암동 60-11,264.48,철근콘크리트구조,단독주택,(철근)콘크리트,2020-04-17
대전광역시 대덕구 덕암동 60-13,303.09,벽돌구조,창고시설,(철근)콘크리트,1997-10-17
대전광역시 대덕구 덕암동 60-18,264.48,철근콘크리트구조,단독주택,(철근)콘크리트,2020-04-17
대전광역시 대덕구 덕암동 60-19,264.48,철근콘크리트구조,단독주택,(철근)콘크리트,2020-04-17
대전광역시 대덕구 덕암동 60-2,283.87,철근콘크리트구조,제2종근린생활시설,(철근)콘크리트,1990-10-23
대전광역시 대덕구 덕암동 60-3,584.96,일반철골구조,창고시설,기타지붕,2004-07-14
대전광역시 대덕구 덕암동 60-5,248.11,일반철골구조,창고시설,기타지붕,2010-09-14
대전광역시 대덕구 덕암동 60-6,459.28,철근콘크리트구조,업무시설,(철근)콘크리트,1993-07-16
대전광역시 대덕구 덕암동 60-8,178.91,철근콘크리트구조,단독주택,(철근)콘크리트,2022-05-20
대전광역시 대덕구 덕암동 60-9,211.36,철근콘크리트구조,단독주택,(철근)콘크리트,2012-06-13
대전광역시 대덕구 덕암동 61-1,281.76,철근콘크리트구조,공동주택,(철근)콘크리트,1997-06-26
대전광역시 대덕구 덕암동 61-11,520.56,철근콘크리트구조,공동주택,(철근)콘크리트,1993-11-16
대전광역시 대덕구 덕암동 61-12,92.44,벽돌구조,단독주택,(철근)콘크리트,1990-06-12
대전광역시 대덕구 덕암동 61-13,167.37,벽돌구조,단독주택,기와,1985-10-08
대전광역시 대덕구 덕암동 61-15,75.92,벽돌구조,단독주택,(철근)콘크리트,1986-09-10
대전광역시 대덕구 덕암동 61-18,88.24,벽돌구조,단독주택,(철근)콘크리트,1987-05-06
대전광역시 대덕구 덕암동 61-19,19.83,기타조적구조,단독주택,슬레이트,1920
대전광역시 대덕구 덕암동 61-2,287.46,철근콘크리트구조,교육연구시설,(철근)콘크리트,1997-03-08
대전광역시 대덕구 덕암동 61-21,131.89,철근콘크리트구조,단독주택,(철근)콘크리트,2010-07-02
대전광역시 대덕구 덕암동 61-24,452.82,철근콘크리트구조,공동주택,(철근)콘크리트,1996-10-29
대전광역시 대덕구 덕암동 61-26,114.65,철근콘크리트구조,제2종근린생활시설,(철근)콘크리트,1994-05-25
대전광역시 대덕구 덕암동 61-27,92.44,벽돌구조,단독주택,(철근)콘크리트,1990-06-12
대전광역시 대덕구 덕암동 61-29,101.22,벽돌구조,단독주택,(철근)콘크리트,1990-04-23
대전광역시 대덕구 덕암동 61-30,92.26,벽돌구조,단독주택,(철근)콘크리트,1990-02-15
대전광역시 대덕구 덕암동 61-31,232.1,철근콘크리트구조,단독주택,(철근)콘크리트,2023-01-05
대전광역시 대덕구 덕암동 61-32,262.52,철근콘크리트구조,단독주택,(철근)콘크리트,2023-01-12
대전광역시 대덕구 덕암동 61-7,109.81,벽돌구조,단독주택,(철근)콘크리트,1991-10-05
대전광역시 대덕구 덕암동 61-9,29.16,경량철골구조,창고시설,기타지붕,2019-10-11
대전광역시 대덕구 덕암동 62-1,324.66,경량철골구조,제2종근린생활시설,기타지붕,2002-07-02
대전광역시 대덕구 덕암동 62-10,116.4,철근콘크리트구조,단독주택,(철근)콘크리트,1994-08-25
대전광역시 대덕구 덕암동 62-11,103.2,벽돌구조,단독주택,기와,1994-06-30
대전광역시 대덕구 덕암동 62-12,125.64,경량철골구조,창고시설,기타지붕,1997-04-14
대전광역시 대덕구 덕암동 62-14,441.68,철근콘크리트구조,공동주택,(철근)콘크리트,1991-05-30
대전광역시 대덕구 덕암동 62-15,801.04,철근콘크리트구조,공동주택,(철근)콘크리트,1991-04-04
대전광역시 대덕구 덕암동 62-16,100.76,벽돌구조,단독주택,(철근)콘크리트,1988-12-08
대전광역시 대덕구 덕암동 62-18,1646.9599999999998,철근콘크리트구조,공동주택,(철근)콘크리트,1988-07-04
대전광역시 대덕구 덕암동 62-19,85.32,벽돌구조,단독주택,(철근)콘크리트,1984-10-31
대전광역시 대덕구 덕암동 62-2,81.0,벽돌구조,단독주택,기타지붕,1984-12-17
대전광역시 대덕구 덕암동 62-20,672.28,일반철골구조,창고시설,기타지붕,1998-04-13
대전광역시 대덕구 덕암동 62-21,114.0,철근콘크리트구조,단독주택,(철근)콘크리트,1995-05-12
대전광역시 대덕구 덕암동 62-23,60.4,벽돌구조,단독주택,(철근)콘크리트,1991-06-08
대전광역시 대덕구 덕암동 62-24,68.41,벽돌구조,단독주택,(철근)콘크리트,1984-08-22
대전광역시 대덕구 덕암동 62-25,111.01,벽돌구조,단독주택,(철근)콘크리트,1997-05-10
대전광역시 대덕구 덕암동 62-26,103.98,벽돌구조,단독주택,(철근)콘크리트,1998-09-23
대전광역시 대덕구 덕암동 62-27,212.27,철근콘크리트구조,단독주택,(철근)콘크리트,1995-07-18
대전광역시 대덕구 덕암동 62-30,86.34,벽돌구조,단독주택,(철근)콘크리트,1987-10-19
대전광역시 대덕구 덕암동 62-31,86.29,벽돌구조,단독주택,(철근)콘크리트,1990-01-16
대전광역시 대덕구 덕암동 62-32,86.29,벽돌구조,단독주택,(철근)콘크리트,1990-01-16
대전광역시 대덕구 덕암동 62-34,82.64,벽돌구조,단독주택,(철근)콘크리트,1989-11-21
대전광역시 대덕구 덕암동 62-4,96.2,벽돌구조,단독주택,(철근)콘크리트,1992-06-09
대전광역시 대덕구 덕암동 62-5,96.29,벽돌구조,단독주택,(철근)콘크리트,1990-04-11
대전광역시 대덕구 덕암동 62-6,985.9200000000001,철근콘크리트구조,공동주택,(철근)콘크리트,1991-12-12
대전광역시 대덕구 덕암동 62-7,312.65999999999997,벽돌구조,단독주택,(철근)콘크리트,1990-07-27
대전광역시 대덕구 덕암동 62-8,441.68,철근콘크리트구조,공동주택,(철근)콘크리트,1991-05-30
대전광역시 대덕구 덕암동 62-9,364.4,경량철골구조,단독주택,기타지붕,1989-12-18
대전광역시 대덕구 덕암동 64-1,392.99,벽돌구조,단독주택,기와,1983-10-31
대전광역시 대덕구 덕암동 64-10,509.73,일반철골구조,창고시설,기타지붕,2003-12-30
대전광역시 대덕구 덕암동 64-11,406.08,벽돌구조,공동주택,(철근)콘크리트,1990-11-13
대전광역시 대덕구 덕암동 64-12,207.24,벽돌구조,공동주택,(철근)콘크리트,1989-12-12
대전광역시 대덕구 덕암동 64-13,426.6,철근콘크리트구조,공동주택,(철근)콘크리트,1995-12-13
대전광역시 대덕구 덕암동 64-14,459.36,철근콘크리트구조,공동주택,(철근)콘크리트,1991-06-12
대전광역시 대덕구 덕암동 64-15,459.36,철근콘크리트구조,공동주택,(철근)콘크리트,1991-06-12
대전광역시 대덕구 덕암동 64-16,103.56,경량철골구조,제2종근린생활시설,(철근)콘크리트,1990-01-15
대전광역시 대덕구 덕암동 64-17,117.63,철근콘크리트구조,제2종근린생활시설,(철근)콘크리트,1990-10-11
대전광역시 대덕구 덕암동 64-19,370.0,철근콘크리트구조,공동주택,(철근)콘크리트,1994-10-29
대전광역시 대덕구 덕암동 64-2,459.36,철근콘크리트구조,공동주택,(철근)콘크리트,1991-06-12
대전광역시 대덕구 덕암동 64-20,257.52,철근콘크리트구조,공동주택,(철근)콘크리트,1996-08-12
대전광역시 대덕구 덕암동 64-22,190.0,일반철골구조,제2종근린생활시설,기타지붕,2002-05-28
대전광역시 대덕구 덕암동 64-3,378.76,철근콘크리트구조,공동주택,(철근)콘크리트,1994-06-27
대전광역시 대덕구 덕암동 64-4,206.17,철근콘크리트구조,단독주택,(철근)콘크리트,2019-08-23
대전광역시 대덕구 덕암동 64-5,113.56,벽돌구조,단독주택,(철근)콘크리트,1991-12-12
대전광역시 대덕구 덕암동 64-6,236.82,철근콘크리트구조,단독주택,(철근)콘크리트,2012-12-12
대전광역시 대덕구 덕암동 64-7,634.26,철근콘크리트구조,공동주택,(철근)콘크리트,2004-11-09
대전광역시 대덕구 덕암동 64-9,196.3,경량철골구조,제2종근린생활시설,기타지붕,1995-03-28
대전광역시 대덕구 덕암동 65-10,91.08,경량철골구조,제2종근린생활시설,기타지붕,2017-03-14
대전광역시 대덕구 덕암동 65-12,504.72,벽돌구조,공동주택,(철근)콘크리트,1990-01-04
대전광역시 대덕구 덕암동 65-13,139.87,벽돌구조,단독주택,(철근)콘크리트,1992-06-11
대전광역시 대덕구 덕암동 65-14,415.58,철근콘크리트구조,공동주택,(철근)콘크리트,1997-07-12
대전광역시 대덕구 덕암동 65-16,305.37,철근콘크리트구조,단독주택,(철근)콘크리트,2022-12-15
대전광역시 대덕구 덕암동 65-4,659.1600000000001,일반철골구조,창고시설,기타지붕,2021-08-06
대전광역시 대덕구 덕암동 65-5,495.79,일반철골구조,종교시설,(철근)콘크리트,2004-01-15
대전광역시 대덕구 덕암동 65-6,415.58,철근콘크리트구조,공동주택,(철근)콘크리트,1997-07-12
대전광역시 대덕구 덕암동 65-7,500.64,벽돌구조,공동주택,(철근)콘크리트,1990-01-04
대전광역시 대덕구 덕암동 65-8,124.94,철근콘크리트구조,제2종근린생활시설,(철근)콘크리트,1992-06-19
대전광역시 대덕구 덕암동 66,84.29,벽돌구조,단독주택,기와,1965
대전광역시 대덕구 덕암동 66-4,37.81,일반목구조,단독주택,기와,1935
대전광역시 대덕구 덕암동 68-2,24.9,일반철골구조,제2종근린생활시설,기타지붕,2012-05-29
대전광역시 대덕구 덕암동 69,59.5,블록구조,단독주택,기와,1967
대전광역시 대덕구 덕암동 7-1,180.08,철근콘크리트구조,단독주택,(철근)콘크리트,2015-12-02
대전광역시 대덕구 덕암동 7-12,100.58,철근콘크리트구조,단독주택,(철근)콘크리트,2005-08-31
대전광역시 대덕구 덕암동 7-13,98.1,일반철골구조,단독주택,기타지붕,2009-12-09
대전광역시 대덕구 덕암동 7-14,101.73,벽돌구조,단독주택,(철근)콘크리트,1978-06-14
대전광역시 대덕구 덕암동 7-15,67.83,벽돌구조,단독주택,기와,1973
대전광역시 대덕구 덕암동 7-19,49.92,벽돌구조,단독주택,(철근)콘크리트,1980-05-02
대전광역시 대덕구 덕암동 7-2,125.65,벽돌구조,단독주택,(철근)콘크리트,1995-08-10
대전광역시 대덕구 덕암동 7-20,171.89999999999998,벽돌구조,단독주택,(철근)콘크리트,1977-11-03
대전광역시 대덕구 덕암동 7-21,157.39,철근콘크리트구조,단독주택,(철근)콘크리트,2015-07-31
대전광역시 대덕구 덕암동 7-23,227.9,철근콘크리트구조,단독주택,(철근)콘크리트,2004-01-16
대전광역시 대덕구 덕암동 7-25,140.0,경량철골구조,창고시설,기타지붕,2007-05-15
대전광역시 대덕구 덕암동 7-26,84.11,벽돌구조,단독주택,(철근)콘크리트,1989-04-14
대전광역시 대덕구 덕암동 7-27,96.29,벽돌구조,단독주택,(철근)콘크리트,1991-08-19
대전광역시 대덕구 덕암동 7-28,106.96,벽돌구조,단독주택,(철근)콘크리트,1985-05-06
대전광역시 대덕구 덕암동 7-29,120.32,철근콘크리트구조,단독주택,(철근)콘크리트,2019-01-24
대전광역시 대덕구 덕암동 7-3,121.94,철근콘크리트구조,단독주택,(철근)콘크리트,2019-10-28
대전광역시 대덕구 덕암동 7-30,150.5,철근콘크리트구조,단독주택,기타지붕,2008-07-31
대전광역시 대덕구 덕암동 7-31,72.08,벽돌구조,단독주택,(철근)콘크리트,1985-12-21
대전광역시 대덕구 덕암동 7-32,71.83,벽돌구조,단독주택,(철근)콘크리트,1982-08-31
대전광역시 대덕구 덕암동 7-33,89.03,벽돌구조,단독주택,(철근)콘크리트,1985-06-17
대전광역시 대덕구 덕암동 7-34,241.06,철근콘크리트구조,단독주택,(철근)콘크리트,2019-04-19
대전광역시 대덕구 덕암동 7-37,88.43,벽돌구조,단독주택,(철근)콘크리트,1989-04-22
대전광역시 대덕구 덕암동 7-38,128.13,철근콘크리트구조,단독주택,(철근)콘크리트,2008-05-30
대전광역시 대덕구 덕암동 7-39,44.18,벽돌구조,단독주택,(철근)콘크리트,1990-08-01
대전광역시 대덕구 덕암동 7-4,84.96,철근콘크리트구조,단독주택,(철근)콘크리트,2003-07-02
대전광역시 대덕구 덕암동 7-40,205.2,벽돌구조,공동주택,(철근)콘크리트,1990-06-22
대전광역시 대덕구 덕암동 7-41,187.36,벽돌구조,공동주택,(철근)콘크리트,1990-07-05
대전광역시 대덕구 덕암동 7-47,53.07,벽돌구조,단독주택,(철근)콘크리트,1980-05-02
대전광역시 대덕구 덕암동 7-48,172.52,철근콘크리트구조,단독주택,(철근)콘크리트,2019-04-19
대전광역시 대덕구 덕암동 7-5,102.4,철근콘크리트구조,단독주택,(철근)콘크리트,2018-11-08
대전광역시 대덕구 덕암동 7-6,132.45,벽돌구조,단독주택,(철근)콘크리트,1996-07-31
대전광역시 대덕구 덕암동 7-8,67.33,벽돌구조,단독주택,(철근)콘크리트,1979-05-29
대전광역시 대덕구 덕암동 70-1,285.71,철근콘크리트구조,단독주택,(철근)콘크리트,2022-10-24
대전광역시 대덕구 덕암동 70-10,116.96,철근콘크리트구조,단독주택,(철근)콘크리트,2016-11-21
대전광역시 대덕구 덕암동 70-12,115.09,철근콘크리트구조,단독주택,(철근)콘크리트,1996-06-11
대전광역시 대덕구 덕암동 70-14,84.5,벽돌구조,단독주택,(철근)콘크리트,1986-04-20
대전광역시 대덕구 덕암동 70-17,161.8,경량철골구조,자동차관련시설,기타지붕,1999-12-08
대전광역시 대덕구 덕암동 70-2,115.1,철근콘크리트구조,단독주택,(철근)콘크리트,2003-11-14
대전광역시 대덕구 덕암동 70-20,84.5,벽돌구조,단독주택,(철근)콘크리트,1986-04-20
대전광역시 대덕구 덕암동 70-21,84.5,벽돌구조,단독주택,(철근)콘크리트,1986-04-20
대전광역시 대덕구 덕암동 70-22,868.3,철근콘크리트구조,공동주택,(철근)콘크리트,2012-09-19
대전광역시 대덕구 덕암동 70-23,850.848,철근콘크리트구조,공동주택,(철근)콘크리트,2012-11-09
대전광역시 대덕구 덕암동 70-24,281.28,철근콘크리트구조,단독주택,(철근)콘크리트,2022-05-13
대전광역시 대덕구 덕암동 70-25,427.2,철근콘크리트구조,공동주택,(철근)콘크리트,2022-08-19
대전광역시 대덕구 덕암동 70-26,427.2,철근콘크리트구조,공동주택,(철근)콘크리트,2022-08-19
대전광역시 대덕구 덕암동 70-3,102.66,경량철골구조,제2종근린생활시설,기타지붕,2001-06-07
대전광역시 대덕구 덕암동 70-4,114.56,벽돌구조,단독주택,(철근)콘크리트,1997-04-07
대전광역시 대덕구 덕암동 70-5,112.8,일반철골구조,제2종근린생활시설,기타지붕,2007-05-10
대전광역시 대덕구 덕암동 70-7,196.13,철근콘크리트구조,단독주택,(철근)콘크리트,2015-11-04
대전광역시 대덕구 덕암동 70-8,166.16,경량철골구조,제2종근린생활시설,기타지붕,2011-07-29
대전광역시 대덕구 덕암동 70-9,115.36,철근콘크리트구조,단독주택,(철근)콘크리트,2018-03-06
대전광역시 대덕구 덕암동 71-1,442.56,철근콘크리트구조,공동주택,(철근)콘크리트,1991-12-18
대전광역시 대덕구 덕암동 71-10,142.17,철근콘크리트구조,노유자시설,(철근)콘크리트,2005-08-23
대전광역시 대덕구 덕암동 71-13,129.07,철근콘크리트구조,단독주택,(철근)콘크리트,2007-07-20
대전광역시 대덕구 덕암동 71-14,386.88,철근콘크리트구조,공동주택,(철근)콘크리트,1991-11-23
대전광역시 대덕구 덕암동 71-15,442.56,철근콘크리트구조,공동주택,(철근)콘크리트,1991-11-08
대전광역시 대덕구 덕암동 71-16,442.56,벽돌구조,공동주택,(철근)콘크리트,1991-11-02
대전광역시 대덕구 덕암동 71-17,442.56,철근콘크리트구조,공동주택,(철근)콘크리트,1991-09-20
대전광역시 대덕구 덕암동 71-19,118.42,철근콘크리트구조,단독주택,(철근)콘크리트,1994-08-01
대전광역시 대덕구 덕암동 71-2,226.12,일반철골구조,창고시설,기타지붕,2006-02-10
대전광역시 대덕구 덕암동 71-21,97.68,기타조적구조,단독주택,(철근)콘크리트,1987-07-11
대전광역시 대덕구 덕암동 71-22,96.77,기타강구조,단독주택,기타지붕,1997-06-27
대전광역시 대덕구 덕암동 71-24,153.49,철근콘크리트구조,단독주택,(철근)콘크리트,1999-07-02
대전광역시 대덕구 덕암동 71-3,85.24,경량철골구조,단독주택,기타지붕,1996-12-03
대전광역시 대덕구 덕암동 71-4,85.2,벽돌구조,단독주택,(철근)콘크리트,1988-01-21
대전광역시 대덕구 덕암동 71-5,143.65,벽돌구조,단독주택,(철근)콘크리트,1985-11-06
대전광역시 대덕구 덕암동 71-6,235.74,벽돌구조,단독주택,(철근)콘크리트,1982-06-26
대전광역시 대덕구 덕암동 71-7,269.35,철근콘크리트구조,교육연구시설,(철근)콘크리트,2005-08-23
대전광역시 대덕구 덕암동 72-1,102.35,벽돌구조,단독주택,기와,1993-10-09
대전광역시 대덕구 덕암동 72-10,155.44,벽돌구조,단독주택,(철근)콘크리트,1995-12-11
대전광역시 대덕구 덕암동 72-11,91.14,벽돌구조,단독주택,(철근)콘크리트,1992-02-14
대전광역시 대덕구 덕암동 72-12,446.665,철근콘크리트구조,공동주택,(철근)콘크리트,2013-04-04
대전광역시 대덕구 덕암동 72-13,82.16,벽돌구조,단독주택,(철근)콘크리트,1991-04-16
대전광역시 대덕구 덕암동 72-14,112.74,벽돌구조,단독주택,(철근)콘크리트,1990-04-04
대전광역시 대덕구 덕암동 72-15,77.35,벽돌구조,단독주택,(철근)콘크리트,1984-10-08
대전광역시 대덕구 덕암동 72-17,52.0,벽돌구조,단독주택,(철근)콘크리트,1985-12-30
대전광역시 대덕구 덕암동 72-18,337.2,철근콘크리트구조,공동주택,(철근)콘크리트,1994-10-17
대전광역시 대덕구 덕암동 72-19,337.2,철근콘크리트구조,공동주택,(철근)콘크리트,1994-10-18
대전광역시 대덕구 덕암동 72-2,79.88,벽돌구조,단독주택,(철근)콘크리트,1988-10-12
대전광역시 대덕구 덕암동 72-20,90.88,철근콘크리트구조,단독주택,(철근)콘크리트,1994-09-07
대전광역시 대덕구 덕암동 72-21,93.77,철근콘크리트구조,단독주택,(철근)콘크리트,1994-09-07
대전광역시 대덕구 덕암동 72-22,81.36,벽돌구조,단독주택,(철근)콘크리트,1994-06-30
대전광역시 대덕구 덕암동 72-23,94.99,벽돌구조,단독주택,기와,1993-10-09
대전광역시 대덕구 덕암동 72-24,100.73,벽돌구조,단독주택,기와,1993-10-12
대전광역시 대덕구 덕암동 72-25,75.48,벽돌구조,단독주택,(철근)콘크리트,1988-12-14
대전광역시 대덕구 덕암동 72-26,78.75,벽돌구조,단독주택,(철근)콘크리트,1985-06-20
대전광역시 대덕구 덕암동 72-28,446.665,철근콘크리트구조,공동주택,(철근)콘크리트,2013-04-04
대전광역시 대덕구 덕암동 72-29,446.665,철근콘크리트구조,공동주택,(철근)콘크리트,2013-04-04
대전광역시 대덕구 덕암동 72-3,347.0,철근콘크리트구조,공동주택,(철근)콘크리트,2004-06-22
대전광역시 대덕구 덕암동 72-5,337.2,철근콘크리트구조,공동주택,(철근)콘크리트,1994-10-17
대전광역시 대덕구 덕암동 72-6,184.3,철근콘크리트구조,단독주택,(철근)콘크리트,2013-12-27
대전광역시 대덕구 덕암동 72-7,190.76,철근콘크리트구조,단독주택,(철근)콘크리트,1998-02-07
대전광역시 대덕구 덕암동 72-9,202.95999999999998,철근콘크리트구조,단독주택,(철근)콘크리트,2017-09-28
대전광역시 대덕구 덕암동 77-1,111.27,벽돌구조,단독주택,(철근)콘크리트,1979-07-12
대전광역시 대덕구 덕암동 77-10,409.92,벽돌구조,공동주택,(철근)콘크리트,1989-10-05
대전광역시 대덕구 덕암동 77-11,74.13,벽돌구조,단독주택,(철근)콘크리트,1979-07-12
대전광역시 대덕구 덕암동 77-12,103.52,벽돌구조,단독주택,(철근)콘크리트,2002-08-23
대전광역시 대덕구 덕암동 77-13,74.13,벽돌구조,단독주택,(철근)콘크리트,1979-07-12
대전광역시 대덕구 덕암동 77-14,74.121,벽돌구조,단독주택,(철근)콘크리트,1979-07-12
대전광역시 대덕구 덕암동 77-15,74.13,벽돌구조,단독주택,(철근)콘크리트,1979-07-12
대전광역시 대덕구 덕암동 77-16,79.23,경량철골구조,단독주택,기타지붕,2024-01-03
대전광역시 대덕구 덕암동 77-18,87.3,벽돌구조,단독주택,(철근)콘크리트,1991-01-03
대전광역시 대덕구 덕암동 77-19,212.53,철근콘크리트구조,단독주택,(철근)콘크리트,2013-11-20
대전광역시 대덕구 덕암동 77-2,99.02,벽돌구조,단독주택,(철근)콘크리트,1979-07-12
대전광역시 대덕구 덕암동 77-20,66.17,벽돌구조,단독주택,(철근)콘크리트,1979-07-12
대전광역시 대덕구 덕암동 77-21,105.77,벽돌구조,단독주택,(철근)콘크리트,
대전광역시 대덕구 덕암동 77-22,108.65,벽돌구조,단독주택,(철근)콘크리트,1984-07-12
대전광역시 대덕구 덕암동 77-23,163.07,철근콘크리트구조,단독주택,(철근)콘크리트,1997-04-11
대전광역시 대덕구 덕암동 77-24,87.51,벽돌구조,단독주택,(철근)콘크리트,1991-01-03
대전광역시 대덕구 덕암동 77-25,78.72,벽돌구조,단독주택,(철근)콘크리트,1994-07-06
대전광역시 대덕구 덕암동 77-26,99.73,벽돌구조,단독주택,(철근)콘크리트,1992-04-14
대전광역시 대덕구 덕암동 77-27,168.02,벽돌구조,단독주택,(철근)콘크리트,1995-07-15
대전광역시 대덕구 덕암동 77-3,74.13,벽돌구조,단독주택,(철근)콘크리트,1979-07-12
대전광역시 대덕구 덕암동 77-30,87.35,벽돌구조,단독주택,(철근)콘크리트,1988-06-24
대전광역시 대덕구 덕암동 77-31,103.26,벽돌구조,단독주택,(철근)콘크리트,1994-06-27
대전광역시 대덕구 덕암동 77-4,74.13,벽돌구조,단독주택,(철근)콘크리트,1979-07-12
대전광역시 대덕구 덕암동 77-5,66.17,벽돌구조,단독주택,(철근)콘크리트,1979-07-12
대전광역시 대덕구 덕암동 77-6,74.13,벽돌구조,단독주택,(철근)콘크리트,1979-07-12
대전광역시 대덕구 덕암동 77-7,66.14,벽돌구조,단독주택,(철근)콘크리트,1979-07-12
대전광역시 대덕구 덕암동 78-1,89.93,벽돌구조,단독주택,(철근)콘크리트,1989-02-11
대전광역시 대덕구 덕암동 78-10,433.5,철근콘크리트구조,공동주택,(철근)콘크리트,1994-10-07
대전광역시 대덕구 덕암동 78-11,84.37,벽돌구조,단독주택,(철근)콘크리트,1986-06-16
대전광역시 대덕구 덕암동 78-12,101.32,경량철골구조,단독주택,기타지붕,2015-07-13
대전광역시 대덕구 덕암동 78-13,456.86,철근콘크리트구조,공동주택,(철근)콘크리트,1996-05-07
대전광역시 대덕구 덕암동 78-14,84.6,경량철골구조,단독주택,기타지붕,2015-10-28
대전광역시 대덕구 덕암동 78-15,85.74,벽돌구조,단독주택,(철근)콘크리트,1986-03-21
대전광역시 대덕구 덕암동 78-18,381.08,철근콘크리트구조,공동주택,(철근)콘크리트,1997-08-04
대전광역시 대덕구 덕암동 78-22,86.82,벽돌구조,단독주택,(철근)콘크리트,1990-07-21
대전광역시 대덕구 덕암동 78-23,366.9,철근콘크리트구조,공동주택,(철근)콘크리트,1997-11-25
대전광역시 대덕구 덕암동 78-24,86.28,벽돌구조,단독주택,(철근)콘크리트,1986-03-21
대전광역시 대덕구 덕암동 78-26,83.49,벽돌구조,단독주택,(철근)콘크리트,1989-05-26
대전광역시 대덕구 덕암동 78-27,77.24,벽돌구조,단독주택,(철근)콘크리트,1989-05-26
대전광역시 대덕구 덕암동 78-29,85.34,벽돌구조,단독주택,(철근)콘크리트,1990-12-07
대전광역시 대덕구 덕암동 78-3,130.61,철근콘크리트구조,단독주택,(철근)콘크리트,2002-09-17
대전광역시 대덕구 덕암동 78-30,85.34,벽돌구조,단독주택,(철근)콘크리트,1990-12-07
대전광역시 대덕구 덕암동 78-4,336.6,철근콘크리트구조,공동주택,(철근)콘크리트,1992-05-25
대전광역시 대덕구 덕암동 78-5,413.44,철근콘크리트구조,공동주택,(철근)콘크리트,1997-11-25
대전광역시 대덕구 덕암동 78-7,82.02,벽돌구조,단독주택,(철근)콘크리트,1989-10-30
대전광역시 대덕구 덕암동 78-9,114.38,벽돌구조,단독주택,(철근)콘크리트,1994-08-22
대전광역시 대덕구 덕암동 79-1,441.44,철근콘크리트구조,공동주택,(철근)콘크리트,1998-07-31
대전광역시 대덕구 덕암동 79-11,514.08,철근콘크리트구조,공동주택,(철근)콘크리트,1994-11-09
대전광역시 대덕구 덕암동 79-12,514.08,철근콘크리트구조,공동주택,(철근)콘크리트,1994-11-10
대전광역시 대덕구 덕암동 79-13,507.04,철근콘크리트구조,공동주택,(철근)콘크리트,1995-10-09
대전광역시 대덕구 덕암동 79-14,268.71,철근콘크리트구조,제2종근린생활시설,(철근)콘크리트,1995-09-27
대전광역시 대덕구 덕암동 79-16,162.56,철근콘크리트구조,단독주택,(철근)콘크리트,1997-10-18
대전광역시 대덕구 덕암동 79-17,441.44,철근콘크리트구조,공동주택,(철근)콘크리트,1999-06-07
대전광역시 대덕구 덕암동 79-2,725.2,일반철골구조,창고시설,기타지붕,2020-06-01
대전광역시 대덕구 덕암동 79-21,571.3,철근콘크리트구조,공동주택,(철근)콘크리트,2013-08-07
대전광역시 대덕구 덕암동 79-4,398.36,일반철골구조,제2종근린생활시설,기타지붕,2020-06-02
대전광역시 대덕구 덕암동 79-5,689.24,철근콘크리트구조,공동주택,(철근)콘크리트,2013-08-07
대전광역시 대덕구 덕암동 79-6,332.78,일반철골구조,제2종근린생활시설,기타지붕,2019-05-14
대전광역시 대덕구 덕암동 79-7,292.4,일반철골구조,창고시설,기타지붕,2016-05-13
대전광역시 대덕구 덕암동 79-8,514.08,철근콘크리트구조,공동주택,(철근)콘크리트,1994-11-14
대전광역시 대덕구 덕암동 79-9,415.08,철근콘크리트구조,공동주택,(철근)콘크리트,1997-08-23
대전광역시 대덕구 덕암동 8-1,675.58,철근콘크리트구조,공동주택,(철근)콘크리트,2003-04-18
대전광역시 대덕구 덕암동 8-11,200.48,벽돌구조,공동주택,(철근)콘크리트,1990-06-08
대전광역시 대덕구 덕암동 8-12,116.72,벽돌구조,단독주택,(철근)콘크리트,1990-06-07
대전광역시 대덕구 덕암동 8-13,472.08,프리케스트콘크리트구조,공동주택,(철근)콘크리트,1995-05-09
대전광역시 대덕구 덕암동 8-14,97.02,벽돌구조,단독주택,(철근)콘크리트,1990-09-06
대전광역시 대덕구 덕암동 8-15,265.63,경량철골구조,제2종근린생활시설,기타지붕,2001-10-30
대전광역시 대덕구 덕암동 8-16,478.0,프리케스트콘크리트구조,공동주택,(철근)콘크리트,1997-10-15
대전광역시 대덕구 덕암동 8-17,126.54,철근콘크리트구조,제2종근린생활시설,(철근)콘크리트,1988-11-12
대전광역시 대덕구 덕암동 8-18,126.54,철근콘크리트구조,제2종근린생활시설,(철근)콘크리트,1988-11-12
대전광역시 대덕구 덕암동 8-2,333.18,철근콘크리트구조,숙박시설,(철근)콘크리트,1993-09-21
대전광역시 대덕구 덕암동 8-3,388.66,경량철골구조,제2종근린생활시설,(철근)콘크리트,1999-05-10
대전광역시 대덕구 덕암동 8-4,303.27,철근콘크리트구조,단독주택,(철근)콘크리트,2021-02-10
대전광역시 대덕구 덕암동 8-5,256.72,철근콘크리트구조,단독주택,(철근)콘크리트,2013-02-19
대전광역시 대덕구 덕암동 8-6,200.48,벽돌구조,공동주택,(철근)콘크리트,1990-06-08
대전광역시 대덕구 덕암동 8-7,200.48,벽돌구조,공동주택,(철근)콘크리트,1990-06-08
대전광역시 대덕구 덕암동 8-8,200.48,벽돌구조,공동주택,(철근)콘크리트,1990-06-08
대전광역시 대덕구 덕암동 8-9,200.48,벽돌구조,공동주택,(철근)콘크리트,1990-06-08
대전광역시 대덕구 덕암동 80,112.4,벽돌구조,단독주택,기와,1965
대전광역시 대덕구 덕암동 80-7,66.59,벽돌구조,단독주택,기와,1965
대전광역시 대덕구 덕암동 81,85.96,벽돌구조,단독주택,기와,1968
대전광역시 대덕구 덕암동 9-1,142.2,철근콘크리트구조,단독주택,(철근)콘크리트,2003-01-27
대전광역시 대덕구 덕암동 9-10,385.02,철근콘크리트구조,공동주택,(철근)콘크리트,2021-03-19
대전광역시 대덕구 덕암동 9-11,90.33,벽돌구조,단독주택,(철근)콘크리트,1990-12-07
대전광역시 대덕구 덕암동 9-13,264.48,철근콘크리트구조,단독주택,(철근)콘크리트,2020-01-21
대전광역시 대덕구 덕암동 9-17,88.74,벽돌구조,단독주택,(철근)콘크리트,1984-11-29
대전광역시 대덕구 덕암동 9-18,468.3,경량철골구조,창고시설,기타지붕,1994-07-12
대전광역시 대덕구 덕암동 9-19,448.5,철근콘크리트구조,공동주택,(철근)콘크리트,1994-06-02
대전광역시 대덕구 덕암동 9-2,318.02,철근콘크리트구조,공동주택,(철근)콘크리트,2006-09-27
대전광역시 대덕구 덕암동 9-20,115.2,철근콘크리트구조,단독주택,(철근)콘크리트,2004-01-03
대전광역시 대덕구 덕암동 9-21,176.82,철근콘크리트구조,단독주택,(철근)콘크리트,2012-06-08
대전광역시 대덕구 덕암동 9-22,89.28,벽돌구조,단독주택,(철근)콘크리트,1984-12-03
대전광역시 대덕구 덕암동 9-24,140.85,철근콘크리트구조,단독주택,(철근)콘크리트,2003-01-27
대전광역시 대덕구 덕암동 9-25,218.43,철근콘크리트구조,단독주택,(철근)콘크리트,2020-01-21
대전광역시 대덕구 덕암동 9-3,496.32,철근콘크리트구조,공동주택,(철근)콘크리트,1991-05-18
대전광역시 대덕구 덕암동 9-4,290.32,벽돌구조,단독주택,(철근)콘크리트,1989-12-30
대전광역시 대덕구 덕암동 9-5,278.3,철근콘크리트구조,노유자시설,(철근)콘크리트,2002-01-11
대전광역시 대덕구 덕암동 9-6,698.4,철근콘크리트구조,공동주택,(철근)콘크리트,1985-12-20
대전광역시 대덕구 덕암동 9-7,213.05,일반철골구조,제2종근린생활시설,기타지붕,2002-06-25
대전광역시 대덕구 덕암동 9-8,131.44,경량철골구조,공장,기타지붕,1994-05-31
대전광역시 대덕구 덕암동 9-9,234.6,철근콘크리트구조,단독주택,(철근)콘크리트,2011-10-13
대전광역시 대덕구 목상동 1-11,62.81,블록구조,단독주택,기와,1974
대전광역시 대덕구 목상동 10-1,49.59,기타조적구조,단독주택,슬레이트,1968
대전광역시 대덕구 목상동 100,123879.23000000001,일반철골구조,공장,기타지붕,2003-08-09
대전광역시 대덕구 목상동 12-2,123.61,철근콘크리트구조,제2종근린생활시설,(철근)콘크리트,1986-04-02
대전광역시 대덕구 목상동 13,79.5,벽돌구조,단독주택,(철근)콘크리트,1980-11-26
대전광역시 대덕구 목상동 13-1,125.61,일반목구조,단독주택,기와,1960
대전광역시 대덕구 목상동 13-4,108.36,벽돌구조,단독주택,(철근)콘크리트,1980-06-05
대전광역시 대덕구 목상동 13-7,123.79,벽돌구조,단독주택,(철근)콘크리트,1985-12-16
대전광역시 대덕구 목상동 13-8,0.0,일반목구조,단독주택,기타지붕,1940
대전광역시 대덕구 목상동 13-9,63.2,벽돌구조,단독주택,(철근)콘크리트,1981-03-12
대전광역시 대덕구 목상동 138-2,33.06,일반목구조,단독주택,기타지붕,1920
대전광역시 대덕구 목상동 14-1,46.28,일반목구조,단독주택,슬레이트,1921
대전광역시 대덕구 목상동 14-3,23.1,경량철골구조,제2종근린생활시설,기타지붕,2012-02-29
대전광역시 대덕구 목상동 14-4,177.79,경량철골구조,제2종근린생활시설,기타지붕,1971
대전광역시 대덕구 목상동 14-5,183.67,벽돌구조,단독주택,(철근)콘크리트,1996-10-04
대전광역시 대덕구 목상동 14-6,106.56,벽돌구조,단독주택,(철근)콘크리트,1998-11-26
대전광역시 대덕구 목상동 14-7,209.3,철근콘크리트구조,노유자시설,(철근)콘크리트,2009-03-17
대전광역시 대덕구 목상동 14-9,49.58,기타조적구조,단독주택,슬레이트,1931
대전광역시 대덕구 목상동 144-2,19.83,일반목구조,단독주택,기타지붕,1955
대전광역시 대덕구 목상동 145-1,127.66,철근콘크리트구조,단독주택,(철근)콘크리트,1994-09-08
대전광역시 대덕구 목상동 145-10,123.72,철근콘크리트구조,단독주택,(철근)콘크리트,1993-03-19
대전광역시 대덕구 목상동 145-11,117.48,벽돌구조,단독주택,(철근)콘크리트,1993-02-11
대전광역시 대덕구 목상동 145-12,132.64,철근콘크리트구조,단독주택,(철근)콘크리트,2013-03-13
대전광역시 대덕구 목상동 145-13,100.15,벽돌구조,단독주택,(철근)콘크리트,1992-05-08
대전광역시 대덕구 목상동 145-14,118.12,철근콘크리트구조,단독주택,(철근)콘크리트,2019-10-04
대전광역시 대덕구 목상동 145-15,116.32,철근콘크리트구조,단독주택,(철근)콘크리트,1994-06-30
대전광역시 대덕구 목상동 145-16,82.215,벽돌구조,단독주택,(철근)콘크리트,1992-11-10
대전광역시 대덕구 목상동 145-17,137.33,철근콘크리트구조,단독주택,(철근)콘크리트,2011-11-01
대전광역시 대덕구 목상동 145-2,135.93,철근콘크리트구조,단독주택,(철근)콘크리트,1997-10-16
대전광역시 대덕구 목상동 145-3,132.4,철근콘크리트구조,단독주택,(철근)콘크리트,2012-03-13
대전광역시 대덕구 목상동 145-4,141.67,철근콘크리트구조,단독주택,(철근)콘크리트,2011-06-03
대전광역시 대덕구 목상동 145-5,133.68,철근콘크리트구조,단독주택,(철근)콘크리트,2003-01-02
대전광역시 대덕구 목상동 145-6,105.78,벽돌구조,단독주택,(철근)콘크리트,1994-02-04
대전광역시 대덕구 목상동 145-7,136.68,철근콘크리트구조,단독주택,(철근)콘크리트,2011-01-13
대전광역시 대덕구 목상동 145-8,133.98,철근콘크리트구조,단독주택,(철근)콘크리트,2012-12-14
대전광역시 대덕구 목상동 145-9,128.04,벽돌구조,단독주택,(철근)콘크리트,1995-11-13
대전광역시 대덕구 목상동 146-1,120.38,철근콘크리트구조,단독주택,(철근)콘크리트,1992-04-03
대전광역시 대덕구 목상동 146-10,128.13,철근콘크리트구조,단독주택,(철근)콘크리트,1994-10-29
대전광역시 대덕구 목상동 146-11,128.85,철근콘크리트구조,단독주택,(철근)콘크리트,2001-04-27
대전광역시 대덕구 목상동 146-12,128.1,철근콘크리트구조,단독주택,(철근)콘크리트,1995-09-25
대전광역시 대덕구 목상동 146-14,128.18,철근콘크리트구조,단독주택,(철근)콘크리트,1994-09-14
대전광역시 대덕구 목상동 146-15,94.89,벽돌구조,단독주택,(철근)콘크리트,1992-06-12
대전광역시 대덕구 목상동 146-2,124.56,철근콘크리트구조,단독주택,(철근)콘크리트,1991-12-30
대전광역시 대덕구 목상동 146-3,157.26,벽돌구조,단독주택,(철근)콘크리트,1993-02-24
대전광역시 대덕구 목상동 146-4,125.422,철근콘크리트구조,단독주택,(철근)콘크리트,1993-07-26
대전광역시 대덕구 목상동 146-5,123.6,철근콘크리트구조,단독주택,(철근)콘크리트,1995-09-04
대전광역시 대덕구 목상동 146-6,108.93,벽돌구조,단독주택,기와,1992-11-06
대전광역시 대덕구 목상동 146-7,128.34,벽돌구조,단독주택,(철근)콘크리트,1995-01-14
대전광역시 대덕구 목상동 146-8,113.92,벽돌구조,단독주택,(철근)콘크리트,1992-01-30
대전광역시 대덕구 목상동 146-9,128.41,철근콘크리트구조,단독주택,(철근)콘크리트,2012-02-03
대전광역시 대덕구 목상동 147-2,359.67,일반철골구조,제2종근린생활시설,(철근)콘크리트,2000-11-28
대전광역시 대덕구 목상동 148-1,205.05,철근콘크리트구조,제2종근린생활시설,(철근)콘크리트,2002-08-10
대전광역시 대덕구 목상동 148-10,189.0,일반철골구조,제2종근린생활시설,(철근)콘크리트,1997-11-05
대전광역시 대덕구 목상동 148-2,206.93,철근콘크리트구조,제2종근린생활시설,(철근)콘크리트,1997-12-31
대전광역시 대덕구 목상동 148-3,176.58,일반철골구조,제2종근린생활시설,(철근)콘크리트,1996-11-14
대전광역시 대덕구 목상동 148-4,208.22,철근콘크리트구조,제2종근린생활시설,(철근)콘크리트,2003-07-18
대전광역시 대덕구 목상동 148-6,206.5,경량철골구조,제2종근린생활시설,기타지붕,2013-12-11
대전광역시 대덕구 목상동 148-8,176.12,철근콘크리트구조,제2종근린생활시설,(철근)콘크리트,1993-06-22
대전광역시 대덕구 목상동 148-9,217.56,철근콘크리트구조,제2종근린생활시설,(철근)콘크리트,1997-05-26
대전광역시 대덕구 목상동 149-10,121.11,철근콘크리트구조,단독주택,(철근)콘크리트,1995-08-14
대전광역시 대덕구 목상동 149-11,120.28,벽돌구조,단독주택,(철근)콘크리트,1996-01-15
대전광역시 대덕구 목상동 149-12,122.81,철근콘크리트구조,단독주택,(철근)콘크리트,2010-11-25
대전광역시 대덕구 목상동 149-13,117.66,철근콘크리트구조,단독주택,(철근)콘크리트,2002-02-18
대전광역시 대덕구 목상동 149-14,126.24,철근콘크리트구조,단독주택,(철근)콘크리트,2010-10-01
대전광역시 대덕구 목상동 149-15,105.7,벽돌구조,단독주택,기와,1992-10-28
대전광역시 대덕구 목상동 149-16,127.61,벽돌구조,단독주택,기와,1997-10-17
대전광역시 대덕구 목상동 149-17,108.3,철근콘크리트구조,단독주택,(철근)콘크리트,1992-11-10
대전광역시 대덕구 목상동 149-18,99.6,벽돌구조,단독주택,(철근)콘크리트,1992-10-20
대전광역시 대덕구 목상동 149-2,114.96,벽돌구조,단독주택,(철근)콘크리트,1992-08-10
대전광역시 대덕구 목상동 149-3,121.18,철근콘크리트구조,단독주택,(철근)콘크리트,1993-12-01
대전광역시 대덕구 목상동 149-4,122.04,벽돌구조,단독주택,(철근)콘크리트,1992-12-30
대전광역시 대덕구 목상동 149-5,115.68,철근콘크리트구조,단독주택,(철근)콘크리트,1992-10-16
대전광역시 대덕구 목상동 149-6,121.31,벽돌구조,단독주택,(철근)콘크리트,1995-10-02
대전광역시 대덕구 목상동 149-7,123.2,철근콘크리트구조,단독주택,(철근)콘크리트,1996-01-12
대전광역시 대덕구 목상동 149-8,123.28,철근콘크리트구조,단독주택,(철근)콘크리트,2011-05-18
대전광역시 대덕구 목상동 15,69.19,일반목구조,단독주택,슬레이트,1910
대전광역시 대덕구 목상동 15-1,170.04,철근콘크리트구조,제2종근린생활시설,(철근)콘크리트,1996-09-18
대전광역시 대덕구 목상동 150-1,124.8,철근콘크리트구조,단독주택,(철근)콘크리트,1995-08-10
대전광역시 대덕구 목상동 150-10,126.38,철근콘크리트구조,단독주택,(철근)콘크리트,1994-12-08
대전광역시 대덕구 목상동 150-2,126.46,철근콘크리트구조,단독주택,(철근)콘크리트,1994-07-06
대전광역시 대덕구 목상동 150-3,126.1,철근콘크리트구조,단독주택,(철근)콘크리트,1994-08-24
대전광역시 대덕구 목상동 150-4,119.08,철근콘크리트구조,단독주택,(철근)콘크리트,1994-08-26
대전광역시 대덕구 목상동 150-5,119.71,철근콘크리트구조,단독주택,(철근)콘크리트,1994-01-27
대전광역시 대덕구 목상동 150-6,137.3,철근콘크리트구조,단독주택,(철근)콘크리트,1994-08-11
대전광역시 대덕구 목상동 150-7,123.73,철근콘크리트구조,단독주택,(철근)콘크리트,2003-11-19
대전광역시 대덕구 목상동 150-8,97.935,벽돌구조,단독주택,(철근)콘크리트,1992-06-18
대전광역시 대덕구 목상동 150-9,124.49,벽돌구조,단독주택,(철근)콘크리트,1995-10-11
대전광역시 대덕구 목상동 151-1,139.94,벽돌구조,단독주택,(철근)콘크리트,1992-06-04
대전광역시 대덕구 목상동 151-10,121.36,철근콘크리트구조,단독주택,(철근)콘크리트,1993-12-03
대전광역시 대덕구 목상동 151-11,122.0,철근콘크리트구조,단독주택,(철근)콘크리트,1992-11-29
대전광역시 대덕구 목상동 151-12,129.58,철근콘크리트구조,단독주택,(철근)콘크리트,1994-04-15
대전광역시 대덕구 목상동 151-13,104.72,벽돌구조,단독주택,(철근)콘크리트,1992-06-05
대전광역시 대덕구 목상동 151-14,121.98,철근콘크리트구조,단독주택,(철근)콘크리트,2002-08-29
대전광역시 대덕구 목상동 151-15,112.58,벽돌구조,단독주택,기와,1992-09-08
대전광역시 대덕구 목상동 151-16,97.84,철근콘크리트구조,단독주택,(철근)콘크리트,2002-11-20
대전광역시 대덕구 목상동 151-17,119.44,철근콘크리트구조,단독주택,(철근)콘크리트,2015-12-22
대전광역시 대덕구 목상동 151-18,102.92,벽돌구조,단독주택,(철근)콘크리트,1992-07-15
대전광역시 대덕구 목상동 151-19,129.954,철근콘크리트구조,단독주택,(철근)콘크리트,1996-10-30
대전광역시 대덕구 목상동 151-2,112.31,벽돌구조,단독주택,기와,1992-09-04
대전광역시 대덕구 목상동 151-20,120.82,벽돌구조,단독주택,(철근)콘크리트,1992-09-03
대전광역시 대덕구 목상동 151-3,120.72,철근콘크리트구조,단독주택,(철근)콘크리트,1997-12-15
대전광역시 대덕구 목상동 151-4,123.8,철근콘크리트구조,단독주택,(철근)콘크리트,1994-04-02
대전광역시 대덕구 목상동 151-5,120.51,벽돌구조,단독주택,(철근)콘크리트,1995-04-10
대전광역시 대덕구 목상동 151-6,124.5,철근콘크리트구조,단독주택,(철근)콘크리트,1995-06-07
대전광역시 대덕구 목상동 151-7,123.8,벽돌구조,단독주택,(철근)콘크리트,1995-08-04
대전광역시 대덕구 목상동 151-8,118.79,벽돌구조,단독주택,(철근)콘크리트,1995-10-06
대전광역시 대덕구 목상동 151-9,102.06,벽돌구조,단독주택,기와,1993-12-08
대전광역시 대덕구 목상동 152-1,143.73,철근콘크리트구조,단독주택,(철근)콘크리트,2010-11-26
대전광역시 대덕구 목상동 152-10,146.98,철근콘크리트구조,단독주택,(철근)콘크리트,1994-03-08
대전광역시 대덕구 목상동 152-11,133.73,철근콘크리트구조,단독주택,(철근)콘크리트,1997-09-13
대전광역시 대덕구 목상동 152-12,117.1,벽돌구조,단독주택,(철근)콘크리트,1993-09-20
대전광역시 대덕구 목상동 152-13,133.24,철근콘크리트구조,단독주택,(철근)콘크리트,2015-05-01
대전광역시 대덕구 목상동 152-14,131.7,철근콘크리트구조,단독주택,(철근)콘크리트,1996-10-24
대전광역시 대덕구 목상동 152-15,105.36,벽돌구조,단독주택,(철근)콘크리트,1992-07-28
대전광역시 대덕구 목상동 152-16,101.91,벽돌구조,단독주택,(철근)콘크리트,1992-07-08
대전광역시 대덕구 목상동 152-17,134.16,철근콘크리트구조,단독주택,(철근)콘크리트,2010-07-28
대전광역시 대덕구 목상동 152-2,122.25,벽돌구조,단독주택,(철근)콘크리트,1992-10-08
대전광역시 대덕구 목상동 152-3,130.76,철근콘크리트구조,단독주택,(철근)콘크리트,1995-07-26
대전광역시 대덕구 목상동 152-4,120.26,벽돌구조,단독주택,(철근)콘크리트,1992-05-25
대전광역시 대덕구 목상동 152-5,130.86,철근콘크리트구조,단독주택,(철근)콘크리트,1996-10-15
대전광역시 대덕구 목상동 152-6,138.38,철근콘크리트구조,단독주택,(철근)콘크리트,1997-12-08
대전광역시 대덕구 목상동 152-7,119.68,벽돌구조,단독주택,(철근)콘크리트,1995-01-07
대전광역시 대덕구 목상동 152-8,132.36,철근콘크리트구조,단독주택,(철근)콘크리트,2002-08-28
대전광역시 대덕구 목상동 152-9,130.43,벽돌구조,단독주택,기와,1993-01-06
대전광역시 대덕구 목상동 156-1,126.575,철근콘크리트구조,단독주택,(철근)콘크리트,1993-09-21
대전광역시 대덕구 목상동 156-10,127.4,철근콘크리트구조,단독주택,(철근)콘크리트,1997-12-16
대전광역시 대덕구 목상동 156-11,132.05,철근콘크리트구조,단독주택,(철근)콘크리트,2002-05-17
대전광역시 대덕구 목상동 156-12,131.64,철근콘크리트구조,단독주택,(철근)콘크리트,2010-12-15
대전광역시 대덕구 목상동 156-13,133.23,철근콘크리트구조,단독주택,(철근)콘크리트,2010-12-15
대전광역시 대덕구 목상동 156-14,116.61,철근콘크리트구조,단독주택,(철근)콘크리트,2002-10-23
대전광역시 대덕구 목상동 156-15,132.3,철근콘크리트구조,단독주택,(철근)콘크리트,1996-12-21
대전광역시 대덕구 목상동 156-16,132.11,철근콘크리트구조,단독주택,(철근)콘크리트,2017-09-22
대전광역시 대덕구 목상동 156-17,125.46,철근콘크리트구조,단독주택,(철근)콘크리트,2002-11-04
대전광역시 대덕구 목상동 156-18,132.04,철근콘크리트구조,단독주택,(철근)콘크리트,1997-10-22
대전광역시 대덕구 목상동 156-2,135.73,철근콘크리트구조,단독주택,(철근)콘크리트,1995-01-26
대전광역시 대덕구 목상동 156-3,131.16,철근콘크리트구조,단독주택,(철근)콘크리트,1993-12-15
대전광역시 대덕구 목상동 156-4,131.15,철근콘크리트구조,단독주택,(철근)콘크리트,1997-09-12
대전광역시 대덕구 목상동 156-5,130.0,철근콘크리트구조,단독주택,(철근)콘크리트,1993-07-29
대전광역시 대덕구 목상동 156-6,130.16,철근콘크리트구조,단독주택,(철근)콘크리트,1994-01-27
대전광역시 대덕구 목상동 156-7,121.86,철근콘크리트구조,단독주택,(철근)콘크리트,1995-10-04
대전광역시 대덕구 목상동 156-8,174.34,철근콘크리트구조,단독주택,(철근)콘크리트,1994-12-20
대전광역시 대덕구 목상동 156-9,126.49,철근콘크리트구조,단독주택,(철근)콘크리트,1995-01-04
대전광역시 대덕구 목상동 159-1,143.35,철근콘크리트구조,단독주택,(철근)콘크리트,2011-06-09
대전광역시 대덕구 목상동 159-2,120.76,벽돌구조,단독주택,(철근)콘크리트,1993-02-15
대전광역시 대덕구 목상동 159-3,120.85,철근콘크리트구조,단독주택,(철근)콘크리트,1995-08-03
대전광역시 대덕구 목상동 159-4,133.82,철근콘크리트구조,단독주택,(철근)콘크리트,1995-08-25
대전광역시 대덕구 목상동 159-5,108.445,벽돌구조,단독주택,기와,1995-05-27
대전광역시 대덕구 목상동 159-6,93.63,벽돌구조,단독주택,(철근)콘크리트,1992-05-27
대전광역시 대덕구 목상동 159-7,124.26,철근콘크리트구조,단독주택,(철근)콘크리트,1993-06-04
대전광역시 대덕구 목상동 16,620.55,일반철골구조,제2종근린생활시설,(철근)콘크리트,2010-12-23
대전광역시 대덕구 목상동 165-1,136.11,철근콘크리트구조,단독주택,(철근)콘크리트,1993-06-26
대전광역시 대덕구 목상동 165-2,148.4,철근콘크리트구조,단독주택,(철근)콘크리트,2009-12-18
대전광역시 대덕구 목상동 165-3,95.69,벽돌구조,단독주택,기와,1992-08-29
대전광역시 대덕구 목상동 17,95.07,일반목구조,단독주택,기와,1946
대전광역시 대덕구 목상동 17-3,39.67,벽돌구조,단독주택,기와,1960
대전광역시 대덕구 목상동 174,87.39,벽돌구조,노유자시설,(철근)콘크리트,2000-11-29
대전광역시 대덕구 목상동 176-1,127.79,철근콘크리트구조,단독주택,(철근)콘크리트,2002-02-02
대전광역시 대덕구 목상동 176-10,109.16,벽돌구조,단독주택,(철근)콘크리트,2009-09-08
대전광역시 대덕구 목상동 176-11,123.21,벽돌구조,단독주택,(철근)콘크리트,1994-12-26
대전광역시 대덕구 목상동 176-12,124.18,철근콘크리트구조,단독주택,(철근)콘크리트,2014-08-06
대전광역시 대덕구 목상동 176-14,122.79,벽돌구조,단독주택,기와,1995-01-17
대전광역시 대덕구 목상동 176-15,118.38,벽돌구조,단독주택,(철근)콘크리트,1993-05-10
대전광역시 대덕구 목상동 176-2,126.475,철근콘크리트구조,단독주택,(철근)콘크리트,1993-12-20
대전광역시 대덕구 목상동 176-3,127.08,철근콘크리트구조,단독주택,(철근)콘크리트,1997-08-27
대전광역시 대덕구 목상동 176-4,75.3,벽돌구조,단독주택,(철근)콘크리트,1995-08-16
대전광역시 대덕구 목상동 176-5,127.42,벽돌구조,단독주택,(철근)콘크리트,1997-03-08
대전광역시 대덕구 목상동 176-6,127.705,철근콘크리트구조,단독주택,(철근)콘크리트,2009-11-06
대전광역시 대덕구 목상동 176-7,120.0,철근콘크리트구조,단독주택,(철근)콘크리트,1995-01-18
대전광역시 대덕구 목상동 176-8,88.82,경량철골구조,단독주택,기타지붕,1997-07-14
대전광역시 대덕구 목상동 176-9,95.96,철근콘크리트구조,단독주택,(철근)콘크리트,1994-07-29
대전광역시 대덕구 목상동 179-1,66.6,벽돌구조,단독주택,(철근)콘크리트,1980-04-09
대전광역시 대덕구 목상동 18,143.55,경량철골구조,제2종근린생활시설,기타지붕,1999-09-04
대전광역시 대덕구 목상동 183,52.89,벽돌구조,단독주택,슬레이트,
대전광역시 대덕구 목상동 183-1,72.73,일반목구조,단독주택,기와,1925
대전광역시 대덕구 목상동 185-1,10053.66,철근콘크리트구조,공동주택,(철근)콘크리트,
대전광역시 대덕구 목상동 185-2,12108.22,철근콘크리트구조,노유자시설,(철근)콘크리트,1993-09-09
대전광역시 대덕구 목상동 185-4,171.84,철근콘크리트구조,단독주택,(철근)콘크리트,2010-12-10
대전광역시 대덕구 목상동 185-5,199.84,철근콘크리트구조,단독주택,(철근)콘크리트,2008-03-31
대전광역시 대덕구 목상동 185-6,208.78,철근콘크리트구조,단독주택,(철근)콘크리트,2004-10-16
대전광역시 대덕구 목상동 189,30.81,경량철골구조,창고시설,기타지붕,2016-09-07
대전광역시 대덕구 목상동 189-2,147.11,철근콘크리트구조,제2종근린생활시설,(철근)콘크리트,1994-03-28
대전광역시 대덕구 목상동 189-3,194.02,철근콘크리트구조,단독주택,(철근)콘크리트,2015-10-08
대전광역시 대덕구 목상동 190-2,244.63,일반목구조,단독주택,기와,1927
대전광역시 대덕구 목상동 190-7,161.3,철근콘크리트구조,단독주택,(철근)콘크리트,2017-09-08
대전광역시 대덕구 목상동 191,135.41,철근콘크리트구조,단독주택,(철근)콘크리트,2017-09-27
대전광역시 대덕구 목상동 192,87.0,경량철골구조,단독주택,기타지붕,1997-11-19
대전광역시 대덕구 목상동 193-3,89.26,기타조적구조,단독주택,기와,1967
대전광역시 대덕구 목상동 194-2,125.28,벽돌구조,단독주택,(철근)콘크리트,1997-05-27
대전광역시 대덕구 목상동 194-4,53.94,경량철골구조,제2종근린생활시설,기타지붕,1997-02-06
대전광역시 대덕구 목상동 196,170.55,철근콘크리트구조,단독주택,(철근)콘크리트,2024-04-02
대전광역시 대덕구 목상동 198,66.73,벽돌구조,단독주택,(철근)콘크리트,1987-12-02
대전광역시 대덕구 목상동 199-1,47.62,벽돌구조,단독주택,(철근)콘크리트,1993-07-22
대전광역시 대덕구 목상동 2-4,0.0,블록구조,단독주택,기와,1982-10-13
대전광역시 대덕구 목상동 200,375.505,철근콘크리트구조,제2종근린생활시설,(철근)콘크리트,1993-10-22
대전광역시 대덕구 목상동 201-3,284.87,철근콘크리트구조,제2종근린생활시설,(철근)콘크리트,2015-02-10
대전광역시 대덕구 목상동 201-4,238.77,철근콘크리트구조,단독주택,(철근)콘크리트,2015-03-23
대전광역시 대덕구 목상동 202-2,115.43,철근콘크리트구조,단독주택,(철근)콘크리트,2019-05-30
대전광역시 대덕구 목상동 204,1244.8088,철근콘크리트구조,공동주택,(철근)콘크리트,2014-04-22
대전광역시 대덕구 목상동 205,275.02,철근콘크리트구조,단독주택,(철근)콘크리트,2017-07-07
대전광역시 대덕구 목상동 205-1,135.57,철근콘크리트구조,단독주택,(철근)콘크리트,2018-07-27
대전광역시 대덕구 목상동 206,132.11,철근콘크리트구조,단독주택,(철근)콘크리트,2017-07-21
대전광역시 대덕구 목상동 207,216.56,철근콘크리트구조,단독주택,(철근)콘크리트,2018-03-29
대전광역시 대덕구 목상동 207-16,643.94,철근콘크리트구조,공동주택,(철근)콘크리트,2022-12-05
대전광역시 대덕구 목상동 207-25,3940.5332,철근콘크리트구조,공동주택,(철근)콘크리트,2011-07-29
대전광역시 대덕구 목상동 207-35,135.68,벽돌구조,단독주택,(철근)콘크리트,1998-10-13
대전광역시 대덕구 목상동 207-45,1310.3592,철근콘크리트구조,공동주택,(철근)콘크리트,2014-06-05
대전광역시 대덕구 목상동 207-6,399.36,철근콘크리트구조,공동주택,(철근)콘크리트,2014-12-26
대전광역시 대덕구 목상동 207-7,572.4,벽돌구조,제2종근린생활시설,(철근)콘크리트,1986-05-20
대전광역시 대덕구 목상동 209,129.0,철근콘크리트구조,단독주택,(철근)콘크리트,2015-05-21
대전광역시 대덕구 목상동 209-2,68.6,철근콘크리트구조,단독주택,(철근)콘크리트,2018-11-15
대전광역시 대덕구 목상동 21-12,54.0,경량철골구조,자동차관련시설,기타지붕,2015-12-02
대전광역시 대덕구 목상동 21-2,151.44,벽돌구조,단독주택,(철근)콘크리트,1983-07-18
대전광역시 대덕구 목상동 21-6,119.36,철근콘크리트구조,단독주택,(철근)콘크리트,2013-08-22
대전광역시 대덕구 목상동 21-9,143.6,철근콘크리트구조,제2종근린생활시설,(철근)콘크리트,1995-10-21
대전광역시 대덕구 목상동 210,82.72,벽돌구조,단독주택,(철근)콘크리트,1993-07-22
대전광역시 대덕구 목상동 210-1,83.96,경량철골구조,단독주택,기타지붕,2013-11-27
대전광역시 대덕구 목상동 210-2,67.24,벽돌구조,단독주택,(철근)콘크리트,1993-06-22
대전광역시 대덕구 목상동 210-3,97.955,벽돌구조,단독주택,(철근)콘크리트,1965
대전광역시 대덕구 목상동 210-5,23.15,기타조적구조,단독주택,슬레이트,1962
대전광역시 대덕구 목상동 210-6,119.72,블록구조,단독주택,슬레이트,1977-07-11
대전광역시 대덕구 목상동 212,42.98,일반목구조,단독주택,기와,1930
대전광역시 대덕구 목상동 213-3,118.37,철근콘크리트구조,제2종근린생활시설,(철근)콘크리트,2003-12-03
대전광역시 대덕구 목상동 213-4,88.84,벽돌구조,노유자시설,(철근)콘크리트,1996-12-16
대전광역시 대덕구 목상동 213-5,96.29,경량철골구조,단독주택,기타지붕,2013-07-01
대전광역시 대덕구 목상동 215,2650.69,일반목구조,단독주택,기타지붕,1951
대전광역시 대덕구 목상동 215-1,123.42,기타조적구조,단독주택,슬레이트,1964
대전광역시 대덕구 목상동 217-11,80.67,벽돌구조,단독주택,(철근)콘크리트,1979
대전광역시 대덕구 목상동 217-12,264.32,철근콘크리트구조,단독주택,(철근)콘크리트,2000-10-25
대전광역시 대덕구 목상동 217-13,111.63,철근콘크리트구조,단독주택,(철근)콘크리트,2016-10-13
대전광역시 대덕구 목상동 217-16,71.14,블록구조,단독주택,기와,1979-09-08
대전광역시 대덕구 목상동 217-17,26.12,기타조적구조,단독주택,슬레이트,1969
대전광역시 대덕구 목상동 217-18,31.2,블록구조,단독주택,슬레이트,1983-02-22
대전광역시 대덕구 목상동 217-5,85.78,경량철골구조,단독주택,기타지붕,1995-05-13
대전광역시 대덕구 목상동 217-6,54.28,일반목구조,단독주택,기와,1960
대전광역시 대덕구 목상동 217-7,143.7,벽돌구조,단독주택,슬레이트,1962
대전광역시 대덕구 목상동 218-11,106.91,벽돌구조,단독주택,기와,1979-03-09
대전광역시 대덕구 목상동 218-12,66.47,벽돌구조,단독주택,기와,1961
대전광역시 대덕구 목상동 218-13,63.65,벽돌구조,단독주택,기와,1981-03-11
대전광역시 대덕구 목상동 218-14,62.88,블록구조,단독주택,기와,1985-10-04
대전광역시 대덕구 목상동 218-17,63.78,블록구조,단독주택,기와,1985-10-04
대전광역시 대덕구 목상동 218-4,126.96,블록구조,단독주택,기와,1979-07-02
대전광역시 대덕구 목상동 218-5,0.0,기타조적구조,단독주택,기와,1961
대전광역시 대덕구 목상동 218-6,59.71,블록구조,단독주택,슬레이트,1979-07-02
대전광역시 대덕구 목상동 218-9,0.0,일반목구조,단독주택,슬레이트,1941
대전광역시 대덕구 목상동 222-1,718.22,철근콘크리트구조,공동주택,(철근)콘크리트,2014-12-26
대전광역시 대덕구 목상동 23-3,1020.24,철근콘크리트구조,공동주택,(철근)콘크리트,1985-12-09
대전광역시 대덕구 목상동 23-4,91.42,철근콘크리트구조,단독주택,(철근)콘크리트,1992-08-31
대전광역시 대덕구 목상동 23-7,560.5600000000001,철근콘크리트구조,공동주택,(철근)콘크리트,1991-12-07
대전광역시 대덕구 목상동 24-6,49.59,기타조적구조,단독주택,기와,1960
대전광역시 대덕구 목상동 247-2,115.71000000000001,일반목구조,단독주택,슬레이트,1910
대전광역시 대덕구 목상동 248,59.5,일반목구조,단독주택,기타지붕,1950
대전광역시 대덕구 목상동 25-3,199.09,철근콘크리트구조,단독주택,(철근)콘크리트,2014-06-17
대전광역시 대덕구 목상동 253-3,42.98,일반목구조,단독주택,기와,1950
대전광역시 대덕구 목상동 255,85.94,벽돌구조,단독주택,슬레이트,1964
대전광역시 대덕구 목상동 256,105.78,블록구조,단독주택,슬레이트,1957
대전광역시 대덕구 목상동 257-1,46.28,일반목구조,단독주택,슬레이트,1942
대전광역시 대덕구 목상동 257-2,59.5,벽돌구조,단독주택,기와,1965
대전광역시 대덕구 목상동 26-2,92.58,일반목구조,단독주택,슬레이트,1942
대전광역시 대덕구 목상동 260-2,0.0,일반목구조,단독주택,기와,1969
대전광역시 대덕구 목상동 265-1,39.99,일반목구조,단독주택,기와,1958
대전광역시 대덕구 목상동 265-3,42.97,일반목구조,단독주택,슬레이트,1965
대전광역시 대덕구 목상동 273-2,23.14,벽돌구조,단독주택,슬레이트,1950
대전광역시 대덕구 목상동 275,89.26,일반목구조,단독주택,기와,1930
대전광역시 대덕구 목상동 29,51.1,경량철골구조,제2종근린생활시설,기타지붕,2007-08-09
대전광역시 대덕구 목상동 31-4,252.14,일반철골구조,위험물저장및처리시설,(철근)콘크리트,2008-01-24
대전광역시 대덕구 목상동 34-1,322.85,일반철골구조,위험물저장및처리시설,(철근)콘크리트,2005-09-09
대전광역시 대덕구 목상동 39,36.36,기타조적구조,단독주택,슬레이트,1961
대전광역시 대덕구 목상동 6-2,1774.68,철근콘크리트구조,운동시설,기타지붕,1997-07-17
대전광역시 대덕구 목상동 85-2,7.75,벽돌구조,단독주택,(철근)콘크리트,1982-01-07
대전광역시 대덕구 목상동 858-1,118.84,철근콘크리트구조,단독주택,(철근)콘크리트,2002-11-25
대전광역시 대덕구 목상동 858-2,116.71,철근콘크리트구조,단독주택,(철근)콘크리트,1999-08-25
대전광역시 대덕구 목상동 858-3,119.735,철근콘크리트구조,단독주택,(철근)콘크리트,1999-10-21
대전광역시 대덕구 목상동 858-4,130.39,철근콘크리트구조,단독주택,(철근)콘크리트,1997-07-31
대전광역시 대덕구 목상동 858-5,117.6,철근콘크리트구조,단독주택,(철근)콘크리트,1996-09-23
대전광역시 대덕구 목상동 858-6,119.22,철근콘크리트구조,제2종근린생활시설,(철근)콘크리트,2001-12-20
대전광역시 대덕구 목상동 858-7,116.72,철근콘크리트구조,단독주택,(철근)콘크리트,1996-12-30
대전광역시 대덕구 목상동 858-8,121.78,철근콘크리트구조,제2종근린생활시설,(철근)콘크리트,2001-10-19
대전광역시 대덕구 목상동 859-1,119.45,철근콘크리트구조,단독주택,(철근)콘크리트,2003-01-27
대전광역시 대덕구 목상동 859-2,120.69,철근콘크리트구조,단독주택,(철근)콘크리트,2003-01-27
대전광역시 대덕구 목상동 859-3,131.62,철근콘크리트구조,단독주택,(철근)콘크리트,2013-03-22
대전광역시 대덕구 목상동 859-4,137.64,철근콘크리트구조,단독주택,(철근)콘크리트,2013-03-22
대전광역시 대덕구 목상동 86,61.8,블록구조,제2종근린생활시설,슬레이트,1974
대전광역시 대덕구 목상동 860-1,121.08,철근콘크리트구조,단독주택,(철근)콘크리트,2013-03-11
대전광역시 대덕구 목상동 860-2,104.16,철근콘크리트구조,단독주택,(철근)콘크리트,2001-11-27
대전광역시 대덕구 목상동 860-3,127.39,철근콘크리트구조,단독주택,(철근)콘크리트,2003-11-05
대전광역시 대덕구 목상동 861-1,109.28,철근콘크리트구조,단독주택,(철근)콘크리트,1997-10-14
대전광역시 대덕구 목상동 861-10,106.91,철근콘크리트구조,단독주택,(철근)콘크리트,2009-12-08
대전광역시 대덕구 목상동 861-11,108.8,철근콘크리트구조,단독주택,(철근)콘크리트,2013-05-31
대전광역시 대덕구 목상동 861-2,110.64,철근콘크리트구조,단독주택,(철근)콘크리트,1998-01-21
대전광역시 대덕구 목상동 861-3,109.43,철근콘크리트구조,단독주택,(철근)콘크리트,2002-11-28
대전광역시 대덕구 목상동 861-4,102.18,철근콘크리트구조,단독주택,(철근)콘크리트,2002-07-18
대전광역시 대덕구 목상동 861-5,111.465,철근콘크리트구조,단독주택,(철근)콘크리트,1998-02-19
대전광역시 대덕구 목상동 861-6,110.31,철근콘크리트구조,제2종근린생활시설,(철근)콘크리트,1997-05-31
대전광역시 대덕구 목상동 861-7,107.53,철근콘크리트구조,단독주택,(철근)콘크리트,2002-09-10
대전광역시 대덕구 목상동 861-8,104.99,철근콘크리트구조,단독주택,(철근)콘크리트,1997-11-19
대전광역시 대덕구 목상동 861-9,111.1,철근콘크리트구조,단독주택,(철근)콘크리트,1998-02-04
대전광역시 대덕구 목상동 862-1,144.8,철근콘크리트구조,단독주택,(철근)콘크리트,1998-03-18
대전광역시 대덕구 목상동 862-2,121.44,철근콘크리트구조,단독주택,(철근)콘크리트,2002-06-28
대전광역시 대덕구 목상동 862-3,116.8,철근콘크리트구조,단독주택,기타지붕,2002-08-21
대전광역시 대덕구 목상동 862-4,125.4,철근콘크리트구조,단독주택,(철근)콘크리트,1997-11-21
대전광역시 대덕구 목상동 863-1,121.05,철근콘크리트구조,제2종근린생활시설,기타지붕,2002-02-08
대전광역시 대덕구 목상동 863-2,121.05,철근콘크리트구조,단독주택,(철근)콘크리트,1997-10-04
대전광역시 대덕구 목상동 863-3,119.86,철근콘크리트구조,단독주택,(철근)콘크리트,1997-08-27
대전광역시 대덕구 목상동 863-5,120.31,철근콘크리트구조,단독주택,(철근)콘크리트,1998-10-16
대전광역시 대덕구 목상동 863-6,120.0,철근콘크리트구조,단독주택,(철근)콘크리트,1997-09-24
대전광역시 대덕구 목상동 864-1,118.34,철근콘크리트구조,단독주택,(철근)콘크리트,2014-12-17
대전광역시 대덕구 목상동 864-11,131.92,철근콘크리트구조,단독주택,(철근)콘크리트,1999-07-07
대전광역시 대덕구 목상동 864-12,119.01,철근콘크리트구조,단독주택,(철근)콘크리트,2015-03-04
대전광역시 대덕구 목상동 864-2,117.8,일반철골구조,제2종근린생활시설,기타지붕,2003-12-16
대전광역시 대덕구 목상동 864-3,209.36,철근콘크리트구조,단독주택,(철근)콘크리트,2005-09-14
대전광역시 대덕구 목상동 864-5,206.0,철근콘크리트구조,단독주택,(철근)콘크리트,2005-08-11
대전광역시 대덕구 목상동 864-6,168.7,철근콘크리트구조,단독주택,(철근)콘크리트,1997-09-04
대전광역시 대덕구 목상동 864-7,133.2,철근콘크리트구조,단독주택,(철근)콘크리트,2015-09-04
대전광역시 대덕구 목상동 864-8,225.76,철근콘크리트구조,단독주택,(철근)콘크리트,2008-06-20
대전광역시 대덕구 목상동 864-9,224.36,철근콘크리트구조,단독주택,(철근)콘크리트,2008-05-15
대전광역시 대덕구 목상동 865-1,123.06,철근콘크리트구조,단독주택,기타지붕,1997-10-31
대전광역시 대덕구 목상동 865-10,120.35,철근콘크리트구조,단독주택,(철근)콘크리트,2013-04-19
대전광역시 대덕구 목상동 865-12,119.04,철근콘크리트구조,단독주택,(철근)콘크리트,2010-01-06
대전광역시 대덕구 목상동 865-13,232.78,일반철골구조,제2종근린생활시설,기타지붕,2007-11-23
대전광역시 대덕구 목상동 865-15,120.72,일반철골구조,제2종근린생활시설,기타지붕,2006-08-09
대전광역시 대덕구 목상동 865-16,125.55,철근콘크리트구조,단독주택,(철근)콘크리트,2016-05-03
대전광역시 대덕구 목상동 865-18,119.36,철근콘크리트구조,단독주택,(철근)콘크리트,2014-08-27
대전광역시 대덕구 목상동 865-19,116.52,철근콘크리트구조,단독주택,(철근)콘크리트,2016-05-03
대전광역시 대덕구 목상동 865-2,122.74,벽돌구조,단독주택,(철근)콘크리트,1997-10-02
대전광역시 대덕구 목상동 865-3,94.6,경량철골구조,창고시설,기타지붕,2007-03-29
대전광역시 대덕구 목상동 865-5,319.4,철근콘크리트구조,제2종근린생활시설,(철근)콘크리트,2005-08-12
대전광역시 대덕구 목상동 865-7,119.04,철근콘크리트구조,단독주택,(철근)콘크리트,2010-01-06
대전광역시 대덕구 목상동 865-8,220.08,철근콘크리트구조,단독주택,(철근)콘크리트,2007-07-05
대전광역시 대덕구 목상동 865-9,120.87,철근콘크리트구조,단독주택,(철근)콘크리트,2009-12-30
대전광역시 대덕구 목상동 866-1,126.16,철근콘크리트구조,단독주택,(철근)콘크리트,1997-10-02
대전광역시 대덕구 목상동 866-10,125.86,철근콘크리트구조,단독주택,(철근)콘크리트,2000-10-16
대전광역시 대덕구 목상동 866-2,123.38,철근콘크리트구조,단독주택,(철근)콘크리트,1997-12-19
대전광역시 대덕구 목상동 866-3,125.92,철근콘크리트구조,단독주택,(철근)콘크리트,1997-09-23
대전광역시 대덕구 목상동 866-4,125.86,철근콘크리트구조,단독주택,(철근)콘크리트,2002-11-07
대전광역시 대덕구 목상동 866-5,126.01,철근콘크리트구조,단독주택,(철근)콘크리트,2003-07-25
대전광역시 대덕구 목상동 866-6,123.83,철근콘크리트구조,단독주택,(철근)콘크리트,2002-09-06
대전광역시 대덕구 목상동 866-7,250.8,철근콘크리트구조,제2종근린생활시설,(철근)콘크리트,2003-07-07
대전광역시 대덕구 목상동 866-9,125.48,철근콘크리트구조,단독주택,(철근)콘크리트,2002-11-14
대전광역시 대덕구 목상동 867-1,129.71,철근콘크리트구조,단독주택,(철근)콘크리트,2003-10-08
대전광역시 대덕구 목상동 867-2,127.59,철근콘크리트구조,단독주택,(철근)콘크리트,2001-03-03
대전광역시 대덕구 목상동 867-3,129.24,철근콘크리트구조,단독주택,(철근)콘크리트,2004-04-19
대전광역시 대덕구 목상동 870,3126.55,철근콘크리트구조,교육연구시설,(철근)콘크리트,2000-09-26
대전광역시 대덕구 목상동 871,1261.44,철근콘크리트구조,운동시설,(철근)콘크리트,2009-06-22
대전광역시 대덕구 목상동 879,350.16,철근콘크리트구조,공동주택,(철근)콘크리트,2020-12-17
대전광역시 대덕구 목상동 88-1,89.67,벽돌구조,단독주택,(철근)콘크리트,1979-02-09
대전광역시 대덕구 목상동 880,354.4,철근콘크리트구조,공동주택,(철근)콘크리트,2020-12-17
대전광역시 대덕구 문평동 103,2034.73,일반철골구조,공장,슬레이트,1983-08-22
대전광역시 대덕구 문평동 103-2,2702.26,철근콘크리트구조,공장,슬레이트,2021-08-02
대전광역시 대덕구 문평동 107-7,29.75,블록구조,단독주택,기와,1955
대전광역시 대덕구 문평동 108-1,808.74,경량철골구조,공장,기타지붕,1997-06-11
대전광역시 대덕구 문평동 108-11,530.6700000000001,일반철골구조,공장,기타지붕,2012-06-20
대전광역시 대덕구 문평동 108-3,947.0,철근콘크리트구조,공장,슬레이트,1988-03-07
대전광역시 대덕구 문평동 108-4,904.3100000000001,일반철골구조,공장,기타지붕,2011-05-23
대전광역시 대덕구 문평동 108-5,569.42,일반철골구조,창고시설,기타지붕,2004-10-25
대전광역시 대덕구 문평동 110-2,115.7,블록구조,단독주택,슬레이트,1945
대전광역시 대덕구 문평동 13-2,334.0,철근콘크리트구조,공장,슬레이트,1983-05-25
대전광역시 대덕구 문평동 140,30315.6,일반철골구조,창고시설,기타지붕,2010-07-06
대전광역시 대덕구 문평동 140-2,345.0,일반철골구조,공장,기타지붕,2007-04-02
대전광역시 대덕구 문평동 140-29,441.93,일반철골구조,공장,기타지붕,2006-03-22
대전광역시 대덕구 문평동 140-30,200.7,일반철골구조,공장,기타지붕,2006-04-24
대전광역시 대덕구 문평동 140-31,369.8,일반철골구조,공장,기타지붕,2006-03-22
대전광역시 대덕구 문평동 140-33,206.0,일반철골구조,공장,기타지붕,2006-04-24
대전광역시 대덕구 문평동 140-34,355.84,일반철골구조,공장,기타지붕,2006-05-04
대전광역시 대덕구 문평동 140-35,450.49,일반철골구조,공장,기타지붕,2006-05-17
대전광역시 대덕구 문평동 140-36,269.36,일반철골구조,공장,기타지붕,2007-03-20
대전광역시 대덕구 문평동 140-37,462.96,경량철골구조,공장,기타지붕,2007-03-20
대전광역시 대덕구 문평동 140-41,290.08,일반철골구조,공장,기타지붕,2007-03-20
대전광역시 대덕구 문평동 140-43,758.5,일반철골구조,공장,기타지붕,2007-08-01
대전광역시 대덕구 문평동 140-53,711.55,일반철골구조,공장,기타지붕,2007-11-02
대전광역시 대덕구 문평동 140-54,353.48,일반철골구조,공장,기타지붕,2007-04-02
대전광역시 대덕구 문평동 140-55,368.88,일반철골구조,공장,기타지붕,2007-08-16
대전광역시 대덕구 문평동 140-56,385.9,일반철골구조,공장,기타지붕,2007-08-16
대전광역시 대덕구 문평동 22-2,74.71,일반목구조,단독주택,슬레이트,1940
대전광역시 대덕구 문평동 22-3,42.98,블록구조,단독주택,기와,1943
대전광역시 대덕구 문평동 25,44.5,블록구조,단독주택,슬레이트,1983-02-22
대전광역시 대덕구 문평동 41-1,55510.12,일반철골구조,공장,기타지붕,2000-11-24
대전광역시 대덕구 문평동 41-5,16366.72,철근콘크리트구조,공장,(철근)콘크리트,2000-12-19
대전광역시 대덕구 문평동 42-1,201.74,일반철골구조,공장,,2024-06-11
대전광역시 대덕구 문평동 42-10,6716.04,경량철골구조,공장,기타지붕,2000-05-25
대전광역시 대덕구 문평동 42-2,13093.78,일반철골구조,공장,(철근)콘크리트,1994-12-05
대전광역시 대덕구 문평동 42-3,5651.53,일반철골구조,공장,기타지붕,1996-01-25
대전광역시 대덕구 문평동 42-5,5614.4,일반철골구조,공장,기타지붕,1997-02-19
대전광역시 대덕구 문평동 42-7,1820.1499999999999,일반철골구조,공장,기타지붕,1995-12-16
대전광역시 대덕구 문평동 43-1,10003.96,일반철골구조,공장,기타지붕,1995-05-26
대전광역시 대덕구 문평동 43-10,1335.11,일반철골구조,공장,기타지붕,1995-10-18
대전광역시 대덕구 문평동 43-2,10830.63,벽돌구조,공장,(철근)콘크리트,2002-07-02
대전광역시 대덕구 문평동 43-3,3209.8599999999997,일반철골구조,공장,기타지붕,2012-06-20
대전광역시 대덕구 문평동 43-4,10202.939999999999,일반철골구조,공장,기타지붕,2010-12-24
대전광역시 대덕구 문평동 43-5,5737.24,일반철골구조,공장,기타지붕,1995-10-18
대전광역시 대덕구 문평동 43-8,1049.25,경량철골구조,공장,기타지붕,2001-07-11
대전광역시 대덕구 문평동 43-9,1050.6,일반철골구조,공장,기타지붕,2005-02-01
대전광역시 대덕구 문평동 48-1,15652.26,일반철골구조,공장,기타지붕,2005-09-13
대전광역시 대덕구 문평동 48-11,2985.7729999999997,일반철골구조,공장,기타지붕,2004-12-24
대전광역시 대덕구 문평동 48-12,33425.29,일반철골구조,공장,기타지붕,2006-07-10
대전광역시 대덕구 문평동 48-13,4409.19,일반철골구조,공장,기타지붕,2005-10-04
대전광역시 대덕구 문평동 48-14,6548.9,일반철골구조,공장,(철근)콘크리트,2005-11-04
대전광역시 대덕구 문평동 48-15,12831.28,철근콘크리트구조,공장,(철근)콘크리트,2004-11-30
대전광역시 대덕구 문평동 48-19,2070.55,일반철골구조,공장,기타지붕,2006-03-07
대전광역시 대덕구 문평동 48-2,6963.76,경량철골구조,공장,기타지붕,2007-01-17
대전광역시 대덕구 문평동 48-20,2160.09,일반철골구조,공장,기타지붕,2005-06-15
대전광역시 대덕구 문평동 48-21,2351.62,일반철골구조,공장,기타지붕,2005-06-17
대전광역시 대덕구 문평동 48-22,2120.0,일반철골구조,공장,기타지붕,2006-09-07
대전광역시 대덕구 문평동 48-23,1576.8000000000002,일반철골구조,공장,기타지붕,2005-05-13
대전광역시 대덕구 문평동 48-24,1128.5,일반철골구조,공장,기타지붕,2005-11-29
대전광역시 대덕구 문평동 48-26,1678.61,일반철골구조,공장,(철근)콘크리트,2010-09-10
대전광역시 대덕구 문평동 48-27,1157.7,일반철골구조,공장,기타지붕,2006-06-02
대전광역시 대덕구 문평동 48-28,944.0,일반철골구조,공장,기타지붕,2006-05-24
대전광역시 대덕구 문평동 48-29,1108.23,철근콘크리트구조,공장,(철근)콘크리트,2002-09-19
대전광역시 대덕구 문평동 48-3,4908.849999999999,일반철골구조,공장,기타지붕,2018-01-30
대전광역시 대덕구 문평동 48-30,6439.155,일반철골구조,공장,기타지붕,2007-04-12
대전광역시 대덕구 문평동 48-31,1652.66,일반철골구조,공장,기타지붕,2015-10-13
대전광역시 대덕구 문평동 48-32,2937.25,일반철골구조,공장,기타지붕,1994-08-31
대전광역시 대덕구 문평동 48-33,2181.13,일반철골구조,공장,기타지붕,2019-02-27
대전광역시 대덕구 문평동 48-4,6695.3,일반철골구조,공장,(철근)콘크리트,2018-08-24
대전광역시 대덕구 문평동 48-5,5518.82,일반철골구조,공장,기타지붕,1992-07-25
대전광역시 대덕구 문평동 48-6,3829.84,일반철골구조,공장,기타지붕,2016-05-18
대전광역시 대덕구 문평동 48-8,2006.36,일반철골구조,공장,기타지붕,2000-11-30
대전광역시 대덕구 문평동 48-9,1975.3,일반철골구조,공장,기타지붕,1996-11-05
대전광역시 대덕구 문평동 49-1,7924.93,일반철골구조,공장,기타지붕,1995-03-10
대전광역시 대덕구 문평동 49-2,6195.5,경량철골구조,공장,기타지붕,1993-09-18
대전광역시 대덕구 문평동 49-3,5905.48,철근콘크리트구조,공장,(철근)콘크리트,1999-10-05
대전광역시 대덕구 문평동 49-4,1765.34,일반철골구조,공장,기타지붕,2007-04-09
대전광역시 대덕구 문평동 49-5,863.85,일반철골구조,공장,기타지붕,2006-09-20
대전광역시 대덕구 문평동 49-6,1829.1399999999999,일반철골구조,공장,(철근)콘크리트,2007-02-14
대전광역시 대덕구 문평동 49-7,1278.29,일반철골구조,공장,기타지붕,2006-03-17
대전광역시 대덕구 문평동 49-9,916.7,일반철골구조,공장,기타지붕,2007-04-25
대전광역시 대덕구 문평동 51-1,3835.01,일반철골구조,공장,(철근)콘크리트,2006-11-08
대전광역시 대덕구 문평동 51-2,3000.99,일반철골구조,공장,기타지붕,1994-09-29
대전광역시 대덕구 문평동 51-4,2448.91,철근콘크리트구조,공장,(철근)콘크리트,1992-08-12
대전광역시 대덕구 문평동 51-5,2759.84,일반철골구조,공장,(철근)콘크리트,2021-12-27
대전광역시 대덕구 문평동 51-6,2851.5,철근콘크리트구조,공장,기타지붕,1997-09-11
대전광역시 대덕구 문평동 63-1,3083.04,일반철골구조,공장,기타지붕,2002-07-08
대전광역시 대덕구 문평동 64-4,274.2,일반철골구조,공장,기타지붕,2004-01-29
대전광역시 대덕구 문평동 66-1,0.0,일반철골구조,공장,(철근)콘크리트,1996-11-20
대전광역시 대덕구 문평동 66-11,919.09,일반철골구조,자원순환관련시설,기타지붕,2006-09-15
대전광역시 대덕구 문평동 66-8,860.36,경량철골구조,자원순환관련시설,기타지붕,1997-07-15
대전광역시 대덕구 문평동 69-3,830.14,일반철골구조,자원순환관련시설,기타지붕,2020-06-19
대전광역시 대덕구 문평동 77-1,463.53,일반철골구조,공장,기타지붕,1999-11-23
대전광역시 대덕구 문평동 77-11,622.63,일반철골구조,공장,기타지붕,1993-03-13
대전광역시 대덕구 문평동 77-2,1213.27,일반철골구조,공장,기타지붕,1993-07-26
대전광역시 대덕구 문평동 77-3,1399.69,일반철골구조,공장,(철근)콘크리트,1994-06-27
대전광역시 대덕구 문평동 77-4,2839.06,일반철골구조,공장,기타지붕,1996-07-19
대전광역시 대덕구 문평동 77-5,4073.94,철근콘크리트구조,노유자시설,(철근)콘크리트,2010-09-10
대전광역시 대덕구 문평동 77-6,1309.35,철근콘크리트구조,창고시설,(철근)콘크리트,1994-04-28
대전광역시 대덕구 문평동 77-7,1365.6,일반철골구조,공장,기타지붕,1994-09-12
대전광역시 대덕구 문평동 78-1,961.55,일반철골구조,공장,기타지붕,1993-12-03
대전광역시 대덕구 문평동 78-10,1387.37,일반철골구조,공장,기타지붕,2016-01-21
대전광역시 대덕구 문평동 78-2,934.3399999999999,일반철골구조,공장,기타지붕,2004-09-09
대전광역시 대덕구 문평동 78-3,142.73,벽돌구조,공장,(철근)콘크리트,1992-06-27
대전광역시 대덕구 문평동 78-4,25266.48,철근콘크리트구조,공장,(철근)콘크리트,1996-04-15
대전광역시 대덕구 문평동 78-6,1938.05,철근콘크리트구조,공장,(철근)콘크리트,1994-12-23
대전광역시 대덕구 문평동 78-7,704.5,일반철골구조,공장,기타지붕,2007-12-28
대전광역시 대덕구 문평동 78-8,682.69,일반철골구조,공장,기타지붕,2005-08-02
대전광역시 대덕구 문평동 79-2,248.52,벽돌구조,노유자시설,(철근)콘크리트,1994-05-23
대전광역시 대덕구 문평동 81-1,1238.17,일반철골구조,공장,기타지붕,2004-01-16
대전광역시 대덕구 문평동 81-2,383.55,철근콘크리트구조,제2종근린생활시설,(철근)콘크리트,1993-04-22
대전광역시 대덕구 문평동 82,852.0,일반철골구조,공장,기타지붕,1998-03-04
대전광역시 대덕구 문평동 82-1,1152.87,철골철근콘크리트구조,자동차관련시설,(철근)콘크리트,2013-04-04
대전광역시 대덕구 문평동 82-2,675.0,철근콘크리트구조,업무시설,(철근)콘크리트,1998-12-14
대전광역시 대덕구 문평동 82-3,700.72,경량철골구조,공장,기타지붕,2004-02-02
대전광역시 대덕구 문평동 83-1,1557.46,일반철골구조,자동차관련시설,(철근)콘크리트,1994-09-16
대전광역시 대덕구 문평동 99-1,1525.52,경량철골구조,공장,기타지붕,1990-12-19
대전광역시 대덕구 문평동 99-5,920.6,철근콘크리트구조,공장,슬레이트,2000-11-17
대전광역시 대덕구 문평동 99-6,1084.46,일반철골구조,창고시설,슬레이트,2003-05-19
대전광역시 대덕구 문평동 99-7,363.5,일반철골구조,공장,기타지붕,2001-05-17
대전광역시 대덕구 미호동 1-5,756.03,벽돌구조,문화및집회시설,기와,1981-05-01
대전광역시 대덕구 미호동 126,150.34,벽돌구조,단독주택,(철근)콘크리트,1991-10-12
대전광역시 대덕구 미호동 132,98.58,경량철골구조,단독주택,기타지붕,1997-07-10
대전광역시 대덕구 미호동 162-3,197.38,벽돌구조,단독주택,(철근)콘크리트,1995-07-27
대전광역시 대덕구 미호동 165,65.8,경량철골구조,창고시설,기타지붕,2002-07-22
대전광역시 대덕구 미호동 168-3,99.92,강파이프구조,창고시설,기타지붕,2014-05-30
대전광역시 대덕구 미호동 174,97.41,벽돌구조,단독주택,기와,1976-08-07
대전광역시 대덕구 미호동 175,48.69,일반목구조,단독주택,기타지붕,2021-09-16
대전광역시 대덕구 미호동 176,81.0,경량철골구조,창고시설,기타지붕,1992-11-13
대전광역시 대덕구 미호동 178,184.74,일반목구조,단독주택,기타지붕,1945
대전광역시 대덕구 미호동 179,106.62,벽돌구조,단독주택,슬레이트,1992-07-08
대전광역시 대덕구 미호동 181,246.86,경량철골구조,단독주택,기타지붕,2005-08-21
대전광역시 대덕구 미호동 182,127.87,블록구조,단독주택,기와,1979-07-30
대전광역시 대덕구 미호동 183,119.8,일반목구조,단독주택,슬레이트,1902
대전광역시 대덕구 미호동 184,105.3,일반목구조,단독주택,기타지붕,2017-05-18
대전광역시 대덕구 미호동 194,174.12,일반목구조,단독주택,기와,1999-07-23
대전광역시 대덕구 미호동 195-2,83.87,벽돌구조,단독주택,기타지붕,2004-12-24
대전광역시 대덕구 미호동 195-3,161.2,철근콘크리트구조,단독주택,기타지붕,2008-11-19
대전광역시 대덕구 미호동 195-7,96.23,벽돌구조,단독주택,(철근)콘크리트,1995-07-06
대전광역시 대덕구 미호동 195-8,82.63,벽돌구조,단독주택,(철근)콘크리트,2004-01-20
대전광역시 대덕구 미호동 195-9,230.86,철근콘크리트구조,단독주택,(철근)콘크리트,2003-11-19
대전광역시 대덕구 미호동 197,151.0,일반목구조,단독주택,슬레이트,1930
대전광역시 대덕구 미호동 197-1,120.3,일반목구조,단독주택,기와,1921
대전광역시 대덕구 미호동 197-3,171.96,벽돌구조,단독주택,기타지붕,2000-09-09
대전광역시 대덕구 미호동 198,89.38,철근콘크리트구조,단독주택,(철근)콘크리트,2013-10-30
대전광역시 대덕구 미호동 200-1,331.24,기타조적구조,단독주택,슬레이트,1983-10-19
대전광역시 대덕구 미호동 207-1,120.0,일반철골구조,창고시설,기타지붕,2004-09-03
대전광역시 대덕구 미호동 214-1,132.57,철근콘크리트구조,단독주택,(철근)콘크리트,2000-06-29
대전광역시 대덕구 미호동 214-5,158.25,철근콘크리트구조,단독주택,(철근)콘크리트,2003-10-22
대전광역시 대덕구 미호동 220-1,186.82,벽돌구조,단독주택,(철근)콘크리트,1995-01-27
대전광역시 대덕구 미호동 247,187.74,일반목구조,단독주택,기타지붕,2014-06-19
대전광역시 대덕구 미호동 248,162.05,철근콘크리트구조,단독주택,(철근)콘크리트,1995-12-22
대전광역시 대덕구 미호동 248-1,93.96,경량철골구조,단독주택,기타지붕,1996-09-24
대전광역시 대덕구 미호동 25-1,107.34,벽돌구조,단독주택,(철근)콘크리트,1999-01-14
대전광역시 대덕구 미호동 250,120.1,일반목구조,단독주택,기타지붕,2013-10-07
대전광역시 대덕구 미호동 26-2,224.0,경량철골구조,창고시설,기타지붕,2008-07-04
대전광역시 대덕구 미호동 260-1,156.13,벽돌구조,단독주택,(철근)콘크리트,1997-06-27
대전광역시 대덕구 미호동 262-1,348.19,블록구조,단독주택,슬레이트,1976-08-10
대전광역시 대덕구 미호동 264-1,127.26,벽돌구조,제2종근린생활시설,(철근)콘크리트,1999-06-15
대전광역시 대덕구 미호동 264-5,211.77,경량철골구조,단독주택,기타지붕,2009-09-18
대전광역시 대덕구 미호동 264-8,46.95,벽돌구조,창고시설,(철근)콘크리트,2007-05-04
대전광역시 대덕구 미호동 266-2,166.45999999999998,벽돌구조,창고시설,기타지붕,2021-07-21
대전광역시 대덕구 미호동 267,111.39,철근콘크리트구조,단독주택,(철근)콘크리트,1988-06-10
대전광역시 대덕구 미호동 268-3,163.07999999999998,철근콘크리트구조,창고시설,(철근)콘크리트,2013-11-22
대전광역시 대덕구 미호동 268-4,105.15,벽돌구조,단독주택,(철근)콘크리트,1980-10-21
대전광역시 대덕구 미호동 268-5,75.4,벽돌구조,단독주택,기와,1980-03-19
대전광역시 대덕구 미호동 269,18.0,경량철골구조,단독주택,기타지붕,2017-07-27
대전광역시 대덕구 미호동 269-1,18.0,경량철골구조,단독주택,기타지붕,2017-08-17
대전광역시 대덕구 미호동 270-2,104.41,벽돌구조,단독주택,기와,1980-03-19
대전광역시 대덕구 미호동 270-4,70.0,벽돌구조,단독주택,기와,1980-03-19
대전광역시 대덕구 미호동 270-5,91.14,벽돌구조,제2종근린생활시설,기와,1980-03-19
대전광역시 대덕구 미호동 270-7,182.72,일반철골구조,단독주택,기타지붕,2010-06-24
대전광역시 대덕구 미호동 271-5,95.51,벽돌구조,제2종근린생활시설,(철근)콘크리트,1980-03-19
대전광역시 대덕구 미호동 271-9,219.52,일반목구조,단독주택,기타지붕,1996-09-06
대전광역시 대덕구 미호동 272,101.19999999999999,벽돌구조,단독주택,기타지붕,2002-07-26
대전광역시 대덕구 미호동 272-1,97.6,벽돌구조,단독주택,(철근)콘크리트,1980-01-18
대전광역시 대덕구 미호동 274-1,133.0,철근콘크리트구조,단독주택,(철근)콘크리트,2022-12-20
대전광역시 대덕구 미호동 274-2,171.99,벽돌구조,단독주택,(철근)콘크리트,1979-08-30
대전광역시 대덕구 미호동 274-3,122.09,철근콘크리트구조,단독주택,(철근)콘크리트,2022-03-15
대전광역시 대덕구 미호동 279-3,240.12,경량철골구조,단독주택,기타지붕,2008-11-21
대전광역시 대덕구 미호동 287-3,326.15,기타구조,단독주택,기타지붕,2012-06-01
대전광역시 대덕구 미호동 288-1,342.5,철근콘크리트구조,단독주택,기와,1982-06-22
대전광역시 대덕구 미호동 295-2,193.76,경량철골구조,단독주택,기타지붕,2009-01-16
대전광역시 대덕구 미호동 297,156.21,철근콘크리트구조,단독주택,(철근)콘크리트,2008-03-11
대전광역시 대덕구 미호동 297-1,137.0,일반목구조,단독주택,기타지붕,1951
대전광역시 대덕구 미호동 297-2,0.0,블록구조,동.식물관련시설,기타지붕,1957
대전광역시 대덕구 미호동 298,142.14,경량철골구조,단독주택,기타지붕,
대전광역시 대덕구 미호동 299,141.4,벽돌구조,단독주택,(철근)콘크리트,2000-01-07
대전광역시 대덕구 미호동 30-1,209.62,벽돌구조,단독주택,(철근)콘크리트,1994-09-16
대전광역시 대덕구 미호동 303-1,97.0,경량철골구조,단독주택,기타지붕,2007-10-11
대전광역시 대덕구 미호동 308,260.05,벽돌구조,단독주택,(철근)콘크리트,1926
대전광역시 대덕구 미호동 308-1,192.64,블록구조,단독주택,기와,1977-10-29
대전광역시 대덕구 미호동 309-1,99.72999999999999,일반목구조,제2종근린생활시설,슬레이트,
대전광역시 대덕구 미호동 309-3,94.29,철근콘크리트구조,단독주택,(철근)콘크리트,2007-04-04
대전광역시 대덕구 미호동 31,77.34,철근콘크리트구조,단독주택,(철근)콘크리트,2019-07-16
대전광역시 대덕구 미호동 310,79.0,벽돌구조,단독주택,기타지붕,2005-04-15
대전광역시 대덕구 미호동 311-1,91.8,경량철골구조,창고시설,기타지붕,2012-04-12
대전광역시 대덕구 미호동 311-2,47.11,벽돌구조,단독주택,기타지붕,1992-08-05
대전광역시 대덕구 미호동 311-3,99.73,경량철골구조,단독주택,기타지붕,2006-01-09
대전광역시 대덕구 미호동 312,85.1,일반목구조,단독주택,슬레이트,1960
대전광역시 대덕구 미호동 313,107.46,벽돌구조,단독주택,기타지붕,2002-12-30
대전광역시 대덕구 미호동 314-1,96.0,경량철골구조,창고시설,기타지붕,2014-06-10
대전광역시 대덕구 미호동 316-1,199.5,경량철골구조,창고시설,(철근)콘크리트,1996-12-31
대전광역시 대덕구 미호동 319-2,95.9,일반목구조,단독주택,기와,1940
대전광역시 대덕구 미호동 319-4,49.98,벽돌구조,단독주택,(철근)콘크리트,2006-03-02
대전광역시 대덕구 미호동 320-2,96.0,경량철골구조,창고시설,기타지붕,2014-07-21
대전광역시 대덕구 미호동 325-1,99.54,철근콘크리트구조,단독주택,(철근)콘크리트,2018-08-30
대전광역시 대덕구 미호동 325-2,97.49,일반목구조,단독주택,슬레이트,1921
대전광역시 대덕구 미호동 325-3,88.7,일반목구조,단독주택,기와,1977-12-04
대전광역시 대덕구 미호동 327-1,158.55,벽돌구조,단독주택,기타지붕,2010-10-08
대전광역시 대덕구 미호동 330,216.26,철근콘크리트구조,단독주택,(철근)콘크리트,2007-08-01
대전광역시 대덕구 미호동 336-1,115.25,철근콘크리트구조,제2종근린생활시설,(철근)콘크리트,1996-05-23
대전광역시 대덕구 미호동 348-4,88.67,벽돌구조,단독주택,(철근)콘크리트,1997-06-10
대전광역시 대덕구 미호동 351-2,97.68,벽돌구조,단독주택,(철근)콘크리트,1996-09-21
대전광역시 대덕구 미호동 36,114.92,벽돌구조,단독주택,(철근)콘크리트,
대전광역시 대덕구 미호동 391-2,40.59,경량철골구조,창고시설,기타지붕,2019-10-04
대전광역시 대덕구 미호동 405-3,76.1,경량철골구조,창고시설,기타지붕,2016-11-08
대전광역시 대덕구 미호동 41,3365.5,일반철골구조,창고시설,기타지붕,2002-12-18
대전광역시 대덕구 미호동 41-7,1083.5300000000002,철근콘크리트구조,발전시설,(철근)콘크리트,2017-12-28
대전광역시 대덕구 미호동 425-1,144.92,일반철골구조,단독주택,기타지붕,1984-08-24
대전광역시 대덕구 미호동 425-4,33.2,블록구조,단독주택,(철근)콘크리트,1990-09-26
대전광역시 대덕구 미호동 52-7,66.0,경량철골구조,제2종근린생활시설,기타지붕,1999-08-07
대전광역시 대덕구 미호동 57,750.75,블록구조,창고시설,슬레이트,1981-05-01
대전광역시 대덕구 미호동 79-12,131.9,기타조적구조,동.식물관련시설,슬레이트,1940
대전광역시 대덕구 미호동 90-2,244.48,철근콘크리트구조,단독주택,(철근)콘크리트,2007-04-06
대전광역시 대덕구 법동 106,38.81,벽돌구조,단독주택,기와,1969
대전광역시 대덕구 법동 112,46.05,일반목구조,단독주택,슬레이트,1958
대전광역시 대덕구 법동 114,123.72,일반목구조,단독주택,슬레이트,1935
대전광역시 대덕구 법동 118,20.13,벽돌구조,동.식물관련시설,슬레이트,1955
대전광역시 대덕구 법동 123,71.26,벽돌구조,단독주택,기타지붕,1955
대전광역시 대덕구 법동 13-4,90.21,벽돌구조,단독주택,슬레이트,1960
대전광역시 대덕구 법동 133,61.9,벽돌구조,단독주택,슬레이트,1959
대전광역시 대덕구 법동 133-8,0.0,벽돌구조,단독주택,기와,1980-02-27
대전광역시 대덕구 법동 140-1,26.64,일반목구조,제2종근린생활시설,기타지붕,2002-11-18
대전광역시 대덕구 법동 186,377.79,철근콘크리트구조,업무시설,(철근)콘크리트,2013-07-09
대전광역시 대덕구 법동 188,20804.06,경량철골구조,공동주택,기타지붕,2010-08-17
대전광역시 대덕구 법동 189-10,128.64,철근콘크리트구조,단독주택,(철근)콘크리트,1993-08-28
대전광역시 대덕구 법동 189-11,129.9,경량철골구조,단독주택,기타지붕,1993-01-05
대전광역시 대덕구 법동 189-2,131.45,철근콘크리트구조,단독주택,(철근)콘크리트,1993-08-18
대전광역시 대덕구 법동 189-3,129.69,철근콘크리트구조,단독주택,(철근)콘크리트,1993-07-01
대전광역시 대덕구 법동 189-4,128.01,철근콘크리트구조,단독주택,(철근)콘크리트,1994-11-17
대전광역시 대덕구 법동 189-5,128.36,철근콘크리트구조,단독주택,(철근)콘크리트,1993-08-18
대전광역시 대덕구 법동 189-6,131.46,철근콘크리트구조,단독주택,(철근)콘크리트,1997-12-30
대전광역시 대덕구 법동 189-7,128.35,철근콘크리트구조,단독주택,(철근)콘크리트,1995-11-29
대전광역시 대덕구 법동 189-8,129.8,철근콘크리트구조,단독주택,(철근)콘크리트,1994-07-27
대전광역시 대덕구 법동 189-9,129.32,철근콘크리트구조,단독주택,(철근)콘크리트,1995-11-29
대전광역시 대덕구 법동 190,27697.18,철근콘크리트구조,공동주택,(철근)콘크리트,1993-07-03
대전광역시 대덕구 법동 191-1,30986.117,철근콘크리트구조,교육연구시설,(철근)콘크리트,1995-07-22
대전광역시 대덕구 법동 191-3,1428.72,경량철골구조,교육연구시설,기타지붕,2007-03-26
대전광역시 대덕구 법동 193-1,252.77,철근콘크리트구조,제2종근린생활시설,(철근)콘크리트,1993-11-25
대전광역시 대덕구 법동 193-2,167.267,철근콘크리트구조,제2종근린생활시설,(철근)콘크리트,1994-07-07
대전광역시 대덕구 법동 193-4,246.76,철근콘크리트구조,제2종근린생활시설,(철근)콘크리트,1994-01-21
대전광역시 대덕구 법동 193-5,162.92,철근콘크리트구조,제2종근린생활시설,(철근)콘크리트,1994-08-02
대전광역시 대덕구 법동 194-2,158.24,철근콘크리트구조,제2종근린생활시설,(철근)콘크리트,1994-07-07
대전광역시 대덕구 법동 194-3,165.64,철근콘크리트구조,제2종근린생활시설,(철근)콘크리트,1993-10-19
대전광역시 대덕구 법동 194-5,159.87,철근콘크리트구조,제2종근린생활시설,(철근)콘크리트,1994-08-30
대전광역시 대덕구 법동 194-6,160.28,철근콘크리트구조,제2종근린생활시설,(철근)콘크리트,1994-07-25
대전광역시 대덕구 법동 195-1,15476.14,철근콘크리트구조,노유자시설,(철근)콘크리트,1993-11-12
대전광역시 대덕구 법동 196-1,2896.08,경량철골구조,교육연구시설,기타지붕,2005-10-28
대전광역시 대덕구 법동 196-2,3526.35,경량철골구조,교육연구시설,기타지붕,2019-12-31
대전광역시 대덕구 법동 197-3,112.46,철근콘크리트구조,단독주택,(철근)콘크리트,1994-07-20
대전광역시 대덕구 법동 197-4,119.43,철근콘크리트구조,단독주택,(철근)콘크리트,2012-12-26
대전광역시 대덕구 법동 197-5,112.585,철근콘크리트구조,단독주택,(철근)콘크리트,1994-06-10
대전광역시 대덕구 법동 197-6,112.1,철근콘크리트구조,단독주택,(철근)콘크리트,1993-12-02
대전광역시 대덕구 법동 197-7,114.63,철근콘크리트구조,단독주택,(철근)콘크리트,1996-11-14
대전광역시 대덕구 법동 197-8,115.15,철근콘크리트구조,단독주택,기타지붕,1993-10-11
대전광역시 대덕구 법동 198-1,124.3,철근콘크리트구조,단독주택,(철근)콘크리트,1993-06-18
대전광역시 대덕구 법동 198-10,123.98,철근콘크리트구조,단독주택,(철근)콘크리트,1993-11-22
대전광역시 대덕구 법동 198-11,125.85,철근콘크리트구조,단독주택,(철근)콘크리트,1994-05-07
대전광역시 대덕구 법동 198-12,125.85,철근콘크리트구조,단독주택,(철근)콘크리트,1994-01-13
대전광역시 대덕구 법동 198-13,126.18,철근콘크리트구조,단독주택,(철근)콘크리트,1994-05-06
대전광역시 대덕구 법동 198-14,122.97,철근콘크리트구조,단독주택,(철근)콘크리트,1993-10-26
대전광역시 대덕구 법동 198-2,127.14,철근콘크리트구조,단독주택,(철근)콘크리트,1993-12-08
대전광역시 대덕구 법동 198-3,126.72,철근콘크리트구조,단독주택,(철근)콘크리트,1993-11-20
대전광역시 대덕구 법동 198-4,127.98,철근콘크리트구조,단독주택,(철근)콘크리트,1994-09-08
대전광역시 대덕구 법동 198-5,128.4,철근콘크리트구조,단독주택,(철근)콘크리트,1994-10-12
대전광역시 대덕구 법동 198-6,127.48,벽돌구조,단독주택,(철근)콘크리트,1993-09-22
대전광역시 대덕구 법동 198-7,125.82,철근콘크리트구조,단독주택,기타지붕,1995-07-21
대전광역시 대덕구 법동 198-8,125.02,벽돌구조,단독주택,(철근)콘크리트,1993-06-11
대전광역시 대덕구 법동 198-9,127.26,철근콘크리트구조,단독주택,(철근)콘크리트,1994-06-15
대전광역시 대덕구 법동 199-1,120.85,철근콘크리트구조,단독주택,(철근)콘크리트,1993-06-24
대전광역시 대덕구 법동 199-10,123.855,철근콘크리트구조,단독주택,(철근)콘크리트,1994-05-07
대전광역시 대덕구 법동 199-11,121.36,철근콘크리트구조,단독주택,(철근)콘크리트,1994-09-09
대전광역시 대덕구 법동 199-12,122.1,벽돌구조,단독주택,(철근)콘크리트,1992-11-25
대전광역시 대덕구 법동 199-13,121.1,철근콘크리트구조,단독주택,(철근)콘크리트,1993-12-28
대전광역시 대덕구 법동 199-14,146.94,철근콘크리트구조,단독주택,기타지붕,1993-12-27
대전광역시 대덕구 법동 199-2,123.05,철근콘크리트구조,단독주택,(철근)콘크리트,1993-07-23
대전광역시 대덕구 법동 199-3,123.62,철근콘크리트구조,단독주택,(철근)콘크리트,1994-01-28
대전광역시 대덕구 법동 199-4,121.8,철근콘크리트구조,단독주택,(철근)콘크리트,1994-05-31
대전광역시 대덕구 법동 199-5,120.72,철근콘크리트구조,단독주택,(철근)콘크리트,1994-07-21
대전광역시 대덕구 법동 199-6,122.433,철근콘크리트구조,단독주택,(철근)콘크리트,1993-09-18
대전광역시 대덕구 법동 199-7,156.54,철근콘크리트구조,단독주택,(철근)콘크리트,1994-09-03
대전광역시 대덕구 법동 199-8,121.58,철근콘크리트구조,단독주택,(철근)콘크리트,1993-10-26
대전광역시 대덕구 법동 199-9,122.375,벽돌구조,단독주택,(철근)콘크리트,1994-09-09
대전광역시 대덕구 법동 200-1,145.45,철근콘크리트구조,단독주택,(철근)콘크리트,1993-07-13
대전광역시 대덕구 법동 200-10,126.24,철근콘크리트구조,단독주택,(철근)콘크리트,1993-04-15
대전광역시 대덕구 법동 200-11,126.36,철근콘크리트구조,단독주택,(철근)콘크리트,1995-08-29
대전광역시 대덕구 법동 200-12,128.16,벽돌구조,단독주택,(철근)콘크리트,1995-07-03
대전광역시 대덕구 법동 200-13,126.36,철근콘크리트구조,단독주택,(철근)콘크리트,1994-12-02
대전광역시 대덕구 법동 200-14,114.48,철근콘크리트구조,단독주택,(철근)콘크리트,1993-10-26
대전광역시 대덕구 법동 200-2,128.2,벽돌구조,단독주택,(철근)콘크리트,1992-11-17
대전광역시 대덕구 법동 200-3,0.0,철근콘크리트구조,단독주택,(철근)콘크리트,1994-08-26
대전광역시 대덕구 법동 200-4,113.57,벽돌구조,단독주택,기와,1993-04-28
대전광역시 대덕구 법동 200-5,127.96,벽돌구조,단독주택,(철근)콘크리트,1993-12-28
대전광역시 대덕구 법동 200-6,128.46,벽돌구조,단독주택,(철근)콘크리트,1994-09-07
대전광역시 대덕구 법동 200-7,125.88,철근콘크리트구조,단독주택,(철근)콘크리트,1994-05-25
대전광역시 대덕구 법동 200-8,170.33,철근콘크리트구조,단독주택,(철근)콘크리트,1994-12-16
대전광역시 대덕구 법동 200-9,127.94,벽돌구조,단독주택,(철근)콘크리트,1993-12-27
대전광역시 대덕구 법동 201-1,119.265,철근콘크리트구조,단독주택,(철근)콘크리트,1993-05-01
대전광역시 대덕구 법동 201-10,118.05,철근콘크리트구조,단독주택,(철근)콘크리트,1994-08-16
대전광역시 대덕구 법동 201-11,120.2,철근콘크리트구조,단독주택,(철근)콘크리트,1993-10-29
대전광역시 대덕구 법동 201-12,124.09,벽돌구조,단독주택,(철근)콘크리트,1993-10-02
대전광역시 대덕구 법동 201-13,124.69,철근콘크리트구조,단독주택,(철근)콘크리트,1994-07-29
대전광역시 대덕구 법동 201-14,119.09,철근콘크리트구조,단독주택,(철근)콘크리트,1993-02-05
대전광역시 대덕구 법동 201-2,122.04,철근콘크리트구조,단독주택,(철근)콘크리트,1993-11-09
대전광역시 대덕구 법동 201-3,118.05,철근콘크리트구조,단독주택,(철근)콘크리트,1994-09-12
대전광역시 대덕구 법동 201-4,121.7,철근콘크리트구조,단독주택,(철근)콘크리트,1993-10-29
대전광역시 대덕구 법동 201-5,124.16,철근콘크리트구조,단독주택,(철근)콘크리트,1993-11-08
대전광역시 대덕구 법동 201-6,113.94,벽돌구조,단독주택,(철근)콘크리트,1993-04-26
대전광역시 대덕구 법동 201-7,118.13,철근콘크리트구조,단독주택,(철근)콘크리트,1994-01-18
대전광역시 대덕구 법동 201-8,121.6,철근콘크리트구조,단독주택,(철근)콘크리트,1994-08-02
대전광역시 대덕구 법동 201-9,118.05,철근콘크리트구조,단독주택,(철근)콘크리트,1994-08-02
대전광역시 대덕구 법동 202-1,118.82,철근콘크리트구조,제2종근린생활시설,(철근)콘크리트,1993-01-28
대전광역시 대덕구 법동 202-10,119.69,철근콘크리트구조,단독주택,(철근)콘크리트,1994-05-20
대전광역시 대덕구 법동 202-11,115.7,철근콘크리트구조,단독주택,(철근)콘크리트,1994-10-18
대전광역시 대덕구 법동 202-12,119.28,철근콘크리트구조,단독주택,(철근)콘크리트,1995-05-15
대전광역시 대덕구 법동 202-2,115.36,철근콘크리트구조,단독주택,(철근)콘크리트,1994-02-04
대전광역시 대덕구 법동 202-3,124.45,철근콘크리트구조,단독주택,(철근)콘크리트,1994-06-23
대전광역시 대덕구 법동 202-4,123.42,철근콘크리트구조,단독주택,(철근)콘크리트,1995-01-28
대전광역시 대덕구 법동 202-5,123.22,철근콘크리트구조,단독주택,(철근)콘크리트,1993-06-24
대전광역시 대덕구 법동 202-6,124.09,철근콘크리트구조,단독주택,(철근)콘크리트,1995-07-26
대전광역시 대덕구 법동 202-7,123.97,철근콘크리트구조,단독주택,(철근)콘크리트,1994-08-06
대전광역시 대덕구 법동 202-8,124.57,철근콘크리트구조,단독주택,(철근)콘크리트,1994-03-10
대전광역시 대덕구 법동 202-9,124.42,철근콘크리트구조,단독주택,(철근)콘크리트,1995-01-27
대전광역시 대덕구 법동 203-1,122.765,철근콘크리트구조,단독주택,(철근)콘크리트,1993-01-05
대전광역시 대덕구 법동 203-10,126.0,철근콘크리트구조,단독주택,(철근)콘크리트,1994-01-22
대전광역시 대덕구 법동 203-11,126.36,철근콘크리트구조,단독주택,(철근)콘크리트,1995-12-02
대전광역시 대덕구 법동 203-12,120.11,철근콘크리트구조,단독주택,(철근)콘크리트,1994-07-27
대전광역시 대덕구 법동 203-2,127.26,벽돌구조,단독주택,기타지붕,1994-02-23
대전광역시 대덕구 법동 203-3,127.41,철근콘크리트구조,단독주택,(철근)콘크리트,1995-10-25
대전광역시 대덕구 법동 203-4,124.53,철근콘크리트구조,단독주택,(철근)콘크리트,1997-08-07
대전광역시 대덕구 법동 203-5,127.15,철근콘크리트구조,단독주택,(철근)콘크리트,1993-10-21
대전광역시 대덕구 법동 203-6,127.0,철근콘크리트구조,단독주택,(철근)콘크리트,1993-09-02
대전광역시 대덕구 법동 203-7,123.08,철근콘크리트구조,단독주택,(철근)콘크리트,1994-11-29
대전광역시 대덕구 법동 203-8,125.06,철근콘크리트구조,단독주택,(철근)콘크리트,1994-12-15
대전광역시 대덕구 법동 203-9,125.98,철근콘크리트구조,단독주택,(철근)콘크리트,1995-05-30
대전광역시 대덕구 법동 204-1,115.54,철근콘크리트구조,단독주택,(철근)콘크리트,1993-10-11
대전광역시 대덕구 법동 204-10,111.49,철근콘크리트구조,단독주택,(철근)콘크리트,1995-07-25
대전광역시 대덕구 법동 204-11,119.32,벽돌구조,단독주택,(철근)콘크리트,1993-06-28
대전광역시 대덕구 법동 204-12,118.32,벽돌구조,단독주택,(철근)콘크리트,1992-12-30
대전광역시 대덕구 법동 204-13,114.12,철근콘크리트구조,단독주택,(철근)콘크리트,1992-10-07
대전광역시 대덕구 법동 204-14,117.74,철근콘크리트구조,단독주택,(철근)콘크리트,1995-08-04
대전광역시 대덕구 법동 204-2,117.756,벽돌구조,단독주택,(철근)콘크리트,1994-06-20
대전광역시 대덕구 법동 204-3,113.22,벽돌구조,단독주택,(철근)콘크리트,1994-05-11
대전광역시 대덕구 법동 204-4,118.53,철근콘크리트구조,단독주택,(철근)콘크리트,1994-11-17
대전광역시 대덕구 법동 204-5,107.88,철근콘크리트구조,단독주택,(철근)콘크리트,1994-07-19
대전광역시 대덕구 법동 204-6,120.36,철근콘크리트구조,단독주택,(철근)콘크리트,1994-12-15
대전광역시 대덕구 법동 204-7,117.41,철근콘크리트구조,단독주택,(철근)콘크리트,1993-04-29
대전광역시 대덕구 법동 204-8,116.8,철근콘크리트구조,단독주택,(철근)콘크리트,1994-06-11
대전광역시 대덕구 법동 204-9,120.6,철근콘크리트구조,단독주택,(철근)콘크리트,1996-06-07
대전광역시 대덕구 법동 205-1,123.715,철근콘크리트구조,단독주택,(철근)콘크리트,1993-11-03
대전광역시 대덕구 법동 205-2,129.86,철근콘크리트구조,단독주택,(철근)콘크리트,1994-06-15
대전광역시 대덕구 법동 205-3,125.16,철근콘크리트구조,단독주택,(철근)콘크리트,1994-09-07
대전광역시 대덕구 법동 205-6,124.8,벽돌구조,단독주택,(철근)콘크리트,1993-12-27
대전광역시 대덕구 법동 205-7,129.98,철근콘크리트구조,단독주택,(철근)콘크리트,1995-06-21
대전광역시 대덕구 법동 205-8,125.0,철근콘크리트구조,단독주택,(철근)콘크리트,1994-09-08
대전광역시 대덕구 법동 206-1,117.14,철근콘크리트구조,단독주택,(철근)콘크리트,1996-04-23
대전광역시 대덕구 법동 206-10,115.34,철근콘크리트구조,단독주택,(철근)콘크리트,1993-11-10
대전광역시 대덕구 법동 206-11,120.7,철근콘크리트구조,단독주택,(철근)콘크리트,1994-06-15
대전광역시 대덕구 법동 206-12,119.68,철근콘크리트구조,단독주택,(철근)콘크리트,1994-09-02
대전광역시 대덕구 법동 206-13,119.56,철근콘크리트구조,단독주택,(철근)콘크리트,1994-05-10
대전광역시 대덕구 법동 206-14,116.07,철근콘크리트구조,단독주택,(철근)콘크리트,1994-01-14
대전광역시 대덕구 법동 206-2,119.38,철근콘크리트구조,단독주택,(철근)콘크리트,2011-12-23
대전광역시 대덕구 법동 206-3,120.0,철근콘크리트구조,단독주택,(철근)콘크리트,1996-10-08
대전광역시 대덕구 법동 206-4,119.56,철근콘크리트구조,단독주택,(철근)콘크리트,1994-07-25
대전광역시 대덕구 법동 206-5,117.48,철근콘크리트구조,단독주택,(철근)콘크리트,1993-11-12
대전광역시 대덕구 법동 206-6,118.785,벽돌구조,단독주택,(철근)콘크리트,1994-06-08
대전광역시 대덕구 법동 206-7,114.825,철근콘크리트구조,단독주택,(철근)콘크리트,1994-06-13
대전광역시 대덕구 법동 206-8,116.555,철근콘크리트구조,단독주택,(철근)콘크리트,1994-12-20
대전광역시 대덕구 법동 206-9,119.89,철근콘크리트구조,단독주택,(철근)콘크리트,1994-07-25
대전광역시 대덕구 법동 207-10,122.76,철근콘크리트구조,단독주택,(철근)콘크리트,1996-11-23
대전광역시 대덕구 법동 207-11,124.65,철근콘크리트구조,단독주택,(철근)콘크리트,1994-06-23
대전광역시 대덕구 법동 207-12,122.0,철근콘크리트구조,단독주택,(철근)콘크리트,1993-08-10
대전광역시 대덕구 법동 207-13,125.14,철근콘크리트구조,단독주택,(철근)콘크리트,1993-12-21
대전광역시 대덕구 법동 207-2,124.56,철근콘크리트구조,단독주택,(철근)콘크리트,1996-04-15
대전광역시 대덕구 법동 207-3,119.98,벽돌구조,단독주택,(철근)콘크리트,1993-06-12
대전광역시 대덕구 법동 207-4,122.81,철근콘크리트구조,단독주택,(철근)콘크리트,1995-08-07
대전광역시 대덕구 법동 207-5,122.86,벽돌구조,단독주택,(철근)콘크리트,1995-08-11
대전광역시 대덕구 법동 207-6,123.76,철근콘크리트구조,단독주택,(철근)콘크리트,1994-10-20
대전광역시 대덕구 법동 207-7,120.48,철근콘크리트구조,단독주택,(철근)콘크리트,1995-08-16
대전광역시 대덕구 법동 207-8,119.62,철근콘크리트구조,단독주택,(철근)콘크리트,1992-10-27
대전광역시 대덕구 법동 207-9,123.5,철근콘크리트구조,단독주택,(철근)콘크리트,1994-06-23
대전광역시 대덕구 법동 208-1,128.9,철근콘크리트구조,단독주택,(철근)콘크리트,1996-08-07
대전광역시 대덕구 법동 208-10,135.18,철근콘크리트구조,단독주택,(철근)콘크리트,1996-12-10
대전광역시 대덕구 법동 208-11,133.07,철근콘크리트구조,단독주택,(철근)콘크리트,1996-05-20
대전광역시 대덕구 법동 208-12,130.51,철근콘크리트구조,단독주택,(철근)콘크리트,1993-12-31
대전광역시 대덕구 법동 208-2,136.24,철근콘크리트구조,단독주택,(철근)콘크리트,1996-09-12
대전광역시 대덕구 법동 208-3,136.06,철근콘크리트구조,단독주택,(철근)콘크리트,1994-11-15
대전광역시 대덕구 법동 208-4,135.36,철근콘크리트구조,단독주택,(철근)콘크리트,1993-09-24
대전광역시 대덕구 법동 208-5,135.08,철근콘크리트구조,단독주택,(철근)콘크리트,1995-07-18
대전광역시 대덕구 법동 208-6,130.33,철근콘크리트구조,단독주택,(철근)콘크리트,1995-06-05
대전광역시 대덕구 법동 208-7,130.975,철근콘크리트구조,단독주택,(철근)콘크리트,1995-08-05
대전광역시 대덕구 법동 208-8,134.82,철근콘크리트구조,단독주택,(철근)콘크리트,1996-03-12
대전광역시 대덕구 법동 208-9,134.51,벽돌구조,단독주택,(철근)콘크리트,1994-09-07
대전광역시 대덕구 법동 209-1,131.136,철근콘크리트구조,단독주택,(철근)콘크리트,1994-05-24
대전광역시 대덕구 법동 209-2,123.12,철근콘크리트구조,단독주택,(철근)콘크리트,1993-07-21
대전광역시 대덕구 법동 209-3,134.12,철근콘크리트구조,단독주택,(철근)콘크리트,1993-07-09
대전광역시 대덕구 법동 209-4,219.38,벽돌구조,종교시설,기타지붕,1994-06-14
대전광역시 대덕구 법동 210-5,96.0,경량철골구조,제2종근린생활시설,기타지붕,2008-06-05
대전광역시 대덕구 법동 210-7,199.5,경량철골구조,제2종근린생활시설,기타지붕,2000-08-22
대전광역시 대덕구 법동 210-8,170.0,일반철골구조,제2종근린생활시설,기타지붕,2000-08-28
대전광역시 대덕구 법동 210-9,258.42,철근콘크리트구조,제2종근린생활시설,(철근)콘크리트,2000-10-11
대전광역시 대덕구 법동 256-1,41.3,일반철골구조,운수시설,기타지붕,2019-06-27
대전광역시 대덕구 법동 259-2,46.31,일반철골구조,운수시설,기타지붕,2019-11-04
대전광역시 대덕구 법동 280-2,13079.86,철근콘크리트구조,공동주택,(철근)콘크리트,1989-09-19
대전광역시 대덕구 법동 281,21004.188,철근콘크리트구조,공동주택,(철근)콘크리트,1988-10-18
대전광역시 대덕구 법동 282-1,2687.13,경량철골구조,업무시설,기타지붕,2021-02-03
대전광역시 대덕구 법동 282-10,112.92,철근콘크리트구조,제2종근린생활시설,(철근)콘크리트,1990-12-19
대전광역시 대덕구 법동 282-11,135.95,철근콘크리트구조,제2종근린생활시설,(철근)콘크리트,1988-11-23
대전광역시 대덕구 법동 282-3,551.57,철근콘크리트구조,제2종근린생활시설,(철근)콘크리트,1992-05-19
대전광역시 대덕구 법동 282-6,158.1,철근콘크리트구조,제2종근린생활시설,(철근)콘크리트,2003-08-08
대전광역시 대덕구 법동 282-8,134.13,철근콘크리트구조,제2종근린생활시설,(철근)콘크리트,1988-11-23
대전광역시 대덕구 법동 282-9,290.09,철근콘크리트구조,제2종근린생활시설,(철근)콘크리트,1990-12-20
대전광역시 대덕구 법동 283-1,9870.060000000001,철근콘크리트구조,노유자시설,(철근)콘크리트,1990-11-21
대전광역시 대덕구 법동 283-4,1365.7,철근콘크리트구조,공동주택,(철근)콘크리트,1990-11-21
대전광역시 대덕구 법동 284-1,13229.199999999999,철근콘크리트구조,공동주택,(철근)콘크리트,1987-09-02
대전광역시 대덕구 법동 284-2,800.0400000000001,철근콘크리트구조,교육연구시설,(철근)콘크리트,1993-11-26
대전광역시 대덕구 법동 284-4,3691.48,경량철골구조,교육연구시설,(철근)콘크리트,2010-12-28
대전광역시 대덕구 법동 284-5,429.1,일반철골구조,교육연구시설,기타지붕,1989-08-24
대전광역시 대덕구 법동 284-6,1239.24,철근콘크리트구조,공동주택,(철근)콘크리트,1987-09-02
대전광역시 대덕구 법동 285-1,7175.83,철근콘크리트구조,공동주택,(철근)콘크리트,1989-11-25
대전광역시 대덕구 법동 285-3,8340.82,철근콘크리트구조,제2종근린생활시설,(철근)콘크리트,2003-09-22
대전광역시 대덕구 법동 287-1,0.0,철근콘크리트구조,제2종근린생활시설,(철근)콘크리트,1990-12-06
대전광역시 대덕구 법동 287-2,467.44,철근콘크리트구조,제2종근린생활시설,(철근)콘크리트,1990-12-13
대전광역시 대덕구 법동 287-3,228.3,철근콘크리트구조,교육연구시설,(철근)콘크리트,1992-05-11
대전광역시 대덕구 법동 287-4,387.99,철근콘크리트구조,제2종근린생활시설,(철근)콘크리트,1991-08-30
대전광역시 대덕구 법동 287-6,221.53,일반철골구조,제2종근린생활시설,(철근)콘크리트,1999-10-25
대전광역시 대덕구 법동 287-7,228.78,철근콘크리트구조,제2종근린생활시설,(철근)콘크리트,2015-08-25
대전광역시 대덕구 법동 292-2,85.0,벽돌구조,단독주택,(철근)콘크리트,1982-10-21
대전광역시 대덕구 법동 344-12,531.91,철근콘크리트구조,제2종근린생활시설,기타지붕,1990-12-21
대전광역시 대덕구 법동 351-1,194.515,철근콘크리트구조,제2종근린생활시설,(철근)콘크리트,1993-11-16
대전광역시 대덕구 법동 353-3,43.2,경량철골구조,제2종근린생활시설,기타지붕,2004-03-29
대전광역시 대덕구 법동 387,140.98,일반철골구조,제2종근린생활시설,(철근)콘크리트,2016-05-27
대전광역시 대덕구 법동 389,11499.82,철근콘크리트구조,공동주택,(철근)콘크리트,1990-12-28
대전광역시 대덕구 법동 390,77.0,경량철골구조,제2종근린생활시설,기타지붕,
대전광역시 대덕구 법동 390-1,99.84,일반철골구조,창고시설,기타지붕,2008-02-28
대전광역시 대덕구 법동 391-2,990.6800000000001,벽돌구조,단독주택,슬레이트,2000-05-25
대전광역시 대덕구 법동 392,54.63,경량철골구조,제2종근린생활시설,기타지붕,1998-05-16
대전광역시 대덕구 법동 398,353.4,경량철골구조,제2종근린생활시설,기타지붕,1993-01-26
대전광역시 대덕구 법동 400,1266.3,철근콘크리트구조,종교시설,기타지붕,1997-12-23
대전광역시 대덕구 법동 404,80.32,블록구조,단독주택,기와,1980-08-09
대전광역시 대덕구 법동 404-2,432.44,경량철골구조,창고시설,기타지붕,2018-10-30
대전광역시 대덕구 법동 406,104.68,블록구조,단독주택,(철근)콘크리트,1981-01-12
대전광역시 대덕구 법동 407,66.93,블록구조,단독주택,기와,1979-04-19
대전광역시 대덕구 법동 409,153.5,철근콘크리트구조,노유자시설,(철근)콘크리트,2014-07-15
대전광역시 대덕구 법동 410,50.63,블록구조,단독주택,(철근)콘크리트,1982-11-04
대전광역시 대덕구 법동 410-5,237.53,철근콘크리트구조,교육연구시설,(철근)콘크리트,1990-12-28
대전광역시 대덕구 법동 415,40.86,벽돌구조,단독주택,(철근)콘크리트,1981-08-19
대전광역시 대덕구 법동 418,67.24,벽돌구조,단독주택,기타지붕,1982-12-02
대전광역시 대덕구 법동 419,88.53,벽돌구조,단독주택,(철근)콘크리트,1985-06-29
대전광역시 대덕구 법동 422,63.96,벽돌구조,단독주택,(철근)콘크리트,1982-11-10
대전광역시 대덕구 법동 423,72.87,블록구조,단독주택,기와,1980-02-19
대전광역시 대덕구 법동 424,0.0,블록구조,단독주택,기와,1984-11-30
대전광역시 대덕구 법동 425,69.46,벽돌구조,단독주택,(철근)콘크리트,1984-06-22
대전광역시 대덕구 법동 426,97.75,경량철골구조,제2종근린생활시설,기타지붕,1994-10-27
대전광역시 대덕구 법동 427,89.4,벽돌구조,제2종근린생활시설,(철근)콘크리트,1984-06-11
대전광역시 대덕구 법동 428,78.54,벽돌구조,단독주택,(철근)콘크리트,1981-08-19
대전광역시 대덕구 법동 430,50.88,벽돌구조,단독주택,(철근)콘크리트,1981-08-19
대전광역시 대덕구 법동 434,330.4,철근콘크리트구조,공장,(철근)콘크리트,1984-07-21
대전광역시 대덕구 법동 439-3,526.2,철근콘크리트구조,제2종근린생활시설,(철근)콘크리트,2012-12-05
대전광역시 대덕구 법동 439-4,1865.53,철근콘크리트구조,교육연구시설,(철근)콘크리트,2003-12-09
대전광역시 대덕구 법동 440-4,34803.37,철근콘크리트구조,공동주택,(철근)콘크리트,1999-11-03
대전광역시 대덕구 법동 441-1,381.07,철근콘크리트구조,종교시설,기타지붕,1999-09-13
대전광역시 대덕구 법동 443,401.76,경량철골구조,자동차관련시설,기타지붕,2005-06-04
대전광역시 대덕구 법동 448,17863.3508,철근콘크리트구조,공동주택,(철근)콘크리트,2020-09-18
대전광역시 대덕구 법동 77-12,41.92,일반목구조,단독주택,기와,1949
대전광역시 대덕구 법동 77-8,96.73,벽돌구조,단독주택,기와,1969
대전광역시 대덕구 법동 83,120.195,벽돌구조,단독주택,기와,1968
대전광역시 대덕구 법동 83-14,114.54,블록구조,단독주택,슬레이트,1985-05-25
대전광역시 대덕구 법동 87,45.02,벽돌구조,단독주택,슬레이트,1949
대전광역시 대덕구 법동 90-2,95.14,벽돌구조,단독주택,(철근)콘크리트,1987-01-09
대전광역시 대덕구 법동 90-7,61.68,일반목구조,단독주택,기타지붕,1940
대전광역시 대덕구 비래동 0,0.0,벽돌구조,단독주택,기와,1976-07-01
대전광역시 대덕구 비래동 1-13,181.53,철근콘크리트구조,단독주택,(철근)콘크리트,2004-08-19
대전광역시 대덕구 비래동 103-10,445.54999999999995,벽돌구조,단독주택,(철근)콘크리트,1984-08-22
대전광역시 대덕구 비래동 103-11,53.92,벽돌구조,제2종근린생활시설,(철근)콘크리트,1991-02-05
대전광역시 대덕구 비래동 103-14,82.48,벽돌구조,제2종근린생활시설,(철근)콘크리트,1985-06-04
대전광역시 대덕구 비래동 103-2,31.83,철근콘크리트구조,제2종근린생활시설,(철근)콘크리트,1984-08-22
대전광역시 대덕구 비래동 103-5,1036.98,철근콘크리트구조,종교시설,기타지붕,2003-05-29
대전광역시 대덕구 비래동 103-9,502.04,철근콘크리트구조,공동주택,(철근)콘크리트,1984-08-22
대전광역시 대덕구 비래동 104-4,2175.78,철근콘크리트구조,업무시설,(철근)콘크리트,1978-05-11
대전광역시 대덕구 비래동 105-1,836.2,철근콘크리트구조,문화및집회시설,(철근)콘크리트,1995-10-05
대전광역시 대덕구 비래동 105-10,119.25,일반철골구조,제2종근린생활시설,기타지붕,2015-09-22
대전광역시 대덕구 비래동 105-5,783.15,철근콘크리트구조,제2종근린생활시설,(철근)콘크리트,1995-06-19
대전광역시 대덕구 비래동 105-6,250.87,일반철골구조,제2종근린생활시설,(철근)콘크리트,2013-07-30
대전광역시 대덕구 비래동 105-7,181.69,일반철골구조,제2종근린생활시설,기타지붕,2018-06-08
대전광역시 대덕구 비래동 106-1,144.35,벽돌구조,단독주택,(철근)콘크리트,1989-10-12
대전광역시 대덕구 비래동 106-3,192.04,철근콘크리트구조,단독주택,(철근)콘크리트,2019-10-11
대전광역시 대덕구 비래동 106-5,150.66,철근콘크리트구조,제2종근린생활시설,(철근)콘크리트,2017-10-13
대전광역시 대덕구 비래동 106-6,555.32,철근콘크리트구조,공동주택,(철근)콘크리트,2013-12-05
대전광역시 대덕구 비래동 106-9,439.06,철근콘크리트구조,공동주택,(철근)콘크리트,2013-12-04
대전광역시 대덕구 비래동 109-1,75.86,벽돌구조,제2종근린생활시설,(철근)콘크리트,1983-01-10
대전광역시 대덕구 비래동 109-13,96.14,벽돌구조,단독주택,기타지붕,1983-01-17
대전광역시 대덕구 비래동 109-16,109.36,철근콘크리트구조,제2종근린생활시설,(철근)콘크리트,2001-03-21
대전광역시 대덕구 비래동 109-2,88.91,벽돌구조,단독주택,(철근)콘크리트,1983-01-17
대전광역시 대덕구 비래동 109-3,136.4,철근콘크리트구조,단독주택,(철근)콘크리트,2022-02-28
대전광역시 대덕구 비래동 109-4,96.9,일반철골구조,창고시설,기타지붕,2022-03-30
대전광역시 대덕구 비래동 109-6,78.86,벽돌구조,단독주택,(철근)콘크리트,1983-01-17
대전광역시 대덕구 비래동 109-7,89.32,철근콘크리트구조,단독주택,(철근)콘크리트,1983-08-19
대전광역시 대덕구 비래동 109-8,94.555,철근콘크리트구조,제2종근린생활시설,(철근)콘크리트,1991-06-26
대전광역시 대덕구 비래동 109-9,93.04,벽돌구조,단독주택,(철근)콘크리트,1983-01-17
대전광역시 대덕구 비래동 110-1,138.33,철근콘크리트구조,제2종근린생활시설,(철근)콘크리트,1994-03-17
대전광역시 대덕구 비래동 110-10,0.0,벽돌구조,단독주택,(철근)콘크리트,1995-11-03
대전광역시 대덕구 비래동 110-11,175.05,일반철골구조,단독주택,기타지붕,2016-08-19
대전광역시 대덕구 비래동 110-13,164.82,벽돌구조,단독주택,(철근)콘크리트,1984-06-27
대전광역시 대덕구 비래동 110-14,78.28,벽돌구조,단독주택,(철근)콘크리트,1984-06-28
대전광역시 대덕구 비래동 110-2,90.165,벽돌구조,단독주택,(철근)콘크리트,1990-10-08
대전광역시 대덕구 비래동 110-3,68.64,벽돌구조,단독주택,(철근)콘크리트,1984-07-31
대전광역시 대덕구 비래동 110-4,85.39,벽돌구조,단독주택,(철근)콘크리트,1983-08-06
대전광역시 대덕구 비래동 110-5,99.0,일반철골구조,제2종근린생활시설,기타지붕,2020-02-04
대전광역시 대덕구 비래동 110-7,103.71,철근콘크리트구조,제2종근린생활시설,(철근)콘크리트,1991-06-26
대전광역시 대덕구 비래동 110-8,108.24,벽돌구조,단독주택,(철근)콘크리트,1983-12-13
대전광역시 대덕구 비래동 113-1,97.57,철근콘크리트구조,단독주택,(철근)콘크리트,2002-09-17
대전광역시 대덕구 비래동 113-12,68.8,벽돌구조,단독주택,(철근)콘크리트,1988-07-01
대전광역시 대덕구 비래동 113-13,78.7,벽돌구조,단독주택,(철근)콘크리트,1989-11-11
대전광역시 대덕구 비래동 113-14,84.7,철근콘크리트구조,단독주택,(철근)콘크리트,1991-05-23
대전광역시 대덕구 비래동 113-15,79.24,벽돌구조,단독주택,(철근)콘크리트,1981-12-30
대전광역시 대덕구 비래동 113-16,116.12,철근콘크리트구조,단독주택,(철근)콘크리트,1998-12-12
대전광역시 대덕구 비래동 113-18,92.5,벽돌구조,단독주택,(철근)콘크리트,1986-08-01
대전광역시 대덕구 비래동 113-19,124.35999999999999,경량철골구조,단독주택,기타지붕,2011-06-17
대전광역시 대덕구 비래동 113-20,95.5,벽돌구조,단독주택,(철근)콘크리트,1984-10-06
대전광역시 대덕구 비래동 113-21,102.51,벽돌구조,단독주택,(철근)콘크리트,1994-07-06
대전광역시 대덕구 비래동 113-22,82.66,벽돌구조,단독주택,(철근)콘크리트,1982-08-31
대전광역시 대덕구 비래동 113-23,82.66,벽돌구조,단독주택,(철근)콘크리트,1982-08-31
대전광역시 대덕구 비래동 113-24,77.81,벽돌구조,단독주택,(철근)콘크리트,1982-05-31
대전광역시 대덕구 비래동 113-25,131.46,철근콘크리트구조,단독주택,(철근)콘크리트,2010-11-30
대전광역시 대덕구 비래동 113-26,126.78,철근콘크리트구조,단독주택,(철근)콘크리트,2013-07-30
대전광역시 대덕구 비래동 113-28,90.56,벽돌구조,단독주택,(철근)콘크리트,1990-12-07
대전광역시 대덕구 비래동 113-29,97.37,벽돌구조,단독주택,(철근)콘크리트,1991-01-14
대전광역시 대덕구 비래동 113-3,64.81,벽돌구조,단독주택,(철근)콘크리트,1990-09-06
대전광역시 대덕구 비래동 113-30,104.31,벽돌구조,단독주택,(철근)콘크리트,1990-10-31
대전광역시 대덕구 비래동 113-32,83.39,벽돌구조,단독주택,(철근)콘크리트,1990-08-27
대전광역시 대덕구 비래동 113-33,65.51,벽돌구조,단독주택,(철근)콘크리트,1990-09-06
대전광역시 대덕구 비래동 113-34,212.8,철근콘크리트구조,제2종근린생활시설,(철근)콘크리트,2011-03-25
대전광역시 대덕구 비래동 113-36,112.04,철근콘크리트구조,단독주택,(철근)콘크리트,2002-09-17
대전광역시 대덕구 비래동 113-4,83.27,벽돌구조,단독주택,(철근)콘크리트,2002-05-16
대전광역시 대덕구 비래동 113-5,81.18,벽돌구조,단독주택,(철근)콘크리트,1989-07-08
대전광역시 대덕구 비래동 113-7,76.61,벽돌구조,단독주택,(철근)콘크리트,1983-10-18
대전광역시 대덕구 비래동 113-8,65.05,벽돌구조,단독주택,(철근)콘크리트,1988-07-25
대전광역시 대덕구 비래동 113-9,101.68,철근콘크리트구조,단독주택,(철근)콘크리트,2015-01-15
대전광역시 대덕구 비래동 114-1,122.65,철근콘크리트구조,단독주택,(철근)콘크리트,2006-05-29
대전광역시 대덕구 비래동 114-12,115.24,벽돌구조,단독주택,(철근)콘크리트,1992-07-11
대전광역시 대덕구 비래동 114-13,100.46,벽돌구조,단독주택,(철근)콘크리트,1979-09-05
대전광역시 대덕구 비래동 114-14,77.59,벽돌구조,단독주택,(철근)콘크리트,1989-08-22
대전광역시 대덕구 비래동 114-15,115.27,철근콘크리트구조,단독주택,(철근)콘크리트,2010-12-09
대전광역시 대덕구 비래동 114-2,118.44,일반철골구조,제2종근린생활시설,기타지붕,2020-05-26
대전광역시 대덕구 비래동 114-3,77.59,벽돌구조,단독주택,(철근)콘크리트,1989-08-22
대전광역시 대덕구 비래동 114-5,247.94,철근콘크리트구조,제2종근린생활시설,(철근)콘크리트,2000-12-19
대전광역시 대덕구 비래동 114-6,75.7,벽돌구조,단독주택,(철근)콘크리트,1981-08-12
대전광역시 대덕구 비래동 114-7,190.53,벽돌구조,단독주택,(철근)콘크리트,1979-12-29
대전광역시 대덕구 비래동 114-8,82.475,벽돌구조,단독주택,(철근)콘크리트,1981-07-02
대전광역시 대덕구 비래동 114-9,74.53,벽돌구조,단독주택,(철근)콘크리트,1981-08-12
대전광역시 대덕구 비래동 115-1,126.72,철근콘크리트구조,제2종근린생활시설,(철근)콘크리트,2005-03-04
대전광역시 대덕구 비래동 115-10,109.53,벽돌구조,단독주택,(철근)콘크리트,1989-04-27
대전광역시 대덕구 비래동 115-11,87.84,벽돌구조,단독주택,(철근)콘크리트,1982-11-17
대전광역시 대덕구 비래동 115-12,103.55,철근콘크리트구조,단독주택,(철근)콘크리트,2022-12-08
대전광역시 대덕구 비래동 115-13,333.41,철근콘크리트구조,교육연구시설,(철근)콘크리트,2002-10-10
대전광역시 대덕구 비래동 115-14,169.9,경량철골구조,제2종근린생활시설,기타지붕,1992-12-30
대전광역시 대덕구 비래동 115-15,509.84,철근콘크리트구조,공동주택,(철근)콘크리트,1997-08-23
대전광역시 대덕구 비래동 115-16,399.04,철근콘크리트구조,공동주택,(철근)콘크리트,1992-01-09
대전광역시 대덕구 비래동 115-17,1203.12,철근콘크리트구조,공동주택,(철근)콘크리트,1994-04-30
대전광역시 대덕구 비래동 115-19,292.68,철근콘크리트구조,단독주택,(철근)콘크리트,2013-12-26
대전광역시 대덕구 비래동 115-2,426.53999999999996,철근콘크리트구조,공동주택,(철근)콘크리트,1992-01-10
대전광역시 대덕구 비래동 115-20,482.4,철근콘크리트구조,공동주택,(철근)콘크리트,1991-05-13
대전광역시 대덕구 비래동 115-21,206.88,일반철골구조,제2종근린생활시설,기타지붕,2021-06-16
대전광역시 대덕구 비래동 115-23,95.34,벽돌구조,단독주택,(철근)콘크리트,1981-08-14
대전광역시 대덕구 비래동 115-24,84.91,벽돌구조,단독주택,(철근)콘크리트,1982-07-30
대전광역시 대덕구 비래동 115-25,83.33,벽돌구조,단독주택,(철근)콘크리트,1989-01-25
대전광역시 대덕구 비래동 115-26,81.61,벽돌구조,단독주택,(철근)콘크리트,1989-03-31
대전광역시 대덕구 비래동 115-28,86.84,벽돌구조,단독주택,(철근)콘크리트,1982-11-17
대전광역시 대덕구 비래동 115-29,82.77,벽돌구조,단독주택,기타지붕,1982-11-17
대전광역시 대덕구 비래동 115-3,201.6,철근콘크리트구조,단독주택,기타지붕,1998-05-19
대전광역시 대덕구 비래동 115-32,85.0,벽돌구조,단독주택,(철근)콘크리트,1982-11-17
대전광역시 대덕구 비래동 115-33,88.22,벽돌구조,단독주택,(철근)콘크리트,1982-11-17
대전광역시 대덕구 비래동 115-34,85.87,벽돌구조,단독주택,(철근)콘크리트,1982-11-17
대전광역시 대덕구 비래동 115-35,87.32,벽돌구조,단독주택,(철근)콘크리트,1982-11-17
대전광역시 대덕구 비래동 115-36,317.16,철근콘크리트구조,교육연구시설,(철근)콘크리트,2012-02-03
대전광역시 대덕구 비래동 115-39,74.34,벽돌구조,단독주택,(철근)콘크리트,1986-07-03
대전광역시 대덕구 비래동 115-4,548.92,철근콘크리트구조,공동주택,(철근)콘크리트,1992-05-26
대전광역시 대덕구 비래동 115-42,205.92,벽돌구조,공동주택,(철근)콘크리트,1990-10-17
대전광역시 대덕구 비래동 115-44,399.04,철근콘크리트구조,공동주택,(철근)콘크리트,1992-03-31
대전광역시 대덕구 비래동 115-6,783.8962,철근콘크리트구조,공동주택,(철근)콘크리트,2013-10-21
대전광역시 대덕구 비래동 115-8,430.66,경량철골구조,창고시설,기타지붕,1994-01-13
대전광역시 대덕구 비래동 115-9,94.21,벽돌구조,단독주택,(철근)콘크리트,1983-07-19
대전광역시 대덕구 비래동 116-12,76.8,벽돌구조,단독주택,(철근)콘크리트,1989-08-25
대전광역시 대덕구 비래동 116-13,118.7,철근콘크리트구조,단독주택,(철근)콘크리트,2017-07-18
대전광역시 대덕구 비래동 116-14,92.75,벽돌구조,단독주택,(철근)콘크리트,1987-06-04
대전광역시 대덕구 비래동 116-15,77.75,철근콘크리트구조,단독주택,(철근)콘크리트,2003-09-05
대전광역시 대덕구 비래동 116-17,171.74,일반철골구조,제2종근린생활시설,기타지붕,2003-12-06
대전광역시 대덕구 비래동 116-18,330.72,철근콘크리트구조,공동주택,(철근)콘크리트,1995-08-10
대전광역시 대덕구 비래동 116-2,1132.12,철근콘크리트구조,공동주택,(철근)콘크리트,2005-04-22
대전광역시 대덕구 비래동 116-20,101.39,철근콘크리트구조,단독주택,(철근)콘크리트,2020-04-16
대전광역시 대덕구 비래동 116-21,79.91,벽돌구조,단독주택,(철근)콘크리트,1993-09-07
대전광역시 대덕구 비래동 116-22,84.52,벽돌구조,단독주택,(철근)콘크리트,1989-12-29
대전광역시 대덕구 비래동 116-23,79.12,벽돌구조,단독주택,(철근)콘크리트,1989-10-16
대전광역시 대덕구 비래동 116-25,78.96,벽돌구조,단독주택,(철근)콘크리트,1990-09-25
대전광역시 대덕구 비래동 116-26,78.96,벽돌구조,단독주택,기와,1990-09-25
대전광역시 대덕구 비래동 116-27,101.34,경량철골구조,단독주택,기타지붕,1994-05-24
대전광역시 대덕구 비래동 116-28,72.55,벽돌구조,단독주택,(철근)콘크리트,1989-08-21
대전광역시 대덕구 비래동 116-29,78.71,벽돌구조,단독주택,(철근)콘크리트,1989-08-21
대전광역시 대덕구 비래동 116-3,174.72,철근콘크리트구조,종교시설,(철근)콘크리트,1994-08-01
대전광역시 대덕구 비래동 116-30,76.12,벽돌구조,단독주택,(철근)콘크리트,1989-08-21
대전광역시 대덕구 비래동 116-31,73.32,벽돌구조,단독주택,(철근)콘크리트,1989-08-14
대전광역시 대덕구 비래동 116-32,77.595,벽돌구조,단독주택,(철근)콘크리트,1989-10-19
대전광역시 대덕구 비래동 116-6,196.73,철근콘크리트구조,단독주택,(철근)콘크리트,2010-12-03
대전광역시 대덕구 비래동 116-7,819.96,철근콘크리트구조,노유자시설,(철근)콘크리트,1989-12-28
대전광역시 대덕구 비래동 116-8,652.24,철근콘크리트구조,공동주택,(철근)콘크리트,1997-05-27
대전광역시 대덕구 비래동 116-9,65.03,벽돌구조,단독주택,(철근)콘크리트,1984-08-28
대전광역시 대덕구 비래동 117-1,449.0,벽돌구조,제2종근린생활시설,(철근)콘크리트,2001-11-23
대전광역시 대덕구 비래동 117-12,254.28,철근콘크리트구조,공동주택,(철근)콘크리트,2002-08-05
대전광역시 대덕구 비래동 117-13,133.92,철근콘크리트구조,제2종근린생활시설,(철근)콘크리트,1992-10-24
대전광역시 대덕구 비래동 117-14,99.04,벽돌구조,단독주택,(철근)콘크리트,1991-11-13
대전광역시 대덕구 비래동 117-15,105.86,벽돌구조,단독주택,(철근)콘크리트,1991-07-29
대전광역시 대덕구 비래동 117-17,125.94,철근콘크리트구조,제2종근린생활시설,(철근)콘크리트,1991-09-17
대전광역시 대덕구 비래동 117-18,204.0,벽돌구조,공동주택,(철근)콘크리트,1990-12-12
대전광역시 대덕구 비래동 117-19,408.0,벽돌구조,공동주택,(철근)콘크리트,1990-12-14
대전광역시 대덕구 비래동 117-3,108.0,경량철골구조,창고시설,(철근)콘크리트,2001-05-11
대전광역시 대덕구 비래동 117-4,224.93,철근콘크리트구조,단독주택,(철근)콘크리트,1983-11-14
대전광역시 대덕구 비래동 117-5,1440.25,철근콘크리트구조,노유자시설,(철근)콘크리트,1992-12-31
대전광역시 대덕구 비래동 117-6,133.92,경량철골구조,제2종근린생활시설,기타지붕,1995-04-03
대전광역시 대덕구 비래동 117-7,121.54,철근콘크리트구조,제2종근린생활시설,(철근)콘크리트,1991-09-18
대전광역시 대덕구 비래동 117-8,62.55,벽돌구조,단독주택,(철근)콘크리트,1990-03-21
대전광역시 대덕구 비래동 118-1,96.67,철근콘크리트구조,단독주택,(철근)콘크리트,1990-03-27
대전광역시 대덕구 비래동 118-11,301.83,철골콘크리트구조,단독주택,기타지붕,2016-07-05
대전광역시 대덕구 비래동 118-15,82.96,벽돌구조,단독주택,(철근)콘크리트,1988-07-28
대전광역시 대덕구 비래동 118-16,69.42,벽돌구조,단독주택,(철근)콘크리트,1988-07-28
대전광역시 대덕구 비래동 118-17,69.63,벽돌구조,단독주택,(철근)콘크리트,1988-07-28
대전광역시 대덕구 비래동 118-18,128.71,벽돌구조,단독주택,(철근)콘크리트,1990-06-01
대전광역시 대덕구 비래동 118-19,107.82,벽돌구조,단독주택,(철근)콘크리트,1991-12-26
대전광역시 대덕구 비래동 118-2,204.16,철근콘크리트구조,제2종근린생활시설,(철근)콘크리트,1995-07-27
대전광역시 대덕구 비래동 118-21,131.41,벽돌구조,단독주택,(철근)콘크리트,1989-12-02
대전광역시 대덕구 비래동 118-22,103.64,벽돌구조,단독주택,(철근)콘크리트,1993-06-07
대전광역시 대덕구 비래동 118-23,92.1,벽돌구조,단독주택,(철근)콘크리트,1991-11-13
대전광역시 대덕구 비래동 118-24,89.37,벽돌구조,단독주택,(철근)콘크리트,1992-09-30
대전광역시 대덕구 비래동 118-25,131.58,철근콘크리트구조,제2종근린생활시설,(철근)콘크리트,1991-05-23
대전광역시 대덕구 비래동 118-27,114.4,철근콘크리트구조,제2종근린생활시설,(철근)콘크리트,1990-06-19
대전광역시 대덕구 비래동 118-29,95.66,벽돌구조,단독주택,(철근)콘크리트,1993-09-04
대전광역시 대덕구 비래동 118-3,563.66,일반철골구조,제2종근린생활시설,기타지붕,2003-07-24
대전광역시 대덕구 비래동 118-30,85.71,벽돌구조,단독주택,(철근)콘크리트,1990-12-01
대전광역시 대덕구 비래동 118-31,397.44,철근콘크리트구조,공동주택,(철근)콘크리트,1991-07-06
대전광역시 대덕구 비래동 118-32,226.06,철근콘크리트구조,제2종근린생활시설,(철근)콘크리트,2018-01-17
대전광역시 대덕구 비래동 118-33,66.17,벽돌구조,단독주택,(철근)콘크리트,1991-08-08
대전광역시 대덕구 비래동 118-4,138.42,철근콘크리트구조,제2종근린생활시설,(철근)콘크리트,1991-10-19
대전광역시 대덕구 비래동 118-5,77.69,벽돌구조,단독주택,(철근)콘크리트,1988-07-28
대전광역시 대덕구 비래동 118-7,77.25,벽돌구조,단독주택,(철근)콘크리트,1984-11-21
대전광역시 대덕구 비래동 119-10,158.4,벽돌구조,공동주택,(철근)콘크리트,1988-09-30
대전광역시 대덕구 비래동 119-11,65.65,벽돌구조,단독주택,(철근)콘크리트,1986-08-04
대전광역시 대덕구 비래동 119-13,67.55,벽돌구조,단독주택,(철근)콘크리트,1986-08-01
대전광역시 대덕구 비래동 119-14,66.165,벽돌구조,단독주택,(철근)콘크리트,1986-08-01
대전광역시 대덕구 비래동 119-15,219.04,벽돌구조,공동주택,(철근)콘크리트,1986-09-15
대전광역시 대덕구 비래동 119-2,150.0,철근콘크리트구조,제2종근린생활시설,(철근)콘크리트,2007-01-11
대전광역시 대덕구 비래동 119-22,135.9,벽돌구조,공동주택,(철근)콘크리트,1988-10-27
대전광역시 대덕구 비래동 119-24,209.32,벽돌구조,공동주택,(철근)콘크리트,1989-07-19
대전광역시 대덕구 비래동 119-25,77.05,벽돌구조,단독주택,(철근)콘크리트,1989-07-10
대전광역시 대덕구 비래동 119-26,91.14,벽돌구조,단독주택,(철근)콘크리트,1989-06-29
대전광역시 대덕구 비래동 119-3,1293.52,철근콘크리트구조,공동주택,(철근)콘크리트,2012-12-31
대전광역시 대덕구 비래동 119-6,246.15,철근콘크리트구조,제2종근린생활시설,(철근)콘크리트,1983-06-03
대전광역시 대덕구 비래동 119-7,211.51,철근콘크리트구조,단독주택,(철근)콘크리트,2015-11-23
대전광역시 대덕구 비래동 119-8,63.9,벽돌구조,단독주택,(철근)콘크리트,1988-11-17
대전광역시 대덕구 비래동 119-9,1384.53,철근콘크리트구조,공동주택,(철근)콘크리트,1992-03-31
대전광역시 대덕구 비래동 12-1,69.52,블록구조,단독주택,기와,1943
대전광역시 대덕구 비래동 120-1,245.04,철근콘크리트구조,단독주택,(철근)콘크리트,2011-08-03
대전광역시 대덕구 비래동 120-10,147.91,철근콘크리트구조,제2종근린생활시설,(철근)콘크리트,2001-07-13
대전광역시 대덕구 비래동 120-11,290.4,철근콘크리트구조,단독주택,(철근)콘크리트,2023-01-02
대전광역시 대덕구 비래동 120-14,438.6,철근콘크리트구조,공동주택,(철근)콘크리트,2005-02-02
대전광역시 대덕구 비래동 120-15,190.4,철근콘크리트구조,단독주택,(철근)콘크리트,2003-07-12
대전광역시 대덕구 비래동 120-17,1136.16,철근콘크리트구조,공동주택,(철근)콘크리트,1987-03-13
대전광역시 대덕구 비래동 120-18,124.46,철근콘크리트구조,제2종근린생활시설,(철근)콘크리트,1991-06-25
대전광역시 대덕구 비래동 120-19,83.31,벽돌구조,단독주택,(철근)콘크리트,1988-09-05
대전광역시 대덕구 비래동 120-2,135.63,벽돌구조,단독주택,(철근)콘크리트,1990-08-13
대전광역시 대덕구 비래동 120-20,433.26,철근콘크리트구조,공동주택,(철근)콘크리트,1997-11-10
대전광역시 대덕구 비래동 120-21,148.62,철근콘크리트구조,제2종근린생활시설,(철근)콘크리트,1991-08-06
대전광역시 대덕구 비래동 120-22,433.26,철근콘크리트구조,공동주택,(철근)콘크리트,1997-11-10
대전광역시 대덕구 비래동 120-23,107.88,철근콘크리트구조,노유자시설,(철근)콘크리트,2006-01-06
대전광역시 대덕구 비래동 120-24,290.4,철근콘크리트구조,단독주택,(철근)콘크리트,2021-12-15
대전광역시 대덕구 비래동 120-4,147.24,철근콘크리트구조,단독주택,(철근)콘크리트,2012-07-04
대전광역시 대덕구 비래동 120-5,92.2,경량철골구조,단독주택,기타지붕,1994-08-05
대전광역시 대덕구 비래동 120-6,116.8,벽돌구조,단독주택,(철근)콘크리트,1990-01-05
대전광역시 대덕구 비래동 120-7,98.07,철근콘크리트구조,단독주택,(철근)콘크리트,2015-08-18
대전광역시 대덕구 비래동 120-8,70.75,벽돌구조,단독주택,(철근)콘크리트,1982-10-26
대전광역시 대덕구 비래동 120-9,70.75,벽돌구조,단독주택,(철근)콘크리트,1982-12-13
대전광역시 대덕구 비래동 121-1,209.93,철근콘크리트구조,제2종근린생활시설,(철근)콘크리트,1995-12-18
대전광역시 대덕구 비래동 121-12,121.76,철근콘크리트구조,단독주택,(철근)콘크리트,2002-09-04
대전광역시 대덕구 비래동 121-13,98.32,벽돌구조,단독주택,(철근)콘크리트,1997-08-25
대전광역시 대덕구 비래동 121-14,78.29,벽돌구조,단독주택,(철근)콘크리트,1987-10-20
대전광역시 대덕구 비래동 121-15,600.76,철근콘크리트구조,공동주택,(철근)콘크리트,2009-12-15
대전광역시 대덕구 비래동 121-19,109.21,벽돌구조,단독주택,(철근)콘크리트,1990-12-21
대전광역시 대덕구 비래동 121-20,109.2,벽돌구조,단독주택,(철근)콘크리트,1990-10-08
대전광역시 대덕구 비래동 121-21,92.64,벽돌구조,단독주택,(철근)콘크리트,1990-10-17
대전광역시 대덕구 비래동 121-23,83.56,벽돌구조,단독주택,(철근)콘크리트,1990-05-29
대전광역시 대덕구 비래동 121-24,79.29,벽돌구조,단독주택,(철근)콘크리트,1983-11-01
대전광역시 대덕구 비래동 121-25,78.75,벽돌구조,단독주택,(철근)콘크리트,1983-11-01
대전광역시 대덕구 비래동 121-26,87.08,벽돌구조,단독주택,(철근)콘크리트,1989-10-28
대전광역시 대덕구 비래동 121-27,78.97,벽돌구조,단독주택,(철근)콘크리트,1990-05-22
대전광역시 대덕구 비래동 121-28,99.65,벽돌구조,단독주택,(철근)콘크리트,1992-12-31
대전광역시 대덕구 비래동 121-29,149.24,철근콘크리트구조,단독주택,(철근)콘크리트,2020-04-23
대전광역시 대덕구 비래동 121-3,61.34,기타구조,제2종근린생활시설,기타지붕,1996-11-13
대전광역시 대덕구 비래동 121-34,108.58,벽돌구조,단독주택,(철근)콘크리트,1983-11-28
대전광역시 대덕구 비래동 121-35,520.48,철근콘크리트구조,공동주택,(철근)콘크리트,1993-10-21
대전광역시 대덕구 비래동 121-38,520.48,철근콘크리트구조,공동주택,(철근)콘크리트,1993-10-21
대전광역시 대덕구 비래동 121-40,520.48,철근콘크리트구조,공동주택,(철근)콘크리트,1993-10-22
대전광역시 대덕구 비래동 121-43,74.65,벽돌구조,단독주택,(철근)콘크리트,1984-11-30
대전광역시 대덕구 비래동 121-5,103.62,벽돌구조,단독주택,(철근)콘크리트,1991-09-30
대전광역시 대덕구 비래동 121-7,78.1,벽돌구조,단독주택,(철근)콘크리트,1984-12-04
대전광역시 대덕구 비래동 121-8,124.84,벽돌구조,단독주택,(철근)콘크리트,1987-10-22
대전광역시 대덕구 비래동 121-9,1122.12,철근콘크리트구조,공동주택,(철근)콘크리트,1991-04-18
대전광역시 대덕구 비래동 122-1,526.4,철근콘크리트구조,공동주택,(철근)콘크리트,1997-09-05
대전광역시 대덕구 비래동 122-10,834.63,철근콘크리트구조,공동주택,(철근)콘크리트,2001-04-30
대전광역시 대덕구 비래동 122-12,112.7375,벽돌구조,단독주택,(철근)콘크리트,1989-09-26
대전광역시 대덕구 비래동 122-13,112.7375,벽돌구조,단독주택,(철근)콘크리트,1989-09-26
대전광역시 대덕구 비래동 122-14,75.505,벽돌구조,단독주택,(철근)콘크리트,1989-09-12
대전광역시 대덕구 비래동 122-16,134.16,철근콘크리트구조,단독주택,(철근)콘크리트,2017-10-13
대전광역시 대덕구 비래동 122-17,127.52,벽돌구조,노유자시설,기타지붕,1996-07-29
대전광역시 대덕구 비래동 122-18,127.83,벽돌구조,단독주택,(철근)콘크리트,1991-08-10
대전광역시 대덕구 비래동 122-19,109.58,벽돌구조,단독주택,(철근)콘크리트,1989-11-17
대전광역시 대덕구 비래동 122-2,257.64,철근콘크리트구조,단독주택,(철근)콘크리트,1987-01-16
대전광역시 대덕구 비래동 122-22,88.18,경량철골구조,단독주택,기타지붕,1998-06-18
대전광역시 대덕구 비래동 122-23,205.08,벽돌구조,공동주택,(철근)콘크리트,1990-03-09
대전광역시 대덕구 비래동 122-26,205.08,벽돌구조,공동주택,(철근)콘크리트,1990-03-09
대전광역시 대덕구 비래동 122-27,204.48,벽돌구조,공동주택,(철근)콘크리트,1990-03-09
대전광역시 대덕구 비래동 122-28,205.08,벽돌구조,공동주택,(철근)콘크리트,1990-03-09
대전광역시 대덕구 비래동 122-29,730.88,철근콘크리트구조,공동주택,(철근)콘크리트,2001-04-30
대전광역시 대덕구 비래동 122-3,81.78,벽돌구조,노유자시설,(철근)콘크리트,1992-10-19
대전광역시 대덕구 비래동 122-31,722.14,철근콘크리트구조,공동주택,(철근)콘크리트,2001-04-30
대전광역시 대덕구 비래동 122-4,75.59,벽돌구조,단독주택,(철근)콘크리트,1989-09-12
대전광역시 대덕구 비래동 122-5,133.83,경량철골구조,제2종근린생활시설,기타지붕,2016-12-15
대전광역시 대덕구 비래동 122-6,794.88,벽돌구조,공동주택,(철근)콘크리트,1983-12-16
대전광역시 대덕구 비래동 122-7,216.9,일반철골구조,제2종근린생활시설,기타지붕,2017-03-31
대전광역시 대덕구 비래동 122-8,137.34,벽돌구조,단독주택,(철근)콘크리트,1981-04-23
대전광역시 대덕구 비래동 122-9,205.08,벽돌구조,공동주택,(철근)콘크리트,1990-03-09
대전광역시 대덕구 비래동 123-1,339.84,철근콘크리트구조,공동주택,(철근)콘크리트,1992-09-02
대전광역시 대덕구 비래동 123-10,97.03,벽돌구조,단독주택,(철근)콘크리트,1983-12-16
대전광역시 대덕구 비래동 123-11,265.59,일반철골구조,창고시설,기타지붕,2012-06-15
대전광역시 대덕구 비래동 123-12,76.47,벽돌구조,단독주택,(철근)콘크리트,1983-10-07
대전광역시 대덕구 비래동 123-13,77.78,벽돌구조,단독주택,(철근)콘크리트,1983-08-30
대전광역시 대덕구 비래동 123-14,84.13,벽돌구조,단독주택,(철근)콘크리트,1983-12-14
대전광역시 대덕구 비래동 123-18,83.62,경량철골구조,제2종근린생활시설,기타지붕,2013-10-04
대전광역시 대덕구 비래동 123-19,96.87,벽돌구조,단독주택,(철근)콘크리트,1979-07-20
대전광역시 대덕구 비래동 123-2,82.28,벽돌구조,단독주택,(철근)콘크리트,1983-08-30
대전광역시 대덕구 비래동 123-20,77.87,벽돌구조,단독주택,(철근)콘크리트,1979-07-20
대전광역시 대덕구 비래동 123-21,75.6,벽돌구조,단독주택,(철근)콘크리트,1979-07-20
대전광역시 대덕구 비래동 123-23,77.09,벽돌구조,단독주택,기와,1993-08-10
대전광역시 대덕구 비래동 123-24,231.58,철근콘크리트구조,제2종근린생활시설,(철근)콘크리트,2008-04-24
대전광역시 대덕구 비래동 123-25,80.84,벽돌구조,단독주택,(철근)콘크리트,1979-11-29
대전광역시 대덕구 비래동 123-29,154.89,철근콘크리트구조,제2종근린생활시설,(철근)콘크리트,2002-10-15
대전광역시 대덕구 비래동 123-3,87.61,벽돌구조,단독주택,(철근)콘크리트,1982-09-20
대전광역시 대덕구 비래동 123-30,451.2,철근콘크리트구조,공동주택,(철근)콘크리트,1992-08-05
대전광역시 대덕구 비래동 123-31,451.2,철근콘크리트구조,공동주택,(철근)콘크리트,1992-08-05
대전광역시 대덕구 비래동 123-32,116.12,철근콘크리트구조,단독주택,(철근)콘크리트,1996-12-12
대전광역시 대덕구 비래동 123-33,125.58,벽돌구조,단독주택,(철근)콘크리트,1996-12-07
대전광역시 대덕구 비래동 123-35,116.48,벽돌구조,단독주택,(철근)콘크리트,1996-12-07
대전광역시 대덕구 비래동 123-36,211.6,벽돌구조,단독주택,(철근)콘크리트,2011-04-19
대전광역시 대덕구 비래동 123-4,74.5,벽돌구조,단독주택,(철근)콘크리트,1983-07-01
대전광역시 대덕구 비래동 123-5,236.88,철근콘크리트구조,단독주택,(철근)콘크리트,2018-07-25
대전광역시 대덕구 비래동 123-6,180.03,철근콘크리트구조,단독주택,(철근)콘크리트,2011-04-28
대전광역시 대덕구 비래동 123-7,338.0,경량철골구조,제2종근린생활시설,기타지붕,2007-01-25
대전광역시 대덕구 비래동 123-8,984.6,벽돌구조,공동주택,(철근)콘크리트,1980-12-06
대전광역시 대덕구 비래동 123-9,93.77,벽돌구조,단독주택,(철근)콘크리트,1992-08-04
대전광역시 대덕구 비래동 124-1,4179.12,철근콘크리트구조,공동주택,(철근)콘크리트,1989-12-07
대전광역시 대덕구 비래동 124-3,165.14,철근콘크리트구조,제2종근린생활시설,(철근)콘크리트,1994-12-05
대전광역시 대덕구 비래동 125-1,401.28,철근콘크리트구조,공동주택,(철근)콘크리트,1994-12-02
대전광역시 대덕구 비래동 125-10,93.17,벽돌구조,단독주택,(철근)콘크리트,1983-12-09
대전광역시 대덕구 비래동 125-11,168.5,철근콘크리트구조,단독주택,(철근)콘크리트,1997-12-01
대전광역시 대덕구 비래동 125-13,87.99,벽돌구조,단독주택,(철근)콘크리트,1983-11-15
대전광역시 대덕구 비래동 125-14,86.95,벽돌구조,단독주택,(철근)콘크리트,1983-08-10
대전광역시 대덕구 비래동 125-16,204.0,벽돌구조,공동주택,(철근)콘크리트,1989-11-01
대전광역시 대덕구 비래동 125-17,204.0,벽돌구조,공동주택,(철근)콘크리트,1989-08-21
대전광역시 대덕구 비래동 125-18,211.76,벽돌구조,공동주택,(철근)콘크리트,1989-11-20
대전광역시 대덕구 비래동 125-2,204.0,벽돌구조,공동주택,(철근)콘크리트,1989-11-01
대전광역시 대덕구 비래동 125-20,204.0,벽돌구조,공동주택,(철근)콘크리트,1990-04-13
대전광역시 대덕구 비래동 125-21,79.12,벽돌구조,단독주택,(철근)콘크리트,1989-10-04
대전광역시 대덕구 비래동 125-23,72.6,벽돌구조,단독주택,(철근)콘크리트,1990-10-20
대전광역시 대덕구 비래동 125-26,97.9,철근콘크리트구조,단독주택,(철근)콘크리트,2023-07-11
대전광역시 대덕구 비래동 125-28,98.88,경량철골구조,제2종근린생활시설,기타지붕,2004-04-13
대전광역시 대덕구 비래동 125-3,397.44,벽돌구조,공동주택,(철근)콘크리트,1989-11-18
대전광역시 대덕구 비래동 125-30,107.1,철근콘크리트구조,노유자시설,(철근)콘크리트,2013-11-26
대전광역시 대덕구 비래동 125-34,150.005,벽돌구조,단독주택,기타지붕,1999-05-15
대전광역시 대덕구 비래동 125-36,176.72,벽돌구조,제2종근린생활시설,(철근)콘크리트,1982-07-13
대전광역시 대덕구 비래동 125-37,197.42,철근콘크리트구조,단독주택,(철근)콘크리트,2019-01-08
대전광역시 대덕구 비래동 125-39,64.77,벽돌구조,단독주택,(철근)콘크리트,1984-01-06
대전광역시 대덕구 비래동 125-4,94.22,벽돌구조,단독주택,(철근)콘크리트,1983-12-24
대전광역시 대덕구 비래동 125-40,93.17,벽돌구조,단독주택,(철근)콘크리트,1983-12-09
대전광역시 대덕구 비래동 125-41,81.53,벽돌구조,단독주택,(철근)콘크리트,1983-12-09
대전광역시 대덕구 비래동 125-43,108.14,벽돌구조,제2종근린생활시설,(철근)콘크리트,1983-12-09
대전광역시 대덕구 비래동 125-44,174.0,철근콘크리트구조,단독주택,(철근)콘크리트,2016-11-14
대전광역시 대덕구 비래동 125-5,158.48,철근콘크리트구조,제2종근린생활시설,(철근)콘크리트,2002-12-26
대전광역시 대덕구 비래동 125-8,65.73,벽돌구조,단독주택,(철근)콘크리트,1984-02-08
대전광역시 대덕구 비래동 125-9,204.0,벽돌구조,공동주택,(철근)콘크리트,1990-04-13
대전광역시 대덕구 비래동 126-1,135.95,철근콘크리트구조,단독주택,(철근)콘크리트,2002-10-01
대전광역시 대덕구 비래동 126-10,78.6,벽돌구조,단독주택,(철근)콘크리트,1983-07-29
대전광역시 대덕구 비래동 126-11,86.5,벽돌구조,단독주택,(철근)콘크리트,1983-09-01
대전광역시 대덕구 비래동 126-13,270.78,철근콘크리트구조,제2종근린생활시설,(철근)콘크리트,1985-09-19
대전광역시 대덕구 비래동 126-14,261.6,철근콘크리트구조,제2종근린생활시설,(철근)콘크리트,1985-10-08
대전광역시 대덕구 비래동 126-15,79.57,벽돌구조,단독주택,(철근)콘크리트,1990-09-08
대전광역시 대덕구 비래동 126-16,92.389,벽돌구조,단독주택,(철근)콘크리트,1986-06-13
대전광역시 대덕구 비래동 126-18,105.6,벽돌구조,단독주택,(철근)콘크리트,1990-08-22
대전광역시 대덕구 비래동 126-19,106.4,벽돌구조,단독주택,(철근)콘크리트,1989-06-08
대전광역시 대덕구 비래동 126-2,93.04,벽돌구조,단독주택,(철근)콘크리트,1989-12-02
대전광역시 대덕구 비래동 126-20,101.55,벽돌구조,단독주택,(철근)콘크리트,1989-12-29
대전광역시 대덕구 비래동 126-23,186.53,철근콘크리트구조,제2종근린생활시설,(철근)콘크리트,2004-09-01
대전광역시 대덕구 비래동 126-24,79.63,벽돌구조,단독주택,(철근)콘크리트,1990-03-14
대전광역시 대덕구 비래동 126-25,84.38,벽돌구조,단독주택,(철근)콘크리트,1985-08-10
대전광역시 대덕구 비래동 126-27,84.04,벽돌구조,단독주택,기타지붕,1985-12-12
대전광역시 대덕구 비래동 126-28,86.878,벽돌구조,단독주택,(철근)콘크리트,1984-12-12
대전광역시 대덕구 비래동 126-3,270.78,철근콘크리트구조,제2종근린생활시설,(철근)콘크리트,1985-09-19
대전광역시 대덕구 비래동 126-31,68.82,벽돌구조,단독주택,(철근)콘크리트,1988-01-27
대전광역시 대덕구 비래동 126-32,86.28,벽돌구조,단독주택,(철근)콘크리트,1989-12-27
대전광역시 대덕구 비래동 126-33,117.14,벽돌구조,단독주택,(철근)콘크리트,1985-01-16
대전광역시 대덕구 비래동 126-34,73.53,벽돌구조,단독주택,(철근)콘크리트,1989-08-31
대전광역시 대덕구 비래동 126-35,66.42,벽돌구조,단독주택,(철근)콘크리트,1983-07-13
대전광역시 대덕구 비래동 126-37,125.58,철근콘크리트구조,노유자시설,(철근)콘크리트,2003-10-08
대전광역시 대덕구 비래동 126-39,110.25,벽돌구조,단독주택,(철근)콘크리트,1991-07-18
대전광역시 대덕구 비래동 126-4,270.78,철근콘크리트구조,제2종근린생활시설,(철근)콘크리트,1985-10-08
대전광역시 대덕구 비래동 126-40,118.68,철근콘크리트구조,단독주택,(철근)콘크리트,2021-11-22
대전광역시 대덕구 비래동 126-41,99.69,벽돌구조,단독주택,(철근)콘크리트,1990-01-29
대전광역시 대덕구 비래동 126-42,122.94,벽돌구조,단독주택,(철근)콘크리트,1990-01-29
대전광역시 대덕구 비래동 126-46,197.44,벽돌구조,공동주택,(철근)콘크리트,1990-12-29
대전광역시 대덕구 비래동 126-47,225.91,철근콘크리트구조,단독주택,(철근)콘크리트,2013-04-09
대전광역시 대덕구 비래동 126-49,197.44,벽돌구조,공동주택,(철근)콘크리트,1990-12-29
대전광역시 대덕구 비래동 126-5,105.76,벽돌구조,단독주택,(철근)콘크리트,1994-06-08
대전광역시 대덕구 비래동 126-50,197.44,벽돌구조,공동주택,(철근)콘크리트,1990-12-29
대전광역시 대덕구 비래동 126-7,102.62,벽돌구조,단독주택,(철근)콘크리트,1991-10-24
대전광역시 대덕구 비래동 126-8,105.56,벽돌구조,단독주택,(철근)콘크리트,1984-12-18
대전광역시 대덕구 비래동 126-9,99.63,벽돌구조,단독주택,(철근)콘크리트,1990-01-29
대전광역시 대덕구 비래동 127-1,117.9,경량철골구조,단독주택,기타지붕,1989-12-14
대전광역시 대덕구 비래동 127-10,487.32000000000005,철근콘크리트구조,공동주택,(철근)콘크리트,1997-06-11
대전광역시 대덕구 비래동 127-11,75.63,벽돌구조,단독주택,(철근)콘크리트,1984-09-26
대전광역시 대덕구 비래동 127-14,177.08,철근콘크리트구조,제2종근린생활시설,(철근)콘크리트,2016-08-01
대전광역시 대덕구 비래동 127-15,106.92,벽돌구조,단독주택,(철근)콘크리트,1990-10-08
대전광역시 대덕구 비래동 127-16,110.5,벽돌구조,단독주택,(철근)콘크리트,1989-06-24
대전광역시 대덕구 비래동 127-17,83.41,일반철골구조,창고시설,기타지붕,2010-05-28
대전광역시 대덕구 비래동 127-18,74.53,벽돌구조,단독주택,(철근)콘크리트,1984-07-27
대전광역시 대덕구 비래동 127-19,528.8199999999999,철근콘크리트구조,공동주택,(철근)콘크리트,1991-07-18
대전광역시 대덕구 비래동 127-2,136.0,철근콘크리트구조,단독주택,(철근)콘크리트,1994-07-02
대전광역시 대덕구 비래동 127-21,95.15,벽돌구조,단독주택,(철근)콘크리트,1984-09-03
대전광역시 대덕구 비래동 127-22,75.03,벽돌구조,단독주택,(철근)콘크리트,1984-06-28
대전광역시 대덕구 비래동 127-23,154.73,철근콘크리트구조,단독주택,(철근)콘크리트,2015-11-13
대전광역시 대덕구 비래동 127-25,404.4,벽돌구조,공동주택,(철근)콘크리트,1991-12-27
대전광역시 대덕구 비래동 127-26,409.2,벽돌구조,공동주택,(철근)콘크리트,1991-05-02
대전광역시 대덕구 비래동 127-27,74.4,벽돌구조,단독주택,(철근)콘크리트,1984-08-16
대전광역시 대덕구 비래동 127-28,429.96,철근콘크리트구조,공동주택,(철근)콘크리트,2002-06-21
대전광역시 대덕구 비래동 127-3,156.98,철근콘크리트구조,단독주택,(철근)콘크리트,2017-05-24
대전광역시 대덕구 비래동 127-5,429.96,철근콘크리트구조,공동주택,(철근)콘크리트,2002-06-12
대전광역시 대덕구 비래동 127-6,425.44,벽돌구조,공동주택,(철근)콘크리트,1992-12-31
대전광역시 대덕구 비래동 127-7,92.58,벽돌구조,단독주택,기타지붕,1990-05-22
대전광역시 대덕구 비래동 127-8,938.07,일반철골구조,제2종근린생활시설,기타지붕,2003-11-26
대전광역시 대덕구 비래동 127-9,108.61,벽돌구조,단독주택,(철근)콘크리트,1984-09-03
대전광역시 대덕구 비래동 128-10,217.2,벽돌구조,창고시설,기타지붕,2000-12-08
대전광역시 대덕구 비래동 128-12,184.44,철근콘크리트구조,단독주택,(철근)콘크리트,2003-12-26
대전광역시 대덕구 비래동 128-13,115.2,경량철골구조,제2종근린생활시설,기타지붕,1992-10-05
대전광역시 대덕구 비래동 128-17,105.23,벽돌구조,단독주택,(철근)콘크리트,
대전광역시 대덕구 비래동 128-18,434.4,철근콘크리트구조,공동주택,(철근)콘크리트,1991-11-23
대전광역시 대덕구 비래동 128-2,882.0,철근콘크리트구조,제2종근린생활시설,(철근)콘크리트,1994-04-27
대전광역시 대덕구 비래동 128-20,97.85,벽돌구조,단독주택,(철근)콘크리트,1982-09-22
대전광역시 대덕구 비래동 128-21,100.1,벽돌구조,단독주택,(철근)콘크리트,1982-09-22
대전광역시 대덕구 비래동 128-22,454.02000000000004,철근콘크리트구조,공동주택,(철근)콘크리트,1993-08-06
대전광역시 대덕구 비래동 128-28,454.02000000000004,철근콘크리트구조,공동주택,(철근)콘크리트,1993-08-06
대전광역시 대덕구 비래동 128-3,526.48,철근콘크리트구조,공동주택,(철근)콘크리트,1996-01-15
대전광역시 대덕구 비래동 128-35,454.08,철근콘크리트구조,공동주택,(철근)콘크리트,1994-02-28
대전광역시 대덕구 비래동 128-4,75.6,경량철골구조,창고시설,기타지붕,2016-07-05
대전광역시 대덕구 비래동 128-5,454.08,철근콘크리트구조,공동주택,(철근)콘크리트,1994-02-28
대전광역시 대덕구 비래동 128-7,102.14,벽돌구조,단독주택,(철근)콘크리트,1982-11-18
대전광역시 대덕구 비래동 128-8,790.87,철근콘크리트구조,공동주택,(철근)콘크리트,2017-12-13
대전광역시 대덕구 비래동 128-9,649.44,철근콘크리트구조,공동주택,(철근)콘크리트,1995-05-29
대전광역시 대덕구 비래동 129-1,149.09,철근콘크리트구조,단독주택,(철근)콘크리트,1984-11-02
대전광역시 대덕구 비래동 129-11,776.22,철근콘크리트구조,공동주택,(철근)콘크리트,1989-02-24
대전광역시 대덕구 비래동 129-13,115.65,철근콘크리트구조,단독주택,(철근)콘크리트,2012-05-09
대전광역시 대덕구 비래동 129-14,63.88,벽돌구조,단독주택,(철근)콘크리트,1984-11-23
대전광역시 대덕구 비래동 129-15,64.58,벽돌구조,단독주택,(철근)콘크리트,1984-11-23
대전광역시 대덕구 비래동 129-16,109.56,철근콘크리트구조,단독주택,(철근)콘크리트,1984-11-22
대전광역시 대덕구 비래동 129-17,94.29,벽돌구조,단독주택,(철근)콘크리트,1985-08-05
대전광역시 대덕구 비래동 129-18,94.29,벽돌구조,단독주택,(철근)콘크리트,1985-08-05
대전광역시 대덕구 비래동 129-2,575.1800000000001,철근콘크리트구조,공동주택,(철근)콘크리트,2000-07-10
대전광역시 대덕구 비래동 129-20,120.38,철근콘크리트구조,제2종근린생활시설,(철근)콘크리트,1990-12-07
대전광역시 대덕구 비래동 129-21,169.0,철근콘크리트구조,제2종근린생활시설,(철근)콘크리트,1991-08-17
대전광역시 대덕구 비래동 129-22,159.81,철근콘크리트구조,제2종근린생활시설,(철근)콘크리트,1992-12-30
대전광역시 대덕구 비래동 129-23,107.8,벽돌구조,단독주택,(철근)콘크리트,1990-08-24
대전광역시 대덕구 비래동 129-24,113.37,벽돌구조,단독주택,(철근)콘크리트,1991-02-22
대전광역시 대덕구 비래동 129-25,555.98,철근콘크리트구조,공동주택,(철근)콘크리트,2000-08-31
대전광역시 대덕구 비래동 129-3,1675.08,철근콘크리트구조,공동주택,(철근)콘크리트,1988-07-22
대전광역시 대덕구 비래동 129-4,111.48,철근콘크리트구조,단독주택,(철근)콘크리트,2015-07-16
대전광역시 대덕구 비래동 129-5,125.74,철근콘크리트구조,제2종근린생활시설,(철근)콘크리트,1990-12-18
대전광역시 대덕구 비래동 129-6,192.75,철근콘크리트구조,제2종근린생활시설,(철근)콘크리트,2006-08-18
대전광역시 대덕구 비래동 129-8,502.91,철근콘크리트구조,종교시설,(철근)콘크리트,2006-01-12
대전광역시 대덕구 비래동 129-9,509.76,철근콘크리트구조,공동주택,(철근)콘크리트,1991-10-09
대전광역시 대덕구 비래동 13,66.0,경량철골구조,단독주택,기타지붕,1989-12-22
대전광역시 대덕구 비래동 130-1,263.92,경량철골구조,창고시설,기타지붕,2006-11-17
대전광역시 대덕구 비래동 130-10,177.05,철근콘크리트구조,제2종근린생활시설,(철근)콘크리트,1991-09-19
대전광역시 대덕구 비래동 130-11,431.28,벽돌구조,공동주택,(철근)콘크리트,1986-12-18
대전광역시 대덕구 비래동 130-12,81.03,벽돌구조,단독주택,(철근)콘크리트,1990-08-22
대전광역시 대덕구 비래동 130-13,1344.0,벽돌구조,공동주택,(철근)콘크리트,1983-09-06
대전광역시 대덕구 비래동 130-14,435.47999999999996,철근콘크리트구조,공동주택,(철근)콘크리트,1994-07-12
대전광역시 대덕구 비래동 130-15,395.91,경량철골구조,공장,기타지붕,1986-05-31
대전광역시 대덕구 비래동 130-16,87.84,벽돌구조,제2종근린생활시설,(철근)콘크리트,1981-10-30
대전광역시 대덕구 비래동 130-17,100.81,벽돌구조,단독주택,(철근)콘크리트,1989-06-27
대전광역시 대덕구 비래동 130-18,191.7,철근콘크리트구조,제2종근린생활시설,(철근)콘크리트,1984-10-19
대전광역시 대덕구 비래동 130-20,67.17,벽돌구조,단독주택,(철근)콘크리트,1986-06-11
대전광역시 대덕구 비래동 130-21,439.62,벽돌구조,공동주택,(철근)콘크리트,1988-09-23
대전광역시 대덕구 비래동 130-24,95.64,벽돌구조,단독주택,(철근)콘크리트,1990-11-20
대전광역시 대덕구 비래동 130-27,79.395,벽돌구조,단독주택,(철근)콘크리트,1990-08-22
대전광역시 대덕구 비래동 130-28,92.88,벽돌구조,단독주택,(철근)콘크리트,1990-09-13
대전광역시 대덕구 비래동 130-4,61.8,벽돌구조,제2종근린생활시설,(철근)콘크리트,1983-12-21
대전광역시 대덕구 비래동 130-5,124.02,철근콘크리트구조,제2종근린생활시설,(철근)콘크리트,2002-12-04
대전광역시 대덕구 비래동 130-6,131.85,철근콘크리트구조,단독주택,(철근)콘크리트,2002-12-17
대전광역시 대덕구 비래동 130-7,757.32,철근콘크리트구조,공동주택,(철근)콘크리트,1991-03-20
대전광역시 대덕구 비래동 130-9,332.6,철근콘크리트구조,제2종근린생활시설,(철근)콘크리트,1995-01-20
대전광역시 대덕구 비래동 131,26.31,일반목구조,단독주택,슬레이트,1944
대전광역시 대덕구 비래동 131-1,411.96,철근콘크리트구조,공동주택,(철근)콘크리트,1998-07-28
대전광역시 대덕구 비래동 131-10,133.59,벽돌구조,단독주택,(철근)콘크리트,1990-02-10
대전광역시 대덕구 비래동 131-11,109.29,벽돌구조,단독주택,(철근)콘크리트,1991-05-28
대전광역시 대덕구 비래동 131-12,120.5,경량철골구조,창고시설,기타지붕,2009-04-15
대전광역시 대덕구 비래동 131-14,184.38,벽돌구조,단독주택,(철근)콘크리트,1989-02-15
대전광역시 대덕구 비래동 131-16,160.42,경량철골구조,창고시설,기타지붕,1998-09-04
대전광역시 대덕구 비래동 131-17,229.31,철근콘크리트구조,단독주택,(철근)콘크리트,2015-06-09
대전광역시 대덕구 비래동 131-18,162.14,철근콘크리트구조,단독주택,(철근)콘크리트,1985-11-26
대전광역시 대덕구 비래동 131-19,141.68,철근콘크리트구조,제2종근린생활시설,(철근)콘크리트,1990-12-28
대전광역시 대덕구 비래동 131-2,240.04,철근콘크리트구조,공동주택,(철근)콘크리트,1991-12-30
대전광역시 대덕구 비래동 131-22,73.88,벽돌구조,단독주택,(철근)콘크리트,1989-08-14
대전광역시 대덕구 비래동 131-23,79.26,벽돌구조,제2종근린생활시설,(철근)콘크리트,1989-08-14
대전광역시 대덕구 비래동 131-24,100.94,벽돌구조,단독주택,(철근)콘크리트,1991-08-17
대전광역시 대덕구 비래동 131-25,105.81,벽돌구조,단독주택,(철근)콘크리트,1991-05-28
대전광역시 대덕구 비래동 131-26,94.43,벽돌구조,단독주택,(철근)콘크리트,1991-08-17
대전광역시 대덕구 비래동 131-3,448.08,경량철골구조,창고시설,기타지붕,2015-07-20
대전광역시 대덕구 비래동 131-4,336.72,철근콘크리트구조,공동주택,(철근)콘크리트,1995-06-12
대전광역시 대덕구 비래동 131-5,305.38,경량철골구조,창고시설,기타지붕,1992-07-08
대전광역시 대덕구 비래동 131-6,410.8,벽돌구조,공동주택,(철근)콘크리트,1990-12-05
대전광역시 대덕구 비래동 131-7,174.63,일반철골구조,제2종근린생활시설,기타지붕,2017-03-20
대전광역시 대덕구 비래동 131-8,116.46,일반철골구조,제2종근린생활시설,기타지붕,2004-07-09
대전광역시 대덕구 비래동 131-9,115.35,일반목구조,단독주택,기타지붕,1976
대전광역시 대덕구 비래동 132-10,458.28,철근콘크리트구조,종교시설,(철근)콘크리트,2002-06-28
대전광역시 대덕구 비래동 132-11,486.88,철근콘크리트구조,공동주택,(철근)콘크리트,1997-12-26
대전광역시 대덕구 비래동 132-13,212.96,철근콘크리트구조,종교시설,(철근)콘크리트,1986-01-16
대전광역시 대덕구 비래동 132-14,91.45,벽돌구조,단독주택,(철근)콘크리트,1984-09-26
대전광역시 대덕구 비래동 132-16,127.5,벽돌구조,단독주택,(철근)콘크리트,1992-05-19
대전광역시 대덕구 비래동 132-17,428.07,철근콘크리트구조,공동주택,(철근)콘크리트,1991-05-25
대전광역시 대덕구 비래동 132-18,526.84,철근콘크리트구조,공동주택,(철근)콘크리트,1991-06-22
대전광역시 대덕구 비래동 132-19,116.8,벽돌구조,단독주택,(철근)콘크리트,1991-05-13
대전광역시 대덕구 비래동 132-2,138.74,철근콘크리트구조,단독주택,(철근)콘크리트,2001-11-05
대전광역시 대덕구 비래동 132-20,124.66,벽돌구조,단독주택,(철근)콘크리트,1992-06-08
대전광역시 대덕구 비래동 132-21,94.21,철근콘크리트구조,단독주택,(철근)콘크리트,1989-10-18
대전광역시 대덕구 비래동 132-22,177.04,철근콘크리트구조,단독주택,(철근)콘크리트,2018-04-18
대전광역시 대덕구 비래동 132-23,108.31,벽돌구조,단독주택,(철근)콘크리트,1991-05-10
대전광역시 대덕구 비래동 132-24,73.987,벽돌구조,단독주택,(철근)콘크리트,1989-05-22
대전광역시 대덕구 비래동 132-26,247.88,경량철골구조,창고시설,기타지붕,2010-12-09
대전광역시 대덕구 비래동 132-27,85.07,벽돌구조,단독주택,(철근)콘크리트,1989-12-02
대전광역시 대덕구 비래동 132-29,68.5,벽돌구조,단독주택,(철근)콘크리트,1989-11-09
대전광역시 대덕구 비래동 132-3,99.25,벽돌구조,단독주택,(철근)콘크리트,1990-09-21
대전광역시 대덕구 비래동 132-30,73.02,벽돌구조,단독주택,(철근)콘크리트,1990-01-06
대전광역시 대덕구 비래동 132-31,130.0,벽돌구조,제2종근린생활시설,슬레이트,1997-03-13
대전광역시 대덕구 비래동 132-33,422.8,철근콘크리트구조,공동주택,(철근)콘크리트,1991-11-30
대전광역시 대덕구 비래동 132-35,93.8,벽돌구조,단독주택,(철근)콘크리트,1990-09-21
대전광역시 대덕구 비래동 132-36,526.84,철근콘크리트구조,공동주택,(철근)콘크리트,1991-06-27
대전광역시 대덕구 비래동 132-38,408.32,철근콘크리트구조,공동주택,(철근)콘크리트,1998-01-10
대전광역시 대덕구 비래동 132-4,211.86,철근콘크리트구조,종교시설,(철근)콘크리트,1991-10-28
대전광역시 대덕구 비래동 132-5,178.98,벽돌구조,단독주택,(철근)콘크리트,1993-12-09
대전광역시 대덕구 비래동 132-6,85.69,벽돌구조,단독주택,(철근)콘크리트,1990-06-02
대전광역시 대덕구 비래동 132-7,68.8,벽돌구조,단독주택,기타지붕,1988-01-14
대전광역시 대덕구 비래동 132-8,116.81,철근콘크리트구조,단독주택,(철근)콘크리트,2002-12-17
대전광역시 대덕구 비래동 132-9,108.32,벽돌구조,단독주택,(철근)콘크리트,1979-08-27
대전광역시 대덕구 비래동 133-1,96.68,벽돌구조,단독주택,(철근)콘크리트,1990-02-07
대전광역시 대덕구 비래동 133-10,118.08,벽돌구조,단독주택,(철근)콘크리트,1995-05-12
대전광역시 대덕구 비래동 133-13,130.15,철근콘크리트구조,단독주택,(철근)콘크리트,1992-08-07
대전광역시 대덕구 비래동 133-14,289.96,경량철골구조,제2종근린생활시설,기타지붕,2010-11-04
대전광역시 대덕구 비래동 133-2,75.71,벽돌구조,단독주택,(철근)콘크리트,1988-08-23
대전광역시 대덕구 비래동 133-24,77.42,벽돌구조,단독주택,(철근)콘크리트,1988-11-29
대전광역시 대덕구 비래동 133-25,86.76,벽돌구조,단독주택,(철근)콘크리트,1989-10-30
대전광역시 대덕구 비래동 133-26,82.46,벽돌구조,단독주택,(철근)콘크리트,1989-09-11
대전광역시 대덕구 비래동 133-27,87.3,벽돌구조,단독주택,(철근)콘크리트,1989-05-06
대전광역시 대덕구 비래동 133-28,96.0,철근콘크리트구조,단독주택,(철근)콘크리트,1997-11-13
대전광역시 대덕구 비래동 133-3,69.53,벽돌구조,단독주택,(철근)콘크리트,1989-08-21
대전광역시 대덕구 비래동 133-30,67.72,벽돌구조,단독주택,(철근)콘크리트,1989-10-28
대전광역시 대덕구 비래동 133-31,94.71,벽돌구조,단독주택,(철근)콘크리트,1989-12-16
대전광역시 대덕구 비래동 133-32,75.79,벽돌구조,단독주택,(철근)콘크리트,1989-10-28
대전광역시 대덕구 비래동 133-34,135.25,철근콘크리트구조,단독주택,(철근)콘크리트,2002-08-27
대전광역시 대덕구 비래동 133-35,69.66,벽돌구조,단독주택,(철근)콘크리트,1990-06-02
대전광역시 대덕구 비래동 133-36,65.7,벽돌구조,단독주택,(철근)콘크리트,1990-07-23
대전광역시 대덕구 비래동 133-38,77.38,벽돌구조,단독주택,(철근)콘크리트,1983-01-11
대전광역시 대덕구 비래동 133-39,77.38,벽돌구조,단독주택,(철근)콘크리트,1983-01-11
대전광역시 대덕구 비래동 133-5,1253.88,철근콘크리트구조,공동주택,(철근)콘크리트,1991-03-20
대전광역시 대덕구 비래동 133-6,96.58,경량철골구조,제2종근린생활시설,기타지붕,2010-06-30
대전광역시 대덕구 비래동 133-7,424.74,철근콘크리트구조,공동주택,(철근)콘크리트,1992-05-28
대전광역시 대덕구 비래동 133-9,72.21,벽돌구조,단독주택,(철근)콘크리트,1990-06-02
대전광역시 대덕구 비래동 134-1,71.37,벽돌구조,단독주택,(철근)콘크리트,1986-09-04
대전광역시 대덕구 비래동 134-10,496.79999999999995,철근콘크리트구조,공동주택,(철근)콘크리트,1991-09-09
대전광역시 대덕구 비래동 134-11,306.42,철근콘크리트구조,단독주택,(철근)콘크리트,2021-10-08
대전광역시 대덕구 비래동 134-12,511.55999999999995,경량철골구조,제2종근린생활시설,기타지붕,2000-11-02
대전광역시 대덕구 비래동 134-13,71.58,벽돌구조,단독주택,(철근)콘크리트,1986-09-04
대전광역시 대덕구 비래동 134-14,67.0,벽돌구조,단독주택,(철근)콘크리트,1988-12-06
대전광역시 대덕구 비래동 134-16,88.56,벽돌구조,단독주택,(철근)콘크리트,1988-07-08
대전광역시 대덕구 비래동 134-17,272.8,일반철골구조,제2종근린생활시설,(철근)콘크리트,2018-02-08
대전광역시 대덕구 비래동 134-19,71.3,벽돌구조,단독주택,(철근)콘크리트,1985-12-09
대전광역시 대덕구 비래동 134-2,81.55,벽돌구조,단독주택,(철근)콘크리트,1987-01-22
대전광역시 대덕구 비래동 134-22,93.5,경량철골구조,제2종근린생활시설,기타지붕,1987-05-06
대전광역시 대덕구 비래동 134-25,160.52,철근콘크리트구조,단독주택,(철근)콘크리트,1997-11-10
대전광역시 대덕구 비래동 134-28,82.9,벽돌구조,단독주택,(철근)콘크리트,1987-01-23
대전광역시 대덕구 비래동 134-3,205.1,벽돌구조,공동주택,(철근)콘크리트,1990-12-12
대전광역시 대덕구 비래동 134-30,78.7,벽돌구조,단독주택,(철근)콘크리트,1987-01-23
대전광역시 대덕구 비래동 134-31,86.29,벽돌구조,단독주택,(철근)콘크리트,1986-02-24
대전광역시 대덕구 비래동 134-32,78.48,벽돌구조,단독주택,(철근)콘크리트,1987-02-24
대전광역시 대덕구 비래동 134-33,78.26,벽돌구조,단독주택,(철근)콘크리트,1987-02-24
대전광역시 대덕구 비래동 134-34,78.59,벽돌구조,단독주택,(철근)콘크리트,1997-01-22
대전광역시 대덕구 비래동 134-35,78.48,벽돌구조,단독주택,(철근)콘크리트,1987-01-23
대전광역시 대덕구 비래동 134-36,83.81,벽돌구조,단독주택,(철근)콘크리트,1987-02-24
대전광역시 대덕구 비래동 134-37,78.59,벽돌구조,단독주택,(철근)콘크리트,1987-01-22
대전광역시 대덕구 비래동 134-39,92.96,벽돌구조,단독주택,(철근)콘크리트,1988-11-04
대전광역시 대덕구 비래동 134-41,78.7,벽돌구조,단독주택,(철근)콘크리트,1987-01-22
대전광역시 대덕구 비래동 134-47,445.03999999999996,철근콘크리트구조,공동주택,(철근)콘크리트,1992-01-06
대전광역시 대덕구 비래동 134-5,459.32,철근콘크리트구조,공동주택,(철근)콘크리트,1991-12-30
대전광역시 대덕구 비래동 134-50,70.92,벽돌구조,단독주택,기타지붕,1988-12-19
대전광역시 대덕구 비래동 134-52,192.5,벽돌구조,공동주택,(철근)콘크리트,1990-12-12
대전광역시 대덕구 비래동 134-53,205.1,벽돌구조,공동주택,(철근)콘크리트,1990-12-12
대전광역시 대덕구 비래동 134-54,184.74,벽돌구조,공동주택,(철근)콘크리트,1990-12-12
대전광역시 대덕구 비래동 134-55,96.2,벽돌구조,단독주택,(철근)콘크리트,1992-04-11
대전광역시 대덕구 비래동 134-56,96.15,벽돌구조,단독주택,(철근)콘크리트,1993-02-05
대전광역시 대덕구 비래동 134-57,100.95,철근콘크리트구조,단독주택,(철근)콘크리트,1993-12-03
대전광역시 대덕구 비래동 134-58,103.54,벽돌구조,단독주택,(철근)콘크리트,1991-07-18
대전광역시 대덕구 비래동 134-60,108.0,철근콘크리트구조,단독주택,(철근)콘크리트,2003-12-06
대전광역시 대덕구 비래동 134-61,306.42,철근콘크리트구조,단독주택,(철근)콘크리트,2021-10-08
대전광역시 대덕구 비래동 134-7,536.88,철근콘크리트구조,공동주택,(철근)콘크리트,2003-06-03
대전광역시 대덕구 비래동 134-8,305.53,철근콘크리트구조,제2종근린생활시설,(철근)콘크리트,1984-04-06
대전광역시 대덕구 비래동 134-9,89.99,벽돌구조,단독주택,(철근)콘크리트,1991-06-10
대전광역시 대덕구 비래동 135-1,90.12,벽돌구조,단독주택,(철근)콘크리트,1989-10-18
대전광역시 대덕구 비래동 135-10,88.64,벽돌구조,단독주택,(철근)콘크리트,1989-12-02
대전광역시 대덕구 비래동 135-13,137.07,철근콘크리트구조,단독주택,(철근)콘크리트,2003-02-24
대전광역시 대덕구 비래동 135-2,93.7,벽돌구조,단독주택,(철근)콘크리트,1989-12-02
대전광역시 대덕구 비래동 135-3,644.0,철근콘크리트구조,공동주택,(철근)콘크리트,1984-12-17
대전광역시 대덕구 비래동 135-4,644.0,철근콘크리트구조,공동주택,(철근)콘크리트,1984-12-01
대전광역시 대덕구 비래동 135-5,1576.08,철근콘크리트구조,공동주택,(철근)콘크리트,2001-07-30
대전광역시 대덕구 비래동 135-6,94.73,벽돌구조,단독주택,(철근)콘크리트,1989-10-18
대전광역시 대덕구 비래동 135-7,77.47,벽돌구조,단독주택,(철근)콘크리트,1989-10-18
대전광역시 대덕구 비래동 135-8,74.69,벽돌구조,단독주택,(철근)콘크리트,1989-10-18
대전광역시 대덕구 비래동 135-9,87.26,벽돌구조,단독주택,(철근)콘크리트,1989-12-02
대전광역시 대덕구 비래동 136-1,3305.3999999999996,철근콘크리트구조,공동주택,(철근)콘크리트,1991-03-20
대전광역시 대덕구 비래동 136-12,77.485,벽돌구조,단독주택,(철근)콘크리트,1986-09-15
대전광역시 대덕구 비래동 136-3,2010.92,철근콘크리트구조,공동주택,(철근)콘크리트,2005-06-02
대전광역시 대덕구 비래동 136-4,96.46,철근콘크리트구조,제2종근린생활시설,(철근)콘크리트,1991-12-30
대전광역시 대덕구 비래동 136-7,299.52,경량철골구조,노유자시설,기타지붕,1992-05-12
대전광역시 대덕구 비래동 137-1,134.85,철근콘크리트구조,제2종근린생활시설,(철근)콘크리트,1991-04-23
대전광역시 대덕구 비래동 137-10,107.09,철근콘크리트구조,단독주택,(철근)콘크리트,2002-10-10
대전광역시 대덕구 비래동 137-11,69.66,벽돌구조,단독주택,(철근)콘크리트,1988-12-06
대전광역시 대덕구 비래동 137-12,74.91,벽돌구조,단독주택,(철근)콘크리트,1988-12-05
대전광역시 대덕구 비래동 137-13,75.16,벽돌구조,단독주택,(철근)콘크리트,1988-12-05
대전광역시 대덕구 비래동 137-15,74.2,벽돌구조,단독주택,(철근)콘크리트,1989-06-30
대전광역시 대덕구 비래동 137-16,74.43,벽돌구조,단독주택,(철근)콘크리트,1989-06-30
대전광역시 대덕구 비래동 137-17,131.04,철근콘크리트구조,제2종근린생활시설,(철근)콘크리트,1986-07-30
대전광역시 대덕구 비래동 137-19,109.26,벽돌구조,단독주택,(철근)콘크리트,1990-07-10
대전광역시 대덕구 비래동 137-2,1812.54,철근콘크리트구조,공동주택,(철근)콘크리트,1984-11-21
대전광역시 대덕구 비래동 137-20,103.52,철근콘크리트구조,제2종근린생활시설,(철근)콘크리트,1991-05-10
대전광역시 대덕구 비래동 137-22,100.43,벽돌구조,제2종근린생활시설,(철근)콘크리트,1989-11-02
대전광역시 대덕구 비래동 137-24,104.64,철근콘크리트구조,단독주택,(철근)콘크리트,1990-12-08
대전광역시 대덕구 비래동 137-25,80.89,벽돌구조,단독주택,(철근)콘크리트,1988-08-23
대전광역시 대덕구 비래동 137-26,80.81,벽돌구조,단독주택,(철근)콘크리트,1988-08-23
대전광역시 대덕구 비래동 137-27,81.03,벽돌구조,단독주택,(철근)콘크리트,1988-08-23
대전광역시 대덕구 비래동 137-28,80.79,벽돌구조,단독주택,(철근)콘크리트,1988-08-23
대전광역시 대덕구 비래동 137-29,111.57,벽돌구조,단독주택,(철근)콘크리트,1990-01-31
대전광역시 대덕구 비래동 137-3,102.96,철근콘크리트구조,단독주택,(철근)콘크리트,1990-11-27
대전광역시 대덕구 비래동 137-30,306.76,철근콘크리트구조,공동주택,(철근)콘크리트,1991-11-18
대전광역시 대덕구 비래동 137-32,61.26,벽돌구조,단독주택,(철근)콘크리트,1984-11-10
대전광역시 대덕구 비래동 137-33,61.26,벽돌구조,단독주택,(철근)콘크리트,1984-11-10
대전광역시 대덕구 비래동 137-35,65.58,벽돌구조,단독주택,기타지붕,1984-11-27
대전광역시 대덕구 비래동 137-36,65.58,벽돌구조,단독주택,(철근)콘크리트,1984-11-27
대전광역시 대덕구 비래동 137-37,65.58,벽돌구조,단독주택,(철근)콘크리트,1984-11-27
대전광역시 대덕구 비래동 137-38,74.96,벽돌구조,단독주택,(철근)콘크리트,1984-11-27
대전광역시 대덕구 비래동 137-39,61.26,벽돌구조,단독주택,(철근)콘크리트,1984-11-10
대전광역시 대덕구 비래동 137-4,73.44,철근콘크리트구조,단독주택,(철근)콘크리트,2016-10-07
대전광역시 대덕구 비래동 137-40,65.58,벽돌구조,단독주택,(철근)콘크리트,1984-11-27
대전광역시 대덕구 비래동 137-42,83.82,벽돌구조,단독주택,(철근)콘크리트,1991-07-02
대전광역시 대덕구 비래동 137-43,109.07,벽돌구조,단독주택,(철근)콘크리트,1991-08-29
대전광역시 대덕구 비래동 137-44,129.8,철근콘크리트구조,제2종근린생활시설,(철근)콘크리트,1994-04-04
대전광역시 대덕구 비래동 137-45,526.46,철근콘크리트구조,공동주택,(철근)콘크리트,1992-06-01
대전광역시 대덕구 비래동 137-46,526.08,철근콘크리트구조,공동주택,(철근)콘크리트,1994-09-06
대전광역시 대덕구 비래동 137-5,119.2,벽돌구조,단독주택,(철근)콘크리트,1989-10-30
대전광역시 대덕구 비래동 137-6,801.84,철근콘크리트구조,공동주택,(철근)콘크리트,1992-06-01
대전광역시 대덕구 비래동 137-7,310.04,철근콘크리트구조,공동주택,(철근)콘크리트,1996-08-13
대전광역시 대덕구 비래동 137-8,80.47,벽돌구조,단독주택,(철근)콘크리트,1990-11-14
대전광역시 대덕구 비래동 137-9,76.97,벽돌구조,단독주택,(철근)콘크리트,1989-06-30
대전광역시 대덕구 비래동 138-1,250.1,경량철골구조,제2종근린생활시설,기타지붕,1993-08-03
대전광역시 대덕구 비래동 138-10,375.92,철근콘크리트구조,공동주택,(철근)콘크리트,1995-06-01
대전광역시 대덕구 비래동 138-11,89.46,벽돌구조,제2종근린생활시설,(철근)콘크리트,1995-12-12
대전광역시 대덕구 비래동 138-13,83.37,벽돌구조,단독주택,(철근)콘크리트,1985-12-06
대전광역시 대덕구 비래동 138-15,86.09,벽돌구조,단독주택,(철근)콘크리트,1992-06-18
대전광역시 대덕구 비래동 138-16,84.18,벽돌구조,단독주택,(철근)콘크리트,1989-08-07
대전광역시 대덕구 비래동 138-17,123.27,철근콘크리트구조,단독주택,(철근)콘크리트,2010-09-01
대전광역시 대덕구 비래동 138-20,120.47,철근콘크리트구조,단독주택,(철근)콘크리트,2013-09-13
대전광역시 대덕구 비래동 138-21,105.69,벽돌구조,단독주택,(철근)콘크리트,1989-08-22
대전광역시 대덕구 비래동 138-22,107.99,벽돌구조,단독주택,(철근)콘크리트,1989-07-21
대전광역시 대덕구 비래동 138-23,70.84,벽돌구조,단독주택,(철근)콘크리트,1986-09-20
대전광역시 대덕구 비래동 138-24,119.18,철근콘크리트구조,제2종근린생활시설,(철근)콘크리트,1994-03-14
대전광역시 대덕구 비래동 138-26,134.64,철근콘크리트구조,단독주택,(철근)콘크리트,2002-07-18
대전광역시 대덕구 비래동 138-27,107.945,벽돌구조,단독주택,(철근)콘크리트,1989-11-17
대전광역시 대덕구 비래동 138-28,107.07,벽돌구조,단독주택,(철근)콘크리트,1990-09-29
대전광역시 대덕구 비래동 138-29,127.2,벽돌구조,단독주택,(철근)콘크리트,1997-07-04
대전광역시 대덕구 비래동 138-3,123.8,철근콘크리트구조,단독주택,(철근)콘크리트,2010-01-05
대전광역시 대덕구 비래동 138-30,98.22,벽돌구조,단독주택,(철근)콘크리트,1988-04-28
대전광역시 대덕구 비래동 138-32,87.93,벽돌구조,단독주택,(철근)콘크리트,1990-06-30
대전광역시 대덕구 비래동 138-33,68.6,벽돌구조,단독주택,(철근)콘크리트,1986-09-20
대전광역시 대덕구 비래동 138-34,113.12,철근콘크리트구조,단독주택,(철근)콘크리트,1991-10-21
대전광역시 대덕구 비래동 138-35,99.1,벽돌구조,단독주택,(철근)콘크리트,1989-12-21
대전광역시 대덕구 비래동 138-36,89.67,벽돌구조,단독주택,(철근)콘크리트,1989-12-02
대전광역시 대덕구 비래동 138-37,77.92,벽돌구조,단독주택,(철근)콘크리트,1988-10-10
대전광역시 대덕구 비래동 138-38,70.31,벽돌구조,단독주택,(철근)콘크리트,1985-11-26
대전광역시 대덕구 비래동 138-39,98.05,벽돌구조,단독주택,(철근)콘크리트,1982-07-13
대전광역시 대덕구 비래동 138-4,86.4,벽돌구조,노유자시설,(철근)콘크리트,1993-09-17
대전광역시 대덕구 비래동 138-40,117.96,벽돌구조,단독주택,(철근)콘크리트,1996-08-05
대전광역시 대덕구 비래동 138-42,99.268,벽돌구조,단독주택,(철근)콘크리트,1989-07-15
대전광역시 대덕구 비래동 138-43,75.22,벽돌구조,단독주택,(철근)콘크리트,1989-07-19
대전광역시 대덕구 비래동 138-44,92.46,벽돌구조,단독주택,(철근)콘크리트,1989-11-03
대전광역시 대덕구 비래동 138-45,127.84,철근콘크리트구조,단독주택,(철근)콘크리트,2002-07-18
대전광역시 대덕구 비래동 138-46,367.08,철근콘크리트구조,공동주택,(철근)콘크리트,1995-06-01
대전광역시 대덕구 비래동 138-47,125.0,경량철골구조,창고시설,기타지붕,2004-04-13
대전광역시 대덕구 비래동 138-5,147.84,철근콘크리트구조,제2종근린생활시설,(철근)콘크리트,2001-07-27
대전광역시 대덕구 비래동 138-6,119.6,벽돌구조,단독주택,(철근)콘크리트,1980-11-12
대전광역시 대덕구 비래동 138-7,79.06,벽돌구조,단독주택,(철근)콘크리트,1989-11-17
대전광역시 대덕구 비래동 138-9,87.99,벽돌구조,단독주택,(철근)콘크리트,1981-07-25
대전광역시 대덕구 비래동 139-10,205.25,철근콘크리트구조,제2종근린생활시설,(철근)콘크리트,1985-08-19
대전광역시 대덕구 비래동 139-11,84.92,벽돌구조,단독주택,(철근)콘크리트,1983-01-17
대전광역시 대덕구 비래동 139-12,128.9,벽돌구조,단독주택,(철근)콘크리트,1984-08-28
대전광역시 대덕구 비래동 139-14,82.64,벽돌구조,단독주택,(철근)콘크리트,1983-11-29
대전광역시 대덕구 비래동 139-15,115.89,벽돌구조,단독주택,(철근)콘크리트,1994-10-21
대전광역시 대덕구 비래동 139-16,138.78,철근콘크리트구조,단독주택,(철근)콘크리트,2002-08-01
대전광역시 대덕구 비래동 139-17,99.57,벽돌구조,단독주택,(철근)콘크리트,1997-12-09
대전광역시 대덕구 비래동 139-18,91.14,벽돌구조,단독주택,(철근)콘크리트,1991-06-14
대전광역시 대덕구 비래동 139-19,584.92,철근콘크리트구조,창고시설,(철근)콘크리트,1997-06-04
대전광역시 대덕구 비래동 139-2,100.58,철근콘크리트구조,단독주택,(철근)콘크리트,1996-06-18
대전광역시 대덕구 비래동 139-20,65.22,벽돌구조,단독주택,(철근)콘크리트,1989-06-14
대전광역시 대덕구 비래동 139-21,95.22,벽돌구조,단독주택,(철근)콘크리트,1991-05-07
대전광역시 대덕구 비래동 139-22,101.37,벽돌구조,단독주택,(철근)콘크리트,1989-11-14
대전광역시 대덕구 비래동 139-24,78.27,벽돌구조,단독주택,(철근)콘크리트,1982-05-06
대전광역시 대덕구 비래동 139-25,103.1,벽돌구조,단독주택,(철근)콘크리트,1989-07-15
대전광역시 대덕구 비래동 139-27,549.48,철근콘크리트구조,공동주택,(철근)콘크리트,1991-07-18
대전광역시 대덕구 비래동 139-28,127.37,벽돌구조,단독주택,(철근)콘크리트,1997-01-15
대전광역시 대덕구 비래동 139-29,110.66,철근콘크리트구조,단독주택,(철근)콘크리트,2002-07-02
대전광역시 대덕구 비래동 139-3,71.93,벽돌구조,단독주택,(철근)콘크리트,1985-11-26
대전광역시 대덕구 비래동 139-31,87.7,벽돌구조,단독주택,(철근)콘크리트,1992-12-28
대전광역시 대덕구 비래동 139-4,759.12,철근콘크리트구조,공동주택,(철근)콘크리트,1993-12-29
대전광역시 대덕구 비래동 139-5,87.7,벽돌구조,단독주택,(철근)콘크리트,1992-12-28
대전광역시 대덕구 비래동 139-7,80.27,벽돌구조,단독주택,(철근)콘크리트,1981-08-03
대전광역시 대덕구 비래동 139-8,138.92,경량철골구조,제2종근린생활시설,기타지붕,2002-02-20
대전광역시 대덕구 비래동 139-9,900.495,철근콘크리트구조,공동주택,(철근)콘크리트,1985-11-06
대전광역시 대덕구 비래동 140-11,116.47,철근콘크리트구조,제2종근린생활시설,(철근)콘크리트,1996-08-21
대전광역시 대덕구 비래동 140-13,217.35,철근콘크리트구조,단독주택,(철근)콘크리트,2003-09-06
대전광역시 대덕구 비래동 140-2,187.74,벽돌구조,단독주택,(철근)콘크리트,1989-09-20
대전광역시 대덕구 비래동 140-3,216.81,철근콘크리트구조,단독주택,(철근)콘크리트,2003-09-17
대전광역시 대덕구 비래동 140-4,671.64,철근콘크리트구조,공동주택,(철근)콘크리트,2016-09-13
대전광역시 대덕구 비래동 140-7,948.59,철근콘크리트구조,제2종근린생활시설,(철근)콘크리트,1994-10-13
대전광역시 대덕구 비래동 141-1,101.52,철근콘크리트구조,단독주택,(철근)콘크리트,1991-02-28
대전광역시 대덕구 비래동 141-10,116.49,벽돌구조,단독주택,(철근)콘크리트,1989-10-26
대전광역시 대덕구 비래동 141-11,75.55,벽돌구조,단독주택,(철근)콘크리트,1989-06-24
대전광역시 대덕구 비래동 141-12,97.13,벽돌구조,단독주택,(철근)콘크리트,1989-06-24
대전광역시 대덕구 비래동 141-13,102.5,벽돌구조,단독주택,(철근)콘크리트,1989-06-24
대전광역시 대덕구 비래동 141-15,102.39,벽돌구조,단독주택,기타지붕,1990-11-24
대전광역시 대덕구 비래동 141-16,88.59,벽돌구조,단독주택,(철근)콘크리트,1996-09-11
대전광역시 대덕구 비래동 141-17,0.0,벽돌구조,단독주택,(철근)콘크리트,1991-01-10
대전광역시 대덕구 비래동 141-18,168.48,경량철골구조,제2종근린생활시설,기타지붕,1992-06-16
대전광역시 대덕구 비래동 141-2,102.42,벽돌구조,단독주택,(철근)콘크리트,1989-08-02
대전광역시 대덕구 비래동 141-20,305.33,철근콘크리트구조,단독주택,(철근)콘크리트,2021-12-08
대전광역시 대덕구 비래동 141-22,76.98,벽돌구조,단독주택,(철근)콘크리트,1991-05-28
대전광역시 대덕구 비래동 141-23,76.98,벽돌구조,단독주택,(철근)콘크리트,1991-05-28
대전광역시 대덕구 비래동 141-24,74.87,벽돌구조,단독주택,(철근)콘크리트,1991-05-28
대전광역시 대덕구 비래동 141-3,111.24,철근콘크리트구조,제2종근린생활시설,(철근)콘크리트,1997-01-28
대전광역시 대덕구 비래동 141-4,149.888,철근콘크리트구조,단독주택,(철근)콘크리트,1984-11-13
대전광역시 대덕구 비래동 141-5,102.5,벽돌구조,단독주택,(철근)콘크리트,1989-06-24
대전광역시 대덕구 비래동 141-7,83.46,벽돌구조,단독주택,(철근)콘크리트,1984-10-27
대전광역시 대덕구 비래동 141-8,83.46,벽돌구조,단독주택,(철근)콘크리트,1984-10-27
대전광역시 대덕구 비래동 142-1,111.75,벽돌구조,제2종근린생활시설,(철근)콘크리트,1990-04-19
대전광역시 대덕구 비래동 142-2,278.0,철근콘크리트구조,제2종근린생활시설,(철근)콘크리트,2015-01-26
대전광역시 대덕구 비래동 142-4,90.56,벽돌구조,단독주택,(철근)콘크리트,1990-08-03
대전광역시 대덕구 비래동 142-6,223.96,철근콘크리트구조,제2종근린생활시설,(철근)콘크리트,2001-10-17
대전광역시 대덕구 비래동 143-1,121.29,철근콘크리트구조,단독주택,(철근)콘크리트,2001-09-12
대전광역시 대덕구 비래동 143-10,76.18,벽돌구조,단독주택,(철근)콘크리트,1981-06-09
대전광역시 대덕구 비래동 143-11,182.56,경량철골구조,제2종근린생활시설,기타지붕,1990-04-27
대전광역시 대덕구 비래동 143-12,247.63,경량철골구조,단독주택,기타지붕,1980-12-12
대전광역시 대덕구 비래동 143-13,73.07,벽돌구조,단독주택,(철근)콘크리트,1990-10-23
대전광역시 대덕구 비래동 143-14,95.66,벽돌구조,단독주택,(철근)콘크리트,1989-04-27
대전광역시 대덕구 비래동 143-16,419.52,벽돌구조,공동주택,(철근)콘크리트,1987-06-11
대전광역시 대덕구 비래동 143-17,205.78,벽돌구조,공동주택,(철근)콘크리트,1989-12-27
대전광역시 대덕구 비래동 143-18,205.78,벽돌구조,공동주택,(철근)콘크리트,1989-12-27
대전광역시 대덕구 비래동 143-19,202.36,벽돌구조,공동주택,(철근)콘크리트,1989-12-27
대전광역시 대덕구 비래동 143-2,205.78,벽돌구조,공동주택,(철근)콘크리트,1989-12-27
대전광역시 대덕구 비래동 143-21,95.23,벽돌구조,단독주택,(철근)콘크리트,1989-05-22
대전광역시 대덕구 비래동 143-22,252.7,철근콘크리트구조,단독주택,(철근)콘크리트,2002-06-25
대전광역시 대덕구 비래동 143-23,81.66,벽돌구조,단독주택,(철근)콘크리트,1990-08-20
대전광역시 대덕구 비래동 143-25,73.32,벽돌구조,단독주택,(철근)콘크리트,1990-10-27
대전광역시 대덕구 비래동 143-26,74.98,벽돌구조,단독주택,(철근)콘크리트,1990-06-09
대전광역시 대덕구 비래동 143-27,78.44,벽돌구조,단독주택,(철근)콘크리트,1990-09-21
대전광역시 대덕구 비래동 143-28,282.08,벽돌구조,제2종근린생활시설,(철근)콘크리트,1993-05-27
대전광역시 대덕구 비래동 143-3,519.76,철근콘크리트구조,공동주택,(철근)콘크리트,1993-07-26
대전광역시 대덕구 비래동 143-30,205.87,철근콘크리트구조,단독주택,(철근)콘크리트,2020-07-02
대전광역시 대덕구 비래동 143-31,556.8,철근콘크리트구조,공동주택,기와,1993-06-22
대전광역시 대덕구 비래동 143-33,135.5,철근콘크리트구조,단독주택,(철근)콘크리트,2001-09-12
대전광역시 대덕구 비래동 143-4,426.98,벽돌구조,공동주택,(철근)콘크리트,1987-06-13
대전광역시 대덕구 비래동 143-5,119.49,기타강구조,단독주택,(철근)콘크리트,1988-12-05
대전광역시 대덕구 비래동 143-6,65.7,경량철골구조,단독주택,기타지붕,1993-08-21
대전광역시 대덕구 비래동 143-9,446.86,경량철골구조,창고시설,기타지붕,2005-05-17
대전광역시 대덕구 비래동 144-1,174.49,철근콘크리트구조,제2종근린생활시설,(철근)콘크리트,1994-12-20
대전광역시 대덕구 비래동 144-11,137.95,철근콘크리트구조,단독주택,(철근)콘크리트,2020-03-09
대전광역시 대덕구 비래동 144-12,116.9,벽돌구조,단독주택,(철근)콘크리트,1982-10-13
대전광역시 대덕구 비래동 144-13,110.66,철근콘크리트구조,단독주택,(철근)콘크리트,2005-10-11
대전광역시 대덕구 비래동 144-14,395.28,철근콘크리트구조,공동주택,(철근)콘크리트,1993-10-27
대전광역시 대덕구 비래동 144-15,395.28,철근콘크리트구조,공동주택,(철근)콘크리트,1993-10-27
대전광역시 대덕구 비래동 144-16,88.92,벽돌구조,단독주택,(철근)콘크리트,1985-11-12
대전광역시 대덕구 비래동 144-17,405.18,벽돌구조,공동주택,(철근)콘크리트,1990-11-15
대전광역시 대덕구 비래동 144-18,101.44,철근콘크리트구조,단독주택,(철근)콘크리트,1994-11-02
대전광역시 대덕구 비래동 144-20,144.29,벽돌구조,단독주택,(철근)콘크리트,1989-07-21
대전광역시 대덕구 비래동 144-22,88.06,철근콘크리트구조,단독주택,(철근)콘크리트,1994-04-28
대전광역시 대덕구 비래동 144-23,63.8,철근콘크리트구조,단독주택,(철근)콘크리트,2020-12-11
대전광역시 대덕구 비래동 144-24,64.14,벽돌구조,단독주택,(철근)콘크리트,1986-05-26
대전광역시 대덕구 비래동 144-25,151.45,철근콘크리트구조,단독주택,(철근)콘크리트,2013-07-02
대전광역시 대덕구 비래동 144-27,110.93,벽돌구조,단독주택,(철근)콘크리트,1990-01-06
대전광역시 대덕구 비래동 144-28,403.38,벽돌구조,공동주택,(철근)콘크리트,1990-11-15
대전광역시 대덕구 비래동 144-3,239.36,철근콘크리트구조,공동주택,(철근)콘크리트,1991-07-03
대전광역시 대덕구 비래동 144-31,108.56,철근콘크리트구조,단독주택,(철근)콘크리트,2002-07-03
대전광역시 대덕구 비래동 144-32,349.8,철근콘크리트구조,공동주택,(철근)콘크리트,1991-07-03
대전광역시 대덕구 비래동 144-36,395.28,철근콘크리트구조,공동주택,(철근)콘크리트,1993-12-21
대전광역시 대덕구 비래동 144-37,395.28,철근콘크리트구조,공동주택,(철근)콘크리트,1993-12-21
대전광역시 대덕구 비래동 144-38,575.3399999999999,철근콘크리트구조,공동주택,(철근)콘크리트,1994-04-27
대전광역시 대덕구 비래동 144-4,203.45,철근콘크리트구조,단독주택,(철근)콘크리트,2010-11-11
대전광역시 대덕구 비래동 144-42,287.48,철근콘크리트구조,공동주택,(철근)콘크리트,1994-12-21
대전광역시 대덕구 비래동 144-5,1434.8400000000001,철근콘크리트구조,공동주택,(철근)콘크리트,1987-01-24
대전광역시 대덕구 비래동 144-7,137.225,철근콘크리트구조,단독주택,(철근)콘크리트,2002-09-17
대전광역시 대덕구 비래동 144-8,110.28,벽돌구조,단독주택,(철근)콘크리트,1990-01-06
대전광역시 대덕구 비래동 144-9,293.93,철근콘크리트구조,공동주택,(철근)콘크리트,1991-11-16
대전광역시 대덕구 비래동 145-1,125.45,철근콘크리트구조,단독주택,(철근)콘크리트,1991-12-14
대전광역시 대덕구 비래동 145-10,63.43,벽돌구조,단독주택,(철근)콘크리트,1985-12-10
대전광역시 대덕구 비래동 145-11,1590.334,철근콘크리트구조,공동주택,(철근)콘크리트,2005-04-22
대전광역시 대덕구 비래동 145-12,164.0,철근콘크리트구조,제2종근린생활시설,(철근)콘크리트,1982-05-31
대전광역시 대덕구 비래동 145-14,73.52,벽돌구조,단독주택,(철근)콘크리트,1990-09-28
대전광역시 대덕구 비래동 145-15,136.92,철근콘크리트구조,단독주택,(철근)콘크리트,2002-06-27
대전광역시 대덕구 비래동 145-17,63.43,벽돌구조,단독주택,(철근)콘크리트,1985-12-10
대전광역시 대덕구 비래동 145-18,63.43,벽돌구조,단독주택,(철근)콘크리트,1985-12-10
대전광역시 대덕구 비래동 145-19,92.06,벽돌구조,단독주택,기타지붕,1989-08-16
대전광역시 대덕구 비래동 145-22,147.25,벽돌구조,단독주택,(철근)콘크리트,1993-08-17
대전광역시 대덕구 비래동 145-23,120.1,벽돌구조,단독주택,기타지붕,1988-06-23
대전광역시 대덕구 비래동 145-24,88.8,벽돌구조,단독주택,(철근)콘크리트,1990-11-06
대전광역시 대덕구 비래동 145-26,95.39,벽돌구조,단독주택,(철근)콘크리트,1989-12-11
대전광역시 대덕구 비래동 145-27,78.6,벽돌구조,단독주택,(철근)콘크리트,1985-12-10
대전광역시 대덕구 비래동 145-29,86.69,벽돌구조,단독주택,(철근)콘크리트,1988-11-28
대전광역시 대덕구 비래동 145-3,1154.23,철근콘크리트구조,종교시설,(철근)콘크리트,1990-05-03
대전광역시 대덕구 비래동 145-30,102.48,벽돌구조,단독주택,기타지붕,1991-07-11
대전광역시 대덕구 비래동 145-31,111.52,경량철골구조,제2종근린생활시설,기타지붕,2010-12-23
대전광역시 대덕구 비래동 145-33,108.72,벽돌구조,단독주택,(철근)콘크리트,1990-03-20
대전광역시 대덕구 비래동 145-34,200.52,벽돌구조,공동주택,(철근)콘크리트,1986-07-26
대전광역시 대덕구 비래동 145-35,200.52,벽돌구조,공동주택,(철근)콘크리트,1986-07-26
대전광역시 대덕구 비래동 145-36,127.2,벽돌구조,단독주택,(철근)콘크리트,1991-10-30
대전광역시 대덕구 비래동 145-37,126.99,철근콘크리트구조,단독주택,(철근)콘크리트,2011-11-01
대전광역시 대덕구 비래동 145-5,115.98,벽돌구조,단독주택,(철근)콘크리트,1991-07-03
대전광역시 대덕구 비래동 145-6,122.84,블록구조,공장,슬레이트,1982-10-21
대전광역시 대덕구 비래동 145-7,98.0,일반철골구조,창고시설,기타지붕,2017-10-17
대전광역시 대덕구 비래동 145-8,132.66,벽돌구조,단독주택,(철근)콘크리트,1985-12-20
대전광역시 대덕구 비래동 145-9,151.73,벽돌구조,단독주택,(철근)콘크리트,1986-04-30
대전광역시 대덕구 비래동 146-1,194.69,철근콘크리트구조,단독주택,(철근)콘크리트,1984-03-17
대전광역시 대덕구 비래동 146-10,283.06,철근콘크리트구조,공동주택,(철근)콘크리트,1995-08-12
대전광역시 대덕구 비래동 146-11,127.29,철근콘크리트구조,단독주택,(철근)콘크리트,2001-12-19
대전광역시 대덕구 비래동 146-12,85.12,철근콘크리트구조,단독주택,(철근)콘크리트,1990-09-09
대전광역시 대덕구 비래동 146-13,247.06,철근콘크리트구조,단독주택,(철근)콘크리트,2024-07-29
대전광역시 대덕구 비래동 146-14,73.75,벽돌구조,단독주택,(철근)콘크리트,1986-06-03
대전광역시 대덕구 비래동 146-17,96.57,벽돌구조,단독주택,(철근)콘크리트,1989-06-01
대전광역시 대덕구 비래동 146-18,110.105,벽돌구조,단독주택,(철근)콘크리트,1989-05-26
대전광역시 대덕구 비래동 146-2,656.44,철근콘크리트구조,공동주택,(철근)콘크리트,1995-06-12
대전광역시 대덕구 비래동 146-20,107.62,벽돌구조,단독주택,(철근)콘크리트,1989-11-07
대전광역시 대덕구 비래동 146-21,77.98,벽돌구조,단독주택,(철근)콘크리트,1989-06-14
대전광역시 대덕구 비래동 146-22,85.27,벽돌구조,단독주택,(철근)콘크리트,1989-06-26
대전광역시 대덕구 비래동 146-24,97.02,벽돌구조,제2종근린생활시설,(철근)콘크리트,1991-05-25
대전광역시 대덕구 비래동 146-27,121.18,철근콘크리트구조,제2종근린생활시설,(철근)콘크리트,1990-07-26
대전광역시 대덕구 비래동 146-28,91.38,철근콘크리트구조,단독주택,(철근)콘크리트,1990-09-06
대전광역시 대덕구 비래동 146-30,294.38,철근콘크리트구조,공동주택,(철근)콘크리트,1995-04-28
대전광역시 대덕구 비래동 146-32,96.41,철근콘크리트구조,단독주택,(철근)콘크리트,2001-12-13
대전광역시 대덕구 비래동 146-33,152.85,철근콘크리트구조,단독주택,(철근)콘크리트,2001-12-12
대전광역시 대덕구 비래동 146-34,103.63,철근콘크리트구조,단독주택,(철근)콘크리트,2002-01-30
대전광역시 대덕구 비래동 146-4,293.86,철근콘크리트구조,제2종근린생활시설,(철근)콘크리트,1994-01-05
대전광역시 대덕구 비래동 146-5,116.66,철근콘크리트구조,단독주택,(철근)콘크리트,1993-05-25
대전광역시 대덕구 비래동 146-6,82.6,벽돌구조,제2종근린생활시설,(철근)콘크리트,1984-07-02
대전광역시 대덕구 비래동 146-7,595.36,철근콘크리트구조,공동주택,(철근)콘크리트,1995-10-23
대전광역시 대덕구 비래동 146-8,78.9,벽돌구조,단독주택,(철근)콘크리트,1989-06-14
대전광역시 대덕구 비래동 146-9,147.28,철근콘크리트구조,제2종근린생활시설,(철근)콘크리트,1993-11-13
대전광역시 대덕구 비래동 147,228.49,벽돌구조,단독주택,(철근)콘크리트,1981-04-07
대전광역시 대덕구 비래동 147-1,464.82,일반철골구조,제2종근린생활시설,기타지붕,2016-08-12
대전광역시 대덕구 비래동 147-10,241.92,철근콘크리트구조,공동주택,(철근)콘크리트,1998-10-07
대전광역시 대덕구 비래동 147-2,251.12,철근콘크리트구조,공동주택,(철근)콘크리트,1998-10-07
대전광역시 대덕구 비래동 147-5,114.79,벽돌구조,제2종근린생활시설,(철근)콘크리트,1991-08-21
대전광역시 대덕구 비래동 147-6,284.63,철근콘크리트구조,공동주택,(철근)콘크리트,1998-02-14
대전광역시 대덕구 비래동 147-7,137.18,철근콘크리트구조,단독주택,(철근)콘크리트,2000-01-26
대전광역시 대덕구 비래동 147-8,77.84,철근콘크리트구조,단독주택,(철근)콘크리트,1998-04-16
대전광역시 대덕구 비래동 147-9,305.4,철근콘크리트구조,공동주택,(철근)콘크리트,1998-02-11
대전광역시 대덕구 비래동 148-1,497.63,철근콘크리트구조,제2종근린생활시설,(철근)콘크리트,2002-04-04
대전광역시 대덕구 비래동 148-10,103.185,벽돌구조,단독주택,(철근)콘크리트,1999-07-03
대전광역시 대덕구 비래동 148-12,95.97,벽돌구조,단독주택,(철근)콘크리트,1989-08-28
대전광역시 대덕구 비래동 148-13,68.54,벽돌구조,단독주택,(철근)콘크리트,1985-11-21
대전광역시 대덕구 비래동 148-14,69.18,벽돌구조,단독주택,(철근)콘크리트,1988-09-09
대전광역시 대덕구 비래동 148-15,76.48,벽돌구조,단독주택,(철근)콘크리트,1988-06-21
대전광역시 대덕구 비래동 148-17,80.935,벽돌구조,단독주택,(철근)콘크리트,1989-07-19
대전광역시 대덕구 비래동 148-18,85.395,벽돌구조,단독주택,(철근)콘크리트,1989-07-31
대전광역시 대덕구 비래동 148-2,76.48,벽돌구조,단독주택,(철근)콘크리트,1988-06-20
대전광역시 대덕구 비래동 148-3,76.635,벽돌구조,단독주택,(철근)콘크리트,1989-07-19
대전광역시 대덕구 비래동 148-4,3656.42,철근콘크리트구조,공동주택,기타지붕,1998-03-16
대전광역시 대덕구 비래동 148-7,69.71,벽돌구조,단독주택,(철근)콘크리트,1988-07-14
대전광역시 대덕구 비래동 148-8,97.98,벽돌구조,단독주택,(철근)콘크리트,1989-10-10
대전광역시 대덕구 비래동 148-9,97.77,벽돌구조,단독주택,(철근)콘크리트,1992-05-04
대전광역시 대덕구 비래동 149-1,1985.0,철근콘크리트구조,공동주택,(철근)콘크리트,1986-05-24
대전광역시 대덕구 비래동 149-10,108.8,철근콘크리트구조,단독주택,(철근)콘크리트,1986-12-11
대전광역시 대덕구 비래동 149-12,117.98,벽돌구조,제2종근린생활시설,(철근)콘크리트,1986-01-21
대전광역시 대덕구 비래동 149-13,110.055,벽돌구조,제2종근린생활시설,(철근)콘크리트,1991-05-06
대전광역시 대덕구 비래동 149-14,265.19,철근콘크리트구조,단독주택,(철근)콘크리트,2018-05-10
대전광역시 대덕구 비래동 149-16,77.08,벽돌구조,단독주택,(철근)콘크리트,1986-05-29
대전광역시 대덕구 비래동 149-17,173.555,철근콘크리트구조,제2종근린생활시설,(철근)콘크리트,1990-07-16
대전광역시 대덕구 비래동 149-19,182.86,철근콘크리트구조,제2종근린생활시설,(철근)콘크리트,1990-01-24
대전광역시 대덕구 비래동 149-20,374.78,철근콘크리트구조,공동주택,(철근)콘크리트,1991-11-16
대전광역시 대덕구 비래동 149-21,129.26,벽돌구조,단독주택,(철근)콘크리트,1991-12-02
대전광역시 대덕구 비래동 149-22,84.3,벽돌구조,단독주택,(철근)콘크리트,1989-08-25
대전광역시 대덕구 비래동 149-25,164.82,철근콘크리트구조,단독주택,(철근)콘크리트,2002-12-23
대전광역시 대덕구 비래동 149-26,85.92,벽돌구조,단독주택,(철근)콘크리트,1988-12-19
대전광역시 대덕구 비래동 149-29,98.12,철근콘크리트구조,단독주택,(철근)콘크리트,2018-11-13
대전광역시 대덕구 비래동 149-30,82.792,벽돌구조,단독주택,(철근)콘크리트,1991-05-28
대전광역시 대덕구 비래동 149-5,157.2,철근콘크리트구조,제2종근린생활시설,(철근)콘크리트,1996-10-21
대전광역시 대덕구 비래동 149-6,273.6,벽돌구조,공동주택,(철근)콘크리트,1986-08-20
대전광역시 대덕구 비래동 149-7,69.68,벽돌구조,단독주택,(철근)콘크리트,1989-06-14
대전광역시 대덕구 비래동 149-9,108.69,철근콘크리트구조,단독주택,(철근)콘크리트,2007-12-04
대전광역시 대덕구 비래동 15-3,408.98,경량철골구조,교육연구시설,기타지붕,2000-03-04
대전광역시 대덕구 비래동 150-1,182.02,벽돌구조,제2종근린생활시설,(철근)콘크리트,1994-09-29
대전광역시 대덕구 비래동 150-10,135.2,벽돌구조,단독주택,(철근)콘크리트,1989-12-22
대전광역시 대덕구 비래동 150-11,160.2,일반철골구조,제2종근린생활시설,기타지붕,2020-11-04
대전광역시 대덕구 비래동 150-2,134.3,철근콘크리트구조,단독주택,(철근)콘크리트,2002-06-28
대전광역시 대덕구 비래동 150-3,139.2,일반철골구조,제2종근린생활시설,기타지붕,1997-11-14
대전광역시 대덕구 비래동 150-4,240.31,철근콘크리트구조,제2종근린생활시설,(철근)콘크리트,2002-08-30
대전광역시 대덕구 비래동 150-5,264.85,철근콘크리트구조,단독주택,(철근)콘크리트,2022-08-25
대전광역시 대덕구 비래동 150-6,64.8,경량철골구조,제2종근린생활시설,기타지붕,1993-09-08
대전광역시 대덕구 비래동 150-7,134.69,경량철골구조,제2종근린생활시설,기타지붕,1989-10-28
대전광역시 대덕구 비래동 150-8,161.67,철근콘크리트구조,단독주택,(철근)콘크리트,1991-09-09
대전광역시 대덕구 비래동 150-9,136.0,철근콘크리트구조,단독주택,(철근)콘크리트,2002-01-10
대전광역시 대덕구 비래동 151-1,125.91,철근콘크리트구조,단독주택,(철근)콘크리트,1991-08-13
대전광역시 대덕구 비래동 151-10,90.01,벽돌구조,단독주택,(철근)콘크리트,1989-12-22
대전광역시 대덕구 비래동 151-13,237.63,철근콘크리트구조,제2종근린생활시설,(철근)콘크리트,2003-08-28
대전광역시 대덕구 비래동 151-15,113.04,경량철골구조,제2종근린생활시설,기타지붕,1997-02-03
대전광역시 대덕구 비래동 151-17,202.72,벽돌구조,공동주택,(철근)콘크리트,1990-10-17
대전광역시 대덕구 비래동 151-18,202.72,벽돌구조,공동주택,(철근)콘크리트,1990-10-17
대전광역시 대덕구 비래동 151-19,155.64,벽돌구조,공동주택,(철근)콘크리트,1990-11-02
대전광역시 대덕구 비래동 151-2,184.14,벽돌구조,단독주택,(철근)콘크리트,1985-04-18
대전광역시 대덕구 비래동 151-3,76.0,철근콘크리트구조,제2종근린생활시설,(철근)콘크리트,1982-11-08
대전광역시 대덕구 비래동 151-5,103.64,벽돌구조,단독주택,(철근)콘크리트,1982-03-19
대전광역시 대덕구 비래동 151-6,48.42,철근콘크리트구조,제2종근린생활시설,(철근)콘크리트,2000-05-19
대전광역시 대덕구 비래동 151-7,277.52,벽돌구조,제2종근린생활시설,(철근)콘크리트,1989-09-08
대전광역시 대덕구 비래동 151-8,147.92,벽돌구조,단독주택,(철근)콘크리트,1991-12-27
대전광역시 대덕구 비래동 151-9,114.39,철근콘크리트구조,단독주택,(철근)콘크리트,2003-09-05
대전광역시 대덕구 비래동 164-2,93.77,벽돌구조,단독주택,(철근)콘크리트,1979-06-22
대전광역시 대덕구 비래동 18-1,345.0,철근콘크리트구조,공동주택,(철근)콘크리트,2004-12-14
대전광역시 대덕구 비래동 18-17,322.08,철근콘크리트구조,제2종근린생활시설,(철근)콘크리트,1995-08-22
대전광역시 대덕구 비래동 18-2,154.06,철근콘크리트구조,제2종근린생활시설,(철근)콘크리트,1985-10-16
대전광역시 대덕구 비래동 18-21,5493.566,철근콘크리트구조,공동주택,(철근)콘크리트,1994-11-07
대전광역시 대덕구 비래동 18-22,142.3,철근콘크리트구조,단독주택,(철근)콘크리트,1997-03-06
대전광역시 대덕구 비래동 18-4,94.05,철근콘크리트구조,제2종근린생활시설,(철근)콘크리트,1986-12-03
대전광역시 대덕구 비래동 18-5,165.0,철근콘크리트구조,제2종근린생활시설,(철근)콘크리트,1987-01-22
대전광역시 대덕구 비래동 201-22,110.63,철근콘크리트구조,단독주택,(철근)콘크리트,1984-07-03
대전광역시 대덕구 비래동 206,146.29000000000002,기타조적구조,단독주택,슬레이트,1967
대전광역시 대덕구 비래동 226-2,0.0,철근콘크리트구조,단독주택,(철근)콘크리트,1979-08-21
대전광역시 대덕구 비래동 228,66.65,블록구조,단독주택,슬레이트,1967
대전광역시 대덕구 비래동 238-2,91.9,일반철골구조,제2종근린생활시설,기타지붕,2022-08-29
대전광역시 대덕구 비래동 241-1,4234.49,경량철골구조,교육연구시설,기타지붕,2005-02-16
대전광역시 대덕구 비래동 250,68.35,벽돌구조,단독주택,(철근)콘크리트,1992-03-02
대전광역시 대덕구 비래동 26-1,99.42,벽돌구조,단독주택,기와,1978-06-17
대전광역시 대덕구 비래동 26-18,467.9,철근콘크리트구조,교육연구시설,(철근)콘크리트,2012-10-31
대전광역시 대덕구 비래동 26-2,46.53,기타조적구조,단독주택,슬레이트,1969
대전광역시 대덕구 비래동 270-1,106.01,일반목구조,단독주택,기와,1945
대전광역시 대덕구 비래동 283,72.59,일반목구조,단독주택,슬레이트,1924
대전광역시 대덕구 비래동 295,996.04,철근콘크리트구조,종교시설,(철근)콘크리트,1992-07-30
대전광역시 대덕구 비래동 296,239.32,철근콘크리트구조,교육연구시설,(철근)콘크리트,1999-03-19
대전광역시 대덕구 비래동 3-9,381.95,벽돌구조,단독주택,(철근)콘크리트,1979
대전광역시 대덕구 비래동 303-1,209.0,경량철골구조,제2종근린생활시설,기타지붕,1994-12-19
대전광역시 대덕구 비래동 306-2,195.82,철근콘크리트구조,제2종근린생활시설,(철근)콘크리트,1992-03-12
대전광역시 대덕구 비래동 309-16,220.32,철근콘크리트구조,공동주택,(철근)콘크리트,1991-10-31
대전광역시 대덕구 비래동 309-20,220.32,철근콘크리트구조,공동주택,(철근)콘크리트,1991-10-05
대전광역시 대덕구 비래동 309-21,220.32,철근콘크리트구조,공동주택,(철근)콘크리트,1991-10-05
대전광역시 대덕구 비래동 309-22,220.32,철근콘크리트구조,공동주택,(철근)콘크리트,1991-10-16
대전광역시 대덕구 비래동 309-23,220.32,철근콘크리트구조,공동주택,(철근)콘크리트,1991-10-06
대전광역시 대덕구 비래동 309-25,220.32,철근콘크리트구조,공동주택,(철근)콘크리트,1991-10-31
대전광역시 대덕구 비래동 309-29,120.3,철근콘크리트구조,단독주택,(철근)콘크리트,1991-12-30
대전광역시 대덕구 비래동 324-4,130.5,벽돌구조,제2종근린생활시설,기와,1992-12-22
대전광역시 대덕구 비래동 324-7,52.6,경량철골구조,동.식물관련시설,기타지붕,1995-11-24
대전광역시 대덕구 비래동 35-1,84.661,벽돌구조,단독주택,(철근)콘크리트,1979-01-12
대전광역시 대덕구 비래동 35-9,84.53,벽돌구조,단독주택,(철근)콘크리트,1979-01-12
대전광역시 대덕구 비래동 36-1,255.5,경량철골구조,단독주택,기타지붕,1989-03-18
대전광역시 대덕구 비래동 362,128.16,철근콘크리트구조,제2종근린생활시설,(철근)콘크리트,1989-11-28
대전광역시 대덕구 비래동 363-5,132.35,벽돌구조,제2종근린생활시설,(철근)콘크리트,1989-08-16
대전광역시 대덕구 비래동 391-1,141.57,일반목구조,단독주택,기타지붕,2022-12-13
대전광역시 대덕구 비래동 391-2,66.82,일반목구조,단독주택,기타지붕,2023-01-18
대전광역시 대덕구 비래동 392,99.81,벽돌구조,단독주택,기와,1979-03-06
대전광역시 대덕구 비래동 392-1,101.62,벽돌구조,단독주택,기와,2016-09-23
대전광역시 대덕구 비래동 394,59.07,블록구조,단독주택,기와,1979-07-09
대전광역시 대덕구 비래동 395,161.72,벽돌구조,단독주택,(철근)콘크리트,1996-11-18
대전광역시 대덕구 비래동 396,52.48,벽돌구조,단독주택,슬레이트,1989-07-31
대전광역시 대덕구 비래동 398,109.71,일반목구조,단독주택,기타지붕,2008-11-18
대전광역시 대덕구 비래동 400,106.45,벽돌구조,단독주택,(철근)콘크리트,1998-09-24
대전광역시 대덕구 비래동 401,166.8,벽돌구조,단독주택,기와,2017-05-29
대전광역시 대덕구 비래동 402,160.94,벽돌구조,단독주택,기와,1942
대전광역시 대덕구 비래동 405,180.24,블록구조,동.식물관련시설,슬레이트,1989-08-03
대전광역시 대덕구 비래동 406,75.6,경량철골구조,제2종근린생활시설,기타지붕,2005-05-11
대전광역시 대덕구 비래동 425-2,113.02,벽돌구조,단독주택,기와,1978-12-04
대전광역시 대덕구 비래동 426,279.54999999999995,일반목구조,제2종근린생활시설,기와,2013-12-12
대전광역시 대덕구 비래동 426-2,116.39,철근콘크리트구조,단독주택,(철근)콘크리트,2010-03-16
대전광역시 대덕구 비래동 428,136.06,벽돌구조,단독주택,기와,1976-12-31
대전광역시 대덕구 비래동 429,162.6,경량철골구조,제2종근린생활시설,기타지붕,1996-11-18
대전광역시 대덕구 비래동 432-1,180.0,철근콘크리트구조,단독주택,(철근)콘크리트,2018-09-21
대전광역시 대덕구 비래동 433,212.38,벽돌구조,단독주택,(철근)콘크리트,1979-04-04
대전광역시 대덕구 비래동 434,103.58,벽돌구조,단독주택,기와,1985-06-29
대전광역시 대덕구 비래동 435,109.1,벽돌구조,제2종근린생활시설,(철근)콘크리트,1979-07-09
대전광역시 대덕구 비래동 436,138.73000000000002,벽돌구조,단독주택,(철근)콘크리트,
대전광역시 대덕구 비래동 436-1,106.04,벽돌구조,단독주택,(철근)콘크리트,1894
대전광역시 대덕구 비래동 437,275.57,철근콘크리트구조,제2종근린생활시설,(철근)콘크리트,2018-06-04
대전광역시 대덕구 비래동 438,114.54,벽돌구조,단독주택,(철근)콘크리트,1995-11-06
대전광역시 대덕구 비래동 439,135.79000000000002,블록구조,단독주택,기와,1904
대전광역시 대덕구 비래동 441,133.18,벽돌구조,단독주택,(철근)콘크리트,1944
대전광역시 대덕구 비래동 442,80.58,일반목구조,단독주택,기타지붕,1953
대전광역시 대덕구 비래동 443,245.45,블록구조,단독주택,(철근)콘크리트,1979-07-09
대전광역시 대덕구 비래동 444,193.87,벽돌구조,단독주택,기와,1954
대전광역시 대덕구 비래동 445,110.62,철근콘크리트구조,단독주택,(철근)콘크리트,2011-12-09
대전광역시 대덕구 비래동 446,108.46,벽돌구조,단독주택,(철근)콘크리트,1929
대전광역시 대덕구 비래동 447,125.79,일반목구조,단독주택,기타지붕,2021-12-06
대전광역시 대덕구 비래동 448,105.81,철근콘크리트구조,단독주택,(철근)콘크리트,2012-07-05
대전광역시 대덕구 비래동 45-1,229.2,철근콘크리트구조,제2종근린생활시설,(철근)콘크리트,1990-11-13
대전광역시 대덕구 비래동 452,154.05,일반목구조,단독주택,기타지붕,1942
대전광역시 대덕구 비래동 46-7,190.48,철근콘크리트구조,제2종근린생활시설,(철근)콘크리트,2006-12-22
대전광역시 대덕구 비래동 461-2,170.14,철근콘크리트구조,제2종근린생활시설,(철근)콘크리트,2007-08-16
대전광역시 대덕구 비래동 468,171.88,철근콘크리트구조,제2종근린생활시설,(철근)콘크리트,2000-03-09
대전광역시 대덕구 비래동 47,280.69,철근콘크리트구조,교육연구시설,(철근)콘크리트,1990-12-26
대전광역시 대덕구 비래동 47-1,4962.96,철근콘크리트구조,공동주택,(철근)콘크리트,1986-11-24
대전광역시 대덕구 비래동 509-1,10624.5986,철근콘크리트구조,공동주택,(철근)콘크리트,2006-06-14
대전광역시 대덕구 비래동 510-3,54.48,경량철골구조,자동차관련시설,기타지붕,1993-05-29
대전광역시 대덕구 비래동 510-4,210.0,철근콘크리트구조,종교시설,(철근)콘크리트,1997-08-09
대전광역시 대덕구 비래동 510-7,164.9,철근콘크리트구조,제2종근린생활시설,(철근)콘크리트,2006-08-24
대전광역시 대덕구 비래동 53-6,62.42,일반철골구조,제2종근린생활시설,(철근)콘크리트,2004-01-17
대전광역시 대덕구 비래동 555-1,686.39,철근콘크리트구조,업무시설,(철근)콘크리트,2010-05-28
대전광역시 대덕구 비래동 555-10,131.25,철근콘크리트구조,제2종근린생활시설,(철근)콘크리트,2019-01-07
대전광역시 대덕구 비래동 555-12,547.6800000000001,일반철골구조,제2종근린생활시설,기타지붕,2016-01-05
대전광역시 대덕구 비래동 555-13,490.08000000000004,철근콘크리트구조,공동주택,(철근)콘크리트,1997-09-08
대전광역시 대덕구 비래동 555-14,672.0825,일반철골구조,위험물저장및처리시설,기타지붕,2015-05-08
대전광역시 대덕구 비래동 555-15,426.48,철근콘크리트구조,제2종근린생활시설,(철근)콘크리트,2015-11-16
대전광역시 대덕구 비래동 555-2,129.21,벽돌구조,제2종근린생활시설,(철근)콘크리트,1976-12-14
대전광역시 대덕구 비래동 555-3,59.57,벽돌구조,제2종근린생활시설,(철근)콘크리트,1976-12-07
대전광역시 대덕구 비래동 555-5,69.64,벽돌구조,단독주택,(철근)콘크리트,1976-04-26
대전광역시 대덕구 비래동 555-6,129.2,철근콘크리트구조,제2종근린생활시설,(철근)콘크리트,2019-01-09
대전광역시 대덕구 비래동 555-8,98.0,경량철골구조,제2종근린생활시설,기타지붕,2017-04-20
대전광역시 대덕구 비래동 555-9,176.11,일반철골구조,제2종근린생활시설,기타지붕,1980-07-09
대전광역시 대덕구 비래동 556-1,781.8,철근콘크리트구조,공동주택,(철근)콘크리트,1997-03-11
대전광역시 대덕구 비래동 556-14,73.4,벽돌구조,단독주택,(철근)콘크리트,1983-05-12
대전광역시 대덕구 비래동 556-16,389.66,철근콘크리트구조,공동주택,(철근)콘크리트,1994-12-02
대전광역시 대덕구 비래동 556-2,113.76,벽돌구조,단독주택,(철근)콘크리트,1990-07-05
대전광역시 대덕구 비래동 556-20,402.26,철근콘크리트구조,공동주택,(철근)콘크리트,1994-08-17
대전광역시 대덕구 비래동 556-23,97.49,벽돌구조,단독주택,(철근)콘크리트,1989-07-15
대전광역시 대덕구 비래동 556-24,92.49,벽돌구조,단독주택,(철근)콘크리트,1991-05-13
대전광역시 대덕구 비래동 556-25,57.6,벽돌구조,단독주택,(철근)콘크리트,1995-11-03
대전광역시 대덕구 비래동 556-26,88.73,벽돌구조,단독주택,(철근)콘크리트,1989-05-02
대전광역시 대덕구 비래동 556-27,68.59,벽돌구조,단독주택,(철근)콘크리트,1984-09-05
대전광역시 대덕구 비래동 556-28,97.74,벽돌구조,단독주택,(철근)콘크리트,1989-09-20
대전광역시 대덕구 비래동 556-30,77.25,벽돌구조,단독주택,(철근)콘크리트,1984-06-19
대전광역시 대덕구 비래동 556-31,76.48,벽돌구조,단독주택,(철근)콘크리트,1984-06-07
대전광역시 대덕구 비래동 556-32,88.47,벽돌구조,단독주택,(철근)콘크리트,1989-12-19
대전광역시 대덕구 비래동 556-33,364.2,철근콘크리트구조,공동주택,(철근)콘크리트,2002-08-06
대전광역시 대덕구 비래동 556-34,360.98,철근콘크리트구조,공동주택,(철근)콘크리트,2002-08-06
대전광역시 대덕구 비래동 556-36,1056.6,철근콘크리트구조,공동주택,기타지붕,2016-03-25
대전광역시 대덕구 비래동 556-4,103.29,벽돌구조,단독주택,(철근)콘크리트,1992-08-28
대전광역시 대덕구 비래동 556-5,73.47,벽돌구조,단독주택,(철근)콘크리트,1985-12-12
대전광역시 대덕구 비래동 556-6,130.91,벽돌구조,노유자시설,(철근)콘크리트,1989-12-28
대전광역시 대덕구 비래동 556-7,397.98,일반철골구조,창고시설,기타지붕,2010-09-08
대전광역시 대덕구 비래동 557-1,377.72,일반철골구조,제2종근린생활시설,기타지붕,2024-02-29
대전광역시 대덕구 비래동 557-10,94.2,벽돌구조,단독주택,(철근)콘크리트,1984-06-16
대전광역시 대덕구 비래동 557-11,329.04,철근콘크리트구조,노유자시설,(철근)콘크리트,2009-11-05
대전광역시 대덕구 비래동 557-12,121.79,철근콘크리트구조,단독주택,(철근)콘크리트,2018-02-13
대전광역시 대덕구 비래동 557-13,98.2,경량철골구조,제2종근린생활시설,기타지붕,1998-06-01
대전광역시 대덕구 비래동 557-14,377.54,일반철골구조,위험물저장및처리시설,기타지붕,1995-11-22
대전광역시 대덕구 비래동 557-3,1699.8,일반철골구조,업무시설,(철근)콘크리트,1992-02-19
대전광역시 대덕구 비래동 557-6,1150.24,철근콘크리트구조,제2종근린생활시설,(철근)콘크리트,1992-11-27
대전광역시 대덕구 비래동 557-8,324.5,경량철골구조,창고시설,기타지붕,1999-11-23
대전광역시 대덕구 비래동 557-9,86.07,벽돌구조,단독주택,(철근)콘크리트,1989-07-25
대전광역시 대덕구 비래동 558-1,118.04,철근콘크리트구조,단독주택,(철근)콘크리트,2010-11-18
대전광역시 대덕구 비래동 558-10,438.0,벽돌구조,공동주택,(철근)콘크리트,1984-08-27
대전광역시 대덕구 비래동 558-11,438.0,벽돌구조,공동주택,(철근)콘크리트,1983-12-31
대전광역시 대덕구 비래동 558-13,83.94,벽돌구조,단독주택,(철근)콘크리트,1990-11-02
대전광역시 대덕구 비래동 558-17,111.54,철근콘크리트구조,단독주택,(철근)콘크리트,2011-12-16
대전광역시 대덕구 비래동 558-18,86.6,벽돌구조,단독주택,(철근)콘크리트,1988-09-30
대전광역시 대덕구 비래동 558-19,100.69,벽돌구조,단독주택,(철근)콘크리트,1980-06-26
대전광역시 대덕구 비래동 558-2,236.8,벽돌구조,공동주택,(철근)콘크리트,1990-08-20
대전광역시 대덕구 비래동 558-20,83.58,벽돌구조,단독주택,(철근)콘크리트,1980-07-08
대전광역시 대덕구 비래동 558-21,115.66,벽돌구조,단독주택,(철근)콘크리트,1991-03-05
대전광역시 대덕구 비래동 558-22,68.37,벽돌구조,단독주택,(철근)콘크리트,1984-12-03
대전광역시 대덕구 비래동 558-23,76.96,벽돌구조,단독주택,(철근)콘크리트,1978-11-01
대전광역시 대덕구 비래동 558-25,187.35,벽돌구조,단독주택,(철근)콘크리트,1989-09-11
대전광역시 대덕구 비래동 558-26,72.22,벽돌구조,단독주택,(철근)콘크리트,1984-12-08
대전광역시 대덕구 비래동 558-27,71.02,벽돌구조,단독주택,(철근)콘크리트,1984-12-03
대전광역시 대덕구 비래동 558-28,68.37,벽돌구조,단독주택,(철근)콘크리트,1984-12-03
대전광역시 대덕구 비래동 558-29,68.43,벽돌구조,단독주택,(철근)콘크리트,1984-11-23
대전광역시 대덕구 비래동 558-3,80.3,벽돌구조,단독주택,(철근)콘크리트,1990-06-13
대전광역시 대덕구 비래동 558-30,68.67,벽돌구조,단독주택,(철근)콘크리트,1984-11-23
대전광역시 대덕구 비래동 558-31,187.28,벽돌구조,공동주택,(철근)콘크리트,1990-09-08
대전광역시 대덕구 비래동 558-32,192.96,벽돌구조,공동주택,(철근)콘크리트,1990-09-08
대전광역시 대덕구 비래동 558-33,216.67,벽돌구조,단독주택,(철근)콘크리트,1982-10-19
대전광역시 대덕구 비래동 558-34,146.09,벽돌구조,단독주택,(철근)콘크리트,1986-07-04
대전광역시 대덕구 비래동 558-35,121.84,벽돌구조,단독주택,(철근)콘크리트,1982-12-24
대전광역시 대덕구 비래동 558-36,215.18,벽돌구조,공동주택,(철근)콘크리트,1990-09-08
대전광역시 대덕구 비래동 558-38,198.54,벽돌구조,공동주택,(철근)콘크리트,1990-09-08
대전광역시 대덕구 비래동 558-39,105.0,벽돌구조,단독주택,(철근)콘크리트,1990-06-15
대전광역시 대덕구 비래동 558-4,77.57,벽돌구조,단독주택,(철근)콘크리트,1984-11-28
대전광역시 대덕구 비래동 558-41,67.48,벽돌구조,단독주택,(철근)콘크리트,1982-07-13
대전광역시 대덕구 비래동 558-6,61.91,벽돌구조,단독주택,(철근)콘크리트,1984-07-13
대전광역시 대덕구 비래동 558-7,61.91,벽돌구조,단독주택,(철근)콘크리트,1984-07-13
대전광역시 대덕구 비래동 558-8,61.91,벽돌구조,단독주택,(철근)콘크리트,1984-07-13
대전광역시 대덕구 비래동 558-9,438.0,벽돌구조,공동주택,(철근)콘크리트,1983-12-31
대전광역시 대덕구 비래동 559-1,179.65,벽돌구조,단독주택,(철근)콘크리트,1980-12-29
대전광역시 대덕구 비래동 559-10,180.36,철근콘크리트구조,단독주택,(철근)콘크리트,2016-05-25
대전광역시 대덕구 비래동 559-11,69.36,벽돌구조,단독주택,(철근)콘크리트,1980-10-13
대전광역시 대덕구 비래동 559-12,87.88,벽돌구조,단독주택,(철근)콘크리트,1981-08-18
대전광역시 대덕구 비래동 559-13,92.07,벽돌구조,단독주택,(철근)콘크리트,1984-02-13
대전광역시 대덕구 비래동 559-14,93.1,벽돌구조,단독주택,기와,1980-02-27
대전광역시 대덕구 비래동 559-15,79.17,벽돌구조,단독주택,(철근)콘크리트,1989-09-23
대전광역시 대덕구 비래동 559-16,70.41,벽돌구조,단독주택,(철근)콘크리트,1989-09-19
대전광역시 대덕구 비래동 559-17,70.66,벽돌구조,단독주택,(철근)콘크리트,1989-09-19
대전광역시 대덕구 비래동 559-18,75.52,벽돌구조,단독주택,(철근)콘크리트,1989-09-01
대전광역시 대덕구 비래동 559-20,81.56,벽돌구조,단독주택,(철근)콘크리트,1989-07-03
대전광역시 대덕구 비래동 559-21,546.07,벽돌구조,단독주택,(철근)콘크리트,1980-07-25
대전광역시 대덕구 비래동 559-22,624.88,철근콘크리트구조,공동주택,(철근)콘크리트,1994-04-08
대전광역시 대덕구 비래동 559-24,151.54,벽돌구조,공동주택,(철근)콘크리트,1991-02-07
대전광역시 대덕구 비래동 559-25,157.32,벽돌구조,공동주택,(철근)콘크리트,1991-02-07
대전광역시 대덕구 비래동 559-26,173.7,벽돌구조,공동주택,(철근)콘크리트,1991-02-07
대전광역시 대덕구 비래동 559-28,173.7,벽돌구조,공동주택,(철근)콘크리트,1991-02-07
대전광역시 대덕구 비래동 559-29,211.26,벽돌구조,공동주택,(철근)콘크리트,1991-02-07
대전광역시 대덕구 비래동 559-3,83.59,벽돌구조,단독주택,(철근)콘크리트,1989-06-14
대전광역시 대덕구 비래동 559-30,140.58,철근콘크리트구조,단독주택,(철근)콘크리트,2018-03-08
대전광역시 대덕구 비래동 559-31,99.08,철근콘크리트구조,단독주택,(철근)콘크리트,2021-02-26
대전광역시 대덕구 비래동 559-4,91.38,벽돌구조,단독주택,(철근)콘크리트,1989-08-08
대전광역시 대덕구 비래동 559-40,73.22,벽돌구조,단독주택,(철근)콘크리트,1978-01-23
대전광역시 대덕구 비래동 559-41,66.89,벽돌구조,단독주택,(철근)콘크리트,1977-09-20
대전광역시 대덕구 비래동 559-42,46.94,블록구조,단독주택,기와,1970
대전광역시 대덕구 비래동 559-43,72.53,벽돌구조,단독주택,(철근)콘크리트,1977-09-20
대전광역시 대덕구 비래동 559-44,69.07,벽돌구조,단독주택,(철근)콘크리트,1984-08-02
대전광역시 대덕구 비래동 559-6,106.36,벽돌구조,단독주택,(철근)콘크리트,1990-10-27
대전광역시 대덕구 비래동 559-8,94.81,벽돌구조,단독주택,(철근)콘크리트,1979-12-31
대전광역시 대덕구 비래동 559-9,94.22,벽돌구조,단독주택,(철근)콘크리트,1984-02-13
대전광역시 대덕구 비래동 560-1,389.99,벽돌구조,단독주택,(철근)콘크리트,1983-02-12
대전광역시 대덕구 비래동 560-10,202.08,벽돌구조,공동주택,(철근)콘크리트,1989-10-16
대전광역시 대덕구 비래동 560-11,202.08,벽돌구조,공동주택,(철근)콘크리트,1989-10-16
대전광역시 대덕구 비래동 560-12,203.28,벽돌구조,공동주택,(철근)콘크리트,1989-10-21
대전광역시 대덕구 비래동 560-14,203.28,벽돌구조,공동주택,(철근)콘크리트,1989-10-16
대전광역시 대덕구 비래동 560-15,74.25,벽돌구조,단독주택,(철근)콘크리트,1980-10-23
대전광역시 대덕구 비래동 560-16,74.01,벽돌구조,단독주택,(철근)콘크리트,1980-10-23
대전광역시 대덕구 비래동 560-17,296.4,일반철골구조,제2종근린생활시설,기타지붕,1977-08-27
대전광역시 대덕구 비래동 560-18,71.9,벽돌구조,단독주택,(철근)콘크리트,1971-06-24
대전광역시 대덕구 비래동 560-19,157.2,벽돌구조,단독주택,(철근)콘크리트,1993-09-11
대전광역시 대덕구 비래동 560-2,445.92,철근콘크리트구조,공동주택,(철근)콘크리트,1998
대전광역시 대덕구 비래동 560-20,79.8,벽돌구조,단독주택,(철근)콘크리트,1979-07-06
대전광역시 대덕구 비래동 560-21,105.55,벽돌구조,단독주택,(철근)콘크리트,1979-05-30
대전광역시 대덕구 비래동 560-22,100.24,벽돌구조,단독주택,(철근)콘크리트,1981-12-05
대전광역시 대덕구 비래동 560-23,107.83,벽돌구조,단독주택,(철근)콘크리트,1984-06-25
대전광역시 대덕구 비래동 560-24,131.43,벽돌구조,제2종근린생활시설,(철근)콘크리트,1979-05-30
대전광역시 대덕구 비래동 560-26,79.14,벽돌구조,단독주택,(철근)콘크리트,1980-10-23
대전광역시 대덕구 비래동 560-27,74.25,벽돌구조,단독주택,(철근)콘크리트,1980-10-23
대전광역시 대덕구 비래동 560-29,74.25,벽돌구조,단독주택,(철근)콘크리트,1980-10-23
대전광역시 대덕구 비래동 560-3,173.35,철근콘크리트구조,단독주택,(철근)콘크리트,2003-07-08
대전광역시 대덕구 비래동 560-30,74.25,벽돌구조,단독주택,(철근)콘크리트,1980-10-23
대전광역시 대덕구 비래동 560-4,171.84,철근콘크리트구조,단독주택,(철근)콘크리트,2003-08-12
대전광역시 대덕구 비래동 560-5,410.4,철근콘크리트구조,공동주택,(철근)콘크리트,1991-06-05
대전광역시 대덕구 비래동 560-6,410.4,철근콘크리트구조,공동주택,(철근)콘크리트,1991-06-14
대전광역시 대덕구 비래동 560-7,410.4,철근콘크리트구조,공동주택,(철근)콘크리트,1991-06-14
대전광역시 대덕구 비래동 560-8,410.4,철근콘크리트구조,공동주택,(철근)콘크리트,1991-06-05
대전광역시 대덕구 비래동 560-9,3388.58,철근콘크리트구조,공동주택,(철근)콘크리트,1992-01-16
대전광역시 대덕구 비래동 561-1,586.9,철근콘크리트구조,제2종근린생활시설,(철근)콘크리트,1992-09-02
대전광역시 대덕구 비래동 561-13,143.13,철근콘크리트구조,단독주택,(철근)콘크리트,2017-04-11
대전광역시 대덕구 비래동 561-3,1056.16,철근콘크리트구조,공동주택,(철근)콘크리트,2017-02-17
대전광역시 대덕구 비래동 561-4,213.78,벽돌구조,숙박시설,(철근)콘크리트,1975-10-01
대전광역시 대덕구 비래동 561-5,341.42,경량철골구조,위험물저장및처리시설,기타지붕,2021-06-14
대전광역시 대덕구 비래동 57,185.13,블록구조,단독주택,슬레이트,1968
대전광역시 대덕구 비래동 61,57.82,일반목구조,단독주택,슬레이트,1950
대전광역시 대덕구 비래동 62,60.69,벽돌구조,단독주택,기와,1964
대전광역시 대덕구 비래동 9-2,84.53,벽돌구조,단독주택,(철근)콘크리트,1979-01-12
대전광역시 대덕구 삼정동 20,118.7,일반목구조,단독주택,기와,1948
대전광역시 대덕구 삼정동 20-1,101.88,일반철골구조,제2종근린생활시설,(철근)콘크리트,2018-12-10
대전광역시 대덕구 삼정동 23-1,87.25,경량철골구조,단독주택,기타지붕,2004-12-24
대전광역시 대덕구 삼정동 23-4,187.64,철근콘크리트구조,단독주택,기타지붕,2019-07-25
대전광역시 대덕구 삼정동 234-12,87.96,벽돌구조,단독주택,(철근)콘크리트,1980
대전광역시 대덕구 삼정동 234-13,89.96,벽돌구조,단독주택,(철근)콘크리트,1982-06-30
대전광역시 대덕구 삼정동 240-1,88.67,벽돌구조,단독주택,(철근)콘크리트,1982-10-11
대전광역시 대덕구 삼정동 240-10,88.75,벽돌구조,단독주택,(철근)콘크리트,1982-07-03
대전광역시 대덕구 삼정동 240-11,98.19,벽돌구조,단독주택,(철근)콘크리트,1983-06-24
대전광역시 대덕구 삼정동 240-12,84.64,벽돌구조,단독주택,(철근)콘크리트,1982-11-09
대전광역시 대덕구 삼정동 240-13,66.9,벽돌구조,단독주택,(철근)콘크리트,1982
대전광역시 대덕구 삼정동 240-14,184.775,철근콘크리트구조,제2종근린생활시설,(철근)콘크리트,1997-11-20
대전광역시 대덕구 삼정동 240-15,80.22,벽돌구조,단독주택,(철근)콘크리트,1982-09-09
대전광역시 대덕구 삼정동 240-16,87.92,벽돌구조,제2종근린생활시설,(철근)콘크리트,1982-07-06
대전광역시 대덕구 삼정동 240-2,106.2,벽돌구조,단독주택,(철근)콘크리트,1982-11-09
대전광역시 대덕구 삼정동 240-22,99.6,벽돌구조,단독주택,기타지붕,2003-12-24
대전광역시 대덕구 삼정동 240-3,120.95,철근콘크리트구조,단독주택,(철근)콘크리트,2020-11-04
대전광역시 대덕구 삼정동 240-5,82.04,벽돌구조,단독주택,(철근)콘크리트,1982-07-06
대전광역시 대덕구 삼정동 240-6,82.04,벽돌구조,단독주택,(철근)콘크리트,1982-10-11
대전광역시 대덕구 삼정동 240-8,58.69,철근콘크리트구조,단독주택,(철근)콘크리트,2006-02-24
대전광역시 대덕구 삼정동 240-9,141.94,철근콘크리트구조,단독주택,(철근)콘크리트,2002-12-21
대전광역시 대덕구 삼정동 241-1,182.5,일반목구조,단독주택,기와,1938
대전광역시 대덕구 삼정동 241-8,135.72,벽돌구조,단독주택,(철근)콘크리트,1997-03-06
대전광역시 대덕구 삼정동 258,83.4,일반목구조,단독주택,슬레이트,1935
대전광역시 대덕구 삼정동 258-4,163.5,일반목구조,단독주택,기와,1981-05-04
대전광역시 대덕구 삼정동 263,85.09,철근콘크리트구조,단독주택,(철근)콘크리트,2017-06-15
대전광역시 대덕구 삼정동 268-1,169.32,벽돌구조,단독주택,기타지붕,
대전광역시 대덕구 삼정동 28-1,88.25,블록구조,제2종근린생활시설,슬레이트,1983-09-02
대전광역시 대덕구 삼정동 300,133.92,철근콘크리트구조,단독주택,(철근)콘크리트,2014-12-24
대전광역시 대덕구 삼정동 303-1,95.34,블록구조,단독주택,슬레이트,1998-12-15
대전광역시 대덕구 삼정동 305,69.26,일반목구조,단독주택,기타지붕,2005-12-30
대전광역시 대덕구 삼정동 306,113.46,일반목구조,단독주택,기와,1935
대전광역시 대덕구 삼정동 307,79.8,일반목구조,단독주택,기타지붕,1947
대전광역시 대덕구 삼정동 307-1,0.0,일반목구조,단독주택,슬레이트,1927
대전광역시 대덕구 삼정동 308-1,174.82,일반목구조,단독주택,기와,1930
대전광역시 대덕구 삼정동 308-11,227.73,일반철골구조,단독주택,기타지붕,2018-12-28
대전광역시 대덕구 삼정동 308-14,95.46,철근콘크리트구조,단독주택,(철근)콘크리트,2020-03-27
대전광역시 대덕구 삼정동 308-2,88.93,벽돌구조,단독주택,(철근)콘크리트,1994-08-31
대전광역시 대덕구 삼정동 308-3,84.6,일반목구조,단독주택,기와,1970
대전광역시 대덕구 삼정동 309-1,69.12,경량철골구조,창고시설,기타지붕,2002-06-25
대전광역시 대덕구 삼정동 31-2,41.72,일반목구조,단독주택,기타지붕,1940
대전광역시 대덕구 삼정동 312,191.85,철근콘크리트구조,단독주택,기타지붕,2007-10-23
대전광역시 대덕구 삼정동 313,166.35,철근콘크리트구조,단독주택,(철근)콘크리트,2010-10-14
대전광역시 대덕구 삼정동 314,115.26,철근콘크리트구조,단독주택,(철근)콘크리트,2001-06-28
대전광역시 대덕구 삼정동 315-1,229.13,철근콘크리트구조,단독주택,기와,2007-08-02
대전광역시 대덕구 삼정동 317-1,135.95,경량철골구조,단독주택,기타지붕,1996-09-21
대전광역시 대덕구 삼정동 317-5,129.36,벽돌구조,단독주택,(철근)콘크리트,1994-09-01
대전광역시 대덕구 삼정동 32,167.7,일반목구조,단독주택,기타지붕,1940
대전광역시 대덕구 삼정동 320-2,115.9,벽돌구조,단독주택,(철근)콘크리트,1982-03-03
대전광역시 대덕구 삼정동 333-1,152.08,철근콘크리트구조,단독주택,(철근)콘크리트,2010-06-29
대전광역시 대덕구 삼정동 334,69.3,일반목구조,단독주택,슬레이트,1950
대전광역시 대덕구 삼정동 334-2,115.96,벽돌구조,단독주택,(철근)콘크리트,1982-03-02
대전광역시 대덕구 삼정동 334-3,127.71,철근콘크리트구조,단독주택,(철근)콘크리트,2019-12-26
대전광역시 대덕구 삼정동 334-4,99.95,일반목구조,단독주택,기와,1982-02-21
대전광역시 대덕구 삼정동 334-5,116.3,벽돌구조,단독주택,(철근)콘크리트,1982-02-02
대전광역시 대덕구 삼정동 334-6,66.08,일반목구조,단독주택,기타지붕,1987-06-08
대전광역시 대덕구 삼정동 340,69.14,블록구조,제2종근린생활시설,슬레이트,1981-06-11
대전광역시 대덕구 삼정동 341,184.48,경량철골구조,제2종근린생활시설,기타지붕,1996-09-25
대전광역시 대덕구 삼정동 341-1,138.5,벽돌구조,단독주택,(철근)콘크리트,1999-12-31
대전광역시 대덕구 삼정동 396,0.0,경량철골구조,동.식물관련시설,기타지붕,
대전광역시 대덕구 삼정동 398,66.0,철근콘크리트구조,창고시설,(철근)콘크리트,2004-12-31
대전광역시 대덕구 삼정동 445,66.0,벽돌구조,동.식물관련시설,(철근)콘크리트,1998-11-20
대전광역시 대덕구 삼정동 476-1,142.4,경량철골구조,창고시설,기타지붕,1998-10-20
대전광역시 대덕구 상서동 133-1,324.72,철근콘크리트구조,노유자시설,(철근)콘크리트,2013-10-31
대전광역시 대덕구 상서동 144-1,347.45,일반철골구조,공장,기타지붕,2000-03-30
대전광역시 대덕구 상서동 144-10,230.4,경량철골구조,공장,기타지붕,1999-06-11
대전광역시 대덕구 상서동 144-2,1233.3899999999999,일반철골구조,공장,기타지붕,2015-12-28
대전광역시 대덕구 상서동 144-3,197.52,경량철골구조,공장,기타지붕,1997-11-04
대전광역시 대덕구 상서동 144-8,72.73,일반목구조,단독주택,기와,1965
대전광역시 대덕구 상서동 144-9,535.2,일반철골구조,공장,기타지붕,1997-11-24
대전광역시 대덕구 상서동 145-1,322.87,일반철골구조,공장,기타지붕,2015-12-28
대전광역시 대덕구 상서동 148,317.685,철근콘크리트구조,종교시설,기타지붕,1991-08-26
대전광역시 대덕구 상서동 148-2,1079.35,경량철골구조,공장,기타지붕,1993-10-13
대전광역시 대덕구 상서동 149,353.68,철근콘크리트구조,노유자시설,(철근)콘크리트,2007-02-28
대전광역시 대덕구 상서동 152-1,0.0,일반목구조,단독주택,기타지붕,1917
대전광역시 대덕구 상서동 153,181.02,블록구조,단독주택,슬레이트,1970
대전광역시 대덕구 상서동 154,320.57,일반철골구조,제2종근린생활시설,기타지붕,2013-05-01
대전광역시 대덕구 상서동 156,0.0,일반목구조,단독주택,슬레이트,1915
대전광역시 대덕구 상서동 157,465.69000000000005,일반철골구조,자동차관련시설,기타지붕,2023-03-14
대전광역시 대덕구 상서동 159,535.76,일반철골구조,공장,기타지붕,2012-04-05
대전광역시 대덕구 상서동 161,1008.9000000000001,일반철골구조,공장,기타지붕,2015-03-20
대전광역시 대덕구 상서동 164,573.52,일반철골구조,공장,기타지붕,2004-06-18
대전광역시 대덕구 상서동 165-2,1079.0,일반철골구조,공장,기타지붕,2004-01-14
대전광역시 대덕구 상서동 165-25,1077.26,일반철골구조,공장,기타지붕,2022-01-11
대전광역시 대덕구 상서동 165-7,762.12,일반철골구조,공장,기타지붕,2022-03-21
대전광역시 대덕구 상서동 165-8,3935.42,일반철골구조,공장,기타지붕,2005-12-23
대전광역시 대덕구 상서동 166-1,466.11,일반철골구조,공장,기타지붕,2003-07-07
대전광역시 대덕구 상서동 167,1958.8000000000002,일반철골구조,공장,기타지붕,2010-04-29
대전광역시 대덕구 상서동 169,652.0,일반철골구조,창고시설,기타지붕,2010-10-05
대전광역시 대덕구 상서동 169-10,987.25,일반철골구조,공장,기타지붕,2010-09-06
대전광역시 대덕구 상서동 169-2,1177.7,경량철골구조,공장,기타지붕,2011-07-18
대전광역시 대덕구 상서동 169-8,990.59,일반철골구조,공장,기타지붕,2010-04-27
대전광역시 대덕구 상서동 171-1,4241.8099999999995,일반철골구조,창고시설,기타지붕,2005-10-28
대전광역시 대덕구 상서동 173-1,30.72,경량철골구조,창고시설,(철근)콘크리트,220006
대전광역시 대덕구 상서동 173-4,1627.1,일반철골구조,창고시설,기타지붕,2013-12-30
대전광역시 대덕구 상서동 175-1,132.75,철근콘크리트구조,공장,(철근)콘크리트,1992-01-10
대전광역시 대덕구 상서동 175-10,519.3,철근콘크리트구조,공장,(철근)콘크리트,1993-03-08
대전광역시 대덕구 상서동 181-10,301.83,철근콘크리트구조,위험물저장및처리시설,(철근)콘크리트,1994-10-19
대전광역시 대덕구 상서동 181-12,191.81,철근콘크리트구조,제2종근린생활시설,(철근)콘크리트,1989-07-14
대전광역시 대덕구 상서동 181-17,163.8,일반철골구조,제2종근린생활시설,기타지붕,1999-09-22
대전광역시 대덕구 상서동 181-8,50.85,일반철골구조,제2종근린생활시설,(철근)콘크리트,2000-06-02
대전광역시 대덕구 상서동 183-3,937.1,일반철골구조,자동차관련시설,기타지붕,1995-01-20
대전광역시 대덕구 상서동 186,1329.8400000000001,벽돌구조,단독주택,기타지붕,2000-02-01
대전광역시 대덕구 상서동 189,150.05,일반철골구조,자동차관련시설,(철근)콘크리트,2003-10-22
대전광역시 대덕구 상서동 189-1,78.0,일반철골구조,제2종근린생활시설,기타지붕,2004-09-09
대전광역시 대덕구 상서동 189-14,308.49,일반철골구조,위험물저장및처리시설,기타지붕,2022-12-22
대전광역시 대덕구 상서동 189-23,417.76,일반철골구조,제2종근린생활시설,기타지붕,2015-06-30
대전광역시 대덕구 상서동 189-25,455.6,일반철골구조,제2종근린생활시설,기타지붕,2015-06-01
대전광역시 대덕구 상서동 189-28,99.2,경량철골구조,위험물저장및처리시설,기타지붕,2015-09-22
대전광역시 대덕구 상서동 189-29,182.07,일반철골구조,제2종근린생활시설,기타지붕,2014-08-26
대전광역시 대덕구 상서동 189-3,174.33,일반철골구조,자동차관련시설,(철근)콘크리트,2007-10-12
대전광역시 대덕구 상서동 189-30,173.84,일반철골구조,제2종근린생활시설,기타지붕,2014-08-26
대전광역시 대덕구 상서동 189-32,341.36,일반철골구조,제2종근린생활시설,기타지붕,2015-07-03
대전광역시 대덕구 상서동 189-6,1166.0,일반철골구조,자동차관련시설,기타지붕,2014-03-28
대전광역시 대덕구 상서동 189-8,275.65999999999997,일반철골구조,자동차관련시설,기타지붕,2014-08-01
대전광역시 대덕구 상서동 190-2,60.0,경량철골구조,제2종근린생활시설,기타지붕,2024-01-16
대전광역시 대덕구 상서동 191,27.0,경량철골구조,제2종근린생활시설,기타지붕,2012-03-07
대전광역시 대덕구 상서동 193-3,137.8,일반철골구조,제2종근린생활시설,기타지붕,2007-06-08
대전광역시 대덕구 상서동 193-8,129.6,경량철골구조,자동차관련시설,기타지붕,1995-11-13
대전광역시 대덕구 상서동 194-4,98.4,일반철골구조,제2종근린생활시설,기타지붕,2009-03-17
대전광역시 대덕구 상서동 195-2,49.32,벽돌구조,제2종근린생활시설,기타지붕,1993-12-29
대전광역시 대덕구 상서동 195-6,66.25,일반철골구조,제2종근린생활시설,기타지붕,2010-11-04
대전광역시 대덕구 상서동 200-2,108.91,철근콘크리트구조,제2종근린생활시설,(철근)콘크리트,1992-12-24
대전광역시 대덕구 상서동 200-6,195.29,일반철골구조,제2종근린생활시설,기타지붕,2016-05-09
대전광역시 대덕구 상서동 201-6,244.0,경량철골구조,창고시설,기타지붕,2016-10-18
대전광역시 대덕구 상서동 202-10,272.38,일반철골구조,제2종근린생활시설,기타지붕,2016-06-14
대전광역시 대덕구 상서동 204-1,250.9,일반철골구조,위험물저장및처리시설,기타지붕,2013-09-27
대전광역시 대덕구 상서동 204-2,285.6,일반철골구조,제2종근린생활시설,기타지붕,2014-11-12
대전광역시 대덕구 상서동 204-9,251.85,일반철골구조,제2종근린생활시설,기타지붕,2014-09-23
대전광역시 대덕구 상서동 205,144.23,철근콘크리트구조,자동차관련시설,(철근)콘크리트,1993-05-18
대전광역시 대덕구 상서동 206-1,84.66,벽돌구조,단독주택,(철근)콘크리트,1980-07-23
대전광역시 대덕구 상서동 206-14,169.15,일반철골구조,제2종근린생활시설,(철근)콘크리트,2014-12-09
대전광역시 대덕구 상서동 206-28,211.82,일반철골구조,제2종근린생활시설,기타지붕,2014-09-01
대전광역시 대덕구 상서동 206-34,356.11,일반철골구조,제2종근린생활시설,기타지붕,2014-11-28
대전광역시 대덕구 상서동 206-35,321.3,일반철골구조,제2종근린생활시설,기타지붕,2014-11-05
대전광역시 대덕구 상서동 206-36,314.15,일반철골구조,제2종근린생활시설,기타지붕,2014-09-30
대전광역시 대덕구 상서동 206-4,16.53,기타조적구조,단독주택,기와,1953
대전광역시 대덕구 상서동 206-5,90.0,경량철골구조,제2종근린생활시설,기타지붕,2009-10-13
대전광역시 대덕구 상서동 224,221.66,일반철골구조,자동차관련시설,기타지붕,2022-11-08
대전광역시 대덕구 상서동 236-1,3565.67,일반철골구조,위험물저장및처리시설,기타지붕,2002-07-10
대전광역시 대덕구 상서동 236-10,130.28,벽돌구조,단독주택,슬레이트,1969
대전광역시 대덕구 상서동 236-11,166.95,일반철골구조,제2종근린생활시설,기타지붕,2019-09-30
대전광역시 대덕구 상서동 236-12,192.77,일반철골구조,창고시설,기타지붕,2007-10-19
대전광역시 대덕구 상서동 236-14,286.2,일반철골구조,창고시설,기타지붕,2016-09-26
대전광역시 대덕구 상서동 236-17,102.19,철근콘크리트구조,단독주택,(철근)콘크리트,2004-07-01
대전광역시 대덕구 상서동 236-19,159.48,일반철골구조,제2종근린생활시설,기타지붕,2019-10-21
대전광역시 대덕구 상서동 247-1,99.16,일반목구조,단독주택,기와,1944
대전광역시 대덕구 상서동 248-2,59.5,벽돌구조,단독주택,기와,1978
대전광역시 대덕구 상서동 253-1,524.61,일반철골구조,제2종근린생활시설,기타지붕,2013-09-13
대전광역시 대덕구 상서동 255-24,36.36,일반목구조,단독주택,슬레이트,1953
대전광역시 대덕구 상서동 255-3,0.0,일반목구조,단독주택,기와,1951
대전광역시 대덕구 상서동 255-5,130.96,철근콘크리트구조,단독주택,(철근)콘크리트,2009-07-31
대전광역시 대덕구 상서동 255-6,174.0,경량철골구조,제2종근린생활시설,기타지붕,2009-06-09
대전광역시 대덕구 상서동 255-7,176.91,철근콘크리트구조,제2종근린생활시설,기와,1968
대전광역시 대덕구 상서동 256,0.0,일반목구조,단독주택,슬레이트,1950
대전광역시 대덕구 상서동 256-1,168.85,경량철골구조,제2종근린생활시설,기타지붕,2016-04-19
대전광역시 대덕구 상서동 256-2,89.73,철근콘크리트구조,단독주택,(철근)콘크리트,2012-06-21
대전광역시 대덕구 상서동 256-5,331.24,일반철골구조,창고시설,슬레이트,1975-04-24
대전광역시 대덕구 상서동 257-2,155.7,경량철골구조,제2종근린생활시설,(철근)콘크리트,2000-06-14
대전광역시 대덕구 상서동 257-4,89.54,벽돌구조,단독주택,(철근)콘크리트,1989-08-29
대전광역시 대덕구 상서동 258-1,180.65,경량철골구조,제2종근린생활시설,기타지붕,2008-07-31
대전광역시 대덕구 상서동 258-6,238.94,철근콘크리트구조,문화및집회시설,기와,1999-08-18
대전광역시 대덕구 상서동 262-1,44.8,벽돌구조,제2종근린생활시설,기타지붕,2005-08-22
대전광역시 대덕구 상서동 262-8,567.55,일반철골구조,자동차관련시설,(철근)콘크리트,2022-08-31
대전광역시 대덕구 상서동 264,131.2,일반철골구조,제2종근린생활시설,기타지붕,2005-05-04
대전광역시 대덕구 상서동 265,129.0,일반철골구조,제2종근린생활시설,기타지붕,2022-01-04
대전광역시 대덕구 상서동 265-3,312.0,일반철골구조,자동차관련시설,(철근)콘크리트,
대전광역시 대덕구 상서동 267-13,91.42,철근콘크리트구조,단독주택,(철근)콘크리트,2003-08-27
대전광역시 대덕구 상서동 267-2,143.81,일반목구조,단독주택,기와,1954
대전광역시 대덕구 상서동 267-21,139.75,철근콘크리트구조,단독주택,(철근)콘크리트,2012-07-06
대전광역시 대덕구 상서동 267-3,29.92,블록구조,단독주택,(철근)콘크리트,1982-08-28
대전광역시 대덕구 상서동 267-5,69.78,블록구조,단독주택,슬레이트,1982-12-20
대전광역시 대덕구 상서동 267-6,744.35,일반철골구조,제2종근린생활시설,기타지붕,2015-12-28
대전광역시 대덕구 상서동 267-7,512.4,일반철골구조,제2종근린생활시설,(철근)콘크리트,2006-11-17
대전광역시 대덕구 상서동 268,122.32,벽돌구조,단독주택,(철근)콘크리트,1992-06-11
대전광역시 대덕구 상서동 269,165.94,철근콘크리트구조,위험물저장및처리시설,(철근)콘크리트,2010-08-30
대전광역시 대덕구 상서동 270-10,0.0,블록구조,단독주택,기와,1980-12-19
대전광역시 대덕구 상서동 270-11,111.97,벽돌구조,단독주택,(철근)콘크리트,1980-12-19
대전광역시 대덕구 상서동 270-12,85.77,벽돌구조,단독주택,기와,1980-12-19
대전광역시 대덕구 상서동 270-13,105.32,벽돌구조,단독주택,(철근)콘크리트,1980-12-19
대전광역시 대덕구 상서동 270-14,82.68,벽돌구조,단독주택,(철근)콘크리트,1991-09-03
대전광역시 대덕구 상서동 270-3,65.07,블록구조,단독주택,기와,1980-12-19
대전광역시 대덕구 상서동 270-5,103.38,벽돌구조,단독주택,(철근)콘크리트,1980-12-19
대전광역시 대덕구 상서동 270-7,76.05,벽돌구조,단독주택,기와,1980-12-19
대전광역시 대덕구 상서동 270-8,117.64,블록구조,단독주택,기와,1980-12-19
대전광역시 대덕구 상서동 270-9,158.85,벽돌구조,단독주택,(철근)콘크리트,1980-12-19
대전광역시 대덕구 상서동 271,69.43,기타조적구조,단독주택,기와,1955
대전광역시 대덕구 상서동 271-1,111.06,벽돌구조,단독주택,(철근)콘크리트,1980-12-19
대전광역시 대덕구 상서동 271-16,111.72,벽돌구조,단독주택,(철근)콘크리트,1981-02-16
대전광역시 대덕구 상서동 271-2,139.03,블록구조,단독주택,슬레이트,1961
대전광역시 대덕구 상서동 271-3,258.35,벽돌구조,단독주택,(철근)콘크리트,1981-03-12
대전광역시 대덕구 상서동 272,180.72,일반철골구조,제2종근린생활시설,기타지붕,2016-05-25
대전광역시 대덕구 상서동 272-1,335.25,철근콘크리트구조,제2종근린생활시설,(철근)콘크리트,2015-03-20
대전광역시 대덕구 상서동 272-12,263.84000000000003,벽돌구조,제2종근린생활시설,(철근)콘크리트,1999-01-30
대전광역시 대덕구 상서동 272-13,99.03,벽돌구조,단독주택,(철근)콘크리트,1981-03-12
대전광역시 대덕구 상서동 272-14,116.66,벽돌구조,단독주택,(철근)콘크리트,1978
대전광역시 대덕구 상서동 272-15,161.05,벽돌구조,단독주택,(철근)콘크리트,1981-02-16
대전광역시 대덕구 상서동 272-16,75.49,벽돌구조,단독주택,(철근)콘크리트,1981-02-16
대전광역시 대덕구 상서동 272-18,98.8,경량철골구조,제2종근린생활시설,기타지붕,2006-09-27
대전광역시 대덕구 상서동 272-2,206.91,일반목구조,단독주택,기타지붕,2008-11-17
대전광역시 대덕구 상서동 272-21,58.25,벽돌구조,단독주택,기와,1981-02-16
대전광역시 대덕구 상서동 272-22,82.7,벽돌구조,단독주택,(철근)콘크리트,1981-02-16
대전광역시 대덕구 상서동 272-23,122.9,철근콘크리트구조,단독주택,기타지붕,2008-12-05
대전광역시 대덕구 상서동 272-24,65.86,벽돌구조,단독주택,(철근)콘크리트,1981-02-16
대전광역시 대덕구 상서동 272-25,102.94,벽돌구조,단독주택,(철근)콘크리트,1982-06-04
대전광역시 대덕구 상서동 272-3,62.8,기타조적구조,단독주택,슬레이트,1966
대전광역시 대덕구 상서동 272-6,82.8,벽돌구조,단독주택,(철근)콘크리트,1981-02-16
대전광역시 대덕구 상서동 272-8,114.03,벽돌구조,단독주택,(철근)콘크리트,1981-02-16
대전광역시 대덕구 상서동 273,336.7,일반철골구조,제2종근린생활시설,기타지붕,2014-08-26
대전광역시 대덕구 상서동 274-1,0.0,일반목구조,단독주택,기와,1926
대전광역시 대덕구 상서동 275-1,472.66,일반철골구조,제2종근린생활시설,기타지붕,2013-11-01
대전광역시 대덕구 상서동 277-2,108.57,벽돌구조,단독주택,(철근)콘크리트,1980-12-19
대전광역시 대덕구 상서동 277-4,122.18,벽돌구조,단독주택,(철근)콘크리트,1980-12-19
대전광역시 대덕구 상서동 277-5,26.04,경량철골구조,제2종근린생활시설,기타지붕,2023-03-30
대전광역시 대덕구 상서동 277-6,93.08,벽돌구조,단독주택,기와,1980-12-19
대전광역시 대덕구 상서동 278,333.15999999999997,경량철골구조,제2종근린생활시설,기타지붕,2020-06-02
대전광역시 대덕구 상서동 279,233.14,일반철골구조,제2종근린생활시설,기타지붕,2003-02-14
대전광역시 대덕구 상서동 280,99.0,경량철골구조,제2종근린생활시설,기타지붕,2005-01-19
대전광역시 대덕구 상서동 282,181.8,일반철골구조,제2종근린생활시설,기타지붕,2002-08-12
대전광역시 대덕구 상서동 283,153.18,경량철골구조,제2종근린생활시설,기타지붕,2015-07-22
대전광역시 대덕구 상서동 285,259.55,철근콘크리트구조,위험물저장및처리시설,(철근)콘크리트,1997-03-28
대전광역시 대덕구 상서동 290,360.72,경량철골구조,자동차관련시설,기타지붕,1992-03-06
대전광역시 대덕구 상서동 290-4,214.32,일반철골구조,자동차관련시설,슬레이트,1992-03-06
대전광역시 대덕구 상서동 290-6,420.32000000000005,일반목구조,단독주택,기와,1943
대전광역시 대덕구 상서동 291-1,462.51,경량철골구조,위험물저장및처리시설,슬레이트,1991-06-05
대전광역시 대덕구 상서동 291-2,414.32,경량철골구조,제2종근린생활시설,기타지붕,1991-06-22
대전광역시 대덕구 상서동 291-6,241.3,경량철골구조,제2종근린생활시설,기타지붕,1991-01-23
대전광역시 대덕구 상서동 292,1181.65,경량철골구조,자동차관련시설,기타지붕,2012-02-06
대전광역시 대덕구 상서동 293,734.9000000000001,경량철골구조,자동차관련시설,기타지붕,2004-02-25
대전광역시 대덕구 상서동 295,588.35,일반철골구조,공장,기타지붕,2017-11-10
대전광역시 대덕구 상서동 295-12,69.9,일반철골구조,위험물저장및처리시설,슬레이트,2009-07-22
대전광역시 대덕구 상서동 295-5,326.4,철근콘크리트구조,제2종근린생활시설,(철근)콘크리트,1991-03-27
대전광역시 대덕구 상서동 295-8,1127.22,경량철골구조,공장,기타지붕,2005-08-19
대전광역시 대덕구 상서동 297-1,343.0,경량철골구조,공장,(철근)콘크리트,1988-12-29
대전광역시 대덕구 상서동 297-2,1230.2,일반철골구조,공장,기타지붕,1992-08-29
대전광역시 대덕구 상서동 298-1,44.879999999999995,철근콘크리트구조,위험물저장및처리시설,슬레이트,1998-11-13
대전광역시 대덕구 상서동 300-14,916.87,일반철골구조,공장,기타지붕,2006-04-06
대전광역시 대덕구 상서동 300-19,1062.42,일반철골구조,공장,기타지붕,1989-12-01
대전광역시 대덕구 상서동 300-4,912.8,일반철골구조,공장,기타지붕,2004-07-20
대전광역시 대덕구 상서동 300-5,776.1899999999999,일반철골구조,공장,기타지붕,2006-11-29
대전광역시 대덕구 상서동 303,899.5899999999999,일반철골구조,공장,기타지붕,1990-11-13
대전광역시 대덕구 상서동 307,732.9,철근콘크리트구조,공장,(철근)콘크리트,1990-07-27
대전광역시 대덕구 상서동 308-1,159.28,경량철골구조,공장,기타지붕,1995-11-30
대전광역시 대덕구 상서동 309,49.59,일반목구조,단독주택,기와,1952
대전광역시 대덕구 상서동 309-2,94.44,블록구조,단독주택,슬레이트,1910
대전광역시 대덕구 상서동 310-1,521.3,경량철골구조,공장,기타지붕,1995-04-24
대전광역시 대덕구 상서동 310-3,322.01,일반철골구조,공장,기타지붕,2004-05-12
대전광역시 대덕구 상서동 311-11,1678.5100000000002,일반철골구조,공장,기타지붕,2010-03-31
대전광역시 대덕구 상서동 311-3,1969.765,일반철골구조,공장,기타지붕,2017-01-12
대전광역시 대덕구 상서동 314-1,86.4,경량철골구조,공장,기타지붕,1994-03-14
대전광역시 대덕구 상서동 315,6988.85,철근콘크리트구조,교육연구시설,(철근)콘크리트,2008-07-08
대전광역시 대덕구 상서동 319,968.53,일반철골구조,공장,기타지붕,2019-10-31
대전광역시 대덕구 상서동 32-9,4606.74,철근콘크리트구조,공동주택,(철근)콘크리트,
대전광역시 대덕구 상서동 321,481.75,일반철골구조,공장,기타지붕,2000-10-05
대전광역시 대덕구 상서동 321-10,81.69,벽돌구조,단독주택,(철근)콘크리트,1979-07-21
대전광역시 대덕구 상서동 321-11,168.0,경량철골구조,공장,기타지붕,2014-06-27
대전광역시 대덕구 상서동 321-12,103.98,벽돌구조,단독주택,(철근)콘크리트,1979-07-21
대전광역시 대덕구 상서동 321-13,312.79,일반철골구조,제2종근린생활시설,기타지붕,2010-07-20
대전광역시 대덕구 상서동 321-14,231.42,일반철골구조,공장,기타지붕,2020-06-01
대전광역시 대덕구 상서동 321-15,125.96,벽돌구조,단독주택,(철근)콘크리트,1979-09-06
대전광역시 대덕구 상서동 321-16,141.55,벽돌구조,단독주택,(철근)콘크리트,1979-09-18
대전광역시 대덕구 상서동 321-17,231.84,일반철골구조,제2종근린생활시설,기타지붕,2014-04-01
대전광역시 대덕구 상서동 321-18,247.21,일반철골구조,제2종근린생활시설,기타지붕,2012-09-21
대전광역시 대덕구 상서동 321-25,240.3,일반철골구조,제2종근린생활시설,기타지붕,2011-05-30
대전광역시 대덕구 상서동 321-26,84.6,벽돌구조,단독주택,기와,1979-08-23
대전광역시 대덕구 상서동 321-32,134.5,벽돌구조,단독주택,기와,1979-07-21
대전광역시 대덕구 상서동 321-6,135.47,철근콘크리트구조,단독주택,(철근)콘크리트,1994-10-13
대전광역시 대덕구 상서동 321-7,362.5,일반철골구조,공장,기타지붕,2024-02-23
대전광역시 대덕구 상서동 321-8,99.22,경량철골구조,제2종근린생활시설,기타지붕,2018-02-22
대전광역시 대덕구 상서동 321-9,84.6,벽돌구조,단독주택,(철근)콘크리트,1979-07-23
대전광역시 대덕구 상서동 322,407.1,경량철골구조,자동차관련시설,기타지붕,1993-01-26
대전광역시 대덕구 상서동 322-1,199.0,철근콘크리트구조,공장,(철근)콘크리트,1992-01-03
대전광역시 대덕구 상서동 322-11,162.0,일반철골구조,제2종근린생활시설,(철근)콘크리트,2013-08-12
대전광역시 대덕구 상서동 322-19,183.2,경량철골구조,공장,기타지붕,1991-09-16
대전광역시 대덕구 상서동 322-2,129.81,벽돌구조,단독주택,(철근)콘크리트,1979-08-03
대전광역시 대덕구 상서동 322-4,229.5,일반철골구조,제2종근린생활시설,기타지붕,2011-01-25
대전광역시 대덕구 상서동 322-5,233.28,일반철골구조,공장,기타지붕,2016-01-26
대전광역시 대덕구 상서동 322-6,116.97,벽돌구조,단독주택,기와,1979-08-23
대전광역시 대덕구 상서동 322-8,217.6,일반철골구조,공장,기타지붕,2024-07-01
대전광역시 대덕구 상서동 323,67.24,벽돌구조,단독주택,기와,1979-07-21
대전광역시 대덕구 상서동 323-10,235.28,일반철골구조,공장,기타지붕,2022-11-22
대전광역시 대덕구 상서동 323-12,198.5,일반철골구조,공장,기타지붕,2015-10-23
대전광역시 대덕구 상서동 323-13,244.24,일반철골구조,공장,기타지붕,2019-04-29
대전광역시 대덕구 상서동 323-14,145.24,벽돌구조,단독주택,기와,1981-03-12
대전광역시 대덕구 상서동 323-5,214.24,경량철골구조,창고시설,기타지붕,2006-08-21
대전광역시 대덕구 상서동 324,94.68,벽돌구조,단독주택,(철근)콘크리트,1981-03-12
대전광역시 대덕구 상서동 324-1,134.78,벽돌구조,단독주택,기와,1979-07-23
대전광역시 대덕구 상서동 324-13,71.65,벽돌구조,단독주택,(철근)콘크리트,1980-07-09
대전광역시 대덕구 상서동 324-14,234.0,일반철골구조,공장,기타지붕,2015-10-16
대전광역시 대덕구 상서동 324-15,241.5,일반철골구조,공장,기타지붕,2023-12-01
대전광역시 대덕구 상서동 324-16,240.02,철근콘크리트구조,공장,기타지붕,1999-11-25
대전광역시 대덕구 상서동 324-17,467.1,일반철골구조,공장,기타지붕,2022-12-26
대전광역시 대덕구 상서동 324-18,134.77,벽돌구조,단독주택,(철근)콘크리트,1979
대전광역시 대덕구 상서동 324-19,64.31,벽돌구조,단독주택,기와,1979-09-06
대전광역시 대덕구 상서동 324-2,472.5,철근콘크리트구조,제2종근린생활시설,(철근)콘크리트,
대전광역시 대덕구 상서동 324-20,228.0,일반철골구조,공장,기타지붕,2015-04-13
대전광역시 대덕구 상서동 324-21,232.91,일반철골구조,공장,기타지붕,2021-03-26
대전광역시 대덕구 상서동 324-23,62.32,벽돌구조,단독주택,기와,1979-07-24
대전광역시 대덕구 상서동 324-24,229.9,일반철골구조,공장,기타지붕,2021-05-21
대전광역시 대덕구 상서동 324-25,115.14,벽돌구조,단독주택,기와,1979-07-23
대전광역시 대덕구 상서동 324-26,143.18,벽돌구조,단독주택,(철근)콘크리트,1979-07-23
대전광역시 대덕구 상서동 324-27,237.9,일반철골구조,창고시설,기타지붕,2019-01-09
대전광역시 대덕구 상서동 324-28,228.9,일반철골구조,제2종근린생활시설,기타지붕,2014-01-10
대전광역시 대덕구 상서동 324-29,239.7,일반철골구조,공장,기타지붕,2015-07-13
대전광역시 대덕구 상서동 324-3,77.64,벽돌구조,단독주택,기와,1979-09-18
대전광역시 대덕구 상서동 324-30,468.16,일반철골구조,공장,기타지붕,2014-10-02
대전광역시 대덕구 상서동 324-4,244.95,일반철골구조,공장,기타지붕,2005-07-18
대전광역시 대덕구 상서동 324-42,119.55,철근콘크리트구조,공장,(철근)콘크리트,1992-02-14
대전광역시 대덕구 상서동 324-45,195.48,경량철골구조,창고시설,기타지붕,1997-04-22
대전광역시 대덕구 상서동 324-49,66.12,벽돌구조,단독주택,(철근)콘크리트,1980-07-09
대전광역시 대덕구 상서동 324-5,225.3,경량철골구조,창고시설,기타지붕,2002-11-21
대전광역시 대덕구 상서동 324-9,228.8,일반철골구조,공장,기타지붕,2024-06-19
대전광역시 대덕구 상서동 325,678.55,철근콘크리트구조,공장,(철근)콘크리트,1986-07-30
대전광역시 대덕구 상서동 325-4,194.58,경량철골구조,공장,기타지붕,1994-03-25
대전광역시 대덕구 상서동 325-5,298.7,일반철골구조,제2종근린생활시설,기타지붕,2000-12-07
대전광역시 대덕구 상서동 325-9,645.27,일반철골구조,공장,기타지붕,2011-01-24
대전광역시 대덕구 상서동 326,207.24,벽돌구조,단독주택,(철근)콘크리트,1979-02-19
대전광역시 대덕구 상서동 326-100,127.57,일반철골구조,공장,기타지붕,2012-08-08
대전광역시 대덕구 상서동 326-102,273.78,일반철골구조,공장,기타지붕,2006-04-21
대전광역시 대덕구 상서동 326-109,158.55,일반철골구조,창고시설,기타지붕,2022-11-14
대전광역시 대덕구 상서동 326-110,176.0,일반철골구조,제2종근린생활시설,기타지붕,2016-09-01
대전광역시 대덕구 상서동 326-112,161.21,일반철골구조,공장,기타지붕,2023-03-22
대전광역시 대덕구 상서동 326-117,74.1,벽돌구조,단독주택,기와,1979-09-06
대전광역시 대덕구 상서동 326-118,412.76,일반철골구조,제2종근린생활시설,기타지붕,2004-10-19
대전광역시 대덕구 상서동 326-119,365.29,경량철골구조,공장,기타지붕,1994-04-01
대전광역시 대덕구 상서동 326-13,108.05,벽돌구조,단독주택,(철근)콘크리트,1979-07-24
대전광역시 대덕구 상서동 326-18,111.24,벽돌구조,노유자시설,(철근)콘크리트,1996-12-05
대전광역시 대덕구 상서동 326-22,195.75,일반철골구조,공장,기타지붕,2002-09-30
대전광역시 대덕구 상서동 326-24,89.54,벽돌구조,단독주택,기와,1979-07-24
대전광역시 대덕구 상서동 326-27,118.24,벽돌구조,단독주택,(철근)콘크리트,1980-03-09
대전광역시 대덕구 상서동 326-28,199.08,일반철골구조,제2종근린생활시설,기타지붕,2019-09-04
대전광역시 대덕구 상서동 326-3,183.53,벽돌구조,단독주택,기와,1979-07-23
대전광역시 대덕구 상서동 326-31,231.0,일반철골구조,공장,기타지붕,2017-11-20
대전광역시 대덕구 상서동 326-33,85.98,벽돌구조,단독주택,(철근)콘크리트,1979-07-23
대전광역시 대덕구 상서동 326-34,130.45,벽돌구조,단독주택,기와,1979-09-18
대전광역시 대덕구 상서동 326-36,234.0,일반철골구조,공장,기타지붕,2006-12-28
대전광역시 대덕구 상서동 326-37,233.75,일반철골구조,공장,기타지붕,2020-11-02
대전광역시 대덕구 상서동 326-38,113.88,철근콘크리트구조,단독주택,(철근)콘크리트,2007-02-02
대전광역시 대덕구 상서동 326-40,268.6,일반철골구조,공장,기타지붕,2020-01-22
대전광역시 대덕구 상서동 326-41,258.7,일반철골구조,제2종근린생활시설,기타지붕,2015-03-11
대전광역시 대덕구 상서동 326-42,72.48,벽돌구조,단독주택,(철근)콘크리트,1979-07-23
대전광역시 대덕구 상서동 326-45,81.49,벽돌구조,단독주택,(철근)콘크리트,1979-07-23
대전광역시 대덕구 상서동 326-46,194.28,일반철골구조,공장,기타지붕,2022-12-22
대전광역시 대덕구 상서동 326-47,71.74,벽돌구조,단독주택,기와,1979-07-23
대전광역시 대덕구 상서동 326-48,199.08,일반철골구조,제2종근린생활시설,기타지붕,2022-01-26
대전광역시 대덕구 상서동 326-5,121.95,철근콘크리트구조,제2종근린생활시설,(철근)콘크리트,1994-03-30
대전광역시 대덕구 상서동 326-54,230.85,일반철골구조,공장,기타지붕,2022-12-19
대전광역시 대덕구 상서동 326-55,230.1,일반철골구조,제2종근린생활시설,기타지붕,2008-10-09
대전광역시 대덕구 상서동 326-56,222.75,일반철골구조,공장,기타지붕,2007-06-26
대전광역시 대덕구 상서동 326-57,132.81,경량철골구조,단독주택,기타지붕,2009-09-25
대전광역시 대덕구 상서동 326-58,69.52,벽돌구조,제2종근린생활시설,기와,1979-07-23
대전광역시 대덕구 상서동 326-59,191.61,일반철골구조,공장,기타지붕,2012-11-05
대전광역시 대덕구 상서동 326-63,229.74,일반철골구조,제2종근린생활시설,기타지붕,2022-10-11
대전광역시 대덕구 상서동 326-64,227.5,일반철골구조,제2종근린생활시설,기타지붕,2017-12-18
대전광역시 대덕구 상서동 326-76,406.91,일반철골구조,공장,기타지붕,2011-06-10
대전광역시 대덕구 상서동 326-79,283.5,일반철골구조,제2종근린생활시설,기타지붕,2017-12-06
대전광역시 대덕구 상서동 326-8,175.67,일반철골구조,공장,기타지붕,1996-02-16
대전광역시 대덕구 상서동 326-80,999.59,철근콘크리트구조,공장,(철근)콘크리트,2003-11-21
대전광역시 대덕구 상서동 326-82,262.35,일반철골구조,공장,기타지붕,2017-09-26
대전광역시 대덕구 상서동 326-83,259.92,일반철골구조,공장,기타지붕,2018-03-12
대전광역시 대덕구 상서동 326-86,60.2,벽돌구조,단독주택,기와,1979-08-23
대전광역시 대덕구 상서동 326-87,270.75,일반철골구조,공장,기타지붕,2021-08-27
대전광역시 대덕구 상서동 326-88,433.3,일반철골구조,제2종근린생활시설,기타지붕,2016-04-01
대전광역시 대덕구 상서동 326-90,275.49,일반철골구조,공장,기타지붕,2013-08-01
대전광역시 대덕구 상서동 326-92,80.75,벽돌구조,단독주택,기와,1979-09-06
대전광역시 대덕구 상서동 326-93,202.17,일반철골구조,창고시설,기타지붕,2016-03-25
대전광역시 대덕구 상서동 326-94,268.22,일반철골구조,공장,(철근)콘크리트,2005-04-18
대전광역시 대덕구 상서동 326-95,237.0,일반철골구조,공장,기타지붕,2004-10-21
대전광역시 대덕구 상서동 327,248.0,일반철골구조,공장,기타지붕,2013-10-23
대전광역시 대덕구 상서동 327-3,240.5,일반철골구조,제2종근린생활시설,기타지붕,2013-06-13
대전광역시 대덕구 상서동 327-4,493.5,일반철골구조,제2종근린생활시설,기타지붕,2013-06-13
대전광역시 대덕구 상서동 328-1,237.98,일반철골구조,공장,기타지붕,2011-10-06
대전광역시 대덕구 상서동 328-3,354.0,일반철골구조,공장,기타지붕,2012-03-07
대전광역시 대덕구 상서동 329,678.8,일반철골구조,공장,기타지붕,2012-02-17
대전광역시 대덕구 상서동 329-1,503.04,경량철골구조,위험물저장및처리시설,(철근)콘크리트,1994-01-12
대전광역시 대덕구 상서동 329-10,577.04,일반철골구조,공장,기타지붕,2005-11-03
대전광역시 대덕구 상서동 329-6,495.98,경량철골구조,공장,기타지붕,1993-07-05
대전광역시 대덕구 상서동 329-9,275.414,일반철골구조,공장,기타지붕,1993-07-05
대전광역시 대덕구 상서동 330-3,293.32,일반철골구조,공장,기타지붕,2015-08-28
대전광역시 대덕구 상서동 331-1,2990.67,일반철골구조,창고시설,기타지붕,2021-10-05
대전광역시 대덕구 상서동 332,199.39,일반철골구조,공장,기타지붕,2015-07-15
대전광역시 대덕구 상서동 332-2,375.2,일반철골구조,공장,슬레이트,2001-05-07
대전광역시 대덕구 상서동 335,600.34,경량철골구조,자동차관련시설,기타지붕,2014-02-10
대전광역시 대덕구 상서동 335-4,521.52,일반철골구조,공장,기타지붕,2014-01-16
대전광역시 대덕구 상서동 335-5,583.71,일반철골구조,공장,기타지붕,2014-09-30
대전광역시 대덕구 상서동 335-6,494.5,일반철골구조,자동차관련시설,기타지붕,2014-07-09
대전광역시 대덕구 상서동 335-7,856.8,일반철골구조,공장,슬레이트,1988-11-26
대전광역시 대덕구 상서동 338,2475.65,일반철골구조,창고시설,기타지붕,1998-06-27
대전광역시 대덕구 상서동 343-2,278.18,벽돌구조,위험물저장및처리시설,(철근)콘크리트,1993-07-13
대전광역시 대덕구 상서동 344,116.88,철근콘크리트구조,제2종근린생활시설,(철근)콘크리트,1992-04-29
대전광역시 대덕구 상서동 344-2,97.9,일반철골구조,제2종근린생활시설,(철근)콘크리트,2003-01-21
대전광역시 대덕구 상서동 344-3,99.76,일반철골구조,자동차관련시설,기타지붕,2006-03-13
대전광역시 대덕구 상서동 345-3,190.28,일반철골구조,창고시설,기타지붕,1998-11-05
대전광역시 대덕구 상서동 345-6,36.44,벽돌구조,위험물저장및처리시설,(철근)콘크리트,2013-10-11
대전광역시 대덕구 상서동 345-9,99.48,일반철골구조,제2종근린생활시설,(철근)콘크리트,2003-01-07
대전광역시 대덕구 상서동 348,99.9,경량철골구조,제2종근린생활시설,기타지붕,2006-12-22
대전광역시 대덕구 상서동 348-12,102.48,기타조적구조,단독주택,슬레이트,1967
대전광역시 대덕구 상서동 348-13,35.04,기타조적구조,단독주택,슬레이트,1967
대전광역시 대덕구 상서동 348-2,119.7,벽돌구조,단독주택,(철근)콘크리트,1991-11-14
대전광역시 대덕구 상서동 349,333.5,철근콘크리트구조,제2종근린생활시설,(철근)콘크리트,1995-12-20
대전광역시 대덕구 상서동 349-1,373.03,일반철골구조,제2종근린생활시설,기타지붕,2007-03-12
대전광역시 대덕구 상서동 349-12,242.55,경량철골구조,위험물저장및처리시설,기타지붕,2013-11-26
대전광역시 대덕구 상서동 349-17,100.1,벽돌구조,단독주택,(철근)콘크리트,1995-12-20
대전광역시 대덕구 상서동 349-2,276.66,경량철골구조,제2종근린생활시설,기타지붕,2021-10-27
대전광역시 대덕구 상서동 349-22,0.0,벽돌구조,단독주택,기와,1985-06-28
대전광역시 대덕구 상서동 349-25,99.2,일반철골구조,창고시설,기타지붕,2014-09-26
대전광역시 대덕구 상서동 349-26,111.87,벽돌구조,제2종근린생활시설,기와,1980-12-19
대전광역시 대덕구 상서동 349-27,67.07,경량철골구조,제2종근린생활시설,기타지붕,2014-11-27
대전광역시 대덕구 상서동 349-28,114.54,벽돌구조,단독주택,기와,1980-12-19
대전광역시 대덕구 상서동 349-30,110.94,벽돌구조,단독주택,기와,1979
대전광역시 대덕구 상서동 349-33,115.7,일반목구조,단독주택,기타지붕,1930
대전광역시 대덕구 상서동 349-38,108.27,벽돌구조,단독주택,기와,1980-12-19
대전광역시 대덕구 상서동 349-39,88.7,벽돌구조,단독주택,기와,1980-12-19
대전광역시 대덕구 상서동 349-42,97.12,벽돌구조,단독주택,(철근)콘크리트,1980-12-19
대전광역시 대덕구 상서동 349-46,450.0,일반철골구조,제2종근린생활시설,기타지붕,2009-06-18
대전광역시 대덕구 상서동 349-7,315.96,일반철골구조,제2종근린생활시설,기타지붕,2016-02-29
대전광역시 대덕구 상서동 35-2,164.0,벽돌구조,단독주택,기와,1979-07-24
대전광역시 대덕구 상서동 35-8,277.2,벽돌구조,공동주택,기와,
대전광역시 대덕구 상서동 350-3,177.42,철근콘크리트구조,제2종근린생활시설,(철근)콘크리트,2006-10-04
대전광역시 대덕구 상서동 355-1,42.98,기타조적구조,단독주택,슬레이트,1968
대전광역시 대덕구 상서동 361-1,999.44,강파이프구조,운동시설,기타지붕,2013-06-10
대전광역시 대덕구 상서동 373-8,26.49,기타조적구조,단독주택,슬레이트,1966
대전광역시 대덕구 상서동 375-4,20.55,경량철골구조,위험물저장및처리시설,기타지붕,2018-01-15
대전광역시 대덕구 상서동 38,241.2,경량철골구조,동.식물관련시설,기타지붕,
대전광역시 대덕구 상서동 384,442.73,일반철골구조,창고시설,기타지붕,1999-12-23
대전광역시 대덕구 상서동 386-3,199.5,일반철골구조,공장,(철근)콘크리트,2016-10-28
대전광역시 대덕구 상서동 389-4,55.2,경량철골구조,창고시설,기타지붕,2002-09-30
대전광역시 대덕구 상서동 393,79.34,일반목구조,단독주택,기와,1951
대전광역시 대덕구 상서동 397,1934.23,일반철골구조,창고시설,기타지붕,2018-05-28
대전광역시 대덕구 상서동 399-2,564.02,일반철골구조,창고시설,기타지붕,2018-12-05
대전광역시 대덕구 상서동 399-6,484.06,일반철골구조,공장,기타지붕,2011-10-18
대전광역시 대덕구 상서동 40,298.86,경량철골구조,동물및식물관련시설,기타지붕,1994-11-17
대전광역시 대덕구 상서동 400,413.44,일반철골구조,공장,기타지붕,2012-02-02
대전광역시 대덕구 상서동 400-1,11797.439999999999,경량철골구조,공장,기타지붕,1996-05-09
대전광역시 대덕구 상서동 403,754.14,일반철골구조,공장,기타지붕,1993-12-15
대전광역시 대덕구 상서동 404-5,383.93,일반철골구조,창고시설,기타지붕,2004-11-19
대전광역시 대덕구 상서동 405,49.58,일반목구조,단독주택,기와,1949
대전광역시 대덕구 상서동 405-2,166.66,일반철골구조,공장,기타지붕,2015-03-30
대전광역시 대덕구 상서동 406,68.09,벽돌구조,단독주택,(철근)콘크리트,1993-11-16
대전광역시 대덕구 상서동 407,59.5,일반목구조,단독주택,기와,1945
대전광역시 대덕구 상서동 408,1161.87,경량철골구조,자동차관련시설,기타지붕,2015-01-27
대전광역시 대덕구 상서동 408-3,362.5,경량철골구조,자동차관련시설,기타지붕,2014-10-14
대전광역시 대덕구 상서동 411,684.1700000000001,일반철골구조,공장,기타지붕,1993-11-01
대전광역시 대덕구 상서동 412,69.42,기타조적구조,단독주택,슬레이트,1963
대전광역시 대덕구 상서동 415,240.3,경량철골구조,단독주택,,1993-05-10
대전광역시 대덕구 상서동 416-1,1380.61,철근콘크리트구조,공장,(철근)콘크리트,1984-01-21
대전광역시 대덕구 상서동 418-3,2660.23,철근콘크리트구조,공장,(철근)콘크리트,1993-06-30
대전광역시 대덕구 상서동 419-1,991.19,경량철골구조,공장,기타지붕,1993-04-19
대전광역시 대덕구 상서동 42-2,29.75,기타조적구조,단독주택,슬레이트,1961
대전광역시 대덕구 상서동 422,258.44,경량철골구조,동물및식물관련시설,기타지붕,1993-12-30
대전광역시 대덕구 상서동 422-1,0.0,기타조적구조,단독주택,슬레이트,1949
대전광역시 대덕구 상서동 422-3,108.45,벽돌구조,단독주택,기와,1980-09-22
대전광역시 대덕구 상서동 422-4,108.2,벽돌구조,단독주택,기와,1980-01-22
대전광역시 대덕구 상서동 422-5,70.93,벽돌구조,단독주택,(철근)콘크리트,1979-12-06
대전광역시 대덕구 상서동 422-6,131.83,일반목구조,단독주택,슬레이트,1944
대전광역시 대덕구 상서동 423,131.98,벽돌구조,단독주택,기와,1980-08-28
대전광역시 대덕구 상서동 423-1,1097.5,일반철골구조,공장,기타지붕,2012-07-10
대전광역시 대덕구 상서동 423-10,3218.5,일반철골구조,공장,기타지붕,2016-12-23
대전광역시 대덕구 상서동 423-5,29.2,기타조적구조,단독주택,슬레이트,
대전광역시 대덕구 상서동 426,176.64,일반철골구조,창고시설,기타지붕,2004-09-02
대전광역시 대덕구 상서동 43-2,23.14,기타조적구조,단독주택,기와,1947
대전광역시 대덕구 상서동 430-1,168.0,경량철골구조,공장,기타지붕,2004-11-26
대전광역시 대덕구 상서동 430-5,1112.0,일반철골구조,공장,기타지붕,2007-06-28
대전광역시 대덕구 상서동 433-1,488.78,일반철골구조,공장,기타지붕,2020-02-03
대전광역시 대덕구 상서동 434,1002.8399999999999,일반철골구조,공장,기타지붕,2000-05-22
대전광역시 대덕구 상서동 435-1,0.0,일반목구조,단독주택,슬레이트,1940
대전광역시 대덕구 상서동 435-21,514.05,일반철골구조,공장,기타지붕,2016-11-01
대전광역시 대덕구 상서동 435-22,553.82,일반철골구조,공장,기타지붕,2017-01-10
대전광역시 대덕구 상서동 435-23,621.54,일반철골구조,공장,기타지붕,2016-12-15
대전광역시 대덕구 상서동 435-24,555.52,일반철골구조,공장,기타지붕,2017-09-29
대전광역시 대덕구 상서동 435-25,555.28,일반철골구조,공장,기타지붕,2016-12-28
대전광역시 대덕구 상서동 435-26,558.09,일반철골구조,공장,기타지붕,2016-12-29
대전광역시 대덕구 상서동 435-27,548.8,일반철골구조,공장,기타지붕,2016-10-26
대전광역시 대덕구 상서동 435-28,498.83,일반철골구조,공장,기타지붕,2017-11-09
대전광역시 대덕구 상서동 435-29,655.0,일반철골구조,공장,기타지붕,2016-11-17
대전광역시 대덕구 상서동 435-30,2168.58,일반철골구조,공장,기타지붕,1995-03-25
대전광역시 대덕구 상서동 435-31,998.21,일반철골구조,공장,기타지붕,2016-11-30
대전광역시 대덕구 상서동 435-32,998.21,일반철골구조,공장,기타지붕,2016-12-07
대전광역시 대덕구 상서동 435-33,1499.13,일반철골구조,공장,기타지붕,1995-03-25
대전광역시 대덕구 상서동 435-8,413.84000000000003,일반철골구조,공장,기타지붕,2017-11-23
대전광역시 대덕구 상서동 437,1392.66,일반철골구조,창고시설,기타지붕,2021-01-21
대전광역시 대덕구 상서동 440,233.0,일반철골구조,위험물저장및처리시설,기타지붕,2009-07-24
대전광역시 대덕구 상서동 441-3,273.01,일반철골구조,위험물저장및처리시설,기타지붕,2008-12-19
대전광역시 대덕구 상서동 442,165.4,일반철골구조,제2종근린생활시설,(철근)콘크리트,2007-06-29
대전광역시 대덕구 상서동 442-2,345.47,일반철골구조,위험물저장및처리시설,(철근)콘크리트,1997-01-15
대전광역시 대덕구 상서동 45-2,39.67,기타조적구조,단독주택,기와,1967
대전광역시 대덕구 상서동 45-3,42.98,기타조적구조,단독주택,기와,1957
대전광역시 대덕구 상서동 46,512.914,벽돌구조,공장,기타지붕,1992-04-17
대전광역시 대덕구 상서동 46-2,190.83,일반철골구조,공장,기타지붕,2007-11-21
대전광역시 대덕구 상서동 47-11,137.38,블록구조,단독주택,기와,1980-12-19
대전광역시 대덕구 상서동 47-37,59.88,벽돌구조,단독주택,슬레이트,1977-05-30
대전광역시 대덕구 상서동 48,575.5350000000001,블록구조,단독주택,기와,1976-04-01
대전광역시 대덕구 상서동 48-1,284.85,일반철골구조,공장,기타지붕,2014-05-23
대전광역시 대덕구 상서동 49,81.6,철근콘크리트구조,제2종근린생활시설,(철근)콘크리트,1985-08-20
대전광역시 대덕구 상서동 49-1,1276.13,일반철골구조,자동차관련시설,기타지붕,2013-08-06
대전광역시 대덕구 상서동 50,396.0,일반철골구조,제2종근린생활시설,기타지붕,2022-03-21
대전광역시 대덕구 상서동 51-2,302.14,철근콘크리트구조,제2종근린생활시설,(철근)콘크리트,2007-10-22
대전광역시 대덕구 상서동 58-2,464.67,철근콘크리트구조,위험물저장및처리시설,(철근)콘크리트,1998-08-05
대전광역시 대덕구 상서동 586,12.81,기타조적구조,단독주택,슬레이트,1965
대전광역시 대덕구 상서동 66-11,33.2,경량철골구조,관광휴게시설,기타지붕,2023-02-21
대전광역시 대덕구 상서동 71,10729.98,철근콘크리트구조,공장,(철근)콘크리트,1983-12-29
대전광역시 대덕구 상서동 801-21,374.13,일반철골구조,제2종근린생활시설,기타지붕,2012-01-19
대전광역시 대덕구 상서동 801-50,218.88,일반철골구조,제2종근린생활시설,기타지붕,2016-06-08
대전광역시 대덕구 상서동 828-1,277.14,일반철골구조,제2종근린생활시설,기타지붕,2024-04-22
대전광역시 대덕구 상서동 828-10,330.48,철근콘크리트구조,공동주택,(철근)콘크리트,1991-03-21
대전광역시 대덕구 상서동 828-11,499.85,일반철골구조,제2종근린생활시설,기타지붕,2006-09-26
대전광역시 대덕구 상서동 828-13,146.76,일반철골구조,제2종근린생활시설,기타지붕,2010-01-27
대전광역시 대덕구 상서동 828-14,615.5999999999999,경량철골구조,창고시설,기타지붕,1994-02-08
대전광역시 대덕구 상서동 828-16,435.67,철근콘크리트구조,공동주택,(철근)콘크리트,1997-11-05
대전광역시 대덕구 상서동 828-2,1031.157,철근콘크리트구조,공동주택,(철근)콘크리트,1996-04-23
대전광역시 대덕구 상서동 828-3,1459.02,철근콘크리트구조,공동주택,(철근)콘크리트,1998-10-26
대전광역시 대덕구 상서동 828-5,435.67,철근콘크리트구조,공동주택,(철근)콘크리트,1997-11-05
대전광역시 대덕구 상서동 829-1,745.6,일반철골구조,업무시설,기타지붕,2011-12-26
대전광역시 대덕구 상서동 829-12,408.83,일반철골구조,창고시설,,2021-03-15
대전광역시 대덕구 상서동 829-2,105.0,경량철골구조,제2종근린생활시설,기타지붕,2006-04-24
대전광역시 대덕구 상서동 829-4,72.2,경량철골구조,제2종근린생활시설,기타지붕,2024-08-01
대전광역시 대덕구 상서동 829-5,383.035,일반철골구조,창고시설,기타지붕,2001-06-13
대전광역시 대덕구 상서동 830-1,279.15,철근콘크리트구조,숙박시설,(철근)콘크리트,1989-03-02
대전광역시 대덕구 상서동 830-11,261.24,철근콘크리트구조,공동주택,(철근)콘크리트,1991-09-05
대전광역시 대덕구 상서동 830-12,462.72,철근콘크리트구조,공동주택,(철근)콘크리트,1991-09-05
대전광역시 대덕구 상서동 830-2,336.62,철근콘크리트구조,숙박시설,(철근)콘크리트,1990-12-13
대전광역시 대덕구 상서동 830-3,204.1,철근콘크리트구조,숙박시설,(철근)콘크리트,1990-09-18
대전광역시 대덕구 상서동 830-4,184.58,철근콘크리트구조,제2종근린생활시설,(철근)콘크리트,2003-01-24
대전광역시 대덕구 상서동 830-5,135.66,벽돌구조,제2종근린생활시설,(철근)콘크리트,1989-04-07
대전광역시 대덕구 상서동 830-6,527.95,철근콘크리트구조,노유자시설,(철근)콘크리트,2008-01-31
대전광역시 대덕구 상서동 830-8,72.12,벽돌구조,단독주택,(철근)콘크리트,1984-09-20
대전광역시 대덕구 상서동 830-9,487.83,철근콘크리트구조,창고시설,(철근)콘크리트,1995-12-28
대전광역시 대덕구 상서동 831-1,95.3,벽돌구조,단독주택,(철근)콘크리트,1985-08-23
대전광역시 대덕구 상서동 831-14,64.53,벽돌구조,단독주택,슬레이트,1977-11-26
대전광역시 대덕구 상서동 831-15,64.53,벽돌구조,단독주택,슬레이트,1977-11-26
대전광역시 대덕구 상서동 831-16,64.53,벽돌구조,단독주택,슬레이트,1977-11-26
대전광역시 대덕구 상서동 831-17,74.73,벽돌구조,단독주택,슬레이트,1977-11-26
대전광역시 대덕구 상서동 831-18,228.83,일반철골구조,창고시설,기타지붕,2011-08-12
대전광역시 대덕구 상서동 831-2,60.21,벽돌구조,단독주택,(철근)콘크리트,1983-10-31
대전광역시 대덕구 상서동 831-20,108.45,철근콘크리트구조,단독주택,(철근)콘크리트,2012-11-01
대전광역시 대덕구 상서동 831-23,68.38,벽돌구조,단독주택,(철근)콘크리트,1979-06-27
대전광역시 대덕구 상서동 831-24,66.44,벽돌구조,단독주택,슬레이트,1977-12-26
대전광역시 대덕구 상서동 831-25,74.92,벽돌구조,단독주택,슬레이트,1977-12-26
대전광역시 대덕구 상서동 831-26,95.63,벽돌구조,단독주택,(철근)콘크리트,1979-09-26
대전광역시 대덕구 상서동 831-27,74.95,벽돌구조,단독주택,(철근)콘크리트,1978-10-20
대전광역시 대덕구 상서동 831-28,200.22,철근콘크리트구조,창고시설,(철근)콘크리트,2013-12-30
대전광역시 대덕구 상서동 831-29,396.64,철근콘크리트구조,공동주택,(철근)콘크리트,1997-08-27
대전광역시 대덕구 상서동 831-3,78.93,일반철골구조,제2종근린생활시설,(철근)콘크리트,2017-09-29
대전광역시 대덕구 상서동 831-30,164.6,벽돌구조,단독주택,(철근)콘크리트,1988-12-14
대전광역시 대덕구 상서동 831-32,259.44,철근콘크리트구조,제2종근린생활시설,기타지붕,2004-03-10
대전광역시 대덕구 상서동 831-35,78.39,벽돌구조,단독주택,(철근)콘크리트,1986-10-15
대전광역시 대덕구 상서동 831-36,85.25,벽돌구조,단독주택,(철근)콘크리트,1984-07-12
대전광역시 대덕구 상서동 831-37,305.31,철근콘크리트구조,공동주택,(철근)콘크리트,1995-07-10
대전광역시 대덕구 상서동 831-38,300.0,일반철골구조,창고시설,기타지붕,2012-11-06
대전광역시 대덕구 상서동 831-39,396.64,철근콘크리트구조,공동주택,(철근)콘크리트,1997-08-26
대전광역시 대덕구 상서동 831-4,151.8,일반철골구조,제2종근린생활시설,기타지붕,2017-11-02
대전광역시 대덕구 상서동 831-40,394.72,철근콘크리트구조,공동주택,(철근)콘크리트,1997-08-27
대전광역시 대덕구 상서동 831-5,64.53,벽돌구조,단독주택,슬레이트,1977-11-26
대전광역시 대덕구 상서동 831-6,64.53,벽돌구조,단독주택,슬레이트,1977-11-26
대전광역시 대덕구 상서동 831-7,64.53,벽돌구조,단독주택,슬레이트,1977-11-26
대전광역시 대덕구 상서동 831-8,64.53,벽돌구조,단독주택,슬레이트,1977-11-26
대전광역시 대덕구 상서동 832-10,82.17,벽돌구조,단독주택,(철근)콘크리트,1997-06-23
대전광역시 대덕구 상서동 832-13,113.2,철근콘크리트구조,단독주택,(철근)콘크리트,1997-09-08
대전광역시 대덕구 상서동 832-14,120.11,경량철골구조,단독주택,기타지붕,2002-09-13
대전광역시 대덕구 상서동 832-15,58.0,경량철골구조,제2종근린생활시설,기타지붕,2000-05-02
대전광역시 대덕구 상서동 832-16,120.06,경량철골구조,제2종근린생활시설,기타지붕,2005-01-21
대전광역시 대덕구 상서동 832-17,349.5,경량철골구조,공장,기타지붕,1997-06-12
대전광역시 대덕구 상서동 832-18,121.0,철근콘크리트구조,제2종근린생활시설,(철근)콘크리트,1984-01-24
대전광역시 대덕구 상서동 832-2,984.56,철근콘크리트구조,노유자시설,기타지붕,1997-08-25
대전광역시 대덕구 상서동 832-20,140.18,일반철골구조,창고시설,기타지붕,2008-09-10
대전광역시 대덕구 상서동 832-3,231.16,철근콘크리트구조,제2종근린생활시설,(철근)콘크리트,2002-04-06
대전광역시 대덕구 상서동 832-4,391.96,철근콘크리트구조,공동주택,(철근)콘크리트,1997-03-08
대전광역시 대덕구 상서동 832-7,271.35,경량철골구조,창고시설,기타지붕,1998-05-22
대전광역시 대덕구 상서동 832-9,187.62,경량철골구조,창고시설,기타지붕,1999-04-26
대전광역시 대덕구 상서동 833-1,96.93,철근콘크리트구조,단독주택,(철근)콘크리트,1995-08-29
대전광역시 대덕구 상서동 833-10,137.79,경량철골구조,제2종근린생활시설,기타지붕,1994-12-15
대전광역시 대덕구 상서동 833-11,193.58,경량철골구조,제2종근린생활시설,기타지붕,2008-08-14
대전광역시 대덕구 상서동 833-2,1632.56,철근콘크리트구조,공동주택,(철근)콘크리트,1991-10-15
대전광역시 대덕구 상서동 833-3,87.76,철근콘크리트구조,제2종근린생활시설,(철근)콘크리트,2024-10-24
대전광역시 대덕구 상서동 833-4,139.56,일반철골구조,제2종근린생활시설,(철근)콘크리트,2000-08-14
대전광역시 대덕구 상서동 833-6,1026.4,철근콘크리트구조,의료시설,(철근)콘크리트,1996-08-26
대전광역시 대덕구 상서동 834-1,250.88,철근콘크리트구조,단독주택,(철근)콘크리트,2012-04-03
대전광역시 대덕구 상서동 834-11,456.27,일반철골구조,창고시설,기타지붕,2003-11-28
대전광역시 대덕구 상서동 834-15,236.05,철근콘크리트구조,단독주택,(철근)콘크리트,2012-04-03
대전광역시 대덕구 상서동 834-16,170.82,철근콘크리트구조,단독주택,(철근)콘크리트,2012-06-13
대전광역시 대덕구 상서동 834-2,230.07,철근콘크리트구조,제2종근린생활시설,(철근)콘크리트,1986-01-28
대전광역시 대덕구 상서동 834-3,404.64,일반철골구조,제2종근린생활시설,기타지붕,2009-12-30
대전광역시 대덕구 상서동 834-4,263.07,일반철골구조,제2종근린생활시설,(철근)콘크리트,2013-12-23
대전광역시 대덕구 상서동 834-9,176.0,철근콘크리트구조,제2종근린생활시설,(철근)콘크리트,1991-11-02
대전광역시 대덕구 상서동 842,4141.6,철근콘크리트구조,교육연구시설,(철근)콘크리트,2020-11-10
대전광역시 대덕구 상서동 843,2451.36,철근콘크리트구조,공동주택,(철근)콘크리트,2020-11-17
대전광역시 대덕구 석봉동 0,86.23,벽돌구조,단독주택,(철근)콘크리트,1989-10-11
대전광역시 대덕구 석봉동 106-2,23.48,벽돌구조,단독주택,기와,1955
대전광역시 대덕구 석봉동 11,99.51,기타조적구조,단독주택,기와,1967
대전광역시 대덕구 석봉동 11-8,204.61,벽돌구조,단독주택,기와,1968
대전광역시 대덕구 석봉동 115,82.65,기타조적구조,단독주택,슬레이트,1968
대전광역시 대덕구 석봉동 115-19,36.69,기타조적구조,단독주택,기와,1959
대전광역시 대덕구 석봉동 115-21,23.47,기타조적구조,단독주택,기와,1960
대전광역시 대덕구 석봉동 115-37,26.45,벽돌구조,단독주택,기와,1965
대전광역시 대덕구 석봉동 115-38,64.11,벽돌구조,단독주택,기와,1963
대전광역시 대덕구 석봉동 115-58,35.04,벽돌구조,단독주택,기와,1961
대전광역시 대덕구 석봉동 115-89,52.56,일반목구조,단독주택,기와,1953
대전광역시 대덕구 석봉동 115-96,76.37,일반목구조,단독주택,기와,1950
대전광역시 대덕구 석봉동 122-30,86.48,블록구조,제2종근린생활시설,슬레이트,2001-08-28
대전광역시 대덕구 석봉동 136,31.4,블록구조,단독주택,기와,1965
대전광역시 대덕구 석봉동 144,35.04,벽돌구조,단독주택,슬레이트,1955
대전광역시 대덕구 석봉동 149,30.15,벽돌구조,단독주택,슬레이트,1952
대전광역시 대덕구 석봉동 153-28,42.98,기타조적구조,단독주택,기와,1959
대전광역시 대덕구 석봉동 156-3,77.68,벽돌구조,단독주택,기와,1960
대전광역시 대덕구 석봉동 164-5,67.2,벽돌구조,단독주택,(철근)콘크리트,1984-06-26
대전광역시 대덕구 석봉동 164-9,60.45,벽돌구조,단독주택,(철근)콘크리트,1984-06-26
대전광역시 대덕구 석봉동 165,61.48,벽돌구조,단독주택,기와,1963
대전광역시 대덕구 석봉동 173,40.66,벽돌구조,단독주택,기와,1969
대전광역시 대덕구 석봉동 176,27.44,벽돌구조,단독주택,기와,1967
대전광역시 대덕구 석봉동 177-1,158.41,벽돌구조,단독주택,(철근)콘크리트,1977-10-04
대전광역시 대덕구 석봉동 177-2,4734.820000000001,철근콘크리트구조,공동주택,(철근)콘크리트,1990-10-30
대전광역시 대덕구 석봉동 177-3,392.15999999999997,일반철골구조,제2종근린생활시설,기타지붕,2017-12-29
대전광역시 대덕구 석봉동 177-4,76.93,벽돌구조,단독주택,(철근)콘크리트,1991-05-09
대전광역시 대덕구 석봉동 177-6,62.18,벽돌구조,단독주택,(철근)콘크리트,1978-10-04
대전광역시 대덕구 석봉동 177-7,148.7,벽돌구조,단독주택,기타지붕,2002-07-12
대전광역시 대덕구 석봉동 178-1,157.7,철근콘크리트구조,제2종근린생활시설,(철근)콘크리트,1995-07-07
대전광역시 대덕구 석봉동 178-10,79.36,벽돌구조,단독주택,(철근)콘크리트,1978-07-14
대전광역시 대덕구 석봉동 178-11,87.2,벽돌구조,단독주택,(철근)콘크리트,1977-11-11
대전광역시 대덕구 석봉동 178-12,79.02,벽돌구조,단독주택,(철근)콘크리트,1978-06-23
대전광역시 대덕구 석봉동 178-14,94.55,벽돌구조,단독주택,기와,1979-06-20
대전광역시 대덕구 석봉동 178-15,82.3,벽돌구조,단독주택,(철근)콘크리트,1978-02-03
대전광역시 대덕구 석봉동 178-16,63.73,벽돌구조,단독주택,(철근)콘크리트,1977-01-27
대전광역시 대덕구 석봉동 178-17,109.16,벽돌구조,단독주택,(철근)콘크리트,1980-07-14
대전광역시 대덕구 석봉동 178-19,51.31,벽돌구조,단독주택,(철근)콘크리트,1976-06-01
대전광역시 대덕구 석봉동 178-2,2266.72,철근콘크리트구조,공동주택,(철근)콘크리트,1992-05-04
대전광역시 대덕구 석봉동 178-21,61.83,벽돌구조,단독주택,(철근)콘크리트,1982-10-11
대전광역시 대덕구 석봉동 178-3,51.57,벽돌구조,단독주택,(철근)콘크리트,1976-08-03
대전광역시 대덕구 석봉동 178-8,503.92,철근콘크리트구조,공동주택,(철근)콘크리트,2005-01-28
대전광역시 대덕구 석봉동 179,145.85,철근콘크리트구조,제2종근린생활시설,(철근)콘크리트,1987-05-15
대전광역시 대덕구 석봉동 179-1,196.91,경량철골구조,제2종근린생활시설,기타지붕,1996-07-29
대전광역시 대덕구 석봉동 179-17,45.82,벽돌구조,단독주택,기와,1981-10-09
대전광역시 대덕구 석봉동 179-18,84.24,벽돌구조,단독주택,(철근)콘크리트,1979-01-08
대전광역시 대덕구 석봉동 179-2,88.09,벽돌구조,단독주택,(철근)콘크리트,1979-06-20
대전광역시 대덕구 석봉동 179-20,74.4,벽돌구조,단독주택,(철근)콘크리트,1981-07-18
대전광역시 대덕구 석봉동 179-21,140.64,철근콘크리트구조,단독주택,(철근)콘크리트,2010-06-16
대전광역시 대덕구 석봉동 179-22,146.67,철근콘크리트구조,단독주택,(철근)콘크리트,1990-12-29
대전광역시 대덕구 석봉동 179-23,78.8,벽돌구조,단독주택,(철근)콘크리트,1984-07-09
대전광역시 대덕구 석봉동 179-26,77.65,벽돌구조,단독주택,(철근)콘크리트,1979-07-05
대전광역시 대덕구 석봉동 179-27,98.98,경량철골구조,제2종근린생활시설,기타지붕,2022-10-31
대전광역시 대덕구 석봉동 179-28,251.84,철근콘크리트구조,단독주택,(철근)콘크리트,2023-04-20
대전광역시 대덕구 석봉동 179-3,82.68,벽돌구조,단독주택,(철근)콘크리트,1980-01-17
대전광역시 대덕구 석봉동 179-30,346.96,철근콘크리트구조,공동주택,(철근)콘크리트,2001-05-03
대전광역시 대덕구 석봉동 179-35,253.95,철근콘크리트구조,단독주택,(철근)콘크리트,2023-04-27
대전광역시 대덕구 석봉동 179-4,74.29,벽돌구조,단독주택,(철근)콘크리트,1986-06-16
대전광역시 대덕구 석봉동 179-5,414.9,철근콘크리트구조,공동주택,(철근)콘크리트,
대전광역시 대덕구 석봉동 179-7,0.0,벽돌구조,단독주택,(철근)콘크리트,1991-07-23
대전광역시 대덕구 석봉동 179-8,170.94,철근콘크리트구조,단독주택,(철근)콘크리트,2002-03-02
대전광역시 대덕구 석봉동 179-9,61.75,블록구조,단독주택,기와,1975-02-17
대전광역시 대덕구 석봉동 180-1,112.53,벽돌구조,제2종근린생활시설,슬레이트,1987-09-29
대전광역시 대덕구 석봉동 180-10,103.18,벽돌구조,단독주택,(철근)콘크리트,1991-01-28
대전광역시 대덕구 석봉동 180-11,0.0,벽돌구조,단독주택,,
대전광역시 대덕구 석봉동 180-13,84.89,벽돌구조,단독주택,(철근)콘크리트,1995-07-20
대전광역시 대덕구 석봉동 180-14,78.49,벽돌구조,단독주택,(철근)콘크리트,1988-08-30
대전광역시 대덕구 석봉동 180-15,58.96,벽돌구조,단독주택,(철근)콘크리트,1979-04-23
대전광역시 대덕구 석봉동 180-16,149.57,경량철골구조,제2종근린생활시설,기타지붕,2010-04-15
대전광역시 대덕구 석봉동 180-17,350.99,철근콘크리트구조,제2종근린생활시설,(철근)콘크리트,1990-03-21
대전광역시 대덕구 석봉동 180-19,160.85,철근콘크리트구조,제2종근린생활시설,(철근)콘크리트,2019-07-22
대전광역시 대덕구 석봉동 180-2,111.92,벽돌구조,단독주택,기와,1995-06-21
대전광역시 대덕구 석봉동 180-20,215.92000000000002,벽돌구조,단독주택,(철근)콘크리트,1981-07-13
대전광역시 대덕구 석봉동 180-22,61.88,벽돌구조,단독주택,(철근)콘크리트,1980-04-15
대전광역시 대덕구 석봉동 180-26,62.08,블록구조,단독주택,기와,1976
대전광역시 대덕구 석봉동 180-3,169.72,철근콘크리트구조,제2종근린생활시설,(철근)콘크리트,2008-02-29
대전광역시 대덕구 석봉동 180-4,244.28,철근콘크리트구조,단독주택,(철근)콘크리트,2004-05-15
대전광역시 대덕구 석봉동 180-44,40.66,일반목구조,단독주택,기와,1968
대전광역시 대덕구 석봉동 180-6,143.85,벽돌구조,단독주택,(철근)콘크리트,1980-04-18
대전광역시 대덕구 석봉동 180-9,77.45,벽돌구조,단독주택,(철근)콘크리트,1977-10-14
대전광역시 대덕구 석봉동 181-11,103.17,블록구조,단독주택,기와,1983-04-08
대전광역시 대덕구 석봉동 181-21,39.67,기타조적구조,단독주택,기와,1962
대전광역시 대덕구 석봉동 181-25,30.25,블록구조,단독주택,슬레이트,1975-09-03
대전광역시 대덕구 석봉동 181-27,80.85,벽돌구조,단독주택,(철근)콘크리트,1981-07-10
대전광역시 대덕구 석봉동 181-28,100.16,철근콘크리트구조,단독주택,(철근)콘크리트,2000-07-22
대전광역시 대덕구 석봉동 181-3,338.88,철근콘크리트구조,공동주택,(철근)콘크리트,2001-01-15
대전광역시 대덕구 석봉동 181-30,78.03,벽돌구조,단독주택,(철근)콘크리트,2000-05-19
대전광역시 대덕구 석봉동 181-31,80.84,벽돌구조,단독주택,(철근)콘크리트,1983-11-15
대전광역시 대덕구 석봉동 181-34,943.4,철근콘크리트구조,공동주택,(철근)콘크리트,1993-12-28
대전광역시 대덕구 석봉동 181-4,764.6,철근콘크리트구조,공동주택,(철근)콘크리트,1993-02-18
대전광역시 대덕구 석봉동 181-5,103.94,벽돌구조,제2종근린생활시설,슬레이트,2002-06-28
대전광역시 대덕구 석봉동 181-6,100.75,벽돌구조,단독주택,(철근)콘크리트,1995-03-28
대전광역시 대덕구 석봉동 181-7,170.58,철근콘크리트구조,제2종근린생활시설,(철근)콘크리트,
대전광역시 대덕구 석봉동 181-8,132.9,벽돌구조,제2종근린생활시설,(철근)콘크리트,1995-10-18
대전광역시 대덕구 석봉동 181-9,1188.955,철근콘크리트구조,제2종근린생활시설,(철근)콘크리트,1982-05-22
대전광역시 대덕구 석봉동 182-1,91.48,벽돌구조,단독주택,(철근)콘크리트,1984-12-14
대전광역시 대덕구 석봉동 182-10,88.12,벽돌구조,단독주택,(철근)콘크리트,1988-09-21
대전광역시 대덕구 석봉동 182-12,135.17,벽돌구조,단독주택,(철근)콘크리트,1985-03-11
대전광역시 대덕구 석봉동 182-13,114.37,벽돌구조,단독주택,(철근)콘크리트,1991-08-22
대전광역시 대덕구 석봉동 182-14,82.62,벽돌구조,단독주택,기와,1981-12-15
대전광역시 대덕구 석봉동 182-16,73.2,벽돌구조,단독주택,(철근)콘크리트,1984-11-08
대전광역시 대덕구 석봉동 182-18,144.18,철근콘크리트구조,제2종근린생활시설,(철근)콘크리트,1994-09-09
대전광역시 대덕구 석봉동 182-19,160.76,철근콘크리트구조,제2종근린생활시설,(철근)콘크리트,1993-11-19
대전광역시 대덕구 석봉동 182-2,91.07,벽돌구조,단독주택,(철근)콘크리트,1979-07-31
대전광역시 대덕구 석봉동 182-21,75.96,벽돌구조,단독주택,(철근)콘크리트,1980-09-15
대전광역시 대덕구 석봉동 182-22,87.62,벽돌구조,단독주택,(철근)콘크리트,1979-12-20
대전광역시 대덕구 석봉동 182-23,80.78,벽돌구조,단독주택,(철근)콘크리트,1979-12-06
대전광역시 대덕구 석봉동 182-24,152.55,철근콘크리트구조,단독주택,(철근)콘크리트,2010-08-05
대전광역시 대덕구 석봉동 182-32,93.8,벽돌구조,단독주택,(철근)콘크리트,1986-11-25
대전광역시 대덕구 석봉동 182-33,53.32,블록구조,단독주택,기와,1984-01-31
대전광역시 대덕구 석봉동 182-36,81.12,철근콘크리트구조,단독주택,(철근)콘크리트,1986-01-11
대전광역시 대덕구 석봉동 182-5,196.44,철근콘크리트구조,제2종근린생활시설,(철근)콘크리트,1994-05-21
대전광역시 대덕구 석봉동 182-6,177.3,벽돌구조,단독주택,(철근)콘크리트,1980-01-22
대전광역시 대덕구 석봉동 182-7,204.04,철근콘크리트구조,단독주택,(철근)콘크리트,1994-11-29
대전광역시 대덕구 석봉동 182-8,93.48,벽돌구조,단독주택,(철근)콘크리트,1988-12-15
대전광역시 대덕구 석봉동 183-1,146.58,철근콘크리트구조,단독주택,(철근)콘크리트,2011-08-08
대전광역시 대덕구 석봉동 183-12,65.58,벽돌구조,단독주택,(철근)콘크리트,1981-04-28
대전광역시 대덕구 석봉동 183-15,76.92,벽돌구조,단독주택,(철근)콘크리트,1987-07-24
대전광역시 대덕구 석봉동 183-18,72.86,벽돌구조,단독주택,(철근)콘크리트,1983-09-30
대전광역시 대덕구 석봉동 183-2,252.57,철근콘크리트구조,제2종근린생활시설,(철근)콘크리트,1998-10-01
대전광역시 대덕구 석봉동 183-21,91.91,벽돌구조,단독주택,(철근)콘크리트,1989-12-15
대전광역시 대덕구 석봉동 183-22,88.86,벽돌구조,단독주택,(철근)콘크리트,1984-11-07
대전광역시 대덕구 석봉동 183-24,71.84,벽돌구조,단독주택,(철근)콘크리트,1983-09-13
대전광역시 대덕구 석봉동 183-25,108.72,철근콘크리트구조,단독주택,기와,1997-07-22
대전광역시 대덕구 석봉동 183-3,71.28,벽돌구조,단독주택,(철근)콘크리트,1985-04-13
대전광역시 대덕구 석봉동 183-31,195.39,경량철골구조,제2종근린생활시설,기타지붕,1992-06-12
대전광역시 대덕구 석봉동 183-33,162.23,철근콘크리트구조,단독주택,(철근)콘크리트,2011-08-02
대전광역시 대덕구 석봉동 183-34,142.05,철근콘크리트구조,단독주택,(철근)콘크리트,2020-02-27
대전광역시 대덕구 석봉동 183-4,113.39,벽돌구조,단독주택,(철근)콘크리트,1979
대전광역시 대덕구 석봉동 183-8,142.05,철근콘크리트구조,단독주택,(철근)콘크리트,2020-04-02
대전광역시 대덕구 석봉동 183-9,89.4,벽돌구조,단독주택,(철근)콘크리트,1985-06-25
대전광역시 대덕구 석봉동 184,85.42,벽돌구조,단독주택,(철근)콘크리트,1981-01-26
대전광역시 대덕구 석봉동 184-1,319.42,철근콘크리트구조,노유자시설,(철근)콘크리트,1982-05-07
대전광역시 대덕구 석봉동 184-10,49.9,벽돌구조,단독주택,(철근)콘크리트,1982-08-12
대전광역시 대덕구 석봉동 184-11,77.68,벽돌구조,단독주택,(철근)콘크리트,1982-10-19
대전광역시 대덕구 석봉동 184-3,1318.68,철근콘크리트구조,제2종근린생활시설,(철근)콘크리트,1998-11-27
대전광역시 대덕구 석봉동 184-8,94.19,벽돌구조,단독주택,(철근)콘크리트,1994-11-27
대전광역시 대덕구 석봉동 185,48.6,일반목구조,단독주택,기타지붕,1950
대전광역시 대덕구 석봉동 185-1,104.21,벽돌구조,단독주택,기와,1975-01-08
대전광역시 대덕구 석봉동 185-10,154.0,벽돌구조,단독주택,기타지붕,1999-10-16
대전광역시 대덕구 석봉동 185-12,88.63,철근콘크리트구조,단독주택,(철근)콘크리트,2009-08-10
대전광역시 대덕구 석봉동 185-13,61.62,벽돌구조,단독주택,기와,1988-08-11
대전광역시 대덕구 석봉동 185-15,52.63,벽돌구조,단독주택,(철근)콘크리트,1977
대전광역시 대덕구 석봉동 185-16,84.68,블록구조,단독주택,기와,1974-12-19
대전광역시 대덕구 석봉동 185-17,78.35,벽돌구조,단독주택,기와,1974-10-30
대전광역시 대덕구 석봉동 185-18,67.49,벽돌구조,단독주택,기와,1976-09-23
대전광역시 대덕구 석봉동 185-19,105.69,철근콘크리트구조,단독주택,(철근)콘크리트,1997-09-12
대전광역시 대덕구 석봉동 185-2,124.9,벽돌구조,단독주택,(철근)콘크리트,1988-09-10
대전광역시 대덕구 석봉동 185-20,60.28,벽돌구조,단독주택,(철근)콘크리트,1981-04-03
대전광역시 대덕구 석봉동 185-23,57.2,벽돌구조,단독주택,(철근)콘크리트,1979-10-16
대전광역시 대덕구 석봉동 185-24,85.89,벽돌구조,단독주택,(철근)콘크리트,1982-10-30
대전광역시 대덕구 석봉동 185-25,54.24,벽돌구조,단독주택,기와,1974-12-31
대전광역시 대덕구 석봉동 185-26,88.74,경량철골구조,단독주택,기타지붕,2010-10-26
대전광역시 대덕구 석봉동 185-29,84.52,블록구조,단독주택,기와,1975-01-08
대전광역시 대덕구 석봉동 185-30,63.8,벽돌구조,단독주택,(철근)콘크리트,1979-04-16
대전광역시 대덕구 석봉동 185-31,63.82,벽돌구조,단독주택,(철근)콘크리트,1979-04-16
대전광역시 대덕구 석봉동 185-32,80.53,벽돌구조,단독주택,기와,1974-05-26
대전광역시 대덕구 석봉동 185-33,74.05,벽돌구조,단독주택,기와,1975-08-19
대전광역시 대덕구 석봉동 185-34,64.46,벽돌구조,단독주택,기와,1977-12-21
대전광역시 대덕구 석봉동 185-35,76.78,벽돌구조,단독주택,슬레이트,1975-05-07
대전광역시 대덕구 석봉동 185-36,73.29,벽돌구조,단독주택,슬레이트,1975-09-12
대전광역시 대덕구 석봉동 185-37,101.8,일반목구조,단독주택,기와,1984-02-10
대전광역시 대덕구 석봉동 185-38,83.04,벽돌구조,단독주택,(철근)콘크리트,1981-05-12
대전광역시 대덕구 석봉동 185-39,112.12,벽돌구조,단독주택,슬레이트,1976-06-29
대전광역시 대덕구 석봉동 185-4,50.73,벽돌구조,단독주택,(철근)콘크리트,1984-11-09
대전광역시 대덕구 석봉동 185-41,119.11,철근콘크리트구조,제2종근린생활시설,(철근)콘크리트,1992-09-04
대전광역시 대덕구 석봉동 185-43,168.51,철근콘크리트구조,단독주택,(철근)콘크리트,2010-06-16
대전광역시 대덕구 석봉동 185-44,73.93,벽돌구조,단독주택,(철근)콘크리트,1977-01-22
대전광역시 대덕구 석봉동 185-46,71.59,벽돌구조,단독주택,(철근)콘크리트,1988-09-23
대전광역시 대덕구 석봉동 185-5,127.62,벽돌구조,단독주택,(철근)콘크리트,1979-12-13
대전광역시 대덕구 석봉동 185-7,177.95,일반철골구조,제2종근린생활시설,기타지붕,2007-07-16
대전광역시 대덕구 석봉동 185-9,205.2,철근콘크리트구조,제2종근린생활시설,(철근)콘크리트,2005-09-27
대전광역시 대덕구 석봉동 186-10,39.6,블록구조,단독주택,기와,1969
대전광역시 대덕구 석봉동 186-11,76.33,블록구조,단독주택,슬레이트,1982-09-07
대전광역시 대덕구 석봉동 186-12,152.77,철근콘크리트구조,단독주택,(철근)콘크리트,2021-11-01
대전광역시 대덕구 석봉동 186-13,55.76,블록구조,단독주택,기와,1982-09-10
대전광역시 대덕구 석봉동 186-14,73.14,벽돌구조,단독주택,(철근)콘크리트,1994-04-18
대전광역시 대덕구 석봉동 186-15,123.32,벽돌구조,단독주택,기와,1993-08-30
대전광역시 대덕구 석봉동 186-17,219.89,벽돌구조,단독주택,슬레이트,1974
대전광역시 대덕구 석봉동 186-2,54.77,벽돌구조,단독주택,(철근)콘크리트,1979-12-24
대전광역시 대덕구 석봉동 186-21,82.74,벽돌구조,단독주택,(철근)콘크리트,1990-06-04
대전광역시 대덕구 석봉동 186-22,95.83,일반목구조,단독주택,기와,1983-03-07
대전광역시 대덕구 석봉동 186-24,81.7,벽돌구조,단독주택,(철근)콘크리트,1983-09-06
대전광역시 대덕구 석봉동 186-27,108.62,벽돌구조,단독주택,(철근)콘크리트,1992-10-20
대전광역시 대덕구 석봉동 186-28,105.54,벽돌구조,단독주택,(철근)콘크리트,1977-12-26
대전광역시 대덕구 석봉동 186-3,93.15,벽돌구조,단독주택,(철근)콘크리트,1994-07-25
대전광역시 대덕구 석봉동 186-30,73.59,벽돌구조,단독주택,(철근)콘크리트,1980-01-22
대전광역시 대덕구 석봉동 186-31,82.82,벽돌구조,단독주택,(철근)콘크리트,1983-09-19
대전광역시 대덕구 석봉동 186-34,43.77,벽돌구조,단독주택,(철근)콘크리트,1982-12-24
대전광역시 대덕구 석봉동 186-35,42.78,블록구조,단독주택,(철근)콘크리트,1969
대전광역시 대덕구 석봉동 186-37,59.16,벽돌구조,단독주택,(철근)콘크리트,1977-10-05
대전광역시 대덕구 석봉동 186-38,92.85,블록구조,단독주택,기와,1982-11-16
대전광역시 대덕구 석봉동 186-39,60.45,벽돌구조,단독주택,(철근)콘크리트,1984-10-29
대전광역시 대덕구 석봉동 186-4,189.83999999999997,벽돌구조,단독주택,(철근)콘크리트,1984-07-24
대전광역시 대덕구 석봉동 186-42,136.635,경량철골구조,단독주택,기타지붕,1997-04-24
대전광역시 대덕구 석봉동 186-43,112.03,벽돌구조,단독주택,(철근)콘크리트,1978-04-04
대전광역시 대덕구 석봉동 186-44,86.14,벽돌구조,단독주택,(철근)콘크리트,1984-01-30
대전광역시 대덕구 석봉동 186-47,65.63,벽돌구조,단독주택,(철근)콘크리트,1984-01-14
대전광역시 대덕구 석봉동 186-48,49.59,블록구조,단독주택,기와,1970
대전광역시 대덕구 석봉동 186-49,65.17,블록구조,단독주택,기타지붕,2014-11-28
대전광역시 대덕구 석봉동 186-5,102.97,벽돌구조,단독주택,(철근)콘크리트,1977-03-07
대전광역시 대덕구 석봉동 186-52,71.8,벽돌구조,단독주택,(철근)콘크리트,1984-06-25
대전광역시 대덕구 석봉동 186-53,70.69,벽돌구조,단독주택,(철근)콘크리트,1985-10-24
대전광역시 대덕구 석봉동 186-55,69.75,벽돌구조,단독주택,(철근)콘크리트,1984-08-14
대전광역시 대덕구 석봉동 186-56,39.47,블록구조,단독주택,기와,1982-10-08
대전광역시 대덕구 석봉동 186-6,56.66,벽돌구조,단독주택,슬레이트,1979-06-27
대전광역시 대덕구 석봉동 186-61,49.59,벽돌구조,단독주택,기와,1969
대전광역시 대덕구 석봉동 186-62,70.96,철근콘크리트구조,단독주택,(철근)콘크리트,2022-02-28
대전광역시 대덕구 석봉동 186-7,46.94,벽돌구조,단독주택,(철근)콘크리트,1979-09-22
대전광역시 대덕구 석봉동 186-8,71.82,벽돌구조,단독주택,기와,1983-03-28
대전광역시 대덕구 석봉동 186-9,77.52,일반목구조,단독주택,기와,1976
대전광역시 대덕구 석봉동 187-1,72.86,벽돌구조,단독주택,(철근)콘크리트,1988-03-24
대전광역시 대덕구 석봉동 187-11,127.93,경량철골구조,단독주택,(철근)콘크리트,2005-01-31
대전광역시 대덕구 석봉동 187-12,79.76,벽돌구조,단독주택,(철근)콘크리트,1985-07-18
대전광역시 대덕구 석봉동 187-13,114.85,벽돌구조,단독주택,(철근)콘크리트,1991-01-07
대전광역시 대덕구 석봉동 187-16,72.56,벽돌구조,단독주택,(철근)콘크리트,1982-02-26
대전광역시 대덕구 석봉동 187-18,94.41,벽돌구조,단독주택,(철근)콘크리트,2000-07-10
대전광역시 대덕구 석봉동 187-20,23.76,기타조적구조,단독주택,기와,1997-01-05
대전광역시 대덕구 석봉동 187-3,779.91,철근콘크리트구조,단독주택,(철근)콘크리트,2003-12-09
대전광역시 대덕구 석봉동 187-7,440.17,철근콘크리트구조,종교시설,(철근)콘크리트,1994-09-29
대전광역시 대덕구 석봉동 187-9,97.52,벽돌구조,단독주택,(철근)콘크리트,1984-07-24
대전광역시 대덕구 석봉동 188-1,87.91,철근콘크리트구조,제2종근린생활시설,(철근)콘크리트,2018-02-20
대전광역시 대덕구 석봉동 188-10,82.44,벽돌구조,단독주택,(철근)콘크리트,1991-06-22
대전광역시 대덕구 석봉동 188-11,229.66,철근콘크리트구조,단독주택,(철근)콘크리트,1997-02-26
대전광역시 대덕구 석봉동 188-13,404.5,철근콘크리트구조,제2종근린생활시설,(철근)콘크리트,2017-11-24
대전광역시 대덕구 석봉동 188-14,179.32,철근콘크리트구조,제2종근린생활시설,(철근)콘크리트,2017-12-01
대전광역시 대덕구 석봉동 188-2,232.72000000000003,벽돌구조,단독주택,슬레이트,1935
대전광역시 대덕구 석봉동 188-20,70.7,벽돌구조,단독주택,(철근)콘크리트,1983-04-21
대전광역시 대덕구 석봉동 188-3,417.62,철근콘크리트구조,공동주택,(철근)콘크리트,2014-10-17
대전광역시 대덕구 석봉동 188-6,56.32,벽돌구조,제2종근린생활시설,(철근)콘크리트,1991-11-13
대전광역시 대덕구 석봉동 188-7,122.35,벽돌구조,단독주택,(철근)콘크리트,1981-10-16
대전광역시 대덕구 석봉동 188-8,144.87,철근콘크리트구조,단독주택,(철근)콘크리트,2022-01-05
대전광역시 대덕구 석봉동 188-9,409.91999999999996,벽돌구조,공동주택,(철근)콘크리트,1989-11-02
대전광역시 대덕구 석봉동 189,47.93,블록구조,단독주택,슬레이트,1968
대전광역시 대덕구 석봉동 189-12,191.35,철근콘크리트구조,단독주택,(철근)콘크리트,2022-08-02
대전광역시 대덕구 석봉동 189-16,79.86,철근콘크리트구조,단독주택,(철근)콘크리트,1984-03-08
대전광역시 대덕구 석봉동 189-18,1240.0,철근콘크리트구조,공동주택,(철근)콘크리트,2019-09-17
대전광역시 대덕구 석봉동 189-19,110.53,벽돌구조,단독주택,(철근)콘크리트,1993-08-21
대전광역시 대덕구 석봉동 189-22,154.63,벽돌구조,단독주택,기와,1992-07-07
대전광역시 대덕구 석봉동 189-3,408.78999999999996,철근콘크리트구조,단독주택,(철근)콘크리트,1995-04-04
대전광역시 대덕구 석봉동 189-38,199.85,철근콘크리트구조,단독주택,(철근)콘크리트,2022-09-23
대전광역시 대덕구 석봉동 19,63.14,기타조적구조,단독주택,슬레이트,1964
대전광역시 대덕구 석봉동 190-1,53.89,벽돌구조,단독주택,기와,1960
대전광역시 대덕구 석봉동 190-11,66.77,일반목구조,단독주택,기와,1983-03-23
대전광역시 대덕구 석봉동 190-3,76.27,블록구조,단독주택,슬레이트,1929
대전광역시 대덕구 석봉동 190-5,152.07,기타조적구조,단독주택,기와,1968
대전광역시 대덕구 석봉동 191,61.82,일반목구조,단독주택,슬레이트,1925
대전광역시 대덕구 석봉동 191-11,143.33,블록구조,단독주택,슬레이트,1945
대전광역시 대덕구 석봉동 191-12,166.69,철근콘크리트구조,단독주택,(철근)콘크리트,1990-12-24
대전광역시 대덕구 석봉동 191-13,97.49,벽돌구조,단독주택,(철근)콘크리트,1977-01-14
대전광역시 대덕구 석봉동 191-14,169.82,철근콘크리트구조,제2종근린생활시설,(철근)콘크리트,1994-06-09
대전광역시 대덕구 석봉동 191-15,105.54,블록구조,단독주택,슬레이트,1982
대전광역시 대덕구 석봉동 191-17,1352.61,일반철골구조,판매시설,기타지붕,2002-07-26
대전광역시 대덕구 석봉동 191-18,68.85,벽돌구조,단독주택,(철근)콘크리트,
대전광역시 대덕구 석봉동 191-2,159.815,철근콘크리트구조,제2종근린생활시설,(철근)콘크리트,1993-12-30
대전광역시 대덕구 석봉동 191-22,363.64,철근콘크리트구조,공장,(철근)콘크리트,1969
대전광역시 대덕구 석봉동 191-23,746.38,철근콘크리트구조,공동주택,(철근)콘크리트,2006-01-27
대전광역시 대덕구 석봉동 191-24,339.79,철근콘크리트구조,단독주택,(철근)콘크리트,1995-11-16
대전광역시 대덕구 석봉동 191-27,207.77,철근콘크리트구조,단독주택,(철근)콘크리트,2018-11-14
대전광역시 대덕구 석봉동 191-28,116.87,벽돌구조,단독주택,(철근)콘크리트,1981-11-20
대전광역시 대덕구 석봉동 191-29,52.95,벽돌구조,단독주택,(철근)콘크리트,1994-09-10
대전광역시 대덕구 석봉동 191-3,101.12,경량철골구조,단독주택,기타지붕,2016-07-29
대전광역시 대덕구 석봉동 191-43,200.52,철근콘크리트구조,단독주택,(철근)콘크리트,2018-11-15
대전광역시 대덕구 석봉동 191-5,104.15,벽돌구조,단독주택,(철근)콘크리트,1986-04-30
대전광역시 대덕구 석봉동 191-7,259.44,철근콘크리트구조,단독주택,(철근)콘크리트,2023-01-31
대전광역시 대덕구 석봉동 191-9,228.21,철근콘크리트구조,교육연구시설,(철근)콘크리트,1991-09-28
대전광역시 대덕구 석봉동 193-5,51.24,일반목구조,단독주택,기와,1935
대전광역시 대덕구 석봉동 194-13,96.99,벽돌구조,단독주택,(철근)콘크리트,1996-10-21
대전광역시 대덕구 석봉동 194-27,80.84,철근콘크리트구조,제2종근린생활시설,(철근)콘크리트,2022-03-07
대전광역시 대덕구 석봉동 194-3,95.48,블록구조,제2종근린생활시설,(철근)콘크리트,1975
대전광역시 대덕구 석봉동 194-36,169.47,철근콘크리트구조,단독주택,(철근)콘크리트,2015-11-04
대전광역시 대덕구 석봉동 194-4,67.52,철근콘크리트구조,제2종근린생활시설,(철근)콘크리트,1998-09-30
대전광역시 대덕구 석봉동 194-42,127.60999999999999,일반목구조,단독주택,슬레이트,1945
대전광역시 대덕구 석봉동 194-43,84.53,블록구조,단독주택,슬레이트,1945
대전광역시 대덕구 석봉동 194-44,90.78,벽돌구조,단독주택,(철근)콘크리트,1979-11-23
대전광역시 대덕구 석봉동 194-45,237.96,철근콘크리트구조,교육연구시설,(철근)콘크리트,1993-12-09
대전광역시 대덕구 석봉동 194-5,98.88,철근콘크리트구조,제2종근린생활시설,(철근)콘크리트,1998-10-16
대전광역시 대덕구 석봉동 198-1,138.91,철근콘크리트구조,제2종근린생활시설,(철근)콘크리트,2015-11-16
대전광역시 대덕구 석봉동 198-11,44.63,블록구조,단독주택,슬레이트,1960
대전광역시 대덕구 석봉동 198-15,192.94,철근콘크리트구조,제2종근린생활시설,(철근)콘크리트,2000-08-17
대전광역시 대덕구 석봉동 198-2,59.5,블록구조,단독주택,기와,1977-01-26
대전광역시 대덕구 석봉동 198-7,204.09,철근콘크리트구조,제2종근린생활시설,(철근)콘크리트,1999-07-26
대전광역시 대덕구 석봉동 199-1,145.91,철근콘크리트구조,단독주택,(철근)콘크리트,2018-01-26
대전광역시 대덕구 석봉동 199-11,53.11,철근콘크리트구조,제2종근린생활시설,(철근)콘크리트,2000-10-26
대전광역시 대덕구 석봉동 199-14,81.61,벽돌구조,단독주택,(철근)콘크리트,1982-05-25
대전광역시 대덕구 석봉동 199-15,184.54,벽돌구조,단독주택,기와,1981-03-31
대전광역시 대덕구 석봉동 199-17,63.65,철근콘크리트구조,제2종근린생활시설,(철근)콘크리트,2000-08-29
대전광역시 대덕구 석봉동 199-21,182.69,철근콘크리트구조,단독주택,(철근)콘크리트,1974
대전광역시 대덕구 석봉동 199-22,72.0,철근콘크리트구조,제2종근린생활시설,(철근)콘크리트,2000-09-23
대전광역시 대덕구 석봉동 199-25,70.47,벽돌구조,단독주택,슬레이트,1976-08-31
대전광역시 대덕구 석봉동 199-6,589.32,철근콘크리트구조,공동주택,(철근)콘크리트,2022-06-17
대전광역시 대덕구 석봉동 199-7,105.33,철근콘크리트구조,제2종근린생활시설,(철근)콘크리트,1994-05-12
대전광역시 대덕구 석봉동 2-1,427.88,벽돌구조,단독주택,기와,1950
대전광역시 대덕구 석봉동 2-6,46.61,기타조적구조,단독주택,기와,1935
대전광역시 대덕구 석봉동 200-1,90.51,벽돌구조,단독주택,(철근)콘크리트,1974-08-08
대전광역시 대덕구 석봉동 200-12,52.78,벽돌구조,단독주택,(철근)콘크리트,1977-07-25
대전광역시 대덕구 석봉동 200-13,81.6,일반철골구조,단독주택,기타지붕,2015-07-07
대전광역시 대덕구 석봉동 200-15,273.78,철근콘크리트구조,단독주택,(철근)콘크리트,2023-11-06
대전광역시 대덕구 석봉동 200-16,69.05,철근콘크리트구조,단독주택,(철근)콘크리트,2016-10-12
대전광역시 대덕구 석봉동 200-17,60.03,벽돌구조,단독주택,(철근)콘크리트,1978
대전광역시 대덕구 석봉동 200-18,64.78,벽돌구조,단독주택,(철근)콘크리트,1977-04-20
대전광역시 대덕구 석봉동 200-19,64.78,벽돌구조,단독주택,(철근)콘크리트,1978-04-20
대전광역시 대덕구 석봉동 200-2,64.78,벽돌구조,단독주택,(철근)콘크리트,1978-04-20
대전광역시 대덕구 석봉동 200-20,64.78,벽돌구조,단독주택,(철근)콘크리트,1978-04-20
대전광역시 대덕구 석봉동 200-3,493.68,철근콘크리트구조,공동주택,(철근)콘크리트,2021-12-04
대전광역시 대덕구 석봉동 200-5,152.85,철근콘크리트구조,단독주택,(철근)콘크리트,2015-02-04
대전광역시 대덕구 석봉동 200-7,244.16,철근콘크리트구조,단독주택,(철근)콘크리트,2023-11-06
대전광역시 대덕구 석봉동 200-8,195.32,철근콘크리트구조,제2종근린생활시설,(철근)콘크리트,1993-05-21
대전광역시 대덕구 석봉동 200-9,74.16,벽돌구조,단독주택,(철근)콘크리트,1980-07-28
대전광역시 대덕구 석봉동 201-1,388.47,철근콘크리트구조,종교시설,(철근)콘크리트,2002-12-24
대전광역시 대덕구 석봉동 201-10,0.0,벽돌구조,단독주택,(철근)콘크리트,1980
대전광역시 대덕구 석봉동 201-11,68.55,벽돌구조,제2종근린생활시설,(철근)콘크리트,1980-12-08
대전광역시 대덕구 석봉동 201-12,86.09,벽돌구조,단독주택,(철근)콘크리트,1983-10-21
대전광역시 대덕구 석봉동 201-14,113.7,벽돌구조,제2종근린생활시설,(철근)콘크리트,1980-11-25
대전광역시 대덕구 석봉동 201-16,89.98,벽돌구조,단독주택,(철근)콘크리트,1980-10-23
대전광역시 대덕구 석봉동 201-19,77.71,벽돌구조,단독주택,(철근)콘크리트,1983-08-11
대전광역시 대덕구 석봉동 201-20,76.36,벽돌구조,단독주택,(철근)콘크리트,1983-07-29
대전광역시 대덕구 석봉동 201-22,98.73,철근콘크리트구조,단독주택,(철근)콘크리트,1984-07-03
대전광역시 대덕구 석봉동 201-23,109.17,벽돌구조,단독주택,(철근)콘크리트,1983-10-07
대전광역시 대덕구 석봉동 201-24,79.53,벽돌구조,단독주택,(철근)콘크리트,1983-10-14
대전광역시 대덕구 석봉동 201-25,81.29,벽돌구조,단독주택,(철근)콘크리트,1984-09-07
대전광역시 대덕구 석봉동 201-7,112.62,철근콘크리트구조,단독주택,(철근)콘크리트,1999-09-08
대전광역시 대덕구 석봉동 202,17.52,기타조적구조,단독주택,슬레이트,1950
대전광역시 대덕구 석봉동 202-1,94.18,벽돌구조,노유자시설,(철근)콘크리트,1991-08-19
대전광역시 대덕구 석봉동 202-15,60.52,벽돌구조,단독주택,(철근)콘크리트,1979-12-24
대전광역시 대덕구 석봉동 202-17,96.12,철근콘크리트구조,제2종근린생활시설,(철근)콘크리트,1993-11-18
대전광역시 대덕구 석봉동 202-2,1309.12,철근콘크리트구조,공동주택,(철근)콘크리트,1979-10-29
대전광역시 대덕구 석봉동 202-20,73.3,벽돌구조,단독주택,(철근)콘크리트,1980-12-11
대전광역시 대덕구 석봉동 202-31,99.5,경량철골구조,제2종근린생활시설,기타지붕,2016-08-04
대전광역시 대덕구 석봉동 202-6,87.76,벽돌구조,단독주택,(철근)콘크리트,
대전광역시 대덕구 석봉동 202-8,190.75,철근콘크리트구조,창고시설,(철근)콘크리트,1997-08-11
대전광역시 대덕구 석봉동 202-9,73.53,철근콘크리트구조,제2종근린생활시설,(철근)콘크리트,1999-06-30
대전광역시 대덕구 석봉동 203-1,239.5,철근콘크리트구조,단독주택,(철근)콘크리트,2018-08-30
대전광역시 대덕구 석봉동 203-10,80.91,벽돌구조,단독주택,(철근)콘크리트,1988-09-27
대전광역시 대덕구 석봉동 203-12,79.88,블록구조,단독주택,기와,1946
대전광역시 대덕구 석봉동 203-18,93.42,벽돌구조,단독주택,(철근)콘크리트,1996-06-13
대전광역시 대덕구 석봉동 203-2,153.19,벽돌구조,단독주택,(철근)콘크리트,1995-12-04
대전광역시 대덕구 석봉동 203-20,110.41,벽돌구조,단독주택,(철근)콘크리트,1990-11-09
대전광역시 대덕구 석봉동 203-24,103.89,벽돌구조,단독주택,(철근)콘크리트,1998-12-18
대전광역시 대덕구 석봉동 203-25,128.5,벽돌구조,단독주택,(철근)콘크리트,1988-09-01
대전광역시 대덕구 석봉동 203-29,85.76,벽돌구조,단독주택,(철근)콘크리트,1985-09-20
대전광역시 대덕구 석봉동 203-3,77.4,벽돌구조,단독주택,(철근)콘크리트,1981-06-10
대전광역시 대덕구 석봉동 203-4,94.47,벽돌구조,단독주택,(철근)콘크리트,1994-06-18
대전광역시 대덕구 석봉동 203-5,98.51,벽돌구조,단독주택,(철근)콘크리트,1989-06-13
대전광역시 대덕구 석봉동 203-7,138.63,벽돌구조,단독주택,기와,1995-10-09
대전광역시 대덕구 석봉동 203-9,115.95,철골콘크리트구조,단독주택,기타지붕,2006-10-17
대전광역시 대덕구 석봉동 204-1,87.72,벽돌구조,단독주택,(철근)콘크리트,1984-08-08
대전광역시 대덕구 석봉동 204-10,218.94,철근콘크리트구조,단독주택,기타지붕,2016-11-21
대전광역시 대덕구 석봉동 204-11,74.82,벽돌구조,단독주택,(철근)콘크리트,1996-06-08
대전광역시 대덕구 석봉동 204-12,80.66,블록구조,단독주택,기와,1960
대전광역시 대덕구 석봉동 204-14,135.08,벽돌구조,단독주택,기와,1977-10-08
대전광역시 대덕구 석봉동 204-15,77.24,벽돌구조,단독주택,(철근)콘크리트,1977-08-11
대전광역시 대덕구 석봉동 204-16,75.16,벽돌구조,단독주택,(철근)콘크리트,1983-09-13
대전광역시 대덕구 석봉동 204-24,106.83,벽돌구조,단독주택,(철근)콘크리트,1984-11-07
대전광역시 대덕구 석봉동 204-25,88.62,벽돌구조,단독주택,(철근)콘크리트,1984-11-05
대전광역시 대덕구 석봉동 204-26,110.16,벽돌구조,단독주택,기와,1993-12-30
대전광역시 대덕구 석봉동 204-4,596.74,블록구조,단독주택,기와,1946
대전광역시 대덕구 석봉동 204-5,112.62,철근콘크리트구조,단독주택,(철근)콘크리트,2021-10-14
대전광역시 대덕구 석봉동 204-6,122.63,벽돌구조,단독주택,(철근)콘크리트,1984-09-19
대전광역시 대덕구 석봉동 204-7,69.4,벽돌구조,단독주택,(철근)콘크리트,1979-08-23
대전광역시 대덕구 석봉동 204-8,219.45,벽돌구조,단독주택,기와,1993-12-30
대전광역시 대덕구 석봉동 204-9,76.69,벽돌구조,단독주택,(철근)콘크리트,1977-12-22
대전광역시 대덕구 석봉동 205-1,403.34,철근콘크리트구조,공동주택,(철근)콘크리트,2016-05-17
대전광역시 대덕구 석봉동 205-10,93.4,경량철골구조,단독주택,기타지붕,1980-12-30
대전광역시 대덕구 석봉동 205-13,78.78,벽돌구조,단독주택,(철근)콘크리트,1982-08-23
대전광역시 대덕구 석봉동 205-14,88.76,벽돌구조,단독주택,(철근)콘크리트,1982-08-23
대전광역시 대덕구 석봉동 205-17,126.75,일반철골구조,창고시설,기타지붕,2005-07-22
대전광역시 대덕구 석봉동 205-19,126.11,철근콘크리트구조,단독주택,(철근)콘크리트,2017-06-23
대전광역시 대덕구 석봉동 205-20,134.76,철근콘크리트구조,단독주택,(철근)콘크리트,1998-07-30
대전광역시 대덕구 석봉동 205-3,375.8,철근콘크리트구조,제2종근린생활시설,(철근)콘크리트,2020-11-24
대전광역시 대덕구 석봉동 205-4,150.71,벽돌구조,단독주택,(철근)콘크리트,1997-10-11
대전광역시 대덕구 석봉동 205-5,111.01,벽돌구조,단독주택,(철근)콘크리트,1993-07-20
대전광역시 대덕구 석봉동 205-6,61.69,벽돌구조,단독주택,(철근)콘크리트,1978-05-26
대전광역시 대덕구 석봉동 205-7,895.32,철근콘크리트구조,공동주택,(철근)콘크리트,1991-02-04
대전광역시 대덕구 석봉동 205-9,246.76,철근콘크리트구조,단독주택,(철근)콘크리트,2023-04-07
대전광역시 대덕구 석봉동 206-10,192.24,철근콘크리트구조,단독주택,기타지붕,2016-11-29
대전광역시 대덕구 석봉동 206-11,71.01,벽돌구조,단독주택,(철근)콘크리트,1978-12-16
대전광역시 대덕구 석봉동 206-12,66.36,벽돌구조,단독주택,(철근)콘크리트,1982-08-31
대전광역시 대덕구 석봉동 206-13,167.33,벽돌구조,단독주택,(철근)콘크리트,1981-06-09
대전광역시 대덕구 석봉동 206-14,96.83,벽돌구조,단독주택,(철근)콘크리트,1997-06-09
대전광역시 대덕구 석봉동 206-15,96.69,블록구조,단독주택,(철근)콘크리트,
대전광역시 대덕구 석봉동 206-16,99.99,벽돌구조,단독주택,(철근)콘크리트,1989-11-17
대전광역시 대덕구 석봉동 206-17,61.33,벽돌구조,단독주택,기와,1976-12-21
대전광역시 대덕구 석봉동 206-19,56.61,벽돌구조,단독주택,(철근)콘크리트,1985-09-20
대전광역시 대덕구 석봉동 206-2,85.84,벽돌구조,단독주택,(철근)콘크리트,1985-07-06
대전광역시 대덕구 석봉동 206-20,75.37,벽돌구조,단독주택,(철근)콘크리트,1985-06-28
대전광역시 대덕구 석봉동 206-21,78.81,벽돌구조,단독주택,(철근)콘크리트,1985-06-25
대전광역시 대덕구 석봉동 206-24,81.4,벽돌구조,단독주택,(철근)콘크리트,1982-02-16
대전광역시 대덕구 석봉동 206-3,113.53,벽돌구조,단독주택,(철근)콘크리트,1996-03-13
대전광역시 대덕구 석봉동 206-5,99.94,벽돌구조,단독주택,슬레이트,1977-12-07
대전광역시 대덕구 석봉동 206-6,66.02,벽돌구조,단독주택,(철근)콘크리트,1978-12-18
대전광역시 대덕구 석봉동 206-7,110.3,일반목구조,단독주택,기와,1962
대전광역시 대덕구 석봉동 206-8,104.36000000000001,벽돌구조,단독주택,(철근)콘크리트,1946
대전광역시 대덕구 석봉동 207-1,398.14,블록구조,단독주택,기와,1976-06-10
대전광역시 대덕구 석봉동 207-11,146.41,벽돌구조,단독주택,기와,1995-02-04
대전광역시 대덕구 석봉동 207-13,97.03,벽돌구조,단독주택,(철근)콘크리트,1980-04-21
대전광역시 대덕구 석봉동 207-14,77.19,벽돌구조,단독주택,(철근)콘크리트,1989-08-07
대전광역시 대덕구 석봉동 207-16,81.67,벽돌구조,단독주택,(철근)콘크리트,1993-10-23
대전광역시 대덕구 석봉동 207-18,55.08,벽돌구조,단독주택,(철근)콘크리트,1982-11-03
대전광역시 대덕구 석봉동 207-19,87.18,벽돌구조,단독주택,(철근)콘크리트,1994-08-23
대전광역시 대덕구 석봉동 207-2,96.61,벽돌구조,단독주택,(철근)콘크리트,1984-09-19
대전광역시 대덕구 석봉동 207-20,124.44,철근콘크리트구조,단독주택,(철근)콘크리트,1995-12-27
대전광역시 대덕구 석봉동 207-21,73.9,벽돌구조,단독주택,(철근)콘크리트,1981-09-08
대전광역시 대덕구 석봉동 207-22,121.75,철근콘크리트구조,제2종근린생활시설,(철근)콘크리트,2020-11-10
대전광역시 대덕구 석봉동 207-24,219.64,벽돌구조,공동주택,(철근)콘크리트,1988-08-19
대전광역시 대덕구 석봉동 207-27,219.64,벽돌구조,공동주택,(철근)콘크리트,1988-12-14
대전광역시 대덕구 석봉동 207-28,204.96,벽돌구조,공동주택,(철근)콘크리트,1989-09-21
대전광역시 대덕구 석봉동 207-29,204.96,벽돌구조,공동주택,(철근)콘크리트,1989-09-21
대전광역시 대덕구 석봉동 207-3,219.64,벽돌구조,공동주택,(철근)콘크리트,1988-12-14
대전광역시 대덕구 석봉동 207-31,204.96,벽돌구조,공동주택,(철근)콘크리트,1989-09-21
대전광역시 대덕구 석봉동 207-4,219.64,벽돌구조,공동주택,(철근)콘크리트,1988-08-19
대전광역시 대덕구 석봉동 207-6,168.99,철근콘크리트구조,단독주택,(철근)콘크리트,2002-11-27
대전광역시 대덕구 석봉동 207-7,87.21,벽돌구조,단독주택,(철근)콘크리트,1993-09-06
대전광역시 대덕구 석봉동 207-8,86.47,벽돌구조,단독주택,(철근)콘크리트,1980-06-17
대전광역시 대덕구 석봉동 207-9,204.96,벽돌구조,공동주택,(철근)콘크리트,1989-09-21
대전광역시 대덕구 석봉동 22-4,98.84,기타조적구조,단독주택,기와,1963
대전광역시 대덕구 석봉동 22-5,50.91,기타조적구조,단독주택,기와,1955
대전광역시 대덕구 석봉동 235,51.57,기타조적구조,단독주택,슬레이트,1970
대전광역시 대덕구 석봉동 24,11.47,블록구조,제2종근린생활시설,기와,1966
대전광역시 대덕구 석봉동 256-7,109.56,일반목구조,단독주택,기와,1955
대전광역시 대덕구 석봉동 267,42.9,기타조적구조,단독주택,기와,1968
대전광역시 대덕구 석봉동 27,29.75,기타조적구조,단독주택,기와,1969
대전광역시 대덕구 석봉동 280,237.6,블록구조,동.식물관련시설,슬레이트,1962
대전광역시 대덕구 석봉동 286,70.76,벽돌구조,단독주택,(철근)콘크리트,1978-04-07
대전광역시 대덕구 석봉동 286-1,68.43,일반목구조,단독주택,기와,1915
대전광역시 대덕구 석봉동 290,125.62,일반목구조,단독주택,슬레이트,1966
대전광역시 대덕구 석봉동 303,60.02,철근콘크리트구조,제2종근린생활시설,기타지붕,1993-09-25
대전광역시 대덕구 석봉동 303-2,62.11,철근콘크리트구조,공장,(철근)콘크리트,1994-01-27
대전광역시 대덕구 석봉동 303-3,99.98,철근콘크리트구조,제2종근린생활시설,기타지붕,2004-09-09
대전광역시 대덕구 석봉동 305-10,98.52,벽돌구조,단독주택,기타지붕,1976-03-09
대전광역시 대덕구 석봉동 305-11,70.5,철근콘크리트구조,제2종근린생활시설,(철근)콘크리트,2015-08-31
대전광역시 대덕구 석봉동 305-12,87.4,벽돌구조,제2종근린생활시설,기와,1976-04-09
대전광역시 대덕구 석봉동 305-14,133.88,철근콘크리트구조,제2종근린생활시설,(철근)콘크리트,1996-10-16
대전광역시 대덕구 석봉동 305-19,244.2,철근콘크리트구조,제2종근린생활시설,(철근)콘크리트,1995-06-05
대전광역시 대덕구 석봉동 305-2,127.03,벽돌구조,단독주택,기타지붕,1996-04-09
대전광역시 대덕구 석봉동 305-23,102.91,철근콘크리트구조,제2종근린생활시설,(철근)콘크리트,1980-11-25
대전광역시 대덕구 석봉동 305-26,80.43,벽돌구조,단독주택,(철근)콘크리트,1990-08-02
대전광역시 대덕구 석봉동 305-27,73.045,벽돌구조,단독주택,(철근)콘크리트,1995-06-30
대전광역시 대덕구 석봉동 305-28,141.4,철근콘크리트구조,제2종근린생활시설,(철근)콘크리트,1981-05-29
대전광역시 대덕구 석봉동 305-29,107.83,기타조적구조,단독주택,기타지붕,2000-06-22
대전광역시 대덕구 석봉동 305-3,71.89,철근콘크리트구조,제2종근린생활시설,(철근)콘크리트,1995-10-16
대전광역시 대덕구 석봉동 305-31,97.05,벽돌구조,단독주택,기와,1992-09-24
대전광역시 대덕구 석봉동 305-32,93.9,경량철골구조,단독주택,기타지붕,2001-08-14
대전광역시 대덕구 석봉동 305-33,86.7,벽돌구조,단독주택,(철근)콘크리트,1994-10-24
대전광역시 대덕구 석봉동 305-34,53.22,벽돌구조,단독주택,(철근)콘크리트,1994-05-13
대전광역시 대덕구 석봉동 305-35,68.82,벽돌구조,단독주택,(철근)콘크리트,1989-06-13
대전광역시 대덕구 석봉동 305-36,128.64,철근콘크리트구조,노유자시설,(철근)콘크리트,2021-02-23
대전광역시 대덕구 석봉동 305-37,139.06,벽돌구조,단독주택,기와,1995-08-08
대전광역시 대덕구 석봉동 305-38,433.26,철근콘크리트구조,공동주택,(철근)콘크리트,1998-01-17
대전광역시 대덕구 석봉동 305-39,184.99,기타조적구조,단독주택,기와,1945
대전광역시 대덕구 석봉동 305-4,82.62,경량철골구조,제2종근린생활시설,기타지붕,1996-09-24
대전광역시 대덕구 석봉동 305-41,152.34,철근콘크리트구조,제2종근린생활시설,(철근)콘크리트,2020-01-15
대전광역시 대덕구 석봉동 305-43,91.62,경량철골구조,단독주택,기타지붕,2004-07-19
대전광역시 대덕구 석봉동 305-44,78.03,경량철골구조,단독주택,기타지붕,2004-07-20
대전광역시 대덕구 석봉동 305-46,74.46,벽돌구조,단독주택,(철근)콘크리트,1994-06-13
대전광역시 대덕구 석봉동 305-48,89.66,벽돌구조,단독주택,(철근)콘크리트,1991-07-25
대전광역시 대덕구 석봉동 305-5,53.74,벽돌구조,단독주택,기와,1976-04-09
대전광역시 대덕구 석봉동 305-52,93.79,벽돌구조,단독주택,기와,1988-09-19
대전광역시 대덕구 석봉동 305-53,113.1,철근콘크리트구조,단독주택,(철근)콘크리트,2010-10-27
대전광역시 대덕구 석봉동 305-6,87.07,벽돌구조,단독주택,(철근)콘크리트,1994-11-03
대전광역시 대덕구 석봉동 305-7,78.98,벽돌구조,단독주택,(철근)콘크리트,1997-07-18
대전광역시 대덕구 석봉동 305-8,80.28,벽돌구조,단독주택,(철근)콘크리트,1994-08-13
대전광역시 대덕구 석봉동 306-1,73.65,철근콘크리트구조,단독주택,(철근)콘크리트,2004-07-27
대전광역시 대덕구 석봉동 306-11,98.73,벽돌구조,단독주택,(철근)콘크리트,1995-09-19
대전광역시 대덕구 석봉동 306-13,94.57,일반목구조,단독주택,기와,1945
대전광역시 대덕구 석봉동 306-14,67.0,벽돌구조,단독주택,(철근)콘크리트,1979
대전광역시 대덕구 석봉동 306-15,238.93,블록구조,단독주택,슬레이트,1984-08-29
대전광역시 대덕구 석봉동 306-16,78.05,벽돌구조,단독주택,(철근)콘크리트,1989-12-30
대전광역시 대덕구 석봉동 306-17,233.98,철근콘크리트구조,단독주택,(철근)콘크리트,2012-11-23
대전광역시 대덕구 석봉동 306-19,71.16,벽돌구조,단독주택,(철근)콘크리트,2001-12-21
대전광역시 대덕구 석봉동 306-2,175.24,일반철골구조,제2종근린생활시설,기타지붕,2002-02-15
대전광역시 대덕구 석봉동 306-20,113.085,벽돌구조,단독주택,(철근)콘크리트,1992-06-08
대전광역시 대덕구 석봉동 306-22,115.66,벽돌구조,단독주택,(철근)콘크리트,1989-08-12
대전광역시 대덕구 석봉동 306-23,92.79,벽돌구조,단독주택,(철근)콘크리트,1997-06-25
대전광역시 대덕구 석봉동 306-24,111.72,벽돌구조,단독주택,(철근)콘크리트,1992-06-04
대전광역시 대덕구 석봉동 306-26,187.44,철근콘크리트구조,단독주택,(철근)콘크리트,2003-10-08
대전광역시 대덕구 석봉동 306-27,99.72,벽돌구조,단독주택,(철근)콘크리트,1995-08-14
대전광역시 대덕구 석봉동 306-28,92.72,벽돌구조,단독주택,기와,1993-10-21
대전광역시 대덕구 석봉동 306-30,58.6,벽돌구조,단독주택,(철근)콘크리트,1993-05-21
대전광역시 대덕구 석봉동 306-31,0.0,블록구조,단독주택,슬레이트,1969
대전광역시 대덕구 석봉동 306-32,197.87,벽돌구조,단독주택,기와,1963
대전광역시 대덕구 석봉동 306-34,69.08,벽돌구조,단독주택,(철근)콘크리트,1985-11-26
대전광역시 대덕구 석봉동 306-35,60.8,철근콘크리트구조,단독주택,(철근)콘크리트,1985-07-03
대전광역시 대덕구 석봉동 306-36,120.45,철근콘크리트구조,단독주택,(철근)콘크리트,2002-07-26
대전광역시 대덕구 석봉동 306-37,134.545,철근콘크리트구조,단독주택,(철근)콘크리트,1997-03-20
대전광역시 대덕구 석봉동 306-39,56.2,기타조적구조,단독주택,기와,1958
대전광역시 대덕구 석봉동 306-4,125.82,철근콘크리트구조,단독주택,(철근)콘크리트,2014-12-11
대전광역시 대덕구 석봉동 306-41,120.17,철근콘크리트구조,단독주택,(철근)콘크리트,2018-07-21
대전광역시 대덕구 석봉동 306-5,172.92,철근콘크리트구조,단독주택,(철근)콘크리트,1995-11-10
대전광역시 대덕구 석봉동 306-6,110.69,철근콘크리트구조,단독주택,(철근)콘크리트,1996-11-28
대전광역시 대덕구 석봉동 306-7,194.58,철근콘크리트구조,단독주택,(철근)콘크리트,1993-11-19
대전광역시 대덕구 석봉동 306-8,107.11,벽돌구조,단독주택,(철근)콘크리트,1995-04-20
대전광역시 대덕구 석봉동 306-9,69.28,기타조적구조,단독주택,기와,1955
대전광역시 대덕구 석봉동 307-13,87.58,벽돌구조,단독주택,(철근)콘크리트,1990-09-19
대전광역시 대덕구 석봉동 307-14,102.48,일반목구조,단독주택,기와,1945
대전광역시 대덕구 석봉동 307-15,289.91,기타조적구조,단독주택,기와,1955
대전광역시 대덕구 석봉동 307-17,160.98,철근콘크리트구조,노유자시설,(철근)콘크리트,2005-10-12
대전광역시 대덕구 석봉동 307-18,192.07,벽돌구조,제2종근린생활시설,(철근)콘크리트,1960
대전광역시 대덕구 석봉동 307-2,70.18,일반목구조,단독주택,기타지붕,2015-02-16
대전광역시 대덕구 석봉동 307-20,277.7,철근콘크리트구조,단독주택,(철근)콘크리트,2019-05-21
대전광역시 대덕구 석봉동 307-22,179.06,철근콘크리트구조,제2종근린생활시설,(철근)콘크리트,1993-12-10
대전광역시 대덕구 석봉동 307-25,103.24,경량철골구조,단독주택,기타지붕,2014-05-01
대전광역시 대덕구 석봉동 307-27,94.06,벽돌구조,단독주택,(철근)콘크리트,1991-05-16
대전광역시 대덕구 석봉동 307-28,178.92,철근콘크리트구조,단독주택,(철근)콘크리트,2019-05-30
대전광역시 대덕구 석봉동 307-3,60.0,벽돌구조,단독주택,(철근)콘크리트,1986-07-24
대전광역시 대덕구 석봉동 307-30,229.25,철근콘크리트구조,단독주택,(철근)콘크리트,2020-01-10
대전광역시 대덕구 석봉동 307-32,79.94,벽돌구조,단독주택,(철근)콘크리트,1987-04-30
대전광역시 대덕구 석봉동 307-5,166.24,벽돌구조,단독주택,(철근)콘크리트,1993-10-12
대전광역시 대덕구 석봉동 307-6,178.42,철근콘크리트구조,단독주택,(철근)콘크리트,2023-02-24
대전광역시 대덕구 석봉동 307-7,330.21000000000004,벽돌구조,단독주택,기와,1992-08-06
대전광역시 대덕구 석봉동 307-8,52.85,벽돌구조,단독주택,(철근)콘크리트,1988-07-09
대전광역시 대덕구 석봉동 307-9,137.07,벽돌구조,단독주택,(철근)콘크리트,1990-12-22
대전광역시 대덕구 석봉동 308-1,62.94,벽돌구조,단독주택,(철근)콘크리트,1985-01-29
대전광역시 대덕구 석봉동 308-11,89.56,벽돌구조,단독주택,(철근)콘크리트,1997-11-19
대전광역시 대덕구 석봉동 308-12,119.95,철근콘크리트구조,단독주택,(철근)콘크리트,2019-05-31
대전광역시 대덕구 석봉동 308-17,96.31,벽돌구조,단독주택,(철근)콘크리트,1996-12-04
대전광역시 대덕구 석봉동 308-18,202.44,철근콘크리트구조,단독주택,(철근)콘크리트,2011-11-21
대전광역시 대덕구 석봉동 308-19,32.4,경량철골구조,제2종근린생활시설,기타지붕,1996-09-07
대전광역시 대덕구 석봉동 308-2,71.25,경량철골구조,제2종근린생활시설,기타지붕,2005-04-29
대전광역시 대덕구 석봉동 308-3,332.38,철근콘크리트구조,제2종근린생활시설,(철근)콘크리트,1994-11-01
대전광역시 대덕구 석봉동 308-4,45.88,벽돌구조,단독주택,(철근)콘크리트,1989-10-04
대전광역시 대덕구 석봉동 308-5,123.865,벽돌구조,단독주택,(철근)콘크리트,1995-08-25
대전광역시 대덕구 석봉동 308-6,51.17,벽돌구조,단독주택,(철근)콘크리트,1985-06-20
대전광역시 대덕구 석봉동 308-7,4399.398,경량철골구조,교육연구시설,기타지붕,1998-06-26
대전광역시 대덕구 석봉동 308-9,99.63,경량철골구조,제2종근린생활시설,기타지붕,2013-10-23
대전광역시 대덕구 석봉동 309-1,1886.06,철근콘크리트구조,단독주택,(철근)콘크리트,1989-10-10
대전광역시 대덕구 석봉동 309-10,254.05,철근콘크리트구조,제2종근린생활시설,(철근)콘크리트,2016-04-14
대전광역시 대덕구 석봉동 309-11,252.51,경량철골구조,제2종근린생활시설,기타지붕,1986-12-03
대전광역시 대덕구 석봉동 309-15,86.24,철근콘크리트구조,단독주택,(철근)콘크리트,1987-02-06
대전광역시 대덕구 석봉동 309-16,112.32,경량철골구조,제2종근린생활시설,기타지붕,1990-09-27
대전광역시 대덕구 석봉동 309-20,110.8,경량철골구조,제2종근린생활시설,(철근)콘크리트,1989-06-09
대전광역시 대덕구 석봉동 309-21,86.9,철근콘크리트구조,단독주택,(철근)콘크리트,1989-07-28
대전광역시 대덕구 석봉동 309-22,85.86,벽돌구조,단독주택,(철근)콘크리트,1986-07-16
대전광역시 대덕구 석봉동 309-23,163.8,경량철골구조,제2종근린생활시설,기타지붕,2022-09-02
대전광역시 대덕구 석봉동 309-24,86.76,철근콘크리트구조,단독주택,(철근)콘크리트,
대전광역시 대덕구 석봉동 309-25,236.5,일반철골구조,제2종근린생활시설,기타지붕,2016-06-14
대전광역시 대덕구 석봉동 309-27,86.23,철근콘크리트구조,단독주택,(철근)콘크리트,1989-11-21
대전광역시 대덕구 석봉동 309-28,112.32,경량철골구조,제2종근린생활시설,슬레이트,1991-08-30
대전광역시 대덕구 석봉동 309-29,86.6,철근콘크리트구조,단독주택,(철근)콘크리트,1989-07-28
대전광역시 대덕구 석봉동 309-30,102.0,일반철골구조,단독주택,(철근)콘크리트,1993-10-15
대전광역시 대덕구 석봉동 309-31,117.22,철근콘크리트구조,단독주택,(철근)콘크리트,2017-06-23
대전광역시 대덕구 석봉동 309-34,86.36,철근콘크리트구조,단독주택,(철근)콘크리트,1989-08-22
대전광역시 대덕구 석봉동 309-44,86.23,벽돌구조,단독주택,(철근)콘크리트,1989-10-11
대전광역시 대덕구 석봉동 309-47,183.45,철근콘크리트구조,제2종근린생활시설,(철근)콘크리트,2018-12-31
대전광역시 대덕구 석봉동 309-49,96.53,철근콘크리트구조,단독주택,(철근)콘크리트,1987-04-30
대전광역시 대덕구 석봉동 310-1,459.64,철근콘크리트구조,단독주택,(철근)콘크리트,2020-02-19
대전광역시 대덕구 석봉동 310-11,53.755,경량철골구조,제2종근린생활시설,기타지붕,1997-08-18
대전광역시 대덕구 석봉동 310-13,129.84,철근콘크리트구조,제2종근린생활시설,(철근)콘크리트,1993-08-04
대전광역시 대덕구 석봉동 310-14,455.92,철근콘크리트구조,단독주택,(철근)콘크리트,2020-02-19
대전광역시 대덕구 석봉동 310-2,134.5,철근콘크리트구조,제2종근린생활시설,(철근)콘크리트,1992-10-31
대전광역시 대덕구 석봉동 310-9,116.73,철근콘크리트구조,제2종근린생활시설,(철근)콘크리트,1995-11-28
대전광역시 대덕구 석봉동 311-1,3775.415,경량철골구조,교육연구시설,(철근)콘크리트,2011-07-13
대전광역시 대덕구 석봉동 311-2,377.96,철근콘크리트구조,공동주택,(철근)콘크리트,1999-01-11
대전광역시 대덕구 석봉동 311-3,107.52,철근콘크리트구조,단독주택,(철근)콘크리트,2015-05-14
대전광역시 대덕구 석봉동 311-5,164.36,철근콘크리트구조,단독주택,(철근)콘크리트,1986-05-29
대전광역시 대덕구 석봉동 312-1,128.67,철근콘크리트구조,단독주택,(철근)콘크리트,2002-08-02
대전광역시 대덕구 석봉동 312-10,79.57,벽돌구조,단독주택,(철근)콘크리트,1979-02-21
대전광역시 대덕구 석봉동 312-17,29.42,블록구조,단독주택,기와,1970-12-31
대전광역시 대덕구 석봉동 312-18,345.78,철근콘크리트구조,공동주택,(철근)콘크리트,2013-07-04
대전광역시 대덕구 석봉동 312-19,286.8,철근콘크리트구조,공동주택,(철근)콘크리트,2002-08-16
대전광역시 대덕구 석봉동 312-2,407.4,기타조적구조,단독주택,기와,1950
대전광역시 대덕구 석봉동 312-21,187.79,철근콘크리트구조,단독주택,(철근)콘크리트,2017-05-08
대전광역시 대덕구 석봉동 312-27,205.86,철근콘크리트구조,단독주택,(철근)콘크리트,2003-03-21
대전광역시 대덕구 석봉동 312-28,211.3,철근콘크리트구조,제2종근린생활시설,(철근)콘크리트,2006-06-13
대전광역시 대덕구 석봉동 312-3,673.47,철근콘크리트구조,교육연구시설,(철근)콘크리트,2015-10-12
대전광역시 대덕구 석봉동 312-30,67.98,철근콘크리트구조,단독주택,(철근)콘크리트,2022-05-12
대전광역시 대덕구 석봉동 312-31,105.395,벽돌구조,단독주택,(철근)콘크리트,1992-07-23
대전광역시 대덕구 석봉동 312-32,73.1,경량철골구조,단독주택,기타지붕,2003-03-28
대전광역시 대덕구 석봉동 312-35,146.75,철근콘크리트구조,단독주택,(철근)콘크리트,2002-01-18
대전광역시 대덕구 석봉동 312-39,391.2,경량철골구조,제2종근린생활시설,기타지붕,2024-05-24
대전광역시 대덕구 석봉동 312-40,221.82,철근콘크리트구조,단독주택,(철근)콘크리트,2017-05-08
대전광역시 대덕구 석봉동 312-6,188.13,철근콘크리트구조,단독주택,(철근)콘크리트,2011-12-27
대전광역시 대덕구 석봉동 312-8,81.24,벽돌구조,단독주택,(철근)콘크리트,1995-05-17
대전광역시 대덕구 석봉동 313-1,4469.28,철근콘크리트구조,공동주택,(철근)콘크리트,1995-11-10
대전광역시 대덕구 석봉동 313-13,1088.762,기타조적구조,단독주택,슬레이트,1940
대전광역시 대덕구 석봉동 313-17,438.88,일반철골구조,창고시설,기타지붕,2009-12-22
대전광역시 대덕구 석봉동 313-20,99.75,경량철골구조,제2종근린생활시설,기타지붕,2020-06-16
대전광역시 대덕구 석봉동 313-4,99.23,일반철골구조,창고시설,기타지붕,2016-10-10
대전광역시 대덕구 석봉동 313-6,155.98,철근콘크리트구조,단독주택,(철근)콘크리트,2019-09-09
대전광역시 대덕구 석봉동 313-7,166.74,벽돌구조,단독주택,기와,1988-08-01
대전광역시 대덕구 석봉동 313-8,158.4,경량철골구조,제2종근린생활시설,기타지붕,2021-07-29
대전광역시 대덕구 석봉동 313-9,79.62,벽돌구조,단독주택,(철근)콘크리트,1990-08-14
대전광역시 대덕구 석봉동 314-1,587.28,철근콘크리트구조,제2종근린생활시설,(철근)콘크리트,1992-10-20
대전광역시 대덕구 석봉동 314-2,2252.78,철근콘크리트구조,교육연구시설,(철근)콘크리트,2018-04-04
대전광역시 대덕구 석봉동 314-5,140.79,경량철골구조,창고시설,기타지붕,2007-10-10
대전광역시 대덕구 석봉동 314-6,718.2,철근콘크리트구조,공동주택,(철근)콘크리트,1997-09-02
대전광역시 대덕구 석봉동 315-1,243.66,철근콘크리트구조,제2종근린생활시설,(철근)콘크리트,1994-05-03
대전광역시 대덕구 석봉동 315-2,367.15,경량철골구조,제2종근린생활시설,기타지붕,2008-04-23
대전광역시 대덕구 석봉동 315-3,82.84,경량철골구조,자동차관련시설,기타지붕,2024-03-22
대전광역시 대덕구 석봉동 315-4,28.95,벽돌구조,제2종근린생활시설,기타지붕,1994-08-23
대전광역시 대덕구 석봉동 315-5,194.81,일반철골구조,창고시설,(철근)콘크리트,2011-12-23
대전광역시 대덕구 석봉동 316-1,205.54,철근콘크리트구조,제2종근린생활시설,(철근)콘크리트,1995-10-17
대전광역시 대덕구 석봉동 316-10,87.89,벽돌구조,단독주택,(철근)콘크리트,1985-06-03
대전광역시 대덕구 석봉동 316-11,81.24,벽돌구조,단독주택,(철근)콘크리트,1984-03-31
대전광역시 대덕구 석봉동 316-14,299.9,철근콘크리트구조,공동주택,(철근)콘크리트,1995-07-20
대전광역시 대덕구 석봉동 316-16,419.36,철근콘크리트구조,공동주택,(철근)콘크리트,1997-01-24
대전광역시 대덕구 석봉동 316-17,37.28,벽돌구조,제2종근린생활시설,(철근)콘크리트,1995-12-14
대전광역시 대덕구 석봉동 316-18,174.78,철근콘크리트구조,제2종근린생활시설,(철근)콘크리트,1997-10-08
대전광역시 대덕구 석봉동 316-19,49.8,경량철골구조,제2종근린생활시설,,
대전광역시 대덕구 석봉동 316-2,74.12,벽돌구조,단독주택,기타지붕,
대전광역시 대덕구 석봉동 316-22,215.792,철근콘크리트구조,공동주택,(철근)콘크리트,1994-12-07
대전광역시 대덕구 석봉동 316-23,139.43,벽돌구조,단독주택,(철근)콘크리트,1995-07-20
대전광역시 대덕구 석봉동 316-24,250.31,철근콘크리트구조,제2종근린생활시설,(철근)콘크리트,1992-08-26
대전광역시 대덕구 석봉동 316-25,278.1,일반철골구조,제2종근린생활시설,기타지붕,2020-01-09
대전광역시 대덕구 석봉동 316-27,305.23,벽돌구조,제2종근린생활시설,(철근)콘크리트,1992-01-06
대전광역시 대덕구 석봉동 316-29,150.49,철근콘크리트구조,제2종근린생활시설,(철근)콘크리트,1997-02-12
대전광역시 대덕구 석봉동 316-3,114.41,벽돌구조,단독주택,(철근)콘크리트,1988-11-03
대전광역시 대덕구 석봉동 316-31,71.79,철근콘크리트구조,단독주택,(철근)콘크리트,2024-02-20
대전광역시 대덕구 석봉동 316-34,95.08,벽돌구조,단독주택,(철근)콘크리트,1992-01-04
대전광역시 대덕구 석봉동 316-38,63.73,벽돌구조,단독주택,(철근)콘크리트,1989-12-08
대전광역시 대덕구 석봉동 316-39,81.24,벽돌구조,단독주택,(철근)콘크리트,1984-03-31
대전광역시 대덕구 석봉동 316-40,81.24,벽돌구조,단독주택,(철근)콘크리트,1984-03-31
대전광역시 대덕구 석봉동 316-42,252.84,철근콘크리트구조,단독주택,(철근)콘크리트,2011-10-19
대전광역시 대덕구 석봉동 316-43,441.18,철근콘크리트구조,공동주택,(철근)콘크리트,2017-06-01
대전광역시 대덕구 석봉동 316-45,216.96,철근콘크리트구조,단독주택,(철근)콘크리트,2018-10-31
대전광역시 대덕구 석봉동 316-46,427.44,철근콘크리트구조,공동주택,(철근)콘크리트,2017-08-11
대전광역시 대덕구 석봉동 316-47,256.57,일반철골구조,창고시설,기타지붕,2018-05-25
대전광역시 대덕구 석봉동 316-48,93.35,일반철골구조,제2종근린생활시설,기타지붕,2018-05-25
대전광역시 대덕구 석봉동 316-49,117.9,일반철골구조,단독주택,(철근)콘크리트,2023-05-09
대전광역시 대덕구 석봉동 316-5,214.89,철근콘크리트구조,단독주택,(철근)콘크리트,2018-05-17
대전광역시 대덕구 석봉동 316-6,340.04,철근콘크리트구조,공동주택,(철근)콘크리트,1994-11-15
대전광역시 대덕구 석봉동 316-7,612.82,철근콘크리트구조,공동주택,(철근)콘크리트,1995-10-09
대전광역시 대덕구 석봉동 316-8,62.71,벽돌구조,단독주택,(철근)콘크리트,1989-12-12
대전광역시 대덕구 석봉동 317-1,134.4,철근콘크리트구조,제2종근린생활시설,(철근)콘크리트,2003-09-02
대전광역시 대덕구 석봉동 317-12,327.99,일반철골구조,제2종근린생활시설,(철근)콘크리트,2017-01-04
대전광역시 대덕구 석봉동 317-2,246.7,경량철골구조,제2종근린생활시설,기타지붕,1993-09-17
대전광역시 대덕구 석봉동 317-3,191.73,경량철골구조,제2종근린생활시설,기타지붕,1992-05-12
대전광역시 대덕구 석봉동 317-6,74.16,벽돌구조,제2종근린생활시설,(철근)콘크리트,1994-11-29
대전광역시 대덕구 석봉동 317-7,325.49,철근콘크리트구조,제2종근린생활시설,(철근)콘크리트,1986-09-26
대전광역시 대덕구 석봉동 318-2,1742.98,일반철골구조,판매시설,기타지붕,2003-07-25
대전광역시 대덕구 석봉동 319-1,28.76,블록구조,단독주택,기와,1965
대전광역시 대덕구 석봉동 319-10,110.0,일반철골구조,제2종근린생활시설,기타지붕,2004-04-28
대전광역시 대덕구 석봉동 319-11,254.68,일반철골구조,제2종근린생활시설,기타지붕,2020-05-29
대전광역시 대덕구 석봉동 319-13,171.0,일반철골구조,제2종근린생활시설,기타지붕,2003-12-08
대전광역시 대덕구 석봉동 319-14,173.82,철근콘크리트구조,단독주택,(철근)콘크리트,2016-08-22
대전광역시 대덕구 석봉동 319-2,241.92,경량철골구조,제2종근린생활시설,기타지붕,1994-05-17
대전광역시 대덕구 석봉동 319-3,173.82,철근콘크리트구조,단독주택,(철근)콘크리트,2016-09-05
대전광역시 대덕구 석봉동 319-4,111.06,벽돌구조,단독주택,(철근)콘크리트,1984-12-07
대전광역시 대덕구 석봉동 319-5,125.62,철근콘크리트구조,단독주택,기타지붕,1994-08-26
대전광역시 대덕구 석봉동 319-6,70.43,벽돌구조,단독주택,기와,1986-07-08
대전광역시 대덕구 석봉동 319-7,110.42,철근콘크리트구조,단독주택,(철근)콘크리트,2013-02-13
대전광역시 대덕구 석봉동 319-8,70.11,벽돌구조,단독주택,(철근)콘크리트,1984-11-29
대전광역시 대덕구 석봉동 319-9,132.71,철근콘크리트구조,제2종근린생활시설,(철근)콘크리트,1997-09-18
대전광역시 대덕구 석봉동 320-1,141.3,철근콘크리트구조,단독주택,(철근)콘크리트,2019-07-26
대전광역시 대덕구 석봉동 320-11,238.5,경량철골구조,창고시설,기타지붕,1996-07-29
대전광역시 대덕구 석봉동 320-12,88.96,벽돌구조,단독주택,(철근)콘크리트,1983-11-15
대전광역시 대덕구 석봉동 320-14,138.99,철근콘크리트구조,단독주택,(철근)콘크리트,1997-06-04
대전광역시 대덕구 석봉동 320-15,61.16,벽돌구조,단독주택,기와,1976
대전광역시 대덕구 석봉동 320-16,61.16,벽돌구조,단독주택,기와,1976-12-15
대전광역시 대덕구 석봉동 320-17,104.4,벽돌구조,단독주택,(철근)콘크리트,1984-09-15
대전광역시 대덕구 석봉동 320-2,61.15,벽돌구조,단독주택,기와,1976-12-15
대전광역시 대덕구 석봉동 320-20,143.35,철근콘크리트구조,단독주택,(철근)콘크리트,1996-09-16
대전광역시 대덕구 석봉동 320-22,836.78,철근콘크리트구조,공동주택,(철근)콘크리트,1996-02-15
대전광역시 대덕구 석봉동 320-23,86.05,벽돌구조,단독주택,(철근)콘크리트,1985-08-13
대전광역시 대덕구 석봉동 320-3,61.16,벽돌구조,단독주택,기와,1976-12-05
대전광역시 대덕구 석봉동 320-4,96.3,일반철골구조,제2종근린생활시설,기타지붕,2009-07-17
대전광역시 대덕구 석봉동 320-6,84.2,경량철골구조,제2종근린생활시설,기타지붕,2008-10-02
대전광역시 대덕구 석봉동 320-7,154.24,철근콘크리트구조,단독주택,(철근)콘크리트,2009-12-18
대전광역시 대덕구 석봉동 320-8,231.88,철근콘크리트구조,단독주택,(철근)콘크리트,2017-12-01
대전광역시 대덕구 석봉동 321,1532.16,기타조적구조,단독주택,기와,1965
대전광역시 대덕구 석봉동 321-1,82.3,철근콘크리트구조,단독주택,(철근)콘크리트,2003-06-26
대전광역시 대덕구 석봉동 321-11,432.3,철근콘크리트구조,공동주택,(철근)콘크리트,1995-02-16
대전광역시 대덕구 석봉동 321-12,114.36,철근콘크리트구조,단독주택,(철근)콘크리트,2010-06-04
대전광역시 대덕구 석봉동 321-15,78.33,벽돌구조,단독주택,기와,1976-09-02
대전광역시 대덕구 석봉동 321-16,61.16,벽돌구조,단독주택,기와,1976-09-02
대전광역시 대덕구 석봉동 321-2,107.44999999999999,벽돌구조,단독주택,기와,1976
대전광역시 대덕구 석봉동 321-24,121.86,벽돌구조,단독주택,기와,1968
대전광역시 대덕구 석봉동 321-3,61.16,벽돌구조,단독주택,기와,1976-09-02
대전광역시 대덕구 석봉동 321-37,47.94,기타조적구조,단독주택,기와,1955
대전광역시 대덕구 석봉동 321-4,61.16,벽돌구조,단독주택,기타지붕,1976-12-15
대전광역시 대덕구 석봉동 321-5,60.06,벽돌구조,단독주택,기와,1976-09-02
대전광역시 대덕구 석봉동 321-51,114.36,철근콘크리트구조,단독주택,(철근)콘크리트,2010-06-23
대전광역시 대덕구 석봉동 321-6,120.75999999999999,기타조적구조,단독주택,기와,1963
대전광역시 대덕구 석봉동 321-7,154.31,철근콘크리트구조,단독주택,(철근)콘크리트,2010-07-20
대전광역시 대덕구 석봉동 321-8,918.98,철근콘크리트구조,공동주택,(철근)콘크리트,1991-06-14
대전광역시 대덕구 석봉동 321-9,203.6,일반철골구조,제2종근린생활시설,기타지붕,2002-06-27
대전광역시 대덕구 석봉동 322-1,201.0,경량철골구조,제2종근린생활시설,(철근)콘크리트,1993-07-22
대전광역시 대덕구 석봉동 322-10,403.01,경량철골구조,제2종근린생활시설,기타지붕,1995-05-29
대전광역시 대덕구 석봉동 322-11,1315.8600000000001,벽돌구조,공동주택,(철근)콘크리트,1988-12-17
대전광역시 대덕구 석봉동 322-13,157.2,경량철골구조,제2종근린생활시설,기타지붕,1993-07-22
대전광역시 대덕구 석봉동 322-15,118.595,철근콘크리트구조,제2종근린생활시설,(철근)콘크리트,1994-12-02
대전광역시 대덕구 석봉동 322-16,120.17,철근콘크리트구조,제2종근린생활시설,(철근)콘크리트,1996-11-21
대전광역시 대덕구 석봉동 322-2,324.19,경량철골구조,단독주택,기타지붕,2021-08-12
대전광역시 대덕구 석봉동 322-4,90.0,벽돌구조,노유자시설,(철근)콘크리트,1994-10-07
대전광역시 대덕구 석봉동 322-5,396.17,일반철골구조,창고시설,기타지붕,2002-07-13
대전광역시 대덕구 석봉동 322-6,1075.06,일반철골구조,운동시설,기타지붕,2004-09-04
대전광역시 대덕구 석봉동 322-8,303.8,일반철골구조,창고시설,기타지붕,2014-05-29
대전광역시 대덕구 석봉동 329-2,39.67,블록구조,창고시설,슬레이트,1969
대전광역시 대덕구 석봉동 330,68.12,벽돌구조,단독주택,(철근)콘크리트,1981-08-01
대전광역시 대덕구 석봉동 345-8,33.06,일반목구조,단독주택,슬레이트,1945
대전광역시 대덕구 석봉동 347-2,39.67,일반목구조,단독주택,기타지붕,1945
대전광역시 대덕구 석봉동 347-20,35.05,일반목구조,단독주택,슬레이트,1940
대전광역시 대덕구 석봉동 348-12,15.54,기타조적구조,단독주택,기와,1965
대전광역시 대덕구 석봉동 348-2,60.5,기타조적구조,단독주택,기와,1960
대전광역시 대덕구 석봉동 352,39.67,벽돌구조,단독주택,(철근)콘크리트,1969
대전광역시 대덕구 석봉동 353,51.57,기타조적구조,단독주택,기와,1960
대전광역시 대덕구 석봉동 353-1,82.82,벽돌구조,단독주택,(철근)콘크리트,1982-07-02
대전광역시 대덕구 석봉동 353-20,125.62,블록구조,단독주택,기와,1965
대전광역시 대덕구 석봉동 353-25,56.2,블록구조,단독주택,기와,1968
대전광역시 대덕구 석봉동 353-3,162.0,일반철골구조,제2종근린생활시설,기타지붕,2019-04-03
대전광역시 대덕구 석봉동 353-31,41.66,기타조적구조,단독주택,기와,1945
대전광역시 대덕구 석봉동 353-33,1061.68,철근콘크리트구조,공동주택,(철근)콘크리트,2022-09-23
대전광역시 대덕구 석봉동 353-34,42.98,블록구조,단독주택,슬레이트,1960
대전광역시 대덕구 석봉동 353-39,36.69,블록구조,단독주택,슬레이트,1965
대전광역시 대덕구 석봉동 353-42,195.0,일반철골구조,제2종근린생활시설,기타지붕,2024-09-10
대전광역시 대덕구 석봉동 353-43,38.02,기타조적구조,단독주택,기와,1968
대전광역시 대덕구 석봉동 353-44,79.33,기타조적구조,단독주택,기와,1962
대전광역시 대덕구 석봉동 353-53,66.12,기타조적구조,단독주택,슬레이트,1955
대전광역시 대덕구 석봉동 353-58,46.28,블록구조,단독주택,기와,1952
대전광역시 대덕구 석봉동 353-6,67.11,기타조적구조,단독주택,기와,1968
대전광역시 대덕구 석봉동 353-61,29.75,블록구조,단독주택,기와,1969
대전광역시 대덕구 석봉동 353-81,95.48,경량철골구조,창고시설,기타지붕,2019-05-13
대전광역시 대덕구 석봉동 354-20,91.96,철근콘크리트구조,단독주택,(철근)콘크리트,2017-01-25
대전광역시 대덕구 석봉동 354-21,124.58,벽돌구조,단독주택,(철근)콘크리트,1984-12-17
대전광역시 대덕구 석봉동 354-5,77.94,벽돌구조,단독주택,(철근)콘크리트,1994-07-23
대전광역시 대덕구 석봉동 357-1,29.35,블록구조,단독주택,슬레이트,1974-01-12
대전광역시 대덕구 석봉동 358,30.74,기타조적구조,단독주택,기와,1960
대전광역시 대덕구 석봉동 359-9,62.81,블록구조,단독주택,기와,1964
대전광역시 대덕구 석봉동 362-1,58.85,일반목구조,단독주택,슬레이트,1925
대전광역시 대덕구 석봉동 363-49,26.45,블록구조,단독주택,기와,1962
대전광역시 대덕구 석봉동 37-1,102.15,기타조적구조,단독주택,기와,1969
대전광역시 대덕구 석봉동 371,72.73,기타조적구조,단독주택,기와,1965
대전광역시 대덕구 석봉동 372-2,89.25,기타조적구조,단독주택,기와,1965
대전광역시 대덕구 석봉동 379,33.39,벽돌구조,단독주택,슬레이트,1955
대전광역시 대덕구 석봉동 380,121.93,벽돌구조,단독주택,기와,
대전광역시 대덕구 석봉동 380-4,48.6,기타조적구조,단독주택,기와,1955
대전광역시 대덕구 석봉동 382-2,59.18,일반목구조,단독주택,기타지붕,1890
대전광역시 대덕구 석봉동 384,72.07,일반목구조,단독주택,기타지붕,1950
대전광역시 대덕구 석봉동 385-2,40.98,일반목구조,단독주택,기와,1945
대전광역시 대덕구 석봉동 386,112.39,일반목구조,단독주택,슬레이트,1890
대전광역시 대덕구 석봉동 388-1,1189.61,철근콘크리트구조,운수시설,(철근)콘크리트,1998-08-16
대전광역시 대덕구 석봉동 388-122,49.59,블록구조,단독주택,기와,1968
대전광역시 대덕구 석봉동 388-128,46.94,기타조적구조,단독주택,기와,1964
대전광역시 대덕구 석봉동 388-26,141.16,일반목구조,공장,기타지붕,1947
대전광역시 대덕구 석봉동 388-45,135.3,기타조적구조,단독주택,슬레이트,1934
대전광역시 대덕구 석봉동 389,27.76,벽돌구조,단독주택,기와,1957
대전광역시 대덕구 석봉동 39-1,46.62,일반목구조,단독주택,기와,1965
대전광역시 대덕구 석봉동 391,89.26,일반목구조,단독주택,슬레이트,1934
대전광역시 대덕구 석봉동 391-3,64.47,블록구조,단독주택,기와,1955
대전광역시 대덕구 석봉동 393-3,19.83,일반목구조,단독주택,기와,1967
대전광역시 대덕구 석봉동 395,104.8,벽돌구조,단독주택,기와,1968
대전광역시 대덕구 석봉동 395-2,49.59,벽돌구조,단독주택,기와,1956
대전광역시 대덕구 석봉동 395-33,42.98,벽돌구조,단독주택,기와,1959
대전광역시 대덕구 석봉동 395-7,71.34,블록구조,단독주택,기와,1958
대전광역시 대덕구 석봉동 398,59.5,벽돌구조,단독주택,기와,1958
대전광역시 대덕구 석봉동 398-15,40.99,벽돌구조,단독주택,기와,1962
대전광역시 대덕구 석봉동 398-66,64.46,기타조적구조,단독주택,기와,1951
대전광역시 대덕구 석봉동 398-72,61.16,블록구조,단독주택,기와,1967
대전광역시 대덕구 석봉동 398-80,111.03999999999999,벽돌구조,단독주택,기와,1976-07-12
대전광역시 대덕구 석봉동 406-12,236.0,철근콘크리트구조,제2종근린생활시설,(철근)콘크리트,2016-05-20
대전광역시 대덕구 석봉동 406-14,35.8,일반목구조,단독주택,기타지붕,1954
대전광역시 대덕구 석봉동 406-22,57.08,철근콘크리트구조,단독주택,(철근)콘크리트,2002-12-17
대전광역시 대덕구 석봉동 406-3,110.75,일반목구조,단독주택,기와,1943
대전광역시 대덕구 석봉동 406-5,42.31,기타조적구조,단독주택,기와,1930
대전광역시 대덕구 석봉동 406-6,99.17,일반목구조,단독주택,기와,1948
대전광역시 대덕구 석봉동 407-2,160.02,일반목구조,단독주택,기와,1930
대전광역시 대덕구 석봉동 411-5,23.8,블록구조,단독주택,슬레이트,1962
대전광역시 대덕구 석봉동 413-6,87.33,철근콘크리트구조,제2종근린생활시설,(철근)콘크리트,2015-12-31
대전광역시 대덕구 석봉동 413-7,42.26,철근콘크리트구조,제2종근린생활시설,(철근)콘크리트,2015-12-22
대전광역시 대덕구 석봉동 415-1,160.86,벽돌구조,창고시설,슬레이트,
대전광역시 대덕구 석봉동 415-10,96.1,벽돌구조,단독주택,(철근)콘크리트,1982-11-19
대전광역시 대덕구 석봉동 415-11,61.14,벽돌구조,단독주택,(철근)콘크리트,1997-08-23
대전광역시 대덕구 석봉동 415-13,127.41,벽돌구조,단독주택,(철근)콘크리트,1995-01-16
대전광역시 대덕구 석봉동 415-14,110.76,벽돌구조,단독주택,(철근)콘크리트,1992-09-30
대전광역시 대덕구 석봉동 415-15,58.56,철근콘크리트구조,단독주택,(철근)콘크리트,1999-11-12
대전광역시 대덕구 석봉동 415-19,62.97,철근콘크리트구조,제2종근린생활시설,(철근)콘크리트,2016-01-05
대전광역시 대덕구 석봉동 415-20,104.54,철근콘크리트구조,제2종근린생활시설,(철근)콘크리트,2015-12-31
대전광역시 대덕구 석봉동 415-21,80.99,블록구조,단독주택,기와,1967
대전광역시 대덕구 석봉동 415-22,48.18,벽돌구조,단독주택,(철근)콘크리트,2005-09-06
대전광역시 대덕구 석봉동 415-27,395.18,철근콘크리트구조,공동주택,(철근)콘크리트,2003-09-01
대전광역시 대덕구 석봉동 415-28,142.67,벽돌구조,제2종근린생활시설,기와,1982-11-12
대전광역시 대덕구 석봉동 415-29,109.91,철근콘크리트구조,단독주택,(철근)콘크리트,1983-08-20
대전광역시 대덕구 석봉동 415-31,54.6,벽돌구조,단독주택,(철근)콘크리트,1967-08-08
대전광역시 대덕구 석봉동 415-32,71.85,벽돌구조,단독주택,(철근)콘크리트,1972-07-05
대전광역시 대덕구 석봉동 415-34,58.12,철근콘크리트구조,노유자시설,(철근)콘크리트,1985-07-22
대전광역시 대덕구 석봉동 415-35,90.92,벽돌구조,단독주택,(철근)콘크리트,1976-08-25
대전광역시 대덕구 석봉동 415-36,72.51,벽돌구조,단독주택,기와,1967
대전광역시 대덕구 석봉동 415-4,93.69,철근콘크리트구조,단독주택,(철근)콘크리트,2003-12-18
대전광역시 대덕구 석봉동 415-44,33.06,일반목구조,제2종근린생활시설,슬레이트,1960
대전광역시 대덕구 석봉동 415-51,338.91,철근콘크리트구조,단독주택,기와,2001-07-05
대전광역시 대덕구 석봉동 416-12,0.0,일반목구조,단독주택,슬레이트,1935
대전광역시 대덕구 석봉동 416-13,40.99,일반목구조,단독주택,기와,1949
대전광역시 대덕구 석봉동 416-17,0.0,기타조적구조,단독주택,기타지붕,1945
대전광역시 대덕구 석봉동 416-21,68.43,블록구조,단독주택,기와,1982-12-02
대전광역시 대덕구 석봉동 416-23,68.7,벽돌구조,단독주택,(철근)콘크리트,1975-06-14
대전광역시 대덕구 석봉동 416-24,135.91,철근콘크리트구조,단독주택,(철근)콘크리트,1994-08-10
대전광역시 대덕구 석봉동 416-25,180.55,철골콘크리트구조,창고시설,기타지붕,2002-12-04
대전광역시 대덕구 석봉동 416-27,82.0,벽돌구조,단독주택,(철근)콘크리트,1984-08-18
대전광역시 대덕구 석봉동 416-28,0.0,기타조적구조,단독주택,기와,1965
대전광역시 대덕구 석봉동 416-32,71.31,벽돌구조,단독주택,(철근)콘크리트,1985-09-25
대전광역시 대덕구 석봉동 416-33,51.19,벽돌구조,단독주택,(철근)콘크리트,1985-06-12
대전광역시 대덕구 석봉동 416-4,65.52,벽돌구조,창고시설,(철근)콘크리트,1988-10-27
대전광역시 대덕구 석봉동 416-55,89.04,철근콘크리트구조,단독주택,기와,2000-01-24
대전광역시 대덕구 석봉동 416-56,164.02,철근콘크리트구조,제2종근린생활시설,(철근)콘크리트,1993-10-23
대전광역시 대덕구 석봉동 416-57,212.58,철근콘크리트구조,단독주택,(철근)콘크리트,2017-07-31
대전광역시 대덕구 석봉동 416-58,200.165,철근콘크리트구조,노유자시설,(철근)콘크리트,1994-07-22
대전광역시 대덕구 석봉동 417-12,184.48,블록구조,단독주택,기타지붕,1948
대전광역시 대덕구 석봉동 417-13,50.52,철근콘크리트구조,단독주택,(철근)콘크리트,1986-12-18
대전광역시 대덕구 석봉동 417-15,319.2,철근콘크리트구조,제2종근린생활시설,(철근)콘크리트,1994-05-24
대전광역시 대덕구 석봉동 417-30,168.6,벽돌구조,단독주택,기와,1967
대전광역시 대덕구 석봉동 417-34,93.66,철근콘크리트구조,단독주택,(철근)콘크리트,2019-08-28
대전광역시 대덕구 석봉동 417-43,155.5,철근콘크리트구조,제2종근린생활시설,(철근)콘크리트,1996-01-08
대전광역시 대덕구 석봉동 417-51,138.81,철근콘크리트구조,단독주택,(철근)콘크리트,1971-01-13
대전광역시 대덕구 석봉동 417-54,72.8,철근콘크리트구조,단독주택,(철근)콘크리트,1982-12-07
대전광역시 대덕구 석봉동 417-7,80.77,벽돌구조,단독주택,기와,1985-02-06
대전광역시 대덕구 석봉동 417-72,98.15,벽돌구조,단독주택,(철근)콘크리트,1979-06-15
대전광역시 대덕구 석봉동 417-76,86.4,벽돌구조,단독주택,슬레이트,1979-07-26
대전광역시 대덕구 석봉동 417-77,102.65,철근콘크리트구조,제2종근린생활시설,(철근)콘크리트,2020-02-05
대전광역시 대덕구 석봉동 417-78,39.72,벽돌구조,단독주택,(철근)콘크리트,1978-07-20
대전광역시 대덕구 석봉동 417-9,153.4,벽돌구조,단독주택,(철근)콘크리트,1993-06-30
대전광역시 대덕구 석봉동 418,98.85,일반목구조,단독주택,슬레이트,1955
대전광역시 대덕구 석봉동 418-21,63.315,벽돌구조,단독주택,(철근)콘크리트,1992-01-27
대전광역시 대덕구 석봉동 418-53,33.39,블록구조,단독주택,슬레이트,1965
대전광역시 대덕구 석봉동 418-64,115.7,일반목구조,단독주택,기와,
대전광역시 대덕구 석봉동 418-86,28.76,블록구조,단독주택,기와,
대전광역시 대덕구 석봉동 419,59.5,벽돌구조,단독주택,기와,
대전광역시 대덕구 석봉동 421-7,12.32,경량철골구조,제2종근린생활시설,기타지붕,2016-01-12
대전광역시 대덕구 석봉동 423-1,613.72,벽돌구조,공동주택,(철근)콘크리트,1989-07-08
대전광역시 대덕구 석봉동 423-10,210.0,벽돌구조,공동주택,(철근)콘크리트,1989-09-21
대전광역시 대덕구 석봉동 423-12,72.35,벽돌구조,단독주택,(철근)콘크리트,1990-02-03
대전광역시 대덕구 석봉동 423-6,205.26,벽돌구조,공동주택,(철근)콘크리트,1989-09-18
대전광역시 대덕구 석봉동 423-7,203.76,벽돌구조,공동주택,(철근)콘크리트,1988-09-01
대전광역시 대덕구 석봉동 423-8,213.06,벽돌구조,공동주택,(철근)콘크리트,1988-09-01
대전광역시 대덕구 석봉동 428-10,97.9,벽돌구조,단독주택,(철근)콘크리트,1981-08-10
대전광역시 대덕구 석봉동 428-13,0.0,블록구조,단독주택,기와,1975-11-24
대전광역시 대덕구 석봉동 428-9,107.51,벽돌구조,단독주택,(철근)콘크리트,1997-11-04
대전광역시 대덕구 석봉동 431-2,82.64,일반목구조,단독주택,기와,1946
대전광역시 대덕구 석봉동 432,53.22,블록구조,단독주택,기와,1960
대전광역시 대덕구 석봉동 435-14,130.58,일반목구조,단독주택,슬레이트,1946
대전광역시 대덕구 석봉동 442-47,64.8,블록구조,단독주택,기와,1964
대전광역시 대덕구 석봉동 442-54,67.1,벽돌구조,단독주택,기와,1957
대전광역시 대덕구 석봉동 447-11,122.85,벽돌구조,창고시설,기타지붕,1977-12-28
대전광역시 대덕구 석봉동 452-3,40.99,일반목구조,창고시설,슬레이트,1975
대전광역시 대덕구 석봉동 453-8,41.65,벽돌구조,단독주택,기와,1969
대전광역시 대덕구 석봉동 464-70,79.34,블록구조,단독주택,슬레이트,1969
대전광역시 대덕구 석봉동 479-1,26.45,일반목구조,단독주택,기와,1921
대전광역시 대덕구 석봉동 480-1,26.44,일반목구조,단독주택,기와,1920
대전광역시 대덕구 석봉동 497-2,90.91,벽돌구조,단독주택,기와,1973
대전광역시 대덕구 석봉동 498-10,65.4,벽돌구조,단독주택,기와,1983-06-09
대전광역시 대덕구 석봉동 498-5,109.01,벽돌구조,단독주택,(철근)콘크리트,1996-03-20
대전광역시 대덕구 석봉동 498-6,75.97,벽돌구조,단독주택,(철근)콘크리트,1981-09-19
대전광역시 대덕구 석봉동 498-7,72.48,벽돌구조,단독주택,(철근)콘크리트,1984-12-31
대전광역시 대덕구 석봉동 499-1,97.12,철근콘크리트구조,단독주택,기와,2002-08-09
대전광역시 대덕구 석봉동 501-2,469.97,철근콘크리트구조,종교시설,(철근)콘크리트,2014-07-02
대전광역시 대덕구 석봉동 505-1,324.66999999999996,경량철골구조,자동차관련시설,기타지붕,2018-04-13
대전광역시 대덕구 석봉동 575-2,29.75,벽돌구조,단독주택,기타지붕,1959
대전광역시 대덕구 석봉동 616-27,56.19,일반목구조,단독주택,기타지붕,1935
대전광역시 대덕구 석봉동 617-9,50.58,일반목구조,단독주택,슬레이트,1945
대전광역시 대덕구 석봉동 618,62.82,일반목구조,단독주택,슬레이트,1945
대전광역시 대덕구 석봉동 618-5,89.26,일반목구조,단독주택,슬레이트,1949
대전광역시 대덕구 석봉동 619-5,42.98,기타조적구조,단독주택,슬레이트,1935
대전광역시 대덕구 석봉동 620-14,128.92,블록구조,단독주택,기와,1935
대전광역시 대덕구 석봉동 711-18,59.5,블록구조,단독주택,기와,1959
대전광역시 대덕구 석봉동 711-20,66.12,블록구조,단독주택,슬레이트,1959
대전광역시 대덕구 석봉동 713-3,185.12,철근콘크리트구조,단독주택,(철근)콘크리트,1969
대전광역시 대덕구 석봉동 770,25144.064,철근콘크리트구조,공동주택,(철근)콘크리트,2012-01-12
대전광역시 대덕구 석봉동 771,12041.3388,철근콘크리트구조,공동주택,(철근)콘크리트,2017-10-26
대전광역시 대덕구 석봉동 772,3123.66,철근콘크리트구조,교육연구시설,(철근)콘크리트,2014-02-12
대전광역시 대덕구 석봉동 773,76.14,경량철골구조,제2종근린생활시설,기타지붕,2016-10-06
대전광역시 대덕구 석봉동 774,3239.29,철근콘크리트구조,교육연구시설,(철근)콘크리트,2024-06-20
대전광역시 대덕구 석봉동 780,664.41,철근콘크리트구조,자동차관련시설,(철근)콘크리트,2022-07-20
대전광역시 대덕구 석봉동 787,10312.0874,철근콘크리트구조,공동주택,(철근)콘크리트,2020-08-31
대전광역시 대덕구 석봉동 89-3,111.19,일반목구조,단독주택,기와,1964
대전광역시 대덕구 석봉동 89-7,84.3,일반목구조,단독주택,기와,1950
대전광역시 대덕구 석봉동 89-9,23.47,기타조적구조,단독주택,기와,1965
대전광역시 대덕구 석봉동 91,33.12,벽돌구조,단독주택,슬레이트,1957
대전광역시 대덕구 석봉동 91-3,99.5,일반목구조,단독주택,기와,1920
대전광역시 대덕구 송촌동 10,99.2,벽돌구조,단독주택,기와,1970
대전광역시 대덕구 송촌동 102,36.53,일반목구조,단독주택,기와,1952
대전광역시 대덕구 송촌동 116-4,51.2,블록구조,단독주택,슬레이트,1983-01-31
대전광역시 대덕구 송촌동 12,112.91,블록구조,단독주택,슬레이트,1941
대전광역시 대덕구 송촌동 131,53.98,일반목구조,단독주택,슬레이트,1938
대전광역시 대덕구 송촌동 134,46.25,벽돌구조,단독주택,기와,1969
대전광역시 대덕구 송촌동 134-8,72.1,벽돌구조,단독주택,(철근)콘크리트,1980-12-22
대전광역시 대덕구 송촌동 136-2,18.02,블록구조,단독주택,기와,1969
대전광역시 대덕구 송촌동 141-2,40.84,블록구조,단독주택,기와,1970
대전광역시 대덕구 송촌동 16,34.38,일반목구조,단독주택,기타지붕,1810
대전광역시 대덕구 송촌동 161-1,103.51,경량철골구조,제2종근린생활시설,기타지붕,1991-01-25
대전광역시 대덕구 송촌동 165,499.17,철근콘크리트구조,교육연구시설,(철근)콘크리트,2010-04-06
대전광역시 대덕구 송촌동 166-9,769.7,일반철골구조,운동시설,기타지붕,2010-04-29
대전광역시 대덕구 송촌동 18,314.40999999999997,벽돌구조,단독주택,기와,1959
대전광역시 대덕구 송촌동 180,54.68,벽돌구조,단독주택,기와,1945
대전광역시 대덕구 송촌동 186,132.93,일반목구조,단독주택,슬레이트,1801
대전광역시 대덕구 송촌동 186-1,49.33,벽돌구조,단독주택,기와,1981-06-25
대전광역시 대덕구 송촌동 192,137.98,일반목구조,제2종근린생활시설,기와,1700
대전광역시 대덕구 송촌동 192-2,48.21,일반목구조,단독주택,슬레이트,1901
대전광역시 대덕구 송촌동 198,22.78,벽돌구조,단독주택,기와,1958
대전광역시 대덕구 송촌동 198-4,246.6,일반목구조,단독주택,기와,1575
대전광역시 대덕구 송촌동 198-9,41.06,일반목구조,단독주택,기타지붕,1940
대전광역시 대덕구 송촌동 210,69.05,일반목구조,단독주택,기와,1940
대전광역시 대덕구 송촌동 219-1,950.0,벽돌구조,종교시설,(철근)콘크리트,2003-01-06
대전광역시 대덕구 송촌동 219-12,85.44,벽돌구조,단독주택,(철근)콘크리트,1990-06-11
대전광역시 대덕구 송촌동 219-13,418.0,벽돌구조,공동주택,(철근)콘크리트,1991-05-25
대전광역시 대덕구 송촌동 219-14,830.08,벽돌구조,공동주택,(철근)콘크리트,1990-11-20
대전광역시 대덕구 송촌동 219-18,84.24,벽돌구조,단독주택,(철근)콘크리트,1990-06-11
대전광역시 대덕구 송촌동 219-2,1676.2,철근콘크리트구조,공동주택,(철근)콘크리트,1995-11-11
대전광역시 대덕구 송촌동 219-21,96.05,일반철골구조,제2종근린생활시설,기타지붕,2022-02-28
대전광역시 대덕구 송촌동 219-22,410.4,벽돌구조,공동주택,(철근)콘크리트,1990-04-27
대전광역시 대덕구 송촌동 219-23,230.56,벽돌구조,공동주택,(철근)콘크리트,1991-08-17
대전광역시 대덕구 송촌동 219-24,266.82,벽돌구조,공동주택,(철근)콘크리트,1991-08-21
대전광역시 대덕구 송촌동 219-26,249.04,철근콘크리트구조,공동주택,(철근)콘크리트,1991-08-24
대전광역시 대덕구 송촌동 219-27,279.04,벽돌구조,공동주택,(철근)콘크리트,1991-08-24
대전광역시 대덕구 송촌동 219-28,224.32,벽돌구조,공동주택,(철근)콘크리트,1991-08-17
대전광역시 대덕구 송촌동 219-3,2724.4,철근콘크리트구조,공동주택,(철근)콘크리트,1988-12-14
대전광역시 대덕구 송촌동 219-30,130.55,철근콘크리트구조,단독주택,(철근)콘크리트,1999-05-14
대전광역시 대덕구 송촌동 219-4,67.91,벽돌구조,단독주택,(철근)콘크리트,1988-12-26
대전광역시 대덕구 송촌동 219-5,410.96,벽돌구조,공동주택,(철근)콘크리트,1990-04-27
대전광역시 대덕구 송촌동 219-6,249.84,철근콘크리트구조,단독주택,(철근)콘크리트,2003-07-11
대전광역시 대덕구 송촌동 219-7,612.96,철근콘크리트구조,공동주택,(철근)콘크리트,1992-04-28
대전광역시 대덕구 송촌동 219-8,184.0,철근콘크리트구조,제2종근린생활시설,(철근)콘크리트,1985-10-18
대전광역시 대덕구 송촌동 219-9,129.48,철근콘크리트구조,단독주택,(철근)콘크리트,1999-08-18
대전광역시 대덕구 송촌동 220-1,291.16,철근콘크리트구조,공동주택,(철근)콘크리트,1994-09-15
대전광역시 대덕구 송촌동 220-10,63.45,벽돌구조,단독주택,(철근)콘크리트,1988-07-01
대전광역시 대덕구 송촌동 220-12,57.52,벽돌구조,단독주택,(철근)콘크리트,1984-12-27
대전광역시 대덕구 송촌동 220-13,55.73,벽돌구조,단독주택,(철근)콘크리트,1984-11-01
대전광역시 대덕구 송촌동 220-14,58.52,벽돌구조,단독주택,(철근)콘크리트,1992-07-22
대전광역시 대덕구 송촌동 220-15,69.22,벽돌구조,단독주택,(철근)콘크리트,1992-07-22
대전광역시 대덕구 송촌동 220-18,58.63,벽돌구조,단독주택,(철근)콘크리트,1992-08-05
대전광역시 대덕구 송촌동 220-19,62.35,벽돌구조,단독주택,(철근)콘크리트,1990-08-07
대전광역시 대덕구 송촌동 220-2,112.0,철근콘크리트구조,단독주택,(철근)콘크리트,1993-09-28
대전광역시 대덕구 송촌동 220-20,55.5,벽돌구조,단독주택,(철근)콘크리트,1984-08-24
대전광역시 대덕구 송촌동 220-21,55.54,벽돌구조,단독주택,(철근)콘크리트,1981-09-16
대전광역시 대덕구 송촌동 220-22,71.93,벽돌구조,단독주택,(철근)콘크리트,1981-08-29
대전광역시 대덕구 송촌동 220-23,106.695,벽돌구조,단독주택,(철근)콘크리트,1998
대전광역시 대덕구 송촌동 220-24,137.7,경량철골구조,제2종근린생활시설,기타지붕,2007-09-21
대전광역시 대덕구 송촌동 220-25,600.5999999999999,철근콘크리트구조,공동주택,(철근)콘크리트,1992-01-07
대전광역시 대덕구 송촌동 220-26,204.54,철근콘크리트구조,단독주택,(철근)콘크리트,2020-08-10
대전광역시 대덕구 송촌동 220-27,64.95,벽돌구조,단독주택,(철근)콘크리트,1985-01-10
대전광역시 대덕구 송촌동 220-28,277.2,경량철골구조,제2종근린생활시설,기타지붕,2022-11-21
대전광역시 대덕구 송촌동 220-29,79.21,벽돌구조,단독주택,(철근)콘크리트,1984-04-26
대전광역시 대덕구 송촌동 220-3,87.6,벽돌구조,단독주택,(철근)콘크리트,1989-06-26
대전광역시 대덕구 송촌동 220-31,101.49,벽돌구조,단독주택,(철근)콘크리트,1991-06-03
대전광역시 대덕구 송촌동 220-32,76.0,벽돌구조,단독주택,(철근)콘크리트,1983-11-04
대전광역시 대덕구 송촌동 220-33,659.04,철근콘크리트구조,공동주택,(철근)콘크리트,1997-11-29
대전광역시 대덕구 송촌동 220-38,95.49,벽돌구조,단독주택,(철근)콘크리트,1985-12-28
대전광역시 대덕구 송촌동 220-39,72.21,벽돌구조,단독주택,(철근)콘크리트,1989-03-13
대전광역시 대덕구 송촌동 220-4,97.69,벽돌구조,단독주택,(철근)콘크리트,1992-10-16
대전광역시 대덕구 송촌동 220-40,69.045,벽돌구조,단독주택,(철근)콘크리트,1989-03-13
대전광역시 대덕구 송촌동 220-41,75.58,벽돌구조,단독주택,(철근)콘크리트,1989-06-08
대전광역시 대덕구 송촌동 220-43,84.24,벽돌구조,단독주택,(철근)콘크리트,1990-10-15
대전광역시 대덕구 송촌동 220-44,109.68,벽돌구조,단독주택,(철근)콘크리트,1992-12-30
대전광역시 대덕구 송촌동 220-46,75.12,벽돌구조,단독주택,(철근)콘크리트,1990-03-23
대전광역시 대덕구 송촌동 220-47,85.01,벽돌구조,단독주택,(철근)콘크리트,1990-07-07
대전광역시 대덕구 송촌동 220-48,89.08,벽돌구조,단독주택,(철근)콘크리트,1990-10-15
대전광역시 대덕구 송촌동 220-49,99.76,벽돌구조,단독주택,(철근)콘크리트,1989-10-30
대전광역시 대덕구 송촌동 220-52,131.07,철근콘크리트구조,단독주택,(철근)콘크리트,1991-04-17
대전광역시 대덕구 송촌동 220-54,73.8,벽돌구조,단독주택,(철근)콘크리트,1989-07-19
대전광역시 대덕구 송촌동 220-56,69.04,벽돌구조,제2종근린생활시설,(철근)콘크리트,1989-07-08
대전광역시 대덕구 송촌동 220-57,383.64,철근콘크리트구조,공동주택,(철근)콘크리트,1998-02-28
대전광역시 대덕구 송촌동 220-59,62.19,벽돌구조,단독주택,(철근)콘크리트,1989-08-25
대전광역시 대덕구 송촌동 220-6,82.61,벽돌구조,단독주택,(철근)콘크리트,1982-10-19
대전광역시 대덕구 송촌동 220-60,247.68,철근콘크리트구조,공동주택,(철근)콘크리트,1991-03-08
대전광역시 대덕구 송촌동 220-61,70.041,벽돌구조,단독주택,(철근)콘크리트,1989-08-31
대전광역시 대덕구 송촌동 220-63,149.76,경량철골구조,제2종근린생활시설,기타지붕,1991-03-05
대전광역시 대덕구 송촌동 220-64,389.58,철근콘크리트구조,공동주택,(철근)콘크리트,1994-09-15
대전광역시 대덕구 송촌동 220-65,425.04,철근콘크리트구조,공동주택,(철근)콘크리트,1994-07-02
대전광역시 대덕구 송촌동 220-67,121.08,철근콘크리트구조,단독주택,(철근)콘크리트,1997-08-16
대전광역시 대덕구 송촌동 220-7,98.7,벽돌구조,단독주택,(철근)콘크리트,1983-06-15
대전광역시 대덕구 송촌동 220-8,137.46,철근콘크리트구조,단독주택,(철근)콘크리트,1997-08-16
대전광역시 대덕구 송촌동 220-9,29.652,블록구조,단독주택,기와,1981-10-19
대전광역시 대덕구 송촌동 221-1,71.36,벽돌구조,단독주택,(철근)콘크리트,1989-06-14
대전광역시 대덕구 송촌동 221-10,232.94,철근콘크리트구조,종교시설,(철근)콘크리트,1998-11-12
대전광역시 대덕구 송촌동 221-12,227.61,철근콘크리트구조,단독주택,(철근)콘크리트,2002-09-06
대전광역시 대덕구 송촌동 221-13,178.88,철근콘크리트구조,단독주택,(철근)콘크리트,2002-04-24
대전광역시 대덕구 송촌동 221-14,82.61,벽돌구조,단독주택,(철근)콘크리트,1983-12-09
대전광역시 대덕구 송촌동 221-15,62.13,벽돌구조,단독주택,(철근)콘크리트,1988-06-28
대전광역시 대덕구 송촌동 221-16,75.03,벽돌구조,단독주택,(철근)콘크리트,1983-06-23
대전광역시 대덕구 송촌동 221-17,84.42,벽돌구조,단독주택,(철근)콘크리트,1989-06-24
대전광역시 대덕구 송촌동 221-18,102.87,철근콘크리트구조,단독주택,(철근)콘크리트,2010-08-11
대전광역시 대덕구 송촌동 221-2,83.53,벽돌구조,단독주택,(철근)콘크리트,1983-09-29
대전광역시 대덕구 송촌동 221-20,241.68,철근콘크리트구조,제2종근린생활시설,(철근)콘크리트,2011-08-03
대전광역시 대덕구 송촌동 221-21,85.97,벽돌구조,단독주택,(철근)콘크리트,1989-04-29
대전광역시 대덕구 송촌동 221-23,86.87,벽돌구조,단독주택,(철근)콘크리트,1983-09-30
대전광역시 대덕구 송촌동 221-24,102.04,철근콘크리트구조,단독주택,(철근)콘크리트,2012-05-09
대전광역시 대덕구 송촌동 221-25,99.76,벽돌구조,단독주택,(철근)콘크리트,1985-07-05
대전광역시 대덕구 송촌동 221-26,84.89,벽돌구조,단독주택,(철근)콘크리트,1983-09-30
대전광역시 대덕구 송촌동 221-27,73.28,벽돌구조,단독주택,(철근)콘크리트,1989-10-14
대전광역시 대덕구 송촌동 221-28,102.96,벽돌구조,제2종근린생활시설,(철근)콘크리트,1988-06-07
대전광역시 대덕구 송촌동 221-3,424.68,철근콘크리트구조,공동주택,(철근)콘크리트,1992-05-09
대전광역시 대덕구 송촌동 221-30,85.7,벽돌구조,단독주택,(철근)콘크리트,1984-05-24
대전광역시 대덕구 송촌동 221-31,115.2,경량철골구조,창고시설,기타지붕,1996-07-29
대전광역시 대덕구 송촌동 221-32,120.37,벽돌구조,단독주택,(철근)콘크리트,1988-12-21
대전광역시 대덕구 송촌동 221-33,98.24,벽돌구조,단독주택,(철근)콘크리트,1984-07-06
대전광역시 대덕구 송촌동 221-34,107.867,벽돌구조,단독주택,(철근)콘크리트,1993-07-07
대전광역시 대덕구 송촌동 221-35,83.43,일반목구조,단독주택,기타지붕,2019-02-25
대전광역시 대덕구 송촌동 221-37,107.7,벽돌구조,제2종근린생활시설,(철근)콘크리트,1999-11-09
대전광역시 대덕구 송촌동 221-38,75.57,벽돌구조,단독주택,(철근)콘크리트,1994-03-25
대전광역시 대덕구 송촌동 221-39,81.9,벽돌구조,단독주택,(철근)콘크리트,1987-08-29
대전광역시 대덕구 송촌동 221-4,222.36,철근콘크리트구조,공동주택,(철근)콘크리트,1992-05-09
대전광역시 대덕구 송촌동 221-41,73.28,벽돌구조,단독주택,(철근)콘크리트,1989-10-14
대전광역시 대덕구 송촌동 221-42,226.84,철근콘크리트구조,공동주택,(철근)콘크리트,1992-05-09
대전광역시 대덕구 송촌동 221-48,324.36,철근콘크리트구조,공동주택,(철근)콘크리트,2002-12-02
대전광역시 대덕구 송촌동 221-49,332.2,철근콘크리트구조,공동주택,(철근)콘크리트,2002-12-10
대전광역시 대덕구 송촌동 221-5,329.04,철근콘크리트구조,공동주택,(철근)콘크리트,2002-12-10
대전광역시 대덕구 송촌동 221-50,323.16,철근콘크리트구조,공동주택,(철근)콘크리트,2002-12-02
대전광역시 대덕구 송촌동 221-6,88.525,벽돌구조,단독주택,(철근)콘크리트,1984-05-25
대전광역시 대덕구 송촌동 221-7,90.91,벽돌구조,단독주택,(철근)콘크리트,1990-05-06
대전광역시 대덕구 송촌동 221-9,94.08,벽돌구조,단독주택,(철근)콘크리트,1987-06-20
대전광역시 대덕구 송촌동 222-1,100.61,벽돌구조,단독주택,(철근)콘크리트,1989-08-22
대전광역시 대덕구 송촌동 222-10,120.69,벽돌구조,단독주택,(철근)콘크리트,1990-12-10
대전광역시 대덕구 송촌동 222-11,134.31,벽돌구조,단독주택,(철근)콘크리트,1983-07-14
대전광역시 대덕구 송촌동 222-12,141.08,벽돌구조,단독주택,(철근)콘크리트,1993-01-20
대전광역시 대덕구 송촌동 222-13,100.51,벽돌구조,단독주택,(철근)콘크리트,1989-06-03
대전광역시 대덕구 송촌동 222-15,100.96,벽돌구조,단독주택,(철근)콘크리트,1985-12-10
대전광역시 대덕구 송촌동 222-16,77.92,벽돌구조,단독주택,(철근)콘크리트,1984-05-29
대전광역시 대덕구 송촌동 222-17,174.8,벽돌구조,단독주택,(철근)콘크리트,1996-11-04
대전광역시 대덕구 송촌동 222-2,72.24,벽돌구조,단독주택,(철근)콘크리트,1989-08-01
대전광역시 대덕구 송촌동 222-3,93.3,벽돌구조,단독주택,(철근)콘크리트,1988-06-15
대전광역시 대덕구 송촌동 222-38,78.55,벽돌구조,단독주택,(철근)콘크리트,1984-08-31
대전광역시 대덕구 송촌동 222-39,78.55,벽돌구조,단독주택,(철근)콘크리트,1984-08-31
대전광역시 대덕구 송촌동 222-4,89.4,벽돌구조,단독주택,(철근)콘크리트,1985-12-30
대전광역시 대덕구 송촌동 222-40,78.55,벽돌구조,단독주택,(철근)콘크리트,1984-08-31
대전광역시 대덕구 송촌동 222-41,172.08,벽돌구조,공동주택,(철근)콘크리트,1991-05-16
대전광역시 대덕구 송촌동 222-42,74.26,벽돌구조,단독주택,(철근)콘크리트,1986-05-09
대전광역시 대덕구 송촌동 222-44,210.84,벽돌구조,공동주택,(철근)콘크리트,1990-11-07
대전광역시 대덕구 송촌동 222-46,217.18,벽돌구조,공동주택,(철근)콘크리트,1990-11-07
대전광역시 대덕구 송촌동 222-47,204.48,벽돌구조,공동주택,(철근)콘크리트,1990-11-02
대전광역시 대덕구 송촌동 222-48,214.24,벽돌구조,공동주택,(철근)콘크리트,1990-11-02
대전광역시 대덕구 송촌동 222-49,208.56,벽돌구조,공동주택,(철근)콘크리트,1990-11-07
대전광역시 대덕구 송촌동 222-5,108.83,벽돌구조,단독주택,(철근)콘크리트,1984-07-14
대전광역시 대덕구 송촌동 222-50,197.0,벽돌구조,공동주택,(철근)콘크리트,1990-11-07
대전광역시 대덕구 송촌동 222-51,199.52,벽돌구조,공동주택,(철근)콘크리트,1990-11-02
대전광역시 대덕구 송촌동 222-52,192.78,벽돌구조,공동주택,(철근)콘크리트,1990-11-02
대전광역시 대덕구 송촌동 222-53,201.88,벽돌구조,공동주택,(철근)콘크리트,1991-07-05
대전광역시 대덕구 송촌동 222-54,201.88,벽돌구조,공동주택,(철근)콘크리트,1991-07-05
대전광역시 대덕구 송촌동 222-55,234.64,벽돌구조,공동주택,(철근)콘크리트,1991-07-05
대전광역시 대덕구 송촌동 222-57,431.44,철근콘크리트구조,공동주택,기타지붕,1996-05-25
대전광역시 대덕구 송촌동 222-58,66.01,벽돌구조,단독주택,(철근)콘크리트,1985-10-08
대전광역시 대덕구 송촌동 222-59,70.01,벽돌구조,단독주택,(철근)콘크리트,1988-11-18
대전광역시 대덕구 송촌동 222-6,105.04,벽돌구조,단독주택,(철근)콘크리트,1983-08-16
대전광역시 대덕구 송촌동 222-60,70.01,벽돌구조,단독주택,(철근)콘크리트,1988-11-18
대전광역시 대덕구 송촌동 222-61,65.36,벽돌구조,단독주택,(철근)콘크리트,1985-12-19
대전광역시 대덕구 송촌동 222-63,105.88,벽돌구조,단독주택,(철근)콘크리트,1983-08-16
대전광역시 대덕구 송촌동 222-65,96.37,벽돌구조,단독주택,(철근)콘크리트,1985-12-10
대전광역시 대덕구 송촌동 222-66,130.4,철근콘크리트구조,단독주택,(철근)콘크리트,2011-12-02
대전광역시 대덕구 송촌동 222-67,128.76,철근콘크리트구조,단독주택,(철근)콘크리트,2013-08-09
대전광역시 대덕구 송촌동 222-68,127.13,벽돌구조,단독주택,(철근)콘크리트,1988-09-02
대전광역시 대덕구 송촌동 222-69,107.72,철근콘크리트구조,단독주택,(철근)콘크리트,1991-07-23
대전광역시 대덕구 송촌동 222-7,99.56,일반철골구조,제2종근린생활시설,기타지붕,2021-08-17
대전광역시 대덕구 송촌동 222-70,76.11,벽돌구조,단독주택,(철근)콘크리트,1988-09-22
대전광역시 대덕구 송촌동 222-71,72.24,벽돌구조,단독주택,(철근)콘크리트,1989-08-01
대전광역시 대덕구 송촌동 222-8,107.59,벽돌구조,단독주택,(철근)콘크리트,1983-01-17
대전광역시 대덕구 송촌동 222-87,116.28,벽돌구조,단독주택,(철근)콘크리트,1990-12-10
대전광역시 대덕구 송촌동 222-9,386.06,벽돌구조,공동주택,(철근)콘크리트,1979-11-22
대전광역시 대덕구 송촌동 223-1,68.25,벽돌구조,단독주택,(철근)콘크리트,1990-07-13
대전광역시 대덕구 송촌동 223-2,97.85,경량철골구조,단독주택,기타지붕,1989-08-31
대전광역시 대덕구 송촌동 223-3,66.7,벽돌구조,단독주택,(철근)콘크리트,1981-02-18
대전광역시 대덕구 송촌동 223-4,890.11,철근콘크리트구조,공동주택,(철근)콘크리트,2013-09-11
대전광역시 대덕구 송촌동 223-6,72.99,벽돌구조,단독주택,(철근)콘크리트,1989-10-12
대전광역시 대덕구 송촌동 223-7,68.65,벽돌구조,단독주택,(철근)콘크리트,1980-11-05
대전광역시 대덕구 송촌동 223-9,67.03,벽돌구조,단독주택,(철근)콘크리트,2001-09-17
대전광역시 대덕구 송촌동 224-10,304.09,철근콘크리트구조,제2종근린생활시설,(철근)콘크리트,1983-04-09
대전광역시 대덕구 송촌동 224-11,77.63,벽돌구조,단독주택,(철근)콘크리트,1992-04-11
대전광역시 대덕구 송촌동 224-12,68.46,벽돌구조,단독주택,(철근)콘크리트,1988-09-28
대전광역시 대덕구 송촌동 224-13,106.46,벽돌구조,단독주택,(철근)콘크리트,1985-06-13
대전광역시 대덕구 송촌동 224-14,63.72,벽돌구조,단독주택,(철근)콘크리트,1986-06-03
대전광역시 대덕구 송촌동 224-15,101.96,벽돌구조,단독주택,(철근)콘크리트,1985-08-26
대전광역시 대덕구 송촌동 224-17,99.5,벽돌구조,단독주택,(철근)콘크리트,1987-10-05
대전광역시 대덕구 송촌동 224-18,100.43,벽돌구조,단독주택,(철근)콘크리트,1990-07-10
대전광역시 대덕구 송촌동 224-19,85.07,벽돌구조,단독주택,(철근)콘크리트,1982-08-03
대전광역시 대덕구 송촌동 224-2,228.8,철근콘크리트구조,단독주택,(철근)콘크리트,2010-11-25
대전광역시 대덕구 송촌동 224-20,73.17,벽돌구조,단독주택,(철근)콘크리트,1988-09-28
대전광역시 대덕구 송촌동 224-21,85.65,벽돌구조,단독주택,(철근)콘크리트,1989-01-09
대전광역시 대덕구 송촌동 224-22,120.5,철근콘크리트구조,단독주택,(철근)콘크리트,2004-02-02
대전광역시 대덕구 송촌동 224-25,55.35,벽돌구조,단독주택,(철근)콘크리트,2001-09-24
대전광역시 대덕구 송촌동 224-27,70.91,벽돌구조,단독주택,(철근)콘크리트,1991-12-10
대전광역시 대덕구 송촌동 224-29,228.8,철근콘크리트구조,단독주택,(철근)콘크리트,2010-11-25
대전광역시 대덕구 송촌동 224-30,118.53,철근콘크리트구조,종교시설,(철근)콘크리트,2012-06-22
대전광역시 대덕구 송촌동 224-4,174.56,철근콘크리트구조,노유자시설,(철근)콘크리트,1992-03-09
대전광역시 대덕구 송촌동 224-6,510.74,벽돌구조,단독주택,(철근)콘크리트,1982-08-03
대전광역시 대덕구 송촌동 224-8,77.67,벽돌구조,단독주택,(철근)콘크리트,1992-04-08
대전광역시 대덕구 송촌동 224-9,80.55,벽돌구조,단독주택,기와,1980-12-02
대전광역시 대덕구 송촌동 225-1,105.15,벽돌구조,단독주택,(철근)콘크리트,1984-09-11
대전광역시 대덕구 송촌동 225-10,76.97,벽돌구조,단독주택,(철근)콘크리트,1985-07-20
대전광역시 대덕구 송촌동 225-11,109.44,일반철골구조,제2종근린생활시설,기타지붕,2013-11-05
대전광역시 대덕구 송촌동 225-12,80.66,벽돌구조,단독주택,(철근)콘크리트,1988-12-15
대전광역시 대덕구 송촌동 225-13,120.9,경량철골구조,창고시설,기타지붕,2007-12-07
대전광역시 대덕구 송촌동 225-14,94.57,벽돌구조,단독주택,(철근)콘크리트,1988-06-20
대전광역시 대덕구 송촌동 225-15,147.44,철근콘크리트구조,단독주택,(철근)콘크리트,1997-10-16
대전광역시 대덕구 송촌동 225-17,76.34,벽돌구조,단독주택,(철근)콘크리트,1989-02-04
대전광역시 대덕구 송촌동 225-19,73.67,벽돌구조,단독주택,(철근)콘크리트,1990-01-04
대전광역시 대덕구 송촌동 225-2,750.42,철근콘크리트구조,공동주택,(철근)콘크리트,1987-03-04
대전광역시 대덕구 송촌동 225-20,68.92,벽돌구조,단독주택,(철근)콘크리트,1988-06-18
대전광역시 대덕구 송촌동 225-21,99.0,경량철골구조,창고시설,기타지붕,2011-06-23
대전광역시 대덕구 송촌동 225-23,75.95,벽돌구조,단독주택,(철근)콘크리트,1991-01-29
대전광역시 대덕구 송촌동 225-3,103.68,벽돌구조,단독주택,(철근)콘크리트,1986-01-17
대전광역시 대덕구 송촌동 225-5,198.0,일반철골구조,창고시설,기타지붕,2006-04-06
대전광역시 대덕구 송촌동 225-6,380.0,일반철골구조,창고시설,기타지붕,2010-10-01
대전광역시 대덕구 송촌동 225-7,201.25,철근콘크리트구조,제2종근린생활시설,(철근)콘크리트,2007-07-26
대전광역시 대덕구 송촌동 225-9,88.59,벽돌구조,단독주택,(철근)콘크리트,1985-11-22
대전광역시 대덕구 송촌동 226-1,81.0,경량철골구조,제2종근린생활시설,기타지붕,2024-01-10
대전광역시 대덕구 송촌동 226-10,354.0,철근콘크리트구조,공동주택,(철근)콘크리트,2003-01-28
대전광역시 대덕구 송촌동 226-11,1071.6399999999999,철근콘크리트구조,공동주택,(철근)콘크리트,2013-09-13
대전광역시 대덕구 송촌동 226-12,89.96,벽돌구조,단독주택,(철근)콘크리트,1984-07-06
대전광역시 대덕구 송촌동 226-13,115.04,벽돌구조,단독주택,(철근)콘크리트,1988-09-05
대전광역시 대덕구 송촌동 226-16,74.51,벽돌구조,단독주택,(철근)콘크리트,1989-06-08
대전광역시 대덕구 송촌동 226-17,143.39,벽돌구조,단독주택,(철근)콘크리트,1991-03-19
대전광역시 대덕구 송촌동 226-19,129.77,벽돌구조,단독주택,(철근)콘크리트,1996-07-09
대전광역시 대덕구 송촌동 226-20,96.78,벽돌구조,단독주택,(철근)콘크리트,1989-10-04
대전광역시 대덕구 송촌동 226-21,84.19,벽돌구조,단독주택,(철근)콘크리트,1990-08-13
대전광역시 대덕구 송촌동 226-22,113.56,벽돌구조,단독주택,(철근)콘크리트,1994-11-28
대전광역시 대덕구 송촌동 226-23,105.72,벽돌구조,단독주택,(철근)콘크리트,1988-07-25
대전광역시 대덕구 송촌동 226-24,316.52,철근콘크리트구조,단독주택,(철근)콘크리트,2022-10-04
대전광역시 대덕구 송촌동 226-27,108.97,벽돌구조,단독주택,(철근)콘크리트,1981-01-12
대전광역시 대덕구 송촌동 226-28,194.5,철근콘크리트구조,공동주택,(철근)콘크리트,1993-09-21
대전광역시 대덕구 송촌동 226-3,92.5,벽돌구조,단독주택,(철근)콘크리트,1989-05-10
대전광역시 대덕구 송촌동 226-30,94.56,벽돌구조,단독주택,(철근)콘크리트,1991-08-17
대전광역시 대덕구 송촌동 226-31,88.39,벽돌구조,단독주택,(철근)콘크리트,1985-02-08
대전광역시 대덕구 송촌동 226-33,128.535,벽돌구조,단독주택,(철근)콘크리트,1991-01-25
대전광역시 대덕구 송촌동 226-34,342.4,철근콘크리트구조,공동주택,(철근)콘크리트,2003-01-24
대전광역시 대덕구 송촌동 226-35,325.2,철근콘크리트구조,공동주택,(철근)콘크리트,2003-01-17
대전광역시 대덕구 송촌동 226-36,528.78,철근콘크리트구조,공동주택,(철근)콘크리트,2014-01-28
대전광역시 대덕구 송촌동 226-4,83.43,벽돌구조,단독주택,(철근)콘크리트,1990-10-17
대전광역시 대덕구 송촌동 226-6,132.07,철근콘크리트구조,단독주택,(철근)콘크리트,2001-04-27
대전광역시 대덕구 송촌동 226-7,150.0,철근콘크리트구조,단독주택,(철근)콘크리트,1999-07-14
대전광역시 대덕구 송촌동 226-8,108.82,벽돌구조,단독주택,(철근)콘크리트,1991-06-27
대전광역시 대덕구 송촌동 227-1,585.04,철근콘크리트구조,공동주택,(철근)콘크리트,1990-12-31
대전광역시 대덕구 송촌동 227-10,94.1,벽돌구조,단독주택,(철근)콘크리트,1984-11-23
대전광역시 대덕구 송촌동 227-12,79.26,벽돌구조,단독주택,(철근)콘크리트,1989-05-06
대전광역시 대덕구 송촌동 227-13,90.76,철근콘크리트구조,단독주택,(철근)콘크리트,2002-07-15
대전광역시 대덕구 송촌동 227-16,93.96,경량철골구조,제2종근린생활시설,기타지붕,2023-02-02
대전광역시 대덕구 송촌동 227-17,117.09,벽돌구조,단독주택,(철근)콘크리트,1990-10-23
대전광역시 대덕구 송촌동 227-18,82.89,벽돌구조,단독주택,(철근)콘크리트,1990-08-22
대전광역시 대덕구 송촌동 227-19,79.64,벽돌구조,단독주택,(철근)콘크리트,1991-08-21
대전광역시 대덕구 송촌동 227-2,74.46,벽돌구조,단독주택,(철근)콘크리트,1990-08-22
대전광역시 대덕구 송촌동 227-21,81.4,벽돌구조,단독주택,(철근)콘크리트,1990-10-17
대전광역시 대덕구 송촌동 227-22,80.96,벽돌구조,단독주택,(철근)콘크리트,1990-09-28
대전광역시 대덕구 송촌동 227-24,583.4399999999999,철근콘크리트구조,공동주택,(철근)콘크리트,1990-12-31
대전광역시 대덕구 송촌동 227-25,103.2,벽돌구조,단독주택,(철근)콘크리트,1990-12-28
대전광역시 대덕구 송촌동 227-27,254.92,철근콘크리트구조,공동주택,(철근)콘크리트,1991-12-05
대전광역시 대덕구 송촌동 227-28,366.3,철근콘크리트구조,공동주택,(철근)콘크리트,1991-11-06
대전광역시 대덕구 송촌동 227-29,100.34,벽돌구조,단독주택,(철근)콘크리트,1997-10-17
대전광역시 대덕구 송촌동 227-3,247.52,벽돌구조,공동주택,(철근)콘크리트,1990-01-05
대전광역시 대덕구 송촌동 227-30,102.66,벽돌구조,단독주택,(철근)콘크리트,1997-10-22
대전광역시 대덕구 송촌동 227-31,300.72,철근콘크리트구조,공동주택,(철근)콘크리트,2003-11-28
대전광역시 대덕구 송촌동 227-4,81.61,벽돌구조,단독주택,(철근)콘크리트,1989-05-06
대전광역시 대덕구 송촌동 227-5,82.31,벽돌구조,단독주택,(철근)콘크리트,1984-07-05
대전광역시 대덕구 송촌동 227-6,333.64,철근콘크리트구조,공동주택,(철근)콘크리트,2003-11-28
대전광역시 대덕구 송촌동 227-7,503.3,철근콘크리트구조,공동주택,(철근)콘크리트,1986-07-21
대전광역시 대덕구 송촌동 227-8,111.42,벽돌구조,단독주택,(철근)콘크리트,1991-01-09
대전광역시 대덕구 송촌동 227-9,229.12,철근콘크리트구조,공동주택,(철근)콘크리트,1991-11-06
대전광역시 대덕구 송촌동 228-2,25.52,블록구조,동.식물관련시설,슬레이트,1970
대전광역시 대덕구 송촌동 232-1,88.4,벽돌구조,단독주택,(철근)콘크리트,1989-05-13
대전광역시 대덕구 송촌동 232-10,178.375,철근콘크리트구조,단독주택,(철근)콘크리트,2011-11-04
대전광역시 대덕구 송촌동 232-11,272.1,벽돌구조,단독주택,(철근)콘크리트,1979-01-29
대전광역시 대덕구 송촌동 232-12,130.41,벽돌구조,단독주택,(철근)콘크리트,1986-10-04
대전광역시 대덕구 송촌동 232-13,321.22,철근콘크리트구조,공동주택,(철근)콘크리트,1991-05-16
대전광역시 대덕구 송촌동 232-15,69.03,벽돌구조,단독주택,(철근)콘크리트,1988-12-08
대전광역시 대덕구 송촌동 232-16,109.41,벽돌구조,단독주택,(철근)콘크리트,1997-05-09
대전광역시 대덕구 송촌동 232-18,77.28,벽돌구조,단독주택,(철근)콘크리트,1989-06-03
대전광역시 대덕구 송촌동 232-20,61.29,벽돌구조,단독주택,(철근)콘크리트,1981-07-04
대전광역시 대덕구 송촌동 232-22,73.29,벽돌구조,단독주택,(철근)콘크리트,1981-06-21
대전광역시 대덕구 송촌동 232-23,69.48,벽돌구조,단독주택,(철근)콘크리트,1982-05-28
대전광역시 대덕구 송촌동 232-24,68.86,벽돌구조,단독주택,(철근)콘크리트,1987-12-02
대전광역시 대덕구 송촌동 232-26,68.86,벽돌구조,단독주택,(철근)콘크리트,1987-11-23
대전광역시 대덕구 송촌동 232-27,67.48,벽돌구조,단독주택,(철근)콘크리트,1988-06-18
대전광역시 대덕구 송촌동 232-28,74.53,벽돌구조,단독주택,(철근)콘크리트,1988-08-04
대전광역시 대덕구 송촌동 232-29,191.88,벽돌구조,공동주택,(철근)콘크리트,1989-08-07
대전광역시 대덕구 송촌동 232-30,72.82,벽돌구조,단독주택,(철근)콘크리트,1988-12-26
대전광역시 대덕구 송촌동 232-32,101.75,벽돌구조,단독주택,(철근)콘크리트,1983-07-07
대전광역시 대덕구 송촌동 232-33,69.93,벽돌구조,단독주택,(철근)콘크리트,1988-12-08
대전광역시 대덕구 송촌동 232-34,73.16,벽돌구조,단독주택,(철근)콘크리트,1989-05-23
대전광역시 대덕구 송촌동 232-35,76.93,벽돌구조,단독주택,(철근)콘크리트,1989-05-23
대전광역시 대덕구 송촌동 232-38,102.23,벽돌구조,단독주택,(철근)콘크리트,1990-04-23
대전광역시 대덕구 송촌동 232-39,88.58,벽돌구조,단독주택,(철근)콘크리트,1990-01-06
대전광역시 대덕구 송촌동 232-4,67.48,벽돌구조,단독주택,(철근)콘크리트,1988-06-18
대전광역시 대덕구 송촌동 232-40,101.75,벽돌구조,단독주택,(철근)콘크리트,1990-01-06
대전광역시 대덕구 송촌동 232-42,223.08,철근콘크리트구조,공동주택,(철근)콘크리트,1991-05-16
대전광역시 대덕구 송촌동 232-44,297.24,철근콘크리트구조,공동주택,(철근)콘크리트,1994-01-26
대전광역시 대덕구 송촌동 232-45,156.28,벽돌구조,단독주택,(철근)콘크리트,1997-06-11
대전광역시 대덕구 송촌동 232-5,74.16,벽돌구조,단독주택,(철근)콘크리트,1987-09-24
대전광역시 대덕구 송촌동 232-6,80.32,벽돌구조,단독주택,(철근)콘크리트,1982-10-26
대전광역시 대덕구 송촌동 232-8,225.48,철근콘크리트구조,단독주택,(철근)콘크리트,2011-05-19
대전광역시 대덕구 송촌동 232-9,74.26,벽돌구조,단독주택,(철근)콘크리트,1985-03-18
대전광역시 대덕구 송촌동 239-6,62.67,블록구조,단독주택,기와,1970
대전광역시 대덕구 송촌동 240,174.54,철근콘크리트구조,단독주택,(철근)콘크리트,2012-10-24
대전광역시 대덕구 송촌동 241-1,68.38,벽돌구조,단독주택,(철근)콘크리트,1986-08-06
대전광역시 대덕구 송촌동 241-10,94.6,벽돌구조,단독주택,(철근)콘크리트,1990-06-07
대전광역시 대덕구 송촌동 241-11,69.38,벽돌구조,단독주택,(철근)콘크리트,1986-08-06
대전광역시 대덕구 송촌동 241-12,67.83,벽돌구조,단독주택,(철근)콘크리트,1987-06-04
대전광역시 대덕구 송촌동 241-14,225.27,철골콘크리트구조,단독주택,(철근)콘크리트,2011-01-28
대전광역시 대덕구 송촌동 241-15,95.18,벽돌구조,단독주택,(철근)콘크리트,1989-06-14
대전광역시 대덕구 송촌동 241-16,72.99,벽돌구조,단독주택,(철근)콘크리트,1988-06-03
대전광역시 대덕구 송촌동 241-17,68.93,벽돌구조,단독주택,(철근)콘크리트,1984-12-22
대전광역시 대덕구 송촌동 241-2,589.96,철근콘크리트구조,공동주택,(철근)콘크리트,1997-04-10
대전광역시 대덕구 송촌동 241-21,72.06,벽돌구조,단독주택,(철근)콘크리트,1984-10-18
대전광역시 대덕구 송촌동 241-22,72.83,벽돌구조,단독주택,(철근)콘크리트,1988-05-31
대전광역시 대덕구 송촌동 241-25,85.17,벽돌구조,단독주택,(철근)콘크리트,1989-04-25
대전광역시 대덕구 송촌동 241-4,66.66,벽돌구조,단독주택,(철근)콘크리트,1989-04-25
대전광역시 대덕구 송촌동 241-5,382.8,철근콘크리트구조,공동주택,(철근)콘크리트,1998-02-27
대전광역시 대덕구 송촌동 241-6,68.01,벽돌구조,단독주택,(철근)콘크리트,1985-07-10
대전광역시 대덕구 송촌동 241-7,62.64,벽돌구조,단독주택,(철근)콘크리트,1985-09-17
대전광역시 대덕구 송촌동 241-9,68.3,벽돌구조,단독주택,(철근)콘크리트,1987-06-04
대전광역시 대덕구 송촌동 242-1,163.92,철근콘크리트구조,단독주택,(철근)콘크리트,1998-07-18
대전광역시 대덕구 송촌동 242-10,310.28,철근콘크리트구조,공동주택,(철근)콘크리트,1993-08-10
대전광역시 대덕구 송촌동 242-11,129.75,철근콘크리트구조,단독주택,(철근)콘크리트,2003-06-20
대전광역시 대덕구 송촌동 242-12,100.64,벽돌구조,단독주택,(철근)콘크리트,1985-12-04
대전광역시 대덕구 송촌동 242-13,67.5,벽돌구조,단독주택,(철근)콘크리트,1986-10-23
대전광역시 대덕구 송촌동 242-15,86.8,벽돌구조,단독주택,(철근)콘크리트,1989-06-03
대전광역시 대덕구 송촌동 242-16,96.375,벽돌구조,단독주택,(철근)콘크리트,1991-06-18
대전광역시 대덕구 송촌동 242-17,106.76,철근콘크리트구조,단독주택,(철근)콘크리트,1998-03-19
대전광역시 대덕구 송촌동 242-18,549.84,철근콘크리트구조,공동주택,(철근)콘크리트,1994-02-28
대전광역시 대덕구 송촌동 242-2,316.62,철근콘크리트구조,공동주택,(철근)콘크리트,1991-05-20
대전광역시 대덕구 송촌동 242-22,92.3,벽돌구조,단독주택,(철근)콘크리트,1989-11-15
대전광역시 대덕구 송촌동 242-23,69.14,벽돌구조,단독주택,(철근)콘크리트,1985-06-19
대전광역시 대덕구 송촌동 242-24,103.66,벽돌구조,단독주택,(철근)콘크리트,1985-08-06
대전광역시 대덕구 송촌동 242-28,205.2,벽돌구조,공동주택,(철근)콘크리트,1990-10-30
대전광역시 대덕구 송촌동 242-29,124.51,철근콘크리트구조,단독주택,(철근)콘크리트,2016-10-21
대전광역시 대덕구 송촌동 242-3,542.1,철근콘크리트구조,공동주택,(철근)콘크리트,1992-02-17
대전광역시 대덕구 송촌동 242-31,164.5,철근콘크리트구조,단독주택,(철근)콘크리트,1996-08-29
대전광역시 대덕구 송촌동 242-32,108.75,벽돌구조,단독주택,(철근)콘크리트,1994-11-04
대전광역시 대덕구 송촌동 242-33,97.5,벽돌구조,단독주택,(철근)콘크리트,1986-07-25
대전광역시 대덕구 송촌동 242-34,74.76,벽돌구조,단독주택,(철근)콘크리트,1988-08-31
대전광역시 대덕구 송촌동 242-35,100.53,벽돌구조,단독주택,(철근)콘크리트,1986-01-21
대전광역시 대덕구 송촌동 242-37,82.36,벽돌구조,단독주택,(철근)콘크리트,1989-11-15
대전광역시 대덕구 송촌동 242-4,493.15999999999997,철근콘크리트구조,공동주택,(철근)콘크리트,1991-09-07
대전광역시 대덕구 송촌동 242-46,205.2,벽돌구조,공동주택,(철근)콘크리트,1990-10-30
대전광역시 대덕구 송촌동 242-47,461.68,철근콘크리트구조,공동주택,(철근)콘크리트,1991-09-07
대전광역시 대덕구 송촌동 242-48,388.34,일반철골구조,제2종근린생활시설,기타지붕,2010-07-19
대전광역시 대덕구 송촌동 242-51,330.15,철근콘크리트구조,공동주택,(철근)콘크리트,1993-08-03
대전광역시 대덕구 송촌동 242-52,330.15,철근콘크리트구조,공동주택,(철근)콘크리트,1993-08-03
대전광역시 대덕구 송촌동 242-53,584.76,철근콘크리트구조,공동주택,(철근)콘크리트,1994-05-04
대전광역시 대덕구 송촌동 242-54,436.08,철근콘크리트구조,공동주택,(철근)콘크리트,1994-02-28
대전광역시 대덕구 송촌동 242-7,93.51,벽돌구조,단독주택,(철근)콘크리트,1985-09-19
대전광역시 대덕구 송촌동 242-8,470.4,철근콘크리트구조,공동주택,(철근)콘크리트,1992-08-12
대전광역시 대덕구 송촌동 242-9,69.5,벽돌구조,단독주택,(철근)콘크리트,1985-06-15
대전광역시 대덕구 송촌동 243-1,134.33,철근콘크리트구조,단독주택,(철근)콘크리트,2022-02-15
대전광역시 대덕구 송촌동 243-10,135.33,철근콘크리트구조,단독주택,(철근)콘크리트,1997-10-23
대전광역시 대덕구 송촌동 243-11,103.15,벽돌구조,단독주택,기와,1996-04-29
대전광역시 대덕구 송촌동 243-12,118.44,벽돌구조,단독주택,(철근)콘크리트,1996-12-28
대전광역시 대덕구 송촌동 243-13,133.0,경량철골구조,창고시설,(철근)콘크리트,1993-12-08
대전광역시 대덕구 송촌동 243-14,132.14,철근콘크리트구조,단독주택,(철근)콘크리트,2016-12-23
대전광역시 대덕구 송촌동 243-16,244.04,철근콘크리트구조,공동주택,(철근)콘크리트,1991-07-11
대전광역시 대덕구 송촌동 243-17,145.2,철근콘크리트구조,단독주택,(철근)콘크리트,2014-11-20
대전광역시 대덕구 송촌동 243-18,273.7,철근콘크리트구조,단독주택,(철근)콘크리트,2012-02-28
대전광역시 대덕구 송촌동 243-19,91.62,벽돌구조,단독주택,(철근)콘크리트,1988-11-01
대전광역시 대덕구 송촌동 243-2,133.01,벽돌구조,단독주택,(철근)콘크리트,1985-08-16
대전광역시 대덕구 송촌동 243-20,125.67,벽돌구조,단독주택,(철근)콘크리트,1995-05-20
대전광역시 대덕구 송촌동 243-22,265.76,철근콘크리트구조,단독주택,(철근)콘크리트,2010-06-15
대전광역시 대덕구 송촌동 243-23,318.72,철근콘크리트구조,공동주택,(철근)콘크리트,1996-12-23
대전광역시 대덕구 송촌동 243-24,87.31,벽돌구조,단독주택,(철근)콘크리트,1988-11-01
대전광역시 대덕구 송촌동 243-26,328.14,철근콘크리트구조,공동주택,(철근)콘크리트,1996-12-23
대전광역시 대덕구 송촌동 243-27,84.67,벽돌구조,단독주택,(철근)콘크리트,1998-09-18
대전광역시 대덕구 송촌동 243-28,84.4,벽돌구조,단독주택,(철근)콘크리트,1997-06-04
대전광역시 대덕구 송촌동 243-3,103.3,벽돌구조,단독주택,(철근)콘크리트,1989-05-26
대전광역시 대덕구 송촌동 243-4,100.9,벽돌구조,단독주택,(철근)콘크리트,1989-05-10
대전광역시 대덕구 송촌동 243-5,85.26,일반목구조,단독주택,기타지붕,2023-09-22
대전광역시 대덕구 송촌동 243-7,74.16,벽돌구조,단독주택,(철근)콘크리트,1988-05-19
대전광역시 대덕구 송촌동 243-8,129.4,철근콘크리트구조,단독주택,(철근)콘크리트,2002-10-29
대전광역시 대덕구 송촌동 243-9,136.91,벽돌구조,단독주택,(철근)콘크리트,1996-11-23
대전광역시 대덕구 송촌동 245,82.59,벽돌구조,단독주택,(철근)콘크리트,1983-01-17
대전광역시 대덕구 송촌동 245-1,102.27,벽돌구조,단독주택,(철근)콘크리트,1989-06-29
대전광역시 대덕구 송촌동 245-10,67.89,벽돌구조,단독주택,(철근)콘크리트,1989-06-08
대전광역시 대덕구 송촌동 245-11,79.11,벽돌구조,단독주택,(철근)콘크리트,1989-05-06
대전광역시 대덕구 송촌동 245-12,101.23,벽돌구조,단독주택,(철근)콘크리트,1989-06-01
대전광역시 대덕구 송촌동 245-13,84.01,벽돌구조,단독주택,(철근)콘크리트,1989-06-08
대전광역시 대덕구 송촌동 245-14,167.64,철근콘크리트구조,단독주택,(철근)콘크리트,2023-04-26
대전광역시 대덕구 송촌동 245-15,302.1,철근콘크리트구조,공동주택,(철근)콘크리트,1992-08-29
대전광역시 대덕구 송촌동 245-16,298.98,철근콘크리트구조,공동주택,(철근)콘크리트,1992-08-29
대전광역시 대덕구 송촌동 245-2,171.14,철근콘크리트구조,단독주택,(철근)콘크리트,2023-11-08
대전광역시 대덕구 송촌동 245-5,102.1,벽돌구조,단독주택,(철근)콘크리트,1974-12-24
대전광역시 대덕구 송촌동 245-6,130.89,벽돌구조,단독주택,(철근)콘크리트,1994-05-31
대전광역시 대덕구 송촌동 245-8,155.53,철근콘크리트구조,단독주택,(철근)콘크리트,2004-12-13
대전광역시 대덕구 송촌동 245-9,78.69,벽돌구조,단독주택,(철근)콘크리트,1989-09-05
대전광역시 대덕구 송촌동 246-1,91.62,벽돌구조,단독주택,(철근)콘크리트,1993-07-13
대전광역시 대덕구 송촌동 246-11,82.27,벽돌구조,단독주택,(철근)콘크리트,1984-08-27
대전광역시 대덕구 송촌동 246-12,99.88,일반철골구조,제2종근린생활시설,기타지붕,2008-12-30
대전광역시 대덕구 송촌동 246-13,111.51,철근콘크리트구조,제2종근린생활시설,(철근)콘크리트,1989-07-28
대전광역시 대덕구 송촌동 246-14,115.2,경량철골구조,창고시설,기타지붕,2012-10-30
대전광역시 대덕구 송촌동 246-15,92.07,철근콘크리트구조,단독주택,(철근)콘크리트,2014-01-21
대전광역시 대덕구 송촌동 246-16,67.79,벽돌구조,단독주택,(철근)콘크리트,1985-12-26
대전광역시 대덕구 송촌동 246-19,126.89,벽돌구조,단독주택,(철근)콘크리트,1996-12-30
대전광역시 대덕구 송촌동 246-2,94.42,벽돌구조,단독주택,(철근)콘크리트,1989-07-19
대전광역시 대덕구 송촌동 246-20,81.92,벽돌구조,단독주택,기타지붕,1989-11-20
대전광역시 대덕구 송촌동 246-21,74.04,벽돌구조,단독주택,(철근)콘크리트,1988-12-21
대전광역시 대덕구 송촌동 246-22,67.75,벽돌구조,단독주택,(철근)콘크리트,1989-11-09
대전광역시 대덕구 송촌동 246-23,67.79,벽돌구조,단독주택,(철근)콘크리트,1985-12-26
대전광역시 대덕구 송촌동 246-25,98.46,벽돌구조,단독주택,(철근)콘크리트,1985-09-21
대전광역시 대덕구 송촌동 246-26,74.82,벽돌구조,단독주택,(철근)콘크리트,1988-05-19
대전광역시 대덕구 송촌동 246-28,79.54,벽돌구조,단독주택,(철근)콘크리트,1988-07-01
대전광역시 대덕구 송촌동 246-29,75.07,벽돌구조,단독주택,(철근)콘크리트,1985-06-18
대전광역시 대덕구 송촌동 246-3,71.61,벽돌구조,단독주택,(철근)콘크리트,1987-09-28
대전광역시 대덕구 송촌동 246-30,87.48,벽돌구조,단독주택,(철근)콘크리트,1990-11-24
대전광역시 대덕구 송촌동 246-31,91.46,벽돌구조,단독주택,(철근)콘크리트,1989-07-24
대전광역시 대덕구 송촌동 246-32,68.49,벽돌구조,단독주택,(철근)콘크리트,1985-07-01
대전광역시 대덕구 송촌동 246-33,107.44,철근콘크리트구조,단독주택,(철근)콘크리트,2010-12-31
대전광역시 대덕구 송촌동 246-34,71.73,벽돌구조,단독주택,(철근)콘크리트,1988-10-26
대전광역시 대덕구 송촌동 246-35,104.15,벽돌구조,단독주택,(철근)콘크리트,1991-03-22
대전광역시 대덕구 송촌동 246-36,52.16,벽돌구조,단독주택,(철근)콘크리트,1989-11-09
대전광역시 대덕구 송촌동 246-38,259.7,철근콘크리트구조,단독주택,(철근)콘크리트,2011-07-07
대전광역시 대덕구 송촌동 246-39,214.58,철근콘크리트구조,단독주택,(철근)콘크리트,2011-12-26
대전광역시 대덕구 송촌동 246-4,98.19,벽돌구조,단독주택,(철근)콘크리트,1985-09-14
대전광역시 대덕구 송촌동 246-41,90.26,벽돌구조,단독주택,(철근)콘크리트,1991-09-28
대전광역시 대덕구 송촌동 246-42,123.58,벽돌구조,단독주택,(철근)콘크리트,1996-07-24
대전광역시 대덕구 송촌동 246-43,106.27,벽돌구조,단독주택,(철근)콘크리트,1996-10-14
대전광역시 대덕구 송촌동 246-44,139.5,벽돌구조,단독주택,(철근)콘크리트,1996-07-30
대전광역시 대덕구 송촌동 246-45,120.78,일반철골구조,단독주택,(철근)콘크리트,2002-07-13
대전광역시 대덕구 송촌동 246-47,80.0,경량철골구조,자동차관련시설,기타지붕,1999-05-06
대전광역시 대덕구 송촌동 246-48,98.87,벽돌구조,단독주택,(철근)콘크리트,1994-12-07
대전광역시 대덕구 송촌동 246-5,91.98,벽돌구조,단독주택,(철근)콘크리트,1991-05-13
대전광역시 대덕구 송촌동 246-7,528.0,벽돌구조,공동주택,(철근)콘크리트,1989-11-25
대전광역시 대덕구 송촌동 246-8,83.87,벽돌구조,단독주택,기와,1992-08-12
대전광역시 대덕구 송촌동 246-9,146.09,경량철골구조,단독주택,기타지붕,1991-03-16
대전광역시 대덕구 송촌동 256,23.47,블록구조,단독주택,슬레이트,1966
대전광역시 대덕구 송촌동 284,48.86,일반목구조,단독주택,기타지붕,1901
대전광역시 대덕구 송촌동 29,46.04,일반목구조,단독주택,슬레이트,1941
대전광역시 대덕구 송촌동 290-1,107.41,벽돌구조,노유자시설,(철근)콘크리트,1992-10-19
대전광역시 대덕구 송촌동 290-10,67.83,벽돌구조,단독주택,(철근)콘크리트,1986-09-15
대전광역시 대덕구 송촌동 290-11,67.14,벽돌구조,단독주택,(철근)콘크리트,1987-08-14
대전광역시 대덕구 송촌동 290-13,68.88,벽돌구조,단독주택,(철근)콘크리트,1988-05-26
대전광역시 대덕구 송촌동 290-14,117.91,철근콘크리트구조,단독주택,(철근)콘크리트,2003-01-10
대전광역시 대덕구 송촌동 290-15,234.0,철골콘크리트구조,단독주택,(철근)콘크리트,2010-12-15
대전광역시 대덕구 송촌동 290-18,61.09,벽돌구조,단독주택,(철근)콘크리트,1987-09-24
대전광역시 대덕구 송촌동 290-19,95.09,벽돌구조,단독주택,(철근)콘크리트,1980-09-16
대전광역시 대덕구 송촌동 290-20,85.2,철근콘크리트구조,단독주택,(철근)콘크리트,1984-12-13
대전광역시 대덕구 송촌동 290-21,80.8625,철근콘크리트구조,제2종근린생활시설,(철근)콘크리트,1984-12-13
대전광역시 대덕구 송촌동 290-22,115.95,철근콘크리트구조,단독주택,(철근)콘크리트,2018-02-26
대전광역시 대덕구 송촌동 290-23,91.64,벽돌구조,단독주택,(철근)콘크리트,1985-03-27
대전광역시 대덕구 송촌동 290-24,85.55,벽돌구조,단독주택,(철근)콘크리트,1984-10-27
대전광역시 대덕구 송촌동 290-26,78.56,벽돌구조,단독주택,(철근)콘크리트,1989-10-05
대전광역시 대덕구 송촌동 290-31,67.89,벽돌구조,단독주택,(철근)콘크리트,1987-08-14
대전광역시 대덕구 송촌동 290-32,82.24,벽돌구조,단독주택,(철근)콘크리트,1987-12-14
대전광역시 대덕구 송촌동 290-4,821.32,철근콘크리트구조,공동주택,(철근)콘크리트,1986-11-29
대전광역시 대덕구 송촌동 290-5,84.61,벽돌구조,단독주택,(철근)콘크리트,1989-05-29
대전광역시 대덕구 송촌동 290-6,136.8,철근콘크리트구조,제2종근린생활시설,(철근)콘크리트,2007-06-28
대전광역시 대덕구 송촌동 290-7,684.8,벽돌구조,공동주택,(철근)콘크리트,1978-02-17
대전광역시 대덕구 송촌동 290-8,70.8,벽돌구조,단독주택,(철근)콘크리트,1987-06-18
대전광역시 대덕구 송촌동 290-9,69.86,벽돌구조,단독주택,(철근)콘크리트,1986-09-15
대전광역시 대덕구 송촌동 291-1,126.64,철근콘크리트구조,제2종근린생활시설,(철근)콘크리트,1990-09-24
대전광역시 대덕구 송촌동 291-10,126.12,철근콘크리트구조,단독주택,(철근)콘크리트,2002-10-24
대전광역시 대덕구 송촌동 291-11,71.54,벽돌구조,단독주택,(철근)콘크리트,1981-12-11
대전광역시 대덕구 송촌동 291-12,76.84,벽돌구조,단독주택,(철근)콘크리트,1981-12-11
대전광역시 대덕구 송촌동 291-13,81.97,벽돌구조,단독주택,(철근)콘크리트,1981-12-11
대전광역시 대덕구 송촌동 291-14,82.3,벽돌구조,단독주택,(철근)콘크리트,1981-12-11
대전광역시 대덕구 송촌동 291-16,80.71,벽돌구조,단독주택,(철근)콘크리트,1981-12-11
대전광역시 대덕구 송촌동 291-17,89.28,일반철골구조,단독주택,기타지붕,2005-09-09
대전광역시 대덕구 송촌동 291-18,73.555,벽돌구조,단독주택,(철근)콘크리트,1981-12-11
대전광역시 대덕구 송촌동 291-19,75.67,벽돌구조,단독주택,(철근)콘크리트,1981-12-11
대전광역시 대덕구 송촌동 291-2,212.64,벽돌구조,공동주택,(철근)콘크리트,1989-12-29
대전광역시 대덕구 송촌동 291-22,96.72,벽돌구조,단독주택,(철근)콘크리트,1990-01-08
대전광역시 대덕구 송촌동 291-23,57.64,철근콘크리트구조,제2종근린생활시설,기타지붕,2002-06-12
대전광역시 대덕구 송촌동 291-25,79.13,벽돌구조,단독주택,(철근)콘크리트,1989-08-21
대전광역시 대덕구 송촌동 291-26,76.49,벽돌구조,단독주택,(철근)콘크리트,1989-07-03
대전광역시 대덕구 송촌동 291-27,107.15,벽돌구조,단독주택,(철근)콘크리트,2000-05-31
대전광역시 대덕구 송촌동 291-29,87.57,벽돌구조,단독주택,(철근)콘크리트,1989-10-28
대전광역시 대덕구 송촌동 291-3,153.13,철근콘크리트구조,단독주택,(철근)콘크리트,2003-07-16
대전광역시 대덕구 송촌동 291-30,73.39,벽돌구조,단독주택,(철근)콘크리트,1989-07-01
대전광역시 대덕구 송촌동 291-31,75.07,벽돌구조,단독주택,(철근)콘크리트,1989-07-01
대전광역시 대덕구 송촌동 291-32,212.64,벽돌구조,공동주택,(철근)콘크리트,1989-12-29
대전광역시 대덕구 송촌동 291-34,222.34,철근콘크리트구조,제2종근린생활시설,(철근)콘크리트,2011-10-13
대전광역시 대덕구 송촌동 291-4,255.08,철근콘크리트구조,단독주택,(철근)콘크리트,2011-11-03
대전광역시 대덕구 송촌동 291-7,126.9,철근콘크리트구조,제2종근린생활시설,(철근)콘크리트,1993-05-13
대전광역시 대덕구 송촌동 291-8,108.64,철근콘크리트구조,단독주택,(철근)콘크리트,2004-06-08
대전광역시 대덕구 송촌동 291-9,926.08,철근콘크리트구조,공동주택,(철근)콘크리트,1979-05-30
대전광역시 대덕구 송촌동 292-1,369.83,철근콘크리트구조,제2종근린생활시설,(철근)콘크리트,2003-09-17
대전광역시 대덕구 송촌동 292-10,198.0,일반철골구조,제2종근린생활시설,기타지붕,2004-08-03
대전광역시 대덕구 송촌동 292-11,64.62,벽돌구조,단독주택,(철근)콘크리트,1986-04-30
대전광역시 대덕구 송촌동 292-18,196.08,철근콘크리트구조,단독주택,(철근)콘크리트,2006-11-23
대전광역시 대덕구 송촌동 292-2,72.45,벽돌구조,단독주택,(철근)콘크리트,1987-06-05
대전광역시 대덕구 송촌동 292-3,1172.08,철근콘크리트구조,의료시설,(철근)콘크리트,1992-06-20
대전광역시 대덕구 송촌동 292-5,444.28000000000003,철근콘크리트구조,제2종근린생활시설,(철근)콘크리트,2000-12-19
대전광역시 대덕구 송촌동 292-8,390.76,경량철골구조,위험물저장및처리시설,기타지붕,2017-08-31
대전광역시 대덕구 송촌동 293-1,231.45,철근콘크리트구조,단독주택,(철근)콘크리트,2010-08-05
대전광역시 대덕구 송촌동 293-2,2552.44,철골철근콘크리트구조,업무시설,(철근)콘크리트,1998-07-30
대전광역시 대덕구 송촌동 293-22,90.97,벽돌구조,단독주택,(철근)콘크리트,1979-12-29
대전광역시 대덕구 송촌동 293-23,82.75,벽돌구조,단독주택,(철근)콘크리트,1979-08-25
대전광역시 대덕구 송촌동 293-24,99.36,일반철골구조,제2종근린생활시설,기타지붕,2019-03-07
대전광역시 대덕구 송촌동 293-25,105.94,철근콘크리트구조,단독주택,(철근)콘크리트,2009-10-01
대전광역시 대덕구 송촌동 293-26,730.1,일반철골구조,제2종근린생활시설,(철근)콘크리트,2003-08-11
대전광역시 대덕구 송촌동 293-6,1196.62,일반철골구조,판매시설,(철근)콘크리트,2016-05-18
대전광역시 대덕구 송촌동 294-10,68.15,벽돌구조,단독주택,(철근)콘크리트,1986-07-21
대전광역시 대덕구 송촌동 294-11,69.86,벽돌구조,단독주택,(철근)콘크리트,1984-08-24
대전광역시 대덕구 송촌동 294-12,69.86,벽돌구조,단독주택,(철근)콘크리트,1984-08-24
대전광역시 대덕구 송촌동 294-13,296.89,철근콘크리트구조,단독주택,(철근)콘크리트,2022-02-17
대전광역시 대덕구 송촌동 294-15,68.27,벽돌구조,단독주택,(철근)콘크리트,1987-07-28
대전광역시 대덕구 송촌동 294-16,73.68,벽돌구조,단독주택,(철근)콘크리트,1987-07-28
대전광역시 대덕구 송촌동 294-18,67.51,벽돌구조,단독주택,(철근)콘크리트,1987-10-20
대전광역시 대덕구 송촌동 294-19,75.46,벽돌구조,단독주택,(철근)콘크리트,1988-08-06
대전광역시 대덕구 송촌동 294-2,293.12,철근콘크리트구조,공동주택,(철근)콘크리트,1991-08-02
대전광역시 대덕구 송촌동 294-20,71.59,벽돌구조,단독주택,(철근)콘크리트,1986-07-25
대전광역시 대덕구 송촌동 294-21,71.57,벽돌구조,단독주택,(철근)콘크리트,1986-07-24
대전광역시 대덕구 송촌동 294-23,74.59,벽돌구조,단독주택,(철근)콘크리트,1986-06-25
대전광역시 대덕구 송촌동 294-25,80.79,벽돌구조,단독주택,(철근)콘크리트,2001-06-20
대전광역시 대덕구 송촌동 294-27,73.17,벽돌구조,단독주택,(철근)콘크리트,1988-01-25
대전광역시 대덕구 송촌동 294-28,69.96,벽돌구조,단독주택,(철근)콘크리트,1990-06-15
대전광역시 대덕구 송촌동 294-29,67.69,벽돌구조,단독주택,(철근)콘크리트,1986-07-28
대전광역시 대덕구 송촌동 294-3,122.39,철근콘크리트구조,단독주택,(철근)콘크리트,1995-07-27
대전광역시 대덕구 송촌동 294-30,68.93,벽돌구조,단독주택,(철근)콘크리트,1988-09-01
대전광역시 대덕구 송촌동 294-31,148.06,철근콘크리트구조,단독주택,(철근)콘크리트,2001-11-30
대전광역시 대덕구 송촌동 294-32,138.32,철근콘크리트구조,제2종근린생활시설,(철근)콘크리트,2011-10-06
대전광역시 대덕구 송촌동 294-4,262.4,벽돌구조,공동주택,(철근)콘크리트,1985-12-13
대전광역시 대덕구 송촌동 294-5,99.23,철근콘크리트구조,제2종근린생활시설,(철근)콘크리트,2007-10-12
대전광역시 대덕구 송촌동 294-6,1275.66,철근콘크리트구조,교육연구시설,(철근)콘크리트,2008-08-12
대전광역시 대덕구 송촌동 294-7,200.88,철근콘크리트구조,단독주택,(철근)콘크리트,2002-09-23
대전광역시 대덕구 송촌동 294-8,136.66,철근콘크리트구조,단독주택,(철근)콘크리트,1989-08-21
대전광역시 대덕구 송촌동 294-9,70.44,벽돌구조,단독주택,(철근)콘크리트,1994-12-17
대전광역시 대덕구 송촌동 295-1,203.33,철근콘크리트구조,단독주택,(철근)콘크리트,2016-04-11
대전광역시 대덕구 송촌동 295-12,1778.16,일반철골구조,판매시설,(철근)콘크리트,2020-11-03
대전광역시 대덕구 송촌동 295-16,94.39,벽돌구조,단독주택,(철근)콘크리트,1985-04-02
대전광역시 대덕구 송촌동 295-18,69.87,벽돌구조,단독주택,(철근)콘크리트,1985-04-10
대전광역시 대덕구 송촌동 295-2,57.64,벽돌구조,단독주택,(철근)콘크리트,1988-08-23
대전광역시 대덕구 송촌동 295-21,79.22,벽돌구조,노유자시설,(철근)콘크리트,1985-04-02
대전광역시 대덕구 송촌동 295-22,76.74,벽돌구조,단독주택,(철근)콘크리트,1985-04-10
대전광역시 대덕구 송촌동 295-23,69.52,벽돌구조,단독주택,(철근)콘크리트,1985-04-02
대전광역시 대덕구 송촌동 295-25,69.75,벽돌구조,단독주택,(철근)콘크리트,1985-04-10
대전광역시 대덕구 송촌동 295-28,82.62,경량철골구조,제2종근린생활시설,기타지붕,1998-12-15
대전광역시 대덕구 송촌동 295-4,126.19,철근콘크리트구조,단독주택,(철근)콘크리트,2005-09-08
대전광역시 대덕구 송촌동 295-6,85.2,벽돌구조,단독주택,기타지붕,1985-04-02
대전광역시 대덕구 송촌동 295-7,651.7752,철근콘크리트구조,업무시설,(철근)콘크리트,1994-05-11
대전광역시 대덕구 송촌동 295-9,144.0,철근콘크리트구조,단독주택,(철근)콘크리트,2016-06-10
대전광역시 대덕구 송촌동 297,59.57,벽돌구조,단독주택,(철근)콘크리트,1976-12-07
대전광역시 대덕구 송촌동 30,85.92,일반목구조,제2종근린생활시설,기타지붕,1941
대전광역시 대덕구 송촌동 31,59.93,일반목구조,단독주택,슬레이트,1897
대전광역시 대덕구 송촌동 414,66.72,블록구조,단독주택,(철근)콘크리트,1980-12-22
대전광역시 대덕구 송촌동 441,2863.5519999999997,철근콘크리트구조,교육연구시설,(철근)콘크리트,1999-02-03
대전광역시 대덕구 송촌동 442,3097.69,경량철골구조,교육연구시설,(철근)콘크리트,2014-03-06
대전광역시 대덕구 송촌동 443-1,85.8,철근콘크리트구조,제2종근린생활시설,(철근)콘크리트,1998-11-11
대전광역시 대덕구 송촌동 444,15758.064,철근콘크리트구조,공동주택,(철근)콘크리트,1999-10-12
대전광역시 대덕구 송촌동 444-1,413.652,철근콘크리트구조,공동주택,(철근)콘크리트,2020-08-05
대전광역시 대덕구 송촌동 445-2,515.26,철근콘크리트구조,교육연구시설,(철근)콘크리트,2003-10-10
대전광역시 대덕구 송촌동 445-3,522.38,철근콘크리트구조,제2종근린생활시설,(철근)콘크리트,2003-08-06
대전광역시 대덕구 송촌동 445-4,1032.53,철골철근콘크리트구조,판매시설,기타지붕,2003-03-31
대전광역시 대덕구 송촌동 446-1,592.04,철근콘크리트구조,의료시설,(철근)콘크리트,2015-05-18
대전광역시 대덕구 송촌동 446-4,561.23,철골철근콘크리트구조,종교시설,(철근)콘크리트,2004-06-03
대전광역시 대덕구 송촌동 447-2,466.0,일반철골구조,제2종근린생활시설,기타지붕,2008-02-22
대전광역시 대덕구 송촌동 447-5,563.88,철근콘크리트구조,제2종근린생활시설,기타지붕,2000-05-29
대전광역시 대덕구 송촌동 448-2,397.82,일반철골구조,제2종근린생활시설,기타지붕,2019-08-05
대전광역시 대덕구 송촌동 449-3,489.5,철근콘크리트구조,제2종근린생활시설,(철근)콘크리트,2005-12-09
대전광역시 대덕구 송촌동 449-4,417.57,철근콘크리트구조,제2종근린생활시설,(철근)콘크리트,2001-11-06
대전광역시 대덕구 송촌동 449-6,313.72,일반철골구조,제2종근린생활시설,(철근)콘크리트,2008-11-17
대전광역시 대덕구 송촌동 450-2,1043.1,철근콘크리트구조,교육연구시설,(철근)콘크리트,2012-11-29
대전광역시 대덕구 송촌동 450-3,551.59,철골철근콘크리트구조,종교시설,기타지붕,2007-09-12
대전광역시 대덕구 송촌동 450-5,657.21,철근콘크리트구조,제2종근린생활시설,(철근)콘크리트,2007-07-30
대전광역시 대덕구 송촌동 451-1,104.36,철근콘크리트구조,단독주택,(철근)콘크리트,2000-06-19
대전광역시 대덕구 송촌동 451-10,98.4,철근콘크리트구조,단독주택,(철근)콘크리트,2000-05-29
대전광역시 대덕구 송촌동 451-11,96.3,철근콘크리트구조,단독주택,(철근)콘크리트,1999-09-11
대전광역시 대덕구 송촌동 451-12,99.36,철근콘크리트구조,단독주택,기타지붕,2000-01-04
대전광역시 대덕구 송촌동 451-13,98.34,철근콘크리트구조,단독주택,기타지붕,1999-10-27
대전광역시 대덕구 송촌동 451-14,98.4,철근콘크리트구조,단독주택,(철근)콘크리트,2000-08-07
대전광역시 대덕구 송촌동 451-2,104.01,철근콘크리트구조,단독주택,(철근)콘크리트,2003-05-30
대전광역시 대덕구 송촌동 451-3,98.7,철근콘크리트구조,단독주택,(철근)콘크리트,2003-11-27
대전광역시 대덕구 송촌동 451-4,98.88,철근콘크리트구조,단독주택,(철근)콘크리트,1999-09-10
대전광역시 대덕구 송촌동 451-5,44.0,경량철골구조,단독주택,기타지붕,2015-08-11
대전광역시 대덕구 송촌동 451-6,98.7,철근콘크리트구조,단독주택,(철근)콘크리트,2003-04-04
대전광역시 대덕구 송촌동 451-7,97.92,철근콘크리트구조,단독주택,(철근)콘크리트,2003-11-27
대전광역시 대덕구 송촌동 451-8,104.78,철근콘크리트구조,단독주택,(철근)콘크리트,2000-07-13
대전광역시 대덕구 송촌동 451-9,104.86,철근콘크리트구조,단독주택,(철근)콘크리트,2002-08-27
대전광역시 대덕구 송촌동 452-1,116.71,철근콘크리트구조,단독주택,(철근)콘크리트,2006-11-29
대전광역시 대덕구 송촌동 452-10,112.65,철근콘크리트구조,단독주택,(철근)콘크리트,2002-07-09
대전광역시 대덕구 송촌동 452-11,113.4,철근콘크리트구조,단독주택,(철근)콘크리트,2000-08-30
대전광역시 대덕구 송촌동 452-12,112.96,철근콘크리트구조,단독주택,(철근)콘크리트,2002-12-23
대전광역시 대덕구 송촌동 452-13,112.56,철근콘크리트구조,단독주택,(철근)콘크리트,2002-10-14
대전광역시 대덕구 송촌동 452-14,110.36,철근콘크리트구조,단독주택,(철근)콘크리트,2002-11-16
대전광역시 대덕구 송촌동 452-2,119.6,철근콘크리트구조,단독주택,(철근)콘크리트,2002-08-06
대전광역시 대덕구 송촌동 452-3,113.51,철근콘크리트구조,단독주택,(철근)콘크리트,2004-05-04
대전광역시 대덕구 송촌동 452-4,113.51,철근콘크리트구조,단독주택,(철근)콘크리트,2004-01-19
대전광역시 대덕구 송촌동 452-5,113.4,철근콘크리트구조,단독주택,(철근)콘크리트,2000-04-14
대전광역시 대덕구 송촌동 452-6,113.12,철근콘크리트구조,단독주택,(철근)콘크리트,2001-08-10
대전광역시 대덕구 송촌동 452-7,112.0,철근콘크리트구조,단독주택,(철근)콘크리트,2006-04-18
대전광역시 대덕구 송촌동 452-8,115.89,철근콘크리트구조,단독주택,(철근)콘크리트,2000-09-04
대전광역시 대덕구 송촌동 452-9,114.57,철근콘크리트구조,단독주택,(철근)콘크리트,1999-12-08
대전광역시 대덕구 송촌동 453-1,120.09,철근콘크리트구조,단독주택,(철근)콘크리트,2009-08-14
대전광역시 대덕구 송촌동 453-10,112.56,철근콘크리트구조,단독주택,(철근)콘크리트,2003-07-31
대전광역시 대덕구 송촌동 453-11,115.06,철근콘크리트구조,단독주택,(철근)콘크리트,2001-05-10
대전광역시 대덕구 송촌동 453-12,116.35,철근콘크리트구조,단독주택,(철근)콘크리트,2002-04-23
대전광역시 대덕구 송촌동 453-13,114.75,철근콘크리트구조,단독주택,(철근)콘크리트,2001-12-26
대전광역시 대덕구 송촌동 453-14,113.22,철근콘크리트구조,단독주택,(철근)콘크리트,2003-08-14
대전광역시 대덕구 송촌동 453-2,131.45,철근콘크리트구조,단독주택,(철근)콘크리트,2000-03-15
대전광역시 대덕구 송촌동 453-3,118.74,철근콘크리트구조,단독주택,(철근)콘크리트,2001-08-07
대전광역시 대덕구 송촌동 453-4,118.3,철근콘크리트구조,단독주택,(철근)콘크리트,1999-10-28
대전광역시 대덕구 송촌동 453-5,118.72,철근콘크리트구조,단독주택,(철근)콘크리트,
대전광역시 대덕구 송촌동 453-6,118.2,철근콘크리트구조,단독주택,(철근)콘크리트,1999-11-02
대전광역시 대덕구 송촌동 453-7,112.56,철근콘크리트구조,단독주택,(철근)콘크리트,2002-01-26
대전광역시 대덕구 송촌동 453-8,119.35,철근콘크리트구조,단독주택,(철근)콘크리트,2000-06-27
대전광역시 대덕구 송촌동 453-9,121.755,철근콘크리트구조,단독주택,기타지붕,1999-12-24
대전광역시 대덕구 송촌동 454-1,125.91,철근콘크리트구조,단독주택,(철근)콘크리트,2003-02-17
대전광역시 대덕구 송촌동 454-10,117.18,철근콘크리트구조,단독주택,(철근)콘크리트,1999-07-27
대전광역시 대덕구 송촌동 454-11,106.31,철근콘크리트구조,단독주택,(철근)콘크리트,2002-10-29
대전광역시 대덕구 송촌동 454-12,109.3,철근콘크리트구조,단독주택,(철근)콘크리트,2001-05-10
대전광역시 대덕구 송촌동 454-13,106.216,철근콘크리트구조,단독주택,(철근)콘크리트,2002-08-01
대전광역시 대덕구 송촌동 454-14,106.75,철근콘크리트구조,단독주택,(철근)콘크리트,2003-04-09
대전광역시 대덕구 송촌동 454-15,106.5,철근콘크리트구조,단독주택,(철근)콘크리트,2010-01-25
대전광역시 대덕구 송촌동 454-16,106.8,철근콘크리트구조,단독주택,(철근)콘크리트,2004-12-08
대전광역시 대덕구 송촌동 454-2,123.3,철근콘크리트구조,단독주택,(철근)콘크리트,2001-03-13
대전광역시 대덕구 송촌동 454-3,109.2,철근콘크리트구조,단독주택,기타지붕,1999-11-10
대전광역시 대덕구 송촌동 454-4,109.04,철근콘크리트구조,단독주택,(철근)콘크리트,2000-07-18
대전광역시 대덕구 송촌동 454-5,109.0,철근콘크리트구조,단독주택,(철근)콘크리트,2000-03-08
대전광역시 대덕구 송촌동 454-6,110.0,철근콘크리트구조,단독주택,(철근)콘크리트,1999-10-15
대전광역시 대덕구 송촌동 454-7,108.07,철근콘크리트구조,단독주택,(철근)콘크리트,1999-11-19
대전광역시 대덕구 송촌동 454-8,108.17,철근콘크리트구조,단독주택,(철근)콘크리트,1999-07-27
대전광역시 대덕구 송촌동 454-9,117.92,철근콘크리트구조,단독주택,(철근)콘크리트,1999-09-14
대전광역시 대덕구 송촌동 455-1,117.56,철근콘크리트구조,단독주택,(철근)콘크리트,1999-12-01
대전광역시 대덕구 송촌동 455-10,113.94,철근콘크리트구조,단독주택,(철근)콘크리트,2002-02-19
대전광역시 대덕구 송촌동 455-11,114.18,철근콘크리트구조,단독주택,(철근)콘크리트,2002-11-04
대전광역시 대덕구 송촌동 455-12,113.16,철근콘크리트구조,단독주택,(철근)콘크리트,2001-10-17
대전광역시 대덕구 송촌동 455-13,114.08,철근콘크리트구조,단독주택,(철근)콘크리트,2002-03-19
대전광역시 대덕구 송촌동 455-14,111.54,철근콘크리트구조,단독주택,(철근)콘크리트,1999-04-30
대전광역시 대덕구 송촌동 455-2,112.5,철근콘크리트구조,단독주택,기타지붕,2000-01-05
대전광역시 대덕구 송촌동 455-3,114.98,철근콘크리트구조,단독주택,기타지붕,1999-08-16
대전광역시 대덕구 송촌동 455-4,109.48,철근콘크리트구조,단독주택,(철근)콘크리트,2002-02-22
대전광역시 대덕구 송촌동 455-5,114.12,철근콘크리트구조,단독주택,(철근)콘크리트,2002-06-28
대전광역시 대덕구 송촌동 455-6,113.48,철근콘크리트구조,단독주택,(철근)콘크리트,2001-12-07
대전광역시 대덕구 송촌동 455-7,198.0,철근콘크리트구조,단독주택,(철근)콘크리트,1999-10-15
대전광역시 대덕구 송촌동 455-8,117.38,철근콘크리트구조,단독주택,기타지붕,1999-11-10
대전광역시 대덕구 송촌동 455-9,113.85,철근콘크리트구조,단독주택,(철근)콘크리트,2000-07-03
대전광역시 대덕구 송촌동 456-1,125.33,철근콘크리트구조,단독주택,기타지붕,1999-09-20
대전광역시 대덕구 송촌동 456-10,116.19,철근콘크리트구조,단독주택,(철근)콘크리트,1999-10-21
대전광역시 대덕구 송촌동 456-11,115.0,철근콘크리트구조,단독주택,기타지붕,1999-12-16
대전광역시 대덕구 송촌동 456-12,116.0,철근콘크리트구조,단독주택,기타지붕,1999-09-08
대전광역시 대덕구 송촌동 456-13,116.12,철근콘크리트구조,단독주택,(철근)콘크리트,1999-06-17
대전광역시 대덕구 송촌동 456-14,118.45,철근콘크리트구조,단독주택,(철근)콘크리트,1999-08-27
대전광역시 대덕구 송촌동 456-15,116.36,철근콘크리트구조,단독주택,(철근)콘크리트,2000-06-27
대전광역시 대덕구 송촌동 456-16,118.44,철근콘크리트구조,단독주택,(철근)콘크리트,2000-06-16
대전광역시 대덕구 송촌동 456-17,116.4,철근콘크리트구조,단독주택,기타지붕,1999-10-13
대전광역시 대덕구 송촌동 456-18,110.5,철근콘크리트구조,단독주택,기타지붕,200002
대전광역시 대덕구 송촌동 456-19,123.41,철근콘크리트구조,단독주택,(철근)콘크리트,1999-12-13
대전광역시 대덕구 송촌동 456-2,112.91,철근콘크리트구조,단독주택,(철근)콘크리트,2003-09-03
대전광역시 대덕구 송촌동 456-3,119.44,철근콘크리트구조,단독주택,(철근)콘크리트,1999-12-08
대전광역시 대덕구 송촌동 456-4,124.05,철근콘크리트구조,단독주택,(철근)콘크리트,2001-11-15
대전광역시 대덕구 송촌동 456-5,121.4,철근콘크리트구조,단독주택,(철근)콘크리트,1999-08-03
대전광역시 대덕구 송촌동 456-6,114.02,철근콘크리트구조,단독주택,(철근)콘크리트,1999-08-17
대전광역시 대덕구 송촌동 456-7,109.85,철근콘크리트구조,단독주택,기타지붕,1999-12-31
대전광역시 대덕구 송촌동 456-8,113.36,철근콘크리트구조,단독주택,(철근)콘크리트,1999-10-21
대전광역시 대덕구 송촌동 456-9,114.25,철근콘크리트구조,단독주택,(철근)콘크리트,1999-04-27
대전광역시 대덕구 송촌동 457-1,124.42,철근콘크리트구조,단독주택,(철근)콘크리트,2000-03-14
대전광역시 대덕구 송촌동 457-10,103.97,철근콘크리트구조,단독주택,(철근)콘크리트,2000-03-15
대전광역시 대덕구 송촌동 457-11,120.52,철근콘크리트구조,단독주택,(철근)콘크리트,2001-12-04
대전광역시 대덕구 송촌동 457-2,119.8,철근콘크리트구조,단독주택,(철근)콘크리트,2000-02-29
대전광역시 대덕구 송촌동 457-3,115.2,철근콘크리트구조,단독주택,기타지붕,2000-06-19
대전광역시 대덕구 송촌동 457-4,116.82,철근콘크리트구조,단독주택,(철근)콘크리트,1999-08-13
대전광역시 대덕구 송촌동 457-5,120.835,철근콘크리트구조,단독주택,기타지붕,1999-10-05
대전광역시 대덕구 송촌동 457-6,122.19,철근콘크리트구조,단독주택,(철근)콘크리트,2000-07-25
대전광역시 대덕구 송촌동 457-7,98.25,철근콘크리트구조,단독주택,(철근)콘크리트,1999-11-10
대전광역시 대덕구 송촌동 457-8,105.2,철근콘크리트구조,단독주택,(철근)콘크리트,2002-07-09
대전광역시 대덕구 송촌동 457-9,105.46,철근콘크리트구조,단독주택,(철근)콘크리트,
대전광역시 대덕구 송촌동 458,872.0,철골철근콘크리트구조,자동차관련시설,(철근)콘크리트,2020-03-20
대전광역시 대덕구 송촌동 458-4,101.7,철근콘크리트구조,단독주택,(철근)콘크리트,2002-04-25
대전광역시 대덕구 송촌동 459-1,632.81,철근콘크리트구조,교육연구시설,(철근)콘크리트,2002-05-30
대전광역시 대덕구 송촌동 459-2,590.03,철근콘크리트구조,노유자시설,(철근)콘크리트,2005-06-02
대전광역시 대덕구 송촌동 459-3,597.34,철골철근콘크리트구조,제2종근린생활시설,(철근)콘크리트,2003-12-17
대전광역시 대덕구 송촌동 459-4,582.54,철근콘크리트구조,제2종근린생활시설,(철근)콘크리트,2005-12-26
대전광역시 대덕구 송촌동 459-5,592.21,철근콘크리트구조,제2종근린생활시설,(철근)콘크리트,2003-12-26
대전광역시 대덕구 송촌동 459-6,598.16,철근콘크리트구조,제2종근린생활시설,(철근)콘크리트,2003-04-03
대전광역시 대덕구 송촌동 459-7,669.08,철근콘크리트구조,제2종근린생활시설,(철근)콘크리트,2000-07-03
대전광역시 대덕구 송촌동 460-2,709.96,일반철골구조,제2종근린생활시설,(철근)콘크리트,2001-03-07
대전광역시 대덕구 송촌동 460-4,720.53,철근콘크리트구조,교육연구시설,(철근)콘크리트,1999-12-11
대전광역시 대덕구 송촌동 461-1,23047.079999999998,철근콘크리트구조,공동주택,(철근)콘크리트,1999-12-18
대전광역시 대덕구 송촌동 461-3,190.8,철근콘크리트구조,교육연구시설,(철근)콘크리트,1999-11-24
대전광역시 대덕구 송촌동 462,20326.347999999998,철근콘크리트구조,공동주택,(철근)콘크리트,1999-10-26
대전광역시 대덕구 송촌동 463,1515.98,철근콘크리트구조,제2종근린생활시설,(철근)콘크리트,2010-06-14
대전광역시 대덕구 송촌동 464-2,350.18,철근콘크리트구조,제2종근린생활시설,(철근)콘크리트,1999-11-27
대전광역시 대덕구 송촌동 465-1,106.56,철근콘크리트구조,단독주택,(철근)콘크리트,1999-09-14
대전광역시 대덕구 송촌동 465-10,121.64,철근콘크리트구조,단독주택,(철근)콘크리트,2000-08-25
대전광역시 대덕구 송촌동 465-11,123.12,철근콘크리트구조,단독주택,(철근)콘크리트,2000-07-24
대전광역시 대덕구 송촌동 465-12,141.1,철근콘크리트구조,단독주택,기타지붕,1999-10-04
대전광역시 대덕구 송촌동 465-2,110.16,철근콘크리트구조,단독주택,(철근)콘크리트,1999-08-17
대전광역시 대덕구 송촌동 465-3,111.48,철근콘크리트구조,단독주택,(철근)콘크리트,1999-07-08
대전광역시 대덕구 송촌동 465-4,112.13,철근콘크리트구조,단독주택,(철근)콘크리트,2000-04-11
대전광역시 대덕구 송촌동 465-5,103.7,철근콘크리트구조,단독주택,기타지붕,1999-11-04
대전광역시 대덕구 송촌동 465-6,125.69,철근콘크리트구조,단독주택,(철근)콘크리트,1999-09-17
대전광역시 대덕구 송촌동 465-7,126.23,철근콘크리트구조,단독주택,(철근)콘크리트,1999-08-17
대전광역시 대덕구 송촌동 465-8,117.74,철근콘크리트구조,단독주택,(철근)콘크리트,2000-05-29
대전광역시 대덕구 송촌동 465-9,119.84,철근콘크리트구조,단독주택,(철근)콘크리트,2000-10-12
대전광역시 대덕구 송촌동 466-1,114.41,철근콘크리트구조,단독주택,기타지붕,1999-07-27
대전광역시 대덕구 송촌동 466-10,104.0,철근콘크리트구조,단독주택,(철근)콘크리트,2000-04-06
대전광역시 대덕구 송촌동 466-2,104.01,철근콘크리트구조,단독주택,(철근)콘크리트,1999-08-05
대전광역시 대덕구 송촌동 466-3,106.63,철근콘크리트구조,단독주택,(철근)콘크리트,2001-07-16
대전광역시 대덕구 송촌동 466-4,109.26,철근콘크리트구조,단독주택,(철근)콘크리트,2001-06-15
대전광역시 대덕구 송촌동 466-5,116.43,철근콘크리트구조,단독주택,(철근)콘크리트,2000-04-04
대전광역시 대덕구 송촌동 466-6,112.08,철근콘크리트구조,단독주택,(철근)콘크리트,1999-08-23
대전광역시 대덕구 송촌동 466-7,103.6,철근콘크리트구조,단독주택,(철근)콘크리트,2001-10-30
대전광역시 대덕구 송촌동 466-8,103.79,철근콘크리트구조,단독주택,(철근)콘크리트,2001-07-09
대전광역시 대덕구 송촌동 466-9,102.6,철근콘크리트구조,단독주택,(철근)콘크리트,2000-09-16
대전광역시 대덕구 송촌동 467-1,118.15,철근콘크리트구조,단독주택,(철근)콘크리트,1999-08-04
대전광역시 대덕구 송촌동 467-10,111.27,철근콘크리트구조,단독주택,(철근)콘크리트,2001-10-22
대전광역시 대덕구 송촌동 467-11,113.24,철근콘크리트구조,단독주택,(철근)콘크리트,2002-01-05
대전광역시 대덕구 송촌동 467-12,112.24,철근콘크리트구조,단독주택,(철근)콘크리트,2002-08-19
대전광역시 대덕구 송촌동 467-13,110.11,철근콘크리트구조,단독주택,(철근)콘크리트,2001-03-12
대전광역시 대덕구 송촌동 467-14,118.87,철근콘크리트구조,단독주택,,2009-12-22
대전광역시 대덕구 송촌동 467-2,113.36,철근콘크리트구조,단독주택,(철근)콘크리트,2000-09-04
대전광역시 대덕구 송촌동 467-3,114.03,철근콘크리트구조,단독주택,(철근)콘크리트,1999-08-25
대전광역시 대덕구 송촌동 467-4,112.59,철근콘크리트구조,단독주택,(철근)콘크리트,2002-06-17
대전광역시 대덕구 송촌동 467-5,112.59,철근콘크리트구조,단독주택,(철근)콘크리트,2002-10-16
대전광역시 대덕구 송촌동 467-6,113.34,철근콘크리트구조,단독주택,(철근)콘크리트,2000-10-04
대전광역시 대덕구 송촌동 467-7,120.92,철근콘크리트구조,단독주택,기타지붕,1999-12-10
대전광역시 대덕구 송촌동 467-8,118.98,철근콘크리트구조,단독주택,(철근)콘크리트,2001-12-26
대전광역시 대덕구 송촌동 467-9,112.5,철근콘크리트구조,단독주택,(철근)콘크리트,2001-11-23
대전광역시 대덕구 송촌동 468-1,115.38,철근콘크리트구조,단독주택,기타지붕,2000-04-14
대전광역시 대덕구 송촌동 468-10,107.25,철근콘크리트구조,단독주택,(철근)콘크리트,2002-12-09
대전광역시 대덕구 송촌동 468-2,114.96,철근콘크리트구조,단독주택,(철근)콘크리트,2002-08-07
대전광역시 대덕구 송촌동 468-3,106.8,철근콘크리트구조,단독주택,(철근)콘크리트,2002-04-12
대전광역시 대덕구 송촌동 468-4,107.1,철근콘크리트구조,단독주택,(철근)콘크리트,2002-09-27
대전광역시 대덕구 송촌동 468-5,107.52,철근콘크리트구조,단독주택,(철근)콘크리트,2000-07-19
대전광역시 대덕구 송촌동 468-6,116.3,철근콘크리트구조,단독주택,(철근)콘크리트,1999-08-05
대전광역시 대덕구 송촌동 468-7,113.88,철근콘크리트구조,단독주택,(철근)콘크리트,2001-07-13
대전광역시 대덕구 송촌동 468-8,107.12,철근콘크리트구조,단독주택,(철근)콘크리트,
대전광역시 대덕구 송촌동 468-9,106.42,일반철골구조,단독주택,(철근)콘크리트,2000-04-06
대전광역시 대덕구 송촌동 469-1,109.02,철근콘크리트구조,단독주택,(철근)콘크리트,2000-05-02
대전광역시 대덕구 송촌동 469-10,102.12,철근콘크리트구조,단독주택,(철근)콘크리트,2000-07-25
대전광역시 대덕구 송촌동 469-11,102.42,철근콘크리트구조,단독주택,(철근)콘크리트,2001-12-20
대전광역시 대덕구 송촌동 469-12,95.47,철근콘크리트구조,단독주택,(철근)콘크리트,2000-11-29
대전광역시 대덕구 송촌동 469-2,107.55,철근콘크리트구조,단독주택,(철근)콘크리트,2002-01-05
대전광역시 대덕구 송촌동 469-3,102.12,철근콘크리트구조,단독주택,(철근)콘크리트,2001-09-15
대전광역시 대덕구 송촌동 469-4,103.47,철근콘크리트구조,단독주택,(철근)콘크리트,2003-03-27
대전광역시 대덕구 송촌동 469-5,102.3,철근콘크리트구조,단독주택,(철근)콘크리트,2002-10-18
대전광역시 대덕구 송촌동 469-6,102.0,철근콘크리트구조,단독주택,(철근)콘크리트,1999-09-08
대전광역시 대덕구 송촌동 469-7,106.98,철근콘크리트구조,단독주택,(철근)콘크리트,2000-03-20
대전광역시 대덕구 송촌동 469-8,108.49,철근콘크리트구조,단독주택,(철근)콘크리트,2000-04-04
대전광역시 대덕구 송촌동 469-9,104.1,철근콘크리트구조,단독주택,기타지붕,1999-08-31
대전광역시 대덕구 송촌동 470-1,106.94,철근콘크리트구조,단독주택,(철근)콘크리트,2000-02-11
대전광역시 대덕구 송촌동 470-10,99.0,철근콘크리트구조,단독주택,기타지붕,1999-09-20
대전광역시 대덕구 송촌동 470-12,100.32,철근콘크리트구조,단독주택,(철근)콘크리트,2000-12-01
대전광역시 대덕구 송촌동 470-2,109.35,철근콘크리트구조,단독주택,기타지붕,2000-01-11
대전광역시 대덕구 송촌동 470-3,102.44,철근콘크리트구조,단독주택,(철근)콘크리트,1999-11-30
대전광역시 대덕구 송촌동 470-4,100.82,철근콘크리트구조,단독주택,(철근)콘크리트,2003-05-07
대전광역시 대덕구 송촌동 470-5,103.58,철근콘크리트구조,단독주택,(철근)콘크리트,1999-12-21
대전광역시 대덕구 송촌동 470-6,99.0,철근콘크리트구조,단독주택,기타지붕,1999-09-17
대전광역시 대덕구 송촌동 470-7,107.84,철근콘크리트구조,단독주택,(철근)콘크리트,2002-11-09
대전광역시 대덕구 송촌동 470-8,108.2,철근콘크리트구조,단독주택,(철근)콘크리트,2000-09-05
대전광역시 대덕구 송촌동 470-9,101.46,철근콘크리트구조,단독주택,(철근)콘크리트,2005-12-22
대전광역시 대덕구 송촌동 471-1,107.64,철근콘크리트구조,단독주택,(철근)콘크리트,2000-10-25
대전광역시 대덕구 송촌동 471-10,105.91,철근콘크리트구조,단독주택,(철근)콘크리트,2002-06-08
대전광역시 대덕구 송촌동 471-11,105.87,철근콘크리트구조,단독주택,(철근)콘크리트,2002-09-23
대전광역시 대덕구 송촌동 471-12,97.92,벽돌구조,제2종근린생활시설,(철근)콘크리트,2000-08-03
대전광역시 대덕구 송촌동 471-2,118.08,철근콘크리트구조,단독주택,(철근)콘크리트,2000-03-27
대전광역시 대덕구 송촌동 471-3,102.34,철근콘크리트구조,단독주택,(철근)콘크리트,2001-09-17
대전광역시 대덕구 송촌동 471-4,105.6,철근콘크리트구조,단독주택,(철근)콘크리트,2000-04-28
대전광역시 대덕구 송촌동 471-5,104.72,철근콘크리트구조,단독주택,(철근)콘크리트,2001-09-28
대전광역시 대덕구 송촌동 471-6,105.69,철근콘크리트구조,단독주택,(철근)콘크리트,1999-06-22
대전광역시 대덕구 송촌동 471-7,110.19,철근콘크리트구조,단독주택,(철근)콘크리트,2001-03-23
대전광역시 대덕구 송촌동 471-8,109.03,철근콘크리트구조,단독주택,(철근)콘크리트,2002-10-21
대전광역시 대덕구 송촌동 471-9,105.57,철근콘크리트구조,단독주택,(철근)콘크리트,2002-09-23
대전광역시 대덕구 송촌동 472-1,124.06,철근콘크리트구조,단독주택,기타지붕,2000-04-14
대전광역시 대덕구 송촌동 472-10,108.04,철근콘크리트구조,단독주택,(철근)콘크리트,2002-09-17
대전광역시 대덕구 송촌동 472-11,107.52,철근콘크리트구조,단독주택,(철근)콘크리트,2000-02-01
대전광역시 대덕구 송촌동 472-12,106.25,철근콘크리트구조,단독주택,(철근)콘크리트,2002-12-23
대전광역시 대덕구 송촌동 472-2,138.54,철근콘크리트구조,단독주택,기타지붕,1999-08-18
대전광역시 대덕구 송촌동 472-3,117.72,철근콘크리트구조,단독주택,(철근)콘크리트,2001-12-26
대전광역시 대덕구 송촌동 472-4,115.18,철근콘크리트구조,단독주택,(철근)콘크리트,2002-10-10
대전광역시 대덕구 송촌동 472-5,110.08,철근콘크리트구조,단독주택,(철근)콘크리트,2001-09-04
대전광역시 대덕구 송촌동 472-6,109.39,철근콘크리트구조,단독주택,(철근)콘크리트,2001-09-19
대전광역시 대덕구 송촌동 472-7,115.55,철근콘크리트구조,단독주택,(철근)콘크리트,2001-05-21
대전광역시 대덕구 송촌동 472-8,229.01,철근콘크리트구조,단독주택,(철근)콘크리트,2002-04-17
대전광역시 대덕구 송촌동 472-9,108.49,철근콘크리트구조,단독주택,(철근)콘크리트,2002-05-03
대전광역시 대덕구 송촌동 473-1,133.645,철근콘크리트구조,단독주택,(철근)콘크리트,2000-03-14
대전광역시 대덕구 송촌동 473-10,105.46,철근콘크리트구조,단독주택,(철근)콘크리트,2001-05-08
대전광역시 대덕구 송촌동 473-11,105.63,철근콘크리트구조,단독주택,(철근)콘크리트,2000-07-25
대전광역시 대덕구 송촌동 473-12,105.0,철근콘크리트구조,단독주택,(철근)콘크리트,2001-09-28
대전광역시 대덕구 송촌동 473-13,105.84,철근콘크리트구조,단독주택,(철근)콘크리트,1999-06-28
대전광역시 대덕구 송촌동 473-14,105.12,철근콘크리트구조,단독주택,(철근)콘크리트,2001-01-09
대전광역시 대덕구 송촌동 473-2,141.84,철근콘크리트구조,단독주택,(철근)콘크리트,2000-01-10
대전광역시 대덕구 송촌동 473-3,116.88,철근콘크리트구조,단독주택,(철근)콘크리트,2000-08-03
대전광역시 대덕구 송촌동 473-4,115.38,철근콘크리트구조,단독주택,(철근)콘크리트,1999-08-28
대전광역시 대덕구 송촌동 473-5,115.04,철근콘크리트구조,단독주택,(철근)콘크리트,2002-02-09
대전광역시 대덕구 송촌동 473-6,104.4,철근콘크리트구조,단독주택,(철근)콘크리트,2000-06-22
대전광역시 대덕구 송촌동 473-7,105.31,철근콘크리트구조,단독주택,(철근)콘크리트,2003-09-03
대전광역시 대덕구 송촌동 473-8,112.78,철근콘크리트구조,단독주택,(철근)콘크리트,2001-07-26
대전광역시 대덕구 송촌동 473-9,113.8,철근콘크리트구조,단독주택,(철근)콘크리트,2001-12-12
대전광역시 대덕구 송촌동 474-1,113.79,철근콘크리트구조,단독주택,(철근)콘크리트,1999-06-25
대전광역시 대덕구 송촌동 474-10,115.5,철근콘크리트구조,단독주택,(철근)콘크리트,2003-05-12
대전광역시 대덕구 송촌동 474-11,109.89,철근콘크리트구조,단독주택,(철근)콘크리트,2003-04-18
대전광역시 대덕구 송촌동 474-12,108.68,철근콘크리트구조,단독주택,(철근)콘크리트,2002-04-04
대전광역시 대덕구 송촌동 474-13,109.04,철근콘크리트구조,단독주택,(철근)콘크리트,2001-07-31
대전광역시 대덕구 송촌동 474-14,108.48,철근콘크리트구조,단독주택,(철근)콘크리트,2002-02-05
대전광역시 대덕구 송촌동 474-15,107.94,철근콘크리트구조,단독주택,(철근)콘크리트,2001-10-25
대전광역시 대덕구 송촌동 474-16,107.31,철근콘크리트구조,단독주택,(철근)콘크리트,1999-07-06
대전광역시 대덕구 송촌동 474-2,148.43,철근콘크리트구조,단독주택,(철근)콘크리트,1999-07-13
대전광역시 대덕구 송촌동 474-3,129.88,철근콘크리트구조,단독주택,(철근)콘크리트,1999-11-16
대전광역시 대덕구 송촌동 474-4,128.52,철근콘크리트구조,단독주택,기타지붕,2000-04-28
대전광역시 대덕구 송촌동 474-5,129.76,철근콘크리트구조,단독주택,(철근)콘크리트,2002-10-16
대전광역시 대덕구 송촌동 474-6,112.24,철근콘크리트구조,단독주택,(철근)콘크리트,2001-10-08
대전광역시 대덕구 송촌동 474-7,111.87,철근콘크리트구조,단독주택,(철근)콘크리트,2002-03-20
대전광역시 대덕구 송촌동 474-8,110.32,철근콘크리트구조,단독주택,(철근)콘크리트,2000-03-18
대전광역시 대덕구 송촌동 474-9,115.31,철근콘크리트구조,단독주택,(철근)콘크리트,2000-05-03
대전광역시 대덕구 송촌동 475-2,344.28,철근콘크리트구조,제2종근린생활시설,(철근)콘크리트,2004-06-14
대전광역시 대덕구 송촌동 475-3,361.52,철근콘크리트구조,제2종근린생활시설,(철근)콘크리트,2004-01-13
대전광역시 대덕구 송촌동 475-4,364.78,철근콘크리트구조,제2종근린생활시설,(철근)콘크리트,2001-09-21
대전광역시 대덕구 송촌동 475-5,336.71999999999997,경량철골구조,제2종근린생활시설,기타지붕,2003-06-13
대전광역시 대덕구 송촌동 475-6,376.14,일반철골구조,제2종근린생활시설,기타지붕,2015-09-09
대전광역시 대덕구 송촌동 475-7,340.2,철근콘크리트구조,제2종근린생활시설,(철근)콘크리트,2011-12-27
대전광역시 대덕구 송촌동 476-1,792.32,철근콘크리트구조,제2종근린생활시설,(철근)콘크리트,2000-09-25
대전광역시 대덕구 송촌동 476-3,792.32,철근콘크리트구조,제2종근린생활시설,(철근)콘크리트,2000-09-25
대전광역시 대덕구 송촌동 477-1,543.1,철근콘크리트구조,제2종근린생활시설,(철근)콘크리트,2005-05-03
대전광역시 대덕구 송촌동 477-3,353.78,철근콘크리트구조,제2종근린생활시설,(철근)콘크리트,2008-04-11
대전광역시 대덕구 송촌동 478-2,308.55,철근콘크리트구조,제2종근린생활시설,(철근)콘크리트,2000-05-31
대전광역시 대덕구 송촌동 478-3,299.38,일반철골구조,제2종근린생활시설,기타지붕,2021-03-10
대전광역시 대덕구 송촌동 479-10,124.2,철근콘크리트구조,단독주택,(철근)콘크리트,1999-11-30
대전광역시 대덕구 송촌동 479-2,121.18,철근콘크리트구조,단독주택,(철근)콘크리트,2002-09-06
대전광역시 대덕구 송촌동 479-3,122.52,철근콘크리트구조,단독주택,(철근)콘크리트,2002-07-03
대전광역시 대덕구 송촌동 479-4,124.44,철근콘크리트구조,단독주택,(철근)콘크리트,2009-08-12
대전광역시 대덕구 송촌동 479-5,127.21,철근콘크리트구조,단독주택,(철근)콘크리트,2001-12-24
대전광역시 대덕구 송촌동 479-6,126.06,철근콘크리트구조,단독주택,(철근)콘크리트,2000-11-25
대전광역시 대덕구 송촌동 479-7,127.08,철근콘크리트구조,단독주택,(철근)콘크리트,2003-08-05
대전광역시 대덕구 송촌동 479-8,125.36,철근콘크리트구조,단독주택,(철근)콘크리트,2003-04-02
대전광역시 대덕구 송촌동 479-9,119.76,철근콘크리트구조,단독주택,(철근)콘크리트,2000-11-10
대전광역시 대덕구 송촌동 480-1,131.71,철근콘크리트구조,단독주택,(철근)콘크리트,1999-07-31
대전광역시 대덕구 송촌동 480-2,116.4,철근콘크리트구조,단독주택,(철근)콘크리트,1999-07-08
대전광역시 대덕구 송촌동 480-3,117.6,철근콘크리트구조,단독주택,(철근)콘크리트,2002-07-03
대전광역시 대덕구 송촌동 480-4,116.56,경량철골구조,단독주택,기타지붕,2002-06-14
대전광역시 대덕구 송촌동 481-10,129.36,철근콘크리트구조,단독주택,(철근)콘크리트,2011-08-22
대전광역시 대덕구 송촌동 481-11,131.91,철근콘크리트구조,단독주택,(철근)콘크리트,1999-08-10
대전광역시 대덕구 송촌동 481-2,130.68,철근콘크리트구조,단독주택,(철근)콘크리트,2002-10-25
대전광역시 대덕구 송촌동 481-3,129.0,철근콘크리트구조,단독주택,(철근)콘크리트,2002-11-11
대전광역시 대덕구 송촌동 481-4,126.775,철근콘크리트구조,단독주택,(철근)콘크리트,2001-11-08
대전광역시 대덕구 송촌동 481-5,129.28,철근콘크리트구조,단독주택,(철근)콘크리트,2003-10-09
대전광역시 대덕구 송촌동 481-6,128.91,철근콘크리트구조,단독주택,(철근)콘크리트,2011-10-06
대전광역시 대덕구 송촌동 481-7,129.2,일반철골구조,단독주택,기타지붕,2000-03-09
대전광역시 대덕구 송촌동 481-8,128.24,철근콘크리트구조,단독주택,(철근)콘크리트,2011-02-16
대전광역시 대덕구 송촌동 481-9,127.43,철근콘크리트구조,단독주택,(철근)콘크리트,2002-10-15
대전광역시 대덕구 송촌동 482-1,164.52,철근콘크리트구조,단독주택,(철근)콘크리트,1999-04-13
대전광역시 대덕구 송촌동 482-10,135.81,철근콘크리트구조,단독주택,(철근)콘크리트,2000-06-15
대전광역시 대덕구 송촌동 482-11,140.1,철근콘크리트구조,단독주택,(철근)콘크리트,2001-01-09
대전광역시 대덕구 송촌동 482-12,141.5,철근콘크리트구조,단독주택,(철근)콘크리트,2002-11-22
대전광역시 대덕구 송촌동 482-13,121.86,철근콘크리트구조,단독주택,(철근)콘크리트,2002-07-11
대전광역시 대덕구 송촌동 482-14,123.6,철근콘크리트구조,단독주택,(철근)콘크리트,2000-06-24
대전광역시 대덕구 송촌동 482-15,138.57,철근콘크리트구조,단독주택,(철근)콘크리트,2003-05-31
대전광역시 대덕구 송촌동 482-16,134.98,철근콘크리트구조,단독주택,(철근)콘크리트,1999-06-18
대전광역시 대덕구 송촌동 482-17,133.4,철근콘크리트구조,단독주택,(철근)콘크리트,2003-09-27
대전광역시 대덕구 송촌동 482-18,124.2,철근콘크리트구조,단독주택,(철근)콘크리트,2002-07-26
대전광역시 대덕구 송촌동 482-19,122.9,철근콘크리트구조,단독주택,(철근)콘크리트,1999-12-24
대전광역시 대덕구 송촌동 482-2,122.08,철근콘크리트구조,단독주택,(철근)콘크리트,1999-06-16
대전광역시 대덕구 송촌동 482-3,125.19,철근콘크리트구조,단독주택,(철근)콘크리트,2006-06-20
대전광역시 대덕구 송촌동 482-4,127.85,철근콘크리트구조,단독주택,(철근)콘크리트,2002-12-09
대전광역시 대덕구 송촌동 482-5,130.16,철근콘크리트구조,단독주택,(철근)콘크리트,2011-09-01
대전광역시 대덕구 송촌동 482-6,124.06,철근콘크리트구조,단독주택,(철근)콘크리트,2000-12-22
대전광역시 대덕구 송촌동 482-7,127.71,철근콘크리트구조,단독주택,(철근)콘크리트,1999-07-08
대전광역시 대덕구 송촌동 482-8,54.45,경량철골구조,단독주택,기타지붕,2001-12-21
대전광역시 대덕구 송촌동 482-9,133.43,철근콘크리트구조,단독주택,(철근)콘크리트,2004-04-13
대전광역시 대덕구 송촌동 483-1,140.7,철근콘크리트구조,단독주택,(철근)콘크리트,2002-10-10
대전광역시 대덕구 송촌동 483-10,130.52,철근콘크리트구조,단독주택,(철근)콘크리트,2010-04-19
대전광역시 대덕구 송촌동 483-11,115.18,철근콘크리트구조,단독주택,(철근)콘크리트,2010-10-29
대전광역시 대덕구 송촌동 483-12,115.318,철근콘크리트구조,단독주택,(철근)콘크리트,1999-12-09
대전광역시 대덕구 송촌동 483-13,108.68,철근콘크리트구조,단독주택,(철근)콘크리트,1999-11-20
대전광역시 대덕구 송촌동 483-15,124.48,철근콘크리트구조,단독주택,(철근)콘크리트,2010-09-16
대전광역시 대덕구 송촌동 483-16,120.07,철근콘크리트구조,단독주택,(철근)콘크리트,2001-05-10
대전광역시 대덕구 송촌동 483-17,111.59,철근콘크리트구조,단독주택,(철근)콘크리트,2004-06-14
대전광역시 대덕구 송촌동 483-2,119.99,철근콘크리트구조,단독주택,(철근)콘크리트,2002-07-11
대전광역시 대덕구 송촌동 483-3,121.62,철근콘크리트구조,단독주택,(철근)콘크리트,2005-09-16
대전광역시 대덕구 송촌동 483-4,124.46,철근콘크리트구조,단독주택,(철근)콘크리트,2002-08-21
대전광역시 대덕구 송촌동 483-5,117.74,철근콘크리트구조,단독주택,(철근)콘크리트,2000-06-21
대전광역시 대덕구 송촌동 483-6,111.64,경량철골구조,단독주택,기타지붕,2002-03-21
대전광역시 대덕구 송촌동 483-7,115.33,철근콘크리트구조,단독주택,(철근)콘크리트,2003-05-27
대전광역시 대덕구 송촌동 483-8,115.44,철근콘크리트구조,단독주택,(철근)콘크리트,2002-11-21
대전광역시 대덕구 송촌동 483-9,124.77,철근콘크리트구조,단독주택,(철근)콘크리트,2002-09-06
대전광역시 대덕구 송촌동 484-1,144.12,철근콘크리트구조,단독주택,(철근)콘크리트,2001-06-04
대전광역시 대덕구 송촌동 484-3,188.54,철근콘크리트구조,단독주택,(철근)콘크리트,1999-11-25
대전광역시 대덕구 송촌동 484-5,117.48,철근콘크리트구조,단독주택,(철근)콘크리트,2002-09-16
대전광역시 대덕구 송촌동 484-6,125.32,철근콘크리트구조,단독주택,(철근)콘크리트,2005-05-19
대전광역시 대덕구 송촌동 485-1,102.2,철근콘크리트구조,단독주택,(철근)콘크리트,2000-07-29
대전광역시 대덕구 송촌동 485-2,101.77,철근콘크리트구조,단독주택,(철근)콘크리트,2002-12-17
대전광역시 대덕구 송촌동 485-3,99.64,철근콘크리트구조,단독주택,(철근)콘크리트,2001-05-03
대전광역시 대덕구 송촌동 485-4,101.7,철근콘크리트구조,단독주택,(철근)콘크리트,2002-04-25
대전광역시 대덕구 송촌동 485-5,102.08,철근콘크리트구조,단독주택,(철근)콘크리트,1999-10-14
대전광역시 대덕구 송촌동 485-7,99.02,철근콘크리트구조,단독주택,(철근)콘크리트,2001-12-17
대전광역시 대덕구 송촌동 485-8,99.18,철근콘크리트구조,단독주택,(철근)콘크리트,2003-09-27
대전광역시 대덕구 송촌동 485-9,99.18,철근콘크리트구조,단독주택,(철근)콘크리트,2003-07-30
대전광역시 대덕구 송촌동 486-2,120.58,철근콘크리트구조,단독주택,(철근)콘크리트,2003-02-15
대전광역시 대덕구 송촌동 486-3,132.3,철근콘크리트구조,단독주택,(철근)콘크리트,2003-07-09
대전광역시 대덕구 송촌동 486-4,169.62,철근콘크리트구조,단독주택,(철근)콘크리트,2003-02-10
대전광역시 대덕구 송촌동 487-2,109.51,철근콘크리트구조,단독주택,(철근)콘크리트,2008-09-30
대전광역시 대덕구 송촌동 487-3,118.74,철근콘크리트구조,단독주택,(철근)콘크리트,2003-03-20
대전광역시 대덕구 송촌동 487-4,109.59,철근콘크리트구조,단독주택,(철근)콘크리트,1999-04-30
대전광역시 대덕구 송촌동 488-2,128.89,철근콘크리트구조,단독주택,(철근)콘크리트,2002-05-16
대전광역시 대덕구 송촌동 488-4,123.35,철근콘크리트구조,단독주택,(철근)콘크리트,2004-11-16
대전광역시 대덕구 송촌동 488-5,118.7,철근콘크리트구조,단독주택,(철근)콘크리트,1999-06-30
대전광역시 대덕구 송촌동 488-7,101.0,철근콘크리트구조,단독주택,기타지붕,2002-05-09
대전광역시 대덕구 송촌동 489-1,122.04,철근콘크리트구조,단독주택,(철근)콘크리트,2010-01-22
대전광역시 대덕구 송촌동 489-2,122.11,철근콘크리트구조,단독주택,(철근)콘크리트,2000-01-11
대전광역시 대덕구 송촌동 489-3,114.24,철근콘크리트구조,단독주택,(철근)콘크리트,2004-09-08
대전광역시 대덕구 송촌동 489-4,113.17,철근콘크리트구조,단독주택,(철근)콘크리트,2004-11-23
대전광역시 대덕구 송촌동 489-5,113.75,철근콘크리트구조,단독주택,(철근)콘크리트,2011-07-07
대전광역시 대덕구 송촌동 489-7,111.82,철근콘크리트구조,단독주택,(철근)콘크리트,2002-03-21
대전광역시 대덕구 송촌동 489-8,110.27,철근콘크리트구조,단독주택,(철근)콘크리트,2005-04-28
대전광역시 대덕구 송촌동 489-9,111.68,철근콘크리트구조,단독주택,(철근)콘크리트,2005-03-02
대전광역시 대덕구 송촌동 490-1,124.54,철근콘크리트구조,단독주택,(철근)콘크리트,2010-08-18
대전광역시 대덕구 송촌동 490-2,125.12,철근콘크리트구조,단독주택,(철근)콘크리트,2004-03-16
대전광역시 대덕구 송촌동 490-3,114.31,철근콘크리트구조,단독주택,(철근)콘크리트,2004-09-20
대전광역시 대덕구 송촌동 490-4,107.31,일반목구조,단독주택,기타지붕,2008-08-12
대전광역시 대덕구 송촌동 490-5,112.7,철근콘크리트구조,단독주택,(철근)콘크리트,2005-05-13
대전광역시 대덕구 송촌동 490-7,111.84,철근콘크리트구조,단독주택,(철근)콘크리트,2002-08-06
대전광역시 대덕구 송촌동 490-8,112.38,철근콘크리트구조,단독주택,(철근)콘크리트,2005-10-25
대전광역시 대덕구 송촌동 490-9,112.8,철근콘크리트구조,단독주택,(철근)콘크리트,2005-07-22
대전광역시 대덕구 송촌동 491,3163.4,철근콘크리트구조,교육연구시설,(철근)콘크리트,1998-09-18
대전광역시 대덕구 송촌동 492-1,115.81,철근콘크리트구조,단독주택,(철근)콘크리트,2003-10-13
대전광역시 대덕구 송촌동 492-2,99.4,철근콘크리트구조,단독주택,(철근)콘크리트,2006-11-03
대전광역시 대덕구 송촌동 492-3,134.3,철근콘크리트구조,단독주택,(철근)콘크리트,2009-02-16
대전광역시 대덕구 송촌동 492-4,148.2,일반철골구조,단독주택,(철근)콘크리트,2007-07-11
대전광역시 대덕구 송촌동 492-5,131.53,철근콘크리트구조,단독주택,(철근)콘크리트,2003-10-30
대전광역시 대덕구 송촌동 492-6,132.89,철근콘크리트구조,단독주택,(철근)콘크리트,2005-12-06
대전광역시 대덕구 송촌동 492-8,180.49,철근콘크리트구조,단독주택,(철근)콘크리트,2011-12-26
대전광역시 대덕구 송촌동 492-9,117.93,철근콘크리트구조,단독주택,기타지붕,2006-07-27
대전광역시 대덕구 송촌동 494-1,24194.868,철근콘크리트구조,공동주택,(철근)콘크리트,1999-10-21
대전광역시 대덕구 송촌동 494-3,262.214,철근콘크리트구조,노유자시설,(철근)콘크리트,1999-10-21
대전광역시 대덕구 송촌동 495-1,127.42,철근콘크리트구조,단독주택,(철근)콘크리트,1999-09-20
대전광역시 대덕구 송촌동 495-10,3713.1499999999996,경량철골구조,교육연구시설,기타지붕,2000-07-23
대전광역시 대덕구 송촌동 495-2,108.81,철근콘크리트구조,단독주택,(철근)콘크리트,1999-07-24
대전광역시 대덕구 송촌동 495-3,113.52,철근콘크리트구조,단독주택,(철근)콘크리트,1999-08-31
대전광역시 대덕구 송촌동 495-4,111.36,철근콘크리트구조,단독주택,(철근)콘크리트,1999-10-14
대전광역시 대덕구 송촌동 495-5,113.12,철근콘크리트구조,단독주택,(철근)콘크리트,1999-02-11
대전광역시 대덕구 송촌동 495-6,113.38,철근콘크리트구조,단독주택,(철근)콘크리트,1999-07-31
대전광역시 대덕구 송촌동 495-7,113.49,철근콘크리트구조,단독주택,(철근)콘크리트,1999-10-27
대전광역시 대덕구 송촌동 495-8,123.55,철근콘크리트구조,단독주택,(철근)콘크리트,1999-11-05
대전광역시 대덕구 송촌동 495-9,3504.77,경량철골구조,교육연구시설,기타지붕,1999-08-26
대전광역시 대덕구 송촌동 496-1,126.47,철근콘크리트구조,단독주택,(철근)콘크리트,
대전광역시 대덕구 송촌동 496-10,122.7,철근콘크리트구조,단독주택,(철근)콘크리트,1999-09-08
대전광역시 대덕구 송촌동 496-11,118.18,철근콘크리트구조,단독주택,(철근)콘크리트,1999-11-05
대전광역시 대덕구 송촌동 496-12,118.18,철근콘크리트구조,단독주택,(철근)콘크리트,1999-11-05
대전광역시 대덕구 송촌동 496-13,121.32,철근콘크리트구조,단독주택,(철근)콘크리트,2002-05-16
대전광역시 대덕구 송촌동 496-14,116.28,철근콘크리트구조,단독주택,(철근)콘크리트,2000-02-26
대전광역시 대덕구 송촌동 496-15,116.28,철근콘크리트구조,단독주택,(철근)콘크리트,2000-05-08
대전광역시 대덕구 송촌동 496-16,126.2,철근콘크리트구조,단독주택,(철근)콘크리트,1999-10-18
대전광역시 대덕구 송촌동 496-2,122.12,철근콘크리트구조,단독주택,(철근)콘크리트,1999-07-12
대전광역시 대덕구 송촌동 496-3,120.96,철근콘크리트구조,단독주택,(철근)콘크리트,1999-10-28
대전광역시 대덕구 송촌동 496-4,122.33,철근콘크리트구조,단독주택,(철근)콘크리트,1999-09-16
대전광역시 대덕구 송촌동 496-5,120.65,철근콘크리트구조,단독주택,(철근)콘크리트,1999-09-21
대전광역시 대덕구 송촌동 496-6,121.25,철근콘크리트구조,단독주택,기타지붕,1999-10-07
대전광역시 대덕구 송촌동 496-7,159.68,철근콘크리트구조,단독주택,(철근)콘크리트,1999-09-13
대전광역시 대덕구 송촌동 496-8,125.62,철근콘크리트구조,단독주택,(철근)콘크리트,2003-01-22
대전광역시 대덕구 송촌동 496-9,126.435,철근콘크리트구조,단독주택,(철근)콘크리트,1999-07-02
대전광역시 대덕구 송촌동 497-1,128.33,철근콘크리트구조,단독주택,기타지붕,2000-01-14
대전광역시 대덕구 송촌동 497-10,120.74,철근콘크리트구조,단독주택,(철근)콘크리트,2009-11-19
대전광역시 대덕구 송촌동 497-11,110.5,철근콘크리트구조,단독주택,(철근)콘크리트,2000-12-07
대전광역시 대덕구 송촌동 497-12,125.82,철근콘크리트구조,단독주택,(철근)콘크리트,2000-02-25
대전광역시 대덕구 송촌동 497-13,137.82,철근콘크리트구조,단독주택,(철근)콘크리트,2000-10-12
대전광역시 대덕구 송촌동 497-14,113.15,철근콘크리트구조,단독주택,(철근)콘크리트,2000-06-21
대전광역시 대덕구 송촌동 497-15,120.64,철근콘크리트구조,단독주택,(철근)콘크리트,2000-03-29
대전광역시 대덕구 송촌동 497-16,120.07,철근콘크리트구조,단독주택,(철근)콘크리트,2000-03-27
대전광역시 대덕구 송촌동 497-17,119.38,철근콘크리트구조,단독주택,(철근)콘크리트,2002-07-18
대전광역시 대덕구 송촌동 497-18,120.0,철근콘크리트구조,단독주택,(철근)콘크리트,1999-08-27
대전광역시 대덕구 송촌동 497-19,120.0,철근콘크리트구조,단독주택,기타지붕,1999-11-10
대전광역시 대덕구 송촌동 497-2,128.55,철근콘크리트구조,단독주택,기타지붕,1999-11-11
대전광역시 대덕구 송촌동 497-20,120.3,철근콘크리트구조,단독주택,기타지붕,1999-11-16
대전광역시 대덕구 송촌동 497-21,115.84,철근콘크리트구조,단독주택,(철근)콘크리트,1999-12-09
대전광역시 대덕구 송촌동 497-22,119.09,철근콘크리트구조,단독주택,(철근)콘크리트,1999-07-31
대전광역시 대덕구 송촌동 497-3,112.1,철근콘크리트구조,단독주택,(철근)콘크리트,1999-12-02
대전광역시 대덕구 송촌동 497-4,120.77,철근콘크리트구조,단독주택,(철근)콘크리트,2000-08-16
대전광역시 대덕구 송촌동 497-5,116.0,철근콘크리트구조,단독주택,기타지붕,1999-11-30
대전광역시 대덕구 송촌동 497-6,118.58,철근콘크리트구조,단독주택,기타지붕,2000-06-07
대전광역시 대덕구 송촌동 497-7,118.56,철근콘크리트구조,단독주택,(철근)콘크리트,2004-01-05
대전광역시 대덕구 송촌동 497-8,120.48,철근콘크리트구조,단독주택,(철근)콘크리트,2002-12-13
대전광역시 대덕구 송촌동 497-9,118.68,철근콘크리트구조,단독주택,(철근)콘크리트,1999-07-21
대전광역시 대덕구 송촌동 498-1,111.39,철근콘크리트구조,단독주택,(철근)콘크리트,1999-09-16
대전광역시 대덕구 송촌동 498-10,107.93,철근콘크리트구조,단독주택,(철근)콘크리트,2002-09-11
대전광역시 대덕구 송촌동 498-11,103.84,철근콘크리트구조,단독주택,(철근)콘크리트,2002-09-03
대전광역시 대덕구 송촌동 498-12,106.97,철근콘크리트구조,단독주택,(철근)콘크리트,1999-08-31
대전광역시 대덕구 송촌동 498-13,120.43,철근콘크리트구조,단독주택,(철근)콘크리트,2003-01-16
대전광역시 대덕구 송촌동 498-14,108.78,철근콘크리트구조,단독주택,(철근)콘크리트,2003-04-09
대전광역시 대덕구 송촌동 498-15,107.36,철근콘크리트구조,단독주택,(철근)콘크리트,2000-06-10
대전광역시 대덕구 송촌동 498-16,108.73,철근콘크리트구조,단독주택,(철근)콘크리트,2000-04-19
대전광역시 대덕구 송촌동 498-17,107.1,철근콘크리트구조,단독주택,(철근)콘크리트,2002-11-21
대전광역시 대덕구 송촌동 498-18,105.3,철근콘크리트구조,단독주택,(철근)콘크리트,2000-06-22
대전광역시 대덕구 송촌동 498-19,108.47,철근콘크리트구조,단독주택,(철근)콘크리트,2016-01-14
대전광역시 대덕구 송촌동 498-2,113.735,철근콘크리트구조,단독주택,(철근)콘크리트,1999-10-04
대전광역시 대덕구 송촌동 498-20,106.92,철근콘크리트구조,단독주택,(철근)콘크리트,2000-11-06
대전광역시 대덕구 송촌동 498-21,107.64,철근콘크리트구조,단독주택,(철근)콘크리트,1999-10-14
대전광역시 대덕구 송촌동 498-22,108.84,철근콘크리트구조,단독주택,(철근)콘크리트,1999-12-07
대전광역시 대덕구 송촌동 498-3,100.34,철근콘크리트구조,단독주택,슬레이트,1999-10-22
대전광역시 대덕구 송촌동 498-4,108.29,철근콘크리트구조,단독주택,(철근)콘크리트,1999-07-29
대전광역시 대덕구 송촌동 498-5,108.64,철근콘크리트구조,단독주택,(철근)콘크리트,1999-12-06
대전광역시 대덕구 송촌동 498-6,105.08,철근콘크리트구조,단독주택,(철근)콘크리트,2000-02-01
대전광역시 대덕구 송촌동 498-7,107.22,철근콘크리트구조,단독주택,(철근)콘크리트,2000-08-23
대전광역시 대덕구 송촌동 498-8,108.94,철근콘크리트구조,단독주택,(철근)콘크리트,2001-11-23
대전광역시 대덕구 송촌동 498-9,108.0,철근콘크리트구조,단독주택,(철근)콘크리트,2000-04-04
대전광역시 대덕구 송촌동 499-1,119.88,철근콘크리트구조,단독주택,(철근)콘크리트,1999-11-25
대전광역시 대덕구 송촌동 499-10,110.36,철근콘크리트구조,단독주택,(철근)콘크리트,2001-11-09
대전광역시 대덕구 송촌동 499-11,107.26,철근콘크리트구조,단독주택,(철근)콘크리트,2000-08-10
대전광역시 대덕구 송촌동 499-12,121.99,철근콘크리트구조,단독주택,(철근)콘크리트,2000-05-06
대전광역시 대덕구 송촌동 499-13,126.28,철근콘크리트구조,단독주택,(철근)콘크리트,2002-09-11
대전광역시 대덕구 송촌동 499-14,113.16,철근콘크리트구조,단독주택,(철근)콘크리트,2003-06-11
대전광역시 대덕구 송촌동 499-15,113.52,철근콘크리트구조,단독주택,(철근)콘크리트,2001-08-10
대전광역시 대덕구 송촌동 499-16,112.21,철근콘크리트구조,단독주택,(철근)콘크리트,1999-12-31
대전광역시 대덕구 송촌동 499-17,112.98,철근콘크리트구조,단독주택,(철근)콘크리트,2000-04-10
대전광역시 대덕구 송촌동 499-18,111.04,일반철골구조,단독주택,(철근)콘크리트,1999-09-22
대전광역시 대덕구 송촌동 499-19,113.52,철근콘크리트구조,단독주택,(철근)콘크리트,2000-04-19
대전광역시 대덕구 송촌동 499-2,119.44,철근콘크리트구조,단독주택,(철근)콘크리트,1999-08-19
대전광역시 대덕구 송촌동 499-20,111.17,철근콘크리트구조,단독주택,(철근)콘크리트,1999-07-29
대전광역시 대덕구 송촌동 499-22,112.47,철근콘크리트구조,단독주택,(철근)콘크리트,1999-11-01
대전광역시 대덕구 송촌동 499-3,113.03,철근콘크리트구조,단독주택,(철근)콘크리트,1999-12-18
대전광역시 대덕구 송촌동 499-4,113.74,철근콘크리트구조,단독주택,기타지붕,1999-12-08
대전광역시 대덕구 송촌동 499-5,113.76,철근콘크리트구조,단독주택,(철근)콘크리트,2001-05-10
대전광역시 대덕구 송촌동 499-6,113.4,철근콘크리트구조,단독주택,(철근)콘크리트,1999-12-28
대전광역시 대덕구 송촌동 499-7,113.88,철근콘크리트구조,단독주택,(철근)콘크리트,2004-01-15
대전광역시 대덕구 송촌동 499-8,112.68,철근콘크리트구조,단독주택,(철근)콘크리트,2002-07-03
대전광역시 대덕구 송촌동 499-9,112.95,철근콘크리트구조,단독주택,(철근)콘크리트,2000-07-25
대전광역시 대덕구 송촌동 500-1,123.15,철근콘크리트구조,단독주택,(철근)콘크리트,2001-08-28
대전광역시 대덕구 송촌동 500-2,111.32,철근콘크리트구조,단독주택,(철근)콘크리트,2001-02-13
대전광역시 대덕구 송촌동 500-3,113.72,철근콘크리트구조,단독주택,(철근)콘크리트,2002-10-12
대전광역시 대덕구 송촌동 500-4,105.4,일반철골구조,단독주택,(철근)콘크리트,
대전광역시 대덕구 송촌동 500-5,113.8,철근콘크리트구조,단독주택,(철근)콘크리트,2004-03-04
대전광역시 대덕구 송촌동 500-6,111.48,철근콘크리트구조,단독주택,(철근)콘크리트,2001-07-20
대전광역시 대덕구 송촌동 500-7,113.24,철근콘크리트구조,단독주택,(철근)콘크리트,2002-02-22
대전광역시 대덕구 송촌동 500-8,121.0,철근콘크리트구조,단독주택,(철근)콘크리트,2010-07-21
대전광역시 대덕구 송촌동 503-1,194.49,철근콘크리트구조,제2종근린생활시설,(철근)콘크리트,2002-10-10
대전광역시 대덕구 송촌동 503-2,182.2,철근콘크리트구조,제2종근린생활시설,(철근)콘크리트,2003-06-26
대전광역시 대덕구 송촌동 503-4,189.26,철근콘크리트구조,제2종근린생활시설,기타지붕,2000-04-01
대전광역시 대덕구 송촌동 503-5,189.78,철근콘크리트구조,제2종근린생활시설,(철근)콘크리트,2003-11-10
대전광역시 대덕구 송촌동 503-6,186.07,철근콘크리트구조,제2종근린생활시설,(철근)콘크리트,2000-05-10
대전광역시 대덕구 송촌동 503-7,204.9,철근콘크리트구조,제2종근린생활시설,(철근)콘크리트,2002-04-13
대전광역시 대덕구 송촌동 504-2,248.11,철근콘크리트구조,제2종근린생활시설,(철근)콘크리트,2009-03-30
대전광역시 대덕구 송촌동 504-3,623.6600000000001,철골콘크리트구조,제2종근린생활시설,(철근)콘크리트,2011-03-18
대전광역시 대덕구 송촌동 504-5,336.91,철근콘크리트구조,제2종근린생활시설,(철근)콘크리트,2000-11-06
대전광역시 대덕구 송촌동 504-6,306.0,철근콘크리트구조,제2종근린생활시설,(철근)콘크리트,2003-04-09
대전광역시 대덕구 송촌동 506-1,289.56,일반철골구조,제2종근린생활시설,기타지붕,1999-11-22
대전광역시 대덕구 송촌동 506-2,302.75,철근콘크리트구조,제2종근린생활시설,(철근)콘크리트,2010-08-10
대전광역시 대덕구 송촌동 506-3,283.18,일반철골구조,제2종근린생활시설,기타지붕,2011-07-13
대전광역시 대덕구 송촌동 506-4,331.17,철근콘크리트구조,제2종근린생활시설,(철근)콘크리트,2006-04-12
대전광역시 대덕구 송촌동 506-6,305.15,일반철골구조,제2종근린생활시설,(철근)콘크리트,2009-10-29
대전광역시 대덕구 송촌동 507,4097.59,철근콘크리트구조,교육연구시설,(철근)콘크리트,2013-10-11
대전광역시 대덕구 송촌동 510,1816.45,철근콘크리트구조,운동시설,(철근)콘크리트,2006-08-01
대전광역시 대덕구 송촌동 547-1,612.01,일반철골구조,자동차관련시설,기타지붕,2007-12-20
대전광역시 대덕구 송촌동 547-3,146.17,철근콘크리트구조,단독주택,(철근)콘크리트,1999-11-16
대전광역시 대덕구 송촌동 548-1,126.88,철근콘크리트구조,단독주택,(철근)콘크리트,2000-10-18
대전광역시 대덕구 송촌동 548-10,107.1,일반철골구조,단독주택,기타지붕,2005-03-21
대전광역시 대덕구 송촌동 548-11,120.08,철근콘크리트구조,단독주택,(철근)콘크리트,2002-05-04
대전광역시 대덕구 송촌동 548-12,121.28,철근콘크리트구조,단독주택,(철근)콘크리트,2002-04-30
대전광역시 대덕구 송촌동 548-13,115.68,철근콘크리트구조,단독주택,(철근)콘크리트,1999-12-16
대전광역시 대덕구 송촌동 548-14,115.44,철근콘크리트구조,단독주택,(철근)콘크리트,2002-06-25
대전광역시 대덕구 송촌동 548-15,114.84,철근콘크리트구조,단독주택,(철근)콘크리트,2012-01-27
대전광역시 대덕구 송촌동 548-16,116.15,철근콘크리트구조,단독주택,(철근)콘크리트,1999-08-12
대전광역시 대덕구 송촌동 548-17,115.18,철근콘크리트구조,단독주택,(철근)콘크리트,1999-08-24
대전광역시 대덕구 송촌동 548-18,107.72,철근콘크리트구조,단독주택,(철근)콘크리트,2000-04-06
대전광역시 대덕구 송촌동 548-19,115.5,철근콘크리트구조,단독주택,(철근)콘크리트,2002-06-29
대전광역시 대덕구 송촌동 548-2,114.89,철근콘크리트구조,단독주택,(철근)콘크리트,2003-06-11
대전광역시 대덕구 송촌동 548-20,112.11,철근콘크리트구조,단독주택,(철근)콘크리트,1999-12-20
대전광역시 대덕구 송촌동 548-3,113.94,철근콘크리트구조,단독주택,(철근)콘크리트,2022-09-27
대전광역시 대덕구 송촌동 548-4,142.07,일반철골구조,단독주택,(철근)콘크리트,2001-07-05
대전광역시 대덕구 송촌동 548-5,115.39,철근콘크리트구조,단독주택,(철근)콘크리트,2003-11-28
대전광역시 대덕구 송촌동 548-6,112.9,철근콘크리트구조,단독주택,(철근)콘크리트,2004-06-04
대전광역시 대덕구 송촌동 548-7,115.32,철근콘크리트구조,단독주택,(철근)콘크리트,2006-04-03
대전광역시 대덕구 송촌동 548-8,115.95,철근콘크리트구조,단독주택,(철근)콘크리트,2003-06-19
대전광역시 대덕구 송촌동 548-9,112.2,철근콘크리트구조,단독주택,(철근)콘크리트,2002-05-03
대전광역시 대덕구 송촌동 549-2,125.08,철근콘크리트구조,단독주택,기타지붕,1999-12-22
대전광역시 대덕구 송촌동 549-3,125.24,철근콘크리트구조,단독주택,(철근)콘크리트,2004-12-08
대전광역시 대덕구 송촌동 549-4,117.54,철근콘크리트구조,단독주택,(철근)콘크리트,2004-09-16
대전광역시 대덕구 송촌동 549-5,133.17,철근콘크리트구조,단독주택,(철근)콘크리트,2007-08-29
대전광역시 대덕구 송촌동 549-6,125.34,철근콘크리트구조,단독주택,(철근)콘크리트,2005-08-24
대전광역시 대덕구 송촌동 549-7,138.35,철근콘크리트구조,단독주택,(철근)콘크리트,2003-10-29
대전광역시 대덕구 송촌동 549-8,117.04,철근콘크리트구조,단독주택,기타지붕,2000-04-03
대전광역시 대덕구 송촌동 550-1,113.71,철근콘크리트구조,단독주택,(철근)콘크리트,2002-06-04
대전광역시 대덕구 송촌동 550-10,114.45,철근콘크리트구조,단독주택,(철근)콘크리트,2007-11-16
대전광역시 대덕구 송촌동 550-11,114.88,철근콘크리트구조,단독주택,(철근)콘크리트,2002-10-01
대전광역시 대덕구 송촌동 550-12,108.07,철근콘크리트구조,단독주택,(철근)콘크리트,2003-05-22
대전광역시 대덕구 송촌동 550-2,115.19,철근콘크리트구조,단독주택,(철근)콘크리트,2001-12-03
대전광역시 대덕구 송촌동 550-3,110.64,철근콘크리트구조,단독주택,(철근)콘크리트,2005-09-06
대전광역시 대덕구 송촌동 550-4,114.11,철근콘크리트구조,단독주택,(철근)콘크리트,2003-07-28
대전광역시 대덕구 송촌동 550-5,112.82,철근콘크리트구조,단독주택,(철근)콘크리트,2004-07-23
대전광역시 대덕구 송촌동 550-6,114.44,철근콘크리트구조,단독주택,(철근)콘크리트,2004-09-02
대전광역시 대덕구 송촌동 550-7,114.63,철근콘크리트구조,단독주택,(철근)콘크리트,2003-03-21
대전광역시 대덕구 송촌동 550-8,117.24,철근콘크리트구조,단독주택,(철근)콘크리트,2005-11-29
대전광역시 대덕구 송촌동 550-9,113.8,철근콘크리트구조,단독주택,(철근)콘크리트,2003-12-02
대전광역시 대덕구 송촌동 551-1,114.92,경량철골구조,단독주택,기타지붕,2013-06-07
대전광역시 대덕구 송촌동 551-10,110.6,철근콘크리트구조,단독주택,(철근)콘크리트,2004-07-15
대전광역시 대덕구 송촌동 551-11,114.0,철근콘크리트구조,단독주택,(철근)콘크리트,2005-06-09
대전광역시 대덕구 송촌동 551-2,113.42,철근콘크리트구조,단독주택,(철근)콘크리트,2002-07-03
대전광역시 대덕구 송촌동 551-3,128.23,철근콘크리트구조,단독주택,(철근)콘크리트,2003-08-14
대전광역시 대덕구 송촌동 551-4,113.79,철근콘크리트구조,단독주택,(철근)콘크리트,2002-07-20
대전광역시 대덕구 송촌동 551-5,108.9,철근콘크리트구조,단독주택,(철근)콘크리트,2001-12-07
대전광역시 대덕구 송촌동 551-6,113.28,철근콘크리트구조,단독주택,(철근)콘크리트,2001-12-07
대전광역시 대덕구 송촌동 551-7,114.16,철근콘크리트구조,단독주택,(철근)콘크리트,2004-10-21
대전광역시 대덕구 송촌동 551-8,115.66,철근콘크리트구조,단독주택,(철근)콘크리트,2002-08-26
대전광역시 대덕구 송촌동 551-9,110.6,철근콘크리트구조,단독주택,(철근)콘크리트,2004-09-15
대전광역시 대덕구 송촌동 553-1,444.94,철근콘크리트구조,제2종근린생활시설,(철근)콘크리트,1999-09-06
대전광역시 대덕구 송촌동 553-10,443.32,철근콘크리트구조,공동주택,(철근)콘크리트,2012-01-19
대전광역시 대덕구 송촌동 553-11,245.2,일반철골구조,창고시설,기타지붕,2002-04-08
대전광역시 대덕구 송촌동 553-13,462.98,철근콘크리트구조,공동주택,(철근)콘크리트,2006-09-05
대전광역시 대덕구 송촌동 553-2,212.96,철근콘크리트구조,단독주택,(철근)콘크리트,2001-08-18
대전광역시 대덕구 송촌동 553-22,521.1656,철근콘크리트구조,공동주택,(철근)콘크리트,2012-06-14
대전광역시 대덕구 송촌동 553-3,399.42,철근콘크리트구조,노유자시설,(철근)콘크리트,2003-09-08
대전광역시 대덕구 송촌동 553-5,168.77,철근콘크리트구조,제2종근린생활시설,(철근)콘크리트,2012-12-18
대전광역시 대덕구 송촌동 553-6,168.57,일반철골구조,제2종근린생활시설,(철근)콘크리트,2003-07-25
대전광역시 대덕구 송촌동 553-8,392.31,철근콘크리트구조,종교시설,기타지붕,2000-04-17
대전광역시 대덕구 송촌동 553-9,274.7,일반철골구조,제2종근린생활시설,기타지붕,2021-08-23
대전광역시 대덕구 송촌동 554,7491.58,철근콘크리트구조,공동주택,(철근)콘크리트,1991-11-11
대전광역시 대덕구 송촌동 556-1,300.5,철근콘크리트구조,노유자시설,(철근)콘크리트,2009-02-25
대전광역시 대덕구 송촌동 556-11,109.54,일반철골구조,창고시설,(철근)콘크리트,2003-04-06
대전광역시 대덕구 송촌동 556-12,604.5,일반철골구조,제2종근린생활시설,기타지붕,2008-08-29
대전광역시 대덕구 송촌동 556-14,285.02,철근콘크리트구조,공동주택,(철근)콘크리트,1991-12-31
대전광역시 대덕구 송촌동 556-15,294.8,철근콘크리트구조,공동주택,(철근)콘크리트,1991-11-20
대전광역시 대덕구 송촌동 556-16,294.8,철근콘크리트구조,공동주택,(철근)콘크리트,1991-11-20
대전광역시 대덕구 송촌동 556-17,293.4,철근콘크리트구조,공동주택,(철근)콘크리트,1991-11-26
대전광역시 대덕구 송촌동 556-18,294.8,철근콘크리트구조,공동주택,(철근)콘크리트,1991-11-26
대전광역시 대덕구 송촌동 556-19,177.48,경량철골구조,창고시설,기타지붕,2004-01-03
대전광역시 대덕구 송촌동 556-20,549.8,철근콘크리트구조,공동주택,(철근)콘크리트,1998-08-17
대전광역시 대덕구 송촌동 556-21,544.56,철근콘크리트구조,공동주택,(철근)콘크리트,2012-12-07
대전광역시 대덕구 송촌동 556-22,600.04,철근콘크리트구조,공동주택,(철근)콘크리트,2013-03-15
대전광역시 대덕구 송촌동 556-3,116.71,벽돌구조,단독주택,(철근)콘크리트,1997-06-05
대전광역시 대덕구 송촌동 556-4,87.3,일반철골구조,제2종근린생활시설,(철근)콘크리트,2000-04-10
대전광역시 대덕구 송촌동 556-5,89.04,철근콘크리트구조,단독주택,(철근)콘크리트,1991-07-18
대전광역시 대덕구 송촌동 559-1,119.41,철근콘크리트구조,단독주택,(철근)콘크리트,2017-01-20
대전광역시 대덕구 송촌동 559-4,199.8,경량철골구조,창고시설,기타지붕,2014-03-06
대전광역시 대덕구 송촌동 559-5,232.32,철근콘크리트구조,단독주택,(철근)콘크리트,2022-07-28
대전광역시 대덕구 송촌동 559-6,245.14,철근콘크리트구조,단독주택,(철근)콘크리트,2021-12-17
대전광역시 대덕구 송촌동 559-7,245.14,철근콘크리트구조,단독주택,(철근)콘크리트,2021-12-24
대전광역시 대덕구 송촌동 559-8,245.22,철근콘크리트구조,단독주택,(철근)콘크리트,2022-07-28
대전광역시 대덕구 송촌동 560-1,551.21,일반철골구조,교육연구시설,기타지붕,2002-07-26
대전광역시 대덕구 송촌동 560-10,1010.451,철근콘크리트구조,공동주택,(철근)콘크리트,1997-10-23
대전광역시 대덕구 송촌동 560-12,249.6,경량철골구조,창고시설,기타지붕,2004-12-29
대전광역시 대덕구 송촌동 560-13,234.73,경량철골구조,창고시설,기타지붕,2006-08-17
대전광역시 대덕구 송촌동 560-15,99.5,벽돌구조,단독주택,(철근)콘크리트,1991-12-14
대전광역시 대덕구 송촌동 560-16,108.8,철근콘크리트구조,단독주택,(철근)콘크리트,1991-12-27
대전광역시 대덕구 송촌동 560-17,87.56,벽돌구조,단독주택,(철근)콘크리트,1983-01-24
대전광역시 대덕구 송촌동 560-18,152.55,벽돌구조,단독주택,(철근)콘크리트,1984-08-18
대전광역시 대덕구 송촌동 560-19,131.94,철근콘크리트구조,단독주택,(철근)콘크리트,1999-07-24
대전광역시 대덕구 송촌동 560-2,107.94,철근콘크리트구조,단독주택,(철근)콘크리트,1991-06-12
대전광역시 대덕구 송촌동 560-20,150.03,벽돌구조,단독주택,(철근)콘크리트,1985-11-08
대전광역시 대덕구 송촌동 560-21,153.11,벽돌구조,단독주택,(철근)콘크리트,1985-04-18
대전광역시 대덕구 송촌동 560-22,128.74,벽돌구조,단독주택,(철근)콘크리트,1982-07-19
대전광역시 대덕구 송촌동 560-23,95.36,벽돌구조,단독주택,(철근)콘크리트,1988-08-18
대전광역시 대덕구 송촌동 560-24,91.92,벽돌구조,단독주택,(철근)콘크리트,1981-03-16
대전광역시 대덕구 송촌동 560-25,82.08,벽돌구조,단독주택,기타지붕,1982-07-29
대전광역시 대덕구 송촌동 560-26,130.51,철근콘크리트구조,단독주택,(철근)콘크리트,1988-11-17
대전광역시 대덕구 송촌동 560-27,111.2,벽돌구조,단독주택,(철근)콘크리트,1997-09-08
대전광역시 대덕구 송촌동 560-28,199.2,철근콘크리트구조,단독주택,(철근)콘크리트,2022-04-13
대전광역시 대덕구 송촌동 560-29,83.35,벽돌구조,단독주택,(철근)콘크리트,1982-01-12
대전광역시 대덕구 송촌동 560-3,84.55,벽돌구조,단독주택,(철근)콘크리트,1992-11-20
대전광역시 대덕구 송촌동 560-31,81.0,벽돌구조,단독주택,(철근)콘크리트,1982-01-12
대전광역시 대덕구 송촌동 560-32,113.09,벽돌구조,단독주택,(철근)콘크리트,2002-03-22
대전광역시 대덕구 송촌동 560-33,75.72,벽돌구조,제2종근린생활시설,(철근)콘크리트,1989-03-13
대전광역시 대덕구 송촌동 560-35,69.71,벽돌구조,단독주택,(철근)콘크리트,1989-03-13
대전광역시 대덕구 송촌동 560-36,76.64,벽돌구조,단독주택,(철근)콘크리트,1988-12-30
대전광역시 대덕구 송촌동 560-37,92.08,철근콘크리트구조,단독주택,(철근)콘크리트,2018-06-19
대전광역시 대덕구 송촌동 560-4,124.2,철근콘크리트구조,제2종근린생활시설,(철근)콘크리트,1991-05-07
대전광역시 대덕구 송촌동 560-6,983.706,철근콘크리트구조,공동주택,(철근)콘크리트,2014-10-14
대전광역시 대덕구 송촌동 560-9,107.7,철근콘크리트구조,단독주택,(철근)콘크리트,1990-12-28
대전광역시 대덕구 송촌동 561-1,276.75,철근콘크리트구조,단독주택,(철근)콘크리트,2021-12-27
대전광역시 대덕구 송촌동 561-2,170.13,일반철골구조,제2종근린생활시설,(철근)콘크리트,2004-12-13
대전광역시 대덕구 송촌동 563-1,787.89,철근콘크리트구조,제2종근린생활시설,(철근)콘크리트,2010-03-05
대전광역시 대덕구 송촌동 563-3,285.78,철근콘크리트구조,위험물저장및처리시설,(철근)콘크리트,1994-09-14
대전광역시 대덕구 송촌동 564-10,133.85,벽돌구조,제2종근린생활시설,(철근)콘크리트,1979-03-27
대전광역시 대덕구 송촌동 564-2,297.47,철근콘크리트구조,의료시설,(철근)콘크리트,2000-10-10
대전광역시 대덕구 송촌동 564-3,171.79,철근콘크리트구조,의료시설,(철근)콘크리트,2014-03-19
대전광역시 대덕구 송촌동 564-9,146.134,철근콘크리트구조,제2종근린생활시설,(철근)콘크리트,1998-04-22
대전광역시 대덕구 송촌동 565-1,129.17,철근콘크리트구조,단독주택,기타지붕,2002-01-09
대전광역시 대덕구 송촌동 565-10,97.01,철근콘크리트구조,단독주택,(철근)콘크리트,1988-09-14
대전광역시 대덕구 송촌동 565-11,91.89,벽돌구조,단독주택,(철근)콘크리트,1989-10-28
대전광역시 대덕구 송촌동 565-12,93.95,벽돌구조,단독주택,(철근)콘크리트,1989-11-23
대전광역시 대덕구 송촌동 565-13,108.69,벽돌구조,단독주택,(철근)콘크리트,1989-11-14
대전광역시 대덕구 송촌동 565-15,105.36,벽돌구조,단독주택,(철근)콘크리트,1989-10-21
대전광역시 대덕구 송촌동 565-16,138.73,철근콘크리트구조,단독주택,(철근)콘크리트,1997-11-04
대전광역시 대덕구 송촌동 565-18,134.82,철근콘크리트구조,단독주택,(철근)콘크리트,2010-09-01
대전광역시 대덕구 송촌동 565-19,204.96,벽돌구조,공동주택,(철근)콘크리트,1990-06-30
대전광역시 대덕구 송촌동 565-2,110.26,벽돌구조,제2종근린생활시설,(철근)콘크리트,1989-10-07
대전광역시 대덕구 송촌동 565-20,88.55,벽돌구조,단독주택,(철근)콘크리트,1988-08-12
대전광역시 대덕구 송촌동 565-21,134.73,철근콘크리트구조,단독주택,(철근)콘크리트,1997-10-30
대전광역시 대덕구 송촌동 565-23,154.34,철근콘크리트구조,단독주택,(철근)콘크리트,1993-11-12
대전광역시 대덕구 송촌동 565-24,76.0,벽돌구조,단독주택,(철근)콘크리트,1985-02-11
대전광역시 대덕구 송촌동 565-26,76.72,벽돌구조,제2종근린생활시설,(철근)콘크리트,1993-03-02
대전광역시 대덕구 송촌동 565-27,79.74,벽돌구조,단독주택,기타지붕,1985-02-11
대전광역시 대덕구 송촌동 565-28,91.74,벽돌구조,단독주택,(철근)콘크리트,1979-10-17
대전광역시 대덕구 송촌동 565-29,116.68,철근콘크리트구조,단독주택,(철근)콘크리트,1992-12-16
대전광역시 대덕구 송촌동 565-3,93.26,벽돌구조,단독주택,(철근)콘크리트,1984-04-19
대전광역시 대덕구 송촌동 565-31,78.67,벽돌구조,제2종근린생활시설,(철근)콘크리트,1984-06-19
대전광역시 대덕구 송촌동 565-32,75.1,벽돌구조,단독주택,(철근)콘크리트,1987-12-28
대전광역시 대덕구 송촌동 565-33,158.88,철근콘크리트구조,단독주택,(철근)콘크리트,2004-02-09
대전광역시 대덕구 송촌동 565-34,127.02,경량철골구조,제2종근린생활시설,기타지붕,2014-07-08
대전광역시 대덕구 송촌동 565-35,88.48,벽돌구조,단독주택,(철근)콘크리트,1979-10-12
대전광역시 대덕구 송촌동 565-36,309.29,철근콘크리트구조,숙박시설,기타지붕,1982-12-23
대전광역시 대덕구 송촌동 565-40,83.5,벽돌구조,단독주택,(철근)콘크리트,1983-05-27
대전광역시 대덕구 송촌동 565-41,69.0,벽돌구조,단독주택,(철근)콘크리트,1979-05-09
대전광역시 대덕구 송촌동 565-5,115.43,벽돌구조,단독주택,(철근)콘크리트,1983-06-15
대전광역시 대덕구 송촌동 565-6,81.23,벽돌구조,단독주택,(철근)콘크리트,1981-08-20
대전광역시 대덕구 송촌동 565-7,131.13,철근콘크리트구조,단독주택,(철근)콘크리트,2003-04-10
대전광역시 대덕구 송촌동 565-9,133.2,일반철골구조,제2종근린생활시설,기타지붕,2023-01-04
대전광역시 대덕구 송촌동 579-2,791.8599999999999,경량철골구조,업무시설,기타지붕,2006-05-26
대전광역시 대덕구 송촌동 61-2,47.0,,제2종근린생활시설,,2010-12-20
대전광역시 대덕구 송촌동 73-5,197.7,경량철골구조,제2종근린생활시설,기타지붕,2024-08-02
대전광역시 대덕구 송촌동 93,231.85,블록구조,동.식물관련시설,슬레이트,1970
대전광역시 대덕구 송촌동 95,116.5,일반목구조,단독주택,기와,1948
대전광역시 대덕구 송촌동 96,66.64,벽돌구조,단독주택,기와,1957
대전광역시 대덕구 송촌동 99,70.11,일반목구조,단독주택,기와,1940
대전광역시 대덕구 신대동 10,92.4,기타조적구조,단독주택,슬레이트,1970
대전광역시 대덕구 신대동 10-1,554.97,기타조적구조,단독주택,기와,1963
대전광역시 대덕구 신대동 11-3,76.08,경량철골구조,제2종근린생활시설,기타지붕,2013-02-19
대전광역시 대덕구 신대동 129-1,651.46,철근콘크리트구조,운수시설,(철근)콘크리트,2005-07-04
대전광역시 대덕구 신대동 132,141.19,블록구조,단독주택,기와,1951
대전광역시 대덕구 신대동 133-12,127.41,철근콘크리트구조,단독주택,(철근)콘크리트,2008-09-09
대전광역시 대덕구 신대동 133-5,76.86,벽돌구조,단독주택,(철근)콘크리트,1975-01-15
대전광역시 대덕구 신대동 14-1,312.75,일반철골구조,위험물저장및처리시설,기타지붕,2012-06-20
대전광역시 대덕구 신대동 15-1,130.57,철근콘크리트구조,제2종근린생활시설,(철근)콘크리트,1994-11-24
대전광역시 대덕구 신대동 15-4,62.75,철근콘크리트구조,제2종근린생활시설,(철근)콘크리트,1998-07-18
대전광역시 대덕구 신대동 150,40.0,블록구조,제2종근린생활시설,슬레이트,1983-06-21
대전광역시 대덕구 신대동 157-4,573.49,일반철골구조,제2종근린생활시설,기타지붕,2001-09-08
대전광역시 대덕구 신대동 16,42.71,기타조적구조,단독주택,슬레이트,1969
대전광역시 대덕구 신대동 16-1,2798.36,벽돌구조,공장,(철근)콘크리트,1968
대전광역시 대덕구 신대동 160-3,252.3,경량철골구조,제2종근린생활시설,기타지붕,2014-11-14
대전광역시 대덕구 신대동 164,63.6,벽돌구조,단독주택,(철근)콘크리트,1984-09-29
대전광역시 대덕구 신대동 164-1,113.76,벽돌구조,단독주택,(철근)콘크리트,1991-10-23
대전광역시 대덕구 신대동 165-1,60.6,기타조적구조,단독주택,슬레이트,1970
대전광역시 대덕구 신대동 165-4,91.86,경량철골구조,단독주택,기타지붕,2007-06-28
대전광역시 대덕구 신대동 167,85.92,벽돌구조,단독주택,(철근)콘크리트,1991-12-23
대전광역시 대덕구 신대동 167-1,89.89,벽돌구조,단독주택,(철근)콘크리트,1991-11-16
대전광역시 대덕구 신대동 167-2,90.44,벽돌구조,단독주택,(철근)콘크리트,1991-11-16
대전광역시 대덕구 신대동 167-3,90.44,벽돌구조,단독주택,(철근)콘크리트,1991-11-16
대전광역시 대덕구 신대동 167-4,85.5,경량철골구조,단독주택,기타지붕,2006-05-03
대전광역시 대덕구 신대동 169,264.94,경량철골구조,창고시설,기타지붕,2003-02-25
대전광역시 대덕구 신대동 169-1,375.21,철근콘크리트구조,노유자시설,(철근)콘크리트,2010-01-04
대전광역시 대덕구 신대동 17,61.69,기타조적구조,단독주택,기와,1964
대전광역시 대덕구 신대동 172-10,70.8,벽돌구조,단독주택,(철근)콘크리트,1983-05-26
대전광역시 대덕구 신대동 172-11,73.33,벽돌구조,단독주택,(철근)콘크리트,1983-02-04
대전광역시 대덕구 신대동 172-12,77.24,벽돌구조,단독주택,(철근)콘크리트,1983-08-12
대전광역시 대덕구 신대동 172-14,87.71,벽돌구조,단독주택,(철근)콘크리트,2007-05-28
대전광역시 대덕구 신대동 172-16,73.84,벽돌구조,단독주택,(철근)콘크리트,1983-08-01
대전광역시 대덕구 신대동 172-5,93.97,벽돌구조,단독주택,(철근)콘크리트,1981-02-18
대전광역시 대덕구 신대동 172-6,68.56,벽돌구조,단독주택,(철근)콘크리트,1983-05-24
대전광역시 대덕구 신대동 172-9,69.36,벽돌구조,단독주택,(철근)콘크리트,1983-02-04
대전광역시 대덕구 신대동 174,67.9,벽돌구조,단독주택,(철근)콘크리트,1989-08-28
대전광역시 대덕구 신대동 174-1,63.58,벽돌구조,단독주택,(철근)콘크리트,1983-11-09
대전광역시 대덕구 신대동 174-2,82.1,일반철골구조,단독주택,(철근)콘크리트,2020-03-26
대전광역시 대덕구 신대동 175,91.48,기타조적구조,단독주택,슬레이트,1963
대전광역시 대덕구 신대동 176,122.44,벽돌구조,단독주택,기와,1973-06-20
대전광역시 대덕구 신대동 177,98.67,벽돌구조,단독주택,(철근)콘크리트,1993-11-05
대전광역시 대덕구 신대동 177-1,54.0,벽돌구조,단독주택,(철근)콘크리트,1980-10-16
대전광역시 대덕구 신대동 177-11,80.26,벽돌구조,단독주택,(철근)콘크리트,1984-04-30
대전광역시 대덕구 신대동 177-12,54.33,벽돌구조,단독주택,(철근)콘크리트,1980-10-16
대전광역시 대덕구 신대동 177-2,84.0,벽돌구조,단독주택,(철근)콘크리트,1982-02-26
대전광역시 대덕구 신대동 177-3,111.53,벽돌구조,단독주택,(철근)콘크리트,1994-03-10
대전광역시 대덕구 신대동 177-4,57.76,블록구조,단독주택,슬레이트,1981-12-02
대전광역시 대덕구 신대동 177-5,71.76,블록구조,단독주택,슬레이트,1982-05-13
대전광역시 대덕구 신대동 177-6,131.35,벽돌구조,단독주택,기와,1982-06-21
대전광역시 대덕구 신대동 177-7,63.38,벽돌구조,단독주택,(철근)콘크리트,1982-05-20
대전광역시 대덕구 신대동 177-8,71.55,벽돌구조,단독주택,(철근)콘크리트,1985-08-02
대전광역시 대덕구 신대동 179,10326.06,철근콘크리트구조,공동주택,(철근)콘크리트,1987-06-30
대전광역시 대덕구 신대동 181-1,0.0,벽돌구조,단독주택,(철근)콘크리트,1979-09-19
대전광역시 대덕구 신대동 181-2,77.87,벽돌구조,단독주택,(철근)콘크리트,1986-07-01
대전광역시 대덕구 신대동 181-3,72.08,벽돌구조,단독주택,(철근)콘크리트,1979-07-18
대전광역시 대덕구 신대동 181-5,69.12,경량철골구조,단독주택,기타지붕,1992-11-20
대전광역시 대덕구 신대동 181-6,72.48,벽돌구조,단독주택,(철근)콘크리트,1980-06-04
대전광역시 대덕구 신대동 181-8,82.57,경량철골구조,단독주택,기타지붕,1979-09-13
대전광역시 대덕구 신대동 185,126.84,기타조적구조,단독주택,슬레이트,1969
대전광역시 대덕구 신대동 189-4,106.19,기타조적구조,단독주택,슬레이트,1970
대전광역시 대덕구 신대동 197-1,108.57,벽돌구조,단독주택,(철근)콘크리트,1970
대전광역시 대덕구 신대동 197-5,99.44,일반철골구조,제2종근린생활시설,(철근)콘크리트,2017-01-26
대전광역시 대덕구 신대동 198-9,574.5600000000001,일반철골구조,창고시설,기타지붕,2007-12-21
대전광역시 대덕구 신대동 2-2,280.0,일반철골구조,제2종근린생활시설,기타지붕,2021-04-16
대전광역시 대덕구 신대동 2-5,158.3,철근콘크리트구조,제2종근린생활시설,(철근)콘크리트,1997-08-21
대전광역시 대덕구 신대동 20-4,81.06,일반철골구조,창고시설,기타지붕,2012-01-11
대전광역시 대덕구 신대동 200,51.645,벽돌구조,제2종근린생활시설,(철근)콘크리트,1978-09-11
대전광역시 대덕구 신대동 200-4,75.79,벽돌구조,노유자시설,(철근)콘크리트,1993-09-06
대전광역시 대덕구 신대동 202-1,0.0,일반목구조,단독주택,기타지붕,1951-10-05
대전광역시 대덕구 신대동 203-4,69.12,경량철골구조,단독주택,기타지붕,2001-04-16
대전광역시 대덕구 신대동 204-1,99.44,일반철골구조,창고시설,기타지붕,2012-11-26
대전광역시 대덕구 신대동 205-12,190.08,경량철골구조,제2종근린생활시설,기타지붕,1993-03-09
대전광역시 대덕구 신대동 205-2,56.62,블록구조,단독주택,기와,1975-04-03
대전광역시 대덕구 신대동 205-5,71.46,벽돌구조,단독주택,(철근)콘크리트,1987-10-30
대전광역시 대덕구 신대동 209-5,195.6,철근콘크리트구조,공동주택,(철근)콘크리트,1987-05-15
대전광역시 대덕구 신대동 21,238.69,기타조적구조,동.식물관련시설,기타지붕,1961
대전광역시 대덕구 신대동 214-10,70.65,벽돌구조,단독주택,(철근)콘크리트,1978-12-30
대전광역시 대덕구 신대동 214-11,58.85,블록구조,단독주택,기와,1978-12-30
대전광역시 대덕구 신대동 214-12,86.41,벽돌구조,단독주택,(철근)콘크리트,1979-11-27
대전광역시 대덕구 신대동 214-16,483.8,철근콘크리트구조,공동주택,(철근)콘크리트,1987-05-15
대전광역시 대덕구 신대동 214-2,93.73,일반철골구조,교육연구시설,(철근)콘크리트,1998-06-02
대전광역시 대덕구 신대동 214-5,49.14,벽돌구조,단독주택,(철근)콘크리트,1978-12-30
대전광역시 대덕구 신대동 214-6,54.31,블록구조,단독주택,기와,1978-12-30
대전광역시 대덕구 신대동 214-7,60.13,블록구조,단독주택,기와,1978-12-30
대전광역시 대덕구 신대동 214-8,60.3,블록구조,단독주택,기와,1978-12-30
대전광역시 대덕구 신대동 214-9,69.92,벽돌구조,단독주택,(철근)콘크리트,1978-12-28
대전광역시 대덕구 신대동 215-1,66.96,벽돌구조,단독주택,(철근)콘크리트,1981-08-01
대전광역시 대덕구 신대동 215-11,267.98,철근콘크리트구조,종교시설,기타지붕,2004-08-18
대전광역시 대덕구 신대동 215-3,72.83,블록구조,단독주택,기와,1981-08-31
대전광역시 대덕구 신대동 215-4,75.3,벽돌구조,단독주택,(철근)콘크리트,1981-05-26
대전광역시 대덕구 신대동 215-5,65.86,벽돌구조,단독주택,(철근)콘크리트,1984-01-12
대전광역시 대덕구 신대동 215-7,320.78,경량철골구조,제2종근린생활시설,기타지붕,1995-10-24
대전광역시 대덕구 신대동 216-8,272.46,철근콘크리트구조,제2종근린생활시설,(철근)콘크리트,1987-08-20
대전광역시 대덕구 신대동 216-9,33.65,일반목구조,단독주택,슬레이트,1953
대전광역시 대덕구 신대동 217-2,74.28,블록구조,제2종근린생활시설,기와,1964
대전광역시 대덕구 신대동 219-1,69.45,벽돌구조,단독주택,(철근)콘크리트,1980-10-06
대전광역시 대덕구 신대동 219-2,79.35,벽돌구조,단독주택,(철근)콘크리트,1980-10-06
대전광역시 대덕구 신대동 219-5,103.68,경량철골구조,제2종근린생활시설,기타지붕,1992-09-22
대전광역시 대덕구 신대동 219-9,67.68,경량철골구조,단독주택,기타지붕,1992-07-09
대전광역시 대덕구 신대동 220-1,77.88,벽돌구조,단독주택,(철근)콘크리트,1985-10-10
대전광역시 대덕구 신대동 220-10,60.07,벽돌구조,단독주택,(철근)콘크리트,1979-07-05
대전광역시 대덕구 신대동 220-12,97.8,벽돌구조,단독주택,(철근)콘크리트,1989-03-20
대전광역시 대덕구 신대동 220-3,53.02,블록구조,단독주택,슬레이트,1975-06-07
대전광역시 대덕구 신대동 220-4,122.31,벽돌구조,단독주택,(철근)콘크리트,1973-12-06
대전광역시 대덕구 신대동 220-5,59.57,벽돌구조,단독주택,(철근)콘크리트,1979-07-05
대전광역시 대덕구 신대동 220-6,60.07,벽돌구조,단독주택,(철근)콘크리트,1979-07-05
대전광역시 대덕구 신대동 220-7,63.0,경량철골구조,제2종근린생활시설,기타지붕,2023-06-27
대전광역시 대덕구 신대동 220-8,64.9,벽돌구조,단독주택,(철근)콘크리트,1979-07-05
대전광역시 대덕구 신대동 220-9,60.17,벽돌구조,단독주택,(철근)콘크리트,1979-07-05
대전광역시 대덕구 신대동 221-1,81.44,벽돌구조,단독주택,(철근)콘크리트,1984-11-09
대전광역시 대덕구 신대동 221-3,82.98,벽돌구조,단독주택,(철근)콘크리트,1990-07-28
대전광역시 대덕구 신대동 221-4,75.34,벽돌구조,단독주택,(철근)콘크리트,1984-08-21
대전광역시 대덕구 신대동 221-5,106.41,벽돌구조,단독주택,(철근)콘크리트,1985-03-14
대전광역시 대덕구 신대동 221-7,128.13,벽돌구조,단독주택,(철근)콘크리트,1984-12-18
대전광역시 대덕구 신대동 224-1,128.69,벽돌구조,단독주택,슬레이트,1967
대전광역시 대덕구 신대동 225-3,99.39,벽돌구조,단독주택,(철근)콘크리트,1991-12-23
대전광역시 대덕구 신대동 226-1,56.99,벽돌구조,단독주택,기와,1975-08-22
대전광역시 대덕구 신대동 226-3,81.89,벽돌구조,단독주택,(철근)콘크리트,1983-09-19
대전광역시 대덕구 신대동 227-1,136.47,기타조적구조,단독주택,슬레이트,1969
대전광역시 대덕구 신대동 227-10,60.7,블록구조,단독주택,기와,1979-04-20
대전광역시 대덕구 신대동 227-3,79.2,벽돌구조,단독주택,기와,1978-04-04
대전광역시 대덕구 신대동 227-6,59.5,벽돌구조,단독주택,(철근)콘크리트,1979-01-17
대전광역시 대덕구 신대동 227-8,39.24,블록구조,단독주택,기와,1978-04-04
대전광역시 대덕구 신대동 227-9,56.43,블록구조,단독주택,기와,1978-03-28
대전광역시 대덕구 신대동 229-1,135.1,벽돌구조,단독주택,(철근)콘크리트,1985-07-26
대전광역시 대덕구 신대동 229-2,29.09,경량철골구조,제2종근린생활시설,기타지붕,2007-01-22
대전광역시 대덕구 신대동 229-3,91.59,벽돌구조,단독주택,(철근)콘크리트,1989-05-20
대전광역시 대덕구 신대동 229-4,91.89,벽돌구조,단독주택,(철근)콘크리트,1984-07-26
대전광역시 대덕구 신대동 229-5,70.53,벽돌구조,단독주택,(철근)콘크리트,1984-10-10
대전광역시 대덕구 신대동 230-1,107.08,철근콘크리트구조,단독주택,(철근)콘크리트,2012-07-17
대전광역시 대덕구 신대동 231,201.38,기타조적구조,단독주택,기타지붕,1961
대전광역시 대덕구 신대동 231-2,131.4,경량철골구조,제2종근린생활시설,기타지붕,2008-05-30
대전광역시 대덕구 신대동 231-3,96.3,벽돌구조,단독주택,(철근)콘크리트,1979-07-06
대전광역시 대덕구 신대동 231-4,115.32,경량철골구조,단독주택,기타지붕,2010-07-01
대전광역시 대덕구 신대동 232-3,53.49,벽돌구조,단독주택,(철근)콘크리트,1984-08-27
대전광역시 대덕구 신대동 233-1,77.52,벽돌구조,단독주택,(철근)콘크리트,1988-08-08
대전광역시 대덕구 신대동 233-4,59.72,벽돌구조,단독주택,기와,1978-09-06
대전광역시 대덕구 신대동 234,244.06,기타조적구조,단독주택,슬레이트,1963
대전광역시 대덕구 신대동 237-1,118.92,경량철골구조,단독주택,기타지붕,2008-10-01
대전광역시 대덕구 신대동 238,74.15,일반목구조,단독주택,슬레이트,1942
대전광역시 대덕구 신대동 238-1,115.02,일반목구조,단독주택,슬레이트,1942
대전광역시 대덕구 신대동 240,58.31,기타조적구조,단독주택,기와,1969
대전광역시 대덕구 신대동 240-1,80.2,일반목구조,단독주택,기타지붕,1952
대전광역시 대덕구 신대동 241-1,93.58,기타조적구조,단독주택,기와,1952
대전광역시 대덕구 신대동 241-2,34.48,블록구조,단독주택,슬레이트,1975-12-04
대전광역시 대덕구 신대동 27-6,192.0,일반철골구조,동.식물관련시설,슬레이트,1996-09-12
대전광역시 대덕구 신대동 30,198.41,철근콘크리트구조,창고시설,(철근)콘크리트,2022-10-19
대전광역시 대덕구 신대동 31-1,44.2,블록구조,단독주택,슬레이트,1979-08-13
대전광역시 대덕구 신대동 311-1,1918.6799999999998,벽돌구조,공장,기타지붕,1976-12-22
대전광역시 대덕구 신대동 339-4,67.2,경량철골구조,창고시설,기타지붕,1996-12-09
대전광역시 대덕구 신대동 34,104.66,일반목구조,단독주택,슬레이트,1962
대전광역시 대덕구 신대동 340-6,2276.13,블록구조,공장,슬레이트,1976-09-04
대전광역시 대덕구 신대동 347-1,70.25,경량철골구조,단독주택,기타지붕,1999-06-24
대전광역시 대덕구 신대동 347-6,80.79,블록구조,단독주택,슬레이트,1976-12-31
대전광역시 대덕구 신대동 354-1,77.86,경량철골구조,단독주택,기타지붕,2008-06-02
대전광역시 대덕구 신대동 355-11,55.64,블록구조,단독주택,기와,1979-09-27
대전광역시 대덕구 신대동 355-5,28.6,블록구조,단독주택,슬레이트,1987-12-18
대전광역시 대덕구 신대동 355-6,55.38,벽돌구조,단독주택,(철근)콘크리트,1984-12-26
대전광역시 대덕구 신대동 355-7,50.9,블록구조,단독주택,기와,1980-05-27
대전광역시 대덕구 신대동 355-8,50.9,블록구조,단독주택,기와,1980-05-27
대전광역시 대덕구 신대동 355-9,56.02,블록구조,단독주택,기와,1979-09-20
대전광역시 대덕구 신대동 356,306.52,일반철골구조,제2종근린생활시설,기타지붕,2018-12-21
대전광역시 대덕구 신대동 356-1,200.9,경량철골구조,제2종근린생활시설,기타지붕,1996-11-06
대전광역시 대덕구 신대동 357-1,52.02,벽돌구조,단독주택,(철근)콘크리트,1979-09-20
대전광역시 대덕구 신대동 357-3,58.14,벽돌구조,단독주택,(철근)콘크리트,1980-01-29
대전광역시 대덕구 신대동 357-4,117.85,철근콘크리트구조,단독주택,(철근)콘크리트,2022-05-30
대전광역시 대덕구 신대동 358,522.2,일반목구조,단독주택,슬레이트,1949
대전광역시 대덕구 신대동 358-2,90.19,일반철골구조,단독주택,기타지붕,2006-02-28
대전광역시 대덕구 신대동 358-3,132.0,벽돌구조,단독주택,슬레이트,2003-01-29
대전광역시 대덕구 신대동 358-5,478.0,철근콘크리트구조,공동주택,(철근)콘크리트,1997-10-23
대전광역시 대덕구 신대동 358-6,123.77,철근콘크리트구조,노유자시설,(철근)콘크리트,1999-09-11
대전광역시 대덕구 신대동 359,71.89,블록구조,단독주택,기와,1980-08-04
대전광역시 대덕구 신대동 359-10,84.49,벽돌구조,단독주택,(철근)콘크리트,1986-08-21
대전광역시 대덕구 신대동 359-11,59.87,벽돌구조,단독주택,(철근)콘크리트,1986-10-24
대전광역시 대덕구 신대동 359-5,67.68,블록구조,단독주택,기와,1980-08-04
대전광역시 대덕구 신대동 359-6,76.08,벽돌구조,단독주택,기와,1981-03-13
대전광역시 대덕구 신대동 359-7,32.85,블록구조,단독주택,슬레이트,1981-02-26
대전광역시 대덕구 신대동 359-8,66.88,블록구조,단독주택,기와,1980-08-04
대전광역시 대덕구 신대동 359-9,67.69,블록구조,단독주택,기와,1980-08-04
대전광역시 대덕구 신대동 362-1,71.82,블록구조,단독주택,기와,1978-10-10
대전광역시 대덕구 신대동 362-11,70.38,블록구조,단독주택,기와,1977-12-30
대전광역시 대덕구 신대동 362-12,67.04,블록구조,단독주택,슬레이트,1977-10-08
대전광역시 대덕구 신대동 362-14,75.46,벽돌구조,단독주택,(철근)콘크리트,1977-11-19
대전광역시 대덕구 신대동 362-15,78.87,벽돌구조,단독주택,(철근)콘크리트,1984-03-21
대전광역시 대덕구 신대동 362-16,159.36,벽돌구조,단독주택,(철근)콘크리트,1979-06-04
대전광역시 대덕구 신대동 362-17,66.96,블록구조,단독주택,슬레이트,1977-10-08
대전광역시 대덕구 신대동 362-18,77.87,벽돌구조,단독주택,(철근)콘크리트,1978-12-28
대전광역시 대덕구 신대동 362-19,142.04,벽돌구조,단독주택,(철근)콘크리트,1997-09-12
대전광역시 대덕구 신대동 362-2,60.09,블록구조,단독주택,기와,1978-10-10
대전광역시 대덕구 신대동 362-20,72.5,벽돌구조,단독주택,(철근)콘크리트,1978-06-23
대전광역시 대덕구 신대동 362-21,53.46,블록구조,단독주택,기와,1977-11-24
대전광역시 대덕구 신대동 362-22,54.84,블록구조,단독주택,기와,1978-10-10
대전광역시 대덕구 신대동 362-4,74.7,벽돌구조,단독주택,기와,1977-11-16
대전광역시 대덕구 신대동 362-5,74.8,벽돌구조,단독주택,기와,1977-11-16
대전광역시 대덕구 신대동 362-6,74.81,블록구조,단독주택,기와,1977-12-06
대전광역시 대덕구 신대동 362-7,89.62,벽돌구조,단독주택,기와,1977-12-06
대전광역시 대덕구 신대동 362-8,57.06,기타조적구조,단독주택,슬레이트,1977-10-27
대전광역시 대덕구 신대동 362-9,63.84,블록구조,단독주택,기와,1977-10-27
대전광역시 대덕구 신대동 363-1,134.21,벽돌구조,단독주택,(철근)콘크리트,1979-01-17
대전광역시 대덕구 신대동 363-2,77.57,벽돌구조,단독주택,(철근)콘크리트,1985-12-19
대전광역시 대덕구 신대동 363-5,108.96,벽돌구조,단독주택,(철근)콘크리트,2007-06-28
대전광역시 대덕구 신대동 364,129.2,벽돌구조,단독주택,(철근)콘크리트,1984-05-16
대전광역시 대덕구 신대동 364-1,102.6,벽돌구조,단독주택,(철근)콘크리트,1984-05-16
대전광역시 대덕구 신대동 365-1,82.47,경량철골구조,제2종근린생활시설,기타지붕,2015-11-30
대전광역시 대덕구 신대동 365-10,149.7,벽돌구조,단독주택,(철근)콘크리트,1984-12-18
대전광역시 대덕구 신대동 365-11,75.19,벽돌구조,단독주택,(철근)콘크리트,1985-02-01
대전광역시 대덕구 신대동 365-12,167.84,벽돌구조,단독주택,(철근)콘크리트,1984-09-28
대전광역시 대덕구 신대동 365-5,101.68,벽돌구조,단독주택,(철근)콘크리트,1985-07-05
대전광역시 대덕구 신대동 365-6,150.6,벽돌구조,단독주택,(철근)콘크리트,1984-12-18
대전광역시 대덕구 신대동 365-7,75.98,벽돌구조,단독주택,(철근)콘크리트,1984-10-27
대전광역시 대덕구 신대동 365-9,143.36,벽돌구조,단독주택,(철근)콘크리트,1985-02-01
대전광역시 대덕구 신대동 366,131.85,철근콘크리트구조,제2종근린생활시설,(철근)콘크리트,1990-08-30
대전광역시 대덕구 신대동 367-1,90.72,철근콘크리트구조,제2종근린생활시설,(철근)콘크리트,1992-04-14
대전광역시 대덕구 신대동 368-1,45.55,블록구조,단독주택,슬레이트,1976-01-17
대전광역시 대덕구 신대동 369,52.81,철근콘크리트구조,제2종근린생활시설,(철근)콘크리트,1990-09-06
대전광역시 대덕구 신대동 375-9,282.14,경량철골구조,창고시설,기타지붕,2002-04-11
대전광역시 대덕구 신대동 378-8,151.2,경량철골구조,창고시설,기타지붕,2003-03-26
대전광역시 대덕구 신대동 380,339.44000000000005,경량철골구조,위험물저장및처리시설,기타지붕,2024-10-15
대전광역시 대덕구 신대동 382-11,488.55,경량철골구조,제2종근린생활시설,기타지붕,1993-09-03
대전광역시 대덕구 신대동 382-3,255.49,철근콘크리트구조,종교시설,(철근)콘크리트,2005-05-06
대전광역시 대덕구 신대동 382-5,198.9,일반철골구조,종교시설,(철근)콘크리트,2015-12-24
대전광역시 대덕구 신대동 382-8,117.72,경량철골구조,단독주택,기타지붕,1996-03-13
대전광역시 대덕구 신대동 386,476.1,일반철골구조,제2종근린생활시설,기타지붕,2012-04-10
대전광역시 대덕구 신대동 387,196.55,일반철골구조,제2종근린생활시설,기타지붕,2010-12-06
대전광역시 대덕구 신대동 388,84.16,경량철골구조,자동차관련시설,기타지붕,2012-06-28
대전광역시 대덕구 신대동 392,49.2,경량철골구조,제2종근린생활시설,기타지붕,1994-05-31
대전광역시 대덕구 신대동 394-2,144.04,경량철골구조,제2종근린생활시설,기타지붕,2005-01-17
대전광역시 대덕구 신대동 399,82.8,블록구조,단독주택,기와,1989-08-11
대전광역시 대덕구 신대동 4-1,2444.1,철근콘크리트구조,위험물저장및처리시설,(철근)콘크리트,2013-01-07
대전광역시 대덕구 신대동 409,237.9,일반철골구조,운동시설,기타지붕,2022-05-27
대전광역시 대덕구 신대동 410,486.20000000000005,일반철골구조,공장,기타지붕,2021-06-14
대전광역시 대덕구 신대동 411-11,216.72,일반철골구조,발전시설,기타지붕,2019-11-21
대전광역시 대덕구 신대동 411-16,1207.17,일반철골구조,공장,기타지붕,2021-06-03
대전광역시 대덕구 신대동 411-2,195.76,벽돌구조,단독주택,(철근)콘크리트,2000-11-14
대전광역시 대덕구 신대동 411-25,412.1,일반철골구조,공장,기타지붕,2021-04-12
대전광역시 대덕구 신대동 411-26,699.0,일반철골구조,공장,기타지붕,2024-10-15
대전광역시 대덕구 신대동 411-27,735.2,일반철골구조,창고시설,기타지붕,2021-01-15
대전광역시 대덕구 신대동 411-3,116.59,블록구조,제2종근린생활시설,슬레이트,1982-10-21
대전광역시 대덕구 신대동 411-30,538.2,일반철골구조,창고시설,기타지붕,2023-09-11
대전광역시 대덕구 신대동 411-31,560.11,일반철골구조,공장,기타지붕,2020-11-30
대전광역시 대덕구 신대동 411-32,901.89,일반철골구조,창고시설,(철근)콘크리트,2021-10-01
대전광역시 대덕구 신대동 411-34,329.25,철근콘크리트구조,위험물저장및처리시설,기타지붕,2021-03-31
대전광역시 대덕구 신대동 411-35,502.6,일반철골구조,공장,기타지붕,2021-08-11
대전광역시 대덕구 신대동 411-36,747.6,경량철골구조,공장,기타지붕,2020-09-25
대전광역시 대덕구 신대동 411-37,742.8499999999999,일반철골구조,공장,기타지붕,2020-11-17
대전광역시 대덕구 신대동 411-38,664.39,일반철골구조,공장,기타지붕,2021-07-29
대전광역시 대덕구 신대동 411-4,109.2,블록구조,단독주택,슬레이트,2000-11-18
대전광역시 대덕구 신대동 411-41,333.32,일반철골구조,제2종근린생활시설,기타지붕,2020-12-01
대전광역시 대덕구 신대동 411-43,624.82,일반철골구조,공장,기타지붕,2024-10-08
대전광역시 대덕구 신대동 411-45,422.36,일반철골구조,공장,기타지붕,2020-08-24
대전광역시 대덕구 신대동 411-46,433.07,일반철골구조,공장,기타지붕,2020-11-25
대전광역시 대덕구 신대동 411-47,1110.0,일반철골구조,공장,기타지붕,2020-10-21
대전광역시 대덕구 신대동 411-50,152.0,일반철골구조,공장,기타지붕,2020-04-14
대전광역시 대덕구 신대동 412,93.69,철근콘크리트구조,제2종근린생활시설,(철근)콘크리트,2022-06-09
대전광역시 대덕구 신대동 415,19.83,기타조적구조,단독주택,기타지붕,1969
대전광역시 대덕구 신대동 420-4,418.76,일반철골구조,제2종근린생활시설,기타지붕,1994-03-10
대전광역시 대덕구 신대동 421-3,357.25,철근콘크리트구조,공장,슬레이트,1978-02-22
대전광역시 대덕구 신대동 423-4,0.0,일반철골구조,제2종근린생활시설,슬레이트,1990-03-22
대전광역시 대덕구 신대동 424-7,1937.6100000000001,일반철골구조,자동차관련시설,기타지붕,2009-04-03
대전광역시 대덕구 신대동 426,150.01999999999998,강파이프구조,위험물저장및처리시설,기타지붕,2003-12-22
대전광역시 대덕구 신대동 427-1,188.1,철근콘크리트구조,위험물저장및처리시설,(철근)콘크리트,1993-07-27
대전광역시 대덕구 신대동 428-2,27.9,일반철골구조,제2종근린생활시설,기타지붕,2011-05-16
대전광역시 대덕구 신대동 430-15,198.09,경량철골구조,창고시설,기타지붕,2017-10-24
대전광역시 대덕구 신대동 430-3,222.78,일반철골구조,제2종근린생활시설,기타지붕,2002-05-23
대전광역시 대덕구 신대동 433-2,381.86,일반철골구조,위험물저장및처리시설,기타지붕,2017-09-26
대전광역시 대덕구 신대동 437,265.2,일반철골구조,제2종근린생활시설,기타지붕,1988-10-08
대전광역시 대덕구 신대동 437-2,17.52,기타조적구조,단독주택,기타지붕,1969
대전광역시 대덕구 신대동 437-3,232.8,블록구조,공장,슬레이트,1924
대전광역시 대덕구 신대동 443-1,348.4,일반철골구조,창고시설,기타지붕,2017-12-22
대전광역시 대덕구 신대동 443-4,173.6,일반철골구조,제2종근린생활시설,기타지붕,2003-04-12
대전광역시 대덕구 신대동 445,63.84,일반철골구조,창고시설,기타지붕,2001-06-07
대전광역시 대덕구 신대동 446,246.51,경량철골구조,제2종근린생활시설,기타지붕,1991-05-29
대전광역시 대덕구 신대동 446-3,160.95,경량철골구조,자동차관련시설,기타지붕,1991-07-03
대전광역시 대덕구 신대동 446-4,66.0,경량철골구조,자동차관련시설,기타지붕,1991-05-13
대전광역시 대덕구 신대동 448-1,2151.37,일반철골구조,자동차관련시설,기타지붕,1998-02-25
대전광역시 대덕구 신대동 453-2,273.91,일반철골구조,자원순환관련시설,기타지붕,2018-12-24
대전광역시 대덕구 신대동 458-2,229.03,경량철골구조,제2종근린생활시설,슬레이트,1991-06-08
대전광역시 대덕구 신대동 466,105.0,블록구조,제2종근린생활시설,슬레이트,1980-11-07
대전광역시 대덕구 신대동 466-1,55.67,일반목구조,단독주택,기타지붕,1926
대전광역시 대덕구 신대동 481-2,565.5,일반철골구조,창고시설,기타지붕,2012-10-23
대전광역시 대덕구 신대동 482,98.25,일반철골구조,제2종근린생활시설,기타지붕,2001-01-30
대전광역시 대덕구 신대동 482-1,377.6,일반철골구조,자원순환관련시설,기타지붕,2024-08-13
대전광역시 대덕구 신대동 482-2,97.98,일반철골구조,제2종근린생활시설,기타지붕,2014-07-04
대전광역시 대덕구 신대동 482-23,402.95,철근콘크리트구조,자동차관련시설,(철근)콘크리트,2011-08-26
대전광역시 대덕구 신대동 482-29,1228.93,철골철근콘크리트구조,자동차관련시설,(철근)콘크리트,2016-08-12
대전광역시 대덕구 신대동 483-2,1101.49,일반철골구조,공장,기타지붕,2009-01-20
대전광역시 대덕구 신대동 484-1,53.1,경량철골구조,제2종근린생활시설,기타지붕,2004-07-23
대전광역시 대덕구 신대동 499-3,2862.045,철근콘크리트구조,교육연구시설,(철근)콘크리트,
대전광역시 대덕구 신대동 69-4,49.03,블록구조,단독주택,슬레이트,1967
대전광역시 대덕구 신대동 7-7,102.71,벽돌구조,단독주택,기와,1943
대전광역시 대덕구 신일동 10-3,168.06,철근콘크리트구조,종교시설,기와,2004-12-28
대전광역시 대덕구 신일동 100-1,60.0,일반철골구조,제2종근린생활시설,기타지붕,2005-12-07
대전광역시 대덕구 신일동 100-2,59.36,경량철골구조,제2종근린생활시설,기타지붕,2003-11-19
대전광역시 대덕구 신일동 11-1,172.7,기타조적구조,단독주택,슬레이트,1966
대전광역시 대덕구 신일동 14-1,28.1,기타조적구조,단독주택,기타지붕,1948
대전광역시 대덕구 신일동 14-12,125.63,기타조적구조,단독주택,기타지붕,1936
대전광역시 대덕구 신일동 14-4,49.58,일반목구조,단독주택,슬레이트,1945
대전광역시 대덕구 신일동 14-5,50.9,기타조적구조,단독주택,슬레이트,1951
대전광역시 대덕구 신일동 16-1,0.0,기타조적구조,단독주택,슬레이트,1962
대전광역시 대덕구 신일동 1673-10,538.78,경량철골구조,공장,기타지붕,2003-02-19
대전광역시 대덕구 신일동 1673-11,768.96,일반철골구조,공장,기타지붕,2003-05-27
대전광역시 대덕구 신일동 1673-12,799.5,일반철골구조,공장,기타지붕,2003-02-12
대전광역시 대덕구 신일동 1673-13,300.0,일반철골구조,공장,기타지붕,2002-11-05
대전광역시 대덕구 신일동 1673-14,493.0,일반철골구조,공장,기타지붕,2003-01-28
대전광역시 대덕구 신일동 1673-15,1868.19,일반철골구조,공장,기타지붕,2003-01-20
대전광역시 대덕구 신일동 1673-16,418.3,일반철골구조,공장,기타지붕,2003-01-23
대전광역시 대덕구 신일동 1673-17,1283.05,일반철골구조,공장,기타지붕,2003-04-22
대전광역시 대덕구 신일동 1673-18,448.56,일반철골구조,공장,기타지붕,2003-10-22
대전광역시 대덕구 신일동 1673-19,490.0,일반철골구조,공장,기타지붕,2003-01-20
대전광역시 대덕구 신일동 1673-2,22564.84,철근콘크리트구조,공장,(철근)콘크리트,2021-08-22
대전광역시 대덕구 신일동 1673-20,907.65,일반철골구조,공장,기타지붕,2003-07-31
대전광역시 대덕구 신일동 1673-21,594.0,일반철골구조,공장,기타지붕,2003-07-30
대전광역시 대덕구 신일동 1673-22,665.7,일반철골구조,공장,기타지붕,2003-06-02
대전광역시 대덕구 신일동 1673-23,493.0,일반철골구조,공장,기타지붕,2003-01-28
대전광역시 대덕구 신일동 1673-24,594.0,일반철골구조,공장,기타지붕,2003-12-12
대전광역시 대덕구 신일동 1673-25,1111.06,일반철골구조,공장,기타지붕,2003-12-12
대전광역시 대덕구 신일동 1673-26,825.0,일반철골구조,공장,기타지붕,2004-06-08
대전광역시 대덕구 신일동 1673-27,593.88,일반철골구조,공장,기타지붕,2004-12-08
대전광역시 대덕구 신일동 1673-28,546.53,일반철골구조,공장,기타지붕,2004-03-15
대전광역시 대덕구 신일동 1673-29,989.85,일반철골구조,공장,기타지붕,2004-07-15
대전광역시 대덕구 신일동 1673-3,5334.035,일반철골구조,공장,기타지붕,2018-05-17
대전광역시 대덕구 신일동 1673-30,472.0,일반철골구조,공장,기타지붕,2003-11-06
대전광역시 대덕구 신일동 1673-31,600.0,일반철골구조,공장,기타지붕,2003-02-12
대전광역시 대덕구 신일동 1673-32,418.3,일반철골구조,공장,기타지붕,2003-01-23
대전광역시 대덕구 신일동 1673-34,1452.68,철근콘크리트구조,공장,기타지붕,2002-02-08
대전광역시 대덕구 신일동 1673-4,3627.4599999999996,철근콘크리트구조,공장,(철근)콘크리트,1999-09-21
대전광역시 대덕구 신일동 1673-5,2297.12,일반철골구조,공장,기타지붕,2008-04-07
대전광역시 대덕구 신일동 1673-6,1147.3799999999999,일반철골구조,공장,기타지붕,2003-05-03
대전광역시 대덕구 신일동 1673-7,2257.75,일반철골구조,공장,기타지붕,2003-11-21
대전광역시 대덕구 신일동 1673-8,1026.9,일반철골구조,공장,기타지붕,2003-07-02
대전광역시 대덕구 신일동 1674-2,77514.074,강파이프구조,공장,기타지붕,2019-07-25
대전광역시 대덕구 신일동 1675-1,1492.85,철골철근콘크리트구조,공장,기타지붕,2006-11-24
대전광역시 대덕구 신일동 1675-2,2178.37,일반철골구조,공장,(철근)콘크리트,2014-09-26
대전광역시 대덕구 신일동 1675-3,495.3,경량철골구조,공장,기타지붕,1995-10-11
대전광역시 대덕구 신일동 1675-4,1727.14,벽돌구조,공장,(철근)콘크리트,2012-03-19
대전광역시 대덕구 신일동 1675-5,12530.87,철근콘크리트구조,공장,(철근)콘크리트,1997-07-01
대전광역시 대덕구 신일동 1675-6,3343.11,일반철골구조,공장,기타지붕,2004-07-20
대전광역시 대덕구 신일동 1675-7,2089.27,일반철골구조,공장,(철근)콘크리트,2009-02-25
대전광역시 대덕구 신일동 1682-2,35264.49,일반철골구조,공장,기타지붕,1997-03-10
대전광역시 대덕구 신일동 1682-3,4128.6,철근콘크리트구조,공동주택,(철근)콘크리트,1995-12-16
대전광역시 대덕구 신일동 1682-4,2735.6,철근콘크리트구조,공동주택,(철근)콘크리트,1996-10-16
대전광역시 대덕구 신일동 1682-5,5861.52,경량철골구조,공장,기타지붕,2006-09-21
대전광역시 대덕구 신일동 1682-6,2066.54,일반철골구조,공장,(철근)콘크리트,2001-04-17
대전광역시 대덕구 신일동 1682-7,1515.1,일반철골구조,위험물저장및처리시설,기타지붕,1998-04-01
대전광역시 대덕구 신일동 1682-8,667.72,강파이프구조,운동시설,기타지붕,2014-01-13
대전광역시 대덕구 신일동 1683,7662.679999999999,철근콘크리트구조,창고시설,(철근)콘크리트,2009-05-07
대전광역시 대덕구 신일동 1683-1,1745.58,일반철골구조,공장,기타지붕,2006-02-07
대전광역시 대덕구 신일동 1683-2,5167.86,일반철골구조,공장,기타지붕,2000-10-24
대전광역시 대덕구 신일동 1683-3,1449.95,일반철골구조,공장,기타지붕,2000-11-23
대전광역시 대덕구 신일동 1683-4,915.52,일반철골구조,공장,기타지붕,2006-02-07
대전광역시 대덕구 신일동 1683-5,1122.0,일반철골구조,공장,기타지붕,2013-11-08
대전광역시 대덕구 신일동 1684,435.19,철근콘크리트구조,위험물저장및처리시설,(철근)콘크리트,1999-03-27
대전광역시 대덕구 신일동 1684-1,194.89,철근콘크리트구조,위험물저장및처리시설,(철근)콘크리트,2002-05-11
대전광역시 대덕구 신일동 1684-10,1867.24,일반철골구조,제2종근린생활시설,(철근)콘크리트,2013-09-03
대전광역시 대덕구 신일동 1684-11,940.75,일반철골구조,자동차관련시설,(철근)콘크리트,2015-11-09
대전광역시 대덕구 신일동 1684-12,3453.5,일반철골구조,창고시설,기타지붕,1999-02-06
대전광역시 대덕구 신일동 1684-2,190.65,일반철골구조,창고시설,기타지붕,2015-02-10
대전광역시 대덕구 신일동 1684-22,370.76,철근콘크리트구조,공장,(철근)콘크리트,2003-01-24
대전광역시 대덕구 신일동 1684-26,814.03,일반철골구조,자동차관련시설,기타지붕,2000-12-15
대전광역시 대덕구 신일동 1684-3,204.72,일반철골구조,창고시설,기타지붕,2012-03-14
대전광역시 대덕구 신일동 1684-39,1121.36,철근콘크리트구조,업무시설,(철근)콘크리트,2007-07-26
대전광역시 대덕구 신일동 1684-49,285.0,일반철골구조,자동차관련시설,기타지붕,2002-09-06
대전광역시 대덕구 신일동 1684-5,267.5,일반철골구조,제2종근린생활시설,(철근)콘크리트,2022-08-31
대전광역시 대덕구 신일동 1684-50,588.05,일반철골구조,자동차관련시설,(철근)콘크리트,2002-09-19
대전광역시 대덕구 신일동 1684-7,607.9,일반철골구조,창고시설,(철근)콘크리트,2002-12-10
대전광역시 대덕구 신일동 1684-8,261.28,일반철골구조,자동차관련시설,기타지붕,2002-12-16
대전광역시 대덕구 신일동 1684-9,259.96,일반철골구조,제2종근린생활시설,기타지붕,2012-01-09
대전광역시 대덕구 신일동 1685-1,2988.5200000000004,철근콘크리트구조,공장,(철근)콘크리트,1996-08-01
대전광역시 대덕구 신일동 1685-2,20675.739999999998,철근콘크리트구조,공장,(철근)콘크리트,1996-04-30
대전광역시 대덕구 신일동 1685-3,17043.2,철근콘크리트구조,공장,(철근)콘크리트,1996-08-01
대전광역시 대덕구 신일동 1686,19799.25,철근콘크리트구조,공장,(철근)콘크리트,2007-07-18
대전광역시 대덕구 신일동 1686-1,50524.69,철근콘크리트구조,공장,(철근)콘크리트,2007-11-28
대전광역시 대덕구 신일동 1686-2,19578.559999999998,철근콘크리트구조,공장,(철근)콘크리트,2005-06-17
대전광역시 대덕구 신일동 1686-3,3085.34,철근콘크리트구조,공장,(철근)콘크리트,2006-09-06
대전광역시 대덕구 신일동 1687-1,3248.59,철근콘크리트구조,교육연구시설,기타지붕,2000-02-24
대전광역시 대덕구 신일동 1687-10,1214.15,일반철골구조,공장,기타지붕,2019-09-09
대전광역시 대덕구 신일동 1687-11,1269.15,일반철골구조,공장,기타지붕,2019-03-04
대전광역시 대덕구 신일동 1687-12,1146.5,일반철골구조,공장,기타지붕,2019-03-06
대전광역시 대덕구 신일동 1687-18,1988.89,일반철골구조,공장,기타지붕,1997-03-12
대전광역시 대덕구 신일동 1687-19,2067.4,일반철골구조,공장,기타지붕,2020-12-01
대전광역시 대덕구 신일동 1687-2,837.6,철근콘크리트구조,공장,(철근)콘크리트,1998-11-21
대전광역시 대덕구 신일동 1687-21,622.0,일반철골구조,공장,기타지붕,2020-11-02
대전광역시 대덕구 신일동 1687-22,928.7,일반철골구조,공장,기타지붕,2021-03-26
대전광역시 대덕구 신일동 1687-3,3850.75,철근콘크리트구조,공장,기타지붕,1997-03-12
대전광역시 대덕구 신일동 1687-6,18589.280000000002,일반철골구조,공장,기타지붕,1997-03-12
대전광역시 대덕구 신일동 1687-7,3442.55,철근콘크리트구조,공장,기타지붕,1997-03-12
대전광역시 대덕구 신일동 1687-9,1214.15,일반철골구조,공장,기타지붕,2019-01-31
대전광역시 대덕구 신일동 1688-1,8436.03,일반철골구조,공장,기타지붕,1996-10-10
대전광역시 대덕구 신일동 1688-10,345.6,일반철골구조,공장,(철근)콘크리트,2000-08-02
대전광역시 대덕구 신일동 1688-11,3498.73,일반철골구조,공장,기타지붕,2000-01-06
대전광역시 대덕구 신일동 1688-12,1110.88,일반철골구조,공장,기타지붕,2012-01-09
대전광역시 대덕구 신일동 1688-13,711.31,일반철골구조,공장,(철근)콘크리트,1999-12-02
대전광역시 대덕구 신일동 1688-15,906.9499999999999,일반철골구조,공장,기타지붕,2010-07-02
대전광역시 대덕구 신일동 1688-16,515.51,일반철골구조,공장,기타지붕,2000-01-20
대전광역시 대덕구 신일동 1688-17,450.38,일반철골구조,공장,기타지붕,2000-01-14
대전광역시 대덕구 신일동 1688-18,609.11,일반철골구조,공장,기타지붕,2000-01-22
대전광역시 대덕구 신일동 1688-19,876.84,일반철골구조,공장,기타지붕,2000-01-18
대전광역시 대덕구 신일동 1688-2,1664.23,일반철골구조,공장,기타지붕,2010-07-02
대전광역시 대덕구 신일동 1688-20,530.55,일반철골구조,공장,기타지붕,2000-01-15
대전광역시 대덕구 신일동 1688-21,801.5740000000001,일반철골구조,공장,(철근)콘크리트,2000-08-02
대전광역시 대덕구 신일동 1688-23,1240.88,일반철골구조,공장,(철근)콘크리트,2000-08-25
대전광역시 대덕구 신일동 1688-24,935.35,일반철골구조,공장,기타지붕,2000-07-31
대전광역시 대덕구 신일동 1688-25,974.51,일반철골구조,공장,기타지붕,2000-08-14
대전광역시 대덕구 신일동 1688-26,864.82,일반철골구조,공장,기타지붕,2001-04-03
대전광역시 대덕구 신일동 1688-28,594.0,일반철골구조,공장,기타지붕,2000-11-08
대전광역시 대덕구 신일동 1688-29,1737.92,일반철골구조,공장,기타지붕,2011-07-08
대전광역시 대덕구 신일동 1688-3,4295.75,일반철골구조,공장,기타지붕,2019-05-09
대전광역시 대덕구 신일동 1688-30,629.8199999999999,일반철골구조,공장,기타지붕,2011-10-12
대전광역시 대덕구 신일동 1688-31,216.0,일반철골구조,공장,(철근)콘크리트,2000-08-02
대전광역시 대덕구 신일동 1688-32,3269.81,일반철골구조,공장,기타지붕,2003-01-22
대전광역시 대덕구 신일동 1688-33,1249.8600000000001,경량철골구조,공장,기타지붕,2013-07-10
대전광역시 대덕구 신일동 1688-4,496.9,일반철골구조,공장,기타지붕,2000-08-14
대전광역시 대덕구 신일동 1688-5,1701.33,철근콘크리트구조,공장,(철근)콘크리트,2000-12-15
대전광역시 대덕구 신일동 1688-8,2263.9900000000002,일반철골구조,공장,기타지붕,2017-09-25
대전광역시 대덕구 신일동 1688-9,1314.13,일반철골구조,공장,기타지붕,1999-11-24
대전광역시 대덕구 신일동 1689-1,94123.65699999999,벽돌구조,공장,(철근)콘크리트,1995-12-19
대전광역시 대덕구 신일동 1690-1,8908.24,일반철골구조,공장,기타지붕,1996-07-06
대전광역시 대덕구 신일동 1690-10,683.32,일반철골구조,공장,기타지붕,2000-08-29
대전광역시 대덕구 신일동 1690-11,2489.95,경량철골구조,공장,기타지붕,2016-12-13
대전광역시 대덕구 신일동 1690-13,3209.93,일반철골구조,공장,기타지붕,2004-10-19
대전광역시 대덕구 신일동 1690-14,307.53999999999996,경량철골구조,공장,기타지붕,1999-12-21
대전광역시 대덕구 신일동 1690-2,2564.35,철근콘크리트구조,공장,(철근)콘크리트,2000-09-08
대전광역시 대덕구 신일동 1690-3,3954.2200000000003,일반철골구조,공장,(철근)콘크리트,2019-11-15
대전광역시 대덕구 신일동 1690-6,454.03,일반철골구조,공장,기타지붕,2000-01-13
대전광역시 대덕구 신일동 1690-7,680.16,일반철골구조,공장,기타지붕,2000-08-09
대전광역시 대덕구 신일동 1690-9,518.99,일반철골구조,공장,기타지붕,2000-08-19
대전광역시 대덕구 신일동 1691,100241.12999999999,철근콘크리트구조,공장,(철근)콘크리트,1997-08-14
대전광역시 대덕구 신일동 1692-1,411.59,일반철골구조,공장,기타지붕,2007-04-16
대전광역시 대덕구 신일동 1692-2,667.83,일반철골구조,공장,기타지붕,1999-06-14
대전광역시 대덕구 신일동 1692-3,1056.52,일반철골구조,공장,기타지붕,1999-06-14
대전광역시 대덕구 신일동 1692-4,571.44,일반철골구조,공장,기타지붕,1998-12-10
대전광역시 대덕구 신일동 1692-5,860.8599999999999,일반철골구조,공장,기타지붕,1999-11-11
대전광역시 대덕구 신일동 1692-6,896.94,일반철골구조,공장,기타지붕,2003-12-13
대전광역시 대덕구 신일동 1692-7,588.4,경량철골구조,공장,기타지붕,2005-01-07
대전광역시 대덕구 신일동 1693-1,616.84,일반철골구조,공장,기타지붕,1998-01-31
대전광역시 대덕구 신일동 1693-10,493.45,철근콘크리트구조,공장,기타지붕,1999-05-18
대전광역시 대덕구 신일동 1693-2,462.0,일반철골구조,공장,기타지붕,1999-05-11
대전광역시 대덕구 신일동 1693-3,626.6,일반철골구조,공장,기타지붕,1997-11-04
대전광역시 대덕구 신일동 1693-4,490.76,경량철골구조,공장,기타지붕,1998-03-25
대전광역시 대덕구 신일동 1693-5,330.0,일반철골구조,공장,기타지붕,1998-04-08
대전광역시 대덕구 신일동 1693-6,681.88,일반철골구조,공장,기타지붕,2017-02-03
대전광역시 대덕구 신일동 1693-7,433.73,일반철골구조,공장,기타지붕,1999-05-18
대전광역시 대덕구 신일동 1693-8,490.35,일반철골구조,공장,기타지붕,1997-12-11
대전광역시 대덕구 신일동 1693-9,650.55,일반철골구조,공장,기타지붕,1997-12-11
대전광역시 대덕구 신일동 1694-1,1174.8,일반철골구조,공장,기타지붕,1998-03-26
대전광역시 대덕구 신일동 1694-2,1492.155,일반철골구조,공장,기타지붕,1998-01-13
대전광역시 대덕구 신일동 1694-3,1396.8,일반철골구조,공장,기타지붕,1998-11-23
대전광역시 대덕구 신일동 1694-4,991.06,일반철골구조,공장,기타지붕,1999-01-25
대전광역시 대덕구 신일동 1694-5,728.5,일반철골구조,공장,기타지붕,1998-02-18
대전광역시 대덕구 신일동 1694-6,492.0,일반철골구조,공장,기타지붕,1998-07-29
대전광역시 대덕구 신일동 1694-7,410.4,일반철골구조,공장,기타지붕,1998-11-21
대전광역시 대덕구 신일동 1695-1,933.0,일반철골구조,공장,기타지붕,1999-02-20
대전광역시 대덕구 신일동 1695-10,453.04,일반철골구조,공장,기타지붕,1999-09-07
대전광역시 대덕구 신일동 1695-11,567.64,일반철골구조,공장,(철근)콘크리트,1999-04-26
대전광역시 대덕구 신일동 1695-12,835.09,일반철골구조,공장,기타지붕,2002-07-20
대전광역시 대덕구 신일동 1695-2,1052.54,일반철골구조,공장,기타지붕,1997-09-29
대전광역시 대덕구 신일동 1695-3,1056.24,일반철골구조,공장,기타지붕,1998-01-20
대전광역시 대덕구 신일동 1695-4,577.22,일반철골구조,공장,기타지붕,1998-06-24
대전광역시 대덕구 신일동 1695-5,653.68,일반철골구조,공장,기타지붕,1998-09-09
대전광역시 대덕구 신일동 1695-6,629.48,일반철골구조,공장,기타지붕,1997-12-19
대전광역시 대덕구 신일동 1695-7,1042.83,일반철골구조,공장,기타지붕,1998-04-25
대전광역시 대덕구 신일동 1695-8,1046.34,경량철골구조,공장,(철근)콘크리트,1998-04-06
대전광역시 대덕구 신일동 1695-9,1242.1399999999999,일반철골구조,공장,기타지붕,1998-11-24
대전광역시 대덕구 신일동 1696-1,661.26,일반철골구조,공장,기타지붕,1999-01-25
대전광역시 대덕구 신일동 1696-2,725.382,일반철골구조,공장,기타지붕,1999-01-23
대전광역시 대덕구 신일동 1696-3,1047.1499999999999,일반철골구조,공장,기타지붕,1998-03-12
대전광역시 대덕구 신일동 1696-4,940.34,일반철골구조,공장,기타지붕,1998-11-04
대전광역시 대덕구 신일동 1696-5,1590.015,일반철골구조,공장,기타지붕,1998-08-27
대전광역시 대덕구 신일동 1696-6,1718.5300000000002,경량철골구조,공장,기타지붕,2009-03-27
대전광역시 대덕구 신일동 1696-7,700.01,일반철골구조,공장,기타지붕,1998-03-13
대전광역시 대덕구 신일동 1696-8,827.385,일반철골구조,공장,기타지붕,1997-10-31
대전광역시 대덕구 신일동 1696-9,171.0,일반철골구조,공장,기타지붕,1999-03-13
대전광역시 대덕구 신일동 17,49.58,블록구조,단독주택,슬레이트,1961
대전광역시 대덕구 신일동 1709,3472.9100000000003,경량철골구조,공장,기타지붕,2020-11-03
대전광역시 대덕구 신일동 1709-7,2693.3599999999997,일반철골구조,공장,기타지붕,2022-06-14
대전광역시 대덕구 신일동 18,29.75,기타조적구조,단독주택,슬레이트,1967
대전광역시 대덕구 신일동 19,46.94,일반목구조,단독주택,슬레이트,1947
대전광역시 대덕구 신일동 20,66.12,일반목구조,단독주택,슬레이트,1936
대전광역시 대덕구 신일동 21-1,26.45,기타조적구조,단독주택,슬레이트,
대전광역시 대덕구 신일동 21-2,39.66,기타조적구조,단독주택,슬레이트,1958
대전광역시 대덕구 신일동 21-3,95.68,경량철골구조,제2종근린생활시설,기타지붕,2021-11-16
대전광역시 대덕구 신일동 21-7,93.47,철근콘크리트구조,단독주택,(철근)콘크리트,2007-01-23
대전광역시 대덕구 신일동 21-8,95.9,경량철골구조,제2종근린생활시설,기타지붕,2021-11-16
대전광역시 대덕구 신일동 22-1,69.08,블록구조,단독주택,슬레이트,1934
대전광역시 대덕구 신일동 23-2,61.15,기타조적구조,동물및식물관련시설,슬레이트,1954
대전광역시 대덕구 신일동 24-2,66.12,블록구조,단독주택,슬레이트,1935
대전광역시 대덕구 신일동 25,65.82,블록구조,단독주택,슬레이트,1973
대전광역시 대덕구 신일동 25-1,64.79,일반목구조,단독주택,슬레이트,1935
대전광역시 대덕구 신일동 28-3,13.22,기타조적구조,단독주택,슬레이트,1949
대전광역시 대덕구 신일동 29,191.09,일반철골구조,제2종근린생활시설,기타지붕,2018-06-20
대전광역시 대덕구 신일동 29-1,91.24000000000001,일반목구조,단독주택,기타지붕,1938
대전광역시 대덕구 신일동 3,70.41,블록구조,단독주택,슬레이트,1964
대전광역시 대덕구 신일동 31-1,197.63,일반철골구조,위험물저장및처리시설,기타지붕,2020-12-23
대전광역시 대덕구 신일동 31-4,382.88,일반철골구조,제2종근린생활시설,기타지붕,2022-03-28
대전광역시 대덕구 신일동 32-2,109.99,벽돌구조,단독주택,슬레이트,
대전광역시 대덕구 신일동 32-5,69.42,일반목구조,단독주택,슬레이트,1942
대전광역시 대덕구 신일동 33-1,56.2,일반목구조,단독주택,슬레이트,1948
대전광역시 대덕구 신일동 34-2,405.99,일반철골구조,제2종근린생활시설,기타지붕,2023-03-08
대전광역시 대덕구 신일동 34-4,49.25,일반목구조,단독주택,슬레이트,1938
대전광역시 대덕구 신일동 34-5,25.08,블록구조,단독주택,슬레이트,1976
대전광역시 대덕구 신일동 34-6,58.84,일반목구조,단독주택,슬레이트,1933
대전광역시 대덕구 신일동 35-1,54.53999999999999,일반목구조,단독주택,기타지붕,1931
대전광역시 대덕구 신일동 35-4,41.65,일반목구조,단독주택,슬레이트,1938
대전광역시 대덕구 신일동 36-2,0.0,일반철골구조,자동차관련시설,기타지붕,2022-04-12
대전광역시 대덕구 신일동 36-6,191.16,일반철골구조,제2종근린생활시설,기타지붕,2024-05-30
대전광역시 대덕구 신일동 37-1,49.63,벽돌구조,제2종근린생활시설,(철근)콘크리트,1988-09-28
대전광역시 대덕구 신일동 37-2,455.46,일반철골구조,자동차관련시설,기타지붕,2001-07-27
대전광역시 대덕구 신일동 38-1,1310.96,일반철골구조,위험물저장및처리시설,기타지붕,2000-08-23
대전광역시 대덕구 신일동 38-3,84.0,경량철골구조,제2종근린생활시설,기타지붕,2019-04-04
대전광역시 대덕구 신일동 46-1,379.35,일반철골구조,자동차관련시설,기타지붕,2003-12-23
대전광역시 대덕구 신일동 48-1,140.0,경량철골구조,제2종근린생활시설,기타지붕,2003-08-27
대전광역시 대덕구 신일동 52-1,211.68,블록구조,위험물저장및처리시설,(철근)콘크리트,2002-01-15
대전광역시 대덕구 신일동 52-2,228.7,일반철골구조,제2종근린생활시설,기타지붕,2002-11-27
대전광역시 대덕구 신일동 53-1,0.0,기타조적구조,단독주택,슬레이트,1968
대전광역시 대덕구 신일동 54-2,886.83,일반철골구조,운동시설,(철근)콘크리트,2003-01-17
대전광역시 대덕구 신일동 55,100.19,철근콘크리트구조,단독주택,(철근)콘크리트,2000-01-14
대전광역시 대덕구 신일동 56,66.12,일반목구조,단독주택,기와,1956
대전광역시 대덕구 신일동 57-1,82.86,철골철근콘크리트구조,자동차관련시설,(철근)콘크리트,2004-08-20
대전광역시 대덕구 신일동 58-1,60.5,기타조적구조,단독주택,기와,1966
대전광역시 대덕구 신일동 58-4,17.08,일반철골구조,제2종근린생활시설,기타지붕,2006-03-30
대전광역시 대덕구 신일동 58-5,55.62,벽돌구조,단독주택,(철근)콘크리트,2000-01-15
대전광역시 대덕구 신일동 6-1,23.14,기타조적구조,단독주택,기타지붕,1961
대전광역시 대덕구 신일동 60,85.91,경량철골구조,창고시설,기타지붕,2023-04-05
대전광역시 대덕구 신일동 62-2,132.85,일반철골구조,제2종근린생활시설,기타지붕,2021-09-08
대전광역시 대덕구 신일동 65-3,234.10000000000002,철근콘크리트구조,위험물저장및처리시설,(철근)콘크리트,2011-01-10
대전광역시 대덕구 신일동 65-6,99.14,일반철골구조,제2종근린생활시설,(철근)콘크리트,2021-11-03
대전광역시 대덕구 신일동 68,132.0,일반철골구조,제2종근린생활시설,기타지붕,2020-02-05
대전광역시 대덕구 신일동 74,75.96,벽돌구조,단독주택,기타지붕,1982-09-08
대전광역시 대덕구 신일동 9-1,145.8,철근콘크리트구조,제2종근린생활시설,기와,1999-01-06
대전광역시 대덕구 신일동 96,174.57999999999998,경량철골구조,위험물저장및처리시설,기타지붕,2000-11-14
대전광역시 대덕구 신일동 97-3,146.88,일반철골구조,자원순환관련시설,기타지붕,2005-09-21
대전광역시 대덕구 신일동 99-1,600.0,경량철골구조,자동차관련시설,기타지붕,2003-09-30
대전광역시 대덕구 신탄진동 1-16,77.27,기타조적구조,제2종근린생활시설,슬레이트,1962
대전광역시 대덕구 신탄진동 100-6,1154.9291,철근콘크리트구조,노유자시설,(철근)콘크리트,2022-11-24
대전광역시 대덕구 신탄진동 100-7,163.2,철근콘크리트구조,노유자시설,(철근)콘크리트,2024-10-15
대전광역시 대덕구 신탄진동 113-12,60.89,벽돌구조,단독주택,(철근)콘크리트,1981-02-20
대전광역시 대덕구 신탄진동 113-16,216.72,철근콘크리트구조,공동주택,(철근)콘크리트,1991-09-30
대전광역시 대덕구 신탄진동 113-17,258.432,철근콘크리트구조,공동주택,(철근)콘크리트,1995-06-12
대전광역시 대덕구 신탄진동 113-18,149.25,경량철골구조,창고시설,기타지붕,2013-11-04
대전광역시 대덕구 신탄진동 113-19,82.62,경량철골구조,제2종근린생활시설,기타지붕,2018-06-15
대전광역시 대덕구 신탄진동 113-2,59.39,벽돌구조,단독주택,(철근)콘크리트,1991-07-11
대전광역시 대덕구 신탄진동 113-20,50.52,경량철골구조,제2종근린생활시설,기타지붕,2011-06-10
대전광역시 대덕구 신탄진동 113-21,853.94,경량철골구조,자동차관련시설,기타지붕,2015-07-31
대전광역시 대덕구 신탄진동 113-23,91.0,경량철골구조,제2종근린생활시설,기타지붕,2003-08-02
대전광역시 대덕구 신탄진동 113-24,168.84,철근콘크리트구조,제2종근린생활시설,(철근)콘크리트,2023-06-08
대전광역시 대덕구 신탄진동 113-25,183.45,경량철골구조,단독주택,기타지붕,1998-02-23
대전광역시 대덕구 신탄진동 113-3,441.84,철근콘크리트구조,공동주택,(철근)콘크리트,1991-07-06
대전광역시 대덕구 신탄진동 113-31,249.2,벽돌구조,단독주택,(철근)콘크리트,1982-11-05
대전광역시 대덕구 신탄진동 113-32,192.19,벽돌구조,숙박시설,(철근)콘크리트,1979-03-27
대전광역시 대덕구 신탄진동 113-36,67.56,벽돌구조,단독주택,(철근)콘크리트,1981-03-31
대전광역시 대덕구 신탄진동 113-37,72.85,벽돌구조,단독주택,(철근)콘크리트,1981
대전광역시 대덕구 신탄진동 113-38,0.0,벽돌구조,단독주택,(철근)콘크리트,1982-10-17
대전광역시 대덕구 신탄진동 113-39,53.74,벽돌구조,단독주택,(철근)콘크리트,1980-08-01
대전광역시 대덕구 신탄진동 113-4,488.16,철근콘크리트구조,공동주택,(철근)콘크리트,1994-08-31
대전광역시 대덕구 신탄진동 113-40,80.68,벽돌구조,단독주택,(철근)콘크리트,1984-06-05
대전광역시 대덕구 신탄진동 113-42,441.84,철근콘크리트구조,공동주택,(철근)콘크리트,1991-07-06
대전광역시 대덕구 신탄진동 113-44,216.72,철근콘크리트구조,공동주택,(철근)콘크리트,1991-09-30
대전광역시 대덕구 신탄진동 113-47,488.16,철근콘크리트구조,공동주택,(철근)콘크리트,1994-07-12
대전광역시 대덕구 신탄진동 113-49,263.912,철근콘크리트구조,공동주택,(철근)콘크리트,1995-06-12
대전광역시 대덕구 신탄진동 113-6,130.39,벽돌구조,제2종근린생활시설,기와,1973
대전광역시 대덕구 신탄진동 113-7,223.65,벽돌구조,단독주택,기타지붕,1979-12-11
대전광역시 대덕구 신탄진동 113-9,95.15,철근콘크리트구조,단독주택,(철근)콘크리트,2002-05-06
대전광역시 대덕구 신탄진동 114-11,350.2,철근콘크리트구조,공동주택,(철근)콘크리트,1992-07-14
대전광역시 대덕구 신탄진동 114-14,102.99,벽돌구조,제2종근린생활시설,(철근)콘크리트,1978-08-21
대전광역시 대덕구 신탄진동 114-15,107.72,벽돌구조,제2종근린생활시설,기타지붕,2007-03-06
대전광역시 대덕구 신탄진동 114-16,196.3,철근콘크리트구조,문화및집회시설,(철근)콘크리트,1981-07-10
대전광역시 대덕구 신탄진동 114-2,79.5,벽돌구조,단독주택,기타지붕,1984-06-20
대전광역시 대덕구 신탄진동 114-21,118.16,일반철골구조,위험물저장및처리시설,기타지붕,2004-01-13
대전광역시 대덕구 신탄진동 114-26,81.32,벽돌구조,단독주택,(철근)콘크리트,1978-12-28
대전광역시 대덕구 신탄진동 114-27,71.8,벽돌구조,단독주택,기타지붕,1977-11-15
대전광역시 대덕구 신탄진동 114-29,105.03,벽돌구조,단독주택,(철근)콘크리트,1978-12-28
대전광역시 대덕구 신탄진동 114-3,292.48,철근콘크리트구조,공동주택,(철근)콘크리트,1994-07-04
대전광역시 대덕구 신탄진동 114-30,76.55,벽돌구조,단독주택,(철근)콘크리트,1980-08-21
대전광역시 대덕구 신탄진동 114-31,79.12,벽돌구조,단독주택,(철근)콘크리트,1982-05-27
대전광역시 대덕구 신탄진동 114-32,79.12,벽돌구조,단독주택,(철근)콘크리트,1982-05-27
대전광역시 대덕구 신탄진동 114-33,81.0,벽돌구조,단독주택,(철근)콘크리트,1983-09-30
대전광역시 대덕구 신탄진동 114-34,66.7,벽돌구조,단독주택,(철근)콘크리트,1978-07-04
대전광역시 대덕구 신탄진동 114-35,360.08,철근콘크리트구조,공동주택,(철근)콘크리트,1992-07-14
대전광역시 대덕구 신탄진동 114-4,118.29,일반철골구조,제2종근린생활시설,기타지붕,2019-01-21
대전광역시 대덕구 신탄진동 114-5,127.26,벽돌구조,단독주택,(철근)콘크리트,1984-12-08
대전광역시 대덕구 신탄진동 114-6,83.64,벽돌구조,단독주택,(철근)콘크리트,
대전광역시 대덕구 신탄진동 114-9,89.45,벽돌구조,단독주택,(철근)콘크리트,1981-10-31
대전광역시 대덕구 신탄진동 116-1,289.2,철근콘크리트구조,제2종근린생활시설,(철근)콘크리트,2021-08-11
대전광역시 대덕구 신탄진동 116-11,97.34,일반철골구조,단독주택,기타지붕,2005-07-26
대전광역시 대덕구 신탄진동 116-12,51.3,철근콘크리트구조,단독주택,(철근)콘크리트,1992-06-25
대전광역시 대덕구 신탄진동 116-14,201.24,철근콘크리트구조,숙박시설,(철근)콘크리트,1990-02-27
대전광역시 대덕구 신탄진동 116-3,439.2875,철근콘크리트구조,제2종근린생활시설,기타지붕,2011-03-24
대전광역시 대덕구 신탄진동 116-7,320.56,일반철골구조,제2종근린생활시설,기타지붕,2008-07-08
대전광역시 대덕구 신탄진동 117-1,180.7,철근콘크리트구조,제2종근린생활시설,(철근)콘크리트,1979-07-07
대전광역시 대덕구 신탄진동 117-10,17.28,벽돌구조,단독주택,(철근)콘크리트,1988-01-05
대전광역시 대덕구 신탄진동 117-11,58.51,벽돌구조,단독주택,기와,1974-10-14
대전광역시 대덕구 신탄진동 117-12,91.72,벽돌구조,단독주택,(철근)콘크리트,1978-12-28
대전광역시 대덕구 신탄진동 117-15,64.21,벽돌구조,단독주택,(철근)콘크리트,1975-03-04
대전광역시 대덕구 신탄진동 117-17,120.08,벽돌구조,단독주택,(철근)콘크리트,1994-10-11
대전광역시 대덕구 신탄진동 117-18,53.89,벽돌구조,단독주택,기와,1976-06-15
대전광역시 대덕구 신탄진동 117-21,100.58,벽돌구조,단독주택,(철근)콘크리트,1994-07-09
대전광역시 대덕구 신탄진동 117-25,90.1,벽돌구조,단독주택,(철근)콘크리트,1982-09-22
대전광역시 대덕구 신탄진동 117-26,52.66,벽돌구조,단독주택,기와,1977-12-24
대전광역시 대덕구 신탄진동 117-27,98.25,벽돌구조,단독주택,(철근)콘크리트,1989-10-12
대전광역시 대덕구 신탄진동 117-28,166.65,철근콘크리트구조,단독주택,(철근)콘크리트,1981-06-13
대전광역시 대덕구 신탄진동 117-29,114.21,철근콘크리트구조,제2종근린생활시설,(철근)콘크리트,2022-09-28
대전광역시 대덕구 신탄진동 117-3,172.15,벽돌구조,단독주택,(철근)콘크리트,1975-08-22
대전광역시 대덕구 신탄진동 117-30,927.69,철근콘크리트구조,공동주택,(철근)콘크리트,2019-01-17
대전광역시 대덕구 신탄진동 117-33,88.1,벽돌구조,단독주택,기와,1976-07-06
대전광역시 대덕구 신탄진동 117-35,149.77,블록구조,제2종근린생활시설,(철근)콘크리트,1975-01-10
대전광역시 대덕구 신탄진동 117-36,86.45,벽돌구조,단독주택,슬레이트,1976-06-24
대전광역시 대덕구 신탄진동 117-4,122.36,벽돌구조,단독주택,(철근)콘크리트,1981-06-11
대전광역시 대덕구 신탄진동 117-42,71.07,벽돌구조,제2종근린생활시설,(철근)콘크리트,1977-07-25
대전광역시 대덕구 신탄진동 117-43,64.79,벽돌구조,단독주택,(철근)콘크리트,1977-09-16
대전광역시 대덕구 신탄진동 117-44,80.8,벽돌구조,단독주택,(철근)콘크리트,1977
대전광역시 대덕구 신탄진동 117-45,58.51,벽돌구조,단독주택,기와,1973
대전광역시 대덕구 신탄진동 117-47,52.66,벽돌구조,단독주택,(철근)콘크리트,1977-12-24
대전광역시 대덕구 신탄진동 117-50,68.79,벽돌구조,단독주택,(철근)콘크리트,1991-02-05
대전광역시 대덕구 신탄진동 117-51,73.32,벽돌구조,단독주택,기와,1974-10-30
대전광역시 대덕구 신탄진동 117-52,88.75,벽돌구조,단독주택,(철근)콘크리트,1992-10-20
대전광역시 대덕구 신탄진동 117-53,81.72,벽돌구조,단독주택,(철근)콘크리트,1982-11-03
대전광역시 대덕구 신탄진동 117-55,207.91,철근콘크리트구조,숙박시설,(철근)콘크리트,1995-05-13
대전광역시 대덕구 신탄진동 117-56,52.57,석구조,단독주택,기와,1964
대전광역시 대덕구 신탄진동 117-6,55.58,벽돌구조,단독주택,(철근)콘크리트,1976-03-04
대전광역시 대덕구 신탄진동 117-7,58.4,벽돌구조,단독주택,(철근)콘크리트,1977-05-19
대전광역시 대덕구 신탄진동 117-8,52.91,벽돌구조,단독주택,(철근)콘크리트,1976-03-04
대전광역시 대덕구 신탄진동 118-10,153.69,철근콘크리트구조,제2종근린생활시설,(철근)콘크리트,1985-07-20
대전광역시 대덕구 신탄진동 118-11,122.32,철근콘크리트구조,제2종근린생활시설,(철근)콘크리트,1988-09-23
대전광역시 대덕구 신탄진동 118-20,114.72,벽돌구조,제2종근린생활시설,(철근)콘크리트,1980-11-10
대전광역시 대덕구 신탄진동 118-24,204.34,철근콘크리트구조,단독주택,(철근)콘크리트,
대전광역시 대덕구 신탄진동 118-28,53.63,블록구조,단독주택,기와,1983-05-06
대전광역시 대덕구 신탄진동 118-3,85.44,철근콘크리트구조,제2종근린생활시설,(철근)콘크리트,1980-06-30
대전광역시 대덕구 신탄진동 118-32,129.87,철근콘크리트구조,숙박시설,(철근)콘크리트,1990-05-14
대전광역시 대덕구 신탄진동 118-33,265.86,철근콘크리트구조,제2종근린생활시설,(철근)콘크리트,2005-09-07
대전광역시 대덕구 신탄진동 118-4,207.22,벽돌구조,제2종근린생활시설,(철근)콘크리트,1976-06-01
대전광역시 대덕구 신탄진동 118-5,1054.97,철근콘크리트구조,제2종근린생활시설,(철근)콘크리트,1996-12-26
대전광역시 대덕구 신탄진동 119-11,0.0,블록구조,단독주택,기와,1967
대전광역시 대덕구 신탄진동 119-12,112.38,벽돌구조,단독주택,(철근)콘크리트,1983-03-28
대전광역시 대덕구 신탄진동 120-10,46.28,일반목구조,단독주택,기와,1935
대전광역시 대덕구 신탄진동 120-12,496.16,일반목구조,제2종근린생활시설,기타지붕,1952
대전광역시 대덕구 신탄진동 120-16,220.63,철근콘크리트구조,제2종근린생활시설,(철근)콘크리트,1990-10-16
대전광역시 대덕구 신탄진동 120-21,133.2,벽돌구조,제2종근린생활시설,(철근)콘크리트,1997-12-04
대전광역시 대덕구 신탄진동 120-23,175.5,철근콘크리트구조,제2종근린생활시설,(철근)콘크리트,1994-10-12
대전광역시 대덕구 신탄진동 120-24,66.73,벽돌구조,단독주택,(철근)콘크리트,1985-12-19
대전광역시 대덕구 신탄진동 120-26,84.36,벽돌구조,단독주택,(철근)콘크리트,1981-06-22
대전광역시 대덕구 신탄진동 120-29,46.28,일반목구조,단독주택,기와,1951
대전광역시 대덕구 신탄진동 120-3,130.85,벽돌구조,단독주택,(철근)콘크리트,1979-11-08
대전광역시 대덕구 신탄진동 120-34,82.92,벽돌구조,단독주택,(철근)콘크리트,1984-11-07
대전광역시 대덕구 신탄진동 120-36,57.0,벽돌구조,단독주택,(철근)콘크리트,1986-09-09
대전광역시 대덕구 신탄진동 120-37,73.51,벽돌구조,단독주택,(철근)콘크리트,1979-11-08
대전광역시 대덕구 신탄진동 120-4,64.56,철근콘크리트구조,위험물저장및처리시설,(철근)콘크리트,1994-03-28
대전광역시 대덕구 신탄진동 120-5,193.41,철근콘크리트구조,단독주택,(철근)콘크리트,1984-12-21
대전광역시 대덕구 신탄진동 120-6,195.01,철근콘크리트구조,제2종근린생활시설,(철근)콘크리트,1983-09-07
대전광역시 대덕구 신탄진동 120-8,130.12,벽돌구조,단독주택,(철근)콘크리트,1953
대전광역시 대덕구 신탄진동 120-9,87.94,일반목구조,단독주택,기와,1955
대전광역시 대덕구 신탄진동 121-1,135.36,철근콘크리트구조,제2종근린생활시설,(철근)콘크리트,1995-07-07
대전광역시 대덕구 신탄진동 121-13,187.68,기타조적구조,제2종근린생활시설,기타지붕,2023-05-03
대전광역시 대덕구 신탄진동 121-14,131.87,벽돌구조,숙박시설,(철근)콘크리트,1979-09-26
대전광역시 대덕구 신탄진동 121-15,445.04,철근콘크리트구조,숙박시설,(철근)콘크리트,2010-12-08
대전광역시 대덕구 신탄진동 121-16,231.25,철근콘크리트구조,숙박시설,(철근)콘크리트,1992-07-10
대전광역시 대덕구 신탄진동 121-18,160.56,철근콘크리트구조,숙박시설,(철근)콘크리트,1979-11-29
대전광역시 대덕구 신탄진동 121-19,115.24,철근콘크리트구조,숙박시설,(철근)콘크리트,1985-02-15
대전광역시 대덕구 신탄진동 121-21,99.88,벽돌구조,단독주택,기와,1975-07-12
대전광역시 대덕구 신탄진동 121-23,139.44,벽돌구조,단독주택,기와,1974-06-08
대전광역시 대덕구 신탄진동 121-25,96.51,벽돌구조,단독주택,(철근)콘크리트,1979-03-24
대전광역시 대덕구 신탄진동 121-26,120.66,철근콘크리트구조,제2종근린생활시설,(철근)콘크리트,1978-08-17
대전광역시 대덕구 신탄진동 121-30,186.36,벽돌구조,단독주택,(철근)콘크리트,1980-06-02
대전광역시 대덕구 신탄진동 121-37,157.07,철근콘크리트구조,숙박시설,(철근)콘크리트,1994-10-15
대전광역시 대덕구 신탄진동 121-38,163.853,철근콘크리트구조,숙박시설,(철근)콘크리트,1992-06-11
대전광역시 대덕구 신탄진동 121-5,257.14,블록구조,단독주택,기와,1960
대전광역시 대덕구 신탄진동 122-1,183.54,기타강구조,제2종근린생활시설,기와,2001-07-05
대전광역시 대덕구 신탄진동 122-11,73.36,벽돌구조,단독주택,(철근)콘크리트,1997-07-04
대전광역시 대덕구 신탄진동 122-12,84.55,벽돌구조,단독주택,(철근)콘크리트,1983-07-07
대전광역시 대덕구 신탄진동 122-13,193.91,철근콘크리트구조,단독주택,(철근)콘크리트,2015-11-09
대전광역시 대덕구 신탄진동 122-15,88.6,기타조적구조,단독주택,슬레이트,1956
대전광역시 대덕구 신탄진동 122-16,66.87,벽돌구조,단독주택,(철근)콘크리트,1993-09-11
대전광역시 대덕구 신탄진동 122-17,1210.6,철근콘크리트구조,단독주택,(철근)콘크리트,1978-11-21
대전광역시 대덕구 신탄진동 122-19,152.26,벽돌구조,단독주택,(철근)콘크리트,1984-07-12
대전광역시 대덕구 신탄진동 122-2,203.68,철근콘크리트구조,숙박시설,(철근)콘크리트,2000-12-15
대전광역시 대덕구 신탄진동 122-21,221.44,철근콘크리트구조,숙박시설,기타지붕,1995-07-05
대전광역시 대덕구 신탄진동 122-23,140.63,철근콘크리트구조,단독주택,(철근)콘크리트,2013-08-07
대전광역시 대덕구 신탄진동 122-24,89.03,벽돌구조,단독주택,(철근)콘크리트,1985-08-16
대전광역시 대덕구 신탄진동 122-25,90.74,철근콘크리트구조,단독주택,(철근)콘크리트,2001-09-07
대전광역시 대덕구 신탄진동 122-27,83.97,벽돌구조,단독주택,(철근)콘크리트,1984-12-07
대전광역시 대덕구 신탄진동 122-3,137.93,철근콘크리트구조,단독주택,(철근)콘크리트,2016-02-01
대전광역시 대덕구 신탄진동 122-30,80.23,블록구조,제2종근린생활시설,슬레이트,1960
대전광역시 대덕구 신탄진동 122-32,212.39,철근콘크리트구조,숙박시설,(철근)콘크리트,2016-01-12
대전광역시 대덕구 신탄진동 122-33,245.29,철근콘크리트구조,판매시설,(철근)콘크리트,1996-08-27
대전광역시 대덕구 신탄진동 122-40,202.74,철근콘크리트구조,단독주택,(철근)콘크리트,2015-09-24
대전광역시 대덕구 신탄진동 122-45,149.88,철근콘크리트구조,단독주택,(철근)콘크리트,2016-04-19
대전광역시 대덕구 신탄진동 122-47,91.64,철근콘크리트구조,단독주택,(철근)콘크리트,2016-03-14
대전광역시 대덕구 신탄진동 122-6,198.05,철근콘크리트구조,단독주택,(철근)콘크리트,2016-03-14
대전광역시 대덕구 신탄진동 122-8,70.91,벽돌구조,단독주택,(철근)콘크리트,1977-09-30
대전광역시 대덕구 신탄진동 123-1,135.67,철근콘크리트구조,제2종근린생활시설,(철근)콘크리트,1977-09-22
대전광역시 대덕구 신탄진동 123-12,70.53,벽돌구조,단독주택,(철근)콘크리트,1981-05-29
대전광역시 대덕구 신탄진동 123-14,61.71,벽돌구조,단독주택,(철근)콘크리트,2002-07-08
대전광역시 대덕구 신탄진동 123-15,107.41,벽돌구조,단독주택,(철근)콘크리트,1989-10-25
대전광역시 대덕구 신탄진동 123-16,83.26,벽돌구조,단독주택,(철근)콘크리트,1995-11-22
대전광역시 대덕구 신탄진동 123-17,61.42,벽돌구조,단독주택,(철근)콘크리트,1991-07-15
대전광역시 대덕구 신탄진동 123-18,83.32,벽돌구조,단독주택,(철근)콘크리트,1986-10-25
대전광역시 대덕구 신탄진동 123-19,81.46,벽돌구조,단독주택,(철근)콘크리트,1984-04-10
대전광역시 대덕구 신탄진동 123-2,64.62,벽돌구조,단독주택,(철근)콘크리트,1977-12-27
대전광역시 대덕구 신탄진동 123-20,187.72,벽돌구조,단독주택,(철근)콘크리트,1990-03-02
대전광역시 대덕구 신탄진동 123-21,98.84,일반목구조,단독주택,기와,1950
대전광역시 대덕구 신탄진동 123-24,50.77,블록구조,단독주택,기와,1982-09-06
대전광역시 대덕구 신탄진동 123-26,80.33,벽돌구조,단독주택,(철근)콘크리트,1982-12-09
대전광역시 대덕구 신탄진동 123-27,98.56,벽돌구조,단독주택,기와,1975-01-13
대전광역시 대덕구 신탄진동 123-30,85.5,벽돌구조,단독주택,(철근)콘크리트,1983-09-19
대전광역시 대덕구 신탄진동 123-31,56.2,기타조적구조,단독주택,기와,1956
대전광역시 대덕구 신탄진동 123-32,52.89,기타조적구조,단독주택,기와,1960
대전광역시 대덕구 신탄진동 123-34,42.98,석구조,단독주택,기와,1960
대전광역시 대덕구 신탄진동 123-36,117.63,벽돌구조,단독주택,(철근)콘크리트,1990-10-30
대전광역시 대덕구 신탄진동 123-38,36.36,일반목구조,단독주택,기와,1960
대전광역시 대덕구 신탄진동 123-39,65.71,벽돌구조,단독주택,(철근)콘크리트,1984-12-28
대전광역시 대덕구 신탄진동 123-40,116.6,철근콘크리트구조,제2종근린생활시설,(철근)콘크리트,2009-05-29
대전광역시 대덕구 신탄진동 123-41,109.09,벽돌구조,단독주택,(철근)콘크리트,1991-08-17
대전광역시 대덕구 신탄진동 123-42,64.595,벽돌구조,단독주택,(철근)콘크리트,1982-09-20
대전광역시 대덕구 신탄진동 123-43,83.33,벽돌구조,단독주택,(철근)콘크리트,1988-01-14
대전광역시 대덕구 신탄진동 123-44,89.18,벽돌구조,단독주택,(철근)콘크리트,1990-10-30
대전광역시 대덕구 신탄진동 123-47,174.36,철근콘크리트구조,업무시설,(철근)콘크리트,2002-07-16
대전광역시 대덕구 신탄진동 123-48,72.93,벽돌구조,단독주택,(철근)콘크리트,1993-07-28
대전광역시 대덕구 신탄진동 123-49,52.9,일반목구조,단독주택,기와,1961
대전광역시 대덕구 신탄진동 123-5,86.61,기타조적구조,단독주택,기와,1934
대전광역시 대덕구 신탄진동 123-56,65.8,벽돌구조,단독주택,기와,1939
대전광역시 대덕구 신탄진동 123-58,115.56,철근콘크리트구조,제2종근린생활시설,(철근)콘크리트,1993-08-10
대전광역시 대덕구 신탄진동 123-6,118.39,철근콘크리트구조,제2종근린생활시설,(철근)콘크리트,1977-10-27
대전광역시 대덕구 신탄진동 123-66,61.83,블록구조,단독주택,기와,1974-03-15
대전광역시 대덕구 신탄진동 123-8,188.43,블록구조,단독주택,기와,1950
대전광역시 대덕구 신탄진동 124-10,68.72,벽돌구조,단독주택,(철근)콘크리트,1980-03-28
대전광역시 대덕구 신탄진동 124-12,61.04,벽돌구조,단독주택,(철근)콘크리트,1978-10-28
대전광역시 대덕구 신탄진동 124-14,66.95,벽돌구조,단독주택,기와,1976-04-05
대전광역시 대덕구 신탄진동 124-16,75.04,벽돌구조,단독주택,슬레이트,1975-06-21
대전광역시 대덕구 신탄진동 124-17,93.2,벽돌구조,단독주택,(철근)콘크리트,1988-08-25
대전광역시 대덕구 신탄진동 124-18,84.42,벽돌구조,단독주택,(철근)콘크리트,1982-12-30
대전광역시 대덕구 신탄진동 124-2,131.68,철근콘크리트구조,제2종근린생활시설,(철근)콘크리트,1991-10-21
대전광역시 대덕구 신탄진동 124-20,78.76,벽돌구조,단독주택,(철근)콘크리트,1982-12-30
대전광역시 대덕구 신탄진동 124-23,111.9,벽돌구조,단독주택,(철근)콘크리트,1989-10-14
대전광역시 대덕구 신탄진동 124-25,112.95,벽돌구조,단독주택,(철근)콘크리트,1989-06-30
대전광역시 대덕구 신탄진동 124-27,256.52,벽돌구조,공동주택,(철근)콘크리트,1991-09-17
대전광역시 대덕구 신탄진동 124-29,254.48,철근콘크리트구조,공동주택,(철근)콘크리트,1991-09-17
대전광역시 대덕구 신탄진동 124-4,85.45,벽돌구조,단독주택,(철근)콘크리트,1979-10-17
대전광역시 대덕구 신탄진동 124-8,110.86,벽돌구조,단독주택,(철근)콘크리트,1989-07-20
대전광역시 대덕구 신탄진동 124-9,70.0,경량철골구조,제2종근린생활시설,기타지붕,2009-09-10
대전광역시 대덕구 신탄진동 126-1,198.5,철근콘크리트구조,제2종근린생활시설,(철근)콘크리트,1995-04-10
대전광역시 대덕구 신탄진동 126-10,218.38,철근콘크리트구조,단독주택,(철근)콘크리트,2011-12-08
대전광역시 대덕구 신탄진동 126-13,86.61,철근콘크리트구조,단독주택,(철근)콘크리트,2005-01-06
대전광역시 대덕구 신탄진동 126-19,0.0,벽돌구조,단독주택,(철근)콘크리트,1991-02-20
대전광역시 대덕구 신탄진동 126-2,52.71,블록구조,단독주택,슬레이트,1981-04-27
대전광역시 대덕구 신탄진동 126-20,52.89,벽돌구조,단독주택,기와,1958
대전광역시 대덕구 신탄진동 126-21,126.85,철근콘크리트구조,제2종근린생활시설,(철근)콘크리트,2013-11-06
대전광역시 대덕구 신탄진동 126-22,0.0,벽돌구조,단독주택,(철근)콘크리트,1978-06-23
대전광역시 대덕구 신탄진동 126-24,122.58,벽돌구조,단독주택,기타지붕,1986-08-25
대전광역시 대덕구 신탄진동 126-25,79.67,벽돌구조,단독주택,(철근)콘크리트,1984-07-27
대전광역시 대덕구 신탄진동 126-27,85.38,벽돌구조,단독주택,(철근)콘크리트,1984-10-23
대전광역시 대덕구 신탄진동 126-28,0.0,벽돌구조,단독주택,(철근)콘크리트,1984-07-24
대전광역시 대덕구 신탄진동 126-29,135.74,철근콘크리트구조,제2종근린생활시설,(철근)콘크리트,2022-11-16
대전광역시 대덕구 신탄진동 126-3,0.0,벽돌구조,단독주택,(철근)콘크리트,1977
대전광역시 대덕구 신탄진동 126-31,119.23,벽돌구조,제2종근린생활시설,(철근)콘크리트,1993-08-18
대전광역시 대덕구 신탄진동 126-32,83.04,벽돌구조,단독주택,(철근)콘크리트,1984-10-08
대전광역시 대덕구 신탄진동 126-33,0.0,벽돌구조,단독주택,(철근)콘크리트,1984-10-29
대전광역시 대덕구 신탄진동 126-34,116.395,벽돌구조,단독주택,(철근)콘크리트,1984-11-08
대전광역시 대덕구 신탄진동 126-35,0.0,벽돌구조,단독주택,(철근)콘크리트,1986-08-29
대전광역시 대덕구 신탄진동 126-37,67.62,일반철골구조,제2종근린생활시설,기타지붕,2018-08-27
대전광역시 대덕구 신탄진동 126-38,0.0,벽돌구조,단독주택,(철근)콘크리트,1984-09-11
대전광역시 대덕구 신탄진동 126-39,64.27,벽돌구조,단독주택,(철근)콘크리트,1986-08-29
대전광역시 대덕구 신탄진동 126-4,0.0,벽돌구조,단독주택,(철근)콘크리트,1987-05-11
대전광역시 대덕구 신탄진동 126-41,43.75,블록구조,단독주택,기와,1976-01-13
대전광역시 대덕구 신탄진동 126-5,121.02,벽돌구조,단독주택,(철근)콘크리트,1976-09-07
대전광역시 대덕구 신탄진동 126-6,91.42,철근콘크리트구조,제2종근린생활시설,(철근)콘크리트,2016-09-13
대전광역시 대덕구 신탄진동 126-9,84.18,벽돌구조,단독주택,(철근)콘크리트,1984-11-20
대전광역시 대덕구 신탄진동 127-1,70.76,벽돌구조,단독주택,(철근)콘크리트,1982-12-24
대전광역시 대덕구 신탄진동 127-10,60.26,벽돌구조,단독주택,(철근)콘크리트,1979
대전광역시 대덕구 신탄진동 127-11,0.0,벽돌구조,단독주택,(철근)콘크리트,1986-11-19
대전광역시 대덕구 신탄진동 127-12,114.15,벽돌구조,단독주택,(철근)콘크리트,1992-05-29
대전광역시 대덕구 신탄진동 127-16,54.54,벽돌구조,단독주택,기와,1977-07-19
대전광역시 대덕구 신탄진동 127-17,99.915,철근콘크리트구조,제2종근린생활시설,(철근)콘크리트,1992-11-02
대전광역시 대덕구 신탄진동 127-18,52.21,벽돌구조,단독주택,슬레이트,1976-01-13
대전광역시 대덕구 신탄진동 127-2,187.1,철근콘크리트구조,단독주택,(철근)콘크리트,2015-10-12
대전광역시 대덕구 신탄진동 127-20,89.69,벽돌구조,단독주택,(철근)콘크리트,1980-10-18
대전광역시 대덕구 신탄진동 127-21,77.03,벽돌구조,단독주택,(철근)콘크리트,1982-10-30
대전광역시 대덕구 신탄진동 127-23,84.84,벽돌구조,단독주택,(철근)콘크리트,1989-08-02
대전광역시 대덕구 신탄진동 127-25,52.17,기타조적구조,단독주택,슬레이트,1961
대전광역시 대덕구 신탄진동 127-27,74.925,철근콘크리트구조,제2종근린생활시설,(철근)콘크리트,1994-11-22
대전광역시 대덕구 신탄진동 127-28,108.04,철근콘크리트구조,제2종근린생활시설,(철근)콘크리트,1994-12-22
대전광역시 대덕구 신탄진동 127-3,2.88,벽돌구조,단독주택,(철근)콘크리트,1986-06-17
대전광역시 대덕구 신탄진동 127-32,85.865,벽돌구조,단독주택,기타지붕,1984-10-26
대전광역시 대덕구 신탄진동 127-34,205.92,벽돌구조,공동주택,(철근)콘크리트,1989-09-27
대전광역시 대덕구 신탄진동 127-4,410.4,벽돌구조,공동주택,(철근)콘크리트,1989-12-12
대전광역시 대덕구 신탄진동 127-40,101.35,벽돌구조,단독주택,기와,1977-07-19
대전광역시 대덕구 신탄진동 127-6,83.46,벽돌구조,단독주택,(철근)콘크리트,1984-09-15
대전광역시 대덕구 신탄진동 127-8,62.41,벽돌구조,단독주택,기와,1976-07-05
대전광역시 대덕구 신탄진동 127-9,36.36,블록구조,단독주택,기와,1965
대전광역시 대덕구 신탄진동 128-1,122.43,철근콘크리트구조,단독주택,(철근)콘크리트,2015-07-16
대전광역시 대덕구 신탄진동 128-10,81.94,벽돌구조,단독주택,(철근)콘크리트,1980-12-12
대전광역시 대덕구 신탄진동 128-12,325.96,철근콘크리트구조,공동주택,(철근)콘크리트,1993-06-26
대전광역시 대덕구 신탄진동 128-13,82.35,벽돌구조,단독주택,(철근)콘크리트,1978-02-03
대전광역시 대덕구 신탄진동 128-14,102.96,벽돌구조,단독주택,(철근)콘크리트,1979-09-08
대전광역시 대덕구 신탄진동 128-16,90.67,벽돌구조,단독주택,(철근)콘크리트,1984-07-20
대전광역시 대덕구 신탄진동 128-17,105.76,철근콘크리트구조,제2종근린생활시설,기타지붕,1991-12-18
대전광역시 대덕구 신탄진동 128-18,86.41,벽돌구조,단독주택,(철근)콘크리트,1990-01-08
대전광역시 대덕구 신탄진동 128-19,168.3,경량철골구조,제2종근린생활시설,기타지붕,1992-07-31
대전광역시 대덕구 신탄진동 128-2,106.68,철근콘크리트구조,단독주택,(철근)콘크리트,2015-11-13
대전광역시 대덕구 신탄진동 128-20,106.2,벽돌구조,단독주택,(철근)콘크리트,1990-05-12
대전광역시 대덕구 신탄진동 128-21,55.96,블록구조,창고시설,기와,1983-08-26
대전광역시 대덕구 신탄진동 128-26,363.44,철근콘크리트구조,공동주택,(철근)콘크리트,2003-04-21
대전광역시 대덕구 신탄진동 128-27,116.61,철근콘크리트구조,단독주택,(철근)콘크리트,2015-11-17
대전광역시 대덕구 신탄진동 128-4,63.41,벽돌구조,단독주택,(철근)콘크리트,1979-11-24
대전광역시 대덕구 신탄진동 128-5,269.87,벽돌구조,단독주택,(철근)콘크리트,1979-11-24
대전광역시 대덕구 신탄진동 128-6,363.44,철근콘크리트구조,공동주택,(철근)콘크리트,2003-04-21
대전광역시 대덕구 신탄진동 128-7,82.35,벽돌구조,단독주택,(철근)콘크리트,1977-12-14
대전광역시 대덕구 신탄진동 128-8,86.82,벽돌구조,단독주택,(철근)콘크리트,1978-08-22
대전광역시 대덕구 신탄진동 128-9,89.92,벽돌구조,단독주택,(철근)콘크리트,1984-04-10
대전광역시 대덕구 신탄진동 129-1,477.12,철근콘크리트구조,공동주택,(철근)콘크리트,1991-08-24
대전광역시 대덕구 신탄진동 129-10,88.95,벽돌구조,단독주택,(철근)콘크리트,
대전광역시 대덕구 신탄진동 129-11,755.0,철근콘크리트구조,공동주택,(철근)콘크리트,2004-09-03
대전광역시 대덕구 신탄진동 129-12,184.04,철근콘크리트구조,노유자시설,(철근)콘크리트,2005-12-15
대전광역시 대덕구 신탄진동 129-13,151.88,철근콘크리트구조,단독주택,(철근)콘크리트,2004-08-23
대전광역시 대덕구 신탄진동 129-15,100.2,벽돌구조,단독주택,(철근)콘크리트,1983-02-04
대전광역시 대덕구 신탄진동 129-2,1355.2,철근콘크리트구조,공동주택,(철근)콘크리트,1990-09-20
대전광역시 대덕구 신탄진동 129-7,199.44,철근콘크리트구조,단독주택,(철근)콘크리트,2013-11-01
대전광역시 대덕구 신탄진동 129-8,755.0,철근콘크리트구조,공동주택,(철근)콘크리트,2004-05-24
대전광역시 대덕구 신탄진동 130-1,269.96,철근콘크리트구조,단독주택,(철근)콘크리트,2015-03-20
대전광역시 대덕구 신탄진동 130-11,82.21,벽돌구조,단독주택,(철근)콘크리트,1985-09-25
대전광역시 대덕구 신탄진동 130-12,145.11,철근콘크리트구조,단독주택,(철근)콘크리트,2002-08-26
대전광역시 대덕구 신탄진동 130-13,148.38,벽돌구조,단독주택,(철근)콘크리트,1979-11-28
대전광역시 대덕구 신탄진동 130-15,104.81,벽돌구조,단독주택,(철근)콘크리트,1993-07-23
대전광역시 대덕구 신탄진동 130-18,90.14,벽돌구조,단독주택,(철근)콘크리트,1987-08-11
대전광역시 대덕구 신탄진동 130-19,106.71,벽돌구조,단독주택,(철근)콘크리트,1985-05-21
대전광역시 대덕구 신탄진동 130-2,180.66,철근콘크리트구조,단독주택,(철근)콘크리트,2004-04-03
대전광역시 대덕구 신탄진동 130-20,84.82,벽돌구조,단독주택,(철근)콘크리트,1981-06-02
대전광역시 대덕구 신탄진동 130-23,76.17,벽돌구조,단독주택,(철근)콘크리트,1982-07-23
대전광역시 대덕구 신탄진동 130-24,76.84,벽돌구조,단독주택,(철근)콘크리트,1991-10-09
대전광역시 대덕구 신탄진동 130-27,65.98,벽돌구조,단독주택,(철근)콘크리트,1982-09-23
대전광역시 대덕구 신탄진동 130-28,75.96,벽돌구조,단독주택,(철근)콘크리트,1985-07-09
대전광역시 대덕구 신탄진동 130-3,108.19,벽돌구조,단독주택,(철근)콘크리트,1990-06-14
대전광역시 대덕구 신탄진동 130-30,82.41,벽돌구조,단독주택,(철근)콘크리트,1983-12-23
대전광역시 대덕구 신탄진동 130-31,74.51,벽돌구조,단독주택,(철근)콘크리트,1983-09-19
대전광역시 대덕구 신탄진동 130-32,89.41,벽돌구조,단독주택,(철근)콘크리트,1982-11-24
대전광역시 대덕구 신탄진동 130-5,39.62,벽돌구조,제2종근린생활시설,(철근)콘크리트,1980-06-17
대전광역시 대덕구 신탄진동 130-6,49.5,경량철골구조,자동차관련시설,기타지붕,1999-02-09
대전광역시 대덕구 신탄진동 130-9,102.13,경량철골구조,단독주택,기타지붕,1991-08-06
대전광역시 대덕구 신탄진동 131-1,275.9,철근콘크리트구조,단독주택,(철근)콘크리트,2022-09-23
대전광역시 대덕구 신탄진동 131-11,68.84,벽돌구조,단독주택,(철근)콘크리트,1982-12-16
대전광역시 대덕구 신탄진동 131-12,73.4,벽돌구조,단독주택,(철근)콘크리트,1979-07-30
대전광역시 대덕구 신탄진동 131-13,69.75,벽돌구조,단독주택,기타지붕,1980-06-18
대전광역시 대덕구 신탄진동 131-14,212.94,철근콘크리트구조,단독주택,(철근)콘크리트,2009-07-09
대전광역시 대덕구 신탄진동 131-15,107.56,벽돌구조,단독주택,(철근)콘크리트,1982-10-08
대전광역시 대덕구 신탄진동 131-16,66.24,벽돌구조,단독주택,기와,1977-09-20
대전광역시 대덕구 신탄진동 131-17,104.16,벽돌구조,단독주택,(철근)콘크리트,1981-01-14
대전광역시 대덕구 신탄진동 131-18,221.69,경량철골구조,제2종근린생활시설,(철근)콘크리트,2002-10-23
대전광역시 대덕구 신탄진동 131-19,75.21,벽돌구조,단독주택,(철근)콘크리트,1981-11-27
대전광역시 대덕구 신탄진동 131-2,90.09,경량철골구조,제2종근린생활시설,(철근)콘크리트,1989-08-07
대전광역시 대덕구 신탄진동 131-20,165.9,경량철골구조,창고시설,기타지붕,2005-04-15
대전광역시 대덕구 신탄진동 131-22,106.92,벽돌구조,단독주택,(철근)콘크리트,1977-06-16
대전광역시 대덕구 신탄진동 131-23,46.29,벽돌구조,단독주택,기와,1977-02-22
대전광역시 대덕구 신탄진동 131-26,73.4,벽돌구조,단독주택,(철근)콘크리트,1979-07-30
대전광역시 대덕구 신탄진동 131-27,109.54,벽돌구조,단독주택,(철근)콘크리트,1996-06-25
대전광역시 대덕구 신탄진동 131-29,79.11,벽돌구조,단독주택,(철근)콘크리트,1984-08-31
대전광역시 대덕구 신탄진동 131-3,175.1,벽돌구조,단독주택,기타지붕,1988-12-17
대전광역시 대덕구 신탄진동 131-31,108.22,벽돌구조,단독주택,(철근)콘크리트,1991-05-13
대전광역시 대덕구 신탄진동 131-32,75.19,벽돌구조,단독주택,(철근)콘크리트,1981-11-27
대전광역시 대덕구 신탄진동 131-33,71.7,벽돌구조,단독주택,(철근)콘크리트,1984-08-25
대전광역시 대덕구 신탄진동 131-34,79.11,벽돌구조,단독주택,(철근)콘크리트,1984-08-18
대전광역시 대덕구 신탄진동 131-35,85.11,벽돌구조,단독주택,(철근)콘크리트,1989-10-18
대전광역시 대덕구 신탄진동 131-5,261.36,벽돌구조,공동주택,(철근)콘크리트,1989-07-25
대전광역시 대덕구 신탄진동 131-6,500.78000000000003,철근콘크리트구조,공동주택,(철근)콘크리트,1999-11-30
대전광역시 대덕구 신탄진동 131-7,71.94,벽돌구조,단독주택,(철근)콘크리트,1980-10-29
대전광역시 대덕구 신탄진동 131-8,92.4,벽돌구조,단독주택,(철근)콘크리트,1982-11-03
대전광역시 대덕구 신탄진동 131-9,106.94,철근콘크리트구조,단독주택,(철근)콘크리트,1986-11-28
대전광역시 대덕구 신탄진동 132-10,70.27,벽돌구조,단독주택,(철근)콘크리트,1980-01-28
대전광역시 대덕구 신탄진동 132-13,143.28,철근콘크리트구조,단독주택,(철근)콘크리트,2006-08-07
대전광역시 대덕구 신탄진동 132-17,91.03,벽돌구조,단독주택,(철근)콘크리트,1995-12-11
대전광역시 대덕구 신탄진동 132-2,208.76,기타조적구조,단독주택,기와,1955
대전광역시 대덕구 신탄진동 132-20,219.16,벽돌구조,공동주택,(철근)콘크리트,1989-05-10
대전광역시 대덕구 신탄진동 132-21,219.16,벽돌구조,공동주택,(철근)콘크리트,1989-05-10
대전광역시 대덕구 신탄진동 132-22,219.16,벽돌구조,공동주택,(철근)콘크리트,1989-07-28
대전광역시 대덕구 신탄진동 132-23,208.76,벽돌구조,공동주택,(철근)콘크리트,1989-11-23
대전광역시 대덕구 신탄진동 132-24,208.76,벽돌구조,공동주택,(철근)콘크리트,1989-11-23
대전광역시 대덕구 신탄진동 132-25,418.4,철근콘크리트구조,공동주택,(철근)콘크리트,1995-05-27
대전광역시 대덕구 신탄진동 132-27,69.03,벽돌구조,단독주택,(철근)콘크리트,1977
대전광역시 대덕구 신탄진동 132-28,40.0,경량철골구조,제2종근린생활시설,기타지붕,2021-06-04
대전광역시 대덕구 신탄진동 132-29,189.96,철근콘크리트구조,단독주택,(철근)콘크리트,2011-08-25
대전광역시 대덕구 신탄진동 132-3,219.16,벽돌구조,공동주택,(철근)콘크리트,1989-07-28
대전광역시 대덕구 신탄진동 132-4,107.85,벽돌구조,단독주택,기와,1976-10-22
대전광역시 대덕구 신탄진동 132-5,72.851,벽돌구조,단독주택,(철근)콘크리트,1979-08-13
대전광역시 대덕구 신탄진동 132-6,83.01,벽돌구조,단독주택,(철근)콘크리트,1980-06-04
대전광역시 대덕구 신탄진동 132-7,129.92,철근콘크리트구조,단독주택,(철근)콘크리트,2019-02-15
대전광역시 대덕구 신탄진동 132-8,381.0,철근콘크리트구조,공동주택,(철근)콘크리트,1987-06-15
대전광역시 대덕구 신탄진동 132-9,81.19,벽돌구조,단독주택,(철근)콘크리트,1979-08-13
대전광역시 대덕구 신탄진동 133-1,436.28,철근콘크리트구조,공동주택,(철근)콘크리트,1998-04-10
대전광역시 대덕구 신탄진동 133-12,68.51,벽돌구조,단독주택,(철근)콘크리트,1981-09-22
대전광역시 대덕구 신탄진동 133-13,68.52,벽돌구조,단독주택,(철근)콘크리트,1981-09-22
대전광역시 대덕구 신탄진동 133-14,68.52,벽돌구조,단독주택,(철근)콘크리트,1981-09-22
대전광역시 대덕구 신탄진동 133-15,79.23,벽돌구조,단독주택,(철근)콘크리트,1981-09-23
대전광역시 대덕구 신탄진동 133-19,380.88,벽돌구조,공동주택,(철근)콘크리트,1990-08-24
대전광역시 대덕구 신탄진동 133-2,100.48,철근콘크리트구조,단독주택,(철근)콘크리트,2004-05-28
대전광역시 대덕구 신탄진동 133-22,256.2,철근콘크리트구조,공동주택,(철근)콘크리트,1994-09-23
대전광역시 대덕구 신탄진동 133-23,387.84,철근콘크리트구조,교육연구시설,(철근)콘크리트,2009-08-07
대전광역시 대덕구 신탄진동 133-27,92.85,벽돌구조,단독주택,(철근)콘크리트,1988-10-05
대전광역시 대덕구 신탄진동 133-28,0.0,벽돌구조,단독주택,(철근)콘크리트,1990-09-27
대전광역시 대덕구 신탄진동 133-29,340.08,철근콘크리트구조,공동주택,(철근)콘크리트,1994-11-14
대전광역시 대덕구 신탄진동 133-3,367.4,철근콘크리트구조,공동주택,(철근)콘크리트,2003-04-18
대전광역시 대덕구 신탄진동 133-30,362.8,철근콘크리트구조,공동주택,(철근)콘크리트,2003-04-18
대전광역시 대덕구 신탄진동 133-5,193.62,철근콘크리트구조,단독주택,(철근)콘크리트,2003-04-01
대전광역시 대덕구 신탄진동 133-6,72.58,벽돌구조,단독주택,(철근)콘크리트,1981-09-23
대전광역시 대덕구 신탄진동 133-7,65.81,벽돌구조,단독주택,(철근)콘크리트,1980-09-18
대전광역시 대덕구 신탄진동 133-8,163.96,철근콘크리트구조,단독주택,(철근)콘크리트,2010-11-17
대전광역시 대덕구 신탄진동 134-1,393.5,벽돌구조,공동주택,(철근)콘크리트,1991-05-20
대전광역시 대덕구 신탄진동 134-10,61.36,벽돌구조,단독주택,(철근)콘크리트,1979-09-06
대전광역시 대덕구 신탄진동 134-11,59.7,벽돌구조,단독주택,(철근)콘크리트,1980-09-15
대전광역시 대덕구 신탄진동 134-12,61.36,벽돌구조,단독주택,(철근)콘크리트,1979-09-10
대전광역시 대덕구 신탄진동 134-13,62.84,벽돌구조,단독주택,(철근)콘크리트,1982-06-08
대전광역시 대덕구 신탄진동 134-15,79.56,철근콘크리트구조,단독주택,(철근)콘크리트,2007-08-20
대전광역시 대덕구 신탄진동 134-17,205.92,철근콘크리트구조,단독주택,(철근)콘크리트,1982-11-08
대전광역시 대덕구 신탄진동 134-2,70.74,벽돌구조,단독주택,기타지붕,2000-03-21
대전광역시 대덕구 신탄진동 134-20,127.0,철근콘크리트구조,단독주택,(철근)콘크리트,2012-05-21
대전광역시 대덕구 신탄진동 134-22,90.86,벽돌구조,단독주택,(철근)콘크리트,1989-07-25
대전광역시 대덕구 신탄진동 134-23,392.54,벽돌구조,공동주택,(철근)콘크리트,1991-05-20
대전광역시 대덕구 신탄진동 134-24,113.05,철근콘크리트구조,단독주택,(철근)콘크리트,2004-02-12
대전광역시 대덕구 신탄진동 134-25,72.48,벽돌구조,단독주택,기타지붕,2000-06-07
대전광역시 대덕구 신탄진동 134-26,111.96,벽돌구조,단독주택,(철근)콘크리트,1990-11-20
대전광역시 대덕구 신탄진동 134-27,124.59,철근콘크리트구조,단독주택,(철근)콘크리트,2002-12-24
대전광역시 대덕구 신탄진동 134-3,76.51,철근콘크리트구조,단독주택,(철근)콘크리트,2003-06-30
대전광역시 대덕구 신탄진동 134-4,420.48,철근콘크리트구조,제2종근린생활시설,(철근)콘크리트,1994-11-12
대전광역시 대덕구 신탄진동 134-7,65.07,벽돌구조,단독주택,(철근)콘크리트,1979-12-20
대전광역시 대덕구 신탄진동 134-8,155.47,철근콘크리트구조,단독주택,(철근)콘크리트,2002-12-17
대전광역시 대덕구 신탄진동 134-9,64.56,벽돌구조,단독주택,(철근)콘크리트,1979-09-22
대전광역시 대덕구 신탄진동 135-1,76.46,벽돌구조,단독주택,(철근)콘크리트,1989-06-24
대전광역시 대덕구 신탄진동 135-10,83.51,벽돌구조,단독주택,(철근)콘크리트,1980-04-23
대전광역시 대덕구 신탄진동 135-11,33.67,블록구조,단독주택,슬레이트,1981-06-05
대전광역시 대덕구 신탄진동 135-12,84.81,벽돌구조,단독주택,(철근)콘크리트,1991-06-03
대전광역시 대덕구 신탄진동 135-13,78.48,벽돌구조,단독주택,(철근)콘크리트,1984-08-11
대전광역시 대덕구 신탄진동 135-14,72.51,벽돌구조,단독주택,(철근)콘크리트,1981-07-11
대전광역시 대덕구 신탄진동 135-15,119.0,벽돌구조,단독주택,(철근)콘크리트,1982-11-24
대전광역시 대덕구 신탄진동 135-16,28.0,블록구조,단독주택,기와,1980-08-04
대전광역시 대덕구 신탄진동 135-17,0.0,벽돌구조,단독주택,(철근)콘크리트,1980-11-27
대전광역시 대덕구 신탄진동 135-18,64.92,벽돌구조,단독주택,기타지붕,1980-07-26
대전광역시 대덕구 신탄진동 135-19,81.258,벽돌구조,단독주택,(철근)콘크리트,1991-11-20
대전광역시 대덕구 신탄진동 135-2,62.49,벽돌구조,단독주택,(철근)콘크리트,1982-06-24
대전광역시 대덕구 신탄진동 135-20,127.46,철근콘크리트구조,단독주택,(철근)콘크리트,2004-12-01
대전광역시 대덕구 신탄진동 135-21,103.84,철근콘크리트구조,단독주택,(철근)콘크리트,2011-03-04
대전광역시 대덕구 신탄진동 135-22,0.0,철근콘크리트구조,단독주택,(철근)콘크리트,1990-12-31
대전광역시 대덕구 신탄진동 135-23,182.23,철근콘크리트구조,단독주택,(철근)콘크리트,2018-11-06
대전광역시 대덕구 신탄진동 135-24,189.91,철근콘크리트구조,단독주택,(철근)콘크리트,2021-09-07
대전광역시 대덕구 신탄진동 135-3,79.85,벽돌구조,단독주택,(철근)콘크리트,1986-05-21
대전광역시 대덕구 신탄진동 135-4,135.14,철근콘크리트구조,단독주택,(철근)콘크리트,2010-05-13
대전광역시 대덕구 신탄진동 135-5,0.0,경량철골구조,제2종근린생활시설,기타지붕,1992-12-08
대전광역시 대덕구 신탄진동 135-6,190.46,철근콘크리트구조,단독주택,(철근)콘크리트,2017-01-09
대전광역시 대덕구 신탄진동 135-8,70.68,벽돌구조,단독주택,(철근)콘크리트,1978-11-01
대전광역시 대덕구 신탄진동 135-9,355.43,일반철골구조,제2종근린생활시설,기타지붕,1997-12-10
대전광역시 대덕구 신탄진동 136-1,77.9,벽돌구조,단독주택,(철근)콘크리트,1982-09-29
대전광역시 대덕구 신탄진동 136-10,66.15,벽돌구조,단독주택,(철근)콘크리트,1980-12-08
대전광역시 대덕구 신탄진동 136-11,66.41,벽돌구조,단독주택,(철근)콘크리트,1981-03-10
대전광역시 대덕구 신탄진동 136-12,64.08,벽돌구조,단독주택,(철근)콘크리트,1981-03-10
대전광역시 대덕구 신탄진동 136-13,143.98,철근콘크리트구조,단독주택,(철근)콘크리트,2011-01-20
대전광역시 대덕구 신탄진동 136-15,225.3,철근콘크리트구조,노유자시설,(철근)콘크리트,2002-03-25
대전광역시 대덕구 신탄진동 136-16,97.95,철근콘크리트구조,단독주택,(철근)콘크리트,2004-07-12
대전광역시 대덕구 신탄진동 136-17,76.02,벽돌구조,단독주택,(철근)콘크리트,1982-11-13
대전광역시 대덕구 신탄진동 136-18,170.4,철근콘크리트구조,공동주택,(철근)콘크리트,1990-07-02
대전광역시 대덕구 신탄진동 136-19,77.66,벽돌구조,단독주택,(철근)콘크리트,1983-05-25
대전광역시 대덕구 신탄진동 136-2,86.48,철근콘크리트구조,단독주택,(철근)콘크리트,2003-10-13
대전광역시 대덕구 신탄진동 136-20,79.44,벽돌구조,단독주택,(철근)콘크리트,1988-06-27
대전광역시 대덕구 신탄진동 136-22,84.25,철근콘크리트구조,단독주택,(철근)콘크리트,2005-05-24
대전광역시 대덕구 신탄진동 136-23,73.85,벽돌구조,단독주택,(철근)콘크리트,1990-02-27
대전광역시 대덕구 신탄진동 136-24,80.62,벽돌구조,단독주택,기와,1993-07-16
대전광역시 대덕구 신탄진동 136-25,88.96,벽돌구조,단독주택,(철근)콘크리트,1993-11-30
대전광역시 대덕구 신탄진동 136-27,75.245,벽돌구조,단독주택,(철근)콘크리트,1988-10-11
대전광역시 대덕구 신탄진동 136-28,79.74,벽돌구조,단독주택,(철근)콘크리트,1985-12-17
대전광역시 대덕구 신탄진동 136-29,79.6,벽돌구조,단독주택,(철근)콘크리트,1989-12-20
대전광역시 대덕구 신탄진동 136-31,80.6,벽돌구조,단독주택,(철근)콘크리트,1989-09-27
대전광역시 대덕구 신탄진동 136-32,111.68,철근콘크리트구조,단독주택,(철근)콘크리트,2003-07-31
대전광역시 대덕구 신탄진동 136-33,90.61,벽돌구조,단독주택,(철근)콘크리트,1990-12-19
대전광역시 대덕구 신탄진동 136-34,112.24,철근콘크리트구조,단독주택,(철근)콘크리트,2015-09-17
대전광역시 대덕구 신탄진동 136-35,103.05,철근콘크리트구조,단독주택,(철근)콘크리트,2005-05-23
대전광역시 대덕구 신탄진동 136-36,160.2,철근콘크리트구조,공동주택,(철근)콘크리트,1990-07-02
대전광역시 대덕구 신탄진동 136-37,163.44,철근콘크리트구조,공동주택,(철근)콘크리트,1990-07-02
대전광역시 대덕구 신탄진동 136-4,63.15,벽돌구조,단독주택,(철근)콘크리트,1982-09-29
대전광역시 대덕구 신탄진동 136-5,63.36,벽돌구조,단독주택,(철근)콘크리트,1980-12-08
대전광역시 대덕구 신탄진동 136-6,63.96,벽돌구조,단독주택,(철근)콘크리트,1980-12-08
대전광역시 대덕구 신탄진동 136-7,113.66,벽돌구조,단독주택,기타지붕,1981-03-10
대전광역시 대덕구 신탄진동 136-8,66.76,벽돌구조,단독주택,(철근)콘크리트,1980-12-08
대전광역시 대덕구 신탄진동 136-9,65.01,벽돌구조,단독주택,(철근)콘크리트,1980-12-08
대전광역시 대덕구 신탄진동 137-1,137.45,벽돌구조,제2종근린생활시설,(철근)콘크리트,1976-07-20
대전광역시 대덕구 신탄진동 137-12,131.64,철근콘크리트구조,제2종근린생활시설,(철근)콘크리트,1980-07-07
대전광역시 대덕구 신탄진동 137-13,94.49,벽돌구조,단독주택,(철근)콘크리트,1984-09-07
대전광역시 대덕구 신탄진동 137-14,97.64,벽돌구조,단독주택,(철근)콘크리트,1985-07-20
대전광역시 대덕구 신탄진동 137-15,90.56,벽돌구조,단독주택,(철근)콘크리트,1985-07-18
대전광역시 대덕구 신탄진동 137-2,737.76,철근콘크리트구조,공동주택,(철근)콘크리트,2014-09-02
대전광역시 대덕구 신탄진동 137-20,85.29,벽돌구조,숙박시설,(철근)콘크리트,1991-02-18
대전광역시 대덕구 신탄진동 137-25,93.74,벽돌구조,단독주택,(철근)콘크리트,1997-01-21
대전광역시 대덕구 신탄진동 137-4,170.72,철근콘크리트구조,숙박시설,(철근)콘크리트,1997-08-26
대전광역시 대덕구 신탄진동 137-5,399.27,철근콘크리트구조,문화및집회시설,(철근)콘크리트,2022-05-06
대전광역시 대덕구 신탄진동 137-6,93.08,벽돌구조,단독주택,(철근)콘크리트,1993-05-18
대전광역시 대덕구 신탄진동 137-9,214.9,철근콘크리트구조,단독주택,(철근)콘크리트,1994-08-12
대전광역시 대덕구 신탄진동 138-1,119.38,철근콘크리트구조,위락시설,(철근)콘크리트,2003-05-30
대전광역시 대덕구 신탄진동 138-17,93.61,블록구조,단독주택,기와,1981-04-22
대전광역시 대덕구 신탄진동 138-19,130.69,벽돌구조,단독주택,슬레이트,1979-11-28
대전광역시 대덕구 신탄진동 138-2,195.16,철근콘크리트구조,공동주택,(철근)콘크리트,2007-12-12
대전광역시 대덕구 신탄진동 138-21,152.5,철근콘크리트구조,창고시설,(철근)콘크리트,1994-09-10
대전광역시 대덕구 신탄진동 138-22,319.78,철근콘크리트구조,공동주택,(철근)콘크리트,1992-10-20
대전광역시 대덕구 신탄진동 138-25,140.18,철근콘크리트구조,단독주택,(철근)콘크리트,2016-11-22
대전광역시 대덕구 신탄진동 138-27,356.04,철근콘크리트구조,공동주택,(철근)콘크리트,2007-12-12
대전광역시 대덕구 신탄진동 138-30,117.97,일반철골구조,제2종근린생활시설,기타지붕,2018-09-03
대전광역시 대덕구 신탄진동 138-6,489.66,철근콘크리트구조,공동주택,(철근)콘크리트,2007-11-16
대전광역시 대덕구 신탄진동 138-9,960.06,철근콘크리트구조,공동주택,(철근)콘크리트,2018-07-31
대전광역시 대덕구 신탄진동 139-1,205.42,철근콘크리트구조,단독주택,(철근)콘크리트,2007-08-21
대전광역시 대덕구 신탄진동 139-10,127.47,벽돌구조,단독주택,(철근)콘크리트,1976-07-11
대전광역시 대덕구 신탄진동 139-12,83.07,철근콘크리트구조,단독주택,(철근)콘크리트,1978-06-14
대전광역시 대덕구 신탄진동 139-17,125.82,철근콘크리트구조,제2종근린생활시설,(철근)콘크리트,1992-08-31
대전광역시 대덕구 신탄진동 139-2,187.2,철근콘크리트구조,숙박시설,(철근)콘크리트,1993-11-04
대전광역시 대덕구 신탄진동 139-20,198.08,철근콘크리트구조,숙박시설,(철근)콘크리트,1997-07-28
대전광역시 대덕구 신탄진동 139-21,266.4,철근콘크리트구조,숙박시설,(철근)콘크리트,2002-10-28
대전광역시 대덕구 신탄진동 139-22,219.35,철근콘크리트구조,숙박시설,(철근)콘크리트,2001-10-15
대전광역시 대덕구 신탄진동 139-23,207.2,철근콘크리트구조,제2종근린생활시설,(철근)콘크리트,1997-03-29
대전광역시 대덕구 신탄진동 139-24,243.96,철근콘크리트구조,제2종근린생활시설,(철근)콘크리트,2004-04-23
대전광역시 대덕구 신탄진동 139-25,142.79,철근콘크리트구조,단독주택,(철근)콘크리트,2018-12-04
대전광역시 대덕구 신탄진동 139-3,635.76,철근콘크리트구조,공동주택,(철근)콘크리트,2019-09-02
대전광역시 대덕구 신탄진동 139-4,68.01,벽돌구조,단독주택,(철근)콘크리트,1984-11-16
대전광역시 대덕구 신탄진동 139-5,81.86,벽돌구조,단독주택,(철근)콘크리트,1978-04-04
대전광역시 대덕구 신탄진동 139-6,1586.94,철근콘크리트구조,공동주택,(철근)콘크리트,1989-12-12
대전광역시 대덕구 신탄진동 139-7,175.29,철근콘크리트구조,단독주택,(철근)콘크리트,2023-01-17
대전광역시 대덕구 신탄진동 139-8,156.8,철근콘크리트구조,단독주택,(철근)콘크리트,2011-08-18
대전광역시 대덕구 신탄진동 139-9,142.94,철근콘크리트구조,단독주택,(철근)콘크리트,2015-06-12
대전광역시 대덕구 신탄진동 140-1,43.64,일반목구조,단독주택,기와,1950
대전광역시 대덕구 신탄진동 140-10,252.19,철근콘크리트구조,숙박시설,(철근)콘크리트,2004-01-06
대전광역시 대덕구 신탄진동 140-12,168.5,벽돌구조,숙박시설,(철근)콘크리트,1995-11-23
대전광역시 대덕구 신탄진동 140-14,174.33,철근콘크리트구조,숙박시설,(철근)콘크리트,1996-06-12
대전광역시 대덕구 신탄진동 140-18,167.4,철근콘크리트구조,단독주택,(철근)콘크리트,1987-11-10
대전광역시 대덕구 신탄진동 140-2,199.1,철근콘크리트구조,제2종근린생활시설,(철근)콘크리트,2016-09-29
대전광역시 대덕구 신탄진동 140-21,153.96,철근콘크리트구조,제2종근린생활시설,(철근)콘크리트,1984-04-03
대전광역시 대덕구 신탄진동 140-22,92.46,벽돌구조,제2종근린생활시설,(철근)콘크리트,1978-05-19
대전광역시 대덕구 신탄진동 140-23,65.25,벽돌구조,단독주택,(철근)콘크리트,1978-06-09
대전광역시 대덕구 신탄진동 140-25,327.49,철골철근콘크리트구조,자동차관련시설,(철근)콘크리트,2021-10-27
대전광역시 대덕구 신탄진동 140-26,183.52,철근콘크리트구조,제2종근린생활시설,(철근)콘크리트,1994-09-02
대전광역시 대덕구 신탄진동 140-27,253.05,철근콘크리트구조,숙박시설,(철근)콘크리트,1985-12-03
대전광역시 대덕구 신탄진동 140-29,245.52,철근콘크리트구조,제2종근린생활시설,(철근)콘크리트,1986-10-30
대전광역시 대덕구 신탄진동 140-5,166.87,벽돌구조,숙박시설,(철근)콘크리트,1984-04-11
대전광역시 대덕구 신탄진동 140-7,94.23,벽돌구조,단독주택,(철근)콘크리트,1999-09-20
대전광역시 대덕구 신탄진동 140-8,157.3,철근콘크리트구조,단독주택,(철근)콘크리트,2018-09-10
대전광역시 대덕구 신탄진동 140-9,164.4,철근콘크리트구조,숙박시설,(철근)콘크리트,2001-03-12
대전광역시 대덕구 신탄진동 141-1,196.97,철근콘크리트구조,위락시설,(철근)콘크리트,2001-12-14
대전광역시 대덕구 신탄진동 141-11,121.52,철근콘크리트구조,단독주택,(철근)콘크리트,2001-12-04
대전광역시 대덕구 신탄진동 141-12,688.52,철근콘크리트구조,공동주택,(철근)콘크리트,2024-01-08
대전광역시 대덕구 신탄진동 141-14,185.01,철근콘크리트구조,숙박시설,(철근)콘크리트,1992-01-17
대전광역시 대덕구 신탄진동 141-15,143.36,철근콘크리트구조,제2종근린생활시설,(철근)콘크리트,1992-04-04
대전광역시 대덕구 신탄진동 141-16,183.46,철근콘크리트구조,제2종근린생활시설,(철근)콘크리트,1995-12-15
대전광역시 대덕구 신탄진동 141-17,133.14,철근콘크리트구조,제2종근린생활시설,(철근)콘크리트,2000-04-10
대전광역시 대덕구 신탄진동 141-18,145.75,철근콘크리트구조,위락시설,(철근)콘크리트,2001-08-03
대전광역시 대덕구 신탄진동 141-19,228.46,일반철골구조,제2종근린생활시설,기타지붕,2019-09-10
대전광역시 대덕구 신탄진동 141-21,176.3,철근콘크리트구조,숙박시설,(철근)콘크리트,1995-09-28
대전광역시 대덕구 신탄진동 141-23,427.02,철근콘크리트구조,공동주택,(철근)콘크리트,2018-05-23
대전광역시 대덕구 신탄진동 141-28,3619.86,철근콘크리트구조,공동주택,(철근)콘크리트,2004-05-25
대전광역시 대덕구 신탄진동 141-33,176.72,철근콘크리트구조,위락시설,(철근)콘크리트,2001-12-14
대전광역시 대덕구 신탄진동 141-38,170.1,철근콘크리트구조,제2종근린생활시설,(철근)콘크리트,2016-04-29
대전광역시 대덕구 신탄진동 141-5,390.74,일반철골구조,숙박시설,(철근)콘크리트,2002-09-17
대전광역시 대덕구 신탄진동 141-7,225.54,철근콘크리트구조,숙박시설,(철근)콘크리트,2003-01-24
대전광역시 대덕구 신탄진동 141-8,129.36,철근콘크리트구조,단독주택,(철근)콘크리트,1981-10-14
대전광역시 대덕구 신탄진동 141-9,227.55,벽돌구조,제2종근린생활시설,(철근)콘크리트,1994-05-24
대전광역시 대덕구 신탄진동 142-10,149.52,철근콘크리트구조,제2종근린생활시설,(철근)콘크리트,2024-02-08
대전광역시 대덕구 신탄진동 142-12,91.08,일반목구조,단독주택,기와,1952
대전광역시 대덕구 신탄진동 142-16,171.43,철근콘크리트구조,단독주택,(철근)콘크리트,2022-12-14
대전광역시 대덕구 신탄진동 142-18,167.46,철근콘크리트구조,단독주택,(철근)콘크리트,2022-12-27
대전광역시 대덕구 신탄진동 142-19,117.91,철근콘크리트구조,제2종근린생활시설,(철근)콘크리트,1981-11-05
대전광역시 대덕구 신탄진동 142-20,125.39,철근콘크리트구조,제2종근린생활시설,(철근)콘크리트,2006-11-06
대전광역시 대덕구 신탄진동 142-22,85.975,블록구조,단독주택,슬레이트,1981-07-25
대전광역시 대덕구 신탄진동 142-28,418.5,철근콘크리트구조,숙박시설,(철근)콘크리트,2000-09-05
대전광역시 대덕구 신탄진동 142-29,160.4,철근콘크리트구조,단독주택,(철근)콘크리트,2018-04-02
대전광역시 대덕구 신탄진동 142-4,164.08,철근콘크리트구조,단독주택,(철근)콘크리트,2018-04-03
대전광역시 대덕구 신탄진동 142-5,0.0,철근콘크리트구조,단독주택,(철근)콘크리트,1980-07-04
대전광역시 대덕구 신탄진동 142-7,83.1,철근콘크리트구조,단독주택,(철근)콘크리트,1993-07-08
대전광역시 대덕구 신탄진동 142-9,3648.0,벽돌구조,공동주택,(철근)콘크리트,1980-12-15
대전광역시 대덕구 신탄진동 143-11,85.68,철근콘크리트구조,제2종근린생활시설,(철근)콘크리트,1989-04-10
대전광역시 대덕구 신탄진동 143-13,421.46,철근콘크리트구조,숙박시설,(철근)콘크리트,2003-01-18
대전광역시 대덕구 신탄진동 143-15,0.0,철근콘크리트구조,제2종근린생활시설,(철근)콘크리트,1985-09-23
대전광역시 대덕구 신탄진동 143-16,139.98,철근콘크리트구조,제2종근린생활시설,(철근)콘크리트,1980-04-11
대전광역시 대덕구 신탄진동 143-17,0.0,철근콘크리트구조,제2종근린생활시설,(철근)콘크리트,
대전광역시 대덕구 신탄진동 143-2,74.4,철근콘크리트구조,제2종근린생활시설,(철근)콘크리트,1979-11-07
대전광역시 대덕구 신탄진동 143-20,377.01,철골철근콘크리트구조,업무시설,(철근)콘크리트,2008-07-22
대전광역시 대덕구 신탄진동 143-25,135.76,벽돌구조,숙박시설,(철근)콘크리트,1991-12-13
대전광역시 대덕구 신탄진동 143-29,0.0,철근콘크리트구조,숙박시설,(철근)콘크리트,1979-09-26
대전광역시 대덕구 신탄진동 143-3,92.93,철근콘크리트구조,숙박시설,(철근)콘크리트,1958
대전광역시 대덕구 신탄진동 143-33,0.0,철근콘크리트구조,노유자시설,(철근)콘크리트,
대전광역시 대덕구 신탄진동 143-4,211.39,벽돌구조,제2종근린생활시설,(철근)콘크리트,
대전광역시 대덕구 신탄진동 143-6,121.76,철근콘크리트구조,숙박시설,(철근)콘크리트,1979-12-31
대전광역시 대덕구 신탄진동 143-7,160.43,철근콘크리트구조,숙박시설,(철근)콘크리트,1992-12-16
대전광역시 대덕구 신탄진동 143-8,106.18,철근콘크리트구조,위락시설,(철근)콘크리트,1983-11-15
대전광역시 대덕구 신탄진동 144-1,91.77,철근콘크리트구조,제2종근린생활시설,슬레이트,1979-06-12
대전광역시 대덕구 신탄진동 144-10,157.8,철근콘크리트구조,제2종근린생활시설,(철근)콘크리트,1990-01-31
대전광역시 대덕구 신탄진동 144-12,199.76,철근콘크리트구조,위락시설,(철근)콘크리트,1999-06-23
대전광역시 대덕구 신탄진동 144-14,136.61,철근콘크리트구조,제2종근린생활시설,(철근)콘크리트,1992-12-29
대전광역시 대덕구 신탄진동 144-18,0.0,철근콘크리트구조,제2종근린생활시설,(철근)콘크리트,1979-11-20
대전광역시 대덕구 신탄진동 144-2,0.0,철근콘크리트구조,제2종근린생활시설,(철근)콘크리트,1979-10-12
대전광역시 대덕구 신탄진동 144-24,281.3,철근콘크리트구조,제2종근린생활시설,(철근)콘크리트,1984-08-25
대전광역시 대덕구 신탄진동 144-25,75.84,철근콘크리트구조,단독주택,(철근)콘크리트,1983-11-09
대전광역시 대덕구 신탄진동 144-3,374.54,철근콘크리트구조,제2종근린생활시설,(철근)콘크리트,1981-03-23
대전광역시 대덕구 신탄진동 144-4,97.29,철근콘크리트구조,숙박시설,(철근)콘크리트,1979-12-22
대전광역시 대덕구 신탄진동 144-9,233.36,철근콘크리트구조,위락시설,(철근)콘크리트,1994-05-24
대전광역시 대덕구 신탄진동 145-1,216.31,철근콘크리트구조,운수시설,(철근)콘크리트,2019-10-28
대전광역시 대덕구 신탄진동 145-13,0.0,벽돌구조,단독주택,(철근)콘크리트,
대전광역시 대덕구 신탄진동 145-3,43.2,경량철골구조,제2종근린생활시설,(철근)콘크리트,2001-03-14
대전광역시 대덕구 신탄진동 145-6,49.44,철근콘크리트구조,단독주택,(철근)콘크리트,1979-11-29
대전광역시 대덕구 신탄진동 145-7,333.66,철근콘크리트구조,제2종근린생활시설,(철근)콘크리트,1998-02-13
대전광역시 대덕구 신탄진동 146,31.41,기타조적구조,단독주택,기와,1960
대전광역시 대덕구 신탄진동 147-3,150.69,철근콘크리트구조,제2종근린생활시설,(철근)콘크리트,1990-11-08
대전광역시 대덕구 신탄진동 147-5,103.36,기타조적구조,단독주택,기와,1977-03-15
대전광역시 대덕구 신탄진동 147-6,108.43,블록구조,공장,슬레이트,1962
대전광역시 대덕구 신탄진동 149-5,5217.56,경량철골구조,교육연구시설,기타지붕,2010-06-16
대전광역시 대덕구 신탄진동 150-11,1054.9624000000001,철근콘크리트구조,공동주택,(철근)콘크리트,2017-12-14
대전광역시 대덕구 신탄진동 150-14,2158.44,철근콘크리트구조,공동주택,(철근)콘크리트,1984-11-23
대전광역시 대덕구 신탄진동 150-2,97.8,경량철골구조,제2종근린생활시설,기타지붕,1997-08-19
대전광역시 대덕구 신탄진동 150-3,79.14,일반철골구조,제2종근린생활시설,기타지붕,2018-10-19
대전광역시 대덕구 신탄진동 150-5,230.59,철근콘크리트구조,노유자시설,(철근)콘크리트,1996-11-18
대전광역시 대덕구 신탄진동 150-9,1751.21,철근콘크리트구조,교육연구시설,(철근)콘크리트,2002-06-10
대전광역시 대덕구 신탄진동 152-1,0.0,벽돌구조,단독주택,(철근)콘크리트,1983-03-18
대전광역시 대덕구 신탄진동 152-12,211.54,철근콘크리트구조,위락시설,(철근)콘크리트,1980-04-09
대전광역시 대덕구 신탄진동 152-13,23.14,블록구조,단독주택,슬레이트,1942
대전광역시 대덕구 신탄진동 152-15,0.0,철근콘크리트구조,제2종근린생활시설,(철근)콘크리트,1999-07-05
대전광역시 대덕구 신탄진동 152-17,15.0,블록구조,제2종근린생활시설,슬레이트,1986-02-24
대전광역시 대덕구 신탄진동 152-18,228.84,철근콘크리트구조,단독주택,(철근)콘크리트,2023-03-24
대전광역시 대덕구 신탄진동 152-20,225.06,철근콘크리트구조,단독주택,(철근)콘크리트,2023-03-24
대전광역시 대덕구 신탄진동 152-3,323.3,벽돌구조,숙박시설,(철근)콘크리트,1979-10-13
대전광역시 대덕구 신탄진동 152-32,137.91,벽돌구조,위험물저장및처리시설,(철근)콘크리트,1992-12-04
대전광역시 대덕구 신탄진동 152-5,111.83,철근콘크리트구조,제2종근린생활시설,(철근)콘크리트,1983-12-12
대전광역시 대덕구 신탄진동 152-7,45.05,벽돌구조,제2종근린생활시설,(철근)콘크리트,1985-09-20
대전광역시 대덕구 신탄진동 153-1,489.2,철근콘크리트구조,숙박시설,(철근)콘크리트,2017-03-16
대전광역시 대덕구 신탄진동 153-11,801.68,철근콘크리트구조,공동주택,(철근)콘크리트,2023-01-13
대전광역시 대덕구 신탄진동 153-14,231.4,철근콘크리트구조,위락시설,(철근)콘크리트,2003-04-10
대전광역시 대덕구 신탄진동 153-15,132.53,철근콘크리트구조,단독주택,(철근)콘크리트,2015-12-07
대전광역시 대덕구 신탄진동 153-19,52.64,블록구조,단독주택,기와,1983-01-10
대전광역시 대덕구 신탄진동 153-20,687.37,철근콘크리트구조,종교시설,(철근)콘크리트,1989-11-21
대전광역시 대덕구 신탄진동 153-3,58.5,벽돌구조,단독주택,(철근)콘크리트,1980-02-26
대전광역시 대덕구 신탄진동 153-31,0.0,벽돌구조,제2종근린생활시설,(철근)콘크리트,1984-08-10
대전광역시 대덕구 신탄진동 153-37,274.61,철근콘크리트구조,제2종근린생활시설,(철근)콘크리트,2004-09-14
대전광역시 대덕구 신탄진동 153-4,0.0,벽돌구조,단독주택,(철근)콘크리트,1984-08-25
대전광역시 대덕구 신탄진동 153-5,133.53,벽돌구조,단독주택,(철근)콘크리트,1979-09-18
대전광역시 대덕구 신탄진동 154-1,225.12,철근콘크리트구조,제2종근린생활시설,(철근)콘크리트,1997-08-26
대전광역시 대덕구 신탄진동 154-11,83.33,벽돌구조,단독주택,(철근)콘크리트,1993-12-04
대전광역시 대덕구 신탄진동 154-12,0.0,기타조적구조,단독주택,기와,1983-01-17
대전광역시 대덕구 신탄진동 154-13,95.94,벽돌구조,단독주택,(철근)콘크리트,1992-06-12
대전광역시 대덕구 신탄진동 154-15,46.54,철근콘크리트구조,제2종근린생활시설,(철근)콘크리트,2002-06-24
대전광역시 대덕구 신탄진동 154-20,0.0,철근콘크리트구조,단독주택,(철근)콘크리트,1981-09-22
대전광역시 대덕구 신탄진동 154-21,146.26,철근콘크리트구조,단독주택,(철근)콘크리트,2020-11-25
대전광역시 대덕구 신탄진동 154-23,80.08,벽돌구조,단독주택,(철근)콘크리트,1984-08-31
대전광역시 대덕구 신탄진동 154-33,261.3,철근콘크리트구조,제2종근린생활시설,(철근)콘크리트,2004-10-05
대전광역시 대덕구 신탄진동 154-4,325.36,철근콘크리트구조,문화및집회시설,(철근)콘크리트,
대전광역시 대덕구 신탄진동 154-5,0.0,기타조적구조,제2종근린생활시설,기와,1985-04-27
대전광역시 대덕구 신탄진동 154-6,144.5,철근콘크리트구조,제2종근린생활시설,(철근)콘크리트,2006-09-25
대전광역시 대덕구 신탄진동 154-7,196.98,철근콘크리트구조,제2종근린생활시설,(철근)콘크리트,1994-10-07
대전광역시 대덕구 신탄진동 155-10,40.6,일반철골구조,제2종근린생활시설,기타지붕,2003-12-11
대전광역시 대덕구 신탄진동 155-12,0.0,벽돌구조,단독주택,(철근)콘크리트,1981-12-23
대전광역시 대덕구 신탄진동 155-13,176.4,철근콘크리트구조,단독주택,(철근)콘크리트,2011-10-28
대전광역시 대덕구 신탄진동 155-14,119.56,철근콘크리트구조,단독주택,(철근)콘크리트,2010-10-19
대전광역시 대덕구 신탄진동 155-15,170.0,경량철골구조,제2종근린생활시설,기타지붕,2010-01-21
대전광역시 대덕구 신탄진동 155-16,178.36,경량철골구조,제2종근린생활시설,기타지붕,2011-11-18
대전광역시 대덕구 신탄진동 155-18,138.32,경량철골구조,제2종근린생활시설,기타지붕,2012-05-17
대전광역시 대덕구 신탄진동 155-19,70.44,철근콘크리트구조,제2종근린생활시설,(철근)콘크리트,2009-12-02
대전광역시 대덕구 신탄진동 155-20,0.0,벽돌구조,단독주택,(철근)콘크리트,1978-12-20
대전광역시 대덕구 신탄진동 155-22,305.0,철근콘크리트구조,단독주택,(철근)콘크리트,2016-05-25
대전광역시 대덕구 신탄진동 155-23,84.7,벽돌구조,단독주택,(철근)콘크리트,1981-05-29
대전광역시 대덕구 신탄진동 155-24,0.0,벽돌구조,단독주택,(철근)콘크리트,1990-10-24
대전광역시 대덕구 신탄진동 155-25,80.92,벽돌구조,단독주택,(철근)콘크리트,1978
대전광역시 대덕구 신탄진동 155-26,82.77,철근콘크리트구조,단독주택,(철근)콘크리트,1994-08-16
대전광역시 대덕구 신탄진동 155-29,65.73,벽돌구조,단독주택,(철근)콘크리트,1982-07-23
대전광역시 대덕구 신탄진동 155-31,39.54,철근콘크리트구조,제2종근린생활시설,(철근)콘크리트,2001-07-30
대전광역시 대덕구 신탄진동 155-33,71.11,벽돌구조,제2종근린생활시설,(철근)콘크리트,1980-07-28
대전광역시 대덕구 신탄진동 155-35,0.0,벽돌구조,단독주택,(철근)콘크리트,1980-09-17
대전광역시 대덕구 신탄진동 155-36,74.77,블록구조,단독주택,기와,1983-12-22
대전광역시 대덕구 신탄진동 155-37,78.67,벽돌구조,단독주택,(철근)콘크리트,1986-11-06
대전광역시 대덕구 신탄진동 155-47,456.98,철근콘크리트구조,공동주택,(철근)콘크리트,2005-11-22
대전광역시 대덕구 신탄진동 155-5,75.185,벽돌구조,단독주택,(철근)콘크리트,1979-08-06
대전광역시 대덕구 신탄진동 155-6,280.39,철근콘크리트구조,제2종근린생활시설,(철근)콘크리트,1993-12-30
대전광역시 대덕구 신탄진동 156-10,169.9,철근콘크리트구조,단독주택,(철근)콘크리트,2017-04-14
대전광역시 대덕구 신탄진동 156-13,66.78,벽돌구조,단독주택,(철근)콘크리트,1979-07-05
대전광역시 대덕구 신탄진동 156-14,52.8,벽돌구조,단독주택,(철근)콘크리트,1977-03-30
대전광역시 대덕구 신탄진동 156-15,137.31,벽돌구조,단독주택,(철근)콘크리트,1995-04-27
대전광역시 대덕구 신탄진동 156-16,79.3,벽돌구조,단독주택,(철근)콘크리트,1983-07-12
대전광역시 대덕구 신탄진동 156-18,90.43,벽돌구조,단독주택,(철근)콘크리트,1991-01-22
대전광역시 대덕구 신탄진동 156-2,136.16,철근콘크리트구조,단독주택,(철근)콘크리트,2010-11-17
대전광역시 대덕구 신탄진동 156-21,0.0,벽돌구조,단독주택,(철근)콘크리트,1983-05-07
대전광역시 대덕구 신탄진동 156-22,97.39,벽돌구조,제2종근린생활시설,(철근)콘크리트,1984-08-09
대전광역시 대덕구 신탄진동 156-23,0.0,벽돌구조,단독주택,(철근)콘크리트,1984-08-08
대전광역시 대덕구 신탄진동 156-27,115.86,철근콘크리트구조,단독주택,(철근)콘크리트,2018-08-02
대전광역시 대덕구 신탄진동 156-30,0.0,벽돌구조,단독주택,(철근)콘크리트,1977-03-30
대전광역시 대덕구 신탄진동 156-31,46.54,벽돌구조,단독주택,(철근)콘크리트,1977-07-30
대전광역시 대덕구 신탄진동 156-33,176.8,일반철골구조,제2종근린생활시설,기타지붕,2003-12-24
대전광역시 대덕구 신탄진동 156-34,63.03,철근콘크리트구조,단독주택,(철근)콘크리트,1998-11-09
대전광역시 대덕구 신탄진동 156-35,195.48,경량철골구조,제2종근린생활시설,기타지붕,1995-12-01
대전광역시 대덕구 신탄진동 156-37,119.43,벽돌구조,단독주택,(철근)콘크리트,1996-01-03
대전광역시 대덕구 신탄진동 156-39,136.16,철근콘크리트구조,단독주택,(철근)콘크리트,2010-11-18
대전광역시 대덕구 신탄진동 156-4,0.0,블록구조,단독주택,(철근)콘크리트,1975-05-01
대전광역시 대덕구 신탄진동 156-5,25.92,경량철골구조,제2종근린생활시설,기타지붕,1993-05-03
대전광역시 대덕구 신탄진동 156-6,92.4,벽돌구조,단독주택,(철근)콘크리트,1991-01-22
대전광역시 대덕구 신탄진동 156-7,179.19,벽돌구조,제2종근린생활시설,(철근)콘크리트,1984-11-14
대전광역시 대덕구 신탄진동 156-8,171.94,철근콘크리트구조,단독주택,(철근)콘크리트,2020-03-06
대전광역시 대덕구 신탄진동 156-9,0.0,벽돌구조,단독주택,(철근)콘크리트,1975-05-01
대전광역시 대덕구 신탄진동 157-10,201.24,철근콘크리트구조,숙박시설,(철근)콘크리트,1998-05-11
대전광역시 대덕구 신탄진동 157-11,313.42,철근콘크리트구조,숙박시설,(철근)콘크리트,1989-08-10
대전광역시 대덕구 신탄진동 157-12,221.4,철근콘크리트구조,숙박시설,(철근)콘크리트,1996-12-23
대전광역시 대덕구 신탄진동 157-13,145.57,철근콘크리트구조,숙박시설,(철근)콘크리트,1994-05-28
대전광역시 대덕구 신탄진동 157-15,264.9,철근콘크리트구조,제2종근린생활시설,(철근)콘크리트,2017-01-20
대전광역시 대덕구 신탄진동 157-17,195.6,철근콘크리트구조,숙박시설,(철근)콘크리트,1997-07-28
대전광역시 대덕구 신탄진동 157-19,0.0,벽돌구조,단독주택,기타지붕,1996-01-29
대전광역시 대덕구 신탄진동 157-2,228.02,철근콘크리트구조,위락시설,(철근)콘크리트,1993-08-09
대전광역시 대덕구 신탄진동 157-20,0.0,벽돌구조,단독주택,기와,1976-06-26
대전광역시 대덕구 신탄진동 157-22,262.88,철근콘크리트구조,숙박시설,(철근)콘크리트,2009-02-26
대전광역시 대덕구 신탄진동 157-3,243.55,철근콘크리트구조,숙박시설,(철근)콘크리트,1997-06-24
대전광역시 대덕구 신탄진동 157-4,0.0,벽돌구조,단독주택,기와,1977-02-04
대전광역시 대덕구 신탄진동 157-5,196.28,철근콘크리트구조,숙박시설,(철근)콘크리트,1997-07-31
대전광역시 대덕구 신탄진동 157-6,382.73,철근콘크리트구조,판매시설,(철근)콘크리트,1996-01-29
대전광역시 대덕구 신탄진동 159-10,0.0,벽돌구조,단독주택,(철근)콘크리트,1983-10-31
대전광역시 대덕구 신탄진동 159-13,80.92,벽돌구조,단독주택,(철근)콘크리트,1994-12-05
대전광역시 대덕구 신탄진동 159-15,0.0,벽돌구조,단독주택,(철근)콘크리트,1983-12-02
대전광역시 대덕구 신탄진동 159-17,0.0,벽돌구조,단독주택,(철근)콘크리트,1984-05-04
대전광역시 대덕구 신탄진동 159-18,0.0,벽돌구조,단독주택,(철근)콘크리트,1986-05-03
대전광역시 대덕구 신탄진동 159-2,0.0,벽돌구조,단독주택,(철근)콘크리트,1988-12-08
대전광역시 대덕구 신탄진동 159-23,248.4,철근콘크리트구조,단독주택,(철근)콘크리트,2012-02-28
대전광역시 대덕구 신탄진동 159-24,0.0,벽돌구조,단독주택,(철근)콘크리트,1991-06-22
대전광역시 대덕구 신탄진동 159-25,275.51,철근콘크리트구조,제2종근린생활시설,(철근)콘크리트,1997-09-10
대전광역시 대덕구 신탄진동 159-26,0.0,벽돌구조,단독주택,(철근)콘크리트,1985-08-28
대전광역시 대덕구 신탄진동 159-27,108.84,철근콘크리트구조,단독주택,(철근)콘크리트,2004-09-16
대전광역시 대덕구 신탄진동 159-28,28.73,경량철골구조,창고시설,기타지붕,2013-10-07
대전광역시 대덕구 신탄진동 159-29,102.12,철근콘크리트구조,단독주택,(철근)콘크리트,2004-09-09
대전광역시 대덕구 신탄진동 159-5,280.0,경량철골구조,제2종근린생활시설,기타지붕,1997-06-30
대전광역시 대덕구 신탄진동 159-6,0.0,벽돌구조,단독주택,(철근)콘크리트,1984-03-21
대전광역시 대덕구 신탄진동 159-8,0.0,벽돌구조,제2종근린생활시설,(철근)콘크리트,1982-10-30
대전광역시 대덕구 신탄진동 159-9,0.0,벽돌구조,단독주택,(철근)콘크리트,1984-02-29
대전광역시 대덕구 신탄진동 16-2,1558.36,일반철골구조,제2종근린생활시설,(철근)콘크리트,2003-04-30
대전광역시 대덕구 신탄진동 160-1,80.38000000000001,철근콘크리트구조,단독주택,기타지붕,2004-11-03
대전광역시 대덕구 신탄진동 160-10,0.0,벽돌구조,단독주택,(철근)콘크리트,1980-08-18
대전광역시 대덕구 신탄진동 160-12,115.08,철근콘크리트구조,단독주택,(철근)콘크리트,2011-08-18
대전광역시 대덕구 신탄진동 160-15,207.25,철근콘크리트구조,창고시설,기타지붕,1997-01-18
대전광역시 대덕구 신탄진동 160-16,84.44,벽돌구조,단독주택,(철근)콘크리트,1985-09-06
대전광역시 대덕구 신탄진동 160-17,0.0,벽돌구조,단독주택,(철근)콘크리트,1990-07-20
대전광역시 대덕구 신탄진동 160-18,88.07,경량철골구조,단독주택,슬레이트,1997-07-15
대전광역시 대덕구 신탄진동 160-20,84.44,벽돌구조,단독주택,(철근)콘크리트,1991-10-09
대전광역시 대덕구 신탄진동 160-21,0.0,벽돌구조,단독주택,(철근)콘크리트,1985-12-11
대전광역시 대덕구 신탄진동 160-22,98.0,경량철골구조,제2종근린생활시설,기타지붕,2000-06-01
대전광역시 대덕구 신탄진동 160-24,92.65,벽돌구조,제2종근린생활시설,기타지붕,2003-11-25
대전광역시 대덕구 신탄진동 160-3,291.05,일반철골구조,제2종근린생활시설,(철근)콘크리트,2001-11-19
대전광역시 대덕구 신탄진동 160-5,658.88,철근콘크리트구조,공동주택,(철근)콘크리트,1997-07-22
대전광역시 대덕구 신탄진동 160-6,76.5,벽돌구조,단독주택,(철근)콘크리트,1977-04-09
대전광역시 대덕구 신탄진동 160-7,285.11,철근콘크리트구조,단독주택,(철근)콘크리트,2012-02-23
대전광역시 대덕구 신탄진동 160-9,86.9,철근콘크리트구조,단독주택,(철근)콘크리트,2003-09-09
대전광역시 대덕구 신탄진동 161-1,454.08,벽돌구조,공동주택,(철근)콘크리트,1980-11-25
대전광역시 대덕구 신탄진동 161-10,102.22,벽돌구조,단독주택,(철근)콘크리트,1991-09-03
대전광역시 대덕구 신탄진동 161-12,65.36,벽돌구조,단독주택,(철근)콘크리트,1980-05-09
대전광역시 대덕구 신탄진동 161-14,65.36,벽돌구조,단독주택,(철근)콘크리트,1980-01-09
대전광역시 대덕구 신탄진동 161-15,0.0,벽돌구조,단독주택,(철근)콘크리트,1983-08-11
대전광역시 대덕구 신탄진동 161-16,80.01,벽돌구조,단독주택,(철근)콘크리트,1984-08-22
대전광역시 대덕구 신탄진동 161-17,70.24,벽돌구조,단독주택,(철근)콘크리트,1983-06-11
대전광역시 대덕구 신탄진동 161-19,78.69,벽돌구조,단독주택,(철근)콘크리트,1983-11-15
대전광역시 대덕구 신탄진동 161-2,77.49,벽돌구조,단독주택,기와,1980-12-22
대전광역시 대덕구 신탄진동 161-21,129.32,벽돌구조,단독주택,(철근)콘크리트,1985-01-15
대전광역시 대덕구 신탄진동 161-22,62.49,벽돌구조,단독주택,(철근)콘크리트,1986-04-02
대전광역시 대덕구 신탄진동 161-23,97.99,벽돌구조,단독주택,(철근)콘크리트,1991-09-03
대전광역시 대덕구 신탄진동 161-3,76.93,벽돌구조,단독주택,(철근)콘크리트,1983-12-04
대전광역시 대덕구 신탄진동 161-4,299.67,철근콘크리트구조,단독주택,(철근)콘크리트,2022-06-24
대전광역시 대덕구 신탄진동 161-5,63.14,벽돌구조,단독주택,기와,1979-10-17
대전광역시 대덕구 신탄진동 161-8,280.33,철근콘크리트구조,단독주택,(철근)콘크리트,2011-12-23
대전광역시 대덕구 신탄진동 161-9,73.62,벽돌구조,단독주택,(철근)콘크리트,1985-11-27
대전광역시 대덕구 신탄진동 162-10,76.15,벽돌구조,단독주택,(철근)콘크리트,1982-11-10
대전광역시 대덕구 신탄진동 162-11,172.0,철근콘크리트구조,단독주택,(철근)콘크리트,2014-01-24
대전광역시 대덕구 신탄진동 162-12,884.4,철근콘크리트구조,공동주택,(철근)콘크리트,2003-12-22
대전광역시 대덕구 신탄진동 162-2,422.43,철근콘크리트구조,노유자시설,(철근)콘크리트,1993-12-03
대전광역시 대덕구 신탄진동 162-21,0.0,벽돌구조,단독주택,(철근)콘크리트,1983-04-23
대전광역시 대덕구 신탄진동 162-22,76.275,벽돌구조,단독주택,(철근)콘크리트,1982-11-10
대전광역시 대덕구 신탄진동 162-27,143.08,철근콘크리트구조,단독주택,(철근)콘크리트,2013-09-06
대전광역시 대덕구 신탄진동 162-3,82.4,벽돌구조,단독주택,(철근)콘크리트,1986-10-17
대전광역시 대덕구 신탄진동 162-4,369.0,철근콘크리트구조,공동주택,(철근)콘크리트,2004-03-30
대전광역시 대덕구 신탄진동 162-5,0.0,벽돌구조,단독주택,(철근)콘크리트,1979-04-24
대전광역시 대덕구 신탄진동 162-6,76.15,벽돌구조,단독주택,(철근)콘크리트,1982-11-10
대전광역시 대덕구 신탄진동 163-1,2314.88,철근콘크리트구조,공동주택,(철근)콘크리트,1980-11-03
대전광역시 대덕구 신탄진동 163-2,2966.33,철근콘크리트구조,교육연구시설,(철근)콘크리트,1997-07-29
대전광역시 대덕구 신탄진동 164-1,194.48,철근콘크리트구조,단독주택,(철근)콘크리트,2012-06-29
대전광역시 대덕구 신탄진동 164-12,194.48,철근콘크리트구조,단독주택,(철근)콘크리트,2012-08-08
대전광역시 대덕구 신탄진동 164-13,146.4,철근콘크리트구조,단독주택,(철근)콘크리트,2012-07-16
대전광역시 대덕구 신탄진동 164-14,255.2,철근콘크리트구조,단독주택,(철근)콘크리트,2012-07-25
대전광역시 대덕구 신탄진동 164-15,262.16,철근콘크리트구조,단독주택,(철근)콘크리트,2012-09-25
대전광역시 대덕구 신탄진동 165-1,175.48,철근콘크리트구조,단독주택,(철근)콘크리트,2010-03-24
대전광역시 대덕구 신탄진동 165-10,97.68,벽돌구조,단독주택,(철근)콘크리트,1984-07-05
대전광역시 대덕구 신탄진동 165-11,67.45,벽돌구조,단독주택,(철근)콘크리트,1989-10-05
대전광역시 대덕구 신탄진동 165-13,0.0,벽돌구조,단독주택,(철근)콘크리트,1985-05-15
대전광역시 대덕구 신탄진동 165-14,81.16,벽돌구조,단독주택,(철근)콘크리트,1984-09-06
대전광역시 대덕구 신탄진동 165-15,105.56,철근콘크리트구조,단독주택,(철근)콘크리트,2011-04-29
대전광역시 대덕구 신탄진동 165-16,0.0,벽돌구조,단독주택,(철근)콘크리트,1990-06-14
대전광역시 대덕구 신탄진동 165-17,89.64,벽돌구조,단독주택,(철근)콘크리트,1995-08-21
대전광역시 대덕구 신탄진동 165-18,0.0,벽돌구조,단독주택,(철근)콘크리트,1984-07-05
대전광역시 대덕구 신탄진동 165-19,84.85,벽돌구조,단독주택,(철근)콘크리트,1984-07-05
대전광역시 대덕구 신탄진동 165-2,98.08,벽돌구조,단독주택,(철근)콘크리트,2000-07-29
대전광역시 대덕구 신탄진동 165-20,0.0,벽돌구조,단독주택,(철근)콘크리트,1986-07-07
대전광역시 대덕구 신탄진동 165-23,204.84,벽돌구조,공동주택,(철근)콘크리트,1990-08-07
대전광역시 대덕구 신탄진동 165-25,118.78,철근콘크리트구조,단독주택,(철근)콘크리트,2010-04-16
대전광역시 대덕구 신탄진동 165-26,127.04,철근콘크리트구조,단독주택,(철근)콘크리트,2002-02-27
대전광역시 대덕구 신탄진동 165-27,112.38,철근콘크리트구조,단독주택,(철근)콘크리트,2009-08-20
대전광역시 대덕구 신탄진동 165-28,176.3,철근콘크리트구조,단독주택,(철근)콘크리트,2010-03-25
대전광역시 대덕구 신탄진동 165-3,89.65,벽돌구조,단독주택,(철근)콘크리트,1977-05-30
대전광역시 대덕구 신탄진동 165-4,1244.16,철근콘크리트구조,공동주택,(철근)콘크리트,1984-01-26
대전광역시 대덕구 신탄진동 165-5,204.84,벽돌구조,공동주택,(철근)콘크리트,1989-11-06
대전광역시 대덕구 신탄진동 165-7,136.14,철근콘크리트구조,단독주택,(철근)콘크리트,2003-10-31
대전광역시 대덕구 신탄진동 165-8,121.52,철근콘크리트구조,단독주택,(철근)콘크리트,2002-02-27
대전광역시 대덕구 신탄진동 165-9,108.57,경량철골구조,단독주택,기타지붕,2005-08-22
대전광역시 대덕구 신탄진동 166-1,346.98,철근콘크리트구조,공동주택,(철근)콘크리트,1993-12-13
대전광역시 대덕구 신탄진동 166-10,399.92,벽돌구조,공동주택,(철근)콘크리트,1991-05-24
대전광역시 대덕구 신탄진동 166-11,0.0,벽돌구조,단독주택,(철근)콘크리트,1979-03-15
대전광역시 대덕구 신탄진동 166-12,341.94,철근콘크리트구조,공동주택,(철근)콘크리트,1992-06-27
대전광역시 대덕구 신탄진동 166-14,399.92,벽돌구조,공동주택,(철근)콘크리트,1991-05-24
대전광역시 대덕구 신탄진동 166-19,86.21,벽돌구조,단독주택,(철근)콘크리트,1997-01-31
대전광역시 대덕구 신탄진동 166-20,88.69,벽돌구조,단독주택,(철근)콘크리트,1987-12-02
대전광역시 대덕구 신탄진동 166-21,0.0,벽돌구조,단독주택,(철근)콘크리트,1990-06-25
대전광역시 대덕구 신탄진동 166-25,65.48,벽돌구조,단독주택,(철근)콘크리트,1978-12-07
대전광역시 대덕구 신탄진동 166-28,343.3,철근콘크리트구조,공동주택,(철근)콘크리트,1991-06-03
대전광역시 대덕구 신탄진동 166-3,1735.5,철근콘크리트구조,공동주택,(철근)콘크리트,1992-09-04
대전광역시 대덕구 신탄진동 166-5,470.55,일반철골구조,공장,기타지붕,2004-05-25
대전광역시 대덕구 신탄진동 166-6,165.0,경량철골구조,창고시설,기타지붕,1995-06-21
대전광역시 대덕구 신탄진동 166-7,186.96,경량철골구조,단독주택,기타지붕,2004-07-22
대전광역시 대덕구 신탄진동 166-8,92.52,벽돌구조,단독주택,(철근)콘크리트,1995-10-20
대전광역시 대덕구 신탄진동 166-9,389.804,철근콘크리트구조,공동주택,(철근)콘크리트,1989-11-30
대전광역시 대덕구 신탄진동 167-1,0.0,블록구조,단독주택,슬레이트,1964
대전광역시 대덕구 신탄진동 167-11,61.36,벽돌구조,단독주택,(철근)콘크리트,1985-12-17
대전광역시 대덕구 신탄진동 167-12,0.0,벽돌구조,단독주택,(철근)콘크리트,1982-09-08
대전광역시 대덕구 신탄진동 167-14,79.33,벽돌구조,단독주택,(철근)콘크리트,1983-09-12
대전광역시 대덕구 신탄진동 167-15,37.26,벽돌구조,단독주택,기와,1973
대전광역시 대덕구 신탄진동 167-17,58.4,벽돌구조,단독주택,기와,1982-11-08
대전광역시 대덕구 신탄진동 167-19,72.3,벽돌구조,단독주택,(철근)콘크리트,1983-11-08
대전광역시 대덕구 신탄진동 167-2,79.78,벽돌구조,단독주택,(철근)콘크리트,1982-10-19
대전광역시 대덕구 신탄진동 167-20,87.38,벽돌구조,단독주택,(철근)콘크리트,1983-12-30
대전광역시 대덕구 신탄진동 167-21,75.96,벽돌구조,단독주택,(철근)콘크리트,1983-05-25
대전광역시 대덕구 신탄진동 167-22,77.85,벽돌구조,단독주택,(철근)콘크리트,1983-06-09
대전광역시 대덕구 신탄진동 167-23,0.0,벽돌구조,단독주택,(철근)콘크리트,1983-09-07
대전광역시 대덕구 신탄진동 167-24,77.85,벽돌구조,단독주택,(철근)콘크리트,1983-06-09
대전광역시 대덕구 신탄진동 167-27,206.16,벽돌구조,공동주택,(철근)콘크리트,1990-09-27
대전광역시 대덕구 신탄진동 167-28,0.0,벽돌구조,단독주택,(철근)콘크리트,1984-08-25
대전광역시 대덕구 신탄진동 167-29,81.53,벽돌구조,단독주택,(철근)콘크리트,1984-12-24
대전광역시 대덕구 신탄진동 167-31,111.45,벽돌구조,단독주택,기타지붕,2014-04-29
대전광역시 대덕구 신탄진동 167-32,0.0,벽돌구조,단독주택,(철근)콘크리트,1987-06-02
대전광역시 대덕구 신탄진동 167-34,80.6,벽돌구조,단독주택,(철근)콘크리트,1986-01-17
대전광역시 대덕구 신탄진동 167-35,96.57,철근콘크리트구조,단독주택,(철근)콘크리트,2012-07-17
대전광역시 대덕구 신탄진동 167-37,93.25,벽돌구조,단독주택,(철근)콘크리트,1991-06-19
대전광역시 대덕구 신탄진동 167-38,85.37,벽돌구조,단독주택,(철근)콘크리트,1997-12-31
대전광역시 대덕구 신탄진동 167-39,97.53,벽돌구조,단독주택,기와,1992-12-11
대전광역시 대덕구 신탄진동 167-4,96.38,벽돌구조,단독주택,(철근)콘크리트,1984-10-05
대전광역시 대덕구 신탄진동 167-5,69.75,경량철골구조,단독주택,기타지붕,2014-11-20
대전광역시 대덕구 신탄진동 167-6,102.51,벽돌구조,단독주택,기와,1994-11-07
대전광역시 대덕구 신탄진동 167-7,477.6,철근콘크리트구조,공동주택,(철근)콘크리트,1994-11-21
대전광역시 대덕구 신탄진동 167-8,89.37,벽돌구조,단독주택,(철근)콘크리트,1991-07-18
대전광역시 대덕구 신탄진동 168-1,463.48,블록구조,단독주택,기와,1983-01-13
대전광역시 대덕구 신탄진동 168-11,82.65,벽돌구조,단독주택,(철근)콘크리트,1983-06-13
대전광역시 대덕구 신탄진동 168-12,88.25,벽돌구조,단독주택,(철근)콘크리트,2000-06-13
대전광역시 대덕구 신탄진동 168-13,0.0,벽돌구조,단독주택,(철근)콘크리트,1984-12-27
대전광역시 대덕구 신탄진동 168-14,83.55,벽돌구조,단독주택,(철근)콘크리트,1989-07-15
대전광역시 대덕구 신탄진동 168-15,127.06,철근콘크리트구조,단독주택,(철근)콘크리트,2011-07-08
대전광역시 대덕구 신탄진동 168-16,123.5,철근콘크리트구조,단독주택,(철근)콘크리트,1991-09-20
대전광역시 대덕구 신탄진동 168-17,67.29,벽돌구조,단독주택,(철근)콘크리트,1991-04-02
대전광역시 대덕구 신탄진동 168-19,280.24,철근콘크리트구조,공동주택,(철근)콘크리트,1995-04-20
대전광역시 대덕구 신탄진동 168-2,131.67,철근콘크리트구조,단독주택,(철근)콘크리트,2011-12-29
대전광역시 대덕구 신탄진동 168-22,107.23,벽돌구조,단독주택,(철근)콘크리트,1984-07-27
대전광역시 대덕구 신탄진동 168-23,95.34,벽돌구조,단독주택,(철근)콘크리트,1989-05-16
대전광역시 대덕구 신탄진동 168-25,89.03,벽돌구조,단독주택,(철근)콘크리트,1984-01-26
대전광역시 대덕구 신탄진동 168-26,0.0,벽돌구조,단독주택,(철근)콘크리트,1984-02-01
대전광역시 대덕구 신탄진동 168-27,84.81,벽돌구조,단독주택,(철근)콘크리트,1984-03-08
대전광역시 대덕구 신탄진동 168-29,117.59,철근콘크리트구조,단독주택,(철근)콘크리트,2011-12-29
대전광역시 대덕구 신탄진동 168-3,419.4,철근콘크리트구조,공동주택,(철근)콘크리트,1990-01-31
대전광역시 대덕구 신탄진동 168-32,0.0,벽돌구조,단독주택,(철근)콘크리트,1991-02-11
대전광역시 대덕구 신탄진동 168-33,344.66,철근콘크리트구조,공동주택,(철근)콘크리트,1993-01-14
대전광역시 대덕구 신탄진동 168-34,117.6,벽돌구조,단독주택,(철근)콘크리트,1992-04-27
대전광역시 대덕구 신탄진동 168-35,116.88,벽돌구조,단독주택,(철근)콘크리트,1992-04-27
대전광역시 대덕구 신탄진동 168-36,72.952,벽돌구조,단독주택,(철근)콘크리트,1992-04-27
대전광역시 대덕구 신탄진동 168-38,0.0,벽돌구조,단독주택,(철근)콘크리트,1992-04-27
대전광역시 대덕구 신탄진동 168-4,103.03,벽돌구조,단독주택,(철근)콘크리트,1989-12-29
대전광역시 대덕구 신탄진동 168-5,84.81,벽돌구조,단독주택,(철근)콘크리트,1984-06-18
대전광역시 대덕구 신탄진동 168-6,226.6,철근콘크리트구조,단독주택,(철근)콘크리트,2012-08-27
대전광역시 대덕구 신탄진동 168-7,0.0,벽돌구조,단독주택,(철근)콘크리트,1984-12-04
대전광역시 대덕구 신탄진동 168-8,344.66,철근콘크리트구조,공동주택,(철근)콘크리트,1993-01-14
대전광역시 대덕구 신탄진동 169-1,67.2,철근콘크리트구조,단독주택,(철근)콘크리트,2014-07-17
대전광역시 대덕구 신탄진동 169-12,116.34,철근콘크리트구조,단독주택,(철근)콘크리트,2015-12-11
대전광역시 대덕구 신탄진동 169-13,144.85,철근콘크리트구조,단독주택,(철근)콘크리트,2015-11-03
대전광역시 대덕구 신탄진동 169-15,199.98,철근콘크리트구조,단독주택,(철근)콘크리트,2010-11-16
대전광역시 대덕구 신탄진동 169-16,82.12,기타조적구조,단독주택,슬레이트,1925
대전광역시 대덕구 신탄진동 169-17,76.77,벽돌구조,단독주택,(철근)콘크리트,1980-08-30
대전광역시 대덕구 신탄진동 169-18,522.56,철근콘크리트구조,공동주택,(철근)콘크리트,1991-10-11
대전광역시 대덕구 신탄진동 169-2,0.0,벽돌구조,단독주택,(철근)콘크리트,1983-12-28
대전광역시 대덕구 신탄진동 169-20,70.7,벽돌구조,단독주택,(철근)콘크리트,1990-10-13
대전광역시 대덕구 신탄진동 169-21,0.0,벽돌구조,단독주택,(철근)콘크리트,1990-10-13
대전광역시 대덕구 신탄진동 169-23,348.62,철근콘크리트구조,공동주택,(철근)콘크리트,2002-10-15
대전광역시 대덕구 신탄진동 169-24,103.28,벽돌구조,단독주택,(철근)콘크리트,1986-03-13
대전광역시 대덕구 신탄진동 169-25,147.06,철근콘크리트구조,제2종근린생활시설,(철근)콘크리트,1994-05-17
대전광역시 대덕구 신탄진동 169-29,207.1,철근콘크리트구조,단독주택,(철근)콘크리트,2016-02-24
대전광역시 대덕구 신탄진동 169-3,85.42,벽돌구조,단독주택,(철근)콘크리트,1981-01-26
대전광역시 대덕구 신탄진동 169-31,0.0,벽돌구조,단독주택,(철근)콘크리트,1990-10-13
대전광역시 대덕구 신탄진동 169-34,73.51,벽돌구조,단독주택,(철근)콘크리트,1990-10-16
대전광역시 대덕구 신탄진동 169-35,182.0,철근콘크리트구조,공동주택,(철근)콘크리트,1991-10-11
대전광역시 대덕구 신탄진동 169-36,522.56,철근콘크리트구조,공동주택,(철근)콘크리트,1991-10-11
대전광역시 대덕구 신탄진동 169-39,83.24,벽돌구조,단독주택,(철근)콘크리트,1993-12-31
대전광역시 대덕구 신탄진동 169-4,200.96,철근콘크리트구조,공동주택,(철근)콘크리트,1991-10-11
대전광역시 대덕구 신탄진동 169-40,84.17,벽돌구조,단독주택,(철근)콘크리트,1993-12-30
대전광역시 대덕구 신탄진동 169-41,83.4,벽돌구조,단독주택,(철근)콘크리트,1993-12-31
대전광역시 대덕구 신탄진동 169-42,81.32,벽돌구조,단독주택,(철근)콘크리트,1993-12-31
대전광역시 대덕구 신탄진동 169-43,85.48,벽돌구조,제2종근린생활시설,(철근)콘크리트,1994-02-04
대전광역시 대덕구 신탄진동 169-5,89.0,벽돌구조,단독주택,(철근)콘크리트,1976-12-17
대전광역시 대덕구 신탄진동 169-6,0.0,벽돌구조,단독주택,(철근)콘크리트,1982-05-06
대전광역시 대덕구 신탄진동 169-7,91.56,철근콘크리트구조,단독주택,(철근)콘크리트,1999-07-19
대전광역시 대덕구 신탄진동 17-1,125.68,철근콘크리트구조,단독주택,(철근)콘크리트,2005-09-01
대전광역시 대덕구 신탄진동 17-10,125.48,벽돌구조,단독주택,(철근)콘크리트,1995-02-09
대전광역시 대덕구 신탄진동 17-11,125.72,철근콘크리트구조,단독주택,(철근)콘크리트,1995-12-01
대전광역시 대덕구 신탄진동 17-12,126.9,철근콘크리트구조,단독주택,(철근)콘크리트,1994-06-20
대전광역시 대덕구 신탄진동 17-13,126.58,철근콘크리트구조,단독주택,(철근)콘크리트,1996-04-04
대전광역시 대덕구 신탄진동 17-14,125.32,철근콘크리트구조,단독주택,(철근)콘크리트,1995-11-17
대전광역시 대덕구 신탄진동 17-15,115.02,철근콘크리트구조,단독주택,(철근)콘크리트,1994-08-29
대전광역시 대덕구 신탄진동 17-16,125.535,철근콘크리트구조,단독주택,(철근)콘크리트,1994-01-11
대전광역시 대덕구 신탄진동 17-2,126.4,철근콘크리트구조,단독주택,(철근)콘크리트,1994-06-20
대전광역시 대덕구 신탄진동 17-3,126.12,철근콘크리트구조,단독주택,(철근)콘크리트,1996-12-30
대전광역시 대덕구 신탄진동 17-4,126.1,벽돌구조,단독주택,(철근)콘크리트,1996-05-14
대전광역시 대덕구 신탄진동 17-5,126.65,벽돌구조,단독주택,(철근)콘크리트,1995-10-28
대전광역시 대덕구 신탄진동 17-6,119.27,철근콘크리트구조,단독주택,(철근)콘크리트,1994-08-19
대전광역시 대덕구 신탄진동 17-7,126.65,철근콘크리트구조,단독주택,(철근)콘크리트,1995-07-07
대전광역시 대덕구 신탄진동 17-8,121.7,철근콘크리트구조,단독주택,(철근)콘크리트,1995-07-29
대전광역시 대덕구 신탄진동 17-9,125.24,철근콘크리트구조,단독주택,(철근)콘크리트,1994-04-02
대전광역시 대덕구 신탄진동 170-1,124.19,철근콘크리트구조,제2종근린생활시설,(철근)콘크리트,1995-11-07
대전광역시 대덕구 신탄진동 170-10,97.91,철근콘크리트구조,단독주택,(철근)콘크리트,2009-08-25
대전광역시 대덕구 신탄진동 170-11,277.7,철근콘크리트구조,단독주택,(철근)콘크리트,2010-10-19
대전광역시 대덕구 신탄진동 170-12,100.56,철근콘크리트구조,단독주택,(철근)콘크리트,2004-05-28
대전광역시 대덕구 신탄진동 170-14,211.76,벽돌구조,제2종근린생활시설,기타지붕,1981-07-20
대전광역시 대덕구 신탄진동 170-17,73.8,벽돌구조,단독주택,(철근)콘크리트,1982-02-02
대전광역시 대덕구 신탄진동 170-20,94.09,철근콘크리트구조,단독주택,(철근)콘크리트,2005-08-03
대전광역시 대덕구 신탄진동 170-22,106.07,벽돌구조,단독주택,(철근)콘크리트,1984-12-24
대전광역시 대덕구 신탄진동 170-23,97.79,벽돌구조,단독주택,(철근)콘크리트,1989-06-27
대전광역시 대덕구 신탄진동 170-27,84.7,벽돌구조,단독주택,(철근)콘크리트,1984-10-04
대전광역시 대덕구 신탄진동 170-28,78.46,벽돌구조,단독주택,(철근)콘크리트,1985-05-29
대전광역시 대덕구 신탄진동 170-29,84.41,벽돌구조,단독주택,(철근)콘크리트,1985-07-23
대전광역시 대덕구 신탄진동 170-3,271.4,철근콘크리트구조,단독주택,(철근)콘크리트,2013-09-12
대전광역시 대덕구 신탄진동 170-30,84.8,벽돌구조,단독주택,(철근)콘크리트,1984-11-08
대전광역시 대덕구 신탄진동 170-33,147.48,철근콘크리트구조,단독주택,(철근)콘크리트,2015-10-05
대전광역시 대덕구 신탄진동 170-34,130.8,경량철골구조,창고시설,기타지붕,2002-04-17
대전광역시 대덕구 신탄진동 170-37,96.96,벽돌구조,단독주택,(철근)콘크리트,1988-12-24
대전광역시 대덕구 신탄진동 170-4,100.56,벽돌구조,단독주택,(철근)콘크리트,1990-08-28
대전광역시 대덕구 신탄진동 170-40,94.11,벽돌구조,단독주택,(철근)콘크리트,1989-12-20
대전광역시 대덕구 신탄진동 170-41,102.39,벽돌구조,단독주택,(철근)콘크리트,1989-11-30
대전광역시 대덕구 신탄진동 170-42,128.88,철근콘크리트구조,단독주택,(철근)콘크리트,2004-11-02
대전광역시 대덕구 신탄진동 170-45,271.4,철근콘크리트구조,단독주택,(철근)콘크리트,2013-09-12
대전광역시 대덕구 신탄진동 170-6,960.0,벽돌구조,공동주택,(철근)콘크리트,1979-09-21
대전광역시 대덕구 신탄진동 170-7,75.1,벽돌구조,단독주택,(철근)콘크리트,1980-10-21
대전광역시 대덕구 신탄진동 170-8,89.1,벽돌구조,단독주택,(철근)콘크리트,1984-10-13
대전광역시 대덕구 신탄진동 170-9,80.2,철근콘크리트구조,단독주택,(철근)콘크리트,2004-01-14
대전광역시 대덕구 신탄진동 171-1,181.69,철근콘크리트구조,단독주택,(철근)콘크리트,2017-11-24
대전광역시 대덕구 신탄진동 171-11,86.12,벽돌구조,단독주택,(철근)콘크리트,1989-05-17
대전광역시 대덕구 신탄진동 171-12,108.7,철근콘크리트구조,단독주택,(철근)콘크리트,2003-11-20
대전광역시 대덕구 신탄진동 171-13,100.38,경량철골구조,단독주택,기타지붕,2018-07-02
대전광역시 대덕구 신탄진동 171-16,98.36,벽돌구조,단독주택,(철근)콘크리트,1989-08-07
대전광역시 대덕구 신탄진동 171-17,78.34,벽돌구조,단독주택,(철근)콘크리트,1980
대전광역시 대덕구 신탄진동 171-18,62.68,벽돌구조,단독주택,(철근)콘크리트,1981-09-07
대전광역시 대덕구 신탄진동 171-19,68.64,벽돌구조,단독주택,(철근)콘크리트,1981-09-02
대전광역시 대덕구 신탄진동 171-2,67.83,벽돌구조,단독주택,(철근)콘크리트,1977-09-05
대전광역시 대덕구 신탄진동 171-20,49.25,벽돌구조,단독주택,기와,1977-09-05
대전광역시 대덕구 신탄진동 171-21,137.35,벽돌구조,단독주택,(철근)콘크리트,1989-09-11
대전광역시 대덕구 신탄진동 171-22,73.76,벽돌구조,단독주택,(철근)콘크리트,1983-05-06
대전광역시 대덕구 신탄진동 171-23,67.09,벽돌구조,단독주택,(철근)콘크리트,1983-05-07
대전광역시 대덕구 신탄진동 171-25,67.09,벽돌구조,단독주택,(철근)콘크리트,1983-04-23
대전광역시 대덕구 신탄진동 171-26,114.63,철근콘크리트구조,단독주택,(철근)콘크리트,2015-07-21
대전광역시 대덕구 신탄진동 171-27,84.9,벽돌구조,단독주택,(철근)콘크리트,1991-12-20
대전광역시 대덕구 신탄진동 171-28,112.21,벽돌구조,단독주택,(철근)콘크리트,1998-03-21
대전광역시 대덕구 신탄진동 171-29,78.48,벽돌구조,단독주택,(철근)콘크리트,1988-12-29
대전광역시 대덕구 신탄진동 171-3,91.62,벽돌구조,단독주택,(철근)콘크리트,1985-07-06
대전광역시 대덕구 신탄진동 171-31,105.05,일반목구조,단독주택,기타지붕,2022-11-29
대전광역시 대덕구 신탄진동 171-32,102.635,벽돌구조,단독주택,(철근)콘크리트,1991-04-27
대전광역시 대덕구 신탄진동 171-33,104.18,벽돌구조,단독주택,(철근)콘크리트,1989-06-22
대전광역시 대덕구 신탄진동 171-34,127.99,철근콘크리트구조,단독주택,(철근)콘크리트,2004-10-26
대전광역시 대덕구 신탄진동 171-36,92.89,벽돌구조,단독주택,(철근)콘크리트,1990-03-16
대전광역시 대덕구 신탄진동 171-37,77.58,벽돌구조,단독주택,(철근)콘크리트,1988-11-12
대전광역시 대덕구 신탄진동 171-38,84.51,벽돌구조,단독주택,(철근)콘크리트,1990-08-28
대전광역시 대덕구 신탄진동 171-39,104.25,벽돌구조,단독주택,,2009-09-03
대전광역시 대덕구 신탄진동 171-4,257.86,철근콘크리트구조,노유자시설,(철근)콘크리트,2013-12-06
대전광역시 대덕구 신탄진동 171-40,92.41,벽돌구조,단독주택,(철근)콘크리트,1991-07-18
대전광역시 대덕구 신탄진동 171-41,89.66,철근콘크리트구조,단독주택,(철근)콘크리트,1989-06-09
대전광역시 대덕구 신탄진동 171-42,97.81,벽돌구조,단독주택,(철근)콘크리트,1996-10-08
대전광역시 대덕구 신탄진동 171-43,69.6,경량철골구조,단독주택,기타지붕,2000-10-26
대전광역시 대덕구 신탄진동 171-44,45.52,블록구조,단독주택,기와,1984-01-27
대전광역시 대덕구 신탄진동 171-46,89.01,철근콘크리트구조,단독주택,(철근)콘크리트,2011-04-22
대전광역시 대덕구 신탄진동 171-47,98.1,경량철골구조,단독주택,기타지붕,2008-10-29
대전광역시 대덕구 신탄진동 171-52,89.58,블록구조,단독주택,기와,1982-09-04
대전광역시 대덕구 신탄진동 171-7,0.0,벽돌구조,단독주택,(철근)콘크리트,1983-05-06
대전광역시 대덕구 신탄진동 171-8,121.87,블록구조,단독주택,기와,1967
대전광역시 대덕구 신탄진동 172-1,54.81,벽돌구조,단독주택,(철근)콘크리트,1980-10-04
대전광역시 대덕구 신탄진동 172-11,70.84,벽돌구조,단독주택,(철근)콘크리트,1979-10-22
대전광역시 대덕구 신탄진동 172-12,59.5,블록구조,단독주택,기와,1977-01-26
대전광역시 대덕구 신탄진동 172-13,61.75,벽돌구조,단독주택,(철근)콘크리트,1985-02-25
대전광역시 대덕구 신탄진동 172-14,51.04,벽돌구조,단독주택,기와,1975-10-21
대전광역시 대덕구 신탄진동 172-15,83.72,벽돌구조,단독주택,(철근)콘크리트,1993-07-19
대전광역시 대덕구 신탄진동 172-16,126.4158,벽돌구조,단독주택,(철근)콘크리트,1994-08-29
대전광역시 대덕구 신탄진동 172-17,83.07,벽돌구조,단독주택,(철근)콘크리트,1982-11-05
대전광역시 대덕구 신탄진동 172-18,82.43,벽돌구조,단독주택,(철근)콘크리트,1985-04-18
대전광역시 대덕구 신탄진동 172-19,81.64,벽돌구조,단독주택,(철근)콘크리트,1983-01-26
대전광역시 대덕구 신탄진동 172-20,80.43,벽돌구조,단독주택,(철근)콘크리트,1980-06-20
대전광역시 대덕구 신탄진동 172-21,90.02,기타조적구조,단독주택,기와,1970
대전광역시 대덕구 신탄진동 172-22,81.5,블록구조,단독주택,기와,1975-09-17
대전광역시 대덕구 신탄진동 172-23,85.39,기타조적구조,단독주택,기와,1983-03-28
대전광역시 대덕구 신탄진동 172-25,87.34,벽돌구조,단독주택,(철근)콘크리트,1981-06-27
대전광역시 대덕구 신탄진동 172-26,57.88,블록구조,단독주택,기와,1983-05-07
대전광역시 대덕구 신탄진동 172-27,89.96,벽돌구조,단독주택,기타지붕,2001-04-25
대전광역시 대덕구 신탄진동 172-28,147.38,철근콘크리트구조,단독주택,(철근)콘크리트,1997-09-26
대전광역시 대덕구 신탄진동 172-29,47.02,벽돌구조,단독주택,기와,1983-11-17
대전광역시 대덕구 신탄진동 172-3,62.53,벽돌구조,단독주택,(철근)콘크리트,1980
대전광역시 대덕구 신탄진동 172-30,50.43,벽돌구조,단독주택,(철근)콘크리트,1982-10-08
대전광역시 대덕구 신탄진동 172-34,93.44,경량철골구조,단독주택,기타지붕,2022-01-10
대전광역시 대덕구 신탄진동 172-35,55.26,벽돌구조,단독주택,(철근)콘크리트,1981-03-28
대전광역시 대덕구 신탄진동 172-36,50.5,블록구조,단독주택,기와,1975-09-17
대전광역시 대덕구 신탄진동 172-37,66.76,벽돌구조,단독주택,(철근)콘크리트,1984-07-27
대전광역시 대덕구 신탄진동 172-4,99.2,철근콘크리트구조,단독주택,(철근)콘크리트,2003-07-02
대전광역시 대덕구 신탄진동 172-41,119.84,벽돌구조,단독주택,(철근)콘크리트,2013-11-04
대전광역시 대덕구 신탄진동 172-45,50.41,벽돌구조,단독주택,기와,1976-07-12
대전광역시 대덕구 신탄진동 172-5,84.09,벽돌구조,단독주택,(철근)콘크리트,1983-12-28
대전광역시 대덕구 신탄진동 172-6,81.63,철근콘크리트구조,단독주택,(철근)콘크리트,1974-01-05
대전광역시 대덕구 신탄진동 172-7,84.68,벽돌구조,단독주택,(철근)콘크리트,1980-09-20
대전광역시 대덕구 신탄진동 173-10,59.68,벽돌구조,단독주택,(철근)콘크리트,
대전광역시 대덕구 신탄진동 173-11,107.07,벽돌구조,단독주택,(철근)콘크리트,1983-06-11
대전광역시 대덕구 신탄진동 173-12,75.24,벽돌구조,단독주택,(철근)콘크리트,1984-07-05
대전광역시 대덕구 신탄진동 173-14,73.39,벽돌구조,단독주택,(철근)콘크리트,1983-09-19
대전광역시 대덕구 신탄진동 173-15,167.84,철근콘크리트구조,노유자시설,(철근)콘크리트,1994-01-12
대전광역시 대덕구 신탄진동 173-16,79.06,벽돌구조,단독주택,(철근)콘크리트,1988-11-25
대전광역시 대덕구 신탄진동 173-17,69.74,벽돌구조,단독주택,(철근)콘크리트,1982-08-23
대전광역시 대덕구 신탄진동 173-18,32.95,철근콘크리트구조,제2종근린생활시설,(철근)콘크리트,1983-06-15
대전광역시 대덕구 신탄진동 173-2,420.32,벽돌구조,공동주택,(철근)콘크리트,1981-02-26
대전광역시 대덕구 신탄진동 173-21,97.03,벽돌구조,단독주택,(철근)콘크리트,1981-04-08
대전광역시 대덕구 신탄진동 173-24,70.08,벽돌구조,단독주택,(철근)콘크리트,1983-09-13
대전광역시 대덕구 신탄진동 173-25,72.47,벽돌구조,단독주택,(철근)콘크리트,1985-04-08
대전광역시 대덕구 신탄진동 173-26,72.47,벽돌구조,단독주택,(철근)콘크리트,1985-04-20
대전광역시 대덕구 신탄진동 173-27,82.42,벽돌구조,단독주택,(철근)콘크리트,1989-04-04
대전광역시 대덕구 신탄진동 173-28,51.13,벽돌구조,단독주택,기와,1982-11-08
대전광역시 대덕구 신탄진동 173-3,98.4,벽돌구조,단독주택,기타지붕,1986-07-12
대전광역시 대덕구 신탄진동 173-30,205.64,벽돌구조,공동주택,(철근)콘크리트,1990-09-27
대전광역시 대덕구 신탄진동 173-31,205.64,벽돌구조,공동주택,(철근)콘크리트,1990-09-27
대전광역시 대덕구 신탄진동 173-33,96.11,벽돌구조,단독주택,(철근)콘크리트,1991-02-08
대전광역시 대덕구 신탄진동 173-34,269.16,철근콘크리트구조,공동주택,(철근)콘크리트,1993-07-23
대전광역시 대덕구 신탄진동 173-4,96.365,벽돌구조,단독주택,(철근)콘크리트,1991-02-08
대전광역시 대덕구 신탄진동 173-5,212.16,철근콘크리트구조,공동주택,(철근)콘크리트,1990-10-17
대전광역시 대덕구 신탄진동 173-7,67.16,벽돌구조,단독주택,(철근)콘크리트,1980-06-13
대전광역시 대덕구 신탄진동 173-8,58.34,철근콘크리트구조,단독주택,(철근)콘크리트,1979-09-13
대전광역시 대덕구 신탄진동 174-1,61.56,철근콘크리트구조,제2종근린생활시설,(철근)콘크리트,1992-07-07
대전광역시 대덕구 신탄진동 174-10,110.64,벽돌구조,단독주택,(철근)콘크리트,1981-09-19
대전광역시 대덕구 신탄진동 174-11,68.0,벽돌구조,단독주택,(철근)콘크리트,1979-01-12
대전광역시 대덕구 신탄진동 174-12,70.66,벽돌구조,단독주택,(철근)콘크리트,2002-05-21
대전광역시 대덕구 신탄진동 174-13,62.2,벽돌구조,단독주택,(철근)콘크리트,1981-03-12
대전광역시 대덕구 신탄진동 174-15,71.1,벽돌구조,단독주택,(철근)콘크리트,1979-06-20
대전광역시 대덕구 신탄진동 174-16,264.06,철근콘크리트구조,위험물저장및처리시설,(철근)콘크리트,2006-11-14
대전광역시 대덕구 신탄진동 174-17,71.22,벽돌구조,단독주택,(철근)콘크리트,1982-07-02
대전광역시 대덕구 신탄진동 174-19,368.42,철근콘크리트구조,공동주택,(철근)콘크리트,1992-03-05
대전광역시 대덕구 신탄진동 174-20,368.42,철근콘크리트구조,공동주택,(철근)콘크리트,1992-03-05
대전광역시 대덕구 신탄진동 174-21,368.42,철근콘크리트구조,공동주택,(철근)콘크리트,1992-03-06
대전광역시 대덕구 신탄진동 174-24,287.2,철근콘크리트구조,공동주택,(철근)콘크리트,1992-01-29
대전광역시 대덕구 신탄진동 174-25,136.37,철근콘크리트구조,단독주택,(철근)콘크리트,2006-03-10
대전광역시 대덕구 신탄진동 174-3,136.37,철근콘크리트구조,단독주택,(철근)콘크리트,2006-03-10
대전광역시 대덕구 신탄진동 174-4,178.57,벽돌구조,단독주택,(철근)콘크리트,1997-03-22
대전광역시 대덕구 신탄진동 174-6,113.64,벽돌구조,단독주택,(철근)콘크리트,1989-06-22
대전광역시 대덕구 신탄진동 174-7,154.77,경량철골구조,단독주택,기타지붕,2002-09-27
대전광역시 대덕구 신탄진동 174-8,515.88,철근콘크리트구조,공동주택,(철근)콘크리트,1992-01-29
대전광역시 대덕구 신탄진동 175-1,547.5,철근콘크리트구조,의료시설,(철근)콘크리트,2012-01-16
대전광역시 대덕구 신탄진동 175-10,133.25,일반철골구조,창고시설,기타지붕,2021-12-06
대전광역시 대덕구 신탄진동 175-13,658.98,철근콘크리트구조,공동주택,(철근)콘크리트,1992-06-30
대전광역시 대덕구 신탄진동 175-15,62.25,철근콘크리트구조,제2종근린생활시설,(철근)콘크리트,2006-04-26
대전광역시 대덕구 신탄진동 175-16,63.2,벽돌구조,단독주택,(철근)콘크리트,1985-05-23
대전광역시 대덕구 신탄진동 175-17,71.28,벽돌구조,단독주택,(철근)콘크리트,1984-08-25
대전광역시 대덕구 신탄진동 175-18,0.0,벽돌구조,단독주택,(철근)콘크리트,1979-07-10
대전광역시 대덕구 신탄진동 175-19,160.32,철근콘크리트구조,제2종근린생활시설,(철근)콘크리트,2005-09-29
대전광역시 대덕구 신탄진동 175-20,104.32,철근콘크리트구조,제2종근린생활시설,기와,1980-09-20
대전광역시 대덕구 신탄진동 175-24,114.15,철근콘크리트구조,단독주택,(철근)콘크리트,1977-12-01
대전광역시 대덕구 신탄진동 175-28,74.33,벽돌구조,단독주택,(철근)콘크리트,1979-08-29
대전광역시 대덕구 신탄진동 175-29,707.58,철근콘크리트구조,공동주택,(철근)콘크리트,1992-07-18
대전광역시 대덕구 신탄진동 175-30,760.32,철근콘크리트구조,공동주택,(철근)콘크리트,1992-09-09
대전광역시 대덕구 신탄진동 175-9,327.44,경량철골구조,단독주택,기타지붕,1993-05-31
대전광역시 대덕구 신탄진동 176-12,98.9,철근콘크리트구조,제2종근린생활시설,(철근)콘크리트,1991-08-27
대전광역시 대덕구 신탄진동 176-13,80.99,철근콘크리트구조,제2종근린생활시설,(철근)콘크리트,1993-07-31
대전광역시 대덕구 신탄진동 176-14,63.27,벽돌구조,단독주택,(철근)콘크리트,1982-09-07
대전광역시 대덕구 신탄진동 176-15,70.5,철근콘크리트구조,단독주택,(철근)콘크리트,1985-09-13
대전광역시 대덕구 신탄진동 176-16,71.61,철근콘크리트구조,단독주택,(철근)콘크리트,2002-05-27
대전광역시 대덕구 신탄진동 176-2,43.81,일반철골구조,제2종근린생활시설,(철근)콘크리트,2002-07-02
대전광역시 대덕구 신탄진동 176-6,91.04,철근콘크리트구조,제2종근린생활시설,(철근)콘크리트,1991-09-14
대전광역시 대덕구 신탄진동 18-10,122.01,벽돌구조,단독주택,(철근)콘크리트,1992-01-22
대전광역시 대덕구 신탄진동 18-11,120.6,철근콘크리트구조,단독주택,(철근)콘크리트,1992-02-10
대전광역시 대덕구 신탄진동 18-12,122.08,블록구조,단독주택,(철근)콘크리트,1993-05-13
대전광역시 대덕구 신탄진동 18-13,90.75,벽돌구조,단독주택,(철근)콘크리트,1992-01-13
대전광역시 대덕구 신탄진동 18-14,126.0,철근콘크리트구조,단독주택,(철근)콘크리트,2005-09-13
대전광역시 대덕구 신탄진동 18-15,127.305,철근콘크리트구조,단독주택,(철근)콘크리트,1994-11-18
대전광역시 대덕구 신탄진동 18-2,123.17,철근콘크리트구조,단독주택,(철근)콘크리트,1994-06-30
대전광역시 대덕구 신탄진동 18-3,116.64,벽돌구조,단독주택,기타지붕,1996-08-22
대전광역시 대덕구 신탄진동 18-4,122.37,벽돌구조,단독주택,(철근)콘크리트,1996-07-22
대전광역시 대덕구 신탄진동 18-5,121.08,라멘조,단독주택,(철근)콘크리트,1997-05-03
대전광역시 대덕구 신탄진동 18-6,124.59,철근콘크리트구조,단독주택,(철근)콘크리트,1995-09-05
대전광역시 대덕구 신탄진동 18-7,116.47,벽돌구조,단독주택,(철근)콘크리트,1991-10-29
대전광역시 대덕구 신탄진동 18-8,110.845,철근콘크리트구조,단독주택,(철근)콘크리트,1993-05-31
대전광역시 대덕구 신탄진동 18-9,122.0,철근콘크리트구조,단독주택,(철근)콘크리트,1992-07-14
대전광역시 대덕구 신탄진동 19-1,192.07999999999998,철근콘크리트구조,단독주택,(철근)콘크리트,1994-08-26
대전광역시 대덕구 신탄진동 19-10,116.465,철근콘크리트구조,단독주택,(철근)콘크리트,1994-10-20
대전광역시 대덕구 신탄진동 19-11,116.38,벽돌구조,단독주택,(철근)콘크리트,1995-08-23
대전광역시 대덕구 신탄진동 19-12,115.2,철근콘크리트구조,단독주택,(철근)콘크리트,1996-08-03
대전광역시 대덕구 신탄진동 19-13,117.24,철근콘크리트구조,단독주택,(철근)콘크리트,1994-06-18
대전광역시 대덕구 신탄진동 19-2,71.74,벽돌구조,단독주택,기와,1975-01-08
대전광역시 대덕구 신탄진동 19-3,117.265,벽돌구조,단독주택,(철근)콘크리트,1995-11-28
대전광역시 대덕구 신탄진동 19-4,135.3,철근콘크리트구조,단독주택,(철근)콘크리트,1995-05-30
대전광역시 대덕구 신탄진동 19-5,117.97,벽돌구조,단독주택,(철근)콘크리트,1996-07-24
대전광역시 대덕구 신탄진동 19-6,110.24,철근콘크리트구조,단독주택,(철근)콘크리트,1994-06-22
대전광역시 대덕구 신탄진동 19-8,113.56,철근콘크리트구조,단독주택,(철근)콘크리트,1994-10-12
대전광역시 대덕구 신탄진동 19-9,114.66,철근콘크리트구조,단독주택,(철근)콘크리트,1996-01-31
대전광역시 대덕구 신탄진동 195-3,289.7,일반철골구조,제2종근린생활시설,기타지붕,2024-09-13
대전광역시 대덕구 신탄진동 2-1,230.2,철근콘크리트구조,제2종근린생활시설,(철근)콘크리트,2006-12-28
대전광역시 대덕구 신탄진동 20-1,121.615,철근콘크리트구조,단독주택,(철근)콘크리트,1994-12-30
대전광역시 대덕구 신탄진동 20-10,123.8,철근콘크리트구조,단독주택,(철근)콘크리트,1994-02-25
대전광역시 대덕구 신탄진동 20-11,121.94,철근콘크리트구조,단독주택,(철근)콘크리트,1995-09-11
대전광역시 대덕구 신탄진동 20-12,100.67,벽돌구조,단독주택,(철근)콘크리트,1992-12-22
대전광역시 대덕구 신탄진동 20-13,122.84,벽돌구조,단독주택,(철근)콘크리트,1994-11-17
대전광역시 대덕구 신탄진동 20-14,117.35,벽돌구조,단독주택,기와,1992-12-24
대전광역시 대덕구 신탄진동 20-2,121.7,철근콘크리트구조,단독주택,(철근)콘크리트,1993-08-21
대전광역시 대덕구 신탄진동 20-3,123.33,철근콘크리트구조,단독주택,(철근)콘크리트,1996-07-23
대전광역시 대덕구 신탄진동 20-4,122.91,철근콘크리트구조,단독주택,(철근)콘크리트,2002-11-21
대전광역시 대덕구 신탄진동 20-5,123.18,철근콘크리트구조,단독주택,(철근)콘크리트,1995-12-23
대전광역시 대덕구 신탄진동 20-6,120.02,철근콘크리트구조,단독주택,(철근)콘크리트,1996-09-11
대전광역시 대덕구 신탄진동 20-7,121.5,철근콘크리트구조,단독주택,(철근)콘크리트,1995-10-17
대전광역시 대덕구 신탄진동 20-8,115.06,철근콘크리트구조,단독주택,(철근)콘크리트,1995-06-05
대전광역시 대덕구 신탄진동 20-9,114.72,철근콘크리트구조,제2종근린생활시설,(철근)콘크리트,1994-03-17
대전광역시 대덕구 신탄진동 213-1,4453.8099999999995,일반철골구조,창고시설,기타지붕,2000-01-14
대전광역시 대덕구 신탄진동 213-15,1997.23,일반철골구조,공장,기타지붕,1992-04-14
대전광역시 대덕구 신탄진동 213-2,1057.28,철근콘크리트구조,공장,(철근)콘크리트,1994-09-06
대전광역시 대덕구 신탄진동 216-6,147.09,일반철골구조,자동차관련시설,기타지붕,2024-07-09
대전광역시 대덕구 신탄진동 22-1,598.52,철근콘크리트구조,공동주택,(철근)콘크리트,1995-07-31
대전광역시 대덕구 신탄진동 22-2,9617.003999999999,철근콘크리트구조,교육연구시설,(철근)콘크리트,1994-08-27
대전광역시 대덕구 신탄진동 220,21310.804,철근콘크리트구조,의료시설,(철근)콘크리트,2021-01-26
대전광역시 대덕구 신탄진동 230-1,1701.6,벽돌구조,공장,(철근)콘크리트,1979-12-31
대전광역시 대덕구 신탄진동 230-6,1324.19,철근콘크리트구조,공장,슬레이트,1979
대전광역시 대덕구 신탄진동 231-1,1941.63,일반철골구조,공장,기타지붕,2007-09-13
대전광역시 대덕구 신탄진동 232-1,798.23,철근콘크리트구조,공장,(철근)콘크리트,2003-05-07
대전광역시 대덕구 신탄진동 236,247.74,일반철골구조,제2종근린생활시설,기타지붕,2010-03-12
대전광역시 대덕구 신탄진동 236-2,492.0,일반철골구조,공장,(철근)콘크리트,2016-04-27
대전광역시 대덕구 신탄진동 237-4,483.65,일반철골구조,창고시설,기타지붕,2007-11-05
대전광역시 대덕구 신탄진동 239-1,2116.5,일반철골구조,공장,기타지붕,1998-04-07
대전광역시 대덕구 신탄진동 24-1,123.4,블록구조,단독주택,슬레이트,1974
대전광역시 대덕구 신탄진동 240-1,0.0,철근콘크리트구조,공장,(철근)콘크리트,1991-02-06
대전광역시 대덕구 신탄진동 240-2,0.0,기타조적구조,단독주택,기와,1968
대전광역시 대덕구 신탄진동 240-3,63.47,기타조적구조,단독주택,기와,1968
대전광역시 대덕구 신탄진동 241,21.6,경량철골구조,창고시설,기타지붕,2005-07-29
대전광역시 대덕구 신탄진동 242,0.0,기타조적구조,단독주택,기와,1965
대전광역시 대덕구 신탄진동 244,396.0,일반철골구조,제2종근린생활시설,기타지붕,2021-11-09
대전광역시 대덕구 신탄진동 244-3,414.61,일반철골구조,제2종근린생활시설,기타지붕,2023-08-28
대전광역시 대덕구 신탄진동 245-1,125.85,일반철골구조,단독주택,기타지붕,2021-05-11
대전광역시 대덕구 신탄진동 245-7,274.4,일반철골구조,제2종근린생활시설,기타지붕,2022-02-11
대전광역시 대덕구 신탄진동 248-10,347.65,철근콘크리트구조,공동주택,(철근)콘크리트,1998-03-18
대전광역시 대덕구 신탄진동 248-11,627.96,철근콘크리트구조,공동주택,(철근)콘크리트,1998-03-18
대전광역시 대덕구 신탄진동 248-5,641.14,철근콘크리트구조,공동주택,(철근)콘크리트,1998-09-14
대전광역시 대덕구 신탄진동 248-8,416.57,철근콘크리트구조,공동주택,(철근)콘크리트,1998-08-17
대전광역시 대덕구 신탄진동 249-1,98.26,경량철골구조,단독주택,(철근)콘크리트,1993-03-31
대전광역시 대덕구 신탄진동 249-2,227.83,일반철골구조,제2종근린생활시설,기타지붕,2019-06-05
대전광역시 대덕구 신탄진동 251-1,105.84,일반철골구조,제2종근린생활시설,기타지붕,2024-07-19
대전광역시 대덕구 신탄진동 251-2,0.0,기타조적구조,단독주택,기와,1965
대전광역시 대덕구 신탄진동 251-3,98.83,일반목구조,단독주택,기와,1945
대전광역시 대덕구 신탄진동 251-6,59.89,철근콘크리트구조,단독주택,(철근)콘크리트,2000-02-29
대전광역시 대덕구 신탄진동 256-1,188.81,철근콘크리트구조,자동차관련시설,(철근)콘크리트,2000-05-08
대전광역시 대덕구 신탄진동 261,11308.539999999999,철근콘크리트구조,공장,슬레이트,1998-11-04
대전광역시 대덕구 신탄진동 261-6,1814.91,일반철골구조,공장,기타지붕,2004-07-23
대전광역시 대덕구 신탄진동 261-9,99.0,철근콘크리트구조,방송통신시설,(철근)콘크리트,1996-01-31
대전광역시 대덕구 신탄진동 264-107,27.44,기타조적구조,단독주택,기와,1969
대전광역시 대덕구 신탄진동 264-125,80.67,경량철골구조,단독주택,기타지붕,2021-08-12
대전광역시 대덕구 신탄진동 264-14,52.94,블록구조,단독주택,기와,1960
대전광역시 대덕구 신탄진동 264-34,62.75,벽돌구조,단독주택,슬레이트,1977-01-07
대전광역시 대덕구 신탄진동 264-37,62.74,블록구조,단독주택,슬레이트,1977-01-07
대전광역시 대덕구 신탄진동 264-38,62.74,벽돌구조,단독주택,슬레이트,1977-01-07
대전광역시 대덕구 신탄진동 264-39,62.72,블록구조,단독주택,슬레이트,1977
대전광역시 대덕구 신탄진동 264-40,88.89,블록구조,단독주택,슬레이트,1977-01-07
대전광역시 대덕구 신탄진동 264-41,62.74,벽돌구조,단독주택,슬레이트,1977-01-07
대전광역시 대덕구 신탄진동 264-42,62.74,벽돌구조,단독주택,슬레이트,1977-01-07
대전광역시 대덕구 신탄진동 264-44,83.15,경량철골구조,단독주택,기타지붕,2021-08-12
대전광역시 대덕구 신탄진동 264-45,62.74,벽돌구조,제2종근린생활시설,슬레이트,1977-01-07
대전광역시 대덕구 신탄진동 264-46,297.48,철근콘크리트구조,공동주택,(철근)콘크리트,1991-11-26
대전광역시 대덕구 신탄진동 264-47,108.8,벽돌구조,공장,(철근)콘크리트,1981-11-05
대전광역시 대덕구 신탄진동 264-54,62.66,벽돌구조,단독주택,슬레이트,1977-01-07
대전광역시 대덕구 신탄진동 264-55,62.74,벽돌구조,제2종근린생활시설,슬레이트,1977-01-07
대전광역시 대덕구 신탄진동 264-56,105.23,블록구조,단독주택,슬레이트,1977-01-07
대전광역시 대덕구 신탄진동 264-57,62.74,벽돌구조,단독주택,슬레이트,1977-01-07
대전광역시 대덕구 신탄진동 264-58,62.74,벽돌구조,단독주택,슬레이트,1977-01-07
대전광역시 대덕구 신탄진동 264-59,62.75,벽돌구조,단독주택,슬레이트,1977-01-07
대전광역시 대덕구 신탄진동 264-60,62.76,벽돌구조,단독주택,슬레이트,1977-01-07
대전광역시 대덕구 신탄진동 264-61,62.74,벽돌구조,단독주택,슬레이트,1977-01-07
대전광역시 대덕구 신탄진동 264-62,62.74,벽돌구조,단독주택,기타지붕,1977-01-07
대전광역시 대덕구 신탄진동 264-69,263.76,철근콘크리트구조,공동주택,(철근)콘크리트,1991-11-26
대전광역시 대덕구 신탄진동 264-7,0.0,일반목구조,단독주택,기와,1954
대전광역시 대덕구 신탄진동 264-72,66.25,블록구조,단독주택,기와,1974
대전광역시 대덕구 신탄진동 264-87,671.56,블록구조,공장,슬레이트,1988-12-29
대전광역시 대덕구 신탄진동 264-88,463.5,블록구조,공장,슬레이트,1988-12-29
대전광역시 대덕구 신탄진동 264-89,556.78,벽돌구조,공동주택,(철근)콘크리트,1988-12-29
대전광역시 대덕구 신탄진동 265-3,162.24,벽돌구조,공장,(철근)콘크리트,1985-10-16
대전광역시 대덕구 신탄진동 267-1,235.96,일반철골구조,제2종근린생활시설,기타지붕,2016-05-24
대전광역시 대덕구 신탄진동 267-2,0.0,블록구조,단독주택,기와,1982-09-07
대전광역시 대덕구 신탄진동 267-3,29.75,벽돌구조,단독주택,기와,1969
대전광역시 대덕구 신탄진동 267-6,36.36,기타조적구조,단독주택,기와,1967
대전광역시 대덕구 신탄진동 268-1,0.0,블록구조,단독주택,슬레이트,1983-05-06
대전광역시 대덕구 신탄진동 268-2,0.0,기타조적구조,단독주택,슬레이트,1961
대전광역시 대덕구 신탄진동 268-4,96.34,벽돌구조,단독주택,(철근)콘크리트,1993-10-05
대전광역시 대덕구 신탄진동 268-5,84.91,벽돌구조,단독주택,기와,1967
대전광역시 대덕구 신탄진동 268-6,59.5,기타조적구조,단독주택,기와,1966
대전광역시 대덕구 신탄진동 268-8,0.0,벽돌구조,단독주택,기와,1977-11-21
대전광역시 대덕구 신탄진동 268-9,52.08,기타조적구조,단독주택,기와,1966
대전광역시 대덕구 신탄진동 269-1,75.0,경량철골구조,제2종근린생활시설,기타지붕,2012-05-10
대전광역시 대덕구 신탄진동 270-1,0.0,벽돌구조,단독주택,(철근)콘크리트,1976-04-28
대전광역시 대덕구 신탄진동 270-8,95.04,경량철골구조,공장,기타지붕,2002-01-21
대전광역시 대덕구 신탄진동 270-9,98.44,철근콘크리트구조,단독주택,(철근)콘크리트,1983-09-13
대전광역시 대덕구 신탄진동 272-2,0.0,철근콘크리트구조,제2종근린생활시설,(철근)콘크리트,
대전광역시 대덕구 신탄진동 280-1,2325.96,일반철골구조,공장,기타지붕,2001-05-17
대전광역시 대덕구 신탄진동 282-1,774.73,철근콘크리트구조,공장,(철근)콘크리트,1990-06-23
대전광역시 대덕구 신탄진동 282-2,0.0,철근콘크리트구조,공장,(철근)콘크리트,1988-06-30
대전광역시 대덕구 신탄진동 283-1,1401.96,경량철골구조,자동차관련시설,기타지붕,1986-09-26
대전광역시 대덕구 신탄진동 283-4,1627.8400000000001,경량철골구조,창고시설,(철근)콘크리트,1993-05-12
대전광역시 대덕구 신탄진동 285-10,0.0,벽돌구조,단독주택,(철근)콘크리트,1981-01-26
대전광역시 대덕구 신탄진동 285-11,131.14,벽돌구조,단독주택,슬레이트,1978-11-01
대전광역시 대덕구 신탄진동 285-17,88.93,벽돌구조,단독주택,(철근)콘크리트,1980-12-22
대전광역시 대덕구 신탄진동 285-25,72.0,벽돌구조,단독주택,슬레이트,1980
대전광역시 대덕구 신탄진동 285-26,0.0,벽돌구조,단독주택,(철근)콘크리트,1980-12-22
대전광역시 대덕구 신탄진동 285-4,72.87,벽돌구조,단독주택,(철근)콘크리트,1979-04-20
대전광역시 대덕구 신탄진동 285-5,127.56,벽돌구조,창고시설,(철근)콘크리트,1988-04-27
대전광역시 대덕구 신탄진동 285-6,0.0,벽돌구조,단독주택,슬레이트,1980
대전광역시 대덕구 신탄진동 285-7,72.72,벽돌구조,단독주택,기와,1978-11-29
대전광역시 대덕구 신탄진동 285-8,0.0,벽돌구조,단독주택,(철근)콘크리트,1979-06-07
대전광역시 대덕구 신탄진동 285-9,843.24,일반철골구조,공장,기타지붕,2006-11-16
대전광역시 대덕구 신탄진동 286-19,102.48,기타조적구조,단독주택,기와,1965
대전광역시 대덕구 신탄진동 286-23,376.11,철근콘크리트구조,위험물저장및처리시설,(철근)콘크리트,1994-08-10
대전광역시 대덕구 신탄진동 287-10,114.75,벽돌구조,단독주택,(철근)콘크리트,1980-12-08
대전광역시 대덕구 신탄진동 287-11,144.78,벽돌구조,단독주택,(철근)콘크리트,1979-12-06
대전광역시 대덕구 신탄진동 287-12,306.415,철근콘크리트구조,제2종근린생활시설,(철근)콘크리트,1983-11-08
대전광역시 대덕구 신탄진동 287-13,245.56,일반철골구조,제2종근린생활시설,기타지붕,2016-09-26
대전광역시 대덕구 신탄진동 287-15,150.0,일반철골구조,제2종근린생활시설,기타지붕,2023-11-30
대전광역시 대덕구 신탄진동 287-21,82.86,벽돌구조,단독주택,(철근)콘크리트,1980-08-14
대전광역시 대덕구 신탄진동 288-4,1295.8,철근콘크리트구조,공장,(철근)콘크리트,1982-06-22
대전광역시 대덕구 신탄진동 289-2,86.02,블록구조,단독주택,슬레이트,1982-11-19
대전광역시 대덕구 신탄진동 289-4,48.06,블록구조,단독주택,기와,
대전광역시 대덕구 신탄진동 289-5,110.07,일반철골구조,제2종근린생활시설,기타지붕,2016-01-04
대전광역시 대덕구 신탄진동 290-1,191.66,벽돌구조,단독주택,기와,1978-11-07
대전광역시 대덕구 신탄진동 290-2,50.82,블록구조,단독주택,기와,1982-11-12
대전광역시 대덕구 신탄진동 290-4,74.81,벽돌구조,단독주택,(철근)콘크리트,1998-05-31
대전광역시 대덕구 신탄진동 290-5,56.2,벽돌구조,단독주택,기와,1977-01-31
대전광역시 대덕구 신탄진동 290-6,53.0,벽돌구조,단독주택,기와,1977-01-31
대전광역시 대덕구 신탄진동 290-7,58.74,블록구조,단독주택,기와,1976-09-02
대전광역시 대덕구 신탄진동 291,308.72,경량철골구조,제2종근린생활시설,기타지붕,1998-10-01
대전광역시 대덕구 신탄진동 292-4,48.78,벽돌구조,단독주택,(철근)콘크리트,1994-01-25
대전광역시 대덕구 신탄진동 294-2,156.29,경량철골구조,창고시설,기타지붕,1986-05-06
대전광역시 대덕구 신탄진동 294-5,71.0,일반철골구조,위험물저장및처리시설,기타지붕,2001-03-12
대전광역시 대덕구 신탄진동 295-100,29.92,벽돌구조,단독주택,슬레이트,1968
대전광역시 대덕구 신탄진동 295-101,29.92,블록구조,단독주택,슬레이트,1968
대전광역시 대덕구 신탄진동 295-102,29.92,벽돌구조,단독주택,슬레이트,1968
대전광역시 대덕구 신탄진동 295-103,29.92,벽돌구조,단독주택,슬레이트,1968
대전광역시 대덕구 신탄진동 295-104,29.92,벽돌구조,단독주택,슬레이트,1968
대전광역시 대덕구 신탄진동 295-105,29.92,벽돌구조,단독주택,슬레이트,1968
대전광역시 대덕구 신탄진동 295-106,0.0,벽돌구조,단독주택,기타지붕,1968
대전광역시 대덕구 신탄진동 295-107,86.16,철근콘크리트구조,단독주택,(철근)콘크리트,2005-11-16
대전광역시 대덕구 신탄진동 295-110,96.14,철근콘크리트구조,단독주택,(철근)콘크리트,2005-11-08
대전광역시 대덕구 신탄진동 295-111,51.23,철근콘크리트구조,단독주택,(철근)콘크리트,2005-11-16
대전광역시 대덕구 신탄진동 295-112,45.37,경량철골구조,단독주택,기타지붕,2017-07-03
대전광역시 대덕구 신탄진동 295-113,29.92,벽돌구조,단독주택,슬레이트,1968
대전광역시 대덕구 신탄진동 295-114,29.92,벽돌구조,단독주택,슬레이트,1968
대전광역시 대덕구 신탄진동 295-115,29.92,벽돌구조,단독주택,슬레이트,1968
대전광역시 대덕구 신탄진동 295-116,29.92,벽돌구조,단독주택,슬레이트,1968
대전광역시 대덕구 신탄진동 295-117,49.41,벽돌구조,단독주택,(철근)콘크리트,2006-06-22
대전광역시 대덕구 신탄진동 295-118,29.92,블록구조,단독주택,슬레이트,1968
대전광역시 대덕구 신탄진동 295-119,49.56,벽돌구조,단독주택,(철근)콘크리트,1992-11-19
대전광역시 대덕구 신탄진동 295-12,87.6,기타조적구조,단독주택,기와,1965
대전광역시 대덕구 신탄진동 295-120,0.0,벽돌구조,단독주택,슬레이트,1968
대전광역시 대덕구 신탄진동 295-121,29.92,벽돌구조,단독주택,슬레이트,1968
대전광역시 대덕구 신탄진동 295-122,29.92,블록구조,단독주택,슬레이트,1968
대전광역시 대덕구 신탄진동 295-123,29.92,블록구조,단독주택,슬레이트,1968
대전광역시 대덕구 신탄진동 295-13,29.92,블록구조,단독주택,슬레이트,1968
대전광역시 대덕구 신탄진동 295-138,64.13,벽돌구조,단독주택,슬레이트,1968
대전광역시 대덕구 신탄진동 295-139,29.92,벽돌구조,단독주택,슬레이트,1968
대전광역시 대덕구 신탄진동 295-14,200.34,블록구조,단독주택,슬레이트,1963
대전광역시 대덕구 신탄진동 295-140,29.92,벽돌구조,단독주택,슬레이트,1968
대전광역시 대덕구 신탄진동 295-141,29.92,벽돌구조,단독주택,슬레이트,1968
대전광역시 대덕구 신탄진동 295-142,29.92,벽돌구조,단독주택,슬레이트,1968
대전광역시 대덕구 신탄진동 295-143,29.92,벽돌구조,단독주택,슬레이트,1968
대전광역시 대덕구 신탄진동 295-144,29.92,벽돌구조,단독주택,슬레이트,1968
대전광역시 대덕구 신탄진동 295-145,29.92,벽돌구조,단독주택,슬레이트,1968
대전광역시 대덕구 신탄진동 295-147,29.92,벽돌구조,단독주택,슬레이트,1968
대전광역시 대덕구 신탄진동 295-148,50.91,블록구조,단독주택,슬레이트,1968
대전광역시 대덕구 신탄진동 295-149,29.92,벽돌구조,단독주택,슬레이트,1968
대전광역시 대덕구 신탄진동 295-150,47.93,블록구조,단독주택,슬레이트,1968
대전광역시 대덕구 신탄진동 295-153,0.0,벽돌구조,단독주택,슬레이트,1968
대전광역시 대덕구 신탄진동 295-155,59.5,일반목구조,제2종근린생활시설,기타지붕,2018-06-05
대전광역시 대덕구 신탄진동 295-156,29.92,벽돌구조,단독주택,슬레이트,1968
대전광역시 대덕구 신탄진동 295-157,98.04,벽돌구조,단독주택,(철근)콘크리트,1996-11-22
대전광역시 대덕구 신탄진동 295-159,29.92,벽돌구조,단독주택,슬레이트,1968
대전광역시 대덕구 신탄진동 295-16,65.28,경량철골구조,단독주택,기타지붕,2017-04-04
대전광역시 대덕구 신탄진동 295-160,97.24,경량철골구조,단독주택,기타지붕,2017-10-30
대전광역시 대덕구 신탄진동 295-163,66.19,벽돌구조,단독주택,(철근)콘크리트,1993-09-27
대전광역시 대덕구 신탄진동 295-164,46.6,일반철골구조,단독주택,기타지붕,2017-10-20
대전광역시 대덕구 신탄진동 295-165,29.92,블록구조,단독주택,슬레이트,1968
대전광역시 대덕구 신탄진동 295-166,29.92,블록구조,단독주택,슬레이트,1968
대전광역시 대덕구 신탄진동 295-167,29.92,블록구조,단독주택,슬레이트,1968
대전광역시 대덕구 신탄진동 295-168,55.18,벽돌구조,단독주택,슬레이트,1968
대전광역시 대덕구 신탄진동 295-170,51.84,철근콘크리트구조,단독주택,(철근)콘크리트,2015-08-04
대전광역시 대덕구 신탄진동 295-171,87.57,벽돌구조,단독주택,(철근)콘크리트,1995-10-18
대전광역시 대덕구 신탄진동 295-173,29.92,블록구조,단독주택,슬레이트,1968
대전광역시 대덕구 신탄진동 295-174,29.92,벽돌구조,단독주택,슬레이트,1968
대전광역시 대덕구 신탄진동 295-175,29.92,블록구조,단독주택,슬레이트,1968
대전광역시 대덕구 신탄진동 295-177,71.32,경량철골구조,단독주택,기타지붕,2001-07-30
대전광역시 대덕구 신탄진동 295-178,78.48,벽돌구조,단독주택,(철근)콘크리트,1998-06-08
대전광역시 대덕구 신탄진동 295-179,49.59,블록구조,단독주택,슬레이트,1968
대전광역시 대덕구 신탄진동 295-18,93.69,철근콘크리트구조,단독주택,(철근)콘크리트,2004-11-15
대전광역시 대덕구 신탄진동 295-182,157.44,철근콘크리트구조,제2종근린생활시설,(철근)콘크리트,2005-01-21
대전광역시 대덕구 신탄진동 295-183,29.92,벽돌구조,단독주택,슬레이트,1968
대전광역시 대덕구 신탄진동 295-184,29.92,벽돌구조,단독주택,슬레이트,1968
대전광역시 대덕구 신탄진동 295-185,29.92,벽돌구조,단독주택,슬레이트,1968
대전광역시 대덕구 신탄진동 295-186,45.16,벽돌구조,단독주택,(철근)콘크리트,1992-06-23
대전광역시 대덕구 신탄진동 295-187,29.92,블록구조,단독주택,슬레이트,1968
대전광역시 대덕구 신탄진동 295-188,47.8,벽돌구조,단독주택,(철근)콘크리트,1968
대전광역시 대덕구 신탄진동 295-190,57.85,벽돌구조,단독주택,슬레이트,1968
대전광역시 대덕구 신탄진동 295-191,69.58,기타조적구조,단독주택,슬레이트,1968
대전광역시 대덕구 신탄진동 295-192,56.88,일반철골구조,제2종근린생활시설,기타지붕,2020-07-21
대전광역시 대덕구 신탄진동 295-193,51.1,경량철골구조,단독주택,기타지붕,2018-02-21
대전광역시 대덕구 신탄진동 295-194,58.9,벽돌구조,단독주택,(철근)콘크리트,2007-07-13
대전광역시 대덕구 신탄진동 295-197,29.92,벽돌구조,단독주택,슬레이트,1968
대전광역시 대덕구 신탄진동 295-198,39.51,철근콘크리트구조,제2종근린생활시설,(철근)콘크리트,1996-10-07
대전광역시 대덕구 신탄진동 295-200,62.41,경량철골구조,제2종근린생활시설,기타지붕,2019-02-15
대전광역시 대덕구 신탄진동 295-201,91.72,벽돌구조,단독주택,(철근)콘크리트,1997-08-30
대전광역시 대덕구 신탄진동 295-202,100.2,벽돌구조,단독주택,슬레이트,1982-09-16
대전광역시 대덕구 신탄진동 295-204,29.92,벽돌구조,단독주택,슬레이트,1968
대전광역시 대덕구 신탄진동 295-206,158.41,철근콘크리트구조,단독주택,(철근)콘크리트,2004-09-21
대전광역시 대덕구 신탄진동 295-21,89.96,벽돌구조,단독주택,(철근)콘크리트,1968
대전광역시 대덕구 신탄진동 295-22,62.02,철근콘크리트구조,단독주택,(철근)콘크리트,1993-05-12
대전광역시 대덕구 신탄진동 295-23,71.84,벽돌구조,단독주택,(철근)콘크리트,1993-12-29
대전광역시 대덕구 신탄진동 295-24,43.45,벽돌구조,단독주택,(철근)콘크리트,1992-12-17
대전광역시 대덕구 신탄진동 295-25,29.92,블록구조,단독주택,기와,1960
대전광역시 대덕구 신탄진동 295-26,0.0,벽돌구조,단독주택,슬레이트,1968
대전광역시 대덕구 신탄진동 295-27,31.35,블록구조,단독주택,슬레이트,1968
대전광역시 대덕구 신탄진동 295-28,29.92,벽돌구조,단독주택,슬레이트,1968
대전광역시 대덕구 신탄진동 295-29,29.92,벽돌구조,단독주택,슬레이트,1968
대전광역시 대덕구 신탄진동 295-293,420.82,철근콘크리트구조,공동주택,(철근)콘크리트,2006-12-07
대전광역시 대덕구 신탄진동 295-3,104.8,벽돌구조,단독주택,(철근)콘크리트,1982-12-09
대전광역시 대덕구 신탄진동 295-30,29.92,벽돌구조,단독주택,슬레이트,1968
대전광역시 대덕구 신탄진동 295-31,29.92,벽돌구조,단독주택,슬레이트,1968
대전광역시 대덕구 신탄진동 295-32,0.0,블록구조,단독주택,슬레이트,1968
대전광역시 대덕구 신탄진동 295-33,82.88,벽돌구조,단독주택,(철근)콘크리트,1993-06-08
대전광역시 대덕구 신탄진동 295-36,75.47,벽돌구조,단독주택,슬레이트,1968
대전광역시 대덕구 신탄진동 295-37,29.92,블록구조,단독주택,슬레이트,1968
대전광역시 대덕구 신탄진동 295-38,0.0,블록구조,단독주택,슬레이트,1968
대전광역시 대덕구 신탄진동 295-39,29.92,벽돌구조,단독주택,슬레이트,1968
대전광역시 대덕구 신탄진동 295-41,59.84,블록구조,단독주택,슬레이트,1968
대전광역시 대덕구 신탄진동 295-42,0.0,벽돌구조,단독주택,슬레이트,1968
대전광역시 대덕구 신탄진동 295-44,29.92,벽돌구조,단독주택,슬레이트,1968
대전광역시 대덕구 신탄진동 295-45,0.0,벽돌구조,단독주택,슬레이트,1968
대전광역시 대덕구 신탄진동 295-46,52.77,벽돌구조,단독주택,(철근)콘크리트,1993-04-27
대전광역시 대덕구 신탄진동 295-47,0.0,벽돌구조,단독주택,슬레이트,1968
대전광역시 대덕구 신탄진동 295-48,45.51,철근콘크리트구조,단독주택,(철근)콘크리트,2015-05-01
대전광역시 대덕구 신탄진동 295-49,29.92,벽돌구조,단독주택,슬레이트,1968
대전광역시 대덕구 신탄진동 295-50,0.0,벽돌구조,단독주택,슬레이트,1968
대전광역시 대덕구 신탄진동 295-51,40.17,철근콘크리트구조,단독주택,기타지붕,2017-11-08
대전광역시 대덕구 신탄진동 295-52,0.0,벽돌구조,단독주택,(철근)콘크리트,1968
대전광역시 대덕구 신탄진동 295-53,53.95,일반철골구조,단독주택,기타지붕,2017-07-14
대전광역시 대덕구 신탄진동 295-54,0.0,벽돌구조,단독주택,슬레이트,1968
대전광역시 대덕구 신탄진동 295-55,52.5,벽돌구조,단독주택,(철근)콘크리트,1996-01-31
대전광역시 대덕구 신탄진동 295-56,51.64,벽돌구조,단독주택,(철근)콘크리트,1991-07-29
대전광역시 대덕구 신탄진동 295-59,453.0,일반철골구조,제2종근린생활시설,기타지붕,2018-05-16
대전광역시 대덕구 신탄진동 295-61,0.0,블록구조,단독주택,슬레이트,1968
대전광역시 대덕구 신탄진동 295-62,57.85,블록구조,단독주택,슬레이트,1968
대전광역시 대덕구 신탄진동 295-63,0.0,벽돌구조,단독주택,슬레이트,1968
대전광역시 대덕구 신탄진동 295-64,29.92,벽돌구조,단독주택,슬레이트,1968
대전광역시 대덕구 신탄진동 295-65,0.0,벽돌구조,단독주택,슬레이트,1968
대전광역시 대덕구 신탄진동 295-67,29.92,블록구조,단독주택,슬레이트,1968
대전광역시 대덕구 신탄진동 295-68,0.0,벽돌구조,단독주택,슬레이트,1968
대전광역시 대덕구 신탄진동 295-69,29.92,벽돌구조,단독주택,슬레이트,1968
대전광역시 대덕구 신탄진동 295-70,0.0,벽돌구조,단독주택,슬레이트,1968
대전광역시 대덕구 신탄진동 295-71,29.92,블록구조,단독주택,슬레이트,1968
대전광역시 대덕구 신탄진동 295-72,49.92,경량철골구조,단독주택,기타지붕,2006-12-12
대전광역시 대덕구 신탄진동 295-73,0.0,벽돌구조,단독주택,슬레이트,1968
대전광역시 대덕구 신탄진동 295-75,29.92,벽돌구조,단독주택,슬레이트,1968
대전광역시 대덕구 신탄진동 295-77,29.92,블록구조,단독주택,슬레이트,1968
대전광역시 대덕구 신탄진동 295-78,29.92,벽돌구조,단독주택,슬레이트,1968
대전광역시 대덕구 신탄진동 295-79,29.92,블록구조,단독주택,슬레이트,1968
대전광역시 대덕구 신탄진동 295-80,29.92,벽돌구조,단독주택,슬레이트,1968
대전광역시 대덕구 신탄진동 295-81,29.92,벽돌구조,단독주택,슬레이트,1968
대전광역시 대덕구 신탄진동 295-82,29.92,벽돌구조,단독주택,슬레이트,1968
대전광역시 대덕구 신탄진동 295-83,29.92,벽돌구조,단독주택,슬레이트,1968
대전광역시 대덕구 신탄진동 295-84,29.92,벽돌구조,단독주택,슬레이트,1968
대전광역시 대덕구 신탄진동 295-85,29.92,벽돌구조,단독주택,슬레이트,1968
대전광역시 대덕구 신탄진동 295-86,29.92,벽돌구조,단독주택,슬레이트,1968
대전광역시 대덕구 신탄진동 295-87,0.0,벽돌구조,단독주택,슬레이트,1968
대전광역시 대덕구 신탄진동 295-89,29.92,벽돌구조,단독주택,슬레이트,1968
대전광역시 대덕구 신탄진동 295-90,29.92,블록구조,단독주택,슬레이트,1968
대전광역시 대덕구 신탄진동 295-91,29.92,벽돌구조,단독주택,슬레이트,1968
대전광역시 대덕구 신탄진동 295-93,78.81,벽돌구조,단독주택,(철근)콘크리트,1995-06-19
대전광역시 대덕구 신탄진동 295-94,29.92,벽돌구조,단독주택,슬레이트,1968
대전광역시 대덕구 신탄진동 295-95,29.92,벽돌구조,단독주택,슬레이트,1968
대전광역시 대덕구 신탄진동 295-96,48.28,벽돌구조,단독주택,(철근)콘크리트,1992-01-06
대전광역시 대덕구 신탄진동 295-97,0.0,벽돌구조,단독주택,슬레이트,1968
대전광역시 대덕구 신탄진동 295-98,29.92,벽돌구조,단독주택,슬레이트,1968
대전광역시 대덕구 신탄진동 295-99,29.92,블록구조,단독주택,슬레이트,1968
대전광역시 대덕구 신탄진동 30-1,81.2,블록구조,단독주택,슬레이트,
대전광역시 대덕구 신탄진동 33,305.06,기타조적구조,단독주택,기와,1930
대전광역시 대덕구 신탄진동 34,49.59,일반목구조,단독주택,기와,1935
대전광역시 대덕구 신탄진동 34-1,68.09,일반목구조,단독주택,슬레이트,1955
대전광역시 대덕구 신탄진동 34-5,217.49,철근콘크리트구조,종교시설,(철근)콘크리트,1997-10-22
대전광역시 대덕구 신탄진동 398-19,123.36,벽돌구조,단독주택,(철근)콘크리트,1999-06-29
대전광역시 대덕구 신탄진동 398-91,149.4,철근콘크리트구조,제2종근린생활시설,(철근)콘크리트,1984-02-04
대전광역시 대덕구 신탄진동 398-92,111.85,철근콘크리트구조,단독주택,(철근)콘크리트,1982-09-16
대전광역시 대덕구 신탄진동 4-6,135.45,철근콘크리트구조,제2종근린생활시설,(철근)콘크리트,2000-04-07
대전광역시 대덕구 신탄진동 40-10,39.66,기타조적구조,창고시설,기와,1965
대전광역시 대덕구 신탄진동 40-11,79.62,벽돌구조,단독주택,(철근)콘크리트,1981
대전광역시 대덕구 신탄진동 40-23,0.0,철근콘크리트구조,단독주택,(철근)콘크리트,1974
대전광역시 대덕구 신탄진동 41-1,116.33,일반목구조,단독주택,기와,1935
대전광역시 대덕구 신탄진동 43-2,91.2,경량철골구조,단독주택,기타지붕,2006-06-22
대전광역시 대덕구 신탄진동 44-2,65.91,벽돌구조,단독주택,(철근)콘크리트,2000-07-21
대전광역시 대덕구 신탄진동 442,176.6,경량철골구조,창고시설,기타지붕,2016-06-22
대전광역시 대덕구 신탄진동 442-2,22.01,일반철골구조,단독주택,기타지붕,2017-07-11
대전광역시 대덕구 신탄진동 442-79,68.1,벽돌구조,단독주택,(철근)콘크리트,1975-10-15
대전광역시 대덕구 신탄진동 45-1,158.55,블록구조,단독주택,슬레이트,1935
대전광역시 대덕구 신탄진동 45-3,91.56,벽돌구조,단독주택,기와,1960
대전광역시 대덕구 신탄진동 451,1337.78,철근콘크리트구조,공동주택,(철근)콘크리트,1980-11-26
대전광역시 대덕구 신탄진동 451-11,62.48,벽돌구조,단독주택,(철근)콘크리트,1979-02-09
대전광역시 대덕구 신탄진동 451-3,65.46,벽돌구조,단독주택,(철근)콘크리트,1980-03-14
대전광역시 대덕구 신탄진동 451-6,90.11,벽돌구조,단독주택,(철근)콘크리트,1982-06-26
대전광역시 대덕구 신탄진동 451-7,75.45,벽돌구조,단독주택,(철근)콘크리트,1981-11-20
대전광역시 대덕구 신탄진동 451-8,74.48,벽돌구조,단독주택,(철근)콘크리트,1980-10-30
대전광역시 대덕구 신탄진동 464-10,3341.16,일반철골구조,공장,기타지붕,1995-08-01
대전광역시 대덕구 신탄진동 464-21,82.98,블록구조,제2종근린생활시설,슬레이트,
대전광역시 대덕구 신탄진동 466-1,237.6,블록구조,공장,슬레이트,1973-04-07
대전광역시 대덕구 신탄진동 466-5,82.83,블록구조,단독주택,슬레이트,1978-08-19
대전광역시 대덕구 신탄진동 467,430.81,철근콘크리트구조,창고시설,기타지붕,1977-04-01
대전광역시 대덕구 신탄진동 5,408.44,철근콘크리트구조,운동시설,(철근)콘크리트,1969
대전광역시 대덕구 신탄진동 50,2311.24,강파이프구조,교육연구시설,기타지붕,2002-09-16
대전광역시 대덕구 신탄진동 56-2,50.0,경량철골구조,제2종근린생활시설,기타지붕,2016-01-07
대전광역시 대덕구 신탄진동 56-3,821.0,블록구조,단독주택,슬레이트,1983-03-23
대전광역시 대덕구 신탄진동 56-4,150.56,일반철골구조,창고시설,기타지붕,2013-10-16
대전광역시 대덕구 신탄진동 56-9,51.32,블록구조,단독주택,슬레이트,1982-09-08
대전광역시 대덕구 신탄진동 708-3,108.43,기타조적구조,단독주택,기와,
대전광역시 대덕구 신탄진동 708-9,0.0,기타조적구조,단독주택,기와,1964
대전광역시 대덕구 신탄진동 711-50,188.51,일반철골구조,자동차관련시설,기타지붕,2015-04-20
대전광역시 대덕구 신탄진동 74-3,72.77,벽돌구조,단독주택,(철근)콘크리트,1976-11-15
대전광역시 대덕구 신탄진동 771,19364.3186,철근콘크리트구조,공동주택,(철근)콘크리트,2021-11-29
대전광역시 대덕구 신탄진동 793,315.4,일반철골구조,공장,기타지붕,2024-09-03
대전광역시 대덕구 신탄진동 795,315.4,일반철골구조,공장,기타지붕,2024-09-03
대전광역시 대덕구 신탄진동 80-5,336.83,경량철골구조,공장,기타지붕,1990-04-27
대전광역시 대덕구 신탄진동 802,523.51,일반철골구조,공장,기타지붕,2024-10-28
대전광역시 대덕구 신탄진동 82-4,25.78,기타조적구조,단독주택,기와,1960
대전광역시 대덕구 신탄진동 82-5,50.87,철근콘크리트구조,단독주택,(철근)콘크리트,2017-06-02
대전광역시 대덕구 신탄진동 83-15,104.47,벽돌구조,단독주택,기와,1993-09-07
대전광역시 대덕구 신탄진동 83-16,0.0,벽돌구조,단독주택,슬레이트,1960
대전광역시 대덕구 신탄진동 83-17,50.91,기타조적구조,단독주택,기타지붕,1961
대전광역시 대덕구 신탄진동 83-18,0.0,기타조적구조,단독주택,기와,
대전광역시 대덕구 신탄진동 83-19,46.28,기타조적구조,단독주택,기와,1959
대전광역시 대덕구 신탄진동 83-20,0.0,기타조적구조,단독주택,기와,1955
대전광역시 대덕구 신탄진동 83-21,77.3,기타조적구조,단독주택,기와,1955
대전광역시 대덕구 신탄진동 83-22,0.0,기타조적구조,단독주택,기와,1982-11-08
대전광역시 대덕구 신탄진동 83-23,100.5,벽돌구조,단독주택,(철근)콘크리트,2002-07-19
대전광역시 대덕구 신탄진동 83-7,121.2,철근콘크리트구조,단독주택,(철근)콘크리트,2001-06-04
대전광역시 대덕구 신탄진동 838,261.3,일반철골구조,공장,기타지붕,2024-10-17
대전광역시 대덕구 신탄진동 839,261.3,일반철골구조,공장,기타지붕,2024-10-18
대전광역시 대덕구 신탄진동 84-3,101.35,벽돌구조,제2종근린생활시설,(철근)콘크리트,1995-09-04
대전광역시 대덕구 신탄진동 84-7,100.24,철근콘크리트구조,제2종근린생활시설,(철근)콘크리트,1995-11-07
대전광역시 대덕구 신탄진동 84-8,0.0,벽돌구조,단독주택,(철근)콘크리트,1976-03-30
대전광역시 대덕구 신탄진동 841,261.12,일반철골구조,공장,기타지붕,2024-10-07
대전광역시 대덕구 신탄진동 844,256.69,일반철골구조,공장,기타지붕,2024-10-07
대전광역시 대덕구 신탄진동 882,9452.7662,철근콘크리트구조,공동주택,(철근)콘크리트,2024-02-14
대전광역시 대덕구 신탄진동 9-1,240.1,철근콘크리트구조,제2종근린생활시설,(철근)콘크리트,2015-11-10
대전광역시 대덕구 신탄진동 9-3,129.6,철근콘크리트구조,창고시설,(철근)콘크리트,2016-10-17
대전광역시 대덕구 신탄진동 91-25,0.0,기타조적구조,단독주택,기와,1961
대전광역시 대덕구 신탄진동 91-26,115.39,철근콘크리트구조,종교시설,(철근)콘크리트,2006-04-19
대전광역시 대덕구 신탄진동 91-5,124.2,철근콘크리트구조,제2종근린생활시설,(철근)콘크리트,1995-02-24
대전광역시 대덕구 연축동 0,0.0,일반목구조,단독주택,슬레이트,1904
대전광역시 대덕구 연축동 1,595.08,블록구조,동물및식물관련시설,슬레이트,1967
대전광역시 대덕구 연축동 10,262.40999999999997,일반목구조,단독주택,기타지붕,1944
대전광역시 대덕구 연축동 102,13082.26,철근콘크리트구조,공동주택,(철근)콘크리트,1987-11-19
대전광역시 대덕구 연축동 104,195.72,일반목구조,단독주택,기타지붕,1934
대전광역시 대덕구 연축동 107,97.68,경량철골구조,제2종근린생활시설,기타지붕,2016-02-04
대전광역시 대덕구 연축동 108,84.96,벽돌구조,단독주택,(철근)콘크리트,1977-11-03
대전광역시 대덕구 연축동 111,121.9,기타조적구조,단독주택,기타지붕,1904
대전광역시 대덕구 연축동 114-4,42.57,벽돌구조,단독주택,슬레이트,1975-01-25
대전광역시 대덕구 연축동 114-5,164.28,철근콘크리트구조,단독주택,기타지붕,1996-12-09
대전광역시 대덕구 연축동 116-2,83.07,벽돌구조,단독주택,(철근)콘크리트,1991-05-31
대전광역시 대덕구 연축동 119-1,54.06,일반목구조,제2종근린생활시설,기와,1904
대전광역시 대덕구 연축동 119-2,92.86,벽돌구조,단독주택,슬레이트,1963
대전광역시 대덕구 연축동 121,106.87,철근콘크리트구조,단독주택,(철근)콘크리트,2005-09-26
대전광역시 대덕구 연축동 122,74.7,벽돌구조,단독주택,(철근)콘크리트,1999-06-09
대전광역시 대덕구 연축동 122-1,57.25,철근콘크리트구조,제2종근린생활시설,(철근)콘크리트,2004-12-13
대전광역시 대덕구 연축동 123,134.97,벽돌구조,단독주택,기와,1966
대전광역시 대덕구 연축동 123-1,57.15,벽돌구조,단독주택,슬레이트,1934
대전광역시 대덕구 연축동 123-2,72.6,경량철골구조,단독주택,기타지붕,1957
대전광역시 대덕구 연축동 123-3,66.71,벽돌구조,단독주택,(철근)콘크리트,1996-11-22
대전광역시 대덕구 연축동 123-4,84.4,벽돌구조,단독주택,(철근)콘크리트,1997-07-04
대전광역시 대덕구 연축동 123-5,82.65,벽돌구조,단독주택,슬레이트,1914
대전광역시 대덕구 연축동 129,159.75,철근콘크리트구조,단독주택,(철근)콘크리트,1996-05-30
대전광역시 대덕구 연축동 130-1,86.61,일반목구조,단독주택,기와,1934
대전광역시 대덕구 연축동 130-2,85.59,일반목구조,단독주택,기와,1949
대전광역시 대덕구 연축동 132,120.06,일반목구조,단독주택,슬레이트,1924
대전광역시 대덕구 연축동 133,97.61,일반목구조,단독주택,기와,1933
대전광역시 대덕구 연축동 135,137.87,벽돌구조,단독주택,기타지붕,1924
대전광역시 대덕구 연축동 136,83.0,벽돌구조,단독주택,(철근)콘크리트,1995-01-26
대전광역시 대덕구 연축동 138,69.04,일반목구조,단독주택,기와,1913
대전광역시 대덕구 연축동 139,70.7,벽돌구조,단독주택,슬레이트,1977
대전광역시 대덕구 연축동 14,182.22,벽돌구조,단독주택,기와,1934
대전광역시 대덕구 연축동 140,87.65,벽돌구조,단독주택,(철근)콘크리트,1979-06-12
대전광역시 대덕구 연축동 142,91.0,벽돌구조,단독주택,(철근)콘크리트,1981-08-19
대전광역시 대덕구 연축동 149-1,85.26,벽돌구조,단독주택,(철근)콘크리트,1985-01-07
대전광역시 대덕구 연축동 149-2,151.04,벽돌구조,단독주택,(철근)콘크리트,1986-09-16
대전광역시 대덕구 연축동 149-6,57.06,블록구조,단독주택,기와,1977-11-14
대전광역시 대덕구 연축동 149-7,73.8,블록구조,단독주택,슬레이트,1977-11-14
대전광역시 대덕구 연축동 150-1,81.18,벽돌구조,단독주택,기와,1978-10-10
대전광역시 대덕구 연축동 150-10,110.59,블록구조,단독주택,기와,1977-07-26
대전광역시 대덕구 연축동 150-11,125.73,블록구조,단독주택,기와,1977-07-26
대전광역시 대덕구 연축동 150-12,48.43,벽돌구조,단독주택,기와,1978-07-08
대전광역시 대덕구 연축동 150-13,58.94,벽돌구조,단독주택,기와,1978-07-08
대전광역시 대덕구 연축동 150-2,29.74,블록구조,단독주택,(철근)콘크리트,1982-11-08
대전광역시 대덕구 연축동 150-6,109.06,벽돌구조,단독주택,(철근)콘크리트,1987-08-24
대전광역시 대덕구 연축동 150-7,35.64,경량철골구조,단독주택,기타지붕,1992-04-13
대전광역시 대덕구 연축동 151,85.3,벽돌구조,단독주택,(철근)콘크리트,1984-11-06
대전광역시 대덕구 연축동 151-1,81.92,벽돌구조,단독주택,(철근)콘크리트,1984-05-31
대전광역시 대덕구 연축동 151-2,86.05,벽돌구조,단독주택,슬레이트,1966
대전광역시 대덕구 연축동 151-3,91.09,벽돌구조,단독주택,(철근)콘크리트,1984-07-16
대전광역시 대덕구 연축동 151-4,67.29,벽돌구조,단독주택,(철근)콘크리트,1984-08-09
대전광역시 대덕구 연축동 151-5,20.74,벽돌구조,단독주택,(철근)콘크리트,1986-06-24
대전광역시 대덕구 연축동 152,489.6,경량철골구조,제2종근린생활시설,기타지붕,2011-12-09
대전광역시 대덕구 연축동 153-3,87.56,블록구조,단독주택,(철근)콘크리트,2004-10-22
대전광역시 대덕구 연축동 158,38.68,일반목구조,단독주택,슬레이트,1949
대전광역시 대덕구 연축동 159,95.72,일반목구조,단독주택,기타지붕,2005-06-07
대전광역시 대덕구 연축동 160,46.38,블록구조,단독주택,슬레이트,1976-04-01
대전광역시 대덕구 연축동 160-1,38.64,블록구조,단독주택,기와,1976-04-01
대전광역시 대덕구 연축동 163,116.52,경량철골구조,단독주택,기타지붕,2020-03-12
대전광역시 대덕구 연축동 164,59.85,경량철골구조,단독주택,기타지붕,2011-10-13
대전광역시 대덕구 연축동 165,106.6,일반목구조,단독주택,기와,1975-10-15
대전광역시 대덕구 연축동 166,65.9,철근콘크리트구조,단독주택,(철근)콘크리트,2011-01-19
대전광역시 대덕구 연축동 169,100.57,일반목구조,단독주택,슬레이트,1969
대전광역시 대덕구 연축동 169-1,428.0,철근콘크리트구조,공동주택,(철근)콘크리트,2007-07-11
대전광역시 대덕구 연축동 169-2,574.71,철근콘크리트구조,단독주택,(철근)콘크리트,2007-07-11
대전광역시 대덕구 연축동 170-3,44.1,벽돌구조,단독주택,(철근)콘크리트,2001-04-20
대전광역시 대덕구 연축동 171,250.43,경량철골구조,교육연구시설,기타지붕,2016-09-09
대전광역시 대덕구 연축동 184,12378.710000000001,철근콘크리트구조,노유자시설,(철근)콘크리트,2010-03-04
대전광역시 대덕구 연축동 194-3,71.46,블록구조,단독주택,기와,1979-11-06
대전광역시 대덕구 연축동 194-4,68.64,블록구조,단독주택,기와,1978-10-10
대전광역시 대덕구 연축동 195-1,370.765,철근콘크리트구조,종교시설,기타지붕,1997-04-30
대전광역시 대덕구 연축동 195-3,98.6,벽돌구조,단독주택,(철근)콘크리트,1995-08-23
대전광역시 대덕구 연축동 195-6,43.12,블록구조,단독주택,슬레이트,1980-04-14
대전광역시 대덕구 연축동 196-4,96.8,벽돌구조,단독주택,(철근)콘크리트,1999-06-18
대전광역시 대덕구 연축동 197,0.0,블록구조,단독주택,기와,1979-07-09
대전광역시 대덕구 연축동 200,293.4,철근콘크리트구조,공동주택,(철근)콘크리트,1987-11-19
대전광역시 대덕구 연축동 200-4,483.8,철근콘크리트구조,공동주택,(철근)콘크리트,1987-11-19
대전광역시 대덕구 연축동 200-7,31.14,벽돌구조,제2종근린생활시설,(철근)콘크리트,1993-08-09
대전광역시 대덕구 연축동 226-9,0.0,일반목구조,단독주택,슬레이트,1954
대전광역시 대덕구 연축동 230,2516.56,일반철골구조,창고시설,기타지붕,1988-09-23
대전광역시 대덕구 연축동 237,95.76,기타조적구조,단독주택,슬레이트,1975-06-03
대전광역시 대덕구 연축동 253-2,146.97,블록구조,단독주택,기와,1979-05-18
대전광역시 대덕구 연축동 255,99.16,기타조적구조,단독주택,기와,1969
대전광역시 대덕구 연축동 255-2,78.56,벽돌구조,단독주택,(철근)콘크리트,1980-02-09
대전광역시 대덕구 연축동 259,69.74,일반목구조,단독주택,기와,1949
대전광역시 대덕구 연축동 26-2,168.77,블록구조,동.식물관련시설,기와,1970
대전광역시 대덕구 연축동 268,103.0,경량철골구조,창고시설,기타지붕,2002-10-23
대전광역시 대덕구 연축동 269,1097.6399999999999,기타구조,노유자시설,기타지붕,2010-01-19
대전광역시 대덕구 연축동 27,221.47,일반목구조,제2종근린생활시설,기와,1990-10-22
대전광역시 대덕구 연축동 270-6,436.54,일반철골구조,자동차관련시설,(철근)콘크리트,2002-09-26
대전광역시 대덕구 연축동 275,145.23,벽돌구조,단독주택,(철근)콘크리트,1979-07-09
대전광역시 대덕구 연축동 275-1,73.07,블록구조,단독주택,기와,1979-07-09
대전광역시 대덕구 연축동 275-2,82.97,블록구조,단독주택,기와,1979-11-07
대전광역시 대덕구 연축동 275-3,92.5,벽돌구조,단독주택,기와,2000-11-09
대전광역시 대덕구 연축동 284-1,155.4,일반철골구조,제2종근린생활시설,기타지붕,2017-03-02
대전광역시 대덕구 연축동 284-3,101.22,경량철골구조,단독주택,기와,2000-06-12
대전광역시 대덕구 연축동 29-5,131.6,벽돌구조,단독주택,(철근)콘크리트,1998-12-28
대전광역시 대덕구 연축동 290,109.65,벽돌구조,단독주택,(철근)콘크리트,1990-08-18
대전광역시 대덕구 연축동 294-2,381.0,일반철골구조,위험물저장및처리시설,기타지붕,2003-06-27
대전광역시 대덕구 연축동 304,323.24,일반철골구조,위험물저장및처리시설,(철근)콘크리트,1995-06-28
대전광역시 대덕구 연축동 306-1,306.33000000000004,경량철골구조,제2종근린생활시설,기타지붕,2018-05-04
대전광역시 대덕구 연축동 306-28,494.41,철근콘크리트구조,업무시설,(철근)콘크리트,2018-07-09
대전광역시 대덕구 연축동 306-9,540.16,일반철골구조,창고시설,(철근)콘크리트,2018-06-22
대전광역시 대덕구 연축동 307-10,66.04,경량철골구조,제2종근린생활시설,기타지붕,2000-05-27
대전광역시 대덕구 연축동 307-16,109.07,경량철골구조,위험물저장및처리시설,기타지붕,1995-10-06
대전광역시 대덕구 연축동 307-19,32.0,경량철골구조,창고시설,기타지붕,1999-12-14
대전광역시 대덕구 연축동 307-21,88.53,경량철골구조,위험물저장및처리시설,기타지붕,2005-12-29
대전광역시 대덕구 연축동 307-4,514.27,철근콘크리트구조,노유자시설,(철근)콘크리트,2007-08-02
대전광역시 대덕구 연축동 307-7,234.6,철근콘크리트구조,창고시설,(철근)콘크리트,1997-04-18
대전광역시 대덕구 연축동 307-8,169.5,벽돌구조,제2종근린생활시설,(철근)콘크리트,1988-06-02
대전광역시 대덕구 연축동 308,91.8,경량철골구조,위험물저장및처리시설,슬레이트,1998-10-21
대전광역시 대덕구 연축동 308-1,72.0,경량철골구조,위험물저장및처리시설,기타지붕,2003-12-13
대전광역시 대덕구 연축동 31-3,197.4,경량철골구조,제2종근린생활시설,기타지붕,1994-05-17
대전광역시 대덕구 연축동 31-4,150.13,철근콘크리트구조,제2종근린생활시설,기와,1996-09-20
대전광역시 대덕구 연축동 31-5,144.04,벽돌구조,제2종근린생활시설,(철근)콘크리트,1995-09-05
대전광역시 대덕구 연축동 31-6,152.86,경량철골구조,창고시설,기타지붕,1996-11-27
대전광역시 대덕구 연축동 31-7,192.89,일반철골구조,제2종근린생활시설,기타지붕,2008-09-22
대전광역시 대덕구 연축동 331-3,161.05,일반목구조,제2종근린생활시설,기타지붕,1999-07-24
대전광역시 대덕구 연축동 35-1,1732.19,일반철골구조,운동시설,(철근)콘크리트,2005-01-10
대전광역시 대덕구 연축동 38,49.38,블록구조,단독주택,슬레이트,1965
대전광역시 대덕구 연축동 40,117.14,벽돌구조,단독주택,(철근)콘크리트,1980-08-06
대전광역시 대덕구 연축동 40-1,134.72,벽돌구조,단독주택,기와,1980-06-19
대전광역시 대덕구 연축동 40-2,85.32,벽돌구조,단독주택,(철근)콘크리트,1980-06-03
대전광역시 대덕구 연축동 40-3,121.91,벽돌구조,단독주택,기와,1980-09-11
대전광역시 대덕구 연축동 40-5,68.99,벽돌구조,제2종근린생활시설,(철근)콘크리트,1980-03-11
대전광역시 대덕구 연축동 40-6,86.33,벽돌구조,단독주택,(철근)콘크리트,1980-12-03
대전광역시 대덕구 연축동 40-7,116.92,벽돌구조,단독주택,(철근)콘크리트,1980-06-03
대전광역시 대덕구 연축동 40-8,85.93,벽돌구조,단독주택,(철근)콘크리트,1980-11-12
대전광역시 대덕구 연축동 40-9,85.12,벽돌구조,단독주택,(철근)콘크리트,1980-12-09
대전광역시 대덕구 연축동 41-1,49.45,기타조적구조,단독주택,기타지붕,1967
대전광역시 대덕구 연축동 411-2,87.88,벽돌구조,단독주택,(철근)콘크리트,2000-11-14
대전광역시 대덕구 연축동 5,160.69,철근콘크리트구조,단독주택,(철근)콘크리트,2007-12-03
대전광역시 대덕구 연축동 51,216.88,경량철골구조,제2종근린생활시설,기타지붕,1994-06-30
대전광역시 대덕구 연축동 69-1,458.93,벽돌구조,동.식물관련시설,기와,1967
대전광역시 대덕구 연축동 69-10,63.84,벽돌구조,단독주택,슬레이트,1986-11-26
대전광역시 대덕구 연축동 69-12,99.79,철근콘크리트구조,단독주택,기타지붕,1998-03-14
대전광역시 대덕구 연축동 69-14,99.5,철근콘크리트구조,제2종근린생활시설,(철근)콘크리트,1997-12-01
대전광역시 대덕구 연축동 69-2,181.39,기타조적구조,단독주택,기타지붕,1967
대전광역시 대덕구 연축동 69-5,158.14,철근콘크리트구조,제2종근린생활시설,(철근)콘크리트,2007-08-02
대전광역시 대덕구 연축동 69-9,141.72,벽돌구조,제2종근린생활시설,슬레이트,1986-11-26
대전광역시 대덕구 연축동 7,139.68,일반목구조,단독주택,기와,1964
대전광역시 대덕구 연축동 7-1,140.2,경량철골구조,창고시설,기타지붕,1934
대전광역시 대덕구 연축동 7-2,86.64,일반목구조,단독주택,기타지붕,1886
대전광역시 대덕구 연축동 7-3,70.0,경량철골구조,창고시설,기타지붕,1999-01-06
대전광역시 대덕구 연축동 71,184.59,경량철골구조,제2종근린생활시설,기타지붕,1994-07-12
대전광역시 대덕구 연축동 75,64.45,일반목구조,단독주택,기타지붕,1924
대전광역시 대덕구 연축동 87,89.83,블록구조,단독주택,슬레이트,1980-10-30
대전광역시 대덕구 연축동 89-1,59.4,블록구조,동.식물관련시설,슬레이트,1980-08-05
대전광역시 대덕구 오정동 0,0.0,일반목구조,단독주택,기와,1952
대전광역시 대덕구 오정동 1,26.45,기타조적구조,단독주택,기타지붕,1959
대전광역시 대덕구 오정동 10-102,650.2,철근콘크리트구조,의료시설,기타지붕,1988-05-14
대전광역시 대덕구 오정동 10-20,85.5,경량철골구조,단독주택,기타지붕,2006-11-01
대전광역시 대덕구 오정동 10-26,75.99,벽돌구조,단독주택,슬레이트,1974-11-07
대전광역시 대덕구 오정동 10-27,192.02,벽돌구조,단독주택,기타지붕,1984-07-26
대전광역시 대덕구 오정동 10-31,129.17,철근콘크리트구조,제2종근린생활시설,(철근)콘크리트,1995-09-23
대전광역시 대덕구 오정동 10-45,78.21,블록구조,단독주택,기와,1972-05-16
대전광역시 대덕구 오정동 10-46,91.5,벽돌구조,단독주택,(철근)콘크리트,1979-12-28
대전광역시 대덕구 오정동 10-47,83.07,철근콘크리트구조,단독주택,(철근)콘크리트,1992-10-20
대전광역시 대덕구 오정동 10-53,101.56,벽돌구조,단독주택,(철근)콘크리트,1997-07-22
대전광역시 대덕구 오정동 10-55,72.06,벽돌구조,단독주택,(철근)콘크리트,1972-08-01
대전광역시 대덕구 오정동 10-56,125.43,벽돌구조,단독주택,(철근)콘크리트,1973-07-20
대전광역시 대덕구 오정동 10-61,66.24,벽돌구조,단독주택,(철근)콘크리트,1976-03-15
대전광역시 대덕구 오정동 10-63,72.89,벽돌구조,단독주택,(철근)콘크리트,1975-09-08
대전광역시 대덕구 오정동 10-68,73.0,벽돌구조,단독주택,(철근)콘크리트,1978-06-29
대전광역시 대덕구 오정동 10-76,73.39,벽돌구조,단독주택,(철근)콘크리트,1977-10-05
대전광역시 대덕구 오정동 10-8,135.77,벽돌구조,단독주택,(철근)콘크리트,1977-08-12
대전광역시 대덕구 오정동 10-87,115.52,벽돌구조,단독주택,(철근)콘크리트,1978-05-19
대전광역시 대덕구 오정동 10-89,42.91,벽돌구조,단독주택,기와,1976-06-21
대전광역시 대덕구 오정동 10-92,50.21,벽돌구조,단독주택,기와,1976-03-17
대전광역시 대덕구 오정동 10-95,136.56,벽돌구조,숙박시설,(철근)콘크리트,1979-07-04
대전광역시 대덕구 오정동 10-96,63.9,블록구조,창고시설,슬레이트,1982-08-23
대전광역시 대덕구 오정동 10-98,76.93,벽돌구조,단독주택,(철근)콘크리트,1978-05-19
대전광역시 대덕구 오정동 100-10,99.53,벽돌구조,단독주택,(철근)콘크리트,1990-09-27
대전광역시 대덕구 오정동 100-12,79.92,일반철골구조,창고시설,기타지붕,2018-05-24
대전광역시 대덕구 오정동 100-14,73.04,벽돌구조,단독주택,(철근)콘크리트,1984-10-02
대전광역시 대덕구 오정동 100-16,177.04,경량철골구조,창고시설,기타지붕,2004-05-15
대전광역시 대덕구 오정동 100-18,70.12,벽돌구조,단독주택,(철근)콘크리트,1984-06-30
대전광역시 대덕구 오정동 100-2,217.8,철근콘크리트구조,제2종근린생활시설,(철근)콘크리트,1998-06-02
대전광역시 대덕구 오정동 100-21,116.96,벽돌구조,단독주택,(철근)콘크리트,1994-07-12
대전광역시 대덕구 오정동 100-22,100.25,벽돌구조,단독주택,(철근)콘크리트,1990-12-29
대전광역시 대덕구 오정동 100-23,98.28,철근콘크리트구조,단독주택,(철근)콘크리트,2005-09-08
대전광역시 대덕구 오정동 100-25,82.28,벽돌구조,단독주택,(철근)콘크리트,1978-08-26
대전광역시 대덕구 오정동 100-26,91.39,벽돌구조,단독주택,(철근)콘크리트,1994-08-04
대전광역시 대덕구 오정동 100-27,81.66,벽돌구조,단독주택,(철근)콘크리트,1981-11-23
대전광역시 대덕구 오정동 100-28,84.9,벽돌구조,단독주택,(철근)콘크리트,1981-06-22
대전광역시 대덕구 오정동 100-29,183.0,경량철골구조,창고시설,기타지붕,2009-02-19
대전광역시 대덕구 오정동 100-3,97.67,철근콘크리트구조,단독주택,(철근)콘크리트,2000-10-12
대전광역시 대덕구 오정동 100-32,71.18,벽돌구조,단독주택,(철근)콘크리트,1984-12-17
대전광역시 대덕구 오정동 100-34,70.74,벽돌구조,단독주택,(철근)콘크리트,1984-05-01
대전광역시 대덕구 오정동 100-35,71.92,벽돌구조,단독주택,(철근)콘크리트,1984-05-01
대전광역시 대덕구 오정동 100-37,77.51,벽돌구조,단독주택,(철근)콘크리트,1984-05-01
대전광역시 대덕구 오정동 100-38,76.98,벽돌구조,단독주택,(철근)콘크리트,1984-05-01
대전광역시 대덕구 오정동 100-39,70.46,벽돌구조,단독주택,(철근)콘크리트,1984-05-01
대전광역시 대덕구 오정동 100-40,72.18,벽돌구조,단독주택,(철근)콘크리트,1984-05-01
대전광역시 대덕구 오정동 100-41,77.04,벽돌구조,단독주택,(철근)콘크리트,1984-05-02
대전광역시 대덕구 오정동 100-5,68.41,벽돌구조,단독주택,(철근)콘크리트,1984-09-20
대전광역시 대덕구 오정동 100-6,95.84,일반철골구조,제2종근린생활시설,기타지붕,2004-05-19
대전광역시 대덕구 오정동 100-7,240.0,일반철골구조,제2종근린생활시설,기타지붕,2002-04-03
대전광역시 대덕구 오정동 100-8,139.48,일반철골구조,제2종근린생활시설,기타지붕,2014-09-26
대전광역시 대덕구 오정동 100-9,78.35,벽돌구조,단독주택,(철근)콘크리트,1984-05-01
대전광역시 대덕구 오정동 101-1,172.8,경량철골구조,창고시설,기타지붕,1999-05-07
대전광역시 대덕구 오정동 101-10,95.43,벽돌구조,단독주택,(철근)콘크리트,1990-05-22
대전광역시 대덕구 오정동 101-11,96.36,철근콘크리트구조,단독주택,(철근)콘크리트,1989-12-06
대전광역시 대덕구 오정동 101-13,88.47,벽돌구조,단독주택,(철근)콘크리트,1990-07-20
대전광역시 대덕구 오정동 101-14,297.65999999999997,벽돌구조,제2종근린생활시설,슬레이트,2010-01-25
대전광역시 대덕구 오정동 101-16,415.75,철근콘크리트구조,공동주택,(철근)콘크리트,1998-03-25
대전광역시 대덕구 오정동 101-19,415.75,철근콘크리트구조,공동주택,(철근)콘크리트,1998-03-25
대전광역시 대덕구 오정동 101-2,95.43,벽돌구조,단독주택,(철근)콘크리트,1990-07-20
대전광역시 대덕구 오정동 101-20,42.4,경량철골구조,창고시설,기타지붕,2013-05-16
대전광역시 대덕구 오정동 101-3,173.52,벽돌구조,단독주택,(철근)콘크리트,1989-05-26
대전광역시 대덕구 오정동 101-4,113.4,벽돌구조,단독주택,(철근)콘크리트,1988-12-06
대전광역시 대덕구 오정동 101-5,200.03,벽돌구조,단독주택,(철근)콘크리트,1986-07-09
대전광역시 대덕구 오정동 101-6,141.3,경량철골구조,창고시설,기타지붕,1999-04-19
대전광역시 대덕구 오정동 101-7,217.54,철근콘크리트구조,교육연구시설,(철근)콘크리트,1990-02-02
대전광역시 대덕구 오정동 101-8,97.6,벽돌구조,단독주택,(철근)콘크리트,1987-11-26
대전광역시 대덕구 오정동 101-9,100.46,벽돌구조,단독주택,(철근)콘크리트,1989-05-26
대전광역시 대덕구 오정동 102-1,336.0,철근콘크리트구조,제2종근린생활시설,(철근)콘크리트,1995-06-15
대전광역시 대덕구 오정동 102-10,192.04,벽돌구조,단독주택,(철근)콘크리트,1987-09-28
대전광역시 대덕구 오정동 102-11,95.76,철근콘크리트구조,제2종근린생활시설,(철근)콘크리트,1988-07-14
대전광역시 대덕구 오정동 102-12,91.87,벽돌구조,단독주택,(철근)콘크리트,1988-08-19
대전광역시 대덕구 오정동 102-13,75.04,벽돌구조,단독주택,(철근)콘크리트,1987-07-03
대전광역시 대덕구 오정동 102-18,131.04,경량철골구조,공장,기타지붕,1994-05-27
대전광역시 대덕구 오정동 102-2,337.8,철근콘크리트구조,제2종근린생활시설,(철근)콘크리트,1992-09-09
대전광역시 대덕구 오정동 102-20,168.0,일반철골구조,창고시설,기타지붕,2015-04-03
대전광역시 대덕구 오정동 102-21,112.31,벽돌구조,단독주택,(철근)콘크리트,1990-02-01
대전광역시 대덕구 오정동 102-23,118.05,벽돌구조,단독주택,(철근)콘크리트,1990-09-01
대전광역시 대덕구 오정동 102-25,127.57,벽돌구조,단독주택,(철근)콘크리트,1991-11-06
대전광역시 대덕구 오정동 102-26,101.16,벽돌구조,단독주택,(철근)콘크리트,1990-10-10
대전광역시 대덕구 오정동 102-27,121.06,벽돌구조,단독주택,(철근)콘크리트,1991-05-20
대전광역시 대덕구 오정동 102-28,95.75,벽돌구조,단독주택,(철근)콘크리트,1992-01-29
대전광역시 대덕구 오정동 102-3,138.0,경량철골구조,창고시설,기타지붕,2014-07-07
대전광역시 대덕구 오정동 102-5,337.66,일반철골구조,창고시설,(철근)콘크리트,2005-12-26
대전광역시 대덕구 오정동 102-6,130.38,일반철골구조,창고시설,기타지붕,2015-04-13
대전광역시 대덕구 오정동 102-7,459.84000000000003,일반철골구조,창고시설,기타지붕,2002-07-03
대전광역시 대덕구 오정동 102-9,100.56,벽돌구조,단독주택,(철근)콘크리트,1990-09-01
대전광역시 대덕구 오정동 103-1,175.63,철근콘크리트구조,단독주택,(철근)콘크리트,2002-08-06
대전광역시 대덕구 오정동 103-10,97.32,벽돌구조,단독주택,(철근)콘크리트,1990-07-05
대전광역시 대덕구 오정동 103-11,93.09,벽돌구조,단독주택,(철근)콘크리트,1990-11-10
대전광역시 대덕구 오정동 103-12,90.75,벽돌구조,단독주택,(철근)콘크리트,1990-07-05
대전광역시 대덕구 오정동 103-13,116.04,벽돌구조,단독주택,(철근)콘크리트,1990-06-22
대전광역시 대덕구 오정동 103-15,113.4,벽돌구조,단독주택,(철근)콘크리트,1990-10-24
대전광역시 대덕구 오정동 103-16,117.04,벽돌구조,단독주택,(철근)콘크리트,1990-05-31
대전광역시 대덕구 오정동 103-2,335.44,일반철골구조,제2종근린생활시설,기타지붕,2004-07-21
대전광역시 대덕구 오정동 103-4,384.53,일반철골구조,제2종근린생활시설,기타지붕,2018-10-10
대전광역시 대덕구 오정동 103-5,179.28,벽돌구조,단독주택,(철근)콘크리트,1987-07-20
대전광역시 대덕구 오정동 103-6,139.68,경량철골구조,제2종근린생활시설,기타지붕,1993-04-12
대전광역시 대덕구 오정동 103-7,218.48,일반철골구조,창고시설,기타지붕,1984-06-29
대전광역시 대덕구 오정동 103-9,121.38,철근콘크리트구조,단독주택,(철근)콘크리트,1992-12-10
대전광역시 대덕구 오정동 104,146.61,일반목구조,단독주택,기타지붕,1939
대전광역시 대덕구 오정동 106,86.67,일반목구조,단독주택,기타지붕,1941
대전광역시 대덕구 오정동 106-1,202.73,철근콘크리트구조,창고시설,(철근)콘크리트,2003-08-22
대전광역시 대덕구 오정동 106-2,132.96,일반철골구조,제2종근린생활시설,기타지붕,2014-02-07
대전광역시 대덕구 오정동 106-5,105.29,벽돌구조,단독주택,슬레이트,1975-10-31
대전광역시 대덕구 오정동 106-6,113.92,일반철골구조,제2종근린생활시설,(철근)콘크리트,2016-05-17
대전광역시 대덕구 오정동 106-9,252.96,일반철골구조,창고시설,기타지붕,2014-01-15
대전광역시 대덕구 오정동 107-1,79.2,경량철골구조,제2종근린생활시설,기타지붕,1995-07-19
대전광역시 대덕구 오정동 108,19.83,일반목구조,단독주택,기와,1948
대전광역시 대덕구 오정동 108-26,263.83,철근콘크리트구조,운수시설,(철근)콘크리트,2004-09-03
대전광역시 대덕구 오정동 108-28,57.75,벽돌구조,제2종근린생활시설,(철근)콘크리트,1975-11-08
대전광역시 대덕구 오정동 108-29,88.22,블록구조,단독주택,기와,1976-07-28
대전광역시 대덕구 오정동 108-3,134.28,경량철골구조,창고시설,기타지붕,1993-10-04
대전광역시 대덕구 오정동 108-30,80.56,벽돌구조,제2종근린생활시설,(철근)콘크리트,1993-03-22
대전광역시 대덕구 오정동 108-31,149.4,일반철골구조,창고시설,기타지붕,2015-01-21
대전광역시 대덕구 오정동 108-4,171.4,벽돌구조,공장,슬레이트,
대전광역시 대덕구 오정동 108-43,129.67,벽돌구조,창고시설,슬레이트,1972-06-20
대전광역시 대덕구 오정동 108-44,102.12,벽돌구조,단독주택,(철근)콘크리트,1972-06-20
대전광역시 대덕구 오정동 108-47,207.3,일반철골구조,제2종근린생활시설,기타지붕,1995-06-07
대전광역시 대덕구 오정동 108-49,55.07,기타조적구조,단독주택,기와,1952
대전광역시 대덕구 오정동 108-52,60.82,벽돌구조,단독주택,기와,1976-06-07
대전광역시 대덕구 오정동 108-55,98.38,벽돌구조,자동차관련시설,(철근)콘크리트,1995-05-03
대전광역시 대덕구 오정동 108-69,86.64,경량철골구조,창고시설,기타지붕,1993-10-04
대전광역시 대덕구 오정동 110,55.63,일반목구조,단독주택,기와,1942
대전광역시 대덕구 오정동 111-2,80.6,벽돌구조,단독주택,기와,1970-07-15
대전광역시 대덕구 오정동 119,1474.08,철근콘크리트구조,제2종근린생활시설,슬레이트,1976-04-29
대전광역시 대덕구 오정동 133,48017.22,벽돌구조,단독주택,기타지붕,1956
대전광역시 대덕구 오정동 143,29.75,일반목구조,단독주택,기타지붕,1910
대전광역시 대덕구 오정동 16,3080.61,강파이프구조,교육연구시설,기타지붕,2018-05-04
대전광역시 대덕구 오정동 166-3,42.97,일반목구조,단독주택,슬레이트,1923
대전광역시 대덕구 오정동 166-4,69.82,일반목구조,단독주택,기와,1973-12-29
대전광역시 대덕구 오정동 166-5,33.06,일반목구조,단독주택,기와,1950
대전광역시 대덕구 오정동 17,24.39,벽돌구조,단독주택,슬레이트,1941
대전광역시 대덕구 오정동 172-18,309.61,철근콘크리트구조,제2종근린생활시설,(철근)콘크리트,1990-05-11
대전광역시 대덕구 오정동 172-21,266.14,철근콘크리트구조,제2종근린생활시설,(철근)콘크리트,2015-03-26
대전광역시 대덕구 오정동 172-3,760.74,철근콘크리트구조,제2종근린생활시설,(철근)콘크리트,2001-09-26
대전광역시 대덕구 오정동 172-5,889.62,철근콘크리트구조,제2종근린생활시설,(철근)콘크리트,2001-08-31
대전광역시 대덕구 오정동 172-7,1271.95,철근콘크리트구조,교육연구시설,(철근)콘크리트,1994-06-28
대전광역시 대덕구 오정동 175-10,169.93,철근콘크리트구조,제2종근린생활시설,(철근)콘크리트,2000-05-23
대전광역시 대덕구 오정동 175-11,70.53,경량철골구조,제2종근린생활시설,기타지붕,2009-07-21
대전광역시 대덕구 오정동 175-112,139.62,철근콘크리트구조,단독주택,(철근)콘크리트,2015-08-21
대전광역시 대덕구 오정동 175-15,24.23,일반목구조,동.식물관련시설,기와,1951
대전광역시 대덕구 오정동 175-18,100.0,철근콘크리트구조,단독주택,(철근)콘크리트,1995-08-11
대전광역시 대덕구 오정동 175-22,166.58,철근콘크리트구조,제2종근린생활시설,(철근)콘크리트,1991-01-10
대전광역시 대덕구 오정동 175-23,162.91,철근콘크리트구조,제2종근린생활시설,(철근)콘크리트,2011-08-25
대전광역시 대덕구 오정동 175-25,141.79,철근콘크리트구조,단독주택,(철근)콘크리트,2008-09-23
대전광역시 대덕구 오정동 175-32,141.54,철근콘크리트구조,단독주택,(철근)콘크리트,2013-09-16
대전광역시 대덕구 오정동 175-33,132.6,철근콘크리트구조,단독주택,(철근)콘크리트,2010-07-30
대전광역시 대덕구 오정동 175-36,74.45,벽돌구조,제2종근린생활시설,기와,1976-07-30
대전광역시 대덕구 오정동 175-38,120.77,철근콘크리트구조,제2종근린생활시설,(철근)콘크리트,1986-07-16
대전광역시 대덕구 오정동 175-41,114.5,철근콘크리트구조,제2종근린생활시설,(철근)콘크리트,2007-06-01
대전광역시 대덕구 오정동 175-42,178.72,철근콘크리트구조,단독주택,(철근)콘크리트,2018-10-10
대전광역시 대덕구 오정동 175-44,191.77,철근콘크리트구조,단독주택,(철근)콘크리트,1996-08-31
대전광역시 대덕구 오정동 175-45,87.31,철근콘크리트구조,단독주택,(철근)콘크리트,2002-08-21
대전광역시 대덕구 오정동 175-46,143.07999999999998,벽돌구조,단독주택,(철근)콘크리트,1980-10-27
대전광역시 대덕구 오정동 175-47,79.55,경량철골구조,제2종근린생활시설,기타지붕,2002-06-03
대전광역시 대덕구 오정동 175-49,152.4,철근콘크리트구조,단독주택,(철근)콘크리트,2010-12-22
대전광역시 대덕구 오정동 175-50,72.97,벽돌구조,단독주택,(철근)콘크리트,1980-10-27
대전광역시 대덕구 오정동 175-51,61.46,벽돌구조,단독주택,(철근)콘크리트,1980-10-27
대전광역시 대덕구 오정동 175-52,91.06,철근콘크리트구조,단독주택,(철근)콘크리트,2001-10-29
대전광역시 대덕구 오정동 175-55,153.92,벽돌구조,제2종근린생활시설,(철근)콘크리트,1980-10-27
대전광역시 대덕구 오정동 175-68,58.16,벽돌구조,제2종근린생활시설,(철근)콘크리트,1980-12-21
대전광역시 대덕구 오정동 175-70,143.06,철근콘크리트구조,단독주택,(철근)콘크리트,2010-06-29
대전광역시 대덕구 오정동 175-71,197.74,철근콘크리트구조,제2종근린생활시설,(철근)콘크리트,1986-05-21
대전광역시 대덕구 오정동 175-77,119.43,철근콘크리트구조,제2종근린생활시설,(철근)콘크리트,1986-10-22
대전광역시 대덕구 오정동 175-8,185.88,철근콘크리트구조,제2종근린생활시설,(철근)콘크리트,2011-08-25
대전광역시 대덕구 오정동 175-81,134.65,철근콘크리트구조,제2종근린생활시설,(철근)콘크리트,1994-07-16
대전광역시 대덕구 오정동 175-84,226.32,철근콘크리트구조,공동주택,(철근)콘크리트,1991-12-07
대전광역시 대덕구 오정동 175-85,153.8,철근콘크리트구조,단독주택,(철근)콘크리트,2021-03-22
대전광역시 대덕구 오정동 175-86,88.3,철근콘크리트구조,단독주택,(철근)콘크리트,2015-08-21
대전광역시 대덕구 오정동 175-89,131.88,철근콘크리트구조,단독주택,(철근)콘크리트,2016-12-27
대전광역시 대덕구 오정동 175-9,665.36,경량철골구조,제2종근린생활시설,기타지붕,1988-04-22
대전광역시 대덕구 오정동 175-90,107.53,철근콘크리트구조,단독주택,(철근)콘크리트,2008-08-05
대전광역시 대덕구 오정동 20-7,148.46,벽돌구조,공장,기와,1950
대전광역시 대덕구 오정동 200-51,529.36,철근콘크리트구조,공동주택,(철근)콘크리트,2003-01-11
대전광역시 대덕구 오정동 200-52,391.38,철근콘크리트구조,공동주택,(철근)콘크리트,2003-01-11
대전광역시 대덕구 오정동 200-53,309.7,철근콘크리트구조,공동주택,(철근)콘크리트,2003-01-11
대전광역시 대덕구 오정동 200-54,261.54,철근콘크리트구조,공동주택,(철근)콘크리트,2003-01-11
대전광역시 대덕구 오정동 201-1,29.75,일반목구조,단독주택,기타지붕,1945
대전광역시 대덕구 오정동 201-21,127.86,철근콘크리트구조,단독주택,(철근)콘크리트,2001-02-14
대전광역시 대덕구 오정동 201-22,141.74,철근콘크리트구조,단독주택,(철근)콘크리트,2000-07-01
대전광역시 대덕구 오정동 201-23,152.36,철근콘크리트구조,제2종근린생활시설,(철근)콘크리트,2001-03-05
대전광역시 대덕구 오정동 201-25,255.76,철근콘크리트구조,공동주택,(철근)콘크리트,2000-08-08
대전광역시 대덕구 오정동 201-26,245.42,철근콘크리트구조,공동주택,(철근)콘크리트,2000-08-04
대전광역시 대덕구 오정동 201-27,272.36,철근콘크리트구조,공동주택,(철근)콘크리트,2000-05-16
대전광역시 대덕구 오정동 201-28,279.16,철근콘크리트구조,공동주택,(철근)콘크리트,2002-03-26
대전광역시 대덕구 오정동 201-30,261.92,철근콘크리트구조,공동주택,(철근)콘크리트,2000-06-09
대전광역시 대덕구 오정동 201-31,156.53,철근콘크리트구조,단독주택,(철근)콘크리트,2000-10-10
대전광역시 대덕구 오정동 201-33,104.0,철근콘크리트구조,단독주택,기타지붕,2000-07-01
대전광역시 대덕구 오정동 201-34,84.48,철근콘크리트구조,단독주택,(철근)콘크리트,2002-11-15
대전광역시 대덕구 오정동 201-35,104.355,철근콘크리트구조,단독주택,기타지붕,2000-07-01
대전광역시 대덕구 오정동 201-36,260.08,철근콘크리트구조,공동주택,(철근)콘크리트,2000-06-15
대전광역시 대덕구 오정동 201-37,260.08,철근콘크리트구조,공동주택,(철근)콘크리트,2000-06-15
대전광역시 대덕구 오정동 201-38,107.91,철근콘크리트구조,단독주택,(철근)콘크리트,2023-01-25
대전광역시 대덕구 오정동 201-5,134.84,철근콘크리트구조,단독주택,(철근)콘크리트,2001-02-14
대전광역시 대덕구 오정동 211-4,116.1,철근콘크리트구조,제2종근린생활시설,(철근)콘크리트,1990-10-16
대전광역시 대덕구 오정동 212-3,204.51,일반철골구조,제2종근린생활시설,(철근)콘크리트,2013-12-11
대전광역시 대덕구 오정동 212-7,117.98,철근콘크리트구조,제2종근린생활시설,(철근)콘크리트,2003-05-02
대전광역시 대덕구 오정동 221-1,115.589,철근콘크리트구조,제2종근린생활시설,(철근)콘크리트,1995-09-20
대전광역시 대덕구 오정동 221-3,289.03,벽돌구조,단독주택,기타지붕,1994-09-28
대전광역시 대덕구 오정동 221-4,197.25,철근콘크리트구조,제2종근린생활시설,(철근)콘크리트,1995-04-19
대전광역시 대덕구 오정동 222-5,193.67,철근콘크리트구조,제2종근린생활시설,(철근)콘크리트,1998-12-21
대전광역시 대덕구 오정동 223,105.36,철근콘크리트구조,단독주택,(철근)콘크리트,2012-02-17
대전광역시 대덕구 오정동 223-1,477.17,일반철골구조,제2종근린생활시설,(철근)콘크리트,1996-07-19
대전광역시 대덕구 오정동 223-10,88.48,철근콘크리트구조,단독주택,기타지붕,1997-07-11
대전광역시 대덕구 오정동 223-100,169.23,철근콘크리트구조,단독주택,(철근)콘크리트,2003-12-17
대전광역시 대덕구 오정동 223-102,57.1,철근콘크리트구조,제2종근린생활시설,(철근)콘크리트,2004-09-10
대전광역시 대덕구 오정동 223-105,97.36,철근콘크리트구조,단독주택,(철근)콘크리트,2011-12-26
대전광역시 대덕구 오정동 223-106,97.615,벽돌구조,단독주택,(철근)콘크리트,1974-12-10
대전광역시 대덕구 오정동 223-108,137.15,철근콘크리트구조,제2종근린생활시설,(철근)콘크리트,2021-06-23
대전광역시 대덕구 오정동 223-109,121.21,철근콘크리트구조,단독주택,(철근)콘크리트,2012-07-26
대전광역시 대덕구 오정동 223-119,69.17,철근콘크리트구조,단독주택,(철근)콘크리트,1996-11-11
대전광역시 대덕구 오정동 223-12,1498.4900000000002,일반목구조,종교시설,기타지붕,1993-06-23
대전광역시 대덕구 오정동 223-129,109.98,철근콘크리트구조,단독주택,(철근)콘크리트,2001-10-08
대전광역시 대덕구 오정동 223-13,107.06,철근콘크리트구조,단독주택,(철근)콘크리트,2010-12-24
대전광역시 대덕구 오정동 223-132,100.27,철근콘크리트구조,단독주택,(철근)콘크리트,2017-08-01
대전광역시 대덕구 오정동 223-133,95.76,철근콘크리트구조,단독주택,(철근)콘크리트,2004-02-19
대전광역시 대덕구 오정동 223-135,144.6,철근콘크리트구조,단독주택,(철근)콘크리트,2010-01-19
대전광역시 대덕구 오정동 223-136,184.84,철근콘크리트구조,단독주택,(철근)콘크리트,2008-02-04
대전광역시 대덕구 오정동 223-141,161.14,철근콘크리트구조,단독주택,(철근)콘크리트,2019-02-21
대전광역시 대덕구 오정동 223-142,138.28,철근콘크리트구조,단독주택,(철근)콘크리트,2015-01-30
대전광역시 대덕구 오정동 223-143,100.71,철근콘크리트구조,단독주택,(철근)콘크리트,2017-01-16
대전광역시 대덕구 오정동 223-144,93.09,철근콘크리트구조,단독주택,(철근)콘크리트,2017-01-16
대전광역시 대덕구 오정동 223-147,59.12,벽돌구조,단독주택,(철근)콘크리트,1978-01-19
대전광역시 대덕구 오정동 223-148,55.8,벽돌구조,단독주택,기와,1976-05-14
대전광역시 대덕구 오정동 223-149,74.15,벽돌구조,단독주택,(철근)콘크리트,1978-05-29
대전광역시 대덕구 오정동 223-151,60.58,철근콘크리트구조,단독주택,(철근)콘크리트,2000-12-28
대전광역시 대덕구 오정동 223-152,213.22,철근콘크리트구조,단독주택,(철근)콘크리트,1997-03-06
대전광역시 대덕구 오정동 223-156,115.86,철근콘크리트구조,단독주택,(철근)콘크리트,2009-12-04
대전광역시 대덕구 오정동 223-157,34.05,벽돌구조,단독주택,기와,1977-05-24
대전광역시 대덕구 오정동 223-158,136.17,철근콘크리트구조,단독주택,(철근)콘크리트,2015-11-24
대전광역시 대덕구 오정동 223-159,103.94,철근콘크리트구조,단독주택,(철근)콘크리트,2013-03-06
대전광역시 대덕구 오정동 223-16,164.78,철근콘크리트구조,단독주택,(철근)콘크리트,2008-02-05
대전광역시 대덕구 오정동 223-160,163.0,철근콘크리트구조,단독주택,(철근)콘크리트,2017-12-18
대전광역시 대덕구 오정동 223-162,156.24,철근콘크리트구조,단독주택,(철근)콘크리트,2017-01-24
대전광역시 대덕구 오정동 223-17,73.56,벽돌구조,단독주택,(철근)콘크리트,1990-10-13
대전광역시 대덕구 오정동 223-174,100.09,벽돌구조,단독주택,(철근)콘크리트,1979-10-19
대전광역시 대덕구 오정동 223-177,246.52,철근콘크리트구조,제2종근린생활시설,(철근)콘크리트,2005-08-05
대전광역시 대덕구 오정동 223-193,91.61,벽돌구조,제2종근린생활시설,(철근)콘크리트,1991-05-28
대전광역시 대덕구 오정동 223-195,96.81,철근콘크리트구조,단독주택,(철근)콘크리트,2018-08-20
대전광역시 대덕구 오정동 223-196,89.15,철근콘크리트구조,단독주택,(철근)콘크리트,2016-08-24
대전광역시 대덕구 오정동 223-197,81.4,철근콘크리트구조,단독주택,(철근)콘크리트,2016-08-24
대전광역시 대덕구 오정동 223-213,12.14,경량철골구조,제2종근린생활시설,기타지붕,2012-02-23
대전광역시 대덕구 오정동 223-216,248.2,일반철골구조,제2종근린생활시설,(철근)콘크리트,2001-04-25
대전광역시 대덕구 오정동 223-220,81.74,철근콘크리트구조,단독주택,(철근)콘크리트,2017-11-13
대전광역시 대덕구 오정동 223-222,140.12,철근콘크리트구조,단독주택,(철근)콘크리트,1997-05-17
대전광역시 대덕구 오정동 223-223,116.12,철근콘크리트구조,단독주택,(철근)콘크리트,2018-09-07
대전광역시 대덕구 오정동 223-224,83.444,철근콘크리트구조,단독주택,기타지붕,1997-05-24
대전광역시 대덕구 오정동 223-240,130.35,철근콘크리트구조,단독주택,(철근)콘크리트,2018-08-23
대전광역시 대덕구 오정동 223-261,238.79,철근콘크리트구조,제2종근린생활시설,(철근)콘크리트,2000-07-03
대전광역시 대덕구 오정동 223-262,222.97,일반철골구조,제2종근린생활시설,(철근)콘크리트,2000-05-30
대전광역시 대덕구 오정동 223-264,306.25,철근콘크리트구조,제2종근린생활시설,(철근)콘크리트,2001-12-31
대전광역시 대덕구 오정동 223-265,381.66,일반철골구조,제2종근린생활시설,(철근)콘크리트,2000-12-30
대전광역시 대덕구 오정동 223-266,129.21,철근콘크리트구조,제2종근린생활시설,(철근)콘크리트,2000-11-06
대전광역시 대덕구 오정동 223-267,137.14,철근콘크리트구조,제2종근린생활시설,(철근)콘크리트,2000-06-26
대전광역시 대덕구 오정동 223-268,220.6,철근콘크리트구조,제2종근린생활시설,(철근)콘크리트,2000-06-07
대전광역시 대덕구 오정동 223-27,124.62,철근콘크리트구조,단독주택,(철근)콘크리트,2019-12-05
대전광역시 대덕구 오정동 223-270,121.6,철근콘크리트구조,제2종근린생활시설,(철근)콘크리트,2001-07-13
대전광역시 대덕구 오정동 223-271,111.05,철근콘크리트구조,제2종근린생활시설,(철근)콘크리트,2001-04-17
대전광역시 대덕구 오정동 223-272,449.27,일반철골구조,제2종근린생활시설,(철근)콘크리트,2000-12-30
대전광역시 대덕구 오정동 223-273,172.58,철근콘크리트구조,제2종근린생활시설,(철근)콘크리트,2001-04-17
대전광역시 대덕구 오정동 223-274,173.29,철근콘크리트구조,제2종근린생활시설,(철근)콘크리트,2001-08-22
대전광역시 대덕구 오정동 223-279,149.46,철근콘크리트구조,단독주택,(철근)콘크리트,2019-02-19
대전광역시 대덕구 오정동 223-28,113.36,철근콘크리트구조,단독주택,(철근)콘크리트,2005-03-15
대전광역시 대덕구 오정동 223-30,150.96,철근콘크리트구조,단독주택,(철근)콘크리트,2011-12-29
대전광역시 대덕구 오정동 223-31,156.83,철근콘크리트구조,단독주택,(철근)콘크리트,2013-01-09
대전광역시 대덕구 오정동 223-314,141.16,철근콘크리트구조,단독주택,(철근)콘크리트,2009-12-30
대전광역시 대덕구 오정동 223-32,97.25,철근콘크리트구조,단독주택,(철근)콘크리트,2020-09-22
대전광역시 대덕구 오정동 223-348,104.73,철근콘크리트구조,단독주택,(철근)콘크리트,2013-11-07
대전광역시 대덕구 오정동 223-35,81.84,벽돌구조,단독주택,(철근)콘크리트,1996-09-20
대전광역시 대덕구 오정동 223-353,118.86,철근콘크리트구조,단독주택,(철근)콘크리트,2012-12-14
대전광역시 대덕구 오정동 223-354,119.02,철근콘크리트구조,단독주택,(철근)콘크리트,2012-08-22
대전광역시 대덕구 오정동 223-36,74.49,벽돌구조,단독주택,(철근)콘크리트,1969-11-21
대전광역시 대덕구 오정동 223-361,138.0,철근콘크리트구조,단독주택,(철근)콘크리트,2015-11-24
대전광역시 대덕구 오정동 223-37,155.68,철근콘크리트구조,제2종근린생활시설,(철근)콘크리트,2014-12-31
대전광역시 대덕구 오정동 223-374,176.86,철근콘크리트구조,단독주택,(철근)콘크리트,2019-02-19
대전광역시 대덕구 오정동 223-375,162.09,철근콘크리트구조,단독주택,(철근)콘크리트,2019-02-19
대전광역시 대덕구 오정동 223-376,148.19,철근콘크리트구조,단독주택,(철근)콘크리트,2019-02-19
대전광역시 대덕구 오정동 223-38,101.26,철근콘크리트구조,단독주택,(철근)콘크리트,2016-12-14
대전광역시 대덕구 오정동 223-39,102.78,철근콘크리트구조,단독주택,(철근)콘크리트,2009-12-04
대전광역시 대덕구 오정동 223-40,139.53,철근콘크리트구조,단독주택,(철근)콘크리트,2007-11-06
대전광역시 대덕구 오정동 223-42,79.96,벽돌구조,단독주택,(철근)콘크리트,1993-07-21
대전광역시 대덕구 오정동 223-43,102.97,철근콘크리트구조,단독주택,(철근)콘크리트,2010-05-28
대전광역시 대덕구 오정동 223-44,77.99,벽돌구조,단독주택,(철근)콘크리트,1992-11-30
대전광역시 대덕구 오정동 223-45,153.29,철근콘크리트구조,단독주택,(철근)콘크리트,2014-12-10
대전광역시 대덕구 오정동 223-47,71.66,벽돌구조,단독주택,(철근)콘크리트,1996-07-19
대전광역시 대덕구 오정동 223-48,96.72,철근콘크리트구조,단독주택,(철근)콘크리트,2016-02-24
대전광역시 대덕구 오정동 223-5,38.05,블록구조,단독주택,슬레이트,1974-07-02
대전광역시 대덕구 오정동 223-50,111.48,철근콘크리트구조,단독주택,(철근)콘크리트,2009-12-18
대전광역시 대덕구 오정동 223-51,145.22,철근콘크리트구조,단독주택,(철근)콘크리트,2015-07-23
대전광역시 대덕구 오정동 223-52,140.8,철근콘크리트구조,단독주택,(철근)콘크리트,2005-08-30
대전광역시 대덕구 오정동 223-55,101.64,철근콘크리트구조,단독주택,(철근)콘크리트,2010-01-27
대전광역시 대덕구 오정동 223-57,74.35,철근콘크리트구조,단독주택,(철근)콘크리트,2016-12-09
대전광역시 대덕구 오정동 223-58,133.2,철근콘크리트구조,단독주택,(철근)콘크리트,2011-12-21
대전광역시 대덕구 오정동 223-59,84.63,철근콘크리트구조,단독주택,(철근)콘크리트,2012-01-27
대전광역시 대덕구 오정동 223-6,92.99,철근콘크리트구조,제2종근린생활시설,(철근)콘크리트,1996-08-16
대전광역시 대덕구 오정동 223-60,64.01,벽돌구조,단독주택,(철근)콘크리트,2005-11-11
대전광역시 대덕구 오정동 223-61,121.68,철근콘크리트구조,단독주택,(철근)콘크리트,2010-03-09
대전광역시 대덕구 오정동 223-64,61.98,벽돌구조,단독주택,기와,1970-10-22
대전광역시 대덕구 오정동 223-65,67.23,벽돌구조,단독주택,(철근)콘크리트,1970-12-29
대전광역시 대덕구 오정동 223-66,128.25,철근콘크리트구조,단독주택,(철근)콘크리트,2010-02-11
대전광역시 대덕구 오정동 223-68,126.56,철근콘크리트구조,단독주택,(철근)콘크리트,2010-02-11
대전광역시 대덕구 오정동 223-69,216.02,철근콘크리트구조,단독주택,(철근)콘크리트,2012-03-29
대전광역시 대덕구 오정동 223-70,129.12,철근콘크리트구조,단독주택,(철근)콘크리트,2012-02-09
대전광역시 대덕구 오정동 223-71,76.06,철근콘크리트구조,교육연구시설,(철근)콘크리트,2001-06-28
대전광역시 대덕구 오정동 223-72,142.94,철근콘크리트구조,단독주택,(철근)콘크리트,2010-01-27
대전광역시 대덕구 오정동 223-74,52.89,벽돌구조,단독주택,기와,1975-08-12
대전광역시 대덕구 오정동 223-75,76.03,벽돌구조,단독주택,기와,1975-06-09
대전광역시 대덕구 오정동 223-79,99.58,철근콘크리트구조,단독주택,(철근)콘크리트,2019-02-26
대전광역시 대덕구 오정동 223-80,137.85,철근콘크리트구조,단독주택,(철근)콘크리트,1998-01-13
대전광역시 대덕구 오정동 223-89,81.1,철근콘크리트구조,단독주택,(철근)콘크리트,2005-01-21
대전광역시 대덕구 오정동 224-1,473.59000000000003,벽돌구조,단독주택,기와,1981-04-20
대전광역시 대덕구 오정동 224-12,74.21,벽돌구조,단독주택,(철근)콘크리트,1981-03-09
대전광역시 대덕구 오정동 224-13,39.26,벽돌구조,단독주택,기와,1981-03-09
대전광역시 대덕구 오정동 224-14,54.02,벽돌구조,단독주택,기와,1981-03-09
대전광역시 대덕구 오정동 224-143,64.69,벽돌구조,단독주택,(철근)콘크리트,1971-10-22
대전광역시 대덕구 오정동 224-15,58.37,벽돌구조,단독주택,기와,1981-03-09
대전광역시 대덕구 오정동 224-18,58.37,벽돌구조,단독주택,기와,1981-03-09
대전광역시 대덕구 오정동 224-19,61.49,벽돌구조,단독주택,기와,1981-03-09
대전광역시 대덕구 오정동 224-26,49.2,벽돌구조,단독주택,(철근)콘크리트,1994-01-21
대전광역시 대덕구 오정동 224-30,53.13,벽돌구조,단독주택,(철근)콘크리트,1987-10-26
대전광역시 대덕구 오정동 224-39,162.63,철근콘크리트구조,단독주택,(철근)콘크리트,2012-03-21
대전광역시 대덕구 오정동 224-5,112.6,철근콘크리트구조,단독주택,(철근)콘크리트,2012-03-21
대전광역시 대덕구 오정동 224-6,45.78,벽돌구조,단독주택,(철근)콘크리트,1981-08-22
대전광역시 대덕구 오정동 225-13,195.86,철근콘크리트구조,단독주택,(철근)콘크리트,2003-06-03
대전광역시 대덕구 오정동 225-16,50.47,기타조적구조,단독주택,기와,1970-07-13
대전광역시 대덕구 오정동 225-20,112.34,벽돌구조,단독주택,(철근)콘크리트,1978-12-22
대전광역시 대덕구 오정동 225-23,66.9,벽돌구조,단독주택,(철근)콘크리트,1997-12-11
대전광역시 대덕구 오정동 225-24,112.04,철근콘크리트구조,단독주택,(철근)콘크리트,2023-01-26
대전광역시 대덕구 오정동 225-7,3890.32,철근콘크리트구조,교육연구시설,기타지붕,1993-01-29
대전광역시 대덕구 오정동 226-1,54.54,블록구조,단독주택,기와,1971-09-23
대전광역시 대덕구 오정동 226-17,79.56,철근콘크리트구조,제2종근린생활시설,(철근)콘크리트,1997-04-18
대전광역시 대덕구 오정동 226-18,54.48,벽돌구조,단독주택,기와,1969-05-28
대전광역시 대덕구 오정동 226-20,213.85,철근콘크리트구조,단독주택,(철근)콘크리트,2003-01-23
대전광역시 대덕구 오정동 226-21,87.66,철근콘크리트구조,단독주택,(철근)콘크리트,1997-12-29
대전광역시 대덕구 오정동 226-22,2580.95,철근콘크리트구조,교육연구시설,기타지붕,1984-12-26
대전광역시 대덕구 오정동 226-23,233.78,철근콘크리트구조,단독주택,(철근)콘크리트,2006-03-28
대전광역시 대덕구 오정동 226-24,110.95,철근콘크리트구조,단독주택,(철근)콘크리트,2000-09-27
대전광역시 대덕구 오정동 227-1,73.3,벽돌구조,단독주택,(철근)콘크리트,1990-07-10
대전광역시 대덕구 오정동 227-10,158.9,벽돌구조,단독주택,(철근)콘크리트,1990-11-30
대전광역시 대덕구 오정동 227-11,97.77,벽돌구조,단독주택,(철근)콘크리트,1993-09-01
대전광역시 대덕구 오정동 227-16,141.96,철근콘크리트구조,단독주택,(철근)콘크리트,2002-10-16
대전광역시 대덕구 오정동 227-19,163.04,철근콘크리트구조,단독주택,(철근)콘크리트,2018-12-28
대전광역시 대덕구 오정동 227-2,101.235,벽돌구조,단독주택,(철근)콘크리트,1992-09-25
대전광역시 대덕구 오정동 227-22,57.39,벽돌구조,단독주택,(철근)콘크리트,1968-10-20
대전광역시 대덕구 오정동 227-23,83.27,벽돌구조,단독주택,(철근)콘크리트,1968-10-30
대전광역시 대덕구 오정동 227-25,59.5,벽돌구조,단독주택,(철근)콘크리트,1968-10-30
대전광역시 대덕구 오정동 227-26,60.53,벽돌구조,단독주택,(철근)콘크리트,1968-10-30
대전광역시 대덕구 오정동 227-28,90.9,벽돌구조,단독주택,(철근)콘크리트,1969-07-30
대전광역시 대덕구 오정동 227-37,149.69,철근콘크리트구조,단독주택,(철근)콘크리트,2020-01-30
대전광역시 대덕구 오정동 227-38,180.23,철근콘크리트구조,단독주택,(철근)콘크리트,2018-12-28
대전광역시 대덕구 오정동 227-50,53.66,벽돌구조,단독주택,(철근)콘크리트,1990-07-28
대전광역시 대덕구 오정동 227-52,73.3,벽돌구조,단독주택,(철근)콘크리트,1990-07-10
대전광역시 대덕구 오정동 227-68,158.76,철근콘크리트구조,단독주택,(철근)콘크리트,2006-02-15
대전광역시 대덕구 오정동 227-8,4186.96,철근콘크리트구조,교육연구시설,(철근)콘크리트,
대전광역시 대덕구 오정동 227-9,132.44,일반철골구조,창고시설,기타지붕,2019-12-03
대전광역시 대덕구 오정동 228-2,43.3,벽돌구조,단독주택,(철근)콘크리트,1975-10-18
대전광역시 대덕구 오정동 23,26.45,일반목구조,단독주택,기타지붕,1916
대전광역시 대덕구 오정동 233-1,124.45,철근콘크리트구조,단독주택,(철근)콘크리트,2007-11-22
대전광역시 대덕구 오정동 233-10,17.19,벽돌구조,단독주택,슬레이트,1971-11-13
대전광역시 대덕구 오정동 233-12,95.43,블록구조,단독주택,기와,1974-03-23
대전광역시 대덕구 오정동 233-13,65.4,벽돌구조,단독주택,기타지붕,1982-11-25
대전광역시 대덕구 오정동 233-14,56.7,벽돌구조,단독주택,(철근)콘크리트,1984-10-23
대전광역시 대덕구 오정동 233-149,100.0,철근콘크리트구조,단독주택,(철근)콘크리트,2015-05-06
대전광역시 대덕구 오정동 233-19,133.98,철근콘크리트구조,단독주택,(철근)콘크리트,2017-12-01
대전광역시 대덕구 오정동 233-20,167.57,철근콘크리트구조,단독주택,(철근)콘크리트,2003-08-27
대전광역시 대덕구 오정동 233-21,201.41,철근콘크리트구조,단독주택,(철근)콘크리트,2009-01-19
대전광역시 대덕구 오정동 233-22,78.12,철근콘크리트구조,단독주택,(철근)콘크리트,2008-03-14
대전광역시 대덕구 오정동 233-23,86.9,철근콘크리트구조,단독주택,(철근)콘크리트,2013-02-07
대전광역시 대덕구 오정동 233-26,104.06,철근콘크리트구조,단독주택,(철근)콘크리트,2016-02-03
대전광역시 대덕구 오정동 233-27,93.78,철근콘크리트구조,단독주택,(철근)콘크리트,2012-08-10
대전광역시 대덕구 오정동 233-30,153.45,철근콘크리트구조,단독주택,(철근)콘크리트,2016-11-28
대전광역시 대덕구 오정동 233-31,46.85,블록구조,단독주택,기와,1971-09-24
대전광역시 대덕구 오정동 233-32,54.545,벽돌구조,단독주택,기와,1971-05-27
대전광역시 대덕구 오정동 233-33,145.94,철근콘크리트구조,단독주택,(철근)콘크리트,2015-08-11
대전광역시 대덕구 오정동 233-34,118.4,철근콘크리트구조,단독주택,(철근)콘크리트,2011-08-31
대전광역시 대덕구 오정동 233-35,70.55,벽돌구조,단독주택,(철근)콘크리트,1973-12-11
대전광역시 대덕구 오정동 233-37,141.7,철근콘크리트구조,단독주택,(철근)콘크리트,2017-12-08
대전광역시 대덕구 오정동 233-38,145.72,철근콘크리트구조,단독주택,(철근)콘크리트,2017-12-29
대전광역시 대덕구 오정동 233-40,137.81,철근콘크리트구조,단독주택,(철근)콘크리트,2018-01-23
대전광역시 대덕구 오정동 233-44,86.46,철근콘크리트구조,단독주택,(철근)콘크리트,1997-03-24
대전광역시 대덕구 오정동 233-47,167.19,철근콘크리트구조,단독주택,(철근)콘크리트,2015-11-25
대전광역시 대덕구 오정동 233-48,177.91,철근콘크리트구조,단독주택,(철근)콘크리트,2017-11-29
대전광역시 대덕구 오정동 233-50,276.09,철근콘크리트구조,제2종근린생활시설,(철근)콘크리트,1993-10-02
대전광역시 대덕구 오정동 233-52,66.24,벽돌구조,단독주택,기타지붕,1993-01-20
대전광역시 대덕구 오정동 233-53,51.105,벽돌구조,단독주택,기와,1975-08-14
대전광역시 대덕구 오정동 233-54,156.82,철근콘크리트구조,단독주택,(철근)콘크리트,2019-06-18
대전광역시 대덕구 오정동 233-55,61.75,블록구조,단독주택,기와,1971-11-27
대전광역시 대덕구 오정동 233-56,51.17,벽돌구조,단독주택,기와,1975-05-14
대전광역시 대덕구 오정동 233-57,55.07,벽돌구조,단독주택,기와,1971-11-15
대전광역시 대덕구 오정동 233-6,142.37,철근콘크리트구조,단독주택,(철근)콘크리트,2012-08-10
대전광역시 대덕구 오정동 233-60,55.702,벽돌구조,단독주택,기와,1971-10-01
대전광역시 대덕구 오정동 233-72,85.25,철근콘크리트구조,단독주택,(철근)콘크리트,2015-02-25
대전광역시 대덕구 오정동 233-73,139.8,철근콘크리트구조,단독주택,(철근)콘크리트,2015-01-30
대전광역시 대덕구 오정동 233-76,78.94,철근콘크리트구조,단독주택,(철근)콘크리트,2016-08-22
대전광역시 대덕구 오정동 233-77,87.42,철근콘크리트구조,단독주택,(철근)콘크리트,2009-08-26
대전광역시 대덕구 오정동 233-78,148.2,철근콘크리트구조,단독주택,(철근)콘크리트,2015-11-20
대전광역시 대덕구 오정동 233-80,99.91,철근콘크리트구조,단독주택,(철근)콘크리트,2015-05-06
대전광역시 대덕구 오정동 233-81,145.75,철근콘크리트구조,단독주택,(철근)콘크리트,2016-11-28
대전광역시 대덕구 오정동 233-82,147.2,철근콘크리트구조,단독주택,(철근)콘크리트,2016-11-28
대전광역시 대덕구 오정동 233-84,124.58,철근콘크리트구조,단독주택,(철근)콘크리트,2007-11-22
대전광역시 대덕구 오정동 233-85,117.64,철근콘크리트구조,단독주택,(철근)콘크리트,1994-09-27
대전광역시 대덕구 오정동 233-9,64.35,벽돌구조,단독주택,슬레이트,1973-08-31
대전광역시 대덕구 오정동 235-10,328.48,일반철골구조,제2종근린생활시설,(철근)콘크리트,2017-07-05
대전광역시 대덕구 오정동 235-11,235.52,철근콘크리트구조,제2종근린생활시설,(철근)콘크리트,1995-10-31
대전광역시 대덕구 오정동 235-14,212.27,철근콘크리트구조,제2종근린생활시설,(철근)콘크리트,1991-01-14
대전광역시 대덕구 오정동 235-16,116.75,벽돌구조,단독주택,(철근)콘크리트,1990-07-30
대전광역시 대덕구 오정동 235-17,116.75,벽돌구조,단독주택,(철근)콘크리트,1990-08-11
대전광역시 대덕구 오정동 235-18,103.51,벽돌구조,단독주택,(철근)콘크리트,1990-11-12
대전광역시 대덕구 오정동 235-4,184.255,철근콘크리트구조,제2종근린생활시설,(철근)콘크리트,1991-09-14
대전광역시 대덕구 오정동 235-6,113.8,벽돌구조,단독주택,(철근)콘크리트,1990-10-31
대전광역시 대덕구 오정동 235-7,120.3,철근콘크리트구조,단독주택,(철근)콘크리트,1992-12-30
대전광역시 대덕구 오정동 235-8,133.06,철근콘크리트구조,제2종근린생활시설,(철근)콘크리트,1988-12-07
대전광역시 대덕구 오정동 235-9,131.7,경량철골구조,제2종근린생활시설,기타지붕,2008-05-21
대전광역시 대덕구 오정동 238-1,67.93,철근콘크리트구조,단독주택,(철근)콘크리트,1982-10-28
대전광역시 대덕구 오정동 238-11,145.01,벽돌구조,단독주택,(철근)콘크리트,1988-11-19
대전광역시 대덕구 오정동 238-12,139.44,벽돌구조,단독주택,(철근)콘크리트,1989-10-26
대전광역시 대덕구 오정동 238-13,108.73,벽돌구조,단독주택,(철근)콘크리트,1989-11-01
대전광역시 대덕구 오정동 238-14,76.71,벽돌구조,단독주택,(철근)콘크리트,1988-11-26
대전광역시 대덕구 오정동 238-16,72.48,벽돌구조,단독주택,(철근)콘크리트,1996-11-11
대전광역시 대덕구 오정동 238-19,101.8,벽돌구조,단독주택,(철근)콘크리트,1990-05-31
대전광역시 대덕구 오정동 238-20,101.72,벽돌구조,단독주택,(철근)콘크리트,1989-11-14
대전광역시 대덕구 오정동 238-23,442.29,철근콘크리트구조,공동주택,(철근)콘크리트,1990-09-21
대전광역시 대덕구 오정동 238-25,130.35,일반철골구조,창고시설,기타지붕,2021-07-16
대전광역시 대덕구 오정동 238-26,134.71,일반철골구조,제2종근린생활시설,기타지붕,2002-10-25
대전광역시 대덕구 오정동 238-3,390.69,일반철골구조,창고시설,기타지붕,2021-06-08
대전광역시 대덕구 오정동 238-4,183.82999999999998,경량철골구조,창고시설,기타지붕,2004-12-24
대전광역시 대덕구 오정동 238-6,180.36,경량철골구조,제2종근린생활시설,기타지붕,1991-12-30
대전광역시 대덕구 오정동 238-7,268.76,일반철골구조,제2종근린생활시설,(철근)콘크리트,2005-07-22
대전광역시 대덕구 오정동 238-8,194.33,일반철골구조,창고시설,기타지붕,2008-06-26
대전광역시 대덕구 오정동 242-3,27.36,경량철골구조,제2종근린생활시설,기타지붕,1991-05-30
대전광역시 대덕구 오정동 243-1,290.24,경량철골구조,제2종근린생활시설,기타지붕,
대전광역시 대덕구 오정동 243-11,110.32,벽돌구조,단독주택,(철근)콘크리트,1990-07-07
대전광역시 대덕구 오정동 243-12,198.0,일반철골구조,제2종근린생활시설,기타지붕,2019-12-12
대전광역시 대덕구 오정동 243-14,92.89,벽돌구조,단독주택,(철근)콘크리트,1991-07-31
대전광역시 대덕구 오정동 243-15,86.88,벽돌구조,단독주택,(철근)콘크리트,1990-06-26
대전광역시 대덕구 오정동 243-16,86.88,벽돌구조,단독주택,(철근)콘크리트,1990-06-29
대전광역시 대덕구 오정동 243-17,93.89,벽돌구조,단독주택,(철근)콘크리트,1991-11-01
대전광역시 대덕구 오정동 243-19,69.93,벽돌구조,단독주택,(철근)콘크리트,1990-05-30
대전광역시 대덕구 오정동 243-21,69.93,벽돌구조,단독주택,(철근)콘크리트,1990-05-30
대전광역시 대덕구 오정동 243-22,69.68,벽돌구조,단독주택,(철근)콘크리트,1990-05-31
대전광역시 대덕구 오정동 243-5,243.83,일반철골구조,창고시설,기타지붕,2023-11-02
대전광역시 대덕구 오정동 243-7,327.6,일반철골구조,제2종근린생활시설,기타지붕,2021-06-16
대전광역시 대덕구 오정동 243-8,67.635,벽돌구조,단독주택,(철근)콘크리트,1990-06-01
대전광역시 대덕구 오정동 243-9,85.03,철골철근콘크리트구조,제2종근린생활시설,기타지붕,2013-07-26
대전광역시 대덕구 오정동 244-10,95.76,벽돌구조,단독주택,기타지붕,2000-11-17
대전광역시 대덕구 오정동 244-11,302.86,벽돌구조,공동주택,(철근)콘크리트,1988-07-26
대전광역시 대덕구 오정동 244-12,75.085,벽돌구조,단독주택,(철근)콘크리트,1990-10-15
대전광역시 대덕구 오정동 244-14,126.52,벽돌구조,단독주택,(철근)콘크리트,1991-07-11
대전광역시 대덕구 오정동 244-15,117.73,벽돌구조,단독주택,(철근)콘크리트,1989-10-16
대전광역시 대덕구 오정동 244-16,65.68,벽돌구조,단독주택,(철근)콘크리트,1986-06-16
대전광역시 대덕구 오정동 244-17,63.4,벽돌구조,단독주택,(철근)콘크리트,1990-06-28
대전광역시 대덕구 오정동 244-19,73.48,벽돌구조,단독주택,(철근)콘크리트,1989-11-20
대전광역시 대덕구 오정동 244-2,65.68,벽돌구조,단독주택,(철근)콘크리트,1986-06-16
대전광역시 대덕구 오정동 244-20,77.76,경량철골구조,제2종근린생활시설,기타지붕,1992-11-24
대전광역시 대덕구 오정동 244-22,105.24,벽돌구조,단독주택,(철근)콘크리트,1991-02-26
대전광역시 대덕구 오정동 244-23,106.21,벽돌구조,단독주택,(철근)콘크리트,1989-11-23
대전광역시 대덕구 오정동 244-24,102.4,벽돌구조,단독주택,(철근)콘크리트,1990-09-28
대전광역시 대덕구 오정동 244-25,67.37,벽돌구조,단독주택,(철근)콘크리트,1982-06-16
대전광역시 대덕구 오정동 244-26,154.28,일반철골구조,제2종근린생활시설,(철근)콘크리트,2003-04-22
대전광역시 대덕구 오정동 244-3,68.6,벽돌구조,단독주택,(철근)콘크리트,1982-06-16
대전광역시 대덕구 오정동 244-4,84.0,벽돌구조,단독주택,(철근)콘크리트,1985-08-08
대전광역시 대덕구 오정동 244-5,165.83,일반철골구조,제2종근린생활시설,기타지붕,2023-08-28
대전광역시 대덕구 오정동 244-6,78.04,벽돌구조,단독주택,(철근)콘크리트,1988-10-07
대전광역시 대덕구 오정동 244-7,103.68,경량철골구조,제2종근린생활시설,기타지붕,1996-10-22
대전광역시 대덕구 오정동 244-8,116.31,벽돌구조,단독주택,(철근)콘크리트,1991-08-28
대전광역시 대덕구 오정동 244-9,356.99,일반철골구조,제2종근린생활시설,기타지붕,2024-03-13
대전광역시 대덕구 오정동 248,39.669,일반목구조,단독주택,기와,1938
대전광역시 대덕구 오정동 253,158.15,일반목구조,단독주택,기와,1943
대전광역시 대덕구 오정동 253-11,99.94,블록구조,단독주택,기와,1968-01-11
대전광역시 대덕구 오정동 253-8,229.125,일반목구조,단독주택,기와,1941
대전광역시 대덕구 오정동 254-1,1926.0,철근콘크리트구조,공동주택,(철근)콘크리트,1991-10-12
대전광역시 대덕구 오정동 254-6,32.39,기타조적구조,단독주택,슬레이트,1954
대전광역시 대덕구 오정동 255-1,140.16,벽돌구조,단독주택,(철근)콘크리트,1993-07-29
대전광역시 대덕구 오정동 255-10,158.1,철근콘크리트구조,단독주택,(철근)콘크리트,2000-06-19
대전광역시 대덕구 오정동 255-12,117.87,벽돌구조,단독주택,기와,1992-08-07
대전광역시 대덕구 오정동 255-14,69.07,벽돌구조,단독주택,(철근)콘크리트,1983-09-09
대전광역시 대덕구 오정동 255-16,191.4,일반철골구조,제2종근린생활시설,기타지붕,2018-12-20
대전광역시 대덕구 오정동 255-17,92.64,벽돌구조,단독주택,(철근)콘크리트,1986-01-17
대전광역시 대덕구 오정동 255-19,187.08,철근콘크리트구조,단독주택,(철근)콘크리트,1997-08-09
대전광역시 대덕구 오정동 255-2,110.4,벽돌구조,제2종근린생활시설,(철근)콘크리트,1990-12-05
대전광역시 대덕구 오정동 255-21,133.02,벽돌구조,단독주택,(철근)콘크리트,1994-07-21
대전광역시 대덕구 오정동 255-23,123.6,경량철골구조,창고시설,기타지붕,2004-06-09
대전광역시 대덕구 오정동 255-24,178.63,철근콘크리트구조,종교시설,(철근)콘크리트,1991-06-28
대전광역시 대덕구 오정동 255-26,77.24,벽돌구조,단독주택,(철근)콘크리트,1989-11-09
대전광역시 대덕구 오정동 255-27,82.84,벽돌구조,단독주택,(철근)콘크리트,1986-04-02
대전광역시 대덕구 오정동 255-28,175.525,벽돌구조,단독주택,(철근)콘크리트,1989-08-12
대전광역시 대덕구 오정동 255-29,128.66,철근콘크리트구조,단독주택,(철근)콘크리트,2001-09-13
대전광역시 대덕구 오정동 255-30,107.61,벽돌구조,단독주택,(철근)콘크리트,1990-06-14
대전광역시 대덕구 오정동 255-31,131.52,벽돌구조,단독주택,(철근)콘크리트,1997-04-19
대전광역시 대덕구 오정동 255-32,84.33,벽돌구조,단독주택,(철근)콘크리트,1979-05-15
대전광역시 대덕구 오정동 255-33,113.29,벽돌구조,단독주택,(철근)콘크리트,1989-06-13
대전광역시 대덕구 오정동 255-34,105.18,벽돌구조,단독주택,(철근)콘크리트,1989-04-07
대전광역시 대덕구 오정동 255-35,108.63,벽돌구조,단독주택,(철근)콘크리트,1990-05-26
대전광역시 대덕구 오정동 255-37,189.52,일반철골구조,창고시설,기타지붕,2013-06-25
대전광역시 대덕구 오정동 255-38,69.07,벽돌구조,단독주택,(철근)콘크리트,1983-09-09
대전광역시 대덕구 오정동 255-39,69.74,벽돌구조,단독주택,(철근)콘크리트,1984-07-16
대전광역시 대덕구 오정동 255-40,99.48,벽돌구조,제2종근린생활시설,(철근)콘크리트,1985-08-27
대전광역시 대덕구 오정동 255-41,211.33,벽돌구조,단독주택,기와,1973-12-15
대전광역시 대덕구 오정동 255-42,99.27,벽돌구조,단독주택,(철근)콘크리트,1989-11-09
대전광역시 대덕구 오정동 255-43,112.71,벽돌구조,단독주택,(철근)콘크리트,1990-05-29
대전광역시 대덕구 오정동 255-44,114.23,벽돌구조,단독주택,(철근)콘크리트,1991-07-15
대전광역시 대덕구 오정동 255-5,228.48,일반철골구조,창고시설,기타지붕,2014-10-15
대전광역시 대덕구 오정동 255-7,214.88,일반목구조,제2종근린생활시설,기와,1948
대전광역시 대덕구 오정동 255-8,368.64,철근콘크리트구조,공동주택,(철근)콘크리트,1989-12-06
대전광역시 대덕구 오정동 26,0.0,벽돌구조,단독주택,기와,1975-04-09
대전광역시 대덕구 오정동 262-18,72.17,블록구조,단독주택,기와,1972-04-25
대전광역시 대덕구 오정동 262-19,62.8,벽돌구조,단독주택,(철근)콘크리트,1977-05-26
대전광역시 대덕구 오정동 263-5,47.54,기타조적구조,단독주택,기와,1971-04-02
대전광역시 대덕구 오정동 264-1,163.56,벽돌구조,창고시설,슬레이트,1975-05-28
대전광역시 대덕구 오정동 265-1,99.0,일반철골구조,제2종근린생활시설,기타지붕,2023-07-31
대전광역시 대덕구 오정동 265-10,78.75,벽돌구조,단독주택,(철근)콘크리트,1985-06-07
대전광역시 대덕구 오정동 265-11,112.24,경량철골구조,창고시설,기타지붕,2015-07-31
대전광역시 대덕구 오정동 265-12,256.25,일반철골구조,창고시설,기타지붕,2014-06-30
대전광역시 대덕구 오정동 265-13,117.35,벽돌구조,단독주택,(철근)콘크리트,1989-12-22
대전광역시 대덕구 오정동 265-14,83.8,벽돌구조,단독주택,(철근)콘크리트,1988-11-12
대전광역시 대덕구 오정동 265-15,97.02,벽돌구조,단독주택,(철근)콘크리트,1987-06-17
대전광역시 대덕구 오정동 265-16,97.74,벽돌구조,단독주택,(철근)콘크리트,1985-08-16
대전광역시 대덕구 오정동 265-17,109.48,벽돌구조,단독주택,(철근)콘크리트,1988-09-15
대전광역시 대덕구 오정동 265-18,86.03,벽돌구조,단독주택,(철근)콘크리트,1985-07-05
대전광역시 대덕구 오정동 265-19,96.76,벽돌구조,단독주택,(철근)콘크리트,1990-07-27
대전광역시 대덕구 오정동 265-2,92.43,벽돌구조,단독주택,(철근)콘크리트,1988-01-18
대전광역시 대덕구 오정동 265-21,115.75,일반철골구조,제2종근린생활시설,기타지붕,2004-05-13
대전광역시 대덕구 오정동 265-23,113.28,벽돌구조,단독주택,(철근)콘크리트,1990-09-20
대전광역시 대덕구 오정동 265-24,132.583,벽돌구조,단독주택,(철근)콘크리트,1993-11-29
대전광역시 대덕구 오정동 265-26,136.62,벽돌구조,단독주택,(철근)콘크리트,1990-10-23
대전광역시 대덕구 오정동 265-27,101.52,벽돌구조,단독주택,(철근)콘크리트,1990-08-27
대전광역시 대덕구 오정동 265-28,111.35,일반철골구조,제2종근린생활시설,기타지붕,2017-02-10
대전광역시 대덕구 오정동 265-29,95.22,벽돌구조,단독주택,(철근)콘크리트,1990-08-20
대전광역시 대덕구 오정동 265-3,84.7,벽돌구조,단독주택,(철근)콘크리트,1988-09-01
대전광역시 대덕구 오정동 265-30,132.18,벽돌구조,단독주택,(철근)콘크리트,1990-10-13
대전광역시 대덕구 오정동 265-31,153.61,벽돌구조,단독주택,(철근)콘크리트,1991-06-22
대전광역시 대덕구 오정동 265-32,106.42,벽돌구조,단독주택,(철근)콘크리트,1994-07-19
대전광역시 대덕구 오정동 265-5,99.18,일반철골구조,제2종근린생활시설,기타지붕,2021-10-29
대전광역시 대덕구 오정동 265-6,102.01,벽돌구조,단독주택,(철근)콘크리트,1990-10-20
대전광역시 대덕구 오정동 265-7,461.16,철근콘크리트구조,공동주택,(철근)콘크리트,1993-11-29
대전광역시 대덕구 오정동 265-8,249.23,철근콘크리트구조,제2종근린생활시설,(철근)콘크리트,1999-07-13
대전광역시 대덕구 오정동 265-9,338.04,경량철골구조,창고시설,기타지붕,1994-06-16
대전광역시 대덕구 오정동 266-1,160.21,경량철골구조,창고시설,기타지붕,2002-10-30
대전광역시 대덕구 오정동 266-12,99.36,일반철골구조,제2종근린생활시설,기타지붕,2023-09-15
대전광역시 대덕구 오정동 266-13,114.64,벽돌구조,단독주택,(철근)콘크리트,1989-11-09
대전광역시 대덕구 오정동 266-14,72.85,벽돌구조,단독주택,(철근)콘크리트,1981-06-11
대전광역시 대덕구 오정동 266-15,72.31,벽돌구조,단독주택,(철근)콘크리트,1981-11-23
대전광역시 대덕구 오정동 266-16,61.74,벽돌구조,단독주택,(철근)콘크리트,1980-11-13
대전광역시 대덕구 오정동 266-17,91.34,벽돌구조,단독주택,(철근)콘크리트,1988-06-14
대전광역시 대덕구 오정동 266-18,102.45,벽돌구조,단독주택,(철근)콘크리트,1988-10-12
대전광역시 대덕구 오정동 266-2,119.12,철근콘크리트구조,단독주택,(철근)콘크리트,
대전광역시 대덕구 오정동 266-20,114.91,벽돌구조,단독주택,(철근)콘크리트,1990-10-30
대전광역시 대덕구 오정동 266-21,120.54,벽돌구조,단독주택,(철근)콘크리트,1989-09-06
대전광역시 대덕구 오정동 266-22,115.94,벽돌구조,단독주택,(철근)콘크리트,1990-12-05
대전광역시 대덕구 오정동 266-23,108.0,벽돌구조,단독주택,(철근)콘크리트,1990-12-14
대전광역시 대덕구 오정동 266-24,272.8,일반철골구조,창고시설,기타지붕,2014-01-03
대전광역시 대덕구 오정동 266-26,111.3,벽돌구조,단독주택,(철근)콘크리트,1990-12-29
대전광역시 대덕구 오정동 266-27,90.34,벽돌구조,단독주택,(철근)콘크리트,1990-09-22
대전광역시 대덕구 오정동 266-28,112.41,벽돌구조,단독주택,(철근)콘크리트,1990-05-26
대전광역시 대덕구 오정동 266-29,90.0,벽돌구조,단독주택,(철근)콘크리트,1990-11-30
대전광역시 대덕구 오정동 266-3,112.42,벽돌구조,단독주택,(철근)콘크리트,1988-07-05
대전광역시 대덕구 오정동 266-30,110.62,벽돌구조,단독주택,(철근)콘크리트,1991-03-29
대전광역시 대덕구 오정동 266-32,110.79,일반철골구조,제2종근린생활시설,(철근)콘크리트,2001-08-30
대전광역시 대덕구 오정동 266-33,118.98,벽돌구조,단독주택,(철근)콘크리트,1990-11-26
대전광역시 대덕구 오정동 266-34,110.6,일반철골구조,창고시설,기타지붕,2009-05-14
대전광역시 대덕구 오정동 266-35,150.24,일반철골구조,창고시설,기타지붕,2014-01-06
대전광역시 대덕구 오정동 266-4,154.8,벽돌구조,단독주택,기타지붕,1995-09-01
대전광역시 대덕구 오정동 266-5,378.0,일반철골구조,창고시설,기타지붕,2014-01-06
대전광역시 대덕구 오정동 266-6,78.33,벽돌구조,단독주택,(철근)콘크리트,1988-11-28
대전광역시 대덕구 오정동 266-7,103.12,벽돌구조,단독주택,(철근)콘크리트,1985-11-28
대전광역시 대덕구 오정동 266-8,354.76,철근콘크리트구조,제2종근린생활시설,기타지붕,1991-01-22
대전광역시 대덕구 오정동 266-9,55.68,벽돌구조,단독주택,(철근)콘크리트,1990-01-18
대전광역시 대덕구 오정동 273-1,680.97,철근콘크리트구조,업무시설,기타지붕,1997-07-25
대전광역시 대덕구 오정동 273-10,221.41,철근콘크리트구조,제2종근린생활시설,(철근)콘크리트,1982-11-29
대전광역시 대덕구 오정동 273-11,217.56,일반철골구조,창고시설,기타지붕,2021-08-13
대전광역시 대덕구 오정동 273-12,94.08,경량철골구조,창고시설,기타지붕,2008-07-07
대전광역시 대덕구 오정동 273-13,87.9,벽돌구조,단독주택,(철근)콘크리트,1989-08-16
대전광역시 대덕구 오정동 273-15,61.16,벽돌구조,단독주택,(철근)콘크리트,1981-12-03
대전광역시 대덕구 오정동 273-18,65.32,벽돌구조,단독주택,(철근)콘크리트,1982-01-11
대전광역시 대덕구 오정동 273-2,320.8,벽돌구조,공동주택,(철근)콘크리트,1982-08-31
대전광역시 대덕구 오정동 273-23,75.83,벽돌구조,단독주택,(철근)콘크리트,1982-09-28
대전광역시 대덕구 오정동 273-24,55.0,블록구조,단독주택,(철근)콘크리트,1979-09-05
대전광역시 대덕구 오정동 273-25,55.77,벽돌구조,단독주택,(철근)콘크리트,1980-06-12
대전광역시 대덕구 오정동 273-27,209.38,철근콘크리트구조,제2종근린생활시설,(철근)콘크리트,1992-12-09
대전광역시 대덕구 오정동 273-3,77.31,벽돌구조,단독주택,(철근)콘크리트,1979-09-17
대전광역시 대덕구 오정동 273-4,226.095,철근콘크리트구조,제2종근린생활시설,(철근)콘크리트,1985-05-08
대전광역시 대덕구 오정동 273-5,222.34,경량철골구조,창고시설,기타지붕,2002-05-09
대전광역시 대덕구 오정동 273-7,80.78,철근콘크리트구조,단독주택,(철근)콘크리트,1989-05-30
대전광역시 대덕구 오정동 273-9,205.08,일반철골구조,제2종근린생활시설,(철근)콘크리트,2015-07-20
대전광역시 대덕구 오정동 274-1,84.64,벽돌구조,노유자시설,(철근)콘크리트,1992-12-28
대전광역시 대덕구 오정동 274-10,76.96,벽돌구조,단독주택,(철근)콘크리트,1984-11-08
대전광역시 대덕구 오정동 274-12,75.27,벽돌구조,단독주택,(철근)콘크리트,1984-11-08
대전광역시 대덕구 오정동 274-13,76.96,벽돌구조,단독주택,(철근)콘크리트,1984-11-08
대전광역시 대덕구 오정동 274-14,99.0,일반철골구조,제2종근린생활시설,기타지붕,2020-10-14
대전광역시 대덕구 오정동 274-15,109.06,철근콘크리트구조,단독주택,(철근)콘크리트,1997-12-17
대전광역시 대덕구 오정동 274-17,95.32,벽돌구조,단독주택,(철근)콘크리트,1983-08-24
대전광역시 대덕구 오정동 274-18,67.2,벽돌구조,단독주택,(철근)콘크리트,1984-01-24
대전광역시 대덕구 오정동 274-19,85.78,벽돌구조,단독주택,(철근)콘크리트,1983-09-14
대전광역시 대덕구 오정동 274-2,107.82,벽돌구조,단독주택,(철근)콘크리트,1994-09-13
대전광역시 대덕구 오정동 274-20,100.05,철근콘크리트구조,제2종근린생활시설,(철근)콘크리트,1984-12-20
대전광역시 대덕구 오정동 274-21,95.0,일반철골구조,창고시설,기타지붕,2013-04-25
대전광역시 대덕구 오정동 274-23,93.7,벽돌구조,단독주택,(철근)콘크리트,1983-08-24
대전광역시 대덕구 오정동 274-24,255.37,철근콘크리트구조,제2종근린생활시설,기타지붕,1983-11-24
대전광역시 대덕구 오정동 274-3,199.5,일반철골구조,창고시설,기타지붕,2020-04-03
대전광역시 대덕구 오정동 274-4,94.15,벽돌구조,단독주택,(철근)콘크리트,1983-12-08
대전광역시 대덕구 오정동 274-7,265.07,철근콘크리트구조,제2종근린생활시설,(철근)콘크리트,1983-12-05
대전광역시 대덕구 오정동 274-8,120.05,철근콘크리트구조,단독주택,(철근)콘크리트,2002-05-21
대전광역시 대덕구 오정동 274-9,73.84,벽돌구조,단독주택,기타지붕,1984-11-08
대전광역시 대덕구 오정동 275-1,322.0,일반철골구조,제2종근린생활시설,기타지붕,2007-07-23
대전광역시 대덕구 오정동 275-11,40.49,경량철골구조,제2종근린생활시설,기타지붕,1988-11-02
대전광역시 대덕구 오정동 275-13,184.8,철근콘크리트구조,제2종근린생활시설,(철근)콘크리트,1993-09-08
대전광역시 대덕구 오정동 275-14,164.85,일반철골구조,제2종근린생활시설,기타지붕,2024-06-19
대전광역시 대덕구 오정동 275-15,142.28,철근콘크리트구조,제2종근린생활시설,(철근)콘크리트,1995-03-14
대전광역시 대덕구 오정동 275-16,230.46,일반철골구조,창고시설,기타지붕,2017-01-24
대전광역시 대덕구 오정동 275-2,136.64,철근콘크리트구조,단독주택,(철근)콘크리트,2014-05-20
대전광역시 대덕구 오정동 275-3,409.4,일반철골구조,제2종근린생활시설,(철근)콘크리트,2015-08-06
대전광역시 대덕구 오정동 275-8,142.2,철근콘크리트구조,제2종근린생활시설,(철근)콘크리트,1990-06-28
대전광역시 대덕구 오정동 275-9,101.44,벽돌구조,단독주택,(철근)콘크리트,1987-11-20
대전광역시 대덕구 오정동 276-1,73.69,벽돌구조,단독주택,(철근)콘크리트,1985-09-20
대전광역시 대덕구 오정동 276-11,91.155,벽돌구조,단독주택,(철근)콘크리트,1989-08-30
대전광역시 대덕구 오정동 276-12,93.35,벽돌구조,단독주택,(철근)콘크리트,1988-07-15
대전광역시 대덕구 오정동 276-15,186.0,일반철골구조,창고시설,기타지붕,2007-06-21
대전광역시 대덕구 오정동 276-17,99.231,벽돌구조,단독주택,(철근)콘크리트,1988-12-30
대전광역시 대덕구 오정동 276-2,76.7,벽돌구조,단독주택,(철근)콘크리트,1988-02-09
대전광역시 대덕구 오정동 276-3,483.63,일반철골구조,제2종근린생활시설,기타지붕,2009-08-19
대전광역시 대덕구 오정동 276-4,128.63,벽돌구조,제2종근린생활시설,기타지붕,2002-05-13
대전광역시 대덕구 오정동 276-5,227.875,경량철골구조,창고시설,기타지붕,1990-09-26
대전광역시 대덕구 오정동 276-6,87.0,철근콘크리트구조,제2종근린생활시설,(철근)콘크리트,1984-11-27
대전광역시 대덕구 오정동 276-7,76.06,벽돌구조,단독주택,(철근)콘크리트,1984-06-15
대전광역시 대덕구 오정동 276-8,78.2,벽돌구조,단독주택,(철근)콘크리트,1984-11-02
대전광역시 대덕구 오정동 276-9,205.7,일반철골구조,제2종근린생활시설,기타지붕,2017-06-07
대전광역시 대덕구 오정동 277-1,115.64,벽돌구조,단독주택,(철근)콘크리트,1996-10-10
대전광역시 대덕구 오정동 277-10,114.54,경량철골구조,창고시설,기타지붕,2003-04-22
대전광역시 대덕구 오정동 277-11,82.38,벽돌구조,단독주택,(철근)콘크리트,1989-05-24
대전광역시 대덕구 오정동 277-12,110.44,철근콘크리트구조,단독주택,(철근)콘크리트,1997-10-08
대전광역시 대덕구 오정동 277-13,70.34,벽돌구조,단독주택,(철근)콘크리트,1988-07-06
대전광역시 대덕구 오정동 277-14,243.09,일반철골구조,공장,기타지붕,1994-04-20
대전광역시 대덕구 오정동 277-15,95.88,철근콘크리트구조,단독주택,(철근)콘크리트,2001-04-06
대전광역시 대덕구 오정동 277-16,171.89,경량철골구조,제2종근린생활시설,기타지붕,1993-12-06
대전광역시 대덕구 오정동 277-17,199.68,경량철골구조,공장,기타지붕,1995-10-10
대전광역시 대덕구 오정동 277-19,93.1,일반철골구조,창고시설,기타지붕,2006-08-24
대전광역시 대덕구 오정동 277-20,95.87,벽돌구조,단독주택,(철근)콘크리트,1986-05-27
대전광역시 대덕구 오정동 277-21,71.96,벽돌구조,단독주택,(철근)콘크리트,1985-03-11
대전광역시 대덕구 오정동 277-22,88.24,벽돌구조,단독주택,(철근)콘크리트,1985-10-08
대전광역시 대덕구 오정동 277-23,93.21,벽돌구조,제2종근린생활시설,(철근)콘크리트,2003-07-31
대전광역시 대덕구 오정동 277-27,99.0,일반철골구조,창고시설,기타지붕,2018-10-01
대전광역시 대덕구 오정동 277-29,92.09,벽돌구조,단독주택,(철근)콘크리트,1991-05-01
대전광역시 대덕구 오정동 277-3,179.3,벽돌구조,제2종근린생활시설,(철근)콘크리트,2000-08-04
대전광역시 대덕구 오정동 277-30,107.2,일반철골구조,창고시설,(철근)콘크리트,1999-08-27
대전광역시 대덕구 오정동 277-32,110.56,벽돌구조,단독주택,(철근)콘크리트,1991-01-21
대전광역시 대덕구 오정동 277-33,123.94,철근콘크리트구조,단독주택,(철근)콘크리트,1992-09-09
대전광역시 대덕구 오정동 277-34,98.83,벽돌구조,단독주택,(철근)콘크리트,1991-07-03
대전광역시 대덕구 오정동 277-35,109.18,벽돌구조,단독주택,(철근)콘크리트,1991-07-11
대전광역시 대덕구 오정동 277-4,265.76,경량철골구조,창고시설,기타지붕,1994-04-19
대전광역시 대덕구 오정동 277-5,98.44,벽돌구조,단독주택,(철근)콘크리트,1983-07-09
대전광역시 대덕구 오정동 277-6,100.4,벽돌구조,단독주택,(철근)콘크리트,1984-08-27
대전광역시 대덕구 오정동 277-7,94.42,벽돌구조,단독주택,(철근)콘크리트,1994-08-31
대전광역시 대덕구 오정동 277-8,85.8,경량철골구조,제2종근린생활시설,기타지붕,2002-04-01
대전광역시 대덕구 오정동 28,36.36,일반목구조,단독주택,기타지붕,1918
대전광역시 대덕구 오정동 28-2,46.28,일반목구조,단독주택,기와,1970-10-22
대전광역시 대덕구 오정동 287,26.45,일반목구조,단독주택,기타지붕,1951
대전광역시 대덕구 오정동 287-10,95.84,벽돌구조,단독주택,(철근)콘크리트,1982-04-07
대전광역시 대덕구 오정동 287-13,98.4,철근콘크리트구조,제2종근린생활시설,(철근)콘크리트,2007-07-09
대전광역시 대덕구 오정동 287-14,81.09,일반철골구조,창고시설,기타지붕,2013-11-11
대전광역시 대덕구 오정동 287-15,78.19,벽돌구조,단독주택,(철근)콘크리트,1991-05-23
대전광역시 대덕구 오정동 287-16,149.76,철근콘크리트구조,단독주택,(철근)콘크리트,1992-04-23
대전광역시 대덕구 오정동 287-17,110.92,벽돌구조,제2종근린생활시설,(철근)콘크리트,1990-03-29
대전광역시 대덕구 오정동 287-3,76.56,경량철골구조,제2종근린생활시설,기타지붕,2003-04-30
대전광역시 대덕구 오정동 287-4,120.0,벽돌구조,제2종근린생활시설,(철근)콘크리트,1998-11-02
대전광역시 대덕구 오정동 287-5,95.18,철근콘크리트구조,단독주택,(철근)콘크리트,1982-01-20
대전광역시 대덕구 오정동 287-7,477.5,일반철골구조,제2종근린생활시설,기타지붕,1990-12-24
대전광역시 대덕구 오정동 287-8,230.15,철근콘크리트구조,종교시설,(철근)콘크리트,1987-10-20
대전광역시 대덕구 오정동 287-9,88.68,벽돌구조,단독주택,(철근)콘크리트,1985-11-15
대전광역시 대덕구 오정동 29-1,91.0,벽돌구조,단독주택,(철근)콘크리트,1989-08-02
대전광역시 대덕구 오정동 29-2,108.48,벽돌구조,단독주택,(철근)콘크리트,1998-08-11
대전광역시 대덕구 오정동 29-3,95.09,벽돌구조,단독주택,(철근)콘크리트,1973-10-18
대전광역시 대덕구 오정동 29-5,206.73,철근콘크리트구조,제2종근린생활시설,(철근)콘크리트,2014-07-28
대전광역시 대덕구 오정동 292-10,105.82,벽돌구조,단독주택,(철근)콘크리트,1991-08-05
대전광역시 대덕구 오정동 292-11,200.37,경량철골구조,제2종근린생활시설,기타지붕,2000-03-25
대전광역시 대덕구 오정동 292-8,373.38,철근콘크리트구조,위험물저장및처리시설,(철근)콘크리트,1992-07-22
대전광역시 대덕구 오정동 292-9,198.0,경량철골구조,창고시설,기타지붕,1999-08-30
대전광역시 대덕구 오정동 293,289.64,일반철골구조,제2종근린생활시설,(철근)콘크리트,2022-03-23
대전광역시 대덕구 오정동 293-1,142.66,일반철골구조,제2종근린생활시설,기타지붕,2005-09-09
대전광역시 대덕구 오정동 293-3,417.0,일반철골구조,창고시설,기타지붕,2022-12-21
대전광역시 대덕구 오정동 293-5,425.87,일반철골구조,창고시설,기타지붕,2021-11-23
대전광역시 대덕구 오정동 293-6,287.46,일반철골구조,제2종근린생활시설,기타지붕,2021-09-29
대전광역시 대덕구 오정동 294-1,95.41,일반철골구조,창고시설,기타지붕,2001-05-24
대전광역시 대덕구 오정동 294-12,164.04,경량철골구조,제2종근린생활시설,기타지붕,1994-10-24
대전광역시 대덕구 오정동 294-13,97.15,일반철골구조,제2종근린생활시설,기타지붕,2008-04-16
대전광역시 대덕구 오정동 294-2,432.435,경량철골구조,제2종근린생활시설,기타지붕,1994-02-15
대전광역시 대덕구 오정동 294-3,1021.6400000000001,벽돌구조,단독주택,(철근)콘크리트,1982-11-01
대전광역시 대덕구 오정동 294-4,192.81,경량철골구조,제2종근린생활시설,기타지붕,
대전광역시 대덕구 오정동 294-6,130.55,벽돌구조,단독주택,(철근)콘크리트,1993-12-20
대전광역시 대덕구 오정동 294-8,97.11,벽돌구조,단독주택,(철근)콘크리트,1994-08-08
대전광역시 대덕구 오정동 294-9,94.68,경량철골구조,제2종근린생활시설,기타지붕,1992-12-17
대전광역시 대덕구 오정동 296-1,200.88,경량철골구조,제2종근린생활시설,기타지붕,1993-02-05
대전광역시 대덕구 오정동 296-10,34.92,벽돌구조,제2종근린생활시설,(철근)콘크리트,1993-10-25
대전광역시 대덕구 오정동 296-13,189.0,일반철골구조,제2종근린생활시설,기타지붕,2017-10-13
대전광역시 대덕구 오정동 296-16,264.99,일반철골구조,제2종근린생활시설,기타지붕,2003-01-28
대전광역시 대덕구 오정동 296-2,196.8,경량철골구조,창고시설,기타지붕,1994-06-23
대전광역시 대덕구 오정동 296-3,321.36,기타강구조,제2종근린생활시설,기타지붕,2003-10-13
대전광역시 대덕구 오정동 296-4,295.12,철근콘크리트구조,제2종근린생활시설,(철근)콘크리트,2004-12-15
대전광역시 대덕구 오정동 296-6,463.2,철근콘크리트구조,종교시설,(철근)콘크리트,2003-10-31
대전광역시 대덕구 오정동 296-7,195.3,일반철골구조,제2종근린생활시설,기타지붕,2002-07-03
대전광역시 대덕구 오정동 296-8,227.76,블록구조,단독주택,슬레이트,1989-03-13
대전광역시 대덕구 오정동 296-9,228.48,경량철골구조,창고시설,기타지붕,1992-12-17
대전광역시 대덕구 오정동 297-13,225.0,철골철근콘크리트구조,창고시설,기타지붕,2015-02-13
대전광역시 대덕구 오정동 297-16,130.92,벽돌구조,단독주택,(철근)콘크리트,1990-07-16
대전광역시 대덕구 오정동 297-2,103.04,일반철골구조,제2종근린생활시설,(철근)콘크리트,2021-01-04
대전광역시 대덕구 오정동 297-3,107.37,벽돌구조,단독주택,(철근)콘크리트,1997-08-18
대전광역시 대덕구 오정동 297-4,102.86,벽돌구조,단독주택,(철근)콘크리트,1991-06-25
대전광역시 대덕구 오정동 297-5,99.6,일반철골구조,제2종근린생활시설,기타지붕,2017-05-02
대전광역시 대덕구 오정동 297-6,384.45,일반철골구조,제2종근린생활시설,(철근)콘크리트,2015-12-29
대전광역시 대덕구 오정동 297-7,111.66,벽돌구조,단독주택,(철근)콘크리트,1990-07-13
대전광역시 대덕구 오정동 297-8,422.32,경량철골구조,공장,슬레이트,1994-01-05
대전광역시 대덕구 오정동 297-9,125.0,일반철골구조,제2종근린생활시설,기타지붕,2014-12-30
대전광역시 대덕구 오정동 298-1,68.97,벽돌구조,제2종근린생활시설,(철근)콘크리트,1983-04-21
대전광역시 대덕구 오정동 298-10,229.37,일반철골구조,제2종근린생활시설,(철근)콘크리트,2002-10-25
대전광역시 대덕구 오정동 298-11,232.96,일반철골구조,제2종근린생활시설,기타지붕,2015-01-14
대전광역시 대덕구 오정동 298-13,138.08,철근콘크리트구조,단독주택,(철근)콘크리트,1993-12-11
대전광역시 대덕구 오정동 298-14,217.8,일반철골구조,제2종근린생활시설,기타지붕,2013-06-28
대전광역시 대덕구 오정동 298-3,216.0,경량철골구조,제2종근린생활시설,기타지붕,1990-04-23
대전광역시 대덕구 오정동 298-4,153.02,철근콘크리트구조,제2종근린생활시설,(철근)콘크리트,1994-04-02
대전광역시 대덕구 오정동 298-8,394.41,철근콘크리트구조,제2종근린생활시설,(철근)콘크리트,1992-12-17
대전광역시 대덕구 오정동 298-9,411.28000000000003,일반철골구조,창고시설,기타지붕,2002-10-21
대전광역시 대덕구 오정동 299-10,88.74,일반철골구조,창고시설,기타지붕,2002-06-27
대전광역시 대덕구 오정동 299-11,85.36,벽돌구조,단독주택,(철근)콘크리트,1990-10-15
대전광역시 대덕구 오정동 299-12,108.65,벽돌구조,단독주택,(철근)콘크리트,1994-12-19
대전광역시 대덕구 오정동 299-13,194.7,철근콘크리트구조,제2종근린생활시설,(철근)콘크리트,2000-12-30
대전광역시 대덕구 오정동 299-2,343.54,일반철골구조,창고시설,기타지붕,2014-09-19
대전광역시 대덕구 오정동 299-3,261.69,일반철골구조,제2종근린생활시설,기타지붕,2021-01-15
대전광역시 대덕구 오정동 299-4,164.64,경량철골구조,제2종근린생활시설,기타지붕,1992-05-19
대전광역시 대덕구 오정동 299-6,94.65,벽돌구조,단독주택,(철근)콘크리트,1993-11-19
대전광역시 대덕구 오정동 299-7,132.47,벽돌구조,제2종근린생활시설,(철근)콘크리트,1983-03-23
대전광역시 대덕구 오정동 299-8,478.74,일반철골구조,제2종근린생활시설,기타지붕,1998-03-20
대전광역시 대덕구 오정동 300-10,203.3,경량철골구조,창고시설,기타지붕,2015-07-09
대전광역시 대덕구 오정동 300-11,206.23,일반철골구조,제2종근린생활시설,기타지붕,2015-08-20
대전광역시 대덕구 오정동 300-12,86.22,벽돌구조,단독주택,(철근)콘크리트,1990-01-20
대전광역시 대덕구 오정동 300-2,164.16,경량철골구조,창고시설,기타지붕,1994-02-24
대전광역시 대덕구 오정동 300-3,94.77,벽돌구조,단독주택,(철근)콘크리트,1993-07-23
대전광역시 대덕구 오정동 300-4,280.8,일반철골구조,제2종근린생활시설,기타지붕,2016-04-05
대전광역시 대덕구 오정동 300-5,276.48,일반철골구조,제2종근린생활시설,기타지붕,2016-04-05
대전광역시 대덕구 오정동 300-6,252.7,철근콘크리트구조,제2종근린생활시설,(철근)콘크리트,1998-05-29
대전광역시 대덕구 오정동 300-7,295.9,일반철골구조,제2종근린생활시설,기타지붕,2020-10-13
대전광역시 대덕구 오정동 300-9,196.18,철근콘크리트구조,제2종근린생활시설,(철근)콘크리트,1994-03-28
대전광역시 대덕구 오정동 301-1,129.71,벽돌구조,단독주택,(철근)콘크리트,1994-12-06
대전광역시 대덕구 오정동 301-12,97.44,경량철골구조,제2종근린생활시설,기타지붕,1998-04-13
대전광역시 대덕구 오정동 301-15,124.56,경량철골구조,제2종근린생활시설,기타지붕,1992-07-29
대전광역시 대덕구 오정동 301-16,104.9,벽돌구조,단독주택,(철근)콘크리트,1989-05-30
대전광역시 대덕구 오정동 301-17,99.9,일반철골구조,창고시설,기타지붕,2005-09-13
대전광역시 대덕구 오정동 301-18,99.72,벽돌구조,단독주택,(철근)콘크리트,1989-07-03
대전광역시 대덕구 오정동 301-19,99.32,일반철골구조,창고시설,기타지붕,2020-02-06
대전광역시 대덕구 오정동 301-2,90.67,벽돌구조,단독주택,(철근)콘크리트,1989-07-03
대전광역시 대덕구 오정동 301-21,32.0,경량철골구조,제2종근린생활시설,기타지붕,2000-11-02
대전광역시 대덕구 오정동 301-3,310.5,일반철골구조,제2종근린생활시설,기타지붕,2017-05-30
대전광역시 대덕구 오정동 301-4,271.44,일반철골구조,제2종근린생활시설,기타지붕,2020-01-13
대전광역시 대덕구 오정동 301-5,130.76,경량철골구조,제2종근린생활시설,기타지붕,1995-10-04
대전광역시 대덕구 오정동 301-6,89.2,벽돌구조,단독주택,(철근)콘크리트,1991-05-20
대전광역시 대덕구 오정동 301-7,411.86,일반철골구조,창고시설,기타지붕,2018-01-22
대전광역시 대덕구 오정동 301-8,91.62,벽돌구조,단독주택,(철근)콘크리트,1988-12-19
대전광역시 대덕구 오정동 301-9,379.72,철근콘크리트구조,공동주택,(철근)콘크리트,1997-10-01
대전광역시 대덕구 오정동 302-1,291.24,경량철골구조,제2종근린생활시설,기타지붕,1994-12-21
대전광역시 대덕구 오정동 302-11,96.12,벽돌구조,단독주택,(철근)콘크리트,1992-10-27
대전광역시 대덕구 오정동 302-12,34.56,경량철골구조,제2종근린생활시설,기타지붕,1994-08-10
대전광역시 대덕구 오정동 302-14,192.0,일반철골구조,제2종근린생활시설,(철근)콘크리트,1996-05-23
대전광역시 대덕구 오정동 302-17,295.75,일반철골구조,창고시설,기타지붕,2015-03-24
대전광역시 대덕구 오정동 302-18,33.84,경량철골구조,제2종근린생활시설,기타지붕,1990-10-20
대전광역시 대덕구 오정동 302-19,24.6,경량철골구조,자동차관련시설,기타지붕,1996-07-19
대전광역시 대덕구 오정동 302-3,138.24,경량철골구조,공장,기타지붕,1993-03-27
대전광역시 대덕구 오정동 302-4,206.4,철근콘크리트구조,제2종근린생활시설,(철근)콘크리트,1995-08-09
대전광역시 대덕구 오정동 302-6,141.12,경량철골구조,제2종근린생활시설,기타지붕,1992-07-08
대전광역시 대덕구 오정동 302-7,178.6,벽돌구조,제2종근린생활시설,(철근)콘크리트,1983-05-26
대전광역시 대덕구 오정동 302-8,193.8,경량철골구조,제2종근린생활시설,기타지붕,1990-11-23
대전광역시 대덕구 오정동 302-9,60.48,경량철골구조,제2종근린생활시설,기타지붕,1990-07-13
대전광역시 대덕구 오정동 303-2,132.08,철근콘크리트구조,창고시설,(철근)콘크리트,1993-12-10
대전광역시 대덕구 오정동 303-4,602.07,일반철골구조,공장,(철근)콘크리트,2001-06-18
대전광역시 대덕구 오정동 303-7,329.76,경량철골구조,창고시설,기타지붕,1995-10-17
대전광역시 대덕구 오정동 303-8,293.4,일반철골구조,제2종근린생활시설,기타지붕,2004-12-24
대전광역시 대덕구 오정동 303-9,157.07,일반철골구조,제2종근린생활시설,기타지붕,2002-06-20
대전광역시 대덕구 오정동 304-4,513.47,일반철골구조,제2종근린생활시설,기타지붕,2002-12-23
대전광역시 대덕구 오정동 304-5,477.04,경량철골구조,제2종근린생활시설,기타지붕,1992-04-23
대전광역시 대덕구 오정동 305-1,564.53,일반철골구조,창고시설,기타지붕,2008-01-29
대전광역시 대덕구 오정동 305-10,944.69,철근콘크리트구조,제2종근린생활시설,(철근)콘크리트,2008-11-27
대전광역시 대덕구 오정동 305-11,267.85,일반철골구조,창고시설,기타지붕,2003-12-30
대전광역시 대덕구 오정동 305-2,99.0,철근콘크리트구조,제2종근린생활시설,(철근)콘크리트,1984-04-18
대전광역시 대덕구 오정동 305-3,427.97,철근콘크리트구조,제2종근린생활시설,(철근)콘크리트,2021-08-20
대전광역시 대덕구 오정동 306-1,196.76,경량철골구조,제2종근린생활시설,기타지붕,1993-11-02
대전광역시 대덕구 오정동 306-11,185.4,벽돌구조,공동주택,(철근)콘크리트,1990-09-05
대전광역시 대덕구 오정동 306-12,210.6,철근콘크리트구조,제2종근린생활시설,(철근)콘크리트,2015-10-02
대전광역시 대덕구 오정동 306-14,190.26,벽돌구조,공동주택,(철근)콘크리트,1990-09-05
대전광역시 대덕구 오정동 306-16,112.45,경량철골구조,창고시설,기타지붕,1994-12-07
대전광역시 대덕구 오정동 306-18,381.8,철근콘크리트구조,공동주택,(철근)콘크리트,1994-10-13
대전광역시 대덕구 오정동 306-2,152.5,철근콘크리트구조,제2종근린생활시설,기타지붕,1991-06-05
대전광역시 대덕구 오정동 306-5,381.8,철근콘크리트구조,공동주택,(철근)콘크리트,1994-10-13
대전광역시 대덕구 오정동 306-6,359.0,일반철골구조,창고시설,기타지붕,2016-06-22
대전광역시 대덕구 오정동 306-8,339.16,경량철골구조,제2종근린생활시설,기타지붕,1993-10-07
대전광역시 대덕구 오정동 306-9,319.87,일반철골구조,제2종근린생활시설,기타지붕,1998-12-15
대전광역시 대덕구 오정동 307-1,195.84,경량철골구조,제2종근린생활시설,기타지붕,1992-05-26
대전광역시 대덕구 오정동 307-11,92.61,벽돌구조,단독주택,(철근)콘크리트,1994-07-21
대전광역시 대덕구 오정동 307-16,176.07,경량철골구조,창고시설,기타지붕,2018-09-03
대전광역시 대덕구 오정동 307-17,78.4,일반철골구조,제2종근린생활시설,기타지붕,2024-10-14
대전광역시 대덕구 오정동 307-19,147.15,경량철골구조,제2종근린생활시설,(철근)콘크리트,1991-05-06
대전광역시 대덕구 오정동 307-2,86.66,벽돌구조,단독주택,(철근)콘크리트,1997-06-21
대전광역시 대덕구 오정동 307-22,195.84,경량철골구조,제2종근린생활시설,기타지붕,1992-05-25
대전광역시 대덕구 오정동 307-23,159.02,일반철골구조,창고시설,기타지붕,1996-06-08
대전광역시 대덕구 오정동 307-3,366.24,일반철골구조,제2종근린생활시설,기타지붕,2024-10-22
대전광역시 대덕구 오정동 307-4,99.36,일반철골구조,제2종근린생활시설,기타지붕,2018-09-11
대전광역시 대덕구 오정동 307-6,99.36,일반철골구조,제2종근린생활시설,기타지붕,2020-01-03
대전광역시 대덕구 오정동 307-7,144.24,경량철골구조,제2종근린생활시설,기타지붕,1992-12-14
대전광역시 대덕구 오정동 307-8,165.12,경량철골구조,창고시설,기타지붕,1994-01-05
대전광역시 대덕구 오정동 308-1,149.08,일반철골구조,창고시설,기타지붕,2017-06-23
대전광역시 대덕구 오정동 308-10,196.56,경량철골구조,제2종근린생활시설,기타지붕,1992-06-22
대전광역시 대덕구 오정동 308-12,205.2,경량철골구조,공장,기타지붕,1991-06-15
대전광역시 대덕구 오정동 308-13,253.08,일반철골구조,제2종근린생활시설,기타지붕,2022-12-27
대전광역시 대덕구 오정동 308-14,64.8,경량철골구조,제2종근린생활시설,기타지붕,1992-05-22
대전광역시 대덕구 오정동 308-16,246.96,경량철골구조,제2종근린생활시설,기타지붕,1992-11-30
대전광역시 대덕구 오정동 308-2,84.24,경량철골구조,제2종근린생활시설,기타지붕,1992-10-07
대전광역시 대덕구 오정동 308-3,209.52,벽돌구조,제2종근린생활시설,(철근)콘크리트,1992-01-15
대전광역시 대덕구 오정동 308-4,399.27,경량철골구조,제2종근린생활시설,기타지붕,1992-09-18
대전광역시 대덕구 오정동 308-5,144.0,경량철골구조,제2종근린생활시설,기타지붕,1994-04-15
대전광역시 대덕구 오정동 308-7,252.57,철근콘크리트구조,제2종근린생활시설,(철근)콘크리트,1995-05-09
대전광역시 대덕구 오정동 308-8,323.68,일반철골구조,제2종근린생활시설,기타지붕,2021-06-17
대전광역시 대덕구 오정동 308-9,95.28,경량철골구조,제2종근린생활시설,기타지붕,1993-01-04
대전광역시 대덕구 오정동 309-1,381.90999999999997,일반철골구조,제2종근린생활시설,기타지붕,2005-01-26
대전광역시 대덕구 오정동 309-11,119.98,벽돌구조,단독주택,(철근)콘크리트,1990-01-05
대전광역시 대덕구 오정동 309-12,255.3,일반철골구조,단독주택,기타지붕,2015-06-30
대전광역시 대덕구 오정동 309-14,164.16,일반철골구조,창고시설,기타지붕,2004-12-22
대전광역시 대덕구 오정동 309-17,245.1,일반철골구조,제2종근린생활시설,(철근)콘크리트,1998-01-09
대전광역시 대덕구 오정동 309-4,102.44,일반철골구조,제2종근린생활시설,기타지붕,2003-01-13
대전광역시 대덕구 오정동 309-5,233.7,일반철골구조,제2종근린생활시설,기타지붕,2015-05-27
대전광역시 대덕구 오정동 309-6,561.12,일반철골구조,제2종근린생활시설,기타지붕,2020-03-01
대전광역시 대덕구 오정동 309-7,120.96,경량철골구조,제2종근린생활시설,기타지붕,1992-12-30
대전광역시 대덕구 오정동 309-9,384.72,일반철골구조,창고시설,기타지붕,2008-01-28
대전광역시 대덕구 오정동 31,133.44,벽돌구조,단독주택,(철근)콘크리트,1918
대전광역시 대덕구 오정동 310-1,160.05,일반철골구조,단독주택,(철근)콘크리트,2002-01-08
대전광역시 대덕구 오정동 310-11,63.68,벽돌구조,단독주택,(철근)콘크리트,1989-06-13
대전광역시 대덕구 오정동 310-12,152.64,일반철골구조,제2종근린생활시설,기타지붕,1998-04-25
대전광역시 대덕구 오정동 310-13,128.0,경량철골구조,제2종근린생활시설,기타지붕,2015-11-05
대전광역시 대덕구 오정동 310-15,99.0,경량철골구조,제2종근린생활시설,기타지붕,1994-07-14
대전광역시 대덕구 오정동 310-16,100.38,벽돌구조,단독주택,(철근)콘크리트,1990-06-27
대전광역시 대덕구 오정동 310-17,74.16,벽돌구조,단독주택,(철근)콘크리트,1987-11-09
대전광역시 대덕구 오정동 310-19,80.54,벽돌구조,단독주택,(철근)콘크리트,1989-10-18
대전광역시 대덕구 오정동 310-2,263.5,일반철골구조,제2종근린생활시설,기타지붕,2013-12-19
대전광역시 대덕구 오정동 310-20,102.44,벽돌구조,단독주택,(철근)콘크리트,1989-12-27
대전광역시 대덕구 오정동 310-21,117.36,철근콘크리트구조,단독주택,(철근)콘크리트,1998-03-28
대전광역시 대덕구 오정동 310-22,143.365,철근콘크리트구조,제2종근린생활시설,(철근)콘크리트,1992-06-26
대전광역시 대덕구 오정동 310-27,97.6,벽돌구조,단독주택,(철근)콘크리트,1990-08-24
대전광역시 대덕구 오정동 310-28,150.78,벽돌구조,단독주택,(철근)콘크리트,1989-06-02
대전광역시 대덕구 오정동 310-29,118.7,경량철골구조,제2종근린생활시설,기타지붕,1991-09-27
대전광역시 대덕구 오정동 310-4,254.0,벽돌구조,공장,기타지붕,1992-01-06
대전광역시 대덕구 오정동 310-5,143.91,일반철골구조,제2종근린생활시설,기타지붕,2015-04-30
대전광역시 대덕구 오정동 310-7,276.23,일반철골구조,창고시설,기타지붕,2014-08-26
대전광역시 대덕구 오정동 310-8,133.07,일반철골구조,제2종근린생활시설,기타지붕,2015-12-16
대전광역시 대덕구 오정동 310-9,143.7,철근콘크리트구조,단독주택,(철근)콘크리트,1989-11-10
대전광역시 대덕구 오정동 311-1,224.0,일반철골구조,제2종근린생활시설,기타지붕,2010-06-08
대전광역시 대덕구 오정동 311-2,443.0,일반철골구조,창고시설,기타지붕,2014-07-30
대전광역시 대덕구 오정동 311-4,31.78,벽돌구조,단독주택,슬레이트,1989-04-17
대전광역시 대덕구 오정동 311-6,90.0,벽돌구조,노유자시설,(철근)콘크리트,1994-12-03
대전광역시 대덕구 오정동 314-1,139.7,경량철골구조,단독주택,기타지붕,1990-07-23
대전광역시 대덕구 오정동 314-10,183.53,철근콘크리트구조,단독주택,(철근)콘크리트,2005-12-01
대전광역시 대덕구 오정동 314-11,192.6,일반철골구조,제2종근린생활시설,기타지붕,2019-12-10
대전광역시 대덕구 오정동 314-13,84.24,벽돌구조,단독주택,(철근)콘크리트,1985-09-17
대전광역시 대덕구 오정동 314-14,108.03,벽돌구조,단독주택,(철근)콘크리트,1989-12-16
대전광역시 대덕구 오정동 314-15,262.47,일반철골구조,제2종근린생활시설,(철근)콘크리트,2014-12-12
대전광역시 대덕구 오정동 314-16,74.42,벽돌구조,단독주택,(철근)콘크리트,1991-03-21
대전광역시 대덕구 오정동 314-18,73.44,벽돌구조,단독주택,(철근)콘크리트,1984-12-07
대전광역시 대덕구 오정동 314-19,90.9,철근콘크리트구조,단독주택,(철근)콘크리트,2001-10-04
대전광역시 대덕구 오정동 314-2,407.76,벽돌구조,공동주택,(철근)콘크리트,1990-06-01
대전광역시 대덕구 오정동 314-20,148.22,철근콘크리트구조,단독주택,(철근)콘크리트,2001-12-13
대전광역시 대덕구 오정동 314-21,50.56,벽돌구조,단독주택,(철근)콘크리트,1987-10-16
대전광역시 대덕구 오정동 314-24,67.33,벽돌구조,단독주택,(철근)콘크리트,1984-08-17
대전광역시 대덕구 오정동 314-25,65.94,일반철골구조,제2종근린생활시설,기타지붕,2013-05-15
대전광역시 대덕구 오정동 314-26,169.1,일반철골구조,제2종근린생활시설,기타지붕,2021-11-29
대전광역시 대덕구 오정동 314-28,80.4,벽돌구조,단독주택,(철근)콘크리트,1983-06-15
대전광역시 대덕구 오정동 314-29,82.2,벽돌구조,단독주택,(철근)콘크리트,1983-05-28
대전광역시 대덕구 오정동 314-3,103.31,일반철골구조,제2종근린생활시설,기타지붕,2008-03-21
대전광역시 대덕구 오정동 314-31,96.39,벽돌구조,단독주택,(철근)콘크리트,1991-07-28
대전광역시 대덕구 오정동 314-35,111.23,벽돌구조,단독주택,(철근)콘크리트,1997-07-31
대전광역시 대덕구 오정동 314-38,75.09,벽돌구조,제2종근린생활시설,(철근)콘크리트,1987-12-03
대전광역시 대덕구 오정동 314-39,81.01,벽돌구조,단독주택,(철근)콘크리트,1990-05-11
대전광역시 대덕구 오정동 314-4,281.16,일반철골구조,제2종근린생활시설,기타지붕,2022-11-09
대전광역시 대덕구 오정동 314-43,153.17,일반철골구조,제2종근린생활시설,기타지붕,2019-11-01
대전광역시 대덕구 오정동 314-5,100.7,벽돌구조,단독주택,(철근)콘크리트,1989-12-13
대전광역시 대덕구 오정동 315-1,256.68,경량철골구조,창고시설,기타지붕,1993-11-25
대전광역시 대덕구 오정동 315-10,491.6,철근콘크리트구조,노유자시설,기타지붕,2000-08-10
대전광역시 대덕구 오정동 315-12,116.18,벽돌구조,단독주택,(철근)콘크리트,1995-02-16
대전광역시 대덕구 오정동 315-14,87.26,벽돌구조,단독주택,(철근)콘크리트,1994-08-10
대전광역시 대덕구 오정동 315-15,112.59,철근콘크리트구조,제2종근린생활시설,(철근)콘크리트,1990-06-18
대전광역시 대덕구 오정동 315-17,222.25,일반철골구조,창고시설,기타지붕,2017-06-16
대전광역시 대덕구 오정동 315-2,223.64,경량철골구조,창고시설,기타지붕,1994-08-26
대전광역시 대덕구 오정동 315-20,95.4,일반철골구조,제2종근린생활시설,기타지붕,2022-11-29
대전광역시 대덕구 오정동 315-24,78.84,벽돌구조,단독주택,(철근)콘크리트,1987-06-24
대전광역시 대덕구 오정동 315-25,219.39,일반철골구조,제2종근린생활시설,기타지붕,2018-08-01
대전광역시 대덕구 오정동 315-26,70.98,벽돌구조,단독주택,(철근)콘크리트,1986-05-17
대전광역시 대덕구 오정동 315-27,99.9,벽돌구조,단독주택,(철근)콘크리트,1987-10-28
대전광역시 대덕구 오정동 315-3,132.0,일반철골구조,제2종근린생활시설,기타지붕,2007-04-12
대전광역시 대덕구 오정동 315-4,72.99,벽돌구조,단독주택,(철근)콘크리트,1985-09-04
대전광역시 대덕구 오정동 315-5,124.66,벽돌구조,단독주택,(철근)콘크리트,1985-01-11
대전광역시 대덕구 오정동 315-6,184.2,경량철골구조,창고시설,기타지붕,2001-05-07
대전광역시 대덕구 오정동 315-7,80.22,벽돌구조,단독주택,(철근)콘크리트,1983-10-26
대전광역시 대덕구 오정동 315-8,89.0,벽돌구조,단독주택,(철근)콘크리트,1983-10-26
대전광역시 대덕구 오정동 315-9,86.0,벽돌구조,단독주택,(철근)콘크리트,1983-10-26
대전광역시 대덕구 오정동 316,784.25,경량철골구조,교육연구시설,기타지붕,2001-11-03
대전광역시 대덕구 오정동 317-1,55.86,벽돌구조,단독주택,(철근)콘크리트,1988-12-29
대전광역시 대덕구 오정동 317-10,20.0,경량철골구조,제2종근린생활시설,기타지붕,2005-06-24
대전광역시 대덕구 오정동 317-11,99.38,경량철골구조,제2종근린생활시설,기타지붕,2001-09-21
대전광역시 대덕구 오정동 317-12,68.34,철근콘크리트구조,제2종근린생활시설,(철근)콘크리트,1982-10-23
대전광역시 대덕구 오정동 317-13,59.37,벽돌구조,단독주택,(철근)콘크리트,1982-09-08
대전광역시 대덕구 오정동 317-2,66.15,벽돌구조,단독주택,(철근)콘크리트,1990-08-20
대전광역시 대덕구 오정동 317-3,99.16,일반철골구조,제2종근린생활시설,기타지붕,2018-10-01
대전광역시 대덕구 오정동 317-4,95.76,경량철골구조,공장,기타지붕,1994-04-08
대전광역시 대덕구 오정동 317-5,265.3,일반철골구조,제2종근린생활시설,(철근)콘크리트,2020-10-23
대전광역시 대덕구 오정동 317-7,98.7,경량철골구조,제2종근린생활시설,기타지붕,2005-06-22
대전광역시 대덕구 오정동 318,56.2,일반목구조,단독주택,기타지붕,1904
대전광역시 대덕구 오정동 318-1,219.96,일반철골구조,제2종근린생활시설,기타지붕,2023-05-02
대전광역시 대덕구 오정동 318-10,114.27,철근콘크리트구조,단독주택,(철근)콘크리트,2003-01-22
대전광역시 대덕구 오정동 318-12,76.47,벽돌구조,단독주택,(철근)콘크리트,1981-12-12
대전광역시 대덕구 오정동 318-13,100.52,벽돌구조,단독주택,(철근)콘크리트,1981-12-12
대전광역시 대덕구 오정동 318-14,124.38,철근콘크리트구조,단독주택,기타지붕,1982-09-29
대전광역시 대덕구 오정동 318-18,248.13,일반철골구조,제2종근린생활시설,기타지붕,2015-03-13
대전광역시 대덕구 오정동 318-19,61.75,벽돌구조,단독주택,(철근)콘크리트,1983-10-28
대전광역시 대덕구 오정동 318-2,228.89,벽돌구조,제2종근린생활시설,기타지붕,1982-10-22
대전광역시 대덕구 오정동 318-20,89.55,경량철골구조,제2종근린생활시설,기타지붕,1992-02-14
대전광역시 대덕구 오정동 318-21,72.34,벽돌구조,단독주택,(철근)콘크리트,1984-07-27
대전광역시 대덕구 오정동 318-22,63.34,벽돌구조,단독주택,(철근)콘크리트,1985-01-16
대전광역시 대덕구 오정동 318-24,188.4,철근콘크리트구조,제2종근린생활시설,(철근)콘크리트,1987-07-06
대전광역시 대덕구 오정동 318-27,85.17,벽돌구조,단독주택,(철근)콘크리트,1984-12-28
대전광역시 대덕구 오정동 318-28,88.82,벽돌구조,단독주택,(철근)콘크리트,1984-10-02
대전광역시 대덕구 오정동 318-29,84.68,벽돌구조,단독주택,(철근)콘크리트,1984-11-01
대전광역시 대덕구 오정동 318-3,611.5,철근콘크리트구조,공동주택,(철근)콘크리트,2003-10-31
대전광역시 대덕구 오정동 318-4,87.67,벽돌구조,단독주택,(철근)콘크리트,1990-09-01
대전광역시 대덕구 오정동 318-5,82.88,벽돌구조,단독주택,(철근)콘크리트,1980-03-03
대전광역시 대덕구 오정동 318-6,255.3,일반목구조,단독주택,슬레이트,1990-03-12
대전광역시 대덕구 오정동 318-8,76.47,벽돌구조,단독주택,(철근)콘크리트,1981-11-30
대전광역시 대덕구 오정동 318-9,135.77,벽돌구조,단독주택,(철근)콘크리트,1989-12-26
대전광역시 대덕구 오정동 32,70.5,강파이프구조,창고시설,기타지붕,2004-07-05
대전광역시 대덕구 오정동 323-11,253.39,일반철골구조,창고시설,(철근)콘크리트,2000-02-08
대전광역시 대덕구 오정동 323-13,153.6,일반철골구조,제2종근린생활시설,기타지붕,2016-11-03
대전광역시 대덕구 오정동 323-15,234.0,일반철골구조,제2종근린생활시설,기타지붕,2021-07-30
대전광역시 대덕구 오정동 323-2,144.1,일반철골구조,창고시설,기타지붕,2017-08-09
대전광역시 대덕구 오정동 323-3,233.76,경량철골구조,제2종근린생활시설,기타지붕,1992-06-17
대전광역시 대덕구 오정동 323-4,826.19,경량철골구조,공장,기타지붕,1991-03-27
대전광역시 대덕구 오정동 323-6,221.85,일반철골구조,제2종근린생활시설,기타지붕,2001-12-13
대전광역시 대덕구 오정동 323-8,476.5,경량철골구조,창고시설,기타지붕,2002-01-16
대전광역시 대덕구 오정동 323-9,394.1,철근콘크리트구조,제2종근린생활시설,(철근)콘크리트,2000-08-23
대전광역시 대덕구 오정동 324-1,187.2,경량철골구조,제2종근린생활시설,기타지붕,1991-09-18
대전광역시 대덕구 오정동 324-12,116.44,일반철골구조,제2종근린생활시설,기타지붕,2021-07-30
대전광역시 대덕구 오정동 324-14,74.36,벽돌구조,단독주택,(철근)콘크리트,1989-11-18
대전광역시 대덕구 오정동 324-15,72.5,일반철골구조,창고시설,기타지붕,2018-07-26
대전광역시 대덕구 오정동 324-2,498.84,경량철골구조,공장,기타지붕,1991-01-04
대전광역시 대덕구 오정동 324-3,239.4,일반철골구조,제2종근린생활시설,기타지붕,2009-09-28
대전광역시 대덕구 오정동 324-4,145.92,경량철골구조,제2종근린생활시설,기타지붕,1992-10-13
대전광역시 대덕구 오정동 324-5,96.8,일반철골구조,제2종근린생활시설,기타지붕,2014-08-13
대전광역시 대덕구 오정동 324-6,304.11,벽돌구조,제2종근린생활시설,(철근)콘크리트,1992-05-13
대전광역시 대덕구 오정동 324-7,1089.6,경량철골구조,제2종근린생활시설,기타지붕,1990-10-27
대전광역시 대덕구 오정동 324-8,442.11,경량철골구조,창고시설,기타지붕,2006-08-16
대전광역시 대덕구 오정동 324-9,65.82,벽돌구조,단독주택,(철근)콘크리트,1990-05-23
대전광역시 대덕구 오정동 325-1,714.06,경량철골구조,공장,기타지붕,1991-12-27
대전광역시 대덕구 오정동 325-11,230.4,일반철골구조,제2종근린생활시설,기타지붕,2014-11-21
대전광역시 대덕구 오정동 325-13,74.88,벽돌구조,단독주택,(철근)콘크리트,1988-12-21
대전광역시 대덕구 오정동 325-14,90.71,벽돌구조,단독주택,(철근)콘크리트,1989-06-13
대전광역시 대덕구 오정동 325-16,89.32,벽돌구조,단독주택,(철근)콘크리트,1988-11-22
대전광역시 대덕구 오정동 325-17,156.66,벽돌구조,단독주택,기타지붕,1988-12-21
대전광역시 대덕구 오정동 325-18,153.68,일반철골구조,제2종근린생활시설,기타지붕,2006-08-29
대전광역시 대덕구 오정동 325-2,111.92,철근콘크리트구조,제2종근린생활시설,(철근)콘크리트,2003-10-08
대전광역시 대덕구 오정동 325-3,67.08,벽돌구조,단독주택,(철근)콘크리트,1988-11-28
대전광역시 대덕구 오정동 325-4,549.35,철근콘크리트구조,창고시설,(철근)콘크리트,2007-10-08
대전광역시 대덕구 오정동 325-5,120.85,경량철골구조,단독주택,기타지붕,2008-10-02
대전광역시 대덕구 오정동 325-6,362.6,일반철골구조,창고시설,기타지붕,2015-12-04
대전광역시 대덕구 오정동 325-7,174.96,경량철골구조,제2종근린생활시설,기타지붕,1992-01-04
대전광역시 대덕구 오정동 325-8,296.0,일반철골구조,제2종근린생활시설,기타지붕,2018-07-16
대전광역시 대덕구 오정동 325-9,115.5,경량철골구조,창고시설,기타지붕,2015-06-09
대전광역시 대덕구 오정동 326-1,370.6,경량철골구조,제2종근린생활시설,기타지붕,1992-09-25
대전광역시 대덕구 오정동 326-10,94.37,벽돌구조,단독주택,(철근)콘크리트,1990-05-09
대전광역시 대덕구 오정동 326-11,99.18,일반철골구조,창고시설,기타지붕,2015-09-24
대전광역시 대덕구 오정동 326-12,101.52,철근콘크리트구조,단독주택,(철근)콘크리트,2003-09-23
대전광역시 대덕구 오정동 326-13,99.49,벽돌구조,단독주택,(철근)콘크리트,1999-09-11
대전광역시 대덕구 오정동 326-14,68.35,벽돌구조,단독주택,(철근)콘크리트,1988-06-28
대전광역시 대덕구 오정동 326-15,93.06,철근콘크리트구조,단독주택,(철근)콘크리트,1989-08-29
대전광역시 대덕구 오정동 326-17,195.84,경량철골구조,제2종근린생활시설,기타지붕,1994-06-13
대전광역시 대덕구 오정동 326-2,818.31,철근콘크리트구조,업무시설,(철근)콘크리트,1994-09-24
대전광역시 대덕구 오정동 326-4,93.48,일반철골구조,창고시설,기타지붕,2003-03-27
대전광역시 대덕구 오정동 326-5,94.7,벽돌구조,단독주택,(철근)콘크리트,1990-06-19
대전광역시 대덕구 오정동 326-6,440.52,일반철골구조,제2종근린생활시설,기타지붕,2003-02-10
대전광역시 대덕구 오정동 326-7,198.88,일반철골구조,제2종근린생활시설,기타지붕,2022-12-15
대전광역시 대덕구 오정동 326-8,402.06,일반철골구조,제2종근린생활시설,기타지붕,2000-09-01
대전광역시 대덕구 오정동 327-1,196.64,경량철골구조,창고시설,기타지붕,1994-02-04
대전광역시 대덕구 오정동 327-10,238.36,경량철골구조,제2종근린생활시설,기타지붕,1993-12-09
대전광역시 대덕구 오정동 327-2,313.45,경량철골구조,교육연구시설,기타지붕,
대전광역시 대덕구 오정동 328-1,314.05,일반철골구조,제2종근린생활시설,기타지붕,1997-10-27
대전광역시 대덕구 오정동 328-8,196.68,경량철골구조,창고시설,기타지붕,1995-04-25
대전광역시 대덕구 오정동 329-1,347.91,일반철골구조,제2종근린생활시설,기타지붕,2001-10-24
대전광역시 대덕구 오정동 329-12,291.6,경량철골구조,창고시설,기타지붕,1989-11-09
대전광역시 대덕구 오정동 329-13,223.49,경량철골구조,창고시설,기타지붕,2005-06-14
대전광역시 대덕구 오정동 329-17,95.45,벽돌구조,단독주택,(철근)콘크리트,1991-12-14
대전광역시 대덕구 오정동 329-18,143.7,벽돌구조,단독주택,(철근)콘크리트,1991-12-14
대전광역시 대덕구 오정동 329-2,159.8,경량철골구조,창고시설,기타지붕,2008-05-15
대전광역시 대덕구 오정동 329-3,281.74,일반철골구조,제2종근린생활시설,기타지붕,2005-05-18
대전광역시 대덕구 오정동 329-5,203.51,철근콘크리트구조,단독주택,(철근)콘크리트,1996-02-12
대전광역시 대덕구 오정동 329-6,87.84,일반철골구조,제2종근린생활시설,기타지붕,2003-11-18
대전광역시 대덕구 오정동 329-7,146.04,경량철골구조,제2종근린생활시설,기타지붕,1992-06-10
대전광역시 대덕구 오정동 329-8,101.44,벽돌구조,단독주택,(철근)콘크리트,1995-12-27
대전광역시 대덕구 오정동 329-9,93.5,경량철골구조,창고시설,기타지붕,2003-01-07
대전광역시 대덕구 오정동 33-2,109.05,철근콘크리트구조,제2종근린생활시설,(철근)콘크리트,1993-05-25
대전광역시 대덕구 오정동 330-1,123.16,벽돌구조,단독주택,(철근)콘크리트,1995-01-23
대전광역시 대덕구 오정동 330-11,88.72,벽돌구조,단독주택,(철근)콘크리트,1991-11-04
대전광역시 대덕구 오정동 330-12,90.06,일반철골구조,제2종근린생활시설,기타지붕,2024-05-20
대전광역시 대덕구 오정동 330-13,89.33,벽돌구조,단독주택,(철근)콘크리트,1995-09-27
대전광역시 대덕구 오정동 330-14,81.3,경량철골구조,제2종근린생활시설,기타지붕,1999-09-15
대전광역시 대덕구 오정동 330-15,101.71,벽돌구조,단독주택,기타지붕,1995-09-23
대전광역시 대덕구 오정동 330-17,101.29,벽돌구조,단독주택,(철근)콘크리트,1995-09-23
대전광역시 대덕구 오정동 330-2,246.08,일반철골구조,창고시설,기타지붕,1994-06-10
대전광역시 대덕구 오정동 330-21,180.32,일반철골구조,제2종근린생활시설,기타지붕,2022-08-01
대전광역시 대덕구 오정동 330-22,180.32,일반철골구조,제2종근린생활시설,기타지붕,2022-08-01
대전광역시 대덕구 오정동 330-3,148.0,일반철골구조,창고시설,기타지붕,1997-07-21
대전광역시 대덕구 오정동 330-4,488.9,일반철골구조,창고시설,(철근)콘크리트,2018-03-06
대전광역시 대덕구 오정동 330-5,215.29,경량철골구조,제2종근린생활시설,기타지붕,1992-09-23
대전광역시 대덕구 오정동 330-7,180.32,일반철골구조,제2종근린생활시설,기타지붕,2022-08-01
대전광역시 대덕구 오정동 330-8,302.52,일반철골구조,제2종근린생활시설,기타지붕,2002-04-12
대전광역시 대덕구 오정동 331-1,319.47999999999996,일반철골구조,창고시설,기타지붕,2009-01-15
대전광역시 대덕구 오정동 331-2,132.98,철근콘크리트구조,제2종근린생활시설,(철근)콘크리트,1993-10-19
대전광역시 대덕구 오정동 331-3,150.69,경량철골구조,창고시설,기타지붕,1996-05-29
대전광역시 대덕구 오정동 331-4,139.14,일반철골구조,제2종근린생활시설,(철근)콘크리트,2019-03-21
대전광역시 대덕구 오정동 331-5,161.06,철근콘크리트구조,제2종근린생활시설,(철근)콘크리트,1993-10-25
대전광역시 대덕구 오정동 331-6,442.44,경량철골구조,제2종근린생활시설,슬레이트,0993-05-31
대전광역시 대덕구 오정동 332-10,179.03,경량철골구조,단독주택,기타지붕,1994-12-27
대전광역시 대덕구 오정동 332-15,236.91,경량철골구조,제2종근린생활시설,기타지붕,2007-07-09
대전광역시 대덕구 오정동 332-2,695.46,철근콘크리트구조,제2종근린생활시설,(철근)콘크리트,2002-04-01
대전광역시 대덕구 오정동 332-6,123.96,경량철골구조,업무시설,기타지붕,1991-05-06
대전광역시 대덕구 오정동 332-7,213.36,경량철골구조,제2종근린생활시설,기타지붕,1992-01-06
대전광역시 대덕구 오정동 332-8,496.7,경량철골구조,창고시설,기타지붕,1993-09-27
대전광역시 대덕구 오정동 333-10,102.19,벽돌구조,단독주택,(철근)콘크리트,1991-10-28
대전광역시 대덕구 오정동 333-12,199.2,경량철골구조,창고시설,기타지붕,1994-09-10
대전광역시 대덕구 오정동 333-14,91.17,철근콘크리트구조,단독주택,(철근)콘크리트,2002-08-28
대전광역시 대덕구 오정동 333-15,91.56,벽돌구조,단독주택,(철근)콘크리트,1989-08-18
대전광역시 대덕구 오정동 333-2,420.48,경량철골구조,제2종근린생활시설,기타지붕,1992-01-10
대전광역시 대덕구 오정동 333-3,248.28,경량철골구조,제2종근린생활시설,기타지붕,1992-01-04
대전광역시 대덕구 오정동 333-4,264.96,경량철골구조,제2종근린생활시설,기타지붕,1992-01-06
대전광역시 대덕구 오정동 333-5,194.88,경량철골구조,창고시설,기타지붕,1998-07-01
대전광역시 대덕구 오정동 333-6,94.96,벽돌구조,단독주택,(철근)콘크리트,1989-07-06
대전광역시 대덕구 오정동 333-7,617.47,일반철골구조,제2종근린생활시설,기타지붕,2003-07-12
대전광역시 대덕구 오정동 334-1,241.92,경량철골구조,제2종근린생활시설,기타지붕,1992-09-17
대전광역시 대덕구 오정동 334-10,110.64,벽돌구조,단독주택,(철근)콘크리트,1990-07-20
대전광역시 대덕구 오정동 334-11,120.648,경량철골구조,제2종근린생활시설,기타지붕,1995-06-05
대전광역시 대덕구 오정동 334-13,121.68,경량철골구조,제2종근린생활시설,기타지붕,2001-07-12
대전광역시 대덕구 오정동 334-14,90.21,일반철골구조,창고시설,(철근)콘크리트,2001-09-03
대전광역시 대덕구 오정동 334-16,252.0,철근콘크리트구조,종교시설,(철근)콘크리트,2007-02-20
대전광역시 대덕구 오정동 334-2,108.7,철근콘크리트구조,단독주택,(철근)콘크리트,1997-05-03
대전광역시 대덕구 오정동 334-3,115.83,일반철골구조,제2종근린생활시설,기타지붕,2022-11-10
대전광역시 대덕구 오정동 334-4,195.84,경량철골구조,제2종근린생활시설,기타지붕,1992-07-20
대전광역시 대덕구 오정동 334-5,245.1,철근콘크리트구조,제2종근린생활시설,(철근)콘크리트,2007-02-06
대전광역시 대덕구 오정동 334-6,225.98,경량철골구조,공장,기타지붕,1990-04-27
대전광역시 대덕구 오정동 334-8,100.58,벽돌구조,단독주택,(철근)콘크리트,1990-02-07
대전광역시 대덕구 오정동 334-9,107.87,벽돌구조,단독주택,(철근)콘크리트,1989-11-14
대전광역시 대덕구 오정동 336-1,149.73,일반철골구조,제2종근린생활시설,기타지붕,2004-08-24
대전광역시 대덕구 오정동 336-11,98.46,벽돌구조,단독주택,(철근)콘크리트,1986-09-10
대전광역시 대덕구 오정동 336-12,98.6,철근콘크리트구조,단독주택,(철근)콘크리트,1997-10-29
대전광역시 대덕구 오정동 336-15,129.7,경량철골구조,제2종근린생활시설,기타지붕,1993-02-11
대전광역시 대덕구 오정동 336-16,90.89,경량철골구조,제2종근린생활시설,기타지붕,2017-10-24
대전광역시 대덕구 오정동 336-18,98.08,벽돌구조,단독주택,(철근)콘크리트,1987-07-28
대전광역시 대덕구 오정동 336-2,543.8299999999999,일반철골구조,창고시설,기타지붕,2006-05-12
대전광역시 대덕구 오정동 336-20,84.18,벽돌구조,단독주택,(철근)콘크리트,1990-01-05
대전광역시 대덕구 오정동 336-21,80.88,벽돌구조,단독주택,(철근)콘크리트,1992-08-14
대전광역시 대덕구 오정동 336-23,121.6,일반철골구조,제2종근린생활시설,기타지붕,2019-12-13
대전광역시 대덕구 오정동 336-24,116.68,벽돌구조,단독주택,(철근)콘크리트,1989-05-04
대전광역시 대덕구 오정동 336-26,92.8,경량철골구조,단독주택,(철근)콘크리트,1991-10-24
대전광역시 대덕구 오정동 336-28,370.95,일반철골구조,제2종근린생활시설,기타지붕,2002-05-01
대전광역시 대덕구 오정동 336-3,232.0,경량철골구조,제2종근린생활시설,기타지붕,1994-05-24
대전광역시 대덕구 오정동 336-4,84.51,벽돌구조,단독주택,(철근)콘크리트,1988-03-09
대전광역시 대덕구 오정동 336-5,170.13,일반철골구조,제2종근린생활시설,기타지붕,2007-04-20
대전광역시 대덕구 오정동 336-7,124.31,벽돌구조,단독주택,(철근)콘크리트,1990-11-26
대전광역시 대덕구 오정동 336-8,151.87,철근콘크리트구조,단독주택,(철근)콘크리트,2000-09-01
대전광역시 대덕구 오정동 337-1,73.44,경량철골구조,창고시설,기타지붕,1992-01-10
대전광역시 대덕구 오정동 337-10,152.64,경량철골구조,제2종근린생활시설,기타지붕,1992-08-03
대전광역시 대덕구 오정동 337-11,110.86,벽돌구조,단독주택,(철근)콘크리트,1984-10-22
대전광역시 대덕구 오정동 337-12,68.01,벽돌구조,단독주택,(철근)콘크리트,1989-08-02
대전광역시 대덕구 오정동 337-13,156.0,일반철골구조,제2종근린생활시설,기타지붕,2017-11-30
대전광역시 대덕구 오정동 337-16,108.45,벽돌구조,단독주택,(철근)콘크리트,1990-04-09
대전광역시 대덕구 오정동 337-18,68.58,벽돌구조,단독주택,(철근)콘크리트,1984-11-15
대전광역시 대덕구 오정동 337-19,69.71,벽돌구조,단독주택,(철근)콘크리트,1984-11-07
대전광역시 대덕구 오정동 337-2,411.79999999999995,일반철골구조,제2종근린생활시설,(철근)콘크리트,2008-05-15
대전광역시 대덕구 오정동 337-20,97.1,일반철골구조,제2종근린생활시설,기타지붕,2006-03-09
대전광역시 대덕구 오정동 337-22,242.05,일반철골구조,제2종근린생활시설,기타지붕,2020-05-26
대전광역시 대덕구 오정동 337-3,164.98,일반철골구조,제2종근린생활시설,(철근)콘크리트,2023-04-17
대전광역시 대덕구 오정동 337-4,71.74,벽돌구조,단독주택,(철근)콘크리트,1989-06-22
대전광역시 대덕구 오정동 337-5,175.51,일반철골구조,단독주택,기타지붕,2002-08-02
대전광역시 대덕구 오정동 337-6,134.71,벽돌구조,단독주택,(철근)콘크리트,1990-04-09
대전광역시 대덕구 오정동 337-7,84.8,경량철골구조,제2종근린생활시설,기타지붕,2002-04-23
대전광역시 대덕구 오정동 337-8,359.15,벽돌구조,단독주택,(철근)콘크리트,1984-05-10
대전광역시 대덕구 오정동 337-9,305.72,경량철골구조,제2종근린생활시설,기타지붕,1992-12-29
대전광역시 대덕구 오정동 338-10,199.88,경량철골구조,창고시설,기타지붕,1993-09-23
대전광역시 대덕구 오정동 338-11,93.24,벽돌구조,단독주택,(철근)콘크리트,1988-08-16
대전광역시 대덕구 오정동 338-12,79.02,경량철골구조,단독주택,기타지붕,1989-06-27
대전광역시 대덕구 오정동 338-13,211.12,일반철골구조,창고시설,(철근)콘크리트,2003-11-03
대전광역시 대덕구 오정동 338-6,508.93,벽돌구조,위험물저장및처리시설,(철근)콘크리트,1994-06-15
대전광역시 대덕구 오정동 338-9,754.76,철근콘크리트구조,공동주택,(철근)콘크리트,1988-04-19
대전광역시 대덕구 오정동 339-1,115.48,벽돌구조,단독주택,(철근)콘크리트,1989-06-28
대전광역시 대덕구 오정동 339-10,84.18,벽돌구조,단독주택,(철근)콘크리트,1990-01-05
대전광역시 대덕구 오정동 339-11,84.18,벽돌구조,단독주택,(철근)콘크리트,1989-12-28
대전광역시 대덕구 오정동 339-12,167.41,경량철골구조,제2종근린생활시설,기타지붕,2006-07-24
대전광역시 대덕구 오정동 339-13,94.09,일반철골구조,제2종근린생활시설,기타지붕,2008-06-18
대전광역시 대덕구 오정동 339-2,228.16,일반철골구조,제2종근린생활시설,기타지붕,2018-06-26
대전광역시 대덕구 오정동 339-3,243.9,경량철골구조,단독주택,기타지붕,1991-06-18
대전광역시 대덕구 오정동 339-4,78.81,벽돌구조,단독주택,(철근)콘크리트,1990-01-05
대전광역시 대덕구 오정동 339-5,205.75,철근콘크리트구조,단독주택,(철근)콘크리트,1985-02-08
대전광역시 대덕구 오정동 340-10,85.18,벽돌구조,단독주택,(철근)콘크리트,1986-07-15
대전광역시 대덕구 오정동 340-13,99.07,벽돌구조,단독주택,(철근)콘크리트,1987-11-02
대전광역시 대덕구 오정동 340-15,81.55,벽돌구조,단독주택,(철근)콘크리트,1985-09-09
대전광역시 대덕구 오정동 340-16,74.64,벽돌구조,단독주택,(철근)콘크리트,1988-12-31
대전광역시 대덕구 오정동 340-17,185.0,일반철골구조,제2종근린생활시설,기타지붕,2020-05-08
대전광역시 대덕구 오정동 340-18,90.86,벽돌구조,단독주택,(철근)콘크리트,1984-08-09
대전광역시 대덕구 오정동 340-19,101.95,일반철골구조,창고시설,기타지붕,2003-03-11
대전광역시 대덕구 오정동 340-2,91.0,일반철골구조,제2종근린생활시설,기타지붕,2024-03-13
대전광역시 대덕구 오정동 340-21,84.52,벽돌구조,단독주택,(철근)콘크리트,1989-11-29
대전광역시 대덕구 오정동 340-23,53.82,벽돌구조,단독주택,슬레이트,1982-04-06
대전광역시 대덕구 오정동 340-24,102.13,벽돌구조,단독주택,(철근)콘크리트,1996-09-14
대전광역시 대덕구 오정동 340-25,94.04,벽돌구조,단독주택,(철근)콘크리트,1991-07-22
대전광역시 대덕구 오정동 340-26,371.86,철근콘크리트구조,공동주택,(철근)콘크리트,1993-08-09
대전광역시 대덕구 오정동 340-3,218.4,일반철골구조,제2종근린생활시설,기타지붕,2021-03-08
대전광역시 대덕구 오정동 340-4,73.35,벽돌구조,단독주택,(철근)콘크리트,1990-06-07
대전광역시 대덕구 오정동 340-5,365.95,일반철골구조,창고시설,기타지붕,2002-07-09
대전광역시 대덕구 오정동 340-6,90.83,벽돌구조,단독주택,(철근)콘크리트,1989-11-28
대전광역시 대덕구 오정동 340-7,371.86,철근콘크리트구조,공동주택,(철근)콘크리트,1993-08-09
대전광역시 대덕구 오정동 340-8,323.22,경량철골구조,창고시설,기타지붕,1995-02-10
대전광역시 대덕구 오정동 341-1,233.92000000000002,벽돌구조,제2종근린생활시설,(철근)콘크리트,1993-07-21
대전광역시 대덕구 오정동 341-10,95.7,블록구조,단독주택,슬레이트,1982-10-12
대전광역시 대덕구 오정동 341-12,262.71,일반철골구조,제2종근린생활시설,기타지붕,2020-01-13
대전광역시 대덕구 오정동 341-14,237.6,일반철골구조,제2종근린생활시설,기타지붕,2009-05-29
대전광역시 대덕구 오정동 341-15,347.04999999999995,일반철골구조,창고시설,기타지붕,2004-07-31
대전광역시 대덕구 오정동 341-17,52.6,일반철골구조,제2종근린생활시설,기타지붕,2004-03-19
대전광역시 대덕구 오정동 341-18,81.32,벽돌구조,단독주택,(철근)콘크리트,1990-08-09
대전광역시 대덕구 오정동 341-19,85.14,벽돌구조,단독주택,(철근)콘크리트,1990-08-22
대전광역시 대덕구 오정동 341-2,132.2,철근콘크리트구조,제2종근린생활시설,(철근)콘크리트,1982-12-14
대전광역시 대덕구 오정동 341-20,102.59,일반철골구조,제2종근린생활시설,기타지붕,2015-11-12
대전광역시 대덕구 오정동 341-3,163.1,철근콘크리트구조,제2종근린생활시설,(철근)콘크리트,1982-12-13
대전광역시 대덕구 오정동 341-5,253.91,일반철골구조,제2종근린생활시설,(철근)콘크리트,2004-03-12
대전광역시 대덕구 오정동 341-7,521.61,일반철골구조,창고시설,기타지붕,2020-10-14
대전광역시 대덕구 오정동 341-8,84.48,벽돌구조,단독주택,(철근)콘크리트,1985-05-20
대전광역시 대덕구 오정동 341-9,81.32,벽돌구조,단독주택,(철근)콘크리트,1990-08-09
대전광역시 대덕구 오정동 342-1,267.16,일반철골구조,제2종근린생활시설,(철근)콘크리트,2019-02-22
대전광역시 대덕구 오정동 342-10,325.36,경량철골구조,제2종근린생활시설,기타지붕,1992-06-10
대전광역시 대덕구 오정동 342-12,263.86,벽돌구조,공동주택,(철근)콘크리트,1991-05-30
대전광역시 대덕구 오정동 342-13,272.02,철근콘크리트구조,공동주택,(철근)콘크리트,1993-01-04
대전광역시 대덕구 오정동 342-14,272.02,철근콘크리트구조,공동주택,(철근)콘크리트,1993-01-04
대전광역시 대덕구 오정동 342-15,259.84,철근콘크리트구조,공동주택,(철근)콘크리트,1991-12-27
대전광역시 대덕구 오정동 342-16,259.84,철근콘크리트구조,공동주택,(철근)콘크리트,1991-12-27
대전광역시 대덕구 오정동 342-2,259.84,벽돌구조,공동주택,(철근)콘크리트,1991-05-30
대전광역시 대덕구 오정동 342-3,76.95,경량철골구조,공장,기타지붕,1991-05-30
대전광역시 대덕구 오정동 342-4,187.98,경량철골구조,공장,기타지붕,1994-05-12
대전광역시 대덕구 오정동 342-5,169.2,경량철골구조,제2종근린생활시설,기타지붕,1997-06-10
대전광역시 대덕구 오정동 342-6,435.94,일반철골구조,제2종근린생활시설,기타지붕,2009-01-16
대전광역시 대덕구 오정동 342-7,594.72,경량철골구조,제2종근린생활시설,기타지붕,1994-04-15
대전광역시 대덕구 오정동 342-8,422.62,일반철골구조,공장,슬레이트,1990-03-14
대전광역시 대덕구 오정동 342-9,27.2,경량철골구조,제2종근린생활시설,기타지붕,2003-02-21
대전광역시 대덕구 오정동 343-15,86.88,벽돌구조,단독주택,(철근)콘크리트,1990-06-26
대전광역시 대덕구 오정동 343-2,264.96,경량철골구조,제2종근린생활시설,기타지붕,1992-01-04
대전광역시 대덕구 오정동 343-3,69.08,경량철골구조,단독주택,기타지붕,1993-02-11
대전광역시 대덕구 오정동 343-4,391.775,일반철골구조,창고시설,기타지붕,2001-10-22
대전광역시 대덕구 오정동 343-5,302.47,경량철골구조,창고시설,기타지붕,2004-02-26
대전광역시 대덕구 오정동 343-6,189.2,일반철골구조,창고시설,기타지붕,2020-07-17
대전광역시 대덕구 오정동 343-7,64.8,경량철골구조,단독주택,기타지붕,1990-03-27
대전광역시 대덕구 오정동 344-3,112.55,철근콘크리트구조,제2종근린생활시설,(철근)콘크리트,1997-05-16
대전광역시 대덕구 오정동 344-4,198.48,경량철골구조,제2종근린생활시설,기타지붕,1992-09-17
대전광역시 대덕구 오정동 344-5,765.48,일반철골구조,제2종근린생활시설,기타지붕,2015-12-29
대전광역시 대덕구 오정동 345-11,97.97,일반철골구조,제2종근린생활시설,(철근)콘크리트,2005-02-23
대전광역시 대덕구 오정동 345-2,56.68,벽돌구조,단독주택,(철근)콘크리트,1987-06-02
대전광역시 대덕구 오정동 345-4,242.95,일반철골구조,창고시설,기타지붕,2016-03-07
대전광역시 대덕구 오정동 345-5,183.07,철근콘크리트구조,제2종근린생활시설,(철근)콘크리트,2009-02-04
대전광역시 대덕구 오정동 345-6,96.57,철근콘크리트구조,단독주택,(철근)콘크리트,1990-08-10
대전광역시 대덕구 오정동 346-1,432.96,철근콘크리트구조,문화및집회시설,(철근)콘크리트,1992-01-08
대전광역시 대덕구 오정동 346-10,340.16,경량철골구조,창고시설,기타지붕,1994-01-15
대전광역시 대덕구 오정동 346-2,470.8,일반철골구조,제2종근린생활시설,기타지붕,2013-11-11
대전광역시 대덕구 오정동 346-3,203.96,일반철골구조,제2종근린생활시설,기타지붕,2013-10-25
대전광역시 대덕구 오정동 346-4,89.79,일반철골구조,창고시설,기타지붕,2013-07-12
대전광역시 대덕구 오정동 346-6,252.0,경량철골구조,창고시설,기타지붕,1994-02-03
대전광역시 대덕구 오정동 346-7,494.56,일반철골구조,제2종근린생활시설,기타지붕,1998-06-09
대전광역시 대덕구 오정동 346-8,85.43,일반철골구조,제2종근린생활시설,기타지붕,2000-12-04
대전광역시 대덕구 오정동 346-9,248.695,일반철골구조,문화및집회시설,(철근)콘크리트,1994-02-02
대전광역시 대덕구 오정동 347,75.8,일반목구조,단독주택,기와,1975-05-23
대전광역시 대덕구 오정동 347-10,98.2,벽돌구조,단독주택,(철근)콘크리트,1990-06-19
대전광역시 대덕구 오정동 347-11,99.25,벽돌구조,단독주택,(철근)콘크리트,1989-11-16
대전광역시 대덕구 오정동 347-14,81.88,벽돌구조,단독주택,(철근)콘크리트,1981-05-15
대전광역시 대덕구 오정동 347-16,80.92,벽돌구조,단독주택,(철근)콘크리트,1990-01-24
대전광역시 대덕구 오정동 347-18,286.02,철근콘크리트구조,단독주택,기타지붕,2000-04-22
대전광역시 대덕구 오정동 347-19,112.51,경량철골구조,제2종근린생활시설,기타지붕,2016-03-21
대전광역시 대덕구 오정동 347-2,93.78,일반철골구조,창고시설,기타지붕,2014-07-04
대전광역시 대덕구 오정동 347-20,166.95,철근콘크리트구조,제2종근린생활시설,(철근)콘크리트,1990-12-24
대전광역시 대덕구 오정동 347-22,52.795,벽돌구조,단독주택,기와,1980-09-30
대전광역시 대덕구 오정동 347-23,58.4,벽돌구조,단독주택,기와,1980-09-30
대전광역시 대덕구 오정동 347-3,250.73,경량철골구조,제2종근린생활시설,기타지붕,1994-01-05
대전광역시 대덕구 오정동 347-4,52.795,벽돌구조,단독주택,기와,1980-09-30
대전광역시 대덕구 오정동 347-5,74.6,벽돌구조,단독주택,(철근)콘크리트,1985-05-30
대전광역시 대덕구 오정동 347-8,238.79999999999998,경량철골구조,제2종근린생활시설,기타지붕,2001-03-06
대전광역시 대덕구 오정동 347-9,132.7,철근콘크리트구조,단독주택,(철근)콘크리트,1997-06-19
대전광역시 대덕구 오정동 348-7,54.52,벽돌구조,단독주택,(철근)콘크리트,
대전광역시 대덕구 오정동 35-11,63.22,벽돌구조,단독주택,(철근)콘크리트,1993-09-24
대전광역시 대덕구 오정동 35-25,183.72,경량철골구조,제2종근린생활시설,기타지붕,1997-08-28
대전광역시 대덕구 오정동 35-682,58.15,벽돌구조,단독주택,(철근)콘크리트,1990-06-18
대전광역시 대덕구 오정동 35-8,46.129,벽돌구조,단독주택,기타지붕,2001-12-18
대전광역시 대덕구 오정동 354,59.37,일반목구조,단독주택,기타지붕,1941
대전광역시 대덕구 오정동 356-12,42.98,일반목구조,단독주택,기와,1958
대전광역시 대덕구 오정동 356-21,35.04,벽돌구조,단독주택,(철근)콘크리트,1978-08-10
대전광역시 대덕구 오정동 358-21,49.88,벽돌구조,단독주택,기와,1970
대전광역시 대덕구 오정동 358-3,111.79,일반철골구조,단독주택,(철근)콘크리트,2018-04-09
대전광역시 대덕구 오정동 36,431.98,기타조적구조,단독주택,기와,1925
대전광역시 대덕구 오정동 36-11,68.53,벽돌구조,단독주택,(철근)콘크리트,1983-05-12
대전광역시 대덕구 오정동 36-12,26.45,일반목구조,단독주택,기타지붕,1918
대전광역시 대덕구 오정동 36-15,56.53,벽돌구조,단독주택,(철근)콘크리트,1983-04-12
대전광역시 대덕구 오정동 36-4,162.56,벽돌구조,단독주택,(철근)콘크리트,1993-09-10
대전광역시 대덕구 오정동 36-5,96.75,일반목구조,단독주택,기와,2013-07-16
대전광역시 대덕구 오정동 36-6,78.05,벽돌구조,단독주택,(철근)콘크리트,1985-06-29
대전광역시 대덕구 오정동 36-8,26.45,일반목구조,단독주택,기와,1920
대전광역시 대덕구 오정동 369-1,236.05,경량철골구조,제2종근린생활시설,기타지붕,2005-10-17
대전광역시 대덕구 오정동 369-10,86.22,벽돌구조,단독주택,(철근)콘크리트,1983-11-24
대전광역시 대덕구 오정동 369-11,984.12,철근콘크리트구조,공동주택,(철근)콘크리트,1994-12-29
대전광역시 대덕구 오정동 369-12,171.08,일반철골구조,창고시설,기타지붕,2020-03-02
대전광역시 대덕구 오정동 369-13,91.0,벽돌구조,단독주택,(철근)콘크리트,1988-06-08
대전광역시 대덕구 오정동 369-14,93.32,벽돌구조,단독주택,(철근)콘크리트,1988-06-09
대전광역시 대덕구 오정동 369-15,205.64,철근콘크리트구조,공동주택,(철근)콘크리트,1990-09-06
대전광역시 대덕구 오정동 369-17,205.64,벽돌구조,공동주택,(철근)콘크리트,1990-09-06
대전광역시 대덕구 오정동 369-18,99.47,벽돌구조,단독주택,(철근)콘크리트,1990-09-05
대전광역시 대덕구 오정동 369-19,91.67,벽돌구조,단독주택,(철근)콘크리트,1990-09-15
대전광역시 대덕구 오정동 369-2,73.16,벽돌구조,단독주택,(철근)콘크리트,1983-06-28
대전광역시 대덕구 오정동 369-20,100.1,벽돌구조,단독주택,(철근)콘크리트,1990-12-06
대전광역시 대덕구 오정동 369-21,205.64,벽돌구조,공동주택,(철근)콘크리트,1990-03-09
대전광역시 대덕구 오정동 369-22,73.15,벽돌구조,단독주택,(철근)콘크리트,1983-06-28
대전광역시 대덕구 오정동 369-23,73.15,벽돌구조,단독주택,(철근)콘크리트,1983-05-27
대전광역시 대덕구 오정동 369-24,73.16,벽돌구조,단독주택,(철근)콘크리트,1983-06-28
대전광역시 대덕구 오정동 369-4,75.63,벽돌구조,단독주택,(철근)콘크리트,1983-11-24
대전광역시 대덕구 오정동 369-5,205.64,벽돌구조,공동주택,(철근)콘크리트,1990-09-06
대전광역시 대덕구 오정동 369-6,165.6,철근콘크리트구조,단독주택,(철근)콘크리트,2003-09-05
대전광역시 대덕구 오정동 37,148.64,일반목구조,단독주택,기와,1911
대전광역시 대덕구 오정동 37-1,193.79,철근콘크리트구조,단독주택,(철근)콘크리트,2003-10-28
대전광역시 대덕구 오정동 370-11,135.0,일반철골구조,제2종근린생활시설,기타지붕,2022-01-28
대전광역시 대덕구 오정동 370-13,309.23,벽돌구조,단독주택,(철근)콘크리트,1987-08-21
대전광역시 대덕구 오정동 370-15,138.0,철근콘크리트구조,제2종근린생활시설,(철근)콘크리트,1989-07-21
대전광역시 대덕구 오정동 370-18,157.07,일반철골구조,창고시설,기타지붕,2021-04-13
대전광역시 대덕구 오정동 370-2,206.55,일반철골구조,제2종근린생활시설,기타지붕,2020-01-21
대전광역시 대덕구 오정동 370-20,77.75,벽돌구조,단독주택,(철근)콘크리트,1986-01-24
대전광역시 대덕구 오정동 370-21,109.56,벽돌구조,단독주택,(철근)콘크리트,1988-06-28
대전광역시 대덕구 오정동 370-23,188.22,경량철골구조,제2종근린생활시설,기타지붕,1994-02-04
대전광역시 대덕구 오정동 370-24,139.16,철근콘크리트구조,제2종근린생활시설,(철근)콘크리트,1994-06-02
대전광역시 대덕구 오정동 370-29,259.88,일반철골구조,창고시설,기타지붕,2015-05-20
대전광역시 대덕구 오정동 370-30,124.5,일반철골구조,제2종근린생활시설,기타지붕,2021-05-27
대전광역시 대덕구 오정동 370-4,101.48,벽돌구조,단독주택,(철근)콘크리트,1995-02-13
대전광역시 대덕구 오정동 370-5,87.31,벽돌구조,단독주택,(철근)콘크리트,1987-12-09
대전광역시 대덕구 오정동 370-7,85.89,벽돌구조,단독주택,(철근)콘크리트,1984-08-31
대전광역시 대덕구 오정동 370-8,80.96,벽돌구조,단독주택,(철근)콘크리트,1985-05-30
대전광역시 대덕구 오정동 371-1,375.02,철근콘크리트구조,교육연구시설,(철근)콘크리트,1999-12-23
대전광역시 대덕구 오정동 371-11,219.98,벽돌구조,제2종근린생활시설,(철근)콘크리트,1983-03-30
대전광역시 대덕구 오정동 371-13,388.63,일반철골구조,제2종근린생활시설,(철근)콘크리트,2009-03-12
대전광역시 대덕구 오정동 371-3,267.84,일반철골구조,창고시설,기타지붕,2002-12-26
대전광역시 대덕구 오정동 371-4,80.5,벽돌구조,단독주택,(철근)콘크리트,1990-07-13
대전광역시 대덕구 오정동 371-5,82.95,벽돌구조,단독주택,(철근)콘크리트,1988-05-17
대전광역시 대덕구 오정동 371-7,273.28,경량철골구조,창고시설,기타지붕,2008-03-31
대전광역시 대덕구 오정동 371-8,278.94,철근콘크리트구조,제2종근린생활시설,(철근)콘크리트,1992-06-16
대전광역시 대덕구 오정동 371-9,575.14,철근콘크리트구조,제2종근린생활시설,(철근)콘크리트,2008-08-19
대전광역시 대덕구 오정동 372-1,824.24,벽돌구조,자동차관련시설,기타지붕,1995-02-22
대전광역시 대덕구 오정동 372-2,384.41,철근콘크리트구조,제2종근린생활시설,(철근)콘크리트,1992-08-20
대전광역시 대덕구 오정동 372-4,490.18,철근콘크리트구조,업무시설,기타지붕,1993-09-23
대전광역시 대덕구 오정동 379-10,82.8,벽돌구조,단독주택,(철근)콘크리트,1986-07-21
대전광역시 대덕구 오정동 379-11,396.0,벽돌구조,공동주택,(철근)콘크리트,1986-12-29
대전광역시 대덕구 오정동 379-12,199.8,철근콘크리트구조,제2종근린생활시설,(철근)콘크리트,1994-01-05
대전광역시 대덕구 오정동 379-16,82.7,벽돌구조,단독주택,(철근)콘크리트,1984-12-20
대전광역시 대덕구 오정동 379-18,103.2,철근콘크리트구조,단독주택,(철근)콘크리트,1997-07-28
대전광역시 대덕구 오정동 379-19,83.7,벽돌구조,단독주택,(철근)콘크리트,1984-12-06
대전광역시 대덕구 오정동 379-2,394.0,벽돌구조,공동주택,(철근)콘크리트,1986-12-29
대전광역시 대덕구 오정동 379-20,391.66,철근콘크리트구조,제2종근린생활시설,(철근)콘크리트,2000-08-10
대전광역시 대덕구 오정동 379-21,448.4,철근콘크리트구조,공동주택,(철근)콘크리트,1994-06-30
대전광역시 대덕구 오정동 379-3,387.96,철근콘크리트구조,제2종근린생활시설,(철근)콘크리트,1989-02-10
대전광역시 대덕구 오정동 379-4,188.6,일반철골구조,창고시설,기타지붕,2002-09-09
대전광역시 대덕구 오정동 379-7,448.4,철근콘크리트구조,공동주택,(철근)콘크리트,1994-06-30
대전광역시 대덕구 오정동 379-8,199.52,경량철골구조,제2종근린생활시설,기타지붕,1994-08-16
대전광역시 대덕구 오정동 379-9,85.24,벽돌구조,단독주택,(철근)콘크리트,1984-04-04
대전광역시 대덕구 오정동 38-2,237.53,경량철골구조,제2종근린생활시설,기타지붕,1992-12-14
대전광역시 대덕구 오정동 381-13,100.44,철근콘크리트구조,단독주택,(철근)콘크리트,1997-06-28
대전광역시 대덕구 오정동 381-14,121.9,일반철골구조,창고시설,기타지붕,2008-12-05
대전광역시 대덕구 오정동 381-15,68.66,벽돌구조,제2종근린생활시설,(철근)콘크리트,1978-06-15
대전광역시 대덕구 오정동 381-16,113.16,일반철골구조,제2종근린생활시설,기타지붕,2017-09-01
대전광역시 대덕구 오정동 381-2,256.82,일반철골구조,창고시설,기타지붕,2014-09-02
대전광역시 대덕구 오정동 381-3,85.71,벽돌구조,단독주택,(철근)콘크리트,1985-08-26
대전광역시 대덕구 오정동 381-4,190.13,일반철골구조,제2종근린생활시설,기타지붕,2014-05-09
대전광역시 대덕구 오정동 381-6,112.86,일반철골구조,창고시설,기타지붕,2018-01-05
대전광역시 대덕구 오정동 381-8,104.9,철근콘크리트구조,창고시설,(철근)콘크리트,1995-04-15
대전광역시 대덕구 오정동 381-9,74.48,벽돌구조,단독주택,(철근)콘크리트,1982-06-07
대전광역시 대덕구 오정동 382-3,82.56,벽돌구조,노유자시설,(철근)콘크리트,1993-02-13
대전광역시 대덕구 오정동 382-4,40.68,벽돌구조,단독주택,(철근)콘크리트,1987-04-29
대전광역시 대덕구 오정동 382-6,90.24,경량철골구조,창고시설,기타지붕,1996-05-20
대전광역시 대덕구 오정동 383-1,240.51,경량철골구조,제2종근린생활시설,기타지붕,2006-03-15
대전광역시 대덕구 오정동 383-11,97.0,벽돌구조,창고시설,(철근)콘크리트,1984-02-20
대전광역시 대덕구 오정동 383-4,468.64,철근콘크리트구조,제2종근린생활시설,(철근)콘크리트,1983-11-23
대전광역시 대덕구 오정동 384-1,215.46,경량철골구조,공장,기타지붕,1988-07-12
대전광역시 대덕구 오정동 384-3,281.22,철근콘크리트구조,제2종근린생활시설,(철근)콘크리트,1992-12-04
대전광역시 대덕구 오정동 384-6,666.5799999999999,철근콘크리트구조,창고시설,(철근)콘크리트,2007-10-18
대전광역시 대덕구 오정동 385-1,754.3,일반철골구조,제2종근린생활시설,기타지붕,2007-06-18
대전광역시 대덕구 오정동 385-10,104.88,벽돌구조,단독주택,(철근)콘크리트,1983-07-14
대전광역시 대덕구 오정동 385-3,89.56,벽돌구조,단독주택,(철근)콘크리트,1983-07-14
대전광역시 대덕구 오정동 385-5,89.56,벽돌구조,단독주택,(철근)콘크리트,1983-07-14
대전광역시 대덕구 오정동 385-6,359.7,철근콘크리트구조,노유자시설,(철근)콘크리트,1994-10-11
대전광역시 대덕구 오정동 385-7,138.87,철근콘크리트구조,제2종근린생활시설,(철근)콘크리트,1988-01-21
대전광역시 대덕구 오정동 385-8,80.98,벽돌구조,단독주택,(철근)콘크리트,1983-06-17
대전광역시 대덕구 오정동 385-9,80.98,벽돌구조,단독주택,(철근)콘크리트,1983-06-17
대전광역시 대덕구 오정동 386-1,237.96,철근콘크리트구조,공동주택,(철근)콘크리트,1994-02-02
대전광역시 대덕구 오정동 386-10,66.99,벽돌구조,단독주택,(철근)콘크리트,1990-05-09
대전광역시 대덕구 오정동 386-13,1005.12,철근콘크리트구조,공동주택,(철근)콘크리트,1994-05-14
대전광역시 대덕구 오정동 386-15,425.7,철근콘크리트구조,공동주택,(철근)콘크리트,1994-05-02
대전광역시 대덕구 오정동 386-16,381.84,일반철골구조,제2종근린생활시설,기타지붕,2016-06-27
대전광역시 대덕구 오정동 386-2,1241.04,철근콘크리트구조,공동주택,(철근)콘크리트,1994-02-14
대전광역시 대덕구 오정동 386-3,446.88,경량철골구조,창고시설,기타지붕,2009-03-26
대전광역시 대덕구 오정동 386-5,97.83,벽돌구조,단독주택,(철근)콘크리트,1985-03-29
대전광역시 대덕구 오정동 386-6,512.47,일반철골구조,공장,기타지붕,2003-12-18
대전광역시 대덕구 오정동 386-7,74.4,경량철골구조,창고시설,기타지붕,1995-08-31
대전광역시 대덕구 오정동 386-9,67.16,벽돌구조,단독주택,(철근)콘크리트,1990-05-16
대전광역시 대덕구 오정동 387-10,158.28,일반철골구조,제2종근린생활시설,(철근)콘크리트,2002-12-06
대전광역시 대덕구 오정동 387-2,248.16,경량철골구조,제2종근린생활시설,기타지붕,1997-12-23
대전광역시 대덕구 오정동 387-3,175.235,철근콘크리트구조,제2종근린생활시설,(철근)콘크리트,1991-09-28
대전광역시 대덕구 오정동 387-4,97.9,벽돌구조,단독주택,(철근)콘크리트,1979-08-23
대전광역시 대덕구 오정동 387-7,182.11,일반철골구조,제2종근린생활시설,(철근)콘크리트,2007-10-16
대전광역시 대덕구 오정동 387-8,225.98,일반철골구조,제2종근린생활시설,(철근)콘크리트,2002-03-29
대전광역시 대덕구 오정동 387-9,142.04,경량철골구조,제2종근린생활시설,기타지붕,1999-05-27
대전광역시 대덕구 오정동 388-1,247.38,경량철골구조,창고시설,기타지붕,2003-11-24
대전광역시 대덕구 오정동 388-12,158.61,일반철골구조,창고시설,기타지붕,2013-11-25
대전광역시 대덕구 오정동 388-13,94.96,벽돌구조,단독주택,(철근)콘크리트,1984-05-29
대전광역시 대덕구 오정동 388-14,116.1,철근콘크리트구조,제2종근린생활시설,(철근)콘크리트,1990-03-23
대전광역시 대덕구 오정동 388-15,117.0,경량철골구조,창고시설,기타지붕,1994-04-08
대전광역시 대덕구 오정동 388-2,146.52,벽돌구조,단독주택,(철근)콘크리트,1989-05-22
대전광역시 대덕구 오정동 388-3,77.38,벽돌구조,단독주택,(철근)콘크리트,1983-11-05
대전광역시 대덕구 오정동 388-5,210.34,철근콘크리트구조,단독주택,(철근)콘크리트,1983-11-14
대전광역시 대덕구 오정동 388-9,86.61,벽돌구조,단독주택,(철근)콘크리트,1980-10-15
대전광역시 대덕구 오정동 389-2,122.02,경량철골구조,단독주택,기타지붕,1984-07-23
대전광역시 대덕구 오정동 390-1,391.52,철근콘크리트구조,제2종근린생활시설,(철근)콘크리트,1991-11-28
대전광역시 대덕구 오정동 390-10,110.5,일반철골구조,창고시설,기타지붕,2002-11-30
대전광역시 대덕구 오정동 390-11,109.61,벽돌구조,단독주택,(철근)콘크리트,1980-03-27
대전광역시 대덕구 오정동 390-12,383.15,벽돌구조,단독주택,(철근)콘크리트,1980-03-27
대전광역시 대덕구 오정동 390-13,87.18,벽돌구조,단독주택,(철근)콘크리트,1980-03-27
대전광역시 대덕구 오정동 390-17,74.55,벽돌구조,단독주택,(철근)콘크리트,1979-09-17
대전광역시 대덕구 오정동 390-18,92.01,벽돌구조,단독주택,(철근)콘크리트,1978-01-09
대전광역시 대덕구 오정동 390-19,84.09,벽돌구조,단독주택,(철근)콘크리트,1978-01-09
대전광역시 대덕구 오정동 390-20,67.67,벽돌구조,단독주택,(철근)콘크리트,1979-05-04
대전광역시 대덕구 오정동 390-22,153.54000000000002,벽돌구조,단독주택,(철근)콘크리트,1982-12-24
대전광역시 대덕구 오정동 390-23,1915.38,철근콘크리트구조,공동주택,(철근)콘크리트,1994-02-22
대전광역시 대덕구 오정동 390-25,179.9,철골콘크리트구조,교육연구시설,기타지붕,
대전광역시 대덕구 오정동 390-3,377.3,철근콘크리트구조,제2종근린생활시설,(철근)콘크리트,1995-11-07
대전광역시 대덕구 오정동 390-5,238.72,철근콘크리트구조,제2종근린생활시설,(철근)콘크리트,1999-04-13
대전광역시 대덕구 오정동 391-1,394.51,철근콘크리트구조,제2종근린생활시설,(철근)콘크리트,1998-12-05
대전광역시 대덕구 오정동 391-10,308.0,일반철골구조,제2종근린생활시설,기타지붕,2022-06-29
대전광역시 대덕구 오정동 391-12,168.8,일반철골구조,제2종근린생활시설,기타지붕,2001-09-06
대전광역시 대덕구 오정동 391-13,321.4,경량철골구조,창고시설,기타지붕,2000-09-05
대전광역시 대덕구 오정동 391-2,271.25,철근콘크리트구조,제2종근린생활시설,(철근)콘크리트,1998-09-19
대전광역시 대덕구 오정동 391-3,131.05,일반철골구조,위험물저장및처리시설,기타지붕,2019-12-10
대전광역시 대덕구 오정동 391-4,104.46,벽돌구조,단독주택,(철근)콘크리트,1991-06-10
대전광역시 대덕구 오정동 391-5,182.16,일반철골구조,제2종근린생활시설,기타지붕,2015-10-07
대전광역시 대덕구 오정동 391-6,96.0,경량철골구조,창고시설,기타지붕,2018-06-25
대전광역시 대덕구 오정동 391-7,90.38,벽돌구조,단독주택,(철근)콘크리트,1989-06-27
대전광역시 대덕구 오정동 391-9,90.38,벽돌구조,단독주택,(철근)콘크리트,1989-07-15
대전광역시 대덕구 오정동 394-10,85.2,벽돌구조,창고시설,(철근)콘크리트,1981-05-22
대전광역시 대덕구 오정동 394-11,123.91,일반철골구조,창고시설,기타지붕,2013-10-07
대전광역시 대덕구 오정동 394-13,133.0,일반철골구조,제2종근린생활시설,기타지붕,2006-05-23
대전광역시 대덕구 오정동 394-14,314.96,일반철골구조,창고시설,기타지붕,2017-09-28
대전광역시 대덕구 오정동 394-16,84.48,철근콘크리트구조,단독주택,(철근)콘크리트,2002-11-04
대전광역시 대덕구 오정동 394-17,82.32,철근콘크리트구조,단독주택,(철근)콘크리트,1994-05-07
대전광역시 대덕구 오정동 394-2,69.75,벽돌구조,단독주택,(철근)콘크리트,1976-05-14
대전광역시 대덕구 오정동 394-3,93.14,벽돌구조,단독주택,(철근)콘크리트,1992-11-25
대전광역시 대덕구 오정동 394-4,78.25,벽돌구조,단독주택,(철근)콘크리트,1979-07-24
대전광역시 대덕구 오정동 394-5,0.0,일반철골구조,제2종근린생활시설,기타지붕,2009-07-03
대전광역시 대덕구 오정동 394-6,82.17,벽돌구조,단독주택,(철근)콘크리트,1988-08-11
대전광역시 대덕구 오정동 394-7,0.0,철근콘크리트구조,창고시설,(철근)콘크리트,1991-09-06
대전광역시 대덕구 오정동 394-8,58.95,벽돌구조,단독주택,(철근)콘크리트,1983-03-29
대전광역시 대덕구 오정동 40-8,29.75,기타조적구조,단독주택,기와,1956
대전광역시 대덕구 오정동 404-1,182.0,경량철골구조,제2종근린생활시설,기타지붕,2000-06-07
대전광역시 대덕구 오정동 404-10,117.5,벽돌구조,제2종근린생활시설,(철근)콘크리트,1977-12-22
대전광역시 대덕구 오정동 404-11,153.6,철근콘크리트구조,단독주택,(철근)콘크리트,2014-07-25
대전광역시 대덕구 오정동 404-12,159.24,일반철골구조,제2종근린생활시설,기타지붕,2016-01-06
대전광역시 대덕구 오정동 404-13,125.5,벽돌구조,단독주택,(철근)콘크리트,1979-08-30
대전광역시 대덕구 오정동 404-14,125.5,벽돌구조,단독주택,(철근)콘크리트,1979-08-30
대전광역시 대덕구 오정동 404-15,136.85,일반철골구조,제2종근린생활시설,기타지붕,2014-02-12
대전광역시 대덕구 오정동 404-17,76.89,벽돌구조,제2종근린생활시설,(철근)콘크리트,1976-07-13
대전광역시 대덕구 오정동 404-18,71.66,벽돌구조,단독주택,(철근)콘크리트,1977-05-27
대전광역시 대덕구 오정동 404-19,84.64,벽돌구조,단독주택,(철근)콘크리트,1978-03-13
대전광역시 대덕구 오정동 404-21,79.38,벽돌구조,단독주택,(철근)콘크리트,1986-05-28
대전광역시 대덕구 오정동 404-22,66.51,벽돌구조,단독주택,기와,1976-09-30
대전광역시 대덕구 오정동 404-23,87.12,일반철골구조,창고시설,기타지붕,2014-10-02
대전광역시 대덕구 오정동 404-4,143.37,벽돌구조,단독주택,(철근)콘크리트,1990-08-24
대전광역시 대덕구 오정동 404-5,82.44,벽돌구조,단독주택,(철근)콘크리트,1980-05-29
대전광역시 대덕구 오정동 404-6,235.2,일반철골구조,제2종근린생활시설,기타지붕,2014-01-08
대전광역시 대덕구 오정동 404-7,118.5,일반철골구조,제2종근린생활시설,기타지붕,2018-11-05
대전광역시 대덕구 오정동 404-8,80.26,벽돌구조,단독주택,기와,1975-11-20
대전광역시 대덕구 오정동 404-9,67.48,벽돌구조,단독주택,(철근)콘크리트,1976-07-13
대전광역시 대덕구 오정동 409-10,56.86,벽돌구조,단독주택,기와,1976-02-23
대전광역시 대덕구 오정동 409-11,136.46,벽돌구조,단독주택,(철근)콘크리트,1989-07-18
대전광역시 대덕구 오정동 409-12,256.65,철근콘크리트구조,제2종근린생활시설,기타지붕,2007-08-13
대전광역시 대덕구 오정동 409-13,91.98,벽돌구조,단독주택,(철근)콘크리트,1987-12-23
대전광역시 대덕구 오정동 409-2,231.81,벽돌구조,제2종근린생활시설,(철근)콘크리트,1988-07-04
대전광역시 대덕구 오정동 409-5,383.77,일반목구조,공장,슬레이트,1976-02-23
대전광역시 대덕구 오정동 409-7,92.0,경량철골구조,제2종근린생활시설,기타지붕,2023-12-19
대전광역시 대덕구 오정동 409-9,118.11,벽돌구조,단독주택,(철근)콘크리트,1992-07-29
대전광역시 대덕구 오정동 410-10,329.17,일반철골구조,제2종근린생활시설,기타지붕,2003-10-17
대전광역시 대덕구 오정동 410-12,84.78,벽돌구조,단독주택,(철근)콘크리트,1983-12-23
대전광역시 대덕구 오정동 410-16,78.35,벽돌구조,단독주택,(철근)콘크리트,1993-05-21
대전광역시 대덕구 오정동 410-17,364.18,경량철골구조,창고시설,(철근)콘크리트,1994-08-24
대전광역시 대덕구 오정동 410-18,65.96,벽돌구조,단독주택,(철근)콘크리트,1991-05-13
대전광역시 대덕구 오정동 410-19,203.44,벽돌구조,공동주택,(철근)콘크리트,1991-05-13
대전광역시 대덕구 오정동 410-4,26.1,경량철골구조,제2종근린생활시설,기타지붕,2001-06-05
대전광역시 대덕구 오정동 410-6,222.03,일반철골구조,제2종근린생활시설,기타지붕,2019-06-13
대전광역시 대덕구 오정동 410-7,437.37,일반철골구조,제2종근린생활시설,기타지붕,2001-06-27
대전광역시 대덕구 오정동 410-8,235.4,경량철골구조,제2종근린생활시설,기타지붕,2001-07-03
대전광역시 대덕구 오정동 410-9,407.68,철근콘크리트구조,공동주택,(철근)콘크리트,1990-09-28
대전광역시 대덕구 오정동 42-5,123.04,철근콘크리트구조,제2종근린생활시설,(철근)콘크리트,1996-06-05
대전광역시 대덕구 오정동 424-5,123.26,철근콘크리트구조,제2종근린생활시설,(철근)콘크리트,1995-05-17
대전광역시 대덕구 오정동 424-6,149.9,철근콘크리트구조,단독주택,(철근)콘크리트,1984-10-02
대전광역시 대덕구 오정동 424-7,260.16,경량철골구조,공장,슬레이트,1991-08-24
대전광역시 대덕구 오정동 424-9,194.4,경량철골구조,공장,기타지붕,1991-07-08
대전광역시 대덕구 오정동 425-1,69.75,벽돌구조,단독주택,(철근)콘크리트,1988-07-05
대전광역시 대덕구 오정동 425-11,138.19,벽돌구조,단독주택,(철근)콘크리트,1991-04-23
대전광역시 대덕구 오정동 425-14,84.6,일반철골구조,창고시설,(철근)콘크리트,2013-07-10
대전광역시 대덕구 오정동 425-15,106.8,일반철골구조,창고시설,기타지붕,2002-02-05
대전광역시 대덕구 오정동 425-16,122.16,일반철골구조,창고시설,기타지붕,2002-09-09
대전광역시 대덕구 오정동 425-2,71.28,경량철골구조,단독주택,기타지붕,2013-07-09
대전광역시 대덕구 오정동 425-22,163.8,일반철골구조,창고시설,기타지붕,1994-06-16
대전광역시 대덕구 오정동 425-25,103.4,벽돌구조,단독주택,(철근)콘크리트,1990-08-18
대전광역시 대덕구 오정동 425-3,85.52,벽돌구조,단독주택,(철근)콘크리트,1989-10-12
대전광역시 대덕구 오정동 425-4,65.16,벽돌구조,단독주택,(철근)콘크리트,1989-05-01
대전광역시 대덕구 오정동 425-6,231.35,벽돌구조,단독주택,(철근)콘크리트,1992-10-27
대전광역시 대덕구 오정동 425-7,90.97,벽돌구조,단독주택,(철근)콘크리트,1993-07-07
대전광역시 대덕구 오정동 425-8,0.0,벽돌구조,단독주택,(철근)콘크리트,1978-10-18
대전광역시 대덕구 오정동 425-9,50.21,벽돌구조,단독주택,기와,1975-12-31
대전광역시 대덕구 오정동 427-11,49.88,벽돌구조,단독주택,기와,1970
대전광역시 대덕구 오정동 427-12,359.785,벽돌구조,공동주택,(철근)콘크리트,1991-05-30
대전광역시 대덕구 오정동 427-14,92.39,철근콘크리트구조,제2종근린생활시설,기타지붕,2000-11-14
대전광역시 대덕구 오정동 427-15,91.8,벽돌구조,단독주택,(철근)콘크리트,1991-06-14
대전광역시 대덕구 오정동 427-16,132.0,일반철골구조,제2종근린생활시설,기타지붕,2008-01-18
대전광역시 대덕구 오정동 427-2,0.0,벽돌구조,단독주택,기와,1970
대전광역시 대덕구 오정동 427-5,72.0,벽돌구조,단독주택,기타지붕,1970
대전광역시 대덕구 오정동 427-6,49.88,벽돌구조,단독주택,기와,1970
대전광역시 대덕구 오정동 427-7,70.67,벽돌구조,단독주택,기타지붕,1970
대전광역시 대덕구 오정동 427-8,95.88,벽돌구조,단독주택,기와,1990-07-09
대전광역시 대덕구 오정동 427-9,49.88,벽돌구조,단독주택,기와,1970
대전광역시 대덕구 오정동 428-1,148.2,철근콘크리트구조,제2종근린생활시설,(철근)콘크리트,1998-11-18
대전광역시 대덕구 오정동 428-10,124.69,벽돌구조,단독주택,(철근)콘크리트,1985-12-06
대전광역시 대덕구 오정동 428-11,81.03,벽돌구조,단독주택,(철근)콘크리트,1985-12-06
대전광역시 대덕구 오정동 428-12,96.3,일반철골구조,창고시설,기타지붕,2018-06-26
대전광역시 대덕구 오정동 428-13,195.36,철근콘크리트구조,공동주택,(철근)콘크리트,1989-11-14
대전광역시 대덕구 오정동 428-4,191.16,일반철골구조,창고시설,기타지붕,2006-09-15
대전광역시 대덕구 오정동 428-5,64.98,벽돌구조,단독주택,(철근)콘크리트,1978-01-24
대전광역시 대덕구 오정동 428-6,21.4,기타강구조,제2종근린생활시설,기타지붕,2002-03-12
대전광역시 대덕구 오정동 428-7,81.03,벽돌구조,단독주택,(철근)콘크리트,1985-12-06
대전광역시 대덕구 오정동 428-8,195.36,철근콘크리트구조,공동주택,(철근)콘크리트,1989-11-14
대전광역시 대덕구 오정동 428-9,78.56,일반철골구조,제2종근린생활시설,(철근)콘크리트,2014-12-03
대전광역시 대덕구 오정동 429-10,206.36,일반철골구조,제2종근린생활시설,(철근)콘크리트,2004-04-24
대전광역시 대덕구 오정동 429-12,302.82,일반철골구조,창고시설,기타지붕,1997-04-14
대전광역시 대덕구 오정동 429-18,65.96,벽돌구조,단독주택,(철근)콘크리트,1987-08-17
대전광역시 대덕구 오정동 429-2,457.49,철근콘크리트구조,제2종근린생활시설,슬레이트,1968-09-25
대전광역시 대덕구 오정동 429-23,110.39,경량철골구조,창고시설,기타지붕,2001-10-18
대전광역시 대덕구 오정동 429-4,156.66,철근콘크리트구조,단독주택,(철근)콘크리트,1997-11-26
대전광역시 대덕구 오정동 429-5,113.5,철근콘크리트구조,단독주택,(철근)콘크리트,2003-06-19
대전광역시 대덕구 오정동 429-7,125.06,벽돌구조,단독주택,(철근)콘크리트,1986-11-08
대전광역시 대덕구 오정동 429-8,213.6,일반철골구조,창고시설,(철근)콘크리트,2016-12-16
대전광역시 대덕구 오정동 429-9,234.65,일반철골구조,창고시설,기타지붕,2019-02-14
대전광역시 대덕구 오정동 43,358.15,벽돌구조,단독주택,(철근)콘크리트,1997-11-01
대전광역시 대덕구 오정동 430-1,102.22,벽돌구조,단독주택,(철근)콘크리트,1976-09-02
대전광역시 대덕구 오정동 430-10,58.78,벽돌구조,단독주택,기타지붕,1978-12-28
대전광역시 대덕구 오정동 430-11,97.11,벽돌구조,단독주택,(철근)콘크리트,1991-12-12
대전광역시 대덕구 오정동 430-12,58.32,경량철골구조,창고시설,기타지붕,2016-01-28
대전광역시 대덕구 오정동 430-15,90.24,경량철골구조,창고시설,기타지붕,2002-06-12
대전광역시 대덕구 오정동 430-16,72.56,벽돌구조,단독주택,(철근)콘크리트,1989-08-22
대전광역시 대덕구 오정동 430-17,61.13,벽돌구조,단독주택,(철근)콘크리트,1978-12-06
대전광역시 대덕구 오정동 430-2,110.15,철근콘크리트구조,제2종근린생활시설,(철근)콘크리트,2015-03-24
대전광역시 대덕구 오정동 430-4,225.14,일반철골구조,제2종근린생활시설,기타지붕,2017-12-12
대전광역시 대덕구 오정동 430-5,122.4,일반철골구조,제2종근린생활시설,기타지붕,2017-02-01
대전광역시 대덕구 오정동 430-6,118.4,일반철골구조,창고시설,기타지붕,2015-06-12
대전광역시 대덕구 오정동 431-1,107.66,벽돌구조,단독주택,(철근)콘크리트,1988-06-04
대전광역시 대덕구 오정동 431-10,79.44,벽돌구조,단독주택,(철근)콘크리트,1979-09-17
대전광역시 대덕구 오정동 431-12,241.64999999999998,일반철골구조,제2종근린생활시설,기타지붕,2008-06-20
대전광역시 대덕구 오정동 431-14,69.39,벽돌구조,단독주택,(철근)콘크리트,1977-09-29
대전광역시 대덕구 오정동 431-15,105.39,벽돌구조,단독주택,(철근)콘크리트,1992-07-21
대전광역시 대덕구 오정동 431-16,51.26,벽돌구조,단독주택,(철근)콘크리트,1984-12-28
대전광역시 대덕구 오정동 431-17,164.77,벽돌구조,단독주택,(철근)콘크리트,1989-09-04
대전광역시 대덕구 오정동 431-2,146.28,철근콘크리트구조,단독주택,(철근)콘크리트,1996-10-18
대전광역시 대덕구 오정동 431-3,239.98,일반철골구조,창고시설,기타지붕,2016-04-15
대전광역시 대덕구 오정동 431-4,181.5,일반철골구조,제2종근린생활시설,기타지붕,2016-01-07
대전광역시 대덕구 오정동 431-6,136.21,철근콘크리트구조,단독주택,기타지붕,1997-01-30
대전광역시 대덕구 오정동 431-7,66.84,벽돌구조,단독주택,(철근)콘크리트,1979-05-28
대전광역시 대덕구 오정동 431-8,109.28,벽돌구조,단독주택,(철근)콘크리트,1989-09-04
대전광역시 대덕구 오정동 431-9,106.36,벽돌구조,단독주택,기와,1978-06-27
대전광역시 대덕구 오정동 432-1,0.0,벽돌구조,위험물저장및처리시설,(철근)콘크리트,1982-08-11
대전광역시 대덕구 오정동 432-2,194.72,철근콘크리트구조,제2종근린생활시설,(철근)콘크리트,2015-03-27
대전광역시 대덕구 오정동 432-3,130.96,벽돌구조,단독주택,기타지붕,1982-04-15
대전광역시 대덕구 오정동 432-6,165.99,벽돌구조,단독주택,(철근)콘크리트,1994-02-04
대전광역시 대덕구 오정동 432-7,328.7,일반철골구조,제2종근린생활시설,기타지붕,2007-06-21
대전광역시 대덕구 오정동 432-8,28.0,경량철골구조,제2종근린생활시설,기타지붕,2015-05-27
대전광역시 대덕구 오정동 433-1,195.7,일반철골구조,제2종근린생활시설,기타지붕,2016-10-21
대전광역시 대덕구 오정동 433-2,1009.65,철근콘크리트구조,제2종근린생활시설,(철근)콘크리트,1994-03-10
대전광역시 대덕구 오정동 433-3,443.79999999999995,일반철골구조,창고시설,기타지붕,2016-06-15
대전광역시 대덕구 오정동 433-4,147.48000000000002,경량철골구조,제2종근린생활시설,기타지붕,1992-11-04
대전광역시 대덕구 오정동 433-7,148.41,일반철골구조,창고시설,기타지붕,2003-11-11
대전광역시 대덕구 오정동 434-1,1798.74,철근콘크리트구조,공동주택,(철근)콘크리트,1994-08-24
대전광역시 대덕구 오정동 434-10,142.04,철근콘크리트구조,단독주택,(철근)콘크리트,1993-07-09
대전광역시 대덕구 오정동 434-12,170.88,벽돌구조,단독주택,(철근)콘크리트,1995-05-17
대전광역시 대덕구 오정동 434-2,119.5,벽돌구조,단독주택,기와,1992-12-14
대전광역시 대덕구 오정동 434-3,345.45,경량철골구조,제2종근린생활시설,기타지붕,1992-05-22
대전광역시 대덕구 오정동 434-4,108.12,경량철골구조,창고시설,기타지붕,1994-01-31
대전광역시 대덕구 오정동 434-5,215.22,경량철골구조,교육연구시설,기타지붕,1994-03-28
대전광역시 대덕구 오정동 434-6,340.09,벽돌구조,제2종근린생활시설,기와,1985-10-05
대전광역시 대덕구 오정동 434-7,109.3,벽돌구조,단독주택,(철근)콘크리트,1991-06-03
대전광역시 대덕구 오정동 434-8,119.5,벽돌구조,단독주택,기와,1992-12-14
대전광역시 대덕구 오정동 434-9,134.24,철근콘크리트구조,단독주택,(철근)콘크리트,1997-08-02
대전광역시 대덕구 오정동 435-1,92.97,벽돌구조,단독주택,(철근)콘크리트,1979-07-23
대전광역시 대덕구 오정동 435-10,357.2,철근콘크리트구조,공동주택,(철근)콘크리트,2003-11-05
대전광역시 대덕구 오정동 435-13,156.44,철근콘크리트구조,단독주택,(철근)콘크리트,2003-01-27
대전광역시 대덕구 오정동 435-14,191.95,철근콘크리트구조,단독주택,(철근)콘크리트,2003-12-10
대전광역시 대덕구 오정동 435-15,264.67,일반철골구조,창고시설,기타지붕,2015-10-26
대전광역시 대덕구 오정동 435-16,220.76,철근콘크리트구조,단독주택,(철근)콘크리트,1993-05-24
대전광역시 대덕구 오정동 435-19,174.27,철근콘크리트구조,단독주택,(철근)콘크리트,2004-02-23
대전광역시 대덕구 오정동 435-2,131.0,벽돌구조,단독주택,(철근)콘크리트,1984-06-04
대전광역시 대덕구 오정동 435-3,123.12,철근콘크리트구조,단독주택,(철근)콘크리트,1984-07-27
대전광역시 대덕구 오정동 435-4,178.56,철근콘크리트구조,단독주택,(철근)콘크리트,2003-04-04
대전광역시 대덕구 오정동 435-5,178.56,철근콘크리트구조,단독주택,(철근)콘크리트,2003-04-04
대전광역시 대덕구 오정동 435-6,161.82,경량철골구조,창고시설,기타지붕,2004-08-18
대전광역시 대덕구 오정동 435-8,203.52,철근콘크리트구조,단독주택,(철근)콘크리트,1995-02-24
대전광역시 대덕구 오정동 435-9,178.82,철근콘크리트구조,단독주택,(철근)콘크리트,2003-01-23
대전광역시 대덕구 오정동 436-1,221.88,철근콘크리트구조,단독주택,(철근)콘크리트,1994-04-28
대전광역시 대덕구 오정동 436-11,648.21,벽돌구조,창고시설,(철근)콘크리트,1980-06-19
대전광역시 대덕구 오정동 436-13,152.52,벽돌구조,단독주택,기타지붕,1978-11-29
대전광역시 대덕구 오정동 436-14,196.24,일반철골구조,창고시설,(철근)콘크리트,2008-06-19
대전광역시 대덕구 오정동 436-15,333.5,일반철골구조,창고시설,기타지붕,2005-08-18
대전광역시 대덕구 오정동 436-16,140.0,일반철골구조,제2종근린생활시설,기타지붕,2019-05-17
대전광역시 대덕구 오정동 436-17,94.62,벽돌구조,단독주택,(철근)콘크리트,1991-12-30
대전광역시 대덕구 오정동 436-18,65.26,벽돌구조,단독주택,(철근)콘크리트,1981-07-07
대전광역시 대덕구 오정동 436-2,368.72,철근콘크리트구조,공동주택,(철근)콘크리트,2019-11-13
대전광역시 대덕구 오정동 436-20,74.06,벽돌구조,단독주택,(철근)콘크리트,1981-06-22
대전광역시 대덕구 오정동 436-22,194.38,철근콘크리트구조,단독주택,(철근)콘크리트,1987-10-29
대전광역시 대덕구 오정동 436-24,108.21,철근콘크리트구조,단독주택,(철근)콘크리트,2003-12-12
대전광역시 대덕구 오정동 436-3,339.36,벽돌구조,공동주택,(철근)콘크리트,1983-09-30
대전광역시 대덕구 오정동 436-4,67.29,벽돌구조,제2종근린생활시설,(철근)콘크리트,1976-11-10
대전광역시 대덕구 오정동 436-6,147.07,철근콘크리트구조,단독주택,(철근)콘크리트,2003-07-12
대전광역시 대덕구 오정동 436-7,73.27,일반철골구조,제2종근린생활시설,기타지붕,2024-04-15
대전광역시 대덕구 오정동 437-1,231.2,철근콘크리트구조,단독주택,(철근)콘크리트,1991-04-03
대전광역시 대덕구 오정동 437-10,90.39,벽돌구조,단독주택,(철근)콘크리트,1984-08-06
대전광역시 대덕구 오정동 437-13,168.96,일반철골구조,제2종근린생활시설,기타지붕,2021-04-22
대전광역시 대덕구 오정동 437-15,126.19,벽돌구조,단독주택,기와,1989-11-07
대전광역시 대덕구 오정동 437-17,46.08,경량철골구조,제2종근린생활시설,기타지붕,1995-10-14
대전광역시 대덕구 오정동 437-18,80.0,벽돌구조,단독주택,(철근)콘크리트,1990-07-20
대전광역시 대덕구 오정동 437-19,141.22,벽돌구조,단독주택,(철근)콘크리트,1984-12-24
대전광역시 대덕구 오정동 437-2,180.0,벽돌구조,단독주택,(철근)콘크리트,1986-09-16
대전광역시 대덕구 오정동 437-20,72.9,벽돌구조,단독주택,(철근)콘크리트,1982-10-20
대전광역시 대덕구 오정동 437-21,69.86,벽돌구조,단독주택,(철근)콘크리트,1982-04-14
대전광역시 대덕구 오정동 437-3,74.38,벽돌구조,단독주택,(철근)콘크리트,1978-12-19
대전광역시 대덕구 오정동 437-4,114.26,벽돌구조,단독주택,(철근)콘크리트,1994-05-31
대전광역시 대덕구 오정동 437-5,119.04,철근콘크리트구조,단독주택,(철근)콘크리트,2002-03-19
대전광역시 대덕구 오정동 437-6,102.96,벽돌구조,단독주택,기와,1980-11-29
대전광역시 대덕구 오정동 437-7,113.79,벽돌구조,단독주택,(철근)콘크리트,1994-08-30
대전광역시 대덕구 오정동 437-8,98.75,철근콘크리트구조,단독주택,(철근)콘크리트,1996-09-12
대전광역시 대덕구 오정동 437-9,397.68,일반철골구조,창고시설,기타지붕,2016-04-01
대전광역시 대덕구 오정동 438-1,334.53999999999996,일반철골구조,제2종근린생활시설,기타지붕,2013-09-03
대전광역시 대덕구 오정동 438-10,138.48,벽돌구조,단독주택,(철근)콘크리트,1981-07-03
대전광역시 대덕구 오정동 438-11,172.76,벽돌구조,단독주택,(철근)콘크리트,1982-08-05
대전광역시 대덕구 오정동 438-3,78.2,벽돌구조,단독주택,(철근)콘크리트,1981-07-08
대전광역시 대덕구 오정동 438-5,418.99,경량철골구조,창고시설,기타지붕,2020-11-17
대전광역시 대덕구 오정동 438-6,108.96,벽돌구조,단독주택,기와,1990-08-31
대전광역시 대덕구 오정동 438-7,106.92,벽돌구조,단독주택,(철근)콘크리트,1988-06-09
대전광역시 대덕구 오정동 439-10,131.81,일반철골구조,단독주택,기타지붕,2007-10-01
대전광역시 대덕구 오정동 439-11,255.615,벽돌구조,업무시설,(철근)콘크리트,1989-05-20
대전광역시 대덕구 오정동 439-14,99.13,벽돌구조,단독주택,기와,1988-09-27
대전광역시 대덕구 오정동 439-17,171.18,경량철골구조,제2종근린생활시설,기타지붕,1996-01-12
대전광역시 대덕구 오정동 439-2,63.96,경량철골구조,창고시설,기타지붕,2021-06-30
대전광역시 대덕구 오정동 439-3,72.0,경량철골구조,제2종근린생활시설,기타지붕,1992-02-24
대전광역시 대덕구 오정동 439-4,243.11,경량철골구조,창고시설,기타지붕,1993-01-25
대전광역시 대덕구 오정동 439-5,108.45,벽돌구조,단독주택,기와,1986-08-01
대전광역시 대덕구 오정동 439-6,137.92,벽돌구조,단독주택,기와,1994-06-23
대전광역시 대덕구 오정동 439-7,126.6,경량철골구조,창고시설,기타지붕,1992-08-26
대전광역시 대덕구 오정동 439-9,113.4,일반철골구조,제2종근린생활시설,기타지붕,2007-11-16
대전광역시 대덕구 오정동 44-1,29824.170000000002,철근콘크리트구조,판매시설,(철근)콘크리트,2003-06-26
대전광역시 대덕구 오정동 440-1,571.885,철근콘크리트구조,제2종근린생활시설,(철근)콘크리트,1986-04-26
대전광역시 대덕구 오정동 440-11,88.0,일반철골구조,제2종근린생활시설,기타지붕,2016-07-04
대전광역시 대덕구 오정동 440-2,77.9,벽돌구조,단독주택,(철근)콘크리트,1982-07-03
대전광역시 대덕구 오정동 440-3,229.29,철근콘크리트구조,단독주택,(철근)콘크리트,1994-05-20
대전광역시 대덕구 오정동 440-4,296.4,경량철골구조,제2종근린생활시설,기타지붕,1994-01-27
대전광역시 대덕구 오정동 440-5,86.47,벽돌구조,단독주택,기와,1987-07-28
대전광역시 대덕구 오정동 440-7,103.16,벽돌구조,단독주택,(철근)콘크리트,1983-10-08
대전광역시 대덕구 오정동 440-8,86.9,벽돌구조,단독주택,기와,1987-04-29
대전광역시 대덕구 오정동 441-10,121.5,일반철골구조,창고시설,기타지붕,2021-11-25
대전광역시 대덕구 오정동 441-11,121.04,일반철골구조,제2종근린생활시설,기타지붕,2021-08-18
대전광역시 대덕구 오정동 441-12,83.22,벽돌구조,단독주택,(철근)콘크리트,1979-11-19
대전광역시 대덕구 오정동 441-13,92.7,벽돌구조,단독주택,(철근)콘크리트,1979-07-25
대전광역시 대덕구 오정동 441-15,253.2,일반철골구조,제2종근린생활시설,기타지붕,2017-01-24
대전광역시 대덕구 오정동 441-16,77.89,벽돌구조,단독주택,(철근)콘크리트,1982-05-12
대전광역시 대덕구 오정동 441-17,84.19,벽돌구조,단독주택,(철근)콘크리트,1982-11-04
대전광역시 대덕구 오정동 441-19,68.96,벽돌구조,단독주택,(철근)콘크리트,1984-12-28
대전광역시 대덕구 오정동 441-2,85.57,벽돌구조,단독주택,(철근)콘크리트,1982-11-04
대전광역시 대덕구 오정동 441-20,123.75,일반철골구조,제2종근린생활시설,기타지붕,2023-12-08
대전광역시 대덕구 오정동 441-22,201.84,일반철골구조,제2종근린생활시설,기타지붕,2021-04-16
대전광역시 대덕구 오정동 441-23,217.83,일반철골구조,제2종근린생활시설,기타지붕,2021-04-15
대전광역시 대덕구 오정동 441-4,58.32,벽돌구조,단독주택,(철근)콘크리트,1981-05-14
대전광역시 대덕구 오정동 441-5,92.48,벽돌구조,단독주택,(철근)콘크리트,1980-05-24
대전광역시 대덕구 오정동 441-6,123.15,벽돌구조,단독주택,(철근)콘크리트,1983-10-12
대전광역시 대덕구 오정동 441-7,370.82,철근콘크리트구조,제2종근린생활시설,(철근)콘크리트,2015-01-23
대전광역시 대덕구 오정동 441-9,58.89,벽돌구조,단독주택,(철근)콘크리트,1981-07-22
대전광역시 대덕구 오정동 442-1,81.81,벽돌구조,단독주택,(철근)콘크리트,1983-11-16
대전광역시 대덕구 오정동 442-10,95.2,일반철골구조,자동차관련시설,기타지붕,2021-04-21
대전광역시 대덕구 오정동 442-11,102.8,벽돌구조,단독주택,(철근)콘크리트,1983-12-09
대전광역시 대덕구 오정동 442-12,105.91,철근콘크리트구조,단독주택,(철근)콘크리트,2017-01-11
대전광역시 대덕구 오정동 442-13,84.79,벽돌구조,단독주택,(철근)콘크리트,1989-11-27
대전광역시 대덕구 오정동 442-14,85.22,벽돌구조,단독주택,(철근)콘크리트,1983-11-28
대전광역시 대덕구 오정동 442-16,89.22,철근콘크리트구조,단독주택,(철근)콘크리트,2002-11-30
대전광역시 대덕구 오정동 442-18,227.52,철근콘크리트구조,단독주택,(철근)콘크리트,2020-06-05
대전광역시 대덕구 오정동 442-2,120.03,철근콘크리트구조,단독주택,(철근)콘크리트,2002-11-28
대전광역시 대덕구 오정동 442-3,90.27,벽돌구조,단독주택,기타지붕,1983-12-06
대전광역시 대덕구 오정동 442-4,91.3,벽돌구조,단독주택,(철근)콘크리트,1984-05-11
대전광역시 대덕구 오정동 442-5,83.8,벽돌구조,단독주택,(철근)콘크리트,1983-01-20
대전광역시 대덕구 오정동 442-6,122.02,벽돌구조,단독주택,기타지붕,1984-05-29
대전광역시 대덕구 오정동 442-7,218.28,일반철골구조,제2종근린생활시설,기타지붕,2024-01-16
대전광역시 대덕구 오정동 442-8,391.4606,철근콘크리트구조,공동주택,(철근)콘크리트,2019-11-25
대전광역시 대덕구 오정동 443-1,129.36,벽돌구조,단독주택,기타지붕,1994-06-13
대전광역시 대덕구 오정동 443-12,81.88,벽돌구조,단독주택,(철근)콘크리트,1983-07-22
대전광역시 대덕구 오정동 443-13,200.89,철근콘크리트구조,제2종근린생활시설,기타지붕,1986-02-01
대전광역시 대덕구 오정동 443-17,99.83,벽돌구조,단독주택,(철근)콘크리트,1984-10-08
대전광역시 대덕구 오정동 443-19,117.64,벽돌구조,단독주택,(철근)콘크리트,1992-12-30
대전광역시 대덕구 오정동 443-2,82.38,벽돌구조,단독주택,(철근)콘크리트,1983-07-22
대전광역시 대덕구 오정동 443-20,124.96,벽돌구조,단독주택,기타지붕,1989-07-08
대전광역시 대덕구 오정동 443-21,114.61,벽돌구조,단독주택,(철근)콘크리트,1989-08-07
대전광역시 대덕구 오정동 443-22,192.48,경량철골구조,제2종근린생활시설,기타지붕,1994-07-01
대전광역시 대덕구 오정동 443-5,115.94,벽돌구조,단독주택,(철근)콘크리트,1989-07-28
대전광역시 대덕구 오정동 443-6,162.375,철근콘크리트구조,단독주택,(철근)콘크리트,1989-09-20
대전광역시 대덕구 오정동 445-1,201.3,벽돌구조,노유자시설,기타지붕,1983-12-12
대전광역시 대덕구 오정동 445-10,33.96,철근콘크리트구조,제2종근린생활시설,(철근)콘크리트,2008-10-21
대전광역시 대덕구 오정동 445-11,116.68,철근콘크리트구조,제2종근린생활시설,(철근)콘크리트,1992-04-23
대전광역시 대덕구 오정동 445-14,70.31,벽돌구조,제2종근린생활시설,(철근)콘크리트,1979-04-30
대전광역시 대덕구 오정동 445-15,78.66,철근콘크리트구조,제2종근린생활시설,(철근)콘크리트,2002-10-11
대전광역시 대덕구 오정동 445-17,114.21,벽돌구조,단독주택,(철근)콘크리트,1993-07-20
대전광역시 대덕구 오정동 445-18,145.2,벽돌구조,단독주택,(철근)콘크리트,1990-04-24
대전광역시 대덕구 오정동 445-2,156.6,벽돌구조,단독주택,(철근)콘크리트,1990-06-26
대전광역시 대덕구 오정동 445-20,115.66,벽돌구조,단독주택,(철근)콘크리트,1979-07-30
대전광역시 대덕구 오정동 445-3,156.1,철근콘크리트구조,단독주택,(철근)콘크리트,1995-11-10
대전광역시 대덕구 오정동 445-4,170.76,일반철골구조,제2종근린생활시설,기타지붕,2022-04-29
대전광역시 대덕구 오정동 445-5,67.1,벽돌구조,단독주택,(철근)콘크리트,1990-09-08
대전광역시 대덕구 오정동 445-7,87.22,벽돌구조,제2종근린생활시설,(철근)콘크리트,1990-09-18
대전광역시 대덕구 오정동 446-1,203.12,철근콘크리트구조,공동주택,(철근)콘크리트,1992-10-13
대전광역시 대덕구 오정동 446-10,270.3,일반철골구조,창고시설,기타지붕,2018-07-26
대전광역시 대덕구 오정동 446-12,111.81,벽돌구조,단독주택,(철근)콘크리트,1987-12-21
대전광역시 대덕구 오정동 446-16,202.82,철근콘크리트구조,제2종근린생활시설,(철근)콘크리트,2011-11-10
대전광역시 대덕구 오정동 446-2,105.74,벽돌구조,단독주택,(철근)콘크리트,1986-07-03
대전광역시 대덕구 오정동 446-20,209.44,철근콘크리트구조,제2종근린생활시설,(철근)콘크리트,2009-06-30
대전광역시 대덕구 오정동 446-3,284.92,철근콘크리트구조,노유자시설,(철근)콘크리트,1983-12-06
대전광역시 대덕구 오정동 446-30,346.02,철근콘크리트구조,공동주택,(철근)콘크리트,1992-10-15
대전광역시 대덕구 오정동 446-5,233.38,철근콘크리트구조,제2종근린생활시설,(철근)콘크리트,2008-11-26
대전광역시 대덕구 오정동 446-7,206.48000000000002,벽돌구조,단독주택,(철근)콘크리트,1988-10-14
대전광역시 대덕구 오정동 446-8,234.18,철근콘크리트구조,단독주택,(철근)콘크리트,2015-02-12
대전광역시 대덕구 오정동 446-9,135.06,철근콘크리트구조,제2종근린생활시설,(철근)콘크리트,1999-11-05
대전광역시 대덕구 오정동 447-1,283.2,철근콘크리트구조,단독주택,(철근)콘크리트,2015-01-08
대전광역시 대덕구 오정동 447-10,398.0,철근콘크리트구조,공동주택,(철근)콘크리트,1991-12-14
대전광역시 대덕구 오정동 447-11,398.0,철근콘크리트구조,공동주택,(철근)콘크리트,1991-12-14
대전광역시 대덕구 오정동 447-13,318.8,철근콘크리트구조,공동주택,(철근)콘크리트,1993-10-04
대전광역시 대덕구 오정동 447-15,167.07,철근콘크리트구조,단독주택,(철근)콘크리트,2002-08-21
대전광역시 대덕구 오정동 447-16,405.9,철근콘크리트구조,공동주택,(철근)콘크리트,2002-07-15
대전광역시 대덕구 오정동 447-4,92.16,경량철골구조,제2종근린생활시설,기타지붕,1992-09-28
대전광역시 대덕구 오정동 447-5,157.2,철근콘크리트구조,단독주택,(철근)콘크리트,2002-07-29
대전광역시 대덕구 오정동 448-3,266.77,철근콘크리트구조,업무시설,(철근)콘크리트,1992-05-04
대전광역시 대덕구 오정동 448-4,728.0,철근콘크리트구조,제2종근린생활시설,(철근)콘크리트,1992-11-10
대전광역시 대덕구 오정동 448-5,158.09,일반철골구조,제2종근린생활시설,기타지붕,2023-08-21
대전광역시 대덕구 오정동 449-10,248.8,철근콘크리트구조,공동주택,(철근)콘크리트,2021-06-11
대전광역시 대덕구 오정동 449-13,104.2,벽돌구조,단독주택,(철근)콘크리트,1989-11-18
대전광역시 대덕구 오정동 449-14,85.61,벽돌구조,단독주택,(철근)콘크리트,1983-07-11
대전광역시 대덕구 오정동 449-15,87.77,벽돌구조,단독주택,(철근)콘크리트,1985-06-29
대전광역시 대덕구 오정동 449-16,110.62,철근콘크리트구조,제2종근린생활시설,(철근)콘크리트,1989-02-27
대전광역시 대덕구 오정동 449-18,77.02,벽돌구조,단독주택,(철근)콘크리트,1989-08-29
대전광역시 대덕구 오정동 449-19,78.03,벽돌구조,단독주택,(철근)콘크리트,1989-09-08
대전광역시 대덕구 오정동 449-2,167.81,일반철골구조,제2종근린생활시설,(철근)콘크리트,2016-03-17
대전광역시 대덕구 오정동 449-3,248.8,철근콘크리트구조,공동주택,(철근)콘크리트,2021-06-11
대전광역시 대덕구 오정동 449-4,138.28,벽돌구조,단독주택,(철근)콘크리트,1989-09-08
대전광역시 대덕구 오정동 449-5,382.18,철근콘크리트구조,종교시설,기타지붕,1985-06-01
대전광역시 대덕구 오정동 449-8,468.01,철근콘크리트구조,제2종근린생활시설,(철근)콘크리트,1993-12-07
대전광역시 대덕구 오정동 449-9,238.32,철근콘크리트구조,단독주택,(철근)콘크리트,1991-09-06
대전광역시 대덕구 오정동 45-1,20.26,벽돌구조,단독주택,슬레이트,1950
대전광역시 대덕구 오정동 453-1,74.69,철근콘크리트구조,노유자시설,(철근)콘크리트,1988-07-12
대전광역시 대덕구 오정동 453-12,74.91,벽돌구조,단독주택,(철근)콘크리트,1981-12-03
대전광역시 대덕구 오정동 453-13,75.8,벽돌구조,단독주택,(철근)콘크리트,1981-12-03
대전광역시 대덕구 오정동 453-14,74.14,벽돌구조,단독주택,(철근)콘크리트,1981-12-03
대전광역시 대덕구 오정동 453-15,74.18,벽돌구조,단독주택,기타지붕,1981-12-03
대전광역시 대덕구 오정동 453-16,74.14,벽돌구조,제2종근린생활시설,(철근)콘크리트,1981-12-03
대전광역시 대덕구 오정동 453-17,98.65,벽돌구조,단독주택,(철근)콘크리트,1982-01-21
대전광역시 대덕구 오정동 453-18,74.18,벽돌구조,단독주택,(철근)콘크리트,1981-12-03
대전광역시 대덕구 오정동 453-2,92.24,벽돌구조,단독주택,(철근)콘크리트,1982-11-18
대전광역시 대덕구 오정동 453-20,68.46,철근콘크리트구조,제2종근린생활시설,(철근)콘크리트,2013-03-13
대전광역시 대덕구 오정동 453-22,83.05,벽돌구조,단독주택,(철근)콘크리트,1982-05-18
대전광역시 대덕구 오정동 453-23,115.29,일반철골구조,제2종근린생활시설,기타지붕,2023-11-10
대전광역시 대덕구 오정동 453-25,81.98,벽돌구조,단독주택,(철근)콘크리트,1982-05-18
대전광역시 대덕구 오정동 453-7,83.06,벽돌구조,단독주택,(철근)콘크리트,1982-05-18
대전광역시 대덕구 오정동 453-8,87.03,벽돌구조,단독주택,(철근)콘크리트,1984-03-17
대전광역시 대덕구 오정동 453-9,116.88,벽돌구조,단독주택,(철근)콘크리트,1982-11-20
대전광역시 대덕구 오정동 454-10,83.52,벽돌구조,단독주택,(철근)콘크리트,1987-07-25
대전광역시 대덕구 오정동 454-11,79.27,벽돌구조,단독주택,(철근)콘크리트,1985-12-18
대전광역시 대덕구 오정동 454-12,96.9,벽돌구조,단독주택,(철근)콘크리트,1984-06-21
대전광역시 대덕구 오정동 454-14,137.34,철근콘크리트구조,단독주택,(철근)콘크리트,2000-07-21
대전광역시 대덕구 오정동 454-16,90.38,벽돌구조,단독주택,(철근)콘크리트,1984-05-02
대전광역시 대덕구 오정동 454-19,73.19,벽돌구조,단독주택,(철근)콘크리트,1986-03-24
대전광역시 대덕구 오정동 454-2,201.12,벽돌구조,단독주택,(철근)콘크리트,1986-03-24
대전광역시 대덕구 오정동 454-23,88.68,벽돌구조,단독주택,(철근)콘크리트,1987-06-16
대전광역시 대덕구 오정동 454-24,88.68,벽돌구조,단독주택,(철근)콘크리트,1987-06-16
대전광역시 대덕구 오정동 454-26,81.99,벽돌구조,제2종근린생활시설,(철근)콘크리트,1982-07-20
대전광역시 대덕구 오정동 454-27,97.16,벽돌구조,제2종근린생활시설,(철근)콘크리트,1983-11-16
대전광역시 대덕구 오정동 454-29,84.535,벽돌구조,단독주택,(철근)콘크리트,1983-07-27
대전광역시 대덕구 오정동 454-31,117.99,일반철골구조,제2종근린생활시설,기타지붕,2024-05-16
대전광역시 대덕구 오정동 454-32,194.63,철근콘크리트구조,단독주택,(철근)콘크리트,2012-01-06
대전광역시 대덕구 오정동 454-33,195.92,일반철골구조,제2종근린생활시설,기타지붕,2021-11-17
대전광역시 대덕구 오정동 454-36,81.62,벽돌구조,단독주택,(철근)콘크리트,1982-10-20
대전광역시 대덕구 오정동 454-4,499.03,철근콘크리트구조,제2종근린생활시설,(철근)콘크리트,2011-08-09
대전광역시 대덕구 오정동 454-5,110.43,철근콘크리트구조,단독주택,(철근)콘크리트,2009-01-05
대전광역시 대덕구 오정동 454-6,264.59,철근콘크리트구조,제2종근린생활시설,(철근)콘크리트,1992-04-08
대전광역시 대덕구 오정동 454-7,88.48,벽돌구조,단독주택,(철근)콘크리트,1982-03-05
대전광역시 대덕구 오정동 454-9,67.32,벽돌구조,단독주택,(철근)콘크리트,1984-09-17
대전광역시 대덕구 오정동 464-1,26436.840000000004,철근콘크리트구조,공동주택,(철근)콘크리트,1997-01-24
대전광역시 대덕구 오정동 464-10,131.6,철근콘크리트구조,단독주택,(철근)콘크리트,2003-09-25
대전광역시 대덕구 오정동 464-12,112.32,벽돌구조,단독주택,(철근)콘크리트,1988-06-30
대전광역시 대덕구 오정동 464-13,69.646,철근콘크리트구조,단독주택,(철근)콘크리트,1999-05-04
대전광역시 대덕구 오정동 464-14,160.295,철근콘크리트구조,단독주택,(철근)콘크리트,1999-05-04
대전광역시 대덕구 오정동 464-4,91.98,벽돌구조,단독주택,(철근)콘크리트,1988-06-29
대전광역시 대덕구 오정동 464-5,333.0,철근콘크리트구조,제2종근린생활시설,(철근)콘크리트,1998-11-25
대전광역시 대덕구 오정동 464-6,195.7,벽돌구조,단독주택,(철근)콘크리트,1985-11-29
대전광역시 대덕구 오정동 465-1,96.57,철근콘크리트구조,단독주택,(철근)콘크리트,1994-06-29
대전광역시 대덕구 오정동 465-10,77.69,벽돌구조,단독주택,(철근)콘크리트,1984-06-13
대전광역시 대덕구 오정동 465-11,68.95,벽돌구조,단독주택,(철근)콘크리트,1983-12-06
대전광역시 대덕구 오정동 465-12,89.28,벽돌구조,단독주택,(철근)콘크리트,1988-06-28
대전광역시 대덕구 오정동 465-13,157.18,철근콘크리트구조,단독주택,(철근)콘크리트,2004-05-12
대전광역시 대덕구 오정동 465-14,64.2,벽돌구조,단독주택,(철근)콘크리트,1983-06-03
대전광역시 대덕구 오정동 465-15,80.73,벽돌구조,단독주택,(철근)콘크리트,1985-06-03
대전광역시 대덕구 오정동 465-16,79.9,벽돌구조,단독주택,(철근)콘크리트,1985-05-30
대전광역시 대덕구 오정동 465-17,73.08,벽돌구조,단독주택,(철근)콘크리트,1988-11-29
대전광역시 대덕구 오정동 465-18,96.45,벽돌구조,단독주택,(철근)콘크리트,1982-12-09
대전광역시 대덕구 오정동 465-2,180.74,철근콘크리트구조,단독주택,(철근)콘크리트,2015-11-05
대전광역시 대덕구 오정동 465-20,78.81,벽돌구조,단독주택,(철근)콘크리트,1984-01-16
대전광역시 대덕구 오정동 465-21,76.34,벽돌구조,단독주택,(철근)콘크리트,1982-11-16
대전광역시 대덕구 오정동 465-22,78.83,벽돌구조,단독주택,(철근)콘크리트,1982-11-16
대전광역시 대덕구 오정동 465-23,97.0,벽돌구조,단독주택,(철근)콘크리트,2001-05-15
대전광역시 대덕구 오정동 465-25,77.24,벽돌구조,단독주택,(철근)콘크리트,1983-03-10
대전광역시 대덕구 오정동 465-26,76.99,벽돌구조,단독주택,(철근)콘크리트,1984-07-02
대전광역시 대덕구 오정동 465-27,75.79,벽돌구조,단독주택,(철근)콘크리트,1984-07-02
대전광역시 대덕구 오정동 465-28,77.69,벽돌구조,제2종근린생활시설,(철근)콘크리트,1984-07-02
대전광역시 대덕구 오정동 465-29,81.75,벽돌구조,단독주택,(철근)콘크리트,1981-03-17
대전광역시 대덕구 오정동 465-3,202.1,철근콘크리트구조,단독주택,(철근)콘크리트,2001-10-20
대전광역시 대덕구 오정동 465-30,419.995,철근콘크리트구조,공동주택,(철근)콘크리트,2021-07-08
대전광역시 대덕구 오정동 465-4,84.87,벽돌구조,단독주택,(철근)콘크리트,1983-06-11
대전광역시 대덕구 오정동 465-5,79.0,벽돌구조,단독주택,(철근)콘크리트,1983-03-10
대전광역시 대덕구 오정동 465-6,76.29,벽돌구조,단독주택,(철근)콘크리트,1982-10-19
대전광역시 대덕구 오정동 465-7,76.67,벽돌구조,단독주택,(철근)콘크리트,1982-10-19
대전광역시 대덕구 오정동 465-8,116.16,벽돌구조,단독주택,(철근)콘크리트,2001-04-19
대전광역시 대덕구 오정동 465-9,258.6,경량철골구조,공장,기타지붕,1994-11-09
대전광역시 대덕구 오정동 467-10,85.8,벽돌구조,단독주택,(철근)콘크리트,1982-12-09
대전광역시 대덕구 오정동 467-12,101.18,벽돌구조,단독주택,(철근)콘크리트,1982-08-19
대전광역시 대덕구 오정동 467-13,87.5,벽돌구조,단독주택,(철근)콘크리트,1988-06-14
대전광역시 대덕구 오정동 467-14,88.56,벽돌구조,단독주택,(철근)콘크리트,1987-09-07
대전광역시 대덕구 오정동 467-15,91.43,벽돌구조,단독주택,(철근)콘크리트,1993-07-29
대전광역시 대덕구 오정동 467-17,83.21,벽돌구조,단독주택,(철근)콘크리트,1985-11-09
대전광역시 대덕구 오정동 467-18,356.48,벽돌구조,공동주택,(철근)콘크리트,1987-07-14
대전광역시 대덕구 오정동 467-19,134.9,철근콘크리트구조,단독주택,(철근)콘크리트,2002-04-11
대전광역시 대덕구 오정동 467-2,246.24,경량철골구조,제2종근린생활시설,기타지붕,1992-01-06
대전광역시 대덕구 오정동 467-20,101.27,철근콘크리트구조,단독주택,(철근)콘크리트,1986-06-10
대전광역시 대덕구 오정동 467-21,95.4,벽돌구조,단독주택,(철근)콘크리트,1986-06-23
대전광역시 대덕구 오정동 467-22,85.13,벽돌구조,단독주택,(철근)콘크리트,1984-06-21
대전광역시 대덕구 오정동 467-24,104.04,벽돌구조,단독주택,(철근)콘크리트,1988-05-19
대전광역시 대덕구 오정동 467-25,95.07,벽돌구조,단독주택,(철근)콘크리트,1987-06-16
대전광역시 대덕구 오정동 467-26,226.88,철근콘크리트구조,단독주택,(철근)콘크리트,2020-02-25
대전광역시 대덕구 오정동 467-28,80.92,벽돌구조,단독주택,(철근)콘크리트,1982-08-06
대전광역시 대덕구 오정동 467-29,194.35,일반철골구조,제2종근린생활시설,기타지붕,2021-04-26
대전광역시 대덕구 오정동 467-3,79.92,벽돌구조,단독주택,(철근)콘크리트,1985-08-29
대전광역시 대덕구 오정동 467-5,0.0,벽돌구조,제2종근린생활시설,(철근)콘크리트,1987-08-14
대전광역시 대덕구 오정동 467-6,91.07,벽돌구조,단독주택,(철근)콘크리트,1987-08-14
대전광역시 대덕구 오정동 467-7,92.93,벽돌구조,단독주택,(철근)콘크리트,1987-08-14
대전광역시 대덕구 오정동 467-8,81.65,벽돌구조,단독주택,(철근)콘크리트,1985-08-22
대전광역시 대덕구 오정동 468-11,176.16,벽돌구조,단독주택,(철근)콘크리트,1988-10-22
대전광역시 대덕구 오정동 468-12,105.11,철근콘크리트구조,단독주택,(철근)콘크리트,2001-10-29
대전광역시 대덕구 오정동 468-13,83.23,벽돌구조,단독주택,(철근)콘크리트,1982-11-08
대전광역시 대덕구 오정동 468-14,108.0,일반철골구조,창고시설,기타지붕,2009-03-11
대전광역시 대덕구 오정동 468-15,85.35,벽돌구조,단독주택,(철근)콘크리트,1986-08-02
대전광역시 대덕구 오정동 468-17,90.25,벽돌구조,단독주택,(철근)콘크리트,1984-05-10
대전광역시 대덕구 오정동 468-18,88.12,벽돌구조,단독주택,(철근)콘크리트,1984-06-22
대전광역시 대덕구 오정동 468-2,74.09,벽돌구조,단독주택,(철근)콘크리트,1984-08-04
대전광역시 대덕구 오정동 468-20,104.4,벽돌구조,단독주택,(철근)콘크리트,1989-05-16
대전광역시 대덕구 오정동 468-21,120.83,벽돌구조,단독주택,(철근)콘크리트,1989-12-20
대전광역시 대덕구 오정동 468-22,176.16,벽돌구조,단독주택,(철근)콘크리트,1988-10-22
대전광역시 대덕구 오정동 468-23,85.13,벽돌구조,단독주택,(철근)콘크리트,1982-11-08
대전광역시 대덕구 오정동 468-25,167.37,철근콘크리트구조,제2종근린생활시설,(철근)콘크리트,1990-07-26
대전광역시 대덕구 오정동 468-26,123.34,벽돌구조,단독주택,(철근)콘크리트,1990-12-29
대전광역시 대덕구 오정동 468-4,74.65,벽돌구조,단독주택,(철근)콘크리트,1980-07-02
대전광역시 대덕구 오정동 468-5,85.2,벽돌구조,단독주택,(철근)콘크리트,1989-09-18
대전광역시 대덕구 오정동 468-7,90.81,철근콘크리트구조,단독주택,(철근)콘크리트,2002-11-25
대전광역시 대덕구 오정동 468-8,91.46,벽돌구조,단독주택,(철근)콘크리트,1993-11-12
대전광역시 대덕구 오정동 468-9,164.9,일반철골구조,창고시설,기타지붕,2015-10-07
대전광역시 대덕구 오정동 472-13,138.04,철근콘크리트구조,단독주택,(철근)콘크리트,2002-02-06
대전광역시 대덕구 오정동 472-27,266.22,일반철골구조,제2종근린생활시설,기타지붕,2021-03-19
대전광역시 대덕구 오정동 472-4,87.23,벽돌구조,단독주택,(철근)콘크리트,1982-12-23
대전광역시 대덕구 오정동 472-6,1326.96,철근콘크리트구조,공동주택,(철근)콘크리트,2017-12-22
대전광역시 대덕구 오정동 474-12,593.97,일반철골구조,창고시설,(철근)콘크리트,2017-08-30
대전광역시 대덕구 오정동 474-2,348.7,경량철골구조,제2종근린생활시설,기타지붕,1979-12-26
대전광역시 대덕구 오정동 474-4,377.68,철근콘크리트구조,제2종근린생활시설,기타지붕,1993-05-14
대전광역시 대덕구 오정동 474-5,547.22,일반철골구조,공장,기타지붕,2012-04-16
대전광역시 대덕구 오정동 474-7,75.07,일반철골구조,제2종근린생활시설,기타지붕,2014-09-30
대전광역시 대덕구 오정동 474-9,343.2,일반철골구조,제2종근린생활시설,기타지붕,2013-12-20
대전광역시 대덕구 오정동 477-11,75.51,벽돌구조,단독주택,(철근)콘크리트,1987-09-14
대전광역시 대덕구 오정동 477-12,70.06,벽돌구조,단독주택,(철근)콘크리트,1986-08-08
대전광역시 대덕구 오정동 477-13,545.1,벽돌구조,단독주택,(철근)콘크리트,1990-11-28
대전광역시 대덕구 오정동 477-6,148.4,철근콘크리트구조,제2종근린생활시설,(철근)콘크리트,2019-10-07
대전광역시 대덕구 오정동 477-7,82.64,벽돌구조,단독주택,(철근)콘크리트,1986-08-11
대전광역시 대덕구 오정동 477-8,136.5,벽돌구조,단독주택,기타지붕,1985-07-15
대전광역시 대덕구 오정동 477-9,536.88,철근콘크리트구조,단독주택,(철근)콘크리트,2003-02-25
대전광역시 대덕구 오정동 478-1,117.925,벽돌구조,단독주택,(철근)콘크리트,1991-01-14
대전광역시 대덕구 오정동 478-3,322.64,철근콘크리트구조,제2종근린생활시설,(철근)콘크리트,1983-07-14
대전광역시 대덕구 오정동 478-4,176.38,벽돌구조,위험물저장및처리시설,기타지붕,1994-03-04
대전광역시 대덕구 오정동 478-7,101.84,일반철골구조,제2종근린생활시설,기타지붕,2023-03-10
대전광역시 대덕구 오정동 478-9,118.81,벽돌구조,단독주택,(철근)콘크리트,1991-04-12
대전광역시 대덕구 오정동 48,190.79,블록구조,단독주택,슬레이트,1961
대전광역시 대덕구 오정동 48-1,63.19,블록구조,단독주택,기와,1982-10-21
대전광역시 대덕구 오정동 48-2,121.72,벽돌구조,단독주택,(철근)콘크리트,1990-09-08
대전광역시 대덕구 오정동 48-4,74.08,벽돌구조,단독주택,기와,1979-05-31
대전광역시 대덕구 오정동 48-5,54.0,벽돌구조,제2종근린생활시설,기타지붕,2005-02-01
대전광역시 대덕구 오정동 48-6,87.75,벽돌구조,단독주택,(철근)콘크리트,1980-08-28
대전광역시 대덕구 오정동 48-7,5.0,경량철골구조,창고시설,기타지붕,2004-06-22
대전광역시 대덕구 오정동 48-8,91.57,블록구조,단독주택,기와,1982-12-14
대전광역시 대덕구 오정동 483-1,302.4,일반철골구조,제2종근린생활시설,기타지붕,2009-06-26
대전광역시 대덕구 오정동 483-10,77.04,일반철골구조,단독주택,기타지붕,2019-04-03
대전광역시 대덕구 오정동 483-12,69.36,벽돌구조,단독주택,(철근)콘크리트,1978-12-20
대전광역시 대덕구 오정동 483-13,68.16,벽돌구조,제2종근린생활시설,(철근)콘크리트,1978-12-20
대전광역시 대덕구 오정동 483-15,81.98,벽돌구조,단독주택,기와,1978-12-16
대전광역시 대덕구 오정동 483-16,81.98,벽돌구조,단독주택,(철근)콘크리트,1978-12-16
대전광역시 대덕구 오정동 483-17,367.2,일반철골구조,제2종근린생활시설,기타지붕,2015-02-10
대전광역시 대덕구 오정동 483-18,96.61,철근콘크리트구조,단독주택,(철근)콘크리트,2004-02-18
대전광역시 대덕구 오정동 483-20,88.02,벽돌구조,단독주택,(철근)콘크리트,1991-07-01
대전광역시 대덕구 오정동 483-21,80.55,벽돌구조,단독주택,(철근)콘크리트,1991-01-09
대전광역시 대덕구 오정동 483-22,78.0,벽돌구조,단독주택,(철근)콘크리트,1990-11-30
대전광역시 대덕구 오정동 483-3,96.23,철근콘크리트구조,제2종근린생활시설,(철근)콘크리트,1991-07-24
대전광역시 대덕구 오정동 483-4,73.76,철근콘크리트구조,제2종근린생활시설,(철근)콘크리트,1991-11-20
대전광역시 대덕구 오정동 483-6,454.15,철근콘크리트구조,제2종근린생활시설,기타지붕,1983-09-29
대전광역시 대덕구 오정동 483-7,169.39,철근콘크리트구조,제2종근린생활시설,(철근)콘크리트,1997-12-04
대전광역시 대덕구 오정동 483-9,68.16,벽돌구조,단독주택,(철근)콘크리트,1978-12-20
대전광역시 대덕구 오정동 484-4,121.2,벽돌구조,단독주택,(철근)콘크리트,1985-07-12
대전광역시 대덕구 오정동 485-1,77.0,철근콘크리트구조,단독주택,(철근)콘크리트,1990-08-18
대전광역시 대덕구 오정동 485-10,86.13,벽돌구조,제2종근린생활시설,(철근)콘크리트,1989-12-12
대전광역시 대덕구 오정동 485-11,68.11,벽돌구조,단독주택,(철근)콘크리트,1984-10-11
대전광역시 대덕구 오정동 485-12,77.59,벽돌구조,단독주택,(철근)콘크리트,1994-10-12
대전광역시 대덕구 오정동 485-13,267.84,경량철골구조,제2종근린생활시설,기타지붕,1992-09-23
대전광역시 대덕구 오정동 485-14,64.84,벽돌구조,단독주택,(철근)콘크리트,1989-10-04
대전광역시 대덕구 오정동 485-15,72.43,벽돌구조,단독주택,(철근)콘크리트,1990-01-18
대전광역시 대덕구 오정동 485-16,61.26,벽돌구조,단독주택,(철근)콘크리트,1989-10-04
대전광역시 대덕구 오정동 485-17,114.62,벽돌구조,단독주택,(철근)콘크리트,1989-07-24
대전광역시 대덕구 오정동 485-18,73.0,벽돌구조,단독주택,(철근)콘크리트,1989-07-31
대전광역시 대덕구 오정동 485-2,89.47,철근콘크리트구조,단독주택,(철근)콘크리트,1990-10-19
대전광역시 대덕구 오정동 485-20,75.34,벽돌구조,단독주택,(철근)콘크리트,1989-11-08
대전광역시 대덕구 오정동 485-21,230.4,철근콘크리트구조,창고시설,(철근)콘크리트,1995-11-15
대전광역시 대덕구 오정동 485-23,144.0,경량철골구조,제2종근린생활시설,기타지붕,2001-03-26
대전광역시 대덕구 오정동 485-24,68.7,벽돌구조,단독주택,(철근)콘크리트,1990-11-01
대전광역시 대덕구 오정동 485-3,84.925,벽돌구조,단독주택,(철근)콘크리트,1989-10-26
대전광역시 대덕구 오정동 485-4,72.53,벽돌구조,단독주택,(철근)콘크리트,1989-10-26
대전광역시 대덕구 오정동 485-5,73.61,벽돌구조,단독주택,(철근)콘크리트,1989-12-01
대전광역시 대덕구 오정동 485-6,313.1,일반철골구조,제2종근린생활시설,기타지붕,2019-03-27
대전광역시 대덕구 오정동 485-7,338.67,철근콘크리트구조,공동주택,(철근)콘크리트,1993-06-15
대전광역시 대덕구 오정동 485-9,142.5,철근콘크리트구조,제2종근린생활시설,(철근)콘크리트,1990-05-07
대전광역시 대덕구 오정동 486-1,116.6,일반철골구조,제2종근린생활시설,기타지붕,2017-08-18
대전광역시 대덕구 오정동 486-10,240.0,일반철골구조,창고시설,기타지붕,2015-12-11
대전광역시 대덕구 오정동 486-11,402.01,일반철골구조,제2종근린생활시설,기타지붕,2003-02-17
대전광역시 대덕구 오정동 486-12,199.95,일반철골구조,창고시설,기타지붕,2022-07-27
대전광역시 대덕구 오정동 486-2,68.12,경량철골구조,제2종근린생활시설,기타지붕,2013-01-04
대전광역시 대덕구 오정동 486-3,146.66,경량철골구조,제2종근린생활시설,기타지붕,1994-08-16
대전광역시 대덕구 오정동 486-4,315.4,일반철골구조,제2종근린생활시설,기타지붕,2018-07-17
대전광역시 대덕구 오정동 486-5,88.75,경량철골구조,제2종근린생활시설,기타지붕,2002-11-22
대전광역시 대덕구 오정동 486-6,152.06,철근콘크리트구조,제2종근린생활시설,(철근)콘크리트,1991-08-05
대전광역시 대덕구 오정동 486-7,306.18,일반철골구조,제2종근린생활시설,기타지붕,2003-10-09
대전광역시 대덕구 오정동 486-8,220.8,경량철골구조,제2종근린생활시설,기타지붕,1993-03-09
대전광역시 대덕구 오정동 486-9,354.14,일반철골구조,창고시설,기타지붕,2006-10-10
대전광역시 대덕구 오정동 487-1,233.15,철근콘크리트구조,제2종근린생활시설,(철근)콘크리트,1992-02-22
대전광역시 대덕구 오정동 487-10,228.5,일반철골구조,제2종근린생활시설,(철근)콘크리트,2015-03-31
대전광역시 대덕구 오정동 487-11,261.08,철근콘크리트구조,제2종근린생활시설,기타지붕,1999-08-18
대전광역시 대덕구 오정동 487-12,217.13,경량철골구조,창고시설,기타지붕,1993-01-16
대전광역시 대덕구 오정동 487-15,262.35,경량철골구조,제2종근린생활시설,기타지붕,2013-05-21
대전광역시 대덕구 오정동 487-2,307.5,경량철골구조,제2종근린생활시설,기타지붕,2013-05-21
대전광역시 대덕구 오정동 487-3,303.45,일반철골구조,제2종근린생활시설,기타지붕,2015-09-17
대전광역시 대덕구 오정동 487-4,74.16,벽돌구조,단독주택,(철근)콘크리트,1989-11-22
대전광역시 대덕구 오정동 487-5,67.79,경량철골구조,단독주택,기타지붕,2002-04-18
대전광역시 대덕구 오정동 487-8,73.13,벽돌구조,단독주택,(철근)콘크리트,1989-12-23
대전광역시 대덕구 오정동 487-9,285.0,철근콘크리트구조,업무시설,(철근)콘크리트,1983-11-17
대전광역시 대덕구 오정동 488-1,162.145,철근콘크리트구조,제2종근린생활시설,(철근)콘크리트,1994-05-27
대전광역시 대덕구 오정동 488-11,199.08,철근콘크리트구조,단독주택,(철근)콘크리트,2017-09-04
대전광역시 대덕구 오정동 488-13,291.27,철근콘크리트구조,단독주택,(철근)콘크리트,2018-06-04
대전광역시 대덕구 오정동 488-16,268.91,철근콘크리트구조,단독주택,(철근)콘크리트,2022-09-02
대전광역시 대덕구 오정동 488-2,118.8,철근콘크리트구조,단독주택,(철근)콘크리트,1989-09-11
대전광역시 대덕구 오정동 488-26,544.32,일반철골구조,제2종근린생활시설,기타지붕,2019-07-08
대전광역시 대덕구 오정동 488-4,218.64,일반철골구조,제2종근린생활시설,기타지붕,2018-05-17
대전광역시 대덕구 오정동 488-5,161.0,일반철골구조,창고시설,기타지붕,2001-01-16
대전광역시 대덕구 오정동 488-8,93.25,철근콘크리트구조,노유자시설,(철근)콘크리트,1990-09-13
대전광역시 대덕구 오정동 489-1,419.56,철근콘크리트구조,제2종근린생활시설,(철근)콘크리트,2000-10-31
대전광역시 대덕구 오정동 489-10,291.41,철근콘크리트구조,노유자시설,(철근)콘크리트,2004-09-20
대전광역시 대덕구 오정동 489-12,195.84,경량철골구조,창고시설,기타지붕,1993-01-20
대전광역시 대덕구 오정동 489-13,308.74,일반철골구조,창고시설,(철근)콘크리트,2016-11-07
대전광역시 대덕구 오정동 489-19,83.98,벽돌구조,단독주택,(철근)콘크리트,1985-07-20
대전광역시 대덕구 오정동 489-20,324.0,일반철골구조,제2종근린생활시설,기타지붕,2015-09-04
대전광역시 대덕구 오정동 489-22,164.93,철근콘크리트구조,제2종근린생활시설,기타지붕,1993-06-11
대전광역시 대덕구 오정동 489-23,133.25,일반철골구조,창고시설,기타지붕,2002-02-22
대전광역시 대덕구 오정동 489-4,147.24,일반철골구조,창고시설,기타지붕,2002-07-17
대전광역시 대덕구 오정동 489-5,475.4,철근콘크리트구조,제2종근린생활시설,(철근)콘크리트,1991-12-10
대전광역시 대덕구 오정동 489-6,789.9,일반철골구조,창고시설,기타지붕,2015-04-10
대전광역시 대덕구 오정동 489-9,141.46,일반철골구조,제2종근린생활시설,(철근)콘크리트,2001-12-29
대전광역시 대덕구 오정동 49,36.3,일반목구조,단독주택,기타지붕,1925
대전광역시 대덕구 오정동 49-2,136.88,벽돌구조,단독주택,(철근)콘크리트,1986-12-12
대전광역시 대덕구 오정동 490-1,166.95,철근콘크리트구조,제2종근린생활시설,기타지붕,2000-09-06
대전광역시 대덕구 오정동 490-10,85.5,벽돌구조,단독주택,(철근)콘크리트,1990-01-25
대전광역시 대덕구 오정동 490-11,85.92,벽돌구조,제2종근린생활시설,(철근)콘크리트,1990-01-25
대전광역시 대덕구 오정동 490-12,157.58,벽돌구조,단독주택,(철근)콘크리트,1983-10-04
대전광역시 대덕구 오정동 490-13,97.75,벽돌구조,제2종근린생활시설,(철근)콘크리트,1983-06-02
대전광역시 대덕구 오정동 490-14,78.75,벽돌구조,단독주택,(철근)콘크리트,1988-09-20
대전광역시 대덕구 오정동 490-16,101.16,경량철골구조,제2종근린생활시설,기타지붕,1994-08-23
대전광역시 대덕구 오정동 490-17,90.38,벽돌구조,단독주택,(철근)콘크리트,1986-04-15
대전광역시 대덕구 오정동 490-18,142.28,경량철골구조,제2종근린생활시설,슬레이트,1991-05-28
대전광역시 대덕구 오정동 490-3,146.88,경량철골구조,단독주택,기타지붕,1990-10-22
대전광역시 대덕구 오정동 490-4,299.3,경량철골구조,창고시설,기타지붕,2002-02-08
대전광역시 대덕구 오정동 490-5,230.23,일반철골구조,제2종근린생활시설,기타지붕,2012-09-20
대전광역시 대덕구 오정동 490-6,165.0,일반철골구조,창고시설,기타지붕,2001-08-03
대전광역시 대덕구 오정동 490-8,107.64,경량철골구조,제2종근린생활시설,기타지붕,1993-08-09
대전광역시 대덕구 오정동 490-9,114.38,철근콘크리트구조,창고시설,(철근)콘크리트,1990-09-01
대전광역시 대덕구 오정동 491-10,333.18,철근콘크리트구조,공동주택,(철근)콘크리트,2002-07-20
대전광역시 대덕구 오정동 491-12,96.0,철근콘크리트구조,제2종근린생활시설,(철근)콘크리트,1992-03-28
대전광역시 대덕구 오정동 491-14,81.81,벽돌구조,단독주택,(철근)콘크리트,1991-12-26
대전광역시 대덕구 오정동 491-15,96.72,철근콘크리트구조,제2종근린생활시설,(철근)콘크리트,1991-12-13
대전광역시 대덕구 오정동 491-17,237.2,경량철골구조,제2종근린생활시설,기타지붕,1992-11-18
대전광역시 대덕구 오정동 491-2,290.74,일반철골구조,제2종근린생활시설,기타지붕,2003-02-25
대전광역시 대덕구 오정동 491-4,99.53,경량철골구조,제2종근린생활시설,기타지붕,1993-07-15
대전광역시 대덕구 오정동 491-5,388.0,일반철골구조,창고시설,기타지붕,2001-06-02
대전광역시 대덕구 오정동 491-6,212.8,일반철골구조,창고시설,기타지붕,2014-04-04
대전광역시 대덕구 오정동 491-7,83.61,벽돌구조,단독주택,(철근)콘크리트,1990-07-05
대전광역시 대덕구 오정동 491-8,78.77,벽돌구조,단독주택,(철근)콘크리트,1990-07-05
대전광역시 대덕구 오정동 492-1,321.35,경량철골구조,창고시설,기타지붕,2008-05-23
대전광역시 대덕구 오정동 492-2,496.39,일반철골구조,제2종근린생활시설,기타지붕,2019-09-24
대전광역시 대덕구 오정동 492-4,201.48,일반철골구조,공장,(철근)콘크리트,1995-07-25
대전광역시 대덕구 오정동 492-5,107.37,벽돌구조,단독주택,(철근)콘크리트,1983-08-10
대전광역시 대덕구 오정동 493-1,670.48,철근콘크리트구조,공동주택,(철근)콘크리트,1996-07-31
대전광역시 대덕구 오정동 493-10,71.12,벽돌구조,단독주택,(철근)콘크리트,1986-11-12
대전광역시 대덕구 오정동 493-11,63.53,벽돌구조,단독주택,(철근)콘크리트,1982-09-22
대전광역시 대덕구 오정동 493-12,59.85,경량철골구조,단독주택,슬레이트,1991-03-21
대전광역시 대덕구 오정동 493-15,53.22,벽돌구조,단독주택,(철근)콘크리트,1989-07-18
대전광역시 대덕구 오정동 493-16,57.1,벽돌구조,단독주택,(철근)콘크리트,1985-07-16
대전광역시 대덕구 오정동 493-17,201.0,벽돌구조,공동주택,(철근)콘크리트,1990-06-22
대전광역시 대덕구 오정동 493-18,117.24,벽돌구조,공동주택,(철근)콘크리트,1990-06-23
대전광역시 대덕구 오정동 493-2,77.0,벽돌구조,단독주택,(철근)콘크리트,1984-07-13
대전광역시 대덕구 오정동 493-20,388.31,벽돌구조,공동주택,(철근)콘크리트,1990-06-22
대전광역시 대덕구 오정동 493-21,402.0,벽돌구조,공동주택,(철근)콘크리트,1990-06-22
대전광역시 대덕구 오정동 493-22,402.0,벽돌구조,공동주택,(철근)콘크리트,1990-06-22
대전광역시 대덕구 오정동 493-3,49.98,경량철골구조,제2종근린생활시설,기타지붕,1997-05-15
대전광역시 대덕구 오정동 493-4,95.97,벽돌구조,단독주택,(철근)콘크리트,1991-12-02
대전광역시 대덕구 오정동 493-6,119.37,벽돌구조,단독주택,(철근)콘크리트,1991-06-14
대전광역시 대덕구 오정동 493-7,95.45,벽돌구조,단독주택,(철근)콘크리트,1982-12-17
대전광역시 대덕구 오정동 493-8,66.6,벽돌구조,단독주택,(철근)콘크리트,1983-04-02
대전광역시 대덕구 오정동 494-1,78.57,경량철골구조,제2종근린생활시설,기타지붕,2013-08-01
대전광역시 대덕구 오정동 494-10,62.7,벽돌구조,단독주택,(철근)콘크리트,1985-08-10
대전광역시 대덕구 오정동 494-11,74.57,벽돌구조,단독주택,(철근)콘크리트,1984-06-26
대전광역시 대덕구 오정동 494-12,53.65,벽돌구조,단독주택,(철근)콘크리트,1981-09-22
대전광역시 대덕구 오정동 494-14,106.49,철근콘크리트구조,단독주택,(철근)콘크리트,2015-04-15
대전광역시 대덕구 오정동 494-16,183.48,철근콘크리트구조,단독주택,(철근)콘크리트,2002-11-26
대전광역시 대덕구 오정동 494-17,95.52,철근콘크리트구조,단독주택,(철근)콘크리트,2017-01-31
대전광역시 대덕구 오정동 494-18,128.25,벽돌구조,제2종근린생활시설,(철근)콘크리트,1992-09-25
대전광역시 대덕구 오정동 494-19,297.67,철근콘크리트구조,종교시설,(철근)콘크리트,2009-04-30
대전광역시 대덕구 오정동 494-2,170.0,일반철골구조,제2종근린생활시설,기타지붕,2016-11-23
대전광역시 대덕구 오정동 494-21,292.48,일반철골구조,제2종근린생활시설,기타지붕,2013-10-04
대전광역시 대덕구 오정동 494-22,419.32,일반철골구조,제2종근린생활시설,기타지붕,2016-08-12
대전광역시 대덕구 오정동 494-3,52.75,벽돌구조,단독주택,(철근)콘크리트,1979-12-05
대전광역시 대덕구 오정동 494-5,60.48,경량철골구조,제2종근린생활시설,기타지붕,1992-06-17
대전광역시 대덕구 오정동 494-8,79.4,벽돌구조,단독주택,(철근)콘크리트,2002-07-11
대전광역시 대덕구 오정동 494-9,65.93,일반철골구조,제2종근린생활시설,기타지붕,2024-10-18
대전광역시 대덕구 오정동 495-1,43.02,벽돌구조,단독주택,(철근)콘크리트,1982-06-01
대전광역시 대덕구 오정동 495-10,81.66,벽돌구조,단독주택,(철근)콘크리트,1984-01-20
대전광역시 대덕구 오정동 495-11,91.2,경량철골구조,제2종근린생활시설,기타지붕,2022-09-02
대전광역시 대덕구 오정동 495-12,86.96,벽돌구조,단독주택,(철근)콘크리트,1985-05-20
대전광역시 대덕구 오정동 495-14,65.34,벽돌구조,단독주택,(철근)콘크리트,1989-11-27
대전광역시 대덕구 오정동 495-15,85.58,벽돌구조,단독주택,(철근)콘크리트,1991-01-28
대전광역시 대덕구 오정동 495-16,75.26,벽돌구조,단독주택,(철근)콘크리트,1983-01-10
대전광역시 대덕구 오정동 495-17,70.02,벽돌구조,단독주택,(철근)콘크리트,1982-02-15
대전광역시 대덕구 오정동 495-18,117.12,벽돌구조,단독주택,(철근)콘크리트,1981-11-23
대전광역시 대덕구 오정동 495-19,79.09,벽돌구조,단독주택,(철근)콘크리트,1989-08-24
대전광역시 대덕구 오정동 495-2,111.725,벽돌구조,단독주택,(철근)콘크리트,1990-04-12
대전광역시 대덕구 오정동 495-20,507.68,철근콘크리트구조,공동주택,(철근)콘크리트,1995-10-31
대전광역시 대덕구 오정동 495-3,330.37,철근콘크리트구조,공동주택,(철근)콘크리트,1996-09-18
대전광역시 대덕구 오정동 495-4,707.52,철근콘크리트구조,공동주택,(철근)콘크리트,1990-04-30
대전광역시 대덕구 오정동 495-6,1107.4,철근콘크리트구조,공동주택,(철근)콘크리트,1992-06-29
대전광역시 대덕구 오정동 495-8,91.09,벽돌구조,단독주택,(철근)콘크리트,1988-12-14
대전광역시 대덕구 오정동 495-9,72.12,벽돌구조,단독주택,(철근)콘크리트,1984-07-27
대전광역시 대덕구 오정동 496-1,87.78,벽돌구조,노유자시설,(철근)콘크리트,1997-04-24
대전광역시 대덕구 오정동 496-11,53.95,경량철골구조,제2종근린생활시설,기타지붕,1991-09-28
대전광역시 대덕구 오정동 496-12,71.79,벽돌구조,단독주택,(철근)콘크리트,1985-09-14
대전광역시 대덕구 오정동 496-14,81.93,벽돌구조,단독주택,(철근)콘크리트,1983-12-29
대전광역시 대덕구 오정동 496-15,66.74,벽돌구조,단독주택,(철근)콘크리트,1984-08-09
대전광역시 대덕구 오정동 496-3,103.68,경량철골구조,제2종근린생활시설,기타지붕,1990-09-06
대전광역시 대덕구 오정동 496-5,72.12,철근콘크리트구조,제2종근린생활시설,(철근)콘크리트,1991-05-01
대전광역시 대덕구 오정동 496-6,147.01,벽돌구조,단독주택,(철근)콘크리트,1982-12-21
대전광역시 대덕구 오정동 496-7,109.3,벽돌구조,단독주택,(철근)콘크리트,1989-12-05
대전광역시 대덕구 오정동 496-8,142.43,벽돌구조,단독주택,(철근)콘크리트,1990-05-19
대전광역시 대덕구 오정동 496-9,84.44,벽돌구조,단독주택,(철근)콘크리트,1985-08-27
대전광역시 대덕구 오정동 497-10,169.93,일반철골구조,창고시설,기타지붕,2005-05-26
대전광역시 대덕구 오정동 497-13,398.75,일반철골구조,창고시설,기타지붕,2004-03-26
대전광역시 대덕구 오정동 497-14,71.21,벽돌구조,단독주택,(철근)콘크리트,1984-12-26
대전광역시 대덕구 오정동 497-15,138.42,철근콘크리트구조,단독주택,기와,2017-12-21
대전광역시 대덕구 오정동 497-3,127.33,벽돌구조,단독주택,(철근)콘크리트,1982-01-19
대전광역시 대덕구 오정동 497-4,81.98,벽돌구조,단독주택,(철근)콘크리트,1982-02-12
대전광역시 대덕구 오정동 497-8,798.5899999999999,일반철골구조,창고시설,(철근)콘크리트,2023-04-26
대전광역시 대덕구 오정동 498-1,89.53,일반철골구조,창고시설,기타지붕,2002-12-10
대전광역시 대덕구 오정동 498-10,100.5,벽돌구조,단독주택,(철근)콘크리트,1987-07-31
대전광역시 대덕구 오정동 498-11,94.44,벽돌구조,단독주택,(철근)콘크리트,1988-12-06
대전광역시 대덕구 오정동 498-12,70.61,벽돌구조,창고시설,(철근)콘크리트,1985-05-07
대전광역시 대덕구 오정동 498-3,608.0,철근콘크리트구조,공동주택,(철근)콘크리트,1998-12-02
대전광역시 대덕구 오정동 498-5,189.42,일반철골구조,제2종근린생활시설,(철근)콘크리트,2013-10-21
대전광역시 대덕구 오정동 498-6,186.96,일반철골구조,제2종근린생활시설,기타지붕,2020-08-21
대전광역시 대덕구 오정동 498-8,78.77,벽돌구조,단독주택,(철근)콘크리트,1986-05-19
대전광역시 대덕구 오정동 498-9,65.09,벽돌구조,단독주택,(철근)콘크리트,1986-06-17
대전광역시 대덕구 오정동 499-1,66.23,경량철골구조,제2종근린생활시설,기타지붕,1993-03-05
대전광역시 대덕구 오정동 499-10,74.52,벽돌구조,단독주택,(철근)콘크리트,1993-07-01
대전광역시 대덕구 오정동 499-3,93.59,일반철골구조,제2종근린생활시설,기타지붕,2020-01-07
대전광역시 대덕구 오정동 499-4,177.8,일반철골구조,제2종근린생활시설,기타지붕,2018-11-12
대전광역시 대덕구 오정동 499-5,301.11,일반철골구조,제2종근린생활시설,기타지붕,2002-05-10
대전광역시 대덕구 오정동 499-6,116.32,일반철골구조,제2종근린생활시설,기타지붕,2020-09-28
대전광역시 대덕구 오정동 499-7,86.81,경량철골구조,단독주택,기타지붕,2002-05-23
대전광역시 대덕구 오정동 499-8,99.53,일반철골구조,제2종근린생활시설,기타지붕,2019-10-25
대전광역시 대덕구 오정동 499-9,89.8,일반철골구조,제2종근린생활시설,기타지붕,2002-01-23
대전광역시 대덕구 오정동 508,82.18,벽돌구조,단독주택,(철근)콘크리트,1983-05-26
대전광역시 대덕구 오정동 51-1,838.9,일반철골구조,문화및집회시설,(철근)콘크리트,2004-08-19
대전광역시 대덕구 오정동 51-6,288.35,철근콘크리트구조,단독주택,(철근)콘크리트,2001-11-27
대전광역시 대덕구 오정동 52-1,97.48,벽돌구조,단독주택,기타지붕,1989-05-18
대전광역시 대덕구 오정동 52-28,58.67,블록구조,단독주택,슬레이트,1975-03-22
대전광역시 대덕구 오정동 53-3,124.32,철근콘크리트구조,제2종근린생활시설,(철근)콘크리트,2001-02-05
대전광역시 대덕구 오정동 54,193.35000000000002,블록구조,단독주택,기와,1900
대전광역시 대덕구 오정동 546,33.05,일반목구조,단독주택,기타지붕,1908
대전광역시 대덕구 오정동 548,19.83,일반목구조,단독주택,슬레이트,1925
대전광역시 대덕구 오정동 55-5,8663.48,철근콘크리트구조,공동주택,기타지붕,1999-05-31
대전광역시 대덕구 오정동 551-1,29.35,벽돌구조,제2종근린생활시설,기와,1985-10-08
대전광역시 대덕구 오정동 56-1,117.26,벽돌구조,단독주택,(철근)콘크리트,1994-06-18
대전광역시 대덕구 오정동 56-15,52.01,블록구조,단독주택,슬레이트,1974-07-22
대전광역시 대덕구 오정동 56-18,123.12,일반철골구조,제2종근린생활시설,기타지붕,2007-02-16
대전광역시 대덕구 오정동 56-2,95.66,철근콘크리트구조,제2종근린생활시설,(철근)콘크리트,1991-04-01
대전광역시 대덕구 오정동 56-21,148.5,일반철골구조,창고시설,기타지붕,2014-12-17
대전광역시 대덕구 오정동 56-3,462.64,철근콘크리트구조,종교시설,(철근)콘크리트,2006-01-27
대전광역시 대덕구 오정동 56-4,495.88,일반철골구조,제2종근린생활시설,기타지붕,2023-09-19
대전광역시 대덕구 오정동 561-3,58.4,일반목구조,단독주택,기와,1902
대전광역시 대덕구 오정동 566,59.46,일반목구조,단독주택,기타지붕,1949
대전광역시 대덕구 오정동 566-1,33.0,일반목구조,단독주택,기타지붕,1957
대전광역시 대덕구 오정동 566-6,99.0,일반목구조,단독주택,기타지붕,1910
대전광역시 대덕구 오정동 567,46.2,일반목구조,단독주택,기타지붕,1925
대전광역시 대덕구 오정동 572,26.44,일반목구조,단독주택,기타지붕,1949
대전광역시 대덕구 오정동 58-13,270.3,일반철골구조,제2종근린생활시설,기타지붕,2001-03-20
대전광역시 대덕구 오정동 58-17,107.6,경량철골구조,창고시설,기타지붕,2015-05-04
대전광역시 대덕구 오정동 58-3,95.01,철근콘크리트구조,단독주택,(철근)콘크리트,2003-09-02
대전광역시 대덕구 오정동 58-6,317.0,철근콘크리트구조,제2종근린생활시설,(철근)콘크리트,1990-06-18
대전광역시 대덕구 오정동 58-9,105.8,철근콘크리트구조,제2종근린생활시설,(철근)콘크리트,1989-12-27
대전광역시 대덕구 오정동 587-1,3252.1351999999997,철근콘크리트구조,공동주택,(철근)콘크리트,2007-11-19
대전광역시 대덕구 오정동 597,72.6,일반목구조,단독주택,기와,1908
대전광역시 대덕구 오정동 599,33.06,일반목구조,단독주택,기와,1960
대전광역시 대덕구 오정동 60-1,150.48,철근콘크리트구조,제2종근린생활시설,(철근)콘크리트,1992-12-10
대전광역시 대덕구 오정동 60-10,90.2,경량철골구조,제2종근린생활시설,기타지붕,1991-01-18
대전광역시 대덕구 오정동 60-11,82.52,경량철골구조,창고시설,기타지붕,2020-12-29
대전광역시 대덕구 오정동 60-12,164.79,경량철골구조,제2종근린생활시설,기타지붕,1990-09-20
대전광역시 대덕구 오정동 60-13,54.24,벽돌구조,단독주택,(철근)콘크리트,1999-10-27
대전광역시 대덕구 오정동 60-14,89.45,벽돌구조,단독주택,(철근)콘크리트,1994-06-01
대전광역시 대덕구 오정동 60-15,428.67,경량철골구조,제2종근린생활시설,기타지붕,1991-03-27
대전광역시 대덕구 오정동 60-17,292.65,철근콘크리트구조,위험물저장및처리시설,(철근)콘크리트,1995-01-19
대전광역시 대덕구 오정동 60-2,101.48,벽돌구조,단독주택,(철근)콘크리트,1989-06-19
대전광역시 대덕구 오정동 60-22,243.06,철골콘크리트구조,제2종근린생활시설,(철근)콘크리트,2002-03-14
대전광역시 대덕구 오정동 60-23,172.78,일반철골구조,제2종근린생활시설,기타지붕,2005-07-01
대전광역시 대덕구 오정동 60-25,58.93,벽돌구조,단독주택,(철근)콘크리트,1994-01-19
대전광역시 대덕구 오정동 60-28,100.67,벽돌구조,단독주택,(철근)콘크리트,1992-06-08
대전광역시 대덕구 오정동 60-3,44.64,경량철골구조,제2종근린생활시설,기타지붕,1992-01-04
대전광역시 대덕구 오정동 60-4,69.58,벽돌구조,단독주택,(철근)콘크리트,1981-05-08
대전광역시 대덕구 오정동 60-5,111.28,벽돌구조,단독주택,(철근)콘크리트,1984-02-01
대전광역시 대덕구 오정동 60-8,101.295,철근콘크리트구조,제2종근린생활시설,(철근)콘크리트,1999-01-08
대전광역시 대덕구 오정동 60-9,180.56,경량철골구조,단독주택,기타지붕,2017-07-06
대전광역시 대덕구 오정동 601,46.28,일반목구조,단독주택,기타지붕,1900
대전광역시 대덕구 오정동 608,26.4,일반목구조,단독주택,기와,1920
대전광역시 대덕구 오정동 61-1,83.59,철근콘크리트구조,제2종근린생활시설,(철근)콘크리트,2008-06-11
대전광역시 대덕구 오정동 61-10,327.36,일반철골구조,제2종근린생활시설,기타지붕,2005-03-08
대전광역시 대덕구 오정동 61-12,320.12,철근콘크리트구조,제2종근린생활시설,(철근)콘크리트,1994-03-04
대전광역시 대덕구 오정동 61-15,120.96,경량철골구조,창고시설,기타지붕,1997-08-13
대전광역시 대덕구 오정동 61-18,60.86,철근콘크리트구조,단독주택,(철근)콘크리트,1982-11-30
대전광역시 대덕구 오정동 61-2,64.21,벽돌구조,단독주택,(철근)콘크리트,1989-12-02
대전광역시 대덕구 오정동 61-3,142.22,철근콘크리트구조,창고시설,(철근)콘크리트,1997-06-09
대전광역시 대덕구 오정동 61-4,177.83,벽돌구조,단독주택,(철근)콘크리트,1996-07-13
대전광역시 대덕구 오정동 61-5,97.02,철근콘크리트구조,제2종근린생활시설,(철근)콘크리트,1994-05-07
대전광역시 대덕구 오정동 61-6,245.63,철근콘크리트구조,교육연구시설,(철근)콘크리트,1991-09-28
대전광역시 대덕구 오정동 61-7,87.16,철근콘크리트구조,제2종근린생활시설,(철근)콘크리트,1991-02-21
대전광역시 대덕구 오정동 61-8,124.65,철근콘크리트구조,제2종근린생활시설,(철근)콘크리트,1991-02-21
대전광역시 대덕구 오정동 62-1,2395.2885,철근콘크리트구조,업무시설,(철근)콘크리트,1998-02-16
대전광역시 대덕구 오정동 621,115.58,일반목구조,단독주택,기타지붕,1900
대전광역시 대덕구 오정동 63-1,68.63,벽돌구조,단독주택,(철근)콘크리트,1979-08-16
대전광역시 대덕구 오정동 63-10,434.59,철근콘크리트구조,교육연구시설,(철근)콘크리트,1993-06-18
대전광역시 대덕구 오정동 63-11,194.38,철근콘크리트구조,단독주택,(철근)콘크리트,2014-11-04
대전광역시 대덕구 오정동 63-12,198.4,벽돌구조,공동주택,(철근)콘크리트,1979-12-29
대전광역시 대덕구 오정동 63-13,67.34,벽돌구조,단독주택,(철근)콘크리트,1977-05-14
대전광역시 대덕구 오정동 63-17,90.0,일반철골구조,제2종근린생활시설,기타지붕,2001-08-25
대전광역시 대덕구 오정동 63-18,271.64,일반철골구조,제2종근린생활시설,기타지붕,2002-07-19
대전광역시 대덕구 오정동 63-2,125.29,일반철골구조,제2종근린생활시설,기타지붕,2020-10-08
대전광역시 대덕구 오정동 63-20,152.1,일반철골구조,제2종근린생활시설,(철근)콘크리트,2003-03-07
대전광역시 대덕구 오정동 63-22,70.79,벽돌구조,단독주택,(철근)콘크리트,1979-08-16
대전광역시 대덕구 오정동 63-23,70.79,벽돌구조,단독주택,(철근)콘크리트,1979-08-16
대전광역시 대덕구 오정동 63-24,115.66,벽돌구조,단독주택,(철근)콘크리트,1979-09-06
대전광역시 대덕구 오정동 63-25,114.26,벽돌구조,단독주택,(철근)콘크리트,1979-09-06
대전광역시 대덕구 오정동 63-3,133.16,벽돌구조,단독주택,(철근)콘크리트,1978-04-25
대전광역시 대덕구 오정동 63-4,51.9,블록구조,단독주택,기와,1977-04-13
대전광역시 대덕구 오정동 63-5,163.5,경량철골구조,제2종근린생활시설,기타지붕,1992-06-16
대전광역시 대덕구 오정동 63-7,261.34,일반철골구조,제2종근린생활시설,기타지붕,2022-10-21
대전광역시 대덕구 오정동 63-9,70.91,철근콘크리트구조,제2종근린생활시설,기타지붕,1998-08-03
대전광역시 대덕구 오정동 632,26.45,기타조적구조,단독주택,기와,1954
대전광역시 대덕구 오정동 635-1,36277.08,벽돌구조,공동주택,(철근)콘크리트,1990-11-13
대전광역시 대덕구 오정동 635-19,559.0,일반철골구조,제2종근린생활시설,기타지붕,2023-09-19
대전광역시 대덕구 오정동 635-22,329.25,일반철골구조,제2종근린생활시설,기타지붕,2014-04-29
대전광역시 대덕구 오정동 64-10,111.06,벽돌구조,단독주택,(철근)콘크리트,1990-07-26
대전광역시 대덕구 오정동 64-11,48.48,철근콘크리트구조,단독주택,(철근)콘크리트,2021-11-30
대전광역시 대덕구 오정동 64-13,125.04,블록구조,단독주택,기와,1976-12-27
대전광역시 대덕구 오정동 64-18,323.2,철근콘크리트구조,제2종근린생활시설,(철근)콘크리트,2004-07-20
대전광역시 대덕구 오정동 64-19,158.4,일반철골구조,창고시설,기타지붕,2016-11-23
대전광역시 대덕구 오정동 64-2,94.71,철근콘크리트구조,제2종근린생활시설,(철근)콘크리트,2004-11-15
대전광역시 대덕구 오정동 64-20,59.01,벽돌구조,단독주택,(철근)콘크리트,1978-10-05
대전광역시 대덕구 오정동 64-21,110.1,벽돌구조,단독주택,(철근)콘크리트,2002-05-13
대전광역시 대덕구 오정동 64-24,78.72,벽돌구조,단독주택,(철근)콘크리트,1981-12-02
대전광역시 대덕구 오정동 64-25,56.4,철근콘크리트구조,제2종근린생활시설,(철근)콘크리트,1989-02-03
대전광역시 대덕구 오정동 64-27,112.41,철근콘크리트구조,단독주택,(철근)콘크리트,2019-11-28
대전광역시 대덕구 오정동 64-28,95.7,벽돌구조,단독주택,(철근)콘크리트,1990-05-03
대전광역시 대덕구 오정동 64-3,145.44,철근콘크리트구조,단독주택,(철근)콘크리트,2013-12-18
대전광역시 대덕구 오정동 64-4,86.43,벽돌구조,단독주택,(철근)콘크리트,1982-06-03
대전광역시 대덕구 오정동 64-5,83.93,철근콘크리트구조,단독주택,(철근)콘크리트,2013-10-23
대전광역시 대덕구 오정동 64-6,56.06,벽돌구조,단독주택,기와,1977-11-09
대전광역시 대덕구 오정동 64-7,47.47,벽돌구조,단독주택,(철근)콘크리트,1971-03-30
대전광역시 대덕구 오정동 64-8,156.44,철근콘크리트구조,노유자시설,(철근)콘크리트,1995-12-22
대전광역시 대덕구 오정동 644,98.11,철근콘크리트구조,제2종근린생활시설,(철근)콘크리트,2024-02-07
대전광역시 대덕구 오정동 65-1,262.33,벽돌구조,위험물저장및처리시설,기타지붕,1994-10-17
대전광역시 대덕구 오정동 65-10,143.67,철근콘크리트구조,제2종근린생활시설,(철근)콘크리트,1995-08-22
대전광역시 대덕구 오정동 65-11,187.58,경량철골구조,제2종근린생활시설,기타지붕,1991-10-11
대전광역시 대덕구 오정동 65-12,160.92,철근콘크리트구조,제2종근린생활시설,(철근)콘크리트,1987-07-28
대전광역시 대덕구 오정동 65-13,83.67,벽돌구조,단독주택,(철근)콘크리트,1977-11-26
대전광역시 대덕구 오정동 65-14,236.76,철근콘크리트구조,단독주택,(철근)콘크리트,2003-10-15
대전광역시 대덕구 오정동 65-2,193.25,일반철골구조,제2종근린생활시설,기타지붕,2018-07-26
대전광역시 대덕구 오정동 65-22,31.92,경량철골구조,창고시설,기타지붕,2013-01-18
대전광역시 대덕구 오정동 65-5,578.92,철근콘크리트구조,제2종근린생활시설,기타지붕,2000-12-30
대전광역시 대덕구 오정동 65-7,129.0,경량철골구조,제2종근린생활시설,기타지붕,2009-01-06
대전광역시 대덕구 오정동 652,103.88,벽돌구조,단독주택,(철근)콘크리트,1991-11-20
대전광역시 대덕구 오정동 653-1,111.41,벽돌구조,단독주택,(철근)콘크리트,1990-05-23
대전광역시 대덕구 오정동 653-3,67.07,벽돌구조,단독주택,기와,1974-11-18
대전광역시 대덕구 오정동 653-5,125.63,벽돌구조,단독주택,(철근)콘크리트,1995-06-08
대전광역시 대덕구 오정동 656-4,146.2,일반철골구조,창고시설,기타지붕,2017-02-02
대전광역시 대덕구 오정동 657,27.0,경량철골구조,창고시설,기타지붕,2018-07-18
대전광역시 대덕구 오정동 658-13,189.3,경량철골구조,제2종근린생활시설,기타지붕,2023-01-18
대전광역시 대덕구 오정동 658-14,136.25,일반철골구조,창고시설,기타지붕,2019-04-09
대전광역시 대덕구 오정동 658-15,100.04,블록구조,단독주택,슬레이트,1985-06-29
대전광역시 대덕구 오정동 658-16,66.7,벽돌구조,단독주택,(철근)콘크리트,1992-10-16
대전광역시 대덕구 오정동 658-18,1007.8700000000001,철근콘크리트구조,공동주택,(철근)콘크리트,1992-11-20
대전광역시 대덕구 오정동 658-2,251.36,일반철골구조,창고시설,기타지붕,2020-01-21
대전광역시 대덕구 오정동 658-20,1676.4,철근콘크리트구조,공동주택,(철근)콘크리트,1998-09-10
대전광역시 대덕구 오정동 658-21,692.76,철근콘크리트구조,공동주택,(철근)콘크리트,1992-11-20
대전광역시 대덕구 오정동 658-31,138.9,철근콘크리트구조,단독주택,(철근)콘크리트,1998-05-20
대전광역시 대덕구 오정동 658-5,198.1,일반철골구조,창고시설,기타지붕,2023-02-07
대전광역시 대덕구 오정동 658-6,128.83,일반철골구조,단독주택,기타지붕,2017-08-14
대전광역시 대덕구 오정동 658-8,92.04,경량철골구조,창고시설,기타지붕,2015-11-11
대전광역시 대덕구 오정동 659-1,124.1,일반목구조,단독주택,기와,1950
대전광역시 대덕구 오정동 659-3,199.6,경량철골구조,창고시설,기타지붕,1997-12-01
대전광역시 대덕구 오정동 659-9,22.59,경량철골구조,창고시설,기타지붕,1998-01-13
대전광역시 대덕구 오정동 66-13,93.4,벽돌구조,단독주택,(철근)콘크리트,1983-12-09
대전광역시 대덕구 오정동 66-14,83.22,벽돌구조,단독주택,(철근)콘크리트,1983-12-09
대전광역시 대덕구 오정동 66-15,89.11,벽돌구조,단독주택,(철근)콘크리트,1985-12-09
대전광역시 대덕구 오정동 66-19,65.03,벽돌구조,단독주택,(철근)콘크리트,1977-08-22
대전광역시 대덕구 오정동 66-2,207.19,경량철골구조,창고시설,기타지붕,2001-11-12
대전광역시 대덕구 오정동 66-21,58.85,벽돌구조,단독주택,(철근)콘크리트,1976-01-22
대전광역시 대덕구 오정동 66-22,57.61,철근콘크리트구조,제2종근린생활시설,(철근)콘크리트,2003-11-17
대전광역시 대덕구 오정동 66-6,1318.67,철근콘크리트구조,제2종근린생활시설,(철근)콘크리트,1993-11-20
대전광역시 대덕구 오정동 66-7,194.67,경량철골구조,제2종근린생활시설,기타지붕,1992-03-09
대전광역시 대덕구 오정동 66-8,84.34,벽돌구조,단독주택,(철근)콘크리트,1984-07-27
대전광역시 대덕구 오정동 660,258.3,철근콘크리트구조,단독주택,(철근)콘크리트,2014-03-24
대전광역시 대덕구 오정동 661,134.61,경량철골구조,제2종근린생활시설,기타지붕,2008-09-19
대전광역시 대덕구 오정동 664-5,36.82,벽돌구조,제2종근린생활시설,(철근)콘크리트,1989-07-18
대전광역시 대덕구 오정동 667,273.07,철근콘크리트구조,제2종근린생활시설,(철근)콘크리트,1999-05-04
대전광역시 대덕구 오정동 67-1,241.26,철근콘크리트구조,제2종근린생활시설,(철근)콘크리트,1985-04-04
대전광역시 대덕구 오정동 67-10,211.48,벽돌구조,위험물저장및처리시설,(철근)콘크리트,1995-01-17
대전광역시 대덕구 오정동 67-11,126.43,철근콘크리트구조,제2종근린생활시설,(철근)콘크리트,1990-02-24
대전광역시 대덕구 오정동 67-14,550.92,철근콘크리트구조,제2종근린생활시설,(철근)콘크리트,1991-11-11
대전광역시 대덕구 오정동 67-16,126.2,경량철골구조,창고시설,기타지붕,2016-01-19
대전광역시 대덕구 오정동 67-17,271.97,일반철골구조,창고시설,기타지붕,2023-12-08
대전광역시 대덕구 오정동 67-2,81.05,벽돌구조,단독주택,(철근)콘크리트,1987-06-23
대전광역시 대덕구 오정동 67-22,101.37,벽돌구조,단독주택,(철근)콘크리트,1984-11-01
대전광역시 대덕구 오정동 67-23,75.15,벽돌구조,단독주택,기타지붕,1987-06-23
대전광역시 대덕구 오정동 67-24,312.44,철근콘크리트구조,단독주택,(철근)콘크리트,2017-12-04
대전광역시 대덕구 오정동 67-25,153.89,벽돌구조,제2종근린생활시설,(철근)콘크리트,1992-11-17
대전광역시 대덕구 오정동 67-27,76.87,철근콘크리트구조,단독주택,(철근)콘크리트,2004-08-06
대전광역시 대덕구 오정동 67-28,162.75,철근콘크리트구조,제2종근린생활시설,(철근)콘크리트,2001-10-11
대전광역시 대덕구 오정동 67-3,164.31,철근콘크리트구조,제2종근린생활시설,(철근)콘크리트,1994-06-14
대전광역시 대덕구 오정동 67-4,77.0,벽돌구조,단독주택,(철근)콘크리트,1980-10-16
대전광역시 대덕구 오정동 67-5,177.24,철근콘크리트구조,제2종근린생활시설,(철근)콘크리트,1994-09-13
대전광역시 대덕구 오정동 67-9,91.9,벽돌구조,단독주택,(철근)콘크리트,2001-08-09
대전광역시 대덕구 오정동 674-29,721.67,블록구조,공장,(철근)콘크리트,1981-02-04
대전광역시 대덕구 오정동 674-7,672.47,벽돌구조,노유자시설,(철근)콘크리트,
대전광역시 대덕구 오정동 68-13,127.02,철근콘크리트구조,단독주택,(철근)콘크리트,2002-08-22
대전광역시 대덕구 오정동 68-14,89.1,경량철골구조,제2종근린생활시설,기타지붕,1995-11-11
대전광역시 대덕구 오정동 68-17,93.0,벽돌구조,단독주택,(철근)콘크리트,1981-10-07
대전광역시 대덕구 오정동 68-18,66.57,벽돌구조,단독주택,(철근)콘크리트,1975-08-08
대전광역시 대덕구 오정동 68-19,84.1,벽돌구조,단독주택,(철근)콘크리트,1989-05-06
대전광역시 대덕구 오정동 68-2,98.96,철근콘크리트구조,단독주택,(철근)콘크리트,2003-07-02
대전광역시 대덕구 오정동 68-20,80.23,벽돌구조,단독주택,(철근)콘크리트,1989-05-06
대전광역시 대덕구 오정동 68-21,84.66,벽돌구조,단독주택,(철근)콘크리트,1994-06-15
대전광역시 대덕구 오정동 68-23,80.64,벽돌구조,단독주택,(철근)콘크리트,1982-10-23
대전광역시 대덕구 오정동 68-24,65.91,벽돌구조,단독주택,(철근)콘크리트,1991-08-12
대전광역시 대덕구 오정동 68-26,95.98,철근콘크리트구조,단독주택,(철근)콘크리트,2017-01-24
대전광역시 대덕구 오정동 68-27,147.89,철근콘크리트구조,제2종근린생활시설,(철근)콘크리트,2021-08-31
대전광역시 대덕구 오정동 68-31,83.54,벽돌구조,단독주택,(철근)콘크리트,1986-09-10
대전광역시 대덕구 오정동 68-32,51.48,벽돌구조,단독주택,(철근)콘크리트,1979-12-26
대전광역시 대덕구 오정동 68-40,99.75,경량철골구조,단독주택,기타지붕,2004-06-01
대전광역시 대덕구 오정동 68-41,475.36,일반철골구조,종교시설,(철근)콘크리트,2000-03-03
대전광역시 대덕구 오정동 68-46,90.16,벽돌구조,제2종근린생활시설,(철근)콘크리트,1995-08-10
대전광역시 대덕구 오정동 68-47,65.49,벽돌구조,단독주택,(철근)콘크리트,1979-01-25
대전광역시 대덕구 오정동 68-50,54.89,일반철골구조,제2종근린생활시설,기타지붕,2005-05-13
대전광역시 대덕구 오정동 68-51,79.3,벽돌구조,단독주택,(철근)콘크리트,1980-12-30
대전광역시 대덕구 오정동 68-52,277.44,경량철골구조,제2종근린생활시설,기타지붕,1994-07-30
대전광역시 대덕구 오정동 68-7,164.89,철근콘크리트구조,단독주택,(철근)콘크리트,2002-08-02
대전광역시 대덕구 오정동 68-8,715.06,철근콘크리트구조,공동주택,(철근)콘크리트,2002-12-18
대전광역시 대덕구 오정동 684-4,33.06,일반목구조,단독주택,기와,1937
대전광역시 대덕구 오정동 69-11,363.4,철근콘크리트구조,공동주택,(철근)콘크리트,2002-08-21
대전광역시 대덕구 오정동 69-15,95.53,철근콘크리트구조,제2종근린생활시설,(철근)콘크리트,1987-06-30
대전광역시 대덕구 오정동 69-16,99.6,철근콘크리트구조,단독주택,(철근)콘크리트,2013-07-22
대전광역시 대덕구 오정동 69-18,253.31,철근콘크리트구조,교육연구시설,(철근)콘크리트,1993-06-01
대전광역시 대덕구 오정동 69-19,210.16,철근콘크리트구조,공동주택,(철근)콘크리트,2002-08-17
대전광역시 대덕구 오정동 69-3,332.84,철근콘크리트구조,제2종근린생활시설,(철근)콘크리트,1993-05-31
대전광역시 대덕구 오정동 69-6,99.57,벽돌구조,단독주택,(철근)콘크리트,1993-02-22
대전광역시 대덕구 오정동 69-7,145.11,철근콘크리트구조,제2종근린생활시설,(철근)콘크리트,1993-04-27
대전광역시 대덕구 오정동 69-8,225.65,철근콘크리트구조,창고시설,(철근)콘크리트,1988-04-28
대전광역시 대덕구 오정동 7,26.45,일반목구조,단독주택,기타지붕,1947
대전광역시 대덕구 오정동 704-2,26.325,경량철골구조,제2종근린생활시설,기타지붕,2003-10-01
대전광역시 대덕구 오정동 705-10,969.61,철근콘크리트구조,제2종근린생활시설,(철근)콘크리트,1989-11-08
대전광역시 대덕구 오정동 705-208,59.45,벽돌구조,창고시설,(철근)콘크리트,1980-12-26
대전광역시 대덕구 오정동 705-217,55.9,벽돌구조,제2종근린생활시설,기와,1983-07-21
대전광역시 대덕구 오정동 705-22,673.43,철근콘크리트구조,제2종근린생활시설,(철근)콘크리트,1985-11-05
대전광역시 대덕구 오정동 705-238,52.56,경량철골구조,단독주택,기타지붕,1994-02-14
대전광역시 대덕구 오정동 705-24,3421.08,철근콘크리트구조,창고시설,기타지붕,1988-12-26
대전광역시 대덕구 오정동 705-244,525.69,일반철골구조,창고시설,(철근)콘크리트,2006-09-26
대전광역시 대덕구 오정동 705-301,825.12,벽돌구조,공동주택,슬레이트,1982-05-06
대전광역시 대덕구 오정동 705-41,145.44,일반목구조,제2종근린생활시설,기타지붕,1983-01-14
대전광역시 대덕구 오정동 705-55,536.8,철근콘크리트구조,제2종근린생활시설,(철근)콘크리트,1990-11-12
대전광역시 대덕구 오정동 705-60,2575.03,철근콘크리트구조,동.식물관련시설,기타지붕,2002-04-26
대전광역시 대덕구 오정동 71-11,105.84,경량철골구조,창고시설,기타지붕,1996-05-15
대전광역시 대덕구 오정동 71-12,232.71,철골철근콘크리트구조,제2종근린생활시설,기타지붕,2014-10-06
대전광역시 대덕구 오정동 71-4,90.72,경량철골구조,창고시설,기타지붕,2020-07-02
대전광역시 대덕구 오정동 71-5,317.47,경량철골구조,공장,기타지붕,1991-05-18
대전광역시 대덕구 오정동 71-6,233.7,경량철골구조,단독주택,(철근)콘크리트,1993-07-09
대전광역시 대덕구 오정동 72-5,110.66,벽돌구조,제2종근린생활시설,(철근)콘크리트,2001-05-15
대전광역시 대덕구 오정동 72-6,575.88,일반철골구조,창고시설,기타지붕,2018-08-28
대전광역시 대덕구 오정동 72-7,521.64,경량철골구조,공장,기타지붕,1991-05-18
대전광역시 대덕구 오정동 72-8,122.88,경량철골구조,창고시설,기타지붕,2018-01-03
대전광역시 대덕구 오정동 73-1,245.9,철근콘크리트구조,제2종근린생활시설,(철근)콘크리트,2015-12-24
대전광역시 대덕구 오정동 73-11,517.665,철근콘크리트구조,제2종근린생활시설,(철근)콘크리트,1993-01-26
대전광역시 대덕구 오정동 73-4,432.0,일반철골구조,제2종근린생활시설,(철근)콘크리트,2016-03-03
대전광역시 대덕구 오정동 73-5,374.28,일반철골구조,창고시설,(철근)콘크리트,2016-03-03
대전광역시 대덕구 오정동 73-9,39.730000000000004,경량철골구조,창고시설,기타지붕,2004-09-10
대전광역시 대덕구 오정동 736,791.93,철근콘크리트구조,제2종근린생활시설,(철근)콘크리트,2021-08-06
대전광역시 대덕구 오정동 74,86.15,일반목구조,단독주택,기와,1946
대전광역시 대덕구 오정동 74-3,109.12,일반철골구조,창고시설,기타지붕,2009-04-13
대전광역시 대덕구 오정동 74-4,440.32,일반철골구조,제2종근린생활시설,기타지붕,1995-12-21
대전광역시 대덕구 오정동 74-6,189.0,일반철골구조,창고시설,(철근)콘크리트,2013-07-17
대전광역시 대덕구 오정동 740-1,215.19,철근콘크리트구조,공동주택,(철근)콘크리트,1994-12-05
대전광역시 대덕구 오정동 740-10,297.7,경량철골구조,종교시설,기타지붕,1999-10-07
대전광역시 대덕구 오정동 740-11,354.34,철근콘크리트구조,공동주택,(철근)콘크리트,2001-09-26
대전광역시 대덕구 오정동 740-12,359.34,철근콘크리트구조,공동주택,(철근)콘크리트,2001-09-26
대전광역시 대덕구 오정동 740-13,179.67,철근콘크리트구조,단독주택,(철근)콘크리트,2001-11-06
대전광역시 대덕구 오정동 740-15,143.83,철근콘크리트구조,단독주택,(철근)콘크리트,2021-04-28
대전광역시 대덕구 오정동 740-16,186.59,철근콘크리트구조,단독주택,(철근)콘크리트,2022-07-26
대전광역시 대덕구 오정동 740-17,359.34,철근콘크리트구조,공동주택,(철근)콘크리트,2001-11-06
대전광역시 대덕구 오정동 740-18,359.34,철근콘크리트구조,공동주택,(철근)콘크리트,2001-11-06
대전광역시 대덕구 오정동 740-19,361.82,철근콘크리트구조,공동주택,(철근)콘크리트,2002-01-16
대전광역시 대덕구 오정동 740-2,90.1,벽돌구조,단독주택,(철근)콘크리트,1995-09-01
대전광역시 대덕구 오정동 740-20,359.34,철근콘크리트구조,공동주택,(철근)콘크리트,2001-11-06
대전광역시 대덕구 오정동 740-21,359.34,철근콘크리트구조,공동주택,(철근)콘크리트,2002-03-26
대전광역시 대덕구 오정동 740-23,1350.3600000000001,철근콘크리트구조,공동주택,(철근)콘크리트,2005-10-31
대전광역시 대덕구 오정동 740-24,256.95,철근콘크리트구조,단독주택,(철근)콘크리트,2009-01-22
대전광역시 대덕구 오정동 740-25,254.03,철근콘크리트구조,단독주택,(철근)콘크리트,2009-01-22
대전광역시 대덕구 오정동 740-26,244.19,철근콘크리트구조,단독주택,(철근)콘크리트,2009-01-22
대전광역시 대덕구 오정동 740-27,140.98,철근콘크리트구조,단독주택,(철근)콘크리트,2008-09-12
대전광역시 대덕구 오정동 740-28,141.7,철근콘크리트구조,단독주택,(철근)콘크리트,2008-09-12
대전광역시 대덕구 오정동 740-29,173.31,철근콘크리트구조,단독주택,(철근)콘크리트,2009-03-17
대전광역시 대덕구 오정동 740-3,1261.92,철근콘크리트구조,문화및집회시설,기타지붕,2000-06-19
대전광역시 대덕구 오정동 740-4,211.2,철근콘크리트구조,단독주택,(철근)콘크리트,2002-02-08
대전광역시 대덕구 오정동 740-5,187.58,철근콘크리트구조,제2종근린생활시설,(철근)콘크리트,1992-11-16
대전광역시 대덕구 오정동 740-6,199.61,철근콘크리트구조,단독주택,(철근)콘크리트,2001-09-14
대전광역시 대덕구 오정동 740-7,141.7,철근콘크리트구조,단독주택,(철근)콘크리트,2008-09-12
대전광역시 대덕구 오정동 740-9,173.31,철근콘크리트구조,단독주택,(철근)콘크리트,2008-08-26
대전광역시 대덕구 오정동 772-3,46.21,벽돌구조,단독주택,(철근)콘크리트,1992-10-09
대전광역시 대덕구 오정동 772-31,3206.12,벽돌구조,공동주택,(철근)콘크리트,1984-12-31
대전광역시 대덕구 오정동 78-1,381.83,철근콘크리트구조,제2종근린생활시설,(철근)콘크리트,1994-08-05
대전광역시 대덕구 오정동 78-7,858.792,철근콘크리트구조,업무시설,기타지붕,2004-01-06
대전광역시 대덕구 오정동 78-8,1550.288,철근콘크리트구조,업무시설,(철근)콘크리트,2023-02-28
대전광역시 대덕구 오정동 78-9,189.0,철근콘크리트구조,창고시설,(철근)콘크리트,1994-10-01
대전광역시 대덕구 오정동 79-10,860.08,철근콘크리트구조,공동주택,(철근)콘크리트,2002-01-03
대전광역시 대덕구 오정동 79-3,378.0,일반철골구조,창고시설,기타지붕,2002-06-26
대전광역시 대덕구 오정동 79-4,907.0,철근콘크리트구조,공동주택,(철근)콘크리트,2002-01-03
대전광역시 대덕구 오정동 79-5,0.0,경량철골구조,창고시설,기타지붕,1992-09-28
대전광역시 대덕구 오정동 79-6,103.68,경량철골구조,창고시설,기타지붕,1993-09-24
대전광역시 대덕구 오정동 79-7,242.97,철근콘크리트구조,제2종근린생활시설,(철근)콘크리트,1992-09-03
대전광역시 대덕구 오정동 79-8,58.6,경량철골구조,단독주택,기타지붕,2000-05-27
대전광역시 대덕구 오정동 80-12,72.54,벽돌구조,단독주택,(철근)콘크리트,1982-07-14
대전광역시 대덕구 오정동 80-13,72.54,벽돌구조,단독주택,(철근)콘크리트,1982-07-14
대전광역시 대덕구 오정동 80-17,201.96,철근콘크리트구조,단독주택,(철근)콘크리트,2002-12-31
대전광역시 대덕구 오정동 80-2,114.89,경량철골구조,제2종근린생활시설,기타지붕,1994-05-24
대전광역시 대덕구 오정동 80-21,99.39,벽돌구조,단독주택,(철근)콘크리트,1990-11-17
대전광역시 대덕구 오정동 80-22,156.64,철근콘크리트구조,제2종근린생활시설,(철근)콘크리트,1994-05-12
대전광역시 대덕구 오정동 80-3,201.6,철근콘크리트구조,단독주택,(철근)콘크리트,2002-04-20
대전광역시 대덕구 오정동 80-4,208.66,벽돌구조,단독주택,(철근)콘크리트,1989-07-12
대전광역시 대덕구 오정동 80-6,103.92,경량철골구조,단독주택,기타지붕,2003-11-25
대전광역시 대덕구 오정동 80-8,95.4,일반철골구조,제2종근린생활시설,기타지붕,2014-01-13
대전광역시 대덕구 오정동 81-10,429.08000000000004,철근콘크리트구조,공동주택,(철근)콘크리트,1994-04-19
대전광역시 대덕구 오정동 81-11,87.22,경량철골구조,창고시설,기타지붕,2008-10-09
대전광역시 대덕구 오정동 81-12,155.56,철근콘크리트구조,제2종근린생활시설,(철근)콘크리트,1993-01-12
대전광역시 대덕구 오정동 81-13,113.39,경량철골구조,제2종근린생활시설,기타지붕,1992-10-07
대전광역시 대덕구 오정동 81-14,113.63,벽돌구조,단독주택,(철근)콘크리트,1988-11-10
대전광역시 대덕구 오정동 81-16,63.96,경량철골구조,제2종근린생활시설,기타지붕,1994-05-26
대전광역시 대덕구 오정동 81-17,95.48,벽돌구조,단독주택,(철근)콘크리트,1989-05-25
대전광역시 대덕구 오정동 81-18,142.02,철근콘크리트구조,단독주택,(철근)콘크리트,1992-12-07
대전광역시 대덕구 오정동 81-2,141.34,벽돌구조,제2종근린생활시설,(철근)콘크리트,1986-01-20
대전광역시 대덕구 오정동 81-20,91.78,벽돌구조,단독주택,(철근)콘크리트,1980-06-13
대전광역시 대덕구 오정동 81-21,97.55,벽돌구조,단독주택,(철근)콘크리트,1992-10-13
대전광역시 대덕구 오정동 81-3,280.68,경량철골구조,제2종근린생활시설,기타지붕,1992-05-14
대전광역시 대덕구 오정동 81-4,72.0,벽돌구조,단독주택,(철근)콘크리트,1984-08-27
대전광역시 대덕구 오정동 81-5,79.66,벽돌구조,단독주택,(철근)콘크리트,1982-05-20
대전광역시 대덕구 오정동 81-6,81.1,벽돌구조,단독주택,(철근)콘크리트,1984-05-11
대전광역시 대덕구 오정동 81-7,244.8,경량철골구조,공장,(철근)콘크리트,1991-05-01
대전광역시 대덕구 오정동 81-8,240.72,벽돌구조,공동주택,(철근)콘크리트,1989-08-22
대전광역시 대덕구 오정동 82-1,89.56,벽돌구조,단독주택,(철근)콘크리트,1990-12-21
대전광역시 대덕구 오정동 82-10,123.74,벽돌구조,단독주택,(철근)콘크리트,1990-11-26
대전광역시 대덕구 오정동 82-12,132.83,벽돌구조,단독주택,(철근)콘크리트,1991-11-06
대전광역시 대덕구 오정동 82-13,45.0,경량철골구조,창고시설,기타지붕,2022-01-28
대전광역시 대덕구 오정동 82-14,144.25,벽돌구조,단독주택,(철근)콘크리트,1990-06-19
대전광역시 대덕구 오정동 82-17,154.98,벽돌구조,단독주택,기타지붕,2009-08-19
대전광역시 대덕구 오정동 82-19,100.94,벽돌구조,단독주택,(철근)콘크리트,1986-05-17
대전광역시 대덕구 오정동 82-2,117.45,일반철골구조,창고시설,기타지붕,2016-10-21
대전광역시 대덕구 오정동 82-20,117.31,벽돌구조,단독주택,(철근)콘크리트,1989-07-20
대전광역시 대덕구 오정동 82-21,93.14,벽돌구조,단독주택,(철근)콘크리트,1989-07-11
대전광역시 대덕구 오정동 82-22,94.3,벽돌구조,단독주택,(철근)콘크리트,1987-12-26
대전광역시 대덕구 오정동 82-23,67.425,벽돌구조,단독주택,(철근)콘크리트,1987-12-09
대전광역시 대덕구 오정동 82-24,85.16,벽돌구조,단독주택,(철근)콘크리트,1990-08-11
대전광역시 대덕구 오정동 82-25,203.68,벽돌구조,공동주택,(철근)콘크리트,1990-11-23
대전광역시 대덕구 오정동 82-26,819.52,벽돌구조,공동주택,(철근)콘크리트,1990-11-27
대전광역시 대덕구 오정동 82-27,821.44,벽돌구조,공동주택,(철근)콘크리트,1990-11-27
대전광역시 대덕구 오정동 82-3,350.12,철근콘크리트구조,공동주택,(철근)콘크리트,1997-10-06
대전광역시 대덕구 오정동 82-5,213.01,철근콘크리트구조,제2종근린생활시설,(철근)콘크리트,2024-04-15
대전광역시 대덕구 오정동 82-7,63.27,벽돌구조,단독주택,(철근)콘크리트,1990-10-31
대전광역시 대덕구 오정동 82-8,68.52,벽돌구조,단독주택,(철근)콘크리트,1995-09-16
대전광역시 대덕구 오정동 82-9,99.0,경량철골구조,창고시설,기타지붕,2023-03-06
대전광역시 대덕구 오정동 83-1,286.38,일반철골구조,창고시설,기타지붕,2009-08-19
대전광역시 대덕구 오정동 83-11,96.02,벽돌구조,단독주택,(철근)콘크리트,1988-06-28
대전광역시 대덕구 오정동 83-12,100.5,벽돌구조,단독주택,(철근)콘크리트,1990-07-03
대전광역시 대덕구 오정동 83-15,104.47,벽돌구조,단독주택,(철근)콘크리트,1989-11-06
대전광역시 대덕구 오정동 83-18,96.5,벽돌구조,단독주택,(철근)콘크리트,1991-09-12
대전광역시 대덕구 오정동 83-2,127.57,철근콘크리트구조,제2종근린생활시설,(철근)콘크리트,1997-07-26
대전광역시 대덕구 오정동 83-3,152.64,경량철골구조,제2종근린생활시설,기타지붕,1996-05-15
대전광역시 대덕구 오정동 83-4,213.36,일반철골구조,창고시설,기타지붕,1998-03-16
대전광역시 대덕구 오정동 83-5,267.44,경량철골구조,창고시설,기타지붕,2001-06-22
대전광역시 대덕구 오정동 83-6,54.89,벽돌구조,제2종근린생활시설,(철근)콘크리트,1988-12-26
대전광역시 대덕구 오정동 83-7,192.0,경량철골구조,제2종근린생활시설,기타지붕,1992-01-04
대전광역시 대덕구 오정동 83-8,101.49,벽돌구조,단독주택,(철근)콘크리트,1987-12-29
대전광역시 대덕구 오정동 84-1,961.44,경량철골구조,공장,기타지붕,1992-05-21
대전광역시 대덕구 오정동 84-2,156.73,벽돌구조,단독주택,(철근)콘크리트,1991-05-01
대전광역시 대덕구 오정동 84-3,90.18,벽돌구조,단독주택,(철근)콘크리트,1990-12-21
대전광역시 대덕구 오정동 84-4,285.48,일반철골구조,제2종근린생활시설,(철근)콘크리트,2013-07-22
대전광역시 대덕구 오정동 84-5,178.74,벽돌구조,단독주택,(철근)콘크리트,1992-09-25
대전광역시 대덕구 오정동 84-7,94.9,벽돌구조,단독주택,(철근)콘크리트,1990-11-16
대전광역시 대덕구 오정동 84-8,92.4,벽돌구조,단독주택,(철근)콘크리트,1990-12-21
대전광역시 대덕구 오정동 84-9,145.34,철근콘크리트구조,제2종근린생활시설,(철근)콘크리트,1994-04-04
대전광역시 대덕구 오정동 85-1,420.72,일반철골구조,창고시설,(철근)콘크리트,1997-02-22
대전광역시 대덕구 오정동 85-5,197.25,일반철골구조,창고시설,기타지붕,2015-10-01
대전광역시 대덕구 오정동 85-6,97.28,경량철골구조,창고시설,기타지붕,1998-06-20
대전광역시 대덕구 오정동 85-8,176.7,경량철골구조,창고시설,기타지붕,2021-03-29
대전광역시 대덕구 오정동 86-1,1255.68,일반철골구조,업무시설,(철근)콘크리트,2015-02-17
대전광역시 대덕구 오정동 86-10,101.01,벽돌구조,제2종근린생활시설,기타지붕,1999-10-23
대전광역시 대덕구 오정동 86-11,422.6,철근콘크리트구조,공동주택,(철근)콘크리트,1994-01-12
대전광역시 대덕구 오정동 86-13,123.87,경량철골구조,제2종근린생활시설,기타지붕,2002-12-26
대전광역시 대덕구 오정동 86-3,320.01,철근콘크리트구조,제2종근린생활시설,(철근)콘크리트,2007-02-07
대전광역시 대덕구 오정동 86-5,435.3,철근콘크리트구조,제2종근린생활시설,(철근)콘크리트,2004-07-31
대전광역시 대덕구 오정동 86-6,191.94,철근콘크리트구조,단독주택,(철근)콘크리트,2000-10-17
대전광역시 대덕구 오정동 86-7,444.84,철근콘크리트구조,공동주택,(철근)콘크리트,1995-07-07
대전광역시 대덕구 오정동 86-8,225.37,일반철골구조,창고시설,(철근)콘크리트,2015-03-16
대전광역시 대덕구 오정동 87-1,80.04,일반철골구조,제2종근린생활시설,기타지붕,2019-01-02
대전광역시 대덕구 오정동 87-10,100.21,벽돌구조,단독주택,(철근)콘크리트,1993-04-06
대전광역시 대덕구 오정동 87-15,69.81,벽돌구조,단독주택,(철근)콘크리트,1981-08-13
대전광역시 대덕구 오정동 87-16,80.89,벽돌구조,단독주택,(철근)콘크리트,1984-11-27
대전광역시 대덕구 오정동 87-17,66.76,벽돌구조,단독주택,(철근)콘크리트,1981-10-13
대전광역시 대덕구 오정동 87-19,94.38,벽돌구조,단독주택,(철근)콘크리트,1981-05-22
대전광역시 대덕구 오정동 87-21,168.48,경량철골구조,제2종근린생활시설,기타지붕,2000-12-04
대전광역시 대덕구 오정동 87-3,187.2,경량철골구조,자동차관련시설,기타지붕,1992-12-11
대전광역시 대덕구 오정동 87-5,143.84,벽돌구조,제2종근린생활시설,슬레이트,1992-10-16
대전광역시 대덕구 오정동 87-6,331.8,벽돌구조,제2종근린생활시설,(철근)콘크리트,1994-02-08
대전광역시 대덕구 오정동 87-7,249.5,벽돌구조,제2종근린생활시설,슬레이트,1992-05-20
대전광역시 대덕구 오정동 87-9,343.0,철근콘크리트구조,공동주택,(철근)콘크리트,1991-10-24
대전광역시 대덕구 오정동 88-1,97.05,철근콘크리트구조,단독주택,(철근)콘크리트,2013-09-16
대전광역시 대덕구 오정동 88-10,97.16,벽돌구조,단독주택,(철근)콘크리트,1990-11-07
대전광역시 대덕구 오정동 88-11,97.56,철근콘크리트구조,제2종근린생활시설,(철근)콘크리트,1992-11-16
대전광역시 대덕구 오정동 88-12,76.22,벽돌구조,단독주택,(철근)콘크리트,1983-06-07
대전광역시 대덕구 오정동 88-14,102.3,벽돌구조,단독주택,(철근)콘크리트,1993-06-15
대전광역시 대덕구 오정동 88-15,84.01,벽돌구조,단독주택,(철근)콘크리트,1980-11-21
대전광역시 대덕구 오정동 88-16,180.6,일반철골구조,제2종근린생활시설,기타지붕,2016-11-30
대전광역시 대덕구 오정동 88-18,88.39,벽돌구조,단독주택,(철근)콘크리트,1991-10-07
대전광역시 대덕구 오정동 88-2,133.48,경량철골구조,제2종근린생활시설,기타지붕,2018-07-30
대전광역시 대덕구 오정동 88-21,79.55,벽돌구조,단독주택,(철근)콘크리트,1984-10-11
대전광역시 대덕구 오정동 88-22,174.72,일반철골구조,창고시설,기타지붕,2021-01-04
대전광역시 대덕구 오정동 88-23,133.28,벽돌구조,단독주택,(철근)콘크리트,1989-08-21
대전광역시 대덕구 오정동 88-24,96.27,벽돌구조,단독주택,(철근)콘크리트,1993-04-13
대전광역시 대덕구 오정동 88-26,88.68,경량철골구조,제2종근린생활시설,기타지붕,2003-03-13
대전광역시 대덕구 오정동 88-28,114.6,경량철골구조,제2종근린생활시설,기타지붕,2001-11-27
대전광역시 대덕구 오정동 88-29,297.0,일반철골구조,제2종근린생활시설,기타지붕,2008-07-29
대전광역시 대덕구 오정동 88-3,67.88,벽돌구조,단독주택,(철근)콘크리트,1985-06-25
대전광역시 대덕구 오정동 88-4,76.06,벽돌구조,단독주택,(철근)콘크리트,1983-04-28
대전광역시 대덕구 오정동 88-5,79.54,벽돌구조,단독주택,(철근)콘크리트,1984-08-10
대전광역시 대덕구 오정동 88-6,270.56,일반철골구조,창고시설,기타지붕,2006-05-29
대전광역시 대덕구 오정동 88-7,97.4,벽돌구조,단독주택,(철근)콘크리트,1983-08-25
대전광역시 대덕구 오정동 88-8,76.04,벽돌구조,단독주택,(철근)콘크리트,1988-01-06
대전광역시 대덕구 오정동 88-9,95.67,벽돌구조,단독주택,(철근)콘크리트,1983-06-30
대전광역시 대덕구 오정동 89-1,120.28,벽돌구조,단독주택,(철근)콘크리트,1985-09-10
대전광역시 대덕구 오정동 89-10,353.38,철근콘크리트구조,공동주택,(철근)콘크리트,1997-08-29
대전광역시 대덕구 오정동 89-11,506.45,일반철골구조,제2종근린생활시설,(철근)콘크리트,2018-12-10
대전광역시 대덕구 오정동 89-13,98.8,일반철골구조,창고시설,기타지붕,2019-10-04
대전광역시 대덕구 오정동 89-14,120.035,벽돌구조,단독주택,(철근)콘크리트,1991-07-11
대전광역시 대덕구 오정동 89-16,86.69,벽돌구조,단독주택,(철근)콘크리트,1984-01-26
대전광역시 대덕구 오정동 89-17,192.3,경량철골구조,공장,기타지붕,1992-04-03
대전광역시 대덕구 오정동 89-19,78.14,벽돌구조,단독주택,(철근)콘크리트,1983-10-11
대전광역시 대덕구 오정동 89-2,121.2,일반철골구조,제2종근린생활시설,기타지붕,2002-07-22
대전광역시 대덕구 오정동 89-20,83.54,벽돌구조,단독주택,(철근)콘크리트,1983-06-09
대전광역시 대덕구 오정동 89-21,106.54,철근콘크리트구조,제2종근린생활시설,(철근)콘크리트,1993-07-08
대전광역시 대덕구 오정동 89-22,107.9,철근콘크리트구조,단독주택,(철근)콘크리트,2016-09-09
대전광역시 대덕구 오정동 89-23,87.2,경량철골구조,제2종근린생활시설,기타지붕,1991-09-19
대전광역시 대덕구 오정동 89-3,265.2,일반철골구조,창고시설,기타지붕,2019-08-13
대전광역시 대덕구 오정동 89-4,380.64,철근콘크리트구조,공동주택,(철근)콘크리트,1996-11-16
대전광역시 대덕구 오정동 89-5,82.56,벽돌구조,단독주택,(철근)콘크리트,1983-06-22
대전광역시 대덕구 오정동 89-7,106.78,철근콘크리트구조,제2종근린생활시설,(철근)콘크리트,1994-04-26
대전광역시 대덕구 오정동 89-9,349.44,일반철골구조,제2종근린생활시설,기타지붕,2016-05-27
대전광역시 대덕구 오정동 9,72.14,일반목구조,단독주택,기와,1948
대전광역시 대덕구 오정동 9-20,766.76,기타조적구조,종교시설,기타지붕,1989-04-18
대전광역시 대덕구 오정동 9-28,1118.3600000000001,일반철골구조,공장,슬레이트,1984-05-09
대전광역시 대덕구 오정동 9-33,73.04,벽돌구조,단독주택,(철근)콘크리트,1979-09-03
대전광역시 대덕구 오정동 9-34,64.8,일반철골구조,제2종근린생활시설,기타지붕,2006-07-12
대전광역시 대덕구 오정동 9-36,121.1,철근콘크리트구조,제2종근린생활시설,기타지붕,2006-03-06
대전광역시 대덕구 오정동 9-41,99.6,철근콘크리트구조,제2종근린생활시설,(철근)콘크리트,1986-01-29
대전광역시 대덕구 오정동 9-58,475.25,철근콘크리트구조,제2종근린생활시설,기타지붕,1987-12-21
대전광역시 대덕구 오정동 9-67,88.8,철근콘크리트구조,공장,(철근)콘크리트,1984-10-26
대전광역시 대덕구 오정동 9-68,81.36,벽돌구조,제2종근린생활시설,(철근)콘크리트,1992-12-30
대전광역시 대덕구 오정동 90-1,103.89,벽돌구조,단독주택,(철근)콘크리트,1990-09-27
대전광역시 대덕구 오정동 90-10,128.52,일반철골구조,제2종근린생활시설,기타지붕,2017-08-16
대전광역시 대덕구 오정동 90-17,319.49,경량철골구조,업무시설,기타지붕,1990-03-31
대전광역시 대덕구 오정동 90-18,266.55,경량철골구조,제2종근린생활시설,기타지붕,1992-09-14
대전광역시 대덕구 오정동 90-2,194.56,경량철골구조,창고시설,기타지붕,2006-09-29
대전광역시 대덕구 오정동 90-20,97.28,일반철골구조,창고시설,기타지붕,2016-10-07
대전광역시 대덕구 오정동 90-21,203.4,벽돌구조,공동주택,(철근)콘크리트,1990-11-29
대전광역시 대덕구 오정동 90-22,203.4,벽돌구조,공동주택,(철근)콘크리트,1990-02-01
대전광역시 대덕구 오정동 90-23,203.4,벽돌구조,공동주택,(철근)콘크리트,1990-12-01
대전광역시 대덕구 오정동 90-24,203.4,벽돌구조,공동주택,(철근)콘크리트,1990-12-01
대전광역시 대덕구 오정동 90-26,110.5,일반철골구조,창고시설,기타지붕,2015-02-10
대전광역시 대덕구 오정동 90-30,1045.28,철근콘크리트구조,공동주택,(철근)콘크리트,1993-08-03
대전광역시 대덕구 오정동 90-31,61.56,철근콘크리트구조,제2종근린생활시설,(철근)콘크리트,1993-11-25
대전광역시 대덕구 오정동 90-4,398.52,일반철골구조,창고시설,기타지붕,2005-09-06
대전광역시 대덕구 오정동 90-5,197.9,벽돌구조,제2종근린생활시설,슬레이트,1983-12-13
대전광역시 대덕구 오정동 90-6,111.96,일반철골구조,단독주택,기타지붕,2002-10-31
대전광역시 대덕구 오정동 90-7,98.91,벽돌구조,단독주택,(철근)콘크리트,1980-11-18
대전광역시 대덕구 오정동 90-8,81.42,벽돌구조,단독주택,(철근)콘크리트,1993-11-17
대전광역시 대덕구 오정동 90-9,163.95,경량철골구조,제2종근린생활시설,기타지붕,2014-03-27
대전광역시 대덕구 오정동 91-1,71.64,벽돌구조,단독주택,(철근)콘크리트,1991-10-29
대전광역시 대덕구 오정동 91-10,75.47,벽돌구조,단독주택,(철근)콘크리트,1989-10-21
대전광역시 대덕구 오정동 91-11,54.28,벽돌구조,단독주택,(철근)콘크리트,1989-08-09
대전광역시 대덕구 오정동 91-13,693.64,철근콘크리트구조,공동주택,(철근)콘크리트,2003-11-11
대전광역시 대덕구 오정동 91-15,110.4,벽돌구조,단독주택,(철근)콘크리트,1988-08-22
대전광역시 대덕구 오정동 91-16,80.88,벽돌구조,단독주택,(철근)콘크리트,1984-08-21
대전광역시 대덕구 오정동 91-17,113.78,벽돌구조,단독주택,(철근)콘크리트,1991-12-10
대전광역시 대덕구 오정동 91-18,77.12,기타조적구조,단독주택,기와,1910
대전광역시 대덕구 오정동 91-19,27.54,블록구조,단독주택,기와,1970-08-30
대전광역시 대덕구 오정동 91-2,210.8,일반철골구조,창고시설,기타지붕,2004-12-18
대전광역시 대덕구 오정동 91-20,94.74,벽돌구조,단독주택,(철근)콘크리트,1991-08-01
대전광역시 대덕구 오정동 91-21,56.2,일반목구조,단독주택,기와,1918
대전광역시 대덕구 오정동 91-22,53.73,철근콘크리트구조,단독주택,(철근)콘크리트,1993-12-29
대전광역시 대덕구 오정동 91-24,21.58,경량철골구조,창고시설,기타지붕,2001-06-13
대전광역시 대덕구 오정동 91-27,355.89,철근콘크리트구조,제2종근린생활시설,기타지붕,2008-11-07
대전광역시 대덕구 오정동 91-28,73.39,벽돌구조,단독주택,(철근)콘크리트,1979-08-16
대전광역시 대덕구 오정동 91-3,79.1,벽돌구조,단독주택,(철근)콘크리트,1990-06-01
대전광역시 대덕구 오정동 91-31,74.58,경량철골구조,제2종근린생활시설,기타지붕,1999-12-06
대전광역시 대덕구 오정동 91-32,62.84,벽돌구조,단독주택,(철근)콘크리트,1977-12-29
대전광역시 대덕구 오정동 91-34,47.38,벽돌구조,단독주택,(철근)콘크리트,1991-09-03
대전광역시 대덕구 오정동 91-35,70.52,벽돌구조,단독주택,(철근)콘크리트,1982-05-20
대전광역시 대덕구 오정동 91-36,74.21,벽돌구조,단독주택,(철근)콘크리트,1989-07-08
대전광역시 대덕구 오정동 91-4,46.44,벽돌구조,단독주택,슬레이트,1976-07-13
대전광역시 대덕구 오정동 91-41,185.0,경량철골구조,창고시설,기타지붕,2001-03-20
대전광역시 대덕구 오정동 91-42,70.75,벽돌구조,단독주택,(철근)콘크리트,1981-09-24
대전광역시 대덕구 오정동 91-44,97.87,철근콘크리트구조,단독주택,(철근)콘크리트,1997-05-22
대전광역시 대덕구 오정동 91-45,50.94,벽돌구조,단독주택,(철근)콘크리트,1989-10-07
대전광역시 대덕구 오정동 91-46,103.74,철근콘크리트구조,노유자시설,(철근)콘크리트,1993-06-05
대전광역시 대덕구 오정동 91-48,45.62,블록구조,단독주택,기와,1970-08-30
대전광역시 대덕구 오정동 91-49,98.08,벽돌구조,단독주택,(철근)콘크리트,1991-08-01
대전광역시 대덕구 오정동 91-5,138.81,벽돌구조,단독주택,(철근)콘크리트,1991-11-29
대전광역시 대덕구 오정동 91-6,57.7,벽돌구조,단독주택,기와,1974-10-21
대전광역시 대덕구 오정동 91-7,111.08,벽돌구조,단독주택,(철근)콘크리트,1978-10-19
대전광역시 대덕구 오정동 91-8,75.467,블록구조,단독주택,(철근)콘크리트,1977-03-04
대전광역시 대덕구 오정동 91-9,102.29,벽돌구조,단독주택,(철근)콘크리트,1997-11-03
대전광역시 대덕구 오정동 92-1,72.0,일반철골구조,창고시설,기타지붕,2016-06-29
대전광역시 대덕구 오정동 92-10,87.48,벽돌구조,단독주택,(철근)콘크리트,1991-08-16
대전광역시 대덕구 오정동 92-11,122.94,벽돌구조,공동주택,(철근)콘크리트,1990-12-05
대전광역시 대덕구 오정동 92-12,137.55,벽돌구조,단독주택,(철근)콘크리트,1983-03-21
대전광역시 대덕구 오정동 92-13,83.05,벽돌구조,단독주택,(철근)콘크리트,1994-10-18
대전광역시 대덕구 오정동 92-18,81.39,벽돌구조,제2종근린생활시설,(철근)콘크리트,1981-01-24
대전광역시 대덕구 오정동 92-19,78.45,벽돌구조,단독주택,(철근)콘크리트,1980-05-15
대전광역시 대덕구 오정동 92-2,78.62,벽돌구조,단독주택,(철근)콘크리트,1985-01-19
대전광역시 대덕구 오정동 92-20,265.76,철근콘크리트구조,창고시설,(철근)콘크리트,2019-09-30
대전광역시 대덕구 오정동 92-22,69.58,벽돌구조,단독주택,(철근)콘크리트,1980-12-22
대전광역시 대덕구 오정동 92-24,203.04,벽돌구조,공동주택,(철근)콘크리트,1990-12-05
대전광역시 대덕구 오정동 92-25,205.2,벽돌구조,공동주택,(철근)콘크리트,1990-12-05
대전광역시 대덕구 오정동 92-26,205.2,벽돌구조,공동주택,(철근)콘크리트,1990-12-05
대전광역시 대덕구 오정동 92-27,205.2,벽돌구조,공동주택,(철근)콘크리트,1990-12-05
대전광역시 대덕구 오정동 92-28,194.16,벽돌구조,공동주택,(철근)콘크리트,1990-12-05
대전광역시 대덕구 오정동 92-29,251.94,철근콘크리트구조,공동주택,(철근)콘크리트,1993-05-04
대전광역시 대덕구 오정동 92-3,98.6,경량철골구조,창고시설,기타지붕,2006-02-13
대전광역시 대덕구 오정동 92-4,273.42,일반철골구조,제2종근린생활시설,기타지붕,2022-03-31
대전광역시 대덕구 오정동 92-6,410.3,일반철골구조,제2종근린생활시설,기타지붕,1982-10-07
대전광역시 대덕구 오정동 92-8,287.67,일반철골구조,창고시설,기타지붕,2009-07-14
대전광역시 대덕구 오정동 92-9,614.21,철근콘크리트구조,공동주택,(철근)콘크리트,2004-09-16
대전광역시 대덕구 오정동 93-1,3891.58,철근콘크리트구조,교육연구시설,(철근)콘크리트,
대전광역시 대덕구 오정동 93-10,288.4,벽돌구조,공동주택,(철근)콘크리트,1980-07-09
대전광역시 대덕구 오정동 93-11,115.67,벽돌구조,단독주택,(철근)콘크리트,1980-02-29
대전광역시 대덕구 오정동 93-13,166.44,일반철골구조,창고시설,(철근)콘크리트,2016-08-09
대전광역시 대덕구 오정동 93-14,88.38,철근콘크리트구조,단독주택,(철근)콘크리트,1983-06-03
대전광역시 대덕구 오정동 93-15,116.62,벽돌구조,단독주택,(철근)콘크리트,1981-06-05
대전광역시 대덕구 오정동 93-17,82.01,벽돌구조,단독주택,(철근)콘크리트,1979-07-24
대전광역시 대덕구 오정동 93-18,76.46,벽돌구조,단독주택,(철근)콘크리트,1980-04-14
대전광역시 대덕구 오정동 93-19,73.78,벽돌구조,단독주택,(철근)콘크리트,1979-11-16
대전광역시 대덕구 오정동 93-2,74.79,벽돌구조,단독주택,(철근)콘크리트,1983-03-19
대전광역시 대덕구 오정동 93-21,93.1,벽돌구조,단독주택,(철근)콘크리트,1979-06-04
대전광역시 대덕구 오정동 93-22,69.99,벽돌구조,단독주택,(철근)콘크리트,1978-08-28
대전광역시 대덕구 오정동 93-24,73.09,벽돌구조,단독주택,(철근)콘크리트,1979-12-05
대전광역시 대덕구 오정동 93-25,77.1,벽돌구조,단독주택,(철근)콘크리트,1989-11-07
대전광역시 대덕구 오정동 93-26,82.0,벽돌구조,단독주택,(철근)콘크리트,1980-09-16
대전광역시 대덕구 오정동 93-28,566.72,벽돌구조,공동주택,(철근)콘크리트,1980-04-09
대전광역시 대덕구 오정동 93-29,56.92,철근콘크리트구조,단독주택,(철근)콘크리트,2002-11-15
대전광역시 대덕구 오정동 93-3,79.95,벽돌구조,단독주택,(철근)콘크리트,1978-08-26
대전광역시 대덕구 오정동 93-30,62.08,벽돌구조,단독주택,(철근)콘크리트,1979-09-22
대전광역시 대덕구 오정동 93-31,99.81,벽돌구조,단독주택,(철근)콘크리트,1984-06-07
대전광역시 대덕구 오정동 93-32,116.72,벽돌구조,단독주택,(철근)콘크리트,1980-11-18
대전광역시 대덕구 오정동 93-33,107.24,벽돌구조,단독주택,(철근)콘크리트,1980-03-03
대전광역시 대덕구 오정동 93-5,138.56,벽돌구조,단독주택,기타지붕,1984-08-04
대전광역시 대덕구 오정동 93-6,122.5,일반철골구조,제2종근린생활시설,기타지붕,2002-03-08
대전광역시 대덕구 오정동 93-8,76.27,벽돌구조,단독주택,(철근)콘크리트,1977-10-17
대전광역시 대덕구 오정동 93-9,98.04,벽돌구조,단독주택,(철근)콘크리트,1989-06-27
대전광역시 대덕구 오정동 94-1,97.19,벽돌구조,단독주택,(철근)콘크리트,1980-05-22
대전광역시 대덕구 오정동 94-10,98.64,경량철골구조,제2종근린생활시설,기타지붕,2005-09-15
대전광역시 대덕구 오정동 94-13,115.29,벽돌구조,단독주택,(철근)콘크리트,1992-11-11
대전광역시 대덕구 오정동 94-14,50.755,벽돌구조,단독주택,(철근)콘크리트,1982-03-06
대전광역시 대덕구 오정동 94-15,122.49,일반철골구조,창고시설,기타지붕,2016-06-20
대전광역시 대덕구 오정동 94-16,138.77,벽돌구조,단독주택,(철근)콘크리트,1979-03-21
대전광역시 대덕구 오정동 94-17,101.26,철근콘크리트구조,단독주택,(철근)콘크리트,2008-06-25
대전광역시 대덕구 오정동 94-18,103.08,일반철골구조,창고시설,기타지붕,2018-08-20
대전광역시 대덕구 오정동 94-19,52.49,벽돌구조,단독주택,(철근)콘크리트,1982-08-19
대전광역시 대덕구 오정동 94-21,112.39999999999999,벽돌구조,단독주택,(철근)콘크리트,1982-06-08
대전광역시 대덕구 오정동 94-22,83.8,벽돌구조,단독주택,(철근)콘크리트,1991-06-26
대전광역시 대덕구 오정동 94-23,84.23,벽돌구조,단독주택,(철근)콘크리트,1993-05-07
대전광역시 대덕구 오정동 94-3,80.98,벽돌구조,단독주택,(철근)콘크리트,1977-07-19
대전광역시 대덕구 오정동 94-4,92.7,경량철골구조,제2종근린생활시설,기타지붕,1995-10-24
대전광역시 대덕구 오정동 94-5,90.93,벽돌구조,단독주택,(철근)콘크리트,1991-07-16
대전광역시 대덕구 오정동 94-7,73.3,벽돌구조,단독주택,(철근)콘크리트,1983-04-19
대전광역시 대덕구 오정동 94-9,136.99,철근콘크리트구조,제2종근린생활시설,(철근)콘크리트,1984-06-27
대전광역시 대덕구 오정동 95-1,74.46,벽돌구조,단독주택,(철근)콘크리트,1980-06-25
대전광역시 대덕구 오정동 95-10,73.74,벽돌구조,단독주택,(철근)콘크리트,1984-02-15
대전광역시 대덕구 오정동 95-13,71.53,벽돌구조,단독주택,(철근)콘크리트,1983-12-20
대전광역시 대덕구 오정동 95-19,60.98,벽돌구조,단독주택,(철근)콘크리트,1984-08-28
대전광역시 대덕구 오정동 95-2,152.8,일반철골구조,제2종근린생활시설,기타지붕,2017-11-30
대전광역시 대덕구 오정동 95-20,63.39,벽돌구조,단독주택,(철근)콘크리트,1984-08-28
대전광역시 대덕구 오정동 95-21,83.35,벽돌구조,단독주택,(철근)콘크리트,1983-11-03
대전광역시 대덕구 오정동 95-23,135.28,철근콘크리트구조,단독주택,(철근)콘크리트,1997-06-17
대전광역시 대덕구 오정동 95-24,117.14,벽돌구조,단독주택,(철근)콘크리트,1990-06-07
대전광역시 대덕구 오정동 95-25,120.465,벽돌구조,단독주택,(철근)콘크리트,1989-07-29
대전광역시 대덕구 오정동 95-27,260.05,철근콘크리트구조,단독주택,(철근)콘크리트,2021-06-10
대전광역시 대덕구 오정동 95-28,190.74,철근콘크리트구조,단독주택,(철근)콘크리트,1997-11-05
대전광역시 대덕구 오정동 95-3,224.64,경량철골구조,제2종근린생활시설,기타지붕,1994-06-03
대전광역시 대덕구 오정동 95-4,120.9,철근콘크리트구조,제2종근린생활시설,(철근)콘크리트,1984-07-20
대전광역시 대덕구 오정동 95-5,119.07,일반철골구조,창고시설,기타지붕,2021-06-02
대전광역시 대덕구 오정동 95-6,230.52,벽돌구조,단독주택,(철근)콘크리트,1984-12-11
대전광역시 대덕구 오정동 95-9,101.68,철근콘크리트구조,제2종근린생활시설,(철근)콘크리트,1989-10-12
대전광역시 대덕구 오정동 96-1,516.56,철근콘크리트구조,공동주택,(철근)콘크리트,1980-12-31
대전광역시 대덕구 오정동 96-10,135.6,일반철골구조,제2종근린생활시설,기타지붕,2006-04-20
대전광역시 대덕구 오정동 96-13,82.39,벽돌구조,단독주택,(철근)콘크리트,1982-07-19
대전광역시 대덕구 오정동 96-14,82.3,벽돌구조,단독주택,(철근)콘크리트,1982-04-07
대전광역시 대덕구 오정동 96-15,99.56,일반철골구조,제2종근린생활시설,(철근)콘크리트,2002-04-18
대전광역시 대덕구 오정동 96-16,130.44,철근콘크리트구조,제2종근린생활시설,(철근)콘크리트,1993-04-02
대전광역시 대덕구 오정동 96-18,81.65,벽돌구조,단독주택,(철근)콘크리트,1982-07-07
대전광역시 대덕구 오정동 96-19,116.47,벽돌구조,단독주택,(철근)콘크리트,1980-07-22
대전광역시 대덕구 오정동 96-2,168.0,경량철골구조,제2종근린생활시설,기타지붕,2013-09-06
대전광역시 대덕구 오정동 96-20,68.65,벽돌구조,단독주택,(철근)콘크리트,1979-09-22
대전광역시 대덕구 오정동 96-21,190.92,철근콘크리트구조,제2종근린생활시설,(철근)콘크리트,2002-10-01
대전광역시 대덕구 오정동 96-3,117.82,벽돌구조,단독주택,(철근)콘크리트,1983-01-19
대전광역시 대덕구 오정동 96-4,197.36,철근콘크리트구조,제2종근린생활시설,(철근)콘크리트,1980-12-31
대전광역시 대덕구 오정동 96-5,125.58,일반철골구조,제2종근린생활시설,기타지붕,2009-10-01
대전광역시 대덕구 오정동 96-9,272.8,경량철골구조,창고시설,기타지붕,2002-10-01
대전광역시 대덕구 오정동 97-1,219.54,철근콘크리트구조,제2종근린생활시설,(철근)콘크리트,1992-08-17
대전광역시 대덕구 오정동 97-11,144.09,철근콘크리트구조,제2종근린생활시설,(철근)콘크리트,1993-10-26
대전광역시 대덕구 오정동 97-12,165.6,일반철골구조,창고시설,기타지붕,2015-05-28
대전광역시 대덕구 오정동 97-13,82.47,벽돌구조,단독주택,(철근)콘크리트,1983-10-05
대전광역시 대덕구 오정동 97-14,78.5,벽돌구조,단독주택,(철근)콘크리트,1983-05-17
대전광역시 대덕구 오정동 97-15,68.4,일반철골구조,제2종근린생활시설,기타지붕,2002-07-19
대전광역시 대덕구 오정동 97-16,146.83,철근콘크리트구조,창고시설,(철근)콘크리트,1997-04-18
대전광역시 대덕구 오정동 97-18,74.25,벽돌구조,단독주택,(철근)콘크리트,1986-06-16
대전광역시 대덕구 오정동 97-2,74.25,벽돌구조,단독주택,(철근)콘크리트,1980-06-16
대전광역시 대덕구 오정동 97-3,100.98,벽돌구조,단독주택,(철근)콘크리트,1989-04-27
대전광역시 대덕구 오정동 97-4,74.21,벽돌구조,단독주택,(철근)콘크리트,1982-10-21
대전광역시 대덕구 오정동 97-5,97.58,벽돌구조,단독주택,(철근)콘크리트,1979-09-22
대전광역시 대덕구 오정동 97-6,70.8,일반철골구조,창고시설,기타지붕,2015-02-05
대전광역시 대덕구 오정동 97-8,110.67,벽돌구조,단독주택,(철근)콘크리트,1984-10-25
대전광역시 대덕구 오정동 97-9,274.25,철근콘크리트구조,숙박시설,(철근)콘크리트,1983-08-25
대전광역시 대덕구 오정동 98-10,99.11,벽돌구조,단독주택,(철근)콘크리트,1984-06-13
대전광역시 대덕구 오정동 98-13,109.64,벽돌구조,단독주택,(철근)콘크리트,1988-12-01
대전광역시 대덕구 오정동 98-15,76.63,벽돌구조,단독주택,(철근)콘크리트,1980-07-01
대전광역시 대덕구 오정동 98-16,116.25,경량철골구조,창고시설,기타지붕,2013-07-10
대전광역시 대덕구 오정동 98-18,88.11,벽돌구조,단독주택,(철근)콘크리트,1991-09-07
대전광역시 대덕구 오정동 98-19,71.29,벽돌구조,단독주택,(철근)콘크리트,1991-06-03
대전광역시 대덕구 오정동 98-2,118.76,벽돌구조,단독주택,(철근)콘크리트,1985-07-31
대전광역시 대덕구 오정동 98-20,119.61,철근콘크리트구조,단독주택,(철근)콘크리트,2001-11-26
대전광역시 대덕구 오정동 98-21,197.4,경량철골구조,제2종근린생활시설,기타지붕,2006-05-24
대전광역시 대덕구 오정동 98-22,146.67,일반철골구조,창고시설,기타지붕,2015-06-12
대전광역시 대덕구 오정동 98-3,292.735,벽돌구조,단독주택,(철근)콘크리트,1992-12-08
대전광역시 대덕구 오정동 98-4,364.96,철근콘크리트구조,공동주택,(철근)콘크리트,2001-10-18
대전광역시 대덕구 오정동 98-5,120.45,일반철골구조,제2종근린생활시설,기타지붕,2019-02-14
대전광역시 대덕구 오정동 98-6,95.43,벽돌구조,단독주택,(철근)콘크리트,1991-07-16
대전광역시 대덕구 오정동 98-7,138.07,일반철골구조,제2종근린생활시설,(철근)콘크리트,2000-11-02
대전광역시 대덕구 오정동 98-8,109.04,벽돌구조,단독주택,(철근)콘크리트,1986-11-18
대전광역시 대덕구 오정동 98-9,164.935,철근콘크리트구조,제2종근린생활시설,(철근)콘크리트,1984-12-17
대전광역시 대덕구 오정동 99-11,74.12,벽돌구조,단독주택,(철근)콘크리트,1982-07-22
대전광역시 대덕구 오정동 99-13,74.12,벽돌구조,단독주택,(철근)콘크리트,1982-07-22
대전광역시 대덕구 오정동 99-14,96.71,벽돌구조,단독주택,(철근)콘크리트,1982-07-22
대전광역시 대덕구 오정동 99-16,74.12,벽돌구조,단독주택,(철근)콘크리트,1982-07-22
대전광역시 대덕구 오정동 99-17,74.12,벽돌구조,단독주택,(철근)콘크리트,1982-07-22
대전광역시 대덕구 오정동 99-18,99.4,벽돌구조,단독주택,(철근)콘크리트,1982-07-19
대전광역시 대덕구 오정동 99-28,76.75,벽돌구조,단독주택,(철근)콘크리트,1984-02-07
대전광역시 대덕구 오정동 99-29,76.75,벽돌구조,단독주택,(철근)콘크리트,1984-02-07
대전광역시 대덕구 오정동 99-30,84.68,벽돌구조,단독주택,(철근)콘크리트,1983-12-09
대전광역시 대덕구 오정동 99-32,79.44,벽돌구조,단독주택,(철근)콘크리트,1983-12-16
대전광역시 대덕구 오정동 99-5,75.31,벽돌구조,단독주택,(철근)콘크리트,1982-07-22
대전광역시 대덕구 오정동 99-6,74.16,벽돌구조,단독주택,(철근)콘크리트,1982-07-22
대전광역시 대덕구 오정동 99-7,75.31,벽돌구조,단독주택,(철근)콘크리트,1982-07-22
대전광역시 대덕구 오정동 99-8,74.16,벽돌구조,단독주택,(철근)콘크리트,1982-07-22
대전광역시 대덕구 오정동 99-9,75.31,벽돌구조,단독주택,(철근)콘크리트,1982-07-22
대전광역시 대덕구 와동 10-1,226.94,블록구조,동.식물관련시설,(철근)콘크리트,1983-04-19
대전광역시 대덕구 와동 100-1,94.152,벽돌구조,제2종근린생활시설,(철근)콘크리트,1998-02-10
대전광역시 대덕구 와동 101-1,97.5,경량철골구조,제2종근린생활시설,기타지붕,1989-03-18
대전광역시 대덕구 와동 103-1,31.66,벽돌구조,단독주택,슬레이트,1965-04-30
대전광역시 대덕구 와동 103-3,689.68,철근콘크리트구조,자동차관련시설,(철근)콘크리트,2014-10-10
대전광역시 대덕구 와동 103-5,107.27,블록구조,제2종근린생활시설,기와,1980-09-17
대전광역시 대덕구 와동 105,3779.39,철근콘크리트구조,창고시설,슬레이트,2001-07-09
대전광역시 대덕구 와동 11,196.82,경량철골구조,노유자시설,기타지붕,2001-07-28
대전광역시 대덕구 와동 111,8772.62,철근콘크리트구조,교육연구시설,(철근)콘크리트,1994-08-19
대전광역시 대덕구 와동 111-26,83.6,벽돌구조,단독주택,(철근)콘크리트,1981-12-08
대전광역시 대덕구 와동 111-9,151.01,일반철골구조,제2종근린생활시설,(철근)콘크리트,2002-12-16
대전광역시 대덕구 와동 112-1,118.26,벽돌구조,단독주택,(철근)콘크리트,1983-08-25
대전광역시 대덕구 와동 112-2,343.99,경량철골구조,제2종근린생활시설,기타지붕,2013-05-16
대전광역시 대덕구 와동 115-1,5501.03,벽돌구조,창고시설,(철근)콘크리트,1976-08-05
대전광역시 대덕구 와동 118,167.41,경량철골구조,공장,기타지붕,1991-05-14
대전광역시 대덕구 와동 118-1,1005.74,경량철골구조,창고시설,기타지붕,1990-04-23
대전광역시 대덕구 와동 118-17,115.6,철근콘크리트구조,제2종근린생활시설,(철근)콘크리트,2011-05-11
대전광역시 대덕구 와동 118-18,257.4,일반철골구조,제2종근린생활시설,기타지붕,2016-12-02
대전광역시 대덕구 와동 118-19,104.52,벽돌구조,단독주택,(철근)콘크리트,1992-08-11
대전광역시 대덕구 와동 118-20,107.74,철근콘크리트구조,제2종근린생활시설,(철근)콘크리트,2008-01-07
대전광역시 대덕구 와동 118-23,363.8,일반철골구조,제2종근린생활시설,기타지붕,2013-02-01
대전광역시 대덕구 와동 118-25,25.4,경량철골구조,위험물저장및처리시설,기타지붕,2024-06-20
대전광역시 대덕구 와동 118-26,145.36,일반철골구조,제2종근린생활시설,기타지붕,2011-06-01
대전광역시 대덕구 와동 118-5,1423.8,일반철골구조,제2종근린생활시설,기타지붕,2019-07-29
대전광역시 대덕구 와동 118-7,504.9,일반철골구조,제2종근린생활시설,기타지붕,2003-07-03
대전광역시 대덕구 와동 118-8,166.36,일반철골구조,제2종근린생활시설,(철근)콘크리트,2013-09-26
대전광역시 대덕구 와동 120-2,660.61,일반철골구조,제2종근린생활시설,(철근)콘크리트,2008-07-24
대전광역시 대덕구 와동 122-2,69.17,벽돌구조,단독주택,(철근)콘크리트,1994-06-14
대전광역시 대덕구 와동 133,214.9,벽돌구조,제2종근린생활시설,(철근)콘크리트,1990-08-11
대전광역시 대덕구 와동 14-6,159.02,벽돌구조,단독주택,기타지붕,1995-10-06
대전광역시 대덕구 와동 146,162.94,일반목구조,단독주택,슬레이트,1944
대전광역시 대덕구 와동 146-19,194.63,철근콘크리트구조,단독주택,(철근)콘크리트,2017-06-26
대전광역시 대덕구 와동 146-20,180.42,일반철골구조,제2종근린생활시설,기타지붕,2016-11-11
대전광역시 대덕구 와동 146-7,404.27,철근콘크리트구조,제2종근린생활시설,기타지붕,2009-01-30
대전광역시 대덕구 와동 146-8,374.435,일반철골구조,제2종근린생활시설,기타지붕,2014-05-02
대전광역시 대덕구 와동 148-10,102.36,일반철골구조,제2종근린생활시설,기타지붕,2007-10-01
대전광역시 대덕구 와동 148-4,71.64,블록구조,단독주택,기와,1983-01-11
대전광역시 대덕구 와동 148-5,71.24,벽돌구조,단독주택,(철근)콘크리트,1985-04-18
대전광역시 대덕구 와동 148-8,78.1,블록구조,단독주택,기와,1983-02-01
대전광역시 대덕구 와동 15-1,103.21,벽돌구조,단독주택,기와,1981-08-12
대전광역시 대덕구 와동 151-1,75.17,일반목구조,단독주택,기와,1947
대전광역시 대덕구 와동 153-3,40.07,일반목구조,단독주택,기와,1946
대전광역시 대덕구 와동 154-1,330.0,일반철골구조,제2종근린생활시설,기타지붕,2023-06-01
대전광역시 대덕구 와동 154-5,246.16,철근콘크리트구조,제2종근린생활시설,(철근)콘크리트,2013-05-28
대전광역시 대덕구 와동 154-6,158.51,경량철골구조,자동차관련시설,기타지붕,2017-11-15
대전광역시 대덕구 와동 154-7,95.8,벽돌구조,단독주택,(철근)콘크리트,1978-08-21
대전광역시 대덕구 와동 157-1,187.19,벽돌구조,단독주택,슬레이트,1965
대전광역시 대덕구 와동 157-15,211.86,경량철골구조,제2종근린생활시설,기타지붕,2022-06-24
대전광역시 대덕구 와동 157-17,32.0,경량철골구조,창고시설,기타지붕,2000-03-22
대전광역시 대덕구 와동 157-8,67.74,경량철골구조,단독주택,기타지붕,1999-06-15
대전광역시 대덕구 와동 16-2,85.11,기타조적구조,단독주택,슬레이트,1975-12-31
대전광역시 대덕구 와동 160-1,99.66,블록구조,단독주택,슬레이트,2000-05-23
대전광역시 대덕구 와동 160-2,87.09,벽돌구조,단독주택,기와,2000-05-25
대전광역시 대덕구 와동 160-4,78.5,벽돌구조,단독주택,기와,1967
대전광역시 대덕구 와동 161,0.0,벽돌구조,단독주택,(철근)콘크리트,1981-03-11
대전광역시 대덕구 와동 161-1,97.72,벽돌구조,단독주택,슬레이트,1979-04-12
대전광역시 대덕구 와동 161-2,0.0,벽돌구조,단독주택,(철근)콘크리트,1981-03-11
대전광역시 대덕구 와동 162,108.0,블록구조,동.식물관련시설,슬레이트,1978-05-27
대전광역시 대덕구 와동 162-1,469.73,일반철골구조,제2종근린생활시설,기타지붕,2003-02-06
대전광역시 대덕구 와동 166,471.6,일반철골구조,제2종근린생활시설,기타지붕,2004-07-09
대전광역시 대덕구 와동 167,369.56,일반철골구조,제2종근린생활시설,기타지붕,2010-02-12
대전광역시 대덕구 와동 167-1,65.92,철근콘크리트구조,단독주택,(철근)콘크리트,1993-10-25
대전광역시 대덕구 와동 167-2,76.8,벽돌구조,단독주택,(철근)콘크리트,1979-09-19
대전광역시 대덕구 와동 168,66.89,블록구조,단독주택,기와,1979-01-24
대전광역시 대덕구 와동 168-2,92.49,벽돌구조,단독주택,(철근)콘크리트,1999-07-29
대전광역시 대덕구 와동 168-5,110.42,벽돌구조,단독주택,(철근)콘크리트,1983-02-11
대전광역시 대덕구 와동 168-6,67.77,벽돌구조,단독주택,기와,1980-04-25
대전광역시 대덕구 와동 171-3,98.8,블록구조,단독주택,슬레이트,2000-05-23
대전광역시 대덕구 와동 171-4,99.91,블록구조,단독주택,슬레이트,1982-11-16
대전광역시 대덕구 와동 171-7,118.36,벽돌구조,단독주택,(철근)콘크리트,1979-11-22
대전광역시 대덕구 와동 172-3,76.85,블록구조,단독주택,기와,1966
대전광역시 대덕구 와동 172-4,397.1,일반철골구조,제2종근린생활시설,기타지붕,2006-05-04
대전광역시 대덕구 와동 173-1,339.71,경량철골구조,위험물저장및처리시설,(철근)콘크리트,1995-12-20
대전광역시 대덕구 와동 173-5,275.1,경량철골구조,자동차관련시설,기타지붕,1996-04-19
대전광역시 대덕구 와동 175-2,196.94,경량철골구조,제2종근린생활시설,기타지붕,2004-02-09
대전광역시 대덕구 와동 175-5,84.53,일반목구조,제2종근린생활시설,슬레이트,1947
대전광역시 대덕구 와동 2-1,241.0,일반철골구조,제2종근린생활시설,기타지붕,1996-05-30
대전광역시 대덕구 와동 2-5,25.7,경량철골구조,제2종근린생활시설,기타지붕,1989-08-24
대전광역시 대덕구 와동 2-7,441.28,경량철골구조,창고시설,기타지붕,2008-09-04
대전광역시 대덕구 와동 21,253.31,벽돌구조,단독주택,기와,1979-03-06
대전광역시 대덕구 와동 217-1,340.81,철근콘크리트구조,위험물저장및처리시설,(철근)콘크리트,1997-05-16
대전광역시 대덕구 와동 217-7,1344.0,철근콘크리트구조,창고시설,(철근)콘크리트,2017-01-26
대전광역시 대덕구 와동 229-13,163.74,경량철골구조,제2종근린생활시설,기타지붕,1999-12-24
대전광역시 대덕구 와동 240-1,111.68,경량철골구조,제2종근린생활시설,기타지붕,2014-12-03
대전광역시 대덕구 와동 244,392.2,일반철골구조,자동차관련시설,기타지붕,2013-06-13
대전광역시 대덕구 와동 244-1,1005.96,일반철골구조,자동차관련시설,기타지붕,2003-07-09
대전광역시 대덕구 와동 244-2,124.8,일반철골구조,제2종근린생활시설,기타지붕,2003-07-09
대전광역시 대덕구 와동 245-10,99.2,철근콘크리트구조,제2종근린생활시설,기타지붕,1993-04-15
대전광역시 대덕구 와동 245-3,341.29,철근콘크리트구조,제2종근린생활시설,(철근)콘크리트,1997-10-18
대전광역시 대덕구 와동 245-9,187.0,일반철골구조,제2종근린생활시설,기타지붕,2009-01-30
대전광역시 대덕구 와동 246,1642.74,일반철골구조,위험물저장및처리시설,기타지붕,2005-03-30
대전광역시 대덕구 와동 250,2040.6499999999999,철근콘크리트구조,공장,(철근)콘크리트,2009-06-25
대전광역시 대덕구 와동 252-1,201.25,일반철골구조,자동차관련시설,(철근)콘크리트,2010-04-27
대전광역시 대덕구 와동 260-1,28.87,경량철골구조,제2종근린생활시설,기타지붕,2020-04-20
대전광역시 대덕구 와동 262-6,31.28,경량철골구조,제2종근린생활시설,기타지붕,2013-04-24
대전광역시 대덕구 와동 280-1,82.19,경량철골구조,위험물저장및처리시설,기타지붕,2018-12-14
대전광역시 대덕구 와동 287-1,216.66,일반철골구조,제2종근린생활시설,기타지붕,2022-07-29
대전광역시 대덕구 와동 288-1,988.9100000000001,일반철골구조,제2종근린생활시설,기타지붕,19983
대전광역시 대덕구 와동 288-8,944.39,철근콘크리트구조,자동차관련시설,(철근)콘크리트,2016-08-11
대전광역시 대덕구 와동 291-1,307.53,일반철골구조,제2종근린생활시설,기타지붕,2004-10-08
대전광역시 대덕구 와동 295-1,1093.1999999999998,철근콘크리트구조,자동차관련시설,(철근)콘크리트,1997-09-29
대전광역시 대덕구 와동 297,207.37,벽돌구조,제2종근린생활시설,(철근)콘크리트,1977-06-27
대전광역시 대덕구 와동 299-2,1170.14,일반철골구조,창고시설,슬레이트,1998-10-28
대전광역시 대덕구 와동 303-2,100.76,철근콘크리트구조,제2종근린생활시설,(철근)콘크리트,2012-08-20
대전광역시 대덕구 와동 304-1,617.62,일반철골구조,자동차관련시설,(철근)콘크리트,1997-04-29
대전광역시 대덕구 와동 315,0.0,기타조적구조,단독주택,기와,1962
대전광역시 대덕구 와동 33-1,1049.46,철근콘크리트구조,공동주택,(철근)콘크리트,1990-07-18
대전광역시 대덕구 와동 341-1,604.8,일반철골구조,창고시설,기타지붕,2001-03-06
대전광역시 대덕구 와동 346,219.73499999999999,일반목구조,단독주택,기와,1925-02-28
대전광역시 대덕구 와동 346-11,86.4,경량철골구조,제2종근린생활시설,기타지붕,1998-12-23
대전광역시 대덕구 와동 346-14,71.0,벽돌구조,단독주택,기와,1959
대전광역시 대덕구 와동 346-16,106.71,일반목구조,단독주택,기타지붕,1953
대전광역시 대덕구 와동 346-18,86.1,블록구조,단독주택,슬레이트,1985-05-15
대전광역시 대덕구 와동 346-35,998.26,경량철골구조,창고시설,기타지붕,2018-07-02
대전광역시 대덕구 와동 346-5,96.12,벽돌구조,단독주택,기와,1985-04-18
대전광역시 대덕구 와동 346-7,94.00999999999999,일반목구조,단독주택,기와,1969
대전광역시 대덕구 와동 346-8,160.31,철근콘크리트구조,단독주택,(철근)콘크리트,2012-10-02
대전광역시 대덕구 와동 346-9,41.0,일반목구조,단독주택,기와,1950
대전광역시 대덕구 와동 347,96.24,블록구조,단독주택,슬레이트,1983-02-12
대전광역시 대덕구 와동 348-1,166.95,블록구조,단독주택,슬레이트,1983-02-12
대전광역시 대덕구 와동 348-5,0.0,블록구조,단독주택,기와,1955
대전광역시 대덕구 와동 350-1,176.21,경량철골구조,제2종근린생활시설,기타지붕,2018-07-09
대전광역시 대덕구 와동 350-4,106.95,벽돌구조,단독주택,(철근)콘크리트,1973-06-07
대전광역시 대덕구 와동 351,165.09,벽돌구조,제2종근린생활시설,(철근)콘크리트,1973
대전광역시 대덕구 와동 352-1,171.56,경량철골구조,창고시설,기타지붕,2002-10-01
대전광역시 대덕구 와동 352-2,80.75,벽돌구조,단독주택,기와,1975-06-23
대전광역시 대덕구 와동 352-3,81.63,벽돌구조,단독주택,(철근)콘크리트,1988-10-10
대전광역시 대덕구 와동 353,62.14,기타조적구조,단독주택,기와,1965
대전광역시 대덕구 와동 353-1,340.66,일반철골구조,제2종근린생활시설,기타지붕,2011-08-16
대전광역시 대덕구 와동 353-10,87.15,경량철골구조,단독주택,기타지붕,2020-10-30
대전광역시 대덕구 와동 353-11,83.2,벽돌구조,단독주택,기와,1979-06-20
대전광역시 대덕구 와동 353-13,78.68,블록구조,제2종근린생활시설,기와,1958
대전광역시 대덕구 와동 353-14,93.99,철근콘크리트구조,단독주택,(철근)콘크리트,2000-06-23
대전광역시 대덕구 와동 353-2,117.02,벽돌구조,단독주택,(철근)콘크리트,1986-09-24
대전광역시 대덕구 와동 353-3,22.15,블록구조,단독주택,기와,1966
대전광역시 대덕구 와동 353-6,53.94,경량철골구조,제2종근린생활시설,기타지붕,2011-05-18
대전광역시 대덕구 와동 353-8,81.35,일반목구조,단독주택,기타지붕,1926
대전광역시 대덕구 와동 354-2,186.20999999999998,벽돌구조,단독주택,기타지붕,1865-04-30
대전광역시 대덕구 와동 355-1,129.19,벽돌구조,단독주택,(철근)콘크리트,1988-08-20
대전광역시 대덕구 와동 358-1,81.06,블록구조,제2종근린생활시설,기타지붕,1985-05-15
대전광역시 대덕구 와동 358-4,0.0,일반목구조,단독주택,슬레이트,1926
대전광역시 대덕구 와동 358-5,166.15,철근콘크리트구조,제2종근린생활시설,(철근)콘크리트,2002-05-30
대전광역시 대덕구 와동 359-1,486.39,철근콘크리트구조,단독주택,(철근)콘크리트,2008-10-14
대전광역시 대덕구 와동 360-1,156.93,일반철골구조,단독주택,기와,1966-02-28
대전광역시 대덕구 와동 360-2,150.64,철근콘크리트구조,단독주택,(철근)콘크리트,2008-03-18
대전광역시 대덕구 와동 360-3,185.3,철근콘크리트구조,단독주택,(철근)콘크리트,2008-03-18
대전광역시 대덕구 와동 360-7,30.95,벽돌구조,단독주택,슬레이트,1954
대전광역시 대덕구 와동 360-8,0.0,기타조적구조,단독주택,기타지붕,1955
대전광역시 대덕구 와동 360-9,0.0,일반목구조,단독주택,기와,1938
대전광역시 대덕구 와동 361-13,99.91,철근콘크리트구조,제2종근린생활시설,(철근)콘크리트,2000-09-30
대전광역시 대덕구 와동 361-4,138.57,벽돌구조,단독주택,(철근)콘크리트,1990-09-01
대전광역시 대덕구 와동 361-6,63.1,벽돌구조,단독주택,기와,1961
대전광역시 대덕구 와동 361-7,97.38,철근콘크리트구조,단독주택,(철근)콘크리트,1984-12-18
대전광역시 대덕구 와동 361-8,96.42,벽돌구조,단독주택,(철근)콘크리트,1989-08-01
대전광역시 대덕구 와동 361-9,123.12,벽돌구조,단독주택,(철근)콘크리트,1995-07-06
대전광역시 대덕구 와동 363,38.05,벽돌구조,단독주택,기와,1952
대전광역시 대덕구 와동 364-21,169.6,철근콘크리트구조,제2종근린생활시설,(철근)콘크리트,1993-12-24
대전광역시 대덕구 와동 364-4,274.52,철근콘크리트구조,제2종근린생활시설,(철근)콘크리트,2003-11-13
대전광역시 대덕구 와동 364-8,0.0,일반목구조,제2종근린생활시설,기와,1957
대전광역시 대덕구 와동 364-9,0.0,일반목구조,단독주택,기와,1936
대전광역시 대덕구 와동 365,28.1,벽돌구조,제2종근린생활시설,기와,1950
대전광역시 대덕구 와동 367-10,302.5,철근콘크리트구조,제2종근린생활시설,(철근)콘크리트,2000-08-08
대전광역시 대덕구 와동 367-11,68.9,벽돌구조,단독주택,기타지붕,1990-01-25
대전광역시 대덕구 와동 367-4,90.17,벽돌구조,단독주택,(철근)콘크리트,1987-12-07
대전광역시 대덕구 와동 368,229.4,철근콘크리트구조,제2종근린생활시설,(철근)콘크리트,2003-03-12
대전광역시 대덕구 와동 368-4,429.41999999999996,철근콘크리트구조,제2종근린생활시설,(철근)콘크리트,2010-09-03
대전광역시 대덕구 와동 368-7,86.76,철근콘크리트구조,제2종근린생활시설,(철근)콘크리트,2013-07-11
대전광역시 대덕구 와동 369-1,147.98,철근콘크리트구조,제2종근린생활시설,(철근)콘크리트,1994-07-22
대전광역시 대덕구 와동 369-16,426.2,철근콘크리트구조,제2종근린생활시설,(철근)콘크리트,1995-08-28
대전광역시 대덕구 와동 369-2,179.54,철근콘크리트구조,제2종근린생활시설,(철근)콘크리트,1994-09-23
대전광역시 대덕구 와동 369-3,230.04,철근콘크리트구조,단독주택,(철근)콘크리트,2003-12-29
대전광역시 대덕구 와동 370-2,94.14,벽돌구조,단독주택,(철근)콘크리트,1995-09-06
대전광역시 대덕구 와동 370-4,136.04,철근콘크리트구조,단독주택,(철근)콘크리트,1996-08-29
대전광역시 대덕구 와동 371,905.5,철근콘크리트구조,공동주택,(철근)콘크리트,2006-09-15
대전광역시 대덕구 와동 372,39.67,벽돌구조,노유자시설,기와,1958
대전광역시 대덕구 와동 372-1,123.63,일반목구조,단독주택,기타지붕,1955
대전광역시 대덕구 와동 375,446.37,철근콘크리트구조,위험물저장및처리시설,(철근)콘크리트,1996-11-13
대전광역시 대덕구 와동 376-1,185.285,벽돌구조,단독주택,기타지붕,1980-09-08
대전광역시 대덕구 와동 377-1,66.63,블록구조,단독주택,슬레이트,1975-01-08
대전광역시 대덕구 와동 377-2,125.34,블록구조,단독주택,슬레이트,2000-06-30
대전광역시 대덕구 와동 377-3,42.19,벽돌구조,단독주택,기와,1955
대전광역시 대덕구 와동 387-7,99.82,블록구조,단독주택,기와,1962
대전광역시 대덕구 와동 387-9,129.37,벽돌구조,단독주택,(철근)콘크리트,1979-07-31
대전광역시 대덕구 와동 388-14,40.07,벽돌구조,단독주택,슬레이트,1946
대전광역시 대덕구 와동 389-20,139.38,경량철골구조,제2종근린생활시설,기타지붕,2022-01-18
대전광역시 대덕구 와동 39-10,44.26,벽돌구조,단독주택,기와,1961
대전광역시 대덕구 와동 39-6,0.0,기타조적구조,단독주택,슬레이트,1958
대전광역시 대덕구 와동 418,45.55,일반목구조,단독주택,기타지붕,1947
대전광역시 대덕구 와동 42-1,69.39,벽돌구조,단독주택,(철근)콘크리트,1984-11-29
대전광역시 대덕구 와동 505,11700.3326,철근콘크리트구조,공동주택,(철근)콘크리트,2024-04-09
대전광역시 대덕구 와동 55,2851.7,경량철골구조,교육연구시설,기타지붕,2016-04-01
대전광역시 대덕구 와동 59-13,203.4,벽돌구조,공동주택,(철근)콘크리트,1990-07-23
대전광역시 대덕구 와동 59-17,244.8,경량철골구조,단독주택,기타지붕,2004-12-13
대전광역시 대덕구 와동 59-2,203.4,벽돌구조,공동주택,(철근)콘크리트,1988-09-29
대전광역시 대덕구 와동 59-3,203.4,벽돌구조,공동주택,(철근)콘크리트,1988-09-29
대전광역시 대덕구 와동 59-4,203.4,벽돌구조,공동주택,(철근)콘크리트,1988-09-29
대전광역시 대덕구 와동 59-5,209.16,벽돌구조,공동주택,(철근)콘크리트,1989-06-26
대전광역시 대덕구 와동 59-6,203.4,벽돌구조,공동주택,(철근)콘크리트,1989-06-26
대전광역시 대덕구 와동 59-8,218.28,벽돌구조,공동주택,(철근)콘크리트,1989-06-26
대전광역시 대덕구 와동 59-9,203.4,벽돌구조,공동주택,(철근)콘크리트,1990-07-23
대전광역시 대덕구 와동 68,99.06,블록구조,단독주택,기와,1979-12-06
대전광역시 대덕구 와동 69-1,720.0,철근콘크리트구조,제2종근린생활시설,슬레이트,1981-06-22
대전광역시 대덕구 와동 69-8,489.48,강파이프구조,창고시설,기타지붕,2010-04-06
대전광역시 대덕구 와동 69-9,513.88,블록구조,공장,슬레이트,1973-06-07
대전광역시 대덕구 와동 70-2,165.51999999999998,철근콘크리트구조,제2종근린생활시설,(철근)콘크리트,2010-09-17
대전광역시 대덕구 와동 72,79.0,경량철골구조,단독주택,기타지붕,2020-03-24
대전광역시 대덕구 와동 76,127.2,경량철골구조,창고시설,기타지붕,1994-09-30
대전광역시 대덕구 와동 76-2,121.16,블록구조,단독주택,기타지붕,2011-12-23
대전광역시 대덕구 와동 77-1,89.7,철근콘크리트구조,제2종근린생활시설,기와,2007-08-02
대전광역시 대덕구 와동 77-12,82.84,블록구조,단독주택,기와,1976-12-22
대전광역시 대덕구 와동 77-4,83.37,블록구조,단독주택,기와,1976-12-22
대전광역시 대덕구 와동 77-6,90.93,블록구조,단독주택,기와,1976-02-04
대전광역시 대덕구 와동 78-1,82.32,철근콘크리트구조,단독주택,(철근)콘크리트,2009-07-09
대전광역시 대덕구 와동 79,85.14,철근콘크리트구조,제2종근린생활시설,(철근)콘크리트,2010-10-05
대전광역시 대덕구 와동 79-2,104.55,철근콘크리트구조,단독주택,(철근)콘크리트,2014-09-11
대전광역시 대덕구 와동 79-6,116.87,일반철골구조,제2종근린생활시설,기타지붕,2015-07-13
대전광역시 대덕구 와동 81,70.47,일반목구조,단독주택,기타지붕,1876-02-29
대전광역시 대덕구 와동 81-1,90.65,벽돌구조,단독주택,(철근)콘크리트,1984-05-10
대전광역시 대덕구 와동 81-4,59.0,벽돌구조,단독주택,슬레이트,1978-11-09
대전광역시 대덕구 와동 85,654.03,벽돌구조,공동주택,기타지붕,1999-02-01
대전광역시 대덕구 와동 87,266.01,철근콘크리트구조,단독주택,(철근)콘크리트,2024-02-27
대전광역시 대덕구 와동 91-2,109.68,벽돌구조,단독주택,기와,1979-07-19
대전광역시 대덕구 와동 91-3,137.52,블록구조,동.식물관련시설,슬레이트,1976-04-07
대전광역시 대덕구 와동 91-4,54.31,일반목구조,단독주택,슬레이트,1936-02-29
대전광역시 대덕구 와동 91-5,94.11,철근콘크리트구조,단독주택,(철근)콘크리트,2020-03-25
대전광역시 대덕구 와동 91-6,83.4,경량철골구조,단독주택,기타지붕,2000-05-26
대전광역시 대덕구 와동 92-2,110.43,일반철골구조,단독주택,기타지붕,2004-05-13
대전광역시 대덕구 와동 94,121.68,벽돌구조,단독주택,슬레이트,1979-09-26
대전광역시 대덕구 용호동 119,321.79999999999995,일반목구조,단독주택,슬레이트,1948
대전광역시 대덕구 용호동 159,139.41,일반목구조,단독주택,슬레이트,1920
대전광역시 대덕구 용호동 165,54.25,일반철골구조,단독주택,기타지붕,2022-12-20
대전광역시 대덕구 용호동 179,259.06,일반철골구조,단독주택,기타지붕,2016-04-11
대전광역시 대덕구 용호동 179-2,112.9,일반목구조,단독주택,슬레이트,1932
대전광역시 대덕구 용호동 181,0.0,일반목구조,단독주택,기타지붕,1942
대전광역시 대덕구 용호동 182,74.36,벽돌구조,단독주택,(철근)콘크리트,
대전광역시 대덕구 용호동 183,78.1,블록구조,단독주택,슬레이트,1987-10-24
대전광역시 대덕구 용호동 184,109.1,일반목구조,단독주택,기타지붕,1978-10-10
대전광역시 대덕구 용호동 185,252.4,일반목구조,단독주택,슬레이트,1918
대전광역시 대덕구 용호동 185-1,153.6,블록구조,단독주택,슬레이트,1943
대전광역시 대덕구 용호동 185-2,139.5,일반목구조,단독주택,기와,1930
대전광역시 대덕구 용호동 185-3,151.1,일반목구조,단독주택,슬레이트,1932
대전광역시 대덕구 용호동 185-4,106.3,일반목구조,단독주택,슬레이트,1925
대전광역시 대덕구 용호동 187,92.16,벽돌구조,단독주택,(철근)콘크리트,1997-08-20
대전광역시 대덕구 용호동 191-1,138.36,경량철골구조,단독주택,기타지붕,2012-12-26
대전광역시 대덕구 용호동 191-2,137.0,일반목구조,단독주택,기타지붕,1954
대전광역시 대덕구 용호동 192-1,157.36,벽돌구조,단독주택,기와,2012-07-11
대전광역시 대덕구 용호동 192-3,83.9,블록구조,단독주택,슬레이트,1954
대전광역시 대덕구 용호동 193-2,133.13,철근콘크리트구조,단독주택,(철근)콘크리트,2006-06-28
대전광역시 대덕구 용호동 209,51.8,일반목구조,단독주택,슬레이트,1932
대전광역시 대덕구 용호동 209-1,99.76,벽돌구조,단독주택,기와,1950
대전광역시 대덕구 용호동 212-1,98.38,경량철골구조,단독주택,기타지붕,2020-03-09
대전광역시 대덕구 용호동 212-2,102.94,경량철골구조,단독주택,기타지붕,2010-10-25
대전광역시 대덕구 용호동 212-3,0.0,일반목구조,단독주택,슬레이트,1920
대전광역시 대덕구 용호동 212-5,134.1,일반목구조,단독주택,기와,1932
대전광역시 대덕구 용호동 231-1,77.52,경량철골구조,단독주택,기타지붕,2020-10-20
대전광역시 대덕구 용호동 231-2,84.8,경량철골구조,단독주택,기타지붕,2010-12-16
대전광역시 대덕구 용호동 231-4,101.2,일반목구조,단독주택,기와,1930
대전광역시 대덕구 용호동 231-6,196.45000000000002,철근콘크리트구조,제2종근린생활시설,기타지붕,2020-06-26
대전광역시 대덕구 용호동 28-1,99.5,벽돌구조,단독주택,슬레이트,1962
대전광역시 대덕구 용호동 29-5,69.4,벽돌구조,단독주택,슬레이트,
대전광역시 대덕구 용호동 36,160.4,벽돌구조,단독주택,슬레이트,1940
대전광역시 대덕구 용호동 37,402.74,블록구조,단독주택,기와,1978-09-26
대전광역시 대덕구 용호동 37-1,109.86,벽돌구조,단독주택,(철근)콘크리트,2002-04-09
대전광역시 대덕구 용호동 37-3,93.87,철근콘크리트구조,단독주택,(철근)콘크리트,2014-09-05
대전광역시 대덕구 용호동 37-5,151.22,일반목구조,단독주택,슬레이트,1941
대전광역시 대덕구 용호동 38,363.04999999999995,일반목구조,단독주택,슬레이트,1931
대전광역시 대덕구 용호동 39-10,158.17,일반철골구조,제2종근린생활시설,기타지붕,2003-01-27
대전광역시 대덕구 용호동 39-13,213.39,철근콘크리트구조,단독주택,기와,2001-04-19
대전광역시 대덕구 용호동 39-2,181.0,철근콘크리트구조,제2종근린생활시설,(철근)콘크리트,2009-08-11
대전광역시 대덕구 용호동 39-6,67.2,블록구조,단독주택,슬레이트,1940
대전광역시 대덕구 용호동 40,304.20000000000005,벽돌구조,단독주택,기와,1978-10-23
대전광역시 대덕구 용호동 428,4555.929999999999,철근콘크리트구조,교육연구시설,(철근)콘크리트,2020-12-30
대전광역시 대덕구 용호동 45,204.11,벽돌구조,제2종근린생활시설,(철근)콘크리트,1995-11-21
대전광역시 대덕구 용호동 47,100.04,일반철골구조,창고시설,기타지붕,
대전광역시 대덕구 용호동 53,168.54,일반목구조,제2종근린생활시설,기와,2007-06-22
대전광역시 대덕구 용호동 88-3,112.38,벽돌구조,단독주택,(철근)콘크리트,1995-12-11
대전광역시 대덕구 용호동 88-4,129.68,철근콘크리트구조,제2종근린생활시설,기타지붕,2006-08-23
대전광역시 대덕구 용호동 88-5,174.25,벽돌구조,제2종근린생활시설,기와,1999-11-18
대전광역시 대덕구 용호동 88-8,125.25,벽돌구조,단독주택,기와,1999-11-02
대전광역시 대덕구 용호동 89-1,141.52,경량철골구조,제2종근린생활시설,기타지붕,1995-07-22
대전광역시 대덕구 읍내동 0,0.0,블록구조,단독주택,슬레이트,1965
대전광역시 대덕구 읍내동 1-1,34.65,석구조,단독주택,슬레이트,1966
대전광역시 대덕구 읍내동 1-10,343.77,벽돌구조,종교시설,기와,1996-10-09
대전광역시 대덕구 읍내동 1-9,16.75,철근콘크리트구조,관광휴게시설,기와,1991-09-19
대전광역시 대덕구 읍내동 100,0.0,벽돌구조,업무시설,(철근)콘크리트,2000-07-11
대전광역시 대덕구 읍내동 103,238.76,블록구조,단독주택,기와,1980-04-19
대전광역시 대덕구 읍내동 104-2,59.9,일반목구조,단독주택,기와,1964
대전광역시 대덕구 읍내동 113-3,272.75,일반철골구조,창고시설,기타지붕,2007-10-19
대전광역시 대덕구 읍내동 123-7,99.86,일반목구조,단독주택,슬레이트,1934
대전광역시 대덕구 읍내동 123-8,120.91,블록구조,단독주택,기와,1979-07-09
대전광역시 대덕구 읍내동 124-11,62.05,기타조적구조,단독주택,슬레이트,1968
대전광역시 대덕구 읍내동 124-12,94.78,벽돌구조,단독주택,슬레이트,1969
대전광역시 대덕구 읍내동 124-13,64.16,일반목구조,단독주택,슬레이트,1973
대전광역시 대덕구 읍내동 124-2,105.12,벽돌구조,단독주택,기와,1967
대전광역시 대덕구 읍내동 124-3,132.22,벽돌구조,단독주택,(철근)콘크리트,1996-02-14
대전광역시 대덕구 읍내동 124-6,0.0,기타조적구조,단독주택,슬레이트,1954
대전광역시 대덕구 읍내동 124-7,0.0,벽돌구조,단독주택,기와,1975-01-24
대전광역시 대덕구 읍내동 124-8,158.41,벽돌구조,단독주택,기타지붕,2005-04-18
대전광역시 대덕구 읍내동 13-1,77.85,블록구조,단독주택,슬레이트,1974
대전광역시 대덕구 읍내동 130,0.0,일반목구조,단독주택,슬레이트,1951
대전광역시 대덕구 읍내동 134,0.0,일반목구조,단독주택,기타지붕,1700
대전광역시 대덕구 읍내동 147,158.37,철근콘크리트구조,제2종근린생활시설,(철근)콘크리트,2004-07-19
대전광역시 대덕구 읍내동 154-3,984.98,일반철골구조,창고시설,(철근)콘크리트,2012-02-02
대전광역시 대덕구 읍내동 154-4,122.88,일반철골구조,제2종근린생활시설,기타지붕,2002-09-05
대전광역시 대덕구 읍내동 155-1,149.1,일반철골구조,제2종근린생활시설,기타지붕,2001-12-19
대전광역시 대덕구 읍내동 158,241.3,일반철골구조,자동차관련시설,기타지붕,2008-11-06
대전광역시 대덕구 읍내동 159,503.66999999999996,일반철골구조,자동차관련시설,기타지붕,2008-04-11
대전광역시 대덕구 읍내동 16-2,16.0,기타조적구조,단독주택,슬레이트,1964
대전광역시 대덕구 읍내동 16-5,163.2,경량철골구조,단독주택,기타지붕,2010-01-28
대전광역시 대덕구 읍내동 163,300.0,일반철골구조,자동차관련시설,(철근)콘크리트,2002-11-18
대전광역시 대덕구 읍내동 165-3,57.72,경량철골구조,단독주택,기타지붕,2008-10-31
대전광역시 대덕구 읍내동 169-4,67.08,일반철골구조,제2종근린생활시설,(철근)콘크리트,2000-06-29
대전광역시 대덕구 읍내동 17,80.3,기타조적구조,단독주택,기와,1959
대전광역시 대덕구 읍내동 171,1070.33,철근콘크리트구조,자동차관련시설,(철근)콘크리트,2001-09-19
대전광역시 대덕구 읍내동 172-4,390.6,경량철골구조,자동차관련시설,기타지붕,2012-07-04
대전광역시 대덕구 읍내동 173-13,123.84,일반철골구조,자동차관련시설,기타지붕,2016-12-15
대전광역시 대덕구 읍내동 176,96.0,경량철골구조,제2종근린생활시설,기타지붕,2004-09-18
대전광역시 대덕구 읍내동 185,84.25999999999999,철근콘크리트구조,위험물저장및처리시설,슬레이트,1999-06-02
대전광역시 대덕구 읍내동 189,59.49,일반목구조,단독주택,슬레이트,1934
대전광역시 대덕구 읍내동 19,142.05,경량철골구조,단독주택,기타지붕,2016-08-25
대전광역시 대덕구 읍내동 202,4642.182,철근콘크리트구조,공동주택,(철근)콘크리트,1997-11-19
대전광역시 대덕구 읍내동 203-11,225.48,일반철골구조,제2종근린생활시설,(철근)콘크리트,2006-04-19
대전광역시 대덕구 읍내동 203-14,334.06,일반철골구조,제2종근린생활시설,(철근)콘크리트,1996-07-06
대전광역시 대덕구 읍내동 203-17,113.4,일반철골구조,창고시설,기타지붕,2006-05-02
대전광역시 대덕구 읍내동 203-4,164.89,일반철골구조,제2종근린생활시설,기타지붕,2022-02-10
대전광역시 대덕구 읍내동 203-6,173.34,철근콘크리트구조,종교시설,(철근)콘크리트,1997-12-02
대전광역시 대덕구 읍내동 204-13,76.2,벽돌구조,단독주택,(철근)콘크리트,1989-11-16
대전광역시 대덕구 읍내동 204-15,80.83,벽돌구조,단독주택,(철근)콘크리트,1989-08-22
대전광역시 대덕구 읍내동 204-16,175.68,벽돌구조,공동주택,(철근)콘크리트,1990-07-09
대전광역시 대덕구 읍내동 204-18,72.9,벽돌구조,단독주택,(철근)콘크리트,1994-11-11
대전광역시 대덕구 읍내동 204-19,203.67,철근콘크리트구조,단독주택,(철근)콘크리트,1997-04-16
대전광역시 대덕구 읍내동 204-20,105.96,벽돌구조,단독주택,(철근)콘크리트,1993-11-02
대전광역시 대덕구 읍내동 204-27,64.35,벽돌구조,단독주택,(철근)콘크리트,1989-08-02
대전광역시 대덕구 읍내동 204-28,72.04,벽돌구조,단독주택,(철근)콘크리트,1989-07-15
대전광역시 대덕구 읍내동 204-29,76.32,벽돌구조,단독주택,(철근)콘크리트,1989-06-30
대전광역시 대덕구 읍내동 204-30,75.24,벽돌구조,단독주택,(철근)콘크리트,1989-06-30
대전광역시 대덕구 읍내동 204-31,76.32,벽돌구조,단독주택,(철근)콘크리트,1989-06-30
대전광역시 대덕구 읍내동 204-32,76.32,벽돌구조,단독주택,(철근)콘크리트,1989-06-30
대전광역시 대덕구 읍내동 204-37,77.02,벽돌구조,단독주택,(철근)콘크리트,1989-11-16
대전광역시 대덕구 읍내동 204-38,78.75,벽돌구조,단독주택,(철근)콘크리트,1989-08-16
대전광역시 대덕구 읍내동 204-39,76.69,벽돌구조,단독주택,(철근)콘크리트,1989-08-16
대전광역시 대덕구 읍내동 204-40,200.48,벽돌구조,공동주택,(철근)콘크리트,1990-12-21
대전광역시 대덕구 읍내동 204-47,114.72,벽돌구조,단독주택,(철근)콘크리트,1989-08-29
대전광역시 대덕구 읍내동 204-48,79.01,벽돌구조,단독주택,(철근)콘크리트,1990-09-05
대전광역시 대덕구 읍내동 204-49,205.04,벽돌구조,공동주택,(철근)콘크리트,1990-06-29
대전광역시 대덕구 읍내동 204-50,187.68,벽돌구조,공동주택,(철근)콘크리트,1990-12-06
대전광역시 대덕구 읍내동 204-52,53.17,철근콘크리트구조,단독주택,(철근)콘크리트,1990-08-18
대전광역시 대덕구 읍내동 204-56,200.48,벽돌구조,공동주택,(철근)콘크리트,1990-12-21
대전광역시 대덕구 읍내동 204-6,108.13,벽돌구조,단독주택,(철근)콘크리트,1989-10-30
대전광역시 대덕구 읍내동 204-7,114.72,벽돌구조,단독주택,(철근)콘크리트,1989-08-29
대전광역시 대덕구 읍내동 204-9,68.74,일반철골구조,제2종근린생활시설,기타지붕,2006-04-19
대전광역시 대덕구 읍내동 206,201.77,블록구조,제2종근린생활시설,기와,1993-09-10
대전광역시 대덕구 읍내동 209,220.7,벽돌구조,단독주택,(철근)콘크리트,1977-06-08
대전광역시 대덕구 읍내동 209-2,235.86,벽돌구조,노유자시설,(철근)콘크리트,2001-06-15
대전광역시 대덕구 읍내동 210-1,49.089999999999996,일반목구조,단독주택,슬레이트,1930
대전광역시 대덕구 읍내동 210-2,172.42000000000002,블록구조,단독주택,슬레이트,1975-01-24
대전광역시 대덕구 읍내동 210-3,234.48,블록구조,단독주택,기와,1970
대전광역시 대덕구 읍내동 210-4,126.7,벽돌구조,단독주택,기타지붕,1982-05-20
대전광역시 대덕구 읍내동 210-5,59.42,블록구조,단독주택,슬레이트,1978-01-26
대전광역시 대덕구 읍내동 210-7,109.49,벽돌구조,단독주택,기와,1969
대전광역시 대덕구 읍내동 211-1,84.9,벽돌구조,단독주택,(철근)콘크리트,1990-07-02
대전광역시 대덕구 읍내동 211-2,158.94,벽돌구조,단독주택,기와,1969
대전광역시 대덕구 읍내동 211-3,87.12,블록구조,창고시설,기와,1933
대전광역시 대덕구 읍내동 211-4,128.98000000000002,벽돌구조,단독주택,슬레이트,1963
대전광역시 대덕구 읍내동 212-1,75.25,벽돌구조,단독주택,기와,1983-05-12
대전광역시 대덕구 읍내동 212-2,85.62,벽돌구조,단독주택,(철근)콘크리트,1983-10-06
대전광역시 대덕구 읍내동 212-4,95.38,벽돌구조,단독주택,기와,1998-05-26
대전광역시 대덕구 읍내동 213-11,110.22,벽돌구조,단독주택,(철근)콘크리트,1996-08-19
대전광역시 대덕구 읍내동 213-16,105.87,벽돌구조,단독주택,(철근)콘크리트,1994-09-28
대전광역시 대덕구 읍내동 213-18,108.97,벽돌구조,단독주택,(철근)콘크리트,1994-06-07
대전광역시 대덕구 읍내동 213-2,142.095,벽돌구조,단독주택,(철근)콘크리트,1993-01-29
대전광역시 대덕구 읍내동 213-3,127.34,벽돌구조,공동주택,(철근)콘크리트,1987-06-03
대전광역시 대덕구 읍내동 214,602.66,철근콘크리트구조,공동주택,(철근)콘크리트,1993-11-01
대전광역시 대덕구 읍내동 214-1,76.29,벽돌구조,단독주택,(철근)콘크리트,1978-09-18
대전광역시 대덕구 읍내동 214-2,184.3,철근콘크리트구조,단독주택,(철근)콘크리트,2004-12-07
대전광역시 대덕구 읍내동 214-3,157.07,철근콘크리트구조,공동주택,(철근)콘크리트,1993-11-09
대전광역시 대덕구 읍내동 217-1,75.25,벽돌구조,단독주택,기와,1979-04-12
대전광역시 대덕구 읍내동 217-3,73.8,일반목구조,단독주택,기와,1938
대전광역시 대덕구 읍내동 217-4,111.46,벽돌구조,단독주택,(철근)콘크리트,1975-01-17
대전광역시 대덕구 읍내동 217-5,73.02,블록구조,단독주택,슬레이트,1977-09-12
대전광역시 대덕구 읍내동 218-1,183.95,벽돌구조,단독주택,(철근)콘크리트,1982-01-16
대전광역시 대덕구 읍내동 219-2,60.08,경량철골구조,단독주택,기타지붕,1997-09-09
대전광역시 대덕구 읍내동 219-4,125.54,벽돌구조,단독주택,(철근)콘크리트,1983-07-22
대전광역시 대덕구 읍내동 219-5,262.1,경량철골구조,자동차관련시설,기타지붕,2002-01-31
대전광역시 대덕구 읍내동 219-6,162.97,철근콘크리트구조,단독주택,(철근)콘크리트,1998-01-07
대전광역시 대덕구 읍내동 22,100.29,철근콘크리트구조,단독주택,(철근)콘크리트,2020-06-26
대전광역시 대덕구 읍내동 220-1,141.24,벽돌구조,단독주택,(철근)콘크리트,1979-12-30
대전광역시 대덕구 읍내동 220-4,79.37,벽돌구조,단독주택,(철근)콘크리트,1976-11-15
대전광역시 대덕구 읍내동 222-1,99.31,철근콘크리트구조,단독주택,(철근)콘크리트,1999-07-16
대전광역시 대덕구 읍내동 222-2,61.04,벽돌구조,단독주택,기와,1975-02-04
대전광역시 대덕구 읍내동 222-4,61.04,벽돌구조,단독주택,기와,1975-02-24
대전광역시 대덕구 읍내동 222-5,61.04,벽돌구조,단독주택,기와,1975-02-24
대전광역시 대덕구 읍내동 222-7,57.69,벽돌구조,단독주택,(철근)콘크리트,1975-09-08
대전광역시 대덕구 읍내동 223-2,43.7,벽돌구조,단독주택,(철근)콘크리트,1976-09-28
대전광역시 대덕구 읍내동 223-3,60.0,벽돌구조,단독주택,기와,1978-08-14
대전광역시 대덕구 읍내동 224-1,54.72,일반목구조,단독주택,슬레이트,1978-01-24
대전광역시 대덕구 읍내동 224-2,52.59,일반목구조,단독주택,슬레이트,1936
대전광역시 대덕구 읍내동 224-3,26.4,기타조적구조,단독주택,슬레이트,1969
대전광역시 대덕구 읍내동 225,165.0,경량철골구조,제2종근린생활시설,기타지붕,2002-06-29
대전광역시 대덕구 읍내동 225-1,76.63,벽돌구조,단독주택,기와,1978-11-15
대전광역시 대덕구 읍내동 226-1,150.18,벽돌구조,단독주택,기타지붕,2001-06-29
대전광역시 대덕구 읍내동 226-2,148.06,철근콘크리트구조,단독주택,(철근)콘크리트,2003-09-30
대전광역시 대덕구 읍내동 227,167.65,벽돌구조,단독주택,(철근)콘크리트,1984-08-28
대전광역시 대덕구 읍내동 227-4,79.2,경량철골구조,제2종근린생활시설,기타지붕,1992-09-24
대전광역시 대덕구 읍내동 227-7,356.33,철근콘크리트구조,위험물저장및처리시설,(철근)콘크리트,1992-12-23
대전광역시 대덕구 읍내동 227-8,104.8,경량철골구조,제2종근린생활시설,기타지붕,1992-10-09
대전광역시 대덕구 읍내동 228-3,161.1,철근콘크리트구조,제2종근린생활시설,(철근)콘크리트,1992-05-09
대전광역시 대덕구 읍내동 228-4,163.52,철근콘크리트구조,제2종근린생활시설,(철근)콘크리트,1993-10-09
대전광역시 대덕구 읍내동 228-6,97.5,블록구조,제2종근린생활시설,기타지붕,1997-11-24
대전광역시 대덕구 읍내동 229-10,84.6,벽돌구조,단독주택,(철근)콘크리트,1993-10-27
대전광역시 대덕구 읍내동 229-2,145.96,벽돌구조,단독주택,(철근)콘크리트,1991-10-31
대전광역시 대덕구 읍내동 229-3,238.46,블록구조,단독주택,슬레이트,1975-12-16
대전광역시 대덕구 읍내동 229-7,54.265,철근콘크리트구조,노유자시설,(철근)콘크리트,1998-05-31
대전광역시 대덕구 읍내동 229-8,68.27,벽돌구조,단독주택,기와,1991-10-31
대전광역시 대덕구 읍내동 23-2,97.2,철근콘크리트구조,제2종근린생활시설,(철근)콘크리트,1998-11-24
대전광역시 대덕구 읍내동 23-4,106.56,벽돌구조,단독주택,(철근)콘크리트,1979-11-06
대전광역시 대덕구 읍내동 230-1,110.61,벽돌구조,단독주택,(철근)콘크리트,1979-08-25
대전광역시 대덕구 읍내동 230-11,56.09,벽돌구조,단독주택,(철근)콘크리트,1982-06-30
대전광역시 대덕구 읍내동 230-12,72.75,벽돌구조,단독주택,(철근)콘크리트,1982-06-02
대전광역시 대덕구 읍내동 230-13,50.85,벽돌구조,단독주택,(철근)콘크리트,1983-12-23
대전광역시 대덕구 읍내동 230-15,82.85,철근콘크리트구조,단독주택,(철근)콘크리트,2004-11-09
대전광역시 대덕구 읍내동 230-17,75.36,벽돌구조,단독주택,(철근)콘크리트,1982-10-26
대전광역시 대덕구 읍내동 230-2,73.1,벽돌구조,단독주택,(철근)콘크리트,1989-03-08
대전광역시 대덕구 읍내동 230-21,89.6,벽돌구조,단독주택,(철근)콘크리트,1984-12-08
대전광역시 대덕구 읍내동 230-22,62.87,벽돌구조,단독주택,(철근)콘크리트,1983-01-24
대전광역시 대덕구 읍내동 230-24,30.76,벽돌구조,단독주택,(철근)콘크리트,1983-11-22
대전광역시 대덕구 읍내동 230-25,70.865,벽돌구조,단독주택,(철근)콘크리트,1989-03-08
대전광역시 대덕구 읍내동 230-27,72.25,경량철골구조,단독주택,기타지붕,1996-06-26
대전광역시 대덕구 읍내동 230-3,0.0,벽돌구조,공동주택,(철근)콘크리트,1982-02-26
대전광역시 대덕구 읍내동 230-4,87.21,벽돌구조,단독주택,(철근)콘크리트,1984-01-06
대전광역시 대덕구 읍내동 230-5,71.04,벽돌구조,단독주택,(철근)콘크리트,1979-09-10
대전광역시 대덕구 읍내동 230-6,71.04,벽돌구조,단독주택,(철근)콘크리트,1979-08-25
대전광역시 대덕구 읍내동 230-7,99.79,벽돌구조,단독주택,(철근)콘크리트,1980-06-04
대전광역시 대덕구 읍내동 230-8,79.44,벽돌구조,단독주택,(철근)콘크리트,1980-03-24
대전광역시 대덕구 읍내동 230-9,77.89,벽돌구조,단독주택,(철근)콘크리트,1982-05-06
대전광역시 대덕구 읍내동 231-1,75.6,벽돌구조,단독주택,기와,1981-05-28
대전광역시 대덕구 읍내동 231-3,83.39,벽돌구조,단독주택,(철근)콘크리트,1980-10-21
대전광역시 대덕구 읍내동 235-2,71.02,벽돌구조,단독주택,(철근)콘크리트,1986-02-11
대전광역시 대덕구 읍내동 237-2,502.56,철근콘크리트구조,공동주택,(철근)콘크리트,1991-11-06
대전광역시 대덕구 읍내동 237-9,502.56,철근콘크리트구조,공동주택,(철근)콘크리트,1991-11-06
대전광역시 대덕구 읍내동 240,65.95,벽돌구조,단독주택,(철근)콘크리트,1976-05-28
대전광역시 대덕구 읍내동 240-1,154.5,벽돌구조,단독주택,(철근)콘크리트,1987-04-27
대전광역시 대덕구 읍내동 240-11,53.38,블록구조,단독주택,슬레이트,1977-11-11
대전광역시 대덕구 읍내동 240-13,58.79,벽돌구조,단독주택,기와,1985-05-15
대전광역시 대덕구 읍내동 240-14,61.12,벽돌구조,단독주택,기와,1973-04-07
대전광역시 대덕구 읍내동 240-15,59.6,벽돌구조,단독주택,기와,1976-03-30
대전광역시 대덕구 읍내동 240-16,61.38,블록구조,단독주택,기와,1984-01-27
대전광역시 대덕구 읍내동 240-17,89.56,벽돌구조,단독주택,(철근)콘크리트,1992-12-02
대전광역시 대덕구 읍내동 240-18,63.34,벽돌구조,단독주택,기와,1976-03-30
대전광역시 대덕구 읍내동 240-19,57.88,벽돌구조,단독주택,기와,1984-12-28
대전광역시 대덕구 읍내동 240-2,350.72,철근콘크리트구조,공동주택,(철근)콘크리트,2002-01-15
대전광역시 대덕구 읍내동 240-20,87.19,블록구조,단독주택,기와,1982-09-06
대전광역시 대덕구 읍내동 240-21,73.23,벽돌구조,단독주택,기와,1984-05-10
대전광역시 대덕구 읍내동 240-22,62.31,블록구조,단독주택,기와,1983-02-12
대전광역시 대덕구 읍내동 240-23,113.41999999999999,벽돌구조,단독주택,(철근)콘크리트,2006-05-08
대전광역시 대덕구 읍내동 240-24,50.48,벽돌구조,단독주택,기와,1975-03-08
대전광역시 대덕구 읍내동 240-25,90.85,벽돌구조,단독주택,기와,1975-09-30
대전광역시 대덕구 읍내동 240-26,68.53,벽돌구조,단독주택,기와,1982-03-08
대전광역시 대덕구 읍내동 240-27,64.87,벽돌구조,단독주택,기와,1984-09-06
대전광역시 대덕구 읍내동 240-28,62.44,벽돌구조,단독주택,기와,1975-09-22
대전광역시 대덕구 읍내동 240-29,62.25,벽돌구조,단독주택,기와,1976-12-13
대전광역시 대덕구 읍내동 240-30,191.97,블록구조,제2종근린생활시설,슬레이트,1984-02-24
대전광역시 대덕구 읍내동 240-31,50.97,벽돌구조,단독주택,기와,1976-04-21
대전광역시 대덕구 읍내동 240-32,78.69,블록구조,단독주택,기와,1982-12-08
대전광역시 대덕구 읍내동 240-33,48.96,벽돌구조,단독주택,기와,1975-05-13
대전광역시 대덕구 읍내동 240-35,88.72,벽돌구조,단독주택,(철근)콘크리트,1975-03-08
대전광역시 대덕구 읍내동 240-36,120.3,벽돌구조,단독주택,(철근)콘크리트,1998-07-29
대전광역시 대덕구 읍내동 240-39,69.98,벽돌구조,단독주택,기와,1975-12-08
대전광역시 대덕구 읍내동 240-40,59.18,벽돌구조,단독주택,기와,1984-05-10
대전광역시 대덕구 읍내동 240-42,61.49,벽돌구조,단독주택,기와,1983-09-30
대전광역시 대덕구 읍내동 240-48,53.4,블록구조,단독주택,기와,1977-08-30
대전광역시 대덕구 읍내동 240-5,72.2,벽돌구조,단독주택,(철근)콘크리트,1988-10-17
대전광역시 대덕구 읍내동 240-50,208.52,철근콘크리트구조,공동주택,(철근)콘크리트,1992-07-07
대전광역시 대덕구 읍내동 240-52,79.21,벽돌구조,단독주택,(철근)콘크리트,1977-07-09
대전광역시 대덕구 읍내동 240-55,83.93,벽돌구조,단독주택,(철근)콘크리트,1976
대전광역시 대덕구 읍내동 240-56,60.28,벽돌구조,단독주택,(철근)콘크리트,1978-11-30
대전광역시 대덕구 읍내동 240-58,92.19,벽돌구조,단독주택,기와,1977-07-22
대전광역시 대덕구 읍내동 240-61,65.94,벽돌구조,단독주택,(철근)콘크리트,1977-09-20
대전광역시 대덕구 읍내동 240-62,147.29000000000002,벽돌구조,단독주택,기와,1975-12-29
대전광역시 대덕구 읍내동 240-63,74.52,벽돌구조,단독주택,(철근)콘크리트,1975-10-13
대전광역시 대덕구 읍내동 240-65,86.16,벽돌구조,단독주택,기와,1976-04-21
대전광역시 대덕구 읍내동 240-67,57.97,벽돌구조,단독주택,기와,1978-05-16
대전광역시 대덕구 읍내동 240-68,53.49,블록구조,단독주택,기와,1977-12-09
대전광역시 대덕구 읍내동 240-69,53.4,블록구조,단독주택,슬레이트,1977-12-06
대전광역시 대덕구 읍내동 240-71,57.48,블록구조,단독주택,슬레이트,1977-11-15
대전광역시 대덕구 읍내동 240-73,53.4,벽돌구조,단독주택,기와,1977-12-06
대전광역시 대덕구 읍내동 240-75,121.7,블록구조,단독주택,기와,1978-11-17
대전광역시 대덕구 읍내동 240-78,995.92,철근콘크리트구조,공동주택,(철근)콘크리트,1980-12-02
대전광역시 대덕구 읍내동 240-79,1193.04,철근콘크리트구조,공동주택,(철근)콘크리트,1983-07-02
대전광역시 대덕구 읍내동 240-81,406.8,철근콘크리트구조,공동주택,(철근)콘크리트,1983-07-02
대전광역시 대덕구 읍내동 240-84,87.14,벽돌구조,단독주택,(철근)콘크리트,1985-03-14
대전광역시 대덕구 읍내동 240-86,214.26,철근콘크리트구조,공동주택,(철근)콘크리트,2003-03-31
대전광역시 대덕구 읍내동 240-87,389.4,철근콘크리트구조,공동주택,(철근)콘크리트,2002-05-02
대전광역시 대덕구 읍내동 241-11,72.02,벽돌구조,단독주택,(철근)콘크리트,1990-06-14
대전광역시 대덕구 읍내동 241-12,84.82,벽돌구조,단독주택,(철근)콘크리트,1989-05-20
대전광역시 대덕구 읍내동 241-2,91.32,벽돌구조,단독주택,(철근)콘크리트,2002-09-09
대전광역시 대덕구 읍내동 241-5,96.0,벽돌구조,단독주택,(철근)콘크리트,1990-09-24
대전광역시 대덕구 읍내동 241-6,87.63,벽돌구조,단독주택,(철근)콘크리트,1990-10-15
대전광역시 대덕구 읍내동 241-7,64.85,벽돌구조,단독주택,(철근)콘크리트,1989-11-25
대전광역시 대덕구 읍내동 242-2,66.2,블록구조,단독주택,슬레이트,1974-11-11
대전광역시 대덕구 읍내동 242-4,84.62,벽돌구조,단독주택,(철근)콘크리트,2000-11-14
대전광역시 대덕구 읍내동 243,72.23,벽돌구조,단독주택,(철근)콘크리트,1977-12-12
대전광역시 대덕구 읍내동 243-1,84.6,벽돌구조,단독주택,(철근)콘크리트,1977-12-05
대전광역시 대덕구 읍내동 243-2,163.62,벽돌구조,단독주택,(철근)콘크리트,1979-01-18
대전광역시 대덕구 읍내동 244-1,602.74,철근콘크리트구조,공동주택,(철근)콘크리트,
대전광역시 대덕구 읍내동 244-14,110.77,벽돌구조,단독주택,(철근)콘크리트,1982-07-23
대전광역시 대덕구 읍내동 244-15,74.6,벽돌구조,단독주택,(철근)콘크리트,1989-02-18
대전광역시 대덕구 읍내동 244-17,86.81,벽돌구조,단독주택,슬레이트,1975-12-08
대전광역시 대덕구 읍내동 244-23,31.51,블록구조,단독주택,(철근)콘크리트,1979-02-09
대전광역시 대덕구 읍내동 244-8,249.98,벽돌구조,종교시설,(철근)콘크리트,1978-12-16
대전광역시 대덕구 읍내동 245-10,0.0,벽돌구조,단독주택,(철근)콘크리트,1976-08-17
대전광역시 대덕구 읍내동 245-11,193.65,철근콘크리트구조,노유자시설,(철근)콘크리트,1995-06-07
대전광역시 대덕구 읍내동 245-5,107.51,철근콘크리트구조,단독주택,(철근)콘크리트,1989-01-26
대전광역시 대덕구 읍내동 245-6,70.87,벽돌구조,단독주택,기와,1983-02-12
대전광역시 대덕구 읍내동 245-7,103.86,철근콘크리트구조,단독주택,(철근)콘크리트,2004-11-19
대전광역시 대덕구 읍내동 246-8,376.61,철근콘크리트구조,제2종근린생활시설,(철근)콘크리트,1984-11-08
대전광역시 대덕구 읍내동 247-1,283.46,일반철골구조,제2종근린생활시설,기타지붕,2016-05-24
대전광역시 대덕구 읍내동 247-14,281.75,일반철골구조,창고시설,기타지붕,2017-01-03
대전광역시 대덕구 읍내동 247-24,232.54,일반철골구조,창고시설,기타지붕,2017-01-19
대전광역시 대덕구 읍내동 248-1,285.95,철근콘크리트구조,제2종근린생활시설,(철근)콘크리트,1990-12-31
대전광역시 대덕구 읍내동 248-11,304.4,철근콘크리트구조,제2종근린생활시설,(철근)콘크리트,1994-10-14
대전광역시 대덕구 읍내동 248-6,457.13,철근콘크리트구조,숙박시설,(철근)콘크리트,1986-02-03
대전광역시 대덕구 읍내동 251-5,93.94,벽돌구조,단독주택,(철근)콘크리트,1984-02-01
대전광역시 대덕구 읍내동 257-16,72.8,벽돌구조,제2종근린생활시설,(철근)콘크리트,1995-07-29
대전광역시 대덕구 읍내동 259-6,302.4,철근콘크리트구조,제2종근린생활시설,(철근)콘크리트,1988-09-21
대전광역시 대덕구 읍내동 262-1,176.46,철근콘크리트구조,제2종근린생활시설,기타지붕,1991-12-27
대전광역시 대덕구 읍내동 263-8,408.2,벽돌구조,공동주택,(철근)콘크리트,1990-07-27
대전광역시 대덕구 읍내동 266-10,64.93,벽돌구조,단독주택,(철근)콘크리트,1978-07-27
대전광역시 대덕구 읍내동 266-11,64.83,벽돌구조,단독주택,(철근)콘크리트,1978-06-30
대전광역시 대덕구 읍내동 266-12,77.27,벽돌구조,단독주택,(철근)콘크리트,1978-12-30
대전광역시 대덕구 읍내동 266-13,74.35,벽돌구조,단독주택,(철근)콘크리트,1979-10-25
대전광역시 대덕구 읍내동 266-15,267.43,철근콘크리트구조,단독주택,(철근)콘크리트,2017-05-02
대전광역시 대덕구 읍내동 266-17,110.89,벽돌구조,단독주택,(철근)콘크리트,1982-09-07
대전광역시 대덕구 읍내동 266-19,140.08,벽돌구조,단독주택,(철근)콘크리트,1980-04-21
대전광역시 대덕구 읍내동 266-22,100.0,경량철골구조,제2종근린생활시설,기타지붕,1999-11-22
대전광역시 대덕구 읍내동 266-4,76.07,벽돌구조,단독주택,(철근)콘크리트,1978-12-13
대전광역시 대덕구 읍내동 266-7,64.83,벽돌구조,단독주택,(철근)콘크리트,1978-06-30
대전광역시 대덕구 읍내동 266-8,64.83,벽돌구조,단독주택,(철근)콘크리트,
대전광역시 대덕구 읍내동 266-9,83.73,벽돌구조,단독주택,기타지붕,1978-07-27
대전광역시 대덕구 읍내동 268-1,97.45,블록구조,단독주택,슬레이트,1985-05-15
대전광역시 대덕구 읍내동 268-2,84.0,벽돌구조,단독주택,(철근)콘크리트,1994-12-26
대전광역시 대덕구 읍내동 269-14,81.27,벽돌구조,단독주택,(철근)콘크리트,1985-07-05
대전광역시 대덕구 읍내동 269-4,26.11,벽돌구조,단독주택,(철근)콘크리트,1978-10-04
대전광역시 대덕구 읍내동 269-5,63.25,벽돌구조,단독주택,(철근)콘크리트,1984-03-13
대전광역시 대덕구 읍내동 269-7,155.86,경량철골구조,창고시설,기타지붕,2011-12-23
대전광역시 대덕구 읍내동 269-8,79.96,벽돌구조,제2종근린생활시설,(철근)콘크리트,1984-11-20
대전광역시 대덕구 읍내동 269-9,92.53,벽돌구조,단독주택,(철근)콘크리트,1980-05-20
대전광역시 대덕구 읍내동 270-10,65.31,벽돌구조,단독주택,(철근)콘크리트,1982-12-28
대전광역시 대덕구 읍내동 270-4,75.5,벽돌구조,단독주택,(철근)콘크리트,1997-06-05
대전광역시 대덕구 읍내동 270-6,79.56,벽돌구조,단독주택,(철근)콘크리트,1982-11-11
대전광역시 대덕구 읍내동 270-7,77.06,벽돌구조,단독주택,(철근)콘크리트,1989-11-11
대전광역시 대덕구 읍내동 270-8,106.06,벽돌구조,단독주택,(철근)콘크리트,1982-11-11
대전광역시 대덕구 읍내동 270-9,108.67,벽돌구조,단독주택,(철근)콘크리트,1982-11-11
대전광역시 대덕구 읍내동 272-2,44.197,벽돌구조,단독주택,기와,1979-10-12
대전광역시 대덕구 읍내동 272-4,75.39,벽돌구조,단독주택,기와,1979-01-17
대전광역시 대덕구 읍내동 272-5,80.52,벽돌구조,단독주택,기와,1979-10-12
대전광역시 대덕구 읍내동 274-3,98.36,블록구조,단독주택,(철근)콘크리트,2011-10-20
대전광역시 대덕구 읍내동 274-4,90.53,벽돌구조,단독주택,슬레이트,1983-09-30
대전광역시 대덕구 읍내동 277,49.25,일반목구조,단독주택,기타지붕,1924
대전광역시 대덕구 읍내동 28-2,55.57,기타조적구조,단독주택,슬레이트,1965
대전광역시 대덕구 읍내동 281,60.88,일반목구조,단독주택,기타지붕,1942
대전광역시 대덕구 읍내동 283,0.0,기타조적구조,단독주택,슬레이트,1969
대전광역시 대덕구 읍내동 283-10,55.67,블록구조,단독주택,슬레이트,1983-11-30
대전광역시 대덕구 읍내동 283-5,180.6,벽돌구조,단독주택,슬레이트,1983-02-12
대전광역시 대덕구 읍내동 283-7,63.9,벽돌구조,단독주택,(철근)콘크리트,1994-06-04
대전광역시 대덕구 읍내동 283-8,109.89,벽돌구조,단독주택,(철근)콘크리트,1986-01-15
대전광역시 대덕구 읍내동 289,35.41,기타조적구조,단독주택,슬레이트,1953
대전광역시 대덕구 읍내동 289-5,61.0,블록구조,단독주택,기와,1979-01-06
대전광역시 대덕구 읍내동 29-3,58.84,블록구조,단독주택,슬레이트,1979-10-16
대전광역시 대덕구 읍내동 290,46.28,기타조적구조,단독주택,슬레이트,1963
대전광역시 대덕구 읍내동 290-1,185.08,벽돌구조,단독주택,기타지붕,1934
대전광역시 대덕구 읍내동 290-2,170.69,철근콘크리트구조,제2종근린생활시설,(철근)콘크리트,2020-04-21
대전광역시 대덕구 읍내동 297-10,74.48,벽돌구조,단독주택,(철근)콘크리트,1982-11-10
대전광역시 대덕구 읍내동 297-2,146.03,일반철골구조,창고시설,기타지붕,2011-09-02
대전광역시 대덕구 읍내동 297-5,92.37,벽돌구조,단독주택,(철근)콘크리트,1979-12-06
대전광역시 대덕구 읍내동 297-6,85.86,벽돌구조,단독주택,기와,1975
대전광역시 대덕구 읍내동 297-7,65.16,벽돌구조,단독주택,기와,1976
대전광역시 대덕구 읍내동 297-8,78.94,벽돌구조,단독주택,기와,1976
대전광역시 대덕구 읍내동 297-9,108.83,블록구조,단독주택,슬레이트,1977-11-23
대전광역시 대덕구 읍내동 298,0.0,기타조적구조,단독주택,슬레이트,1966
대전광역시 대덕구 읍내동 299-1,27.6,블록구조,단독주택,기와,1978-02-10
대전광역시 대덕구 읍내동 299-2,77.88,벽돌구조,단독주택,기와,1977-04-19
대전광역시 대덕구 읍내동 299-3,81.77,벽돌구조,단독주택,(철근)콘크리트,1977-04-14
대전광역시 대덕구 읍내동 299-4,74.71,벽돌구조,단독주택,(철근)콘크리트,1978-12-28
대전광역시 대덕구 읍내동 299-6,70.25,벽돌구조,단독주택,(철근)콘크리트,1977-10-11
대전광역시 대덕구 읍내동 299-7,71.25,벽돌구조,단독주택,(철근)콘크리트,1976-10-04
대전광역시 대덕구 읍내동 302-2,154.44,일반철골구조,자동차관련시설,기타지붕,2015-01-26
대전광역시 대덕구 읍내동 303-1,118.0,경량철골구조,제2종근린생활시설,기타지붕,2004-10-12
대전광역시 대덕구 읍내동 304,92.09,벽돌구조,단독주택,(철근)콘크리트,1980-07-31
대전광역시 대덕구 읍내동 304-1,49.22,벽돌구조,단독주택,기와,1980-02-22
대전광역시 대덕구 읍내동 304-2,52.28,벽돌구조,단독주택,기와,1980-02-22
대전광역시 대덕구 읍내동 305-1,44.2,블록구조,단독주택,슬레이트,1976-04-07
대전광역시 대덕구 읍내동 306,66.15,일반철골구조,제2종근린생활시설,기타지붕,2014-10-20
대전광역시 대덕구 읍내동 306-4,104.8,벽돌구조,단독주택,(철근)콘크리트,1978-11-30
대전광역시 대덕구 읍내동 306-5,86.12,벽돌구조,단독주택,(철근)콘크리트,1978-11-30
대전광역시 대덕구 읍내동 306-9,76.98,블록구조,단독주택,기와,1979-08-03
대전광역시 대덕구 읍내동 308,459.77,일반철골구조,창고시설,기타지붕,2011-10-20
대전광역시 대덕구 읍내동 309-2,66.7,벽돌구조,단독주택,(철근)콘크리트,1981-08-11
대전광역시 대덕구 읍내동 309-3,116.55,블록구조,단독주택,슬레이트,1976-07-20
대전광역시 대덕구 읍내동 310,22.01,기타조적구조,단독주택,기와,1959
대전광역시 대덕구 읍내동 310-1,318.77,경량철골구조,창고시설,기타지붕,2016-04-21
대전광역시 대덕구 읍내동 310-2,241.32,경량철골구조,제2종근린생활시설,기타지붕,2004-04-20
대전광역시 대덕구 읍내동 313,608.3,일반철골구조,창고시설,기타지붕,2009-03-27
대전광역시 대덕구 읍내동 315-1,149.85,벽돌구조,단독주택,슬레이트,1977-06-08
대전광역시 대덕구 읍내동 315-14,166.53,벽돌구조,단독주택,기와,1982-09-09
대전광역시 대덕구 읍내동 315-4,68.0,일반목구조,단독주택,슬레이트,1901
대전광역시 대덕구 읍내동 315-5,59.7,벽돌구조,단독주택,기와,1977-06-14
대전광역시 대덕구 읍내동 315-6,94.79,벽돌구조,제2종근린생활시설,(철근)콘크리트,1979-02-26
대전광역시 대덕구 읍내동 315-8,41.0,블록구조,단독주택,슬레이트,1982-09-07
대전광역시 대덕구 읍내동 316-2,117.74,경량철골구조,창고시설,기타지붕,2013-10-29
대전광역시 대덕구 읍내동 316-3,79.51,벽돌구조,단독주택,기와,1986-07-24
대전광역시 대덕구 읍내동 317,3053.99,철근콘크리트구조,교육연구시설,(철근)콘크리트,
대전광역시 대덕구 읍내동 324-5,923.92,철근콘크리트구조,문화및집회시설,(철근)콘크리트,2001-01-11
대전광역시 대덕구 읍내동 325-11,214.76,철근콘크리트구조,제2종근린생활시설,(철근)콘크리트,1994-02-22
대전광역시 대덕구 읍내동 325-5,113.86,벽돌구조,위험물저장및처리시설,(철근)콘크리트,1994-09-03
대전광역시 대덕구 읍내동 325-7,65.26,일반목구조,단독주택,기와,1942
대전광역시 대덕구 읍내동 326-3,11.51,일반목구조,단독주택,기와,1963
대전광역시 대덕구 읍내동 327-3,137.08,벽돌구조,단독주택,(철근)콘크리트,1972-12-02
대전광역시 대덕구 읍내동 328-1,179.9,경량철골구조,제2종근린생활시설,기타지붕,1985-11-26
대전광역시 대덕구 읍내동 329-1,237.38,철근콘크리트구조,제2종근린생활시설,(철근)콘크리트,1986-12-30
대전광역시 대덕구 읍내동 331,59.59,일반목구조,단독주택,기타지붕,1974
대전광역시 대덕구 읍내동 335,76.56,일반목구조,단독주택,기와,1960
대전광역시 대덕구 읍내동 335-1,99.5,경량철골구조,제2종근린생활시설,기타지붕,2015-03-20
대전광역시 대덕구 읍내동 335-4,65.0,경량철골구조,제2종근린생활시설,기타지붕,2014-11-24
대전광역시 대덕구 읍내동 336-11,146.99,철근콘크리트구조,제2종근린생활시설,(철근)콘크리트,1989-10-04
대전광역시 대덕구 읍내동 336-13,112.59,블록구조,단독주택,기와,1975-09-08
대전광역시 대덕구 읍내동 336-17,402.924,철근콘크리트구조,업무시설,(철근)콘크리트,1998-01-19
대전광역시 대덕구 읍내동 336-2,58.59,벽돌구조,단독주택,(철근)콘크리트,1990-11-01
대전광역시 대덕구 읍내동 336-5,83.79,벽돌구조,단독주택,(철근)콘크리트,1985-09-07
대전광역시 대덕구 읍내동 336-8,287.6,벽돌구조,제2종근린생활시설,기타지붕,1966
대전광역시 대덕구 읍내동 337-1,69.12,경량철골구조,단독주택,기타지붕,1992-12-12
대전광역시 대덕구 읍내동 338-1,98.0,경량철골구조,제2종근린생활시설,기타지붕,2018-04-16
대전광역시 대덕구 읍내동 340,44.07,벽돌구조,단독주택,기와,1960
대전광역시 대덕구 읍내동 340-2,89.79,일반목구조,단독주택,기와,1955
대전광역시 대덕구 읍내동 342,59.73,벽돌구조,단독주택,슬레이트,1954
대전광역시 대덕구 읍내동 342-2,53.49,블록구조,단독주택,기타지붕,1970
대전광역시 대덕구 읍내동 342-3,236.0,철근콘크리트구조,단독주택,(철근)콘크리트,2002-06-25
대전광역시 대덕구 읍내동 343-9,44.0,일반목구조,단독주택,슬레이트,1900
대전광역시 대덕구 읍내동 344-1,205.35,철근콘크리트구조,노유자시설,(철근)콘크리트,2014-07-19
대전광역시 대덕구 읍내동 344-2,124.0,일반철골구조,제2종근린생활시설,기타지붕,2013-09-26
대전광역시 대덕구 읍내동 344-27,123.78,벽돌구조,단독주택,슬레이트,1954
대전광역시 대덕구 읍내동 344-3,223.6,철근콘크리트구조,제2종근린생활시설,(철근)콘크리트,2007-12-24
대전광역시 대덕구 읍내동 344-5,155.01,일반목구조,단독주택,기타지붕,1925
대전광역시 대덕구 읍내동 347-4,107.43,벽돌구조,단독주택,기와,1975-12-08
대전광역시 대덕구 읍내동 349-2,108.54,벽돌구조,단독주택,(철근)콘크리트,1980-02-12
대전광역시 대덕구 읍내동 350,53.01,벽돌구조,단독주택,(철근)콘크리트,1979-12-13
대전광역시 대덕구 읍내동 350-1,85.45,블록구조,단독주택,기와,1959
대전광역시 대덕구 읍내동 350-2,69.95,블록구조,단독주택,(철근)콘크리트,1998-11-12
대전광역시 대덕구 읍내동 350-4,102.62,철근콘크리트구조,단독주택,(철근)콘크리트,1977-09-16
대전광역시 대덕구 읍내동 350-5,44.7,벽돌구조,단독주택,(철근)콘크리트,1979-12-13
대전광역시 대덕구 읍내동 350-7,53.63,벽돌구조,단독주택,(철근)콘크리트,1979-12-13
대전광역시 대덕구 읍내동 351,121.47,벽돌구조,단독주택,(철근)콘크리트,1977-11-01
대전광역시 대덕구 읍내동 351-1,58.11,벽돌구조,단독주택,(철근)콘크리트,1978-01-31
대전광역시 대덕구 읍내동 351-2,79.8,벽돌구조,단독주택,(철근)콘크리트,1978-02-10
대전광역시 대덕구 읍내동 351-3,66.17,벽돌구조,단독주택,(철근)콘크리트,1978-07-04
대전광역시 대덕구 읍내동 351-4,151.02,벽돌구조,단독주택,(철근)콘크리트,1978-02-15
대전광역시 대덕구 읍내동 352-2,52.84,벽돌구조,단독주택,기와,1970
대전광역시 대덕구 읍내동 353-1,129.0,경량철골구조,제2종근린생활시설,기타지붕,2010-03-22
대전광역시 대덕구 읍내동 353-4,105.72,벽돌구조,단독주택,(철근)콘크리트,1978-03-07
대전광역시 대덕구 읍내동 356-1,35.74,블록구조,창고시설,슬레이트,1975-07-19
대전광역시 대덕구 읍내동 356-11,88.75,블록구조,단독주택,슬레이트,1975-03-22
대전광역시 대덕구 읍내동 356-12,72.12,벽돌구조,단독주택,(철근)콘크리트,1978-09-18
대전광역시 대덕구 읍내동 356-13,116.65,블록구조,단독주택,슬레이트,1976-03-06
대전광역시 대덕구 읍내동 356-14,108.85,블록구조,단독주택,기와,1975-08-18
대전광역시 대덕구 읍내동 356-15,107.94,블록구조,단독주택,기와,1975-07-12
대전광역시 대덕구 읍내동 356-16,49.87,벽돌구조,단독주택,(철근)콘크리트,1976-04-14
대전광역시 대덕구 읍내동 356-17,54.92,벽돌구조,단독주택,기와,1976-11-10
대전광역시 대덕구 읍내동 356-2,210.0,철근콘크리트구조,제2종근린생활시설,기타지붕,1993-11-24
대전광역시 대덕구 읍내동 356-4,50.68,벽돌구조,단독주택,기와,1981-02-24
대전광역시 대덕구 읍내동 356-5,175.14,벽돌구조,단독주택,기와,1976-08-05
대전광역시 대덕구 읍내동 356-6,50.35,벽돌구조,단독주택,기와,1976-04-14
대전광역시 대덕구 읍내동 356-8,74.35,블록구조,단독주택,슬레이트,1975-02-24
대전광역시 대덕구 읍내동 359-2,55.5,철근콘크리트구조,제2종근린생활시설,(철근)콘크리트,2002-10-11
대전광역시 대덕구 읍내동 361-13,109.32,벽돌구조,단독주택,(철근)콘크리트,1976-04-08
대전광역시 대덕구 읍내동 361-14,95.65,블록구조,단독주택,기타지붕,1978-07-03
대전광역시 대덕구 읍내동 361-15,83.91,철근콘크리트구조,제2종근린생활시설,(철근)콘크리트,1986-09-16
대전광역시 대덕구 읍내동 361-16,283.45,철근콘크리트구조,제2종근린생활시설,기타지붕,2007-10-23
대전광역시 대덕구 읍내동 361-2,187.12,철근콘크리트구조,제2종근린생활시설,기타지붕,1997-09-13
대전광역시 대덕구 읍내동 361-4,213.35,철근콘크리트구조,위험물저장및처리시설,기타지붕,1994-12-15
대전광역시 대덕구 읍내동 361-6,133.3,철근콘크리트구조,단독주택,(철근)콘크리트,1997-01-10
대전광역시 대덕구 읍내동 361-7,96.64,벽돌구조,단독주택,(철근)콘크리트,1991-07-09
대전광역시 대덕구 읍내동 361-9,87.68,벽돌구조,단독주택,(철근)콘크리트,1990-07-21
대전광역시 대덕구 읍내동 362-11,71.06,벽돌구조,단독주택,기와,1986-07-16
대전광역시 대덕구 읍내동 362-13,132.1,철근콘크리트구조,제2종근린생활시설,(철근)콘크리트,1995-02-03
대전광역시 대덕구 읍내동 362-14,138.79,경량철골구조,창고시설,기타지붕,2007-05-09
대전광역시 대덕구 읍내동 362-19,71.25,벽돌구조,단독주택,슬레이트,1980-05-01
대전광역시 대덕구 읍내동 362-24,77.43,경량철골구조,자동차관련시설,기타지붕,2020-02-14
대전광역시 대덕구 읍내동 362-27,80.46,벽돌구조,단독주택,(철근)콘크리트,1994-12-06
대전광역시 대덕구 읍내동 362-4,186.0,철근콘크리트구조,단독주택,(철근)콘크리트,2001-09-13
대전광역시 대덕구 읍내동 362-5,328.33,일반철골구조,제2종근린생활시설,기타지붕,2007-03-15
대전광역시 대덕구 읍내동 362-7,83.5,벽돌구조,단독주택,(철근)콘크리트,1984-10-25
대전광역시 대덕구 읍내동 362-8,104.94,경량철골구조,단독주택,기타지붕,2006-05-22
대전광역시 대덕구 읍내동 363-1,77.88,벽돌구조,단독주택,(철근)콘크리트,1978-06-29
대전광역시 대덕구 읍내동 363-10,72.26,벽돌구조,단독주택,(철근)콘크리트,1980-09-05
대전광역시 대덕구 읍내동 363-11,91.02,철근콘크리트구조,단독주택,(철근)콘크리트,2012-08-17
대전광역시 대덕구 읍내동 363-15,76.69,벽돌구조,단독주택,(철근)콘크리트,1980-09-05
대전광역시 대덕구 읍내동 363-17,87.42,벽돌구조,단독주택,(철근)콘크리트,1982-08-13
대전광역시 대덕구 읍내동 363-18,56.1,벽돌구조,단독주택,(철근)콘크리트,1982-07-20
대전광역시 대덕구 읍내동 363-19,54.55,벽돌구조,단독주택,(철근)콘크리트,1982-07-20
대전광역시 대덕구 읍내동 363-3,50.32,벽돌구조,단독주택,(철근)콘크리트,1982-07-20
대전광역시 대덕구 읍내동 363-6,65.55,벽돌구조,단독주택,(철근)콘크리트,1985-05-13
대전광역시 대덕구 읍내동 363-8,106.82,벽돌구조,단독주택,(철근)콘크리트,1978-12-08
대전광역시 대덕구 읍내동 363-9,136.2,벽돌구조,단독주택,(철근)콘크리트,1979-04-11
대전광역시 대덕구 읍내동 364-1,0.0,벽돌구조,단독주택,(철근)콘크리트,1997-06-30
대전광역시 대덕구 읍내동 364-3,40.03,블록구조,단독주택,슬레이트,1925
대전광역시 대덕구 읍내동 364-4,88.05,벽돌구조,단독주택,(철근)콘크리트,1985-01-18
대전광역시 대덕구 읍내동 369,0.0,철근콘크리트구조,공장,기타지붕,1987
대전광역시 대덕구 읍내동 398-4,49.29,벽돌구조,단독주택,(철근)콘크리트,1980-01-07
대전광역시 대덕구 읍내동 406-8,536.07,철근콘크리트구조,교육연구시설,(철근)콘크리트,2006-11-09
대전광역시 대덕구 읍내동 408,555.24,벽돌구조,단독주택,슬레이트,1967
대전광역시 대덕구 읍내동 409,93.7,블록구조,단독주택,기와,1972
대전광역시 대덕구 읍내동 409-7,69.39,블록구조,단독주택,기와,1978-06-07
대전광역시 대덕구 읍내동 409-8,149.06,일반철골구조,제2종근린생활시설,기타지붕,2019-01-24
대전광역시 대덕구 읍내동 41-3,201.59,철근콘크리트구조,교육연구시설,(철근)콘크리트,1994-07-11
대전광역시 대덕구 읍내동 41-5,182.34,철근콘크리트구조,창고시설,(철근)콘크리트,1992-10-29
대전광역시 대덕구 읍내동 413-2,65.88,블록구조,단독주택,기와,1979-11-07
대전광역시 대덕구 읍내동 413-5,74.0,블록구조,단독주택,기와,1979-01-24
대전광역시 대덕구 읍내동 426,19611.98,철근콘크리트구조,업무시설,(철근)콘크리트,2001-09-27
대전광역시 대덕구 읍내동 428-9,22.8,블록구조,단독주택,슬레이트,1969
대전광역시 대덕구 읍내동 431-7,217.5,철근콘크리트구조,창고시설,(철근)콘크리트,1995-10-31
대전광역시 대덕구 읍내동 433-2,442.35,철근콘크리트구조,공장,(철근)콘크리트,1982-12-30
대전광역시 대덕구 읍내동 433-5,450.489,일반철골구조,공장,(철근)콘크리트,1995-09-29
대전광역시 대덕구 읍내동 434-3,1730.4,경량철골구조,자동차관련시설,기타지붕,1980-12-31
대전광역시 대덕구 읍내동 435-6,145.18,벽돌구조,단독주택,기와,1976-11-13
대전광역시 대덕구 읍내동 436-6,810.82,벽돌구조,공장,(철근)콘크리트,1976-09-02
대전광역시 대덕구 읍내동 438-2,226.84,일반철골구조,제2종근린생활시설,기타지붕,1999-11-25
대전광역시 대덕구 읍내동 438-20,101.22,벽돌구조,단독주택,(철근)콘크리트,1979-08-30
대전광역시 대덕구 읍내동 45,0.0,벽돌구조,단독주택,(철근)콘크리트,1983-11-21
대전광역시 대덕구 읍내동 45-11,52.19,기타조적구조,단독주택,슬레이트,1967
대전광역시 대덕구 읍내동 450-1,4446.46,철근콘크리트구조,공장,(철근)콘크리트,2024-06-14
대전광역시 대덕구 읍내동 450-10,8875.32,철근콘크리트구조,공장,기타지붕,2006-05-12
대전광역시 대덕구 읍내동 450-11,8743.34,경량철골구조,공장,기타지붕,2003-03-13
대전광역시 대덕구 읍내동 450-15,1495.3870000000002,일반철골구조,공장,기타지붕,2001-06-07
대전광역시 대덕구 읍내동 450-17,1185.23,철근콘크리트구조,창고시설,(철근)콘크리트,2001-04-23
대전광역시 대덕구 읍내동 450-18,1142.71,일반철골구조,공장,기타지붕,2021-10-12
대전광역시 대덕구 읍내동 450-2,8953.84,철근콘크리트구조,공장,기타지붕,1976-05-12
대전광역시 대덕구 읍내동 450-20,3594.1000000000004,철근콘크리트구조,공장,(철근)콘크리트,1988-12-15
대전광역시 대덕구 읍내동 450-24,21.6,블록구조,공장,슬레이트,2000-10-25
대전광역시 대덕구 읍내동 450-25,924.09,일반철골구조,공장,기타지붕,2008-10-29
대전광역시 대덕구 읍내동 450-26,3888.93,경량철골구조,공장,기타지붕,1998-12-30
대전광역시 대덕구 읍내동 450-29,2324.24,일반철골구조,공장,기타지붕,1973-11-23
대전광역시 대덕구 읍내동 450-31,389.16,일반철골구조,공장,기타지붕,2000-06-07
대전광역시 대덕구 읍내동 450-40,2132.38,일반철골구조,공장,기타지붕,1999-09-29
대전광역시 대덕구 읍내동 450-41,0.0,일반철골구조,공장,기타지붕,1993-07-16
대전광역시 대덕구 읍내동 450-42,2331.27,일반철골구조,공장,(철근)콘크리트,2015-02-04
대전광역시 대덕구 읍내동 454-7,327.5,철근콘크리트구조,위험물저장및처리시설,(철근)콘크리트,1995-08-10
대전광역시 대덕구 읍내동 481-1,2175.31,일반철골구조,창고시설,기타지붕,1999-12-29
대전광역시 대덕구 읍내동 482-1,50.6,블록구조,단독주택,슬레이트,1975-03-04
대전광역시 대덕구 읍내동 482-10,60.0,일반철골구조,제2종근린생활시설,기타지붕,2000-06-27
대전광역시 대덕구 읍내동 482-11,285.21999999999997,일반철골구조,공장,기타지붕,2006-12-08
대전광역시 대덕구 읍내동 482-12,46.21,블록구조,단독주택,기와,1973
대전광역시 대덕구 읍내동 482-16,47.89,벽돌구조,단독주택,기와,1975-09-06
대전광역시 대덕구 읍내동 482-18,49.59,벽돌구조,단독주택,기와,1974-02-22
대전광역시 대덕구 읍내동 482-22,77.65,블록구조,단독주택,기와,1968
대전광역시 대덕구 읍내동 482-23,116.1,일반철골구조,공장,기타지붕,2006-11-09
대전광역시 대덕구 읍내동 482-25,63.66,벽돌구조,단독주택,(철근)콘크리트,1980-10-04
대전광역시 대덕구 읍내동 482-26,103.4,일반철골구조,공장,기타지붕,2006-07-05
대전광역시 대덕구 읍내동 482-36,92.33,일반철골구조,공장,기타지붕,2006-12-04
대전광역시 대덕구 읍내동 482-5,279.42,일반철골구조,공장,기타지붕,2017-03-31
대전광역시 대덕구 읍내동 482-7,81.24,벽돌구조,단독주택,(철근)콘크리트,2002-04-12
대전광역시 대덕구 읍내동 483-117,36.0,경량철골구조,제2종근린생활시설,기타지붕,2004-01-16
대전광역시 대덕구 읍내동 483-12,58.12,벽돌구조,단독주택,(철근)콘크리트,1976-02-12
대전광역시 대덕구 읍내동 483-13,58.78,벽돌구조,단독주택,(철근)콘크리트,1976-02-17
대전광역시 대덕구 읍내동 483-14,59.11,벽돌구조,단독주택,(철근)콘크리트,1976-02-12
대전광역시 대덕구 읍내동 483-15,55.17,벽돌구조,단독주택,기와,1976-02-18
대전광역시 대덕구 읍내동 483-16,53.72,벽돌구조,단독주택,기와,1976-02-18
대전광역시 대덕구 읍내동 483-17,53.63,벽돌구조,단독주택,기와,1976-02-18
대전광역시 대덕구 읍내동 483-18,92.1,철근콘크리트구조,단독주택,(철근)콘크리트,2002-12-23
대전광역시 대덕구 읍내동 483-2,1082.279,철근콘크리트구조,판매시설,(철근)콘크리트,1997-04-11
대전광역시 대덕구 읍내동 483-39,102.09,벽돌구조,제2종근린생활시설,(철근)콘크리트,1979-08-30
대전광역시 대덕구 읍내동 483-40,124.21,벽돌구조,단독주택,(철근)콘크리트,1979-04-18
대전광역시 대덕구 읍내동 483-41,101.78,벽돌구조,단독주택,(철근)콘크리트,1979-08-30
대전광역시 대덕구 읍내동 483-43,80.2,벽돌구조,단독주택,기와,1980-10-14
대전광역시 대덕구 읍내동 483-44,96.09,벽돌구조,단독주택,(철근)콘크리트,1979-10-31
대전광역시 대덕구 읍내동 483-45,82.32,벽돌구조,단독주택,(철근)콘크리트,1980-08-21
대전광역시 대덕구 읍내동 483-46,83.24,벽돌구조,단독주택,(철근)콘크리트,1980-07-23
대전광역시 대덕구 읍내동 483-47,78.68,벽돌구조,단독주택,(철근)콘크리트,1980-09-19
대전광역시 대덕구 읍내동 483-48,63.69,벽돌구조,단독주택,(철근)콘크리트,1984-07-16
대전광역시 대덕구 읍내동 483-49,87.53,철근콘크리트구조,노유자시설,(철근)콘크리트,
대전광역시 대덕구 읍내동 483-50,96.9,벽돌구조,제2종근린생활시설,기타지붕,1998-01-08
대전광역시 대덕구 읍내동 483-52,90.91,벽돌구조,단독주택,(철근)콘크리트,1997-07-09
대전광역시 대덕구 읍내동 483-53,272.32,철근콘크리트구조,공동주택,(철근)콘크리트,1991-08-21
대전광역시 대덕구 읍내동 483-58,99.6,벽돌구조,단독주택,(철근)콘크리트,1984-10-12
대전광역시 대덕구 읍내동 483-60,203.04,벽돌구조,공동주택,(철근)콘크리트,1990-10-20
대전광역시 대덕구 읍내동 483-61,203.04,벽돌구조,공동주택,(철근)콘크리트,1990-10-20
대전광역시 대덕구 읍내동 483-62,258.16,철근콘크리트구조,공동주택,(철근)콘크리트,1991-08-21
대전광역시 대덕구 읍내동 483-67,90.32,철근콘크리트구조,단독주택,(철근)콘크리트,1985-06-14
대전광역시 대덕구 읍내동 483-68,115.23,벽돌구조,단독주택,(철근)콘크리트,1983-11-22
대전광역시 대덕구 읍내동 483-69,82.06,벽돌구조,단독주택,(철근)콘크리트,1979-11-16
대전광역시 대덕구 읍내동 483-70,77.18,벽돌구조,단독주택,(철근)콘크리트,1984-08-14
대전광역시 대덕구 읍내동 483-71,73.26,벽돌구조,단독주택,(철근)콘크리트,1987-10-20
대전광역시 대덕구 읍내동 483-72,73.26,벽돌구조,단독주택,(철근)콘크리트,1987-10-21
대전광역시 대덕구 읍내동 483-73,84.63,벽돌구조,제2종근린생활시설,기타지붕,1998-09-17
대전광역시 대덕구 읍내동 483-74,82.0,벽돌구조,단독주택,(철근)콘크리트,1988-07-18
대전광역시 대덕구 읍내동 483-76,72.24,벽돌구조,단독주택,(철근)콘크리트,1988-07-23
대전광역시 대덕구 읍내동 483-77,82.0,벽돌구조,제2종근린생활시설,(철근)콘크리트,1988-07-18
대전광역시 대덕구 읍내동 483-79,92.2,벽돌구조,단독주택,(철근)콘크리트,1995-07-18
대전광역시 대덕구 읍내동 483-80,0.0,경량철골구조,제2종근린생활시설,기타지붕,1999-10-09
대전광역시 대덕구 읍내동 483-81,110.41,벽돌구조,단독주택,(철근)콘크리트,1980-09-08
대전광역시 대덕구 읍내동 483-82,66.4,벽돌구조,단독주택,(철근)콘크리트,1981-09-19
대전광역시 대덕구 읍내동 483-83,65.32,벽돌구조,단독주택,(철근)콘크리트,1983-06-01
대전광역시 대덕구 읍내동 483-92,171.275,철근콘크리트구조,제2종근린생활시설,(철근)콘크리트,1996-11-15
대전광역시 대덕구 읍내동 483-97,55.32,벽돌구조,단독주택,(철근)콘크리트,1990-10-20
대전광역시 대덕구 읍내동 483-98,55.32,벽돌구조,단독주택,(철근)콘크리트,1990-10-20
대전광역시 대덕구 읍내동 486,1951.3,일반철골구조,공장,슬레이트,2004-04-26
대전광역시 대덕구 읍내동 487,250.68,철근콘크리트구조,공장,(철근)콘크리트,1988-03-15
대전광역시 대덕구 읍내동 487-1,318.06,일반철골구조,공장,(철근)콘크리트,1988-03-10
대전광역시 대덕구 읍내동 487-14,239.05,철근콘크리트구조,자동차관련시설,(철근)콘크리트,1993-09-09
대전광역시 대덕구 읍내동 487-2,301.51,일반철골구조,공장,기타지붕,2021-06-01
대전광역시 대덕구 읍내동 487-3,417.01,경량철골구조,공장,슬레이트,1992-10-29
대전광역시 대덕구 읍내동 487-6,324.36,철근콘크리트구조,공장,(철근)콘크리트,1988-12-14
대전광역시 대덕구 읍내동 487-8,189.25,경량철골구조,제2종근린생활시설,기타지붕,1993-07-20
대전광역시 대덕구 읍내동 488-1,133.48,블록구조,단독주택,기타지붕,1921
대전광역시 대덕구 읍내동 488-13,67.5,벽돌구조,단독주택,(철근)콘크리트,1980-04-24
대전광역시 대덕구 읍내동 488-23,161.84,철근콘크리트구조,단독주택,(철근)콘크리트,
대전광역시 대덕구 읍내동 488-4,285.22,철근콘크리트구조,위험물저장및처리시설,(철근)콘크리트,1995-01-16
대전광역시 대덕구 읍내동 488-42,216.0,철근콘크리트구조,단독주택,(철근)콘크리트,2000-12-29
대전광역시 대덕구 읍내동 488-43,167.54,철근콘크리트구조,제2종근린생활시설,(철근)콘크리트,2000-11-22
대전광역시 대덕구 읍내동 488-9,151.37,일반목구조,단독주택,기와,1965
대전광역시 대덕구 읍내동 489,682.0799999999999,철근콘크리트구조,공동주택,(철근)콘크리트,2001-09-15
대전광역시 대덕구 읍내동 489-1,345.84,철근콘크리트구조,공동주택,(철근)콘크리트,2001-08-07
대전광역시 대덕구 읍내동 490,821.35,철근콘크리트구조,공동주택,(철근)콘크리트,1996-12-03
대전광역시 대덕구 읍내동 490-1,244.58,벽돌구조,단독주택,슬레이트,1970
대전광역시 대덕구 읍내동 490-10,611.74,철근콘크리트구조,공동주택,(철근)콘크리트,1996-11-26
대전광역시 대덕구 읍내동 490-11,849.6,철근콘크리트구조,공동주택,(철근)콘크리트,1996-12-05
대전광역시 대덕구 읍내동 490-2,109.9,벽돌구조,단독주택,(철근)콘크리트,1993-09-22
대전광역시 대덕구 읍내동 490-8,745.24,철근콘크리트구조,공동주택,(철근)콘크리트,2005-05-20
대전광역시 대덕구 읍내동 491,57.26,벽돌구조,단독주택,(철근)콘크리트,1985-08-28
대전광역시 대덕구 읍내동 491-1,69.98,벽돌구조,단독주택,(철근)콘크리트,1978-11-17
대전광역시 대덕구 읍내동 492,122.64,벽돌구조,단독주택,(철근)콘크리트,1990-10-10
대전광역시 대덕구 읍내동 493,36.16,블록구조,단독주택,슬레이트,1977-06-27
대전광역시 대덕구 읍내동 495,0.0,기타조적구조,단독주택,슬레이트,1967
대전광역시 대덕구 읍내동 495-1,313.68,철근콘크리트구조,공동주택,(철근)콘크리트,1996-01-31
대전광역시 대덕구 읍내동 495-10,459.36,철근콘크리트구조,공동주택,(철근)콘크리트,1992-11-14
대전광역시 대덕구 읍내동 495-16,0.0,벽돌구조,단독주택,(철근)콘크리트,1980-03-20
대전광역시 대덕구 읍내동 495-3,114.91,블록구조,단독주택,슬레이트,1944
대전광역시 대덕구 읍내동 495-6,48.56,벽돌구조,단독주택,(철근)콘크리트,1980-11-11
대전광역시 대덕구 읍내동 495-8,53.52,벽돌구조,단독주택,(철근)콘크리트,1985-08-03
대전광역시 대덕구 읍내동 495-9,312.48,철근콘크리트구조,공동주택,(철근)콘크리트,1993-08-28
대전광역시 대덕구 읍내동 496,45.27,벽돌구조,단독주택,기타지붕,1901
대전광역시 대덕구 읍내동 496-1,67.45,벽돌구조,단독주택,(철근)콘크리트,1984-12-17
대전광역시 대덕구 읍내동 496-13,1806.16,철근콘크리트구조,공동주택,(철근)콘크리트,1984-12-13
대전광역시 대덕구 읍내동 496-18,134.23,철근콘크리트구조,제2종근린생활시설,(철근)콘크리트,2005-12-16
대전광역시 대덕구 읍내동 496-21,323.73,철근콘크리트구조,제2종근린생활시설,슬레이트,1985-03-15
대전광역시 대덕구 읍내동 496-25,68.43,벽돌구조,단독주택,(철근)콘크리트,1984-12-17
대전광역시 대덕구 읍내동 496-26,68.43,벽돌구조,단독주택,(철근)콘크리트,1984-12-17
대전광역시 대덕구 읍내동 496-27,67.92,벽돌구조,단독주택,(철근)콘크리트,1984-12-17
대전광역시 대덕구 읍내동 496-28,67.78,벽돌구조,단독주택,(철근)콘크리트,1984-12-08
대전광역시 대덕구 읍내동 496-29,68.04,벽돌구조,단독주택,(철근)콘크리트,1984-12-17
대전광역시 대덕구 읍내동 496-30,75.45,벽돌구조,단독주택,(철근)콘크리트,1984-12-17
대전광역시 대덕구 읍내동 496-31,67.78,벽돌구조,단독주택,(철근)콘크리트,1984-12-17
대전광역시 대덕구 읍내동 496-32,66.66,벽돌구조,단독주택,(철근)콘크리트,1984-12-18
대전광역시 대덕구 읍내동 496-33,85.17,벽돌구조,단독주택,(철근)콘크리트,1985-01-22
대전광역시 대덕구 읍내동 496-34,63.95,벽돌구조,단독주택,(철근)콘크리트,1984-12-17
대전광역시 대덕구 읍내동 496-35,67.45,벽돌구조,단독주택,(철근)콘크리트,1984-12-18
대전광역시 대덕구 읍내동 496-37,66.95,벽돌구조,단독주택,(철근)콘크리트,1984-12-17
대전광역시 대덕구 읍내동 496-38,68.04,벽돌구조,단독주택,(철근)콘크리트,1984-12-17
대전광역시 대덕구 읍내동 496-39,68.16,벽돌구조,단독주택,(철근)콘크리트,1984-12-17
대전광역시 대덕구 읍내동 496-4,78.57,벽돌구조,단독주택,(철근)콘크리트,1984-12-18
대전광역시 대덕구 읍내동 496-40,68.16,벽돌구조,단독주택,(철근)콘크리트,1984-12-17
대전광역시 대덕구 읍내동 496-41,67.78,벽돌구조,단독주택,(철근)콘크리트,1984-12-17
대전광역시 대덕구 읍내동 496-42,67.92,벽돌구조,단독주택,(철근)콘크리트,1984-12-17
대전광역시 대덕구 읍내동 496-43,67.92,벽돌구조,단독주택,(철근)콘크리트,1984-12-17
대전광역시 대덕구 읍내동 496-44,87.56,벽돌구조,단독주택,(철근)콘크리트,1998-05-25
대전광역시 대덕구 읍내동 496-45,98.15,벽돌구조,단독주택,(철근)콘크리트,1985-03-29
대전광역시 대덕구 읍내동 496-47,1011.92,철근콘크리트구조,공동주택,(철근)콘크리트,2000-09-29
대전광역시 대덕구 읍내동 496-48,68.2,벽돌구조,단독주택,(철근)콘크리트,1985-08-31
대전광역시 대덕구 읍내동 496-49,81.08,벽돌구조,단독주택,(철근)콘크리트,1989-07-28
대전광역시 대덕구 읍내동 496-5,111.71,철근콘크리트구조,단독주택,(철근)콘크리트,1997-07-18
대전광역시 대덕구 읍내동 496-50,85.75,벽돌구조,단독주택,(철근)콘크리트,1985-09-26
대전광역시 대덕구 읍내동 496-55,86.31,벽돌구조,단독주택,(철근)콘크리트,1985-09-26
대전광역시 대덕구 읍내동 496-6,108.25,벽돌구조,제2종근린생활시설,(철근)콘크리트,1985-03-14
대전광역시 대덕구 읍내동 496-64,333.12,철근콘크리트구조,공동주택,(철근)콘크리트,2000-11-10
대전광역시 대덕구 읍내동 5-7,133.92,일반철골구조,제2종근린생활시설,기와,1997-03-06
대전광역시 대덕구 읍내동 50-1,136.74,블록구조,단독주택,슬레이트,1975-01-11
대전광역시 대덕구 읍내동 502-2,325.88,철근콘크리트구조,제2종근린생활시설,기타지붕,1994-01-03
대전광역시 대덕구 읍내동 503,101.9,일반철골구조,단독주택,기타지붕,2009-02-06
대전광역시 대덕구 읍내동 504-1,206.89,일반철골구조,자동차관련시설,기타지붕,1999-08-24
대전광역시 대덕구 읍내동 505-68,568.79,일반철골구조,자동차관련시설,(철근)콘크리트,2006-11-29
대전광역시 대덕구 읍내동 506-10,144.46,철근콘크리트구조,제2종근린생활시설,(철근)콘크리트,1993-02-12
대전광역시 대덕구 읍내동 509-1,231.91,경량철골구조,자동차관련시설,기타지붕,
대전광역시 대덕구 읍내동 509-6,375.0,경량철골구조,제2종근린생활시설,기타지붕,2008-07-11
대전광역시 대덕구 읍내동 51-55,49.59,기타조적구조,단독주택,슬레이트,1969
대전광역시 대덕구 읍내동 511,199.2,철근콘크리트구조,위험물저장및처리시설,(철근)콘크리트,2003-03-31
대전광역시 대덕구 읍내동 512-1,376.75,일반철골구조,자동차관련시설,기타지붕,2003-03-07
대전광역시 대덕구 읍내동 512-2,312.99,철근콘크리트구조,위험물저장및처리시설,(철근)콘크리트,1994-11-30
대전광역시 대덕구 읍내동 514-3,155.75,철근콘크리트구조,위험물저장및처리시설,기타지붕,1995-01-20
대전광역시 대덕구 읍내동 514-7,35.0,경량철골구조,단독주택,기타지붕,2001-07-03
대전광역시 대덕구 읍내동 517-10,114.11,벽돌구조,단독주택,기와,1968
대전광역시 대덕구 읍내동 517-14,674.22,철근콘크리트구조,노유자시설,(철근)콘크리트,2007-12-11
대전광역시 대덕구 읍내동 52,38.45,일반목구조,단독주택,기타지붕,1934
대전광역시 대덕구 읍내동 521-4,542.3,일반철골구조,제2종근린생활시설,기타지붕,
대전광역시 대덕구 읍내동 525-2,64.36,벽돌구조,단독주택,슬레이트,1970
대전광역시 대덕구 읍내동 53-2,32.01,기타조적구조,단독주택,기타지붕,1959
대전광역시 대덕구 읍내동 54,20227.6,일반목구조,단독주택,기타지붕,1919
대전광역시 대덕구 읍내동 54-11,174.06,철근콘크리트구조,노유자시설,(철근)콘크리트,1991-10-12
대전광역시 대덕구 읍내동 543-24,43.77,일반철골구조,제2종근린생활시설,기타지붕,2008-09-23
대전광역시 대덕구 읍내동 543-49,73.94,벽돌구조,단독주택,(철근)콘크리트,1988-07-23
대전광역시 대덕구 읍내동 558,52.06,철근콘크리트구조,제2종근린생활시설,(철근)콘크리트,2003-03-14
대전광역시 대덕구 읍내동 561,45.88,철근콘크리트구조,단독주택,(철근)콘크리트,2003-01-06
대전광역시 대덕구 읍내동 562-1,118.43,경량철골구조,창고시설,기타지붕,2007-09-21
대전광역시 대덕구 읍내동 573-1,391.49,일반철골구조,제2종근린생활시설,(철근)콘크리트,2006-09-26
대전광역시 대덕구 읍내동 573-4,194.4,철근콘크리트구조,제2종근린생활시설,(철근)콘크리트,2011-10-10
대전광역시 대덕구 읍내동 573-5,248.2,철근콘크리트구조,제2종근린생활시설,(철근)콘크리트,2005-03-31
대전광역시 대덕구 읍내동 574-4,139.83,철근콘크리트구조,제2종근린생활시설,(철근)콘크리트,2002-09-30
대전광역시 대덕구 읍내동 575-1,348.0,일반철골구조,제2종근린생활시설,기타지붕,2011-06-23
대전광역시 대덕구 읍내동 575-2,375.0,일반철골구조,제2종근린생활시설,기타지붕,2011-06-23
대전광역시 대덕구 읍내동 575-3,433.11,일반철골구조,제2종근린생활시설,기타지붕,2011-12-01
대전광역시 대덕구 읍내동 575-4,455.67,철근콘크리트구조,제2종근린생활시설,(철근)콘크리트,2002-11-06
대전광역시 대덕구 읍내동 576-1,113.16,철근콘크리트구조,제2종근린생활시설,(철근)콘크리트,2002-11-07
대전광역시 대덕구 읍내동 64-4,20.3,기타조적구조,단독주택,슬레이트,1962
대전광역시 대덕구 읍내동 65-2,112.32,철근콘크리트구조,단독주택,(철근)콘크리트,2006-06-27
대전광역시 대덕구 읍내동 69,102.96,철근콘크리트구조,위험물저장및처리시설,(철근)콘크리트,1988-07-29
대전광역시 대덕구 읍내동 73-1,139.03,철근콘크리트구조,제2종근린생활시설,(철근)콘크리트,1997-02-17
대전광역시 대덕구 읍내동 73-9,123.98,철근콘크리트구조,제2종근린생활시설,(철근)콘크리트,1991-09-09
대전광역시 대덕구 읍내동 74,246.22,기타조적구조,단독주택,슬레이트,1956
대전광역시 대덕구 읍내동 74-4,261.25,일반목구조,단독주택,기타지붕,1935
대전광역시 대덕구 읍내동 75,38.02,일반목구조,단독주택,슬레이트,1959
대전광역시 대덕구 읍내동 81,43.97,일반목구조,단독주택,슬레이트,1914
대전광역시 대덕구 읍내동 82,36.13,일반목구조,단독주택,기타지붕,1970
대전광역시 대덕구 읍내동 82-1,214.84,철근콘크리트구조,단독주택,(철근)콘크리트,2008-02-05
대전광역시 대덕구 읍내동 82-3,722.18,철근콘크리트구조,종교시설,(철근)콘크리트,2007-12-27
대전광역시 대덕구 읍내동 82-4,207.69,철근콘크리트구조,노유자시설,(철근)콘크리트,2008-08-13
대전광역시 대덕구 읍내동 82-5,157.32999999999998,일반목구조,단독주택,기와,2002-02-18
대전광역시 대덕구 읍내동 82-6,115.96,철근콘크리트구조,단독주택,기타지붕,2006-09-25
대전광역시 대덕구 읍내동 82-7,84.96,경량철골구조,제2종근린생활시설,기타지붕,2016-12-28
대전광역시 대덕구 읍내동 84-4,135.66,벽돌구조,단독주택,기와,1946
대전광역시 대덕구 읍내동 85-2,102.58,블록구조,단독주택,기와,1979-04-12
대전광역시 대덕구 읍내동 85-3,157.48000000000002,경량철골구조,단독주택,기타지붕,1998-12-08
대전광역시 대덕구 읍내동 85-4,155.59,벽돌구조,단독주택,슬레이트,
대전광역시 대덕구 읍내동 85-6,59.7,벽돌구조,단독주택,기와,1978-10-27
대전광역시 대덕구 읍내동 85-8,96.13,벽돌구조,단독주택,기와,1979-07-09
대전광역시 대덕구 읍내동 86-1,65.92,벽돌구조,단독주택,기와,1979-01-12
대전광역시 대덕구 읍내동 90-2,69.52,기타조적구조,단독주택,슬레이트,1934
대전광역시 대덕구 읍내동 90-45,98.28,경량철골구조,창고시설,기타지붕,1995-12-13
대전광역시 대덕구 읍내동 92-3,184.16,철근콘크리트구조,단독주택,(철근)콘크리트,1993-12-22
대전광역시 대덕구 읍내동 94,1008.4,철골철근콘크리트구조,종교시설,기타지붕,2002-07-23
대전광역시 대덕구 이현동 142,165.98,벽돌구조,제2종근린생활시설,기타지붕,1985-06-07
대전광역시 대덕구 이현동 143,130.8,일반목구조,단독주택,기와,1917
대전광역시 대덕구 이현동 167,101.1,일반목구조,단독주택,기와,1967
대전광역시 대덕구 이현동 174,77.84,일반목구조,단독주택,슬레이트,2003-10-06
대전광역시 대덕구 이현동 177-2,151.14,블록구조,단독주택,기와,1934
대전광역시 대덕구 이현동 178,89.39,경량철골구조,단독주택,기타지붕,2017-11-01
대전광역시 대덕구 이현동 178-1,110.47,철근콘크리트구조,단독주택,(철근)콘크리트,2004-03-16
대전광역시 대덕구 이현동 182,119.29,경량철골구조,단독주택,기타지붕,2007-11-22
대전광역시 대덕구 이현동 183,134.6,일반목구조,단독주택,슬레이트,2001-10-05
대전광역시 대덕구 이현동 184,77.6,경량철골구조,단독주택,기타지붕,2023-09-27
대전광역시 대덕구 이현동 185,105.3,일반목구조,단독주택,슬레이트,1917
대전광역시 대덕구 이현동 185-1,127.71,철근콘크리트구조,단독주택,기타지붕,2010-10-07
대전광역시 대덕구 이현동 186,120.4,벽돌구조,단독주택,기와,
대전광역시 대덕구 이현동 187,177.51,일반목구조,단독주택,기와,1985-06-07
대전광역시 대덕구 이현동 196-2,228.57,경량철골구조,단독주택,기타지붕,2016-07-19
대전광역시 대덕구 이현동 198,84.0,일반목구조,단독주택,슬레이트,1995-06-14
대전광역시 대덕구 이현동 203,0.0,일반목구조,단독주택,슬레이트,1920
대전광역시 대덕구 이현동 205,84.02,경량철골구조,단독주택,기타지붕,1920
대전광역시 대덕구 이현동 205-1,111.27,철근콘크리트구조,단독주택,(철근)콘크리트,2017-04-13
대전광역시 대덕구 이현동 207,256.98,일반목구조,단독주택,기타지붕,2017-08-28
대전광역시 대덕구 이현동 208,152.27,벽돌구조,단독주택,(철근)콘크리트,1994-02-01
대전광역시 대덕구 이현동 209-1,86.12,벽돌구조,단독주택,기타지붕,1997-11-27
대전광역시 대덕구 이현동 212-4,134.64,철근콘크리트구조,노유자시설,(철근)콘크리트,2002-05-31
대전광역시 대덕구 이현동 212-5,66.0,경량철골구조,창고시설,기타지붕,2008-01-18
대전광역시 대덕구 이현동 236,99.99,경량철골구조,창고시설,기타지붕,2020-01-06
대전광역시 대덕구 이현동 251,150.51999999999998,기타조적구조,제2종근린생활시설,슬레이트,2002-12-11
대전광역시 대덕구 이현동 269-1,129.61,철근콘크리트구조,단독주택,(철근)콘크리트,2007-10-31
대전광역시 대덕구 이현동 273,128.64,블록구조,단독주택,기타지붕,2018-01-18
대전광역시 대덕구 이현동 274,161.93,일반목구조,단독주택,슬레이트,1917
대전광역시 대덕구 이현동 323,114.45,경량철골구조,단독주택,기타지붕,2016-07-07
대전광역시 대덕구 이현동 323-1,84.69,벽돌구조,단독주택,(철근)콘크리트,1991-09-10
대전광역시 대덕구 이현동 324,144.97,경량철골구조,단독주택,기타지붕,2014-11-11
대전광역시 대덕구 이현동 325,110.6,일반목구조,단독주택,기타지붕,2005-08-05
대전광역시 대덕구 이현동 333,107.47,철근콘크리트구조,단독주택,기와,2007-02-21
대전광역시 대덕구 이현동 334,137.7,일반목구조,단독주택,기와,1983-07-09
대전광역시 대덕구 이현동 335-1,125.7,일반목구조,단독주택,기타지붕,1934
대전광역시 대덕구 이현동 341,124.0,경량철골구조,단독주택,기타지붕,2016-12-29
대전광역시 대덕구 이현동 342,169.5,보강콘크리트조,단독주택,기타지붕,2018-06-12
대전광역시 대덕구 이현동 344,127.54,벽돌구조,단독주택,기타지붕,2000-07-08
대전광역시 대덕구 이현동 344-1,152.29,벽돌구조,단독주택,기와,1993-03-28
대전광역시 대덕구 이현동 346-1,78.0,경량철골구조,창고시설,기타지붕,2019-01-09
대전광역시 대덕구 이현동 347,224.88,경량철골구조,단독주택,기타지붕,1925
대전광역시 대덕구 이현동 348,90.1,블록구조,단독주택,슬레이트,1960
대전광역시 대덕구 이현동 348-1,86.91,벽돌구조,단독주택,(철근)콘크리트,
대전광역시 대덕구 이현동 349-1,166.39,철근콘크리트구조,단독주택,(철근)콘크리트,2008-01-04
대전광역시 대덕구 이현동 351-3,87.3,블록구조,단독주택,슬레이트,1986-09-01
대전광역시 대덕구 이현동 390,115.2,일반목구조,단독주택,기타지붕,
대전광역시 대덕구 장동 0,0.0,블록구조,창고시설,슬레이트,1935
대전광역시 대덕구 장동 100,34.44,경량철골구조,단독주택,기타지붕,2022-09-05
대전광역시 대덕구 장동 101,91.92,일반목구조,단독주택,기타지붕,2006-11-15
대전광역시 대덕구 장동 101-1,75.13,일반목구조,단독주택,기와,1935
대전광역시 대덕구 장동 101-2,73.02,벽돌구조,제2종근린생활시설,(철근)콘크리트,1995-08-25
대전광역시 대덕구 장동 102,178.07,일반목구조,단독주택,기와,1945
대전광역시 대덕구 장동 103,129.25,일반목구조,단독주택,슬레이트,1945
대전광역시 대덕구 장동 105-1,185.68,철근콘크리트구조,단독주택,(철근)콘크리트,2011-07-01
대전광역시 대덕구 장동 105-2,110.44,일반목구조,단독주택,슬레이트,1945
대전광역시 대덕구 장동 105-5,114.6,일반목구조,단독주택,기와,1965
대전광역시 대덕구 장동 105-6,67.5,경량철골구조,창고시설,기타지붕,1997-12-30
대전광역시 대덕구 장동 105-7,141.88,일반목구조,단독주택,기타지붕,2013-04-26
대전광역시 대덕구 장동 105-8,84.6,일반목구조,단독주택,기타지붕,2012-04-10
대전광역시 대덕구 장동 106,42.98,일반목구조,단독주택,슬레이트,1945
대전광역시 대덕구 장동 106-1,144.02,벽돌구조,단독주택,(철근)콘크리트,1965
대전광역시 대덕구 장동 107,79.01,일반목구조,단독주택,슬레이트,1945
대전광역시 대덕구 장동 111,137.8,철근콘크리트구조,단독주택,(철근)콘크리트,2012-03-12
대전광역시 대덕구 장동 111-5,102.37,철근콘크리트구조,단독주택,(철근)콘크리트,2013-04-29
대전광역시 대덕구 장동 111-6,76.32,블록구조,단독주택,슬레이트,1960
대전광역시 대덕구 장동 111-9,104.03,철근콘크리트구조,단독주택,기와,2018-06-27
대전광역시 대덕구 장동 112-1,212.8,블록구조,단독주택,슬레이트,1974
대전광역시 대덕구 장동 112-5,71.08,벽돌구조,단독주택,슬레이트,1987
대전광역시 대덕구 장동 113-1,162.91,기타조적구조,단독주택,슬레이트,1925
대전광역시 대덕구 장동 113-2,58.99,블록구조,단독주택,슬레이트,1965
대전광역시 대덕구 장동 114,396.16,기타조적구조,단독주택,슬레이트,1961
대전광역시 대덕구 장동 115-4,100.93,블록구조,단독주택,슬레이트,1942
대전광역시 대덕구 장동 115-6,52.04,블록구조,단독주택,기타지붕,1945
대전광역시 대덕구 장동 117,751.8299999999999,기타조적구조,단독주택,슬레이트,1964
대전광역시 대덕구 장동 117-1,60.16,블록구조,단독주택,슬레이트,1973
대전광역시 대덕구 장동 123-2,62.79,일반목구조,단독주택,기와,
대전광역시 대덕구 장동 127,315.2,강파이프구조,동물및식물관련시설,기타지붕,2012-10-12
대전광역시 대덕구 장동 137-4,97.68,블록구조,단독주택,슬레이트,1959
대전광역시 대덕구 장동 139-4,139.31,기타조적구조,단독주택,슬레이트,1959
대전광역시 대덕구 장동 140-1,327.6,일반철골구조,동.식물관련시설,기타지붕,1995-10-13
대전광역시 대덕구 장동 143-10,51.74,블록구조,단독주택,슬레이트,1962
대전광역시 대덕구 장동 143-3,77.13,블록구조,단독주택,슬레이트,1960
대전광역시 대덕구 장동 143-4,156.61,블록구조,단독주택,슬레이트,1959
대전광역시 대덕구 장동 143-7,97.44,경량철골구조,단독주택,기타지붕,2014-01-13
대전광역시 대덕구 장동 143-8,59.41,블록구조,단독주택,슬레이트,1935
대전광역시 대덕구 장동 143-9,34.85,블록구조,단독주택,슬레이트,1945
대전광역시 대덕구 장동 150,91.8,일반목구조,단독주택,기타지붕,1945
대전광역시 대덕구 장동 154,91.48,벽돌구조,단독주택,(철근)콘크리트,1993-11-01
대전광역시 대덕구 장동 155,31.0,일반목구조,단독주택,슬레이트,1965
대전광역시 대덕구 장동 166-1,132.89,일반목구조,단독주택,슬레이트,1965
대전광역시 대덕구 장동 166-2,157.86,벽돌구조,단독주택,슬레이트,1945
대전광역시 대덕구 장동 166-3,50.76,일반목구조,단독주택,기와,1963
대전광역시 대덕구 장동 166-4,186.48,경량철골구조,단독주택,기타지붕,2002-07-03
대전광역시 대덕구 장동 170-1,254.65,벽돌구조,단독주택,기타지붕,1998-08-14
대전광역시 대덕구 장동 179,230.47,철근콘크리트구조,제2종근린생활시설,(철근)콘크리트,2003-07-21
대전광역시 대덕구 장동 18,286.22,블록구조,단독주택,슬레이트,1950
대전광역시 대덕구 장동 180-2,121.68,벽돌구조,단독주택,(철근)콘크리트,1993-12-23
대전광역시 대덕구 장동 180-3,63.82,벽돌구조,단독주택,슬레이트,1968
대전광역시 대덕구 장동 180-4,72.98,일반목구조,단독주택,기타지붕,2004-10-11
대전광역시 대덕구 장동 180-5,244.70999999999998,철근콘크리트구조,단독주택,(철근)콘크리트,2005-08-12
대전광역시 대덕구 장동 181,92.9,일반목구조,단독주택,슬레이트,1945
대전광역시 대덕구 장동 182,80.83,일반목구조,단독주택,슬레이트,1946
대전광역시 대덕구 장동 183,70.78,벽돌구조,단독주택,(철근)콘크리트,1989-08-22
대전광역시 대덕구 장동 184,278.62,경량철골구조,단독주택,기타지붕,1996-10-31
대전광역시 대덕구 장동 185,90.13,블록구조,단독주택,기와,1935
대전광역시 대덕구 장동 187,269.9,경량철골구조,제2종근린생활시설,기타지붕,2009-06-29
대전광역시 대덕구 장동 188,38.22,일반목구조,단독주택,슬레이트,1935
대전광역시 대덕구 장동 190-1,197.4,벽돌구조,단독주택,기와,1998-12-07
대전광역시 대덕구 장동 205,535.65,블록구조,동.식물관련시설,기타지붕,2000-11-28
대전광역시 대덕구 장동 206,177.67,블록구조,단독주택,슬레이트,1977-11-17
대전광역시 대덕구 장동 206-5,17.98,블록구조,위험물저장및처리시설,슬레이트,1980-10-03
대전광역시 대덕구 장동 207-7,144.7,블록구조,단독주택,슬레이트,1961
대전광역시 대덕구 장동 207-8,119.06,블록구조,단독주택,슬레이트,1962
대전광역시 대덕구 장동 207-9,54.12,벽돌구조,단독주택,(철근)콘크리트,1980
대전광역시 대덕구 장동 208-1,183.17,블록구조,단독주택,슬레이트,1974
대전광역시 대덕구 장동 209-1,129.91,블록구조,단독주택,슬레이트,1964
대전광역시 대덕구 장동 209-10,256.59000000000003,블록구조,단독주택,기타지붕,1947
대전광역시 대덕구 장동 209-11,203.97,기타조적구조,단독주택,슬레이트,1924
대전광역시 대덕구 장동 209-12,97.26,기타조적구조,단독주택,슬레이트,1924
대전광역시 대덕구 장동 209-14,80.98,블록구조,단독주택,슬레이트,1960
대전광역시 대덕구 장동 209-15,74.72,기타조적구조,단독주택,슬레이트,1970
대전광역시 대덕구 장동 209-17,76.49,블록구조,단독주택,슬레이트,1959
대전광역시 대덕구 장동 209-19,60.64,블록구조,단독주택,슬레이트,1947
대전광역시 대덕구 장동 209-20,164.81,기타조적구조,단독주택,슬레이트,1955
대전광역시 대덕구 장동 209-21,57.42,블록구조,단독주택,슬레이트,1987-10-15
대전광역시 대덕구 장동 209-26,62.35,벽돌구조,단독주택,슬레이트,1997-11-28
대전광역시 대덕구 장동 209-27,59.75,기타조적구조,단독주택,슬레이트,1960
대전광역시 대덕구 장동 209-3,193.62,기타조적구조,단독주택,슬레이트,1973
대전광역시 대덕구 장동 209-31,248.9,블록구조,단독주택,슬레이트,1955
대전광역시 대덕구 장동 209-32,89.1,벽돌구조,단독주택,슬레이트,1963
대전광역시 대덕구 장동 209-33,75.8,기타조적구조,단독주택,슬레이트,1963
대전광역시 대덕구 장동 209-34,84.56,기타조적구조,단독주택,슬레이트,1921
대전광역시 대덕구 장동 209-40,118.5,기타조적구조,단독주택,기와,1965
대전광역시 대덕구 장동 209-41,63.72,기타조적구조,단독주택,슬레이트,1960
대전광역시 대덕구 장동 209-43,148.72,기타조적구조,단독주택,슬레이트,1960
대전광역시 대덕구 장동 209-5,139.19,벽돌구조,단독주택,슬레이트,1995-06-17
대전광역시 대덕구 장동 209-8,90.8,경량철골구조,단독주택,기타지붕,1955
대전광역시 대덕구 장동 209-9,114.8,블록구조,단독주택,슬레이트,1945
대전광역시 대덕구 장동 210-3,206.97000000000003,블록구조,단독주택,슬레이트,1957
대전광역시 대덕구 장동 210-5,73.93,벽돌구조,단독주택,기타지붕,1994-09-29
대전광역시 대덕구 장동 211-2,123.64,기타조적구조,단독주택,슬레이트,1963
대전광역시 대덕구 장동 211-3,238.14,블록구조,단독주택,슬레이트,1971
대전광역시 대덕구 장동 212,1805.54,블록구조,단독주택,슬레이트,1964
대전광역시 대덕구 장동 213-1,182.68,블록구조,단독주택,슬레이트,1960
대전광역시 대덕구 장동 213-10,60.74,블록구조,단독주택,기와,1984
대전광역시 대덕구 장동 213-16,115.12,경량철골구조,단독주택,기타지붕,2006-12-14
대전광역시 대덕구 장동 213-18,76.54,벽돌구조,단독주택,슬레이트,1972
대전광역시 대덕구 장동 213-19,91.66,블록구조,단독주택,슬레이트,1960
대전광역시 대덕구 장동 213-25,69.87,경량철골구조,단독주택,기타지붕,2017-04-25
대전광역시 대덕구 장동 213-26,69.5,경량철골구조,단독주택,기타지붕,2017-04-25
대전광역시 대덕구 장동 213-3,442.09,기타조적구조,단독주택,슬레이트,1965
대전광역시 대덕구 장동 213-4,171.68,벽돌구조,단독주택,슬레이트,1964
대전광역시 대덕구 장동 213-5,76.78,기타조적구조,단독주택,슬레이트,1963
대전광역시 대덕구 장동 213-6,56.82,블록구조,단독주택,슬레이트,1945-01-01
대전광역시 대덕구 장동 213-7,111.18,기타조적구조,단독주택,슬레이트,1960
대전광역시 대덕구 장동 217,452.16,철근콘크리트구조,종교시설,기타지붕,
대전광역시 대덕구 장동 237,137.17,블록구조,동.식물관련시설,슬레이트,
대전광역시 대덕구 장동 240-9,149.39,경량철골구조,창고시설,기타지붕,2024-06-18
대전광역시 대덕구 장동 255,1009.4,철근콘크리트구조,제2종근린생활시설,기타지붕,
대전광역시 대덕구 장동 259-3,102.9,블록구조,단독주택,슬레이트,1965
대전광역시 대덕구 장동 268,4827.6,철근콘크리트구조,공동주택,기와,
대전광역시 대덕구 장동 281,325.15,철근콘크리트구조,단독주택,기와,
대전광역시 대덕구 장동 323-1,258.37,블록구조,단독주택,슬레이트,1945
대전광역시 대덕구 장동 323-2,137.29000000000002,블록구조,단독주택,슬레이트,1954
대전광역시 대덕구 장동 323-3,359.2,벽돌구조,단독주택,(철근)콘크리트,1941
대전광역시 대덕구 장동 325-1,41.37,블록구조,단독주택,슬레이트,1945
대전광역시 대덕구 장동 325-2,180.12,기타조적구조,단독주택,슬레이트,1910
대전광역시 대덕구 장동 326-10,135.19,벽돌구조,단독주택,슬레이트,1959
대전광역시 대덕구 장동 326-11,190.2,기타조적구조,단독주택,슬레이트,1970
대전광역시 대덕구 장동 326-12,355.51,블록구조,단독주택,슬레이트,1970
대전광역시 대덕구 장동 326-14,0.0,블록구조,단독주택,슬레이트,1972
대전광역시 대덕구 장동 326-3,305.76,블록구조,단독주택,슬레이트,1968
대전광역시 대덕구 장동 326-6,453.57,블록구조,단독주택,슬레이트,1970
대전광역시 대덕구 장동 326-8,88.23,블록구조,단독주택,슬레이트,1966
대전광역시 대덕구 장동 326-9,134.33,블록구조,단독주택,슬레이트,1971
대전광역시 대덕구 장동 327-6,405.31,벽돌구조,단독주택,(철근)콘크리트,2003-02-05
대전광역시 대덕구 장동 328-3,132.93,일반목구조,단독주택,슬레이트,1910
대전광역시 대덕구 장동 328-4,110.74,블록구조,단독주택,슬레이트,1962
대전광역시 대덕구 장동 329-2,181.65,블록구조,단독주택,슬레이트,1950
대전광역시 대덕구 장동 329-3,134.98,블록구조,단독주택,슬레이트,1948
대전광역시 대덕구 장동 329-4,163.61,블록구조,단독주택,슬레이트,
대전광역시 대덕구 장동 329-6,138.01,블록구조,단독주택,슬레이트,1968
대전광역시 대덕구 장동 330-5,152.62,블록구조,단독주택,슬레이트,1964
대전광역시 대덕구 장동 330-6,181.88,벽돌구조,단독주택,(철근)콘크리트,1947
대전광역시 대덕구 장동 330-7,191.32,벽돌구조,단독주택,기와,1997-07-15
대전광역시 대덕구 장동 330-8,171.9,블록구조,단독주택,슬레이트,1957
대전광역시 대덕구 장동 344,157.16,블록구조,단독주택,슬레이트,
대전광역시 대덕구 장동 344-13,46.1,블록구조,단독주택,기타지붕,1920
대전광역시 대덕구 장동 344-14,50.84,블록구조,단독주택,슬레이트,1979-05-08
대전광역시 대덕구 장동 344-15,135.21,블록구조,단독주택,슬레이트,1965
대전광역시 대덕구 장동 344-18,103.02,블록구조,단독주택,슬레이트,1945
대전광역시 대덕구 장동 344-2,361.21999999999997,기타조적구조,단독주택,슬레이트,1910
대전광역시 대덕구 장동 344-20,89.73,기타조적구조,단독주택,슬레이트,1958
대전광역시 대덕구 장동 344-22,65.22,블록구조,단독주택,기타지붕,1962
대전광역시 대덕구 장동 344-24,73.61,철근콘크리트구조,단독주택,(철근)콘크리트,2017-12-29
대전광역시 대덕구 장동 344-26,80.44,블록구조,단독주택,슬레이트,
대전광역시 대덕구 장동 344-29,76.02,블록구조,단독주택,슬레이트,1962
대전광역시 대덕구 장동 344-3,118.32,기타조적구조,단독주택,기와,1920
대전광역시 대덕구 장동 344-33,78.99,철근콘크리트구조,단독주택,(철근)콘크리트,2018-08-17
대전광역시 대덕구 장동 344-34,78.13,철근콘크리트구조,단독주택,(철근)콘크리트,2018-05-10
대전광역시 대덕구 장동 344-4,158.05,일반목구조,단독주택,슬레이트,
대전광역시 대덕구 장동 344-5,88.8,철근콘크리트구조,단독주택,(철근)콘크리트,2017-12-29
대전광역시 대덕구 장동 344-6,111.66,철근콘크리트구조,제2종근린생활시설,(철근)콘크리트,2021-06-28
대전광역시 대덕구 장동 344-7,65.64,경량철골구조,단독주택,기타지붕,2011-01-31
대전광역시 대덕구 장동 346,205.3,블록구조,단독주택,슬레이트,1960
대전광역시 대덕구 장동 346-11,34.6,블록구조,단독주택,슬레이트,1961
대전광역시 대덕구 장동 346-12,75.65,기타조적구조,단독주택,기와,1960
대전광역시 대덕구 장동 346-6,120.30000000000001,기타조적구조,단독주택,슬레이트,1963
대전광역시 대덕구 장동 346-9,106.69,벽돌구조,단독주택,슬레이트,1943
대전광역시 대덕구 장동 347-1,129.74,벽돌구조,단독주택,(철근)콘크리트,
대전광역시 대덕구 장동 347-3,274.99,철근콘크리트구조,단독주택,(철근)콘크리트,1999-07-30
대전광역시 대덕구 장동 347-5,172.7,철근콘크리트구조,제2종근린생활시설,(철근)콘크리트,2014-02-07
대전광역시 대덕구 장동 348-1,83.0,벽돌구조,단독주택,(철근)콘크리트,
대전광역시 대덕구 장동 348-2,97.13999999999999,일반목구조,단독주택,슬레이트,1937
대전광역시 대덕구 장동 348-3,133.93,일반목구조,단독주택,기와,1920
대전광역시 대덕구 장동 349-2,0.0,블록구조,단독주택,슬레이트,1976-08-10
대전광역시 대덕구 장동 35,1578.35,철근콘크리트구조,노유자시설,기와,1998-11-06
대전광역시 대덕구 장동 36,62.0,블록구조,단독주택,슬레이트,1962
대전광역시 대덕구 장동 361-1,75.54,일반목구조,단독주택,슬레이트,
대전광역시 대덕구 장동 361-2,123.04,일반목구조,단독주택,기와,1938
대전광역시 대덕구 장동 366-16,99.51,철근콘크리트구조,단독주택,(철근)콘크리트,2020-11-02
대전광역시 대덕구 장동 366-4,145.76,철근콘크리트구조,제2종근린생활시설,(철근)콘크리트,2017-07-10
대전광역시 대덕구 장동 366-8,68.27,블록구조,단독주택,슬레이트,
대전광역시 대덕구 장동 367-4,223.9,경량철골구조,제2종근린생활시설,기타지붕,2008-04-21
대전광역시 대덕구 장동 368,224.82999999999998,블록구조,단독주택,슬레이트,1962
대전광역시 대덕구 장동 369-1,83.92,벽돌구조,단독주택,(철근)콘크리트,2009-06-11
대전광역시 대덕구 장동 370-6,154.06,철근콘크리트구조,단독주택,(철근)콘크리트,2018-01-29
대전광역시 대덕구 장동 373-1,65.7,경량철골구조,창고시설,기타지붕,2015-03-23
대전광역시 대덕구 장동 376,1493.52,철근콘크리트구조,교육연구시설,(철근)콘크리트,
대전광역시 대덕구 장동 382-1,273.48,벽돌구조,창고시설,기와,1995-02-11
대전광역시 대덕구 장동 385,60.14,경량철골구조,창고시설,기타지붕,2016-07-29
대전광역시 대덕구 장동 385-1,230.20000000000002,경량철골구조,단독주택,기타지붕,1962
대전광역시 대덕구 장동 385-2,187.85,기타조적구조,단독주택,슬레이트,1972
대전광역시 대덕구 장동 39,81.32,블록구조,단독주택,슬레이트,1965
대전광역시 대덕구 장동 399-2,130.79,벽돌구조,제2종근린생활시설,(철근)콘크리트,1997-04-28
대전광역시 대덕구 장동 456,140.43,철근콘크리트구조,제2종근린생활시설,(철근)콘크리트,2014-02-27
대전광역시 대덕구 장동 47,148.67,일반목구조,단독주택,기타지붕,2008-01-21
대전광역시 대덕구 장동 48,121.83,일반목구조,단독주택,기타지붕,2008-04-04
대전광역시 대덕구 장동 534-1,495.03999999999996,경량철골구조,단독주택,기타지붕,2000-02-02
대전광역시 대덕구 장동 588,99.82,강파이프구조,창고시설,기타지붕,2016-07-05
대전광역시 대덕구 장동 59,49.32,벽돌구조,단독주택,기타지붕,
대전광역시 대덕구 장동 611,80.44,일반철골구조,단독주택,(철근)콘크리트,1998-10-30
대전광역시 대덕구 장동 624,91.17,블록구조,단독주택,슬레이트,1950
대전광역시 대덕구 장동 625-2,198.36,벽돌구조,단독주택,(철근)콘크리트,1998-04-17
대전광역시 대덕구 장동 626,69.0,철근콘크리트구조,제2종근린생활시설,기타지붕,2000-09-01
대전광역시 대덕구 장동 627,104.89,경량철골구조,단독주택,기타지붕,1999-06-24
대전광역시 대덕구 장동 627-1,67.46,철근콘크리트구조,단독주택,(철근)콘크리트,2019-10-14
대전광역시 대덕구 장동 629,71.98,일반목구조,단독주택,슬레이트,1900
대전광역시 대덕구 장동 631,98.63,일반목구조,단독주택,기타지붕,
대전광역시 대덕구 장동 634,52.5,블록구조,단독주택,슬레이트,1920
대전광역시 대덕구 장동 635,120.3,벽돌구조,단독주택,슬레이트,1992-10-23
대전광역시 대덕구 장동 639,125.95,경량철골구조,단독주택,기타지붕,1940
대전광역시 대덕구 장동 640,114.01,일반목구조,단독주택,기타지붕,1924
대전광역시 대덕구 장동 641,149.27,일반목구조,단독주택,슬레이트,1910
대전광역시 대덕구 장동 642,105.47,블록구조,동.식물관련시설,(철근)콘크리트,1986-07-22
대전광역시 대덕구 장동 644,176.0,일반목구조,단독주택,기와,
대전광역시 대덕구 장동 645,126.69,일반목구조,단독주택,슬레이트,1924
대전광역시 대덕구 장동 652,60.52,경량철골구조,단독주택,기타지붕,1998-07-10
대전광역시 대덕구 장동 655,110.23,철근콘크리트구조,창고시설,기타지붕,2020-08-11
대전광역시 대덕구 장동 659,201.73,일반목구조,단독주택,기타지붕,2008-02-27
대전광역시 대덕구 장동 660,107.09,일반목구조,단독주택,슬레이트,1935
대전광역시 대덕구 장동 661,75.4,경량철골구조,단독주택,기타지붕,1994-06-08
대전광역시 대덕구 장동 663,95.73,일반목구조,단독주택,슬레이트,
대전광역시 대덕구 장동 664,89.01,철근콘크리트구조,단독주택,기와,1950
대전광역시 대덕구 장동 665,84.0,벽돌구조,단독주택,(철근)콘크리트,1987-09-15
대전광역시 대덕구 장동 667-1,156.98000000000002,경량철골구조,단독주택,기타지붕,2021-12-06
대전광역시 대덕구 장동 667-2,84.97,일반목구조,단독주택,슬레이트,
대전광역시 대덕구 장동 668-1,61.13,일반목구조,단독주택,슬레이트,
대전광역시 대덕구 장동 668-2,62.64,경량철골구조,단독주택,기타지붕,1999-09-14
대전광역시 대덕구 장동 668-3,114.66,일반목구조,단독주택,슬레이트,1900
대전광역시 대덕구 장동 669,134.48,벽돌구조,단독주택,(철근)콘크리트,2001-06-11
대전광역시 대덕구 장동 673,117.26,철근콘크리트구조,단독주택,(철근)콘크리트,2019-07-08
대전광역시 대덕구 장동 697-1,77.99,블록구조,단독주택,슬레이트,1973
대전광역시 대덕구 장동 697-2,214.92,블록구조,단독주택,(철근)콘크리트,
대전광역시 대덕구 장동 727,165.11,철근콘크리트구조,단독주택,(철근)콘크리트,2001-09-04
대전광역시 대덕구 장동 74-4,111.16,벽돌구조,단독주택,(철근)콘크리트,1998-10-30
대전광역시 대덕구 장동 75,71.01,기타조적구조,단독주택,기타지붕,1970
대전광역시 대덕구 장동 77,460.09,일반목구조,단독주택,기와,1970
대전광역시 대덕구 장동 771-2,133.92,블록구조,창고시설,슬레이트,
대전광역시 대덕구 장동 775,159.95,블록구조,단독주택,슬레이트,1955
대전광역시 대덕구 장동 775-1,108.72,벽돌구조,단독주택,(철근)콘크리트,1993-12-11
대전광역시 대덕구 장동 777,58.75,일반목구조,단독주택,슬레이트,
대전광역시 대덕구 장동 778,136.62,철근콘크리트구조,단독주택,(철근)콘크리트,2021-07-27
대전광역시 대덕구 장동 782,191.16,철근콘크리트구조,노유자시설,(철근)콘크리트,2022-05-12
대전광역시 대덕구 장동 784,101.85,철근콘크리트구조,제2종근린생활시설,(철근)콘크리트,1992-07-30
대전광역시 대덕구 장동 785,143.9,벽돌구조,단독주택,기와,1976-06-16
대전광역시 대덕구 장동 788,165.9,벽돌구조,단독주택,기타지붕,1976-08-01
대전광역시 대덕구 장동 789,340.17,일반목구조,단독주택,슬레이트,1910
대전광역시 대덕구 장동 79,85.02,블록구조,단독주택,슬레이트,1935
대전광역시 대덕구 장동 79-1,84.0,벽돌구조,단독주택,(철근)콘크리트,1945
대전광역시 대덕구 장동 790-2,114.36000000000001,일반목구조,단독주택,기와,1946
대전광역시 대덕구 장동 790-4,246.59,일반목구조,단독주택,슬레이트,1938
대전광역시 대덕구 장동 791-1,83.19,일반목구조,단독주택,슬레이트,
대전광역시 대덕구 장동 808-4,96.39,블록구조,단독주택,슬레이트,1941
대전광역시 대덕구 장동 808-8,48.75,벽돌구조,창고시설,(철근)콘크리트,1981-11-09
대전광역시 대덕구 장동 81,55.52,일반목구조,단독주택,기와,1925
대전광역시 대덕구 장동 81-1,113.02,철근콘크리트구조,단독주택,(철근)콘크리트,2003-11-25
대전광역시 대덕구 장동 82,98.46,일반목구조,단독주택,슬레이트,1935
대전광역시 대덕구 장동 82-1,83.2,경량철골구조,제2종근린생활시설,기타지붕,2023-06-08
대전광역시 대덕구 장동 82-2,66.0,경량철골구조,제2종근린생활시설,기타지붕,2023-06-08
대전광역시 대덕구 장동 831-11,48.71,블록구조,단독주택,슬레이트,1974
대전광역시 대덕구 장동 831-12,156.49,블록구조,단독주택,슬레이트,1967
대전광역시 대덕구 장동 831-13,112.85,블록구조,단독주택,슬레이트,1969
대전광역시 대덕구 장동 831-17,68.47,블록구조,단독주택,슬레이트,1962
대전광역시 대덕구 장동 831-27,79.44,벽돌구조,단독주택,(철근)콘크리트,1910
대전광역시 대덕구 장동 831-4,163.6,블록구조,단독주택,슬레이트,1965
대전광역시 대덕구 장동 831-6,122.66,일반목구조,단독주택,슬레이트,1910
대전광역시 대덕구 장동 831-8,84.32,벽돌구조,단독주택,(철근)콘크리트,1996-06-04
대전광역시 대덕구 장동 844-10,84.92,철근콘크리트구조,단독주택,(철근)콘크리트,2015-06-10
대전광역시 대덕구 장동 844-12,52.89,블록구조,단독주택,슬레이트,1945
대전광역시 대덕구 장동 844-13,73.55,벽돌구조,단독주택,(철근)콘크리트,1990-07-28
대전광역시 대덕구 장동 844-14,50.0,블록구조,단독주택,슬레이트,1959
대전광역시 대덕구 장동 844-3,86.4,블록구조,단독주택,슬레이트,1960
대전광역시 대덕구 장동 844-5,110.95,블록구조,단독주택,슬레이트,1960
대전광역시 대덕구 장동 844-8,109.36,블록구조,단독주택,슬레이트,1960
대전광역시 대덕구 장동 844-9,96.18,기타조적구조,단독주택,슬레이트,1921
대전광역시 대덕구 장동 86,429.94,일반목구조,단독주택,기와,1961
대전광역시 대덕구 장동 87-3,11.96,철근콘크리트구조,제2종근린생활시설,기와,2001-04-23
대전광역시 대덕구 장동 89,118.66,철근콘크리트구조,단독주택,(철근)콘크리트,2001-10-24
대전광역시 대덕구 중리동 100-1,117.85,철근콘크리트구조,단독주택,(철근)콘크리트,1995-12-21
대전광역시 대덕구 중리동 100-10,118.0,벽돌구조,단독주택,기와,1996-12-12
대전광역시 대덕구 중리동 100-11,117.72,벽돌구조,단독주택,(철근)콘크리트,1995-02-14
대전광역시 대덕구 중리동 100-12,120.57,철근콘크리트구조,단독주택,(철근)콘크리트,1997-05-28
대전광역시 대덕구 중리동 100-14,117.83,철근콘크리트구조,단독주택,(철근)콘크리트,1993-09-15
대전광역시 대덕구 중리동 100-15,120.75,철근콘크리트구조,단독주택,(철근)콘크리트,1996-05-17
대전광역시 대덕구 중리동 100-2,119.79,철근콘크리트구조,단독주택,(철근)콘크리트,1996-08-05
대전광역시 대덕구 중리동 100-3,120.86,벽돌구조,단독주택,(철근)콘크리트,1993-06-22
대전광역시 대덕구 중리동 100-4,119.58,철근콘크리트구조,단독주택,(철근)콘크리트,1993-11-18
대전광역시 대덕구 중리동 100-5,120.42,철근콘크리트구조,단독주택,(철근)콘크리트,1995-08-16
대전광역시 대덕구 중리동 100-6,120.48,철근콘크리트구조,단독주택,(철근)콘크리트,1995-04-17
대전광역시 대덕구 중리동 100-7,121.04,철근콘크리트구조,단독주택,(철근)콘크리트,2012-02-23
대전광역시 대덕구 중리동 100-8,117.66,철근콘크리트구조,단독주택,(철근)콘크리트,1996-12-27
대전광역시 대덕구 중리동 100-9,116.88,철근콘크리트구조,단독주택,(철근)콘크리트,1996-12-04
대전광역시 대덕구 중리동 101-1,2278.71,철근콘크리트구조,수련시설,(철근)콘크리트,1998-02-27
대전광역시 대덕구 중리동 102-1,130.525,철근콘크리트구조,단독주택,기타지붕,1993-08-23
대전광역시 대덕구 중리동 102-10,131.4,벽돌구조,단독주택,(철근)콘크리트,1993-08-17
대전광역시 대덕구 중리동 102-11,133.2,벽돌구조,단독주택,(철근)콘크리트,1994-05-27
대전광역시 대덕구 중리동 102-12,128.21,벽돌구조,단독주택,(철근)콘크리트,1993-06-22
대전광역시 대덕구 중리동 102-13,132.84,철근콘크리트구조,단독주택,(철근)콘크리트,1996-04-13
대전광역시 대덕구 중리동 102-14,130.34,철근콘크리트구조,단독주택,(철근)콘크리트,1995-11-22
대전광역시 대덕구 중리동 102-2,132.86,벽돌구조,단독주택,(철근)콘크리트,1995-10-02
대전광역시 대덕구 중리동 102-3,97.98,벽돌구조,단독주택,(철근)콘크리트,1993-05-14
대전광역시 대덕구 중리동 102-4,150.59,벽돌구조,단독주택,(철근)콘크리트,1996-02-13
대전광역시 대덕구 중리동 102-5,128.33,벽돌구조,단독주택,(철근)콘크리트,1994-07-09
대전광역시 대덕구 중리동 102-6,126.54,벽돌구조,단독주택,(철근)콘크리트,1993-10-27
대전광역시 대덕구 중리동 102-7,130.69,철근콘크리트구조,단독주택,(철근)콘크리트,1996-12-10
대전광역시 대덕구 중리동 102-8,126.32,철근콘크리트구조,단독주택,기타지붕,1996-09-13
대전광역시 대덕구 중리동 102-9,133.502,벽돌구조,단독주택,(철근)콘크리트,1994-10-26
대전광역시 대덕구 중리동 103-1,116.6,벽돌구조,단독주택,기와,1995-06-19
대전광역시 대덕구 중리동 103-10,120.53,철근콘크리트구조,단독주택,(철근)콘크리트,1995-08-02
대전광역시 대덕구 중리동 103-11,119.94,철근콘크리트구조,단독주택,(철근)콘크리트,1996-10-30
대전광역시 대덕구 중리동 103-12,111.66,철근콘크리트구조,단독주택,(철근)콘크리트,1993-06-02
대전광역시 대덕구 중리동 103-13,117.0,철근콘크리트구조,단독주택,(철근)콘크리트,1997-02-24
대전광역시 대덕구 중리동 103-14,120.35,철근콘크리트구조,단독주택,(철근)콘크리트,1995-09-22
대전광역시 대덕구 중리동 103-15,120.32,철근콘크리트구조,단독주택,(철근)콘크리트,1996-09-24
대전광역시 대덕구 중리동 103-16,119.39,철근콘크리트구조,단독주택,(철근)콘크리트,1996-10-17
대전광역시 대덕구 중리동 103-2,118.4,철근콘크리트구조,단독주택,(철근)콘크리트,1996-08-16
대전광역시 대덕구 중리동 103-3,117.46,벽돌구조,단독주택,(철근)콘크리트,1993-07-14
대전광역시 대덕구 중리동 103-4,120.13,벽돌구조,단독주택,(철근)콘크리트,1994-08-29
대전광역시 대덕구 중리동 103-5,118.68,벽돌구조,단독주택,(철근)콘크리트,1996-08-09
대전광역시 대덕구 중리동 103-6,120.44,벽돌구조,단독주택,(철근)콘크리트,1994-07-02
대전광역시 대덕구 중리동 103-7,120.08,벽돌구조,단독주택,(철근)콘크리트,1994-04-21
대전광역시 대덕구 중리동 103-8,119.089,벽돌구조,단독주택,(철근)콘크리트,1993-07-02
대전광역시 대덕구 중리동 103-9,117.84,철근콘크리트구조,단독주택,(철근)콘크리트,1995-10-20
대전광역시 대덕구 중리동 104-1,131.94,철근콘크리트구조,단독주택,(철근)콘크리트,1996-10-02
대전광역시 대덕구 중리동 104-10,133.12,철근콘크리트구조,단독주택,(철근)콘크리트,1998-07-29
대전광역시 대덕구 중리동 104-11,111.18,벽돌구조,단독주택,(철근)콘크리트,1992-10-19
대전광역시 대덕구 중리동 104-12,135.63,철근콘크리트구조,단독주택,(철근)콘크리트,1995-07-18
대전광역시 대덕구 중리동 104-13,134.56,철근콘크리트구조,단독주택,(철근)콘크리트,1995-11-30
대전광역시 대덕구 중리동 104-14,131.88,철근콘크리트구조,단독주택,(철근)콘크리트,1996-06-24
대전광역시 대덕구 중리동 104-2,135.68,철근콘크리트구조,단독주택,(철근)콘크리트,1997-03-08
대전광역시 대덕구 중리동 104-3,134.16,철근콘크리트구조,단독주택,(철근)콘크리트,1996-09-24
대전광역시 대덕구 중리동 104-4,135.68,철근콘크리트구조,단독주택,(철근)콘크리트,1997-09-13
대전광역시 대덕구 중리동 104-5,135.18,철근콘크리트구조,단독주택,(철근)콘크리트,2012-02-03
대전광역시 대덕구 중리동 104-6,135.0,철근콘크리트구조,단독주택,(철근)콘크리트,1994-09-28
대전광역시 대덕구 중리동 104-7,129.555,철근콘크리트구조,단독주택,(철근)콘크리트,1996-08-13
대전광역시 대덕구 중리동 104-8,129.545,철근콘크리트구조,단독주택,(철근)콘크리트,1993-04-26
대전광역시 대덕구 중리동 104-9,133.86,철근콘크리트구조,단독주택,(철근)콘크리트,1995-11-04
대전광역시 대덕구 중리동 105-1,123.1,철근콘크리트구조,단독주택,(철근)콘크리트,1995-11-21
대전광역시 대덕구 중리동 105-10,123.5,철근콘크리트구조,단독주택,(철근)콘크리트,1994-06-23
대전광역시 대덕구 중리동 105-2,121.31,철근콘크리트구조,단독주택,(철근)콘크리트,1996-07-04
대전광역시 대덕구 중리동 105-3,119.92,철골콘크리트구조,단독주택,(철근)콘크리트,1995-06-28
대전광역시 대덕구 중리동 105-4,124.8,벽돌구조,단독주택,(철근)콘크리트,1993-08-17
대전광역시 대덕구 중리동 105-7,105.716,벽돌구조,단독주택,(철근)콘크리트,1994-09-07
대전광역시 대덕구 중리동 105-8,119.02,벽돌구조,단독주택,기타지붕,1995-05-18
대전광역시 대덕구 중리동 105-9,119.88,벽돌구조,단독주택,(철근)콘크리트,1995-11-13
대전광역시 대덕구 중리동 106-1,126.8,벽돌구조,단독주택,(철근)콘크리트,1994-03-10
대전광역시 대덕구 중리동 106-10,133.1,벽돌구조,단독주택,(철근)콘크리트,1994-07-25
대전광역시 대덕구 중리동 106-11,134.01,철근콘크리트구조,단독주택,(철근)콘크리트,1996-09-04
대전광역시 대덕구 중리동 106-12,126.24,벽돌구조,단독주택,(철근)콘크리트,1993-07-08
대전광역시 대덕구 중리동 106-13,135.18,철근콘크리트구조,단독주택,(철근)콘크리트,1996-06-24
대전광역시 대덕구 중리동 106-14,131.55,일반철골구조,단독주택,기타지붕,1996-02-23
대전광역시 대덕구 중리동 106-2,136.1,철근콘크리트구조,단독주택,(철근)콘크리트,1994-07-07
대전광역시 대덕구 중리동 106-3,135.05,철근콘크리트구조,단독주택,(철근)콘크리트,1993-05-31
대전광역시 대덕구 중리동 106-4,136.08,철근콘크리트구조,단독주택,(철근)콘크리트,2020-01-31
대전광역시 대덕구 중리동 106-5,126.66,철근콘크리트구조,단독주택,(철근)콘크리트,2018-06-25
대전광역시 대덕구 중리동 106-6,132.52,철근콘크리트구조,단독주택,(철근)콘크리트,1994-07-16
대전광역시 대덕구 중리동 106-7,127.305,철근콘크리트구조,단독주택,(철근)콘크리트,1993-07-20
대전광역시 대덕구 중리동 106-8,123.84,철근콘크리트구조,단독주택,(철근)콘크리트,1994-05-26
대전광역시 대덕구 중리동 106-9,103.95,벽돌구조,단독주택,(철근)콘크리트,1993-05-12
대전광역시 대덕구 중리동 107-1,135.55,철근콘크리트구조,단독주택,(철근)콘크리트,2009-10-20
대전광역시 대덕구 중리동 107-10,135.61,철근콘크리트구조,단독주택,(철근)콘크리트,2009-10-26
대전광역시 대덕구 중리동 107-2,135.95,철근콘크리트구조,단독주택,(철근)콘크리트,1996-09-09
대전광역시 대덕구 중리동 107-3,139.56,철근콘크리트구조,단독주택,(철근)콘크리트,1994-12-15
대전광역시 대덕구 중리동 107-4,137.84,철근콘크리트구조,단독주택,(철근)콘크리트,1998-05-15
대전광역시 대덕구 중리동 107-5,199.14,벽돌구조,단독주택,(철근)콘크리트,1993-01-26
대전광역시 대덕구 중리동 107-7,138.6,철근콘크리트구조,단독주택,(철근)콘크리트,1997-01-23
대전광역시 대덕구 중리동 107-8,137.61,철근콘크리트구조,단독주택,(철근)콘크리트,1997-09-10
대전광역시 대덕구 중리동 107-9,137.85,철근콘크리트구조,단독주택,(철근)콘크리트,1995-11-11
대전광역시 대덕구 중리동 108-2,134.16,철근콘크리트구조,단독주택,(철근)콘크리트,1995-08-02
대전광역시 대덕구 중리동 108-3,134.68,철근콘크리트구조,단독주택,(철근)콘크리트,1997-01-30
대전광역시 대덕구 중리동 108-4,134.14,철근콘크리트구조,단독주택,(철근)콘크리트,1995-09-11
대전광역시 대덕구 중리동 108-5,137.74,일반철골구조,단독주택,기타지붕,2001-08-07
대전광역시 대덕구 중리동 108-6,133.56,철근콘크리트구조,단독주택,(철근)콘크리트,1996-06-24
대전광역시 대덕구 중리동 108-7,81.6,벽돌구조,단독주택,(철근)콘크리트,1993-10-11
대전광역시 대덕구 중리동 109-1,122.41,철근콘크리트구조,단독주택,(철근)콘크리트,1996-09-18
대전광역시 대덕구 중리동 109-12,122.27,철근콘크리트구조,단독주택,(철근)콘크리트,1996-09-21
대전광역시 대덕구 중리동 109-2,124.08,철근콘크리트구조,단독주택,(철근)콘크리트,1996-11-13
대전광역시 대덕구 중리동 109-3,105.77,벽돌구조,단독주택,(철근)콘크리트,1993-09-18
대전광역시 대덕구 중리동 109-4,124.0,철근콘크리트구조,단독주택,(철근)콘크리트,1994-06-24
대전광역시 대덕구 중리동 109-5,117.9,벽돌구조,단독주택,(철근)콘크리트,1993-06-02
대전광역시 대덕구 중리동 109-6,121.96,철근콘크리트구조,단독주택,(철근)콘크리트,1997-03-03
대전광역시 대덕구 중리동 109-8,125.97,철근콘크리트구조,단독주택,(철근)콘크리트,1996-11-20
대전광역시 대덕구 중리동 110-1,100.5,벽돌구조,단독주택,(철근)콘크리트,1993-07-09
대전광역시 대덕구 중리동 110-10,129.16,철근콘크리트구조,단독주택,(철근)콘크리트,1993-01-12
대전광역시 대덕구 중리동 110-11,126.68,철근콘크리트구조,단독주택,(철근)콘크리트,1996-03-16
대전광역시 대덕구 중리동 110-12,110.14,벽돌구조,단독주택,(철근)콘크리트,1994-06-08
대전광역시 대덕구 중리동 110-2,129.68,벽돌구조,단독주택,(철근)콘크리트,1995-08-22
대전광역시 대덕구 중리동 110-3,128.42,벽돌구조,단독주택,(철근)콘크리트,1996-01-08
대전광역시 대덕구 중리동 110-4,129.3,철근콘크리트구조,단독주택,(철근)콘크리트,1996-08-08
대전광역시 대덕구 중리동 110-5,128.47,벽돌구조,단독주택,(철근)콘크리트,1994-06-09
대전광역시 대덕구 중리동 110-6,124.92,철근콘크리트구조,단독주택,(철근)콘크리트,1994-05-26
대전광역시 대덕구 중리동 110-7,125.525,철근콘크리트구조,단독주택,(철근)콘크리트,1995-07-14
대전광역시 대덕구 중리동 110-8,121.1,벽돌구조,단독주택,(철근)콘크리트,1993-09-07
대전광역시 대덕구 중리동 110-9,130.26,철근콘크리트구조,단독주택,(철근)콘크리트,2017-03-30
대전광역시 대덕구 중리동 111-1,121.74,철근콘크리트구조,단독주택,(철근)콘크리트,1995-11-15
대전광역시 대덕구 중리동 111-10,110.35,벽돌구조,단독주택,(철근)콘크리트,1994-06-30
대전광역시 대덕구 중리동 111-11,121.6,벽돌구조,단독주택,(철근)콘크리트,1995-01-12
대전광역시 대덕구 중리동 111-12,120.22,철근콘크리트구조,단독주택,(철근)콘크리트,1995-11-14
대전광역시 대덕구 중리동 111-2,125.4,철근콘크리트구조,단독주택,기타지붕,1999-02-11
대전광역시 대덕구 중리동 111-3,123.83,철근콘크리트구조,단독주택,(철근)콘크리트,1993-06-02
대전광역시 대덕구 중리동 111-4,112.53,벽돌구조,단독주택,(철근)콘크리트,1996-03-21
대전광역시 대덕구 중리동 111-5,123.34,철근콘크리트구조,단독주택,(철근)콘크리트,1995-08-08
대전광역시 대덕구 중리동 111-6,117.44,철근콘크리트구조,단독주택,(철근)콘크리트,1994-09-13
대전광역시 대덕구 중리동 111-7,119.32,철근콘크리트구조,단독주택,(철근)콘크리트,1997-07-24
대전광역시 대덕구 중리동 111-8,125.0,철근콘크리트구조,단독주택,(철근)콘크리트,1996-11-26
대전광역시 대덕구 중리동 111-9,124.75,철근콘크리트구조,단독주택,(철근)콘크리트,1996-08-27
대전광역시 대덕구 중리동 112-1,120.02,철근콘크리트구조,단독주택,(철근)콘크리트,1993-10-06
대전광역시 대덕구 중리동 112-10,126.37,철근콘크리트구조,단독주택,(철근)콘크리트,1996-11-15
대전광역시 대덕구 중리동 112-11,123.81,철근콘크리트구조,단독주택,(철근)콘크리트,1996-11-26
대전광역시 대덕구 중리동 112-12,123.005,철근콘크리트구조,단독주택,(철근)콘크리트,1995-11-22
대전광역시 대덕구 중리동 112-2,105.81,벽돌구조,단독주택,(철근)콘크리트,1994-11-24
대전광역시 대덕구 중리동 112-3,112.35,벽돌구조,단독주택,(철근)콘크리트,1993-09-02
대전광역시 대덕구 중리동 112-4,101.48,벽돌구조,단독주택,(철근)콘크리트,1993-05-21
대전광역시 대덕구 중리동 112-5,127.95,벽돌구조,단독주택,(철근)콘크리트,1993-07-07
대전광역시 대덕구 중리동 112-6,122.42,철근콘크리트구조,단독주택,(철근)콘크리트,1994-11-24
대전광역시 대덕구 중리동 112-7,123.015,철근콘크리트구조,단독주택,(철근)콘크리트,1995-05-29
대전광역시 대덕구 중리동 112-8,126.54,철근콘크리트구조,단독주택,(철근)콘크리트,1996-07-15
대전광역시 대덕구 중리동 112-9,125.34,철근콘크리트구조,단독주택,(철근)콘크리트,1995-05-18
대전광역시 대덕구 중리동 113-1,119.62,철근콘크리트구조,단독주택,(철근)콘크리트,1994-07-07
대전광역시 대덕구 중리동 113-10,119.67,철근콘크리트구조,단독주택,(철근)콘크리트,1995-01-10
대전광역시 대덕구 중리동 113-11,120.29,철근콘크리트구조,단독주택,(철근)콘크리트,1994-06-30
대전광역시 대덕구 중리동 113-12,118.62,철근콘크리트구조,단독주택,(철근)콘크리트,1994-01-24
대전광역시 대덕구 중리동 113-2,119.2,벽돌구조,단독주택,(철근)콘크리트,1993-11-04
대전광역시 대덕구 중리동 113-3,121.35,철근콘크리트구조,단독주택,(철근)콘크리트,1997-09-08
대전광역시 대덕구 중리동 113-4,119.14,벽돌구조,단독주택,(철근)콘크리트,1994-05-25
대전광역시 대덕구 중리동 113-5,117.63,벽돌구조,단독주택,(철근)콘크리트,1994-03-31
대전광역시 대덕구 중리동 113-7,118.62,철근콘크리트구조,단독주택,(철근)콘크리트,1996-11-15
대전광역시 대덕구 중리동 113-8,120.32,철근콘크리트구조,단독주택,(철근)콘크리트,1996-07-15
대전광역시 대덕구 중리동 113-9,119.28,벽돌구조,단독주택,(철근)콘크리트,1994-09-10
대전광역시 대덕구 중리동 114-1,197.765,벽돌구조,단독주택,기와,1994-01-12
대전광역시 대덕구 중리동 114-10,100.92,벽돌구조,단독주택,(철근)콘크리트,1994-01-10
대전광역시 대덕구 중리동 114-11,121.3,벽돌구조,단독주택,(철근)콘크리트,1994-09-05
대전광역시 대덕구 중리동 114-12,120.18,철근콘크리트구조,단독주택,(철근)콘크리트,1994-11-07
대전광역시 대덕구 중리동 114-2,121.64,벽돌구조,단독주택,(철근)콘크리트,1996-06-07
대전광역시 대덕구 중리동 114-3,121.0,철근콘크리트구조,단독주택,(철근)콘크리트,2001-11-27
대전광역시 대덕구 중리동 114-4,121.88,철근콘크리트구조,단독주택,기타지붕,1994-06-22
대전광역시 대덕구 중리동 114-5,120.66,벽돌구조,단독주택,(철근)콘크리트,1994-11-25
대전광역시 대덕구 중리동 114-6,119.11,벽돌구조,단독주택,(철근)콘크리트,1993-11-08
대전광역시 대덕구 중리동 114-7,119.83,철근콘크리트구조,단독주택,(철근)콘크리트,1995-08-30
대전광역시 대덕구 중리동 114-8,120.78,철근콘크리트구조,단독주택,(철근)콘크리트,1995-12-19
대전광역시 대덕구 중리동 114-9,118.7,벽돌구조,단독주택,(철근)콘크리트,1994-02-14
대전광역시 대덕구 중리동 115,27.4,벽돌구조,단독주택,기와,1948
대전광역시 대덕구 중리동 116-1,124.05,철근콘크리트구조,단독주택,(철근)콘크리트,1995-10-16
대전광역시 대덕구 중리동 116-10,125.81,벽돌구조,단독주택,기타지붕,1996-09-19
대전광역시 대덕구 중리동 116-11,125.39,벽돌구조,단독주택,(철근)콘크리트,1995-04-11
대전광역시 대덕구 중리동 116-12,121.72,철근콘크리트구조,단독주택,(철근)콘크리트,1995-09-05
대전광역시 대덕구 중리동 116-2,125.12,철근콘크리트구조,단독주택,(철근)콘크리트,1995-01-03
대전광역시 대덕구 중리동 116-3,126.36,철근콘크리트구조,단독주택,(철근)콘크리트,1996-10-17
대전광역시 대덕구 중리동 116-4,120.4,철근콘크리트구조,단독주택,(철근)콘크리트,1993-04-29
대전광역시 대덕구 중리동 116-5,126.42,벽돌구조,단독주택,기와,1994-11-01
대전광역시 대덕구 중리동 116-6,122.83,철근콘크리트구조,단독주택,(철근)콘크리트,1996-09-23
대전광역시 대덕구 중리동 116-7,123.0,철근콘크리트구조,단독주택,기타지붕,1995-05-31
대전광역시 대덕구 중리동 116-8,126.85,철근콘크리트구조,단독주택,(철근)콘크리트,1995-09-01
대전광역시 대덕구 중리동 116-9,127.53,벽돌구조,단독주택,(철근)콘크리트,1994-09-17
대전광역시 대덕구 중리동 117-1,122.36,철근콘크리트구조,단독주택,(철근)콘크리트,1996-06-04
대전광역시 대덕구 중리동 117-10,91.68,벽돌구조,단독주택,기와,1993-09-16
대전광역시 대덕구 중리동 117-11,126.4,철근콘크리트구조,단독주택,(철근)콘크리트,2018-12-28
대전광역시 대덕구 중리동 117-12,122.73,철근콘크리트구조,단독주택,(철근)콘크리트,1995-06-30
대전광역시 대덕구 중리동 117-2,88.46,경량철골구조,단독주택,기타지붕,1993-11-30
대전광역시 대덕구 중리동 117-3,126.28,철근콘크리트구조,단독주택,(철근)콘크리트,1996-08-19
대전광역시 대덕구 중리동 117-4,125.08,철근콘크리트구조,단독주택,(철근)콘크리트,1996-07-04
대전광역시 대덕구 중리동 117-5,126.14,철근콘크리트구조,단독주택,(철근)콘크리트,1993-12-28
대전광역시 대덕구 중리동 117-6,122.91,철근콘크리트구조,단독주택,(철근)콘크리트,1996-12-17
대전광역시 대덕구 중리동 117-7,123.915,철근콘크리트구조,단독주택,기타지붕,1993-06-11
대전광역시 대덕구 중리동 117-8,125.69,벽돌구조,단독주택,(철근)콘크리트,1994-12-28
대전광역시 대덕구 중리동 117-9,126.86,벽돌구조,단독주택,(철근)콘크리트,1995-11-22
대전광역시 대덕구 중리동 118-1,115.52,철근콘크리트구조,단독주택,(철근)콘크리트,1994-12-14
대전광역시 대덕구 중리동 118-10,123.52,철근콘크리트구조,단독주택,(철근)콘크리트,1995-12-13
대전광역시 대덕구 중리동 118-11,52.05,블록구조,단독주택,(철근)콘크리트,1995-07-26
대전광역시 대덕구 중리동 118-12,126.72,철근콘크리트구조,단독주택,(철근)콘크리트,2002-08-09
대전광역시 대덕구 중리동 118-13,75.26,벽돌구조,단독주택,(철근)콘크리트,1992-12-30
대전광역시 대덕구 중리동 118-14,125.25,철근콘크리트구조,단독주택,(철근)콘크리트,1997-12-15
대전광역시 대덕구 중리동 118-15,126.394,철근콘크리트구조,단독주택,(철근)콘크리트,1997-12-20
대전광역시 대덕구 중리동 118-16,124.3,철근콘크리트구조,단독주택,(철근)콘크리트,1997-09-02
대전광역시 대덕구 중리동 118-2,123.1,벽돌구조,단독주택,(철근)콘크리트,1992-10-28
대전광역시 대덕구 중리동 118-3,126.63,철근콘크리트구조,단독주택,(철근)콘크리트,1995-10-05
대전광역시 대덕구 중리동 118-4,125.6,철근콘크리트구조,단독주택,(철근)콘크리트,1996-07-16
대전광역시 대덕구 중리동 118-5,124.05,철근콘크리트구조,단독주택,(철근)콘크리트,1996-06-18
대전광역시 대덕구 중리동 118-6,126.39,철근콘크리트구조,단독주택,(철근)콘크리트,1994-11-21
대전광역시 대덕구 중리동 118-7,125.24,철근콘크리트구조,단독주택,(철근)콘크리트,1995-12-07
대전광역시 대덕구 중리동 118-8,135.56,철근콘크리트구조,단독주택,(철근)콘크리트,1994-12-06
대전광역시 대덕구 중리동 118-9,123.8,철근콘크리트구조,단독주택,(철근)콘크리트,1994-12-07
대전광역시 대덕구 중리동 119-1,127.61,철근콘크리트구조,단독주택,(철근)콘크리트,1996-04-13
대전광역시 대덕구 중리동 119-10,121.31,철근콘크리트구조,단독주택,(철근)콘크리트,1997-07-31
대전광역시 대덕구 중리동 119-2,128.72,철근콘크리트구조,단독주택,(철근)콘크리트,1993-07-02
대전광역시 대덕구 중리동 119-3,131.62,철근콘크리트구조,단독주택,기와,1994-05-25
대전광역시 대덕구 중리동 119-4,132.13,철근콘크리트구조,단독주택,(철근)콘크리트,1995-01-17
대전광역시 대덕구 중리동 119-5,127.42,벽돌구조,단독주택,(철근)콘크리트,1994-06-09
대전광역시 대덕구 중리동 119-6,131.26,철근콘크리트구조,단독주택,(철근)콘크리트,1995-05-29
대전광역시 대덕구 중리동 119-8,124.79,철근콘크리트구조,단독주택,(철근)콘크리트,2002-07-23
대전광역시 대덕구 중리동 119-9,129.42,철근콘크리트구조,단독주택,(철근)콘크리트,1997-12-15
대전광역시 대덕구 중리동 12,258.14,벽돌구조,단독주택,기와,1957
대전광역시 대덕구 중리동 120-1,130.6,철근콘크리트구조,단독주택,(철근)콘크리트,1993-11-22
대전광역시 대덕구 중리동 120-10,134.52,철근콘크리트구조,단독주택,기타지붕,1995-12-13
대전광역시 대덕구 중리동 120-2,129.315,벽돌구조,단독주택,(철근)콘크리트,1993-09-22
대전광역시 대덕구 중리동 120-3,135.05,철근콘크리트구조,단독주택,(철근)콘크리트,1994-10-08
대전광역시 대덕구 중리동 120-4,135.42,철근콘크리트구조,단독주택,기타지붕,1993-12-20
대전광역시 대덕구 중리동 120-5,132.62,철근콘크리트구조,단독주택,(철근)콘크리트,1996-10-05
대전광역시 대덕구 중리동 120-6,125.66,철근콘크리트구조,단독주택,(철근)콘크리트,1996-10-16
대전광역시 대덕구 중리동 120-7,136.51,철근콘크리트구조,단독주택,(철근)콘크리트,1996-01-09
대전광역시 대덕구 중리동 120-8,135.7,철근콘크리트구조,단독주택,(철근)콘크리트,1995-07-31
대전광역시 대덕구 중리동 120-9,134.55,철근콘크리트구조,단독주택,(철근)콘크리트,1992-12-03
대전광역시 대덕구 중리동 121-1,776.05,철근콘크리트구조,의료시설,(철근)콘크리트,2000-03-15
대전광역시 대덕구 중리동 121-3,225.6,철근콘크리트구조,의료시설,(철근)콘크리트,1999-10-15
대전광역시 대덕구 중리동 121-4,230.1,철근콘크리트구조,제2종근린생활시설,(철근)콘크리트,
대전광역시 대덕구 중리동 122-1,698.48,철근콘크리트구조,의료시설,(철근)콘크리트,2003-02-28
대전광역시 대덕구 중리동 122-4,343.2,일반철골구조,제2종근린생활시설,기타지붕,2009-12-30
대전광역시 대덕구 중리동 126-1,920.07,철근콘크리트구조,제2종근린생활시설,(철근)콘크리트,2001-11-30
대전광역시 대덕구 중리동 126-3,546.51,철근콘크리트구조,제2종근린생활시설,(철근)콘크리트,2003-07-28
대전광역시 대덕구 중리동 126-5,722.735,일반철골구조,제2종근린생활시설,기타지붕,2003-09-24
대전광역시 대덕구 중리동 131-1,112.14,철근콘크리트구조,단독주택,(철근)콘크리트,1988-09-02
대전광역시 대덕구 중리동 131-10,76.57,벽돌구조,단독주택,(철근)콘크리트,1989-08-25
대전광역시 대덕구 중리동 131-11,85.56,벽돌구조,단독주택,(철근)콘크리트,1989-07-07
대전광역시 대덕구 중리동 131-12,93.24,벽돌구조,단독주택,(철근)콘크리트,1989-06-01
대전광역시 대덕구 중리동 131-13,76.0,벽돌구조,단독주택,(철근)콘크리트,1988-11-12
대전광역시 대덕구 중리동 131-14,118.65,철근콘크리트구조,단독주택,(철근)콘크리트,1998-07-23
대전광역시 대덕구 중리동 131-2,121.28,철근콘크리트구조,단독주택,(철근)콘크리트,2001-11-19
대전광역시 대덕구 중리동 131-3,105.52,벽돌구조,단독주택,(철근)콘크리트,1989-05-16
대전광역시 대덕구 중리동 131-4,108.24,벽돌구조,단독주택,(철근)콘크리트,1989-06-22
대전광역시 대덕구 중리동 131-5,115.08,철근콘크리트구조,단독주택,(철근)콘크리트,1990-08-28
대전광역시 대덕구 중리동 131-6,111.15,철근콘크리트구조,단독주택,(철근)콘크리트,1990-10-16
대전광역시 대덕구 중리동 131-7,114.78,철근콘크리트구조,단독주택,(철근)콘크리트,1987-11-20
대전광역시 대덕구 중리동 131-8,119.04,벽돌구조,단독주택,(철근)콘크리트,1989-09-27
대전광역시 대덕구 중리동 131-9,80.53,벽돌구조,단독주택,(철근)콘크리트,1988-07-22
대전광역시 대덕구 중리동 132-1,130.24,철근콘크리트구조,단독주택,기타지붕,1988-10-04
대전광역시 대덕구 중리동 132-2,130.18,철근콘크리트구조,단독주택,(철근)콘크리트,1989-10-16
대전광역시 대덕구 중리동 132-3,129.06,벽돌구조,단독주택,슬레이트,1989-10-30
대전광역시 대덕구 중리동 132-4,111.73,벽돌구조,단독주택,(철근)콘크리트,1988-09-29
대전광역시 대덕구 중리동 132-5,130.52,철근콘크리트구조,단독주택,(철근)콘크리트,1989-10-25
대전광역시 대덕구 중리동 132-6,100.36,벽돌구조,단독주택,(철근)콘크리트,1989-03-24
대전광역시 대덕구 중리동 132-7,126.19,벽돌구조,단독주택,(철근)콘크리트,1989-07-15
대전광역시 대덕구 중리동 132-8,121.75,벽돌구조,단독주택,(철근)콘크리트,1990-06-22
대전광역시 대덕구 중리동 133-1,209.37,철근콘크리트구조,단독주택,(철근)콘크리트,1990-08-02
대전광역시 대덕구 중리동 133-2,98.42,벽돌구조,단독주택,(철근)콘크리트,1990-07-06
대전광역시 대덕구 중리동 133-3,101.09,벽돌구조,단독주택,(철근)콘크리트,1989-03-07
대전광역시 대덕구 중리동 133-4,204.21,철근콘크리트구조,단독주택,(철근)콘크리트,1999-10-02
대전광역시 대덕구 중리동 133-5,205.25,철근콘크리트구조,단독주택,(철근)콘크리트,2007-04-24
대전광역시 대덕구 중리동 133-7,209.6,철근콘크리트구조,단독주택,(철근)콘크리트,2023-05-22
대전광역시 대덕구 중리동 134-10,78.87,벽돌구조,단독주택,(철근)콘크리트,1988-06-07
대전광역시 대덕구 중리동 134-11,85.98,벽돌구조,단독주택,(철근)콘크리트,1988-09-14
대전광역시 대덕구 중리동 134-12,77.6,벽돌구조,단독주택,(철근)콘크리트,2001-11-14
대전광역시 대덕구 중리동 134-13,84.91,벽돌구조,단독주택,(철근)콘크리트,1988-09-12
대전광역시 대덕구 중리동 134-14,88.54,벽돌구조,단독주택,(철근)콘크리트,1988-09-27
대전광역시 대덕구 중리동 134-2,104.69,벽돌구조,단독주택,(철근)콘크리트,1990-01-08
대전광역시 대덕구 중리동 134-3,76.29,벽돌구조,단독주택,(철근)콘크리트,1989-09-07
대전광역시 대덕구 중리동 134-4,93.28,벽돌구조,단독주택,(철근)콘크리트,1988-10-10
대전광역시 대덕구 중리동 134-5,68.77,벽돌구조,단독주택,(철근)콘크리트,1988-05-09
대전광역시 대덕구 중리동 134-6,90.99,벽돌구조,단독주택,(철근)콘크리트,1989-09-05
대전광역시 대덕구 중리동 134-7,69.95,벽돌구조,단독주택,(철근)콘크리트,1988-07-01
대전광역시 대덕구 중리동 134-8,108.33,벽돌구조,단독주택,(철근)콘크리트,1989-03-08
대전광역시 대덕구 중리동 134-9,105.72,철근콘크리트구조,단독주택,(철근)콘크리트,1988-09-09
대전광역시 대덕구 중리동 135-1,93.27,벽돌구조,단독주택,(철근)콘크리트,1988-12-08
대전광역시 대덕구 중리동 135-10,87.06,벽돌구조,단독주택,(철근)콘크리트,1989-05-18
대전광역시 대덕구 중리동 135-11,69.26,벽돌구조,단독주택,(철근)콘크리트,1988-06-13
대전광역시 대덕구 중리동 135-12,69.72,벽돌구조,단독주택,(철근)콘크리트,1988-11-08
대전광역시 대덕구 중리동 135-13,74.88,벽돌구조,단독주택,(철근)콘크리트,1988-10-13
대전광역시 대덕구 중리동 135-14,84.3,벽돌구조,단독주택,(철근)콘크리트,1988-06-30
대전광역시 대덕구 중리동 135-2,99.04,벽돌구조,단독주택,(철근)콘크리트,1988-06-21
대전광역시 대덕구 중리동 135-3,84.7,벽돌구조,단독주택,(철근)콘크리트,1988-09-27
대전광역시 대덕구 중리동 135-4,68.3,벽돌구조,단독주택,(철근)콘크리트,1988-09-30
대전광역시 대덕구 중리동 135-5,68.44,벽돌구조,단독주택,(철근)콘크리트,1988-07-15
대전광역시 대덕구 중리동 135-6,70.59,벽돌구조,단독주택,(철근)콘크리트,1988-06-07
대전광역시 대덕구 중리동 135-7,67.6,벽돌구조,단독주택,(철근)콘크리트,1988-05-18
대전광역시 대덕구 중리동 135-8,100.63,벽돌구조,단독주택,(철근)콘크리트,1988-04-21
대전광역시 대덕구 중리동 135-9,87.02,벽돌구조,단독주택,(철근)콘크리트,1988-05-18
대전광역시 대덕구 중리동 136-1,98.42,벽돌구조,단독주택,(철근)콘크리트,1989-09-08
대전광역시 대덕구 중리동 136-10,72.93,벽돌구조,단독주택,(철근)콘크리트,1988-10-13
대전광역시 대덕구 중리동 136-11,83.74,벽돌구조,단독주택,(철근)콘크리트,1988-07-06
대전광역시 대덕구 중리동 136-12,76.13,벽돌구조,단독주택,(철근)콘크리트,1989-08-07
대전광역시 대덕구 중리동 136-13,99.37,벽돌구조,단독주택,(철근)콘크리트,1989-05-29
대전광역시 대덕구 중리동 136-14,84.8,벽돌구조,단독주택,(철근)콘크리트,1988-07-25
대전광역시 대덕구 중리동 136-2,72.18,벽돌구조,단독주택,(철근)콘크리트,1989-06-08
대전광역시 대덕구 중리동 136-3,69.9,벽돌구조,단독주택,(철근)콘크리트,1988-06-07
대전광역시 대덕구 중리동 136-4,67.91,벽돌구조,단독주택,(철근)콘크리트,1988-11-05
대전광역시 대덕구 중리동 136-5,69.39,벽돌구조,단독주택,(철근)콘크리트,1987-12-21
대전광역시 대덕구 중리동 136-6,64.98,벽돌구조,단독주택,(철근)콘크리트,1988-09-01
대전광역시 대덕구 중리동 136-7,87.21,벽돌구조,단독주택,(철근)콘크리트,1988-07-08
대전광역시 대덕구 중리동 136-8,104.45,벽돌구조,단독주택,(철근)콘크리트,1988-11-29
대전광역시 대덕구 중리동 136-9,77.4,벽돌구조,단독주택,(철근)콘크리트,1987-12-10
대전광역시 대덕구 중리동 137-1,111.6,벽돌구조,단독주택,(철근)콘크리트,1989-06-05
대전광역시 대덕구 중리동 137-10,111.195,벽돌구조,단독주택,(철근)콘크리트,1989-10-28
대전광역시 대덕구 중리동 137-11,106.95,벽돌구조,단독주택,(철근)콘크리트,1988-12-05
대전광역시 대덕구 중리동 137-12,106.93,벽돌구조,단독주택,(철근)콘크리트,1989-06-17
대전광역시 대덕구 중리동 137-13,106.6,벽돌구조,단독주택,(철근)콘크리트,1987-07-30
대전광역시 대덕구 중리동 137-14,105.91,벽돌구조,단독주택,(철근)콘크리트,1988-09-15
대전광역시 대덕구 중리동 137-2,95.82,벽돌구조,단독주택,(철근)콘크리트,1988-08-23
대전광역시 대덕구 중리동 137-3,92.73,벽돌구조,단독주택,(철근)콘크리트,1989-09-27
대전광역시 대덕구 중리동 137-4,96.44,벽돌구조,단독주택,(철근)콘크리트,1989-06-24
대전광역시 대덕구 중리동 137-5,92.77,벽돌구조,단독주택,(철근)콘크리트,1989-04-27
대전광역시 대덕구 중리동 137-6,77.55,벽돌구조,단독주택,(철근)콘크리트,1988-12-17
대전광역시 대덕구 중리동 137-7,75.66,벽돌구조,단독주택,(철근)콘크리트,1988-06-15
대전광역시 대덕구 중리동 137-9,107.82,철근콘크리트구조,단독주택,(철근)콘크리트,1988-07-19
대전광역시 대덕구 중리동 138-1,106.6,벽돌구조,단독주택,(철근)콘크리트,1988-08-22
대전광역시 대덕구 중리동 138-10,106.66,벽돌구조,단독주택,(철근)콘크리트,1989-10-18
대전광역시 대덕구 중리동 138-11,103.22,벽돌구조,단독주택,(철근)콘크리트,1988-12-23
대전광역시 대덕구 중리동 138-12,103.77,벽돌구조,단독주택,(철근)콘크리트,1988-08-04
대전광역시 대덕구 중리동 138-14,103.96,벽돌구조,단독주택,(철근)콘크리트,1988-11-08
대전광역시 대덕구 중리동 138-2,106.04,벽돌구조,단독주택,(철근)콘크리트,1990-09-24
대전광역시 대덕구 중리동 138-3,65.8,벽돌구조,단독주택,(철근)콘크리트,1988-08-04
대전광역시 대덕구 중리동 138-4,74.31,벽돌구조,단독주택,(철근)콘크리트,1988-09-29
대전광역시 대덕구 중리동 138-5,69.95,벽돌구조,단독주택,(철근)콘크리트,1988-07-01
대전광역시 대덕구 중리동 138-6,90.83,벽돌구조,단독주택,(철근)콘크리트,1989-06-01
대전광역시 대덕구 중리동 138-7,83.16,벽돌구조,단독주택,(철근)콘크리트,1988-06-18
대전광역시 대덕구 중리동 138-8,84.6,벽돌구조,단독주택,(철근)콘크리트,1989-08-31
대전광역시 대덕구 중리동 138-9,108.18,철근콘크리트구조,단독주택,(철근)콘크리트,1989-12-01
대전광역시 대덕구 중리동 139-1,102.43,벽돌구조,단독주택,(철근)콘크리트,1988-06-18
대전광역시 대덕구 중리동 139-10,69.58,벽돌구조,단독주택,(철근)콘크리트,1988-06-28
대전광역시 대덕구 중리동 139-11,68.51,벽돌구조,단독주택,(철근)콘크리트,1988-07-05
대전광역시 대덕구 중리동 139-12,78.71,벽돌구조,단독주택,(철근)콘크리트,1988-05-30
대전광역시 대덕구 중리동 139-13,80.64,벽돌구조,단독주택,(철근)콘크리트,1988-09-29
대전광역시 대덕구 중리동 139-14,64.3,벽돌구조,단독주택,(철근)콘크리트,1988-05-26
대전광역시 대덕구 중리동 139-15,67.77,벽돌구조,단독주택,(철근)콘크리트,1988-07-08
대전광역시 대덕구 중리동 139-2,102.24,벽돌구조,단독주택,(철근)콘크리트,1988-08-20
대전광역시 대덕구 중리동 139-4,66.24,벽돌구조,단독주택,(철근)콘크리트,1988-06-17
대전광역시 대덕구 중리동 139-5,67.67,벽돌구조,단독주택,(철근)콘크리트,1988-11-04
대전광역시 대덕구 중리동 139-6,70.22,벽돌구조,단독주택,기타지붕,1988-05-25
대전광역시 대덕구 중리동 139-7,70.87,벽돌구조,단독주택,(철근)콘크리트,1988-11-14
대전광역시 대덕구 중리동 139-8,86.51,벽돌구조,단독주택,(철근)콘크리트,1988-08-12
대전광역시 대덕구 중리동 139-9,68.51,벽돌구조,단독주택,(철근)콘크리트,1988-10-22
대전광역시 대덕구 중리동 140-1,103.5,벽돌구조,단독주택,(철근)콘크리트,1988-12-17
대전광역시 대덕구 중리동 140-10,70.39,벽돌구조,단독주택,(철근)콘크리트,1988-06-23
대전광역시 대덕구 중리동 140-11,80.28,벽돌구조,단독주택,(철근)콘크리트,1988-05-18
대전광역시 대덕구 중리동 140-12,70.36,벽돌구조,단독주택,(철근)콘크리트,1988-06-13
대전광역시 대덕구 중리동 140-13,73.09,벽돌구조,단독주택,(철근)콘크리트,1988-07-29
대전광역시 대덕구 중리동 140-14,67.67,벽돌구조,단독주택,(철근)콘크리트,1988-11-04
대전광역시 대덕구 중리동 140-2,106.23,철근콘크리트구조,단독주택,(철근)콘크리트,2011-05-18
대전광역시 대덕구 중리동 140-3,69.85,벽돌구조,단독주택,(철근)콘크리트,1988-08-12
대전광역시 대덕구 중리동 140-4,68.96,벽돌구조,단독주택,(철근)콘크리트,1988-06-01
대전광역시 대덕구 중리동 140-5,103.37,벽돌구조,단독주택,(철근)콘크리트,1988-07-05
대전광역시 대덕구 중리동 140-6,85.11,벽돌구조,단독주택,(철근)콘크리트,1989-07-21
대전광역시 대덕구 중리동 140-7,104.49,철근콘크리트구조,단독주택,(철근)콘크리트,2012-11-30
대전광역시 대덕구 중리동 140-8,105.32,벽돌구조,단독주택,(철근)콘크리트,1989-12-26
대전광역시 대덕구 중리동 140-9,69.93,벽돌구조,단독주택,(철근)콘크리트,1988-06-10
대전광역시 대덕구 중리동 141-1,103.34,벽돌구조,단독주택,(철근)콘크리트,1989-11-08
대전광역시 대덕구 중리동 141-10,84.36,벽돌구조,단독주택,(철근)콘크리트,1988-06-18
대전광역시 대덕구 중리동 141-11,90.35,벽돌구조,단독주택,(철근)콘크리트,1990-01-30
대전광역시 대덕구 중리동 141-12,68.92,벽돌구조,단독주택,(철근)콘크리트,1988-06-10
대전광역시 대덕구 중리동 141-13,84.48,벽돌구조,단독주택,(철근)콘크리트,1988-11-19
대전광역시 대덕구 중리동 141-14,100.43,벽돌구조,단독주택,(철근)콘크리트,1989-08-21
대전광역시 대덕구 중리동 141-2,101.2,벽돌구조,단독주택,(철근)콘크리트,1988-06-20
대전광역시 대덕구 중리동 141-3,68.58,벽돌구조,단독주택,(철근)콘크리트,1988-01-19
대전광역시 대덕구 중리동 141-4,72.68,벽돌구조,단독주택,(철근)콘크리트,1988-05-19
대전광역시 대덕구 중리동 141-5,107.62,철근콘크리트구조,단독주택,(철근)콘크리트,2012-08-23
대전광역시 대덕구 중리동 141-6,70.22,벽돌구조,단독주택,(철근)콘크리트,1988-04-18
대전광역시 대덕구 중리동 141-7,70.17,벽돌구조,단독주택,(철근)콘크리트,1988-05-18
대전광역시 대덕구 중리동 141-8,71.77,벽돌구조,단독주택,(철근)콘크리트,1988-09-09
대전광역시 대덕구 중리동 141-9,101.97,벽돌구조,단독주택,(철근)콘크리트,1988-06-30
대전광역시 대덕구 중리동 142-1,104.22,블록구조,단독주택,(철근)콘크리트,1988-08-16
대전광역시 대덕구 중리동 142-2,208.55,철근콘크리트구조,단독주택,(철근)콘크리트,1989-11-23
대전광역시 대덕구 중리동 142-3,208.8,철근콘크리트구조,단독주택,(철근)콘크리트,2002-08-21
대전광역시 대덕구 중리동 142-4,124.42,경량철골구조,단독주택,기타지붕,2009-11-10
대전광역시 대덕구 중리동 142-5,208.78,철근콘크리트구조,단독주택,(철근)콘크리트,2012-02-17
대전광역시 대덕구 중리동 142-6,208.42,철근콘크리트구조,단독주택,(철근)콘크리트,2011-08-10
대전광역시 대덕구 중리동 142-7,206.58,철근콘크리트구조,단독주택,(철근)콘크리트,2019-08-01
대전광역시 대덕구 중리동 143-1,131.12,철근콘크리트구조,단독주택,(철근)콘크리트,2018-01-09
대전광역시 대덕구 중리동 143-2,123.93,벽돌구조,단독주택,(철근)콘크리트,1990-02-03
대전광역시 대덕구 중리동 143-3,131.84,철근콘크리트구조,단독주택,(철근)콘크리트,2017-06-20
대전광역시 대덕구 중리동 143-4,128.72,철근콘크리트구조,단독주택,(철근)콘크리트,1988-08-01
대전광역시 대덕구 중리동 143-5,150.11,철근콘크리트구조,제2종근린생활시설,(철근)콘크리트,1990-05-21
대전광역시 대덕구 중리동 143-6,130.98,일반철골구조,단독주택,기타지붕,2024-09-19
대전광역시 대덕구 중리동 143-7,100.05,벽돌구조,단독주택,(철근)콘크리트,1988-08-23
대전광역시 대덕구 중리동 143-8,130.0,벽돌구조,단독주택,(철근)콘크리트,1989-10-07
대전광역시 대덕구 중리동 144-1,499.78,철근콘크리트구조,교육연구시설,(철근)콘크리트,1994-12-31
대전광역시 대덕구 중리동 145-1,111.56,철근콘크리트구조,단독주택,(철근)콘크리트,2011-07-22
대전광역시 대덕구 중리동 145-10,70.43,벽돌구조,단독주택,(철근)콘크리트,1988-10-26
대전광역시 대덕구 중리동 145-11,88.78,벽돌구조,단독주택,(철근)콘크리트,1988-06-13
대전광역시 대덕구 중리동 145-12,74.495,벽돌구조,단독주택,(철근)콘크리트,1989-05-29
대전광역시 대덕구 중리동 145-2,104.27,철근콘크리트구조,제2종근린생활시설,(철근)콘크리트,1997-11-19
대전광역시 대덕구 중리동 145-3,100.08,벽돌구조,단독주택,(철근)콘크리트,1988-10-22
대전광역시 대덕구 중리동 145-4,76.92,벽돌구조,단독주택,(철근)콘크리트,1987-07-30
대전광역시 대덕구 중리동 145-5,103.46,벽돌구조,단독주택,(철근)콘크리트,1988-08-11
대전광역시 대덕구 중리동 145-6,108.0,벽돌구조,단독주택,(철근)콘크리트,1988-05-25
대전광역시 대덕구 중리동 145-7,109.55,라멘조,단독주택,기타지붕,1988-10-27
대전광역시 대덕구 중리동 145-8,100.3,벽돌구조,단독주택,(철근)콘크리트,1988-08-12
대전광역시 대덕구 중리동 145-9,72.23,벽돌구조,단독주택,(철근)콘크리트,1988-10-10
대전광역시 대덕구 중리동 146-1,106.34,철근콘크리트구조,단독주택,(철근)콘크리트,2022-05-03
대전광역시 대덕구 중리동 146-10,84.29,벽돌구조,단독주택,(철근)콘크리트,1990-12-12
대전광역시 대덕구 중리동 146-11,103.872,벽돌구조,단독주택,(철근)콘크리트,1991-02-05
대전광역시 대덕구 중리동 146-12,70.38,벽돌구조,단독주택,(철근)콘크리트,1988-07-28
대전광역시 대덕구 중리동 146-2,108.68,철근콘크리트구조,단독주택,(철근)콘크리트,2010-11-17
대전광역시 대덕구 중리동 146-3,91.06,벽돌구조,단독주택,(철근)콘크리트,1989-07-11
대전광역시 대덕구 중리동 146-4,70.68,벽돌구조,단독주택,(철근)콘크리트,1988-05-25
대전광역시 대덕구 중리동 146-5,68.95,벽돌구조,단독주택,(철근)콘크리트,1988-07-08
대전광역시 대덕구 중리동 146-6,72.12,벽돌구조,단독주택,(철근)콘크리트,1988-10-10
대전광역시 대덕구 중리동 146-7,69.0,벽돌구조,단독주택,(철근)콘크리트,1988-07-07
대전광역시 대덕구 중리동 146-8,105.87,벽돌구조,단독주택,(철근)콘크리트,1989-09-26
대전광역시 대덕구 중리동 146-9,82.5,벽돌구조,단독주택,(철근)콘크리트,1988-08-04
대전광역시 대덕구 중리동 147-1,96.92,철근콘크리트구조,단독주택,(철근)콘크리트,2002-12-04
대전광역시 대덕구 중리동 147-10,85.64,벽돌구조,단독주택,(철근)콘크리트,1989-10-17
대전광역시 대덕구 중리동 147-11,79.12,벽돌구조,단독주택,(철근)콘크리트,1988-05-10
대전광역시 대덕구 중리동 147-12,82.43,벽돌구조,단독주택,(철근)콘크리트,1987-06-10
대전광역시 대덕구 중리동 147-13,85.95,벽돌구조,단독주택,(철근)콘크리트,1990-01-29
대전광역시 대덕구 중리동 147-14,80.93,벽돌구조,단독주택,(철근)콘크리트,1988-06-27
대전광역시 대덕구 중리동 147-15,79.11,벽돌구조,단독주택,(철근)콘크리트,1988-07-11
대전광역시 대덕구 중리동 147-16,83.73,벽돌구조,단독주택,(철근)콘크리트,1990-05-24
대전광역시 대덕구 중리동 147-17,69.93,벽돌구조,단독주택,(철근)콘크리트,1988-06-20
대전광역시 대덕구 중리동 147-18,66.69,벽돌구조,단독주택,(철근)콘크리트,1990-04-26
대전광역시 대덕구 중리동 147-2,106.41,철근콘크리트구조,단독주택,(철근)콘크리트,2010-08-16
대전광역시 대덕구 중리동 147-3,86.52,벽돌구조,단독주택,(철근)콘크리트,1990-07-13
대전광역시 대덕구 중리동 147-4,84.29,벽돌구조,단독주택,(철근)콘크리트,1989-05-16
대전광역시 대덕구 중리동 147-5,82.74,벽돌구조,단독주택,(철근)콘크리트,1989-02-17
대전광역시 대덕구 중리동 147-6,85.3,벽돌구조,단독주택,(철근)콘크리트,1989-05-06
대전광역시 대덕구 중리동 147-7,74.71,벽돌구조,단독주택,(철근)콘크리트,1988-07-13
대전광역시 대덕구 중리동 147-8,79.3,벽돌구조,단독주택,(철근)콘크리트,1989-10-25
대전광역시 대덕구 중리동 147-9,70.73,벽돌구조,단독주택,(철근)콘크리트,1988-06-13
대전광역시 대덕구 중리동 148-1,100.23,철근콘크리트구조,단독주택,(철근)콘크리트,2014-08-05
대전광역시 대덕구 중리동 148-10,94.12,벽돌구조,단독주택,(철근)콘크리트,1988-07-08
대전광역시 대덕구 중리동 148-11,89.15,벽돌구조,단독주택,(철근)콘크리트,1990-04-16
대전광역시 대덕구 중리동 148-12,69.43,벽돌구조,단독주택,(철근)콘크리트,1988-08-31
대전광역시 대덕구 중리동 148-13,72.95,벽돌구조,단독주택,기와,1989-02-16
대전광역시 대덕구 중리동 148-14,81.68,벽돌구조,단독주택,(철근)콘크리트,1988-08-06
대전광역시 대덕구 중리동 148-15,95.28,벽돌구조,단독주택,(철근)콘크리트,1987-07-11
대전광역시 대덕구 중리동 148-16,81.0,벽돌구조,단독주택,(철근)콘크리트,1987-08-06
대전광역시 대덕구 중리동 148-17,75.12,벽돌구조,단독주택,(철근)콘크리트,1989-11-13
대전광역시 대덕구 중리동 148-18,72.84,벽돌구조,단독주택,(철근)콘크리트,1988-05-02
대전광역시 대덕구 중리동 148-2,97.65,벽돌구조,단독주택,(철근)콘크리트,1988-04-29
대전광역시 대덕구 중리동 148-3,213.04,철근콘크리트구조,단독주택,(철근)콘크리트,2010-01-25
대전광역시 대덕구 중리동 148-5,103.4,벽돌구조,단독주택,(철근)콘크리트,1989-05-20
대전광역시 대덕구 중리동 148-6,105.0,벽돌구조,단독주택,(철근)콘크리트,1988-05-13
대전광역시 대덕구 중리동 148-7,96.6,벽돌구조,단독주택,(철근)콘크리트,1988-08-09
대전광역시 대덕구 중리동 148-8,99.27,벽돌구조,단독주택,(철근)콘크리트,1987-12-01
대전광역시 대덕구 중리동 148-9,98.7,벽돌구조,단독주택,(철근)콘크리트,1989-06-27
대전광역시 대덕구 중리동 149-1,119.69,벽돌구조,단독주택,(철근)콘크리트,1989-09-11
대전광역시 대덕구 중리동 149-10,100.23,벽돌구조,단독주택,(철근)콘크리트,1989-05-26
대전광역시 대덕구 중리동 149-11,101.85,벽돌구조,단독주택,(철근)콘크리트,1989-07-26
대전광역시 대덕구 중리동 149-12,81.45,벽돌구조,단독주택,(철근)콘크리트,1988-06-08
대전광역시 대덕구 중리동 149-13,87.65,벽돌구조,단독주택,(철근)콘크리트,1988-07-25
대전광역시 대덕구 중리동 149-14,114.48,벽돌구조,단독주택,(철근)콘크리트,1988-09-15
대전광역시 대덕구 중리동 149-2,116.25,벽돌구조,단독주택,(철근)콘크리트,1991-01-25
대전광역시 대덕구 중리동 149-3,111.08,벽돌구조,단독주택,(철근)콘크리트,1988-05-26
대전광역시 대덕구 중리동 149-4,111.32,벽돌구조,단독주택,(철근)콘크리트,1988-06-28
대전광역시 대덕구 중리동 149-5,118.54,벽돌구조,단독주택,(철근)콘크리트,1989-10-30
대전광역시 대덕구 중리동 149-6,106.64,철근콘크리트구조,단독주택,(철근)콘크리트,1990-03-16
대전광역시 대덕구 중리동 149-7,120.035,철근콘크리트구조,단독주택,(철근)콘크리트,1989-12-12
대전광역시 대덕구 중리동 149-8,85.51,벽돌구조,단독주택,(철근)콘크리트,1987-08-06
대전광역시 대덕구 중리동 149-9,98.63,벽돌구조,단독주택,(철근)콘크리트,1988-05-27
대전광역시 대덕구 중리동 150-1,125.41,철근콘크리트구조,단독주택,기타지붕,2011-06-21
대전광역시 대덕구 중리동 150-2,132.18,벽돌구조,단독주택,(철근)콘크리트,1990-02-06
대전광역시 대덕구 중리동 150-3,111.0,벽돌구조,단독주택,(철근)콘크리트,1987-12-09
대전광역시 대덕구 중리동 150-4,128.74,철근콘크리트구조,단독주택,(철근)콘크리트,1988-07-11
대전광역시 대덕구 중리동 150-5,60.95,벽돌구조,단독주택,(철근)콘크리트,1988-10-29
대전광역시 대덕구 중리동 150-6,94.34,벽돌구조,단독주택,(철근)콘크리트,1988-11-08
대전광역시 대덕구 중리동 150-7,95.89,벽돌구조,단독주택,기와,1989-01-17
대전광역시 대덕구 중리동 150-8,125.9,철근콘크리트구조,단독주택,(철근)콘크리트,2019-09-03
대전광역시 대덕구 중리동 151-1,195.89,철근콘크리트구조,단독주택,(철근)콘크리트,1993-06-28
대전광역시 대덕구 중리동 151-2,158.8,벽돌구조,단독주택,(철근)콘크리트,1989-05-13
대전광역시 대덕구 중리동 151-3,198.1,철근콘크리트구조,단독주택,(철근)콘크리트,2011-11-15
대전광역시 대덕구 중리동 151-5,109.18,벽돌구조,단독주택,(철근)콘크리트,1988-09-14
대전광역시 대덕구 중리동 151-6,101.0,벽돌구조,단독주택,(철근)콘크리트,1988-07-22
대전광역시 대덕구 중리동 151-7,193.075,철근콘크리트구조,단독주택,(철근)콘크리트,1991-01-11
대전광역시 대덕구 중리동 151-8,191.8,철근콘크리트구조,단독주택,(철근)콘크리트,2006-11-27
대전광역시 대덕구 중리동 152-1,90.71,벽돌구조,단독주택,(철근)콘크리트,1988-09-09
대전광역시 대덕구 중리동 152-10,95.07,벽돌구조,단독주택,(철근)콘크리트,1988-01-25
대전광역시 대덕구 중리동 152-11,83.87,벽돌구조,단독주택,(철근)콘크리트,1989-08-02
대전광역시 대덕구 중리동 152-12,81.6,벽돌구조,단독주택,(철근)콘크리트,1989-07-06
대전광역시 대덕구 중리동 152-13,85.02,벽돌구조,단독주택,(철근)콘크리트,1987-12-18
대전광역시 대덕구 중리동 152-14,73.29,벽돌구조,단독주택,(철근)콘크리트,1988-11-08
대전광역시 대덕구 중리동 152-15,72.24,벽돌구조,단독주택,(철근)콘크리트,1988-06-07
대전광역시 대덕구 중리동 152-16,87.72,벽돌구조,단독주택,(철근)콘크리트,1988-07-28
대전광역시 대덕구 중리동 152-2,68.58,벽돌구조,단독주택,(철근)콘크리트,1988-05-19
대전광역시 대덕구 중리동 152-3,79.47,벽돌구조,단독주택,(철근)콘크리트,1987-11-12
대전광역시 대덕구 중리동 152-4,65.82,벽돌구조,단독주택,(철근)콘크리트,1988-03-18
대전광역시 대덕구 중리동 152-5,71.64,벽돌구조,단독주택,(철근)콘크리트,1989-08-24
대전광역시 대덕구 중리동 152-6,86.28,벽돌구조,단독주택,(철근)콘크리트,1988-06-20
대전광역시 대덕구 중리동 152-7,92.49,벽돌구조,단독주택,(철근)콘크리트,1988-12-28
대전광역시 대덕구 중리동 152-8,83.13,벽돌구조,단독주택,(철근)콘크리트,1989-12-14
대전광역시 대덕구 중리동 152-9,97.02,벽돌구조,단독주택,(철근)콘크리트,1988-02-01
대전광역시 대덕구 중리동 153-1,69.03,벽돌구조,단독주택,(철근)콘크리트,1988-06-02
대전광역시 대덕구 중리동 153-10,96.51,벽돌구조,단독주택,(철근)콘크리트,1988-08-02
대전광역시 대덕구 중리동 153-11,82.94,벽돌구조,단독주택,(철근)콘크리트,1988-12-31
대전광역시 대덕구 중리동 153-12,89.6,벽돌구조,단독주택,(철근)콘크리트,1988-08-01
대전광역시 대덕구 중리동 153-13,84.61,벽돌구조,단독주택,(철근)콘크리트,1988-05-19
대전광역시 대덕구 중리동 153-14,78.01,벽돌구조,단독주택,(철근)콘크리트,1990-05-22
대전광역시 대덕구 중리동 153-15,82.07,벽돌구조,단독주택,(철근)콘크리트,1988-12-15
대전광역시 대덕구 중리동 153-16,69.03,벽돌구조,단독주택,(철근)콘크리트,1988-06-02
대전광역시 대덕구 중리동 153-2,99.63,벽돌구조,단독주택,(철근)콘크리트,1987-08-13
대전광역시 대덕구 중리동 153-3,74.84,벽돌구조,단독주택,(철근)콘크리트,1988-11-08
대전광역시 대덕구 중리동 153-4,72.78,벽돌구조,단독주택,(철근)콘크리트,1988-06-07
대전광역시 대덕구 중리동 153-5,85.84,벽돌구조,단독주택,(철근)콘크리트,1990-05-12
대전광역시 대덕구 중리동 153-6,68.54,벽돌구조,단독주택,(철근)콘크리트,1988-09-23
대전광역시 대덕구 중리동 153-7,82.8,벽돌구조,단독주택,(철근)콘크리트,1990-01-16
대전광역시 대덕구 중리동 153-8,66.24,벽돌구조,단독주택,(철근)콘크리트,1988-08-05
대전광역시 대덕구 중리동 153-9,96.09,벽돌구조,단독주택,(철근)콘크리트,1988-01-07
대전광역시 대덕구 중리동 154-1,90.44,벽돌구조,단독주택,(철근)콘크리트,1988-01-09
대전광역시 대덕구 중리동 154-10,102.93,벽돌구조,단독주택,(철근)콘크리트,1988-03-03
대전광역시 대덕구 중리동 154-11,84.52,벽돌구조,단독주택,(철근)콘크리트,1988-12-19
대전광역시 대덕구 중리동 154-12,78.0,벽돌구조,단독주택,(철근)콘크리트,1988-05-16
대전광역시 대덕구 중리동 154-13,77.37,벽돌구조,단독주택,(철근)콘크리트,1989-08-25
대전광역시 대덕구 중리동 154-14,88.74,벽돌구조,단독주택,(철근)콘크리트,1988-03-05
대전광역시 대덕구 중리동 154-15,70.34,벽돌구조,단독주택,(철근)콘크리트,1988-10-10
대전광역시 대덕구 중리동 154-16,81.5,벽돌구조,단독주택,(철근)콘크리트,1988-06-13
대전광역시 대덕구 중리동 154-2,88.695,벽돌구조,단독주택,(철근)콘크리트,1989-05-22
대전광역시 대덕구 중리동 154-3,67.27,벽돌구조,단독주택,(철근)콘크리트,1988-12-17
대전광역시 대덕구 중리동 154-4,80.0,벽돌구조,단독주택,(철근)콘크리트,1989-05-22
대전광역시 대덕구 중리동 154-5,80.28,벽돌구조,단독주택,(철근)콘크리트,1988-09-29
대전광역시 대덕구 중리동 154-6,72.33,벽돌구조,단독주택,(철근)콘크리트,1988-11-04
대전광역시 대덕구 중리동 154-7,88.89,벽돌구조,단독주택,(철근)콘크리트,1988-09-30
대전광역시 대덕구 중리동 154-8,65.83,벽돌구조,단독주택,(철근)콘크리트,1988-08-01
대전광역시 대덕구 중리동 154-9,96.75,벽돌구조,단독주택,(철근)콘크리트,1990-11-23
대전광역시 대덕구 중리동 155-1,102.94,벽돌구조,단독주택,(철근)콘크리트,1987-12-29
대전광역시 대덕구 중리동 155-10,109.52,벽돌구조,단독주택,(철근)콘크리트,1987-11-12
대전광역시 대덕구 중리동 155-11,106.4,벽돌구조,단독주택,(철근)콘크리트,1987-11-16
대전광역시 대덕구 중리동 155-12,106.72,벽돌구조,단독주택,(철근)콘크리트,1989-08-02
대전광역시 대덕구 중리동 155-13,106.46,벽돌구조,제2종근린생활시설,(철근)콘크리트,1989-12-26
대전광역시 대덕구 중리동 155-14,103.8,벽돌구조,단독주택,(철근)콘크리트,1989-08-26
대전광역시 대덕구 중리동 155-15,100.4,벽돌구조,단독주택,(철근)콘크리트,1988-06-18
대전광역시 대덕구 중리동 155-16,107.04,벽돌구조,단독주택,(철근)콘크리트,1989-05-24
대전광역시 대덕구 중리동 155-2,90.5,벽돌구조,단독주택,(철근)콘크리트,1988-07-25
대전광역시 대덕구 중리동 155-3,106.8,벽돌구조,단독주택,(철근)콘크리트,1989-08-07
대전광역시 대덕구 중리동 155-4,74.09,벽돌구조,단독주택,(철근)콘크리트,1988-06-20
대전광역시 대덕구 중리동 155-5,78.44,벽돌구조,단독주택,(철근)콘크리트,1989-05-10
대전광역시 대덕구 중리동 155-6,70.34,벽돌구조,단독주택,(철근)콘크리트,1988-11-04
대전광역시 대덕구 중리동 155-7,68.57,벽돌구조,단독주택,(철근)콘크리트,1988-06-28
대전광역시 대덕구 중리동 155-8,96.94,벽돌구조,단독주택,(철근)콘크리트,1990-11-20
대전광역시 대덕구 중리동 155-9,100.54,벽돌구조,단독주택,(철근)콘크리트,1988-08-16
대전광역시 대덕구 중리동 156,83.3,일반목구조,단독주택,기와,1944
대전광역시 대덕구 중리동 156-1,78.9,벽돌구조,단독주택,(철근)콘크리트,1987-12-02
대전광역시 대덕구 중리동 156-10,90.85,벽돌구조,단독주택,(철근)콘크리트,1989-01-26
대전광역시 대덕구 중리동 156-11,70.4,벽돌구조,단독주택,(철근)콘크리트,1988-05-06
대전광역시 대덕구 중리동 156-12,82.51,벽돌구조,단독주택,(철근)콘크리트,1988-08-12
대전광역시 대덕구 중리동 156-2,70.83,벽돌구조,단독주택,(철근)콘크리트,1988-08-19
대전광역시 대덕구 중리동 156-3,67.31,벽돌구조,단독주택,(철근)콘크리트,1987-12-14
대전광역시 대덕구 중리동 156-4,99.45,벽돌구조,단독주택,(철근)콘크리트,1990-01-18
대전광역시 대덕구 중리동 156-5,88.54,벽돌구조,단독주택,기와,1989-01-11
대전광역시 대덕구 중리동 156-6,99.45,벽돌구조,단독주택,(철근)콘크리트,1988-11-08
대전광역시 대덕구 중리동 156-7,97.81,벽돌구조,단독주택,(철근)콘크리트,1988-09-29
대전광역시 대덕구 중리동 156-8,75.73,벽돌구조,단독주택,(철근)콘크리트,1988-07-18
대전광역시 대덕구 중리동 156-9,70.4,벽돌구조,단독주택,(철근)콘크리트,1987-12-26
대전광역시 대덕구 중리동 157-1,108.16,철근콘크리트구조,단독주택,(철근)콘크리트,2011-03-09
대전광역시 대덕구 중리동 157-10,83.48,벽돌구조,단독주택,(철근)콘크리트,1988-12-05
대전광역시 대덕구 중리동 157-2,102.06,철근콘크리트구조,단독주택,(철근)콘크리트,2011-11-18
대전광역시 대덕구 중리동 157-3,82.08,벽돌구조,단독주택,(철근)콘크리트,1989-06-26
대전광역시 대덕구 중리동 157-4,86.66,벽돌구조,단독주택,(철근)콘크리트,1989-09-21
대전광역시 대덕구 중리동 157-5,100.14,철근콘크리트구조,단독주택,(철근)콘크리트,2010-11-19
대전광역시 대덕구 중리동 157-6,92.61,벽돌구조,단독주택,(철근)콘크리트,1988-07-08
대전광역시 대덕구 중리동 157-7,101.34,벽돌구조,단독주택,(철근)콘크리트,1987-12-22
대전광역시 대덕구 중리동 157-8,76.37,벽돌구조,단독주택,(철근)콘크리트,1988-05-13
대전광역시 대덕구 중리동 157-9,93.48,벽돌구조,단독주택,(철근)콘크리트,1990-10-16
대전광역시 대덕구 중리동 158-1,148.11,철근콘크리트구조,단독주택,(철근)콘크리트,2018-11-21
대전광역시 대덕구 중리동 158-10,109.2,벽돌구조,단독주택,(철근)콘크리트,1989-03-23
대전광역시 대덕구 중리동 158-11,92.86,벽돌구조,단독주택,(철근)콘크리트,1989-09-09
대전광역시 대덕구 중리동 158-12,105.48,철근콘크리트구조,단독주택,(철근)콘크리트,1989-09-16
대전광역시 대덕구 중리동 158-13,93.98,벽돌구조,단독주택,(철근)콘크리트,1990-01-13
대전광역시 대덕구 중리동 158-14,88.55,벽돌구조,단독주택,(철근)콘크리트,1988-08-29
대전광역시 대덕구 중리동 158-15,115.5,벽돌구조,단독주택,(철근)콘크리트,1987-07-29
대전광역시 대덕구 중리동 158-16,94.4,벽돌구조,단독주택,(철근)콘크리트,1988-06-27
대전광역시 대덕구 중리동 158-2,141.73,경량철골구조,단독주택,기타지붕,1995-05-18
대전광역시 대덕구 중리동 158-3,116.39,벽돌구조,단독주택,(철근)콘크리트,1989-09-28
대전광역시 대덕구 중리동 158-4,110.71,벽돌구조,단독주택,(철근)콘크리트,1989-08-21
대전광역시 대덕구 중리동 158-5,79.07,벽돌구조,단독주택,(철근)콘크리트,1987-06-18
대전광역시 대덕구 중리동 158-6,102.39,벽돌구조,단독주택,(철근)콘크리트,1989-07-21
대전광역시 대덕구 중리동 158-7,82.5,벽돌구조,단독주택,(철근)콘크리트,1989-08-03
대전광역시 대덕구 중리동 158-8,84.78,벽돌구조,단독주택,(철근)콘크리트,1987-12-14
대전광역시 대덕구 중리동 158-9,109.73,벽돌구조,단독주택,(철근)콘크리트,1989-12-01
대전광역시 대덕구 중리동 159-1,116.68,철근콘크리트구조,단독주택,(철근)콘크리트,2009-10-19
대전광역시 대덕구 중리동 159-2,106.09,벽돌구조,단독주택,(철근)콘크리트,1988-12-23
대전광역시 대덕구 중리동 159-3,100.81,벽돌구조,단독주택,(철근)콘크리트,1988-11-24
대전광역시 대덕구 중리동 159-4,105.77,벽돌구조,단독주택,(철근)콘크리트,1997-11-27
대전광역시 대덕구 중리동 159-6,88.38,벽돌구조,단독주택,(철근)콘크리트,1987-09-24
대전광역시 대덕구 중리동 160-1,114.97,철근콘크리트구조,단독주택,(철근)콘크리트,1990-06-09
대전광역시 대덕구 중리동 160-2,104.98,벽돌구조,단독주택,기타지붕,1988-06-02
대전광역시 대덕구 중리동 160-3,79.47,벽돌구조,단독주택,기와,1989-09-28
대전광역시 대덕구 중리동 160-4,86.94,벽돌구조,단독주택,(철근)콘크리트,1988-06-07
대전광역시 대덕구 중리동 160-5,105.32,철근콘크리트구조,단독주택,(철근)콘크리트,2003-08-14
대전광역시 대덕구 중리동 160-6,116.29,철근콘크리트구조,단독주택,(철근)콘크리트,2011-01-28
대전광역시 대덕구 중리동 160-7,113.67,철근콘크리트구조,단독주택,(철근)콘크리트,1990-07-10
대전광역시 대덕구 중리동 160-8,108.75,철근콘크리트구조,단독주택,(철근)콘크리트,1988-02-03
대전광역시 대덕구 중리동 161-1,115.92,철근콘크리트구조,단독주택,(철근)콘크리트,2018-01-31
대전광역시 대덕구 중리동 161-2,111.68,벽돌구조,단독주택,(철근)콘크리트,1988-08-24
대전광역시 대덕구 중리동 161-3,87.9,벽돌구조,단독주택,(철근)콘크리트,1990-08-09
대전광역시 대덕구 중리동 161-4,98.75,벽돌구조,단독주택,(철근)콘크리트,1990-01-19
대전광역시 대덕구 중리동 161-5,127.12,철근콘크리트구조,단독주택,(철근)콘크리트,2020-11-06
대전광역시 대덕구 중리동 161-6,94.46,벽돌구조,단독주택,(철근)콘크리트,1989-09-22
대전광역시 대덕구 중리동 161-7,95.81,벽돌구조,단독주택,(철근)콘크리트,1989-05-18
대전광역시 대덕구 중리동 161-8,98.65,벽돌구조,단독주택,(철근)콘크리트,1988-11-12
대전광역시 대덕구 중리동 162-1,120.15,철근콘크리트구조,단독주택,(철근)콘크리트,2016-07-18
대전광역시 대덕구 중리동 162-2,111.24,철근콘크리트구조,단독주택,(철근)콘크리트,2012-08-22
대전광역시 대덕구 중리동 162-3,75.95,벽돌구조,단독주택,(철근)콘크리트,1988-02-11
대전광역시 대덕구 중리동 162-4,92.59,벽돌구조,단독주택,(철근)콘크리트,1989-08-10
대전광역시 대덕구 중리동 162-5,76.09,벽돌구조,단독주택,(철근)콘크리트,1987-11-04
대전광역시 대덕구 중리동 162-7,109.302,벽돌구조,단독주택,(철근)콘크리트,1989-07-13
대전광역시 대덕구 중리동 162-8,86.1,벽돌구조,단독주택,(철근)콘크리트,1988-07-18
대전광역시 대덕구 중리동 162-9,87.7,벽돌구조,단독주택,기와,1989-01-27
대전광역시 대덕구 중리동 163-1,121.36,벽돌구조,단독주택,(철근)콘크리트,1990-03-22
대전광역시 대덕구 중리동 163-2,86.1,벽돌구조,단독주택,(철근)콘크리트,1988-06-03
대전광역시 대덕구 중리동 163-3,102.21,벽돌구조,단독주택,(철근)콘크리트,1989-05-25
대전광역시 대덕구 중리동 163-4,97.49,벽돌구조,단독주택,(철근)콘크리트,1990-10-31
대전광역시 대덕구 중리동 163-5,85.41,벽돌구조,단독주택,(철근)콘크리트,1988-08-12
대전광역시 대덕구 중리동 163-6,109.96,벽돌구조,단독주택,(철근)콘크리트,1989-09-04
대전광역시 대덕구 중리동 163-7,96.38,벽돌구조,단독주택,(철근)콘크리트,1987-07-30
대전광역시 대덕구 중리동 163-8,60.63,벽돌구조,단독주택,(철근)콘크리트,1988-02-17
대전광역시 대덕구 중리동 163-9,96.36,벽돌구조,단독주택,(철근)콘크리트,1989-06-26
대전광역시 대덕구 중리동 164-1,121.16,철근콘크리트구조,단독주택,(철근)콘크리트,2011-06-21
대전광역시 대덕구 중리동 164-10,69.66,벽돌구조,단독주택,(철근)콘크리트,1988-08-31
대전광역시 대덕구 중리동 164-2,87.76,벽돌구조,단독주택,(철근)콘크리트,1988-07-19
대전광역시 대덕구 중리동 164-3,112.01,벽돌구조,단독주택,(철근)콘크리트,1987-09-28
대전광역시 대덕구 중리동 164-4,111.7,벽돌구조,단독주택,(철근)콘크리트,1989-08-31
대전광역시 대덕구 중리동 164-9,86.47,벽돌구조,단독주택,(철근)콘크리트,1988-07-01
대전광역시 대덕구 중리동 165-1,143.37,철근콘크리트구조,단독주택,(철근)콘크리트,1989-12-16
대전광역시 대덕구 중리동 165-10,131.3,철근콘크리트구조,단독주택,(철근)콘크리트,2011-11-07
대전광역시 대덕구 중리동 165-11,133.48,철근콘크리트구조,단독주택,(철근)콘크리트,2010-07-06
대전광역시 대덕구 중리동 165-12,132.05,철근콘크리트구조,단독주택,(철근)콘크리트,2011-12-29
대전광역시 대덕구 중리동 165-13,138.28,철근콘크리트구조,단독주택,(철근)콘크리트,2011-02-08
대전광역시 대덕구 중리동 165-14,124.08,벽돌구조,단독주택,(철근)콘크리트,1989-09-20
대전광역시 대덕구 중리동 165-15,130.35,벽돌구조,단독주택,(철근)콘크리트,1990-09-22
대전광역시 대덕구 중리동 165-16,126.77,철근콘크리트구조,단독주택,(철근)콘크리트,1991-04-17
대전광역시 대덕구 중리동 165-17,126.97,철근콘크리트구조,단독주택,(철근)콘크리트,1989-12-18
대전광역시 대덕구 중리동 165-18,102.2,벽돌구조,단독주택,(철근)콘크리트,1989-10-04
대전광역시 대덕구 중리동 165-19,127.92,철근콘크리트구조,단독주택,(철근)콘크리트,1989-10-20
대전광역시 대덕구 중리동 165-2,119.39,벽돌구조,단독주택,(철근)콘크리트,1987-06-23
대전광역시 대덕구 중리동 165-20,128.7,철근콘크리트구조,단독주택,(철근)콘크리트,1991-01-29
대전광역시 대덕구 중리동 165-21,128.7,철근콘크리트구조,단독주택,(철근)콘크리트,1990-05-31
대전광역시 대덕구 중리동 165-22,124.62,철근콘크리트구조,단독주택,(철근)콘크리트,1990-09-24
대전광역시 대덕구 중리동 165-23,127.68,철근콘크리트구조,단독주택,(철근)콘크리트,1990-05-17
대전광역시 대덕구 중리동 165-24,125.32,철근콘크리트구조,단독주택,(철근)콘크리트,1988-10-11
대전광역시 대덕구 중리동 165-25,129.73,철근콘크리트구조,단독주택,(철근)콘크리트,1990-12-21
대전광역시 대덕구 중리동 165-26,124.08,철근콘크리트구조,단독주택,(철근)콘크리트,1989-08-22
대전광역시 대덕구 중리동 165-3,132.53,철근콘크리트구조,단독주택,(철근)콘크리트,2012-03-16
대전광역시 대덕구 중리동 165-4,132.05,철근콘크리트구조,단독주택,(철근)콘크리트,2011-12-08
대전광역시 대덕구 중리동 165-5,133.8,철근콘크리트구조,단독주택,(철근)콘크리트,2011-12-29
대전광역시 대덕구 중리동 165-6,133.8,철근콘크리트구조,단독주택,(철근)콘크리트,2011-12-29
대전광역시 대덕구 중리동 165-7,133.95,철근콘크리트구조,단독주택,(철근)콘크리트,2011-11-24
대전광역시 대덕구 중리동 165-8,133.95,철근콘크리트구조,단독주택,(철근)콘크리트,2011-11-03
대전광역시 대덕구 중리동 165-9,116.94,벽돌구조,단독주택,(철근)콘크리트,1989-11-03
대전광역시 대덕구 중리동 166-1,105.51,벽돌구조,단독주택,(철근)콘크리트,1987-10-02
대전광역시 대덕구 중리동 166-10,126.71,벽돌구조,단독주택,(철근)콘크리트,1988-05-30
대전광역시 대덕구 중리동 166-11,127.52,벽돌구조,단독주택,(철근)콘크리트,1988-07-08
대전광역시 대덕구 중리동 166-12,125.28,철근콘크리트구조,단독주택,(철근)콘크리트,1989-08-28
대전광역시 대덕구 중리동 166-13,109.76,벽돌구조,단독주택,(철근)콘크리트,1989-10-04
대전광역시 대덕구 중리동 166-14,120.65,철근콘크리트구조,단독주택,(철근)콘크리트,1991-01-10
대전광역시 대덕구 중리동 166-15,127.05,철근콘크리트구조,단독주택,(철근)콘크리트,1989-10-07
대전광역시 대덕구 중리동 166-16,127.98,철근콘크리트구조,단독주택,(철근)콘크리트,1991-01-09
대전광역시 대덕구 중리동 166-17,125.82,철근콘크리트구조,단독주택,(철근)콘크리트,1990-05-18
대전광역시 대덕구 중리동 166-18,131.95,철근콘크리트구조,단독주택,(철근)콘크리트,1991-06-15
대전광역시 대덕구 중리동 166-2,113.03,철근콘크리트구조,단독주택,(철근)콘크리트,2013-12-27
대전광역시 대덕구 중리동 166-3,116.84,철근콘크리트구조,단독주택,(철근)콘크리트,2014-12-31
대전광역시 대덕구 중리동 166-4,111.15,벽돌구조,단독주택,(철근)콘크리트,1990-04-28
대전광역시 대덕구 중리동 166-5,109.42,벽돌구조,단독주택,(철근)콘크리트,1991-05-04
대전광역시 대덕구 중리동 166-6,104.06,철근콘크리트구조,단독주택,(철근)콘크리트,1989-03-08
대전광역시 대덕구 중리동 166-7,115.46,벽돌구조,단독주택,(철근)콘크리트,1988-09-29
대전광역시 대덕구 중리동 166-8,110.18,벽돌구조,단독주택,(철근)콘크리트,1988-05-31
대전광역시 대덕구 중리동 166-9,118.45,철근콘크리트구조,단독주택,(철근)콘크리트,2015-08-26
대전광역시 대덕구 중리동 167-1,0.0,기타조적구조,단독주택,슬레이트,1987-06-08
대전광역시 대덕구 중리동 167-10,78.93,벽돌구조,단독주택,(철근)콘크리트,1988-08-19
대전광역시 대덕구 중리동 167-11,129.58,벽돌구조,단독주택,(철근)콘크리트,1988-09-30
대전광역시 대덕구 중리동 167-12,109.84,벽돌구조,단독주택,(철근)콘크리트,1990-08-09
대전광역시 대덕구 중리동 167-13,140.84,벽돌구조,단독주택,(철근)콘크리트,1987-08-08
대전광역시 대덕구 중리동 167-14,106.48,벽돌구조,단독주택,(철근)콘크리트,1987-09-21
대전광역시 대덕구 중리동 167-15,112.81,벽돌구조,단독주택,(철근)콘크리트,1988-06-07
대전광역시 대덕구 중리동 167-16,81.99,벽돌구조,단독주택,(철근)콘크리트,1988-05-18
대전광역시 대덕구 중리동 167-17,114.94,벽돌구조,단독주택,(철근)콘크리트,1989-06-22
대전광역시 대덕구 중리동 167-18,84.48,벽돌구조,단독주택,(철근)콘크리트,1989-12-02
대전광역시 대덕구 중리동 167-2,71.32,벽돌구조,단독주택,(철근)콘크리트,1988-11-12
대전광역시 대덕구 중리동 167-3,68.29,벽돌구조,단독주택,(철근)콘크리트,1988-06-27
대전광역시 대덕구 중리동 167-4,96.39,벽돌구조,단독주택,(철근)콘크리트,1990-11-07
대전광역시 대덕구 중리동 167-5,111.36,벽돌구조,단독주택,(철근)콘크리트,1988-10-27
대전광역시 대덕구 중리동 167-6,106.32,벽돌구조,단독주택,(철근)콘크리트,1988-10-12
대전광역시 대덕구 중리동 167-7,90.45,벽돌구조,단독주택,(철근)콘크리트,1990-10-06
대전광역시 대덕구 중리동 167-8,87.49,벽돌구조,단독주택,(철근)콘크리트,1989-05-29
대전광역시 대덕구 중리동 167-9,83.59,벽돌구조,단독주택,(철근)콘크리트,1988-06-22
대전광역시 대덕구 중리동 168-1,93.83,벽돌구조,단독주택,(철근)콘크리트,1990-11-03
대전광역시 대덕구 중리동 168-10,101.17,벽돌구조,단독주택,(철근)콘크리트,1988-06-07
대전광역시 대덕구 중리동 168-11,101.77,벽돌구조,단독주택,(철근)콘크리트,1989-07-12
대전광역시 대덕구 중리동 168-2,101.33,벽돌구조,단독주택,(철근)콘크리트,1989-12-30
대전광역시 대덕구 중리동 168-3,95.012,벽돌구조,단독주택,(철근)콘크리트,1989-12-29
대전광역시 대덕구 중리동 168-4,75.93,벽돌구조,단독주택,(철근)콘크리트,1988-07-15
대전광역시 대덕구 중리동 168-5,68.92,벽돌구조,단독주택,(철근)콘크리트,1988-09-30
대전광역시 대덕구 중리동 168-6,92.87,벽돌구조,단독주택,기와,1989-02-17
대전광역시 대덕구 중리동 168-7,100.47,벽돌구조,단독주택,(철근)콘크리트,1989-12-28
대전광역시 대덕구 중리동 168-8,101.95,벽돌구조,단독주택,(철근)콘크리트,1989-10-17
대전광역시 대덕구 중리동 168-9,76.95,벽돌구조,단독주택,(철근)콘크리트,1988-07-01
대전광역시 대덕구 중리동 169-1,66.03,벽돌구조,단독주택,(철근)콘크리트,1988-12-15
대전광역시 대덕구 중리동 169-10,99.58,벽돌구조,단독주택,(철근)콘크리트,1989-03-23
대전광역시 대덕구 중리동 169-11,86.56,벽돌구조,단독주택,(철근)콘크리트,1988-01-06
대전광역시 대덕구 중리동 169-12,79.59,벽돌구조,단독주택,(철근)콘크리트,1988-12-28
대전광역시 대덕구 중리동 169-13,85.47,벽돌구조,단독주택,(철근)콘크리트,1988-02-29
대전광역시 대덕구 중리동 169-14,97.635,벽돌구조,단독주택,(철근)콘크리트,1988-04-06
대전광역시 대덕구 중리동 169-2,118.38,철근콘크리트구조,단독주택,(철근)콘크리트,2012-08-06
대전광역시 대덕구 중리동 169-3,89.2,벽돌구조,단독주택,(철근)콘크리트,1988-09-29
대전광역시 대덕구 중리동 169-4,84.8,벽돌구조,단독주택,(철근)콘크리트,1987-11-20
대전광역시 대덕구 중리동 169-5,67.61,벽돌구조,단독주택,(철근)콘크리트,1988-11-09
대전광역시 대덕구 중리동 169-6,84.52,벽돌구조,단독주택,(철근)콘크리트,1988-11-24
대전광역시 대덕구 중리동 169-7,103.31,벽돌구조,단독주택,(철근)콘크리트,1989-03-20
대전광역시 대덕구 중리동 169-8,132.08,철근콘크리트구조,단독주택,(철근)콘크리트,2021-01-20
대전광역시 대덕구 중리동 169-9,114.43,벽돌구조,단독주택,(철근)콘크리트,1988-11-24
대전광역시 대덕구 중리동 170-1,112.02,철근콘크리트구조,단독주택,(철근)콘크리트,2014-01-17
대전광역시 대덕구 중리동 170-10,100.56,벽돌구조,단독주택,(철근)콘크리트,1988-06-20
대전광역시 대덕구 중리동 170-11,73.77,벽돌구조,단독주택,(철근)콘크리트,1988-08-01
대전광역시 대덕구 중리동 170-12,98.21,벽돌구조,단독주택,(철근)콘크리트,1989-12-23
대전광역시 대덕구 중리동 170-13,69.33,벽돌구조,단독주택,(철근)콘크리트,1987-12-18
대전광역시 대덕구 중리동 170-14,88.56,벽돌구조,단독주택,(철근)콘크리트,1988-09-09
대전광역시 대덕구 중리동 170-2,84.88,벽돌구조,단독주택,(철근)콘크리트,1987-08-24
대전광역시 대덕구 중리동 170-3,91.82,벽돌구조,단독주택,기와,1988-03-19
대전광역시 대덕구 중리동 170-4,70.35,벽돌구조,단독주택,(철근)콘크리트,1988-12-05
대전광역시 대덕구 중리동 170-5,99.0,철근콘크리트구조,단독주택,(철근)콘크리트,1988-06-28
대전광역시 대덕구 중리동 170-6,69.76,벽돌구조,단독주택,(철근)콘크리트,1988-12-05
대전광역시 대덕구 중리동 170-7,93.15,벽돌구조,단독주택,(철근)콘크리트,1988-09-08
대전광역시 대덕구 중리동 170-8,94.23,벽돌구조,단독주택,(철근)콘크리트,1990-03-09
대전광역시 대덕구 중리동 170-9,130.96,벽돌구조,단독주택,(철근)콘크리트,1989-06-01
대전광역시 대덕구 중리동 171-1,80.64,벽돌구조,단독주택,(철근)콘크리트,1989-12-16
대전광역시 대덕구 중리동 171-10,95.16,벽돌구조,단독주택,(철근)콘크리트,1988-06-07
대전광역시 대덕구 중리동 171-11,101.91,벽돌구조,단독주택,(철근)콘크리트,1989-06-24
대전광역시 대덕구 중리동 171-12,70.65,벽돌구조,단독주택,(철근)콘크리트,1988-08-29
대전광역시 대덕구 중리동 171-13,83.63,벽돌구조,단독주택,(철근)콘크리트,1987-08-06
대전광역시 대덕구 중리동 171-14,101.61,벽돌구조,단독주택,(철근)콘크리트,1990-10-25
대전광역시 대덕구 중리동 171-15,111.7,벽돌구조,단독주택,(철근)콘크리트,1989-10-28
대전광역시 대덕구 중리동 171-2,98.75,벽돌구조,단독주택,(철근)콘크리트,1988-11-08
대전광역시 대덕구 중리동 171-4,81.15,벽돌구조,단독주택,(철근)콘크리트,1988-12-02
대전광역시 대덕구 중리동 171-5,77.58,벽돌구조,단독주택,(철근)콘크리트,1988-08-06
대전광역시 대덕구 중리동 171-6,82.99,벽돌구조,단독주택,(철근)콘크리트,1988-08-31
대전광역시 대덕구 중리동 171-7,92.61,벽돌구조,단독주택,(철근)콘크리트,1988-09-27
대전광역시 대덕구 중리동 171-8,91.55,벽돌구조,단독주택,(철근)콘크리트,1988-10-17
대전광역시 대덕구 중리동 171-9,94.83,벽돌구조,단독주택,(철근)콘크리트,1988-08-12
대전광역시 대덕구 중리동 172-1,82.37,벽돌구조,단독주택,(철근)콘크리트,1988-11-22
대전광역시 대덕구 중리동 172-10,54.98,벽돌구조,단독주택,(철근)콘크리트,1990-11-30
대전광역시 대덕구 중리동 172-11,80.3,벽돌구조,단독주택,(철근)콘크리트,1987-11-20
대전광역시 대덕구 중리동 172-12,70.45,벽돌구조,단독주택,(철근)콘크리트,1987-12-18
대전광역시 대덕구 중리동 172-13,82.75,벽돌구조,단독주택,(철근)콘크리트,1988-06-20
대전광역시 대덕구 중리동 172-14,70.86,벽돌구조,단독주택,(철근)콘크리트,1988-11-10
대전광역시 대덕구 중리동 172-15,80.59,벽돌구조,단독주택,(철근)콘크리트,1987-12-04
대전광역시 대덕구 중리동 172-16,92.05,벽돌구조,단독주택,(철근)콘크리트,1990-10-31
대전광역시 대덕구 중리동 172-2,109.6,철근콘크리트구조,단독주택,(철근)콘크리트,1990-08-02
대전광역시 대덕구 중리동 172-3,114.0,철근콘크리트구조,단독주택,(철근)콘크리트,2010-12-24
대전광역시 대덕구 중리동 172-4,104.8,벽돌구조,단독주택,(철근)콘크리트,1990-01-30
대전광역시 대덕구 중리동 172-5,102.61,벽돌구조,단독주택,(철근)콘크리트,1988-09-12
대전광역시 대덕구 중리동 172-6,105.65,벽돌구조,단독주택,(철근)콘크리트,1988-07-06
대전광역시 대덕구 중리동 172-7,112.31,벽돌구조,단독주택,(철근)콘크리트,1989-11-17
대전광역시 대덕구 중리동 172-8,102.61,벽돌구조,단독주택,(철근)콘크리트,1988-08-31
대전광역시 대덕구 중리동 172-9,105.26,벽돌구조,단독주택,(철근)콘크리트,1988-07-13
대전광역시 대덕구 중리동 173-1,129.28,철근콘크리트구조,단독주택,(철근)콘크리트,2010-11-26
대전광역시 대덕구 중리동 173-10,112.0,철근콘크리트구조,단독주택,(철근)콘크리트,1989-11-07
대전광역시 대덕구 중리동 173-11,114.93,벽돌구조,단독주택,(철근)콘크리트,1988-02-08
대전광역시 대덕구 중리동 173-12,99.44,벽돌구조,단독주택,(철근)콘크리트,1988-04-07
대전광역시 대덕구 중리동 173-13,117.96,철근콘크리트구조,단독주택,(철근)콘크리트,1988-06-20
대전광역시 대덕구 중리동 173-14,125.45,철근콘크리트구조,단독주택,(철근)콘크리트,1991-04-16
대전광역시 대덕구 중리동 173-2,121.12,철근콘크리트구조,단독주택,(철근)콘크리트,2016-12-09
대전광역시 대덕구 중리동 173-3,107.31,벽돌구조,단독주택,(철근)콘크리트,1988-11-08
대전광역시 대덕구 중리동 173-4,126.1,철근콘크리트구조,단독주택,(철근)콘크리트,2014-08-18
대전광역시 대덕구 중리동 173-5,125.96,철근콘크리트구조,단독주택,(철근)콘크리트,2014-06-27
대전광역시 대덕구 중리동 173-6,125.02,철근콘크리트구조,단독주택,(철근)콘크리트,2011-01-24
대전광역시 대덕구 중리동 173-7,121.36,철근콘크리트구조,단독주택,(철근)콘크리트,1988-10-14
대전광역시 대덕구 중리동 173-8,110.265,철근콘크리트구조,단독주택,(철근)콘크리트,1991-06-27
대전광역시 대덕구 중리동 173-9,114.88,철근콘크리트구조,단독주택,(철근)콘크리트,1988-12-12
대전광역시 대덕구 중리동 174-3,331.82,철근콘크리트구조,제2종근린생활시설,(철근)콘크리트,2012-07-25
대전광역시 대덕구 중리동 175-1,129.08,벽돌구조,단독주택,(철근)콘크리트,1987-09-24
대전광역시 대덕구 중리동 175-10,102.79,철근콘크리트구조,단독주택,(철근)콘크리트,1989-10-07
대전광역시 대덕구 중리동 175-11,102.53,벽돌구조,단독주택,(철근)콘크리트,1990-01-13
대전광역시 대덕구 중리동 175-12,92.84,벽돌구조,단독주택,(철근)콘크리트,1990-01-10
대전광역시 대덕구 중리동 175-13,98.46,벽돌구조,단독주택,(철근)콘크리트,1988-08-16
대전광역시 대덕구 중리동 175-14,100.36,벽돌구조,단독주택,(철근)콘크리트,1988-02-01
대전광역시 대덕구 중리동 175-16,101.16,벽돌구조,단독주택,(철근)콘크리트,1987-10-06
대전광역시 대덕구 중리동 175-2,97.79,벽돌구조,단독주택,(철근)콘크리트,1987-12-14
대전광역시 대덕구 중리동 175-3,96.81,벽돌구조,단독주택,기타지붕,1989-01-07
대전광역시 대덕구 중리동 175-4,100.72,벽돌구조,단독주택,(철근)콘크리트,1987-06-24
대전광역시 대덕구 중리동 175-5,82.5,벽돌구조,단독주택,(철근)콘크리트,1988-09-15
대전광역시 대덕구 중리동 175-6,110.88,벽돌구조,단독주택,(철근)콘크리트,1989-05-22
대전광역시 대덕구 중리동 175-7,83.66,벽돌구조,단독주택,(철근)콘크리트,1988-09-28
대전광역시 대덕구 중리동 175-8,96.26,벽돌구조,단독주택,(철근)콘크리트,1989-11-28
대전광역시 대덕구 중리동 175-9,104.54,철근콘크리트구조,단독주택,(철근)콘크리트,2012-07-03
대전광역시 대덕구 중리동 176-1,111.38,철근콘크리트구조,단독주택,(철근)콘크리트,2011-05-06
대전광역시 대덕구 중리동 176-10,84.17,벽돌구조,단독주택,(철근)콘크리트,1988-07-28
대전광역시 대덕구 중리동 176-11,78.78,벽돌구조,단독주택,(철근)콘크리트,1989-05-13
대전광역시 대덕구 중리동 176-12,73.24,벽돌구조,단독주택,(철근)콘크리트,1988-08-18
대전광역시 대덕구 중리동 176-13,95.55,벽돌구조,단독주택,(철근)콘크리트,1987-10-15
대전광역시 대덕구 중리동 176-14,83.22,벽돌구조,단독주택,(철근)콘크리트,1987-12-09
대전광역시 대덕구 중리동 176-15,84.88,벽돌구조,단독주택,(철근)콘크리트,1987-06-27
대전광역시 대덕구 중리동 176-16,91.56,벽돌구조,단독주택,(철근)콘크리트,1990-11-15
대전광역시 대덕구 중리동 176-2,106.23,철근콘크리트구조,단독주택,(철근)콘크리트,2011-11-22
대전광역시 대덕구 중리동 176-3,90.07,벽돌구조,단독주택,(철근)콘크리트,1989-07-07
대전광역시 대덕구 중리동 176-4,91.27,벽돌구조,단독주택,(철근)콘크리트,1987-11-20
대전광역시 대덕구 중리동 176-5,74.32,벽돌구조,단독주택,(철근)콘크리트,1988-07-07
대전광역시 대덕구 중리동 176-6,69.76,벽돌구조,단독주택,(철근)콘크리트,1988-11-08
대전광역시 대덕구 중리동 176-7,73.17,벽돌구조,단독주택,(철근)콘크리트,1989-06-09
대전광역시 대덕구 중리동 176-8,68.12,벽돌구조,단독주택,(철근)콘크리트,1987-08-10
대전광역시 대덕구 중리동 176-9,100.44,벽돌구조,단독주택,(철근)콘크리트,1989-07-19
대전광역시 대덕구 중리동 177-1,106.23,철근콘크리트구조,단독주택,(철근)콘크리트,2011-11-23
대전광역시 대덕구 중리동 177-10,80.7,벽돌구조,단독주택,(철근)콘크리트,1989-05-20
대전광역시 대덕구 중리동 177-11,84.04,벽돌구조,단독주택,(철근)콘크리트,1990-07-07
대전광역시 대덕구 중리동 177-12,69.43,벽돌구조,단독주택,(철근)콘크리트,1988-08-12
대전광역시 대덕구 중리동 177-13,69.17,벽돌구조,단독주택,(철근)콘크리트,1988-11-12
대전광역시 대덕구 중리동 177-14,66.6,벽돌구조,단독주택,(철근)콘크리트,1988-05-26
대전광역시 대덕구 중리동 177-15,84.61,벽돌구조,단독주택,(철근)콘크리트,1988-07-08
대전광역시 대덕구 중리동 177-16,82.08,벽돌구조,단독주택,(철근)콘크리트,1988-09-30
대전광역시 대덕구 중리동 177-2,97.01,벽돌구조,단독주택,(철근)콘크리트,1987-11-16
대전광역시 대덕구 중리동 177-3,102.5,벽돌구조,단독주택,(철근)콘크리트,1988-08-13
대전광역시 대덕구 중리동 177-4,98.14,벽돌구조,단독주택,(철근)콘크리트,1989-08-25
대전광역시 대덕구 중리동 177-5,83.85,벽돌구조,단독주택,(철근)콘크리트,1988-09-30
대전광역시 대덕구 중리동 177-6,80.66,벽돌구조,단독주택,(철근)콘크리트,1988-07-25
대전광역시 대덕구 중리동 177-7,82.9,벽돌구조,단독주택,(철근)콘크리트,1987-12-11
대전광역시 대덕구 중리동 177-8,101.95,벽돌구조,단독주택,(철근)콘크리트,1990-01-10
대전광역시 대덕구 중리동 177-9,106.2,벽돌구조,단독주택,(철근)콘크리트,1988-11-08
대전광역시 대덕구 중리동 178-1,219.44,철근콘크리트구조,단독주택,(철근)콘크리트,2010-04-13
대전광역시 대덕구 중리동 178-10,94.38,벽돌구조,단독주택,(철근)콘크리트,1988-08-31
대전광역시 대덕구 중리동 178-11,83.11,벽돌구조,단독주택,(철근)콘크리트,1987-12-11
대전광역시 대덕구 중리동 178-12,88.89,벽돌구조,단독주택,(철근)콘크리트,1988-08-18
대전광역시 대덕구 중리동 178-13,82.56,벽돌구조,단독주택,(철근)콘크리트,1988-07-01
대전광역시 대덕구 중리동 178-14,71.37,벽돌구조,단독주택,(철근)콘크리트,1988-11-29
대전광역시 대덕구 중리동 178-15,90.38,벽돌구조,단독주택,(철근)콘크리트,1989-10-25
대전광역시 대덕구 중리동 178-16,103.42,벽돌구조,단독주택,(철근)콘크리트,1988-06-16
대전광역시 대덕구 중리동 178-3,67.37,벽돌구조,단독주택,(철근)콘크리트,1988-09-14
대전광역시 대덕구 중리동 178-4,66.54,벽돌구조,단독주택,(철근)콘크리트,1988-06-20
대전광역시 대덕구 중리동 178-5,68.48,벽돌구조,단독주택,(철근)콘크리트,1987-11-20
대전광역시 대덕구 중리동 178-6,69.57,벽돌구조,단독주택,(철근)콘크리트,1988-07-08
대전광역시 대덕구 중리동 178-7,85.34,벽돌구조,단독주택,기타지붕,1989-06-14
대전광역시 대덕구 중리동 178-8,80.15,벽돌구조,단독주택,기타지붕,1989-01-20
대전광역시 대덕구 중리동 178-9,104.4,철근콘크리트구조,단독주택,(철근)콘크리트,2018-01-24
대전광역시 대덕구 중리동 179-1,155.64,철근콘크리트구조,단독주택,(철근)콘크리트,1989-10-16
대전광역시 대덕구 중리동 179-2,149.45,철근콘크리트구조,단독주택,(철근)콘크리트,1988-11-05
대전광역시 대덕구 중리동 179-3,115.2,벽돌구조,단독주택,(철근)콘크리트,1988-12-22
대전광역시 대덕구 중리동 179-4,152.28,철근콘크리트구조,단독주택,(철근)콘크리트,1988-11-04
대전광역시 대덕구 중리동 179-5,173.28,철근콘크리트구조,단독주택,(철근)콘크리트,2013-02-19
대전광역시 대덕구 중리동 179-6,163.72,철근콘크리트구조,단독주택,(철근)콘크리트,2005-01-27
대전광역시 대덕구 중리동 179-7,165.63,철근콘크리트구조,단독주택,(철근)콘크리트,
대전광역시 대덕구 중리동 179-8,173.51,벽돌구조,단독주택,(철근)콘크리트,1988-04-07
대전광역시 대덕구 중리동 179-9,150.48,철근콘크리트구조,단독주택,(철근)콘크리트,1987-12-21
대전광역시 대덕구 중리동 180-1,304.61,경량철골구조,제2종근린생활시설,기타지붕,2008-06-30
대전광역시 대덕구 중리동 180-2,307.59,철근콘크리트구조,제2종근린생활시설,(철근)콘크리트,1993-03-24
대전광역시 대덕구 중리동 181-1,138.06,철근콘크리트구조,단독주택,(철근)콘크리트,1997-09-11
대전광역시 대덕구 중리동 181-2,132.62,벽돌구조,단독주택,(철근)콘크리트,1989-03-30
대전광역시 대덕구 중리동 181-3,127.1,철근콘크리트구조,단독주택,(철근)콘크리트,1988-12-13
대전광역시 대덕구 중리동 181-4,157.03,철근콘크리트구조,단독주택,(철근)콘크리트,2002-06-04
대전광역시 대덕구 중리동 181-5,285.27,철근콘크리트구조,단독주택,(철근)콘크리트,2011-02-14
대전광역시 대덕구 중리동 181-7,105.57,벽돌구조,단독주택,(철근)콘크리트,1988-01-16
대전광역시 대덕구 중리동 181-8,136.52,벽돌구조,단독주택,(철근)콘크리트,1988-09-30
대전광역시 대덕구 중리동 182-1,142.95,철근콘크리트구조,단독주택,(철근)콘크리트,1989-04-10
대전광역시 대덕구 중리동 182-10,84.57,벽돌구조,단독주택,(철근)콘크리트,1989-09-11
대전광역시 대덕구 중리동 182-11,91.66,벽돌구조,단독주택,(철근)콘크리트,1988-05-19
대전광역시 대덕구 중리동 182-12,76.58,벽돌구조,단독주택,(철근)콘크리트,1987-12-23
대전광역시 대덕구 중리동 182-13,104.58,벽돌구조,단독주택,(철근)콘크리트,1988-07-01
대전광역시 대덕구 중리동 182-14,122.93,벽돌구조,단독주택,(철근)콘크리트,1988-05-18
대전광역시 대덕구 중리동 182-2,115.36,벽돌구조,단독주택,(철근)콘크리트,1989-09-06
대전광역시 대덕구 중리동 182-3,113.6,벽돌구조,단독주택,(철근)콘크리트,1989-11-23
대전광역시 대덕구 중리동 182-4,115.01,벽돌구조,단독주택,(철근)콘크리트,1990-06-22
대전광역시 대덕구 중리동 182-5,112.46,벽돌구조,단독주택,(철근)콘크리트,1990-07-18
대전광역시 대덕구 중리동 182-6,120.94,벽돌구조,단독주택,(철근)콘크리트,1989-06-14
대전광역시 대덕구 중리동 182-7,120.1,철근콘크리트구조,단독주택,(철근)콘크리트,1988-04-20
대전광역시 대덕구 중리동 182-8,141.48,벽돌구조,단독주택,(철근)콘크리트,1989-11-20
대전광역시 대덕구 중리동 182-9,93.28,벽돌구조,단독주택,(철근)콘크리트,1989-12-11
대전광역시 대덕구 중리동 183-1,108.19,철근콘크리트구조,단독주택,(철근)콘크리트,1988-07-15
대전광역시 대덕구 중리동 183-10,68.1,벽돌구조,단독주택,(철근)콘크리트,1988-08-29
대전광역시 대덕구 중리동 183-11,104.8,벽돌구조,단독주택,(철근)콘크리트,1988-05-19
대전광역시 대덕구 중리동 183-12,105.2,벽돌구조,단독주택,(철근)콘크리트,1988-08-18
대전광역시 대덕구 중리동 183-13,102.38,벽돌구조,단독주택,(철근)콘크리트,1989-04-13
대전광역시 대덕구 중리동 183-14,106.22,벽돌구조,단독주택,(철근)콘크리트,1988-09-30
대전광역시 대덕구 중리동 183-15,101.14,벽돌구조,단독주택,(철근)콘크리트,1988-11-21
대전광역시 대덕구 중리동 183-16,101.94,벽돌구조,단독주택,(철근)콘크리트,1988-10-10
대전광역시 대덕구 중리동 183-17,100.73,벽돌구조,단독주택,(철근)콘크리트,1988-08-19
대전광역시 대덕구 중리동 183-18,102.89,벽돌구조,단독주택,(철근)콘크리트,1988-04-19
대전광역시 대덕구 중리동 183-2,115.41,벽돌구조,단독주택,(철근)콘크리트,1989-05-01
대전광역시 대덕구 중리동 183-3,72.25,벽돌구조,단독주택,(철근)콘크리트,1988-07-11
대전광역시 대덕구 중리동 183-4,66.51,벽돌구조,단독주택,(철근)콘크리트,1988-05-04
대전광역시 대덕구 중리동 183-5,70.3,벽돌구조,단독주택,(철근)콘크리트,1988-11-24
대전광역시 대덕구 중리동 183-6,69.88,벽돌구조,단독주택,(철근)콘크리트,1988-08-29
대전광역시 대덕구 중리동 183-7,82.8,벽돌구조,단독주택,(철근)콘크리트,1988-08-29
대전광역시 대덕구 중리동 183-8,72.52,벽돌구조,단독주택,(철근)콘크리트,1988-09-01
대전광역시 대덕구 중리동 183-9,67.81,벽돌구조,단독주택,(철근)콘크리트,1988-06-13
대전광역시 대덕구 중리동 184-1,108.96,벽돌구조,단독주택,(철근)콘크리트,1989-06-22
대전광역시 대덕구 중리동 184-10,70.28,벽돌구조,단독주택,(철근)콘크리트,1988-06-27
대전광역시 대덕구 중리동 184-11,89.83,벽돌구조,단독주택,(철근)콘크리트,1988-06-30
대전광역시 대덕구 중리동 184-12,97.65,벽돌구조,단독주택,(철근)콘크리트,1989-10-26
대전광역시 대덕구 중리동 184-13,88.99,벽돌구조,단독주택,(철근)콘크리트,1988-07-07
대전광역시 대덕구 중리동 184-14,68.57,벽돌구조,단독주택,(철근)콘크리트,1988-05-09
대전광역시 대덕구 중리동 184-15,68.65,벽돌구조,단독주택,(철근)콘크리트,1988-12-05
대전광역시 대덕구 중리동 184-16,68.92,벽돌구조,단독주택,(철근)콘크리트,1988-06-16
대전광역시 대덕구 중리동 184-17,84.64,벽돌구조,단독주택,(철근)콘크리트,1988-05-25
대전광역시 대덕구 중리동 184-18,104.835,벽돌구조,단독주택,(철근)콘크리트,1989-08-02
대전광역시 대덕구 중리동 184-2,125.61,철근콘크리트구조,단독주택,(철근)콘크리트,2010-06-22
대전광역시 대덕구 중리동 184-3,85.9,벽돌구조,단독주택,(철근)콘크리트,1988-11-22
대전광역시 대덕구 중리동 184-4,67.61,벽돌구조,단독주택,(철근)콘크리트,1988-08-05
대전광역시 대덕구 중리동 184-5,72.68,벽돌구조,단독주택,(철근)콘크리트,1988-06-13
대전광역시 대덕구 중리동 184-6,77.84,벽돌구조,단독주택,(철근)콘크리트,1989-07-01
대전광역시 대덕구 중리동 184-7,87.18,경량철골구조,단독주택,기타지붕,1988-06-07
대전광역시 대덕구 중리동 184-8,82.71,벽돌구조,단독주택,(철근)콘크리트,1988-09-14
대전광역시 대덕구 중리동 184-9,88.12,벽돌구조,단독주택,(철근)콘크리트,1988-05-30
대전광역시 대덕구 중리동 185-1,109.085,벽돌구조,단독주택,(철근)콘크리트,1989-06-01
대전광역시 대덕구 중리동 185-10,116.05,벽돌구조,단독주택,(철근)콘크리트,1987-09-07
대전광역시 대덕구 중리동 185-11,68.72,벽돌구조,단독주택,(철근)콘크리트,1988-08-23
대전광역시 대덕구 중리동 185-12,105.94,벽돌구조,단독주택,(철근)콘크리트,1989-09-21
대전광역시 대덕구 중리동 185-13,69.02,벽돌구조,단독주택,(철근)콘크리트,1988-05-02
대전광역시 대덕구 중리동 185-14,69.28,벽돌구조,단독주택,(철근)콘크리트,1988-08-12
대전광역시 대덕구 중리동 185-15,68.92,벽돌구조,단독주택,(철근)콘크리트,1988-06-15
대전광역시 대덕구 중리동 185-16,69.03,벽돌구조,단독주택,(철근)콘크리트,1988-08-29
대전광역시 대덕구 중리동 185-17,68.29,벽돌구조,단독주택,(철근)콘크리트,1988-04-29
대전광역시 대덕구 중리동 185-18,69.82,벽돌구조,단독주택,(철근)콘크리트,1988-06-16
대전광역시 대덕구 중리동 185-2,134.4,철근콘크리트구조,단독주택,(철근)콘크리트,2014-01-20
대전광역시 대덕구 중리동 185-3,102.99,벽돌구조,단독주택,(철근)콘크리트,1989-06-24
대전광역시 대덕구 중리동 185-4,100.31,벽돌구조,단독주택,(철근)콘크리트,1988-08-04
대전광역시 대덕구 중리동 185-5,116.28,철근콘크리트구조,단독주택,(철근)콘크리트,2009-12-23
대전광역시 대덕구 중리동 185-6,95.91,벽돌구조,단독주택,(철근)콘크리트,1988-10-17
대전광역시 대덕구 중리동 185-7,82.67,벽돌구조,단독주택,(철근)콘크리트,1988-05-19
대전광역시 대덕구 중리동 185-8,86.9,벽돌구조,단독주택,(철근)콘크리트,1988-06-18
대전광역시 대덕구 중리동 185-9,109.43,벽돌구조,단독주택,(철근)콘크리트,1990-09-26
대전광역시 대덕구 중리동 186-1,142.92,철근콘크리트구조,단독주택,(철근)콘크리트,2014-05-12
대전광역시 대덕구 중리동 186-10,117.0,벽돌구조,단독주택,(철근)콘크리트,1988-05-13
대전광역시 대덕구 중리동 186-11,61.83,벽돌구조,단독주택,(철근)콘크리트,1989-06-16
대전광역시 대덕구 중리동 186-2,139.09,벽돌구조,단독주택,(철근)콘크리트,1988-08-29
대전광역시 대덕구 중리동 186-3,125.66,벽돌구조,단독주택,(철근)콘크리트,1988-11-05
대전광역시 대덕구 중리동 186-4,120.06,벽돌구조,단독주택,(철근)콘크리트,1989-02-24
대전광역시 대덕구 중리동 186-5,114.75,벽돌구조,단독주택,(철근)콘크리트,1987-10-20
대전광역시 대덕구 중리동 186-6,82.89,벽돌구조,단독주택,(철근)콘크리트,1987-12-21
대전광역시 대덕구 중리동 186-7,106.98,벽돌구조,단독주택,(철근)콘크리트,1990-11-26
대전광역시 대덕구 중리동 186-8,56.02,벽돌구조,단독주택,(철근)콘크리트,1988-12-31
대전광역시 대덕구 중리동 186-9,93.96,벽돌구조,단독주택,(철근)콘크리트,1988-10-29
대전광역시 대덕구 중리동 187-1,99.21,벽돌구조,단독주택,(철근)콘크리트,1990-05-12
대전광역시 대덕구 중리동 187-10,69.51,벽돌구조,단독주택,(철근)콘크리트,1987-11-16
대전광역시 대덕구 중리동 187-11,69.86,벽돌구조,단독주택,(철근)콘크리트,1988-07-25
대전광역시 대덕구 중리동 187-12,68.92,벽돌구조,단독주택,(철근)콘크리트,1988-06-14
대전광역시 대덕구 중리동 187-2,92.77,벽돌구조,단독주택,(철근)콘크리트,1989-11-17
대전광역시 대덕구 중리동 187-3,69.3,벽돌구조,단독주택,(철근)콘크리트,1988-05-26
대전광역시 대덕구 중리동 187-4,68.28,벽돌구조,단독주택,(철근)콘크리트,1988-12-15
대전광역시 대덕구 중리동 187-5,66.93,벽돌구조,단독주택,(철근)콘크리트,1988-07-21
대전광역시 대덕구 중리동 187-6,70.43,벽돌구조,단독주택,(철근)콘크리트,1988-08-20
대전광역시 대덕구 중리동 187-7,71.72,벽돌구조,단독주택,(철근)콘크리트,1988-09-05
대전광역시 대덕구 중리동 187-8,94.61,벽돌구조,단독주택,기타지붕,1988-06-17
대전광역시 대덕구 중리동 187-9,81.0,벽돌구조,단독주택,(철근)콘크리트,1988-01-08
대전광역시 대덕구 중리동 188-1,57.84,벽돌구조,단독주택,(철근)콘크리트,1988-11-19
대전광역시 대덕구 중리동 188-10,69.33,벽돌구조,단독주택,(철근)콘크리트,1990-01-10
대전광역시 대덕구 중리동 188-11,60.19,벽돌구조,단독주택,(철근)콘크리트,1990-01-13
대전광역시 대덕구 중리동 188-2,134.15,벽돌구조,단독주택,(철근)콘크리트,1989-02-13
대전광역시 대덕구 중리동 188-3,77.0,벽돌구조,단독주택,(철근)콘크리트,1989-08-24
대전광역시 대덕구 중리동 188-4,62.61,벽돌구조,단독주택,(철근)콘크리트,1990-01-20
대전광역시 대덕구 중리동 188-5,97.62,벽돌구조,단독주택,(철근)콘크리트,1988-07-15
대전광역시 대덕구 중리동 188-6,173.87,철근콘크리트구조,단독주택,(철근)콘크리트,1989-09-04
대전광역시 대덕구 중리동 188-7,117.7,벽돌구조,단독주택,(철근)콘크리트,1987-12-10
대전광역시 대덕구 중리동 188-8,99.6,벽돌구조,단독주택,(철근)콘크리트,1989-01-12
대전광역시 대덕구 중리동 188-9,57.58,벽돌구조,단독주택,(철근)콘크리트,1989-08-02
대전광역시 대덕구 중리동 189-1,88.87,벽돌구조,단독주택,(철근)콘크리트,1988-05-26
대전광역시 대덕구 중리동 189-10,233.76,철근콘크리트구조,단독주택,(철근)콘크리트,1993-05-04
대전광역시 대덕구 중리동 189-11,215.1,철근콘크리트구조,단독주택,(철근)콘크리트,1988-12-08
대전광역시 대덕구 중리동 189-2,162.15,일반철골구조,단독주택,기타지붕,2015-05-01
대전광역시 대덕구 중리동 189-3,83.72,벽돌구조,단독주택,(철근)콘크리트,1988-11-18
대전광역시 대덕구 중리동 189-4,99.0,벽돌구조,단독주택,(철근)콘크리트,1988-06-17
대전광역시 대덕구 중리동 189-5,127.87,벽돌구조,단독주택,기타지붕,1988-07-08
대전광역시 대덕구 중리동 189-6,159.06,철근콘크리트구조,단독주택,(철근)콘크리트,1989-12-27
대전광역시 대덕구 중리동 189-7,130.0,철근콘크리트구조,단독주택,(철근)콘크리트,1988-06-10
대전광역시 대덕구 중리동 189-8,143.26,철근콘크리트구조,단독주택,(철근)콘크리트,1988-04-25
대전광역시 대덕구 중리동 189-9,166.2,철근콘크리트구조,단독주택,(철근)콘크리트,1989-02-18
대전광역시 대덕구 중리동 190-1,184.66,철근콘크리트구조,단독주택,(철근)콘크리트,1988-05-31
대전광역시 대덕구 중리동 190-2,137.37,경량철골구조,단독주택,기타지붕,1999-06-21
대전광역시 대덕구 중리동 190-3,240.47,벽돌구조,단독주택,(철근)콘크리트,1988-08-23
대전광역시 대덕구 중리동 190-4,205.39,철근콘크리트구조,단독주택,(철근)콘크리트,2004-06-08
대전광역시 대덕구 중리동 191-1,182.9,철근콘크리트구조,단독주택,(철근)콘크리트,1988-10-10
대전광역시 대덕구 중리동 191-2,166.71,벽돌구조,단독주택,기타지붕,1988-09-12
대전광역시 대덕구 중리동 191-3,159.07,벽돌구조,단독주택,(철근)콘크리트,1988-06-20
대전광역시 대덕구 중리동 191-4,161.43,철근콘크리트구조,단독주택,(철근)콘크리트,1993-07-31
대전광역시 대덕구 중리동 191-5,140.55,경량철골구조,단독주택,기타지붕,1988-08-01
대전광역시 대덕구 중리동 191-6,162.54,철근콘크리트구조,제2종근린생활시설,(철근)콘크리트,2002-01-03
대전광역시 대덕구 중리동 192-1,165.03,벽돌구조,단독주택,(철근)콘크리트,1989-07-12
대전광역시 대덕구 중리동 192-2,163.79000000000002,경량철골구조,단독주택,기타지붕,2001-10-17
대전광역시 대덕구 중리동 192-3,166.4,일반철골구조,단독주택,(철근)콘크리트,2000-04-29
대전광역시 대덕구 중리동 192-4,141.84,철근콘크리트구조,단독주택,(철근)콘크리트,1990-12-01
대전광역시 대덕구 중리동 192-5,72.12,벽돌구조,단독주택,(철근)콘크리트,1989-09-05
대전광역시 대덕구 중리동 192-6,172.62,철근콘크리트구조,단독주택,(철근)콘크리트,2008-02-28
대전광역시 대덕구 중리동 193-1,100.23,벽돌구조,단독주택,(철근)콘크리트,1987-12-26
대전광역시 대덕구 중리동 193-10,101.25,철근콘크리트구조,단독주택,(철근)콘크리트,1990-07-07
대전광역시 대덕구 중리동 193-11,74.31,벽돌구조,단독주택,(철근)콘크리트,1988-08-29
대전광역시 대덕구 중리동 193-12,94.87,벽돌구조,단독주택,(철근)콘크리트,1989-06-24
대전광역시 대덕구 중리동 193-13,69.34,벽돌구조,단독주택,(철근)콘크리트,1988-11-29
대전광역시 대덕구 중리동 193-14,94.94,벽돌구조,단독주택,(철근)콘크리트,1988-06-10
대전광역시 대덕구 중리동 193-15,68.72,벽돌구조,단독주택,(철근)콘크리트,1988-09-09
대전광역시 대덕구 중리동 193-16,92.78,벽돌구조,단독주택,(철근)콘크리트,1989-05-16
대전광역시 대덕구 중리동 193-17,68.79,벽돌구조,단독주택,(철근)콘크리트,1988-12-13
대전광역시 대덕구 중리동 193-18,91.225,벽돌구조,단독주택,(철근)콘크리트,1989-01-20
대전광역시 대덕구 중리동 193-2,115.28,철근콘크리트구조,단독주택,(철근)콘크리트,1988-05-17
대전광역시 대덕구 중리동 193-3,93.66,벽돌구조,단독주택,(철근)콘크리트,1989-06-14
대전광역시 대덕구 중리동 193-4,99.55,벽돌구조,단독주택,(철근)콘크리트,1989-04-06
대전광역시 대덕구 중리동 193-5,93.25,벽돌구조,단독주택,(철근)콘크리트,1987-11-16
대전광역시 대덕구 중리동 193-6,92.38,철근콘크리트구조,단독주택,(철근)콘크리트,1988-08-05
대전광역시 대덕구 중리동 193-7,96.08,철근콘크리트구조,단독주택,(철근)콘크리트,1988-11-15
대전광역시 대덕구 중리동 193-8,99.02,벽돌구조,단독주택,(철근)콘크리트,1988-11-19
대전광역시 대덕구 중리동 193-9,98.78,벽돌구조,단독주택,(철근)콘크리트,1988-03-31
대전광역시 대덕구 중리동 194-1,102.15,벽돌구조,단독주택,(철근)콘크리트,1988-12-17
대전광역시 대덕구 중리동 194-10,86.64,벽돌구조,단독주택,(철근)콘크리트,1989-09-07
대전광역시 대덕구 중리동 194-11,67.66,벽돌구조,단독주택,(철근)콘크리트,1988-09-09
대전광역시 대덕구 중리동 194-12,88.7,벽돌구조,단독주택,(철근)콘크리트,1988-06-17
대전광역시 대덕구 중리동 194-13,70.32,벽돌구조,단독주택,(철근)콘크리트,1990-01-10
대전광역시 대덕구 중리동 194-14,103.85,벽돌구조,단독주택,(철근)콘크리트,1989-06-09
대전광역시 대덕구 중리동 194-15,80.51,벽돌구조,단독주택,(철근)콘크리트,1988-08-01
대전광역시 대덕구 중리동 194-16,111.72,철근콘크리트구조,단독주택,(철근)콘크리트,2018-12-24
대전광역시 대덕구 중리동 194-2,123.17,철근콘크리트구조,단독주택,(철근)콘크리트,2018-07-04
대전광역시 대덕구 중리동 194-3,72.62,벽돌구조,단독주택,(철근)콘크리트,1988-09-15
대전광역시 대덕구 중리동 194-4,68.65,벽돌구조,단독주택,(철근)콘크리트,1988-06-23
대전광역시 대덕구 중리동 194-5,68.65,벽돌구조,단독주택,(철근)콘크리트,1988-09-27
대전광역시 대덕구 중리동 194-6,75.78,벽돌구조,단독주택,(철근)콘크리트,1988-05-31
대전광역시 대덕구 중리동 194-7,78.17,벽돌구조,단독주택,기타지붕,1988-07-08
대전광역시 대덕구 중리동 194-8,97.29,벽돌구조,단독주택,(철근)콘크리트,1988-08-12
대전광역시 대덕구 중리동 194-9,84.2,벽돌구조,단독주택,(철근)콘크리트,1989-11-14
대전광역시 대덕구 중리동 195-1,118.75,철근콘크리트구조,단독주택,(철근)콘크리트,2010-08-19
대전광역시 대덕구 중리동 195-10,110.76,벽돌구조,단독주택,(철근)콘크리트,1988-06-03
대전광역시 대덕구 중리동 195-11,76.1,벽돌구조,단독주택,(철근)콘크리트,1988-05-31
대전광역시 대덕구 중리동 195-12,101.04,벽돌구조,단독주택,(철근)콘크리트,1989-12-30
대전광역시 대덕구 중리동 195-13,70.49,벽돌구조,단독주택,(철근)콘크리트,1988-05-18
대전광역시 대덕구 중리동 195-14,91.89,벽돌구조,단독주택,(철근)콘크리트,1989-12-11
대전광역시 대덕구 중리동 195-15,80.88,벽돌구조,단독주택,(철근)콘크리트,1988-10-17
대전광역시 대덕구 중리동 195-16,83.62,벽돌구조,단독주택,(철근)콘크리트,1988-07-25
대전광역시 대덕구 중리동 195-2,122.4,철근콘크리트구조,단독주택,(철근)콘크리트,2010-08-24
대전광역시 대덕구 중리동 195-3,82.94,벽돌구조,단독주택,(철근)콘크리트,1987-10-28
대전광역시 대덕구 중리동 195-4,89.45,벽돌구조,단독주택,(철근)콘크리트,1988-06-24
대전광역시 대덕구 중리동 195-5,75.77,벽돌구조,단독주택,(철근)콘크리트,1989-07-05
대전광역시 대덕구 중리동 195-6,69.41,벽돌구조,단독주택,(철근)콘크리트,1988-06-27
대전광역시 대덕구 중리동 195-7,69.28,벽돌구조,단독주택,(철근)콘크리트,1988-12-06
대전광역시 대덕구 중리동 195-8,69.71,벽돌구조,단독주택,(철근)콘크리트,1988-09-28
대전광역시 대덕구 중리동 195-9,84.06,벽돌구조,단독주택,(철근)콘크리트,
대전광역시 대덕구 중리동 196-1,124.25,철근콘크리트구조,단독주택,(철근)콘크리트,1988-03-21
대전광역시 대덕구 중리동 196-14,139.07,철근콘크리트구조,단독주택,(철근)콘크리트,1990-11-03
대전광역시 대덕구 중리동 196-2,104.6,벽돌구조,단독주택,(철근)콘크리트,1988-06-02
대전광역시 대덕구 중리동 196-3,111.82,벽돌구조,단독주택,(철근)콘크리트,1989-10-10
대전광역시 대덕구 중리동 196-4,113.43,벽돌구조,단독주택,(철근)콘크리트,1989-05-01
대전광역시 대덕구 중리동 196-5,117.6,철근콘크리트구조,단독주택,(철근)콘크리트,1990-04-20
대전광역시 대덕구 중리동 196-6,116.14,철근콘크리트구조,단독주택,(철근)콘크리트,1990-02-02
대전광역시 대덕구 중리동 196-7,124.56,철근콘크리트구조,단독주택,(철근)콘크리트,1988-09-06
대전광역시 대덕구 중리동 196-8,125.64,경량철골구조,단독주택,기타지붕,1988-09-13
대전광역시 대덕구 중리동 196-9,113.53,벽돌구조,단독주택,(철근)콘크리트,1988-07-18
대전광역시 대덕구 중리동 197-1,127.71,철근콘크리트구조,단독주택,(철근)콘크리트,2003-01-11
대전광역시 대덕구 중리동 197-10,132.83,철근콘크리트구조,단독주택,(철근)콘크리트,1988-05-10
대전광역시 대덕구 중리동 197-11,134.32,벽돌구조,단독주택,(철근)콘크리트,1987-12-04
대전광역시 대덕구 중리동 197-12,112.5,벽돌구조,단독주택,(철근)콘크리트,1988-10-26
대전광역시 대덕구 중리동 197-13,104.5,벽돌구조,단독주택,(철근)콘크리트,1988-06-20
대전광역시 대덕구 중리동 197-14,105.73,벽돌구조,단독주택,(철근)콘크리트,1988-08-20
대전광역시 대덕구 중리동 197-15,113.36,벽돌구조,단독주택,(철근)콘크리트,1989-11-09
대전광역시 대덕구 중리동 197-16,112.04,벽돌구조,단독주택,(철근)콘크리트,1988-10-21
대전광역시 대덕구 중리동 197-19,110.0,벽돌구조,단독주택,(철근)콘크리트,1990-04-12
대전광역시 대덕구 중리동 197-2,113.0,철근콘크리트구조,단독주택,(철근)콘크리트,1990-09-15
대전광역시 대덕구 중리동 197-20,123.63,벽돌구조,단독주택,(철근)콘크리트,1988-07-13
대전광역시 대덕구 중리동 197-3,113.66,벽돌구조,단독주택,(철근)콘크리트,1988-09-02
대전광역시 대덕구 중리동 197-4,114.82,철근콘크리트구조,단독주택,(철근)콘크리트,1987-12-11
대전광역시 대덕구 중리동 197-5,104.39,벽돌구조,단독주택,(철근)콘크리트,1989-07-29
대전광역시 대덕구 중리동 197-6,114.33,벽돌구조,단독주택,(철근)콘크리트,1988-08-04
대전광역시 대덕구 중리동 197-7,103.23,벽돌구조,단독주택,(철근)콘크리트,1989-04-29
대전광역시 대덕구 중리동 197-8,114.28,철근콘크리트구조,단독주택,(철근)콘크리트,1990-12-15
대전광역시 대덕구 중리동 197-9,114.55,벽돌구조,단독주택,(철근)콘크리트,1989-05-23
대전광역시 대덕구 중리동 198,83.73,벽돌구조,단독주택,기타지붕,1969
대전광역시 대덕구 중리동 198-1,97.515,철근콘크리트구조,단독주택,기타지붕,1988-12-17
대전광역시 대덕구 중리동 198-10,72.09,벽돌구조,단독주택,(철근)콘크리트,1988-09-08
대전광역시 대덕구 중리동 198-11,76.62,벽돌구조,단독주택,(철근)콘크리트,1989-06-15
대전광역시 대덕구 중리동 198-12,88.08,벽돌구조,단독주택,(철근)콘크리트,1989-10-19
대전광역시 대덕구 중리동 198-13,75.77,벽돌구조,단독주택,(철근)콘크리트,1989-07-12
대전광역시 대덕구 중리동 198-14,70.3,벽돌구조,단독주택,(철근)콘크리트,1989-05-11
대전광역시 대덕구 중리동 198-15,68.91,벽돌구조,단독주택,(철근)콘크리트,1988-07-25
대전광역시 대덕구 중리동 198-16,77.34,벽돌구조,단독주택,(철근)콘크리트,1988-12-17
대전광역시 대덕구 중리동 198-2,109.89,벽돌구조,단독주택,(철근)콘크리트,1988-04-21
대전광역시 대덕구 중리동 198-3,77.17,벽돌구조,단독주택,(철근)콘크리트,1988-12-26
대전광역시 대덕구 중리동 198-4,86.67,벽돌구조,단독주택,(철근)콘크리트,1988-12-28
대전광역시 대덕구 중리동 198-5,83.01,벽돌구조,단독주택,(철근)콘크리트,1988-06-15
대전광역시 대덕구 중리동 198-6,74.45,벽돌구조,단독주택,(철근)콘크리트,1988-01-08
대전광역시 대덕구 중리동 198-7,74.75,벽돌구조,단독주택,(철근)콘크리트,1988-08-29
대전광역시 대덕구 중리동 198-8,90.75,벽돌구조,단독주택,(철근)콘크리트,1990-07-31
대전광역시 대덕구 중리동 198-9,109.18,벽돌구조,단독주택,(철근)콘크리트,1989-09-19
대전광역시 대덕구 중리동 199-1,115.22,철근콘크리트구조,단독주택,(철근)콘크리트,2016-03-14
대전광역시 대덕구 중리동 199-10,69.99,벽돌구조,단독주택,(철근)콘크리트,1988-05-18
대전광역시 대덕구 중리동 199-11,75.16,벽돌구조,단독주택,(철근)콘크리트,1988-09-05
대전광역시 대덕구 중리동 199-12,71.73,벽돌구조,단독주택,(철근)콘크리트,1988-11-29
대전광역시 대덕구 중리동 199-13,73.63,벽돌구조,단독주택,(철근)콘크리트,1989-04-06
대전광역시 대덕구 중리동 199-14,83.67,벽돌구조,단독주택,(철근)콘크리트,1989-04-11
대전광역시 대덕구 중리동 199-2,106.68,벽돌구조,단독주택,(철근)콘크리트,1988-12-17
대전광역시 대덕구 중리동 199-3,89.28,벽돌구조,단독주택,(철근)콘크리트,1989-10-16
대전광역시 대덕구 중리동 199-4,101.86,벽돌구조,단독주택,(철근)콘크리트,1989-08-26
대전광역시 대덕구 중리동 199-5,80.23,벽돌구조,단독주택,(철근)콘크리트,1989-08-21
대전광역시 대덕구 중리동 199-6,70.22,벽돌구조,단독주택,(철근)콘크리트,1988-08-22
대전광역시 대덕구 중리동 199-7,78.83,벽돌구조,단독주택,(철근)콘크리트,1989-06-16
대전광역시 대덕구 중리동 199-8,86.67,벽돌구조,단독주택,(철근)콘크리트,1988-06-16
대전광역시 대덕구 중리동 199-9,68.88,벽돌구조,단독주택,(철근)콘크리트,1988-09-14
대전광역시 대덕구 중리동 2-1,7.17,일반목구조,제2종근린생활시설,기와,1653
대전광역시 대덕구 중리동 200,33.06,일반목구조,단독주택,기와,1957
대전광역시 대덕구 중리동 200-1,116.11,철근콘크리트구조,단독주택,(철근)콘크리트,2019-07-10
대전광역시 대덕구 중리동 200-2,136.55,철근콘크리트구조,단독주택,(철근)콘크리트,2019-03-15
대전광역시 대덕구 중리동 200-3,82.0,벽돌구조,단독주택,(철근)콘크리트,1988-06-10
대전광역시 대덕구 중리동 200-4,99.33,벽돌구조,단독주택,(철근)콘크리트,1988-11-01
대전광역시 대덕구 중리동 200-5,97.67,벽돌구조,단독주택,(철근)콘크리트,1988-01-06
대전광역시 대덕구 중리동 200-6,67.51,벽돌구조,단독주택,(철근)콘크리트,1988-05-19
대전광역시 대덕구 중리동 200-7,89.51,벽돌구조,단독주택,(철근)콘크리트,1988-06-13
대전광역시 대덕구 중리동 200-8,71.7,벽돌구조,단독주택,(철근)콘크리트,1988-05-02
대전광역시 대덕구 중리동 201,32.43,벽돌구조,단독주택,기타지붕,1948
대전광역시 대덕구 중리동 201-1,106.76,벽돌구조,단독주택,(철근)콘크리트,1988-08-18
대전광역시 대덕구 중리동 201-2,117.5,벽돌구조,단독주택,(철근)콘크리트,1989-03-13
대전광역시 대덕구 중리동 201-3,80.125,벽돌구조,단독주택,(철근)콘크리트,1989-02-11
대전광역시 대덕구 중리동 201-4,107.41,벽돌구조,단독주택,(철근)콘크리트,1989-05-24
대전광역시 대덕구 중리동 201-5,288.95,철근콘크리트구조,교육연구시설,(철근)콘크리트,1990-03-14
대전광역시 대덕구 중리동 202-1,133.46,벽돌구조,단독주택,(철근)콘크리트,1989-07-21
대전광역시 대덕구 중리동 202-2,173.72,철근콘크리트구조,단독주택,(철근)콘크리트,1990-12-21
대전광역시 대덕구 중리동 202-3,177.75,철근콘크리트구조,단독주택,(철근)콘크리트,2000-01-24
대전광역시 대덕구 중리동 202-4,100.8,벽돌구조,단독주택,(철근)콘크리트,1991-02-26
대전광역시 대덕구 중리동 202-5,175.5,철근콘크리트구조,단독주택,(철근)콘크리트,1995-06-20
대전광역시 대덕구 중리동 202-6,172.72,일반철골구조,단독주택,(철근)콘크리트,2003-11-21
대전광역시 대덕구 중리동 202-7,144.33,벽돌구조,단독주택,(철근)콘크리트,1988-12-13
대전광역시 대덕구 중리동 202-8,170.08,철근콘크리트구조,단독주택,(철근)콘크리트,1991-10-01
대전광역시 대덕구 중리동 203-1,161.28,일반철골구조,단독주택,기타지붕,2011-12-28
대전광역시 대덕구 중리동 203-2,162.32,경량철골구조,제2종근린생활시설,(철근)콘크리트,1988-05-26
대전광역시 대덕구 중리동 203-3,331.21,벽돌구조,단독주택,(철근)콘크리트,1989-06-08
대전광역시 대덕구 중리동 204-1,98.34,벽돌구조,단독주택,(철근)콘크리트,1988-06-03
대전광역시 대덕구 중리동 204-10,92.72,벽돌구조,단독주택,(철근)콘크리트,1989-06-30
대전광역시 대덕구 중리동 204-11,93.47,벽돌구조,단독주택,(철근)콘크리트,1988-11-01
대전광역시 대덕구 중리동 204-12,76.37,벽돌구조,단독주택,(철근)콘크리트,1989-06-08
대전광역시 대덕구 중리동 204-13,86.46,벽돌구조,단독주택,(철근)콘크리트,1989-10-28
대전광역시 대덕구 중리동 204-14,77.4,벽돌구조,단독주택,(철근)콘크리트,1988-08-12
대전광역시 대덕구 중리동 204-2,100.07,철근콘크리트구조,단독주택,(철근)콘크리트,1988-09-15
대전광역시 대덕구 중리동 204-3,103.2,벽돌구조,단독주택,(철근)콘크리트,1989-07-05
대전광역시 대덕구 중리동 204-4,100.11,벽돌구조,단독주택,(철근)콘크리트,1988-09-30
대전광역시 대덕구 중리동 204-5,102.02,벽돌구조,단독주택,(철근)콘크리트,1987-11-10
대전광역시 대덕구 중리동 204-6,100.13,벽돌구조,단독주택,(철근)콘크리트,1988-10-27
대전광역시 대덕구 중리동 204-7,102.13,벽돌구조,단독주택,(철근)콘크리트,1989-03-24
대전광역시 대덕구 중리동 204-8,101.13,철근콘크리트구조,단독주택,(철근)콘크리트,1987-07-30
대전광역시 대덕구 중리동 204-9,92.77,벽돌구조,단독주택,(철근)콘크리트,1990-05-29
대전광역시 대덕구 중리동 205,321.22,벽돌구조,단독주택,슬레이트,1931
대전광역시 대덕구 중리동 205-1,221.08,철근콘크리트구조,단독주택,(철근)콘크리트,2011-06-24
대전광역시 대덕구 중리동 205-10,88.39,벽돌구조,단독주택,(철근)콘크리트,1988-06-27
대전광역시 대덕구 중리동 205-11,73.82,벽돌구조,단독주택,기와,1989-04-04
대전광역시 대덕구 중리동 205-12,73.89,벽돌구조,단독주택,(철근)콘크리트,1989-06-20
대전광역시 대덕구 중리동 205-13,67.16,벽돌구조,단독주택,(철근)콘크리트,1988-11-29
대전광역시 대덕구 중리동 205-14,72.36,벽돌구조,단독주택,(철근)콘크리트,1987-12-10
대전광역시 대덕구 중리동 205-3,66.52,벽돌구조,단독주택,(철근)콘크리트,1987-08-21
대전광역시 대덕구 중리동 205-4,92.82,벽돌구조,단독주택,(철근)콘크리트,1989-08-22
대전광역시 대덕구 중리동 205-5,79.21,벽돌구조,단독주택,(철근)콘크리트,1989-08-07
대전광역시 대덕구 중리동 205-6,91.05,벽돌구조,단독주택,(철근)콘크리트,1988-12-05
대전광역시 대덕구 중리동 205-7,81.86,벽돌구조,단독주택,(철근)콘크리트,1989-09-23
대전광역시 대덕구 중리동 205-8,109.82,벽돌구조,단독주택,(철근)콘크리트,1989-05-22
대전광역시 대덕구 중리동 206-1,109.62,철근콘크리트구조,단독주택,(철근)콘크리트,1988-12-31
대전광역시 대덕구 중리동 206-10,100.74,벽돌구조,단독주택,(철근)콘크리트,1988-11-29
대전광역시 대덕구 중리동 206-11,102.65,벽돌구조,단독주택,(철근)콘크리트,1990-05-01
대전광역시 대덕구 중리동 206-12,105.2,벽돌구조,단독주택,(철근)콘크리트,1988-09-16
대전광역시 대덕구 중리동 206-13,108.29,벽돌구조,단독주택,(철근)콘크리트,1988-09-14
대전광역시 대덕구 중리동 206-14,107.82,벽돌구조,단독주택,(철근)콘크리트,1989-09-16
대전광역시 대덕구 중리동 206-2,113.0,철근콘크리트구조,단독주택,(철근)콘크리트,2012-02-23
대전광역시 대덕구 중리동 206-3,70.41,벽돌구조,단독주택,(철근)콘크리트,1988-06-27
대전광역시 대덕구 중리동 206-4,69.66,벽돌구조,단독주택,(철근)콘크리트,1988-09-27
대전광역시 대덕구 중리동 206-5,153.31,벽돌구조,단독주택,(철근)콘크리트,1988-07-18
대전광역시 대덕구 중리동 206-6,70.41,벽돌구조,단독주택,(철근)콘크리트,1987-08-25
대전광역시 대덕구 중리동 206-7,86.85,벽돌구조,단독주택,(철근)콘크리트,1989-07-15
대전광역시 대덕구 중리동 206-8,105.33,벽돌구조,단독주택,(철근)콘크리트,1988-09-05
대전광역시 대덕구 중리동 207-10,128.65,벽돌구조,단독주택,(철근)콘크리트,1988-05-13
대전광역시 대덕구 중리동 207-11,127.54,벽돌구조,단독주택,(철근)콘크리트,1988-08-11
대전광역시 대덕구 중리동 207-2,126.3025,철근콘크리트구조,단독주택,(철근)콘크리트,1989-08-02
대전광역시 대덕구 중리동 207-3,104.69,벽돌구조,단독주택,(철근)콘크리트,1988-10-10
대전광역시 대덕구 중리동 207-4,126.17,벽돌구조,단독주택,(철근)콘크리트,2000-10-06
대전광역시 대덕구 중리동 207-5,126.0,벽돌구조,단독주택,(철근)콘크리트,1988-09-29
대전광역시 대덕구 중리동 207-6,123.22,철근콘크리트구조,단독주택,(철근)콘크리트,1988-12-31
대전광역시 대덕구 중리동 207-7,126.4,철근콘크리트구조,단독주택,(철근)콘크리트,1990-08-06
대전광역시 대덕구 중리동 207-8,127.56,철근콘크리트구조,단독주택,(철근)콘크리트,1989-11-02
대전광역시 대덕구 중리동 207-9,128.18,철근콘크리트구조,단독주택,(철근)콘크리트,1988-11-09
대전광역시 대덕구 중리동 21,675.81,일반목구조,단독주택,기와,1947
대전광역시 대덕구 중리동 212-1,137.4,철근콘크리트구조,제2종근린생활시설,(철근)콘크리트,1981-10-28
대전광역시 대덕구 중리동 221-1,79.02,벽돌구조,단독주택,(철근)콘크리트,1989-07-08
대전광역시 대덕구 중리동 221-10,86.25,벽돌구조,단독주택,(철근)콘크리트,1989-06-30
대전광역시 대덕구 중리동 221-16,392.52,철근콘크리트구조,공동주택,(철근)콘크리트,1994-08-12
대전광역시 대덕구 중리동 221-2,667.42,일반철골구조,제2종근린생활시설,(철근)콘크리트,1993-08-28
대전광역시 대덕구 중리동 221-5,387.88,철근콘크리트구조,공동주택,(철근)콘크리트,1994-08-12
대전광역시 대덕구 중리동 221-7,208.99,철근콘크리트구조,단독주택,(철근)콘크리트,1997-05-09
대전광역시 대덕구 중리동 221-8,405.15999999999997,경량철골구조,창고시설,기타지붕,2009-06-10
대전광역시 대덕구 중리동 221-9,75.4,벽돌구조,단독주택,(철근)콘크리트,1989-06-30
대전광역시 대덕구 중리동 222-1,315.35,경량철골구조,단독주택,기타지붕,1989-04-10
대전광역시 대덕구 중리동 222-10,253.55,철근콘크리트구조,제2종근린생활시설,(철근)콘크리트,1986-06-23
대전광역시 대덕구 중리동 222-2,2074.3199999999997,철근콘크리트구조,공동주택,(철근)콘크리트,1986-04-01
대전광역시 대덕구 중리동 222-6,300.7,철근콘크리트구조,제2종근린생활시설,(철근)콘크리트,2003-08-25
대전광역시 대덕구 중리동 222-7,458.31,철근콘크리트구조,제2종근린생활시설,(철근)콘크리트,1989-08-28
대전광역시 대덕구 중리동 223-1,94.87,벽돌구조,노유자시설,기타지붕,1993-08-18
대전광역시 대덕구 중리동 223-2,127.08,철근콘크리트구조,단독주택,(철근)콘크리트,2013-04-02
대전광역시 대덕구 중리동 223-3,362.35,철근콘크리트구조,공동주택,(철근)콘크리트,1991-06-03
대전광역시 대덕구 중리동 223-4,122.94,철근콘크리트구조,단독주택,(철근)콘크리트,2016-08-25
대전광역시 대덕구 중리동 223-5,118.76,철근콘크리트구조,단독주택,(철근)콘크리트,2010-03-26
대전광역시 대덕구 중리동 223-6,118.22,철근콘크리트구조,단독주택,(철근)콘크리트,2017-01-24
대전광역시 대덕구 중리동 223-7,133.6,철근콘크리트구조,단독주택,(철근)콘크리트,2003-12-12
대전광역시 대덕구 중리동 223-8,107.73,철근콘크리트구조,단독주택,(철근)콘크리트,1992-07-11
대전광역시 대덕구 중리동 229-1,386.4,경량철골구조,창고시설,기타지붕,1998-11-25
대전광역시 대덕구 중리동 229-10,119.98,철근콘크리트구조,단독주택,기타지붕,1998-03-31
대전광역시 대덕구 중리동 229-11,103.995,벽돌구조,단독주택,(철근)콘크리트,1991-03-22
대전광역시 대덕구 중리동 229-12,118.21,벽돌구조,단독주택,(철근)콘크리트,1991-10-04
대전광역시 대덕구 중리동 229-13,233.02,철근콘크리트구조,단독주택,(철근)콘크리트,2001-10-17
대전광역시 대덕구 중리동 229-14,97.38,벽돌구조,단독주택,(철근)콘크리트,1989-03-08
대전광역시 대덕구 중리동 229-15,102.96,벽돌구조,단독주택,(철근)콘크리트,1988-12-06
대전광역시 대덕구 중리동 229-16,112.88,철근콘크리트구조,단독주택,(철근)콘크리트,2008-02-28
대전광역시 대덕구 중리동 229-19,112.52,철근콘크리트구조,단독주택,(철근)콘크리트,2007-09-05
대전광역시 대덕구 중리동 229-21,112.5,철근콘크리트구조,단독주택,(철근)콘크리트,2003-08-21
대전광역시 대덕구 중리동 229-22,120.98,철근콘크리트구조,단독주택,(철근)콘크리트,2008-12-19
대전광역시 대덕구 중리동 229-23,72.25,벽돌구조,단독주택,(철근)콘크리트,1988-12-06
대전광역시 대덕구 중리동 229-26,139.3,벽돌구조,단독주택,(철근)콘크리트,1991-03-18
대전광역시 대덕구 중리동 229-27,419.42,철근콘크리트구조,공동주택,(철근)콘크리트,2022-04-22
대전광역시 대덕구 중리동 229-3,117.7,철근콘크리트구조,단독주택,(철근)콘크리트,2016-02-18
대전광역시 대덕구 중리동 229-34,433.14,철근콘크리트구조,공동주택,(철근)콘크리트,1996-01-31
대전광역시 대덕구 중리동 229-35,423.32,철근콘크리트구조,공동주택,(철근)콘크리트,1995-12-26
대전광역시 대덕구 중리동 229-4,132.31,철근콘크리트구조,단독주택,(철근)콘크리트,2012-01-26
대전광역시 대덕구 중리동 229-6,175.16,경량철골구조,창고시설,기타지붕,2011-07-07
대전광역시 대덕구 중리동 229-8,98.1,벽돌구조,단독주택,(철근)콘크리트,1984-12-20
대전광역시 대덕구 중리동 229-9,419.42,철근콘크리트구조,공동주택,(철근)콘크리트,2022-04-22
대전광역시 대덕구 중리동 230-10,158.34,철근콘크리트구조,단독주택,(철근)콘크리트,2021-12-15
대전광역시 대덕구 중리동 230-13,73.89,벽돌구조,단독주택,(철근)콘크리트,1989-06-01
대전광역시 대덕구 중리동 230-15,382.95,일반철골구조,제2종근린생활시설,(철근)콘크리트,2011-07-22
대전광역시 대덕구 중리동 230-2,781.17,일반철골구조,제2종근린생활시설,(철근)콘크리트,2010-12-13
대전광역시 대덕구 중리동 230-4,399.88,경량철골구조,제2종근린생활시설,기타지붕,2016-06-14
대전광역시 대덕구 중리동 230-7,479.41999999999996,벽돌구조,공동주택,(철근)콘크리트,1991-05-30
대전광역시 대덕구 중리동 230-8,886.46,일반철골구조,제2종근린생활시설,(철근)콘크리트,2011-03-29
대전광역시 대덕구 중리동 230-9,70.54,벽돌구조,단독주택,(철근)콘크리트,1989-06-02
대전광역시 대덕구 중리동 231-1,265.9,벽돌구조,제2종근린생활시설,기와,1993-04-17
대전광역시 대덕구 중리동 231-10,288.77,철근콘크리트구조,제2종근린생활시설,(철근)콘크리트,2017-10-12
대전광역시 대덕구 중리동 231-13,188.62,철근콘크리트구조,제2종근린생활시설,(철근)콘크리트,2015-04-17
대전광역시 대덕구 중리동 231-14,191.86,철근콘크리트구조,단독주택,(철근)콘크리트,2016-01-13
대전광역시 대덕구 중리동 231-15,138.44,철근콘크리트구조,단독주택,(철근)콘크리트,2011-02-23
대전광역시 대덕구 중리동 231-18,139.32,철근콘크리트구조,단독주택,(철근)콘크리트,2016-01-25
대전광역시 대덕구 중리동 231-19,81.2,벽돌구조,단독주택,(철근)콘크리트,1989-08-21
대전광역시 대덕구 중리동 231-2,843.58,철근콘크리트구조,업무시설,(철근)콘크리트,2006-11-23
대전광역시 대덕구 중리동 231-20,81.0,벽돌구조,단독주택,(철근)콘크리트,1991-06-18
대전광역시 대덕구 중리동 231-22,81.0,벽돌구조,단독주택,(철근)콘크리트,1991-06-18
대전광역시 대덕구 중리동 231-5,573.61,철근콘크리트구조,제2종근린생활시설,(철근)콘크리트,2014-12-12
대전광역시 대덕구 중리동 231-6,223.23,철근콘크리트구조,단독주택,(철근)콘크리트,2012-09-27
대전광역시 대덕구 중리동 231-7,78.63,벽돌구조,단독주택,(철근)콘크리트,1990-04-02
대전광역시 대덕구 중리동 231-8,107.58,벽돌구조,단독주택,(철근)콘크리트,1985-08-08
대전광역시 대덕구 중리동 231-9,116.28,벽돌구조,단독주택,(철근)콘크리트,1989-12-11
대전광역시 대덕구 중리동 232-1,711.15,철근콘크리트구조,제2종근린생활시설,(철근)콘크리트,1990-07-27
대전광역시 대덕구 중리동 232-10,88.98,벽돌구조,단독주택,(철근)콘크리트,1990-07-05
대전광역시 대덕구 중리동 232-11,79.96,벽돌구조,단독주택,(철근)콘크리트,1990-07-05
대전광역시 대덕구 중리동 232-12,80.23,벽돌구조,단독주택,(철근)콘크리트,1990-04-23
대전광역시 대덕구 중리동 232-13,87.24,벽돌구조,단독주택,(철근)콘크리트,1989-08-02
대전광역시 대덕구 중리동 232-15,188.65,철근콘크리트구조,제2종근린생활시설,(철근)콘크리트,2010-11-17
대전광역시 대덕구 중리동 232-19,218.52,벽돌구조,공동주택,(철근)콘크리트,1989-05-24
대전광역시 대덕구 중리동 232-2,187.2,벽돌구조,공동주택,(철근)콘크리트,1989-05-24
대전광역시 대덕구 중리동 232-20,187.2,벽돌구조,공동주택,(철근)콘크리트,1989-05-24
대전광역시 대덕구 중리동 232-23,97.09,철근콘크리트구조,단독주택,(철근)콘크리트,2010-08-19
대전광역시 대덕구 중리동 232-25,94.92,철근콘크리트구조,단독주택,(철근)콘크리트,2010-08-02
대전광역시 대덕구 중리동 232-29,219.27,철근콘크리트구조,단독주택,(철근)콘크리트,2010-10-05
대전광역시 대덕구 중리동 232-3,423.84,철근콘크리트구조,공동주택,(철근)콘크리트,1993-12-31
대전광역시 대덕구 중리동 232-30,112.31,철근콘크리트구조,단독주택,(철근)콘크리트,2010-10-13
대전광역시 대덕구 중리동 232-31,110.77,철근콘크리트구조,단독주택,(철근)콘크리트,2012-09-06
대전광역시 대덕구 중리동 232-32,206.56,벽돌구조,공동주택,(철근)콘크리트,1991-09-07
대전광역시 대덕구 중리동 232-34,288.92,철근콘크리트구조,공동주택,(철근)콘크리트,2002-01-18
대전광역시 대덕구 중리동 232-4,144.46,철근콘크리트구조,단독주택,(철근)콘크리트,2003-03-13
대전광역시 대덕구 중리동 232-5,119.5,철근콘크리트구조,단독주택,(철근)콘크리트,2016-08-02
대전광역시 대덕구 중리동 232-6,404.32,벽돌구조,공동주택,(철근)콘크리트,1990-06-30
대전광역시 대덕구 중리동 232-7,203.49,철근콘크리트구조,단독주택,(철근)콘크리트,2011-01-28
대전광역시 대덕구 중리동 232-8,94.86,벽돌구조,단독주택,(철근)콘크리트,1990-09-28
대전광역시 대덕구 중리동 232-9,118.87,철근콘크리트구조,단독주택,(철근)콘크리트,2012-07-11
대전광역시 대덕구 중리동 233-1,137.76,철근콘크리트구조,단독주택,(철근)콘크리트,2003-01-06
대전광역시 대덕구 중리동 233-10,123.22,철근콘크리트구조,단독주택,(철근)콘크리트,1995-01-27
대전광역시 대덕구 중리동 233-11,179.71,철근콘크리트구조,단독주택,(철근)콘크리트,2000-04-27
대전광역시 대덕구 중리동 233-12,219.04,벽돌구조,공동주택,(철근)콘크리트,1990-11-13
대전광역시 대덕구 중리동 233-13,203.29,철근콘크리트구조,단독주택,(철근)콘크리트,1994-09-17
대전광역시 대덕구 중리동 233-15,202.4,벽돌구조,공동주택,(철근)콘크리트,1990-08-13
대전광역시 대덕구 중리동 233-16,0.0,벽돌구조,단독주택,(철근)콘크리트,1990-08-10
대전광역시 대덕구 중리동 233-18,245.92,철근콘크리트구조,공동주택,(철근)콘크리트,2000-12-29
대전광역시 대덕구 중리동 233-19,184.8,벽돌구조,공동주택,(철근)콘크리트,1990-07-02
대전광역시 대덕구 중리동 233-2,244.52,벽돌구조,공동주택,(철근)콘크리트,1991-01-09
대전광역시 대덕구 중리동 233-20,184.8,벽돌구조,공동주택,(철근)콘크리트,1990-07-02
대전광역시 대덕구 중리동 233-21,60.88,벽돌구조,단독주택,(철근)콘크리트,1989-11-28
대전광역시 대덕구 중리동 233-22,57.48,벽돌구조,단독주택,(철근)콘크리트,1989-11-28
대전광역시 대덕구 중리동 233-23,366.0,벽돌구조,공동주택,(철근)콘크리트,1990-08-20
대전광역시 대덕구 중리동 233-26,132.24,철근콘크리트구조,단독주택,(철근)콘크리트,2019-01-02
대전광역시 대덕구 중리동 233-27,179.71,철근콘크리트구조,단독주택,(철근)콘크리트,2000-04-27
대전광역시 대덕구 중리동 233-5,139.62,철근콘크리트구조,제2종근린생활시설,(철근)콘크리트,2002-03-08
대전광역시 대덕구 중리동 233-6,119.82,철근콘크리트구조,단독주택,(철근)콘크리트,1996-01-18
대전광역시 대덕구 중리동 233-8,136.32,일반철골구조,창고시설,(철근)콘크리트,2021-07-22
대전광역시 대덕구 중리동 233-9,133.38,벽돌구조,공장,(철근)콘크리트,1989-05-30
대전광역시 대덕구 중리동 234-3,1514.95,경량철골구조,교육연구시설,기타지붕,
대전광역시 대덕구 중리동 234-7,3189.39,철근콘크리트구조,교육연구시설,(철근)콘크리트,1997-03-20
대전광역시 대덕구 중리동 235-1,107.275,철근콘크리트구조,단독주택,(철근)콘크리트,1991-10-02
대전광역시 대덕구 중리동 235-10,62.86,벽돌구조,단독주택,(철근)콘크리트,1986-03-28
대전광역시 대덕구 중리동 235-11,75.9,벽돌구조,단독주택,(철근)콘크리트,1989-07-28
대전광역시 대덕구 중리동 235-12,190.77,철근콘크리트구조,단독주택,(철근)콘크리트,1997-03-13
대전광역시 대덕구 중리동 235-13,126.55,철근콘크리트구조,단독주택,(철근)콘크리트,2011-08-24
대전광역시 대덕구 중리동 235-14,71.61,벽돌구조,단독주택,(철근)콘크리트,1988-06-07
대전광역시 대덕구 중리동 235-17,104.04,벽돌구조,단독주택,(철근)콘크리트,1990-08-30
대전광역시 대덕구 중리동 235-18,104.0,벽돌구조,단독주택,(철근)콘크리트,1997-10-22
대전광역시 대덕구 중리동 235-2,93.69,벽돌구조,단독주택,(철근)콘크리트,1990-09-01
대전광역시 대덕구 중리동 235-20,63.06,벽돌구조,단독주택,(철근)콘크리트,1986-03-28
대전광역시 대덕구 중리동 235-22,84.3,벽돌구조,단독주택,(철근)콘크리트,1989-09-07
대전광역시 대덕구 중리동 235-23,62.81,철근콘크리트구조,단독주택,(철근)콘크리트,1987-11-26
대전광역시 대덕구 중리동 235-24,69.48,벽돌구조,단독주택,(철근)콘크리트,1989-07-12
대전광역시 대덕구 중리동 235-25,79.78,벽돌구조,단독주택,(철근)콘크리트,1989-04-13
대전광역시 대덕구 중리동 235-26,75.9,벽돌구조,단독주택,(철근)콘크리트,1989-07-28
대전광역시 대덕구 중리동 235-27,84.3,벽돌구조,단독주택,(철근)콘크리트,1989-09-07
대전광역시 대덕구 중리동 235-29,108.07,철근콘크리트구조,단독주택,(철근)콘크리트,2016-04-22
대전광역시 대덕구 중리동 235-3,75.72,철근콘크리트구조,단독주택,(철근)콘크리트,2013-09-03
대전광역시 대덕구 중리동 235-30,106.22,철근콘크리트구조,단독주택,(철근)콘크리트,2019-01-08
대전광역시 대덕구 중리동 235-32,107.52,철근콘크리트구조,단독주택,(철근)콘크리트,2016-12-29
대전광역시 대덕구 중리동 235-33,108.35,철근콘크리트구조,단독주택,(철근)콘크리트,2012-12-17
대전광역시 대덕구 중리동 235-35,88.15,벽돌구조,단독주택,(철근)콘크리트,1990-08-27
대전광역시 대덕구 중리동 235-36,98.28,벽돌구조,단독주택,(철근)콘크리트,1989-10-17
대전광역시 대덕구 중리동 235-37,106.2,벽돌구조,단독주택,(철근)콘크리트,1990-09-01
대전광역시 대덕구 중리동 235-6,78.67,벽돌구조,단독주택,(철근)콘크리트,1989-01-26
대전광역시 대덕구 중리동 235-7,72.65,벽돌구조,단독주택,(철근)콘크리트,1988-07-25
대전광역시 대덕구 중리동 235-8,1794.42,철근콘크리트구조,공동주택,(철근)콘크리트,1987-08-20
대전광역시 대덕구 중리동 235-9,102.4,벽돌구조,단독주택,(철근)콘크리트,1989-04-10
대전광역시 대덕구 중리동 236-1,272.56,일반철골구조,제2종근린생활시설,기타지붕,2003-04-18
대전광역시 대덕구 중리동 236-10,120.6,벽돌구조,단독주택,(철근)콘크리트,1989-10-28
대전광역시 대덕구 중리동 236-11,108.16,철근콘크리트구조,단독주택,(철근)콘크리트,2020-01-22
대전광역시 대덕구 중리동 236-12,105.91,벽돌구조,단독주택,(철근)콘크리트,1989-10-23
대전광역시 대덕구 중리동 236-13,148.4,일반철골구조,제2종근린생활시설,기타지붕,2005-06-30
대전광역시 대덕구 중리동 236-15,83.61,벽돌구조,단독주택,(철근)콘크리트,1990-08-03
대전광역시 대덕구 중리동 236-16,444.28,철근콘크리트구조,공동주택,(철근)콘크리트,1994-12-02
대전광역시 대덕구 중리동 236-17,87.74,벽돌구조,단독주택,(철근)콘크리트,1989-06-16
대전광역시 대덕구 중리동 236-22,100.9,벽돌구조,단독주택,(철근)콘크리트,1990-08-09
대전광역시 대덕구 중리동 236-23,126.79,벽돌구조,단독주택,(철근)콘크리트,1987-01-22
대전광역시 대덕구 중리동 236-25,411.58,철근콘크리트구조,공동주택,(철근)콘크리트,1997-02-19
대전광역시 대덕구 중리동 236-4,1075.6799999999998,철근콘크리트구조,공동주택,(철근)콘크리트,2020-08-14
대전광역시 대덕구 중리동 236-5,96.0,경량철골구조,자동차관련시설,기타지붕,1999-05-26
대전광역시 대덕구 중리동 236-6,191.44,철근콘크리트구조,제2종근린생활시설,(철근)콘크리트,2004-12-27
대전광역시 대덕구 중리동 236-7,74.03,벽돌구조,제2종근린생활시설,(철근)콘크리트,1989-09-20
대전광역시 대덕구 중리동 236-8,384.54,철골철근콘크리트구조,제2종근린생활시설,(철근)콘크리트,2008-12-16
대전광역시 대덕구 중리동 236-9,73.84,벽돌구조,단독주택,(철근)콘크리트,1989-06-08
대전광역시 대덕구 중리동 237-1,245.24,철근콘크리트구조,제2종근린생활시설,기타지붕,2003-07-01
대전광역시 대덕구 중리동 237-10,143.29,철근콘크리트구조,단독주택,(철근)콘크리트,2002-05-03
대전광역시 대덕구 중리동 237-11,142.87,철근콘크리트구조,단독주택,(철근)콘크리트,2002-08-07
대전광역시 대덕구 중리동 237-12,188.36,철근콘크리트구조,단독주택,(철근)콘크리트,2003-12-08
대전광역시 대덕구 중리동 237-3,415.47,철근콘크리트구조,의료시설,(철근)콘크리트,1993-08-02
대전광역시 대덕구 중리동 237-5,257.41,철근콘크리트구조,제2종근린생활시설,(철근)콘크리트,2019-03-07
대전광역시 대덕구 중리동 237-7,189.89,철근콘크리트구조,단독주택,(철근)콘크리트,2002-10-21
대전광역시 대덕구 중리동 237-8,245.94,철근콘크리트구조,단독주택,(철근)콘크리트,2010-12-28
대전광역시 대덕구 중리동 238-1,110.66,철근콘크리트구조,단독주택,(철근)콘크리트,1991-07-13
대전광역시 대덕구 중리동 238-10,415.92,철근콘크리트구조,공동주택,(철근)콘크리트,1991-07-31
대전광역시 대덕구 중리동 238-11,192.66,철근콘크리트구조,단독주택,(철근)콘크리트,1996-10-12
대전광역시 대덕구 중리동 238-12,252.0,철근콘크리트구조,단독주택,(철근)콘크리트,2011-12-02
대전광역시 대덕구 중리동 238-13,252.48,철근콘크리트구조,단독주택,(철근)콘크리트,2011-01-24
대전광역시 대덕구 중리동 238-2,300.06,철근콘크리트구조,단독주택,(철근)콘크리트,2011-04-19
대전광역시 대덕구 중리동 238-4,185.11,경량철골구조,제2종근린생활시설,기타지붕,1992-08-02
대전광역시 대덕구 중리동 238-5,93.73,철근콘크리트구조,단독주택,(철근)콘크리트,2016-06-17
대전광역시 대덕구 중리동 238-6,191.18,철근콘크리트구조,단독주택,(철근)콘크리트,2021-01-28
대전광역시 대덕구 중리동 238-9,107.7,벽돌구조,제2종근린생활시설,(철근)콘크리트,1987-12-15
대전광역시 대덕구 중리동 239-1,324.6,철근콘크리트구조,공동주택,(철근)콘크리트,2000-03-02
대전광역시 대덕구 중리동 239-10,210.39,철근콘크리트구조,제2종근린생활시설,(철근)콘크리트,2014-11-03
대전광역시 대덕구 중리동 239-11,84.12,벽돌구조,단독주택,(철근)콘크리트,1987-12-10
대전광역시 대덕구 중리동 239-12,141.85,철근콘크리트구조,단독주택,(철근)콘크리트,2009-09-01
대전광역시 대덕구 중리동 239-15,201.68,벽돌구조,공동주택,(철근)콘크리트,1990-04-13
대전광역시 대덕구 중리동 239-16,102.64,벽돌구조,단독주택,(철근)콘크리트,1989-09-16
대전광역시 대덕구 중리동 239-17,65.31,벽돌구조,단독주택,(철근)콘크리트,1989-09-26
대전광역시 대덕구 중리동 239-18,65.31,벽돌구조,단독주택,(철근)콘크리트,1989-09-16
대전광역시 대덕구 중리동 239-19,60.12,벽돌구조,단독주택,(철근)콘크리트,1989-10-10
대전광역시 대덕구 중리동 239-2,92.22,철근콘크리트구조,단독주택,(철근)콘크리트,2017-10-11
대전광역시 대덕구 중리동 239-21,153.72,철근콘크리트구조,단독주택,(철근)콘크리트,2017-01-24
대전광역시 대덕구 중리동 239-23,102.63,벽돌구조,단독주택,(철근)콘크리트,1989-07-24
대전광역시 대덕구 중리동 239-24,65.31,벽돌구조,단독주택,(철근)콘크리트,1989-09-08
대전광역시 대덕구 중리동 239-25,59.01,벽돌구조,단독주택,(철근)콘크리트,1989-09-08
대전광역시 대덕구 중리동 239-26,59.64,벽돌구조,단독주택,(철근)콘크리트,1989-09-08
대전광역시 대덕구 중리동 239-28,59.52,벽돌구조,단독주택,(철근)콘크리트,1989-09-08
대전광역시 대덕구 중리동 239-3,115.84,철근콘크리트구조,단독주택,(철근)콘크리트,2002-12-17
대전광역시 대덕구 중리동 239-31,204.0,벽돌구조,공동주택,(철근)콘크리트,1989-12-14
대전광역시 대덕구 중리동 239-32,208.56,벽돌구조,공동주택,(철근)콘크리트,1989-12-14
대전광역시 대덕구 중리동 239-33,208.56,벽돌구조,공동주택,(철근)콘크리트,1989-12-14
대전광역시 대덕구 중리동 239-4,204.0,벽돌구조,공동주택,(철근)콘크리트,1989-12-14
대전광역시 대덕구 중리동 239-5,210.12,철근콘크리트구조,단독주택,(철근)콘크리트,2003-08-25
대전광역시 대덕구 중리동 239-6,168.3,일반철골구조,단독주택,기타지붕,1997-05-01
대전광역시 대덕구 중리동 239-7,158.76,벽돌구조,단독주택,(철근)콘크리트,1984-06-21
대전광역시 대덕구 중리동 239-8,65.8,벽돌구조,단독주택,(철근)콘크리트,1989-09-08
대전광역시 대덕구 중리동 240-1,115.09,철근콘크리트구조,단독주택,(철근)콘크리트,2011-11-04
대전광역시 대덕구 중리동 240-11,267.12,철근콘크리트구조,단독주택,(철근)콘크리트,1983-05-10
대전광역시 대덕구 중리동 240-13,108.72,철근콘크리트구조,공동주택,(철근)콘크리트,1987-07-16
대전광역시 대덕구 중리동 240-14,108.72,벽돌구조,공동주택,(철근)콘크리트,1987-07-08
대전광역시 대덕구 중리동 240-15,108.72,철근콘크리트구조,공동주택,(철근)콘크리트,1986-12-15
대전광역시 대덕구 중리동 240-16,108.72,철근콘크리트구조,공동주택,(철근)콘크리트,1986-12-15
대전광역시 대덕구 중리동 240-17,86.63,벽돌구조,단독주택,(철근)콘크리트,1984-11-27
대전광역시 대덕구 중리동 240-18,87.76,벽돌구조,단독주택,(철근)콘크리트,1985-04-04
대전광역시 대덕구 중리동 240-19,72.45,벽돌구조,단독주택,(철근)콘크리트,1987-04-28
대전광역시 대덕구 중리동 240-2,79.2,벽돌구조,단독주택,(철근)콘크리트,1985-07-16
대전광역시 대덕구 중리동 240-21,198.38,철근콘크리트구조,단독주택,(철근)콘크리트,2010-02-24
대전광역시 대덕구 중리동 240-22,394.78,철근콘크리트구조,단독주택,(철근)콘크리트,1989-07-11
대전광역시 대덕구 중리동 240-23,116.96,철근콘크리트구조,단독주택,(철근)콘크리트,2020-11-18
대전광역시 대덕구 중리동 240-24,159.61,철근콘크리트구조,단독주택,(철근)콘크리트,2012-02-14
대전광역시 대덕구 중리동 240-25,96.72,벽돌구조,단독주택,(철근)콘크리트,1982-12-24
대전광역시 대덕구 중리동 240-27,151.65,철근콘크리트구조,단독주택,(철근)콘크리트,2023-06-02
대전광역시 대덕구 중리동 240-28,198.02,철근콘크리트구조,단독주택,(철근)콘크리트,2002-11-01
대전광역시 대덕구 중리동 240-3,146.69,철근콘크리트구조,단독주택,(철근)콘크리트,2016-06-15
대전광역시 대덕구 중리동 240-5,570.8,철근콘크리트구조,공동주택,(철근)콘크리트,1992-02-17
대전광역시 대덕구 중리동 240-6,197.7,철근콘크리트구조,단독주택,(철근)콘크리트,2003-02-12
대전광역시 대덕구 중리동 240-7,103.95,철근콘크리트구조,단독주택,(철근)콘크리트,2011-10-19
대전광역시 대덕구 중리동 241-1,137.54,철근콘크리트구조,단독주택,(철근)콘크리트,2001-09-07
대전광역시 대덕구 중리동 241-10,218.66,철근콘크리트구조,단독주택,(철근)콘크리트,2016-08-18
대전광역시 대덕구 중리동 241-11,180.9,철근콘크리트구조,단독주택,(철근)콘크리트,2018-12-18
대전광역시 대덕구 중리동 241-12,270.84,철근콘크리트구조,공동주택,(철근)콘크리트,2002-12-27
대전광역시 대덕구 중리동 241-14,289.4,철근콘크리트구조,제2종근린생활시설,(철근)콘크리트,1990-08-18
대전광역시 대덕구 중리동 241-15,200.56,철근콘크리트구조,단독주택,(철근)콘크리트,2017-12-05
대전광역시 대덕구 중리동 241-17,92.97,벽돌구조,단독주택,(철근)콘크리트,1994-09-06
대전광역시 대덕구 중리동 241-2,226.58,철근콘크리트구조,단독주택,(철근)콘크리트,2011-12-26
대전광역시 대덕구 중리동 241-22,119.72,철근콘크리트구조,단독주택,(철근)콘크리트,2003-07-31
대전광역시 대덕구 중리동 241-23,193.44,철근콘크리트구조,공동주택,(철근)콘크리트,1991-07-31
대전광역시 대덕구 중리동 241-25,193.44,철근콘크리트구조,공동주택,(철근)콘크리트,1991-07-24
대전광역시 대덕구 중리동 241-26,313.14,철근콘크리트구조,공동주택,(철근)콘크리트,1993-01-19
대전광역시 대덕구 중리동 241-27,136.58,철근콘크리트구조,단독주택,(철근)콘크리트,2001-09-22
대전광역시 대덕구 중리동 241-28,226.58,철근콘크리트구조,단독주택,(철근)콘크리트,2011-12-26
대전광역시 대덕구 중리동 241-3,201.0,철근콘크리트구조,단독주택,(철근)콘크리트,2020-09-28
대전광역시 대덕구 중리동 241-4,268.32,철근콘크리트구조,단독주택,(철근)콘크리트,2010-10-04
대전광역시 대덕구 중리동 241-5,449.68,철근콘크리트구조,공동주택,(철근)콘크리트,1991-07-24
대전광역시 대덕구 중리동 241-7,91.29,벽돌구조,단독주택,기타지붕,1984-08-13
대전광역시 대덕구 중리동 241-8,91.3,벽돌구조,단독주택,(철근)콘크리트,1981-10-10
대전광역시 대덕구 중리동 241-9,93.43,벽돌구조,단독주택,(철근)콘크리트,1989-08-31
대전광역시 대덕구 중리동 242-1,211.68,철근콘크리트구조,공동주택,(철근)콘크리트,1991-08-08
대전광역시 대덕구 중리동 242-10,114.79,철근콘크리트구조,단독주택,(철근)콘크리트,2018-02-01
대전광역시 대덕구 중리동 242-11,122.27,철근콘크리트구조,단독주택,(철근)콘크리트,2012-01-06
대전광역시 대덕구 중리동 242-12,126.5,철근콘크리트구조,단독주택,(철근)콘크리트,2011-11-30
대전광역시 대덕구 중리동 242-13,79.86,벽돌구조,단독주택,(철근)콘크리트,1998-01-15
대전광역시 대덕구 중리동 242-14,78.1,벽돌구조,단독주택,(철근)콘크리트,1988-01-17
대전광역시 대덕구 중리동 242-15,158.22,철근콘크리트구조,단독주택,(철근)콘크리트,2006-06-28
대전광역시 대덕구 중리동 242-17,74.76,철근콘크리트구조,단독주택,(철근)콘크리트,2018-03-06
대전광역시 대덕구 중리동 242-2,117.24,철근콘크리트구조,단독주택,(철근)콘크리트,2022-11-15
대전광역시 대덕구 중리동 242-27,211.68,철근콘크리트구조,공동주택,(철근)콘크리트,1991-08-08
대전광역시 대덕구 중리동 242-3,79.57,벽돌구조,단독주택,기타지붕,2001-06-16
대전광역시 대덕구 중리동 242-7,142.49,철근콘크리트구조,단독주택,(철근)콘크리트,2021-06-15
대전광역시 대덕구 중리동 242-8,220.04,철근콘크리트구조,공동주택,(철근)콘크리트,1991-05-10
대전광역시 대덕구 중리동 243-1,923.66,철근콘크리트구조,교육연구시설,(철근)콘크리트,2006-05-15
대전광역시 대덕구 중리동 243-10,429.06,철근콘크리트구조,단독주택,(철근)콘크리트,2010-12-13
대전광역시 대덕구 중리동 243-12,79.4,벽돌구조,단독주택,(철근)콘크리트,1989-11-09
대전광역시 대덕구 중리동 243-13,167.42,철근콘크리트구조,단독주택,(철근)콘크리트,2002-08-20
대전광역시 대덕구 중리동 243-14,147.42,철근콘크리트구조,단독주택,(철근)콘크리트,2017-01-23
대전광역시 대덕구 중리동 243-17,1929.5,일반철골구조,단독주택,기타지붕,1995-08-22
대전광역시 대덕구 중리동 243-18,417.92,철근콘크리트구조,공동주택,(철근)콘크리트,2003-07-11
대전광역시 대덕구 중리동 243-2,696.6400000000001,벽돌구조,공동주택,(철근)콘크리트,1991-08-21
대전광역시 대덕구 중리동 243-20,1463.49,벽돌구조,단독주택,(철근)콘크리트,1992-10-05
대전광역시 대덕구 중리동 243-21,273.47,철근콘크리트구조,단독주택,(철근)콘크리트,2014-06-17
대전광역시 대덕구 중리동 243-22,186.28,철근콘크리트구조,단독주택,(철근)콘크리트,1998-02-28
대전광역시 대덕구 중리동 243-23,632.02,일반철골구조,창고시설,기타지붕,2018-02-05
대전광역시 대덕구 중리동 243-24,94.84,벽돌구조,단독주택,(철근)콘크리트,1990-11-14
대전광역시 대덕구 중리동 243-26,95.06,벽돌구조,단독주택,(철근)콘크리트,1985-12-02
대전광역시 대덕구 중리동 243-27,79.93,벽돌구조,단독주택,(철근)콘크리트,1985-11-30
대전광역시 대덕구 중리동 243-28,133.19,철근콘크리트구조,단독주택,(철근)콘크리트,2012-07-30
대전광역시 대덕구 중리동 243-29,127.38,철근콘크리트구조,단독주택,(철근)콘크리트,2012-07-30
대전광역시 대덕구 중리동 243-30,145.41,벽돌구조,단독주택,(철근)콘크리트,1997-05-20
대전광역시 대덕구 중리동 243-31,101.28,벽돌구조,단독주택,(철근)콘크리트,1986-06-03
대전광역시 대덕구 중리동 243-32,121.18,철근콘크리트구조,제2종근린생활시설,(철근)콘크리트,2004-06-18
대전광역시 대덕구 중리동 243-34,121.86,철근콘크리트구조,단독주택,(철근)콘크리트,1993-06-16
대전광역시 대덕구 중리동 243-35,98.43,벽돌구조,단독주택,(철근)콘크리트,1989-11-14
대전광역시 대덕구 중리동 243-36,109.26,벽돌구조,단독주택,(철근)콘크리트,1991-10-19
대전광역시 대덕구 중리동 243-37,106.32,벽돌구조,단독주택,(철근)콘크리트,1989-06-14
대전광역시 대덕구 중리동 243-40,143.22,철근콘크리트구조,단독주택,(철근)콘크리트,2022-04-13
대전광역시 대덕구 중리동 243-41,95.29,벽돌구조,단독주택,(철근)콘크리트,1988-07-25
대전광역시 대덕구 중리동 243-42,98.72,벽돌구조,단독주택,(철근)콘크리트,1988-10-12
대전광역시 대덕구 중리동 243-43,93.36,벽돌구조,단독주택,(철근)콘크리트,1988-08-04
대전광역시 대덕구 중리동 243-44,134.38,철근콘크리트구조,단독주택,(철근)콘크리트,2010-04-22
대전광역시 대덕구 중리동 243-45,194.44,철근콘크리트구조,제2종근린생활시설,(철근)콘크리트,1991-06-28
대전광역시 대덕구 중리동 243-46,80.66,벽돌구조,단독주택,(철근)콘크리트,1989-01-24
대전광역시 대덕구 중리동 243-47,130.98,철근콘크리트구조,제2종근린생활시설,(철근)콘크리트,1989-11-17
대전광역시 대덕구 중리동 243-49,79.68,벽돌구조,단독주택,(철근)콘크리트,1989-12-27
대전광역시 대덕구 중리동 243-5,102.92,철근콘크리트구조,단독주택,(철근)콘크리트,2007-10-30
대전광역시 대덕구 중리동 243-50,578.8199999999999,벽돌구조,공동주택,(철근)콘크리트,1991-08-08
대전광역시 대덕구 중리동 243-51,379.67,벽돌구조,공동주택,(철근)콘크리트,1991-07-05
대전광역시 대덕구 중리동 243-53,419.98,철근콘크리트구조,공동주택,(철근)콘크리트,2003-06-24
대전광역시 대덕구 중리동 243-54,139.71,철근콘크리트구조,단독주택,(철근)콘크리트,2017-01-23
대전광역시 대덕구 중리동 243-55,143.62,철근콘크리트구조,단독주택,(철근)콘크리트,2017-02-03
대전광역시 대덕구 중리동 243-6,108.0,철근콘크리트구조,단독주택,(철근)콘크리트,2007-11-29
대전광역시 대덕구 중리동 243-7,219.155,철근콘크리트구조,단독주택,(철근)콘크리트,2007-11-29
대전광역시 대덕구 중리동 243-8,138.33,벽돌구조,단독주택,(철근)콘크리트,1988-09-14
대전광역시 대덕구 중리동 243-9,81.08,벽돌구조,단독주택,(철근)콘크리트,1985-01-10
대전광역시 대덕구 중리동 245-1,166.82,철근콘크리트구조,제2종근린생활시설,(철근)콘크리트,1993-09-09
대전광역시 대덕구 중리동 245-10,206.08,벽돌구조,공동주택,(철근)콘크리트,1990-04-10
대전광역시 대덕구 중리동 245-11,62.25,벽돌구조,단독주택,(철근)콘크리트,1984-09-29
대전광역시 대덕구 중리동 245-12,216.0,벽돌구조,공동주택,(철근)콘크리트,1987-10-23
대전광역시 대덕구 중리동 245-13,89.41,벽돌구조,단독주택,(철근)콘크리트,1985-03-23
대전광역시 대덕구 중리동 245-14,105.5,벽돌구조,제2종근린생활시설,(철근)콘크리트,1989-07-26
대전광역시 대덕구 중리동 245-15,80.91,철근콘크리트구조,단독주택,(철근)콘크리트,1993-11-05
대전광역시 대덕구 중리동 245-16,112.36,철근콘크리트구조,자동차관련시설,(철근)콘크리트,1995-12-05
대전광역시 대덕구 중리동 245-17,119.8,벽돌구조,단독주택,(철근)콘크리트,1990-07-30
대전광역시 대덕구 중리동 245-19,128.25,철근콘크리트구조,제2종근린생활시설,(철근)콘크리트,1998-02-12
대전광역시 대덕구 중리동 245-2,128.7,철근콘크리트구조,단독주택,(철근)콘크리트,2003-01-22
대전광역시 대덕구 중리동 245-21,139.05,철근콘크리트구조,제2종근린생활시설,(철근)콘크리트,1998-02-12
대전광역시 대덕구 중리동 245-22,88.54,벽돌구조,단독주택,(철근)콘크리트,1988-11-29
대전광역시 대덕구 중리동 245-24,88.6,벽돌구조,단독주택,(철근)콘크리트,1988-08-29
대전광역시 대덕구 중리동 245-25,130.073,철근콘크리트구조,단독주택,(철근)콘크리트,1995-12-16
대전광역시 대덕구 중리동 245-26,67.49,벽돌구조,단독주택,(철근)콘크리트,1985-02-13
대전광역시 대덕구 중리동 245-27,69.96,벽돌구조,단독주택,(철근)콘크리트,1987-12-02
대전광역시 대덕구 중리동 245-28,362.40000000000003,블록구조,종교시설,(철근)콘크리트,2002-05-16
대전광역시 대덕구 중리동 245-29,110.58,철근콘크리트구조,제2종근린생활시설,(철근)콘크리트,1985-11-28
대전광역시 대덕구 중리동 245-3,125.76,철근콘크리트구조,단독주택,(철근)콘크리트,2002-11-04
대전광역시 대덕구 중리동 245-30,93.79,철근콘크리트구조,제2종근린생활시설,(철근)콘크리트,1990-06-29
대전광역시 대덕구 중리동 245-31,108.21,철근콘크리트구조,제2종근린생활시설,(철근)콘크리트,1996-11-22
대전광역시 대덕구 중리동 245-32,59.79,벽돌구조,단독주택,(철근)콘크리트,1984-10-30
대전광역시 대덕구 중리동 245-33,80.84,벽돌구조,단독주택,(철근)콘크리트,1984-12-17
대전광역시 대덕구 중리동 245-34,217.79,철근콘크리트구조,제2종근린생활시설,(철근)콘크리트,2004-07-05
대전광역시 대덕구 중리동 245-36,115.97,철근콘크리트구조,제2종근린생활시설,(철근)콘크리트,2000-01-25
대전광역시 대덕구 중리동 245-38,119.08,철근콘크리트구조,제2종근린생활시설,(철근)콘크리트,1999-12-22
대전광역시 대덕구 중리동 245-39,80.12,벽돌구조,단독주택,(철근)콘크리트,1984-09-06
대전광역시 대덕구 중리동 245-4,62.73,벽돌구조,단독주택,(철근)콘크리트,1984-09-29
대전광역시 대덕구 중리동 245-40,86.43,벽돌구조,단독주택,(철근)콘크리트,1984-10-08
대전광역시 대덕구 중리동 245-43,85.26,벽돌구조,단독주택,(철근)콘크리트,1984-11-27
대전광역시 대덕구 중리동 245-44,65.88,벽돌구조,단독주택,(철근)콘크리트,1989-11-28
대전광역시 대덕구 중리동 245-45,124.56,벽돌구조,단독주택,(철근)콘크리트,1990-08-30
대전광역시 대덕구 중리동 245-46,98.6,철근콘크리트구조,단독주택,(철근)콘크리트,1997-06-28
대전광역시 대덕구 중리동 245-5,172.58,철근콘크리트구조,단독주택,(철근)콘크리트,1998-08-03
대전광역시 대덕구 중리동 245-6,59.29,벽돌구조,단독주택,(철근)콘크리트,1984-10-30
대전광역시 대덕구 중리동 245-7,232.52,철근콘크리트구조,제2종근린생활시설,(철근)콘크리트,2003-04-29
대전광역시 대덕구 중리동 245-9,149.76,철근콘크리트구조,제2종근린생활시설,(철근)콘크리트,1999-08-10
대전광역시 대덕구 중리동 246-10,126.48,철근콘크리트구조,단독주택,(철근)콘크리트,1997-06-23
대전광역시 대덕구 중리동 246-12,144.99,벽돌구조,단독주택,(철근)콘크리트,1993-07-29
대전광역시 대덕구 중리동 246-13,92.02,벽돌구조,단독주택,(철근)콘크리트,1983-10-12
대전광역시 대덕구 중리동 246-14,87.4,벽돌구조,단독주택,(철근)콘크리트,1985-05-02
대전광역시 대덕구 중리동 246-15,95.03,벽돌구조,단독주택,(철근)콘크리트,1983-09-06
대전광역시 대덕구 중리동 246-17,205.21,철근콘크리트구조,단독주택,(철근)콘크리트,1997-10-29
대전광역시 대덕구 중리동 246-18,342.0,철근콘크리트구조,공동주택,(철근)콘크리트,1995-09-19
대전광역시 대덕구 중리동 246-19,83.28,벽돌구조,단독주택,(철근)콘크리트,1990-02-21
대전광역시 대덕구 중리동 246-2,280.405,일반철골구조,교육연구시설,(철근)콘크리트,2013-03-22
대전광역시 대덕구 중리동 246-20,73.4,벽돌구조,단독주택,(철근)콘크리트,1983-07-11
대전광역시 대덕구 중리동 246-21,63.51,벽돌구조,단독주택,(철근)콘크리트,1985-08-28
대전광역시 대덕구 중리동 246-23,74.86,벽돌구조,단독주택,(철근)콘크리트,1984-10-16
대전광역시 대덕구 중리동 246-24,82.53,벽돌구조,단독주택,(철근)콘크리트,1990-02-21
대전광역시 대덕구 중리동 246-3,361.05,철근콘크리트구조,종교시설,(철근)콘크리트,1986-07-09
대전광역시 대덕구 중리동 246-4,256.62,철근콘크리트구조,단독주택,(철근)콘크리트,2013-06-04
대전광역시 대덕구 중리동 246-5,786.96,철근콘크리트구조,공동주택,(철근)콘크리트,1990-09-21
대전광역시 대덕구 중리동 246-6,462.568,철근콘크리트구조,공동주택,(철근)콘크리트,1994-03-17
대전광역시 대덕구 중리동 246-8,78.25,벽돌구조,단독주택,(철근)콘크리트,1982-12-15
대전광역시 대덕구 중리동 246-9,80.86,벽돌구조,단독주택,(철근)콘크리트,1983-10-12
대전광역시 대덕구 중리동 248-10,106.68,벽돌구조,단독주택,(철근)콘크리트,1989-08-07
대전광역시 대덕구 중리동 248-11,196.9,철근콘크리트구조,단독주택,(철근)콘크리트,2012-10-12
대전광역시 대덕구 중리동 248-12,108.45,벽돌구조,단독주택,(철근)콘크리트,1986-07-21
대전광역시 대덕구 중리동 248-13,313.7,일반철골구조,교육연구시설,기타지붕,1999-06-28
대전광역시 대덕구 중리동 248-16,75.72,벽돌구조,단독주택,(철근)콘크리트,1985-10-08
대전광역시 대덕구 중리동 248-17,77.2,벽돌구조,단독주택,(철근)콘크리트,1984-05-12
대전광역시 대덕구 중리동 248-18,105.27,벽돌구조,단독주택,(철근)콘크리트,1989-08-31
대전광역시 대덕구 중리동 248-2,424.62,철근콘크리트구조,공동주택,(철근)콘크리트,1993-10-18
대전광역시 대덕구 중리동 248-21,103.68,벽돌구조,단독주택,(철근)콘크리트,1990-10-08
대전광역시 대덕구 중리동 248-23,84.93,벽돌구조,단독주택,(철근)콘크리트,1990-06-18
대전광역시 대덕구 중리동 248-24,90.87,벽돌구조,단독주택,(철근)콘크리트,1987-06-04
대전광역시 대덕구 중리동 248-25,71.06,벽돌구조,단독주택,(철근)콘크리트,1990-05-14
대전광역시 대덕구 중리동 248-26,115.94,철근콘크리트구조,단독주택,(철근)콘크리트,2001-09-25
대전광역시 대덕구 중리동 248-27,394.62,철근콘크리트구조,공동주택,(철근)콘크리트,1994-11-25
대전광역시 대덕구 중리동 248-3,355.38,철근콘크리트구조,공동주택,(철근)콘크리트,1991-08-05
대전광역시 대덕구 중리동 248-5,87.48,벽돌구조,단독주택,(철근)콘크리트,1991-11-06
대전광역시 대덕구 중리동 248-6,111.72,벽돌구조,단독주택,(철근)콘크리트,1996-08-31
대전광역시 대덕구 중리동 248-7,319.59,철근콘크리트구조,단독주택,(철근)콘크리트,2011-12-14
대전광역시 대덕구 중리동 248-8,177.4,철근콘크리트구조,단독주택,(철근)콘크리트,2021-05-14
대전광역시 대덕구 중리동 248-9,106.23,벽돌구조,단독주택,(철근)콘크리트,1989-01-10
대전광역시 대덕구 중리동 249-1,196.42,철근콘크리트구조,단독주택,(철근)콘크리트,2020-10-14
대전광역시 대덕구 중리동 249-10,74.34,벽돌구조,단독주택,(철근)콘크리트,1989-07-15
대전광역시 대덕구 중리동 249-11,90.07,벽돌구조,단독주택,(철근)콘크리트,1989-10-04
대전광역시 대덕구 중리동 249-12,378.24,철근콘크리트구조,공동주택,(철근)콘크리트,1995-08-29
대전광역시 대덕구 중리동 249-13,155.4,철근콘크리트구조,단독주택,(철근)콘크리트,1986-09-10
대전광역시 대덕구 중리동 249-15,83.77,벽돌구조,단독주택,(철근)콘크리트,1989-10-11
대전광역시 대덕구 중리동 249-16,137.7,철근콘크리트구조,단독주택,(철근)콘크리트,1998-07-18
대전광역시 대덕구 중리동 249-17,277.13,철근콘크리트구조,단독주택,(철근)콘크리트,2023-01-17
대전광역시 대덕구 중리동 249-19,87.7,벽돌구조,단독주택,(철근)콘크리트,1994-10-19
대전광역시 대덕구 중리동 249-20,77.55,벽돌구조,단독주택,(철근)콘크리트,1989-04-29
대전광역시 대덕구 중리동 249-23,122.16,벽돌구조,단독주택,(철근)콘크리트,1989-05-06
대전광역시 대덕구 중리동 249-24,76.25,벽돌구조,단독주택,(철근)콘크리트,1989-07-12
대전광역시 대덕구 중리동 249-26,74.32,벽돌구조,단독주택,(철근)콘크리트,1989-10-04
대전광역시 대덕구 중리동 249-28,248.2,철근콘크리트구조,단독주택,(철근)콘크리트,2019-05-30
대전광역시 대덕구 중리동 249-29,248.86,철근콘크리트구조,단독주택,(철근)콘크리트,2021-05-18
대전광역시 대덕구 중리동 249-3,217.59,철근콘크리트구조,단독주택,(철근)콘크리트,2003-01-14
대전광역시 대덕구 중리동 249-32,72.96,벽돌구조,단독주택,(철근)콘크리트,1990-05-11
대전광역시 대덕구 중리동 249-33,62.81,벽돌구조,단독주택,(철근)콘크리트,1990-10-20
대전광역시 대덕구 중리동 249-34,69.2,벽돌구조,단독주택,(철근)콘크리트,1990-12-07
대전광역시 대덕구 중리동 249-35,204.12,벽돌구조,공동주택,(철근)콘크리트,1990-11-13
대전광역시 대덕구 중리동 249-37,351.52,철근콘크리트구조,공동주택,(철근)콘크리트,1995-08-29
대전광역시 대덕구 중리동 249-38,118.42,철근콘크리트구조,단독주택,(철근)콘크리트,2019-07-15
대전광역시 대덕구 중리동 249-5,316.88,철근콘크리트구조,공동주택,(철근)콘크리트,1984-06-30
대전광역시 대덕구 중리동 249-6,204.6,벽돌구조,공동주택,(철근)콘크리트,1990-11-13
대전광역시 대덕구 중리동 249-7,101.5,벽돌구조,단독주택,(철근)콘크리트,1993-02-09
대전광역시 대덕구 중리동 249-8,74.24,벽돌구조,단독주택,(철근)콘크리트,1982-07-23
대전광역시 대덕구 중리동 249-9,127.92,철근콘크리트구조,단독주택,(철근)콘크리트,2002-12-30
대전광역시 대덕구 중리동 250-1,201.78,철근콘크리트구조,단독주택,(철근)콘크리트,2021-05-11
대전광역시 대덕구 중리동 250-11,166.22,철근콘크리트구조,단독주택,(철근)콘크리트,2021-09-27
대전광역시 대덕구 중리동 250-12,196.35,철근콘크리트구조,단독주택,(철근)콘크리트,2002-09-11
대전광역시 대덕구 중리동 250-14,164.16,철근콘크리트구조,단독주택,(철근)콘크리트,1997-04-23
대전광역시 대덕구 중리동 250-15,203.97,철근콘크리트구조,단독주택,(철근)콘크리트,2003-04-21
대전광역시 대덕구 중리동 250-2,189.0,철근콘크리트구조,단독주택,(철근)콘크리트,2010-12-15
대전광역시 대덕구 중리동 250-3,2969.9446,철근콘크리트구조,공동주택,(철근)콘크리트,1993-09-23
대전광역시 대덕구 중리동 250-5,203.97,철근콘크리트구조,단독주택,(철근)콘크리트,2002-12-13
대전광역시 대덕구 중리동 250-6,162.72,철근콘크리트구조,단독주택,(철근)콘크리트,1997-04-23
대전광역시 대덕구 중리동 250-8,85.6,벽돌구조,단독주택,(철근)콘크리트,1985-07-25
대전광역시 대덕구 중리동 250-9,79.59,벽돌구조,단독주택,(철근)콘크리트,1987-07-02
대전광역시 대덕구 중리동 251-1,816.86,철근콘크리트구조,업무시설,(철근)콘크리트,2008-03-18
대전광역시 대덕구 중리동 251-10,82.83,벽돌구조,단독주택,(철근)콘크리트,1988-01-23
대전광역시 대덕구 중리동 251-11,73.2,경량철골구조,창고시설,기타지붕,2010-03-05
대전광역시 대덕구 중리동 251-12,101.04,벽돌구조,단독주택,(철근)콘크리트,1995-11-03
대전광역시 대덕구 중리동 251-15,234.96,일반철골구조,제2종근린생활시설,기타지붕,2017-12-13
대전광역시 대덕구 중리동 251-18,234.0,일반철골구조,제2종근린생활시설,기타지붕,2011-03-04
대전광역시 대덕구 중리동 251-2,172.7,일반철골구조,제2종근린생활시설,기타지붕,2010-05-20
대전광역시 대덕구 중리동 251-20,65.0,경량철골구조,제2종근린생활시설,기타지붕,2010-08-13
대전광역시 대덕구 중리동 251-22,85.93,벽돌구조,단독주택,(철근)콘크리트,1989-11-14
대전광역시 대덕구 중리동 251-25,101.02,벽돌구조,단독주택,(철근)콘크리트,1997-08-07
대전광역시 대덕구 중리동 251-26,229.36,철근콘크리트구조,단독주택,(철근)콘크리트,2018-07-02
대전광역시 대덕구 중리동 251-27,106.18,벽돌구조,단독주택,(철근)콘크리트,1990-06-20
대전광역시 대덕구 중리동 251-3,218.58,철근콘크리트구조,제2종근린생활시설,(철근)콘크리트,2005-10-11
대전광역시 대덕구 중리동 251-30,85.92,벽돌구조,단독주택,(철근)콘크리트,1990-12-05
대전광역시 대덕구 중리동 251-35,78.76,벽돌구조,단독주택,(철근)콘크리트,1989-06-01
대전광역시 대덕구 중리동 251-4,138.49,기타조적구조,제2종근린생활시설,(철근)콘크리트,1995-01-12
대전광역시 대덕구 중리동 251-6,79.46,벽돌구조,단독주택,(철근)콘크리트,1989-05-10
대전광역시 대덕구 중리동 251-7,97.25,벽돌구조,단독주택,(철근)콘크리트,1989-06-08
대전광역시 대덕구 중리동 251-8,229.36,철근콘크리트구조,단독주택,(철근)콘크리트,2018-11-09
대전광역시 대덕구 중리동 251-9,320.44,일반철골구조,제2종근린생활시설,기타지붕,2022-04-05
대전광역시 대덕구 중리동 252-1,421.36,철근콘크리트구조,업무시설,(철근)콘크리트,1997-03-20
대전광역시 대덕구 중리동 252-10,131.94,일반철골구조,제2종근린생활시설,기타지붕,2007-02-15
대전광역시 대덕구 중리동 252-13,194.9,철근콘크리트구조,노유자시설,(철근)콘크리트,1993-12-17
대전광역시 대덕구 중리동 252-14,104.02,벽돌구조,단독주택,(철근)콘크리트,1985-08-14
대전광역시 대덕구 중리동 252-15,267.9,일반철골구조,제2종근린생활시설,(철근)콘크리트,2016-09-13
대전광역시 대덕구 중리동 252-19,118.53,벽돌구조,단독주택,(철근)콘크리트,1989-07-11
대전광역시 대덕구 중리동 252-2,180.27,벽돌구조,제2종근린생활시설,(철근)콘크리트,1993-04-17
대전광역시 대덕구 중리동 252-24,115.0,벽돌구조,단독주택,(철근)콘크리트,1989-07-19
대전광역시 대덕구 중리동 252-25,115.775,벽돌구조,단독주택,(철근)콘크리트,1989-12-02
대전광역시 대덕구 중리동 252-26,225.98,철근콘크리트구조,단독주택,(철근)콘크리트,2012-08-10
대전광역시 대덕구 중리동 252-28,99.87,벽돌구조,단독주택,(철근)콘크리트,1985-02-09
대전광역시 대덕구 중리동 252-30,91.5,벽돌구조,단독주택,(철근)콘크리트,1984-11-27
대전광역시 대덕구 중리동 252-5,460.69,철근콘크리트구조,위험물저장및처리시설,(철근)콘크리트,1995-01-25
대전광역시 대덕구 중리동 252-9,234.89,철근콘크리트구조,단독주택,(철근)콘크리트,2002-11-27
대전광역시 대덕구 중리동 253-1,302.5,철근콘크리트구조,공동주택,(철근)콘크리트,1994-10-19
대전광역시 대덕구 중리동 253-10,98.17,벽돌구조,단독주택,(철근)콘크리트,1984-08-20
대전광역시 대덕구 중리동 253-11,72.0,벽돌구조,단독주택,(철근)콘크리트,1984-10-11
대전광역시 대덕구 중리동 253-12,72.0,벽돌구조,단독주택,(철근)콘크리트,1984-10-11
대전광역시 대덕구 중리동 253-13,72.26,벽돌구조,단독주택,(철근)콘크리트,1984-10-11
대전광역시 대덕구 중리동 253-14,72.26,벽돌구조,단독주택,(철근)콘크리트,1984-10-11
대전광역시 대덕구 중리동 253-16,72.26,벽돌구조,단독주택,(철근)콘크리트,1984-10-11
대전광역시 대덕구 중리동 253-17,105.56,철근콘크리트구조,단독주택,(철근)콘크리트,2012-02-15
대전광역시 대덕구 중리동 253-18,90.54,벽돌구조,단독주택,(철근)콘크리트,1991-05-06
대전광역시 대덕구 중리동 253-19,197.01,철근콘크리트구조,단독주택,(철근)콘크리트,2016-11-01
대전광역시 대덕구 중리동 253-2,358.66,철근콘크리트구조,공동주택,(철근)콘크리트,1994-09-03
대전광역시 대덕구 중리동 253-20,197.14,철근콘크리트구조,단독주택,(철근)콘크리트,2016-03-09
대전광역시 대덕구 중리동 253-26,98.37,벽돌구조,단독주택,(철근)콘크리트,1984-08-20
대전광역시 대덕구 중리동 253-27,85.81,벽돌구조,단독주택,(철근)콘크리트,1984-08-20
대전광역시 대덕구 중리동 253-28,97.36,벽돌구조,단독주택,(철근)콘크리트,1984-08-20
대전광역시 대덕구 중리동 253-29,97.36,벽돌구조,단독주택,(철근)콘크리트,1984-08-20
대전광역시 대덕구 중리동 253-3,358.66,철근콘크리트구조,공동주택,(철근)콘크리트,1994-09-03
대전광역시 대덕구 중리동 253-30,95.59,벽돌구조,단독주택,(철근)콘크리트,1984-08-20
대전광역시 대덕구 중리동 253-32,79.4,벽돌구조,단독주택,(철근)콘크리트,1984-05-29
대전광역시 대덕구 중리동 253-33,79.58,벽돌구조,단독주택,(철근)콘크리트,1984-05-29
대전광역시 대덕구 중리동 253-34,82.08,벽돌구조,단독주택,(철근)콘크리트,1984-05-29
대전광역시 대덕구 중리동 253-36,74.88,벽돌구조,단독주택,(철근)콘크리트,1984-05-29
대전광역시 대덕구 중리동 253-38,74.88,벽돌구조,단독주택,(철근)콘크리트,1984-05-29
대전광역시 대덕구 중리동 253-39,88.21,벽돌구조,단독주택,(철근)콘크리트,1995-05-16
대전광역시 대덕구 중리동 253-4,204.71,철근콘크리트구조,단독주택,(철근)콘크리트,2015-10-27
대전광역시 대덕구 중리동 253-40,83.8,벽돌구조,단독주택,(철근)콘크리트,1982-06-04
대전광역시 대덕구 중리동 253-41,89.75,벽돌구조,단독주택,(철근)콘크리트,1982-12-15
대전광역시 대덕구 중리동 253-42,83.96,벽돌구조,단독주택,(철근)콘크리트,1983-09-12
대전광역시 대덕구 중리동 253-44,358.66,철근콘크리트구조,공동주택,(철근)콘크리트,1994-09-03
대전광역시 대덕구 중리동 253-5,93.88,벽돌구조,단독주택,(철근)콘크리트,1983-05-23
대전광역시 대덕구 중리동 253-6,89.42,철근콘크리트구조,단독주택,(철근)콘크리트,1997-12-22
대전광역시 대덕구 중리동 253-7,244.49,철근콘크리트구조,단독주택,(철근)콘크리트,2003-04-23
대전광역시 대덕구 중리동 253-8,80.18,벽돌구조,단독주택,(철근)콘크리트,1984-05-29
대전광역시 대덕구 중리동 253-9,72.0,벽돌구조,단독주택,(철근)콘크리트,1984-10-11
대전광역시 대덕구 중리동 254-1,116.38,벽돌구조,단독주택,(철근)콘크리트,1990-09-19
대전광역시 대덕구 중리동 254-10,115.44,벽돌구조,단독주택,(철근)콘크리트,1985-09-30
대전광역시 대덕구 중리동 254-11,100.68,벽돌구조,단독주택,(철근)콘크리트,1985-03-21
대전광역시 대덕구 중리동 254-12,67.3,벽돌구조,단독주택,(철근)콘크리트,1985-05-13
대전광역시 대덕구 중리동 254-14,102.5,철근콘크리트구조,단독주택,(철근)콘크리트,2010-05-14
대전광역시 대덕구 중리동 254-15,71.59,벽돌구조,단독주택,(철근)콘크리트,1986-01-16
대전광역시 대덕구 중리동 254-16,219.53,철근콘크리트구조,단독주택,(철근)콘크리트,2022-01-28
대전광역시 대덕구 중리동 254-18,91.49,일반철골구조,제2종근린생활시설,기타지붕,2003-02-06
대전광역시 대덕구 중리동 254-19,68.5,벽돌구조,단독주택,(철근)콘크리트,1985-01-24
대전광역시 대덕구 중리동 254-2,88.15,벽돌구조,단독주택,(철근)콘크리트,1985-01-15
대전광역시 대덕구 중리동 254-20,71.24,벽돌구조,단독주택,(철근)콘크리트,1989-07-19
대전광역시 대덕구 중리동 254-22,92.99,벽돌구조,단독주택,(철근)콘크리트,1990-08-09
대전광역시 대덕구 중리동 254-23,100.86,벽돌구조,단독주택,(철근)콘크리트,1992-07-16
대전광역시 대덕구 중리동 254-25,213.34,철근콘크리트구조,단독주택,(철근)콘크리트,2022-05-04
대전광역시 대덕구 중리동 254-27,115.52,벽돌구조,단독주택,(철근)콘크리트,1996-05-08
대전광역시 대덕구 중리동 254-28,99.0,벽돌구조,단독주택,(철근)콘크리트,1989-07-05
대전광역시 대덕구 중리동 254-29,96.335,철근콘크리트구조,단독주택,(철근)콘크리트,1995-12-08
대전광역시 대덕구 중리동 254-3,104.8,벽돌구조,단독주택,(철근)콘크리트,1991-04-10
대전광역시 대덕구 중리동 254-30,98.23,벽돌구조,단독주택,(철근)콘크리트,1995-06-05
대전광역시 대덕구 중리동 254-31,94.39,벽돌구조,단독주택,(철근)콘크리트,1989-10-11
대전광역시 대덕구 중리동 254-32,83.96,벽돌구조,단독주택,(철근)콘크리트,1989-11-13
대전광역시 대덕구 중리동 254-33,200.73,철근콘크리트구조,단독주택,(철근)콘크리트,2002-05-03
대전광역시 대덕구 중리동 254-34,200.94,철근콘크리트구조,단독주택,(철근)콘크리트,2001-12-13
대전광역시 대덕구 중리동 254-4,91.92,철근콘크리트구조,단독주택,기타지붕,1998-01-23
대전광역시 대덕구 중리동 254-5,146.26,철근콘크리트구조,단독주택,(철근)콘크리트,2012-06-20
대전광역시 대덕구 중리동 254-6,142.75,철근콘크리트구조,단독주택,기타지붕,2010-08-30
대전광역시 대덕구 중리동 254-7,200.94,철근콘크리트구조,단독주택,(철근)콘크리트,2001-12-13
대전광역시 대덕구 중리동 254-9,99.69,벽돌구조,단독주택,(철근)콘크리트,1989-10-17
대전광역시 대덕구 중리동 258-1,62.51,벽돌구조,단독주택,(철근)콘크리트,1984-09-18
대전광역시 대덕구 중리동 258-10,66.6,벽돌구조,단독주택,(철근)콘크리트,1986-12-22
대전광역시 대덕구 중리동 258-11,68.89,벽돌구조,단독주택,(철근)콘크리트,1992-05-04
대전광역시 대덕구 중리동 258-12,194.8,철근콘크리트구조,단독주택,(철근)콘크리트,2011-08-26
대전광역시 대덕구 중리동 258-15,81.57,벽돌구조,단독주택,(철근)콘크리트,1983-06-03
대전광역시 대덕구 중리동 258-17,71.19,벽돌구조,단독주택,(철근)콘크리트,1988-07-13
대전광역시 대덕구 중리동 258-18,77.16,벽돌구조,단독주택,(철근)콘크리트,1984-04-26
대전광역시 대덕구 중리동 258-19,65.42,벽돌구조,단독주택,(철근)콘크리트,1984-05-24
대전광역시 대덕구 중리동 258-2,74.22,벽돌구조,단독주택,(철근)콘크리트,1990-11-06
대전광역시 대덕구 중리동 258-20,64.32,벽돌구조,단독주택,(철근)콘크리트,1984-12-10
대전광역시 대덕구 중리동 258-21,63.07,벽돌구조,단독주택,(철근)콘크리트,1986-07-04
대전광역시 대덕구 중리동 258-22,75.55,벽돌구조,단독주택,(철근)콘크리트,1981-06-22
대전광역시 대덕구 중리동 258-23,66.9,벽돌구조,단독주택,(철근)콘크리트,1981-09-11
대전광역시 대덕구 중리동 258-24,80.76,벽돌구조,단독주택,(철근)콘크리트,1992-03-02
대전광역시 대덕구 중리동 258-25,67.9,벽돌구조,단독주택,(철근)콘크리트,1985-05-30
대전광역시 대덕구 중리동 258-26,66.7,벽돌구조,단독주택,(철근)콘크리트,1983-07-26
대전광역시 대덕구 중리동 258-27,185.95,철근콘크리트구조,단독주택,(철근)콘크리트,2012-10-31
대전광역시 대덕구 중리동 258-28,211.76,철근콘크리트구조,단독주택,(철근)콘크리트,2016-11-03
대전광역시 대덕구 중리동 258-3,74.5,벽돌구조,단독주택,(철근)콘크리트,1988-07-15
대전광역시 대덕구 중리동 258-32,124.19,철근콘크리트구조,단독주택,기타지붕,2001-03-03
대전광역시 대덕구 중리동 258-33,180.1,철근콘크리트구조,단독주택,(철근)콘크리트,2002-12-23
대전광역시 대덕구 중리동 258-35,194.24,철근콘크리트구조,단독주택,(철근)콘크리트,2022-09-28
대전광역시 대덕구 중리동 258-36,71.93,벽돌구조,단독주택,(철근)콘크리트,1984-11-23
대전광역시 대덕구 중리동 258-37,96.4,벽돌구조,단독주택,(철근)콘크리트,1984-09-06
대전광역시 대덕구 중리동 258-38,105.74,철근콘크리트구조,단독주택,(철근)콘크리트,2014-06-27
대전광역시 대덕구 중리동 258-4,66.83,벽돌구조,단독주택,(철근)콘크리트,1982-06-22
대전광역시 대덕구 중리동 258-40,103.06,벽돌구조,단독주택,(철근)콘크리트,1983-12-29
대전광역시 대덕구 중리동 258-41,192.02,철근콘크리트구조,단독주택,(철근)콘크리트,2018-07-25
대전광역시 대덕구 중리동 258-42,66.6,벽돌구조,단독주택,(철근)콘크리트,1986-12-22
대전광역시 대덕구 중리동 258-44,69.92,벽돌구조,단독주택,(철근)콘크리트,1987-05-02
대전광역시 대덕구 중리동 258-5,82.2,철근콘크리트구조,단독주택,(철근)콘크리트,2011-01-24
대전광역시 대덕구 중리동 258-6,58.5,벽돌구조,단독주택,(철근)콘크리트,1985-07-04
대전광역시 대덕구 중리동 258-7,71.73,벽돌구조,단독주택,(철근)콘크리트,1984-11-26
대전광역시 대덕구 중리동 258-8,80.44,벽돌구조,단독주택,(철근)콘크리트,1983-12-03
대전광역시 대덕구 중리동 258-9,94.63,철근콘크리트구조,단독주택,(철근)콘크리트,2004-05-10
대전광역시 대덕구 중리동 259-24,279.32,일반철골구조,자동차관련시설,기타지붕,2015-12-31
대전광역시 대덕구 중리동 269,60.99,블록구조,단독주택,슬레이트,1970
대전광역시 대덕구 중리동 27-1,858.29,경량철골구조,종교시설,기타지붕,2012-02-21
대전광역시 대덕구 중리동 27-4,385.69,철근콘크리트구조,종교시설,(철근)콘크리트,1998-10-01
대전광역시 대덕구 중리동 274-1,8498.06,철근콘크리트구조,공동주택,(철근)콘크리트,1989-05-04
대전광역시 대덕구 중리동 275-21,147.775,벽돌구조,단독주택,(철근)콘크리트,1997-05-22
대전광역시 대덕구 중리동 277-7,180.41,벽돌구조,단독주택,기와,1970
대전광역시 대덕구 중리동 278,292.22,일반목구조,단독주택,기타지붕,1933
대전광역시 대덕구 중리동 288,28.88,벽돌구조,단독주택,기타지붕,1952
대전광역시 대덕구 중리동 305-1,26.52,블록구조,제2종근린생활시설,슬레이트,1984-09-21
대전광역시 대덕구 중리동 31,197.85,블록구조,동.식물관련시설,슬레이트,1980-05-20
대전광역시 대덕구 중리동 323-16,118.2,벽돌구조,단독주택,(철근)콘크리트,1990-12-24
대전광역시 대덕구 중리동 323-18,107.105,벽돌구조,단독주택,(철근)콘크리트,1991-04-12
대전광역시 대덕구 중리동 323-19,69.81,벽돌구조,단독주택,(철근)콘크리트,1990-10-30
대전광역시 대덕구 중리동 323-20,110.54,철근콘크리트구조,단독주택,(철근)콘크리트,1991-10-02
대전광역시 대덕구 중리동 323-21,118.65,철근콘크리트구조,단독주택,(철근)콘크리트,2002-09-06
대전광역시 대덕구 중리동 362-1,0.0,철근콘크리트구조,자동차관련시설,(철근)콘크리트,1992-11-03
대전광역시 대덕구 중리동 363-1,130.85,철근콘크리트구조,제2종근린생활시설,(철근)콘크리트,1990-11-22
대전광역시 대덕구 중리동 363-10,121.42,철근콘크리트구조,단독주택,(철근)콘크리트,1987-12-29
대전광역시 대덕구 중리동 363-11,258.15,철근콘크리트구조,단독주택,(철근)콘크리트,1995-09-02
대전광역시 대덕구 중리동 363-13,126.41,벽돌구조,단독주택,(철근)콘크리트,1989-06-29
대전광역시 대덕구 중리동 363-14,126.03,철근콘크리트구조,단독주택,기타지붕,2001-11-08
대전광역시 대덕구 중리동 363-15,115.44,벽돌구조,단독주택,(철근)콘크리트,1988-09-15
대전광역시 대덕구 중리동 363-16,115.5,벽돌구조,단독주택,(철근)콘크리트,1988-07-25
대전광역시 대덕구 중리동 363-17,71.67,벽돌구조,단독주택,(철근)콘크리트,1988-12-26
대전광역시 대덕구 중리동 363-18,148.48,벽돌구조,단독주택,(철근)콘크리트,1990-08-09
대전광역시 대덕구 중리동 363-19,154.55,경량철골구조,단독주택,기타지붕,2004-09-13
대전광역시 대덕구 중리동 363-20,122.05,벽돌구조,단독주택,(철근)콘크리트,1993-05-04
대전광역시 대덕구 중리동 363-21,126.31,벽돌구조,단독주택,(철근)콘크리트,1990-05-24
대전광역시 대덕구 중리동 363-22,114.71,철근콘크리트구조,단독주택,(철근)콘크리트,2010-08-25
대전광역시 대덕구 중리동 363-27,111.04,철근콘크리트구조,단독주택,(철근)콘크리트,1988-07-25
대전광역시 대덕구 중리동 363-28,107.75,철근콘크리트구조,단독주택,(철근)콘크리트,1988-02-26
대전광역시 대덕구 중리동 363-3,124.39,철근콘크리트구조,단독주택,(철근)콘크리트,1990-01-24
대전광역시 대덕구 중리동 363-33,224.74,철근콘크리트구조,단독주택,(철근)콘크리트,2023-03-15
대전광역시 대덕구 중리동 363-4,123.36,경량철골구조,단독주택,기타지붕,1990-01-16
대전광역시 대덕구 중리동 363-5,132.72,철근콘크리트구조,단독주택,(철근)콘크리트,1990-05-09
대전광역시 대덕구 중리동 363-6,132.75,철근콘크리트구조,단독주택,(철근)콘크리트,1988-08-22
대전광역시 대덕구 중리동 363-7,132.83,철근콘크리트구조,단독주택,(철근)콘크리트,1989-09-20
대전광역시 대덕구 중리동 363-9,123.5,철근콘크리트구조,단독주택,(철근)콘크리트,1988-12-15
대전광역시 대덕구 중리동 364-11,62.89,벽돌구조,단독주택,(철근)콘크리트,1988-10-17
대전광역시 대덕구 중리동 364-13,62.92,벽돌구조,단독주택,(철근)콘크리트,1988-11-19
대전광역시 대덕구 중리동 364-14,65.49,벽돌구조,단독주택,(철근)콘크리트,1988-12-05
대전광역시 대덕구 중리동 364-3,36.0,경량철골구조,제2종근린생활시설,기타지붕,1995-04-16
대전광역시 대덕구 중리동 364-4,65.25,철근콘크리트구조,제2종근린생활시설,(철근)콘크리트,1990-01-24
대전광역시 대덕구 중리동 364-7,130.0,철근콘크리트구조,제2종근린생활시설,(철근)콘크리트,1988-11-15
대전광역시 대덕구 중리동 364-8,32.913,벽돌구조,위험물저장및처리시설,(철근)콘크리트,1995-07-25
대전광역시 대덕구 중리동 365-1,125.6,일반철골구조,제2종근린생활시설,기타지붕,2005-09-16
대전광역시 대덕구 중리동 365-10,71.39,벽돌구조,단독주택,(철근)콘크리트,1989-12-26
대전광역시 대덕구 중리동 365-12,78.4,철근콘크리트구조,단독주택,(철근)콘크리트,2003-01-10
대전광역시 대덕구 중리동 365-16,107.96,철근콘크리트구조,단독주택,(철근)콘크리트,2002-06-11
대전광역시 대덕구 중리동 365-17,116.64,경량철골구조,제2종근린생활시설,기타지붕,1992-03-26
대전광역시 대덕구 중리동 365-18,112.63,벽돌구조,단독주택,(철근)콘크리트,1991-04-25
대전광역시 대덕구 중리동 365-2,100.62,경량철골구조,창고시설,기타지붕,1992-12-22
대전광역시 대덕구 중리동 365-21,239.87,철근콘크리트구조,노유자시설,(철근)콘크리트,2006-11-29
대전광역시 대덕구 중리동 365-23,114.97,벽돌구조,단독주택,(철근)콘크리트,1994-07-14
대전광역시 대덕구 중리동 365-24,91.34,벽돌구조,단독주택,(철근)콘크리트,1989-05-20
대전광역시 대덕구 중리동 365-25,105.92,벽돌구조,단독주택,(철근)콘크리트,1989-05-03
대전광역시 대덕구 중리동 365-27,98.64,경량철골구조,제2종근린생활시설,기타지붕,1998-03-25
대전광역시 대덕구 중리동 365-28,119.64,철근콘크리트구조,단독주택,(철근)콘크리트,2003-04-30
대전광역시 대덕구 중리동 365-29,99.19,철근콘크리트구조,단독주택,(철근)콘크리트,2015-11-09
대전광역시 대덕구 중리동 365-30,117.81,철근콘크리트구조,제2종근린생활시설,(철근)콘크리트,1989-11-13
대전광역시 대덕구 중리동 365-31,226.70499999999998,철근콘크리트구조,제2종근린생활시설,(철근)콘크리트,1995-10-20
대전광역시 대덕구 중리동 365-33,58.42,벽돌구조,단독주택,(철근)콘크리트,1989-05-22
대전광역시 대덕구 중리동 365-34,88.06,철근콘크리트구조,단독주택,(철근)콘크리트,2001-11-21
대전광역시 대덕구 중리동 365-6,237.51,철근콘크리트구조,제2종근린생활시설,(철근)콘크리트,2014-09-02
대전광역시 대덕구 중리동 365-8,98.4,경량철골구조,창고시설,기타지붕,1994-06-29
대전광역시 대덕구 중리동 365-9,58.35,벽돌구조,단독주택,(철근)콘크리트,1989-05-22
대전광역시 대덕구 중리동 366-13,104.0,벽돌구조,단독주택,(철근)콘크리트,1990-08-13
대전광역시 대덕구 중리동 366-14,119.43,철근콘크리트구조,단독주택,(철근)콘크리트,2019-01-29
대전광역시 대덕구 중리동 366-15,123.63,철근콘크리트구조,단독주택,(철근)콘크리트,2017-07-05
대전광역시 대덕구 중리동 366-16,57.57,벽돌구조,단독주택,(철근)콘크리트,1989-09-11
대전광역시 대덕구 중리동 366-17,408.78,철근콘크리트구조,공동주택,(철근)콘크리트,2002-09-03
대전광역시 대덕구 중리동 366-18,208.59,철근콘크리트구조,단독주택,(철근)콘크리트,2003-08-18
대전광역시 대덕구 중리동 366-19,57.57,벽돌구조,단독주택,(철근)콘크리트,1989-09-11
대전광역시 대덕구 중리동 366-2,97.98,벽돌구조,단독주택,(철근)콘크리트,1990-06-11
대전광역시 대덕구 중리동 366-3,119.78,철근콘크리트구조,단독주택,(철근)콘크리트,2017-05-17
대전광역시 대덕구 중리동 366-4,118.92,철근콘크리트구조,단독주택,(철근)콘크리트,1998-10-16
대전광역시 대덕구 중리동 366-5,120.185,철근콘크리트구조,단독주택,(철근)콘크리트,1997-11-04
대전광역시 대덕구 중리동 366-6,109.48,경량철골구조,단독주택,기타지붕,1996-08-29
대전광역시 대덕구 중리동 366-8,119.97,철근콘크리트구조,단독주택,(철근)콘크리트,2002-09-03
대전광역시 대덕구 중리동 366-9,119.97,철근콘크리트구조,단독주택,(철근)콘크리트,2002-09-03
대전광역시 대덕구 중리동 367-1,236.82,철근콘크리트구조,제2종근린생활시설,(철근)콘크리트,1990-10-27
대전광역시 대덕구 중리동 367-10,118.7,철근콘크리트구조,단독주택,(철근)콘크리트,1997-12-04
대전광역시 대덕구 중리동 367-11,120.2,철근콘크리트구조,단독주택,(철근)콘크리트,1998-05-27
대전광역시 대덕구 중리동 367-12,117.0,철근콘크리트구조,단독주택,(철근)콘크리트,1996-11-02
대전광역시 대덕구 중리동 367-13,84.28,벽돌구조,단독주택,(철근)콘크리트,1989-07-26
대전광역시 대덕구 중리동 367-14,99.96,벽돌구조,단독주택,(철근)콘크리트,1991-11-30
대전광역시 대덕구 중리동 367-15,96.06,벽돌구조,단독주택,(철근)콘크리트,1990-10-19
대전광역시 대덕구 중리동 367-17,118.92,철근콘크리트구조,단독주택,(철근)콘크리트,2012-08-09
대전광역시 대덕구 중리동 367-18,114.59,철근콘크리트구조,단독주택,(철근)콘크리트,2012-01-06
대전광역시 대덕구 중리동 367-19,118.55,철근콘크리트구조,단독주택,(철근)콘크리트,1997-09-25
대전광역시 대덕구 중리동 367-20,108.25,벽돌구조,단독주택,(철근)콘크리트,1991-06-03
대전광역시 대덕구 중리동 367-21,117.6,경량철골구조,제2종근린생활시설,기타지붕,1986-08-11
대전광역시 대덕구 중리동 367-22,78.13,벽돌구조,단독주택,(철근)콘크리트,1989-08-16
대전광역시 대덕구 중리동 367-23,163.45,철근콘크리트구조,단독주택,(철근)콘크리트,2005-11-23
대전광역시 대덕구 중리동 367-24,102.85,벽돌구조,단독주택,(철근)콘크리트,1988-11-04
대전광역시 대덕구 중리동 367-26,98.4,벽돌구조,단독주택,(철근)콘크리트,1988-07-29
대전광역시 대덕구 중리동 367-3,118.08,철근콘크리트구조,제2종근린생활시설,(철근)콘크리트,1988-07-14
대전광역시 대덕구 중리동 367-4,108.72,철근콘크리트구조,제2종근린생활시설,(철근)콘크리트,1986-08-14
대전광역시 대덕구 중리동 367-5,115.89,철근콘크리트구조,제2종근린생활시설,(철근)콘크리트,1986-12-23
대전광역시 대덕구 중리동 367-8,99.25,철근콘크리트구조,단독주택,(철근)콘크리트,2012-11-30
대전광역시 대덕구 중리동 367-9,106.97,벽돌구조,단독주택,(철근)콘크리트,1991-05-20
대전광역시 대덕구 중리동 368-1,116.32,철근콘크리트구조,제2종근린생활시설,(철근)콘크리트,
대전광역시 대덕구 중리동 368-10,111.98,철근콘크리트구조,단독주택,(철근)콘크리트,1989-10-07
대전광역시 대덕구 중리동 368-18,112.74,철근콘크리트구조,단독주택,(철근)콘크리트,1997-07-03
대전광역시 대덕구 중리동 368-19,115.29,벽돌구조,단독주택,(철근)콘크리트,1997-06-19
대전광역시 대덕구 중리동 368-2,0.0,철근콘크리트구조,제2종근린생활시설,(철근)콘크리트,1989-12-07
대전광역시 대덕구 중리동 368-20,232.32,철근콘크리트구조,단독주택,(철근)콘크리트,2001-12-07
대전광역시 대덕구 중리동 368-22,117.6,철근콘크리트구조,단독주택,기타지붕,1997-08-29
대전광역시 대덕구 중리동 368-28,115.32,철근콘크리트구조,제2종근린생활시설,(철근)콘크리트,1990-06-19
대전광역시 대덕구 중리동 368-3,116.4,철근콘크리트구조,제2종근린생활시설,(철근)콘크리트,1991-12-04
대전광역시 대덕구 중리동 368-7,221.28,벽돌구조,공동주택,(철근)콘크리트,1987-12-30
대전광역시 대덕구 중리동 369-1,161.975,벽돌구조,단독주택,(철근)콘크리트,1988-06-20
대전광역시 대덕구 중리동 369-11,64.69,철근콘크리트구조,단독주택,(철근)콘크리트,1998-07-15
대전광역시 대덕구 중리동 369-13,213.58,경량철골구조,단독주택,기타지붕,1994-01-06
대전광역시 대덕구 중리동 369-14,121.55,철근콘크리트구조,단독주택,(철근)콘크리트,1987-11-09
대전광역시 대덕구 중리동 369-15,120.1,벽돌구조,단독주택,(철근)콘크리트,1987-10-17
대전광역시 대덕구 중리동 369-16,120.82,철근콘크리트구조,단독주택,(철근)콘크리트,1987-10-16
대전광역시 대덕구 중리동 369-17,182.875,철근콘크리트구조,단독주택,(철근)콘크리트,1987-12-18
대전광역시 대덕구 중리동 369-18,150.96,철근콘크리트구조,단독주택,(철근)콘크리트,1988-04-13
대전광역시 대덕구 중리동 369-19,152.04,철근콘크리트구조,단독주택,(철근)콘크리트,1987-09-23
대전광역시 대덕구 중리동 369-20,101.105,벽돌구조,단독주택,(철근)콘크리트,1989-10-16
대전광역시 대덕구 중리동 369-6,51.41,벽돌구조,단독주택,(철근)콘크리트,1987-09-09
대전광역시 대덕구 중리동 369-8,63.18,철근콘크리트구조,제2종근린생활시설,(철근)콘크리트,1992-01-10
대전광역시 대덕구 중리동 370-18,61.68,경량철골구조,제2종근린생활시설,기타지붕,1993-04-17
대전광역시 대덕구 중리동 370-23,135.3,철근콘크리트구조,단독주택,(철근)콘크리트,1988-02-29
대전광역시 대덕구 중리동 370-24,151.32,철근콘크리트구조,단독주택,(철근)콘크리트,1989-05-01
대전광역시 대덕구 중리동 370-25,231.6,일반철골구조,단독주택,기타지붕,2019-02-22
대전광역시 대덕구 중리동 370-27,162.06,철근콘크리트구조,단독주택,(철근)콘크리트,1990-09-06
대전광역시 대덕구 중리동 370-28,145.53,철근콘크리트구조,단독주택,(철근)콘크리트,2002-02-21
대전광역시 대덕구 중리동 370-3,380.4,철근콘크리트구조,제2종근린생활시설,(철근)콘크리트,1987-10-02
대전광역시 대덕구 중리동 370-9,429.0375,철근콘크리트구조,제2종근린생활시설,(철근)콘크리트,1987-10-26
대전광역시 대덕구 중리동 371-3,107.94,철근콘크리트구조,제2종근린생활시설,(철근)콘크리트,1995-05-15
대전광역시 대덕구 중리동 371-4,2911.11,경량철골구조,교육연구시설,(철근)콘크리트,
대전광역시 대덕구 중리동 371-5,2854.7,철골콘크리트구조,교육연구시설,기타지붕,1993-10-21
대전광역시 대덕구 중리동 372-1,113.13,철근콘크리트구조,단독주택,기타지붕,1984-12-20
대전광역시 대덕구 중리동 372-10,111.51,벽돌구조,단독주택,(철근)콘크리트,1997-11-06
대전광역시 대덕구 중리동 372-11,107.12,벽돌구조,단독주택,(철근)콘크리트,1990-11-15
대전광역시 대덕구 중리동 372-12,96.49,벽돌구조,단독주택,(철근)콘크리트,1990-08-13
대전광역시 대덕구 중리동 372-13,216.72,벽돌구조,공동주택,(철근)콘크리트,1989-06-14
대전광역시 대덕구 중리동 372-18,114.84,철근콘크리트구조,단독주택,(철근)콘크리트,1998-06-17
대전광역시 대덕구 중리동 372-19,192.48,벽돌구조,공동주택,(철근)콘크리트,1990-12-11
대전광역시 대덕구 중리동 372-2,112.87,철근콘크리트구조,단독주택,(철근)콘크리트,1991-02-01
대전광역시 대덕구 중리동 372-20,118.79,벽돌구조,단독주택,(철근)콘크리트,1996-07-18
대전광역시 대덕구 중리동 372-21,118.27,경량철골구조,단독주택,기타지붕,2001-04-16
대전광역시 대덕구 중리동 372-22,79.14,벽돌구조,단독주택,(철근)콘크리트,1989-06-15
대전광역시 대덕구 중리동 372-26,117.84,철근콘크리트구조,단독주택,(철근)콘크리트,1988-12-08
대전광역시 대덕구 중리동 372-27,116.88,철근콘크리트구조,단독주택,(철근)콘크리트,1993-06-03
대전광역시 대덕구 중리동 372-4,110.58,경량철골구조,제2종근린생활시설,기타지붕,1995-07-03
대전광역시 대덕구 중리동 372-5,115.49,벽돌구조,제2종근린생활시설,(철근)콘크리트,1989-04-11
대전광역시 대덕구 중리동 372-6,116.55,철근콘크리트구조,제2종근린생활시설,(철근)콘크리트,2012-05-22
대전광역시 대덕구 중리동 372-7,117.84,철근콘크리트구조,단독주택,(철근)콘크리트,1997-12-08
대전광역시 대덕구 중리동 372-8,118.9,철근콘크리트구조,단독주택,(철근)콘크리트,1997-11-27
대전광역시 대덕구 중리동 372-9,219.54,벽돌구조,공동주택,(철근)콘크리트,1989-11-28
대전광역시 대덕구 중리동 373-10,123.4,철근콘크리트구조,단독주택,(철근)콘크리트,2018-06-26
대전광역시 대덕구 중리동 373-11,60.9,벽돌구조,단독주택,(철근)콘크리트,1989-06-29
대전광역시 대덕구 중리동 373-12,235.32,철근콘크리트구조,공동주택,(철근)콘크리트,2002-12-06
대전광역시 대덕구 중리동 373-13,56.28,벽돌구조,단독주택,(철근)콘크리트,1990-08-09
대전광역시 대덕구 중리동 373-15,55.16,벽돌구조,단독주택,(철근)콘크리트,1989-04-27
대전광역시 대덕구 중리동 373-16,123.36,철근콘크리트구조,단독주택,(철근)콘크리트,2002-10-25
대전광역시 대덕구 중리동 373-17,60.403,벽돌구조,단독주택,(철근)콘크리트,1989-01-14
대전광역시 대덕구 중리동 373-18,55.91,벽돌구조,단독주택,(철근)콘크리트,1989-09-23
대전광역시 대덕구 중리동 373-19,116.43,철근콘크리트구조,단독주택,(철근)콘크리트,2004-09-03
대전광역시 대덕구 중리동 373-2,125.26,철근콘크리트구조,단독주택,(철근)콘크리트,2002-10-18
대전광역시 대덕구 중리동 373-20,57.54,벽돌구조,단독주택,(철근)콘크리트,1991-09-05
대전광역시 대덕구 중리동 373-21,218.16,벽돌구조,공동주택,(철근)콘크리트,1990-06-07
대전광역시 대덕구 중리동 373-22,213.48,벽돌구조,공동주택,(철근)콘크리트,1989-09-26
대전광역시 대덕구 중리동 373-23,66.6,벽돌구조,단독주택,(철근)콘크리트,1988-09-05
대전광역시 대덕구 중리동 373-24,60.403,벽돌구조,단독주택,(철근)콘크리트,1989-01-14
대전광역시 대덕구 중리동 373-25,55.16,벽돌구조,단독주택,(철근)콘크리트,1989-04-25
대전광역시 대덕구 중리동 373-26,60.9,벽돌구조,단독주택,(철근)콘크리트,1989-06-29
대전광역시 대덕구 중리동 373-27,57.09,벽돌구조,단독주택,(철근)콘크리트,1989-09-23
대전광역시 대덕구 중리동 373-28,56.28,벽돌구조,단독주택,(철근)콘크리트,1990-08-09
대전광역시 대덕구 중리동 373-29,57.18,벽돌구조,단독주택,(철근)콘크리트,1991-09-14
대전광역시 대덕구 중리동 373-3,123.2,철근콘크리트구조,단독주택,(철근)콘크리트,2002-11-09
대전광역시 대덕구 중리동 373-4,126.44,철근콘크리트구조,단독주택,(철근)콘크리트,2002-01-10
대전광역시 대덕구 중리동 373-5,144.58,철근콘크리트구조,단독주택,(철근)콘크리트,2002-11-09
대전광역시 대덕구 중리동 373-6,141.89,철근콘크리트구조,노유자시설,(철근)콘크리트,2009-03-30
대전광역시 대덕구 중리동 373-7,144.8,철근콘크리트구조,제2종근린생활시설,(철근)콘크리트,1996-12-31
대전광역시 대덕구 중리동 373-8,66.84,벽돌구조,단독주택,(철근)콘크리트,1988-08-23
대전광역시 대덕구 중리동 373-9,127.17,철근콘크리트구조,단독주택,(철근)콘크리트,1997-05-20
대전광역시 대덕구 중리동 374-10,110.58,벽돌구조,단독주택,기타지붕,2000-07-18
대전광역시 대덕구 중리동 374-11,106.64,벽돌구조,단독주택,(철근)콘크리트,1991-07-05
대전광역시 대덕구 중리동 374-12,114.46,철근콘크리트구조,단독주택,(철근)콘크리트,2013-07-19
대전광역시 대덕구 중리동 374-13,88.85,벽돌구조,단독주택,(철근)콘크리트,1990-05-07
대전광역시 대덕구 중리동 374-14,115.44,철근콘크리트구조,단독주택,(철근)콘크리트,2002-07-15
대전광역시 대덕구 중리동 374-15,110.28,벽돌구조,단독주택,(철근)콘크리트,1997-01-22
대전광역시 대덕구 중리동 374-16,109.09,벽돌구조,단독주택,(철근)콘크리트,1991-07-05
대전광역시 대덕구 중리동 374-17,114.458,벽돌구조,단독주택,(철근)콘크리트,1994-07-23
대전광역시 대덕구 중리동 374-18,114.27,벽돌구조,단독주택,(철근)콘크리트,1996-11-08
대전광역시 대덕구 중리동 374-19,89.71,벽돌구조,단독주택,(철근)콘크리트,1990-11-26
대전광역시 대덕구 중리동 374-2,112.98,벽돌구조,단독주택,(철근)콘크리트,1991-10-26
대전광역시 대덕구 중리동 374-20,87.23,벽돌구조,단독주택,(철근)콘크리트,1989-09-30
대전광역시 대덕구 중리동 374-21,113.99,벽돌구조,단독주택,(철근)콘크리트,1997-02-11
대전광역시 대덕구 중리동 374-24,110.77,철근콘크리트구조,단독주택,(철근)콘크리트,2003-01-10
대전광역시 대덕구 중리동 374-25,107.89,벽돌구조,단독주택,(철근)콘크리트,1990-06-20
대전광역시 대덕구 중리동 374-26,96.31,벽돌구조,단독주택,(철근)콘크리트,1990-05-08
대전광역시 대덕구 중리동 374-27,98.22,벽돌구조,단독주택,(철근)콘크리트,1991-10-30
대전광역시 대덕구 중리동 374-28,113.05,벽돌구조,단독주택,기타지붕,1992-12-15
대전광역시 대덕구 중리동 374-29,115.06,철근콘크리트구조,제2종근린생활시설,(철근)콘크리트,1993-08-06
대전광역시 대덕구 중리동 374-4,113.52,철근콘크리트구조,제2종근린생활시설,(철근)콘크리트,1994-07-25
대전광역시 대덕구 중리동 374-5,110.715,철근콘크리트구조,제2종근린생활시설,(철근)콘크리트,1991-07-03
대전광역시 대덕구 중리동 374-6,115.32,철근콘크리트구조,단독주택,(철근)콘크리트,1998-07-14
대전광역시 대덕구 중리동 374-7,115.32,철근콘크리트구조,단독주택,(철근)콘크리트,2003-02-28
대전광역시 대덕구 중리동 374-8,114.42,철근콘크리트구조,단독주택,(철근)콘크리트,1998-03-19
대전광역시 대덕구 중리동 374-9,114.46,벽돌구조,단독주택,(철근)콘크리트,1996-10-09
대전광역시 대덕구 중리동 375-11,112.79,벽돌구조,단독주택,(철근)콘크리트,1995-03-13
대전광역시 대덕구 중리동 375-12,93.8,경량철골구조,제2종근린생활시설,기타지붕,2008-07-07
대전광역시 대덕구 중리동 375-13,69.29,벽돌구조,단독주택,(철근)콘크리트,1988-07-15
대전광역시 대덕구 중리동 375-14,112.43,벽돌구조,단독주택,(철근)콘크리트,1998-01-21
대전광역시 대덕구 중리동 375-15,114.12,철근콘크리트구조,단독주택,(철근)콘크리트,2002-04-11
대전광역시 대덕구 중리동 375-16,113.19,벽돌구조,단독주택,(철근)콘크리트,1997-06-24
대전광역시 대덕구 중리동 375-18,108.54,벽돌구조,단독주택,(철근)콘크리트,1991-05-20
대전광역시 대덕구 중리동 375-19,97.83,벽돌구조,단독주택,(철근)콘크리트,1990-08-13
대전광역시 대덕구 중리동 375-20,111.72,벽돌구조,단독주택,(철근)콘크리트,1997-08-05
대전광역시 대덕구 중리동 375-21,92.568,벽돌구조,단독주택,(철근)콘크리트,1989-08-28
대전광역시 대덕구 중리동 375-22,69.07,벽돌구조,단독주택,(철근)콘크리트,1987-12-02
대전광역시 대덕구 중리동 375-23,104.46,벽돌구조,단독주택,(철근)콘크리트,1990-09-08
대전광역시 대덕구 중리동 375-24,112.14,철근콘크리트구조,제2종근린생활시설,(철근)콘크리트,1991-01-23
대전광역시 대덕구 중리동 375-25,106.14,철근콘크리트구조,단독주택,(철근)콘크리트,2002-08-26
대전광역시 대덕구 중리동 375-26,111.84,철근콘크리트구조,제2종근린생활시설,(철근)콘크리트,1990-06-01
대전광역시 대덕구 중리동 375-27,110.36,철근콘크리트구조,제2종근린생활시설,(철근)콘크리트,1986-07-21
대전광역시 대덕구 중리동 375-28,112.07,철근콘크리트구조,제2종근린생활시설,(철근)콘크리트,1996-05-21
대전광역시 대덕구 중리동 375-5,108.997,벽돌구조,단독주택,(철근)콘크리트,1991-05-31
대전광역시 대덕구 중리동 375-6,113.97,철근콘크리트구조,단독주택,(철근)콘크리트,1991-07-19
대전광역시 대덕구 중리동 375-7,110.64,철근콘크리트구조,제2종근린생활시설,(철근)콘크리트,1991-12-10
대전광역시 대덕구 중리동 375-9,113.01,철근콘크리트구조,단독주택,(철근)콘크리트,2004-05-04
대전광역시 대덕구 중리동 376-1,117.37,철근콘크리트구조,단독주택,(철근)콘크리트,1998-04-16
대전광역시 대덕구 중리동 376-10,93.08,경량철골구조,제2종근린생활시설,기타지붕,1998-02-27
대전광역시 대덕구 중리동 376-11,120.14,철근콘크리트구조,단독주택,(철근)콘크리트,1997-10-16
대전광역시 대덕구 중리동 376-12,84.75,벽돌구조,단독주택,(철근)콘크리트,1990-09-01
대전광역시 대덕구 중리동 376-13,87.95,벽돌구조,단독주택,(철근)콘크리트,1989-09-19
대전광역시 대덕구 중리동 376-14,81.0,경량철골구조,제2종근린생활시설,기타지붕,1995-10-06
대전광역시 대덕구 중리동 376-15,66.21,벽돌구조,단독주택,(철근)콘크리트,1987-05-21
대전광역시 대덕구 중리동 376-16,107.11,벽돌구조,단독주택,(철근)콘크리트,1990-11-14
대전광역시 대덕구 중리동 376-17,120.81,철근콘크리트구조,단독주택,(철근)콘크리트,2002-11-05
대전광역시 대덕구 중리동 376-18,98.73,벽돌구조,단독주택,(철근)콘크리트,1989-10-17
대전광역시 대덕구 중리동 376-19,108.08,벽돌구조,단독주택,(철근)콘크리트,1990-09-01
대전광역시 대덕구 중리동 376-2,121.02,철근콘크리트구조,단독주택,(철근)콘크리트,2014-11-07
대전광역시 대덕구 중리동 376-20,119.96,철근콘크리트구조,단독주택,(철근)콘크리트,1997-07-09
대전광역시 대덕구 중리동 376-21,93.33,벽돌구조,단독주택,(철근)콘크리트,1990-08-27
대전광역시 대덕구 중리동 376-22,84.47,벽돌구조,단독주택,(철근)콘크리트,1989-11-09
대전광역시 대덕구 중리동 376-23,102.55,벽돌구조,단독주택,(철근)콘크리트,1990-11-03
대전광역시 대덕구 중리동 376-24,100.64,벽돌구조,단독주택,(철근)콘크리트,1989-11-28
대전광역시 대덕구 중리동 376-25,123.84,철근콘크리트구조,단독주택,(철근)콘크리트,2009-12-04
대전광역시 대덕구 중리동 376-4,101.36,철근콘크리트구조,단독주택,(철근)콘크리트,2014-10-28
대전광역시 대덕구 중리동 376-5,121.2,철근콘크리트구조,제2종근린생활시설,(철근)콘크리트,1989-11-23
대전광역시 대덕구 중리동 376-6,122.4,철근콘크리트구조,제2종근린생활시설,(철근)콘크리트,1990-12-29
대전광역시 대덕구 중리동 376-7,115.8,경량철골구조,제2종근린생활시설,기타지붕,1993-02-23
대전광역시 대덕구 중리동 376-9,121.4,철근콘크리트구조,제2종근린생활시설,(철근)콘크리트,1991-11-20
대전광역시 대덕구 중리동 377-1,114.68,철근콘크리트구조,단독주택,(철근)콘크리트,1994-06-21
대전광역시 대덕구 중리동 377-10,115.48,철근콘크리트구조,단독주택,(철근)콘크리트,1997-05-24
대전광역시 대덕구 중리동 377-11,92.29,벽돌구조,단독주택,(철근)콘크리트,1990-06-18
대전광역시 대덕구 중리동 377-12,119.22,벽돌구조,단독주택,(철근)콘크리트,1990-09-24
대전광역시 대덕구 중리동 377-13,119.76,철근콘크리트구조,단독주택,(철근)콘크리트,2002-08-03
대전광역시 대덕구 중리동 377-14,77.14,벽돌구조,단독주택,(철근)콘크리트,1989-05-25
대전광역시 대덕구 중리동 377-15,118.82,벽돌구조,단독주택,(철근)콘크리트,1996-10-09
대전광역시 대덕구 중리동 377-16,104.33,벽돌구조,단독주택,(철근)콘크리트,1989-06-28
대전광역시 대덕구 중리동 377-17,120.4,철근콘크리트구조,단독주택,(철근)콘크리트,2003-01-23
대전광역시 대덕구 중리동 377-18,93.23,벽돌구조,단독주택,(철근)콘크리트,1989-12-08
대전광역시 대덕구 중리동 377-19,113.18,벽돌구조,단독주택,(철근)콘크리트,1989-08-07
대전광역시 대덕구 중리동 377-2,117.75,철근콘크리트구조,단독주택,(철근)콘크리트,2010-07-21
대전광역시 대덕구 중리동 377-20,120.48,철근콘크리트구조,단독주택,(철근)콘크리트,2003-01-23
대전광역시 대덕구 중리동 377-21,118.25,철근콘크리트구조,단독주택,(철근)콘크리트,1998-01-26
대전광역시 대덕구 중리동 377-22,96.0,벽돌구조,단독주택,(철근)콘크리트,1989-10-11
대전광역시 대덕구 중리동 377-23,101.66,벽돌구조,단독주택,(철근)콘크리트,1991-10-09
대전광역시 대덕구 중리동 377-4,117.75,철근콘크리트구조,단독주택,(철근)콘크리트,2010-04-23
대전광역시 대덕구 중리동 377-5,115.85,철근콘크리트구조,단독주택,(철근)콘크리트,2022-02-28
대전광역시 대덕구 중리동 377-6,120.76,철근콘크리트구조,단독주택,(철근)콘크리트,2002-07-05
대전광역시 대덕구 중리동 377-7,84.69,벽돌구조,단독주택,(철근)콘크리트,1990-04-14
대전광역시 대덕구 중리동 377-8,120.756,벽돌구조,단독주택,(철근)콘크리트,1996-09-20
대전광역시 대덕구 중리동 377-9,114.8,철근콘크리트구조,제2종근린생활시설,(철근)콘크리트,1988-12-21
대전광역시 대덕구 중리동 378-10,121.48,벽돌구조,단독주택,(철근)콘크리트,1997-09-24
대전광역시 대덕구 중리동 378-11,127.55,철근콘크리트구조,단독주택,(철근)콘크리트,2011-03-24
대전광역시 대덕구 중리동 378-13,38.16,경량철골구조,제2종근린생활시설,기타지붕,1994-02-14
대전광역시 대덕구 중리동 378-14,60.48,경량철골구조,제2종근린생활시설,기타지붕,1994-02-01
대전광역시 대덕구 중리동 378-15,86.97,벽돌구조,단독주택,(철근)콘크리트,1989-08-21
대전광역시 대덕구 중리동 378-16,91.7,벽돌구조,단독주택,(철근)콘크리트,1986-11-06
대전광역시 대덕구 중리동 378-17,122.7,벽돌구조,단독주택,(철근)콘크리트,1997-08-30
대전광역시 대덕구 중리동 378-18,118.71,벽돌구조,단독주택,(철근)콘크리트,1996-10-22
대전광역시 대덕구 중리동 378-19,109.32,벽돌구조,단독주택,(철근)콘크리트,1989-08-22
대전광역시 대덕구 중리동 378-2,101.34,철근콘크리트구조,단독주택,(철근)콘크리트,2017-05-30
대전광역시 대덕구 중리동 378-20,99.25,벽돌구조,단독주택,(철근)콘크리트,1988-06-27
대전광역시 대덕구 중리동 378-21,84.96,벽돌구조,단독주택,(철근)콘크리트,1990-05-14
대전광역시 대덕구 중리동 378-22,122.76,철근콘크리트구조,제2종근린생활시설,(철근)콘크리트,2002-01-22
대전광역시 대덕구 중리동 378-23,121.35,철근콘크리트구조,단독주택,(철근)콘크리트,1996-10-23
대전광역시 대덕구 중리동 378-24,121.38,벽돌구조,단독주택,(철근)콘크리트,1996-08-29
대전광역시 대덕구 중리동 378-25,123.43,벽돌구조,단독주택,(철근)콘크리트,1993-08-30
대전광역시 대덕구 중리동 378-26,83.92,경량철골구조,단독주택,기타지붕,2020-10-16
대전광역시 대덕구 중리동 378-27,94.8,벽돌구조,단독주택,(철근)콘크리트,1989-12-27
대전광역시 대덕구 중리동 378-29,98.64,경량철골구조,제2종근린생활시설,기타지붕,2013-12-31
대전광역시 대덕구 중리동 378-30,63.48,경량철골구조,자동차관련시설,기타지붕,2013-12-31
대전광역시 대덕구 중리동 378-31,122.4,철근콘크리트구조,제2종근린생활시설,기타지붕,1993-11-18
대전광역시 대덕구 중리동 378-32,123.46,철근콘크리트구조,단독주택,기타지붕,1993-02-18
대전광역시 대덕구 중리동 378-33,59.04,벽돌구조,단독주택,(철근)콘크리트,1989-06-03
대전광역시 대덕구 중리동 378-4,119.58,벽돌구조,단독주택,(철근)콘크리트,1990-08-30
대전광역시 대덕구 중리동 378-5,112.36,벽돌구조,단독주택,(철근)콘크리트,1990-09-12
대전광역시 대덕구 중리동 378-7,127.59,철근콘크리트구조,단독주택,(철근)콘크리트,1997-12-26
대전광역시 대덕구 중리동 378-8,55.67,벽돌구조,단독주택,(철근)콘크리트,1989-05-30
대전광역시 대덕구 중리동 378-9,81.41,경량철골구조,단독주택,기타지붕,2012-03-08
대전광역시 대덕구 중리동 379-1,62.12,벽돌구조,단독주택,(철근)콘크리트,1989-10-16
대전광역시 대덕구 중리동 379-12,70.9,벽돌구조,단독주택,(철근)콘크리트,1987-11-25
대전광역시 대덕구 중리동 379-13,64.8,벽돌구조,단독주택,(철근)콘크리트,1987-11-25
대전광역시 대덕구 중리동 379-16,99.0,일반철골구조,창고시설,기타지붕,2023-03-02
대전광역시 대덕구 중리동 379-18,64.88,벽돌구조,단독주택,(철근)콘크리트,1991-04-25
대전광역시 대덕구 중리동 379-19,61.3,벽돌구조,단독주택,(철근)콘크리트,1989-05-18
대전광역시 대덕구 중리동 379-20,69.42,벽돌구조,단독주택,(철근)콘크리트,1991-04-25
대전광역시 대덕구 중리동 379-3,134.69,경량철골구조,제2종근린생활시설,기타지붕,2010-04-01
대전광역시 대덕구 중리동 379-6,104.4,철근콘크리트구조,제2종근린생활시설,(철근)콘크리트,2006-03-15
대전광역시 대덕구 중리동 379-7,201.6,철근콘크리트구조,공동주택,(철근)콘크리트,1990-08-14
대전광역시 대덕구 중리동 379-8,61.3,벽돌구조,단독주택,(철근)콘크리트,1989-05-18
대전광역시 대덕구 중리동 379-9,124.02,철근콘크리트구조,단독주택,(철근)콘크리트,2002-03-05
대전광역시 대덕구 중리동 380-1,123.74,벽돌구조,단독주택,(철근)콘크리트,1988-05-25
대전광역시 대덕구 중리동 380-11,108.52,철근콘크리트구조,단독주택,(철근)콘크리트,1988-12-29
대전광역시 대덕구 중리동 380-12,118.56,철근콘크리트구조,단독주택,(철근)콘크리트,2003-01-16
대전광역시 대덕구 중리동 380-13,116.54,벽돌구조,단독주택,(철근)콘크리트,1987-03-24
대전광역시 대덕구 중리동 380-14,99.56,일반철골구조,제2종근린생활시설,기타지붕,2017-01-23
대전광역시 대덕구 중리동 380-15,99.705,철근콘크리트구조,단독주택,(철근)콘크리트,2011-07-04
대전광역시 대덕구 중리동 380-16,86.55,벽돌구조,단독주택,(철근)콘크리트,1989-04-27
대전광역시 대덕구 중리동 380-17,67.5,벽돌구조,단독주택,(철근)콘크리트,1988-07-25
대전광역시 대덕구 중리동 380-18,59.48,벽돌구조,단독주택,(철근)콘크리트,1991-05-16
대전광역시 대덕구 중리동 380-19,122.66,철근콘크리트구조,단독주택,(철근)콘크리트,1996-09-05
대전광역시 대덕구 중리동 380-20,90.91,벽돌구조,단독주택,(철근)콘크리트,1990-05-24
대전광역시 대덕구 중리동 380-21,123.18,벽돌구조,단독주택,(철근)콘크리트,2000-04-11
대전광역시 대덕구 중리동 380-22,106.24,일반철골구조,제2종근린생활시설,기타지붕,2010-06-04
대전광역시 대덕구 중리동 380-23,110.76,철근콘크리트구조,단독주택,(철근)콘크리트,2012-08-08
대전광역시 대덕구 중리동 380-24,113.88,철근콘크리트구조,단독주택,(철근)콘크리트,2012-04-19
대전광역시 대덕구 중리동 380-25,117.81,철근콘크리트구조,단독주택,(철근)콘크리트,2012-04-17
대전광역시 대덕구 중리동 380-26,228.19,철근콘크리트구조,단독주택,(철근)콘크리트,2019-12-19
대전광역시 대덕구 중리동 380-27,89.74,경량철골구조,제2종근린생활시설,기타지붕,1993-12-23
대전광역시 대덕구 중리동 380-3,105.8715,철근콘크리트구조,단독주택,(철근)콘크리트,2011-08-17
대전광역시 대덕구 중리동 380-30,59.83,벽돌구조,단독주택,(철근)콘크리트,1991-05-16
대전광역시 대덕구 중리동 380-4,93.0,경량철골구조,제2종근린생활시설,기타지붕,1994-04-28
대전광역시 대덕구 중리동 380-5,119.78,철근콘크리트구조,제2종근린생활시설,(철근)콘크리트,2003-03-03
대전광역시 대덕구 중리동 380-6,46.08,경량철골구조,제2종근린생활시설,기타지붕,1996-06-07
대전광역시 대덕구 중리동 380-7,120.28,철근콘크리트구조,제2종근린생활시설,(철근)콘크리트,1990-09-01
대전광역시 대덕구 중리동 380-8,72.0,경량철골구조,제2종근린생활시설,기타지붕,1999-04-20
대전광역시 대덕구 중리동 380-9,117.63,철근콘크리트구조,제2종근린생활시설,(철근)콘크리트,1994-04-15
대전광역시 대덕구 중리동 381-1,90.66,경량철골구조,제2종근린생활시설,기타지붕,2005-04-07
대전광역시 대덕구 중리동 381-10,110.17,벽돌구조,단독주택,(철근)콘크리트,1989-05-22
대전광역시 대덕구 중리동 381-12,118.14,벽돌구조,단독주택,(철근)콘크리트,1996-12-12
대전광역시 대덕구 중리동 381-13,85.02,벽돌구조,단독주택,(철근)콘크리트,1989-04-25
대전광역시 대덕구 중리동 381-14,118.07,철근콘크리트구조,단독주택,(철근)콘크리트,2002-01-22
대전광역시 대덕구 중리동 381-15,104.48,벽돌구조,단독주택,(철근)콘크리트,1989-06-16
대전광역시 대덕구 중리동 381-16,99.1,벽돌구조,단독주택,(철근)콘크리트,1997-06-12
대전광역시 대덕구 중리동 381-18,85.67,벽돌구조,단독주택,(철근)콘크리트,1989-12-30
대전광역시 대덕구 중리동 381-19,84.3,벽돌구조,단독주택,(철근)콘크리트,1989-12-21
대전광역시 대덕구 중리동 381-20,88.0,경량철골구조,제2종근린생활시설,기타지붕,2005-07-22
대전광역시 대덕구 중리동 381-21,99.06,일반철골구조,제2종근린생활시설,기타지붕,2009-05-11
대전광역시 대덕구 중리동 381-22,116.48,벽돌구조,단독주택,(철근)콘크리트,1998-01-21
대전광역시 대덕구 중리동 381-23,117.96,벽돌구조,단독주택,(철근)콘크리트,1995-11-10
대전광역시 대덕구 중리동 381-24,86.66,벽돌구조,단독주택,(철근)콘크리트,1989-07-01
대전광역시 대덕구 중리동 381-25,228.8,철근콘크리트구조,공동주택,(철근)콘크리트,2001-10-16
대전광역시 대덕구 중리동 381-26,96.63,벽돌구조,단독주택,(철근)콘크리트,1986-05-20
대전광역시 대덕구 중리동 381-27,120.03,벽돌구조,단독주택,(철근)콘크리트,1989-07-29
대전광역시 대덕구 중리동 381-28,0.0,철근콘크리트구조,제2종근린생활시설,(철근)콘크리트,1994-10-14
대전광역시 대덕구 중리동 381-29,118.44,철근콘크리트구조,단독주택,(철근)콘크리트,1996-08-02
대전광역시 대덕구 중리동 381-3,108.75,철근콘크리트구조,단독주택,(철근)콘크리트,1994-07-09
대전광역시 대덕구 중리동 381-30,120.68,철근콘크리트구조,단독주택,(철근)콘크리트,1994-11-30
대전광역시 대덕구 중리동 381-31,100.75,철근콘크리트구조,단독주택,(철근)콘크리트,2011-03-17
대전광역시 대덕구 중리동 381-32,119.6,철근콘크리트구조,제2종근린생활시설,(철근)콘크리트,1991-10-14
대전광역시 대덕구 중리동 381-33,77.14,벽돌구조,제2종근린생활시설,(철근)콘크리트,1997-07-14
대전광역시 대덕구 중리동 381-34,85.8,경량철골구조,제2종근린생활시설,기타지붕,
대전광역시 대덕구 중리동 381-35,119.27,철근콘크리트구조,제2종근린생활시설,(철근)콘크리트,1996-12-24
대전광역시 대덕구 중리동 381-4,96.4,벽돌구조,단독주택,(철근)콘크리트,1985-09-19
대전광역시 대덕구 중리동 381-5,96.27,벽돌구조,단독주택,(철근)콘크리트,1989-07-12
대전광역시 대덕구 중리동 381-6,116.32,벽돌구조,단독주택,(철근)콘크리트,1998-08-11
대전광역시 대덕구 중리동 381-7,119.28,철근콘크리트구조,단독주택,(철근)콘크리트,2011-10-07
대전광역시 대덕구 중리동 381-8,119.88,철근콘크리트구조,단독주택,기타지붕,2000-05-08
대전광역시 대덕구 중리동 381-9,96.72,벽돌구조,단독주택,(철근)콘크리트,1990-10-31
대전광역시 대덕구 중리동 382-1,115.36,벽돌구조,단독주택,(철근)콘크리트,1993-09-02
대전광역시 대덕구 중리동 382-10,100.45,벽돌구조,단독주택,(철근)콘크리트,1990-10-27
대전광역시 대덕구 중리동 382-11,122.29,철근콘크리트구조,단독주택,(철근)콘크리트,2011-12-28
대전광역시 대덕구 중리동 382-12,57.88,벽돌구조,단독주택,(철근)콘크리트,1990-11-15
대전광역시 대덕구 중리동 382-13,137.33,벽돌구조,단독주택,(철근)콘크리트,1991-08-02
대전광역시 대덕구 중리동 382-14,64.55,벽돌구조,단독주택,(철근)콘크리트,1990-10-30
대전광역시 대덕구 중리동 382-15,97.5,철근콘크리트구조,제2종근린생활시설,(철근)콘크리트,1994-11-05
대전광역시 대덕구 중리동 382-16,87.02,벽돌구조,단독주택,(철근)콘크리트,1988-10-17
대전광역시 대덕구 중리동 382-17,112.86,벽돌구조,단독주택,(철근)콘크리트,1994-02-04
대전광역시 대덕구 중리동 382-18,115.1,철근콘크리트구조,단독주택,기타지붕,2016-07-26
대전광역시 대덕구 중리동 382-2,113.7,철근콘크리트구조,단독주택,(철근)콘크리트,1997-11-04
대전광역시 대덕구 중리동 382-20,110.6,철근콘크리트구조,단독주택,(철근)콘크리트,2002-07-18
대전광역시 대덕구 중리동 382-21,107.425,벽돌구조,단독주택,(철근)콘크리트,1990-08-30
대전광역시 대덕구 중리동 382-22,71.46,철근콘크리트구조,단독주택,(철근)콘크리트,2000-06-19
대전광역시 대덕구 중리동 382-23,129.66,철근콘크리트구조,단독주택,(철근)콘크리트,2001-01-04
대전광역시 대덕구 중리동 382-24,118.56,벽돌구조,단독주택,(철근)콘크리트,1997-11-21
대전광역시 대덕구 중리동 382-25,55.08,벽돌구조,단독주택,(철근)콘크리트,1988-09-30
대전광역시 대덕구 중리동 382-26,106.5,벽돌구조,단독주택,(철근)콘크리트,1989-10-04
대전광역시 대덕구 중리동 382-27,58.22,벽돌구조,단독주택,(철근)콘크리트,1989-11-15
대전광역시 대덕구 중리동 382-28,120.8,철근콘크리트구조,단독주택,(철근)콘크리트,2016-08-18
대전광역시 대덕구 중리동 382-29,58.77,벽돌구조,단독주택,기와,1989-05-08
대전광역시 대덕구 중리동 382-30,58.82,벽돌구조,단독주택,(철근)콘크리트,1990-10-18
대전광역시 대덕구 중리동 382-31,91.18,벽돌구조,단독주택,(철근)콘크리트,1984-09-05
대전광역시 대덕구 중리동 382-32,64.05,벽돌구조,단독주택,(철근)콘크리트,1989-08-24
대전광역시 대덕구 중리동 382-33,55.08,벽돌구조,단독주택,(철근)콘크리트,1988-09-30
대전광역시 대덕구 중리동 382-34,58.77,벽돌구조,단독주택,기와,1989-05-08
대전광역시 대덕구 중리동 382-35,82.865,벽돌구조,단독주택,(철근)콘크리트,1989-08-24
대전광역시 대덕구 중리동 382-36,58.22,벽돌구조,단독주택,(철근)콘크리트,1989-11-15
대전광역시 대덕구 중리동 382-37,56.43,벽돌구조,단독주택,(철근)콘크리트,1990-10-15
대전광역시 대덕구 중리동 382-38,58.82,벽돌구조,단독주택,(철근)콘크리트,1990-10-08
대전광역시 대덕구 중리동 382-39,69.06,벽돌구조,단독주택,(철근)콘크리트,1990-11-06
대전광역시 대덕구 중리동 382-4,110.41,철근콘크리트구조,단독주택,(철근)콘크리트,2003-01-22
대전광역시 대덕구 중리동 382-40,73.58,벽돌구조,단독주택,(철근)콘크리트,1990-10-30
대전광역시 대덕구 중리동 382-5,117.87,철근콘크리트구조,단독주택,(철근)콘크리트,2004-11-16
대전광역시 대덕구 중리동 382-6,76.88,벽돌구조,단독주택,(철근)콘크리트,1989-04-13
대전광역시 대덕구 중리동 382-7,56.43,벽돌구조,단독주택,(철근)콘크리트,1990-10-15
대전광역시 대덕구 중리동 382-8,98.75,벽돌구조,단독주택,(철근)콘크리트,1990-04-16
대전광역시 대덕구 중리동 383-1,111.94,철근콘크리트구조,단독주택,(철근)콘크리트,2018-05-31
대전광역시 대덕구 중리동 383-12,111.19,벽돌구조,단독주택,(철근)콘크리트,1995-08-07
대전광역시 대덕구 중리동 383-13,95.53,벽돌구조,단독주택,(철근)콘크리트,1989-10-12
대전광역시 대덕구 중리동 383-14,94.12,벽돌구조,단독주택,(철근)콘크리트,1988-09-23
대전광역시 대덕구 중리동 383-15,116.4,벽돌구조,단독주택,(철근)콘크리트,1998-11-17
대전광역시 대덕구 중리동 383-16,109.67,벽돌구조,단독주택,(철근)콘크리트,1991-07-01
대전광역시 대덕구 중리동 383-17,87.14,벽돌구조,단독주택,(철근)콘크리트,1984-10-10
대전광역시 대덕구 중리동 383-18,94.75,벽돌구조,단독주택,(철근)콘크리트,1992-10-31
대전광역시 대덕구 중리동 383-19,104.26,벽돌구조,단독주택,(철근)콘크리트,1992-11-04
대전광역시 대덕구 중리동 383-2,54.3,벽돌구조,단독주택,(철근)콘크리트,1991-09-14
대전광역시 대덕구 중리동 383-20,109.05,철근콘크리트구조,단독주택,(철근)콘크리트,1997-08-30
대전광역시 대덕구 중리동 383-21,109.46,철근콘크리트구조,단독주택,(철근)콘크리트,2005-11-18
대전광역시 대덕구 중리동 383-22,115.92,철근콘크리트구조,단독주택,(철근)콘크리트,2015-10-30
대전광역시 대덕구 중리동 383-23,115.98,철근콘크리트구조,단독주택,(철근)콘크리트,1996-11-14
대전광역시 대덕구 중리동 383-24,114.96,철근콘크리트구조,단독주택,(철근)콘크리트,2002-02-08
대전광역시 대덕구 중리동 383-25,101.81,벽돌구조,단독주택,(철근)콘크리트,1989-06-16
대전광역시 대덕구 중리동 383-26,58.58,벽돌구조,단독주택,(철근)콘크리트,1991-09-16
대전광역시 대덕구 중리동 383-4,114.28,벽돌구조,단독주택,(철근)콘크리트,1994-09-16
대전광역시 대덕구 중리동 383-5,111.558,철근콘크리트구조,단독주택,(철근)콘크리트,1991-11-20
대전광역시 대덕구 중리동 383-8,115.44,벽돌구조,단독주택,(철근)콘크리트,1996-07-23
대전광역시 대덕구 중리동 383-9,116.56,철근콘크리트구조,단독주택,(철근)콘크리트,2011-11-21
대전광역시 대덕구 중리동 384-1,115.27,벽돌구조,단독주택,(철근)콘크리트,1995-07-04
대전광역시 대덕구 중리동 384-12,99.14,벽돌구조,단독주택,(철근)콘크리트,1991-11-20
대전광역시 대덕구 중리동 384-13,107.65,철근콘크리트구조,단독주택,(철근)콘크리트,2002-08-03
대전광역시 대덕구 중리동 384-15,93.45,벽돌구조,단독주택,(철근)콘크리트,1986-12-18
대전광역시 대덕구 중리동 384-18,116.62,벽돌구조,단독주택,(철근)콘크리트,1994-11-28
대전광역시 대덕구 중리동 384-19,97.52,철근콘크리트구조,단독주택,(철근)콘크리트,2024-07-19
대전광역시 대덕구 중리동 384-2,117.16,철근콘크리트구조,단독주택,(철근)콘크리트,2010-08-09
대전광역시 대덕구 중리동 384-20,111.88,벽돌구조,단독주택,(철근)콘크리트,1998-05-07
대전광역시 대덕구 중리동 384-21,78.76,벽돌구조,단독주택,(철근)콘크리트,1988-12-19
대전광역시 대덕구 중리동 384-22,116.58,벽돌구조,단독주택,(철근)콘크리트,1996-11-16
대전광역시 대덕구 중리동 384-23,76.76,철근콘크리트구조,단독주택,(철근)콘크리트,1988-10-27
대전광역시 대덕구 중리동 384-24,115.72,벽돌구조,단독주택,(철근)콘크리트,1994-05-24
대전광역시 대덕구 중리동 384-25,117.74,철근콘크리트구조,단독주택,(철근)콘크리트,1998-01-20
대전광역시 대덕구 중리동 384-26,117.74,철근콘크리트구조,단독주택,(철근)콘크리트,1997-04-24
대전광역시 대덕구 중리동 384-27,118.65,철근콘크리트구조,단독주택,(철근)콘크리트,1997-10-23
대전광역시 대덕구 중리동 384-28,118.65,철근콘크리트구조,단독주택,(철근)콘크리트,2017-06-15
대전광역시 대덕구 중리동 384-3,116.75,철근콘크리트구조,단독주택,(철근)콘크리트,1998-09-25
대전광역시 대덕구 중리동 384-4,97.98,철근콘크리트구조,단독주택,(철근)콘크리트,2015-12-18
대전광역시 대덕구 중리동 384-6,103.73,벽돌구조,단독주택,(철근)콘크리트,1984-12-13
대전광역시 대덕구 중리동 384-9,117.6,철근콘크리트구조,제2종근린생활시설,(철근)콘크리트,1990-09-28
대전광역시 대덕구 중리동 385-1,24.0,벽돌구조,제2종근린생활시설,(철근)콘크리트,1992-03-13
대전광역시 대덕구 중리동 385-10,110.01,벽돌구조,단독주택,(철근)콘크리트,1989-10-06
대전광역시 대덕구 중리동 385-11,118.04,철근콘크리트구조,단독주택,(철근)콘크리트,1997-12-11
대전광역시 대덕구 중리동 385-12,70.96,벽돌구조,단독주택,(철근)콘크리트,1988-05-28
대전광역시 대덕구 중리동 385-13,89.15,벽돌구조,단독주택,(철근)콘크리트,1990-08-03
대전광역시 대덕구 중리동 385-14,73.558,벽돌구조,단독주택,(철근)콘크리트,1989-06-21
대전광역시 대덕구 중리동 385-15,118.72,철근콘크리트구조,단독주택,(철근)콘크리트,2002-07-11
대전광역시 대덕구 중리동 385-16,118.02,벽돌구조,단독주택,(철근)콘크리트,1997-10-13
대전광역시 대덕구 중리동 385-18,115.32,벽돌구조,단독주택,(철근)콘크리트,1997-10-18
대전광역시 대덕구 중리동 385-19,119.21,벽돌구조,단독주택,(철근)콘크리트,1994-08-30
대전광역시 대덕구 중리동 385-2,117.48,철근콘크리트구조,단독주택,(철근)콘크리트,1999-02-26
대전광역시 대덕구 중리동 385-20,118.8,벽돌구조,단독주택,(철근)콘크리트,1995-06-28
대전광역시 대덕구 중리동 385-21,90.89,벽돌구조,단독주택,(철근)콘크리트,1988-02-16
대전광역시 대덕구 중리동 385-22,109.38,벽돌구조,단독주택,(철근)콘크리트,1991-08-26
대전광역시 대덕구 중리동 385-25,119.38,철근콘크리트구조,제2종근린생활시설,(철근)콘크리트,1993-06-23
대전광역시 대덕구 중리동 385-26,111.78,철근콘크리트구조,제2종근린생활시설,(철근)콘크리트,1989-12-07
대전광역시 대덕구 중리동 385-27,119.52,철근콘크리트구조,제2종근린생활시설,(철근)콘크리트,2003-03-20
대전광역시 대덕구 중리동 385-28,118.03,철근콘크리트구조,제2종근린생활시설,(철근)콘크리트,1993-11-17
대전광역시 대덕구 중리동 385-3,106.38,벽돌구조,단독주택,(철근)콘크리트,1993-07-08
대전광역시 대덕구 중리동 385-4,113.88,철근콘크리트구조,단독주택,(철근)콘크리트,1994-08-06
대전광역시 대덕구 중리동 385-5,115.7,철근콘크리트구조,단독주택,(철근)콘크리트,2003-05-27
대전광역시 대덕구 중리동 385-6,117.81,철근콘크리트구조,단독주택,(철근)콘크리트,1994-12-23
대전광역시 대덕구 중리동 385-7,87.01,벽돌구조,단독주택,(철근)콘크리트,1989-11-14
대전광역시 대덕구 중리동 385-8,115.71,벽돌구조,단독주택,(철근)콘크리트,1997-01-10
대전광역시 대덕구 중리동 385-9,80.67,벽돌구조,단독주택,(철근)콘크리트,1987-08-28
대전광역시 대덕구 중리동 386-1,115.58,철근콘크리트구조,단독주택,(철근)콘크리트,1996-04-25
대전광역시 대덕구 중리동 386-10,108.98,벽돌구조,단독주택,(철근)콘크리트,1991-09-19
대전광역시 대덕구 중리동 386-11,118.46,철근콘크리트구조,단독주택,(철근)콘크리트,2004-01-16
대전광역시 대덕구 중리동 386-12,121.09,벽돌구조,단독주택,(철근)콘크리트,1994-05-06
대전광역시 대덕구 중리동 386-13,120.28,벽돌구조,단독주택,(철근)콘크리트,1997-01-24
대전광역시 대덕구 중리동 386-18,119.97,벽돌구조,단독주택,(철근)콘크리트,1999-08-23
대전광역시 대덕구 중리동 386-19,115.06,철근콘크리트구조,단독주택,(철근)콘크리트,2012-11-05
대전광역시 대덕구 중리동 386-2,119.92,철근콘크리트구조,단독주택,(철근)콘크리트,2012-05-11
대전광역시 대덕구 중리동 386-20,118.26,철근콘크리트구조,단독주택,(철근)콘크리트,2004-02-14
대전광역시 대덕구 중리동 386-21,118.08,경량철골구조,제2종근린생활시설,기타지붕,1990-04-30
대전광역시 대덕구 중리동 386-22,85.68,벽돌구조,단독주택,(철근)콘크리트,1989-03-13
대전광역시 대덕구 중리동 386-24,113.13,벽돌구조,단독주택,(철근)콘크리트,1990-10-17
대전광역시 대덕구 중리동 386-26,105.48,벽돌구조,단독주택,(철근)콘크리트,1991-12-10
대전광역시 대덕구 중리동 386-27,111.24,철근콘크리트구조,단독주택,(철근)콘크리트,2003-02-26
대전광역시 대덕구 중리동 386-28,110.18,철근콘크리트구조,단독주택,(철근)콘크리트,2002-03-29
대전광역시 대덕구 중리동 386-29,119.47,철근콘크리트구조,단독주택,(철근)콘크리트,1994-03-21
대전광역시 대덕구 중리동 386-5,86.07,벽돌구조,단독주택,(철근)콘크리트,1990-03-10
대전광역시 대덕구 중리동 386-6,120.12,철근콘크리트구조,단독주택,(철근)콘크리트,2005-09-09
대전광역시 대덕구 중리동 386-7,99.39,벽돌구조,단독주택,(철근)콘크리트,1990-11-23
대전광역시 대덕구 중리동 386-8,119.93,벽돌구조,단독주택,(철근)콘크리트,1991-09-12
대전광역시 대덕구 중리동 386-9,119.21,철근콘크리트구조,단독주택,(철근)콘크리트,1996-10-17
대전광역시 대덕구 중리동 387-1,115.16,철근콘크리트구조,단독주택,(철근)콘크리트,2002-01-28
대전광역시 대덕구 중리동 387-11,72.06,벽돌구조,단독주택,(철근)콘크리트,1988-07-04
대전광역시 대덕구 중리동 387-12,116.7,철근콘크리트구조,단독주택,(철근)콘크리트,2002-12-09
대전광역시 대덕구 중리동 387-13,54.59,벽돌구조,단독주택,(철근)콘크리트,1990-07-23
대전광역시 대덕구 중리동 387-16,384.84,철근콘크리트구조,단독주택,(철근)콘크리트,2019-05-23
대전광역시 대덕구 중리동 387-17,164.38,철근콘크리트구조,단독주택,(철근)콘크리트,2001-04-16
대전광역시 대덕구 중리동 387-18,101.48,벽돌구조,단독주택,(철근)콘크리트,1989-10-05
대전광역시 대덕구 중리동 387-19,72.06,벽돌구조,단독주택,(철근)콘크리트,1988-07-04
대전광역시 대덕구 중리동 387-2,117.36,벽돌구조,단독주택,(철근)콘크리트,1996-07-06
대전광역시 대덕구 중리동 387-20,58.4,벽돌구조,단독주택,(철근)콘크리트,1988-11-29
대전광역시 대덕구 중리동 387-21,58.01,벽돌구조,단독주택,(철근)콘크리트,1989-10-26
대전광역시 대덕구 중리동 387-22,56.84,벽돌구조,단독주택,(철근)콘크리트,1989-11-08
대전광역시 대덕구 중리동 387-23,54.59,벽돌구조,단독주택,(철근)콘크리트,1990-07-23
대전광역시 대덕구 중리동 387-24,101.57,철근콘크리트구조,단독주택,(철근)콘크리트,1991-10-16
대전광역시 대덕구 중리동 387-3,58.91,벽돌구조,단독주택,(철근)콘크리트,1989-11-14
대전광역시 대덕구 중리동 387-4,74.76,일반철골구조,단독주택,기타지붕,1997-03-21
대전광역시 대덕구 중리동 387-5,58.4,벽돌구조,단독주택,(철근)콘크리트,1988-11-29
대전광역시 대덕구 중리동 387-6,66.9,벽돌구조,제2종근린생활시설,(철근)콘크리트,1988-08-23
대전광역시 대덕구 중리동 387-7,55.39,벽돌구조,단독주택,(철근)콘크리트,1989-11-08
대전광역시 대덕구 중리동 387-8,136.44,철근콘크리트구조,단독주택,(철근)콘크리트,2011-09-29
대전광역시 대덕구 중리동 387-9,103.14,철근콘크리트구조,단독주택,(철근)콘크리트,1996-04-23
대전광역시 대덕구 중리동 388-1,1821.6,철근콘크리트구조,공동주택,(철근)콘크리트,1991-04-12
대전광역시 대덕구 중리동 388-10,104.22,벽돌구조,단독주택,(철근)콘크리트,1988-09-09
대전광역시 대덕구 중리동 388-11,100.11,철근콘크리트구조,단독주택,(철근)콘크리트,1987-12-23
대전광역시 대덕구 중리동 388-13,171.6,철근콘크리트구조,단독주택,(철근)콘크리트,1989-07-10
대전광역시 대덕구 중리동 388-14,95.76,벽돌구조,단독주택,(철근)콘크리트,1989-11-03
대전광역시 대덕구 중리동 388-15,128.09,벽돌구조,단독주택,(철근)콘크리트,1989-05-29
대전광역시 대덕구 중리동 388-16,142.35,철근콘크리트구조,단독주택,(철근)콘크리트,2013-04-23
대전광역시 대덕구 중리동 388-17,784.4,철근콘크리트구조,문화및집회시설,(철근)콘크리트,2023-09-07
대전광역시 대덕구 중리동 388-18,117.72,벽돌구조,단독주택,(철근)콘크리트,1989-03-23
대전광역시 대덕구 중리동 388-4,727.24,벽돌구조,공동주택,(철근)콘크리트,1991-09-30
대전광역시 대덕구 중리동 388-6,101.52,벽돌구조,노유자시설,(철근)콘크리트,1992-10-19
대전광역시 대덕구 중리동 388-7,112.22,벽돌구조,단독주택,(철근)콘크리트,1990-06-12
대전광역시 대덕구 중리동 388-8,157.75,철근콘크리트구조,단독주택,(철근)콘크리트,2002-12-23
대전광역시 대덕구 중리동 388-9,105.95,벽돌구조,단독주택,(철근)콘크리트,1988-09-12
대전광역시 대덕구 중리동 389-1,116.8,벽돌구조,단독주택,(철근)콘크리트,1996-11-16
대전광역시 대덕구 중리동 389-10,209.4,철근콘크리트구조,공동주택,(철근)콘크리트,1991-12-06
대전광역시 대덕구 중리동 389-12,99.2,경량철골구조,창고시설,기타지붕,2000-06-12
대전광역시 대덕구 중리동 389-13,79.98,벽돌구조,단독주택,(철근)콘크리트,1989-08-08
대전광역시 대덕구 중리동 389-14,111.66,벽돌구조,단독주택,(철근)콘크리트,1988-06-20
대전광역시 대덕구 중리동 389-15,111.08,벽돌구조,단독주택,(철근)콘크리트,1988-03-04
대전광역시 대덕구 중리동 389-16,84.79,벽돌구조,단독주택,(철근)콘크리트,1990-11-30
대전광역시 대덕구 중리동 389-17,87.2,벽돌구조,단독주택,(철근)콘크리트,1989-08-21
대전광역시 대덕구 중리동 389-18,83.26,벽돌구조,단독주택,(철근)콘크리트,1988-11-29
대전광역시 대덕구 중리동 389-19,98.06,벽돌구조,단독주택,(철근)콘크리트,1990-04-19
대전광역시 대덕구 중리동 389-20,104.92,벽돌구조,단독주택,(철근)콘크리트,1990-09-24
대전광역시 대덕구 중리동 389-21,97.34,벽돌구조,단독주택,(철근)콘크리트,1990-07-05
대전광역시 대덕구 중리동 389-27,187.42,철근콘크리트구조,공동주택,(철근)콘크리트,1991-12-06
대전광역시 대덕구 중리동 389-5,891.65,철근콘크리트구조,종교시설,(철근)콘크리트,2008-01-18
대전광역시 대덕구 중리동 389-8,83.61,벽돌구조,단독주택,(철근)콘크리트,1989-10-18
대전광역시 대덕구 중리동 390-1,239.67,철근콘크리트구조,종교시설,(철근)콘크리트,2003-05-15
대전광역시 대덕구 중리동 390-10,121.29,철근콘크리트구조,단독주택,(철근)콘크리트,1999-03-12
대전광역시 대덕구 중리동 390-11,90.84,벽돌구조,단독주택,(철근)콘크리트,1984-12-20
대전광역시 대덕구 중리동 390-12,118.45,철근콘크리트구조,단독주택,(철근)콘크리트,1998-03-10
대전광역시 대덕구 중리동 390-13,100.7,벽돌구조,단독주택,(철근)콘크리트,1989-10-23
대전광역시 대덕구 중리동 390-14,113.28,벽돌구조,단독주택,(철근)콘크리트,1994-06-23
대전광역시 대덕구 중리동 390-15,114.05,벽돌구조,단독주택,(철근)콘크리트,1995-05-25
대전광역시 대덕구 중리동 390-17,110.48,벽돌구조,제2종근린생활시설,(철근)콘크리트,1991-07-29
대전광역시 대덕구 중리동 390-19,99.36,철근콘크리트구조,단독주택,(철근)콘크리트,2006-06-21
대전광역시 대덕구 중리동 390-2,117.75,철근콘크리트구조,단독주택,(철근)콘크리트,2000-02-11
대전광역시 대덕구 중리동 390-20,104.66,벽돌구조,단독주택,(철근)콘크리트,1989-10-25
대전광역시 대덕구 중리동 390-21,114.2,벽돌구조,단독주택,(철근)콘크리트,1997-03-19
대전광역시 대덕구 중리동 390-24,98.8,경량철골구조,제2종근린생활시설,기타지붕,2018-05-18
대전광역시 대덕구 중리동 390-27,115.2,경량철골구조,단독주택,기타지붕,1994-04-06
대전광역시 대덕구 중리동 390-28,90.9,벽돌구조,단독주택,(철근)콘크리트,1989-06-09
대전광역시 대덕구 중리동 390-3,119.33,철근콘크리트구조,단독주택,(철근)콘크리트,2002-05-11
대전광역시 대덕구 중리동 390-4,117.14,철근콘크리트구조,단독주택,(철근)콘크리트,2016-08-02
대전광역시 대덕구 중리동 390-5,119.71,철근콘크리트구조,단독주택,(철근)콘크리트,1996-09-13
대전광역시 대덕구 중리동 390-6,120.0,철근콘크리트구조,단독주택,(철근)콘크리트,2010-05-20
대전광역시 대덕구 중리동 390-7,97.68,벽돌구조,단독주택,(철근)콘크리트,1990-11-27
대전광역시 대덕구 중리동 390-8,101.11,철근콘크리트구조,단독주택,(철근)콘크리트,1993-07-14
대전광역시 대덕구 중리동 390-9,119.67,벽돌구조,단독주택,(철근)콘크리트,1994-09-13
대전광역시 대덕구 중리동 391-1,113.81,철근콘크리트구조,단독주택,(철근)콘크리트,2004-09-13
대전광역시 대덕구 중리동 391-11,77.45,벽돌구조,단독주택,(철근)콘크리트,1985-10-19
대전광역시 대덕구 중리동 391-12,104.31,벽돌구조,단독주택,(철근)콘크리트,1991-06-27
대전광역시 대덕구 중리동 391-13,87.86,벽돌구조,단독주택,(철근)콘크리트,1990-06-04
대전광역시 대덕구 중리동 391-14,70.88,벽돌구조,단독주택,(철근)콘크리트,1988-12-17
대전광역시 대덕구 중리동 391-16,78.52,벽돌구조,단독주택,(철근)콘크리트,1989-05-06
대전광역시 대덕구 중리동 391-17,77.7,벽돌구조,단독주택,(철근)콘크리트,1989-11-03
대전광역시 대덕구 중리동 391-18,95.5,벽돌구조,단독주택,(철근)콘크리트,1989-12-27
대전광역시 대덕구 중리동 391-19,110.38,벽돌구조,단독주택,(철근)콘크리트,1989-08-02
대전광역시 대덕구 중리동 391-2,117.23,철근콘크리트구조,단독주택,(철근)콘크리트,2005-12-15
대전광역시 대덕구 중리동 391-20,98.05,벽돌구조,단독주택,(철근)콘크리트,1989-08-28
대전광역시 대덕구 중리동 391-21,108.745,벽돌구조,단독주택,(철근)콘크리트,1985-06-19
대전광역시 대덕구 중리동 391-22,81.97,벽돌구조,단독주택,(철근)콘크리트,1989-12-07
대전광역시 대덕구 중리동 391-23,120.33,철근콘크리트구조,단독주택,(철근)콘크리트,2017-01-03
대전광역시 대덕구 중리동 391-24,103.42,벽돌구조,단독주택,(철근)콘크리트,1988-10-18
대전광역시 대덕구 중리동 391-25,119.18,철근콘크리트구조,단독주택,(철근)콘크리트,2002-11-04
대전광역시 대덕구 중리동 391-26,120.64,철근콘크리트구조,단독주택,(철근)콘크리트,2017-06-09
대전광역시 대덕구 중리동 391-27,58.06,벽돌구조,단독주택,(철근)콘크리트,1989-04-21
대전광역시 대덕구 중리동 391-28,58.39,벽돌구조,단독주택,(철근)콘크리트,1989-07-21
대전광역시 대덕구 중리동 391-3,98.91,철근콘크리트구조,단독주택,(철근)콘크리트,2017-01-31
대전광역시 대덕구 중리동 391-4,118.24,철근콘크리트구조,제2종근린생활시설,(철근)콘크리트,1989-09-20
대전광역시 대덕구 중리동 391-5,120.36,벽돌구조,제2종근린생활시설,기타지붕,1990-11-14
대전광역시 대덕구 중리동 391-6,99.36,경량철골구조,제2종근린생활시설,기타지붕,2006-05-22
대전광역시 대덕구 중리동 391-7,117.86,철근콘크리트구조,제2종근린생활시설,(철근)콘크리트,1994-12-07
대전광역시 대덕구 중리동 391-8,116.88,철근콘크리트구조,제2종근린생활시설,(철근)콘크리트,1990-09-29
대전광역시 대덕구 중리동 392-1,113.24,철근콘크리트구조,단독주택,(철근)콘크리트,1994-10-22
대전광역시 대덕구 중리동 392-10,51.84,경량철골구조,제2종근린생활시설,기타지붕,1992-12-30
대전광역시 대덕구 중리동 392-11,89.16,벽돌구조,단독주택,(철근)콘크리트,1990-10-15
대전광역시 대덕구 중리동 392-12,98.32,벽돌구조,단독주택,(철근)콘크리트,1988-09-27
대전광역시 대덕구 중리동 392-13,117.49,벽돌구조,단독주택,(철근)콘크리트,1996-09-24
대전광역시 대덕구 중리동 392-14,76.35,벽돌구조,단독주택,(철근)콘크리트,1989-05-06
대전광역시 대덕구 중리동 392-16,117.31,철근콘크리트구조,단독주택,(철근)콘크리트,2002-07-03
대전광역시 대덕구 중리동 392-17,115.3,벽돌구조,단독주택,(철근)콘크리트,1996-11-18
대전광역시 대덕구 중리동 392-18,80.64,경량철골구조,제2종근린생활시설,기타지붕,1993-07-09
대전광역시 대덕구 중리동 392-2,115.83,철근콘크리트구조,단독주택,(철근)콘크리트,2001-07-09
대전광역시 대덕구 중리동 392-23,109.58,벽돌구조,단독주택,(철근)콘크리트,1989-07-31
대전광역시 대덕구 중리동 392-24,115.92,철근콘크리트구조,단독주택,(철근)콘크리트,2015-11-30
대전광역시 대덕구 중리동 392-25,108.24,벽돌구조,단독주택,(철근)콘크리트,1995-06-26
대전광역시 대덕구 중리동 392-26,264.96,철근콘크리트구조,단독주택,(철근)콘크리트,1998-08-10
대전광역시 대덕구 중리동 392-27,107.46,벽돌구조,단독주택,(철근)콘크리트,1989-08-07
대전광역시 대덕구 중리동 392-3,111.82,일반철골구조,제2종근린생활시설,기타지붕,2014-08-20
대전광역시 대덕구 중리동 392-5,111.63,벽돌구조,단독주택,(철근)콘크리트,1994-09-12
대전광역시 대덕구 중리동 392-6,83.53,벽돌구조,단독주택,(철근)콘크리트,1984-10-10
대전광역시 대덕구 중리동 392-8,117.0,철근콘크리트구조,창고시설,(철근)콘크리트,2012-06-28
대전광역시 대덕구 중리동 392-9,113.76,철근콘크리트구조,단독주택,(철근)콘크리트,2006-10-11
대전광역시 대덕구 중리동 393-1,76.79,벽돌구조,단독주택,(철근)콘크리트,1990-11-14
대전광역시 대덕구 중리동 393-10,99.25,벽돌구조,단독주택,(철근)콘크리트,1990-07-09
대전광역시 대덕구 중리동 393-12,138.18,철근콘크리트구조,단독주택,(철근)콘크리트,2000-12-07
대전광역시 대덕구 중리동 393-13,113.52,벽돌구조,단독주택,(철근)콘크리트,1991-05-13
대전광역시 대덕구 중리동 393-14,120.74,철근콘크리트구조,단독주택,(철근)콘크리트,2002-10-05
대전광역시 대덕구 중리동 393-15,59.48,벽돌구조,단독주택,(철근)콘크리트,1988-09-21
대전광역시 대덕구 중리동 393-16,118.87,철근콘크리트구조,단독주택,(철근)콘크리트,2002-08-19
대전광역시 대덕구 중리동 393-17,116.43,일반철골구조,창고시설,기타지붕,2017-08-23
대전광역시 대덕구 중리동 393-18,119.57,철근콘크리트구조,단독주택,(철근)콘크리트,2014-10-13
대전광역시 대덕구 중리동 393-2,119.96,철근콘크리트구조,단독주택,(철근)콘크리트,2011-06-15
대전광역시 대덕구 중리동 393-20,120.98,철근콘크리트구조,단독주택,(철근)콘크리트,2002-06-17
대전광역시 대덕구 중리동 393-22,59.48,벽돌구조,단독주택,(철근)콘크리트,1988-09-21
대전광역시 대덕구 중리동 393-23,55.68,벽돌구조,단독주택,(철근)콘크리트,1988-12-06
대전광역시 대덕구 중리동 393-24,55.42,벽돌구조,단독주택,(철근)콘크리트,1989-06-12
대전광역시 대덕구 중리동 393-3,239.94,철근콘크리트구조,단독주택,(철근)콘크리트,2006-09-28
대전광역시 대덕구 중리동 393-4,227.54,철근콘크리트구조,공동주택,(철근)콘크리트,1991-09-28
대전광역시 대덕구 중리동 393-5,112.71,벽돌구조,단독주택,(철근)콘크리트,1989-08-26
대전광역시 대덕구 중리동 393-6,115.7,벽돌구조,단독주택,(철근)콘크리트,1993-11-02
대전광역시 대덕구 중리동 393-7,55.68,벽돌구조,단독주택,(철근)콘크리트,1988-12-06
대전광역시 대덕구 중리동 393-9,53.76,벽돌구조,단독주택,(철근)콘크리트,1989-06-12
대전광역시 대덕구 중리동 394-1,99.84,철근콘크리트구조,단독주택,(철근)콘크리트,2014-06-17
대전광역시 대덕구 중리동 394-10,119.83,철근콘크리트구조,단독주택,(철근)콘크리트,2003-10-16
대전광역시 대덕구 중리동 394-11,89.17,벽돌구조,단독주택,(철근)콘크리트,1989-07-29
대전광역시 대덕구 중리동 394-13,116.92,벽돌구조,단독주택,(철근)콘크리트,1991-09-05
대전광역시 대덕구 중리동 394-14,145.71,벽돌구조,단독주택,(철근)콘크리트,1990-10-25
대전광역시 대덕구 중리동 394-15,143.78,철근콘크리트구조,제2종근린생활시설,(철근)콘크리트,1990-06-27
대전광역시 대덕구 중리동 394-16,74.4,경량철골구조,창고시설,기타지붕,1997-09-11
대전광역시 대덕구 중리동 394-17,118.42,철근콘크리트구조,제2종근린생활시설,(철근)콘크리트,1998-09-29
대전광역시 대덕구 중리동 394-2,98.36,철근콘크리트구조,단독주택,(철근)콘크리트,2011-03-30
대전광역시 대덕구 중리동 394-4,117.66,철근콘크리트구조,단독주택,(철근)콘크리트,1997-10-17
대전광역시 대덕구 중리동 394-5,113.1,철근콘크리트구조,단독주택,(철근)콘크리트,1998-06-11
대전광역시 대덕구 중리동 394-6,119.56,철근콘크리트구조,단독주택,(철근)콘크리트,1998-04-15
대전광역시 대덕구 중리동 394-7,117.32,벽돌구조,단독주택,(철근)콘크리트,1994-12-06
대전광역시 대덕구 중리동 394-8,135.9,철근콘크리트구조,단독주택,(철근)콘크리트,2003-11-14
대전광역시 대덕구 중리동 394-9,128.56,철근콘크리트구조,단독주택,(철근)콘크리트,2012-05-09
대전광역시 대덕구 중리동 395-1,98.08,벽돌구조,단독주택,(철근)콘크리트,1989-06-19
대전광역시 대덕구 중리동 395-10,85.68,벽돌구조,단독주택,(철근)콘크리트,1990-05-12
대전광역시 대덕구 중리동 395-2,52.92,벽돌구조,제2종근린생활시설,기타지붕,1993-08-05
대전광역시 대덕구 중리동 395-3,116.08,벽돌구조,단독주택,(철근)콘크리트,1989-12-01
대전광역시 대덕구 중리동 395-4,99.36,철근콘크리트구조,단독주택,(철근)콘크리트,2004-05-10
대전광역시 대덕구 중리동 395-6,134.64,경량철골구조,제2종근린생활시설,기타지붕,1994-05-11
대전광역시 대덕구 중리동 395-7,56.88,경량철골구조,제2종근린생활시설,기타지붕,1993-03-09
대전광역시 대덕구 중리동 395-8,93.64,경량철골구조,제2종근린생활시설,기타지붕,2001-10-05
대전광역시 대덕구 중리동 395-9,98.2,벽돌구조,단독주택,(철근)콘크리트,1990-03-31
대전광역시 대덕구 중리동 396-10,55.79,벽돌구조,단독주택,(철근)콘크리트,1990-09-20
대전광역시 대덕구 중리동 396-11,118.45,벽돌구조,단독주택,(철근)콘크리트,1996-01-09
대전광역시 대덕구 중리동 396-13,121.0,철근콘크리트구조,단독주택,(철근)콘크리트,2010-08-24
대전광역시 대덕구 중리동 396-14,53.09,벽돌구조,단독주택,(철근)콘크리트,1988-05-30
대전광역시 대덕구 중리동 396-15,57.58,벽돌구조,단독주택,(철근)콘크리트,1990-11-06
대전광역시 대덕구 중리동 396-16,55.7,벽돌구조,단독주택,(철근)콘크리트,1988-09-23
대전광역시 대덕구 중리동 396-17,55.89,벽돌구조,단독주택,기타지붕,1989-03-29
대전광역시 대덕구 중리동 396-18,118.12,철근콘크리트구조,단독주택,(철근)콘크리트,1998-04-06
대전광역시 대덕구 중리동 396-19,110.88,벽돌구조,단독주택,(철근)콘크리트,1988-09-02
대전광역시 대덕구 중리동 396-2,120.03,철근콘크리트구조,단독주택,(철근)콘크리트,2011-10-20
대전광역시 대덕구 중리동 396-20,116.64,철근콘크리트구조,단독주택,,2009-07-13
대전광역시 대덕구 중리동 396-21,104.2,벽돌구조,단독주택,(철근)콘크리트,1986-03-21
대전광역시 대덕구 중리동 396-22,114.06,벽돌구조,단독주택,(철근)콘크리트,1993-06-29
대전광역시 대덕구 중리동 396-23,208.18,벽돌구조,단독주택,(철근)콘크리트,1997-05-28
대전광역시 대덕구 중리동 396-24,133.86,철근콘크리트구조,단독주택,(철근)콘크리트,2011-07-20
대전광역시 대덕구 중리동 396-25,55.65,벽돌구조,단독주택,(철근)콘크리트,1988-06-27
대전광역시 대덕구 중리동 396-26,59.63,벽돌구조,단독주택,(철근)콘크리트,1987-12-29
대전광역시 대덕구 중리동 396-27,56.08,벽돌구조,단독주택,(철근)콘크리트,1988-10-20
대전광역시 대덕구 중리동 396-28,55.89,벽돌구조,단독주택,(철근)콘크리트,1989-03-29
대전광역시 대덕구 중리동 396-29,55.42,벽돌구조,단독주택,(철근)콘크리트,1988-11-10
대전광역시 대덕구 중리동 396-3,58.85,벽돌구조,단독주택,(철근)콘크리트,1987-12-14
대전광역시 대덕구 중리동 396-30,55.79,벽돌구조,단독주택,(철근)콘크리트,1990-09-20
대전광역시 대덕구 중리동 396-31,60.0,벽돌구조,단독주택,(철근)콘크리트,1993-09-27
대전광역시 대덕구 중리동 396-4,239.68,철근콘크리트구조,공동주택,(철근)콘크리트,1993-06-11
대전광역시 대덕구 중리동 396-5,60.14,벽돌구조,단독주택,(철근)콘크리트,1993-09-27
대전광역시 대덕구 중리동 396-6,116.23,철근콘크리트구조,단독주택,(철근)콘크리트,2000-03-27
대전광역시 대덕구 중리동 396-7,87.24,벽돌구조,단독주택,(철근)콘크리트,1990-06-02
대전광역시 대덕구 중리동 396-8,109.15,벽돌구조,단독주택,(철근)콘크리트,1989-06-14
대전광역시 대덕구 중리동 396-9,70.56,벽돌구조,단독주택,(철근)콘크리트,1988-10-08
대전광역시 대덕구 중리동 397-1,79.48,철근콘크리트구조,제2종근린생활시설,(철근)콘크리트,1989-09-11
대전광역시 대덕구 중리동 397-10,118.44,경량철골구조,노유자시설,기타지붕,1993-03-23
대전광역시 대덕구 중리동 397-11,117.86,철근콘크리트구조,단독주택,(철근)콘크리트,2012-08-31
대전광역시 대덕구 중리동 397-12,56.04,벽돌구조,단독주택,(철근)콘크리트,1989-08-16
대전광역시 대덕구 중리동 397-14,223.85,철근콘크리트구조,종교시설,(철근)콘크리트,2005-07-06
대전광역시 대덕구 중리동 397-17,120.66,철근콘크리트구조,단독주택,(철근)콘크리트,2013-09-02
대전광역시 대덕구 중리동 397-18,119.18,벽돌구조,단독주택,(철근)콘크리트,1997-02-19
대전광역시 대덕구 중리동 397-19,52.76,벽돌구조,단독주택,(철근)콘크리트,1989-11-03
대전광역시 대덕구 중리동 397-2,119.69,철근콘크리트구조,단독주택,(철근)콘크리트,1991-12-04
대전광역시 대덕구 중리동 397-20,55.42,벽돌구조,단독주택,(철근)콘크리트,1988-09-29
대전광역시 대덕구 중리동 397-21,108.8,벽돌구조,단독주택,(철근)콘크리트,1989-09-07
대전광역시 대덕구 중리동 397-22,117.49,벽돌구조,단독주택,(철근)콘크리트,1985-11-19
대전광역시 대덕구 중리동 397-23,106.54,벽돌구조,단독주택,(철근)콘크리트,1992-06-08
대전광역시 대덕구 중리동 397-24,117.86,철근콘크리트구조,단독주택,(철근)콘크리트,2010-03-18
대전광역시 대덕구 중리동 397-25,73.44,경량철골구조,제2종근린생활시설,기타지붕,1992-12-31
대전광역시 대덕구 중리동 397-26,53.85,벽돌구조,단독주택,(철근)콘크리트,1989-08-07
대전광역시 대덕구 중리동 397-27,56.71,벽돌구조,단독주택,(철근)콘크리트,1989-09-28
대전광역시 대덕구 중리동 397-28,120.96,철근콘크리트구조,단독주택,(철근)콘크리트,2013-09-02
대전광역시 대덕구 중리동 397-3,204.04,벽돌구조,공동주택,(철근)콘크리트,1990-10-27
대전광역시 대덕구 중리동 397-30,55.42,벽돌구조,단독주택,(철근)콘크리트,1988-09-29
대전광역시 대덕구 중리동 397-31,53.85,벽돌구조,단독주택,(철근)콘크리트,1989-08-03
대전광역시 대덕구 중리동 397-32,56.04,벽돌구조,단독주택,(철근)콘크리트,1989-08-16
대전광역시 대덕구 중리동 397-33,56.71,벽돌구조,단독주택,(철근)콘크리트,1989-09-28
대전광역시 대덕구 중리동 397-34,57.46,벽돌구조,단독주택,(철근)콘크리트,1989-08-31
대전광역시 대덕구 중리동 397-35,52.76,벽돌구조,단독주택,(철근)콘크리트,1989-11-03
대전광역시 대덕구 중리동 397-36,59.01,벽돌구조,단독주택,(철근)콘크리트,1989-10-18
대전광역시 대덕구 중리동 397-38,60.27,벽돌구조,단독주택,(철근)콘크리트,1991-08-30
대전광역시 대덕구 중리동 397-4,204.4,벽돌구조,공동주택,(철근)콘크리트,1990-09-15
대전광역시 대덕구 중리동 397-5,59.01,벽돌구조,단독주택,(철근)콘크리트,1989-10-18
대전광역시 대덕구 중리동 397-6,57.46,벽돌구조,단독주택,(철근)콘크리트,1989-08-31
대전광역시 대덕구 중리동 397-7,113.32,철근콘크리트구조,단독주택,(철근)콘크리트,2002-11-19
대전광역시 대덕구 중리동 397-8,56.36,벽돌구조,단독주택,(철근)콘크리트,1991-08-24
대전광역시 대덕구 중리동 397-9,102.4,벽돌구조,단독주택,(철근)콘크리트,1993-07-22
대전광역시 대덕구 중리동 398-1,80.7,철근콘크리트구조,단독주택,(철근)콘크리트,1989-10-23
대전광역시 대덕구 중리동 398-10,55.95,벽돌구조,단독주택,(철근)콘크리트,1990-11-27
대전광역시 대덕구 중리동 398-11,56.42,벽돌구조,단독주택,(철근)콘크리트,1988-12-23
대전광역시 대덕구 중리동 398-12,98.02,벽돌구조,단독주택,(철근)콘크리트,1990-09-28
대전광역시 대덕구 중리동 398-13,108.33,철근콘크리트구조,단독주택,(철근)콘크리트,1997-09-10
대전광역시 대덕구 중리동 398-14,123.61,철근콘크리트구조,단독주택,기타지붕,1996-12-31
대전광역시 대덕구 중리동 398-15,119.72,철근콘크리트구조,단독주택,(철근)콘크리트,2002-10-21
대전광역시 대덕구 중리동 398-16,96.8,벽돌구조,단독주택,(철근)콘크리트,1990-08-20
대전광역시 대덕구 중리동 398-17,96.0,경량철골구조,제2종근린생활시설,기타지붕,2000-02-29
대전광역시 대덕구 중리동 398-19,204.4,벽돌구조,공동주택,(철근)콘크리트,1990-01-18
대전광역시 대덕구 중리동 398-2,118.44,철근콘크리트구조,단독주택,(철근)콘크리트,1992-01-27
대전광역시 대덕구 중리동 398-20,112.42,철근콘크리트구조,단독주택,(철근)콘크리트,2003-01-02
대전광역시 대덕구 중리동 398-21,123.12,철근콘크리트구조,단독주택,(철근)콘크리트,1998-06-22
대전광역시 대덕구 중리동 398-22,100.68,벽돌구조,단독주택,(철근)콘크리트,1990-06-02
대전광역시 대덕구 중리동 398-24,125.56,철근콘크리트구조,단독주택,(철근)콘크리트,2010-10-28
대전광역시 대덕구 중리동 398-25,108.36,벽돌구조,단독주택,(철근)콘크리트,1989-08-28
대전광역시 대덕구 중리동 398-26,111.99,벽돌구조,제2종근린생활시설,기타지붕,2004-09-15
대전광역시 대덕구 중리동 398-27,116.37,철근콘크리트구조,단독주택,(철근)콘크리트,1997-10-02
대전광역시 대덕구 중리동 398-28,56.42,벽돌구조,단독주택,(철근)콘크리트,1988-12-23
대전광역시 대덕구 중리동 398-29,59.62,벽돌구조,단독주택,(철근)콘크리트,1989-10-21
대전광역시 대덕구 중리동 398-30,55.95,벽돌구조,단독주택,(철근)콘크리트,1991-10-10
대전광역시 대덕구 중리동 398-5,238.96,철근콘크리트구조,종교시설,(철근)콘크리트,1994-05-09
대전광역시 대덕구 중리동 398-6,119.48,벽돌구조,단독주택,(철근)콘크리트,1996-08-09
대전광역시 대덕구 중리동 398-7,117.24,벽돌구조,단독주택,(철근)콘크리트,1997-08-13
대전광역시 대덕구 중리동 398-8,98.69,경량철골구조,창고시설,기타지붕,2010-06-30
대전광역시 대덕구 중리동 399-1,115.4,철근콘크리트구조,단독주택,(철근)콘크리트,2018-01-24
대전광역시 대덕구 중리동 399-10,110.22,벽돌구조,단독주택,기와,1994-06-03
대전광역시 대덕구 중리동 399-11,72.21,벽돌구조,단독주택,(철근)콘크리트,1989-08-07
대전광역시 대덕구 중리동 399-13,96.7,벽돌구조,단독주택,(철근)콘크리트,1991-05-06
대전광역시 대덕구 중리동 399-14,116.72,벽돌구조,단독주택,(철근)콘크리트,1996-08-31
대전광역시 대덕구 중리동 399-15,98.57,벽돌구조,단독주택,(철근)콘크리트,1994-08-18
대전광역시 대덕구 중리동 399-17,88.16,벽돌구조,단독주택,(철근)콘크리트,1990-04-06
대전광역시 대덕구 중리동 399-18,118.8,철근콘크리트구조,단독주택,(철근)콘크리트,2017-09-06
대전광역시 대덕구 중리동 399-19,163.8,철근콘크리트구조,단독주택,(철근)콘크리트,2002-07-08
대전광역시 대덕구 중리동 399-2,80.64,경량철골구조,단독주택,기타지붕,1992-10-27
대전광역시 대덕구 중리동 399-21,119.1,철근콘크리트구조,단독주택,(철근)콘크리트,2003-05-30
대전광역시 대덕구 중리동 399-23,59.5,철근콘크리트구조,단독주택,(철근)콘크리트,1999-11-30
대전광역시 대덕구 중리동 399-25,115.2,철근콘크리트구조,단독주택,(철근)콘크리트,2010-01-22
대전광역시 대덕구 중리동 399-26,121.27,철근콘크리트구조,단독주택,(철근)콘크리트,2016-12-21
대전광역시 대덕구 중리동 399-28,59.84,경량철골구조,제2종근린생활시설,기타지붕,2010-12-14
대전광역시 대덕구 중리동 399-29,57.07,철근콘크리트구조,제2종근린생활시설,(철근)콘크리트,2016-12-29
대전광역시 대덕구 중리동 399-3,117.82,철근콘크리트구조,단독주택,(철근)콘크리트,2003-08-09
대전광역시 대덕구 중리동 399-4,104.63999999999999,벽돌구조,단독주택,기타지붕,1996-10-29
대전광역시 대덕구 중리동 399-5,117.9,철근콘크리트구조,단독주택,(철근)콘크리트,2005-07-12
대전광역시 대덕구 중리동 399-6,106.8,벽돌구조,단독주택,(철근)콘크리트,1990-04-26
대전광역시 대덕구 중리동 399-7,119.42,철근콘크리트구조,단독주택,(철근)콘크리트,2010-08-19
대전광역시 대덕구 중리동 399-9,119.12,철근콘크리트구조,단독주택,(철근)콘크리트,2003-07-31
대전광역시 대덕구 중리동 400-1,330.06,철근콘크리트구조,공동주택,(철근)콘크리트,1997-02-27
대전광역시 대덕구 중리동 400-10,78.74,벽돌구조,단독주택,(철근)콘크리트,1995-07-24
대전광역시 대덕구 중리동 400-11,116.7,벽돌구조,단독주택,(철근)콘크리트,1993-01-26
대전광역시 대덕구 중리동 400-13,99.79,철근콘크리트구조,제2종근린생활시설,(철근)콘크리트,2019-11-06
대전광역시 대덕구 중리동 400-14,84.2,벽돌구조,단독주택,(철근)콘크리트,1988-07-28
대전광역시 대덕구 중리동 400-15,84.65,벽돌구조,단독주택,(철근)콘크리트,1989-10-07
대전광역시 대덕구 중리동 400-16,86.82,벽돌구조,단독주택,(철근)콘크리트,1988-05-25
대전광역시 대덕구 중리동 400-17,112.8,벽돌구조,단독주택,(철근)콘크리트,1990-12-29
대전광역시 대덕구 중리동 400-18,68.22,벽돌구조,단독주택,(철근)콘크리트,1988-07-20
대전광역시 대덕구 중리동 400-22,79.52,벽돌구조,단독주택,(철근)콘크리트,1989-09-04
대전광역시 대덕구 중리동 400-23,77.59,벽돌구조,단독주택,(철근)콘크리트,1989-06-09
대전광역시 대덕구 중리동 400-24,120.12,벽돌구조,단독주택,(철근)콘크리트,1995-11-07
대전광역시 대덕구 중리동 400-25,98.395,철근콘크리트구조,제2종근린생활시설,(철근)콘크리트,1991-04-24
대전광역시 대덕구 중리동 400-26,347.96,철근콘크리트구조,공동주택,(철근)콘크리트,1997-02-27
대전광역시 대덕구 중리동 400-3,119.2,철근콘크리트구조,단독주택,(철근)콘크리트,2002-03-19
대전광역시 대덕구 중리동 400-4,119.07,철근콘크리트구조,제2종근린생활시설,(철근)콘크리트,1992-11-10
대전광역시 대덕구 중리동 400-5,96.6,경량철골구조,제2종근린생활시설,기타지붕,2010-06-07
대전광역시 대덕구 중리동 400-6,99.75,경량철골구조,제2종근린생활시설,기타지붕,2019-05-03
대전광역시 대덕구 중리동 400-7,31.67,경량철골구조,자동차관련시설,기타지붕,1990-09-24
대전광역시 대덕구 중리동 400-8,120.28,철근콘크리트구조,제2종근린생활시설,(철근)콘크리트,2002-10-01
대전광역시 대덕구 중리동 400-9,164.03,철근콘크리트구조,제2종근린생활시설,(철근)콘크리트,1984-11-21
대전광역시 대덕구 중리동 401-1,138.995,벽돌구조,위락시설,(철근)콘크리트,1986-04-15
대전광역시 대덕구 중리동 401-11,144.15,철근콘크리트구조,제2종근린생활시설,(철근)콘크리트,2003-04-21
대전광역시 대덕구 중리동 401-12,157.08,철근콘크리트구조,숙박시설,(철근)콘크리트,1995-04-03
대전광역시 대덕구 중리동 401-13,156.2,철근콘크리트구조,숙박시설,(철근)콘크리트,1990-04-30
대전광역시 대덕구 중리동 401-14,150.96,철근콘크리트구조,숙박시설,(철근)콘크리트,1995-10-09
대전광역시 대덕구 중리동 401-15,144.0,철근콘크리트구조,숙박시설,(철근)콘크리트,1996-08-05
대전광역시 대덕구 중리동 401-17,160.07,철근콘크리트구조,제2종근린생활시설,(철근)콘크리트,1990-08-24
대전광역시 대덕구 중리동 401-18,137.24,철근콘크리트구조,숙박시설,(철근)콘크리트,1995-07-11
대전광역시 대덕구 중리동 401-2,175.95,철근콘크리트구조,숙박시설,(철근)콘크리트,1998-01-03
대전광역시 대덕구 중리동 401-22,164.02,철근콘크리트구조,숙박시설,(철근)콘크리트,1991-05-15
대전광역시 대덕구 중리동 401-24,163.28,철근콘크리트구조,숙박시설,(철근)콘크리트,1994-05-17
대전광역시 대덕구 중리동 401-25,142.0,철근콘크리트구조,숙박시설,(철근)콘크리트,1987-12-19
대전광역시 대덕구 중리동 401-29,162.16,철근콘크리트구조,숙박시설,기타지붕,1992-12-01
대전광역시 대덕구 중리동 401-31,163.02,철근콘크리트구조,숙박시설,(철근)콘크리트,1996-01-18
대전광역시 대덕구 중리동 401-32,163.65,철근콘크리트구조,숙박시설,(철근)콘크리트,1994-02-15
대전광역시 대덕구 중리동 401-33,164.37,철근콘크리트구조,숙박시설,(철근)콘크리트,2002-06-21
대전광역시 대덕구 중리동 401-5,93.77,경량철골구조,제2종근린생활시설,기타지붕,2012-12-04
대전광역시 대덕구 중리동 401-8,35.4,블록구조,단독주택,(철근)콘크리트,1987-08-06
대전광역시 대덕구 중리동 401-9,99.52,철근콘크리트구조,제2종근린생활시설,(철근)콘크리트,2022-04-25
대전광역시 대덕구 중리동 402-1,220.51,철근콘크리트구조,숙박시설,(철근)콘크리트,1992-06-17
대전광역시 대덕구 중리동 402-10,156.69,철근콘크리트구조,숙박시설,(철근)콘크리트,1991-06-10
대전광역시 대덕구 중리동 402-11,163.51,철근콘크리트구조,숙박시설,(철근)콘크리트,1998-05-12
대전광역시 대덕구 중리동 402-13,156.68,철근콘크리트구조,숙박시설,(철근)콘크리트,1994-09-16
대전광역시 대덕구 중리동 402-18,273.51,철근콘크리트구조,숙박시설,(철근)콘크리트,2002-11-11
대전광역시 대덕구 중리동 402-20,110.81,철근콘크리트구조,단독주택,(철근)콘크리트,2012-01-17
대전광역시 대덕구 중리동 402-21,238.86,철근콘크리트구조,숙박시설,(철근)콘크리트,2002-08-28
대전광역시 대덕구 중리동 402-22,141.72,철근콘크리트구조,제2종근린생활시설,(철근)콘크리트,1993-12-30
대전광역시 대덕구 중리동 402-25,146.96,철근콘크리트구조,숙박시설,(철근)콘크리트,1998-07-24
대전광역시 대덕구 중리동 402-26,111.0,철근콘크리트구조,제2종근린생활시설,(철근)콘크리트,1994-04-23
대전광역시 대덕구 중리동 402-3,191.675,철근콘크리트구조,숙박시설,(철근)콘크리트,1992-02-14
대전광역시 대덕구 중리동 402-4,530.32,철근콘크리트구조,숙박시설,(철근)콘크리트,1999-05-24
대전광역시 대덕구 중리동 402-7,236.7,철근콘크리트구조,숙박시설,(철근)콘크리트,1993-04-09
대전광역시 대덕구 중리동 402-8,303.02,철근콘크리트구조,숙박시설,(철근)콘크리트,1995-08-05
대전광역시 대덕구 중리동 403-1,304.53,철근콘크리트구조,종교시설,(철근)콘크리트,1993-12-29
대전광역시 대덕구 중리동 403-10,152.465,철근콘크리트구조,단독주택,(철근)콘크리트,1998-01-03
대전광역시 대덕구 중리동 403-11,152.6,철근콘크리트구조,단독주택,(철근)콘크리트,1996-07-24
대전광역시 대덕구 중리동 403-13,437.24,철근콘크리트구조,공동주택,(철근)콘크리트,1997-03-17
대전광역시 대덕구 중리동 403-14,402.76,철근콘크리트구조,공동주택,(철근)콘크리트,1996-11-22
대전광역시 대덕구 중리동 403-15,380.56,철근콘크리트구조,공동주택,(철근)콘크리트,1996-11-22
대전광역시 대덕구 중리동 403-3,383.28,철근콘크리트구조,공동주택,(철근)콘크리트,1996-11-22
대전광역시 대덕구 중리동 403-4,252.39,철근콘크리트구조,단독주택,(철근)콘크리트,2022-02-28
대전광역시 대덕구 중리동 403-6,284.2,철근콘크리트구조,단독주택,(철근)콘크리트,2010-06-30
대전광역시 대덕구 중리동 403-9,154.1,철근콘크리트구조,단독주택,(철근)콘크리트,2010-11-05
대전광역시 대덕구 중리동 404-1,235.18,철근콘크리트구조,단독주택,(철근)콘크리트,2021-05-13
대전광역시 대덕구 중리동 404-10,56.2,벽돌구조,단독주택,(철근)콘크리트,1989-09-23
대전광역시 대덕구 중리동 404-11,57.9,벽돌구조,단독주택,(철근)콘크리트,1990-05-24
대전광역시 대덕구 중리동 404-12,119.62,철근콘크리트구조,단독주택,(철근)콘크리트,1997-04-26
대전광역시 대덕구 중리동 404-13,116.7,철근콘크리트구조,단독주택,(철근)콘크리트,1997-10-28
대전광역시 대덕구 중리동 404-14,70.6175,벽돌구조,단독주택,(철근)콘크리트,1986-06-09
대전광역시 대덕구 중리동 404-15,97.92,경량철골구조,제2종근린생활시설,기타지붕,1992-07-30
대전광역시 대덕구 중리동 404-16,402.72,철근콘크리트구조,공동주택,(철근)콘크리트,1994-02-04
대전광역시 대덕구 중리동 404-17,96.22,벽돌구조,단독주택,(철근)콘크리트,1991-05-13
대전광역시 대덕구 중리동 404-2,313.52,철근콘크리트구조,공동주택,(철근)콘크리트,1997-02-10
대전광역시 대덕구 중리동 404-20,158.0,철근콘크리트구조,단독주택,(철근)콘크리트,1997-10-29
대전광역시 대덕구 중리동 404-21,56.2,벽돌구조,단독주택,(철근)콘크리트,1989-09-23
대전광역시 대덕구 중리동 404-22,57.9,벽돌구조,단독주택,(철근)콘크리트,1990-05-24
대전광역시 대덕구 중리동 404-24,57.88,벽돌구조,단독주택,기타지붕,1991-05-30
대전광역시 대덕구 중리동 404-25,264.64,철근콘크리트구조,공동주택,(철근)콘크리트,1997-02-13
대전광역시 대덕구 중리동 404-26,403.38,철근콘크리트구조,공동주택,(철근)콘크리트,1996-12-30
대전광역시 대덕구 중리동 404-27,403.38,철근콘크리트구조,공동주택,(철근)콘크리트,1996-12-30
대전광역시 대덕구 중리동 404-28,383.08,철근콘크리트구조,공동주택,(철근)콘크리트,1997-01-20
대전광역시 대덕구 중리동 404-3,119.14,철근콘크리트구조,단독주택,(철근)콘크리트,1999-05-20
대전광역시 대덕구 중리동 404-4,240.09,철근콘크리트구조,단독주택,(철근)콘크리트,2010-05-11
대전광역시 대덕구 중리동 404-5,115.76,철근콘크리트구조,단독주택,(철근)콘크리트,1998-04-10
대전광역시 대덕구 중리동 404-6,119.87,철근콘크리트구조,단독주택,기타지붕,1997-06-24
대전광역시 대덕구 중리동 404-8,117.33,벽돌구조,단독주택,(철근)콘크리트,1997-05-17
대전광역시 대덕구 중리동 405-1,181.94,철근콘크리트구조,제2종근린생활시설,(철근)콘크리트,1989-08-04
대전광역시 대덕구 중리동 405-10,120.42,철근콘크리트구조,단독주택,기타지붕,1997-10-22
대전광역시 대덕구 중리동 405-11,242.0,벽돌구조,공동주택,(철근)콘크리트,1992-06-24
대전광역시 대덕구 중리동 405-13,84.12,벽돌구조,단독주택,(철근)콘크리트,1989-08-24
대전광역시 대덕구 중리동 405-14,121.68,철근콘크리트구조,단독주택,(철근)콘크리트,2010-07-21
대전광역시 대덕구 중리동 405-15,91.18,벽돌구조,단독주택,(철근)콘크리트,1990-09-29
대전광역시 대덕구 중리동 405-16,83.11,벽돌구조,단독주택,(철근)콘크리트,1988-09-10
대전광역시 대덕구 중리동 405-17,74.88,벽돌구조,단독주택,(철근)콘크리트,1987-10-15
대전광역시 대덕구 중리동 405-2,121.58,철근콘크리트구조,단독주택,(철근)콘크리트,1997-10-02
대전광역시 대덕구 중리동 405-3,121.58,철근콘크리트구조,단독주택,(철근)콘크리트,1997-05-26
대전광역시 대덕구 중리동 405-4,109.73,벽돌구조,단독주택,(철근)콘크리트,1990-11-09
대전광역시 대덕구 중리동 405-5,118.9,철근콘크리트구조,단독주택,(철근)콘크리트,1997-01-30
대전광역시 대덕구 중리동 405-6,100.95,벽돌구조,단독주택,(철근)콘크리트,1989-04-25
대전광역시 대덕구 중리동 405-7,99.93,벽돌구조,단독주택,(철근)콘크리트,1989-09-22
대전광역시 대덕구 중리동 406-1,129.655,벽돌구조,단독주택,(철근)콘크리트,1991-06-22
대전광역시 대덕구 중리동 406-10,99.11,벽돌구조,단독주택,(철근)콘크리트,1989-05-26
대전광역시 대덕구 중리동 406-11,119.47,철근콘크리트구조,단독주택,(철근)콘크리트,2019-02-25
대전광역시 대덕구 중리동 406-12,113.66,벽돌구조,단독주택,(철근)콘크리트,2001-07-12
대전광역시 대덕구 중리동 406-13,114.2,벽돌구조,단독주택,(철근)콘크리트,1989-09-28
대전광역시 대덕구 중리동 406-15,96.91,벽돌구조,단독주택,(철근)콘크리트,1989-06-14
대전광역시 대덕구 중리동 406-16,85.163,벽돌구조,단독주택,(철근)콘크리트,1989-08-10
대전광역시 대덕구 중리동 406-17,69.39,벽돌구조,단독주택,(철근)콘크리트,1989-04-13
대전광역시 대덕구 중리동 406-18,68.9,벽돌구조,단독주택,(철근)콘크리트,1989-04-13
대전광역시 대덕구 중리동 406-19,119.85,철근콘크리트구조,단독주택,(철근)콘크리트,1998-08-12
대전광역시 대덕구 중리동 406-2,92.05,벽돌구조,단독주택,(철근)콘크리트,1990-09-26
대전광역시 대덕구 중리동 406-20,83.0,벽돌구조,단독주택,(철근)콘크리트,1988-11-19
대전광역시 대덕구 중리동 406-21,93.11,벽돌구조,단독주택,(철근)콘크리트,1988-07-08
대전광역시 대덕구 중리동 406-22,111.42,벽돌구조,단독주택,(철근)콘크리트,1989-10-31
대전광역시 대덕구 중리동 406-23,70.67,벽돌구조,단독주택,(철근)콘크리트,1989-05-22
대전광역시 대덕구 중리동 406-25,85.75,벽돌구조,단독주택,(철근)콘크리트,1991-01-15
대전광역시 대덕구 중리동 406-3,71.56,벽돌구조,단독주택,(철근)콘크리트,1989-07-24
대전광역시 대덕구 중리동 406-5,89.12,벽돌구조,단독주택,(철근)콘크리트,1984-12-24
대전광역시 대덕구 중리동 406-6,118.8,철근콘크리트구조,단독주택,(철근)콘크리트,2017-07-12
대전광역시 대덕구 중리동 406-7,77.58,벽돌구조,단독주택,(철근)콘크리트,1988-09-21
대전광역시 대덕구 중리동 406-8,194.67,벽돌구조,단독주택,(철근)콘크리트,1985-07-10
대전광역시 대덕구 중리동 407-1,146.68,철근콘크리트구조,단독주택,(철근)콘크리트,1997-03-22
대전광역시 대덕구 중리동 407-10,101.26,철근콘크리트구조,단독주택,(철근)콘크리트,2011-10-13
대전광역시 대덕구 중리동 407-13,118.94,철근콘크리트구조,단독주택,(철근)콘크리트,2015-11-18
대전광역시 대덕구 중리동 407-14,124.96,벽돌구조,단독주택,(철근)콘크리트,2001-08-04
대전광역시 대덕구 중리동 407-15,162.37,철근콘크리트구조,단독주택,(철근)콘크리트,2010-07-26
대전광역시 대덕구 중리동 407-16,131.301,벽돌구조,단독주택,(철근)콘크리트,1989-11-30
대전광역시 대덕구 중리동 407-17,117.0,벽돌구조,단독주택,(철근)콘크리트,1990-01-30
대전광역시 대덕구 중리동 407-18,88.6,벽돌구조,단독주택,(철근)콘크리트,1989-03-01
대전광역시 대덕구 중리동 407-19,75.575,벽돌구조,단독주택,(철근)콘크리트,1988-12-05
대전광역시 대덕구 중리동 407-2,125.36,철근콘크리트구조,단독주택,(철근)콘크리트,2002-08-13
대전광역시 대덕구 중리동 407-20,51.92,벽돌구조,단독주택,(철근)콘크리트,1989-12-14
대전광역시 대덕구 중리동 407-21,62.905,벽돌구조,단독주택,(철근)콘크리트,1989-02-04
대전광역시 대덕구 중리동 407-3,126.61,철근콘크리트구조,단독주택,(철근)콘크리트,2002-10-25
대전광역시 대덕구 중리동 407-4,121.31,철근콘크리트구조,단독주택,(철근)콘크리트,1996-01-17
대전광역시 대덕구 중리동 407-6,76.69,벽돌구조,단독주택,(철근)콘크리트,1987-08-06
대전광역시 대덕구 중리동 407-7,199.17,일반철골구조,제2종근린생활시설,기타지붕,2023-08-30
대전광역시 대덕구 중리동 407-9,156.61,철근콘크리트구조,제2종근린생활시설,(철근)콘크리트,2023-10-20
대전광역시 대덕구 중리동 408-1,99.84,경량철골구조,창고시설,기타지붕,2018-07-18
대전광역시 대덕구 중리동 408-10,84.24,벽돌구조,단독주택,(철근)콘크리트,1989-07-06
대전광역시 대덕구 중리동 408-11,102.61,벽돌구조,단독주택,(철근)콘크리트,1988-12-22
대전광역시 대덕구 중리동 408-12,125.61,벽돌구조,단독주택,(철근)콘크리트,1998-05-14
대전광역시 대덕구 중리동 408-13,104.41,벽돌구조,단독주택,(철근)콘크리트,1990-08-23
대전광역시 대덕구 중리동 408-14,117.9,벽돌구조,단독주택,(철근)콘크리트,1989-08-16
대전광역시 대덕구 중리동 408-16,113.98,벽돌구조,단독주택,(철근)콘크리트,1990-08-02
대전광역시 대덕구 중리동 408-17,120.35,벽돌구조,단독주택,(철근)콘크리트,1989-11-23
대전광역시 대덕구 중리동 408-18,117.98,벽돌구조,단독주택,(철근)콘크리트,1989-10-18
대전광역시 대덕구 중리동 408-19,104.4,철근콘크리트구조,단독주택,(철근)콘크리트,2018-08-23
대전광역시 대덕구 중리동 408-2,124.8,철근콘크리트구조,단독주택,(철근)콘크리트,2003-01-10
대전광역시 대덕구 중리동 408-20,101.01,철근콘크리트구조,제2종근린생활시설,(철근)콘크리트,2022-09-02
대전광역시 대덕구 중리동 408-21,125.7,철근콘크리트구조,단독주택,(철근)콘크리트,1998-01-23
대전광역시 대덕구 중리동 408-22,117.97,철근콘크리트구조,단독주택,(철근)콘크리트,2003-03-13
대전광역시 대덕구 중리동 408-23,104.07,철근콘크리트구조,제2종근린생활시설,(철근)콘크리트,2006-10-02
대전광역시 대덕구 중리동 408-24,124.848,철근콘크리트구조,제2종근린생활시설,(철근)콘크리트,1997-06-20
대전광역시 대덕구 중리동 408-28,121.6,철근콘크리트구조,제2종근린생활시설,(철근)콘크리트,2003-01-08
대전광역시 대덕구 중리동 408-29,125.93,철근콘크리트구조,단독주택,(철근)콘크리트,2002-09-10
대전광역시 대덕구 중리동 408-4,104.81,철근콘크리트구조,단독주택,(철근)콘크리트,2006-01-12
대전광역시 대덕구 중리동 408-5,104.72,철근콘크리트구조,단독주택,(철근)콘크리트,2011-01-11
대전광역시 대덕구 중리동 408-7,120.96,경량철골구조,제2종근린생활시설,기타지붕,1995-11-07
대전광역시 대덕구 중리동 408-9,106.08,벽돌구조,단독주택,(철근)콘크리트,1989-05-29
대전광역시 대덕구 중리동 409-1,3852.333,철근콘크리트구조,교육연구시설,(철근)콘크리트,2002-12-12
대전광역시 대덕구 중리동 409-4,529.0,철근콘크리트구조,제2종근린생활시설,(철근)콘크리트,2000-12-19
대전광역시 대덕구 중리동 410,233.81,철근콘크리트구조,숙박시설,(철근)콘크리트,1999-10-28
대전광역시 대덕구 중리동 410-1,364.23,철근콘크리트구조,숙박시설,(철근)콘크리트,2005-04-27
대전광역시 대덕구 중리동 410-2,594.42,철근콘크리트구조,제2종근린생활시설,(철근)콘크리트,1991-06-10
대전광역시 대덕구 중리동 410-4,303.72,철근콘크리트구조,위험물저장및처리시설,(철근)콘크리트,1995-02-15
대전광역시 대덕구 중리동 410-6,215.09,철근콘크리트구조,숙박시설,(철근)콘크리트,1999-11-23
대전광역시 대덕구 중리동 411-2,128.71,철근콘크리트구조,제2종근린생활시설,(철근)콘크리트,1985-09-28
대전광역시 대덕구 중리동 411-20,0.0,철근콘크리트구조,숙박시설,(철근)콘크리트,2006-11-08
대전광역시 대덕구 중리동 411-23,258.0,철근콘크리트구조,숙박시설,(철근)콘크리트,2003-06-24
대전광역시 대덕구 중리동 411-24,301.81,철근콘크리트구조,숙박시설,(철근)콘크리트,2004-11-15
대전광역시 대덕구 중리동 411-25,141.13,철근콘크리트구조,숙박시설,(철근)콘크리트,1988-10-29
대전광역시 대덕구 중리동 411-29,257.57,철근콘크리트구조,숙박시설,(철근)콘크리트,2001-12-20
대전광역시 대덕구 중리동 411-3,145.28,철근콘크리트구조,제2종근린생활시설,(철근)콘크리트,1999-12-29
대전광역시 대덕구 중리동 411-31,271.79,철근콘크리트구조,제2종근린생활시설,(철근)콘크리트,1993-12-08
대전광역시 대덕구 중리동 411-4,411.94,철근콘크리트구조,제2종근린생활시설,(철근)콘크리트,1990-12-15
대전광역시 대덕구 중리동 411-5,377.57,철근콘크리트구조,숙박시설,(철근)콘크리트,2003-08-25
대전광역시 대덕구 중리동 411-6,482.99,철근콘크리트구조,숙박시설,(철근)콘크리트,2002-05-15
대전광역시 대덕구 중리동 411-7,375.8,철근콘크리트구조,제2종근린생활시설,(철근)콘크리트,1989-10-23
대전광역시 대덕구 중리동 411-8,242.87,철근콘크리트구조,숙박시설,(철근)콘크리트,2006-12-26
대전광역시 대덕구 중리동 433,140.28,철근콘크리트구조,단독주택,(철근)콘크리트,1989-07-18
대전광역시 대덕구 중리동 434-1,108.894,철근콘크리트구조,단독주택,(철근)콘크리트,1989-02-28
대전광역시 대덕구 중리동 434-10,103.38,철근콘크리트구조,단독주택,(철근)콘크리트,1989-11-07
대전광역시 대덕구 중리동 434-11,102.27,벽돌구조,단독주택,(철근)콘크리트,1988-11-12
대전광역시 대덕구 중리동 434-12,100.31,벽돌구조,단독주택,(철근)콘크리트,1988-08-09
대전광역시 대덕구 중리동 434-13,96.9,철근콘크리트구조,단독주택,(철근)콘크리트,1989-07-04
대전광역시 대덕구 중리동 434-14,100.8,철근콘크리트구조,단독주택,(철근)콘크리트,1988-12-30
대전광역시 대덕구 중리동 434-2,108.03,벽돌구조,단독주택,(철근)콘크리트,1988-07-13
대전광역시 대덕구 중리동 434-3,86.3,벽돌구조,단독주택,(철근)콘크리트,1989-02-04
대전광역시 대덕구 중리동 434-4,72.47,벽돌구조,단독주택,(철근)콘크리트,1987-06-11
대전광역시 대덕구 중리동 434-5,82.28,벽돌구조,단독주택,(철근)콘크리트,1988-08-29
대전광역시 대덕구 중리동 434-6,83.14,벽돌구조,단독주택,(철근)콘크리트,1988-09-08
대전광역시 대덕구 중리동 434-7,66.34,벽돌구조,단독주택,(철근)콘크리트,1988-06-07
대전광역시 대덕구 중리동 434-8,107.05,벽돌구조,단독주택,(철근)콘크리트,1988-07-18
대전광역시 대덕구 중리동 434-9,108.68,벽돌구조,단독주택,(철근)콘크리트,1988-11-12
대전광역시 대덕구 중리동 435-2,80.49,벽돌구조,단독주택,(철근)콘크리트,1990-07-27
대전광역시 대덕구 중리동 435-3,68.06,벽돌구조,단독주택,(철근)콘크리트,1988-10-27
대전광역시 대덕구 중리동 435-4,98.67,벽돌구조,단독주택,(철근)콘크리트,1990-06-15
대전광역시 대덕구 중리동 435-5,101.33,철근콘크리트구조,단독주택,(철근)콘크리트,1989-06-09
대전광역시 대덕구 중리동 435-6,86.0525,벽돌구조,단독주택,(철근)콘크리트,1988-08-20
대전광역시 대덕구 중리동 435-7,104.9,벽돌구조,단독주택,(철근)콘크리트,1989-11-14
대전광역시 대덕구 중리동 436-1,86.72,벽돌구조,단독주택,(철근)콘크리트,1987-12-09
대전광역시 대덕구 중리동 436-2,106.56,벽돌구조,단독주택,(철근)콘크리트,1988-10-10
대전광역시 대덕구 중리동 436-3,95.936,벽돌구조,단독주택,(철근)콘크리트,1989-04-21
대전광역시 대덕구 중리동 436-4,97.74,벽돌구조,단독주택,(철근)콘크리트,1988-11-08
대전광역시 대덕구 중리동 436-5,128.19,벽돌구조,단독주택,(철근)콘크리트,1988-06-27
대전광역시 대덕구 중리동 436-6,106.78,벽돌구조,단독주택,(철근)콘크리트,1989-07-21
대전광역시 대덕구 중리동 437-1,155.65,철근콘크리트구조,단독주택,(철근)콘크리트,1990-11-23
대전광역시 대덕구 중리동 437-2,63.5,벽돌구조,단독주택,(철근)콘크리트,1989-06-03
대전광역시 대덕구 중리동 437-3,144.72,철근콘크리트구조,단독주택,기타지붕,1999-07-14
대전광역시 대덕구 중리동 437-4,106.0,벽돌구조,단독주택,(철근)콘크리트,1988-11-19
대전광역시 대덕구 중리동 437-5,82.71,블록구조,제2종근린생활시설,기타지붕,1990-12-15
대전광역시 대덕구 중리동 437-6,143.56,철근콘크리트구조,단독주택,(철근)콘크리트,1995-10-10
대전광역시 대덕구 중리동 437-7,129.8,철근콘크리트구조,단독주택,(철근)콘크리트,1989-08-22
대전광역시 대덕구 중리동 437-8,99.85,벽돌구조,단독주택,(철근)콘크리트,1990-08-09
대전광역시 대덕구 중리동 438-1,106.74,철근콘크리트구조,단독주택,기타지붕,1989-06-10
대전광역시 대덕구 중리동 438-10,102.42,벽돌구조,단독주택,(철근)콘크리트,1988-07-11
대전광역시 대덕구 중리동 438-11,109.2,철근콘크리트구조,단독주택,(철근)콘크리트,1989-04-17
대전광역시 대덕구 중리동 438-12,106.32,벽돌구조,단독주택,(철근)콘크리트,1988-06-07
대전광역시 대덕구 중리동 438-3,103.06,벽돌구조,단독주택,(철근)콘크리트,1988-08-01
대전광역시 대덕구 중리동 438-4,106.91,벽돌구조,단독주택,(철근)콘크리트,1990-04-11
대전광역시 대덕구 중리동 438-5,67.79,벽돌구조,단독주택,(철근)콘크리트,1988-05-06
대전광역시 대덕구 중리동 438-6,81.47,벽돌구조,단독주택,(철근)콘크리트,1988-05-30
대전광역시 대덕구 중리동 438-7,108.515,철근콘크리트구조,단독주택,(철근)콘크리트,1989-05-24
대전광역시 대덕구 중리동 438-8,119.94,철근콘크리트구조,단독주택,(철근)콘크리트,1989-12-29
대전광역시 대덕구 중리동 438-9,104.52,벽돌구조,단독주택,(철근)콘크리트,1988-09-08
대전광역시 대덕구 중리동 439-1,168.17,철근콘크리트구조,단독주택,(철근)콘크리트,1998-03-26
대전광역시 대덕구 중리동 439-2,163.48,철근콘크리트구조,단독주택,(철근)콘크리트,2018-04-16
대전광역시 대덕구 중리동 439-3,162.26,철근콘크리트구조,단독주택,(철근)콘크리트,1991-09-17
대전광역시 대덕구 중리동 439-4,143.83,철근콘크리트구조,단독주택,(철근)콘크리트,2005-05-02
대전광역시 대덕구 중리동 439-5,196.05,철근콘크리트구조,단독주택,(철근)콘크리트,1989-04-13
대전광역시 대덕구 중리동 440-1,93.38,벽돌구조,단독주택,(철근)콘크리트,1989-06-03
대전광역시 대덕구 중리동 440-10,112.52,벽돌구조,단독주택,(철근)콘크리트,1988-10-10
대전광역시 대덕구 중리동 440-11,87.81,벽돌구조,단독주택,(철근)콘크리트,1988-11-19
대전광역시 대덕구 중리동 440-12,77.06,벽돌구조,단독주택,(철근)콘크리트,1988-09-14
대전광역시 대덕구 중리동 440-2,109.35,벽돌구조,단독주택,(철근)콘크리트,1989-05-30
대전광역시 대덕구 중리동 440-3,77.13,벽돌구조,단독주택,(철근)콘크리트,1988-07-01
대전광역시 대덕구 중리동 440-4,84.8,벽돌구조,단독주택,(철근)콘크리트,1988-11-03
대전광역시 대덕구 중리동 440-5,118.03,벽돌구조,단독주택,(철근)콘크리트,1989-05-10
대전광역시 대덕구 중리동 440-6,68.69,벽돌구조,단독주택,(철근)콘크리트,1988-06-28
대전광역시 대덕구 중리동 440-7,82.69,철근콘크리트구조,단독주택,(철근)콘크리트,1990-07-07
대전광역시 대덕구 중리동 440-8,99.3,벽돌구조,단독주택,(철근)콘크리트,1989-05-29
대전광역시 대덕구 중리동 440-9,84.23,벽돌구조,단독주택,(철근)콘크리트,1988-07-13
대전광역시 대덕구 중리동 441-1,101.14,벽돌구조,단독주택,(철근)콘크리트,1988-08-06
대전광역시 대덕구 중리동 441-10,71.24,벽돌구조,단독주택,(철근)콘크리트,1988-12-14
대전광역시 대덕구 중리동 441-11,69.07,벽돌구조,단독주택,(철근)콘크리트,1988-08-23
대전광역시 대덕구 중리동 441-12,68.94,벽돌구조,단독주택,(철근)콘크리트,1988-11-19
대전광역시 대덕구 중리동 441-2,100.99,철근콘크리트구조,단독주택,(철근)콘크리트,1988-07-29
대전광역시 대덕구 중리동 441-3,108.4,철근콘크리트구조,단독주택,(철근)콘크리트,1988-11-15
대전광역시 대덕구 중리동 441-4,98.92,벽돌구조,단독주택,(철근)콘크리트,1988-08-09
대전광역시 대덕구 중리동 441-5,109.62,철근콘크리트구조,단독주택,(철근)콘크리트,1989-07-31
대전광역시 대덕구 중리동 441-6,109.1,철근콘크리트구조,단독주택,(철근)콘크리트,1989-11-02
대전광역시 대덕구 중리동 441-7,125.5,철근콘크리트구조,단독주택,(철근)콘크리트,1990-08-30
대전광역시 대덕구 중리동 441-8,98.15,벽돌구조,단독주택,(철근)콘크리트,1988-09-30
대전광역시 대덕구 중리동 441-9,91.25,벽돌구조,단독주택,(철근)콘크리트,1989-06-08
대전광역시 대덕구 중리동 442-1,116.79,벽돌구조,단독주택,(철근)콘크리트,1988-10-22
대전광역시 대덕구 중리동 442-10,119.78,철근콘크리트구조,단독주택,(철근)콘크리트,1990-11-07
대전광역시 대덕구 중리동 442-11,119.84,철근콘크리트구조,단독주택,(철근)콘크리트,1989-12-04
대전광역시 대덕구 중리동 442-12,122.96,벽돌구조,단독주택,(철근)콘크리트,1989-06-09
대전광역시 대덕구 중리동 442-13,67.665,벽돌구조,단독주택,(철근)콘크리트,1988-06-08
대전광역시 대덕구 중리동 442-14,101.64,벽돌구조,단독주택,(철근)콘크리트,1990-05-29
대전광역시 대덕구 중리동 442-15,95.12,벽돌구조,단독주택,(철근)콘크리트,1989-07-29
대전광역시 대덕구 중리동 442-16,97.07,벽돌구조,단독주택,(철근)콘크리트,1989-07-19
대전광역시 대덕구 중리동 442-17,72.36,벽돌구조,단독주택,(철근)콘크리트,1988-10-25
대전광역시 대덕구 중리동 442-18,68.91,벽돌구조,단독주택,(철근)콘크리트,1988-08-01
대전광역시 대덕구 중리동 442-19,84.76,벽돌구조,단독주택,(철근)콘크리트,1988-10-10
대전광역시 대덕구 중리동 442-2,125.22,철근콘크리트구조,단독주택,(철근)콘크리트,1989-05-15
대전광역시 대덕구 중리동 442-20,69.7,벽돌구조,단독주택,(철근)콘크리트,1988-10-10
대전광역시 대덕구 중리동 442-21,97.44,벽돌구조,단독주택,(철근)콘크리트,1989-07-12
대전광역시 대덕구 중리동 442-22,109.64,벽돌구조,단독주택,(철근)콘크리트,1989-11-07
대전광역시 대덕구 중리동 442-3,120.58,철근콘크리트구조,단독주택,(철근)콘크리트,1989-07-08
대전광역시 대덕구 중리동 442-4,115.56,철근콘크리트구조,단독주택,(철근)콘크리트,1989-06-01
대전광역시 대덕구 중리동 442-5,120.58,철근콘크리트구조,단독주택,(철근)콘크리트,1989-05-09
대전광역시 대덕구 중리동 442-6,121.54,벽돌구조,단독주택,(철근)콘크리트,1988-10-29
대전광역시 대덕구 중리동 442-7,121.3,벽돌구조,단독주택,(철근)콘크리트,1989-03-20
대전광역시 대덕구 중리동 442-8,113.53,벽돌구조,단독주택,(철근)콘크리트,1989-05-13
대전광역시 대덕구 중리동 442-9,119.0,벽돌구조,단독주택,(철근)콘크리트,1989-05-04
대전광역시 대덕구 중리동 443-1,76.125,벽돌구조,단독주택,(철근)콘크리트,1989-08-28
대전광역시 대덕구 중리동 443-10,74.62,벽돌구조,단독주택,(철근)콘크리트,1988-09-05
대전광역시 대덕구 중리동 443-11,66.24,벽돌구조,단독주택,(철근)콘크리트,1987-06-18
대전광역시 대덕구 중리동 443-12,98.47,벽돌구조,단독주택,(철근)콘크리트,1988-12-26
대전광역시 대덕구 중리동 443-13,66.57,벽돌구조,단독주택,(철근)콘크리트,1988-10-10
대전광역시 대덕구 중리동 443-14,87.42,벽돌구조,단독주택,(철근)콘크리트,1989-10-10
대전광역시 대덕구 중리동 443-15,66.2,벽돌구조,단독주택,(철근)콘크리트,1988-07-13
대전광역시 대덕구 중리동 443-16,92.96,벽돌구조,단독주택,(철근)콘크리트,1990-02-03
대전광역시 대덕구 중리동 443-17,99.21,벽돌구조,단독주택,(철근)콘크리트,1989-11-14
대전광역시 대덕구 중리동 443-18,100.5,벽돌구조,단독주택,(철근)콘크리트,1989-06-09
대전광역시 대덕구 중리동 443-19,66.51,벽돌구조,단독주택,(철근)콘크리트,1988-05-31
대전광역시 대덕구 중리동 443-2,124.56,철근콘크리트구조,단독주택,(철근)콘크리트,2002-11-27
대전광역시 대덕구 중리동 443-20,92.82,벽돌구조,단독주택,(철근)콘크리트,1989-06-16
대전광역시 대덕구 중리동 443-21,102.72,벽돌구조,단독주택,(철근)콘크리트,1989-06-03
대전광역시 대덕구 중리동 443-22,70.11,벽돌구조,단독주택,(철근)콘크리트,1988-10-10
대전광역시 대덕구 중리동 443-3,103.66,벽돌구조,단독주택,(철근)콘크리트,1989-07-15
대전광역시 대덕구 중리동 443-4,81.21,벽돌구조,단독주택,(철근)콘크리트,1989-05-22
대전광역시 대덕구 중리동 443-5,102.99,벽돌구조,단독주택,(철근)콘크리트,1988-11-29
대전광역시 대덕구 중리동 443-6,69.66,벽돌구조,단독주택,(철근)콘크리트,1988-11-09
대전광역시 대덕구 중리동 443-7,73.17,벽돌구조,단독주택,(철근)콘크리트,1988-11-12
대전광역시 대덕구 중리동 443-8,73.0,벽돌구조,단독주택,(철근)콘크리트,1988-08-12
대전광역시 대덕구 중리동 443-9,120.42,벽돌구조,단독주택,(철근)콘크리트,1995-11-21
대전광역시 대덕구 중리동 464-46,130.08,철근콘크리트구조,단독주택,(철근)콘크리트,1989-09-20
대전광역시 대덕구 중리동 490-2,135.44,철근콘크리트구조,단독주택,(철근)콘크리트,2002-02-26
대전광역시 대덕구 중리동 490-3,135.62,철근콘크리트구조,단독주택,(철근)콘크리트,2000-02-19
대전광역시 대덕구 중리동 490-4,133.15,철근콘크리트구조,단독주택,기타지붕,1999-11-30
대전광역시 대덕구 중리동 490-5,121.5,철근콘크리트구조,단독주택,(철근)콘크리트,2010-12-07
대전광역시 대덕구 중리동 490-6,120.61,철근콘크리트구조,단독주택,(철근)콘크리트,2002-02-22
대전광역시 대덕구 중리동 490-7,120.5,철근콘크리트구조,단독주택,(철근)콘크리트,2002-05-21
대전광역시 대덕구 중리동 490-8,131.92,철근콘크리트구조,단독주택,(철근)콘크리트,2001-07-14
대전광역시 대덕구 중리동 491-1,115.92,철근콘크리트구조,단독주택,(철근)콘크리트,2000-03-02
대전광역시 대덕구 중리동 491-2,120.97,철근콘크리트구조,단독주택,(철근)콘크리트,2002-01-14
대전광역시 대덕구 중리동 491-3,120.75,철근콘크리트구조,단독주택,(철근)콘크리트,2001-08-27
대전광역시 대덕구 중리동 491-4,116.92,철근콘크리트구조,단독주택,(철근)콘크리트,2002-06-17
대전광역시 대덕구 중리동 492-1,892.2,철근콘크리트구조,종교시설,기타지붕,2000-04-10
대전광역시 대덕구 중리동 493-1,115.36,철근콘크리트구조,단독주택,(철근)콘크리트,2002-04-27
대전광역시 대덕구 중리동 493-10,113.29,철근콘크리트구조,단독주택,(철근)콘크리트,2002-04-15
대전광역시 대덕구 중리동 493-11,112.1,철근콘크리트구조,단독주택,(철근)콘크리트,2002-08-06
대전광역시 대덕구 중리동 493-12,112.59,철근콘크리트구조,단독주택,(철근)콘크리트,2002-11-22
대전광역시 대덕구 중리동 493-13,113.42,철근콘크리트구조,단독주택,(철근)콘크리트,2002-09-18
대전광역시 대덕구 중리동 493-14,112.6,철근콘크리트구조,단독주택,(철근)콘크리트,2002-12-04
대전광역시 대덕구 중리동 493-2,115.0,철근콘크리트구조,단독주택,(철근)콘크리트,2003-04-09
대전광역시 대덕구 중리동 493-3,113.21,철근콘크리트구조,단독주택,(철근)콘크리트,2002-10-30
대전광역시 대덕구 중리동 493-4,113.16,철근콘크리트구조,단독주택,(철근)콘크리트,2002-10-24
대전광역시 대덕구 중리동 493-5,111.74,철근콘크리트구조,단독주택,(철근)콘크리트,2003-06-10
대전광역시 대덕구 중리동 493-6,109.03,철근콘크리트구조,단독주택,(철근)콘크리트,1999-11-16
대전광역시 대덕구 중리동 493-7,113.66,철근콘크리트구조,단독주택,(철근)콘크리트,2009-11-24
대전광역시 대덕구 중리동 493-8,115.61,철근콘크리트구조,단독주택,(철근)콘크리트,2000-04-27
대전광역시 대덕구 중리동 493-9,119.87,철근콘크리트구조,단독주택,(철근)콘크리트,1999-10-14
대전광역시 대덕구 중리동 494-1,118.39,철근콘크리트구조,단독주택,(철근)콘크리트,2002-07-26
대전광역시 대덕구 중리동 494-10,112.13,철근콘크리트구조,단독주택,(철근)콘크리트,2002-10-25
대전광역시 대덕구 중리동 494-11,118.06,철근콘크리트구조,단독주택,(철근)콘크리트,2011-06-28
대전광역시 대덕구 중리동 494-12,113.57,벽돌구조,단독주택,(철근)콘크리트,1999-10-28
대전광역시 대덕구 중리동 494-13,113.72,철근콘크리트구조,단독주택,(철근)콘크리트,2005-04-12
대전광역시 대덕구 중리동 494-14,109.94,철근콘크리트구조,단독주택,(철근)콘크리트,2002-11-04
대전광역시 대덕구 중리동 494-15,109.94,철근콘크리트구조,단독주택,(철근)콘크리트,2003-11-21
대전광역시 대덕구 중리동 494-16,109.935,철근콘크리트구조,단독주택,(철근)콘크리트,2002-05-04
대전광역시 대덕구 중리동 494-17,113.94,철근콘크리트구조,단독주택,(철근)콘크리트,2002-02-14
대전광역시 대덕구 중리동 494-18,111.06,철근콘크리트구조,단독주택,(철근)콘크리트,2000-07-18
대전광역시 대덕구 중리동 494-2,117.42,철근콘크리트구조,단독주택,(철근)콘크리트,2002-10-30
대전광역시 대덕구 중리동 494-3,112.97,철근콘크리트구조,단독주택,(철근)콘크리트,2001-12-06
대전광역시 대덕구 중리동 494-4,113.14,철근콘크리트구조,단독주택,기타지붕,2001-05-02
대전광역시 대덕구 중리동 494-5,113.65,철근콘크리트구조,단독주택,(철근)콘크리트,2002-12-09
대전광역시 대덕구 중리동 494-6,112.99,철근콘크리트구조,단독주택,(철근)콘크리트,2002-11-11
대전광역시 대덕구 중리동 494-7,113.61,철근콘크리트구조,단독주택,(철근)콘크리트,2003-01-03
대전광역시 대덕구 중리동 494-8,112.46,철근콘크리트구조,단독주택,(철근)콘크리트,2005-10-28
대전광역시 대덕구 중리동 494-9,113.61,철근콘크리트구조,단독주택,(철근)콘크리트,2002-09-10
대전광역시 대덕구 중리동 495-1,124.255,철근콘크리트구조,단독주택,(철근)콘크리트,2000-06-08
대전광역시 대덕구 중리동 495-2,119.08,철근콘크리트구조,단독주택,(철근)콘크리트,2002-06-04
대전광역시 대덕구 중리동 495-3,117.48,철근콘크리트구조,단독주택,(철근)콘크리트,2001-05-17
대전광역시 대덕구 중리동 495-4,123.54,철근콘크리트구조,단독주택,기와,1999-08-03
대전광역시 대덕구 중리동 495-5,124.98,철근콘크리트구조,단독주택,(철근)콘크리트,2002-11-14
대전광역시 대덕구 중리동 495-6,117.12,철근콘크리트구조,단독주택,(철근)콘크리트,2001-10-11
대전광역시 대덕구 중리동 495-8,124.47,철근콘크리트구조,단독주택,(철근)콘크리트,2002-07-05
대전광역시 대덕구 중리동 496-1,96.6,일반철골구조,단독주택,기타지붕,2001-08-16
대전광역시 대덕구 중리동 496-10,114.71,철근콘크리트구조,단독주택,(철근)콘크리트,1999-08-23
대전광역시 대덕구 중리동 496-2,111.27,철근콘크리트구조,단독주택,(철근)콘크리트,2001-09-05
대전광역시 대덕구 중리동 496-3,110.78,철근콘크리트구조,단독주택,(철근)콘크리트,2001-11-26
대전광역시 대덕구 중리동 496-4,110.48,철근콘크리트구조,단독주택,(철근)콘크리트,2001-05-10
대전광역시 대덕구 중리동 496-5,116.54,철근콘크리트구조,단독주택,(철근)콘크리트,2001-12-13
대전광역시 대덕구 중리동 496-6,115.35,철근콘크리트구조,단독주택,(철근)콘크리트,2004-05-13
대전광역시 대덕구 중리동 496-7,111.0,철근콘크리트구조,단독주택,(철근)콘크리트,2002-05-22
대전광역시 대덕구 중리동 496-8,110.45,철근콘크리트구조,단독주택,(철근)콘크리트,2002-08-28
대전광역시 대덕구 중리동 496-9,110.67,철근콘크리트구조,단독주택,(철근)콘크리트,2000-09-25
대전광역시 대덕구 중리동 497-1,120.63,철근콘크리트구조,단독주택,(철근)콘크리트,2003-01-27
대전광역시 대덕구 중리동 497-10,118.2,철근콘크리트구조,단독주택,(철근)콘크리트,2003-04-30
대전광역시 대덕구 중리동 497-2,116.28,철근콘크리트구조,단독주택,(철근)콘크리트,2004-12-17
대전광역시 대덕구 중리동 497-3,116.4,철근콘크리트구조,단독주택,(철근)콘크리트,2002-10-21
대전광역시 대덕구 중리동 497-4,108.82,철근콘크리트구조,단독주택,(철근)콘크리트,1999-11-04
대전광역시 대덕구 중리동 497-5,119.22,철근콘크리트구조,단독주택,(철근)콘크리트,2003-12-08
대전광역시 대덕구 중리동 497-6,118.85,철근콘크리트구조,단독주택,(철근)콘크리트,2000-12-05
대전광역시 대덕구 중리동 497-7,116.38,철근콘크리트구조,단독주택,(철근)콘크리트,2004-06-18
대전광역시 대덕구 중리동 497-8,116.8,철근콘크리트구조,단독주택,기타지붕,1999-08-27
대전광역시 대덕구 중리동 497-9,116.04,철근콘크리트구조,단독주택,(철근)콘크리트,2003-03-29
대전광역시 대덕구 중리동 499-1,111.51,철근콘크리트구조,단독주택,기타지붕,1999-09-09
대전광역시 대덕구 중리동 499-10,105.42,철근콘크리트구조,단독주택,(철근)콘크리트,2002-09-27
대전광역시 대덕구 중리동 499-11,104.82,철근콘크리트구조,단독주택,(철근)콘크리트,2002-11-27
대전광역시 대덕구 중리동 499-12,104.9,철근콘크리트구조,단독주택,(철근)콘크리트,2001-12-19
대전광역시 대덕구 중리동 499-13,105.84,철근콘크리트구조,단독주택,(철근)콘크리트,2002-11-19
대전광역시 대덕구 중리동 499-14,104.31,철근콘크리트구조,단독주택,기타지붕,2001-10-11
대전광역시 대덕구 중리동 499-2,113.57,철근콘크리트구조,단독주택,기타지붕,1999-02-26
대전광역시 대덕구 중리동 499-3,104.68,철근콘크리트구조,단독주택,(철근)콘크리트,
대전광역시 대덕구 중리동 499-4,209.61,일반철골구조,단독주택,기타지붕,2001-01-04
대전광역시 대덕구 중리동 499-6,105.56,철근콘크리트구조,단독주택,(철근)콘크리트,2001-11-24
대전광역시 대덕구 중리동 499-7,105.56,철근콘크리트구조,단독주택,(철근)콘크리트,2001-11-24
대전광역시 대덕구 중리동 499-8,113.46,철근콘크리트구조,단독주택,(철근)콘크리트,2002-07-09
대전광역시 대덕구 중리동 499-9,112.13,철근콘크리트구조,단독주택,(철근)콘크리트,2002-07-09
대전광역시 대덕구 중리동 500-1,118.76,철근콘크리트구조,단독주택,(철근)콘크리트,2002-11-14
대전광역시 대덕구 중리동 500-10,120.72,철근콘크리트구조,단독주택,(철근)콘크리트,2003-11-21
대전광역시 대덕구 중리동 500-11,121.89,철근콘크리트구조,단독주택,(철근)콘크리트,2001-12-26
대전광역시 대덕구 중리동 500-12,113.28,철근콘크리트구조,단독주택,(철근)콘크리트,2003-04-16
대전광역시 대덕구 중리동 500-2,124.75,철근콘크리트구조,단독주택,(철근)콘크리트,2002-02-27
대전광역시 대덕구 중리동 500-3,118.94,철근콘크리트구조,단독주택,(철근)콘크리트,2000-11-03
대전광역시 대덕구 중리동 500-4,122.82,철근콘크리트구조,단독주택,(철근)콘크리트,2002-05-08
대전광역시 대덕구 중리동 500-5,125.58,철근콘크리트구조,단독주택,기타지붕,1999-11-19
대전광역시 대덕구 중리동 500-6,123.75,철근콘크리트구조,단독주택,(철근)콘크리트,2001-10-12
대전광역시 대덕구 중리동 500-7,124.0,철근콘크리트구조,단독주택,(철근)콘크리트,2000-12-26
대전광역시 대덕구 중리동 500-8,125.5,철근콘크리트구조,단독주택,(철근)콘크리트,2002-11-19
대전광역시 대덕구 중리동 500-9,122.72,철근콘크리트구조,단독주택,(철근)콘크리트,2002-06-11
대전광역시 대덕구 중리동 501-1,121.51,철근콘크리트구조,단독주택,(철근)콘크리트,2000-09-29
대전광역시 대덕구 중리동 501-10,118.24,철근콘크리트구조,단독주택,(철근)콘크리트,2001-11-15
대전광역시 대덕구 중리동 501-11,119.78,철근콘크리트구조,단독주택,(철근)콘크리트,2002-03-14
대전광역시 대덕구 중리동 501-12,119.59,철근콘크리트구조,단독주택,(철근)콘크리트,2019-06-10
대전광역시 대덕구 중리동 501-2,128.1,철근콘크리트구조,단독주택,(철근)콘크리트,2003-02-10
대전광역시 대덕구 중리동 501-3,108.48,철근콘크리트구조,단독주택,(철근)콘크리트,2004-11-12
대전광역시 대덕구 중리동 501-4,117.18,철근콘크리트구조,단독주택,(철근)콘크리트,2002-04-09
대전광역시 대덕구 중리동 501-5,116.34,철근콘크리트구조,단독주택,(철근)콘크리트,2003-04-11
대전광역시 대덕구 중리동 501-6,115.56,철근콘크리트구조,단독주택,(철근)콘크리트,2000-07-25
대전광역시 대덕구 중리동 501-7,123.22,철근콘크리트구조,단독주택,(철근)콘크리트,2001-09-12
대전광역시 대덕구 중리동 501-8,123.28,철근콘크리트구조,단독주택,(철근)콘크리트,2000-03-08
대전광역시 대덕구 중리동 501-9,115.56,철근콘크리트구조,단독주택,(철근)콘크리트,2000-03-15
대전광역시 대덕구 중리동 502-1,326.1,철근콘크리트구조,제2종근린생활시설,(철근)콘크리트,2001-11-09
대전광역시 대덕구 중리동 502-2,312.93,철근콘크리트구조,제2종근린생활시설,(철근)콘크리트,2010-10-26
대전광역시 대덕구 중리동 502-3,309.7,철골철근콘크리트구조,제2종근린생활시설,(철근)콘크리트,2024-06-13
대전광역시 대덕구 중리동 503-2,203.6,철근콘크리트구조,제2종근린생활시설,(철근)콘크리트,2004-09-10
대전광역시 대덕구 중리동 503-3,343.17,철근콘크리트구조,제2종근린생활시설,(철근)콘크리트,2001-12-06
대전광역시 대덕구 중리동 504-3,278.88,철근콘크리트구조,제2종근린생활시설,(철근)콘크리트,2010-07-28
대전광역시 대덕구 중리동 504-4,309.25,철근콘크리트구조,제2종근린생활시설,(철근)콘크리트,2013-05-01
대전광역시 대덕구 중리동 505-2,230.75,철근콘크리트구조,제2종근린생활시설,(철근)콘크리트,1999-09-30
대전광역시 대덕구 중리동 505-3,202.6,철근콘크리트구조,제2종근린생활시설,(철근)콘크리트,2002-07-18
대전광역시 대덕구 중리동 515,247.16,철근콘크리트구조,공동주택,(철근)콘크리트,2022-10-07
대전광역시 대덕구 중리동 515-1,276.16,철근콘크리트구조,공동주택,(철근)콘크리트,2022-10-07
대전광역시 대덕구 중리동 56,78.31,벽돌구조,단독주택,슬레이트,1947
대전광역시 대덕구 중리동 59-1,13.22,블록구조,단독주택,슬레이트,1969
대전광역시 대덕구 중리동 70,53.88,벽돌구조,단독주택,슬레이트,1959
대전광역시 대덕구 중리동 71,76.26,벽돌구조,단독주택,기와,1970
대전광역시 대덕구 중리동 71-1,33.3,일반목구조,제2종근린생활시설,기와,1616
대전광역시 대덕구 중리동 71-10,29.22,일반목구조,단독주택,슬레이트,1830
대전광역시 대덕구 중리동 71-5,411.97,벽돌구조,단독주택,(철근)콘크리트,2000-06-21
대전광역시 대덕구 중리동 71-9,69.18,일반목구조,단독주택,슬레이트,1970
대전광역시 대덕구 중리동 98-1,131.92,철근콘크리트구조,단독주택,(철근)콘크리트,1993-11-04
대전광역시 대덕구 중리동 98-2,132.48,철근콘크리트구조,단독주택,(철근)콘크리트,1997-06-03
대전광역시 대덕구 중리동 98-3,131.99,철근콘크리트구조,단독주택,(철근)콘크리트,1997-01-20
대전광역시 대덕구 중리동 98-4,132.93,철근콘크리트구조,단독주택,(철근)콘크리트,1995-08-16
대전광역시 대덕구 중리동 98-5,129.38,철근콘크리트구조,단독주택,(철근)콘크리트,1994-07-04
대전광역시 대덕구 중리동 99-1,114.96,철근콘크리트구조,단독주택,(철근)콘크리트,1993-07-02
대전광역시 대덕구 중리동 99-2,117.25,벽돌구조,단독주택,(철근)콘크리트,1993-05-19
대전광역시 대덕구 중리동 99-3,118.02,벽돌구조,단독주택,(철근)콘크리트,1995-01-18
대전광역시 대덕구 중리동 99-4,116.68,벽돌구조,단독주택,(철근)콘크리트,1994-06-17
대전광역시 대덕구 중리동 99-5,119.11,철근콘크리트구조,단독주택,(철근)콘크리트,1994-10-11
대전광역시 대덕구 중리동 99-6,106.2,벽돌구조,단독주택,(철근)콘크리트,1993-10-06
대전광역시 대덕구 중리동 99-7,119.27,벽돌구조,단독주택,(철근)콘크리트,1992-12-30
대전광역시 대덕구 중리동 99-8,115.37,벽돌구조,단독주택,(철근)콘크리트,1994-07-22
대전광역시 대덕구 중리동 99-9,117.22,철근콘크리트구조,단독주택,(철근)콘크리트,1994-05-02
대전광역시 대덕구 평촌동 100,168233.587,일반철골구조,공장,기타지붕,2003-08-18
대전광역시 대덕구 평촌동 102,291.39,일반철골구조,공장,기타지붕,2005-09-22
대전광역시 대덕구 평촌동 102-10,911.6399999999999,일반철골구조,공장,기타지붕,2016-11-07
대전광역시 대덕구 평촌동 102-15,415.2,일반철골구조,공장,기타지붕,2004-12-21
대전광역시 대덕구 평촌동 102-6,871.21,일반철골구조,공장,기타지붕,1994-12-16
대전광역시 대덕구 평촌동 102-8,624.12,일반철골구조,공장,기타지붕,1985-11-16
대전광역시 대덕구 평촌동 103-1,1017.97,일반철골구조,공장,기타지붕,2023-05-15
대전광역시 대덕구 평촌동 104,1148.03,일반철골구조,공장,기타지붕,2005-01-03
대전광역시 대덕구 평촌동 105-1,583.23,경량철골구조,공장,슬레이트,1981-12-09
대전광역시 대덕구 평촌동 105-5,487.71,일반철골구조,공장,슬레이트,1996-04-09
대전광역시 대덕구 평촌동 106,555.086,경량철골구조,공장,기타지붕,1994-06-10
대전광역시 대덕구 평촌동 106-1,539.6600000000001,경량철골구조,공장,기타지붕,2001-04-02
대전광역시 대덕구 평촌동 107-2,73.52,경량철골구조,위험물저장및처리시설,기타지붕,2003-02-08
대전광역시 대덕구 평촌동 108-4,2198.48,일반철골구조,공장,기타지붕,2015-04-14
대전광역시 대덕구 평촌동 11-2,135.7,경량철골구조,창고시설,기타지붕,1996-11-05
대전광역시 대덕구 평촌동 112-1,5046.99,경량철골구조,공장,기타지붕,2000-08-25
대전광역시 대덕구 평촌동 112-9,37.01,벽돌구조,공장,(철근)콘크리트,1988-11-19
대전광역시 대덕구 평촌동 113-3,93.6,경량철골구조,공장,기타지붕,1993-06-05
대전광역시 대덕구 평촌동 121,3924.1900000000005,경량철골구조,공장,기타지붕,2006-12-14
대전광역시 대덕구 평촌동 123-1,887.89,경량철골구조,공장,기타지붕,
대전광역시 대덕구 평촌동 123-2,318.98,경량철골구조,공장,기타지붕,1993-04-30
대전광역시 대덕구 평촌동 123-3,264.81,일반철골구조,공장,기타지붕,1996-10-10
대전광역시 대덕구 평촌동 123-4,357.94,경량철골구조,공장,기타지붕,1991-10-28
대전광역시 대덕구 평촌동 123-5,268.43,경량철골구조,공장,기타지붕,1993-12-16
대전광역시 대덕구 평촌동 124-1,1500.3000000000002,벽돌구조,단독주택,(철근)콘크리트,2001-08-06
대전광역시 대덕구 평촌동 124-11,365.4,일반철골구조,제2종근린생활시설,기타지붕,2014-01-06
대전광역시 대덕구 평촌동 124-4,1163.33,일반철골구조,공장,기타지붕,2002-05-07
대전광역시 대덕구 평촌동 13-63,95.87,기타조적구조,단독주택,슬레이트,1963
대전광역시 대덕구 평촌동 133,1037.06,일반철골구조,공장,기타지붕,2012-09-24
대전광역시 대덕구 평촌동 133-1,583.48,일반철골구조,공장,기타지붕,2012-09-20
대전광역시 대덕구 평촌동 134-7,353.48,경량철골구조,공장,기타지붕,1994-10-31
대전광역시 대덕구 평촌동 137-2,98.22,벽돌구조,단독주택,(철근)콘크리트,1994-07-08
대전광역시 대덕구 평촌동 137-3,104.54,벽돌구조,단독주택,(철근)콘크리트,2001-07-28
대전광역시 대덕구 평촌동 138-10,57.85,벽돌구조,단독주택,기와,1975-12-23
대전광역시 대덕구 평촌동 138-11,95.94,철근콘크리트구조,단독주택,(철근)콘크리트,1994-10-08
대전광역시 대덕구 평촌동 138-12,57.84,벽돌구조,단독주택,기와,1975-12-31
대전광역시 대덕구 평촌동 138-13,57.86,벽돌구조,단독주택,기와,1975-12-31
대전광역시 대덕구 평촌동 138-15,57.84,벽돌구조,단독주택,기와,1975-12-31
대전광역시 대덕구 평촌동 138-17,57.86,벽돌구조,단독주택,기와,1975-12-23
대전광역시 대덕구 평촌동 138-18,57.86,벽돌구조,단독주택,기와,1975-12-23
대전광역시 대덕구 평촌동 138-20,101.92,벽돌구조,단독주택,기와,1975-12-31
대전광역시 대덕구 평촌동 138-21,55.5,벽돌구조,단독주택,기와,1975-12-23
대전광역시 대덕구 평촌동 138-24,57.79,벽돌구조,단독주택,기와,1975-12-13
대전광역시 대덕구 평촌동 138-27,71.5,벽돌구조,단독주택,기타지붕,1975-12-23
대전광역시 대덕구 평촌동 138-29,57.85,벽돌구조,단독주택,기와,1975-12-19
대전광역시 대덕구 평촌동 138-3,83.46,벽돌구조,단독주택,기와,1975-12-23
대전광역시 대덕구 평촌동 138-30,57.86,벽돌구조,단독주택,기와,1975-12-23
대전광역시 대덕구 평촌동 138-5,96.57,벽돌구조,단독주택,기와,1975-12-23
대전광역시 대덕구 평촌동 138-6,64.86,벽돌구조,단독주택,기와,1975-12-23
대전광역시 대덕구 평촌동 138-7,57.86,벽돌구조,단독주택,기와,1975-12-23
대전광역시 대덕구 평촌동 138-9,157.89,벽돌구조,단독주택,기와,1975-12-23
대전광역시 대덕구 평촌동 139-1,140.66,벽돌구조,단독주택,기타지붕,1947
대전광역시 대덕구 평촌동 139-2,303.225,일반철골구조,공장,기타지붕,2002-01-25
대전광역시 대덕구 평촌동 139-6,257.59,일반철골구조,공장,기타지붕,2008-05-14
대전광역시 대덕구 평촌동 139-8,120.49,기타조적구조,단독주택,기와,1978-01-13
대전광역시 대덕구 평촌동 14-8,1372.47,일반철골구조,공장,기타지붕,2020-11-17
대전광역시 대덕구 평촌동 140,493.97,일반철골구조,공장,기타지붕,1985-04-16
대전광역시 대덕구 평촌동 141,47.52,블록구조,제2종근린생활시설,슬레이트,1985-10-24
대전광역시 대덕구 평촌동 141-2,838.2,일반철골구조,공장,기타지붕,1996-03-12
대전광역시 대덕구 평촌동 141-3,357.07,일반철골구조,공장,기타지붕,1995-10-07
대전광역시 대덕구 평촌동 142-1,858.2,일반철골구조,공장,기타지붕,2024-03-22
대전광역시 대덕구 평촌동 143-1,206.08,경량철골구조,제2종근린생활시설,기타지붕,1997-05-21
대전광역시 대덕구 평촌동 144,198.0,경량철골구조,공장,기타지붕,1993-12-09
대전광역시 대덕구 평촌동 146-1,385.0,일반철골구조,공장,기타지붕,2001-04-28
대전광역시 대덕구 평촌동 146-6,447.5,경량철골구조,공장,기타지붕,1998-05-25
대전광역시 대덕구 평촌동 148-1,163.8,경량철골구조,공장,기타지붕,1992-06-30
대전광역시 대덕구 평촌동 149,342.0,일반철골구조,공장,기타지붕,2004-04-03
대전광역시 대덕구 평촌동 149-1,348.43,경량철골구조,공장,기타지붕,2004-04-03
대전광역시 대덕구 평촌동 150,492.0,경량철골구조,공장,기타지붕,2002-05-08
대전광역시 대덕구 평촌동 150-2,486.4,일반철골구조,공장,기타지붕,2003-07-04
대전광역시 대덕구 평촌동 150-7,497.5,일반철골구조,공장,기타지붕,2003-06-23
대전광역시 대덕구 평촌동 151-5,1060.7,일반철골구조,공장,기타지붕,2013-07-10
대전광역시 대덕구 평촌동 152,615.02,일반철골구조,공장,기타지붕,2017-04-20
대전광역시 대덕구 평촌동 153,232.1,일반철골구조,제2종근린생활시설,기타지붕,2006-10-26
대전광역시 대덕구 평촌동 154-13,357.3,일반철골구조,공장,기타지붕,2005-05-26
대전광역시 대덕구 평촌동 154-15,296.55,일반철골구조,공장,기타지붕,2006-12-06
대전광역시 대덕구 평촌동 154-18,518.34,철근콘크리트구조,공장,기타지붕,2000-05-31
대전광역시 대덕구 평촌동 154-2,1737.1499999999999,벽돌구조,단독주택,기타지붕,1998-06-03
대전광역시 대덕구 평촌동 154-24,811.9,일반철골구조,공장,기타지붕,2007-04-25
대전광역시 대덕구 평촌동 154-27,341.4,일반철골구조,공장,기타지붕,2014-12-05
대전광역시 대덕구 평촌동 154-3,491.77,일반철골구조,공장,기타지붕,2006-07-05
대전광역시 대덕구 평촌동 154-33,395.19,일반철골구조,공장,(철근)콘크리트,2010-06-21
대전광역시 대덕구 평촌동 154-6,214.74,일반철골구조,공장,기타지붕,1998-12-10
대전광역시 대덕구 평촌동 154-8,345.8,일반철골구조,공장,기타지붕,2005-07-26
대전광역시 대덕구 평촌동 155,414.71,벽돌구조,공장,기타지붕,1992-07-30
대전광역시 대덕구 평촌동 156-1,363.19,일반철골구조,공장,기타지붕,1996-07-24
대전광역시 대덕구 평촌동 156-2,94.52000000000001,블록구조,단독주택,기와,1975-08-20
대전광역시 대덕구 평촌동 158-1,49.58,기타조적구조,단독주택,슬레이트,1975
대전광역시 대덕구 평촌동 158-10,636.94,일반철골구조,공장,기타지붕,2014-11-27
대전광역시 대덕구 평촌동 158-2,145.69,벽돌구조,단독주택,슬레이트,1945
대전광역시 대덕구 평촌동 158-3,53.46,기타조적구조,단독주택,슬레이트,1977-07-29
대전광역시 대덕구 평촌동 158-8,72.74,벽돌구조,단독주택,기와,
대전광역시 대덕구 평촌동 158-9,355.18,일반철골구조,공장,기타지붕,2015-07-22
대전광역시 대덕구 평촌동 159-3,67.76,벽돌구조,단독주택,기와,1978-12-30
대전광역시 대덕구 평촌동 159-6,76.31,블록구조,단독주택,슬레이트,1983-10-07
대전광역시 대덕구 평촌동 160,56.2,벽돌구조,단독주택,기타지붕,1949
대전광역시 대덕구 평촌동 160-1,98.06,벽돌구조,단독주택,(철근)콘크리트,1997-01-10
대전광역시 대덕구 평촌동 161,142.92,벽돌구조,단독주택,기와,1960
대전광역시 대덕구 평촌동 162,198.31,일반철골구조,공장,기타지붕,2022-06-16
대전광역시 대덕구 평촌동 163-1,121.27000000000001,벽돌구조,단독주택,슬레이트,1978-12-30
대전광역시 대덕구 평촌동 163-10,67.78,벽돌구조,단독주택,기와,1978-12-30
대전광역시 대덕구 평촌동 163-11,135.56,벽돌구조,단독주택,기와,1978-12-30
대전광역시 대덕구 평촌동 163-12,90.75,벽돌구조,단독주택,기와,1978-12-30
대전광역시 대덕구 평촌동 163-13,67.76,벽돌구조,단독주택,기와,1978-12-30
대전광역시 대덕구 평촌동 163-14,67.77,벽돌구조,단독주택,기와,1978-12-30
대전광역시 대덕구 평촌동 163-15,67.77,벽돌구조,단독주택,기와,1978-12-30
대전광역시 대덕구 평촌동 163-16,61.82,벽돌구조,단독주택,기와,1978-12-30
대전광역시 대덕구 평촌동 163-17,61.81,벽돌구조,단독주택,기와,1978-12-30
대전광역시 대덕구 평촌동 163-18,61.82,벽돌구조,단독주택,기와,1978-12-30
대전광역시 대덕구 평촌동 163-19,61.82,벽돌구조,단독주택,기와,1978-12-30
대전광역시 대덕구 평촌동 163-2,61.82,벽돌구조,단독주택,기와,1978-12-30
대전광역시 대덕구 평촌동 163-20,67.76,벽돌구조,단독주택,기와,1978-12-30
대전광역시 대덕구 평촌동 163-21,0.0,벽돌구조,단독주택,슬레이트,1978-12-30
대전광역시 대덕구 평촌동 163-22,67.77,벽돌구조,단독주택,기와,1978-12-30
대전광역시 대덕구 평촌동 163-23,76.6,벽돌구조,단독주택,기와,1978-12-30
대전광역시 대덕구 평촌동 163-24,67.98,철근콘크리트구조,교육연구시설,(철근)콘크리트,2001-06-28
대전광역시 대덕구 평촌동 163-25,82.65,벽돌구조,단독주택,기와,1978-12-30
대전광역시 대덕구 평촌동 163-26,118.8,벽돌구조,단독주택,기와,1978-12-30
대전광역시 대덕구 평촌동 163-27,61.82,벽돌구조,단독주택,기와,1978-12-30
대전광역시 대덕구 평촌동 163-28,67.73,벽돌구조,단독주택,기와,1978-12-30
대전광역시 대덕구 평촌동 163-29,67.77,벽돌구조,단독주택,기와,1978-12-30
대전광역시 대덕구 평촌동 163-3,61.81,벽돌구조,단독주택,기와,1978-12-30
대전광역시 대덕구 평촌동 163-30,88.86,벽돌구조,단독주택,기와,1978-12-30
대전광역시 대덕구 평촌동 163-31,90.89,벽돌구조,제2종근린생활시설,기와,1978-12-30
대전광역시 대덕구 평촌동 163-32,67.77,벽돌구조,단독주택,기와,1978-12-30
대전광역시 대덕구 평촌동 163-33,61.81,벽돌구조,단독주택,기와,1978-12-30
대전광역시 대덕구 평촌동 163-34,61.82,벽돌구조,단독주택,기와,1978-12-30
대전광역시 대덕구 평촌동 163-35,67.78,벽돌구조,단독주택,기와,1978-12-30
대전광역시 대덕구 평촌동 163-36,61.71,벽돌구조,단독주택,기와,1978-12-30
대전광역시 대덕구 평촌동 163-41,67.77,벽돌구조,단독주택,기와,1978-12-30
대전광역시 대덕구 평촌동 163-42,67.77,벽돌구조,단독주택,기와,1978-12-30
대전광역시 대덕구 평촌동 163-44,77.68,벽돌구조,단독주택,기와,1978-12-30
대전광역시 대덕구 평촌동 163-5,61.82,벽돌구조,단독주택,기와,1978-12-30
대전광역시 대덕구 평촌동 163-6,61.71,벽돌구조,단독주택,기와,1978-12-30
대전광역시 대덕구 평촌동 163-7,67.77,벽돌구조,단독주택,기와,1978-12-30
대전광역시 대덕구 평촌동 163-8,67.76,벽돌구조,단독주택,기와,1978-12-30
대전광역시 대덕구 평촌동 163-9,67.77,벽돌구조,단독주택,기와,1978-12-30
대전광역시 대덕구 평촌동 164,128.93,일반목구조,단독주택,기타지붕,1952
대전광역시 대덕구 평촌동 165,79.34,일반목구조,단독주택,기와,1920
대전광역시 대덕구 평촌동 167,319.75,경량철골구조,공장,기타지붕,1993-06-28
대전광역시 대덕구 평촌동 169,313.3,일반철골구조,공장,기타지붕,2007-11-21
대전광역시 대덕구 평촌동 170,393.42,경량철골구조,공장,기타지붕,1996-04-19
대전광역시 대덕구 평촌동 170-1,373.88,일반철골구조,공장,기타지붕,1996-04-19
대전광역시 대덕구 평촌동 172-1,888.28,일반철골구조,공장,기타지붕,2022-08-01
대전광역시 대덕구 평촌동 173-1,334.95,일반철골구조,공장,기타지붕,2022-11-04
대전광역시 대덕구 평촌동 174,343.25,일반철골구조,공장,기타지붕,2023-09-08
대전광역시 대덕구 평촌동 175,394.2,일반철골구조,공장,기타지붕,2008-05-16
대전광역시 대덕구 평촌동 175-2,60.58,기타조적구조,단독주택,슬레이트,1977-12-27
대전광역시 대덕구 평촌동 177,313.83,일반철골구조,공장,슬레이트,1985-05-06
대전광역시 대덕구 평촌동 177-11,300.24,경량철골구조,공장,기타지붕,1992-03-20
대전광역시 대덕구 평촌동 177-18,181.12,경량철골구조,제2종근린생활시설,기타지붕,1978-12-30
대전광역시 대덕구 평촌동 177-19,67.76,벽돌구조,단독주택,기와,1978-12-30
대전광역시 대덕구 평촌동 177-5,61.71,벽돌구조,단독주택,슬레이트,1978-12-30
대전광역시 대덕구 평촌동 177-6,58.41,벽돌구조,단독주택,기와,1978-12-30
대전광역시 대덕구 평촌동 177-7,61.155,벽돌구조,단독주택,기와,1978-12-30
대전광역시 대덕구 평촌동 177-8,67.76,벽돌구조,단독주택,기와,1978-12-30
대전광역시 대덕구 평촌동 177-9,109.76,경량철골구조,제2종근린생활시설,기타지붕,2016-11-02
대전광역시 대덕구 평촌동 182,8857.33,벽돌구조,업무시설,(철근)콘크리트,1986-12-02
대전광역시 대덕구 평촌동 182-15,115.7,벽돌구조,단독주택,기와,1975-12-19
대전광역시 대덕구 평촌동 182-17,115.7,벽돌구조,단독주택,기와,1975-12-23
대전광역시 대덕구 평촌동 182-18,57.85,벽돌구조,단독주택,기와,1975-12-19
대전광역시 대덕구 평촌동 182-20,57.86,벽돌구조,단독주택,기와,1975-12-15
대전광역시 대덕구 평촌동 182-21,168.84,벽돌구조,단독주택,기와,1975-12-23
대전광역시 대덕구 평촌동 182-22,54.0,벽돌구조,단독주택,기와,1975-12-19
대전광역시 대덕구 평촌동 182-23,57.85,벽돌구조,단독주택,기와,1975-12-23
대전광역시 대덕구 평촌동 182-24,75.34,벽돌구조,단독주택,기와,1975-12-19
대전광역시 대덕구 평촌동 182-25,67.58,벽돌구조,공장,기와,1975-12-19
대전광역시 대덕구 평촌동 182-26,55.5,벽돌구조,단독주택,기와,1975-12-23
대전광역시 대덕구 평촌동 182-27,115.64,벽돌구조,단독주택,기와,1975-12-19
대전광역시 대덕구 평촌동 182-28,57.87,벽돌구조,단독주택,기와,1975-12-23
대전광역시 대덕구 평촌동 182-29,47.34,벽돌구조,제2종근린생활시설,기와,1976-05-25
대전광역시 대덕구 평촌동 182-30,141.82,벽돌구조,단독주택,기와,1976-05-25
대전광역시 대덕구 평촌동 182-33,189.08,벽돌구조,단독주택,기와,1976-05-25
대전광역시 대덕구 평촌동 182-34,141.81,벽돌구조,단독주택,기와,1976-05-25
대전광역시 대덕구 평촌동 182-36,73.79,벽돌구조,단독주택,기와,1975-12-23
대전광역시 대덕구 평촌동 182-38,57.86,벽돌구조,단독주택,기와,1975-12-15
대전광역시 대덕구 평촌동 182-40,57.85,벽돌구조,단독주택,기와,1975-12-19
대전광역시 대덕구 평촌동 182-41,57.84,벽돌구조,단독주택,기와,1975-12-19
대전광역시 대덕구 평촌동 182-42,57.85,벽돌구조,단독주택,기와,1975-12-19
대전광역시 대덕구 평촌동 182-43,73.55,벽돌구조,단독주택,기와,1975-12-23
대전광역시 대덕구 평촌동 182-46,101.29,벽돌구조,단독주택,기타지붕,1975-12-29
대전광역시 대덕구 평촌동 182-47,57.85,벽돌구조,단독주택,기와,1975-12-19
대전광역시 대덕구 평촌동 182-48,57.85,벽돌구조,단독주택,기와,1975-12-23
대전광역시 대덕구 평촌동 182-49,57.85,벽돌구조,단독주택,기와,1975-12-23
대전광역시 대덕구 평촌동 182-58,57.85,벽돌구조,단독주택,기와,1975-12-23
대전광역시 대덕구 평촌동 182-61,94.61000000000001,벽돌구조,단독주택,기와,1976-05-25
대전광역시 대덕구 평촌동 182-62,47.34,벽돌구조,단독주택,기와,1976-05-25
대전광역시 대덕구 평촌동 182-63,47.27,벽돌구조,단독주택,기와,1976-05-25
대전광역시 대덕구 평촌동 203-1,17838.59,철근콘크리트구조,공장,(철근)콘크리트,1972
대전광역시 대덕구 평촌동 203-3,4863.85,철근콘크리트구조,교육연구시설,(철근)콘크리트,2014-11-17
대전광역시 대덕구 평촌동 203-7,467.95,경량철골구조,창고시설,기타지붕,1993-11-17
대전광역시 대덕구 평촌동 22,102.48,일반목구조,단독주택,기타지붕,1990
대전광역시 대덕구 평촌동 225-13,145.28,벽돌구조,단독주택,기와,1994-11-30
대전광역시 대덕구 평촌동 225-14,92.14,벽돌구조,단독주택,기와,1977-12-27
대전광역시 대덕구 평촌동 225-15,62.64,벽돌구조,단독주택,기와,1977-12-27
대전광역시 대덕구 평촌동 225-16,62.64,벽돌구조,단독주택,기와,1977-12-27
대전광역시 대덕구 평촌동 225-17,62.63,벽돌구조,단독주택,기와,1977-12-27
대전광역시 대덕구 평촌동 225-18,62.64,벽돌구조,단독주택,기와,1977-12-27
대전광역시 대덕구 평촌동 225-19,93.59,철근콘크리트구조,단독주택,기와,2003-09-02
대전광역시 대덕구 평촌동 225-20,109.79,벽돌구조,단독주택,기와,1977-12-27
대전광역시 대덕구 평촌동 225-21,99.79,벽돌구조,단독주택,(철근)콘크리트,1999-07-15
대전광역시 대덕구 평촌동 225-22,175.05,철근콘크리트구조,단독주택,(철근)콘크리트,2000-12-08
대전광역시 대덕구 평촌동 225-23,62.63,벽돌구조,단독주택,기와,1977-12-27
대전광역시 대덕구 평촌동 225-24,62.64,벽돌구조,단독주택,기와,1977-12-27
대전광역시 대덕구 평촌동 225-25,72.42,벽돌구조,단독주택,기와,1977-12-27
대전광역시 대덕구 평촌동 225-26,62.64,벽돌구조,단독주택,기와,1977-12-27
대전광역시 대덕구 평촌동 225-27,85.75,벽돌구조,단독주택,기와,1977-12-27
대전광역시 대덕구 평촌동 225-28,106.13,벽돌구조,단독주택,기와,1977-12-27
대전광역시 대덕구 평촌동 225-30,301.54,철근콘크리트구조,노유자시설,(철근)콘크리트,2006-03-03
대전광역시 대덕구 평촌동 225-31,62.63,벽돌구조,단독주택,기와,
대전광역시 대덕구 평촌동 225-33,72.52,벽돌구조,단독주택,기와,1977-12-27
대전광역시 대덕구 평촌동 225-34,62.64,벽돌구조,단독주택,기와,1977-12-27
대전광역시 대덕구 평촌동 225-35,109.01,벽돌구조,단독주택,(철근)콘크리트,2002-05-28
대전광역시 대덕구 평촌동 225-36,73.97,벽돌구조,단독주택,기와,1977-12-27
대전광역시 대덕구 평촌동 225-39,62.64,벽돌구조,단독주택,기와,1977-12-27
대전광역시 대덕구 평촌동 225-40,62.64,벽돌구조,단독주택,기와,1977-12-27
대전광역시 대덕구 평촌동 225-41,98.62,벽돌구조,단독주택,기와,1992-07-20
대전광역시 대덕구 평촌동 225-42,71.53,벽돌구조,단독주택,(철근)콘크리트,1978-11-30
대전광역시 대덕구 평촌동 225-44,102.71,벽돌구조,단독주택,(철근)콘크리트,1993-11-02
대전광역시 대덕구 평촌동 225-45,95.94,벽돌구조,단독주택,(철근)콘크리트,1994-07-29
대전광역시 대덕구 평촌동 225-46,62.64,벽돌구조,단독주택,기와,1977-12-27
대전광역시 대덕구 평촌동 225-47,77.14,벽돌구조,단독주택,기와,1993-05-22
대전광역시 대덕구 평촌동 225-48,114.6,벽돌구조,단독주택,슬레이트,1999-06-07
대전광역시 대덕구 평촌동 225-49,62.64,벽돌구조,단독주택,기와,1977-12-27
대전광역시 대덕구 평촌동 225-50,112.56,철근콘크리트구조,단독주택,기와,1998-07-11
대전광역시 대덕구 평촌동 225-51,112.29,철근콘크리트구조,단독주택,(철근)콘크리트,1997-08-12
대전광역시 대덕구 평촌동 225-52,97.46,벽돌구조,단독주택,(철근)콘크리트,1996-11-23
대전광역시 대덕구 평촌동 225-53,113.2,벽돌구조,단독주택,기와,1996-06-24
대전광역시 대덕구 평촌동 225-54,62.64,벽돌구조,단독주택,기와,1977-12-27
대전광역시 대덕구 평촌동 225-55,76.36,벽돌구조,단독주택,기와,1977-12-27
대전광역시 대덕구 평촌동 225-56,62.63,벽돌구조,단독주택,기와,1977-12-27
대전광역시 대덕구 평촌동 225-57,77.06,철근콘크리트구조,단독주택,(철근)콘크리트,2000-09-22
대전광역시 대덕구 평촌동 225-58,62.63,벽돌구조,단독주택,기와,1977-12-27
대전광역시 대덕구 평촌동 225-59,62.64,벽돌구조,단독주택,기와,1977-12-27
대전광역시 대덕구 평촌동 225-60,62.64,벽돌구조,단독주택,기와,1977-12-27
대전광역시 대덕구 평촌동 225-61,78.5,벽돌구조,단독주택,기와,1977-12-27
대전광역시 대덕구 평촌동 225-62,92.82,벽돌구조,단독주택,(철근)콘크리트,1993-11-05
대전광역시 대덕구 평촌동 225-63,62.64,벽돌구조,단독주택,기와,1977-12-27
대전광역시 대덕구 평촌동 225-64,104.99,벽돌구조,단독주택,(철근)콘크리트,1994-06-14
대전광역시 대덕구 평촌동 225-65,62.64,벽돌구조,단독주택,기와,1977-12-27
대전광역시 대덕구 평촌동 225-66,62.64,벽돌구조,단독주택,기와,1977-12-27
대전광역시 대덕구 평촌동 225-67,62.64,벽돌구조,단독주택,기와,1977-12-07
대전광역시 대덕구 평촌동 225-68,123.34,벽돌구조,제2종근린생활시설,(철근)콘크리트,1987-06-15
대전광역시 대덕구 평촌동 225-69,62.63,벽돌구조,단독주택,기와,1977-12-27
대전광역시 대덕구 평촌동 225-70,106.72,벽돌구조,단독주택,(철근)콘크리트,1998-02-27
대전광역시 대덕구 평촌동 225-71,62.64,벽돌구조,단독주택,기와,1977-12-27
대전광역시 대덕구 평촌동 225-72,110.07,철근콘크리트구조,단독주택,(철근)콘크리트,2011-01-19
대전광역시 대덕구 평촌동 225-73,72.0,벽돌구조,단독주택,기와,1977-12-27
대전광역시 대덕구 평촌동 225-74,62.63,벽돌구조,단독주택,기와,1977-12-27
대전광역시 대덕구 평촌동 225-75,86.16,벽돌구조,단독주택,기와,1977-12-27
대전광역시 대덕구 평촌동 225-76,103.65,벽돌구조,단독주택,(철근)콘크리트,1997-03-04
대전광역시 대덕구 평촌동 225-77,109.65,철근콘크리트구조,단독주택,(철근)콘크리트,1998-09-04
대전광역시 대덕구 평촌동 225-78,107.22,철근콘크리트구조,단독주택,(철근)콘크리트,2000-06-30
대전광역시 대덕구 평촌동 225-79,62.64,벽돌구조,단독주택,기와,1977-12-27
대전광역시 대덕구 평촌동 225-80,109.4,벽돌구조,단독주택,기와,1977-12-27
대전광역시 대덕구 평촌동 225-81,78.52,벽돌구조,단독주택,(철근)콘크리트,1994-05-27
대전광역시 대덕구 평촌동 225-82,62.63,벽돌구조,단독주택,기와,1977-12-27
대전광역시 대덕구 평촌동 225-83,93.44,벽돌구조,단독주택,(철근)콘크리트,1994-02-24
대전광역시 대덕구 평촌동 225-84,109.3,벽돌구조,단독주택,(철근)콘크리트,1997-09-22
대전광역시 대덕구 평촌동 225-85,90.09,경량철골구조,단독주택,기타지붕,2004-01-13
대전광역시 대덕구 평촌동 225-86,136.13,벽돌구조,단독주택,(철근)콘크리트,1996-07-12
대전광역시 대덕구 평촌동 225-87,62.64,벽돌구조,단독주택,기와,1977-12-27
대전광역시 대덕구 평촌동 225-88,108.94,철근콘크리트구조,단독주택,(철근)콘크리트,1997-12-16
대전광역시 대덕구 평촌동 225-89,62.64,벽돌구조,단독주택,기와,1977-12-27
대전광역시 대덕구 평촌동 226-5,137.0,벽돌구조,위험물저장및처리시설,기타지붕,2002-07-30
대전광역시 대덕구 평촌동 226-7,81.4,철근콘크리트구조,위험물저장및처리시설,(철근)콘크리트,2003-11-25
대전광역시 대덕구 평촌동 226-9,91.27,철골구조,제2종근린생활시설,기타지붕,2022-01-04
대전광역시 대덕구 평촌동 24,498.36,철근콘크리트구조,창고시설,(철근)콘크리트,
대전광역시 대덕구 평촌동 266,6842.36,경량철골구조,공장,기타지붕,1991-03-20
대전광역시 대덕구 평촌동 270-2,1646.91,일반철골구조,공장,기타지붕,2019-11-07
대전광역시 대덕구 평촌동 272,2732.3,일반철골구조,공장,기타지붕,2016-04-22
대전광역시 대덕구 평촌동 273,765.22,일반철골구조,자동차관련시설,기타지붕,2016-12-07
대전광역시 대덕구 평촌동 274,1213.48,일반철골구조,공장,기타지붕,2002-12-09
대전광역시 대덕구 평촌동 274-1,452.7,일반철골구조,공장,슬레이트,1980-09-16
대전광역시 대덕구 평촌동 274-2,245.62,블록구조,공장,슬레이트,1995-06-15
대전광역시 대덕구 평촌동 285-4,58.72,경량철골구조,위험물저장및처리시설,기타지붕,2005-02-02
대전광역시 대덕구 평촌동 285-5,452.78999999999996,경량철골구조,공장,기타지붕,1999-11-19
대전광역시 대덕구 평촌동 286-2,1922.0600000000002,벽돌구조,공장,(철근)콘크리트,1995-07-10
대전광역시 대덕구 평촌동 287-6,409.8,일반철골구조,제2종근린생활시설,기타지붕,2017-06-09
대전광역시 대덕구 평촌동 29-1,68.27,벽돌구조,단독주택,기와,
대전광역시 대덕구 평촌동 294-1,856.96,경량철골구조,공장,기타지붕,1994-07-08
대전광역시 대덕구 평촌동 295-1,2065.73,철근콘크리트구조,공장,(철근)콘크리트,1992-09-03
대전광역시 대덕구 평촌동 296,1637.93,블록구조,공장,슬레이트,1987-05-19
대전광역시 대덕구 평촌동 296-11,291.63,경량철골구조,공장,기타지붕,1992-04-30
대전광역시 대덕구 평촌동 296-13,259.45,철근콘크리트구조,공장,기타지붕,1990-11-10
대전광역시 대덕구 평촌동 296-18,220.23,일반철골구조,공장,기타지붕,2011-11-17
대전광역시 대덕구 평촌동 296-19,73.47,벽돌구조,제2종근린생활시설,(철근)콘크리트,1985-09-11
대전광역시 대덕구 평촌동 296-2,431.14,일반철골구조,창고시설,(철근)콘크리트,2003-08-22
대전광역시 대덕구 평촌동 296-23,466.82,경량철골구조,공장,기타지붕,2001-09-21
대전광역시 대덕구 평촌동 296-26,616.26,일반철골구조,공장,기타지붕,2024-09-03
대전광역시 대덕구 평촌동 296-3,188.18,일반철골구조,공장,기타지붕,2011-11-17
대전광역시 대덕구 평촌동 296-5,399.32,경량철골구조,공장,기타지붕,2012-06-20
대전광역시 대덕구 평촌동 296-7,75.52,벽돌구조,제2종근린생활시설,(철근)콘크리트,1982-03-26
대전광역시 대덕구 평촌동 297-1,60.0,경량철골구조,제2종근린생활시설,기타지붕,2017-01-11
대전광역시 대덕구 평촌동 297-4,164.16,경량철골구조,창고시설,기타지붕,1998-03-17
대전광역시 대덕구 평촌동 297-5,33.06,벽돌구조,단독주택,슬레이트,1966
대전광역시 대덕구 평촌동 298,283.36,일반철골구조,공장,기타지붕,2014-10-20
대전광역시 대덕구 평촌동 299,425.15,일반철골구조,공장,기타지붕,2015-06-25
대전광역시 대덕구 평촌동 300,1891.53,일반철골구조,공장,기타지붕,1985-06-25
대전광역시 대덕구 평촌동 311,974.52,일반철골구조,공장,기타지붕,1994-05-13
대전광역시 대덕구 평촌동 312,903.01,일반철골구조,자동차관련시설,기타지붕,2005-10-28
대전광역시 대덕구 평촌동 319-1,543.64,철근콘크리트구조,공장,기타지붕,1993-09-01
대전광역시 대덕구 평촌동 37,40.33,벽돌구조,단독주택,기타지붕,1962
대전광역시 대덕구 평촌동 42-1,480.72,경량철골구조,공장,기타지붕,1992-03-12
대전광역시 대덕구 평촌동 42-5,229.15,경량철골구조,공장,기타지붕,1992-04-20
대전광역시 대덕구 평촌동 45-2,297.35,일반철골구조,공장,기타지붕,1990-06-15
대전광역시 대덕구 평촌동 48-2,663.0,경량철골구조,공장,기타지붕,1990-02-27
대전광역시 대덕구 평촌동 5-1,27.73,블록구조,단독주택,슬레이트,1975-05-20
대전광역시 대덕구 평촌동 50-2,1797.53,경량철골구조,공장,기타지붕,2016-08-12
대전광역시 대덕구 평촌동 515,406.7,철근콘크리트구조,운수시설,(철근)콘크리트,2005-09-08
대전광역시 대덕구 평촌동 534-1,606.46,철근콘크리트구조,공동주택,(철근)콘크리트,1993-05-24
대전광역시 대덕구 평촌동 534-10,186.42,철근콘크리트구조,제2종근린생활시설,(철근)콘크리트,1995-07-27
대전광역시 대덕구 평촌동 534-11,334.32,경량철골구조,창고시설,기타지붕,1994-12-30
대전광역시 대덕구 평촌동 534-13,295.62,일반철골구조,제2종근린생활시설,기타지붕,2008-01-31
대전광역시 대덕구 평촌동 534-16,495.6,철근콘크리트구조,공동주택,(철근)콘크리트,1993-05-24
대전광역시 대덕구 평촌동 534-17,495.6,철근콘크리트구조,공동주택,(철근)콘크리트,1993-05-24
대전광역시 대덕구 평촌동 534-18,465.0,철근콘크리트구조,공동주택,(철근)콘크리트,1993-06-07
대전광역시 대덕구 평촌동 534-19,155.4,철근콘크리트구조,공동주택,(철근)콘크리트,1993-06-07
대전광역시 대덕구 평촌동 534-21,195.57,철근콘크리트구조,제2종근린생활시설,(철근)콘크리트,1994-06-09
대전광역시 대덕구 평촌동 534-3,62.77,벽돌구조,단독주택,기와,1977-08-29
대전광역시 대덕구 평촌동 534-4,89.2,벽돌구조,단독주택,기와,1977-08-29
대전광역시 대덕구 평촌동 534-5,96.0,경량철골구조,창고시설,기타지붕,2002-10-09
대전광역시 대덕구 평촌동 534-7,890.7,철근콘크리트구조,공동주택,(철근)콘크리트,1990-01-03
대전광역시 대덕구 평촌동 534-8,97.66,벽돌구조,단독주택,(철근)콘크리트,1985-03-05
대전광역시 대덕구 평촌동 534-9,729.89,철근콘크리트구조,공동주택,(철근)콘크리트,1994-03-14
대전광역시 대덕구 평촌동 535-1,1876.0,철근콘크리트구조,공동주택,(철근)콘크리트,1985-11-16
대전광역시 대덕구 평촌동 535-10,313.5,철근콘크리트구조,제2종근린생활시설,(철근)콘크리트,1985-08-31
대전광역시 대덕구 평촌동 535-13,122.52,철근콘크리트구조,단독주택,(철근)콘크리트,1997-12-12
대전광역시 대덕구 평촌동 535-14,108.06,일반철골구조,노유자시설,기타지붕,2006-02-22
대전광역시 대덕구 평촌동 535-2,214.95,경량철골구조,창고시설,기타지붕,2002-09-27
대전광역시 대덕구 평촌동 535-4,1741.6799999999998,철근콘크리트구조,공동주택,(철근)콘크리트,1980-07-24
대전광역시 대덕구 평촌동 535-6,1196.32,철근콘크리트구조,공동주택,(철근)콘크리트,1994-09-09
대전광역시 대덕구 평촌동 535-7,137.71,벽돌구조,단독주택,(철근)콘크리트,1991-01-03
대전광역시 대덕구 평촌동 536-1,340.87,철근콘크리트구조,종교시설,(철근)콘크리트,2004-11-26
대전광역시 대덕구 평촌동 536-11,298.6,철근콘크리트구조,제2종근린생활시설,(철근)콘크리트,2014-09-04
대전광역시 대덕구 평촌동 536-2,555.84,일반철골구조,공장,기타지붕,1992-11-03
대전광역시 대덕구 평촌동 536-4,95.55,일반철골구조,제2종근린생활시설,기타지붕,2020-03-09
대전광역시 대덕구 평촌동 536-9,788.21,일반철골구조,창고시설,기타지붕,2021-06-17
대전광역시 대덕구 평촌동 537-1,139.2,벽돌구조,노유자시설,(철근)콘크리트,1994-10-07
대전광역시 대덕구 평촌동 537-2,317.4,철근콘크리트구조,공동주택,(철근)콘크리트,2000-01-26
대전광역시 대덕구 평촌동 537-3,434.16,철근콘크리트구조,공동주택,(철근)콘크리트,1999-07-08
대전광역시 대덕구 평촌동 537-4,364.2,철근콘크리트구조,공동주택,(철근)콘크리트,
대전광역시 대덕구 평촌동 537-5,48.46,일반철골구조,제2종근린생활시설,기타지붕,2015-08-19
대전광역시 대덕구 평촌동 538-1,334.31,벽돌구조,위험물저장및처리시설,(철근)콘크리트,1993-05-15
대전광역시 대덕구 평촌동 538-10,198.83,일반철골구조,창고시설,기타지붕,2019-09-04
대전광역시 대덕구 평촌동 538-4,433.63,철근콘크리트구조,공동주택,(철근)콘크리트,1999-01-15
대전광역시 대덕구 평촌동 538-5,83.08,일반철골구조,창고시설,기타지붕,2019-08-22
대전광역시 대덕구 평촌동 539-1,614.26,일반철골구조,창고시설,기타지붕,2009-07-10
대전광역시 대덕구 평촌동 539-3,599.4,일반철골구조,노유자시설,(철근)콘크리트,1996-11-28
대전광역시 대덕구 평촌동 539-4,455.7,철근콘크리트구조,공동주택,(철근)콘크리트,2004-08-17
대전광역시 대덕구 평촌동 539-5,195.97,일반철골구조,제2종근린생활시설,기타지붕,2024-04-09
대전광역시 대덕구 평촌동 539-7,214.26,철근콘크리트구조,제2종근린생활시설,(철근)콘크리트,1996-12-16
대전광역시 대덕구 평촌동 540-1,10174.0794,철근콘크리트구조,공동주택,(철근)콘크리트,2011-04-29
대전광역시 대덕구 평촌동 540-2,580.56,철근콘크리트구조,공동주택,(철근)콘크리트,1980-07-24
대전광역시 대덕구 평촌동 540-3,86.98,일반목구조,단독주택,기타지붕,2011-08-16
대전광역시 대덕구 평촌동 541-1,1400.52,철근콘크리트구조,공동주택,(철근)콘크리트,1989-12-23
대전광역시 대덕구 평촌동 541-13,119.7,철근콘크리트구조,단독주택,(철근)콘크리트,2018-08-31
대전광역시 대덕구 평촌동 541-15,117.66,철근콘크리트구조,단독주택,(철근)콘크리트,2004-03-30
대전광역시 대덕구 평촌동 541-19,80.95,벽돌구조,단독주택,(철근)콘크리트,1980-12-19
대전광역시 대덕구 평촌동 541-20,82.39,벽돌구조,단독주택,(철근)콘크리트,
대전광역시 대덕구 평촌동 541-22,152.32,벽돌구조,단독주택,(철근)콘크리트,1980-11-25
대전광역시 대덕구 평촌동 541-23,94.5,벽돌구조,단독주택,(철근)콘크리트,1980-12-05
대전광역시 대덕구 평촌동 541-24,81.78,벽돌구조,단독주택,(철근)콘크리트,1979-09-20
대전광역시 대덕구 평촌동 541-4,188.17,일반철골구조,제2종근린생활시설,(철근)콘크리트,2022-11-04
대전광역시 대덕구 평촌동 541-5,71.11,벽돌구조,단독주택,(철근)콘크리트,1980
대전광역시 대덕구 평촌동 541-6,63.26,벽돌구조,단독주택,기와,1980-12-10
대전광역시 대덕구 평촌동 541-7,69.39,벽돌구조,단독주택,(철근)콘크리트,1980-12-05
대전광역시 대덕구 평촌동 542-10,106.2,철근콘크리트구조,단독주택,(철근)콘크리트,1998-02-13
대전광역시 대덕구 평촌동 542-11,96.3,철근콘크리트구조,단독주택,(철근)콘크리트,1991-07-08
대전광역시 대덕구 평촌동 542-12,108.06,철근콘크리트구조,단독주택,(철근)콘크리트,2015-07-22
대전광역시 대덕구 평촌동 542-13,107.6,벽돌구조,단독주택,(철근)콘크리트,1991-06-14
대전광역시 대덕구 평촌동 542-15,69.3,경량철골구조,단독주택,기타지붕,2017-06-22
대전광역시 대덕구 평촌동 542-16,106.67,벽돌구조,단독주택,(철근)콘크리트,1995-01-25
대전광역시 대덕구 평촌동 542-2,208.3,철근콘크리트구조,단독주택,(철근)콘크리트,2011-08-30
대전광역시 대덕구 평촌동 542-20,103.29,일반철골구조,창고시설,기타지붕,2002-07-02
대전광역시 대덕구 평촌동 542-21,93.5,경량철골구조,제2종근린생활시설,기타지붕,2003-07-15
대전광역시 대덕구 평촌동 542-22,99.9,벽돌구조,제2종근린생활시설,(철근)콘크리트,1989-06-15
대전광역시 대덕구 평촌동 542-23,103.26,철근콘크리트구조,단독주택,(철근)콘크리트,2018-08-30
대전광역시 대덕구 평촌동 542-24,336.96,철근콘크리트구조,공동주택,(철근)콘크리트,2004-07-31
대전광역시 대덕구 평촌동 542-26,170.0,일반철골구조,창고시설,기타지붕,2015-06-03
대전광역시 대덕구 평촌동 542-27,119.56,철근콘크리트구조,단독주택,(철근)콘크리트,2004-03-06
대전광역시 대덕구 평촌동 542-30,98.74,벽돌구조,단독주택,(철근)콘크리트,1991-09-19
대전광역시 대덕구 평촌동 542-31,93.81,벽돌구조,단독주택,(철근)콘크리트,1991-08-10
대전광역시 대덕구 평촌동 542-34,99.0,경량철골구조,창고시설,기타지붕,2021-12-15
대전광역시 대덕구 평촌동 542-35,103.16,벽돌구조,단독주택,(철근)콘크리트,2002-10-04
대전광역시 대덕구 평촌동 542-36,84.9,경량철골구조,단독주택,기타지붕,2001-12-28
대전광역시 대덕구 평촌동 542-38,91.23,벽돌구조,제2종근린생활시설,기와,1977-08-29
대전광역시 대덕구 평촌동 542-39,84.23,벽돌구조,단독주택,기와,1977-08-29
대전광역시 대덕구 평촌동 542-40,117.24,벽돌구조,단독주택,기와,1977-08-29
대전광역시 대덕구 평촌동 542-43,211.95,철근콘크리트구조,위험물저장및처리시설,기타지붕,2006-08-16
대전광역시 대덕구 평촌동 542-45,99.57,벽돌구조,단독주택,(철근)콘크리트,1992-04-27
대전광역시 대덕구 평촌동 542-46,104.36,벽돌구조,단독주택,(철근)콘크리트,1996-06-05
대전광역시 대덕구 평촌동 542-5,105.45,철근콘크리트구조,단독주택,(철근)콘크리트,1995-07-22
대전광역시 대덕구 평촌동 542-7,107.57,일반철골구조,제2종근린생활시설,기타지붕,2002-07-02
대전광역시 대덕구 평촌동 542-8,225.54,경량철골구조,공장,기타지붕,2000-10-26
대전광역시 대덕구 평촌동 542-9,66.0,경량철골구조,제2종근린생활시설,기타지붕,2009-08-14
대전광역시 대덕구 평촌동 57-1,492.13,일반철골구조,공장,기타지붕,2022-01-18
대전광역시 대덕구 평촌동 58,581.31,일반철골구조,공장,기타지붕,2022-12-29
대전광역시 대덕구 평촌동 61,112.41,일반목구조,단독주택,기타지붕,1914
대전광역시 대덕구 평촌동 61-1,138.87,일반목구조,단독주택,기타지붕,1942
대전광역시 대덕구 평촌동 61-2,38.02,경량철골구조,공장,기타지붕,2024-09-25
대전광역시 대덕구 평촌동 62,244.62,일반목구조,단독주택,기와,1932
대전광역시 대덕구 평촌동 62-1,254.34,경량철골구조,공장,기타지붕,1992-06-09
대전광역시 대덕구 평촌동 64,183.8,일반목구조,단독주택,기와,1940
대전광역시 대덕구 평촌동 65,544.07,일반철골구조,공장,기타지붕,2003-07-25
대전광역시 대덕구 평촌동 65-3,1063.73,일반철골구조,공장,기타지붕,2016-11-08
대전광역시 대덕구 평촌동 67-1,985.0,경량철골구조,공장,기타지붕,2017-07-31
대전광역시 대덕구 평촌동 68,560.685,일반철골구조,공장,기타지붕,2017-02-13
대전광역시 대덕구 평촌동 69,0.0,일반목구조,단독주택,슬레이트,1894
대전광역시 대덕구 평촌동 7-1,19.83,벽돌구조,단독주택,기타지붕,1930
대전광역시 대덕구 평촌동 72-2,175.3,일반철골구조,공장,기타지붕,2002-06-19
대전광역시 대덕구 평촌동 72-3,176.575,일반철골구조,제2종근린생활시설,기타지붕,2022-08-08
대전광역시 대덕구 평촌동 72-9,108.58,일반철골구조,창고시설,기타지붕,2013-03-11
대전광역시 대덕구 평촌동 75-6,303.52,일반철골구조,공장,기타지붕,1987-08-25
대전광역시 대덕구 평촌동 76-2,314.16,블록구조,공장,슬레이트,1988-10-05
대전광역시 대덕구 평촌동 77,274.5,철근콘크리트구조,제2종근린생활시설,(철근)콘크리트,1987-11-16
대전광역시 대덕구 평촌동 81,5373.240000000001,벽돌구조,공장,(철근)콘크리트,1988-12-08
대전광역시 대덕구 평촌동 82,989.8599999999999,철근콘크리트구조,공장,(철근)콘크리트,1985-01-18
대전광역시 대덕구 평촌동 82-1,261.18,벽돌구조,단독주택,슬레이트,1962
대전광역시 대덕구 평촌동 82-2,228.1,기타조적구조,단독주택,슬레이트,1968
대전광역시 대덕구 평촌동 82-4,366.365,철근콘크리트구조,공장,기타지붕,1995-03-30
대전광역시 대덕구 평촌동 83-11,307.02,철근콘크리트구조,공장,(철근)콘크리트,1995-07-24
대전광역시 대덕구 평촌동 83-13,164.16,경량철골구조,공장,기타지붕,1993-05-27
대전광역시 대덕구 평촌동 83-19,201.36,일반철골구조,공장,슬레이트,1994-08-12
대전광역시 대덕구 평촌동 83-25,211.06,일반철골구조,제2종근린생활시설,기타지붕,2006-08-31
대전광역시 대덕구 평촌동 83-3,234.77,경량철골구조,공장,기타지붕,1994-04-25
대전광역시 대덕구 평촌동 85-1,106.24,벽돌구조,단독주택,(철근)콘크리트,1981-06-09
대전광역시 대덕구 평촌동 85-10,99.67,벽돌구조,단독주택,(철근)콘크리트,1980-08-26
대전광역시 대덕구 평촌동 85-11,217.6,철근콘크리트구조,공장,(철근)콘크리트,1989-03-08
대전광역시 대덕구 평촌동 85-2,621.6,경량철골구조,공장,기타지붕,1993-06-18
대전광역시 대덕구 평촌동 85-3,26.45,기타조적구조,단독주택,슬레이트,1963
대전광역시 대덕구 평촌동 85-4,59.5,기타조적구조,단독주택,슬레이트,1950
대전광역시 대덕구 평촌동 93-3,98.32,벽돌구조,단독주택,(철근)콘크리트,1980-12-18
